Workbook

Sheet 표지
A6: 2026년 3월 마감 손익
A24: 레미콘사업본부

Sheet 손익총괄
C3: □ 건재사업본부 손익실적(2026-03)
X4: [단위 : 천㎥, 톤, 원/㎥, 원/톤, 백만원]
C5: 구분 | E5: 3월 | J5: 3월누계 | P5: 3월 주요지표
E6: 계획 | F6: 실적 | G6: 계획대비 | H6: 전년 | I6: 전년대비 | J6: 계획 | K6: 실적 | L6: 계획대비 | M6: 전년 | N6: 전년대비
C7: 물량 | D7: 레미콘 | E7: =+'[1]3월'!$Z$7/1000 -> 258.5 | F7: =+'[2]3월'!$Z$7/1000 -> 238.277 | G7: =+F7-E7 -> -20.223 | H7: =+'[3]3월'!$Z$7/1000 -> 265.927 | I7: =+F7-H7 -> -27.65 | J7: =+'[1]3월누계'!$Z$7/1000 -> 624.4998 | K7: =+'[2]3월누계'!$Z$7/1000 -> 584.4065 | L7: =+K7-J7 -> -40.0933 | M7: =+'[3]3월누계'!$Z$7/1000 -> 654.5855 | N7: =+K7-M7 -> -70.179 | Q7: □ 레미콘
D8: 골재 | E8: =+'[1]3월'!$AE$7/1000 -> 67.358804 | F8: =+'[2]3월'!$AN$7/1000 -> 71.063 | G8: =+F8-E8 -> 3.7041961 | H8: =+'[3]3월'!$AN$7/1000 -> 61.211 | I8: =+F8-H8 -> 9.852 | J8: =+'[1]3월누계'!$AE$7/1000 -> 202.41263 | K8: =+'[2]3월누계'!$AN$7/1000 -> 177.23 | L8: =+K8-J8 -> -25.182631 | M8: =+'[3]3월누계'!$AN$7/1000 -> 167.4 | N8: =+K8-M8 -> 9.83 | Q8: 구분 | S8: 계획 | T8: 실적 | U8: 계획대비 | V8: 전년 | W8: 전년대비
C9: 매출 | D9: 레미콘 | E9: =+'[1]3월'!$Z$8/1000 -> 26431.599 | F9: =+'[2]3월'!$Z$8/1000 -> 24485.299 | G9: =+F9-E9 -> -1946.3006 | H9: =+'[3]3월'!$Z$8/1000 -> 25879.148 | I9: =+F9-H9 -> -1393.849 | J9: =+'[1]3월누계'!$Z$8/1000 -> 63302.778 | K9: =+'[2]3월누계'!$Z$8/1000 -> 61013 | L9: =+K9-J9 -> -2289.7786 | M9: =+'[3]3월누계'!$Z$8/1000 -> 64876.307 | N9: =+K9-M9 -> -3863.3076 | Q9: 물량 | R9: 수도권 | S9: =+[4]수도권!$T$5/1000 -> 102 | T9: =+[4]수도권!$U$5/1000 -> 99.251 | U9: =+T9-S9 -> -2.749 | V9: =+[5]수도권!$T$5/1000 -> 93.47 | W9: =+T9-V9 -> 5.781
D10: 골재 | E10: =+'[1]3월'!$AE$8/1000 -> 1207.5321 | F10: =+'[2]3월'!$AN$8/1000 -> 1365.4242 | G10: =+F10-E10 -> 157.89213 | H10: =+'[3]3월'!$AN$8/1000 -> 1283.417 | I10: =+F10-H10 -> 82.0072 | J10: =+'[1]3월누계'!$AE$8/1000 -> 3668.2883 | K10: =+'[2]3월누계'!$AN$8/1000 -> 3539.703 | L10: =+K10-J10 -> -128.58531 | M10: =+'[3]3월누계'!$AN$8/1000 -> 3577.7485 | N10: =+K10-M10 -> -38.0455 | R10: 영남권 | S10: =+[4]영남권!$T$5/1000 -> 110 | T10: =+[4]영남권!$U$5/1000 -> 90.495 | U10: =+T10-S10 -> -19.505 | V10: =+[5]영남권!$T$5/1000 -> 117.338 | W10: =+T10-V10 -> -26.843
D11: 기타 | E11: =+'[1]3월'!$E$8/1000-E9-E33-E10 -> 123.53333 | F11: =+('[2]3월'!$BJ$8+'[2]3월'!$BA$8+'[2]3월'!$AP$8+'[2]3월'!$AH$8)/1000 -> 241.14624 | G11: =+F11-E11 -> 117.61291 | H11: =+'[3]3월'!$F$8/1000-H9-H33-H10 -> 141.06233 | I11: =+F11-H11 -> 100.08391 | J11: =+'[1]3월누계'!$E$8/1000-J9-J33-J10 -> 365.9 | K11: =+('[2]3월누계'!$BJ$8+'[2]3월누계'!$BA$8+'[2]3월누계'!$AP$8+'[2]3월누계'!$AH$8)/1000 -> 350.47234 | L11: =+K11-J11 -> -15.427657 | M11: =+'[3]3월누계'!$F$8/1000-M9-M33-M10 -> 472.83429 | N11: =+K11-M11 -> -122.36195 | R11: 중부권 | S11: =+[4]중부권!$T$5/1000 -> 46.5 | T11: =+[4]중부권!$U$5/1000 -> 48.531 | U11: =+T11-S11 -> 2.031 | V11: =+[5]중부권!$T$5/1000 -> 55.119 | W11: =+T11-V11 -> -6.588
C12: 계 | E12: =SUM(E9:E11) -> 27762.665 | F12: =SUM(F9:F11) -> 26091.869 | G12: =+F12-E12 -> -1670.7955 | H12: =SUM(H9:H11) -> 27303.627 | I12: =+F12-H12 -> -1211.7579 | J12: =SUM(J9:J11) -> 67336.967 | K12: =SUM(K9:K11) -> 64903.175 | L12: =+K12-J12 -> -2433.7916 | M12: =SUM(M9:M11) -> 68926.89 | N12: =+K12-M12 -> -4023.7151 | Q12: 계 | S12: =SUM(S9:S11) -> 258.5 | T12: =SUM(T9:T11) -> 238.277 | U12: =+T12-S12 -> -20.223 | V12: =SUM(V9:V11) -> 265.927 | W12: =+T12-V12 -> -27.65
C13: 매출원가 | D13: 레미콘 | E13: =+('[1]3월'!$Z$10+'[1]3월'!$Z$19)/1000 -> 23656.081 | F13: =+('[2]3월'!$Z$10+'[2]3월'!$Z$19)/1000 -> 22378.737 | G13: =+F13-E13 -> -1277.3442 | H13: =+('[3]3월'!$Z$10+'[3]3월'!$Z$19)/1000 -> 23517.883 | I13: =+F13-H13 -> -1139.1462 | J13: =+('[1]3월누계'!$Z$10+'[1]3월누계'!$Z$19)/1000 -> 59117.457 | K13: =+('[2]3월누계'!$Z$10+'[2]3월누계'!$Z$19)/1000 -> 57534.951 | L13: =+K13-J13 -> -1582.5065 | M13: =+('[3]3월누계'!$Z$10+'[3]3월누계'!$Z$19)/1000 -> 60218.076 | N13: =+K13-M13 -> -2683.1251 | Q13: 판매단가 | R13: 수도권 | S13: =+[4]수도권!$T$61 -> 100185.22 | T13: =+[4]수도권!$U$61 -> 98854.894 | U13: =+T13-S13 -> -1330.3213 | V13: =+[5]수도권!$Q$85 -> 93007.036 | W13: =+T13-V13 -> 5847.8584
D14: 골재 | E14: =+('[1]3월'!$AE$10+'[1]3월'!$AE$19)/1000 -> 1207.5407 | F14: =+('[2]3월'!$AN$10+'[2]3월'!$AN$19)/1000 -> 1411.2819 | G14: =+F14-E14 -> 203.74126 | H14: =+('[3]3월'!$AN$10+'[3]3월'!$AN$19)/1000 -> 1364.7504 | I14: =+F14-H14 -> 46.531485 | J14: =+('[1]3월누계'!$AE$10+'[1]3월누계'!$AE$19)/1000 -> 3770.6353 | K14: =+('[2]3월누계'!$AN$10+'[2]3월누계'!$AN$19)/1000 -> 3815.9293 | L14: =+K14-J14 -> 45.294007 | M14: =+('[3]3월누계'!$AN$10+'[3]3월누계'!$AN$19)/1000 -> 3941.0665 | N14: =+K14-M14 -> -125.13719 | R14: 영남권 | S14: =+[4]영남권!$T$61 -> 103621.41 | T14: =+[4]영남권!$U$61 -> 106535.28 | U14: =+T14-S14 -> 2913.8689 | V14: =+[5]영남권!$Q$85 -> 98256.721 | W14: =+T14-V14 -> 8278.5574
D15: 기타 | E15: =+('[1]3월'!$AL$10+'[1]3월'!$AL$19+'[1]3월'!$AV$10+'[1]3월'!$AV$19)/1000 -> -312.16936 | F15: =+('[2]3월'!$AH$10+'[2]3월'!$AH$19+'[2]3월'!$AP$10+'[2]3월'!$AP$19+'[2]3월'!$BA$10+'[2]3월'!$BA$19+'[2]3월'!$BJ$10+'[2]3월'!$BJ$19)/1000 -> -127.2281 | G15: =+F15-E15 -> 184.94126 | H15: =+('[3]3월'!$F$10+'[3]3월'!$F$19)/1000-H13-H14-('[3]3월'!$AO$10+'[3]3월'!$AO$19)/1000 -> 22.176476 | I15: =+F15-H15 -> -149.40457 | J15: =+('[1]3월누계'!$AL$10+'[1]3월누계'!$AL$19+'[1]3월누계'!$AV$10+'[1]3월누계'!$AV$19)/1000 -> -273.59543 | K15: =+('[2]3월누계'!$AH$10+'[2]3월누계'!$AH$19+'[2]3월누계'!$AP$10+'[2]3월누계'!$AP$19+'[2]3월누계'!$BA$10+'[2]3월누계'!$BA$19+'[2]3월누계'!$BJ$10+'[2]3월누계'!$BJ$19)/1000 -> -449.81201 | L15: =+K15-J15 -> -176.21658 | M15: =+('[3]3월누계'!$F$10+'[3]3월누계'!$F$19)/1000-M13-M14-('[3]3월누계'!$AO$10+'[3]3월누계'!$AO$19)/1000 -> 381.60009 | N15: =+K15-M15 -> -831.4121 | R15: 중부권 | S15: =+[4]중부권!$T$61 -> 103534.46 | T15: =+[4]중부권!$U$61 -> 103857.2 | U15: =+T15-S15 -> 322.74865 | V15: =+[5]중부권!$Q$85 -> 102574.02 | W15: =+T15-V15 -> 1283.188
C16: 계 | E16: =SUM(E13:E15) -> 24551.453 | F16: =SUM(F13:F15) -> 23662.791 | G16: =+F16-E16 -> -888.66167 | H16: =SUM(H13:H15) -> 24904.81 | I16: =+F16-H16 -> -1242.0193 | J16: =SUM(J13:J15) -> 62614.497 | K16: =SUM(K13:K15) -> 60901.068 | L16: =+K16-J16 -> -1713.4291 | M16: =SUM(M13:M15) -> 64540.742 | N16: =+K16-M16 -> -3639.6744 | Q16: 계 | S16: =+[4]합계!$T$61 -> 102249.9 | T16: =+[4]합계!$U$61 -> 102799.58 | U16: =+T16-S16 -> 549.68371 | V16: =+[5]합계!$Q$85 -> 97314.829 | W16: =+T16-V16 -> 5484.755
C17: 매출이익 | D17: 레미콘 | E17: =+E9-E13 -> 2775.5179 | F17: =+F9-F13 -> 2106.5616 | G17: =+F17-E17 -> -668.95638 | H17: =+H9-H13 -> 2361.2644 | I17: =+F17-H17 -> -254.70283 | J17: =+J9-J13 -> 4185.3212 | K17: =+K9-K13 -> 3478.0491 | L17: =+K17-J17 -> -707.27206 | M17: =+M9-M13 -> 4658.2316 | N17: =+K17-M17 -> -1180.1825 | Q17: 공헌이익 | R17: 수도권 | S17: =+[4]수도권!$Q$90 -> 17861.214 | T17: =+[4]수도권!$R$90 -> 14219.627 | U17: =+T17-S17 -> -3641.5868 | V17: =+[5]수도권!$Q$90 -> 12300.18 | W17: =+T17-V17 -> 1919.4467
D18: 골재 | E18: =+E10-E14 -> -0.0085986706 | F18: =+F10-F14 -> -45.857726 | G18: =+F18-E18 -> -45.849127 | H18: =+H10-H14 -> -81.333441 | I18: =+F18-H18 -> 35.475715 | J18: =+J10-J14 -> -102.34698 | K18: =+K10-K14 -> -276.2263 | L18: =+K18-J18 -> -173.87932 | M18: =+M10-M14 -> -363.31799 | N18: =+K18-M18 -> 87.091689 | R18: 영남권 | S18: =+[4]영남권!$Q$90 -> 23276.341 | T18: =+[4]영남권!$R$90 -> 22651.543 | U18: =+T18-S18 -> -624.79827 | V18: =+[5]영남권!$Q$90 -> 20424.307 | W18: =+T18-V18 -> 2227.2359
D19: 기타 | E19: =+E11-E15 -> 435.70269 | F19: =+F11-F15 -> 368.37433 | G19: =+F19-E19 -> -67.328358 | H19: =+H11-H15 -> 118.88585 | I19: =+F19-H19 -> 249.48848 | J19: =+J11-J15 -> 639.49543 | K19: =+K11-K15 -> 800.28436 | L19: =+K19-J19 -> 160.78892 | M19: =+M11-M15 -> 91.234206 | N19: =+K19-M19 -> 709.05015 | R19: 중부권 | S19: =+[4]중부권!$Q$90 -> 23262.909 | T19: =+[4]중부권!$R$90 -> 22157.104 | U19: =+T19-S19 -> -1105.8048 | V19: =+[5]중부권!$Q$90 -> 21953.416 | W19: =+T19-V19 -> 203.68836
C20: 계 | E20: =SUM(E17:E19) -> 3211.212 | F20: =SUM(F17:F19) -> 2429.0782 | G20: =+F20-E20 -> -782.13386 | H20: =SUM(H17:H19) -> 2398.8168 | I20: =+F20-H20 -> 30.261368 | J20: =SUM(J17:J19) -> 4722.4696 | K20: =SUM(K17:K19) -> 4002.1072 | L20: =+K20-J20 -> -720.36245 | M20: =SUM(M17:M19) -> 4386.1478 | N20: =+K20-M20 -> -384.04064 | Q20: 계 | S20: =+[4]합계!$Q$90 -> 21137.202 | T20: =+[4]합계!$R$90 -> 19049.613 | U20: =+T20-S20 -> -2087.5886 | V20: =+[5]합계!$Q$90 -> 17907.066 | W20: =+T20-V20 -> 1142.5467
C21: 판관비 | D21: 레미콘 | E21: =+('[1]3월'!$Z$13+'[1]3월'!$Z$20+'[1]3월'!$Z$22)/1000 -> 1997.8487 | F21: =+('[2]3월'!$Z$13+'[2]3월'!$Z$20+'[2]3월'!$Z$22)/1000 -> 1986.669 | G21: =+F21-E21 -> -11.179674 | H21: =+('[3]3월'!$Z$13+'[3]3월'!$Z$20+'[3]3월'!$Z$22)/1000 -> 2007.1221 | I21: =+F21-H21 -> -20.453143 | J21: =+('[1]3월누계'!$Z$13+'[1]3월누계'!$Z$20+'[1]3월누계'!$Z$22)/1000 -> 6445.8994 | K21: =+('[2]3월누계'!$Z$13+'[2]3월누계'!$Z$20+'[2]3월누계'!$Z$22)/1000 -> 6705.0814 | L21: =+K21-J21 -> 259.18202 | M21: =+('[3]3월누계'!$Z$13+'[3]3월누계'!$Z$20+'[3]3월누계'!$Z$22)/1000 -> 6253.0665 | N21: =+K21-M21 -> 452.01485 | Q21: □ 골재
D22: 골재 | E22: =+('[1]3월'!$AE$13+'[1]3월'!$AE$20+'[1]3월'!$AE$22)/1000 -> 49.430094 | F22: =+('[2]3월'!$AN$13+'[2]3월'!$AN$20+'[2]3월'!$AN$22)/1000 -> 48.928915 | G22: =+F22-E22 -> -0.50117863 | H22: =+('[3]3월'!$AN$13+'[3]3월'!$AN$20+'[3]3월'!$AN$22)/1000 -> 45.48203 | I22: =+F22-H22 -> 3.4468856 | J22: =+('[1]3월누계'!$AE$13+'[1]3월누계'!$AE$20+'[1]3월누계'!$AE$22)/1000 -> 152.90765 | K22: =+('[2]3월누계'!$AN$13+'[2]3월누계'!$AN$20+'[2]3월누계'!$AN$22)/1000 -> 155.83804 | L22: =+K22-J22 -> 2.9303862 | M22: =+('[3]3월누계'!$AN$13+'[3]3월누계'!$AN$20+'[3]3월누계'!$AN$22)/1000 -> 141.72707 | N22: =+K22-M22 -> 14.110965 | Q22: 구분 | S22: 계획 | T22: 실적 | U22: 계획대비 | V22: 전년 | W22: 전년대비
D23: 기타 | E23: =+('[1]3월'!$AL$13+'[1]3월'!$AV$13+'[1]3월'!$AL$20+'[1]3월'!$AV$20+'[1]3월'!$AL$22+'[1]3월'!$AV$22)/1000 -> 38.376884 | F23: =+('[2]3월'!$F$13+'[2]3월'!$F$20+'[2]3월'!$F$22)/1000-F21-F22-('[2]3월'!$AO$13+'[2]3월'!$AO$20+'[2]3월'!$AO$22)/1000 -> -168.39279 | G23: =+F23-E23 -> -206.76968 | H23: =+('[3]3월'!$F$13+'[3]3월'!$F$20+'[3]3월'!$F$22)/1000-H21-H22-('[3]3월'!$AO$13+'[3]3월'!$AO$20+'[3]3월'!$AO$22)/1000 -> 537.35408 | I23: =+F23-H23 -> -705.74687 | J23: =+('[1]3월누계'!$AL$13+'[1]3월누계'!$AV$13+'[1]3월누계'!$AL$20+'[1]3월누계'!$AV$20+'[1]3월누계'!$AL$22+'[1]3월누계'!$AV$22)/1000 -> 157.147 | K23: =+('[2]3월누계'!$F$13+'[2]3월누계'!$F$20+'[2]3월누계'!$F$22)/1000-K21-K22-('[2]3월누계'!$AO$13+'[2]3월누계'!$AO$20+'[2]3월누계'!$AO$22)/1000 -> -48.200134 | L23: =+K23-J23 -> -205.34714 | M23: =+('[3]3월누계'!$F$13+'[3]3월누계'!$F$20+'[3]3월누계'!$F$22)/1000-M21-M22-('[3]3월누계'!$AO$13+'[3]3월누계'!$AO$20+'[3]3월누계'!$AO$22)/1000 -> 1094.3863 | N23: =+K23-M23 -> -1142.5864 | Q23: 판매량 | R23: 자가 | S23: =+[6]원가손익!$W$10+[7]원가손익!$U$27+[8]손익!$F$10 -> 42198.804 | T23: =+[6]원가손익!$X$10+[7]원가손익!$V$27+[8]손익!$G$10 -> 51616 | U23: =+T23-S23 -> 9417.1961 | V23: =+[9]원가손익!$X$10+[10]원가손익!$V$27+[11]손익!$Y$25 -> 31410 | W23: =+T23-V23 -> 20206
C24: 계 | E24: =SUM(E21:E23) -> 2085.6556 | F24: =SUM(F21:F23) -> 1867.2051 | G24: =+F24-E24 -> -218.45053 | H24: =SUM(H21:H23) -> 2589.9582 | I24: =+F24-H24 -> -722.75313 | J24: =SUM(J21:J23) -> 6755.954 | K24: =SUM(K21:K23) -> 6812.7193 | L24: =+K24-J24 -> 56.765274 | M24: =SUM(M21:M23) -> 7489.1799 | N24: =+K24-M24 -> -676.4606 | R24: 외판 | S24: =+[6]원가손익!$W$14+[7]원가손익!$U$29+[8]손익!$F$12 -> 25160 | T24: =+[6]원가손익!$X$14+[7]원가손익!$V$29+[8]손익!$G$12 -> 19447 | U24: =+T24-S24 -> -5713 | V24: =+[9]원가손익!$X$14+[10]원가손익!$V$29+[11]손익!$Y$27 -> 26527 | W24: =+T24-V24 -> -7080
C25: 영업이익 | D25: 레미콘 | E25: =+E17-E21 -> 777.66927 | F25: =+F17-F21 -> 119.89257 | G25: =+F25-E25 -> -657.7767 | H25: =+H17-H21 -> 354.14225 | I25: =+F25-H25 -> -234.24969 | J25: =+J17-J21 -> -2260.5782 | K25: =+K17-K21 -> -3227.0323 | L25: =+K25-J25 -> -966.45408 | M25: =+M17-M21 -> -1594.8349 | N25: =+K25-M25 -> -1632.1973 | Q25: 합 계 | S25: =SUM(S23:S24) -> 67358.804 | T25: =SUM(T23:T24) -> 71063 | U25: =+T25-S25 -> 3704.1961 | V25: =SUM(V23:V24) -> 57937 | W25: =+T25-V25 -> 13126
D26: % | E26: =+E25/E9 -> 0.029421953 | F26: =+F25/F9 -> 0.0048965124 | G26: =+F26-E26 -> -0.024525441 | H26: =+H25/H9 -> 0.013684464 | I26: =+F26-H26 -> -0.0087879513 | J26: =+J25/J9 -> -0.035710568 | K26: =+K25/K9 -> -0.052890897 | L26: =+K26-J26 -> -0.017180328 | M26: =+M25/M9 -> -0.024582702 | N26: =+K26-M26 -> -0.028308194 | Q26: □ 기타내역(영업이익)
D27: 골재 | E27: =+E18-E22 -> -49.438693 | F27: =+F18-F22 -> -94.786641 | G27: =+F27-E27 -> -45.347949 | H27: =+H18-H22 -> -126.81547 | I27: =+F27-H27 -> 32.028829 | J27: =+J18-J22 -> -255.25463 | K27: =+K18-K22 -> -432.06434 | L27: =+K27-J27 -> -176.80971 | M27: =+M18-M22 -> -505.04506 | N27: =+K27-M27 -> 72.980724 | Q27: 구분 | S27: 계획 | T27: 실적 | U27: 계획대비 | V27: 전년 | W27: 전년대비
D28: 기타 | E28: =+E19-E23 -> 397.32581 | F28: =+F19-F23 -> 536.76713 | G28: =+F28-E28 -> 139.44132 | H28: =+H19-H23 -> -418.46822 | I28: =+F28-H28 -> 955.23535 | J28: =+J19-J23 -> 482.34843 | K28: =+K19-K23 -> 848.48449 | L28: =+K28-J28 -> 366.13606 | M28: =+M19-M23 -> -1003.1521 | N28: =+K28-M28 -> 1851.6366 | Q28: 레미콘임대 | S28: =+'사업장별(당월)'!T32 -> 32.447924 | T28: =+'사업장별(당월)'!U32 -> 26.803493 | U28: =+T28-S28 -> -5.6444307 | V28: =+'사업장별(당월)'!W32 -> 46.568992 | W28: =+T28-V28 -> -19.765499
C29: 계 | E29: =+E25+E27+E28 -> 1125.5564 | F29: =+F25+F27+F28 -> 561.87305 | G29: =+F29-E29 -> -563.68333 | H29: =+H25+H27+H28 -> -191.14144 | I29: =+F29-H29 -> 753.01449 | J29: =+J25+J27+J28 -> -2033.4844 | K29: =+K25+K27+K28 -> -2810.6121 | L29: =+K29-J29 -> -777.12773 | M29: =+M25+M27+M28 -> -3103.0321 | N29: =+K29-M29 -> 292.41996 | Q29: 임대 | S29: =+'사업장별(당월)'!T33 -> 76.544099 | T29: =+'사업장별(당월)'!U33 -> 192.6119 | U29: =+T29-S29 -> 116.0678 | V29: =+'사업장별(당월)'!W33 -> 76.003665 | W29: =+T29-V29 -> 116.60823
D30: % | E30: =+E29/E12 -> 0.040542088 | F30: =+F29/F12 -> 0.021534412 | G30: =+F30-E30 -> -0.019007676 | H30: =+H29/H12 -> -0.0070005879 | I30: =+F30-H30 -> 0.028535 | J30: =+J29/J12 -> -0.030198634 | K30: =+K29/K12 -> -0.043304694 | L30: =+K30-J30 -> -0.01310606 | M30: =+M29/M12 -> -0.04501918 | N30: =+K30-M30 -> 0.0017144864 | Q30: 공통비 | S30: =+'사업장별(당월)'!T34 -> -1289.5109 | T30: =+'사업장별(당월)'!U34 -> -1294.5632 | U30: =+T30-S30 -> -5.0523647 | V30: =+'사업장별(당월)'!W34 -> -1338.7445 | W30: =+T30-V30 -> 44.181259
C31: * 건자재 | Q31: 기타 | S31: =+S32-S28-S29-S30 -> 288.33379 | T31: =+T32-T28-T29-T30 -> 317.35174 | U31: =+T31-S31 -> 29.017952 | V31: =+V32-V28-V29-V30 -> -541.04088 | W31: =+T31-V31 -> 858.39262
C32: 물량 | E32: =+IFERROR(HLOOKUP($E$5,[12]손익!$G$5:$AI$54,2,),) -> 8500 | F32: =+'[2]3월'!$AO$7 -> 3925.464 | G32: =+F32-E32 -> -4574.536 | H32: =+'[3]3월'!$AO$7 -> 15762.77 | I32: =+F32-H32 -> -11837.306 | J32: =+'[1]3월누계'!$AA$7 -> 23500 | K32: =+'[2]3월누계'!$AO$7 -> 13878.238 | L32: =+K32-J32 -> -9621.762 | M32: =+'[3]3월누계'!$AO$7 -> 34222.795 | N32: =+K32-M32 -> -20344.557 | Q32: 합계 | S32: =+'사업장별(당월)'!T40 -> -892.18505 | T32: =+'사업장별(당월)'!U40 -> -757.7961 | U32: =+T32-S32 -> 134.38895 | V32: =+'사업장별(당월)'!W40 -> -1757.2127 | W32: =+T32-V32 -> 999.41661
C33: 매출 | E33: =+IFERROR(HLOOKUP($E$5,[12]손익!$G$5:$AI$54,3,),)/1000 -> 8197.6135 | F33: =+'[2]3월'!$AO$8/1000 -> 4017.7919 | G33: =+F33-E33 -> -4179.8216 | H33: =+'[3]3월'!$AO$8/1000 -> 12535.229 | I33: =+F33-H33 -> -8517.4368 | J33: =+'[1]3월누계'!$AA$8/1000 -> 22587.069 | K33: =+'[2]3월누계'!$AO$8/1000 -> 13994.382 | L33: =+K33-J33 -> -8592.6876 | M33: =+'[3]3월누계'!$AO$8/1000 -> 28292.343 | N33: =+K33-M33 -> -14297.962
C34: 매출이익 | E34: =+IFERROR(HLOOKUP($E$5,[12]손익!$G$5:$AI$54,7,),)/1000 -> 177.35419 | F34: =+'[2]3월'!$AO$12/1000 -> 63.273636 | G34: =+F34-E34 -> -114.08055 | H34: =+'[3]3월'!$AO$12/1000 -> 36.844564 | I34: =+F34-H34 -> 26.429072 | J34: =+'[1]3월누계'!$AA$12/1000 -> 482.74631 | K34: =+'[2]3월누계'!$AO$12/1000 -> 331.89495 | L34: =+K34-J34 -> -150.85136 | M34: =+'[3]3월누계'!$AO$12/1000 -> 332.4161 | N34: =+K34-M34 -> -0.52115 | Q34: □ 건자재
C35: (%) | E35: =+E34/E33 -> 0.021634856 | F35: =+F34/F33 -> 0.015748361 | G35: =+F35-E35 -> -0.005886495 | H35: =+H34/H33 -> 0.0029392814 | I35: =+I34/I33 -> -0.0031029373 | J35: =+J34/J33 -> 0.021372685 | K35: =+K34/K33 -> 0.0237163 | L35: =+K35-J35 -> 0.002343615 | M35: =+M34/M33 -> 0.011749331 | N35: =+K35-M35 -> 0.011966969 | Q35: 구분 | S35: 계획 | T35: 실적 | U35: 계획대비 | V35: 전년 | W35: 전년대비
C36: 영업이익 | E36: =+IFERROR(HLOOKUP($E$5,[12]손익!$G$5:$AI$54,20,),)/1000 -> -2.7137755 | F36: =+'[2]3월'!$AO$26/1000 -> 1.360901 | G36: =+F36-E36 -> 4.0746765 | H36: =+'[3]3월'!$AO$26/1000 -> -118.87035 | I36: =+F36-H36 -> 120.23125 | J36: =+'[1]3월누계'!$AA$26/1000 -> -85.427511 | K36: =+'[2]3월누계'!$AO$26/1000 -> -118.75362 | L36: =+K36-J36 -> -33.326111 | M36: =+'[3]3월누계'!$AO$26/1000 -> -106.31139 | N36: =+K36-M36 -> -12.442236 | Q36: 철강재 판매단가 | S36: =+'[13]3월'!$F$10 -> 745617.65 | T36: =+'[13]3월'!$G$10 -> 807163.01 | U36: =+T36-S36 -> 61545.363 | V36: =+'[14]3월'!$G$10 -> 736140.84 | W36: =+T36-V36 -> 71022.171
C37: (%) | E37: =+E36/E33 -> -0.00033104458 | F37: =+F36/F33 -> 0.00033871864 | G37: =+F37-E37 -> 0.00066976322 | H37: =+H36/H33 -> -0.0094829022 | I37: =+F37-H37 -> 0.0098216209 | J37: =+J36/J33 -> -0.0037821423 | K37: =+K36/K33 -> -0.008485807 | L37: =+K37-J37 -> -0.0047036646 | M37: =+M36/M33 -> -0.0037576027 | N37: =+K37-M37 -> -0.0047282043 | Q37: 철강재 마진률 | S37: =+'[13]3월'!$F$15 -> 0.017269536 | T37: =+'[13]3월'!$G$15 -> 0.01261442 | U37: =+T37-S37 -> -0.0046551155 | V37: =+'[14]3월'!$G$15 -> 0.0014844908 | W37: =+T37-V37 -> 0.011129929
E39: =+'[1]3월'!$E$26/1000 -> 1122.8426 | F39: =+'[2]3월'!$F$26/1000 -> 563.23395 | H39: =+'[3]3월'!$F$26/1000 -> -310.01179 | J39: =+'[1]3월누계'!$E$26/1000 -> -2118.9119 | K39: =+'[2]3월누계'!$F$26/1000 -> -2929.3657 | M39: =+'[3]3월누계'!$F$26/1000 -> -3209.3435
E40: =+(E29+E36)-E39 -> -4.0927262e-12 | F40: =+(F29+F36)-F39 -> 6.9348971e-12 | H40: =+(H29+H36)-H39 -> 6.0822458e-12 | J40: =+(J29+J36)-J39 -> 0 | K40: =+(K29+K36)-K39 -> 0 | M40: =+(M29+M36)-M39 -> 0

Sheet 레미콘 영업이익
H3: □ 레미콘 영업이익(3월)
H5: 구분 | J5: 3월 | T5: 3월누계
J6: 영업이익(공통비 배부전) | O6: 영업이익(공통비 배부후) | T6: 영업이익(공통비 배부전) | Y6: 영업이익(공통비 배부전)
A7: 2024년 1월 마감 손익 | J7: 계획 | K7: 실적 | L7: 차이 | M7: 전년 | N7: 차이 | O7: 계획 | P7: 실적 | Q7: 차이 | R7: 전년 | S7: 차이 | T7: 계획 | U7: 실적 | V7: 차이 | W7: 전년 | X7: 차이 | Y7: 계획 | Z7: 실적 | AA7: 차이 | AB7: 전년 | AC7: 차이
B8: 안양 | H8: 레미콘 | I8: 안양 | J8: =+[4]안양!$H$86/1000 -> 399.94344 | K8: =+[4]안양!$I$86/1000 -> 386.86276 | L8: =+K8-J8 -> -13.080678 | M8: =+[5]안양!$H$86/1000 -> 190.6149 | N8: =+K8-M8 -> 196.24786 | O8: =+[4]안양!$H$92/1000 -> 218.84603 | P8: =+[4]안양!$I$92/1000 -> 170.98331 | Q8: =+P8-O8 -> -47.862728 | R8: =+[5]안양!$H$92/1000 -> 12.112096 | S8: =+P8-R8 -> 158.87121 | T8: =+[15]안양!$H$86/1000 -> 685.69687 | U8: =+[15]안양!$I$86/1000 -> 771.50179 | V8: =+U8-T8 -> 85.804927 | W8: =+[16]안양!$H$86/1000 -> 544.25705 | X8: =+U8-W8 -> 227.24475 | Y8: =+[15]안양!$H$92/1000 -> 50.151311 | Z8: =+[15]안양!$I$92/1000 -> 10.088312 | AA8: =+Z8-Y8 -> -40.063 | AB8: =+[16]안양!$H$92/1000 -> -75.049966 | AC8: =+Z8-AB8 -> 85.138278
B9: 인천 | H9: 직영 | I9: 인천 | J9: =+[4]인천!$H$86/1000 -> 233.65111 | K9: =+[4]인천!$I$86/1000 -> 34.480905 | L9: =+K9-J9 -> -199.17021 | M9: =+[5]인천!$H$86/1000 -> 97.876781 | N9: =+K9-M9 -> -63.395876 | O9: =+[4]인천!$H$92/1000 -> 62.817834 | P9: =+[4]인천!$I$92/1000 -> -128.18976 | Q9: =+P9-O9 -> -191.00759 | R9: =+[5]인천!$H$92/1000 -> -59.939543 | S9: =+P9-R9 -> -68.250214 | T9: =+[15]인천!$H$86/1000 -> 168.33299 | U9: =+[15]인천!$I$86/1000 -> -74.324904 | V9: =+U9-T9 -> -242.6579 | W9: =+[16]인천!$H$86/1000 -> -78.653321 | X9: =+U9-W9 -> 4.328417 | Y9: =+[15]인천!$H$92/1000 -> -385.64647 | Z9: =+[15]인천!$I$92/1000 -> -620.96082 | AA9: =+Z9-Y9 -> -235.31436 | AB9: =+[16]인천!$H$92/1000 -> -502.92909 | AC9: =+Z9-AB9 -> -118.03173
B10: 파주 | I10: 파주 | J10: =+[4]파주!$H$86/1000 -> 20.418977 | K10: =+[4]파주!$I$86/1000 -> -80.522035 | L10: =+K10-J10 -> -100.94101 | M10: =+[5]파주!$H$86/1000 -> -148.3122 | N10: =+K10-M10 -> 67.790166 | O10: =+[4]파주!$H$92/1000 -> -49.282803 | P10: =+[4]파주!$I$92/1000 -> -136.91396 | Q10: =+P10-O10 -> -87.631159 | R10: =+[5]파주!$H$92/1000 -> -194.04474 | S10: =+P10-R10 -> 57.130775 | T10: =+[15]파주!$H$86/1000 -> -188.11454 | U10: =+[15]파주!$I$86/1000 -> -344.08391 | V10: =+U10-T10 -> -155.96937 | W10: =+[16]파주!$H$86/1000 -> -297.59622 | X10: =+U10-W10 -> -46.487699 | Y10: =+[15]파주!$H$92/1000 -> -403.5781 | Z10: =+[15]파주!$I$92/1000 -> -538.62942 | AA10: =+Z10-Y10 -> -135.05132 | AB10: =+[16]파주!$H$92/1000 -> -474.78391 | AC10: =+Z10-AB10 -> -63.845501
B11: 김포 | I11: 김포 | J11: =+[4]김포!$H$86/1000 -> 39.479855 | K11: =+[4]김포!$I$86/1000 -> 17.589357 | L11: =+K11-J11 -> -21.890498 | M11: =+[5]김포!$H$86/1000 -> 38.862012 | N11: =+K11-M11 -> -21.272655 | O11: =+[4]김포!$H$92/1000 -> -21.860145 | P11: =+[4]김포!$I$92/1000 -> -51.451573 | Q11: =+P11-O11 -> -29.591428 | R11: =+[5]김포!$H$92/1000 -> -16.745469 | S11: =+P11-R11 -> -34.706104 | T11: =+[15]김포!$H$86/1000 -> -56.954855 | U11: =+[15]김포!$I$86/1000 -> -203.34142 | V11: =+U11-T11 -> -146.38656 | W11: =+[16]김포!$H$86/1000 -> -115.34376 | X11: =+U11-W11 -> -87.997652 | Y11: =+[15]김포!$H$92/1000 -> -248.33498 | Z11: =+[15]김포!$I$92/1000 -> -396.06861 | AA11: =+Z11-Y11 -> -147.73364 | AB11: =+[16]김포!$H$92/1000 -> -259.4598 | AC11: =+Z11-AB11 -> -136.60881
B12: 부산 | I12: 부산 | J12: =+[4]부산!$H$86/1000 -> 252.0269 | K12: =+[4]부산!$I$86/1000 -> 323.34982 | L12: =+K12-J12 -> 71.322921 | M12: =+[5]부산!$H$86/1000 -> 403.32277 | N12: =+K12-M12 -> -79.972956 | O12: =+[4]부산!$H$92/1000 -> 138.95242 | P12: =+[4]부산!$I$92/1000 -> 180.50519 | Q12: =+P12-O12 -> 41.552768 | R12: =+[5]부산!$H$92/1000 -> 267.03058 | S12: =+P12-R12 -> -86.525391 | T12: =+[15]부산!$H$86/1000 -> 413.20018 | U12: =+[15]부산!$I$86/1000 -> 803.49873 | V12: =+U12-T12 -> 390.29855 | W12: =+[16]부산!$H$86/1000 -> 563.56659 | X12: =+U12-W12 -> 239.93214 | Y12: =+[15]부산!$H$92/1000 -> -14.019292 | Z12: =+[15]부산!$I$92/1000 -> 224.71316 | AA12: =+Z12-Y12 -> 238.73245 | AB12: =+[16]부산!$H$92/1000 -> 179.56071 | AC12: =+Z12-AB12 -> 45.152448
B13: 서부산 | I13: 서부산 | J13: =+[4]서부산!$H$86/1000 -> 303.00485 | K13: =+[4]서부산!$I$86/1000 -> 209.67643 | L13: =+K13-J13 -> -93.328419 | M13: =+[5]서부산!$H$86/1000 -> 146.35766 | N13: =+K13-M13 -> 63.318773 | O13: =+[4]서부산!$H$92/1000 -> 197.26031 | P13: =+[4]서부산!$I$92/1000 -> 96.379505 | Q13: =+P13-O13 -> -100.88081 | R13: =+[5]서부산!$H$92/1000 -> 55.998329 | S13: =+P13-R13 -> 40.381176 | T13: =+[15]서부산!$H$86/1000 -> 560.0386 | U13: =+[15]서부산!$I$86/1000 -> 388.20963 | V13: =+U13-T13 -> -171.82897 | W13: =+[16]서부산!$H$86/1000 -> 259.01918 | X13: =+U13-W13 -> 129.19045 | Y13: =+[15]서부산!$H$92/1000 -> 162.69289 | Z13: =+[15]서부산!$I$92/1000 -> 15.745056 | AA13: =+Z13-Y13 -> -146.94784 | AB13: =+[16]서부산!$H$92/1000 -> -52.03595 | AC13: =+Z13-AB13 -> 67.781006
B14: 김해 | I14: 김해 | J14: =+[4]김해!$H$86/1000 -> 66.063919 | K14: =+[4]김해!$I$86/1000 -> 13.214121 | L14: =+K14-J14 -> -52.849798 | M14: =+[5]김해!$H$86/1000 -> 55.355958 | N14: =+K14-M14 -> -42.141837 | O14: =+[4]김해!$H$92/1000 -> 19.755571 | P14: =+[4]김해!$I$92/1000 -> -26.756562 | Q14: =+P14-O14 -> -46.512132 | R14: =+[5]김해!$H$92/1000 -> -5.6537431 | S14: =+P14-R14 -> -21.102819 | T14: =+[15]김해!$H$86/1000 -> -5.4875343 | U14: =+[15]김해!$I$86/1000 -> -118.29678 | V14: =+U14-T14 -> -112.80924 | W14: =+[16]김해!$H$86/1000 -> -82.619591 | X14: =+U14-W14 -> -35.677188 | Y14: =+[15]김해!$H$92/1000 -> -166.03842 | Z14: =+[15]김해!$I$92/1000 -> -247.70445 | AA14: =+Z14-Y14 -> -81.666032 | AB14: =+[16]김해!$H$92/1000 -> -218.12216 | AC14: =+Z14-AB14 -> -29.582292
B15: 정관 | I15: 정관 | J15: =+[4]정관!$H$86/1000 -> 240.64452 | K15: =+[4]정관!$I$86/1000 -> 69.741612 | L15: =+K15-J15 -> -170.90291 | M15: =+[5]정관!$H$86/1000 -> 121.8508 | N15: =+K15-M15 -> -52.109191 | O15: =+[4]정관!$H$92/1000 -> 127.56805 | P15: =+[4]정관!$I$92/1000 -> -7.0220417 | Q15: =+P15-O15 -> -134.59009 | R15: =+[5]정관!$H$92/1000 -> 18.216996 | S15: =+P15-R15 -> -25.239037 | T15: =+[15]정관!$H$86/1000 -> 376.72294 | U15: =+[15]정관!$I$86/1000 -> -43.912337 | V15: =+U15-T15 -> -420.63527 | W15: =+[16]정관!$H$86/1000 -> 367.07069 | X15: =+U15-W15 -> -410.98303 | Y15: =+[15]정관!$H$92/1000 -> -51.952886 | Z15: =+[15]정관!$I$92/1000 -> -320.60378 | AA15: =+Z15-Y15 -> -268.6509 | AB15: =+[16]정관!$H$92/1000 -> -11.926384 | AC15: =+Z15-AB15 -> -308.6774
B16: 양산 | I16: 양산 | J16: =+[4]양산!$H$86/1000 -> 57.547751 | K16: =+[4]양산!$I$86/1000 -> 10.974981 | L16: =+K16-J16 -> -46.57277 | M16: =+[5]양산!$H$86/1000 -> 64.674861 | N16: =+K16-M16 -> -53.69988 | O16: =+[4]양산!$H$92/1000 -> 11.451931 | P16: =+[4]양산!$I$92/1000 -> -16.827523 | Q16: =+P16-O16 -> -28.279454 | R16: =+[5]양산!$H$92/1000 -> 15.847567 | S16: =+P16-R16 -> -32.67509 | T16: =+[15]양산!$H$86/1000 -> -13.598356 | U16: =+[15]양산!$I$86/1000 -> -84.36934 | V16: =+U16-T16 -> -70.770984 | W16: =+[16]양산!$H$86/1000 -> 47.353373 | X16: =+U16-W16 -> -131.72271 | Y16: =+[15]양산!$H$92/1000 -> -157.62418 | Z16: =+[15]양산!$I$92/1000 -> -188.03722 | AA16: =+Z16-Y16 -> -30.413041 | AB16: =+[16]양산!$H$92/1000 -> -101.5424 | AC16: =+Z16-AB16 -> -86.494823
B17: 창원 | I17: 창원 | J17: =+[4]창원!$H$86/1000 -> 52.912265 | K17: =+[4]창원!$I$86/1000 -> 26.96316 | L17: =+K17-J17 -> -25.949105 | M17: =+[5]창원!$H$86/1000 -> 89.749104 | N17: =+K17-M17 -> -62.785944 | O17: =+[4]창원!$H$92/1000 -> -6.1678759 | P17: =+[4]창원!$I$92/1000 -> -19.972217 | Q17: =+P17-O17 -> -13.804341 | R17: =+[5]창원!$H$92/1000 -> 32.900835 | S17: =+P17-R17 -> -52.873052 | T17: =+[15]창원!$H$86/1000 -> 11.632544 | U17: =+[15]창원!$I$86/1000 -> 8.068265 | V17: =+U17-T17 -> -3.5642793 | W17: =+[16]창원!$H$86/1000 -> 205.70844 | X17: =+U17-W17 -> -197.64018 | Y17: =+[15]창원!$H$92/1000 -> -189.75057 | Z17: =+[15]창원!$I$92/1000 -> -192.11789 | AA17: =+Z17-Y17 -> -2.3673218 | AB17: =+[16]창원!$H$92/1000 -> -4.8165667 | AC17: =+Z17-AB17 -> -187.30133
B18: 대구 | I18: 대구 | J18: =+[4]대구!$H$86/1000 -> -30.554162 | K18: =+[4]대구!$I$86/1000 -> -105.44824 | L18: =+K18-J18 -> -74.894079 | M18: =+[5]대구!$H$86/1000 -> -23.079407 | N18: =+K18-M18 -> -82.368834 | O18: =+[4]대구!$H$92/1000 -> -65.21434 | P18: =+[4]대구!$I$92/1000 -> -120.28845 | Q18: =+P18-O18 -> -55.074107 | R18: =+[5]대구!$H$92/1000 -> -75.428819 | S18: =+P18-R18 -> -44.859628 | T18: =+[15]대구!$H$86/1000 -> -105.14406 | U18: =+[15]대구!$I$86/1000 -> -288.35881 | V18: =+U18-T18 -> -183.21475 | W18: =+[16]대구!$H$86/1000 -> 10.470324 | X18: =+U18-W18 -> -298.82913 | Y18: =+[15]대구!$H$92/1000 -> -240.19265 | Z18: =+[15]대구!$I$92/1000 -> -363.49162 | AA18: =+Z18-Y18 -> -123.29897 | AB18: =+[16]대구!$H$92/1000 -> -184.35758 | AC18: =+Z18-AB18 -> -179.13404
B19: 울산 | I19: 울산 | J19: =+[4]울산!$H$86/1000 -> 82.087013 | K19: =+[4]울산!$I$86/1000 -> 95.170722 | L19: =+K19-J19 -> 13.083709 | M19: =+[5]울산!$H$86/1000 -> 108.61426 | N19: =+K19-M19 -> -13.443537 | O19: =+[4]울산!$H$92/1000 -> 21.127885 | P19: =+[4]울산!$I$92/1000 -> 26.150555 | Q19: =+P19-O19 -> 5.0226698 | R19: =+[5]울산!$H$92/1000 -> 41.383615 | S19: =+P19-R19 -> -15.233059 | T19: =+[15]울산!$H$86/1000 -> -45.619206 | U19: =+[15]울산!$I$86/1000 -> 190.63581 | V19: =+U19-T19 -> 236.25501 | W19: =+[16]울산!$H$86/1000 -> 244.35527 | X19: =+U19-W19 -> -53.719461 | Y19: =+[15]울산!$H$92/1000 -> -224.71124 | Z19: =+[15]울산!$I$92/1000 -> -77.975619 | AA19: =+Z19-Y19 -> 146.73563 | AB19: =+[16]울산!$H$92/1000 -> 19.943563 | AC19: =+Z19-AB19 -> -97.919183
B20: 아산 | I20: 아산 | J20: =+[4]아산!$H$86/1000 -> 88.591762 | K20: =+[4]아산!$I$86/1000 -> 69.207642 | L20: =+K20-J20 -> -19.38412 | M20: =+[5]아산!$H$86/1000 -> 139.57025 | N20: =+K20-M20 -> -70.362605 | O20: =+[4]아산!$H$92/1000 -> -11.78182 | P20: =+[4]아산!$I$92/1000 -> -41.395151 | Q20: =+P20-O20 -> -29.613331 | R20: =+[5]아산!$H$92/1000 -> 21.119953 | S20: =+P20-R20 -> -62.515104 | T20: =+[15]아산!$H$86/1000 -> -40.189479 | U20: =+[15]아산!$I$86/1000 -> 63.776526 | V20: =+U20-T20 -> 103.96601 | W20: =+[16]아산!$H$86/1000 -> 180.486 | X20: =+U20-W20 -> -116.70947 | Y20: =+[15]아산!$H$92/1000 -> -300.10455 | Z20: =+[15]아산!$I$92/1000 -> -320.14495 | AA20: =+Z20-Y20 -> -20.040393 | AB20: =+[16]아산!$H$92/1000 -> -196.41519 | AC20: =+Z20-AB20 -> -123.72976
B21: 전주 | I21: 전주 | J21: =+[4]전주!$H$86/1000 -> 64.392708 | K21: =+[4]전주!$I$86/1000 -> 138.57817 | L21: =+K21-J21 -> 74.185467 | M21: =+[5]전주!$H$86/1000 -> 206.10743 | N21: =+K21-M21 -> -67.529258 | O21: =+[4]전주!$H$92/1000 -> 16.189328 | P21: =+[4]전주!$I$92/1000 -> 68.357512 | Q21: =+P21-O21 -> 52.168184 | R21: =+[5]전주!$H$92/1000 -> 119.46098 | S21: =+P21-R21 -> -51.103471 | T21: =+[15]전주!$H$86/1000 -> -7.3665347 | U21: =+[15]전주!$I$86/1000 -> 47.117149 | V21: =+U21-T21 -> 54.483684 | W21: =+[16]전주!$H$86/1000 -> 458.992 | X21: =+U21-W21 -> -411.87485 | Y21: =+[15]전주!$H$92/1000 -> -145.06256 | Z21: =+[15]전주!$I$92/1000 -> -146.2911 | AA21: =+Z21-Y21 -> -1.2285436 | AB21: =+[16]전주!$H$92/1000 -> 194.57158 | AC21: =+Z21-AB21 -> -340.86268
B22: 군산 | I22: 군산 | J22: =+[4]군산!$H$86/1000 -> 75.349109 | K22: =+[4]군산!$I$86/1000 -> 88.678597 | L22: =+K22-J22 -> 13.329488 | M22: =+[5]군산!$H$86/1000 -> 131.89843 | N22: =+K22-M22 -> -43.21983 | O22: =+[4]군산!$H$92/1000 -> 52.160075 | P22: =+[4]군산!$I$92/1000 -> 60.777332 | Q22: =+P22-O22 -> 8.6172561 | R22: =+[5]군산!$H$92/1000 -> 100.59709 | S22: =+P22-R22 -> -39.819763 | T22: =+[15]군산!$H$86/1000 -> 92.945305 | U22: =+[15]군산!$I$86/1000 -> 72.134082 | V22: =+U22-T22 -> -20.811223 | W22: =+[16]군산!$H$86/1000 -> 199.82253 | X22: =+U22-W22 -> -127.68845 | Y22: =+[15]군산!$H$92/1000 -> 22.975992 | Z22: =+[15]군산!$I$92/1000 -> 4.8203981 | AA22: =+Z22-Y22 -> -18.155594 | AB22: =+[16]군산!$H$92/1000 -> 117.87004 | AC22: =+Z22-AB22 -> -113.04965
B23: 원주 | I23: 원주 | J23: =+[4]원주!$H$86/1000 -> 57.095763 | K23: =+[4]원주!$I$86/1000 -> 93.604436 | L23: =+K23-J23 -> 36.508673 | M23: =+[5]원주!$H$86/1000 -> -35.664611 | N23: =+K23-M23 -> 129.26905 | O23: =+[4]원주!$H$92/1000 -> 36.120174 | P23: =+[4]원주!$I$92/1000 -> 69.573558 | Q23: =+P23-O23 -> 33.453384 | R23: =+[5]원주!$H$92/1000 -> -47.222317 | S23: =+P23-R23 -> 116.79588 | T23: =+[15]원주!$H$86/1000 -> 108.73129 | U23: =+[15]원주!$I$86/1000 -> 75.887511 | V23: =+U23-T23 -> -32.843783 | W23: =+[16]원주!$H$86/1000 -> -76.211322 | X23: =+U23-W23 -> 152.09883 | Y23: =+[15]원주!$H$92/1000 -> 32.104998 | Z23: =+[15]원주!$I$92/1000 -> 14.055768 | AA23: =+Z23-Y23 -> -18.04923 | AB23: =+[16]원주!$H$92/1000 -> -118.07159 | AC23: =+Z23-AB23 -> 132.12736
B24: 제주 | I24: 제주 | J24: =+[4]제주!$H$86/1000 -> 64.524357 | K24: =+[4]제주!$I$86/1000 -> 22.333354 | L24: =+K24-J24 -> -42.191003 | M24: =+[5]제주!$H$86/1000 -> 105.08774 | N24: =+K24-M24 -> -82.754384 | O24: =+[4]제주!$H$92/1000 -> 29.726642 | P24: =+[4]제주!$I$92/1000 -> -4.0171506 | Q24: =+P24-O24 -> -33.743793 | R24: =+[5]제주!$H$92/1000 -> 68.508839 | S24: =+P24-R24 -> -72.52599 | T24: =+[15]제주!$H$86/1000 -> 142.02249 | U24: =+[15]제주!$I$86/1000 -> 17.473471 | V24: =+U24-T24 -> -124.54902 | W24: =+[16]제주!$H$86/1000 -> 227.32039 | X24: =+U24-W24 -> -209.84692 | Y24: =+[15]제주!$H$92/1000 -> -1.4874823 | Z24: =+[15]제주!$I$92/1000 -> -84.429469 | AA24: =+Z24-Y24 -> -82.941986 | AB24: =+[16]제주!$H$92/1000 -> 92.729756 | AC24: =+Z24-AB24 -> -177.15922
I25: 수도권 | J25: =SUM(J8:J11) -> 693.49338 | K25: =SUM(K8:K11) -> 358.41098 | L25: =+K25-J25 -> -335.08239 | M25: =SUM(M8:M11) -> 179.04149 | N25: =+K25-M25 -> 179.36949 | O25: =SUM(O8:O11) -> 210.52092 | P25: =SUM(P8:P11) -> -145.57199 | Q25: =+P25-O25 -> -356.09291 | R25: =SUM(R8:R11) -> -258.61765 | S25: =+P25-R25 -> 113.04567 | T25: =SUM(T8:T11) -> 608.96046 | U25: =SUM(U8:U11) -> 149.75156 | V25: =+U25-T25 -> -459.2089 | W25: =SUM(W8:W11) -> 52.663745 | X25: =+U25-W25 -> 97.087813 | Y25: =SUM(Y8:Y11) -> -987.40823 | Z25: =SUM(Z8:Z11) -> -1545.5705 | AA25: =+Z25-Y25 -> -558.16231 | AB25: =SUM(AB8:AB11) -> -1312.2228 | AC25: =+Z25-AB25 -> -233.34776
I26: 영남권 | J26: =SUM(J12:J19) -> 1023.7331 | K26: =SUM(K12:K19) -> 643.6426 | L26: =+K26-J26 -> -380.09045 | M26: =SUM(M12:M19) -> 966.84601 | N26: =+K26-M26 -> -323.20341 | O26: =SUM(O12:O19) -> 444.73395 | P26: =SUM(P12:P19) -> 112.16845 | Q26: =+P26-O26 -> -332.56549 | R26: =SUM(R12:R19) -> 350.29536 | S26: =+P26-R26 -> -238.1269 | T26: =SUM(T12:T19) -> 1191.7451 | U26: =SUM(U12:U19) -> 855.47517 | V26: =+U26-T26 -> -336.26994 | W26: =SUM(W12:W19) -> 1614.9243 | X26: =+U26-W26 -> -759.44911 | Y26: =SUM(Y12:Y19) -> -881.59635 | Z26: =SUM(Z12:Z19) -> -1149.4724 | AA26: =+Z26-Y26 -> -267.87602 | AB26: =SUM(AB12:AB19) -> -373.29676 | AC26: =+Z26-AB26 -> -776.17562
I27: 중부권 | J27: =SUM(J20:J24) -> 349.9537 | K27: =SUM(K20:K24) -> 412.4022 | L27: =+K27-J27 -> 62.448506 | M27: =SUM(M20:M24) -> 546.99923 | N27: =+K27-M27 -> -134.59703 | O27: =SUM(O20:O24) -> 122.4144 | P27: =SUM(P20:P24) -> 153.2961 | Q27: =+P27-O27 -> 30.8817 | R27: =SUM(R20:R24) -> 262.46455 | S27: =+P27-R27 -> -109.16845 | T27: =SUM(T20:T24) -> 296.14308 | U27: =SUM(U20:U24) -> 276.38874 | V27: =+U27-T27 -> -19.754339 | W27: =SUM(W20:W24) -> 990.4096 | X27: =+U27-W27 -> -714.02086 | Y27: =SUM(Y20:Y24) -> -391.5736 | Z27: =SUM(Z20:Z24) -> -531.98935 | AA27: =+Z27-Y27 -> -140.41575 | AB27: =SUM(AB20:AB24) -> 90.684596 | AC27: =+Z27-AB27 -> -622.67395
H28: 레미콘 계 | J28: =SUM(J25:J27) -> 2067.1801 | K28: =SUM(K25:K27) -> 1414.4558 | L28: =+K28-J28 -> -652.72434 | M28: =SUM(M25:M27) -> 1692.8867 | N28: =+K28-M28 -> -278.43095 | O28: =SUM(O25:O27) -> 777.66927 | P28: =SUM(P25:P27) -> 119.89257 | Q28: =+P28-O28 -> -657.7767 | R28: =SUM(R25:R27) -> 354.14225 | S28: =+P28-R28 -> -234.24969 | T28: =SUM(T25:T27) -> 2096.8487 | U28: =SUM(U25:U27) -> 1281.6155 | V28: =+U28-T28 -> -815.23318 | W28: =SUM(W25:W27) -> 2657.9976 | X28: =+U28-W28 -> -1376.3822 | Y28: =SUM(Y25:Y27) -> -2260.5782 | Z28: =SUM(Z25:Z27) -> -3227.0323 | AA28: =+Z28-Y28 -> -966.45408 | AB28: =SUM(AB25:AB27) -> -1594.8349 | AC28: =+Z28-AB28 -> -1632.1973

Sheet 사업장별(당월)
H3: □ 사업장별 손익실적(2026-03)
AG4: [단위 : 천㎥, 톤, 백만원]
H5: 구분 | J5: 물량 | O5: 매출 | T5: 영업이익(공통비 배부전) | Y5: 판매단가 | AB5: 변동비 | AE5: 공헌이익 | AI5: 판매비중
A6: 2024년 3월 마감 손익 | J6: 계획 | K6: 실적 | L6: 차이 | M6: 전년 | N6: 차이 | O6: 계획 | P6: 실적 | Q6: 차이 | R6: 전년 | S6: 차이 | T6: 계획 | U6: 실적 | V6: 차이 | W6: 전년 | X6: 차이 | Y6: 계획 | Z6: 실적 | AA6: 전년 | AB6: 계획 | AC6: 실적 | AD6: 전년 | AE6: 계획 | AF6: 실적 | AG6: 전년 | AI6: 공장명 | AJ6: 계획 | AK6: 추정 | AL6: 차이 | AO6: 전월 | AP6: 차이
B7: 안양 | G7: =+I7 -> 안양 | H7: 레미콘 | I7: 안양 | J7: =+IFERROR(HLOOKUP($B7,'[1]3월'!$D$6:$BN$259,2,),)/1000 -> 39 | K7: =+IFERROR(HLOOKUP($B7,'[2]3월'!$F$6:$CP$99,2,),)/1000 -> 42.206 | L7: =+K7-J7 -> 3.206 | M7: =+IFERROR(HLOOKUP($B7,'[3]3월'!$F$6:$CC$57,2,),)/1000 -> 38.108 | N7: =+K7-M7 -> 4.098 | O7: =+IFERROR(HLOOKUP($B7,'[1]3월'!$D$6:$BN$259,3,),)/1000 -> 3831.7191 | P7: =+IFERROR(HLOOKUP($B7,'[2]3월'!$F$6:$CP$99,3,),)/1000 -> 4199.5077 | Q7: =+P7-O7 -> 367.78864 | R7: =+IFERROR(HLOOKUP($B7,'[3]3월'!$F$6:$CC$57,3,),)/1000 -> 3546.3356 | S7: =+P7-R7 -> 653.17209 | T7: =+IFERROR(HLOOKUP($B7,'[1]3월'!$D$6:$BN$259,16,),)/1000 -> 399.94344 | U7: =+IFERROR(HLOOKUP($B7,'[2]3월'!$F$6:$CP$99,16,),)/1000 -> 386.86276 | V7: =+U7-T7 -> -13.080678 | W7: =+IFERROR(HLOOKUP($B7,'[3]3월'!$F$6:$CC$57,16,),)/1000 -> 190.6149 | X7: =+U7-W7 -> 196.24786 | Y7: =+[4]안양!$Q$85 -> 98249.207 | Z7: =+[4]안양!$R$85 -> 99500.254 | AA7: =+[5]안양!$Q$85 -> 93013.191 | AB7: =+[4]안양!$Q$89 -> 79596.721 | AC7: =+[4]안양!$R$89 -> 82719.119 | AD7: =+[5]안양!$Q$89 -> 80028.849 | AE7: =+Y7-AB7 -> 18652.486 | AF7: =+Z7-AC7 -> 16781.135 | AG7: =+AA7-AD7 -> 12984.342 | AI7: =+I7 -> 안양 | AJ7: =+J7/$J$27 -> 0.15087041 | AK7: =+K7/$K$27 -> 0.17712998 | AL7: =+AK7-AJ7 -> 0.026259573 | AM7: =+Y7*AL7 -> 2579.9822 | AO7: =+[17]안양!$T$5/[17]합계!$T$5 -> 0.17133799 | AP7: =+AK7-AO7 -> 0.005791991 | AQ7: =+[17]안양!$Q$85*AP7 -> 605.48869
B8: 인천 | G8: =+I8 -> 인천 | H8: 직영 | I8: 인천 | J8: =+IFERROR(HLOOKUP($B8,'[1]3월'!$D$6:$BN$259,2,),)/1000 -> 35 | K8: =+IFERROR(HLOOKUP($B8,'[2]3월'!$F$6:$CP$99,2,),)/1000 -> 31.6865 | L8: =+K8-J8 -> -3.3135 | M8: =+IFERROR(HLOOKUP($B8,'[3]3월'!$F$6:$CC$57,2,),)/1000 -> 32.763 | N8: =+K8-M8 -> -1.0765 | O8: =+IFERROR(HLOOKUP($B8,'[1]3월'!$D$6:$BN$259,3,),)/1000 -> 3614.5473 | P8: =+IFERROR(HLOOKUP($B8,'[2]3월'!$F$6:$CP$99,3,),)/1000 -> 3164.436 | Q8: =+P8-O8 -> -450.11131 | R8: =+IFERROR(HLOOKUP($B8,'[3]3월'!$F$6:$CC$57,3,),)/1000 -> 3135.3549 | S8: =+P8-R8 -> 29.081045 | T8: =+IFERROR(HLOOKUP($B8,'[1]3월'!$D$6:$BN$259,16,),)/1000 -> 233.65111 | U8: =+IFERROR(HLOOKUP($B8,'[2]3월'!$F$6:$CP$99,16,),)/1000 -> 34.480905 | V8: =+U8-T8 -> -199.17021 | W8: =+IFERROR(HLOOKUP($B8,'[3]3월'!$F$6:$CC$57,16,),)/1000 -> 97.876781 | X8: =+U8-W8 -> -63.395876 | Y8: =+[4]인천!$Q$85 -> 103272.78 | Z8: =+[4]인천!$R$85 -> 100098.24 | AA8: =+[5]인천!$Q$85 -> 95722.432 | AB8: =+[4]인천!$Q$89 -> 86782.693 | AC8: =+[4]인천!$R$89 -> 88307.176 | AD8: =+[5]인천!$Q$89 -> 84108.984 | AE8: =+Y8-AB8 -> 16490.087 | AF8: =+Z8-AC8 -> 11791.065 | AG8: =+AA8-AD8 -> 11613.448 | AI8: =+I8 -> 인천 | AJ8: =+J8/$J$27 -> 0.13539652 | AK8: =+K8/$K$27 -> 0.13298178 | AL8: =+AK8-AJ8 -> -0.0024147367 | AM8: =+Y8*AL8 -> -249.37657 | AO8: =+[17]인천!$T$5/[17]합계!$T$5 -> 0.12629331 | AP8: =+AK8-AO8 -> 0.0066884678 | AQ8: =+[17]인천!$Q$85*AP8 -> 691.82482
B9: 파주 | G9: =+I9 -> 파주 | I9: 파주 | J9: =+IFERROR(HLOOKUP($B9,'[1]3월'!$D$6:$BN$259,2,),)/1000 -> 15 | K9: =+IFERROR(HLOOKUP($B9,'[2]3월'!$F$6:$CP$99,2,),)/1000 -> 11.21 | L9: =+K9-J9 -> -3.79 | M9: =+IFERROR(HLOOKUP($B9,'[3]3월'!$F$6:$CC$57,2,),)/1000 -> 10.788 | N9: =+K9-M9 -> 0.422 | O9: =+IFERROR(HLOOKUP($B9,'[1]3월'!$D$6:$BN$259,3,),)/1000 -> 1474.7735 | P9: =+IFERROR(HLOOKUP($B9,'[2]3월'!$F$6:$CP$99,3,),)/1000 -> 1096.9934 | Q9: =+P9-O9 -> -377.78006 | R9: =+IFERROR(HLOOKUP($B9,'[3]3월'!$F$6:$CC$57,3,),)/1000 -> 908.57352 | S9: =+P9-R9 -> 188.41988 | T9: =+IFERROR(HLOOKUP($B9,'[1]3월'!$D$6:$BN$259,16,),)/1000 -> 20.418977 | U9: =+IFERROR(HLOOKUP($B9,'[2]3월'!$F$6:$CP$99,16,),)/1000 -> -80.522035 | V9: =+U9-T9 -> -100.94101 | W9: =+IFERROR(HLOOKUP($B9,'[3]3월'!$F$6:$CC$57,16,),)/1000 -> -148.3122 | X9: =+U9-W9 -> 67.790166 | Y9: =+[4]파주!$Q$85 -> 98318.231 | Z9: =+[4]파주!$R$85 -> 97858.466 | AA9: =+[5]파주!$Q$85 -> 84220.756 | AB9: =+[4]파주!$Q$89 -> 80311.251 | AC9: =+[4]파주!$R$89 -> 87277.203 | AD9: =+[5]파주!$Q$89 -> 77980.048 | AE9: =+Y9-AB9 -> 18006.98 | AF9: =+Z9-AC9 -> 10581.263 | AG9: =+AA9-AD9 -> 6240.708 | AI9: =+I9 -> 파주 | AJ9: =+J9/$J$27 -> 0.058027079 | AK9: =+K9/$K$27 -> 0.047046085 | AL9: =+AK9-AJ9 -> -0.010980994 | AM9: =+Y9*AL9 -> -1079.6319 | AO9: =+[17]파주!$T$5/[17]합계!$T$5 -> 0.049850302 | AP9: =+AK9-AO9 -> -0.002804217 | AQ9: =+[17]파주!$Q$85*AP9 -> -274.01221
B10: 김포 | G10: =+I10 -> 김포 | I10: 김포 | J10: =+IFERROR(HLOOKUP($B10,'[1]3월'!$D$6:$BN$259,2,),)/1000 -> 13 | K10: =+IFERROR(HLOOKUP($B10,'[2]3월'!$F$6:$CP$99,2,),)/1000 -> 14.1485 | L10: =+K10-J10 -> 1.1485 | M10: =+IFERROR(HLOOKUP($B10,'[3]3월'!$F$6:$CC$57,2,),)/1000 -> 11.811 | N10: =+K10-M10 -> 2.3375 | O10: =+IFERROR(HLOOKUP($B10,'[1]3월'!$D$6:$BN$259,3,),)/1000 -> 1297.8521 | P10: =+IFERROR(HLOOKUP($B10,'[2]3월'!$F$6:$CP$99,3,),)/1000 -> 1343.0547 | Q10: =+P10-O10 -> 45.202604 | R10: =+IFERROR(HLOOKUP($B10,'[3]3월'!$F$6:$CC$57,3,),)/1000 -> 1104.7602 | S10: =+P10-R10 -> 238.29455 | T10: =+IFERROR(HLOOKUP($B10,'[1]3월'!$D$6:$BN$259,16,),)/1000 -> 39.479855 | U10: =+IFERROR(HLOOKUP($B10,'[2]3월'!$F$6:$CP$99,16,),)/1000 -> 17.589357 | V10: =+U10-T10 -> -21.890498 | W10: =+IFERROR(HLOOKUP($B10,'[3]3월'!$F$6:$CC$57,16,),)/1000 -> 38.862012 | X10: =+U10-W10 -> -21.272655 | Y10: =+[4]김포!$Q$85 -> 99834.778 | Z10: =+[4]김포!$R$85 -> 94963.241 | AA10: =+[5]김포!$Q$85 -> 93540.988 | AB10: =+[4]김포!$Q$89 -> 80824.079 | AC10: =+[4]김포!$R$89 -> 80146.743 | AD10: =+[5]김포!$Q$89 -> 75925.281 | AE10: =+Y10-AB10 -> 19010.7 | AF10: =+Z10-AC10 -> 14816.498 | AG10: =+AA10-AD10 -> 17615.707 | AI10: =+I10 -> 김포 | AJ10: =+J10/$J$27 -> 0.050290135 | AK10: =+K10/$K$27 -> 0.059378371 | AL10: =+AK10-AJ10 -> 0.0090882352 | AM10: =+Y10*AL10 -> 907.32194 | AO10: =+[17]김포!$T$5/[17]합계!$T$5 -> 0.045244664 | AP10: =+AK10-AO10 -> 0.014133707 | AQ10: =+[17]김포!$Q$85*AP10 -> 1383.9311
B11: 부산 | G11: =+I11 -> 부산 | I11: 부산 | J11: =+IFERROR(HLOOKUP($B11,'[1]3월'!$D$6:$BN$259,2,),)/1000 -> 20 | K11: =+IFERROR(HLOOKUP($B11,'[2]3월'!$F$6:$CP$99,2,),)/1000 -> 21.737 | L11: =+K11-J11 -> 1.737 | M11: =+IFERROR(HLOOKUP($B11,'[3]3월'!$F$6:$CC$57,2,),)/1000 -> 23.72 | N11: =+K11-M11 -> -1.983 | O11: =+IFERROR(HLOOKUP($B11,'[1]3월'!$D$6:$BN$259,3,),)/1000 -> 2226.0191 | P11: =+IFERROR(HLOOKUP($B11,'[2]3월'!$F$6:$CP$99,3,),)/1000 -> 2591.1933 | Q11: =+P11-O11 -> 365.17419 | R11: =+IFERROR(HLOOKUP($B11,'[3]3월'!$F$6:$CC$57,3,),)/1000 -> 2548.5624 | S11: =+P11-R11 -> 42.63088 | T11: =+IFERROR(HLOOKUP($B11,'[1]3월'!$D$6:$BN$259,16,),)/1000 -> 252.0269 | U11: =+IFERROR(HLOOKUP($B11,'[2]3월'!$F$6:$CP$99,16,),)/1000 -> 323.34982 | V11: =+U11-T11 -> 71.322921 | W11: =+IFERROR(HLOOKUP($B11,'[3]3월'!$F$6:$CC$57,16,),)/1000 -> 403.32277 | X11: =+U11-W11 -> -79.972956 | Y11: =+[4]부산!$Q$85 -> 111300.96 | Z11: =+[4]부산!$R$85 -> 119206.57 | AA11: =+[5]부산!$Q$85 -> 107443.61 | AB11: =+[4]부산!$Q$89 -> 85361.195 | AC11: =+[4]부산!$R$89 -> 93223.681 | AD11: =+[5]부산!$Q$89 -> 80237.381 | AE11: =+Y11-AB11 -> 25939.76 | AF11: =+Z11-AC11 -> 25982.893 | AG11: =+AA11-AD11 -> 27206.229 | AI11: =+I11 -> 부산 | AJ11: =+J11/$J$27 -> 0.077369439 | AK11: =+K11/$K$27 -> 0.091225758 | AL11: =+AK11-AJ11 -> 0.013856319 | AM11: =+Y11*AL11 -> 1542.2216 | AO11: =+[17]부산!$T$5/[17]합계!$T$5 -> 0.11544095 | AP11: =+AK11-AO11 -> -0.024215189 | AQ11: =+[17]부산!$Q$85*AP11 -> -2815.3147
B12: 서부산 | G12: =+I12 -> 서부산 | I12: 서부산 | J12: =+IFERROR(HLOOKUP($B12,'[1]3월'!$D$6:$BN$259,2,),)/1000 -> 20 | K12: =+IFERROR(HLOOKUP($B12,'[2]3월'!$F$6:$CP$99,2,),)/1000 -> 20.056 | L12: =+K12-J12 -> 0.056 | M12: =+IFERROR(HLOOKUP($B12,'[3]3월'!$F$6:$CC$57,2,),)/1000 -> 17.535 | N12: =+K12-M12 -> 2.521 | O12: =+IFERROR(HLOOKUP($B12,'[1]3월'!$D$6:$BN$259,3,),)/1000 -> 2081.7196 | P12: =+IFERROR(HLOOKUP($B12,'[2]3월'!$F$6:$CP$99,3,),)/1000 -> 2055.1996 | Q12: =+P12-O12 -> -26.519993 | R12: =+IFERROR(HLOOKUP($B12,'[3]3월'!$F$6:$CC$57,3,),)/1000 -> 1689.652 | S12: =+P12-R12 -> 365.54758 | T12: =+IFERROR(HLOOKUP($B12,'[1]3월'!$D$6:$BN$259,16,),)/1000 -> 303.00485 | U12: =+IFERROR(HLOOKUP($B12,'[2]3월'!$F$6:$CP$99,16,),)/1000 -> 209.67643 | V12: =+U12-T12 -> -93.328419 | W12: =+IFERROR(HLOOKUP($B12,'[3]3월'!$F$6:$CC$57,16,),)/1000 -> 146.35766 | X12: =+U12-W12 -> 63.318773 | Y12: =+[4]서부산!$Q$85 -> 104085.98 | Z12: =+[4]서부산!$R$85 -> 102473.06 | AA12: =+[5]서부산!$Q$85 -> 96358.826 | AB12: =+[4]서부산!$Q$89 -> 77887.256 | AC12: =+[4]서부산!$R$89 -> 81377.049 | AD12: =+[5]서부산!$Q$89 -> 75437.947 | AE12: =+Y12-AB12 -> 26198.724 | AF12: =+Z12-AC12 -> 21096.007 | AG12: =+AA12-AD12 -> 20920.879 | AI12: =+I12 -> 서부산 | AJ12: =+J12/$J$27 -> 0.077369439 | AK12: =+K12/$K$27 -> 0.084170944 | AL12: =+AK12-AJ12 -> 0.0068015048 | AM12: =+Y12*AL12 -> 707.94129 | AO12: =+[17]서부산!$T$5/[17]합계!$T$5 -> 0.069372798 | AP12: =+AK12-AO12 -> 0.014798146 | AQ12: =+[17]서부산!$Q$85*AP12 -> 1515.1393
B13: 김해 | G13: =+I13 -> 김해 | I13: 김해 | J13: =+IFERROR(HLOOKUP($B13,'[1]3월'!$D$6:$BN$259,2,),)/1000 -> 9 | K13: =+IFERROR(HLOOKUP($B13,'[2]3월'!$F$6:$CP$99,2,),)/1000 -> 7.2515 | L13: =+K13-J13 -> -1.7485 | M13: =+IFERROR(HLOOKUP($B13,'[3]3월'!$F$6:$CC$57,2,),)/1000 -> 12.503 | N13: =+K13-M13 -> -5.2515 | O13: =+IFERROR(HLOOKUP($B13,'[1]3월'!$D$6:$BN$259,3,),)/1000 -> 911.64043 | P13: =+IFERROR(HLOOKUP($B13,'[2]3월'!$F$6:$CP$99,3,),)/1000 -> 725.06585 | Q13: =+P13-O13 -> -186.57458 | R13: =+IFERROR(HLOOKUP($B13,'[3]3월'!$F$6:$CC$57,3,),)/1000 -> 1140.8359 | S13: =+P13-R13 -> -415.77005 | T13: =+IFERROR(HLOOKUP($B13,'[1]3월'!$D$6:$BN$259,16,),)/1000 -> 66.063919 | U13: =+IFERROR(HLOOKUP($B13,'[2]3월'!$F$6:$CP$99,16,),)/1000 -> 13.214121 | V13: =+U13-T13 -> -52.849798 | W13: =+IFERROR(HLOOKUP($B13,'[3]3월'!$F$6:$CC$57,16,),)/1000 -> 55.355958 | X13: =+U13-W13 -> -42.141837 | Y13: =+[4]김해!$Q$85 -> 101293.38 | Z13: =+[4]김해!$R$85 -> 99988.396 | AA13: =+[5]김해!$Q$85 -> 91228.592 | AB13: =+[4]김해!$Q$89 -> 78336.699 | AC13: =+[4]김해!$R$89 -> 80812.247 | AD13: =+[5]김해!$Q$89 -> 75407.766 | AE13: =+Y13-AB13 -> 22956.682 | AF13: =+Z13-AC13 -> 19176.148 | AG13: =+AA13-AD13 -> 15820.827 | AI13: =+I13 -> 김해 | AJ13: =+J13/$J$27 -> 0.034816248 | AK13: =+K13/$K$27 -> 0.030433067 | AL13: =+AK13-AJ13 -> -0.0043831802 | AM13: =+Y13*AL13 -> -443.98714 | AO13: =+[17]김해!$T$5/[17]합계!$T$5 -> 0.031068943 | AP13: =+AK13-AO13 -> -0.00063587601 | AQ13: =+[17]김해!$Q$85*AP13 -> -65.150409
B14: 정관 | G14: =+I14 -> 정관 | I14: 정관 | J14: =+IFERROR(HLOOKUP($B14,'[1]3월'!$D$6:$BN$259,2,),)/1000 -> 21 | K14: =+IFERROR(HLOOKUP($B14,'[2]3월'!$F$6:$CP$99,2,),)/1000 -> 12.903 | L14: =+K14-J14 -> -8.097 | M14: =+IFERROR(HLOOKUP($B14,'[3]3월'!$F$6:$CC$57,2,),)/1000 -> 19.81 | N14: =+K14-M14 -> -6.907 | O14: =+IFERROR(HLOOKUP($B14,'[1]3월'!$D$6:$BN$259,3,),)/1000 -> 2226.0583 | P14: =+IFERROR(HLOOKUP($B14,'[2]3월'!$F$6:$CP$99,3,),)/1000 -> 1392.4882 | Q14: =+P14-O14 -> -833.57013 | R14: =+IFERROR(HLOOKUP($B14,'[3]3월'!$F$6:$CC$57,3,),)/1000 -> 1937.8749 | S14: =+P14-R14 -> -545.38669 | T14: =+IFERROR(HLOOKUP($B14,'[1]3월'!$D$6:$BN$259,16,),)/1000 -> 240.64452 | U14: =+IFERROR(HLOOKUP($B14,'[2]3월'!$F$6:$CP$99,16,),)/1000 -> 69.741612 | V14: =+U14-T14 -> -170.90291 | W14: =+IFERROR(HLOOKUP($B14,'[3]3월'!$F$6:$CC$57,16,),)/1000 -> 121.8508 | X14: =+U14-W14 -> -52.109191 | Y14: =+[4]정관!$Q$85 -> 106002.78 | Z14: =+[4]정관!$R$85 -> 107919.72 | AA14: =+[5]정관!$Q$85 -> 97823.064 | AB14: =+[4]정관!$Q$89 -> 83788.687 | AC14: =+[4]정관!$R$89 -> 84591.566 | AD14: =+[5]정관!$Q$89 -> 82325.942 | AE14: =+Y14-AB14 -> 22214.091 | AF14: =+Z14-AC14 -> 23328.158 | AG14: =+AA14-AD14 -> 15497.121 | AI14: =+I14 -> 정관 | AJ14: =+J14/$J$27 -> 0.081237911 | AK14: =+K14/$K$27 -> 0.054151261 | AL14: =+AK14-AJ14 -> -0.02708665 | AM14: =+Y14*AL14 -> -2871.2601 | AO14: =+[17]정관!$T$5/[17]합계!$T$5 -> 0.061949661 | AP14: =+AK14-AO14 -> -0.0077984006 | AQ14: =+[17]정관!$Q$85*AP14 -> -846.544
B15: 양산 | G15: =+I15 -> 양산 | I15: 양산 | J15: =+IFERROR(HLOOKUP($B15,'[1]3월'!$D$6:$BN$259,2,),)/1000 -> 9 | K15: =+IFERROR(HLOOKUP($B15,'[2]3월'!$F$6:$CP$99,2,),)/1000 -> 4.772 | L15: =+K15-J15 -> -4.228 | M15: =+IFERROR(HLOOKUP($B15,'[3]3월'!$F$6:$CC$57,2,),)/1000 -> 9.625 | N15: =+K15-M15 -> -4.853 | O15: =+IFERROR(HLOOKUP($B15,'[1]3월'!$D$6:$BN$259,3,),)/1000 -> 907.45654 | P15: =+IFERROR(HLOOKUP($B15,'[2]3월'!$F$6:$CP$99,3,),)/1000 -> 504.3358 | Q15: =+P15-O15 -> -403.12074 | R15: =+IFERROR(HLOOKUP($B15,'[3]3월'!$F$6:$CC$57,3,),)/1000 -> 913.03398 | S15: =+P15-R15 -> -408.69818 | T15: =+IFERROR(HLOOKUP($B15,'[1]3월'!$D$6:$BN$259,16,),)/1000 -> 57.547751 | U15: =+IFERROR(HLOOKUP($B15,'[2]3월'!$F$6:$CP$99,16,),)/1000 -> 10.974981 | V15: =+U15-T15 -> -46.57277 | W15: =+IFERROR(HLOOKUP($B15,'[3]3월'!$F$6:$CC$57,16,),)/1000 -> 64.674861 | X15: =+U15-W15 -> -53.69988 | Y15: =+[4]양산!$Q$85 -> 100828.5 | Z15: =+[4]양산!$R$85 -> 105686.46 | AA15: =+[5]양산!$Q$85 -> 94860.673 | AB15: =+[4]양산!$Q$89 -> 77145.469 | AC15: =+[4]양산!$R$89 -> 78262.687 | AD15: =+[5]양산!$Q$89 -> 72164.361 | AE15: =+Y15-AB15 -> 23683.035 | AF15: =+Z15-AC15 -> 27423.776 | AG15: =+AA15-AD15 -> 22696.312 | AI15: =+I15 -> 양산 | AJ15: =+J15/$J$27 -> 0.034816248 | AK15: =+K15/$K$27 -> 0.020027111 | AL15: =+AK15-AJ15 -> -0.014789136 | AM15: =+Y15*AL15 -> -1491.1665 | AO15: =+[17]양산!$T$5/[17]합계!$T$5 -> 0.019957767 | AP15: =+AK15-AO15 -> 6.9344361e-05 | AQ15: =+[17]양산!$Q$85*AP15 -> 7.3688777
B16: 창원 | G16: =+I16 -> 창원 | I16: 창원 | J16: =+IFERROR(HLOOKUP($B16,'[1]3월'!$D$6:$BN$259,2,),)/1000 -> 12 | K16: =+IFERROR(HLOOKUP($B16,'[2]3월'!$F$6:$CP$99,2,),)/1000 -> 8.648 | L16: =+K16-J16 -> -3.352 | M16: =+IFERROR(HLOOKUP($B16,'[3]3월'!$F$6:$CC$57,2,),)/1000 -> 10.865 | N16: =+K16-M16 -> -2.217 | O16: =+IFERROR(HLOOKUP($B16,'[1]3월'!$D$6:$BN$259,3,),)/1000 -> 1163.0699 | P16: =+IFERROR(HLOOKUP($B16,'[2]3월'!$F$6:$CP$99,3,),)/1000 -> 851.405 | Q16: =+P16-O16 -> -311.66489 | R16: =+IFERROR(HLOOKUP($B16,'[3]3월'!$F$6:$CC$57,3,),)/1000 -> 1063.0202 | S16: =+P16-R16 -> -211.61523 | T16: =+IFERROR(HLOOKUP($B16,'[1]3월'!$D$6:$BN$259,16,),)/1000 -> 52.912265 | U16: =+IFERROR(HLOOKUP($B16,'[2]3월'!$F$6:$CP$99,16,),)/1000 -> 26.96316 | V16: =+U16-T16 -> -25.949105 | W16: =+IFERROR(HLOOKUP($B16,'[3]3월'!$F$6:$CC$57,16,),)/1000 -> 89.749104 | X16: =+U16-W16 -> -62.785944 | Y16: =+[4]창원!$Q$85 -> 96922.491 | Z16: =+[4]창원!$R$85 -> 98451.087 | AA16: =+[5]창원!$Q$85 -> 97838.954 | AB16: =+[4]창원!$Q$89 -> 77259.402 | AC16: =+[4]창원!$R$89 -> 74459.445 | AD16: =+[5]창원!$Q$89 -> 73565.78 | AE16: =+Y16-AB16 -> 19663.089 | AF16: =+Z16-AC16 -> 23991.642 | AG16: =+AA16-AD16 -> 24273.173 | AI16: =+I16 -> 창원 | AJ16: =+J16/$J$27 -> 0.046421663 | AK16: =+K16/$K$27 -> 0.036293893 | AL16: =+AK16-AJ16 -> -0.01012777 | AM16: =+Y16*AL16 -> -981.60872 | AO16: =+[17]창원!$T$5/[17]합계!$T$5 -> 0.05549118 | AP16: =+AK16-AO16 -> -0.019197287 | AQ16: =+[17]창원!$Q$85*AP16 -> -1809.4955
B17: 대구 | G17: =+I17 -> 대구 | I17: 대구 | J17: =+IFERROR(HLOOKUP($B17,'[1]3월'!$D$6:$BN$259,2,),)/1000 -> 7.5 | K17: =+IFERROR(HLOOKUP($B17,'[2]3월'!$F$6:$CP$99,2,),)/1000 -> 3.1665 | L17: =+K17-J17 -> -4.3335 | M17: =+IFERROR(HLOOKUP($B17,'[3]3월'!$F$6:$CC$57,2,),)/1000 -> 11.223 | N17: =+K17-M17 -> -8.0565 | O17: =+IFERROR(HLOOKUP($B17,'[1]3월'!$D$6:$BN$259,3,),)/1000 -> 682.33096 | P17: =+IFERROR(HLOOKUP($B17,'[2]3월'!$F$6:$CP$99,3,),)/1000 -> 269.20048 | Q17: =+P17-O17 -> -413.13048 | R17: =+IFERROR(HLOOKUP($B17,'[3]3월'!$F$6:$CC$57,3,),)/1000 -> 978.89496 | S17: =+P17-R17 -> -709.69448 | T17: =+IFERROR(HLOOKUP($B17,'[1]3월'!$D$6:$BN$259,16,),)/1000 -> -30.554162 | U17: =+IFERROR(HLOOKUP($B17,'[2]3월'!$F$6:$CP$99,16,),)/1000 -> -105.44824 | V17: =+U17-T17 -> -74.894079 | W17: =+IFERROR(HLOOKUP($B17,'[3]3월'!$F$6:$CC$57,16,),)/1000 -> -23.079407 | X17: =+U17-W17 -> -82.368834 | Y17: =+[4]대구!$Q$85 -> 90977.461 | Z17: =+[4]대구!$R$85 -> 85015.152 | AA17: =+[5]대구!$Q$85 -> 87222.219 | AB17: =+[4]대구!$Q$89 -> 71227.888 | AC17: =+[4]대구!$R$89 -> 71587.357 | AD17: =+[5]대구!$Q$89 -> 74076.489 | AE17: =+Y17-AB17 -> 19749.573 | AF17: =+Z17-AC17 -> 13427.796 | AG17: =+AA17-AD17 -> 13145.73 | AI17: =+I17 -> 대구 | AJ17: =+J17/$J$27 -> 0.02901354 | AK17: =+K17/$K$27 -> 0.013289155 | AL17: =+AK17-AJ17 -> -0.015724385 | AM17: =+Y17*AL17 -> -1430.5646 | AO17: =+[17]대구!$T$5/[17]합계!$T$5 -> 0.025839808 | AP17: =+AK17-AO17 -> -0.012550653 | AQ17: =+[17]대구!$Q$85*AP17 -> -1084.8611
B18: 울산 | G18: =+I18 -> 울산 | I18: 울산 | J18: =+IFERROR(HLOOKUP($B18,'[1]3월'!$D$6:$BN$259,2,),)/1000 -> 11.5 | K18: =+IFERROR(HLOOKUP($B18,'[2]3월'!$F$6:$CP$99,2,),)/1000 -> 11.961 | L18: =+K18-J18 -> 0.461 | M18: =+IFERROR(HLOOKUP($B18,'[3]3월'!$F$6:$CC$57,2,),)/1000 -> 12.057 | N18: =+K18-M18 -> -0.096 | O18: =+IFERROR(HLOOKUP($B18,'[1]3월'!$D$6:$BN$259,3,),)/1000 -> 1200.0602 | P18: =+IFERROR(HLOOKUP($B18,'[2]3월'!$F$6:$CP$99,3,),)/1000 -> 1252.0218 | Q18: =+P18-O18 -> 51.961589 | R18: =+IFERROR(HLOOKUP($B18,'[3]3월'!$F$6:$CC$57,3,),)/1000 -> 1257.1629 | S18: =+P18-R18 -> -5.1411 | T18: =+IFERROR(HLOOKUP($B18,'[1]3월'!$D$6:$BN$259,16,),)/1000 -> 82.087013 | U18: =+IFERROR(HLOOKUP($B18,'[2]3월'!$F$6:$CP$99,16,),)/1000 -> 95.170722 | V18: =+U18-T18 -> 13.083709 | W18: =+IFERROR(HLOOKUP($B18,'[3]3월'!$F$6:$CC$57,16,),)/1000 -> 108.61426 | X18: =+U18-W18 -> -13.443537 | Y18: =+[4]울산!$Q$85 -> 104353.06 | Z18: =+[4]울산!$R$85 -> 104675.34 | AA18: =+[5]울산!$Q$85 -> 104268.3 | AB18: =+[4]울산!$Q$89 -> 82849.095 | AC18: =+[4]울산!$R$89 -> 84513.552 | AD18: =+[5]울산!$Q$89 -> 83859.972 | AE18: =+Y18-AB18 -> 21503.967 | AF18: =+Z18-AC18 -> 20161.793 | AG18: =+AA18-AD18 -> 20408.329 | AI18: =+I18 -> 울산 | AJ18: =+J18/$J$27 -> 0.044487427 | AK18: =+K18/$K$27 -> 0.050197879 | AL18: =+AK18-AJ18 -> 0.0057104515 | AM18: =+Y18*AL18 -> 595.9031 | AO18: =+[17]울산!$T$5/[17]합계!$T$5 -> 0.055708815 | AP18: =+AK18-AO18 -> -0.0055109365 | AQ18: =+[17]울산!$Q$85*AP18 -> -607.79153
B19: 아산 | G19: =+I19 -> 아산 | I19: 아산 | J19: =+IFERROR(HLOOKUP($B19,'[1]3월'!$D$6:$BN$259,2,),)/1000 -> 22 | K19: =+IFERROR(HLOOKUP($B19,'[2]3월'!$F$6:$CP$99,2,),)/1000 -> 22.192 | L19: =+K19-J19 -> 0.192 | M19: =+IFERROR(HLOOKUP($B19,'[3]3월'!$F$6:$CC$57,2,),)/1000 -> 23.404 | N19: =+K19-M19 -> -1.212 | O19: =+IFERROR(HLOOKUP($B19,'[1]3월'!$D$6:$BN$259,3,),)/1000 -> 2123.7376 | P19: =+IFERROR(HLOOKUP($B19,'[2]3월'!$F$6:$CP$99,3,),)/1000 -> 2151.5586 | Q19: =+P19-O19 -> 27.820932 | R19: =+IFERROR(HLOOKUP($B19,'[3]3월'!$F$6:$CC$57,3,),)/1000 -> 2354.1826 | S19: =+P19-R19 -> -202.62407 | T19: =+IFERROR(HLOOKUP($B19,'[1]3월'!$D$6:$BN$259,16,),)/1000 -> 88.591762 | U19: =+IFERROR(HLOOKUP($B19,'[2]3월'!$F$6:$CP$99,16,),)/1000 -> 69.207642 | V19: =+U19-T19 -> -19.38412 | W19: =+IFERROR(HLOOKUP($B19,'[3]3월'!$F$6:$CC$57,16,),)/1000 -> 139.57025 | X19: =+U19-W19 -> -70.362605 | Y19: =+[4]아산!$Q$85 -> 96533.529 | Z19: =+[4]아산!$R$85 -> 96951.99 | AA19: =+[5]아산!$Q$85 -> 100519.81 | AB19: =+[4]아산!$Q$89 -> 80262.721 | AC19: =+[4]아산!$R$89 -> 82536.642 | AD19: =+[5]아산!$Q$89 -> 84239.872 | AE19: =+Y19-AB19 -> 16270.808 | AF19: =+Z19-AC19 -> 14415.348 | AG19: =+AA19-AD19 -> 16279.937 | AI19: =+I19 -> 아산 | AJ19: =+J19/$J$27 -> 0.085106383 | AK19: =+K19/$K$27 -> 0.093135301 | AL19: =+AK19-AJ19 -> 0.0080289175 | AM19: =+Y19*AL19 -> 775.05974 | AO19: =+[17]아산!$T$5/[17]합계!$T$5 -> 0.093518578 | AP19: =+AK19-AO19 -> -0.00038327792 | AQ19: =+[17]아산!$Q$85*AP19 -> -39.175475
B20: 전주 | G20: =+I20 -> 전주 | I20: 전주 | J20: =+IFERROR(HLOOKUP($B20,'[1]3월'!$D$6:$BN$259,2,),)/1000 -> 10 | K20: =+IFERROR(HLOOKUP($B20,'[2]3월'!$F$6:$CP$99,2,),)/1000 -> 13.624 | L20: =+K20-J20 -> 3.624 | M20: =+IFERROR(HLOOKUP($B20,'[3]3월'!$F$6:$CC$57,2,),)/1000 -> 17.8155 | N20: =+K20-M20 -> -4.1915 | O20: =+IFERROR(HLOOKUP($B20,'[1]3월'!$D$6:$BN$259,3,),)/1000 -> 1019.9031 | P20: =+IFERROR(HLOOKUP($B20,'[2]3월'!$F$6:$CP$99,3,),)/1000 -> 1366.0041 | Q20: =+P20-O20 -> 346.10096 | R20: =+IFERROR(HLOOKUP($B20,'[3]3월'!$F$6:$CC$57,3,),)/1000 -> 1722.0858 | S20: =+P20-R20 -> -356.08169 | T20: =+IFERROR(HLOOKUP($B20,'[1]3월'!$D$6:$BN$259,16,),)/1000 -> 64.392708 | U20: =+IFERROR(HLOOKUP($B20,'[2]3월'!$F$6:$CP$99,16,),)/1000 -> 138.57817 | V20: =+U20-T20 -> 74.185467 | W20: =+IFERROR(HLOOKUP($B20,'[3]3월'!$F$6:$CC$57,16,),)/1000 -> 206.10743 | X20: =+U20-W20 -> -67.529258 | Y20: =+[4]전주!$Q$85 -> 101990.31 | Z20: =+[4]전주!$R$85 -> 100264.54 | AA20: =+[5]전주!$Q$85 -> 96662.221 | AB20: =+[4]전주!$Q$89 -> 78111.504 | AC20: =+[4]전주!$R$89 -> 78560.188 | AD20: =+[5]전주!$Q$89 -> 75942.791 | AE20: =+Y20-AB20 -> 23878.81 | AF20: =+Z20-AC20 -> 21704.352 | AG20: =+AA20-AD20 -> 20719.429 | AI20: =+I20 -> 전주 | AJ20: =+J20/$J$27 -> 0.03868472 | AK20: =+K20/$K$27 -> 0.057177151 | AL20: =+AK20-AJ20 -> 0.018492431 | AM20: =+Y20*AL20 -> 1886.0489 | AO20: =+[17]전주!$T$5/[17]합계!$T$5 -> 0.039544965 | AP20: =+AK20-AO20 -> 0.017632186 | AQ20: =+[17]전주!$Q$85*AP20 -> 1680.5155
B21: 군산 | G21: =+I21 -> 군산 | I21: 군산 | J21: =+IFERROR(HLOOKUP($B21,'[1]3월'!$D$6:$BN$259,2,),)/1000 -> 4.5 | K21: =+IFERROR(HLOOKUP($B21,'[2]3월'!$F$6:$CP$99,2,),)/1000 -> 5.036 | L21: =+K21-J21 -> 0.536 | M21: =+IFERROR(HLOOKUP($B21,'[3]3월'!$F$6:$CC$57,2,),)/1000 -> 5.4375 | N21: =+K21-M21 -> -0.4015 | O21: =+IFERROR(HLOOKUP($B21,'[1]3월'!$D$6:$BN$259,3,),)/1000 -> 490.64128 | P21: =+IFERROR(HLOOKUP($B21,'[2]3월'!$F$6:$CP$99,3,),)/1000 -> 542.76393 | Q21: =+P21-O21 -> 52.122648 | R21: =+IFERROR(HLOOKUP($B21,'[3]3월'!$F$6:$CC$57,3,),)/1000 -> 622.1095 | S21: =+P21-R21 -> -79.34557 | T21: =+IFERROR(HLOOKUP($B21,'[1]3월'!$D$6:$BN$259,16,),)/1000 -> 75.349109 | U21: =+IFERROR(HLOOKUP($B21,'[2]3월'!$F$6:$CP$99,16,),)/1000 -> 88.678597 | V21: =+U21-T21 -> 13.329488 | W21: =+IFERROR(HLOOKUP($B21,'[3]3월'!$F$6:$CC$57,16,),)/1000 -> 131.89843 | X21: =+U21-W21 -> -43.21983 | Y21: =+[4]군산!$Q$85 -> 109031.4 | Z21: =+[4]군산!$R$85 -> 107776.79 | AA21: =+[5]군산!$Q$85 -> 114410.94 | AB21: =+[4]군산!$Q$89 -> 73107.154 | AC21: =+[4]군산!$R$89 -> 73736.204 | AD21: =+[5]군산!$Q$89 -> 74829.89 | AE21: =+Y21-AB21 -> 35924.242 | AF21: =+Z21-AC21 -> 34040.589 | AG21: =+AA21-AD21 -> 39581.053 | AI21: =+I21 -> 군산 | AJ21: =+J21/$J$27 -> 0.017408124 | AK21: =+K21/$K$27 -> 0.021135065 | AL21: =+AK21-AJ21 -> 0.0037269417 | AM21: =+Y21*AL21 -> 406.35366 | AO21: =+[17]군산!$T$5/[17]합계!$T$5 -> 0.011711145 | AP21: =+AK21-AO21 -> 0.0094239208 | AQ21: =+[17]군산!$Q$85*AP21 -> 1026.6921
B22: 원주 | G22: =+I22 -> 원주 | I22: 원주 | J22: =+IFERROR(HLOOKUP($B22,'[1]3월'!$D$6:$BN$259,2,),)/1000 -> 4 | K22: =+IFERROR(HLOOKUP($B22,'[2]3월'!$F$6:$CP$99,2,),)/1000 -> 3.6445 | L22: =+K22-J22 -> -0.3555 | M22: =+IFERROR(HLOOKUP($B22,'[3]3월'!$F$6:$CC$57,2,),)/1000 -> 2.4635 | N22: =+K22-M22 -> 1.181 | O22: =+IFERROR(HLOOKUP($B22,'[1]3월'!$D$6:$BN$259,3,),)/1000 -> 443.80848 | P22: =+IFERROR(HLOOKUP($B22,'[2]3월'!$F$6:$CP$99,3,),)/1000 -> 467.4732 | Q22: =+P22-O22 -> 23.664719 | R22: =+IFERROR(HLOOKUP($B22,'[3]3월'!$F$6:$CC$57,3,),)/1000 -> 229.70775 | S22: =+P22-R22 -> 237.76545 | T22: =+IFERROR(HLOOKUP($B22,'[1]3월'!$D$6:$BN$259,16,),)/1000 -> 57.095763 | U22: =+IFERROR(HLOOKUP($B22,'[2]3월'!$F$6:$CP$99,16,),)/1000 -> 93.604436 | V22: =+U22-T22 -> 36.508673 | W22: =+IFERROR(HLOOKUP($B22,'[3]3월'!$F$6:$CC$57,16,),)/1000 -> -35.664611 | X22: =+U22-W22 -> 129.26905 | Y22: =+[4]원주!$Q$85 -> 110952.12 | Z22: =+[4]원주!$R$85 -> 128270.07 | AA22: =+[5]원주!$Q$85 -> 93244.471 | AB22: =+[4]원주!$Q$89 -> 72014.763 | AC22: =+[4]원주!$R$89 -> 80707.768 | AD22: =+[5]원주!$Q$89 -> 72003.515 | AE22: =+Y22-AB22 -> 38937.357 | AF22: =+Z22-AC22 -> 47562.301 | AG22: =+AA22-AD22 -> 21240.956 | AI22: =+I22 -> 원주 | AJ22: =+J22/$J$27 -> 0.015473888 | AK22: =+K22/$K$27 -> 0.015295224 | AL22: =+AK22-AJ22 -> -0.00017866419 | AM22: =+Y22*AL22 -> -19.82317 | AO22: =+[17]원주!$T$5/[17]합계!$T$5 -> 0.0086760113 | AP22: =+AK22-AO22 -> 0.0066192124 | AQ22: =+[17]원주!$Q$85*AP22 -> 850.11734
B23: 제주 | F23: =+K27-J27 -> -20.223 | G23: =+I23 -> 제주 | I23: 제주 | J23: =+IFERROR(HLOOKUP($B23,'[1]3월'!$D$6:$BN$259,2,),)/1000 -> 6 | K23: =+IFERROR(HLOOKUP($B23,'[2]3월'!$F$6:$CP$99,2,),)/1000 -> 4.0345 | L23: =+K23-J23 -> -1.9655 | M23: =+IFERROR(HLOOKUP($B23,'[3]3월'!$F$6:$CC$57,2,),)/1000 -> 5.9985 | N23: =+K23-M23 -> -1.964 | O23: =+IFERROR(HLOOKUP($B23,'[1]3월'!$D$6:$BN$259,3,),)/1000 -> 736.26162 | P23: =+IFERROR(HLOOKUP($B23,'[2]3월'!$F$6:$CP$99,3,),)/1000 -> 512.59695 | Q23: =+P23-O23 -> -223.66467 | R23: =+IFERROR(HLOOKUP($B23,'[3]3월'!$F$6:$CC$57,3,),)/1000 -> 727.00038 | S23: =+P23-R23 -> -214.40344 | T23: =+IFERROR(HLOOKUP($B23,'[1]3월'!$D$6:$BN$259,16,),)/1000 -> 64.524357 | U23: =+IFERROR(HLOOKUP($B23,'[2]3월'!$F$6:$CP$99,16,),)/1000 -> 22.333354 | V23: =+U23-T23 -> -42.191003 | W23: =+IFERROR(HLOOKUP($B23,'[3]3월'!$F$6:$CC$57,16,),)/1000 -> 105.08774 | X23: =+U23-W23 -> -82.754384 | Y23: =+[4]제주!$Q$85 -> 122710.27 | Z23: =+[4]제주!$R$85 -> 127053.4 | AA23: =+[5]제주!$Q$85 -> 121197.03 | AB23: =+[4]제주!$Q$89 -> 94781.791 | AC23: =+[4]제주!$R$89 -> 98534.104 | AD23: =+[5]제주!$Q$89 -> 89275.848 | AE23: =+Y23-AB23 -> 27928.479 | AF23: =+Z23-AC23 -> 28519.297 | AG23: =+AA23-AD23 -> 31921.182 | AI23: =+I23 -> 제주 | AJ23: =+J23/$J$27 -> 0.023210832 | AK23: =+K23/$K$27 -> 0.016931974 | AL23: =+AK23-AJ23 -> -0.0062788576 | AM23: =+Y23*AL23 -> -770.48031 | AO23: =+[17]제주!$T$5/[17]합계!$T$5 -> 0.018993112 | AP23: =+AK23-AO23 -> -0.002061138 | AQ23: =+[17]제주!$Q$85*AP23 -> -265.94435
F24: =+K24/J24 -> 0.97304902 | G24: =+I24 -> 수도권 | I24: 수도권 | J24: =SUM(J7:J10) -> 102 | K24: =SUM(K7:K10) -> 99.251 | L24: =+K24-J24 -> -2.749 | M24: =SUM(M7:M10) -> 93.47 | N24: =+K24-M24 -> 5.781 | O24: =SUM(O7:O10) -> 10218.892 | P24: =SUM(P7:P10) -> 9803.9918 | Q24: =+P24-O24 -> -414.90012 | R24: =SUM(R7:R10) -> 8695.0243 | S24: =+P24-R24 -> 1108.9676 | T24: =SUM(T7:T10) -> 693.49338 | U24: =SUM(U7:U10) -> 358.41098 | V24: =+U24-T24 -> -335.08239 | W24: =SUM(W7:W10) -> 179.04149 | X24: =+U24-W24 -> 179.36949 | Y24: =+[4]수도권!$Q$85 -> 100185.22 | Z24: =+[4]수도권!$R$85 -> 98854.894 | AA24: =+[5]수도권!$Q$85 -> 93007.036 | AB24: =+[4]수도권!$Q$89 -> 82324.002 | AC24: =+[4]수도권!$R$89 -> 84635.267 | AD24: =+[5]수도권!$Q$89 -> 80706.855 | AE24: =+Y24-AB24 -> 17861.214 | AF24: =+Z24-AC24 -> 14219.627 | AG24: =+AA24-AD24 -> 12300.18 | AI24: =+I24 -> 수도권 | AJ24: =+J24/$J$27 -> 0.39458414 | AK24: =+K24/$K$27 -> 0.41653622 | AL24: =+AK24-AJ24 -> 0.021952077 | AM24: =+Y24*AL24 -> 2199.2736 | AO24: =+[17]수도권!$T$5/[17]합계!$T$5 -> 0.39272627 | AP24: =+AK24-AO24 -> 0.023809949 | AQ24: =+[17]수도권!$Q$85*AP24 -> 2441.7843
F25: =+K25/J25 -> 0.82268182 | G25: =+I25 -> 영남권 | I25: 영남권 | J25: =SUM(J11:J18) -> 110 | K25: =SUM(K11:K18) -> 90.495 | L25: =+K25-J25 -> -19.505 | M25: =SUM(M11:M18) -> 117.338 | N25: =+K25-M25 -> -26.843 | O25: =SUM(O11:O18) -> 11398.355 | P25: =SUM(P11:P18) -> 9640.91 | Q25: =+P25-O25 -> -1757.445 | R25: =SUM(R11:R18) -> 11529.037 | S25: =+P25-R25 -> -1888.1273 | T25: =SUM(T11:T18) -> 1023.7331 | U25: =SUM(U11:U18) -> 643.6426 | V25: =+U25-T25 -> -380.09045 | W25: =SUM(W11:W18) -> 966.84601 | X25: =+U25-W25 -> -323.20341 | Y25: =+[4]영남권!$Q$85 -> 103621.41 | Z25: =+[4]영남권!$R$85 -> 106535.28 | AA25: =+[5]영남권!$Q$85 -> 98256.721 | AB25: =+[4]영남권!$Q$89 -> 80345.068 | AC25: =+[4]영남권!$R$89 -> 83883.736 | AD25: =+[5]영남권!$Q$89 -> 77832.414 | AE25: =+Y25-AB25 -> 23276.341 | AF25: =+Z25-AC25 -> 22651.543 | AG25: =+AA25-AD25 -> 20424.307 | AI25: =+I25 -> 영남권 | AJ25: =+J25/$J$27 -> 0.42553191 | AK25: =+K25/$K$27 -> 0.37978907 | AL25: =+AK25-AJ25 -> -0.045742846 | AM25: =+Y25*AL25 -> -4739.9382 | AO25: =+[17]영남권!$T$5/[17]합계!$T$5 -> 0.43482992 | AP25: =+AK25-AO25 -> -0.055040852 | AQ25: =+[17]영남권!$Q$85*AP25 -> -5843.1061
F26: =+K26/J26 -> 1.0436774 | G26: =+I26 -> 중부권 | I26: 중부권 | J26: =SUM(J19:J23) -> 46.5 | K26: =SUM(K19:K23) -> 48.531 | L26: =+K26-J26 -> 2.031 | M26: =SUM(M19:M23) -> 55.119 | N26: =+K26-M26 -> -6.588 | O26: =SUM(O19:O23) -> 4814.3522 | P26: =SUM(P19:P23) -> 5040.3967 | Q26: =+P26-O26 -> 226.04459 | R26: =SUM(R19:R23) -> 5655.0861 | S26: =+P26-R26 -> -614.68932 | T26: =SUM(T19:T23) -> 349.9537 | U26: =SUM(U19:U23) -> 412.4022 | V26: =+U26-T26 -> 62.448506 | W26: =SUM(W19:W23) -> 546.99923 | X26: =+U26-W26 -> -134.59703 | Y26: =+[4]중부권!$Q$85 -> 103534.46 | Z26: =+[4]중부권!$R$85 -> 103857.2 | AA26: =+[5]중부권!$Q$85 -> 102574.02 | AB26: =+[4]중부권!$Q$89 -> 80271.546 | AC26: =+[4]중부권!$R$89 -> 81700.099 | AD26: =+[5]중부권!$Q$89 -> 80620.6 | AE26: =+Y26-AB26 -> 23262.909 | AF26: =+Z26-AC26 -> 22157.104 | AG26: =+AA26-AD26 -> 21953.416 | AI26: =+I26 -> 중부권 | AJ26: =+J26/$J$27 -> 0.17988395 | AK26: =+K26/$K$27 -> 0.20367471 | AL26: =+AK26-AJ26 -> 0.023790769 | AM26: =+Y26*AL26 -> 2463.1643 | AO26: =+[17]중부권!$T$5/[17]합계!$T$5 -> 0.17244381 | AP26: =+AK26-AO26 -> 0.031230903 | AQ26: =+[17]중부권!$Q$85*AP26 -> 3290.4543
F27: =+K27/M27 -> 0.8960241 | G27: =+K27/J27 -> 0.92176789 | H27: 레미콘 계 | J27: =SUM(J24:J26) -> 258.5 | K27: =SUM(K24:K26) -> 238.277 | L27: =+K27-J27 -> -20.223 | M27: =SUM(M24:M26) -> 265.927 | N27: =+K27-M27 -> -27.65 | O27: =SUM(O24:O26) -> 26431.599 | P27: =SUM(P24:P26) -> 24485.299 | Q27: =+P27-O27 -> -1946.3006 | R27: =SUM(R24:R26) -> 25879.148 | S27: =+P27-R27 -> -1393.849 | T27: =SUM(T24:T26) -> 2067.1801 | U27: =SUM(U24:U26) -> 1414.4558 | V27: =+U27-T27 -> -652.72434 | W27: =SUM(W24:W26) -> 1692.8867 | X27: =+U27-W27 -> -278.43095 | Y27: =+[4]합계!$Q$85 -> 102249.9 | Z27: =+[4]합계!$R$85 -> 102799.58 | AA27: =+[5]합계!$Q$85 -> 97314.829 | AB27: =+[4]합계!$Q$89 -> 81112.699 | AC27: =+[4]합계!$R$89 -> 83749.971 | AD27: =+[5]합계!$Q$89 -> 79407.763 | AE27: =+Y27-AB27 -> 21137.202 | AF27: =+Z27-AC27 -> 19049.613 | AG27: =+AA27-AD27 -> 17907.066 | AI27: 계 | AJ27: =+J27/$J$27 -> 1 | AK27: =+K27/$K$27 -> 1 | AL27: =+AK27-AJ27 -> 0 | AM27: =SUM(AM7:AM23) -> 62.933326 | AO27: =+[17]합계!$T$5/[17]합계!$T$5 -> 1 | AP27: =+AK27-AO27 -> 0 | AQ27: =SUM(AQ7:AQ23) -> -47.211476
B28: 건자재 | E28: 건자재영업 | G28: 건자재 | H28: 골재 | I28: 부산모래장 | J28: =+IFERROR(HLOOKUP($B29,'[1]3월'!$D$6:$BN$259,2,),)/1000 -> 21.283084 | K28: =+IFERROR(HLOOKUP($C29,'[2]3월'!$F$6:$CP$99,2,),)/1000 -> 18.967 | L28: =+K28-J28 -> -2.3160839 | M28: =+IFERROR(HLOOKUP($C29,'[3]3월'!$F$6:$CC$57,2,),)/1000 -> 23.849 | N28: =+K28-M28 -> -4.882 | O28: =+IFERROR(HLOOKUP($B29,'[1]3월'!$D$6:$BN$259,3,),)/1000 -> 607.00439 | P28: =+IFERROR(HLOOKUP($C29,'[2]3월'!$F$6:$CP$99,3,),)/1000 -> 535.077 | Q28: =+P28-O28 -> -71.927388 | R28: =+IFERROR(HLOOKUP($C29,'[3]3월'!$F$6:$CC$57,3,),)/1000 -> 728.01 | S28: =+P28-R28 -> -192.933 | T28: =+IFERROR(HLOOKUP($B29,'[1]3월'!$D$6:$BN$259,21,),)/1000 -> 23.690586 | U28: =+IFERROR(HLOOKUP($C29,'[2]3월'!$F$6:$CP$99,21,),)/1000 -> 23.000138 | V28: =+U28-T28 -> -0.69044808 | W28: =+IFERROR(HLOOKUP($C29,'[3]3월'!$F$6:$CC$57,21,),)/1000 -> 19.852408 | X28: =+U28-W28 -> 3.14773 | Y28: □ 판매단가
B29: 부산모래장 | C29: 부산골재 | G29: =+I28 -> 부산모래장 | I29: 서부산CR | J29: =+IFERROR(HLOOKUP($B30,'[1]3월'!$D$6:$BN$259,2,),)/1000 -> 46.07472 | K29: =+IFERROR(HLOOKUP($C30,'[2]3월'!$F$6:$CP$99,2,),)/1000 -> 34.432 | L29: =+K29-J29 -> -11.64272 | M29: =+IFERROR(HLOOKUP($C30,'[3]3월'!$F$6:$CC$57,2,),)/1000 -> 32.472 | N29: =+K29-M29 -> 1.96 | O29: =+IFERROR(HLOOKUP($B30,'[1]3월'!$D$6:$BN$259,3,),)/1000 -> 600.52768 | P29: =+IFERROR(HLOOKUP($C30,'[2]3월'!$F$6:$CP$99,3,),)/1000 -> 479.112 | Q29: =+P29-O29 -> -121.41568 | R29: =+IFERROR(HLOOKUP($C30,'[3]3월'!$F$6:$CC$57,3,),)/1000 -> 461.312 | S29: =+P29-R29 -> 17.8 | T29: =+IFERROR(HLOOKUP($B30,'[1]3월'!$D$6:$BN$259,21,),)/1000 -> 80.719689 | U29: =+IFERROR(HLOOKUP($C30,'[2]3월'!$F$6:$CP$99,21,),)/1000 -> 11.171778 | V29: =+U29-T29 -> -69.547911 | W29: =+IFERROR(HLOOKUP($C30,'[3]3월'!$F$6:$CC$57,21,),)/1000 -> 165.9782 | X29: =+U29-W29 -> -154.80642 | Y29: 구분 | Z29: 계획 | AA29: 실적 | AB29: 차이 | AC29: 전월 | AD29: 차이 | AE29: ○ 계획대비 차이 | AI29: ○ 전월대비 차이
B30: 서부산크라샤 | C30: 서부산골재 | G30: =+I29 -> 서부산CR | I30: 부산CR | J30: =+IFERROR(HLOOKUP($B31,'[1]3월'!$D$6:$BN$259,2,),)/1000 -> 0.001 | K30: =+IFERROR(HLOOKUP($C31,'[2]3월'!$F$6:$CP$99,2,),)/1000 -> 17.664 | L30: =+K30-J30 -> 17.663 | M30: =+IFERROR(HLOOKUP($C31,'[3]3월'!$F$6:$CC$57,2,),)/1000 -> 4.89 | N30: =+K30-M30 -> 12.774 | O30: =+IFERROR(HLOOKUP($B31,'[1]3월'!$D$6:$BN$259,3,),)/1000 -> 0 | P30: =+IFERROR(HLOOKUP($C31,'[2]3월'!$F$6:$CP$99,3,),)/1000 -> 351.2352 | Q30: =+P30-O30 -> 351.2352 | R30: =+IFERROR(HLOOKUP($C31,'[3]3월'!$F$6:$CC$57,3,),)/1000 -> 94.095 | S30: =+P30-R30 -> 257.1402 | T30: =+IFERROR(HLOOKUP($B31,'[1]3월'!$D$6:$BN$259,21,),)/1000 -> -153.84897 | U30: =+IFERROR(HLOOKUP($C31,'[2]3월'!$F$6:$CP$99,21,),)/1000 -> -128.95856 | V30: =+U30-T30 -> 24.89041 | W30: =+IFERROR(HLOOKUP($C31,'[3]3월'!$F$6:$CC$57,21,),)/1000 -> -312.64607 | X30: =+U30-W30 -> 183.68752 | Y30: 1군 | Z30: =+[18]영업계획!$I$7 -> 104488.81 | AA30: =+[19]합계!$E$94 -> 104231.92 | AB30: =+AA30-Z30 -> -256.88155 | AC30: =+[19]합계!$D$94 -> 107321.91 | AD30: =+AA30-AC30 -> -3089.9863 | AE30: - 1군비율 : | AF30: =+(Z30-Z31)*AB36 -> 662.17814 | AG30: 원/㎥ | AI30: - 1군비율 : | AJ30: =+(AC30-AC31)*AD36 -> 246.1633 | AK30: 원/㎥
B31: 부산크라샤 | C31: 부산크라샤 | G31: =+I30 -> 부산CR | H31: 골재 계 | J31: =SUM(J28:J30) -> 67.358804 | K31: =SUM(K28:K30) -> 71.063 | L31: =+K31-J31 -> 3.7041961 | M31: =SUM(M28:M30) -> 61.211 | N31: =+K31-M31 -> 9.852 | O31: =SUM(O28:O30) -> 1207.5321 | P31: =SUM(P28:P30) -> 1365.4242 | Q31: =+P31-O31 -> 157.89213 | R31: =SUM(R28:R30) -> 1283.417 | S31: =+P31-R31 -> 82.0072 | T31: =SUM(T28:T30) -> -49.438693 | U31: =SUM(U28:U30) -> -94.786641 | V31: =+U31-T31 -> -45.347949 | W31: =SUM(W28:W30) -> -126.81547 | X31: =+U31-W31 -> 32.028829 | Y31: 중소 | Z31: =+[18]영업계획!$I$10 -> 98605.78 | AA31: =+[19]합계!$E$93 -> 98676.779 | AB31: =+AA31-Z31 -> 70.999086 | AC31: =+[19]합계!$D$93 -> 97667.596 | AD31: =+AA31-AC31 -> 1009.1824 | AE31: - 강도 | AF31: =+AB35*120*10 -> 1664.0351 | AG31: 원/㎥ | AI31: - 강도 | AJ31: =+AD35*120*10 -> -1296.7421 | AK31: 원/㎥
H32: 기타 | I32: 레미콘임대 | L32: =+K32-J32 -> 0 | N32: =+K32-M32 -> 0 | O32: =(IFERROR(HLOOKUP($B33,'[1]3월'!$D$6:$BN$259,3,),)++IFERROR(HLOOKUP($C33,'[1]3월'!$D$6:$BN$259,3,),)+IFERROR(HLOOKUP($D33,'[1]3월'!$D$6:$BN$259,3,),))/1000 -> 41.666667 | P32: =+IFERROR(HLOOKUP($E33,'[2]3월'!$F$6:$CP$99,3,),)/1000 -> 43.34 | Q32: =+P32-O32 -> 1.6733333 | R32: =+IFERROR(HLOOKUP($E33,'[3]3월'!$F$6:$CC$57,3,),)/1000 -> 65.84 | S32: =+P32-R32 -> -22.5 | T32: =(IFERROR(HLOOKUP($B33,'[1]3월'!$D$6:$BN$259,21,),)++IFERROR(HLOOKUP($C33,'[1]3월'!$D$6:$BN$259,21,),)+IFERROR(HLOOKUP($D33,'[1]3월'!$D$6:$BN$259,21,),))/1000 -> 32.447924 | U32: =+IFERROR(HLOOKUP($E33,'[2]3월'!$F$6:$CP$99,16,),)/1000 -> 26.803493 | V32: =+U32-T32 -> -5.6444307 | W32: =+IFERROR(HLOOKUP($E33,'[3]3월'!$F$6:$CC$57,16,),)/1000 -> 46.568992 | X32: =+U32-W32 -> -19.765499 | Y32: 평균 | Z32: =+[18]영업계획!$I$22 -> 102249.9 | AA32: =+[19]합계!$E$95 -> 102799.58 | AB32: =+AA32-Z32 -> 549.68371 | AC32: =+[19]합계!$D$95 -> 104606.76 | AD32: =+AA32-AC32 -> -1807.1794 | AE32: - 단가 | AF32: =+AB32-AF30-AF31-AF34-AF33 -> -1398.0872 | AG32: 원/㎥ | AI32: - 단가 | AJ32: =+AD32-AJ30-AJ31-AJ34-AJ33 -> -512.02214 | AK32: 원/㎥
B33: 포항임대 | C33: 속초임대 | D33: 강릉임대 | E33: 레미콘임대 계 | G33: =+I32 -> 레미콘임대 | I33: 임대 | L33: =+K33-J33 -> 0 | M33: 0 | N33: =+K33-M33 -> 0 | O33: =(+IFERROR(HLOOKUP($B34,'[1]3월'!$D$6:$BN$259,3,),)+IFERROR(HLOOKUP($C34,'[1]3월'!$D$6:$BN$259,3,),))/1000 -> 80.096667 | P33: =+IFERROR(HLOOKUP($E34,'[2]3월'!$F$6:$CP$99,3,),)/1000 -> 196.16494 | Q33: =+P33-O33 -> 116.06827 | R33: =+IFERROR(HLOOKUP($E34,'[3]3월'!$F$6:$CC$57,3,),)/1000 -> 73.542477 | S33: =+P33-R33 -> 122.62246 | T33: =(+IFERROR(HLOOKUP($B34,'[1]3월'!$D$6:$BN$259,21,),)+IFERROR(HLOOKUP($C34,'[1]3월'!$D$6:$BN$259,21,),))/1000 -> 76.544099 | U33: =+IFERROR(HLOOKUP($E34,'[2]3월'!$F$6:$CP$99,16,),)/1000 -> 192.6119 | V33: =+U33-T33 -> 116.0678 | W33: =+IFERROR(HLOOKUP($E34,'[3]3월'!$F$6:$CC$57,16,),)/1000 -> 76.003665 | X33: =+U33-W33 -> 116.60823 | Y33: 1군 | Z33: =+'[20]예산대비 차이'!$M$15 -> 28.796612 | AA33: =+[21]평균강도집계!$S$27 -> 30.285881 | AB33: =+AA33-Z33 -> 1.4892682 | AC33: =+[21]평균강도집계!$R$27 -> 31.840643 | AD33: =+AA33-AC33 -> -1.5547622 | AE33: - 1군소급 | AF33: =+-'[22]2026년 소급분(공장별)'!$D$7 -> -441.37567 | AG33: 원/㎥ | AI33: - 1군소급 | AJ33: =+'[22]2026년 소급분(공장별)'!$D$7-'[22]2026년 소급분(공장별)'!$D$6 -> -197.36691 | AK33: 원/㎥
B34: 부동산임대 | C34: 주유소임대 | E34: 임대 계 | G34: =+I33 -> 임대 | I34: 공통비 | L34: =+K34-J34 -> 0 | N34: =+K34-M34 -> 0 | Q34: =+P34-O34 -> 0 | S34: =+P34-R34 -> 0 | T34: =-'[1]3월'!$Z$22/1000 -> -1289.5109 | U34: =+-'[2]3월'!$Z$22/1000 -> -1294.5632 | V34: =+U34-T34 -> -5.0523647 | W34: =+-'[3]3월'!$Z$22/1000 -> -1338.7445 | X34: =+U34-W34 -> 44.181259 | Y34: 중소 | Z34: =+'[20]예산대비 차이'!$M$16 -> 26.449441 | AA34: =+[21]평균강도집계!$S$49 -> 26.594937 | AB34: =+AA34-Z34 -> 0.14549524 | AC34: =+[21]평균강도집계!$R$49 -> 26.769608 | AD34: =+AA34-AC34 -> -0.17467164 | AE34: - mix차이 | AF34: =+AM27 -> 62.933326 | AG34: 원/㎥ | AI34: - mix차이 | AJ34: =+AQ27 -> -47.211476 | AK34: 원/㎥
B35: 공 통 비 | G35: =+I34 -> 공통비 | I35: OPC 소급분 | N35: =+K35-M35 -> 0 | Q35: =+P35-O35 -> 0 | S35: =+P35-R35 -> 0 | T35: =+'[1]3월'!$AT$26/1000 -> 360 | U35: ='[2]3월'!$BD$26/1000 -> 172.56279 | V35: =+U35-T35 -> -187.43721 | W35: ='[3]3월'!$BD$26/1000 -> 0 | X35: =+U35-W35 -> 172.56279 | Y35: 강도 | Z35: =+'[20]예산대비 차이'!$M$18 -> 27.920467 | AA35: =+[21]평균강도집계!$S$71 -> 29.307163 | AB35: =+AA35-Z35 -> 1.3866959 | AC35: =+[21]합계!$R$82 -> 30.387782 | AD35: =+AA35-AC35 -> -1.0806184 | AE35: - 합계 | AF35: =+SUM(AF30:AF34) -> 549.68371 | AG35: 원/㎥ | AI35: - 합계 | AJ35: =+SUM(AJ30:AJ34) -> -1807.1794 | AK35: 원/㎥
G36: =+I35 -> OPC 소급분 | I36: 대손 | N36: =+K36-M36 -> 0 | Q36: =+P36-O36 -> 0 | S36: =+P36-R36 -> 0 | U36: ='[2]3월'!$BE$26/1000 -> 184.44026 | V36: =+U36-T36 -> 184.44026 | W36: ='[3]3월'!$BE$26/1000 -> -522.39605 | X36: =+U36-W36 -> 706.83631 | Y36: 1군비율 | Z36: =+[18]영업계획!$I$6/[18]영업계획!$I$21 -> 0.63471954 | AA36: =+[19]합계!$E$44 -> 0.74727693 | AB36: =+AA36-Z36 -> 0.11255739 | AC36: =+[19]합계!$D$44 -> 0.72177918 | AD36: =+AA36-AC36 -> 0.02549775
G37: =+I36 -> 대손 | I37: 미운영 공장 | M37: =SUM(M56:M61) -> 0 | N37: =+K37-M37 -> 0 | Q37: =+P37-O37 -> 0 | R37: =+IFERROR(HLOOKUP($I$37,'[3]3월'!$F$6:$BJ$50,3,),)/1000 -> 0 | S37: =+P37-R37 -> 0 | T37: =SUM('[1]3월'!$AM$26:$AQ$26)/1000 -> -12.395304 | U37: =+'[2]3월'!$BF$26/1000 -> -0.886768 | V37: =+U37-T37 -> 11.508536 | W37: =+'[3]3월'!$BF$26/1000 -> -7.533661 | X37: =+U37-W37 -> 6.646893 | Y37: ※ 1군소급 : 105백만원(3월) / 누계 : 259백만원
G38: =+I37 -> 미운영 공장 | I38: 퇴직위로금 | U38: =+'[2]3월'!$BG$26/1000 -> 0 | V38: =+U38-T38 -> 0 | X38: =+U38-W38 -> 0 | Y38: □ 결합재 | Z38: =+[4]합계!$S$15 -> 2403.8505 | AA38: 원/㎥↑ | AI38: ○ 계획대비 차이
B39: 기타 계 | G39: =+I38 -> 퇴직위로금 | I39: 기타 | L39: =+K39-J39 -> 0 | N39: =+K39-M39 -> 0 | O39: =IFERROR(HLOOKUP($B39,'[1]3월'!$D$6:$BN$259,3,),)/1000 -> 1.77 | P39: =+('[2]3월'!$F$8-SUM('[2]3월'!$Z$8,'[2]3월'!$AH$8,'[2]3월'!$AN$8,'[2]3월'!$AO$8,'[2]3월'!$BA$8,'[2]3월'!$BD$8,'[2]3월'!$BE$8,'[2]3월'!$BF$8))/1000 -> 1.6413 | Q39: =+P39-O39 -> -0.1287 | R39: =+('[3]3월'!$F$8-SUM('[3]3월'!$Z$8,'[3]3월'!$AH$8,'[3]3월'!$AN$8,'[3]3월'!$AO$8,'[3]3월'!$BA$8,'[3]3월'!$BD$8,'[3]3월'!$BE$8,'[3]3월'!$BF$8))/1000 -> 1.67985 | S39: =+P39-R39 -> -0.03855 | T39: =+('[1]3월'!$E$26-'[1]3월'!$Z$26-'[1]3월'!$AA$26-'[1]3월'!$AE$26-'[1]3월'!$AL$26-'[1]3월'!$AM$26-'[1]3월'!$AN$26-'[1]3월'!$AO$26-'[1]3월'!$AP$26-'[1]3월'!$AQ$26-'[1]3월'!$AS$26+'[1]3월'!$AS$26)/1000-T35 -> -59.27091 | U39: =+('[2]3월'!$F$26-SUM('[2]3월'!$Z$26,'[2]3월'!$AH$26,'[2]3월'!$AN$26,'[2]3월'!$AO$26,'[2]3월'!$BA$26,'[2]3월'!$BD$26,'[2]3월'!$BE$26,'[2]3월'!$BF$26))/1000-U38 -> -38.764539 | V39: =+U39-T39 -> 20.506371 | W39: =+('[3]3월'!$F$26-SUM('[3]3월'!$Z$26,'[3]3월'!$AH$26,'[3]3월'!$AN$26,'[3]3월'!$AO$26,'[3]3월'!$BA$26,'[3]3월'!$BD$26,'[3]3월'!$BE$26,'[3]3월'!$BF$26))/1000 -> -11.11117 | X39: =+U39-W39 -> -27.653369 | Y39: - 원단위 차이 : 1,357원/㎥(치환율 459원↓, 원단위 302원↑, 강도 1,515원↑) | AI39: - 치환율 | AJ39: =-[4]합계!$H$6 -> -459.38571 | AK39: 원/㎥
G40: =+I39 -> 기타 | H40: 기타 계 | J40: =SUM(J32:J39) -> 0 | K40: =SUM(K32:K39) -> 0 | L40: =+K40-J40 -> 0 | M40: =SUM(M32:M39) -> 0 | N40: =+K40-M40 -> 0 | O40: =SUM(O32:O39) -> 123.53333 | P40: =SUM(P32:P39) -> 241.14624 | Q40: =+P40-O40 -> 117.61291 | R40: =SUM(R32:R39) -> 141.06233 | S40: =+P40-R40 -> 100.08391 | T40: =SUM(T32:T39) -> -892.18505 | U40: =SUM(U32:U39) -> -757.7961 | V40: =+U40-T40 -> 134.38895 | W40: =SUM(W32:W39) -> -1757.2127 | X40: =+U40-W40 -> 999.41661 | Y40: - 단가 차이 : 1,047원/㎥(OPC 단가 3,000원/톤) | AI40: - 원단위 | AJ40: =([4]합계!$F$15-[4]합계!$E$15-AB35*10)*[4]합계!$G$15/1000 -> 301.87265 | AK40: 원/㎥ | AM40: =+AB35*10 -> 13.866959
H41: 합계 | O41: =+O27+O31+O40 -> 27762.665 | P41: =+P27+P31+P40 -> 26091.869 | Q41: =+P41-O41 -> -1670.7955 | R41: =+R27+R31+R40 -> 27303.627 | S41: =+P41-R41 -> -1211.7579 | T41: =+T27+T31+T40 -> 1125.5564 | U41: =+U27+U31+U40 -> 561.87305 | V41: =+U41-T41 -> -563.68333 | W41: =+W27+W31+W40 -> -191.14144 | X41: =+U41-W41 -> 753.01449 | AI41: - 강도 | AJ41: =[4]합계!$U$15-AJ39-AJ40 -> 1514.7613 | AK41: 원/㎥ | AM41: =+AM40+[4]합계!$E$15 -> 390.71979
G42: =+P41/O41 -> 0.93981862 | AM42: =+[4]합계!$F$15-AM41 -> 3.3502282
H43: 건자재 | J43: =+IFERROR(HLOOKUP($B28,'[1]3월'!$D$6:$BN$259,2,),) -> 8500 | K43: =+IFERROR(HLOOKUP($E28,'[2]3월'!$F$6:$CP$99,2,),) -> 3925.464 | L43: =+K43-J43 -> -4574.536 | M43: =+IFERROR(HLOOKUP($E28,'[3]3월'!$F$6:$CC$57,2,),) -> 15762.77 | N43: =+K43-M43 -> -11837.306 | O43: =+IFERROR(HLOOKUP($B28,'[1]3월'!$D$6:$BN$259,3,),)/1000 -> 8197.6135 | P43: =+IFERROR(HLOOKUP($E28,'[2]3월'!$F$6:$CP$99,3,),)/1000 -> 4017.7919 | Q43: =+P43-O43 -> -4179.8216 | R43: =+IFERROR(HLOOKUP($E28,'[3]3월'!$F$6:$CC$57,3,),)/1000 -> 12535.229 | S43: =+P43-R43 -> -8517.4368 | T43: =+IFERROR(HLOOKUP($B28,'[1]3월'!$D$6:$BN$259,21,),)/1000 -> -2.7137755 | U43: =+IFERROR(HLOOKUP($E28,'[2]3월'!$F$6:$CP$99,21,),)/1000 -> 1.360901 | V43: =+U43-T43 -> 4.0746765 | W43: =+IFERROR(HLOOKUP($E28,'[3]3월'!$F$6:$CC$57,16,),)/1000 -> -118.87035 | X43: =+U43-W43 -> 120.23125
H44: 합계 | O44: =+O41+O43 -> 35960.278 | P44: =+P41+P43 -> 30109.661 | Q44: =+P44-O44 -> -5850.6172 | R44: =+R41+R43 -> 39838.856 | S44: =+P44-R44 -> -9729.1947 | T44: =+T41+T43 -> 1122.8426 | U44: =+U41+U43 -> 563.23395 | V44: =+U44-T44 -> -559.60865 | W44: =+W41+W43 -> -310.01179 | X44: =+U44-W44 -> 873.24574
F48: =+K43/M43 -> 0.24903389 | G48: =+K43/J43 -> 0.46181929 | I48: 확인 | J48: =+'[1]3월'!$Z$7/1000 -> 258.5 | K48: =+'[2]3월'!$AI$7/1000 -> 238.277 | M48: =+'[3]3월'!$Z$7/1000 -> 265.927 | O48: =+'[1]3월'!$E$8/1000 -> 35960.278 | P48: =+'[2]3월'!$F$8/1000 -> 30109.661 | R48: =+'[3]3월'!$F$8/1000 -> 39838.856 | T48: =+'[1]3월'!$E$26/1000 -> 1122.8426 | U48: =+'[2]3월'!$F$26/1000 -> 563.23395 | W48: =+'[3]3월'!$F$26/1000 -> -310.01179
F49: =+K31/M31 -> 1.1609515 | G49: =+K31/J31 -> 1.054992 | J49: =+J48-J27 -> 0 | K49: =+K48-K27 -> 0 | M49: =+M48-M27 -> 0 | O49: =+O48-O44 -> 0 | P49: =+P48-P44 -> 0 | R49: =+R48-R44 -> 0 | T49: =+T48-T44 -> 1.0004442e-11 | U49: =+U48-U44 -> 0 | W49: =+W48-W44 -> 0
O51: =+O41-O43 -> 19565.051 | P51: =+P41-P43 -> 22074.077 | Q51: =+P51-O51 -> 2509.0261
O52: =+O51/100 -> 195.65051 | P52: =+P51/100 -> 220.74077 | Q52: =+P52-O52 -> 25.090261 | S52: 레미콘 | T52: =(+T27+T34)/100 -> 7.7766927 | U52: =(+U27+U34)/100 -> 1.1989257 | V52: =+U52-T52 -> -6.577767 | W52: =+U52/T52-1 -> -0.8458309
Q53: =+P52/O52 -> 1.1282402 | S53: 골재 | T53: =+T31/100 -> -0.49438693 | U53: =+U31/100 -> -0.94786641 | V53: =+U53-T53 -> -0.45347949
S54: 임대 | T54: =(T32+T33)/100 -> 1.0899202 | U54: =(U32+U33)/100 -> 2.1941539 | V54: =+U54-T54 -> 1.1042337
S55: 기타 | T55: =((T48-T43)/100)-T52-T53-T54 -> 2.8833379 | U55: =((U48-U43)/100)-U52-U53-U54 -> 3.1735174 | V55: =+U55-T55 -> 0.29017952
T56: =SUM(T54:T55) -> 3.9732581 | U56: =SUM(U54:U55) -> 5.3676713 | V56: =SUM(V54:V55) -> 1.3944132
T57: =SUM(T52:T55) -> 11.255564 | U57: =SUM(U52:U55) -> 5.6187305 | V57: =+U57-T57 -> -5.6368333
S60: 임대 | T60: =+(T32+T33)/100 -> 1.0899202 | U60: =+(U32+U33)/100 -> 2.1941539 | V60: =+U60-T60 -> 1.1042337
S61: =+I35 -> OPC 소급분 | T61: =+T35/100 -> 3.6 | U61: =+U35/100 -> 1.7256279 | V61: =+U61-T61 -> -1.8743721
S62: =+I36 -> 대손 | T62: =+T36/100 -> 0 | U62: =+U36/100 -> 1.8444026 | V62: =+U62-T62 -> 1.8444026
S63: =+I37 -> 미운영 공장 | T63: =+T37/100 -> -0.12395304 | U63: =+U37/100 -> -0.00886768 | V63: =+U63-T63 -> 0.11508536
S64: =+I39 -> 기타 | T64: =+T39/100 -> -0.5927091 | U64: =+U39/100 -> -0.38764539 | V64: =+U64-T64 -> 0.20506371
T65: =SUM(T60:T64) -> 3.9732581 | U65: =SUM(U60:U64) -> 5.3676713 | V65: =SUM(V60:V64) -> 1.3944132
T68: =SUM(T32:T33,T35,T37:T39) -> 397.32581 | U68: =SUM(U32:U33,U35,U37:U39) -> 352.32687 | V68: =+U68-T68 -> -44.998936
T70: =+T41-T43 -> 1128.2702 | U70: =+U41-U43 -> 560.51215
T71: =+T70/100 -> 11.282702 | U71: =+U70/100 -> 5.6051215 | V71: =+U71-T71 -> -5.6775801

Sheet 사업장별(누계)
H3: □ 사업장별 손익실적(2026-03누계)
AG4: [단위 : 천㎥, 톤, 백만원]
H5: 구분 | J5: 물량 | O5: 매출 | T5: 영업이익(공통비 배부전) | Y5: 판매단가 | AB5: 변동비 | AE5: 공헌이익
A6: 2024년 3월누계 마감 손익 | J6: 계획 | K6: 실적 | L6: 차이 | M6: 전년 | N6: 차이 | O6: 계획 | P6: 실적 | Q6: 차이 | R6: 전년 | S6: 차이 | T6: 계획 | U6: 실적 | V6: 차이 | W6: 전년 | X6: 차이 | Y6: 계획 | Z6: 실적 | AA6: 전년 | AB6: 계획 | AC6: 실적 | AD6: 전년 | AE6: 계획 | AF6: 실적 | AG6: 전년
B7: 안양 | G7: =+I7 -> 안양 | H7: 레미콘 | I7: 안양 | J7: =+IFERROR(HLOOKUP($B7,'[1]3월누계'!$D$6:$BN$259,2,),)/1000 -> 96 | K7: =+IFERROR(HLOOKUP($B7,'[2]3월누계'!$F$6:$CP$99,2,),)/1000 -> 102.197 | L7: =+K7-J7 -> 6.197 | M7: =+IFERROR(HLOOKUP($B7,'[3]3월누계'!$F$6:$CC$57,2,),)/1000 -> 100.21 | N7: =+K7-M7 -> 1.987 | O7: =+IFERROR(HLOOKUP($B7,'[1]3월누계'!$D$6:$BN$259,3,),)/1000 -> 9437.3704 | P7: =+IFERROR(HLOOKUP($B7,'[2]3월누계'!$F$6:$CP$99,3,),)/1000 -> 10581.804 | Q7: =+P7-O7 -> 1144.4335 | R7: =+IFERROR(HLOOKUP($B7,'[3]3월누계'!$F$6:$CC$57,3,),)/1000 -> 9634.6382 | S7: =+P7-R7 -> 947.1657 | T7: =+IFERROR(HLOOKUP($B7,'[1]3월누계'!$D$6:$BN$259,16,),)/1000 -> 685.69687 | U7: =+IFERROR(HLOOKUP($B7,'[2]3월누계'!$F$6:$CP$99,16,),)/1000 -> 771.50179 | V7: =+U7-T7 -> 85.804927 | W7: =+IFERROR(HLOOKUP($B7,'[3]3월누계'!$F$6:$CC$57,16,),)/1000 -> 544.25705 | X7: =+U7-W7 -> 227.24475 | Y7: =+[15]안양!$Q$85 -> 98305.942 | Z7: =+[15]안양!$R$85 -> 103543.2 | AA7: =+[16]안양!$Q$85 -> 96121.69 | AB7: =+[15]안양!$Q$89 -> 80939.298 | AC7: =+[15]안양!$R$89 -> 86169.155 | AD7: =+[16]안양!$Q$89 -> 81579.544 | AE7: =+Y7-AB7 -> 17366.643 | AF7: =+Z7-AC7 -> 17374.04 | AG7: =+AA7-AD7 -> 14542.146
B8: 인천 | G8: =+I8 -> 인천 | H8: 직영 | I8: 인천 | J8: =+IFERROR(HLOOKUP($B8,'[1]3월누계'!$D$6:$BN$259,2,),)/1000 -> 82 | K8: =+IFERROR(HLOOKUP($B8,'[2]3월누계'!$F$6:$CP$99,2,),)/1000 -> 75.0265 | L8: =+K8-J8 -> -6.9735 | M8: =+IFERROR(HLOOKUP($B8,'[3]3월누계'!$F$6:$CC$57,2,),)/1000 -> 70.152 | N8: =+K8-M8 -> 4.8745 | O8: =+IFERROR(HLOOKUP($B8,'[1]3월누계'!$D$6:$BN$259,3,),)/1000 -> 8315.901 | P8: =+IFERROR(HLOOKUP($B8,'[2]3월누계'!$F$6:$CP$99,3,),)/1000 -> 7605.9158 | Q8: =+P8-O8 -> -709.98516 | R8: =+IFERROR(HLOOKUP($B8,'[3]3월누계'!$F$6:$CC$57,3,),)/1000 -> 6832.7286 | S8: =+P8-R8 -> 773.1872 | T8: =+IFERROR(HLOOKUP($B8,'[1]3월누계'!$D$6:$BN$259,16,),)/1000 -> 168.33299 | U8: =+IFERROR(HLOOKUP($B8,'[2]3월누계'!$F$6:$CP$99,16,),)/1000 -> -74.324904 | V8: =+U8-T8 -> -242.6579 | W8: =+IFERROR(HLOOKUP($B8,'[3]3월누계'!$F$6:$CC$57,16,),)/1000 -> -78.653321 | X8: =+U8-W8 -> 4.328417 | Y8: =+[15]인천!$Q$85 -> 101413.43 | Z8: =+[15]인천!$R$85 -> 101507.44 | AA8: =+[16]인천!$Q$85 -> 97415.809 | AB8: =+[15]인천!$Q$89 -> 87078.046 | AC8: =+[15]인천!$R$89 -> 89229.201 | AD8: =+[16]인천!$Q$89 -> 85798.574 | AE8: =+Y8-AB8 -> 14335.381 | AF8: =+Z8-AC8 -> 12278.236 | AG8: =+AA8-AD8 -> 11617.235
B9: 파주 | G9: =+I9 -> 파주 | I9: 파주 | J9: =+IFERROR(HLOOKUP($B9,'[1]3월누계'!$D$6:$BN$259,2,),)/1000 -> 34 | K9: =+IFERROR(HLOOKUP($B9,'[2]3월누계'!$F$6:$CP$99,2,),)/1000 -> 27.135 | L9: =+K9-J9 -> -6.865 | M9: =+IFERROR(HLOOKUP($B9,'[3]3월누계'!$F$6:$CC$57,2,),)/1000 -> 29.676 | N9: =+K9-M9 -> -2.541 | O9: =+IFERROR(HLOOKUP($B9,'[1]3월누계'!$D$6:$BN$259,3,),)/1000 -> 3265.3045 | P9: =+IFERROR(HLOOKUP($B9,'[2]3월누계'!$F$6:$CP$99,3,),)/1000 -> 2675.1106 | Q9: =+P9-O9 -> -590.19388 | R9: =+IFERROR(HLOOKUP($B9,'[3]3월누계'!$F$6:$CC$57,3,),)/1000 -> 2727.1971 | S9: =+P9-R9 -> -52.086515 | T9: =+IFERROR(HLOOKUP($B9,'[1]3월누계'!$D$6:$BN$259,16,),)/1000 -> -188.11454 | U9: =+IFERROR(HLOOKUP($B9,'[2]3월누계'!$F$6:$CP$99,16,),)/1000 -> -344.08392 | V9: =+U9-T9 -> -155.96937 | W9: =+IFERROR(HLOOKUP($B9,'[3]3월누계'!$F$6:$CC$57,16,),)/1000 -> -297.59622 | X9: =+U9-W9 -> -46.487699 | Y9: =+[15]파주!$Q$85 -> 96038.367 | Z9: =+[15]파주!$R$85 -> 98571.075 | AA9: =+[16]파주!$Q$85 -> 91899.081 | AB9: =+[15]파주!$Q$89 -> 80464.268 | AC9: =+[15]파주!$R$89 -> 88049.841 | AD9: =+[16]파주!$Q$89 -> 79518.799 | AE9: =+Y9-AB9 -> 15574.099 | AF9: =+Z9-AC9 -> 10521.234 | AG9: =+AA9-AD9 -> 12380.281
B10: 김포 | G10: =+I10 -> 김포 | I10: 김포 | J10: =+IFERROR(HLOOKUP($B10,'[1]3월누계'!$D$6:$BN$259,2,),)/1000 -> 29 | K10: =+IFERROR(HLOOKUP($B10,'[2]3월누계'!$F$6:$CP$99,2,),)/1000 -> 28.4765 | L10: =+K10-J10 -> -0.5235 | M10: =+IFERROR(HLOOKUP($B10,'[3]3월누계'!$F$6:$CC$57,2,),)/1000 -> 24.6 | N10: =+K10-M10 -> 3.8765 | O10: =+IFERROR(HLOOKUP($B10,'[1]3월누계'!$D$6:$BN$259,3,),)/1000 -> 2907.339 | P10: =+IFERROR(HLOOKUP($B10,'[2]3월누계'!$F$6:$CP$99,3,),)/1000 -> 2748.0282 | Q10: =+P10-O10 -> -159.31082 | R10: =+IFERROR(HLOOKUP($B10,'[3]3월누계'!$F$6:$CC$57,3,),)/1000 -> 2335.9572 | S10: =+P10-R10 -> 412.07099 | T10: =+IFERROR(HLOOKUP($B10,'[1]3월누계'!$D$6:$BN$259,16,),)/1000 -> -56.954855 | U10: =+IFERROR(HLOOKUP($B10,'[2]3월누계'!$F$6:$CP$99,16,),)/1000 -> -203.34142 | V10: =+U10-T10 -> -146.38656 | W10: =+IFERROR(HLOOKUP($B10,'[3]3월누계'!$F$6:$CC$57,16,),)/1000 -> -115.34376 | X10: =+U10-W10 -> -87.997652 | Y10: =+[15]김포!$Q$85 -> 100253.07 | Z10: =+[15]김포!$R$85 -> 96521.491 | AA10: =+[16]김포!$Q$85 -> 94978.777 | AB10: =+[15]김포!$Q$89 -> 82130.187 | AC10: =+[15]김포!$R$89 -> 83823.45 | AD10: =+[16]김포!$Q$89 -> 79532.124 | AE10: =+Y10-AB10 -> 18122.881 | AF10: =+Z10-AC10 -> 12698.041 | AG10: =+AA10-AD10 -> 15446.653
B11: 부산 | G11: =+I11 -> 부산 | I11: 부산 | J11: =+IFERROR(HLOOKUP($B11,'[1]3월누계'!$D$6:$BN$259,2,),)/1000 -> 54 | K11: =+IFERROR(HLOOKUP($B11,'[2]3월누계'!$F$6:$CP$99,2,),)/1000 -> 62.927 | L11: =+K11-J11 -> 8.927 | M11: =+IFERROR(HLOOKUP($B11,'[3]3월누계'!$F$6:$CC$57,2,),)/1000 -> 54.348 | N11: =+K11-M11 -> 8.579 | O11: =+IFERROR(HLOOKUP($B11,'[1]3월누계'!$D$6:$BN$259,3,),)/1000 -> 5890.604 | P11: =+IFERROR(HLOOKUP($B11,'[2]3월누계'!$F$6:$CP$99,3,),)/1000 -> 7442.193 | Q11: =+P11-O11 -> 1551.5891 | R11: =+IFERROR(HLOOKUP($B11,'[3]3월누계'!$F$6:$CC$57,3,),)/1000 -> 5788.9015 | S11: =+P11-R11 -> 1653.2915 | T11: =+IFERROR(HLOOKUP($B11,'[1]3월누계'!$D$6:$BN$259,16,),)/1000 -> 413.20018 | U11: =+IFERROR(HLOOKUP($B11,'[2]3월누계'!$F$6:$CP$99,16,),)/1000 -> 803.49873 | V11: =+U11-T11 -> 390.29855 | W11: =+IFERROR(HLOOKUP($B11,'[3]3월누계'!$F$6:$CC$57,16,),)/1000 -> 563.56659 | X11: =+U11-W11 -> 239.93214 | Y11: =+[15]부산!$Q$85 -> 109085.26 | Z11: =+[15]부산!$R$85 -> 118267.09 | AA11: =+[16]부산!$Q$85 -> 106515.45 | AB11: =+[15]부산!$Q$89 -> 86475.048 | AC11: =+[15]부산!$R$89 -> 93165.11 | AD11: =+[16]부산!$Q$89 -> 82661.996 | AE11: =+Y11-AB11 -> 22610.211 | AF11: =+Z11-AC11 -> 25101.978 | AG11: =+AA11-AD11 -> 23853.451
B12: 서부산 | G12: =+I12 -> 서부산 | I12: 서부산 | J12: =+IFERROR(HLOOKUP($B12,'[1]3월누계'!$D$6:$BN$259,2,),)/1000 -> 54 | K12: =+IFERROR(HLOOKUP($B12,'[2]3월누계'!$F$6:$CP$99,2,),)/1000 -> 48.33 | L12: =+K12-J12 -> -5.67 | M12: =+IFERROR(HLOOKUP($B12,'[3]3월누계'!$F$6:$CC$57,2,),)/1000 -> 47.831 | N12: =+K12-M12 -> 0.499 | O12: =+IFERROR(HLOOKUP($B12,'[1]3월누계'!$D$6:$BN$259,3,),)/1000 -> 5483.5312 | P12: =+IFERROR(HLOOKUP($B12,'[2]3월누계'!$F$6:$CP$99,3,),)/1000 -> 5033.8865 | Q12: =+P12-O12 -> -449.64471 | R12: =+IFERROR(HLOOKUP($B12,'[3]3월누계'!$F$6:$CC$57,3,),)/1000 -> 4610.2614 | S12: =+P12-R12 -> 423.62509 | T12: =+IFERROR(HLOOKUP($B12,'[1]3월누계'!$D$6:$BN$259,16,),)/1000 -> 560.0386 | U12: =+IFERROR(HLOOKUP($B12,'[2]3월누계'!$F$6:$CP$99,16,),)/1000 -> 388.20963 | V12: =+U12-T12 -> -171.82897 | W12: =+IFERROR(HLOOKUP($B12,'[3]3월누계'!$F$6:$CC$57,16,),)/1000 -> 259.01918 | X12: =+U12-W12 -> 129.19045 | Y12: =+[15]서부산!$Q$85 -> 101546.87 | Z12: =+[15]서부산!$R$85 -> 104152.52 | AA12: =+[16]서부산!$Q$85 -> 96386.474 | AB12: =+[15]서부산!$Q$89 -> 78514.67 | AC12: =+[15]서부산!$R$89 -> 81713.449 | AD12: =+[16]서부산!$Q$89 -> 77069.977 | AE12: =+Y12-AB12 -> 23032.204 | AF12: =+Z12-AC12 -> 22439.067 | AG12: =+AA12-AD12 -> 19316.496
B13: 김해 | G13: =+I13 -> 김해 | I13: 김해 | J13: =+IFERROR(HLOOKUP($B13,'[1]3월누계'!$D$6:$BN$259,2,),)/1000 -> 23 | K13: =+IFERROR(HLOOKUP($B13,'[2]3월누계'!$F$6:$CP$99,2,),)/1000 -> 17.0815 | L13: =+K13-J13 -> -5.9185 | M13: =+IFERROR(HLOOKUP($B13,'[3]3월누계'!$F$6:$CC$57,2,),)/1000 -> 22.3 | N13: =+K13-M13 -> -5.2185 | O13: =+IFERROR(HLOOKUP($B13,'[1]3월누계'!$D$6:$BN$259,3,),)/1000 -> 2257.152 | P13: =+IFERROR(HLOOKUP($B13,'[2]3월누계'!$F$6:$CP$99,3,),)/1000 -> 1673.8145 | Q13: =+P13-O13 -> -583.33749 | R13: =+IFERROR(HLOOKUP($B13,'[3]3월누계'!$F$6:$CC$57,3,),)/1000 -> 2086.9458 | S13: =+P13-R13 -> -413.13125 | T13: =+IFERROR(HLOOKUP($B13,'[1]3월누계'!$D$6:$BN$259,16,),)/1000 -> -5.4875343 | U13: =+IFERROR(HLOOKUP($B13,'[2]3월누계'!$F$6:$CP$99,16,),)/1000 -> -118.29678 | V13: =+U13-T13 -> -112.80924 | W13: =+IFERROR(HLOOKUP($B13,'[3]3월누계'!$F$6:$CC$57,16,),)/1000 -> -82.619591 | X13: =+U13-W13 -> -35.677188 | Y13: =+[15]김해!$Q$85 -> 98137.045 | Z13: =+[15]김해!$R$85 -> 97989.904 | AA13: =+[16]김해!$Q$85 -> 93571.632 | AB13: =+[15]김해!$Q$89 -> 79403.267 | AC13: =+[15]김해!$R$89 -> 80125.773 | AD13: =+[16]김해!$Q$89 -> 77226.543 | AE13: =+Y13-AB13 -> 18733.779 | AF13: =+Z13-AC13 -> 17864.132 | AG13: =+AA13-AD13 -> 16345.089
B14: 정관 | G14: =+I14 -> 정관 | I14: 정관 | J14: =+IFERROR(HLOOKUP($B14,'[1]3월누계'!$D$6:$BN$259,2,),)/1000 -> 58 | K14: =+IFERROR(HLOOKUP($B14,'[2]3월누계'!$F$6:$CP$99,2,),)/1000 -> 33.524 | L14: =+K14-J14 -> -24.476 | M14: =+IFERROR(HLOOKUP($B14,'[3]3월누계'!$F$6:$CC$57,2,),)/1000 -> 54.343 | N14: =+K14-M14 -> -20.819 | O14: =+IFERROR(HLOOKUP($B14,'[1]3월누계'!$D$6:$BN$259,3,),)/1000 -> 5922.2614 | P14: =+IFERROR(HLOOKUP($B14,'[2]3월누계'!$F$6:$CP$99,3,),)/1000 -> 3555.6112 | Q14: =+P14-O14 -> -2366.6502 | R14: =+IFERROR(HLOOKUP($B14,'[3]3월누계'!$F$6:$CC$57,3,),)/1000 -> 5511.6251 | S14: =+P14-R14 -> -1956.0139 | T14: =+IFERROR(HLOOKUP($B14,'[1]3월누계'!$D$6:$BN$259,16,),)/1000 -> 376.72294 | U14: =+IFERROR(HLOOKUP($B14,'[2]3월누계'!$F$6:$CP$99,16,),)/1000 -> -43.912337 | V14: =+U14-T14 -> -420.63527 | W14: =+IFERROR(HLOOKUP($B14,'[3]3월누계'!$F$6:$CC$57,16,),)/1000 -> 367.07069 | X14: =+U14-W14 -> -410.98303 | Y14: =+[15]정관!$Q$85 -> 102107.96 | Z14: =+[15]정관!$R$85 -> 106061.66 | AA14: =+[16]정관!$Q$85 -> 101422.91 | AB14: =+[15]정관!$Q$89 -> 83962.522 | AC14: =+[15]정관!$R$89 -> 86251.938 | AD14: =+[16]정관!$Q$89 -> 84140.343 | AE14: =+Y14-AB14 -> 18145.434 | AF14: =+Z14-AC14 -> 19809.725 | AG14: =+AA14-AD14 -> 17282.565
B15: 양산 | G15: =+I15 -> 양산 | I15: 양산 | J15: =+IFERROR(HLOOKUP($B15,'[1]3월누계'!$D$6:$BN$259,2,),)/1000 -> 21 | K15: =+IFERROR(HLOOKUP($B15,'[2]3월누계'!$F$6:$CP$99,2,),)/1000 -> 13.346 | L15: =+K15-J15 -> -7.654 | M15: =+IFERROR(HLOOKUP($B15,'[3]3월누계'!$F$6:$CC$57,2,),)/1000 -> 23.639 | N15: =+K15-M15 -> -10.293 | O15: =+IFERROR(HLOOKUP($B15,'[1]3월누계'!$D$6:$BN$259,3,),)/1000 -> 2058.5263 | P15: =+IFERROR(HLOOKUP($B15,'[2]3월누계'!$F$6:$CP$99,3,),)/1000 -> 1371.7782 | Q15: =+P15-O15 -> -686.74809 | R15: =+IFERROR(HLOOKUP($B15,'[3]3월누계'!$F$6:$CC$57,3,),)/1000 -> 2244.0184 | S15: =+P15-R15 -> -872.24018 | T15: =+IFERROR(HLOOKUP($B15,'[1]3월누계'!$D$6:$BN$259,16,),)/1000 -> -13.598356 | U15: =+IFERROR(HLOOKUP($B15,'[2]3월누계'!$F$6:$CP$99,16,),)/1000 -> -84.36934 | V15: =+U15-T15 -> -70.770984 | W15: =+IFERROR(HLOOKUP($B15,'[3]3월누계'!$F$6:$CC$57,16,),)/1000 -> 47.353373 | X15: =+U15-W15 -> -131.72271 | Y15: =+[15]양산!$Q$85 -> 98025.061 | Z15: =+[15]양산!$R$85 -> 102785.72 | AA15: =+[16]양산!$Q$85 -> 94928.651 | AB15: =+[15]양산!$Q$89 -> 77137.14 | AC15: =+[15]양산!$R$89 -> 79902.01 | AD15: =+[16]양산!$Q$89 -> 73681.734 | AE15: =+Y15-AB15 -> 20887.922 | AF15: =+Z15-AC15 -> 22883.708 | AG15: =+AA15-AD15 -> 21246.917
B16: 창원 | G16: =+I16 -> 창원 | I16: 창원 | J16: =+IFERROR(HLOOKUP($B16,'[1]3월누계'!$D$6:$BN$259,2,),)/1000 -> 29 | K16: =+IFERROR(HLOOKUP($B16,'[2]3월누계'!$F$6:$CP$99,2,),)/1000 -> 25.582 | L16: =+K16-J16 -> -3.418 | M16: =+IFERROR(HLOOKUP($B16,'[3]3월누계'!$F$6:$CC$57,2,),)/1000 -> 30.799 | N16: =+K16-M16 -> -5.217 | O16: =+IFERROR(HLOOKUP($B16,'[1]3월누계'!$D$6:$BN$259,3,),)/1000 -> 2834.8562 | P16: =+IFERROR(HLOOKUP($B16,'[2]3월누계'!$F$6:$CP$99,3,),)/1000 -> 2501.3211 | Q16: =+P16-O16 -> -333.53511 | R16: =+IFERROR(HLOOKUP($B16,'[3]3월누계'!$F$6:$CC$57,3,),)/1000 -> 3064.3449 | S16: =+P16-R16 -> -563.02383 | T16: =+IFERROR(HLOOKUP($B16,'[1]3월누계'!$D$6:$BN$259,16,),)/1000 -> 11.632544 | U16: =+IFERROR(HLOOKUP($B16,'[2]3월누계'!$F$6:$CP$99,16,),)/1000 -> 8.068265 | V16: =+U16-T16 -> -3.5642793 | W16: =+IFERROR(HLOOKUP($B16,'[3]3월누계'!$F$6:$CC$57,16,),)/1000 -> 205.70844 | X16: =+U16-W16 -> -197.64018 | Y16: =+[15]창원!$Q$85 -> 97753.662 | Z16: =+[15]창원!$R$85 -> 97776.605 | AA16: =+[16]창원!$Q$85 -> 99494.949 | AB16: =+[15]창원!$Q$89 -> 78433.755 | AC16: =+[15]창원!$R$89 -> 75377.939 | AD16: =+[16]창원!$Q$89 -> 75101.481 | AE16: =+Y16-AB16 -> 19319.908 | AF16: =+Z16-AC16 -> 22398.665 | AG16: =+AA16-AD16 -> 24393.468
B17: 대구 | G17: =+I17 -> 대구 | I17: 대구 | J17: =+IFERROR(HLOOKUP($B17,'[1]3월누계'!$D$6:$BN$259,2,),)/1000 -> 20.5 | K17: =+IFERROR(HLOOKUP($B17,'[2]3월누계'!$F$6:$CP$99,2,),)/1000 -> 10.258 | L17: =+K17-J17 -> -10.242 | M17: =+IFERROR(HLOOKUP($B17,'[3]3월누계'!$F$6:$CC$57,2,),)/1000 -> 30.19 | N17: =+K17-M17 -> -19.932 | O17: =+IFERROR(HLOOKUP($B17,'[1]3월누계'!$D$6:$BN$259,3,),)/1000 -> 1861.2847 | P17: =+IFERROR(HLOOKUP($B17,'[2]3월누계'!$F$6:$CP$99,3,),)/1000 -> 899.30978 | Q17: =+P17-O17 -> -961.9749 | R17: =+IFERROR(HLOOKUP($B17,'[3]3월누계'!$F$6:$CC$57,3,),)/1000 -> 2793.4751 | S17: =+P17-R17 -> -1894.1654 | T17: =+IFERROR(HLOOKUP($B17,'[1]3월누계'!$D$6:$BN$259,16,),)/1000 -> -105.14406 | U17: =+IFERROR(HLOOKUP($B17,'[2]3월누계'!$F$6:$CP$99,16,),)/1000 -> -288.35881 | V17: =+U17-T17 -> -183.21475 | W17: =+IFERROR(HLOOKUP($B17,'[3]3월누계'!$F$6:$CC$57,16,),)/1000 -> 10.470324 | X17: =+U17-W17 -> -298.82913 | Y17: =+[15]대구!$Q$85 -> 90794.374 | Z17: =+[15]대구!$R$85 -> 87669.114 | AA17: =+[16]대구!$Q$85 -> 92529.815 | AB17: =+[15]대구!$Q$89 -> 72444.72 | AC17: =+[15]대구!$R$89 -> 72463.591 | AD17: =+[16]대구!$Q$89 -> 75856.146 | AE17: =+Y17-AB17 -> 18349.655 | AF17: =+Z17-AC17 -> 15205.523 | AG17: =+AA17-AD17 -> 16673.669
B18: 울산 | G18: =+I18 -> 울산 | I18: 울산 | J18: =+IFERROR(HLOOKUP($B18,'[1]3월누계'!$D$6:$BN$259,2,),)/1000 -> 24.5 | K18: =+IFERROR(HLOOKUP($B18,'[2]3월누계'!$F$6:$CP$99,2,),)/1000 -> 31.982 | L18: =+K18-J18 -> 7.482 | M18: =+IFERROR(HLOOKUP($B18,'[3]3월누계'!$F$6:$CC$57,2,),)/1000 -> 30.905 | N18: =+K18-M18 -> 1.077 | O18: =+IFERROR(HLOOKUP($B18,'[1]3월누계'!$D$6:$BN$259,3,),)/1000 -> 2562.8525 | P18: =+IFERROR(HLOOKUP($B18,'[2]3월누계'!$F$6:$CP$99,3,),)/1000 -> 3473.0955 | Q18: =+P18-O18 -> 910.24295 | R18: =+IFERROR(HLOOKUP($B18,'[3]3월누계'!$F$6:$CC$57,3,),)/1000 -> 3283.2608 | S18: =+P18-R18 -> 189.8347 | T18: =+IFERROR(HLOOKUP($B18,'[1]3월누계'!$D$6:$BN$259,16,),)/1000 -> -45.619206 | U18: =+IFERROR(HLOOKUP($B18,'[2]3월누계'!$F$6:$CP$99,16,),)/1000 -> 190.63581 | V18: =+U18-T18 -> 236.25501 | W18: =+IFERROR(HLOOKUP($B18,'[3]3월누계'!$F$6:$CC$57,16,),)/1000 -> 244.35527 | X18: =+U18-W18 -> -53.719461 | Y18: =+[15]울산!$Q$85 -> 104606.23 | Z18: =+[15]울산!$R$85 -> 108595.32 | AA18: =+[16]울산!$Q$85 -> 106237.2 | AB18: =+[15]울산!$Q$89 -> 86731.872 | AC18: =+[15]울산!$R$89 -> 87650.18 | AD18: =+[16]울산!$Q$89 -> 84747.177 | AE18: =+Y18-AB18 -> 17874.354 | AF18: =+Z18-AC18 -> 20945.139 | AG18: =+AA18-AD18 -> 21490.027
B19: 아산 | G19: =+I19 -> 아산 | I19: 아산 | J19: =+IFERROR(HLOOKUP($B19,'[1]3월누계'!$D$6:$BN$259,2,),)/1000 -> 42 | K19: =+IFERROR(HLOOKUP($B19,'[2]3월누계'!$F$6:$CP$99,2,),)/1000 -> 52.594 | L19: =+K19-J19 -> 10.594 | M19: =+IFERROR(HLOOKUP($B19,'[3]3월누계'!$F$6:$CC$57,2,),)/1000 -> 58.167 | N19: =+K19-M19 -> -5.573 | O19: =+IFERROR(HLOOKUP($B19,'[1]3월누계'!$D$6:$BN$259,3,),)/1000 -> 4098.104 | P19: =+IFERROR(HLOOKUP($B19,'[2]3월누계'!$F$6:$CP$99,3,),)/1000 -> 5282.5531 | Q19: =+P19-O19 -> 1184.4492 | R19: =+IFERROR(HLOOKUP($B19,'[3]3월누계'!$F$6:$CC$57,3,),)/1000 -> 5856.491 | S19: =+P19-R19 -> -573.93783 | T19: =+IFERROR(HLOOKUP($B19,'[1]3월누계'!$D$6:$BN$259,16,),)/1000 -> -40.189479 | U19: =+IFERROR(HLOOKUP($B19,'[2]3월누계'!$F$6:$CP$99,16,),)/1000 -> 63.776526 | V19: =+U19-T19 -> 103.96601 | W19: =+IFERROR(HLOOKUP($B19,'[3]3월누계'!$F$6:$CC$57,16,),)/1000 -> 180.486 | X19: =+U19-W19 -> -116.70947 | Y19: =+[15]아산!$Q$85 -> 97573.904 | Z19: =+[15]아산!$R$85 -> 100440.22 | AA19: =+[16]아산!$Q$85 -> 100656.63 | AB19: =+[15]아산!$Q$89 -> 80288.768 | AC19: =+[15]아산!$R$89 -> 84516.778 | AD19: =+[16]아산!$Q$89 -> 85238.065 | AE19: =+Y19-AB19 -> 17285.136 | AF19: =+Z19-AC19 -> 15923.446 | AG19: =+AA19-AD19 -> 15418.57
B20: 전주 | G20: =+I20 -> 전주 | I20: 전주 | J20: =+IFERROR(HLOOKUP($B20,'[1]3월누계'!$D$6:$BN$259,2,),)/1000 -> 21 | K20: =+IFERROR(HLOOKUP($B20,'[2]3월누계'!$F$6:$CP$99,2,),)/1000 -> 28.5075 | L20: =+K20-J20 -> 7.5075 | M20: =+IFERROR(HLOOKUP($B20,'[3]3월누계'!$F$6:$CC$57,2,),)/1000 -> 42.942 | N20: =+K20-M20 -> -14.4345 | O20: =+IFERROR(HLOOKUP($B20,'[1]3월누계'!$D$6:$BN$259,3,),)/1000 -> 2140.657 | P20: =+IFERROR(HLOOKUP($B20,'[2]3월누계'!$F$6:$CP$99,3,),)/1000 -> 2838.5855 | Q20: =+P20-O20 -> 697.92845 | R20: =+IFERROR(HLOOKUP($B20,'[3]3월누계'!$F$6:$CC$57,3,),)/1000 -> 4141.4108 | S20: =+P20-R20 -> -1302.8253 | T20: =+IFERROR(HLOOKUP($B20,'[1]3월누계'!$D$6:$BN$259,16,),)/1000 -> -7.3665347 | U20: =+IFERROR(HLOOKUP($B20,'[2]3월누계'!$F$6:$CP$99,16,),)/1000 -> 47.117149 | V20: =+U20-T20 -> 54.483684 | W20: =+IFERROR(HLOOKUP($B20,'[3]3월누계'!$F$6:$CC$57,16,),)/1000 -> 458.992 | X20: =+U20-W20 -> -411.87485 | Y20: =+[15]전주!$Q$85 -> 101936.05 | Z20: =+[15]전주!$R$85 -> 99588.553 | AA20: =+[16]전주!$Q$85 -> 96441.965 | AB20: =+[15]전주!$Q$89 -> 79008.263 | AC20: =+[15]전주!$R$89 -> 80739.723 | AD20: =+[16]전주!$Q$89 -> 74930.6 | AE20: =+Y20-AB20 -> 22927.787 | AF20: =+Z20-AC20 -> 18848.83 | AG20: =+AA20-AD20 -> 21511.364
B21: 군산 | G21: =+I21 -> 군산 | I21: 군산 | J21: =+IFERROR(HLOOKUP($B21,'[1]3월누계'!$D$6:$BN$259,2,),)/1000 -> 9.5 | K21: =+IFERROR(HLOOKUP($B21,'[2]3월누계'!$F$6:$CP$99,2,),)/1000 -> 9.0945 | L21: =+K21-J21 -> -0.4055 | M21: =+IFERROR(HLOOKUP($B21,'[3]3월누계'!$F$6:$CC$57,2,),)/1000 -> 11.959 | N21: =+K21-M21 -> -2.8645 | O21: =+IFERROR(HLOOKUP($B21,'[1]3월누계'!$D$6:$BN$259,3,),)/1000 -> 1069.5591 | P21: =+IFERROR(HLOOKUP($B21,'[2]3월누계'!$F$6:$CP$99,3,),)/1000 -> 1005.9239 | Q21: =+P21-O21 -> -63.635154 | R21: =+IFERROR(HLOOKUP($B21,'[3]3월누계'!$F$6:$CC$57,3,),)/1000 -> 1330.5415 | S21: =+P21-R21 -> -324.61761 | T21: =+IFERROR(HLOOKUP($B21,'[1]3월누계'!$D$6:$BN$259,16,),)/1000 -> 92.945305 | U21: =+IFERROR(HLOOKUP($B21,'[2]3월누계'!$F$6:$CP$99,16,),)/1000 -> 72.134082 | V21: =+U21-T21 -> -20.811223 | W21: =+IFERROR(HLOOKUP($B21,'[3]3월누계'!$F$6:$CC$57,16,),)/1000 -> 199.82253 | X21: =+U21-W21 -> -127.68845 | Y21: =+[15]군산!$Q$85 -> 112585.17 | Z21: =+[15]군산!$R$85 -> 110612.75 | AA21: =+[16]군산!$Q$85 -> 111258.59 | AB21: =+[15]군산!$Q$89 -> 75074.639 | AC21: =+[15]군산!$R$89 -> 74463.294 | AD21: =+[16]군산!$Q$89 -> 74140.042 | AE21: =+Y21-AB21 -> 37510.527 | AF21: =+Z21-AC21 -> 36149.461 | AG21: =+AA21-AD21 -> 37118.552
B22: 원주 | G22: =+I22 -> 원주 | I22: 원주 | J22: =+IFERROR(HLOOKUP($B22,'[1]3월누계'!$D$6:$BN$259,2,),)/1000 -> 9.9998 | K22: =+IFERROR(HLOOKUP($B22,'[2]3월누계'!$F$6:$CP$99,2,),)/1000 -> 7.265 | L22: =+K22-J22 -> -2.7348 | M22: =+IFERROR(HLOOKUP($B22,'[3]3월누계'!$F$6:$CC$57,2,),)/1000 -> 5.8695 | N22: =+K22-M22 -> 1.3955 | O22: =+IFERROR(HLOOKUP($B22,'[1]3월누계'!$D$6:$BN$259,3,),)/1000 -> 1132.5086 | P22: =+IFERROR(HLOOKUP($B22,'[2]3월누계'!$F$6:$CP$99,3,),)/1000 -> 924.1579 | Q22: =+P22-O22 -> -208.35073 | R22: =+IFERROR(HLOOKUP($B22,'[3]3월누계'!$F$6:$CC$57,3,),)/1000 -> 616.55765 | S22: =+P22-R22 -> 307.60025 | T22: =+IFERROR(HLOOKUP($B22,'[1]3월누계'!$D$6:$BN$259,16,),)/1000 -> 108.73129 | U22: =+IFERROR(HLOOKUP($B22,'[2]3월누계'!$F$6:$CP$99,16,),)/1000 -> 75.887511 | V22: =+U22-T22 -> -32.843783 | W22: =+IFERROR(HLOOKUP($B22,'[3]3월누계'!$F$6:$CC$57,16,),)/1000 -> -76.211322 | X22: =+U22-W22 -> 152.09883 | Y22: =+[15]원주!$Q$85 -> 113253.13 | Z22: =+[15]원주!$R$85 -> 127207.18 | AA22: =+[16]원주!$Q$85 -> 105044.32 | AB22: =+[15]원주!$Q$89 -> 73525.343 | AC22: =+[15]원주!$R$89 -> 81814.754 | AD22: =+[16]원주!$Q$89 -> 74215.892 | AE22: =+Y22-AB22 -> 39727.785 | AF22: =+Z22-AC22 -> 45392.428 | AG22: =+AA22-AD22 -> 30828.431
B23: 제주 | F23: =+K27-J27 -> -40.0933 | G23: =+I23 -> 제주 | I23: 제주 | J23: =+IFERROR(HLOOKUP($B23,'[1]3월누계'!$D$6:$BN$259,2,),)/1000 -> 17 | K23: =+IFERROR(HLOOKUP($B23,'[2]3월누계'!$F$6:$CP$99,2,),)/1000 -> 11.08 | L23: =+K23-J23 -> -5.92 | M23: =+IFERROR(HLOOKUP($B23,'[3]3월누계'!$F$6:$CC$57,2,),)/1000 -> 16.655 | N23: =+K23-M23 -> -5.575 | O23: =+IFERROR(HLOOKUP($B23,'[1]3월누계'!$D$6:$BN$259,3,),)/1000 -> 2064.9664 | P23: =+IFERROR(HLOOKUP($B23,'[2]3월누계'!$F$6:$CP$99,3,),)/1000 -> 1399.911 | Q23: =+P23-O23 -> -665.05548 | R23: =+IFERROR(HLOOKUP($B23,'[3]3월누계'!$F$6:$CC$57,3,),)/1000 -> 2017.9522 | S23: =+P23-R23 -> -618.04125 | T23: =+IFERROR(HLOOKUP($B23,'[1]3월누계'!$D$6:$BN$259,16,),)/1000 -> 142.02249 | U23: =+IFERROR(HLOOKUP($B23,'[2]3월누계'!$F$6:$CP$99,16,),)/1000 -> 17.473471 | V23: =+U23-T23 -> -124.54902 | W23: =+IFERROR(HLOOKUP($B23,'[3]3월누계'!$F$6:$CC$57,16,),)/1000 -> 227.32039 | X23: =+U23-W23 -> -209.84692 | Y23: =+[15]제주!$Q$85 -> 121468.61 | Z23: =+[15]제주!$R$85 -> 126270.59 | AA23: =+[16]제주!$Q$85 -> 120747.77 | AB23: =+[15]제주!$Q$89 -> 94781.113 | AC23: =+[15]제주!$R$89 -> 98427.659 | AD23: =+[16]제주!$Q$89 -> 89839.102 | AE23: =+Y23-AB23 -> 26687.501 | AF23: =+Z23-AC23 -> 27842.933 | AG23: =+AA23-AD23 -> 30908.667
F24: =+K24/J24 -> 0.96612033 | G24: =+I24 -> 수도권 | I24: 수도권 | J24: =SUM(J7:J10) -> 241 | K24: =SUM(K7:K10) -> 232.835 | L24: =+K24-J24 -> -8.165 | M24: =SUM(M7:M10) -> 224.638 | N24: =+K24-M24 -> 8.197 | O24: =SUM(O7:O10) -> 23925.915 | P24: =SUM(P7:P10) -> 23610.859 | Q24: =+P24-O24 -> -315.05635 | R24: =SUM(R7:R10) -> 21530.521 | S24: =+P24-R24 -> 2080.3374 | T24: =SUM(T7:T10) -> 608.96046 | U24: =SUM(U7:U10) -> 149.75156 | V24: =+U24-T24 -> -459.2089 | W24: =SUM(W7:W10) -> 52.663745 | X24: =+U24-W24 -> 97.087813 | Y24: =+[15]수도권!$Q$85 -> 99277.655 | Z24: =+[15]수도권!$R$85 -> 101450.7 | AA24: =+[16]수도권!$Q$85 -> 95841.129 | AB24: =+[15]수도권!$Q$89 -> 83104.286 | AC24: =+[15]수도권!$R$89 -> 87081.111 | AD24: =+[16]수도권!$Q$89 -> 82402.306 | AE24: =+Y24-AB24 -> 16173.369 | AF24: =+Z24-AC24 -> 14369.593 | AG24: =+AA24-AD24 -> 13438.824
F25: =+K25/J25 -> 0.8557412 | G25: =+I25 -> 영남권 | I25: 영남권 | J25: =SUM(J11:J18) -> 284 | K25: =SUM(K11:K18) -> 243.0305 | L25: =+K25-J25 -> -40.9695 | M25: =SUM(M11:M18) -> 294.355 | N25: =+K25-M25 -> -51.3245 | O25: =SUM(O11:O18) -> 28871.068 | P25: =SUM(P11:P18) -> 25951.01 | Q25: =+P25-O25 -> -2920.0585 | R25: =SUM(R11:R18) -> 29382.833 | S25: =+P25-R25 -> -3431.8232 | T25: =SUM(T11:T18) -> 1191.7451 | U25: =SUM(U11:U18) -> 855.47517 | V25: =+U25-T25 -> -336.26994 | W25: =SUM(W11:W18) -> 1614.9243 | X25: =+U25-W25 -> -759.44911 | Y25: =+[15]영남권!$Q$85 -> 101658.69 | Z25: =+[15]영남권!$R$85 -> 106780.07 | AA25: =+[16]영남권!$Q$85 -> 99826.055 | AB25: =+[15]영남권!$Q$89 -> 81373.425 | AC25: =+[15]영남권!$R$89 -> 84814.665 | AD25: =+[16]영남권!$Q$89 -> 79584.765 | AE25: =+Y25-AB25 -> 20285.267 | AF25: =+Z25-AC25 -> 21965.408 | AG25: =+AA25-AD25 -> 20241.29
F26: =+K26/J26 -> 1.0908665 | G26: =+I26 -> 중부권 | I26: 중부권 | J26: =SUM(J19:J23) -> 99.4998 | K26: =SUM(K19:K23) -> 108.541 | L26: =+K26-J26 -> 9.0412 | M26: =SUM(M19:M23) -> 135.5925 | N26: =+K26-M26 -> -27.0515 | O26: =SUM(O19:O23) -> 10505.795 | P26: =SUM(P19:P23) -> 11451.131 | Q26: =+P26-O26 -> 945.33627 | R26: =SUM(R19:R23) -> 13962.953 | S26: =+P26-R26 -> -2511.8218 | T26: =SUM(T19:T23) -> 296.14308 | U26: =SUM(U19:U23) -> 276.38874 | V26: =+U26-T26 -> -19.754339 | W26: =SUM(W19:W23) -> 990.4096 | X26: =+U26-W26 -> -714.02086 | Y26: =+[15]중부권!$Q$85 -> 105586.09 | Z26: =+[15]중부권!$R$85 -> 105472.15 | AA26: =+[16]중부권!$Q$85 -> 102812.83 | AB26: =+[15]중부권!$Q$89 -> 81317.033 | AC26: =+[15]중부권!$R$89 -> 83903.184 | AD26: =+[16]중부권!$Q$89 -> 81030.271 | AE26: =+Y26-AB26 -> 24269.06 | AF26: =+Z26-AC26 -> 21568.964 | AG26: =+AA26-AD26 -> 21782.564
F27: =+K27/M27 -> 0.89278864 | G27: =+K27/J27 -> 0.93579934 | H27: 레미콘 계 | J27: =SUM(J24:J26) -> 624.4998 | K27: =SUM(K24:K26) -> 584.4065 | L27: =+K27-J27 -> -40.0933 | M27: =SUM(M24:M26) -> 654.5855 | N27: =+K27-M27 -> -70.179 | O27: =SUM(O24:O26) -> 63302.778 | P27: =SUM(P24:P26) -> 61013 | Q27: =+P27-O27 -> -2289.7786 | R27: =SUM(R24:R26) -> 64876.307 | S27: =+P27-R27 -> -3863.3076 | T27: =SUM(T24:T26) -> 2096.8487 | U27: =SUM(U24:U26) -> 1281.6155 | V27: =+U27-T27 -> -815.23318 | W27: =SUM(W24:W26) -> 2657.9976 | X27: =+U27-W27 -> -1376.3822 | Y27: =+[15]합계!$Q$85 -> 101365.57 | Z27: =+[15]합계!$R$85 -> 104417.29 | AA27: =+[16]합계!$Q$85 -> 99077.049 | AB27: =+[15]합계!$Q$89 -> 82032.395 | AC27: =+[15]합계!$R$89 -> 85546.564 | AD27: =+[16]합계!$Q$89 -> 80839.18 | AE27: =+Y27-AB27 -> 19333.176 | AF27: =+Z27-AC27 -> 18870.729 | AG27: =+AA27-AD27 -> 18237.869 | AI27: =+AF27-AE27 -> -462.44669
B28: 건자재 | E28: 건자재영업 | G28: 건자재 | H28: 골재 | I28: 부산모래장 | J28: =+IFERROR(HLOOKUP($B29,'[1]3월누계'!$D$6:$BN$259,2,),)/1000 -> 59.218284 | K28: =+IFERROR(HLOOKUP($C29,'[2]3월누계'!$F$6:$CP$99,2,),)/1000 -> 51.663 | L28: =+K28-J28 -> -7.5552845 | M28: =+IFERROR(HLOOKUP($C29,'[3]3월누계'!$F$6:$CC$57,2,),)/1000 -> 69.002 | N28: =+K28-M28 -> -17.339 | O28: =+IFERROR(HLOOKUP($B29,'[1]3월누계'!$D$6:$BN$259,3,),)/1000 -> 1687.1457 | P28: =+IFERROR(HLOOKUP($C29,'[2]3월누계'!$F$6:$CP$99,3,),)/1000 -> 1475.5545 | Q28: =+P28-O28 -> -211.59119 | R28: =+IFERROR(HLOOKUP($C29,'[3]3월누계'!$F$6:$CC$57,3,),)/1000 -> 1979.7385 | S28: =+P28-R28 -> -504.184 | T28: =+IFERROR(HLOOKUP($B29,'[1]3월누계'!$D$6:$BN$259,21,),)/1000 -> 31.530342 | U28: =+IFERROR(HLOOKUP($C29,'[2]3월누계'!$F$6:$CP$99,21,),)/1000 -> 49.674995 | V28: =+U28-T28 -> 18.144653 | W28: =+IFERROR(HLOOKUP($C29,'[3]3월누계'!$F$6:$CC$57,21,),)/1000 -> 22.441963 | X28: =+U28-W28 -> 27.233032
B29: 부산모래장 | C29: 부산골재 | G29: =+I28 -> 부산모래장 | I29: 서부산CR | J29: =+IFERROR(HLOOKUP($B30,'[1]3월누계'!$D$6:$BN$259,2,),)/1000 -> 124.97511 | K29: =+IFERROR(HLOOKUP($C30,'[2]3월누계'!$F$6:$CP$99,2,),)/1000 -> 76.22 | L29: =+K29-J29 -> -48.755107 | M29: =+IFERROR(HLOOKUP($C30,'[3]3월누계'!$F$6:$CC$57,2,),)/1000 -> 46.422 | N29: =+K29-M29 -> 29.798 | O29: =+IFERROR(HLOOKUP($B30,'[1]3월누계'!$D$6:$BN$259,3,),)/1000 -> 1613.4343 | P29: =+IFERROR(HLOOKUP($C30,'[2]3월누계'!$F$6:$CP$99,3,),)/1000 -> 1081.8 | Q29: =+P29-O29 -> -531.63426 | R29: =+IFERROR(HLOOKUP($C30,'[3]3월누계'!$F$6:$CC$57,3,),)/1000 -> 651.814 | S29: =+P29-R29 -> 429.986 | T29: =+IFERROR(HLOOKUP($B30,'[1]3월누계'!$D$6:$BN$259,21,),)/1000 -> 120.93635 | U29: =+IFERROR(HLOOKUP($C30,'[2]3월누계'!$F$6:$CP$99,21,),)/1000 -> -126.02244 | V29: =+U29-T29 -> -246.95879 | W29: =+IFERROR(HLOOKUP($C30,'[3]3월누계'!$F$6:$CC$57,21,),)/1000 -> 49.399873 | X29: =+U29-W29 -> -175.42231
B30: 서부산크라샤 | C30: 서부산골재 | G30: =+I29 -> 서부산CR | I30: 부산CR | J30: =+IFERROR(HLOOKUP($B31,'[1]3월누계'!$D$6:$BN$259,2,),)/1000 -> 18.21924 | K30: =+IFERROR(HLOOKUP($C31,'[2]3월누계'!$F$6:$CP$99,2,),)/1000 -> 49.347 | L30: =+K30-J30 -> 31.12776 | M30: =+IFERROR(HLOOKUP($C31,'[3]3월누계'!$F$6:$CC$57,2,),)/1000 -> 51.976 | N30: =+K30-M30 -> -2.629 | O30: =+IFERROR(HLOOKUP($B31,'[1]3월누계'!$D$6:$BN$259,3,),)/1000 -> 367.70836 | P30: =+IFERROR(HLOOKUP($C31,'[2]3월누계'!$F$6:$CP$99,3,),)/1000 -> 982.3485 | Q30: =+P30-O30 -> 614.64014 | R30: =+IFERROR(HLOOKUP($C31,'[3]3월누계'!$F$6:$CC$57,3,),)/1000 -> 946.196 | S30: =+P30-R30 -> 36.1525 | T30: =+IFERROR(HLOOKUP($B31,'[1]3월누계'!$D$6:$BN$259,21,),)/1000 -> -407.72133 | U30: =+IFERROR(HLOOKUP($C31,'[2]3월누계'!$F$6:$CP$99,21,),)/1000 -> -355.71689 | V30: =+U30-T30 -> 52.004434 | W30: =+IFERROR(HLOOKUP($C31,'[3]3월누계'!$F$6:$CC$57,21,),)/1000 -> -576.8869 | X30: =+U30-W30 -> 221.17001 | AJ30: =+(AC30-AC31)*AD36 -> 0
B31: 부산크라샤 | C31: 부산크라샤 | G31: =+I30 -> 부산CR | H31: 골재 계 | J31: =SUM(J28:J30) -> 202.41263 | K31: =SUM(K28:K30) -> 177.23 | L31: =+K31-J31 -> -25.182631 | M31: =SUM(M28:M30) -> 167.4 | N31: =+K31-M31 -> 9.83 | O31: =SUM(O28:O30) -> 3668.2883 | P31: =SUM(P28:P30) -> 3539.703 | Q31: =+P31-O31 -> -128.58531 | R31: =SUM(R28:R30) -> 3577.7485 | S31: =+P31-R31 -> -38.0455 | T31: =SUM(T28:T30) -> -255.25463 | U31: =SUM(U28:U30) -> -432.06434 | V31: =+U31-T31 -> -176.80971 | W31: =SUM(W28:W30) -> -505.04506 | X31: =+U31-W31 -> 72.980724 | AJ31: =+AD35*120*10 -> 0
H32: 기타 | I32: 레미콘임대 | L32: =+K32-J32 -> 0 | N32: =+K32-M32 -> 0 | O32: =(IFERROR(HLOOKUP($B33,'[1]3월누계'!$D$6:$BN$259,3,),)++IFERROR(HLOOKUP($C33,'[1]3월누계'!$D$6:$BN$259,3,),)+IFERROR(HLOOKUP($D33,'[1]3월누계'!$D$6:$BN$259,3,),))/1000 -> 125 | P32: =+IFERROR(HLOOKUP($E33,'[2]3월누계'!$F$6:$CP$99,3,),)/1000 -> 130.02 | Q32: =+P32-O32 -> 5.02 | R32: =+IFERROR(HLOOKUP($E33,'[3]3월누계'!$F$6:$CC$57,3,),)/1000 -> 247.52 | S32: =+P32-R32 -> -117.5 | T32: =(IFERROR(HLOOKUP($B33,'[1]3월누계'!$D$6:$BN$259,21,),)++IFERROR(HLOOKUP($C33,'[1]3월누계'!$D$6:$BN$259,21,),)+IFERROR(HLOOKUP($D33,'[1]3월누계'!$D$6:$BN$259,21,),))/1000 -> 91.705319 | U32: =+IFERROR(HLOOKUP($E33,'[2]3월누계'!$F$6:$CP$99,16,),)/1000 -> 73.947188 | V32: =+U32-T32 -> -17.758131 | W32: =+IFERROR(HLOOKUP($E33,'[3]3월누계'!$F$6:$CC$57,16,),)/1000 -> 191.40522 | X32: =+U32-W32 -> -117.45803
B33: 포항임대 | C33: 속초임대 | D33: 강릉임대 | E33: 레미콘임대 계 | G33: =+I32 -> 레미콘임대 | I33: 임대 | L33: =+K33-J33 -> 0 | M33: 0 | N33: =+K33-M33 -> 0 | O33: =(+IFERROR(HLOOKUP($B34,'[1]3월누계'!$D$6:$BN$259,3,),)+IFERROR(HLOOKUP($C34,'[1]3월누계'!$D$6:$BN$259,3,),))/1000 -> 235.59 | P33: =+IFERROR(HLOOKUP($E34,'[2]3월누계'!$F$6:$CP$99,3,),)/1000 -> 215.52844 | Q33: =+P33-O33 -> -20.061557 | R33: =+IFERROR(HLOOKUP($E34,'[3]3월누계'!$F$6:$CC$57,3,),)/1000 -> 220.27474 | S33: =+P33-R33 -> -4.746301 | T33: =(+IFERROR(HLOOKUP($B34,'[1]3월누계'!$D$6:$BN$259,21,),)+IFERROR(HLOOKUP($C34,'[1]3월누계'!$D$6:$BN$259,21,),))/1000 -> 217.53944 | U33: =+IFERROR(HLOOKUP($E34,'[2]3월누계'!$F$6:$CP$99,16,),)/1000 -> 197.51638 | V33: =+U33-T33 -> -20.023066 | W33: =+IFERROR(HLOOKUP($E34,'[3]3월누계'!$F$6:$CC$57,16,),)/1000 -> 202.50428 | X33: =+U33-W33 -> -4.987905
B34: 부동산임대 | C34: 주유소임대 | E34: 임대 계 | G34: =+I33 -> 임대 | I34: 공통비 | L34: =+K34-J34 -> 0 | N34: =+K34-M34 -> 0 | Q34: =+P34-O34 -> 0 | S34: =+P34-R34 -> 0 | T34: =-'[1]3월누계'!$Z$22/1000 -> -4357.4268 | U34: =+-'[2]3월누계'!$Z$22/1000 -> -4508.6477 | V34: =+U34-T34 -> -151.2209 | W34: =+-'[3]3월누계'!$Z$22/1000 -> -4252.8326 | X34: =+U34-W34 -> -255.81517 | AF34: =+AM27 -> 0 | AJ34: =+AQ27 -> 0
B35: 공 통 비 | G35: =+I34 -> 공통비 | I35: OPC 소급분 | N35: =+K35-M35 -> 0 | Q35: =+P35-O35 -> 0 | S35: =+P35-R35 -> 0 | T35: =+'[1]3월누계'!$AT$26/1000 -> 360 | U35: ='[2]3월누계'!$BD$26/1000 -> 533.64835 | V35: =+U35-T35 -> 173.64835 | W35: ='[3]3월누계'!$BD$26/1000 -> 0 | X35: =+U35-W35 -> 533.64835
G36: =+I35 -> OPC 소급분 | I36: 대손 | N36: =+K36-M36 -> 0 | Q36: =+P36-O36 -> 0 | S36: =+P36-R36 -> 0 | U36: ='[2]3월누계'!$BE$26/1000 -> 184.44026 | V36: =+U36-T36 -> 184.44026 | W36: ='[3]3월누계'!$BE$26/1000 -> -522.39605 | X36: =+U36-W36 -> 706.83631
G37: =+I36 -> 대손 | I37: 미운영 공장 | M37: =SUM(M56:M61) -> 0 | N37: =+K37-M37 -> 0 | Q37: =+P37-O37 -> 0 | R37: =+IFERROR(HLOOKUP($I$37,'[3]3월누계'!$F$6:$BJ$50,3,),)/1000 -> 0 | S37: =+P37-R37 -> 0 | T37: =SUM('[1]3월누계'!$AM$26:$AQ$26)/1000 -> -37.919466 | U37: =+'[2]3월누계'!$BF$26/1000 -> -69.589258 | V37: =+U37-T37 -> -31.669792 | W37: =+'[3]3월누계'!$BF$26/1000 -> -72.190982 | X37: =+U37-W37 -> 2.601724
G38: =+I37 -> 미운영 공장 | I38: 퇴직위로금 | U38: =+'[2]3월누계'!$BG$26/1000 -> 0 | V38: =+U38-T38 -> 0 | X38: =+U38-W38 -> 0
B39: 기타 계 | G39: =+I38 -> 퇴직위로금 | I39: 기타 | L39: =+K39-J39 -> 0 | N39: =+K39-M39 -> 0 | O39: =IFERROR(HLOOKUP($B39,'[1]3월누계'!$D$6:$BN$259,3,),)/1000 -> 5.31 | P39: =+('[2]3월누계'!$F$8-SUM('[2]3월누계'!$Z$8,'[2]3월누계'!$AH$8,'[2]3월누계'!$AN$8,'[2]3월누계'!$AO$8,'[2]3월누계'!$BA$8,'[2]3월누계'!$BD$8,'[2]3월누계'!$BE$8,'[2]3월누계'!$BF$8))/1000 -> 4.9239 | Q39: =+P39-O39 -> -0.3861 | R39: =+('[3]3월누계'!$F$8-SUM('[3]3월누계'!$Z$8,'[3]3월누계'!$AH$8,'[3]3월누계'!$AN$8,'[3]3월누계'!$AO$8,'[3]3월누계'!$BA$8,'[3]3월누계'!$BD$8,'[3]3월누계'!$BE$8,'[3]3월누계'!$BF$8))/1000 -> 5.03955 | S39: =+P39-R39 -> -0.11565 | T39: =+('[1]3월누계'!$E$26-'[1]3월누계'!$Z$26-'[1]3월누계'!$AA$26-'[1]3월누계'!$AE$26-'[1]3월누계'!$AL$26-'[1]3월누계'!$AM$26-'[1]3월누계'!$AN$26-'[1]3월누계'!$AO$26-'[1]3월누계'!$AP$26-'[1]3월누계'!$AQ$26-'[1]3월누계'!$AS$26+'[1]3월누계'!$AS$26)/1000-T35 -> -148.97687 | U39: =+('[2]3월누계'!$F$26-SUM('[2]3월누계'!$Z$26,'[2]3월누계'!$AH$26,'[2]3월누계'!$AN$26,'[2]3월누계'!$AO$26,'[2]3월누계'!$BA$26,'[2]3월누계'!$BD$26,'[2]3월누계'!$BE$26,'[2]3월누계'!$BF$26))/1000-U38 -> -71.478423 | V39: =+U39-T39 -> 77.498443 | W39: =+('[3]3월누계'!$F$26-SUM('[3]3월누계'!$Z$26,'[3]3월누계'!$AH$26,'[3]3월누계'!$AN$26,'[3]3월누계'!$AO$26,'[3]3월누계'!$BA$26,'[3]3월누계'!$BD$26,'[3]3월누계'!$BE$26,'[3]3월누계'!$BF$26))/1000 -> -802.47454 | X39: =+U39-W39 -> 730.99612 | AJ39: =-[4]합계!$H$6 -> -459.38571
G40: =+I39 -> 기타 | H40: 기타 계 | J40: =SUM(J32:J39) -> 0 | K40: =SUM(K32:K39) -> 0 | L40: =+K40-J40 -> 0 | M40: =SUM(M32:M39) -> 0 | N40: =+K40-M40 -> 0 | O40: =SUM(O32:O39) -> 365.9 | P40: =SUM(P32:P39) -> 350.47234 | Q40: =+P40-O40 -> -15.427657 | R40: =SUM(R32:R39) -> 472.83429 | S40: =+P40-R40 -> -122.36195 | T40: =SUM(T32:T39) -> -3875.0784 | U40: =SUM(U32:U39) -> -3660.1632 | V40: =+U40-T40 -> 214.91516 | W40: =SUM(W32:W39) -> -5255.9846 | X40: =+U40-W40 -> 1595.8214
H41: 합계 | O41: =+O27+O31+O40 -> 67336.967 | P41: =+P27+P31+P40 -> 64903.175 | Q41: =+P41-O41 -> -2433.7916 | R41: =+R27+R31+R40 -> 68926.89 | S41: =+P41-R41 -> -4023.7151 | T41: =+T27+T31+T40 -> -2033.4844 | U41: =+U27+U31+U40 -> -2810.6121 | V41: =+U41-T41 -> -777.12773 | W41: =+W27+W31+W40 -> -3103.0321 | X41: =+U41-W41 -> 292.41996 | AJ41: =[4]합계!$U$15-AJ39-AJ40 -> 1816.6339
G42: =+P41/O41 -> 0.96385653
H43: 건자재 | J43: =+IFERROR(HLOOKUP($B28,'[1]3월누계'!$D$6:$BN$259,2,),) -> 23500 | K43: =+IFERROR(HLOOKUP($E28,'[2]3월누계'!$F$6:$CP$99,2,),) -> 13878.238 | L43: =+K43-J43 -> -9621.762 | M43: =+IFERROR(HLOOKUP($E28,'[3]3월누계'!$F$6:$CC$57,2,),) -> 34222.795 | N43: =+K43-M43 -> -20344.557 | O43: =+IFERROR(HLOOKUP($B28,'[1]3월누계'!$D$6:$BN$259,3,),)/1000 -> 22587.069 | P43: =+IFERROR(HLOOKUP($E28,'[2]3월누계'!$F$6:$CP$99,3,),)/1000 -> 13994.382 | Q43: =+P43-O43 -> -8592.6876 | R43: =+IFERROR(HLOOKUP($E28,'[3]3월누계'!$F$6:$CC$57,3,),)/1000 -> 28292.343 | S43: =+P43-R43 -> -14297.962 | T43: =+IFERROR(HLOOKUP($B28,'[1]3월누계'!$D$6:$BN$259,21,),)/1000 -> -85.427511 | U43: =+IFERROR(HLOOKUP($E28,'[2]3월누계'!$F$6:$CP$99,21,),)/1000 -> -118.75362 | V43: =+U43-T43 -> -33.326111 | W43: =+IFERROR(HLOOKUP($E28,'[3]3월누계'!$F$6:$CC$57,16,),)/1000 -> -106.31139 | X43: =+U43-W43 -> -12.442236
H44: 합계 | O44: =+O41+O43 -> 89924.036 | P44: =+P41+P43 -> 78897.557 | Q44: =+P44-O44 -> -11026.479 | R44: =+R41+R43 -> 97219.234 | S44: =+P44-R44 -> -18321.677 | T44: =+T41+T43 -> -2118.9119 | U44: =+U41+U43 -> -2929.3657 | V44: =+U44-T44 -> -810.45384 | W44: =+W41+W43 -> -3209.3435 | X44: =+U44-W44 -> 279.97773
F48: =+K43/M43 -> 0.40552614 | G48: =+K43/J43 -> 0.59056332 | I48: 확인 | J48: =+'[1]3월누계'!$Z$7/1000 -> 624.4998 | K48: =+'[2]3월누계'!$AI$7/1000 -> 584.4065 | M48: =+'[3]3월누계'!$Z$7/1000 -> 654.5855 | O48: =+'[1]3월누계'!$E$8/1000 -> 89924.036 | P48: =+'[2]3월누계'!$F$8/1000 -> 78897.557 | R48: =+'[3]3월누계'!$F$8/1000 -> 97219.234 | T48: =+'[1]3월누계'!$E$26/1000 -> -2118.9119 | U48: =+'[2]3월누계'!$F$26/1000 -> -2929.3657 | W48: =+'[3]3월누계'!$F$26/1000 -> -3209.3435
F49: =+K31/M31 -> 1.0587216 | G49: =+K31/J31 -> 0.87558765 | J49: =+J48-J27 -> 0 | K49: =+K48-K27 -> 0 | M49: =+M48-M27 -> 0 | O49: =+O48-O44 -> 0 | P49: =+P48-P44 -> 0 | R49: =+R48-R44 -> 0 | T49: =+T48-T44 -> -1.4097168e-11 | U49: =+U48-U44 -> 0 | W49: =+W48-W44 -> 0
O51: =+O41-O43 -> 44749.897 | P51: =+P41-P43 -> 50908.793 | Q51: =+P51-O51 -> 6158.896
O52: =+O51/100 -> 447.49897 | P52: =+P51/100 -> 509.08793 | Q52: =+P52-O52 -> 61.58896 | S52: 레미콘 | T52: =(+T27+T34)/100 -> -22.605782 | U52: =(+U27+U34)/100 -> -32.270323 | V52: =+U52-T52 -> -9.6645408 | W52: =+U52/T52-1 -> 0.42752517
Q53: =+P52/O52 -> 1.1376293 | S53: 골재 | T53: =+T31/100 -> -2.5525463 | U53: =+U31/100 -> -4.3206434 | V53: =+U53-T53 -> -1.7680971
S54: 임대 | T54: =(T32+T33)/100 -> 3.0924476 | U54: =(U32+U33)/100 -> 2.7146357 | V54: =+U54-T54 -> -0.37781197
S55: 기타 | T55: =((T48-T43)/100)-T52-T53-T54 -> 1.7310367 | U55: =((U48-U43)/100)-U52-U53-U54 -> 5.7702092 | V55: =+U55-T55 -> 4.0391726
T56: =SUM(T54:T55) -> 4.8234843 | U56: =SUM(U54:U55) -> 8.4848449 | V56: =SUM(V54:V55) -> 3.6613606
T57: =SUM(T52:T55) -> -20.334844 | U57: =SUM(U52:U55) -> -28.106121 | V57: =+U57-T57 -> -7.7712773
S60: 임대 | T60: =+(T32+T33)/100 -> 3.0924476 | U60: =+(U32+U33)/100 -> 2.7146357 | V60: =+U60-T60 -> -0.37781197
S61: =+I35 -> OPC 소급분 | T61: =+T35/100 -> 3.6 | U61: =+U35/100 -> 5.3364835 | V61: =+U61-T61 -> 1.7364835
S62: =+I36 -> 대손 | T62: =+T36/100 -> 0 | U62: =+U36/100 -> 1.8444026 | V62: =+U62-T62 -> 1.8444026
S63: =+I37 -> 미운영 공장 | T63: =+T37/100 -> -0.37919466 | U63: =+U37/100 -> -0.69589258 | V63: =+U63-T63 -> -0.31669792
S64: =+I39 -> 기타 | T64: =+T39/100 -> -1.4897687 | U64: =+U39/100 -> -0.71478423 | V64: =+U64-T64 -> 0.77498443
T65: =SUM(T60:T64) -> 4.8234843 | U65: =SUM(U60:U64) -> 8.4848449 | V65: =SUM(V60:V64) -> 3.6613606
T68: =SUM(T32:T33,T35,T37:T39) -> 482.34843 | U68: =SUM(U32:U33,U35,U37:U39) -> 664.04424 | V68: =+U68-T68 -> 181.6958
T70: =+T41-T43 -> -1948.0569 | U70: =+U41-U43 -> -2691.8585
T71: =+T70/100 -> -19.480569 | U71: =+U70/100 -> -26.918585 | V71: =+U71-T71 -> -7.4380162

Sheet 영업이익
D4: □ 레미콘 영업이익 차이분석(2026-03)
W5: [단위 : 백만원, 천㎥]
D6: 구분 | E6: 영업이익(공통비 미배부) | H6: 물량 차이 | L6: 판매단가 차이 | P6: 제조원가 차이 | T6: 판관비 등 차이
E7: 계획 | F7: 실적 | G7: 차이 | H7: 계획 | I7: 실적 | J7: 차이 | K7: 손익 | L7: 계획 | M7: 실적 | N7: 차이 | O7: 손익 | P7: 계획 | Q7: 실적 | R7: 차이 | S7: 손익 | T7: 계획 | U7: 실적 | V7: 차이 | W7: 손익
D8: 합계 | E8: =+[4]합계!$H$86/1000 -> 2067.1801 | F8: =+[4]합계!$I$86/1000 -> 1414.4558 | G8: =+F8-E8 -> -652.72434 | H8: =+[4]합계!$T$5/1000 -> 258.5 | I8: =+[4]합계!$U$5/1000 -> 238.277 | J8: =+I8-H8 -> -20.223 | K8: =+[4]합계!$M$86/1000 -> -248.28018 | L8: =+[4]합계!$Q$85 -> 102249.9 | M8: =+[4]합계!$R$85 -> 102799.58 | N8: =+M8-L8 -> 549.68371 | O8: =+[4]합계!$K$86/1000 -> 130.67768 | P8: =+[4]합계!$Q$50 -> 90234.89 | Q8: =+[4]합계!$R$50 -> 92550.656 | R8: =+Q8-P8 -> 2315.7665 | S8: =+[4]합계!$L$56/1000 -> -413.54589 | T8: =+([4]합계!$H$80+[4]합계!$H$85)/1000 -> 1038.7001 | U8: =+([4]합계!$I$80+[4]합계!$I$85)/1000 -> 1160.2761 | V8: =+U8-T8 -> 121.57594 | W8: =+([4]합계!$L$80+[4]합계!$L$85)/1000 -> -121.57594 | Y8: =+G8-K8-O8-S8-W8 -> -4.2632564e-13 | Z8: =+Y8*1000000 -> -4.2632564e-07
D9: 수도권 | E9: =+[4]수도권!$H$86/1000 -> 693.49338 | F9: =+[4]수도권!$I$86/1000 -> 358.41098 | G9: =+F9-E9 -> -335.08239 | H9: =+[4]수도권!$T$5/1000 -> 102 | I9: =+[4]수도권!$U$5/1000 -> 99.251 | J9: =+I9-H9 -> -2.749 | K9: =+[4]수도권!$M$86/1000 -> -32.247288 | L9: =+[4]수도권!$Q$85 -> 100185.22 | M9: =+[4]수도권!$R$85 -> 98854.894 | N9: =+M9-L9 -> -1330.3213 | O9: =+[4]수도권!$K$86/1000 -> -131.31735 | P9: =+[4]수도권!$Q$50 -> 90006.837 | Q9: =+[4]수도권!$R$50 -> 91972.34 | R9: =+Q9-P9 -> 1965.5027 | S9: =+[4]수도권!$L$56/1000 -> -193.99233 | T9: =+([4]수도권!$H$80+[4]수도권!$H$85)/1000 -> 344.70119 | U9: =+([4]수도권!$I$80+[4]수도권!$I$85)/1000 -> 322.22662 | V9: =+U9-T9 -> -22.474573 | W9: =+([4]수도권!$L$80+[4]수도권!$L$85)/1000 -> 22.474573 | Y9: =+G9-K9-O9-S9-W9 -> 1.687539e-12 | Z9: =+Y9*1000000 -> 1.687539e-06
D10: 영남권 | E10: =+[4]영남권!$H$86/1000 -> 1023.7331 | F10: =+[4]영남권!$I$86/1000 -> 643.6426 | G10: =+F10-E10 -> -380.09045 | H10: =+[4]영남권!$T$5/1000 -> 110 | I10: =+[4]영남권!$U$5/1000 -> 90.495 | J10: =+I10-H10 -> -19.505 | K10: =+[4]영남권!$M$86/1000 -> -268.03555 | L10: =+[4]영남권!$Q$85 -> 103621.41 | M10: =+[4]영남권!$R$85 -> 106535.28 | N10: =+M10-L10 -> 2913.8689 | O10: =+[4]영남권!$K$86/1000 -> 263.69057 | P10: =+[4]영남권!$Q$50 -> 89879.52 | Q10: =+[4]영남권!$R$50 -> 93974.293 | R10: =+Q10-P10 -> 4094.7726 | S10: =+[4]영남권!$L$56/1000 -> -233.57902 | T10: =+([4]영남권!$H$80+[4]영남권!$H$85)/1000 -> 487.87479 | U10: =+([4]영남권!$I$80+[4]영남권!$I$85)/1000 -> 630.04122 | V10: =+U10-T10 -> 142.16644 | W10: =+([4]영남권!$L$80+[4]영남권!$L$85)/1000 -> -142.16644 | Y10: =+G10-K10-O10-S10-W10 -> -3.6948222e-13 | Z10: =+Y10*1000000 -> -3.6948222e-07
D11: 기타권 | E11: =+[4]중부권!$H$86/1000 -> 349.9537 | F11: =+[4]중부권!$I$86/1000 -> 412.4022 | G11: =+F11-E11 -> 62.448506 | H11: =+[4]중부권!$T$5/1000 -> 46.5 | I11: =+[4]중부권!$U$5/1000 -> 48.531 | J11: =+I11-H11 -> 2.031 | K11: =+[4]중부권!$M$86/1000 -> 24.246381 | L11: =+[4]중부권!$Q$85 -> 103534.46 | M11: =+[4]중부권!$R$85 -> 103857.2 | N11: =+M11-L11 -> 322.74865 | O11: =+[4]중부권!$K$86/1000 -> 15.661862 | P11: =+[4]중부권!$Q$50 -> 91575.792 | Q11: =+[4]중부권!$R$50 -> 91072.191 | R11: =+Q11-P11 -> -503.60079 | S11: =+[4]중부권!$L$56/1000 -> 24.424343 | T11: =+([4]중부권!$H$80+[4]중부권!$H$85)/1000 -> 206.12414 | U11: =+([4]중부권!$I$80+[4]중부권!$I$85)/1000 -> 208.00822 | V11: =+U11-T11 -> 1.8840801 | W11: =+([4]중부권!$L$80+[4]중부권!$L$85)/1000 -> -1.8840801 | Y11: =+G11-K11-O11-S11-W11 -> 3.599343e-13 | Z11: =+Y11*1000000 -> 3.599343e-07
D12: 안양 | E12: =+[4]안양!$H$86/1000 -> 399.94344 | F12: =+[4]안양!$I$86/1000 -> 386.86276 | G12: =+F12-E12 -> -13.080678 | H12: =+[4]안양!$T$5/1000 -> 39 | I12: =+[4]안양!$U$5/1000 -> 42.206 | J12: =+I12-H12 -> 3.206 | K12: =+[4]안양!$M$86/1000 -> 40.981761 | L12: =+[4]안양!$Q$85 -> 98249.207 | M12: =+[4]안양!$R$85 -> 99500.254 | N12: =+M12-L12 -> 1251.0469 | O12: =+[4]안양!$K$86/1000 -> 52.801686 | P12: =+[4]안양!$Q$50 -> 85466.375 | Q12: =+[4]안양!$R$50 -> 88032.365 | R12: =+Q12-P12 -> 2565.9902 | S12: =+[4]안양!$L$56/1000 -> -108.21665 | T12: =+([4]안양!$H$80+[4]안양!$H$85)/1000 -> 98.587029 | U12: =+([4]안양!$I$80+[4]안양!$I$85)/1000 -> 97.234507 | V12: =+U12-T12 -> -1.3525219 | W12: =+([4]안양!$L$80+[4]안양!$L$85)/1000 -> 1.3525219 | Y12: =+G12-K12-O12-S12-W12 -> -1.9539925e-14 | Z12: =+Y12*1000000 -> -1.9539925e-08
D13: 인천 | E13: =+[4]인천!$H$86/1000 -> 233.65111 | F13: =+[4]인천!$I$86/1000 -> 34.480905 | G13: =+F13-E13 -> -199.17021 | H13: =+[4]인천!$T$5/1000 -> 35 | I13: =+[4]인천!$U$5/1000 -> 31.6865 | J13: =+I13-H13 -> -3.3135 | K13: =+[4]인천!$M$86/1000 -> -35.237873 | L13: =+[4]인천!$Q$85 -> 103272.78 | M13: =+[4]인천!$R$85 -> 100098.24 | N13: =+M13-L13 -> -3174.5384 | O13: =+[4]인천!$K$86/1000 -> -99.040836 | P13: =+[4]인천!$Q$50 -> 93696.331 | Q13: =+[4]인천!$R$50 -> 95703.006 | R13: =+Q13-P13 -> 2006.6757 | S13: =+[4]인천!$L$56/1000 -> -62.605284 | T13: =+([4]인천!$H$80+[4]인천!$H$85)/1000 -> 101.52461 | U13: =+([4]인천!$I$80+[4]인천!$I$85)/1000 -> 103.81082 | V13: =+U13-T13 -> 2.2862113 | W13: =+([4]인천!$L$80+[4]인천!$L$85)/1000 -> -2.2862113 | Y13: =+G13-K13-O13-S13-W13 -> -1.7053026e-13 | Z13: =+Y13*1000000 -> -1.7053026e-07
D14: 파주 | E14: =+[4]파주!$H$86/1000 -> 20.418977 | F14: =+[4]파주!$I$86/1000 -> -80.522035 | G14: =+F14-E14 -> -100.94101 | H14: =+[4]파주!$T$5/1000 -> 15 | I14: =+[4]파주!$U$5/1000 -> 11.21 | J14: =+I14-H14 -> -3.79 | K14: =+[4]파주!$M$86/1000 -> -25.731492 | L14: =+[4]파주!$Q$85 -> 98318.231 | M14: =+[4]파주!$R$85 -> 97858.466 | N14: =+M14-L14 -> -459.7651 | O14: =+[4]파주!$K$86/1000 -> -5.1539668 | P14: =+[4]파주!$Q$50 -> 91528.919 | Q14: =+[4]파주!$R$50 -> 99423.891 | R14: =+Q14-P14 -> 7894.9725 | S14: =+[4]파주!$L$56/1000 -> -88.502642 | T14: =+([4]파주!$H$80+[4]파주!$H$85)/1000 -> 81.4207 | U14: =+([4]파주!$I$80+[4]파주!$I$85)/1000 -> 62.973611 | V14: =+U14-T14 -> -18.447089 | W14: =+([4]파주!$L$80+[4]파주!$L$85)/1000 -> 18.447089 | Y14: =+G14-K14-O14-S14-W14 -> -1.4921397e-13 | Z14: =+Y14*1000000 -> -1.4921397e-07
D15: 김포 | E15: =+[4]김포!$H$86/1000 -> 39.479855 | F15: =+[4]김포!$I$86/1000 -> 17.589357 | G15: =+F15-E15 -> -21.890498 | H15: =+[4]김포!$T$5/1000 -> 13 | I15: =+[4]김포!$U$5/1000 -> 14.1485 | J15: =+I15-H15 -> 1.1485 | K15: =+[4]김포!$M$86/1000 -> 8.7204235 | L15: =+[4]김포!$Q$85 -> 99834.778 | M15: =+[4]김포!$R$85 -> 94963.241 | N15: =+M15-L15 -> -4871.5377 | O15: =+[4]김포!$K$86/1000 -> -68.671631 | P15: =+[4]김포!$Q$50 -> 91938.724 | Q15: =+[4]김포!$R$50 -> 89590.655 | R15: =+Q15-P15 -> -2348.0691 | S15: =+[4]김포!$L$56/1000 -> 33.099536 | T15: =+([4]김포!$H$80+[4]김포!$H$85)/1000 -> 63.168851 | U15: =+([4]김포!$I$80+[4]김포!$I$85)/1000 -> 58.207677 | V15: =+U15-T15 -> -4.9611739 | W15: =+([4]김포!$L$80+[4]김포!$L$85)/1000 -> 4.9611739 | Y15: =+G15-K15-O15-S15-W15 -> 2.0072832e-13 | Z15: =+Y15*1000000 -> 2.0072832e-07
D16: 부산 | E16: =+[4]부산!$H$86/1000 -> 252.0269 | F16: =+[4]부산!$I$86/1000 -> 323.34982 | G16: =+F16-E16 -> 71.322921 | H16: =+[4]부산!$T$5/1000 -> 20 | I16: =+[4]부산!$U$5/1000 -> 21.737 | J16: =+I16-H16 -> 1.737 | K16: =+[4]부산!$M$86/1000 -> 31.28848 | L16: =+[4]부산!$Q$85 -> 111300.96 | M16: =+[4]부산!$R$85 -> 119206.57 | N16: =+M16-L16 -> 7905.6188 | O16: =+[4]부산!$K$86/1000 -> 171.84444 | P16: =+[4]부산!$Q$50 -> 93288.013 | Q16: =+[4]부산!$R$50 -> 99766.499 | R16: =+Q16-P16 -> 6478.4858 | S16: =+[4]부산!$L$56/1000 -> -68.957707 | T16: =+([4]부산!$H$80+[4]부산!$H$85)/1000 -> 108.23194 | U16: =+([4]부산!$I$80+[4]부산!$I$85)/1000 -> 171.08423 | V16: =+U16-T16 -> 62.852288 | W16: =+([4]부산!$L$80+[4]부산!$L$85)/1000 -> -62.852288 | Y16: =+G16-K16-O16-S16-W16 -> 1.4921397e-13 | Z16: =+Y16*1000000 -> 1.4921397e-07
D17: 서부산 | E17: =+[4]서부산!$H$86/1000 -> 303.00485 | F17: =+[4]서부산!$I$86/1000 -> 209.67643 | G17: =+F17-E17 -> -93.328419 | H17: =+[4]서부산!$T$5/1000 -> 20 | I17: =+[4]서부산!$U$5/1000 -> 20.056 | J17: =+I17-H17 -> 0.056 | K17: =+[4]서부산!$M$86/1000 -> 1.0439742 | L17: =+[4]서부산!$Q$85 -> 104085.98 | M17: =+[4]서부산!$R$85 -> 102473.06 | N17: =+M17-L17 -> -1612.9242 | O17: =+[4]서부산!$K$86/1000 -> -32.348808 | P17: =+[4]서부산!$Q$50 -> 85443.583 | Q17: =+[4]서부산!$R$50 -> 88750.28 | R17: =+Q17-P17 -> 3306.697 | S17: =+[4]서부산!$L$56/1000 -> -18.22757 | T17: =+([4]서부산!$H$80+[4]서부산!$H$85)/1000 -> 69.843077 | U17: =+([4]서부산!$I$80+[4]서부산!$I$85)/1000 -> 113.63909 | V17: =+U17-T17 -> 43.796015 | W17: =+([4]서부산!$L$80+[4]서부산!$L$85)/1000 -> -43.796015 | Y17: =+G17-K17-O17-S17-W17 -> 0 | Z17: =+Y17*1000000 -> 0
D18: 김해 | E18: =+[4]김해!$H$86/1000 -> 66.063919 | F18: =+[4]김해!$I$86/1000 -> 13.214121 | G18: =+F18-E18 -> -52.849798 | H18: =+[4]김해!$T$5/1000 -> 9 | I18: =+[4]김해!$U$5/1000 -> 7.2515 | J18: =+I18-H18 -> -1.7485 | K18: =+[4]김해!$M$86/1000 -> -21.14015 | L18: =+[4]김해!$Q$85 -> 101293.38 | M18: =+[4]김해!$R$85 -> 99988.396 | N18: =+M18-L18 -> -1304.9854 | O18: =+[4]김해!$K$86/1000 -> -9.4631015 | P18: =+[4]김해!$Q$50 -> 89202.932 | Q18: =+[4]김해!$R$50 -> 91576.631 | R18: =+Q18-P18 -> 2373.6992 | S18: =+[4]김해!$L$56/1000 -> -13.779242 | T18: =+([4]김해!$H$80+[4]김해!$H$85)/1000 -> 42.750123 | U18: =+([4]김해!$I$80+[4]김해!$I$85)/1000 -> 51.217427 | V18: =+U18-T18 -> 8.4673042 | W18: =+([4]김해!$L$80+[4]김해!$L$85)/1000 -> -8.4673042 | Y18: =+G18-K18-O18-S18-W18 -> -1.2612134e-13 | Z18: =+Y18*1000000 -> -1.2612134e-07
D19: 정관 | E19: =+[4]정관!$H$86/1000 -> 240.64452 | F19: =+[4]정관!$I$86/1000 -> 69.741612 | G19: =+F19-E19 -> -170.90291 | H19: =+[4]정관!$T$5/1000 -> 21 | I19: =+[4]정관!$U$5/1000 -> 12.903 | J19: =+I19-H19 -> -8.097 | K19: =+[4]정관!$M$86/1000 -> -119.73568 | L19: =+[4]정관!$Q$85 -> 106002.78 | M19: =+[4]정관!$R$85 -> 107919.72 | N19: =+M19-L19 -> 1916.9464 | O19: =+[4]정관!$K$86/1000 -> 24.734359 | P19: =+[4]정관!$Q$50 -> 91215.119 | Q19: =+[4]정관!$R$50 -> 96956.24 | R19: =+Q19-P19 -> 5741.1211 | S19: =+[4]정관!$L$56/1000 -> -65.84684 | T19: =+([4]정관!$H$80+[4]정관!$H$85)/1000 -> 69.896321 | U19: =+([4]정관!$I$80+[4]정관!$I$85)/1000 -> 79.951072 | V19: =+U19-T19 -> 10.054751 | W19: =+([4]정관!$L$80+[4]정관!$L$85)/1000 -> -10.054751 | Y19: =+G19-K19-O19-S19-W19 -> 1.7763568e-13 | Z19: =+Y19*1000000 -> 1.7763568e-07
D20: 양산 | E20: =+[4]양산!$H$86/1000 -> 57.547751 | F20: =+[4]양산!$I$86/1000 -> 10.974981 | G20: =+F20-E20 -> -46.57277 | H20: =+[4]양산!$T$5/1000 -> 9 | I20: =+[4]양산!$U$5/1000 -> 4.772 | J20: =+I20-H20 -> -4.228 | K20: =+[4]양산!$M$86/1000 -> -47.249289 | L20: =+[4]양산!$Q$85 -> 100828.5 | M20: =+[4]양산!$R$85 -> 105686.46 | N20: =+M20-L20 -> 4857.9584 | O20: =+[4]양산!$K$86/1000 -> 23.182177 | P20: =+[4]양산!$Q$50 -> 89653.176 | Q20: =+[4]양산!$R$50 -> 94756.811 | R20: =+Q20-P20 -> 5103.6356 | S20: =+[4]양산!$L$56/1000 -> -24.023974 | T20: =+([4]양산!$H$80+[4]양산!$H$85)/1000 -> 43.030205 | U20: =+([4]양산!$I$80+[4]양산!$I$85)/1000 -> 41.51189 | V20: =+U20-T20 -> -1.5183158 | W20: =+([4]양산!$L$80+[4]양산!$L$85)/1000 -> 1.5183158 | Y20: =+G20-K20-O20-S20-W20 -> -2.6201263e-14 | Z20: =+Y20*1000000 -> -2.6201263e-08
D21: 창원 | E21: =+[4]창원!$H$86/1000 -> 52.912265 | F21: =+[4]창원!$I$86/1000 -> 26.96316 | G21: =+F21-E21 -> -25.949105 | H21: =+[4]창원!$T$5/1000 -> 12 | I21: =+[4]창원!$U$5/1000 -> 8.648 | J21: =+I21-H21 -> -3.352 | K21: =+[4]창원!$M$86/1000 -> -31.123645 | L21: =+[4]창원!$Q$85 -> 96922.491 | M21: =+[4]창원!$R$85 -> 98451.087 | N21: =+M21-L21 -> 1528.5959 | O21: =+[4]창원!$K$86/1000 -> 13.219297 | P21: =+[4]창원!$Q$50 -> 87637.394 | Q21: =+[4]창원!$R$50 -> 86921.027 | R21: =+Q21-P21 -> -716.36715 | S21: =+[4]창원!$L$56/1000 -> 10.035696 | T21: =+([4]창원!$H$80+[4]창원!$H$85)/1000 -> 58.508898 | U21: =+([4]창원!$I$80+[4]창원!$I$85)/1000 -> 76.589352 | V21: =+U21-T21 -> 18.080453 | W21: =+([4]창원!$L$80+[4]창원!$L$85)/1000 -> -18.080453 | Y21: =+G21-K21-O21-S21-W21 -> -3.907985e-14 | Z21: =+Y21*1000000 -> -3.907985e-08
D22: 대구 | E22: =+[4]대구!$H$86/1000 -> -30.554162 | F22: =+[4]대구!$I$86/1000 -> -105.44824 | G22: =+F22-E22 -> -74.894079 | H22: =+[4]대구!$T$5/1000 -> 7.5 | I22: =+[4]대구!$U$5/1000 -> 3.1665 | J22: =+I22-H22 -> -4.3335 | K22: =+[4]대구!$M$86/1000 -> -13.121353 | L22: =+[4]대구!$Q$85 -> 90977.461 | M22: =+[4]대구!$R$85 -> 85015.152 | N22: =+M22-L22 -> -5962.3087 | O22: =+[4]대구!$K$86/1000 -> -18.879651 | P22: =+[4]대구!$Q$50 -> 87949.573 | Q22: =+[4]대구!$R$50 -> 101926.37 | R22: =+Q22-P22 -> 13976.8 | S22: =+[4]대구!$L$56/1000 -> -44.257545 | T22: =+([4]대구!$H$80+[4]대구!$H$85)/1000 -> 53.263322 | U22: =+([4]대구!$I$80+[4]대구!$I$85)/1000 -> 51.898853 | V22: =+U22-T22 -> -1.3644696 | W22: =+([4]대구!$L$80+[4]대구!$L$85)/1000 -> 1.3644696 | Y22: =+G22-K22-O22-S22-W22 -> 6.0174088e-14 | Z22: =+Y22*1000000 -> 6.0174088e-08
D23: 울산 | E23: =+[4]울산!$H$86/1000 -> 82.087013 | F23: =+[4]울산!$I$86/1000 -> 95.170722 | G23: =+F23-E23 -> 13.083709 | H23: =+[4]울산!$T$5/1000 -> 11.5 | I23: =+[4]울산!$U$5/1000 -> 11.961 | J23: =+I23-H23 -> 0.461 | K23: =+[4]울산!$M$86/1000 -> 4.9883372 | L23: =+[4]울산!$Q$85 -> 104353.06 | M23: =+[4]울산!$R$85 -> 104675.34 | N23: =+M23-L23 -> 322.283 | O23: =+[4]울산!$K$86/1000 -> 3.854827 | P23: =+[4]울산!$Q$50 -> 93532.374 | Q23: =+[4]울산!$R$50 -> 93121.614 | R23: =+Q23-P23 -> -410.75931 | S23: =+[4]울산!$L$56/1000 -> 6.0389558 | T23: =+([4]울산!$H$80+[4]울산!$H$85)/1000 -> 42.3509 | U23: =+([4]울산!$I$80+[4]울산!$I$85)/1000 -> 44.149311 | V23: =+U23-T23 -> 1.7984114 | W23: =+([4]울산!$L$80+[4]울산!$L$85)/1000 -> -1.7984114 | Y23: =+G23-K23-O23-S23-W23 -> -8.4154905e-14 | Z23: =+Y23*1000000 -> -8.4154905e-08
D24: 아산 | E24: =+[4]아산!$H$86/1000 -> 88.591762 | F24: =+[4]아산!$I$86/1000 -> 69.207642 | G24: =+F24-E24 -> -19.38412 | H24: =+[4]아산!$T$5/1000 -> 22 | I24: =+[4]아산!$U$5/1000 -> 22.192 | J24: =+I24-H24 -> 0.192 | K24: =+[4]아산!$M$86/1000 -> 1.4464711 | L24: =+[4]아산!$Q$85 -> 96533.529 | M24: =+[4]아산!$R$85 -> 96951.99 | N24: =+M24-L24 -> 418.46136 | O24: =+[4]아산!$K$86/1000 -> 9.2864944 | P24: =+[4]아산!$Q$50 -> 88999.825 | Q24: =+[4]아산!$R$50 -> 90140.874 | R24: =+Q24-P24 -> 1141.0483 | S24: =+[4]아산!$L$56/1000 -> -25.31902 | T24: =+([4]아산!$H$80+[4]아산!$H$85)/1000 -> 77.149718 | U24: =+([4]아산!$I$80+[4]아산!$I$85)/1000 -> 81.947783 | V24: =+U24-T24 -> 4.798065 | W24: =+([4]아산!$L$80+[4]아산!$L$85)/1000 -> -4.798065 | Y24: =+G24-K24-O24-S24-W24 -> -5.0093263e-13 | Z24: =+Y24*1000000 -> -5.0093263e-07
D25: 전주 | E25: =+[4]전주!$H$86/1000 -> 64.392708 | F25: =+[4]전주!$I$86/1000 -> 138.57817 | G25: =+F25-E25 -> 74.185467 | H25: =+[4]전주!$T$5/1000 -> 10 | I25: =+[4]전주!$U$5/1000 -> 13.624 | J25: =+I25-H25 -> 3.624 | K25: =+[4]전주!$M$86/1000 -> 45.190121 | L25: =+[4]전주!$Q$85 -> 101990.31 | M25: =+[4]전주!$R$85 -> 100264.54 | N25: =+M25-L25 -> -1725.7735 | O25: =+[4]전주!$K$86/1000 -> -23.511938 | P25: =+[4]전주!$Q$50 -> 89520.634 | Q25: =+[4]전주!$R$50 -> 85717.388 | R25: =+Q25-P25 -> -3803.2454 | S25: =+[4]전주!$L$56/1000 -> 51.815416 | T25: =+([4]전주!$H$80+[4]전주!$H$85)/1000 -> 60.304094 | U25: =+([4]전주!$I$80+[4]전주!$I$85)/1000 -> 59.612226 | V25: =+U25-T25 -> -0.69186831 | W25: =+([4]전주!$L$80+[4]전주!$L$85)/1000 -> 0.69186831 | Y25: =+G25-K25-O25-S25-W25 -> -6.0951244e-14 | Z25: =+Y25*1000000 -> -6.0951244e-08
D26: 군산 | E26: =+[4]군산!$H$86/1000 -> 75.349109 | F26: =+[4]군산!$I$86/1000 -> 88.678597 | G26: =+F26-E26 -> 13.329488 | H26: =+[4]군산!$T$5/1000 -> 4.5 | I26: =+[4]군산!$U$5/1000 -> 5.036 | J26: =+I26-H26 -> 0.536 | K26: =+[4]군산!$M$86/1000 -> 11.64858 | L26: =+[4]군산!$Q$85 -> 109031.4 | M26: =+[4]군산!$R$85 -> 107776.79 | N26: =+M26-L26 -> -1254.6029 | O26: =+[4]군산!$K$86/1000 -> -6.3181803 | P26: =+[4]군산!$Q$50 -> 87298.971 | Q26: =+[4]군산!$R$50 -> 85724.163 | R26: =+Q26-P26 -> -1574.8086 | S26: =+[4]군산!$L$56/1000 -> 7.9307384 | T26: =+([4]군산!$H$80+[4]군산!$H$85)/1000 -> 22.446803 | U26: =+([4]군산!$I$80+[4]군산!$I$85)/1000 -> 22.378452 | V26: =+U26-T26 -> -0.068350477 | W26: =+([4]군산!$L$80+[4]군산!$L$85)/1000 -> 0.068350477 | Y26: =+G26-K26-O26-S26-W26 -> 2.6700864e-14 | Z26: =+Y26*1000000 -> 2.6700864e-08
D27: 원주 | E27: =+[4]원주!$H$86/1000 -> 57.095763 | F27: =+[4]원주!$I$86/1000 -> 93.604436 | G27: =+F27-E27 -> 36.508673 | H27: =+[4]원주!$T$5/1000 -> 4 | I27: =+[4]원주!$U$5/1000 -> 3.6445 | J27: =+I27-H27 -> -0.3555 | K27: =+[4]원주!$M$86/1000 -> -6.7388726 | L27: =+[4]원주!$Q$85 -> 110952.12 | M27: =+[4]원주!$R$85 -> 128270.07 | N27: =+M27-L27 -> 17317.948 | O27: =+[4]원주!$K$86/1000 -> 63.037332 | P27: =+[4]원주!$Q$50 -> 92199.28 | Q27: =+[4]원주!$R$50 -> 98271.046 | R27: =+Q27-P27 -> 6071.7659 | S27: =+[4]원주!$L$56/1000 -> -22.101229 | T27: =+([4]원주!$H$80+[4]원주!$H$85)/1000 -> 17.9156 | U27: =+([4]원주!$I$80+[4]원주!$I$85)/1000 -> 15.604157 | V27: =+U27-T27 -> -2.311443 | W27: =+([4]원주!$L$80+[4]원주!$L$85)/1000 -> 2.311443 | Y27: =+G27-K27-O27-S27-W27 -> 3.1974423e-14 | Z27: =+Y27*1000000 -> 3.1974423e-08
D28: 제주 | E28: =+[4]제주!$H$86/1000 -> 64.524357 | F28: =+[4]제주!$I$86/1000 -> 22.333354 | G28: =+F28-E28 -> -42.191003 | H28: =+[4]제주!$T$5/1000 -> 6 | I28: =+[4]제주!$U$5/1000 -> 4.0345 | J28: =+I28-H28 -> -1.9655 | K28: =+[4]제주!$M$86/1000 -> -30.410307 | L28: =+[4]제주!$Q$85 -> 122710.27 | M28: =+[4]제주!$R$85 -> 127053.4 | N28: =+M28-L28 -> 4343.1312 | O28: =+[4]제주!$K$86/1000 -> 17.522363 | P28: =+[4]제주!$Q$50 -> 107238.22 | Q28: =+[4]제주!$R$50 -> 114462.26 | R28: =+Q28-P28 -> 7224.0378 | S28: =+[4]제주!$L$56/1000 -> -29.145381 | T28: =+([4]제주!$H$80+[4]제주!$H$85)/1000 -> 28.307923 | U28: =+([4]제주!$I$80+[4]제주!$I$85)/1000 -> 28.4656 | V28: =+U28-T28 -> 0.15767691 | W28: =+([4]제주!$L$80+[4]제주!$L$85)/1000 -> -0.15767691 | Y28: =+G28-K28-O28-S28-W28 -> 9.7505337e-14 | Z28: =+Y28*1000000 -> 9.7505337e-08
Y35: · 집합대손 2.2억 // 개별대손 3억(삼정이앤시) → 안양 2.9억, 양산 0.1억

Sheet 공헌이익
D4: □ 레미콘 단위당 공헌이익(2026-03)
V5: [단위 : 원/㎥]
D6: 구분 | E6: 판매단가 | H6: 재료비 | K6: 운반비 | N6: 유류비 | Q6: 변동비 계 | T6: 공헌이익
E7: 계획 | F7: 실적 | G7: 차이 | H7: 계획 | I7: 실적 | J7: 차이 | K7: 계획 | L7: 실적 | M7: 차이 | N7: 계획 | O7: 실적 | P7: 차이 | Q7: 계획 | R7: 실적 | S7: 차이 | T7: 계획 | U7: 실적 | V7: 차이
D8: 평균 | E8: =+[4]합계!$Q$85 -> 102249.9 | F8: =+[4]합계!$R$85 -> 102799.58 | G8: =+F8-E8 -> 549.68371 | H8: =+[4]합계!$Q$20 -> 61557.843 | I8: =+[4]합계!$R$20 -> 63667.435 | J8: =+I8-H8 -> 2109.5926 | K8: =+[4]합계!$Q$21 -> 19317.368 | L8: =+[4]합계!$R$21 -> 19793.118 | M8: =+L8-K8 -> 475.75004 | N8: =+[4]합계!$Q$22 -> 237.48839 | O8: =+[4]합계!$R$22 -> 289.41815 | P8: =+O8-N8 -> 51.92975 | Q8: =H8+K8+N8 -> 81112.699 | R8: =I8+L8+O8 -> 83749.971 | S8: =+R8-Q8 -> 2637.2723 | T8: =+E8-Q8 -> 21137.202 | U8: =+F8-R8 -> 19049.613 | V8: =+U8-T8 -> -2087.5886
D9: 수도권 | E9: =+[4]수도권!$Q$85 -> 100185.22 | F9: =+[4]수도권!$R$85 -> 98854.894 | G9: =+F9-E9 -> -1330.3213 | H9: =+[4]수도권!$Q$20 -> 62937.331 | I9: =+[4]수도권!$R$20 -> 64695.014 | J9: =+I9-H9 -> 1757.6835 | K9: =+[4]수도권!$Q$21 -> 19144.016 | L9: =+[4]수도권!$R$21 -> 19667.852 | M9: =+L9-K9 -> 523.83527 | N9: =+[4]수도권!$Q$22 -> 242.65441 | O9: =+[4]수도권!$R$22 -> 272.40102 | P9: =+O9-N9 -> 29.746607 | Q9: =H9+K9+N9 -> 82324.002 | R9: =I9+L9+O9 -> 84635.267 | S9: =+R9-Q9 -> 2311.2654 | T9: =+E9-Q9 -> 17861.214 | U9: =+F9-R9 -> 14219.627 | V9: =+U9-T9 -> -3641.5868
D10: 영남권 | E10: =+[4]영남권!$Q$85 -> 103621.41 | F10: =+[4]영남권!$R$85 -> 106535.28 | G10: =+F10-E10 -> 2913.8689 | H10: =+[4]영남권!$Q$20 -> 60344.856 | I10: =+[4]영남권!$R$20 -> 63018.068 | J10: =+I10-H10 -> 2673.2116 | K10: =+[4]영남권!$Q$21 -> 19765.667 | L10: =+[4]영남권!$R$21 -> 20542.375 | M10: =+L10-K10 -> 776.70827 | N10: =+[4]영남권!$Q$22 -> 234.54545 | O10: =+[4]영남권!$R$22 -> 323.29278 | P10: =+O10-N10 -> 88.747324 | Q10: =H10+K10+N10 -> 80345.068 | R10: =I10+L10+O10 -> 83883.736 | S10: =+R10-Q10 -> 3538.6672 | T10: =+E10-Q10 -> 23276.341 | U10: =+F10-R10 -> 22651.543 | V10: =+U10-T10 -> -624.79827
D11: 기타권 | E11: =+[4]중부권!$Q$85 -> 103534.46 | F11: =+[4]중부권!$R$85 -> 103857.2 | G11: =+F11-E11 -> 322.74865 | H11: =+[4]중부권!$Q$20 -> 61401.298 | I11: =+[4]중부권!$R$20 -> 62788.474 | J11: =+I11-H11 -> 1387.176 | K11: =+[4]중부권!$Q$21 -> 18637.129 | L11: =+[4]중부권!$R$21 -> 18650.763 | M11: =+L11-K11 -> 13.634102 | N11: =+[4]중부권!$Q$22 -> 233.11828 | O11: =+[4]중부권!$R$22 -> 260.86156 | P11: =+O11-N11 -> 27.74328 | Q11: =H11+K11+N11 -> 80271.546 | R11: =I11+L11+O11 -> 81700.099 | S11: =+R11-Q11 -> 1428.5534 | T11: =+E11-Q11 -> 23262.909 | U11: =+F11-R11 -> 22157.104 | V11: =+U11-T11 -> -1105.8048
D12: 안양 | E12: =+[4]안양!$Q$85 -> 98249.207 | F12: =+[4]안양!$R$85 -> 99500.254 | G12: =+F12-E12 -> 1251.0469 | H12: =+[4]안양!$Q$20 -> 60976.333 | I12: =+[4]안양!$R$20 -> 63239.672 | J12: =+I12-H12 -> 2263.3387 | K12: =+[4]안양!$Q$21 -> 18428.08 | L12: =+[4]안양!$R$21 -> 19301.059 | M12: =+L12-K12 -> 872.97926 | N12: =+[4]안양!$Q$22 -> 192.30769 | O12: =+[4]안양!$R$22 -> 178.38782 | P12: =+O12-N12 -> -13.919876 | Q12: =H12+K12+N12 -> 79596.721 | R12: =I12+L12+O12 -> 82719.119 | S12: =+R12-Q12 -> 3122.3981 | T12: =+E12-Q12 -> 18652.486 | U12: =+F12-R12 -> 16781.135 | V12: =+U12-T12 -> -1871.3511
D13: 인천 | E13: =+[4]인천!$Q$85 -> 103272.78 | F13: =+[4]인천!$R$85 -> 100098.24 | G13: =+F13-E13 -> -3174.5384 | H13: =+[4]인천!$Q$20 -> 66819.083 | I13: =+[4]인천!$R$20 -> 68585.441 | J13: =+I13-H13 -> 1766.3574 | K13: =+[4]인천!$Q$21 -> 19633.609 | L13: =+[4]인천!$R$21 -> 19235.301 | M13: =+L13-K13 -> -398.30873 | N13: =+[4]인천!$Q$22 -> 330 | O13: =+[4]인천!$R$22 -> 486.43454 | P13: =+O13-N13 -> 156.43454 | Q13: =H13+K13+N13 -> 86782.693 | R13: =I13+L13+O13 -> 88307.176 | S13: =+R13-Q13 -> 1524.4832 | T13: =+E13-Q13 -> 16490.087 | U13: =+F13-R13 -> 11791.065 | V13: =+U13-T13 -> -4699.0216
D14: 파주 | E14: =+[4]파주!$Q$85 -> 98318.231 | F14: =+[4]파주!$R$85 -> 97858.466 | G14: =+F14-E14 -> -459.7651 | H14: =+[4]파주!$Q$20 -> 59951.167 | I14: =+[4]파주!$R$20 -> 64122.543 | J14: =+I14-H14 -> 4171.3767 | K14: =+[4]파주!$Q$21 -> 20032.034 | L14: =+[4]파주!$R$21 -> 22889.997 | M14: =+L14-K14 -> 2857.9629 | N14: =+[4]파주!$Q$22 -> 328.05 | O14: =+[4]파주!$R$22 -> 264.66227 | P14: =+O14-N14 -> -63.387734 | Q14: =H14+K14+N14 -> 80311.251 | R14: =I14+L14+O14 -> 87277.203 | S14: =+R14-Q14 -> 6965.9518 | T14: =+E14-Q14 -> 18006.98 | U14: =+F14-R14 -> 10581.263 | V14: =+U14-T14 -> -7425.7169
D15: 김포 | E15: =+[4]김포!$Q$85 -> 99834.778 | F15: =+[4]김포!$R$85 -> 94963.241 | G15: =+F15-E15 -> -4871.5377 | H15: =+[4]김포!$Q$20 -> 61815.025 | I15: =+[4]김포!$R$20 -> 60898.891 | J15: =+I15-H15 -> -916.13453 | K15: =+[4]김포!$Q$21 -> 18949.053 | L15: =+[4]김포!$R$21 -> 19161.415 | M15: =+L15-K15 -> 212.3618 | N15: =+[4]김포!$Q$22 -> 60 | O15: =+[4]김포!$R$22 -> 86.436988 | P15: =+O15-N15 -> 26.436988 | Q15: =H15+K15+N15 -> 80824.079 | R15: =I15+L15+O15 -> 80146.743 | S15: =+R15-Q15 -> -677.33574 | T15: =+E15-Q15 -> 19010.7 | U15: =+F15-R15 -> 14816.498 | V15: =+U15-T15 -> -4194.2019
D16: 부산 | E16: =+[4]부산!$Q$85 -> 111300.96 | F16: =+[4]부산!$R$85 -> 119206.57 | G16: =+F16-E16 -> 7905.6188 | H16: =+[4]부산!$Q$20 -> 63682.195 | I16: =+[4]부산!$R$20 -> 70289.042 | J16: =+I16-H16 -> 6606.8471 | K16: =+[4]부산!$Q$21 -> 21479 | L16: =+[4]부산!$R$21 -> 22512.315 | M16: =+L16-K16 -> 1033.3157 | N16: =+[4]부산!$Q$22 -> 200 | O16: =+[4]부산!$R$22 -> 422.32365 | P16: =+O16-N16 -> 222.32365 | Q16: =H16+K16+N16 -> 85361.195 | R16: =I16+L16+O16 -> 93223.681 | S16: =+R16-Q16 -> 7862.4865 | T16: =+E16-Q16 -> 25939.76 | U16: =+F16-R16 -> 25982.893 | V16: =+U16-T16 -> 43.132266
D17: 서부산 | E17: =+[4]서부산!$Q$85 -> 104085.98 | F17: =+[4]서부산!$R$85 -> 102473.06 | G17: =+F17-E17 -> -1612.9242 | H17: =+[4]서부산!$Q$20 -> 60884.536 | I17: =+[4]서부산!$R$20 -> 62663.777 | J17: =+I17-H17 -> 1779.241 | K17: =+[4]서부산!$Q$21 -> 16822.719 | L17: =+[4]서부산!$R$21 -> 18474.604 | M17: =+L17-K17 -> 1651.8847 | N17: =+[4]서부산!$Q$22 -> 180 | O17: =+[4]서부산!$R$22 -> 238.66723 | P17: =+O17-N17 -> 58.667232 | Q17: =H17+K17+N17 -> 77887.256 | R17: =I17+L17+O17 -> 81377.049 | S17: =+R17-Q17 -> 3489.7929 | T17: =+E17-Q17 -> 26198.724 | U17: =+F17-R17 -> 21096.007 | V17: =+U17-T17 -> -5102.7171
D18: 김해 | E18: =+[4]김해!$Q$85 -> 101293.38 | F18: =+[4]김해!$R$85 -> 99988.396 | G18: =+F18-E18 -> -1304.9854 | H18: =+[4]김해!$Q$20 -> 57092.128 | I18: =+[4]김해!$R$20 -> 57735.151 | J18: =+I18-H18 -> 643.0229 | K18: =+[4]김해!$Q$21 -> 20755.682 | L18: =+[4]김해!$R$21 -> 22375.617 | M18: =+L18-K18 -> 1619.935 | N18: =+[4]김해!$Q$22 -> 488.88889 | O18: =+[4]김해!$R$22 -> 701.47928 | P18: =+O18-N18 -> 212.59039 | Q18: =H18+K18+N18 -> 78336.699 | R18: =I18+L18+O18 -> 80812.247 | S18: =+R18-Q18 -> 2475.5483 | T18: =+E18-Q18 -> 22956.682 | U18: =+F18-R18 -> 19176.148 | V18: =+U18-T18 -> -3780.5337
D19: 정관 | E19: =+[4]정관!$Q$85 -> 106002.78 | F19: =+[4]정관!$R$85 -> 107919.72 | G19: =+F19-E19 -> 1916.9464 | H19: =+[4]정관!$Q$20 -> 63171.069 | I19: =+[4]정관!$R$20 -> 64178.267 | J19: =+I19-H19 -> 1007.1977 | K19: =+[4]정관!$Q$21 -> 20365.237 | L19: =+[4]정관!$R$21 -> 20063.839 | M19: =+L19-K19 -> -301.39747 | N19: =+[4]정관!$Q$22 -> 252.38095 | O19: =+[4]정관!$R$22 -> 349.45974 | P19: =+O19-N19 -> 97.078786 | Q19: =H19+K19+N19 -> 83788.687 | R19: =I19+L19+O19 -> 84591.566 | S19: =+R19-Q19 -> 802.87903 | T19: =+E19-Q19 -> 22214.091 | U19: =+F19-R19 -> 23328.158 | V19: =+U19-T19 -> 1114.0674
D20: 양산 | E20: =+[4]양산!$Q$85 -> 100828.5 | F20: =+[4]양산!$R$85 -> 105686.46 | G20: =+F20-E20 -> 4857.9584 | H20: =+[4]양산!$Q$20 -> 56337.071 | I20: =+[4]양산!$R$20 -> 54782.208 | J20: =+I20-H20 -> -1554.8634 | K20: =+[4]양산!$Q$21 -> 20719.509 | L20: =+[4]양산!$R$21 -> 23403.075 | M20: =+L20-K20 -> 2683.5661 | N20: =+[4]양산!$Q$22 -> 88.888889 | O20: =+[4]양산!$R$22 -> 77.404023 | P20: =+O20-N20 -> -11.484865 | Q20: =H20+K20+N20 -> 77145.469 | R20: =I20+L20+O20 -> 78262.687 | S20: =+R20-Q20 -> 1117.2179 | T20: =+E20-Q20 -> 23683.035 | U20: =+F20-R20 -> 27423.776 | V20: =+U20-T20 -> 3740.7405
D21: 창원 | E21: =+[4]창원!$Q$85 -> 96922.491 | F21: =+[4]창원!$R$85 -> 98451.087 | G21: =+F21-E21 -> 1528.5959 | H21: =+[4]창원!$Q$20 -> 58264.411 | I21: =+[4]창원!$R$20 -> 56851.648 | J21: =+I21-H21 -> -1412.7631 | K21: =+[4]창원!$Q$21 -> 18869.991 | L21: =+[4]창원!$R$21 -> 17517.294 | M21: =+L21-K21 -> -1352.6977 | N21: =+[4]창원!$Q$22 -> 125 | O21: =+[4]창원!$R$22 -> 90.503585 | P21: =+O21-N21 -> -34.496415 | Q21: =H21+K21+N21 -> 77259.402 | R21: =I21+L21+O21 -> 74459.445 | S21: =+R21-Q21 -> -2799.9572 | T21: =+E21-Q21 -> 19663.089 | U21: =+F21-R21 -> 23991.642 | V21: =+U21-T21 -> 4328.5531
D22: 대구 | E22: =+[4]대구!$Q$85 -> 90977.461 | F22: =+[4]대구!$R$85 -> 85015.152 | G22: =+F22-E22 -> -5962.3087 | H22: =+[4]대구!$Q$20 -> 52889.988 | I22: =+[4]대구!$R$20 -> 51700.941 | J22: =+I22-H22 -> -1189.0464 | K22: =+[4]대구!$Q$21 -> 17937.901 | L22: =+[4]대구!$R$21 -> 19564.045 | M22: =+L22-K22 -> 1626.1444 | N22: =+[4]대구!$Q$22 -> 400 | O22: =+[4]대구!$R$22 -> 322.37044 | P22: =+O22-N22 -> -77.629559 | Q22: =H22+K22+N22 -> 71227.888 | R22: =I22+L22+O22 -> 71587.357 | S22: =+R22-Q22 -> 359.46838 | T22: =+E22-Q22 -> 19749.573 | U22: =+F22-R22 -> 13427.796 | V22: =+U22-T22 -> -6321.7771
D23: 울산 | E23: =+[4]울산!$Q$85 -> 104353.06 | F23: =+[4]울산!$R$85 -> 104675.34 | G23: =+F23-E23 -> 322.283 | H23: =+[4]울산!$Q$20 -> 61156.213 | I23: =+[4]울산!$R$20 -> 63082.599 | J23: =+I23-H23 -> 1926.3859 | K23: =+[4]울산!$Q$21 -> 21414.621 | L23: =+[4]울산!$R$21 -> 21136.655 | M23: =+L23-K23 -> -277.96555 | N23: =+[4]울산!$Q$22 -> 278.26087 | O23: =+[4]울산!$R$22 -> 294.29742 | P23: =+O23-N23 -> 16.03655 | Q23: =H23+K23+N23 -> 82849.095 | R23: =I23+L23+O23 -> 84513.552 | S23: =+R23-Q23 -> 1664.4569 | T23: =+E23-Q23 -> 21503.967 | U23: =+F23-R23 -> 20161.793 | V23: =+U23-T23 -> -1342.1739
D24: 아산 | E24: =+[4]아산!$Q$85 -> 96533.529 | F24: =+[4]아산!$R$85 -> 96951.99 | G24: =+F24-E24 -> 418.46136 | H24: =+[4]아산!$Q$20 -> 58210.466 | I24: =+[4]아산!$R$20 -> 60777.045 | J24: =+I24-H24 -> 2566.5787 | K24: =+[4]아산!$Q$21 -> 21915.891 | L24: =+[4]아산!$R$21 -> 21571.939 | M24: =+L24-K24 -> -343.95214 | N24: =+[4]아산!$Q$22 -> 136.36364 | O24: =+[4]아산!$R$22 -> 187.65849 | P24: =+O24-N24 -> 51.294851 | Q24: =H24+K24+N24 -> 80262.721 | R24: =I24+L24+O24 -> 82536.642 | S24: =+R24-Q24 -> 2273.9214 | T24: =+E24-Q24 -> 16270.808 | U24: =+F24-R24 -> 14415.348 | V24: =+U24-T24 -> -1855.4601
D25: 전주 | E25: =+[4]전주!$Q$85 -> 101990.31 | F25: =+[4]전주!$R$85 -> 100264.54 | G25: =+F25-E25 -> -1725.7735 | H25: =+[4]전주!$Q$20 -> 62048.691 | I25: =+[4]전주!$R$20 -> 61042.034 | J25: =+I25-H25 -> -1006.6567 | K25: =+[4]전주!$Q$21 -> 15712.813 | L25: =+[4]전주!$R$21 -> 17234.334 | M25: =+L25-K25 -> 1521.5204 | N25: =+[4]전주!$Q$22 -> 350 | O25: =+[4]전주!$R$22 -> 283.82054 | P25: =+O25-N25 -> -66.179463 | Q25: =H25+K25+N25 -> 78111.504 | R25: =I25+L25+O25 -> 78560.188 | S25: =+R25-Q25 -> 448.68426 | T25: =+E25-Q25 -> 23878.81 | U25: =+F25-R25 -> 21704.352 | V25: =+U25-T25 -> -2174.4577
D26: 군산 | E26: =+[4]군산!$Q$85 -> 109031.4 | F26: =+[4]군산!$R$85 -> 107776.79 | G26: =+F26-E26 -> -1254.6029 | H26: =+[4]군산!$Q$20 -> 58740.195 | I26: =+[4]군산!$R$20 -> 59027.821 | J26: =+I26-H26 -> 287.62614 | K26: =+[4]군산!$Q$21 -> 14291.403 | L26: =+[4]군산!$R$21 -> 14647.664 | M26: =+L26-K26 -> 356.26122 | N26: =+[4]군산!$Q$22 -> 75.555556 | O26: =+[4]군산!$R$22 -> 60.718427 | P26: =+O26-N26 -> -14.837128 | Q26: =H26+K26+N26 -> 73107.154 | R26: =I26+L26+O26 -> 73736.204 | S26: =+R26-Q26 -> 629.05022 | T26: =+E26-Q26 -> 35924.242 | U26: =+F26-R26 -> 34040.589 | V26: =+U26-T26 -> -1883.6531
D27: 원주 | E27: =+[4]원주!$Q$85 -> 110952.12 | F27: =+[4]원주!$R$85 -> 128270.07 | G27: =+F27-E27 -> 17317.948 | H27: =+[4]원주!$Q$20 -> 56848.759 | I27: =+[4]원주!$R$20 -> 66088.833 | J27: =+I27-H27 -> 9240.0743 | K27: =+[4]원주!$Q$21 -> 14791.004 | L27: =+[4]원주!$R$21 -> 13926.033 | M27: =+L27-K27 -> -864.97096 | N27: =+[4]원주!$Q$22 -> 375 | O27: =+[4]원주!$R$22 -> 692.90192 | P27: =+O27-N27 -> 317.90192 | Q27: =H27+K27+N27 -> 72014.763 | R27: =I27+L27+O27 -> 80707.768 | S27: =+R27-Q27 -> 8693.0052 | T27: =+E27-Q27 -> 38937.357 | U27: =+F27-R27 -> 47562.301 | V27: =+U27-T27 -> 8624.9431
D28: 제주 | E28: =+[4]제주!$Q$85 -> 122710.27 | F28: =+[4]제주!$R$85 -> 127053.4 | G28: =+F28-E28 -> 4343.1312 | H28: =+[4]제주!$Q$20 -> 77052.885 | I28: =+[4]제주!$R$20 -> 81475.476 | J28: =+I28-H28 -> 4422.5909 | K28: =+[4]제주!$Q$21 -> 17312.239 | L28: =+[4]제주!$R$21 -> 16612.282 | M28: =+L28-K28 -> -699.95763 | N28: =+[4]제주!$Q$22 -> 416.66667 | O28: =+[4]제주!$R$22 -> 446.34701 | P28: =+O28-N28 -> 29.68034 | Q28: =H28+K28+N28 -> 94781.791 | R28: =I28+L28+O28 -> 98534.104 | S28: =+R28-Q28 -> 3752.3136 | T28: =+E28-Q28 -> 27928.479 | U28: =+F28-R28 -> 28519.297 | V28: =+U28-T28 -> 590.8176

Sheet 재료비단가
D4: □ 레미콘 원재료단가(2026-03)
D6: 구분 | E6: OPC (원/톤) | H6: SC (원/톤) | K6: SP (원/톤) | N6: FA (원/톤) | Q6: 자갈 (원/톤) | T6: 모래 (원/톤)
E7: 계획 | F7: 실적 | G7: 차이 | H7: 계획 | I7: 실적 | J7: 차이 | K7: 계획 | L7: 실적 | M7: 차이 | N7: 계획 | O7: 실적 | P7: 차이 | Q7: 계획 | R7: 실적 | S7: 차이 | T7: 계획 | U7: 실적 | V7: 차이
D8: 평균 | E8: =+[4]합계!$G$9 -> 97496.758 | F8: =+[4]합계!$H$9 -> 100485.24 | G8: =+F8-E8 -> 2988.4803 | H8: =+[4]합계!$G$10 -> 91700.576 | I8: =+[4]합계!$H$10 -> 96023.64 | J8: =+I8-H8 -> 4323.0638 | K8: =+[4]합계!$G$12 -> 59582.233 | L8: =+[4]합계!$H$12 -> 60165.872 | M8: =+L8-K8 -> 583.63913 | N8: =+[4]합계!$G$13 -> 36039.363 | O8: =+[4]합계!$H$13 -> 34915.146 | P8: =+O8-N8 -> -1124.2166 | Q8: =+[4]합계!$G$16 -> 12957.37 | R8: =+[4]합계!$H$16 -> 12998.037 | S8: =+R8-Q8 -> 40.667549 | T8: =+[4]합계!$G$17 -> 15626.486 | U8: =+[4]합계!$H$17 -> 15221.419 | V8: =+U8-T8 -> -405.06664
D9: 수도권 | E9: =+[4]수도권!$G$9 -> 97000 | F9: =+[4]수도권!$H$9 -> 100361.33 | G9: =+F9-E9 -> 3361.3305 | H9: =+[4]수도권!$G$10 -> 95767.241 | I9: =+[4]수도권!$H$10 -> 98961.276 | J9: =+I9-H9 -> 3194.0343 | K9: =+[4]수도권!$G$12 -> 60000 | L9: =+[4]수도권!$H$12 -> 59414.335 | M9: =+L9-K9 -> -585.66467 | N9: =+[4]수도권!$G$13 -> 39844.625 | O9: =+[4]수도권!$H$13 -> 37736.724 | P9: =+O9-N9 -> -2107.9009 | Q9: =+[4]수도권!$G$16 -> 14880.341 | R9: =+[4]수도권!$H$16 -> 14732.759 | S9: =+R9-Q9 -> -147.58139 | T9: =+[4]수도권!$G$17 -> 13717.343 | U9: =+[4]수도권!$H$17 -> 13464.47 | V9: =+U9-T9 -> -252.87314
D10: 영남권 | E10: =+[4]영남권!$G$9 -> 97000 | F10: =+[4]영남권!$H$9 -> 100000 | G10: =+F10-E10 -> 3000 | H10: =+[4]영남권!$G$10 -> 90510.544 | I10: =+[4]영남권!$H$10 -> 94489.554 | J10: =+I10-H10 -> 3979.0102 | K10: =+[4]영남권!$G$12 -> 58892.15 | L10: =+[4]영남권!$H$12 -> 61152.661 | M10: =+L10-K10 -> 2260.5109 | N10: =+[4]영남권!$G$13 -> 32441.094 | O10: =+[4]영남권!$H$13 -> 33780.149 | P10: =+O10-N10 -> 1339.0545 | Q10: =+[4]영남권!$G$16 -> 11052.632 | R10: =+[4]영남권!$H$16 -> 11087.47 | S10: =+R10-Q10 -> 34.837674 | T10: =+[4]영남권!$G$17 -> 17859.75 | U10: =+[4]영남권!$H$17 -> 17546.721 | V10: =+U10-T10 -> -313.02891
D11: 기타권 | E11: =+[4]중부권!$G$9 -> 99442.184 | F11: =+[4]중부권!$H$9 -> 101408.92 | G11: =+F11-E11 -> 1966.7377 | H11: =+[4]중부권!$G$10 -> 94500 | I11: =+[4]중부권!$H$10 -> 99865.793 | J11: =+I11-H11 -> 5365.7931 | K11: =+[4]중부권!$G$12 -> 60365.564 | L11: =+[4]중부권!$H$12 -> 60117.467 | M11: =+L11-K11 -> -248.09753 | N11: =+[4]중부권!$G$13 -> 37027.561 | O11: =+[4]중부권!$H$13 -> 32087.237 | P11: =+O11-N11 -> -4940.324 | Q11: =+[4]중부권!$G$16 -> 13029.619 | R11: =+[4]중부권!$H$16 -> 12820.649 | S11: =+R11-Q11 -> -208.97001 | T11: =+[4]중부권!$G$17 -> 14480.19 | U11: =+[4]중부권!$H$17 -> 14434.87 | V11: =+U11-T11 -> -45.319736
D12: 안양 | E12: =+[4]안양!$G$9 -> 97000 | F12: =+[4]안양!$H$9 -> 99730.608 | G12: =+F12-E12 -> 2730.6081 | H12: =+[4]안양!$G$10 -> 0 | I12: =+[4]안양!$H$10 -> 100500 | J12: =+I12-H12 -> 100500 | K12: =+[4]안양!$G$12 -> 60000 | L12: =+[4]안양!$H$12 -> 59815.808 | M12: =+L12-K12 -> -184.19225 | N12: =+[4]안양!$G$13 -> 38500 | O12: =+[4]안양!$H$13 -> 37298.559 | P12: =+O12-N12 -> -1201.4408 | Q12: =+[4]안양!$G$16 -> 14133.333 | R12: =+[4]안양!$H$16 -> 14024.689 | S12: =+R12-Q12 -> -108.64452 | T12: =+[4]안양!$G$17 -> 13548.387 | U12: =+[4]안양!$H$17 -> 13582.347 | V12: =+U12-T12 -> 33.9604
D13: 인천 | E13: =+[4]인천!$G$9 -> 97000 | F13: =+[4]인천!$H$9 -> 101523.82 | G13: =+F13-E13 -> 4523.8174 | H13: =+[4]인천!$G$10 -> 97000 | I13: =+[4]인천!$H$10 -> 99588.308 | J13: =+I13-H13 -> 2588.3077 | K13: =+[4]인천!$G$12 -> 60000 | L13: =+[4]인천!$H$12 -> 58696.416 | M13: =+L13-K13 -> -1303.5837 | N13: =+[4]인천!$G$13 -> 39000 | O13: =+[4]인천!$H$13 -> 36537.921 | P13: =+O13-N13 -> -2462.0793 | Q13: =+[4]인천!$G$16 -> 15333.333 | R13: =+[4]인천!$H$16 -> 15352.115 | S13: =+R13-Q13 -> 18.781523 | T13: =+[4]인천!$G$17 -> 13953.502 | U13: =+[4]인천!$H$17 -> 13657.67 | V13: =+U13-T13 -> -295.83149
D14: 파주 | E14: =+[4]파주!$G$9 -> 97000 | F14: =+[4]파주!$H$9 -> 100000 | G14: =+F14-E14 -> 3000 | H14: =+[4]파주!$G$10 -> 0 | I14: =+[4]파주!$H$10 -> 0 | J14: =+I14-H14 -> 0 | K14: =+[4]파주!$G$12 -> 60000 | L14: =+[4]파주!$H$12 -> 59506.693 | M14: =+L14-K14 -> -493.30674 | N14: =+[4]파주!$G$13 -> 42000 | O14: =+[4]파주!$H$13 -> 39783.865 | P14: =+O14-N14 -> -2216.1349 | Q14: =+[4]파주!$G$16 -> 15666.667 | R14: =+[4]파주!$H$16 -> 15771.796 | S14: =+R14-Q14 -> 105.12972 | T14: =+[4]파주!$G$17 -> 13225.806 | U14: =+[4]파주!$H$17 -> 11691.123 | V14: =+U14-T14 -> -1534.6833
D15: 김포 | E15: =+[4]김포!$G$9 -> 97000 | F15: =+[4]김포!$H$9 -> 100000 | G15: =+F15-E15 -> 3000 | H15: =+[4]김포!$G$10 -> 91500 | I15: =+[4]김포!$H$10 -> 94499.997 | J15: =+I15-H15 -> 2999.9966 | K15: =+[4]김포!$G$12 -> 60000 | L15: =+[4]김포!$H$12 -> 59297.382 | M15: =+L15-K15 -> -702.61766 | N15: =+[4]김포!$G$13 -> 41500 | O15: =+[4]김포!$H$13 -> 39078.512 | P15: =+O15-N15 -> -2421.4877 | Q15: =+[4]김포!$G$16 -> 14968.675 | R15: =+[4]김포!$H$16 -> 14612.676 | S15: =+R15-Q15 -> -355.99872 | T15: =+[4]김포!$G$17 -> 14169.804 | U15: =+[4]김포!$H$17 -> 14016.409 | V15: =+U15-T15 -> -153.395
D16: 부산 | E16: =+[4]부산!$G$9 -> 97000 | F16: =+[4]부산!$H$9 -> 100000 | G16: =+F16-E16 -> 3000 | H16: =+[4]부산!$G$10 -> 89600 | I16: =+[4]부산!$H$10 -> 94964.246 | J16: =+I16-H16 -> 5364.2463 | K16: =+[4]부산!$G$12 -> 0 | L16: =+[4]부산!$H$12 -> 0 | M16: =+L16-K16 -> 0 | N16: =+[4]부산!$G$13 -> 34500 | O16: =+[4]부산!$H$13 -> 34767.968 | P16: =+O16-N16 -> 267.96806 | Q16: =+[4]부산!$G$16 -> 11714.416 | R16: =+[4]부산!$H$16 -> 11869.254 | S16: =+R16-Q16 -> 154.83854 | T16: =+[4]부산!$G$17 -> 18200.07 | U16: =+[4]부산!$H$17 -> 17870.14 | V16: =+U16-T16 -> -329.93001
D17: 서부산 | E17: =+[4]서부산!$G$9 -> 97000 | F17: =+[4]서부산!$H$9 -> 100000 | G17: =+F17-E17 -> 3000 | H17: =+[4]서부산!$G$10 -> 89100 | I17: =+[4]서부산!$H$10 -> 93178.892 | J17: =+I17-H17 -> 4078.8919 | K17: =+[4]서부산!$G$12 -> 61000 | L17: =+[4]서부산!$H$12 -> 63000.005 | M17: =+L17-K17 -> 2000.0046 | N17: =+[4]서부산!$G$13 -> 32500 | O17: =+[4]서부산!$H$13 -> 33214.563 | P17: =+O17-N17 -> 714.56325 | Q17: =+[4]서부산!$G$16 -> 10666.667 | R17: =+[4]서부산!$H$16 -> 10679.896 | S17: =+R17-Q17 -> 13.229565 | T17: =+[4]서부산!$G$17 -> 17845.689 | U17: =+[4]서부산!$H$17 -> 16368.663 | V17: =+U17-T17 -> -1477.0262
D18: 김해 | E18: =+[4]김해!$G$9 -> 97000 | F18: =+[4]김해!$H$9 -> 100000 | G18: =+F18-E18 -> 3000 | H18: =+[4]김해!$G$10 -> 89100 | I18: =+[4]김해!$H$10 -> 92889.509 | J18: =+I18-H18 -> 3789.5094 | K18: =+[4]김해!$G$12 -> 0 | L18: =+[4]김해!$H$12 -> 62001.32 | M18: =+L18-K18 -> 62001.32 | N18: =+[4]김해!$G$13 -> 32500 | O18: =+[4]김해!$H$13 -> 32550.04 | P18: =+O18-N18 -> 50.040428 | Q18: =+[4]김해!$G$16 -> 9000 | R18: =+[4]김해!$H$16 -> 9027.7526 | S18: =+R18-Q18 -> 27.752585 | T18: =+[4]김해!$G$17 -> 16710.978 | U18: =+[4]김해!$H$17 -> 16908.4 | V18: =+U18-T18 -> 197.4224
D19: 정관 | E19: =+[4]정관!$G$9 -> 97000 | F19: =+[4]정관!$H$9 -> 100000 | G19: =+F19-E19 -> 3000 | H19: =+[4]정관!$G$10 -> 0 | I19: =+[4]정관!$H$10 -> 94062.094 | J19: =+I19-H19 -> 94062.094 | K19: =+[4]정관!$G$12 -> 59000 | L19: =+[4]정관!$H$12 -> 60985.45 | M19: =+L19-K19 -> 1985.4498 | N19: =+[4]정관!$G$13 -> 32500 | O19: =+[4]정관!$H$13 -> 33644.82 | P19: =+O19-N19 -> 1144.8195 | Q19: =+[4]정관!$G$16 -> 11335.244 | R19: =+[4]정관!$H$16 -> 11134.07 | S19: =+R19-Q19 -> -201.17361 | T19: =+[4]정관!$G$17 -> 18859.125 | U19: =+[4]정관!$H$17 -> 18694.915 | V19: =+U19-T19 -> -164.20993
D20: 양산 | E20: =+[4]양산!$G$9 -> 97000 | F20: =+[4]양산!$H$9 -> 100000 | G20: =+F20-E20 -> 3000 | H20: =+[4]양산!$G$10 -> 0 | I20: =+[4]양산!$H$10 -> 0 | J20: =+I20-H20 -> 0 | K20: =+[4]양산!$G$12 -> 59000 | L20: =+[4]양산!$H$12 -> 60943.36 | M20: =+L20-K20 -> 1943.3597 | N20: =+[4]양산!$G$13 -> 32000 | O20: =+[4]양산!$H$13 -> 33904.291 | P20: =+O20-N20 -> 1904.2912 | Q20: =+[4]양산!$G$16 -> 9400 | R20: =+[4]양산!$H$16 -> 9100.9768 | S20: =+R20-Q20 -> -299.02316 | T20: =+[4]양산!$G$17 -> 17692.181 | U20: =+[4]양산!$H$17 -> 17340.165 | V20: =+U20-T20 -> -352.01535
D21: 창원 | E21: =+[4]창원!$G$9 -> 97000 | F21: =+[4]창원!$H$9 -> 100000 | G21: =+F21-E21 -> 3000.0005 | H21: =+[4]창원!$G$10 -> 100500 | I21: =+[4]창원!$H$10 -> 100500.06 | J21: =+I21-H21 -> 0.057006043 | K21: =+[4]창원!$G$12 -> 61000 | L21: =+[4]창원!$H$12 -> 63000.015 | M21: =+L21-K21 -> 2000.0154 | N21: =+[4]창원!$G$13 -> 29500 | O21: =+[4]창원!$H$13 -> 30913.28 | P21: =+O21-N21 -> 1413.2795 | Q21: =+[4]창원!$G$16 -> 11466.667 | R21: =+[4]창원!$H$16 -> 11326.882 | S21: =+R21-Q21 -> -139.78485 | T21: =+[4]창원!$G$17 -> 17045.954 | U21: =+[4]창원!$H$17 -> 16594.004 | V21: =+U21-T21 -> -451.95014
D22: 대구 | E22: =+[4]대구!$G$9 -> 97000 | F22: =+[4]대구!$H$9 -> 100000 | G22: =+F22-E22 -> 3000 | H22: =+[4]대구!$G$10 -> 0 | I22: =+[4]대구!$H$10 -> 0 | J22: =+I22-H22 -> 0 | K22: =+[4]대구!$G$12 -> 57200 | L22: =+[4]대구!$H$12 -> 59058.544 | M22: =+L22-K22 -> 1858.5438 | N22: =+[4]대구!$G$13 -> 31000 | O22: =+[4]대구!$H$13 -> 31421.491 | P22: =+O22-N22 -> 421.4907 | Q22: =+[4]대구!$G$16 -> 10933.333 | R22: =+[4]대구!$H$16 -> 10700.395 | S22: =+R22-Q22 -> -232.93813 | T22: =+[4]대구!$G$17 -> 14319.244 | U22: =+[4]대구!$H$17 -> 14343.625 | V22: =+U22-T22 -> 24.381214
D23: 울산 | E23: =+[4]울산!$G$9 -> 97000 | F23: =+[4]울산!$H$9 -> 100000 | G23: =+F23-E23 -> 3000 | H23: =+[4]울산!$G$10 -> 0 | I23: =+[4]울산!$H$10 -> 0 | J23: =+I23-H23 -> 0 | K23: =+[4]울산!$G$12 -> 57200 | L23: =+[4]울산!$H$12 -> 59199.986 | M23: =+L23-K23 -> 1999.9856 | N23: =+[4]울산!$G$13 -> 33500 | O23: =+[4]울산!$H$13 -> 35209.395 | P23: =+O23-N23 -> 1709.3948 | Q23: =+[4]울산!$G$16 -> 12533.333 | R23: =+[4]울산!$H$16 -> 12134.186 | S23: =+R23-Q23 -> -399.14732 | T23: =+[4]울산!$G$17 -> 19929.543 | U23: =+[4]울산!$H$17 -> 19822.599 | V23: =+U23-T23 -> -106.94419
D24: 아산 | E24: =+[4]아산!$G$9 -> 97000 | F24: =+[4]아산!$H$9 -> 99674.048 | G24: =+F24-E24 -> 2674.0483 | H24: =+[4]아산!$G$10 -> 0 | I24: =+[4]아산!$H$10 -> 0 | J24: =+I24-H24 -> 0 | K24: =+[4]아산!$G$12 -> 60000 | L24: =+[4]아산!$H$12 -> 59310.239 | M24: =+L24-K24 -> -689.76141 | N24: =+[4]아산!$G$13 -> 37500 | O24: =+[4]아산!$H$13 -> 31522.736 | P24: =+O24-N24 -> -5977.264 | Q24: =+[4]아산!$G$16 -> 10853.333 | R24: =+[4]아산!$H$16 -> 10852.833 | S24: =+R24-Q24 -> -0.5005204 | T24: =+[4]아산!$G$17 -> 12554.839 | U24: =+[4]아산!$H$17 -> 12476.923 | V24: =+U24-T24 -> -77.91614
D25: 전주 | E25: =+[4]전주!$G$9 -> 97000 | F25: =+[4]전주!$H$9 -> 100000 | G25: =+F25-E25 -> 3000 | H25: =+[4]전주!$G$10 -> 94500 | I25: =+[4]전주!$H$10 -> 97498.68 | J25: =+I25-H25 -> 2998.6805 | K25: =+[4]전주!$G$12 -> 60000 | L25: =+[4]전주!$H$12 -> 58930.852 | M25: =+L25-K25 -> -1069.1483 | N25: =+[4]전주!$G$13 -> 32500 | O25: =+[4]전주!$H$13 -> 33868.997 | P25: =+O25-N25 -> 1368.9968 | Q25: =+[4]전주!$G$16 -> 14733.333 | R25: =+[4]전주!$H$16 -> 13716.319 | S25: =+R25-Q25 -> -1017.0145 | T25: =+[4]전주!$G$17 -> 16000 | U25: =+[4]전주!$H$17 -> 15918.005 | V25: =+U25-T25 -> -81.995486
D26: 군산 | E26: =+[4]군산!$G$9 -> 97000 | F26: =+[4]군산!$H$9 -> 100000 | G26: =+F26-E26 -> 3000 | H26: =+[4]군산!$G$10 -> 0 | I26: =+[4]군산!$H$10 -> 93100.297 | J26: =+I26-H26 -> 93100.297 | K26: =+[4]군산!$G$12 -> 61000 | L26: =+[4]군산!$H$12 -> 63475.677 | M26: =+L26-K26 -> 2475.6773 | N26: =+[4]군산!$G$13 -> 32500 | O26: =+[4]군산!$H$13 -> 23493.316 | P26: =+O26-N26 -> -9006.6837 | Q26: =+[4]군산!$G$16 -> 15133.333 | R26: =+[4]군산!$H$16 -> 15140.106 | S26: =+R26-Q26 -> 6.7731344 | T26: =+[4]군산!$G$17 -> 15310.067 | U26: =+[4]군산!$H$17 -> 15356.604 | V26: =+U26-T26 -> 46.536311
D27: 원주 | E27: =+[4]원주!$G$9 -> 97000 | F27: =+[4]원주!$H$9 -> 100000 | G27: =+F27-E27 -> 3000 | H27: =+[4]원주!$G$10 -> 0 | I27: =+[4]원주!$H$10 -> 0 | J27: =+I27-H27 -> 0 | K27: =+[4]원주!$G$12 -> 60000 | L27: =+[4]원주!$H$12 -> 60237.241 | M27: =+L27-K27 -> 237.24131 | N27: =+[4]원주!$G$13 -> 45000 | O27: =+[4]원주!$H$13 -> 45196.06 | P27: =+O27-N27 -> 196.05984 | Q27: =+[4]원주!$G$16 -> 12466.667 | R27: =+[4]원주!$H$16 -> 12747.041 | S27: =+R27-Q27 -> 280.37415 | T27: =+[4]원주!$G$17 -> 12387.097 | U27: =+[4]원주!$H$17 -> 12385.648 | V27: =+U27-T27 -> -1.4490604
D28: 제주 | E28: =+[4]제주!$G$9 -> 114000 | F28: =+[4]제주!$H$9 -> 117000 | G28: =+F28-E28 -> 3000.0019 | H28: =+[4]제주!$G$10 -> 0 | I28: =+[4]제주!$H$10 -> 117000.01 | J28: =+I28-H28 -> 117000.01 | K28: =+[4]제주!$G$12 -> 0 | L28: =+[4]제주!$H$12 -> 0 | M28: =+L28-K28 -> 0 | N28: =+[4]제주!$G$13 -> 0 | O28: =+[4]제주!$H$13 -> 0 | P28: =+O28-N28 -> 0 | Q28: =+[4]제주!$G$16 -> 18000 | R28: =+[4]제주!$H$16 -> 18072.293 | S28: =+R28-Q28 -> 72.292955 | T28: =+[4]제주!$G$17 -> 19016.691 | U28: =+[4]제주!$H$17 -> 20256.195 | V28: =+U28-T28 -> 1239.5039

Sheet 원단위
D4: □ 레미콘 원재료 원단위(2026-03)
V5: [단위 : kg/㎥]
D6: 구분 | E6: OPC | H6: 분체류 | K6: 분체류 치환률 | N6: 자갈 | Q6: 모래 | T6: 혼화제
E7: 계획 | F7: 실적 | G7: 차이 | H7: 계획 | I7: 실적 | J7: 차이 | K7: 계획 | L7: 실적 | M7: 차이 | N7: 계획 | O7: 실적 | P7: 차이 | Q7: 계획 | R7: 실적 | S7: 차이 | T7: 계획 | U7: 실적 | V7: 차이
D8: 평균 | E8: =+[4]합계!$E$9 -> 291.22892 | F8: =+[4]합계!$F$9 -> 272.24993 | G8: =+F8-E8 -> -18.978986 | H8: =+[4]합계!$E$15 -> 376.85283 | I8: =+[4]합계!$F$15 -> 394.07002 | J8: =+I8-H8 -> 17.217187 | K8: =+([4]합계!$E$10*0.4+[4]합계!$E$11+[4]합계!$E$12+[4]합계!$E$13+[4]합계!$E$14)/[4]합계!$E$15 -> 0.1784228 | L8: =+([4]합계!$F$10*0.4+[4]합계!$F$11+[4]합계!$F$12+[4]합계!$F$13+[4]합계!$F$14)/[4]합계!$F$15 -> 0.22356767 | M8: =+L8-K8 -> 0.045144868 | N8: =+[4]합계!$E$16 -> 829.65558 | O8: =+[4]합계!$F$16 -> 811.26877 | P8: =+O8-N8 -> -18.386813 | Q8: =+[4]합계!$E$17 -> 894.35508 | R8: =+[4]합계!$F$17 -> 890.90212 | S8: =+R8-Q8 -> -3.452962 | T8: =+[4]합계!$E$19 -> 3.2375479 | U8: =+[4]합계!$F$19 -> 3.3007833 | V8: =+U8-T8 -> 0.063235382
D9: 수도권 | E9: =+[4]수도권!$E$9 -> 313.21234 | F9: =+[4]수도권!$F$9 -> 291.281 | G9: =+F9-E9 -> -21.931346 | H9: =+[4]수도권!$E$15 -> 392.17269 | I9: =+[4]수도권!$F$15 -> 400.18591 | J9: =+I9-H9 -> 8.0132214 | K9: =+([4]수도권!$E$10*0.4+[4]수도권!$E$11+[4]수도권!$E$12+[4]수도권!$E$13+[4]수도권!$E$14)/[4]수도권!$E$15 -> 0.1752418 | L9: =+([4]수도권!$F$10*0.4+[4]수도권!$F$11+[4]수도권!$F$12+[4]수도권!$F$13+[4]수도권!$F$14)/[4]수도권!$F$15 -> 0.21694582 | M9: =+L9-K9 -> 0.041704017 | N9: =+[4]수도권!$E$16 -> 853.10065 | O9: =+[4]수도권!$F$16 -> 840.82907 | P9: =+O9-N9 -> -12.271574 | Q9: =+[4]수도권!$E$17 -> 880.44334 | R9: =+[4]수도권!$F$17 -> 860.42983 | S9: =+R9-Q9 -> -20.013514 | T9: =+[4]수도권!$E$19 -> 3.3829379 | U9: =+[4]수도권!$F$19 -> 3.4088377 | V9: =+U9-T9 -> 0.025899801
D10: 영남권 | E10: =+[4]영남권!$E$9 -> 254.74515 | F10: =+[4]영남권!$F$9 -> 232.65904 | G10: =+F10-E10 -> -22.086115 | H10: =+[4]영남권!$E$15 -> 367.15763 | I10: =+[4]영남권!$F$15 -> 394.81735 | J10: =+I10-H10 -> 27.659721 | K10: =+([4]영남권!$E$10*0.4+[4]영남권!$E$11+[4]영남권!$E$12+[4]영남권!$E$13+[4]영남권!$E$14)/[4]영남권!$E$15 -> 0.21538721 | L10: =+([4]영남권!$F$10*0.4+[4]영남권!$F$11+[4]영남권!$F$12+[4]영남권!$F$13+[4]영남권!$F$14)/[4]영남권!$F$15 -> 0.26064861 | M10: =+L10-K10 -> 0.045261391 | N10: =+[4]영남권!$E$16 -> 811.78637 | O10: =+[4]영남권!$F$16 -> 793.61895 | P10: =+O10-N10 -> -18.167427 | Q10: =+[4]영남권!$E$17 -> 897.15997 | R10: =+[4]영남권!$F$17 -> 884.19166 | S10: =+R10-Q10 -> -12.968307 | T10: =+[4]영남권!$E$19 -> 3.2095316 | U10: =+[4]영남권!$F$19 -> 3.2275622 | V10: =+U10-T10 -> 0.01803061
D11: 기타권 | E11: =+[4]중부권!$E$9 -> 329.3129 | F11: =+[4]중부권!$F$9 -> 307.36961 | G11: =+F11-E11 -> -21.943284 | H11: =+[4]중부권!$E$15 -> 366.1829 | I11: =+[4]중부권!$F$15 -> 380.2385 | J11: =+I11-H11 -> 14.055604 | K11: =+([4]중부권!$E$10*0.4+[4]중부권!$E$11+[4]중부권!$E$12+[4]중부권!$E$13+[4]중부권!$E$14)/[4]중부권!$E$15 -> 0.09822026 | L11: =+([4]중부권!$F$10*0.4+[4]중부권!$F$11+[4]중부권!$F$12+[4]중부권!$F$13+[4]중부권!$F$14)/[4]중부권!$F$15 -> 0.16594676 | M11: =+L11-K11 -> 0.067726499 | N11: =+[4]중부권!$E$16 -> 820.49893 | O11: =+[4]중부권!$F$16 -> 784.06225 | P11: =+O11-N11 -> -36.436679 | Q11: =+[4]중부권!$E$17 -> 918.23595 | R11: =+[4]중부권!$F$17 -> 965.38702 | S11: =+R11-Q11 -> 47.151063 | T11: =+[4]중부권!$E$19 -> 2.9849032 | U11: =+[4]중부권!$F$19 -> 3.2175633 | V11: =+U11-T11 -> 0.23266004
D12: 안양 | E12: =+[4]안양!$E$9 -> 319.16667 | F12: =+[4]안양!$F$9 -> 301.88186 | G12: =+F12-E12 -> -17.284806 | H12: =+[4]안양!$E$15 -> 376.34615 | I12: =+[4]안양!$F$15 -> 398.44112 | J12: =+I12-H12 -> 22.094964 | K12: =+([4]안양!$E$10*0.4+[4]안양!$E$11+[4]안양!$E$12+[4]안양!$E$13+[4]안양!$E$14)/[4]안양!$E$15 -> 0.15193323 | L12: =+([4]안양!$F$10*0.4+[4]안양!$F$11+[4]안양!$F$12+[4]안양!$F$13+[4]안양!$F$14)/[4]안양!$F$15 -> 0.19787202 | M12: =+L12-K12 -> 0.04593879 | N12: =+[4]안양!$E$16 -> 846.64103 | O12: =+[4]안양!$F$16 -> 837.39582 | P12: =+O12-N12 -> -9.2452037 | Q12: =+[4]안양!$E$17 -> 880.85897 | R12: =+[4]안양!$F$17 -> 838.93351 | S12: =+R12-Q12 -> -41.925463 | T12: =+[4]안양!$E$19 -> 3.39 | U12: =+[4]안양!$F$19 -> 3.3807998 | V12: =+U12-T12 -> -0.0092001611
D13: 인천 | E13: =+[4]인천!$E$9 -> 326.91429 | F13: =+[4]인천!$F$9 -> 290.78987 | G13: =+F13-E13 -> -36.12442 | H13: =+[4]인천!$E$15 -> 424.57143 | I13: =+[4]인천!$F$15 -> 413.03748 | J13: =+I13-H13 -> -11.533944 | K13: =+([4]인천!$E$10*0.4+[4]인천!$E$11+[4]인천!$E$12+[4]인천!$E$13+[4]인천!$E$14)/[4]인천!$E$15 -> 0.17550471 | L13: =+([4]인천!$F$10*0.4+[4]인천!$F$11+[4]인천!$F$12+[4]인천!$F$13+[4]인천!$F$14)/[4]인천!$F$15 -> 0.21606977 | M13: =+L13-K13 -> 0.040565061 | N13: =+[4]인천!$E$16 -> 879.65714 | O13: =+[4]인천!$F$16 -> 846.25053 | P13: =+O13-N13 -> -33.406615 | Q13: =+[4]인천!$E$17 -> 850.14286 | R13: =+[4]인천!$F$17 -> 863.18216 | S13: =+R13-Q13 -> 13.039298 | T13: =+[4]인천!$E$19 -> 3.5834286 | U13: =+[4]인천!$F$19 -> 3.6938928 | V13: =+U13-T13 -> 0.11046424
D14: 파주 | E14: =+[4]파주!$E$9 -> 295.2106 | F14: =+[4]파주!$F$9 -> 314.58859 | G14: =+F14-E14 -> 19.377987 | H14: =+[4]파주!$E$15 -> 368.94093 | I14: =+[4]파주!$F$15 -> 405.52357 | J14: =+I14-H14 -> 36.582639 | K14: =+([4]파주!$E$10*0.4+[4]파주!$E$11+[4]파주!$E$12+[4]파주!$E$13+[4]파주!$E$14)/[4]파주!$E$15 -> 0.19984318 | L14: =+([4]파주!$F$10*0.4+[4]파주!$F$11+[4]파주!$F$12+[4]파주!$F$13+[4]파주!$F$14)/[4]파주!$F$15 -> 0.22424092 | M14: =+L14-K14 -> 0.024397747 | N14: =+[4]파주!$E$16 -> 827.95107 | O14: =+[4]파주!$F$16 -> 864.6124 | P14: =+O14-N14 -> 36.661333 | Q14: =+[4]파주!$E$17 -> 907.44807 | R14: =+[4]파주!$F$17 -> 838.23818 | S14: =+R14-Q14 -> -69.209886 | T14: =+[4]파주!$E$19 -> 2.951978 | U14: =+[4]파주!$F$19 -> 3.0090678 | V14: =+U14-T14 -> 0.057089795
D15: 김포 | E15: =+[4]김포!$E$9 -> 279.23077 | F15: =+[4]김포!$F$9 -> 242.08194 | G15: =+F15-E15 -> -37.148832 | H15: =+[4]김포!$E$15 -> 379.23077 | I15: =+[4]김포!$F$15 -> 372.72388 | J15: =+I15-H15 -> -6.5068853 | K15: =+([4]김포!$E$10*0.4+[4]김포!$E$11+[4]김포!$E$12+[4]김포!$E$13+[4]김포!$E$14)/[4]김포!$E$15 -> 0.21622718 | L15: =+([4]김포!$F$10*0.4+[4]김포!$F$11+[4]김포!$F$12+[4]김포!$F$13+[4]김포!$F$14)/[4]김포!$F$15 -> 0.27385306 | M15: =+L15-K15 -> 0.05762588 | N15: =+[4]김포!$E$16 -> 830 | O15: =+[4]김포!$F$16 -> 820.20005 | P15: =+O15-N15 -> -9.7999503 | Q15: =+[4]김포!$E$17 -> 929.61538 | R15: =+[4]김포!$F$17 -> 936.37038 | S15: =+R15-Q15 -> 6.754991 | T15: =+[4]김포!$E$19 -> 3.3192308 | U15: =+[4]김포!$F$19 -> 3.179839 | V15: =+U15-T15 -> -0.1393918
D16: 부산 | E16: =+[4]부산!$E$9 -> 224.68 | F16: =+[4]부산!$F$9 -> 124.46701 | G16: =+F16-E16 -> -100.21299 | H16: =+[4]부산!$E$15 -> 387.36 | I16: =+[4]부산!$F$15 -> 451.22715 | J16: =+I16-H16 -> 63.867151 | K16: =+([4]부산!$E$10*0.4+[4]부산!$E$11+[4]부산!$E$12+[4]부산!$E$13+[4]부산!$E$14)/[4]부산!$E$15 -> 0.20398596 | L16: =+([4]부산!$F$10*0.4+[4]부산!$F$11+[4]부산!$F$12+[4]부산!$F$13+[4]부산!$F$14)/[4]부산!$F$15 -> 0.34363808 | M16: =+L16-K16 -> 0.13965212 | N16: =+[4]부산!$E$16 -> 850.4 | O16: =+[4]부산!$F$16 -> 889.93425 | P16: =+O16-N16 -> 39.53425 | Q16: =+[4]부산!$E$17 -> 870.2 | R16: =+[4]부산!$F$17 -> 824.82873 | S16: =+R16-Q16 -> -45.371272 | T16: =+[4]부산!$E$19 -> 3.1242016 | U16: =+[4]부산!$F$19 -> 3.4948972 | V16: =+U16-T16 -> 0.3706956
D17: 서부산 | E17: =+[4]서부산!$E$9 -> 264.55147 | F17: =+[4]서부산!$F$9 -> 282.00579 | G17: =+F17-E17 -> 17.454323 | H17: =+[4]서부산!$E$15 -> 366.50676 | I17: =+[4]서부산!$F$15 -> 381.51209 | J17: =+I17-H17 -> 15.005327 | K17: =+([4]서부산!$E$10*0.4+[4]서부산!$E$11+[4]서부산!$E$12+[4]서부산!$E$13+[4]서부산!$E$14)/[4]서부산!$E$15 -> 0.17973614 | L17: =+([4]서부산!$F$10*0.4+[4]서부산!$F$11+[4]서부산!$F$12+[4]서부산!$F$13+[4]서부산!$F$14)/[4]서부산!$F$15 -> 0.17037235 | M17: =+L17-K17 -> -0.0093637888 | N17: =+[4]서부산!$E$16 -> 824.475 | O17: =+[4]서부산!$F$16 -> 844.23614 | P17: =+O17-N17 -> 19.761139 | Q17: =+[4]서부산!$E$17 -> 907.285 | R17: =+[4]서부산!$F$17 -> 889.54502 | S17: =+R17-Q17 -> -17.739976 | T17: =+[4]서부산!$E$19 -> 3.3405 | U17: =+[4]서부산!$F$19 -> 3.4257908 | V17: =+U17-T17 -> 0.085290786
D18: 김해 | E18: =+[4]김해!$E$9 -> 163.51405 | F18: =+[4]김해!$F$9 -> 214.89073 | G18: =+F18-E18 -> 51.376678 | H18: =+[4]김해!$E$15 -> 360 | I18: =+[4]김해!$F$15 -> 356.48765 | J18: =+I18-H18 -> -3.512345 | K18: =+([4]김해!$E$10*0.4+[4]김해!$E$11+[4]김해!$E$12+[4]김해!$E$13+[4]김해!$E$14)/[4]김해!$E$15 -> 0.27070425 | L18: =+([4]김해!$F$10*0.4+[4]김해!$F$11+[4]김해!$F$12+[4]김해!$F$13+[4]김해!$F$14)/[4]김해!$F$15 -> 0.22139906 | M18: =+L18-K18 -> -0.049305195 | N18: =+[4]김해!$E$16 -> 796 | O18: =+[4]김해!$F$16 -> 773.63304 | P18: =+O18-N18 -> -22.366959 | Q18: =+[4]김해!$E$17 -> 914 | R18: =+[4]김해!$F$17 -> 907.48121 | S18: =+R18-Q18 -> -6.5187892 | T18: =+[4]김해!$E$19 -> 3.4062 | U18: =+[4]김해!$F$19 -> 3.1718127 | V18: =+U18-T18 -> -0.23438727
D19: 정관 | E19: =+[4]정관!$E$9 -> 310.65803 | F19: =+[4]정관!$F$9 -> 265.46323 | G19: =+F19-E19 -> -45.1948 | H19: =+[4]정관!$E$15 -> 371.33089 | I19: =+[4]정관!$F$15 -> 389.8524 | J19: =+I19-H19 -> 18.521508 | K19: =+([4]정관!$E$10*0.4+[4]정관!$E$11+[4]정관!$E$12+[4]정관!$E$13+[4]정관!$E$14)/[4]정관!$E$15 -> 0.16339297 | L19: =+([4]정관!$F$10*0.4+[4]정관!$F$11+[4]정관!$F$12+[4]정관!$F$13+[4]정관!$F$14)/[4]정관!$F$15 -> 0.22526829 | M19: =+L19-K19 -> 0.061875323 | N19: =+[4]정관!$E$16 -> 824.24044 | O19: =+[4]정관!$F$16 -> 701.06202 | P19: =+O19-N19 -> -123.17842 | Q19: =+[4]정관!$E$17 -> 903.5929 | R19: =+[4]정관!$F$17 -> 934.31295 | S19: =+R19-Q19 -> 30.720054 | T19: =+[4]정관!$E$19 -> 3.1563126 | U19: =+[4]정관!$F$19 -> 3.2196388 | V19: =+U19-T19 -> 0.063326284
D20: 양산 | E20: =+[4]양산!$E$9 -> 282 | F20: =+[4]양산!$F$9 -> 244.8728 | G20: =+F20-E20 -> -37.1272 | H20: =+[4]양산!$E$15 -> 350.66667 | I20: =+[4]양산!$F$15 -> 360.61516 | J20: =+I20-H20 -> 9.9484926 | K20: =+([4]양산!$E$10*0.4+[4]양산!$E$11+[4]양산!$E$12+[4]양산!$E$13+[4]양산!$E$14)/[4]양산!$E$15 -> 0.19581749 | L20: =+([4]양산!$F$10*0.4+[4]양산!$F$11+[4]양산!$F$12+[4]양산!$F$13+[4]양산!$F$14)/[4]양산!$F$15 -> 0.32095811 | M20: =+L20-K20 -> 0.12514062 | N20: =+[4]양산!$E$16 -> 790.33333 | O20: =+[4]양산!$F$16 -> 725.52389 | P20: =+O20-N20 -> -64.809444 | Q20: =+[4]양산!$E$17 -> 894.66667 | R20: =+[4]양산!$F$17 -> 906.63453 | S20: =+R20-Q20 -> 11.967868 | T20: =+[4]양산!$E$19 -> 3.0666667 | U20: =+[4]양산!$F$19 -> 2.9822548 | V20: =+U20-T20 -> -0.084411847
D21: 창원 | E21: =+[4]창원!$E$9 -> 228.375 | F21: =+[4]창원!$F$9 -> 255.20375 | G21: =+F21-E21 -> 26.828753 | H21: =+[4]창원!$E$15 -> 351.915 | I21: =+[4]창원!$F$15 -> 359.53853 | J21: =+I21-H21 -> 7.6235315 | K21: =+([4]창원!$E$10*0.4+[4]창원!$E$11+[4]창원!$E$12+[4]창원!$E$13+[4]창원!$E$14)/[4]창원!$E$15 -> 0.26100337 | L21: =+([4]창원!$F$10*0.4+[4]창원!$F$11+[4]창원!$F$12+[4]창원!$F$13+[4]창원!$F$14)/[4]창원!$F$15 -> 0.28680573 | M21: =+L21-K21 -> 0.025802361 | N21: =+[4]창원!$E$16 -> 830.875 | O21: =+[4]창원!$F$16 -> 819.7907 | P21: =+O21-N21 -> -11.084297 | Q21: =+[4]창원!$E$17 -> 872.65 | R21: =+[4]창원!$F$17 -> 878.28747 | S21: =+R21-Q21 -> 5.6374653 | T21: =+[4]창원!$E$19 -> 3.0795 | U21: =+[4]창원!$F$19 -> 2.5816605 | V21: =+U21-T21 -> -0.4978395
D22: 대구 | E22: =+[4]대구!$E$9 -> 255.331 | F22: =+[4]대구!$F$9 -> 227.0567 | G22: =+F22-E22 -> -28.274297 | H22: =+[4]대구!$E$15 -> 342.89 | I22: =+[4]대구!$F$15 -> 341.04977 | J22: =+I22-H22 -> -1.840229 | K22: =+([4]대구!$E$10*0.4+[4]대구!$E$11+[4]대구!$E$12+[4]대구!$E$13+[4]대구!$E$14)/[4]대구!$E$15 -> 0.25535595 | L22: =+([4]대구!$F$10*0.4+[4]대구!$F$11+[4]대구!$F$12+[4]대구!$F$13+[4]대구!$F$14)/[4]대구!$F$15 -> 0.33424174 | M22: =+L22-K22 -> 0.078885792 | N22: =+[4]대구!$E$16 -> 711.6389 | O22: =+[4]대구!$F$16 -> 604.12127 | P22: =+O22-N22 -> -107.51763 | Q22: =+[4]대구!$E$17 -> 982.73943 | R22: =+[4]대구!$F$17 -> 1007.0583 | S22: =+R22-Q22 -> 24.318839 | T22: =+[4]대구!$E$19 -> 3.08601 | U22: =+[4]대구!$F$19 -> 2.9532923 | V22: =+U22-T22 -> -0.13271772
D23: 울산 | E23: =+[4]울산!$E$9 -> 265.07913 | F23: =+[4]울산!$F$9 -> 302.26844 | G23: =+F23-E23 -> 37.189313 | H23: =+[4]울산!$E$15 -> 375.77391 | I23: =+[4]울산!$F$15 -> 396.5348 | J23: =+I23-H23 -> 20.760888 | K23: =+([4]울산!$E$10*0.4+[4]울산!$E$11+[4]울산!$E$12+[4]울산!$E$13+[4]울산!$E$14)/[4]울산!$E$15 -> 0.29457815 | L23: =+([4]울산!$F$10*0.4+[4]울산!$F$11+[4]울산!$F$12+[4]울산!$F$13+[4]울산!$F$14)/[4]울산!$F$15 -> 0.23772531 | M23: =+L23-K23 -> -0.056852838 | N23: =+[4]울산!$E$16 -> 774.36174 | O23: =+[4]울산!$F$16 -> 704.07667 | P23: =+O23-N23 -> -70.285067 | Q23: =+[4]울산!$E$17 -> 873.22609 | R23: =+[4]울산!$F$17 -> 877.76247 | S23: =+R23-Q23 -> 4.5363786 | T23: =+[4]울산!$E$19 -> 3.4014783 | U23: =+[4]울산!$F$19 -> 3.0890337 | V23: =+U23-T23 -> -0.3124446
D24: 아산 | E24: =+[4]아산!$E$9 -> 341.92181 | F24: =+[4]아산!$F$9 -> 335.60919 | G24: =+F24-E24 -> -6.3126161 | H24: =+[4]아산!$E$15 -> 374.68612 | I24: =+[4]아산!$F$15 -> 396.30259 | J24: =+I24-H24 -> 21.616462 | K24: =+([4]아산!$E$10*0.4+[4]아산!$E$11+[4]아산!$E$12+[4]아산!$E$13+[4]아산!$E$14)/[4]아산!$E$15 -> 0.087444699 | L24: =+([4]아산!$F$10*0.4+[4]아산!$F$11+[4]아산!$F$12+[4]아산!$F$13+[4]아산!$F$14)/[4]아산!$F$15 -> 0.15314912 | M24: =+L24-K24 -> 0.065704424 | N24: =+[4]아산!$E$16 -> 860.00001 | O24: =+[4]아산!$F$16 -> 800.88339 | P24: =+O24-N24 -> -59.116628 | Q24: =+[4]아산!$E$17 -> 889.49599 | R24: =+[4]아산!$F$17 -> 968.83476 | S24: =+R24-Q24 -> 79.338768 | T24: =+[4]아산!$E$19 -> 3.0511818 | U24: =+[4]아산!$F$19 -> 3.5436425 | V24: =+U24-T24 -> 0.49246069
D25: 전주 | E25: =+[4]전주!$E$9 -> 314.053 | F25: =+[4]전주!$F$9 -> 259.41324 | G25: =+F25-E25 -> -54.639756 | H25: =+[4]전주!$E$15 -> 355.007 | I25: =+[4]전주!$F$15 -> 350.70723 | J25: =+I25-H25 -> -4.2997679 | K25: =+([4]전주!$E$10*0.4+[4]전주!$E$11+[4]전주!$E$12+[4]전주!$E$13+[4]전주!$E$14)/[4]전주!$E$15 -> 0.10352782 | L25: =+([4]전주!$F$10*0.4+[4]전주!$F$11+[4]전주!$F$12+[4]전주!$F$13+[4]전주!$F$14)/[4]전주!$F$15 -> 0.18652116 | M25: =+L25-K25 -> 0.082993339 | N25: =+[4]전주!$E$16 -> 740.096 | O25: =+[4]전주!$F$16 -> 691.99684 | P25: =+O25-N25 -> -48.099156 | Q25: =+[4]전주!$E$17 -> 1002.902 | R25: =+[4]전주!$F$17 -> 1052.1987 | S25: =+R25-Q25 -> 49.296693 | T25: =+[4]전주!$E$19 -> 2.77 | U25: =+[4]전주!$F$19 -> 2.413245 | V25: =+U25-T25 -> -0.35675499
D26: 군산 | E26: =+[4]군산!$E$9 -> 270.66667 | F26: =+[4]군산!$F$9 -> 250.94718 | G26: =+F26-E26 -> -19.719482 | H26: =+[4]군산!$E$15 -> 357.53333 | I26: =+[4]군산!$F$15 -> 358.11737 | J26: =+I26-H26 -> 0.58404157 | K26: =+([4]군산!$E$10*0.4+[4]군산!$E$11+[4]군산!$E$12+[4]군산!$E$13+[4]군산!$E$14)/[4]군산!$E$15 -> 0.24296103 | L26: =+([4]군산!$F$10*0.4+[4]군산!$F$11+[4]군산!$F$12+[4]군산!$F$13+[4]군산!$F$14)/[4]군산!$F$15 -> 0.27025569 | M26: =+L26-K26 -> 0.027294656 | N26: =+[4]군산!$E$16 -> 858 | O26: =+[4]군산!$F$16 -> 848.79567 | P26: =+O26-N26 -> -9.2043288 | Q26: =+[4]군산!$E$17 -> 818 | R26: =+[4]군산!$F$17 -> 815.30183 | S26: =+R26-Q26 -> -2.6981732 | T26: =+[4]군산!$E$19 -> 2.8 | U26: =+[4]군산!$F$19 -> 2.8721704 | V26: =+U26-T26 -> 0.072170373
D27: 원주 | E27: =+[4]원주!$E$9 -> 308.1 | F27: =+[4]원주!$F$9 -> 354.30303 | G27: =+F27-E27 -> 46.203033 | H27: =+[4]원주!$E$15 -> 356.4 | I27: =+[4]원주!$F$15 -> 434.04974 | J27: =+I27-H27 -> 77.649739 | K27: =+([4]원주!$E$10*0.4+[4]원주!$E$11+[4]원주!$E$12+[4]원주!$E$13+[4]원주!$E$14)/[4]원주!$E$15 -> 0.13552189 | L27: =+([4]원주!$F$10*0.4+[4]원주!$F$11+[4]원주!$F$12+[4]원주!$F$13+[4]원주!$F$14)/[4]원주!$F$15 -> 0.18372711 | M27: =+L27-K27 -> 0.048205229 | N27: =+[4]원주!$E$16 -> 866.4 | O27: =+[4]원주!$F$16 -> 921.88462 | P27: =+O27-N27 -> 55.484615 | Q27: =+[4]원주!$E$17 -> 880.5 | R27: =+[4]원주!$F$17 -> 806.77885 | S27: =+R27-Q27 -> -73.721154 | T27: =+[4]원주!$E$19 -> 2.986 | U27: =+[4]원주!$F$19 -> 4.0548489 | V27: =+U27-T27 -> 1.0688489
D28: 제주 | E28: =+[4]제주!$E$9 -> 366.64 | F28: =+[4]제주!$F$9 -> 341.93705 | G28: =+F28-E28 -> -24.702952 | H28: =+[4]제주!$E$15 -> 366.64 | I28: =+[4]제주!$F$15 -> 370.59165 | J28: =+I28-H28 -> 3.951652 | K28: =+([4]제주!$E$10*0.4+[4]제주!$E$11+[4]제주!$E$12+[4]제주!$E$13+[4]제주!$E$14)/[4]제주!$E$15 -> 0 | L28: =+([4]제주!$F$10*0.4+[4]제주!$F$11+[4]제주!$F$12+[4]제주!$F$13+[4]제주!$F$14)/[4]제주!$F$15 -> 0.030928494 | M28: =+L28-K28 -> 0.030928494 | N28: =+[4]제주!$E$16 -> 750.94 | O28: =+[4]제주!$F$16 -> 797.20659 | P28: =+O28-N28 -> 46.266593 | Q28: =+[4]제주!$E$17 -> 982.84 | R28: =+[4]제주!$F$17 -> 983.69563 | S28: =+R28-Q28 -> 0.85562523 | T28: =+[4]제주!$E$19 -> 3.238 | U28: =+[4]제주!$F$19 -> 3.8142893 | V28: =+U28-T28 -> 0.57628926

Sheet 건자재
D6: □ 건자재 손익실적(2026-03)
O7: [단위 : 톤, 천원]
D8: 구분 | F8: 3월 | K8: 3월누계
F9: 계획 | G9: 실적 | H9: 계획대비 | I9: 전년 | J9: 전년대비 | K9: 계획 | L9: 실적 | M9: 계획대비 | N9: 전년 | O9: 전년대비
D10: 판매량 | E10: 철강재 | F10: =+IFERROR(HLOOKUP($F$8,[12]손익!$G$5:$AF$55,[12]손익!$D29,),) -> 8500 | G10: =+'[13]3월'!$G$8 -> 3925.464 | H10: =+G10-F10 -> -4574.536 | I10: =+'[14]3월'!$G$8 -> 15762.77 | J10: =+G10-I10 -> -11837.306 | K10: =+IFERROR(HLOOKUP($K$8,[12]손익!$G$5:$AF$55,[12]손익!$D29,),) -> 23500 | L10: =+'[13]3월'!$Q$8 -> 13878.238 | M10: =+L10-K10 -> -9621.762 | N10: =+'[14]3월'!$Q$8 -> 34222.795 | O10: =+L10-N10 -> -20344.557
D11: 판매단가 | E11: 철강재 | F11: =+IFERROR(HLOOKUP($F$8,[12]손익!$G$5:$AF$55,[12]손익!$D30,),) -> 745617.65 | G11: =+G12/G10*1000 -> 807163.01 | H11: =+G11-F11 -> 61545.363 | I11: =+I12/I10*1000 -> 736140.84 | J11: =+G11-I11 -> 71022.171 | K11: =+IFERROR(HLOOKUP($K$8,[12]손익!$G$5:$AF$55,[12]손익!$D30,),) -> 743776.6 | L11: =+L12/L10*1000 -> 797647.96 | M11: =+L11-K11 -> 53871.363 | N11: =+N12/N10*1000 -> 743744.95 | O11: =+L11-N11 -> 53903.006
D12: 매출액 | E12: 철강재 | F12: =+IFERROR(HLOOKUP($F$8,[12]손익!$G$5:$AF$55,[12]손익!$D31,),) -> 6337750 | G12: =+'[13]3월'!$G$9 -> 3168489.3 | H12: =+G12-F12 -> -3169260.7 | I12: =+'[14]3월'!$G$9 -> 11603619 | J12: =+G12-I12 -> -8435129.4 | K12: =+IFERROR(HLOOKUP($K$8,[12]손익!$G$5:$AF$55,[12]손익!$D31,),) -> 17478750 | L12: =+'[13]3월'!$Q$9 -> 11069948 | M12: =+L12-K12 -> -6408801.8 | N12: =+'[14]3월'!$Q$9 -> 25453031 | O12: =+L12-N12 -> -14383083
E13: 기타 | F13: =+IFERROR(HLOOKUP($F$8,[12]손익!$G$5:$AF$55,[12]손익!$D32,),) -> 1859863.5 | G13: =+'[13]3월'!$J$9 -> 849302.56 | H13: =+G13-F13 -> -1010561 | I13: =+'[14]3월'!$J$9 -> 931609.94 | J13: =+G13-I13 -> -82307.386 | K13: =+IFERROR(HLOOKUP($K$8,[12]손익!$G$5:$AF$55,[12]손익!$D32,),) -> 5108319.3 | L13: =+'[13]3월'!$T$9 -> 2924433.5 | M13: =+L13-K13 -> -2183885.8 | N13: =+'[14]3월'!$T$9 -> 2839312.4 | O13: =+L13-N13 -> 85121.091
E14: (소계) | F14: =SUM(F12:F13) -> 8197613.5 | G14: =SUM(G12:G13) -> 4017791.9 | H14: =+G14-F14 -> -4179821.6 | I14: =SUM(I12:I13) -> 12535229 | J14: =+G14-I14 -> -8517436.8 | K14: =SUM(K12:K13) -> 22587069 | L14: =SUM(L12:L13) -> 13994382 | M14: =+L14-K14 -> -8592687.6 | N14: =SUM(N12:N13) -> 28292343 | O14: =+L14-N14 -> -14297962
D15: 매출원가 | E15: 철강재 | F15: =+IFERROR(HLOOKUP($F$8,[12]손익!$G$5:$AF$55,[12]손익!$D34,),) -> 6228300 | G15: =+'[13]3월'!$G$11 -> 3128520.7 | H15: =+G15-F15 -> -3099779.3 | I15: =+'[14]3월'!$G$11 -> 11586393 | J15: =+G15-I15 -> -8457872.6 | K15: =+IFERROR(HLOOKUP($K$8,[12]손익!$G$5:$AF$55,[12]손익!$D34,),) -> 17198000 | L15: =+'[13]3월'!$Q$11 -> 10846903 | M15: =+L15-K15 -> -6351097 | N15: =+'[14]3월'!$Q$11 -> 25205806 | O15: =+L15-N15 -> -14358903
E16: 기타 | F16: =+IFERROR(HLOOKUP($F$8,[12]손익!$G$5:$AF$55,[12]손익!$D35,),) -> 1791959.3 | G16: =+'[13]3월'!$J$11 -> 825997.58 | H16: =+G16-F16 -> -965961.76 | I16: =+'[14]3월'!$J$11 -> 911990.84 | J16: =+G16-I16 -> -85993.267 | K16: =+IFERROR(HLOOKUP($K$8,[12]손익!$G$5:$AF$55,[12]손익!$D35,),) -> 4906323 | L16: =+'[13]3월'!$T$11 -> 2815583.8 | M16: =+L16-K16 -> -2090739.1 | N16: =+'[14]3월'!$T$11 -> 2754121.1 | O16: =+L16-N16 -> 61462.768
E17: (소계) | F17: =SUM(F15:F16) -> 8020259.3 | G17: =SUM(G15:G16) -> 3954518.3 | H17: =+G17-F17 -> -4065741.1 | I17: =SUM(I15:I16) -> 12498384 | J17: =+G17-I17 -> -8543865.9 | K17: =SUM(K15:K16) -> 22104323 | L17: =SUM(L15:L16) -> 13662487 | M17: =+L17-K17 -> -8441836.2 | N17: =SUM(N15:N16) -> 27959927 | O17: =+L17-N17 -> -14297441
D18: 매출이익 | E18: 철강재 | F18: =+F12-F15 -> 109450 | G18: =+G12-G15 -> 39968.656 | H18: =+G18-F18 -> -69481.344 | I18: =+I12-I15 -> 17225.465 | J18: =+G18-I18 -> 22743.191 | K18: =+K12-K15 -> 280750 | L18: =+L12-L15 -> 223045.26 | M18: =+L18-K18 -> -57704.736 | N18: =+N12-N15 -> 247224.74 | O18: =+L18-N18 -> -24179.473
E19: % | F19: =+F18/F12 -> 0.017269536 | G19: =+G18/G12 -> 0.01261442 | H19: =+G19-F19 -> -0.0046551155 | I19: =+I18/I12 -> 0.0014844908 | J19: =+G19-I19 -> 0.011129929 | K19: =IFERROR(K18/K12,) -> 0.016062361 | L19: =+L18/L12 -> 0.020148718 | M19: =+L19-K19 -> 0.0040863565 | N19: =+N18/N12 -> 0.0097129783 | O19: =+L19-N19 -> 0.01043574
E20: 기타 | F20: =+F13-F16 -> 67904.186 | G20: =+G13-G16 -> 23304.98 | H20: =+G20-F20 -> -44599.206 | I20: =+I13-I16 -> 19619.099 | J20: =+G20-I20 -> 3685.881 | K20: =+K13-K16 -> 201996.31 | L20: =+L13-L16 -> 108849.68 | M20: =+L20-K20 -> -93146.621 | N20: =+N13-N16 -> 85191.362 | O20: =+L20-N20 -> 23658.323
E21: % | F21: =+F20/F13 -> 0.036510306 | G21: =+G20/G13 -> 0.027440139 | H21: =+G21-F21 -> -0.0090701671 | I21: =+I20/I13 -> 0.021059349 | J21: =+G21-I21 -> 0.0063807897 | K21: =IFERROR(K20/K13,) -> 0.039542615 | L21: =+L20/L13 -> 0.037220776 | M21: =+L21-K21 -> -0.0023218396 | N21: =+N20/N13 -> 0.030004222 | O21: =+L21-N21 -> 0.0072165534
E22: (소계) | F22: =SUM(F18,F20) -> 177354.19 | G22: =SUM(G18,G20) -> 63273.636 | H22: =+G22-F22 -> -114080.55 | I22: =SUM(I18,I20) -> 36844.564 | J22: =+G22-I22 -> 26429.072 | K22: =SUM(K18,K20) -> 482746.31 | L22: =SUM(L18,L20) -> 331894.95 | M22: =+L22-K22 -> -150851.36 | N22: =SUM(N18,N20) -> 332416.1 | O22: =+L22-N22 -> -521.15
E23: % | F23: =+F22/F14 -> 0.021634856 | G23: =+G22/G14 -> 0.015748361 | H23: =+G23-F23 -> -0.005886495 | I23: =+I22/I14 -> 0.0029392814 | J23: =+G23-I23 -> 0.012809079 | K23: =IFERROR(K22/K14,) -> 0.021372685 | L23: =+L22/L14 -> 0.0237163 | M23: =+L23-K23 -> 0.002343615 | N23: =+N22/N14 -> 0.011749331 | O23: =+L23-N23 -> 0.011966969
D24: 판관비 | E24: 노무비 | F24: =+IFERROR(HLOOKUP($F$8,[12]손익!$G$5:$AF$55,[12]손익!$D15,),) -> 95152.545 | G24: =+'[13]3월'!$M$19 -> 91121.53 | H24: =+G24-F24 -> -4031.015 | I24: =+'[14]3월'!$M$19 -> 93738.437 | J24: =+G24-I24 -> -2616.907 | K24: =+IFERROR(HLOOKUP($K$8,[12]손익!$G$5:$AF$55,[12]손익!$D15,),) -> 282379.82 | L24: =+'[13]3월'!$W$19 -> 301557.51 | M24: =+L24-K24 -> 19177.695 | N24: =+'[14]3월'!$W$19 -> 283915.68 | O24: =+L24-N24 -> 17641.835
E25: 경비 | F25: =+IFERROR(HLOOKUP($F$8,[12]손익!$G$5:$AF$55,[12]손익!$D16,),) -> 47228.27 | G25: =+'[13]3월'!$M$37 -> -73336.445 | H25: =+G25-F25 -> -120564.71 | I25: =+'[14]3월'!$M$37 -> 56241.519 | J25: =+G25-I25 -> -129577.96 | K25: =+IFERROR(HLOOKUP($K$8,[12]손익!$G$5:$AF$55,[12]손익!$D16,),) -> 159957.86 | L25: =+'[13]3월'!$W$37 -> 2630.989 | M25: =+L25-K25 -> -157326.87 | N25: =+'[14]3월'!$W$37 -> 137488.17 | O25: =+L25-N25 -> -134857.18
E26: (소계) | F26: =SUM(F24:F25) -> 142380.82 | G26: =SUM(G24:G25) -> 17785.085 | H26: =+G26-F26 -> -124595.73 | I26: =SUM(I24:I25) -> 149979.96 | J26: =+G26-I26 -> -132194.87 | K26: =SUM(K24:K25) -> 442337.68 | L26: =SUM(L24:L25) -> 304188.5 | M26: =+L26-K26 -> -138149.18 | N26: =SUM(N24:N25) -> 421403.84 | O26: =+L26-N26 -> -117215.34
D27: EBITDA | F27: =+F22-F26 -> 34973.371 | G27: =+G22-G26 -> 45488.551 | H27: =+G27-F27 -> 10515.18 | I27: =+I22-I26 -> -113135.39 | J27: =+G27-I27 -> 158623.94 | K27: =+K22-K26 -> 40408.629 | L27: =+L22-L26 -> 27706.448 | M27: =+L27-K27 -> -12702.181 | N27: =+N22-N26 -> -88987.743 | O27: =+L27-N27 -> 116694.19
E28: % | F28: =+F27/F14 -> 0.0042662869 | G28: =+G27/G14 -> 0.011321779 | H28: =+G28-F28 -> 0.0070554919 | I28: =+I27/I14 -> -0.0090253951 | J28: =+G28-I28 -> 0.020347174 | K28: =IFERROR(K27/K14,) -> 0.001789016 | L28: =+L27/L14 -> 0.0019798265 | M28: =+L28-K28 -> 0.00019081048 | N28: =+N27/N14 -> -0.0031452942 | O28: =+L28-N28 -> 0.0051251207
D29: 감가상각비 | F29: =+IFERROR(HLOOKUP($F$8,[12]손익!$G$5:$AF$55,[12]손익!$D19,),) -> 5186.263 | G29: =+'[13]3월'!$M$40 -> 4725.183 | H29: =+G29-F29 -> -461.08 | I29: =+'[14]3월'!$M$40 -> 5734.956 | J29: =+G29-I29 -> -1009.773 | K29: =+IFERROR(HLOOKUP($K$8,[12]손익!$G$5:$AF$55,[12]손익!$D19,),) -> 15558.789 | L29: =+'[13]3월'!$W$40 -> 14188.882 | M29: =+L29-K29 -> -1369.907 | N29: =+'[14]3월'!$W$40 -> 17323.643 | O29: =+L29-N29 -> -3134.761
E30: 판관 | F30: =+F29 -> 5186.263 | G30: =+G29 -> 4725.183 | H30: =+G30-F30 -> -461.08 | I30: =+I29 -> 5734.956 | J30: =+G30-I30 -> -1009.773 | K30: =+K29 -> 15558.789 | L30: =+L29 -> 14188.882 | M30: =+L30-K30 -> -1369.907 | N30: =+N29 -> 17323.643 | O30: =+L30-N30 -> -3134.761
D31: 영업이익 I | F31: =+F27-F29 -> 29787.108 | G31: =+G27-G29 -> 40763.368 | H31: =+G31-F31 -> 10976.26 | I31: =+I27-I29 -> -118870.35 | J31: =+G31-I31 -> 159633.72 | K31: =+K27-K29 -> 24849.84 | L31: =+L27-L29 -> 13517.566 | M31: =+L31-K31 -> -11332.274 | N31: =+N27-N29 -> -106311.39 | O31: =+L31-N31 -> 119828.95
E32: % | F32: =+F31/F14 -> 0.0036336317 | G32: =+G31/G14 -> 0.010145714 | H32: =+G32-F32 -> 0.0065120825 | I32: =+I31/I14 -> -0.0094829022 | J32: =+G32-I32 -> 0.019628616 | K32: =IFERROR(K31/K14,) -> 0.0011001799 | L32: =+L31/L14 -> 0.00096592806 | M32: =+L32-K32 -> -0.00013425186 | N32: =+N31/N14 -> -0.0037576027 | O32: =+L32-N32 -> 0.0047235307
D33: 공통비 | F33: =+IFERROR(HLOOKUP($F$8,[12]손익!$G$5:$AF$55,[12]손익!$D23,),) -> 32500.884 | G33: =+'[13]3월'!$M$43 -> 39402.467 | H33: =+G33-F33 -> 6901.5835 | J33: =+G33-I33 -> 39402.467 | K33: =+IFERROR(HLOOKUP($K$8,[12]손익!$G$5:$AF$55,[12]손익!$D23,),) -> 110277.35 | L33: =+'[13]3월'!$W$43 -> 132271.19 | M33: =+L33-K33 -> 21993.837 | O33: =+L33-N33 -> 132271.19
D34: 영업이익 II | F34: =+F31-F33 -> -2713.7755 | G34: =+G31-G33 -> 1360.901 | H34: =+G34-F34 -> 4074.6765 | I34: =+I31-I33 -> -118870.35 | J34: =+G34-I34 -> 120231.25 | K34: =+K31-K33 -> -85427.511 | L34: =+L31-L33 -> -118753.62 | M34: =+L34-K34 -> -33326.111 | N34: =+N31-N33 -> -106311.39 | O34: =+L34-N34 -> -12442.236
E35: % | F35: =+F34/F14 -> -0.00033104458 | G35: =+G34/G14 -> 0.00033871864 | H35: =+G35-F35 -> 0.00066976322 | I35: =+I34/I14 -> -0.0094829022 | J35: =+G35-I35 -> 0.0098216209 | K35: =IFERROR(K34/K14,) -> -0.0037821423 | L35: =+L34/L14 -> -0.008485807 | M35: =+L35-K35 -> -0.0047036646 | N35: =+N34/N14 -> -0.0037576027 | O35: =+L35-N35 -> -0.0047282043
