Workbook

Sheet 표지
A6: 2026년 2월 마감 손익
A24: 레미콘사업본부

Sheet 손익총괄
C3: □ 건재사업본부 손익실적(2026-02)
X4: [단위 : 천㎥, 톤, 원/㎥, 원/톤, 백만원]
C5: 구분 | E5: 2월 | J5: 2월누계 | P5: 2월 주요지표
E6: 계획 | F6: 실적 | G6: 계획대비 | H6: 전년 | I6: 전년대비 | J6: 계획 | K6: 실적 | L6: 계획대비 | M6: 전년 | N6: 전년대비
C7: 물량 | D7: 레미콘 | E7: =+'[1]2월'!$Z$7/1000 -> 176.9998 | F7: =+'[2]2월'!$Z$7/1000 -> 170.009 | G7: =+F7-E7 -> -6.9908 | H7: =+'[3]2월'!$Z$7/1000 -> 210.779 | I7: =+F7-H7 -> -40.77 | J7: =+'[1]2월누계'!$Z$7/1000 -> 365.9998 | K7: =+'[2]2월누계'!$Z$7/1000 -> 346.1295 | L7: =+K7-J7 -> -19.8703 | M7: =+'[3]2월누계'!$Z$7/1000 -> 388.6585 | N7: =+K7-M7 -> -42.529 | Q7: □ 레미콘
D8: 골재 | E8: =+'[1]2월'!$AE$7/1000 -> 60.2957 | F8: =+'[2]2월'!$AN$7/1000 -> 50.674 | G8: =+F8-E8 -> -9.6217003 | H8: =+'[3]2월'!$AN$7/1000 -> 57.937 | I8: =+F8-H8 -> -7.263 | J8: =+'[1]2월누계'!$AE$7/1000 -> 135.05383 | K8: =+'[2]2월누계'!$AN$7/1000 -> 106.167 | L8: =+K8-J8 -> -28.886827 | M8: =+'[3]2월누계'!$AN$7/1000 -> 106.189 | N8: =+K8-M8 -> -0.022 | Q8: 구분 | S8: 계획 | T8: 실적 | U8: 계획대비 | V8: 전년 | W8: 전년대비
C9: 매출 | D9: 레미콘 | E9: =+'[1]2월'!$Z$8/1000 -> 17798.567 | F9: =+'[2]2월'!$Z$8/1000 -> 17781.846 | G9: =+F9-E9 -> -16.720929 | H9: =+'[3]2월'!$Z$8/1000 -> 21022.768 | I9: =+F9-H9 -> -3240.9215 | J9: =+'[1]2월누계'!$Z$8/1000 -> 36871.179 | K9: =+'[2]2월누계'!$Z$8/1000 -> 36527.701 | L9: =+K9-J9 -> -343.47802 | M9: =+'[3]2월누계'!$Z$8/1000 -> 38997.16 | N9: =+K9-M9 -> -2469.4586 | Q9: 물량 | R9: 수도권 | S9: =+[4]수도권!$T$5/1000 -> 67 | T9: =+[4]수도권!$U$5/1000 -> 66.767 | U9: =+T9-S9 -> -0.233 | V9: =+[5]수도권!$T$5/1000 -> 74.2395 | W9: =+T9-V9 -> -7.4725
D10: 골재 | E10: =+'[1]2월'!$AE$8/1000 -> 1053.0676 | F10: =+'[2]2월'!$AN$8/1000 -> 1044.5384 | G10: =+F10-E10 -> -8.5292454 | H10: =+'[3]2월'!$AN$8/1000 -> 1242.5835 | I10: =+F10-H10 -> -198.0451 | J10: =+'[1]2월누계'!$AE$8/1000 -> 2460.7562 | K10: =+'[2]2월누계'!$AN$8/1000 -> 2174.2788 | L10: =+K10-J10 -> -286.47745 | M10: =+'[3]2월누계'!$AN$8/1000 -> 2294.3315 | N10: =+K10-M10 -> -120.0527 | R10: 영남권 | S10: =+[4]영남권!$T$5/1000 -> 83.5 | T10: =+[4]영남권!$U$5/1000 -> 73.925 | U10: =+T10-S10 -> -9.575 | V10: =+[5]영남권!$T$5/1000 -> 95.894 | W10: =+T10-V10 -> -21.969
D11: 기타 | E11: =+'[1]2월'!$E$8/1000-E9-E33-E10 -> 123.53333 | F11: =+('[2]2월'!$BJ$8+'[2]2월'!$BA$8+'[2]2월'!$AP$8+'[2]2월'!$AH$8)/1000 -> 56.991226 | G11: =+F11-E11 -> -66.542107 | H11: =+'[3]2월'!$F$8/1000-H9-H33-H10 -> 164.51937 | I11: =+F11-H11 -> -107.52814 | J11: =+'[1]2월누계'!$E$8/1000-J9-J33-J10 -> 242.36667 | K11: =+('[2]2월누계'!$BJ$8+'[2]2월누계'!$BA$8+'[2]2월누계'!$AP$8+'[2]2월누계'!$AH$8)/1000 -> 109.3261 | L11: =+K11-J11 -> -133.04056 | M11: =+'[3]2월누계'!$F$8/1000-M9-M33-M10 -> 331.77197 | N11: =+K11-M11 -> -222.44586 | R11: 중부권 | S11: =+[4]중부권!$T$5/1000 -> 26.4998 | T11: =+[4]중부권!$U$5/1000 -> 29.317 | U11: =+T11-S11 -> 2.8172 | V11: =+[5]중부권!$T$5/1000 -> 40.6455 | W11: =+T11-V11 -> -11.3285
C12: 계 | E12: =SUM(E9:E11) -> 18975.168 | F12: =SUM(F9:F11) -> 18883.376 | G12: =+F12-E12 -> -91.792282 | H12: =SUM(H9:H11) -> 22429.871 | I12: =+F12-H12 -> -3546.4947 | J12: =SUM(J9:J11) -> 39574.302 | K12: =SUM(K9:K11) -> 38811.306 | L12: =+K12-J12 -> -762.99603 | M12: =SUM(M9:M11) -> 41623.263 | N12: =+K12-M12 -> -2811.9572 | Q12: 계 | S12: =SUM(S9:S11) -> 176.9998 | T12: =SUM(T9:T11) -> 170.009 | U12: =+T12-S12 -> -6.9908 | V12: =SUM(V9:V11) -> 210.779 | W12: =+T12-V12 -> -40.77
C13: 매출원가 | D13: 레미콘 | E13: =+('[1]2월'!$Z$10+'[1]2월'!$Z$19)/1000 -> 17104.216 | F13: =+('[2]2월'!$Z$10+'[2]2월'!$Z$19)/1000 -> 17308.862 | G13: =+F13-E13 -> 204.64547 | H13: =+('[3]2월'!$Z$10+'[3]2월'!$Z$19)/1000 -> 19459.467 | I13: =+F13-H13 -> -2150.6054 | J13: =+('[1]2월누계'!$Z$10+'[1]2월누계'!$Z$19)/1000 -> 35461.376 | K13: =+('[2]2월누계'!$Z$10+'[2]2월누계'!$Z$19)/1000 -> 35156.214 | L13: =+K13-J13 -> -305.16234 | M13: =+('[3]2월누계'!$Z$10+'[3]2월누계'!$Z$19)/1000 -> 36700.193 | N13: =+K13-M13 -> -1543.979 | Q13: 판매단가 | R13: 수도권 | S13: =+[4]수도권!$T$61 -> 98247.173 | T13: =+[4]수도권!$U$61 -> 102553.11 | U13: =+T13-S13 -> 4305.9384 | V13: =+[5]수도권!$Q$85 -> 96965.552 | W13: =+T13-V13 -> 5587.559
D14: 골재 | E14: =+('[1]2월'!$AE$10+'[1]2월'!$AE$19)/1000 -> 1117.0253 | F14: =+('[2]2월'!$AN$10+'[2]2월'!$AN$19)/1000 -> 1151.3959 | G14: =+F14-E14 -> 34.370579 | H14: =+('[3]2월'!$AN$10+'[3]2월'!$AN$19)/1000 -> 1294.0505 | I14: =+F14-H14 -> -142.65463 | J14: =+('[1]2월누계'!$AE$10+'[1]2월누계'!$AE$19)/1000 -> 2563.0946 | K14: =+('[2]2월누계'!$AN$10+'[2]2월누계'!$AN$19)/1000 -> 2404.6474 | L14: =+K14-J14 -> -158.44725 | M14: =+('[3]2월누계'!$AN$10+'[3]2월누계'!$AN$19)/1000 -> 2576.316 | N14: =+K14-M14 -> -171.66867 | R14: 영남권 | S14: =+[4]영남권!$T$61 -> 100395.73 | T14: =+[4]영남권!$U$61 -> 106159.44 | U14: =+T14-S14 -> 5763.7107 | V14: =+[5]영남권!$Q$85 -> 100787.78 | W14: =+T14-V14 -> 5371.6561
D15: 기타 | E15: =+('[1]2월'!$AL$10+'[1]2월'!$AL$19+'[1]2월'!$AV$10+'[1]2월'!$AV$19)/1000 -> 19.286963 | F15: =+('[2]2월'!$AH$10+'[2]2월'!$AH$19+'[2]2월'!$AP$10+'[2]2월'!$AP$19+'[2]2월'!$BA$10+'[2]2월'!$BA$19+'[2]2월'!$BJ$10+'[2]2월'!$BJ$19)/1000 -> -341.8475 | G15: =+F15-E15 -> -361.13446 | H15: =+('[3]2월'!$F$10+'[3]2월'!$F$19)/1000-H13-H14-('[3]2월'!$AO$10+'[3]2월'!$AO$19)/1000 -> 28.233255 | I15: =+F15-H15 -> -370.08075 | J15: =+('[1]2월누계'!$AL$10+'[1]2월누계'!$AL$19+'[1]2월누계'!$AV$10+'[1]2월누계'!$AV$19)/1000 -> 38.573926 | K15: =+('[2]2월누계'!$AH$10+'[2]2월누계'!$AH$19+'[2]2월누계'!$AP$10+'[2]2월누계'!$AP$19+'[2]2월누계'!$BA$10+'[2]2월누계'!$BA$19+'[2]2월누계'!$BJ$10+'[2]2월누계'!$BJ$19)/1000 -> -322.58392 | L15: =+K15-J15 -> -361.15784 | M15: =+('[3]2월누계'!$F$10+'[3]2월누계'!$F$19)/1000-M13-M14-('[3]2월누계'!$AO$10+'[3]2월누계'!$AO$19)/1000 -> 359.42361 | N15: =+K15-M15 -> -682.00753 | R15: 중부권 | S15: =+[4]중부권!$T$61 -> 106905.08 | T15: =+[4]중부권!$U$61 -> 105358.92 | U15: =+T15-S15 -> -1546.1532 | V15: =+[5]중부권!$Q$85 -> 102295.48 | W15: =+T15-V15 -> 3063.4438
C16: 계 | E16: =SUM(E13:E15) -> 18240.529 | F16: =SUM(F13:F15) -> 18118.41 | G16: =+F16-E16 -> -122.11841 | H16: =SUM(H13:H15) -> 20781.751 | I16: =+F16-H16 -> -2663.3408 | J16: =SUM(J13:J15) -> 38063.045 | K16: =SUM(K13:K15) -> 37238.277 | L16: =+K16-J16 -> -824.76744 | M16: =SUM(M13:M15) -> 39635.932 | N16: =+K16-M16 -> -2397.6552 | Q16: 계 | S16: =+[4]합계!$T$61 -> 100556.99 | T16: =+[4]합계!$U$61 -> 104606.76 | U16: =+T16-S16 -> 4049.7727 | V16: =+[5]합계!$Q$85 -> 99735.994 | W16: =+T16-V16 -> 4870.7689
C17: 매출이익 | D17: 레미콘 | E17: =+E9-E13 -> 694.35088 | F17: =+F9-F13 -> 472.98448 | G17: =+F17-E17 -> -221.3664 | H17: =+H9-H13 -> 1563.3005 | I17: =+F17-H17 -> -1090.316 | J17: =+J9-J13 -> 1409.8032 | K17: =+K9-K13 -> 1371.4876 | L17: =+K17-J17 -> -38.31568 | M17: =+M9-M13 -> 2296.9672 | N17: =+K17-M17 -> -925.47965 | Q17: 공헌이익 | R17: 수도권 | S17: =+[4]수도권!$Q$90 -> 14380.672 | T17: =+[4]수도권!$R$90 -> 14559.601 | U17: =+T17-S17 -> 178.92875 | V17: =+[5]수도권!$Q$90 -> 14691.292 | W17: =+T17-V17 -> -131.69112
D18: 골재 | E18: =+E10-E14 -> -63.957648 | F18: =+F10-F14 -> -106.85747 | G18: =+F18-E18 -> -42.899825 | H18: =+H10-H14 -> -51.467005 | I18: =+F18-H18 -> -55.390468 | J18: =+J10-J14 -> -102.33838 | K18: =+K10-K14 -> -230.36857 | L18: =+K18-J18 -> -128.03019 | M18: =+M10-M14 -> -281.98455 | N18: =+K18-M18 -> 51.615974 | R18: 영남권 | S18: =+[4]영남권!$Q$90 -> 18144.224 | T18: =+[4]영남권!$R$90 -> 21619.922 | U18: =+T18-S18 -> 3475.6982 | V18: =+[5]영남권!$Q$90 -> 20101.873 | W18: =+T18-V18 -> 1518.0493
D19: 기타 | E19: =+E11-E15 -> 104.24637 | F19: =+F11-F15 -> 398.83873 | G19: =+F19-E19 -> 294.59235 | H19: =+H11-H15 -> 136.28611 | I19: =+F19-H19 -> 262.55261 | J19: =+J11-J15 -> 203.79274 | K19: =+K11-K15 -> 431.91002 | L19: =+K19-J19 -> 228.11728 | M19: =+M11-M15 -> -27.651645 | N19: =+K19-M19 -> 459.56167 | R19: 중부권 | S19: =+[4]중부권!$Q$90 -> 24884.489 | T19: =+[4]중부권!$R$90 -> 20677.353 | U19: =+T19-S19 -> -4207.136 | V19: =+[5]중부권!$Q$90 -> 22532.494 | W19: =+T19-V19 -> -1855.1406
C20: 계 | E20: =SUM(E17:E19) -> 734.6396 | F20: =SUM(F17:F19) -> 764.96573 | G20: =+F20-E20 -> 30.326132 | H20: =SUM(H17:H19) -> 1648.1196 | I20: =+F20-H20 -> -883.1539 | J20: =SUM(J17:J19) -> 1511.2576 | K20: =SUM(K17:K19) -> 1573.029 | L20: =+K20-J20 -> 61.771409 | M20: =SUM(M17:M19) -> 1987.331 | N20: =+K20-M20 -> -414.302 | Q20: 계 | S20: =+[4]합계!$Q$90 -> 17728.73 | T20: =+[4]합계!$R$90 -> 18688.207 | U20: =+T20-S20 -> 959.47673 | V20: =+[5]합계!$Q$90 -> 18672.912 | W20: =+T20-V20 -> 15.295021
C21: 판관비 | D21: 레미콘 | E21: =+('[1]2월'!$Z$13+'[1]2월'!$Z$20+'[1]2월'!$Z$22)/1000 -> 1975.1272 | F21: =+('[2]2월'!$Z$13+'[2]2월'!$Z$20+'[2]2월'!$Z$22)/1000 -> 2817.4627 | G21: =+F21-E21 -> 842.33547 | H21: =+('[3]2월'!$Z$13+'[3]2월'!$Z$20+'[3]2월'!$Z$22)/1000 -> 1898.225 | I21: =+F21-H21 -> 919.2377 | J21: =+('[1]2월누계'!$Z$13+'[1]2월누계'!$Z$20+'[1]2월누계'!$Z$22)/1000 -> 4448.0507 | K21: =+('[2]2월누계'!$Z$13+'[2]2월누계'!$Z$20+'[2]2월누계'!$Z$22)/1000 -> 4718.4124 | L21: =+K21-J21 -> 270.3617 | M21: =+('[3]2월누계'!$Z$13+'[3]2월누계'!$Z$20+'[3]2월누계'!$Z$22)/1000 -> 4245.9444 | N21: =+K21-M21 -> 472.46799 | Q21: □ 골재
D22: 골재 | E22: =+('[1]2월'!$AE$13+'[1]2월'!$AE$20+'[1]2월'!$AE$22)/1000 -> 53.362179 | F22: =+('[2]2월'!$AN$13+'[2]2월'!$AN$20+'[2]2월'!$AN$22)/1000 -> 60.143505 | G22: =+F22-E22 -> 6.7813259 | H22: =+('[3]2월'!$AN$13+'[3]2월'!$AN$20+'[3]2월'!$AN$22)/1000 -> 46.67513 | I22: =+F22-H22 -> 13.468375 | J22: =+('[1]2월누계'!$AE$13+'[1]2월누계'!$AE$20+'[1]2월누계'!$AE$22)/1000 -> 103.47756 | K22: =+('[2]2월누계'!$AN$13+'[2]2월누계'!$AN$20+'[2]2월누계'!$AN$22)/1000 -> 106.90912 | L22: =+K22-J22 -> 3.4315649 | M22: =+('[3]2월누계'!$AN$13+'[3]2월누계'!$AN$20+'[3]2월누계'!$AN$22)/1000 -> 96.245044 | N22: =+K22-M22 -> 10.664079 | Q22: 구분 | S22: 계획 | T22: 실적 | U22: 계획대비 | V22: 전년 | W22: 전년대비
D23: 기타 | E23: =+('[1]2월'!$AL$13+'[1]2월'!$AV$13+'[1]2월'!$AL$20+'[1]2월'!$AV$20+'[1]2월'!$AL$22+'[1]2월'!$AV$22)/1000 -> 56.885059 | F23: =+('[2]2월'!$F$13+'[2]2월'!$F$20+'[2]2월'!$F$22)/1000-F21-F22-('[2]2월'!$AO$13+'[2]2월'!$AO$20+'[2]2월'!$AO$22)/1000 -> 57.01841 | G23: =+F23-E23 -> 0.133351 | H23: =+('[3]2월'!$F$13+'[3]2월'!$F$20+'[3]2월'!$F$22)/1000-H21-H22-('[3]2월'!$AO$13+'[3]2월'!$AO$20+'[3]2월'!$AO$22)/1000 -> 49.451233 | I23: =+F23-H23 -> 7.567177 | J23: =+('[1]2월누계'!$AL$13+'[1]2월누계'!$AV$13+'[1]2월누계'!$AL$20+'[1]2월누계'!$AV$20+'[1]2월누계'!$AL$22+'[1]2월누계'!$AV$22)/1000 -> 118.77012 | K23: =+('[2]2월누계'!$F$13+'[2]2월누계'!$F$20+'[2]2월누계'!$F$22)/1000-K21-K22-('[2]2월누계'!$AO$13+'[2]2월누계'!$AO$20+'[2]2월누계'!$AO$22)/1000 -> 120.19266 | L23: =+K23-J23 -> 1.422541 | M23: =+('[3]2월누계'!$F$13+'[3]2월누계'!$F$20+'[3]2월누계'!$F$22)/1000-M21-M22-('[3]2월누계'!$AO$13+'[3]2월누계'!$AO$20+'[3]2월누계'!$AO$22)/1000 -> 557.0322 | N23: =+K23-M23 -> -436.83954 | Q23: 판매량 | R23: 자가 | S23: =+[6]원가손익!$W$10+[7]원가손익!$U$27+[8]손익!$F$10 -> 35135.7 | T23: =+[6]원가손익!$X$10+[7]원가손익!$V$27+[8]손익!$G$10 -> 37530 | U23: =+T23-S23 -> 2394.2997 | V23: =+[9]원가손익!$X$10+[10]원가손익!$V$27+[11]손익!$Y$25 -> 31410 | W23: =+T23-V23 -> 6120
C24: 계 | E24: =SUM(E21:E23) -> 2085.3744 | F24: =SUM(F21:F23) -> 2934.6246 | G24: =+F24-E24 -> 849.25015 | H24: =SUM(H21:H23) -> 1994.3513 | I24: =+F24-H24 -> 940.27325 | J24: =SUM(J21:J23) -> 4670.2984 | K24: =SUM(K21:K23) -> 4945.5142 | L24: =+K24-J24 -> 275.2158 | M24: =SUM(M21:M23) -> 4899.2216 | N24: =+K24-M24 -> 46.292528 | R24: 외판 | S24: =+[6]원가손익!$W$14+[7]원가손익!$U$29+[8]손익!$F$12 -> 25160 | T24: =+[6]원가손익!$X$14+[7]원가손익!$V$29+[8]손익!$G$12 -> 13144 | U24: =+T24-S24 -> -12016 | V24: =+[9]원가손익!$X$14+[10]원가손익!$V$29+[11]손익!$Y$27 -> 26527 | W24: =+T24-V24 -> -13383
C25: 영업이익 | D25: 레미콘 | E25: =+E17-E21 -> -1280.7763 | F25: =+F17-F21 -> -2344.4782 | G25: =+F25-E25 -> -1063.7019 | H25: =+H17-H21 -> -334.92445 | I25: =+F25-H25 -> -2009.5537 | J25: =+J17-J21 -> -3038.2475 | K25: =+K17-K21 -> -3346.9248 | L25: =+K25-J25 -> -308.67738 | M25: =+M17-M21 -> -1948.9772 | N25: =+K25-M25 -> -1397.9476 | Q25: 합 계 | S25: =SUM(S23:S24) -> 60295.7 | T25: =SUM(T23:T24) -> 50674 | U25: =+T25-S25 -> -9621.7003 | V25: =SUM(V23:V24) -> 57937 | W25: =+T25-V25 -> -7263
D26: % | E26: =+E25/E9 -> -0.071959519 | F26: =+F25/F9 -> -0.13184673 | G26: =+F26-E26 -> -0.059887206 | H26: =+H25/H9 -> -0.015931511 | I26: =+F26-H26 -> -0.11591521 | J26: =+J25/J9 -> -0.082401689 | K26: =+K25/K9 -> -0.091627032 | L26: =+K26-J26 -> -0.0092253423 | M26: =+M25/M9 -> -0.049977414 | N26: =+K26-M26 -> -0.041649618 | Q26: □ 기타내역(영업이익)
D27: 골재 | E27: =+E18-E22 -> -117.31983 | F27: =+F18-F22 -> -167.00098 | G27: =+F27-E27 -> -49.68115 | H27: =+H18-H22 -> -98.142135 | I27: =+F27-H27 -> -68.858843 | J27: =+J18-J22 -> -205.81594 | K27: =+K18-K22 -> -337.2777 | L27: =+K27-J27 -> -131.46176 | M27: =+M18-M22 -> -378.22959 | N27: =+K27-M27 -> 40.951895 | Q27: 구분 | S27: 계획 | T27: 실적 | U27: 계획대비 | V27: 전년 | W27: 전년대비
D28: 기타 | E28: =+E19-E23 -> 47.361311 | F28: =+F19-F23 -> 341.82032 | G28: =+F28-E28 -> 294.459 | H28: =+H19-H23 -> 86.83488 | I28: =+F28-H28 -> 254.98544 | J28: =+J19-J23 -> 85.022623 | K28: =+K19-K23 -> 311.71736 | L28: =+K28-J28 -> 226.69474 | M28: =+M19-M23 -> -584.68384 | N28: =+K28-M28 -> 896.40121 | Q28: 레미콘임대 | S28: =+'사업장별(당월)'!T32 -> 29.628698 | T28: =+'사업장별(당월)'!U32 -> 23.702033 | U28: =+T28-S28 -> -5.9266647 | V28: =+'사업장별(당월)'!W32 -> 72.530954 | W28: =+T28-V28 -> -48.828921
C29: 계 | E29: =+E25+E27+E28 -> -1350.7348 | F29: =+F25+F27+F28 -> -2169.6589 | G29: =+F29-E29 -> -818.92401 | H29: =+H25+H27+H28 -> -346.23171 | I29: =+F29-H29 -> -1823.4272 | J29: =+J25+J27+J28 -> -3159.0408 | K29: =+K25+K27+K28 -> -3372.4852 | L29: =+K29-J29 -> -213.4444 | M29: =+M25+M27+M28 -> -2911.8906 | N29: =+K29-M29 -> -460.59453 | Q29: 임대 | S29: =+'사업장별(당월)'!T33 -> 72.847673 | T29: =+'사업장별(당월)'!U33 -> 4.800373 | U29: =+T29-S29 -> -68.0473 | V29: =+'사업장별(당월)'!W33 -> 61.899625 | W29: =+T29-V29 -> -57.099252
D30: % | E30: =+E29/E12 -> -0.071184341 | F30: =+F29/F12 -> -0.11489783 | G30: =+F30-E30 -> -0.043713486 | H30: =+H29/H12 -> -0.015436188 | I30: =+F30-H30 -> -0.099461639 | J30: =+J29/J12 -> -0.079825559 | K30: =+K29/K12 -> -0.0868944 | L30: =+K30-J30 -> -0.0070688417 | M30: =+M29/M12 -> -0.069958249 | N30: =+K30-M30 -> -0.016936151 | Q30: 공통비 | S30: =+'사업장별(당월)'!T34 -> -1285.2974 | T30: =+'사업장별(당월)'!U34 -> -1962.6589 | U30: =+T30-S30 -> -677.36148 | V30: =+'사업장별(당월)'!W34 -> -1276.8971 | W30: =+T30-V30 -> -685.76176
C31: * 건자재 | Q31: 기타 | S31: =+S32-S28-S29-S30 -> -55.115059 | T31: =+T32-T28-T29-T30 -> 313.31791 | U31: =+T31-S31 -> 368.43297 | V31: =+V32-V28-V29-V30 -> -47.595699 | W31: =+T31-V31 -> 360.91361
C32: 물량 | E32: =+IFERROR(HLOOKUP($E$5,[12]손익!$G$5:$AI$54,2,),) -> 7000 | F32: =+'[2]2월'!$AO$7 -> 4982.936 | G32: =+F32-E32 -> -2017.064 | H32: =+'[3]2월'!$AO$7 -> 9724.523 | I32: =+F32-H32 -> -4741.587 | J32: =+'[1]2월누계'!$AA$7 -> 15000 | K32: =+'[2]2월누계'!$AO$7 -> 9952.774 | L32: =+K32-J32 -> -5047.226 | M32: =+'[3]2월누계'!$AO$7 -> 18460.025 | N32: =+K32-M32 -> -8507.251 | Q32: 합계 | S32: =+'사업장별(당월)'!T40 -> -1237.9361 | T32: =+'사업장별(당월)'!U40 -> -1620.8385 | U32: =+T32-S32 -> -382.90248 | V32: =+'사업장별(당월)'!W40 -> -1190.0622 | W32: =+T32-V32 -> -430.77632
C33: 매출 | E33: =+IFERROR(HLOOKUP($E$5,[12]손익!$G$5:$AI$54,3,),)/1000 -> 6724.6123 | F33: =+'[2]2월'!$AO$8/1000 -> 4876.7031 | G33: =+F33-E33 -> -1847.9092 | H33: =+'[3]2월'!$AO$8/1000 -> 8276.9951 | I33: =+F33-H33 -> -3400.292 | J33: =+'[1]2월누계'!$AA$8/1000 -> 14389.456 | K33: =+'[2]2월누계'!$AO$8/1000 -> 9976.5899 | L33: =+K33-J33 -> -4412.8659 | M33: =+'[3]2월누계'!$AO$8/1000 -> 15757.115 | N33: =+K33-M33 -> -5780.525
C34: 매출이익 | E34: =+IFERROR(HLOOKUP($E$5,[12]손익!$G$5:$AI$54,7,),)/1000 -> 137.59374 | F34: =+'[2]2월'!$AO$12/1000 -> 140.69123 | G34: =+F34-E34 -> 3.097497 | H34: =+'[3]2월'!$AO$12/1000 -> 149.66104 | I34: =+F34-H34 -> -8.969808 | J34: =+'[1]2월누계'!$AA$12/1000 -> 305.39212 | K34: =+'[2]2월누계'!$AO$12/1000 -> 268.62131 | L34: =+K34-J34 -> -36.770807 | M34: =+'[3]2월누계'!$AO$12/1000 -> 295.57154 | N34: =+K34-M34 -> -26.950222 | Q34: □ 건자재
C35: (%) | E35: =+E34/E33 -> 0.020461215 | F35: =+F34/F33 -> 0.028849662 | G35: =+F35-E35 -> 0.0083884469 | H35: =+H34/H33 -> 0.018081567 | I35: =+I34/I33 -> 0.0026379523 | J35: =+J34/J33 -> 0.021223327 | K35: =+K34/K33 -> 0.026925164 | L35: =+K35-J35 -> 0.0057018369 | M35: =+M34/M33 -> 0.018757973 | N35: =+K35-M35 -> 0.0081671904 | Q35: 구분 | S35: 계획 | T35: 실적 | U35: 계획대비 | V35: 전년 | W35: 전년대비
C36: 영업이익 | E36: =+IFERROR(HLOOKUP($E$5,[12]손익!$G$5:$AI$54,20,),)/1000 -> -36.496143 | F36: =+'[2]2월'!$AO$26/1000 -> -81.299122 | G36: =+F36-E36 -> -44.802979 | H36: =+'[3]2월'!$AO$26/1000 -> 10.861713 | I36: =+F36-H36 -> -92.160835 | J36: =+'[1]2월누계'!$AA$26/1000 -> -82.713736 | K36: =+'[2]2월누계'!$AO$26/1000 -> -120.11452 | L36: =+K36-J36 -> -37.400787 | M36: =+'[3]2월누계'!$AO$26/1000 -> 12.558962 | N36: =+K36-M36 -> -132.67349 | Q36: 철강재 판매단가 | S36: =+'[13]2월'!$F$10 -> 742142.86 | T36: =+'[13]2월'!$G$10 -> 790996.73 | U36: =+T36-S36 -> 48853.873 | V36: =+'[14]2월'!$G$10 -> 744684.73 | W36: =+T36-V36 -> 46312.001
C37: (%) | E37: =+E36/E33 -> -0.0054272486 | F37: =+F36/F33 -> -0.016670919 | G37: =+F37-E37 -> -0.01124367 | H37: =+H36/H33 -> 0.0013122773 | I37: =+F37-H37 -> -0.017983196 | J37: =+J36/J33 -> -0.0057482185 | K37: =+K36/K33 -> -0.012039637 | L37: =+K37-J37 -> -0.0062914188 | M37: =+M36/M33 -> 0.00079703437 | N37: =+K37-M37 -> -0.012836672 | Q37: 철강재 마진률 | S37: =+'[13]2월'!$F$15 -> 0.014148219 | T37: =+'[13]2월'!$G$15 -> 0.025730287 | U37: =+T37-S37 -> 0.011582067 | V37: =+'[14]2월'!$G$15 -> 0.015585145 | W37: =+T37-V37 -> 0.010145141
E39: =+'[1]2월'!$E$26/1000 -> -1387.231 | F39: =+'[2]2월'!$F$26/1000 -> -2250.958 | H39: =+'[3]2월'!$F$26/1000 -> -335.37 | J39: =+'[1]2월누계'!$E$26/1000 -> -3241.7545 | K39: =+'[2]2월누계'!$F$26/1000 -> -3492.5997 | M39: =+'[3]2월누계'!$F$26/1000 -> -2899.3317
E40: =+(E29+E36)-E39 -> 0 | F40: =+(F29+F36)-F39 -> 0 | H40: =+(H29+H36)-H39 -> -1.1937118e-12 | J40: =+(J29+J36)-J39 -> 0 | K40: =+(K29+K36)-K39 -> 0 | M40: =+(M29+M36)-M39 -> 0

Sheet 레미콘 영업이익
H3: □ 레미콘 영업이익(2월)
H5: 구분 | J5: 2월 | T5: 2월누계
J6: 영업이익(공통비 배부전) | O6: 영업이익(공통비 배부후) | T6: 영업이익(공통비 배부전) | Y6: 영업이익(공통비 배부전)
A7: 2024년 1월 마감 손익 | J7: 계획 | K7: 실적 | L7: 차이 | M7: 전년 | N7: 차이 | O7: 계획 | P7: 실적 | Q7: 차이 | R7: 전년 | S7: 차이 | T7: 계획 | U7: 실적 | V7: 차이 | W7: 전년 | X7: 차이 | Y7: 계획 | Z7: 실적 | AA7: 차이 | AB7: 전년 | AC7: 차이
B8: 안양 | H8: 레미콘 | I8: 안양 | J8: =+[4]안양!$H$86/1000 -> 111.30886 | K8: =+[4]안양!$I$86/1000 -> 153.40702 | L8: =+K8-J8 -> 42.098164 | M8: =+[5]안양!$H$86/1000 -> 265.58446 | N8: =+K8-M8 -> -112.17744 | O8: =+[4]안양!$H$92/1000 -> -80.428067 | P8: =+[4]안양!$I$92/1000 -> -175.96858 | Q8: =+P8-O8 -> -95.540511 | R8: =+[5]안양!$H$92/1000 -> 65.846897 | S8: =+P8-R8 -> -241.81548 | T8: =+[15]안양!$H$86/1000 -> 285.75343 | U8: =+[15]안양!$I$86/1000 -> 384.63904 | V8: =+U8-T8 -> 98.885606 | W8: =+[16]안양!$H$86/1000 -> 353.64214 | X8: =+U8-W8 -> 30.996892 | Y8: =+[15]안양!$H$92/1000 -> -168.69472 | Z8: =+[15]안양!$I$92/1000 -> -160.89499 | AA8: =+Z8-Y8 -> 7.7997284 | AB8: =+[16]안양!$H$92/1000 -> -87.162062 | AC8: =+Z8-AB8 -> -73.732932
B9: 인천 | H9: 직영 | I9: 인천 | J9: =+[4]인천!$H$86/1000 -> -35.878112 | K9: =+[4]인천!$I$86/1000 -> -78.239109 | L9: =+K9-J9 -> -42.360997 | M9: =+[5]인천!$H$86/1000 -> -49.38036 | N9: =+K9-M9 -> -28.858749 | O9: =+[4]인천!$H$92/1000 -> -190.07915 | P9: =+[4]인천!$I$92/1000 -> -318.23393 | Q9: =+P9-O9 -> -128.15478 | R9: =+[5]인천!$H$92/1000 -> -173.11322 | S9: =+P9-R9 -> -145.12071 | T9: =+[15]인천!$H$86/1000 -> -65.318117 | U9: =+[15]인천!$I$86/1000 -> -108.80581 | V9: =+U9-T9 -> -43.487692 | W9: =+[16]인천!$H$86/1000 -> -176.5301 | X9: =+U9-W9 -> 67.724293 | Y9: =+[15]인천!$H$92/1000 -> -448.4643 | Z9: =+[15]인천!$I$92/1000 -> -492.77106 | AA9: =+Z9-Y9 -> -44.306763 | AB9: =+[16]인천!$H$92/1000 -> -442.98955 | AC9: =+Z9-AB9 -> -49.781512
B10: 파주 | I10: 파주 | J10: =+[4]파주!$H$86/1000 -> -120.66919 | K10: =+[4]파주!$I$86/1000 -> -146.03662 | L10: =+K10-J10 -> -25.367431 | M10: =+[5]파주!$H$86/1000 -> -42.738868 | N10: =+K10-M10 -> -103.29775 | O10: =+[4]파주!$H$92/1000 -> -179.92701 | P10: =+[4]파주!$I$92/1000 -> -235.61139 | Q10: =+P10-O10 -> -55.684372 | R10: =+[5]파주!$H$92/1000 -> -102.82798 | S10: =+P10-R10 -> -132.7834 | T10: =+[15]파주!$H$86/1000 -> -208.53352 | U10: =+[15]파주!$I$86/1000 -> -263.56188 | V10: =+U10-T10 -> -55.028358 | W10: =+[16]파주!$H$86/1000 -> -149.28401 | X10: =+U10-W10 -> -114.27787 | Y10: =+[15]파주!$H$92/1000 -> -354.29529 | Z10: =+[15]파주!$I$92/1000 -> -401.71545 | AA10: =+Z10-Y10 -> -47.42016 | AB10: =+[16]파주!$H$92/1000 -> -280.73918 | AC10: =+Z10-AB10 -> -120.97628
B11: 김포 | I11: 김포 | J11: =+[4]김포!$H$86/1000 -> -38.987187 | K11: =+[4]김포!$I$86/1000 -> -121.40124 | L11: =+K11-J11 -> -82.414057 | M11: =+[5]김포!$H$86/1000 -> -46.86888 | N11: =+K11-M11 -> -74.532364 | O11: =+[4]김포!$H$92/1000 -> -95.48628 | P11: =+[4]김포!$I$92/1000 -> -202.86892 | Q11: =+P11-O11 -> -107.38265 | R11: =+[5]김포!$H$92/1000 -> -88.504562 | S11: =+P11-R11 -> -114.36436 | T11: =+[15]김포!$H$86/1000 -> -96.434709 | U11: =+[15]김포!$I$86/1000 -> -220.93077 | V11: =+U11-T11 -> -124.49606 | W11: =+[16]김포!$H$86/1000 -> -154.20578 | X11: =+U11-W11 -> -66.724997 | Y11: =+[15]김포!$H$92/1000 -> -226.47483 | Z11: =+[15]김포!$I$92/1000 -> -344.61704 | AA11: =+Z11-Y11 -> -118.14221 | AB11: =+[16]김포!$H$92/1000 -> -242.71433 | AC11: =+Z11-AB11 -> -101.90271
B12: 부산 | I12: 부산 | J12: =+[4]부산!$H$86/1000 -> 74.964892 | K12: =+[4]부산!$I$86/1000 -> 207.73551 | L12: =+K12-J12 -> 132.77062 | M12: =+[5]부산!$H$86/1000 -> 133.31258 | N12: =+K12-M12 -> 74.42293 | O12: =+[4]부산!$H$92/1000 -> -53.505452 | P12: =+[4]부산!$I$92/1000 -> -50.493193 | Q12: =+P12-O12 -> 3.0122584 | R12: =+[5]부산!$H$92/1000 -> 20.797695 | S12: =+P12-R12 -> -71.290889 | T12: =+[15]부산!$H$86/1000 -> 161.17328 | U12: =+[15]부산!$I$86/1000 -> 480.14891 | V12: =+U12-T12 -> 318.97563 | W12: =+[16]부산!$H$86/1000 -> 160.24382 | X12: =+U12-W12 -> 319.90509 | Y12: =+[15]부산!$H$92/1000 -> -152.97171 | Z12: =+[15]부산!$I$92/1000 -> 44.207976 | AA12: =+Z12-Y12 -> 197.17969 | AB12: =+[16]부산!$H$92/1000 -> -87.469863 | AC12: =+Z12-AB12 -> 131.67784
B13: 서부산 | I13: 서부산 | J13: =+[4]서부산!$H$86/1000 -> 118.33251 | K13: =+[4]서부산!$I$86/1000 -> -5.990017 | L13: =+K13-J13 -> -124.32253 | M13: =+[5]서부산!$H$86/1000 -> 77.502494 | N13: =+K13-M13 -> -83.492511 | O13: =+[4]서부산!$H$92/1000 -> -0.98819839 | P13: =+[4]서부산!$I$92/1000 -> -142.64957 | Q13: =+P13-O13 -> -141.66137 | R13: =+[5]서부산!$H$92/1000 -> -29.159798 | S13: =+P13-R13 -> -113.48978 | T13: =+[15]서부산!$H$86/1000 -> 257.03376 | U13: =+[15]서부산!$I$86/1000 -> 178.5332 | V13: =+U13-T13 -> -78.500552 | W13: =+[16]서부산!$H$86/1000 -> 112.66153 | X13: =+U13-W13 -> 65.871677 | Y13: =+[15]서부산!$H$92/1000 -> -34.567418 | Z13: =+[15]서부산!$I$92/1000 -> -80.634449 | AA13: =+Z13-Y13 -> -46.06703 | AB13: =+[16]서부산!$H$92/1000 -> -108.03428 | AC13: =+Z13-AB13 -> 27.39983
B14: 김해 | I14: 김해 | J14: =+[4]김해!$H$86/1000 -> -14.53489 | K14: =+[4]김해!$I$86/1000 -> -36.280646 | L14: =+K14-J14 -> -21.745756 | M14: =+[5]김해!$H$86/1000 -> -73.487828 | N14: =+K14-M14 -> 37.207182 | O14: =+[4]김해!$H$92/1000 -> -65.592605 | P14: =+[4]김해!$I$92/1000 -> -97.526505 | Q14: =+P14-O14 -> -31.9339 | R14: =+[5]김해!$H$92/1000 -> -101.92556 | S14: =+P14-R14 -> 4.3990581 | T14: =+[15]김해!$H$86/1000 -> -71.551453 | U14: =+[15]김해!$I$86/1000 -> -131.5109 | V14: =+U14-T14 -> -59.959447 | W14: =+[16]김해!$H$86/1000 -> -137.97555 | X14: =+U14-W14 -> 6.464649 | Y14: =+[15]김해!$H$92/1000 -> -185.79399 | Z14: =+[15]김해!$I$92/1000 -> -220.94789 | AA14: =+Z14-Y14 -> -35.1539 | AB14: =+[16]김해!$H$92/1000 -> -212.46842 | AC14: =+Z14-AB14 -> -8.4794737
B15: 정관 | I15: 정관 | J15: =+[4]정관!$H$86/1000 -> 71.756078 | K15: =+[4]정관!$I$86/1000 -> -47.580852 | L15: =+K15-J15 -> -119.33693 | M15: =+[5]정관!$H$86/1000 -> 150.8114 | N15: =+K15-M15 -> -198.39225 | O15: =+[4]정관!$H$92/1000 -> -62.258638 | P15: =+[4]정관!$I$92/1000 -> -176.96721 | Q15: =+P15-O15 -> -114.70857 | R15: =+[5]정관!$H$92/1000 -> 31.124671 | S15: =+P15-R15 -> -208.09188 | T15: =+[15]정관!$H$86/1000 -> 136.07842 | U15: =+[15]정관!$I$86/1000 -> -113.65395 | V15: =+U15-T15 -> -249.73237 | W15: =+[16]정관!$H$86/1000 -> 245.21989 | X15: =+U15-W15 -> -358.87384 | Y15: =+[15]정관!$H$92/1000 -> -179.52093 | Z15: =+[15]정관!$I$92/1000 -> -313.58174 | AA15: =+Z15-Y15 -> -134.06081 | AB15: =+[16]정관!$H$92/1000 -> -30.14338 | AC15: =+Z15-AB15 -> -283.43836
B16: 양산 | I16: 양산 | J16: =+[4]양산!$H$86/1000 -> -26.949417 | K16: =+[4]양산!$I$86/1000 -> -66.233686 | L16: =+K16-J16 -> -39.284269 | M16: =+[5]양산!$H$86/1000 -> 32.887764 | N16: =+K16-M16 -> -99.12145 | O16: =+[4]양산!$H$92/1000 -> -69.933627 | P16: =+[4]양산!$I$92/1000 -> -107.03815 | Q16: =+P16-O16 -> -37.104523 | R16: =+[5]양산!$H$92/1000 -> -16.754585 | S16: =+P16-R16 -> -90.283565 | T16: =+[15]양산!$H$86/1000 -> -71.146107 | U16: =+[15]양산!$I$86/1000 -> -95.344321 | V16: =+U16-T16 -> -24.198214 | W16: =+[16]양산!$H$86/1000 -> -17.321488 | X16: =+U16-W16 -> -78.022833 | Y16: =+[15]양산!$H$92/1000 -> -169.07611 | Z16: =+[15]양산!$I$92/1000 -> -171.2097 | AA16: =+Z16-Y16 -> -2.1335865 | AB16: =+[16]양산!$H$92/1000 -> -117.38996 | AC16: =+Z16-AB16 -> -53.819733
B17: 창원 | I17: 창원 | J17: =+[4]창원!$H$86/1000 -> -6.3142939 | K17: =+[4]창원!$I$86/1000 -> -25.872475 | L17: =+K17-J17 -> -19.558181 | M17: =+[5]창원!$H$86/1000 -> 108.75022 | N17: =+K17-M17 -> -134.6227 | O17: =+[4]창원!$H$92/1000 -> -68.490085 | P17: =+[4]창원!$I$92/1000 -> -126.50703 | Q17: =+P17-O17 -> -58.016948 | R17: =+[5]창원!$H$92/1000 -> 40.647485 | S17: =+P17-R17 -> -167.15452 | T17: =+[15]창원!$H$86/1000 -> -41.279721 | U17: =+[15]창원!$I$86/1000 -> -18.894895 | V17: =+U17-T17 -> 22.384826 | W17: =+[16]창원!$H$86/1000 -> 115.95934 | X17: =+U17-W17 -> -134.85424 | Y17: =+[15]창원!$H$92/1000 -> -183.5827 | Z17: =+[15]창원!$I$92/1000 -> -172.14568 | AA17: =+Z17-Y17 -> 11.437019 | AB17: =+[16]창원!$H$92/1000 -> -37.717401 | AC17: =+Z17-AB17 -> -134.42828
B18: 대구 | I18: 대구 | J18: =+[4]대구!$H$86/1000 -> -25.107902 | K18: =+[4]대구!$I$86/1000 -> -89.101347 | L18: =+K18-J18 -> -63.993445 | M18: =+[5]대구!$H$86/1000 -> 11.519029 | N18: =+K18-M18 -> -100.62038 | O18: =+[4]대구!$H$92/1000 -> -68.829246 | P18: =+[4]대구!$I$92/1000 -> -132.07503 | Q18: =+P18-O18 -> -63.245788 | R18: =+[5]대구!$H$92/1000 -> -43.826267 | S18: =+P18-R18 -> -88.248767 | T18: =+[15]대구!$H$86/1000 -> -74.589893 | U18: =+[15]대구!$I$86/1000 -> -182.91056 | V18: =+U18-T18 -> -108.32067 | W18: =+[16]대구!$H$86/1000 -> 33.549731 | X18: =+U18-W18 -> -216.46029 | Y18: =+[15]대구!$H$92/1000 -> -174.97831 | Z18: =+[15]대구!$I$92/1000 -> -243.20318 | AA18: =+Z18-Y18 -> -68.224863 | AB18: =+[16]대구!$H$92/1000 -> -108.92876 | AC18: =+Z18-AB18 -> -134.27441
B19: 울산 | I19: 울산 | J19: =+[4]울산!$H$86/1000 -> -81.807409 | K19: =+[4]울산!$I$86/1000 -> 11.388659 | L19: =+K19-J19 -> 93.196068 | M19: =+[5]울산!$H$86/1000 -> 78.01652 | N19: =+K19-M19 -> -66.627861 | O19: =+[4]울산!$H$92/1000 -> -124.96358 | P19: =+[4]울산!$I$92/1000 -> -106.82256 | Q19: =+P19-O19 -> 18.141023 | R19: =+[5]울산!$H$92/1000 -> 12.336041 | S19: =+P19-R19 -> -119.1586 | T19: =+[15]울산!$H$86/1000 -> -127.70622 | U19: =+[15]울산!$I$86/1000 -> 95.465084 | V19: =+U19-T19 -> 223.1713 | W19: =+[16]울산!$H$86/1000 -> 135.74101 | X19: =+U19-W19 -> -40.275924 | Y19: =+[15]울산!$H$92/1000 -> -245.83913 | Z19: =+[15]울산!$I$92/1000 -> -104.12617 | AA19: =+Z19-Y19 -> 141.71296 | AB19: =+[16]울산!$H$92/1000 -> -21.440051 | AC19: =+Z19-AB19 -> -82.686123
B20: 아산 | I20: 아산 | J20: =+[4]아산!$H$86/1000 -> -64.53117 | K20: =+[4]아산!$I$86/1000 -> -9.287506 | L20: =+K20-J20 -> 55.243664 | M20: =+[5]아산!$H$86/1000 -> 71.697309 | N20: =+K20-M20 -> -80.984815 | O20: =+[4]아산!$H$92/1000 -> -133.77131 | P20: =+[4]아산!$I$92/1000 -> -185.06286 | Q20: =+P20-O20 -> -51.291546 | R20: =+[5]아산!$H$92/1000 -> -33.606403 | S20: =+P20-R20 -> -151.45645 | T20: =+[15]아산!$H$86/1000 -> -128.78124 | U20: =+[15]아산!$I$86/1000 -> -5.431116 | V20: =+U20-T20 -> 123.35012 | W20: =+[16]아산!$H$86/1000 -> 40.915752 | X20: =+U20-W20 -> -46.346868 | Y20: =+[15]아산!$H$92/1000 -> -288.32273 | Z20: =+[15]아산!$I$92/1000 -> -278.7498 | AA20: =+Z20-Y20 -> 9.5729386 | AB20: =+[16]아산!$H$92/1000 -> -217.53514 | AC20: =+Z20-AB20 -> -61.214656
B21: 전주 | I21: 전주 | J21: =+[4]전주!$H$86/1000 -> -28.142013 | K21: =+[4]전주!$I$86/1000 -> -75.588009 | L21: =+K21-J21 -> -47.445996 | M21: =+[5]전주!$H$86/1000 -> 149.1804 | N21: =+K21-M21 -> -224.76841 | O21: =+[4]전주!$H$92/1000 -> -70.968907 | P21: =+[4]전주!$I$92/1000 -> -144.89662 | Q21: =+P21-O21 -> -73.92771 | R21: =+[5]전주!$H$92/1000 -> 74.945889 | S21: =+P21-R21 -> -219.84251 | T21: =+[15]전주!$H$86/1000 -> -71.759243 | U21: =+[15]전주!$I$86/1000 -> -91.461026 | V21: =+U21-T21 -> -19.701783 | W21: =+[16]전주!$H$86/1000 -> 252.88457 | X21: =+U21-W21 -> -344.34559 | Y21: =+[15]전주!$H$92/1000 -> -161.25189 | Z21: =+[15]전주!$I$92/1000 -> -214.64861 | AA21: =+Z21-Y21 -> -53.396727 | AB21: =+[16]전주!$H$92/1000 -> 75.110594 | AC21: =+Z21-AB21 -> -289.75921
B22: 군산 | I22: 군산 | J22: =+[4]군산!$H$86/1000 -> 11.36952 | K22: =+[4]군산!$I$86/1000 -> -20.390283 | L22: =+K22-J22 -> -31.759803 | M22: =+[5]군산!$H$86/1000 -> 57.866905 | N22: =+K22-M22 -> -78.257188 | O22: =+[4]군산!$H$92/1000 -> -8.9328669 | P22: =+[4]군산!$I$92/1000 -> -43.852418 | Q22: =+P22-O22 -> -34.919551 | R22: =+[5]군산!$H$92/1000 -> 33.365198 | S22: =+P22-R22 -> -77.217616 | T22: =+[15]군산!$H$86/1000 -> 17.596197 | U22: =+[15]군산!$I$86/1000 -> -16.544515 | V22: =+U22-T22 -> -34.140712 | W22: =+[16]군산!$H$86/1000 -> 67.924105 | X22: =+U22-W22 -> -84.46862 | Y22: =+[15]군산!$H$92/1000 -> -29.184083 | Z22: =+[15]군산!$I$92/1000 -> -55.956934 | AA22: =+Z22-Y22 -> -26.77285 | AB22: =+[16]군산!$H$92/1000 -> 17.272949 | AC22: =+Z22-AB22 -> -73.229882
B23: 원주 | I23: 원주 | J23: =+[4]원주!$H$86/1000 -> 33.348804 | K23: =+[4]원주!$I$86/1000 -> -24.850722 | L23: =+K23-J23 -> -58.199526 | M23: =+[5]원주!$H$86/1000 -> -36.517007 | N23: =+K23-M23 -> 11.666285 | O23: =+[4]원주!$H$92/1000 -> 9.1941198 | P23: =+[4]원주!$I$92/1000 -> -45.341208 | Q23: =+P23-O23 -> -54.535328 | R23: =+[5]원주!$H$92/1000 -> -44.695248 | S23: =+P23-R23 -> -0.64596001 | T23: =+[15]원주!$H$86/1000 -> 51.635532 | U23: =+[15]원주!$I$86/1000 -> -17.716925 | V23: =+U23-T23 -> -69.352457 | W23: =+[16]원주!$H$86/1000 -> -40.546711 | X23: =+U23-W23 -> 22.829786 | Y23: =+[15]원주!$H$92/1000 -> -4.0151757 | Z23: =+[15]원주!$I$92/1000 -> -55.51779 | AA23: =+Z23-Y23 -> -51.502614 | AB23: =+[16]원주!$H$92/1000 -> -70.849277 | AC23: =+Z23-AB23 -> 15.331487
B24: 제주 | I24: 제주 | J24: =+[4]제주!$H$86/1000 -> 26.361966 | K24: =+[4]제주!$I$86/1000 -> -7.498015 | L24: =+K24-J24 -> -33.859981 | M24: =+[5]제주!$H$86/1000 -> 53.836508 | N24: =+K24-M24 -> -61.334523 | O24: =+[4]제주!$H$92/1000 -> -15.815418 | P24: =+[4]제주!$I$92/1000 -> -52.563021 | Q24: =+P24-O24 -> -36.747603 | R24: =+[5]제주!$H$92/1000 -> 20.425297 | S24: =+P24-R24 -> -72.988317 | T24: =+[15]제주!$H$86/1000 -> 77.498136 | U24: =+[15]제주!$I$86/1000 -> -4.859883 | V24: =+U24-T24 -> -82.358019 | W24: =+[16]제주!$H$86/1000 -> 122.23265 | X24: =+U24-W24 -> -127.09254 | Y24: =+[15]제주!$H$92/1000 -> -31.214125 | Z24: =+[15]제주!$I$92/1000 -> -80.412318 | AA24: =+Z24-Y24 -> -49.198193 | AB24: =+[16]제주!$H$92/1000 -> 24.220917 | AC24: =+Z24-AB24 -> -104.63323
I25: 수도권 | J25: =SUM(J8:J11) -> -84.22563 | K25: =SUM(K8:K11) -> -192.26995 | L25: =+K25-J25 -> -108.04432 | M25: =SUM(M8:M11) -> 126.59635 | N25: =+K25-M25 -> -318.8663 | O25: =SUM(O8:O11) -> -545.92052 | P25: =SUM(P8:P11) -> -932.68282 | Q25: =+P25-O25 -> -386.76231 | R25: =SUM(R8:R11) -> -298.59887 | S25: =+P25-R25 -> -634.08396 | T25: =SUM(T8:T11) -> -84.532918 | U25: =SUM(U8:U11) -> -208.65943 | V25: =+U25-T25 -> -124.12651 | W25: =SUM(W8:W11) -> -126.37775 | X25: =+U25-W25 -> -82.281677 | Y25: =SUM(Y8:Y11) -> -1197.9291 | Z25: =SUM(Z8:Z11) -> -1399.9986 | AA25: =+Z25-Y25 -> -202.0694 | AB25: =SUM(AB8:AB11) -> -1053.6051 | AC25: =+Z25-AB25 -> -346.39343
I26: 영남권 | J26: =SUM(J12:J19) -> 110.33957 | K26: =SUM(K12:K19) -> -51.934856 | L26: =+K26-J26 -> -162.27442 | M26: =SUM(M12:M19) -> 519.31218 | N26: =+K26-M26 -> -571.24703 | O26: =SUM(O12:O19) -> -514.56144 | P26: =SUM(P12:P19) -> -940.07926 | Q26: =+P26-O26 -> -425.51782 | R26: =SUM(R12:R19) -> -86.76032 | S26: =+P26-R26 -> -853.31894 | T26: =SUM(T12:T19) -> 168.01206 | U26: =SUM(U12:U19) -> 211.83257 | V26: =+U26-T26 -> 43.820508 | W26: =SUM(W12:W19) -> 648.07827 | X26: =+U26-W26 -> -436.2457 | Y26: =SUM(Y12:Y19) -> -1326.3303 | Z26: =SUM(Z12:Z19) -> -1261.6408 | AA26: =+Z26-Y26 -> 64.689471 | AB26: =SUM(AB12:AB19) -> -723.59212 | AC26: =+Z26-AB26 -> -538.04872
I27: 중부권 | J27: =SUM(J20:J24) -> -21.592893 | K27: =SUM(K20:K24) -> -137.61454 | L27: =+K27-J27 -> -116.02164 | M27: =SUM(M20:M24) -> 296.06412 | N27: =+K27-M27 -> -433.67865 | O27: =SUM(O20:O24) -> -220.29438 | P27: =SUM(P20:P24) -> -471.71612 | Q27: =+P27-O27 -> -251.42174 | R27: =SUM(R20:R24) -> 50.434732 | S27: =+P27-R27 -> -522.15085 | T27: =SUM(T20:T24) -> -53.810619 | U27: =SUM(U20:U24) -> -136.01346 | V27: =+U27-T27 -> -82.202846 | W27: =SUM(W20:W24) -> 443.41036 | X27: =+U27-W27 -> -579.42383 | Y27: =SUM(Y20:Y24) -> -513.988 | Z27: =SUM(Z20:Z24) -> -685.28545 | AA27: =+Z27-Y27 -> -171.29745 | AB27: =SUM(AB20:AB24) -> -171.77996 | AC27: =+Z27-AB27 -> -513.50549
H28: 레미콘 계 | J28: =SUM(J25:J27) -> 4.5210444 | K28: =SUM(K25:K27) -> -381.81934 | L28: =+K28-J28 -> -386.34039 | M28: =SUM(M25:M27) -> 941.97265 | N28: =+K28-M28 -> -1323.792 | O28: =SUM(O25:O27) -> -1280.7763 | P28: =SUM(P25:P27) -> -2344.4782 | Q28: =+P28-O28 -> -1063.7019 | R28: =SUM(R25:R27) -> -334.92445 | S28: =+P28-R28 -> -2009.5537 | T28: =SUM(T25:T27) -> 29.668525 | U28: =SUM(U25:U27) -> -132.84032 | V28: =+U28-T28 -> -162.50884 | W28: =SUM(W25:W27) -> 965.11089 | X28: =+U28-W28 -> -1097.9512 | Y28: =SUM(Y25:Y27) -> -3038.2475 | Z28: =SUM(Z25:Z27) -> -3346.9248 | AA28: =+Z28-Y28 -> -308.67738 | AB28: =SUM(AB25:AB27) -> -1948.9772 | AC28: =+Z28-AB28 -> -1397.9476

Sheet 사업장별(당월)
H3: □ 사업장별 손익실적(2026-02)
AG4: [단위 : 천㎥, 톤, 백만원]
H5: 구분 | J5: 물량 | O5: 매출 | T5: 영업이익(공통비 배부전) | Y5: 판매단가 | AB5: 변동비 | AE5: 공헌이익 | AI5: 판매비중
A6: 2024년 2월 마감 손익 | J6: 계획 | K6: 실적 | L6: 차이 | M6: 전년 | N6: 차이 | O6: 계획 | P6: 실적 | Q6: 차이 | R6: 전년 | S6: 차이 | T6: 계획 | U6: 실적 | V6: 차이 | W6: 전년 | X6: 차이 | Y6: 계획 | Z6: 실적 | AA6: 전년 | AB6: 계획 | AC6: 실적 | AD6: 전년 | AE6: 계획 | AF6: 실적 | AG6: 전년 | AI6: 공장명 | AJ6: 계획 | AK6: 추정 | AL6: 차이 | AO6: 전월 | AP6: 차이
B7: 안양 | G7: =+I7 -> 안양 | H7: 레미콘 | I7: 안양 | J7: =+IFERROR(HLOOKUP($B7,'[1]2월'!$D$6:$BN$259,2,),)/1000 -> 28 | K7: =+IFERROR(HLOOKUP($B7,'[2]2월'!$F$6:$CP$99,2,),)/1000 -> 29.129 | L7: =+K7-J7 -> 1.129 | M7: =+IFERROR(HLOOKUP($B7,'[3]2월'!$F$6:$CC$57,2,),)/1000 -> 34.905 | N7: =+K7-M7 -> -5.776 | O7: =+IFERROR(HLOOKUP($B7,'[1]2월'!$D$6:$BN$259,3,),)/1000 -> 2733.6667 | P7: =+IFERROR(HLOOKUP($B7,'[2]2월'!$F$6:$CP$99,3,),)/1000 -> 3045.1153 | Q7: =+P7-O7 -> 311.44858 | R7: =+IFERROR(HLOOKUP($B7,'[3]2월'!$F$6:$CC$57,3,),)/1000 -> 3382.0325 | S7: =+P7-R7 -> -336.91727 | T7: =+IFERROR(HLOOKUP($B7,'[1]2월'!$D$6:$BN$259,16,),)/1000 -> 111.30886 | U7: =+IFERROR(HLOOKUP($B7,'[2]2월'!$F$6:$CP$99,16,),)/1000 -> 153.40702 | V7: =+U7-T7 -> 42.098164 | W7: =+IFERROR(HLOOKUP($B7,'[3]2월'!$F$6:$CC$57,16,),)/1000 -> 265.58446 | X7: =+U7-W7 -> -112.17744 | Y7: =+[4]안양!$Q$85 -> 97630.953 | Z7: =+[4]안양!$R$85 -> 104538.96 | AA7: =+[5]안양!$Q$85 -> 96859.207 | AB7: =+[4]안양!$Q$89 -> 81756.36 | AC7: =+[4]안양!$R$89 -> 86705.369 | AD7: =+[5]안양!$Q$89 -> 80767.793 | AE7: =+Y7-AB7 -> 15874.593 | AF7: =+Z7-AC7 -> 17833.588 | AG7: =+AA7-AD7 -> 16091.414 | AI7: =+I7 -> 안양 | AJ7: =+J7/$J$27 -> 0.15819227 | AK7: =+K7/$K$27 -> 0.17133799 | AL7: =+AK7-AJ7 -> 0.013145719 | AM7: =+Y7*AL7 -> 1283.4291 | AO7: =+[17]안양!$T$5/[17]합계!$T$5 -> 0.1752323 | AP7: =+AK7-AO7 -> -0.0038943104 | AQ7: =+[17]안양!$Q$85*AP7 -> -421.10097
B8: 인천 | G8: =+I8 -> 인천 | H8: 직영 | I8: 인천 | J8: =+IFERROR(HLOOKUP($B8,'[1]2월'!$D$6:$BN$259,2,),)/1000 -> 22 | K8: =+IFERROR(HLOOKUP($B8,'[2]2월'!$F$6:$CP$99,2,),)/1000 -> 21.471 | L8: =+K8-J8 -> -0.529 | M8: =+IFERROR(HLOOKUP($B8,'[3]2월'!$F$6:$CC$57,2,),)/1000 -> 21.485 | N8: =+K8-M8 -> -0.014 | O8: =+IFERROR(HLOOKUP($B8,'[1]2월'!$D$6:$BN$259,3,),)/1000 -> 2198.5032 | P8: =+IFERROR(HLOOKUP($B8,'[2]2월'!$F$6:$CP$99,3,),)/1000 -> 2218.7797 | Q8: =+P8-O8 -> 20.276473 | R8: =+IFERROR(HLOOKUP($B8,'[3]2월'!$F$6:$CC$57,3,),)/1000 -> 2095.0919 | S8: =+P8-R8 -> 123.6878 | T8: =+IFERROR(HLOOKUP($B8,'[1]2월'!$D$6:$BN$259,16,),)/1000 -> -35.878112 | U8: =+IFERROR(HLOOKUP($B8,'[2]2월'!$F$6:$CP$99,16,),)/1000 -> -78.239109 | V8: =+U8-T8 -> -42.360997 | W8: =+IFERROR(HLOOKUP($B8,'[3]2월'!$F$6:$CC$57,16,),)/1000 -> -49.38036 | X8: =+U8-W8 -> -28.858749 | Y8: =+[4]인천!$Q$85 -> 99931.965 | Z8: =+[4]인천!$R$85 -> 103435.47 | AA8: =+[5]인천!$Q$85 -> 97514.168 | AB8: =+[4]인천!$Q$89 -> 87676.92 | AC8: =+[4]인천!$R$89 -> 89863.361 | AD8: =+[5]인천!$Q$89 -> 86203.914 | AE8: =+Y8-AB8 -> 12255.045 | AF8: =+Z8-AC8 -> 13572.111 | AG8: =+AA8-AD8 -> 11310.254 | AI8: =+I8 -> 인천 | AJ8: =+J8/$J$27 -> 0.12429393 | AK8: =+K8/$K$27 -> 0.12629331 | AL8: =+AK8-AJ8 -> 0.0019993881 | AM8: =+Y8*AL8 -> 199.80278 | AO8: =+[17]인천!$T$5/[17]합계!$T$5 -> 0.12417067 | AP8: =+AK8-AO8 -> 0.0021226466 | AQ8: =+[17]인천!$Q$85*AP8 -> 215.7395
B9: 파주 | G9: =+I9 -> 파주 | I9: 파주 | J9: =+IFERROR(HLOOKUP($B9,'[1]2월'!$D$6:$BN$259,2,),)/1000 -> 9 | K9: =+IFERROR(HLOOKUP($B9,'[2]2월'!$F$6:$CP$99,2,),)/1000 -> 8.475 | L9: =+K9-J9 -> -0.525 | M9: =+IFERROR(HLOOKUP($B9,'[3]2월'!$F$6:$CC$57,2,),)/1000 -> 10.445 | N9: =+K9-M9 -> -1.97 | O9: =+IFERROR(HLOOKUP($B9,'[1]2월'!$D$6:$BN$259,3,),)/1000 -> 844.86148 | P9: =+IFERROR(HLOOKUP($B9,'[2]2월'!$F$6:$CP$99,3,),)/1000 -> 828.129 | Q9: =+P9-O9 -> -16.732476 | R9: =+IFERROR(HLOOKUP($B9,'[3]2월'!$F$6:$CC$57,3,),)/1000 -> 1017.4518 | S9: =+P9-R9 -> -189.3228 | T9: =+IFERROR(HLOOKUP($B9,'[1]2월'!$D$6:$BN$259,16,),)/1000 -> -120.66919 | U9: =+IFERROR(HLOOKUP($B9,'[2]2월'!$F$6:$CP$99,16,),)/1000 -> -146.03662 | V9: =+U9-T9 -> -25.367431 | W9: =+IFERROR(HLOOKUP($B9,'[3]2월'!$F$6:$CC$57,16,),)/1000 -> -42.738868 | X9: =+U9-W9 -> -103.29775 | Y9: =+[4]파주!$Q$85 -> 93873.497 | Z9: =+[4]파주!$R$85 -> 97714.336 | AA9: =+[5]파주!$Q$85 -> 97410.416 | AB9: =+[4]파주!$Q$89 -> 81194.057 | AC9: =+[4]파주!$R$89 -> 88151.277 | AD9: =+[5]파주!$Q$89 -> 80870.416 | AE9: =+Y9-AB9 -> 12679.441 | AF9: =+Z9-AC9 -> 9563.0591 | AG9: =+AA9-AD9 -> 16540.001 | AI9: =+I9 -> 파주 | AJ9: =+J9/$J$27 -> 0.050847515 | AK9: =+K9/$K$27 -> 0.049850302 | AL9: =+AK9-AJ9 -> -0.00099721304 | AM9: =+Y9*AL9 -> -93.611876 | AO9: =+[17]파주!$T$5/[17]합계!$T$5 -> 0.042300584 | AP9: =+AK9-AO9 -> 0.0075497181 | AQ9: =+[17]파주!$Q$85*AP9 -> 759.7584
B10: 김포 | G10: =+I10 -> 김포 | I10: 김포 | J10: =+IFERROR(HLOOKUP($B10,'[1]2월'!$D$6:$BN$259,2,),)/1000 -> 8 | K10: =+IFERROR(HLOOKUP($B10,'[2]2월'!$F$6:$CP$99,2,),)/1000 -> 7.692 | L10: =+K10-J10 -> -0.308 | M10: =+IFERROR(HLOOKUP($B10,'[3]2월'!$F$6:$CC$57,2,),)/1000 -> 7.4045 | N10: =+K10-M10 -> 0.2875 | O10: =+IFERROR(HLOOKUP($B10,'[1]2월'!$D$6:$BN$259,3,),)/1000 -> 805.52917 | P10: =+IFERROR(HLOOKUP($B10,'[2]2월'!$F$6:$CP$99,3,),)/1000 -> 753.17807 | Q10: =+P10-O10 -> -52.351106 | R10: =+IFERROR(HLOOKUP($B10,'[3]2월'!$F$6:$CC$57,3,),)/1000 -> 704.99124 | S10: =+P10-R10 -> 48.186831 | T10: =+IFERROR(HLOOKUP($B10,'[1]2월'!$D$6:$BN$259,16,),)/1000 -> -38.987187 | U10: =+IFERROR(HLOOKUP($B10,'[2]2월'!$F$6:$CP$99,16,),)/1000 -> -121.40124 | V10: =+U10-T10 -> -82.414057 | W10: =+IFERROR(HLOOKUP($B10,'[3]2월'!$F$6:$CC$57,16,),)/1000 -> -46.86888 | X10: =+U10-W10 -> -74.532364 | Y10: =+[4]김포!$Q$85 -> 100691.15 | Z10: =+[4]김포!$R$85 -> 97917.065 | AA10: =+[5]김포!$Q$85 -> 95239.126 | AB10: =+[4]김포!$Q$89 -> 83779.837 | AC10: =+[4]김포!$R$89 -> 87512.934 | AD10: =+[5]김포!$Q$89 -> 79871.523 | AE10: =+Y10-AB10 -> 16911.309 | AF10: =+Z10-AC10 -> 10404.131 | AG10: =+AA10-AD10 -> 15367.602 | AI10: =+I10 -> 김포 | AJ10: =+J10/$J$27 -> 0.045197791 | AK10: =+K10/$K$27 -> 0.045244664 | AL10: =+AK10-AJ10 -> 4.6872334e-05 | AM10: =+Y10*AL10 -> 4.719629 | AO10: =+[17]김포!$T$5/[17]합계!$T$5 -> 0.037678748 | AP10: =+AK10-AO10 -> 0.0075659152 | AQ10: =+[17]김포!$Q$85*AP10 -> 743.08416
B11: 부산 | G11: =+I11 -> 부산 | I11: 부산 | J11: =+IFERROR(HLOOKUP($B11,'[1]2월'!$D$6:$BN$259,2,),)/1000 -> 16 | K11: =+IFERROR(HLOOKUP($B11,'[2]2월'!$F$6:$CP$99,2,),)/1000 -> 19.626 | L11: =+K11-J11 -> 3.626 | M11: =+IFERROR(HLOOKUP($B11,'[3]2월'!$F$6:$CC$57,2,),)/1000 -> 16.897 | N11: =+K11-M11 -> 2.729 | O11: =+IFERROR(HLOOKUP($B11,'[1]2월'!$D$6:$BN$259,3,),)/1000 -> 1723.429 | P11: =+IFERROR(HLOOKUP($B11,'[2]2월'!$F$6:$CP$99,3,),)/1000 -> 2281.7649 | Q11: =+P11-O11 -> 558.33589 | R11: =+IFERROR(HLOOKUP($B11,'[3]2월'!$F$6:$CC$57,3,),)/1000 -> 1794.1025 | S11: =+P11-R11 -> 487.66235 | T11: =+IFERROR(HLOOKUP($B11,'[1]2월'!$D$6:$BN$259,16,),)/1000 -> 74.964892 | U11: =+IFERROR(HLOOKUP($B11,'[2]2월'!$F$6:$CP$99,16,),)/1000 -> 207.73551 | V11: =+U11-T11 -> 132.77062 | W11: =+IFERROR(HLOOKUP($B11,'[3]2월'!$F$6:$CC$57,16,),)/1000 -> 133.31258 | X11: =+U11-W11 -> 74.42293 | Y11: =+[4]부산!$Q$85 -> 107714.31 | Z11: =+[4]부산!$R$85 -> 116262.35 | AA11: =+[5]부산!$Q$85 -> 106178.76 | AB11: =+[4]부산!$Q$89 -> 87368.82 | AC11: =+[4]부산!$R$89 -> 91250.127 | AD11: =+[5]부산!$Q$89 -> 84408.739 | AE11: =+Y11-AB11 -> 20345.49 | AF11: =+Z11-AC11 -> 25012.222 | AG11: =+AA11-AD11 -> 21770.02 | AI11: =+I11 -> 부산 | AJ11: =+J11/$J$27 -> 0.090395582 | AK11: =+K11/$K$27 -> 0.11544095 | AL11: =+AK11-AJ11 -> 0.025045365 | AM11: =+Y11*AL11 -> 2697.7442 | AO11: =+[17]부산!$T$5/[17]합계!$T$5 -> 0.1224389 | AP11: =+AK11-AO11 -> -0.0069979511 | AQ11: =+[17]부산!$Q$85*AP11 -> -833.76833
B12: 서부산 | G12: =+I12 -> 서부산 | I12: 서부산 | J12: =+IFERROR(HLOOKUP($B12,'[1]2월'!$D$6:$BN$259,2,),)/1000 -> 16 | K12: =+IFERROR(HLOOKUP($B12,'[2]2월'!$F$6:$CP$99,2,),)/1000 -> 11.794 | L12: =+K12-J12 -> -4.206 | M12: =+IFERROR(HLOOKUP($B12,'[3]2월'!$F$6:$CC$57,2,),)/1000 -> 17.85 | N12: =+K12-M12 -> -6.056 | O12: =+IFERROR(HLOOKUP($B12,'[1]2월'!$D$6:$BN$259,3,),)/1000 -> 1600.6866 | P12: =+IFERROR(HLOOKUP($B12,'[2]2월'!$F$6:$CP$99,3,),)/1000 -> 1207.5535 | Q12: =+P12-O12 -> -393.13312 | R12: =+IFERROR(HLOOKUP($B12,'[3]2월'!$F$6:$CC$57,3,),)/1000 -> 1700.7802 | S12: =+P12-R12 -> -493.2267 | T12: =+IFERROR(HLOOKUP($B12,'[1]2월'!$D$6:$BN$259,16,),)/1000 -> 118.33251 | U12: =+IFERROR(HLOOKUP($B12,'[2]2월'!$F$6:$CP$99,16,),)/1000 -> -5.990017 | V12: =+U12-T12 -> -124.32253 | W12: =+IFERROR(HLOOKUP($B12,'[3]2월'!$F$6:$CC$57,16,),)/1000 -> 77.502494 | X12: =+U12-W12 -> -83.492511 | Y12: =+[4]서부산!$Q$85 -> 100042.91 | Z12: =+[4]서부산!$R$85 -> 102387.1 | AA12: =+[5]서부산!$Q$85 -> 95281.804 | AB12: =+[4]서부산!$Q$89 -> 79142.507 | AC12: =+[4]서부산!$R$89 -> 81278.708 | AD12: =+[5]서부산!$Q$89 -> 78548.451 | AE12: =+Y12-AB12 -> 20900.406 | AF12: =+Z12-AC12 -> 21108.396 | AG12: =+AA12-AD12 -> 16733.353 | AI12: =+I12 -> 서부산 | AJ12: =+J12/$J$27 -> 0.090395582 | AK12: =+K12/$K$27 -> 0.069372798 | AL12: =+AK12-AJ12 -> -0.021022784 | AM12: =+Y12*AL12 -> -2103.1806 | AO12: =+[17]서부산!$T$5/[17]합계!$T$5 -> 0.093572299 | AP12: =+AK12-AO12 -> -0.024199501 | AQ12: =+[17]서부산!$Q$85*AP12 -> -2600.4742
B13: 김해 | G13: =+I13 -> 김해 | I13: 김해 | J13: =+IFERROR(HLOOKUP($B13,'[1]2월'!$D$6:$BN$259,2,),)/1000 -> 7 | K13: =+IFERROR(HLOOKUP($B13,'[2]2월'!$F$6:$CP$99,2,),)/1000 -> 5.282 | L13: =+K13-J13 -> -1.718 | M13: =+IFERROR(HLOOKUP($B13,'[3]2월'!$F$6:$CC$57,2,),)/1000 -> 4.58 | N13: =+K13-M13 -> 0.702 | O13: =+IFERROR(HLOOKUP($B13,'[1]2월'!$D$6:$BN$259,3,),)/1000 -> 684.93897 | P13: =+IFERROR(HLOOKUP($B13,'[2]2월'!$F$6:$CP$99,3,),)/1000 -> 541.1817 | Q13: =+P13-O13 -> -143.75727 | R13: =+IFERROR(HLOOKUP($B13,'[3]2월'!$F$6:$CC$57,3,),)/1000 -> 453.453 | S13: =+P13-R13 -> 87.7287 | T13: =+IFERROR(HLOOKUP($B13,'[1]2월'!$D$6:$BN$259,16,),)/1000 -> -14.53489 | U13: =+IFERROR(HLOOKUP($B13,'[2]2월'!$F$6:$CP$99,16,),)/1000 -> -36.280646 | V13: =+U13-T13 -> -21.745756 | W13: =+IFERROR(HLOOKUP($B13,'[3]2월'!$F$6:$CC$57,16,),)/1000 -> -73.487828 | X13: =+U13-W13 -> 37.207182 | Y13: =+[4]김해!$Q$85 -> 97848.424 | Z13: =+[4]김해!$R$85 -> 102457.72 | AA13: =+[5]김해!$Q$85 -> 99140.018 | AB13: =+[4]김해!$Q$89 -> 80075.457 | AC13: =+[4]김해!$R$89 -> 79308.164 | AD13: =+[5]김해!$Q$89 -> 83284.996 | AE13: =+Y13-AB13 -> 17772.967 | AF13: =+Z13-AC13 -> 23149.56 | AG13: =+AA13-AD13 -> 15855.022 | AI13: =+I13 -> 김해 | AJ13: =+J13/$J$27 -> 0.039548067 | AK13: =+K13/$K$27 -> 0.031068943 | AL13: =+AK13-AJ13 -> -0.0084791239 | AM13: =+Y13*AL13 -> -829.66891 | AO13: =+[17]김해!$T$5/[17]합계!$T$5 -> 0.025823229 | AP13: =+AK13-AO13 -> 0.0052457144 | AQ13: =+[17]김해!$Q$85*AP13 -> 470.09237
B14: 정관 | G14: =+I14 -> 정관 | I14: 정관 | J14: =+IFERROR(HLOOKUP($B14,'[1]2월'!$D$6:$BN$259,2,),)/1000 -> 18 | K14: =+IFERROR(HLOOKUP($B14,'[2]2월'!$F$6:$CP$99,2,),)/1000 -> 10.532 | L14: =+K14-J14 -> -7.468 | M14: =+IFERROR(HLOOKUP($B14,'[3]2월'!$F$6:$CC$57,2,),)/1000 -> 18.366 | N14: =+K14-M14 -> -7.834 | O14: =+IFERROR(HLOOKUP($B14,'[1]2월'!$D$6:$BN$259,3,),)/1000 -> 1797.8067 | P14: =+IFERROR(HLOOKUP($B14,'[2]2월'!$F$6:$CP$99,3,),)/1000 -> 1143.2859 | Q14: =+P14-O14 -> -654.52077 | R14: =+IFERROR(HLOOKUP($B14,'[3]2월'!$F$6:$CC$57,3,),)/1000 -> 1908.4609 | S14: =+P14-R14 -> -765.175 | T14: =+IFERROR(HLOOKUP($B14,'[1]2월'!$D$6:$BN$259,16,),)/1000 -> 71.756078 | U14: =+IFERROR(HLOOKUP($B14,'[2]2월'!$F$6:$CP$99,16,),)/1000 -> -47.580852 | V14: =+U14-T14 -> -119.33693 | W14: =+IFERROR(HLOOKUP($B14,'[3]2월'!$F$6:$CC$57,16,),)/1000 -> 150.8114 | X14: =+U14-W14 -> -198.39225 | Y14: =+[4]정관!$Q$85 -> 99878.149 | Z14: =+[4]정관!$R$85 -> 108553.54 | AA14: =+[5]정관!$Q$85 -> 103912.71 | AB14: =+[4]정관!$Q$89 -> 84282.857 | AC14: =+[4]정관!$R$89 -> 87864.808 | AD14: =+[5]정관!$Q$89 -> 85082.054 | AE14: =+Y14-AB14 -> 15595.291 | AF14: =+Z14-AC14 -> 20688.733 | AG14: =+AA14-AD14 -> 18830.66 | AI14: =+I14 -> 정관 | AJ14: =+J14/$J$27 -> 0.10169503 | AK14: =+K14/$K$27 -> 0.061949661 | AL14: =+AK14-AJ14 -> -0.039745369 | AM14: =+Y14*AL14 -> -3969.6938 | AO14: =+[17]정관!$T$5/[17]합계!$T$5 -> 0.057284643 | AP14: =+AK14-AO14 -> 0.0046650183 | AQ14: =+[17]정관!$Q$85*AP14 -> 471.559
B15: 양산 | G15: =+I15 -> 양산 | I15: 양산 | J15: =+IFERROR(HLOOKUP($B15,'[1]2월'!$D$6:$BN$259,2,),)/1000 -> 6 | K15: =+IFERROR(HLOOKUP($B15,'[2]2월'!$F$6:$CP$99,2,),)/1000 -> 3.393 | L15: =+K15-J15 -> -2.607 | M15: =+IFERROR(HLOOKUP($B15,'[3]2월'!$F$6:$CC$57,2,),)/1000 -> 8.188 | N15: =+K15-M15 -> -4.795 | O15: =+IFERROR(HLOOKUP($B15,'[1]2월'!$D$6:$BN$259,3,),)/1000 -> 576.63294 | P15: =+IFERROR(HLOOKUP($B15,'[2]2월'!$F$6:$CP$99,3,),)/1000 -> 360.5571 | Q15: =+P15-O15 -> -216.07584 | R15: =+IFERROR(HLOOKUP($B15,'[3]2월'!$F$6:$CC$57,3,),)/1000 -> 791.5705 | S15: =+P15-R15 -> -431.0134 | T15: =+IFERROR(HLOOKUP($B15,'[1]2월'!$D$6:$BN$259,16,),)/1000 -> -26.949417 | U15: =+IFERROR(HLOOKUP($B15,'[2]2월'!$F$6:$CP$99,16,),)/1000 -> -66.233686 | V15: =+U15-T15 -> -39.284269 | W15: =+IFERROR(HLOOKUP($B15,'[3]2월'!$F$6:$CC$57,16,),)/1000 -> 32.887764 | X15: =+U15-W15 -> -99.12145 | Y15: =+[4]양산!$Q$85 -> 96105.49 | Z15: =+[4]양산!$R$85 -> 106264.99 | AA15: =+[5]양산!$Q$85 -> 96674.463 | AB15: =+[4]양산!$Q$89 -> 77253.829 | AC15: =+[4]양산!$R$89 -> 82411.796 | AD15: =+[5]양산!$Q$89 -> 74256.725 | AE15: =+Y15-AB15 -> 18851.66 | AF15: =+Z15-AC15 -> 23853.19 | AG15: =+AA15-AD15 -> 22417.738 | AI15: =+I15 -> 양산 | AJ15: =+J15/$J$27 -> 0.033898343 | AK15: =+K15/$K$27 -> 0.019957767 | AL15: =+AK15-AJ15 -> -0.013940576 | AM15: =+Y15*AL15 -> -1339.7659 | AO15: =+[17]양산!$T$5/[17]합계!$T$5 -> 0.029417359 | AP15: =+AK15-AO15 -> -0.0094595922 | AQ15: =+[17]양산!$Q$85*AP15 -> -925.48316
B16: 창원 | G16: =+I16 -> 창원 | I16: 창원 | J16: =+IFERROR(HLOOKUP($B16,'[1]2월'!$D$6:$BN$259,2,),)/1000 -> 8.5 | K16: =+IFERROR(HLOOKUP($B16,'[2]2월'!$F$6:$CP$99,2,),)/1000 -> 9.434 | L16: =+K16-J16 -> 0.934 | M16: =+IFERROR(HLOOKUP($B16,'[3]2월'!$F$6:$CC$57,2,),)/1000 -> 10.864 | N16: =+K16-M16 -> -1.43 | O16: =+IFERROR(HLOOKUP($B16,'[1]2월'!$D$6:$BN$259,3,),)/1000 -> 834.0879 | P16: =+IFERROR(HLOOKUP($B16,'[2]2월'!$F$6:$CP$99,3,),)/1000 -> 889.2288 | Q16: =+P16-O16 -> 55.140904 | R16: =+IFERROR(HLOOKUP($B16,'[3]2월'!$F$6:$CC$57,3,),)/1000 -> 1085.93 | S16: =+P16-R16 -> -196.70125 | T16: =+IFERROR(HLOOKUP($B16,'[1]2월'!$D$6:$BN$259,16,),)/1000 -> -6.3142939 | U16: =+IFERROR(HLOOKUP($B16,'[2]2월'!$F$6:$CP$99,16,),)/1000 -> -25.872475 | V16: =+U16-T16 -> -19.558181 | W16: =+IFERROR(HLOOKUP($B16,'[3]2월'!$F$6:$CC$57,16,),)/1000 -> 108.75022 | X16: =+U16-W16 -> -134.6227 | Y16: =+[4]창원!$Q$85 -> 98127.988 | Z16: =+[4]창원!$R$85 -> 94257.876 | AA16: =+[5]창원!$Q$85 -> 99956.742 | AB16: =+[4]창원!$Q$89 -> 79244.477 | AC16: =+[4]창원!$R$89 -> 75692.193 | AD16: =+[5]창원!$Q$89 -> 74426.787 | AE16: =+Y16-AB16 -> 18883.511 | AF16: =+Z16-AC16 -> 18565.683 | AG16: =+AA16-AD16 -> 25529.956 | AI16: =+I16 -> 창원 | AJ16: =+J16/$J$27 -> 0.048022653 | AK16: =+K16/$K$27 -> 0.05549118 | AL16: =+AK16-AJ16 -> 0.0074685267 | AM16: =+Y16*AL16 -> 732.8715 | AO16: =+[17]창원!$T$5/[17]합계!$T$5 -> 0.042584481 | AP16: =+AK16-AO16 -> 0.012906699 | AQ16: =+[17]창원!$Q$85*AP16 -> 1309.0616
B17: 대구 | G17: =+I17 -> 대구 | I17: 대구 | J17: =+IFERROR(HLOOKUP($B17,'[1]2월'!$D$6:$BN$259,2,),)/1000 -> 6.5 | K17: =+IFERROR(HLOOKUP($B17,'[2]2월'!$F$6:$CP$99,2,),)/1000 -> 4.393 | L17: =+K17-J17 -> -2.107 | M17: =+IFERROR(HLOOKUP($B17,'[3]2월'!$F$6:$CC$57,2,),)/1000 -> 9.434 | N17: =+K17-M17 -> -5.041 | O17: =+IFERROR(HLOOKUP($B17,'[1]2월'!$D$6:$BN$259,3,),)/1000 -> 586.52159 | P17: =+IFERROR(HLOOKUP($B17,'[2]2월'!$F$6:$CP$99,3,),)/1000 -> 379.72483 | Q17: =+P17-O17 -> -206.79676 | R17: =+IFERROR(HLOOKUP($B17,'[3]2월'!$F$6:$CC$57,3,),)/1000 -> 882.50667 | S17: =+P17-R17 -> -502.78184 | T17: =+IFERROR(HLOOKUP($B17,'[1]2월'!$D$6:$BN$259,16,),)/1000 -> -25.107902 | U17: =+IFERROR(HLOOKUP($B17,'[2]2월'!$F$6:$CP$99,16,),)/1000 -> -89.101347 | V17: =+U17-T17 -> -63.993445 | W17: =+IFERROR(HLOOKUP($B17,'[3]2월'!$F$6:$CC$57,16,),)/1000 -> 11.519029 | X17: =+U17-W17 -> -100.62038 | Y17: =+[4]대구!$Q$85 -> 90234.09 | Z17: =+[4]대구!$R$85 -> 86438.613 | AA17: =+[5]대구!$Q$85 -> 93545.333 | AB17: =+[4]대구!$Q$89 -> 73047.936 | AC17: =+[4]대구!$R$89 -> 71234.762 | AD17: =+[5]대구!$Q$89 -> 76356.339 | AE17: =+Y17-AB17 -> 17186.155 | AF17: =+Z17-AC17 -> 15203.851 | AG17: =+AA17-AD17 -> 17188.994 | AI17: =+I17 -> 대구 | AJ17: =+J17/$J$27 -> 0.036723205 | AK17: =+K17/$K$27 -> 0.025839808 | AL17: =+AK17-AJ17 -> -0.010883397 | AM17: =+Y17*AL17 -> -982.05342 | AO17: =+[17]대구!$T$5/[17]합계!$T$5 -> 0.015321896 | AP17: =+AK17-AO17 -> 0.010517912 | AQ17: =+[17]대구!$Q$85*AP17 -> 975.92065
B18: 울산 | G18: =+I18 -> 울산 | I18: 울산 | J18: =+IFERROR(HLOOKUP($B18,'[1]2월'!$D$6:$BN$259,2,),)/1000 -> 5.5 | K18: =+IFERROR(HLOOKUP($B18,'[2]2월'!$F$6:$CP$99,2,),)/1000 -> 9.471 | L18: =+K18-J18 -> 3.971 | M18: =+IFERROR(HLOOKUP($B18,'[3]2월'!$F$6:$CC$57,2,),)/1000 -> 9.715 | N18: =+K18-M18 -> -0.244 | O18: =+IFERROR(HLOOKUP($B18,'[1]2월'!$D$6:$BN$259,3,),)/1000 -> 578.93985 | P18: =+IFERROR(HLOOKUP($B18,'[2]2월'!$F$6:$CP$99,3,),)/1000 -> 1044.54 | Q18: =+P18-O18 -> 465.60015 | R18: =+IFERROR(HLOOKUP($B18,'[3]2월'!$F$6:$CC$57,3,),)/1000 -> 1047.306 | S18: =+P18-R18 -> -2.766 | T18: =+IFERROR(HLOOKUP($B18,'[1]2월'!$D$6:$BN$259,16,),)/1000 -> -81.807409 | U18: =+IFERROR(HLOOKUP($B18,'[2]2월'!$F$6:$CP$99,16,),)/1000 -> 11.388659 | V18: =+U18-T18 -> 93.196068 | W18: =+IFERROR(HLOOKUP($B18,'[3]2월'!$F$6:$CC$57,16,),)/1000 -> 78.01652 | X18: =+U18-W18 -> -66.627861 | Y18: =+[4]울산!$Q$85 -> 105261.79 | Z18: =+[4]울산!$R$85 -> 110288.25 | AA18: =+[5]울산!$Q$85 -> 107802.99 | AB18: =+[4]울산!$Q$89 -> 93506.781 | AC18: =+[4]울산!$R$89 -> 89654.83 | AD18: =+[5]울산!$Q$89 -> 85472.134 | AE18: =+Y18-AB18 -> 11755.009 | AF18: =+Z18-AC18 -> 20633.419 | AG18: =+AA18-AD18 -> 22330.851 | AI18: =+I18 -> 울산 | AJ18: =+J18/$J$27 -> 0.031073481 | AK18: =+K18/$K$27 -> 0.055708815 | AL18: =+AK18-AJ18 -> 0.024635334 | AM18: =+Y18*AL18 -> 2593.1594 | AO18: =+[17]울산!$T$5/[17]합계!$T$5 -> 0.059902169 | AP18: =+AK18-AO18 -> -0.0041933538 | AQ18: =+[17]울산!$Q$85*AP18 -> -467.64191
B19: 아산 | G19: =+I19 -> 아산 | I19: 아산 | J19: =+IFERROR(HLOOKUP($B19,'[1]2월'!$D$6:$BN$259,2,),)/1000 -> 10 | K19: =+IFERROR(HLOOKUP($B19,'[2]2월'!$F$6:$CP$99,2,),)/1000 -> 15.899 | L19: =+K19-J19 -> 5.899 | M19: =+IFERROR(HLOOKUP($B19,'[3]2월'!$F$6:$CC$57,2,),)/1000 -> 17.767 | N19: =+K19-M19 -> -1.868 | O19: =+IFERROR(HLOOKUP($B19,'[1]2월'!$D$6:$BN$259,3,),)/1000 -> 987.18316 | P19: =+IFERROR(HLOOKUP($B19,'[2]2월'!$F$6:$CP$99,3,),)/1000 -> 1625.0633 | Q19: =+P19-O19 -> 637.88015 | R19: =+IFERROR(HLOOKUP($B19,'[3]2월'!$F$6:$CC$57,3,),)/1000 -> 1783.0426 | S19: =+P19-R19 -> -157.97929 | T19: =+IFERROR(HLOOKUP($B19,'[1]2월'!$D$6:$BN$259,16,),)/1000 -> -64.53117 | U19: =+IFERROR(HLOOKUP($B19,'[2]2월'!$F$6:$CP$99,16,),)/1000 -> -9.287506 | V19: =+U19-T19 -> 55.243664 | W19: =+IFERROR(HLOOKUP($B19,'[3]2월'!$F$6:$CC$57,16,),)/1000 -> 71.697309 | X19: =+U19-W19 -> -80.984815 | Y19: =+[4]아산!$Q$85 -> 98718.316 | Z19: =+[4]아산!$R$85 -> 102211.67 | AA19: =+[5]아산!$Q$85 -> 100356.99 | AB19: =+[4]아산!$Q$89 -> 80564.17 | AC19: =+[4]아산!$R$89 -> 85417.311 | AD19: =+[5]아산!$Q$89 -> 83852.328 | AE19: =+Y19-AB19 -> 18154.146 | AF19: =+Z19-AC19 -> 16794.357 | AG19: =+AA19-AD19 -> 16504.66 | AI19: =+I19 -> 아산 | AJ19: =+J19/$J$27 -> 0.056497239 | AK19: =+K19/$K$27 -> 0.093518578 | AL19: =+AK19-AJ19 -> 0.037021339 | AM19: =+Y19*AL19 -> 3654.6843 | AO19: =+[17]아산!$T$5/[17]합계!$T$5 -> 0.082347029 | AP19: =+AK19-AO19 -> 0.011171549 | AQ19: =+[17]아산!$Q$85*AP19 -> 1160.0072
B20: 전주 | G20: =+I20 -> 전주 | I20: 전주 | J20: =+IFERROR(HLOOKUP($B20,'[1]2월'!$D$6:$BN$259,2,),)/1000 -> 6 | K20: =+IFERROR(HLOOKUP($B20,'[2]2월'!$F$6:$CP$99,2,),)/1000 -> 6.723 | L20: =+K20-J20 -> 0.723 | M20: =+IFERROR(HLOOKUP($B20,'[3]2월'!$F$6:$CC$57,2,),)/1000 -> 13.0765 | N20: =+K20-M20 -> -6.3535 | O20: =+IFERROR(HLOOKUP($B20,'[1]2월'!$D$6:$BN$259,3,),)/1000 -> 610.59942 | P20: =+IFERROR(HLOOKUP($B20,'[2]2월'!$F$6:$CP$99,3,),)/1000 -> 640.76605 | Q20: =+P20-O20 -> 30.166628 | R20: =+IFERROR(HLOOKUP($B20,'[3]2월'!$F$6:$CC$57,3,),)/1000 -> 1256.9671 | S20: =+P20-R20 -> -616.20107 | T20: =+IFERROR(HLOOKUP($B20,'[1]2월'!$D$6:$BN$259,16,),)/1000 -> -28.142013 | U20: =+IFERROR(HLOOKUP($B20,'[2]2월'!$F$6:$CP$99,16,),)/1000 -> -75.588009 | V20: =+U20-T20 -> -47.445996 | W20: =+IFERROR(HLOOKUP($B20,'[3]2월'!$F$6:$CC$57,16,),)/1000 -> 149.1804 | X20: =+U20-W20 -> -224.76841 | Y20: =+[4]전주!$Q$85 -> 101766.57 | Z20: =+[4]전주!$R$85 -> 95309.542 | AA20: =+[5]전주!$Q$85 -> 96124.125 | AB20: =+[4]전주!$Q$89 -> 79902.404 | AC20: =+[4]전주!$R$89 -> 80533.023 | AD20: =+[5]전주!$Q$89 -> 73533.899 | AE20: =+Y20-AB20 -> 21864.166 | AF20: =+Z20-AC20 -> 14776.519 | AG20: =+AA20-AD20 -> 22590.226 | AI20: =+I20 -> 전주 | AJ20: =+J20/$J$27 -> 0.033898343 | AK20: =+K20/$K$27 -> 0.039544965 | AL20: =+AK20-AJ20 -> 0.0056466219 | AM20: =+Y20*AL20 -> 574.63734 | AO20: =+[17]전주!$T$5/[17]합계!$T$5 -> 0.046334754 | AP20: =+AK20-AO20 -> -0.0067897885 | AQ20: =+[17]전주!$Q$85*AP20 -> -692.5303
B21: 군산 | G21: =+I21 -> 군산 | I21: 군산 | J21: =+IFERROR(HLOOKUP($B21,'[1]2월'!$D$6:$BN$259,2,),)/1000 -> 2.5 | K21: =+IFERROR(HLOOKUP($B21,'[2]2월'!$F$6:$CP$99,2,),)/1000 -> 1.991 | L21: =+K21-J21 -> -0.509 | M21: =+IFERROR(HLOOKUP($B21,'[3]2월'!$F$6:$CC$57,2,),)/1000 -> 3.896 | N21: =+K21-M21 -> -1.905 | O21: =+IFERROR(HLOOKUP($B21,'[1]2월'!$D$6:$BN$259,3,),)/1000 -> 289.45889 | P21: =+IFERROR(HLOOKUP($B21,'[2]2월'!$F$6:$CP$99,3,),)/1000 -> 216.91014 | Q21: =+P21-O21 -> -72.548758 | R21: =+IFERROR(HLOOKUP($B21,'[3]2월'!$F$6:$CC$57,3,),)/1000 -> 414.87225 | S21: =+P21-R21 -> -197.96211 | T21: =+IFERROR(HLOOKUP($B21,'[1]2월'!$D$6:$BN$259,16,),)/1000 -> 11.36952 | U21: =+IFERROR(HLOOKUP($B21,'[2]2월'!$F$6:$CP$99,16,),)/1000 -> -20.390283 | V21: =+U21-T21 -> -31.759803 | W21: =+IFERROR(HLOOKUP($B21,'[3]2월'!$F$6:$CC$57,16,),)/1000 -> 57.866905 | X21: =+U21-W21 -> -78.257188 | Y21: =+[4]군산!$Q$85 -> 115783.56 | Z21: =+[4]군산!$R$85 -> 108945.32 | AA21: =+[5]군산!$Q$85 -> 106486.72 | AB21: =+[4]군산!$Q$89 -> 76837.808 | AC21: =+[4]군산!$R$89 -> 72951.092 | AD21: =+[5]군산!$Q$89 -> 71564.787 | AE21: =+Y21-AB21 -> 38945.75 | AF21: =+Z21-AC21 -> 35994.23 | AG21: =+AA21-AD21 -> 34921.93 | AI21: =+I21 -> 군산 | AJ21: =+J21/$J$27 -> 0.01412431 | AK21: =+K21/$K$27 -> 0.011711145 | AL21: =+AK21-AJ21 -> -0.002413165 | AM21: =+Y21*AL21 -> -279.40483 | AO21: =+[17]군산!$T$5/[17]합계!$T$5 -> 0.011739122 | AP21: =+AK21-AO21 -> -2.797709e-05 | AQ21: =+[17]군산!$Q$85*AP21 -> -3.3330957
B22: 원주 | G22: =+I22 -> 원주 | I22: 원주 | J22: =+IFERROR(HLOOKUP($B22,'[1]2월'!$D$6:$BN$259,2,),)/1000 -> 2.9998 | K22: =+IFERROR(HLOOKUP($B22,'[2]2월'!$F$6:$CP$99,2,),)/1000 -> 1.475 | L22: =+K22-J22 -> -1.5248 | M22: =+IFERROR(HLOOKUP($B22,'[3]2월'!$F$6:$CC$57,2,),)/1000 -> 1.228 | N22: =+K22-M22 -> 0.247 | O22: =+IFERROR(HLOOKUP($B22,'[1]2월'!$D$6:$BN$259,3,),)/1000 -> 344.38257 | P22: =+IFERROR(HLOOKUP($B22,'[2]2월'!$F$6:$CP$99,3,),)/1000 -> 189.4369 | Q22: =+P22-O22 -> -154.94567 | R22: =+IFERROR(HLOOKUP($B22,'[3]2월'!$F$6:$CC$57,3,),)/1000 -> 138.4771 | S22: =+P22-R22 -> 50.9598 | T22: =+IFERROR(HLOOKUP($B22,'[1]2월'!$D$6:$BN$259,16,),)/1000 -> 33.348804 | U22: =+IFERROR(HLOOKUP($B22,'[2]2월'!$F$6:$CP$99,16,),)/1000 -> -24.850722 | V22: =+U22-T22 -> -58.199526 | W22: =+IFERROR(HLOOKUP($B22,'[3]2월'!$F$6:$CC$57,16,),)/1000 -> -36.517007 | X22: =+U22-W22 -> 11.666285 | Y22: =+[4]원주!$Q$85 -> 114801.84 | Z22: =+[4]원주!$R$85 -> 128431.8 | AA22: =+[5]원주!$Q$85 -> 112766.37 | AB22: =+[4]원주!$Q$89 -> 74199.59 | AC22: =+[4]원주!$R$89 -> 81521.713 | AD22: =+[5]원주!$Q$89 -> 75882.36 | AE22: =+Y22-AB22 -> 40602.252 | AF22: =+Z22-AC22 -> 46910.083 | AG22: =+AA22-AD22 -> 36884.008 | AI22: =+I22 -> 원주 | AJ22: =+J22/$J$27 -> 0.016948042 | AK22: =+K22/$K$27 -> 0.0086760113 | AL22: =+AK22-AJ22 -> -0.0082720305 | AM22: =+Y22*AL22 -> -949.64434 | AO22: =+[17]원주!$T$5/[17]합계!$T$5 -> 0.012182 | AP22: =+AK22-AO22 -> -0.0035059891 | AQ22: =+[17]원주!$Q$85*AP22 -> -436.71306
B23: 제주 | F23: =+K27-J27 -> -6.9908 | G23: =+I23 -> 제주 | I23: 제주 | J23: =+IFERROR(HLOOKUP($B23,'[1]2월'!$D$6:$BN$259,2,),)/1000 -> 5 | K23: =+IFERROR(HLOOKUP($B23,'[2]2월'!$F$6:$CP$99,2,),)/1000 -> 3.229 | L23: =+K23-J23 -> -1.771 | M23: =+IFERROR(HLOOKUP($B23,'[3]2월'!$F$6:$CC$57,2,),)/1000 -> 4.678 | N23: =+K23-M23 -> -1.449 | O23: =+IFERROR(HLOOKUP($B23,'[1]2월'!$D$6:$BN$259,3,),)/1000 -> 601.3391 | P23: =+IFERROR(HLOOKUP($B23,'[2]2월'!$F$6:$CP$99,3,),)/1000 -> 416.63115 | Q23: =+P23-O23 -> -184.70795 | R23: =+IFERROR(HLOOKUP($B23,'[3]2월'!$F$6:$CC$57,3,),)/1000 -> 565.73136 | S23: =+P23-R23 -> -149.10021 | T23: =+IFERROR(HLOOKUP($B23,'[1]2월'!$D$6:$BN$259,16,),)/1000 -> 26.361966 | U23: =+IFERROR(HLOOKUP($B23,'[2]2월'!$F$6:$CP$99,16,),)/1000 -> -7.498015 | V23: =+U23-T23 -> -33.859981 | W23: =+IFERROR(HLOOKUP($B23,'[3]2월'!$F$6:$CC$57,16,),)/1000 -> 53.836508 | X23: =+U23-W23 -> -61.334523 | Y23: =+[4]제주!$Q$85 -> 120267.82 | Z23: =+[4]제주!$R$85 -> 129027.92 | AA23: =+[5]제주!$Q$85 -> 120936.46 | AB23: =+[4]제주!$Q$89 -> 94758.915 | AC23: =+[4]제주!$R$89 -> 98460.087 | AD23: =+[5]제주!$Q$89 -> 89525.331 | AE23: =+Y23-AB23 -> 25508.905 | AF23: =+Z23-AC23 -> 30567.833 | AG23: =+AA23-AD23 -> 31411.133 | AI23: =+I23 -> 제주 | AJ23: =+J23/$J$27 -> 0.028248619 | AK23: =+K23/$K$27 -> 0.018993112 | AL23: =+AK23-AJ23 -> -0.0092555074 | AM23: =+Y23*AL23 -> -1113.1397 | AO23: =+[17]제주!$T$5/[17]합계!$T$5 -> 0.021669823 | AP23: =+AK23-AO23 -> -0.0026767105 | AQ23: =+[17]제주!$Q$85*AP23 -> -329.21777
F24: =+K24/J24 -> 0.99652239 | G24: =+I24 -> 수도권 | I24: 수도권 | J24: =SUM(J7:J10) -> 67 | K24: =SUM(K7:K10) -> 66.767 | L24: =+K24-J24 -> -0.233 | M24: =SUM(M7:M10) -> 74.2395 | N24: =+K24-M24 -> -7.4725 | O24: =SUM(O7:O10) -> 6582.5606 | P24: =SUM(P7:P10) -> 6845.202 | Q24: =+P24-O24 -> 262.64147 | R24: =SUM(R7:R10) -> 7199.5675 | S24: =+P24-R24 -> -354.36544 | T24: =SUM(T7:T10) -> -84.22563 | U24: =SUM(U7:U10) -> -192.26995 | V24: =+U24-T24 -> -108.04432 | W24: =SUM(W7:W10) -> 126.59635 | X24: =+U24-W24 -> -318.8663 | Y24: =+[4]수도권!$Q$85 -> 98247.173 | Z24: =+[4]수도권!$R$85 -> 102553.11 | AA24: =+[5]수도권!$Q$85 -> 96965.552 | AB24: =+[4]수도권!$Q$89 -> 83866.501 | AC24: =+[4]수도권!$R$89 -> 87993.51 | AD24: =+[5]수도권!$Q$89 -> 82274.26 | AE24: =+Y24-AB24 -> 14380.672 | AF24: =+Z24-AC24 -> 14559.601 | AG24: =+AA24-AD24 -> 14691.292 | AI24: =+I24 -> 수도권 | AJ24: =+J24/$J$27 -> 0.3785315 | AK24: =+K24/$K$27 -> 0.39272627 | AL24: =+AK24-AJ24 -> 0.014194766 | AM24: =+Y24*AL24 -> 1394.5957 | AO24: =+[17]수도권!$T$5/[17]합계!$T$5 -> 0.3793823 | AP24: =+AK24-AO24 -> 0.01334397 | AQ24: =+[17]수도권!$Q$85*AP24 -> 1390.2918
F25: =+K25/J25 -> 0.88532934 | G25: =+I25 -> 영남권 | I25: 영남권 | J25: =SUM(J11:J18) -> 83.5 | K25: =SUM(K11:K18) -> 73.925 | L25: =+K25-J25 -> -9.575 | M25: =SUM(M11:M18) -> 95.894 | N25: =+K25-M25 -> -21.969 | O25: =SUM(O11:O18) -> 8383.0435 | P25: =SUM(P11:P18) -> 7847.8367 | Q25: =+P25-O25 -> -535.20681 | R25: =SUM(R11:R18) -> 9664.1098 | S25: =+P25-R25 -> -1816.2731 | T25: =SUM(T11:T18) -> 110.33957 | U25: =SUM(U11:U18) -> -51.934856 | V25: =+U25-T25 -> -162.27442 | W25: =SUM(W11:W18) -> 519.31218 | X25: =+U25-W25 -> -571.24703 | Y25: =+[4]영남권!$Q$85 -> 100395.73 | Z25: =+[4]영남권!$R$85 -> 106159.44 | AA25: =+[5]영남권!$Q$85 -> 100787.78 | AB25: =+[4]영남권!$Q$89 -> 82251.506 | AC25: =+[4]영남권!$R$89 -> 84539.519 | AD25: =+[5]영남권!$Q$89 -> 80685.912 | AE25: =+Y25-AB25 -> 18144.224 | AF25: =+Z25-AC25 -> 21619.922 | AG25: =+AA25-AD25 -> 20101.873 | AI25: =+I25 -> 영남권 | AJ25: =+J25/$J$27 -> 0.47175195 | AK25: =+K25/$K$27 -> 0.43482992 | AL25: =+AK25-AJ25 -> -0.036922025 | AM25: =+Y25*AL25 -> -3706.8136 | AO25: =+[17]영남권!$T$5/[17]합계!$T$5 -> 0.44634497 | AP25: =+AK25-AO25 -> -0.011515053 | AQ25: =+[17]영남권!$Q$85*AP25 -> -1239.5438
F26: =+K26/J26 -> 1.1063102 | G26: =+I26 -> 중부권 | I26: 중부권 | J26: =SUM(J19:J23) -> 26.4998 | K26: =SUM(K19:K23) -> 29.317 | L26: =+K26-J26 -> 2.8172 | M26: =SUM(M19:M23) -> 40.6455 | N26: =+K26-M26 -> -11.3285 | O26: =SUM(O19:O23) -> 2832.9631 | P26: =SUM(P19:P23) -> 3088.8075 | Q26: =+P26-O26 -> 255.84441 | R26: =SUM(R19:R23) -> 4159.0904 | S26: =+P26-R26 -> -1070.2829 | T26: =SUM(T19:T23) -> -21.592893 | U26: =SUM(U19:U23) -> -137.61454 | V26: =+U26-T26 -> -116.02164 | W26: =SUM(W19:W23) -> 296.06412 | X26: =+U26-W26 -> -433.67865 | Y26: =+[4]중부권!$Q$85 -> 106905.08 | Z26: =+[4]중부권!$R$85 -> 105358.92 | AA26: =+[5]중부권!$Q$85 -> 102295.48 | AB26: =+[4]중부권!$Q$89 -> 82020.587 | AC26: =+[4]중부권!$R$89 -> 84681.57 | AD26: =+[5]중부권!$Q$89 -> 79762.985 | AE26: =+Y26-AB26 -> 24884.489 | AF26: =+Z26-AC26 -> 20677.353 | AG26: =+AA26-AD26 -> 22532.494 | AI26: =+I26 -> 중부권 | AJ26: =+J26/$J$27 -> 0.14971655 | AK26: =+K26/$K$27 -> 0.17244381 | AL26: =+AK26-AJ26 -> 0.022727258 | AM26: =+Y26*AL26 -> 2429.6593 | AO26: =+[17]중부권!$T$5/[17]합계!$T$5 -> 0.17427273 | AP26: =+AK26-AO26 -> -0.0018289162 | AQ26: =+[17]중부권!$Q$85*AP26 -> -197.79507
F27: =+K27/M27 -> 0.80657466 | G27: =+K27/J27 -> 0.96050391 | H27: 레미콘 계 | J27: =SUM(J24:J26) -> 176.9998 | K27: =SUM(K24:K26) -> 170.009 | L27: =+K27-J27 -> -6.9908 | M27: =SUM(M24:M26) -> 210.779 | N27: =+K27-M27 -> -40.77 | O27: =SUM(O24:O26) -> 17798.567 | P27: =SUM(P24:P26) -> 17781.846 | Q27: =+P27-O27 -> -16.720929 | R27: =SUM(R24:R26) -> 21022.768 | S27: =+P27-R27 -> -3240.9215 | T27: =SUM(T24:T26) -> 4.5210444 | U27: =SUM(U24:U26) -> -381.81934 | V27: =+U27-T27 -> -386.34039 | W27: =SUM(W24:W26) -> 941.97265 | X27: =+U27-W27 -> -1323.792 | Y27: =+[4]합계!$Q$85 -> 100556.99 | Z27: =+[4]합계!$R$85 -> 104606.76 | AA27: =+[5]합계!$Q$85 -> 99735.994 | AB27: =+[4]합계!$Q$89 -> 82828.26 | AC27: =+[4]합계!$R$89 -> 85918.556 | AD27: =+[5]합계!$Q$89 -> 81063.082 | AE27: =+Y27-AB27 -> 17728.73 | AF27: =+Z27-AC27 -> 18688.207 | AG27: =+AA27-AD27 -> 18672.912 | AI27: 계 | AJ27: =+J27/$J$27 -> 1 | AK27: =+K27/$K$27 -> 1 | AL27: =+AK27-AJ27 -> 0 | AM27: =SUM(AM7:AM23) -> 80.884712 | AO27: =+[17]합계!$T$5/[17]합계!$T$5 -> 1 | AP27: =+AK27-AO27 -> 0 | AQ27: =SUM(AQ7:AQ23) -> -605.03988
B28: 건자재 | E28: 건자재영업 | G28: 건자재 | H28: 골재 | I28: 부산모래장 | J28: =+IFERROR(HLOOKUP($B29,'[1]2월'!$D$6:$BN$259,2,),)/1000 -> 18.18172 | K28: =+IFERROR(HLOOKUP($C29,'[2]2월'!$F$6:$CP$99,2,),)/1000 -> 16.342 | L28: =+K28-J28 -> -1.8397203 | M28: =+IFERROR(HLOOKUP($C29,'[3]2월'!$F$6:$CC$57,2,),)/1000 -> 24.573 | N28: =+K28-M28 -> -8.231 | O28: =+IFERROR(HLOOKUP($B29,'[1]2월'!$D$6:$BN$259,3,),)/1000 -> 517.37297 | P28: =+IFERROR(HLOOKUP($C29,'[2]2월'!$F$6:$CP$99,3,),)/1000 -> 469.16 | Q28: =+P28-O28 -> -48.212972 | R28: =+IFERROR(HLOOKUP($C29,'[3]2월'!$F$6:$CC$57,3,),)/1000 -> 679.8605 | S28: =+P28-R28 -> -210.7005 | T28: =+IFERROR(HLOOKUP($B29,'[1]2월'!$D$6:$BN$259,21,),)/1000 -> 5.0650077 | U28: =+IFERROR(HLOOKUP($C29,'[2]2월'!$F$6:$CP$99,21,),)/1000 -> 0.81868564 | V28: =+U28-T28 -> -4.246322 | W28: =+IFERROR(HLOOKUP($C29,'[3]2월'!$F$6:$CC$57,21,),)/1000 -> 5.3680995 | X28: =+U28-W28 -> -4.5494139 | Y28: □ 판매단가
B29: 부산모래장 | C29: 부산골재 | G29: =+I28 -> 부산모래장 | I29: 서부산CR | J29: =+IFERROR(HLOOKUP($B30,'[1]2월'!$D$6:$BN$259,2,),)/1000 -> 42.11298 | K29: =+IFERROR(HLOOKUP($C30,'[2]2월'!$F$6:$CP$99,2,),)/1000 -> 20.1 | L29: =+K29-J29 -> -22.01298 | M29: =+IFERROR(HLOOKUP($C30,'[3]2월'!$F$6:$CC$57,2,),)/1000 -> 12.95 | N29: =+K29-M29 -> 7.15 | O29: =+IFERROR(HLOOKUP($B30,'[1]2월'!$D$6:$BN$259,3,),)/1000 -> 535.69467 | P29: =+IFERROR(HLOOKUP($C30,'[2]2월'!$F$6:$CP$99,3,),)/1000 -> 288.368 | Q29: =+P29-O29 -> -247.32667 | R29: =+IFERROR(HLOOKUP($C30,'[3]2월'!$F$6:$CC$57,3,),)/1000 -> 179.002 | S29: =+P29-R29 -> 109.366 | T29: =+IFERROR(HLOOKUP($B30,'[1]2월'!$D$6:$BN$259,21,),)/1000 -> 30.712774 | U29: =+IFERROR(HLOOKUP($C30,'[2]2월'!$F$6:$CP$99,21,),)/1000 -> -48.133781 | V29: =+U29-T29 -> -78.846555 | W29: =+IFERROR(HLOOKUP($C30,'[3]2월'!$F$6:$CC$57,21,),)/1000 -> 2.8212828 | X29: =+U29-W29 -> -50.955064 | Y29: 구분 | Z29: 계획 | AA29: 실적 | AB29: 차이 | AC29: 전월 | AD29: 차이 | AE29: ○ 계획대비 차이 | AI29: ○ 전월대비 차이
B30: 서부산크라샤 | C30: 서부산골재 | G30: =+I29 -> 서부산CR | I30: 부산CR | J30: =+IFERROR(HLOOKUP($B31,'[1]2월'!$D$6:$BN$259,2,),)/1000 -> 0.001 | K30: =+IFERROR(HLOOKUP($C31,'[2]2월'!$F$6:$CP$99,2,),)/1000 -> 14.232 | L30: =+K30-J30 -> 14.231 | M30: =+IFERROR(HLOOKUP($C31,'[3]2월'!$F$6:$CC$57,2,),)/1000 -> 20.414 | N30: =+K30-M30 -> -6.182 | O30: =+IFERROR(HLOOKUP($B31,'[1]2월'!$D$6:$BN$259,3,),)/1000 -> 0 | P30: =+IFERROR(HLOOKUP($C31,'[2]2월'!$F$6:$CP$99,3,),)/1000 -> 287.0104 | Q30: =+P30-O30 -> 287.0104 | R30: =+IFERROR(HLOOKUP($C31,'[3]2월'!$F$6:$CC$57,3,),)/1000 -> 383.721 | S30: =+P30-R30 -> -96.7106 | T30: =+IFERROR(HLOOKUP($B31,'[1]2월'!$D$6:$BN$259,21,),)/1000 -> -153.09761 | U30: =+IFERROR(HLOOKUP($C31,'[2]2월'!$F$6:$CP$99,21,),)/1000 -> -119.68588 | V30: =+U30-T30 -> 33.411726 | W30: =+IFERROR(HLOOKUP($C31,'[3]2월'!$F$6:$CC$57,21,),)/1000 -> -106.33152 | X30: =+U30-W30 -> -13.354365 | Y30: 1군 | Z30: =+[18]영업계획!$H$7 -> 104918.32 | AA30: =+[19]합계!$D$94 -> 107321.91 | AB30: =+AA30-Z30 -> 2403.5898 | AC30: =+[19]합계!$C$105 -> 109597.28 | AD30: =+AA30-AC30 -> -2275.3677 | AE30: - 1군비율 : | AF30: =+(Z30-Z31)*AB36 -> 1024.6543 | AG30: 원/㎥ | AI30: - 1군비율 : | AJ30: =+(AC30-AC31)*AD36 -> -687.94142 | AK30: 원/㎥
B31: 부산크라샤 | C31: 부산크라샤 | G31: =+I30 -> 부산CR | H31: 골재 계 | J31: =SUM(J28:J30) -> 60.2957 | K31: =SUM(K28:K30) -> 50.674 | L31: =+K31-J31 -> -9.6217003 | M31: =SUM(M28:M30) -> 57.937 | N31: =+K31-M31 -> -7.263 | O31: =SUM(O28:O30) -> 1053.0676 | P31: =SUM(P28:P30) -> 1044.5384 | Q31: =+P31-O31 -> -8.5292454 | R31: =SUM(R28:R30) -> 1242.5835 | S31: =+P31-R31 -> -198.0451 | T31: =SUM(T28:T30) -> -117.31983 | U31: =SUM(U28:U30) -> -167.00098 | V31: =+U31-T31 -> -49.68115 | W31: =SUM(W28:W30) -> -98.142135 | X31: =+U31-W31 -> -68.858843 | Y31: 중소 | Z31: =+[18]영업계획!$H$10 -> 93112.156 | AA31: =+[19]합계!$D$93 -> 97667.596 | AB31: =+AA31-Z31 -> 4555.4405 | AC31: =+[19]합계!$C$93 -> 96700.469 | AD31: =+AA31-AC31 -> 967.12724 | AE31: - 강도 | AF31: =+AB35*120*10 -> 2052.6592 | AG31: 원/㎥ | AI31: - 강도 | AJ31: =+AD35*120*10 -> -979.19459 | AK31: 원/㎥
H32: 기타 | I32: 레미콘임대 | L32: =+K32-J32 -> 0 | N32: =+K32-M32 -> 0 | O32: =(IFERROR(HLOOKUP($B33,'[1]2월'!$D$6:$BN$259,3,),)++IFERROR(HLOOKUP($C33,'[1]2월'!$D$6:$BN$259,3,),)+IFERROR(HLOOKUP($D33,'[1]2월'!$D$6:$BN$259,3,),))/1000 -> 41.666667 | P32: =+IFERROR(HLOOKUP($E33,'[2]2월'!$F$6:$CP$99,3,),)/1000 -> 43.34 | Q32: =+P32-O32 -> 1.6733333 | R32: =+IFERROR(HLOOKUP($E33,'[3]2월'!$F$6:$CC$57,3,),)/1000 -> 90.84 | S32: =+P32-R32 -> -47.5 | T32: =(IFERROR(HLOOKUP($B33,'[1]2월'!$D$6:$BN$259,21,),)++IFERROR(HLOOKUP($C33,'[1]2월'!$D$6:$BN$259,21,),)+IFERROR(HLOOKUP($D33,'[1]2월'!$D$6:$BN$259,21,),))/1000 -> 29.628698 | U32: =+IFERROR(HLOOKUP($E33,'[2]2월'!$F$6:$CP$99,16,),)/1000 -> 23.702033 | V32: =+U32-T32 -> -5.9266647 | W32: =+IFERROR(HLOOKUP($E33,'[3]2월'!$F$6:$CC$57,16,),)/1000 -> 72.530954 | X32: =+U32-W32 -> -48.828921 | Y32: 평균 | Z32: =+[18]영업계획!$H$22 -> 100556.99 | AA32: =+[19]합계!$D$95 -> 104606.76 | AB32: =+AA32-Z32 -> 4049.7727 | AC32: =+[19]합계!$C$106 -> 106677.82 | AD32: =+AA32-AC32 -> -2071.0564 | AE32: - 중소단가 | AF32: =+AB32-AF30-AF31-AF34-AF33 -> 1530.3171 | AG32: 원/㎥ | AI32: - 중소단가 | AJ32: =+AD32-AJ30-AJ31-AJ34-AJ33 -> 583.58706 | AK32: 원/㎥
B33: 포항임대 | C33: 속초임대 | D33: 강릉임대 | E33: 레미콘임대 계 | G33: =+I32 -> 레미콘임대 | I33: 임대 | L33: =+K33-J33 -> 0 | M33: 0 | N33: =+K33-M33 -> 0 | O33: =(+IFERROR(HLOOKUP($B34,'[1]2월'!$D$6:$BN$259,3,),)+IFERROR(HLOOKUP($C34,'[1]2월'!$D$6:$BN$259,3,),))/1000 -> 80.096667 | P33: =+IFERROR(HLOOKUP($E34,'[2]2월'!$F$6:$CP$99,3,),)/1000 -> 12.009926 | Q33: =+P33-O33 -> -68.086741 | R33: =+IFERROR(HLOOKUP($E34,'[3]2월'!$F$6:$CC$57,3,),)/1000 -> 71.999518 | S33: =+P33-R33 -> -59.989592 | T33: =(+IFERROR(HLOOKUP($B34,'[1]2월'!$D$6:$BN$259,21,),)+IFERROR(HLOOKUP($C34,'[1]2월'!$D$6:$BN$259,21,),))/1000 -> 72.847673 | U33: =+IFERROR(HLOOKUP($E34,'[2]2월'!$F$6:$CP$99,16,),)/1000 -> 4.800373 | V33: =+U33-T33 -> -68.0473 | W33: =+IFERROR(HLOOKUP($E34,'[3]2월'!$F$6:$CC$57,16,),)/1000 -> 61.899625 | X33: =+U33-W33 -> -57.099252 | Y33: 1군 | Z33: =+'[20]예산대비 차이'!$L$15 -> 29.720029 | AA33: =+[21]평균강도집계!$R$27 -> 31.840643 | AB33: =+AA33-Z33 -> 2.1206133 | AC33: =+[21]평균강도집계!$Q$27 -> 32.113676 | AD33: =+AA33-AC33 -> -0.27303327 | AE33: - 1군소급 | AF33: =+-'[22]2026년 소급분(공장별)'!$D$6 -> -638.74258 | AG33: 원/㎥ | AI33: - 1군소급 | AJ33: =+-'[22]2026년 소급분(공장별)'!$D$6--'[22]2026년 소급분(공장별)'!$D$5 -> -382.46752 | AK33: 원/㎥
B34: 부동산임대 | C34: 주유소임대 | E34: 임대 계 | G34: =+I33 -> 임대 | I34: 공통비 | L34: =+K34-J34 -> 0 | N34: =+K34-M34 -> 0 | Q34: =+P34-O34 -> 0 | S34: =+P34-R34 -> 0 | T34: =-'[1]2월'!$Z$22/1000 -> -1285.2974 | U34: =+-'[2]2월'!$Z$22/1000 -> -1962.6589 | V34: =+U34-T34 -> -677.36148 | W34: =+-'[3]2월'!$Z$22/1000 -> -1276.8971 | X34: =+U34-W34 -> -685.76176 | Y34: 중소 | Z34: =+'[20]예산대비 차이'!$L$16 -> 26.939077 | AA34: =+[21]평균강도집계!$R$49 -> 26.769608 | AB34: =+AA34-Z34 -> -0.1694685 | AC34: =+[21]평균강도집계!$Q$49 -> 28.139713 | AD34: =+AA34-AC34 -> -1.370105 | AE34: - mix차이 | AF34: =+AM27 -> 80.884712 | AG34: 원/㎥ | AI34: - mix차이 | AJ34: =+AQ27 -> -605.03988 | AK34: 원/㎥
B35: 공 통 비 | G35: =+I34 -> 공통비 | I35: OPC 소급분 | N35: =+K35-M35 -> 0 | Q35: =+P35-O35 -> 0 | S35: =+P35-R35 -> 0 | U35: ='[2]2월'!$BD$26/1000 -> 361.08556 | V35: =+U35-T35 -> 361.08556 | W35: ='[3]2월'!$BD$26/1000 -> 0 | X35: =+U35-W35 -> 361.08556 | Y35: 강도 | Z35: =+'[20]예산대비 차이'!$L$18 -> 28.677232 | AA35: =+[21]평균강도집계!$R$71 -> 30.387782 | AB35: =+AA35-Z35 -> 1.7105494 | AC35: =+[23]합계!$Q$82 -> 31.203777 | AD35: =+AA35-AC35 -> -0.81599549 | AE35: - 합계 | AF35: =+SUM(AF30:AF34) -> 4049.7727 | AG35: 원/㎥ | AI35: - 합계 | AJ35: =+SUM(AJ30:AJ34) -> -2071.0564 | AK35: 원/㎥
G36: =+I35 -> OPC 소급분 | I36: 대손 | N36: =+K36-M36 -> 0 | Q36: =+P36-O36 -> 0 | S36: =+P36-R36 -> 0 | U36: ='[2]2월'!$BE$26/1000 -> 0 | V36: =+U36-T36 -> 0 | W36: ='[3]2월'!$BE$26/1000 -> 0 | X36: =+U36-W36 -> 0 | Y36: 1군비율 | Z36: =+[18]영업계획!$H$6/[18]영업계획!$H$21 -> 0.63498942 | AA36: =+[19]합계!$D$44 -> 0.72177918 | AB36: =+AA36-Z36 -> 0.086789761 | AC36: =+[19]합계!$C$44 -> 0.77512116 | AD36: =+AA36-AC36 -> -0.053341985
G37: =+I36 -> 대손 | I37: 미운영 공장 | M37: =SUM(M56:M61) -> 0 | N37: =+K37-M37 -> 0 | Q37: =+P37-O37 -> 0 | R37: =+IFERROR(HLOOKUP($I$37,'[3]2월'!$F$6:$BJ$50,3,),)/1000 -> 0 | S37: =+P37-R37 -> 0 | T37: =SUM('[1]2월'!$AM$26:$AQ$26)/1000 -> -12.762081 | U37: =+'[2]2월'!$BF$26/1000 -> -31.554266 | V37: =+U37-T37 -> -18.792185 | W37: =+'[3]2월'!$BF$26/1000 -> -31.585609 | X37: =+U37-W37 -> 0.031343 | Y37: ※ 1군소급 : 109백만원(2월) / 누계 : 154백만원
G38: =+I37 -> 미운영 공장 | I38: 퇴직위로금 | U38: =+'[2]2월'!$BG$26/1000 -> 0 | V38: =+U38-T38 -> 0 | X38: =+U38-W38 -> 0 | Y38: □ 결합재 | Z38: =+[4]합계!$S$15 -> 3109.372 | AA38: 원/㎥↑ | AI38: ○ 계획대비 차이
B39: 기타 계 | G39: =+I38 -> 퇴직위로금 | I39: 기타 | L39: =+K39-J39 -> 0 | N39: =+K39-M39 -> 0 | O39: =IFERROR(HLOOKUP($B39,'[1]2월'!$D$6:$BN$259,3,),)/1000 -> 1.77 | P39: =+('[2]2월'!$F$8-SUM('[2]2월'!$Z$8,'[2]2월'!$AH$8,'[2]2월'!$AN$8,'[2]2월'!$AO$8,'[2]2월'!$BA$8,'[2]2월'!$BD$8,'[2]2월'!$BE$8,'[2]2월'!$BF$8))/1000 -> 1.6413 | Q39: =+P39-O39 -> -0.1287 | R39: =+('[3]2월'!$F$8-SUM('[3]2월'!$Z$8,'[3]2월'!$AH$8,'[3]2월'!$AN$8,'[3]2월'!$AO$8,'[3]2월'!$BA$8,'[3]2월'!$BD$8,'[3]2월'!$BE$8,'[3]2월'!$BF$8))/1000 -> 1.67985 | S39: =+P39-R39 -> -0.03855 | T39: =+('[1]2월'!$E$26-'[1]2월'!$Z$26-'[1]2월'!$AA$26-'[1]2월'!$AE$26-'[1]2월'!$AL$26-'[1]2월'!$AM$26-'[1]2월'!$AN$26-'[1]2월'!$AO$26-'[1]2월'!$AP$26-'[1]2월'!$AQ$26-'[1]2월'!$AS$26+'[1]2월'!$AS$26)/1000 -> -42.352978 | U39: =+('[2]2월'!$F$26-SUM('[2]2월'!$Z$26,'[2]2월'!$AH$26,'[2]2월'!$AN$26,'[2]2월'!$AO$26,'[2]2월'!$BA$26,'[2]2월'!$BD$26,'[2]2월'!$BE$26,'[2]2월'!$BF$26))/1000-U38 -> -16.213385 | V39: =+U39-T39 -> 26.139593 | W39: =+('[3]2월'!$F$26-SUM('[3]2월'!$Z$26,'[3]2월'!$AH$26,'[3]2월'!$AN$26,'[3]2월'!$AO$26,'[3]2월'!$BA$26,'[3]2월'!$BD$26,'[3]2월'!$BE$26,'[3]2월'!$BF$26))/1000 -> -16.01009 | X39: =+U39-W39 -> -0.203295 | Y39: - 원단위 차이 : 1,916원/㎥(치환율 536원↓, 원단위 382원↑, 강도 2,070원↑) | AI39: - 치환율 | AJ39: =-[4]합계!$H$6 -> -127.2959 | AK39: 원/㎥
G40: =+I39 -> 기타 | H40: 기타 계 | J40: =SUM(J32:J39) -> 0 | K40: =SUM(K32:K39) -> 0 | L40: =+K40-J40 -> 0 | M40: =SUM(M32:M39) -> 0 | N40: =+K40-M40 -> 0 | O40: =SUM(O32:O39) -> 123.53333 | P40: =SUM(P32:P39) -> 56.991226 | Q40: =+P40-O40 -> -66.542107 | R40: =SUM(R32:R39) -> 164.51937 | S40: =+P40-R40 -> -107.52814 | T40: =SUM(T32:T39) -> -1237.9361 | U40: =SUM(U32:U39) -> -1620.8385 | V40: =+U40-T40 -> -382.90248 | W40: =SUM(W32:W39) -> -1190.0622 | X40: =+U40-W40 -> -430.77632 | Y40: - 단가 차이 : 1,193원/㎥(OPC 단가 3,000원/톤) | AI40: - 원단위 | AJ40: =([4]합계!$F$15-[4]합계!$E$15-AB35*10)*[4]합계!$G$15/1000 -> 381.53323 | AK40: 원/㎥
H41: 합계 | O41: =+O27+O31+O40 -> 18975.168 | P41: =+P27+P31+P40 -> 18883.376 | Q41: =+P41-O41 -> -91.792282 | R41: =+R27+R31+R40 -> 22429.871 | S41: =+P41-R41 -> -3546.4947 | T41: =+T27+T31+T40 -> -1350.7348 | U41: =+U27+U31+U40 -> -2169.6589 | V41: =+U41-T41 -> -818.92401 | W41: =+W27+W31+W40 -> -346.23171 | X41: =+U41-W41 -> -1823.4272 | AI41: - 강도 | AJ41: =[4]합계!$U$15-AJ39-AJ40 -> 1662.0421 | AK41: 원/㎥
G42: =+P41/O41 -> 0.9951625
H43: 건자재 | J43: =+IFERROR(HLOOKUP($B28,'[1]2월'!$D$6:$BN$259,2,),) -> 7000 | K43: =+IFERROR(HLOOKUP($E28,'[2]2월'!$F$6:$CP$99,2,),) -> 4982.936 | L43: =+K43-J43 -> -2017.064 | M43: =+IFERROR(HLOOKUP($E28,'[3]2월'!$F$6:$CC$57,2,),) -> 9724.523 | N43: =+K43-M43 -> -4741.587 | O43: =+IFERROR(HLOOKUP($B28,'[1]2월'!$D$6:$BN$259,3,),)/1000 -> 6724.6123 | P43: =+IFERROR(HLOOKUP($E28,'[2]2월'!$F$6:$CP$99,3,),)/1000 -> 4876.7031 | Q43: =+P43-O43 -> -1847.9092 | R43: =+IFERROR(HLOOKUP($E28,'[3]2월'!$F$6:$CC$57,3,),)/1000 -> 8276.9951 | S43: =+P43-R43 -> -3400.292 | T43: =+IFERROR(HLOOKUP($B28,'[1]2월'!$D$6:$BN$259,21,),)/1000 -> -36.496143 | U43: =+IFERROR(HLOOKUP($E28,'[2]2월'!$F$6:$CP$99,21,),)/1000 -> -81.299122 | V43: =+U43-T43 -> -44.802979 | W43: =+IFERROR(HLOOKUP($E28,'[3]2월'!$F$6:$CC$57,16,),)/1000 -> 10.861713 | X43: =+U43-W43 -> -92.160835 | Y43: □ 격려금 : 1066백만원(R 430백만원, 골재 34백만원) / 운반비 설명절 : 59백만원(8개 사업장)
H44: 합계 | O44: =+O41+O43 -> 25699.781 | P44: =+P41+P43 -> 23760.079 | Q44: =+P44-O44 -> -1939.7015 | R44: =+R41+R43 -> 30706.866 | S44: =+P44-R44 -> -6946.7867 | T44: =+T41+T43 -> -1387.231 | U44: =+U41+U43 -> -2250.958 | V44: =+U44-T44 -> -863.72699 | W44: =+W41+W43 -> -335.37 | X44: =+U44-W44 -> -1915.588
F48: =+K43/M43 -> 0.5124093 | G48: =+K43/J43 -> 0.711848 | I48: 확인 | J48: =+'[1]2월'!$Z$7/1000 -> 176.9998 | K48: =+'[2]2월'!$AI$7/1000 -> 170.009 | M48: =+'[3]2월'!$Z$7/1000 -> 210.779 | O48: =+'[1]2월'!$E$8/1000 -> 25699.781 | P48: =+'[2]2월'!$F$8/1000 -> 23760.079 | R48: =+'[3]2월'!$F$8/1000 -> 30706.866 | T48: =+'[1]2월'!$E$26/1000 -> -1387.231 | U48: =+'[2]2월'!$F$26/1000 -> -2250.958 | W48: =+'[3]2월'!$F$26/1000 -> -335.37
F49: =+K31/M31 -> 0.87463969 | G49: =+K31/J31 -> 0.84042477 | J49: =+J48-J27 -> 0 | K49: =+K48-K27 -> 0 | M49: =+M48-M27 -> 0 | O49: =+O48-O44 -> 0 | P49: =+P48-P44 -> 0 | R49: =+R48-R44 -> 0 | T49: =+T48-T44 -> 0 | U49: =+U48-U44 -> 0 | W49: =+W48-W44 -> 0
O51: =+O41-O43 -> 12250.556 | P51: =+P41-P43 -> 14006.673 | Q51: =+P51-O51 -> 1756.117
O52: =+O51/100 -> 122.50556 | P52: =+P51/100 -> 140.06673 | Q52: =+P52-O52 -> 17.56117 | S52: 레미콘 | T52: =(+T27+T34)/100 -> -12.807763 | U52: =(+U27+U34)/100 -> -23.444782 | V52: =+U52-T52 -> -10.637019 | W52: =+U52/T52-1 -> 0.83051337
Q53: =+P52/O52 -> 1.14335 | S53: 골재 | T53: =+T31/100 -> -1.1731983 | U53: =+U31/100 -> -1.6700098 | V53: =+U53-T53 -> -0.4968115
S54: 임대 | T54: =(T32+T33)/100 -> 1.0247637 | U54: =(U32+U33)/100 -> 0.28502406 | V54: =+U54-T54 -> -0.73973964
S55: 기타 | T55: =((T48-T43)/100)-T52-T53-T54 -> -0.55115059 | U55: =((U48-U43)/100)-U52-U53-U54 -> 3.1331791 | V55: =+U55-T55 -> 3.6843297
T56: =SUM(T54:T55) -> 0.47361311 | U56: =SUM(U54:U55) -> 3.4182031 | V56: =SUM(V54:V55) -> 2.94459
T57: =SUM(T52:T55) -> -13.507348 | U57: =SUM(U52:U55) -> -21.696589 | V57: =+U57-T57 -> -8.1892401
S60: 임대 | T60: =+(T32+T33)/100 -> 1.0247637 | U60: =+(U32+U33)/100 -> 0.28502406 | V60: =+U60-T60 -> -0.73973964
S61: =+I35 -> OPC 소급분 | T61: =+T35/100 -> 0 | U61: =+U35/100 -> 3.6108556 | V61: =+U61-T61 -> 3.6108556
S62: =+I36 -> 대손 | T62: =+T36/100 -> 0 | U62: =+U36/100 -> 0 | V62: =+U62-T62 -> 0
S63: =+I37 -> 미운영 공장 | T63: =+T37/100 -> -0.12762081 | U63: =+U37/100 -> -0.31554266 | V63: =+U63-T63 -> -0.18792185
S64: =+I39 -> 기타 | T64: =+T39/100 -> -0.42352978 | U64: =+U39/100 -> -0.16213385 | V64: =+U64-T64 -> 0.26139593
T65: =SUM(T60:T64) -> 0.47361311 | U65: =SUM(U60:U64) -> 3.4182031 | V65: =SUM(V60:V64) -> 2.94459
T68: =SUM(T32:T33,T35,T37:T39) -> 47.361311 | U68: =SUM(U32:U33,U35,U37:U39) -> 341.82031 | V68: =+U68-T68 -> 294.459
T70: =+T41-T43 -> -1314.2387 | U70: =+U41-U43 -> -2088.3597
T71: =+T70/100 -> -13.142387 | U71: =+U70/100 -> -20.883597 | V71: =+U71-T71 -> -7.7412103

Sheet 사업장별(누계)
H3: □ 사업장별 손익실적(2026-02누계)
AG4: [단위 : 천㎥, 톤, 백만원]
H5: 구분 | J5: 물량 | O5: 매출 | T5: 영업이익(공통비 배부전) | Y5: 판매단가 | AB5: 변동비 | AE5: 공헌이익
A6: 2024년 2월누계 마감 손익 | J6: 계획 | K6: 실적 | L6: 차이 | M6: 전년 | N6: 차이 | O6: 계획 | P6: 실적 | Q6: 차이 | R6: 전년 | S6: 차이 | T6: 계획 | U6: 실적 | V6: 차이 | W6: 전년 | X6: 차이 | Y6: 계획 | Z6: 실적 | AA6: 전년 | AB6: 계획 | AC6: 실적 | AD6: 전년 | AE6: 계획 | AF6: 실적 | AG6: 전년
B7: 안양 | G7: =+I7 -> 안양 | H7: 레미콘 | I7: 안양 | J7: =+IFERROR(HLOOKUP($B7,'[1]2월누계'!$D$6:$BN$259,2,),)/1000 -> 57 | K7: =+IFERROR(HLOOKUP($B7,'[2]2월누계'!$F$6:$CP$99,2,),)/1000 -> 59.991 | L7: =+K7-J7 -> 2.991 | M7: =+IFERROR(HLOOKUP($B7,'[3]2월누계'!$F$6:$CC$57,2,),)/1000 -> 62.102 | N7: =+K7-M7 -> -2.111 | O7: =+IFERROR(HLOOKUP($B7,'[1]2월누계'!$D$6:$BN$259,3,),)/1000 -> 5605.6513 | P7: =+IFERROR(HLOOKUP($B7,'[2]2월누계'!$F$6:$CP$99,3,),)/1000 -> 6382.2962 | Q7: =+P7-O7 -> 776.64487 | R7: =+IFERROR(HLOOKUP($B7,'[3]2월누계'!$F$6:$CC$57,3,),)/1000 -> 6088.3026 | S7: =+P7-R7 -> 293.99361 | T7: =+IFERROR(HLOOKUP($B7,'[1]2월누계'!$D$6:$BN$259,16,),)/1000 -> 285.75343 | U7: =+IFERROR(HLOOKUP($B7,'[2]2월누계'!$F$6:$CP$99,16,),)/1000 -> 384.63904 | V7: =+U7-T7 -> 98.885606 | W7: =+IFERROR(HLOOKUP($B7,'[3]2월누계'!$F$6:$CC$57,16,),)/1000 -> 353.64214 | X7: =+U7-W7 -> 30.996892 | Y7: =+[15]안양!$Q$85 -> 98344.76 | Z7: =+[15]안양!$R$85 -> 106387.56 | AA7: =+[16]안양!$Q$85 -> 98025.663 | AB7: =+[15]안양!$Q$89 -> 81857.904 | AC7: =+[15]안양!$R$89 -> 88596.362 | AD7: =+[16]안양!$Q$89 -> 82531.062 | AE7: =+Y7-AB7 -> 16486.856 | AF7: =+Z7-AC7 -> 17791.199 | AG7: =+AA7-AD7 -> 15494.601
B8: 인천 | G8: =+I8 -> 인천 | H8: 직영 | I8: 인천 | J8: =+IFERROR(HLOOKUP($B8,'[1]2월누계'!$D$6:$BN$259,2,),)/1000 -> 47 | K8: =+IFERROR(HLOOKUP($B8,'[2]2월누계'!$F$6:$CP$99,2,),)/1000 -> 43.34 | L8: =+K8-J8 -> -3.66 | M8: =+IFERROR(HLOOKUP($B8,'[3]2월누계'!$F$6:$CC$57,2,),)/1000 -> 37.389 | N8: =+K8-M8 -> 5.951 | O8: =+IFERROR(HLOOKUP($B8,'[1]2월누계'!$D$6:$BN$259,3,),)/1000 -> 4701.3537 | P8: =+IFERROR(HLOOKUP($B8,'[2]2월누계'!$F$6:$CP$99,3,),)/1000 -> 4441.4799 | Q8: =+P8-O8 -> -259.87385 | R8: =+IFERROR(HLOOKUP($B8,'[3]2월누계'!$F$6:$CC$57,3,),)/1000 -> 3697.3737 | S8: =+P8-R8 -> 744.10615 | T8: =+IFERROR(HLOOKUP($B8,'[1]2월누계'!$D$6:$BN$259,16,),)/1000 -> -65.318117 | U8: =+IFERROR(HLOOKUP($B8,'[2]2월누계'!$F$6:$CP$99,16,),)/1000 -> -108.80581 | V8: =+U8-T8 -> -43.487692 | W8: =+IFERROR(HLOOKUP($B8,'[3]2월누계'!$F$6:$CC$57,16,),)/1000 -> -176.5301 | X8: =+U8-W8 -> 67.724293 | Y8: =+[15]인천!$Q$85 -> 100028.8 | Z8: =+[15]인천!$R$85 -> 102525.09 | AA8: =+[16]인천!$Q$85 -> 98889.345 | AB8: =+[15]인천!$Q$89 -> 87297.99 | AC8: =+[15]인천!$R$89 -> 89895.044 | AD8: =+[16]인천!$Q$89 -> 87267.4 | AE8: =+Y8-AB8 -> 12730.813 | AF8: =+Z8-AC8 -> 12630.048 | AG8: =+AA8-AD8 -> 11621.945
B9: 파주 | G9: =+I9 -> 파주 | I9: 파주 | J9: =+IFERROR(HLOOKUP($B9,'[1]2월누계'!$D$6:$BN$259,2,),)/1000 -> 19 | K9: =+IFERROR(HLOOKUP($B9,'[2]2월누계'!$F$6:$CP$99,2,),)/1000 -> 15.925 | L9: =+K9-J9 -> -3.075 | M9: =+IFERROR(HLOOKUP($B9,'[3]2월누계'!$F$6:$CC$57,2,),)/1000 -> 18.888 | N9: =+K9-M9 -> -2.963 | O9: =+IFERROR(HLOOKUP($B9,'[1]2월누계'!$D$6:$BN$259,3,),)/1000 -> 1790.531 | P9: =+IFERROR(HLOOKUP($B9,'[2]2월누계'!$F$6:$CP$99,3,),)/1000 -> 1578.1172 | Q9: =+P9-O9 -> -212.41382 | R9: =+IFERROR(HLOOKUP($B9,'[3]2월누계'!$F$6:$CC$57,3,),)/1000 -> 1818.6236 | S9: =+P9-R9 -> -240.5064 | T9: =+IFERROR(HLOOKUP($B9,'[1]2월누계'!$D$6:$BN$259,16,),)/1000 -> -208.53352 | U9: =+IFERROR(HLOOKUP($B9,'[2]2월누계'!$F$6:$CP$99,16,),)/1000 -> -263.56188 | V9: =+U9-T9 -> -55.028358 | W9: =+IFERROR(HLOOKUP($B9,'[3]2월누계'!$F$6:$CC$57,16,),)/1000 -> -149.28401 | X9: =+U9-W9 -> -114.27787 | Y9: =+[15]파주!$Q$85 -> 94238.475 | Z9: =+[15]파주!$R$85 -> 99074.532 | AA9: =+[16]파주!$Q$85 -> 96284.604 | AB9: =+[15]파주!$Q$89 -> 80585.071 | AC9: =+[15]파주!$R$89 -> 88595.502 | AD9: =+[16]파주!$Q$89 -> 80397.388 | AE9: =+Y9-AB9 -> 13653.404 | AF9: =+Z9-AC9 -> 10479.03 | AG9: =+AA9-AD9 -> 15887.216
B10: 김포 | G10: =+I10 -> 김포 | I10: 김포 | J10: =+IFERROR(HLOOKUP($B10,'[1]2월누계'!$D$6:$BN$259,2,),)/1000 -> 16 | K10: =+IFERROR(HLOOKUP($B10,'[2]2월누계'!$F$6:$CP$99,2,),)/1000 -> 14.328 | L10: =+K10-J10 -> -1.672 | M10: =+IFERROR(HLOOKUP($B10,'[3]2월누계'!$F$6:$CC$57,2,),)/1000 -> 12.789 | N10: =+K10-M10 -> 1.539 | O10: =+IFERROR(HLOOKUP($B10,'[1]2월누계'!$D$6:$BN$259,3,),)/1000 -> 1609.4869 | P10: =+IFERROR(HLOOKUP($B10,'[2]2월누계'!$F$6:$CP$99,3,),)/1000 -> 1404.9734 | Q10: =+P10-O10 -> -204.51342 | R10: =+IFERROR(HLOOKUP($B10,'[3]2월누계'!$F$6:$CC$57,3,),)/1000 -> 1231.197 | S10: =+P10-R10 -> 173.77643 | T10: =+IFERROR(HLOOKUP($B10,'[1]2월누계'!$D$6:$BN$259,16,),)/1000 -> -96.434709 | U10: =+IFERROR(HLOOKUP($B10,'[2]2월누계'!$F$6:$CP$99,16,),)/1000 -> -220.93077 | V10: =+U10-T10 -> -124.49606 | W10: =+IFERROR(HLOOKUP($B10,'[3]2월누계'!$F$6:$CC$57,16,),)/1000 -> -154.20578 | X10: =+U10-W10 -> -66.724997 | Y10: =+[15]김포!$Q$85 -> 100592.93 | Z10: =+[15]김포!$R$85 -> 98054.886 | AA10: =+[16]김포!$Q$85 -> 96287.157 | AB10: =+[15]김포!$Q$89 -> 83191.4 | AC10: =+[15]김포!$R$89 -> 87423.416 | AD10: =+[16]김포!$Q$89 -> 82811.251 | AE10: =+Y10-AB10 -> 17401.529 | AF10: =+Z10-AC10 -> 10631.47 | AG10: =+AA10-AD10 -> 13475.905
B11: 부산 | G11: =+I11 -> 부산 | I11: 부산 | J11: =+IFERROR(HLOOKUP($B11,'[1]2월누계'!$D$6:$BN$259,2,),)/1000 -> 34 | K11: =+IFERROR(HLOOKUP($B11,'[2]2월누계'!$F$6:$CP$99,2,),)/1000 -> 41.19 | L11: =+K11-J11 -> 7.19 | M11: =+IFERROR(HLOOKUP($B11,'[3]2월누계'!$F$6:$CC$57,2,),)/1000 -> 30.628 | N11: =+K11-M11 -> 10.562 | O11: =+IFERROR(HLOOKUP($B11,'[1]2월누계'!$D$6:$BN$259,3,),)/1000 -> 3664.5849 | P11: =+IFERROR(HLOOKUP($B11,'[2]2월누계'!$F$6:$CP$99,3,),)/1000 -> 4850.9997 | Q11: =+P11-O11 -> 1186.4149 | R11: =+IFERROR(HLOOKUP($B11,'[3]2월누계'!$F$6:$CC$57,3,),)/1000 -> 3240.3391 | S11: =+P11-R11 -> 1610.6606 | T11: =+IFERROR(HLOOKUP($B11,'[1]2월누계'!$D$6:$BN$259,16,),)/1000 -> 161.17328 | U11: =+IFERROR(HLOOKUP($B11,'[2]2월누계'!$F$6:$CP$99,16,),)/1000 -> 480.14891 | V11: =+U11-T11 -> 318.97563 | W11: =+IFERROR(HLOOKUP($B11,'[3]2월누계'!$F$6:$CC$57,16,),)/1000 -> 160.24382 | X11: =+U11-W11 -> 319.90509 | Y11: =+[15]부산!$Q$85 -> 107781.91 | Z11: =+[15]부산!$R$85 -> 117771.3 | AA11: =+[16]부산!$Q$85 -> 105796.63 | AB11: =+[15]부산!$Q$89 -> 87130.255 | AC11: =+[15]부산!$R$89 -> 93134.197 | AD11: =+[16]부산!$Q$89 -> 84537.426 | AE11: =+Y11-AB11 -> 20651.653 | AF11: =+Z11-AC11 -> 24637.101 | AG11: =+AA11-AD11 -> 21259.201
B12: 서부산 | G12: =+I12 -> 서부산 | I12: 서부산 | J12: =+IFERROR(HLOOKUP($B12,'[1]2월누계'!$D$6:$BN$259,2,),)/1000 -> 34 | K12: =+IFERROR(HLOOKUP($B12,'[2]2월누계'!$F$6:$CP$99,2,),)/1000 -> 28.274 | L12: =+K12-J12 -> -5.726 | M12: =+IFERROR(HLOOKUP($B12,'[3]2월누계'!$F$6:$CC$57,2,),)/1000 -> 30.296 | N12: =+K12-M12 -> -2.022 | O12: =+IFERROR(HLOOKUP($B12,'[1]2월누계'!$D$6:$BN$259,3,),)/1000 -> 3401.8116 | P12: =+IFERROR(HLOOKUP($B12,'[2]2월누계'!$F$6:$CP$99,3,),)/1000 -> 2978.6869 | Q12: =+P12-O12 -> -423.12471 | R12: =+IFERROR(HLOOKUP($B12,'[3]2월누계'!$F$6:$CC$57,3,),)/1000 -> 2920.6094 | S12: =+P12-R12 -> 58.07751 | T12: =+IFERROR(HLOOKUP($B12,'[1]2월누계'!$D$6:$BN$259,16,),)/1000 -> 257.03376 | U12: =+IFERROR(HLOOKUP($B12,'[2]2월누계'!$F$6:$CP$99,16,),)/1000 -> 178.5332 | V12: =+U12-T12 -> -78.500552 | W12: =+IFERROR(HLOOKUP($B12,'[3]2월누계'!$F$6:$CC$57,16,),)/1000 -> 112.66153 | X12: =+U12-W12 -> 65.871677 | Y12: =+[15]서부산!$Q$85 -> 100053.28 | Z12: =+[15]서부산!$R$85 -> 105343.83 | AA12: =+[16]서부산!$Q$85 -> 96402.476 | AB12: =+[15]서부산!$Q$89 -> 78883.737 | AC12: =+[15]서부산!$R$89 -> 81949.245 | AD12: =+[16]서부산!$Q$89 -> 77993.925 | AE12: =+Y12-AB12 -> 21169.546 | AF12: =+Z12-AC12 -> 23394.587 | AG12: =+AA12-AD12 -> 18408.55
B13: 김해 | G13: =+I13 -> 김해 | I13: 김해 | J13: =+IFERROR(HLOOKUP($B13,'[1]2월누계'!$D$6:$BN$259,2,),)/1000 -> 14 | K13: =+IFERROR(HLOOKUP($B13,'[2]2월누계'!$F$6:$CP$99,2,),)/1000 -> 9.83 | L13: =+K13-J13 -> -4.17 | M13: =+IFERROR(HLOOKUP($B13,'[3]2월누계'!$F$6:$CC$57,2,),)/1000 -> 9.797 | N13: =+K13-M13 -> 0.033 | O13: =+IFERROR(HLOOKUP($B13,'[1]2월누계'!$D$6:$BN$259,3,),)/1000 -> 1345.5116 | P13: =+IFERROR(HLOOKUP($B13,'[2]2월누계'!$F$6:$CP$99,3,),)/1000 -> 948.7487 | Q13: =+P13-O13 -> -396.76292 | R13: =+IFERROR(HLOOKUP($B13,'[3]2월누계'!$F$6:$CC$57,3,),)/1000 -> 946.1099 | S13: =+P13-R13 -> 2.6388 | T13: =+IFERROR(HLOOKUP($B13,'[1]2월누계'!$D$6:$BN$259,16,),)/1000 -> -71.551453 | U13: =+IFERROR(HLOOKUP($B13,'[2]2월누계'!$F$6:$CP$99,16,),)/1000 -> -131.5109 | V13: =+U13-T13 -> -59.959447 | W13: =+IFERROR(HLOOKUP($B13,'[3]2월누계'!$F$6:$CC$57,16,),)/1000 -> -137.97555 | X13: =+U13-W13 -> 6.464649 | Y13: =+[15]김해!$Q$85 -> 96107.973 | Z13: =+[15]김해!$R$85 -> 96515.636 | AA13: =+[16]김해!$Q$85 -> 96617.046 | AB13: =+[15]김해!$Q$89 -> 80088.918 | AC13: =+[15]김해!$R$89 -> 79619.367 | AD13: =+[16]김해!$Q$89 -> 79590.536 | AE13: =+Y13-AB13 -> 16019.055 | AF13: =+Z13-AC13 -> 16896.269 | AG13: =+AA13-AD13 -> 17026.51
B14: 정관 | G14: =+I14 -> 정관 | I14: 정관 | J14: =+IFERROR(HLOOKUP($B14,'[1]2월누계'!$D$6:$BN$259,2,),)/1000 -> 37 | K14: =+IFERROR(HLOOKUP($B14,'[2]2월누계'!$F$6:$CP$99,2,),)/1000 -> 20.621 | L14: =+K14-J14 -> -16.379 | M14: =+IFERROR(HLOOKUP($B14,'[3]2월누계'!$F$6:$CC$57,2,),)/1000 -> 34.533 | N14: =+K14-M14 -> -13.912 | O14: =+IFERROR(HLOOKUP($B14,'[1]2월누계'!$D$6:$BN$259,3,),)/1000 -> 3696.2031 | P14: =+IFERROR(HLOOKUP($B14,'[2]2월누계'!$F$6:$CP$99,3,),)/1000 -> 2163.123 | Q14: =+P14-O14 -> -1533.0801 | R14: =+IFERROR(HLOOKUP($B14,'[3]2월누계'!$F$6:$CC$57,3,),)/1000 -> 3573.7502 | S14: =+P14-R14 -> -1410.6272 | T14: =+IFERROR(HLOOKUP($B14,'[1]2월누계'!$D$6:$BN$259,16,),)/1000 -> 136.07842 | U14: =+IFERROR(HLOOKUP($B14,'[2]2월누계'!$F$6:$CP$99,16,),)/1000 -> -113.65395 | V14: =+U14-T14 -> -249.73237 | W14: =+IFERROR(HLOOKUP($B14,'[3]2월누계'!$F$6:$CC$57,16,),)/1000 -> 245.21989 | X14: =+U14-W14 -> -358.87384 | Y14: =+[15]정관!$Q$85 -> 99897.381 | Z14: =+[15]정관!$R$85 -> 104899.03 | AA14: =+[16]정관!$Q$85 -> 103487.97 | AB14: =+[15]정관!$Q$89 -> 84061.184 | AC14: =+[15]정관!$R$89 -> 87290.566 | AD14: =+[16]정관!$Q$89 -> 85181.27 | AE14: =+Y14-AB14 -> 15836.197 | AF14: =+Z14-AC14 -> 17608.469 | AG14: =+AA14-AD14 -> 18306.704
B15: 양산 | G15: =+I15 -> 양산 | I15: 양산 | J15: =+IFERROR(HLOOKUP($B15,'[1]2월누계'!$D$6:$BN$259,2,),)/1000 -> 12 | K15: =+IFERROR(HLOOKUP($B15,'[2]2월누계'!$F$6:$CP$99,2,),)/1000 -> 8.574 | L15: =+K15-J15 -> -3.426 | M15: =+IFERROR(HLOOKUP($B15,'[3]2월누계'!$F$6:$CC$57,2,),)/1000 -> 14.014 | N15: =+K15-M15 -> -5.44 | O15: =+IFERROR(HLOOKUP($B15,'[1]2월누계'!$D$6:$BN$259,3,),)/1000 -> 1151.0698 | P15: =+IFERROR(HLOOKUP($B15,'[2]2월누계'!$F$6:$CP$99,3,),)/1000 -> 867.4424 | Q15: =+P15-O15 -> -283.62735 | R15: =+IFERROR(HLOOKUP($B15,'[3]2월누계'!$F$6:$CC$57,3,),)/1000 -> 1330.9844 | S15: =+P15-R15 -> -463.542 | T15: =+IFERROR(HLOOKUP($B15,'[1]2월누계'!$D$6:$BN$259,16,),)/1000 -> -71.146107 | U15: =+IFERROR(HLOOKUP($B15,'[2]2월누계'!$F$6:$CP$99,16,),)/1000 -> -95.344321 | V15: =+U15-T15 -> -24.198214 | W15: =+IFERROR(HLOOKUP($B15,'[3]2월누계'!$F$6:$CC$57,16,),)/1000 -> -17.321488 | X15: =+U15-W15 -> -78.022833 | Y15: =+[15]양산!$Q$85 -> 95922.479 | Z15: =+[15]양산!$R$85 -> 101171.26 | AA15: =+[16]양산!$Q$85 -> 94975.339 | AB15: =+[15]양산!$Q$89 -> 77130.893 | AC15: =+[15]양산!$R$89 -> 80814.403 | AD15: =+[16]양산!$Q$89 -> 74723.737 | AE15: =+Y15-AB15 -> 18791.586 | AF15: =+Z15-AC15 -> 20356.859 | AG15: =+AA15-AD15 -> 20251.602
B16: 창원 | G16: =+I16 -> 창원 | I16: 창원 | J16: =+IFERROR(HLOOKUP($B16,'[1]2월누계'!$D$6:$BN$259,2,),)/1000 -> 17 | K16: =+IFERROR(HLOOKUP($B16,'[2]2월누계'!$F$6:$CP$99,2,),)/1000 -> 16.934 | L16: =+K16-J16 -> -0.066 | M16: =+IFERROR(HLOOKUP($B16,'[3]2월누계'!$F$6:$CC$57,2,),)/1000 -> 19.934 | N16: =+K16-M16 -> -3 | O16: =+IFERROR(HLOOKUP($B16,'[1]2월누계'!$D$6:$BN$259,3,),)/1000 -> 1671.7863 | P16: =+IFERROR(HLOOKUP($B16,'[2]2월누계'!$F$6:$CP$99,3,),)/1000 -> 1649.9161 | Q16: =+P16-O16 -> -21.870219 | R16: =+IFERROR(HLOOKUP($B16,'[3]2월누계'!$F$6:$CC$57,3,),)/1000 -> 2001.3247 | S16: =+P16-R16 -> -351.4086 | T16: =+IFERROR(HLOOKUP($B16,'[1]2월누계'!$D$6:$BN$259,16,),)/1000 -> -41.279721 | U16: =+IFERROR(HLOOKUP($B16,'[2]2월누계'!$F$6:$CP$99,16,),)/1000 -> -18.894895 | V16: =+U16-T16 -> 22.384826 | W16: =+IFERROR(HLOOKUP($B16,'[3]2월누계'!$F$6:$CC$57,16,),)/1000 -> 115.95934 | X16: =+U16-W16 -> -134.85424 | Y16: =+[15]창원!$Q$85 -> 98340.372 | Z16: =+[15]창원!$R$85 -> 97432.154 | AA16: =+[16]창원!$Q$85 -> 100397.55 | AB16: =+[15]창원!$Q$89 -> 79262.71 | AC16: =+[15]창원!$R$89 -> 75847.004 | AD16: =+[16]창원!$Q$89 -> 75938.513 | AE16: =+Y16-AB16 -> 19077.662 | AF16: =+Z16-AC16 -> 21585.15 | AG16: =+AA16-AD16 -> 24459.034
B17: 대구 | G17: =+I17 -> 대구 | I17: 대구 | J17: =+IFERROR(HLOOKUP($B17,'[1]2월누계'!$D$6:$BN$259,2,),)/1000 -> 13 | K17: =+IFERROR(HLOOKUP($B17,'[2]2월누계'!$F$6:$CP$99,2,),)/1000 -> 7.0915 | L17: =+K17-J17 -> -5.9085 | M17: =+IFERROR(HLOOKUP($B17,'[3]2월누계'!$F$6:$CC$57,2,),)/1000 -> 18.967 | N17: =+K17-M17 -> -11.8755 | O17: =+IFERROR(HLOOKUP($B17,'[1]2월누계'!$D$6:$BN$259,3,),)/1000 -> 1178.9537 | P17: =+IFERROR(HLOOKUP($B17,'[2]2월누계'!$F$6:$CP$99,3,),)/1000 -> 630.1093 | Q17: =+P17-O17 -> -548.84442 | R17: =+IFERROR(HLOOKUP($B17,'[3]2월누계'!$F$6:$CC$57,3,),)/1000 -> 1814.5802 | S17: =+P17-R17 -> -1184.4709 | T17: =+IFERROR(HLOOKUP($B17,'[1]2월누계'!$D$6:$BN$259,16,),)/1000 -> -74.589893 | U17: =+IFERROR(HLOOKUP($B17,'[2]2월누계'!$F$6:$CP$99,16,),)/1000 -> -182.91056 | V17: =+U17-T17 -> -108.32067 | W17: =+IFERROR(HLOOKUP($B17,'[3]2월누계'!$F$6:$CC$57,16,),)/1000 -> 33.549731 | X17: =+U17-W17 -> -216.46029 | Y17: =+[15]대구!$Q$85 -> 90688.747 | Z17: =+[15]대구!$R$85 -> 88854.163 | AA17: =+[16]대구!$Q$85 -> 95670.384 | AB17: =+[15]대구!$Q$89 -> 73146.738 | AC17: =+[15]대구!$R$89 -> 72854.847 | AD17: =+[16]대구!$Q$89 -> 76909.191 | AE17: =+Y17-AB17 -> 17542.009 | AF17: =+Z17-AC17 -> 15999.315 | AG17: =+AA17-AD17 -> 18761.193
B18: 울산 | G18: =+I18 -> 울산 | I18: 울산 | J18: =+IFERROR(HLOOKUP($B18,'[1]2월누계'!$D$6:$BN$259,2,),)/1000 -> 13 | K18: =+IFERROR(HLOOKUP($B18,'[2]2월누계'!$F$6:$CP$99,2,),)/1000 -> 20.021 | L18: =+K18-J18 -> 7.021 | M18: =+IFERROR(HLOOKUP($B18,'[3]2월누계'!$F$6:$CC$57,2,),)/1000 -> 18.848 | N18: =+K18-M18 -> 1.173 | O18: =+IFERROR(HLOOKUP($B18,'[1]2월누계'!$D$6:$BN$259,3,),)/1000 -> 1362.7923 | P18: =+IFERROR(HLOOKUP($B18,'[2]2월누계'!$F$6:$CP$99,3,),)/1000 -> 2221.0737 | Q18: =+P18-O18 -> 858.28136 | R18: =+IFERROR(HLOOKUP($B18,'[3]2월누계'!$F$6:$CC$57,3,),)/1000 -> 2026.0979 | S18: =+P18-R18 -> 194.9758 | T18: =+IFERROR(HLOOKUP($B18,'[1]2월누계'!$D$6:$BN$259,16,),)/1000 -> -127.70622 | U18: =+IFERROR(HLOOKUP($B18,'[2]2월누계'!$F$6:$CP$99,16,),)/1000 -> 95.465084 | V18: =+U18-T18 -> 223.1713 | W18: =+IFERROR(HLOOKUP($B18,'[3]2월누계'!$F$6:$CC$57,16,),)/1000 -> 135.74101 | X18: =+U18-W18 -> -40.275924 | Y18: =+[15]울산!$Q$85 -> 104830.18 | Z18: =+[15]울산!$R$85 -> 110937.2 | AA18: =+[16]울산!$Q$85 -> 107496.71 | AB18: =+[15]울산!$Q$89 -> 90166.637 | AC18: =+[15]울산!$R$89 -> 89523.707 | AD18: =+[16]울산!$Q$89 -> 85315.025 | AE18: =+Y18-AB18 -> 14663.542 | AF18: =+Z18-AC18 -> 21413.494 | AG18: =+AA18-AD18 -> 22181.681
B19: 아산 | G19: =+I19 -> 아산 | I19: 아산 | J19: =+IFERROR(HLOOKUP($B19,'[1]2월누계'!$D$6:$BN$259,2,),)/1000 -> 20 | K19: =+IFERROR(HLOOKUP($B19,'[2]2월누계'!$F$6:$CP$99,2,),)/1000 -> 30.402 | L19: =+K19-J19 -> 10.402 | M19: =+IFERROR(HLOOKUP($B19,'[3]2월누계'!$F$6:$CC$57,2,),)/1000 -> 34.763 | N19: =+K19-M19 -> -4.361 | O19: =+IFERROR(HLOOKUP($B19,'[1]2월누계'!$D$6:$BN$259,3,),)/1000 -> 1974.3663 | P19: =+IFERROR(HLOOKUP($B19,'[2]2월누계'!$F$6:$CP$99,3,),)/1000 -> 3130.9946 | Q19: =+P19-O19 -> 1156.6283 | R19: =+IFERROR(HLOOKUP($B19,'[3]2월누계'!$F$6:$CC$57,3,),)/1000 -> 3502.3083 | S19: =+P19-R19 -> -371.31376 | T19: =+IFERROR(HLOOKUP($B19,'[1]2월누계'!$D$6:$BN$259,16,),)/1000 -> -128.78124 | U19: =+IFERROR(HLOOKUP($B19,'[2]2월누계'!$F$6:$CP$99,16,),)/1000 -> -5.431116 | V19: =+U19-T19 -> 123.35012 | W19: =+IFERROR(HLOOKUP($B19,'[3]2월누계'!$F$6:$CC$57,16,),)/1000 -> 40.915752 | X19: =+U19-W19 -> -46.346868 | Y19: =+[15]아산!$Q$85 -> 98718.316 | Z19: =+[15]아산!$R$85 -> 102986.47 | AA19: =+[16]아산!$Q$85 -> 100748.16 | AB19: =+[15]아산!$Q$89 -> 80317.42 | AC19: =+[15]아산!$R$89 -> 85963.069 | AD19: =+[16]아산!$Q$89 -> 85903.775 | AE19: =+Y19-AB19 -> 18400.896 | AF19: =+Z19-AC19 -> 17023.398 | AG19: =+AA19-AD19 -> 14844.387
B20: 전주 | G20: =+I20 -> 전주 | I20: 전주 | J20: =+IFERROR(HLOOKUP($B20,'[1]2월누계'!$D$6:$BN$259,2,),)/1000 -> 11 | K20: =+IFERROR(HLOOKUP($B20,'[2]2월누계'!$F$6:$CP$99,2,),)/1000 -> 14.8835 | L20: =+K20-J20 -> 3.8835 | M20: =+IFERROR(HLOOKUP($B20,'[3]2월누계'!$F$6:$CC$57,2,),)/1000 -> 25.1265 | N20: =+K20-M20 -> -10.243 | O20: =+IFERROR(HLOOKUP($B20,'[1]2월누계'!$D$6:$BN$259,3,),)/1000 -> 1120.7539 | P20: =+IFERROR(HLOOKUP($B20,'[2]2월누계'!$F$6:$CP$99,3,),)/1000 -> 1472.5814 | Q20: =+P20-O20 -> 351.82749 | R20: =+IFERROR(HLOOKUP($B20,'[3]2월누계'!$F$6:$CC$57,3,),)/1000 -> 2419.3251 | S20: =+P20-R20 -> -946.74366 | T20: =+IFERROR(HLOOKUP($B20,'[1]2월누계'!$D$6:$BN$259,16,),)/1000 -> -71.759243 | U20: =+IFERROR(HLOOKUP($B20,'[2]2월누계'!$F$6:$CP$99,16,),)/1000 -> -91.461026 | V20: =+U20-T20 -> -19.701783 | W20: =+IFERROR(HLOOKUP($B20,'[3]2월누계'!$F$6:$CC$57,16,),)/1000 -> 252.88457 | X20: =+U20-W20 -> -344.34559 | Y20: =+[15]전주!$Q$85 -> 101886.72 | Z20: =+[15]전주!$R$85 -> 98968.271 | AA20: =+[16]전주!$Q$85 -> 96285.796 | AB20: =+[15]전주!$Q$89 -> 79823.499 | AC20: =+[15]전주!$R$89 -> 82739.654 | AD20: =+[16]전주!$Q$89 -> 74212.461 | AE20: =+Y20-AB20 -> 22063.22 | AF20: =+Z20-AC20 -> 16228.616 | AG20: =+AA20-AD20 -> 22073.335
B21: 군산 | G21: =+I21 -> 군산 | I21: 군산 | J21: =+IFERROR(HLOOKUP($B21,'[1]2월누계'!$D$6:$BN$259,2,),)/1000 -> 5 | K21: =+IFERROR(HLOOKUP($B21,'[2]2월누계'!$F$6:$CP$99,2,),)/1000 -> 4.0585 | L21: =+K21-J21 -> -0.9415 | M21: =+IFERROR(HLOOKUP($B21,'[3]2월누계'!$F$6:$CC$57,2,),)/1000 -> 6.5215 | N21: =+K21-M21 -> -2.463 | O21: =+IFERROR(HLOOKUP($B21,'[1]2월누계'!$D$6:$BN$259,3,),)/1000 -> 578.91779 | P21: =+IFERROR(HLOOKUP($B21,'[2]2월누계'!$F$6:$CP$99,3,),)/1000 -> 463.15999 | Q21: =+P21-O21 -> -115.7578 | R21: =+IFERROR(HLOOKUP($B21,'[3]2월누계'!$F$6:$CC$57,3,),)/1000 -> 708.43203 | S21: =+P21-R21 -> -245.27204 | T21: =+IFERROR(HLOOKUP($B21,'[1]2월누계'!$D$6:$BN$259,16,),)/1000 -> 17.596197 | U21: =+IFERROR(HLOOKUP($B21,'[2]2월누계'!$F$6:$CP$99,16,),)/1000 -> -16.544515 | V21: =+U21-T21 -> -34.140712 | W21: =+IFERROR(HLOOKUP($B21,'[3]2월누계'!$F$6:$CC$57,16,),)/1000 -> 67.924105 | X21: =+U21-W21 -> -84.46862 | Y21: =+[15]군산!$Q$85 -> 115783.56 | Z21: =+[15]군산!$R$85 -> 114133.93 | AA21: =+[16]군산!$Q$85 -> 108630.23 | AB21: =+[15]군산!$Q$89 -> 76845.375 | AC21: =+[15]군산!$R$89 -> 75360.751 | AD21: =+[16]군산!$Q$89 -> 73564.86 | AE21: =+Y21-AB21 -> 38938.183 | AF21: =+Z21-AC21 -> 38773.183 | AG21: =+AA21-AD21 -> 35065.367
B22: 원주 | G22: =+I22 -> 원주 | I22: 원주 | J22: =+IFERROR(HLOOKUP($B22,'[1]2월누계'!$D$6:$BN$259,2,),)/1000 -> 5.9998 | K22: =+IFERROR(HLOOKUP($B22,'[2]2월누계'!$F$6:$CP$99,2,),)/1000 -> 3.6205 | L22: =+K22-J22 -> -2.3793 | M22: =+IFERROR(HLOOKUP($B22,'[3]2월누계'!$F$6:$CC$57,2,),)/1000 -> 3.406 | N22: =+K22-M22 -> 0.2145 | O22: =+IFERROR(HLOOKUP($B22,'[1]2월누계'!$D$6:$BN$259,3,),)/1000 -> 688.70015 | P22: =+IFERROR(HLOOKUP($B22,'[2]2월누계'!$F$6:$CP$99,3,),)/1000 -> 456.6847 | Q22: =+P22-O22 -> -232.01545 | R22: =+IFERROR(HLOOKUP($B22,'[3]2월누계'!$F$6:$CC$57,3,),)/1000 -> 386.8499 | S22: =+P22-R22 -> 69.8348 | T22: =+IFERROR(HLOOKUP($B22,'[1]2월누계'!$D$6:$BN$259,16,),)/1000 -> 51.635532 | U22: =+IFERROR(HLOOKUP($B22,'[2]2월누계'!$F$6:$CP$99,16,),)/1000 -> -17.716925 | V22: =+U22-T22 -> -69.352457 | W22: =+IFERROR(HLOOKUP($B22,'[3]2월누계'!$F$6:$CC$57,16,),)/1000 -> -40.546711 | X22: =+U22-W22 -> 22.829786 | Y22: =+[15]원주!$Q$85 -> 114787.18 | Z22: =+[15]원주!$R$85 -> 126138.57 | AA22: =+[16]원주!$Q$85 -> 113578.95 | AB22: =+[15]원주!$Q$89 -> 74532.43 | AC22: =+[15]원주!$R$89 -> 82927.703 | AD22: =+[16]원주!$Q$89 -> 75816.065 | AE22: =+Y22-AB22 -> 40254.755 | AF22: =+Z22-AC22 -> 43210.869 | AG22: =+AA22-AD22 -> 37762.884
B23: 제주 | F23: =+K27-J27 -> -19.8703 | G23: =+I23 -> 제주 | I23: 제주 | J23: =+IFERROR(HLOOKUP($B23,'[1]2월누계'!$D$6:$BN$259,2,),)/1000 -> 11 | K23: =+IFERROR(HLOOKUP($B23,'[2]2월누계'!$F$6:$CP$99,2,),)/1000 -> 7.0455 | L23: =+K23-J23 -> -3.9545 | M23: =+IFERROR(HLOOKUP($B23,'[3]2월누계'!$F$6:$CC$57,2,),)/1000 -> 10.6565 | N23: =+K23-M23 -> -3.611 | O23: =+IFERROR(HLOOKUP($B23,'[1]2월누계'!$D$6:$BN$259,3,),)/1000 -> 1328.7048 | P23: =+IFERROR(HLOOKUP($B23,'[2]2월누계'!$F$6:$CP$99,3,),)/1000 -> 887.31401 | Q23: =+P23-O23 -> -441.39081 | R23: =+IFERROR(HLOOKUP($B23,'[3]2월누계'!$F$6:$CC$57,3,),)/1000 -> 1290.9518 | S23: =+P23-R23 -> -403.63782 | T23: =+IFERROR(HLOOKUP($B23,'[1]2월누계'!$D$6:$BN$259,16,),)/1000 -> 77.498136 | U23: =+IFERROR(HLOOKUP($B23,'[2]2월누계'!$F$6:$CP$99,16,),)/1000 -> -4.859883 | V23: =+U23-T23 -> -82.358019 | W23: =+IFERROR(HLOOKUP($B23,'[3]2월누계'!$F$6:$CC$57,16,),)/1000 -> 122.23265 | X23: =+U23-W23 -> -127.09254 | Y23: =+[15]제주!$Q$85 -> 120791.35 | Z23: =+[15]제주!$R$85 -> 125813.51 | AA23: =+[16]제주!$Q$85 -> 120474.69 | AB23: =+[15]제주!$Q$89 -> 94780.744 | AC23: =+[15]제주!$R$89 -> 98365.532 | AD23: =+[16]제주!$Q$89 -> 90181.471 | AE23: =+Y23-AB23 -> 26010.604 | AF23: =+Z23-AC23 -> 27447.973 | AG23: =+AA23-AD23 -> 30293.216
F24: =+K24/J24 -> 0.96103597 | G24: =+I24 -> 수도권 | I24: 수도권 | J24: =SUM(J7:J10) -> 139 | K24: =SUM(K7:K10) -> 133.584 | L24: =+K24-J24 -> -5.416 | M24: =SUM(M7:M10) -> 131.168 | N24: =+K24-M24 -> 2.416 | O24: =SUM(O7:O10) -> 13707.023 | P24: =SUM(P7:P10) -> 13806.867 | Q24: =+P24-O24 -> 99.843776 | R24: =SUM(R7:R10) -> 12835.497 | S24: =+P24-R24 -> 971.3698 | T24: =SUM(T7:T10) -> -84.532918 | U24: =SUM(U7:U10) -> -208.65943 | V24: =+U24-T24 -> -124.12651 | W24: =SUM(W7:W10) -> -126.37775 | X24: =+U24-W24 -> -82.281677 | Y24: =+[15]수도권!$Q$85 -> 98611.676 | Z24: =+[15]수도권!$R$85 -> 103371.72 | AA24: =+[16]수도권!$Q$85 -> 97851.268 | AB24: =+[15]수도권!$Q$89 -> 83676.869 | AC24: =+[15]수도권!$R$89 -> 88890.066 | AD24: =+[16]수도권!$Q$89 -> 83605.223 | AE24: =+Y24-AB24 -> 14934.807 | AF24: =+Z24-AC24 -> 14481.655 | AG24: =+AA24-AD24 -> 14246.045
F25: =+K25/J25 -> 0.8766408 | G25: =+I25 -> 영남권 | I25: 영남권 | J25: =SUM(J11:J18) -> 174 | K25: =SUM(K11:K18) -> 152.5355 | L25: =+K25-J25 -> -21.4645 | M25: =SUM(M11:M18) -> 177.017 | N25: =+K25-M25 -> -24.4815 | O25: =SUM(O11:O18) -> 17472.713 | P25: =SUM(P11:P18) -> 16310.1 | Q25: =+P25-O25 -> -1162.6135 | R25: =SUM(R11:R18) -> 17853.796 | S25: =+P25-R25 -> -1543.6959 | T25: =SUM(T11:T18) -> 168.01206 | U25: =SUM(U11:U18) -> 211.83257 | V25: =+U25-T25 -> 43.820508 | W25: =SUM(W11:W18) -> 648.07827 | X25: =+U25-W25 -> -436.2457 | Y25: =+[15]영남권!$Q$85 -> 100417.89 | Z25: =+[15]영남권!$R$85 -> 106925.3 | AA25: =+[16]영남권!$Q$85 -> 100867.1 | AB25: =+[15]영남권!$Q$89 -> 82023.535 | AC25: =+[15]영남권!$R$89 -> 85365.707 | AD25: =+[16]영남권!$Q$89 -> 80740.082 | AE25: =+Y25-AB25 -> 18394.358 | AF25: =+Z25-AC25 -> 21559.595 | AG25: =+AA25-AD25 -> 20127.015
F26: =+K26/J26 -> 1.1322684 | G26: =+I26 -> 중부권 | I26: 중부권 | J26: =SUM(J19:J23) -> 52.9998 | K26: =SUM(K19:K23) -> 60.01 | L26: =+K26-J26 -> 7.0102 | M26: =SUM(M19:M23) -> 80.4735 | N26: =+K26-M26 -> -20.4635 | O26: =SUM(O19:O23) -> 5691.443 | P26: =SUM(P19:P23) -> 6410.7347 | Q26: =+P26-O26 -> 719.29168 | R26: =SUM(R19:R23) -> 8307.8672 | S26: =+P26-R26 -> -1897.1325 | T26: =SUM(T19:T23) -> -53.810619 | U26: =SUM(U19:U23) -> -136.01346 | V26: =+U26-T26 -> -82.202846 | W26: =SUM(W19:W23) -> 443.41036 | X26: =+U26-W26 -> -579.42383 | Y26: =+[15]중부권!$Q$85 -> 107386.12 | Z26: =+[15]중부권!$R$85 -> 106781.87 | AA26: =+[16]중부권!$Q$85 -> 102977.58 | AB26: =+[15]중부권!$Q$89 -> 82234.303 | AC26: =+[15]중부권!$R$89 -> 85689.559 | AD26: =+[16]중부권!$Q$89 -> 81312.557 | AE26: =+Y26-AB26 -> 25151.819 | AF26: =+Z26-AC26 -> 21092.306 | AG26: =+AA26-AD26 -> 21665.021
F27: =+K27/M27 -> 0.89057489 | G27: =+K27/J27 -> 0.94570953 | H27: 레미콘 계 | J27: =SUM(J24:J26) -> 365.9998 | K27: =SUM(K24:K26) -> 346.1295 | L27: =+K27-J27 -> -19.8703 | M27: =SUM(M24:M26) -> 388.6585 | N27: =+K27-M27 -> -42.529 | O27: =SUM(O24:O26) -> 36871.179 | P27: =SUM(P24:P26) -> 36527.701 | Q27: =+P27-O27 -> -343.47802 | R27: =SUM(R24:R26) -> 38997.16 | S27: =+P27-R27 -> -2469.4586 | T27: =SUM(T24:T26) -> 29.668525 | U27: =SUM(U24:U26) -> -132.84032 | V27: =+U27-T27 -> -162.50884 | W27: =SUM(W24:W26) -> 965.11089 | X27: =+U27-W27 -> -1097.9512 | Y27: =+[15]합계!$Q$85 -> 100740.98 | Z27: =+[15]합계!$R$85 -> 105529.59 | AA27: =+[16]합계!$Q$85 -> 100282.96 | AB27: =+[15]합계!$Q$89 -> 82681.962 | AC27: =+[15]합계!$R$89 -> 86780.294 | AD27: =+[16]합계!$Q$89 -> 81815.65 | AE27: =+Y27-AB27 -> 18059.02 | AF27: =+Z27-AC27 -> 18749.293 | AG27: =+AA27-AD27 -> 18467.308
B28: 건자재 | E28: 건자재영업 | G28: 건자재 | H28: 골재 | I28: 부산모래장 | J28: =+IFERROR(HLOOKUP($B29,'[1]2월누계'!$D$6:$BN$259,2,),)/1000 -> 37.935201 | K28: =+IFERROR(HLOOKUP($C29,'[2]2월누계'!$F$6:$CP$99,2,),)/1000 -> 32.696 | L28: =+K28-J28 -> -5.2392006 | M28: =+IFERROR(HLOOKUP($C29,'[3]2월누계'!$F$6:$CC$57,2,),)/1000 -> 45.153 | N28: =+K28-M28 -> -12.457 | O28: =+IFERROR(HLOOKUP($B29,'[1]2월누계'!$D$6:$BN$259,3,),)/1000 -> 1080.1413 | P28: =+IFERROR(HLOOKUP($C29,'[2]2월누계'!$F$6:$CP$99,3,),)/1000 -> 940.4775 | Q28: =+P28-O28 -> -139.6638 | R28: =+IFERROR(HLOOKUP($C29,'[3]2월누계'!$F$6:$CC$57,3,),)/1000 -> 1251.7285 | S28: =+P28-R28 -> -311.251 | T28: =+IFERROR(HLOOKUP($B29,'[1]2월누계'!$D$6:$BN$259,21,),)/1000 -> 7.8397554 | U28: =+IFERROR(HLOOKUP($C29,'[2]2월누계'!$F$6:$CP$99,21,),)/1000 -> 26.674857 | V28: =+U28-T28 -> 18.835101 | W28: =+IFERROR(HLOOKUP($C29,'[3]2월누계'!$F$6:$CC$57,21,),)/1000 -> 2.5895543 | X28: =+U28-W28 -> 24.085302
B29: 부산모래장 | C29: 부산골재 | G29: =+I28 -> 부산모래장 | I29: 서부산CR | J29: =+IFERROR(HLOOKUP($B30,'[1]2월누계'!$D$6:$BN$259,2,),)/1000 -> 78.900387 | K29: =+IFERROR(HLOOKUP($C30,'[2]2월누계'!$F$6:$CP$99,2,),)/1000 -> 41.788 | L29: =+K29-J29 -> -37.112387 | M29: =+IFERROR(HLOOKUP($C30,'[3]2월누계'!$F$6:$CC$57,2,),)/1000 -> 13.95 | N29: =+K29-M29 -> 27.838 | O29: =+IFERROR(HLOOKUP($B30,'[1]2월누계'!$D$6:$BN$259,3,),)/1000 -> 1012.9066 | P29: =+IFERROR(HLOOKUP($C30,'[2]2월누계'!$F$6:$CP$99,3,),)/1000 -> 602.688 | Q29: =+P29-O29 -> -410.21858 | R29: =+IFERROR(HLOOKUP($C30,'[3]2월누계'!$F$6:$CC$57,3,),)/1000 -> 190.502 | S29: =+P29-R29 -> 412.186 | T29: =+IFERROR(HLOOKUP($B30,'[1]2월누계'!$D$6:$BN$259,21,),)/1000 -> 40.216664 | U29: =+IFERROR(HLOOKUP($C30,'[2]2월누계'!$F$6:$CP$99,21,),)/1000 -> -137.19422 | V29: =+U29-T29 -> -177.41088 | W29: =+IFERROR(HLOOKUP($C30,'[3]2월누계'!$F$6:$CC$57,21,),)/1000 -> -116.57832 | X29: =+U29-W29 -> -20.615896
B30: 서부산크라샤 | C30: 서부산골재 | G30: =+I29 -> 서부산CR | I30: 부산CR | J30: =+IFERROR(HLOOKUP($B31,'[1]2월누계'!$D$6:$BN$259,2,),)/1000 -> 18.21824 | K30: =+IFERROR(HLOOKUP($C31,'[2]2월누계'!$F$6:$CP$99,2,),)/1000 -> 31.683 | L30: =+K30-J30 -> 13.46476 | M30: =+IFERROR(HLOOKUP($C31,'[3]2월누계'!$F$6:$CC$57,2,),)/1000 -> 47.086 | N30: =+K30-M30 -> -15.403 | O30: =+IFERROR(HLOOKUP($B31,'[1]2월누계'!$D$6:$BN$259,3,),)/1000 -> 367.70836 | P30: =+IFERROR(HLOOKUP($C31,'[2]2월누계'!$F$6:$CP$99,3,),)/1000 -> 631.1133 | Q30: =+P30-O30 -> 263.40494 | R30: =+IFERROR(HLOOKUP($C31,'[3]2월누계'!$F$6:$CC$57,3,),)/1000 -> 852.101 | S30: =+P30-R30 -> -220.9877 | T30: =+IFERROR(HLOOKUP($B31,'[1]2월누계'!$D$6:$BN$259,21,),)/1000 -> -253.87236 | U30: =+IFERROR(HLOOKUP($C31,'[2]2월누계'!$F$6:$CP$99,21,),)/1000 -> -226.75833 | V30: =+U30-T30 -> 27.114024 | W30: =+IFERROR(HLOOKUP($C31,'[3]2월누계'!$F$6:$CC$57,21,),)/1000 -> -264.24082 | X30: =+U30-W30 -> 37.482488 | AJ30: =+(AC30-AC31)*AD36 -> 0
B31: 부산크라샤 | C31: 부산크라샤 | G31: =+I30 -> 부산CR | H31: 골재 계 | J31: =SUM(J28:J30) -> 135.05383 | K31: =SUM(K28:K30) -> 106.167 | L31: =+K31-J31 -> -28.886827 | M31: =SUM(M28:M30) -> 106.189 | N31: =+K31-M31 -> -0.022 | O31: =SUM(O28:O30) -> 2460.7562 | P31: =SUM(P28:P30) -> 2174.2788 | Q31: =+P31-O31 -> -286.47745 | R31: =SUM(R28:R30) -> 2294.3315 | S31: =+P31-R31 -> -120.0527 | T31: =SUM(T28:T30) -> -205.81594 | U31: =SUM(U28:U30) -> -337.2777 | V31: =+U31-T31 -> -131.46176 | W31: =SUM(W28:W30) -> -378.22959 | X31: =+U31-W31 -> 40.951895 | AJ31: =+AD35*120*10 -> 0
H32: 기타 | I32: 레미콘임대 | L32: =+K32-J32 -> 0 | N32: =+K32-M32 -> 0 | O32: =(IFERROR(HLOOKUP($B33,'[1]2월누계'!$D$6:$BN$259,3,),)++IFERROR(HLOOKUP($C33,'[1]2월누계'!$D$6:$BN$259,3,),)+IFERROR(HLOOKUP($D33,'[1]2월누계'!$D$6:$BN$259,3,),))/1000 -> 83.333333 | P32: =+IFERROR(HLOOKUP($E33,'[2]2월누계'!$F$6:$CP$99,3,),)/1000 -> 86.68 | Q32: =+P32-O32 -> 3.3466667 | R32: =+IFERROR(HLOOKUP($E33,'[3]2월누계'!$F$6:$CC$57,3,),)/1000 -> 181.68 | S32: =+P32-R32 -> -95 | T32: =(IFERROR(HLOOKUP($B33,'[1]2월누계'!$D$6:$BN$259,21,),)++IFERROR(HLOOKUP($C33,'[1]2월누계'!$D$6:$BN$259,21,),)+IFERROR(HLOOKUP($D33,'[1]2월누계'!$D$6:$BN$259,21,),))/1000 -> 59.257395 | U32: =+IFERROR(HLOOKUP($E33,'[2]2월누계'!$F$6:$CP$99,16,),)/1000 -> 47.143695 | V32: =+U32-T32 -> -12.1137 | W32: =+IFERROR(HLOOKUP($E33,'[3]2월누계'!$F$6:$CC$57,16,),)/1000 -> 144.83623 | X32: =+U32-W32 -> -97.692534
B33: 포항임대 | C33: 속초임대 | D33: 강릉임대 | E33: 레미콘임대 계 | G33: =+I32 -> 레미콘임대 | I33: 임대 | L33: =+K33-J33 -> 0 | M33: 0 | N33: =+K33-M33 -> 0 | O33: =(+IFERROR(HLOOKUP($B34,'[1]2월누계'!$D$6:$BN$259,3,),)+IFERROR(HLOOKUP($C34,'[1]2월누계'!$D$6:$BN$259,3,),))/1000 -> 155.49333 | P33: =+IFERROR(HLOOKUP($E34,'[2]2월누계'!$F$6:$CP$99,3,),)/1000 -> 19.363504 | Q33: =+P33-O33 -> -136.12983 | R33: =+IFERROR(HLOOKUP($E34,'[3]2월누계'!$F$6:$CC$57,3,),)/1000 -> 146.73227 | S33: =+P33-R33 -> -127.36876 | T33: =(+IFERROR(HLOOKUP($B34,'[1]2월누계'!$D$6:$BN$259,21,),)+IFERROR(HLOOKUP($C34,'[1]2월누계'!$D$6:$BN$259,21,),))/1000 -> 140.99535 | U33: =+IFERROR(HLOOKUP($E34,'[2]2월누계'!$F$6:$CP$99,16,),)/1000 -> 4.904482 | V33: =+U33-T33 -> -136.09086 | W33: =+IFERROR(HLOOKUP($E34,'[3]2월누계'!$F$6:$CC$57,16,),)/1000 -> 126.50062 | X33: =+U33-W33 -> -121.59614
B34: 부동산임대 | C34: 주유소임대 | E34: 임대 계 | G34: =+I33 -> 임대 | I34: 공통비 | L34: =+K34-J34 -> 0 | N34: =+K34-M34 -> 0 | Q34: =+P34-O34 -> 0 | S34: =+P34-R34 -> 0 | T34: =-'[1]2월누계'!$Z$22/1000 -> -3067.916 | U34: =+-'[2]2월누계'!$Z$22/1000 -> -3214.0845 | V34: =+U34-T34 -> -146.16853 | W34: =+-'[3]2월누계'!$Z$22/1000 -> -2914.0881 | X34: =+U34-W34 -> -299.99643 | AF34: =+AM27 -> 0 | AJ34: =+AQ27 -> 0
B35: 공 통 비 | G35: =+I34 -> 공통비 | I35: OPC 소급분 | N35: =+K35-M35 -> 0 | Q35: =+P35-O35 -> 0 | S35: =+P35-R35 -> 0 | U35: ='[2]2월누계'!$BD$26/1000 -> 361.08556 | V35: =+U35-T35 -> 361.08556 | W35: ='[3]2월누계'!$BD$26/1000 -> 0 | X35: =+U35-W35 -> 361.08556
G36: =+I35 -> OPC 소급분 | I36: 대손 | N36: =+K36-M36 -> 0 | Q36: =+P36-O36 -> 0 | S36: =+P36-R36 -> 0 | U36: ='[2]2월누계'!$BE$26/1000 -> 0 | V36: =+U36-T36 -> 0 | W36: ='[3]2월누계'!$BE$26/1000 -> 0 | X36: =+U36-W36 -> 0
G37: =+I36 -> 대손 | I37: 미운영 공장 | M37: =SUM(M56:M61) -> 0 | N37: =+K37-M37 -> 0 | Q37: =+P37-O37 -> 0 | R37: =+IFERROR(HLOOKUP($I$37,'[3]2월누계'!$F$6:$BJ$50,3,),)/1000 -> 0 | S37: =+P37-R37 -> 0 | T37: =SUM('[1]2월누계'!$AM$26:$AQ$26)/1000 -> -25.524162 | U37: =+'[2]2월누계'!$BF$26/1000 -> -68.70249 | V37: =+U37-T37 -> -43.178328 | W37: =+'[3]2월누계'!$BF$26/1000 -> -64.657321 | X37: =+U37-W37 -> -4.045169
G38: =+I37 -> 미운영 공장 | I38: 퇴직위로금 | U38: =+'[2]2월누계'!$BG$26/1000 -> 0 | V38: =+U38-T38 -> 0 | X38: =+U38-W38 -> 0
B39: 기타 계 | G39: =+I38 -> 퇴직위로금 | I39: 기타 | L39: =+K39-J39 -> 0 | N39: =+K39-M39 -> 0 | O39: =IFERROR(HLOOKUP($B39,'[1]2월누계'!$D$6:$BN$259,3,),)/1000 -> 3.54 | P39: =+('[2]2월누계'!$F$8-SUM('[2]2월누계'!$Z$8,'[2]2월누계'!$AH$8,'[2]2월누계'!$AN$8,'[2]2월누계'!$AO$8,'[2]2월누계'!$BA$8,'[2]2월누계'!$BD$8,'[2]2월누계'!$BE$8,'[2]2월누계'!$BF$8))/1000 -> 3.2826 | Q39: =+P39-O39 -> -0.2574 | R39: =+('[3]2월누계'!$F$8-SUM('[3]2월누계'!$Z$8,'[3]2월누계'!$AH$8,'[3]2월누계'!$AN$8,'[3]2월누계'!$AO$8,'[3]2월누계'!$BA$8,'[3]2월누계'!$BD$8,'[3]2월누계'!$BE$8,'[3]2월누계'!$BF$8))/1000 -> 3.3597 | S39: =+P39-R39 -> -0.0771 | T39: =+('[1]2월누계'!$E$26-'[1]2월누계'!$Z$26-'[1]2월누계'!$AA$26-'[1]2월누계'!$AE$26-'[1]2월누계'!$AL$26-'[1]2월누계'!$AM$26-'[1]2월누계'!$AN$26-'[1]2월누계'!$AO$26-'[1]2월누계'!$AP$26-'[1]2월누계'!$AQ$26-'[1]2월누계'!$AS$26+'[1]2월누계'!$AS$26)/1000 -> -89.705956 | U39: =+('[2]2월누계'!$F$26-SUM('[2]2월누계'!$Z$26,'[2]2월누계'!$AH$26,'[2]2월누계'!$AN$26,'[2]2월누계'!$AO$26,'[2]2월누계'!$BA$26,'[2]2월누계'!$BD$26,'[2]2월누계'!$BE$26,'[2]2월누계'!$BF$26))/1000-U38 -> -32.713884 | V39: =+U39-T39 -> 56.992072 | W39: =+('[3]2월누계'!$F$26-SUM('[3]2월누계'!$Z$26,'[3]2월누계'!$AH$26,'[3]2월누계'!$AN$26,'[3]2월누계'!$AO$26,'[3]2월누계'!$BA$26,'[3]2월누계'!$BD$26,'[3]2월누계'!$BE$26,'[3]2월누계'!$BF$26))/1000 -> -791.36337 | X39: =+U39-W39 -> 758.64949 | AJ39: =-[4]합계!$H$6 -> -127.2959
G40: =+I39 -> 기타 | H40: 기타 계 | J40: =SUM(J32:J39) -> 0 | K40: =SUM(K32:K39) -> 0 | L40: =+K40-J40 -> 0 | M40: =SUM(M32:M39) -> 0 | N40: =+K40-M40 -> 0 | O40: =SUM(O32:O39) -> 242.36667 | P40: =SUM(P32:P39) -> 109.3261 | Q40: =+P40-O40 -> -133.04056 | R40: =SUM(R32:R39) -> 331.77197 | S40: =+P40-R40 -> -222.44586 | T40: =SUM(T32:T39) -> -2982.8934 | U40: =SUM(U32:U39) -> -2902.3672 | V40: =+U40-T40 -> 80.526207 | W40: =SUM(W32:W39) -> -3498.7719 | X40: =+U40-W40 -> 596.40478
H41: 합계 | O41: =+O27+O31+O40 -> 39574.302 | P41: =+P27+P31+P40 -> 38811.306 | Q41: =+P41-O41 -> -762.99603 | R41: =+R27+R31+R40 -> 41623.263 | S41: =+P41-R41 -> -2811.9572 | T41: =+T27+T31+T40 -> -3159.0408 | U41: =+U27+U31+U40 -> -3372.4852 | V41: =+U41-T41 -> -213.4444 | W41: =+W27+W31+W40 -> -2911.8906 | X41: =+U41-W41 -> -460.59453 | AJ41: =[4]합계!$U$15-AJ39-AJ40 -> 2043.5754
G42: =+P41/O41 -> 0.98071991
H43: 건자재 | J43: =+IFERROR(HLOOKUP($B28,'[1]2월누계'!$D$6:$BN$259,2,),) -> 15000 | K43: =+IFERROR(HLOOKUP($E28,'[2]2월누계'!$F$6:$CP$99,2,),) -> 9952.774 | L43: =+K43-J43 -> -5047.226 | M43: =+IFERROR(HLOOKUP($E28,'[3]2월누계'!$F$6:$CC$57,2,),) -> 18460.025 | N43: =+K43-M43 -> -8507.251 | O43: =+IFERROR(HLOOKUP($B28,'[1]2월누계'!$D$6:$BN$259,3,),)/1000 -> 14389.456 | P43: =+IFERROR(HLOOKUP($E28,'[2]2월누계'!$F$6:$CP$99,3,),)/1000 -> 9976.5899 | Q43: =+P43-O43 -> -4412.8659 | R43: =+IFERROR(HLOOKUP($E28,'[3]2월누계'!$F$6:$CC$57,3,),)/1000 -> 15757.115 | S43: =+P43-R43 -> -5780.525 | T43: =+IFERROR(HLOOKUP($B28,'[1]2월누계'!$D$6:$BN$259,21,),)/1000 -> -82.713736 | U43: =+IFERROR(HLOOKUP($E28,'[2]2월누계'!$F$6:$CP$99,21,),)/1000 -> -120.11452 | V43: =+U43-T43 -> -37.400787 | W43: =+IFERROR(HLOOKUP($E28,'[3]2월누계'!$F$6:$CC$57,16,),)/1000 -> 12.558962 | X43: =+U43-W43 -> -132.67349
H44: 합계 | O44: =+O41+O43 -> 53963.758 | P44: =+P41+P43 -> 48787.896 | Q44: =+P44-O44 -> -5175.862 | R44: =+R41+R43 -> 57380.378 | S44: =+P44-R44 -> -8592.4821 | T44: =+T41+T43 -> -3241.7545 | U44: =+U41+U43 -> -3492.5997 | V44: =+U44-T44 -> -250.84518 | W44: =+W41+W43 -> -2899.3317 | X44: =+U44-W44 -> -593.26802
F48: =+K43/M43 -> 0.53915279 | G48: =+K43/J43 -> 0.66351827 | I48: 확인 | J48: =+'[1]2월누계'!$Z$7/1000 -> 365.9998 | K48: =+'[2]2월누계'!$AI$7/1000 -> 346.1295 | M48: =+'[3]2월누계'!$Z$7/1000 -> 388.6585 | O48: =+'[1]2월누계'!$E$8/1000 -> 53963.758 | P48: =+'[2]2월누계'!$F$8/1000 -> 48787.896 | R48: =+'[3]2월누계'!$F$8/1000 -> 57380.378 | T48: =+'[1]2월누계'!$E$26/1000 -> -3241.7545 | U48: =+'[2]2월누계'!$F$26/1000 -> -3492.5997 | W48: =+'[3]2월누계'!$F$26/1000 -> -2899.3317
F49: =+K31/M31 -> 0.99979282 | G49: =+K31/J31 -> 0.78610878 | J49: =+J48-J27 -> 0 | K49: =+K48-K27 -> 0 | M49: =+M48-M27 -> 0 | O49: =+O48-O44 -> 0 | P49: =+P48-P44 -> 0 | R49: =+R48-R44 -> 0 | T49: =+T48-T44 -> 3.6379788e-12 | U49: =+U48-U44 -> 0 | W49: =+W48-W44 -> 0
O51: =+O41-O43 -> 25184.846 | P51: =+P41-P43 -> 28834.716 | Q51: =+P51-O51 -> 3649.8699
O52: =+O51/100 -> 251.84846 | P52: =+P51/100 -> 288.34716 | Q52: =+P52-O52 -> 36.498699 | S52: 레미콘 | T52: =(+T27+T34)/100 -> -30.382475 | U52: =(+U27+U34)/100 -> -33.469248 | V52: =+U52-T52 -> -3.0867738 | W52: =+U52/T52-1 -> 0.10159718
Q53: =+P52/O52 -> 1.1449233 | S53: 골재 | T53: =+T31/100 -> -2.0581594 | U53: =+U31/100 -> -3.372777 | V53: =+U53-T53 -> -1.3146176
S54: 임대 | T54: =(T32+T33)/100 -> 2.0025274 | U54: =(U32+U33)/100 -> 0.52048177 | V54: =+U54-T54 -> -1.4820456
S55: 기타 | T55: =((T48-T43)/100)-T52-T53-T54 -> -1.1523012 | U55: =((U48-U43)/100)-U52-U53-U54 -> 2.5966919 | V55: =+U55-T55 -> 3.748993
T56: =SUM(T54:T55) -> 0.85022623 | U56: =SUM(U54:U55) -> 3.1171736 | V56: =SUM(V54:V55) -> 2.2669474
T57: =SUM(T52:T55) -> -31.590408 | U57: =SUM(U52:U55) -> -33.724852 | V57: =+U57-T57 -> -2.134444
S60: 임대 | T60: =+(T32+T33)/100 -> 2.0025274 | U60: =+(U32+U33)/100 -> 0.52048177 | V60: =+U60-T60 -> -1.4820456
S61: =+I35 -> OPC 소급분 | T61: =+T35/100 -> 0 | U61: =+U35/100 -> 3.6108556 | V61: =+U61-T61 -> 3.6108556
S62: =+I36 -> 대손 | T62: =+T36/100 -> 0 | U62: =+U36/100 -> 0 | V62: =+U62-T62 -> 0
S63: =+I37 -> 미운영 공장 | T63: =+T37/100 -> -0.25524162 | U63: =+U37/100 -> -0.6870249 | V63: =+U63-T63 -> -0.43178328
S64: =+I39 -> 기타 | T64: =+T39/100 -> -0.89705956 | U64: =+U39/100 -> -0.32713884 | V64: =+U64-T64 -> 0.56992072
T65: =SUM(T60:T64) -> 0.85022623 | U65: =SUM(U60:U64) -> 3.1171736 | V65: =SUM(V60:V64) -> 2.2669474
T68: =SUM(T32:T33,T35,T37:T39) -> 85.022623 | U68: =SUM(U32:U33,U35,U37:U39) -> 311.71736 | V68: =+U68-T68 -> 226.69474
T70: =+T41-T43 -> -3076.327 | U70: =+U41-U43 -> -3252.3706
T71: =+T70/100 -> -30.76327 | U71: =+U70/100 -> -32.523706 | V71: =+U71-T71 -> -1.7604361

Sheet 영업이익
D4: □ 레미콘 영업이익 차이분석(2026-02)
W5: [단위 : 백만원, 천㎥]
A6: 2024년 1월 마감 손익 | D6: 구분 | E6: 영업이익(공통비 미배부) | H6: 물량 차이 | L6: 판매단가 차이 | P6: 제조원가 차이 | T6: 판관비 등 차이
E7: 계획 | F7: 실적 | G7: 차이 | H7: 계획 | I7: 실적 | J7: 차이 | K7: 손익 | L7: 계획 | M7: 실적 | N7: 차이 | O7: 손익 | P7: 계획 | Q7: 실적 | R7: 차이 | S7: 손익 | T7: 계획 | U7: 실적 | V7: 차이 | W7: 손익
D8: 합계 | E8: =+[4]합계!$H$86/1000 -> 4.5210444 | F8: =+[4]합계!$I$86/1000 -> -381.81934 | G8: =+F8-E8 -> -386.34039 | H8: =+[4]합계!$T$5/1000 -> 176.9998 | I8: =+[4]합계!$U$5/1000 -> 170.009 | J8: =+I8-H8 -> -6.9908 | K8: =+[4]합계!$M$86/1000 -> -42.169043 | L8: =+[4]합계!$Q$85 -> 100556.99 | M8: =+[4]합계!$R$85 -> 104606.76 | N8: =+M8-L8 -> 4049.7727 | O8: =+[4]합계!$K$86/1000 -> 687.93894 | P8: =+[4]합계!$Q$50 -> 94592.362 | Q8: =+[4]합계!$R$50 -> 99688.754 | R8: =+Q8-P8 -> 5096.392 | S8: =+[4]합계!$L$56/1000 -> -750.2913 | T8: =+([4]합계!$H$80+[4]합계!$H$85)/1000 -> 1051.217 | U8: =+([4]합계!$I$80+[4]합계!$I$85)/1000 -> 1333.036 | V8: =+U8-T8 -> 281.81899 | W8: =+([4]합계!$L$80+[4]합계!$L$85)/1000 -> -281.81899 | Y8: =+G8-K8-O8-S8-W8 -> 1.6484591e-12 | Z8: =+Y8*1000000 -> 1.6484591e-06
D9: 수도권 | E9: =+[4]수도권!$H$86/1000 -> -84.22563 | F9: =+[4]수도권!$I$86/1000 -> -192.26995 | G9: =+F9-E9 -> -108.04432 | H9: =+[4]수도권!$T$5/1000 -> 67 | I9: =+[4]수도권!$U$5/1000 -> 66.767 | J9: =+I9-H9 -> -0.233 | K9: =+[4]수도권!$M$86/1000 -> -1.0724849 | L9: =+[4]수도권!$Q$85 -> 98247.173 | M9: =+[4]수도권!$R$85 -> 102553.11 | N9: =+M9-L9 -> 4305.9384 | O9: =+[4]수도권!$K$86/1000 -> 286.90037 | P9: =+[4]수도권!$Q$50 -> 94408.669 | Q9: =+[4]수도권!$R$50 -> 99596.652 | R9: =+Q9-P9 -> 5187.9827 | S9: =+[4]수도권!$L$56/1000 -> -345.6991 | T9: =+([4]수도권!$H$80+[4]수도권!$H$85)/1000 -> 341.40538 | U9: =+([4]수도권!$I$80+[4]수도권!$I$85)/1000 -> 389.57849 | V9: =+U9-T9 -> 48.173107 | W9: =+([4]수도권!$L$80+[4]수도권!$L$85)/1000 -> -48.173107 | Y9: =+G9-K9-O9-S9-W9 -> -2.9842795e-13 | Z9: =+Y9*1000000 -> -2.9842795e-07
D10: 영남권 | E10: =+[4]영남권!$H$86/1000 -> 110.33957 | F10: =+[4]영남권!$I$86/1000 -> -51.934856 | G10: =+F10-E10 -> -162.27442 | H10: =+[4]영남권!$T$5/1000 -> 83.5 | I10: =+[4]영남권!$U$5/1000 -> 73.925 | J10: =+I10-H10 -> -9.575 | K10: =+[4]영남권!$M$86/1000 -> -69.640733 | L10: =+[4]영남권!$Q$85 -> 100395.73 | M10: =+[4]영남권!$R$85 -> 106159.44 | N10: =+M10-L10 -> 5763.7107 | O10: =+[4]영남권!$K$86/1000 -> 426.08231 | P10: =+[4]영남권!$Q$50 -> 93122.547 | Q10: =+[4]영남권!$R$50 -> 98845.672 | R10: =+Q10-P10 -> 5723.125 | S10: =+[4]영남권!$L$56/1000 -> -307.80889 | T10: =+([4]영남권!$H$80+[4]영남권!$H$85)/1000 -> 496.97127 | U10: =+([4]영남권!$I$80+[4]영남권!$I$85)/1000 -> 707.87838 | V10: =+U10-T10 -> 210.90711 | W10: =+([4]영남권!$L$80+[4]영남권!$L$85)/1000 -> -210.90711 | Y10: =+G10-K10-O10-S10-W10 -> 8.2422957e-13 | Z10: =+Y10*1000000 -> 8.2422957e-07
D11: 기타권 | E11: =+[4]중부권!$H$86/1000 -> -21.592893 | F11: =+[4]중부권!$I$86/1000 -> -137.61454 | G11: =+F11-E11 -> -116.02164 | H11: =+[4]중부권!$T$5/1000 -> 26.4998 | I11: =+[4]중부권!$U$5/1000 -> 29.317 | J11: =+I11-H11 -> 2.8172 | K11: =+[4]중부권!$M$86/1000 -> 20.331562 | L11: =+[4]중부권!$Q$85 -> 106905.08 | M11: =+[4]중부권!$R$85 -> 105358.92 | N11: =+M11-L11 -> -1546.1532 | O11: =+[4]중부권!$K$86/1000 -> -45.328574 | P11: =+[4]중부권!$Q$50 -> 99688.137 | Q11: =+[4]중부권!$R$50 -> 102022.6 | R11: =+Q11-P11 -> 2334.4599 | S11: =+[4]중부권!$L$56/1000 -> -68.285858 | T11: =+([4]중부권!$H$80+[4]중부권!$H$85)/1000 -> 212.84035 | U11: =+([4]중부권!$I$80+[4]중부권!$I$85)/1000 -> 235.57912 | V11: =+U11-T11 -> 22.738773 | W11: =+([4]중부권!$L$80+[4]중부권!$L$85)/1000 -> -22.738773 | Y11: =+G11-K11-O11-S11-W11 -> 4.5474735e-13 | Z11: =+Y11*1000000 -> 4.5474735e-07
D12: 안양 | E12: =+[4]안양!$H$86/1000 -> 111.30886 | F12: =+[4]안양!$I$86/1000 -> 153.40702 | G12: =+F12-E12 -> 42.098164 | H12: =+[4]안양!$T$5/1000 -> 28 | I12: =+[4]안양!$U$5/1000 -> 29.129 | J12: =+I12-H12 -> 1.129 | K12: =+[4]안양!$M$86/1000 -> 8.5899897 | L12: =+[4]안양!$Q$85 -> 97630.953 | M12: =+[4]안양!$R$85 -> 104538.96 | N12: =+M12-L12 -> 6908.0035 | O12: =+[4]안양!$K$86/1000 -> 201.22323 | P12: =+[4]안양!$Q$50 -> 90022.459 | Q12: =+[4]안양!$R$50 -> 95013.631 | R12: =+Q12-P12 -> 4991.1723 | S12: =+[4]안양!$L$56/1000 -> -145.38933 | T12: =+([4]안양!$H$80+[4]안양!$H$85)/1000 -> 101.72897 | U12: =+([4]안양!$I$80+[4]안양!$I$85)/1000 -> 124.0547 | V12: =+U12-T12 -> 22.325729 | W12: =+([4]안양!$L$80+[4]안양!$L$85)/1000 -> -22.325729 | Y12: =+G12-K12-O12-S12-W12 -> 3.8369308e-13 | Z12: =+Y12*1000000 -> 3.8369308e-07
D13: 인천 | E13: =+[4]인천!$H$86/1000 -> -35.878112 | F13: =+[4]인천!$I$86/1000 -> -78.239109 | G13: =+F13-E13 -> -42.360997 | H13: =+[4]인천!$T$5/1000 -> 22 | I13: =+[4]인천!$U$5/1000 -> 21.471 | J13: =+I13-H13 -> -0.529 | K13: =+[4]인천!$M$86/1000 -> -1.7477591 | L13: =+[4]인천!$Q$85 -> 99931.965 | M13: =+[4]인천!$R$85 -> 103435.47 | N13: =+M13-L13 -> 3503.506 | O13: =+[4]인천!$K$86/1000 -> 74.740294 | P13: =+[4]인천!$Q$50 -> 96784.5 | Q13: =+[4]인천!$R$50 -> 101275.52 | R13: =+Q13-P13 -> 4491.0186 | S13: =+[4]인천!$L$56/1000 -> -95.806943 | T13: =+([4]인천!$H$80+[4]인천!$H$85)/1000 -> 105.12234 | U13: =+([4]인천!$I$80+[4]인천!$I$85)/1000 -> 124.66893 | V13: =+U13-T13 -> 19.546589 | W13: =+([4]인천!$L$80+[4]인천!$L$85)/1000 -> -19.546589 | Y13: =+G13-K13-O13-S13-W13 -> -6.1461947e-13 | Z13: =+Y13*1000000 -> -6.1461947e-07
D14: 파주 | E14: =+[4]파주!$H$86/1000 -> -120.66919 | F14: =+[4]파주!$I$86/1000 -> -146.03662 | G14: =+F14-E14 -> -25.367431 | H14: =+[4]파주!$T$5/1000 -> 9 | I14: =+[4]파주!$U$5/1000 -> 8.475 | J14: =+I14-H14 -> -0.525 | K14: =+[4]파주!$M$86/1000 -> 2.5254388 | L14: =+[4]파주!$Q$85 -> 93873.497 | M14: =+[4]파주!$R$85 -> 97714.336 | N14: =+M14-L14 -> 3840.8389 | O14: =+[4]파주!$K$86/1000 -> 32.55111 | P14: =+[4]파주!$Q$50 -> 98683.857 | Q14: =+[4]파주!$R$50 -> 105888.77 | R14: =+Q14-P14 -> 7204.9148 | S14: =+[4]파주!$L$56/1000 -> -61.061645 | T14: =+([4]파주!$H$80+[4]파주!$H$85)/1000 -> 77.375953 | U14: =+([4]파주!$I$80+[4]파주!$I$85)/1000 -> 76.758288 | V14: =+U14-T14 -> -0.61766534 | W14: =+([4]파주!$L$80+[4]파주!$L$85)/1000 -> 0.61766534 | Y14: =+G14-K14-O14-S14-W14 -> 2.8532732e-14 | Z14: =+Y14*1000000 -> 2.8532732e-08
D15: 김포 | E15: =+[4]김포!$H$86/1000 -> -38.987187 | F15: =+[4]김포!$I$86/1000 -> -121.40124 | G15: =+F15-E15 -> -82.414057 | H15: =+[4]김포!$T$5/1000 -> 8 | I15: =+[4]김포!$U$5/1000 -> 7.692 | J15: =+I15-H15 -> -0.308 | K15: =+[4]김포!$M$86/1000 -> -0.70035075 | L15: =+[4]김포!$Q$85 -> 100691.15 | M15: =+[4]김포!$R$85 -> 97917.065 | N15: =+M15-L15 -> -2774.0812 | O15: =+[4]김포!$K$86/1000 -> -21.338232 | P15: =+[4]김포!$Q$50 -> 98417.28 | Q15: =+[4]김포!$R$50 -> 105366.97 | R15: =+Q15-P15 -> 6949.6905 | S15: =+[4]김포!$L$56/1000 -> -53.457019 | T15: =+([4]김포!$H$80+[4]김포!$H$85)/1000 -> 57.178116 | U15: =+([4]김포!$I$80+[4]김포!$I$85)/1000 -> 64.09657 | V15: =+U15-T15 -> 6.9184546 | W15: =+([4]김포!$L$80+[4]김포!$L$85)/1000 -> -6.9184546 | Y15: =+G15-K15-O15-S15-W15 -> -8.437695e-14 | Z15: =+Y15*1000000 -> -8.437695e-08
D16: 부산 | E16: =+[4]부산!$H$86/1000 -> 74.964892 | F16: =+[4]부산!$I$86/1000 -> 207.73551 | G16: =+F16-E16 -> 132.77062 | H16: =+[4]부산!$T$5/1000 -> 16 | I16: =+[4]부산!$U$5/1000 -> 19.626 | J16: =+I16-H16 -> 3.626 | K16: =+[4]부산!$M$86/1000 -> 41.180328 | L16: =+[4]부산!$Q$85 -> 107714.31 | M16: =+[4]부산!$R$85 -> 116262.35 | N16: =+M16-L16 -> 8548.0386 | O16: =+[4]부산!$K$86/1000 -> 167.76381 | P16: =+[4]부산!$Q$50 -> 96357.352 | Q16: =+[4]부산!$R$50 -> 100079.62 | R16: =+Q16-P16 -> 3722.2636 | S16: =+[4]부산!$L$56/1000 -> -8.0551036 | T16: =+([4]부산!$H$80+[4]부산!$H$85)/1000 -> 106.74643 | U16: =+([4]부산!$I$80+[4]부산!$I$85)/1000 -> 174.86484 | V16: =+U16-T16 -> 68.118415 | W16: =+([4]부산!$L$80+[4]부산!$L$85)/1000 -> -68.118415 | Y16: =+G16-K16-O16-S16-W16 -> 1.8474111e-13 | Z16: =+Y16*1000000 -> 1.8474111e-07
D17: 서부산 | E17: =+[4]서부산!$H$86/1000 -> 118.33251 | F17: =+[4]서부산!$I$86/1000 -> -5.990017 | G17: =+F17-E17 -> -124.32253 | H17: =+[4]서부산!$T$5/1000 -> 16 | I17: =+[4]서부산!$U$5/1000 -> 11.794 | J17: =+I17-H17 -> -4.206 | K17: =+[4]서부산!$M$86/1000 -> -52.961101 | L17: =+[4]서부산!$Q$85 -> 100042.91 | M17: =+[4]서부산!$R$85 -> 102387.1 | N17: =+M17-L17 -> 2344.1898 | O17: =+[4]서부산!$K$86/1000 -> 27.647374 | P17: =+[4]서부산!$Q$50 -> 87451.116 | Q17: =+[4]서부산!$R$50 -> 94610.559 | R17: =+Q17-P17 -> 7159.4427 | S17: =+[4]서부산!$L$56/1000 -> -48.028613 | T17: =+([4]서부산!$H$80+[4]서부산!$H$85)/1000 -> 83.136253 | U17: =+([4]서부산!$I$80+[4]서부산!$I$85)/1000 -> 134.11644 | V17: =+U17-T17 -> 50.980187 | W17: =+([4]서부산!$L$80+[4]서부산!$L$85)/1000 -> -50.980187 | Y17: =+G17-K17-O17-S17-W17 -> 0 | Z17: =+Y17*1000000 -> 0
D18: 김해 | E18: =+[4]김해!$H$86/1000 -> -14.53489 | F18: =+[4]김해!$I$86/1000 -> -36.280646 | G18: =+F18-E18 -> -21.745756 | H18: =+[4]김해!$T$5/1000 -> 7 | I18: =+[4]김해!$U$5/1000 -> 5.282 | J18: =+I18-H18 -> -1.718 | K18: =+[4]김해!$M$86/1000 -> -7.6500276 | L18: =+[4]김해!$Q$85 -> 97848.424 | M18: =+[4]김해!$R$85 -> 102457.72 | N18: =+M18-L18 -> 4609.3003 | O18: =+[4]김해!$K$86/1000 -> 24.346324 | P18: =+[4]김해!$Q$50 -> 93395.556 | Q18: =+[4]김해!$R$50 -> 99053.898 | R18: =+Q18-P18 -> 5658.3423 | S18: =+[4]김해!$L$56/1000 -> -27.25346 | T18: =+([4]김해!$H$80+[4]김해!$H$85)/1000 -> 45.704967 | U18: =+([4]김해!$I$80+[4]김해!$I$85)/1000 -> 56.89356 | V18: =+U18-T18 -> 11.188593 | W18: =+([4]김해!$L$80+[4]김해!$L$85)/1000 -> -11.188593 | Y18: =+G18-K18-O18-S18-W18 -> 4.4408921e-14 | Z18: =+Y18*1000000 -> 4.4408921e-08
D19: 정관 | E19: =+[4]정관!$H$86/1000 -> 71.756078 | F19: =+[4]정관!$I$86/1000 -> -47.580852 | G19: =+F19-E19 -> -119.33693 | H19: =+[4]정관!$T$5/1000 -> 18 | I19: =+[4]정관!$U$5/1000 -> 10.532 | J19: =+I19-H19 -> -7.468 | K19: =+[4]정관!$M$86/1000 -> -58.63003 | L19: =+[4]정관!$Q$85 -> 99878.149 | M19: =+[4]정관!$R$85 -> 108553.54 | N19: =+M19-L19 -> 8675.393 | O19: =+[4]정관!$K$86/1000 -> 91.369239 | P19: =+[4]정관!$Q$50 -> 92027.314 | Q19: =+[4]정관!$R$50 -> 104797.58 | R19: =+Q19-P19 -> 12770.263 | S19: =+[4]정관!$L$56/1000 -> -126.9113 | T19: =+([4]정관!$H$80+[4]정관!$H$85)/1000 -> 69.558937 | U19: =+([4]정관!$I$80+[4]정관!$I$85)/1000 -> 94.723775 | V19: =+U19-T19 -> 25.164838 | W19: =+([4]정관!$L$80+[4]정관!$L$85)/1000 -> -25.164838 | Y19: =+G19-K19-O19-S19-W19 -> -1.7408297e-13 | Z19: =+Y19*1000000 -> -1.7408297e-07
D20: 양산 | E20: =+[4]양산!$H$86/1000 -> -26.949417 | F20: =+[4]양산!$I$86/1000 -> -66.233686 | G20: =+F20-E20 -> -39.284269 | H20: =+[4]양산!$T$5/1000 -> 6 | I20: =+[4]양산!$U$5/1000 -> 3.393 | J20: =+I20-H20 -> -2.607 | K20: =+[4]양산!$M$86/1000 -> -5.7498915 | L20: =+[4]양산!$Q$85 -> 96105.49 | M20: =+[4]양산!$R$85 -> 106264.99 | N20: =+M20-L20 -> 10159.497 | O20: =+[4]양산!$K$86/1000 -> 34.471174 | P20: =+[4]양산!$Q$50 -> 93899.931 | Q20: =+[4]양산!$R$50 -> 110760.24 | R20: =+Q20-P20 -> 16860.313 | S20: =+[4]양산!$L$56/1000 -> -57.207038 | T20: =+([4]양산!$H$80+[4]양산!$H$85)/1000 -> 40.182769 | U20: =+([4]양산!$I$80+[4]양산!$I$85)/1000 -> 50.981283 | V20: =+U20-T20 -> 10.798514 | W20: =+([4]양산!$L$80+[4]양산!$L$85)/1000 -> -10.798514 | Y20: =+G20-K20-O20-S20-W20 -> 6.2172489e-14 | Z20: =+Y20*1000000 -> 6.2172489e-08
D21: 창원 | E21: =+[4]창원!$H$86/1000 -> -6.3142939 | F21: =+[4]창원!$I$86/1000 -> -25.872475 | G21: =+F21-E21 -> -19.558181 | H21: =+[4]창원!$T$5/1000 -> 8.5 | I21: =+[4]창원!$U$5/1000 -> 9.434 | J21: =+I21-H21 -> 0.934 | K21: =+[4]창원!$M$86/1000 -> 5.9307694 | L21: =+[4]창원!$Q$85 -> 98127.988 | M21: =+[4]창원!$R$85 -> 94257.876 | N21: =+M21-L21 -> -3870.112 | O21: =+[4]창원!$K$86/1000 -> -36.510636 | P21: =+[4]창원!$Q$50 -> 91778.128 | Q21: =+[4]창원!$R$50 -> 88255.018 | R21: =+Q21-P21 -> -3523.1099 | S21: =+[4]창원!$L$56/1000 -> 36.803552 | T21: =+([4]창원!$H$80+[4]창원!$H$85)/1000 -> 60.288106 | U21: =+([4]창원!$I$80+[4]창원!$I$85)/1000 -> 86.069971 | V21: =+U21-T21 -> 25.781866 | W21: =+([4]창원!$L$80+[4]창원!$L$85)/1000 -> -25.781866 | Y21: =+G21-K21-O21-S21-W21 -> -2.8421709e-14 | Z21: =+Y21*1000000 -> -2.8421709e-08
D22: 대구 | E22: =+[4]대구!$H$86/1000 -> -25.107902 | F22: =+[4]대구!$I$86/1000 -> -89.101347 | G22: =+F22-E22 -> -63.993445 | H22: =+[4]대구!$T$5/1000 -> 6.5 | I22: =+[4]대구!$U$5/1000 -> 4.393 | J22: =+I22-H22 -> -2.107 | K22: =+[4]대구!$M$86/1000 -> -6.9510184 | L22: =+[4]대구!$Q$85 -> 90234.09 | M22: =+[4]대구!$R$85 -> 86438.613 | N22: =+M22-L22 -> -3795.477 | O22: =+[4]대구!$K$86/1000 -> -16.67353 | P22: =+[4]대구!$Q$50 -> 86935.078 | Q22: =+[4]대구!$R$50 -> 94339.339 | R22: =+Q22-P22 -> 7404.2606 | S22: =+[4]대구!$L$56/1000 -> -32.526922 | T22: =+([4]대구!$H$80+[4]대구!$H$85)/1000 -> 46.55148 | U22: =+([4]대구!$I$80+[4]대구!$I$85)/1000 -> 54.393455 | V22: =+U22-T22 -> 7.8419743 | W22: =+([4]대구!$L$80+[4]대구!$L$85)/1000 -> -7.8419743 | Y22: =+G22-K22-O22-S22-W22 -> -1.1546319e-14 | Z22: =+Y22*1000000 -> -1.1546319e-08
D23: 울산 | E23: =+[4]울산!$H$86/1000 -> -81.807409 | F23: =+[4]울산!$I$86/1000 -> 11.388659 | G23: =+F23-E23 -> 93.196068 | H23: =+[4]울산!$T$5/1000 -> 5.5 | I23: =+[4]울산!$U$5/1000 -> 9.471 | J23: =+I23-H23 -> 3.971 | K23: =+[4]울산!$M$86/1000 -> -26.717672 | L23: =+[4]울산!$Q$85 -> 105261.79 | M23: =+[4]울산!$R$85 -> 110288.25 | N23: =+M23-L23 -> 5026.4581 | O23: =+[4]울산!$K$86/1000 -> 47.605585 | P23: =+[4]울산!$Q$50 -> 111989.99 | Q23: =+[4]울산!$R$50 -> 103197.96 | R23: =+Q23-P23 -> -8792.029 | S23: =+[4]울산!$L$56/1000 -> 83.34088 | T23: =+([4]울산!$H$80+[4]울산!$H$85)/1000 -> 44.802323 | U23: =+([4]울산!$I$80+[4]울산!$I$85)/1000 -> 55.835047 | V23: =+U23-T23 -> 11.032724 | W23: =+([4]울산!$L$80+[4]울산!$L$85)/1000 -> -11.032724 | Y23: =+G23-K23-O23-S23-W23 -> 1.2079227e-13 | Z23: =+Y23*1000000 -> 1.2079227e-07
D24: 아산 | E24: =+[4]아산!$H$86/1000 -> -64.53117 | F24: =+[4]아산!$I$86/1000 -> -9.287506 | G24: =+F24-E24 -> 55.243664 | H24: =+[4]아산!$T$5/1000 -> 10 | I24: =+[4]아산!$U$5/1000 -> 15.899 | J24: =+I24-H24 -> 5.899 | K24: =+[4]아산!$M$86/1000 -> 13.416199 | L24: =+[4]아산!$Q$85 -> 98718.316 | M24: =+[4]아산!$R$85 -> 102211.67 | N24: =+M24-L24 -> 3493.352 | O24: =+[4]아산!$K$86/1000 -> 55.540804 | P24: =+[4]아산!$Q$50 -> 96443.999 | Q24: =+[4]아산!$R$50 -> 96781.731 | R24: =+Q24-P24 -> 337.73242 | S24: =+[4]아산!$L$56/1000 -> -5.3696127 | T24: =+([4]아산!$H$80+[4]아산!$H$85)/1000 -> 87.274345 | U24: =+([4]아산!$I$80+[4]아산!$I$85)/1000 -> 95.61807 | V24: =+U24-T24 -> 8.3437254 | W24: =+([4]아산!$L$80+[4]아산!$L$85)/1000 -> -8.3437254 | Y24: =+G24-K24-O24-S24-W24 -> -2.6645353e-14 | Z24: =+Y24*1000000 -> -2.6645353e-08
D25: 전주 | E25: =+[4]전주!$H$86/1000 -> -28.142013 | F25: =+[4]전주!$I$86/1000 -> -75.588009 | G25: =+F25-E25 -> -47.445996 | H25: =+[4]전주!$T$5/1000 -> 6 | I25: =+[4]전주!$U$5/1000 -> 6.723 | J25: =+I25-H25 -> 0.723 | K25: =+[4]전주!$M$86/1000 -> 3.0363601 | L25: =+[4]전주!$Q$85 -> 101766.57 | M25: =+[4]전주!$R$85 -> 95309.542 | N25: =+M25-L25 -> -6457.0284 | O25: =+[4]전주!$K$86/1000 -> -43.410602 | P25: =+[4]전주!$Q$50 -> 97566.902 | Q25: =+[4]전주!$R$50 -> 97648.664 | R25: =+Q25-P25 -> 81.762132 | S25: =+[4]전주!$L$56/1000 -> -0.54968526 | T25: =+([4]전주!$H$80+[4]전주!$H$85)/1000 -> 53.340021 | U25: =+([4]전주!$I$80+[4]전주!$I$85)/1000 -> 59.862091 | V25: =+U25-T25 -> 6.5220691 | W25: =+([4]전주!$L$80+[4]전주!$L$85)/1000 -> -6.5220691 | Y25: =+G25-K25-O25-S25-W25 -> -4.4408921e-14 | Z25: =+Y25*1000000 -> -4.4408921e-08
D26: 군산 | E26: =+[4]군산!$H$86/1000 -> 11.36952 | F26: =+[4]군산!$I$86/1000 -> -20.390283 | G26: =+F26-E26 -> -31.759803 | H26: =+[4]군산!$T$5/1000 -> 2.5 | I26: =+[4]군산!$U$5/1000 -> 1.991 | J26: =+I26-H26 -> -0.509 | K26: =+[4]군산!$M$86/1000 -> -7.1042974 | L26: =+[4]군산!$Q$85 -> 115783.56 | M26: =+[4]군산!$R$85 -> 108945.32 | N26: =+M26-L26 -> -6838.2357 | O26: =+[4]군산!$K$86/1000 -> -13.614927 | P26: =+[4]군산!$Q$50 -> 101826.2 | Q26: =+[4]군산!$R$50 -> 105700.34 | R26: =+Q26-P26 -> 3874.1407 | S26: =+[4]군산!$L$56/1000 -> -7.648165 | T26: =+([4]군산!$H$80+[4]군산!$H$85)/1000 -> 23.523886 | U26: =+([4]군산!$I$80+[4]군산!$I$85)/1000 -> 26.916299 | V26: =+U26-T26 -> 3.3924133 | W26: =+([4]군산!$L$80+[4]군산!$L$85)/1000 -> -3.3924133 | Y26: =+G26-K26-O26-S26-W26 -> 5.1514348e-14 | Z26: =+Y26*1000000 -> 5.1514348e-08
D27: 원주 | E27: =+[4]원주!$H$86/1000 -> 33.348804 | F27: =+[4]원주!$I$86/1000 -> -24.850722 | G27: =+F27-E27 -> -58.199526 | H27: =+[4]원주!$T$5/1000 -> 2.9998 | I27: =+[4]원주!$U$5/1000 -> 1.475 | J27: =+I27-H27 -> -1.5248 | K27: =+[4]원주!$M$86/1000 -> -26.510664 | L27: =+[4]원주!$Q$85 -> 114801.84 | M27: =+[4]원주!$R$85 -> 128431.8 | N27: =+M27-L27 -> 13629.955 | O27: =+[4]원주!$K$86/1000 -> 20.104183 | P27: =+[4]원주!$Q$50 -> 97415.52 | Q27: =+[4]원주!$R$50 -> 131107.38 | R27: =+Q27-P27 -> 33691.86 | S27: =+[4]원주!$L$56/1000 -> -49.695494 | T27: =+([4]원주!$H$80+[4]원주!$H$85)/1000 -> 18.806685 | U27: =+([4]원주!$I$80+[4]원주!$I$85)/1000 -> 20.904236 | V27: =+U27-T27 -> 2.0975508 | W27: =+([4]원주!$L$80+[4]원주!$L$85)/1000 -> -2.0975508 | Y27: =+G27-K27-O27-S27-W27 -> -5.595524e-14 | Z27: =+Y27*1000000 -> -5.595524e-08
D28: 제주 | E28: =+[4]제주!$H$86/1000 -> 26.361966 | F28: =+[4]제주!$I$86/1000 -> -7.498015 | G28: =+F28-E28 -> -33.859981 | H28: =+[4]제주!$T$5/1000 -> 5 | I28: =+[4]제주!$U$5/1000 -> 3.229 | J28: =+I28-H28 -> -1.771 | K28: =+[4]제주!$M$86/1000 -> -19.926362 | L28: =+[4]제주!$Q$85 -> 120267.82 | M28: =+[4]제주!$R$85 -> 129027.92 | N28: =+M28-L28 -> 8760.0998 | O28: =+[4]제주!$K$86/1000 -> 28.286362 | P28: =+[4]제주!$Q$50 -> 109016.34 | Q28: =+[4]제주!$R$50 -> 121353.59 | R28: =+Q28-P28 -> 12337.244 | S28: =+[4]제주!$L$56/1000 -> -39.836968 | T28: =+([4]제주!$H$80+[4]제주!$H$85)/1000 -> 29.895409 | U28: =+([4]제주!$I$80+[4]제주!$I$85)/1000 -> 32.278423 | V28: =+U28-T28 -> 2.3830139 | W28: =+([4]제주!$L$80+[4]제주!$L$85)/1000 -> -2.3830139 | Y28: =+G28-K28-O28-S28-W28 -> 1.7763568e-14 | Z28: =+Y28*1000000 -> 1.7763568e-08
Y35: · 집합대손 2.2억 // 개별대손 3억(삼정이앤시) → 안양 2.9억, 양산 0.1억

Sheet 공헌이익
D4: □ 레미콘 단위당 공헌이익(2026-02)
V5: [단위 : 원/㎥]
A6: 2024년 1월 마감 손익 | D6: 구분 | E6: 판매단가 | H6: 재료비 | K6: 운반비 | N6: 유류비 | Q6: 변동비 계 | T6: 공헌이익
E7: 계획 | F7: 실적 | G7: 차이 | H7: 계획 | I7: 실적 | J7: 차이 | K7: 계획 | L7: 실적 | M7: 차이 | N7: 계획 | O7: 실적 | P7: 차이 | Q7: 계획 | R7: 실적 | S7: 차이 | T7: 계획 | U7: 실적 | V7: 차이
D8: 평균 | E8: =+[4]합계!$Q$85 -> 100556.99 | F8: =+[4]합계!$R$85 -> 104606.76 | G8: =+F8-E8 -> 4049.7727 | H8: =+[4]합계!$Q$20 -> 62575.745 | I8: =+[4]합계!$R$20 -> 65317.953 | J8: =+I8-H8 -> 2742.2071 | K8: =+[4]합계!$Q$21 -> 19824.79 | L8: =+[4]합계!$R$21 -> 20218.441 | M8: =+L8-K8 -> 393.65116 | N8: =+[4]합계!$Q$22 -> 427.72506 | O8: =+[4]합계!$R$22 -> 382.16279 | P8: =+O8-N8 -> -45.56227 | Q8: =H8+K8+N8 -> 82828.26 | R8: =I8+L8+O8 -> 85918.556 | S8: =+R8-Q8 -> 3090.296 | T8: =+E8-Q8 -> 17728.73 | U8: =+F8-R8 -> 18688.207 | V8: =+U8-T8 -> 959.47673
D9: 수도권 | E9: =+[4]수도권!$Q$85 -> 98247.173 | F9: =+[4]수도권!$R$85 -> 102553.11 | G9: =+F9-E9 -> 4305.9384 | H9: =+[4]수도권!$Q$20 -> 63697.561 | I9: =+[4]수도권!$R$20 -> 67919.084 | J9: =+I9-H9 -> 4221.523 | K9: =+[4]수도권!$Q$21 -> 19675.399 | L9: =+[4]수도권!$R$21 -> 19622.096 | M9: =+L9-K9 -> -53.302926 | N9: =+[4]수도권!$Q$22 -> 493.54104 | O9: =+[4]수도권!$R$22 -> 452.33065 | P9: =+O9-N9 -> -41.210393 | Q9: =H9+K9+N9 -> 83866.501 | R9: =I9+L9+O9 -> 87993.51 | S9: =+R9-Q9 -> 4127.0097 | T9: =+E9-Q9 -> 14380.672 | U9: =+F9-R9 -> 14559.601 | V9: =+U9-T9 -> 178.92875
D10: 영남권 | E10: =+[4]영남권!$Q$85 -> 100395.73 | F10: =+[4]영남권!$R$85 -> 106159.44 | G10: =+F10-E10 -> 5763.7107 | H10: =+[4]영남권!$Q$20 -> 61329.075 | I10: =+[4]영남권!$R$20 -> 63413.142 | J10: =+I10-H10 -> 2084.0678 | K10: =+[4]영남권!$Q$21 -> 20535.605 | L10: =+[4]영남권!$R$21 -> 20772.164 | M10: =+L10-K10 -> 236.5585 | N10: =+[4]영남권!$Q$22 -> 386.82635 | O10: =+[4]영남권!$R$22 -> 354.21245 | P10: =+O10-N10 -> -32.6139 | Q10: =H10+K10+N10 -> 82251.506 | R10: =I10+L10+O10 -> 84539.519 | S10: =+R10-Q10 -> 2288.0124 | T10: =+E10-Q10 -> 18144.224 | U10: =+F10-R10 -> 21619.922 | V10: =+U10-T10 -> 3475.6982
D11: 기타권 | E11: =+[4]중부권!$Q$85 -> 106905.08 | F11: =+[4]중부권!$R$85 -> 105358.92 | G11: =+F11-E11 -> -1546.1532 | H11: =+[4]중부권!$Q$20 -> 63667.654 | I11: =+[4]중부권!$R$20 -> 64211.002 | J11: =+I11-H11 -> 543.34813 | K11: =+[4]중부권!$Q$21 -> 17962.741 | L11: =+[4]중부권!$R$21 -> 20177.321 | M11: =+L11-K11 -> 2214.5801 | N11: =+[4]중부권!$Q$22 -> 390.19162 | O11: =+[4]중부권!$R$22 -> 293.24614 | P11: =+O11-N11 -> -96.945484 | Q11: =H11+K11+N11 -> 82020.587 | R11: =I11+L11+O11 -> 84681.57 | S11: =+R11-Q11 -> 2660.9828 | T11: =+E11-Q11 -> 24884.489 | U11: =+F11-R11 -> 20677.353 | V11: =+U11-T11 -> -4207.136
D12: 안양 | E12: =+[4]안양!$Q$85 -> 97630.953 | F12: =+[4]안양!$R$85 -> 104538.96 | G12: =+F12-E12 -> 6908.0035 | H12: =+[4]안양!$Q$20 -> 62205.419 | I12: =+[4]안양!$R$20 -> 67226.175 | J12: =+I12-H12 -> 5020.7563 | K12: =+[4]안양!$Q$21 -> 19140.228 | L12: =+[4]안양!$R$21 -> 19150.478 | M12: =+L12-K12 -> 10.250148 | N12: =+[4]안양!$Q$22 -> 410.71429 | O12: =+[4]안양!$R$22 -> 328.71642 | P12: =+O12-N12 -> -81.997862 | Q12: =H12+K12+N12 -> 81756.36 | R12: =I12+L12+O12 -> 86705.369 | S12: =+R12-Q12 -> 4949.0086 | T12: =+E12-Q12 -> 15874.593 | U12: =+F12-R12 -> 17833.588 | V12: =+U12-T12 -> 1958.9949
D13: 인천 | E13: =+[4]인천!$Q$85 -> 99931.965 | F13: =+[4]인천!$R$85 -> 103435.47 | G13: =+F13-E13 -> 3503.506 | H13: =+[4]인천!$Q$20 -> 66914.361 | I13: =+[4]인천!$R$20 -> 69649.854 | J13: =+I13-H13 -> 2735.4936 | K13: =+[4]인천!$Q$21 -> 20068.923 | L13: =+[4]인천!$R$21 -> 19498.614 | M13: =+L13-K13 -> -570.30908 | N13: =+[4]인천!$Q$22 -> 693.63636 | O13: =+[4]인천!$R$22 -> 714.89228 | P13: =+O13-N13 -> 21.255916 | Q13: =H13+K13+N13 -> 87676.92 | R13: =I13+L13+O13 -> 89863.361 | S13: =+R13-Q13 -> 2186.4404 | T13: =+E13-Q13 -> 12255.045 | U13: =+F13-R13 -> 13572.111 | V13: =+U13-T13 -> 1317.0656
D14: 파주 | E14: =+[4]파주!$Q$85 -> 93873.497 | F14: =+[4]파주!$R$85 -> 97714.336 | G14: =+F14-E14 -> 3840.8389 | H14: =+[4]파주!$Q$20 -> 60290.138 | I14: =+[4]파주!$R$20 -> 67269.802 | J14: =+I14-H14 -> 6979.6636 | K14: =+[4]파주!$Q$21 -> 20423.113 | L14: =+[4]파주!$R$21 -> 20605.26 | M14: =+L14-K14 -> 182.14724 | N14: =+[4]파주!$Q$22 -> 480.80556 | O14: =+[4]파주!$R$22 -> 276.2151 | P14: =+O14-N14 -> -204.59045 | Q14: =H14+K14+N14 -> 81194.057 | R14: =I14+L14+O14 -> 88151.277 | S14: =+R14-Q14 -> 6957.2204 | T14: =+E14-Q14 -> 12679.441 | U14: =+F14-R14 -> 9563.0591 | V14: =+U14-T14 -> -3116.3815
D15: 김포 | E15: =+[4]김포!$Q$85 -> 100691.15 | F15: =+[4]김포!$R$85 -> 97917.065 | G15: =+F15-E15 -> -2774.0812 | H15: =+[4]김포!$Q$20 -> 63907.211 | I15: =+[4]김포!$R$20 -> 66458.873 | J15: =+I15-H15 -> 2551.6616 | K15: =+[4]김포!$Q$21 -> 19625.126 | L15: =+[4]김포!$R$21 -> 20667.663 | M15: =+L15-K15 -> 1042.5368 | N15: =+[4]김포!$Q$22 -> 247.5 | O15: =+[4]김포!$R$22 -> 386.39886 | P15: =+O15-N15 -> 138.89886 | Q15: =H15+K15+N15 -> 83779.837 | R15: =I15+L15+O15 -> 87512.934 | S15: =+R15-Q15 -> 3733.0973 | T15: =+E15-Q15 -> 16911.309 | U15: =+F15-R15 -> 10404.131 | V15: =+U15-T15 -> -6507.1784
D16: 부산 | E16: =+[4]부산!$Q$85 -> 107714.31 | F16: =+[4]부산!$R$85 -> 116262.35 | G16: =+F16-E16 -> 8548.0386 | H16: =+[4]부산!$Q$20 -> 64746.789 | I16: =+[4]부산!$R$20 -> 68338.279 | J16: =+I16-H16 -> 3591.4905 | K16: =+[4]부산!$Q$21 -> 22028.281 | L16: =+[4]부산!$R$21 -> 22361.911 | M16: =+L16-K16 -> 333.63016 | N16: =+[4]부산!$Q$22 -> 593.75 | O16: =+[4]부산!$R$22 -> 549.93643 | P16: =+O16-N16 -> -43.81357 | Q16: =H16+K16+N16 -> 87368.82 | R16: =I16+L16+O16 -> 91250.127 | S16: =+R16-Q16 -> 3881.3071 | T16: =+E16-Q16 -> 20345.49 | U16: =+F16-R16 -> 25012.222 | V16: =+U16-T16 -> 4666.7316
D17: 서부산 | E17: =+[4]서부산!$Q$85 -> 100042.91 | F17: =+[4]서부산!$R$85 -> 102387.1 | G17: =+F17-E17 -> 2344.1898 | H17: =+[4]서부산!$Q$20 -> 61606.713 | I17: =+[4]서부산!$R$20 -> 62920.172 | J17: =+I17-H17 -> 1313.4591 | K17: =+[4]서부산!$Q$21 -> 17310.794 | L17: =+[4]서부산!$R$21 -> 18074.298 | M17: =+L17-K17 -> 763.50347 | N17: =+[4]서부산!$Q$22 -> 225 | O17: =+[4]서부산!$R$22 -> 284.23788 | P17: =+O17-N17 -> 59.237881 | Q17: =H17+K17+N17 -> 79142.507 | R17: =I17+L17+O17 -> 81278.708 | S17: =+R17-Q17 -> 2136.2005 | T17: =+E17-Q17 -> 20900.406 | U17: =+F17-R17 -> 21108.396 | V17: =+U17-T17 -> 207.98931
D18: 김해 | E18: =+[4]김해!$Q$85 -> 97848.424 | F18: =+[4]김해!$R$85 -> 102457.72 | G18: =+F18-E18 -> 4609.3003 | H18: =+[4]김해!$Q$20 -> 58042.604 | I18: =+[4]김해!$R$20 -> 57019.584 | J18: =+I18-H18 -> -1023.02 | K18: =+[4]김해!$Q$21 -> 21547.139 | L18: =+[4]김해!$R$21 -> 21597.771 | M18: =+L18-K18 -> 50.632638 | N18: =+[4]김해!$Q$22 -> 485.71429 | O18: =+[4]김해!$R$22 -> 690.8086 | P18: =+O18-N18 -> 205.09431 | Q18: =H18+K18+N18 -> 80075.457 | R18: =I18+L18+O18 -> 79308.164 | S18: =+R18-Q18 -> -767.29301 | T18: =+E18-Q18 -> 17772.967 | U18: =+F18-R18 -> 23149.56 | V18: =+U18-T18 -> 5376.5933
D19: 정관 | E19: =+[4]정관!$Q$85 -> 99878.149 | F19: =+[4]정관!$R$85 -> 108553.54 | G19: =+F19-E19 -> 8675.393 | H19: =+[4]정관!$Q$20 -> 63203.637 | I19: =+[4]정관!$R$20 -> 67131.747 | J19: =+I19-H19 -> 3928.1108 | K19: =+[4]정관!$Q$21 -> 20751.443 | L19: =+[4]정관!$R$21 -> 20428.207 | M19: =+L19-K19 -> -323.23617 | N19: =+[4]정관!$Q$22 -> 327.77778 | O19: =+[4]정관!$R$22 -> 304.85406 | P19: =+O19-N19 -> -22.923714 | Q19: =H19+K19+N19 -> 84282.857 | R19: =I19+L19+O19 -> 87864.808 | S19: =+R19-Q19 -> 3581.9509 | T19: =+E19-Q19 -> 15595.291 | U19: =+F19-R19 -> 20688.733 | V19: =+U19-T19 -> 5093.4421
D20: 양산 | E20: =+[4]양산!$Q$85 -> 96105.49 | F20: =+[4]양산!$R$85 -> 106264.99 | G20: =+F20-E20 -> 10159.497 | H20: =+[4]양산!$Q$20 -> 55517.209 | I20: =+[4]양산!$R$20 -> 56963.454 | J20: =+I20-H20 -> 1446.2455 | K20: =+[4]양산!$Q$21 -> 21503.287 | L20: =+[4]양산!$R$21 -> 25358.965 | M20: =+L20-K20 -> 3855.6778 | N20: =+[4]양산!$Q$22 -> 233.33333 | O20: =+[4]양산!$R$22 -> 89.377247 | P20: =+O20-N20 -> -143.95609 | Q20: =H20+K20+N20 -> 77253.829 | R20: =I20+L20+O20 -> 82411.796 | S20: =+R20-Q20 -> 5157.9672 | T20: =+E20-Q20 -> 18851.66 | U20: =+F20-R20 -> 23853.19 | V20: =+U20-T20 -> 5001.53
D21: 창원 | E21: =+[4]창원!$Q$85 -> 98127.988 | F21: =+[4]창원!$R$85 -> 94257.876 | G21: =+F21-E21 -> -3870.112 | H21: =+[4]창원!$Q$20 -> 60005.562 | I21: =+[4]창원!$R$20 -> 57680.048 | J21: =+I21-H21 -> -2325.514 | K21: =+[4]창원!$Q$21 -> 18885.973 | L21: =+[4]창원!$R$21 -> 17932.048 | M21: =+L21-K21 -> -953.92502 | N21: =+[4]창원!$Q$22 -> 352.94118 | O21: =+[4]창원!$R$22 -> 80.096142 | P21: =+O21-N21 -> -272.84503 | Q21: =H21+K21+N21 -> 79244.477 | R21: =I21+L21+O21 -> 75692.193 | S21: =+R21-Q21 -> -3552.284 | T21: =+E21-Q21 -> 18883.511 | U21: =+F21-R21 -> 18565.683 | V21: =+U21-T21 -> -317.82795
D22: 대구 | E22: =+[4]대구!$Q$85 -> 90234.09 | F22: =+[4]대구!$R$85 -> 86438.613 | G22: =+F22-E22 -> -3795.477 | H22: =+[4]대구!$Q$20 -> 54712.222 | I22: =+[4]대구!$R$20 -> 53046.811 | J22: =+I22-H22 -> -1665.4107 | K22: =+[4]대구!$Q$21 -> 17874.176 | L22: =+[4]대구!$R$21 -> 17850.862 | M22: =+L22-K22 -> -23.31328 | N22: =+[4]대구!$Q$22 -> 461.53846 | O22: =+[4]대구!$R$22 -> 337.08901 | P22: =+O22-N22 -> -124.44946 | Q22: =H22+K22+N22 -> 73047.936 | R22: =I22+L22+O22 -> 71234.762 | S22: =+R22-Q22 -> -1813.1734 | T22: =+E22-Q22 -> 17186.155 | U22: =+F22-R22 -> 15203.851 | V22: =+U22-T22 -> -1982.3035
D23: 울산 | E23: =+[4]울산!$Q$85 -> 105261.79 | F23: =+[4]울산!$R$85 -> 110288.25 | G23: =+F23-E23 -> 5026.4581 | H23: =+[4]울산!$Q$20 -> 64832.372 | I23: =+[4]울산!$R$20 -> 66076.674 | J23: =+I23-H23 -> 1244.3021 | K23: =+[4]울산!$Q$21 -> 28219.863 | L23: =+[4]울산!$R$21 -> 23299.388 | M23: =+L23-K23 -> -4920.4756 | N23: =+[4]울산!$Q$22 -> 454.54545 | O23: =+[4]울산!$R$22 -> 278.76775 | P23: =+O23-N23 -> -175.7777 | Q23: =H23+K23+N23 -> 93506.781 | R23: =I23+L23+O23 -> 89654.83 | S23: =+R23-Q23 -> -3851.9512 | T23: =+E23-Q23 -> 11755.009 | U23: =+F23-R23 -> 20633.419 | V23: =+U23-T23 -> 8878.4093
D24: 아산 | E24: =+[4]아산!$Q$85 -> 98718.316 | F24: =+[4]아산!$R$85 -> 102211.67 | G24: =+F24-E24 -> 3493.352 | H24: =+[4]아산!$Q$20 -> 59202.973 | I24: =+[4]아산!$R$20 -> 62785.256 | J24: =+I24-H24 -> 3582.2827 | K24: =+[4]아산!$Q$21 -> 21061.197 | L24: =+[4]아산!$R$21 -> 22424.442 | M24: =+L24-K24 -> 1363.2451 | N24: =+[4]아산!$Q$22 -> 300 | O24: =+[4]아산!$R$22 -> 207.61281 | P24: =+O24-N24 -> -92.387194 | Q24: =H24+K24+N24 -> 80564.17 | R24: =I24+L24+O24 -> 85417.311 | S24: =+R24-Q24 -> 4853.1407 | T24: =+E24-Q24 -> 18154.146 | U24: =+F24-R24 -> 16794.357 | V24: =+U24-T24 -> -1359.7887
D25: 전주 | E25: =+[4]전주!$Q$85 -> 101766.57 | F25: =+[4]전주!$R$85 -> 95309.542 | G25: =+F25-E25 -> -6457.0284 | H25: =+[4]전주!$Q$20 -> 62973.347 | I25: =+[4]전주!$R$20 -> 61257.811 | J25: =+I25-H25 -> -1715.5362 | K25: =+[4]전주!$Q$21 -> 16345.724 | L25: =+[4]전주!$R$21 -> 19047.926 | M25: =+L25-K25 -> 2702.2022 | N25: =+[4]전주!$Q$22 -> 583.33333 | O25: =+[4]전주!$R$22 -> 227.28648 | P25: =+O25-N25 -> -356.04685 | Q25: =H25+K25+N25 -> 79902.404 | R25: =I25+L25+O25 -> 80533.023 | S25: =+R25-Q25 -> 630.6192 | T25: =+E25-Q25 -> 21864.166 | U25: =+F25-R25 -> 14776.519 | V25: =+U25-T25 -> -7087.6476
D26: 군산 | E26: =+[4]군산!$Q$85 -> 115783.56 | F26: =+[4]군산!$R$85 -> 108945.32 | G26: =+F26-E26 -> -6838.2357 | H26: =+[4]군산!$Q$20 -> 62241.535 | I26: =+[4]군산!$R$20 -> 58104.627 | J26: =+I26-H26 -> -4136.9079 | K26: =+[4]군산!$Q$21 -> 14460.273 | L26: =+[4]군산!$R$21 -> 14738.278 | M26: =+L26-K26 -> 278.00553 | N26: =+[4]군산!$Q$22 -> 136 | O26: =+[4]군산!$R$22 -> 108.1866 | P26: =+O26-N26 -> -27.8134 | Q26: =H26+K26+N26 -> 76837.808 | R26: =I26+L26+O26 -> 72951.092 | S26: =+R26-Q26 -> -3886.7157 | T26: =+E26-Q26 -> 38945.75 | U26: =+F26-R26 -> 35994.23 | V26: =+U26-T26 -> -2951.5199
D27: 원주 | E27: =+[4]원주!$Q$85 -> 114801.84 | F27: =+[4]원주!$R$85 -> 128431.8 | G27: =+F27-E27 -> 13629.955 | H27: =+[4]원주!$Q$20 -> 59069.285 | I27: =+[4]원주!$R$20 -> 64897.252 | J27: =+I27-H27 -> 5827.9668 | K27: =+[4]원주!$Q$21 -> 14796.949 | L27: =+[4]원주!$R$21 -> 15272.841 | M27: =+L27-K27 -> 475.89168 | N27: =+[4]원주!$Q$22 -> 333.35556 | O27: =+[4]원주!$R$22 -> 1351.6203 | P27: =+O27-N27 -> 1018.2648 | Q27: =H27+K27+N27 -> 74199.59 | R27: =I27+L27+O27 -> 81521.713 | S27: =+R27-Q27 -> 7322.1232 | T27: =+E27-Q27 -> 40602.252 | U27: =+F27-R27 -> 46910.083 | V27: =+U27-T27 -> 6307.8313
D28: 제주 | E28: =+[4]제주!$Q$85 -> 120267.82 | F28: =+[4]제주!$R$85 -> 129027.92 | G28: =+F28-E28 -> 8760.0998 | H28: =+[4]제주!$Q$20 -> 76902.081 | I28: =+[4]제주!$R$20 -> 80876.958 | J28: =+I28-H28 -> 3974.8771 | K28: =+[4]제주!$Q$21 -> 17356.834 | L28: =+[4]제주!$R$21 -> 17098.887 | M28: =+L28-K28 -> -257.94704 | N28: =+[4]제주!$Q$22 -> 500 | O28: =+[4]제주!$R$22 -> 484.24156 | P28: =+O28-N28 -> -15.758439 | Q28: =H28+K28+N28 -> 94758.915 | R28: =I28+L28+O28 -> 98460.087 | S28: =+R28-Q28 -> 3701.1716 | T28: =+E28-Q28 -> 25508.905 | U28: =+F28-R28 -> 30567.833 | V28: =+U28-T28 -> 5058.9281

Sheet 재료비단가
D4: □ 레미콘 원재료단가(2026-02)
A6: 2024년 1월 마감 손익 | D6: 구분 | E6: OPC (원/톤) | H6: SC (원/톤) | K6: SP (원/톤) | N6: FA (원/톤) | Q6: 자갈 (원/톤) | T6: 모래 (원/톤)
E7: 계획 | F7: 실적 | G7: 차이 | H7: 계획 | I7: 실적 | J7: 차이 | K7: 계획 | L7: 실적 | M7: 차이 | N7: 계획 | O7: 실적 | P7: 차이 | Q7: 계획 | R7: 실적 | S7: 차이 | T7: 계획 | U7: 실적 | V7: 차이
D8: 평균 | E8: =+[4]합계!$G$9 -> 97576.971 | F8: =+[4]합계!$H$9 -> 101081.04 | G8: =+F8-E8 -> 3504.0719 | H8: =+[4]합계!$G$10 -> 91514.41 | I8: =+[4]합계!$H$10 -> 96155.538 | J8: =+I8-H8 -> 4641.1271 | K8: =+[4]합계!$G$12 -> 59734.515 | L8: =+[4]합계!$H$12 -> 60585.014 | M8: =+L8-K8 -> 850.49884 | N8: =+[4]합계!$G$13 -> 35446.158 | O8: =+[4]합계!$H$13 -> 33316.975 | P8: =+O8-N8 -> -2129.1827 | Q8: =+[4]합계!$G$16 -> 12874.697 | R8: =+[4]합계!$H$16 -> 12845.151 | S8: =+R8-Q8 -> -29.546863 | T8: =+[4]합계!$G$17 -> 15822.102 | U8: =+[4]합계!$H$17 -> 15538.897 | V8: =+U8-T8 -> -283.20439
D9: 수도권 | E9: =+[4]수도권!$G$9 -> 97000 | F9: =+[4]수도권!$H$9 -> 101621.98 | G9: =+F9-E9 -> 4621.9847 | H9: =+[4]수도권!$G$10 -> 95794.521 | I9: =+[4]수도권!$H$10 -> 99717.57 | J9: =+I9-H9 -> 3923.0494 | K9: =+[4]수도권!$G$12 -> 60000 | L9: =+[4]수도권!$H$12 -> 59931.217 | M9: =+L9-K9 -> -68.782833 | N9: =+[4]수도권!$G$13 -> 39540.565 | O9: =+[4]수도권!$H$13 -> 37203.147 | P9: =+O9-N9 -> -2337.4182 | Q9: =+[4]수도권!$G$16 -> 14837.105 | R9: =+[4]수도권!$H$16 -> 14650.637 | S9: =+R9-Q9 -> -186.46748 | T9: =+[4]수도권!$G$17 -> 13707.876 | U9: =+[4]수도권!$H$17 -> 13335.338 | V9: =+U9-T9 -> -372.53806
D10: 영남권 | E10: =+[4]영남권!$G$9 -> 97000 | F10: =+[4]영남권!$H$9 -> 100000 | G10: =+F10-E10 -> 3000.0003 | H10: =+[4]영남권!$G$10 -> 90465.051 | I10: =+[4]영남권!$H$10 -> 94854.805 | J10: =+I10-H10 -> 4389.7546 | K10: =+[4]영남권!$G$12 -> 59400.916 | L10: =+[4]영남권!$H$12 -> 61120.035 | M10: =+L10-K10 -> 1719.1194 | N10: =+[4]영남권!$G$13 -> 32388.93 | O10: =+[4]영남권!$H$13 -> 31743.722 | P10: =+O10-N10 -> -645.20766 | Q10: =+[4]영남권!$G$16 -> 11017.653 | R10: =+[4]영남권!$H$16 -> 11171.729 | S10: =+R10-Q10 -> 154.07575 | T10: =+[4]영남권!$G$17 -> 17777.904 | U10: =+[4]영남권!$H$17 -> 17870.887 | V10: =+U10-T10 -> 92.98298
D11: 기타권 | E11: =+[4]중부권!$G$9 -> 100365.83 | F11: =+[4]중부권!$H$9 -> 101905.98 | G11: =+F11-E11 -> 1540.1564 | H11: =+[4]중부권!$G$10 -> 94500 | I11: =+[4]중부권!$H$10 -> 97036.823 | J11: =+I11-H11 -> 2536.8227 | K11: =+[4]중부권!$G$12 -> 60237.641 | L11: =+[4]중부권!$H$12 -> 60844.52 | M11: =+L11-K11 -> 606.8786 | N11: =+[4]중부권!$G$13 -> 36420.436 | O11: =+[4]중부권!$H$13 -> 31736.858 | P11: =+O11-N11 -> -4683.5771 | Q11: =+[4]중부권!$G$16 -> 13512.018 | R11: =+[4]중부권!$H$16 -> 12688.409 | S11: =+R11-Q11 -> -823.60803 | T11: =+[4]중부권!$G$17 -> 14902.491 | U11: =+[4]중부권!$H$17 -> 14382.342 | V11: =+U11-T11 -> -520.14955
D12: 안양 | E12: =+[4]안양!$G$9 -> 97000 | F12: =+[4]안양!$H$9 -> 99711.619 | G12: =+F12-E12 -> 2711.6191 | H12: =+[4]안양!$G$10 -> 0 | I12: =+[4]안양!$H$10 -> 100500.01 | J12: =+I12-H12 -> 100500.01 | K12: =+[4]안양!$G$12 -> 60000 | L12: =+[4]안양!$H$12 -> 59953.242 | M12: =+L12-K12 -> -46.758019 | N12: =+[4]안양!$G$13 -> 38500 | O12: =+[4]안양!$H$13 -> 36517.647 | P12: =+O12-N12 -> -1982.3531 | Q12: =+[4]안양!$G$16 -> 14133.333 | R12: =+[4]안양!$H$16 -> 14000 | S12: =+R12-Q12 -> -133.33329 | T12: =+[4]안양!$G$17 -> 13548.387 | U12: =+[4]안양!$H$17 -> 13586.007 | V12: =+U12-T12 -> 37.619433
D13: 인천 | E13: =+[4]인천!$G$9 -> 97000 | F13: =+[4]인천!$H$9 -> 106733.22 | G13: =+F13-E13 -> 9733.2194 | H13: =+[4]인천!$G$10 -> 97000 | I13: =+[4]인천!$H$10 -> 100411.52 | J13: =+I13-H13 -> 3411.5174 | K13: =+[4]인천!$G$12 -> 60000 | L13: =+[4]인천!$H$12 -> 59930.555 | M13: =+L13-K13 -> -69.445098 | N13: =+[4]인천!$G$13 -> 39000 | O13: =+[4]인천!$H$13 -> 36933.925 | P13: =+O13-N13 -> -2066.0745 | Q13: =+[4]인천!$G$16 -> 15333.333 | R13: =+[4]인천!$H$16 -> 15087 | S13: =+R13-Q13 -> -246.33359 | T13: =+[4]인천!$G$17 -> 13953.692 | U13: =+[4]인천!$H$17 -> 13326.262 | V13: =+U13-T13 -> -627.42951
D14: 파주 | E14: =+[4]파주!$G$9 -> 97000 | F14: =+[4]파주!$H$9 -> 100000 | G14: =+F14-E14 -> 3000.0031 | H14: =+[4]파주!$G$10 -> 0 | I14: =+[4]파주!$H$10 -> 0 | J14: =+I14-H14 -> 0 | K14: =+[4]파주!$G$12 -> 60000 | L14: =+[4]파주!$H$12 -> 59935.366 | M14: =+L14-K14 -> -64.634154 | N14: =+[4]파주!$G$13 -> 42000 | O14: =+[4]파주!$H$13 -> 40126.194 | P14: =+O14-N14 -> -1873.8055 | Q14: =+[4]파주!$G$16 -> 15666.667 | R14: =+[4]파주!$H$16 -> 15706.225 | S14: =+R14-Q14 -> 39.557929 | T14: =+[4]파주!$G$17 -> 13225.806 | U14: =+[4]파주!$H$17 -> 11708.798 | V14: =+U14-T14 -> -1517.0081
D15: 김포 | E15: =+[4]김포!$G$9 -> 97000 | F15: =+[4]김포!$H$9 -> 100000 | G15: =+F15-E15 -> 3000 | H15: =+[4]김포!$G$10 -> 91500 | I15: =+[4]김포!$H$10 -> 94500 | J15: =+I15-H15 -> 3000.0004 | K15: =+[4]김포!$G$12 -> 60000 | L15: =+[4]김포!$H$12 -> 59834.442 | M15: =+L15-K15 -> -165.55751 | N15: =+[4]김포!$G$13 -> 41500 | O15: =+[4]김포!$H$13 -> 39205.7 | P15: =+O15-N15 -> -2294.2995 | Q15: =+[4]김포!$G$16 -> 14965.143 | R15: =+[4]김포!$H$16 -> 14690.349 | S15: =+R15-Q15 -> -274.79412 | T15: =+[4]김포!$G$17 -> 14159.6 | U15: =+[4]김포!$H$17 -> 14164.537 | V15: =+U15-T15 -> 4.936924
D16: 부산 | E16: =+[4]부산!$G$9 -> 97000 | F16: =+[4]부산!$H$9 -> 100000 | G16: =+F16-E16 -> 3000.0004 | H16: =+[4]부산!$G$10 -> 89600 | I16: =+[4]부산!$H$10 -> 95728.044 | J16: =+I16-H16 -> 6128.0441 | K16: =+[4]부산!$G$12 -> 0 | L16: =+[4]부산!$H$12 -> 0 | M16: =+L16-K16 -> 0 | N16: =+[4]부산!$G$13 -> 34500 | O16: =+[4]부산!$H$13 -> 32524.688 | P16: =+O16-N16 -> -1975.312 | Q16: =+[4]부산!$G$16 -> 11715.886 | R16: =+[4]부산!$H$16 -> 11835.425 | S16: =+R16-Q16 -> 119.53834 | T16: =+[4]부산!$G$17 -> 18200.07 | U16: =+[4]부산!$H$17 -> 18193.024 | V16: =+U16-T16 -> -7.0454793
D17: 서부산 | E17: =+[4]서부산!$G$9 -> 97000 | F17: =+[4]서부산!$H$9 -> 100000 | G17: =+F17-E17 -> 3000.0003 | H17: =+[4]서부산!$G$10 -> 89100 | I17: =+[4]서부산!$H$10 -> 92826.17 | J17: =+I17-H17 -> 3726.1695 | K17: =+[4]서부산!$G$12 -> 61000 | L17: =+[4]서부산!$H$12 -> 62999.938 | M17: =+L17-K17 -> 1999.938 | N17: =+[4]서부산!$G$13 -> 32500 | O17: =+[4]서부산!$H$13 -> 31359.748 | P17: =+O17-N17 -> -1140.2524 | Q17: =+[4]서부산!$G$16 -> 10666.667 | R17: =+[4]서부산!$H$16 -> 10675.767 | S17: =+R17-Q17 -> 9.0998637 | T17: =+[4]서부산!$G$17 -> 17845.172 | U17: =+[4]서부산!$H$17 -> 16910.732 | V17: =+U17-T17 -> -934.4402
D18: 김해 | E18: =+[4]김해!$G$9 -> 97000 | F18: =+[4]김해!$H$9 -> 100000 | G18: =+F18-E18 -> 3000 | H18: =+[4]김해!$G$10 -> 89100 | I18: =+[4]김해!$H$10 -> 92100.007 | J18: =+I18-H18 -> 3000.0068 | K18: =+[4]김해!$G$12 -> 0 | L18: =+[4]김해!$H$12 -> 62001.415 | M18: =+L18-K18 -> 62001.415 | N18: =+[4]김해!$G$13 -> 32500 | O18: =+[4]김해!$H$13 -> 31575.671 | P18: =+O18-N18 -> -924.3294 | Q18: =+[4]김해!$G$16 -> 9000 | R18: =+[4]김해!$H$16 -> 9024.3218 | S18: =+R18-Q18 -> 24.321789 | T18: =+[4]김해!$G$17 -> 16710.978 | U18: =+[4]김해!$H$17 -> 17130.215 | V18: =+U18-T18 -> 419.23691
D19: 정관 | E19: =+[4]정관!$G$9 -> 97000 | F19: =+[4]정관!$H$9 -> 100000 | G19: =+F19-E19 -> 3000 | H19: =+[4]정관!$G$10 -> 0 | I19: =+[4]정관!$H$10 -> 94257.14 | J19: =+I19-H19 -> 94257.14 | K19: =+[4]정관!$G$12 -> 59000 | L19: =+[4]정관!$H$12 -> 60985.704 | M19: =+L19-K19 -> 1985.7044 | N19: =+[4]정관!$G$13 -> 32500 | O19: =+[4]정관!$H$13 -> 31971.56 | P19: =+O19-N19 -> -528.43951 | Q19: =+[4]정관!$G$16 -> 11335.33 | R19: =+[4]정관!$H$16 -> 11244.259 | S19: =+R19-Q19 -> -91.071248 | T19: =+[4]정관!$G$17 -> 18859.421 | U19: =+[4]정관!$H$17 -> 19297.331 | V19: =+U19-T19 -> 437.90943
D20: 양산 | E20: =+[4]양산!$G$9 -> 97000 | F20: =+[4]양산!$H$9 -> 100000 | G20: =+F20-E20 -> 3000 | H20: =+[4]양산!$G$10 -> 0 | I20: =+[4]양산!$H$10 -> 0 | J20: =+I20-H20 -> 0 | K20: =+[4]양산!$G$12 -> 59000 | L20: =+[4]양산!$H$12 -> 61060.512 | M20: =+L20-K20 -> 2060.5124 | N20: =+[4]양산!$G$13 -> 32000 | O20: =+[4]양산!$H$13 -> 32023.485 | P20: =+O20-N20 -> 23.484594 | Q20: =+[4]양산!$G$16 -> 9400 | R20: =+[4]양산!$H$16 -> 9381.4084 | S20: =+R20-Q20 -> -18.591632 | T20: =+[4]양산!$G$17 -> 17713.5 | U20: =+[4]양산!$H$17 -> 17780.141 | V20: =+U20-T20 -> 66.641096
D21: 창원 | E21: =+[4]창원!$G$9 -> 97000 | F21: =+[4]창원!$H$9 -> 100000 | G21: =+F21-E21 -> 3000.0004 | H21: =+[4]창원!$G$10 -> 100500 | I21: =+[4]창원!$H$10 -> 100500.01 | J21: =+I21-H21 -> 0.011859583 | K21: =+[4]창원!$G$12 -> 61000 | L21: =+[4]창원!$H$12 -> 63000.002 | M21: =+L21-K21 -> 2000.0024 | N21: =+[4]창원!$G$13 -> 29500 | O21: =+[4]창원!$H$13 -> 29267.149 | P21: =+O21-N21 -> -232.85097 | Q21: =+[4]창원!$G$16 -> 11466.667 | R21: =+[4]창원!$H$16 -> 11623.979 | S21: =+R21-Q21 -> 157.31204 | T21: =+[4]창원!$G$17 -> 17046.456 | U21: =+[4]창원!$H$17 -> 16842.947 | V21: =+U21-T21 -> -203.5088
D22: 대구 | E22: =+[4]대구!$G$9 -> 97000 | F22: =+[4]대구!$H$9 -> 100000 | G22: =+F22-E22 -> 3000.0009 | H22: =+[4]대구!$G$10 -> 0 | I22: =+[4]대구!$H$10 -> 98978.493 | J22: =+I22-H22 -> 98978.493 | K22: =+[4]대구!$G$12 -> 57200 | L22: =+[4]대구!$H$12 -> 59159.44 | M22: =+L22-K22 -> 1959.4403 | N22: =+[4]대구!$G$13 -> 31000 | O22: =+[4]대구!$H$13 -> 30385.35 | P22: =+O22-N22 -> -614.65011 | Q22: =+[4]대구!$G$16 -> 10933.333 | R22: =+[4]대구!$H$16 -> 10748.431 | S22: =+R22-Q22 -> -184.90186 | T22: =+[4]대구!$G$17 -> 14319.244 | U22: =+[4]대구!$H$17 -> 14159.867 | V22: =+U22-T22 -> -159.37634
D23: 울산 | E23: =+[4]울산!$G$9 -> 97000 | F23: =+[4]울산!$H$9 -> 100000 | G23: =+F23-E23 -> 3000.0003 | H23: =+[4]울산!$G$10 -> 0 | I23: =+[4]울산!$H$10 -> 0 | J23: =+I23-H23 -> 0 | K23: =+[4]울산!$G$12 -> 57200 | L23: =+[4]울산!$H$12 -> 59200.001 | M23: =+L23-K23 -> 2000.0006 | N23: =+[4]울산!$G$13 -> 33500 | O23: =+[4]울산!$H$13 -> 33004.948 | P23: =+O23-N23 -> -495.05236 | Q23: =+[4]울산!$G$16 -> 12533.333 | R23: =+[4]울산!$H$16 -> 11718.95 | S23: =+R23-Q23 -> -814.38331 | T23: =+[4]울산!$G$17 -> 19929.174 | U23: =+[4]울산!$H$17 -> 20086.719 | V23: =+U23-T23 -> 157.54467
D24: 아산 | E24: =+[4]아산!$G$9 -> 97000 | F24: =+[4]아산!$H$9 -> 99716.274 | G24: =+F24-E24 -> 2716.2744 | H24: =+[4]아산!$G$10 -> 0 | I24: =+[4]아산!$H$10 -> 0 | J24: =+I24-H24 -> 0 | K24: =+[4]아산!$G$12 -> 60000 | L24: =+[4]아산!$H$12 -> 59955.066 | M24: =+L24-K24 -> -44.933884 | N24: =+[4]아산!$G$13 -> 37500 | O24: =+[4]아산!$H$13 -> 31311.462 | P24: =+O24-N24 -> -6188.5377 | Q24: =+[4]아산!$G$16 -> 10853.333 | R24: =+[4]아산!$H$16 -> 10848.018 | S24: =+R24-Q24 -> -5.3149977 | T24: =+[4]아산!$G$17 -> 12554.839 | U24: =+[4]아산!$H$17 -> 12501.09 | V24: =+U24-T24 -> -53.748761
D25: 전주 | E25: =+[4]전주!$G$9 -> 97000 | F25: =+[4]전주!$H$9 -> 100000 | G25: =+F25-E25 -> 3000 | H25: =+[4]전주!$G$10 -> 94500 | I25: =+[4]전주!$H$10 -> 97493.325 | J25: =+I25-H25 -> 2993.3249 | K25: =+[4]전주!$G$12 -> 60000 | L25: =+[4]전주!$H$12 -> 61092.31 | M25: =+L25-K25 -> 1092.3099 | N25: =+[4]전주!$G$13 -> 32500 | O25: =+[4]전주!$H$13 -> 32433.404 | P25: =+O25-N25 -> -66.596037 | Q25: =+[4]전주!$G$16 -> 14733.333 | R25: =+[4]전주!$H$16 -> 13767.987 | S25: =+R25-Q25 -> -965.34615 | T25: =+[4]전주!$G$17 -> 16000 | U25: =+[4]전주!$H$17 -> 15985.908 | V25: =+U25-T25 -> -14.092104
D26: 군산 | E26: =+[4]군산!$G$9 -> 97000 | F26: =+[4]군산!$H$9 -> 100000 | G26: =+F26-E26 -> 3000 | H26: =+[4]군산!$G$10 -> 0 | I26: =+[4]군산!$H$10 -> 93101.135 | J26: =+I26-H26 -> 93101.135 | K26: =+[4]군산!$G$12 -> 61000 | L26: =+[4]군산!$H$12 -> 63595.524 | M26: =+L26-K26 -> 2595.5242 | N26: =+[4]군산!$G$13 -> 32500 | O26: =+[4]군산!$H$13 -> 24374.472 | P26: =+O26-N26 -> -8125.5284 | Q26: =+[4]군산!$G$16 -> 15133.333 | R26: =+[4]군산!$H$16 -> 15143.477 | S26: =+R26-Q26 -> 10.143919 | T26: =+[4]군산!$G$17 -> 15310.067 | U26: =+[4]군산!$H$17 -> 15538.761 | V26: =+U26-T26 -> 228.69364
D27: 원주 | E27: =+[4]원주!$G$9 -> 97000 | F27: =+[4]원주!$H$9 -> 100000 | G27: =+F27-E27 -> 3000 | H27: =+[4]원주!$G$10 -> 0 | I27: =+[4]원주!$H$10 -> 0 | J27: =+I27-H27 -> 0 | K27: =+[4]원주!$G$12 -> 60000 | L27: =+[4]원주!$H$12 -> 60532.532 | M27: =+L27-K27 -> 532.53197 | N27: =+[4]원주!$G$13 -> 45000 | O27: =+[4]원주!$H$13 -> 45991.347 | P27: =+O27-N27 -> 991.34674 | Q27: =+[4]원주!$G$16 -> 12466.667 | R27: =+[4]원주!$H$16 -> 13158.902 | S27: =+R27-Q27 -> 692.23563 | T27: =+[4]원주!$G$17 -> 12387.097 | U27: =+[4]원주!$H$17 -> 12382.199 | V27: =+U27-T27 -> -4.8979746
D28: 제주 | E28: =+[4]제주!$G$9 -> 114000 | F28: =+[4]제주!$H$9 -> 117000 | G28: =+F28-E28 -> 2999.999 | H28: =+[4]제주!$G$10 -> 0 | I28: =+[4]제주!$H$10 -> 116999.92 | J28: =+I28-H28 -> 116999.92 | K28: =+[4]제주!$G$12 -> 0 | L28: =+[4]제주!$H$12 -> 0 | M28: =+L28-K28 -> 0 | N28: =+[4]제주!$G$13 -> 0 | O28: =+[4]제주!$H$13 -> 0 | P28: =+O28-N28 -> 0 | Q28: =+[4]제주!$G$16 -> 18000 | R28: =+[4]제주!$H$16 -> 17788.235 | S28: =+R28-Q28 -> -211.76479 | T28: =+[4]제주!$G$17 -> 19002.169 | U28: =+[4]제주!$H$17 -> 20298.596 | V28: =+U28-T28 -> 1296.4264

Sheet 원단위
D4: □ 레미콘 원재료 원단위(2026-02)
V5: [단위 : kg/㎥]
A6: 2024년 1월 마감 손익 | D6: 구분 | E6: OPC | H6: 분체류 | K6: 분체류 치환률 | N6: 자갈 | Q6: 모래 | T6: 혼화제
E7: 계획 | F7: 실적 | G7: 차이 | H7: 계획 | I7: 실적 | J7: 차이 | K7: 계획 | L7: 실적 | M7: 차이 | N7: 계획 | O7: 실적 | P7: 차이 | Q7: 계획 | R7: 실적 | S7: 차이 | T7: 계획 | U7: 실적 | V7: 차이
D8: 평균 | E8: =+[4]합계!$E$9 -> 304.23065 | F8: =+[4]합계!$F$9 -> 269.27621 | G8: =+F8-E8 -> -34.954441 | H8: =+[4]합계!$E$15 -> 381.63151 | I8: =+[4]합계!$F$15 -> 402.91119 | J8: =+I8-H8 -> 21.279678 | K8: =+([4]합계!$E$10*0.4+[4]합계!$E$11+[4]합계!$E$12+[4]합계!$E$13+[4]합계!$E$14)/[4]합계!$E$15 -> 0.15176069 | L8: =+([4]합계!$F$10*0.4+[4]합계!$F$11+[4]합계!$F$12+[4]합계!$F$13+[4]합계!$F$14)/[4]합계!$F$15 -> 0.2415611 | M8: =+L8-K8 -> 0.089800416 | N8: =+[4]합계!$E$16 -> 828.22544 | O8: =+[4]합계!$F$16 -> 822.49721 | P8: =+O8-N8 -> -5.7282214 | Q8: =+[4]합계!$E$17 -> 895.09945 | R8: =+[4]합계!$F$17 -> 868.28028 | S8: =+R8-Q8 -> -26.819168 | T8: =+[4]합계!$E$19 -> 3.2419271 | U8: =+[4]합계!$F$19 -> 3.379344 | V8: =+U8-T8 -> 0.13741692
D9: 수도권 | E9: =+[4]수도권!$E$9 -> 328.71519 | F9: =+[4]수도권!$F$9 -> 285.47058 | G9: =+F9-E9 -> -43.24461 | H9: =+[4]수도권!$E$15 -> 395.0734 | I9: =+[4]수도권!$F$15 -> 418.11427 | J9: =+I9-H9 -> 23.040868 | K9: =+([4]수도권!$E$10*0.4+[4]수도권!$E$11+[4]수도권!$E$12+[4]수도권!$E$13+[4]수도권!$E$14)/[4]수도권!$E$15 -> 0.14314362 | L9: =+([4]수도권!$F$10*0.4+[4]수도권!$F$11+[4]수도권!$F$12+[4]수도권!$F$13+[4]수도권!$F$14)/[4]수도권!$F$15 -> 0.26237483 | M9: =+L9-K9 -> 0.11923121 | N9: =+[4]수도권!$E$16 -> 854.68582 | O9: =+[4]수도권!$F$16 -> 856.86494 | P9: =+O9-N9 -> 2.1791149 | Q9: =+[4]수도권!$E$17 -> 877.63284 | R9: =+[4]수도권!$F$17 -> 820.10741 | S9: =+R9-Q9 -> -57.525427 | T9: =+[4]수도권!$E$19 -> 3.4081947 | U9: =+[4]수도권!$F$19 -> 3.7234158 | V9: =+U9-T9 -> 0.31522109
D10: 영남권 | E10: =+[4]영남권!$E$9 -> 270.58758 | F10: =+[4]영남권!$F$9 -> 229.48963 | G10: =+F10-E10 -> -41.097959 | H10: =+[4]영남권!$E$15 -> 373.89815 | I10: =+[4]영남권!$F$15 -> 393.05989 | J10: =+I10-H10 -> 19.161737 | K10: =+([4]영남권!$E$10*0.4+[4]영남권!$E$11+[4]영남권!$E$12+[4]영남권!$E$13+[4]영남권!$E$14)/[4]영남권!$E$15 -> 0.18782033 | L10: =+([4]영남권!$F$10*0.4+[4]영남권!$F$11+[4]영남권!$F$12+[4]영남권!$F$13+[4]영남권!$F$14)/[4]영남권!$F$15 -> 0.26579624 | M10: =+L10-K10 -> 0.07797591 | N10: =+[4]영남권!$E$16 -> 812.88934 | O10: =+[4]영남권!$F$16 -> 803.68759 | P10: =+O10-N10 -> -9.2017529 | Q10: =+[4]영남권!$E$17 -> 899.39158 | R10: =+[4]영남권!$F$17 -> 883.30511 | S10: =+R10-Q10 -> -16.08647 | T10: =+[4]영남권!$E$19 -> 3.1891857 | U10: =+[4]영남권!$F$19 -> 3.1476775 | V10: =+U10-T10 -> -0.041508142
D11: 기타권 | E11: =+[4]중부권!$E$9 -> 348.33405 | F11: =+[4]중부권!$F$9 -> 332.76508 | G11: =+F11-E11 -> -15.568973 | H11: =+[4]중부권!$E$15 -> 372.01369 | I11: =+[4]중부권!$F$15 -> 393.21071 | J11: =+I11-H11 -> 21.197019 | K11: =+([4]중부권!$E$10*0.4+[4]중부권!$E$11+[4]중부권!$E$12+[4]중부권!$E$13+[4]중부권!$E$14)/[4]중부권!$E$15 -> 0.060699561 | L11: =+([4]중부권!$F$10*0.4+[4]중부권!$F$11+[4]중부권!$F$12+[4]중부권!$F$13+[4]중부권!$F$14)/[4]중부권!$F$15 -> 0.13024612 | M11: =+L11-K11 -> 0.069546557 | N11: =+[4]중부권!$E$16 -> 809.64863 | O11: =+[4]중부권!$F$16 -> 791.84888 | P11: =+O11-N11 -> -17.799747 | Q11: =+[4]중부권!$E$17 -> 925.73628 | R11: =+[4]중부권!$F$17 -> 939.81902 | S11: =+R11-Q11 -> 14.082741 | T11: =+[4]중부권!$E$19 -> 2.9877359 | U11: =+[4]중부권!$F$19 -> 3.1817672 | V11: =+U11-T11 -> 0.19403125
D12: 안양 | E12: =+[4]안양!$E$9 -> 338.35714 | F12: =+[4]안양!$F$9 -> 308.31743 | G12: =+F12-E12 -> -30.039717 | H12: =+[4]안양!$E$15 -> 384.64286 | I12: =+[4]안양!$F$15 -> 416.4484 | J12: =+I12-H12 -> 31.805544 | K12: =+([4]안양!$E$10*0.4+[4]안양!$E$11+[4]안양!$E$12+[4]안양!$E$13+[4]안양!$E$14)/[4]안양!$E$15 -> 0.12033426 | L12: =+([4]안양!$F$10*0.4+[4]안양!$F$11+[4]안양!$F$12+[4]안양!$F$13+[4]안양!$F$14)/[4]안양!$F$15 -> 0.23228615 | M12: =+L12-K12 -> 0.11195189 | N12: =+[4]안양!$E$16 -> 845.28571 | O12: =+[4]안양!$F$16 -> 855.09593 | P12: =+O12-N12 -> 9.8102184 | Q12: =+[4]안양!$E$17 -> 879.35714 | R12: =+[4]안양!$F$17 -> 779.1469 | S12: =+R12-Q12 -> -100.21024 | T12: =+[4]안양!$E$19 -> 3.46 | U12: =+[4]안양!$F$19 -> 4.042173 | V12: =+U12-T12 -> 0.58217299
D13: 인천 | E13: =+[4]인천!$E$9 -> 329.13636 | F13: =+[4]인천!$F$9 -> 232.83524 | G13: =+F13-E13 -> -96.301126 | H13: =+[4]인천!$E$15 -> 423.95455 | I13: =+[4]인천!$F$15 -> 427.54896 | J13: =+I13-H13 -> 3.594412 | K13: =+([4]인천!$E$10*0.4+[4]인천!$E$11+[4]인천!$E$12+[4]인천!$E$13+[4]인천!$E$14)/[4]인천!$E$15 -> 0.16865016 | L13: =+([4]인천!$F$10*0.4+[4]인천!$F$11+[4]인천!$F$12+[4]인천!$F$13+[4]인천!$F$14)/[4]인천!$F$15 -> 0.34443832 | M13: =+L13-K13 -> 0.17578817 | N13: =+[4]인천!$E$16 -> 880.27273 | O13: =+[4]인천!$F$16 -> 838.16107 | P13: =+O13-N13 -> -42.111662 | Q13: =+[4]인천!$E$17 -> 850.22727 | R13: =+[4]인천!$F$17 -> 865.72269 | S13: =+R13-Q13 -> 15.495418 | T13: =+[4]인천!$E$19 -> 3.5781818 | U13: =+[4]인천!$F$19 -> 3.8147518 | V13: =+U13-T13 -> 0.23656997
D14: 파주 | E14: =+[4]파주!$E$9 -> 308.102 | F14: =+[4]파주!$F$9 -> 302.6957 | G14: =+F14-E14 -> -5.4063021 | H14: =+[4]파주!$E$15 -> 364.2131 | I14: =+[4]파주!$F$15 -> 411.1225 | J14: =+I14-H14 -> 46.909397 | K14: =+([4]파주!$E$10*0.4+[4]파주!$E$11+[4]파주!$E$12+[4]파주!$E$13+[4]파주!$E$14)/[4]파주!$E$15 -> 0.15406118 | L14: =+([4]파주!$F$10*0.4+[4]파주!$F$11+[4]파주!$F$12+[4]파주!$F$13+[4]파주!$F$14)/[4]파주!$F$15 -> 0.26373356 | M14: =+L14-K14 -> 0.10967238 | N14: =+[4]파주!$E$16 -> 827.55 | O14: =+[4]파주!$F$16 -> 910.50914 | P14: =+O14-N14 -> 82.959145 | Q14: =+[4]파주!$E$17 -> 911.6 | R14: =+[4]파주!$F$17 -> 802.37876 | S14: =+R14-Q14 -> -109.22124 | T14: =+[4]파주!$E$19 -> 2.9132271 | U14: =+[4]파주!$F$19 -> 2.7029971 | V14: =+U14-T14 -> -0.21023001
D15: 김포 | E15: =+[4]김포!$E$9 -> 317 | F15: =+[4]김포!$F$9 -> 325.93396 | G15: =+F15-E15 -> 8.93396 | H15: =+[4]김포!$E$15 -> 386.875 | I15: =+[4]김포!$F$15 -> 405.9614 | J15: =+I15-H15 -> 19.086401 | K15: =+([4]김포!$E$10*0.4+[4]김포!$E$11+[4]김포!$E$12+[4]김포!$E$13+[4]김포!$E$14)/[4]김포!$E$15 -> 0.13408724 | L15: =+([4]김포!$F$10*0.4+[4]김포!$F$11+[4]김포!$F$12+[4]김포!$F$13+[4]김포!$F$14)/[4]김포!$F$15 -> 0.13807207 | M15: =+L15-K15 -> 0.0039848371 | N15: =+[4]김포!$E$16 -> 847.75 | O15: =+[4]김포!$F$16 -> 856.33385 | P15: =+O15-N15 -> 8.5838534 | Q15: =+[4]김포!$E$17 -> 908.75 | R15: =+[4]김포!$F$17 -> 868.27743 | S15: =+R15-Q15 -> -40.472569 | T15: =+[4]김포!$E$19 -> 3.31625 | U15: =+[4]김포!$F$19 -> 3.3870385 | V15: =+U15-T15 -> 0.070788482
D16: 부산 | E16: =+[4]부산!$E$9 -> 231.88 | F16: =+[4]부산!$F$9 -> 126.1657 | G16: =+F16-E16 -> -105.7143 | H16: =+[4]부산!$E$15 -> 399.8 | I16: =+[4]부산!$F$15 -> 419.28068 | J16: =+I16-H16 -> 19.480679 | K16: =+([4]부산!$E$10*0.4+[4]부산!$E$11+[4]부산!$E$12+[4]부산!$E$13+[4]부산!$E$14)/[4]부산!$E$15 -> 0.20402201 | L16: =+([4]부산!$F$10*0.4+[4]부산!$F$11+[4]부산!$F$12+[4]부산!$F$13+[4]부산!$F$14)/[4]부산!$F$15 -> 0.36731794 | M16: =+L16-K16 -> 0.16329593 | N16: =+[4]부산!$E$16 -> 850.4 | O16: =+[4]부산!$F$16 -> 889.96995 | P16: =+O16-N16 -> 39.569947 | Q16: =+[4]부산!$E$17 -> 870.2 | R16: =+[4]부산!$F$17 -> 824.76059 | S16: =+R16-Q16 -> -45.439405 | T16: =+[4]부산!$E$19 -> 3.0551786 | U16: =+[4]부산!$F$19 -> 3.0251294 | V16: =+U16-T16 -> -0.030049235
D17: 서부산 | E17: =+[4]서부산!$E$9 -> 270.27731 | F17: =+[4]서부산!$F$9 -> 255.2512 | G17: =+F17-E17 -> -15.026116 | H17: =+[4]서부산!$E$15 -> 374.58514 | I17: =+[4]서부산!$F$15 -> 387.61416 | J17: =+I17-H17 -> 13.029023 | K17: =+([4]서부산!$E$10*0.4+[4]서부산!$E$11+[4]서부산!$E$12+[4]서부산!$E$13+[4]서부산!$E$14)/[4]서부산!$E$15 -> 0.1799661 | L17: =+([4]서부산!$F$10*0.4+[4]서부산!$F$11+[4]서부산!$F$12+[4]서부산!$F$13+[4]서부산!$F$14)/[4]서부산!$F$15 -> 0.19581307 | M17: =+L17-K17 -> 0.015846965 | N17: =+[4]서부산!$E$16 -> 824.5 | O17: =+[4]서부산!$F$16 -> 803.2839 | P17: =+O17-N17 -> -21.216102 | Q17: =+[4]서부산!$E$17 -> 907.3 | R17: =+[4]서부산!$F$17 -> 924.45297 | S17: =+R17-Q17 -> 17.152966 | T17: =+[4]서부산!$E$19 -> 3.34 | U17: =+[4]서부산!$F$19 -> 3.2386695 | V17: =+U17-T17 -> -0.10133051
D18: 김해 | E18: =+[4]김해!$E$9 -> 210.74896 | F18: =+[4]김해!$F$9 -> 188.05945 | G18: =+F18-E18 -> -22.689515 | H18: =+[4]김해!$E$15 -> 365.6 | I18: =+[4]김해!$F$15 -> 362.50646 | J18: =+I18-H18 -> -3.0935384 | K18: =+([4]김해!$E$10*0.4+[4]김해!$E$11+[4]김해!$E$12+[4]김해!$E$13+[4]김해!$E$14)/[4]김해!$E$15 -> 0.22019466 | L18: =+([4]김해!$F$10*0.4+[4]김해!$F$11+[4]김해!$F$12+[4]김해!$F$13+[4]김해!$F$14)/[4]김해!$F$15 -> 0.27007005 | M18: =+L18-K18 -> 0.049875391 | N18: =+[4]김해!$E$16 -> 796 | O18: =+[4]김해!$F$16 -> 787.20182 | P18: =+O18-N18 -> -8.7981825 | Q18: =+[4]김해!$E$17 -> 914 | R18: =+[4]김해!$F$17 -> 890.35214 | S18: =+R18-Q18 -> -23.647861 | T18: =+[4]김해!$E$19 -> 3.4622 | U18: =+[4]김해!$F$19 -> 2.8090875 | V18: =+U18-T18 -> -0.65311253
D19: 정관 | E19: =+[4]정관!$E$9 -> 311.01795 | F19: =+[4]정관!$F$9 -> 274.91246 | G19: =+F19-E19 -> -36.105483 | H19: =+[4]정관!$E$15 -> 371.60912 | I19: =+[4]정관!$F$15 -> 397.38625 | J19: =+I19-H19 -> 25.777126 | K19: =+([4]정관!$E$10*0.4+[4]정관!$E$11+[4]정관!$E$12+[4]정관!$E$13+[4]정관!$E$14)/[4]정관!$E$15 -> 0.16305082 | L19: =+([4]정관!$F$10*0.4+[4]정관!$F$11+[4]정관!$F$12+[4]정관!$F$13+[4]정관!$F$14)/[4]정관!$F$15 -> 0.1897937 | M19: =+L19-K19 -> 0.026742874 | N19: =+[4]정관!$E$16 -> 824.22794 | O19: =+[4]정관!$F$16 -> 723.26386 | P19: =+O19-N19 -> -100.96408 | Q19: =+[4]정관!$E$17 -> 903.4395 | R19: =+[4]정관!$F$17 -> 949.7199 | S19: =+R19-Q19 -> 46.280398 | T19: =+[4]정관!$E$19 -> 3.1586775 | U19: =+[4]정관!$F$19 -> 3.619906 | V19: =+U19-T19 -> 0.46122849
D20: 양산 | E20: =+[4]양산!$E$9 -> 271.06667 | F20: =+[4]양산!$F$9 -> 277.91247 | G20: =+F20-E20 -> 6.8458061 | H20: =+[4]양산!$E$15 -> 351.75 | I20: =+[4]양산!$F$15 -> 357.47571 | J20: =+I20-H20 -> 5.7257118 | K20: =+([4]양산!$E$10*0.4+[4]양산!$E$11+[4]양산!$E$12+[4]양산!$E$13+[4]양산!$E$14)/[4]양산!$E$15 -> 0.22937692 | L20: =+([4]양산!$F$10*0.4+[4]양산!$F$11+[4]양산!$F$12+[4]양산!$F$13+[4]양산!$F$14)/[4]양산!$F$15 -> 0.22256964 | M20: =+L20-K20 -> -0.006807289 | N20: =+[4]양산!$E$16 -> 781.41667 | O20: =+[4]양산!$F$16 -> 751.79045 | P20: =+O20-N20 -> -29.626216 | Q20: =+[4]양산!$E$17 -> 895.43333 | R20: =+[4]양산!$F$17 -> 886.99971 | S20: =+R20-Q20 -> -8.4336281 | T20: =+[4]양산!$E$19 -> 3.0311667 | U20: =+[4]양산!$F$19 -> 3.1716121 | V20: =+U20-T20 -> 0.14044548
D21: 창원 | E21: =+[4]창원!$E$9 -> 248.2 | F21: =+[4]창원!$F$9 -> 258.96185 | G21: =+F21-E21 -> 10.761847 | H21: =+[4]창원!$E$15 -> 368.98 | I21: =+[4]창원!$F$15 -> 363.34717 | J21: =+I21-H21 -> -5.6328302 | K21: =+([4]창원!$E$10*0.4+[4]창원!$E$11+[4]창원!$E$12+[4]창원!$E$13+[4]창원!$E$14)/[4]창원!$E$15 -> 0.2411838 | L21: =+([4]창원!$F$10*0.4+[4]창원!$F$11+[4]창원!$F$12+[4]창원!$F$13+[4]창원!$F$14)/[4]창원!$F$15 -> 0.27252887 | M21: =+L21-K21 -> 0.031345064 | N21: =+[4]창원!$E$16 -> 832.2 | O21: =+[4]창원!$F$16 -> 821.63411 | P21: =+O21-N21 -> -10.565889 | Q21: =+[4]창원!$E$17 -> 871.2 | R21: =+[4]창원!$F$17 -> 863.39782 | S21: =+R21-Q21 -> -7.8021836 | T21: =+[4]창원!$E$19 -> 3.074 | U21: =+[4]창원!$F$19 -> 2.7238976 | V21: =+U21-T21 -> -0.3501024
D22: 대구 | E22: =+[4]대구!$E$9 -> 296.85393 | F22: =+[4]대구!$F$9 -> 246.72912 | G22: =+F22-E22 -> -50.124807 | H22: =+[4]대구!$E$15 -> 340.59062 | I22: =+[4]대구!$F$15 -> 346.91102 | J22: =+I22-H22 -> 6.3204021 | K22: =+([4]대구!$E$10*0.4+[4]대구!$E$11+[4]대구!$E$12+[4]대구!$E$13+[4]대구!$E$14)/[4]대구!$E$15 -> 0.12841424 | L22: =+([4]대구!$F$10*0.4+[4]대구!$F$11+[4]대구!$F$12+[4]대구!$F$13+[4]대구!$F$14)/[4]대구!$F$15 -> 0.27426635 | M22: =+L22-K22 -> 0.14585211 | N22: =+[4]대구!$E$16 -> 714.78721 | O22: =+[4]대구!$F$16 -> 738.29615 | P22: =+O22-N22 -> 23.508944 | Q22: =+[4]대구!$E$17 -> 987.0871 | R22: =+[4]대구!$F$17 -> 931.56044 | S22: =+R22-Q22 -> -55.52666 | T22: =+[4]대구!$E$19 -> 3.0653155 | U22: =+[4]대구!$F$19 -> 3.2078306 | V22: =+U22-T22 -> 0.1425151
D23: 울산 | E23: =+[4]울산!$E$9 -> 330.96909 | F23: =+[4]울산!$F$9 -> 329.39855 | G23: =+F23-E23 -> -1.5705439 | H23: =+[4]울산!$E$15 -> 385.72727 | I23: =+[4]울산!$F$15 -> 421.45386 | J23: =+I23-H23 -> 35.726588 | K23: =+([4]울산!$E$10*0.4+[4]울산!$E$11+[4]울산!$E$12+[4]울산!$E$13+[4]울산!$E$14)/[4]울산!$E$15 -> 0.14196088 | L23: =+([4]울산!$F$10*0.4+[4]울산!$F$11+[4]울산!$F$12+[4]울산!$F$13+[4]울산!$F$14)/[4]울산!$F$15 -> 0.21842323 | M23: =+L23-K23 -> 0.076462354 | N23: =+[4]울산!$E$16 -> 774.80727 | O23: =+[4]울산!$F$16 -> 755.04485 | P23: =+O23-N23 -> -19.762427 | Q23: =+[4]울산!$E$17 -> 873.71273 | R23: =+[4]울산!$F$17 -> 871.73842 | S23: =+R23-Q23 -> -1.9743079 | T23: =+[4]울산!$E$19 -> 3.3894545 | U23: =+[4]울산!$F$19 -> 3.3375646 | V23: =+U23-T23 -> -0.051889915
D24: 아산 | E24: =+[4]아산!$E$9 -> 353.15325 | F24: =+[4]아산!$F$9 -> 367.78162 | G24: =+F24-E24 -> 14.628368 | H24: =+[4]아산!$E$15 -> 383.47711 | I24: =+[4]아산!$F$15 -> 417.90409 | J24: =+I24-H24 -> 34.42698 | K24: =+([4]아산!$E$10*0.4+[4]아산!$E$11+[4]아산!$E$12+[4]아산!$E$13+[4]아산!$E$14)/[4]아산!$E$15 -> 0.079076063 | L24: =+([4]아산!$F$10*0.4+[4]아산!$F$11+[4]아산!$F$12+[4]아산!$F$13+[4]아산!$F$14)/[4]아산!$F$15 -> 0.11993774 | M24: =+L24-K24 -> 0.040861675 | N24: =+[4]아산!$E$16 -> 860 | O24: =+[4]아산!$F$16 -> 807.82741 | P24: =+O24-N24 -> -52.172589 | Q24: =+[4]아산!$E$17 -> 893.57025 | R24: =+[4]아산!$F$17 -> 932.91056 | S24: =+R24-Q24 -> 39.34031 | T24: =+[4]아산!$E$19 -> 3.0151 | U24: =+[4]아산!$F$19 -> 3.4848135 | V24: =+U24-T24 -> 0.46971351
D25: 전주 | E25: =+[4]전주!$E$9 -> 330.25333 | F25: =+[4]전주!$F$9 -> 265.16362 | G25: =+F25-E25 -> -65.08971 | H25: =+[4]전주!$E$15 -> 361.34 | I25: =+[4]전주!$F$15 -> 351.7366 | J25: =+I25-H25 -> -9.6033973 | K25: =+([4]전주!$E$10*0.4+[4]전주!$E$11+[4]전주!$E$12+[4]전주!$E$13+[4]전주!$E$14)/[4]전주!$E$15 -> 0.072603826 | L25: =+([4]전주!$F$10*0.4+[4]전주!$F$11+[4]전주!$F$12+[4]전주!$F$13+[4]전주!$F$14)/[4]전주!$F$15 -> 0.15728099 | M25: =+L25-K25 -> 0.084677168 | N25: =+[4]전주!$E$16 -> 729.5 | O25: =+[4]전주!$F$16 -> 695.02603 | P25: =+O25-N25 -> -34.47397 | Q25: =+[4]전주!$E$17 -> 995.66667 | R25: =+[4]전주!$F$17 -> 1030.0164 | S25: =+R25-Q25 -> 34.349695 | T25: =+[4]전주!$E$19 -> 2.83 | U25: =+[4]전주!$F$19 -> 2.2159527 | V25: =+U25-T25 -> -0.6140473
D26: 군산 | E26: =+[4]군산!$E$9 -> 336.4 | F26: =+[4]군산!$F$9 -> 222.47146 | G26: =+F26-E26 -> -113.92854 | H26: =+[4]군산!$E$15 -> 374.54 | I26: =+[4]군산!$F$15 -> 347.46154 | J26: =+I26-H26 -> -27.078462 | K26: =+([4]군산!$E$10*0.4+[4]군산!$E$11+[4]군산!$E$12+[4]군산!$E$13+[4]군산!$E$14)/[4]군산!$E$15 -> 0.10183158 | L26: =+([4]군산!$F$10*0.4+[4]군산!$F$11+[4]군산!$F$12+[4]군산!$F$13+[4]군산!$F$14)/[4]군산!$F$15 -> 0.28150372 | M26: =+L26-K26 -> 0.17967214 | N26: =+[4]군산!$E$16 -> 858 | O26: =+[4]군산!$F$16 -> 877.02233 | P26: =+O26-N26 -> 19.022333 | Q26: =+[4]군산!$E$17 -> 818 | R26: =+[4]군산!$F$17 -> 794.28536 | S26: =+R26-Q26 -> -23.71464 | T26: =+[4]군산!$E$19 -> 2.8 | U26: =+[4]군산!$F$19 -> 2.6634988 | V26: =+U26-T26 -> -0.13650124
D27: 원주 | E27: =+[4]원주!$E$9 -> 349.73333 | F27: =+[4]원주!$F$9 -> 334.28204 | G27: =+F27-E27 -> -15.451293 | H27: =+[4]원주!$E$15 -> 363.86667 | I27: =+[4]원주!$F$15 -> 424.29289 | J27: =+I27-H27 -> 60.426221 | K27: =+([4]원주!$E$10*0.4+[4]원주!$E$11+[4]원주!$E$12+[4]원주!$E$13+[4]원주!$E$14)/[4]원주!$E$15 -> 0.038842067 | L27: =+([4]원주!$F$10*0.4+[4]원주!$F$11+[4]원주!$F$12+[4]원주!$F$13+[4]원주!$F$14)/[4]원주!$F$15 -> 0.21214319 | M27: =+L27-K27 -> 0.17330112 | N27: =+[4]원주!$E$16 -> 866.53333 | O27: =+[4]원주!$F$16 -> 862.69831 | P27: =+O27-N27 -> -3.8350282 | Q27: =+[4]원주!$E$17 -> 880.66667 | R27: =+[4]원주!$F$17 -> 856.76949 | S27: =+R27-Q27 -> -23.897175 | T27: =+[4]원주!$E$19 -> 2.9813333 | U27: =+[4]원주!$F$19 -> 3.7118644 | V27: =+U27-T27 -> 0.73053107
D28: 제주 | E28: =+[4]제주!$E$9 -> 365.52 | F28: =+[4]제주!$F$9 -> 369.23475 | G28: =+F28-E28 -> 3.7147507 | H28: =+[4]제주!$E$15 -> 365.52 | I28: =+[4]제주!$F$15 -> 372.32766 | J28: =+I28-H28 -> 6.8076556 | K28: =+([4]제주!$E$10*0.4+[4]제주!$E$11+[4]제주!$E$12+[4]제주!$E$13+[4]제주!$E$14)/[4]제주!$E$15 -> 0 | L28: =+([4]제주!$F$10*0.4+[4]제주!$F$11+[4]제주!$F$12+[4]제주!$F$13+[4]제주!$F$14)/[4]제주!$F$15 -> 0.0033227775 | M28: =+L28-K28 -> 0.0033227775 | N28: =+[4]제주!$E$16 -> 746.82 | O28: =+[4]제주!$F$16 -> 829.25054 | P28: =+O28-N28 -> 82.430542 | Q28: =+[4]제주!$E$17 -> 987.06 | R28: =+[4]제주!$F$17 -> 914.79251 | S28: =+R28-Q28 -> -72.267495 | T28: =+[4]제주!$E$19 -> 3.22 | U28: =+[4]제주!$F$19 -> 3.7817838 | V28: =+U28-T28 -> 0.56178383

Sheet 건자재
D6: □ 건자재 손익실적(2026-02)
O7: [단위 : 톤, 천원]
D8: 구분 | F8: 2월 | K8: 2월누계
F9: 계획 | G9: 실적 | H9: 계획대비 | I9: 전년 | J9: 전년대비 | K9: 계획 | L9: 실적 | M9: 계획대비 | N9: 전년 | O9: 전년대비
D10: 판매량 | E10: 철강재 | F10: =+IFERROR(HLOOKUP($F$8,[12]손익!$G$5:$AF$55,[12]손익!$D29,),) -> 7000 | G10: =+'[13]2월'!$G$8 -> 4982.936 | H10: =+G10-F10 -> -2017.064 | I10: =+'[14]2월'!$G$8 -> 9724.523 | J10: =+G10-I10 -> -4741.587 | K10: =+IFERROR(HLOOKUP($K$8,[12]손익!$G$5:$AF$55,[12]손익!$D29,),) -> 15000 | L10: =+'[13]2월'!$Q$8 -> 9952.774 | M10: =+L10-K10 -> -5047.226 | N10: =+'[14]2월'!$Q$8 -> 18460.025 | O10: =+L10-N10 -> -8507.251
D11: 판매단가 | E11: 철강재 | F11: =+IFERROR(HLOOKUP($F$8,[12]손익!$G$5:$AF$55,[12]손익!$D30,),) -> 742142.86 | G11: =+G12/G10*1000 -> 790996.73 | H11: =+G11-F11 -> 48853.873 | I11: =+I12/I10*1000 -> 744684.73 | J11: =+G11-I11 -> 46312.001 | K11: =+IFERROR(HLOOKUP($K$8,[12]손익!$G$5:$AF$55,[12]손익!$D30,),) -> 742733.33 | L11: =+L12/L10*1000 -> 793895.14 | M11: =+L11-K11 -> 51161.803 | N11: =+N12/N10*1000 -> 750238 | O11: =+L11-N11 -> 43657.133
D12: 매출액 | E12: 철강재 | F12: =+IFERROR(HLOOKUP($F$8,[12]손익!$G$5:$AF$55,[12]손익!$D31,),) -> 5195000 | G12: =+'[13]2월'!$G$9 -> 3941486.1 | H12: =+G12-F12 -> -1253513.9 | I12: =+'[14]2월'!$G$9 -> 7241703.8 | J12: =+G12-I12 -> -3300217.7 | K12: =+IFERROR(HLOOKUP($K$8,[12]손익!$G$5:$AF$55,[12]손익!$D31,),) -> 11141000 | L12: =+'[13]2월'!$Q$9 -> 7901458.9 | M12: =+L12-K12 -> -3239541.1 | N12: =+'[14]2월'!$Q$9 -> 13849412 | O12: =+L12-N12 -> -5947953.4
E13: 기타 | F13: =+IFERROR(HLOOKUP($F$8,[12]손익!$G$5:$AF$55,[12]손익!$D32,),) -> 1529612.3 | G13: =+'[13]2월'!$J$9 -> 935217.02 | H13: =+G13-F13 -> -594395.32 | I13: =+'[14]2월'!$J$9 -> 1035291.3 | J13: =+G13-I13 -> -100074.31 | K13: =+IFERROR(HLOOKUP($K$8,[12]손익!$G$5:$AF$55,[12]손익!$D32,),) -> 3248455.8 | L13: =+'[13]2월'!$T$9 -> 2075131 | M13: =+L13-K13 -> -1173324.8 | N13: =+'[14]2월'!$T$9 -> 1907702.5 | O13: =+L13-N13 -> 167428.48
E14: (소계) | F14: =SUM(F12:F13) -> 6724612.3 | G14: =SUM(G12:G13) -> 4876703.1 | H14: =+G14-F14 -> -1847909.2 | I14: =SUM(I12:I13) -> 8276995.1 | J14: =+G14-I14 -> -3400292 | K14: =SUM(K12:K13) -> 14389456 | L14: =SUM(L12:L13) -> 9976589.9 | M14: =+L14-K14 -> -4412865.9 | N14: =SUM(N12:N13) -> 15757115 | O14: =+L14-N14 -> -5780525
D15: 매출원가 | E15: 철강재 | F15: =+IFERROR(HLOOKUP($F$8,[12]손익!$G$5:$AF$55,[12]손익!$D34,),) -> 5121500 | G15: =+'[13]2월'!$G$11 -> 3840070.5 | H15: =+G15-F15 -> -1281429.5 | I15: =+'[14]2월'!$G$11 -> 7128840.8 | J15: =+G15-I15 -> -3288770.3 | K15: =+IFERROR(HLOOKUP($K$8,[12]손익!$G$5:$AF$55,[12]손익!$D34,),) -> 10969700 | L15: =+'[13]2월'!$Q$11 -> 7718382.3 | M15: =+L15-K15 -> -3251317.7 | N15: =+'[14]2월'!$Q$11 -> 13619413 | O15: =+L15-N15 -> -5901030.8
E16: 기타 | F16: =+IFERROR(HLOOKUP($F$8,[12]손익!$G$5:$AF$55,[12]손익!$D35,),) -> 1465518.6 | G16: =+'[13]2월'!$J$11 -> 895941.35 | H16: =+G16-F16 -> -569577.25 | I16: =+'[14]2월'!$J$11 -> 998493.3 | J16: =+G16-I16 -> -102551.95 | K16: =+IFERROR(HLOOKUP($K$8,[12]손익!$G$5:$AF$55,[12]손익!$D35,),) -> 3114363.7 | L16: =+'[13]2월'!$T$11 -> 1989586.3 | M16: =+L16-K16 -> -1124777.4 | N16: =+'[14]2월'!$T$11 -> 1842130.2 | O16: =+L16-N16 -> 147456.03
E17: (소계) | F17: =SUM(F15:F16) -> 6587018.6 | G17: =SUM(G15:G16) -> 4736011.9 | H17: =+G17-F17 -> -1851006.7 | I17: =SUM(I15:I16) -> 8127334.1 | J17: =+G17-I17 -> -3391322.2 | K17: =SUM(K15:K16) -> 14084064 | L17: =SUM(L15:L16) -> 9707968.5 | M17: =+L17-K17 -> -4376095.1 | N17: =SUM(N15:N16) -> 15461543 | O17: =+L17-N17 -> -5753574.7
D18: 매출이익 | E18: 철강재 | F18: =+F12-F15 -> 73500 | G18: =+G12-G15 -> 101415.57 | H18: =+G18-F18 -> 27915.567 | I18: =+I12-I15 -> 112863.01 | J18: =+G18-I18 -> -11447.439 | K18: =+K12-K15 -> 171300 | L18: =+L12-L15 -> 183076.61 | M18: =+L18-K18 -> 11776.608 | N18: =+N12-N15 -> 229999.27 | O18: =+L18-N18 -> -46922.664
E19: % | F19: =+F18/F12 -> 0.014148219 | G19: =+G18/G12 -> 0.025730287 | H19: =+G19-F19 -> 0.011582067 | I19: =+I18/I12 -> 0.015585145 | J19: =+G19-I19 -> 0.010145141 | K19: =IFERROR(K18/K12,) -> 0.01537564 | L19: =+L18/L12 -> 0.023169975 | M19: =+L19-K19 -> 0.0077943359 | N19: =+N18/N12 -> 0.01660715 | O19: =+L19-N19 -> 0.0065628251
E20: 기타 | F20: =+F13-F16 -> 64093.738 | G20: =+G13-G16 -> 39275.668 | H20: =+G20-F20 -> -24818.07 | I20: =+I13-I16 -> 36798.037 | J20: =+G20-I20 -> 2477.631 | K20: =+K13-K16 -> 134092.12 | L20: =+L13-L16 -> 85544.705 | M20: =+L20-K20 -> -48547.415 | N20: =+N13-N16 -> 65572.263 | O20: =+L20-N20 -> 19972.442
E21: % | F21: =+F20/F13 -> 0.041901949 | G21: =+G20/G13 -> 0.041996314 | H21: =+G21-F21 -> 9.4365531e-05 | I21: =+I20/I13 -> 0.035543654 | J21: =+G21-I21 -> 0.0064526603 | K21: =IFERROR(K20/K13,) -> 0.041278727 | L21: =+L20/L13 -> 0.041223762 | M21: =+L21-K21 -> -5.4965439e-05 | N21: =+N20/N13 -> 0.034372374 | O21: =+L21-N21 -> 0.0068513882
E22: (소계) | F22: =SUM(F18,F20) -> 137593.74 | G22: =SUM(G18,G20) -> 140691.23 | H22: =+G22-F22 -> 3097.497 | I22: =SUM(I18,I20) -> 149661.04 | J22: =+G22-I22 -> -8969.808 | K22: =SUM(K18,K20) -> 305392.12 | L22: =SUM(L18,L20) -> 268621.31 | M22: =+L22-K22 -> -36770.807 | N22: =SUM(N18,N20) -> 295571.53 | O22: =+L22-N22 -> -26950.222
E23: % | F23: =+F22/F14 -> 0.020461215 | G23: =+G22/G14 -> 0.028849662 | H23: =+G23-F23 -> 0.0083884469 | I23: =+I22/I14 -> 0.018081567 | J23: =+G23-I23 -> 0.010768095 | K23: =IFERROR(K22/K14,) -> 0.021223327 | L23: =+L22/L14 -> 0.026925164 | M23: =+L23-K23 -> 0.0057018369 | N23: =+N22/N14 -> 0.018757973 | O23: =+L23-N23 -> 0.0081671904
D24: 판관비 | E24: 노무비 | F24: =+IFERROR(HLOOKUP($F$8,[12]손익!$G$5:$AF$55,[12]손익!$D15,),) -> 93613.636 | G24: =+'[13]2월'!$M$19 -> 118274.92 | H24: =+G24-F24 -> 24661.28 | I24: =+'[14]2월'!$M$19 -> 94794.215 | J24: =+G24-I24 -> 23480.701 | K24: =+IFERROR(HLOOKUP($K$8,[12]손익!$G$5:$AF$55,[12]손익!$D15,),) -> 187227.27 | L24: =+'[13]2월'!$W$19 -> 210435.98 | M24: =+L24-K24 -> 23208.71 | N24: =+'[14]2월'!$W$19 -> 190177.24 | O24: =+L24-N24 -> 20258.742
E25: 경비 | F25: =+IFERROR(HLOOKUP($F$8,[12]손익!$G$5:$AF$55,[12]손익!$D16,),) -> 44225.3 | G25: =+'[13]2월'!$M$37 -> 39900.266 | H25: =+G25-F25 -> -4325.034 | I25: =+'[14]2월'!$M$37 -> 38210.774 | J25: =+G25-I25 -> 1689.492 | K25: =+IFERROR(HLOOKUP($K$8,[12]손익!$G$5:$AF$55,[12]손익!$D16,),) -> 112729.59 | L25: =+'[13]2월'!$W$37 -> 75967.434 | M25: =+L25-K25 -> -36762.156 | N25: =+'[14]2월'!$W$37 -> 81246.646 | O25: =+L25-N25 -> -5279.212
E26: (소계) | F26: =SUM(F24:F25) -> 137838.94 | G26: =SUM(G24:G25) -> 158175.18 | H26: =+G26-F26 -> 20336.246 | I26: =SUM(I24:I25) -> 133004.99 | J26: =+G26-I26 -> 25170.193 | K26: =SUM(K24:K25) -> 299956.86 | L26: =SUM(L24:L25) -> 286403.42 | M26: =+L26-K26 -> -13553.446 | N26: =SUM(N24:N25) -> 271423.89 | O26: =+L26-N26 -> 14979.53
D27: EBITDA | F27: =+F22-F26 -> -245.198 | G27: =+G22-G26 -> -17483.947 | H27: =+G27-F27 -> -17238.749 | I27: =+I22-I26 -> 16656.054 | J27: =+G27-I27 -> -34140.001 | K27: =+K22-K26 -> 5435.258 | L27: =+L22-L26 -> -17782.103 | M27: =+L27-K27 -> -23217.361 | N27: =+N22-N26 -> 24147.649 | O27: =+L27-N27 -> -41929.752
E28: % | F28: =+F27/F14 -> -3.6462771e-05 | G28: =+G27/G14 -> -0.0035851982 | H28: =+G28-F28 -> -0.0035487354 | I28: =+I27/I14 -> 0.002012331 | J28: =+G28-I28 -> -0.0055975292 | K28: =IFERROR(K27/K14,) -> 0.00037772506 | L28: =+L27/L14 -> -0.0017823829 | M28: =+L28-K28 -> -0.0021601079 | N28: =+N27/N14 -> 0.0015324918 | O28: =+L28-N28 -> -0.0033148747
D29: 감가상각비 | F29: =+IFERROR(HLOOKUP($F$8,[12]손익!$G$5:$AF$55,[12]손익!$D19,),) -> 5186.263 | G29: =+'[13]2월'!$M$40 -> 4725.173 | H29: =+G29-F29 -> -461.09 | I29: =+'[14]2월'!$M$40 -> 5794.341 | J29: =+G29-I29 -> -1069.168 | K29: =+IFERROR(HLOOKUP($K$8,[12]손익!$G$5:$AF$55,[12]손익!$D19,),) -> 10372.526 | L29: =+'[13]2월'!$W$40 -> 9463.699 | M29: =+L29-K29 -> -908.827 | N29: =+'[14]2월'!$W$40 -> 11588.687 | O29: =+L29-N29 -> -2124.988
E30: 판관 | F30: =+F29 -> 5186.263 | G30: =+G29 -> 4725.173 | H30: =+G30-F30 -> -461.09 | I30: =+I29 -> 5794.341 | J30: =+G30-I30 -> -1069.168 | K30: =+K29 -> 10372.526 | L30: =+L29 -> 9463.699 | M30: =+L30-K30 -> -908.827 | N30: =+N29 -> 11588.687 | O30: =+L30-N30 -> -2124.988
D31: 영업이익 I | F31: =+F27-F29 -> -5431.461 | G31: =+G27-G29 -> -22209.12 | H31: =+G31-F31 -> -16777.659 | I31: =+I27-I29 -> 10861.713 | J31: =+G31-I31 -> -33070.833 | K31: =+K27-K29 -> -4937.268 | L31: =+L27-L29 -> -27245.802 | M31: =+L31-K31 -> -22308.534 | N31: =+N27-N29 -> 12558.962 | O31: =+L31-N31 -> -39804.764
E32: % | F32: =+F31/F14 -> -0.00080769875 | G32: =+G31/G14 -> -0.0045541259 | H32: =+G32-F32 -> -0.0037464272 | I32: =+I31/I14 -> 0.0013122773 | J32: =+G32-I32 -> -0.0058664032 | K32: =IFERROR(K31/K14,) -> -0.00034311708 | L32: =+L31/L14 -> -0.0027309734 | M32: =+L32-K32 -> -0.0023878564 | N32: =+N31/N14 -> 0.00079703437 | O32: =+L32-N32 -> -0.0035280078
D33: 공통비 | F33: =+IFERROR(HLOOKUP($F$8,[12]손익!$G$5:$AF$55,[12]손익!$D23,),) -> 31064.682 | G33: =+'[13]2월'!$M$43 -> 59090.002 | H33: =+G33-F33 -> 28025.32 | J33: =+G33-I33 -> 59090.002 | K33: =+IFERROR(HLOOKUP($K$8,[12]손익!$G$5:$AF$55,[12]손익!$D23,),) -> 77776.468 | L33: =+'[13]2월'!$W$43 -> 92868.721 | M33: =+L33-K33 -> 15092.253 | O33: =+L33-N33 -> 92868.721
D34: 영업이익 II | F34: =+F31-F33 -> -36496.143 | G34: =+G31-G33 -> -81299.122 | H34: =+G34-F34 -> -44802.979 | I34: =+I31-I33 -> 10861.713 | J34: =+G34-I34 -> -92160.835 | K34: =+K31-K33 -> -82713.736 | L34: =+L31-L33 -> -120114.52 | M34: =+L34-K34 -> -37400.787 | N34: =+N31-N33 -> 12558.962 | O34: =+L34-N34 -> -132673.49
E35: % | F35: =+F34/F14 -> -0.0054272486 | G35: =+G34/G14 -> -0.016670919 | H35: =+G35-F35 -> -0.01124367 | I35: =+I34/I14 -> 0.0013122773 | J35: =+G35-I35 -> -0.017983196 | K35: =IFERROR(K34/K14,) -> -0.0057482185 | L35: =+L34/L14 -> -0.012039637 | M35: =+L35-K35 -> -0.0062914188 | N35: =+N34/N14 -> 0.00079703437 | O35: =+L35-N35 -> -0.012836672
