Workbook

Sheet 표지
A6: 2026년 1월 마감 손익
A24: 레미콘사업본부

Sheet 손익총괄
C3: □ 건재사업본부 손익실적(2026-01)
X4: [단위 : 천㎥, 톤, 원/㎥, 원/톤, 백만원]
C5: 구분 | E5: 1월 | J5: 1월 누계 | P5: 1월 주요지표
E6: 계획 | F6: 실적 | G6: 계획대비 | H6: 전년 | I6: 전년대비 | J6: 계획 | K6: 실적 | L6: 계획대비 | M6: 전년 | N6: 전년대비
C7: 물량 | D7: 레미콘 | E7: =+'[1]1월'!$Z$7/1000 -> 189 | F7: =+'[2]1월'!$Z$7/1000 -> 176.1205 | G7: =+F7-E7 -> -12.8795 | H7: =+'[3]1월'!$Z$7/1000 -> 177.8795 | I7: =+F7-H7 -> -1.759 | J7: =+'[1]1월'!$Z$7/1000 -> 189 | K7: =+'[2]1월'!$Z$7/1000 -> 176.1205 | L7: =+K7-J7 -> -12.8795 | M7: =+'[3]1월'!$Z$7/1000 -> 177.8795 | N7: =+K7-M7 -> -1.759 | Q7: □ 레미콘
D8: 골재 | E8: =+'[1]1월'!$AE$7/1000 -> 74.758127 | F8: =+'[2]1월'!$AN$7/1000 -> 55.493 | G8: =+F8-E8 -> -19.265127 | H8: =+'[3]1월'!$AN$7/1000 -> 48.252 | I8: =+F8-H8 -> 7.241 | J8: =+'[1]1월'!$AE$7/1000 -> 74.758127 | K8: =+'[2]1월'!$AN$7/1000 -> 55.493 | L8: =+K8-J8 -> -19.265127 | M8: =+'[3]1월'!$AN$7/1000 -> 48.252 | N8: =+K8-M8 -> 7.241 | Q8: 구분 | S8: 계획 | T8: 실적 | U8: 계획대비 | V8: 전년 | W8: 전년대비
C9: 매출 | D9: 레미콘 | E9: =+'[1]1월'!$Z$8/1000 -> 19072.612 | F9: =+'[2]1월'!$Z$8/1000 -> 18745.855 | G9: =+F9-E9 -> -326.75709 | H9: =+'[3]1월'!$Z$8/1000 -> 17974.392 | I9: =+F9-H9 -> 771.46287 | J9: =+'[1]1월'!$Z$8/1000 -> 19072.612 | K9: =+'[2]1월'!$Z$8/1000 -> 18745.855 | L9: =+K9-J9 -> -326.75709 | M9: =+'[3]1월'!$Z$8/1000 -> 17974.392 | N9: =+K9-M9 -> 771.46287 | Q9: 물량 | R9: 수도권 | S9: =+[4]수도권!$T$5/1000 -> 72 | T9: =+[4]수도권!$U$5/1000 -> 66.817 | U9: =+T9-S9 -> -5.183 | V9: =+[5]수도권!$T$5/1000 -> 56.9285 | W9: =+T9-V9 -> 9.8885
D10: 골재 | E10: =+'[1]1월'!$AE$8/1000 -> 1407.6886 | F10: =+'[2]1월'!$AN$8/1000 -> 1129.7404 | G10: =+F10-E10 -> -277.9482 | H10: =+'[3]1월'!$AN$8/1000 -> 1051.748 | I10: =+F10-H10 -> 77.9924 | J10: =+'[1]1월'!$AE$8/1000 -> 1407.6886 | K10: =+'[2]1월'!$AN$8/1000 -> 1129.7404 | L10: =+K10-J10 -> -277.9482 | M10: =+'[3]1월'!$AN$8/1000 -> 1051.748 | N10: =+K10-M10 -> 77.9924 | R10: 영남권 | S10: =+[4]영남권!$T$5/1000 -> 90.5 | T10: =+[4]영남권!$U$5/1000 -> 78.6105 | U10: =+T10-S10 -> -11.8895 | V10: =+[5]영남권!$T$5/1000 -> 81.123 | W10: =+T10-V10 -> -2.5125
D11: 기타 | E11: =+'[1]1월'!$E$8/1000-E9-E33-E10 -> 118.83333 | F11: =+('[2]1월'!$BJ$8+'[2]1월'!$BA$8+'[2]1월'!$AP$8+'[2]1월'!$AH$8)/1000 -> 52.334878 | G11: =+F11-E11 -> -66.498455 | H11: =+'[3]1월'!$F$8/1000-H9-H33-H10 -> 167.2526 | I11: =+F11-H11 -> -114.91772 | J11: =+'[1]1월'!$E$8/1000-J9-J33-J10 -> 118.83333 | K11: =+('[2]1월'!$BJ$8+'[2]1월'!$BA$8+'[2]1월'!$AP$8+'[2]1월'!$AH$8)/1000 -> 52.334878 | L11: =+K11-J11 -> -66.498455 | M11: =+'[3]1월'!$F$8/1000-M9-M33-M10 -> 167.2526 | N11: =+K11-M11 -> -114.91772 | R11: 중부권 | S11: =+[4]중부권!$T$5/1000 -> 26.5 | T11: =+[4]중부권!$U$5/1000 -> 30.693 | U11: =+T11-S11 -> 4.193 | V11: =+[5]중부권!$T$5/1000 -> 39.828 | W11: =+T11-V11 -> -9.135
C12: 계 | E12: =SUM(E9:E11) -> 20599.134 | F12: =SUM(F9:F11) -> 19927.93 | G12: =+F12-E12 -> -671.20375 | H12: =SUM(H9:H11) -> 19193.393 | I12: =+F12-H12 -> 734.53755 | J12: =SUM(J9:J11) -> 20599.134 | K12: =SUM(K9:K11) -> 19927.93 | L12: =+K12-J12 -> -671.20375 | M12: =SUM(M9:M11) -> 19193.393 | N12: =+K12-M12 -> 734.53755 | Q12: 계 | S12: =SUM(S9:S11) -> 189 | T12: =SUM(T9:T11) -> 176.1205 | U12: =+T12-S12 -> -12.8795 | V12: =SUM(V9:V11) -> 177.8795 | W12: =+T12-V12 -> -1.759
C13: 매출원가 | D13: 레미콘 | E13: =+('[1]1월'!$Z$10+'[1]1월'!$Z$19)/1000 -> 18357.16 | F13: =+('[2]1월'!$Z$10+'[2]1월'!$Z$19)/1000 -> 17847.352 | G13: =+F13-E13 -> -509.80781 | H13: =+('[3]1월'!$Z$10+'[3]1월'!$Z$19)/1000 -> 17240.725 | I13: =+F13-H13 -> 606.62647 | J13: =+('[1]1월'!$Z$10+'[1]1월'!$Z$19)/1000 -> 18357.16 | K13: =+('[2]1월'!$Z$10+'[2]1월'!$Z$19)/1000 -> 17847.352 | L13: =+K13-J13 -> -509.80781 | M13: =+('[3]1월'!$Z$10+'[3]1월'!$Z$19)/1000 -> 17240.725 | N13: =+K13-M13 -> 606.62647 | Q13: 판매단가 | R13: 수도권 | S13: =+[4]수도권!$T$61 -> 98950.866 | T13: =+[4]수도권!$U$61 -> 104188.77 | U13: =+T13-S13 -> 5237.9089 | V13: =+[5]수도권!$Q$85 -> 99000.139 | W13: =+T13-V13 -> 5188.6358
D14: 골재 | E14: =+('[1]1월'!$AE$10+'[1]1월'!$AE$19)/1000 -> 1446.0693 | F14: =+('[2]1월'!$AN$10+'[2]1월'!$AN$19)/1000 -> 1253.2515 | G14: =+F14-E14 -> -192.81783 | H14: =+('[3]1월'!$AN$10+'[3]1월'!$AN$19)/1000 -> 1282.2655 | I14: =+F14-H14 -> -29.014042 | J14: =+('[1]1월'!$AE$10+'[1]1월'!$AE$19)/1000 -> 1446.0693 | K14: =+('[2]1월'!$AN$10+'[2]1월'!$AN$19)/1000 -> 1253.2515 | L14: =+K14-J14 -> -192.81783 | M14: =+('[3]1월'!$AN$10+'[3]1월'!$AN$19)/1000 -> 1282.2655 | N14: =+K14-M14 -> -29.014042 | R14: 영남권 | S14: =+[4]영남권!$T$61 -> 100438.34 | T14: =+[4]영남권!$U$61 -> 107645.52 | U14: =+T14-S14 -> 7207.1744 | V14: =+[5]영남권!$Q$85 -> 100960.81 | W14: =+T14-V14 -> 6684.7004
D15: 기타 | E15: =+('[1]1월'!$AL$10+'[1]1월'!$AL$19+'[1]1월'!$AV$10+'[1]1월'!$AV$19)/1000 -> 19.286963 | F15: =+('[2]1월'!$AH$10+'[2]1월'!$AH$19+'[2]1월'!$AP$10+'[2]1월'!$AP$19+'[2]1월'!$BA$10+'[2]1월'!$BA$19+'[2]1월'!$BJ$10+'[2]1월'!$BJ$19)/1000 -> 19.263581 | G15: =+F15-E15 -> -0.023382 | H15: =+('[3]1월'!$F$10+'[3]1월'!$F$19)/1000-H13-H14-('[3]1월'!$AO$10+'[3]1월'!$AO$19)/1000 -> 331.19036 | I15: =+F15-H15 -> -311.92678 | J15: =+('[1]1월'!$AL$10+'[1]1월'!$AL$19+'[1]1월'!$AV$10+'[1]1월'!$AV$19)/1000 -> 19.286963 | K15: =+('[2]1월'!$AH$10+'[2]1월'!$AH$19+'[2]1월'!$AP$10+'[2]1월'!$AP$19+'[2]1월'!$BA$10+'[2]1월'!$BA$19+'[2]1월'!$BJ$10+'[2]1월'!$BJ$19)/1000 -> 19.263581 | L15: =+K15-J15 -> -0.023382 | M15: =+('[3]1월'!$F$10+'[3]1월'!$F$19)/1000-M13-M14-('[3]1월'!$AO$10+'[3]1월'!$AO$19)/1000 -> 331.19036 | N15: =+K15-M15 -> -311.92678 | R15: 중부권 | S15: =+[4]중부권!$T$61 -> 107867.16 | T15: =+[4]중부권!$U$61 -> 108148.79 | U15: =+T15-S15 -> 281.62351 | V15: =+[5]중부권!$Q$85 -> 103685.34 | W15: =+T15-V15 -> 4463.4456
C16: 계 | E16: =SUM(E13:E15) -> 19822.516 | F16: =SUM(F13:F15) -> 19119.867 | G16: =+F16-E16 -> -702.64902 | H16: =SUM(H13:H15) -> 18854.181 | I16: =+F16-H16 -> 265.68565 | J16: =SUM(J13:J15) -> 19822.516 | K16: =SUM(K13:K15) -> 19119.867 | L16: =+K16-J16 -> -702.64902 | M16: =SUM(M13:M15) -> 18854.181 | N16: =+K16-M16 -> 265.68565 | Q16: 계 | S16: =+[4]합계!$T$61 -> 100913.29 | T16: =+[4]합계!$U$61 -> 106420.86 | U16: =+T16-S16 -> 5507.5656 | V16: =+[5]합계!$Q$85 -> 100932.18 | W16: =+T16-V16 -> 5488.6757
C17: 매출이익 | D17: 레미콘 | E17: =+E9-E13 -> 715.45235 | F17: =+F9-F13 -> 898.50307 | G17: =+F17-E17 -> 183.05072 | H17: =+H9-H13 -> 733.66668 | I17: =+F17-H17 -> 164.8364 | J17: =+J9-J13 -> 715.45235 | K17: =+K9-K13 -> 898.50307 | L17: =+K17-J17 -> 183.05072 | M17: =+M9-M13 -> 733.66668 | N17: =+K17-M17 -> 164.8364 | Q17: 공헌이익 | R17: 수도권 | S17: =+[4]수도권!$Q$90 -> 15450.46 | T17: =+[4]수도권!$R$90 -> 14405.036 | U17: =+T17-S17 -> -1045.4238 | V17: =+[5]수도권!$Q$90 -> 13670.147 | W17: =+T17-V17 -> 734.88933
D18: 골재 | E18: =+E10-E14 -> -38.380732 | F18: =+F10-F14 -> -123.5111 | G18: =+F18-E18 -> -85.130368 | H18: =+H10-H14 -> -230.51754 | I18: =+F18-H18 -> 107.00644 | J18: =+J10-J14 -> -38.380732 | K18: =+K10-K14 -> -123.5111 | L18: =+K18-J18 -> -85.130368 | M18: =+M10-M14 -> -230.51754 | N18: =+K18-M18 -> 107.00644 | R18: 영남권 | S18: =+[4]영남권!$Q$90 -> 18625.144 | T18: =+[4]영남권!$R$90 -> 21506.306 | U18: =+T18-S18 -> 2881.1614 | V18: =+[5]영남권!$Q$90 -> 20157.906 | W18: =+T18-V18 -> 1348.3998
D19: 기타 | E19: =+E11-E15 -> 99.54637 | F19: =+F11-F15 -> 33.071297 | G19: =+F19-E19 -> -66.475073 | H19: =+H11-H15 -> -163.93776 | I19: =+F19-H19 -> 197.00906 | J19: =+J11-J15 -> 99.54637 | K19: =+K11-K15 -> 33.071297 | L19: =+K19-J19 -> -66.475073 | M19: =+M11-M15 -> -163.93776 | N19: =+K19-M19 -> 197.00906 | R19: 중부권 | S19: =+[4]중부권!$Q$90 -> 25419.147 | T19: =+[4]중부권!$R$90 -> 21490.416 | U19: =+T19-S19 -> -3928.7307 | V19: =+[5]중부권!$Q$90 -> 20761.141 | W19: =+T19-V19 -> 729.27531
C20: 계 | E20: =SUM(E17:E19) -> 776.61799 | F20: =SUM(F17:F19) -> 808.06327 | G20: =+F20-E20 -> 31.445277 | H20: =SUM(H17:H19) -> 339.21137 | I20: =+F20-H20 -> 468.85189 | J20: =SUM(J17:J19) -> 776.61799 | K20: =SUM(K17:K19) -> 808.06327 | L20: =+K20-J20 -> 31.445277 | M20: =SUM(M17:M19) -> 339.21137 | N20: =+K20-M20 -> 468.85189 | Q20: 계 | S20: =+[4]합계!$Q$90 -> 18368.339 | T20: =+[4]합계!$R$90 -> 18810.282 | U20: =+T20-S20 -> 441.94348 | V20: =+[5]합계!$Q$90 -> 18230.839 | W20: =+T20-V20 -> 579.44333
C21: 판관비 | D21: 레미콘 | E21: =+('[1]1월'!$Z$13+'[1]1월'!$Z$20+'[1]1월'!$Z$22)/1000 -> 2472.9235 | F21: =+('[2]1월'!$Z$13+'[2]1월'!$Z$20+'[2]1월'!$Z$22)/1000 -> 1900.9497 | G21: =+F21-E21 -> -571.97377 | H21: =+('[3]1월'!$Z$13+'[3]1월'!$Z$20+'[3]1월'!$Z$22)/1000 -> 2347.7194 | I21: =+F21-H21 -> -446.76971 | J21: =+('[1]1월'!$Z$13+'[1]1월'!$Z$20+'[1]1월'!$Z$22)/1000 -> 2472.9235 | K21: =+('[2]1월'!$Z$13+'[2]1월'!$Z$20+'[2]1월'!$Z$22)/1000 -> 1900.9497 | L21: =+K21-J21 -> -571.97377 | M21: =+('[3]1월'!$Z$13+'[3]1월'!$Z$20+'[3]1월'!$Z$22)/1000 -> 2347.7194 | N21: =+K21-M21 -> -446.76971 | Q21: □ 골재
D22: 골재 | E22: =+('[1]1월'!$AE$13+'[1]1월'!$AE$20+'[1]1월'!$AE$22)/1000 -> 50.11538 | F22: =+('[2]1월'!$AN$13+'[2]1월'!$AN$20+'[2]1월'!$AN$22)/1000 -> 46.765619 | G22: =+F22-E22 -> -3.349761 | H22: =+('[3]1월'!$AN$13+'[3]1월'!$AN$20+'[3]1월'!$AN$22)/1000 -> 49.569914 | I22: =+F22-H22 -> -2.8042952 | J22: =+('[1]1월'!$AE$13+'[1]1월'!$AE$20+'[1]1월'!$AE$22)/1000 -> 50.11538 | K22: =+('[2]1월'!$AN$13+'[2]1월'!$AN$20+'[2]1월'!$AN$22)/1000 -> 46.765619 | L22: =+K22-J22 -> -3.349761 | M22: =+('[3]1월'!$AN$13+'[3]1월'!$AN$20+'[3]1월'!$AN$22)/1000 -> 49.569914 | N22: =+K22-M22 -> -2.8042952 | Q22: 구분 | S22: 계획 | T22: 실적 | U22: 계획대비 | V22: 전년 | W22: 전년대비
D23: 기타 | E23: =+('[1]1월'!$AL$13+'[1]1월'!$AV$13+'[1]1월'!$AL$20+'[1]1월'!$AV$20+'[1]1월'!$AL$22+'[1]1월'!$AV$22)/1000 -> 61.885059 | F23: =+('[2]1월'!$F$13+'[2]1월'!$F$20+'[2]1월'!$F$22)/1000-F21-F22-('[2]1월'!$AO$13+'[2]1월'!$AO$20+'[2]1월'!$AO$22)/1000 -> 63.174249 | G23: =+F23-E23 -> 1.28919 | H23: =+('[3]1월'!$F$13+'[3]1월'!$F$20+'[3]1월'!$F$22)/1000-H21-H22-('[3]1월'!$AO$13+'[3]1월'!$AO$20+'[3]1월'!$AO$22)/1000 -> 507.58097 | I23: =+F23-H23 -> -444.40672 | J23: =+('[1]1월'!$AL$13+'[1]1월'!$AV$13+'[1]1월'!$AL$20+'[1]1월'!$AV$20+'[1]1월'!$AL$22+'[1]1월'!$AV$22)/1000 -> 61.885059 | K23: =+('[2]1월'!$F$13+'[2]1월'!$F$20+'[2]1월'!$F$22)/1000-K21-K22-('[2]1월'!$AO$13+'[2]1월'!$AO$20+'[2]1월'!$AO$22)/1000 -> 63.174249 | L23: =+K23-J23 -> 1.28919 | M23: =+('[3]1월'!$F$13+'[3]1월'!$F$20+'[3]1월'!$F$22)/1000-M21-M22-('[3]1월'!$AO$13+'[3]1월'!$AO$20+'[3]1월'!$AO$22)/1000 -> 507.58097 | N23: =+K23-M23 -> -444.40672 | Q23: 판매량 | R23: 자가 | S23: =+[6]원가손익!$W$10+[7]원가손익!$U$27+[8]손익!$F$10 -> 47918.127 | T23: =+[6]원가손익!$X$10+[7]원가손익!$V$27+[8]손익!$G$10 -> 42752 | U23: =+T23-S23 -> -5166.1269 | V23: =+[9]원가손익!$X$10+[10]원가손익!$V$27+[11]손익!$Y$25 -> 30260 | W23: =+T23-V23 -> 12492
C24: 계 | E24: =SUM(E21:E23) -> 2584.9239 | F24: =SUM(F21:F23) -> 2010.8896 | G24: =+F24-E24 -> -574.03434 | H24: =SUM(H21:H23) -> 2904.8703 | I24: =+F24-H24 -> -893.98073 | J24: =SUM(J21:J23) -> 2584.9239 | K24: =SUM(K21:K23) -> 2010.8896 | L24: =+K24-J24 -> -574.03434 | M24: =SUM(M21:M23) -> 2904.8703 | N24: =+K24-M24 -> -893.98073 | R24: 외판 | S24: =+[6]원가손익!$W$14+[7]원가손익!$U$29+[8]손익!$F$12 -> 26840 | T24: =+[6]원가손익!$X$14+[7]원가손익!$V$29+[8]손익!$G$12 -> 12741 | U24: =+T24-S24 -> -14099 | V24: =+[9]원가손익!$X$14+[10]원가손익!$V$29+[11]손익!$Y$27 -> 17992 | W24: =+T24-V24 -> -5251
C25: 영업이익 | D25: 레미콘 | E25: =+E17-E21 -> -1757.4711 | F25: =+F17-F21 -> -1002.4466 | G25: =+F25-E25 -> 755.02449 | H25: =+H17-H21 -> -1614.0527 | I25: =+F25-H25 -> 611.60611 | J25: =+J17-J21 -> -1757.4711 | K25: =+K17-K21 -> -1002.4466 | L25: =+K25-J25 -> 755.02449 | M25: =+M17-M21 -> -1614.0527 | N25: =+K25-M25 -> 611.60611 | Q25: 합 계 | S25: =SUM(S23:S24) -> 74758.127 | T25: =SUM(T23:T24) -> 55493 | U25: =+T25-S25 -> -19265.127 | V25: =SUM(V23:V24) -> 48252 | W25: =+T25-V25 -> 7241
D26: % | E26: =+E25/E9 -> -0.092146326 | F26: =+F25/F9 -> -0.053475642 | G26: =+F26-E26 -> 0.038670683 | H26: =+H25/H9 -> -0.089797348 | I26: =+F26-H26 -> 0.036321706 | J26: =+J25/J9 -> -0.092146326 | K26: =+K25/K9 -> -0.053475642 | L26: =+K26-J26 -> 0.038670683 | M26: =+M25/M9 -> -0.089797348 | N26: =+K26-M26 -> 0.036321706 | Q26: □ 기타내역(영업이익)
D27: 골재 | E27: =+E18-E22 -> -88.496111 | F27: =+F18-F22 -> -170.27672 | G27: =+F27-E27 -> -81.780607 | H27: =+H18-H22 -> -280.08746 | I27: =+F27-H27 -> 109.81074 | J27: =+J18-J22 -> -88.496111 | K27: =+K18-K22 -> -170.27672 | L27: =+K27-J27 -> -81.780607 | M27: =+M18-M22 -> -280.08746 | N27: =+K27-M27 -> 109.81074 | Q27: 구분 | S27: 계획 | T27: 실적 | U27: 계획대비 | V27: 전년 | W27: 전년대비
D28: 기타 | E28: =+E19-E23 -> 37.661311 | F28: =+F19-F23 -> -30.102952 | G28: =+F28-E28 -> -67.764263 | H28: =+H19-H23 -> -671.51872 | I28: =+F28-H28 -> 641.41577 | J28: =+J19-J23 -> 37.661311 | K28: =+K19-K23 -> -30.102952 | L28: =+K28-J28 -> -67.764263 | M28: =+M19-M23 -> -671.51872 | N28: =+K28-M28 -> 641.41577 | Q28: 레미콘임대 | S28: =+'사업장별(당월)'!T32 -> 29.628698 | T28: =+'사업장별(당월)'!U32 -> 23.441662 | U28: =+T28-S28 -> -6.1870357 | V28: =+'사업장별(당월)'!W32 -> 72.305275 | W28: =+T28-V28 -> -48.863613
C29: 계 | E29: =+E25+E27+E28 -> -1808.3059 | F29: =+F25+F27+F28 -> -1202.8263 | G29: =+F29-E29 -> 605.47962 | H29: =+H25+H27+H28 -> -2565.6589 | I29: =+F29-H29 -> 1362.8326 | J29: =+J25+J27+J28 -> -1808.3059 | K29: =+K25+K27+K28 -> -1202.8263 | L29: =+K29-J29 -> 605.47962 | M29: =+M25+M27+M28 -> -2565.6589 | N29: =+K29-M29 -> 1362.8326 | Q29: 임대 | S29: =+'사업장별(당월)'!T33 -> 68.147673 | T29: =+'사업장별(당월)'!U33 -> 0.104109 | U29: =+T29-S29 -> -68.043564 | V29: =+'사업장별(당월)'!W33 -> 64.600993 | W29: =+T29-V29 -> -64.496884
D30: % | E30: =+E29/E12 -> -0.087785531 | F30: =+F29/F12 -> -0.060358818 | G30: =+F30-E30 -> 0.027426714 | H30: =+H29/H12 -> -0.13367407 | I30: =+F30-H30 -> 0.073315253 | J30: =+J29/J12 -> -0.087785531 | K30: =+K29/K12 -> -0.060358818 | L30: =+K30-J30 -> 0.027426714 | M30: =+M29/M12 -> -0.13367407 | N30: =+K30-M30 -> 0.073315253 | Q30: 공통비 | S30: =+'사업장별(당월)'!T34 -> -1782.6186 | T30: =+'사업장별(당월)'!U34 -> -1251.4257 | U30: =+T30-S30 -> 531.19295 | V30: =+'사업장별(당월)'!W34 -> -1637.191 | W30: =+T30-V30 -> 385.76533
C31: * 건자재 | Q31: 기타 | S31: =+S32-S28-S29-S30 -> -60.115059 | T31: =+T32-T28-T29-T30 -> -53.648723 | U31: =+T31-S31 -> 6.466336 | V31: =+V32-V28-V29-V30 -> -808.42499 | W31: =+T31-V31 -> 754.77627
C32: 물량 | E32: =+IFERROR(HLOOKUP($E$5,[12]손익!$G$5:$AI$54,2,),) -> 8000 | F32: =+'[2]1월'!$AO$7 -> 4969.838 | G32: =+F32-E32 -> -3030.162 | H32: =+'[3]1월'!$AO$7 -> 8735.502 | I32: =+F32-H32 -> -3765.664 | J32: =+'[1]1월'!$AA$7 -> 8000 | K32: =+'[2]1월'!$AO$7 -> 4969.838 | L32: =+K32-J32 -> -3030.162 | M32: =+'[3]1월'!$AO$7 -> 8735.502 | N32: =+K32-M32 -> -3765.664 | Q32: 합계 | S32: =+'사업장별(당월)'!T40 -> -1744.9573 | T32: =+'사업장별(당월)'!U40 -> -1281.5286 | U32: =+T32-S32 -> 463.42868 | V32: =+'사업장별(당월)'!W40 -> -2308.7097 | W32: =+T32-V32 -> 1027.1811
C33: 매출 | E33: =+IFERROR(HLOOKUP($E$5,[12]손익!$G$5:$AI$54,3,),)/1000 -> 7664.8434 | F33: =+'[2]1월'!$AO$8/1000 -> 5099.8867 | G33: =+F33-E33 -> -2564.9567 | H33: =+'[3]1월'!$AO$8/1000 -> 7480.1197 | I33: =+F33-H33 -> -2380.2329 | J33: =+'[1]1월'!$AA$8/1000 -> 7664.8434 | K33: =+'[2]1월'!$AO$8/1000 -> 5099.8867 | L33: =+K33-J33 -> -2564.9567 | M33: =+'[3]1월'!$AO$8/1000 -> 7480.1197 | N33: =+K33-M33 -> -2380.2329
C34: 매출이익 | E34: =+IFERROR(HLOOKUP($E$5,[12]손익!$G$5:$AI$54,7,),)/1000 -> 167.79838 | F34: =+'[2]1월'!$AO$12/1000 -> 127.93008 | G34: =+F34-E34 -> -39.868304 | H34: =+'[3]1월'!$AO$12/1000 -> 145.91049 | I34: =+F34-H34 -> -17.980414 | J34: =+'[1]1월'!$AA$12/1000 -> 167.79838 | K34: =+'[2]1월'!$AO$12/1000 -> 127.93008 | L34: =+K34-J34 -> -39.868304 | M34: =+'[3]1월'!$AO$12/1000 -> 145.91049 | N34: =+K34-M34 -> -17.980414 | Q34: □ 건자재
C35: (%) | E35: =+E34/E33 -> 0.021891952 | F35: =+F34/F33 -> 0.025084886 | G35: =+F35-E35 -> 0.0031929344 | H35: =+H34/H33 -> 0.019506438 | I35: =+I34/I33 -> 0.0075540565 | J35: =+J34/J33 -> 0.021891952 | K35: =+K34/K33 -> 0.025084886 | L35: =+K35-J35 -> 0.0031929344 | M35: =+M34/M33 -> 0.019506438 | N35: =+K35-M35 -> 0.0055784479 | Q35: 구분 | S35: 계획 | T35: 실적 | U35: 계획대비 | V35: 전년 | W35: 전년대비
C36: 영업이익 | E36: =+IFERROR(HLOOKUP($E$5,[12]손익!$G$5:$AI$54,20,),)/1000 -> -46.217593 | F36: =+'[2]1월'!$AO$26/1000 -> -38.815401 | G36: =+F36-E36 -> 7.4021919 | H36: =+'[3]1월'!$AO$26/1000 -> 1.697249 | I36: =+F36-H36 -> -40.51265 | J36: =+'[1]1월'!$AA$26/1000 -> -46.217593 | K36: =+'[2]1월'!$AO$26/1000 -> -38.815401 | L36: =+K36-J36 -> 7.4021919 | M36: =+'[3]1월'!$AO$26/1000 -> 1.697249 | N36: =+K36-M36 -> -40.51265 | Q36: 철강재 판매단가 | S36: =+'[13]1월'!$F$10 -> 743250 | T36: =+'[13]1월'!$G$10 -> 796801.18 | U36: =+T36-S36 -> 53551.181 | V36: =+'[14]1월'!$G$10 -> 756420.01 | W36: =+T36-V36 -> 40381.17
C37: (%) | E37: =+E36/E33 -> -0.0060298156 | F37: =+F36/F33 -> -0.007611032 | G37: =+F37-E37 -> -0.0015812163 | H37: =+H36/H33 -> 0.00022690132 | I37: =+F37-H37 -> -0.0078379333 | J37: =+J36/J33 -> -0.0060298156 | K37: =+K36/K33 -> -0.007611032 | L37: =+K37-J37 -> -0.0015812163 | M37: =+M36/M33 -> 0.00022690132 | N37: =+K37-M37 -> -0.0078379333 | Q37: 철강재 마진률 | S37: =+'[13]1월'!$F$15 -> 0.016448032 | T37: =+'[13]1월'!$G$15 -> 0.020621617 | U37: =+T37-S37 -> 0.0041735844 | V37: =+'[14]1월'!$G$15 -> 0.017727214 | W37: =+T37-V37 -> 0.0028944022
E39: =+'[1]1월'!$E$26/1000 -> -1854.5235 | F39: =+'[2]1월'!$F$26/1000 -> -1241.6417 | H39: =+'[3]1월'!$F$26/1000 -> -2563.9617 | J39: =+'[1]1월'!$E$26/1000 -> -1854.5235 | K39: =+'[2]1월'!$F$26/1000 -> -1241.6417 | M39: =+'[3]1월'!$F$26/1000 -> -2563.9617
E40: =+(E29+E36)-E39 -> 0 | F40: =+(F29+F36)-F39 -> 0 | H40: =+(H29+H36)-H39 -> 0 | J40: =+(J29+J36)-J39 -> 0 | K40: =+(K29+K36)-K39 -> 0 | M40: =+(M29+M36)-M39 -> 0

Sheet 레미콘 영업이익
H3: □ 레미콘 영업이익(1월)
H5: 구분 | J5: 1월 | T5: 1월누계
J6: 영업이익(공통비 배부전) | O6: 영업이익(공통비 배부후) | T6: 영업이익(공통비 배부전) | Y6: 영업이익(공통비 배부전)
A7: 2024년 1월 마감 손익 | J7: 계획 | K7: 실적 | L7: 차이 | M7: 전년 | N7: 차이 | O7: 계획 | P7: 실적 | Q7: 차이 | R7: 전년 | S7: 차이 | T7: 계획 | U7: 실적 | V7: 차이 | W7: 전년 | X7: 차이 | Y7: 계획 | Z7: 실적 | AA7: 차이 | AB7: 전년 | AC7: 차이
B8: 안양 | H8: 레미콘 | I8: 안양 | J8: =+[4]안양!$H$86/1000 -> 174.44457 | K8: =+[4]안양!$I$86/1000 -> 231.23201 | L8: =+K8-J8 -> 56.787441 | M8: =+[5]안양!$H$86/1000 -> 88.057685 | N8: =+K8-M8 -> 143.17433 | O8: =+[4]안양!$H$92/1000 -> -88.266655 | P8: =+[4]안양!$I$92/1000 -> 15.073585 | Q8: =+P8-O8 -> 103.34024 | R8: =+[5]안양!$H$92/1000 -> -153.00896 | S8: =+P8-R8 -> 168.08254 | T8: =+[4]안양!$H$86/1000 -> 174.44457 | U8: =+[4]안양!$I$86/1000 -> 231.23201 | V8: =+U8-T8 -> 56.787441 | W8: =+[5]안양!$H$86/1000 -> 88.057685 | X8: =+U8-W8 -> 143.17433 | Y8: =+[4]안양!$H$92/1000 -> -88.266655 | Z8: =+[4]안양!$I$92/1000 -> 15.073585 | AA8: =+Z8-Y8 -> 103.34024 | AB8: =+[5]안양!$H$92/1000 -> -153.00896 | AC8: =+Z8-AB8 -> 168.08254
B9: 인천 | H9: 직영 | I9: 인천 | J9: =+[4]인천!$H$86/1000 -> -29.440006 | K9: =+[4]인천!$I$86/1000 -> -30.5667 | L9: =+K9-J9 -> -1.1266943 | M9: =+[5]인천!$H$86/1000 -> -127.14974 | N9: =+K9-M9 -> 96.583042 | O9: =+[4]인천!$H$92/1000 -> -258.38515 | P9: =+[4]인천!$I$92/1000 -> -174.53713 | Q9: =+P9-O9 -> 83.848015 | R9: =+[5]인천!$H$92/1000 -> -269.87633 | S9: =+P9-R9 -> 95.339203 | T9: =+[4]인천!$H$86/1000 -> -29.440006 | U9: =+[4]인천!$I$86/1000 -> -30.5667 | V9: =+U9-T9 -> -1.1266943 | W9: =+[5]인천!$H$86/1000 -> -127.14974 | X9: =+U9-W9 -> 96.583042 | Y9: =+[4]인천!$H$92/1000 -> -258.38515 | Z9: =+[4]인천!$I$92/1000 -> -174.53713 | AA9: =+Z9-Y9 -> 83.848015 | AB9: =+[5]인천!$H$92/1000 -> -269.87633 | AC9: =+Z9-AB9 -> 95.339203
B10: 파주 | I10: 파주 | J10: =+[4]파주!$H$86/1000 -> -87.864332 | K10: =+[4]파주!$I$86/1000 -> -117.52526 | L10: =+K10-J10 -> -29.660927 | M10: =+[5]파주!$H$86/1000 -> -106.54515 | N10: =+K10-M10 -> -10.980112 | O10: =+[4]파주!$H$92/1000 -> -174.36828 | P10: =+[4]파주!$I$92/1000 -> -166.10407 | Q10: =+P10-O10 -> 8.2642122 | R10: =+[5]파주!$H$92/1000 -> -177.9112 | S10: =+P10-R10 -> 11.807128 | T10: =+[4]파주!$H$86/1000 -> -87.864332 | U10: =+[4]파주!$I$86/1000 -> -117.52526 | V10: =+U10-T10 -> -29.660927 | W10: =+[5]파주!$H$86/1000 -> -106.54515 | X10: =+U10-W10 -> -10.980112 | Y10: =+[4]파주!$H$92/1000 -> -174.36828 | Z10: =+[4]파주!$I$92/1000 -> -166.10407 | AA10: =+Z10-Y10 -> 8.2642122 | AB10: =+[5]파주!$H$92/1000 -> -177.9112 | AC10: =+Z10-AB10 -> 11.807128
B11: 김포 | I11: 김포 | J11: =+[4]김포!$H$86/1000 -> -57.447522 | K11: =+[4]김포!$I$86/1000 -> -99.529529 | L11: =+K11-J11 -> -42.082007 | M11: =+[5]김포!$H$86/1000 -> -107.3369 | N11: =+K11-M11 -> 7.807367 | O11: =+[4]김포!$H$92/1000 -> -130.98855 | P11: =+[4]김포!$I$92/1000 -> -141.74812 | Q11: =+P11-O11 -> -10.759563 | R11: =+[5]김포!$H$92/1000 -> -154.20977 | S11: =+P11-R11 -> 12.461655 | T11: =+[4]김포!$H$86/1000 -> -57.447522 | U11: =+[4]김포!$I$86/1000 -> -99.529529 | V11: =+U11-T11 -> -42.082007 | W11: =+[5]김포!$H$86/1000 -> -107.3369 | X11: =+U11-W11 -> 7.807367 | Y11: =+[4]김포!$H$92/1000 -> -130.98855 | Z11: =+[4]김포!$I$92/1000 -> -141.74812 | AA11: =+Z11-Y11 -> -10.759563 | AB11: =+[5]김포!$H$92/1000 -> -154.20977 | AC11: =+Z11-AB11 -> 12.461655
B12: 부산 | I12: 부산 | J12: =+[4]부산!$H$86/1000 -> 86.20839 | K12: =+[4]부산!$I$86/1000 -> 272.4134 | L12: =+K12-J12 -> 186.20501 | M12: =+[5]부산!$H$86/1000 -> 26.931239 | N12: =+K12-M12 -> 245.48216 | O12: =+[4]부산!$H$92/1000 -> -99.466258 | P12: =+[4]부산!$I$92/1000 -> 94.701169 | Q12: =+P12-O12 -> 194.16743 | R12: =+[5]부산!$H$92/1000 -> -108.26756 | S12: =+P12-R12 -> 202.96873 | T12: =+[4]부산!$H$86/1000 -> 86.20839 | U12: =+[4]부산!$I$86/1000 -> 272.4134 | V12: =+U12-T12 -> 186.20501 | W12: =+[5]부산!$H$86/1000 -> 26.931239 | X12: =+U12-W12 -> 245.48216 | Y12: =+[4]부산!$H$92/1000 -> -99.466258 | Z12: =+[4]부산!$I$92/1000 -> 94.701169 | AA12: =+Z12-Y12 -> 194.16743 | AB12: =+[5]부산!$H$92/1000 -> -108.26756 | AC12: =+Z12-AB12 -> 202.96873
B13: 서부산 | I13: 서부산 | J13: =+[4]서부산!$H$86/1000 -> 138.70125 | K13: =+[4]서부산!$I$86/1000 -> 184.52322 | L13: =+K13-J13 -> 45.821973 | M13: =+[5]서부산!$H$86/1000 -> 35.159033 | N13: =+K13-M13 -> 149.36419 | O13: =+[4]서부산!$H$92/1000 -> -33.57922 | P13: =+[4]서부산!$I$92/1000 -> 62.015125 | Q13: =+P13-O13 -> 95.594345 | R13: =+[5]서부산!$H$92/1000 -> -78.874481 | S13: =+P13-R13 -> 140.88961 | T13: =+[4]서부산!$H$86/1000 -> 138.70125 | U13: =+[4]서부산!$I$86/1000 -> 184.52322 | V13: =+U13-T13 -> 45.821973 | W13: =+[5]서부산!$H$86/1000 -> 35.159033 | X13: =+U13-W13 -> 149.36419 | Y13: =+[4]서부산!$H$92/1000 -> -33.57922 | Z13: =+[4]서부산!$I$92/1000 -> 62.015125 | AA13: =+Z13-Y13 -> 95.594345 | AB13: =+[5]서부산!$H$92/1000 -> -78.874481 | AC13: =+Z13-AB13 -> 140.88961
B14: 김해 | I14: 김해 | J14: =+[4]김해!$H$86/1000 -> -57.016563 | K14: =+[4]김해!$I$86/1000 -> -95.230254 | L14: =+K14-J14 -> -38.213691 | M14: =+[5]김해!$H$86/1000 -> -64.487721 | N14: =+K14-M14 -> -30.742533 | O14: =+[4]김해!$H$92/1000 -> -120.20139 | P14: =+[4]김해!$I$92/1000 -> -123.42139 | Q14: =+P14-O14 -> -3.2200004 | R14: =+[5]김해!$H$92/1000 -> -110.54286 | S14: =+P14-R14 -> -12.878532 | T14: =+[4]김해!$H$86/1000 -> -57.016563 | U14: =+[4]김해!$I$86/1000 -> -95.230254 | V14: =+U14-T14 -> -38.213691 | W14: =+[5]김해!$H$86/1000 -> -64.487721 | X14: =+U14-W14 -> -30.742533 | Y14: =+[4]김해!$H$92/1000 -> -120.20139 | Z14: =+[4]김해!$I$92/1000 -> -123.42139 | AA14: =+Z14-Y14 -> -3.2200004 | AB14: =+[5]김해!$H$92/1000 -> -110.54286 | AC14: =+Z14-AB14 -> -12.878532
B15: 정관 | I15: 정관 | J15: =+[4]정관!$H$86/1000 -> 64.322338 | K15: =+[4]정관!$I$86/1000 -> -66.073097 | L15: =+K15-J15 -> -130.39544 | M15: =+[5]정관!$H$86/1000 -> 94.40849 | N15: =+K15-M15 -> -160.48159 | O15: =+[4]정관!$H$92/1000 -> -117.2623 | P15: =+[4]정관!$I$92/1000 -> -136.61454 | Q15: =+P15-O15 -> -19.352241 | R15: =+[5]정관!$H$92/1000 -> -61.268051 | S15: =+P15-R15 -> -75.346487 | T15: =+[4]정관!$H$86/1000 -> 64.322338 | U15: =+[4]정관!$I$86/1000 -> -66.073097 | V15: =+U15-T15 -> -130.39544 | W15: =+[5]정관!$H$86/1000 -> 94.40849 | X15: =+U15-W15 -> -160.48159 | Y15: =+[4]정관!$H$92/1000 -> -117.2623 | Z15: =+[4]정관!$I$92/1000 -> -136.61454 | AA15: =+Z15-Y15 -> -19.352241 | AB15: =+[5]정관!$H$92/1000 -> -61.268051 | AC15: =+Z15-AB15 -> -75.346487
B16: 양산 | I16: 양산 | J16: =+[4]양산!$H$86/1000 -> -44.19669 | K16: =+[4]양산!$I$86/1000 -> -29.110635 | L16: =+K16-J16 -> 15.086055 | M16: =+[5]양산!$H$86/1000 -> -50.209252 | N16: =+K16-M16 -> 21.098617 | O16: =+[4]양산!$H$92/1000 -> -99.142484 | P16: =+[4]양산!$I$92/1000 -> -64.171547 | Q16: =+P16-O16 -> 34.970937 | R16: =+[5]양산!$H$92/1000 -> -100.63538 | S16: =+P16-R16 -> 36.463832 | T16: =+[4]양산!$H$86/1000 -> -44.19669 | U16: =+[4]양산!$I$86/1000 -> -29.110635 | V16: =+U16-T16 -> 15.086055 | W16: =+[5]양산!$H$86/1000 -> -50.209252 | X16: =+U16-W16 -> 21.098617 | Y16: =+[4]양산!$H$92/1000 -> -99.142484 | Z16: =+[4]양산!$I$92/1000 -> -64.171547 | AA16: =+Z16-Y16 -> 34.970937 | AB16: =+[5]양산!$H$92/1000 -> -100.63538 | AC16: =+Z16-AB16 -> 36.463832
B17: 창원 | I17: 창원 | J17: =+[4]창원!$H$86/1000 -> -34.965427 | K17: =+[4]창원!$I$86/1000 -> 6.97758 | L17: =+K17-J17 -> 41.943007 | M17: =+[5]창원!$H$86/1000 -> 7.209117 | N17: =+K17-M17 -> -0.231537 | O17: =+[4]창원!$H$92/1000 -> -115.09261 | P17: =+[4]창원!$I$92/1000 -> -45.638644 | Q17: =+P17-O17 -> 69.453968 | R17: =+[5]창원!$H$92/1000 -> -78.364887 | S17: =+P17-R17 -> 32.726242 | T17: =+[4]창원!$H$86/1000 -> -34.965427 | U17: =+[4]창원!$I$86/1000 -> 6.97758 | V17: =+U17-T17 -> 41.943007 | W17: =+[5]창원!$H$86/1000 -> 7.209117 | X17: =+U17-W17 -> -0.231537 | Y17: =+[4]창원!$H$92/1000 -> -115.09261 | Z17: =+[4]창원!$I$92/1000 -> -45.638644 | AA17: =+Z17-Y17 -> 69.453968 | AB17: =+[5]창원!$H$92/1000 -> -78.364887 | AC17: =+Z17-AB17 -> 32.726242
B18: 대구 | I18: 대구 | J18: =+[4]대구!$H$86/1000 -> -49.481991 | K18: =+[4]대구!$I$86/1000 -> -93.809217 | L18: =+K18-J18 -> -44.327226 | M18: =+[5]대구!$H$86/1000 -> 22.030702 | N18: =+K18-M18 -> -115.83992 | O18: =+[4]대구!$H$92/1000 -> -106.14907 | P18: =+[4]대구!$I$92/1000 -> -111.12814 | Q18: =+P18-O18 -> -4.9790751 | R18: =+[5]대구!$H$92/1000 -> -65.102494 | S18: =+P18-R18 -> -46.025647 | T18: =+[4]대구!$H$86/1000 -> -49.481991 | U18: =+[4]대구!$I$86/1000 -> -93.809217 | V18: =+U18-T18 -> -44.327226 | W18: =+[5]대구!$H$86/1000 -> 22.030702 | X18: =+U18-W18 -> -115.83992 | Y18: =+[4]대구!$H$92/1000 -> -106.14907 | Z18: =+[4]대구!$I$92/1000 -> -111.12814 | AA18: =+Z18-Y18 -> -4.9790751 | AB18: =+[5]대구!$H$92/1000 -> -65.102494 | AC18: =+Z18-AB18 -> -46.025647
B19: 울산 | I19: 울산 | J19: =+[4]울산!$H$86/1000 -> -45.89881 | K19: =+[4]울산!$I$86/1000 -> 84.076425 | L19: =+K19-J19 -> 129.97523 | M19: =+[5]울산!$H$86/1000 -> 57.724488 | N19: =+K19-M19 -> 26.351937 | O19: =+[4]울산!$H$92/1000 -> -120.87555 | P19: =+[4]울산!$I$92/1000 -> 2.6963872 | Q19: =+P19-O19 -> 123.57193 | R19: =+[5]울산!$H$92/1000 -> -33.776092 | S19: =+P19-R19 -> 36.472479 | T19: =+[4]울산!$H$86/1000 -> -45.89881 | U19: =+[4]울산!$I$86/1000 -> 84.076425 | V19: =+U19-T19 -> 129.97523 | W19: =+[5]울산!$H$86/1000 -> 57.724488 | X19: =+U19-W19 -> 26.351937 | Y19: =+[4]울산!$H$92/1000 -> -120.87555 | Z19: =+[4]울산!$I$92/1000 -> 2.6963872 | AA19: =+Z19-Y19 -> 123.57193 | AB19: =+[5]울산!$H$92/1000 -> -33.776092 | AC19: =+Z19-AB19 -> 36.472479
B20: 아산 | I20: 아산 | J20: =+[4]아산!$H$86/1000 -> -64.25007 | K20: =+[4]아산!$I$86/1000 -> 3.85639 | L20: =+K20-J20 -> 68.10646 | M20: =+[5]아산!$H$86/1000 -> -30.781557 | N20: =+K20-M20 -> 34.637947 | O20: =+[4]아산!$H$92/1000 -> -154.55142 | P20: =+[4]아산!$I$92/1000 -> -93.686939 | Q20: =+P20-O20 -> 60.864485 | R20: =+[5]아산!$H$92/1000 -> -183.92874 | S20: =+P20-R20 -> 90.241797 | T20: =+[4]아산!$H$86/1000 -> -64.25007 | U20: =+[4]아산!$I$86/1000 -> 3.85639 | V20: =+U20-T20 -> 68.10646 | W20: =+[5]아산!$H$86/1000 -> -30.781557 | X20: =+U20-W20 -> 34.637947 | Y20: =+[4]아산!$H$92/1000 -> -154.55142 | Z20: =+[4]아산!$I$92/1000 -> -93.686939 | AA20: =+Z20-Y20 -> 60.864485 | AB20: =+[5]아산!$H$92/1000 -> -183.92874 | AC20: =+Z20-AB20 -> 90.241797
B21: 전주 | I21: 전주 | J21: =+[4]전주!$H$86/1000 -> -43.61723 | K21: =+[4]전주!$I$86/1000 -> -15.873017 | L21: =+K21-J21 -> 27.744213 | M21: =+[5]전주!$H$86/1000 -> 103.70416 | N21: =+K21-M21 -> -119.57718 | O21: =+[4]전주!$H$92/1000 -> -90.282978 | P21: =+[4]전주!$I$92/1000 -> -69.751996 | Q21: =+P21-O21 -> 20.530983 | R21: =+[5]전주!$H$92/1000 -> 0.16470498 | S21: =+P21-R21 -> -69.916701 | T21: =+[4]전주!$H$86/1000 -> -43.61723 | U21: =+[4]전주!$I$86/1000 -> -15.873017 | V21: =+U21-T21 -> 27.744213 | W21: =+[5]전주!$H$86/1000 -> 103.70416 | X21: =+U21-W21 -> -119.57718 | Y21: =+[4]전주!$H$92/1000 -> -90.282978 | Z21: =+[4]전주!$I$92/1000 -> -69.751996 | AA21: =+Z21-Y21 -> 20.530983 | AB21: =+[5]전주!$H$92/1000 -> 0.16470498 | AC21: =+Z21-AB21 -> -69.916701
B22: 군산 | I22: 군산 | J22: =+[4]군산!$H$86/1000 -> 6.2266766 | K22: =+[4]군산!$I$86/1000 -> 3.845768 | L22: =+K22-J22 -> -2.3809086 | M22: =+[5]군산!$H$86/1000 -> 10.0572 | N22: =+K22-M22 -> -6.211432 | O22: =+[4]군산!$H$92/1000 -> -20.251216 | P22: =+[4]군산!$I$92/1000 -> -12.104515 | Q22: =+P22-O22 -> 8.1467011 | R22: =+[5]군산!$H$92/1000 -> -16.092249 | S22: =+P22-R22 -> 3.9877338 | T22: =+[4]군산!$H$86/1000 -> 6.2266766 | U22: =+[4]군산!$I$86/1000 -> 3.845768 | V22: =+U22-T22 -> -2.3809086 | W22: =+[5]군산!$H$86/1000 -> 10.0572 | X22: =+U22-W22 -> -6.211432 | Y22: =+[4]군산!$H$92/1000 -> -20.251216 | Z22: =+[4]군산!$I$92/1000 -> -12.104515 | AA22: =+Z22-Y22 -> 8.1467011 | AB22: =+[5]군산!$H$92/1000 -> -16.092249 | AC22: =+Z22-AB22 -> 3.9877338
B23: 원주 | I23: 원주 | J23: =+[4]원주!$H$86/1000 -> 18.286728 | K23: =+[4]원주!$I$86/1000 -> 7.133797 | L23: =+K23-J23 -> -11.152931 | M23: =+[5]원주!$H$86/1000 -> -4.029704 | N23: =+K23-M23 -> 11.163501 | O23: =+[4]원주!$H$92/1000 -> -13.209295 | P23: =+[4]원주!$I$92/1000 -> -10.176581 | Q23: =+P23-O23 -> 3.0327141 | R23: =+[5]원주!$H$92/1000 -> -26.154029 | S23: =+P23-R23 -> 15.977447 | T23: =+[4]원주!$H$86/1000 -> 18.286728 | U23: =+[4]원주!$I$86/1000 -> 7.133797 | V23: =+U23-T23 -> -11.152931 | W23: =+[5]원주!$H$86/1000 -> -4.029704 | X23: =+U23-W23 -> 11.163501 | Y23: =+[4]원주!$H$92/1000 -> -13.209295 | Z23: =+[4]원주!$I$92/1000 -> -10.176581 | AA23: =+Z23-Y23 -> 3.0327141 | AB23: =+[5]원주!$H$92/1000 -> -26.154029 | AC23: =+Z23-AB23 -> 15.977447
B24: 제주 | I24: 제주 | J24: =+[4]제주!$H$86/1000 -> 51.136169 | K24: =+[4]제주!$I$86/1000 -> 2.638132 | L24: =+K24-J24 -> -48.498037 | M24: =+[5]제주!$H$86/1000 -> 68.396145 | N24: =+K24-M24 -> -65.758013 | O24: =+[4]제주!$H$92/1000 -> -15.398707 | P24: =+[4]제주!$I$92/1000 -> -27.849297 | Q24: =+P24-O24 -> -12.450591 | R24: =+[5]제주!$H$92/1000 -> 3.7956202 | S24: =+P24-R24 -> -31.644918 | T24: =+[4]제주!$H$86/1000 -> 51.136169 | U24: =+[4]제주!$I$86/1000 -> 2.638132 | V24: =+U24-T24 -> -48.498037 | W24: =+[5]제주!$H$86/1000 -> 68.396145 | X24: =+U24-W24 -> -65.758013 | Y24: =+[4]제주!$H$92/1000 -> -15.398707 | Z24: =+[4]제주!$I$92/1000 -> -27.849297 | AA24: =+Z24-Y24 -> -12.450591 | AB24: =+[5]제주!$H$92/1000 -> 3.7956202 | AC24: =+Z24-AB24 -> -31.644918
I25: 수도권 | J25: =SUM(J8:J11) -> -0.30728829 | K25: =SUM(K8:K11) -> -16.389475 | L25: =+K25-J25 -> -16.082187 | M25: =SUM(M8:M11) -> -252.9741 | N25: =+K25-M25 -> 236.58462 | O25: =SUM(O8:O11) -> -652.00863 | P25: =SUM(P8:P11) -> -467.31573 | Q25: =+P25-O25 -> 184.6929 | R25: =SUM(R8:R11) -> -755.00626 | S25: =+P25-R25 -> 287.69053 | T25: =SUM(T8:T11) -> -0.30728829 | U25: =SUM(U8:U11) -> -16.389475 | V25: =+U25-T25 -> -16.082187 | W25: =SUM(W8:W11) -> -252.9741 | X25: =+U25-W25 -> 236.58462 | Y25: =SUM(Y8:Y11) -> -652.00863 | Z25: =SUM(Z8:Z11) -> -467.31573 | AA25: =+Z25-Y25 -> 184.6929 | AB25: =SUM(AB8:AB11) -> -755.00626 | AC25: =+Z25-AB25 -> 287.69053
I26: 영남권 | J26: =SUM(J12:J19) -> 57.672495 | K26: =SUM(K12:K19) -> 263.76743 | L26: =+K26-J26 -> 206.09493 | M26: =SUM(M12:M19) -> 128.7661 | N26: =+K26-M26 -> 135.00133 | O26: =SUM(O12:O19) -> -811.76887 | P26: =SUM(P12:P19) -> -321.56158 | Q26: =+P26-O26 -> 490.20729 | R26: =SUM(R12:R19) -> -636.8318 | S26: =+P26-R26 -> 315.27022 | T26: =SUM(T12:T19) -> 57.672495 | U26: =SUM(U12:U19) -> 263.76743 | V26: =+U26-T26 -> 206.09493 | W26: =SUM(W12:W19) -> 128.7661 | X26: =+U26-W26 -> 135.00133 | Y26: =SUM(Y12:Y19) -> -811.76887 | Z26: =SUM(Z12:Z19) -> -321.56158 | AA26: =+Z26-Y26 -> 490.20729 | AB26: =SUM(AB12:AB19) -> -636.8318 | AC26: =+Z26-AB26 -> 315.27022
I27: 중부권 | J27: =SUM(J20:J24) -> -32.217726 | K27: =SUM(K20:K24) -> 1.60107 | L27: =+K27-J27 -> 33.818796 | M27: =SUM(M20:M24) -> 147.34624 | N27: =+K27-M27 -> -145.74517 | O27: =SUM(O20:O24) -> -293.69362 | P27: =SUM(P20:P24) -> -213.56933 | Q27: =+P27-O27 -> 80.124292 | R27: =SUM(R20:R24) -> -222.21469 | S27: =+P27-R27 -> 8.6453603 | T27: =SUM(T20:T24) -> -32.217726 | U27: =SUM(U20:U24) -> 1.60107 | V27: =+U27-T27 -> 33.818796 | W27: =SUM(W20:W24) -> 147.34624 | X27: =+U27-W27 -> -145.74517 | Y27: =SUM(Y20:Y24) -> -293.69362 | Z27: =SUM(Z20:Z24) -> -213.56933 | AA27: =+Z27-Y27 -> 80.124292 | AB27: =SUM(AB20:AB24) -> -222.21469 | AC27: =+Z27-AB27 -> 8.6453603
H28: 레미콘 계 | J28: =SUM(J25:J27) -> 25.147481 | K28: =SUM(K25:K27) -> 248.97902 | L28: =+K28-J28 -> 223.83154 | M28: =SUM(M25:M27) -> 23.138241 | N28: =+K28-M28 -> 225.84078 | O28: =SUM(O25:O27) -> -1757.4711 | P28: =SUM(P25:P27) -> -1002.4466 | Q28: =+P28-O28 -> 755.02449 | R28: =SUM(R25:R27) -> -1614.0527 | S28: =+P28-R28 -> 611.60611 | T28: =SUM(T25:T27) -> 25.147481 | U28: =SUM(U25:U27) -> 248.97902 | V28: =+U28-T28 -> 223.83154 | W28: =SUM(W25:W27) -> 23.138241 | X28: =+U28-W28 -> 225.84078 | Y28: =SUM(Y25:Y27) -> -1757.4711 | Z28: =SUM(Z25:Z27) -> -1002.4466 | AA28: =+Z28-Y28 -> 755.02449 | AB28: =SUM(AB25:AB27) -> -1614.0527 | AC28: =+Z28-AB28 -> 611.60611

Sheet 사업장별(당월)
H3: □ 사업장별 손익실적(2026-01)
AG4: [단위 : 천㎥, 톤, 백만원]
H5: 구분 | J5: 물량 | O5: 매출 | T5: 영업이익(공통비 배부전) | Y5: 판매단가 | AB5: 변동비 | AE5: 공헌이익
A6: 2024년 1월 마감 손익 | J6: 계획 | K6: 실적 | L6: 차이 | M6: 전년 | N6: 차이 | O6: 계획 | P6: 실적 | Q6: 차이 | R6: 전년 | S6: 차이 | T6: 계획 | U6: 실적 | V6: 차이 | W6: 전년 | X6: 차이 | Y6: 계획 | Z6: 실적 | AA6: 전년 | AB6: 계획 | AC6: 실적 | AD6: 전년 | AE6: 계획 | AF6: 실적 | AG6: 전년
B7: 안양 | G7: =+I7 -> 안양 | H7: 레미콘 | I7: 안양 | J7: =+IFERROR(HLOOKUP($B7,'[1]1월'!$D$6:$BN$259,2,),)/1000 -> 29 | K7: =+IFERROR(HLOOKUP($B7,'[2]1월'!$F$6:$CP$99,2,),)/1000 -> 30.862 | L7: =+K7-J7 -> 1.862 | M7: =+IFERROR(HLOOKUP($B7,'[3]1월'!$F$6:$CC$57,2,),)/1000 -> 27.197 | N7: =+K7-M7 -> 3.665 | O7: =+IFERROR(HLOOKUP($B7,'[1]1월'!$D$6:$BN$259,3,),)/1000 -> 2871.9846 | P7: =+IFERROR(HLOOKUP($B7,'[2]1월'!$F$6:$CP$99,3,),)/1000 -> 3337.1809 | Q7: =+P7-O7 -> 465.19629 | R7: =+IFERROR(HLOOKUP($B7,'[3]1월'!$F$6:$CC$57,3,),)/1000 -> 2706.27 | S7: =+P7-R7 -> 630.91088 | T7: =+IFERROR(HLOOKUP($B7,'[1]1월'!$D$6:$BN$259,16,),)/1000 -> 174.44457 | U7: =+IFERROR(HLOOKUP($B7,'[2]1월'!$F$6:$CP$99,16,),)/1000 -> 231.23201 | V7: =+U7-T7 -> 56.787441 | W7: =+IFERROR(HLOOKUP($B7,'[3]1월'!$F$6:$CC$57,16,),)/1000 -> 88.057685 | X7: =+U7-W7 -> 143.17433 | Y7: =+[4]안양!$Q$85 -> 99033.952 | Z7: =+[4]안양!$R$85 -> 108132.36 | AA7: =+[5]안양!$Q$85 -> 99506.197 | AB7: =+[4]안양!$Q$89 -> 81955.946 | AC7: =+[4]안양!$R$89 -> 90380.612 | AD7: =+[5]안양!$Q$89 -> 84769.104 | AE7: =+Y7-AB7 -> 17078.007 | AF7: =+Z7-AC7 -> 17751.749 | AG7: =+AA7-AD7 -> 14737.092
B8: 인천 | G8: =+I8 -> 인천 | H8: 직영 | I8: 인천 | J8: =+IFERROR(HLOOKUP($B8,'[1]1월'!$D$6:$BN$259,2,),)/1000 -> 25 | K8: =+IFERROR(HLOOKUP($B8,'[2]1월'!$F$6:$CP$99,2,),)/1000 -> 21.869 | L8: =+K8-J8 -> -3.131 | M8: =+IFERROR(HLOOKUP($B8,'[3]1월'!$F$6:$CC$57,2,),)/1000 -> 15.904 | N8: =+K8-M8 -> 5.965 | O8: =+IFERROR(HLOOKUP($B8,'[1]1월'!$D$6:$BN$259,3,),)/1000 -> 2502.8505 | P8: =+IFERROR(HLOOKUP($B8,'[2]1월'!$F$6:$CP$99,3,),)/1000 -> 2222.7002 | Q8: =+P8-O8 -> -280.15033 | R8: =+IFERROR(HLOOKUP($B8,'[3]1월'!$F$6:$CC$57,3,),)/1000 -> 1602.2818 | S8: =+P8-R8 -> 620.41836 | T8: =+IFERROR(HLOOKUP($B8,'[1]1월'!$D$6:$BN$259,16,),)/1000 -> -29.440006 | U8: =+IFERROR(HLOOKUP($B8,'[2]1월'!$F$6:$CP$99,16,),)/1000 -> -30.5667 | V8: =+U8-T8 -> -1.1266943 | W8: =+IFERROR(HLOOKUP($B8,'[3]1월'!$F$6:$CC$57,16,),)/1000 -> -127.14974 | X8: =+U8-W8 -> 96.583042 | Y8: =+[4]인천!$Q$85 -> 100114.02 | Z8: =+[4]인천!$R$85 -> 101637.03 | AA8: =+[5]인천!$Q$85 -> 100747.1 | AB8: =+[4]인천!$Q$89 -> 86964.531 | AC8: =+[4]인천!$R$89 -> 89925.952 | AD8: =+[5]인천!$Q$89 -> 88700.837 | AE8: =+Y8-AB8 -> 13149.489 | AF8: =+Z8-AC8 -> 11711.076 | AG8: =+AA8-AD8 -> 12046.259
B9: 파주 | G9: =+I9 -> 파주 | I9: 파주 | J9: =+IFERROR(HLOOKUP($B9,'[1]1월'!$D$6:$BN$259,2,),)/1000 -> 10 | K9: =+IFERROR(HLOOKUP($B9,'[2]1월'!$F$6:$CP$99,2,),)/1000 -> 7.45 | L9: =+K9-J9 -> -2.55 | M9: =+IFERROR(HLOOKUP($B9,'[3]1월'!$F$6:$CC$57,2,),)/1000 -> 8.443 | N9: =+K9-M9 -> -0.993 | O9: =+IFERROR(HLOOKUP($B9,'[1]1월'!$D$6:$BN$259,3,),)/1000 -> 945.66955 | P9: =+IFERROR(HLOOKUP($B9,'[2]1월'!$F$6:$CP$99,3,),)/1000 -> 749.9882 | Q9: =+P9-O9 -> -195.68135 | R9: =+IFERROR(HLOOKUP($B9,'[3]1월'!$F$6:$CC$57,3,),)/1000 -> 801.1718 | S9: =+P9-R9 -> -51.1836 | T9: =+IFERROR(HLOOKUP($B9,'[1]1월'!$D$6:$BN$259,16,),)/1000 -> -87.864332 | U9: =+IFERROR(HLOOKUP($B9,'[2]1월'!$F$6:$CP$99,16,),)/1000 -> -117.52526 | V9: =+U9-T9 -> -29.660927 | W9: =+IFERROR(HLOOKUP($B9,'[3]1월'!$F$6:$CC$57,16,),)/1000 -> -106.54515 | X9: =+U9-W9 -> -10.980112 | Y9: =+[4]파주!$Q$85 -> 94566.955 | Z9: =+[4]파주!$R$85 -> 100634.01 | AA9: =+[5]파주!$Q$85 -> 94891.839 | AB9: =+[4]파주!$Q$89 -> 80036.984 | AC9: =+[4]파주!$R$89 -> 89104.397 | AD9: =+[5]파주!$Q$89 -> 79812.611 | AE9: =+Y9-AB9 -> 14529.971 | AF9: =+Z9-AC9 -> 11529.613 | AG9: =+AA9-AD9 -> 15079.228
B10: 김포 | G10: =+I10 -> 김포 | I10: 김포 | J10: =+IFERROR(HLOOKUP($B10,'[1]1월'!$D$6:$BN$259,2,),)/1000 -> 8 | K10: =+IFERROR(HLOOKUP($B10,'[2]1월'!$F$6:$CP$99,2,),)/1000 -> 6.636 | L10: =+K10-J10 -> -1.364 | M10: =+IFERROR(HLOOKUP($B10,'[3]1월'!$F$6:$CC$57,2,),)/1000 -> 5.3845 | N10: =+K10-M10 -> 1.2515 | O10: =+IFERROR(HLOOKUP($B10,'[1]1월'!$D$6:$BN$259,3,),)/1000 -> 803.95768 | P10: =+IFERROR(HLOOKUP($B10,'[2]1월'!$F$6:$CP$99,3,),)/1000 -> 651.79537 | Q10: =+P10-O10 -> -152.16231 | R10: =+IFERROR(HLOOKUP($B10,'[3]1월'!$F$6:$CC$57,3,),)/1000 -> 526.20577 | S10: =+P10-R10 -> 125.5896 | T10: =+IFERROR(HLOOKUP($B10,'[1]1월'!$D$6:$BN$259,16,),)/1000 -> -57.447522 | U10: =+IFERROR(HLOOKUP($B10,'[2]1월'!$F$6:$CP$99,16,),)/1000 -> -99.529529 | V10: =+U10-T10 -> -42.082007 | W10: =+IFERROR(HLOOKUP($B10,'[3]1월'!$F$6:$CC$57,16,),)/1000 -> -107.3369 | X10: =+U10-W10 -> 7.807367 | Y10: =+[4]김포!$Q$85 -> 100494.71 | Z10: =+[4]김포!$R$85 -> 98214.709 | AA10: =+[5]김포!$Q$85 -> 97726.022 | AB10: =+[4]김포!$Q$89 -> 82602.962 | AC10: =+[4]김포!$R$89 -> 87320.72 | AD10: =+[5]김포!$Q$89 -> 86838.295 | AE10: =+Y10-AB10 -> 17891.748 | AF10: =+Z10-AC10 -> 10893.99 | AG10: =+AA10-AD10 -> 10887.727
B11: 부산 | G11: =+I11 -> 부산 | I11: 부산 | J11: =+IFERROR(HLOOKUP($B11,'[1]1월'!$D$6:$BN$259,2,),)/1000 -> 18 | K11: =+IFERROR(HLOOKUP($B11,'[2]1월'!$F$6:$CP$99,2,),)/1000 -> 21.564 | L11: =+K11-J11 -> 3.564 | M11: =+IFERROR(HLOOKUP($B11,'[3]1월'!$F$6:$CC$57,2,),)/1000 -> 13.731 | N11: =+K11-M11 -> 7.833 | O11: =+IFERROR(HLOOKUP($B11,'[1]1월'!$D$6:$BN$259,3,),)/1000 -> 1941.1559 | P11: =+IFERROR(HLOOKUP($B11,'[2]1월'!$F$6:$CP$99,3,),)/1000 -> 2569.2349 | Q11: =+P11-O11 -> 628.07898 | R11: =+IFERROR(HLOOKUP($B11,'[3]1월'!$F$6:$CC$57,3,),)/1000 -> 1446.2366 | S11: =+P11-R11 -> 1122.9983 | T11: =+IFERROR(HLOOKUP($B11,'[1]1월'!$D$6:$BN$259,16,),)/1000 -> 86.20839 | U11: =+IFERROR(HLOOKUP($B11,'[2]1월'!$F$6:$CP$99,16,),)/1000 -> 272.4134 | V11: =+U11-T11 -> 186.20501 | W11: =+IFERROR(HLOOKUP($B11,'[3]1월'!$F$6:$CC$57,16,),)/1000 -> 26.931239 | X11: =+U11-W11 -> 245.48216 | Y11: =+[4]부산!$Q$85 -> 107842 | Z11: =+[4]부산!$R$85 -> 119144.63 | AA11: =+[5]부산!$Q$85 -> 105326.39 | AB11: =+[4]부산!$Q$89 -> 86918.198 | AC11: =+[4]부산!$R$89 -> 94848.512 | AD11: =+[5]부산!$Q$89 -> 84695.366 | AE11: =+Y11-AB11 -> 20923.797 | AF11: =+Z11-AC11 -> 24296.123 | AG11: =+AA11-AD11 -> 20631.019
B12: 서부산 | G12: =+I12 -> 서부산 | I12: 서부산 | J12: =+IFERROR(HLOOKUP($B12,'[1]1월'!$D$6:$BN$259,2,),)/1000 -> 18 | K12: =+IFERROR(HLOOKUP($B12,'[2]1월'!$F$6:$CP$99,2,),)/1000 -> 16.48 | L12: =+K12-J12 -> -1.52 | M12: =+IFERROR(HLOOKUP($B12,'[3]1월'!$F$6:$CC$57,2,),)/1000 -> 12.446 | N12: =+K12-M12 -> 4.034 | O12: =+IFERROR(HLOOKUP($B12,'[1]1월'!$D$6:$BN$259,3,),)/1000 -> 1801.125 | P12: =+IFERROR(HLOOKUP($B12,'[2]1월'!$F$6:$CP$99,3,),)/1000 -> 1771.1334 | Q12: =+P12-O12 -> -29.991591 | R12: =+IFERROR(HLOOKUP($B12,'[3]1월'!$F$6:$CC$57,3,),)/1000 -> 1219.8292 | S12: =+P12-R12 -> 551.30421 | T12: =+IFERROR(HLOOKUP($B12,'[1]1월'!$D$6:$BN$259,16,),)/1000 -> 138.70125 | U12: =+IFERROR(HLOOKUP($B12,'[2]1월'!$F$6:$CP$99,16,),)/1000 -> 184.52322 | V12: =+U12-T12 -> 45.821973 | W12: =+IFERROR(HLOOKUP($B12,'[3]1월'!$F$6:$CC$57,16,),)/1000 -> 35.159033 | X12: =+U12-W12 -> 149.36419 | Y12: =+[4]서부산!$Q$85 -> 100062.5 | Z12: =+[4]서부산!$R$85 -> 107459.83 | AA12: =+[5]서부산!$Q$85 -> 98009.738 | AB12: =+[4]서부산!$Q$89 -> 78653.719 | AC12: =+[4]서부산!$R$89 -> 82419.854 | AD12: =+[5]서부산!$Q$89 -> 77288.175 | AE12: =+Y12-AB12 -> 21408.781 | AF12: =+Z12-AC12 -> 25039.977 | AG12: =+AA12-AD12 -> 20721.563
B13: 김해 | G13: =+I13 -> 김해 | I13: 김해 | J13: =+IFERROR(HLOOKUP($B13,'[1]1월'!$D$6:$BN$259,2,),)/1000 -> 7 | K13: =+IFERROR(HLOOKUP($B13,'[2]1월'!$F$6:$CP$99,2,),)/1000 -> 4.548 | L13: =+K13-J13 -> -2.452 | M13: =+IFERROR(HLOOKUP($B13,'[3]1월'!$F$6:$CC$57,2,),)/1000 -> 5.217 | N13: =+K13-M13 -> -0.669 | O13: =+IFERROR(HLOOKUP($B13,'[1]1월'!$D$6:$BN$259,3,),)/1000 -> 660.57265 | P13: =+IFERROR(HLOOKUP($B13,'[2]1월'!$F$6:$CP$99,3,),)/1000 -> 407.567 | Q13: =+P13-O13 -> -253.00565 | R13: =+IFERROR(HLOOKUP($B13,'[3]1월'!$F$6:$CC$57,3,),)/1000 -> 492.6569 | S13: =+P13-R13 -> -85.0899 | T13: =+IFERROR(HLOOKUP($B13,'[1]1월'!$D$6:$BN$259,16,),)/1000 -> -57.016563 | U13: =+IFERROR(HLOOKUP($B13,'[2]1월'!$F$6:$CP$99,16,),)/1000 -> -95.230254 | V13: =+U13-T13 -> -38.213691 | W13: =+IFERROR(HLOOKUP($B13,'[3]1월'!$F$6:$CC$57,16,),)/1000 -> -64.487721 | X13: =+U13-W13 -> -30.742533 | Y13: =+[4]김해!$Q$85 -> 94367.521 | Z13: =+[4]김해!$R$85 -> 89614.556 | AA13: =+[5]김해!$Q$85 -> 94432.372 | AB13: =+[4]김해!$Q$89 -> 80102.378 | AC13: =+[4]김해!$R$89 -> 79980.794 | AD13: =+[5]김해!$Q$89 -> 76391.455 | AE13: =+Y13-AB13 -> 14265.143 | AF13: =+Z13-AC13 -> 9633.7617 | AG13: =+AA13-AD13 -> 18040.917
B14: 정관 | G14: =+I14 -> 정관 | I14: 정관 | J14: =+IFERROR(HLOOKUP($B14,'[1]1월'!$D$6:$BN$259,2,),)/1000 -> 19 | K14: =+IFERROR(HLOOKUP($B14,'[2]1월'!$F$6:$CP$99,2,),)/1000 -> 10.089 | L14: =+K14-J14 -> -8.911 | M14: =+IFERROR(HLOOKUP($B14,'[3]1월'!$F$6:$CC$57,2,),)/1000 -> 16.167 | N14: =+K14-M14 -> -6.078 | O14: =+IFERROR(HLOOKUP($B14,'[1]1월'!$D$6:$BN$259,3,),)/1000 -> 1898.3964 | P14: =+IFERROR(HLOOKUP($B14,'[2]1월'!$F$6:$CP$99,3,),)/1000 -> 1019.8371 | Q14: =+P14-O14 -> -878.55932 | R14: =+IFERROR(HLOOKUP($B14,'[3]1월'!$F$6:$CC$57,3,),)/1000 -> 1665.2893 | S14: =+P14-R14 -> -645.4522 | T14: =+IFERROR(HLOOKUP($B14,'[1]1월'!$D$6:$BN$259,16,),)/1000 -> 64.322338 | U14: =+IFERROR(HLOOKUP($B14,'[2]1월'!$F$6:$CP$99,16,),)/1000 -> -66.073097 | V14: =+U14-T14 -> -130.39544 | W14: =+IFERROR(HLOOKUP($B14,'[3]1월'!$F$6:$CC$57,16,),)/1000 -> 94.40849 | X14: =+U14-W14 -> -160.48159 | Y14: =+[4]정관!$Q$85 -> 99915.601 | Z14: =+[4]정관!$R$85 -> 101084.06 | AA14: =+[5]정관!$Q$85 -> 103005.46 | AB14: =+[4]정관!$Q$89 -> 83851.178 | AC14: =+[4]정관!$R$89 -> 86691.466 | AD14: =+[5]정관!$Q$89 -> 85293.934 | AE14: =+Y14-AB14 -> 16064.423 | AF14: =+Z14-AC14 -> 14392.596 | AG14: =+AA14-AD14 -> 17711.527
B15: 양산 | G15: =+I15 -> 양산 | I15: 양산 | J15: =+IFERROR(HLOOKUP($B15,'[1]1월'!$D$6:$BN$259,2,),)/1000 -> 6 | K15: =+IFERROR(HLOOKUP($B15,'[2]1월'!$F$6:$CP$99,2,),)/1000 -> 5.181 | L15: =+K15-J15 -> -0.819 | M15: =+IFERROR(HLOOKUP($B15,'[3]1월'!$F$6:$CC$57,2,),)/1000 -> 5.826 | N15: =+K15-M15 -> -0.645 | O15: =+IFERROR(HLOOKUP($B15,'[1]1월'!$D$6:$BN$259,3,),)/1000 -> 574.43681 | P15: =+IFERROR(HLOOKUP($B15,'[2]1월'!$F$6:$CP$99,3,),)/1000 -> 506.8853 | Q15: =+P15-O15 -> -67.551515 | R15: =+IFERROR(HLOOKUP($B15,'[3]1월'!$F$6:$CC$57,3,),)/1000 -> 539.4139 | S15: =+P15-R15 -> -32.5286 | T15: =+IFERROR(HLOOKUP($B15,'[1]1월'!$D$6:$BN$259,16,),)/1000 -> -44.19669 | U15: =+IFERROR(HLOOKUP($B15,'[2]1월'!$F$6:$CP$99,16,),)/1000 -> -29.110635 | V15: =+U15-T15 -> 15.086055 | W15: =+IFERROR(HLOOKUP($B15,'[3]1월'!$F$6:$CC$57,16,),)/1000 -> -50.209252 | X15: =+U15-W15 -> 21.098617 | Y15: =+[4]양산!$Q$85 -> 95739.469 | Z15: =+[4]양산!$R$85 -> 97835.418 | AA15: =+[5]양산!$Q$85 -> 92587.35 | AB15: =+[4]양산!$Q$89 -> 77007.957 | AC15: =+[4]양산!$R$89 -> 79768.281 | AD15: =+[5]양산!$Q$89 -> 75380.246 | AE15: =+Y15-AB15 -> 18731.512 | AF15: =+Z15-AC15 -> 18067.137 | AG15: =+AA15-AD15 -> 17207.103
B16: 창원 | G16: =+I16 -> 창원 | I16: 창원 | J16: =+IFERROR(HLOOKUP($B16,'[1]1월'!$D$6:$BN$259,2,),)/1000 -> 8.5 | K16: =+IFERROR(HLOOKUP($B16,'[2]1월'!$F$6:$CP$99,2,),)/1000 -> 7.5 | L16: =+K16-J16 -> -1 | M16: =+IFERROR(HLOOKUP($B16,'[3]1월'!$F$6:$CC$57,2,),)/1000 -> 9.07 | N16: =+K16-M16 -> -1.57 | O16: =+IFERROR(HLOOKUP($B16,'[1]1월'!$D$6:$BN$259,3,),)/1000 -> 837.69842 | P16: =+IFERROR(HLOOKUP($B16,'[2]1월'!$F$6:$CP$99,3,),)/1000 -> 760.6873 | Q16: =+P16-O16 -> -77.011123 | R16: =+IFERROR(HLOOKUP($B16,'[3]1월'!$F$6:$CC$57,3,),)/1000 -> 915.39465 | S16: =+P16-R16 -> -154.70735 | T16: =+IFERROR(HLOOKUP($B16,'[1]1월'!$D$6:$BN$259,16,),)/1000 -> -34.965427 | U16: =+IFERROR(HLOOKUP($B16,'[2]1월'!$F$6:$CP$99,16,),)/1000 -> 6.97758 | V16: =+U16-T16 -> 41.943007 | W16: =+IFERROR(HLOOKUP($B16,'[3]1월'!$F$6:$CC$57,16,),)/1000 -> 7.209117 | X16: =+U16-W16 -> -0.231537 | Y16: =+[4]창원!$Q$85 -> 98552.756 | Z16: =+[4]창원!$R$85 -> 101424.97 | AA16: =+[5]창원!$Q$85 -> 100925.54 | AB16: =+[4]창원!$Q$89 -> 79280.942 | AC16: =+[4]창원!$R$89 -> 76041.736 | AD16: =+[5]창원!$Q$89 -> 77749.251 | AE16: =+Y16-AB16 -> 19271.813 | AF16: =+Z16-AC16 -> 25383.237 | AG16: =+AA16-AD16 -> 23176.289
B17: 대구 | G17: =+I17 -> 대구 | I17: 대구 | J17: =+IFERROR(HLOOKUP($B17,'[1]1월'!$D$6:$BN$259,2,),)/1000 -> 6.5 | K17: =+IFERROR(HLOOKUP($B17,'[2]1월'!$F$6:$CP$99,2,),)/1000 -> 2.6985 | L17: =+K17-J17 -> -3.8015 | M17: =+IFERROR(HLOOKUP($B17,'[3]1월'!$F$6:$CC$57,2,),)/1000 -> 9.533 | N17: =+K17-M17 -> -6.8345 | O17: =+IFERROR(HLOOKUP($B17,'[1]1월'!$D$6:$BN$259,3,),)/1000 -> 592.43213 | P17: =+IFERROR(HLOOKUP($B17,'[2]1월'!$F$6:$CP$99,3,),)/1000 -> 250.38447 | Q17: =+P17-O17 -> -342.04766 | R17: =+IFERROR(HLOOKUP($B17,'[3]1월'!$F$6:$CC$57,3,),)/1000 -> 932.0735 | S17: =+P17-R17 -> -681.68903 | T17: =+IFERROR(HLOOKUP($B17,'[1]1월'!$D$6:$BN$259,16,),)/1000 -> -49.481991 | U17: =+IFERROR(HLOOKUP($B17,'[2]1월'!$F$6:$CP$99,16,),)/1000 -> -93.809217 | V17: =+U17-T17 -> -44.327226 | W17: =+IFERROR(HLOOKUP($B17,'[3]1월'!$F$6:$CC$57,16,),)/1000 -> 22.030702 | X17: =+U17-W17 -> -115.83992 | Y17: =+[4]대구!$Q$85 -> 91143.404 | Z17: =+[4]대구!$R$85 -> 92786.535 | AA17: =+[5]대구!$Q$85 -> 97773.366 | AB17: =+[4]대구!$Q$89 -> 73245.54 | AC17: =+[4]대구!$R$89 -> 75492.251 | AD17: =+[5]대구!$Q$89 -> 77456.301 | AE17: =+Y17-AB17 -> 17897.864 | AF17: =+Z17-AC17 -> 17294.285 | AG17: =+AA17-AD17 -> 20317.065
B18: 울산 | G18: =+I18 -> 울산 | I18: 울산 | J18: =+IFERROR(HLOOKUP($B18,'[1]1월'!$D$6:$BN$259,2,),)/1000 -> 7.5 | K18: =+IFERROR(HLOOKUP($B18,'[2]1월'!$F$6:$CP$99,2,),)/1000 -> 10.55 | L18: =+K18-J18 -> 3.05 | M18: =+IFERROR(HLOOKUP($B18,'[3]1월'!$F$6:$CC$57,2,),)/1000 -> 9.133 | N18: =+K18-M18 -> 1.417 | O18: =+IFERROR(HLOOKUP($B18,'[1]1월'!$D$6:$BN$259,3,),)/1000 -> 783.85249 | P18: =+IFERROR(HLOOKUP($B18,'[2]1월'!$F$6:$CP$99,3,),)/1000 -> 1176.5337 | Q18: =+P18-O18 -> 392.68121 | R18: =+IFERROR(HLOOKUP($B18,'[3]1월'!$F$6:$CC$57,3,),)/1000 -> 978.7919 | S18: =+P18-R18 -> 197.7418 | T18: =+IFERROR(HLOOKUP($B18,'[1]1월'!$D$6:$BN$259,16,),)/1000 -> -45.89881 | U18: =+IFERROR(HLOOKUP($B18,'[2]1월'!$F$6:$CP$99,16,),)/1000 -> 84.076425 | V18: =+U18-T18 -> 129.97523 | W18: =+IFERROR(HLOOKUP($B18,'[3]1월'!$F$6:$CC$57,16,),)/1000 -> 57.724488 | X18: =+U18-W18 -> 26.351937 | Y18: =+[4]울산!$Q$85 -> 104513.67 | Z18: =+[4]울산!$R$85 -> 111519.78 | AA18: =+[5]울산!$Q$85 -> 107170.91 | AB18: =+[4]울산!$Q$89 -> 87717.198 | AC18: =+[4]울산!$R$89 -> 89406.121 | AD18: =+[5]울산!$Q$89 -> 85147.593 | AE18: =+Y18-AB18 -> 16796.467 | AF18: =+Z18-AC18 -> 22113.661 | AG18: =+AA18-AD18 -> 22023.314
B19: 아산 | G19: =+I19 -> 아산 | I19: 아산 | J19: =+IFERROR(HLOOKUP($B19,'[1]1월'!$D$6:$BN$259,2,),)/1000 -> 10 | K19: =+IFERROR(HLOOKUP($B19,'[2]1월'!$F$6:$CP$99,2,),)/1000 -> 14.503 | L19: =+K19-J19 -> 4.503 | M19: =+IFERROR(HLOOKUP($B19,'[3]1월'!$F$6:$CC$57,2,),)/1000 -> 16.996 | N19: =+K19-M19 -> -2.493 | O19: =+IFERROR(HLOOKUP($B19,'[1]1월'!$D$6:$BN$259,3,),)/1000 -> 987.18316 | P19: =+IFERROR(HLOOKUP($B19,'[2]1월'!$F$6:$CP$99,3,),)/1000 -> 1505.9313 | Q19: =+P19-O19 -> 518.74811 | R19: =+IFERROR(HLOOKUP($B19,'[3]1월'!$F$6:$CC$57,3,),)/1000 -> 1719.2657 | S19: =+P19-R19 -> -213.33447 | T19: =+IFERROR(HLOOKUP($B19,'[1]1월'!$D$6:$BN$259,16,),)/1000 -> -64.25007 | U19: =+IFERROR(HLOOKUP($B19,'[2]1월'!$F$6:$CP$99,16,),)/1000 -> 3.85639 | V19: =+U19-T19 -> 68.10646 | W19: =+IFERROR(HLOOKUP($B19,'[3]1월'!$F$6:$CC$57,16,),)/1000 -> -30.781557 | X19: =+U19-W19 -> 34.637947 | Y19: =+[4]아산!$Q$85 -> 98718.316 | Z19: =+[4]아산!$R$85 -> 103835.85 | AA19: =+[5]아산!$Q$85 -> 101157.08 | AB19: =+[4]아산!$Q$89 -> 80070.67 | AC19: =+[4]아산!$R$89 -> 86561.113 | AD19: =+[5]아산!$Q$89 -> 88061.244 | AE19: =+Y19-AB19 -> 18647.646 | AF19: =+Z19-AC19 -> 17274.732 | AG19: =+AA19-AD19 -> 13095.836
B20: 전주 | G20: =+I20 -> 전주 | I20: 전주 | J20: =+IFERROR(HLOOKUP($B20,'[1]1월'!$D$6:$BN$259,2,),)/1000 -> 5 | K20: =+IFERROR(HLOOKUP($B20,'[2]1월'!$F$6:$CP$99,2,),)/1000 -> 8.1605 | L20: =+K20-J20 -> 3.1605 | M20: =+IFERROR(HLOOKUP($B20,'[3]1월'!$F$6:$CC$57,2,),)/1000 -> 12.05 | N20: =+K20-M20 -> -3.8895 | O20: =+IFERROR(HLOOKUP($B20,'[1]1월'!$D$6:$BN$259,3,),)/1000 -> 510.15449 | P20: =+IFERROR(HLOOKUP($B20,'[2]1월'!$F$6:$CP$99,3,),)/1000 -> 831.81535 | Q20: =+P20-O20 -> 321.66086 | R20: =+IFERROR(HLOOKUP($B20,'[3]1월'!$F$6:$CC$57,3,),)/1000 -> 1162.3579 | S20: =+P20-R20 -> -330.54259 | T20: =+IFERROR(HLOOKUP($B20,'[1]1월'!$D$6:$BN$259,16,),)/1000 -> -43.61723 | U20: =+IFERROR(HLOOKUP($B20,'[2]1월'!$F$6:$CP$99,16,),)/1000 -> -15.873017 | V20: =+U20-T20 -> 27.744213 | W20: =+IFERROR(HLOOKUP($B20,'[3]1월'!$F$6:$CC$57,16,),)/1000 -> 103.70416 | X20: =+U20-W20 -> -119.57718 | Y20: =+[4]전주!$Q$85 -> 102030.9 | Z20: =+[4]전주!$R$85 -> 101995.86 | AA20: =+[5]전주!$Q$85 -> 96461.24 | AB20: =+[4]전주!$Q$89 -> 79728.812 | AC20: =+[4]전주!$R$89 -> 84565.635 | AD20: =+[5]전주!$Q$89 -> 74948.096 | AE20: =+Y20-AB20 -> 22302.086 | AF20: =+Z20-AC20 -> 17430.223 | AG20: =+AA20-AD20 -> 21513.144
B21: 군산 | G21: =+I21 -> 군산 | I21: 군산 | J21: =+IFERROR(HLOOKUP($B21,'[1]1월'!$D$6:$BN$259,2,),)/1000 -> 2.5 | K21: =+IFERROR(HLOOKUP($B21,'[2]1월'!$F$6:$CP$99,2,),)/1000 -> 2.0675 | L21: =+K21-J21 -> -0.4325 | M21: =+IFERROR(HLOOKUP($B21,'[3]1월'!$F$6:$CC$57,2,),)/1000 -> 2.6255 | N21: =+K21-M21 -> -0.558 | O21: =+IFERROR(HLOOKUP($B21,'[1]1월'!$D$6:$BN$259,3,),)/1000 -> 289.45889 | P21: =+IFERROR(HLOOKUP($B21,'[2]1월'!$F$6:$CP$99,3,),)/1000 -> 246.24985 | Q21: =+P21-O21 -> -43.209044 | R21: =+IFERROR(HLOOKUP($B21,'[3]1월'!$F$6:$CC$57,3,),)/1000 -> 293.55978 | S21: =+P21-R21 -> -47.309927 | T21: =+IFERROR(HLOOKUP($B21,'[1]1월'!$D$6:$BN$259,16,),)/1000 -> 6.2266766 | U21: =+IFERROR(HLOOKUP($B21,'[2]1월'!$F$6:$CP$99,16,),)/1000 -> 3.845768 | V21: =+U21-T21 -> -2.3809086 | W21: =+IFERROR(HLOOKUP($B21,'[3]1월'!$F$6:$CC$57,16,),)/1000 -> 10.0572 | X21: =+U21-W21 -> -6.211432 | Y21: =+[4]군산!$Q$85 -> 115783.56 | Z21: =+[4]군산!$R$85 -> 119136.61 | AA21: =+[5]군산!$Q$85 -> 111811 | AB21: =+[4]군산!$Q$89 -> 76852.941 | AC21: =+[4]군산!$R$89 -> 77712.064 | AD21: =+[5]군산!$Q$89 -> 76532.785 | AE21: =+Y21-AB21 -> 38930.616 | AF21: =+Z21-AC21 -> 41424.546 | AG21: =+AA21-AD21 -> 35278.214
B22: 원주 | G22: =+I22 -> 원주 | I22: 원주 | J22: =+IFERROR(HLOOKUP($B22,'[1]1월'!$D$6:$BN$259,2,),)/1000 -> 3 | K22: =+IFERROR(HLOOKUP($B22,'[2]1월'!$F$6:$CP$99,2,),)/1000 -> 2.1455 | L22: =+K22-J22 -> -0.8545 | M22: =+IFERROR(HLOOKUP($B22,'[3]1월'!$F$6:$CC$57,2,),)/1000 -> 2.178 | N22: =+K22-M22 -> -0.0325 | O22: =+IFERROR(HLOOKUP($B22,'[1]1월'!$D$6:$BN$259,3,),)/1000 -> 344.31759 | P22: =+IFERROR(HLOOKUP($B22,'[2]1월'!$F$6:$CP$99,3,),)/1000 -> 267.2478 | Q22: =+P22-O22 -> -77.069785 | R22: =+IFERROR(HLOOKUP($B22,'[3]1월'!$F$6:$CC$57,3,),)/1000 -> 248.3728 | S22: =+P22-R22 -> 18.875 | T22: =+IFERROR(HLOOKUP($B22,'[1]1월'!$D$6:$BN$259,16,),)/1000 -> 18.286728 | U22: =+IFERROR(HLOOKUP($B22,'[2]1월'!$F$6:$CP$99,16,),)/1000 -> 7.133797 | V22: =+U22-T22 -> -11.152931 | W22: =+IFERROR(HLOOKUP($B22,'[3]1월'!$F$6:$CC$57,16,),)/1000 -> -4.029704 | X22: =+U22-W22 -> 11.163501 | Y22: =+[4]원주!$Q$85 -> 114772.53 | Z22: =+[4]원주!$R$85 -> 124562.01 | AA22: =+[5]원주!$Q$85 -> 114037.1 | AB22: =+[4]원주!$Q$89 -> 74865.248 | AC22: =+[4]원주!$R$89 -> 83894.3 | AD22: =+[5]원주!$Q$89 -> 75778.687 | AE22: =+Y22-AB22 -> 39907.28 | AF22: =+Z22-AC22 -> 40667.714 | AG22: =+AA22-AD22 -> 38258.411
B23: 제주 | F23: =+K27-J27 -> -12.8795 | G23: =+I23 -> 제주 | I23: 제주 | J23: =+IFERROR(HLOOKUP($B23,'[1]1월'!$D$6:$BN$259,2,),)/1000 -> 6 | K23: =+IFERROR(HLOOKUP($B23,'[2]1월'!$F$6:$CP$99,2,),)/1000 -> 3.8165 | L23: =+K23-J23 -> -2.1835 | M23: =+IFERROR(HLOOKUP($B23,'[3]1월'!$F$6:$CC$57,2,),)/1000 -> 5.9785 | N23: =+K23-M23 -> -2.162 | O23: =+IFERROR(HLOOKUP($B23,'[1]1월'!$D$6:$BN$259,3,),)/1000 -> 727.36572 | P23: =+IFERROR(HLOOKUP($B23,'[2]1월'!$F$6:$CP$99,3,),)/1000 -> 470.68286 | Q23: =+P23-O23 -> -256.68286 | R23: =+IFERROR(HLOOKUP($B23,'[3]1월'!$F$6:$CC$57,3,),)/1000 -> 725.22047 | S23: =+P23-R23 -> -254.53761 | T23: =+IFERROR(HLOOKUP($B23,'[1]1월'!$D$6:$BN$259,16,),)/1000 -> 51.136169 | U23: =+IFERROR(HLOOKUP($B23,'[2]1월'!$F$6:$CP$99,16,),)/1000 -> 2.638132 | V23: =+U23-T23 -> -48.498037 | W23: =+IFERROR(HLOOKUP($B23,'[3]1월'!$F$6:$CC$57,16,),)/1000 -> 68.396145 | X23: =+U23-W23 -> -65.758013 | Y23: =+[4]제주!$Q$85 -> 121227.62 | Z23: =+[4]제주!$R$85 -> 122993.41 | AA23: =+[5]제주!$Q$85 -> 120069.69 | AB23: =+[4]제주!$Q$89 -> 94798.934 | AC23: =+[4]제주!$R$89 -> 98282.643 | AD23: =+[5]제주!$Q$89 -> 90756.928 | AE23: =+Y23-AB23 -> 26428.686 | AF23: =+Z23-AC23 -> 24710.771 | AG23: =+AA23-AD23 -> 29312.767
F24: =+K24/J24 -> 0.92801389 | G24: =+I24 -> 수도권 | I24: 수도권 | J24: =SUM(J7:J10) -> 72 | K24: =SUM(K7:K10) -> 66.817 | L24: =+K24-J24 -> -5.183 | M24: =SUM(M7:M10) -> 56.9285 | N24: =+K24-M24 -> 9.8885 | O24: =SUM(O7:O10) -> 7124.4623 | P24: =SUM(P7:P10) -> 6961.6646 | Q24: =+P24-O24 -> -162.7977 | R24: =SUM(R7:R10) -> 5635.9294 | S24: =+P24-R24 -> 1325.7352 | T24: =SUM(T7:T10) -> -0.30728829 | U24: =SUM(U7:U10) -> -16.389475 | V24: =+U24-T24 -> -16.082187 | W24: =SUM(W7:W10) -> -252.9741 | X24: =+U24-W24 -> 236.58462 | Y24: =+[4]수도권!$Q$85 -> 98950.866 | Z24: =+[4]수도권!$R$85 -> 104188.77 | AA24: =+[5]수도권!$Q$85 -> 99000.139 | AB24: =+[4]수도권!$Q$89 -> 83500.406 | AC24: =+[4]수도권!$R$89 -> 89783.739 | AD24: =+[5]수도권!$Q$89 -> 85329.992 | AE24: =+Y24-AB24 -> 15450.46 | AF24: =+Z24-AC24 -> 14405.036 | AG24: =+AA24-AD24 -> 13670.147
F25: =+K25/J25 -> 0.86862431 | G25: =+I25 -> 영남권 | I25: 영남권 | J25: =SUM(J11:J18) -> 90.5 | K25: =SUM(K11:K18) -> 78.6105 | L25: =+K25-J25 -> -11.8895 | M25: =SUM(M11:M18) -> 81.123 | N25: =+K25-M25 -> -2.5125 | O25: =SUM(O11:O18) -> 9089.6698 | P25: =SUM(P11:P18) -> 8462.2632 | Q25: =+P25-O25 -> -627.40667 | R25: =SUM(R11:R18) -> 8189.686 | S25: =+P25-R25 -> 272.57723 | T25: =SUM(T11:T18) -> 57.672495 | U25: =SUM(U11:U18) -> 263.76743 | V25: =+U25-T25 -> 206.09493 | W25: =SUM(W11:W18) -> 128.7661 | X25: =+U25-W25 -> 135.00133 | Y25: =+[4]영남권!$Q$85 -> 100438.34 | Z25: =+[4]영남권!$R$85 -> 107645.52 | AA25: =+[5]영남권!$Q$85 -> 100960.81 | AB25: =+[4]영남권!$Q$89 -> 81813.197 | AC25: =+[4]영남권!$R$89 -> 86139.21 | AD25: =+[5]영남권!$Q$89 -> 80802.909 | AE25: =+Y25-AB25 -> 18625.144 | AF25: =+Z25-AC25 -> 21506.306 | AG25: =+AA25-AD25 -> 20157.906
F26: =+K26/J26 -> 1.1582264 | G26: =+I26 -> 중부권 | I26: 중부권 | J26: =SUM(J19:J23) -> 26.5 | K26: =SUM(K19:K23) -> 30.693 | L26: =+K26-J26 -> 4.193 | M26: =SUM(M19:M23) -> 39.828 | N26: =+K26-M26 -> -9.135 | O26: =SUM(O19:O23) -> 2858.4798 | P26: =SUM(P19:P23) -> 3321.9271 | Q26: =+P26-O26 -> 463.44728 | R26: =SUM(R19:R23) -> 4148.7767 | S26: =+P26-R26 -> -826.84959 | T26: =SUM(T19:T23) -> -32.217726 | U26: =SUM(U19:U23) -> 1.60107 | V26: =+U26-T26 -> 33.818796 | W26: =SUM(W19:W23) -> 147.34624 | X26: =+U26-W26 -> -145.74517 | Y26: =+[4]중부권!$Q$85 -> 107867.16 | Z26: =+[4]중부권!$R$85 -> 108148.79 | AA26: =+[5]중부권!$Q$85 -> 103685.34 | AB26: =+[4]중부권!$Q$89 -> 82448.017 | AC26: =+[4]중부권!$R$89 -> 86658.372 | AD26: =+[5]중부권!$Q$89 -> 82924.201 | AE26: =+Y26-AB26 -> 25419.147 | AF26: =+Z26-AC26 -> 21490.416 | AG26: =+AA26-AD26 -> 20761.141
F27: =+K27/M27 -> 0.99011128 | G27: =+K27/J27 -> 0.9318545 | H27: 레미콘 계 | J27: =SUM(J24:J26) -> 189 | K27: =SUM(K24:K26) -> 176.1205 | L27: =+K27-J27 -> -12.8795 | M27: =SUM(M24:M26) -> 177.8795 | N27: =+K27-M27 -> -1.759 | O27: =SUM(O24:O26) -> 19072.612 | P27: =SUM(P24:P26) -> 18745.855 | Q27: =+P27-O27 -> -326.75709 | R27: =SUM(R24:R26) -> 17974.392 | S27: =+P27-R27 -> 771.46287 | T27: =SUM(T24:T26) -> 25.147481 | U27: =SUM(U24:U26) -> 248.97902 | V27: =+U27-T27 -> 223.83154 | W27: =SUM(W24:W26) -> 23.138241 | X27: =+U27-W27 -> 225.84078 | Y27: =+[4]합계!$Q$85 -> 100913.29 | Z27: =+[4]합계!$R$85 -> 106420.86 | AA27: =+[5]합계!$Q$85 -> 100932.18 | AB27: =+[4]합계!$Q$89 -> 82544.952 | AC27: =+[4]합계!$R$89 -> 87610.574 | AD27: =+[5]합계!$Q$89 -> 82701.342 | AE27: =+Y27-AB27 -> 18368.339 | AF27: =+Z27-AC27 -> 18810.282 | AG27: =+AA27-AD27 -> 18230.839 | AI27: =+AF27-AE27 -> 441.94348 | AJ27: =+AF27-AG27 -> 579.44333
B28: 건자재 | E28: 건자재영업 | G28: 건자재 | H28: 골재 | I28: 부산모래장 | J28: =+IFERROR(HLOOKUP($B29,'[1]1월'!$D$6:$BN$259,2,),)/1000 -> 19.75348 | K28: =+IFERROR(HLOOKUP($C29,'[2]1월'!$F$6:$CP$99,2,),)/1000 -> 16.354 | L28: =+K28-J28 -> -3.3994803 | M28: =+IFERROR(HLOOKUP($C29,'[3]1월'!$F$6:$CC$57,2,),)/1000 -> 20.58 | N28: =+K28-M28 -> -4.226 | O28: =+IFERROR(HLOOKUP($B29,'[1]1월'!$D$6:$BN$259,3,),)/1000 -> 562.76833 | P28: =+IFERROR(HLOOKUP($C29,'[2]1월'!$F$6:$CP$99,3,),)/1000 -> 471.3175 | Q28: =+P28-O28 -> -91.45083 | R28: =+IFERROR(HLOOKUP($C29,'[3]1월'!$F$6:$CC$57,3,),)/1000 -> 571.868 | S28: =+P28-R28 -> -100.5505 | T28: =+IFERROR(HLOOKUP($B29,'[1]1월'!$D$6:$BN$259,21,),)/1000 -> 2.7747477 | U28: =+IFERROR(HLOOKUP($C29,'[2]1월'!$F$6:$CP$99,21,),)/1000 -> 25.856171 | V28: =+U28-T28 -> 23.081423 | W28: =+IFERROR(HLOOKUP($C29,'[3]1월'!$F$6:$CC$57,21,),)/1000 -> -2.7785453 | X28: =+U28-W28 -> 28.634716
B29: 부산모래장 | C29: 부산골재 | G29: =+I28 -> 부산모래장 | I29: 서부산CR | J29: =+IFERROR(HLOOKUP($B30,'[1]1월'!$D$6:$BN$259,2,),)/1000 -> 36.787407 | K29: =+IFERROR(HLOOKUP($C30,'[2]1월'!$F$6:$CP$99,2,),)/1000 -> 21.688 | L29: =+K29-J29 -> -15.099407 | M29: =+IFERROR(HLOOKUP($C30,'[3]1월'!$F$6:$CC$57,2,),)/1000 -> 1 | N29: =+K29-M29 -> 20.688 | O29: =+IFERROR(HLOOKUP($B30,'[1]1월'!$D$6:$BN$259,3,),)/1000 -> 477.21191 | P29: =+IFERROR(HLOOKUP($C30,'[2]1월'!$F$6:$CP$99,3,),)/1000 -> 314.32 | Q29: =+P29-O29 -> -162.89191 | R29: =+IFERROR(HLOOKUP($C30,'[3]1월'!$F$6:$CC$57,3,),)/1000 -> 11.5 | S29: =+P29-R29 -> 302.82 | T29: =+IFERROR(HLOOKUP($B30,'[1]1월'!$D$6:$BN$259,21,),)/1000 -> 9.5038904 | U29: =+IFERROR(HLOOKUP($C30,'[2]1월'!$F$6:$CP$99,21,),)/1000 -> -89.060438 | V29: =+U29-T29 -> -98.564328 | W29: =+IFERROR(HLOOKUP($C30,'[3]1월'!$F$6:$CC$57,21,),)/1000 -> -119.39961 | X29: =+U29-W29 -> 30.339168
B30: 서부산크라샤 | C30: 서부산골재 | G30: =+I29 -> 서부산CR | I30: 부산CR | J30: =+IFERROR(HLOOKUP($B31,'[1]1월'!$D$6:$BN$259,2,),)/1000 -> 18.21724 | K30: =+IFERROR(HLOOKUP($C31,'[2]1월'!$F$6:$CP$99,2,),)/1000 -> 17.451 | L30: =+K30-J30 -> -0.76624 | M30: =+IFERROR(HLOOKUP($C31,'[3]1월'!$F$6:$CC$57,2,),)/1000 -> 26.672 | N30: =+K30-M30 -> -9.221 | O30: =+IFERROR(HLOOKUP($B31,'[1]1월'!$D$6:$BN$259,3,),)/1000 -> 367.70836 | P30: =+IFERROR(HLOOKUP($C31,'[2]1월'!$F$6:$CP$99,3,),)/1000 -> 344.1029 | Q30: =+P30-O30 -> -23.60546 | R30: =+IFERROR(HLOOKUP($C31,'[3]1월'!$F$6:$CC$57,3,),)/1000 -> 468.38 | S30: =+P30-R30 -> -124.2771 | T30: =+IFERROR(HLOOKUP($B31,'[1]1월'!$D$6:$BN$259,21,),)/1000 -> -100.77475 | U30: =+IFERROR(HLOOKUP($C31,'[2]1월'!$F$6:$CP$99,21,),)/1000 -> -107.07245 | V30: =+U30-T30 -> -6.2977025 | W30: =+IFERROR(HLOOKUP($C31,'[3]1월'!$F$6:$CC$57,21,),)/1000 -> -157.90931 | X30: =+U30-W30 -> 50.836853
B31: 부산크라샤 | C31: 부산크라샤 | G31: =+I30 -> 부산CR | H31: 골재 계 | J31: =SUM(J28:J30) -> 74.758127 | K31: =SUM(K28:K30) -> 55.493 | L31: =+K31-J31 -> -19.265127 | M31: =SUM(M28:M30) -> 48.252 | N31: =+K31-M31 -> 7.241 | O31: =SUM(O28:O30) -> 1407.6886 | P31: =SUM(P28:P30) -> 1129.7404 | Q31: =+P31-O31 -> -277.9482 | R31: =SUM(R28:R30) -> 1051.748 | S31: =+P31-R31 -> 77.9924 | T31: =SUM(T28:T30) -> -88.496111 | U31: =SUM(U28:U30) -> -170.27672 | V31: =+U31-T31 -> -81.780607 | W31: =SUM(W28:W30) -> -280.08746 | X31: =+U31-W31 -> 109.81074
H32: 기타 | I32: 레미콘임대 | L32: =+K32-J32 -> 0 | N32: =+K32-M32 -> 0 | O32: =(IFERROR(HLOOKUP($B33,'[1]1월'!$D$6:$BN$259,3,),)++IFERROR(HLOOKUP($C33,'[1]1월'!$D$6:$BN$259,3,),)+IFERROR(HLOOKUP($D33,'[1]1월'!$D$6:$BN$259,3,),))/1000 -> 41.666667 | P32: =+IFERROR(HLOOKUP($E33,'[2]1월'!$F$6:$CP$99,3,),)/1000 -> 43.34 | Q32: =+P32-O32 -> 1.6733333 | R32: =+IFERROR(HLOOKUP($E33,'[3]1월'!$F$6:$CC$57,3,),)/1000 -> 90.84 | S32: =+P32-R32 -> -47.5 | T32: =(IFERROR(HLOOKUP($B33,'[1]1월'!$D$6:$BN$259,21,),)++IFERROR(HLOOKUP($C33,'[1]1월'!$D$6:$BN$259,21,),)+IFERROR(HLOOKUP($D33,'[1]1월'!$D$6:$BN$259,21,),))/1000 -> 29.628698 | U32: =+IFERROR(HLOOKUP($E33,'[2]1월'!$F$6:$CP$99,16,),)/1000 -> 23.441662 | V32: =+U32-T32 -> -6.1870357 | W32: =+IFERROR(HLOOKUP($E33,'[3]1월'!$F$6:$CC$57,16,),)/1000 -> 72.305275 | X32: =+U32-W32 -> -48.863613
B33: 포항임대 | C33: 속초임대 | D33: 강릉임대 | E33: 레미콘임대 계 | G33: =+I32 -> 레미콘임대 | I33: 임대 | L33: =+K33-J33 -> 0 | M33: 0 | N33: =+K33-M33 -> 0 | O33: =(+IFERROR(HLOOKUP($B34,'[1]1월'!$D$6:$BN$259,3,),)+IFERROR(HLOOKUP($C34,'[1]1월'!$D$6:$BN$259,3,),))/1000 -> 75.396667 | P33: =+IFERROR(HLOOKUP($E34,'[2]1월'!$F$6:$CP$99,3,),)/1000 -> 7.353578 | Q33: =+P33-O33 -> -68.043089 | R33: =+IFERROR(HLOOKUP($E34,'[3]1월'!$F$6:$CC$57,3,),)/1000 -> 74.732749 | S33: =+P33-R33 -> -67.379171 | T33: =(+IFERROR(HLOOKUP($B34,'[1]1월'!$D$6:$BN$259,21,),)+IFERROR(HLOOKUP($C34,'[1]1월'!$D$6:$BN$259,21,),))/1000 -> 68.147673 | U33: =+IFERROR(HLOOKUP($E34,'[2]1월'!$F$6:$CP$99,16,),)/1000 -> 0.104109 | V33: =+U33-T33 -> -68.043564 | W33: =+IFERROR(HLOOKUP($E34,'[3]1월'!$F$6:$CC$57,16,),)/1000 -> 64.600993 | X33: =+U33-W33 -> -64.496884
B34: 부동산임대 | C34: 주유소임대 | E34: 임대 계 | G34: =+I33 -> 임대 | I34: 공통비 | L34: =+K34-J34 -> 0 | N34: =+K34-M34 -> 0 | Q34: =+P34-O34 -> 0 | S34: =+P34-R34 -> 0 | T34: =-'[1]1월'!$Z$22/1000 -> -1782.6186 | U34: =+-'[2]1월'!$Z$22/1000 -> -1251.4257 | V34: =+U34-T34 -> 531.19295 | W34: =+-'[3]1월'!$Z$22/1000 -> -1637.191 | X34: =+U34-W34 -> 385.76533
B35: 공 통 비 | G35: =+I34 -> 공통비 | I35: OPC 소급분 | N35: =+K35-M35 -> 0 | Q35: =+P35-O35 -> 0 | S35: =+P35-R35 -> 0 | U35: ='[2]1월'!$BD$26/1000 -> 0 | V35: =+U35-T35 -> 0 | W35: ='[3]1월'!$BD$26/1000 -> 0 | X35: =+U35-W35 -> 0
G36: =+I35 -> OPC 소급분 | I36: 대손 | N36: =+K36-M36 -> 0 | Q36: =+P36-O36 -> 0 | S36: =+P36-R36 -> 0 | U36: ='[2]1월'!$BE$26/1000 -> 0 | V36: =+U36-T36 -> 0 | W36: ='[3]1월'!$BE$26/1000 -> 0 | X36: =+U36-W36 -> 0
G37: =+I36 -> 대손 | I37: 미운영 공장 | M37: =SUM(M56:M61) -> 0 | N37: =+K37-M37 -> 0 | Q37: =+P37-O37 -> 0 | R37: =+IFERROR(HLOOKUP($I$37,'[3]1월'!$F$6:$BJ$50,3,),)/1000 -> 0 | S37: =+P37-R37 -> 0 | T37: =SUM('[1]1월'!$AM$26:$AQ$26)/1000 -> -12.762081 | U37: =+'[2]1월'!$BF$26/1000 -> -37.148224 | V37: =+U37-T37 -> -24.386143 | W37: =+'[3]1월'!$BF$26/1000 -> -33.071712 | X37: =+U37-W37 -> -4.076512
G38: =+I37 -> 미운영 공장 | I38: 퇴직위로금 | U38: =+'[2]1월'!$BG$26/1000 -> 0 | V38: =+U38-T38 -> 0 | X38: =+U38-W38 -> 0
B39: 기타 계 | G39: =+I38 -> 퇴직위로금 | I39: 기타 | L39: =+K39-J39 -> 0 | N39: =+K39-M39 -> 0 | O39: =IFERROR(HLOOKUP($B39,'[1]1월'!$D$6:$BN$259,3,),)/1000 -> 1.77 | P39: =+('[2]1월'!$F$8-SUM('[2]1월'!$Z$8,'[2]1월'!$AH$8,'[2]1월'!$AN$8,'[2]1월'!$AO$8,'[2]1월'!$BA$8,'[2]1월'!$BD$8,'[2]1월'!$BE$8,'[2]1월'!$BF$8))/1000 -> 1.6413 | Q39: =+P39-O39 -> -0.1287 | R39: =+('[3]1월'!$F$8-SUM('[3]1월'!$Z$8,'[3]1월'!$AH$8,'[3]1월'!$AN$8,'[3]1월'!$AO$8,'[3]1월'!$BA$8,'[3]1월'!$BD$8,'[3]1월'!$BE$8,'[3]1월'!$BF$8))/1000 -> 1.67985 | S39: =+P39-R39 -> -0.03855 | T39: =+('[1]1월'!$E$26-'[1]1월'!$Z$26-'[1]1월'!$AA$26-'[1]1월'!$AE$26-'[1]1월'!$AL$26-'[1]1월'!$AM$26-'[1]1월'!$AN$26-'[1]1월'!$AO$26-'[1]1월'!$AP$26-'[1]1월'!$AQ$26-'[1]1월'!$AS$26+'[1]1월'!$AS$26)/1000 -> -47.352978 | U39: =+('[2]1월'!$F$26-SUM('[2]1월'!$Z$26,'[2]1월'!$AH$26,'[2]1월'!$AN$26,'[2]1월'!$AO$26,'[2]1월'!$BA$26,'[2]1월'!$BD$26,'[2]1월'!$BE$26,'[2]1월'!$BF$26))/1000-U38 -> -16.500499 | V39: =+U39-T39 -> 30.852479 | W39: =+('[3]1월'!$F$26-SUM('[3]1월'!$Z$26,'[3]1월'!$AH$26,'[3]1월'!$AN$26,'[3]1월'!$AO$26,'[3]1월'!$BA$26,'[3]1월'!$BD$26,'[3]1월'!$BE$26,'[3]1월'!$BF$26))/1000 -> -775.35328 | X39: =+U39-W39 -> 758.85278
G40: =+I39 -> 기타 | H40: 기타 계 | J40: =SUM(J32:J39) -> 0 | K40: =SUM(K32:K39) -> 0 | L40: =+K40-J40 -> 0 | M40: =SUM(M32:M39) -> 0 | N40: =+K40-M40 -> 0 | O40: =SUM(O32:O39) -> 118.83333 | P40: =SUM(P32:P39) -> 52.334878 | Q40: =+P40-O40 -> -66.498455 | R40: =SUM(R32:R39) -> 167.2526 | S40: =+P40-R40 -> -114.91772 | T40: =SUM(T32:T39) -> -1744.9573 | U40: =SUM(U32:U39) -> -1281.5286 | V40: =+U40-T40 -> 463.42868 | W40: =SUM(W32:W39) -> -2308.7097 | X40: =+U40-W40 -> 1027.1811
H41: 합계 | O41: =+O27+O31+O40 -> 20599.134 | P41: =+P27+P31+P40 -> 19927.93 | Q41: =+P41-O41 -> -671.20375 | R41: =+R27+R31+R40 -> 19193.393 | S41: =+P41-R41 -> 734.53754 | T41: =+T27+T31+T40 -> -1808.3059 | U41: =+U27+U31+U40 -> -1202.8263 | V41: =+U41-T41 -> 605.47962 | W41: =+W27+W31+W40 -> -2565.6589 | X41: =+U41-W41 -> 1362.8326
G42: =+P41/O41 -> 0.96741592
H43: 건자재 | J43: =+IFERROR(HLOOKUP($B28,'[1]1월'!$D$6:$BN$259,2,),) -> 8000 | K43: =+IFERROR(HLOOKUP($E28,'[2]1월'!$F$6:$CP$99,2,),) -> 4969.838 | L43: =+K43-J43 -> -3030.162 | M43: =+IFERROR(HLOOKUP($E28,'[3]1월'!$F$6:$CC$57,2,),) -> 8735.502 | N43: =+K43-M43 -> -3765.664 | O43: =+IFERROR(HLOOKUP($B28,'[1]1월'!$D$6:$BN$259,3,),)/1000 -> 7664.8434 | P43: =+IFERROR(HLOOKUP($E28,'[2]1월'!$F$6:$CP$99,3,),)/1000 -> 5099.8867 | Q43: =+P43-O43 -> -2564.9567 | R43: =+IFERROR(HLOOKUP($E28,'[3]1월'!$F$6:$CC$57,3,),)/1000 -> 7480.1197 | S43: =+P43-R43 -> -2380.2329 | T43: =+IFERROR(HLOOKUP($B28,'[1]1월'!$D$6:$BN$259,21,),)/1000 -> -46.217593 | U43: =+IFERROR(HLOOKUP($E28,'[2]1월'!$F$6:$CP$99,21,),)/1000 -> -38.815401 | V43: =+U43-T43 -> 7.4021919 | W43: =+IFERROR(HLOOKUP($E28,'[3]1월'!$F$6:$CC$57,16,),)/1000 -> 1.697249 | X43: =+U43-W43 -> -40.51265
H44: 합계 | O44: =+O41+O43 -> 28263.977 | P44: =+P41+P43 -> 25027.817 | Q44: =+P44-O44 -> -3236.1604 | R44: =+R41+R43 -> 26673.512 | S44: =+P44-R44 -> -1645.6954 | T44: =+T41+T43 -> -1854.5235 | U44: =+U41+U43 -> -1241.6417 | V44: =+U44-T44 -> 612.88181 | W44: =+W41+W43 -> -2563.9617 | X44: =+U44-W44 -> 1322.32
F48: =+K43/M43 -> 0.56892414 | G48: =+K43/J43 -> 0.62122975 | I48: 확인 | J48: =+'[1]1월'!$Z$7/1000 -> 189 | K48: =+'[2]1월'!$AI$7/1000 -> 176.1205 | M48: =+'[3]1월'!$Z$7/1000 -> 177.8795 | O48: =+'[1]1월'!$E$8/1000 -> 28263.977 | P48: =+'[2]1월'!$F$8/1000 -> 25027.817 | R48: =+'[3]1월'!$F$8/1000 -> 26673.512 | T48: =+'[1]1월'!$E$26/1000 -> -1854.5235 | U48: =+'[2]1월'!$F$26/1000 -> -1241.6417 | W48: =+'[3]1월'!$F$26/1000 -> -2563.9617
F49: =+K31/M31 -> 1.1500663 | G49: =+K31/J31 -> 0.74230057 | J49: =+J48-J27 -> 0 | K49: =+K48-K27 -> 0 | M49: =+M48-M27 -> 0 | O49: =+O48-O44 -> 0 | P49: =+P48-P44 -> 0 | R49: =+R48-R44 -> 0 | T49: =+T48-T44 -> -3.1832315e-12 | U49: =+U48-U44 -> 0 | W49: =+W48-W44 -> 0
O51: =+O41-O43 -> 12934.291 | P51: =+P41-P43 -> 14828.043 | Q51: =+P51-O51 -> 1893.7529
O52: =+O51/100 -> 129.34291 | P52: =+P51/100 -> 148.28043 | Q52: =+P52-O52 -> 18.937529 | S52: 레미콘 | T52: =(+T27+T34)/100 -> -17.574711 | U52: =(+U27+U34)/100 -> -10.024466 | V52: =+U52-T52 -> 7.5502449 | W52: =+U52/T52-1 -> -0.42960847
Q53: =+P52/O52 -> 1.1464134 | S53: 골재 | T53: =+T31/100 -> -0.88496111 | U53: =+U31/100 -> -1.7027672 | V53: =+U53-T53 -> -0.81780607
S54: 임대 | T54: =(T32+T33)/100 -> 0.9777637 | U54: =(U32+U33)/100 -> 0.23545771 | V54: =+U54-T54 -> -0.74230599
S55: 기타 | T55: =((T48-T43)/100)-T52-T53-T54 -> -0.60115059 | U55: =((U48-U43)/100)-U52-U53-U54 -> -0.53648723 | V55: =+U55-T55 -> 0.06466336
T56: =SUM(T54:T55) -> 0.37661311 | U56: =SUM(U54:U55) -> -0.30102952 | V56: =SUM(V54:V55) -> -0.67764263
T57: =SUM(T52:T55) -> -18.083059 | U57: =SUM(U52:U55) -> -12.028263 | V57: =+U57-T57 -> 6.0547962
S60: 임대 | T60: =+(T32+T33)/100 -> 0.9777637 | U60: =+(U32+U33)/100 -> 0.23545771 | V60: =+U60-T60 -> -0.74230599
S61: =+I35 -> OPC 소급분 | T61: =+T35/100 -> 0 | U61: =+U35/100 -> 0 | V61: =+U61-T61 -> 0
S62: =+I36 -> 대손 | T62: =+T36/100 -> 0 | U62: =+U36/100 -> 0 | V62: =+U62-T62 -> 0
S63: =+I37 -> 미운영 공장 | T63: =+T37/100 -> -0.12762081 | U63: =+U37/100 -> -0.37148224 | V63: =+U63-T63 -> -0.24386143
S64: =+I39 -> 기타 | T64: =+T39/100 -> -0.47352978 | U64: =+U39/100 -> -0.16500499 | V64: =+U64-T64 -> 0.30852479
T65: =SUM(T60:T64) -> 0.37661311 | U65: =SUM(U60:U64) -> -0.30102952 | V65: =SUM(V60:V64) -> -0.67764263
T68: =SUM(T32:T33,T35,T37:T39) -> 37.661311 | U68: =SUM(U32:U33,U35,U37:U39) -> -30.102952 | V68: =+U68-T68 -> -67.764263
T70: =+T41-T43 -> -1762.0883 | U70: =+U41-U43 -> -1164.0109
T71: =+T70/100 -> -17.620883 | U71: =+U70/100 -> -11.640109 | V71: =+U71-T71 -> 5.9807743

Sheet 영업이익
D4: □ 레미콘 영업이익 차이분석(2026-01)
W5: [단위 : 백만원, 천㎥]
A6: 2024년 1월 마감 손익 | D6: 구분 | E6: 영업이익(공통비 미배부) | H6: 물량 차이 | L6: 판매단가 차이 | P6: 제조원가 차이 | T6: 판관비 등 차이
E7: 계획 | F7: 실적 | G7: 차이 | H7: 계획 | I7: 실적 | J7: 차이 | K7: 손익 | L7: 계획 | M7: 실적 | N7: 차이 | O7: 손익 | P7: 계획 | Q7: 실적 | R7: 차이 | S7: 손익 | T7: 계획 | U7: 실적 | V7: 차이 | W7: 손익
D8: 합계 | E8: =+[4]합계!$H$86/1000 -> 25.147481 | F8: =+[4]합계!$I$86/1000 -> 248.97902 | G8: =+F8-E8 -> 223.83154 | H8: =+[4]합계!$T$5/1000 -> 189 | I8: =+[4]합계!$U$5/1000 -> 176.1205 | J8: =+I8-H8 -> -12.8795 | K8: =+[4]합계!$M$86/1000 -> -72.605689 | L8: =+[4]합계!$Q$85 -> 100913.29 | M8: =+[4]합계!$R$85 -> 106420.86 | N8: =+M8-L8 -> 5507.5656 | O8: =+[4]합계!$K$86/1000 -> 968.69817 | P8: =+[4]합계!$Q$50 -> 95221.9 | Q8: =+[4]합계!$R$50 -> 99207.795 | R8: =+Q8-P8 -> 3985.8945 | S8: =+[4]합계!$L$56/1000 -> -593.97699 | T8: =+([4]합계!$H$80+[4]합계!$H$85)/1000 -> 1050.5254 | U8: =+([4]합계!$I$80+[4]합계!$I$85)/1000 -> 1128.8093 | V8: =+U8-T8 -> 78.283953 | W8: =+([4]합계!$L$80+[4]합계!$L$85)/1000 -> -78.283953 | Y8: =+G8-K8-O8-S8-W8 -> 1.1510792e-12 | Z8: =+Y8*1000000 -> 1.1510792e-06
D9: 수도권 | E9: =+[4]수도권!$H$86/1000 -> -0.30728829 | F9: =+[4]수도권!$I$86/1000 -> -16.389475 | G9: =+F9-E9 -> -16.082187 | H9: =+[4]수도권!$T$5/1000 -> 72 | I9: =+[4]수도권!$U$5/1000 -> 66.817 | J9: =+I9-H9 -> -5.183 | K9: =+[4]수도권!$M$86/1000 -> -24.227719 | L9: =+[4]수도권!$Q$85 -> 98950.866 | M9: =+[4]수도권!$R$85 -> 104188.77 | N9: =+M9-L9 -> 5237.9089 | O9: =+[4]수도권!$K$86/1000 -> 349.66184 | P9: =+[4]수도권!$Q$50 -> 94273.574 | Q9: =+[4]수도권!$R$50 -> 99704.725 | R9: =+Q9-P9 -> 5431.1517 | S9: =+[4]수도권!$L$56/1000 -> -362.59503 | T9: =+([4]수도권!$H$80+[4]수도권!$H$85)/1000 -> 337.07231 | U9: =+([4]수도권!$I$80+[4]수도권!$I$85)/1000 -> 315.99359 | V9: =+U9-T9 -> -21.078719 | W9: =+([4]수도권!$L$80+[4]수도권!$L$85)/1000 -> 21.078719 | Y9: =+G9-K9-O9-S9-W9 -> 4.9737992e-13 | Z9: =+Y9*1000000 -> 4.9737992e-07
D10: 영남권 | E10: =+[4]영남권!$H$86/1000 -> 57.672495 | F10: =+[4]영남권!$I$86/1000 -> 263.76743 | G10: =+F10-E10 -> 206.09493 | H10: =+[4]영남권!$T$5/1000 -> 90.5 | I10: =+[4]영남권!$U$5/1000 -> 78.6105 | J10: =+I10-H10 -> -11.8895 | K10: =+[4]영남권!$M$86/1000 -> -73.317011 | L10: =+[4]영남권!$Q$85 -> 100438.34 | M10: =+[4]영남권!$R$85 -> 107645.52 | N10: =+M10-L10 -> 7207.1744 | O10: =+[4]영남권!$K$86/1000 -> 566.55958 | P10: =+[4]영남권!$Q$50 -> 94255.372 | Q10: =+[4]영남권!$R$50 -> 97862.969 | R10: =+Q10-P10 -> 3607.5976 | S10: =+[4]영남권!$L$56/1000 -> -176.07215 | T10: =+([4]영남권!$H$80+[4]영남권!$H$85)/1000 -> 501.88621 | U10: =+([4]영남권!$I$80+[4]영남권!$I$85)/1000 -> 612.9617 | V10: =+U10-T10 -> 111.07549 | W10: =+([4]영남권!$L$80+[4]영남권!$L$85)/1000 -> -111.07549 | Y10: =+G10-K10-O10-S10-W10 -> -1.2079227e-12 | Z10: =+Y10*1000000 -> -1.2079227e-06
D11: 기타권 | E11: =+[4]중부권!$H$86/1000 -> -32.217726 | F11: =+[4]중부권!$I$86/1000 -> 1.60107 | G11: =+F11-E11 -> 33.818796 | H11: =+[4]중부권!$T$5/1000 -> 26.5 | I11: =+[4]중부권!$U$5/1000 -> 30.693 | J11: =+I11-H11 -> 4.193 | K11: =+[4]중부권!$M$86/1000 -> 28.738271 | L11: =+[4]중부권!$Q$85 -> 107867.16 | M11: =+[4]중부권!$R$85 -> 108148.79 | N11: =+M11-L11 -> 281.62351 | O11: =+[4]중부권!$K$86/1000 -> 8.594727 | P11: =+[4]중부권!$Q$50 -> 101099.27 | Q11: =+[4]중부권!$R$50 -> 101598.88 | R11: =+Q11-P11 -> 499.60699 | S11: =+[4]중부권!$L$56/1000 -> -15.22702 | T11: =+([4]중부권!$H$80+[4]중부권!$H$85)/1000 -> 211.56685 | U11: =+([4]중부권!$I$80+[4]중부권!$I$85)/1000 -> 199.85403 | V11: =+U11-T11 -> -11.712818 | W11: =+([4]중부권!$L$80+[4]중부권!$L$85)/1000 -> 11.712818 | Y11: =+G11-K11-O11-S11-W11 -> 3.375078e-14 | Z11: =+Y11*1000000 -> 3.375078e-08
D12: 안양 | E12: =+[4]안양!$H$86/1000 -> 174.44457 | F12: =+[4]안양!$I$86/1000 -> 231.23201 | G12: =+F12-E12 -> 56.787441 | H12: =+[4]안양!$T$5/1000 -> 29 | I12: =+[4]안양!$U$5/1000 -> 30.862 | J12: =+I12-H12 -> 1.862 | K12: =+[4]안양!$M$86/1000 -> 17.624561 | L12: =+[4]안양!$Q$85 -> 99033.952 | M12: =+[4]안양!$R$85 -> 108132.36 | N12: =+M12-L12 -> 9098.4082 | O12: =+[4]안양!$K$86/1000 -> 280.79507 | P12: =+[4]안양!$Q$50 -> 89568.56 | Q12: =+[4]안양!$R$50 -> 97494.395 | R12: =+Q12-P12 -> 7925.8351 | S12: =+[4]안양!$L$56/1000 -> -244.69733 | T12: =+([4]안양!$H$80+[4]안양!$H$85)/1000 -> 100.05181 | U12: =+([4]안양!$I$80+[4]안양!$I$85)/1000 -> 96.986674 | V12: =+U12-T12 -> -3.0651403 | W12: =+([4]안양!$L$80+[4]안양!$L$85)/1000 -> 3.0651403 | Y12: =+G12-K12-O12-S12-W12 -> -5.5511151e-14 | Z12: =+Y12*1000000 -> -5.5511151e-08
D13: 인천 | E13: =+[4]인천!$H$86/1000 -> -29.440006 | F13: =+[4]인천!$I$86/1000 -> -30.5667 | G13: =+F13-E13 -> -1.1266943 | H13: =+[4]인천!$T$5/1000 -> 25 | I13: =+[4]인천!$U$5/1000 -> 21.869 | J13: =+I13-H13 -> -3.131 | K13: =+[4]인천!$M$86/1000 -> -9.3312286 | L13: =+[4]인천!$Q$85 -> 100114.02 | M13: =+[4]인천!$R$85 -> 101637.03 | N13: =+M13-L13 -> 1523.0082 | O13: =+[4]인천!$K$86/1000 -> 33.306667 | P13: =+[4]인천!$Q$50 -> 97133.748 | Q13: =+[4]인천!$R$50 -> 98430.495 | R13: =+Q13-P13 -> 1296.7466 | S13: =+[4]인천!$L$56/1000 -> -28.358531 | T13: =+([4]인천!$H$80+[4]인천!$H$85)/1000 -> 103.94678 | U13: =+([4]인천!$I$80+[4]인천!$I$85)/1000 -> 100.69038 | V13: =+U13-T13 -> -3.2563975 | W13: =+([4]인천!$L$80+[4]인천!$L$85)/1000 -> 3.2563975 | Y13: =+G13-K13-O13-S13-W13 -> -7.2386541e-14 | Z13: =+Y13*1000000 -> -7.2386541e-08
D14: 파주 | E14: =+[4]파주!$H$86/1000 -> -87.864332 | F14: =+[4]파주!$I$86/1000 -> -117.52526 | G14: =+F14-E14 -> -29.660927 | H14: =+[4]파주!$T$5/1000 -> 10 | I14: =+[4]파주!$U$5/1000 -> 7.45 | J14: =+I14-H14 -> -2.55 | K14: =+[4]파주!$M$86/1000 -> 3.472814 | L14: =+[4]파주!$Q$85 -> 94566.955 | M14: =+[4]파주!$R$85 -> 100634.01 | N14: =+M14-L14 -> 6067.0552 | O14: =+[4]파주!$K$86/1000 -> 44.847672 | P14: =+[4]파주!$Q$50 -> 95786.285 | Q14: =+[4]파주!$R$50 -> 107966.89 | R14: =+Q14-P14 -> 12180.605 | S14: =+[4]파주!$L$56/1000 -> -90.050154 | T14: =+([4]파주!$H$80+[4]파주!$H$85)/1000 -> 75.671027 | U14: =+([4]파주!$I$80+[4]파주!$I$85)/1000 -> 63.602286 | V14: =+U14-T14 -> -12.068741 | W14: =+([4]파주!$L$80+[4]파주!$L$85)/1000 -> 12.068741 | Y14: =+G14-K14-O14-S14-W14 -> -6.750156e-14 | Z14: =+Y14*1000000 -> -6.750156e-08
D15: 김포 | E15: =+[4]김포!$H$86/1000 -> -57.447522 | F15: =+[4]김포!$I$86/1000 -> -99.529529 | G15: =+F15-E15 -> -42.082007 | H15: =+[4]김포!$T$5/1000 -> 8 | I15: =+[4]김포!$U$5/1000 -> 6.636 | J15: =+I15-H15 -> -1.364 | K15: =+[4]김포!$M$86/1000 -> 0.014860562 | L15: =+[4]김포!$Q$85 -> 100494.71 | M15: =+[4]김포!$R$85 -> 98214.709 | N15: =+M15-L15 -> -2280.0008 | O15: =+[4]김포!$K$86/1000 -> -15.123246 | P15: =+[4]김포!$Q$50 -> 100500.31 | Q15: =+[4]김포!$R$50 -> 104923.7 | R15: =+Q15-P15 -> 4423.3888 | S15: =+[4]김포!$L$56/1000 -> -29.662062 | T15: =+([4]김포!$H$80+[4]김포!$H$85)/1000 -> 57.402691 | U15: =+([4]김포!$I$80+[4]김포!$I$85)/1000 -> 54.71425 | V15: =+U15-T15 -> -2.6884407 | W15: =+([4]김포!$L$80+[4]김포!$L$85)/1000 -> 2.6884407 | Y15: =+G15-K15-O15-S15-W15 -> -4.1300297e-14 | Z15: =+Y15*1000000 -> -4.1300297e-08
D16: 부산 | E16: =+[4]부산!$H$86/1000 -> 86.20839 | F16: =+[4]부산!$I$86/1000 -> 272.4134 | G16: =+F16-E16 -> 186.20501 | H16: =+[4]부산!$T$5/1000 -> 18 | I16: =+[4]부산!$U$5/1000 -> 21.564 | J16: =+I16-H16 -> 3.564 | K16: =+[4]부산!$M$86/1000 -> 38.413658 | L16: =+[4]부산!$Q$85 -> 107842 | M16: =+[4]부산!$R$85 -> 119144.63 | N16: =+M16-L16 -> 11302.639 | O16: =+[4]부산!$K$86/1000 -> 243.73011 | P16: =+[4]부산!$Q$50 -> 97063.753 | Q16: =+[4]부산!$R$50 -> 101685 | R16: =+Q16-P16 -> 4621.2425 | S16: =+[4]부산!$L$56/1000 -> -41.054738 | T16: =+([4]부산!$H$80+[4]부산!$H$85)/1000 -> 107.79998 | U16: =+([4]부산!$I$80+[4]부산!$I$85)/1000 -> 162.684 | V16: =+U16-T16 -> 54.884012 | W16: =+([4]부산!$L$80+[4]부산!$L$85)/1000 -> -54.884012 | Y16: =+G16-K16-O16-S16-W16 -> 1.9895197e-13 | Z16: =+Y16*1000000 -> 1.9895197e-07
D17: 서부산 | E17: =+[4]서부산!$H$86/1000 -> 138.70125 | F17: =+[4]서부산!$I$86/1000 -> 184.52322 | G17: =+F17-E17 -> 45.821973 | H17: =+[4]서부산!$T$5/1000 -> 18 | I17: =+[4]서부산!$U$5/1000 -> 16.48 | J17: =+I17-H17 -> -1.52 | K17: =+[4]서부산!$M$86/1000 -> -18.63755 | L17: =+[4]서부산!$Q$85 -> 100062.5 | M17: =+[4]서부산!$R$85 -> 107459.83 | N17: =+M17-L17 -> 7397.3307 | O17: =+[4]서부산!$K$86/1000 -> 121.90801 | P17: =+[4]서부산!$Q$50 -> 87672.402 | Q17: =+[4]서부산!$R$50 -> 90866.234 | R17: =+Q17-P17 -> 3193.8321 | S17: =+[4]서부산!$L$56/1000 -> -13.161612 | T17: =+([4]서부산!$H$80+[4]서부산!$H$85)/1000 -> 84.320523 | U17: =+([4]서부산!$I$80+[4]서부산!$I$85)/1000 -> 128.6074 | V17: =+U17-T17 -> 44.286875 | W17: =+([4]서부산!$L$80+[4]서부산!$L$85)/1000 -> -44.286875 | Y17: =+G17-K17-O17-S17-W17 -> -5.968559e-13 | Z17: =+Y17*1000000 -> -5.968559e-07
D18: 김해 | E18: =+[4]김해!$H$86/1000 -> -57.016563 | F18: =+[4]김해!$I$86/1000 -> -95.230254 | G18: =+F18-E18 -> -38.213691 | H18: =+[4]김해!$T$5/1000 -> 7 | I18: =+[4]김해!$U$5/1000 -> 4.548 | J18: =+I18-H18 -> -2.452 | K18: =+[4]김해!$M$86/1000 -> 3.5205752 | L18: =+[4]김해!$Q$85 -> 94367.521 | M18: =+[4]김해!$R$85 -> 89614.556 | N18: =+M18-L18 -> -4752.9652 | O18: =+[4]김해!$K$86/1000 -> -21.616486 | P18: =+[4]김해!$Q$50 -> 95803.318 | Q18: =+[4]김해!$R$50 -> 100849.19 | R18: =+Q18-P18 -> 5045.8672 | S18: =+[4]김해!$L$56/1000 -> -20.986338 | T18: =+([4]김해!$H$80+[4]김해!$H$85)/1000 -> 46.965982 | U18: =+([4]김해!$I$80+[4]김해!$I$85)/1000 -> 46.097423 | V18: =+U18-T18 -> -0.8685582 | W18: =+([4]김해!$L$80+[4]김해!$L$85)/1000 -> 0.8685582 | Y18: =+G18-K18-O18-S18-W18 -> -1.1957102e-13 | Z18: =+Y18*1000000 -> -1.1957102e-07
D19: 정관 | E19: =+[4]정관!$H$86/1000 -> 64.322338 | F19: =+[4]정관!$I$86/1000 -> -66.073097 | G19: =+F19-E19 -> -130.39544 | H19: =+[4]정관!$T$5/1000 -> 19 | I19: =+[4]정관!$U$5/1000 -> 10.089 | J19: =+I19-H19 -> -8.911 | K19: =+[4]정관!$M$86/1000 -> -62.903383 | L19: =+[4]정관!$Q$85 -> 99915.601 | M19: =+[4]정관!$R$85 -> 101084.06 | N19: =+M19-L19 -> 1168.4606 | O19: =+[4]정관!$K$86/1000 -> 11.788599 | P19: =+[4]정관!$Q$50 -> 92856.53 | Q19: =+[4]정관!$R$50 -> 100763.3 | R19: =+Q19-P19 -> 7906.7669 | S19: =+[4]정관!$L$56/1000 -> -76.219516 | T19: =+([4]정관!$H$80+[4]정관!$H$85)/1000 -> 69.800014 | U19: =+([4]정관!$I$80+[4]정관!$I$85)/1000 -> 72.861149 | V19: =+U19-T19 -> 3.0611345 | W19: =+([4]정관!$L$80+[4]정관!$L$85)/1000 -> -3.0611345 | Y19: =+G19-K19-O19-S19-W19 -> -2.0472513e-13 | Z19: =+Y19*1000000 -> -2.0472513e-07
D20: 양산 | E20: =+[4]양산!$H$86/1000 -> -44.19669 | F20: =+[4]양산!$I$86/1000 -> -29.110635 | G20: =+F20-E20 -> 15.086055 | H20: =+[4]양산!$T$5/1000 -> 6 | I20: =+[4]양산!$U$5/1000 -> 5.181 | J20: =+I20-H20 -> -0.819 | K20: =+[4]양산!$M$86/1000 -> 0.35953903 | L20: =+[4]양산!$Q$85 -> 95739.469 | M20: =+[4]양산!$R$85 -> 97835.418 | N20: =+M20-L20 -> 2095.9487 | O20: =+[4]양산!$K$86/1000 -> 10.85911 | P20: =+[4]양산!$Q$50 -> 96178.467 | Q20: =+[4]양산!$R$50 -> 95731.628 | R20: =+Q20-P20 -> -446.83889 | S20: =+[4]양산!$L$56/1000 -> 2.3150752 | T20: =+([4]양산!$H$80+[4]양산!$H$85)/1000 -> 41.562705 | U20: =+([4]양산!$I$80+[4]양산!$I$85)/1000 -> 40.010374 | V20: =+U20-T20 -> -1.5523306 | W20: =+([4]양산!$L$80+[4]양산!$L$85)/1000 -> 1.5523306 | Y20: =+G20-K20-O20-S20-W20 -> -7.8159701e-14 | Z20: =+Y20*1000000 -> -7.8159701e-08
D21: 창원 | E21: =+[4]창원!$H$86/1000 -> -34.965427 | F21: =+[4]창원!$I$86/1000 -> 6.97758 | G21: =+F21-E21 -> 41.943007 | H21: =+[4]창원!$T$5/1000 -> 8.5 | I21: =+[4]창원!$U$5/1000 -> 7.5 | J21: =+I21-H21 -> -1 | K21: =+[4]창원!$M$86/1000 -> -2.8398282 | L21: =+[4]창원!$Q$85 -> 98552.756 | M21: =+[4]창원!$R$85 -> 101424.97 | N21: =+M21-L21 -> 2872.2177 | O21: =+[4]창원!$K$86/1000 -> 21.541633 | P21: =+[4]창원!$Q$50 -> 95712.927 | Q21: =+[4]창원!$R$50 -> 91410.796 | R21: =+Q21-P21 -> -4302.1318 | S21: =+[4]창원!$L$56/1000 -> 38.402544 | T21: =+([4]창원!$H$80+[4]창원!$H$85)/1000 -> 59.103967 | U21: =+([4]창원!$I$80+[4]창원!$I$85)/1000 -> 74.265308 | V21: =+U21-T21 -> 15.161341 | W21: =+([4]창원!$L$80+[4]창원!$L$85)/1000 -> -15.161341 | Y21: =+G21-K21-O21-S21-W21 -> -4.9737992e-14 | Z21: =+Y21*1000000 -> -4.9737992e-08
D22: 대구 | E22: =+[4]대구!$H$86/1000 -> -49.481991 | F22: =+[4]대구!$I$86/1000 -> -93.809217 | G22: =+F22-E22 -> -44.327226 | H22: =+[4]대구!$T$5/1000 -> 6.5 | I22: =+[4]대구!$U$5/1000 -> 2.6985 | J22: =+I22-H22 -> -3.8015 | K22: =+[4]대구!$M$86/1000 -> 1.7663118 | L22: =+[4]대구!$Q$85 -> 91143.404 | M22: =+[4]대구!$R$85 -> 92786.535 | N22: =+M22-L22 -> 1643.1311 | O22: =+[4]대구!$K$86/1000 -> 4.4339893 | P22: =+[4]대구!$Q$50 -> 91608.04 | Q22: =+[4]대구!$R$50 -> 111032.14 | R22: =+Q22-P22 -> 19424.097 | S22: =+[4]대구!$L$56/1000 -> -52.415925 | T22: =+([4]대구!$H$80+[4]대구!$H$85)/1000 -> 46.46186 | U22: =+([4]대구!$I$80+[4]대구!$I$85)/1000 -> 44.573463 | V22: =+U22-T22 -> -1.8883975 | W22: =+([4]대구!$L$80+[4]대구!$L$85)/1000 -> 1.8883975 | Y22: =+G22-K22-O22-S22-W22 -> -6.4392935e-15 | Z22: =+Y22*1000000 -> -6.4392935e-09
D23: 울산 | E23: =+[4]울산!$H$86/1000 -> -45.89881 | F23: =+[4]울산!$I$86/1000 -> 84.076425 | G23: =+F23-E23 -> 129.97523 | H23: =+[4]울산!$T$5/1000 -> 7.5 | I23: =+[4]울산!$U$5/1000 -> 10.55 | J23: =+I23-H23 -> 3.05 | K23: =+[4]울산!$M$86/1000 -> -0.01123893 | L23: =+[4]울산!$Q$85 -> 104513.67 | M23: =+[4]울산!$R$85 -> 111519.78 | N23: =+M23-L23 -> 7006.1168 | O23: =+[4]울산!$K$86/1000 -> 73.914532 | P23: =+[4]울산!$Q$50 -> 104517.35 | Q23: =+[4]울산!$R$50 -> 99396.727 | R23: =+Q23-P23 -> -5120.6228 | S23: =+[4]울산!$L$56/1000 -> 54.063355 | T23: =+([4]울산!$H$80+[4]울산!$H$85)/1000 -> 45.871173 | U23: =+([4]울산!$I$80+[4]울산!$I$85)/1000 -> 43.862586 | V23: =+U23-T23 -> -2.0085867 | W23: =+([4]울산!$L$80+[4]울산!$L$85)/1000 -> 2.0085867 | Y23: =+G23-K23-O23-S23-W23 -> 5.062617e-14 | Z23: =+Y23*1000000 -> 5.062617e-08
D24: 아산 | E24: =+[4]아산!$H$86/1000 -> -64.25007 | F24: =+[4]아산!$I$86/1000 -> 3.85639 | G24: =+F24-E24 -> 68.10646 | H24: =+[4]아산!$T$5/1000 -> 10 | I24: =+[4]아산!$U$5/1000 -> 14.503 | J24: =+I24-H24 -> 4.503 | K24: =+[4]아산!$M$86/1000 -> 10.233731 | L24: =+[4]아산!$Q$85 -> 98718.316 | M24: =+[4]아산!$R$85 -> 103835.85 | N24: =+M24-L24 -> 5117.5293 | O24: =+[4]아산!$K$86/1000 -> 74.219528 | P24: =+[4]아산!$Q$50 -> 96445.669 | Q24: =+[4]아산!$R$50 -> 97877.325 | R24: =+Q24-P24 -> 1431.6565 | S24: =+[4]아산!$L$56/1000 -> -20.749785 | T24: =+([4]아산!$H$80+[4]아산!$H$85)/1000 -> 86.976545 | U24: =+([4]아산!$I$80+[4]아산!$I$85)/1000 -> 82.573558 | V24: =+U24-T24 -> -4.4029863 | W24: =+([4]아산!$L$80+[4]아산!$L$85)/1000 -> 4.4029863 | Y24: =+G24-K24-O24-S24-W24 -> 3.2951419e-13 | Z24: =+Y24*1000000 -> 3.2951419e-07
D25: 전주 | E25: =+[4]전주!$H$86/1000 -> -43.61723 | F25: =+[4]전주!$I$86/1000 -> -15.873017 | G25: =+F25-E25 -> 27.744213 | H25: =+[4]전주!$T$5/1000 -> 5 | I25: =+[4]전주!$U$5/1000 -> 8.1605 | J25: =+I25-H25 -> 3.1605 | K25: =+[4]전주!$M$86/1000 -> 6.3333867 | L25: =+[4]전주!$Q$85 -> 102030.9 | M25: =+[4]전주!$R$85 -> 101995.86 | N25: =+M25-L25 -> -35.039793 | O25: =+[4]전주!$K$86/1000 -> -0.2846808 | P25: =+[4]전주!$Q$50 -> 100003.89 | Q25: =+[4]전주!$R$50 -> 97757.16 | R25: =+Q25-P25 -> -2246.7301 | S25: =+[4]전주!$L$56/1000 -> 18.253565 | T25: =+([4]전주!$H$80+[4]전주!$H$85)/1000 -> 53.75227 | U25: =+([4]전주!$I$80+[4]전주!$I$85)/1000 -> 50.310328 | V25: =+U25-T25 -> -3.4419424 | W25: =+([4]전주!$L$80+[4]전주!$L$85)/1000 -> 3.4419424 | Y25: =+G25-K25-O25-S25-W25 -> -8.3932861e-14 | Z25: =+Y25*1000000 -> -8.3932861e-08
D26: 군산 | E26: =+[4]군산!$H$86/1000 -> 6.2266766 | F26: =+[4]군산!$I$86/1000 -> 3.845768 | G26: =+F26-E26 -> -2.3809086 | H26: =+[4]군산!$T$5/1000 -> 2.5 | I26: =+[4]군산!$U$5/1000 -> 2.0675 | J26: =+I26-H26 -> -0.4325 | K26: =+[4]군산!$M$86/1000 -> -5.1106833 | L26: =+[4]군산!$Q$85 -> 115783.56 | M26: =+[4]군산!$R$85 -> 119136.61 | N26: =+M26-L26 -> 3353.0526 | O26: =+[4]군산!$K$86/1000 -> 6.9240536 | P26: =+[4]군산!$Q$50 -> 104022.22 | Q26: =+[4]군산!$R$50 -> 106753.29 | R26: =+Q26-P26 -> 2731.0759 | S26: =+[4]군산!$L$56/1000 -> -5.6396689 | T26: =+([4]군산!$H$80+[4]군산!$H$85)/1000 -> 23.176676 | U26: =+([4]군산!$I$80+[4]군산!$I$85)/1000 -> 21.731286 | V26: =+U26-T26 -> -1.4453901 | W26: =+([4]군산!$L$80+[4]군산!$L$85)/1000 -> 1.4453901 | Y26: =+G26-K26-O26-S26-W26 -> 7.5495166e-15 | Z26: =+Y26*1000000 -> 7.5495166e-09
D27: 원주 | E27: =+[4]원주!$H$86/1000 -> 18.286728 | F27: =+[4]원주!$I$86/1000 -> 7.133797 | G27: =+F27-E27 -> -11.152931 | H27: =+[4]원주!$T$5/1000 -> 3 | I27: =+[4]원주!$U$5/1000 -> 2.1455 | J27: =+I27-H27 -> -0.8545 | K27: =+[4]원주!$M$86/1000 -> -10.469024 | L27: =+[4]원주!$Q$85 -> 114772.53 | M27: =+[4]원주!$R$85 -> 124562.01 | N27: =+M27-L27 -> 9789.4852 | O27: =+[4]원주!$K$86/1000 -> 21.00334 | P27: =+[4]원주!$Q$50 -> 102520.89 | Q27: =+[4]원주!$R$50 -> 113636.34 | R27: =+Q27-P27 -> 11115.453 | S27: =+[4]원주!$L$56/1000 -> -23.848209 | T27: =+([4]원주!$H$80+[4]원주!$H$85)/1000 -> 18.468185 | U27: =+([4]원주!$I$80+[4]원주!$I$85)/1000 -> 16.307223 | V27: =+U27-T27 -> -2.1609622 | W27: =+([4]원주!$L$80+[4]원주!$L$85)/1000 -> 2.1609622 | Y27: =+G27-K27-O27-S27-W27 -> 1.6431301e-14 | Z27: =+Y27*1000000 -> 1.6431301e-08
D28: 제주 | E28: =+[4]제주!$H$86/1000 -> 51.136169 | F28: =+[4]제주!$I$86/1000 -> 2.638132 | G28: =+F28-E28 -> -48.498037 | H28: =+[4]제주!$T$5/1000 -> 6 | I28: =+[4]제주!$U$5/1000 -> 3.8165 | J28: =+I28-H28 -> -2.1835 | K28: =+[4]제주!$M$86/1000 -> -29.517984 | L28: =+[4]제주!$Q$85 -> 121227.62 | M28: =+[4]제주!$R$85 -> 122993.41 | N28: =+M28-L28 -> 1765.7939 | O28: =+[4]제주!$K$86/1000 -> 6.4990046 | P28: =+[4]제주!$Q$50 -> 107839.4 | Q28: =+[4]제주!$R$50 -> 114830.28 | R28: =+Q28-P28 -> 6990.8797 | S28: =+[4]제주!$L$56/1000 -> -25.740595 | T28: =+([4]제주!$H$80+[4]제주!$H$85)/1000 -> 29.193171 | U28: =+([4]제주!$I$80+[4]제주!$I$85)/1000 -> 28.931633 | V28: =+U28-T28 -> -0.26153737 | W28: =+([4]제주!$L$80+[4]제주!$L$85)/1000 -> 0.26153737 | Y28: =+G28-K28-O28-S28-W28 -> 1.2573276e-13 | Z28: =+Y28*1000000 -> 1.2573276e-07
Y35: · 집합대손 2.2억 // 개별대손 3억(삼정이앤시) → 안양 2.9억, 양산 0.1억

Sheet 공헌이익
D4: □ 레미콘 단위당 공헌이익(2026-01)
V5: [단위 : 원/㎥]
A6: 2024년 1월 마감 손익 | D6: 구분 | E6: 판매단가 | H6: 재료비 | K6: 운반비 | N6: 유류비 | Q6: 변동비 계 | T6: 공헌이익
E7: 계획 | F7: 실적 | G7: 차이 | H7: 계획 | I7: 실적 | J7: 차이 | K7: 계획 | L7: 실적 | M7: 차이 | N7: 계획 | O7: 실적 | P7: 차이 | Q7: 계획 | R7: 실적 | S7: 차이 | T7: 계획 | U7: 실적 | V7: 차이
D8: 평균 | E8: =+[4]합계!$Q$85 -> 100913.29 | F8: =+[4]합계!$R$85 -> 106420.86 | G8: =+F8-E8 -> 5507.5656 | H8: =+[4]합계!$Q$20 -> 62985.171 | I8: =+[4]합계!$R$20 -> 67262.044 | J8: =+I8-H8 -> 4276.874 | K8: =+[4]합계!$Q$21 -> 19127.692 | L8: =+[4]합계!$R$21 -> 19939.907 | M8: =+L8-K8 -> 812.21479 | N8: =+[4]합계!$Q$22 -> 432.08995 | O8: =+[4]합계!$R$22 -> 408.62329 | P8: =+O8-N8 -> -23.466655 | Q8: =H8+K8+N8 -> 82544.952 | R8: =I8+L8+O8 -> 87610.574 | S8: =+R8-Q8 -> 5065.6221 | T8: =+E8-Q8 -> 18368.339 | U8: =+F8-R8 -> 18810.282 | V8: =+U8-T8 -> 441.94348
D9: 수도권 | E9: =+[4]수도권!$Q$85 -> 98950.866 | F9: =+[4]수도권!$R$85 -> 104188.77 | G9: =+F9-E9 -> 5237.9089 | H9: =+[4]수도권!$Q$20 -> 64231.99 | I9: =+[4]수도권!$R$20 -> 69716.265 | J9: =+I9-H9 -> 5484.2751 | K9: =+[4]수도권!$Q$21 -> 18756.263 | L9: =+[4]수도권!$R$21 -> 19521.187 | M9: =+L9-K9 -> 764.92402 | N9: =+[4]수도권!$Q$22 -> 512.15278 | O9: =+[4]수도권!$R$22 -> 546.2863 | P9: =+O9-N9 -> 34.13352 | Q9: =H9+K9+N9 -> 83500.406 | R9: =I9+L9+O9 -> 89783.739 | S9: =+R9-Q9 -> 6283.3326 | T9: =+E9-Q9 -> 15450.46 | U9: =+F9-R9 -> 14405.036 | V9: =+U9-T9 -> -1045.4238
D10: 영남권 | E10: =+[4]영남권!$Q$85 -> 100438.34 | F10: =+[4]영남권!$R$85 -> 107645.52 | G10: =+F10-E10 -> 7207.1744 | H10: =+[4]영남권!$Q$20 -> 61614.441 | I10: =+[4]영남권!$R$20 -> 65458.1 | J10: =+I10-H10 -> 3843.659 | K10: =+[4]영남권!$Q$21 -> 19840.192 | L10: =+[4]영남권!$R$21 -> 20360.731 | M10: =+L10-K10 -> 520.53866 | N10: =+[4]영남권!$Q$22 -> 358.56354 | O10: =+[4]영남권!$R$22 -> 320.37881 | P10: =+O10-N10 -> -38.184729 | Q10: =H10+K10+N10 -> 81813.197 | R10: =I10+L10+O10 -> 86139.21 | S10: =+R10-Q10 -> 4326.013 | T10: =+E10-Q10 -> 18625.144 | U10: =+F10-R10 -> 21506.306 | V10: =+U10-T10 -> 2881.1614
D11: 기타권 | E11: =+[4]중부권!$Q$85 -> 107867.16 | F11: =+[4]중부권!$R$85 -> 108148.79 | G11: =+F11-E11 -> 281.62351 | H11: =+[4]중부권!$Q$20 -> 64278.755 | I11: =+[4]중부권!$R$20 -> 66554.812 | J11: =+I11-H11 -> 2276.0568 | K11: =+[4]중부권!$Q$21 -> 17703.602 | L11: =+[4]중부권!$R$21 -> 19768.092 | M11: =+L11-K11 -> 2064.4904 | N11: =+[4]중부권!$Q$22 -> 465.66038 | O11: =+[4]중부권!$R$22 -> 335.4674 | P11: =+O11-N11 -> -130.19298 | Q11: =H11+K11+N11 -> 82448.017 | R11: =I11+L11+O11 -> 86658.372 | S11: =+R11-Q11 -> 4210.3542 | T11: =+E11-Q11 -> 25419.147 | U11: =+F11-R11 -> 21490.416 | V11: =+U11-T11 -> -3928.7307
D12: 안양 | E12: =+[4]안양!$Q$85 -> 99033.952 | F12: =+[4]안양!$R$85 -> 108132.36 | G12: =+F12-E12 -> 9098.4082 | H12: =+[4]안양!$Q$20 -> 63117.486 | I12: =+[4]안양!$R$20 -> 70779.426 | J12: =+I12-H12 -> 7661.94 | K12: =+[4]안양!$Q$21 -> 18441.909 | L12: =+[4]안양!$R$21 -> 19242.375 | M12: =+L12-K12 -> 800.46653 | N12: =+[4]안양!$Q$22 -> 396.55172 | O12: =+[4]안양!$R$22 -> 358.81135 | P12: =+O12-N12 -> -37.74037 | Q12: =H12+K12+N12 -> 81955.946 | R12: =I12+L12+O12 -> 90380.612 | S12: =+R12-Q12 -> 8424.6662 | T12: =+E12-Q12 -> 17078.007 | U12: =+F12-R12 -> 17751.749 | V12: =+U12-T12 -> 673.74196
D13: 인천 | E13: =+[4]인천!$Q$85 -> 100114.02 | F13: =+[4]인천!$R$85 -> 101637.03 | G13: =+F13-E13 -> 1523.0082 | H13: =+[4]인천!$Q$20 -> 67032.99 | I13: =+[4]인천!$R$20 -> 70757.488 | J13: =+I13-H13 -> 3724.4981 | K13: =+[4]인천!$Q$21 -> 19241.541 | L13: =+[4]인천!$R$21 -> 18416.673 | M13: =+L13-K13 -> -824.86803 | N13: =+[4]인천!$Q$22 -> 690 | O13: =+[4]인천!$R$22 -> 751.79085 | P13: =+O13-N13 -> 61.790845 | Q13: =H13+K13+N13 -> 86964.531 | R13: =I13+L13+O13 -> 89925.952 | S13: =+R13-Q13 -> 2961.4209 | T13: =+E13-Q13 -> 13149.489 | U13: =+F13-R13 -> 11711.076 | V13: =+U13-T13 -> -1438.4127
D14: 파주 | E14: =+[4]파주!$Q$85 -> 94566.955 | F14: =+[4]파주!$R$85 -> 100634.01 | G14: =+F14-E14 -> 6067.0552 | H14: =+[4]파주!$Q$20 -> 60672.877 | I14: =+[4]파주!$R$20 -> 65858.732 | J14: =+I14-H14 -> 5185.855 | K14: =+[4]파주!$Q$21 -> 18899.607 | L14: =+[4]파주!$R$21 -> 22843.969 | M14: =+L14-K14 -> 3944.3622 | N14: =+[4]파주!$Q$22 -> 464.5 | O14: =+[4]파주!$R$22 -> 401.69559 | P14: =+O14-N14 -> -62.804407 | Q14: =H14+K14+N14 -> 80036.984 | R14: =I14+L14+O14 -> 89104.397 | S14: =+R14-Q14 -> 9067.4127 | T14: =+E14-Q14 -> 14529.971 | U14: =+F14-R14 -> 11529.613 | V14: =+U14-T14 -> -3000.3575
D15: 김포 | E15: =+[4]김포!$Q$85 -> 100494.71 | F15: =+[4]김포!$R$85 -> 98214.709 | G15: =+F15-E15 -> -2280.0008 | H15: =+[4]김포!$Q$20 -> 63967.836 | I15: =+[4]김포!$R$20 -> 65680.361 | J15: =+I15-H15 -> 1712.5248 | K15: =+[4]김포!$Q$21 -> 18200.126 | L15: =+[4]김포!$R$21 -> 20741.447 | M15: =+L15-K15 -> 2541.3212 | N15: =+[4]김포!$Q$22 -> 435 | O15: =+[4]김포!$R$22 -> 898.91186 | P15: =+O15-N15 -> 463.91186 | Q15: =H15+K15+N15 -> 82602.962 | R15: =I15+L15+O15 -> 87320.72 | S15: =+R15-Q15 -> 4717.7578 | T15: =+E15-Q15 -> 17891.748 | U15: =+F15-R15 -> 10893.99 | V15: =+U15-T15 -> -6997.7587
D16: 부산 | E16: =+[4]부산!$Q$85 -> 107842 | F16: =+[4]부산!$R$85 -> 119144.63 | G16: =+F16-E16 -> 11302.639 | H16: =+[4]부산!$Q$20 -> 64850.629 | I16: =+[4]부산!$R$20 -> 72612.97 | J16: =+I16-H16 -> 7762.3405 | K16: =+[4]부산!$Q$21 -> 21484.236 | L16: =+[4]부산!$R$21 -> 21833.894 | M16: =+L16-K16 -> 349.65866 | N16: =+[4]부산!$Q$22 -> 583.33333 | O16: =+[4]부산!$R$22 -> 401.64776 | P16: =+O16-N16 -> -181.68558 | Q16: =H16+K16+N16 -> 86918.198 | R16: =I16+L16+O16 -> 94848.512 | S16: =+R16-Q16 -> 7930.3136 | T16: =+E16-Q16 -> 20923.797 | U16: =+F16-R16 -> 24296.123 | V16: =+U16-T16 -> 3372.3254
D17: 서부산 | E17: =+[4]서부산!$Q$85 -> 100062.5 | F17: =+[4]서부산!$R$85 -> 107459.83 | G17: =+F17-E17 -> 7397.3307 | H17: =+[4]서부산!$Q$20 -> 61624.466 | I17: =+[4]서부산!$R$20 -> 64148.439 | J17: =+I17-H17 -> 2523.973 | K17: =+[4]서부산!$Q$21 -> 16829.253 | L17: =+[4]서부산!$R$21 -> 18020.711 | M17: =+L17-K17 -> 1191.4585 | N17: =+[4]서부산!$Q$22 -> 200 | O17: =+[4]서부산!$R$22 -> 250.70362 | P17: =+O17-N17 -> 50.703622 | Q17: =H17+K17+N17 -> 78653.719 | R17: =I17+L17+O17 -> 82419.854 | S17: =+R17-Q17 -> 3766.1351 | T17: =+E17-Q17 -> 21408.781 | U17: =+F17-R17 -> 25039.977 | V17: =+U17-T17 -> 3631.1956
D18: 김해 | E18: =+[4]김해!$Q$85 -> 94367.521 | F18: =+[4]김해!$R$85 -> 89614.556 | G18: =+F18-E18 -> -4752.9652 | H18: =+[4]김해!$Q$20 -> 58833.633 | I18: =+[4]김해!$R$20 -> 57501.514 | J18: =+I18-H18 -> -1332.1189 | K18: =+[4]김해!$Q$21 -> 20783.031 | L18: =+[4]김해!$R$21 -> 21780.646 | M18: =+L18-K18 -> 997.61424 | N18: =+[4]김해!$Q$22 -> 485.71429 | O18: =+[4]김해!$R$22 -> 698.635 | P18: =+O18-N18 -> 212.92072 | Q18: =H18+K18+N18 -> 80102.378 | R18: =I18+L18+O18 -> 79980.794 | S18: =+R18-Q18 -> -121.58393 | T18: =+E18-Q18 -> 14265.143 | U18: =+F18-R18 -> 9633.7617 | V18: =+U18-T18 -> -4631.3813
D19: 정관 | E19: =+[4]정관!$Q$85 -> 99915.601 | F19: =+[4]정관!$R$85 -> 101084.06 | G19: =+F19-E19 -> 1168.4606 | H19: =+[4]정관!$Q$20 -> 63227.32 | I19: =+[4]정관!$R$20 -> 66040.87 | J19: =+I19-H19 -> 2813.5496 | K19: =+[4]정관!$Q$21 -> 20371.227 | L19: =+[4]정관!$R$21 -> 20286.806 | M19: =+L19-K19 -> -84.421043 | N19: =+[4]정관!$Q$22 -> 252.63158 | O19: =+[4]정관!$R$22 -> 363.79069 | P19: =+O19-N19 -> 111.15911 | Q19: =H19+K19+N19 -> 83851.178 | R19: =I19+L19+O19 -> 86691.466 | S19: =+R19-Q19 -> 2840.2877 | T19: =+E19-Q19 -> 16064.423 | U19: =+F19-R19 -> 14392.596 | V19: =+U19-T19 -> -1671.8271
D20: 양산 | E20: =+[4]양산!$Q$85 -> 95739.469 | F20: =+[4]양산!$R$85 -> 97835.418 | G20: =+F20-E20 -> 2095.9487 | H20: =+[4]양산!$Q$20 -> 56059.215 | I20: =+[4]양산!$R$20 -> 56405.153 | J20: =+I20-H20 -> 345.93847 | K20: =+[4]양산!$Q$21 -> 20715.408 | L20: =+[4]양산!$R$21 -> 23363.128 | M20: =+L20-K20 -> 2647.7191 | N20: =+[4]양산!$Q$22 -> 233.33333 | O20: =+[4]양산!$R$22 -> 0 | P20: =+O20-N20 -> -233.33333 | Q20: =H20+K20+N20 -> 77007.957 | R20: =I20+L20+O20 -> 79768.281 | S20: =+R20-Q20 -> 2760.3243 | T20: =+E20-Q20 -> 18731.512 | U20: =+F20-R20 -> 18067.137 | V20: =+U20-T20 -> -664.37556
D21: 창원 | E21: =+[4]창원!$Q$85 -> 98552.756 | F21: =+[4]창원!$R$85 -> 101424.97 | G21: =+F21-E21 -> 2872.2177 | H21: =+[4]창원!$Q$20 -> 60042.028 | I21: =+[4]창원!$R$20 -> 59238.76 | J21: =+I21-H21 -> -803.26745 | K21: =+[4]창원!$Q$21 -> 18885.973 | L21: =+[4]창원!$R$21 -> 16713.781 | M21: =+L21-K21 -> -2172.1923 | N21: =+[4]창원!$Q$22 -> 352.94118 | O21: =+[4]창원!$R$22 -> 89.194667 | P21: =+O21-N21 -> -263.74651 | Q21: =H21+K21+N21 -> 79280.942 | R21: =I21+L21+O21 -> 76041.736 | S21: =+R21-Q21 -> -3239.2062 | T21: =+E21-Q21 -> 19271.813 | U21: =+F21-R21 -> 25383.237 | V21: =+U21-T21 -> 6111.4239
D22: 대구 | E22: =+[4]대구!$Q$85 -> 91143.404 | F22: =+[4]대구!$R$85 -> 92786.535 | G22: =+F22-E22 -> 1643.1311 | H22: =+[4]대구!$Q$20 -> 54909.826 | I22: =+[4]대구!$R$20 -> 54333.941 | J22: =+I22-H22 -> -575.88523 | K22: =+[4]대구!$Q$21 -> 17874.176 | L22: =+[4]대구!$R$21 -> 20615.651 | M22: =+L22-K22 -> 2741.475 | N22: =+[4]대구!$Q$22 -> 461.53846 | O22: =+[4]대구!$R$22 -> 542.65926 | P22: =+O22-N22 -> 81.120794 | Q22: =H22+K22+N22 -> 73245.54 | R22: =I22+L22+O22 -> 75492.251 | S22: =+R22-Q22 -> 2246.7105 | T22: =+E22-Q22 -> 17897.864 | U22: =+F22-R22 -> 17294.285 | V22: =+U22-T22 -> -603.57944
D23: 울산 | E23: =+[4]울산!$Q$85 -> 104513.67 | F23: =+[4]울산!$R$85 -> 111519.78 | G23: =+F23-E23 -> 7006.1168 | H23: =+[4]울산!$Q$20 -> 64369.908 | I23: =+[4]울산!$R$20 -> 67494.084 | J23: =+I23-H23 -> 3124.1766 | K23: =+[4]울산!$Q$21 -> 22980.624 | L23: =+[4]울산!$R$21 -> 21586.607 | M23: =+L23-K23 -> -1394.0174 | N23: =+[4]울산!$Q$22 -> 366.66667 | O23: =+[4]울산!$R$22 -> 325.42969 | P23: =+O23-N23 -> -41.236973 | Q23: =H23+K23+N23 -> 87717.198 | R23: =I23+L23+O23 -> 89406.121 | S23: =+R23-Q23 -> 1688.9222 | T23: =+E23-Q23 -> 16796.467 | U23: =+F23-R23 -> 22113.661 | V23: =+U23-T23 -> 5317.1945
D24: 아산 | E24: =+[4]아산!$Q$85 -> 98718.316 | F24: =+[4]아산!$R$85 -> 103835.85 | G24: =+F24-E24 -> 5117.5293 | H24: =+[4]아산!$Q$20 -> 59189.473 | I24: =+[4]아산!$R$20 -> 64483.888 | J24: =+I24-H24 -> 5294.415 | K24: =+[4]아산!$Q$21 -> 20581.197 | L24: =+[4]아산!$R$21 -> 21912.892 | M24: =+L24-K24 -> 1331.6949 | N24: =+[4]아산!$Q$22 -> 300 | O24: =+[4]아산!$R$22 -> 164.3329 | P24: =+O24-N24 -> -135.6671 | Q24: =H24+K24+N24 -> 80070.67 | R24: =I24+L24+O24 -> 86561.113 | S24: =+R24-Q24 -> 6490.4428 | T24: =+E24-Q24 -> 18647.646 | U24: =+F24-R24 -> 17274.732 | V24: =+U24-T24 -> -1372.9135
D25: 전주 | E25: =+[4]전주!$Q$85 -> 102030.9 | F25: =+[4]전주!$R$85 -> 101995.86 | G25: =+F25-E25 -> -35.039793 | H25: =+[4]전주!$Q$20 -> 63265.09 | I25: =+[4]전주!$R$20 -> 64559.321 | J25: =+I25-H25 -> 1294.2318 | K25: =+[4]전주!$Q$21 -> 15763.723 | L25: =+[4]전주!$R$21 -> 19627.029 | M25: =+L25-K25 -> 3863.3067 | N25: =+[4]전주!$Q$22 -> 700 | O25: =+[4]전주!$R$22 -> 379.28451 | P25: =+O25-N25 -> -320.71549 | Q25: =H25+K25+N25 -> 79728.812 | R25: =I25+L25+O25 -> 84565.635 | S25: =+R25-Q25 -> 4836.823 | T25: =+E25-Q25 -> 22302.086 | U25: =+F25-R25 -> 17430.223 | V25: =+U25-T25 -> -4871.8628
D26: 군산 | E26: =+[4]군산!$Q$85 -> 115783.56 | F26: =+[4]군산!$R$85 -> 119136.61 | G26: =+F26-E26 -> 3353.0526 | H26: =+[4]군산!$Q$20 -> 62256.668 | I26: =+[4]군산!$R$20 -> 62591.323 | J26: =+I26-H26 -> 334.65452 | K26: =+[4]군산!$Q$21 -> 14460.273 | L26: =+[4]군산!$R$21 -> 15015.828 | M26: =+L26-K26 -> 555.55472 | N26: =+[4]군산!$Q$22 -> 136 | O26: =+[4]군산!$R$22 -> 104.9138 | P26: =+O26-N26 -> -31.086199 | Q26: =H26+K26+N26 -> 76852.941 | R26: =I26+L26+O26 -> 77712.064 | S26: =+R26-Q26 -> 859.12304 | T26: =+E26-Q26 -> 38930.616 | U26: =+F26-R26 -> 41424.546 | V26: =+U26-T26 -> 2493.9295
D27: 원주 | E27: =+[4]원주!$Q$85 -> 114772.53 | F27: =+[4]원주!$R$85 -> 124562.01 | G27: =+F27-E27 -> 9789.4852 | H27: =+[4]원주!$Q$20 -> 59069.285 | I27: =+[4]원주!$R$20 -> 68006.787 | J27: =+I27-H27 -> 8937.5013 | K27: =+[4]원주!$Q$21 -> 14795.963 | L27: =+[4]원주!$R$21 -> 14644.01 | M27: =+L27-K27 -> -151.95275 | N27: =+[4]원주!$Q$22 -> 1000 | O27: =+[4]원주!$R$22 -> 1243.5031 | P27: =+O27-N27 -> 243.50315 | Q27: =H27+K27+N27 -> 74865.248 | R27: =I27+L27+O27 -> 83894.3 | S27: =+R27-Q27 -> 9029.0517 | T27: =+E27-Q27 -> 39907.28 | U27: =+F27-R27 -> 40667.714 | V27: =+U27-T27 -> 760.43345
D28: 제주 | E28: =+[4]제주!$Q$85 -> 121227.62 | F28: =+[4]제주!$R$85 -> 122993.41 | G28: =+F28-E28 -> 1765.7939 | H28: =+[4]제주!$Q$20 -> 77052.885 | I28: =+[4]제주!$R$20 -> 80489.6 | J28: =+I28-H28 -> 3436.7154 | K28: =+[4]제주!$Q$21 -> 17329.382 | L28: =+[4]제주!$R$21 -> 17279.783 | M28: =+L28-K28 -> -49.599759 | N28: =+[4]제주!$Q$22 -> 416.66667 | O28: =+[4]제주!$R$22 -> 513.26049 | P28: =+O28-N28 -> 96.593819 | Q28: =H28+K28+N28 -> 94798.934 | R28: =I28+L28+O28 -> 98282.643 | S28: =+R28-Q28 -> 3483.7095 | T28: =+E28-Q28 -> 26428.686 | U28: =+F28-R28 -> 24710.771 | V28: =+U28-T28 -> -1717.9156

Sheet 재료비단가
D4: □ 레미콘 원재료단가(2026-01)
A6: 2024년 1월 마감 손익 | D6: 구분 | E6: OPC (원/톤) | H6: SC (원/톤) | K6: SP (원/톤) | N6: FA (원/톤) | Q6: 자갈 (원/톤) | T6: 모래 (원/톤)
E7: 계획 | F7: 실적 | G7: 차이 | H7: 계획 | I7: 실적 | J7: 차이 | K7: 계획 | L7: 실적 | M7: 차이 | N7: 계획 | O7: 실적 | P7: 차이 | Q7: 계획 | R7: 실적 | S7: 차이 | T7: 계획 | U7: 실적 | V7: 차이
D8: 평균 | E8: =+[4]합계!$G$9 -> 97643.563 | F8: =+[4]합계!$H$9 -> 100512.31 | G8: =+F8-E8 -> 2868.7496 | H8: =+[4]합계!$G$10 -> 91575.64 | I8: =+[4]합계!$H$10 -> 95468.695 | J8: =+I8-H8 -> 3893.0551 | K8: =+[4]합계!$G$12 -> 59695.82 | L8: =+[4]합계!$H$12 -> 60767.707 | M8: =+L8-K8 -> 1071.887 | N8: =+[4]합계!$G$13 -> 35544.196 | O8: =+[4]합계!$H$13 -> 33678.686 | P8: =+O8-N8 -> -1865.5098 | Q8: =+[4]합계!$G$16 -> 12906.29 | R8: =+[4]합계!$H$16 -> 12849.119 | S8: =+R8-Q8 -> -57.171862 | T8: =+[4]합계!$G$17 -> 15891.382 | U8: =+[4]합계!$H$17 -> 15694.058 | V8: =+U8-T8 -> -197.32431
D9: 수도권 | E9: =+[4]수도권!$G$9 -> 97000 | F9: =+[4]수도권!$H$9 -> 100223.29 | G9: =+F9-E9 -> 3223.2922 | H9: =+[4]수도권!$G$10 -> 95926.829 | I9: =+[4]수도권!$H$10 -> 98333.825 | J9: =+I9-H9 -> 2406.9962 | K9: =+[4]수도권!$G$12 -> 60000 | L9: =+[4]수도권!$H$12 -> 60038.285 | M9: =+L9-K9 -> 38.284538 | N9: =+[4]수도권!$G$13 -> 39549.973 | O9: =+[4]수도권!$H$13 -> 37606.787 | P9: =+O9-N9 -> -1943.186 | Q9: =+[4]수도권!$G$16 -> 14859.682 | R9: =+[4]수도권!$H$16 -> 14677.634 | S9: =+R9-Q9 -> -182.04842 | T9: =+[4]수도권!$G$17 -> 13709.042 | U9: =+[4]수도권!$H$17 -> 13702.959 | V9: =+U9-T9 -> -6.0826231
D10: 영남권 | E10: =+[4]영남권!$G$9 -> 97000 | F10: =+[4]영남권!$H$9 -> 100000 | G10: =+F10-E10 -> 3000.0006 | H10: =+[4]영남권!$G$10 -> 90440.424 | I10: =+[4]영남권!$H$10 -> 93889.889 | J10: =+I10-H10 -> 3449.4651 | K10: =+[4]영남권!$G$12 -> 59317.922 | L10: =+[4]영남권!$H$12 -> 61304.471 | M10: =+L10-K10 -> 1986.5494 | N10: =+[4]영남권!$G$13 -> 32472.769 | O10: =+[4]영남권!$H$13 -> 32045.927 | P10: =+O10-N10 -> -426.84187 | Q10: =+[4]영남권!$G$16 -> 11060.893 | R10: =+[4]영남권!$H$16 -> 11246.379 | S10: =+R10-Q10 -> 185.48625 | T10: =+[4]영남권!$G$17 -> 17846.992 | U10: =+[4]영남권!$H$17 -> 17852.006 | V10: =+U10-T10 -> 5.0142184
D11: 기타권 | E11: =+[4]중부권!$G$9 -> 101041.17 | F11: =+[4]중부권!$H$9 -> 101989.34 | G11: =+F11-E11 -> 948.17113 | H11: =+[4]중부권!$G$10 -> 94500 | I11: =+[4]중부권!$H$10 -> 97197.42 | J11: =+I11-H11 -> 2697.4197 | K11: =+[4]중부권!$G$12 -> 60213.006 | L11: =+[4]중부권!$H$12 -> 61061.606 | M11: =+L11-K11 -> 848.60018 | N11: =+[4]중부권!$G$13 -> 36532.814 | O11: =+[4]중부권!$H$13 -> 32494.986 | P11: =+O11-N11 -> -4037.8277 | Q11: =+[4]중부권!$G$16 -> 13631.221 | R11: =+[4]중부권!$H$16 -> 12847.871 | S11: =+R11-Q11 -> -783.34971 | T11: =+[4]중부권!$G$17 -> 15022.733 | U11: =+[4]중부권!$H$17 -> 14423.632 | V11: =+U11-T11 -> -599.10054
D12: 안양 | E12: =+[4]안양!$G$9 -> 97000 | F12: =+[4]안양!$H$9 -> 99983.145 | G12: =+F12-E12 -> 2983.1449 | H12: =+[4]안양!$G$10 -> 0 | I12: =+[4]안양!$H$10 -> 100499.99 | J12: =+I12-H12 -> 100499.99 | K12: =+[4]안양!$G$12 -> 60000 | L12: =+[4]안양!$H$12 -> 60057.164 | M12: =+L12-K12 -> 57.16389 | N12: =+[4]안양!$G$13 -> 38500 | O12: =+[4]안양!$H$13 -> 37025.749 | P12: =+O12-N12 -> -1474.251 | Q12: =+[4]안양!$G$16 -> 14133.333 | R12: =+[4]안양!$H$16 -> 14000.005 | S12: =+R12-Q12 -> -133.32852 | T12: =+[4]안양!$G$17 -> 13548.387 | U12: =+[4]안양!$H$17 -> 13588.925 | V12: =+U12-T12 -> 40.53803
D13: 인천 | E13: =+[4]인천!$G$9 -> 97000 | F13: =+[4]인천!$H$9 -> 100648.24 | G13: =+F13-E13 -> 3648.2389 | H13: =+[4]인천!$G$10 -> 97000 | I13: =+[4]인천!$H$10 -> 99748.101 | J13: =+I13-H13 -> 2748.1005 | K13: =+[4]인천!$G$12 -> 60000 | L13: =+[4]인천!$H$12 -> 60035.401 | M13: =+L13-K13 -> 35.400533 | N13: =+[4]인천!$G$13 -> 39000 | O13: =+[4]인천!$H$13 -> 37586.354 | P13: =+O13-N13 -> -1413.6464 | Q13: =+[4]인천!$G$16 -> 15333.333 | R13: =+[4]인천!$H$16 -> 15264.753 | S13: =+R13-Q13 -> -68.580335 | T13: =+[4]인천!$G$17 -> 13954.192 | U13: =+[4]인천!$H$17 -> 14377.587 | V13: =+U13-T13 -> 423.39488
D14: 파주 | E14: =+[4]파주!$G$9 -> 97000 | F14: =+[4]파주!$H$9 -> 100000.01 | G14: =+F14-E14 -> 3000.0116 | H14: =+[4]파주!$G$10 -> 0 | I14: =+[4]파주!$H$10 -> 99050.038 | J14: =+I14-H14 -> 99050.038 | K14: =+[4]파주!$G$12 -> 60000 | L14: =+[4]파주!$H$12 -> 60043.715 | M14: =+L14-K14 -> 43.715073 | N14: =+[4]파주!$G$13 -> 42000 | O14: =+[4]파주!$H$13 -> 40167.224 | P14: =+O14-N14 -> -1832.776 | Q14: =+[4]파주!$G$16 -> 15666.667 | R14: =+[4]파주!$H$16 -> 15704.892 | S14: =+R14-Q14 -> 38.225697 | T14: =+[4]파주!$G$17 -> 13225.806 | U14: =+[4]파주!$H$17 -> 11574.111 | V14: =+U14-T14 -> -1651.6953
D15: 김포 | E15: =+[4]김포!$G$9 -> 97000 | F15: =+[4]김포!$H$9 -> 99999.998 | G15: =+F15-E15 -> 2999.9978 | H15: =+[4]김포!$G$10 -> 91500 | I15: =+[4]김포!$H$10 -> 94500.001 | J15: =+I15-H15 -> 3000.0007 | K15: =+[4]김포!$G$12 -> 60000 | L15: =+[4]김포!$H$12 -> 59791.244 | M15: =+L15-K15 -> -208.75633 | N15: =+[4]김포!$G$13 -> 41500 | O15: =+[4]김포!$H$13 -> 39462.638 | P15: =+O15-N15 -> -2037.3621 | Q15: =+[4]김포!$G$16 -> 14965.143 | R15: =+[4]김포!$H$16 -> 14648.531 | S15: =+R15-Q15 -> -316.61165 | T15: =+[4]김포!$G$17 -> 14159.6 | U15: =+[4]김포!$H$17 -> 14226.388 | V15: =+U15-T15 -> 66.78872
D16: 부산 | E16: =+[4]부산!$G$9 -> 97000 | F16: =+[4]부산!$H$9 -> 100000 | G16: =+F16-E16 -> 3000 | H16: =+[4]부산!$G$10 -> 89600 | I16: =+[4]부산!$H$10 -> 94498.499 | J16: =+I16-H16 -> 4898.4986 | K16: =+[4]부산!$G$12 -> 0 | L16: =+[4]부산!$H$12 -> 0 | M16: =+L16-K16 -> 0 | N16: =+[4]부산!$G$13 -> 34500 | O16: =+[4]부산!$H$13 -> 32607.58 | P16: =+O16-N16 -> -1892.4204 | Q16: =+[4]부산!$G$16 -> 11712.936 | R16: =+[4]부산!$H$16 -> 11900.961 | S16: =+R16-Q16 -> 188.02538 | T16: =+[4]부산!$G$17 -> 18200.07 | U16: =+[4]부산!$H$17 -> 18216.937 | V16: =+U16-T16 -> 16.867115
D17: 서부산 | E17: =+[4]서부산!$G$9 -> 97000 | F17: =+[4]서부산!$H$9 -> 100000 | G17: =+F17-E17 -> 3000.0006 | H17: =+[4]서부산!$G$10 -> 89100 | I17: =+[4]서부산!$H$10 -> 92100.002 | J17: =+I17-H17 -> 3000.0016 | K17: =+[4]서부산!$G$12 -> 61000 | L17: =+[4]서부산!$H$12 -> 63000.019 | M17: =+L17-K17 -> 2000.0189 | N17: =+[4]서부산!$G$13 -> 32500 | O17: =+[4]서부산!$H$13 -> 31558.646 | P17: =+O17-N17 -> -941.35423 | Q17: =+[4]서부산!$G$16 -> 10666.667 | R17: =+[4]서부산!$H$16 -> 10837.229 | S17: =+R17-Q17 -> 170.56212 | T17: =+[4]서부산!$G$17 -> 17845.172 | U17: =+[4]서부산!$H$17 -> 17062.34 | V17: =+U17-T17 -> -782.8323
D18: 김해 | E18: =+[4]김해!$G$9 -> 97000 | F18: =+[4]김해!$H$9 -> 100000 | G18: =+F18-E18 -> 3000 | H18: =+[4]김해!$G$10 -> 89100 | I18: =+[4]김해!$H$10 -> 92100.012 | J18: =+I18-H18 -> 3000.0115 | K18: =+[4]김해!$G$12 -> 0 | L18: =+[4]김해!$H$12 -> 62001.392 | M18: =+L18-K18 -> 62001.392 | N18: =+[4]김해!$G$13 -> 32500 | O18: =+[4]김해!$H$13 -> 32226.198 | P18: =+O18-N18 -> -273.80221 | Q18: =+[4]김해!$G$16 -> 9000 | R18: =+[4]김해!$H$16 -> 9034.1701 | S18: =+R18-Q18 -> 34.170133 | T18: =+[4]김해!$G$17 -> 16710.978 | U18: =+[4]김해!$H$17 -> 17263.584 | V18: =+U18-T18 -> 552.60686
D19: 정관 | E19: =+[4]정관!$G$9 -> 97000 | F19: =+[4]정관!$H$9 -> 100000 | G19: =+F19-E19 -> 3000.0028 | H19: =+[4]정관!$G$10 -> 0 | I19: =+[4]정관!$H$10 -> 92100.016 | J19: =+I19-H19 -> 92100.016 | K19: =+[4]정관!$G$12 -> 59000 | L19: =+[4]정관!$H$12 -> 61227.319 | M19: =+L19-K19 -> 2227.3191 | N19: =+[4]정관!$G$13 -> 32500 | O19: =+[4]정관!$H$13 -> 31749.117 | P19: =+O19-N19 -> -750.88262 | Q19: =+[4]정관!$G$16 -> 11335.685 | R19: =+[4]정관!$H$16 -> 11157.873 | S19: =+R19-Q19 -> -177.81199 | T19: =+[4]정관!$G$17 -> 18860.813 | U19: =+[4]정관!$H$17 -> 18732.737 | V19: =+U19-T19 -> -128.07645
D20: 양산 | E20: =+[4]양산!$G$9 -> 97000 | F20: =+[4]양산!$H$9 -> 100000 | G20: =+F20-E20 -> 3000.0007 | H20: =+[4]양산!$G$10 -> 0 | I20: =+[4]양산!$H$10 -> 0 | J20: =+I20-H20 -> 0 | K20: =+[4]양산!$G$12 -> 59000 | L20: =+[4]양산!$H$12 -> 60924.987 | M20: =+L20-K20 -> 1924.987 | N20: =+[4]양산!$G$13 -> 32000 | O20: =+[4]양산!$H$13 -> 32056.716 | P20: =+O20-N20 -> 56.715578 | Q20: =+[4]양산!$G$16 -> 9400 | R20: =+[4]양산!$H$16 -> 9382.4948 | S20: =+R20-Q20 -> -17.505192 | T20: =+[4]양산!$G$17 -> 17715.141 | U20: =+[4]양산!$H$17 -> 16895.579 | V20: =+U20-T20 -> -819.56266
D21: 창원 | E21: =+[4]창원!$G$9 -> 97000 | F21: =+[4]창원!$H$9 -> 100000 | G21: =+F21-E21 -> 3000.0005 | H21: =+[4]창원!$G$10 -> 100500 | I21: =+[4]창원!$H$10 -> 0 | J21: =+I21-H21 -> -100500 | K21: =+[4]창원!$G$12 -> 61000 | L21: =+[4]창원!$H$12 -> 62999.989 | M21: =+L21-K21 -> 1999.9892 | N21: =+[4]창원!$G$13 -> 29500 | O21: =+[4]창원!$H$13 -> 29728.962 | P21: =+O21-N21 -> 228.96206 | Q21: =+[4]창원!$G$16 -> 11466.667 | R21: =+[4]창원!$H$16 -> 12081.964 | S21: =+R21-Q21 -> 615.29767 | T21: =+[4]창원!$G$17 -> 17046.398 | U21: =+[4]창원!$H$17 -> 16718.491 | V21: =+U21-T21 -> -327.90668
D22: 대구 | E22: =+[4]대구!$G$9 -> 97000 | F22: =+[4]대구!$H$9 -> 100000 | G22: =+F22-E22 -> 3000 | H22: =+[4]대구!$G$10 -> 0 | I22: =+[4]대구!$H$10 -> 96499.999 | J22: =+I22-H22 -> 96499.999 | K22: =+[4]대구!$G$12 -> 57200 | L22: =+[4]대구!$H$12 -> 59174.022 | M22: =+L22-K22 -> 1974.0215 | N22: =+[4]대구!$G$13 -> 31000 | O22: =+[4]대구!$H$13 -> 31226.951 | P22: =+O22-N22 -> 226.95071 | Q22: =+[4]대구!$G$16 -> 10933.333 | R22: =+[4]대구!$H$16 -> 10933.351 | S22: =+R22-Q22 -> 0.017924889 | T22: =+[4]대구!$G$17 -> 14319.244 | U22: =+[4]대구!$H$17 -> 14383.282 | V22: =+U22-T22 -> 64.037931
D23: 울산 | E23: =+[4]울산!$G$9 -> 97000 | F23: =+[4]울산!$H$9 -> 100000 | G23: =+F23-E23 -> 3000 | H23: =+[4]울산!$G$10 -> 0 | I23: =+[4]울산!$H$10 -> 0 | J23: =+I23-H23 -> 0 | K23: =+[4]울산!$G$12 -> 57200 | L23: =+[4]울산!$H$12 -> 59200.002 | M23: =+L23-K23 -> 2000.0021 | N23: =+[4]울산!$G$13 -> 33500 | O23: =+[4]울산!$H$13 -> 33042.474 | P23: =+O23-N23 -> -457.52596 | Q23: =+[4]울산!$G$16 -> 12533.333 | R23: =+[4]울산!$H$16 -> 11825.911 | S23: =+R23-Q23 -> -707.42227 | T23: =+[4]울산!$G$17 -> 19929.697 | U23: =+[4]울산!$H$17 -> 20071.187 | V23: =+U23-T23 -> 141.48969
D24: 아산 | E24: =+[4]아산!$G$9 -> 97000 | F24: =+[4]아산!$H$9 -> 99717.158 | G24: =+F24-E24 -> 2717.158 | H24: =+[4]아산!$G$10 -> 0 | I24: =+[4]아산!$H$10 -> 0 | J24: =+I24-H24 -> 0 | K24: =+[4]아산!$G$12 -> 60000 | L24: =+[4]아산!$H$12 -> 60135.31 | M24: =+L24-K24 -> 135.30983 | N24: =+[4]아산!$G$13 -> 37500 | O24: =+[4]아산!$H$13 -> 32034.332 | P24: =+O24-N24 -> -5465.6683 | Q24: =+[4]아산!$G$16 -> 10853.333 | R24: =+[4]아산!$H$16 -> 10859.103 | S24: =+R24-Q24 -> 5.7700184 | T24: =+[4]아산!$G$17 -> 12554.839 | U24: =+[4]아산!$H$17 -> 12477.385 | V24: =+U24-T24 -> -77.454177
D25: 전주 | E25: =+[4]전주!$G$9 -> 97000 | F25: =+[4]전주!$H$9 -> 100000 | G25: =+F25-E25 -> 3000 | H25: =+[4]전주!$G$10 -> 94500 | I25: =+[4]전주!$H$10 -> 97482.789 | J25: =+I25-H25 -> 2982.7889 | K25: =+[4]전주!$G$12 -> 60000 | L25: =+[4]전주!$H$12 -> 60812.52 | M25: =+L25-K25 -> 812.51961 | N25: =+[4]전주!$G$13 -> 32500 | O25: =+[4]전주!$H$13 -> 33007.096 | P25: =+O25-N25 -> 507.0965 | Q25: =+[4]전주!$G$16 -> 14733.333 | R25: =+[4]전주!$H$16 -> 13848.044 | S25: =+R25-Q25 -> -885.28889 | T25: =+[4]전주!$G$17 -> 16000 | U25: =+[4]전주!$H$17 -> 15969.819 | V25: =+U25-T25 -> -30.181234
D26: 군산 | E26: =+[4]군산!$G$9 -> 97000 | F26: =+[4]군산!$H$9 -> 99999.998 | G26: =+F26-E26 -> 2999.9984 | H26: =+[4]군산!$G$10 -> 0 | I26: =+[4]군산!$H$10 -> 93101.13 | J26: =+I26-H26 -> 93101.13 | K26: =+[4]군산!$G$12 -> 61000 | L26: =+[4]군산!$H$12 -> 63575.343 | M26: =+L26-K26 -> 2575.3433 | N26: =+[4]군산!$G$13 -> 32500 | O26: =+[4]군산!$H$13 -> 28537.143 | P26: =+O26-N26 -> -3962.8571 | Q26: =+[4]군산!$G$16 -> 15133.333 | R26: =+[4]군산!$H$16 -> 15155.527 | S26: =+R26-Q26 -> 22.193629 | T26: =+[4]군산!$G$17 -> 15310.067 | U26: =+[4]군산!$H$17 -> 15391.269 | V26: =+U26-T26 -> 81.201478
D27: 원주 | E27: =+[4]원주!$G$9 -> 97000 | F27: =+[4]원주!$H$9 -> 100000 | G27: =+F27-E27 -> 3000 | H27: =+[4]원주!$G$10 -> 0 | I27: =+[4]원주!$H$10 -> 0 | J27: =+I27-H27 -> 0 | K27: =+[4]원주!$G$12 -> 60000 | L27: =+[4]원주!$H$12 -> 60890.175 | M27: =+L27-K27 -> 890.17469 | N27: =+[4]원주!$G$13 -> 45000 | O27: =+[4]원주!$H$13 -> 47621.478 | P27: =+O27-N27 -> 2621.4782 | Q27: =+[4]원주!$G$16 -> 12466.667 | R27: =+[4]원주!$H$16 -> 11132.683 | S27: =+R27-Q27 -> -1333.9833 | T27: =+[4]원주!$G$17 -> 12387.097 | U27: =+[4]원주!$H$17 -> 12379.091 | V27: =+U27-T27 -> -8.0058357
D28: 제주 | E28: =+[4]제주!$G$9 -> 114000 | F28: =+[4]제주!$H$9 -> 117000 | G28: =+F28-E28 -> 3000.0028 | H28: =+[4]제주!$G$10 -> 0 | I28: =+[4]제주!$H$10 -> 0 | J28: =+I28-H28 -> 0 | K28: =+[4]제주!$G$12 -> 0 | L28: =+[4]제주!$H$12 -> 0 | M28: =+L28-K28 -> 0 | N28: =+[4]제주!$G$13 -> 0 | O28: =+[4]제주!$H$13 -> 0 | P28: =+O28-N28 -> 0 | Q28: =+[4]제주!$G$16 -> 18000 | R28: =+[4]제주!$H$16 -> 17927.923 | S28: =+R28-Q28 -> -72.076942 | T28: =+[4]제주!$G$17 -> 19016.691 | U28: =+[4]제주!$H$17 -> 19616.472 | V28: =+U28-T28 -> 599.78042

Sheet 원단위
D4: □ 레미콘 원재료 원단위(2026-01)
V5: [단위 : kg/㎥]
A6: 2024년 1월 마감 손익 | D6: 구분 | E6: OPC | H6: 분체류 | K6: 분체류 치환률 | N6: 자갈 | Q6: 모래 | T6: 혼화제
E7: 계획 | F7: 실적 | G7: 차이 | H7: 계획 | I7: 실적 | J7: 차이 | K7: 계획 | L7: 실적 | M7: 차이 | N7: 계획 | O7: 실적 | P7: 차이 | Q7: 계획 | R7: 실적 | S7: 차이 | T7: 계획 | U7: 실적 | V7: 차이
D8: 평균 | E8: =+[4]합계!$E$9 -> 307.45878 | F8: =+[4]합계!$F$9 -> 290.90667 | G8: =+F8-E8 -> -16.552109 | H8: =+[4]합계!$E$15 -> 384.43058 | I8: =+[4]합계!$F$15 -> 412.63617 | J8: =+I8-H8 -> 28.205588 | K8: =+([4]합계!$E$10*0.4+[4]합계!$E$11+[4]합계!$E$12+[4]합계!$E$13+[4]합계!$E$14)/[4]합계!$E$15 -> 0.15005555 | L8: =+([4]합계!$F$10*0.4+[4]합계!$F$11+[4]합계!$F$12+[4]합계!$F$13+[4]합계!$F$14)/[4]합계!$F$15 -> 0.22997835 | M8: =+L8-K8 -> 0.079922805 | N8: =+[4]합계!$E$16 -> 828.90478 | O8: =+[4]합계!$F$16 -> 820.49777 | P8: =+O8-N8 -> -8.4070064 | Q8: =+[4]합계!$E$17 -> 893.8426 | R8: =+[4]합계!$F$17 -> 878.9736 | S8: =+R8-Q8 -> -14.86899 | T8: =+[4]합계!$E$19 -> 3.268239 | U8: =+[4]합계!$F$19 -> 3.4806466 | V8: =+U8-T8 -> 0.21240758
D9: 수도권 | E9: =+[4]수도권!$E$9 -> 332.98611 | F9: =+[4]수도권!$F$9 -> 296.21721 | G9: =+F9-E9 -> -36.768904 | H9: =+[4]수도권!$E$15 -> 400.20361 | I9: =+[4]수도권!$F$15 -> 428.30016 | J9: =+I9-H9 -> 28.096553 | K9: =+([4]수도권!$E$10*0.4+[4]수도권!$E$11+[4]수도권!$E$12+[4]수도권!$E$13+[4]수도권!$E$14)/[4]수도권!$E$15 -> 0.14234629 | L9: =+([4]수도권!$F$10*0.4+[4]수도권!$F$11+[4]수도권!$F$12+[4]수도권!$F$13+[4]수도권!$F$14)/[4]수도권!$F$15 -> 0.25735925 | M9: =+L9-K9 -> 0.11501295 | N9: =+[4]수도권!$E$16 -> 855.06944 | O9: =+[4]수도권!$F$16 -> 844.39979 | P9: =+O9-N9 -> -10.669654 | Q9: =+[4]수도권!$E$17 -> 876.55556 | R9: =+[4]수도권!$F$17 -> 842.43294 | S9: =+R9-Q9 -> -34.122616 | T9: =+[4]수도권!$E$19 -> 3.4464903 | U9: =+[4]수도권!$F$19 -> 3.7193358 | V9: =+U9-T9 -> 0.27284555
D10: 영남권 | E10: =+[4]영남권!$E$9 -> 274.92417 | F10: =+[4]영남권!$F$9 -> 259.71134 | G10: =+F10-E10 -> -15.21283 | H10: =+[4]영남권!$E$15 -> 375.10938 | I10: =+[4]영남권!$F$15 -> 403.70943 | J10: =+I10-H10 -> 28.600046 | K10: =+([4]영남권!$E$10*0.4+[4]영남권!$E$11+[4]영남권!$E$12+[4]영남권!$E$13+[4]영남권!$E$14)/[4]영남권!$E$15 -> 0.18209467 | L10: =+([4]영남권!$F$10*0.4+[4]영남권!$F$11+[4]영남권!$F$12+[4]영남권!$F$13+[4]영남권!$F$14)/[4]영남권!$F$15 -> 0.26337476 | M10: =+L10-K10 -> 0.081280088 | N10: =+[4]영남권!$E$16 -> 813.36213 | O10: =+[4]영남권!$F$16 -> 815.16475 | P10: =+O10-N10 -> 1.8026181 | Q10: =+[4]영남권!$E$17 -> 898.5139 | R10: =+[4]영남권!$F$17 -> 877.19277 | S10: =+R10-Q10 -> -21.321135 | T10: =+[4]영남권!$E$19 -> 3.1947721 | U10: =+[4]영남권!$F$19 -> 3.3753954 | V10: =+U10-T10 -> 0.18062332
D11: 기타권 | E11: =+[4]중부권!$E$9 -> 349.21028 | F11: =+[4]중부권!$F$9 -> 359.98481 | G11: =+F11-E11 -> 10.774523 | H11: =+[4]중부권!$E$15 -> 373.40835 | I11: =+[4]중부권!$F$15 -> 401.42961 | J11: =+I11-H11 -> 28.021266 | K11: =+([4]중부권!$E$10*0.4+[4]중부권!$E$11+[4]중부권!$E$12+[4]중부권!$E$13+[4]중부권!$E$14)/[4]중부권!$E$15 -> 0.062589439 | L11: =+([4]중부권!$F$10*0.4+[4]중부권!$F$11+[4]중부권!$F$12+[4]중부권!$F$13+[4]중부권!$F$14)/[4]중부권!$F$15 -> 0.07911286 | M11: =+L11-K11 -> 0.01652342 | N11: =+[4]중부권!$E$16 -> 810.89547 | O11: =+[4]중부권!$F$16 -> 781.95381 | P11: =+O11-N11 -> -28.94166 | Q11: =+[4]중부권!$E$17 -> 924.85821 | R11: =+[4]중부권!$F$17 -> 963.59872 | S11: =+R11-Q11 -> 38.740515 | T11: =+[4]중부권!$E$19 -> 3.0348302 | U11: =+[4]중부권!$F$19 -> 3.2302596 | V11: =+U11-T11 -> 0.19542941
D12: 안양 | E12: =+[4]안양!$E$9 -> 347.24138 | F12: =+[4]안양!$F$9 -> 279.75099 | G12: =+F12-E12 -> -67.490387 | H12: =+[4]안양!$E$15 -> 393.17241 | I12: =+[4]안양!$F$15 -> 435.67765 | J12: =+I12-H12 -> 42.505238 | K12: =+([4]안양!$E$10*0.4+[4]안양!$E$11+[4]안양!$E$12+[4]안양!$E$13+[4]안양!$E$14)/[4]안양!$E$15 -> 0.11682161 | L12: =+([4]안양!$F$10*0.4+[4]안양!$F$11+[4]안양!$F$12+[4]안양!$F$13+[4]안양!$F$14)/[4]안양!$F$15 -> 0.34733613 | M12: =+L12-K12 -> 0.23051452 | N12: =+[4]안양!$E$16 -> 845.44828 | O12: =+[4]안양!$F$16 -> 833.49653 | P12: =+O12-N12 -> -11.951741 | Q12: =+[4]안양!$E$17 -> 879.48276 | R12: =+[4]안양!$F$17 -> 803.12672 | S12: =+R12-Q12 -> -76.356034 | T12: =+[4]안양!$E$19 -> 3.53 | U12: =+[4]안양!$F$19 -> 4.4487629 | V12: =+U12-T12 -> 0.91876287
D13: 인천 | E13: =+[4]인천!$E$9 -> 329.84 | F13: =+[4]인천!$F$9 -> 322.17299 | G13: =+F13-E13 -> -7.6670118 | H13: =+[4]인천!$E$15 -> 425.04 | I13: =+[4]인천!$F$15 -> 436.52655 | J13: =+I13-H13 -> 11.486554 | K13: =+([4]인천!$E$10*0.4+[4]인천!$E$11+[4]인천!$E$12+[4]인천!$E$13+[4]인천!$E$14)/[4]인천!$E$15 -> 0.1680783 | L13: =+([4]인천!$F$10*0.4+[4]인천!$F$11+[4]인천!$F$12+[4]인천!$F$13+[4]인천!$F$14)/[4]인천!$F$15 -> 0.16722254 | M13: =+L13-K13 -> -0.00085575849 | N13: =+[4]인천!$E$16 -> 879.6 | O13: =+[4]인천!$F$16 -> 853.73154 | P13: =+O13-N13 -> -25.868462 | Q13: =+[4]인천!$E$17 -> 850.2 | R13: =+[4]인천!$F$17 -> 874.09209 | S13: =+R13-Q13 -> 23.892094 | T13: =+[4]인천!$E$19 -> 3.5904 | U13: =+[4]인천!$F$19 -> 3.1564063 | V13: =+U13-T13 -> -0.43399367
D14: 파주 | E14: =+[4]파주!$E$9 -> 311.8 | F14: =+[4]파주!$F$9 -> 315.5826 | G14: =+F14-E14 -> 3.782598 | H14: =+[4]파주!$E$15 -> 368.666 | I14: =+[4]파주!$F$15 -> 403.54896 | J14: =+I14-H14 -> 34.882956 | K14: =+([4]파주!$E$10*0.4+[4]파주!$E$11+[4]파주!$E$12+[4]파주!$E$13+[4]파주!$E$14)/[4]파주!$E$15 -> 0.15424802 | L14: =+([4]파주!$F$10*0.4+[4]파주!$F$11+[4]파주!$F$12+[4]파주!$F$13+[4]파주!$F$14)/[4]파주!$F$15 -> 0.21778089 | M14: =+L14-K14 -> 0.063532875 | N14: =+[4]파주!$E$16 -> 827.5 | O14: =+[4]파주!$F$16 -> 873.79832 | P14: =+O14-N14 -> 46.298324 | Q14: =+[4]파주!$E$17 -> 908.2 | R14: =+[4]파주!$F$17 -> 843.95039 | S14: =+R14-Q14 -> -64.249608 | T14: =+[4]파주!$E$19 -> 2.94873 | U14: =+[4]파주!$F$19 -> 2.6606583 | V14: =+U14-T14 -> -0.28807171
D15: 김포 | E15: =+[4]김포!$E$9 -> 317.625 | F15: =+[4]김포!$F$9 -> 266.02357 | G15: =+F15-E15 -> -51.60143 | H15: =+[4]김포!$E$15 -> 387.5 | I15: =+[4]김포!$F$15 -> 394.80344 | J15: =+I15-H15 -> 7.3034407 | K15: =+([4]김포!$E$10*0.4+[4]김포!$E$11+[4]김포!$E$12+[4]김포!$E$13+[4]김포!$E$14)/[4]김포!$E$15 -> 0.13387097 | L15: =+([4]김포!$F$10*0.4+[4]김포!$F$11+[4]김포!$F$12+[4]김포!$F$13+[4]김포!$F$14)/[4]김포!$F$15 -> 0.16979152 | M15: =+L15-K15 -> 0.035920555 | N15: =+[4]김포!$E$16 -> 847.75 | O15: =+[4]김포!$F$16 -> 831.73826 | P15: =+O15-N15 -> -16.011745 | Q15: =+[4]김포!$E$17 -> 908.75 | R15: =+[4]김포!$F$17 -> 918.51305 | S15: =+R15-Q15 -> 9.76305 | T15: =+[4]김포!$E$19 -> 3.31625 | U15: =+[4]김포!$F$19 -> 3.3643102 | V15: =+U15-T15 -> 0.048060216
D16: 부산 | E16: =+[4]부산!$E$9 -> 232.54 | F16: =+[4]부산!$F$9 -> 168.34122 | G16: =+F16-E16 -> -64.198782 | H16: =+[4]부산!$E$15 -> 400.94 | I16: =+[4]부산!$F$15 -> 438.7674 | J16: =+I16-H16 -> 37.827403 | K16: =+([4]부산!$E$10*0.4+[4]부산!$E$11+[4]부산!$E$12+[4]부산!$E$13+[4]부산!$E$14)/[4]부산!$E$15 -> 0.20401058 | L16: =+([4]부산!$F$10*0.4+[4]부산!$F$11+[4]부산!$F$12+[4]부산!$F$13+[4]부산!$F$14)/[4]부산!$F$15 -> 0.39351223 | M16: =+L16-K16 -> 0.18950166 | N16: =+[4]부산!$E$16 -> 850.4 | O16: =+[4]부산!$F$16 -> 889.94716 | P16: =+O16-N16 -> 39.547164 | Q16: =+[4]부산!$E$17 -> 870.2 | R16: =+[4]부산!$F$17 -> 824.95133 | S16: =+R16-Q16 -> -45.248665 | T16: =+[4]부산!$E$19 -> 3.0582815 | U16: =+[4]부산!$F$19 -> 3.7656563 | V16: =+U16-T16 -> 0.70737483
D17: 서부산 | E17: =+[4]서부산!$E$9 -> 270.42027 | F17: =+[4]서부산!$F$9 -> 312.37846 | G17: =+F17-E17 -> 41.958193 | H17: =+[4]서부산!$E$15 -> 374.78367 | I17: =+[4]서부산!$F$15 -> 395.85908 | J17: =+I17-H17 -> 21.075411 | K17: =+([4]서부산!$E$10*0.4+[4]서부산!$E$11+[4]서부산!$E$12+[4]서부산!$E$13+[4]서부산!$E$14)/[4]서부산!$E$15 -> 0.17997116 | L17: =+([4]서부산!$F$10*0.4+[4]서부산!$F$11+[4]서부산!$F$12+[4]서부산!$F$13+[4]서부산!$F$14)/[4]서부산!$F$15 -> 0.14909925 | M17: =+L17-K17 -> -0.030871912 | N17: =+[4]서부산!$E$16 -> 824.5 | O17: =+[4]서부산!$F$16 -> 806.9479 | P17: =+O17-N17 -> -17.552103 | Q17: =+[4]서부산!$E$17 -> 907.3 | R17: =+[4]서부산!$F$17 -> 909.64968 | S17: =+R17-Q17 -> 2.3496758 | T17: =+[4]서부산!$E$19 -> 3.34 | U17: =+[4]서부산!$F$19 -> 3.1447892 | V17: =+U17-T17 -> -0.19521085
D18: 김해 | E18: =+[4]김해!$E$9 -> 250.0669 | F18: =+[4]김해!$F$9 -> 218.0695 | G18: =+F18-E18 -> -31.997404 | H18: =+[4]김해!$E$15 -> 365.6 | I18: =+[4]김해!$F$15 -> 356.70871 | J18: =+I18-H18 -> -8.8912929 | K18: =+([4]김해!$E$10*0.4+[4]김해!$E$11+[4]김해!$E$12+[4]김해!$E$13+[4]김해!$E$14)/[4]김해!$E$15 -> 0.16324736 | L18: =+([4]김해!$F$10*0.4+[4]김해!$F$11+[4]김해!$F$12+[4]김해!$F$13+[4]김해!$F$14)/[4]김해!$F$15 -> 0.24243751 | M18: =+L18-K18 -> 0.07919015 | N18: =+[4]김해!$E$16 -> 796 | O18: =+[4]김해!$F$16 -> 824.53826 | P18: =+O18-N18 -> 28.538259 | Q18: =+[4]김해!$E$17 -> 914 | R18: =+[4]김해!$F$17 -> 878.78188 | S18: =+R18-Q18 -> -35.218118 | T18: =+[4]김해!$E$19 -> 3.4622 | U18: =+[4]김해!$F$19 -> 3.3364666 | V18: =+U18-T18 -> -0.12573342
D19: 정관 | E19: =+[4]정관!$E$9 -> 311.3656 | F19: =+[4]정관!$F$9 -> 282.92502 | G19: =+F19-E19 -> -28.440579 | H19: =+[4]정관!$E$15 -> 371.62016 | I19: =+[4]정관!$F$15 -> 396.6944 | J19: =+I19-H19 -> 25.074235 | K19: =+([4]정관!$E$10*0.4+[4]정관!$E$11+[4]정관!$E$12+[4]정관!$E$13+[4]정관!$E$14)/[4]정관!$E$15 -> 0.16214018 | L19: =+([4]정관!$F$10*0.4+[4]정관!$F$11+[4]정관!$F$12+[4]정관!$F$13+[4]정관!$F$14)/[4]정관!$F$15 -> 0.24759706 | M19: =+L19-K19 -> 0.085456881 | N19: =+[4]정관!$E$16 -> 824.25176 | O19: =+[4]정관!$F$16 -> 756.96979 | P19: =+O19-N19 -> -67.281978 | Q19: =+[4]정관!$E$17 -> 903.4541 | R19: =+[4]정관!$F$17 -> 943.67558 | S19: =+R19-Q19 -> 40.22148 | T19: =+[4]정관!$E$19 -> 3.1587714 | U19: =+[4]정관!$F$19 -> 3.3959 | V19: =+U19-T19 -> 0.23712859
D20: 양산 | E20: =+[4]양산!$E$9 -> 275.66667 | F20: =+[4]양산!$F$9 -> 277.34376 | G20: =+F20-E20 -> 1.6770913 | H20: =+[4]양산!$E$15 -> 357.91667 | I20: =+[4]양산!$F$15 -> 358.956 | J20: =+I20-H20 -> 1.0393341 | K20: =+([4]양산!$E$10*0.4+[4]양산!$E$11+[4]양산!$E$12+[4]양산!$E$13+[4]양산!$E$14)/[4]양산!$E$15 -> 0.2298021 | L20: =+([4]양산!$F$10*0.4+[4]양산!$F$11+[4]양산!$F$12+[4]양산!$F$13+[4]양산!$F$14)/[4]양산!$F$15 -> 0.22736002 | M20: =+L20-K20 -> -0.0024420774 | N20: =+[4]양산!$E$16 -> 781.41667 | O20: =+[4]양산!$F$16 -> 763.45397 | P20: =+O20-N20 -> -17.9627 | Q20: =+[4]양산!$E$17 -> 897 | R20: =+[4]양산!$F$17 -> 893.50125 | S20: =+R20-Q20 -> -3.4987454 | T20: =+[4]양산!$E$19 -> 3.0233333 | U20: =+[4]양산!$F$19 -> 2.8521984 | V20: =+U20-T20 -> -0.17113492
D21: 창원 | E21: =+[4]창원!$E$9 -> 250.49412 | F21: =+[4]창원!$F$9 -> 274.86761 | G21: =+F21-E21 -> 24.373489 | H21: =+[4]창원!$E$15 -> 367.60471 | I21: =+[4]창원!$F$15 -> 370.00389 | J21: =+I21-H21 -> 2.3991861 | K21: =+([4]창원!$E$10*0.4+[4]창원!$E$11+[4]창원!$E$12+[4]창원!$E$13+[4]창원!$E$14)/[4]창원!$E$15 -> 0.23189103 | L21: =+([4]창원!$F$10*0.4+[4]창원!$F$11+[4]창원!$F$12+[4]창원!$F$13+[4]창원!$F$14)/[4]창원!$F$15 -> 0.25712239 | M21: =+L21-K21 -> 0.025231357 | N21: =+[4]창원!$E$16 -> 832.92941 | O21: =+[4]창원!$F$16 -> 838.30933 | P21: =+O21-N21 -> 5.3799216 | Q21: =+[4]창원!$E$17 -> 870.91765 | R21: =+[4]창원!$F$17 -> 842.02 | S21: =+R21-Q21 -> -28.897647 | T21: =+[4]창원!$E$19 -> 3.0797647 | U21: =+[4]창원!$F$19 -> 2.99598 | V21: =+U21-T21 -> -0.083784706
D22: 대구 | E22: =+[4]대구!$E$9 -> 299.675 | F22: =+[4]대구!$F$9 -> 232.52438 | G22: =+F22-E22 -> -67.150623 | H22: =+[4]대구!$E$15 -> 341.5 | I22: =+[4]대구!$F$15 -> 341.73582 | J22: =+I22-H22 -> 0.23581619 | K22: =+([4]대구!$E$10*0.4+[4]대구!$E$11+[4]대구!$E$12+[4]대구!$E$13+[4]대구!$E$14)/[4]대구!$E$15 -> 0.12247438 | L22: =+([4]대구!$F$10*0.4+[4]대구!$F$11+[4]대구!$F$12+[4]대구!$F$13+[4]대구!$F$14)/[4]대구!$F$15 -> 0.25402566 | M22: =+L22-K22 -> 0.13155128 | N22: =+[4]대구!$E$16 -> 715.16754 | O22: =+[4]대구!$F$16 -> 709.80174 | P22: =+O22-N22 -> -5.3657935 | Q22: =+[4]대구!$E$17 -> 987.61231 | R22: =+[4]대구!$F$17 -> 969.39411 | S22: =+R22-Q22 -> -18.218203 | T22: =+[4]대구!$E$19 -> 3.0735 | U22: =+[4]대구!$F$19 -> 3.401612 | V22: =+U22-T22 -> 0.32811201
D23: 울산 | E23: =+[4]울산!$E$9 -> 323.98 | F23: =+[4]울산!$F$9 -> 345.75341 | G23: =+F23-E23 -> 21.773407 | H23: =+[4]울산!$E$15 -> 383 | I23: =+[4]울산!$F$15 -> 433.23705 | J23: =+I23-H23 -> 50.237047 | K23: =+([4]울산!$E$10*0.4+[4]울산!$E$11+[4]울산!$E$12+[4]울산!$E$13+[4]울산!$E$14)/[4]울산!$E$15 -> 0.15409922 | L23: =+([4]울산!$F$10*0.4+[4]울산!$F$11+[4]울산!$F$12+[4]울산!$F$13+[4]울산!$F$14)/[4]울산!$F$15 -> 0.20193019 | M23: =+L23-K23 -> 0.047830976 | N23: =+[4]울산!$E$16 -> 774.84 | O23: =+[4]울산!$F$16 -> 762.94512 | P23: =+O23-N23 -> -11.894883 | Q23: =+[4]울산!$E$17 -> 873.68 | R23: =+[4]울산!$F$17 -> 861.44597 | S23: =+R23-Q23 -> -12.234031 | T23: =+[4]울산!$E$19 -> 3.388 | U23: =+[4]울산!$F$19 -> 3.461743 | V23: =+U23-T23 -> 0.073742998
D24: 아산 | E24: =+[4]아산!$E$9 -> 353.15325 | F24: =+[4]아산!$F$9 -> 386.10084 | G24: =+F24-E24 -> 32.947584 | H24: =+[4]아산!$E$15 -> 383.25211 | I24: =+[4]아산!$F$15 -> 421.54698 | J24: =+I24-H24 -> 38.294866 | K24: =+([4]아산!$E$10*0.4+[4]아산!$E$11+[4]아산!$E$12+[4]아산!$E$13+[4]아산!$E$14)/[4]아산!$E$15 -> 0.078535406 | L24: =+([4]아산!$F$10*0.4+[4]아산!$F$11+[4]아산!$F$12+[4]아산!$F$13+[4]아산!$F$14)/[4]아산!$F$15 -> 0.084085865 | M24: =+L24-K24 -> 0.005550459 | N24: =+[4]아산!$E$16 -> 860 | O24: =+[4]아산!$F$16 -> 772.97539 | P24: =+O24-N24 -> -87.024605 | Q24: =+[4]아산!$E$17 -> 893.57025 | R24: =+[4]아산!$F$17 -> 996.14687 | S24: =+R24-Q24 -> 102.57662 | T24: =+[4]아산!$E$19 -> 3.0151 | U24: =+[4]아산!$F$19 -> 3.6504514 | V24: =+U24-T24 -> 0.63535144
D25: 전주 | E25: =+[4]전주!$E$9 -> 326.5 | F25: =+[4]전주!$F$9 -> 301.8576 | G25: =+F25-E25 -> -24.642401 | H25: =+[4]전주!$E$15 -> 367.002 | I25: =+[4]전주!$F$15 -> 376.01996 | J25: =+I25-H25 -> 9.0179557 | K25: =+([4]전주!$E$10*0.4+[4]전주!$E$11+[4]전주!$E$12+[4]전주!$E$13+[4]전주!$E$14)/[4]전주!$E$15 -> 0.098421262 | L25: =+([4]전주!$F$10*0.4+[4]전주!$F$11+[4]전주!$F$12+[4]전주!$F$13+[4]전주!$F$14)/[4]전주!$F$15 -> 0.10673886 | M25: =+L25-K25 -> 0.0083175967 | N25: =+[4]전주!$E$16 -> 727.198 | O25: =+[4]전주!$F$16 -> 738.04665 | P25: =+O25-N25 -> 10.848649 | Q25: =+[4]전주!$E$17 -> 997.8 | R25: =+[4]전주!$F$17 -> 982.24998 | S25: =+R25-Q25 -> -15.550015 | T25: =+[4]전주!$E$19 -> 2.98 | U25: =+[4]전주!$F$19 -> 2.2393378 | V25: =+U25-T25 -> -0.74066219
D26: 군산 | E26: =+[4]군산!$E$9 -> 336.4 | F26: =+[4]군산!$F$9 -> 306.24214 | G26: =+F26-E26 -> -30.15786 | H26: =+[4]군산!$E$15 -> 374.54 | I26: =+[4]군산!$F$15 -> 363.76662 | J26: =+I26-H26 -> -10.77338 | K26: =+([4]군산!$E$10*0.4+[4]군산!$E$11+[4]군산!$E$12+[4]군산!$E$13+[4]군산!$E$14)/[4]군산!$E$15 -> 0.10183158 | L26: =+([4]군산!$F$10*0.4+[4]군산!$F$11+[4]군산!$F$12+[4]군산!$F$13+[4]군산!$F$14)/[4]군산!$F$15 -> 0.13249754 | M26: =+L26-K26 -> 0.030665957 | N26: =+[4]군산!$E$16 -> 859 | O26: =+[4]군산!$F$16 -> 865.62228 | P26: =+O26-N26 -> 6.622276 | Q26: =+[4]군산!$E$17 -> 818 | R26: =+[4]군산!$F$17 -> 805.39225 | S26: =+R26-Q26 -> -12.607748 | T26: =+[4]군산!$E$19 -> 2.8 | U26: =+[4]군산!$F$19 -> 3.0356659 | V26: =+U26-T26 -> 0.23566586
D27: 원주 | E27: =+[4]원주!$E$9 -> 349.73333 | F27: =+[4]원주!$F$9 -> 430.42601 | G27: =+F27-E27 -> 80.692675 | H27: =+[4]원주!$E$15 -> 363.86667 | I27: =+[4]원주!$F$15 -> 444.22141 | J27: =+I27-H27 -> 80.354741 | K27: =+([4]원주!$E$10*0.4+[4]원주!$E$11+[4]원주!$E$12+[4]원주!$E$13+[4]원주!$E$14)/[4]원주!$E$15 -> 0.038842067 | L27: =+([4]원주!$F$10*0.4+[4]원주!$F$11+[4]원주!$F$12+[4]원주!$F$13+[4]원주!$F$14)/[4]원주!$F$15 -> 0.031055234 | M27: =+L27-K27 -> -0.0077868329 | N27: =+[4]원주!$E$16 -> 866.53333 | O27: =+[4]원주!$F$16 -> 862.13237 | P27: =+O27-N27 -> -4.4009633 | Q27: =+[4]원주!$E$17 -> 880.66667 | R27: =+[4]원주!$F$17 -> 865.77488 | S27: =+R27-Q27 -> -14.891789 | T27: =+[4]원주!$E$19 -> 2.9813333 | U27: =+[4]원주!$F$19 -> 3.6380797 | V27: =+U27-T27 -> 0.65674637
D28: 제주 | E28: =+[4]제주!$E$9 -> 366.64 | F28: =+[4]제주!$F$9 -> 374.42326 | G28: =+F28-E28 -> 7.7832578 | H28: =+[4]제주!$E$15 -> 366.64 | I28: =+[4]제주!$F$15 -> 374.42326 | J28: =+I28-H28 -> 7.7832578 | K28: =+([4]제주!$E$10*0.4+[4]제주!$E$11+[4]제주!$E$12+[4]제주!$E$13+[4]제주!$E$14)/[4]제주!$E$15 -> 0 | L28: =+([4]제주!$F$10*0.4+[4]제주!$F$11+[4]제주!$F$12+[4]제주!$F$13+[4]제주!$F$14)/[4]제주!$F$15 -> 0 | M28: =+L28-K28 -> 0 | N28: =+[4]제주!$E$16 -> 750.94 | O28: =+[4]제주!$F$16 -> 820.55654 | P28: =+O28-N28 -> 69.616536 | Q28: =+[4]제주!$E$17 -> 982.84 | R28: =+[4]제주!$F$17 -> 939.9267 | S28: =+R28-Q28 -> -42.9133 | T28: =+[4]제주!$E$19 -> 3.238 | U28: =+[4]제주!$F$19 -> 3.6323334 | V28: =+U28-T28 -> 0.39433338

Sheet 건자재
D6: □ 건자재 손익실적(2026-01)
O7: [단위 : 톤, 천원]
D8: 구분 | F8: 1월 | K8: 1월누계
F9: 계획 | G9: 실적 | H9: 계획대비 | I9: 전년 | J9: 전년대비 | K9: 계획 | L9: 실적 | M9: 계획대비 | N9: 전년 | O9: 전년대비
D10: 판매량 | E10: 철강재 | F10: =+IFERROR(HLOOKUP($F$8,[12]손익!$G$5:$AF$55,[12]손익!$D29,),) -> 8000 | G10: =+'[13]1월'!$G$8 -> 4969.838 | H10: =+G10-F10 -> -3030.162 | I10: =+'[14]1월'!$G$8 -> 8735.502 | J10: =+G10-I10 -> -3765.664 | K10: =+IFERROR(HLOOKUP($K$8,[12]손익!$G$5:$AF$55,[12]손익!$D29,),) -> 0 | L10: =+'[13]1월'!$Q$8 -> 4969.838 | M10: =+L10-K10 -> 4969.838 | N10: =+'[14]1월'!$Q$8 -> 8735.502 | O10: =+L10-N10 -> -3765.664
D11: 판매단가 | E11: 철강재 | F11: =+IFERROR(HLOOKUP($F$8,[12]손익!$G$5:$AF$55,[12]손익!$D30,),) -> 743250 | G11: =+G12/G10*1000 -> 796801.18 | H11: =+G11-F11 -> 53551.181 | I11: =+I12/I10*1000 -> 756420.01 | J11: =+G11-I11 -> 40381.17 | K11: =+IFERROR(HLOOKUP($K$8,[12]손익!$G$5:$AF$55,[12]손익!$D30,),) -> 0 | L11: =+L12/L10*1000 -> 796801.18 | M11: =+L11-K11 -> 796801.18 | N11: =+N12/N10*1000 -> 756420.01 | O11: =+L11-N11 -> 40381.17
D12: 매출액 | E12: 철강재 | F12: =+IFERROR(HLOOKUP($F$8,[12]손익!$G$5:$AF$55,[12]손익!$D31,),) -> 5946000 | G12: =+'[13]1월'!$G$9 -> 3959972.8 | H12: =+G12-F12 -> -1986027.2 | I12: =+'[14]1월'!$G$9 -> 6607708.5 | J12: =+G12-I12 -> -2647735.7 | K12: =+IFERROR(HLOOKUP($K$8,[12]손익!$G$5:$AF$55,[12]손익!$D31,),) -> 0 | L12: =+'[13]1월'!$Q$9 -> 3959972.8 | M12: =+L12-K12 -> 3959972.8 | N12: =+'[14]1월'!$Q$9 -> 6607708.5 | O12: =+L12-N12 -> -2647735.7
E13: 기타 | F13: =+IFERROR(HLOOKUP($F$8,[12]손익!$G$5:$AF$55,[12]손익!$D32,),) -> 1718843.4 | G13: =+'[13]1월'!$J$9 -> 1139914 | H13: =+G13-F13 -> -578929.48 | I13: =+'[14]1월'!$J$9 -> 872411.16 | J13: =+G13-I13 -> 267502.79 | K13: =+IFERROR(HLOOKUP($K$8,[12]손익!$G$5:$AF$55,[12]손익!$D32,),) -> 0 | L13: =+'[13]1월'!$T$9 -> 1139914 | M13: =+L13-K13 -> 1139914 | N13: =+'[14]1월'!$T$9 -> 872411.16 | O13: =+L13-N13 -> 267502.79
E14: (소계) | F14: =SUM(F12:F13) -> 7664843.4 | G14: =SUM(G12:G13) -> 5099886.7 | H14: =+G14-F14 -> -2564956.7 | I14: =SUM(I12:I13) -> 7480119.7 | J14: =+G14-I14 -> -2380232.9 | K14: =SUM(K12:K13) -> 0 | L14: =SUM(L12:L13) -> 5099886.7 | M14: =+L14-K14 -> 5099886.7 | N14: =SUM(N12:N13) -> 7480119.7 | O14: =+L14-N14 -> -2380232.9
D15: 매출원가 | E15: 철강재 | F15: =+IFERROR(HLOOKUP($F$8,[12]손익!$G$5:$AF$55,[12]손익!$D34,),) -> 5848200 | G15: =+'[13]1월'!$G$11 -> 3878311.7 | H15: =+G15-F15 -> -1969888.3 | I15: =+'[14]1월'!$G$11 -> 6490572.3 | J15: =+G15-I15 -> -2612260.5 | K15: =+IFERROR(HLOOKUP($K$8,[12]손익!$G$5:$AF$55,[12]손익!$D34,),) -> 0 | L15: =+'[13]1월'!$Q$11 -> 3878311.7 | M15: =+L15-K15 -> 3878311.7 | N15: =+'[14]1월'!$Q$11 -> 6490572.3 | O15: =+L15-N15 -> -2612260.5
E16: 기타 | F16: =+IFERROR(HLOOKUP($F$8,[12]손익!$G$5:$AF$55,[12]손익!$D35,),) -> 1648845.1 | G16: =+'[13]1월'!$J$11 -> 1093644.9 | H16: =+G16-F16 -> -555200.14 | I16: =+'[14]1월'!$J$11 -> 843636.94 | J16: =+G16-I16 -> 250007.98 | K16: =+IFERROR(HLOOKUP($K$8,[12]손익!$G$5:$AF$55,[12]손익!$D35,),) -> 0 | L16: =+'[13]1월'!$T$11 -> 1093644.9 | M16: =+L16-K16 -> 1093644.9 | N16: =+'[14]1월'!$T$11 -> 843636.94 | O16: =+L16-N16 -> 250007.98
E17: (소계) | F17: =SUM(F15:F16) -> 7497045.1 | G17: =SUM(G15:G16) -> 4971956.7 | H17: =+G17-F17 -> -2525088.4 | I17: =SUM(I15:I16) -> 7334209.2 | J17: =+G17-I17 -> -2362252.5 | K17: =SUM(K15:K16) -> 0 | L17: =SUM(L15:L16) -> 4971956.7 | M17: =+L17-K17 -> 4971956.7 | N17: =SUM(N15:N16) -> 7334209.2 | O17: =+L17-N17 -> -2362252.5
D18: 매출이익 | E18: 철강재 | F18: =+F12-F15 -> 97800 | G18: =+G12-G15 -> 81661.041 | H18: =+G18-F18 -> -16138.959 | I18: =+I12-I15 -> 117136.27 | J18: =+G18-I18 -> -35475.225 | K18: =+K12-K15 -> 0 | L18: =+L12-L15 -> 81661.041 | M18: =+L18-K18 -> 81661.041 | N18: =+N12-N15 -> 117136.27 | O18: =+L18-N18 -> -35475.225
E19: % | F19: =+F18/F12 -> 0.016448032 | G19: =+G18/G12 -> 0.020621617 | H19: =+G19-F19 -> 0.0041735844 | I19: =+I18/I12 -> 0.017727214 | J19: =+G19-I19 -> 0.0028944022 | K19: =IFERROR(K18/K12,) -> 0 | L19: =+L18/L12 -> 0.020621617 | M19: =+L19-K19 -> 0.020621617 | N19: =+N18/N12 -> 0.017727214 | O19: =+L19-N19 -> 0.0028944022
E20: 기타 | F20: =+F13-F16 -> 69998.382 | G20: =+G13-G16 -> 46269.037 | H20: =+G20-F20 -> -23729.345 | I20: =+I13-I16 -> 28774.226 | J20: =+G20-I20 -> 17494.811 | K20: =+K13-K16 -> 0 | L20: =+L13-L16 -> 46269.037 | M20: =+L20-K20 -> 46269.037 | N20: =+N13-N16 -> 28774.226 | O20: =+L20-N20 -> 17494.811
E21: % | F21: =+F20/F13 -> 0.040724117 | G21: =+G20/G13 -> 0.040589938 | H21: =+G21-F21 -> -0.00013417918 | I21: =+I20/I13 -> 0.032982414 | J21: =+G21-I21 -> 0.0076075244 | K21: =IFERROR(K20/K13,) -> 0 | L21: =+L20/L13 -> 0.040589938 | M21: =+L21-K21 -> 0.040589938 | N21: =+N20/N13 -> 0.032982414 | O21: =+L21-N21 -> 0.0076075244
E22: (소계) | F22: =SUM(F18,F20) -> 167798.38 | G22: =SUM(G18,G20) -> 127930.08 | H22: =+G22-F22 -> -39868.304 | I22: =SUM(I18,I20) -> 145910.49 | J22: =+G22-I22 -> -17980.414 | K22: =SUM(K18,K20) -> 0 | L22: =SUM(L18,L20) -> 127930.08 | M22: =+L22-K22 -> 127930.08 | N22: =SUM(N18,N20) -> 145910.49 | O22: =+L22-N22 -> -17980.414
E23: % | F23: =+F22/F14 -> 0.021891952 | G23: =+G22/G14 -> 0.025084886 | H23: =+G23-F23 -> 0.0031929344 | I23: =+I22/I14 -> 0.019506438 | J23: =+G23-I23 -> 0.0055784479 | K23: =IFERROR(K22/K14,) -> 0 | L23: =+L22/L14 -> 0.025084886 | M23: =+L23-K23 -> 0.025084886 | N23: =+N22/N14 -> 0.019506438 | O23: =+L23-N23 -> 0.0055784479
D24: 판관비 | E24: 노무비 | F24: =+IFERROR(HLOOKUP($F$8,[12]손익!$G$5:$AF$55,[12]손익!$D15,),) -> 93613.636 | G24: =+'[13]1월'!$M$19 -> 92161.066 | H24: =+G24-F24 -> -1452.57 | I24: =+'[14]1월'!$M$19 -> 95383.025 | J24: =+G24-I24 -> -3221.959 | K24: =+IFERROR(HLOOKUP($K$8,[12]손익!$G$5:$AF$55,[12]손익!$D15,),) -> 0 | L24: =+'[13]1월'!$W$19 -> 92161.066 | M24: =+L24-K24 -> 92161.066 | N24: =+'[14]1월'!$W$19 -> 95383.025 | O24: =+L24-N24 -> -3221.959
E25: 경비 | F25: =+IFERROR(HLOOKUP($F$8,[12]손익!$G$5:$AF$55,[12]손익!$D16,),) -> 68504.29 | G25: =+'[13]1월'!$M$37 -> 36067.168 | H25: =+G25-F25 -> -32437.122 | I25: =+'[14]1월'!$M$37 -> 43035.872 | J25: =+G25-I25 -> -6968.704 | K25: =+IFERROR(HLOOKUP($K$8,[12]손익!$G$5:$AF$55,[12]손익!$D16,),) -> 0 | L25: =+'[13]1월'!$W$37 -> 36067.168 | M25: =+L25-K25 -> 36067.168 | N25: =+'[14]1월'!$W$37 -> 43035.872 | O25: =+L25-N25 -> -6968.704
E26: (소계) | F26: =SUM(F24:F25) -> 162117.93 | G26: =SUM(G24:G25) -> 128228.23 | H26: =+G26-F26 -> -33889.692 | I26: =SUM(I24:I25) -> 138418.9 | J26: =+G26-I26 -> -10190.663 | K26: =SUM(K24:K25) -> 0 | L26: =SUM(L24:L25) -> 128228.23 | M26: =+L26-K26 -> 128228.23 | N26: =SUM(N24:N25) -> 138418.9 | O26: =+L26-N26 -> -10190.663
D27: EBITDA | F27: =+F22-F26 -> 5680.456 | G27: =+G22-G26 -> -298.156 | H27: =+G27-F27 -> -5978.612 | I27: =+I22-I26 -> 7491.595 | J27: =+G27-I27 -> -7789.751 | K27: =+K22-K26 -> 0 | L27: =+L22-L26 -> -298.156 | M27: =+L27-K27 -> -298.156 | N27: =+N22-N26 -> 7491.595 | O27: =+L27-N27 -> -7789.751
E28: % | F28: =+F27/F14 -> 0.00074110529 | G28: =+G27/G14 -> -5.8463259e-05 | H28: =+G28-F28 -> -0.00079956855 | I28: =+I27/I14 -> 0.0010015341 | J28: =+G28-I28 -> -0.0010599974 | K28: =IFERROR(K27/K14,) -> 0 | L28: =+L27/L14 -> -5.8463259e-05 | M28: =+L28-K28 -> -5.8463259e-05 | N28: =+N27/N14 -> 0.0010015341 | O28: =+L28-N28 -> -0.0010599974
D29: 감가상각비 | F29: =+IFERROR(HLOOKUP($F$8,[12]손익!$G$5:$AF$55,[12]손익!$D19,),) -> 5186.263 | G29: =+'[13]1월'!$M$40 -> 4738.526 | H29: =+G29-F29 -> -447.737 | I29: =+'[14]1월'!$M$40 -> 5794.346 | J29: =+G29-I29 -> -1055.82 | K29: =+IFERROR(HLOOKUP($K$8,[12]손익!$G$5:$AF$55,[12]손익!$D19,),) -> 0 | L29: =+'[13]1월'!$W$40 -> 4738.526 | M29: =+L29-K29 -> 4738.526 | N29: =+'[14]1월'!$W$40 -> 5794.346 | O29: =+L29-N29 -> -1055.82
E30: 판관 | F30: =+F29 -> 5186.263 | G30: =+G29 -> 4738.526 | H30: =+G30-F30 -> -447.737 | I30: =+I29 -> 5794.346 | J30: =+G30-I30 -> -1055.82 | K30: =+K29 -> 0 | L30: =+L29 -> 4738.526 | M30: =+L30-K30 -> 4738.526 | N30: =+N29 -> 5794.346 | O30: =+L30-N30 -> -1055.82
D31: 영업이익 I | F31: =+F27-F29 -> 494.193 | G31: =+G27-G29 -> -5036.682 | H31: =+G31-F31 -> -5530.875 | I31: =+I27-I29 -> 1697.249 | J31: =+G31-I31 -> -6733.931 | K31: =+K27-K29 -> 0 | L31: =+L27-L29 -> -5036.682 | M31: =+L31-K31 -> -5036.682 | N31: =+N27-N29 -> 1697.249 | O31: =+L31-N31 -> -6733.931
E32: % | F32: =+F31/F14 -> 6.447529e-05 | G32: =+G31/G14 -> -0.00098760664 | H32: =+G32-F32 -> -0.0010520819 | I32: =+I31/I14 -> 0.00022690132 | J32: =+G32-I32 -> -0.001214508 | K32: =IFERROR(K31/K14,) -> 0 | L32: =+L31/L14 -> -0.00098760664 | M32: =+L32-K32 -> -0.00098760664 | N32: =+N31/N14 -> 0.00022690132 | O32: =+L32-N32 -> -0.001214508
D33: 공통비 | F33: =+IFERROR(HLOOKUP($F$8,[12]손익!$G$5:$AF$55,[12]손익!$D23,),) -> 46711.786 | G33: =+'[13]1월'!$M$43 -> 33778.719 | H33: =+G33-F33 -> -12933.067 | J33: =+G33-I33 -> 33778.719 | K33: =+IFERROR(HLOOKUP($K$8,[12]손익!$G$5:$AF$55,[12]손익!$D23,),) -> 0 | L33: =+'[13]1월'!$W$43 -> 33778.719 | M33: =+L33-K33 -> 33778.719 | O33: =+L33-N33 -> 33778.719
D34: 영업이익 II | F34: =+F31-F33 -> -46217.593 | G34: =+G31-G33 -> -38815.401 | H34: =+G34-F34 -> 7402.1919 | I34: =+I31-I33 -> 1697.249 | J34: =+G34-I34 -> -40512.65 | K34: =+K31-K33 -> 0 | L34: =+L31-L33 -> -38815.401 | M34: =+L34-K34 -> -38815.401 | N34: =+N31-N33 -> 1697.249 | O34: =+L34-N34 -> -40512.65
E35: % | F35: =+F34/F14 -> -0.0060298156 | G35: =+G34/G14 -> -0.007611032 | H35: =+G35-F35 -> -0.0015812163 | I35: =+I34/I14 -> 0.00022690132 | J35: =+G35-I35 -> -0.0078379333 | K35: =IFERROR(K34/K14,) -> 0 | L35: =+L34/L14 -> -0.007611032 | M35: =+L35-K35 -> -0.007611032 | N35: =+N34/N14 -> 0.00022690132 | O35: =+L35-N35 -> -0.0078379333
