Workbook

Sheet 표지
A6: 2026년 4월 마감 손익
A24: 레미콘사업본부

Sheet 손익총괄
C3: □ 건재사업본부 손익실적(2026-04)
X4: [단위 : 천㎥, 톤, 원/㎥, 원/톤, 백만원]
C5: 구분 | E5: 4월 | J5: 4월누계 | P5: 4월 주요지표
E6: 계획 | F6: 실적 | G6: 계획대비 | H6: 전년 | I6: 전년대비 | J6: 계획 | K6: 실적 | L6: 계획대비 | M6: 전년 | N6: 전년대비
C7: 물량 | D7: 레미콘 | E7: =+'[1]4월'!$Z$7/1000 -> 272 | F7: =+'[2]4월'!$Z$7/1000 -> 272.948 | G7: =+F7-E7 -> 0.948 | H7: =+'[3]4월'!$Z$7/1000 -> 276.853 | I7: =+F7-H7 -> -3.905 | J7: =+'[1]4월누계'!$Z$7/1000 -> 896.4998 | K7: =+'[2]4월누계'!$Z$7/1000 -> 857.3545 | L7: =+K7-J7 -> -39.1453 | M7: =+'[3]4월누계'!$Z$7/1000 -> 931.4385 | N7: =+K7-M7 -> -74.084 | Q7: □ 레미콘
D8: 골재 | E8: =+'[1]4월'!$AE$7/1000 -> 70.968284 | F8: =+'[2]4월'!$AN$7/1000 -> 71.493 | G8: =+F8-E8 -> 0.52471562 | H8: =+'[3]4월'!$AN$7/1000 -> 68.025 | I8: =+F8-H8 -> 3.468 | J8: =+'[1]4월누계'!$AE$7/1000 -> 273.38092 | K8: =+'[2]4월누계'!$AN$7/1000 -> 248.723 | L8: =+K8-J8 -> -24.657916 | M8: =+'[3]4월누계'!$AN$7/1000 -> 235.425 | N8: =+K8-M8 -> 13.298 | Q8: 구분 | S8: 계획 | T8: 실적 | U8: 계획대비 | V8: 전년 | W8: 전년대비
C9: 매출 | D9: 레미콘 | E9: =+'[1]4월'!$Z$8/1000 -> 27621.551 | F9: =+'[2]4월'!$Z$8/1000 -> 27522.435 | G9: =+F9-E9 -> -99.116007 | H9: =+'[3]4월'!$Z$8/1000 -> 27262.254 | I9: =+F9-H9 -> 260.18054 | J9: =+'[1]4월누계'!$Z$8/1000 -> 90924.329 | K9: =+'[2]4월누계'!$Z$8/1000 -> 88535.435 | L9: =+K9-J9 -> -2388.8946 | M9: =+'[3]4월누계'!$Z$8/1000 -> 92138.562 | N9: =+K9-M9 -> -3603.1271 | Q9: 물량 | R9: 수도권 | S9: =+[4]수도권!$T$5/1000 -> 107 | T9: =+[4]수도권!$U$5/1000 -> 114.6955 | U9: =+T9-S9 -> 7.6955 | V9: =+[5]수도권!$T$5/1000 -> 99.752 | W9: =+T9-V9 -> 14.9435
D10: 골재 | E10: =+'[1]4월'!$AE$8/1000 -> 1263.7214 | F10: =+'[2]4월'!$AN$8/1000 -> 1401.1751 | G10: =+F10-E10 -> 137.45375 | H10: =+'[3]4월'!$AN$8/1000 -> 1449.066 | I10: =+F10-H10 -> -47.8909 | J10: =+'[1]4월누계'!$AE$8/1000 -> 4932.0097 | K10: =+'[2]4월누계'!$AN$8/1000 -> 4940.8781 | L10: =+K10-J10 -> 8.8684321 | M10: =+'[3]4월누계'!$AN$8/1000 -> 5026.8145 | N10: =+K10-M10 -> -85.9364 | R10: 영남권 | S10: =+[4]영남권!$T$5/1000 -> 116 | T10: =+[4]영남권!$U$5/1000 -> 106.4505 | U10: =+T10-S10 -> -9.5495 | V10: =+[5]영남권!$T$5/1000 -> 119.871 | W10: =+T10-V10 -> -13.4205
D11: 기타 | E11: =+'[1]4월'!$E$8/1000-E9-E33-E10 -> 119.36667 | F11: =+('[2]4월'!$BJ$8+'[2]4월'!$BA$8+'[2]4월'!$AP$8+'[2]4월'!$AH$8)/1000 -> 56.508378 | G11: =+F11-E11 -> -62.858289 | H11: =+'[3]4월'!$F$8/1000-H9-H33-H10 -> 118.48886 | I11: =+F11-H11 -> -61.980486 | J11: =+'[1]4월누계'!$E$8/1000-J9-J33-J10 -> 485.26667 | K11: =+('[2]4월누계'!$BJ$8+'[2]4월누계'!$BA$8+'[2]4월누계'!$AP$8+'[2]4월누계'!$AH$8)/1000 -> 406.98072 | L11: =+K11-J11 -> -78.285946 | M11: =+'[3]4월누계'!$F$8/1000-M9-M33-M10 -> 591.32316 | N11: =+K11-M11 -> -184.34244 | R11: 중부권 | S11: =+[4]중부권!$T$5/1000 -> 49 | T11: =+[4]중부권!$U$5/1000 -> 51.802 | U11: =+T11-S11 -> 2.802 | V11: =+[5]중부권!$T$5/1000 -> 57.23 | W11: =+T11-V11 -> -5.428
C12: 계 | E12: =SUM(E9:E11) -> 29004.639 | F12: =SUM(F9:F11) -> 28980.118 | G12: =+F12-E12 -> -24.52055 | H12: =SUM(H9:H11) -> 28829.809 | I12: =+F12-H12 -> 150.30915 | J12: =SUM(J9:J11) -> 96341.605 | K12: =SUM(K9:K11) -> 93883.293 | L12: =+K12-J12 -> -2458.3121 | M12: =SUM(M9:M11) -> 97756.699 | N12: =+K12-M12 -> -3873.4059 | Q12: 계 | S12: =SUM(S9:S11) -> 272 | T12: =SUM(T9:T11) -> 272.948 | U12: =+T12-S12 -> 0.948 | V12: =SUM(V9:V11) -> 276.853 | W12: =+T12-V12 -> -3.905
C13: 매출원가 | D13: 레미콘 | E13: =+('[1]4월'!$Z$10+'[1]4월'!$Z$19)/1000 -> 24076.067 | F13: =+('[2]4월'!$Z$10+'[2]4월'!$Z$19)/1000 -> 25038.535 | G13: =+F13-E13 -> 962.46855 | H13: =+('[3]4월'!$Z$10+'[3]4월'!$Z$19)/1000 -> 24425.138 | I13: =+F13-H13 -> 613.39767 | J13: =+('[1]4월누계'!$Z$10+'[1]4월누계'!$Z$19)/1000 -> 83193.524 | K13: =+('[2]4월누계'!$Z$10+'[2]4월누계'!$Z$19)/1000 -> 82573.486 | L13: =+K13-J13 -> -620.03798 | M13: =+('[3]4월누계'!$Z$10+'[3]4월누계'!$Z$19)/1000 -> 84643.214 | N13: =+K13-M13 -> -2069.7275 | Q13: 판매단가 | R13: 수도권 | S13: =+[4]수도권!$T$61 -> 98524.097 | T13: =+[4]수도권!$U$61 -> 98815.723 | U13: =+T13-S13 -> 291.62623 | V13: =+[5]수도권!$Q$85 -> 96454.113 | W13: =+T13-V13 -> 2361.6094
D14: 골재 | E14: =+('[1]4월'!$AE$10+'[1]4월'!$AE$19)/1000 -> 1241.2551 | F14: =+('[2]4월'!$AN$10+'[2]4월'!$AN$19)/1000 -> 1462.1501 | G14: =+F14-E14 -> 220.89498 | H14: =+('[3]4월'!$AN$10+'[3]4월'!$AN$19)/1000 -> 1346.1014 | I14: =+F14-H14 -> 116.04864 | J14: =+('[1]4월누계'!$AE$10+'[1]4월누계'!$AE$19)/1000 -> 5011.8904 | K14: =+('[2]4월누계'!$AN$10+'[2]4월누계'!$AN$19)/1000 -> 5278.0794 | L14: =+K14-J14 -> 266.18899 | M14: =+('[3]4월누계'!$AN$10+'[3]4월누계'!$AN$19)/1000 -> 5287.1679 | N14: =+K14-M14 -> -9.088549 | R14: 영남권 | S14: =+[4]영남권!$T$61 -> 102882.75 | T14: =+[4]영남권!$U$61 -> 101778.55 | U14: =+T14-S14 -> -1104.2004 | V14: =+[5]영남권!$Q$85 -> 98385.129 | W14: =+T14-V14 -> 3393.4174
D15: 기타 | E15: =+('[1]4월'!$AL$10+'[1]4월'!$AL$19+'[1]4월'!$AV$10+'[1]4월'!$AV$19)/1000 -> 54.346293 | F15: =+('[2]4월'!$AH$10+'[2]4월'!$AH$19+'[2]4월'!$AP$10+'[2]4월'!$AP$19+'[2]4월'!$BA$10+'[2]4월'!$BA$19+'[2]4월'!$BJ$10+'[2]4월'!$BJ$19)/1000 -> 19.270152 | G15: =+F15-E15 -> -35.076141 | H15: =+('[3]4월'!$F$10+'[3]4월'!$F$19)/1000-H13-H14-('[3]4월'!$AO$10+'[3]4월'!$AO$19)/1000 -> 22.623855 | I15: =+F15-H15 -> -3.353703 | J15: =+('[1]4월누계'!$AL$10+'[1]4월누계'!$AL$19+'[1]4월누계'!$AV$10+'[1]4월누계'!$AV$19)/1000 -> -219.24914 | K15: =+('[2]4월누계'!$AH$10+'[2]4월누계'!$AH$19+'[2]4월누계'!$AP$10+'[2]4월누계'!$AP$19+'[2]4월누계'!$BA$10+'[2]4월누계'!$BA$19+'[2]4월누계'!$BJ$10+'[2]4월누계'!$BJ$19)/1000 -> -430.54186 | L15: =+K15-J15 -> -211.29272 | M15: =+('[3]4월누계'!$F$10+'[3]4월누계'!$F$19)/1000-M13-M14-('[3]4월누계'!$AO$10+'[3]4월누계'!$AO$19)/1000 -> 404.22394 | N15: =+K15-M15 -> -834.7658 | R15: 중부권 | S15: =+[4]중부권!$T$61 -> 105001.51 | T15: =+[4]중부권!$U$61 -> 103655.65 | U15: =+T15-S15 -> -1345.8529 | V15: =+[5]중부권!$Q$85 -> 102148.63 | W15: =+T15-V15 -> 1507.0236
C16: 계 | E16: =SUM(E13:E15) -> 25371.668 | F16: =SUM(F13:F15) -> 26519.956 | G16: =+F16-E16 -> 1148.2874 | H16: =SUM(H13:H15) -> 25793.863 | I16: =+F16-H16 -> 726.09261 | J16: =SUM(J13:J15) -> 87986.165 | K16: =SUM(K13:K15) -> 87421.024 | L16: =+K16-J16 -> -565.14171 | M16: =SUM(M13:M15) -> 90334.605 | N16: =+K16-M16 -> -2913.5818 | Q16: 계 | S16: =+[4]합계!$T$61 -> 101549.82 | T16: =+[4]합계!$U$61 -> 100907.33 | U16: =+T16-S16 -> -642.48832 | V16: =+[5]합계!$Q$85 -> 98470.346 | W16: =+T16-V16 -> 2436.9844
C17: 매출이익 | D17: 레미콘 | E17: =+E9-E13 -> 3545.484 | F17: =+F9-F13 -> 2483.8994 | G17: =+F17-E17 -> -1061.5846 | H17: =+H9-H13 -> 2837.1165 | I17: =+F17-H17 -> -353.21714 | J17: =+J9-J13 -> 7730.8051 | K17: =+K9-K13 -> 5961.9485 | L17: =+K17-J17 -> -1768.8566 | M17: =+M9-M13 -> 7495.3481 | N17: =+K17-M17 -> -1533.3996 | Q17: 공헌이익 | R17: 수도권 | S17: =+[4]수도권!$Q$90 -> 18719.086 | T17: =+[4]수도권!$R$90 -> 15872.128 | U17: =+T17-S17 -> -2846.9586 | V17: =+[5]수도권!$Q$90 -> 16372.588 | W17: =+T17-V17 -> -500.4606
D18: 골재 | E18: =+E10-E14 -> 22.466265 | F18: =+F10-F14 -> -60.974968 | G18: =+F18-E18 -> -83.441233 | H18: =+H10-H14 -> 102.96457 | I18: =+F18-H18 -> -163.93954 | J18: =+J10-J14 -> -79.880714 | K18: =+K10-K14 -> -337.20127 | L18: =+K18-J18 -> -257.32055 | M18: =+M10-M14 -> -260.35342 | N18: =+K18-M18 -> -76.847851 | R18: 영남권 | S18: =+[4]영남권!$Q$90 -> 24105.58 | T18: =+[4]영남권!$R$90 -> 20469.32 | U18: =+T18-S18 -> -3636.2605 | V18: =+[5]영남권!$Q$90 -> 19312.771 | W18: =+T18-V18 -> 1156.5488
D19: 기타 | E19: =+E11-E15 -> 65.020374 | F19: =+F11-F15 -> 37.238226 | G19: =+F19-E19 -> -27.782148 | H19: =+H11-H15 -> 95.865009 | I19: =+F19-H19 -> -58.626783 | J19: =+J11-J15 -> 704.51581 | K19: =+K11-K15 -> 837.52258 | L19: =+K19-J19 -> 133.00678 | M19: =+M11-M15 -> 187.09921 | N19: =+K19-M19 -> 650.42337 | R19: 중부권 | S19: =+[4]중부권!$Q$90 -> 26543.509 | T19: =+[4]중부권!$R$90 -> 21439.318 | U19: =+T19-S19 -> -5104.1912 | V19: =+[5]중부권!$Q$90 -> 24648.008 | W19: =+T19-V19 -> -3208.6898
C20: 계 | E20: =SUM(E17:E19) -> 3632.9706 | F20: =SUM(F17:F19) -> 2460.1626 | G20: =+F20-E20 -> -1172.8079 | H20: =SUM(H17:H19) -> 3035.9461 | I20: =+F20-H20 -> -575.78346 | J20: =SUM(J17:J19) -> 8355.4402 | K20: =SUM(K17:K19) -> 6462.2698 | L20: =+K20-J20 -> -1893.1704 | M20: =SUM(M17:M19) -> 7422.0939 | N20: =+K20-M20 -> -959.8241 | Q20: 계 | S20: =+[4]합계!$Q$90 -> 22425.814 | T20: =+[4]합계!$R$90 -> 18745.931 | U20: =+T20-S20 -> -3679.8837 | V20: =+[5]합계!$Q$90 -> 19361.122 | W20: =+T20-V20 -> -615.1909
C21: 판관비 | D21: 레미콘 | E21: =+('[1]4월'!$Z$13+'[1]4월'!$Z$20+'[1]4월'!$Z$22)/1000 -> 2328.7165 | F21: =+('[2]4월'!$Z$13+'[2]4월'!$Z$20+'[2]4월'!$Z$22)/1000 -> 2339.6024 | G21: =+F21-E21 -> 10.885864 | H21: =+('[3]4월'!$Z$13+'[3]4월'!$Z$20+'[3]4월'!$Z$22)/1000 -> 2326.3461 | I21: =+F21-H21 -> 13.256224 | J21: =+('[1]4월누계'!$Z$13+'[1]4월누계'!$Z$20+'[1]4월누계'!$Z$22)/1000 -> 8774.6158 | K21: =+('[2]4월누계'!$Z$13+'[2]4월누계'!$Z$20+'[2]4월누계'!$Z$22)/1000 -> 9044.6837 | L21: =+K21-J21 -> 270.06789 | M21: =+('[3]4월누계'!$Z$13+'[3]4월누계'!$Z$20+'[3]4월누계'!$Z$22)/1000 -> 8579.4127 | N21: =+K21-M21 -> 465.27107 | Q21: □ 골재
D22: 골재 | E22: =+('[1]4월'!$AE$13+'[1]4월'!$AE$20+'[1]4월'!$AE$22)/1000 -> 49.487315 | F22: =+('[2]4월'!$AN$13+'[2]4월'!$AN$20+'[2]4월'!$AN$22)/1000 -> 49.154012 | G22: =+F22-E22 -> -0.33330319 | H22: =+('[3]4월'!$AN$13+'[3]4월'!$AN$20+'[3]4월'!$AN$22)/1000 -> 45.658013 | I22: =+F22-H22 -> 3.495999 | J22: =+('[1]4월누계'!$AE$13+'[1]4월누계'!$AE$20+'[1]4월누계'!$AE$22)/1000 -> 202.39497 | K22: =+('[2]4월누계'!$AN$13+'[2]4월누계'!$AN$20+'[2]4월누계'!$AN$22)/1000 -> 204.99205 | L22: =+K22-J22 -> 2.597083 | M22: =+('[3]4월누계'!$AN$13+'[3]4월누계'!$AN$20+'[3]4월누계'!$AN$22)/1000 -> 187.38509 | N22: =+K22-M22 -> 17.606964 | Q22: 구분 | S22: 계획 | T22: 실적 | U22: 계획대비 | V22: 전년 | W22: 전년대비
D23: 기타 | E23: =+('[1]4월'!$AL$13+'[1]4월'!$AV$13+'[1]4월'!$AL$20+'[1]4월'!$AV$20+'[1]4월'!$AL$22+'[1]4월'!$AV$22)/1000 -> 81.055169 | F23: =+('[2]4월'!$F$13+'[2]4월'!$F$20+'[2]4월'!$F$22)/1000-F21-F22-('[2]4월'!$AO$13+'[2]4월'!$AO$20+'[2]4월'!$AO$22)/1000 -> 58.292378 | G23: =+F23-E23 -> -22.762791 | H23: =+('[3]4월'!$F$13+'[3]4월'!$F$20+'[3]4월'!$F$22)/1000-H21-H22-('[3]4월'!$AO$13+'[3]4월'!$AO$20+'[3]4월'!$AO$22)/1000 -> 56.121236 | I23: =+F23-H23 -> 2.171142 | J23: =+('[1]4월누계'!$AL$13+'[1]4월누계'!$AV$13+'[1]4월누계'!$AL$20+'[1]4월누계'!$AV$20+'[1]4월누계'!$AL$22+'[1]4월누계'!$AV$22)/1000 -> 238.20217 | K23: =+('[2]4월누계'!$F$13+'[2]4월누계'!$F$20+'[2]4월누계'!$F$22)/1000-K21-K22-('[2]4월누계'!$AO$13+'[2]4월누계'!$AO$20+'[2]4월누계'!$AO$22)/1000 -> 10.092244 | L23: =+K23-J23 -> -228.10993 | M23: =+('[3]4월누계'!$F$13+'[3]4월누계'!$F$20+'[3]4월누계'!$F$22)/1000-M21-M22-('[3]4월누계'!$AO$13+'[3]4월누계'!$AO$20+'[3]4월누계'!$AO$22)/1000 -> 1150.5075 | N23: =+K23-M23 -> -1140.4153 | Q23: 판매량 | R23: 자가 | S23: =+[6]원가손익!$W$10+[7]원가손익!$U$27+[8]손익!$F$10 -> 45808.284 | T23: =+[6]원가손익!$X$10+[7]원가손익!$V$27+[8]손익!$G$10 -> 50775 | U23: =+T23-S23 -> 4966.7156 | V23: =+[9]원가손익!$X$10+[10]원가손익!$V$27+[11]손익!$Y$25 -> 43755 | W23: =+T23-V23 -> 7020
C24: 계 | E24: =SUM(E21:E23) -> 2459.259 | F24: =SUM(F21:F23) -> 2447.0487 | G24: =+F24-E24 -> -12.21023 | H24: =SUM(H21:H23) -> 2428.1254 | I24: =+F24-H24 -> 18.923365 | J24: =SUM(J21:J23) -> 9215.213 | K24: =SUM(K21:K23) -> 9259.768 | L24: =+K24-J24 -> 44.555044 | M24: =SUM(M21:M23) -> 9917.3053 | N24: =+K24-M24 -> -657.53723 | R24: 외판 | S24: =+[6]원가손익!$W$14+[7]원가손익!$U$29+[8]손익!$F$12 -> 25160 | T24: =+[6]원가손익!$X$14+[7]원가손익!$V$29+[8]손익!$G$12 -> 20718 | U24: =+T24-S24 -> -4442 | V24: =+[9]원가손익!$X$14+[10]원가손익!$V$29+[11]손익!$Y$27 -> 24270 | W24: =+T24-V24 -> -3552
C25: 영업이익 | D25: 레미콘 | E25: =+E17-E21 -> 1216.7675 | F25: =+F17-F21 -> 144.29704 | G25: =+F25-E25 -> -1072.4704 | H25: =+H17-H21 -> 510.7704 | I25: =+F25-H25 -> -366.47336 | J25: =+J17-J21 -> -1043.8107 | K25: =+K17-K21 -> -3082.7352 | L25: =+K25-J25 -> -2038.9245 | M25: =+M17-M21 -> -1084.0645 | N25: =+K25-M25 -> -1998.6707 | Q25: 합 계 | S25: =SUM(S23:S24) -> 70968.284 | T25: =SUM(T23:T24) -> 71493 | U25: =+T25-S25 -> 524.71562 | V25: =SUM(V23:V24) -> 68025 | W25: =+T25-V25 -> 3468
D26: % | E26: =+E25/E9 -> 0.044051381 | F26: =+F25/F9 -> 0.0052428878 | G26: =+F26-E26 -> -0.038808493 | H26: =+H25/H9 -> 0.018735443 | I26: =+F26-H26 -> -0.013492555 | J26: =+J25/J9 -> -0.011479994 | K26: =+K25/K9 -> -0.034819225 | L26: =+K26-J26 -> -0.023339231 | M26: =+M25/M9 -> -0.01176559 | N26: =+K26-M26 -> -0.023053635 | Q26: □ 기타내역(영업이익)
D27: 골재 | E27: =+E18-E22 -> -27.021051 | F27: =+F18-F22 -> -110.12898 | G27: =+F27-E27 -> -83.10793 | H27: =+H18-H22 -> 57.306559 | I27: =+F27-H27 -> -167.43554 | J27: =+J18-J22 -> -282.27568 | K27: =+K18-K22 -> -542.19332 | L27: =+K27-J27 -> -259.91764 | M27: =+M18-M22 -> -447.7385 | N27: =+K27-M27 -> -94.454815 | Q27: 구분 | S27: 계획 | T27: 실적 | U27: 계획대비 | V27: 전년 | W27: 전년대비
D28: 기타 | E28: =+E19-E23 -> -16.034795 | F28: =+F19-F23 -> -21.054152 | G28: =+F28-E28 -> -5.0193567 | H28: =+H19-H23 -> 39.743773 | I28: =+F28-H28 -> -60.797925 | J28: =+J19-J23 -> 466.31364 | K28: =+K19-K23 -> 827.43034 | L28: =+K28-J28 -> 361.1167 | M28: =+M19-M23 -> -963.4083 | N28: =+K28-M28 -> 1790.8386 | Q28: 레미콘임대 | S28: =+'사업장별(당월)'!T32 -> 25.462031 | T28: =+'사업장별(당월)'!U32 -> 22.270322 | U28: =+T28-S28 -> -3.191709 | V28: =+'사업장별(당월)'!W32 -> 23.021931 | W28: =+T28-V28 -> -0.751609
C29: 계 | E29: =+E25+E27+E28 -> 1173.7116 | F29: =+F25+F27+F28 -> 13.113905 | G29: =+F29-E29 -> -1160.5977 | H29: =+H25+H27+H28 -> 607.82073 | I29: =+F29-H29 -> -594.70683 | J29: =+J25+J27+J28 -> -859.77277 | K29: =+K25+K27+K28 -> -2797.4982 | L29: =+K29-J29 -> -1937.7254 | M29: =+M25+M27+M28 -> -2495.2113 | N29: =+K29-M29 -> -302.28687 | Q29: 임대 | S29: =+'사업장별(당월)'!T33 -> 72.847673 | T29: =+'사업장별(당월)'!U33 -> 4.334114 | U29: =+T29-S29 -> -68.513559 | V29: =+'사업장별(당월)'!W33 -> 63.367074 | W29: =+T29-V29 -> -59.03296
D30: % | E30: =+E29/E12 -> 0.040466341 | F30: =+F29/F12 -> 0.00045251385 | G30: =+F30-E30 -> -0.040013828 | H30: =+H29/H12 -> 0.021083065 | I30: =+F30-H30 -> -0.020630551 | J30: =+J29/J12 -> -0.0089242105 | K30: =+K29/K12 -> -0.029797615 | L30: =+K30-J30 -> -0.020873404 | M30: =+M29/M12 -> -0.025524709 | N30: =+K30-M30 -> -0.0042729053 | Q30: 공통비 | S30: =+'사업장별(당월)'!T34 -> -1643.534 | T30: =+'사업장별(당월)'!U34 -> -1645.635 | U30: =+T30-S30 -> -2.101069 | V30: =+'사업장별(당월)'!W34 -> -1654.8985 | W30: =+T30-V30 -> 9.263444
C31: * 건자재 | Q31: 기타 | S31: =+S32-S28-S29-S30 -> -114.3445 | T31: =+T32-T28-T29-T30 -> -47.658588 | U31: =+T31-S31 -> 66.685911 | V31: =+V32-V28-V29-V30 -> -46.645232 | W31: =+T31-V31 -> -1.013356
C32: 물량 | E32: =+IFERROR(HLOOKUP($E$5,[12]손익!$G$5:$AI$54,2,),) -> 9400 | F32: =+'[2]4월'!$AO$7 -> 3426.716 | G32: =+F32-E32 -> -5973.284 | H32: =+'[3]4월'!$AO$7 -> 11123.665 | I32: =+F32-H32 -> -7696.949 | J32: =+'[1]4월누계'!$AA$7 -> 32900 | K32: =+'[2]4월누계'!$AO$7 -> 17304.954 | L32: =+K32-J32 -> -15595.046 | M32: =+'[3]4월누계'!$AO$7 -> 45346.46 | N32: =+K32-M32 -> -28041.506 | Q32: 합계 | S32: =+'사업장별(당월)'!T40 -> -1659.5688 | T32: =+'사업장별(당월)'!U40 -> -1666.6892 | U32: =+T32-S32 -> -7.1204256 | V32: =+'사업장별(당월)'!W40 -> -1615.1547 | W32: =+T32-V32 -> -51.534481
C33: 매출 | E33: =+IFERROR(HLOOKUP($E$5,[12]손익!$G$5:$AI$54,3,),)/1000 -> 9270.2921 | F33: =+'[2]4월'!$AO$8/1000 -> 4012.7001 | G33: =+F33-E33 -> -5257.592 | H33: =+'[3]4월'!$AO$8/1000 -> 10147.504 | I33: =+F33-H33 -> -6134.8041 | J33: =+'[1]4월누계'!$AA$8/1000 -> 31857.361 | K33: =+'[2]4월누계'!$AO$8/1000 -> 18007.082 | L33: =+K33-J33 -> -13850.28 | M33: =+'[3]4월누계'!$AO$8/1000 -> 38439.848 | N33: =+K33-M33 -> -20432.766
C34: 매출이익 | E34: =+IFERROR(HLOOKUP($E$5,[12]손익!$G$5:$AI$54,7,),)/1000 -> 222.93703 | F34: =+'[2]4월'!$AO$12/1000 -> 113.28871 | G34: =+F34-E34 -> -109.64832 | H34: =+'[3]4월'!$AO$12/1000 -> 167.74386 | I34: =+F34-H34 -> -54.455144 | J34: =+'[1]4월누계'!$AA$12/1000 -> 705.68334 | K34: =+'[2]4월누계'!$AO$12/1000 -> 445.18366 | L34: =+K34-J34 -> -260.49967 | M34: =+'[3]4월누계'!$AO$12/1000 -> 500.15996 | N34: =+K34-M34 -> -54.976294 | Q34: □ 건자재
C35: (%) | E35: =+E34/E33 -> 0.024048544 | F35: =+F34/F33 -> 0.028232539 | G35: =+F35-E35 -> 0.0041839952 | H35: =+H34/H33 -> 0.016530553 | I35: =+I34/I33 -> 0.0088764276 | J35: =+J34/J33 -> 0.022151343 | K35: =+K34/K33 -> 0.024722699 | L35: =+K35-J35 -> 0.002571356 | M35: =+M34/M33 -> 0.013011497 | N35: =+K35-M35 -> 0.011711202 | Q35: 구분 | S35: 계획 | T35: 실적 | U35: 계획대비 | V35: 전년 | W35: 전년대비
C36: 영업이익 | E36: =+IFERROR(HLOOKUP($E$5,[12]손익!$G$5:$AI$54,20,),)/1000 -> 2.0257729 | F36: =+'[2]4월'!$AO$26/1000 -> -75.818011 | G36: =+F36-E36 -> -77.843784 | H36: =+'[3]4월'!$AO$26/1000 -> -0.271546 | I36: =+F36-H36 -> -75.546465 | J36: =+'[1]4월누계'!$AA$26/1000 -> -83.401738 | K36: =+'[2]4월누계'!$AO$26/1000 -> -173.31428 | L36: =+K36-J36 -> -89.912538 | M36: =+'[3]4월누계'!$AO$26/1000 -> -106.58293 | N36: =+K36-M36 -> -66.731344 | Q36: 철강재 판매단가 | S36: =+'[13]4월'!$F$10 -> 766053.19 | T36: =+'[13]4월'!$G$10 -> 844269.96 | U36: =+T36-S36 -> 78216.769 | V36: =+'[14]4월'!$G$10 -> 800210.93 | W36: =+T36-V36 -> 44059.028
C37: (%) | E37: =+E36/E33 -> 0.00021852309 | F37: =+F36/F33 -> -0.018894512 | G37: =+F37-E37 -> -0.019113035 | H37: =+H36/H33 -> -2.675988e-05 | I37: =+F37-H37 -> -0.018867752 | J37: =+J36/J33 -> -0.0026179738 | K37: =+K36/K33 -> -0.0096247841 | L37: =+K37-J37 -> -0.0070068103 | M37: =+M36/M33 -> -0.0027727199 | N37: =+K37-M37 -> -0.0068520642 | Q37: 철강재 마진률 | S37: =+'[13]4월'!$F$15 -> 0.020025275 | T37: =+'[13]4월'!$G$15 -> 0.029344534 | U37: =+T37-S37 -> 0.0093192589 | V37: =+'[14]4월'!$G$15 -> 0.014249312 | W37: =+T37-V37 -> 0.015095221
E39: =+'[1]4월'!$E$26/1000 -> 1175.7374 | F39: =+'[2]4월'!$F$26/1000 -> -62.704106 | H39: =+'[3]4월'!$F$26/1000 -> 607.54919 | J39: =+'[1]4월누계'!$E$26/1000 -> -943.17451 | K39: =+'[2]4월누계'!$F$26/1000 -> -2970.8125 | M39: =+'[3]4월누계'!$F$26/1000 -> -2601.7943
E40: =+(E29+E36)-E39 -> 3.4106051e-12 | F40: =+(F29+F36)-F39 -> 1.6342483e-13 | H40: =+(H29+H36)-H39 -> 3.9790393e-12 | J40: =+(J29+J36)-J39 -> -1.5347723e-11 | K40: =+(K29+K36)-K39 -> 1.2278178e-11 | M40: =+(M29+M36)-M39 -> -5.0022209e-12

Sheet 레미콘 영업이익
H3: □ 레미콘 영업이익(4월)
H5: 구분 | J5: 4월 | T5: 4월누계
J6: 영업이익(공통비 배부전) | O6: 영업이익(공통비 배부후) | T6: 영업이익(공통비 배부전) | Y6: 영업이익(공통비 배부전)
A7: 2024년 1월 마감 손익 | J7: 계획 | K7: 실적 | L7: 차이 | M7: 전년 | N7: 차이 | O7: 계획 | P7: 실적 | Q7: 차이 | R7: 전년 | S7: 차이 | T7: 계획 | U7: 실적 | V7: 차이 | W7: 전년 | X7: 차이 | Y7: 계획 | Z7: 실적 | AA7: 차이 | AB7: 전년 | AC7: 차이
B8: 안양 | H8: 레미콘 | I8: 안양 | J8: =+[4]안양!$H$86/1000 -> 492.29041 | K8: =+[4]안양!$I$86/1000 -> 358.71954 | L8: =+K8-J8 -> -133.57087 | M8: =+[5]안양!$H$86/1000 -> 321.01658 | N8: =+K8-M8 -> 37.70296 | O8: =+[4]안양!$H$92/1000 -> 264.60241 | P8: =+[4]안양!$I$92/1000 -> 119.45107 | Q8: =+P8-O8 -> -145.15134 | R8: =+[5]안양!$H$92/1000 -> 93.12533 | S8: =+P8-R8 -> 26.32574 | T8: =+[15]안양!$H$86/1000 -> 1177.9873 | U8: =+[15]안양!$I$86/1000 -> 1130.2213 | V8: =+U8-T8 -> -47.765941 | W8: =+[16]안양!$H$86/1000 -> 865.27363 | X8: =+U8-W8 -> 264.94771 | Y8: =+[15]안양!$H$92/1000 -> 314.75372 | Z8: =+[15]안양!$I$92/1000 -> 129.53938 | AA8: =+Z8-Y8 -> -185.21434 | AB8: =+[16]안양!$H$92/1000 -> 18.075364 | AC8: =+Z8-AB8 -> 111.46402
B9: 인천 | H9: 직영 | I9: 인천 | J9: =+[4]인천!$H$86/1000 -> 290.24791 | K9: =+[4]인천!$I$86/1000 -> 121.58991 | L9: =+K9-J9 -> -168.658 | M9: =+[5]인천!$H$86/1000 -> 222.53657 | N9: =+K9-M9 -> -100.94666 | O9: =+[4]인천!$H$92/1000 -> 87.210876 | P9: =+[4]인천!$I$92/1000 -> -84.650801 | Q9: =+P9-O9 -> -171.86168 | R9: =+[5]인천!$H$92/1000 -> 25.466828 | S9: =+P9-R9 -> -110.11763 | T9: =+[15]인천!$H$86/1000 -> 458.58091 | U9: =+[15]인천!$I$86/1000 -> 47.265004 | V9: =+U9-T9 -> -411.3159 | W9: =+[16]인천!$H$86/1000 -> 143.88325 | X9: =+U9-W9 -> -96.618244 | Y9: =+[15]인천!$H$92/1000 -> -298.43559 | Z9: =+[15]인천!$I$92/1000 -> -705.61162 | AA9: =+Z9-Y9 -> -407.17603 | AB9: =+[16]인천!$H$92/1000 -> -477.46227 | AC9: =+Z9-AB9 -> -228.14935
B10: 파주 | I10: 파주 | J10: =+[4]파주!$H$86/1000 -> 74.264373 | K10: =+[4]파주!$I$86/1000 -> 129.07579 | L10: =+K10-J10 -> 54.81142 | M10: =+[5]파주!$H$86/1000 -> -15.154132 | N10: =+K10-M10 -> 144.22993 | O10: =+[4]파주!$H$92/1000 -> -23.246892 | P10: =+[4]파주!$I$92/1000 -> 14.777372 | Q10: =+P10-O10 -> 38.024264 | R10: =+[5]파주!$H$92/1000 -> -90.483073 | S10: =+P10-R10 -> 105.26044 | T10: =+[15]파주!$H$86/1000 -> -113.85017 | U10: =+[15]파주!$I$86/1000 -> -215.00812 | V10: =+U10-T10 -> -101.15795 | W10: =+[16]파주!$H$86/1000 -> -312.75035 | X10: =+U10-W10 -> 97.742226 | Y10: =+[15]파주!$H$92/1000 -> -426.82499 | Z10: =+[15]파주!$I$92/1000 -> -523.85204 | AA10: =+Z10-Y10 -> -97.027055 | AB10: =+[16]파주!$H$92/1000 -> -565.26699 | AC10: =+Z10-AB10 -> 41.414944
B11: 김포 | I11: 김포 | J11: =+[4]김포!$H$86/1000 -> 92.029372 | K11: =+[4]김포!$I$86/1000 -> 110.17716 | L11: =+K11-J11 -> 18.147787 | M11: =+[5]김포!$H$86/1000 -> 64.83259 | N11: =+K11-M11 -> 45.344569 | O11: =+[4]김포!$H$92/1000 -> 7.6733731 | P11: =+[4]김포!$I$92/1000 -> 8.3064531 | Q11: =+P11-O11 -> 0.63308 | R11: =+[5]김포!$H$92/1000 -> -5.310725 | S11: =+P11-R11 -> 13.617178 | T11: =+[15]김포!$H$86/1000 -> 35.074517 | U11: =+[15]김포!$I$86/1000 -> -93.164257 | V11: =+U11-T11 -> -128.23877 | W11: =+[16]김포!$H$86/1000 -> -50.511174 | X11: =+U11-W11 -> -42.653083 | Y11: =+[15]김포!$H$92/1000 -> -240.6616 | Z11: =+[15]김포!$I$92/1000 -> -387.76216 | AA11: =+Z11-Y11 -> -147.10056 | AB11: =+[16]김포!$H$92/1000 -> -264.77053 | AC11: =+Z11-AB11 -> -122.99163
B12: 부산 | I12: 부산 | J12: =+[4]부산!$H$86/1000 -> 229.16261 | K12: =+[4]부산!$I$86/1000 -> 200.10526 | L12: =+K12-J12 -> -29.057352 | M12: =+[5]부산!$H$86/1000 -> 112.51179 | N12: =+K12-M12 -> 87.593469 | O12: =+[4]부산!$H$92/1000 -> 96.313095 | P12: =+[4]부산!$I$92/1000 -> 52.00417 | Q12: =+P12-O12 -> -44.308925 | R12: =+[5]부산!$H$92/1000 -> -21.087948 | S12: =+P12-R12 -> 73.092118 | T12: =+[15]부산!$H$86/1000 -> 642.36279 | U12: =+[15]부산!$I$86/1000 -> 1003.604 | V12: =+U12-T12 -> 361.2412 | W12: =+[16]부산!$H$86/1000 -> 676.07838 | X12: =+U12-W12 -> 327.52561 | Y12: =+[15]부산!$H$92/1000 -> 82.293803 | Z12: =+[15]부산!$I$92/1000 -> 276.71733 | AA12: =+Z12-Y12 -> 194.42353 | AB12: =+[16]부산!$H$92/1000 -> 158.47277 | AC12: =+Z12-AB12 -> 118.24457
B13: 서부산 | I13: 서부산 | J13: =+[4]서부산!$H$86/1000 -> 350.38968 | K13: =+[4]서부산!$I$86/1000 -> 165.79219 | L13: =+K13-J13 -> -184.59749 | M13: =+[5]서부산!$H$86/1000 -> 155.86617 | N13: =+K13-M13 -> 9.926026 | O13: =+[4]서부산!$H$92/1000 -> 216.43259 | P13: =+[4]서부산!$I$92/1000 -> 27.845856 | Q13: =+P13-O13 -> -188.58673 | R13: =+[5]서부산!$H$92/1000 -> 37.372246 | S13: =+P13-R13 -> -9.5263892 | T13: =+[15]서부산!$H$86/1000 -> 910.42828 | U13: =+[15]서부산!$I$86/1000 -> 554.00182 | V13: =+U13-T13 -> -356.42646 | W13: =+[16]서부산!$H$86/1000 -> 414.88535 | X13: =+U13-W13 -> 139.11648 | Y13: =+[15]서부산!$H$92/1000 -> 379.12548 | Z13: =+[15]서부산!$I$92/1000 -> 43.590912 | AA13: =+Z13-Y13 -> -335.53457 | AB13: =+[16]서부산!$H$92/1000 -> -14.663704 | AC13: =+Z13-AB13 -> 58.254617
B14: 김해 | I14: 김해 | J14: =+[4]김해!$H$86/1000 -> 79.709608 | K14: =+[4]김해!$I$86/1000 -> -7.402545 | L14: =+K14-J14 -> -87.112153 | M14: =+[5]김해!$H$86/1000 -> -22.904841 | N14: =+K14-M14 -> 15.502296 | O14: =+[4]김해!$H$92/1000 -> 17.583949 | P14: =+[4]김해!$I$92/1000 -> -46.057923 | Q14: =+P14-O14 -> -63.641873 | R14: =+[5]김해!$H$92/1000 -> -87.332458 | S14: =+P14-R14 -> 41.274535 | T14: =+[15]김해!$H$86/1000 -> 74.222074 | U14: =+[15]김해!$I$86/1000 -> -125.69932 | V14: =+U14-T14 -> -199.9214 | W14: =+[16]김해!$H$86/1000 -> -105.52443 | X14: =+U14-W14 -> -20.174892 | Y14: =+[15]김해!$H$92/1000 -> -148.45447 | Z14: =+[15]김해!$I$92/1000 -> -293.76238 | AA14: =+Z14-Y14 -> -145.30791 | AB14: =+[16]김해!$H$92/1000 -> -305.45462 | AC14: =+Z14-AB14 -> 11.692242
B15: 정관 | I15: 정관 | J15: =+[4]정관!$H$86/1000 -> 322.85639 | K15: =+[4]정관!$I$86/1000 -> 160.08659 | L15: =+K15-J15 -> -162.7698 | M15: =+[5]정관!$H$86/1000 -> 280.09121 | N15: =+K15-M15 -> -120.00463 | O15: =+[4]정관!$H$92/1000 -> 179.6834 | P15: =+[4]정관!$I$92/1000 -> 43.877797 | Q15: =+P15-O15 -> -135.8056 | R15: =+[5]정관!$H$92/1000 -> 126.85838 | S15: =+P15-R15 -> -82.980581 | T15: =+[15]정관!$H$86/1000 -> 699.57932 | U15: =+[15]정관!$I$86/1000 -> 116.17425 | V15: =+U15-T15 -> -583.40507 | W15: =+[16]정관!$H$86/1000 -> 647.1619 | X15: =+U15-W15 -> -530.98765 | Y15: =+[15]정관!$H$92/1000 -> 127.73051 | Z15: =+[15]정관!$I$92/1000 -> -276.72599 | AA15: =+Z15-Y15 -> -404.4565 | AB15: =+[16]정관!$H$92/1000 -> 114.93199 | AC15: =+Z15-AB15 -> -391.65798
B16: 양산 | I16: 양산 | J16: =+[4]양산!$H$86/1000 -> 116.98911 | K16: =+[4]양산!$I$86/1000 -> 18.913598 | L16: =+K16-J16 -> -98.075508 | M16: =+[5]양산!$H$86/1000 -> -26.417206 | N16: =+K16-M16 -> 45.330804 | O16: =+[4]양산!$H$92/1000 -> 55.15985 | P16: =+[4]양산!$I$92/1000 -> -24.986757 | Q16: =+P16-O16 -> -80.146606 | R16: =+[5]양산!$H$92/1000 -> -62.652885 | S16: =+P16-R16 -> 37.666128 | T16: =+[15]양산!$H$86/1000 -> 103.39075 | U16: =+[15]양산!$I$86/1000 -> -65.455742 | V16: =+U16-T16 -> -168.84649 | W16: =+[16]양산!$H$86/1000 -> 20.936167 | X16: =+U16-W16 -> -86.391909 | Y16: =+[15]양산!$H$92/1000 -> -102.46433 | Z16: =+[15]양산!$I$92/1000 -> -213.02398 | AA16: =+Z16-Y16 -> -110.55965 | AB16: =+[16]양산!$H$92/1000 -> -164.19528 | AC16: =+Z16-AB16 -> -48.828695
B17: 창원 | I17: 창원 | J17: =+[4]창원!$H$86/1000 -> 98.886576 | K17: =+[4]창원!$I$86/1000 -> 73.953798 | L17: =+K17-J17 -> -24.932778 | M17: =+[5]창원!$H$86/1000 -> 126.42044 | N17: =+K17-M17 -> -52.466639 | O17: =+[4]창원!$H$92/1000 -> 21.242037 | P17: =+[4]창원!$I$92/1000 -> 6.9318965 | Q17: =+P17-O17 -> -14.31014 | R17: =+[5]창원!$H$92/1000 -> 51.247643 | S17: =+P17-R17 -> -44.315746 | T17: =+[15]창원!$H$86/1000 -> 110.51912 | U17: =+[15]창원!$I$86/1000 -> 82.022063 | V17: =+U17-T17 -> -28.497058 | W17: =+[16]창원!$H$86/1000 -> 332.12888 | X17: =+U17-W17 -> -250.10682 | Y17: =+[15]창원!$H$92/1000 -> -168.50854 | Z17: =+[15]창원!$I$92/1000 -> -185.186 | AA17: =+Z17-Y17 -> -16.677462 | AB17: =+[16]창원!$H$92/1000 -> 46.431076 | AC17: =+Z17-AB17 -> -231.61707
B18: 대구 | I18: 대구 | J18: =+[4]대구!$H$86/1000 -> 19.577609 | K18: =+[4]대구!$I$86/1000 -> -79.863768 | L18: =+K18-J18 -> -99.441377 | M18: =+[5]대구!$H$86/1000 -> 50.698716 | N18: =+K18-M18 -> -130.56248 | O18: =+[4]대구!$H$92/1000 -> -27.488533 | P18: =+[4]대구!$I$92/1000 -> -107.28071 | Q18: =+P18-O18 -> -79.792172 | R18: =+[5]대구!$H$92/1000 -> -15.464187 | S18: =+P18-R18 -> -91.816519 | T18: =+[15]대구!$H$86/1000 -> -85.566447 | U18: =+[15]대구!$I$86/1000 -> -368.22257 | V18: =+U18-T18 -> -282.65613 | W18: =+[16]대구!$H$86/1000 -> 61.16904 | X18: =+U18-W18 -> -429.39161 | Y18: =+[15]대구!$H$92/1000 -> -267.68118 | Z18: =+[15]대구!$I$92/1000 -> -470.77233 | AA18: =+Z18-Y18 -> -203.09114 | AB18: =+[16]대구!$H$92/1000 -> -199.82177 | AC18: =+Z18-AB18 -> -270.95056
B19: 울산 | I19: 울산 | J19: =+[4]울산!$H$86/1000 -> 94.836244 | K19: =+[4]울산!$I$86/1000 -> 114.37949 | L19: =+K19-J19 -> 19.543248 | M19: =+[5]울산!$H$86/1000 -> 174.90096 | N19: =+K19-M19 -> -60.521464 | O19: =+[4]울산!$H$92/1000 -> 21.51616 | P19: =+[4]울산!$I$92/1000 -> 23.572614 | Q19: =+P19-O19 -> 2.0564541 | R19: =+[5]울산!$H$92/1000 -> 84.876796 | S19: =+P19-R19 -> -61.304182 | T19: =+[15]울산!$H$86/1000 -> 49.217038 | U19: =+[15]울산!$I$86/1000 -> 305.0153 | V19: =+U19-T19 -> 255.79826 | W19: =+[16]울산!$H$86/1000 -> 419.25622 | X19: =+U19-W19 -> -114.24092 | Y19: =+[15]울산!$H$92/1000 -> -203.19508 | Z19: =+[15]울산!$I$92/1000 -> -54.403005 | AA19: =+Z19-Y19 -> 148.79208 | AB19: =+[16]울산!$H$92/1000 -> 104.82036 | AC19: =+Z19-AB19 -> -159.22336
B20: 아산 | I20: 아산 | J20: =+[4]아산!$H$86/1000 -> 230.1545 | K20: =+[4]아산!$I$86/1000 -> 133.83138 | L20: =+K20-J20 -> -96.323125 | M20: =+[5]아산!$H$86/1000 -> 177.27361 | N20: =+K20-M20 -> -43.442233 | O20: =+[4]아산!$H$92/1000 -> 97.573624 | P20: =+[4]아산!$I$92/1000 -> -7.8511643 | Q20: =+P20-O20 -> -105.42479 | R20: =+[5]아산!$H$92/1000 -> 46.164839 | S20: =+P20-R20 -> -54.016003 | T20: =+[15]아산!$H$86/1000 -> 189.96502 | U20: =+[15]아산!$I$86/1000 -> 197.6079 | V20: =+U20-T20 -> 7.6428799 | W20: =+[16]아산!$H$86/1000 -> 357.75961 | X20: =+U20-W20 -> -160.15171 | Y20: =+[15]아산!$H$92/1000 -> -202.53093 | Z20: =+[15]아산!$I$92/1000 -> -327.99611 | AA20: =+Z20-Y20 -> -125.46518 | AB20: =+[16]아산!$H$92/1000 -> -150.25035 | AC20: =+Z20-AB20 -> -177.74576
B21: 전주 | I21: 전주 | J21: =+[4]전주!$H$86/1000 -> 129.22282 | K21: =+[4]전주!$I$86/1000 -> 61.431893 | L21: =+K21-J21 -> -67.790928 | M21: =+[5]전주!$H$86/1000 -> 227.34832 | N21: =+K21-M21 -> -165.91642 | O21: =+[4]전주!$H$92/1000 -> 64.113088 | P21: =+[4]전주!$I$92/1000 -> -15.366353 | Q21: =+P21-O21 -> -79.479441 | R21: =+[5]전주!$H$92/1000 -> 127.06563 | S21: =+P21-R21 -> -142.43198 | T21: =+[15]전주!$H$86/1000 -> 121.85629 | U21: =+[15]전주!$I$86/1000 -> 108.54904 | V21: =+U21-T21 -> -13.307244 | W21: =+[16]전주!$H$86/1000 -> 686.34032 | X21: =+U21-W21 -> -577.79127 | Y21: =+[15]전주!$H$92/1000 -> -80.949469 | Z21: =+[15]전주!$I$92/1000 -> -161.65745 | AA21: =+Z21-Y21 -> -80.707985 | AB21: =+[16]전주!$H$92/1000 -> 321.63721 | AC21: =+Z21-AB21 -> -483.29466
B22: 군산 | I22: 군산 | J22: =+[4]군산!$H$86/1000 -> 105.79383 | K22: =+[4]군산!$I$86/1000 -> 96.361313 | L22: =+K22-J22 -> -9.4325207 | M22: =+[5]군산!$H$86/1000 -> 173.95167 | N22: =+K22-M22 -> -77.590357 | O22: =+[4]군산!$H$92/1000 -> 73.228025 | P22: =+[4]군산!$I$92/1000 -> 63.160553 | Q22: =+P22-O22 -> -10.067472 | R22: =+[5]군산!$H$92/1000 -> 129.41627 | S22: =+P22-R22 -> -66.25572 | T22: =+[15]군산!$H$86/1000 -> 198.73914 | U22: =+[15]군산!$I$86/1000 -> 168.4954 | V22: =+U22-T22 -> -30.243744 | W22: =+[16]군산!$H$86/1000 -> 373.7742 | X22: =+U22-W22 -> -205.27881 | Y22: =+[15]군산!$H$92/1000 -> 96.204018 | Z22: =+[15]군산!$I$92/1000 -> 67.980951 | AA22: =+Z22-Y22 -> -28.223066 | AB22: =+[16]군산!$H$92/1000 -> 247.28632 | AC22: =+Z22-AB22 -> -179.30537
B23: 원주 | I23: 원주 | J23: =+[4]원주!$H$86/1000 -> 68.337597 | K23: =+[4]원주!$I$86/1000 -> 103.45074 | L23: =+K23-J23 -> 35.113145 | M23: =+[5]원주!$H$86/1000 -> 14.251573 | N23: =+K23-M23 -> 89.199169 | O23: =+[4]원주!$H$92/1000 -> 42.388356 | P23: =+[4]원주!$I$92/1000 -> 72.597246 | Q23: =+P23-O23 -> 30.20889 | R23: =+[5]원주!$H$92/1000 -> -2.9603054 | S23: =+P23-R23 -> 75.557551 | T23: =+[15]원주!$H$86/1000 -> 177.06889 | U23: =+[15]원주!$I$86/1000 -> 179.33825 | V23: =+U23-T23 -> 2.2693616 | W23: =+[16]원주!$H$86/1000 -> -61.959749 | X23: =+U23-W23 -> 241.298 | Y23: =+[15]원주!$H$92/1000 -> 74.493354 | Z23: =+[15]원주!$I$92/1000 -> 86.653014 | AA23: =+Z23-Y23 -> 12.15966 | AB23: =+[16]원주!$H$92/1000 -> -121.0319 | AC23: =+Z23-AB23 -> 207.68491
B24: 제주 | I24: 제주 | J24: =+[4]제주!$H$86/1000 -> 65.55279 | K24: =+[4]제주!$I$86/1000 -> 29.329734 | L24: =+K24-J24 -> -36.223056 | M24: =+[5]제주!$H$86/1000 -> 128.44487 | N24: =+K24-M24 -> -99.115137 | O24: =+[4]제주!$H$92/1000 -> 22.782055 | P24: =+[4]제주!$I$92/1000 -> -2.0342868 | Q24: =+P24-O24 -> -24.816342 | R24: =+[5]제주!$H$92/1000 -> 74.468017 | S24: =+P24-R24 -> -76.502303 | T24: =+[15]제주!$H$86/1000 -> 207.57528 | U24: =+[15]제주!$I$86/1000 -> 46.803205 | V24: =+U24-T24 -> -160.77208 | W24: =+[16]제주!$H$86/1000 -> 355.76526 | X24: =+U24-W24 -> -308.96206 | Y24: =+[15]제주!$H$92/1000 -> 21.294573 | Z24: =+[15]제주!$I$92/1000 -> -86.463755 | AA24: =+Z24-Y24 -> -107.75833 | AB24: =+[16]제주!$H$92/1000 -> 167.19777 | AC24: =+Z24-AB24 -> -253.66153
I25: 수도권 | J25: =SUM(J8:J11) -> 948.83207 | K25: =SUM(K8:K11) -> 719.5624 | L25: =+K25-J25 -> -229.26967 | M25: =SUM(M8:M11) -> 593.23161 | N25: =+K25-M25 -> 126.33079 | O25: =SUM(O8:O11) -> 336.23977 | P25: =SUM(P8:P11) -> 57.884094 | Q25: =+P25-O25 -> -278.35568 | R25: =SUM(R8:R11) -> 22.798359 | S25: =+P25-R25 -> 35.085735 | T25: =SUM(T8:T11) -> 1557.7925 | U25: =SUM(U8:U11) -> 869.31396 | V25: =+U25-T25 -> -688.47857 | W25: =SUM(W8:W11) -> 645.89535 | X25: =+U25-W25 -> 223.41861 | Y25: =SUM(Y8:Y11) -> -651.16846 | Z25: =SUM(Z8:Z11) -> -1487.6864 | AA25: =+Z25-Y25 -> -836.51799 | AB25: =SUM(AB8:AB11) -> -1289.4244 | AC25: =+Z25-AB25 -> -198.26203
I26: 영남권 | J26: =SUM(J12:J19) -> 1312.4078 | K26: =SUM(K12:K19) -> 645.96462 | L26: =+K26-J26 -> -666.44321 | M26: =SUM(M12:M19) -> 851.16723 | N26: =+K26-M26 -> -205.20262 | O26: =SUM(O12:O19) -> 580.44254 | P26: =SUM(P12:P19) -> -24.093052 | Q26: =+P26-O26 -> -604.5356 | R26: =SUM(R12:R19) -> 113.81758 | S26: =+P26-R26 -> -137.91064 | T26: =SUM(T12:T19) -> 2504.1529 | U26: =SUM(U12:U19) -> 1501.4398 | V26: =+U26-T26 -> -1002.7131 | W26: =SUM(W12:W19) -> 2466.0915 | X26: =+U26-W26 -> -964.65172 | Y26: =SUM(Y12:Y19) -> -301.15381 | Z26: =SUM(Z12:Z19) -> -1173.5654 | AA26: =+Z26-Y26 -> -872.41162 | AB26: =SUM(AB12:AB19) -> -259.47918 | AC26: =+Z26-AB26 -> -914.08625
I27: 중부권 | J27: =SUM(J20:J24) -> 599.06154 | K27: =SUM(K20:K24) -> 424.40506 | L27: =+K27-J27 -> -174.65648 | M27: =SUM(M20:M24) -> 721.27004 | N27: =+K27-M27 -> -296.86498 | O27: =SUM(O20:O24) -> 300.08515 | P27: =SUM(P20:P24) -> 110.50599 | Q27: =+P27-O27 -> -189.57915 | R27: =SUM(R20:R24) -> 374.15445 | S27: =+P27-R27 -> -263.64846 | T27: =SUM(T20:T24) -> 895.20462 | U27: =SUM(U20:U24) -> 700.7938 | V27: =+U27-T27 -> -194.41082 | W27: =SUM(W20:W24) -> 1711.6796 | X27: =+U27-W27 -> -1010.8858 | Y27: =SUM(Y20:Y24) -> -91.488455 | Z27: =SUM(Z20:Z24) -> -421.48336 | AA27: =+Z27-Y27 -> -329.9949 | AB27: =SUM(AB20:AB24) -> 464.83905 | AC27: =+Z27-AB27 -> -886.32241
H28: 레미콘 계 | J28: =SUM(J25:J27) -> 2860.3014 | K28: =SUM(K25:K27) -> 1789.9321 | L28: =+K28-J28 -> -1070.3694 | M28: =SUM(M25:M27) -> 2165.6689 | N28: =+K28-M28 -> -375.73681 | O28: =SUM(O25:O27) -> 1216.7675 | P28: =SUM(P25:P27) -> 144.29704 | Q28: =+P28-O28 -> -1072.4704 | R28: =SUM(R25:R27) -> 510.7704 | S28: =+P28-R28 -> -366.47336 | T28: =SUM(T25:T27) -> 4957.1501 | U28: =SUM(U25:U27) -> 3071.5475 | V28: =+U28-T28 -> -1885.6025 | W28: =SUM(W25:W27) -> 4823.6665 | X28: =+U28-W28 -> -1752.119 | Y28: =SUM(Y25:Y27) -> -1043.8107 | Z28: =SUM(Z25:Z27) -> -3082.7352 | AA28: =+Z28-Y28 -> -2038.9245 | AB28: =SUM(AB25:AB27) -> -1084.0645 | AC28: =+Z28-AB28 -> -1998.6707

Sheet 사업장별(당월)
H3: □ 사업장별 손익실적(2026-04)
AG4: [단위 : 천㎥, 톤, 백만원]
H5: 구분 | J5: 물량 | O5: 매출 | T5: 영업이익(공통비 배부전) | Y5: 판매단가 | AB5: 변동비 | AE5: 공헌이익 | AI5: 판매비중
A6: 2024년 4월 마감 손익 | J6: 계획 | K6: 실적 | L6: 차이 | M6: 전년 | N6: 차이 | O6: 계획 | P6: 실적 | Q6: 차이 | R6: 전년 | S6: 차이 | T6: 계획 | U6: 실적 | V6: 차이 | W6: 전년 | X6: 차이 | Y6: 계획 | Z6: 실적 | AA6: 전년 | AB6: 계획 | AC6: 실적 | AD6: 전년 | AE6: 계획 | AF6: 실적 | AG6: 전년 | AI6: 공장명 | AJ6: 계획 | AK6: 추정 | AL6: 차이 | AO6: 전월 | AP6: 차이
B7: 안양 | G7: =+I7 -> 안양 | H7: 레미콘 | I7: 안양 | J7: =+IFERROR(HLOOKUP($B7,'[1]4월'!$D$6:$BN$259,2,),)/1000 -> 40 | K7: =+IFERROR(HLOOKUP($B7,'[2]4월'!$F$6:$CP$99,2,),)/1000 -> 42.104 | L7: =+K7-J7 -> 2.104 | M7: =+IFERROR(HLOOKUP($B7,'[3]4월'!$F$6:$CC$57,2,),)/1000 -> 40.25 | N7: =+K7-M7 -> 1.854 | O7: =+IFERROR(HLOOKUP($B7,'[1]4월'!$D$6:$BN$259,3,),)/1000 -> 3918.2744 | P7: =+IFERROR(HLOOKUP($B7,'[2]4월'!$F$6:$CP$99,3,),)/1000 -> 4092.8851 | Q7: =+P7-O7 -> 174.61068 | R7: =+IFERROR(HLOOKUP($B7,'[3]4월'!$F$6:$CC$57,3,),)/1000 -> 3841.7711 | S7: =+P7-R7 -> 251.11395 | T7: =+IFERROR(HLOOKUP($B7,'[1]4월'!$D$6:$BN$259,16,),)/1000 -> 492.29041 | U7: =+IFERROR(HLOOKUP($B7,'[2]4월'!$F$6:$CP$99,16,),)/1000 -> 358.71954 | V7: =+U7-T7 -> -133.57087 | W7: =+IFERROR(HLOOKUP($B7,'[3]4월'!$F$6:$CC$57,16,),)/1000 -> 321.01658 | X7: =+U7-W7 -> 37.70296 | Y7: =+[4]안양!$Q$85 -> 97956.859 | Z7: =+[4]안양!$R$85 -> 97182.938 | AA7: =+[5]안양!$Q$85 -> 95439.9 | AB7: =+[4]안양!$Q$89 -> 77811.025 | AC7: =+[4]안양!$R$89 -> 80916.611 | AD7: =+[5]안양!$Q$89 -> 79659.206 | AE7: =+Y7-AB7 -> 20145.835 | AF7: =+Z7-AC7 -> 16266.327 | AG7: =+AA7-AD7 -> 15780.694 | AI7: =+I7 -> 안양 | AJ7: =+J7/$J$27 -> 0.14705882 | AK7: =+K7/$K$27 -> 0.15425649 | AL7: =+AK7-AJ7 -> 0.0071976649 | AM7: =+Y7*AL7 -> 705.06065 | AO7: =+[17]안양!$T$5/[17]합계!$T$5 -> 0.17712998 | AP7: =+AK7-AO7 -> -0.022873491 | AQ7: =+[17]안양!$Q$85*AP7 -> -2275.9181
B8: 인천 | G8: =+I8 -> 인천 | H8: 직영 | I8: 인천 | J8: =+IFERROR(HLOOKUP($B8,'[1]4월'!$D$6:$BN$259,2,),)/1000 -> 35 | K8: =+IFERROR(HLOOKUP($B8,'[2]4월'!$F$6:$CP$99,2,),)/1000 -> 35.4185 | L8: =+K8-J8 -> 0.4185 | M8: =+IFERROR(HLOOKUP($B8,'[3]4월'!$F$6:$CC$57,2,),)/1000 -> 33.57 | N8: =+K8-M8 -> 1.8485 | O8: =+IFERROR(HLOOKUP($B8,'[1]4월'!$D$6:$BN$259,3,),)/1000 -> 3494.0569 | P8: =+IFERROR(HLOOKUP($B8,'[2]4월'!$F$6:$CP$99,3,),)/1000 -> 3527.9179 | Q8: =+P8-O8 -> 33.860949 | R8: =+IFERROR(HLOOKUP($B8,'[3]4월'!$F$6:$CC$57,3,),)/1000 -> 3322.1847 | S8: =+P8-R8 -> 205.73312 | T8: =+IFERROR(HLOOKUP($B8,'[1]4월'!$D$6:$BN$259,16,),)/1000 -> 290.24791 | U8: =+IFERROR(HLOOKUP($B8,'[2]4월'!$F$6:$CP$99,16,),)/1000 -> 121.58991 | V8: =+U8-T8 -> -168.658 | W8: =+IFERROR(HLOOKUP($B8,'[3]4월'!$F$6:$CC$57,16,),)/1000 -> 222.53657 | X8: =+U8-W8 -> -100.94666 | Y8: =+[4]인천!$Q$85 -> 99830.197 | Z8: =+[4]인천!$R$85 -> 99671.436 | AA8: =+[5]인천!$Q$85 -> 98978.103 | AB8: =+[4]인천!$Q$89 -> 82171.29 | AC8: =+[4]인천!$R$89 -> 86956.36 | AD8: =+[5]인천!$Q$89 -> 82750.98 | AE8: =+Y8-AB8 -> 17658.908 | AF8: =+Z8-AC8 -> 12715.076 | AG8: =+AA8-AD8 -> 16227.123 | AI8: =+I8 -> 인천 | AJ8: =+J8/$J$27 -> 0.12867647 | AK8: =+K8/$K$27 -> 0.12976281 | AL8: =+AK8-AJ8 -> 0.0010863414 | AM8: =+Y8*AL8 -> 108.44967 | AO8: =+[17]인천!$T$5/[17]합계!$T$5 -> 0.13298178 | AP8: =+AK8-AO8 -> -0.0032189697 | AQ8: =+[17]인천!$Q$85*AP8 -> -322.21321
B9: 파주 | G9: =+I9 -> 파주 | I9: 파주 | J9: =+IFERROR(HLOOKUP($B9,'[1]4월'!$D$6:$BN$259,2,),)/1000 -> 17 | K9: =+IFERROR(HLOOKUP($B9,'[2]4월'!$F$6:$CP$99,2,),)/1000 -> 19.506 | L9: =+K9-J9 -> 2.506 | M9: =+IFERROR(HLOOKUP($B9,'[3]4월'!$F$6:$CC$57,2,),)/1000 -> 13.605 | N9: =+K9-M9 -> 5.901 | O9: =+IFERROR(HLOOKUP($B9,'[1]4월'!$D$6:$BN$259,3,),)/1000 -> 1678.0678 | P9: =+IFERROR(HLOOKUP($B9,'[2]4월'!$F$6:$CP$99,3,),)/1000 -> 1955.169 | Q9: =+P9-O9 -> 277.10123 | R9: =+IFERROR(HLOOKUP($B9,'[3]4월'!$F$6:$CC$57,3,),)/1000 -> 1269.8888 | S9: =+P9-R9 -> 685.2802 | T9: =+IFERROR(HLOOKUP($B9,'[1]4월'!$D$6:$BN$259,16,),)/1000 -> 74.264373 | U9: =+IFERROR(HLOOKUP($B9,'[2]4월'!$F$6:$CP$99,16,),)/1000 -> 129.07579 | V9: =+U9-T9 -> 54.81142 | W9: =+IFERROR(HLOOKUP($B9,'[3]4월'!$F$6:$CC$57,16,),)/1000 -> -15.154132 | X9: =+U9-W9 -> 144.22993 | Y9: =+[4]파주!$Q$85 -> 98709.869 | Z9: =+[4]파주!$R$85 -> 100911.58 | AA9: =+[5]파주!$Q$85 -> 93525.185 | AB9: =+[4]파주!$Q$89 -> 81229.59 | AC9: =+[4]파주!$R$89 -> 81797.705 | AD9: =+[5]파주!$Q$89 -> 78035.926 | AE9: =+Y9-AB9 -> 17480.279 | AF9: =+Z9-AC9 -> 19113.875 | AG9: =+AA9-AD9 -> 15489.259 | AI9: =+I9 -> 파주 | AJ9: =+J9/$J$27 -> 0.0625 | AK9: =+K9/$K$27 -> 0.071464162 | AL9: =+AK9-AJ9 -> 0.0089641617 | AM9: =+Y9*AL9 -> 884.85122 | AO9: =+[17]파주!$T$5/[17]합계!$T$5 -> 0.047046085 | AP9: =+AK9-AO9 -> 0.024418077 | AQ9: =+[17]파주!$Q$85*AP9 -> 2389.5155
B10: 김포 | G10: =+I10 -> 김포 | I10: 김포 | J10: =+IFERROR(HLOOKUP($B10,'[1]4월'!$D$6:$BN$259,2,),)/1000 -> 15 | K10: =+IFERROR(HLOOKUP($B10,'[2]4월'!$F$6:$CP$99,2,),)/1000 -> 17.667 | L10: =+K10-J10 -> 2.667 | M10: =+IFERROR(HLOOKUP($B10,'[3]4월'!$F$6:$CC$57,2,),)/1000 -> 12.327 | N10: =+K10-M10 -> 5.34 | O10: =+IFERROR(HLOOKUP($B10,'[1]4월'!$D$6:$BN$259,3,),)/1000 -> 1451.6793 | P10: =+IFERROR(HLOOKUP($B10,'[2]4월'!$F$6:$CP$99,3,),)/1000 -> 1742.5827 | Q10: =+P10-O10 -> 290.90337 | R10: =+IFERROR(HLOOKUP($B10,'[3]4월'!$F$6:$CC$57,3,),)/1000 -> 1182.47 | S10: =+P10-R10 -> 560.11269 | T10: =+IFERROR(HLOOKUP($B10,'[1]4월'!$D$6:$BN$259,16,),)/1000 -> 92.029372 | U10: =+IFERROR(HLOOKUP($B10,'[2]4월'!$F$6:$CP$99,16,),)/1000 -> 110.17716 | V10: =+U10-T10 -> 18.147787 | W10: =+IFERROR(HLOOKUP($B10,'[3]4월'!$F$6:$CC$57,16,),)/1000 -> 64.83259 | X10: =+U10-W10 -> 45.344569 | Y10: =+[4]김포!$Q$85 -> 96778.619 | Z10: =+[4]김포!$R$85 -> 98832.579 | AA10: =+[5]김포!$Q$85 -> 96085.257 | AB10: =+[4]김포!$Q$89 -> 77986.462 | AC10: =+[4]김포!$R$89 -> 80880.656 | AD10: =+[5]김포!$Q$89 -> 76364.794 | AE10: =+Y10-AB10 -> 18792.158 | AF10: =+Z10-AC10 -> 17951.923 | AG10: =+AA10-AD10 -> 19720.464 | AI10: =+I10 -> 김포 | AJ10: =+J10/$J$27 -> 0.055147059 | AK10: =+K10/$K$27 -> 0.064726615 | AL10: =+AK10-AJ10 -> 0.0095795558 | AM10: =+Y10*AL10 -> 927.09618 | AO10: =+[17]김포!$T$5/[17]합계!$T$5 -> 0.059378371 | AP10: =+AK10-AO10 -> 0.005348244 | AQ10: =+[17]김포!$Q$85*AP10 -> 507.88659
B11: 부산 | G11: =+I11 -> 부산 | I11: 부산 | J11: =+IFERROR(HLOOKUP($B11,'[1]4월'!$D$6:$BN$259,2,),)/1000 -> 20 | K11: =+IFERROR(HLOOKUP($B11,'[2]4월'!$F$6:$CP$99,2,),)/1000 -> 20.768 | L11: =+K11-J11 -> 0.768 | M11: =+IFERROR(HLOOKUP($B11,'[3]4월'!$F$6:$CC$57,2,),)/1000 -> 20.499 | N11: =+K11-M11 -> 0.269 | O11: =+IFERROR(HLOOKUP($B11,'[1]4월'!$D$6:$BN$259,3,),)/1000 -> 2166.0578 | P11: =+IFERROR(HLOOKUP($B11,'[2]4월'!$F$6:$CP$99,3,),)/1000 -> 2394.694 | Q11: =+P11-O11 -> 228.63619 | R11: =+IFERROR(HLOOKUP($B11,'[3]4월'!$F$6:$CC$57,3,),)/1000 -> 2136.8245 | S11: =+P11-R11 -> 257.8695 | T11: =+IFERROR(HLOOKUP($B11,'[1]4월'!$D$6:$BN$259,16,),)/1000 -> 229.16261 | U11: =+IFERROR(HLOOKUP($B11,'[2]4월'!$F$6:$CP$99,16,),)/1000 -> 200.10526 | V11: =+U11-T11 -> -29.057352 | W11: =+IFERROR(HLOOKUP($B11,'[3]4월'!$F$6:$CC$57,16,),)/1000 -> 112.51179 | X11: =+U11-W11 -> 87.593469 | Y11: =+[4]부산!$Q$85 -> 108302.89 | Z11: =+[4]부산!$R$85 -> 115306.91 | AA11: =+[5]부산!$Q$85 -> 104240.43 | AB11: =+[4]부산!$Q$89 -> 83382.209 | AC11: =+[4]부산!$R$89 -> 91984.368 | AD11: =+[5]부산!$Q$89 -> 86169.896 | AE11: =+Y11-AB11 -> 24920.681 | AF11: =+Z11-AC11 -> 23322.546 | AG11: =+AA11-AD11 -> 18070.53 | AI11: =+I11 -> 부산 | AJ11: =+J11/$J$27 -> 0.073529412 | AK11: =+K11/$K$27 -> 0.076087753 | AL11: =+AK11-AJ11 -> 0.0025583412 | AM11: =+Y11*AL11 -> 277.07575 | AO11: =+[17]부산!$T$5/[17]합계!$T$5 -> 0.091225758 | AP11: =+AK11-AO11 -> -0.015138005 | AQ11: =+[17]부산!$Q$85*AP11 -> -1804.5497
B12: 서부산 | G12: =+I12 -> 서부산 | I12: 서부산 | J12: =+IFERROR(HLOOKUP($B12,'[1]4월'!$D$6:$BN$259,2,),)/1000 -> 21 | K12: =+IFERROR(HLOOKUP($B12,'[2]4월'!$F$6:$CP$99,2,),)/1000 -> 22.096 | L12: =+K12-J12 -> 1.096 | M12: =+IFERROR(HLOOKUP($B12,'[3]4월'!$F$6:$CC$57,2,),)/1000 -> 19.392 | N12: =+K12-M12 -> 2.704 | O12: =+IFERROR(HLOOKUP($B12,'[1]4월'!$D$6:$BN$259,3,),)/1000 -> 2184.1163 | P12: =+IFERROR(HLOOKUP($B12,'[2]4월'!$F$6:$CP$99,3,),)/1000 -> 2230.4985 | Q12: =+P12-O12 -> 46.382183 | R12: =+IFERROR(HLOOKUP($B12,'[3]4월'!$F$6:$CC$57,3,),)/1000 -> 1895.2186 | S12: =+P12-R12 -> 335.2799 | T12: =+IFERROR(HLOOKUP($B12,'[1]4월'!$D$6:$BN$259,16,),)/1000 -> 350.38968 | U12: =+IFERROR(HLOOKUP($B12,'[2]4월'!$F$6:$CP$99,16,),)/1000 -> 165.79219 | V12: =+U12-T12 -> -184.59749 | W12: =+IFERROR(HLOOKUP($B12,'[3]4월'!$F$6:$CC$57,16,),)/1000 -> 155.86617 | X12: =+U12-W12 -> 9.926026 | Y12: =+[4]서부산!$Q$85 -> 104005.54 | Z12: =+[4]서부산!$R$85 -> 100945.8 | AA12: =+[5]서부산!$Q$85 -> 97731.982 | AB12: =+[4]서부산!$Q$89 -> 76690.929 | AC12: =+[4]서부산!$R$89 -> 81435.024 | AD12: =+[5]서부산!$Q$89 -> 77327.458 | AE12: =+Y12-AB12 -> 27314.61 | AF12: =+Z12-AC12 -> 19510.78 | AG12: =+AA12-AD12 -> 20404.524 | AI12: =+I12 -> 서부산 | AJ12: =+J12/$J$27 -> 0.077205882 | AK12: =+K12/$K$27 -> 0.080953149 | AL12: =+AK12-AJ12 -> 0.0037472662 | AM12: =+Y12*AL12 -> 389.73644 | AO12: =+[17]서부산!$T$5/[17]합계!$T$5 -> 0.084170944 | AP12: =+AK12-AO12 -> -0.0032177953 | AQ12: =+[17]서부산!$Q$85*AP12 -> -329.73732
B13: 김해 | G13: =+I13 -> 김해 | I13: 김해 | J13: =+IFERROR(HLOOKUP($B13,'[1]4월'!$D$6:$BN$259,2,),)/1000 -> 10 | K13: =+IFERROR(HLOOKUP($B13,'[2]4월'!$F$6:$CP$99,2,),)/1000 -> 6.351 | L13: =+K13-J13 -> -3.649 | M13: =+IFERROR(HLOOKUP($B13,'[3]4월'!$F$6:$CC$57,2,),)/1000 -> 11.975 | N13: =+K13-M13 -> -5.624 | O13: =+IFERROR(HLOOKUP($B13,'[1]4월'!$D$6:$BN$259,3,),)/1000 -> 1012.9338 | P13: =+IFERROR(HLOOKUP($B13,'[2]4월'!$F$6:$CP$99,3,),)/1000 -> 625.0312 | Q13: =+P13-O13 -> -387.90261 | R13: =+IFERROR(HLOOKUP($B13,'[3]4월'!$F$6:$CC$57,3,),)/1000 -> 1030.4699 | S13: =+P13-R13 -> -405.4387 | T13: =+IFERROR(HLOOKUP($B13,'[1]4월'!$D$6:$BN$259,16,),)/1000 -> 79.709608 | U13: =+IFERROR(HLOOKUP($B13,'[2]4월'!$F$6:$CP$99,16,),)/1000 -> -7.402545 | V13: =+U13-T13 -> -87.112153 | W13: =+IFERROR(HLOOKUP($B13,'[3]4월'!$F$6:$CC$57,16,),)/1000 -> -22.904841 | X13: =+U13-W13 -> 15.502296 | Y13: =+[4]김해!$Q$85 -> 101293.38 | Z13: =+[4]김해!$R$85 -> 98414.612 | AA13: =+[5]김해!$Q$85 -> 86017.766 | AB13: =+[4]김해!$Q$89 -> 77893.197 | AC13: =+[4]김해!$R$89 -> 77229.786 | AD13: =+[5]김해!$Q$89 -> 75417.831 | AE13: =+Y13-AB13 -> 23400.184 | AF13: =+Z13-AC13 -> 21184.826 | AG13: =+AA13-AD13 -> 10599.936 | AI13: =+I13 -> 김해 | AJ13: =+J13/$J$27 -> 0.036764706 | AK13: =+K13/$K$27 -> 0.023268168 | AL13: =+AK13-AJ13 -> -0.013496538 | AM13: =+Y13*AL13 -> -1367.1099 | AO13: =+[17]김해!$T$5/[17]합계!$T$5 -> 0.030433067 | AP13: =+AK13-AO13 -> -0.0071648991 | AQ13: =+[17]김해!$Q$85*AP13 -> -716.40677
B14: 정관 | G14: =+I14 -> 정관 | I14: 정관 | J14: =+IFERROR(HLOOKUP($B14,'[1]4월'!$D$6:$BN$259,2,),)/1000 -> 22 | K14: =+IFERROR(HLOOKUP($B14,'[2]4월'!$F$6:$CP$99,2,),)/1000 -> 18.285 | L14: =+K14-J14 -> -3.715 | M14: =+IFERROR(HLOOKUP($B14,'[3]4월'!$F$6:$CC$57,2,),)/1000 -> 23.6285 | N14: =+K14-M14 -> -5.3435 | O14: =+IFERROR(HLOOKUP($B14,'[1]4월'!$D$6:$BN$259,3,),)/1000 -> 2334.3779 | P14: =+IFERROR(HLOOKUP($B14,'[2]4월'!$F$6:$CP$99,3,),)/1000 -> 1879.0172 | Q14: =+P14-O14 -> -455.36065 | R14: =+IFERROR(HLOOKUP($B14,'[3]4월'!$F$6:$CC$57,3,),)/1000 -> 2450.8407 | S14: =+P14-R14 -> -571.8235 | T14: =+IFERROR(HLOOKUP($B14,'[1]4월'!$D$6:$BN$259,16,),)/1000 -> 322.85639 | U14: =+IFERROR(HLOOKUP($B14,'[2]4월'!$F$6:$CP$99,16,),)/1000 -> 160.08659 | V14: =+U14-T14 -> -162.7698 | W14: =+IFERROR(HLOOKUP($B14,'[3]4월'!$F$6:$CC$57,16,),)/1000 -> 280.09121 | X14: =+U14-W14 -> -120.00463 | Y14: =+[4]정관!$Q$85 -> 106108.08 | Z14: =+[4]정관!$R$85 -> 102762.77 | AA14: =+[5]정관!$Q$85 -> 103723.92 | AB14: =+[4]정관!$Q$89 -> 80924.319 | AC14: =+[4]정관!$R$89 -> 81626.34 | AD14: =+[5]정관!$Q$89 -> 83859.793 | AE14: =+Y14-AB14 -> 25183.765 | AF14: =+Z14-AC14 -> 21136.427 | AG14: =+AA14-AD14 -> 19864.129 | AI14: =+I14 -> 정관 | AJ14: =+J14/$J$27 -> 0.080882353 | AK14: =+K14/$K$27 -> 0.066990782 | AL14: =+AK14-AJ14 -> -0.013891571 | AM14: =+Y14*AL14 -> -1474.008 | AO14: =+[17]정관!$T$5/[17]합계!$T$5 -> 0.054151261 | AP14: =+AK14-AO14 -> 0.012839521 | AQ14: =+[17]정관!$Q$85*AP14 -> 1385.6376
B15: 양산 | G15: =+I15 -> 양산 | I15: 양산 | J15: =+IFERROR(HLOOKUP($B15,'[1]4월'!$D$6:$BN$259,2,),)/1000 -> 10 | K15: =+IFERROR(HLOOKUP($B15,'[2]4월'!$F$6:$CP$99,2,),)/1000 -> 7.209 | L15: =+K15-J15 -> -2.791 | M15: =+IFERROR(HLOOKUP($B15,'[3]4월'!$F$6:$CC$57,2,),)/1000 -> 6.277 | N15: =+K15-M15 -> 0.932 | O15: =+IFERROR(HLOOKUP($B15,'[1]4월'!$D$6:$BN$259,3,),)/1000 -> 1008.1011 | P15: =+IFERROR(HLOOKUP($B15,'[2]4월'!$F$6:$CP$99,3,),)/1000 -> 709.8389 | Q15: =+P15-O15 -> -298.26219 | R15: =+IFERROR(HLOOKUP($B15,'[3]4월'!$F$6:$CC$57,3,),)/1000 -> 579.56165 | S15: =+P15-R15 -> 130.27725 | T15: =+IFERROR(HLOOKUP($B15,'[1]4월'!$D$6:$BN$259,16,),)/1000 -> 116.98911 | U15: =+IFERROR(HLOOKUP($B15,'[2]4월'!$F$6:$CP$99,16,),)/1000 -> 18.913598 | V15: =+U15-T15 -> -98.075508 | W15: =+IFERROR(HLOOKUP($B15,'[3]4월'!$F$6:$CC$57,16,),)/1000 -> -26.417206 | X15: =+U15-W15 -> 45.330804 | Y15: =+[4]양산!$Q$85 -> 100810.11 | Z15: =+[4]양산!$R$85 -> 98465.654 | AA15: =+[5]양산!$Q$85 -> 92330.994 | AB15: =+[4]양산!$Q$89 -> 74915.738 | AC15: =+[4]양산!$R$89 -> 76673.599 | AD15: =+[5]양산!$Q$89 -> 72880.116 | AE15: =+Y15-AB15 -> 25894.371 | AF15: =+Z15-AC15 -> 21792.055 | AG15: =+AA15-AD15 -> 19450.879 | AI15: =+I15 -> 양산 | AJ15: =+J15/$J$27 -> 0.036764706 | AK15: =+K15/$K$27 -> 0.026411624 | AL15: =+AK15-AJ15 -> -0.010353082 | AM15: =+Y15*AL15 -> -1043.6953 | AO15: =+[17]양산!$T$5/[17]합계!$T$5 -> 0.020027111 | AP15: =+AK15-AO15 -> 0.0063845129 | AQ15: =+[17]양산!$Q$85*AP15 -> 674.75658
B16: 창원 | G16: =+I16 -> 창원 | I16: 창원 | J16: =+IFERROR(HLOOKUP($B16,'[1]4월'!$D$6:$BN$259,2,),)/1000 -> 13 | K16: =+IFERROR(HLOOKUP($B16,'[2]4월'!$F$6:$CP$99,2,),)/1000 -> 11.571 | L16: =+K16-J16 -> -1.429 | M16: =+IFERROR(HLOOKUP($B16,'[3]4월'!$F$6:$CC$57,2,),)/1000 -> 12.462 | N16: =+K16-M16 -> -0.891 | O16: =+IFERROR(HLOOKUP($B16,'[1]4월'!$D$6:$BN$259,3,),)/1000 -> 1265.9629 | P16: =+IFERROR(HLOOKUP($B16,'[2]4월'!$F$6:$CP$99,3,),)/1000 -> 1083.6986 | Q16: =+P16-O16 -> -182.2643 | R16: =+IFERROR(HLOOKUP($B16,'[3]4월'!$F$6:$CC$57,3,),)/1000 -> 1202.3307 | S16: =+P16-R16 -> -118.6321 | T16: =+IFERROR(HLOOKUP($B16,'[1]4월'!$D$6:$BN$259,16,),)/1000 -> 98.886576 | U16: =+IFERROR(HLOOKUP($B16,'[2]4월'!$F$6:$CP$99,16,),)/1000 -> 73.953798 | V16: =+U16-T16 -> -24.932778 | W16: =+IFERROR(HLOOKUP($B16,'[3]4월'!$F$6:$CC$57,16,),)/1000 -> 126.42044 | X16: =+U16-W16 -> -52.466639 | Y16: =+[4]창원!$Q$85 -> 97381.761 | Z16: =+[4]창원!$R$85 -> 93656.434 | AA16: =+[5]창원!$Q$85 -> 96479.754 | AB16: =+[4]창원!$Q$89 -> 76890.343 | AC16: =+[4]창원!$R$89 -> 72300.838 | AD16: =+[5]창원!$Q$89 -> 72322.007 | AE16: =+Y16-AB16 -> 20491.419 | AF16: =+Z16-AC16 -> 21355.597 | AG16: =+AA16-AD16 -> 24157.748 | AI16: =+I16 -> 창원 | AJ16: =+J16/$J$27 -> 0.047794118 | AK16: =+K16/$K$27 -> 0.04239269 | AL16: =+AK16-AJ16 -> -0.0054014275 | AM16: =+Y16*AL16 -> -526.00052 | AO16: =+[17]창원!$T$5/[17]합계!$T$5 -> 0.036293893 | AP16: =+AK16-AO16 -> 0.0060987969 | AQ16: =+[17]창원!$Q$85*AP16 -> 600.43319
B17: 대구 | G17: =+I17 -> 대구 | I17: 대구 | J17: =+IFERROR(HLOOKUP($B17,'[1]4월'!$D$6:$BN$259,2,),)/1000 -> 8.5 | K17: =+IFERROR(HLOOKUP($B17,'[2]4월'!$F$6:$CP$99,2,),)/1000 -> 5.7135 | L17: =+K17-J17 -> -2.7865 | M17: =+IFERROR(HLOOKUP($B17,'[3]4월'!$F$6:$CC$57,2,),)/1000 -> 11.7315 | N17: =+K17-M17 -> -6.018 | O17: =+IFERROR(HLOOKUP($B17,'[1]4월'!$D$6:$BN$259,3,),)/1000 -> 767.39446 | P17: =+IFERROR(HLOOKUP($B17,'[2]4월'!$F$6:$CP$99,3,),)/1000 -> 443.31325 | Q17: =+P17-O17 -> -324.08122 | R17: =+IFERROR(HLOOKUP($B17,'[3]4월'!$F$6:$CC$57,3,),)/1000 -> 1058.2244 | S17: =+P17-R17 -> -614.9112 | T17: =+IFERROR(HLOOKUP($B17,'[1]4월'!$D$6:$BN$259,16,),)/1000 -> 19.577609 | U17: =+IFERROR(HLOOKUP($B17,'[2]4월'!$F$6:$CP$99,16,),)/1000 -> -79.863768 | V17: =+U17-T17 -> -99.441377 | W17: =+IFERROR(HLOOKUP($B17,'[3]4월'!$F$6:$CC$57,16,),)/1000 -> 50.698716 | X17: =+U17-W17 -> -130.56248 | Y17: =+[4]대구!$Q$85 -> 90281.702 | Z17: =+[4]대구!$R$85 -> 77590.487 | AA17: =+[5]대구!$Q$85 -> 90203.678 | AB17: =+[4]대구!$Q$89 -> 70982.512 | AC17: =+[4]대구!$R$89 -> 68045.817 | AD17: =+[5]대구!$Q$89 -> 72248.873 | AE17: =+Y17-AB17 -> 19299.189 | AF17: =+Z17-AC17 -> 9544.6702 | AG17: =+AA17-AD17 -> 17954.805 | AI17: =+I17 -> 대구 | AJ17: =+J17/$J$27 -> 0.03125 | AK17: =+K17/$K$27 -> 0.020932559 | AL17: =+AK17-AJ17 -> -0.010317441 | AM17: =+Y17*AL17 -> -931.47617 | AO17: =+[17]대구!$T$5/[17]합계!$T$5 -> 0.013289155 | AP17: =+AK17-AO17 -> 0.0076434035 | AQ17: =+[17]대구!$Q$85*AP17 -> 649.80512
B18: 울산 | G18: =+I18 -> 울산 | I18: 울산 | J18: =+IFERROR(HLOOKUP($B18,'[1]4월'!$D$6:$BN$259,2,),)/1000 -> 11.5 | K18: =+IFERROR(HLOOKUP($B18,'[2]4월'!$F$6:$CP$99,2,),)/1000 -> 14.457 | L18: =+K18-J18 -> 2.957 | M18: =+IFERROR(HLOOKUP($B18,'[3]4월'!$F$6:$CC$57,2,),)/1000 -> 13.906 | N18: =+K18-M18 -> 0.551 | O18: =+IFERROR(HLOOKUP($B18,'[1]4월'!$D$6:$BN$259,3,),)/1000 -> 1195.4544 | P18: =+IFERROR(HLOOKUP($B18,'[2]4월'!$F$6:$CP$99,3,),)/1000 -> 1468.2855 | Q18: =+P18-O18 -> 272.83111 | R18: =+IFERROR(HLOOKUP($B18,'[3]4월'!$F$6:$CC$57,3,),)/1000 -> 1439.8668 | S18: =+P18-R18 -> 28.4187 | T18: =+IFERROR(HLOOKUP($B18,'[1]4월'!$D$6:$BN$259,16,),)/1000 -> 94.836244 | U18: =+IFERROR(HLOOKUP($B18,'[2]4월'!$F$6:$CP$99,16,),)/1000 -> 114.37949 | V18: =+U18-T18 -> 19.543248 | W18: =+IFERROR(HLOOKUP($B18,'[3]4월'!$F$6:$CC$57,16,),)/1000 -> 174.90096 | X18: =+U18-W18 -> -60.521464 | Y18: =+[4]울산!$Q$85 -> 103952.56 | Z18: =+[4]울산!$R$85 -> 101562.25 | AA18: =+[5]울산!$Q$85 -> 103542.84 | AB18: =+[4]울산!$Q$89 -> 82491.081 | AC18: =+[4]울산!$R$89 -> 81917.157 | AD18: =+[5]울산!$Q$89 -> 80692.96 | AE18: =+Y18-AB18 -> 21461.475 | AF18: =+Z18-AC18 -> 19645.097 | AG18: =+AA18-AD18 -> 22849.885 | AI18: =+I18 -> 울산 | AJ18: =+J18/$J$27 -> 0.042279412 | AK18: =+K18/$K$27 -> 0.052966133 | AL18: =+AK18-AJ18 -> 0.010686721 | AM18: =+Y18*AL18 -> 1110.912 | AO18: =+[17]울산!$T$5/[17]합계!$T$5 -> 0.050197879 | AP18: =+AK18-AO18 -> 0.0027682538 | AQ18: =+[17]울산!$Q$85*AP18 -> 289.76792
B19: 아산 | G19: =+I19 -> 아산 | I19: 아산 | J19: =+IFERROR(HLOOKUP($B19,'[1]4월'!$D$6:$BN$259,2,),)/1000 -> 23 | K19: =+IFERROR(HLOOKUP($B19,'[2]4월'!$F$6:$CP$99,2,),)/1000 -> 24.258 | L19: =+K19-J19 -> 1.258 | M19: =+IFERROR(HLOOKUP($B19,'[3]4월'!$F$6:$CC$57,2,),)/1000 -> 23.173 | N19: =+K19-M19 -> 1.085 | O19: =+IFERROR(HLOOKUP($B19,'[1]4월'!$D$6:$BN$259,3,),)/1000 -> 2281.5794 | P19: =+IFERROR(HLOOKUP($B19,'[2]4월'!$F$6:$CP$99,3,),)/1000 -> 2423.597 | Q19: =+P19-O19 -> 142.01756 | R19: =+IFERROR(HLOOKUP($B19,'[3]4월'!$F$6:$CC$57,3,),)/1000 -> 2210.5821 | S19: =+P19-R19 -> 213.01493 | T19: =+IFERROR(HLOOKUP($B19,'[1]4월'!$D$6:$BN$259,16,),)/1000 -> 230.1545 | U19: =+IFERROR(HLOOKUP($B19,'[2]4월'!$F$6:$CP$99,16,),)/1000 -> 133.83138 | V19: =+U19-T19 -> -96.323125 | W19: =+IFERROR(HLOOKUP($B19,'[3]4월'!$F$6:$CC$57,16,),)/1000 -> 177.27361 | X19: =+U19-W19 -> -43.442233 | Y19: =+[4]아산!$Q$85 -> 99199.106 | Z19: =+[4]아산!$R$85 -> 99909.185 | AA19: =+[5]아산!$Q$85 -> 95394.73 | AB19: =+[4]아산!$Q$89 -> 78425.862 | AC19: =+[4]아산!$R$89 -> 84099.709 | AD19: =+[5]아산!$Q$89 -> 77222.153 | AE19: =+Y19-AB19 -> 20773.244 | AF19: =+Z19-AC19 -> 15809.475 | AG19: =+AA19-AD19 -> 18172.577 | AI19: =+I19 -> 아산 | AJ19: =+J19/$J$27 -> 0.084558824 | AK19: =+K19/$K$27 -> 0.088874071 | AL19: =+AK19-AJ19 -> 0.0043152477 | AM19: =+Y19*AL19 -> 428.06872 | AO19: =+[17]아산!$T$5/[17]합계!$T$5 -> 0.093135301 | AP19: =+AK19-AO19 -> -0.0042612293 | AQ19: =+[17]아산!$Q$85*AP19 -> -413.13466
B20: 전주 | G20: =+I20 -> 전주 | I20: 전주 | J20: =+IFERROR(HLOOKUP($B20,'[1]4월'!$D$6:$BN$259,2,),)/1000 -> 11 | K20: =+IFERROR(HLOOKUP($B20,'[2]4월'!$F$6:$CP$99,2,),)/1000 -> 13.51 | L20: =+K20-J20 -> 2.51 | M20: =+IFERROR(HLOOKUP($B20,'[3]4월'!$F$6:$CC$57,2,),)/1000 -> 17.106 | N20: =+K20-M20 -> -3.596 | O20: =+IFERROR(HLOOKUP($B20,'[1]4월'!$D$6:$BN$259,3,),)/1000 -> 1120.471 | P20: =+IFERROR(HLOOKUP($B20,'[2]4월'!$F$6:$CP$99,3,),)/1000 -> 1313.6975 | Q20: =+P20-O20 -> 193.2265 | R20: =+IFERROR(HLOOKUP($B20,'[3]4월'!$F$6:$CC$57,3,),)/1000 -> 1690.8336 | S20: =+P20-R20 -> -377.13605 | T20: =+IFERROR(HLOOKUP($B20,'[1]4월'!$D$6:$BN$259,16,),)/1000 -> 129.22282 | U20: =+IFERROR(HLOOKUP($B20,'[2]4월'!$F$6:$CP$99,16,),)/1000 -> 61.431893 | V20: =+U20-T20 -> -67.790928 | W20: =+IFERROR(HLOOKUP($B20,'[3]4월'!$F$6:$CC$57,16,),)/1000 -> 227.34832 | X20: =+U20-W20 -> -165.91642 | Y20: =+[4]전주!$Q$85 -> 101861 | Z20: =+[4]전주!$R$85 -> 97239.59 | AA20: =+[5]전주!$Q$85 -> 98858.36 | AB20: =+[4]전주!$Q$89 -> 75566.133 | AC20: =+[4]전주!$R$89 -> 80669.539 | AD20: =+[5]전주!$Q$89 -> 76136.612 | AE20: =+Y20-AB20 -> 26294.867 | AF20: =+Z20-AC20 -> 16570.05 | AG20: =+AA20-AD20 -> 22721.748 | AI20: =+I20 -> 전주 | AJ20: =+J20/$J$27 -> 0.040441176 | AK20: =+K20/$K$27 -> 0.049496607 | AL20: =+AK20-AJ20 -> 0.0090554309 | AM20: =+Y20*AL20 -> 922.39525 | AO20: =+[17]전주!$T$5/[17]합계!$T$5 -> 0.057177151 | AP20: =+AK20-AO20 -> -0.0076805436 | AQ20: =+[17]전주!$Q$85*AP20 -> -770.08617
B21: 군산 | G21: =+I21 -> 군산 | I21: 군산 | J21: =+IFERROR(HLOOKUP($B21,'[1]4월'!$D$6:$BN$259,2,),)/1000 -> 5 | K21: =+IFERROR(HLOOKUP($B21,'[2]4월'!$F$6:$CP$99,2,),)/1000 -> 5.101 | L21: =+K21-J21 -> 0.101 | M21: =+IFERROR(HLOOKUP($B21,'[3]4월'!$F$6:$CC$57,2,),)/1000 -> 7.043 | N21: =+K21-M21 -> -1.942 | O21: =+IFERROR(HLOOKUP($B21,'[1]4월'!$D$6:$BN$259,3,),)/1000 -> 560.4238 | P21: =+IFERROR(HLOOKUP($B21,'[2]4월'!$F$6:$CP$99,3,),)/1000 -> 567.92645 | Q21: =+P21-O21 -> 7.50265 | R21: =+IFERROR(HLOOKUP($B21,'[3]4월'!$F$6:$CC$57,3,),)/1000 -> 750.89675 | S21: =+P21-R21 -> -182.9703 | T21: =+IFERROR(HLOOKUP($B21,'[1]4월'!$D$6:$BN$259,16,),)/1000 -> 105.79383 | U21: =+IFERROR(HLOOKUP($B21,'[2]4월'!$F$6:$CP$99,16,),)/1000 -> 96.361313 | V21: =+U21-T21 -> -9.4325207 | W21: =+IFERROR(HLOOKUP($B21,'[3]4월'!$F$6:$CC$57,16,),)/1000 -> 173.95167 | X21: =+U21-W21 -> -77.590357 | Y21: =+[4]군산!$Q$85 -> 112084.76 | Z21: =+[4]군산!$R$85 -> 111336.3 | AA21: =+[5]군산!$Q$85 -> 106616.04 | AB21: =+[4]군산!$Q$89 -> 72924.397 | AC21: =+[4]군산!$R$89 -> 74603.418 | AD21: =+[5]군산!$Q$89 -> 69387.862 | AE21: =+Y21-AB21 -> 39160.363 | AF21: =+Z21-AC21 -> 36732.879 | AG21: =+AA21-AD21 -> 37228.175 | AI21: =+I21 -> 군산 | AJ21: =+J21/$J$27 -> 0.018382353 | AK21: =+K21/$K$27 -> 0.018688541 | AL21: =+AK21-AJ21 -> 0.00030618847 | AM21: =+Y21*AL21 -> 34.319061 | AO21: =+[17]군산!$T$5/[17]합계!$T$5 -> 0.021135065 | AP21: =+AK21-AO21 -> -0.0024465241 | AQ21: =+[17]군산!$Q$85*AP21 -> -263.67852
B22: 원주 | G22: =+I22 -> 원주 | I22: 원주 | J22: =+IFERROR(HLOOKUP($B22,'[1]4월'!$D$6:$BN$259,2,),)/1000 -> 4 | K22: =+IFERROR(HLOOKUP($B22,'[2]4월'!$F$6:$CP$99,2,),)/1000 -> 4.844 | L22: =+K22-J22 -> 0.844 | M22: =+IFERROR(HLOOKUP($B22,'[3]4월'!$F$6:$CC$57,2,),)/1000 -> 2.5685 | N22: =+K22-M22 -> 2.2755 | O22: =+IFERROR(HLOOKUP($B22,'[1]4월'!$D$6:$BN$259,3,),)/1000 -> 446.55954 | P22: =+IFERROR(HLOOKUP($B22,'[2]4월'!$F$6:$CP$99,3,),)/1000 -> 527.77456 | Q22: =+P22-O22 -> 81.215024 | R22: =+IFERROR(HLOOKUP($B22,'[3]4월'!$F$6:$CC$57,3,),)/1000 -> 290.20385 | S22: =+P22-R22 -> 237.57071 | T22: =+IFERROR(HLOOKUP($B22,'[1]4월'!$D$6:$BN$259,16,),)/1000 -> 68.337597 | U22: =+IFERROR(HLOOKUP($B22,'[2]4월'!$F$6:$CP$99,16,),)/1000 -> 103.45074 | V22: =+U22-T22 -> 35.113145 | W22: =+IFERROR(HLOOKUP($B22,'[3]4월'!$F$6:$CC$57,16,),)/1000 -> 14.251573 | X22: =+U22-W22 -> 89.199169 | Y22: =+[4]원주!$Q$85 -> 111639.88 | Z22: =+[4]원주!$R$85 -> 108954.29 | AA22: =+[5]원주!$Q$85 -> 112985.73 | AB22: =+[4]원주!$Q$89 -> 70810.163 | AC22: =+[4]원주!$R$89 -> 69912.46 | AD22: =+[5]원주!$Q$89 -> 73010.818 | AE22: =+Y22-AB22 -> 40829.721 | AF22: =+Z22-AC22 -> 39041.825 | AG22: =+AA22-AD22 -> 39974.913 | AI22: =+I22 -> 원주 | AJ22: =+J22/$J$27 -> 0.014705882 | AK22: =+K22/$K$27 -> 0.01774697 | AL22: =+AK22-AJ22 -> 0.0030410878 | AM22: =+Y22*AL22 -> 339.50669 | AO22: =+[17]원주!$T$5/[17]합계!$T$5 -> 0.015295224 | AP22: =+AK22-AO22 -> 0.0024517465 | AQ22: =+[17]원주!$Q$85*AP22 -> 314.48569
B23: 제주 | F23: =+K27-J27 -> 0.948 | G23: =+I23 -> 제주 | I23: 제주 | J23: =+IFERROR(HLOOKUP($B23,'[1]4월'!$D$6:$BN$259,2,),)/1000 -> 6 | K23: =+IFERROR(HLOOKUP($B23,'[2]4월'!$F$6:$CP$99,2,),)/1000 -> 4.089 | L23: =+K23-J23 -> -1.911 | M23: =+IFERROR(HLOOKUP($B23,'[3]4월'!$F$6:$CC$57,2,),)/1000 -> 7.3395 | N23: =+K23-M23 -> -3.2505 | O23: =+IFERROR(HLOOKUP($B23,'[1]4월'!$D$6:$BN$259,3,),)/1000 -> 736.04 | P23: =+IFERROR(HLOOKUP($B23,'[2]4월'!$F$6:$CP$99,3,),)/1000 -> 536.50751 | Q23: =+P23-O23 -> -199.53249 | R23: =+IFERROR(HLOOKUP($B23,'[3]4월'!$F$6:$CC$57,3,),)/1000 -> 910.08608 | S23: =+P23-R23 -> -373.57857 | T23: =+IFERROR(HLOOKUP($B23,'[1]4월'!$D$6:$BN$259,16,),)/1000 -> 65.55279 | U23: =+IFERROR(HLOOKUP($B23,'[2]4월'!$F$6:$CP$99,16,),)/1000 -> 29.329734 | V23: =+U23-T23 -> -36.223056 | W23: =+IFERROR(HLOOKUP($B23,'[3]4월'!$F$6:$CC$57,16,),)/1000 -> 128.44487 | X23: =+U23-W23 -> -99.115137 | Y23: =+[4]제주!$Q$85 -> 122673.33 | Z23: =+[4]제주!$R$85 -> 131207.51 | AA23: =+[5]제주!$Q$85 -> 123584.35 | AB23: =+[4]제주!$Q$89 -> 93592.816 | AC23: =+[4]제주!$R$89 -> 100213.87 | AD23: =+[5]제주!$Q$89 -> 91260.284 | AE23: =+Y23-AB23 -> 29080.517 | AF23: =+Z23-AC23 -> 30993.643 | AG23: =+AA23-AD23 -> 32324.069 | AI23: =+I23 -> 제주 | AJ23: =+J23/$J$27 -> 0.022058824 | AK23: =+K23/$K$27 -> 0.014980875 | AL23: =+AK23-AJ23 -> -0.0070779481 | AM23: =+Y23*AL23 -> -868.27548 | AO23: =+[17]제주!$T$5/[17]합계!$T$5 -> 0.016931974 | AP23: =+AK23-AO23 -> -0.0019510987 | AQ23: =+[17]제주!$Q$85*AP23 -> -247.89372
F24: =+K24/J24 -> 1.0719206 | G24: =+I24 -> 수도권 | I24: 수도권 | J24: =SUM(J7:J10) -> 107 | K24: =SUM(K7:K10) -> 114.6955 | L24: =+K24-J24 -> 7.6955 | M24: =SUM(M7:M10) -> 99.752 | N24: =+K24-M24 -> 14.9435 | O24: =SUM(O7:O10) -> 10542.078 | P24: =SUM(P7:P10) -> 11318.555 | Q24: =+P24-O24 -> 776.47622 | R24: =SUM(R7:R10) -> 9616.3146 | S24: =+P24-R24 -> 1702.24 | T24: =SUM(T7:T10) -> 948.83207 | U24: =SUM(U7:U10) -> 719.5624 | V24: =+U24-T24 -> -229.26967 | W24: =SUM(W7:W10) -> 593.23161 | X24: =+U24-W24 -> 126.33079 | Y24: =+[4]수도권!$Q$85 -> 98524.097 | Z24: =+[4]수도권!$R$85 -> 98815.723 | AA24: =+[5]수도권!$Q$85 -> 96454.113 | AB24: =+[4]수도권!$Q$89 -> 79805.01 | AC24: =+[4]수도권!$R$89 -> 82943.595 | AD24: =+[5]수도권!$Q$89 -> 80081.525 | AE24: =+Y24-AB24 -> 18719.086 | AF24: =+Z24-AC24 -> 15872.128 | AG24: =+AA24-AD24 -> 16372.588 | AI24: =+I24 -> 수도권 | AJ24: =+J24/$J$27 -> 0.39338235 | AK24: =+K24/$K$27 -> 0.42021008 | AL24: =+AK24-AJ24 -> 0.026827724 | AM24: =+Y24*AL24 -> 2643.1772 | AO24: =+[17]수도권!$T$5/[17]합계!$T$5 -> 0.41653622 | AP24: =+AK24-AO24 -> 0.0036738604 | AQ24: =+[17]수도권!$Q$85*AP24 -> 363.17908
F25: =+K25/J25 -> 0.91767672 | G25: =+I25 -> 영남권 | I25: 영남권 | J25: =SUM(J11:J18) -> 116 | K25: =SUM(K11:K18) -> 106.4505 | L25: =+K25-J25 -> -9.5495 | M25: =SUM(M11:M18) -> 119.871 | N25: =+K25-M25 -> -13.4205 | O25: =SUM(O11:O18) -> 11934.399 | P25: =SUM(P11:P18) -> 10834.377 | Q25: =+P25-O25 -> -1100.0215 | R25: =SUM(R11:R18) -> 11793.337 | S25: =+P25-R25 -> -958.96015 | T25: =SUM(T11:T18) -> 1312.4078 | U25: =SUM(U11:U18) -> 645.96462 | V25: =+U25-T25 -> -666.44321 | W25: =SUM(W11:W18) -> 851.16723 | X25: =+U25-W25 -> -205.20262 | Y25: =+[4]영남권!$Q$85 -> 102882.75 | Z25: =+[4]영남권!$R$85 -> 101778.55 | AA25: =+[5]영남권!$Q$85 -> 98385.129 | AB25: =+[4]영남권!$Q$89 -> 78777.166 | AC25: =+[4]영남권!$R$89 -> 81309.227 | AD25: =+[5]영남권!$Q$89 -> 79072.358 | AE25: =+Y25-AB25 -> 24105.58 | AF25: =+Z25-AC25 -> 20469.32 | AG25: =+AA25-AD25 -> 19312.771 | AI25: =+I25 -> 영남권 | AJ25: =+J25/$J$27 -> 0.42647059 | AK25: =+K25/$K$27 -> 0.39000286 | AL25: =+AK25-AJ25 -> -0.036467731 | AM25: =+Y25*AL25 -> -3751.9003 | AO25: =+[17]영남권!$T$5/[17]합계!$T$5 -> 0.37978907 | AP25: =+AK25-AO25 -> 0.010213789 | AQ25: =+[17]영남권!$Q$85*AP25 -> 1088.1288
F26: =+K26/J26 -> 1.0571837 | G26: =+I26 -> 중부권 | I26: 중부권 | J26: =SUM(J19:J23) -> 49 | K26: =SUM(K19:K23) -> 51.802 | L26: =+K26-J26 -> 2.802 | M26: =SUM(M19:M23) -> 57.23 | N26: =+K26-M26 -> -5.428 | O26: =SUM(O19:O23) -> 5145.0738 | P26: =SUM(P19:P23) -> 5369.503 | Q26: =+P26-O26 -> 224.42925 | R26: =SUM(R19:R23) -> 5852.6023 | S26: =+P26-R26 -> -483.09928 | T26: =SUM(T19:T23) -> 599.06154 | U26: =SUM(U19:U23) -> 424.40506 | V26: =+U26-T26 -> -174.65648 | W26: =SUM(W19:W23) -> 721.27004 | X26: =+U26-W26 -> -296.86498 | Y26: =+[4]중부권!$Q$85 -> 105001.51 | Z26: =+[4]중부권!$R$85 -> 103655.65 | AA26: =+[5]중부권!$Q$85 -> 102148.63 | AB26: =+[4]중부권!$Q$89 -> 78457.997 | AC26: =+[4]중부권!$R$89 -> 82216.335 | AD26: =+[5]중부권!$Q$89 -> 77500.622 | AE26: =+Y26-AB26 -> 26543.509 | AF26: =+Z26-AC26 -> 21439.318 | AG26: =+AA26-AD26 -> 24648.008 | AI26: =+I26 -> 중부권 | AJ26: =+J26/$J$27 -> 0.18014706 | AK26: =+K26/$K$27 -> 0.18978707 | AL26: =+AK26-AJ26 -> 0.0096400068 | AM26: =+Y26*AL26 -> 1012.2152 | AO26: =+[17]중부권!$T$5/[17]합계!$T$5 -> 0.20367471 | AP26: =+AK26-AO26 -> -0.013887649 | AQ26: =+[17]중부권!$Q$85*AP26 -> -1442.3324
F27: =+K27/M27 -> 0.98589504 | G27: =+K27/J27 -> 1.0034853 | H27: 레미콘 계 | J27: =SUM(J24:J26) -> 272 | K27: =SUM(K24:K26) -> 272.948 | L27: =+K27-J27 -> 0.948 | M27: =SUM(M24:M26) -> 276.853 | N27: =+K27-M27 -> -3.905 | O27: =SUM(O24:O26) -> 27621.551 | P27: =SUM(P24:P26) -> 27522.435 | Q27: =+P27-O27 -> -99.116007 | R27: =SUM(R24:R26) -> 27262.254 | S27: =+P27-R27 -> 260.18054 | T27: =SUM(T24:T26) -> 2860.3014 | U27: =SUM(U24:U26) -> 1789.9321 | V27: =+U27-T27 -> -1070.3694 | W27: =SUM(W24:W26) -> 2165.6689 | X27: =+U27-W27 -> -375.73681 | Y27: =+[4]합계!$Q$85 -> 101549.82 | Z27: =+[4]합계!$R$85 -> 100907.33 | AA27: =+[5]합계!$Q$85 -> 98470.346 | AB27: =+[4]합계!$Q$89 -> 79124.005 | AC27: =+[4]합계!$R$89 -> 82161.4 | AD27: =+[5]합계!$Q$89 -> 79109.225 | AE27: =+Y27-AB27 -> 22425.814 | AF27: =+Z27-AC27 -> 18745.931 | AG27: =+AA27-AD27 -> 19361.122 | AI27: 계 | AJ27: =+J27/$J$27 -> 1 | AK27: =+K27/$K$27 -> 1 | AL27: =+AK27-AJ27 -> 0 | AM27: =SUM(AM7:AM23) -> -83.093767 | AO27: =+[17]합계!$T$5/[17]합계!$T$5 -> 1 | AP27: =+AK27-AO27 -> 0 | AQ27: =SUM(AQ7:AQ23) -> -331.33004
B28: 건자재 | E28: 건자재영업 | G28: 건자재 | H28: 골재 | I28: 부산모래장 | J28: =+IFERROR(HLOOKUP($B29,'[1]4월'!$D$6:$BN$259,2,),)/1000 -> 21.896951 | K28: =+IFERROR(HLOOKUP($C29,'[2]4월'!$F$6:$CP$99,2,),)/1000 -> 23.612 | L28: =+K28-J28 -> 1.715049 | M28: =+IFERROR(HLOOKUP($C29,'[3]4월'!$F$6:$CC$57,2,),)/1000 -> 25.409 | N28: =+K28-M28 -> -1.797 | O28: =+IFERROR(HLOOKUP($B29,'[1]4월'!$D$6:$BN$259,3,),)/1000 -> 622.42559 | P28: =+IFERROR(HLOOKUP($C29,'[2]4월'!$F$6:$CP$99,3,),)/1000 -> 657.786 | Q28: =+P28-O28 -> 35.360406 | R28: =+IFERROR(HLOOKUP($C29,'[3]4월'!$F$6:$CC$57,3,),)/1000 -> 749.494 | S28: =+P28-R28 -> -91.708 | T28: =+IFERROR(HLOOKUP($B29,'[1]4월'!$D$6:$BN$259,21,),)/1000 -> 24.996233 | U28: =+IFERROR(HLOOKUP($C29,'[2]4월'!$F$6:$CP$99,21,),)/1000 -> -7.4984396 | V28: =+U28-T28 -> -32.494673 | W28: =+IFERROR(HLOOKUP($C29,'[3]4월'!$F$6:$CC$57,21,),)/1000 -> -18.692086 | X28: =+U28-W28 -> 11.193647 | Y28: □ 판매단가
B29: 부산모래장 | C29: 부산골재 | G29: =+I28 -> 부산모래장 | I29: 서부산CR | J29: =+IFERROR(HLOOKUP($B30,'[1]4월'!$D$6:$BN$259,2,),)/1000 -> 49.070333 | K29: =+IFERROR(HLOOKUP($C30,'[2]4월'!$F$6:$CP$99,2,),)/1000 -> 33.184 | L29: =+K29-J29 -> -15.886333 | M29: =+IFERROR(HLOOKUP($C30,'[3]4월'!$F$6:$CC$57,2,),)/1000 -> 27.056 | N29: =+K29-M29 -> 6.128 | O29: =+IFERROR(HLOOKUP($B30,'[1]4월'!$D$6:$BN$259,3,),)/1000 -> 641.29576 | P29: =+IFERROR(HLOOKUP($C30,'[2]4월'!$F$6:$CP$99,3,),)/1000 -> 450.68 | Q29: =+P29-O29 -> -190.61576 | R29: =+IFERROR(HLOOKUP($C30,'[3]4월'!$F$6:$CC$57,3,),)/1000 -> 390.312 | S29: =+P29-R29 -> 60.368 | T29: =+IFERROR(HLOOKUP($B30,'[1]4월'!$D$6:$BN$259,21,),)/1000 -> 96.667684 | U29: =+IFERROR(HLOOKUP($C30,'[2]4월'!$F$6:$CP$99,21,),)/1000 -> 21.793817 | V29: =+U29-T29 -> -74.873868 | W29: =+IFERROR(HLOOKUP($C30,'[3]4월'!$F$6:$CC$57,21,),)/1000 -> 105.22194 | X29: =+U29-W29 -> -83.428128 | Y29: 구분 | Z29: 계획 | AA29: 실적 | AB29: 차이 | AC29: 전월 | AD29: 차이 | AE29: ○ 계획대비 차이 | AI29: ○ 전월대비 차이
B30: 서부산크라샤 | C30: 서부산골재 | G30: =+I29 -> 서부산CR | I30: 부산CR | J30: =+IFERROR(HLOOKUP($B31,'[1]4월'!$D$6:$BN$259,2,),)/1000 -> 0.001 | K30: =+IFERROR(HLOOKUP($C31,'[2]4월'!$F$6:$CP$99,2,),)/1000 -> 14.697 | L30: =+K30-J30 -> 14.696 | M30: =+IFERROR(HLOOKUP($C31,'[3]4월'!$F$6:$CC$57,2,),)/1000 -> 15.56 | N30: =+K30-M30 -> -0.863 | O30: =+IFERROR(HLOOKUP($B31,'[1]4월'!$D$6:$BN$259,3,),)/1000 -> 0 | P30: =+IFERROR(HLOOKUP($C31,'[2]4월'!$F$6:$CP$99,3,),)/1000 -> 292.7091 | Q30: =+P30-O30 -> 292.7091 | R30: =+IFERROR(HLOOKUP($C31,'[3]4월'!$F$6:$CC$57,3,),)/1000 -> 309.26 | S30: =+P30-R30 -> -16.5509 | T30: =+IFERROR(HLOOKUP($B31,'[1]4월'!$D$6:$BN$259,21,),)/1000 -> -148.68497 | U30: =+IFERROR(HLOOKUP($C31,'[2]4월'!$F$6:$CP$99,21,),)/1000 -> -124.42436 | V30: =+U30-T30 -> 24.260611 | W30: =+IFERROR(HLOOKUP($C31,'[3]4월'!$F$6:$CC$57,21,),)/1000 -> -29.2233 | X30: =+U30-W30 -> -95.201058 | Y30: 1군 | Z30: =+[18]영업계획!$J$7 -> 103682.03 | AA30: =+[19]합계!$F$94 -> 102936.25 | AB30: =+AA30-Z30 -> -745.77622 | AC30: =+[19]합계!$E$94 -> 104196.99 | AD30: =+AA30-AC30 -> -1260.7341 | AE30: - 1군비율 : | AF30: =+(Z30-Z31)*AB36 -> 343.57818 | AG30: 원/㎥ | AI30: - 1군비율 : | AJ30: =+(AC30-AC31)*AD36 -> -324.36799 | AK30: 원/㎥
B31: 부산크라샤 | C31: 부산크라샤 | G31: =+I30 -> 부산CR | H31: 골재 계 | J31: =SUM(J28:J30) -> 70.968284 | K31: =SUM(K28:K30) -> 71.493 | L31: =+K31-J31 -> 0.52471562 | M31: =SUM(M28:M30) -> 68.025 | N31: =+K31-M31 -> 3.468 | O31: =SUM(O28:O30) -> 1263.7214 | P31: =SUM(P28:P30) -> 1401.1751 | Q31: =+P31-O31 -> 137.45375 | R31: =SUM(R28:R30) -> 1449.066 | S31: =+P31-R31 -> -47.8909 | T31: =SUM(T28:T30) -> -27.021051 | U31: =SUM(U28:U30) -> -110.12898 | V31: =+U31-T31 -> -83.10793 | W31: =SUM(W28:W30) -> 57.306559 | X31: =+U31-W31 -> -167.43554 | Y31: 중소 | Z31: =+[18]영업계획!$J$10 -> 98212.976 | AA31: =+[19]합계!$F$93 -> 96612.458 | AB31: =+AA31-Z31 -> -1600.518 | AC31: =+[19]합계!$E$93 -> 98748.172 | AD31: =+AA31-AC31 -> -2135.714 | AE31: - 강도 | AF31: =+AB35*120*10 -> 1393.3457 | AG31: 원/㎥ | AI31: - 강도 | AJ31: =+AD35*120*10 -> -1016.4865 | AK31: 원/㎥
H32: 기타 | I32: 레미콘임대 | L32: =+K32-J32 -> 0 | N32: =+K32-M32 -> 0 | O32: =(IFERROR(HLOOKUP($B33,'[1]4월'!$D$6:$BN$259,3,),)++IFERROR(HLOOKUP($C33,'[1]4월'!$D$6:$BN$259,3,),)+IFERROR(HLOOKUP($D33,'[1]4월'!$D$6:$BN$259,3,),))/1000 -> 37.5 | P32: =+IFERROR(HLOOKUP($E33,'[2]4월'!$F$6:$CP$99,3,),)/1000 -> 43.34 | Q32: =+P32-O32 -> 5.84 | R32: =+IFERROR(HLOOKUP($E33,'[3]4월'!$F$6:$CC$57,3,),)/1000 -> 43.34 | S32: =+P32-R32 -> 0 | T32: =(IFERROR(HLOOKUP($B33,'[1]4월'!$D$6:$BN$259,21,),)++IFERROR(HLOOKUP($C33,'[1]4월'!$D$6:$BN$259,21,),)+IFERROR(HLOOKUP($D33,'[1]4월'!$D$6:$BN$259,21,),))/1000 -> 25.462031 | U32: =+IFERROR(HLOOKUP($E33,'[2]4월'!$F$6:$CP$99,16,),)/1000 -> 22.270322 | V32: =+U32-T32 -> -3.191709 | W32: =+IFERROR(HLOOKUP($E33,'[3]4월'!$F$6:$CC$57,16,),)/1000 -> 23.021931 | X32: =+U32-W32 -> -0.751609 | Y32: 평균 | Z32: =+[18]영업계획!$J$22 -> 101549.82 | AA32: =+[19]합계!$F$95 -> 100907.33 | AB32: =+AA32-Z32 -> -642.48832 | AC32: =+[19]합계!$E$95 -> 102799.58 | AD32: =+AA32-AC32 -> -1892.2532 | AE32: - 단가 | AF32: =+AB32-AF30-AF31-AF34-AF33 -> -120.23671 | AG32: 원/㎥ | AI32: - 단가 | AJ32: =+AD32-AJ30-AJ31-AJ34-AJ33 -> 1344.8026 | AK32: 원/㎥
B33: 포항임대 | C33: 속초임대 | D33: 강릉임대 | E33: 레미콘임대 계 | G33: =+I32 -> 레미콘임대 | I33: 임대 | L33: =+K33-J33 -> 0 | M33: 0 | N33: =+K33-M33 -> 0 | O33: =(+IFERROR(HLOOKUP($B34,'[1]4월'!$D$6:$BN$259,3,),)+IFERROR(HLOOKUP($C34,'[1]4월'!$D$6:$BN$259,3,),))/1000 -> 80.096667 | P33: =+IFERROR(HLOOKUP($E34,'[2]4월'!$F$6:$CP$99,3,),)/1000 -> 11.570278 | Q33: =+P33-O33 -> -68.526389 | R33: =+IFERROR(HLOOKUP($E34,'[3]4월'!$F$6:$CC$57,3,),)/1000 -> 73.488214 | S33: =+P33-R33 -> -61.917936 | T33: =(+IFERROR(HLOOKUP($B34,'[1]4월'!$D$6:$BN$259,21,),)+IFERROR(HLOOKUP($C34,'[1]4월'!$D$6:$BN$259,21,),))/1000 -> 72.847673 | U33: =+IFERROR(HLOOKUP($E34,'[2]4월'!$F$6:$CP$99,16,),)/1000 -> 4.334114 | V33: =+U33-T33 -> -68.513559 | W33: =+IFERROR(HLOOKUP($E34,'[3]4월'!$F$6:$CC$57,16,),)/1000 -> 63.367074 | X33: =+U33-W33 -> -59.03296 | Y33: 1군 | Z33: =+'[20]예산대비 차이'!$N$15 -> 28.040426 | AA33: =+[21]평균강도집계!$T$27 -> 29.492905 | AB33: =+AA33-Z33 -> 1.4524789 | AC33: =+[21]평균강도집계!$S$27 -> 30.285881 | AD33: =+AA33-AC33 -> -0.79297557 | AE33: - 1군소급 | AF33: =-'[22]2026년 소급분(공장별)'!$D$8 -> -2176.0817 | AG33: 원/㎥ | AI33: - 1군소급 | AJ33: =-'[22]2026년 소급분(공장별)'!$D$8-(-'[22]2026년 소급분(공장별)'!$D$7) -> -1564.8714 | AK33: 원/㎥
B34: 부동산임대 | C34: 주유소임대 | E34: 임대 계 | G34: =+I33 -> 임대 | I34: 공통비 | L34: =+K34-J34 -> 0 | N34: =+K34-M34 -> 0 | Q34: =+P34-O34 -> 0 | S34: =+P34-R34 -> 0 | T34: =-'[1]4월'!$Z$22/1000 -> -1643.534 | U34: =+-'[2]4월'!$Z$22/1000 -> -1645.635 | V34: =+U34-T34 -> -2.101069 | W34: =+-'[3]4월'!$Z$22/1000 -> -1654.8985 | X34: =+U34-W34 -> 9.263444 | Y34: 중소 | Z34: =+'[20]예산대비 차이'!$N$16 -> 26.049403 | AA34: =+[21]평균강도집계!$T$49 -> 26.183269 | AB34: =+AA34-Z34 -> 0.13386596 | AC34: =+[21]평균강도집계!$S$49 -> 26.594937 | AD34: =+AA34-AC34 -> -0.41166758 | AE34: - mix차이 | AF34: =+AM27 -> -83.093767 | AG34: 원/㎥ | AI34: - mix차이 | AJ34: =+AQ27 -> -331.33004 | AK34: 원/㎥
B35: 공 통 비 | G35: =+I34 -> 공통비 | I35: OPC 소급분 | N35: =+K35-M35 -> 0 | Q35: =+P35-O35 -> 0 | S35: =+P35-R35 -> 0 | T35: =+'[1]4월'!$AT$26/1000 -> 0 | U35: ='[2]4월'!$BD$26/1000 -> 0 | V35: =+U35-T35 -> 0 | W35: ='[3]4월'!$BD$26/1000 -> 0 | X35: =+U35-W35 -> 0 | Y35: 강도 | Z35: =+'[20]예산대비 차이'!$N$18 -> 27.29897 | AA35: =+[21]평균강도집계!$T$71 -> 28.460091 | AB35: =+AA35-Z35 -> 1.1611214 | AC35: =+[21]합계!$S$82 -> 29.307163 | AD35: =+AA35-AC35 -> -0.84707207 | AE35: - 합계 | AF35: =+SUM(AF30:AF34) -> -642.48832 | AG35: 원/㎥ | AI35: - 합계 | AJ35: =+SUM(AJ30:AJ34) -> -1892.2532 | AK35: 원/㎥
G36: =+I35 -> OPC 소급분 | I36: 대손 | N36: =+K36-M36 -> 0 | Q36: =+P36-O36 -> 0 | S36: =+P36-R36 -> 0 | U36: ='[2]4월'!$BE$26/1000 -> 0 | V36: =+U36-T36 -> 0 | W36: ='[3]4월'!$BE$26/1000 -> 0 | X36: =+U36-W36 -> 0 | Y36: 1군비율 | Z36: =+[18]영업계획!$J$6/[18]영업계획!$J$21 -> 0.62658088 | AA36: =+[19]합계!$F$44 -> 0.68940314 | AB36: =+AA36-Z36 -> 0.062822257 | AC36: =+[19]합계!$E$44 -> 0.74893316 | AD36: =+AA36-AC36 -> -0.05953002
G37: =+I36 -> 대손 | I37: 미운영 공장 | M37: =SUM(M56:M61) -> 0 | N37: =+K37-M37 -> 0 | Q37: =+P37-O37 -> 0 | R37: =+IFERROR(HLOOKUP($I$37,'[3]4월'!$F$6:$BJ$50,3,),)/1000 -> 0 | S37: =+P37-R37 -> 0 | T37: =SUM('[1]4월'!$AM$26:$AQ$26)/1000 -> -12.762081 | U37: =+'[2]4월'!$BF$26/1000 -> -31.525195 | V37: =+U37-T37 -> -18.763114 | W37: =+'[3]4월'!$BF$26/1000 -> -31.15242 | X37: =+U37-W37 -> -0.372775 | Y37: ※ 1군소급 : 589백만원
G38: =+I37 -> 미운영 공장 | I38: 퇴직위로금 | U38: =+'[2]4월'!$BG$26/1000 -> 0 | V38: =+U38-T38 -> 0 | X38: =+U38-W38 -> 0 | Y38: □ 결합재 | Z38: =+[4]합계!$S$15 -> 2269.9624 | AA38: 원/㎥↑ | AI38: ○ 계획대비 차이
B39: 기타 계 | G39: =+I38 -> 퇴직위로금 | I39: 기타 | L39: =+K39-J39 -> 0 | N39: =+K39-M39 -> 0 | O39: =IFERROR(HLOOKUP($B39,'[1]4월'!$D$6:$BN$259,3,),)/1000 -> 1.77 | P39: =+('[2]4월'!$F$8-SUM('[2]4월'!$Z$8,'[2]4월'!$AH$8,'[2]4월'!$AN$8,'[2]4월'!$AO$8,'[2]4월'!$BA$8,'[2]4월'!$BD$8,'[2]4월'!$BE$8,'[2]4월'!$BF$8))/1000 -> 1.5981 | Q39: =+P39-O39 -> -0.1719 | R39: =+('[3]4월'!$F$8-SUM('[3]4월'!$Z$8,'[3]4월'!$AH$8,'[3]4월'!$AN$8,'[3]4월'!$AO$8,'[3]4월'!$BA$8,'[3]4월'!$BD$8,'[3]4월'!$BE$8,'[3]4월'!$BF$8))/1000 -> 1.66065 | S39: =+P39-R39 -> -0.06255 | T39: =+('[1]4월'!$E$26-'[1]4월'!$Z$26-'[1]4월'!$AA$26-'[1]4월'!$AE$26-'[1]4월'!$AL$26-'[1]4월'!$AM$26-'[1]4월'!$AN$26-'[1]4월'!$AO$26-'[1]4월'!$AP$26-'[1]4월'!$AQ$26-'[1]4월'!$AS$26+'[1]4월'!$AS$26)/1000-T35 -> -101.58242 | U39: =+('[2]4월'!$F$26-SUM('[2]4월'!$Z$26,'[2]4월'!$AH$26,'[2]4월'!$AN$26,'[2]4월'!$AO$26,'[2]4월'!$BA$26,'[2]4월'!$BD$26,'[2]4월'!$BE$26,'[2]4월'!$BF$26))/1000-U38 -> -16.133393 | V39: =+U39-T39 -> 85.449025 | W39: =+('[3]4월'!$F$26-SUM('[3]4월'!$Z$26,'[3]4월'!$AH$26,'[3]4월'!$AN$26,'[3]4월'!$AO$26,'[3]4월'!$BA$26,'[3]4월'!$BD$26,'[3]4월'!$BE$26,'[3]4월'!$BF$26))/1000 -> -15.492812 | X39: =+U39-W39 -> -0.640581 | Y39: - 원단위 차이 : 1,404원/㎥(치환율 224원↑, 원단위 71원↑, 강도 1,109원↑) | AI39: - 치환율 | AJ39: =-[4]합계!$H$6 -> 223.59105 | AK39: 원/㎥
G40: =+I39 -> 기타 | H40: 기타 계 | J40: =SUM(J32:J39) -> 0 | K40: =SUM(K32:K39) -> 0 | L40: =+K40-J40 -> 0 | M40: =SUM(M32:M39) -> 0 | N40: =+K40-M40 -> 0 | O40: =SUM(O32:O39) -> 119.36667 | P40: =SUM(P32:P39) -> 56.508378 | Q40: =+P40-O40 -> -62.858289 | R40: =SUM(R32:R39) -> 118.48886 | S40: =+P40-R40 -> -61.980486 | T40: =SUM(T32:T39) -> -1659.5688 | U40: =SUM(U32:U39) -> -1666.6892 | V40: =+U40-T40 -> -7.1204256 | W40: =SUM(W32:W39) -> -1615.1547 | X40: =+U40-W40 -> -51.534481 | Y40: - 단가 차이 : 866원/㎥(OPC 단가 3,000원/톤) | AI40: - 원단위 | AJ40: =([4]합계!$F$15-[4]합계!$E$15-AB35*10)*[4]합계!$G$15/1000 -> 71.488584 | AK40: 원/㎥
H41: 합계 | O41: =+O27+O31+O40 -> 29004.639 | P41: =+P27+P31+P40 -> 28980.118 | Q41: =+P41-O41 -> -24.52055 | R41: =+R27+R31+R40 -> 28829.809 | S41: =+P41-R41 -> 150.30915 | T41: =+T27+T31+T40 -> 1173.7116 | U41: =+U27+U31+U40 -> 13.113905 | V41: =+U41-T41 -> -1160.5977 | W41: =+W27+W31+W40 -> 607.82073 | X41: =+U41-W41 -> -594.70683 | AI41: - 강도 | AJ41: =[4]합계!$U$15-AJ39-AJ40 -> 1109.0702 | AK41: 원/㎥
G42: =+P41/O41 -> 0.9991546
H43: 건자재 | J43: =+IFERROR(HLOOKUP($B28,'[1]4월'!$D$6:$BN$259,2,),) -> 9400 | K43: =+IFERROR(HLOOKUP($E28,'[2]4월'!$F$6:$CP$99,2,),) -> 3426.716 | L43: =+K43-J43 -> -5973.284 | M43: =+IFERROR(HLOOKUP($E28,'[3]4월'!$F$6:$CC$57,2,),) -> 11123.665 | N43: =+K43-M43 -> -7696.949 | O43: =+IFERROR(HLOOKUP($B28,'[1]4월'!$D$6:$BN$259,3,),)/1000 -> 9270.2921 | P43: =+IFERROR(HLOOKUP($E28,'[2]4월'!$F$6:$CP$99,3,),)/1000 -> 4012.7001 | Q43: =+P43-O43 -> -5257.592 | R43: =+IFERROR(HLOOKUP($E28,'[3]4월'!$F$6:$CC$57,3,),)/1000 -> 10147.504 | S43: =+P43-R43 -> -6134.8041 | T43: =+IFERROR(HLOOKUP($B28,'[1]4월'!$D$6:$BN$259,21,),)/1000 -> 2.0257729 | U43: =+IFERROR(HLOOKUP($E28,'[2]4월'!$F$6:$CP$99,21,),)/1000 -> -75.818011 | V43: =+U43-T43 -> -77.843784 | W43: =+IFERROR(HLOOKUP($E28,'[3]4월'!$F$6:$CC$57,16,),)/1000 -> -0.271546 | X43: =+U43-W43 -> -75.546465
H44: 합계 | O44: =+O41+O43 -> 38274.931 | P44: =+P41+P43 -> 32992.818 | Q44: =+P44-O44 -> -5282.1125 | R44: =+R41+R43 -> 38977.313 | S44: =+P44-R44 -> -5984.4949 | T44: =+T41+T43 -> 1175.7374 | U44: =+U41+U43 -> -62.704106 | V44: =+U44-T44 -> -1238.4415 | W44: =+W41+W43 -> 607.54919 | X44: =+U44-W44 -> -670.25329
F48: =+K43/M43 -> 0.30805638 | G48: =+K43/J43 -> 0.36454426 | I48: 확인 | J48: =+'[1]4월'!$Z$7/1000 -> 272 | K48: =+'[2]4월'!$AI$7/1000 -> 272.948 | M48: =+'[3]4월'!$Z$7/1000 -> 276.853 | O48: =+'[1]4월'!$E$8/1000 -> 38274.931 | P48: =+'[2]4월'!$F$8/1000 -> 32992.818 | R48: =+'[3]4월'!$F$8/1000 -> 38977.313 | T48: =+'[1]4월'!$E$26/1000 -> 1175.7374 | U48: =+'[2]4월'!$F$26/1000 -> -62.704106 | W48: =+'[3]4월'!$F$26/1000 -> 607.54919
F49: =+K31/M31 -> 1.0509813 | G49: =+K31/J31 -> 1.0073937 | J49: =+J48-J27 -> 0 | K49: =+K48-K27 -> 0 | M49: =+M48-M27 -> 0 | O49: =+O48-O44 -> 0 | P49: =+P48-P44 -> 0 | R49: =+R48-R44 -> 0 | T49: =+T48-T44 -> 2.5011104e-12 | U49: =+U48-U44 -> -3.0553338e-13 | W49: =+W48-W44 -> 0
O51: =+O41-O43 -> 19734.347 | P51: =+P41-P43 -> 24967.418 | Q51: =+P51-O51 -> 5233.0714
O52: =+O51/100 -> 197.34347 | P52: =+P51/100 -> 249.67418 | Q52: =+P52-O52 -> 52.330714 | S52: 레미콘 | T52: =(+T27+T34)/100 -> 12.167675 | U52: =(+U27+U34)/100 -> 1.4429704 | V52: =+U52-T52 -> -10.724704 | W52: =+U52/T52-1 -> -0.88140952
Q53: =+P52/O52 -> 1.2651758 | S53: 골재 | T53: =+T31/100 -> -0.27021051 | U53: =+U31/100 -> -1.1012898 | V53: =+U53-T53 -> -0.8310793
S54: 임대 | T54: =(T32+T33)/100 -> 0.98309704 | U54: =(U32+U33)/100 -> 0.26604436 | V54: =+U54-T54 -> -0.71705268
S55: 기타 | T55: =((T48-T43)/100)-T52-T53-T54 -> -1.143445 | U55: =((U48-U43)/100)-U52-U53-U54 -> -0.47658588 | V55: =+U55-T55 -> 0.66685911
T56: =SUM(T54:T55) -> -0.16034795 | U56: =SUM(U54:U55) -> -0.21054152 | V56: =SUM(V54:V55) -> -0.050193567
T57: =SUM(T52:T55) -> 11.737116 | U57: =SUM(U52:U55) -> 0.13113905 | V57: =+U57-T57 -> -11.605977
S60: 임대 | T60: =+(T32+T33)/100 -> 0.98309704 | U60: =+(U32+U33)/100 -> 0.26604436 | V60: =+U60-T60 -> -0.71705268
S61: =+I35 -> OPC 소급분 | T61: =+T35/100 -> 0 | U61: =+U35/100 -> 0 | V61: =+U61-T61 -> 0
S62: =+I36 -> 대손 | T62: =+T36/100 -> 0 | U62: =+U36/100 -> 0 | V62: =+U62-T62 -> 0
S63: =+I37 -> 미운영 공장 | T63: =+T37/100 -> -0.12762081 | U63: =+U37/100 -> -0.31525195 | V63: =+U63-T63 -> -0.18763114
S64: =+I39 -> 기타 | T64: =+T39/100 -> -1.0158242 | U64: =+U39/100 -> -0.16133393 | V64: =+U64-T64 -> 0.85449025
T65: =SUM(T60:T64) -> -0.16034795 | U65: =SUM(U60:U64) -> -0.21054152 | V65: =SUM(V60:V64) -> -0.050193567
T68: =SUM(T32:T33,T35,T37:T39) -> -16.034795 | U68: =SUM(U32:U33,U35,U37:U39) -> -21.054152 | V68: =+U68-T68 -> -5.0193567
T70: =+T41-T43 -> 1171.6858 | U70: =+U41-U43 -> 88.931916
T71: =+T70/100 -> 11.716858 | U71: =+U70/100 -> 0.88931916 | V71: =+U71-T71 -> -10.827539

Sheet 사업장별(누계)
H3: □ 사업장별 손익실적(2026-04누계)
AG4: [단위 : 천㎥, 톤, 백만원]
H5: 구분 | J5: 물량 | O5: 매출 | T5: 영업이익(공통비 배부전) | Y5: 판매단가 | AB5: 변동비 | AE5: 공헌이익
A6: 2024년 4월누계 마감 손익 | J6: 계획 | K6: 실적 | L6: 차이 | M6: 전년 | N6: 차이 | O6: 계획 | P6: 실적 | Q6: 차이 | R6: 전년 | S6: 차이 | T6: 계획 | U6: 실적 | V6: 차이 | W6: 전년 | X6: 차이 | Y6: 계획 | Z6: 실적 | AA6: 전년 | AB6: 계획 | AC6: 실적 | AD6: 전년 | AE6: 계획 | AF6: 실적 | AG6: 전년
B7: 안양 | G7: =+I7 -> 안양 | H7: 레미콘 | I7: 안양 | J7: =+IFERROR(HLOOKUP($B7,'[1]4월누계'!$D$6:$BN$259,2,),)/1000 -> 136 | K7: =+IFERROR(HLOOKUP($B7,'[2]4월누계'!$F$6:$CP$99,2,),)/1000 -> 144.301 | L7: =+K7-J7 -> 8.301 | M7: =+IFERROR(HLOOKUP($B7,'[3]4월누계'!$F$6:$CC$57,2,),)/1000 -> 140.46 | N7: =+K7-M7 -> 3.841 | O7: =+IFERROR(HLOOKUP($B7,'[1]4월누계'!$D$6:$BN$259,3,),)/1000 -> 13355.645 | P7: =+IFERROR(HLOOKUP($B7,'[2]4월누계'!$F$6:$CP$99,3,),)/1000 -> 14674.689 | Q7: =+P7-O7 -> 1319.0442 | R7: =+IFERROR(HLOOKUP($B7,'[3]4월누계'!$F$6:$CC$57,3,),)/1000 -> 13476.409 | S7: =+P7-R7 -> 1198.2797 | T7: =+IFERROR(HLOOKUP($B7,'[1]4월누계'!$D$6:$BN$259,16,),)/1000 -> 1177.9873 | U7: =+IFERROR(HLOOKUP($B7,'[2]4월누계'!$F$6:$CP$99,16,),)/1000 -> 1130.2213 | V7: =+U7-T7 -> -47.765941 | W7: =+IFERROR(HLOOKUP($B7,'[3]4월누계'!$F$6:$CC$57,16,),)/1000 -> 865.27363 | X7: =+U7-W7 -> 264.94771 | Y7: =+[15]안양!$Q$85 -> 98203.27 | Z7: =+[15]안양!$R$85 -> 101697.73 | AA7: =+[16]안양!$Q$85 -> 95926.124 | AB7: =+[15]안양!$Q$89 -> 80019.218 | AC7: =+[15]안양!$R$89 -> 84645.181 | AD7: =+[16]안양!$Q$89 -> 81028.978 | AE7: =+Y7-AB7 -> 18184.052 | AF7: =+Z7-AC7 -> 17052.55 | AG7: =+AA7-AD7 -> 14897.146
B8: 인천 | G8: =+I8 -> 인천 | H8: 직영 | I8: 인천 | J8: =+IFERROR(HLOOKUP($B8,'[1]4월누계'!$D$6:$BN$259,2,),)/1000 -> 117 | K8: =+IFERROR(HLOOKUP($B8,'[2]4월누계'!$F$6:$CP$99,2,),)/1000 -> 110.445 | L8: =+K8-J8 -> -6.555 | M8: =+IFERROR(HLOOKUP($B8,'[3]4월누계'!$F$6:$CC$57,2,),)/1000 -> 103.722 | N8: =+K8-M8 -> 6.723 | O8: =+IFERROR(HLOOKUP($B8,'[1]4월누계'!$D$6:$BN$259,3,),)/1000 -> 11809.958 | P8: =+IFERROR(HLOOKUP($B8,'[2]4월누계'!$F$6:$CP$99,3,),)/1000 -> 11133.834 | Q8: =+P8-O8 -> -676.12421 | R8: =+IFERROR(HLOOKUP($B8,'[3]4월누계'!$F$6:$CC$57,3,),)/1000 -> 10154.913 | S8: =+P8-R8 -> 978.92032 | T8: =+IFERROR(HLOOKUP($B8,'[1]4월누계'!$D$6:$BN$259,16,),)/1000 -> 458.58091 | U8: =+IFERROR(HLOOKUP($B8,'[2]4월누계'!$F$6:$CP$99,16,),)/1000 -> 47.265004 | V8: =+U8-T8 -> -411.3159 | W8: =+IFERROR(HLOOKUP($B8,'[3]4월누계'!$F$6:$CC$57,16,),)/1000 -> 143.88325 | X8: =+U8-W8 -> -96.618244 | Y8: =+[15]인천!$Q$85 -> 100939.81 | Z8: =+[15]인천!$R$85 -> 100917.76 | AA8: =+[16]인천!$Q$85 -> 97920.696 | AB8: =+[15]인천!$Q$89 -> 85610.213 | AC8: =+[15]인천!$R$89 -> 88499.219 | AD8: =+[16]인천!$Q$89 -> 84814.027 | AE8: =+Y8-AB8 -> 15329.598 | AF8: =+Z8-AC8 -> 12418.539 | AG8: =+AA8-AD8 -> 13106.669
B9: 파주 | G9: =+I9 -> 파주 | I9: 파주 | J9: =+IFERROR(HLOOKUP($B9,'[1]4월누계'!$D$6:$BN$259,2,),)/1000 -> 51 | K9: =+IFERROR(HLOOKUP($B9,'[2]4월누계'!$F$6:$CP$99,2,),)/1000 -> 46.641 | L9: =+K9-J9 -> -4.359 | M9: =+IFERROR(HLOOKUP($B9,'[3]4월누계'!$F$6:$CC$57,2,),)/1000 -> 43.281 | N9: =+K9-M9 -> 3.36 | O9: =+IFERROR(HLOOKUP($B9,'[1]4월누계'!$D$6:$BN$259,3,),)/1000 -> 4943.3723 | P9: =+IFERROR(HLOOKUP($B9,'[2]4월누계'!$F$6:$CP$99,3,),)/1000 -> 4630.2796 | Q9: =+P9-O9 -> -313.09265 | R9: =+IFERROR(HLOOKUP($B9,'[3]4월누계'!$F$6:$CC$57,3,),)/1000 -> 3997.0859 | S9: =+P9-R9 -> 633.19368 | T9: =+IFERROR(HLOOKUP($B9,'[1]4월누계'!$D$6:$BN$259,16,),)/1000 -> -113.85017 | U9: =+IFERROR(HLOOKUP($B9,'[2]4월누계'!$F$6:$CP$99,16,),)/1000 -> -215.00812 | V9: =+U9-T9 -> -101.15795 | W9: =+IFERROR(HLOOKUP($B9,'[3]4월누계'!$F$6:$CC$57,16,),)/1000 -> -312.75035 | X9: =+U9-W9 -> 97.742226 | Y9: =+[15]파주!$Q$85 -> 96928.868 | Z9: =+[15]파주!$R$85 -> 99506.675 | AA9: =+[16]파주!$Q$85 -> 92404.744 | AB9: =+[15]파주!$Q$89 -> 80719.375 | AC9: =+[15]파주!$R$89 -> 85550.927 | AD9: =+[16]파주!$Q$89 -> 79057.74 | AE9: =+Y9-AB9 -> 16209.492 | AF9: =+Z9-AC9 -> 13955.748 | AG9: =+AA9-AD9 -> 13347.004
B10: 김포 | G10: =+I10 -> 김포 | I10: 김포 | J10: =+IFERROR(HLOOKUP($B10,'[1]4월누계'!$D$6:$BN$259,2,),)/1000 -> 44 | K10: =+IFERROR(HLOOKUP($B10,'[2]4월누계'!$F$6:$CP$99,2,),)/1000 -> 46.1435 | L10: =+K10-J10 -> 2.1435 | M10: =+IFERROR(HLOOKUP($B10,'[3]4월누계'!$F$6:$CC$57,2,),)/1000 -> 36.927 | N10: =+K10-M10 -> 9.2165 | O10: =+IFERROR(HLOOKUP($B10,'[1]4월누계'!$D$6:$BN$259,3,),)/1000 -> 4359.0183 | P10: =+IFERROR(HLOOKUP($B10,'[2]4월누계'!$F$6:$CP$99,3,),)/1000 -> 4490.6108 | Q10: =+P10-O10 -> 131.59255 | R10: =+IFERROR(HLOOKUP($B10,'[3]4월누계'!$F$6:$CC$57,3,),)/1000 -> 3518.4271 | S10: =+P10-R10 -> 972.18368 | T10: =+IFERROR(HLOOKUP($B10,'[1]4월누계'!$D$6:$BN$259,16,),)/1000 -> 35.074517 | U10: =+IFERROR(HLOOKUP($B10,'[2]4월누계'!$F$6:$CP$99,16,),)/1000 -> -93.164257 | V10: =+U10-T10 -> -128.23877 | W10: =+IFERROR(HLOOKUP($B10,'[3]4월누계'!$F$6:$CC$57,16,),)/1000 -> -50.511174 | X10: =+U10-W10 -> -42.653083 | Y10: =+[15]김포!$Q$85 -> 99068.597 | Z10: =+[15]김포!$R$85 -> 97398.684 | AA10: =+[16]김포!$Q$85 -> 95344.508 | AB10: =+[15]김포!$Q$89 -> 80717.553 | AC10: =+[15]김포!$R$89 -> 82707.763 | AD10: =+[16]김포!$Q$89 -> 78484.915 | AE10: =+Y10-AB10 -> 18351.044 | AF10: =+Z10-AC10 -> 14690.921 | AG10: =+AA10-AD10 -> 16859.593
B11: 부산 | G11: =+I11 -> 부산 | I11: 부산 | J11: =+IFERROR(HLOOKUP($B11,'[1]4월누계'!$D$6:$BN$259,2,),)/1000 -> 74 | K11: =+IFERROR(HLOOKUP($B11,'[2]4월누계'!$F$6:$CP$99,2,),)/1000 -> 83.695 | L11: =+K11-J11 -> 9.695 | M11: =+IFERROR(HLOOKUP($B11,'[3]4월누계'!$F$6:$CC$57,2,),)/1000 -> 74.847 | N11: =+K11-M11 -> 8.848 | O11: =+IFERROR(HLOOKUP($B11,'[1]4월누계'!$D$6:$BN$259,3,),)/1000 -> 8056.6618 | P11: =+IFERROR(HLOOKUP($B11,'[2]4월누계'!$F$6:$CP$99,3,),)/1000 -> 9836.8871 | Q11: =+P11-O11 -> 1780.2253 | R11: =+IFERROR(HLOOKUP($B11,'[3]4월누계'!$F$6:$CC$57,3,),)/1000 -> 7925.726 | S11: =+P11-R11 -> 1911.161 | T11: =+IFERROR(HLOOKUP($B11,'[1]4월누계'!$D$6:$BN$259,16,),)/1000 -> 642.36279 | U11: =+IFERROR(HLOOKUP($B11,'[2]4월누계'!$F$6:$CP$99,16,),)/1000 -> 1003.604 | V11: =+U11-T11 -> 361.2412 | W11: =+IFERROR(HLOOKUP($B11,'[3]4월누계'!$F$6:$CC$57,16,),)/1000 -> 676.07838 | X11: =+U11-W11 -> 327.52561 | Y11: =+[15]부산!$Q$85 -> 108873.81 | Z11: =+[15]부산!$R$85 -> 117532.55 | AA11: =+[16]부산!$Q$85 -> 105892.37 | AB11: =+[15]부산!$Q$89 -> 85639.145 | AC11: =+[15]부산!$R$89 -> 92871.972 | AD11: =+[16]부산!$Q$89 -> 83622.631 | AE11: =+Y11-AB11 -> 23234.662 | AF11: =+Z11-AC11 -> 24660.581 | AG11: =+AA11-AD11 -> 22269.737
B12: 서부산 | G12: =+I12 -> 서부산 | I12: 서부산 | J12: =+IFERROR(HLOOKUP($B12,'[1]4월누계'!$D$6:$BN$259,2,),)/1000 -> 75 | K12: =+IFERROR(HLOOKUP($B12,'[2]4월누계'!$F$6:$CP$99,2,),)/1000 -> 70.426 | L12: =+K12-J12 -> -4.574 | M12: =+IFERROR(HLOOKUP($B12,'[3]4월누계'!$F$6:$CC$57,2,),)/1000 -> 67.223 | N12: =+K12-M12 -> 3.203 | O12: =+IFERROR(HLOOKUP($B12,'[1]4월누계'!$D$6:$BN$259,3,),)/1000 -> 7667.6475 | P12: =+IFERROR(HLOOKUP($B12,'[2]4월누계'!$F$6:$CP$99,3,),)/1000 -> 7264.385 | Q12: =+P12-O12 -> -403.26252 | R12: =+IFERROR(HLOOKUP($B12,'[3]4월누계'!$F$6:$CC$57,3,),)/1000 -> 6505.48 | S12: =+P12-R12 -> 758.90499 | T12: =+IFERROR(HLOOKUP($B12,'[1]4월누계'!$D$6:$BN$259,16,),)/1000 -> 910.42828 | U12: =+IFERROR(HLOOKUP($B12,'[2]4월누계'!$F$6:$CP$99,16,),)/1000 -> 554.00182 | V12: =+U12-T12 -> -356.42646 | W12: =+IFERROR(HLOOKUP($B12,'[3]4월누계'!$F$6:$CC$57,16,),)/1000 -> 414.88535 | X12: =+U12-W12 -> 139.11648 | Y12: =+[15]서부산!$Q$85 -> 102235.3 | Z12: =+[15]서부산!$R$85 -> 103146.42 | AA12: =+[16]서부산!$Q$85 -> 96774.616 | AB12: =+[15]서부산!$Q$89 -> 78004.023 | AC12: =+[15]서부산!$R$89 -> 81626.512 | AD12: =+[16]서부산!$Q$89 -> 77141.006 | AE12: =+Y12-AB12 -> 24231.278 | AF12: =+Z12-AC12 -> 21519.905 | AG12: =+AA12-AD12 -> 19633.61
B13: 김해 | G13: =+I13 -> 김해 | I13: 김해 | J13: =+IFERROR(HLOOKUP($B13,'[1]4월누계'!$D$6:$BN$259,2,),)/1000 -> 33 | K13: =+IFERROR(HLOOKUP($B13,'[2]4월누계'!$F$6:$CP$99,2,),)/1000 -> 23.4325 | L13: =+K13-J13 -> -9.5675 | M13: =+IFERROR(HLOOKUP($B13,'[3]4월누계'!$F$6:$CC$57,2,),)/1000 -> 34.275 | N13: =+K13-M13 -> -10.8425 | O13: =+IFERROR(HLOOKUP($B13,'[1]4월누계'!$D$6:$BN$259,3,),)/1000 -> 3270.0859 | P13: =+IFERROR(HLOOKUP($B13,'[2]4월누계'!$F$6:$CP$99,3,),)/1000 -> 2298.8457 | Q13: =+P13-O13 -> -971.2401 | R13: =+IFERROR(HLOOKUP($B13,'[3]4월누계'!$F$6:$CC$57,3,),)/1000 -> 3117.4157 | S13: =+P13-R13 -> -818.56995 | T13: =+IFERROR(HLOOKUP($B13,'[1]4월누계'!$D$6:$BN$259,16,),)/1000 -> 74.222074 | U13: =+IFERROR(HLOOKUP($B13,'[2]4월누계'!$F$6:$CP$99,16,),)/1000 -> -125.69932 | V13: =+U13-T13 -> -199.9214 | W13: =+IFERROR(HLOOKUP($B13,'[3]4월누계'!$F$6:$CC$57,16,),)/1000 -> -105.52443 | X13: =+U13-W13 -> -20.174892 | Y13: =+[15]김해!$Q$85 -> 99093.511 | Z13: =+[15]김해!$R$85 -> 98105.014 | AA13: =+[16]김해!$Q$85 -> 90917.487 | AB13: =+[15]김해!$Q$89 -> 78945.67 | AC13: =+[15]김해!$R$89 -> 79340.862 | AD13: =+[16]김해!$Q$89 -> 76591.029 | AE13: =+Y13-AB13 -> 20147.841 | AF13: =+Z13-AC13 -> 18764.152 | AG13: =+AA13-AD13 -> 14326.458
B14: 정관 | G14: =+I14 -> 정관 | I14: 정관 | J14: =+IFERROR(HLOOKUP($B14,'[1]4월누계'!$D$6:$BN$259,2,),)/1000 -> 80 | K14: =+IFERROR(HLOOKUP($B14,'[2]4월누계'!$F$6:$CP$99,2,),)/1000 -> 51.809 | L14: =+K14-J14 -> -28.191 | M14: =+IFERROR(HLOOKUP($B14,'[3]4월누계'!$F$6:$CC$57,2,),)/1000 -> 77.9715 | N14: =+K14-M14 -> -26.1625 | O14: =+IFERROR(HLOOKUP($B14,'[1]4월누계'!$D$6:$BN$259,3,),)/1000 -> 8256.6393 | P14: =+IFERROR(HLOOKUP($B14,'[2]4월누계'!$F$6:$CP$99,3,),)/1000 -> 5434.6284 | Q14: =+P14-O14 -> -2822.0109 | R14: =+IFERROR(HLOOKUP($B14,'[3]4월누계'!$F$6:$CC$57,3,),)/1000 -> 7962.4658 | S14: =+P14-R14 -> -2527.8374 | T14: =+IFERROR(HLOOKUP($B14,'[1]4월누계'!$D$6:$BN$259,16,),)/1000 -> 699.57932 | U14: =+IFERROR(HLOOKUP($B14,'[2]4월누계'!$F$6:$CP$99,16,),)/1000 -> 116.17425 | V14: =+U14-T14 -> -583.40507 | W14: =+IFERROR(HLOOKUP($B14,'[3]4월누계'!$F$6:$CC$57,16,),)/1000 -> 647.1619 | X14: =+U14-W14 -> -530.98765 | Y14: =+[15]정관!$Q$85 -> 103207.99 | Z14: =+[15]정관!$R$85 -> 104897.38 | AA14: =+[16]정관!$Q$85 -> 102120.21 | AB14: =+[15]정관!$Q$89 -> 83127.016 | AC14: =+[15]정관!$R$89 -> 84616.84 | AD14: =+[16]정관!$Q$89 -> 84055.178 | AE14: =+Y14-AB14 -> 20080.975 | AF14: =+Z14-AC14 -> 20280.541 | AG14: =+AA14-AD14 -> 18065.03
B15: 양산 | G15: =+I15 -> 양산 | I15: 양산 | J15: =+IFERROR(HLOOKUP($B15,'[1]4월누계'!$D$6:$BN$259,2,),)/1000 -> 31 | K15: =+IFERROR(HLOOKUP($B15,'[2]4월누계'!$F$6:$CP$99,2,),)/1000 -> 20.555 | L15: =+K15-J15 -> -10.445 | M15: =+IFERROR(HLOOKUP($B15,'[3]4월누계'!$F$6:$CC$57,2,),)/1000 -> 29.916 | N15: =+K15-M15 -> -9.361 | O15: =+IFERROR(HLOOKUP($B15,'[1]4월누계'!$D$6:$BN$259,3,),)/1000 -> 3066.6274 | P15: =+IFERROR(HLOOKUP($B15,'[2]4월누계'!$F$6:$CP$99,3,),)/1000 -> 2081.6171 | Q15: =+P15-O15 -> -985.01028 | R15: =+IFERROR(HLOOKUP($B15,'[3]4월누계'!$F$6:$CC$57,3,),)/1000 -> 2823.58 | S15: =+P15-R15 -> -741.96293 | T15: =+IFERROR(HLOOKUP($B15,'[1]4월누계'!$D$6:$BN$259,16,),)/1000 -> 103.39075 | U15: =+IFERROR(HLOOKUP($B15,'[2]4월누계'!$F$6:$CP$99,16,),)/1000 -> -65.455742 | V15: =+U15-T15 -> -168.84649 | W15: =+IFERROR(HLOOKUP($B15,'[3]4월누계'!$F$6:$CC$57,16,),)/1000 -> 20.936167 | X15: =+U15-W15 -> -86.391909 | Y15: =+[15]양산!$Q$85 -> 98923.464 | Z15: =+[15]양산!$R$85 -> 101270.6 | AA15: =+[16]양산!$Q$85 -> 94383.608 | AB15: =+[15]양산!$Q$89 -> 76420.559 | AC15: =+[15]양산!$R$89 -> 78769.75 | AD15: =+[16]양산!$Q$89 -> 73513.549 | AE15: =+Y15-AB15 -> 22502.905 | AF15: =+Z15-AC15 -> 22500.846 | AG15: =+AA15-AD15 -> 20870.06
B16: 창원 | G16: =+I16 -> 창원 | I16: 창원 | J16: =+IFERROR(HLOOKUP($B16,'[1]4월누계'!$D$6:$BN$259,2,),)/1000 -> 42 | K16: =+IFERROR(HLOOKUP($B16,'[2]4월누계'!$F$6:$CP$99,2,),)/1000 -> 37.153 | L16: =+K16-J16 -> -4.847 | M16: =+IFERROR(HLOOKUP($B16,'[3]4월누계'!$F$6:$CC$57,2,),)/1000 -> 43.261 | N16: =+K16-M16 -> -6.108 | O16: =+IFERROR(HLOOKUP($B16,'[1]4월누계'!$D$6:$BN$259,3,),)/1000 -> 4100.8191 | P16: =+IFERROR(HLOOKUP($B16,'[2]4월누계'!$F$6:$CP$99,3,),)/1000 -> 3585.0197 | Q16: =+P16-O16 -> -515.79941 | R16: =+IFERROR(HLOOKUP($B16,'[3]4월누계'!$F$6:$CC$57,3,),)/1000 -> 4266.6756 | S16: =+P16-R16 -> -681.65593 | T16: =+IFERROR(HLOOKUP($B16,'[1]4월누계'!$D$6:$BN$259,16,),)/1000 -> 110.51912 | U16: =+IFERROR(HLOOKUP($B16,'[2]4월누계'!$F$6:$CP$99,16,),)/1000 -> 82.022063 | V16: =+U16-T16 -> -28.497058 | W16: =+IFERROR(HLOOKUP($B16,'[3]4월누계'!$F$6:$CC$57,16,),)/1000 -> 332.12888 | X16: =+U16-W16 -> -250.10682 | Y16: =+[15]창원!$Q$85 -> 97638.55 | Z16: =+[15]창원!$R$85 -> 96493.411 | AA16: =+[16]창원!$Q$85 -> 98626.375 | AB16: =+[15]창원!$Q$89 -> 77956.032 | AC16: =+[15]창원!$R$89 -> 74419.601 | AD16: =+[16]창원!$Q$89 -> 74300.811 | AE16: =+Y16-AB16 -> 19682.518 | AF16: =+Z16-AC16 -> 22073.81 | AG16: =+AA16-AD16 -> 24325.565
B17: 대구 | G17: =+I17 -> 대구 | I17: 대구 | J17: =+IFERROR(HLOOKUP($B17,'[1]4월누계'!$D$6:$BN$259,2,),)/1000 -> 29 | K17: =+IFERROR(HLOOKUP($B17,'[2]4월누계'!$F$6:$CP$99,2,),)/1000 -> 15.9715 | L17: =+K17-J17 -> -13.0285 | M17: =+IFERROR(HLOOKUP($B17,'[3]4월누계'!$F$6:$CC$57,2,),)/1000 -> 41.9215 | N17: =+K17-M17 -> -25.95 | O17: =+IFERROR(HLOOKUP($B17,'[1]4월누계'!$D$6:$BN$259,3,),)/1000 -> 2628.6791 | P17: =+IFERROR(HLOOKUP($B17,'[2]4월누계'!$F$6:$CP$99,3,),)/1000 -> 1342.623 | Q17: =+P17-O17 -> -1286.0561 | R17: =+IFERROR(HLOOKUP($B17,'[3]4월누계'!$F$6:$CC$57,3,),)/1000 -> 3851.6996 | S17: =+P17-R17 -> -2509.0766 | T17: =+IFERROR(HLOOKUP($B17,'[1]4월누계'!$D$6:$BN$259,16,),)/1000 -> -85.566447 | U17: =+IFERROR(HLOOKUP($B17,'[2]4월누계'!$F$6:$CP$99,16,),)/1000 -> -368.22257 | V17: =+U17-T17 -> -282.65613 | W17: =+IFERROR(HLOOKUP($B17,'[3]4월누계'!$F$6:$CC$57,16,),)/1000 -> 61.16904 | X17: =+U17-W17 -> -429.39161 | Y17: =+[15]대구!$Q$85 -> 90644.108 | Z17: =+[15]대구!$R$85 -> 84063.677 | AA17: =+[16]대구!$Q$85 -> 91878.859 | AB17: =+[15]대구!$Q$89 -> 72016.142 | AC17: =+[15]대구!$R$89 -> 70883.216 | AD17: =+[16]대구!$Q$89 -> 74846.671 | AE17: =+Y17-AB17 -> 18627.966 | AF17: =+Z17-AC17 -> 13180.461 | AG17: =+AA17-AD17 -> 17032.188
B18: 울산 | G18: =+I18 -> 울산 | I18: 울산 | J18: =+IFERROR(HLOOKUP($B18,'[1]4월누계'!$D$6:$BN$259,2,),)/1000 -> 36 | K18: =+IFERROR(HLOOKUP($B18,'[2]4월누계'!$F$6:$CP$99,2,),)/1000 -> 46.439 | L18: =+K18-J18 -> 10.439 | M18: =+IFERROR(HLOOKUP($B18,'[3]4월누계'!$F$6:$CC$57,2,),)/1000 -> 44.811 | N18: =+K18-M18 -> 1.628 | O18: =+IFERROR(HLOOKUP($B18,'[1]4월누계'!$D$6:$BN$259,3,),)/1000 -> 3758.3069 | P18: =+IFERROR(HLOOKUP($B18,'[2]4월누계'!$F$6:$CP$99,3,),)/1000 -> 4941.381 | Q18: =+P18-O18 -> 1183.0741 | R18: =+IFERROR(HLOOKUP($B18,'[3]4월누계'!$F$6:$CC$57,3,),)/1000 -> 4723.1276 | S18: =+P18-R18 -> 218.2534 | T18: =+IFERROR(HLOOKUP($B18,'[1]4월누계'!$D$6:$BN$259,16,),)/1000 -> 49.217038 | U18: =+IFERROR(HLOOKUP($B18,'[2]4월누계'!$F$6:$CP$99,16,),)/1000 -> 305.0153 | V18: =+U18-T18 -> 255.79826 | W18: =+IFERROR(HLOOKUP($B18,'[3]4월누계'!$F$6:$CC$57,16,),)/1000 -> 419.25622 | X18: =+U18-W18 -> -114.24092 | Y18: =+[15]울산!$Q$85 -> 104397.41 | Z18: =+[15]울산!$R$85 -> 106405.84 | AA18: =+[16]울산!$Q$85 -> 105401.08 | AB18: =+[15]울산!$Q$89 -> 85377.175 | AC18: =+[15]울산!$R$89 -> 85866.296 | AD18: =+[16]울산!$Q$89 -> 83489.312 | AE18: =+Y18-AB18 -> 19020.24 | AF18: =+Z18-AC18 -> 20539.548 | AG18: =+AA18-AD18 -> 21911.764
B19: 아산 | G19: =+I19 -> 아산 | I19: 아산 | J19: =+IFERROR(HLOOKUP($B19,'[1]4월누계'!$D$6:$BN$259,2,),)/1000 -> 65 | K19: =+IFERROR(HLOOKUP($B19,'[2]4월누계'!$F$6:$CP$99,2,),)/1000 -> 76.852 | L19: =+K19-J19 -> 11.852 | M19: =+IFERROR(HLOOKUP($B19,'[3]4월누계'!$F$6:$CC$57,2,),)/1000 -> 81.34 | N19: =+K19-M19 -> -4.488 | O19: =+IFERROR(HLOOKUP($B19,'[1]4월누계'!$D$6:$BN$259,3,),)/1000 -> 6379.6834 | P19: =+IFERROR(HLOOKUP($B19,'[2]4월누계'!$F$6:$CP$99,3,),)/1000 -> 7706.1501 | Q19: =+P19-O19 -> 1326.4667 | R19: =+IFERROR(HLOOKUP($B19,'[3]4월누계'!$F$6:$CC$57,3,),)/1000 -> 8067.0731 | S19: =+P19-R19 -> -360.9229 | T19: =+IFERROR(HLOOKUP($B19,'[1]4월누계'!$D$6:$BN$259,16,),)/1000 -> 189.96502 | U19: =+IFERROR(HLOOKUP($B19,'[2]4월누계'!$F$6:$CP$99,16,),)/1000 -> 197.6079 | V19: =+U19-T19 -> 7.6428799 | W19: =+IFERROR(HLOOKUP($B19,'[3]4월누계'!$F$6:$CC$57,16,),)/1000 -> 357.75961 | X19: =+U19-W19 -> -160.15171 | Y19: =+[15]아산!$Q$85 -> 98148.975 | Z19: =+[15]아산!$R$85 -> 100272.6 | AA19: =+[16]아산!$Q$85 -> 99154.798 | AB19: =+[15]아산!$Q$89 -> 79629.586 | AC19: =+[15]아산!$R$89 -> 84385.062 | AD19: =+[16]아산!$Q$89 -> 82952.716 | AE19: =+Y19-AB19 -> 18519.389 | AF19: =+Z19-AC19 -> 15887.542 | AG19: =+AA19-AD19 -> 16202.082
B20: 전주 | G20: =+I20 -> 전주 | I20: 전주 | J20: =+IFERROR(HLOOKUP($B20,'[1]4월누계'!$D$6:$BN$259,2,),)/1000 -> 32 | K20: =+IFERROR(HLOOKUP($B20,'[2]4월누계'!$F$6:$CP$99,2,),)/1000 -> 42.0175 | L20: =+K20-J20 -> 10.0175 | M20: =+IFERROR(HLOOKUP($B20,'[3]4월누계'!$F$6:$CC$57,2,),)/1000 -> 60.048 | N20: =+K20-M20 -> -18.0305 | O20: =+IFERROR(HLOOKUP($B20,'[1]4월누계'!$D$6:$BN$259,3,),)/1000 -> 3261.128 | P20: =+IFERROR(HLOOKUP($B20,'[2]4월누계'!$F$6:$CP$99,3,),)/1000 -> 4152.283 | Q20: =+P20-O20 -> 891.15495 | R20: =+IFERROR(HLOOKUP($B20,'[3]4월누계'!$F$6:$CC$57,3,),)/1000 -> 5832.2444 | S20: =+P20-R20 -> -1679.9614 | T20: =+IFERROR(HLOOKUP($B20,'[1]4월누계'!$D$6:$BN$259,16,),)/1000 -> 121.85629 | U20: =+IFERROR(HLOOKUP($B20,'[2]4월누계'!$F$6:$CP$99,16,),)/1000 -> 108.54904 | V20: =+U20-T20 -> -13.307244 | W20: =+IFERROR(HLOOKUP($B20,'[3]4월누계'!$F$6:$CC$57,16,),)/1000 -> 686.34032 | X20: =+U20-W20 -> -577.79127 | Y20: =+[15]전주!$Q$85 -> 101910.25 | Z20: =+[15]전주!$R$85 -> 98832.979 | AA20: =+[16]전주!$Q$85 -> 97128.153 | AB20: =+[15]전주!$Q$89 -> 77825.031 | AC20: =+[15]전주!$R$89 -> 80717.134 | AD20: =+[16]전주!$Q$89 -> 75272.977 | AE20: =+Y20-AB20 -> 24085.221 | AF20: =+Z20-AC20 -> 18115.845 | AG20: =+AA20-AD20 -> 21855.176
B21: 군산 | G21: =+I21 -> 군산 | I21: 군산 | J21: =+IFERROR(HLOOKUP($B21,'[1]4월누계'!$D$6:$BN$259,2,),)/1000 -> 14.5 | K21: =+IFERROR(HLOOKUP($B21,'[2]4월누계'!$F$6:$CP$99,2,),)/1000 -> 14.1955 | L21: =+K21-J21 -> -0.3045 | M21: =+IFERROR(HLOOKUP($B21,'[3]4월누계'!$F$6:$CC$57,2,),)/1000 -> 19.002 | N21: =+K21-M21 -> -4.8065 | O21: =+IFERROR(HLOOKUP($B21,'[1]4월누계'!$D$6:$BN$259,3,),)/1000 -> 1629.9829 | P21: =+IFERROR(HLOOKUP($B21,'[2]4월누계'!$F$6:$CP$99,3,),)/1000 -> 1573.8504 | Q21: =+P21-O21 -> -56.132504 | R21: =+IFERROR(HLOOKUP($B21,'[3]4월누계'!$F$6:$CC$57,3,),)/1000 -> 2081.4383 | S21: =+P21-R21 -> -507.58791 | T21: =+IFERROR(HLOOKUP($B21,'[1]4월누계'!$D$6:$BN$259,16,),)/1000 -> 198.73914 | U21: =+IFERROR(HLOOKUP($B21,'[2]4월누계'!$F$6:$CP$99,16,),)/1000 -> 168.4954 | V21: =+U21-T21 -> -30.243744 | W21: =+IFERROR(HLOOKUP($B21,'[3]4월누계'!$F$6:$CC$57,16,),)/1000 -> 373.7742 | X21: =+U21-W21 -> -205.27881 | Y21: =+[15]군산!$Q$85 -> 112412.61 | Z21: =+[15]군산!$R$85 -> 110872.8 | AA21: =+[16]군산!$Q$85 -> 109537.85 | AB21: =+[15]군산!$Q$89 -> 74333.176 | AC21: =+[15]군산!$R$89 -> 74513.57 | AD21: =+[16]군산!$Q$89 -> 72378.669 | AE21: =+Y21-AB21 -> 38079.436 | AF21: =+Z21-AC21 -> 36359.228 | AG21: =+AA21-AD21 -> 37159.183
B22: 원주 | G22: =+I22 -> 원주 | I22: 원주 | J22: =+IFERROR(HLOOKUP($B22,'[1]4월누계'!$D$6:$BN$259,2,),)/1000 -> 13.9998 | K22: =+IFERROR(HLOOKUP($B22,'[2]4월누계'!$F$6:$CP$99,2,),)/1000 -> 12.109 | L22: =+K22-J22 -> -1.8908 | M22: =+IFERROR(HLOOKUP($B22,'[3]4월누계'!$F$6:$CC$57,2,),)/1000 -> 8.438 | N22: =+K22-M22 -> 3.671 | O22: =+IFERROR(HLOOKUP($B22,'[1]4월누계'!$D$6:$BN$259,3,),)/1000 -> 1579.0682 | P22: =+IFERROR(HLOOKUP($B22,'[2]4월누계'!$F$6:$CP$99,3,),)/1000 -> 1451.9325 | Q22: =+P22-O22 -> -127.13571 | R22: =+IFERROR(HLOOKUP($B22,'[3]4월누계'!$F$6:$CC$57,3,),)/1000 -> 906.7615 | S22: =+P22-R22 -> 545.17096 | T22: =+IFERROR(HLOOKUP($B22,'[1]4월누계'!$D$6:$BN$259,16,),)/1000 -> 177.06889 | U22: =+IFERROR(HLOOKUP($B22,'[2]4월누계'!$F$6:$CP$99,16,),)/1000 -> 179.33825 | V22: =+U22-T22 -> 2.2693616 | W22: =+IFERROR(HLOOKUP($B22,'[3]4월누계'!$F$6:$CC$57,16,),)/1000 -> -61.959749 | X22: =+U22-W22 -> 241.298 | Y22: =+[15]원주!$Q$85 -> 112792.19 | Z22: =+[15]원주!$R$85 -> 119902.71 | AA22: =+[16]원주!$Q$85 -> 107461.66 | AB22: =+[15]원주!$Q$89 -> 72749.566 | AC22: =+[15]원주!$R$89 -> 77051.673 | AD22: =+[16]원주!$Q$89 -> 73849.071 | AE22: =+Y22-AB22 -> 40042.629 | AF22: =+Z22-AC22 -> 42851.033 | AG22: =+AA22-AD22 -> 33612.591
B23: 제주 | F23: =+K27-J27 -> -39.1453 | G23: =+I23 -> 제주 | I23: 제주 | J23: =+IFERROR(HLOOKUP($B23,'[1]4월누계'!$D$6:$BN$259,2,),)/1000 -> 23 | K23: =+IFERROR(HLOOKUP($B23,'[2]4월누계'!$F$6:$CP$99,2,),)/1000 -> 15.169 | L23: =+K23-J23 -> -7.831 | M23: =+IFERROR(HLOOKUP($B23,'[3]4월누계'!$F$6:$CC$57,2,),)/1000 -> 23.9945 | N23: =+K23-M23 -> -8.8255 | O23: =+IFERROR(HLOOKUP($B23,'[1]4월누계'!$D$6:$BN$259,3,),)/1000 -> 2801.0064 | P23: =+IFERROR(HLOOKUP($B23,'[2]4월누계'!$F$6:$CP$99,3,),)/1000 -> 1936.4185 | Q23: =+P23-O23 -> -864.58797 | R23: =+IFERROR(HLOOKUP($B23,'[3]4월누계'!$F$6:$CC$57,3,),)/1000 -> 2928.0383 | S23: =+P23-R23 -> -991.61983 | T23: =+IFERROR(HLOOKUP($B23,'[1]4월누계'!$D$6:$BN$259,16,),)/1000 -> 207.57528 | U23: =+IFERROR(HLOOKUP($B23,'[2]4월누계'!$F$6:$CP$99,16,),)/1000 -> 46.803205 | V23: =+U23-T23 -> -160.77208 | W23: =+IFERROR(HLOOKUP($B23,'[3]4월누계'!$F$6:$CC$57,16,),)/1000 -> 355.76526 | X23: =+U23-W23 -> -308.96206 | Y23: =+[15]제주!$Q$85 -> 121782.89 | Z23: =+[15]제주!$R$85 -> 127613.44 | AA23: =+[16]제주!$Q$85 -> 121628.84 | AB23: =+[15]제주!$Q$89 -> 94471.123 | AC23: =+[15]제주!$R$89 -> 98913.413 | AD23: =+[16]제주!$Q$89 -> 90280.535 | AE23: =+Y23-AB23 -> 27311.766 | AF23: =+Z23-AC23 -> 28700.028 | AG23: =+AA23-AD23 -> 31348.305
F24: =+K24/J24 -> 0.99865086 | G24: =+I24 -> 수도권 | I24: 수도권 | J24: =SUM(J7:J10) -> 348 | K24: =SUM(K7:K10) -> 347.5305 | L24: =+K24-J24 -> -0.4695 | M24: =SUM(M7:M10) -> 324.39 | N24: =+K24-M24 -> 23.1405 | O24: =SUM(O7:O10) -> 34467.993 | P24: =SUM(P7:P10) -> 34929.413 | Q24: =+P24-O24 -> 461.41988 | R24: =SUM(R7:R10) -> 31146.836 | S24: =+P24-R24 -> 3782.5773 | T24: =SUM(T7:T10) -> 1557.7925 | U24: =SUM(U7:U10) -> 869.31396 | V24: =+U24-T24 -> -688.47857 | W24: =SUM(W7:W10) -> 645.89535 | X24: =+U24-W24 -> 223.41861 | Y24: =+[15]수도권!$Q$85 -> 99045.957 | Z24: =+[15]수도권!$R$85 -> 100591.01 | AA24: =+[16]수도권!$Q$85 -> 96029.099 | AB24: =+[15]수도권!$Q$89 -> 82089.854 | AC24: =+[15]수도권!$R$89 -> 85731.449 | AD24: =+[16]수도권!$Q$89 -> 81690.859 | AE24: =+Y24-AB24 -> 16956.104 | AF24: =+Z24-AC24 -> 14859.558 | AG24: =+AA24-AD24 -> 14338.241
F25: =+K25/J25 -> 0.8737025 | G25: =+I25 -> 영남권 | I25: 영남권 | J25: =SUM(J11:J18) -> 400 | K25: =SUM(K11:K18) -> 349.481 | L25: =+K25-J25 -> -50.519 | M25: =SUM(M11:M18) -> 414.226 | N25: =+K25-M25 -> -64.745 | O25: =SUM(O11:O18) -> 40805.467 | P25: =SUM(P11:P18) -> 36785.387 | Q25: =+P25-O25 -> -4020.08 | R25: =SUM(R11:R18) -> 41176.17 | S25: =+P25-R25 -> -4390.7833 | T25: =SUM(T11:T18) -> 2504.1529 | U25: =SUM(U11:U18) -> 1501.4398 | V25: =+U25-T25 -> -1002.7131 | W25: =SUM(W11:W18) -> 2466.0915 | X25: =+U25-W25 -> -964.65172 | Y25: =+[15]영남권!$Q$85 -> 102013.67 | Z25: =+[15]영남권!$R$85 -> 105256.63 | AA25: =+[16]영남권!$Q$85 -> 99408.906 | AB25: =+[15]영남권!$Q$89 -> 80620.51 | AC25: =+[15]영남권!$R$89 -> 83747.633 | AD25: =+[16]영남권!$Q$89 -> 79437.509 | AE25: =+Y25-AB25 -> 21393.158 | AF25: =+Z25-AC25 -> 21508.995 | AG25: =+AA25-AD25 -> 19971.397
F26: =+K26/J26 -> 1.0797523 | G26: =+I26 -> 중부권 | I26: 중부권 | J26: =SUM(J19:J23) -> 148.4998 | K26: =SUM(K19:K23) -> 160.343 | L26: =+K26-J26 -> 11.8432 | M26: =SUM(M19:M23) -> 192.8225 | N26: =+K26-M26 -> -32.4795 | O26: =SUM(O19:O23) -> 15650.869 | P26: =SUM(P19:P23) -> 16820.634 | Q26: =+P26-O26 -> 1169.7655 | R26: =SUM(R19:R23) -> 19815.556 | S26: =+P26-R26 -> -2994.9211 | T26: =SUM(T19:T23) -> 895.20462 | U26: =SUM(U19:U23) -> 700.7938 | V26: =+U26-T26 -> -194.41082 | W26: =SUM(W19:W23) -> 1711.6796 | X26: =+U26-W26 -> -1010.8858 | Y26: =+[15]중부권!$Q$85 -> 105393.2 | Z26: =+[15]중부권!$R$85 -> 104884.71 | AA26: =+[16]중부권!$Q$85 -> 102615.38 | AB26: =+[15]중부권!$Q$89 -> 80373.646 | AC26: =+[15]중부권!$R$89 -> 83357.543 | AD26: =+[16]중부권!$Q$89 -> 79981.591 | AE26: =+Y26-AB26 -> 25019.553 | AF26: =+Z26-AC26 -> 21527.163 | AG26: =+AA26-AD26 -> 22633.79
F27: =+K27/M27 -> 0.92046281 | G27: =+K27/J27 -> 0.95633541 | H27: 레미콘 계 | J27: =SUM(J24:J26) -> 896.4998 | K27: =SUM(K24:K26) -> 857.3545 | L27: =+K27-J27 -> -39.1453 | M27: =SUM(M24:M26) -> 931.4385 | N27: =+K27-M27 -> -74.084 | O27: =SUM(O24:O26) -> 90924.329 | P27: =SUM(P24:P26) -> 88535.435 | Q27: =+P27-O27 -> -2388.8946 | R27: =SUM(R24:R26) -> 92138.562 | S27: =+P27-R27 -> -3603.1271 | T27: =SUM(T24:T26) -> 4957.1501 | U27: =SUM(U24:U26) -> 3071.5475 | V27: =+U27-T27 -> -1885.6025 | W27: =SUM(W24:W26) -> 4823.6665 | X27: =+U27-W27 -> -1752.119 | Y27: =+[15]합계!$Q$85 -> 101421.47 | Z27: =+[15]합계!$R$85 -> 103305.13 | AA27: =+[16]합계!$Q$85 -> 98896.82 | AB27: =+[15]합계!$Q$89 -> 81149.983 | AC27: =+[15]합계!$R$89 -> 84474.278 | AD27: =+[16]합계!$Q$89 -> 80327.119 | AE27: =+Y27-AB27 -> 20271.489 | AF27: =+Z27-AC27 -> 18830.851 | AG27: =+AA27-AD27 -> 18569.701 | AI27: =+AF27-AE27 -> -1440.638
B28: 건자재 | E28: 건자재영업 | G28: 건자재 | H28: 골재 | I28: 부산모래장 | J28: =+IFERROR(HLOOKUP($B29,'[1]4월누계'!$D$6:$BN$259,2,),)/1000 -> 81.115236 | K28: =+IFERROR(HLOOKUP($C29,'[2]4월누계'!$F$6:$CP$99,2,),)/1000 -> 75.851 | L28: =+K28-J28 -> -5.2642355 | M28: =+IFERROR(HLOOKUP($C29,'[3]4월누계'!$F$6:$CC$57,2,),)/1000 -> 94.411 | N28: =+K28-M28 -> -18.56 | O28: =+IFERROR(HLOOKUP($B29,'[1]4월누계'!$D$6:$BN$259,3,),)/1000 -> 2309.5713 | P28: =+IFERROR(HLOOKUP($C29,'[2]4월누계'!$F$6:$CP$99,3,),)/1000 -> 2148.6045 | Q28: =+P28-O28 -> -160.96678 | R28: =+IFERROR(HLOOKUP($C29,'[3]4월누계'!$F$6:$CC$57,3,),)/1000 -> 2729.2325 | S28: =+P28-R28 -> -580.628 | T28: =+IFERROR(HLOOKUP($B29,'[1]4월누계'!$D$6:$BN$259,21,),)/1000 -> 56.526575 | U28: =+IFERROR(HLOOKUP($C29,'[2]4월누계'!$F$6:$CP$99,21,),)/1000 -> 41.090265 | V28: =+U28-T28 -> -15.43631 | W28: =+IFERROR(HLOOKUP($C29,'[3]4월누계'!$F$6:$CC$57,21,),)/1000 -> 3.7498764 | X28: =+U28-W28 -> 37.340389
B29: 부산모래장 | C29: 부산골재 | G29: =+I28 -> 부산모래장 | I29: 서부산CR | J29: =+IFERROR(HLOOKUP($B30,'[1]4월누계'!$D$6:$BN$259,2,),)/1000 -> 174.04544 | K29: =+IFERROR(HLOOKUP($C30,'[2]4월누계'!$F$6:$CP$99,2,),)/1000 -> 109.404 | L29: =+K29-J29 -> -64.64144 | M29: =+IFERROR(HLOOKUP($C30,'[3]4월누계'!$F$6:$CC$57,2,),)/1000 -> 73.478 | N29: =+K29-M29 -> 35.926 | O29: =+IFERROR(HLOOKUP($B30,'[1]4월누계'!$D$6:$BN$259,3,),)/1000 -> 2254.73 | P29: =+IFERROR(HLOOKUP($C30,'[2]4월누계'!$F$6:$CP$99,3,),)/1000 -> 1532.48 | Q29: =+P29-O29 -> -722.25002 | R29: =+IFERROR(HLOOKUP($C30,'[3]4월누계'!$F$6:$CC$57,3,),)/1000 -> 1042.126 | S29: =+P29-R29 -> 490.354 | T29: =+IFERROR(HLOOKUP($B30,'[1]4월누계'!$D$6:$BN$259,21,),)/1000 -> 217.60404 | U29: =+IFERROR(HLOOKUP($C30,'[2]4월누계'!$F$6:$CP$99,21,),)/1000 -> -104.22862 | V29: =+U29-T29 -> -321.83266 | W29: =+IFERROR(HLOOKUP($C30,'[3]4월누계'!$F$6:$CC$57,21,),)/1000 -> 154.62182 | X29: =+U29-W29 -> -258.85044
B30: 서부산크라샤 | C30: 서부산골재 | G30: =+I29 -> 서부산CR | I30: 부산CR | J30: =+IFERROR(HLOOKUP($B31,'[1]4월누계'!$D$6:$BN$259,2,),)/1000 -> 18.22024 | K30: =+IFERROR(HLOOKUP($C31,'[2]4월누계'!$F$6:$CP$99,2,),)/1000 -> 63.468 | L30: =+K30-J30 -> 45.24776 | M30: =+IFERROR(HLOOKUP($C31,'[3]4월누계'!$F$6:$CC$57,2,),)/1000 -> 67.536 | N30: =+K30-M30 -> -4.068 | O30: =+IFERROR(HLOOKUP($B31,'[1]4월누계'!$D$6:$BN$259,3,),)/1000 -> 367.70836 | P30: =+IFERROR(HLOOKUP($C31,'[2]4월누계'!$F$6:$CP$99,3,),)/1000 -> 1259.7936 | Q30: =+P30-O30 -> 892.08524 | R30: =+IFERROR(HLOOKUP($C31,'[3]4월누계'!$F$6:$CC$57,3,),)/1000 -> 1255.456 | S30: =+P30-R30 -> 4.3376 | T30: =+IFERROR(HLOOKUP($B31,'[1]4월누계'!$D$6:$BN$259,21,),)/1000 -> -556.40629 | U30: =+IFERROR(HLOOKUP($C31,'[2]4월누계'!$F$6:$CP$99,21,),)/1000 -> -479.05496 | V30: =+U30-T30 -> 77.351335 | W30: =+IFERROR(HLOOKUP($C31,'[3]4월누계'!$F$6:$CC$57,21,),)/1000 -> -606.1102 | X30: =+U30-W30 -> 127.05524 | AJ30: =+(AC30-AC31)*AD36 -> 0
B31: 부산크라샤 | C31: 부산크라샤 | G31: =+I30 -> 부산CR | H31: 골재 계 | J31: =SUM(J28:J30) -> 273.38092 | K31: =SUM(K28:K30) -> 248.723 | L31: =+K31-J31 -> -24.657916 | M31: =SUM(M28:M30) -> 235.425 | N31: =+K31-M31 -> 13.298 | O31: =SUM(O28:O30) -> 4932.0097 | P31: =SUM(P28:P30) -> 4940.8781 | Q31: =+P31-O31 -> 8.8684321 | R31: =SUM(R28:R30) -> 5026.8145 | S31: =+P31-R31 -> -85.9364 | T31: =SUM(T28:T30) -> -282.27568 | U31: =SUM(U28:U30) -> -542.19332 | V31: =+U31-T31 -> -259.91764 | W31: =SUM(W28:W30) -> -447.7385 | X31: =+U31-W31 -> -94.454815 | AJ31: =+AD35*120*10 -> 0
H32: 기타 | I32: 레미콘임대 | L32: =+K32-J32 -> 0 | N32: =+K32-M32 -> 0 | O32: =(IFERROR(HLOOKUP($B33,'[1]4월누계'!$D$6:$BN$259,3,),)++IFERROR(HLOOKUP($C33,'[1]4월누계'!$D$6:$BN$259,3,),)+IFERROR(HLOOKUP($D33,'[1]4월누계'!$D$6:$BN$259,3,),))/1000 -> 162.5 | P32: =+IFERROR(HLOOKUP($E33,'[2]4월누계'!$F$6:$CP$99,3,),)/1000 -> 173.36 | Q32: =+P32-O32 -> 10.86 | R32: =+IFERROR(HLOOKUP($E33,'[3]4월누계'!$F$6:$CC$57,3,),)/1000 -> 290.86 | S32: =+P32-R32 -> -117.5 | T32: =(IFERROR(HLOOKUP($B33,'[1]4월누계'!$D$6:$BN$259,21,),)++IFERROR(HLOOKUP($C33,'[1]4월누계'!$D$6:$BN$259,21,),)+IFERROR(HLOOKUP($D33,'[1]4월누계'!$D$6:$BN$259,21,),))/1000 -> 117.16735 | U32: =+IFERROR(HLOOKUP($E33,'[2]4월누계'!$F$6:$CP$99,16,),)/1000 -> 96.21751 | V32: =+U32-T32 -> -20.94984 | W32: =+IFERROR(HLOOKUP($E33,'[3]4월누계'!$F$6:$CC$57,16,),)/1000 -> 214.42715 | X32: =+U32-W32 -> -118.20964
B33: 포항임대 | C33: 속초임대 | D33: 강릉임대 | E33: 레미콘임대 계 | G33: =+I32 -> 레미콘임대 | I33: 임대 | L33: =+K33-J33 -> 0 | M33: 0 | N33: =+K33-M33 -> 0 | O33: =(+IFERROR(HLOOKUP($B34,'[1]4월누계'!$D$6:$BN$259,3,),)+IFERROR(HLOOKUP($C34,'[1]4월누계'!$D$6:$BN$259,3,),))/1000 -> 315.68667 | P33: =+IFERROR(HLOOKUP($E34,'[2]4월누계'!$F$6:$CP$99,3,),)/1000 -> 227.09872 | Q33: =+P33-O33 -> -88.587946 | R33: =+IFERROR(HLOOKUP($E34,'[3]4월누계'!$F$6:$CC$57,3,),)/1000 -> 293.76296 | S33: =+P33-R33 -> -66.664237 | T33: =(+IFERROR(HLOOKUP($B34,'[1]4월누계'!$D$6:$BN$259,21,),)+IFERROR(HLOOKUP($C34,'[1]4월누계'!$D$6:$BN$259,21,),))/1000 -> 290.38712 | U33: =+IFERROR(HLOOKUP($E34,'[2]4월누계'!$F$6:$CP$99,16,),)/1000 -> 201.85049 | V33: =+U33-T33 -> -88.536625 | W33: =+IFERROR(HLOOKUP($E34,'[3]4월누계'!$F$6:$CC$57,16,),)/1000 -> 265.87136 | X33: =+U33-W33 -> -64.020865
B34: 부동산임대 | C34: 주유소임대 | E34: 임대 계 | G34: =+I33 -> 임대 | I34: 공통비 | L34: =+K34-J34 -> 0 | N34: =+K34-M34 -> 0 | Q34: =+P34-O34 -> 0 | S34: =+P34-R34 -> 0 | T34: =-'[1]4월누계'!$Z$22/1000 -> -6000.9608 | U34: =+-'[2]4월누계'!$Z$22/1000 -> -6154.2828 | V34: =+U34-T34 -> -153.32197 | W34: =+-'[3]4월누계'!$Z$22/1000 -> -5907.7311 | X34: =+U34-W34 -> -246.55172 | AF34: =+AM27 -> 0 | AJ34: =+AQ27 -> 0
B35: 공 통 비 | G35: =+I34 -> 공통비 | I35: OPC 소급분 | N35: =+K35-M35 -> 0 | Q35: =+P35-O35 -> 0 | S35: =+P35-R35 -> 0 | T35: =+'[1]4월누계'!$AT$26/1000 -> 360 | U35: ='[2]4월누계'!$BD$26/1000 -> 533.64835 | V35: =+U35-T35 -> 173.64835 | W35: ='[3]4월누계'!$BD$26/1000 -> 0 | X35: =+U35-W35 -> 533.64835
G36: =+I35 -> OPC 소급분 | I36: 대손 | N36: =+K36-M36 -> 0 | Q36: =+P36-O36 -> 0 | S36: =+P36-R36 -> 0 | U36: ='[2]4월누계'!$BE$26/1000 -> 184.44026 | V36: =+U36-T36 -> 184.44026 | W36: ='[3]4월누계'!$BE$26/1000 -> -522.39605 | X36: =+U36-W36 -> 706.83631
G37: =+I36 -> 대손 | I37: 미운영 공장 | M37: =SUM(M56:M61) -> 0 | N37: =+K37-M37 -> 0 | Q37: =+P37-O37 -> 0 | R37: =+IFERROR(HLOOKUP($I$37,'[3]4월누계'!$F$6:$BJ$50,3,),)/1000 -> 0 | S37: =+P37-R37 -> 0 | T37: =SUM('[1]4월누계'!$AM$26:$AQ$26)/1000 -> -50.681547 | U37: =+'[2]4월누계'!$BF$26/1000 -> -101.11445 | V37: =+U37-T37 -> -50.432906 | W37: =+'[3]4월누계'!$BF$26/1000 -> -103.3434 | X37: =+U37-W37 -> 2.228949
G38: =+I37 -> 미운영 공장 | I38: 퇴직위로금 | U38: =+'[2]4월누계'!$BG$26/1000 -> 0 | V38: =+U38-T38 -> 0 | X38: =+U38-W38 -> 0
B39: 기타 계 | G39: =+I38 -> 퇴직위로금 | I39: 기타 | L39: =+K39-J39 -> 0 | N39: =+K39-M39 -> 0 | O39: =IFERROR(HLOOKUP($B39,'[1]4월누계'!$D$6:$BN$259,3,),)/1000 -> 7.08 | P39: =+('[2]4월누계'!$F$8-SUM('[2]4월누계'!$Z$8,'[2]4월누계'!$AH$8,'[2]4월누계'!$AN$8,'[2]4월누계'!$AO$8,'[2]4월누계'!$BA$8,'[2]4월누계'!$BD$8,'[2]4월누계'!$BE$8,'[2]4월누계'!$BF$8))/1000 -> 6.522 | Q39: =+P39-O39 -> -0.558 | R39: =+('[3]4월누계'!$F$8-SUM('[3]4월누계'!$Z$8,'[3]4월누계'!$AH$8,'[3]4월누계'!$AN$8,'[3]4월누계'!$AO$8,'[3]4월누계'!$BA$8,'[3]4월누계'!$BD$8,'[3]4월누계'!$BE$8,'[3]4월누계'!$BF$8))/1000 -> 6.7002 | S39: =+P39-R39 -> -0.1782 | T39: =+('[1]4월누계'!$E$26-'[1]4월누계'!$Z$26-'[1]4월누계'!$AA$26-'[1]4월누계'!$AE$26-'[1]4월누계'!$AL$26-'[1]4월누계'!$AM$26-'[1]4월누계'!$AN$26-'[1]4월누계'!$AO$26-'[1]4월누계'!$AP$26-'[1]4월누계'!$AQ$26-'[1]4월누계'!$AS$26+'[1]4월누계'!$AS$26)/1000-T35 -> -250.55928 | U39: =+('[2]4월누계'!$F$26-SUM('[2]4월누계'!$Z$26,'[2]4월누계'!$AH$26,'[2]4월누계'!$AN$26,'[2]4월누계'!$AO$26,'[2]4월누계'!$BA$26,'[2]4월누계'!$BD$26,'[2]4월누계'!$BE$26,'[2]4월누계'!$BF$26))/1000-U38 -> -87.611816 | V39: =+U39-T39 -> 162.94747 | W39: =+('[3]4월누계'!$F$26-SUM('[3]4월누계'!$Z$26,'[3]4월누계'!$AH$26,'[3]4월누계'!$AN$26,'[3]4월누계'!$AO$26,'[3]4월누계'!$BA$26,'[3]4월누계'!$BD$26,'[3]4월누계'!$BE$26,'[3]4월누계'!$BF$26))/1000 -> -817.96735 | X39: =+U39-W39 -> 730.35554 | AJ39: =-[4]합계!$H$6 -> 223.59105
G40: =+I39 -> 기타 | H40: 기타 계 | J40: =SUM(J32:J39) -> 0 | K40: =SUM(K32:K39) -> 0 | L40: =+K40-J40 -> 0 | M40: =SUM(M32:M39) -> 0 | N40: =+K40-M40 -> 0 | O40: =SUM(O32:O39) -> 485.26667 | P40: =SUM(P32:P39) -> 406.98072 | Q40: =+P40-O40 -> -78.285946 | R40: =SUM(R32:R39) -> 591.32316 | S40: =+P40-R40 -> -184.34244 | T40: =SUM(T32:T39) -> -5534.6472 | U40: =SUM(U32:U39) -> -5326.8524 | V40: =+U40-T40 -> 207.79474 | W40: =SUM(W32:W39) -> -6871.1393 | X40: =+U40-W40 -> 1544.2869
H41: 합계 | O41: =+O27+O31+O40 -> 96341.605 | P41: =+P27+P31+P40 -> 93883.293 | Q41: =+P41-O41 -> -2458.3121 | R41: =+R27+R31+R40 -> 97756.699 | S41: =+P41-R41 -> -3873.4059 | T41: =+T27+T31+T40 -> -859.77277 | U41: =+U27+U31+U40 -> -2797.4982 | V41: =+U41-T41 -> -1937.7254 | W41: =+W27+W31+W40 -> -2495.2113 | X41: =+U41-W41 -> -302.28687 | AJ41: =[4]합계!$U$15-AJ39-AJ40 -> 1180.5588
G42: =+P41/O41 -> 0.97448338
H43: 건자재 | J43: =+IFERROR(HLOOKUP($B28,'[1]4월누계'!$D$6:$BN$259,2,),) -> 32900 | K43: =+IFERROR(HLOOKUP($E28,'[2]4월누계'!$F$6:$CP$99,2,),) -> 17304.954 | L43: =+K43-J43 -> -15595.046 | M43: =+IFERROR(HLOOKUP($E28,'[3]4월누계'!$F$6:$CC$57,2,),) -> 45346.46 | N43: =+K43-M43 -> -28041.506 | O43: =+IFERROR(HLOOKUP($B28,'[1]4월누계'!$D$6:$BN$259,3,),)/1000 -> 31857.361 | P43: =+IFERROR(HLOOKUP($E28,'[2]4월누계'!$F$6:$CP$99,3,),)/1000 -> 18007.082 | Q43: =+P43-O43 -> -13850.28 | R43: =+IFERROR(HLOOKUP($E28,'[3]4월누계'!$F$6:$CC$57,3,),)/1000 -> 38439.848 | S43: =+P43-R43 -> -20432.766 | T43: =+IFERROR(HLOOKUP($B28,'[1]4월누계'!$D$6:$BN$259,21,),)/1000 -> -83.401738 | U43: =+IFERROR(HLOOKUP($E28,'[2]4월누계'!$F$6:$CP$99,21,),)/1000 -> -173.31428 | V43: =+U43-T43 -> -89.912538 | W43: =+IFERROR(HLOOKUP($E28,'[3]4월누계'!$F$6:$CC$57,16,),)/1000 -> -106.58293 | X43: =+U43-W43 -> -66.731344
H44: 합계 | O44: =+O41+O43 -> 128198.97 | P44: =+P41+P43 -> 111890.38 | Q44: =+P44-O44 -> -16308.592 | R44: =+R41+R43 -> 136196.55 | S44: =+P44-R44 -> -24306.172 | T44: =+T41+T43 -> -943.17451 | U44: =+U41+U43 -> -2970.8125 | V44: =+U44-T44 -> -2027.638 | W44: =+W41+W43 -> -2601.7943 | X44: =+U44-W44 -> -369.01821
F48: =+K43/M43 -> 0.38161643 | G48: =+K43/J43 -> 0.52598644 | I48: 확인 | J48: =+'[1]4월누계'!$Z$7/1000 -> 896.4998 | K48: =+'[2]4월누계'!$AI$7/1000 -> 857.3545 | M48: =+'[3]4월누계'!$Z$7/1000 -> 931.4385 | O48: =+'[1]4월누계'!$E$8/1000 -> 128198.97 | P48: =+'[2]4월누계'!$F$8/1000 -> 111890.38 | R48: =+'[3]4월누계'!$F$8/1000 -> 136196.55 | T48: =+'[1]4월누계'!$E$26/1000 -> -943.17451 | U48: =+'[2]4월누계'!$F$26/1000 -> -2970.8125 | W48: =+'[3]4월누계'!$F$26/1000 -> -2601.7943
F49: =+K31/M31 -> 1.0564851 | G49: =+K31/J31 -> 0.90980382 | J49: =+J48-J27 -> 0 | K49: =+K48-K27 -> 0 | M49: =+M48-M27 -> 0 | O49: =+O48-O44 -> 0 | P49: =+P48-P44 -> 0 | R49: =+R48-R44 -> 0 | T49: =+T48-T44 -> 6.0254024e-12 | U49: =+U48-U44 -> 0 | W49: =+W48-W44 -> 0
O51: =+O41-O43 -> 64484.244 | P51: =+P41-P43 -> 75876.211 | Q51: =+P51-O51 -> 11391.967
O52: =+O51/100 -> 644.84244 | P52: =+P51/100 -> 758.76211 | Q52: =+P52-O52 -> 113.91967 | S52: 레미콘 | T52: =(+T27+T34)/100 -> -10.438107 | U52: =(+U27+U34)/100 -> -30.827352 | V52: =+U52-T52 -> -20.389245 | W52: =+U52/T52-1 -> 1.953347
Q53: =+P52/O52 -> 1.1766628 | S53: 골재 | T53: =+T31/100 -> -2.8227568 | U53: =+U31/100 -> -5.4219332 | V53: =+U53-T53 -> -2.5991764
S54: 임대 | T54: =(T32+T33)/100 -> 4.0755447 | U54: =(U32+U33)/100 -> 2.98068 | V54: =+U54-T54 -> -1.0948646
S55: 기타 | T55: =((T48-T43)/100)-T52-T53-T54 -> 0.58759169 | U55: =((U48-U43)/100)-U52-U53-U54 -> 5.2936234 | V55: =+U55-T55 -> 4.7060317
T56: =SUM(T54:T55) -> 4.6631364 | U56: =SUM(U54:U55) -> 8.2743034 | V56: =SUM(V54:V55) -> 3.611167
T57: =SUM(T52:T55) -> -8.5977277 | U57: =SUM(U52:U55) -> -27.974982 | V57: =+U57-T57 -> -19.377254
S60: 임대 | T60: =+(T32+T33)/100 -> 4.0755447 | U60: =+(U32+U33)/100 -> 2.98068 | V60: =+U60-T60 -> -1.0948646
S61: =+I35 -> OPC 소급분 | T61: =+T35/100 -> 3.6 | U61: =+U35/100 -> 5.3364835 | V61: =+U61-T61 -> 1.7364835
S62: =+I36 -> 대손 | T62: =+T36/100 -> 0 | U62: =+U36/100 -> 1.8444026 | V62: =+U62-T62 -> 1.8444026
S63: =+I37 -> 미운영 공장 | T63: =+T37/100 -> -0.50681547 | U63: =+U37/100 -> -1.0111445 | V63: =+U63-T63 -> -0.50432906
S64: =+I39 -> 기타 | T64: =+T39/100 -> -2.5055928 | U64: =+U39/100 -> -0.87611816 | V64: =+U64-T64 -> 1.6294747
T65: =SUM(T60:T64) -> 4.6631364 | U65: =SUM(U60:U64) -> 8.2743034 | V65: =SUM(V60:V64) -> 3.611167
T68: =SUM(T32:T33,T35,T37:T39) -> 466.31364 | U68: =SUM(U32:U33,U35,U37:U39) -> 642.99008 | V68: =+U68-T68 -> 176.67645
T70: =+T41-T43 -> -776.37103 | U70: =+U41-U43 -> -2624.1839
T71: =+T70/100 -> -7.7637103 | U71: =+U70/100 -> -26.241839 | V71: =+U71-T71 -> -18.478129

Sheet 영업이익
D4: □ 레미콘 영업이익 차이분석(2026-04)
W5: [단위 : 백만원, 천㎥]
D6: 구분 | E6: 영업이익(공통비 미배부) | H6: 물량 차이 | L6: 판매단가 차이 | P6: 제조원가 차이 | T6: 판관비 등 차이
E7: 계획 | F7: 실적 | G7: 차이 | H7: 계획 | I7: 실적 | J7: 차이 | K7: 손익 | L7: 계획 | M7: 실적 | N7: 차이 | O7: 손익 | P7: 계획 | Q7: 실적 | R7: 차이 | S7: 손익 | T7: 계획 | U7: 실적 | V7: 차이 | W7: 손익
D8: 합계 | E8: =+[4]합계!$H$86/1000 -> 2860.3014 | F8: =+[4]합계!$I$86/1000 -> 1789.9321 | G8: =+F8-E8 -> -1070.3694 | H8: =+[4]합계!$T$5/1000 -> 272 | I8: =+[4]합계!$U$5/1000 -> 272.948 | J8: =+I8-H8 -> 0.948 | K8: =+[4]합계!$M$86/1000 -> -13.403415 | L8: =+[4]합계!$Q$85 -> 101549.82 | M8: =+[4]합계!$R$85 -> 100907.33 | N8: =+M8-L8 -> -642.48832 | O8: =+[4]합계!$K$86/1000 -> -173.88175 | P8: =+[4]합계!$Q$50 -> 87178.737 | Q8: =+[4]합계!$R$50 -> 90410.315 | R8: =+Q8-P8 -> 3231.578 | S8: =+[4]합계!$L$56/1000 -> -742.66483 | T8: =+([4]합계!$H$80+[4]합계!$H$85)/1000 -> 1048.6329 | U8: =+([4]합계!$I$80+[4]합계!$I$85)/1000 -> 1189.0522 | V8: =+U8-T8 -> 140.41936 | W8: =+([4]합계!$L$80+[4]합계!$L$85)/1000 -> -140.41936 | Y8: =+G8-K8-O8-S8-W8 -> 7.332801e-12 | Z8: =+Y8*1000000 -> 7.332801e-06
D9: 수도권 | E9: =+[4]수도권!$H$86/1000 -> 948.83207 | F9: =+[4]수도권!$I$86/1000 -> 719.5624 | G9: =+F9-E9 -> -229.26967 | H9: =+[4]수도권!$T$5/1000 -> 107 | I9: =+[4]수도권!$U$5/1000 -> 114.6955 | J9: =+I9-H9 -> 7.6955 | K9: =+[4]수도권!$M$86/1000 -> 71.079308 | L9: =+[4]수도권!$Q$85 -> 98524.097 | M9: =+[4]수도권!$R$85 -> 98815.723 | N9: =+M9-L9 -> 291.62623 | O9: =+[4]수도권!$K$86/1000 -> 32.777185 | P9: =+[4]수도권!$Q$50 -> 86484.425 | Q9: =+[4]수도권!$R$50 -> 89483.171 | R9: =+Q9-P9 -> 2998.7464 | S9: =+[4]수도권!$L$56/1000 -> -337.12576 | T9: =+([4]수도권!$H$80+[4]수도권!$H$85)/1000 -> 339.4128 | U9: =+([4]수도권!$I$80+[4]수도권!$I$85)/1000 -> 335.4132 | V9: =+U9-T9 -> -3.9996016 | W9: =+([4]수도권!$L$80+[4]수도권!$L$85)/1000 -> 3.9996016 | Y9: =+G9-K9-O9-S9-W9 -> 1.4419577e-12 | Z9: =+Y9*1000000 -> 1.4419577e-06
D10: 영남권 | E10: =+[4]영남권!$H$86/1000 -> 1312.4078 | F10: =+[4]영남권!$I$86/1000 -> 645.96462 | G10: =+F10-E10 -> -666.44321 | H10: =+[4]영남권!$T$5/1000 -> 116 | I10: =+[4]영남권!$U$5/1000 -> 106.4505 | J10: =+I10-H10 -> -9.5495 | K10: =+[4]영남권!$M$86/1000 -> -149.16054 | L10: =+[4]영남권!$Q$85 -> 102882.75 | M10: =+[4]영남권!$R$85 -> 101778.55 | N10: =+M10-L10 -> -1104.2004 | O10: =+[4]영남권!$K$86/1000 -> -117.54269 | P10: =+[4]영남권!$Q$50 -> 87263.025 | Q10: =+[4]영남권!$R$50 -> 90915.545 | R10: =+Q10-P10 -> 3652.5202 | S10: =+[4]영남권!$L$56/1000 -> -256.89709 | T10: =+([4]영남권!$H$80+[4]영남권!$H$85)/1000 -> 499.47994 | U10: =+([4]영남권!$I$80+[4]영남권!$I$85)/1000 -> 642.32283 | V10: =+U10-T10 -> 142.84289 | W10: =+([4]영남권!$L$80+[4]영남권!$L$85)/1000 -> -142.84289 | Y10: =+G10-K10-O10-S10-W10 -> 1.2505552e-12 | Z10: =+Y10*1000000 -> 1.2505552e-06
D11: 기타권 | E11: =+[4]중부권!$H$86/1000 -> 599.06154 | F11: =+[4]중부권!$I$86/1000 -> 424.40506 | G11: =+F11-E11 -> -174.65648 | H11: =+[4]중부권!$T$5/1000 -> 49 | I11: =+[4]중부권!$U$5/1000 -> 51.802 | J11: =+I11-H11 -> 2.802 | K11: =+[4]중부권!$M$86/1000 -> 46.140395 | L11: =+[4]중부권!$Q$85 -> 105001.51 | M11: =+[4]중부권!$R$85 -> 103655.65 | N11: =+M11-L11 -> -1345.8529 | O11: =+[4]중부권!$K$86/1000 -> -69.70576 | P11: =+[4]중부권!$Q$50 -> 88495.349 | Q11: =+[4]중부권!$R$50 -> 91382.76 | R11: =+Q11-P11 -> 2887.411 | S11: =+[4]중부권!$L$56/1000 -> -149.51505 | T11: =+([4]중부권!$H$80+[4]중부권!$H$85)/1000 -> 209.74013 | U11: =+([4]중부권!$I$80+[4]중부권!$I$85)/1000 -> 211.3162 | V11: =+U11-T11 -> 1.5760664 | W11: =+([4]중부권!$L$80+[4]중부권!$L$85)/1000 -> -1.5760664 | Y11: =+G11-K11-O11-S11-W11 -> 3.8857806e-14 | Z11: =+Y11*1000000 -> 3.8857806e-08
D12: 안양 | E12: =+[4]안양!$H$86/1000 -> 492.29041 | F12: =+[4]안양!$I$86/1000 -> 358.71954 | G12: =+F12-E12 -> -133.57087 | H12: =+[4]안양!$T$5/1000 -> 40 | I12: =+[4]안양!$U$5/1000 -> 42.104 | J12: =+I12-H12 -> 2.104 | K12: =+[4]안양!$M$86/1000 -> 27.804362 | L12: =+[4]안양!$Q$85 -> 97956.859 | M12: =+[4]안양!$R$85 -> 97182.938 | N12: =+M12-L12 -> -773.92133 | O12: =+[4]안양!$K$86/1000 -> -32.32979 | P12: =+[4]안양!$Q$50 -> 83120.692 | Q12: =+[4]안양!$R$50 -> 86130.544 | R12: =+Q12-P12 -> 3009.8529 | S12: =+[4]안양!$L$56/1000 -> -125.78585 | T12: =+([4]안양!$H$80+[4]안양!$H$85)/1000 -> 101.15631 | U12: =+([4]안양!$I$80+[4]안양!$I$85)/1000 -> 104.41589 | V12: =+U12-T12 -> 3.2595863 | W12: =+([4]안양!$L$80+[4]안양!$L$85)/1000 -> -3.2595863 | Y12: =+G12-K12-O12-S12-W12 -> -6.954437e-13 | Z12: =+Y12*1000000 -> -6.954437e-07
D13: 인천 | E13: =+[4]인천!$H$86/1000 -> 290.24791 | F13: =+[4]인천!$I$86/1000 -> 121.58991 | G13: =+F13-E13 -> -168.658 | H13: =+[4]인천!$T$5/1000 -> 35 | I13: =+[4]인천!$U$5/1000 -> 35.4185 | J13: =+I13-H13 -> 0.4185 | K13: =+[4]인천!$M$86/1000 -> 3.2039428 | L13: =+[4]인천!$Q$85 -> 99830.197 | M13: =+[4]인천!$R$85 -> 99671.436 | N13: =+M13-L13 -> -158.76131 | O13: =+[4]인천!$K$86/1000 -> -5.5886361 | P13: =+[4]인천!$Q$50 -> 88567.449 | Q13: =+[4]인천!$R$50 -> 93206.18 | R13: =+Q13-P13 -> 4638.7311 | S13: =+[4]인천!$L$56/1000 -> -163.29029 | T13: =+([4]인천!$H$80+[4]인천!$H$85)/1000 -> 103.94828 | U13: =+([4]인천!$I$80+[4]인천!$I$85)/1000 -> 106.93129 | V13: =+U13-T13 -> 2.9830183 | W13: =+([4]인천!$L$80+[4]인천!$L$85)/1000 -> -2.9830183 | Y13: =+G13-K13-O13-S13-W13 -> -7.5495166e-14 | Z13: =+Y13*1000000 -> -7.5495166e-08
D14: 파주 | E14: =+[4]파주!$H$86/1000 -> 74.264373 | F14: =+[4]파주!$I$86/1000 -> 129.07579 | G14: =+F14-E14 -> 54.81142 | H14: =+[4]파주!$T$5/1000 -> 17 | I14: =+[4]파주!$U$5/1000 -> 19.506 | J14: =+I14-H14 -> 2.506 | K14: =+[4]파주!$M$86/1000 -> 12.231302 | L14: =+[4]파주!$Q$85 -> 98709.869 | M14: =+[4]파주!$R$85 -> 100911.58 | N14: =+M14-L14 -> 2201.7105 | O14: =+[4]파주!$K$86/1000 -> 39.701244 | P14: =+[4]파주!$Q$50 -> 89861.515 | Q14: =+[4]파주!$R$50 -> 90264.844 | R14: =+Q14-P14 -> 403.32949 | S14: =+[4]파주!$L$56/1000 -> -7.2728375 | T14: =+([4]파주!$H$80+[4]파주!$H$85)/1000 -> 76.157648 | U14: =+([4]파주!$I$80+[4]파주!$I$85)/1000 -> 66.005936 | V14: =+U14-T14 -> -10.151712 | W14: =+([4]파주!$L$80+[4]파주!$L$85)/1000 -> 10.151712 | Y14: =+G14-K14-O14-S14-W14 -> -4.2632564e-14 | Z14: =+Y14*1000000 -> -4.2632564e-08
D15: 김포 | E15: =+[4]김포!$H$86/1000 -> 92.029372 | F15: =+[4]김포!$I$86/1000 -> 110.17716 | G15: =+F15-E15 -> 18.147787 | H15: =+[4]김포!$T$5/1000 -> 15 | I15: =+[4]김포!$U$5/1000 -> 17.667 | J15: =+I15-H15 -> 2.667 | K15: =+[4]김포!$M$86/1000 -> 24.510635 | L15: =+[4]김포!$Q$85 -> 96778.619 | M15: =+[4]김포!$R$85 -> 98832.579 | N15: =+M15-L15 -> 2053.9601 | O15: =+[4]김포!$K$86/1000 -> 35.712204 | P15: =+[4]김포!$Q$50 -> 86766.623 | Q15: =+[4]김포!$R$50 -> 89192.48 | R15: =+Q15-P15 -> 2425.8567 | S15: =+[4]김포!$L$56/1000 -> -42.165546 | T15: =+([4]김포!$H$80+[4]김포!$H$85)/1000 -> 58.150571 | U15: =+([4]김포!$I$80+[4]김포!$I$85)/1000 -> 58.060077 | V15: =+U15-T15 -> -0.090493716 | W15: =+([4]김포!$L$80+[4]김포!$L$85)/1000 -> 0.090493716 | Y15: =+G15-K15-O15-S15-W15 -> -4.3368087e-14 | Z15: =+Y15*1000000 -> -4.3368087e-08
D16: 부산 | E16: =+[4]부산!$H$86/1000 -> 229.16261 | F16: =+[4]부산!$I$86/1000 -> 200.10526 | G16: =+F16-E16 -> -29.057352 | H16: =+[4]부산!$T$5/1000 -> 20 | I16: =+[4]부산!$U$5/1000 -> 20.768 | J16: =+I16-H16 -> 0.768 | K16: =+[4]부산!$M$86/1000 -> 12.979399 | L16: =+[4]부산!$Q$85 -> 108302.89 | M16: =+[4]부산!$R$85 -> 115306.91 | N16: =+M16-L16 -> 7004.0241 | O16: =+[4]부산!$K$86/1000 -> 145.45957 | P16: =+[4]부산!$Q$50 -> 91402.631 | Q16: =+[4]부산!$R$50 -> 100770.87 | R16: =+Q16-P16 -> 9368.2386 | S16: =+[4]부산!$L$56/1000 -> -121.51866 | T16: =+([4]부산!$H$80+[4]부산!$H$85)/1000 -> 108.84257 | U16: =+([4]부산!$I$80+[4]부산!$I$85)/1000 -> 174.82024 | V16: =+U16-T16 -> 65.977669 | W16: =+([4]부산!$L$80+[4]부산!$L$85)/1000 -> -65.977669 | Y16: =+G16-K16-O16-S16-W16 -> 0 | Z16: =+Y16*1000000 -> 0
D17: 서부산 | E17: =+[4]서부산!$H$86/1000 -> 350.38968 | F17: =+[4]서부산!$I$86/1000 -> 165.79219 | G17: =+F17-E17 -> -184.59749 | H17: =+[4]서부산!$T$5/1000 -> 21 | I17: =+[4]서부산!$U$5/1000 -> 22.096 | J17: =+I17-H17 -> 1.096 | K17: =+[4]서부산!$M$86/1000 -> 22.687653 | L17: =+[4]서부산!$Q$85 -> 104005.54 | M17: =+[4]서부산!$R$85 -> 100945.8 | N17: =+M17-L17 -> -3059.7342 | O17: =+[4]서부산!$K$86/1000 -> -67.607888 | P17: =+[4]서부산!$Q$50 -> 83305.125 | Q17: =+[4]서부산!$R$50 -> 89643.189 | R17: =+Q17-P17 -> 6338.0641 | S17: =+[4]서부산!$L$56/1000 -> -99.871192 | T17: =+([4]서부산!$H$80+[4]서부산!$H$85)/1000 -> 84.319007 | U17: =+([4]서부산!$I$80+[4]서부산!$I$85)/1000 -> 124.12507 | V17: =+U17-T17 -> 39.806061 | W17: =+([4]서부산!$L$80+[4]서부산!$L$85)/1000 -> -39.806061 | Y17: =+G17-K17-O17-S17-W17 -> -2.7000624e-13 | Z17: =+Y17*1000000 -> -2.7000624e-07
D18: 김해 | E18: =+[4]김해!$H$86/1000 -> 79.709608 | F18: =+[4]김해!$I$86/1000 -> -7.402545 | G18: =+F18-E18 -> -87.112153 | H18: =+[4]김해!$T$5/1000 -> 10 | I18: =+[4]김해!$U$5/1000 -> 6.351 | J18: =+I18-H18 -> -3.649 | K18: =+[4]김해!$M$86/1000 -> -45.862911 | L18: =+[4]김해!$Q$85 -> 101293.38 | M18: =+[4]김해!$R$85 -> 98414.612 | N18: =+M18-L18 -> -2878.769 | O18: =+[4]김해!$K$86/1000 -> -18.283062 | P18: =+[4]김해!$Q$50 -> 88724.756 | Q18: =+[4]김해!$R$50 -> 92269.604 | R18: =+Q18-P18 -> 3544.8476 | S18: =+[4]김해!$L$56/1000 -> -19.604196 | T18: =+([4]김해!$H$80+[4]김해!$H$85)/1000 -> 45.976637 | U18: =+([4]김해!$I$80+[4]김해!$I$85)/1000 -> 49.338622 | V18: =+U18-T18 -> 3.3619851 | W18: =+([4]김해!$L$80+[4]김해!$L$85)/1000 -> -3.3619851 | Y18: =+G18-K18-O18-S18-W18 -> 1.6431301e-14 | Z18: =+Y18*1000000 -> 1.6431301e-08
D19: 정관 | E19: =+[4]정관!$H$86/1000 -> 322.85639 | F19: =+[4]정관!$I$86/1000 -> 160.08659 | G19: =+F19-E19 -> -162.7698 | H19: =+[4]정관!$T$5/1000 -> 22 | I19: =+[4]정관!$U$5/1000 -> 18.285 | J19: =+I19-H19 -> -3.715 | K19: =+[4]정관!$M$86/1000 -> -66.346455 | L19: =+[4]정관!$Q$85 -> 106108.08 | M19: =+[4]정관!$R$85 -> 102762.77 | N19: =+M19-L19 -> -3345.317 | O19: =+[4]정관!$K$86/1000 -> -61.169121 | P19: =+[4]정관!$Q$50 -> 88249.012 | Q19: =+[4]정관!$R$50 -> 89849.642 | R19: =+Q19-P19 -> 1600.6298 | S19: =+[4]정관!$L$56/1000 -> -19.854302 | T19: =+([4]정관!$H$80+[4]정관!$H$85)/1000 -> 70.043211 | U19: =+([4]정관!$I$80+[4]정관!$I$85)/1000 -> 85.44313 | V19: =+U19-T19 -> 15.399919 | W19: =+([4]정관!$L$80+[4]정관!$L$85)/1000 -> -15.399919 | Y19: =+G19-K19-O19-S19-W19 -> -1.4743762e-13 | Z19: =+Y19*1000000 -> -1.4743762e-07
D20: 양산 | E20: =+[4]양산!$H$86/1000 -> 116.98911 | F20: =+[4]양산!$I$86/1000 -> 18.913598 | G20: =+F20-E20 -> -98.075508 | H20: =+[4]양산!$T$5/1000 -> 10 | I20: =+[4]양산!$U$5/1000 -> 7.209 | J20: =+I20-H20 -> -2.791 | K20: =+[4]양산!$M$86/1000 -> -44.190031 | L20: =+[4]양산!$Q$85 -> 100810.11 | M20: =+[4]양산!$R$85 -> 98465.654 | N20: =+M20-L20 -> -2344.4549 | O20: =+[4]양산!$K$86/1000 -> -16.901175 | P20: =+[4]양산!$Q$50 -> 84977.063 | Q20: =+[4]양산!$R$50 -> 89839.474 | R20: =+Q20-P20 -> 4862.4112 | S20: =+[4]양산!$L$56/1000 -> -34.70544 | T20: =+([4]양산!$H$80+[4]양산!$H$85)/1000 -> 41.341353 | U20: =+([4]양산!$I$80+[4]양산!$I$85)/1000 -> 43.620215 | V20: =+U20-T20 -> 2.2788614 | W20: =+([4]양산!$L$80+[4]양산!$L$85)/1000 -> -2.2788614 | Y20: =+G20-K20-O20-S20-W20 -> 4.9737992e-14 | Z20: =+Y20*1000000 -> 4.9737992e-08
D21: 창원 | E21: =+[4]창원!$H$86/1000 -> 98.886576 | F21: =+[4]창원!$I$86/1000 -> 73.953798 | G21: =+F21-E21 -> -24.932778 | H21: =+[4]창원!$T$5/1000 -> 13 | I21: =+[4]창원!$U$5/1000 -> 11.571 | J21: =+I21-H21 -> -1.429 | K21: =+[4]창원!$M$86/1000 -> -17.352466 | L21: =+[4]창원!$Q$85 -> 97381.761 | M21: =+[4]창원!$R$85 -> 93656.434 | N21: =+M21-L21 -> -3725.3273 | O21: =+[4]창원!$K$86/1000 -> -43.105762 | P21: =+[4]창원!$Q$50 -> 85238.678 | Q21: =+[4]창원!$R$50 -> 81324.16 | R21: =+Q21-P21 -> -3914.5178 | S21: =+[4]창원!$L$56/1000 -> 49.905059 | T21: =+([4]창원!$H$80+[4]창원!$H$85)/1000 -> 58.973509 | U21: =+([4]창원!$I$80+[4]창원!$I$85)/1000 -> 73.353118 | V21: =+U21-T21 -> 14.379609 | W21: =+([4]창원!$L$80+[4]창원!$L$85)/1000 -> -14.379609 | Y21: =+G21-K21-O21-S21-W21 -> 1.2612134e-13 | Z21: =+Y21*1000000 -> 1.2612134e-07
D22: 대구 | E22: =+[4]대구!$H$86/1000 -> 19.577609 | F22: =+[4]대구!$I$86/1000 -> -79.863768 | G22: =+F22-E22 -> -99.441377 | H22: =+[4]대구!$T$5/1000 -> 8.5 | I22: =+[4]대구!$U$5/1000 -> 5.7135 | J22: =+I22-H22 -> -2.7865 | K22: =+[4]대구!$M$86/1000 -> -21.219461 | L22: =+[4]대구!$Q$85 -> 90281.702 | M22: =+[4]대구!$R$85 -> 77590.487 | N22: =+M22-L22 -> -12691.215 | O22: =+[4]대구!$K$86/1000 -> -72.511255 | P22: =+[4]대구!$Q$50 -> 82666.607 | Q22: =+[4]대구!$R$50 -> 83871.356 | R22: =+Q22-P22 -> 1204.7488 | S22: =+[4]대구!$L$56/1000 -> -6.8833288 | T22: =+([4]대구!$H$80+[4]대구!$H$85)/1000 -> 45.150695 | U22: =+([4]대구!$I$80+[4]대구!$I$85)/1000 -> 43.978028 | V22: =+U22-T22 -> -1.1726679 | W22: =+([4]대구!$L$80+[4]대구!$L$85)/1000 -> 1.1726679 | Y22: =+G22-K22-O22-S22-W22 -> 7.1054274e-14 | Z22: =+Y22*1000000 -> 7.1054274e-08
D23: 울산 | E23: =+[4]울산!$H$86/1000 -> 94.836244 | F23: =+[4]울산!$I$86/1000 -> 114.37949 | G23: =+F23-E23 -> 19.543248 | H23: =+[4]울산!$T$5/1000 -> 11.5 | I23: =+[4]울산!$U$5/1000 -> 14.457 | J23: =+I23-H23 -> 2.957 | K23: =+[4]울산!$M$86/1000 -> 35.913202 | L23: =+[4]울산!$Q$85 -> 103952.56 | M23: =+[4]울산!$R$85 -> 101562.25 | N23: =+M23-L23 -> -2390.3016 | O23: =+[4]울산!$K$86/1000 -> -34.556591 | P23: =+[4]울산!$Q$50 -> 91807.407 | Q23: =+[4]울산!$R$50 -> 90440.533 | R23: =+Q23-P23 -> -1366.8744 | S23: =+[4]울산!$L$56/1000 -> 20.998092 | T23: =+([4]울산!$H$80+[4]울산!$H$85)/1000 -> 44.832956 | U23: =+([4]울산!$I$80+[4]울산!$I$85)/1000 -> 47.644411 | V23: =+U23-T23 -> 2.8114552 | W23: =+([4]울산!$L$80+[4]울산!$L$85)/1000 -> -2.8114552 | Y23: =+G23-K23-O23-S23-W23 -> 7.1054274e-15 | Z23: =+Y23*1000000 -> 7.1054274e-09
D24: 아산 | E24: =+[4]아산!$H$86/1000 -> 230.1545 | F24: =+[4]아산!$I$86/1000 -> 133.83138 | G24: =+F24-E24 -> -96.323125 | H24: =+[4]아산!$T$5/1000 -> 23 | I24: =+[4]아산!$U$5/1000 -> 24.258 | J24: =+I24-H24 -> 1.258 | K24: =+[4]아산!$M$86/1000 -> 17.347186 | L24: =+[4]아산!$Q$85 -> 99199.106 | M24: =+[4]아산!$R$85 -> 99909.185 | N24: =+M24-L24 -> 710.07859 | O24: =+[4]아산!$K$86/1000 -> 17.225087 | P24: =+[4]아산!$Q$50 -> 85409.61 | Q24: =+[4]아산!$R$50 -> 90768.07 | R24: =+Q24-P24 -> 5358.4596 | S24: =+[4]아산!$L$56/1000 -> -129.86557 | T24: =+([4]아산!$H$80+[4]아산!$H$85)/1000 -> 87.003907 | U24: =+([4]아산!$I$80+[4]아산!$I$85)/1000 -> 88.033735 | V24: =+U24-T24 -> 1.029828 | W24: =+([4]아산!$L$80+[4]아산!$L$85)/1000 -> -1.029828 | Y24: =+G24-K24-O24-S24-W24 -> -3.0331293e-13 | Z24: =+Y24*1000000 -> -3.0331293e-07
D25: 전주 | E25: =+[4]전주!$H$86/1000 -> 129.22282 | F25: =+[4]전주!$I$86/1000 -> 61.431893 | G25: =+F25-E25 -> -67.790928 | H25: =+[4]전주!$T$5/1000 -> 11 | I25: =+[4]전주!$U$5/1000 -> 13.51 | J25: =+I25-H25 -> 2.51 | K25: =+[4]전주!$M$86/1000 -> 41.603782 | L25: =+[4]전주!$Q$85 -> 101861 | M25: =+[4]전주!$R$85 -> 97239.59 | N25: =+M25-L25 -> -4621.4103 | O25: =+[4]전주!$K$86/1000 -> -62.393661 | P25: =+[4]전주!$Q$50 -> 85241.615 | Q25: =+[4]전주!$R$50 -> 88902.928 | R25: =+Q25-P25 -> 3661.313 | S25: =+[4]전주!$L$56/1000 -> -49.470501 | T25: =+([4]전주!$H$80+[4]전주!$H$85)/1000 -> 53.590414 | U25: =+([4]전주!$I$80+[4]전주!$I$85)/1000 -> 51.120962 | V25: =+U25-T25 -> -2.4694523 | W25: =+([4]전주!$L$80+[4]전주!$L$85)/1000 -> 2.4694523 | Y25: =+G25-K25-O25-S25-W25 -> -1.6431301e-14 | Z25: =+Y25*1000000 -> -1.6431301e-08
D26: 군산 | E26: =+[4]군산!$H$86/1000 -> 105.79383 | F26: =+[4]군산!$I$86/1000 -> 96.361313 | G26: =+F26-E26 -> -9.4325207 | H26: =+[4]군산!$T$5/1000 -> 5 | I26: =+[4]군산!$U$5/1000 -> 5.101 | J26: =+I26-H26 -> 0.101 | K26: =+[4]군산!$M$86/1000 -> 2.5924203 | L26: =+[4]군산!$Q$85 -> 112084.76 | M26: =+[4]군산!$R$85 -> 111336.3 | N26: =+M26-L26 -> -748.4632 | O26: =+[4]군산!$K$86/1000 -> -3.8179108 | P26: =+[4]군산!$Q$50 -> 86417.233 | Q26: =+[4]군산!$R$50 -> 87713.038 | R26: =+Q26-P26 -> 1295.8053 | S26: =+[4]군산!$L$56/1000 -> -6.6099079 | T26: =+([4]군산!$H$80+[4]군산!$H$85)/1000 -> 22.543803 | U26: =+([4]군산!$I$80+[4]군산!$I$85)/1000 -> 24.140925 | V26: =+U26-T26 -> 1.5971223 | W26: =+([4]군산!$L$80+[4]군산!$L$85)/1000 -> -1.5971223 | Y26: =+G26-K26-O26-S26-W26 -> 7.5051076e-14 | Z26: =+Y26*1000000 -> 7.5051076e-08
D27: 원주 | E27: =+[4]원주!$H$86/1000 -> 68.337597 | F27: =+[4]원주!$I$86/1000 -> 103.45074 | G27: =+F27-E27 -> 35.113145 | H27: =+[4]원주!$T$5/1000 -> 4 | I27: =+[4]원주!$U$5/1000 -> 4.844 | J27: =+I27-H27 -> 0.844 | K27: =+[4]원주!$M$86/1000 -> 18.219892 | L27: =+[4]원주!$Q$85 -> 111639.88 | M27: =+[4]원주!$R$85 -> 108954.29 | N27: =+M27-L27 -> -2685.5982 | O27: =+[4]원주!$K$86/1000 -> -13.009038 | P27: =+[4]원주!$Q$50 -> 90052.335 | Q27: =+[4]원주!$R$50 -> 83894.228 | R27: =+Q27-P27 -> -6158.1066 | S27: =+[4]원주!$L$56/1000 -> 29.829876 | T27: =+([4]원주!$H$80+[4]원주!$H$85)/1000 -> 18.0126 | U27: =+([4]원주!$I$80+[4]원주!$I$85)/1000 -> 17.940184 | V27: =+U27-T27 -> -0.07241567 | W27: =+([4]원주!$L$80+[4]원주!$L$85)/1000 -> 0.07241567 | Y27: =+G27-K27-O27-S27-W27 -> 5.7454042e-15 | Z27: =+Y27*1000000 -> 5.7454042e-09
D28: 제주 | E28: =+[4]제주!$H$86/1000 -> 65.55279 | F28: =+[4]제주!$I$86/1000 -> 29.329734 | G28: =+F28-E28 -> -36.223056 | H28: =+[4]제주!$T$5/1000 -> 6 | I28: =+[4]제주!$U$5/1000 -> 4.089 | J28: =+I28-H28 -> -1.911 | K28: =+[4]제주!$M$86/1000 -> -29.98429 | L28: =+[4]제주!$Q$85 -> 122673.33 | M28: =+[4]제주!$R$85 -> 131207.51 | N28: =+M28-L28 -> 8534.1768 | O28: =+[4]제주!$K$86/1000 -> 34.896249 | P28: =+[4]제주!$Q$50 -> 106982.97 | Q28: =+[4]제주!$R$50 -> 116678.25 | R28: =+Q28-P28 -> 9695.2847 | S28: =+[4]제주!$L$56/1000 -> -39.64403 | T28: =+([4]제주!$H$80+[4]제주!$H$85)/1000 -> 28.589409 | U28: =+([4]제주!$I$80+[4]제주!$I$85)/1000 -> 30.080393 | V28: =+U28-T28 -> 1.4909841 | W28: =+([4]제주!$L$80+[4]제주!$L$85)/1000 -> -1.4909841 | Y28: =+G28-K28-O28-S28-W28 -> -3.1752379e-14 | Z28: =+Y28*1000000 -> -3.1752379e-08
Y35: · 집합대손 2.2억 // 개별대손 3억(삼정이앤시) → 안양 2.9억, 양산 0.1억

Sheet 공헌이익
D4: □ 레미콘 단위당 공헌이익(2026-04)
V5: [단위 : 원/㎥]
D6: 구분 | E6: 판매단가 | H6: 재료비 | K6: 운반비 | N6: 유류비 | Q6: 변동비 계 | T6: 공헌이익
E7: 계획 | F7: 실적 | G7: 차이 | H7: 계획 | I7: 실적 | J7: 차이 | K7: 계획 | L7: 실적 | M7: 차이 | N7: 계획 | O7: 실적 | P7: 차이 | Q7: 계획 | R7: 실적 | S7: 차이 | T7: 계획 | U7: 실적 | V7: 차이
D8: 평균 | E8: =+[4]합계!$Q$85 -> 101549.82 | F8: =+[4]합계!$R$85 -> 100907.33 | G8: =+F8-E8 -> -642.48832 | H8: =+[4]합계!$Q$20 -> 59560.354 | I8: =+[4]합계!$R$20 -> 61638.174 | J8: =+I8-H8 -> 2077.8195 | K8: =+[4]합계!$Q$21 -> 19330.89 | L8: =+[4]합계!$R$21 -> 20262.536 | M8: =+L8-K8 -> 931.64613 | N8: =+[4]합계!$Q$22 -> 232.76011 | O8: =+[4]합계!$R$22 -> 260.68985 | P8: =+O8-N8 -> 27.92974 | Q8: =H8+K8+N8 -> 79124.005 | R8: =I8+L8+O8 -> 82161.4 | S8: =+R8-Q8 -> 3037.3954 | T8: =+E8-Q8 -> 22425.814 | U8: =+F8-R8 -> 18745.931 | V8: =+U8-T8 -> -3679.8837
D9: 수도권 | E9: =+[4]수도권!$Q$85 -> 98524.097 | F9: =+[4]수도권!$R$85 -> 98815.723 | G9: =+F9-E9 -> 291.62623 | H9: =+[4]수도권!$Q$20 -> 60370.37 | I9: =+[4]수도권!$R$20 -> 62704.481 | J9: =+I9-H9 -> 2334.111 | K9: =+[4]수도권!$Q$21 -> 19199.4 | L9: =+[4]수도권!$R$21 -> 19999.749 | M9: =+L9-K9 -> 800.34948 | N9: =+[4]수도권!$Q$22 -> 235.24065 | O9: =+[4]수도권!$R$22 -> 239.36502 | P9: =+O9-N9 -> 4.1243702 | Q9: =H9+K9+N9 -> 79805.01 | R9: =I9+L9+O9 -> 82943.595 | S9: =+R9-Q9 -> 3138.5848 | T9: =+E9-Q9 -> 18719.086 | U9: =+F9-R9 -> 15872.128 | V9: =+U9-T9 -> -2846.9586
D10: 영남권 | E10: =+[4]영남권!$Q$85 -> 102882.75 | F10: =+[4]영남권!$R$85 -> 101778.55 | G10: =+F10-E10 -> -1104.2004 | H10: =+[4]영남권!$Q$20 -> 58807.267 | I10: =+[4]영남권!$R$20 -> 60346.688 | J10: =+I10-H10 -> 1539.4204 | K10: =+[4]영남권!$Q$21 -> 19734.554 | L10: =+[4]영남권!$R$21 -> 20681.977 | M10: =+L10-K10 -> 947.42257 | N10: =+[4]영남권!$Q$22 -> 235.34483 | O10: =+[4]영남권!$R$22 -> 280.56199 | P10: =+O10-N10 -> 45.217163 | Q10: =H10+K10+N10 -> 78777.166 | R10: =I10+L10+O10 -> 81309.227 | S10: =+R10-Q10 -> 2532.0601 | T10: =+E10-Q10 -> 24105.58 | U10: =+F10-R10 -> 20469.32 | V10: =+U10-T10 -> -3636.2605
D11: 기타권 | E11: =+[4]중부권!$Q$85 -> 105001.51 | F11: =+[4]중부권!$R$85 -> 103655.65 | G11: =+F11-E11 -> -1345.8529 | H11: =+[4]중부권!$Q$20 -> 59574.363 | I11: =+[4]중부권!$R$20 -> 61979.786 | J11: =+I11-H11 -> 2405.4226 | K11: =+[4]중부권!$Q$21 -> 18662.409 | L11: =+[4]중부권!$R$21 -> 19970.451 | M11: =+L11-K11 -> 1308.0417 | N11: =+[4]중부권!$Q$22 -> 221.22449 | O11: =+[4]중부권!$R$22 -> 266.09847 | P11: =+O11-N11 -> 44.873976 | Q11: =H11+K11+N11 -> 78457.997 | R11: =I11+L11+O11 -> 82216.335 | S11: =+R11-Q11 -> 3758.3383 | T11: =+E11-Q11 -> 26543.509 | U11: =+F11-R11 -> 21439.318 | V11: =+U11-T11 -> -5104.1912
D12: 안양 | E12: =+[4]안양!$Q$85 -> 97956.859 | F12: =+[4]안양!$R$85 -> 97182.938 | G12: =+F12-E12 -> -773.92133 | H12: =+[4]안양!$Q$20 -> 59189.172 | I12: =+[4]안양!$R$20 -> 61272.372 | J12: =+I12-H12 -> 2083.1994 | K12: =+[4]안양!$Q$21 -> 18426.853 | L12: =+[4]안양!$R$21 -> 19469.364 | M12: =+L12-K12 -> 1042.5115 | N12: =+[4]안양!$Q$22 -> 195 | O12: =+[4]안양!$R$22 -> 174.8752 | P12: =+O12-N12 -> -20.124803 | Q12: =H12+K12+N12 -> 77811.025 | R12: =I12+L12+O12 -> 80916.611 | S12: =+R12-Q12 -> 3105.5861 | T12: =+E12-Q12 -> 20145.835 | U12: =+F12-R12 -> 16266.327 | V12: =+U12-T12 -> -3879.5074
D13: 인천 | E13: =+[4]인천!$Q$85 -> 99830.197 | F13: =+[4]인천!$R$85 -> 99671.436 | G13: =+F13-E13 -> -158.76131 | H13: =+[4]인천!$Q$20 -> 62207.68 | I13: =+[4]인천!$R$20 -> 66966.478 | J13: =+I13-H13 -> 4758.7977 | K13: =+[4]인천!$Q$21 -> 19633.609 | L13: =+[4]인천!$R$21 -> 19596.53 | M13: =+L13-K13 -> -37.079197 | N13: =+[4]인천!$Q$22 -> 330 | O13: =+[4]인천!$R$22 -> 393.35128 | P13: =+O13-N13 -> 63.351278 | Q13: =H13+K13+N13 -> 82171.29 | R13: =I13+L13+O13 -> 86956.36 | S13: =+R13-Q13 -> 4785.0698 | T13: =+E13-Q13 -> 17658.908 | U13: =+F13-R13 -> 12715.076 | V13: =+U13-T13 -> -4943.8311
D14: 파주 | E14: =+[4]파주!$Q$85 -> 98709.869 | F14: =+[4]파주!$R$85 -> 100911.58 | G14: =+F14-E14 -> 2201.7105 | H14: =+[4]파주!$Q$20 -> 60478.322 | I14: =+[4]파주!$R$20 -> 60075.631 | J14: =+I14-H14 -> -402.69116 | K14: =+[4]파주!$Q$21 -> 20461.812 | L14: =+[4]파주!$R$21 -> 21490.623 | M14: =+L14-K14 -> 1028.8107 | N14: =+[4]파주!$Q$22 -> 289.45588 | O14: =+[4]파주!$R$22 -> 231.45103 | P14: =+O14-N14 -> -58.004851 | Q14: =H14+K14+N14 -> 81229.59 | R14: =I14+L14+O14 -> 81797.705 | S14: =+R14-Q14 -> 568.11465 | T14: =+E14-Q14 -> 17480.279 | U14: =+F14-R14 -> 19113.875 | V14: =+U14-T14 -> 1633.5959
D15: 김포 | E15: =+[4]김포!$Q$85 -> 96778.619 | F15: =+[4]김포!$R$85 -> 98832.579 | G15: =+F15-E15 -> 2053.9601 | H15: =+[4]김포!$Q$20 -> 59110.827 | I15: =+[4]김포!$R$20 -> 60245.538 | J15: =+I15-H15 -> 1134.7107 | K15: =+[4]김포!$Q$21 -> 18815.634 | L15: =+[4]김포!$R$21 -> 20544.214 | M15: =+L15-K15 -> 1728.5793 | N15: =+[4]김포!$Q$22 -> 60 | O15: =+[4]김포!$R$22 -> 90.90419 | P15: =+O15-N15 -> 30.90419 | Q15: =H15+K15+N15 -> 77986.462 | R15: =I15+L15+O15 -> 80880.656 | S15: =+R15-Q15 -> 2894.1942 | T15: =+E15-Q15 -> 18792.158 | U15: =+F15-R15 -> 17951.923 | V15: =+U15-T15 -> -840.23411
D16: 부산 | E16: =+[4]부산!$Q$85 -> 108302.89 | F16: =+[4]부산!$R$85 -> 115306.91 | G16: =+F16-E16 -> 7004.0241 | H16: =+[4]부산!$Q$20 -> 61703.21 | I16: =+[4]부산!$R$20 -> 68252.133 | J16: =+I16-H16 -> 6548.9234 | K16: =+[4]부산!$Q$21 -> 21479 | L16: =+[4]부산!$R$21 -> 23436.506 | M16: =+L16-K16 -> 1957.5066 | N16: =+[4]부산!$Q$22 -> 200 | O16: =+[4]부산!$R$22 -> 295.72913 | P16: =+O16-N16 -> 95.729127 | Q16: =H16+K16+N16 -> 83382.209 | R16: =I16+L16+O16 -> 91984.368 | S16: =+R16-Q16 -> 8602.1592 | T16: =+E16-Q16 -> 24920.681 | U16: =+F16-R16 -> 23322.546 | V16: =+U16-T16 -> -1598.135
D17: 서부산 | E17: =+[4]서부산!$Q$85 -> 104005.54 | F17: =+[4]서부산!$R$85 -> 100945.8 | G17: =+F17-E17 -> -3059.7342 | H17: =+[4]서부산!$Q$20 -> 59698.867 | I17: =+[4]서부산!$R$20 -> 62315.17 | J17: =+I17-H17 -> 2616.3032 | K17: =+[4]서부산!$Q$21 -> 16820.634 | L17: =+[4]서부산!$R$21 -> 18831.338 | M17: =+L17-K17 -> 2010.7048 | N17: =+[4]서부산!$Q$22 -> 171.42857 | O17: =+[4]서부산!$R$22 -> 288.51593 | P17: =+O17-N17 -> 117.08736 | Q17: =H17+K17+N17 -> 76690.929 | R17: =I17+L17+O17 -> 81435.024 | S17: =+R17-Q17 -> 4744.0953 | T17: =+E17-Q17 -> 27314.61 | U17: =+F17-R17 -> 19510.78 | V17: =+U17-T17 -> -7803.8296
D18: 김해 | E18: =+[4]김해!$Q$85 -> 101293.38 | F18: =+[4]김해!$R$85 -> 98414.612 | G18: =+F18-E18 -> -2878.769 | H18: =+[4]김해!$Q$20 -> 56667.13 | I18: =+[4]김해!$R$20 -> 56678.561 | J18: =+I18-H18 -> 11.431609 | K18: =+[4]김해!$Q$21 -> 20736.067 | L18: =+[4]김해!$R$21 -> 19989.347 | M18: =+L18-K18 -> -746.72024 | N18: =+[4]김해!$Q$22 -> 490 | O18: =+[4]김해!$R$22 -> 561.87781 | P18: =+O18-N18 -> 71.877815 | Q18: =H18+K18+N18 -> 77893.197 | R18: =I18+L18+O18 -> 77229.786 | S18: =+R18-Q18 -> -663.41082 | T18: =+E18-Q18 -> 23400.184 | U18: =+F18-R18 -> 21184.826 | V18: =+U18-T18 -> -2215.3582
D19: 정관 | E19: =+[4]정관!$Q$85 -> 106108.08 | F19: =+[4]정관!$R$85 -> 102762.77 | G19: =+F19-E19 -> -3345.317 | H19: =+[4]정관!$Q$20 -> 60273.805 | I19: =+[4]정관!$R$20 -> 61085.136 | J19: =+I19-H19 -> 811.33062 | K19: =+[4]정관!$Q$21 -> 20364.15 | L19: =+[4]정관!$R$21 -> 20211.434 | M19: =+L19-K19 -> -152.71621 | N19: =+[4]정관!$Q$22 -> 286.36364 | O19: =+[4]정관!$R$22 -> 329.77036 | P19: =+O19-N19 -> 43.406723 | Q19: =H19+K19+N19 -> 80924.319 | R19: =I19+L19+O19 -> 81626.34 | S19: =+R19-Q19 -> 702.02114 | T19: =+E19-Q19 -> 25183.765 | U19: =+F19-R19 -> 21136.427 | V19: =+U19-T19 -> -4047.3381
D20: 양산 | E20: =+[4]양산!$Q$85 -> 100810.11 | F20: =+[4]양산!$R$85 -> 98465.654 | G20: =+F20-E20 -> -2344.4549 | H20: =+[4]양산!$Q$20 -> 54121.818 | I20: =+[4]양산!$R$20 -> 52373.301 | J20: =+I20-H20 -> -1748.5163 | K20: =+[4]양산!$Q$21 -> 20713.92 | L20: =+[4]양산!$R$21 -> 24252.519 | M20: =+L20-K20 -> 3538.5984 | N20: =+[4]양산!$Q$22 -> 80 | O20: =+[4]양산!$R$22 -> 47.779304 | P20: =+O20-N20 -> -32.220696 | Q20: =H20+K20+N20 -> 74915.738 | R20: =I20+L20+O20 -> 76673.599 | S20: =+R20-Q20 -> 1757.8613 | T20: =+E20-Q20 -> 25894.371 | U20: =+F20-R20 -> 21792.055 | V20: =+U20-T20 -> -4102.3162
D21: 창원 | E21: =+[4]창원!$Q$85 -> 97381.761 | F21: =+[4]창원!$R$85 -> 93656.434 | G21: =+F21-E21 -> -3725.3273 | H21: =+[4]창원!$Q$20 -> 57908.837 | I21: =+[4]창원!$R$20 -> 54371.828 | J21: =+I21-H21 -> -3537.0084 | K21: =+[4]창원!$Q$21 -> 18866.122 | L21: =+[4]창원!$R$21 -> 17846.656 | M21: =+L21-K21 -> -1019.4655 | N21: =+[4]창원!$Q$22 -> 115.38462 | O21: =+[4]창원!$R$22 -> 82.353124 | P21: =+O21-N21 -> -33.031491 | Q21: =H21+K21+N21 -> 76890.343 | R21: =I21+L21+O21 -> 72300.838 | S21: =+R21-Q21 -> -4589.5053 | T21: =+E21-Q21 -> 20491.419 | U21: =+F21-R21 -> 21355.597 | V21: =+U21-T21 -> 864.17806
D22: 대구 | E22: =+[4]대구!$Q$85 -> 90281.702 | F22: =+[4]대구!$R$85 -> 77590.487 | G22: =+F22-E22 -> -12691.215 | H22: =+[4]대구!$Q$20 -> 52705.325 | I22: =+[4]대구!$R$20 -> 50472.331 | J22: =+I22-H22 -> -2232.9939 | K22: =+[4]대구!$Q$21 -> 17924.246 | L22: =+[4]대구!$R$21 -> 17175.292 | M22: =+L22-K22 -> -748.95387 | N22: =+[4]대구!$Q$22 -> 352.94118 | O22: =+[4]대구!$R$22 -> 398.19358 | P22: =+O22-N22 -> 45.2524 | Q22: =H22+K22+N22 -> 70982.512 | R22: =I22+L22+O22 -> 68045.817 | S22: =+R22-Q22 -> -2936.6953 | T22: =+E22-Q22 -> 19299.189 | U22: =+F22-R22 -> 9544.6702 | V22: =+U22-T22 -> -9754.5193
D23: 울산 | E23: =+[4]울산!$Q$85 -> 103952.56 | F23: =+[4]울산!$R$85 -> 101562.25 | G23: =+F23-E23 -> -2390.3016 | H23: =+[4]울산!$Q$20 -> 60798.199 | I23: =+[4]울산!$R$20 -> 59304.378 | J23: =+I23-H23 -> -1493.821 | K23: =+[4]울산!$Q$21 -> 21414.621 | L23: =+[4]울산!$R$21 -> 22323.945 | M23: =+L23-K23 -> 909.32408 | N23: =+[4]울산!$Q$22 -> 278.26087 | O23: =+[4]울산!$R$22 -> 288.83399 | P23: =+O23-N23 -> 10.573121 | Q23: =H23+K23+N23 -> 82491.081 | R23: =I23+L23+O23 -> 81917.157 | S23: =+R23-Q23 -> -573.92383 | T23: =+E23-Q23 -> 21461.475 | U23: =+F23-R23 -> 19645.097 | V23: =+U23-T23 -> -1816.3778
D24: 아산 | E24: =+[4]아산!$Q$85 -> 99199.106 | F24: =+[4]아산!$R$85 -> 99909.185 | G24: =+F24-E24 -> 710.07859 | H24: =+[4]아산!$Q$20 -> 56381.116 | I24: =+[4]아산!$R$20 -> 60668.358 | J24: =+I24-H24 -> 4287.2418 | K24: =+[4]아산!$Q$21 -> 21914.311 | L24: =+[4]아산!$R$21 -> 23198.313 | M24: =+L24-K24 -> 1284.0018 | N24: =+[4]아산!$Q$22 -> 130.43478 | O24: =+[4]아산!$R$22 -> 233.03825 | P24: =+O24-N24 -> 102.60347 | Q24: =H24+K24+N24 -> 78425.862 | R24: =I24+L24+O24 -> 84099.709 | S24: =+R24-Q24 -> 5673.847 | T24: =+E24-Q24 -> 20773.244 | U24: =+F24-R24 -> 15809.475 | V24: =+U24-T24 -> -4963.7684
D25: 전주 | E25: =+[4]전주!$Q$85 -> 101861 | F25: =+[4]전주!$R$85 -> 97239.59 | G25: =+F25-E25 -> -4621.4103 | H25: =+[4]전주!$Q$20 -> 59250.684 | I25: =+[4]전주!$R$20 -> 61189.607 | J25: =+I25-H25 -> 1938.9236 | K25: =+[4]전주!$Q$21 -> 15997.268 | L25: =+[4]전주!$R$21 -> 19161.88 | M25: =+L25-K25 -> 3164.612 | N25: =+[4]전주!$Q$22 -> 318.18182 | O25: =+[4]전주!$R$22 -> 318.05225 | P25: =+O25-N25 -> -0.1295722 | Q25: =H25+K25+N25 -> 75566.133 | R25: =I25+L25+O25 -> 80669.539 | S25: =+R25-Q25 -> 5103.406 | T25: =+E25-Q25 -> 26294.867 | U25: =+F25-R25 -> 16570.05 | V25: =+U25-T25 -> -9724.8163
D26: 군산 | E26: =+[4]군산!$Q$85 -> 112084.76 | F26: =+[4]군산!$R$85 -> 111336.3 | G26: =+F26-E26 -> -748.4632 | H26: =+[4]군산!$Q$20 -> 58572.097 | I26: =+[4]군산!$R$20 -> 59807.511 | J26: =+I26-H26 -> 1235.414 | K26: =+[4]군산!$Q$21 -> 14284.3 | L26: =+[4]군산!$R$21 -> 14729.95 | M26: =+L26-K26 -> 445.65036 | N26: =+[4]군산!$Q$22 -> 68 | O26: =+[4]군산!$R$22 -> 65.956087 | P26: =+O26-N26 -> -2.043913 | Q26: =H26+K26+N26 -> 72924.397 | R26: =I26+L26+O26 -> 74603.418 | S26: =+R26-Q26 -> 1679.0204 | T26: =+E26-Q26 -> 39160.363 | U26: =+F26-R26 -> 36732.879 | V26: =+U26-T26 -> -2427.4836
D27: 원주 | E27: =+[4]원주!$Q$85 -> 111639.88 | F27: =+[4]원주!$R$85 -> 108954.29 | G27: =+F27-E27 -> -2685.5982 | H27: =+[4]원주!$Q$20 -> 55644.159 | I27: =+[4]원주!$R$20 -> 55933.71 | J27: =+I27-H27 -> 289.55103 | K27: =+[4]원주!$Q$21 -> 14791.004 | L27: =+[4]원주!$R$21 -> 13655.181 | M27: =+L27-K27 -> -1135.8236 | N27: =+[4]원주!$Q$22 -> 375 | O27: =+[4]원주!$R$22 -> 323.56998 | P27: =+O27-N27 -> -51.430017 | Q27: =H27+K27+N27 -> 70810.163 | R27: =I27+L27+O27 -> 69912.46 | S27: =+R27-Q27 -> -897.70255 | T27: =+E27-Q27 -> 40829.721 | U27: =+F27-R27 -> 39041.825 | V27: =+U27-T27 -> -1787.8957
D28: 제주 | E28: =+[4]제주!$Q$85 -> 122673.33 | F28: =+[4]제주!$R$85 -> 131207.51 | G28: =+F28-E28 -> 8534.1768 | H28: =+[4]제주!$Q$20 -> 75863.91 | I28: =+[4]제주!$R$20 -> 82253.101 | J28: =+I28-H28 -> 6389.1907 | K28: =+[4]제주!$Q$21 -> 17312.239 | L28: =+[4]제주!$R$21 -> 17488.395 | M28: =+L28-K28 -> 176.15576 | N28: =+[4]제주!$Q$22 -> 416.66667 | O28: =+[4]제주!$R$22 -> 472.37124 | P28: =+O28-N28 -> 55.704573 | Q28: =H28+K28+N28 -> 93592.816 | R28: =I28+L28+O28 -> 100213.87 | S28: =+R28-Q28 -> 6621.051 | T28: =+E28-Q28 -> 29080.517 | U28: =+F28-R28 -> 30993.643 | V28: =+U28-T28 -> 1913.1258

Sheet 재료비단가
D4: □ 레미콘 원재료단가(2026-04)
D6: 구분 | E6: OPC (원/톤) | H6: SC (원/톤) | K6: SP (원/톤) | N6: FA (원/톤) | Q6: 자갈 (원/톤) | T6: 모래 (원/톤)
E7: 계획 | F7: 실적 | G7: 차이 | H7: 계획 | I7: 실적 | J7: 차이 | K7: 계획 | L7: 실적 | M7: 차이 | N7: 계획 | O7: 실적 | P7: 차이 | Q7: 계획 | R7: 실적 | S7: 차이 | T7: 계획 | U7: 실적 | V7: 차이
D8: 평균 | E8: =+[4]합계!$G$9 -> 97521.515 | F8: =+[4]합계!$H$9 -> 100269.51 | G8: =+F8-E8 -> 2747.9944 | H8: =+[4]합계!$G$10 -> 91103.198 | I8: =+[4]합계!$H$10 -> 95220.804 | J8: =+I8-H8 -> 4117.6062 | K8: =+[4]합계!$G$12 -> 59693.191 | L8: =+[4]합계!$H$12 -> 57905.475 | M8: =+L8-K8 -> -1787.7163 | N8: =+[4]합계!$G$13 -> 35867.274 | O8: =+[4]합계!$H$13 -> 37585.201 | P8: =+O8-N8 -> 1717.9272 | Q8: =+[4]합계!$G$16 -> 12941.924 | R8: =+[4]합계!$H$16 -> 13082.389 | S8: =+R8-Q8 -> 140.46503 | T8: =+[4]합계!$G$17 -> 15606.319 | U8: =+[4]합계!$H$17 -> 15291.722 | V8: =+U8-T8 -> -314.59628
D9: 수도권 | E9: =+[4]수도권!$G$9 -> 97000 | F9: =+[4]수도권!$H$9 -> 99865.933 | G9: =+F9-E9 -> 2865.933 | H9: =+[4]수도권!$G$10 -> 95432.333 | I9: =+[4]수도권!$H$10 -> 98560.447 | J9: =+I9-H9 -> 3128.114 | K9: =+[4]수도권!$G$12 -> 60000 | L9: =+[4]수도권!$H$12 -> 57772.618 | M9: =+L9-K9 -> -2227.3817 | N9: =+[4]수도권!$G$13 -> 39732.171 | O9: =+[4]수도권!$H$13 -> 40892.458 | P9: =+O9-N9 -> 1160.2875 | Q9: =+[4]수도권!$G$16 -> 14882.735 | R9: =+[4]수도권!$H$16 -> 14979.71 | S9: =+R9-Q9 -> 96.975536 | T9: =+[4]수도권!$G$17 -> 13713.507 | U9: =+[4]수도권!$H$17 -> 13720.775 | V9: =+U9-T9 -> 7.267657
D10: 영남권 | E10: =+[4]영남권!$G$9 -> 97000 | F10: =+[4]영남권!$H$9 -> 100000 | G10: =+F10-E10 -> 3000.0001 | H10: =+[4]영남권!$G$10 -> 90172.62 | I10: =+[4]영남권!$H$10 -> 94252.748 | J10: =+I10-H10 -> 4080.1272 | K10: =+[4]영남권!$G$12 -> 59163.556 | L10: =+[4]영남권!$H$12 -> 57799.505 | M10: =+L10-K10 -> -1364.051 | N10: =+[4]영남권!$G$13 -> 32410.128 | O10: =+[4]영남권!$H$13 -> 34005.778 | P10: =+O10-N10 -> 1595.6505 | Q10: =+[4]영남권!$G$16 -> 11024.026 | R10: =+[4]영남권!$H$16 -> 11069.749 | S10: =+R10-Q10 -> 45.722921 | T10: =+[4]영남권!$G$17 -> 17798.16 | U10: =+[4]영남권!$H$17 -> 17408.927 | V10: =+U10-T10 -> -389.23327
D11: 기타권 | E11: =+[4]중부권!$G$9 -> 99563.788 | F11: =+[4]중부권!$H$9 -> 101567.51 | G11: =+F11-E11 -> 2003.726 | H11: =+[4]중부권!$G$10 -> 91126.149 | I11: =+[4]중부권!$H$10 -> 95093.014 | J11: =+I11-H11 -> 3966.8657 | K11: =+[4]중부권!$G$12 -> 60169.254 | L11: =+[4]중부권!$H$12 -> 58484.889 | M11: =+L11-K11 -> -1684.3653 | N11: =+[4]중부권!$G$13 -> 37346.379 | O11: =+[4]중부권!$H$13 -> 38681.768 | P11: =+O11-N11 -> 1335.3889 | Q11: =+[4]중부권!$G$16 -> 13037.254 | R11: =+[4]중부권!$H$16 -> 12720.157 | S11: =+R11-Q11 -> -317.09659 | T11: =+[4]중부권!$G$17 -> 14494.547 | U11: =+[4]중부권!$H$17 -> 14337.978 | V11: =+U11-T11 -> -156.56857
D12: 안양 | E12: =+[4]안양!$G$9 -> 97000 | F12: =+[4]안양!$H$9 -> 99708.306 | G12: =+F12-E12 -> 2708.3061 | H12: =+[4]안양!$G$10 -> 0 | I12: =+[4]안양!$H$10 -> 100500.01 | J12: =+I12-H12 -> 100500.01 | K12: =+[4]안양!$G$12 -> 60000 | L12: =+[4]안양!$H$12 -> 57817.94 | M12: =+L12-K12 -> -2182.0603 | N12: =+[4]안양!$G$13 -> 38500 | O12: =+[4]안양!$H$13 -> 40403.071 | P12: =+O12-N12 -> 1903.0713 | Q12: =+[4]안양!$G$16 -> 14133.333 | R12: =+[4]안양!$H$16 -> 14023.065 | S12: =+R12-Q12 -> -110.26814 | T12: =+[4]안양!$G$17 -> 13548.387 | U12: =+[4]안양!$H$17 -> 13583.969 | V12: =+U12-T12 -> 35.582385
D13: 인천 | E13: =+[4]인천!$G$9 -> 97000 | F13: =+[4]인천!$H$9 -> 99929.604 | G13: =+F13-E13 -> 2929.604 | H13: =+[4]인천!$G$10 -> 97000 | I13: =+[4]인천!$H$10 -> 99581.674 | J13: =+I13-H13 -> 2581.6741 | K13: =+[4]인천!$G$12 -> 60000 | L13: =+[4]인천!$H$12 -> 57799.864 | M13: =+L13-K13 -> -2200.1358 | N13: =+[4]인천!$G$13 -> 39000 | O13: =+[4]인천!$H$13 -> 39613.492 | P13: =+O13-N13 -> 613.49183 | Q13: =+[4]인천!$G$16 -> 15333.333 | R13: =+[4]인천!$H$16 -> 15666.395 | S13: =+R13-Q13 -> 333.06165 | T13: =+[4]인천!$G$17 -> 13952.457 | U13: =+[4]인천!$H$17 -> 14046.567 | V13: =+U13-T13 -> 94.10942
D14: 파주 | E14: =+[4]파주!$G$9 -> 97000 | F14: =+[4]파주!$H$9 -> 100000 | G14: =+F14-E14 -> 3000 | H14: =+[4]파주!$G$10 -> 0 | I14: =+[4]파주!$H$10 -> 0 | J14: =+I14-H14 -> 0 | K14: =+[4]파주!$G$12 -> 60000 | L14: =+[4]파주!$H$12 -> 57901.148 | M14: =+L14-K14 -> -2098.8519 | N14: =+[4]파주!$G$13 -> 42000 | O14: =+[4]파주!$H$13 -> 42505.685 | P14: =+O14-N14 -> 505.68523 | Q14: =+[4]파주!$G$16 -> 15666.667 | R14: =+[4]파주!$H$16 -> 15774.101 | S14: =+R14-Q14 -> 107.43436 | T14: =+[4]파주!$G$17 -> 13225.806 | U14: =+[4]파주!$H$17 -> 13144.331 | V14: =+U14-T14 -> -81.475939
D15: 김포 | E15: =+[4]김포!$G$9 -> 97000 | F15: =+[4]김포!$H$9 -> 100000 | G15: =+F15-E15 -> 3000 | H15: =+[4]김포!$G$10 -> 91500 | I15: =+[4]김포!$H$10 -> 95954.11 | J15: =+I15-H15 -> 4454.1103 | K15: =+[4]김포!$G$12 -> 60000 | L15: =+[4]김포!$H$12 -> 57531.869 | M15: =+L15-K15 -> -2468.1305 | N15: =+[4]김포!$G$13 -> 41500 | O15: =+[4]김포!$H$13 -> 42310.379 | P15: =+O15-N15 -> 810.3788 | Q15: =+[4]김포!$G$16 -> 14911.544 | R15: =+[4]김포!$H$16 -> 15026.283 | S15: =+R15-Q15 -> 114.73933 | T15: =+[4]김포!$G$17 -> 14155.902 | U15: =+[4]김포!$H$17 -> 13979.104 | V15: =+U15-T15 -> -176.79869
D16: 부산 | E16: =+[4]부산!$G$9 -> 97000 | F16: =+[4]부산!$H$9 -> 100000 | G16: =+F16-E16 -> 3000 | H16: =+[4]부산!$G$10 -> 89600 | I16: =+[4]부산!$H$10 -> 94185.789 | J16: =+I16-H16 -> 4585.7886 | K16: =+[4]부산!$G$12 -> 0 | L16: =+[4]부산!$H$12 -> 57700.005 | M16: =+L16-K16 -> 57700.005 | N16: =+[4]부산!$G$13 -> 34500 | O16: =+[4]부산!$H$13 -> 34956.131 | P16: =+O16-N16 -> 456.13118 | Q16: =+[4]부산!$G$16 -> 11714.416 | R16: =+[4]부산!$H$16 -> 11902.558 | S16: =+R16-Q16 -> 188.14184 | T16: =+[4]부산!$G$17 -> 18149.72 | U16: =+[4]부산!$H$17 -> 17819.996 | V16: =+U16-T16 -> -329.72454
D17: 서부산 | E17: =+[4]서부산!$G$9 -> 97000 | F17: =+[4]서부산!$H$9 -> 100000 | G17: =+F17-E17 -> 3000.0002 | H17: =+[4]서부산!$G$10 -> 89100 | I17: =+[4]서부산!$H$10 -> 95871.058 | J17: =+I17-H17 -> 6771.0579 | K17: =+[4]서부산!$G$12 -> 61000 | L17: =+[4]서부산!$H$12 -> 60427.281 | M17: =+L17-K17 -> -572.71861 | N17: =+[4]서부산!$G$13 -> 32500 | O17: =+[4]서부산!$H$13 -> 33768.342 | P17: =+O17-N17 -> 1268.3416 | Q17: =+[4]서부산!$G$16 -> 10666.667 | R17: =+[4]서부산!$H$16 -> 10666.666 | S17: =+R17-Q17 -> -0.00021857924 | T17: =+[4]서부산!$G$17 -> 17845.664 | U17: =+[4]서부산!$H$17 -> 16623.987 | V17: =+U17-T17 -> -1221.6779
D18: 김해 | E18: =+[4]김해!$G$9 -> 97000 | F18: =+[4]김해!$H$9 -> 100000 | G18: =+F18-E18 -> 3000 | H18: =+[4]김해!$G$10 -> 89100 | I18: =+[4]김해!$H$10 -> 94271.3 | J18: =+I18-H18 -> 5171.3 | K18: =+[4]김해!$G$12 -> 0 | L18: =+[4]김해!$H$12 -> 0 | M18: =+L18-K18 -> 0 | N18: =+[4]김해!$G$13 -> 32500 | O18: =+[4]김해!$H$13 -> 33112.51 | P18: =+O18-N18 -> 612.51019 | Q18: =+[4]김해!$G$16 -> 9000 | R18: =+[4]김해!$H$16 -> 9029.1848 | S18: =+R18-Q18 -> 29.1848 | T18: =+[4]김해!$G$17 -> 16710.978 | U18: =+[4]김해!$H$17 -> 16513.782 | V18: =+U18-T18 -> -197.19555
D19: 정관 | E19: =+[4]정관!$G$9 -> 97000 | F19: =+[4]정관!$H$9 -> 100000 | G19: =+F19-E19 -> 3000.0005 | H19: =+[4]정관!$G$10 -> 89100 | I19: =+[4]정관!$H$10 -> 92214.891 | J19: =+I19-H19 -> 3114.8908 | K19: =+[4]정관!$G$12 -> 59000 | L19: =+[4]정관!$H$12 -> 56702.161 | M19: =+L19-K19 -> -2297.8393 | N19: =+[4]정관!$G$13 -> 32500 | O19: =+[4]정관!$H$13 -> 34237.659 | P19: =+O19-N19 -> 1737.6589 | Q19: =+[4]정관!$G$16 -> 11335.552 | R19: =+[4]정관!$H$16 -> 10988.22 | S19: =+R19-Q19 -> -347.33152 | T19: =+[4]정관!$G$17 -> 18860.224 | U19: =+[4]정관!$H$17 -> 18734.859 | V19: =+U19-T19 -> -125.36498
D20: 양산 | E20: =+[4]양산!$G$9 -> 97000 | F20: =+[4]양산!$H$9 -> 100000 | G20: =+F20-E20 -> 3000 | H20: =+[4]양산!$G$10 -> 0 | I20: =+[4]양산!$H$10 -> 0 | J20: =+I20-H20 -> 0 | K20: =+[4]양산!$G$12 -> 59000 | L20: =+[4]양산!$H$12 -> 57000.701 | M20: =+L20-K20 -> -1999.2988 | N20: =+[4]양산!$G$13 -> 32000 | O20: =+[4]양산!$H$13 -> 34320.491 | P20: =+O20-N20 -> 2320.4911 | Q20: =+[4]양산!$G$16 -> 9400 | R20: =+[4]양산!$H$16 -> 9130.9809 | S20: =+R20-Q20 -> -269.01907 | T20: =+[4]양산!$G$17 -> 17570.738 | U20: =+[4]양산!$H$17 -> 16895.064 | V20: =+U20-T20 -> -675.67446
D21: 창원 | E21: =+[4]창원!$G$9 -> 97000 | F21: =+[4]창원!$H$9 -> 100000 | G21: =+F21-E21 -> 3000 | H21: =+[4]창원!$G$10 -> 100500 | I21: =+[4]창원!$H$10 -> 100499.97 | J21: =+I21-H21 -> -0.025320886 | K21: =+[4]창원!$G$12 -> 61000 | L21: =+[4]창원!$H$12 -> 60101.348 | M21: =+L21-K21 -> -898.65201 | N21: =+[4]창원!$G$13 -> 29500 | O21: =+[4]창원!$H$13 -> 31407.403 | P21: =+O21-N21 -> 1907.4026 | Q21: =+[4]창원!$G$16 -> 11466.667 | R21: =+[4]창원!$H$16 -> 11207.081 | S21: =+R21-Q21 -> -259.586 | T21: =+[4]창원!$G$17 -> 17046.852 | U21: =+[4]창원!$H$17 -> 16485.743 | V21: =+U21-T21 -> -561.10854
D22: 대구 | E22: =+[4]대구!$G$9 -> 97000 | F22: =+[4]대구!$H$9 -> 100000 | G22: =+F22-E22 -> 3000 | H22: =+[4]대구!$G$10 -> 0 | I22: =+[4]대구!$H$10 -> 98970.89 | J22: =+I22-H22 -> 98970.89 | K22: =+[4]대구!$G$12 -> 57200 | L22: =+[4]대구!$H$12 -> 58554.497 | M22: =+L22-K22 -> 1354.4971 | N22: =+[4]대구!$G$13 -> 31000 | O22: =+[4]대구!$H$13 -> 32110.381 | P22: =+O22-N22 -> 1110.3806 | Q22: =+[4]대구!$G$16 -> 10933.333 | R22: =+[4]대구!$H$16 -> 10673.022 | S22: =+R22-Q22 -> -260.31127 | T22: =+[4]대구!$G$17 -> 14319.244 | U22: =+[4]대구!$H$17 -> 13807.318 | V22: =+U22-T22 -> -511.92515
D23: 울산 | E23: =+[4]울산!$G$9 -> 97000 | F23: =+[4]울산!$H$9 -> 100000 | G23: =+F23-E23 -> 3000 | H23: =+[4]울산!$G$10 -> 0 | I23: =+[4]울산!$H$10 -> 0 | J23: =+I23-H23 -> 0 | K23: =+[4]울산!$G$12 -> 57200 | L23: =+[4]울산!$H$12 -> 55014.345 | M23: =+L23-K23 -> -2185.6548 | N23: =+[4]울산!$G$13 -> 33500 | O23: =+[4]울산!$H$13 -> 35467.736 | P23: =+O23-N23 -> 1967.7358 | Q23: =+[4]울산!$G$16 -> 12533.333 | R23: =+[4]울산!$H$16 -> 12209.932 | S23: =+R23-Q23 -> -323.40183 | T23: =+[4]울산!$G$17 -> 19929.332 | U23: =+[4]울산!$H$17 -> 19565.335 | V23: =+U23-T23 -> -363.99636
D24: 아산 | E24: =+[4]아산!$G$9 -> 97000 | F24: =+[4]아산!$H$9 -> 99716.886 | G24: =+F24-E24 -> 2716.8859 | H24: =+[4]아산!$G$10 -> 83600 | I24: =+[4]아산!$H$10 -> 86600.004 | J24: =+I24-H24 -> 3000.0042 | K24: =+[4]아산!$G$12 -> 60000 | L24: =+[4]아산!$H$12 -> 57740.043 | M24: =+L24-K24 -> -2259.9572 | N24: =+[4]아산!$G$13 -> 37500 | O24: =+[4]아산!$H$13 -> 38647.233 | P24: =+O24-N24 -> 1147.2333 | Q24: =+[4]아산!$G$16 -> 10853.333 | R24: =+[4]아산!$H$16 -> 10864.209 | S24: =+R24-Q24 -> 10.875515 | T24: =+[4]아산!$G$17 -> 12554.839 | U24: =+[4]아산!$H$17 -> 12453.393 | V24: =+U24-T24 -> -101.44594
D25: 전주 | E25: =+[4]전주!$G$9 -> 97000 | F25: =+[4]전주!$H$9 -> 100000 | G25: =+F25-E25 -> 3000 | H25: =+[4]전주!$G$10 -> 94500 | I25: =+[4]전주!$H$10 -> 97499.691 | J25: =+I25-H25 -> 2999.6914 | K25: =+[4]전주!$G$12 -> 60000 | L25: =+[4]전주!$H$12 -> 57660.498 | M25: =+L25-K25 -> -2339.5018 | N25: =+[4]전주!$G$13 -> 32500 | O25: =+[4]전주!$H$13 -> 34308.903 | P25: =+O25-N25 -> 1808.9026 | Q25: =+[4]전주!$G$16 -> 14733.333 | R25: =+[4]전주!$H$16 -> 13690.098 | S25: =+R25-Q25 -> -1043.2351 | T25: =+[4]전주!$G$17 -> 16000 | U25: =+[4]전주!$H$17 -> 15879.116 | V25: =+U25-T25 -> -120.8838
D26: 군산 | E26: =+[4]군산!$G$9 -> 97000 | F26: =+[4]군산!$H$9 -> 100000 | G26: =+F26-E26 -> 3000 | H26: =+[4]군산!$G$10 -> 0 | I26: =+[4]군산!$H$10 -> 93100.177 | J26: =+I26-H26 -> 93100.177 | K26: =+[4]군산!$G$12 -> 61000 | L26: =+[4]군산!$H$12 -> 61887.346 | M26: =+L26-K26 -> 887.3463 | N26: =+[4]군산!$G$13 -> 32500 | O26: =+[4]군산!$H$13 -> 30093.203 | P26: =+O26-N26 -> -2406.797 | Q26: =+[4]군산!$G$16 -> 15133.333 | R26: =+[4]군산!$H$16 -> 15138.338 | S26: =+R26-Q26 -> 5.0048748 | T26: =+[4]군산!$G$17 -> 15328.768 | U26: =+[4]군산!$H$17 -> 15509.459 | V26: =+U26-T26 -> 180.69152
D27: 원주 | E27: =+[4]원주!$G$9 -> 97000 | F27: =+[4]원주!$H$9 -> 100000 | G27: =+F27-E27 -> 3000 | H27: =+[4]원주!$G$10 -> 0 | I27: =+[4]원주!$H$10 -> 0 | J27: =+I27-H27 -> 0 | K27: =+[4]원주!$G$12 -> 60000 | L27: =+[4]원주!$H$12 -> 57974.906 | M27: =+L27-K27 -> -2025.0942 | N27: =+[4]원주!$G$13 -> 45000 | O27: =+[4]원주!$H$13 -> 47882.026 | P27: =+O27-N27 -> 2882.0261 | Q27: =+[4]원주!$G$16 -> 12466.667 | R27: =+[4]원주!$H$16 -> 12564.686 | S27: =+R27-Q27 -> 98.018909 | T27: =+[4]원주!$G$17 -> 12387.097 | U27: =+[4]원주!$H$17 -> 12386.605 | V27: =+U27-T27 -> -0.49146654
D28: 제주 | E28: =+[4]제주!$G$9 -> 114000 | F28: =+[4]제주!$H$9 -> 117000 | G28: =+F28-E28 -> 2999.9998 | H28: =+[4]제주!$G$10 -> 0 | I28: =+[4]제주!$H$10 -> 0 | J28: =+I28-H28 -> 0 | K28: =+[4]제주!$G$12 -> 0 | L28: =+[4]제주!$H$12 -> 0 | M28: =+L28-K28 -> 0 | N28: =+[4]제주!$G$13 -> 0 | O28: =+[4]제주!$H$13 -> 0 | P28: =+O28-N28 -> 0 | Q28: =+[4]제주!$G$16 -> 18000 | R28: =+[4]제주!$H$16 -> 18331.529 | S28: =+R28-Q28 -> 331.52913 | T28: =+[4]제주!$G$17 -> 19015.75 | U28: =+[4]제주!$H$17 -> 20219.966 | V28: =+U28-T28 -> 1204.2157

Sheet 원단위
D4: □ 레미콘 원재료 원단위(2026-04)
V5: [단위 : kg/㎥]
D6: 구분 | E6: OPC | H6: 분체류 | K6: 분체류 치환률 | N6: 자갈 | Q6: 모래 | T6: 혼화제
E7: 계획 | F7: 실적 | G7: 차이 | H7: 계획 | I7: 실적 | J7: 차이 | K7: 계획 | L7: 실적 | M7: 차이 | N7: 계획 | O7: 실적 | P7: 차이 | Q7: 계획 | R7: 실적 | S7: 차이 | T7: 계획 | U7: 실적 | V7: 차이
D8: 평균 | E8: =+[4]합계!$E$9 -> 255.63973 | F8: =+[4]합계!$F$9 -> 264.41817 | G8: =+F8-E8 -> 8.7784462 | H8: =+[4]합계!$E$15 -> 369.88153 | I8: =+[4]합계!$F$15 -> 382.31754 | J8: =+I8-H8 -> 12.436011 | K8: =+([4]합계!$E$10*0.4+[4]합계!$E$11+[4]합계!$E$12+[4]합계!$E$13+[4]합계!$E$14)/[4]합계!$E$15 -> 0.2546505 | L8: =+([4]합계!$F$10*0.4+[4]합계!$F$11+[4]합계!$F$12+[4]합계!$F$13+[4]합계!$F$14)/[4]합계!$F$15 -> 0.24398033 | M8: =+L8-K8 -> -0.010670176 | N8: =+[4]합계!$E$16 -> 827.14748 | O8: =+[4]합계!$F$16 -> 805.86671 | P8: =+O8-N8 -> -21.280768 | Q8: =+[4]합계!$E$17 -> 893.69178 | R8: =+[4]합계!$F$17 -> 899.03037 | S8: =+R8-Q8 -> 5.3385874 | T8: =+[4]합계!$E$19 -> 3.2112876 | U8: =+[4]합계!$F$19 -> 3.1346281 | V8: =+U8-T8 -> -0.076659471
D9: 수도권 | E9: =+[4]수도권!$E$9 -> 278.84507 | F9: =+[4]수도권!$F$9 -> 291.34937 | G9: =+F9-E9 -> 12.504307 | H9: =+[4]수도권!$E$15 -> 376.66501 | I9: =+[4]수도권!$F$15 -> 387.84804 | J9: =+I9-H9 -> 11.183021 | K9: =+([4]수도권!$E$10*0.4+[4]수도권!$E$11+[4]수도권!$E$12+[4]수도권!$E$13+[4]수도권!$E$14)/[4]수도권!$E$15 -> 0.23637937 | L9: =+([4]수도권!$F$10*0.4+[4]수도권!$F$11+[4]수도권!$F$12+[4]수도권!$F$13+[4]수도권!$F$14)/[4]수도권!$F$15 -> 0.21689438 | M9: =+L9-K9 -> -0.019484983 | N9: =+[4]수도권!$E$16 -> 849.54869 | O9: =+[4]수도권!$F$16 -> 847.8351 | P9: =+O9-N9 -> -1.7135933 | Q9: =+[4]수도권!$E$17 -> 879.6629 | R9: =+[4]수도권!$F$17 -> 871.65259 | S9: =+R9-Q9 -> -8.0103044 | T9: =+[4]수도권!$E$19 -> 3.2667002 | U9: =+[4]수도권!$F$19 -> 3.1275263 | V9: =+U9-T9 -> -0.13917381
D10: 영남권 | E10: =+[4]영남권!$E$9 -> 220.28674 | F10: =+[4]영남권!$F$9 -> 222.80287 | G10: =+F10-E10 -> 2.5161283 | H10: =+[4]영남권!$E$15 -> 365.04509 | I10: =+[4]영남권!$F$15 -> 377.7251 | J10: =+I10-H10 -> 12.680012 | K10: =+([4]영남권!$E$10*0.4+[4]영남권!$E$11+[4]영남권!$E$12+[4]영남권!$E$13+[4]영남권!$E$14)/[4]영남권!$E$15 -> 0.29321031 | L10: =+([4]영남권!$F$10*0.4+[4]영남권!$F$11+[4]영남권!$F$12+[4]영남권!$F$13+[4]영남권!$F$14)/[4]영남권!$F$15 -> 0.29265538 | M10: =+L10-K10 -> -0.0005549318 | N10: =+[4]영남권!$E$16 -> 810.1809 | O10: =+[4]영남권!$F$16 -> 775.35392 | P10: =+O10-N10 -> -34.826981 | Q10: =+[4]영남권!$E$17 -> 897.05505 | R10: =+[4]영남권!$F$17 -> 894.59309 | S10: =+R10-Q10 -> -2.4619583 | T10: =+[4]영남권!$E$19 -> 3.2709509 | U10: =+[4]영남권!$F$19 -> 3.0805943 | V10: =+U10-T10 -> -0.19035662
D11: 기타권 | E11: =+[4]중부권!$E$9 -> 288.65962 | F11: =+[4]중부권!$F$9 -> 291.53596 | G11: =+F11-E11 -> 2.876341 | H11: =+[4]중부권!$E$15 -> 366.51815 | I11: =+[4]중부권!$F$15 -> 379.76128 | J11: =+I11-H11 -> 13.243126 | K11: =+([4]중부권!$E$10*0.4+[4]중부권!$E$11+[4]중부권!$E$12+[4]중부권!$E$13+[4]중부권!$E$14)/[4]중부권!$E$15 -> 0.2047357 | L11: =+([4]중부권!$F$10*0.4+[4]중부권!$F$11+[4]중부권!$F$12+[4]중부권!$F$13+[4]중부권!$F$14)/[4]중부권!$F$15 -> 0.20447658 | M11: =+L11-K11 -> -0.00025911588 | N11: =+[4]중부권!$E$16 -> 818.39633 | O11: =+[4]중부권!$F$16 -> 777.55493 | P11: =+O11-N11 -> -40.841393 | Q11: =+[4]중부권!$E$17 -> 916.36428 | R11: =+[4]중부권!$F$17 -> 967.5259 | S11: =+R11-Q11 -> 51.161622 | T11: =+[4]중부권!$E$19 -> 2.9490408 | U11: =+[4]중부권!$F$19 -> 3.2610777 | V11: =+U11-T11 -> 0.31203683
D12: 안양 | E12: =+[4]안양!$E$9 -> 292.0875 | F12: =+[4]안양!$F$9 -> 295.77464 | G12: =+F12-E12 -> 3.6871415 | H12: =+[4]안양!$E$15 -> 369.0625 | I12: =+[4]안양!$F$15 -> 385.16229 | J12: =+I12-H12 -> 16.099789 | K12: =+([4]안양!$E$10*0.4+[4]안양!$E$11+[4]안양!$E$12+[4]안양!$E$13+[4]안양!$E$14)/[4]안양!$E$15 -> 0.20856901 | L12: =+([4]안양!$F$10*0.4+[4]안양!$F$11+[4]안양!$F$12+[4]안양!$F$13+[4]안양!$F$14)/[4]안양!$F$15 -> 0.21283272 | M12: =+L12-K12 -> 0.0042637077 | N12: =+[4]안양!$E$16 -> 842.775 | O12: =+[4]안양!$F$16 -> 837.57646 | P12: =+O12-N12 -> -5.198539 | Q12: =+[4]안양!$E$17 -> 876.9625 | R12: =+[4]안양!$F$17 -> 849.89228 | S12: =+R12-Q12 -> -27.070216 | T12: =+[4]안양!$E$19 -> 3.34 | U12: =+[4]안양!$F$19 -> 3.4723915 | V12: =+U12-T12 -> 0.13239147
D13: 인천 | E13: =+[4]인천!$E$9 -> 272.14286 | F13: =+[4]인천!$F$9 -> 317.18092 | G13: =+F13-E13 -> 45.038062 | H13: =+[4]인천!$E$15 -> 391.25714 | I13: =+[4]인천!$F$15 -> 410.70177 | J13: =+I13-H13 -> 19.444631 | K13: =+([4]인천!$E$10*0.4+[4]인천!$E$11+[4]인천!$E$12+[4]인천!$E$13+[4]인천!$E$14)/[4]인천!$E$15 -> 0.25536731 | L13: =+([4]인천!$F$10*0.4+[4]인천!$F$11+[4]인천!$F$12+[4]인천!$F$13+[4]인천!$F$14)/[4]인천!$F$15 -> 0.18541196 | M13: =+L13-K13 -> -0.069955355 | N13: =+[4]인천!$E$16 -> 880 | O13: =+[4]인천!$F$16 -> 871.27949 | P13: =+O13-N13 -> -8.7205091 | Q13: =+[4]인천!$E$17 -> 849.91429 | R13: =+[4]인천!$F$17 -> 877.79515 | S13: =+R13-Q13 -> 27.880865 | T13: =+[4]인천!$E$19 -> 3.2874286 | U13: =+[4]인천!$F$19 -> 2.9137196 | V13: =+U13-T13 -> -0.37370899
D14: 파주 | E14: =+[4]파주!$E$9 -> 300.26012 | F14: =+[4]파주!$F$9 -> 293.36513 | G14: =+F14-E14 -> -6.8949857 | H14: =+[4]파주!$E$15 -> 375.15627 | I14: =+[4]파주!$F$15 -> 371.05963 | J14: =+I14-H14 -> -4.0966394 | K14: =+([4]파주!$E$10*0.4+[4]파주!$E$11+[4]파주!$E$12+[4]파주!$E$13+[4]파주!$E$14)/[4]파주!$E$15 -> 0.19963988 | L14: =+([4]파주!$F$10*0.4+[4]파주!$F$11+[4]파주!$F$12+[4]파주!$F$13+[4]파주!$F$14)/[4]파주!$F$15 -> 0.20938548 | M14: =+L14-K14 -> 0.0097456004 | N14: =+[4]파주!$E$16 -> 827.63 | O14: =+[4]파주!$F$16 -> 818.72283 | P14: =+O14-N14 -> -8.9071739 | Q14: =+[4]파주!$E$17 -> 902.96647 | R14: =+[4]파주!$F$17 -> 887.9223 | S14: =+R14-Q14 -> -15.044166 | T14: =+[4]파주!$E$19 -> 3.0009951 | U14: =+[4]파주!$F$19 -> 2.7723114 | V14: =+U14-T14 -> -0.22868365
D15: 김포 | E15: =+[4]김포!$E$9 -> 234.9 | F15: =+[4]김포!$F$9 -> 226.37025 | G15: =+F15-E15 -> -8.529746 | H15: =+[4]김포!$E$15 -> 364.6 | I15: =+[4]김포!$F$15 -> 365.45993 | J15: =+I15-H15 -> 0.85992758 | K15: =+([4]김포!$E$10*0.4+[4]김포!$E$11+[4]김포!$E$12+[4]김포!$E$13+[4]김포!$E$14)/[4]김포!$E$15 -> 0.30674712 | L15: =+([4]김포!$F$10*0.4+[4]김포!$F$11+[4]김포!$F$12+[4]김포!$F$13+[4]김포!$F$14)/[4]김포!$F$15 -> 0.30665624 | M15: =+L15-K15 -> -9.0876327e-05 | N15: =+[4]김포!$E$16 -> 821.4 | O15: =+[4]김포!$F$16 -> 855.21151 | P15: =+O15-N15 -> 33.811506 | Q15: =+[4]김포!$E$17 -> 929.86667 | R15: =+[4]김포!$F$17 -> 894.62366 | S15: =+R15-Q15 -> -35.24301 | T15: =+[4]김포!$E$19 -> 3.324 | U15: =+[4]김포!$F$19 -> 3.0999971 | V15: =+U15-T15 -> -0.22400287
D16: 부산 | E16: =+[4]부산!$E$9 -> 189.29566 | F16: =+[4]부산!$F$9 -> 202.75794 | G16: =+F16-E16 -> 13.462279 | H16: =+[4]부산!$E$15 -> 371.1315 | I16: =+[4]부산!$F$15 -> 425.83077 | J16: =+I16-H16 -> 54.699273 | K16: =+([4]부산!$E$10*0.4+[4]부산!$E$11+[4]부산!$E$12+[4]부산!$E$13+[4]부산!$E$14)/[4]부산!$E$15 -> 0.2439779 | L16: =+([4]부산!$F$10*0.4+[4]부산!$F$11+[4]부산!$F$12+[4]부산!$F$13+[4]부산!$F$14)/[4]부산!$F$15 -> 0.25968017 | M16: =+L16-K16 -> 0.015702278 | N16: =+[4]부산!$E$16 -> 850.4 | O16: =+[4]부산!$F$16 -> 889.97715 | P16: =+O16-N16 -> 39.577155 | Q16: =+[4]부산!$E$17 -> 870.2 | R16: =+[4]부산!$F$17 -> 824.47095 | S16: =+R16-Q16 -> -45.72905 | T16: =+[4]부산!$E$19 -> 3.2772117 | U16: =+[4]부산!$F$19 -> 3.1533532 | V16: =+U16-T16 -> -0.12385851
D17: 서부산 | E17: =+[4]서부산!$E$9 -> 246.63217 | F17: =+[4]서부산!$F$9 -> 260.72086 | G17: =+F17-E17 -> 14.088692 | H17: =+[4]서부산!$E$15 -> 366.4983 | I17: =+[4]서부산!$F$15 -> 376.5598 | J17: =+I17-H17 -> 10.061504 | K17: =+([4]서부산!$E$10*0.4+[4]서부산!$E$11+[4]서부산!$E$12+[4]서부산!$E$13+[4]서부산!$E$14)/[4]서부산!$E$15 -> 0.24471207 | L17: =+([4]서부산!$F$10*0.4+[4]서부산!$F$11+[4]서부산!$F$12+[4]서부산!$F$13+[4]서부산!$F$14)/[4]서부산!$F$15 -> 0.21361336 | M17: =+L17-K17 -> -0.031098705 | N17: =+[4]서부산!$E$16 -> 824.47619 | O17: =+[4]서부산!$F$16 -> 828.2042 | P17: =+O17-N17 -> 3.7280094 | Q17: =+[4]서부산!$E$17 -> 907.28571 | R17: =+[4]서부산!$F$17 -> 912.81906 | S17: =+R17-Q17 -> 5.533348 | T17: =+[4]서부산!$E$19 -> 3.3404762 | U17: =+[4]서부산!$F$19 -> 3.3344144 | V17: =+U17-T17 -> -0.0060618168
D18: 김해 | E18: =+[4]김해!$E$9 -> 135.3691 | F18: =+[4]김해!$F$9 -> 97.164234 | G18: =+F18-E18 -> -38.204862 | H18: =+[4]김해!$E$15 -> 360 | I18: =+[4]김해!$F$15 -> 353.61867 | J18: =+I18-H18 -> -6.3813321 | K18: =+([4]김해!$E$10*0.4+[4]김해!$E$11+[4]김해!$E$12+[4]김해!$E$13+[4]김해!$E$14)/[4]김해!$E$15 -> 0.30794383 | L18: =+([4]김해!$F$10*0.4+[4]김해!$F$11+[4]김해!$F$12+[4]김해!$F$13+[4]김해!$F$14)/[4]김해!$F$15 -> 0.34731753 | M18: =+L18-K18 -> 0.039373704 | N18: =+[4]김해!$E$16 -> 796 | O18: =+[4]김해!$F$16 -> 772.79169 | P18: =+O18-N18 -> -23.208314 | Q18: =+[4]김해!$E$17 -> 914 | R18: =+[4]김해!$F$17 -> 914.27177 | S18: =+R18-Q18 -> 0.27176823 | T18: =+[4]김해!$E$19 -> 3.4062 | U18: =+[4]김해!$F$19 -> 2.9701937 | V18: =+U18-T18 -> -0.43600633
D19: 정관 | E19: =+[4]정관!$E$9 -> 220.75598 | F19: =+[4]정관!$F$9 -> 220.20063 | G19: =+F19-E19 -> -0.5553522 | H19: =+[4]정관!$E$15 -> 372.04526 | I19: =+[4]정관!$F$15 -> 376.06995 | J19: =+I19-H19 -> 4.0246834 | K19: =+([4]정관!$E$10*0.4+[4]정관!$E$11+[4]정관!$E$12+[4]정관!$E$13+[4]정관!$E$14)/[4]정관!$E$15 -> 0.35202781 | L19: =+([4]정관!$F$10*0.4+[4]정관!$F$11+[4]정관!$F$12+[4]정관!$F$13+[4]정관!$F$14)/[4]정관!$F$15 -> 0.31277845 | M19: =+L19-K19 -> -0.039249352 | N19: =+[4]정관!$E$16 -> 824.21823 | O19: =+[4]정관!$F$16 -> 704.81263 | P19: =+O19-N19 -> -119.4056 | Q19: =+[4]정관!$E$17 -> 903.21085 | R19: =+[4]정관!$F$17 -> 940.62074 | S19: =+R19-Q19 -> 37.40989 | T19: =+[4]정관!$E$19 -> 3.3484074 | U19: =+[4]정관!$F$19 -> 3.1706213 | V19: =+U19-T19 -> -0.17778607
D20: 양산 | E20: =+[4]양산!$E$9 -> 233.03 | F20: =+[4]양산!$F$9 -> 216.19754 | G20: =+F20-E20 -> -16.832455 | H20: =+[4]양산!$E$15 -> 355.15 | I20: =+[4]양산!$F$15 -> 347.52756 | J20: =+I20-H20 -> -7.6224386 | K20: =+([4]양산!$E$10*0.4+[4]양산!$E$11+[4]양산!$E$12+[4]양산!$E$13+[4]양산!$E$14)/[4]양산!$E$15 -> 0.34385471 | L20: =+([4]양산!$F$10*0.4+[4]양산!$F$11+[4]양산!$F$12+[4]양산!$F$13+[4]양산!$F$14)/[4]양산!$F$15 -> 0.37789813 | M20: =+L20-K20 -> 0.034043424 | N20: =+[4]양산!$E$16 -> 784.39 | O20: =+[4]양산!$F$16 -> 649.95977 | P20: =+O20-N20 -> -134.43023 | Q20: =+[4]양산!$E$17 -> 891.9 | R20: =+[4]양산!$F$17 -> 908.48731 | S20: =+R20-Q20 -> 16.587308 | T20: =+[4]양산!$E$19 -> 3.0833 | U20: =+[4]양산!$F$19 -> 2.8866001 | V20: =+U20-T20 -> -0.19669992
D21: 창원 | E21: =+[4]창원!$E$9 -> 223.26923 | F21: =+[4]창원!$F$9 -> 224.32271 | G21: =+F21-E21 -> 1.0534803 | H21: =+[4]창원!$E$15 -> 360.59615 | I21: =+[4]창원!$F$15 -> 344.18773 | J21: =+I21-H21 -> -16.408427 | K21: =+([4]창원!$E$10*0.4+[4]창원!$E$11+[4]창원!$E$12+[4]창원!$E$13+[4]창원!$E$14)/[4]창원!$E$15 -> 0.3100848 | L21: =+([4]창원!$F$10*0.4+[4]창원!$F$11+[4]창원!$F$12+[4]창원!$F$13+[4]창원!$F$14)/[4]창원!$F$15 -> 0.34224542 | M21: =+L21-K21 -> 0.03216062 | N21: =+[4]창원!$E$16 -> 829.57692 | O21: =+[4]창원!$F$16 -> 788.14493 | P21: =+O21-N21 -> -41.431992 | Q21: =+[4]창원!$E$17 -> 868.92308 | R21: =+[4]창원!$F$17 -> 909.38208 | S21: =+R21-Q21 -> 40.458999 | T21: =+[4]창원!$E$19 -> 3.075 | U21: =+[4]창원!$F$19 -> 2.7861205 | V21: =+U21-T21 -> -0.28887953
D22: 대구 | E22: =+[4]대구!$E$9 -> 252.746 | F22: =+[4]대구!$F$9 -> 207.73975 | G22: =+F22-E22 -> -45.006249 | H22: =+[4]대구!$E$15 -> 341.74 | I22: =+[4]대구!$F$15 -> 335.25758 | J22: =+I22-H22 -> -6.4824223 | K22: =+([4]대구!$E$10*0.4+[4]대구!$E$11+[4]대구!$E$12+[4]대구!$E$13+[4]대구!$E$14)/[4]대구!$E$15 -> 0.26041435 | L22: =+([4]대구!$F$10*0.4+[4]대구!$F$11+[4]대구!$F$12+[4]대구!$F$13+[4]대구!$F$14)/[4]대구!$F$15 -> 0.36329148 | M22: =+L22-K22 -> 0.10287713 | N22: =+[4]대구!$E$16 -> 711.25568 | O22: =+[4]대구!$F$16 -> 600.94688 | P22: =+O22-N22 -> -110.3088 | Q22: =+[4]대구!$E$17 -> 982.21023 | R22: =+[4]대구!$F$17 -> 1043.4068 | S22: =+R22-Q22 -> 61.196614 | T22: =+[4]대구!$E$19 -> 3.07566 | U22: =+[4]대구!$F$19 -> 2.7480704 | V22: =+U22-T22 -> -0.32758964
D23: 울산 | E23: =+[4]울산!$E$9 -> 260.57478 | F23: =+[4]울산!$F$9 -> 260.18593 | G23: =+F23-E23 -> -0.3888523 | H23: =+[4]울산!$E$15 -> 373.66087 | I23: =+[4]울산!$F$15 -> 381.69192 | J23: =+I23-H23 -> 8.0310533 | K23: =+([4]울산!$E$10*0.4+[4]울산!$E$11+[4]울산!$E$12+[4]울산!$E$13+[4]울산!$E$14)/[4]울산!$E$15 -> 0.30264364 | L23: =+([4]울산!$F$10*0.4+[4]울산!$F$11+[4]울산!$F$12+[4]울산!$F$13+[4]울산!$F$14)/[4]울산!$F$15 -> 0.31833525 | M23: =+L23-K23 -> 0.015691604 | N23: =+[4]울산!$E$16 -> 773.22696 | O23: =+[4]울산!$F$16 -> 741.53772 | P23: =+O23-N23 -> -31.68924 | Q23: =+[4]울산!$E$17 -> 871.90957 | R23: =+[4]울산!$F$17 -> 823.02565 | S23: =+R23-Q23 -> -48.883914 | T23: =+[4]울산!$E$19 -> 3.3963478 | U23: =+[4]울산!$F$19 -> 2.9862304 | V23: =+U23-T23 -> -0.41011745
D24: 아산 | E24: =+[4]아산!$E$9 -> 298.42744 | F24: =+[4]아산!$F$9 -> 312.77121 | G24: =+F24-E24 -> 14.343767 | H24: =+[4]아산!$E$15 -> 379.37346 | I24: =+[4]아산!$F$15 -> 403.7242 | J24: =+I24-H24 -> 24.350739 | K24: =+([4]아산!$E$10*0.4+[4]아산!$E$11+[4]아산!$E$12+[4]아산!$E$13+[4]아산!$E$14)/[4]아산!$E$15 -> 0.20846731 | L24: =+([4]아산!$F$10*0.4+[4]아산!$F$11+[4]아산!$F$12+[4]아산!$F$13+[4]아산!$F$14)/[4]아산!$F$15 -> 0.21546887 | M24: =+L24-K24 -> 0.0070015557 | N24: =+[4]아산!$E$16 -> 858 | O24: =+[4]아산!$F$16 -> 818.9396 | P24: =+O24-N24 -> -39.0604 | Q24: =+[4]아산!$E$17 -> 884.46563 | R24: =+[4]아산!$F$17 -> 938.77594 | S24: =+R24-Q24 -> 54.310304 | T24: =+[4]아산!$E$19 -> 3.0624783 | U24: =+[4]아산!$F$19 -> 3.7883132 | V24: =+U24-T24 -> 0.7258349
D25: 전주 | E25: =+[4]전주!$E$9 -> 246.08818 | F25: =+[4]전주!$F$9 -> 253.28677 | G25: =+F25-E25 -> 7.1985872 | H25: =+[4]전주!$E$15 -> 351.86182 | I25: =+[4]전주!$F$15 -> 353.21938 | J25: =+I25-H25 -> 1.3575609 | K25: =+([4]전주!$E$10*0.4+[4]전주!$E$11+[4]전주!$E$12+[4]전주!$E$13+[4]전주!$E$14)/[4]전주!$E$15 -> 0.27596784 | L25: =+([4]전주!$F$10*0.4+[4]전주!$F$11+[4]전주!$F$12+[4]전주!$F$13+[4]전주!$F$14)/[4]전주!$F$15 -> 0.20111388 | M25: =+L25-K25 -> -0.074853954 | N25: =+[4]전주!$E$16 -> 738.45636 | O25: =+[4]전주!$F$16 -> 634.00022 | P25: =+O25-N25 -> -104.45614 | Q25: =+[4]전주!$E$17 -> 999.36182 | R25: =+[4]전주!$F$17 -> 1102.2993 | S25: =+R25-Q25 -> 102.93745 | T25: =+[4]전주!$E$19 -> 2.6790909 | U25: =+[4]전주!$F$19 -> 2.409872 | V25: =+U25-T25 -> -0.26921893
D26: 군산 | E26: =+[4]군산!$E$9 -> 270.24 | F26: =+[4]군산!$F$9 -> 251.31936 | G26: =+F26-E26 -> -18.920643 | H26: =+[4]군산!$E$15 -> 355.32 | I26: =+[4]군산!$F$15 -> 362.4564 | J26: =+I26-H26 -> 7.1364046 | K26: =+([4]군산!$E$10*0.4+[4]군산!$E$11+[4]군산!$E$12+[4]군산!$E$13+[4]군산!$E$14)/[4]군산!$E$15 -> 0.23944613 | L26: =+([4]군산!$F$10*0.4+[4]군산!$F$11+[4]군산!$F$12+[4]군산!$F$13+[4]군산!$F$14)/[4]군산!$F$15 -> 0.27344625 | M26: =+L26-K26 -> 0.034000119 | N26: =+[4]군산!$E$16 -> 856 | O26: =+[4]군산!$F$16 -> 848.20917 | P26: =+O26-N26 -> -7.7908253 | Q26: =+[4]군산!$E$17 -> 818 | R26: =+[4]군산!$F$17 -> 821.88394 | S26: =+R26-Q26 -> 3.8839443 | T26: =+[4]군산!$E$19 -> 2.76 | U26: =+[4]군산!$F$19 -> 2.8628798 | V26: =+U26-T26 -> 0.10287983
D27: 원주 | E27: =+[4]원주!$E$9 -> 272.3 | F27: =+[4]원주!$F$9 -> 266.43621 | G27: =+F27-E27 -> -5.8637882 | H27: =+[4]원주!$E$15 -> 363.4 | I27: =+[4]원주!$F$15 -> 358.6728 | J27: =+I27-H27 -> -4.7272048 | K27: =+([4]원주!$E$10*0.4+[4]원주!$E$11+[4]원주!$E$12+[4]원주!$E$13+[4]원주!$E$14)/[4]원주!$E$15 -> 0.25068795 | L27: =+([4]원주!$F$10*0.4+[4]원주!$F$11+[4]원주!$F$12+[4]원주!$F$13+[4]원주!$F$14)/[4]원주!$F$15 -> 0.2571608 | M27: =+L27-K27 -> 0.0064728541 | N27: =+[4]원주!$E$16 -> 866.4 | O27: =+[4]원주!$F$16 -> 861.13852 | P27: =+O27-N27 -> -5.2614781 | Q27: =+[4]원주!$E$17 -> 880.5 | R27: =+[4]원주!$F$17 -> 882.83856 | S27: =+R27-Q27 -> 2.3385632 | T27: =+[4]원주!$E$19 -> 2.986 | U27: =+[4]원주!$F$19 -> 2.9709744 | V27: =+U27-T27 -> -0.015025599
D28: 제주 | E28: =+[4]제주!$E$9 -> 355.52 | F28: =+[4]제주!$F$9 -> 371.70898 | G28: =+F28-E28 -> 16.18898 | H28: =+[4]제주!$E$15 -> 355.52 | I28: =+[4]제주!$F$15 -> 371.70898 | J28: =+I28-H28 -> 16.18898 | K28: =+([4]제주!$E$10*0.4+[4]제주!$E$11+[4]제주!$E$12+[4]제주!$E$13+[4]제주!$E$14)/[4]제주!$E$15 -> 0 | L28: =+([4]제주!$F$10*0.4+[4]제주!$F$11+[4]제주!$F$12+[4]제주!$F$13+[4]제주!$F$14)/[4]제주!$F$15 -> 0 | M28: =+L28-K28 -> 0 | N28: =+[4]제주!$E$16 -> 749.8 | O28: =+[4]제주!$F$16 -> 818.98753 | P28: =+O28-N28 -> 69.187528 | Q28: =+[4]제주!$E$17 -> 992.36 | R28: =+[4]제주!$F$17 -> 974.9193 | S28: =+R28-Q28 -> -17.440704 | T28: =+[4]제주!$E$19 -> 3.142 | U28: =+[4]제주!$F$19 -> 3.7827978 | V28: =+U28-T28 -> 0.64079775

Sheet 건자재
D6: □ 건자재 손익실적(2026-04)
O7: [단위 : 톤, 천원]
D8: 구분 | F8: 4월 | K8: 4월누계
F9: 계획 | G9: 실적 | H9: 계획대비 | I9: 전년 | J9: 전년대비 | K9: 계획 | L9: 실적 | M9: 계획대비 | N9: 전년 | O9: 전년대비
D10: 판매량 | E10: 철강재 | F10: =+IFERROR(HLOOKUP($F$8,[12]손익!$G$5:$AF$55,[12]손익!$D29,),) -> 9400 | G10: =+'[13]4월'!$G$8 -> 3426.716 | H10: =+G10-F10 -> -5973.284 | I10: =+'[14]4월'!$G$8 -> 11123.665 | J10: =+G10-I10 -> -7696.949 | K10: =+IFERROR(HLOOKUP($K$8,[12]손익!$G$5:$AF$55,[12]손익!$D29,),) -> 32900 | L10: =+'[13]4월'!$Q$8 -> 17304.954 | M10: =+L10-K10 -> -15595.046 | N10: =+'[14]4월'!$Q$8 -> 45346.46 | O10: =+L10-N10 -> -28041.506
D11: 판매단가 | E11: 철강재 | F11: =+IFERROR(HLOOKUP($F$8,[12]손익!$G$5:$AF$55,[12]손익!$D30,),) -> 766053.19 | G11: =+G12/G10*1000 -> 844269.96 | H11: =+G11-F11 -> 78216.769 | I11: =+I12/I10*1000 -> 800210.93 | J11: =+G11-I11 -> 44059.028 | K11: =+IFERROR(HLOOKUP($K$8,[12]손익!$G$5:$AF$55,[12]손익!$D30,),) -> 750141.34 | L11: =+L12/L10*1000 -> 806880.02 | M11: =+L11-K11 -> 56738.681 | N11: =+N12/N10*1000 -> 757596.28 | O11: =+L11-N11 -> 49283.739
D12: 매출액 | E12: 철강재 | F12: =+IFERROR(HLOOKUP($F$8,[12]손익!$G$5:$AF$55,[12]손익!$D31,),) -> 7200900 | G12: =+'[13]4월'!$G$9 -> 2893073.4 | H12: =+G12-F12 -> -4307826.6 | I12: =+'[14]4월'!$G$9 -> 8901278.3 | J12: =+G12-I12 -> -6008205 | K12: =+IFERROR(HLOOKUP($K$8,[12]손익!$G$5:$AF$55,[12]손익!$D31,),) -> 24679650 | L12: =+'[13]4월'!$Q$9 -> 13963022 | M12: =+L12-K12 -> -10716628 | N12: =+'[14]4월'!$Q$9 -> 34354309 | O12: =+L12-N12 -> -20391288
E13: 기타 | F13: =+IFERROR(HLOOKUP($F$8,[12]손익!$G$5:$AF$55,[12]손익!$D32,),) -> 2069392.1 | G13: =+'[13]4월'!$J$9 -> 1119626.8 | H13: =+G13-F13 -> -949765.37 | I13: =+'[14]4월'!$J$9 -> 1246225.9 | J13: =+G13-I13 -> -126599.12 | K13: =+IFERROR(HLOOKUP($K$8,[12]손익!$G$5:$AF$55,[12]손익!$D32,),) -> 7177711.4 | L13: =+'[13]4월'!$T$9 -> 4044060.3 | M13: =+L13-K13 -> -3133651.1 | N13: =+'[14]4월'!$T$9 -> 4085538.3 | O13: =+L13-N13 -> -41478.026
E14: (소계) | F14: =SUM(F12:F13) -> 9270292.1 | G14: =SUM(G12:G13) -> 4012700.1 | H14: =+G14-F14 -> -5257592 | I14: =SUM(I12:I13) -> 10147504 | J14: =+G14-I14 -> -6134804.1 | K14: =SUM(K12:K13) -> 31857361 | L14: =SUM(L12:L13) -> 18007082 | M14: =+L14-K14 -> -13850280 | N14: =SUM(N12:N13) -> 38439848 | O14: =+L14-N14 -> -20432766
D15: 매출원가 | E15: 철강재 | F15: =+IFERROR(HLOOKUP($F$8,[12]손익!$G$5:$AF$55,[12]손익!$D34,),) -> 7056700 | G15: =+'[13]4월'!$G$11 -> 2808177.5 | H15: =+G15-F15 -> -4248522.5 | I15: =+'[14]4월'!$G$11 -> 8774441.2 | J15: =+G15-I15 -> -5966263.8 | K15: =+IFERROR(HLOOKUP($K$8,[12]손익!$G$5:$AF$55,[12]손익!$D34,),) -> 24254700 | L15: =+'[13]4월'!$Q$11 -> 13655080 | M15: =+L15-K15 -> -10599620 | N15: =+'[14]4월'!$Q$11 -> 33980248 | O15: =+L15-N15 -> -20325167
E16: 기타 | F16: =+IFERROR(HLOOKUP($F$8,[12]손익!$G$5:$AF$55,[12]손익!$D35,),) -> 1990655.1 | G16: =+'[13]4월'!$J$11 -> 1091233.9 | H16: =+G16-F16 -> -899421.16 | I16: =+'[14]4월'!$J$11 -> 1205319.1 | J16: =+G16-I16 -> -114085.18 | K16: =+IFERROR(HLOOKUP($K$8,[12]손익!$G$5:$AF$55,[12]손익!$D35,),) -> 6896978.1 | L16: =+'[13]4월'!$T$11 -> 3906817.8 | M16: =+L16-K16 -> -2990160.3 | N16: =+'[14]4월'!$T$11 -> 3959440.2 | O16: =+L16-N16 -> -52622.41
E17: (소계) | F17: =SUM(F15:F16) -> 9047355.1 | G17: =SUM(G15:G16) -> 3899411.4 | H17: =+G17-F17 -> -5147943.7 | I17: =SUM(I15:I16) -> 9979760.4 | J17: =+G17-I17 -> -6080348.9 | K17: =SUM(K15:K16) -> 31151678 | L17: =SUM(L15:L16) -> 17561898 | M17: =+L17-K17 -> -13589780 | N17: =SUM(N15:N16) -> 37939688 | O17: =+L17-N17 -> -20377790
D18: 매출이익 | E18: 철강재 | F18: =+F12-F15 -> 144200 | G18: =+G12-G15 -> 84895.889 | H18: =+G18-F18 -> -59304.111 | I18: =+I12-I15 -> 126837.09 | J18: =+G18-I18 -> -41941.205 | K18: =+K12-K15 -> 424950 | L18: =+L12-L15 -> 307941.15 | M18: =+L18-K18 -> -117008.85 | N18: =+N12-N15 -> 374061.83 | O18: =+L18-N18 -> -66120.678
E19: % | F19: =+F18/F12 -> 0.020025275 | G19: =+G18/G12 -> 0.029344534 | H19: =+G19-F19 -> 0.0093192589 | I19: =+I18/I12 -> 0.014249312 | J19: =+G19-I19 -> 0.015095221 | K19: =IFERROR(K18/K12,) -> 0.01721864 | L19: =+L18/L12 -> 0.022054048 | M19: =+L19-K19 -> 0.0048354087 | N19: =+N18/N12 -> 0.010888353 | O19: =+L19-N19 -> 0.011165696
E20: 기타 | F20: =+F13-F16 -> 78737.03 | G20: =+G13-G16 -> 28392.826 | H20: =+G20-F20 -> -50344.204 | I20: =+I13-I16 -> 40906.765 | J20: =+G20-I20 -> -12513.939 | K20: =+K13-K16 -> 280733.34 | L20: =+L13-L16 -> 137242.51 | M20: =+L20-K20 -> -143490.83 | N20: =+N13-N16 -> 126098.13 | O20: =+L20-N20 -> 11144.384
E21: % | F21: =+F20/F13 -> 0.038048386 | G21: =+G20/G13 -> 0.025359188 | H21: =+G21-F21 -> -0.012689197 | I21: =+I20/I13 -> 0.032824519 | J21: =+G21-I21 -> -0.0074653306 | K21: =IFERROR(K20/K13,) -> 0.039111817 | L21: =+L20/L13 -> 0.033936811 | M21: =+L21-K21 -> -0.0051750057 | N21: =+N20/N13 -> 0.030864507 | O21: =+L21-N21 -> 0.0030723041
E22: (소계) | F22: =SUM(F18,F20) -> 222937.03 | G22: =SUM(G18,G20) -> 113288.71 | H22: =+G22-F22 -> -109648.32 | I22: =SUM(I18,I20) -> 167743.86 | J22: =+G22-I22 -> -54455.144 | K22: =SUM(K18,K20) -> 705683.34 | L22: =SUM(L18,L20) -> 445183.66 | M22: =+L22-K22 -> -260499.67 | N22: =SUM(N18,N20) -> 500159.96 | O22: =+L22-N22 -> -54976.294
E23: % | F23: =+F22/F14 -> 0.024048544 | G23: =+G22/G14 -> 0.028232539 | H23: =+G23-F23 -> 0.0041839952 | I23: =+I22/I14 -> 0.016530553 | J23: =+G23-I23 -> 0.011701986 | K23: =IFERROR(K22/K14,) -> 0.022151343 | L23: =+L22/L14 -> 0.024722699 | M23: =+L23-K23 -> 0.002571356 | N23: =+N22/N14 -> 0.013011497 | O23: =+L23-N23 -> 0.011711202
D24: 판관비 | E24: 노무비 | F24: =+IFERROR(HLOOKUP($F$8,[12]손익!$G$5:$AF$55,[12]손익!$D15,),) -> 95152.545 | G24: =+'[13]4월'!$M$19 -> 92733.646 | H24: =+G24-F24 -> -2418.899 | I24: =+'[14]4월'!$M$19 -> 94794.215 | J24: =+G24-I24 -> -2060.569 | K24: =+IFERROR(HLOOKUP($K$8,[12]손익!$G$5:$AF$55,[12]손익!$D15,),) -> 377532.36 | L24: =+'[13]4월'!$W$19 -> 394291.16 | M24: =+L24-K24 -> 16758.796 | N24: =+'[14]4월'!$W$19 -> 378709.89 | O24: =+L24-N24 -> 15581.266
E25: 경비 | F25: =+IFERROR(HLOOKUP($F$8,[12]손익!$G$5:$AF$55,[12]손익!$D16,),) -> 67309.78 | G25: =+'[13]4월'!$M$37 -> 37794.762 | H25: =+G25-F25 -> -29515.018 | I25: =+'[14]4월'!$M$37 -> 67504.77 | J25: =+G25-I25 -> -29710.008 | K25: =+IFERROR(HLOOKUP($K$8,[12]손익!$G$5:$AF$55,[12]손익!$D16,),) -> 227267.64 | L25: =+'[13]4월'!$W$37 -> 19168.394 | M25: =+L25-K25 -> -208099.25 | N25: =+'[14]4월'!$W$37 -> 204992.94 | O25: =+L25-N25 -> -185824.54
E26: (소계) | F26: =SUM(F24:F25) -> 162462.33 | G26: =SUM(G24:G25) -> 130528.41 | H26: =+G26-F26 -> -31933.917 | I26: =SUM(I24:I25) -> 162298.98 | J26: =+G26-I26 -> -31770.577 | K26: =SUM(K24:K25) -> 604800 | L26: =SUM(L24:L25) -> 413459.55 | M26: =+L26-K26 -> -191340.45 | N26: =SUM(N24:N25) -> 583702.83 | O26: =+L26-N26 -> -170243.28
D27: EBITDA | F27: =+F22-F26 -> 60474.705 | G27: =+G22-G26 -> -17239.693 | H27: =+G27-F27 -> -77714.398 | I27: =+I22-I26 -> 5444.874 | J27: =+G27-I27 -> -22684.567 | K27: =+K22-K26 -> 100883.33 | L27: =+L22-L26 -> 31724.112 | M27: =+L27-K27 -> -69159.222 | N27: =+N22-N26 -> -83542.869 | O27: =+L27-N27 -> 115266.98
E28: % | F28: =+F27/F14 -> 0.0065234951 | G28: =+G27/G14 -> -0.0042962824 | H28: =+G28-F28 -> -0.010819777 | I28: =+I27/I14 -> 0.00053657273 | J28: =+G28-I28 -> -0.0048328551 | K28: =IFERROR(K27/K14,) -> 0.0031667197 | L28: =+L27/L14 -> 0.0017617575 | M28: =+L28-K28 -> -0.0014049622 | N28: =+N27/N14 -> -0.0021733403 | O28: =+L28-N28 -> 0.0039350978
D29: 감가상각비 | F29: =+IFERROR(HLOOKUP($F$8,[12]손익!$G$5:$AF$55,[12]손익!$D19,),) -> 5186.263 | G29: =+'[13]4월'!$M$40 -> 4725.172 | H29: =+G29-F29 -> -461.091 | I29: =+'[14]4월'!$M$40 -> 5716.42 | J29: =+G29-I29 -> -991.248 | K29: =+IFERROR(HLOOKUP($K$8,[12]손익!$G$5:$AF$55,[12]손익!$D19,),) -> 20745.052 | L29: =+'[13]4월'!$W$40 -> 18914.054 | M29: =+L29-K29 -> -1830.998 | N29: =+'[14]4월'!$W$40 -> 23040.063 | O29: =+L29-N29 -> -4126.009
E30: 판관 | F30: =+F29 -> 5186.263 | G30: =+G29 -> 4725.172 | H30: =+G30-F30 -> -461.091 | I30: =+I29 -> 5716.42 | J30: =+G30-I30 -> -991.248 | K30: =+K29 -> 20745.052 | L30: =+L29 -> 18914.054 | M30: =+L30-K30 -> -1830.998 | N30: =+N29 -> 23040.063 | O30: =+L30-N30 -> -4126.009
D31: 영업이익 I | F31: =+F27-F29 -> 55288.442 | G31: =+G27-G29 -> -21964.865 | H31: =+G31-F31 -> -77253.307 | I31: =+I27-I29 -> -271.546 | J31: =+G31-I31 -> -21693.319 | K31: =+K27-K29 -> 80138.282 | L31: =+L27-L29 -> 12810.058 | M31: =+L31-K31 -> -67328.224 | N31: =+N27-N29 -> -106582.93 | O31: =+L31-N31 -> 119392.99
E32: % | F32: =+F31/F14 -> 0.0059640453 | G32: =+G31/G14 -> -0.0054738366 | H32: =+G32-F32 -> -0.011437882 | I32: =+I31/I14 -> -2.675988e-05 | J32: =+G32-I32 -> -0.0054470767 | K32: =IFERROR(K31/K14,) -> 0.0025155342 | L32: =+L31/L14 -> 0.00071139 | M32: =+L32-K32 -> -0.0018041442 | N32: =+N31/N14 -> -0.0027727199 | O32: =+L32-N32 -> 0.0034841099
D33: 공통비 | F33: =+IFERROR(HLOOKUP($F$8,[12]손익!$G$5:$AF$55,[12]손익!$D23,),) -> 53262.669 | G33: =+'[13]4월'!$M$43 -> 53853.146 | H33: =+G33-F33 -> 590.47687 | J33: =+G33-I33 -> 53853.146 | K33: =+IFERROR(HLOOKUP($K$8,[12]손익!$G$5:$AF$55,[12]손익!$D23,),) -> 163540.02 | L33: =+'[13]4월'!$W$43 -> 186124.33 | M33: =+L33-K33 -> 22584.314 | O33: =+L33-N33 -> 186124.33
D34: 영업이익 II | F34: =+F31-F33 -> 2025.7729 | G34: =+G31-G33 -> -75818.011 | H34: =+G34-F34 -> -77843.784 | I34: =+I31-I33 -> -271.546 | J34: =+G34-I34 -> -75546.465 | K34: =+K31-K33 -> -83401.738 | L34: =+L31-L33 -> -173314.28 | M34: =+L34-K34 -> -89912.538 | N34: =+N31-N33 -> -106582.93 | O34: =+L34-N34 -> -66731.344
E35: % | F35: =+F34/F14 -> 0.00021852309 | G35: =+G34/G14 -> -0.018894512 | H35: =+G35-F35 -> -0.019113035 | I35: =+I34/I14 -> -2.675988e-05 | J35: =+G35-I35 -> -0.018867752 | K35: =IFERROR(K34/K14,) -> -0.0026179738 | L35: =+L34/L14 -> -0.0096247841 | M35: =+L35-K35 -> -0.0070068103 | N35: =+N34/N14 -> -0.0027727199 | O35: =+L35-N35 -> -0.0068520642
