Workbook

Sheet 표지
A6: 2026년 5월 마감 손익
A24: 레미콘사업본부

Sheet 손익총괄
C3: □ 건재사업본부 손익실적(2026-05)
X4: [단위 : 천㎥, 톤, 원/㎥, 원/톤, 백만원]
C5: 구분 | E5: 5월 | J5: 5월누계 | P5: 5월 주요지표
E6: 계획 | F6: 실적 | G6: 계획대비 | H6: 전년 | I6: 전년대비 | J6: 계획 | K6: 실적 | L6: 계획대비 | M6: 전년 | N6: 전년대비
C7: 물량 | D7: 레미콘 | E7: =+'[1]5월'!$Z$7/1000 -> 270 | F7: =+'[2]5월'!$Z$7/1000 -> 218.1895 | G7: =+F7-E7 -> -51.8105 | H7: =+'[3]5월'!$Z$7/1000 -> 242.9955 | I7: =+F7-H7 -> -24.806 | J7: =+'[1]5월누계'!$Z$7/1000 -> 1166.4998 | K7: =+'[2]5월누계'!$Z$7/1000 -> 1075.544 | L7: =+K7-J7 -> -90.9558 | M7: =+'[3]5월누계'!$Z$7/1000 -> 1174.434 | N7: =+K7-M7 -> -98.89 | Q7: □ 레미콘
D8: 골재 | E8: =+'[1]5월'!$AE$7/1000 -> 73.588167 | F8: =+'[2]5월'!$AN$7/1000 -> 67.368 | G8: =+F8-E8 -> -6.2201672 | H8: =+'[3]5월'!$AN$7/1000 -> 69.689 | I8: =+F8-H8 -> -2.321 | J8: =+'[1]5월누계'!$AE$7/1000 -> 346.96908 | K8: =+'[2]5월누계'!$AN$7/1000 -> 316.091 | L8: =+K8-J8 -> -30.878083 | M8: =+'[3]5월누계'!$AN$7/1000 -> 305.114 | N8: =+K8-M8 -> 10.977 | Q8: 구분 | S8: 계획 | T8: 실적 | U8: 계획대비 | V8: 전년 | W8: 전년대비
C9: 매출 | D9: 레미콘 | E9: =+'[1]5월'!$Z$8/1000 -> 27386.723 | F9: =+'[2]5월'!$Z$8/1000 -> 22382.409 | G9: =+F9-E9 -> -5004.314 | H9: =+'[3]5월'!$Z$8/1000 -> 23799.928 | I9: =+F9-H9 -> -1417.519 | J9: =+'[1]5월누계'!$Z$8/1000 -> 118311.05 | K9: =+'[2]5월누계'!$Z$8/1000 -> 110917.84 | L9: =+K9-J9 -> -7393.2085 | M9: =+'[3]5월누계'!$Z$8/1000 -> 115938.49 | N9: =+K9-M9 -> -5020.646 | Q9: 물량 | R9: 수도권 | S9: =+[4]수도권!$T$5/1000 -> 105 | T9: =+[4]수도권!$U$5/1000 -> 92.18 | U9: =+T9-S9 -> -12.82 | V9: =+[5]수도권!$T$5/1000 -> 85.7685 | W9: =+T9-V9 -> 6.4115
D10: 골재 | E10: =+'[1]5월'!$AE$8/1000 -> 1333.4312 | F10: =+'[2]5월'!$AN$8/1000 -> 1213.8512 | G10: =+F10-E10 -> -119.57996 | H10: =+'[3]5월'!$AN$8/1000 -> 1467.6265 | I10: =+F10-H10 -> -253.7753 | J10: =+'[1]5월누계'!$AE$8/1000 -> 6265.4408 | K10: =+'[2]5월누계'!$AN$8/1000 -> 6154.7293 | L10: =+K10-J10 -> -110.71153 | M10: =+'[3]5월누계'!$AN$8/1000 -> 6494.441 | N10: =+K10-M10 -> -339.7117 | R10: 영남권 | S10: =+[4]영남권!$T$5/1000 -> 117 | T10: =+[4]영남권!$U$5/1000 -> 83.368 | U10: =+T10-S10 -> -33.632 | V10: =+[5]영남권!$T$5/1000 -> 106.883 | W10: =+T10-V10 -> -23.515
D11: 기타 | E11: =+'[1]5월'!$E$8/1000-E9-E33-E10 -> 119.36667 | F11: =+('[2]5월'!$BJ$8+'[2]5월'!$BA$8+'[2]5월'!$AP$8+'[2]5월'!$AH$8)/1000 -> 56.28337 | G11: =+F11-E11 -> -63.083297 | H11: =+'[3]5월'!$F$8/1000-H9-H33-H10 -> 118.78848 | I11: =+F11-H11 -> -62.505111 | J11: =+'[1]5월누계'!$E$8/1000-J9-J33-J10 -> 604.63333 | K11: =+('[2]5월누계'!$BJ$8+'[2]5월누계'!$BA$8+'[2]5월누계'!$AP$8+'[2]5월누계'!$AH$8)/1000 -> 463.26409 | L11: =+K11-J11 -> -141.36924 | M11: =+'[3]5월누계'!$F$8/1000-M9-M33-M10 -> 710.11164 | N11: =+K11-M11 -> -246.84755 | R11: 중부권 | S11: =+[4]중부권!$T$5/1000 -> 48 | T11: =+[4]중부권!$U$5/1000 -> 42.6415 | U11: =+T11-S11 -> -5.3585 | V11: =+[5]중부권!$T$5/1000 -> 50.344 | W11: =+T11-V11 -> -7.7025
C12: 계 | E12: =SUM(E9:E11) -> 28839.521 | F12: =SUM(F9:F11) -> 23652.544 | G12: =+F12-E12 -> -5186.9772 | H12: =SUM(H9:H11) -> 25386.343 | I12: =+F12-H12 -> -1733.7994 | J12: =SUM(J9:J11) -> 125181.13 | K12: =SUM(K9:K11) -> 117535.84 | L12: =+K12-J12 -> -7645.2893 | M12: =SUM(M9:M11) -> 123143.04 | N12: =+K12-M12 -> -5607.2053 | Q12: 계 | S12: =SUM(S9:S11) -> 270 | T12: =SUM(T9:T11) -> 218.1895 | U12: =+T12-S12 -> -51.8105 | V12: =SUM(V9:V11) -> 242.9955 | W12: =+T12-V12 -> -24.806
C13: 매출원가 | D13: 레미콘 | E13: =+('[1]5월'!$Z$10+'[1]5월'!$Z$19)/1000 -> 23862.626 | F13: =+('[2]5월'!$Z$10+'[2]5월'!$Z$19)/1000 -> 20336.808 | G13: =+F13-E13 -> -3525.8174 | H13: =+('[3]5월'!$Z$10+'[3]5월'!$Z$19)/1000 -> 21588.831 | I13: =+F13-H13 -> -1252.0224 | J13: =+('[1]5월누계'!$Z$10+'[1]5월누계'!$Z$19)/1000 -> 107056.15 | K13: =+('[2]5월누계'!$Z$10+'[2]5월누계'!$Z$19)/1000 -> 102910.29 | L13: =+K13-J13 -> -4145.8554 | M13: =+('[3]5월누계'!$Z$10+'[3]5월누계'!$Z$19)/1000 -> 106232.04 | N13: =+K13-M13 -> -3321.7499 | Q13: 판매단가 | R13: 수도권 | S13: =+[4]수도권!$T$61 -> 98482.527 | T13: =+[4]수도권!$U$61 -> 100715.68 | U13: =+T13-S13 -> 2233.1483 | V13: =+[5]수도권!$Q$85 -> 96609.726 | W13: =+T13-V13 -> 4105.9488
D14: 골재 | E14: =+('[1]5월'!$AE$10+'[1]5월'!$AE$19)/1000 -> 1332.0381 | F14: =+('[2]5월'!$AN$10+'[2]5월'!$AN$19)/1000 -> 1270.1057 | G14: =+F14-E14 -> -61.932372 | H14: =+('[3]5월'!$AN$10+'[3]5월'!$AN$19)/1000 -> 1406.9589 | I14: =+F14-H14 -> -136.85316 | J14: =+('[1]5월누계'!$AE$10+'[1]5월누계'!$AE$19)/1000 -> 6343.9285 | K14: =+('[2]5월누계'!$AN$10+'[2]5월누계'!$AN$19)/1000 -> 6548.1851 | L14: =+K14-J14 -> 204.25661 | M14: =+('[3]5월누계'!$AN$10+'[3]5월누계'!$AN$19)/1000 -> 6694.1268 | N14: =+K14-M14 -> -145.94171 | R14: 영남권 | S14: =+[4]영남권!$T$61 -> 102761.14 | T14: =+[4]영남권!$U$61 -> 102825.49 | U14: =+T14-S14 -> 64.35209 | V14: =+[5]영남권!$Q$85 -> 97803.84 | W14: =+T14-V14 -> 5021.6533
D15: 기타 | E15: =+('[1]5월'!$AL$10+'[1]5월'!$AL$19+'[1]5월'!$AV$10+'[1]5월'!$AV$19)/1000 -> 54.346293 | F15: =+('[2]5월'!$AH$10+'[2]5월'!$AH$19+'[2]5월'!$AP$10+'[2]5월'!$AP$19+'[2]5월'!$BA$10+'[2]5월'!$BA$19+'[2]5월'!$BJ$10+'[2]5월'!$BJ$19)/1000 -> 20.826595 | G15: =+F15-E15 -> -33.519698 | H15: =+('[3]5월'!$F$10+'[3]5월'!$F$19)/1000-H13-H14-('[3]5월'!$AO$10+'[3]5월'!$AO$19)/1000 -> 18.465355 | I15: =+F15-H15 -> 2.36124 | J15: =+('[1]5월누계'!$AL$10+'[1]5월누계'!$AL$19+'[1]5월누계'!$AV$10+'[1]5월누계'!$AV$19)/1000 -> -164.90285 | K15: =+('[2]5월누계'!$AH$10+'[2]5월누계'!$AH$19+'[2]5월누계'!$AP$10+'[2]5월누계'!$AP$19+'[2]5월누계'!$BA$10+'[2]5월누계'!$BA$19+'[2]5월누계'!$BJ$10+'[2]5월누계'!$BJ$19)/1000 -> -409.71527 | L15: =+K15-J15 -> -244.81242 | M15: =+('[3]5월누계'!$F$10+'[3]5월누계'!$F$19)/1000-M13-M14-('[3]5월누계'!$AO$10+'[3]5월누계'!$AO$19)/1000 -> 422.6893 | N15: =+K15-M15 -> -832.40456 | R15: 중부권 | S15: =+[4]중부권!$T$61 -> 104645.92 | T15: =+[4]중부권!$U$61 -> 106299.7 | U15: =+T15-S15 -> 1653.7784 | V15: =+[5]중부권!$Q$85 -> 100717.64 | W15: =+T15-V15 -> 5582.0544
C16: 계 | E16: =SUM(E13:E15) -> 25249.01 | F16: =SUM(F13:F15) -> 21627.741 | G16: =+F16-E16 -> -3621.2695 | H16: =SUM(H13:H15) -> 23014.255 | I16: =+F16-H16 -> -1386.5143 | J16: =SUM(J13:J15) -> 113235.18 | K16: =SUM(K13:K15) -> 109048.76 | L16: =+K16-J16 -> -4186.4112 | M16: =SUM(M13:M15) -> 113348.86 | N16: =+K16-M16 -> -4300.0961 | Q16: 계 | S16: =+[4]합계!$T$61 -> 101432.31 | T16: =+[4]합계!$U$61 -> 102620.92 | U16: =+T16-S16 -> 1188.6098 | V16: =+[5]합계!$Q$85 -> 97989.576 | W16: =+T16-V16 -> 4631.3411
C17: 매출이익 | D17: 레미콘 | E17: =+E9-E13 -> 3524.0972 | F17: =+F9-F13 -> 2045.6007 | G17: =+F17-E17 -> -1478.4966 | H17: =+H9-H13 -> 2211.0972 | I17: =+F17-H17 -> -165.49657 | J17: =+J9-J13 -> 11254.902 | K17: =+K9-K13 -> 8007.5492 | L17: =+K17-J17 -> -3247.3532 | M17: =+M9-M13 -> 9706.4454 | N17: =+K17-M17 -> -1698.8962 | Q17: 공헌이익 | R17: 수도권 | S17: =+[4]수도권!$Q$90 -> 18721.061 | T17: =+[4]수도권!$R$90 -> 17293.722 | U17: =+T17-S17 -> -1427.3391 | V17: =+[5]수도권!$Q$90 -> 16471.138 | W17: =+T17-V17 -> 822.58438
D18: 골재 | E18: =+E10-E14 -> 1.3930446 | F18: =+F10-F14 -> -56.254548 | G18: =+F18-E18 -> -57.647593 | H18: =+H10-H14 -> 60.667594 | I18: =+F18-H18 -> -116.92214 | J18: =+J10-J14 -> -78.487669 | K18: =+K10-K14 -> -393.45582 | L18: =+K18-J18 -> -314.96815 | M18: =+M10-M14 -> -199.68582 | N18: =+K18-M18 -> -193.76999 | R18: 영남권 | S18: =+[4]영남권!$Q$90 -> 23752.07 | T18: =+[4]영남권!$R$90 -> 21307.012 | U18: =+T18-S18 -> -2445.0583 | V18: =+[5]영남권!$Q$90 -> 19421.045 | W18: =+T18-V18 -> 1885.9665
D19: 기타 | E19: =+E11-E15 -> 65.020374 | F19: =+F11-F15 -> 35.456775 | G19: =+F19-E19 -> -29.563599 | H19: =+H11-H15 -> 100.32313 | I19: =+F19-H19 -> -64.866351 | J19: =+J11-J15 -> 769.53618 | K19: =+K11-K15 -> 872.97936 | L19: =+K19-J19 -> 103.44318 | M19: =+M11-M15 -> 287.42234 | N19: =+K19-M19 -> 585.55702 | R19: 중부권 | S19: =+[4]중부권!$Q$90 -> 26509.57 | T19: =+[4]중부권!$R$90 -> 24275.881 | U19: =+T19-S19 -> -2233.6892 | V19: =+[5]중부권!$Q$90 -> 22337.894 | W19: =+T19-V19 -> 1937.987
C20: 계 | E20: =SUM(E17:E19) -> 3590.5106 | F20: =SUM(F17:F19) -> 2024.8029 | G20: =+F20-E20 -> -1565.7077 | H20: =SUM(H17:H19) -> 2372.088 | I20: =+F20-H20 -> -347.28506 | J20: =SUM(J17:J19) -> 11945.951 | K20: =SUM(K17:K19) -> 8487.0727 | L20: =+K20-J20 -> -3458.8781 | M20: =SUM(M17:M19) -> 9794.1819 | N20: =+K20-M20 -> -1307.1092 | Q20: 계 | S20: =+[4]합계!$Q$90 -> 22285.789 | T20: =+[4]합계!$R$90 -> 20204.136 | U20: =+T20-S20 -> -2081.6534 | V20: =+[5]합계!$Q$90 -> 18989.722 | W20: =+T20-V20 -> 1214.4136
C21: 판관비 | D21: 레미콘 | E21: =+('[1]5월'!$Z$13+'[1]5월'!$Z$20+'[1]5월'!$Z$22)/1000 -> 2013.7341 | F21: =+('[2]5월'!$Z$13+'[2]5월'!$Z$20+'[2]5월'!$Z$22)/1000 -> 2009.5698 | G21: =+F21-E21 -> -4.1642686 | H21: =+('[3]5월'!$Z$13+'[3]5월'!$Z$20+'[3]5월'!$Z$22)/1000 -> 2062.5888 | I21: =+F21-H21 -> -53.018992 | J21: =+('[1]5월누계'!$Z$13+'[1]5월누계'!$Z$20+'[1]5월누계'!$Z$22)/1000 -> 10788.35 | K21: =+('[2]5월누계'!$Z$13+'[2]5월누계'!$Z$20+'[2]5월누계'!$Z$22)/1000 -> 11054.254 | L21: =+K21-J21 -> 265.90362 | M21: =+('[3]5월누계'!$Z$13+'[3]5월누계'!$Z$20+'[3]5월누계'!$Z$22)/1000 -> 10642.001 | N21: =+K21-M21 -> 412.25208 | Q21: □ 골재
D22: 골재 | E22: =+('[1]5월'!$AE$13+'[1]5월'!$AE$20+'[1]5월'!$AE$22)/1000 -> 49.762296 | F22: =+('[2]5월'!$AN$13+'[2]5월'!$AN$20+'[2]5월'!$AN$22)/1000 -> 48.745048 | G22: =+F22-E22 -> -1.0172477 | H22: =+('[3]5월'!$AN$13+'[3]5월'!$AN$20+'[3]5월'!$AN$22)/1000 -> 47.21642 | I22: =+F22-H22 -> 1.5286279 | J22: =+('[1]5월누계'!$AE$13+'[1]5월누계'!$AE$20+'[1]5월누계'!$AE$22)/1000 -> 252.15726 | K22: =+('[2]5월누계'!$AN$13+'[2]5월누계'!$AN$20+'[2]5월누계'!$AN$22)/1000 -> 253.7371 | L22: =+K22-J22 -> 1.5798353 | M22: =+('[3]5월누계'!$AN$13+'[3]5월누계'!$AN$20+'[3]5월누계'!$AN$22)/1000 -> 234.60151 | N22: =+K22-M22 -> 19.135592 | Q22: 구분 | S22: 계획 | T22: 실적 | U22: 계획대비 | V22: 전년 | W22: 전년대비
D23: 기타 | E23: =+('[1]5월'!$AL$13+'[1]5월'!$AV$13+'[1]5월'!$AL$20+'[1]5월'!$AV$20+'[1]5월'!$AL$22+'[1]5월'!$AV$22)/1000 -> 81.055169 | F23: =+('[2]5월'!$F$13+'[2]5월'!$F$20+'[2]5월'!$F$22)/1000-F21-F22-('[2]5월'!$AO$13+'[2]5월'!$AO$20+'[2]5월'!$AO$22)/1000 -> 63.591677 | G23: =+F23-E23 -> -17.463492 | H23: =+('[3]5월'!$F$13+'[3]5월'!$F$20+'[3]5월'!$F$22)/1000-H21-H22-('[3]5월'!$AO$13+'[3]5월'!$AO$20+'[3]5월'!$AO$22)/1000 -> 63.464139 | I23: =+F23-H23 -> 0.127538 | J23: =+('[1]5월누계'!$AL$13+'[1]5월누계'!$AV$13+'[1]5월누계'!$AL$20+'[1]5월누계'!$AV$20+'[1]5월누계'!$AL$22+'[1]5월누계'!$AV$22)/1000 -> 319.25734 | K23: =+('[2]5월누계'!$F$13+'[2]5월누계'!$F$20+'[2]5월누계'!$F$22)/1000-K21-K22-('[2]5월누계'!$AO$13+'[2]5월누계'!$AO$20+'[2]5월누계'!$AO$22)/1000 -> 73.683921 | L23: =+K23-J23 -> -245.57342 | M23: =+('[3]5월누계'!$F$13+'[3]5월누계'!$F$20+'[3]5월누계'!$F$22)/1000-M21-M22-('[3]5월누계'!$AO$13+'[3]5월누계'!$AO$20+'[3]5월누계'!$AO$22)/1000 -> 1213.9717 | N23: =+K23-M23 -> -1140.2877 | Q23: 판매량 | R23: 자가 | S23: =+[6]원가손익!$W$10+[7]원가손익!$U$27+[8]손익!$F$10 -> 45427.167 | T23: =+[6]원가손익!$X$10+[7]원가손익!$V$27+[8]손익!$G$10 -> 31626 | U23: =+T23-S23 -> -13801.167 | V23: =+[9]원가손익!$X$10+[10]원가손익!$V$27+[11]손익!$Y$25 -> 43506 | W23: =+T23-V23 -> -11880
C24: 계 | E24: =SUM(E21:E23) -> 2144.5516 | F24: =SUM(F21:F23) -> 2121.9066 | G24: =+F24-E24 -> -22.645008 | H24: =SUM(H21:H23) -> 2173.2694 | I24: =+F24-H24 -> -51.362826 | J24: =SUM(J21:J23) -> 11359.765 | K24: =SUM(K21:K23) -> 11381.675 | L24: =+K24-J24 -> 21.910036 | M24: =SUM(M21:M23) -> 12090.575 | N24: =+K24-M24 -> -708.90006 | R24: 외판 | S24: =+[6]원가손익!$W$14+[7]원가손익!$U$29+[8]손익!$F$12 -> 28160 | T24: =+[6]원가손익!$X$14+[7]원가손익!$V$29+[8]손익!$G$12 -> 20952 | U24: =+T24-S24 -> -7208 | V24: =+[9]원가손익!$X$14+[10]원가손익!$V$29+[11]손익!$Y$27 -> 26183 | W24: =+T24-V24 -> -5231
C25: 영업이익 | D25: 레미콘 | E25: =+E17-E21 -> 1510.3631 | F25: =+F17-F21 -> 36.030836 | G25: =+F25-E25 -> -1474.3323 | H25: =+H17-H21 -> 148.50841 | I25: =+F25-H25 -> -112.47758 | J25: =+J17-J21 -> 466.5524 | K25: =+K17-K21 -> -3046.7044 | L25: =+K25-J25 -> -3513.2568 | M25: =+M17-M21 -> -935.55613 | N25: =+K25-M25 -> -2111.1483 | Q25: 합 계 | S25: =SUM(S23:S24) -> 73587.167 | T25: =SUM(T23:T24) -> 52578 | U25: =+T25-S25 -> -21009.167 | V25: =SUM(V23:V24) -> 69689 | W25: =+T25-V25 -> -17111
D26: % | E26: =+E25/E9 -> 0.055149465 | F26: =+F25/F9 -> 0.0016097836 | G26: =+F26-E26 -> -0.053539681 | H26: =+H25/H9 -> 0.0062398682 | I26: =+F26-H26 -> -0.0046300846 | J26: =+J25/J9 -> 0.0039434388 | K26: =+K25/K9 -> -0.027468118 | L26: =+K26-J26 -> -0.031411557 | M26: =+M25/M9 -> -0.008069418 | N26: =+K26-M26 -> -0.0193987 | Q26: □ 기타내역(영업이익)
D27: 골재 | E27: =+E18-E22 -> -48.369251 | F27: =+F18-F22 -> -104.9996 | G27: =+F27-E27 -> -56.630345 | H27: =+H18-H22 -> 13.451174 | I27: =+F27-H27 -> -118.45077 | J27: =+J18-J22 -> -330.64493 | K27: =+K18-K22 -> -647.19291 | L27: =+K27-J27 -> -316.54798 | M27: =+M18-M22 -> -434.28733 | N27: =+K27-M27 -> -212.90558 | Q27: 구분 | S27: 계획 | T27: 실적 | U27: 계획대비 | V27: 전년 | W27: 전년대비
D28: 기타 | E28: =+E19-E23 -> -16.034795 | F28: =+F19-F23 -> -28.134902 | G28: =+F28-E28 -> -12.100107 | H28: =+H19-H23 -> 36.858987 | I28: =+F28-H28 -> -64.993889 | J28: =+J19-J23 -> 450.27884 | K28: =+K19-K23 -> 799.29544 | L28: =+K28-J28 -> 349.0166 | M28: =+M19-M23 -> -926.54931 | N28: =+K28-M28 -> 1725.8447 | Q28: 레미콘임대 | S28: =+'사업장별(당월)'!T32 -> 25.462031 | T28: =+'사업장별(당월)'!U32 -> 16.302811 | U28: =+T28-S28 -> -9.15922 | V28: =+'사업장별(당월)'!W32 -> 23.178219 | W28: =+T28-V28 -> -6.875408
C29: 계 | E29: =+E25+E27+E28 -> 1445.9591 | F29: =+F25+F27+F28 -> -97.103662 | G29: =+F29-E29 -> -1543.0627 | H29: =+H25+H27+H28 -> 198.81858 | I29: =+F29-H29 -> -295.92224 | J29: =+J25+J27+J28 -> 586.1863 | K29: =+K25+K27+K28 -> -2894.6019 | L29: =+K29-J29 -> -3480.7882 | M29: =+M25+M27+M28 -> -2296.3928 | N29: =+K29-M29 -> -598.2091 | Q29: 임대 | S29: =+'사업장별(당월)'!T33 -> 72.847673 | T29: =+'사업장별(당월)'!U33 -> 4.091001 | U29: =+T29-S29 -> -68.756672 | V29: =+'사업장별(당월)'!W33 -> 66.602381 | W29: =+T29-V29 -> -62.51138
D30: % | E30: =+E29/E12 -> 0.05013811 | F30: =+F29/F12 -> -0.0041054215 | G30: =+F30-E30 -> -0.054243532 | H30: =+H29/H12 -> 0.0078317139 | I30: =+F30-H30 -> -0.011937135 | J30: =+J29/J12 -> 0.0046827052 | K30: =+K29/K12 -> -0.024627398 | L30: =+K30-J30 -> -0.029310103 | M30: =+M29/M12 -> -0.018648173 | N30: =+K30-M30 -> -0.0059792252 | Q30: 공통비 | S30: =+'사업장별(당월)'!T34 -> -1350.3536 | T30: =+'사업장별(당월)'!U34 -> -1314.2615 | U30: =+T30-S30 -> 36.092108 | V30: =+'사업장별(당월)'!W34 -> -1405.8047 | W30: =+T30-V30 -> 91.543206
C31: * 건자재 | Q31: 기타 | S31: =+S32-S28-S29-S30 -> -114.3445 | T31: =+T32-T28-T29-T30 -> -48.528714 | U31: =+T31-S31 -> 65.815785 | V31: =+V32-V28-V29-V30 -> -52.921613 | W31: =+T31-V31 -> 4.392899
C32: 물량 | E32: =+IFERROR(HLOOKUP($E$5,[12]손익!$G$5:$AI$54,2,),) -> 8100 | F32: =+'[2]5월'!$AO$7 -> 3740.231 | G32: =+F32-E32 -> -4359.769 | H32: =+'[3]5월'!$AO$7 -> 10256.286 | I32: =+F32-H32 -> -6516.055 | J32: =+'[1]5월누계'!$AA$7 -> 41000 | K32: =+'[2]5월누계'!$AO$7 -> 21045.185 | L32: =+K32-J32 -> -19954.815 | M32: =+'[3]5월누계'!$AO$7 -> 55602.746 | N32: =+K32-M32 -> -34557.561 | Q32: 합계 | S32: =+'사업장별(당월)'!T40 -> -1366.3884 | T32: =+'사업장별(당월)'!U40 -> -1342.3964 | U32: =+T32-S32 -> 23.992001 | V32: =+'사업장별(당월)'!W40 -> -1368.9457 | W32: =+T32-V32 -> 26.549317
C33: 매출 | E33: =+IFERROR(HLOOKUP($E$5,[12]손익!$G$5:$AI$54,3,),)/1000 -> 8182.096 | F33: =+'[2]5월'!$AO$8/1000 -> 4514.2479 | G33: =+F33-E33 -> -3667.8481 | H33: =+'[3]5월'!$AO$8/1000 -> 10025.106 | I33: =+F33-H33 -> -5510.8577 | J33: =+'[1]5월누계'!$AA$8/1000 -> 40039.457 | K33: =+'[2]5월누계'!$AO$8/1000 -> 22521.33 | L33: =+K33-J33 -> -17518.128 | M33: =+'[3]5월누계'!$AO$8/1000 -> 48464.953 | N33: =+K33-M33 -> -25943.624
C34: 매출이익 | E34: =+IFERROR(HLOOKUP($E$5,[12]손익!$G$5:$AI$54,7,),)/1000 -> 221.87149 | F34: =+'[2]5월'!$AO$12/1000 -> -8.702381 | G34: =+F34-E34 -> -230.57387 | H34: =+'[3]5월'!$AO$12/1000 -> 183.69473 | I34: =+F34-H34 -> -192.39711 | J34: =+'[1]5월누계'!$AA$12/1000 -> 927.55483 | K34: =+'[2]5월누계'!$AO$12/1000 -> 436.48128 | L34: =+K34-J34 -> -491.07354 | M34: =+'[3]5월누계'!$AO$12/1000 -> 683.85469 | N34: =+K34-M34 -> -247.3734 | Q34: □ 건자재
C35: (%) | E35: =+E34/E33 -> 0.027116706 | F35: =+F34/F33 -> -0.0019277588 | G35: =+F35-E35 -> -0.029044465 | H35: =+H34/H33 -> 0.018323471 | I35: =+I34/I33 -> 0.034912371 | J35: =+J34/J33 -> 0.023166019 | K35: =+K34/K33 -> 0.019380795 | L35: =+K35-J35 -> -0.0037852235 | M35: =+M34/M33 -> 0.014110293 | N35: =+K35-M35 -> 0.0052705024 | Q35: 구분 | S35: 계획 | T35: 실적 | U35: 계획대비 | V35: 전년 | W35: 전년대비
C36: 영업이익 | E36: =+IFERROR(HLOOKUP($E$5,[12]손익!$G$5:$AI$54,20,),)/1000 -> 43.605066 | F36: =+'[2]5월'!$AO$26/1000 -> -207.8716 | G36: =+F36-E36 -> -251.47666 | H36: =+'[3]5월'!$AO$26/1000 -> 46.262732 | I36: =+F36-H36 -> -254.13433 | J36: =+'[1]5월누계'!$AA$26/1000 -> -39.796673 | K36: =+'[2]5월누계'!$AO$26/1000 -> -381.18587 | L36: =+K36-J36 -> -341.3892 | M36: =+'[3]5월누계'!$AO$26/1000 -> -60.3202 | N36: =+K36-M36 -> -320.86567 | Q36: 철강재 판매단가 | S36: =+'[13]5월'!$F$10 -> 784722.22 | T36: =+'[13]5월'!$G$10 -> 873685.86 | U36: =+T36-S36 -> 88963.643 | V36: =+'[14]5월'!$G$10 -> 798001.53 | W36: =+T36-V36 -> 75684.339
C37: (%) | E37: =+E36/E33 -> 0.0053293271 | F37: =+F36/F33 -> -0.046047891 | G37: =+F37-E37 -> -0.051377218 | H37: =+H36/H33 -> 0.0046146877 | I37: =+F37-H37 -> -0.050662579 | J37: =+J36/J33 -> -0.00099393636 | K37: =+K36/K33 -> -0.016925549 | L37: =+K37-J37 -> -0.015931613 | M37: =+M36/M33 -> -0.0012446148 | N37: =+K37-M37 -> -0.015680934 | Q37: 철강재 마진률 | S37: =+'[13]5월'!$F$15 -> 0.023362832 | T37: =+'[13]5월'!$G$15 -> -0.010994486 | U37: =+T37-S37 -> -0.034357318 | V37: =+'[14]5월'!$G$15 -> 0.016605664 | W37: =+T37-V37 -> -0.02760015
E39: =+'[1]5월'!$E$26/1000 -> 1489.5641 | F39: =+'[2]5월'!$F$26/1000 -> -304.97526 | H39: =+'[3]5월'!$F$26/1000 -> 245.08131 | J39: =+'[1]5월누계'!$E$26/1000 -> 546.38963 | K39: =+'[2]5월누계'!$F$26/1000 -> -3275.7877 | M39: =+'[3]5월누계'!$F$26/1000 -> -2356.713
E40: =+(E29+E36)-E39 -> -4.7748472e-12 | F40: =+(F29+F36)-F39 -> 2.6716407e-12 | H40: =+(H29+H36)-H39 -> 1.5347723e-12 | J40: =+(J29+J36)-J39 -> 5.1159077e-12 | K40: =+(K29+K36)-K39 -> -2.4556357e-11 | M40: =+(M29+M36)-M39 -> 5.0022209e-12

Sheet 레미콘 영업이익
H3: □ 레미콘 영업이익(5월)
H5: 구분 | J5: 5월 | T5: 5월누계
J6: 영업이익(공통비 배부전) | O6: 영업이익(공통비 배부후) | T6: 영업이익(공통비 배부전) | Y6: 영업이익(공통비 배부전)
A7: 2024년 1월 마감 손익 | J7: 계획 | K7: 실적 | L7: 차이 | M7: 전년 | N7: 차이 | O7: 계획 | P7: 실적 | Q7: 차이 | R7: 전년 | S7: 차이 | T7: 계획 | U7: 실적 | V7: 차이 | W7: 전년 | X7: 차이 | Y7: 계획 | Z7: 실적 | AA7: 차이 | AB7: 전년 | AC7: 차이
B8: 안양 | H8: 레미콘 | I8: 안양 | J8: =+[4]안양!$H$86/1000 -> 434.05383 | K8: =+[4]안양!$I$86/1000 -> 439.64523 | L8: =+K8-J8 -> 5.591403 | M8: =+[5]안양!$H$86/1000 -> 242.51179 | N8: =+K8-M8 -> 197.13344 | O8: =+[4]안양!$H$92/1000 -> 259.8237 | P8: =+[4]안양!$I$92/1000 -> 239.02927 | Q8: =+P8-O8 -> -20.794434 | R8: =+[5]안양!$H$92/1000 -> 70.007907 | S8: =+P8-R8 -> 169.02136 | T8: =+[15]안양!$H$86/1000 -> 1612.0411 | U8: =+[15]안양!$I$86/1000 -> 1569.8666 | V8: =+U8-T8 -> -42.174538 | W8: =+[16]안양!$H$86/1000 -> 1107.7854 | X8: =+U8-W8 -> 462.08115 | Y8: =+[15]안양!$H$92/1000 -> 574.57742 | Z8: =+[15]안양!$I$92/1000 -> 368.56865 | AA8: =+Z8-Y8 -> -206.00878 | AB8: =+[16]안양!$H$92/1000 -> 88.083271 | AC8: =+Z8-AB8 -> 280.48538
B9: 인천 | H9: 직영 | I9: 인천 | J9: =+[4]인천!$H$86/1000 -> 296.46875 | K9: =+[4]인천!$I$86/1000 -> 49.957465 | L9: =+K9-J9 -> -246.51129 | M9: =+[5]인천!$H$86/1000 -> 160.60507 | N9: =+K9-M9 -> -110.6476 | O9: =+[4]인천!$H$92/1000 -> 128.89484 | P9: =+[4]인천!$I$92/1000 -> -115.82282 | Q9: =+P9-O9 -> -244.71766 | R9: =+[5]인천!$H$92/1000 -> -22.039388 | S9: =+P9-R9 -> -93.783431 | T9: =+[15]인천!$H$86/1000 -> 755.04966 | U9: =+[15]인천!$I$86/1000 -> 97.222469 | V9: =+U9-T9 -> -657.82719 | W9: =+[16]인천!$H$86/1000 -> 304.48832 | X9: =+U9-W9 -> -207.26585 | Y9: =+[15]인천!$H$92/1000 -> -169.54075 | Z9: =+[15]인천!$I$92/1000 -> -821.43444 | AA9: =+Z9-Y9 -> -651.89369 | AB9: =+[16]인천!$H$92/1000 -> -499.50165 | AC9: =+Z9-AB9 -> -321.93279
B10: 파주 | I10: 파주 | J10: =+[4]파주!$H$86/1000 -> 101.7489 | K10: =+[4]파주!$I$86/1000 -> 48.322042 | L10: =+K10-J10 -> -53.426855 | M10: =+[5]파주!$H$86/1000 -> -28.835518 | N10: =+K10-M10 -> 77.15756 | O10: =+[4]파주!$H$92/1000 -> 16.664439 | P10: =+[4]파주!$I$92/1000 -> -30.096654 | Q10: =+P10-O10 -> -46.761092 | R10: =+[5]파주!$H$92/1000 -> -89.797556 | S10: =+P10-R10 -> 59.700902 | T10: =+[15]파주!$H$86/1000 -> -12.101275 | U10: =+[15]파주!$I$86/1000 -> -166.68608 | V10: =+U10-T10 -> -154.58481 | W10: =+[16]파주!$H$86/1000 -> -341.58587 | X10: =+U10-W10 -> 174.89979 | Y10: =+[15]파주!$H$92/1000 -> -410.16055 | Z10: =+[15]파주!$I$92/1000 -> -553.9487 | AA10: =+Z10-Y10 -> -143.78815 | AB10: =+[16]파주!$H$92/1000 -> -655.06454 | AC10: =+Z10-AB10 -> 101.11585
B11: 김포 | I11: 김포 | J11: =+[4]김포!$H$86/1000 -> 101.76019 | K11: =+[4]김포!$I$86/1000 -> 64.671647 | L11: =+K11-J11 -> -37.088538 | M11: =+[5]김포!$H$86/1000 -> 30.961596 | N11: =+K11-M11 -> 33.710051 | O11: =+[4]김포!$H$92/1000 -> 32.792297 | P11: =+[4]김포!$I$92/1000 -> -20.227199 | Q11: =+P11-O11 -> -53.019496 | R11: =+[5]김포!$H$92/1000 -> -29.130571 | S11: =+P11-R11 -> 8.9033719 | T11: =+[15]김포!$H$86/1000 -> 136.8347 | U11: =+[15]김포!$I$86/1000 -> -28.49261 | V11: =+U11-T11 -> -165.32731 | W11: =+[16]김포!$H$86/1000 -> -19.549578 | X11: =+U11-W11 -> -8.943032 | Y11: =+[15]김포!$H$92/1000 -> -207.86931 | Z11: =+[15]김포!$I$92/1000 -> -407.98936 | AA11: =+Z11-Y11 -> -200.12005 | AB11: =+[16]김포!$H$92/1000 -> -293.9011 | AC11: =+Z11-AB11 -> -114.08826
B12: 부산 | I12: 부산 | J12: =+[4]부산!$H$86/1000 -> 211.20211 | K12: =+[4]부산!$I$86/1000 -> 92.754418 | L12: =+K12-J12 -> -118.44769 | M12: =+[5]부산!$H$86/1000 -> 308.13145 | N12: =+K12-M12 -> -215.37703 | O12: =+[4]부산!$H$92/1000 -> 101.70947 | P12: =+[4]부산!$I$92/1000 -> -0.62538272 | Q12: =+P12-O12 -> -102.33486 | R12: =+[5]부산!$H$92/1000 -> 168.40765 | S12: =+P12-R12 -> -169.03303 | T12: =+[15]부산!$H$86/1000 -> 853.5649 | U12: =+[15]부산!$I$86/1000 -> 1096.3584 | V12: =+U12-T12 -> 242.79351 | W12: =+[16]부산!$H$86/1000 -> 984.20983 | X12: =+U12-W12 -> 112.14858 | Y12: =+[15]부산!$H$92/1000 -> 184.00328 | Z12: =+[15]부산!$I$92/1000 -> 276.09195 | AA12: =+Z12-Y12 -> 92.088672 | AB12: =+[16]부산!$H$92/1000 -> 326.88042 | AC12: =+Z12-AB12 -> -50.788469
B13: 서부산 | I13: 서부산 | J13: =+[4]서부산!$H$86/1000 -> 317.8487 | K13: =+[4]서부산!$I$86/1000 -> 220.01484 | L13: =+K13-J13 -> -97.833859 | M13: =+[5]서부산!$H$86/1000 -> 89.008721 | N13: =+K13-M13 -> 131.00612 | O13: =+[4]서부산!$H$92/1000 -> 211.66803 | P13: =+[4]서부산!$I$92/1000 -> 94.690921 | Q13: =+P13-O13 -> -116.97711 | R13: =+[5]서부산!$H$92/1000 -> -11.917371 | S13: =+P13-R13 -> 106.60829 | T13: =+[15]서부산!$H$86/1000 -> 1228.277 | U13: =+[15]서부산!$I$86/1000 -> 774.01666 | V13: =+U13-T13 -> -454.26032 | W13: =+[16]서부산!$H$86/1000 -> 503.89407 | X13: =+U13-W13 -> 270.12259 | Y13: =+[15]서부산!$H$92/1000 -> 590.79351 | Z13: =+[15]서부산!$I$92/1000 -> 138.28183 | AA13: =+Z13-Y13 -> -452.51168 | AB13: =+[16]서부산!$H$92/1000 -> -26.581075 | AC13: =+Z13-AB13 -> 164.86291
B14: 김해 | I14: 김해 | J14: =+[4]김해!$H$86/1000 -> 84.549448 | K14: =+[4]김해!$I$86/1000 -> -21.796408 | L14: =+K14-J14 -> -106.34586 | M14: =+[5]김해!$H$86/1000 -> -70.922998 | N14: =+K14-M14 -> 49.12659 | O14: =+[4]김해!$H$92/1000 -> 32.85124 | P14: =+[4]김해!$I$92/1000 -> -54.403769 | Q14: =+P14-O14 -> -87.255009 | R14: =+[5]김해!$H$92/1000 -> -113.42006 | S14: =+P14-R14 -> 59.016292 | T14: =+[15]김해!$H$86/1000 -> 158.77152 | U14: =+[15]김해!$I$86/1000 -> -147.49573 | V14: =+U14-T14 -> -306.26725 | W14: =+[16]김해!$H$86/1000 -> -176.44743 | X14: =+U14-W14 -> 28.951698 | Y14: =+[15]김해!$H$92/1000 -> -115.60323 | Z14: =+[15]김해!$I$92/1000 -> -348.16615 | AA14: =+Z14-Y14 -> -232.56291 | AB14: =+[16]김해!$H$92/1000 -> -418.87468 | AC14: =+Z14-AB14 -> 70.708534
B15: 정관 | I15: 정관 | J15: =+[4]정관!$H$86/1000 -> 323.96239 | K15: =+[4]정관!$I$86/1000 -> 92.285135 | L15: =+K15-J15 -> -231.67725 | M15: =+[5]정관!$H$86/1000 -> 201.7835 | N15: =+K15-M15 -> -109.49837 | O15: =+[4]정관!$H$92/1000 -> 204.82019 | P15: =+[4]정관!$I$92/1000 -> -3.1200101 | Q15: =+P15-O15 -> -207.9402 | R15: =+[5]정관!$H$92/1000 -> 64.179564 | S15: =+P15-R15 -> -67.299574 | T15: =+[15]정관!$H$86/1000 -> 1023.5417 | U15: =+[15]정관!$I$86/1000 -> 208.45939 | V15: =+U15-T15 -> -815.08232 | W15: =+[16]정관!$H$86/1000 -> 848.94541 | X15: =+U15-W15 -> -640.48602 | Y15: =+[15]정관!$H$92/1000 -> 332.5507 | Z15: =+[15]정관!$I$92/1000 -> -279.846 | AA15: =+Z15-Y15 -> -612.3967 | AB15: =+[16]정관!$H$92/1000 -> 179.11156 | AC15: =+Z15-AB15 -> -458.95756
B16: 양산 | I16: 양산 | J16: =+[4]양산!$H$86/1000 -> 114.96988 | K16: =+[4]양산!$I$86/1000 -> -39.795293 | L16: =+K16-J16 -> -154.76518 | M16: =+[5]양산!$H$86/1000 -> 38.252911 | N16: =+K16-M16 -> -78.048204 | O16: =+[4]양산!$H$92/1000 -> 63.242665 | P16: =+[4]양산!$I$92/1000 -> -63.319553 | Q16: =+P16-O16 -> -126.56222 | R16: =+[5]양산!$H$92/1000 -> -9.5836434 | S16: =+P16-R16 -> -53.735909 | T16: =+[15]양산!$H$86/1000 -> 218.36063 | U16: =+[15]양산!$I$86/1000 -> -105.25103 | V16: =+U16-T16 -> -323.61167 | W16: =+[16]양산!$H$86/1000 -> 59.189078 | X16: =+U16-W16 -> -164.44011 | Y16: =+[15]양산!$H$92/1000 -> -39.221665 | Z16: =+[15]양산!$I$92/1000 -> -276.34353 | AA16: =+Z16-Y16 -> -237.12186 | AB16: =+[16]양산!$H$92/1000 -> -173.77892 | AC16: =+Z16-AB16 -> -102.5646
B17: 창원 | I17: 창원 | J17: =+[4]창원!$H$86/1000 -> 126.87661 | K17: =+[4]창원!$I$86/1000 -> 65.208746 | L17: =+K17-J17 -> -61.667864 | M17: =+[5]창원!$H$86/1000 -> 24.863254 | N17: =+K17-M17 -> 40.345492 | O17: =+[4]창원!$H$92/1000 -> 56.83218 | P17: =+[4]창원!$I$92/1000 -> -2.0351861 | Q17: =+P17-O17 -> -58.867366 | R17: =+[5]창원!$H$92/1000 -> -27.544133 | S17: =+P17-R17 -> 25.508946 | T17: =+[15]창원!$H$86/1000 -> 237.39573 | U17: =+[15]창원!$I$86/1000 -> 147.23081 | V17: =+U17-T17 -> -90.164921 | W17: =+[16]창원!$H$86/1000 -> 356.99214 | X17: =+U17-W17 -> -209.76133 | Y17: =+[15]창원!$H$92/1000 -> -111.67636 | Z17: =+[15]창원!$I$92/1000 -> -187.22118 | AA17: =+Z17-Y17 -> -75.544828 | AB17: =+[16]창원!$H$92/1000 -> 18.886943 | AC17: =+Z17-AB17 -> -206.10813
B18: 대구 | I18: 대구 | J18: =+[4]대구!$H$86/1000 -> 50.762107 | K18: =+[4]대구!$I$86/1000 -> -72.116301 | L18: =+K18-J18 -> -122.87841 | M18: =+[5]대구!$H$86/1000 -> -22.058378 | N18: =+K18-M18 -> -50.057923 | O18: =+[4]대구!$H$92/1000 -> 8.6725371 | P18: =+[4]대구!$I$92/1000 -> -95.045913 | Q18: =+P18-O18 -> -103.71845 | R18: =+[5]대구!$H$92/1000 -> -65.675422 | S18: =+P18-R18 -> -29.370491 | T18: =+[15]대구!$H$86/1000 -> -34.80434 | U18: =+[15]대구!$I$86/1000 -> -440.33887 | V18: =+U18-T18 -> -405.53453 | W18: =+[16]대구!$H$86/1000 -> 39.110662 | X18: =+U18-W18 -> -479.44954 | Y18: =+[15]대구!$H$92/1000 -> -259.00865 | Z18: =+[15]대구!$I$92/1000 -> -565.81824 | AA18: =+Z18-Y18 -> -306.80959 | AB18: =+[16]대구!$H$92/1000 -> -265.49719 | AC18: =+Z18-AB18 -> -300.32105
B19: 울산 | I19: 울산 | J19: =+[4]울산!$H$86/1000 -> 103.28835 | K19: =+[4]울산!$I$86/1000 -> 29.061433 | L19: =+K19-J19 -> -74.226915 | M19: =+[5]울산!$H$86/1000 -> 111.42436 | N19: =+K19-M19 -> -82.362923 | O19: =+[4]울산!$H$92/1000 -> 40.029557 | P19: =+[4]울산!$I$92/1000 -> -36.259659 | Q19: =+P19-O19 -> -76.289216 | R19: =+[5]울산!$H$92/1000 -> 38.720381 | S19: =+P19-R19 -> -74.98004 | T19: =+[15]울산!$H$86/1000 -> 152.50539 | U19: =+[15]울산!$I$86/1000 -> 334.07673 | V19: =+U19-T19 -> 181.57134 | W19: =+[16]울산!$H$86/1000 -> 530.68058 | X19: =+U19-W19 -> -196.60385 | Y19: =+[15]울산!$H$92/1000 -> -163.16553 | Z19: =+[15]울산!$I$92/1000 -> -90.662664 | AA19: =+Z19-Y19 -> 72.502864 | AB19: =+[16]울산!$H$92/1000 -> 143.54074 | AC19: =+Z19-AB19 -> -234.2034
B20: 아산 | I20: 아산 | J20: =+[4]아산!$H$86/1000 -> 213.00416 | K20: =+[4]아산!$I$86/1000 -> 122.41643 | L20: =+K20-J20 -> -90.587731 | M20: =+[5]아산!$H$86/1000 -> 136.46828 | N20: =+K20-M20 -> -14.051854 | O20: =+[4]아산!$H$92/1000 -> 108.75409 | P20: =+[4]아산!$I$92/1000 -> 14.795907 | Q20: =+P20-O20 -> -93.958187 | R20: =+[5]아산!$H$92/1000 -> 10.536863 | S20: =+P20-R20 -> 4.259044 | T20: =+[15]아산!$H$86/1000 -> 402.96918 | U20: =+[15]아산!$I$86/1000 -> 320.02433 | V20: =+U20-T20 -> -82.944851 | W20: =+[16]아산!$H$86/1000 -> 494.22789 | X20: =+U20-W20 -> -174.20356 | Y20: =+[15]아산!$H$92/1000 -> -93.776837 | Z20: =+[15]아산!$I$92/1000 -> -313.2002 | AA20: =+Z20-Y20 -> -219.42337 | AB20: =+[16]아산!$H$92/1000 -> -139.71348 | AC20: =+Z20-AB20 -> -173.48672
B21: 전주 | I21: 전주 | J21: =+[4]전주!$H$86/1000 -> 162.0915 | K21: =+[4]전주!$I$86/1000 -> 21.521379 | L21: =+K21-J21 -> -140.57012 | M21: =+[5]전주!$H$86/1000 -> 165.00719 | N21: =+K21-M21 -> -143.48581 | O21: =+[4]전주!$H$92/1000 -> 103.00044 | P21: =+[4]전주!$I$92/1000 -> -36.406364 | Q21: =+P21-O21 -> -139.4068 | R21: =+[5]전주!$H$92/1000 -> 87.442872 | S21: =+P21-R21 -> -123.84924 | T21: =+[15]전주!$H$86/1000 -> 283.94778 | U21: =+[15]전주!$I$86/1000 -> 130.07042 | V21: =+U21-T21 -> -153.87736 | W21: =+[16]전주!$H$86/1000 -> 851.34751 | X21: =+U21-W21 -> -721.27709 | Y21: =+[15]전주!$H$92/1000 -> 22.05097 | Z21: =+[15]전주!$I$92/1000 -> -198.06382 | AA21: =+Z21-Y21 -> -220.11479 | AB21: =+[16]전주!$H$92/1000 -> 409.08008 | AC21: =+Z21-AB21 -> -607.1439
B22: 군산 | I22: 군산 | J22: =+[4]군산!$H$86/1000 -> 106.87183 | K22: =+[4]군산!$I$86/1000 -> 44.935986 | L22: =+K22-J22 -> -61.935848 | M22: =+[5]군산!$H$86/1000 -> 130.46313 | N22: =+K22-M22 -> -85.527149 | O22: =+[4]군산!$H$92/1000 -> 79.998348 | P22: =+[4]군산!$I$92/1000 -> 20.455754 | Q22: =+P22-O22 -> -59.542594 | R22: =+[5]군산!$H$92/1000 -> 92.983562 | S22: =+P22-R22 -> -72.527808 | T22: =+[15]군산!$H$86/1000 -> 305.61097 | U22: =+[15]군산!$I$86/1000 -> 213.43138 | V22: =+U22-T22 -> -92.179592 | W22: =+[16]군산!$H$86/1000 -> 504.23734 | X22: =+U22-W22 -> -290.80596 | Y22: =+[15]군산!$H$92/1000 -> 176.20237 | Z22: =+[15]군산!$I$92/1000 -> 88.436705 | AA22: =+Z22-Y22 -> -87.76566 | AB22: =+[16]군산!$H$92/1000 -> 340.26988 | AC22: =+Z22-AB22 -> -251.83317
B23: 원주 | I23: 원주 | J23: =+[4]원주!$H$86/1000 -> 74.50264 | K23: =+[4]원주!$I$86/1000 -> 133.32987 | L23: =+K23-J23 -> 58.827227 | M23: =+[5]원주!$H$86/1000 -> -23.378171 | N23: =+K23-M23 -> 156.70804 | O23: =+[4]원주!$H$92/1000 -> 53.090145 | P23: =+[4]원주!$I$92/1000 -> 102.11788 | Q23: =+P23-O23 -> 49.02773 | R23: =+[5]원주!$H$92/1000 -> -33.976938 | S23: =+P23-R23 -> 136.09481 | T23: =+[15]원주!$H$86/1000 -> 251.57153 | U23: =+[15]원주!$I$86/1000 -> 312.66812 | V23: =+U23-T23 -> 61.096588 | W23: =+[16]원주!$H$86/1000 -> -85.33792 | X23: =+U23-W23 -> 398.00604 | Y23: =+[15]원주!$H$92/1000 -> 127.5835 | Z23: =+[15]원주!$I$92/1000 -> 188.77089 | AA23: =+Z23-Y23 -> 61.18739 | AB23: =+[16]원주!$H$92/1000 -> -155.00884 | AC23: =+Z23-AB23 -> 343.77973
B24: 제주 | I24: 제주 | J24: =+[4]제주!$H$86/1000 -> 36.75533 | K24: =+[4]제주!$I$86/1000 -> 59.875705 | L24: =+K24-J24 -> 23.120375 | M24: =+[5]제주!$H$86/1000 -> 60.026911 | N24: =+K24-M24 -> -0.151206 | O24: =+[4]제주!$H$92/1000 -> 7.5189482 | P24: =+[4]제주!$I$92/1000 -> 22.303622 | Q24: =+P24-O24 -> 14.784674 | R24: =+[5]제주!$H$92/1000 -> 19.314696 | S24: =+P24-R24 -> 2.9889259 | T24: =+[15]제주!$H$86/1000 -> 244.33061 | U24: =+[15]제주!$I$86/1000 -> 106.67891 | V24: =+U24-T24 -> -137.6517 | W24: =+[16]제주!$H$86/1000 -> 415.79217 | X24: =+U24-W24 -> -309.11326 | Y24: =+[15]제주!$H$92/1000 -> 28.813521 | Z24: =+[15]제주!$I$92/1000 -> -64.160133 | AA24: =+Z24-Y24 -> -92.973654 | AB24: =+[16]제주!$H$92/1000 -> 186.51247 | AC24: =+Z24-AB24 -> -250.6726
I25: 수도권 | J25: =SUM(J8:J11) -> 934.03166 | K25: =SUM(K8:K11) -> 602.59639 | L25: =+K25-J25 -> -331.43528 | M25: =SUM(M8:M11) -> 405.24294 | N25: =+K25-M25 -> 197.35345 | O25: =SUM(O8:O11) -> 438.17527 | P25: =SUM(P8:P11) -> 72.882594 | Q25: =+P25-O25 -> -365.29268 | R25: =SUM(R8:R11) -> -70.959608 | S25: =+P25-R25 -> 143.8422 | T25: =SUM(T8:T11) -> 2491.8242 | U25: =SUM(U8:U11) -> 1471.9103 | V25: =+U25-T25 -> -1019.9138 | W25: =SUM(W8:W11) -> 1051.1383 | X25: =+U25-W25 -> 420.77206 | Y25: =SUM(Y8:Y11) -> -212.99319 | Z25: =SUM(Z8:Z11) -> -1414.8038 | AA25: =+Z25-Y25 -> -1201.8107 | AB25: =SUM(AB8:AB11) -> -1360.384 | AC25: =+Z25-AB25 -> -54.419824
I26: 영남권 | J26: =SUM(J12:J19) -> 1333.4596 | K26: =SUM(K12:K19) -> 365.61657 | L26: =+K26-J26 -> -967.84302 | M26: =SUM(M12:M19) -> 680.48282 | N26: =+K26-M26 -> -314.86625 | O26: =SUM(O12:O19) -> 719.82588 | P26: =SUM(P12:P19) -> -160.11855 | Q26: =+P26-O26 -> -879.94443 | R26: =SUM(R12:R19) -> 43.166966 | S26: =+P26-R26 -> -203.28552 | T26: =SUM(T12:T19) -> 3837.6125 | U26: =SUM(U12:U19) -> 1867.0564 | V26: =+U26-T26 -> -1970.5562 | W26: =SUM(W12:W19) -> 3146.5743 | X26: =+U26-W26 -> -1279.518 | Y26: =SUM(Y12:Y19) -> 418.67207 | Z26: =SUM(Z12:Z19) -> -1333.684 | AA26: =+Z26-Y26 -> -1752.356 | AB26: =SUM(AB12:AB19) -> -216.31221 | AC26: =+Z26-AB26 -> -1117.3718
I27: 중부권 | J27: =SUM(J20:J24) -> 593.22546 | K27: =SUM(K20:K24) -> 382.07936 | L27: =+K27-J27 -> -211.1461 | M27: =SUM(M20:M24) -> 468.58735 | N27: =+K27-M27 -> -86.507984 | O27: =SUM(O20:O24) -> 352.36197 | P27: =SUM(P20:P24) -> 123.26679 | Q27: =+P27-O27 -> -229.09518 | R27: =SUM(R20:R24) -> 176.30106 | S27: =+P27-R27 -> -53.034261 | T27: =SUM(T20:T24) -> 1488.4301 | U27: =SUM(U20:U24) -> 1082.8732 | V27: =+U27-T27 -> -405.55692 | W27: =SUM(W20:W24) -> 2180.267 | X27: =+U27-W27 -> -1097.3938 | Y27: =SUM(Y20:Y24) -> 260.87352 | Z27: =SUM(Z20:Z24) -> -298.21656 | AA27: =+Z27-Y27 -> -559.09008 | AB27: =SUM(AB20:AB24) -> 641.14011 | AC27: =+Z27-AB27 -> -939.35667
H28: 레미콘 계 | J28: =SUM(J25:J27) -> 2860.7167 | K28: =SUM(K25:K27) -> 1350.2923 | L28: =+K28-J28 -> -1510.4244 | M28: =SUM(M25:M27) -> 1554.3131 | N28: =+K28-M28 -> -204.02078 | O28: =SUM(O25:O27) -> 1510.3631 | P28: =SUM(P25:P27) -> 36.030836 | Q28: =+P28-O28 -> -1474.3323 | R28: =SUM(R25:R27) -> 148.50841 | S28: =+P28-R28 -> -112.47758 | T28: =SUM(T25:T27) -> 7817.8668 | U28: =SUM(U25:U27) -> 4421.8399 | V28: =+U28-T28 -> -3396.0269 | W28: =SUM(W25:W27) -> 6377.9796 | X28: =+U28-W28 -> -1956.1397 | Y28: =SUM(Y25:Y27) -> 466.5524 | Z28: =SUM(Z25:Z27) -> -3046.7044 | AA28: =+Z28-Y28 -> -3513.2568 | AB28: =SUM(AB25:AB27) -> -935.55613 | AC28: =+Z28-AB28 -> -2111.1483

Sheet 사업장별(당월)
H3: □ 사업장별 손익실적(2026-05)
AG4: [단위 : 천㎥, 톤, 백만원]
H5: 구분 | J5: 물량 | O5: 매출 | T5: 영업이익(공통비 배부전) | Y5: 판매단가 | AB5: 변동비 | AE5: 공헌이익 | AI5: 판매비중
A6: 2024년 5월 마감 손익 | J6: 계획 | K6: 실적 | L6: 차이 | M6: 전년 | N6: 차이 | O6: 계획 | P6: 실적 | Q6: 차이 | R6: 전년 | S6: 차이 | T6: 계획 | U6: 실적 | V6: 차이 | W6: 전년 | X6: 차이 | Y6: 계획 | Z6: 실적 | AA6: 전년 | AB6: 계획 | AC6: 실적 | AD6: 전년 | AE6: 계획 | AF6: 실적 | AG6: 전년 | AI6: 공장명 | AJ6: 계획 | AK6: 추정 | AL6: 차이 | AO6: 전월 | AP6: 차이
B7: 안양 | G7: =+I7 -> 안양 | H7: 레미콘 | I7: 안양 | J7: =+IFERROR(HLOOKUP($B7,'[1]5월'!$D$6:$BN$259,2,),)/1000 -> 37 | K7: =+IFERROR(HLOOKUP($B7,'[2]5월'!$F$6:$CP$99,2,),)/1000 -> 34.368 | L7: =+K7-J7 -> -2.632 | M7: =+IFERROR(HLOOKUP($B7,'[3]5월'!$F$6:$CC$57,2,),)/1000 -> 31.314 | N7: =+K7-M7 -> 3.054 | O7: =+IFERROR(HLOOKUP($B7,'[1]5월'!$D$6:$BN$259,3,),)/1000 -> 3633.4219 | P7: =+IFERROR(HLOOKUP($B7,'[2]5월'!$F$6:$CP$99,3,),)/1000 -> 3513.5378 | Q7: =+P7-O7 -> -119.88407 | R7: =+IFERROR(HLOOKUP($B7,'[3]5월'!$F$6:$CC$57,3,),)/1000 -> 2998.4996 | S7: =+P7-R7 -> 515.03821 | T7: =+IFERROR(HLOOKUP($B7,'[1]5월'!$D$6:$BN$259,16,),)/1000 -> 434.05383 | U7: =+IFERROR(HLOOKUP($B7,'[2]5월'!$F$6:$CP$99,16,),)/1000 -> 439.64523 | V7: =+U7-T7 -> 5.591403 | W7: =+IFERROR(HLOOKUP($B7,'[3]5월'!$F$6:$CC$57,16,),)/1000 -> 242.51179 | X7: =+U7-W7 -> 197.13344 | Y7: =+[4]안양!$Q$85 -> 98200.591 | Z7: =+[4]안양!$R$85 -> 102248.21 | AA7: =+[5]안양!$Q$85 -> 95747.281 | AB7: =+[4]안양!$Q$89 -> 77977.697 | AC7: =+[4]안양!$R$89 -> 80684.876 | AD7: =+[5]안양!$Q$89 -> 78706.317 | AE7: =+Y7-AB7 -> 20222.895 | AF7: =+Z7-AC7 -> 21563.338 | AG7: =+AA7-AD7 -> 17040.964 | AI7: =+I7 -> 안양 | AJ7: =+J7/$J$27 -> 0.13703704 | AK7: =+K7/$K$27 -> 0.15751445 | AL7: =+AK7-AJ7 -> 0.020477417 | AM7: =+Y7*AL7 -> 2010.8945 | AO7: =+[17]안양!$T$5/[17]합계!$T$5 -> 0.15425649 | AP7: =+AK7-AO7 -> 0.0032579658 | AQ7: =+[17]안양!$Q$85*AP7 -> 316.61869
B8: 인천 | G8: =+I8 -> 인천 | H8: 직영 | I8: 인천 | J8: =+IFERROR(HLOOKUP($B8,'[1]5월'!$D$6:$BN$259,2,),)/1000 -> 35 | K8: =+IFERROR(HLOOKUP($B8,'[2]5월'!$F$6:$CP$99,2,),)/1000 -> 29.096 | L8: =+K8-J8 -> -5.904 | M8: =+IFERROR(HLOOKUP($B8,'[3]5월'!$F$6:$CC$57,2,),)/1000 -> 32.104 | N8: =+K8-M8 -> -3.008 | O8: =+IFERROR(HLOOKUP($B8,'[1]5월'!$D$6:$BN$259,3,),)/1000 -> 3494.6121 | P8: =+IFERROR(HLOOKUP($B8,'[2]5월'!$F$6:$CP$99,3,),)/1000 -> 2903.4344 | Q8: =+P8-O8 -> -591.17775 | R8: =+IFERROR(HLOOKUP($B8,'[3]5월'!$F$6:$CC$57,3,),)/1000 -> 3174.7652 | S8: =+P8-R8 -> -271.33086 | T8: =+IFERROR(HLOOKUP($B8,'[1]5월'!$D$6:$BN$259,16,),)/1000 -> 296.46875 | U8: =+IFERROR(HLOOKUP($B8,'[2]5월'!$F$6:$CP$99,16,),)/1000 -> 49.957465 | V8: =+U8-T8 -> -246.51129 | W8: =+IFERROR(HLOOKUP($B8,'[3]5월'!$F$6:$CC$57,16,),)/1000 -> 160.60507 | X8: =+U8-W8 -> -110.6476 | Y8: =+[4]인천!$Q$85 -> 99846.061 | Z8: =+[4]인천!$R$85 -> 99946.751 | AA8: =+[5]인천!$Q$85 -> 99229.134 | AB8: =+[4]인천!$Q$89 -> 82171.29 | AC8: =+[4]인천!$R$89 -> 87463.13 | AD8: =+[5]인천!$Q$89 -> 83784.72 | AE8: =+Y8-AB8 -> 17674.771 | AF8: =+Z8-AC8 -> 12483.62 | AG8: =+AA8-AD8 -> 15444.414 | AI8: =+I8 -> 인천 | AJ8: =+J8/$J$27 -> 0.12962963 | AK8: =+K8/$K$27 -> 0.13335197 | AL8: =+AK8-AJ8 -> 0.0037223419 | AM8: =+Y8*AL8 -> 371.66118 | AO8: =+[17]인천!$T$5/[17]합계!$T$5 -> 0.12976281 | AP8: =+AK8-AO8 -> 0.0035891596 | AQ8: =+[17]인천!$Q$85*AP8 -> 357.73669
B9: 파주 | G9: =+I9 -> 파주 | I9: 파주 | J9: =+IFERROR(HLOOKUP($B9,'[1]5월'!$D$6:$BN$259,2,),)/1000 -> 18 | K9: =+IFERROR(HLOOKUP($B9,'[2]5월'!$F$6:$CP$99,2,),)/1000 -> 13.3945 | L9: =+K9-J9 -> -4.6055 | M9: =+IFERROR(HLOOKUP($B9,'[3]5월'!$F$6:$CC$57,2,),)/1000 -> 11.412 | N9: =+K9-M9 -> 1.9825 | O9: =+IFERROR(HLOOKUP($B9,'[1]5월'!$D$6:$BN$259,3,),)/1000 -> 1774.3644 | P9: =+IFERROR(HLOOKUP($B9,'[2]5월'!$F$6:$CP$99,3,),)/1000 -> 1373.4054 | Q9: =+P9-O9 -> -400.95896 | R9: =+IFERROR(HLOOKUP($B9,'[3]5월'!$F$6:$CC$57,3,),)/1000 -> 1059.6553 | S9: =+P9-R9 -> 313.75014 | T9: =+IFERROR(HLOOKUP($B9,'[1]5월'!$D$6:$BN$259,16,),)/1000 -> 101.7489 | U9: =+IFERROR(HLOOKUP($B9,'[2]5월'!$F$6:$CP$99,16,),)/1000 -> 48.322042 | V9: =+U9-T9 -> -53.426855 | W9: =+IFERROR(HLOOKUP($B9,'[3]5월'!$F$6:$CC$57,16,),)/1000 -> -28.835518 | X9: =+U9-W9 -> 77.15756 | Y9: =+[4]파주!$Q$85 -> 98575.798 | Z9: =+[4]파주!$R$85 -> 102535.03 | AA9: =+[5]파주!$Q$85 -> 92818.058 | AB9: =+[4]파주!$Q$89 -> 81140.288 | AC9: =+[4]파주!$R$89 -> 84292.013 | AD9: =+[5]파주!$Q$89 -> 76791.949 | AE9: =+Y9-AB9 -> 17435.51 | AF9: =+Z9-AC9 -> 18243.013 | AG9: =+AA9-AD9 -> 16026.109 | AI9: =+I9 -> 파주 | AJ9: =+J9/$J$27 -> 0.066666667 | AK9: =+K9/$K$27 -> 0.061389297 | AL9: =+AK9-AJ9 -> -0.0052773697 | AM9: =+Y9*AL9 -> -520.22093 | AO9: =+[17]파주!$T$5/[17]합계!$T$5 -> 0.071464162 | AP9: =+AK9-AO9 -> -0.010074865 | AQ9: =+[17]파주!$Q$85*AP9 -> -1016.6705
B10: 김포 | G10: =+I10 -> 김포 | I10: 김포 | J10: =+IFERROR(HLOOKUP($B10,'[1]5월'!$D$6:$BN$259,2,),)/1000 -> 15 | K10: =+IFERROR(HLOOKUP($B10,'[2]5월'!$F$6:$CP$99,2,),)/1000 -> 15.3215 | L10: =+K10-J10 -> 0.3215 | M10: =+IFERROR(HLOOKUP($B10,'[3]5월'!$F$6:$CC$57,2,),)/1000 -> 10.9385 | N10: =+K10-M10 -> 4.383 | O10: =+IFERROR(HLOOKUP($B10,'[1]5월'!$D$6:$BN$259,3,),)/1000 -> 1438.2669 | P10: =+IFERROR(HLOOKUP($B10,'[2]5월'!$F$6:$CP$99,3,),)/1000 -> 1486.8971 | Q10: =+P10-O10 -> 48.630195 | R10: =+IFERROR(HLOOKUP($B10,'[3]5월'!$F$6:$CC$57,3,),)/1000 -> 1044.535 | S10: =+P10-R10 -> 442.36216 | T10: =+IFERROR(HLOOKUP($B10,'[1]5월'!$D$6:$BN$259,16,),)/1000 -> 101.76019 | U10: =+IFERROR(HLOOKUP($B10,'[2]5월'!$F$6:$CP$99,16,),)/1000 -> 64.671647 | V10: =+U10-T10 -> -37.088538 | W10: =+IFERROR(HLOOKUP($B10,'[3]5월'!$F$6:$CC$57,16,),)/1000 -> 30.961596 | X10: =+U10-W10 -> 33.710051 | Y10: =+[4]김포!$Q$85 -> 95884.463 | Z10: =+[4]김포!$R$85 -> 97081.727 | AA10: =+[5]김포!$Q$85 -> 95512.758 | AB10: =+[4]김포!$Q$89 -> 76883.918 | AC10: =+[4]김포!$R$89 -> 81141.001 | AD10: =+[5]김포!$Q$89 -> 77274.195 | AE10: =+Y10-AB10 -> 19000.545 | AF10: =+Z10-AC10 -> 15940.726 | AG10: =+AA10-AD10 -> 18238.563 | AI10: =+I10 -> 김포 | AJ10: =+J10/$J$27 -> 0.055555556 | AK10: =+K10/$K$27 -> 0.070221069 | AL10: =+AK10-AJ10 -> 0.014665514 | AM10: =+Y10*AL10 -> 1406.1949 | AO10: =+[17]김포!$T$5/[17]합계!$T$5 -> 0.064726615 | AP10: =+AK10-AO10 -> 0.0054944547 | AQ10: =+[17]김포!$Q$85*AP10 -> 543.03113
B11: 부산 | G11: =+I11 -> 부산 | I11: 부산 | J11: =+IFERROR(HLOOKUP($B11,'[1]5월'!$D$6:$BN$259,2,),)/1000 -> 20 | K11: =+IFERROR(HLOOKUP($B11,'[2]5월'!$F$6:$CP$99,2,),)/1000 -> 13.162 | L11: =+K11-J11 -> -6.838 | M11: =+IFERROR(HLOOKUP($B11,'[3]5월'!$F$6:$CC$57,2,),)/1000 -> 20.779 | N11: =+K11-M11 -> -7.617 | O11: =+IFERROR(HLOOKUP($B11,'[1]5월'!$D$6:$BN$259,3,),)/1000 -> 2145.3121 | P11: =+IFERROR(HLOOKUP($B11,'[2]5월'!$F$6:$CP$99,3,),)/1000 -> 1522.6011 | Q11: =+P11-O11 -> -622.71102 | R11: =+IFERROR(HLOOKUP($B11,'[3]5월'!$F$6:$CC$57,3,),)/1000 -> 2289.2581 | S11: =+P11-R11 -> -766.657 | T11: =+IFERROR(HLOOKUP($B11,'[1]5월'!$D$6:$BN$259,16,),)/1000 -> 211.20211 | U11: =+IFERROR(HLOOKUP($B11,'[2]5월'!$F$6:$CP$99,16,),)/1000 -> 92.754418 | V11: =+U11-T11 -> -118.44769 | W11: =+IFERROR(HLOOKUP($B11,'[3]5월'!$F$6:$CC$57,16,),)/1000 -> 308.13145 | X11: =+U11-W11 -> -215.37703 | Y11: =+[4]부산!$Q$85 -> 107265.61 | Z11: =+[4]부산!$R$85 -> 115681.59 | AA11: =+[5]부산!$Q$85 -> 110171.72 | AB11: =+[4]부산!$Q$89 -> 83341.75 | AC11: =+[4]부산!$R$89 -> 88327.848 | AD11: =+[5]부산!$Q$89 -> 83925.996 | AE11: =+Y11-AB11 -> 23923.856 | AF11: =+Z11-AC11 -> 27353.743 | AG11: =+AA11-AD11 -> 26245.72 | AI11: =+I11 -> 부산 | AJ11: =+J11/$J$27 -> 0.074074074 | AK11: =+K11/$K$27 -> 0.060323709 | AL11: =+AK11-AJ11 -> -0.013750365 | AM11: =+Y11*AL11 -> -1474.9412 | AO11: =+[17]부산!$T$5/[17]합계!$T$5 -> 0.076087753 | AP11: =+AK11-AO11 -> -0.015764044 | AQ11: =+[17]부산!$Q$85*AP11 -> -1817.7032
B12: 서부산 | G12: =+I12 -> 서부산 | I12: 서부산 | J12: =+IFERROR(HLOOKUP($B12,'[1]5월'!$D$6:$BN$259,2,),)/1000 -> 20 | K12: =+IFERROR(HLOOKUP($B12,'[2]5월'!$F$6:$CP$99,2,),)/1000 -> 19.707 | L12: =+K12-J12 -> -0.293 | M12: =+IFERROR(HLOOKUP($B12,'[3]5월'!$F$6:$CC$57,2,),)/1000 -> 17.147 | N12: =+K12-M12 -> 2.56 | O12: =+IFERROR(HLOOKUP($B12,'[1]5월'!$D$6:$BN$259,3,),)/1000 -> 2080.42 | P12: =+IFERROR(HLOOKUP($B12,'[2]5월'!$F$6:$CP$99,3,),)/1000 -> 2043.4648 | Q12: =+P12-O12 -> -36.955195 | R12: =+IFERROR(HLOOKUP($B12,'[3]5월'!$F$6:$CC$57,3,),)/1000 -> 1653.59 | S12: =+P12-R12 -> 389.87478 | T12: =+IFERROR(HLOOKUP($B12,'[1]5월'!$D$6:$BN$259,16,),)/1000 -> 317.8487 | U12: =+IFERROR(HLOOKUP($B12,'[2]5월'!$F$6:$CP$99,16,),)/1000 -> 220.01484 | V12: =+U12-T12 -> -97.833859 | W12: =+IFERROR(HLOOKUP($B12,'[3]5월'!$F$6:$CC$57,16,),)/1000 -> 89.008721 | X12: =+U12-W12 -> 131.00612 | Y12: =+[4]서부산!$Q$85 -> 104021 | Z12: =+[4]서부산!$R$85 -> 103692.33 | AA12: =+[5]서부산!$Q$85 -> 96775.187 | AB12: =+[4]서부산!$Q$89 -> 77250.208 | AC12: =+[4]서부산!$R$89 -> 80900.37 | AD12: =+[5]서부산!$Q$89 -> 78037.415 | AE12: =+Y12-AB12 -> 26770.791 | AF12: =+Z12-AC12 -> 22791.962 | AG12: =+AA12-AD12 -> 18737.772 | AI12: =+I12 -> 서부산 | AJ12: =+J12/$J$27 -> 0.074074074 | AK12: =+K12/$K$27 -> 0.09032057 | AL12: =+AK12-AJ12 -> 0.016246496 | AM12: =+Y12*AL12 -> 1689.9767 | AO12: =+[17]서부산!$T$5/[17]합계!$T$5 -> 0.080953149 | AP12: =+AK12-AO12 -> 0.0093674214 | AQ12: =+[17]서부산!$Q$85*AP12 -> 945.60189
B13: 김해 | G13: =+I13 -> 김해 | I13: 김해 | J13: =+IFERROR(HLOOKUP($B13,'[1]5월'!$D$6:$BN$259,2,),)/1000 -> 10 | K13: =+IFERROR(HLOOKUP($B13,'[2]5월'!$F$6:$CP$99,2,),)/1000 -> 5.473 | L13: =+K13-J13 -> -4.527 | M13: =+IFERROR(HLOOKUP($B13,'[3]5월'!$F$6:$CC$57,2,),)/1000 -> 8.128 | N13: =+K13-M13 -> -2.655 | O13: =+IFERROR(HLOOKUP($B13,'[1]5월'!$D$6:$BN$259,3,),)/1000 -> 1012.9338 | P13: =+IFERROR(HLOOKUP($B13,'[2]5월'!$F$6:$CP$99,3,),)/1000 -> 531.6782 | Q13: =+P13-O13 -> -481.25561 | R13: =+IFERROR(HLOOKUP($B13,'[3]5월'!$F$6:$CC$57,3,),)/1000 -> 696.279 | S13: =+P13-R13 -> -164.6008 | T13: =+IFERROR(HLOOKUP($B13,'[1]5월'!$D$6:$BN$259,16,),)/1000 -> 84.549448 | U13: =+IFERROR(HLOOKUP($B13,'[2]5월'!$F$6:$CP$99,16,),)/1000 -> -21.796408 | V13: =+U13-T13 -> -106.34586 | W13: =+IFERROR(HLOOKUP($B13,'[3]5월'!$F$6:$CC$57,16,),)/1000 -> -70.922998 | X13: =+U13-W13 -> 49.12659 | Y13: =+[4]김해!$Q$85 -> 101293.38 | Z13: =+[4]김해!$R$85 -> 97145.661 | AA13: =+[5]김해!$Q$85 -> 85822.552 | AB13: =+[4]김해!$Q$89 -> 78862.413 | AC13: =+[4]김해!$R$89 -> 77419.852 | AD13: =+[5]김해!$Q$89 -> 78014.983 | AE13: =+Y13-AB13 -> 22430.968 | AF13: =+Z13-AC13 -> 19725.808 | AG13: =+AA13-AD13 -> 7807.5691 | AI13: =+I13 -> 김해 | AJ13: =+J13/$J$27 -> 0.037037037 | AK13: =+K13/$K$27 -> 0.0250837 | AL13: =+AK13-AJ13 -> -0.011953337 | AM13: =+Y13*AL13 -> -1210.7939 | AO13: =+[17]김해!$T$5/[17]합계!$T$5 -> 0.023268168 | AP13: =+AK13-AO13 -> 0.0018155319 | AQ13: =+[17]김해!$Q$85*AP13 -> 178.67487
B14: 정관 | G14: =+I14 -> 정관 | I14: 정관 | J14: =+IFERROR(HLOOKUP($B14,'[1]5월'!$D$6:$BN$259,2,),)/1000 -> 22 | K14: =+IFERROR(HLOOKUP($B14,'[2]5월'!$F$6:$CP$99,2,),)/1000 -> 14.883 | L14: =+K14-J14 -> -7.117 | M14: =+IFERROR(HLOOKUP($B14,'[3]5월'!$F$6:$CC$57,2,),)/1000 -> 23.4385 | N14: =+K14-M14 -> -8.5555 | O14: =+IFERROR(HLOOKUP($B14,'[1]5월'!$D$6:$BN$259,3,),)/1000 -> 2334.3779 | P14: =+IFERROR(HLOOKUP($B14,'[2]5월'!$F$6:$CP$99,3,),)/1000 -> 1555.6253 | Q14: =+P14-O14 -> -778.75257 | R14: =+IFERROR(HLOOKUP($B14,'[3]5월'!$F$6:$CC$57,3,),)/1000 -> 2254.526 | S14: =+P14-R14 -> -698.90072 | T14: =+IFERROR(HLOOKUP($B14,'[1]5월'!$D$6:$BN$259,16,),)/1000 -> 323.96239 | U14: =+IFERROR(HLOOKUP($B14,'[2]5월'!$F$6:$CP$99,16,),)/1000 -> 92.285135 | V14: =+U14-T14 -> -231.67725 | W14: =+IFERROR(HLOOKUP($B14,'[3]5월'!$F$6:$CC$57,16,),)/1000 -> 201.7835 | X14: =+U14-W14 -> -109.49837 | Y14: =+[4]정관!$Q$85 -> 106108.08 | Z14: =+[4]정관!$R$85 -> 104523.64 | AA14: =+[5]정관!$Q$85 -> 96261.012 | AB14: =+[4]정관!$Q$89 -> 81375.819 | AC14: =+[4]정관!$R$89 -> 84602.536 | AD14: =+[5]정관!$Q$89 -> 78911.617 | AE14: =+Y14-AB14 -> 24732.265 | AF14: =+Z14-AC14 -> 19921.101 | AG14: =+AA14-AD14 -> 17349.395 | AI14: =+I14 -> 정관 | AJ14: =+J14/$J$27 -> 0.081481481 | AK14: =+K14/$K$27 -> 0.068211348 | AL14: =+AK14-AJ14 -> -0.013270133 | AM14: =+Y14*AL14 -> -1408.0684 | AO14: =+[17]정관!$T$5/[17]합계!$T$5 -> 0.066990782 | AP14: =+AK14-AO14 -> 0.0012205663 | AQ14: =+[17]정관!$Q$85*AP14 -> 125.42877
B15: 양산 | G15: =+I15 -> 양산 | I15: 양산 | J15: =+IFERROR(HLOOKUP($B15,'[1]5월'!$D$6:$BN$259,2,),)/1000 -> 10 | K15: =+IFERROR(HLOOKUP($B15,'[2]5월'!$F$6:$CP$99,2,),)/1000 -> 3.836 | L15: =+K15-J15 -> -6.164 | M15: =+IFERROR(HLOOKUP($B15,'[3]5월'!$F$6:$CC$57,2,),)/1000 -> 8.737 | N15: =+K15-M15 -> -4.901 | O15: =+IFERROR(HLOOKUP($B15,'[1]5월'!$D$6:$BN$259,3,),)/1000 -> 1013.5022 | P15: =+IFERROR(HLOOKUP($B15,'[2]5월'!$F$6:$CP$99,3,),)/1000 -> 383.574 | Q15: =+P15-O15 -> -629.9282 | R15: =+IFERROR(HLOOKUP($B15,'[3]5월'!$F$6:$CC$57,3,),)/1000 -> 783.76212 | S15: =+P15-R15 -> -400.18812 | T15: =+IFERROR(HLOOKUP($B15,'[1]5월'!$D$6:$BN$259,16,),)/1000 -> 114.96988 | U15: =+IFERROR(HLOOKUP($B15,'[2]5월'!$F$6:$CP$99,16,),)/1000 -> -39.795293 | V15: =+U15-T15 -> -154.76518 | W15: =+IFERROR(HLOOKUP($B15,'[3]5월'!$F$6:$CC$57,16,),)/1000 -> 38.252911 | X15: =+U15-W15 -> -78.048204 | Y15: =+[4]양산!$Q$85 -> 101350.22 | Z15: =+[4]양산!$R$85 -> 99993.222 | AA15: =+[5]양산!$Q$85 -> 89706.091 | AB15: =+[4]양산!$Q$89 -> 75892.305 | AC15: =+[4]양산!$R$89 -> 76277.523 | AD15: =+[5]양산!$Q$89 -> 71251.382 | AE15: =+Y15-AB15 -> 25457.915 | AF15: =+Z15-AC15 -> 23715.699 | AG15: =+AA15-AD15 -> 18454.709 | AI15: =+I15 -> 양산 | AJ15: =+J15/$J$27 -> 0.037037037 | AK15: =+K15/$K$27 -> 0.017581048 | AL15: =+AK15-AJ15 -> -0.019455989 | AM15: =+Y15*AL15 -> -1971.8688 | AO15: =+[17]양산!$T$5/[17]합계!$T$5 -> 0.026411624 | AP15: =+AK15-AO15 -> -0.0088305765 | AQ15: =+[17]양산!$Q$85*AP15 -> -869.50849
B16: 창원 | G16: =+I16 -> 창원 | I16: 창원 | J16: =+IFERROR(HLOOKUP($B16,'[1]5월'!$D$6:$BN$259,2,),)/1000 -> 14 | K16: =+IFERROR(HLOOKUP($B16,'[2]5월'!$F$6:$CP$99,2,),)/1000 -> 11.287 | L16: =+K16-J16 -> -2.713 | M16: =+IFERROR(HLOOKUP($B16,'[3]5월'!$F$6:$CC$57,2,),)/1000 -> 8.83 | N16: =+K16-M16 -> 2.457 | O16: =+IFERROR(HLOOKUP($B16,'[1]5월'!$D$6:$BN$259,3,),)/1000 -> 1372.3952 | P16: =+IFERROR(HLOOKUP($B16,'[2]5월'!$F$6:$CP$99,3,),)/1000 -> 1096.4436 | Q16: =+P16-O16 -> -275.95155 | R16: =+IFERROR(HLOOKUP($B16,'[3]5월'!$F$6:$CC$57,3,),)/1000 -> 858.6514 | S16: =+P16-R16 -> 237.7922 | T16: =+IFERROR(HLOOKUP($B16,'[1]5월'!$D$6:$BN$259,16,),)/1000 -> 126.87661 | U16: =+IFERROR(HLOOKUP($B16,'[2]5월'!$F$6:$CP$99,16,),)/1000 -> 65.208746 | V16: =+U16-T16 -> -61.667864 | W16: =+IFERROR(HLOOKUP($B16,'[3]5월'!$F$6:$CC$57,16,),)/1000 -> 24.863254 | X16: =+U16-W16 -> 40.345492 | Y16: =+[4]창원!$Q$85 -> 98028.225 | Z16: =+[4]창원!$R$85 -> 97142.164 | AA16: =+[5]창원!$Q$85 -> 97242.514 | AB16: =+[4]창원!$Q$89 -> 76554.334 | AC16: =+[4]창원!$R$89 -> 74983.097 | AD16: =+[5]창원!$Q$89 -> 75675.416 | AE16: =+Y16-AB16 -> 21473.891 | AF16: =+Z16-AC16 -> 22159.067 | AG16: =+AA16-AD16 -> 21567.098 | AI16: =+I16 -> 창원 | AJ16: =+J16/$J$27 -> 0.051851852 | AK16: =+K16/$K$27 -> 0.051730262 | AL16: =+AK16-AJ16 -> -0.00012158985 | AM16: =+Y16*AL16 -> -11.919238 | AO16: =+[17]창원!$T$5/[17]합계!$T$5 -> 0.04239269 | AP16: =+AK16-AO16 -> 0.0093375718 | AQ16: =+[17]창원!$Q$85*AP16 -> 874.52368
B17: 대구 | G17: =+I17 -> 대구 | I17: 대구 | J17: =+IFERROR(HLOOKUP($B17,'[1]5월'!$D$6:$BN$259,2,),)/1000 -> 9 | K17: =+IFERROR(HLOOKUP($B17,'[2]5월'!$F$6:$CP$99,2,),)/1000 -> 4.797 | L17: =+K17-J17 -> -4.203 | M17: =+IFERROR(HLOOKUP($B17,'[3]5월'!$F$6:$CC$57,2,),)/1000 -> 8.3985 | N17: =+K17-M17 -> -3.6015 | O17: =+IFERROR(HLOOKUP($B17,'[1]5월'!$D$6:$BN$259,3,),)/1000 -> 824.66973 | P17: =+IFERROR(HLOOKUP($B17,'[2]5월'!$F$6:$CP$99,3,),)/1000 -> 373.878 | Q17: =+P17-O17 -> -450.79173 | R17: =+IFERROR(HLOOKUP($B17,'[3]5월'!$F$6:$CC$57,3,),)/1000 -> 714.62896 | S17: =+P17-R17 -> -340.75096 | T17: =+IFERROR(HLOOKUP($B17,'[1]5월'!$D$6:$BN$259,16,),)/1000 -> 50.762107 | U17: =+IFERROR(HLOOKUP($B17,'[2]5월'!$F$6:$CP$99,16,),)/1000 -> -72.116301 | V17: =+U17-T17 -> -122.87841 | W17: =+IFERROR(HLOOKUP($B17,'[3]5월'!$F$6:$CC$57,16,),)/1000 -> -22.058378 | X17: =+U17-W17 -> -50.057923 | Y17: =+[4]대구!$Q$85 -> 91629.97 | Z17: =+[4]대구!$R$85 -> 77939.962 | AA17: =+[5]대구!$Q$85 -> 85090.071 | AB17: =+[4]대구!$Q$89 -> 70177.906 | AC17: =+[4]대구!$R$89 -> 66396.851 | AD17: =+[5]대구!$Q$89 -> 70269.761 | AE17: =+Y17-AB17 -> 21452.064 | AF17: =+Z17-AC17 -> 11543.111 | AG17: =+AA17-AD17 -> 14820.31 | AI17: =+I17 -> 대구 | AJ17: =+J17/$J$27 -> 0.033333333 | AK17: =+K17/$K$27 -> 0.021985476 | AL17: =+AK17-AJ17 -> -0.011347857 | AM17: =+Y17*AL17 -> -1039.8038 | AO17: =+[17]대구!$T$5/[17]합계!$T$5 -> 0.020932559 | AP17: =+AK17-AO17 -> 0.0010529173 | AQ17: =+[17]대구!$Q$85*AP17 -> 81.69637
B18: 울산 | G18: =+I18 -> 울산 | I18: 울산 | J18: =+IFERROR(HLOOKUP($B18,'[1]5월'!$D$6:$BN$259,2,),)/1000 -> 12 | K18: =+IFERROR(HLOOKUP($B18,'[2]5월'!$F$6:$CP$99,2,),)/1000 -> 10.223 | L18: =+K18-J18 -> -1.777 | M18: =+IFERROR(HLOOKUP($B18,'[3]5월'!$F$6:$CC$57,2,),)/1000 -> 11.425 | N18: =+K18-M18 -> -1.202 | O18: =+IFERROR(HLOOKUP($B18,'[1]5월'!$D$6:$BN$259,3,),)/1000 -> 1239.4427 | P18: =+IFERROR(HLOOKUP($B18,'[2]5월'!$F$6:$CP$99,3,),)/1000 -> 1065.0908 | Q18: =+P18-O18 -> -174.35192 | R18: =+IFERROR(HLOOKUP($B18,'[3]5월'!$F$6:$CC$57,3,),)/1000 -> 1191.1941 | S18: =+P18-R18 -> -126.1033 | T18: =+IFERROR(HLOOKUP($B18,'[1]5월'!$D$6:$BN$259,16,),)/1000 -> 103.28835 | U18: =+IFERROR(HLOOKUP($B18,'[2]5월'!$F$6:$CP$99,16,),)/1000 -> 29.061433 | V18: =+U18-T18 -> -74.226915 | W18: =+IFERROR(HLOOKUP($B18,'[3]5월'!$F$6:$CC$57,16,),)/1000 -> 111.42436 | X18: =+U18-W18 -> -82.362923 | Y18: =+[4]울산!$Q$85 -> 103286.89 | Z18: =+[4]울산!$R$85 -> 104185.74 | AA18: =+[5]울산!$Q$85 -> 104262.07 | AB18: =+[4]울산!$Q$89 -> 82587.096 | AC18: =+[4]울산!$R$89 -> 87862.053 | AD18: =+[5]울산!$Q$89 -> 81655.985 | AE18: =+Y18-AB18 -> 20699.797 | AF18: =+Z18-AC18 -> 16323.685 | AG18: =+AA18-AD18 -> 22606.081 | AI18: =+I18 -> 울산 | AJ18: =+J18/$J$27 -> 0.044444444 | AK18: =+K18/$K$27 -> 0.046853767 | AL18: =+AK18-AJ18 -> 0.0024093226 | AM18: =+Y18*AL18 -> 248.85144 | AO18: =+[17]울산!$T$5/[17]합계!$T$5 -> 0.052966133 | AP18: =+AK18-AO18 -> -0.0061123657 | AQ18: =+[17]울산!$Q$85*AP18 -> -620.78564
B19: 아산 | G19: =+I19 -> 아산 | I19: 아산 | J19: =+IFERROR(HLOOKUP($B19,'[1]5월'!$D$6:$BN$259,2,),)/1000 -> 22 | K19: =+IFERROR(HLOOKUP($B19,'[2]5월'!$F$6:$CP$99,2,),)/1000 -> 18.291 | L19: =+K19-J19 -> -3.709 | M19: =+IFERROR(HLOOKUP($B19,'[3]5월'!$F$6:$CC$57,2,),)/1000 -> 22.644 | N19: =+K19-M19 -> -4.353 | O19: =+IFERROR(HLOOKUP($B19,'[1]5월'!$D$6:$BN$259,3,),)/1000 -> 2174.0468 | P19: =+IFERROR(HLOOKUP($B19,'[2]5월'!$F$6:$CP$99,3,),)/1000 -> 1884.8388 | Q19: =+P19-O19 -> -289.208 | R19: =+IFERROR(HLOOKUP($B19,'[3]5월'!$F$6:$CC$57,3,),)/1000 -> 2188.967 | S19: =+P19-R19 -> -304.12816 | T19: =+IFERROR(HLOOKUP($B19,'[1]5월'!$D$6:$BN$259,16,),)/1000 -> 213.00416 | U19: =+IFERROR(HLOOKUP($B19,'[2]5월'!$F$6:$CP$99,16,),)/1000 -> 122.41643 | V19: =+U19-T19 -> -90.587731 | W19: =+IFERROR(HLOOKUP($B19,'[3]5월'!$F$6:$CC$57,16,),)/1000 -> 136.46828 | X19: =+U19-W19 -> -14.051854 | Y19: =+[4]아산!$Q$85 -> 98820.311 | Z19: =+[4]아산!$R$85 -> 103047.34 | AA19: =+[5]아산!$Q$85 -> 96668.742 | AB19: =+[4]아산!$Q$89 -> 77983.882 | AC19: =+[4]아산!$R$89 -> 82865.275 | AD19: =+[5]아산!$Q$89 -> 79974.966 | AE19: =+Y19-AB19 -> 20836.429 | AF19: =+Z19-AC19 -> 20182.062 | AG19: =+AA19-AD19 -> 16693.777 | AI19: =+I19 -> 아산 | AJ19: =+J19/$J$27 -> 0.081481481 | AK19: =+K19/$K$27 -> 0.083830798 | AL19: =+AK19-AJ19 -> 0.002349317 | AM19: =+Y19*AL19 -> 232.16023 | AO19: =+[17]아산!$T$5/[17]합계!$T$5 -> 0.088874071 | AP19: =+AK19-AO19 -> -0.0050432728 | AQ19: =+[17]아산!$Q$85*AP19 -> -503.86927
B20: 전주 | G20: =+I20 -> 전주 | I20: 전주 | J20: =+IFERROR(HLOOKUP($B20,'[1]5월'!$D$6:$BN$259,2,),)/1000 -> 12 | K20: =+IFERROR(HLOOKUP($B20,'[2]5월'!$F$6:$CP$99,2,),)/1000 -> 10.494 | L20: =+K20-J20 -> -1.506 | M20: =+IFERROR(HLOOKUP($B20,'[3]5월'!$F$6:$CC$57,2,),)/1000 -> 13.9375 | N20: =+K20-M20 -> -3.4435 | O20: =+IFERROR(HLOOKUP($B20,'[1]5월'!$D$6:$BN$259,3,),)/1000 -> 1232.294 | P20: =+IFERROR(HLOOKUP($B20,'[2]5월'!$F$6:$CP$99,3,),)/1000 -> 1014.532 | Q20: =+P20-O20 -> -217.762 | R20: =+IFERROR(HLOOKUP($B20,'[3]5월'!$F$6:$CC$57,3,),)/1000 -> 1348.2397 | S20: =+P20-R20 -> -333.7077 | T20: =+IFERROR(HLOOKUP($B20,'[1]5월'!$D$6:$BN$259,16,),)/1000 -> 162.0915 | U20: =+IFERROR(HLOOKUP($B20,'[2]5월'!$F$6:$CP$99,16,),)/1000 -> 21.521379 | V20: =+U20-T20 -> -140.57012 | W20: =+IFERROR(HLOOKUP($B20,'[3]5월'!$F$6:$CC$57,16,),)/1000 -> 165.00719 | X20: =+U20-W20 -> -143.48581 | Y20: =+[4]전주!$Q$85 -> 102691.17 | Z20: =+[4]전주!$R$85 -> 96677.339 | AA20: =+[5]전주!$Q$85 -> 96734.687 | AB20: =+[4]전주!$Q$89 -> 76384.788 | AC20: =+[4]전주!$R$89 -> 80526.778 | AD20: =+[5]전주!$Q$89 -> 74428.278 | AE20: =+Y20-AB20 -> 26306.379 | AF20: =+Z20-AC20 -> 16150.561 | AG20: =+AA20-AD20 -> 22306.409 | AI20: =+I20 -> 전주 | AJ20: =+J20/$J$27 -> 0.044444444 | AK20: =+K20/$K$27 -> 0.048095807 | AL20: =+AK20-AJ20 -> 0.0036513622 | AM20: =+Y20*AL20 -> 374.96264 | AO20: =+[17]전주!$T$5/[17]합계!$T$5 -> 0.049496607 | AP20: =+AK20-AO20 -> -0.0014008008 | AQ20: =+[17]전주!$Q$85*AP20 -> -136.21329
B21: 군산 | G21: =+I21 -> 군산 | I21: 군산 | J21: =+IFERROR(HLOOKUP($B21,'[1]5월'!$D$6:$BN$259,2,),)/1000 -> 5 | K21: =+IFERROR(HLOOKUP($B21,'[2]5월'!$F$6:$CP$99,2,),)/1000 -> 4.0275 | L21: =+K21-J21 -> -0.9725 | M21: =+IFERROR(HLOOKUP($B21,'[3]5월'!$F$6:$CC$57,2,),)/1000 -> 6.231 | N21: =+K21-M21 -> -2.2035 | O21: =+IFERROR(HLOOKUP($B21,'[1]5월'!$D$6:$BN$259,3,),)/1000 -> 560.4238 | P21: =+IFERROR(HLOOKUP($B21,'[2]5월'!$F$6:$CP$99,3,),)/1000 -> 428.74065 | Q21: =+P21-O21 -> -131.68315 | R21: =+IFERROR(HLOOKUP($B21,'[3]5월'!$F$6:$CC$57,3,),)/1000 -> 651.478 | S21: =+P21-R21 -> -222.73735 | T21: =+IFERROR(HLOOKUP($B21,'[1]5월'!$D$6:$BN$259,16,),)/1000 -> 106.87183 | U21: =+IFERROR(HLOOKUP($B21,'[2]5월'!$F$6:$CP$99,16,),)/1000 -> 44.935986 | V21: =+U21-T21 -> -61.935848 | W21: =+IFERROR(HLOOKUP($B21,'[3]5월'!$F$6:$CC$57,16,),)/1000 -> 130.46313 | X21: =+U21-W21 -> -85.527149 | Y21: =+[4]군산!$Q$85 -> 112084.76 | Z21: =+[4]군산!$R$85 -> 106453.3 | AA21: =+[5]군산!$Q$85 -> 104554.33 | AB21: =+[4]군산!$Q$89 -> 72924.397 | AC21: =+[4]군산!$R$89 -> 74907.398 | AD21: =+[5]군산!$Q$89 -> 70840.843 | AE21: =+Y21-AB21 -> 39160.363 | AF21: =+Z21-AC21 -> 31545.899 | AG21: =+AA21-AD21 -> 33713.482 | AI21: =+I21 -> 군산 | AJ21: =+J21/$J$27 -> 0.018518519 | AK21: =+K21/$K$27 -> 0.018458725 | AL21: =+AK21-AJ21 -> -5.9793419e-05 | AM21: =+Y21*AL21 -> -6.7019311 | AO21: =+[17]군산!$T$5/[17]합계!$T$5 -> 0.018688541 | AP21: =+AK21-AO21 -> -0.00022981631 | AQ21: =+[17]군산!$Q$85*AP21 -> -25.586897
B22: 원주 | G22: =+I22 -> 원주 | I22: 원주 | J22: =+IFERROR(HLOOKUP($B22,'[1]5월'!$D$6:$BN$259,2,),)/1000 -> 4 | K22: =+IFERROR(HLOOKUP($B22,'[2]5월'!$F$6:$CP$99,2,),)/1000 -> 4.766 | L22: =+K22-J22 -> 0.766 | M22: =+IFERROR(HLOOKUP($B22,'[3]5월'!$F$6:$CC$57,2,),)/1000 -> 1.6815 | N22: =+K22-M22 -> 3.0845 | O22: =+IFERROR(HLOOKUP($B22,'[1]5월'!$D$6:$BN$259,3,),)/1000 -> 446.53946 | P22: =+IFERROR(HLOOKUP($B22,'[2]5월'!$F$6:$CP$99,3,),)/1000 -> 546.639 | Q22: =+P22-O22 -> 100.09954 | R22: =+IFERROR(HLOOKUP($B22,'[3]5월'!$F$6:$CC$57,3,),)/1000 -> 184.23005 | S22: =+P22-R22 -> 362.40895 | T22: =+IFERROR(HLOOKUP($B22,'[1]5월'!$D$6:$BN$259,16,),)/1000 -> 74.50264 | U22: =+IFERROR(HLOOKUP($B22,'[2]5월'!$F$6:$CP$99,16,),)/1000 -> 133.32987 | V22: =+U22-T22 -> 58.827227 | W22: =+IFERROR(HLOOKUP($B22,'[3]5월'!$F$6:$CC$57,16,),)/1000 -> -23.378171 | X22: =+U22-W22 -> 156.70804 | Y22: =+[4]원주!$Q$85 -> 111634.86 | Z22: =+[4]원주!$R$85 -> 114695.55 | AA22: =+[5]원주!$Q$85 -> 109562.92 | AB22: =+[4]원주!$Q$89 -> 70677.633 | AC22: =+[4]원주!$R$89 -> 70522.994 | AD22: =+[5]원주!$Q$89 -> 72019.425 | AE22: =+Y22-AB22 -> 40957.232 | AF22: =+Z22-AC22 -> 44172.557 | AG22: =+AA22-AD22 -> 37543.495 | AI22: =+I22 -> 원주 | AJ22: =+J22/$J$27 -> 0.014814815 | AK22: =+K22/$K$27 -> 0.021843398 | AL22: =+AK22-AJ22 -> 0.0070285828 | AM22: =+Y22*AL22 -> 784.63489 | AO22: =+[17]원주!$T$5/[17]합계!$T$5 -> 0.01774697 | AP22: =+AK22-AO22 -> 0.0040964275 | AQ22: =+[17]원주!$Q$85*AP22 -> 446.32333
B23: 제주 | F23: =+K27-J27 -> -51.8105 | G23: =+I23 -> 제주 | I23: 제주 | J23: =+IFERROR(HLOOKUP($B23,'[1]5월'!$D$6:$BN$259,2,),)/1000 -> 5 | K23: =+IFERROR(HLOOKUP($B23,'[2]5월'!$F$6:$CP$99,2,),)/1000 -> 5.063 | L23: =+K23-J23 -> 0.063 | M23: =+IFERROR(HLOOKUP($B23,'[3]5월'!$F$6:$CC$57,2,),)/1000 -> 5.85 | N23: =+K23-M23 -> -0.787 | O23: =+IFERROR(HLOOKUP($B23,'[1]5월'!$D$6:$BN$259,3,),)/1000 -> 609.7 | P23: =+IFERROR(HLOOKUP($B23,'[2]5월'!$F$6:$CP$99,3,),)/1000 -> 658.02805 | Q23: =+P23-O23 -> 48.32805 | R23: =+IFERROR(HLOOKUP($B23,'[3]5월'!$F$6:$CC$57,3,),)/1000 -> 707.66847 | S23: =+P23-R23 -> -49.640425 | T23: =+IFERROR(HLOOKUP($B23,'[1]5월'!$D$6:$BN$259,16,),)/1000 -> 36.75533 | U23: =+IFERROR(HLOOKUP($B23,'[2]5월'!$F$6:$CP$99,16,),)/1000 -> 59.875705 | V23: =+U23-T23 -> 23.120375 | W23: =+IFERROR(HLOOKUP($B23,'[3]5월'!$F$6:$CC$57,16,),)/1000 -> 60.026911 | X23: =+U23-W23 -> -0.151206 | Y23: =+[4]제주!$Q$85 -> 121940 | Z23: =+[4]제주!$R$85 -> 129968.01 | AA23: =+[5]제주!$Q$85 -> 120514.24 | AB23: =+[4]제주!$Q$89 -> 94189.871 | AC23: =+[4]제주!$R$89 -> 98573.571 | AD23: =+[5]제주!$Q$89 -> 92365.438 | AE23: =+Y23-AB23 -> 27750.129 | AF23: =+Z23-AC23 -> 31394.442 | AG23: =+AA23-AD23 -> 28148.799 | AI23: =+I23 -> 제주 | AJ23: =+J23/$J$27 -> 0.018518519 | AK23: =+K23/$K$27 -> 0.0232046 | AL23: =+AK23-AJ23 -> 0.0046860812 | AM23: =+Y23*AL23 -> 571.42074 | AO23: =+[17]제주!$T$5/[17]합계!$T$5 -> 0.014980875 | AP23: =+AK23-AO23 -> 0.0082237242 | AQ23: =+[17]제주!$Q$85*AP23 -> 1079.0144
F24: =+K24/J24 -> 0.87790476 | G24: =+I24 -> 수도권 | I24: 수도권 | J24: =SUM(J7:J10) -> 105 | K24: =SUM(K7:K10) -> 92.18 | L24: =+K24-J24 -> -12.82 | M24: =SUM(M7:M10) -> 85.7685 | N24: =+K24-M24 -> 6.4115 | O24: =SUM(O7:O10) -> 10340.665 | P24: =SUM(P7:P10) -> 9277.2747 | Q24: =+P24-O24 -> -1063.3906 | R24: =SUM(R7:R10) -> 8277.4551 | S24: =+P24-R24 -> 999.81965 | T24: =SUM(T7:T10) -> 934.03166 | U24: =SUM(U7:U10) -> 602.59639 | V24: =+U24-T24 -> -331.43528 | W24: =SUM(W7:W10) -> 405.24294 | X24: =+U24-W24 -> 197.35345 | Y24: =+[4]수도권!$Q$85 -> 98482.527 | Z24: =+[4]수도권!$R$85 -> 100715.68 | AA24: =+[5]수도권!$Q$85 -> 96609.726 | AB24: =+[4]수도권!$Q$89 -> 79761.465 | AC24: =+[4]수도권!$R$89 -> 83421.953 | AD24: =+[5]수도권!$Q$89 -> 80138.588 | AE24: =+Y24-AB24 -> 18721.061 | AF24: =+Z24-AC24 -> 17293.722 | AG24: =+AA24-AD24 -> 16471.138 | AI24: =+I24 -> 수도권 | AJ24: =+J24/$J$27 -> 0.38888889 | AK24: =+K24/$K$27 -> 0.42247679 | AL24: =+AK24-AJ24 -> 0.033587903 | AM24: =+Y24*AL24 -> 3307.8216 | AO24: =+[17]수도권!$T$5/[17]합계!$T$5 -> 0.42021008 | AP24: =+AK24-AO24 -> 0.0022667153 | AQ24: =+[17]수도권!$Q$85*AP24 -> 223.98711
F25: =+K25/J25 -> 0.71254701 | G25: =+I25 -> 영남권 | I25: 영남권 | J25: =SUM(J11:J18) -> 117 | K25: =SUM(K11:K18) -> 83.368 | L25: =+K25-J25 -> -33.632 | M25: =SUM(M11:M18) -> 106.883 | N25: =+K25-M25 -> -23.515 | O25: =SUM(O11:O18) -> 12023.054 | P25: =SUM(P11:P18) -> 8572.3558 | Q25: =+P25-O25 -> -3450.6978 | R25: =SUM(R11:R18) -> 10441.89 | S25: =+P25-R25 -> -1869.5339 | T25: =SUM(T11:T18) -> 1333.4596 | U25: =SUM(U11:U18) -> 365.61657 | V25: =+U25-T25 -> -967.84302 | W25: =SUM(W11:W18) -> 680.48282 | X25: =+U25-W25 -> -314.86625 | Y25: =+[4]영남권!$Q$85 -> 102761.14 | Z25: =+[4]영남권!$R$85 -> 102825.49 | AA25: =+[5]영남권!$Q$85 -> 97803.84 | AB25: =+[4]영남권!$Q$89 -> 79009.071 | AC25: =+[4]영남권!$R$89 -> 81518.482 | AD25: =+[5]영남권!$Q$89 -> 78382.795 | AE25: =+Y25-AB25 -> 23752.07 | AF25: =+Z25-AC25 -> 21307.012 | AG25: =+AA25-AD25 -> 19421.045 | AI25: =+I25 -> 영남권 | AJ25: =+J25/$J$27 -> 0.43333333 | AK25: =+K25/$K$27 -> 0.38208988 | AL25: =+AK25-AJ25 -> -0.051243453 | AM25: =+Y25*AL25 -> -5265.8357 | AO25: =+[17]영남권!$T$5/[17]합계!$T$5 -> 0.39000286 | AP25: =+AK25-AO25 -> -0.0079129771 | AQ25: =+[17]영남권!$Q$85*AP25 -> -805.37131
F26: =+K26/J26 -> 0.88836458 | G26: =+I26 -> 중부권 | I26: 중부권 | J26: =SUM(J19:J23) -> 48 | K26: =SUM(K19:K23) -> 42.6415 | L26: =+K26-J26 -> -5.3585 | M26: =SUM(M19:M23) -> 50.344 | N26: =+K26-M26 -> -7.7025 | O26: =SUM(O19:O23) -> 5023.0041 | P26: =SUM(P19:P23) -> 4532.7785 | Q26: =+P26-O26 -> -490.22556 | R26: =SUM(R19:R23) -> 5080.5832 | S26: =+P26-R26 -> -547.80469 | T26: =SUM(T19:T23) -> 593.22546 | U26: =SUM(U19:U23) -> 382.07936 | V26: =+U26-T26 -> -211.1461 | W26: =SUM(W19:W23) -> 468.58735 | X26: =+U26-W26 -> -86.507984 | Y26: =+[4]중부권!$Q$85 -> 104645.92 | Z26: =+[4]중부권!$R$85 -> 106299.7 | AA26: =+[5]중부권!$Q$85 -> 100717.64 | AB26: =+[4]중부권!$Q$89 -> 78136.349 | AC26: =+[4]중부권!$R$89 -> 82023.816 | AD26: =+[5]중부권!$Q$89 -> 78379.749 | AE26: =+Y26-AB26 -> 26509.57 | AF26: =+Z26-AC26 -> 24275.881 | AG26: =+AA26-AD26 -> 22337.894 | AI26: =+I26 -> 중부권 | AJ26: =+J26/$J$27 -> 0.17777778 | AK26: =+K26/$K$27 -> 0.19543333 | AL26: =+AK26-AJ26 -> 0.01765555 | AM26: =+Y26*AL26 -> 1847.5812 | AO26: =+[17]중부권!$T$5/[17]합계!$T$5 -> 0.18978707 | AP26: =+AK26-AO26 -> 0.0056462618 | AQ26: =+[17]중부권!$Q$85*AP26 -> 585.26695
F27: =+K27/M27 -> 0.89791581 | G27: =+K27/J27 -> 0.80810926 | H27: 레미콘 계 | J27: =SUM(J24:J26) -> 270 | K27: =SUM(K24:K26) -> 218.1895 | L27: =+K27-J27 -> -51.8105 | M27: =SUM(M24:M26) -> 242.9955 | N27: =+K27-M27 -> -24.806 | O27: =SUM(O24:O26) -> 27386.723 | P27: =SUM(P24:P26) -> 22382.409 | Q27: =+P27-O27 -> -5004.314 | R27: =SUM(R24:R26) -> 23799.928 | S27: =+P27-R27 -> -1417.519 | T27: =SUM(T24:T26) -> 2860.7167 | U27: =SUM(U24:U26) -> 1350.2923 | V27: =+U27-T27 -> -1510.4244 | W27: =SUM(W24:W26) -> 1554.3131 | X27: =+U27-W27 -> -204.02078 | Y27: =+[4]합계!$Q$85 -> 101432.31 | Z27: =+[4]합계!$R$85 -> 102620.92 | AA27: =+[5]합계!$Q$85 -> 97989.576 | AB27: =+[4]합계!$Q$89 -> 79146.518 | AC27: =+[4]합계!$R$89 -> 82416.781 | AD27: =+[5]합계!$Q$89 -> 78999.854 | AE27: =+Y27-AB27 -> 22285.789 | AF27: =+Z27-AC27 -> 20204.136 | AG27: =+AA27-AD27 -> 18989.722 | AI27: 계 | AJ27: =+J27/$J$27 -> 1 | AK27: =+K27/$K$27 -> 1 | AL27: =+AK27-AJ27 -> 0 | AM27: =SUM(AM7:AM23) -> 46.438982 | AO27: =+[17]합계!$T$5/[17]합계!$T$5 -> 1 | AP27: =+AK27-AO27 -> 0 | AQ27: =SUM(AQ7:AQ23) -> -41.687546
B28: 건자재 | E28: 건자재영업 | G28: 건자재 | H28: 골재 | I28: 부산모래장 | J28: =+IFERROR(HLOOKUP($B29,'[1]5월'!$D$6:$BN$259,2,),)/1000 -> 25.179994 | K28: =+IFERROR(HLOOKUP($C29,'[2]5월'!$F$6:$CP$99,2,),)/1000 -> 16.21 | L28: =+K28-J28 -> -8.9699938 | M28: =+IFERROR(HLOOKUP($C29,'[3]5월'!$F$6:$CC$57,2,),)/1000 -> 26.131 | N28: =+K28-M28 -> -9.921 | O28: =+IFERROR(HLOOKUP($B29,'[1]5월'!$D$6:$BN$259,3,),)/1000 -> 704.70927 | P28: =+IFERROR(HLOOKUP($C29,'[2]5월'!$F$6:$CP$99,3,),)/1000 -> 456.151 | Q28: =+P28-O28 -> -248.55827 | R28: =+IFERROR(HLOOKUP($C29,'[3]5월'!$F$6:$CC$57,3,),)/1000 -> 733.4355 | S28: =+P28-R28 -> -277.2845 | T28: =+IFERROR(HLOOKUP($B29,'[1]5월'!$D$6:$BN$259,21,),)/1000 -> 20.09833 | U28: =+IFERROR(HLOOKUP($C29,'[2]5월'!$F$6:$CP$99,21,),)/1000 -> 6.7118373 | V28: =+U28-T28 -> -13.386493 | W28: =+IFERROR(HLOOKUP($C29,'[3]5월'!$F$6:$CC$57,21,),)/1000 -> 74.179301 | X28: =+U28-W28 -> -67.467464 | Y28: □ 판매단가
B29: 부산모래장 | C29: 부산골재 | G29: =+I28 -> 부산모래장 | I29: 서부산CR | J29: =+IFERROR(HLOOKUP($B30,'[1]5월'!$D$6:$BN$259,2,),)/1000 -> 48.407173 | K29: =+IFERROR(HLOOKUP($C30,'[2]5월'!$F$6:$CP$99,2,),)/1000 -> 36.368 | L29: =+K29-J29 -> -12.039173 | M29: =+IFERROR(HLOOKUP($C30,'[3]5월'!$F$6:$CC$57,2,),)/1000 -> 20.388 | N29: =+K29-M29 -> 15.98 | O29: =+IFERROR(HLOOKUP($B30,'[1]5월'!$D$6:$BN$259,3,),)/1000 -> 628.72189 | P29: =+IFERROR(HLOOKUP($C30,'[2]5월'!$F$6:$CP$99,3,),)/1000 -> 478.528 | Q29: =+P29-O29 -> -150.19389 | R29: =+IFERROR(HLOOKUP($C30,'[3]5월'!$F$6:$CC$57,3,),)/1000 -> 291.392 | S29: =+P29-R29 -> 187.136 | T29: =+IFERROR(HLOOKUP($B30,'[1]5월'!$D$6:$BN$259,21,),)/1000 -> 82.271387 | U29: =+IFERROR(HLOOKUP($C30,'[2]5월'!$F$6:$CP$99,21,),)/1000 -> 21.920483 | V29: =+U29-T29 -> -60.350904 | W29: =+IFERROR(HLOOKUP($C30,'[3]5월'!$F$6:$CC$57,21,),)/1000 -> 29.834151 | X29: =+U29-W29 -> -7.9136681 | Y29: 구분 | Z29: 계획 | AA29: 실적 | AB29: 차이 | AC29: 전월 | AD29: 차이 | AE29: ○ 계획대비 차이 | AI29: ○ 전월대비 차이
B30: 서부산크라샤 | C30: 서부산골재 | G30: =+I29 -> 서부산CR | I30: 부산CR | J30: =+IFERROR(HLOOKUP($B31,'[1]5월'!$D$6:$BN$259,2,),)/1000 -> 0.001 | K30: =+IFERROR(HLOOKUP($C31,'[2]5월'!$F$6:$CP$99,2,),)/1000 -> 14.79 | L30: =+K30-J30 -> 14.789 | M30: =+IFERROR(HLOOKUP($C31,'[3]5월'!$F$6:$CC$57,2,),)/1000 -> 23.17 | N30: =+K30-M30 -> -8.38 | O30: =+IFERROR(HLOOKUP($B31,'[1]5월'!$D$6:$BN$259,3,),)/1000 -> 0 | P30: =+IFERROR(HLOOKUP($C31,'[2]5월'!$F$6:$CP$99,3,),)/1000 -> 279.1722 | Q30: =+P30-O30 -> 279.1722 | R30: =+IFERROR(HLOOKUP($C31,'[3]5월'!$F$6:$CC$57,3,),)/1000 -> 442.799 | S30: =+P30-R30 -> -163.6268 | T30: =+IFERROR(HLOOKUP($B31,'[1]5월'!$D$6:$BN$259,21,),)/1000 -> -150.73897 | U30: =+IFERROR(HLOOKUP($C31,'[2]5월'!$F$6:$CP$99,21,),)/1000 -> -133.63192 | V30: =+U30-T30 -> 17.107051 | W30: =+IFERROR(HLOOKUP($C31,'[3]5월'!$F$6:$CC$57,21,),)/1000 -> -90.562278 | X30: =+U30-W30 -> -43.069638 | Y30: 1군 | Z30: =+[18]영업계획!$K$7 -> 103466.21 | AA30: =+[19]합계!$G$94 -> 104976.68 | AB30: =+AA30-Z30 -> 1510.4736 | AC30: =+[19]합계!$F$94 -> 102811.09 | AD30: =+AA30-AC30 -> 2165.5895 | AE30: - 1군비율 : | AF30: =+(Z30-Z31)*AB36 -> 398.26326 | AG30: 원/㎥ | AI30: - 1군비율 : | AJ30: =+(AC30-AC31)*AD36 -> 39.869893 | AK30: 원/㎥
B31: 부산크라샤 | C31: 부산크라샤 | G31: =+I30 -> 부산CR | H31: 골재 계 | J31: =SUM(J28:J30) -> 73.588167 | K31: =SUM(K28:K30) -> 67.368 | L31: =+K31-J31 -> -6.2201672 | M31: =SUM(M28:M30) -> 69.689 | N31: =+K31-M31 -> -2.321 | O31: =SUM(O28:O30) -> 1333.4312 | P31: =SUM(P28:P30) -> 1213.8512 | Q31: =+P31-O31 -> -119.57996 | R31: =SUM(R28:R30) -> 1467.6265 | S31: =+P31-R31 -> -253.7753 | T31: =SUM(T28:T30) -> -48.369251 | U31: =SUM(U28:U30) -> -104.9996 | V31: =+U31-T31 -> -56.630345 | W31: =SUM(W28:W30) -> 13.451174 | X31: =+U31-W31 -> -118.45077 | Y31: 중소 | Z31: =+[18]영업계획!$K$10 -> 98283.945 | AA31: =+[19]합계!$G$93 -> 97368.984 | AB31: =+AA31-Z31 -> -914.96093 | AC31: =+[19]합계!$F$93 -> 96782.53 | AD31: =+AA31-AC31 -> 586.45457 | AE31: - 강도 | AF31: =+AB35*120*10 -> 991.5792 | AG31: 원/㎥ | AI31: - 강도 | AJ31: =+AD35*120*10 -> -486.84996 | AK31: 원/㎥
H32: 기타 | I32: 레미콘임대 | L32: =+K32-J32 -> 0 | N32: =+K32-M32 -> 0 | O32: =(IFERROR(HLOOKUP($B33,'[1]5월'!$D$6:$BN$259,3,),)++IFERROR(HLOOKUP($C33,'[1]5월'!$D$6:$BN$259,3,),)+IFERROR(HLOOKUP($D33,'[1]5월'!$D$6:$BN$259,3,),))/1000 -> 37.5 | P32: =+IFERROR(HLOOKUP($E33,'[2]5월'!$F$6:$CP$99,3,),)/1000 -> 43.34 | Q32: =+P32-O32 -> 5.84 | R32: =+IFERROR(HLOOKUP($E33,'[3]5월'!$F$6:$CC$57,3,),)/1000 -> 43.34 | S32: =+P32-R32 -> 0 | T32: =(IFERROR(HLOOKUP($B33,'[1]5월'!$D$6:$BN$259,21,),)++IFERROR(HLOOKUP($C33,'[1]5월'!$D$6:$BN$259,21,),)+IFERROR(HLOOKUP($D33,'[1]5월'!$D$6:$BN$259,21,),))/1000 -> 25.462031 | U32: =+IFERROR(HLOOKUP($E33,'[2]5월'!$F$6:$CP$99,16,),)/1000 -> 16.302811 | V32: =+U32-T32 -> -9.15922 | W32: =+IFERROR(HLOOKUP($E33,'[3]5월'!$F$6:$CC$57,16,),)/1000 -> 23.178219 | X32: =+U32-W32 -> -6.875408 | Y32: 평균 | Z32: =+[18]영업계획!$K$22 -> 101432.31 | AA32: =+[19]합계!$G$95 -> 102620.92 | AB32: =+AA32-Z32 -> 1188.6098 | AC32: =+[19]합계!$F$95 -> 100907.33 | AD32: =+AA32-AC32 -> 1713.5866 | AE32: - 단가 | AF32: =+AB32-AF30-AF31-AF34-AF33 -> 480.65187 | AG32: 원/㎥ | AI32: - 단가 | AJ32: =+AD32-AJ30-AJ31-AJ34-AJ33 -> 754.49595 | AK32: 원/㎥
B33: 포항임대 | C33: 속초임대 | D33: 강릉임대 | E33: 레미콘임대 계 | G33: =+I32 -> 레미콘임대 | I33: 임대 | L33: =+K33-J33 -> 0 | M33: 0 | N33: =+K33-M33 -> 0 | O33: =(+IFERROR(HLOOKUP($B34,'[1]5월'!$D$6:$BN$259,3,),)+IFERROR(HLOOKUP($C34,'[1]5월'!$D$6:$BN$259,3,),))/1000 -> 80.096667 | P33: =+IFERROR(HLOOKUP($E34,'[2]5월'!$F$6:$CP$99,3,),)/1000 -> 11.34047 | Q33: =+P33-O33 -> -68.756197 | R33: =+IFERROR(HLOOKUP($E34,'[3]5월'!$F$6:$CC$57,3,),)/1000 -> 73.768631 | S33: =+P33-R33 -> -62.428161 | T33: =(+IFERROR(HLOOKUP($B34,'[1]5월'!$D$6:$BN$259,21,),)+IFERROR(HLOOKUP($C34,'[1]5월'!$D$6:$BN$259,21,),))/1000 -> 72.847673 | U33: =+IFERROR(HLOOKUP($E34,'[2]5월'!$F$6:$CP$99,16,),)/1000 -> 4.091001 | V33: =+U33-T33 -> -68.756672 | W33: =+IFERROR(HLOOKUP($E34,'[3]5월'!$F$6:$CC$57,16,),)/1000 -> 66.602381 | X33: =+U33-W33 -> -62.51138 | Y33: 1군 | Z33: =+'[20]예산대비 차이'!$O$15 -> 27.895906 | AA33: =+[21]평균강도집계!$U$27 -> 28.652707 | AB33: =+AA33-Z33 -> 0.75680161 | AC33: =+[21]평균강도집계!$T$27 -> 29.492905 | AD33: =+AA33-AC33 -> -0.84019762 | AE33: - 1군소급 | AF33: =+-AM36 -> -728.32349 | AG33: 원/㎥ | AI33: - 1군소급 | AJ33: =+AN36 -> 1447.7582 | AK33: 원/㎥
B34: 부동산임대 | C34: 주유소임대 | E34: 임대 계 | G34: =+I33 -> 임대 | I34: 공통비 | L34: =+K34-J34 -> 0 | N34: =+K34-M34 -> 0 | Q34: =+P34-O34 -> 0 | S34: =+P34-R34 -> 0 | T34: =-'[1]5월'!$Z$22/1000 -> -1350.3536 | U34: =+-'[2]5월'!$Z$22/1000 -> -1314.2615 | V34: =+U34-T34 -> 36.092108 | W34: =+-'[3]5월'!$Z$22/1000 -> -1405.8047 | X34: =+U34-W34 -> 91.543206 | Y34: 중소 | Z34: =+'[20]예산대비 차이'!$O$16 -> 26.112583 | AA34: =+[21]평균강도집계!$U$49 -> 26.702112 | AB34: =+AA34-Z34 -> 0.58952912 | AC34: =+[21]평균강도집계!$T$49 -> 26.183269 | AD34: =+AA34-AC34 -> 0.51884274 | AE34: - mix차이 | AF34: =+AM27 -> 46.438982 | AG34: 원/㎥ | AI34: - mix차이 | AJ34: =+AQ27 -> -41.687546 | AK34: 원/㎥
B35: 공 통 비 | G35: =+I34 -> 공통비 | I35: OPC 소급분 | N35: =+K35-M35 -> 0 | Q35: =+P35-O35 -> 0 | S35: =+P35-R35 -> 0 | T35: =+'[1]5월'!$AT$26/1000 -> 0 | U35: ='[2]5월'!$BD$26/1000 -> 0 | V35: =+U35-T35 -> 0 | W35: ='[3]5월'!$BD$26/1000 -> 0 | X35: =+U35-W35 -> 0 | Y35: 강도 | Z35: =+'[20]예산대비 차이'!$O$18 -> 27.228067 | AA35: =+[21]평균강도집계!$U$71 -> 28.054383 | AB35: =+AA35-Z35 -> 0.826316 | AC35: =+[21]합계!$T$82 -> 28.460091 | AD35: =+AA35-AC35 -> -0.4057083 | AE35: - 합계 | AF35: =+SUM(AF30:AF34) -> 1188.6098 | AG35: 원/㎥ | AI35: - 합계 | AJ35: =+SUM(AJ30:AJ34) -> 1713.5866 | AK35: 원/㎥ | AM35: 158394700
G36: =+I35 -> OPC 소급분 | I36: 대손 | N36: =+K36-M36 -> 0 | Q36: =+P36-O36 -> 0 | S36: =+P36-R36 -> 0 | U36: ='[2]5월'!$BE$26/1000 -> 0 | V36: =+U36-T36 -> 0 | W36: ='[3]5월'!$BE$26/1000 -> 0 | X36: =+U36-W36 -> 0 | Y36: 1군비율 | Z36: =+[18]영업계획!$K$6/[18]영업계획!$K$21 -> 0.62544444 | AA36: =+[19]합계!$G$44 -> 0.7022957 | AB36: =+AA36-Z36 -> 0.076851254 | AC36: =+[19]합계!$F$44 -> 0.6956822 | AD36: =+AA36-AC36 -> 0.0066135012 | AM36: =+AM35/[4]합계!$O$5 -> 728.32349 | AN36: =+-AM36--'[22]2026년 소급분(공장별)'!$D$8 -> 1447.7582
G37: =+I36 -> 대손 | I37: 미운영 공장 | M37: =SUM(M56:M61) -> 0 | N37: =+K37-M37 -> 0 | Q37: =+P37-O37 -> 0 | R37: =+IFERROR(HLOOKUP($I$37,'[3]5월'!$F$6:$BJ$50,3,),)/1000 -> 0 | S37: =+P37-R37 -> 0 | T37: =SUM('[1]5월'!$AM$26:$AQ$26)/1000 -> -12.762081 | U37: =+'[2]5월'!$BF$26/1000 -> -32.364202 | V37: =+U37-T37 -> -19.602121 | W37: =+'[3]5월'!$BF$26/1000 -> -37.499672 | X37: =+U37-W37 -> 5.13547 | Y37: ※ 1군소급 : 158백만원
G38: =+I37 -> 미운영 공장 | I38: 퇴직위로금 | U38: =+'[2]5월'!$BG$26/1000 -> 0 | V38: =+U38-T38 -> 0 | X38: =+U38-W38 -> 0 | Y38: □ 결합재 | Z38: =+[4]합계!$S$15 -> 1921.308 | AA38: 원/㎥↑ | AI38: ○ 계획대비 차이
B39: 기타 계 | G39: =+I38 -> 퇴직위로금 | I39: 기타 | L39: =+K39-J39 -> 0 | N39: =+K39-M39 -> 0 | O39: =IFERROR(HLOOKUP($B39,'[1]5월'!$D$6:$BN$259,3,),)/1000 -> 1.77 | P39: =+('[2]5월'!$F$8-SUM('[2]5월'!$Z$8,'[2]5월'!$AH$8,'[2]5월'!$AN$8,'[2]5월'!$AO$8,'[2]5월'!$BA$8,'[2]5월'!$BD$8,'[2]5월'!$BE$8,'[2]5월'!$BF$8))/1000 -> 1.6029 | Q39: =+P39-O39 -> -0.1671 | R39: =+('[3]5월'!$F$8-SUM('[3]5월'!$Z$8,'[3]5월'!$AH$8,'[3]5월'!$AN$8,'[3]5월'!$AO$8,'[3]5월'!$BA$8,'[3]5월'!$BD$8,'[3]5월'!$BE$8,'[3]5월'!$BF$8))/1000 -> 1.67985 | S39: =+P39-R39 -> -0.07695 | T39: =+('[1]5월'!$E$26-'[1]5월'!$Z$26-'[1]5월'!$AA$26-'[1]5월'!$AE$26-'[1]5월'!$AL$26-'[1]5월'!$AM$26-'[1]5월'!$AN$26-'[1]5월'!$AO$26-'[1]5월'!$AP$26-'[1]5월'!$AQ$26-'[1]5월'!$AS$26+'[1]5월'!$AS$26)/1000-T35 -> -101.58242 | U39: =+('[2]5월'!$F$26-SUM('[2]5월'!$Z$26,'[2]5월'!$AH$26,'[2]5월'!$AN$26,'[2]5월'!$AO$26,'[2]5월'!$BA$26,'[2]5월'!$BD$26,'[2]5월'!$BE$26,'[2]5월'!$BF$26))/1000-U38 -> -16.164512 | V39: =+U39-T39 -> 85.417906 | W39: =+('[3]5월'!$F$26-SUM('[3]5월'!$Z$26,'[3]5월'!$AH$26,'[3]5월'!$AN$26,'[3]5월'!$AO$26,'[3]5월'!$BA$26,'[3]5월'!$BD$26,'[3]5월'!$BE$26,'[3]5월'!$BF$26))/1000 -> -15.421941 | X39: =+U39-W39 -> -0.742571 | Y39: - 원단위 차이 : 1,052원/㎥(치환율 318원↑, 원단위 38원↓, 강도 773원↑) | AI39: - 치환율 | AJ39: =-[23]합계!$H$6 -> 223.59105 | AK39: 원/㎥
G40: =+I39 -> 기타 | H40: 기타 계 | J40: =SUM(J32:J39) -> 0 | K40: =SUM(K32:K39) -> 0 | L40: =+K40-J40 -> 0 | M40: =SUM(M32:M39) -> 0 | N40: =+K40-M40 -> 0 | O40: =SUM(O32:O39) -> 119.36667 | P40: =SUM(P32:P39) -> 56.28337 | Q40: =+P40-O40 -> -63.083297 | R40: =SUM(R32:R39) -> 118.78848 | S40: =+P40-R40 -> -62.505111 | T40: =SUM(T32:T39) -> -1366.3884 | U40: =SUM(U32:U39) -> -1342.3964 | V40: =+U40-T40 -> 23.992001 | W40: =SUM(W32:W39) -> -1368.9457 | X40: =+U40-W40 -> 26.549317 | Y40: - 단가 차이 : 869원/㎥(OPC 단가 3,000원/톤) | AI40: - 원단위 | AJ40: =([23]합계!$F$15-[23]합계!$E$15-AB35*10)*[23]합계!$G$15/1000 -> 361.67815 | AK40: 원/㎥
H41: 합계 | O41: =+O27+O31+O40 -> 28839.521 | P41: =+P27+P31+P40 -> 23652.544 | Q41: =+P41-O41 -> -5186.9772 | R41: =+R27+R31+R40 -> 25386.343 | S41: =+P41-R41 -> -1733.7994 | T41: =+T27+T31+T40 -> 1445.9591 | U41: =+U27+U31+U40 -> -97.103662 | V41: =+U41-T41 -> -1543.0627 | W41: =+W27+W31+W40 -> 198.81858 | X41: =+U41-W41 -> -295.92224 | AI41: - 강도 | AJ41: =[23]합계!$U$15-AJ39-AJ40 -> 818.88062 | AK41: 원/㎥
G42: =+P41/O41 -> 0.82014343
H43: 건자재 | J43: =+IFERROR(HLOOKUP($B28,'[1]5월'!$D$6:$BN$259,2,),) -> 8100 | K43: =+IFERROR(HLOOKUP($E28,'[2]5월'!$F$6:$CP$99,2,),) -> 3740.231 | L43: =+K43-J43 -> -4359.769 | M43: =+IFERROR(HLOOKUP($E28,'[3]5월'!$F$6:$CC$57,2,),) -> 10256.286 | N43: =+K43-M43 -> -6516.055 | O43: =+IFERROR(HLOOKUP($B28,'[1]5월'!$D$6:$BN$259,3,),)/1000 -> 8182.096 | P43: =+IFERROR(HLOOKUP($E28,'[2]5월'!$F$6:$CP$99,3,),)/1000 -> 4514.2479 | Q43: =+P43-O43 -> -3667.8481 | R43: =+IFERROR(HLOOKUP($E28,'[3]5월'!$F$6:$CC$57,3,),)/1000 -> 10025.106 | S43: =+P43-R43 -> -5510.8577 | T43: =+IFERROR(HLOOKUP($B28,'[1]5월'!$D$6:$BN$259,21,),)/1000 -> 43.605066 | U43: =+IFERROR(HLOOKUP($E28,'[2]5월'!$F$6:$CP$99,21,),)/1000 -> -207.8716 | V43: =+U43-T43 -> -251.47666 | W43: =+IFERROR(HLOOKUP($E28,'[3]5월'!$F$6:$CC$57,16,),)/1000 -> 46.262732 | X43: =+U43-W43 -> -254.13433
H44: 합계 | O44: =+O41+O43 -> 37021.617 | P44: =+P41+P43 -> 28166.791 | Q44: =+P44-O44 -> -8854.8253 | R44: =+R41+R43 -> 35411.449 | S44: =+P44-R44 -> -7244.6571 | T44: =+T41+T43 -> 1489.5641 | U44: =+U41+U43 -> -304.97526 | V44: =+U44-T44 -> -1794.5394 | W44: =+W41+W43 -> 245.08131 | X44: =+U44-W44 -> -550.05656
F48: =+K43/M43 -> 0.36467694 | G48: =+K43/J43 -> 0.46175691 | I48: 확인 | J48: =+'[1]5월'!$Z$7/1000 -> 270 | K48: =+'[2]5월'!$AI$7/1000 -> 218.1895 | M48: =+'[3]5월'!$Z$7/1000 -> 242.9955 | O48: =+'[1]5월'!$E$8/1000 -> 37021.617 | P48: =+'[2]5월'!$F$8/1000 -> 28166.791 | R48: =+'[3]5월'!$F$8/1000 -> 35411.449 | T48: =+'[1]5월'!$E$26/1000 -> 1489.5641 | U48: =+'[2]5월'!$F$26/1000 -> -304.97526 | W48: =+'[3]5월'!$F$26/1000 -> 245.08131
F49: =+K31/M31 -> 0.96669489 | G49: =+K31/J31 -> 0.91547327 | J49: =+J48-J27 -> 0 | K49: =+K48-K27 -> 0 | M49: =+M48-M27 -> 0 | O49: =+O48-O44 -> 0 | P49: =+P48-P44 -> 0 | R49: =+R48-R44 -> 0 | T49: =+T48-T44 -> 7.2759576e-12 | U49: =+U48-U44 -> 0 | W49: =+W48-W44 -> -5.4001248e-13
O51: =+O41-O43 -> 20657.425 | P51: =+P41-P43 -> 19138.296 | Q51: =+P51-O51 -> -1519.1291
O52: =+O51/100 -> 206.57425 | P52: =+P51/100 -> 191.38296 | Q52: =+P52-O52 -> -15.191291 | S52: 레미콘 | T52: =(+T27+T34)/100 -> 15.103631 | U52: =(+U27+U34)/100 -> 0.36030836 | V52: =+U52-T52 -> -14.743323 | W52: =+U52/T52-1 -> -0.97614426
Q53: =+P52/O52 -> 0.92646087 | S53: 골재 | T53: =+T31/100 -> -0.48369251 | U53: =+U31/100 -> -1.049996 | V53: =+U53-T53 -> -0.56630345
S54: 임대 | T54: =(T32+T33)/100 -> 0.98309704 | U54: =(U32+U33)/100 -> 0.20393812 | V54: =+U54-T54 -> -0.77915892
S55: 기타 | T55: =((T48-T43)/100)-T52-T53-T54 -> -1.143445 | U55: =((U48-U43)/100)-U52-U53-U54 -> -0.48528714 | V55: =+U55-T55 -> 0.65815785
T56: =SUM(T54:T55) -> -0.16034795 | U56: =SUM(U54:U55) -> -0.28134902 | V56: =SUM(V54:V55) -> -0.12100107
T57: =SUM(T52:T55) -> 14.459591 | U57: =SUM(U52:U55) -> -0.97103662 | V57: =+U57-T57 -> -15.430627
S60: 임대 | T60: =+(T32+T33)/100 -> 0.98309704 | U60: =+(U32+U33)/100 -> 0.20393812 | V60: =+U60-T60 -> -0.77915892
S61: =+I35 -> OPC 소급분 | T61: =+T35/100 -> 0 | U61: =+U35/100 -> 0 | V61: =+U61-T61 -> 0
S62: =+I36 -> 대손 | T62: =+T36/100 -> 0 | U62: =+U36/100 -> 0 | V62: =+U62-T62 -> 0
S63: =+I37 -> 미운영 공장 | T63: =+T37/100 -> -0.12762081 | U63: =+U37/100 -> -0.32364202 | V63: =+U63-T63 -> -0.19602121
S64: =+I39 -> 기타 | T64: =+T39/100 -> -1.0158242 | U64: =+U39/100 -> -0.16164512 | V64: =+U64-T64 -> 0.85417906
T65: =SUM(T60:T64) -> -0.16034795 | U65: =SUM(U60:U64) -> -0.28134902 | V65: =SUM(V60:V64) -> -0.12100107
T68: =SUM(T32:T33,T35,T37:T39) -> -16.034795 | U68: =SUM(U32:U33,U35,U37:U39) -> -28.134902 | V68: =+U68-T68 -> -12.100107
T70: =+T41-T43 -> 1402.354 | U70: =+U41-U43 -> 110.76793
T71: =+T70/100 -> 14.02354 | U71: =+U70/100 -> 1.1076793 | V71: =+U71-T71 -> -12.915861

Sheet 사업장별(누계)
H3: □ 사업장별 손익실적(2026-05누계)
AG4: [단위 : 천㎥, 톤, 백만원]
H5: 구분 | J5: 물량 | O5: 매출 | T5: 영업이익(공통비 배부전) | Y5: 판매단가 | AB5: 변동비 | AE5: 공헌이익
A6: 2024년 5월누계 마감 손익 | J6: 계획 | K6: 실적 | L6: 차이 | M6: 전년 | N6: 차이 | O6: 계획 | P6: 실적 | Q6: 차이 | R6: 전년 | S6: 차이 | T6: 계획 | U6: 실적 | V6: 차이 | W6: 전년 | X6: 차이 | Y6: 계획 | Z6: 실적 | AA6: 전년 | AB6: 계획 | AC6: 실적 | AD6: 전년 | AE6: 계획 | AF6: 실적 | AG6: 전년
B7: 안양 | G7: =+I7 -> 안양 | H7: 레미콘 | I7: 안양 | J7: =+IFERROR(HLOOKUP($B7,'[1]5월누계'!$D$6:$BN$259,2,),)/1000 -> 173 | K7: =+IFERROR(HLOOKUP($B7,'[2]5월누계'!$F$6:$CP$99,2,),)/1000 -> 178.669 | L7: =+K7-J7 -> 5.669 | M7: =+IFERROR(HLOOKUP($B7,'[3]5월누계'!$F$6:$CC$57,2,),)/1000 -> 171.774 | N7: =+K7-M7 -> 6.895 | O7: =+IFERROR(HLOOKUP($B7,'[1]5월누계'!$D$6:$BN$259,3,),)/1000 -> 16989.067 | P7: =+IFERROR(HLOOKUP($B7,'[2]5월누계'!$F$6:$CP$99,3,),)/1000 -> 18188.227 | Q7: =+P7-O7 -> 1199.1601 | R7: =+IFERROR(HLOOKUP($B7,'[3]5월누계'!$F$6:$CC$57,3,),)/1000 -> 16474.909 | S7: =+P7-R7 -> 1713.3179 | T7: =+IFERROR(HLOOKUP($B7,'[1]5월누계'!$D$6:$BN$259,16,),)/1000 -> 1612.0411 | U7: =+IFERROR(HLOOKUP($B7,'[2]5월누계'!$F$6:$CP$99,16,),)/1000 -> 1569.8666 | V7: =+U7-T7 -> -42.174538 | W7: =+IFERROR(HLOOKUP($B7,'[3]5월누계'!$F$6:$CC$57,16,),)/1000 -> 1107.7854 | X7: =+U7-W7 -> 462.08115 | Y7: =+[15]안양!$Q$85 -> 98202.697 | Z7: =+[15]안양!$R$85 -> 101803.26 | AA7: =+[16]안양!$Q$85 -> 95893.386 | AB7: =+[15]안양!$Q$89 -> 79582.592 | AC7: =+[15]안양!$R$89 -> 83885.998 | AD7: =+[16]안양!$Q$89 -> 80603.98 | AE7: =+Y7-AB7 -> 18620.105 | AF7: =+Z7-AC7 -> 17917.258 | AG7: =+AA7-AD7 -> 15289.407
B8: 인천 | G8: =+I8 -> 인천 | H8: 직영 | I8: 인천 | J8: =+IFERROR(HLOOKUP($B8,'[1]5월누계'!$D$6:$BN$259,2,),)/1000 -> 152 | K8: =+IFERROR(HLOOKUP($B8,'[2]5월누계'!$F$6:$CP$99,2,),)/1000 -> 139.541 | L8: =+K8-J8 -> -12.459 | M8: =+IFERROR(HLOOKUP($B8,'[3]5월누계'!$F$6:$CC$57,2,),)/1000 -> 135.826 | N8: =+K8-M8 -> 3.715 | O8: =+IFERROR(HLOOKUP($B8,'[1]5월누계'!$D$6:$BN$259,3,),)/1000 -> 15304.57 | P8: =+IFERROR(HLOOKUP($B8,'[2]5월누계'!$F$6:$CP$99,3,),)/1000 -> 14037.268 | Q8: =+P8-O8 -> -1267.302 | R8: =+IFERROR(HLOOKUP($B8,'[3]5월누계'!$F$6:$CC$57,3,),)/1000 -> 13329.679 | S8: =+P8-R8 -> 707.58946 | T8: =+IFERROR(HLOOKUP($B8,'[1]5월누계'!$D$6:$BN$259,16,),)/1000 -> 755.04966 | U8: =+IFERROR(HLOOKUP($B8,'[2]5월누계'!$F$6:$CP$99,16,),)/1000 -> 97.222469 | V8: =+U8-T8 -> -657.82719 | W8: =+IFERROR(HLOOKUP($B8,'[3]5월누계'!$F$6:$CC$57,16,),)/1000 -> 304.48832 | X8: =+U8-W8 -> -207.26585 | Y8: =+[15]인천!$Q$85 -> 100687.96 | Z8: =+[15]인천!$R$85 -> 100716.15 | AA8: =+[16]인천!$Q$85 -> 98223.973 | AB8: =+[15]인천!$Q$89 -> 84818.356 | AC8: =+[15]인천!$R$89 -> 88284.023 | AD8: =+[16]인천!$Q$89 -> 84575.512 | AE8: =+Y8-AB8 -> 15869.605 | AF8: =+Z8-AC8 -> 12432.123 | AG8: =+AA8-AD8 -> 13648.461
B9: 파주 | G9: =+I9 -> 파주 | I9: 파주 | J9: =+IFERROR(HLOOKUP($B9,'[1]5월누계'!$D$6:$BN$259,2,),)/1000 -> 69 | K9: =+IFERROR(HLOOKUP($B9,'[2]5월누계'!$F$6:$CP$99,2,),)/1000 -> 60.0355 | L9: =+K9-J9 -> -8.9645 | M9: =+IFERROR(HLOOKUP($B9,'[3]5월누계'!$F$6:$CC$57,2,),)/1000 -> 54.693 | N9: =+K9-M9 -> 5.3425 | O9: =+IFERROR(HLOOKUP($B9,'[1]5월누계'!$D$6:$BN$259,3,),)/1000 -> 6717.7366 | P9: =+IFERROR(HLOOKUP($B9,'[2]5월누계'!$F$6:$CP$99,3,),)/1000 -> 6003.685 | Q9: =+P9-O9 -> -714.05161 | R9: =+IFERROR(HLOOKUP($B9,'[3]5월누계'!$F$6:$CC$57,3,),)/1000 -> 5056.7412 | S9: =+P9-R9 -> 946.94383 | T9: =+IFERROR(HLOOKUP($B9,'[1]5월누계'!$D$6:$BN$259,16,),)/1000 -> -12.101275 | U9: =+IFERROR(HLOOKUP($B9,'[2]5월누계'!$F$6:$CP$99,16,),)/1000 -> -166.68608 | V9: =+U9-T9 -> -154.58481 | W9: =+IFERROR(HLOOKUP($B9,'[3]5월누계'!$F$6:$CC$57,16,),)/1000 -> -341.58587 | X9: =+U9-W9 -> 174.89979 | Y9: =+[15]파주!$Q$85 -> 97358.502 | Z9: =+[15]파주!$R$85 -> 100200.02 | AA9: =+[16]파주!$Q$85 -> 92490.514 | AB9: =+[15]파주!$Q$89 -> 80829.179 | AC9: =+[15]파주!$R$89 -> 85262.692 | AD9: =+[16]파주!$Q$89 -> 78587.599 | AE9: =+Y9-AB9 -> 16529.323 | AF9: =+Z9-AC9 -> 14937.33 | AG9: =+AA9-AD9 -> 13902.915
B10: 김포 | G10: =+I10 -> 김포 | I10: 김포 | J10: =+IFERROR(HLOOKUP($B10,'[1]5월누계'!$D$6:$BN$259,2,),)/1000 -> 59 | K10: =+IFERROR(HLOOKUP($B10,'[2]5월누계'!$F$6:$CP$99,2,),)/1000 -> 61.465 | L10: =+K10-J10 -> 2.465 | M10: =+IFERROR(HLOOKUP($B10,'[3]5월누계'!$F$6:$CC$57,2,),)/1000 -> 47.8655 | N10: =+K10-M10 -> 13.5995 | O10: =+IFERROR(HLOOKUP($B10,'[1]5월누계'!$D$6:$BN$259,3,),)/1000 -> 5797.2852 | P10: =+IFERROR(HLOOKUP($B10,'[2]5월누계'!$F$6:$CP$99,3,),)/1000 -> 5977.508 | Q10: =+P10-O10 -> 180.22275 | R10: =+IFERROR(HLOOKUP($B10,'[3]5월누계'!$F$6:$CC$57,3,),)/1000 -> 4562.9621 | S10: =+P10-R10 -> 1414.5458 | T10: =+IFERROR(HLOOKUP($B10,'[1]5월누계'!$D$6:$BN$259,16,),)/1000 -> 136.8347 | U10: =+IFERROR(HLOOKUP($B10,'[2]5월누계'!$F$6:$CP$99,16,),)/1000 -> -28.49261 | V10: =+U10-T10 -> -165.32731 | W10: =+IFERROR(HLOOKUP($B10,'[3]5월누계'!$F$6:$CC$57,16,),)/1000 -> -19.549578 | X10: =+U10-W10 -> -8.943032 | Y10: =+[15]김포!$Q$85 -> 98259.071 | Z10: =+[15]김포!$R$85 -> 97320.387 | AA10: =+[16]김포!$Q$85 -> 95383.145 | AB10: =+[15]김포!$Q$89 -> 79742.9 | AC10: =+[15]김포!$R$89 -> 82321.261 | AD10: =+[16]김포!$Q$89 -> 78207.019 | AE10: =+Y10-AB10 -> 18516.171 | AF10: =+Z10-AC10 -> 14999.125 | AG10: =+AA10-AD10 -> 17176.126
B11: 부산 | G11: =+I11 -> 부산 | I11: 부산 | J11: =+IFERROR(HLOOKUP($B11,'[1]5월누계'!$D$6:$BN$259,2,),)/1000 -> 94 | K11: =+IFERROR(HLOOKUP($B11,'[2]5월누계'!$F$6:$CP$99,2,),)/1000 -> 96.857 | L11: =+K11-J11 -> 2.857 | M11: =+IFERROR(HLOOKUP($B11,'[3]5월누계'!$F$6:$CC$57,2,),)/1000 -> 95.626 | N11: =+K11-M11 -> 1.231 | O11: =+IFERROR(HLOOKUP($B11,'[1]5월누계'!$D$6:$BN$259,3,),)/1000 -> 10201.974 | P11: =+IFERROR(HLOOKUP($B11,'[2]5월누계'!$F$6:$CP$99,3,),)/1000 -> 11359.488 | Q11: =+P11-O11 -> 1157.5142 | R11: =+IFERROR(HLOOKUP($B11,'[3]5월누계'!$F$6:$CC$57,3,),)/1000 -> 10214.984 | S11: =+P11-R11 -> 1144.504 | T11: =+IFERROR(HLOOKUP($B11,'[1]5월누계'!$D$6:$BN$259,16,),)/1000 -> 853.5649 | U11: =+IFERROR(HLOOKUP($B11,'[2]5월누계'!$F$6:$CP$99,16,),)/1000 -> 1096.3584 | V11: =+U11-T11 -> 242.79351 | W11: =+IFERROR(HLOOKUP($B11,'[3]5월누계'!$F$6:$CC$57,16,),)/1000 -> 984.20983 | X11: =+U11-W11 -> 112.14858 | Y11: =+[15]부산!$Q$85 -> 108531.64 | Z11: =+[15]부산!$R$85 -> 117281.02 | AA11: =+[16]부산!$Q$85 -> 106822.25 | AB11: =+[15]부산!$Q$89 -> 85150.338 | AC11: =+[15]부산!$R$89 -> 92254.811 | AD11: =+[16]부산!$Q$89 -> 83688.464 | AE11: =+Y11-AB11 -> 23381.299 | AF11: =+Z11-AC11 -> 25026.213 | AG11: =+AA11-AD11 -> 23133.782
B12: 서부산 | G12: =+I12 -> 서부산 | I12: 서부산 | J12: =+IFERROR(HLOOKUP($B12,'[1]5월누계'!$D$6:$BN$259,2,),)/1000 -> 95 | K12: =+IFERROR(HLOOKUP($B12,'[2]5월누계'!$F$6:$CP$99,2,),)/1000 -> 90.133 | L12: =+K12-J12 -> -4.867 | M12: =+IFERROR(HLOOKUP($B12,'[3]5월누계'!$F$6:$CC$57,2,),)/1000 -> 84.37 | N12: =+K12-M12 -> 5.763 | O12: =+IFERROR(HLOOKUP($B12,'[1]5월누계'!$D$6:$BN$259,3,),)/1000 -> 9748.0675 | P12: =+IFERROR(HLOOKUP($B12,'[2]5월누계'!$F$6:$CP$99,3,),)/1000 -> 9307.8498 | Q12: =+P12-O12 -> -440.21772 | R12: =+IFERROR(HLOOKUP($B12,'[3]5월누계'!$F$6:$CC$57,3,),)/1000 -> 8159.07 | S12: =+P12-R12 -> 1148.7798 | T12: =+IFERROR(HLOOKUP($B12,'[1]5월누계'!$D$6:$BN$259,16,),)/1000 -> 1228.277 | U12: =+IFERROR(HLOOKUP($B12,'[2]5월누계'!$F$6:$CP$99,16,),)/1000 -> 774.01666 | V12: =+U12-T12 -> -454.26032 | W12: =+IFERROR(HLOOKUP($B12,'[3]5월누계'!$F$6:$CC$57,16,),)/1000 -> 503.89407 | X12: =+U12-W12 -> 270.12259 | Y12: =+[15]서부산!$Q$85 -> 102611.24 | Z12: =+[15]서부산!$R$85 -> 103265.78 | AA12: =+[16]서부산!$Q$85 -> 96774.728 | AB12: =+[15]서부산!$Q$89 -> 77845.325 | AC12: =+[15]서부산!$R$89 -> 81468.077 | AD12: =+[16]서부산!$Q$89 -> 77306.216 | AE12: =+Y12-AB12 -> 24765.912 | AF12: =+Z12-AC12 -> 21797.701 | AG12: =+AA12-AD12 -> 19468.513
B13: 김해 | G13: =+I13 -> 김해 | I13: 김해 | J13: =+IFERROR(HLOOKUP($B13,'[1]5월누계'!$D$6:$BN$259,2,),)/1000 -> 43 | K13: =+IFERROR(HLOOKUP($B13,'[2]5월누계'!$F$6:$CP$99,2,),)/1000 -> 28.9055 | L13: =+K13-J13 -> -14.0945 | M13: =+IFERROR(HLOOKUP($B13,'[3]5월누계'!$F$6:$CC$57,2,),)/1000 -> 42.403 | N13: =+K13-M13 -> -13.4975 | O13: =+IFERROR(HLOOKUP($B13,'[1]5월누계'!$D$6:$BN$259,3,),)/1000 -> 4283.0197 | P13: =+IFERROR(HLOOKUP($B13,'[2]5월누계'!$F$6:$CP$99,3,),)/1000 -> 2830.524 | Q13: =+P13-O13 -> -1452.4957 | R13: =+IFERROR(HLOOKUP($B13,'[3]5월누계'!$F$6:$CC$57,3,),)/1000 -> 3813.6947 | S13: =+P13-R13 -> -983.17075 | T13: =+IFERROR(HLOOKUP($B13,'[1]5월누계'!$D$6:$BN$259,16,),)/1000 -> 158.77152 | U13: =+IFERROR(HLOOKUP($B13,'[2]5월누계'!$F$6:$CP$99,16,),)/1000 -> -147.49573 | V13: =+U13-T13 -> -306.26725 | W13: =+IFERROR(HLOOKUP($B13,'[3]5월누계'!$F$6:$CC$57,16,),)/1000 -> -176.44743 | X13: =+U13-W13 -> 28.951698 | Y13: =+[15]김해!$Q$85 -> 99605.108 | Z13: =+[15]김해!$R$85 -> 97923.369 | AA13: =+[16]김해!$Q$85 -> 89944.965 | AB13: =+[15]김해!$Q$89 -> 78926.308 | AC13: =+[15]김해!$R$89 -> 78977.136 | AD13: =+[16]김해!$Q$89 -> 76862.834 | AE13: =+Y13-AB13 -> 20678.801 | AF13: =+Z13-AC13 -> 18946.233 | AG13: =+AA13-AD13 -> 13082.13
B14: 정관 | G14: =+I14 -> 정관 | I14: 정관 | J14: =+IFERROR(HLOOKUP($B14,'[1]5월누계'!$D$6:$BN$259,2,),)/1000 -> 102 | K14: =+IFERROR(HLOOKUP($B14,'[2]5월누계'!$F$6:$CP$99,2,),)/1000 -> 66.692 | L14: =+K14-J14 -> -35.308 | M14: =+IFERROR(HLOOKUP($B14,'[3]5월누계'!$F$6:$CC$57,2,),)/1000 -> 101.41 | N14: =+K14-M14 -> -34.718 | O14: =+IFERROR(HLOOKUP($B14,'[1]5월누계'!$D$6:$BN$259,3,),)/1000 -> 10591.017 | P14: =+IFERROR(HLOOKUP($B14,'[2]5월누계'!$F$6:$CP$99,3,),)/1000 -> 6990.2537 | Q14: =+P14-O14 -> -3600.7635 | R14: =+IFERROR(HLOOKUP($B14,'[3]5월누계'!$F$6:$CC$57,3,),)/1000 -> 10216.992 | S14: =+P14-R14 -> -3226.7381 | T14: =+IFERROR(HLOOKUP($B14,'[1]5월누계'!$D$6:$BN$259,16,),)/1000 -> 1023.5417 | U14: =+IFERROR(HLOOKUP($B14,'[2]5월누계'!$F$6:$CP$99,16,),)/1000 -> 208.45939 | V14: =+U14-T14 -> -815.08232 | W14: =+IFERROR(HLOOKUP($B14,'[3]5월누계'!$F$6:$CC$57,16,),)/1000 -> 848.94541 | X14: =+U14-W14 -> -640.48602 | Y14: =+[15]정관!$Q$85 -> 103833.5 | Z14: =+[15]정관!$R$85 -> 104813.98 | AA14: =+[16]정관!$Q$85 -> 100786.57 | AB14: =+[15]정관!$Q$89 -> 82749.307 | AC14: =+[15]정관!$R$89 -> 84613.649 | AD14: =+[16]정관!$Q$89 -> 82885.372 | AE14: =+Y14-AB14 -> 21084.195 | AF14: =+Z14-AC14 -> 20200.327 | AG14: =+AA14-AD14 -> 17901.195
B15: 양산 | G15: =+I15 -> 양산 | I15: 양산 | J15: =+IFERROR(HLOOKUP($B15,'[1]5월누계'!$D$6:$BN$259,2,),)/1000 -> 41 | K15: =+IFERROR(HLOOKUP($B15,'[2]5월누계'!$F$6:$CP$99,2,),)/1000 -> 24.391 | L15: =+K15-J15 -> -16.609 | M15: =+IFERROR(HLOOKUP($B15,'[3]5월누계'!$F$6:$CC$57,2,),)/1000 -> 38.653 | N15: =+K15-M15 -> -14.262 | O15: =+IFERROR(HLOOKUP($B15,'[1]5월누계'!$D$6:$BN$259,3,),)/1000 -> 4080.1296 | P15: =+IFERROR(HLOOKUP($B15,'[2]5월누계'!$F$6:$CP$99,3,),)/1000 -> 2465.1911 | Q15: =+P15-O15 -> -1614.9385 | R15: =+IFERROR(HLOOKUP($B15,'[3]5월누계'!$F$6:$CC$57,3,),)/1000 -> 3607.3421 | S15: =+P15-R15 -> -1142.151 | T15: =+IFERROR(HLOOKUP($B15,'[1]5월누계'!$D$6:$BN$259,16,),)/1000 -> 218.36063 | U15: =+IFERROR(HLOOKUP($B15,'[2]5월누계'!$F$6:$CP$99,16,),)/1000 -> -105.25103 | V15: =+U15-T15 -> -323.61167 | W15: =+IFERROR(HLOOKUP($B15,'[3]5월누계'!$F$6:$CC$57,16,),)/1000 -> 59.189078 | X15: =+U15-W15 -> -164.44011 | Y15: =+[15]양산!$Q$85 -> 99515.356 | Z15: =+[15]양산!$R$85 -> 101069.7 | AA15: =+[16]양산!$Q$85 -> 93326.317 | AB15: =+[15]양산!$Q$89 -> 76291.716 | AC15: =+[15]양산!$R$89 -> 78377.795 | AD15: =+[16]양산!$Q$89 -> 73002.242 | AE15: =+Y15-AB15 -> 23223.639 | AF15: =+Z15-AC15 -> 22691.907 | AG15: =+AA15-AD15 -> 20324.075
B16: 창원 | G16: =+I16 -> 창원 | I16: 창원 | J16: =+IFERROR(HLOOKUP($B16,'[1]5월누계'!$D$6:$BN$259,2,),)/1000 -> 56 | K16: =+IFERROR(HLOOKUP($B16,'[2]5월누계'!$F$6:$CP$99,2,),)/1000 -> 48.44 | L16: =+K16-J16 -> -7.56 | M16: =+IFERROR(HLOOKUP($B16,'[3]5월누계'!$F$6:$CC$57,2,),)/1000 -> 52.091 | N16: =+K16-M16 -> -3.651 | O16: =+IFERROR(HLOOKUP($B16,'[1]5월누계'!$D$6:$BN$259,3,),)/1000 -> 5473.2143 | P16: =+IFERROR(HLOOKUP($B16,'[2]5월누계'!$F$6:$CP$99,3,),)/1000 -> 4681.4633 | Q16: =+P16-O16 -> -791.75096 | R16: =+IFERROR(HLOOKUP($B16,'[3]5월누계'!$F$6:$CC$57,3,),)/1000 -> 5125.327 | S16: =+P16-R16 -> -443.86373 | T16: =+IFERROR(HLOOKUP($B16,'[1]5월누계'!$D$6:$BN$259,16,),)/1000 -> 237.39573 | U16: =+IFERROR(HLOOKUP($B16,'[2]5월누계'!$F$6:$CP$99,16,),)/1000 -> 147.23081 | V16: =+U16-T16 -> -90.164921 | W16: =+IFERROR(HLOOKUP($B16,'[3]5월누계'!$F$6:$CC$57,16,),)/1000 -> 356.99214 | X16: =+U16-W16 -> -209.76133 | Y16: =+[15]창원!$Q$85 -> 97735.969 | Z16: =+[15]창원!$R$85 -> 96644.577 | AA16: =+[16]창원!$Q$85 -> 98391.796 | AB16: =+[15]창원!$Q$89 -> 77605.608 | AC16: =+[15]창원!$R$89 -> 74550.901 | AD16: =+[16]창원!$Q$89 -> 74533.822 | AE16: =+Y16-AB16 -> 20130.361 | AF16: =+Z16-AC16 -> 22093.676 | AG16: =+AA16-AD16 -> 23857.974
B17: 대구 | G17: =+I17 -> 대구 | I17: 대구 | J17: =+IFERROR(HLOOKUP($B17,'[1]5월누계'!$D$6:$BN$259,2,),)/1000 -> 38 | K17: =+IFERROR(HLOOKUP($B17,'[2]5월누계'!$F$6:$CP$99,2,),)/1000 -> 20.7685 | L17: =+K17-J17 -> -17.2315 | M17: =+IFERROR(HLOOKUP($B17,'[3]5월누계'!$F$6:$CC$57,2,),)/1000 -> 50.32 | N17: =+K17-M17 -> -29.5515 | O17: =+IFERROR(HLOOKUP($B17,'[1]5월누계'!$D$6:$BN$259,3,),)/1000 -> 3453.3489 | P17: =+IFERROR(HLOOKUP($B17,'[2]5월누계'!$F$6:$CP$99,3,),)/1000 -> 1716.501 | Q17: =+P17-O17 -> -1736.8478 | R17: =+IFERROR(HLOOKUP($B17,'[3]5월누계'!$F$6:$CC$57,3,),)/1000 -> 4566.3285 | S17: =+P17-R17 -> -2849.8275 | T17: =+IFERROR(HLOOKUP($B17,'[1]5월누계'!$D$6:$BN$259,16,),)/1000 -> -34.80434 | U17: =+IFERROR(HLOOKUP($B17,'[2]5월누계'!$F$6:$CP$99,16,),)/1000 -> -440.33887 | V17: =+U17-T17 -> -405.53453 | W17: =+IFERROR(HLOOKUP($B17,'[3]5월누계'!$F$6:$CC$57,16,),)/1000 -> 39.110662 | X17: =+U17-W17 -> -479.44954 | Y17: =+[15]대구!$Q$85 -> 90877.602 | Z17: =+[15]대구!$R$85 -> 82649.254 | AA17: =+[16]대구!$Q$85 -> 90745.798 | AB17: =+[15]대구!$Q$89 -> 71580.77 | AC17: =+[15]대구!$R$89 -> 69846.979 | AD17: =+[16]대구!$Q$89 -> 74066.554 | AE17: =+Y17-AB17 -> 19296.832 | AF17: =+Z17-AC17 -> 12802.275 | AG17: =+AA17-AD17 -> 16679.244
B18: 울산 | G18: =+I18 -> 울산 | I18: 울산 | J18: =+IFERROR(HLOOKUP($B18,'[1]5월누계'!$D$6:$BN$259,2,),)/1000 -> 48 | K18: =+IFERROR(HLOOKUP($B18,'[2]5월누계'!$F$6:$CP$99,2,),)/1000 -> 56.662 | L18: =+K18-J18 -> 8.662 | M18: =+IFERROR(HLOOKUP($B18,'[3]5월누계'!$F$6:$CC$57,2,),)/1000 -> 56.236 | N18: =+K18-M18 -> 0.426 | O18: =+IFERROR(HLOOKUP($B18,'[1]5월누계'!$D$6:$BN$259,3,),)/1000 -> 4997.7496 | P18: =+IFERROR(HLOOKUP($B18,'[2]5월누계'!$F$6:$CP$99,3,),)/1000 -> 6006.4718 | Q18: =+P18-O18 -> 1008.7222 | R18: =+IFERROR(HLOOKUP($B18,'[3]5월누계'!$F$6:$CC$57,3,),)/1000 -> 5914.3217 | S18: =+P18-R18 -> 92.1501 | T18: =+IFERROR(HLOOKUP($B18,'[1]5월누계'!$D$6:$BN$259,16,),)/1000 -> 152.50539 | U18: =+IFERROR(HLOOKUP($B18,'[2]5월누계'!$F$6:$CP$99,16,),)/1000 -> 334.07673 | V18: =+U18-T18 -> 181.57134 | W18: =+IFERROR(HLOOKUP($B18,'[3]5월누계'!$F$6:$CC$57,16,),)/1000 -> 530.68058 | X18: =+U18-W18 -> -196.60385 | Y18: =+[15]울산!$Q$85 -> 104119.78 | Z18: =+[15]울산!$R$85 -> 106005.29 | AA18: =+[16]울산!$Q$85 -> 105169.67 | AB18: =+[15]울산!$Q$89 -> 84679.655 | AC18: =+[15]울산!$R$89 -> 86228.985 | AD18: =+[16]울산!$Q$89 -> 83117.168 | AE18: =+Y18-AB18 -> 19440.129 | AF18: =+Z18-AC18 -> 19776.306 | AG18: =+AA18-AD18 -> 22052.505
B19: 아산 | G19: =+I19 -> 아산 | I19: 아산 | J19: =+IFERROR(HLOOKUP($B19,'[1]5월누계'!$D$6:$BN$259,2,),)/1000 -> 87 | K19: =+IFERROR(HLOOKUP($B19,'[2]5월누계'!$F$6:$CP$99,2,),)/1000 -> 95.143 | L19: =+K19-J19 -> 8.143 | M19: =+IFERROR(HLOOKUP($B19,'[3]5월누계'!$F$6:$CC$57,2,),)/1000 -> 103.984 | N19: =+K19-M19 -> -8.841 | O19: =+IFERROR(HLOOKUP($B19,'[1]5월누계'!$D$6:$BN$259,3,),)/1000 -> 8553.7302 | P19: =+IFERROR(HLOOKUP($B19,'[2]5월누계'!$F$6:$CP$99,3,),)/1000 -> 9590.989 | Q19: =+P19-O19 -> 1037.2587 | R19: =+IFERROR(HLOOKUP($B19,'[3]5월누계'!$F$6:$CC$57,3,),)/1000 -> 10256.04 | S19: =+P19-R19 -> -665.05107 | T19: =+IFERROR(HLOOKUP($B19,'[1]5월누계'!$D$6:$BN$259,16,),)/1000 -> 402.96918 | U19: =+IFERROR(HLOOKUP($B19,'[2]5월누계'!$F$6:$CP$99,16,),)/1000 -> 320.02433 | V19: =+U19-T19 -> -82.944851 | W19: =+IFERROR(HLOOKUP($B19,'[3]5월누계'!$F$6:$CC$57,16,),)/1000 -> 494.22789 | X19: =+U19-W19 -> -174.20356 | Y19: =+[15]아산!$Q$85 -> 98318.738 | Z19: =+[15]아산!$R$85 -> 100806.04 | AA19: =+[16]아산!$Q$85 -> 98612.642 | AB19: =+[15]아산!$Q$89 -> 79213.431 | AC19: =+[15]아산!$R$89 -> 84093.027 | AD19: =+[16]아산!$Q$89 -> 82304.015 | AE19: =+Y19-AB19 -> 19105.307 | AF19: =+Z19-AC19 -> 16713.012 | AG19: =+AA19-AD19 -> 16308.627
B20: 전주 | G20: =+I20 -> 전주 | I20: 전주 | J20: =+IFERROR(HLOOKUP($B20,'[1]5월누계'!$D$6:$BN$259,2,),)/1000 -> 44 | K20: =+IFERROR(HLOOKUP($B20,'[2]5월누계'!$F$6:$CP$99,2,),)/1000 -> 52.5115 | L20: =+K20-J20 -> 8.5115 | M20: =+IFERROR(HLOOKUP($B20,'[3]5월누계'!$F$6:$CC$57,2,),)/1000 -> 73.9855 | N20: =+K20-M20 -> -21.474 | O20: =+IFERROR(HLOOKUP($B20,'[1]5월누계'!$D$6:$BN$259,3,),)/1000 -> 4493.4221 | P20: =+IFERROR(HLOOKUP($B20,'[2]5월누계'!$F$6:$CP$99,3,),)/1000 -> 5166.815 | Q20: =+P20-O20 -> 673.39294 | R20: =+IFERROR(HLOOKUP($B20,'[3]5월누계'!$F$6:$CC$57,3,),)/1000 -> 7180.4841 | S20: =+P20-R20 -> -2013.6691 | T20: =+IFERROR(HLOOKUP($B20,'[1]5월누계'!$D$6:$BN$259,16,),)/1000 -> 283.94778 | U20: =+IFERROR(HLOOKUP($B20,'[2]5월누계'!$F$6:$CP$99,16,),)/1000 -> 130.07042 | V20: =+U20-T20 -> -153.87736 | W20: =+IFERROR(HLOOKUP($B20,'[3]5월누계'!$F$6:$CC$57,16,),)/1000 -> 851.34751 | X20: =+U20-W20 -> -721.27709 | Y20: =+[15]전주!$Q$85 -> 102123.23 | Z20: =+[15]전주!$R$85 -> 98401.822 | AA20: =+[16]전주!$Q$85 -> 97053.955 | AB20: =+[15]전주!$Q$89 -> 77432.237 | AC20: =+[15]전주!$R$89 -> 80679.069 | AD20: =+[16]전주!$Q$89 -> 75113.771 | AE20: =+Y20-AB20 -> 24690.991 | AF20: =+Z20-AC20 -> 17722.753 | AG20: =+AA20-AD20 -> 21940.185
B21: 군산 | G21: =+I21 -> 군산 | I21: 군산 | J21: =+IFERROR(HLOOKUP($B21,'[1]5월누계'!$D$6:$BN$259,2,),)/1000 -> 19.5 | K21: =+IFERROR(HLOOKUP($B21,'[2]5월누계'!$F$6:$CP$99,2,),)/1000 -> 18.223 | L21: =+K21-J21 -> -1.277 | M21: =+IFERROR(HLOOKUP($B21,'[3]5월누계'!$F$6:$CC$57,2,),)/1000 -> 25.233 | N21: =+K21-M21 -> -7.01 | O21: =+IFERROR(HLOOKUP($B21,'[1]5월누계'!$D$6:$BN$259,3,),)/1000 -> 2190.4067 | P21: =+IFERROR(HLOOKUP($B21,'[2]5월누계'!$F$6:$CP$99,3,),)/1000 -> 2002.591 | Q21: =+P21-O21 -> -187.81565 | R21: =+IFERROR(HLOOKUP($B21,'[3]5월누계'!$F$6:$CC$57,3,),)/1000 -> 2732.9163 | S21: =+P21-R21 -> -730.32526 | T21: =+IFERROR(HLOOKUP($B21,'[1]5월누계'!$D$6:$BN$259,16,),)/1000 -> 305.61097 | U21: =+IFERROR(HLOOKUP($B21,'[2]5월누계'!$F$6:$CP$99,16,),)/1000 -> 213.43138 | V21: =+U21-T21 -> -92.179592 | W21: =+IFERROR(HLOOKUP($B21,'[3]5월누계'!$F$6:$CC$57,16,),)/1000 -> 504.23734 | X21: =+U21-W21 -> -290.80596 | Y21: =+[15]군산!$Q$85 -> 112328.55 | Z21: =+[15]군산!$R$85 -> 109895.9 | AA21: =+[16]군산!$Q$85 -> 108307.23 | AB21: =+[15]군산!$Q$89 -> 73971.951 | AC21: =+[15]군산!$R$89 -> 74600.508 | AD21: =+[16]군산!$Q$89 -> 71998.921 | AE21: =+Y21-AB21 -> 38356.597 | AF21: =+Z21-AC21 -> 35295.393 | AG21: =+AA21-AD21 -> 36308.307
B22: 원주 | G22: =+I22 -> 원주 | I22: 원주 | J22: =+IFERROR(HLOOKUP($B22,'[1]5월누계'!$D$6:$BN$259,2,),)/1000 -> 17.9998 | K22: =+IFERROR(HLOOKUP($B22,'[2]5월누계'!$F$6:$CP$99,2,),)/1000 -> 16.875 | L22: =+K22-J22 -> -1.1248 | M22: =+IFERROR(HLOOKUP($B22,'[3]5월누계'!$F$6:$CC$57,2,),)/1000 -> 10.1195 | N22: =+K22-M22 -> 6.7555 | O22: =+IFERROR(HLOOKUP($B22,'[1]5월누계'!$D$6:$BN$259,3,),)/1000 -> 2025.6076 | P22: =+IFERROR(HLOOKUP($B22,'[2]5월누계'!$F$6:$CP$99,3,),)/1000 -> 1998.5715 | Q22: =+P22-O22 -> -27.036167 | R22: =+IFERROR(HLOOKUP($B22,'[3]5월누계'!$F$6:$CC$57,3,),)/1000 -> 1090.9916 | S22: =+P22-R22 -> 907.57991 | T22: =+IFERROR(HLOOKUP($B22,'[1]5월누계'!$D$6:$BN$259,16,),)/1000 -> 251.57153 | U22: =+IFERROR(HLOOKUP($B22,'[2]5월누계'!$F$6:$CP$99,16,),)/1000 -> 312.66812 | V22: =+U22-T22 -> 61.096588 | W22: =+IFERROR(HLOOKUP($B22,'[3]5월누계'!$F$6:$CC$57,16,),)/1000 -> -85.33792 | X22: =+U22-W22 -> 398.00604 | Y22: =+[15]원주!$Q$85 -> 112535.01 | Z22: =+[15]원주!$R$85 -> 118431.66 | AA22: =+[16]원주!$Q$85 -> 107810.82 | AB22: =+[15]원주!$Q$89 -> 72289.131 | AC22: =+[15]원주!$R$89 -> 75207.289 | AD22: =+[16]원주!$Q$89 -> 73545.049 | AE22: =+Y22-AB22 -> 40245.876 | AF22: =+Z22-AC22 -> 43224.37 | AG22: =+AA22-AD22 -> 34265.767
B23: 제주 | F23: =+K27-J27 -> -90.9558 | G23: =+I23 -> 제주 | I23: 제주 | J23: =+IFERROR(HLOOKUP($B23,'[1]5월누계'!$D$6:$BN$259,2,),)/1000 -> 28 | K23: =+IFERROR(HLOOKUP($B23,'[2]5월누계'!$F$6:$CP$99,2,),)/1000 -> 20.232 | L23: =+K23-J23 -> -7.768 | M23: =+IFERROR(HLOOKUP($B23,'[3]5월누계'!$F$6:$CC$57,2,),)/1000 -> 29.8445 | N23: =+K23-M23 -> -9.6125 | O23: =+IFERROR(HLOOKUP($B23,'[1]5월누계'!$D$6:$BN$259,3,),)/1000 -> 3410.7064 | P23: =+IFERROR(HLOOKUP($B23,'[2]5월누계'!$F$6:$CP$99,3,),)/1000 -> 2594.4465 | Q23: =+P23-O23 -> -816.25992 | R23: =+IFERROR(HLOOKUP($B23,'[3]5월누계'!$F$6:$CC$57,3,),)/1000 -> 3635.7068 | S23: =+P23-R23 -> -1041.2603 | T23: =+IFERROR(HLOOKUP($B23,'[1]5월누계'!$D$6:$BN$259,16,),)/1000 -> 244.33061 | U23: =+IFERROR(HLOOKUP($B23,'[2]5월누계'!$F$6:$CP$99,16,),)/1000 -> 106.67891 | V23: =+U23-T23 -> -137.6517 | W23: =+IFERROR(HLOOKUP($B23,'[3]5월누계'!$F$6:$CC$57,16,),)/1000 -> 415.79217 | X23: =+U23-W23 -> -309.11326 | Y23: =+[15]제주!$Q$85 -> 121810.94 | Z23: =+[15]제주!$R$85 -> 128206.65 | AA23: =+[16]제주!$Q$85 -> 121414.6 | AB23: =+[15]제주!$Q$89 -> 94420.899 | AC23: =+[15]제주!$R$89 -> 98827.806 | AD23: =+[16]제주!$Q$89 -> 90681.271 | AE23: =+Y23-AB23 -> 27390.045 | AF23: =+Z23-AC23 -> 29378.848 | AG23: =+AA23-AD23 -> 30733.333
F24: =+K24/J24 -> 0.97066336 | G24: =+I24 -> 수도권 | I24: 수도권 | J24: =SUM(J7:J10) -> 453 | K24: =SUM(K7:K10) -> 439.7105 | L24: =+K24-J24 -> -13.2895 | M24: =SUM(M7:M10) -> 410.1585 | N24: =+K24-M24 -> 29.552 | O24: =SUM(O7:O10) -> 44808.659 | P24: =SUM(P7:P10) -> 44206.688 | Q24: =+P24-O24 -> -601.9707 | R24: =SUM(R7:R10) -> 39424.291 | S24: =+P24-R24 -> 4782.397 | T24: =SUM(T7:T10) -> 2491.8242 | U24: =SUM(U7:U10) -> 1471.9103 | V24: =+U24-T24 -> -1019.9138 | W24: =SUM(W7:W10) -> 1051.1383 | X24: =+U24-W24 -> 420.77206 | Y24: =+[15]수도권!$Q$85 -> 98915.361 | Z24: =+[15]수도권!$R$85 -> 100617.12 | AA24: =+[16]수도권!$Q$85 -> 96149.777 | AB24: =+[15]수도권!$Q$89 -> 81550.161 | AC24: =+[15]수도권!$R$89 -> 85247.699 | AD24: =+[16]수도권!$Q$89 -> 81368.339 | AE24: =+Y24-AB24 -> 17365.2 | AF24: =+Z24-AC24 -> 15369.423 | AG24: =+AA24-AD24 -> 14781.438
F25: =+K25/J25 -> 0.83723211 | G25: =+I25 -> 영남권 | I25: 영남권 | J25: =SUM(J11:J18) -> 517 | K25: =SUM(K11:K18) -> 432.849 | L25: =+K25-J25 -> -84.151 | M25: =SUM(M11:M18) -> 521.109 | N25: =+K25-M25 -> -88.26 | O25: =SUM(O11:O18) -> 52828.521 | P25: =SUM(P11:P18) -> 45357.743 | Q25: =+P25-O25 -> -7470.7778 | R25: =SUM(R11:R18) -> 51618.06 | S25: =+P25-R25 -> -6260.3173 | T25: =SUM(T11:T18) -> 3837.6125 | U25: =SUM(U11:U18) -> 1867.0564 | V25: =+U25-T25 -> -1970.5562 | W25: =SUM(W11:W18) -> 3146.5743 | X25: =+U25-W25 -> -1279.518 | Y25: =+[15]영남권!$Q$85 -> 102182.83 | Z25: =+[15]영남권!$R$85 -> 104788.38 | AA25: =+[16]영남권!$Q$85 -> 99082.683 | AB25: =+[15]영남권!$Q$89 -> 80255.832 | AC25: =+[15]영남권!$R$89 -> 83318.137 | AD25: =+[16]영남권!$Q$89 -> 79225.148 | AE25: =+Y25-AB25 -> 21926.993 | AF25: =+Z25-AC25 -> 21470.248 | AG25: =+AA25-AD25 -> 19857.534
F26: =+K26/J26 -> 1.0330011 | G26: =+I26 -> 중부권 | I26: 중부권 | J26: =SUM(J19:J23) -> 196.4998 | K26: =SUM(K19:K23) -> 202.9845 | L26: =+K26-J26 -> 6.4847 | M26: =SUM(M19:M23) -> 243.1665 | N26: =+K26-M26 -> -40.182 | O26: =SUM(O19:O23) -> 20673.873 | P26: =SUM(P19:P23) -> 21353.413 | Q26: =+P26-O26 -> 679.53995 | R26: =SUM(R19:R23) -> 24896.139 | S26: =+P26-R26 -> -3542.7258 | T26: =SUM(T19:T23) -> 1488.4301 | U26: =SUM(U19:U23) -> 1082.8732 | V26: =+U26-T26 -> -405.55692 | W26: =SUM(W19:W23) -> 2180.267 | X26: =+U26-W26 -> -1097.3938 | Y26: =+[15]중부권!$Q$85 -> 105210.66 | Z26: =+[15]중부권!$R$85 -> 105182.23 | AA26: =+[16]중부권!$Q$85 -> 102222.85 | AB26: =+[15]중부권!$Q$89 -> 79827.13 | AC26: =+[15]중부권!$R$89 -> 83077.222 | AD26: =+[16]중부권!$Q$89 -> 79650.46 | AE26: =+Y26-AB26 -> 25383.527 | AF26: =+Z26-AC26 -> 22105.011 | AG26: =+AA26-AD26 -> 22572.391
F27: =+K27/M27 -> 0.91579774 | G27: =+K27/J27 -> 0.92202673 | H27: 레미콘 계 | J27: =SUM(J24:J26) -> 1166.4998 | K27: =SUM(K24:K26) -> 1075.544 | L27: =+K27-J27 -> -90.9558 | M27: =SUM(M24:M26) -> 1174.434 | N27: =+K27-M27 -> -98.89 | O27: =SUM(O24:O26) -> 118311.05 | P27: =SUM(P24:P26) -> 110917.84 | Q27: =+P27-O27 -> -7393.2085 | R27: =SUM(R24:R26) -> 115938.49 | S27: =+P27-R27 -> -5020.646 | T27: =SUM(T24:T26) -> 7817.8668 | U27: =SUM(U24:U26) -> 4421.8399 | V27: =+U27-T27 -> -3396.0269 | W27: =SUM(W24:W26) -> 6377.9796 | X27: =+U27-W27 -> -1956.1397 | Y27: =+[15]합계!$Q$85 -> 101423.98 | Z27: =+[15]합계!$R$85 -> 103166.36 | AA27: =+[16]합계!$Q$85 -> 98710.299 | AB27: =+[15]합계!$Q$89 -> 80686.257 | AC27: =+[15]합계!$R$89 -> 84056.997 | AD27: =+[16]합계!$Q$89 -> 80055.456 | AE27: =+Y27-AB27 -> 20737.722 | AF27: =+Z27-AC27 -> 19109.366 | AG27: =+AA27-AD27 -> 18654.843 | AI27: =+AF27-AE27 -> -1628.356
B28: 건자재 | E28: 건자재영업 | G28: 건자재 | H28: 골재 | I28: 부산모래장 | J28: =+IFERROR(HLOOKUP($B29,'[1]5월누계'!$D$6:$BN$259,2,),)/1000 -> 106.29523 | K28: =+IFERROR(HLOOKUP($C29,'[2]5월누계'!$F$6:$CP$99,2,),)/1000 -> 92.061 | L28: =+K28-J28 -> -14.234229 | M28: =+IFERROR(HLOOKUP($C29,'[3]5월누계'!$F$6:$CC$57,2,),)/1000 -> 120.542 | N28: =+K28-M28 -> -28.481 | O28: =+IFERROR(HLOOKUP($B29,'[1]5월누계'!$D$6:$BN$259,3,),)/1000 -> 3014.2806 | P28: =+IFERROR(HLOOKUP($C29,'[2]5월누계'!$F$6:$CP$99,3,),)/1000 -> 2604.7555 | Q28: =+P28-O28 -> -409.52506 | R28: =+IFERROR(HLOOKUP($C29,'[3]5월누계'!$F$6:$CC$57,3,),)/1000 -> 3462.668 | S28: =+P28-R28 -> -857.9125 | T28: =+IFERROR(HLOOKUP($B29,'[1]5월누계'!$D$6:$BN$259,21,),)/1000 -> 76.624905 | U28: =+IFERROR(HLOOKUP($C29,'[2]5월누계'!$F$6:$CP$99,21,),)/1000 -> 47.802103 | V28: =+U28-T28 -> -28.822802 | W28: =+IFERROR(HLOOKUP($C29,'[3]5월누계'!$F$6:$CC$57,21,),)/1000 -> 77.929177 | X28: =+U28-W28 -> -30.127075
B29: 부산모래장 | C29: 부산골재 | G29: =+I28 -> 부산모래장 | I29: 서부산CR | J29: =+IFERROR(HLOOKUP($B30,'[1]5월누계'!$D$6:$BN$259,2,),)/1000 -> 222.45261 | K29: =+IFERROR(HLOOKUP($C30,'[2]5월누계'!$F$6:$CP$99,2,),)/1000 -> 145.772 | L29: =+K29-J29 -> -76.680613 | M29: =+IFERROR(HLOOKUP($C30,'[3]5월누계'!$F$6:$CC$57,2,),)/1000 -> 93.866 | N29: =+K29-M29 -> 51.906 | O29: =+IFERROR(HLOOKUP($B30,'[1]5월누계'!$D$6:$BN$259,3,),)/1000 -> 2883.4519 | P29: =+IFERROR(HLOOKUP($C30,'[2]5월누계'!$F$6:$CP$99,3,),)/1000 -> 2011.008 | Q29: =+P29-O29 -> -872.44392 | R29: =+IFERROR(HLOOKUP($C30,'[3]5월누계'!$F$6:$CC$57,3,),)/1000 -> 1333.518 | S29: =+P29-R29 -> 677.49 | T29: =+IFERROR(HLOOKUP($B30,'[1]5월누계'!$D$6:$BN$259,21,),)/1000 -> 299.87542 | U29: =+IFERROR(HLOOKUP($C30,'[2]5월누계'!$F$6:$CP$99,21,),)/1000 -> -82.308141 | V29: =+U29-T29 -> -382.18356 | W29: =+IFERROR(HLOOKUP($C30,'[3]5월누계'!$F$6:$CC$57,21,),)/1000 -> 184.45597 | X29: =+U29-W29 -> -266.76411
B30: 서부산크라샤 | C30: 서부산골재 | G30: =+I29 -> 서부산CR | I30: 부산CR | J30: =+IFERROR(HLOOKUP($B31,'[1]5월누계'!$D$6:$BN$259,2,),)/1000 -> 18.22124 | K30: =+IFERROR(HLOOKUP($C31,'[2]5월누계'!$F$6:$CP$99,2,),)/1000 -> 78.258 | L30: =+K30-J30 -> 60.03676 | M30: =+IFERROR(HLOOKUP($C31,'[3]5월누계'!$F$6:$CC$57,2,),)/1000 -> 90.706 | N30: =+K30-M30 -> -12.448 | O30: =+IFERROR(HLOOKUP($B31,'[1]5월누계'!$D$6:$BN$259,3,),)/1000 -> 367.70836 | P30: =+IFERROR(HLOOKUP($C31,'[2]5월누계'!$F$6:$CP$99,3,),)/1000 -> 1538.9658 | Q30: =+P30-O30 -> 1171.2574 | R30: =+IFERROR(HLOOKUP($C31,'[3]5월누계'!$F$6:$CC$57,3,),)/1000 -> 1698.255 | S30: =+P30-R30 -> -159.2892 | T30: =+IFERROR(HLOOKUP($B31,'[1]5월누계'!$D$6:$BN$259,21,),)/1000 -> -707.14526 | U30: =+IFERROR(HLOOKUP($C31,'[2]5월누계'!$F$6:$CP$99,21,),)/1000 -> -612.68688 | V30: =+U30-T30 -> 94.458386 | W30: =+IFERROR(HLOOKUP($C31,'[3]5월누계'!$F$6:$CC$57,21,),)/1000 -> -696.67248 | X30: =+U30-W30 -> 83.985599 | AJ30: =+(AC30-AC31)*AD36 -> 0
B31: 부산크라샤 | C31: 부산크라샤 | G31: =+I30 -> 부산CR | H31: 골재 계 | J31: =SUM(J28:J30) -> 346.96908 | K31: =SUM(K28:K30) -> 316.091 | L31: =+K31-J31 -> -30.878083 | M31: =SUM(M28:M30) -> 305.114 | N31: =+K31-M31 -> 10.977 | O31: =SUM(O28:O30) -> 6265.4408 | P31: =SUM(P28:P30) -> 6154.7293 | Q31: =+P31-O31 -> -110.71153 | R31: =SUM(R28:R30) -> 6494.441 | S31: =+P31-R31 -> -339.7117 | T31: =SUM(T28:T30) -> -330.64493 | U31: =SUM(U28:U30) -> -647.19291 | V31: =+U31-T31 -> -316.54798 | W31: =SUM(W28:W30) -> -434.28733 | X31: =+U31-W31 -> -212.90558 | AJ31: =+AD35*120*10 -> 0
H32: 기타 | I32: 레미콘임대 | L32: =+K32-J32 -> 0 | N32: =+K32-M32 -> 0 | O32: =(IFERROR(HLOOKUP($B33,'[1]5월누계'!$D$6:$BN$259,3,),)++IFERROR(HLOOKUP($C33,'[1]5월누계'!$D$6:$BN$259,3,),)+IFERROR(HLOOKUP($D33,'[1]5월누계'!$D$6:$BN$259,3,),))/1000 -> 200 | P32: =+IFERROR(HLOOKUP($E33,'[2]5월누계'!$F$6:$CP$99,3,),)/1000 -> 216.7 | Q32: =+P32-O32 -> 16.7 | R32: =+IFERROR(HLOOKUP($E33,'[3]5월누계'!$F$6:$CC$57,3,),)/1000 -> 334.2 | S32: =+P32-R32 -> -117.5 | T32: =(IFERROR(HLOOKUP($B33,'[1]5월누계'!$D$6:$BN$259,21,),)++IFERROR(HLOOKUP($C33,'[1]5월누계'!$D$6:$BN$259,21,),)+IFERROR(HLOOKUP($D33,'[1]5월누계'!$D$6:$BN$259,21,),))/1000 -> 142.62938 | U32: =+IFERROR(HLOOKUP($E33,'[2]5월누계'!$F$6:$CP$99,16,),)/1000 -> 112.52032 | V32: =+U32-T32 -> -30.10906 | W32: =+IFERROR(HLOOKUP($E33,'[3]5월누계'!$F$6:$CC$57,16,),)/1000 -> 237.60537 | X32: =+U32-W32 -> -125.08505
B33: 포항임대 | C33: 속초임대 | D33: 강릉임대 | E33: 레미콘임대 계 | G33: =+I32 -> 레미콘임대 | I33: 임대 | L33: =+K33-J33 -> 0 | M33: 0 | N33: =+K33-M33 -> 0 | O33: =(+IFERROR(HLOOKUP($B34,'[1]5월누계'!$D$6:$BN$259,3,),)+IFERROR(HLOOKUP($C34,'[1]5월누계'!$D$6:$BN$259,3,),))/1000 -> 395.78333 | P33: =+IFERROR(HLOOKUP($E34,'[2]5월누계'!$F$6:$CP$99,3,),)/1000 -> 238.43919 | Q33: =+P33-O33 -> -157.34414 | R33: =+IFERROR(HLOOKUP($E34,'[3]5월누계'!$F$6:$CC$57,3,),)/1000 -> 367.53159 | S33: =+P33-R33 -> -129.0924 | T33: =(+IFERROR(HLOOKUP($B34,'[1]5월누계'!$D$6:$BN$259,21,),)+IFERROR(HLOOKUP($C34,'[1]5월누계'!$D$6:$BN$259,21,),))/1000 -> 363.23479 | U33: =+IFERROR(HLOOKUP($E34,'[2]5월누계'!$F$6:$CP$99,16,),)/1000 -> 205.94149 | V33: =+U33-T33 -> -157.2933 | W33: =+IFERROR(HLOOKUP($E34,'[3]5월누계'!$F$6:$CC$57,16,),)/1000 -> 332.47374 | X33: =+U33-W33 -> -126.53225
B34: 부동산임대 | C34: 주유소임대 | E34: 임대 계 | G34: =+I33 -> 임대 | I34: 공통비 | L34: =+K34-J34 -> 0 | N34: =+K34-M34 -> 0 | Q34: =+P34-O34 -> 0 | S34: =+P34-R34 -> 0 | T34: =-'[1]5월누계'!$Z$22/1000 -> -7351.3144 | U34: =+-'[2]5월누계'!$Z$22/1000 -> -7468.5443 | V34: =+U34-T34 -> -117.22986 | W34: =+-'[3]5월누계'!$Z$22/1000 -> -7313.5357 | X34: =+U34-W34 -> -155.00852 | AF34: =+AM27 -> 0 | AJ34: =+AQ27 -> 0
B35: 공 통 비 | G35: =+I34 -> 공통비 | I35: OPC 소급분 | N35: =+K35-M35 -> 0 | Q35: =+P35-O35 -> 0 | S35: =+P35-R35 -> 0 | T35: =+'[1]5월누계'!$AT$26/1000 -> 360 | U35: ='[2]5월누계'!$BD$26/1000 -> 533.64835 | V35: =+U35-T35 -> 173.64835 | W35: ='[3]5월누계'!$BD$26/1000 -> 0 | X35: =+U35-W35 -> 533.64835
G36: =+I35 -> OPC 소급분 | I36: 대손 | N36: =+K36-M36 -> 0 | Q36: =+P36-O36 -> 0 | S36: =+P36-R36 -> 0 | U36: ='[2]5월누계'!$BE$26/1000 -> 184.44026 | V36: =+U36-T36 -> 184.44026 | W36: ='[3]5월누계'!$BE$26/1000 -> -522.39605 | X36: =+U36-W36 -> 706.83631
G37: =+I36 -> 대손 | I37: 미운영 공장 | M37: =SUM(M56:M61) -> 0 | N37: =+K37-M37 -> 0 | Q37: =+P37-O37 -> 0 | R37: =+IFERROR(HLOOKUP($I$37,'[3]5월누계'!$F$6:$BJ$50,3,),)/1000 -> 0 | S37: =+P37-R37 -> 0 | T37: =SUM('[1]5월누계'!$AM$26:$AQ$26)/1000 -> -63.443628 | U37: =+'[2]5월누계'!$BF$26/1000 -> -133.47865 | V37: =+U37-T37 -> -70.035027 | W37: =+'[3]5월누계'!$BF$26/1000 -> -140.84307 | X37: =+U37-W37 -> 7.364419
G38: =+I37 -> 미운영 공장 | I38: 퇴직위로금 | U38: =+'[2]5월누계'!$BG$26/1000 -> 0 | V38: =+U38-T38 -> 0 | X38: =+U38-W38 -> 0
B39: 기타 계 | G39: =+I38 -> 퇴직위로금 | I39: 기타 | L39: =+K39-J39 -> 0 | N39: =+K39-M39 -> 0 | O39: =IFERROR(HLOOKUP($B39,'[1]5월누계'!$D$6:$BN$259,3,),)/1000 -> 8.85 | P39: =+('[2]5월누계'!$F$8-SUM('[2]5월누계'!$Z$8,'[2]5월누계'!$AH$8,'[2]5월누계'!$AN$8,'[2]5월누계'!$AO$8,'[2]5월누계'!$BA$8,'[2]5월누계'!$BD$8,'[2]5월누계'!$BE$8,'[2]5월누계'!$BF$8))/1000 -> 8.1249 | Q39: =+P39-O39 -> -0.7251 | R39: =+('[3]5월누계'!$F$8-SUM('[3]5월누계'!$Z$8,'[3]5월누계'!$AH$8,'[3]5월누계'!$AN$8,'[3]5월누계'!$AO$8,'[3]5월누계'!$BA$8,'[3]5월누계'!$BD$8,'[3]5월누계'!$BE$8,'[3]5월누계'!$BF$8))/1000 -> 8.38005 | S39: =+P39-R39 -> -0.25515 | T39: =+('[1]5월누계'!$E$26-'[1]5월누계'!$Z$26-'[1]5월누계'!$AA$26-'[1]5월누계'!$AE$26-'[1]5월누계'!$AL$26-'[1]5월누계'!$AM$26-'[1]5월누계'!$AN$26-'[1]5월누계'!$AO$26-'[1]5월누계'!$AP$26-'[1]5월누계'!$AQ$26-'[1]5월누계'!$AS$26+'[1]5월누계'!$AS$26)/1000-T35 -> -352.1417 | U39: =+('[2]5월누계'!$F$26-SUM('[2]5월누계'!$Z$26,'[2]5월누계'!$AH$26,'[2]5월누계'!$AN$26,'[2]5월누계'!$AO$26,'[2]5월누계'!$BA$26,'[2]5월누계'!$BD$26,'[2]5월누계'!$BE$26,'[2]5월누계'!$BF$26))/1000-U38 -> -103.77633 | V39: =+U39-T39 -> 248.36537 | W39: =+('[3]5월누계'!$F$26-SUM('[3]5월누계'!$Z$26,'[3]5월누계'!$AH$26,'[3]5월누계'!$AN$26,'[3]5월누계'!$AO$26,'[3]5월누계'!$BA$26,'[3]5월누계'!$BD$26,'[3]5월누계'!$BE$26,'[3]5월누계'!$BF$26))/1000 -> -833.38929 | X39: =+U39-W39 -> 729.61297 | AJ39: =-[4]합계!$H$6 -> -317.52893
G40: =+I39 -> 기타 | H40: 기타 계 | J40: =SUM(J32:J39) -> 0 | K40: =SUM(K32:K39) -> 0 | L40: =+K40-J40 -> 0 | M40: =SUM(M32:M39) -> 0 | N40: =+K40-M40 -> 0 | O40: =SUM(O32:O39) -> 604.63333 | P40: =SUM(P32:P39) -> 463.26409 | Q40: =+P40-O40 -> -141.36924 | R40: =SUM(R32:R39) -> 710.11164 | S40: =+P40-R40 -> -246.84755 | T40: =SUM(T32:T39) -> -6901.0356 | U40: =SUM(U32:U39) -> -6669.2488 | V40: =+U40-T40 -> 231.78674 | W40: =SUM(W32:W39) -> -8240.085 | X40: =+U40-W40 -> 1570.8362
H41: 합계 | O41: =+O27+O31+O40 -> 125181.13 | P41: =+P27+P31+P40 -> 117535.84 | Q41: =+P41-O41 -> -7645.2893 | R41: =+R27+R31+R40 -> 123143.04 | S41: =+P41-R41 -> -5607.2053 | T41: =+T27+T31+T40 -> 586.1863 | U41: =+U27+U31+U40 -> -2894.6019 | V41: =+U41-T41 -> -3480.7882 | W41: =+W27+W31+W40 -> -2296.3928 | X41: =+U41-W41 -> -598.2091 | AJ41: =[4]합계!$U$15-AJ39-AJ40 -> 1369.9606
G42: =+P41/O41 -> 0.93892618
H43: 건자재 | J43: =+IFERROR(HLOOKUP($B28,'[1]5월누계'!$D$6:$BN$259,2,),) -> 41000 | K43: =+IFERROR(HLOOKUP($E28,'[2]5월누계'!$F$6:$CP$99,2,),) -> 21045.185 | L43: =+K43-J43 -> -19954.815 | M43: =+IFERROR(HLOOKUP($E28,'[3]5월누계'!$F$6:$CC$57,2,),) -> 55602.746 | N43: =+K43-M43 -> -34557.561 | O43: =+IFERROR(HLOOKUP($B28,'[1]5월누계'!$D$6:$BN$259,3,),)/1000 -> 40039.457 | P43: =+IFERROR(HLOOKUP($E28,'[2]5월누계'!$F$6:$CP$99,3,),)/1000 -> 22521.33 | Q43: =+P43-O43 -> -17518.128 | R43: =+IFERROR(HLOOKUP($E28,'[3]5월누계'!$F$6:$CC$57,3,),)/1000 -> 48464.953 | S43: =+P43-R43 -> -25943.624 | T43: =+IFERROR(HLOOKUP($B28,'[1]5월누계'!$D$6:$BN$259,21,),)/1000 -> -39.796673 | U43: =+IFERROR(HLOOKUP($E28,'[2]5월누계'!$F$6:$CP$99,21,),)/1000 -> -381.18587 | V43: =+U43-T43 -> -341.3892 | W43: =+IFERROR(HLOOKUP($E28,'[3]5월누계'!$F$6:$CC$57,16,),)/1000 -> -60.3202 | X43: =+U43-W43 -> -320.86567
H44: 합계 | O44: =+O41+O43 -> 165220.58 | P44: =+P41+P43 -> 140057.17 | Q44: =+P44-O44 -> -25163.417 | R44: =+R41+R43 -> 171608 | S44: =+P44-R44 -> -31550.829 | T44: =+T41+T43 -> 546.38963 | U44: =+U41+U43 -> -3275.7877 | V44: =+U44-T44 -> -3822.1774 | W44: =+W41+W43 -> -2356.713 | X44: =+U44-W44 -> -919.07477
F48: =+K43/M43 -> 0.37849183 | G48: =+K43/J43 -> 0.5132972 | I48: 확인 | J48: =+'[1]5월누계'!$Z$7/1000 -> 1166.4998 | K48: =+'[2]5월누계'!$AI$7/1000 -> 1075.544 | M48: =+'[3]5월누계'!$Z$7/1000 -> 1174.434 | O48: =+'[1]5월누계'!$E$8/1000 -> 165220.58 | P48: =+'[2]5월누계'!$F$8/1000 -> 140057.17 | R48: =+'[3]5월누계'!$F$8/1000 -> 171608 | T48: =+'[1]5월누계'!$E$26/1000 -> 546.38963 | U48: =+'[2]5월누계'!$F$26/1000 -> -3275.7877 | W48: =+'[3]5월누계'!$F$26/1000 -> -2356.713
F49: =+K31/M31 -> 1.0359767 | G49: =+K31/J31 -> 0.91100624 | J49: =+J48-J27 -> 0 | K49: =+K48-K27 -> 0 | M49: =+M48-M27 -> 0 | O49: =+O48-O44 -> 0 | P49: =+P48-P44 -> 0 | R49: =+R48-R44 -> 0 | T49: =+T48-T44 -> -1.1482371e-11 | U49: =+U48-U44 -> 0 | W49: =+W48-W44 -> 0
O51: =+O41-O43 -> 85141.669 | P51: =+P41-P43 -> 95014.507 | Q51: =+P51-O51 -> 9872.8383
O52: =+O51/100 -> 851.41669 | P52: =+P51/100 -> 950.14507 | Q52: =+P52-O52 -> 98.728383 | S52: 레미콘 | T52: =(+T27+T34)/100 -> 4.665524 | U52: =(+U27+U34)/100 -> -30.467044 | V52: =+U52-T52 -> -35.132568 | W52: =+U52/T52-1 -> -7.5302513
Q53: =+P52/O52 -> 1.1159578 | S53: 골재 | T53: =+T31/100 -> -3.3064493 | U53: =+U31/100 -> -6.4719291 | V53: =+U53-T53 -> -3.1654798
S54: 임대 | T54: =(T32+T33)/100 -> 5.0586417 | U54: =(U32+U33)/100 -> 3.1846181 | V54: =+U54-T54 -> -1.8740236
S55: 기타 | T55: =((T48-T43)/100)-T52-T53-T54 -> -0.5558533 | U55: =((U48-U43)/100)-U52-U53-U54 -> 4.8083362 | V55: =+U55-T55 -> 5.3641895
T56: =SUM(T54:T55) -> 4.5027884 | U56: =SUM(U54:U55) -> 7.9929544 | V56: =SUM(V54:V55) -> 3.490166
T57: =SUM(T52:T55) -> 5.861863 | U57: =SUM(U52:U55) -> -28.946019 | V57: =+U57-T57 -> -34.807882
S60: 임대 | T60: =+(T32+T33)/100 -> 5.0586417 | U60: =+(U32+U33)/100 -> 3.1846181 | V60: =+U60-T60 -> -1.8740236
S61: =+I35 -> OPC 소급분 | T61: =+T35/100 -> 3.6 | U61: =+U35/100 -> 5.3364835 | V61: =+U61-T61 -> 1.7364835
S62: =+I36 -> 대손 | T62: =+T36/100 -> 0 | U62: =+U36/100 -> 1.8444026 | V62: =+U62-T62 -> 1.8444026
S63: =+I37 -> 미운영 공장 | T63: =+T37/100 -> -0.63443628 | U63: =+U37/100 -> -1.3347865 | V63: =+U63-T63 -> -0.70035027
S64: =+I39 -> 기타 | T64: =+T39/100 -> -3.521417 | U64: =+U39/100 -> -1.0377633 | V64: =+U64-T64 -> 2.4836537
T65: =SUM(T60:T64) -> 4.5027884 | U65: =SUM(U60:U64) -> 7.9929544 | V65: =SUM(V60:V64) -> 3.490166
T68: =SUM(T32:T33,T35,T37:T39) -> 450.27884 | U68: =SUM(U32:U33,U35,U37:U39) -> 614.85518 | V68: =+U68-T68 -> 164.57634
T70: =+T41-T43 -> 625.98298 | U70: =+U41-U43 -> -2513.416
T71: =+T70/100 -> 6.2598298 | U71: =+U70/100 -> -25.13416 | V71: =+U71-T71 -> -31.39399

Sheet 영업이익
D4: □ 레미콘 영업이익 차이분석(2026-05)
W5: [단위 : 백만원, 천㎥]
D6: 구분 | E6: 영업이익(공통비 미배부) | H6: 물량 차이 | L6: 판매단가 차이 | P6: 제조원가 차이 | T6: 판관비 등 차이
E7: 계획 | F7: 실적 | G7: 차이 | H7: 계획 | I7: 실적 | J7: 차이 | K7: 손익 | L7: 계획 | M7: 실적 | N7: 차이 | O7: 손익 | P7: 계획 | Q7: 실적 | R7: 차이 | S7: 손익 | T7: 계획 | U7: 실적 | V7: 차이 | W7: 손익
D8: 합계 | E8: =+[4]합계!$H$86/1000 -> 2860.7167 | F8: =+[4]합계!$I$86/1000 -> 1350.2923 | G8: =+F8-E8 -> -1510.4244 | H8: =+[4]합계!$T$5/1000 -> 270 | I8: =+[4]합계!$U$5/1000 -> 218.1895 | J8: =+I8-H8 -> -51.8105 | K8: =+[4]합계!$M$86/1000 -> -756.04374 | L8: =+[4]합계!$Q$85 -> 101432.31 | M8: =+[4]합계!$R$85 -> 102620.92 | N8: =+M8-L8 -> 1188.6098 | O8: =+[4]합계!$K$86/1000 -> 258.28075 | P8: =+[4]합계!$Q$50 -> 87030.948 | Q8: =+[4]합계!$R$50 -> 91539.918 | R8: =+Q8-P8 -> 4508.9702 | S8: =+[4]합계!$L$56/1000 -> -875.9591 | T8: =+([4]합계!$H$80+[4]합계!$H$85)/1000 -> 1027.6503 | U8: =+([4]합계!$I$80+[4]합계!$I$85)/1000 -> 1164.3526 | V8: =+U8-T8 -> 136.70231 | W8: =+([4]합계!$L$80+[4]합계!$L$85)/1000 -> -136.70231 | Y8: =+G8-K8-O8-S8-W8 -> -3.5527137e-12 | Z8: =+Y8*1000000 -> -3.5527137e-06
D9: 수도권 | E9: =+[4]수도권!$H$86/1000 -> 934.03166 | F9: =+[4]수도권!$I$86/1000 -> 602.59639 | G9: =+F9-E9 -> -331.43528 | H9: =+[4]수도권!$T$5/1000 -> 105 | I9: =+[4]수도권!$U$5/1000 -> 92.18 | J9: =+I9-H9 -> -12.82 | K9: =+[4]수도권!$M$86/1000 -> -162.72132 | L9: =+[4]수도권!$Q$85 -> 98482.527 | M9: =+[4]수도권!$R$85 -> 100715.68 | N9: =+M9-L9 -> 2233.1483 | O9: =+[4]수도권!$K$86/1000 -> 203.85741 | P9: =+[4]수도권!$Q$50 -> 86400.588 | Q9: =+[4]수도권!$R$50 -> 90508.964 | R9: =+Q9-P9 -> 4108.3753 | S9: =+[4]수도권!$L$56/1000 -> -375.16005 | T9: =+([4]수도권!$H$80+[4]수도권!$H$85)/1000 -> 334.57186 | U9: =+([4]수도권!$I$80+[4]수도권!$I$85)/1000 -> 331.98317 | V9: =+U9-T9 -> -2.5886845 | W9: =+([4]수도권!$L$80+[4]수도권!$L$85)/1000 -> 2.5886845 | Y9: =+G9-K9-O9-S9-W9 -> 1.4153123e-12 | Z9: =+Y9*1000000 -> 1.4153123e-06
D10: 영남권 | E10: =+[4]영남권!$H$86/1000 -> 1333.4596 | F10: =+[4]영남권!$I$86/1000 -> 365.61657 | G10: =+F10-E10 -> -967.84302 | H10: =+[4]영남권!$T$5/1000 -> 117 | I10: =+[4]영남권!$U$5/1000 -> 83.368 | J10: =+I10-H10 -> -33.632 | K10: =+[4]영남권!$M$86/1000 -> -523.21458 | L10: =+[4]영남권!$Q$85 -> 102761.14 | M10: =+[4]영남권!$R$85 -> 102825.49 | N10: =+M10-L10 -> 64.35209 | O10: =+[4]영남권!$K$86/1000 -> 5.364905 | P10: =+[4]영남권!$Q$50 -> 87204.095 | Q10: =+[4]영남권!$R$50 -> 92217.736 | R10: =+Q10-P10 -> 5013.6408 | S10: =+[4]영남권!$L$56/1000 -> -314.06937 | T10: =+([4]영남권!$H$80+[4]영남권!$H$85)/1000 -> 486.71483 | U10: =+([4]영남권!$I$80+[4]영남권!$I$85)/1000 -> 622.63881 | V10: =+U10-T10 -> 135.92398 | W10: =+([4]영남권!$L$80+[4]영남권!$L$85)/1000 -> -135.92398 | Y10: =+G10-K10-O10-S10-W10 -> -1.1652901e-12 | Z10: =+Y10*1000000 -> -1.1652901e-06
D11: 기타권 | E11: =+[4]중부권!$H$86/1000 -> 593.22546 | F11: =+[4]중부권!$I$86/1000 -> 382.07936 | G11: =+F11-E11 -> -211.1461 | H11: =+[4]중부권!$T$5/1000 -> 48 | I11: =+[4]중부권!$U$5/1000 -> 42.6415 | J11: =+I11-H11 -> -5.3585 | K11: =+[4]중부권!$M$86/1000 -> -89.262461 | L11: =+[4]중부권!$Q$85 -> 104645.92 | M11: =+[4]중부권!$R$85 -> 106299.7 | N11: =+M11-L11 -> 1653.7784 | O11: =+[4]중부권!$K$86/1000 -> 70.519593 | P11: =+[4]중부권!$Q$50 -> 87987.813 | Q11: =+[4]중부권!$R$50 -> 92419.931 | R11: =+Q11-P11 -> 4432.1185 | S11: =+[4]중부권!$L$56/1000 -> -189.03621 | T11: =+([4]중부권!$H$80+[4]중부권!$H$85)/1000 -> 206.36363 | U11: =+([4]중부권!$I$80+[4]중부권!$I$85)/1000 -> 209.73065 | V11: =+U11-T11 -> 3.3670136 | W11: =+([4]중부권!$L$80+[4]중부권!$L$85)/1000 -> -3.3670136 | Y11: =+G11-K11-O11-S11-W11 -> 2.1316282e-14 | Z11: =+Y11*1000000 -> 2.1316282e-08
D12: 안양 | E12: =+[4]안양!$H$86/1000 -> 434.05383 | F12: =+[4]안양!$I$86/1000 -> 439.64523 | G12: =+F12-E12 -> 5.591403 | H12: =+[4]안양!$T$5/1000 -> 37 | I12: =+[4]안양!$U$5/1000 -> 34.368 | J12: =+I12-H12 -> -2.632 | K12: =+[4]안양!$M$86/1000 -> -40.136717 | L12: =+[4]안양!$Q$85 -> 98200.591 | M12: =+[4]안양!$R$85 -> 102248.21 | N12: =+M12-L12 -> 4047.6223 | O12: =+[4]안양!$K$86/1000 -> 138.20202 | P12: =+[4]안양!$Q$50 -> 83783.533 | Q12: =+[4]안양!$R$50 -> 86399.479 | R12: =+Q12-P12 -> 2615.9458 | S12: =+[4]안양!$L$56/1000 -> -89.341809 | T12: =+([4]안양!$H$80+[4]안양!$H$85)/1000 -> 99.377307 | U12: =+([4]안양!$I$80+[4]안양!$I$85)/1000 -> 102.50939 | V12: =+U12-T12 -> 3.132088 | W12: =+([4]안양!$L$80+[4]안양!$L$85)/1000 -> -3.132088 | Y12: =+G12-K12-O12-S12-W12 -> -3.3795189e-13 | Z12: =+Y12*1000000 -> -3.3795189e-07
D13: 인천 | E13: =+[4]인천!$H$86/1000 -> 296.46875 | F13: =+[4]인천!$I$86/1000 -> 49.957465 | G13: =+F13-E13 -> -246.51129 | H13: =+[4]인천!$T$5/1000 -> 35 | I13: =+[4]인천!$U$5/1000 -> 29.096 | J13: =+I13-H13 -> -5.904 | K13: =+[4]인천!$M$86/1000 -> -70.372003 | L13: =+[4]인천!$Q$85 -> 99846.061 | M13: =+[4]인천!$R$85 -> 99946.751 | N13: =+M13-L13 -> 100.68998 | O13: =+[4]인천!$K$86/1000 -> 2.8918162 | P13: =+[4]인천!$Q$50 -> 88443.592 | Q13: =+[4]인천!$R$50 -> 94576.952 | R13: =+Q13-P13 -> 6133.3605 | S13: =+[4]인천!$L$56/1000 -> -176.19593 | T13: =+([4]인천!$H$80+[4]인천!$H$85)/1000 -> 102.61766 | U13: =+([4]인천!$I$80+[4]인천!$I$85)/1000 -> 105.45283 | V13: =+U13-T13 -> 2.8351642 | W13: =+([4]인천!$L$80+[4]인천!$L$85)/1000 -> -2.8351642 | Y13: =+G13-K13-O13-S13-W13 -> 4.405365e-13 | Z13: =+Y13*1000000 -> 4.405365e-07
D14: 파주 | E14: =+[4]파주!$H$86/1000 -> 101.7489 | F14: =+[4]파주!$I$86/1000 -> 48.322042 | G14: =+F14-E14 -> -53.426855 | H14: =+[4]파주!$T$5/1000 -> 18 | I14: =+[4]파주!$U$5/1000 -> 13.3945 | J14: =+I14-H14 -> -4.6055 | K14: =+[4]파주!$M$86/1000 -> -45.533865 | L14: =+[4]파주!$Q$85 -> 98575.798 | M14: =+[4]파주!$R$85 -> 102535.03 | N14: =+M14-L14 -> 3959.2278 | O14: =+[4]파주!$K$86/1000 -> 53.031876 | P14: =+[4]파주!$Q$50 -> 88688.953 | Q14: =+[4]파주!$R$50 -> 93857.093 | R14: =+Q14-P14 -> 5168.1401 | S14: =+[4]파주!$L$56/1000 -> -69.280874 | T14: =+([4]파주!$H$80+[4]파주!$H$85)/1000 -> 76.214315 | U14: =+([4]파주!$I$80+[4]파주!$I$85)/1000 -> 67.858307 | V14: =+U14-T14 -> -8.3560077 | W14: =+([4]파주!$L$80+[4]파주!$L$85)/1000 -> 8.3560077 | Y14: =+G14-K14-O14-S14-W14 -> -1.7763568e-13 | Z14: =+Y14*1000000 -> -1.7763568e-07
D15: 김포 | E15: =+[4]김포!$H$86/1000 -> 101.76019 | F15: =+[4]김포!$I$86/1000 -> 64.671647 | G15: =+F15-E15 -> -37.088538 | H15: =+[4]김포!$T$5/1000 -> 15 | I15: =+[4]김포!$U$5/1000 -> 15.3215 | J15: =+I15-H15 -> 0.3215 | K15: =+[4]김포!$M$86/1000 -> 0.98483324 | L15: =+[4]김포!$Q$85 -> 95884.463 | M15: =+[4]김포!$R$85 -> 97081.727 | N15: =+M15-L15 -> 1197.2644 | O15: =+[4]김포!$K$86/1000 -> 17.993088 | P15: =+[4]김포!$Q$50 -> 85342.946 | Q15: =+[4]김포!$R$50 -> 89086.926 | R15: =+Q15-P15 -> 3743.9797 | S15: =+[4]김포!$L$56/1000 -> -56.266389 | T15: =+([4]김포!$H$80+[4]김포!$H$85)/1000 -> 56.362571 | U15: =+([4]김포!$I$80+[4]김포!$I$85)/1000 -> 56.162642 | V15: =+U15-T15 -> -0.19992903 | W15: =+([4]김포!$L$80+[4]김포!$L$85)/1000 -> 0.19992903 | Y15: =+G15-K15-O15-S15-W15 -> -8.4349194e-14 | Z15: =+Y15*1000000 -> -8.4349194e-08
D16: 부산 | E16: =+[4]부산!$H$86/1000 -> 211.20211 | F16: =+[4]부산!$I$86/1000 -> 92.754418 | G16: =+F16-E16 -> -118.44769 | H16: =+[4]부산!$T$5/1000 -> 20 | I16: =+[4]부산!$U$5/1000 -> 13.162 | J16: =+I16-H16 -> -6.838 | K16: =+[4]부산!$M$86/1000 -> -108.36954 | L16: =+[4]부산!$Q$85 -> 107265.61 | M16: =+[4]부산!$R$85 -> 115681.59 | N16: =+M16-L16 -> 8415.9847 | O16: =+[4]부산!$K$86/1000 -> 110.77119 | P16: =+[4]부산!$Q$50 -> 91417.472 | Q16: =+[4]부산!$R$50 -> 100549.88 | R16: =+Q16-P16 -> 9132.4119 | S16: =+[4]부산!$L$56/1000 -> -77.542364 | T16: =+([4]부산!$H$80+[4]부산!$H$85)/1000 -> 105.76057 | U16: =+([4]부산!$I$80+[4]부산!$I$85)/1000 -> 149.06755 | V16: =+U16-T16 -> 43.306978 | W16: =+([4]부산!$L$80+[4]부산!$L$85)/1000 -> -43.306978 | Y16: =+G16-K16-O16-S16-W16 -> 0 | Z16: =+Y16*1000000 -> 0
D17: 서부산 | E17: =+[4]서부산!$H$86/1000 -> 317.8487 | F17: =+[4]서부산!$I$86/1000 -> 220.01484 | G17: =+F17-E17 -> -97.833859 | H17: =+[4]서부산!$T$5/1000 -> 20 | I17: =+[4]서부산!$U$5/1000 -> 19.707 | J17: =+I17-H17 -> -0.293 | K17: =+[4]서부산!$M$86/1000 -> -5.8480266 | L17: =+[4]서부산!$Q$85 -> 104021 | M17: =+[4]서부산!$R$85 -> 103692.33 | N17: =+M17-L17 -> -328.66709 | O17: =+[4]서부산!$K$86/1000 -> -6.4770424 | P17: =+[4]서부산!$Q$50 -> 84061.864 | Q17: =+[4]서부산!$R$50 -> 87838.375 | R17: =+Q17-P17 -> 3776.5114 | S17: =+[4]서부산!$L$56/1000 -> -37.849732 | T17: =+([4]서부산!$H$80+[4]서부산!$H$85)/1000 -> 81.334007 | U17: =+([4]서부산!$I$80+[4]서부산!$I$85)/1000 -> 128.99307 | V17: =+U17-T17 -> 47.659058 | W17: =+([4]서부산!$L$80+[4]서부산!$L$85)/1000 -> -47.659058 | Y17: =+G17-K17-O17-S17-W17 -> 1.563194e-13 | Z17: =+Y17*1000000 -> 1.563194e-07
D18: 김해 | E18: =+[4]김해!$H$86/1000 -> 84.549448 | F18: =+[4]김해!$I$86/1000 -> -21.796408 | G18: =+F18-E18 -> -106.34586 | H18: =+[4]김해!$T$5/1000 -> 10 | I18: =+[4]김해!$U$5/1000 -> 5.473 | J18: =+I18-H18 -> -4.527 | K18: =+[4]김해!$M$86/1000 -> -58.279731 | L18: =+[4]김해!$Q$85 -> 101293.38 | M18: =+[4]김해!$R$85 -> 97145.661 | N18: =+M18-L18 -> -4147.7204 | O18: =+[4]김해!$K$86/1000 -> -22.700474 | P18: =+[4]김해!$Q$50 -> 88419.572 | Q18: =+[4]김해!$R$50 -> 92829.214 | R18: =+Q18-P18 -> 4409.6414 | S18: =+[4]김해!$L$56/1000 -> -21.700747 | T18: =+([4]김해!$H$80+[4]김해!$H$85)/1000 -> 44.188637 | U18: =+([4]김해!$I$80+[4]김해!$I$85)/1000 -> 47.853542 | V18: =+U18-T18 -> 3.6649052 | W18: =+([4]김해!$L$80+[4]김해!$L$85)/1000 -> -3.6649052 | Y18: =+G18-K18-O18-S18-W18 -> -4.5741189e-14 | Z18: =+Y18*1000000 -> -4.5741189e-08
D19: 정관 | E19: =+[4]정관!$H$86/1000 -> 323.96239 | F19: =+[4]정관!$I$86/1000 -> 92.285135 | G19: =+F19-E19 -> -231.67725 | H19: =+[4]정관!$T$5/1000 -> 22 | I19: =+[4]정관!$U$5/1000 -> 14.883 | J19: =+I19-H19 -> -7.117 | K19: =+[4]정관!$M$86/1000 -> -126.88336 | L19: =+[4]정관!$Q$85 -> 106108.08 | M19: =+[4]정관!$R$85 -> 104523.64 | N19: =+M19-L19 -> -1584.4479 | O19: =+[4]정관!$K$86/1000 -> -23.581338 | P19: =+[4]정관!$Q$50 -> 88279.875 | Q19: =+[4]정관!$R$50 -> 93452.965 | R19: =+Q19-P19 -> 5173.0894 | S19: =+[4]정관!$L$56/1000 -> -63.847356 | T19: =+([4]정관!$H$80+[4]정관!$H$85)/1000 -> 68.258211 | U19: =+([4]정관!$I$80+[4]정관!$I$85)/1000 -> 85.623405 | V19: =+U19-T19 -> 17.365194 | W19: =+([4]정관!$L$80+[4]정관!$L$85)/1000 -> -17.365194 | Y19: =+G19-K19-O19-S19-W19 -> -3.907985e-14 | Z19: =+Y19*1000000 -> -3.907985e-08
D20: 양산 | E20: =+[4]양산!$H$86/1000 -> 114.96988 | F20: =+[4]양산!$I$86/1000 -> -39.795293 | G20: =+F20-E20 -> -154.76518 | H20: =+[4]양산!$T$5/1000 -> 10 | I20: =+[4]양산!$U$5/1000 -> 3.836 | J20: =+I20-H20 -> -6.164 | K20: =+[4]양산!$M$86/1000 -> -95.271957 | L20: =+[4]양산!$Q$85 -> 101350.22 | M20: =+[4]양산!$R$85 -> 99993.222 | N20: =+M20-L20 -> -1356.9982 | O20: =+[4]양산!$K$86/1000 -> -5.2054451 | P20: =+[4]양산!$Q$50 -> 85894.03 | Q20: =+[4]양산!$R$50 -> 99811.718 | R20: =+Q20-P20 -> 13917.688 | S20: =+[4]양산!$L$56/1000 -> -53.323294 | T20: =+([4]양산!$H$80+[4]양산!$H$85)/1000 -> 39.59202 | U20: =+([4]양산!$I$80+[4]양산!$I$85)/1000 -> 40.5565 | V20: =+U20-T20 -> 0.96447963 | W20: =+([4]양산!$L$80+[4]양산!$L$85)/1000 -> -0.96447963 | Y20: =+G20-K20-O20-S20-W20 -> 1.533218e-13 | Z20: =+Y20*1000000 -> 1.533218e-07
D21: 창원 | E21: =+[4]창원!$H$86/1000 -> 126.87661 | F21: =+[4]창원!$I$86/1000 -> 65.208746 | G21: =+F21-E21 -> -61.667864 | H21: =+[4]창원!$T$5/1000 -> 14 | I21: =+[4]창원!$U$5/1000 -> 11.287 | J21: =+I21-H21 -> -2.713 | K21: =+[4]창원!$M$86/1000 -> -36.016842 | L21: =+[4]창원!$Q$85 -> 98028.225 | M21: =+[4]창원!$R$85 -> 97142.164 | N21: =+M21-L21 -> -886.06178 | O21: =+[4]창원!$K$86/1000 -> -10.000979 | P21: =+[4]창원!$Q$50 -> 84752.574 | Q21: =+[4]창원!$R$50 -> 84421.327 | R21: =+Q21-P21 -> -331.24739 | S21: =+[4]창원!$L$56/1000 -> 0.16007554 | T21: =+([4]창원!$H$80+[4]창원!$H$85)/1000 -> 58.982509 | U21: =+([4]창원!$I$80+[4]창원!$I$85)/1000 -> 74.792627 | V21: =+U21-T21 -> 15.810118 | W21: =+([4]창원!$L$80+[4]창원!$L$85)/1000 -> -15.810118 | Y21: =+G21-K21-O21-S21-W21 -> 2.1671553e-13 | Z21: =+Y21*1000000 -> 2.1671553e-07
D22: 대구 | E22: =+[4]대구!$H$86/1000 -> 50.762107 | F22: =+[4]대구!$I$86/1000 -> -72.116301 | G22: =+F22-E22 -> -122.87841 | H22: =+[4]대구!$T$5/1000 -> 9 | I22: =+[4]대구!$U$5/1000 -> 4.797 | J22: =+I22-H22 -> -4.203 | K22: =+[4]대구!$M$86/1000 -> -44.840884 | L22: =+[4]대구!$Q$85 -> 91629.97 | M22: =+[4]대구!$R$85 -> 77939.962 | N22: =+M22-L22 -> -13690.008 | O22: =+[4]대구!$K$86/1000 -> -65.670968 | P22: =+[4]대구!$Q$50 -> 80961.19 | Q22: =+[4]대구!$R$50 -> 83546.643 | R22: =+Q22-P22 -> 2585.453 | S22: =+[4]대구!$L$56/1000 -> -12.402407 | T22: =+([4]대구!$H$80+[4]대구!$H$85)/1000 -> 45.256918 | U22: =+([4]대구!$I$80+[4]대구!$I$85)/1000 -> 45.221066 | V22: =+U22-T22 -> -0.035851569 | W22: =+([4]대구!$L$80+[4]대구!$L$85)/1000 -> 0.035851569 | Y22: =+G22-K22-O22-S22-W22 -> -1.9595436e-13 | Z22: =+Y22*1000000 -> -1.9595436e-07
D23: 울산 | E23: =+[4]울산!$H$86/1000 -> 103.28835 | F23: =+[4]울산!$I$86/1000 -> 29.061433 | G23: =+F23-E23 -> -74.226915 | H23: =+[4]울산!$T$5/1000 -> 12 | I23: =+[4]울산!$U$5/1000 -> 10.223 | J23: =+I23-H23 -> -1.777 | K23: =+[4]울산!$M$86/1000 -> -21.713504 | L23: =+[4]울산!$Q$85 -> 103286.89 | M23: =+[4]울산!$R$85 -> 104185.74 | N23: =+M23-L23 -> 898.84494 | O23: =+[4]울산!$K$86/1000 -> 9.1888918 | P23: =+[4]울산!$Q$50 -> 91067.701 | Q23: =+[4]울산!$R$50 -> 97597.734 | R23: =+Q23-P23 -> 6530.0328 | S23: =+[4]울산!$L$56/1000 -> -54.513207 | T23: =+([4]울산!$H$80+[4]울산!$H$85)/1000 -> 43.341956 | U23: =+([4]울산!$I$80+[4]울산!$I$85)/1000 -> 50.531052 | V23: =+U23-T23 -> 7.1890961 | W23: =+([4]울산!$L$80+[4]울산!$L$85)/1000 -> -7.1890961 | Y23: =+G23-K23-O23-S23-W23 -> 7.0166095e-14 | Z23: =+Y23*1000000 -> 7.0166095e-08
D24: 아산 | E24: =+[4]아산!$H$86/1000 -> 213.00416 | F24: =+[4]아산!$I$86/1000 -> 122.41643 | G24: =+F24-E24 -> -90.587731 | H24: =+[4]아산!$T$5/1000 -> 22 | I24: =+[4]아산!$U$5/1000 -> 18.291 | J24: =+I24-H24 -> -3.709 | K24: =+[4]아산!$M$86/1000 -> -50.295259 | L24: =+[4]아산!$Q$85 -> 98820.311 | M24: =+[4]아산!$R$85 -> 103047.34 | N24: =+M24-L24 -> 4227.0259 | O24: =+[4]아산!$K$86/1000 -> 77.31653 | P24: =+[4]아산!$Q$50 -> 85259.982 | Q24: =+[4]아산!$R$50 -> 91470.986 | R24: =+Q24-P24 -> 6211.0041 | S24: =+[4]아산!$L$56/1000 -> -113.64759 | T24: =+([4]아산!$H$80+[4]아산!$H$85)/1000 -> 85.323074 | U24: =+([4]아산!$I$80+[4]아산!$I$85)/1000 -> 89.284481 | V24: =+U24-T24 -> 3.9614072 | W24: =+([4]아산!$L$80+[4]아산!$L$85)/1000 -> -3.9614072 | Y24: =+G24-K24-O24-S24-W24 -> 9.5035091e-14 | Z24: =+Y24*1000000 -> 9.5035091e-08
D25: 전주 | E25: =+[4]전주!$H$86/1000 -> 162.0915 | F25: =+[4]전주!$I$86/1000 -> 21.521379 | G25: =+F25-E25 -> -140.57012 | H25: =+[4]전주!$T$5/1000 -> 12 | I25: =+[4]전주!$U$5/1000 -> 10.494 | J25: =+I25-H25 -> -1.506 | K25: =+[4]전주!$M$86/1000 -> -26.853768 | L25: =+[4]전주!$Q$85 -> 102691.17 | M25: =+[4]전주!$R$85 -> 96677.339 | N25: =+M25-L25 -> -6013.8276 | O25: =+[4]전주!$K$86/1000 -> -63.109107 | P25: =+[4]전주!$Q$50 -> 84859.98 | Q25: =+[4]전주!$R$50 -> 89771.928 | R25: =+Q25-P25 -> 4911.9486 | S25: =+[4]전주!$L$56/1000 -> -51.546001 | T25: =+([4]전주!$H$80+[4]전주!$H$85)/1000 -> 51.882747 | U25: =+([4]전주!$I$80+[4]전주!$I$85)/1000 -> 50.943991 | V25: =+U25-T25 -> -0.93875693 | W25: =+([4]전주!$L$80+[4]전주!$L$85)/1000 -> 0.93875693 | Y25: =+G25-K25-O25-S25-W25 -> -1.2800871e-13 | Z25: =+Y25*1000000 -> -1.2800871e-07
D26: 군산 | E26: =+[4]군산!$H$86/1000 -> 106.87183 | F26: =+[4]군산!$I$86/1000 -> 44.935986 | G26: =+F26-E26 -> -61.935848 | H26: =+[4]군산!$T$5/1000 -> 5 | I26: =+[4]군산!$U$5/1000 -> 4.0275 | J26: =+I26-H26 -> -0.9725 | K26: =+[4]군산!$M$86/1000 -> -25.171925 | L26: =+[4]군산!$Q$85 -> 112084.76 | M26: =+[4]군산!$R$85 -> 106453.3 | N26: =+M26-L26 -> -5631.4629 | O26: =+[4]군산!$K$86/1000 -> -22.680717 | P26: =+[4]군산!$Q$50 -> 86201.033 | Q26: =+[4]군산!$R$50 -> 89502.553 | R26: =+Q26-P26 -> 3301.52 | S26: =+[4]군산!$L$56/1000 -> -13.296864 | T26: =+([4]군산!$H$80+[4]군산!$H$85)/1000 -> 22.546803 | U26: =+([4]군산!$I$80+[4]군산!$I$85)/1000 -> 23.333145 | V26: =+U26-T26 -> 0.78634184 | W26: =+([4]군산!$L$80+[4]군산!$L$85)/1000 -> -0.78634184 | Y26: =+G26-K26-O26-S26-W26 -> 6.6724404e-14 | Z26: =+Y26*1000000 -> 6.6724404e-08
D27: 원주 | E27: =+[4]원주!$H$86/1000 -> 74.50264 | F27: =+[4]원주!$I$86/1000 -> 133.32987 | G27: =+F27-E27 -> 58.827227 | H27: =+[4]원주!$T$5/1000 -> 4 | I27: =+[4]원주!$U$5/1000 -> 4.766 | J27: =+I27-H27 -> 0.766 | K27: =+[4]원주!$M$86/1000 -> 17.717243 | L27: =+[4]원주!$Q$85 -> 111634.86 | M27: =+[4]원주!$R$85 -> 114695.55 | N27: =+M27-L27 -> 3060.687 | O27: =+[4]원주!$K$86/1000 -> 14.587234 | P27: =+[4]원주!$Q$50 -> 88505.305 | Q27: =+[4]원주!$R$50 -> 83395.122 | R27: =+Q27-P27 -> -5110.1826 | S27: =+[4]원주!$L$56/1000 -> 24.355132 | T27: =+([4]원주!$H$80+[4]원주!$H$85)/1000 -> 18.0156 | U27: =+([4]원주!$I$80+[4]원주!$I$85)/1000 -> 15.847982 | V27: =+U27-T27 -> -2.1676176 | W27: =+([4]원주!$L$80+[4]원주!$L$85)/1000 -> 2.1676176 | Y27: =+G27-K27-O27-S27-W27 -> 1.9095836e-14 | Z27: =+Y27*1000000 -> 1.9095836e-08
D28: 제주 | E28: =+[4]제주!$H$86/1000 -> 36.75533 | F28: =+[4]제주!$I$86/1000 -> 59.875705 | G28: =+F28-E28 -> 23.120375 | H28: =+[4]제주!$T$5/1000 -> 5 | I28: =+[4]제주!$U$5/1000 -> 5.063 | J28: =+I28-H28 -> 0.063 | K28: =+[4]제주!$M$86/1000 -> 0.82341931 | L28: =+[4]제주!$Q$85 -> 121940 | M28: =+[4]제주!$R$85 -> 129968.01 | N28: =+M28-L28 -> 8028.013 | O28: =+[4]제주!$K$86/1000 -> 40.64583 | P28: =+[4]제주!$Q$50 -> 108869.85 | Q28: =+[4]제주!$R$50 -> 112153.13 | R28: =+Q28-P28 -> 3283.2748 | S28: =+[4]제주!$L$56/1000 -> -16.623235 | T28: =+([4]제주!$H$80+[4]제주!$H$85)/1000 -> 28.595409 | U28: =+([4]제주!$I$80+[4]제주!$I$85)/1000 -> 30.321048 | V28: =+U28-T28 -> 1.7256391 | W28: =+([4]제주!$L$80+[4]제주!$L$85)/1000 -> -1.7256391 | Y28: =+G28-K28-O28-S28-W28 -> -3.7081449e-14 | Z28: =+Y28*1000000 -> -3.7081449e-08
Y35: · 집합대손 2.2억 // 개별대손 3억(삼정이앤시) → 안양 2.9억, 양산 0.1억

Sheet 공헌이익
D4: □ 레미콘 단위당 공헌이익(2026-05)
V5: [단위 : 원/㎥]
D6: 구분 | E6: 판매단가 | H6: 재료비 | K6: 운반비 | N6: 유류비 | Q6: 변동비 계 | T6: 공헌이익
E7: 계획 | F7: 실적 | G7: 차이 | H7: 계획 | I7: 실적 | J7: 차이 | K7: 계획 | L7: 실적 | M7: 차이 | N7: 계획 | O7: 실적 | P7: 차이 | Q7: 계획 | R7: 실적 | S7: 차이 | T7: 계획 | U7: 실적 | V7: 차이
D8: 평균 | E8: =+[4]합계!$Q$85 -> 101432.31 | F8: =+[4]합계!$R$85 -> 102620.92 | G8: =+F8-E8 -> 1188.6098 | H8: =+[4]합계!$Q$20 -> 59329.969 | I8: =+[4]합계!$R$20 -> 61469.273 | J8: =+I8-H8 -> 2139.304 | K8: =+[4]합계!$Q$21 -> 19579.538 | L8: =+[4]합계!$R$21 -> 20653.326 | M8: =+L8-K8 -> 1073.7878 | N8: =+[4]합계!$Q$22 -> 237.01111 | O8: =+[4]합계!$R$22 -> 294.1825 | P8: =+O8-N8 -> 57.17139 | Q8: =H8+K8+N8 -> 79146.518 | R8: =I8+L8+O8 -> 82416.781 | S8: =+R8-Q8 -> 3270.2632 | T8: =+E8-Q8 -> 22285.789 | U8: =+F8-R8 -> 20204.136 | V8: =+U8-T8 -> -2081.6534
D9: 수도권 | E9: =+[4]수도권!$Q$85 -> 98482.527 | F9: =+[4]수도권!$R$85 -> 100715.68 | G9: =+F9-E9 -> 2233.1483 | H9: =+[4]수도권!$Q$20 -> 60212.846 | I9: =+[4]수도권!$R$20 -> 62243.483 | J9: =+I9-H9 -> 2030.637 | K9: =+[4]수도권!$Q$21 -> 19303.353 | L9: =+[4]수도권!$R$21 -> 20878.433 | M9: =+L9-K9 -> 1575.0801 | N9: =+[4]수도권!$Q$22 -> 245.26667 | O9: =+[4]수도권!$R$22 -> 300.03704 | P9: =+O9-N9 -> 54.770371 | Q9: =H9+K9+N9 -> 79761.465 | R9: =I9+L9+O9 -> 83421.953 | S9: =+R9-Q9 -> 3660.4874 | T9: =+E9-Q9 -> 18721.061 | U9: =+F9-R9 -> 17293.722 | V9: =+U9-T9 -> -1427.3391
D10: 영남권 | E10: =+[4]영남권!$Q$85 -> 102761.14 | F10: =+[4]영남권!$R$85 -> 102825.49 | G10: =+F10-E10 -> 64.35209 | H10: =+[4]영남권!$Q$20 -> 58612.088 | I10: =+[4]영남권!$R$20 -> 60295.709 | J10: =+I10-H10 -> 1683.6213 | K10: =+[4]영남권!$Q$21 -> 20162.795 | L10: =+[4]영남권!$R$21 -> 20932.748 | M10: =+L10-K10 -> 769.95301 | N10: =+[4]영남권!$Q$22 -> 234.18803 | O10: =+[4]영남권!$R$22 -> 290.02414 | P10: =+O10-N10 -> 55.836103 | Q10: =H10+K10+N10 -> 79009.071 | R10: =I10+L10+O10 -> 81518.482 | S10: =+R10-Q10 -> 2509.4104 | T10: =+E10-Q10 -> 23752.07 | U10: =+F10-R10 -> 21307.012 | V10: =+U10-T10 -> -2445.0583
D11: 기타권 | E11: =+[4]중부권!$Q$85 -> 104645.92 | F11: =+[4]중부권!$R$85 -> 106299.7 | G11: =+F11-E11 -> 1653.7784 | H11: =+[4]중부권!$Q$20 -> 59148.511 | I11: =+[4]중부권!$R$20 -> 62110.003 | J11: =+I11-H11 -> 2961.4919 | K11: =+[4]중부권!$Q$21 -> 18762.005 | L11: =+[4]중부권!$R$21 -> 19624.023 | M11: =+L11-K11 -> 862.01836 | N11: =+[4]중부권!$Q$22 -> 225.83333 | O11: =+[4]중부권!$R$22 -> 289.79073 | P11: =+O11-N11 -> 63.957397 | Q11: =H11+K11+N11 -> 78136.349 | R11: =I11+L11+O11 -> 82023.816 | S11: =+R11-Q11 -> 3887.4676 | T11: =+E11-Q11 -> 26509.57 | U11: =+F11-R11 -> 24275.881 | V11: =+U11-T11 -> -2233.6892
D12: 안양 | E12: =+[4]안양!$Q$85 -> 98200.591 | F12: =+[4]안양!$R$85 -> 102248.21 | G12: =+F12-E12 -> 4047.6223 | H12: =+[4]안양!$Q$20 -> 59325.611 | I12: =+[4]안양!$R$20 -> 60465.052 | J12: =+I12-H12 -> 1139.4413 | K12: =+[4]안양!$Q$21 -> 18430.464 | L12: =+[4]안양!$R$21 -> 19895.094 | M12: =+L12-K12 -> 1464.6304 | N12: =+[4]안양!$Q$22 -> 221.62162 | O12: =+[4]안양!$R$22 -> 324.72913 | P12: =+O12-N12 -> 103.1075 | Q12: =H12+K12+N12 -> 77977.697 | R12: =I12+L12+O12 -> 80684.876 | S12: =+R12-Q12 -> 2707.1792 | T12: =+E12-Q12 -> 20222.895 | U12: =+F12-R12 -> 21563.338 | V12: =+U12-T12 -> 1340.4431
D13: 인천 | E13: =+[4]인천!$Q$85 -> 99846.061 | F13: =+[4]인천!$R$85 -> 99946.751 | G13: =+F13-E13 -> 100.68998 | H13: =+[4]인천!$Q$20 -> 62207.68 | I13: =+[4]인천!$R$20 -> 66438.602 | J13: =+I13-H13 -> 4230.9214 | K13: =+[4]인천!$Q$21 -> 19633.609 | L13: =+[4]인천!$R$21 -> 20626.338 | M13: =+L13-K13 -> 992.72851 | N13: =+[4]인천!$Q$22 -> 330 | O13: =+[4]인천!$R$22 -> 398.19083 | P13: =+O13-N13 -> 68.190833 | Q13: =H13+K13+N13 -> 82171.29 | R13: =I13+L13+O13 -> 87463.13 | S13: =+R13-Q13 -> 5291.8407 | T13: =+E13-Q13 -> 17674.771 | U13: =+F13-R13 -> 12483.62 | V13: =+U13-T13 -> -5191.1507
D14: 파주 | E14: =+[4]파주!$Q$85 -> 98575.798 | F14: =+[4]파주!$R$85 -> 102535.03 | G14: =+F14-E14 -> 3959.2278 | H14: =+[4]파주!$Q$20 -> 59799.494 | I14: =+[4]파주!$R$20 -> 59808.157 | J14: =+I14-H14 -> 8.6626066 | K14: =+[4]파주!$Q$21 -> 21057.293 | L14: =+[4]파주!$R$21 -> 24217.988 | M14: =+L14-K14 -> 3160.6942 | N14: =+[4]파주!$Q$22 -> 283.5 | O14: =+[4]파주!$R$22 -> 265.86855 | P14: =+O14-N14 -> -17.631452 | Q14: =H14+K14+N14 -> 81140.288 | R14: =I14+L14+O14 -> 84292.013 | S14: =+R14-Q14 -> 3151.7254 | T14: =+E14-Q14 -> 17435.51 | U14: =+F14-R14 -> 18243.013 | V14: =+U14-T14 -> 807.50241
D15: 김포 | E15: =+[4]김포!$Q$85 -> 95884.463 | F15: =+[4]김포!$R$85 -> 97081.727 | G15: =+F15-E15 -> 1197.2644 | H15: =+[4]김포!$Q$20 -> 58242.768 | I15: =+[4]김포!$R$20 -> 60435.902 | J15: =+I15-H15 -> 2193.1347 | K15: =+[4]김포!$Q$21 -> 18581.15 | L15: =+[4]김포!$R$21 -> 20618.376 | M15: =+L15-K15 -> 2037.2263 | N15: =+[4]김포!$Q$22 -> 60 | O15: =+[4]김포!$R$22 -> 86.722361 | P15: =+O15-N15 -> 26.722361 | Q15: =H15+K15+N15 -> 76883.918 | R15: =I15+L15+O15 -> 81141.001 | S15: =+R15-Q15 -> 4257.0834 | T15: =+E15-Q15 -> 19000.545 | U15: =+F15-R15 -> 15940.726 | V15: =+U15-T15 -> -3059.819
D16: 부산 | E16: =+[4]부산!$Q$85 -> 107265.61 | F16: =+[4]부산!$R$85 -> 115681.59 | G16: =+F16-E16 -> 8415.9847 | H16: =+[4]부산!$Q$20 -> 61194.75 | I16: =+[4]부산!$R$20 -> 64742.175 | J16: =+I16-H16 -> 3547.4248 | K16: =+[4]부산!$Q$21 -> 21947 | L16: =+[4]부산!$R$21 -> 23220.145 | M16: =+L16-K16 -> 1273.1458 | N16: =+[4]부산!$Q$22 -> 200 | O16: =+[4]부산!$R$22 -> 365.52728 | P16: =+O16-N16 -> 165.52728 | Q16: =H16+K16+N16 -> 83341.75 | R16: =I16+L16+O16 -> 88327.848 | S16: =+R16-Q16 -> 4986.0979 | T16: =+E16-Q16 -> 23923.856 | U16: =+F16-R16 -> 27353.743 | V16: =+U16-T16 -> 3429.8869
D17: 서부산 | E17: =+[4]서부산!$Q$85 -> 104021 | F17: =+[4]서부산!$R$85 -> 103692.33 | G17: =+F17-E17 -> -328.66709 | H17: =+[4]서부산!$Q$20 -> 59787.138 | I17: =+[4]서부산!$R$20 -> 62029.136 | J17: =+I17-H17 -> 2241.9983 | K17: =+[4]서부산!$Q$21 -> 17283.069 | L17: =+[4]서부산!$R$21 -> 18643.113 | M17: =+L17-K17 -> 1360.0441 | N17: =+[4]서부산!$Q$22 -> 180 | O17: =+[4]서부산!$R$22 -> 228.12021 | P17: =+O17-N17 -> 48.120209 | Q17: =H17+K17+N17 -> 77250.208 | R17: =I17+L17+O17 -> 80900.37 | S17: =+R17-Q17 -> 3650.1626 | T17: =+E17-Q17 -> 26770.791 | U17: =+F17-R17 -> 22791.962 | V17: =+U17-T17 -> -3978.8297
D18: 김해 | E18: =+[4]김해!$Q$85 -> 101293.38 | F18: =+[4]김해!$R$85 -> 97145.661 | G18: =+F18-E18 -> -4147.7204 | H18: =+[4]김해!$Q$20 -> 56810.252 | I18: =+[4]김해!$R$20 -> 54589.386 | J18: =+I18-H18 -> -2220.8663 | K18: =+[4]김해!$Q$21 -> 21562.16 | L18: =+[4]김해!$R$21 -> 22080.649 | M18: =+L18-K18 -> 518.48908 | N18: =+[4]김해!$Q$22 -> 490 | O18: =+[4]김해!$R$22 -> 749.81674 | P18: =+O18-N18 -> 259.81674 | Q18: =H18+K18+N18 -> 78862.413 | R18: =I18+L18+O18 -> 77419.852 | S18: =+R18-Q18 -> -1442.5605 | T18: =+E18-Q18 -> 22430.968 | U18: =+F18-R18 -> 19725.808 | V18: =+U18-T18 -> -2705.1599
D19: 정관 | E19: =+[4]정관!$Q$85 -> 106108.08 | F19: =+[4]정관!$R$85 -> 104523.64 | G19: =+F19-E19 -> -1584.4479 | H19: =+[4]정관!$Q$20 -> 60273.805 | I19: =+[4]정관!$R$20 -> 63164.771 | J19: =+I19-H19 -> 2890.9654 | K19: =+[4]정관!$Q$21 -> 20815.65 | L19: =+[4]정관!$R$21 -> 21086.214 | M19: =+L19-K19 -> 270.56393 | N19: =+[4]정관!$Q$22 -> 286.36364 | O19: =+[4]정관!$R$22 -> 351.55065 | P19: =+O19-N19 -> 65.187018 | Q19: =H19+K19+N19 -> 81375.819 | R19: =I19+L19+O19 -> 84602.536 | S19: =+R19-Q19 -> 3226.7164 | T19: =+E19-Q19 -> 24732.265 | U19: =+F19-R19 -> 19921.101 | V19: =+U19-T19 -> -4811.1643
D20: 양산 | E20: =+[4]양산!$Q$85 -> 101350.22 | F20: =+[4]양산!$R$85 -> 99993.222 | G20: =+F20-E20 -> -1356.9982 | H20: =+[4]양산!$Q$20 -> 54663.785 | I20: =+[4]양산!$R$20 -> 53272.324 | J20: =+I20-H20 -> -1391.4609 | K20: =+[4]양산!$Q$21 -> 21148.52 | L20: =+[4]양산!$R$21 -> 23005.199 | M20: =+L20-K20 -> 1856.679 | N20: =+[4]양산!$Q$22 -> 80 | O20: =+[4]양산!$R$22 -> 0 | P20: =+O20-N20 -> -80 | Q20: =H20+K20+N20 -> 75892.305 | R20: =I20+L20+O20 -> 76277.523 | S20: =+R20-Q20 -> 385.21814 | T20: =+E20-Q20 -> 25457.915 | U20: =+F20-R20 -> 23715.699 | V20: =+U20-T20 -> -1742.2163
D21: 창원 | E21: =+[4]창원!$Q$85 -> 98028.225 | F21: =+[4]창원!$R$85 -> 97142.164 | G21: =+F21-E21 -> -886.06178 | H21: =+[4]창원!$Q$20 -> 57134.111 | I21: =+[4]창원!$R$20 -> 55470.073 | J21: =+I21-H21 -> -1664.0376 | K21: =+[4]창원!$Q$21 -> 19313.081 | L21: =+[4]창원!$R$21 -> 19427.129 | M21: =+L21-K21 -> 114.0486 | N21: =+[4]창원!$Q$22 -> 107.14286 | O21: =+[4]창원!$R$22 -> 85.89448 | P21: =+O21-N21 -> -21.248377 | Q21: =H21+K21+N21 -> 76554.334 | R21: =I21+L21+O21 -> 74983.097 | S21: =+R21-Q21 -> -1571.2374 | T21: =+E21-Q21 -> 21473.891 | U21: =+F21-R21 -> 22159.067 | V21: =+U21-T21 -> 685.17562
D22: 대구 | E22: =+[4]대구!$Q$85 -> 91629.97 | F22: =+[4]대구!$R$85 -> 77939.962 | G22: =+F22-E22 -> -13690.008 | H22: =+[4]대구!$Q$20 -> 51870.461 | I22: =+[4]대구!$R$20 -> 49433.809 | J22: =+I22-H22 -> -2436.6518 | K22: =+[4]대구!$Q$21 -> 17918.556 | L22: =+[4]대구!$R$21 -> 16732.926 | M22: =+L22-K22 -> -1185.6306 | N22: =+[4]대구!$Q$22 -> 388.88889 | O22: =+[4]대구!$R$22 -> 230.11653 | P22: =+O22-N22 -> -158.77236 | Q22: =H22+K22+N22 -> 70177.906 | R22: =I22+L22+O22 -> 66396.851 | S22: =+R22-Q22 -> -3781.0547 | T22: =+E22-Q22 -> 21452.064 | U22: =+F22-R22 -> 11543.111 | V22: =+U22-T22 -> -9908.9532
D23: 울산 | E23: =+[4]울산!$Q$85 -> 103286.89 | F23: =+[4]울산!$R$85 -> 104185.74 | G23: =+F23-E23 -> 898.84494 | H23: =+[4]울산!$Q$20 -> 60875.061 | I23: =+[4]울산!$R$20 -> 63129.322 | J23: =+I23-H23 -> 2254.2615 | K23: =+[4]울산!$Q$21 -> 21478.702 | L23: =+[4]울산!$R$21 -> 24394.29 | M23: =+L23-K23 -> 2915.5877 | N23: =+[4]울산!$Q$22 -> 233.33333 | O23: =+[4]울산!$R$22 -> 338.44096 | P23: =+O23-N23 -> 105.10762 | Q23: =H23+K23+N23 -> 82587.096 | R23: =I23+L23+O23 -> 87862.053 | S23: =+R23-Q23 -> 5274.9568 | T23: =+E23-Q23 -> 20699.797 | U23: =+F23-R23 -> 16323.685 | V23: =+U23-T23 -> -4376.1119
D24: 아산 | E24: =+[4]아산!$Q$85 -> 98820.311 | F24: =+[4]아산!$R$85 -> 103047.34 | G24: =+F24-E24 -> 4227.0259 | H24: =+[4]아산!$Q$20 -> 55931.628 | I24: =+[4]아산!$R$20 -> 60104.975 | J24: =+I24-H24 -> 4173.3471 | K24: =+[4]아산!$Q$21 -> 21915.891 | L24: =+[4]아산!$R$21 -> 22513.533 | M24: =+L24-K24 -> 597.64137 | N24: =+[4]아산!$Q$22 -> 136.36364 | O24: =+[4]아산!$R$22 -> 246.76794 | P24: =+O24-N24 -> 110.40431 | Q24: =H24+K24+N24 -> 77983.882 | R24: =I24+L24+O24 -> 82865.275 | S24: =+R24-Q24 -> 4881.3928 | T24: =+E24-Q24 -> 20836.429 | U24: =+F24-R24 -> 20182.062 | V24: =+U24-T24 -> -654.36689
D25: 전주 | E25: =+[4]전주!$Q$85 -> 102691.17 | F25: =+[4]전주!$R$85 -> 96677.339 | G25: =+F25-E25 -> -6013.8276 | H25: =+[4]전주!$Q$20 -> 59552.96 | I25: =+[4]전주!$R$20 -> 60146.075 | J25: =+I25-H25 -> 593.11521 | K25: =+[4]전주!$Q$21 -> 16540.161 | L25: =+[4]전주!$R$21 -> 20039.754 | M25: =+L25-K25 -> 3499.5931 | N25: =+[4]전주!$Q$22 -> 291.66667 | O25: =+[4]전주!$R$22 -> 340.94854 | P25: =+O25-N25 -> 49.281875 | Q25: =H25+K25+N25 -> 76384.788 | R25: =I25+L25+O25 -> 80526.778 | S25: =+R25-Q25 -> 4141.9902 | T25: =+E25-Q25 -> 26306.379 | U25: =+F25-R25 -> 16150.561 | V25: =+U25-T25 -> -10155.818
D26: 군산 | E26: =+[4]군산!$Q$85 -> 112084.76 | F26: =+[4]군산!$R$85 -> 106453.3 | G26: =+F26-E26 -> -5631.4629 | H26: =+[4]군산!$Q$20 -> 58572.097 | I26: =+[4]군산!$R$20 -> 60014.818 | J26: =+I26-H26 -> 1442.7201 | K26: =+[4]군산!$Q$21 -> 14284.3 | L26: =+[4]군산!$R$21 -> 14823.844 | M26: =+L26-K26 -> 539.54467 | N26: =+[4]군산!$Q$22 -> 68 | O26: =+[4]군산!$R$22 -> 68.73594 | P26: =+O26-N26 -> 0.73594041 | Q26: =H26+K26+N26 -> 72924.397 | R26: =I26+L26+O26 -> 74907.398 | S26: =+R26-Q26 -> 1983.0008 | T26: =+E26-Q26 -> 39160.363 | U26: =+F26-R26 -> 31545.899 | V26: =+U26-T26 -> -7614.4637
D27: 원주 | E27: =+[4]원주!$Q$85 -> 111634.86 | F27: =+[4]원주!$R$85 -> 114695.55 | G27: =+F27-E27 -> 3060.687 | H27: =+[4]원주!$Q$20 -> 55511.629 | I27: =+[4]원주!$R$20 -> 56462.538 | J27: =+I27-H27 -> 950.90921 | K27: =+[4]원주!$Q$21 -> 14791.004 | L27: =+[4]원주!$R$21 -> 13729.639 | M27: =+L27-K27 -> -1061.3655 | N27: =+[4]원주!$Q$22 -> 375 | O27: =+[4]원주!$R$22 -> 330.81767 | P27: =+O27-N27 -> -44.182333 | Q27: =H27+K27+N27 -> 70677.633 | R27: =I27+L27+O27 -> 70522.994 | S27: =+R27-Q27 -> -154.63863 | T27: =+E27-Q27 -> 40957.232 | U27: =+F27-R27 -> 44172.557 | V27: =+U27-T27 -> 3215.3256
D28: 제주 | E28: =+[4]제주!$Q$85 -> 121940 | F28: =+[4]제주!$R$85 -> 129968.01 | G28: =+F28-E28 -> 8028.013 | H28: =+[4]제주!$Q$20 -> 75818.037 | I28: =+[4]제주!$R$20 -> 80407.771 | J28: =+I28-H28 -> 4589.7344 | K28: =+[4]제주!$Q$21 -> 17871.834 | L28: =+[4]제주!$R$21 -> 17689.375 | M28: =+L28-K28 -> -182.45944 | N28: =+[4]제주!$Q$22 -> 500 | O28: =+[4]제주!$R$22 -> 476.42504 | P28: =+O28-N28 -> -23.574956 | Q28: =H28+K28+N28 -> 94189.871 | R28: =I28+L28+O28 -> 98573.571 | S28: =+R28-Q28 -> 4383.7 | T28: =+E28-Q28 -> 27750.129 | U28: =+F28-R28 -> 31394.442 | V28: =+U28-T28 -> 3644.313

Sheet 재료비단가
D4: □ 레미콘 원재료단가(2026-05)
D6: 구분 | E6: OPC (원/톤) | H6: SC (원/톤) | K6: SP (원/톤) | N6: FA (원/톤) | Q6: 자갈 (원/톤) | T6: 모래 (원/톤)
E7: 계획 | F7: 실적 | G7: 차이 | H7: 계획 | I7: 실적 | J7: 차이 | K7: 계획 | L7: 실적 | M7: 차이 | N7: 계획 | O7: 실적 | P7: 차이 | Q7: 계획 | R7: 실적 | S7: 차이 | T7: 계획 | U7: 실적 | V7: 차이
D8: 평균 | E8: =+[4]합계!$G$9 -> 97368.409 | F8: =+[4]합계!$H$9 -> 100466.88 | G8: =+F8-E8 -> 3098.4677 | H8: =+[4]합계!$G$10 -> 91989.193 | I8: =+[4]합계!$H$10 -> 94387.615 | J8: =+I8-H8 -> 2398.4224 | K8: =+[4]합계!$G$12 -> 59683.802 | L8: =+[4]합계!$H$12 -> 57713.51 | M8: =+L8-K8 -> -1970.292 | N8: =+[4]합계!$G$13 -> 35833.048 | O8: =+[4]합계!$H$13 -> 37804.812 | P8: =+O8-N8 -> 1971.764 | Q8: =+[4]합계!$G$16 -> 12934.415 | R8: =+[4]합계!$H$16 -> 13026.525 | S8: =+R8-Q8 -> 92.110028 | T8: =+[4]합계!$G$17 -> 15620.277 | U8: =+[4]합계!$H$17 -> 15553.062 | V8: =+U8-T8 -> -67.214798
D9: 수도권 | E9: =+[4]수도권!$G$9 -> 97000 | F9: =+[4]수도권!$H$9 -> 99847.642 | G9: =+F9-E9 -> 2847.642 | H9: =+[4]수도권!$G$10 -> 95408.629 | I9: =+[4]수도권!$H$10 -> 97245.808 | J9: =+I9-H9 -> 1837.1782 | K9: =+[4]수도권!$G$12 -> 60000 | L9: =+[4]수도권!$H$12 -> 57075.223 | M9: =+L9-K9 -> -2924.7775 | N9: =+[4]수도권!$G$13 -> 39797.967 | O9: =+[4]수도권!$H$13 -> 41305.666 | P9: =+O9-N9 -> 1507.6992 | Q9: =+[4]수도권!$G$16 -> 14912.114 | R9: =+[4]수도권!$H$16 -> 15006.079 | S9: =+R9-Q9 -> 93.965189 | T9: =+[4]수도권!$G$17 -> 13714.937 | U9: =+[4]수도권!$H$17 -> 13966.237 | V9: =+U9-T9 -> 251.30049
D10: 영남권 | E10: =+[4]영남권!$G$9 -> 97000 | F10: =+[4]영남권!$H$9 -> 100024.57 | G10: =+F10-E10 -> 3024.5704 | H10: =+[4]영남권!$G$10 -> 90278.214 | I10: =+[4]영남권!$H$10 -> 93795.713 | J10: =+I10-H10 -> 3517.4986 | K10: =+[4]영남권!$G$12 -> 59132 | L10: =+[4]영남권!$H$12 -> 58398.132 | M10: =+L10-K10 -> -733.86748 | N10: =+[4]영남권!$G$13 -> 32368.27 | O10: =+[4]영남권!$H$13 -> 33944.164 | P10: =+O10-N10 -> 1575.8937 | Q10: =+[4]영남권!$G$16 -> 11037.03 | R10: =+[4]영남권!$H$16 -> 10724.735 | S10: =+R10-Q10 -> -312.29544 | T10: =+[4]영남권!$G$17 -> 17785.124 | U10: =+[4]영남권!$H$17 -> 17745.093 | V10: =+U10-T10 -> -40.03118
D11: 기타권 | E11: =+[4]중부권!$G$9 -> 98904.193 | F11: =+[4]중부권!$H$9 -> 102444.5 | G11: =+F11-E11 -> 3540.3095 | H11: =+[4]중부권!$G$10 -> 104797.06 | I11: =+[4]중부권!$H$10 -> 92590.793 | J11: =+I11-H11 -> -12206.264 | K11: =+[4]중부권!$G$12 -> 60140.363 | L11: =+[4]중부권!$H$12 -> 57615.027 | M11: =+L11-K11 -> -2525.3362 | N11: =+[4]중부권!$G$13 -> 37163.65 | O11: =+[4]중부권!$H$13 -> 39442.32 | P11: =+O11-N11 -> 2278.6699 | Q11: =+[4]중부권!$G$16 -> 13013.989 | R11: =+[4]중부권!$H$16 -> 12918.206 | S11: =+R11-Q11 -> -95.782743 | T11: =+[4]중부권!$G$17 -> 14462.193 | U11: =+[4]중부권!$H$17 -> 14572.123 | V11: =+U11-T11 -> 109.92949
D12: 안양 | E12: =+[4]안양!$G$9 -> 97000 | F12: =+[4]안양!$H$9 -> 99733.668 | G12: =+F12-E12 -> 2733.6679 | H12: =+[4]안양!$G$10 -> 0 | I12: =+[4]안양!$H$10 -> 100500.02 | J12: =+I12-H12 -> 100500.02 | K12: =+[4]안양!$G$12 -> 60000 | L12: =+[4]안양!$H$12 -> 57084.815 | M12: =+L12-K12 -> -2915.1847 | N12: =+[4]안양!$G$13 -> 38500 | O12: =+[4]안양!$H$13 -> 40590.349 | P12: =+O12-N12 -> 2090.3491 | Q12: =+[4]안양!$G$16 -> 14133.333 | R12: =+[4]안양!$H$16 -> 14019.967 | S12: =+R12-Q12 -> -113.36679 | T12: =+[4]안양!$G$17 -> 13548.387 | U12: =+[4]안양!$H$17 -> 13580.758 | V12: =+U12-T12 -> 32.370781
D13: 인천 | E13: =+[4]인천!$G$9 -> 97000 | F13: =+[4]인천!$H$9 -> 99854.839 | G13: =+F13-E13 -> 2854.8388 | H13: =+[4]인천!$G$10 -> 97000 | I13: =+[4]인천!$H$10 -> 99410.616 | J13: =+I13-H13 -> 2410.6163 | K13: =+[4]인천!$G$12 -> 60000 | L13: =+[4]인천!$H$12 -> 57159.838 | M13: =+L13-K13 -> -2840.1615 | N13: =+[4]인천!$G$13 -> 39000 | O13: =+[4]인천!$H$13 -> 40516.387 | P13: =+O13-N13 -> 1516.3874 | Q13: =+[4]인천!$G$16 -> 15333.333 | R13: =+[4]인천!$H$16 -> 15706.54 | S13: =+R13-Q13 -> 373.20659 | T13: =+[4]인천!$G$17 -> 13952.457 | U13: =+[4]인천!$H$17 -> 14634.711 | V13: =+U13-T13 -> 682.25369
D14: 파주 | E14: =+[4]파주!$G$9 -> 97000 | F14: =+[4]파주!$H$9 -> 100000 | G14: =+F14-E14 -> 3000 | H14: =+[4]파주!$G$10 -> 0 | I14: =+[4]파주!$H$10 -> 0 | J14: =+I14-H14 -> 0 | K14: =+[4]파주!$G$12 -> 60000 | L14: =+[4]파주!$H$12 -> 57098.345 | M14: =+L14-K14 -> -2901.6547 | N14: =+[4]파주!$G$13 -> 42000 | O14: =+[4]파주!$H$13 -> 43010.386 | P14: =+O14-N14 -> 1010.3856 | Q14: =+[4]파주!$G$16 -> 15666.667 | R14: =+[4]파주!$H$16 -> 15750.803 | S14: =+R14-Q14 -> 84.136359 | T14: =+[4]파주!$G$17 -> 13225.806 | U14: =+[4]파주!$H$17 -> 13412.471 | V14: =+U14-T14 -> 186.66466
D15: 김포 | E15: =+[4]김포!$G$9 -> 97000 | F15: =+[4]김포!$H$9 -> 100000 | G15: =+F15-E15 -> 3000 | H15: =+[4]김포!$G$10 -> 91500 | I15: =+[4]김포!$H$10 -> 95217.77 | J15: =+I15-H15 -> 3717.77 | K15: =+[4]김포!$G$12 -> 60000 | L15: =+[4]김포!$H$12 -> 56900.156 | M15: =+L15-K15 -> -3099.8443 | N15: =+[4]김포!$G$13 -> 41500 | O15: =+[4]김포!$H$13 -> 42846.267 | P15: =+O15-N15 -> 1346.2669 | Q15: =+[4]김포!$G$16 -> 14911.784 | R15: =+[4]김포!$H$16 -> 15144.826 | S15: =+R15-Q15 -> 233.04145 | T15: =+[4]김포!$G$17 -> 14169.206 | U15: =+[4]김포!$H$17 -> 14060.317 | V15: =+U15-T15 -> -108.88899
D16: 부산 | E16: =+[4]부산!$G$9 -> 97000 | F16: =+[4]부산!$H$9 -> 100000 | G16: =+F16-E16 -> 3000 | H16: =+[4]부산!$G$10 -> 89600 | I16: =+[4]부산!$H$10 -> 93069.497 | J16: =+I16-H16 -> 3469.4973 | K16: =+[4]부산!$G$12 -> 0 | L16: =+[4]부산!$H$12 -> 57700.021 | M16: =+L16-K16 -> 57700.021 | N16: =+[4]부산!$G$13 -> 34500 | O16: =+[4]부산!$H$13 -> 34988.708 | P16: =+O16-N16 -> 488.70811 | Q16: =+[4]부산!$G$16 -> 11714.416 | R16: =+[4]부산!$H$16 -> 9999.0664 | S16: =+R16-Q16 -> -1715.3493 | T16: =+[4]부산!$G$17 -> 18149.72 | U16: =+[4]부산!$H$17 -> 18150.17 | V16: =+U16-T16 -> 0.44991267
D17: 서부산 | E17: =+[4]서부산!$G$9 -> 97000 | F17: =+[4]서부산!$H$9 -> 100061.79 | G17: =+F17-E17 -> 3061.7891 | H17: =+[4]서부산!$G$10 -> 89100 | I17: =+[4]서부산!$H$10 -> 93481.121 | J17: =+I17-H17 -> 4381.1208 | K17: =+[4]서부산!$G$12 -> 61000 | L17: =+[4]서부산!$H$12 -> 60064.956 | M17: =+L17-K17 -> -935.04391 | N17: =+[4]서부산!$G$13 -> 32500 | O17: =+[4]서부산!$H$13 -> 33797.441 | P17: =+O17-N17 -> 1297.4409 | Q17: =+[4]서부산!$G$16 -> 10666.667 | R17: =+[4]서부산!$H$16 -> 10667.068 | S17: =+R17-Q17 -> 0.40180587 | T17: =+[4]서부산!$G$17 -> 17845.689 | U17: =+[4]서부산!$H$17 -> 16855.724 | V17: =+U17-T17 -> -989.96544
D18: 김해 | E18: =+[4]김해!$G$9 -> 97000 | F18: =+[4]김해!$H$9 -> 100000 | G18: =+F18-E18 -> 3000 | H18: =+[4]김해!$G$10 -> 89100 | I18: =+[4]김해!$H$10 -> 93690.465 | J18: =+I18-H18 -> 4590.465 | K18: =+[4]김해!$G$12 -> 0 | L18: =+[4]김해!$H$12 -> 0 | M18: =+L18-K18 -> 0 | N18: =+[4]김해!$G$13 -> 32500 | O18: =+[4]김해!$H$13 -> 33422.351 | P18: =+O18-N18 -> 922.3506 | Q18: =+[4]김해!$G$16 -> 9000 | R18: =+[4]김해!$H$16 -> 9017.5432 | S18: =+R18-Q18 -> 17.543177 | T18: =+[4]김해!$G$17 -> 16710.978 | U18: =+[4]김해!$H$17 -> 16656.742 | V18: =+U18-T18 -> -54.235923
D19: 정관 | E19: =+[4]정관!$G$9 -> 97000 | F19: =+[4]정관!$H$9 -> 100045.57 | G19: =+F19-E19 -> 3045.5674 | H19: =+[4]정관!$G$10 -> 89100 | I19: =+[4]정관!$H$10 -> 92099.994 | J19: =+I19-H19 -> 2999.9941 | K19: =+[4]정관!$G$12 -> 59000 | L19: =+[4]정관!$H$12 -> 57719.105 | M19: =+L19-K19 -> -1280.8951 | N19: =+[4]정관!$G$13 -> 32500 | O19: =+[4]정관!$H$13 -> 34407.367 | P19: =+O19-N19 -> 1907.3668 | Q19: =+[4]정관!$G$16 -> 11335.552 | R19: =+[4]정관!$H$16 -> 11254.617 | S19: =+R19-Q19 -> -80.934824 | T19: =+[4]정관!$G$17 -> 18860.224 | U19: =+[4]정관!$H$17 -> 19294.873 | V19: =+U19-T19 -> 434.64918
D20: 양산 | E20: =+[4]양산!$G$9 -> 97000 | F20: =+[4]양산!$H$9 -> 100000 | G20: =+F20-E20 -> 3000 | H20: =+[4]양산!$G$10 -> 0 | I20: =+[4]양산!$H$10 -> 0 | J20: =+I20-H20 -> 0 | K20: =+[4]양산!$G$12 -> 59000 | L20: =+[4]양산!$H$12 -> 57828.267 | M20: =+L20-K20 -> -1171.7332 | N20: =+[4]양산!$G$13 -> 32000 | O20: =+[4]양산!$H$13 -> 34436.913 | P20: =+O20-N20 -> 2436.9131 | Q20: =+[4]양산!$G$16 -> 9400 | R20: =+[4]양산!$H$16 -> 9138.0114 | S20: =+R20-Q20 -> -261.9886 | T20: =+[4]양산!$G$17 -> 17575.959 | U20: =+[4]양산!$H$17 -> 16768.395 | V20: =+U20-T20 -> -807.56394
D21: 창원 | E21: =+[4]창원!$G$9 -> 97000 | F21: =+[4]창원!$H$9 -> 100000 | G21: =+F21-E21 -> 3000 | H21: =+[4]창원!$G$10 -> 100500 | I21: =+[4]창원!$H$10 -> 100500 | J21: =+I21-H21 -> 1.065823e-05 | K21: =+[4]창원!$G$12 -> 61000 | L21: =+[4]창원!$H$12 -> 60000.903 | M21: =+L21-K21 -> -999.09723 | N21: =+[4]창원!$G$13 -> 29500 | O21: =+[4]창원!$H$13 -> 31498.349 | P21: =+O21-N21 -> 1998.3485 | Q21: =+[4]창원!$G$16 -> 11466.667 | R21: =+[4]창원!$H$16 -> 11286.458 | S21: =+R21-Q21 -> -180.20877 | T21: =+[4]창원!$G$17 -> 17046.561 | U21: =+[4]창원!$H$17 -> 15652.933 | V21: =+U21-T21 -> -1393.6276
D22: 대구 | E22: =+[4]대구!$G$9 -> 97000 | F22: =+[4]대구!$H$9 -> 100000 | G22: =+F22-E22 -> 3000.001 | H22: =+[4]대구!$G$10 -> 0 | I22: =+[4]대구!$H$10 -> 0 | J22: =+I22-H22 -> 0 | K22: =+[4]대구!$G$12 -> 57200 | L22: =+[4]대구!$H$12 -> 57555.18 | M22: =+L22-K22 -> 355.18002 | N22: =+[4]대구!$G$13 -> 31000 | O22: =+[4]대구!$H$13 -> 32392.954 | P22: =+O22-N22 -> 1392.9541 | Q22: =+[4]대구!$G$16 -> 10933.333 | R22: =+[4]대구!$H$16 -> 10668.412 | S22: =+R22-Q22 -> -264.92122 | T22: =+[4]대구!$G$17 -> 14319.244 | U22: =+[4]대구!$H$17 -> 14145.203 | V22: =+U22-T22 -> -174.04108
D23: 울산 | E23: =+[4]울산!$G$9 -> 97000 | F23: =+[4]울산!$H$9 -> 100000 | G23: =+F23-E23 -> 3000.0004 | H23: =+[4]울산!$G$10 -> 0 | I23: =+[4]울산!$H$10 -> 0 | J23: =+I23-H23 -> 0 | K23: =+[4]울산!$G$12 -> 57200 | L23: =+[4]울산!$H$12 -> 56847.603 | M23: =+L23-K23 -> -352.39723 | N23: =+[4]울산!$G$13 -> 33500 | O23: =+[4]울산!$H$13 -> 35497.399 | P23: =+O23-N23 -> 1997.3986 | Q23: =+[4]울산!$G$16 -> 12533.333 | R23: =+[4]울산!$H$16 -> 12262.298 | S23: =+R23-Q23 -> -271.03562 | T23: =+[4]울산!$G$17 -> 19928.717 | U23: =+[4]울산!$H$17 -> 21524.048 | V23: =+U23-T23 -> 1595.3314
D24: 아산 | E24: =+[4]아산!$G$9 -> 97000 | F24: =+[4]아산!$H$9 -> 99729.918 | G24: =+F24-E24 -> 2729.9175 | H24: =+[4]아산!$G$10 -> 83600 | I24: =+[4]아산!$H$10 -> 86600.005 | J24: =+I24-H24 -> 3000.0052 | K24: =+[4]아산!$G$12 -> 60000 | L24: =+[4]아산!$H$12 -> 57081.329 | M24: =+L24-K24 -> -2918.6711 | N24: =+[4]아산!$G$13 -> 37500 | O24: =+[4]아산!$H$13 -> 39122.281 | P24: =+O24-N24 -> 1622.2812 | Q24: =+[4]아산!$G$16 -> 10853.333 | R24: =+[4]아산!$H$16 -> 10866.034 | S24: =+R24-Q24 -> 12.70083 | T24: =+[4]아산!$G$17 -> 12554.839 | U24: =+[4]아산!$H$17 -> 12451.807 | V24: =+U24-T24 -> -103.03213
D25: 전주 | E25: =+[4]전주!$G$9 -> 97000 | F25: =+[4]전주!$H$9 -> 100000 | G25: =+F25-E25 -> 3000 | H25: =+[4]전주!$G$10 -> 94500 | I25: =+[4]전주!$H$10 -> 97499.935 | J25: =+I25-H25 -> 2999.9352 | K25: =+[4]전주!$G$12 -> 60000 | L25: =+[4]전주!$H$12 -> 57629.271 | M25: =+L25-K25 -> -2370.7291 | N25: =+[4]전주!$G$13 -> 32500 | O25: =+[4]전주!$H$13 -> 34427.534 | P25: =+O25-N25 -> 1927.5338 | Q25: =+[4]전주!$G$16 -> 14733.333 | R25: =+[4]전주!$H$16 -> 13676.143 | S25: =+R25-Q25 -> -1057.1905 | T25: =+[4]전주!$G$17 -> 16000 | U25: =+[4]전주!$H$17 -> 15893.581 | V25: =+U25-T25 -> -106.41904
D26: 군산 | E26: =+[4]군산!$G$9 -> 97000 | F26: =+[4]군산!$H$9 -> 100000 | G26: =+F26-E26 -> 3000 | H26: =+[4]군산!$G$10 -> 0 | I26: =+[4]군산!$H$10 -> 93100.058 | J26: =+I26-H26 -> 93100.058 | K26: =+[4]군산!$G$12 -> 61000 | L26: =+[4]군산!$H$12 -> 58965.853 | M26: =+L26-K26 -> -2034.147 | N26: =+[4]군산!$G$13 -> 32500 | O26: =+[4]군산!$H$13 -> 32593.733 | P26: =+O26-N26 -> 93.733164 | Q26: =+[4]군산!$G$16 -> 15133.333 | R26: =+[4]군산!$H$16 -> 15151.268 | S26: =+R26-Q26 -> 17.934256 | T26: =+[4]군산!$G$17 -> 15328.768 | U26: =+[4]군산!$H$17 -> 16084.879 | V26: =+U26-T26 -> 756.11127
D27: 원주 | E27: =+[4]원주!$G$9 -> 97000 | F27: =+[4]원주!$H$9 -> 100000 | G27: =+F27-E27 -> 3000 | H27: =+[4]원주!$G$10 -> 0 | I27: =+[4]원주!$H$10 -> 0 | J27: =+I27-H27 -> 0 | K27: =+[4]원주!$G$12 -> 60000 | L27: =+[4]원주!$H$12 -> 57368.564 | M27: =+L27-K27 -> -2631.4363 | N27: =+[4]원주!$G$13 -> 45000 | O27: =+[4]원주!$H$13 -> 48771.245 | P27: =+O27-N27 -> 3771.2448 | Q27: =+[4]원주!$G$16 -> 12466.667 | R27: =+[4]원주!$H$16 -> 12290.846 | S27: =+R27-Q27 -> -175.82028 | T27: =+[4]원주!$G$17 -> 12387.097 | U27: =+[4]원주!$H$17 -> 12159.18 | V27: =+U27-T27 -> -227.91709
D28: 제주 | E28: =+[4]제주!$G$9 -> 114000 | F28: =+[4]제주!$H$9 -> 117000 | G28: =+F28-E28 -> 3000.0015 | H28: =+[4]제주!$G$10 -> 114000 | I28: =+[4]제주!$H$10 -> 0 | J28: =+I28-H28 -> -114000 | K28: =+[4]제주!$G$12 -> 0 | L28: =+[4]제주!$H$12 -> 0 | M28: =+L28-K28 -> 0 | N28: =+[4]제주!$G$13 -> 0 | O28: =+[4]제주!$H$13 -> 0 | P28: =+O28-N28 -> 0 | Q28: =+[4]제주!$G$16 -> 18000 | R28: =+[4]제주!$H$16 -> 18074.204 | S28: =+R28-Q28 -> 74.203774 | T28: =+[4]제주!$G$17 -> 19002.028 | U28: =+[4]제주!$H$17 -> 20016.353 | V28: =+U28-T28 -> 1014.3243

Sheet 원단위
D4: □ 레미콘 원재료 원단위(2026-05)
V5: [단위 : kg/㎥]
D6: 구분 | E6: OPC | H6: 분체류 | K6: 분체류 치환률 | N6: 자갈 | Q6: 모래 | T6: 혼화제
E7: 계획 | F7: 실적 | G7: 차이 | H7: 계획 | I7: 실적 | J7: 차이 | K7: 계획 | L7: 실적 | M7: 차이 | N7: 계획 | O7: 실적 | P7: 차이 | Q7: 계획 | R7: 실적 | S7: 차이 | T7: 계획 | U7: 실적 | V7: 차이
D8: 평균 | E8: =+[4]합계!$E$9 -> 250.71779 | F8: =+[4]합계!$F$9 -> 259.07915 | G8: =+F8-E8 -> 8.3613592 | H8: =+[4]합계!$E$15 -> 369.47076 | I8: =+[4]합계!$F$15 -> 377.28845 | J8: =+I8-H8 -> 7.8176936 | K8: =+([4]합계!$E$10*0.4+[4]합계!$E$11+[4]합계!$E$12+[4]합계!$E$13+[4]합계!$E$14)/[4]합계!$E$15 -> 0.26663865 | L8: =+([4]합계!$F$10*0.4+[4]합계!$F$11+[4]합계!$F$12+[4]합계!$F$13+[4]합계!$F$14)/[4]합계!$F$15 -> 0.25078594 | M8: =+L8-K8 -> -0.015852715 | N8: =+[4]합계!$E$16 -> 826.22879 | O8: =+[4]합계!$F$16 -> 814.19604 | P8: =+O8-N8 -> -12.032743 | Q8: =+[4]합계!$E$17 -> 894.54783 | R8: =+[4]합계!$F$17 -> 900.04145 | S8: =+R8-Q8 -> 5.4936284 | T8: =+[4]합계!$E$19 -> 3.2089933 | U8: =+[4]합계!$F$19 -> 3.1936612 | V8: =+U8-T8 -> -0.015332099
D9: 수도권 | E9: =+[4]수도권!$E$9 -> 274.88565 | F9: =+[4]수도권!$F$9 -> 281.93057 | G9: =+F9-E9 -> 7.0449178 | H9: =+[4]수도권!$E$15 -> 375.64165 | I9: =+[4]수도권!$F$15 -> 378.83108 | J9: =+I9-H9 -> 3.1894222 | K9: =+([4]수도권!$E$10*0.4+[4]수도권!$E$11+[4]수도권!$E$12+[4]수도권!$E$13+[4]수도권!$E$14)/[4]수도권!$E$15 -> 0.2442495 | L9: =+([4]수도권!$F$10*0.4+[4]수도권!$F$11+[4]수도권!$F$12+[4]수도권!$F$13+[4]수도권!$F$14)/[4]수도권!$F$15 -> 0.22381261 | M9: =+L9-K9 -> -0.020436893 | N9: =+[4]수도권!$E$16 -> 850.33886 | O9: =+[4]수도권!$F$16 -> 853.6438 | P9: =+O9-N9 -> 3.3049436 | Q9: =+[4]수도권!$E$17 -> 881.17707 | R9: =+[4]수도권!$F$17 -> 868.29418 | S9: =+R9-Q9 -> -12.882887 | T9: =+[4]수도권!$E$19 -> 3.2583066 | U9: =+[4]수도권!$F$19 -> 3.2153369 | V9: =+U9-T9 -> -0.042969672
D10: 영남권 | E10: =+[4]영남권!$E$9 -> 219.94804 | F10: =+[4]영남권!$F$9 -> 220.53625 | G10: =+F10-E10 -> 0.58820623 | H10: =+[4]영남권!$E$15 -> 363.68558 | I10: =+[4]영남권!$F$15 -> 376.88906 | J10: =+I10-H10 -> 13.203485 | K10: =+([4]영남권!$E$10*0.4+[4]영남권!$E$11+[4]영남권!$E$12+[4]영남권!$E$13+[4]영남권!$E$14)/[4]영남권!$E$15 -> 0.2963131 | L10: =+([4]영남권!$F$10*0.4+[4]영남권!$F$11+[4]영남권!$F$12+[4]영남권!$F$13+[4]영남권!$F$14)/[4]영남권!$F$15 -> 0.30755623 | M10: =+L10-K10 -> 0.011243129 | N10: =+[4]영남권!$E$16 -> 809.43931 | O10: =+[4]영남권!$F$16 -> 783.64991 | P10: =+O10-N10 -> -25.789391 | Q10: =+[4]영남권!$E$17 -> 897.28292 | R10: =+[4]영남권!$F$17 -> 905.79475 | S10: =+R10-Q10 -> 8.5118259 | T10: =+[4]영남권!$E$19 -> 3.2643077 | U10: =+[4]영남권!$F$19 -> 3.2080718 | V10: =+U10-T10 -> -0.056235945
D11: 기타권 | E11: =+[4]중부권!$E$9 -> 272.85186 | F11: =+[4]중부권!$F$9 -> 285.63767 | G11: =+F11-E11 -> 12.785819 | H11: =+[4]중부권!$E$15 -> 370.07331 | I11: =+[4]중부권!$F$15 -> 374.76747 | J11: =+I11-H11 -> 4.6941586 | K11: =+([4]중부권!$E$10*0.4+[4]중부권!$E$11+[4]중부권!$E$12+[4]중부권!$E$13+[4]중부권!$E$14)/[4]중부권!$E$15 -> 0.24526888 | L11: =+([4]중부권!$F$10*0.4+[4]중부권!$F$11+[4]중부권!$F$12+[4]중부권!$F$13+[4]중부권!$F$14)/[4]중부권!$F$15 -> 0.19735017 | M11: =+L11-K11 -> -0.047918715 | N11: =+[4]중부권!$E$16 -> 814.41238 | O11: =+[4]중부권!$F$16 -> 789.55409 | P11: =+O11-N11 -> -24.858281 | Q11: =+[4]중부권!$E$17 -> 917.12956 | R11: =+[4]중부권!$F$17 -> 956.75378 | S11: =+R11-Q11 -> 39.624222 | T11: =+[4]중부권!$E$19 -> 2.9662917 | U11: =+[4]중부권!$F$19 -> 3.1190221 | V11: =+U11-T11 -> 0.15273046
D12: 안양 | E12: =+[4]안양!$E$9 -> 293.06757 | F12: =+[4]안양!$F$9 -> 294.14791 | G12: =+F12-E12 -> 1.0803432 | H12: =+[4]안양!$E$15 -> 370.48649 | I12: =+[4]안양!$F$15 -> 379.18194 | J12: =+I12-H12 -> 8.6954514 | K12: =+([4]안양!$E$10*0.4+[4]안양!$E$11+[4]안양!$E$12+[4]안양!$E$13+[4]안양!$E$14)/[4]안양!$E$15 -> 0.20896557 | L12: =+([4]안양!$F$10*0.4+[4]안양!$F$11+[4]안양!$F$12+[4]안양!$F$13+[4]안양!$F$14)/[4]안양!$F$15 -> 0.22037236 | M12: =+L12-K12 -> 0.011406795 | N12: =+[4]안양!$E$16 -> 842.94595 | O12: =+[4]안양!$F$16 -> 831.41059 | P12: =+O12-N12 -> -11.535359 | Q12: =+[4]안양!$E$17 -> 878.09459 | R12: =+[4]안양!$F$17 -> 867.66457 | S12: =+R12-Q12 -> -10.430026 | T12: =+[4]안양!$E$19 -> 3.35 | U12: =+[4]안양!$F$19 -> 3.2507759 | V12: =+U12-T12 -> -0.099224148
D13: 인천 | E13: =+[4]인천!$E$9 -> 272.14286 | F13: =+[4]인천!$F$9 -> 298.86005 | G13: =+F13-E13 -> 26.717198 | H13: =+[4]인천!$E$15 -> 391.25714 | I13: =+[4]인천!$F$15 -> 393.64629 | J13: =+I13-H13 -> 2.3891519 | K13: =+([4]인천!$E$10*0.4+[4]인천!$E$11+[4]인천!$E$12+[4]인천!$E$13+[4]인천!$E$14)/[4]인천!$E$15 -> 0.25536731 | L13: =+([4]인천!$F$10*0.4+[4]인천!$F$11+[4]인천!$F$12+[4]인천!$F$13+[4]인천!$F$14)/[4]인천!$F$15 -> 0.19909048 | M13: =+L13-K13 -> -0.05627683 | N13: =+[4]인천!$E$16 -> 880 | O13: =+[4]인천!$F$16 -> 878.17978 | P13: =+O13-N13 -> -1.820222 | Q13: =+[4]인천!$E$17 -> 849.91429 | R13: =+[4]인천!$F$17 -> 859.87802 | S13: =+R13-Q13 -> 9.9637383 | T13: =+[4]인천!$E$19 -> 3.2874286 | U13: =+[4]인천!$F$19 -> 3.3738622 | V13: =+U13-T13 -> 0.086433673
D14: 파주 | E14: =+[4]파주!$E$9 -> 286.49964 | F14: =+[4]파주!$F$9 -> 289.02788 | G14: =+F14-E14 -> 2.5282352 | H14: =+[4]파주!$E$15 -> 370.65964 | I14: =+[4]파주!$F$15 -> 369.24474 | J14: =+I14-H14 -> -1.4149044 | K14: =+([4]파주!$E$10*0.4+[4]파주!$E$11+[4]파주!$E$12+[4]파주!$E$13+[4]파주!$E$14)/[4]파주!$E$15 -> 0.22705466 | L14: =+([4]파주!$F$10*0.4+[4]파주!$F$11+[4]파주!$F$12+[4]파주!$F$13+[4]파주!$F$14)/[4]파주!$F$15 -> 0.21724578 | M14: =+L14-K14 -> -0.0098088844 | N14: =+[4]파주!$E$16 -> 833.44889 | O14: =+[4]파주!$F$16 -> 856.75624 | P14: =+O14-N14 -> 23.307353 | Q14: =+[4]파주!$E$17 -> 907.644 | R14: =+[4]파주!$F$17 -> 857.02796 | S14: =+R14-Q14 -> -50.616045 | T14: =+[4]파주!$E$19 -> 2.9690107 | U14: =+[4]파주!$F$19 -> 2.8843093 | V14: =+U14-T14 -> -0.084701332
D15: 김포 | E15: =+[4]김포!$E$9 -> 222.5 | F15: =+[4]김포!$F$9 -> 215.47068 | G15: =+F15-E15 -> -7.0293203 | H15: =+[4]김포!$E$15 -> 357.9 | I15: =+[4]김포!$F$15 -> 358.25473 | J15: =+I15-H15 -> 0.35473134 | K15: =+([4]김포!$E$10*0.4+[4]김포!$E$11+[4]김포!$E$12+[4]김포!$E$13+[4]김포!$E$14)/[4]김포!$E$15 -> 0.32735401 | L15: =+([4]김포!$F$10*0.4+[4]김포!$F$11+[4]김포!$F$12+[4]김포!$F$13+[4]김포!$F$14)/[4]김포!$F$15 -> 0.29005524 | M15: =+L15-K15 -> -0.037298765 | N15: =+[4]김포!$E$16 -> 819.63333 | O15: =+[4]김포!$F$16 -> 854.49113 | P15: =+O15-N15 -> 34.8578 | Q15: =+[4]김포!$E$17 -> 929.96667 | R15: =+[4]김포!$F$17 -> 895.8582 | S15: =+R15-Q15 -> -34.108464 | T15: =+[4]김포!$E$19 -> 3.3113333 | U15: =+[4]김포!$F$19 -> 3.1267991 | V15: =+U15-T15 -> -0.18453425
D16: 부산 | E16: =+[4]부산!$E$9 -> 186.50643 | F16: =+[4]부산!$F$9 -> 212.84736 | G16: =+F16-E16 -> 26.34093 | H16: =+[4]부산!$E$15 -> 365.6695 | I16: =+[4]부산!$F$15 -> 408.26119 | J16: =+I16-H16 -> 42.591688 | K16: =+([4]부산!$E$10*0.4+[4]부산!$E$11+[4]부산!$E$12+[4]부산!$E$13+[4]부산!$E$14)/[4]부산!$E$15 -> 0.24397839 | L16: =+([4]부산!$F$10*0.4+[4]부산!$F$11+[4]부산!$F$12+[4]부산!$F$13+[4]부산!$F$14)/[4]부산!$F$15 -> 0.26698004 | M16: =+L16-K16 -> 0.023001656 | N16: =+[4]부산!$E$16 -> 850.4 | O16: =+[4]부산!$F$16 -> 890.2666 | P16: =+O16-N16 -> 39.866601 | Q16: =+[4]부산!$E$17 -> 870.2 | R16: =+[4]부산!$F$17 -> 824.97341 | S16: =+R16-Q16 -> -45.226592 | T16: =+[4]부산!$E$19 -> 3.252049 | U16: =+[4]부산!$F$19 -> 3.5575718 | V16: =+U16-T16 -> 0.30552278
D17: 서부산 | E17: =+[4]서부산!$E$9 -> 246.66046 | F17: =+[4]서부산!$F$9 -> 248.13398 | G17: =+F17-E17 -> 1.4735221 | H17: =+[4]서부산!$E$15 -> 368.19533 | I17: =+[4]서부산!$F$15 -> 383.68558 | J17: =+I17-H17 -> 15.490242 | K17: =+([4]서부산!$E$10*0.4+[4]서부산!$E$11+[4]서부산!$E$12+[4]서부산!$E$13+[4]서부산!$E$14)/[4]서부산!$E$15 -> 0.24813576 | L17: =+([4]서부산!$F$10*0.4+[4]서부산!$F$11+[4]서부산!$F$12+[4]서부산!$F$13+[4]서부산!$F$14)/[4]서부산!$F$15 -> 0.24884313 | M17: =+L17-K17 -> 0.00070736414 | N17: =+[4]서부산!$E$16 -> 824.475 | O17: =+[4]서부산!$F$16 -> 807.53456 | P17: =+O17-N17 -> -16.940441 | Q17: =+[4]서부산!$E$17 -> 907.285 | R17: =+[4]서부산!$F$17 -> 930.87042 | S17: =+R17-Q17 -> 23.585424 | T17: =+[4]서부산!$E$19 -> 3.3405 | U17: =+[4]서부산!$F$19 -> 3.2124249 | V17: =+U17-T17 -> -0.12807507
D18: 김해 | E18: =+[4]김해!$E$9 -> 157.24571 | F18: =+[4]김해!$F$9 -> 85.110548 | G18: =+F18-E18 -> -72.135166 | H18: =+[4]김해!$E$15 -> 360 | I18: =+[4]김해!$F$15 -> 346.80378 | J18: =+I18-H18 -> -13.196218 | K18: =+([4]김해!$E$10*0.4+[4]김해!$E$11+[4]김해!$E$12+[4]김해!$E$13+[4]김해!$E$14)/[4]김해!$E$15 -> 0.28451111 | L18: =+([4]김해!$F$10*0.4+[4]김해!$F$11+[4]김해!$F$12+[4]김해!$F$13+[4]김해!$F$14)/[4]김해!$F$15 -> 0.36797432 | M18: =+L18-K18 -> 0.083463205 | N18: =+[4]김해!$E$16 -> 796 | O18: =+[4]김해!$F$16 -> 831.53663 | P18: =+O18-N18 -> 35.536634 | Q18: =+[4]김해!$E$17 -> 914 | R18: =+[4]김해!$F$17 -> 853.42591 | S18: =+R18-Q18 -> -60.574091 | T18: =+[4]김해!$E$19 -> 3.4062 | U18: =+[4]김해!$F$19 -> 2.3637402 | V18: =+U18-T18 -> -1.0424598
D19: 정관 | E19: =+[4]정관!$E$9 -> 220.75598 | F19: =+[4]정관!$F$9 -> 220.68547 | G19: =+F19-E19 -> -0.07050902 | H19: =+[4]정관!$E$15 -> 372.04526 | I19: =+[4]정관!$F$15 -> 377.79116 | J19: =+I19-H19 -> 5.7458947 | K19: =+([4]정관!$E$10*0.4+[4]정관!$E$11+[4]정관!$E$12+[4]정관!$E$13+[4]정관!$E$14)/[4]정관!$E$15 -> 0.35202781 | L19: =+([4]정관!$F$10*0.4+[4]정관!$F$11+[4]정관!$F$12+[4]정관!$F$13+[4]정관!$F$14)/[4]정관!$F$15 -> 0.33884071 | M19: =+L19-K19 -> -0.013187093 | N19: =+[4]정관!$E$16 -> 824.21823 | O19: =+[4]정관!$F$16 -> 742.74757 | P19: =+O19-N19 -> -81.470667 | Q19: =+[4]정관!$E$17 -> 903.21085 | R19: =+[4]정관!$F$17 -> 952.07311 | S19: =+R19-Q19 -> 48.862263 | T19: =+[4]정관!$E$19 -> 3.3484074 | U19: =+[4]정관!$F$19 -> 3.63334 | V19: =+U19-T19 -> 0.28493269
D20: 양산 | E20: =+[4]양산!$E$9 -> 237.72 | F20: =+[4]양산!$F$9 -> 221.01017 | G20: =+F20-E20 -> -16.709825 | H20: =+[4]양산!$E$15 -> 359.71 | I20: =+[4]양산!$F$15 -> 359.52636 | J20: =+I20-H20 -> -0.1836366 | K20: =+([4]양산!$E$10*0.4+[4]양산!$E$11+[4]양산!$E$12+[4]양산!$E$13+[4]양산!$E$14)/[4]양산!$E$15 -> 0.3391343 | L20: =+([4]양산!$F$10*0.4+[4]양산!$F$11+[4]양산!$F$12+[4]양산!$F$13+[4]양산!$F$14)/[4]양산!$F$15 -> 0.38527408 | M20: =+L20-K20 -> 0.046139777 | N20: =+[4]양산!$E$16 -> 783.83 | O20: =+[4]양산!$F$16 -> 717.8024 | P20: =+O20-N20 -> -66.027602 | Q20: =+[4]양산!$E$17 -> 894.86 | R20: =+[4]양산!$F$17 -> 907.60428 | S20: =+R20-Q20 -> 12.744275 | T20: =+[4]양산!$E$19 -> 3.0811 | U20: =+[4]양산!$F$19 -> 3.0458238 | V20: =+U20-T20 -> -0.035276225
D21: 창원 | E21: =+[4]창원!$E$9 -> 213.77143 | F21: =+[4]창원!$F$9 -> 211.67095 | G21: =+F21-E21 -> -2.100477 | H21: =+[4]창원!$E$15 -> 353.17714 | I21: =+[4]창원!$F$15 -> 353.41049 | J21: =+I21-H21 -> 0.23334532 | K21: =+([4]창원!$E$10*0.4+[4]창원!$E$11+[4]창원!$E$12+[4]창원!$E$13+[4]창원!$E$14)/[4]창원!$E$15 -> 0.32270168 | L21: =+([4]창원!$F$10*0.4+[4]창원!$F$11+[4]창원!$F$12+[4]창원!$F$13+[4]창원!$F$14)/[4]창원!$F$15 -> 0.33049872 | M21: =+L21-K21 -> 0.0077970431 | N21: =+[4]창원!$E$16 -> 828.54286 | O21: =+[4]창원!$F$16 -> 825.80394 | P21: =+O21-N21 -> -2.7389142 | Q21: =+[4]창원!$E$17 -> 869.9 | R21: =+[4]창원!$F$17 -> 869.53442 | S21: =+R21-Q21 -> -0.36557987 | T21: =+[4]창원!$E$19 -> 3.0811429 | U21: =+[4]창원!$F$19 -> 3.0992514 | V21: =+U21-T21 -> 0.018108494
D22: 대구 | E22: =+[4]대구!$E$9 -> 233.316 | F22: =+[4]대구!$F$9 -> 211.89202 | G22: =+F22-E22 -> -21.423978 | H22: =+[4]대구!$E$15 -> 343.26 | I22: =+[4]대구!$F$15 -> 330.81659 | J22: =+I22-H22 -> -12.443415 | K22: =+([4]대구!$E$10*0.4+[4]대구!$E$11+[4]대구!$E$12+[4]대구!$E$13+[4]대구!$E$14)/[4]대구!$E$15 -> 0.32029365 | L22: =+([4]대구!$F$10*0.4+[4]대구!$F$11+[4]대구!$F$12+[4]대구!$F$13+[4]대구!$F$14)/[4]대구!$F$15 -> 0.35948791 | M22: =+L22-K22 -> 0.039194256 | N22: =+[4]대구!$E$16 -> 709.76084 | O22: =+[4]대구!$F$16 -> 662.13571 | P22: =+O22-N22 -> -47.62513 | Q22: =+[4]대구!$E$17 -> 980.14592 | R22: =+[4]대구!$F$17 -> 986.29143 | S22: =+R22-Q22 -> 6.1455102 | T22: =+[4]대구!$E$19 -> 3.08934 | U22: =+[4]대구!$F$19 -> 2.712143 | V22: =+U22-T22 -> -0.37719699
D23: 울산 | E23: =+[4]울산!$E$9 -> 264.30417 | F23: =+[4]울산!$F$9 -> 262.66028 | G23: =+F23-E23 -> -1.6438886 | H23: =+[4]울산!$E$15 -> 371.5 | I23: =+[4]울산!$F$15 -> 392.06792 | J23: =+I23-H23 -> 20.567919 | K23: =+([4]울산!$E$10*0.4+[4]울산!$E$11+[4]울산!$E$12+[4]울산!$E$13+[4]울산!$E$14)/[4]울산!$E$15 -> 0.28854868 | L23: =+([4]울산!$F$10*0.4+[4]울산!$F$11+[4]울산!$F$12+[4]울산!$F$13+[4]울산!$F$14)/[4]울산!$F$15 -> 0.33006435 | M23: =+L23-K23 -> 0.041515669 | N23: =+[4]울산!$E$16 -> 774.02917 | O23: =+[4]울산!$F$16 -> 670.49211 | P23: =+O23-N23 -> -103.53706 | Q23: =+[4]울산!$E$17 -> 872.77083 | R23: =+[4]울산!$F$17 -> 923.42875 | S23: =+R23-Q23 -> 50.657918 | T23: =+[4]울산!$E$19 -> 3.3829167 | U23: =+[4]울산!$F$19 -> 2.9978785 | V23: =+U23-T23 -> -0.38503814
D24: 아산 | E24: =+[4]아산!$E$9 -> 282.09996 | F24: =+[4]아산!$F$9 -> 301.13213 | G24: =+F24-E24 -> 19.032173 | H24: =+[4]아산!$E$15 -> 383.61904 | I24: =+[4]아산!$F$15 -> 395.28417 | J24: =+I24-H24 -> 11.665125 | K24: =+([4]아산!$E$10*0.4+[4]아산!$E$11+[4]아산!$E$12+[4]아산!$E$13+[4]아산!$E$14)/[4]아산!$E$15 -> 0.25965514 | L24: =+([4]아산!$F$10*0.4+[4]아산!$F$11+[4]아산!$F$12+[4]아산!$F$13+[4]아산!$F$14)/[4]아산!$F$15 -> 0.1996634 | M24: =+L24-K24 -> -0.059991739 | N24: =+[4]아산!$E$16 -> 858.00064 | O24: =+[4]아산!$F$16 -> 811.18051 | P24: =+O24-N24 -> -46.82013 | Q24: =+[4]아산!$E$17 -> 885.96541 | R24: =+[4]아산!$F$17 -> 961.93435 | S24: =+R24-Q24 -> 75.968937 | T24: =+[4]아산!$E$19 -> 3.0482727 | U24: =+[4]아산!$F$19 -> 3.5771388 | V24: =+U24-T24 -> 0.52886607
D25: 전주 | E25: =+[4]전주!$E$9 -> 249.4575 | F25: =+[4]전주!$F$9 -> 229.92539 | G25: =+F25-E25 -> -19.532108 | H25: =+[4]전주!$E$15 -> 359.625 | I25: =+[4]전주!$F$15 -> 359.44533 | J25: =+I25-H25 -> -0.1796741 | K25: =+([4]전주!$E$10*0.4+[4]전주!$E$11+[4]전주!$E$12+[4]전주!$E$13+[4]전주!$E$14)/[4]전주!$E$15 -> 0.28764407 | L25: =+([4]전주!$F$10*0.4+[4]전주!$F$11+[4]전주!$F$12+[4]전주!$F$13+[4]전주!$F$14)/[4]전주!$F$15 -> 0.27107909 | M25: =+L25-K25 -> -0.01656498 | N25: =+[4]전주!$E$16 -> 728.665 | O25: =+[4]전주!$F$16 -> 718.04698 | P25: =+O25-N25 -> -10.618021 | Q25: =+[4]전주!$E$17 -> 995.58167 | R25: =+[4]전주!$F$17 -> 1003.1042 | S25: =+R25-Q25 -> 7.5224881 | T25: =+[4]전주!$E$19 -> 2.8283333 | U25: =+[4]전주!$F$19 -> 2.4503192 | V25: =+U25-T25 -> -0.3780141
D26: 군산 | E26: =+[4]군산!$E$9 -> 270.24 | F26: =+[4]군산!$F$9 -> 272.76227 | G26: =+F26-E26 -> 2.5222669 | H26: =+[4]군산!$E$15 -> 355.32 | I26: =+[4]군산!$F$15 -> 353.44508 | J26: =+I26-H26 -> -1.8749249 | K26: =+([4]군산!$E$10*0.4+[4]군산!$E$11+[4]군산!$E$12+[4]군산!$E$13+[4]군산!$E$14)/[4]군산!$E$15 -> 0.23944613 | L26: =+([4]군산!$F$10*0.4+[4]군산!$F$11+[4]군산!$F$12+[4]군산!$F$13+[4]군산!$F$14)/[4]군산!$F$15 -> 0.20604987 | M26: =+L26-K26 -> -0.033396259 | N26: =+[4]군산!$E$16 -> 856 | O26: =+[4]군산!$F$16 -> 859.07263 | P26: =+O26-N26 -> 3.0726257 | Q26: =+[4]군산!$E$17 -> 818 | R26: =+[4]군산!$F$17 -> 801.52204 | S26: =+R26-Q26 -> -16.477964 | T26: =+[4]군산!$E$19 -> 2.76 | U26: =+[4]군산!$F$19 -> 2.607486 | V26: =+U26-T26 -> -0.15251397
D27: 원주 | E27: =+[4]원주!$E$9 -> 269.75 | F27: =+[4]원주!$F$9 -> 277.29291 | G27: =+F27-E27 -> 7.5429102 | H27: =+[4]원주!$E$15 -> 363.25 | I27: =+[4]원주!$F$15 -> 360.03546 | J27: =+I27-H27 -> -3.2145384 | K27: =+([4]원주!$E$10*0.4+[4]원주!$E$11+[4]원주!$E$12+[4]원주!$E$13+[4]원주!$E$14)/[4]원주!$E$15 -> 0.25739849 | L27: =+([4]원주!$F$10*0.4+[4]원주!$F$11+[4]원주!$F$12+[4]원주!$F$13+[4]원주!$F$14)/[4]원주!$F$15 -> 0.22981778 | M27: =+L27-K27 -> -0.027580703 | N27: =+[4]원주!$E$16 -> 866.5 | O27: =+[4]원주!$F$16 -> 848.37914 | P27: =+O27-N27 -> -18.120856 | Q27: =+[4]원주!$E$17 -> 880.625 | R27: =+[4]원주!$F$17 -> 879.10722 | S27: =+R27-Q27 -> -1.5177822 | T27: =+[4]원주!$E$19 -> 2.9825 | U27: =+[4]원주!$F$19 -> 2.9240873 | V27: =+U27-T27 -> -0.058412715
D28: 제주 | E28: =+[4]제주!$E$9 -> 293.4 | F28: =+[4]제주!$F$9 -> 363.22635 | G28: =+F28-E28 -> 69.82635 | H28: =+[4]제주!$E$15 -> 355.76 | I28: =+[4]제주!$F$15 -> 363.22635 | J28: =+I28-H28 -> 7.46635 | K28: =+([4]제주!$E$10*0.4+[4]제주!$E$11+[4]제주!$E$12+[4]제주!$E$13+[4]제주!$E$14)/[4]제주!$E$15 -> 0.070114684 | L28: =+([4]제주!$F$10*0.4+[4]제주!$F$11+[4]제주!$F$12+[4]제주!$F$13+[4]제주!$F$14)/[4]제주!$F$15 -> 0 | M28: =+L28-K28 -> -0.070114684 | N28: =+[4]제주!$E$16 -> 745.16 | O28: =+[4]제주!$F$16 -> 748.95319 | P28: =+O28-N28 -> 3.7931898 | Q28: =+[4]제주!$E$17 -> 994.3 | R28: =+[4]제주!$F$17 -> 1038.5414 | S28: =+R28-Q28 -> 44.241379 | T28: =+[4]제주!$E$19 -> 3.13 | U28: =+[4]제주!$F$19 -> 3.440237 | V28: =+U28-T28 -> 0.31023701

Sheet 건자재
D6: □ 건자재 손익실적(2026-05)
O7: [단위 : 톤, 천원]
D8: 구분 | F8: 5월 | K8: 5월누계
F9: 계획 | G9: 실적 | H9: 계획대비 | I9: 전년 | J9: 전년대비 | K9: 계획 | L9: 실적 | M9: 계획대비 | N9: 전년 | O9: 전년대비
D10: 판매량 | E10: 철강재 | F10: =+IFERROR(HLOOKUP($F$8,[12]손익!$G$5:$AF$55,[12]손익!$D29,),) -> 8100 | G10: =+'[13]5월'!$G$8 -> 3740.231 | H10: =+G10-F10 -> -4359.769 | I10: =+'[14]5월'!$G$8 -> 10256.286 | J10: =+G10-I10 -> -6516.055 | K10: =+IFERROR(HLOOKUP($K$8,[12]손익!$G$5:$AF$55,[12]손익!$D29,),) -> 41000 | L10: =+'[13]5월'!$Q$8 -> 21045.185 | M10: =+L10-K10 -> -19954.815 | N10: =+'[14]5월'!$Q$8 -> 55602.746 | O10: =+L10-N10 -> -34557.561
D11: 판매단가 | E11: 철강재 | F11: =+IFERROR(HLOOKUP($F$8,[12]손익!$G$5:$AF$55,[12]손익!$D30,),) -> 784722.22 | G11: =+G12/G10*1000 -> 873685.86 | H11: =+G11-F11 -> 88963.643 | I11: =+I12/I10*1000 -> 798001.53 | J11: =+G11-I11 -> 75684.339 | K11: =+IFERROR(HLOOKUP($K$8,[12]손익!$G$5:$AF$55,[12]손익!$D30,),) -> 756973.17 | L11: =+L12/L10*1000 -> 818753.01 | M11: =+L11-K11 -> 61779.839 | N11: =+N12/N10*1000 -> 765049.29 | O11: =+L11-N11 -> 53703.721
D12: 매출액 | E12: 철강재 | F12: =+IFERROR(HLOOKUP($F$8,[12]손익!$G$5:$AF$55,[12]손익!$D31,),) -> 6356250 | G12: =+'[13]5월'!$G$9 -> 3267787 | H12: =+G12-F12 -> -3088463 | I12: =+'[14]5월'!$G$9 -> 8184531.9 | J12: =+G12-I12 -> -4916744.9 | K12: =+IFERROR(HLOOKUP($K$8,[12]손익!$G$5:$AF$55,[12]손익!$D31,),) -> 31035900 | L12: =+'[13]5월'!$Q$9 -> 17230809 | M12: =+L12-K12 -> -13805091 | N12: =+'[14]5월'!$Q$9 -> 42538841 | O12: =+L12-N12 -> -25308033
E13: 기타 | F13: =+IFERROR(HLOOKUP($F$8,[12]손익!$G$5:$AF$55,[12]손익!$D32,),) -> 1825846 | G13: =+'[13]5월'!$J$9 -> 1246460.9 | H13: =+G13-F13 -> -579385.06 | I13: =+'[14]5월'!$J$9 -> 1840573.7 | J13: =+G13-I13 -> -594112.79 | K13: =+IFERROR(HLOOKUP($K$8,[12]손익!$G$5:$AF$55,[12]손익!$D32,),) -> 9003557.4 | L13: =+'[13]5월'!$T$9 -> 5290521.2 | M13: =+L13-K13 -> -3713036.2 | N13: =+'[14]5월'!$T$9 -> 5926112.1 | O13: =+L13-N13 -> -635590.82
E14: (소계) | F14: =SUM(F12:F13) -> 8182096 | G14: =SUM(G12:G13) -> 4514247.9 | H14: =+G14-F14 -> -3667848.1 | I14: =SUM(I12:I13) -> 10025106 | J14: =+G14-I14 -> -5510857.7 | K14: =SUM(K12:K13) -> 40039457 | L14: =SUM(L12:L13) -> 22521330 | M14: =+L14-K14 -> -17518128 | N14: =SUM(N12:N13) -> 48464953 | O14: =+L14-N14 -> -25943624
D15: 매출원가 | E15: 철강재 | F15: =+IFERROR(HLOOKUP($F$8,[12]손익!$G$5:$AF$55,[12]손익!$D34,),) -> 6207750 | G15: =+'[13]5월'!$G$11 -> 3303714.6 | H15: =+G15-F15 -> -2904035.4 | I15: =+'[14]5월'!$G$11 -> 8048622.3 | J15: =+G15-I15 -> -4744907.7 | K15: =+IFERROR(HLOOKUP($K$8,[12]손익!$G$5:$AF$55,[12]손익!$D34,),) -> 30462450 | L15: =+'[13]5월'!$Q$11 -> 16958795 | M15: =+L15-K15 -> -13503655 | N15: =+'[14]5월'!$Q$11 -> 42028870 | O15: =+L15-N15 -> -25070075
E16: 기타 | F16: =+IFERROR(HLOOKUP($F$8,[12]손익!$G$5:$AF$55,[12]손익!$D35,),) -> 1752474.5 | G16: =+'[13]5월'!$J$11 -> 1219235.7 | H16: =+G16-F16 -> -533238.83 | I16: =+'[14]5월'!$J$11 -> 1792788.6 | J16: =+G16-I16 -> -573552.9 | K16: =+IFERROR(HLOOKUP($K$8,[12]손익!$G$5:$AF$55,[12]손익!$D35,),) -> 8649452.6 | L16: =+'[13]5월'!$T$11 -> 5126053.5 | M16: =+L16-K16 -> -3523399.1 | N16: =+'[14]5월'!$T$11 -> 5752228.8 | O16: =+L16-N16 -> -626175.31
E17: (소계) | F17: =SUM(F15:F16) -> 7960224.5 | G17: =SUM(G15:G16) -> 4522950.3 | H17: =+G17-F17 -> -3437274.2 | I17: =SUM(I15:I16) -> 9841410.9 | J17: =+G17-I17 -> -5318460.6 | K17: =SUM(K15:K16) -> 39111903 | L17: =SUM(L15:L16) -> 22084849 | M17: =+L17-K17 -> -17027054 | N17: =SUM(N15:N16) -> 47781099 | O17: =+L17-N17 -> -25696250
D18: 매출이익 | E18: 철강재 | F18: =+F12-F15 -> 148500 | G18: =+G12-G15 -> -35927.638 | H18: =+G18-F18 -> -184427.64 | I18: =+I12-I15 -> 135909.58 | J18: =+G18-I18 -> -171837.22 | K18: =+K12-K15 -> 573450 | L18: =+L12-L15 -> 272013.51 | M18: =+L18-K18 -> -301436.49 | N18: =+N12-N15 -> 509971.42 | O18: =+L18-N18 -> -237957.9
E19: % | F19: =+F18/F12 -> 0.023362832 | G19: =+G18/G12 -> -0.010994486 | H19: =+G19-F19 -> -0.034357318 | I19: =+I18/I12 -> 0.016605664 | J19: =+G19-I19 -> -0.02760015 | K19: =IFERROR(K18/K12,) -> 0.01847699 | L19: =+L18/L12 -> 0.015786463 | M19: =+L19-K19 -> -0.0026905269 | N19: =+N18/N12 -> 0.011988371 | O19: =+L19-N19 -> 0.0037980915
E20: 기타 | F20: =+F13-F16 -> 73371.49 | G20: =+G13-G16 -> 27225.257 | H20: =+G20-F20 -> -46146.233 | I20: =+I13-I16 -> 47785.144 | J20: =+G20-I20 -> -20559.887 | K20: =+K13-K16 -> 354104.83 | L20: =+L13-L16 -> 164467.77 | M20: =+L20-K20 -> -189637.06 | N20: =+N13-N16 -> 173883.27 | O20: =+L20-N20 -> -9415.503
E21: % | F21: =+F20/F13 -> 0.040184928 | G21: =+G20/G13 -> 0.021842046 | H21: =+G21-F21 -> -0.018342882 | I21: =+I20/I13 -> 0.025962092 | J21: =+G21-I21 -> -0.0041200459 | K21: =IFERROR(K20/K13,) -> 0.039329435 | L21: =+L20/L13 -> 0.031087252 | M21: =+L21-K21 -> -0.0082421827 | N21: =+N20/N13 -> 0.02934188 | O21: =+L21-N21 -> 0.0017453718
E22: (소계) | F22: =SUM(F18,F20) -> 221871.49 | G22: =SUM(G18,G20) -> -8702.381 | H22: =+G22-F22 -> -230573.87 | I22: =SUM(I18,I20) -> 183694.73 | J22: =+G22-I22 -> -192397.11 | K22: =SUM(K18,K20) -> 927554.83 | L22: =SUM(L18,L20) -> 436481.28 | M22: =+L22-K22 -> -491073.54 | N22: =SUM(N18,N20) -> 683854.69 | O22: =+L22-N22 -> -247373.4
E23: % | F23: =+F22/F14 -> 0.027116706 | G23: =+G22/G14 -> -0.0019277588 | H23: =+G23-F23 -> -0.029044465 | I23: =+I22/I14 -> 0.018323471 | J23: =+G23-I23 -> -0.020251229 | K23: =IFERROR(K22/K14,) -> 0.023166019 | L23: =+L22/L14 -> 0.019380795 | M23: =+L23-K23 -> -0.0037852235 | N23: =+N22/N14 -> 0.014110293 | O23: =+L23-N23 -> 0.0052705024
D24: 판관비 | E24: 노무비 | F24: =+IFERROR(HLOOKUP($F$8,[12]손익!$G$5:$AF$55,[12]손익!$D15,),) -> 95152.545 | G24: =+'[13]5월'!$M$19 -> 91947.356 | H24: =+G24-F24 -> -3205.189 | I24: =+'[14]5월'!$M$19 -> 94794.215 | J24: =+G24-I24 -> -2846.859 | K24: =+IFERROR(HLOOKUP($K$8,[12]손익!$G$5:$AF$55,[12]손익!$D15,),) -> 472684.91 | L24: =+'[13]5월'!$W$19 -> 486238.51 | M24: =+L24-K24 -> 13553.607 | N24: =+'[14]5월'!$W$19 -> 473504.11 | O24: =+L24-N24 -> 12734.407
E25: 경비 | F25: =+IFERROR(HLOOKUP($F$8,[12]손익!$G$5:$AF$55,[12]손익!$D16,),) -> 36998.78 | G25: =+'[13]5월'!$M$37 -> 63563.249 | H25: =+G25-F25 -> 26564.469 | I25: =+'[14]5월'!$M$37 -> 37081.119 | J25: =+G25-I25 -> 26482.13 | K25: =+IFERROR(HLOOKUP($K$8,[12]손익!$G$5:$AF$55,[12]손익!$D16,),) -> 264266.42 | L25: =+'[13]5월'!$W$37 -> 82731.643 | M25: =+L25-K25 -> -181534.78 | N25: =+'[14]5월'!$W$37 -> 242074.05 | O25: =+L25-N25 -> -159342.41
E26: (소계) | F26: =SUM(F24:F25) -> 132151.33 | G26: =SUM(G24:G25) -> 155510.61 | H26: =+G26-F26 -> 23359.28 | I26: =SUM(I24:I25) -> 131875.33 | J26: =+G26-I26 -> 23635.271 | K26: =SUM(K24:K25) -> 736951.33 | L26: =SUM(L24:L25) -> 568970.16 | M26: =+L26-K26 -> -167981.17 | N26: =SUM(N24:N25) -> 715578.16 | O26: =+L26-N26 -> -146608
D27: EBITDA | F27: =+F22-F26 -> 89720.165 | G27: =+G22-G26 -> -164212.99 | H27: =+G27-F27 -> -253933.15 | I27: =+I22-I26 -> 51819.395 | J27: =+G27-I27 -> -216032.38 | K27: =+K22-K26 -> 190603.5 | L27: =+L22-L26 -> -132488.87 | M27: =+L27-K27 -> -323092.37 | N27: =+N22-N26 -> -31723.474 | O27: =+L27-N27 -> -100765.4
E28: % | F28: =+F27/F14 -> 0.010965426 | G28: =+G27/G14 -> -0.036376599 | H28: =+G28-F28 -> -0.047342025 | I28: =+I27/I14 -> 0.0051689625 | J28: =+G28-I28 -> -0.041545562 | K28: =IFERROR(K27/K14,) -> 0.0047603917 | L28: =+L27/L14 -> -0.0058828175 | M28: =+L28-K28 -> -0.010643209 | N28: =+N27/N14 -> -0.00065456524 | O28: =+L28-N28 -> -0.0052282523
D29: 감가상각비 | F29: =+IFERROR(HLOOKUP($F$8,[12]손익!$G$5:$AF$55,[12]손익!$D19,),) -> 5186.263 | G29: =+'[13]5월'!$M$40 -> 4725.183 | H29: =+G29-F29 -> -461.08 | I29: =+'[14]5월'!$M$40 -> 5556.663 | J29: =+G29-I29 -> -831.48 | K29: =+IFERROR(HLOOKUP($K$8,[12]손익!$G$5:$AF$55,[12]손익!$D19,),) -> 25931.315 | L29: =+'[13]5월'!$W$40 -> 23639.237 | M29: =+L29-K29 -> -2292.078 | N29: =+'[14]5월'!$W$40 -> 28596.726 | O29: =+L29-N29 -> -4957.489
E30: 판관 | F30: =+F29 -> 5186.263 | G30: =+G29 -> 4725.183 | H30: =+G30-F30 -> -461.08 | I30: =+I29 -> 5556.663 | J30: =+G30-I30 -> -831.48 | K30: =+K29 -> 25931.315 | L30: =+L29 -> 23639.237 | M30: =+L30-K30 -> -2292.078 | N30: =+N29 -> 28596.726 | O30: =+L30-N30 -> -4957.489
D31: 영업이익 I | F31: =+F27-F29 -> 84533.902 | G31: =+G27-G29 -> -168938.17 | H31: =+G31-F31 -> -253472.07 | I31: =+I27-I29 -> 46262.732 | J31: =+G31-I31 -> -215200.9 | K31: =+K27-K29 -> 164672.18 | L31: =+L27-L29 -> -156128.11 | M31: =+L31-K31 -> -320800.3 | N31: =+N27-N29 -> -60320.2 | O31: =+L31-N31 -> -95807.911
E32: % | F32: =+F31/F14 -> 0.010331571 | G32: =+G31/G14 -> -0.037423326 | H32: =+G32-F32 -> -0.047754896 | I32: =+I31/I14 -> 0.0046146877 | J32: =+G32-I32 -> -0.042038013 | K32: =IFERROR(K31/K14,) -> 0.0041127476 | L32: =+L31/L14 -> -0.0069324553 | M32: =+L32-K32 -> -0.011045203 | N32: =+N31/N14 -> -0.0012446148 | O32: =+L32-N32 -> -0.0056878404
D33: 공통비 | F33: =+IFERROR(HLOOKUP($F$8,[12]손익!$G$5:$AF$55,[12]손익!$D23,),) -> 40928.836 | G33: =+'[13]5월'!$M$43 -> 38933.426 | H33: =+G33-F33 -> -1995.4103 | J33: =+G33-I33 -> 38933.426 | K33: =+IFERROR(HLOOKUP($K$8,[12]손익!$G$5:$AF$55,[12]손익!$D23,),) -> 204468.86 | L33: =+'[13]5월'!$W$43 -> 225057.76 | M33: =+L33-K33 -> 20588.903 | O33: =+L33-N33 -> 225057.76
D34: 영업이익 II | F34: =+F31-F33 -> 43605.066 | G34: =+G31-G33 -> -207871.6 | H34: =+G34-F34 -> -251476.66 | I34: =+I31-I33 -> 46262.732 | J34: =+G34-I34 -> -254134.33 | K34: =+K31-K33 -> -39796.673 | L34: =+L31-L33 -> -381185.87 | M34: =+L34-K34 -> -341389.2 | N34: =+N31-N33 -> -60320.2 | O34: =+L34-N34 -> -320865.67
E35: % | F35: =+F34/F14 -> 0.0053293271 | G35: =+G34/G14 -> -0.046047891 | H35: =+G35-F35 -> -0.051377218 | I35: =+I34/I14 -> 0.0046146877 | J35: =+G35-I35 -> -0.050662579 | K35: =IFERROR(K34/K14,) -> -0.00099393636 | L35: =+L34/L14 -> -0.016925549 | M35: =+L35-K35 -> -0.015931613 | N35: =+N34/N14 -> -0.0012446148 | O35: =+L35-N35 -> -0.015680934
