Workbook

Sheet 표지
A6: 2024년 2월 마감 손익
A24: 건재사업본부

Sheet 손익총괄
C3: □ 건재사업본부 손익실적(2024-02) | Z3: □ 건재부문 실적(2월)
X4: [단위 : 천㎥, 톤, 원/㎥, 원/톤, 백만원] | AK4: (단위 : 천㎥, 천톤, 억원)
C5: 구분 | E5: 2월 | J5: 2월 누계 | P5: 2월 주요지표 | Z5: 구분 | AB5: =+E5 -> 2월 | AG5: =+J5 -> 2월 누계
E6: 계획 | F6: 실적 | G6: 계획대비 | H6: 전년 | I6: 전년대비 | J6: 계획 | K6: 실적 | L6: 계획대비 | M6: 전년 | N6: 전년대비 | AB6: =+E6 -> 계획 | AC6: =+F6 -> 실적 | AD6: =+G6 -> 계획대비 | AE6: =+H6 -> 전년 | AF6: =+I6 -> 전년대비 | AG6: =+J6 -> 계획 | AH6: =+K6 -> 실적 | AI6: =+L6 -> 계획대비 | ... AK6: =+N6 -> 전년대비
C7: 물량 | D7: 레미콘 | E7: =+'[1]2월'!$Z$7/1000 -> 229 | F7: =+'[2]2월'!$Z$7/1000 -> 217.5565 | G7: =+F7-E7 -> -11.4435 | H7: =+'[3]2월'!$Z$7/1000 -> 324.0015 | I7: =+F7-H7 -> -106.445 | J7: =+[4]손익총괄!J7+E7 -> 470 | K7: =+[4]손익총괄!K7+F7 -> 496.442 | L7: =+K7-J7 -> 26.442 | M7: =+[4]손익총괄!M7+H7 -> 592.5825 | N7: =+K7-M7 -> -96.1405 | Q7: □ 레미콘 | Z7: 물량 | AA7: =+D7 -> 레미콘 | AB7: =+E7 -> 229 | AC7: =+F7 -> 217.5565 | AD7: =+AC7-AB7 -> -11.4435 | AE7: =+H7 -> 324.0015 | AF7: =+AC7-AE7 -> -106.445 | AG7: =+J7 -> 470 | AH7: =+K7 -> 496.442 | AI7: =+AH7-AG7 -> 26.442 | AJ7: =+M7 -> 592.5825 | AK7: =+AH7-AJ7 -> -96.1405
D8: 철강재 | E8: =+'[1]2월'!$AA$7 -> 6400 | F8: =+'[2]2월'!$AO$7 -> 6645.402 | G8: =+F8-E8 -> 245.402 | H8: =+'[3]2월'!$AO$7 -> 8382.34 | I8: =+F8-H8 -> -1736.938 | J8: =+[4]손익총괄!J8+E8 -> 13300 | K8: =+[4]손익총괄!K8+F8 -> 13070.495 | L8: =+K8-J8 -> -229.505 | M8: =+[4]손익총괄!M8+H8 -> 15329.127 | N8: =+K8-M8 -> -2258.632 | Q8: 구분 | S8: 계획 | T8: 실적 | U8: 계획대비 | V8: 전년 | W8: 전년대비 | AA8: =+D8 -> 철강재 | AB8: =+E8/1000 -> 6.4 | AC8: =+F8/1000 -> 6.645402 | AD8: =+AC8-AB8 -> 0.245402 | AE8: =+H8/1000 -> 8.38234 | AF8: =+AC8-AE8 -> -1.736938 | AG8: =+J8/1000 -> 13.3 | AH8: =+K8/1000 -> 13.070495 | AI8: =+AH8-AG8 -> -0.229505 | AJ8: =+M8/1000 -> 15.329127 | AK8: =+AH8-AJ8 -> -2.258632
D9: 골재 | E9: =+'[1]2월'!$AE$7/1000 -> 66.862081 | F9: =+'[2]2월'!$AN$7/1000 -> 65.272 | G9: =+F9-E9 -> -1.5900812 | H9: =+'[3]2월'!$AN$7/1000 -> 64.748 | I9: =+F9-H9 -> 0.524 | J9: =+[4]손익총괄!J9+E9 -> 143.49105 | K9: =+[4]손익총괄!K9+F9 -> 149.789 | L9: =+K9-J9 -> 6.2979482 | M9: =+[4]손익총괄!M9+H9 -> 130.633 | N9: =+K9-M9 -> 19.156 | Q9: 물량 | R9: 수도권 | S9: =+[5]수도권!$T$5/1000 -> 91 | T9: =+[5]수도권!$U$5/1000 -> 85.559 | U9: =+T9-S9 -> -5.441 | V9: =+[6]수도권!$T$5/1000 -> 123.1355 | W9: =+T9-V9 -> -37.5765 | AA9: =+D9 -> 골재 | AB9: =+E9 -> 66.862081 | AC9: =+F9 -> 65.272 | AD9: =+AC9-AB9 -> -1.5900812 | AE9: =+H9 -> 64.748 | AF9: =+AC9-AE9 -> 0.524 | AG9: =+J9 -> 143.49105 | AH9: =+K9 -> 149.789 | AI9: =+AH9-AG9 -> 6.2979482 | AJ9: =+M9 -> 130.633 | AK9: =+AH9-AJ9 -> 19.156
C10: 매출 | D10: 레미콘 | E10: =+'[1]2월'!$Z$8/1000 -> 22940.026 | F10: =+'[2]2월'!$Z$8/1000 -> 22221.543 | G10: =+F10-E10 -> -718.48349 | H10: =+'[3]2월'!$Z$8/1000 -> 30251.9 | I10: =+F10-H10 -> -8030.3577 | J10: =+[4]손익총괄!J10+E10 -> 47114.62 | K10: =+[4]손익총괄!K10+F10 -> 50097.188 | L10: =+K10-J10 -> 2982.5685 | M10: =+[4]손익총괄!M10+H10 -> 55039.756 | N10: =+K10-M10 -> -4942.5674 | R10: 영남권 | S10: =+[5]영남권!$T$5/1000 -> 102.5 | T10: =+[5]영남권!$U$5/1000 -> 100.9045 | U10: =+T10-S10 -> -1.5955 | V10: =+[6]영남권!$T$5/1000 -> 148.3495 | W10: =+T10-V10 -> -47.445 | Z10: 매출액 | AA10: =+D10 -> 레미콘 | AB10: =+E10/100 -> 229.40026 | AC10: =+F10/100 -> 222.21543 | AD10: =+AC10-AB10 -> -7.1848349 | AE10: =+H10/100 -> 302.519 | AF10: =+AC10-AE10 -> -80.303577 | AG10: =+J10/100 -> 471.1462 | AH10: =+K10/100 -> 500.97188 | AI10: =+AH10-AG10 -> 29.825685 | AJ10: =+M10/100 -> 550.39756 | AK10: =+AH10-AJ10 -> -49.425674
D11: 건자재 | E11: =+'[1]2월'!$AA$8/1000 -> 7830.1979 | F11: =+'[2]2월'!$AO$8/1000 -> 6765.658 | G11: =+F11-E11 -> -1064.5399 | H11: =+'[3]2월'!$AO$8/1000 -> 9789.471 | I11: =+F11-H11 -> -3023.813 | J11: =+[4]손익총괄!J11+E11 -> 16278.141 | K11: =+[4]손익총괄!K11+F11 -> 14173.615 | L11: =+K11-J11 -> -2104.5259 | M11: =+[4]손익총괄!M11+H11 -> 18603.105 | N11: =+K11-M11 -> -4429.4902 | R11: 중부권 | S11: =+[5]중부권!$T$5/1000 -> 35.5 | T11: =+[5]중부권!$U$5/1000 -> 31.093 | U11: =+T11-S11 -> -4.407 | V11: =+[6]중부권!$T$5/1000 -> 52.5165 | W11: =+T11-V11 -> -21.4235 | AA11: =+D11 -> 건자재 | AB11: =+E11/100 -> 78.301979 | AC11: =+F11/100 -> 67.65658 | AD11: =+AC11-AB11 -> -10.645399 | AE11: =+H11/100 -> 97.89471 | AF11: =+AC11-AE11 -> -30.23813 | AG11: =+J11/100 -> 162.78141 | AH11: =+K11/100 -> 141.73615 | AI11: =+AH11-AG11 -> -21.045259 | AJ11: =+M11/100 -> 186.03105 | AK11: =+AH11-AJ11 -> -44.294902
D12: 골재 | E12: =+'[1]2월'!$AE$8/1000 -> 1402.5163 | F12: =+'[2]2월'!$AN$8/1000 -> 1297.0865 | G12: =+F12-E12 -> -105.42984 | H12: =+'[3]2월'!$AN$8/1000 -> 1214.0152 | I12: =+F12-H12 -> 83.0713 | J12: =+[4]손익총괄!J12+E12 -> 3002.6793 | K12: =+[4]손익총괄!K12+F12 -> 3016.6065 | L12: =+K12-J12 -> 13.927166 | M12: =+[4]손익총괄!M12+H12 -> 2512.8432 | N12: =+K12-M12 -> 503.7633 | Q12: 계 | S12: =SUM(S9:S11) -> 229 | T12: =SUM(T9:T11) -> 217.5565 | U12: =+T12-S12 -> -11.4435 | V12: =SUM(V9:V11) -> 324.0015 | W12: =+T12-V12 -> -106.445 | AA12: =+D12 -> 골재 | AB12: =+E12/100 -> 14.025163 | AC12: =+F12/100 -> 12.970865 | AD12: =+AC12-AB12 -> -1.0542984 | AE12: =+H12/100 -> 12.140152 | AF12: =+AC12-AE12 -> 0.830713 | AG12: =+J12/100 -> 30.026793 | AH12: =+K12/100 -> 30.166065 | AI12: =+AH12-AG12 -> 0.13927166 | AJ12: =+M12/100 -> 25.128432 | AK12: =+AH12-AJ12 -> 5.037633
D13: 기타 | E13: =+'[1]2월'!$E$8/1000-E10-E11-E12 -> 164.9075 | F13: =+'[2]2월'!$F$8/1000-F10-F11-F12 -> 164.52516 | G13: =+F13-E13 -> -0.38234133 | H13: =+'[3]2월'!$F$8/1000-H10-H11-H12 -> 174.08818 | I13: =+F13-H13 -> -9.563018 | J13: =+[4]손익총괄!J13+E13 -> 329.815 | K13: =+[4]손익총괄!K13+F13 -> 329.00067 | L13: =+K13-J13 -> -0.81433067 | M13: =+[4]손익총괄!M13+H13 -> 348.2102 | N13: =+K13-M13 -> -19.209525 | Q13: 판매단가 | R13: 수도권 | S13: =+[5]수도권!$T$61 -> 96282.779 | T13: =+[5]수도권!$U$61 -> 100756.04 | U13: =+T13-S13 -> 4473.2566 | V13: =+[6]수도권!$Q$85 -> 89627.453 | W13: =+T13-V13 -> 11128.583 | AA13: =+D13 -> 기타 | AB13: =+E13/100 -> 1.649075 | AC13: =+F13/100 -> 1.6452516 | AD13: =+AC13-AB13 -> -0.0038234133 | AE13: =+H13/100 -> 1.7408818 | AF13: =+AC13-AE13 -> -0.09563018 | AG13: =+J13/100 -> 3.29815 | AH13: =+K13/100 -> 3.2900067 | AI13: =+AH13-AG13 -> -0.0081433067 | AJ13: =+M13/100 -> 3.482102 | AK13: =+AH13-AJ13 -> -0.19209525
C14: 계 | E14: =SUM(E10:E13) -> 32337.648 | F14: =SUM(F10:F13) -> 30448.812 | G14: =+F14-E14 -> -1888.8356 | H14: =SUM(H10:H13) -> 41429.475 | I14: =+F14-H14 -> -10980.662 | J14: =SUM(J10:J13) -> 66725.255 | K14: =SUM(K10:K13) -> 67616.411 | L14: =+K14-J14 -> 891.15542 | M14: =SUM(M10:M13) -> 76503.915 | N14: =+K14-M14 -> -8887.5038 | R14: 영남권 | S14: =+[5]영남권!$T$61 -> 101871.1 | T14: =+[5]영남권!$U$61 -> 102784.62 | U14: =+T14-S14 -> 913.52053 | V14: =+[6]영남권!$Q$85 -> 95374.233 | W14: =+T14-V14 -> 7410.3878 | AA14: 계 | AB14: =SUM(AB10:AB13) -> 323.37648 | AC14: =SUM(AC10:AC13) -> 304.48812 | AD14: =+AC14-AB14 -> -18.888356 | AE14: =SUM(AE10:AE13) -> 414.29475 | AF14: =+AC14-AE14 -> -109.80662 | AG14: =SUM(AG10:AG13) -> 667.25255 | AH14: =SUM(AH10:AH13) -> 676.16411 | AI14: =+AH14-AG14 -> 8.9115542 | AJ14: =SUM(AJ10:AJ13) -> 765.03915 | AK14: =+AH14-AJ14 -> -88.875038
C15: 매출원가 | D15: 레미콘 | E15: =+('[1]2월'!$Z$10+'[1]2월'!$Z$19)/1000 -> 20068.734 | F15: =+('[2]2월'!$Z$10+'[2]2월'!$Z$19)/1000 -> 19862.664 | G15: =+F15-E15 -> -206.06911 | H15: =+('[3]2월'!$Z$10+'[3]2월'!$Z$19)/1000 -> 25302.279 | I15: =+F15-H15 -> -5439.6149 | J15: =+[4]손익총괄!J15+E15 -> 41328.912 | K15: =+[4]손익총괄!K15+F15 -> 44742.197 | L15: =+K15-J15 -> 3413.2849 | M15: =+[4]손익총괄!M15+H15 -> 46823.389 | N15: =+K15-M15 -> -2081.1919 | R15: 중부권 | S15: =+[5]중부권!$T$61 -> 105253.67 | T15: =+[5]중부권!$U$61 -> 103875.43 | U15: =+T15-S15 -> -1378.2459 | V15: =+[6]중부권!$Q$85 -> 96860.392 | W15: =+T15-V15 -> 7015.0352 | Z15: 영업이익 | AA15: =+D30 -> 레미콘 | AB15: =+E30/100 -> 22.016761 | AC15: =+F30/100 -> 16.968997 | AD15: =+AC15-AB15 -> -5.0477639 | AE15: =+H30/100 -> 43.273358 | AF15: =+AC15-AE15 -> -26.304361 | AG15: =+J30/100 -> 44.624157 | AH15: =+K30/100 -> 40.21489 | AI15: =+AH15-AG15 -> -4.4092667 | AJ15: =+M30/100 -> 68.687452 | AK15: =+AH15-AJ15 -> -28.472562
D16: 건자재 | E16: =+('[1]2월'!$AA$10+'[1]2월'!$AA$19)/1000 -> 7629.6164 | F16: =+('[2]2월'!$AO$10+'[2]2월'!$AO$19)/1000 -> 6592.5773 | G16: =+F16-E16 -> -1037.0391 | H16: =+('[3]2월'!$AO$10+'[3]2월'!$AO$19)/1000 -> 9590.4664 | I16: =+F16-H16 -> -2997.8891 | J16: =+[4]손익총괄!J16+E16 -> 15861.563 | K16: =+[4]손익총괄!K16+F16 -> 13803.102 | L16: =+K16-J16 -> -2058.4611 | M16: =+[4]손익총괄!M16+H16 -> 18234.321 | N16: =+K16-M16 -> -4431.2188 | Q16: 계 | S16: =+[5]합계!$T$61 -> 100174.79 | T16: =+[5]합계!$U$61 -> 102142.73 | U16: =+T16-S16 -> 1967.9433 | V16: =+[6]합계!$Q$85 -> 93402.766 | W16: =+T16-V16 -> 8739.9632 | AA16: =+D31 -> % | AB16: =+E31 -> 0.095975309 | AC16: =+F31 -> 0.076362822 | AD16: =+AC16-AB16 -> -0.019612487 | AE16: =+H31 -> 0.14304344 | AF16: =+AC16-AE16 -> -0.066680616 | AG16: =+J31 -> 0.094714033 | AH16: =+K31 -> 0.080273746 | AI16: =+AH16-AG16 -> -0.014440287 | AJ16: =+M31 -> 0.12479607 | AK16: =+AH16-AJ16 -> -0.044522322
D17: 골재 | E17: =+('[1]2월'!$AE$10+'[1]2월'!$AE$19)/1000 -> 1253.5392 | F17: =+('[2]2월'!$AN$10+'[2]2월'!$AN$19)/1000 -> 1171.576 | G17: =+F17-E17 -> -81.963256 | H17: =+('[3]2월'!$AN$10+'[3]2월'!$AN$19)/1000 -> 1061.868 | I17: =+F17-H17 -> 109.70796 | J17: =+[4]손익총괄!J17+E17 -> 2790.9553 | K17: =+[4]손익총괄!K17+F17 -> 2664.8507 | L17: =+K17-J17 -> -126.10464 | M17: =+[4]손익총괄!M17+H17 -> 2324.0547 | N17: =+K17-M17 -> 340.79591 | Q17: 공헌이익 | R17: 수도권 | S17: =+[5]수도권!$Q$90 -> 16864.446 | T17: =+[5]수도권!$R$90 -> 19293.33 | U17: =+T17-S17 -> 2428.8842 | V17: =+[6]수도권!$Q$90 -> 17555.491 | W17: =+T17-V17 -> 1737.8391 | AA17: =+D32 -> 건자재 | AB17: =+E32/100 -> 0.71181193 | AC17: =+F32/100 -> 0.41844679 | AD17: =+AC17-AB17 -> -0.29336514 | AE17: =+H32/100 -> 0.77227243 | AF17: =+AC17-AE17 -> -0.35382564 | AG17: =+J32/100 -> 1.6593168 | AH17: =+K32/100 -> 1.1711189 | AI17: =+AH17-AG17 -> -0.48819786 | AJ17: =+M32/100 -> 1.5162618 | AK17: =+AH17-AJ17 -> -0.34514287
D18: 기타 | E18: =+('[1]2월'!$E$10+'[1]2월'!$E$19)/1000-E15-E16-E17 -> 28.821967 | F18: =+('[2]2월'!$F$10+'[2]2월'!$F$19)/1000-F15-F16-F17 -> 28.428296 | G18: =+F18-E18 -> -0.393671 | H18: =+('[3]2월'!$F$10+'[3]2월'!$F$19)/1000-H15-H16-H17 -> 24.822708 | I18: =+F18-H18 -> 3.605588 | J18: =+[4]손익총괄!J18+E18 -> 57.763035 | K18: =+[4]손익총괄!K18+F18 -> 56.940114 | L18: =+K18-J18 -> -0.822921 | M18: =+[4]손익총괄!M18+H18 -> 49.173497 | N18: =+K18-M18 -> 7.766617 | R18: 영남권 | S18: =+[5]영남권!$Q$90 -> 25870.777 | T18: =+[5]영남권!$R$90 -> 22654.141 | U18: =+T18-S18 -> -3216.6358 | V18: =+[6]영남권!$Q$90 -> 25212.578 | W18: =+T18-V18 -> -2558.4361 | AA18: =+D33 -> 골재 | AB18: =+E33/100 -> 1.1068049 | AC18: =+F33/100 -> 0.79179365 | AD18: =+AC18-AB18 -> -0.31501126 | AE18: =+H33/100 -> 1.340047 | AF18: =+AC18-AE18 -> -0.54825334 | AG18: =+J33/100 -> 1.3770551 | AH18: =+K33/100 -> 2.632531 | AI18: =+AH18-AG18 -> 1.2554758 | AJ18: =+M33/100 -> 1.5243926 | AK18: =+AH18-AJ18 -> 1.1081384
C19: 계 | E19: =SUM(E15:E18) -> 28980.711 | F19: =SUM(F15:F18) -> 27655.246 | G19: =+F19-E19 -> -1325.4651 | H19: =SUM(H15:H18) -> 35979.436 | I19: =+F19-H19 -> -8324.1905 | J19: =SUM(J15:J18) -> 60039.193 | K19: =SUM(K15:K18) -> 61267.09 | L19: =+K19-J19 -> 1227.8961 | M19: =SUM(M15:M18) -> 67430.938 | N19: =+K19-M19 -> -6163.8482 | R19: 중부권 | S19: =+[5]중부권!$Q$90 -> 27902.674 | T19: =+[5]중부권!$R$90 -> 26459.748 | U19: =+T19-S19 -> -1442.926 | V19: =+[6]중부권!$Q$90 -> 26932.075 | W19: =+T19-V19 -> -472.32715 | AA19: =+D34 -> 기타 | AB19: =+E34/100 -> -9.7074254 | AC19: =+F34/100 -> -6.5866734 | AD19: =+AC19-AB19 -> 3.120752 | AE19: =+H34/100 -> -7.3141407 | AF19: =+AC19-AE19 -> 0.72746734 | AG19: =+J34/100 -> -23.49594 | AH19: =+K34/100 -> -21.27529 | AI19: =+AH19-AG19 -> 2.2206495 | AJ19: =+M34/100 -> -18.932992 | AK19: =+AH19-AJ19 -> -2.3422986
C20: 매출이익 | D20: 레미콘 | E20: =+E10-E15 -> 2871.2926 | F20: =+F10-F15 -> 2358.8782 | G20: =+F20-E20 -> -512.41438 | H20: =+H10-H15 -> 4949.621 | I20: =+F20-H20 -> -2590.7428 | J20: =+J10-J15 -> 5785.7083 | K20: =+K10-K15 -> 5354.9919 | L20: =+K20-J20 -> -430.71637 | M20: =+M10-M15 -> 8216.3674 | N20: =+K20-M20 -> -2861.3755 | Q20: 계 | S20: =+[5]합계!$Q$90 -> 22606.83 | T20: =+[5]합계!$R$90 -> 21876.256 | U20: =+T20-S20 -> -730.57426 | V20: =+[6]합계!$Q$90 -> 22546.82 | W20: =+T20-V20 -> -670.56402 | AA20: 계 | AB20: =+AB15+AB17+AB18+AB19 -> 14.127952 | AC20: =+AC15+AC17+AC18+AC19 -> 11.592564 | AD20: =+AC20-AB20 -> -2.5353882 | AE20: =+AE15+AE17+AE18+AE19 -> 38.071537 | AF20: =+AC20-AE20 -> -26.478973 | AG20: =+AG15+AG17+AG18+AG19 -> 24.164589 | AH20: =+AH15+AH17+AH18+AH19 -> 22.74325 | AI20: =+AH20-AG20 -> -1.4213392 | AJ20: =+AJ15+AJ17+AJ18+AJ19 -> 52.795114 | AK20: =+AH20-AJ20 -> -30.051865
D21: 건자재 | E21: =+E11-E16 -> 200.58148 | F21: =+F11-F16 -> 173.08068 | G21: =+F21-E21 -> -27.500805 | H21: =+H11-H16 -> 199.00458 | I21: =+F21-H21 -> -25.923903 | J21: =+J11-J16 -> 416.57765 | K21: =+K11-K16 -> 370.51289 | L21: =+K21-J21 -> -46.064761 | M21: =+M11-M16 -> 368.78426 | N21: =+K21-M21 -> 1.728626 | Q21: □ 건자재 | AA21: =+D36 -> % | AB21: =+E36 -> 0.043688868 | AC21: =+F36 -> 0.038072303 | AD21: =+G36 -> -0.005616565 | AE21: =+H36 -> 0.09189481 | AF21: =+I36 -> -0.053822506 | AG21: =+J36 -> 0.036215056 | AH21: =+K36 -> 0.033635695 | ... AK21: =+N36 -> -0.035373995
D22: 골재 | E22: =+E12-E17 -> 148.97712 | F22: =+F12-F17 -> 125.51054 | G22: =+F22-E22 -> -23.466583 | H22: =+H12-H17 -> 152.1472 | I22: =+F22-H22 -> -26.636657 | J22: =+J12-J17 -> 211.72403 | K22: =+K12-K17 -> 351.75584 | L22: =+K22-J22 -> 140.03181 | M22: =+M12-M17 -> 188.78845 | N22: =+K22-M22 -> 162.96739 | Q22: 구분 | S22: 계획 | T22: 실적 | U22: 계획대비 | V22: 전년 | W22: 전년대비
D23: 기타 | E23: =+E13-E18 -> 136.08553 | F23: =+F13-F18 -> 136.09686 | G23: =+F23-E23 -> 0.011329667 | H23: =+H13-H18 -> 149.26547 | I23: =+F23-H23 -> -13.168606 | J23: =+J13-J18 -> 272.05197 | K23: =+K13-K18 -> 272.06056 | L23: =+K23-J23 -> 0.0085903333 | M23: =+M13-M18 -> 299.0367 | N23: =+K23-M23 -> -26.976142 | Q23: 철강재 판매단가 | S23: =+'[7]2월'!$F$10 -> 978125 | T23: =+'[7]2월'!$G$10 -> 886130.89 | U23: =+T23-S23 -> -91994.114 | V23: =+'[8]2월'!$G$10 -> 1027487 | W23: =+T23-V23 -> -141356.09
C24: 계 | E24: =SUM(E20:E23) -> 3356.9367 | F24: =SUM(F20:F23) -> 2793.5663 | G24: =+F24-E24 -> -563.37044 | H24: =SUM(H20:H23) -> 5450.0383 | I24: =+F24-H24 -> -2656.472 | J24: =SUM(J20:J23) -> 6686.0619 | K24: =SUM(K20:K23) -> 6349.3212 | L24: =+K24-J24 -> -336.74073 | M24: =SUM(M20:M23) -> 9072.9768 | N24: =+K24-M24 -> -2723.6556 | Q24: 철강재 마진률 | S24: =+'[7]2월'!$F$15 -> 0.023317891 | T24: =+'[7]2월'!$G$15 -> 0.027130154 | U24: =+T24-S24 -> 0.0038122631 | V24: =+'[8]2월'!$G$15 -> 0.019650368 | W24: =+T24-V24 -> 0.0074797864
C25: 판관비 | D25: 레미콘 | E25: =+('[1]2월'!$Z$13+'[1]2월'!$Z$20)/1000 -> 669.61647 | F25: =+('[2]2월'!$Z$13+'[2]2월'!$Z$20)/1000 -> 661.97847 | G25: =+F25-E25 -> -7.637996 | H25: =+('[3]2월'!$Z$13+'[3]2월'!$Z$20)/1000 -> 622.28521 | I25: =+F25-H25 -> 39.693266 | J25: =+[4]손익총괄!J25+E25 -> 1323.2926 | K25: =+[4]손익총괄!K25+F25 -> 1333.5029 | L25: =+K25-J25 -> 10.210299 | M25: =+[4]손익총괄!M25+H25 -> 1347.6222 | N25: =+K25-M25 -> -14.119337 | Q25: □ 골재
D26: 건자재 | E26: =+('[1]2월'!$AA$13+'[1]2월'!$AA$20)/1000 -> 129.40029 | F26: =+('[2]2월'!$AO$13+'[2]2월'!$AO$20)/1000 -> 131.236 | G26: =+F26-E26 -> 1.835709 | H26: =+('[3]2월'!$AO$13+'[3]2월'!$AO$20)/1000 -> 121.77734 | I26: =+F26-H26 -> 9.458661 | J26: =+[4]손익총괄!J26+E26 -> 250.64597 | K26: =+[4]손익총괄!K26+F26 -> 253.401 | L26: =+K26-J26 -> 2.755025 | M26: =+[4]손익총괄!M26+H26 -> 217.15808 | N26: =+K26-M26 -> 36.242913 | Q26: 구분 | S26: 계획 | T26: 실적 | U26: 계획대비 | V26: 전년 | W26: 전년대비
D27: 골재 | E27: =+('[1]2월'!$AE$13+'[1]2월'!$AE$20+'[1]2월'!$AE$22)/1000 -> 38.29663 | F27: =+('[2]2월'!$AN$13+'[2]2월'!$AN$20+'[2]2월'!$AN$22)/1000 -> 46.331173 | G27: =+F27-E27 -> 8.0345427 | H27: =+('[3]2월'!$AN$13+'[3]2월'!$AN$20+'[3]2월'!$AN$22)/1000 -> 18.142496 | I27: =+F27-H27 -> 28.188677 | J27: =+[4]손익총괄!J27+E27 -> 74.01852 | K27: =+[4]손익총괄!K27+F27 -> 88.502744 | L27: =+K27-J27 -> 14.484224 | M27: =+[4]손익총괄!M27+H27 -> 36.349199 | N27: =+K27-M27 -> 52.153545 | Q27: 판매량 | R27: 자가 | S27: =(+'[9]서부산크라샤(당월)'!$N$66+'[9]부산모래장(당월)'!$Q$48+'[9]부산크라샤(당월)'!$N$66)/1000 -> 39.362081 | T27: =(+'[9]서부산크라샤(당월)'!$O$66+'[9]부산모래장(당월)'!$R$48+'[9]부산크라샤(당월)'!$O$66)/1000 -> 41.722 | U27: =+T27-S27 -> 2.3599188 | V27: =('[10]부산골재(당월)'!$R$48+'[10]서부산골재(당월)'!$O$66+'[10]부산크라샤(당월)'!$O$66)/1000 -> 44.26 | W27: =+T27-V27 -> -2.538
D28: 기타 | E28: =+('[1]2월'!$E$13+'[1]2월'!$E$20)/1000-E25-E26-E27+('[1]2월'!$E$22/1000) -> 1106.8281 | F28: =+('[2]2월'!$F$13+'[2]2월'!$F$20)/1000-F25-F26-F27+'[2]2월'!$F$22/1000 -> 794.7642 | G28: =+F28-E28 -> -312.06387 | H28: =+('[3]2월'!$F$13+'[3]2월'!$F$20)/1000-H25-H26-H27+'[3]2월'!$F$22/1000 -> 880.67954 | I28: =+F28-H28 -> -85.91534 | J28: =+[4]손익총괄!J28+E28 -> 2621.6459 | K28: =+[4]손익총괄!K28+F28 -> 2399.5896 | L28: =+K28-J28 -> -222.05636 | M28: =+[4]손익총괄!M28+H28 -> 2192.3359 | N28: =+K28-M28 -> 207.25372 | R28: 외판 | S28: =(+'[9]서부산크라샤(당월)'!$N$59+'[9]부산모래장(당월)'!$Q$47+'[9]부산크라샤(당월)'!$N$59)/1000 -> 27.5 | T28: =(+'[9]서부산크라샤(당월)'!$O$59+'[9]부산모래장(당월)'!$R$47+'[9]부산크라샤(당월)'!$O$59)/1000 -> 23.55 | U28: =+T28-S28 -> -3.95 | V28: =+('[10]부산골재(당월)'!$R$47+'[10]서부산골재(당월)'!$O$59+'[10]부산크라샤(당월)'!$O$59)/1000 -> 20.488 | W28: =+T28-V28 -> 3.062
C29: 계 | E29: =SUM(E25:E28) -> 1944.1415 | F29: =SUM(F25:F28) -> 1634.3098 | G29: =+F29-E29 -> -309.83162 | H29: =SUM(H25:H28) -> 1642.8846 | I29: =+F29-H29 -> -8.574736 | J29: =SUM(J25:J28) -> 4269.603 | K29: =SUM(K25:K28) -> 4074.9962 | L29: =+K29-J29 -> -194.60681 | M29: =SUM(M25:M28) -> 3793.4654 | N29: =+K29-M29 -> 281.53084 | Q29: 합 계 | S29: =SUM(S27:S28) -> 66.862081 | T29: =SUM(T27:T28) -> 65.272 | U29: =+T29-S29 -> -1.5900812 | V29: =SUM(V27:V28) -> 64.748 | W29: =+T29-V29 -> 0.524
C30: 영업이익 | D30: 레미콘 | E30: =+E20-E25 -> 2201.6761 | F30: =+F20-F25 -> 1696.8997 | G30: =+F30-E30 -> -504.77639 | H30: =+H20-H25 -> 4327.3358 | I30: =+F30-H30 -> -2630.4361 | J30: =+J20-J25 -> 4462.4157 | K30: =+K20-K25 -> 4021.489 | L30: =+K30-J30 -> -440.92667 | M30: =+M20-M25 -> 6868.7452 | N30: =+K30-M30 -> -2847.2562 | Q30: □ 기타내역(영업이익)
D31: % | E31: =+E30/E10 -> 0.095975309 | F31: =+F30/F10 -> 0.076362822 | G31: =+F31-E31 -> -0.019612487 | H31: =+H30/H10 -> 0.14304344 | I31: =+F31-H31 -> -0.066680616 | J31: =+J30/J10 -> 0.094714033 | K31: =+K30/K10 -> 0.080273746 | L31: =+K31-J31 -> -0.014440287 | M31: =+M30/M10 -> 0.12479607 | N31: =+K31-M31 -> -0.044522322 | Q31: 구분 | S31: 계획 | T31: 실적 | U31: 계획대비 | V31: 전년 | W31: 전년대비
D32: 건자재 | E32: =+E21-E26 -> 71.181193 | F32: =+F21-F26 -> 41.844679 | G32: =+F32-E32 -> -29.336514 | H32: =+H21-H26 -> 77.227243 | I32: =+F32-H32 -> -35.382564 | J32: =+J21-J26 -> 165.93168 | K32: =+K21-K26 -> 117.11189 | L32: =+K32-J32 -> -48.819786 | M32: =+M21-M26 -> 151.62618 | N32: =+K32-M32 -> -34.514287 | Q32: 레미콘임대 | S32: =+'사업장별(당월)'!T33 -> 72.255091 | T32: =+'사업장별(당월)'!U33 -> 71.965353 | U32: =+T32-S32 -> -0.289738 | V32: =+'사업장별(당월)'!W33 -> 63.166801 | W32: =+T32-V32 -> 8.798552
D33: 골재 | E33: =+E22-E27 -> 110.68049 | F33: =+F22-F27 -> 79.179365 | G33: =+F33-E33 -> -31.501126 | H33: =+H22-H27 -> 134.0047 | I33: =+F33-H33 -> -54.825334 | J33: =+J22-J27 -> 137.70551 | K33: =+K22-K27 -> 263.2531 | L33: =+K33-J33 -> 125.54758 | M33: =+M22-M27 -> 152.43926 | N33: =+K33-M33 -> 110.81384 | Q33: 임대 | S33: =+'사업장별(당월)'!T34 -> 62.060442 | T33: =+'사업장별(당월)'!U34 -> 61.893705 | U33: =+T33-S33 -> -0.16673733 | V33: =+'사업장별(당월)'!W34 -> 24.163334 | W33: =+T33-V33 -> 37.730371
D34: 기타 | E34: =+E23-E28 -> -970.74254 | F34: =+F23-F28 -> -658.66734 | G34: =+F34-E34 -> 312.0752 | H34: =+H23-H28 -> -731.41407 | I34: =+F34-H34 -> 72.746734 | J34: =+J23-J28 -> -2349.594 | K34: =+K23-K28 -> -2127.529 | L34: =+K34-J34 -> 222.06495 | M34: =+M23-M28 -> -1893.2992 | N34: =+K34-M34 -> -234.22986 | Q34: 공통비 | S34: =+'사업장별(당월)'!T35 -> -1053.4137 | T34: =+'사업장별(당월)'!U35 -> -1053.317 | U34: =+T34-S34 -> 0.096726425 | V34: =+'사업장별(당월)'!W35 -> -788.78672 | W34: =+T34-V34 -> -264.53025
C35: 계 | E35: =SUM(E30,E32:E34) -> 1412.7952 | F35: =SUM(F30,F32:F34) -> 1159.2564 | G35: =+F35-E35 -> -253.53882 | H35: =SUM(H30,H32:H34) -> 3807.1537 | I35: =+F35-H35 -> -2647.8973 | J35: =SUM(J30,J32:J34) -> 2416.4589 | K35: =SUM(K30,K32:K34) -> 2274.325 | L35: =+K35-J35 -> -142.13392 | M35: =SUM(M30,M32:M34) -> 5279.5114 | N35: =+K35-M35 -> -3005.1865 | Q35: 기타 | S35: =+S36-S32-S33-S34 -> -51.644375 | T35: =+T36-T32-T33-T34 -> 260.79058 | U35: =+T35-S35 -> 312.43495 | V35: =+V36-V32-V33-V34 -> -29.95748 | W35: =+T35-V35 -> 290.74806
D36: % | E36: =+E35/E14 -> 0.043688868 | F36: =+F35/F14 -> 0.038072303 | G36: =+F36-E36 -> -0.005616565 | H36: =+H35/H14 -> 0.09189481 | I36: =+F36-H36 -> -0.053822506 | J36: =+J35/J14 -> 0.036215056 | K36: =+K35/K14 -> 0.033635695 | L36: =+K36-J36 -> -0.0025793614 | M36: =+M35/M14 -> 0.06900969 | N36: =+K36-M36 -> -0.035373995 | Q36: 합계 | S36: =+'사업장별(당월)'!T41 -> -970.74254 | T36: =+'사업장별(당월)'!U41 -> -658.66734 | U36: =+T36-S36 -> 312.0752 | V36: =+'사업장별(당월)'!W41 -> -731.41407 | W36: =+T36-V36 -> 72.746734
E38: =+'[1]2월'!$E$26/1000 -> 1412.7952 | F38: =+'[2]2월'!$F$26/1000 -> 1159.2564 | H38: =+'[3]2월'!$F$26/1000 -> 3807.1537 | J38: =+[4]손익총괄!J38+E38 -> 2416.4589 | K38: =+[4]손익총괄!K38+F38 -> 2274.325 | M38: =+[4]손익총괄!M38+H38 -> 5279.5114
E39: =+E35=E38 -> TRUE | F39: =+F35=F38 -> TRUE | H39: =+H35=H38 -> TRUE | J39: =+J35=J38 -> TRUE | K39: =+K35=K38 -> TRUE | M39: =+M35=M38 -> FALSE
E40: =+E35-E38 -> 0 | F40: =+F35-F38 -> 0 | H40: =+H35-H38 -> -4.0927262e-12 | J40: =+J35-J38 -> -5.4569682e-12 | K40: =+K35-K38 -> 0 | M40: =+M35-M38 -> -8.1854523e-12

Sheet 사업장별(당월)
H3: □ 사업장별 손익실적(2024-02)
AG4: [단위 : 천㎥, 톤, 백만원]
H5: 구분 | J5: 물량 | O5: 매출 | T5: 영업이익(공통비 배부전) | Y5: 판매단가 | AB5: 변동비 | AE5: 공헌이익
J6: 계획 | K6: 실적 | L6: 차이 | M6: 전년 | N6: 차이 | O6: 계획 | P6: 실적 | Q6: 차이 | R6: 전년 | S6: 차이 | T6: 계획 | U6: 실적 | V6: 차이 | W6: 전년 | X6: 차이 | Y6: 계획 | Z6: 실적 | AA6: 전년 | AB6: 계획 | AC6: 실적 | AD6: 전년 | AE6: 계획 | AF6: 실적 | AG6: 전년
B7: 안양 | G7: =+I7 -> 안양 | H7: 레미콘 | I7: 안양 | J7: =+IFERROR(HLOOKUP($B7,'[1]2월'!$D$6:$BN$259,2,),)/1000 -> 36 | K7: =+IFERROR(HLOOKUP($B7,'[2]2월'!$F$6:$CP$99,2,),)/1000 -> 37.712 | L7: =+K7-J7 -> 1.712 | M7: =+IFERROR(HLOOKUP($B7,'[3]2월'!$F$6:$CC$57,2,),)/1000 -> 49.587 | N7: =+K7-M7 -> -11.875 | O7: =+IFERROR(HLOOKUP($B7,'[1]2월'!$D$6:$BN$259,3,),)/1000 -> 3479.7757 | P7: =+IFERROR(HLOOKUP($B7,'[2]2월'!$F$6:$CP$99,3,),)/1000 -> 3774.208 | Q7: =+P7-O7 -> 294.43235 | R7: =+IFERROR(HLOOKUP($B7,'[3]2월'!$F$6:$CC$57,3,),)/1000 -> 4494.7256 | S7: =+P7-R7 -> -720.51756 | T7: =+IFERROR(HLOOKUP($B7,'[1]2월'!$D$6:$BN$259,16,),)/1000 -> 295.68664 | U7: =+IFERROR(HLOOKUP($B7,'[2]2월'!$F$6:$CP$99,16,),)/1000 -> 451.30565 | V7: =+U7-T7 -> 155.61901 | W7: =+IFERROR(HLOOKUP($B7,'[3]2월'!$F$6:$CC$57,16,),)/1000 -> 627.75827 | X7: =+U7-W7 -> -176.45262 | Y7: =+[5]안양!$Q$85 -> 96660.435 | Z7: =+[5]안양!$R$85 -> 100079.76 | AA7: =+[6]안양!$Q$85 -> 90588.461 | AB7: =+[5]안양!$Q$89 -> 80132.466 | AC7: =+[5]안양!$R$89 -> 79851.287 | AD7: =+[6]안양!$Q$89 -> 72304.625 | AE7: =+Y7-AB7 -> 16527.969 | AF7: =+Z7-AC7 -> 20228.476 | AG7: =+AA7-AD7 -> 18283.836
B8: 인천 | G8: =+I8 -> 인천 | H8: 직영 | I8: 인천 | J8: =+IFERROR(HLOOKUP($B8,'[1]2월'!$D$6:$BN$259,2,),)/1000 -> 24 | K8: =+IFERROR(HLOOKUP($B8,'[2]2월'!$F$6:$CP$99,2,),)/1000 -> 23.5 | L8: =+K8-J8 -> -0.5 | M8: =+IFERROR(HLOOKUP($B8,'[3]2월'!$F$6:$CC$57,2,),)/1000 -> 37.843 | N8: =+K8-M8 -> -14.343 | O8: =+IFERROR(HLOOKUP($B8,'[1]2월'!$D$6:$BN$259,3,),)/1000 -> 2338.9065 | P8: =+IFERROR(HLOOKUP($B8,'[2]2월'!$F$6:$CP$99,3,),)/1000 -> 2356.7585 | Q8: =+P8-O8 -> 17.851991 | R8: =+IFERROR(HLOOKUP($B8,'[3]2월'!$F$6:$CC$57,3,),)/1000 -> 3426.1344 | S8: =+P8-R8 -> -1069.3759 | T8: =+IFERROR(HLOOKUP($B8,'[1]2월'!$D$6:$BN$259,16,),)/1000 -> 72.600987 | U8: =+IFERROR(HLOOKUP($B8,'[2]2월'!$F$6:$CP$99,16,),)/1000 -> 137.95808 | V8: =+U8-T8 -> 65.357095 | W8: =+IFERROR(HLOOKUP($B8,'[3]2월'!$F$6:$CC$57,16,),)/1000 -> 372.74816 | X8: =+U8-W8 -> -234.79007 | Y8: =+[5]인천!$Q$85 -> 97454.439 | Z8: =+[5]인천!$R$85 -> 100287.6 | AA8: =+[6]인천!$Q$85 -> 90535.486 | AB8: =+[5]인천!$Q$89 -> 82233.367 | AC8: =+[5]인천!$R$89 -> 82090.723 | AD8: =+[6]인천!$Q$89 -> 73510.159 | AE8: =+Y8-AB8 -> 15221.072 | AF8: =+Z8-AC8 -> 18196.874 | AG8: =+AA8-AD8 -> 17025.328
B9: 파주 | G9: =+I9 -> 파주 | I9: 파주 | J9: =+IFERROR(HLOOKUP($B9,'[1]2월'!$D$6:$BN$259,2,),)/1000 -> 21 | K9: =+IFERROR(HLOOKUP($B9,'[2]2월'!$F$6:$CP$99,2,),)/1000 -> 18.47 | L9: =+K9-J9 -> -2.53 | M9: =+IFERROR(HLOOKUP($B9,'[3]2월'!$F$6:$CC$57,2,),)/1000 -> 23.424 | N9: =+K9-M9 -> -4.954 | O9: =+IFERROR(HLOOKUP($B9,'[1]2월'!$D$6:$BN$259,3,),)/1000 -> 2019.1862 | P9: =+IFERROR(HLOOKUP($B9,'[2]2월'!$F$6:$CP$99,3,),)/1000 -> 1919.2949 | Q9: =+P9-O9 -> -99.891291 | R9: =+IFERROR(HLOOKUP($B9,'[3]2월'!$F$6:$CC$57,3,),)/1000 -> 2064.8841 | S9: =+P9-R9 -> -145.58917 | T9: =+IFERROR(HLOOKUP($B9,'[1]2월'!$D$6:$BN$259,16,),)/1000 -> 172.12968 | U9: =+IFERROR(HLOOKUP($B9,'[2]2월'!$F$6:$CP$99,16,),)/1000 -> 125.58788 | V9: =+U9-T9 -> -46.541804 | W9: =+IFERROR(HLOOKUP($B9,'[3]2월'!$F$6:$CC$57,16,),)/1000 -> 167.11117 | X9: =+U9-W9 -> -41.523294 | Y9: =+[5]파주!$Q$85 -> 96151.724 | Z9: =+[5]파주!$R$85 -> 103935.69 | AA9: =+[6]파주!$Q$85 -> 88311.602 | AB9: =+[5]파주!$Q$89 -> 78001.433 | AC9: =+[5]파주!$R$89 -> 84337.303 | AD9: =+[6]파주!$Q$89 -> 72216.393 | AE9: =+Y9-AB9 -> 18150.291 | AF9: =+Z9-AC9 -> 19598.387 | AG9: =+AA9-AD9 -> 16095.209
B10: 김포 | G10: =+I10 -> 김포 | I10: 김포 | J10: =+IFERROR(HLOOKUP($B10,'[1]2월'!$D$6:$BN$259,2,),)/1000 -> 10 | K10: =+IFERROR(HLOOKUP($B10,'[2]2월'!$F$6:$CP$99,2,),)/1000 -> 5.877 | L10: =+K10-J10 -> -4.123 | M10: =+IFERROR(HLOOKUP($B10,'[3]2월'!$F$6:$CC$57,2,),)/1000 -> 12.2815 | N10: =+K10-M10 -> -6.4045 | O10: =+IFERROR(HLOOKUP($B10,'[1]2월'!$D$6:$BN$259,3,),)/1000 -> 923.8645 | P10: =+IFERROR(HLOOKUP($B10,'[2]2월'!$F$6:$CP$99,3,),)/1000 -> 570.04139 | Q10: =+P10-O10 -> -353.82311 | R10: =+IFERROR(HLOOKUP($B10,'[3]2월'!$F$6:$CC$57,3,),)/1000 -> 1048.4468 | S10: =+P10-R10 -> -478.40541 | T10: =+IFERROR(HLOOKUP($B10,'[1]2월'!$D$6:$BN$259,16,),)/1000 -> 26.713526 | U10: =+IFERROR(HLOOKUP($B10,'[2]2월'!$F$6:$CP$99,16,),)/1000 -> -50.621 | V10: =+U10-T10 -> -77.334526 | W10: =+IFERROR(HLOOKUP($B10,'[3]2월'!$F$6:$CC$57,16,),)/1000 -> 87.617854 | X10: =+U10-W10 -> -138.23885 | Y10: =+[5]김포!$Q$85 -> 92386.45 | Z10: =+[5]김포!$R$85 -> 96995.302 | AA10: =+[6]김포!$Q$85 -> 85334.467 | AB10: =+[5]김포!$Q$89 -> 73066.867 | AC10: =+[5]김포!$R$89 -> 80274.495 | AD10: =+[6]김포!$Q$89 -> 66417.447 | AE10: =+Y10-AB10 -> 19319.583 | AF10: =+Z10-AC10 -> 16720.807 | AG10: =+AA10-AD10 -> 18917.02
B11: 부산 | G11: =+I11 -> 부산 | I11: 부산 | J11: =+IFERROR(HLOOKUP($B11,'[1]2월'!$D$6:$BN$259,2,),)/1000 -> 16 | K11: =+IFERROR(HLOOKUP($B11,'[2]2월'!$F$6:$CP$99,2,),)/1000 -> 16.65 | L11: =+K11-J11 -> 0.65 | M11: =+IFERROR(HLOOKUP($B11,'[3]2월'!$F$6:$CC$57,2,),)/1000 -> 25.49 | N11: =+K11-M11 -> -8.84 | O11: =+IFERROR(HLOOKUP($B11,'[1]2월'!$D$6:$BN$259,3,),)/1000 -> 1721.6024 | P11: =+IFERROR(HLOOKUP($B11,'[2]2월'!$F$6:$CP$99,3,),)/1000 -> 1875.6439 | Q11: =+P11-O11 -> 154.04147 | R11: =+IFERROR(HLOOKUP($B11,'[3]2월'!$F$6:$CC$57,3,),)/1000 -> 2632.8105 | S11: =+P11-R11 -> -757.1666 | T11: =+IFERROR(HLOOKUP($B11,'[1]2월'!$D$6:$BN$259,16,),)/1000 -> 197.20215 | U11: =+IFERROR(HLOOKUP($B11,'[2]2월'!$F$6:$CP$99,16,),)/1000 -> 201.44822 | V11: =+U11-T11 -> 4.2460741 | W11: =+IFERROR(HLOOKUP($B11,'[3]2월'!$F$6:$CC$57,16,),)/1000 -> 547.75555 | X11: =+U11-W11 -> -346.30732 | Y11: =+[5]부산!$Q$85 -> 107600.15 | Z11: =+[5]부산!$R$85 -> 112651.29 | AA11: =+[6]부산!$Q$85 -> 103288.86 | AB11: =+[5]부산!$Q$89 -> 78794.799 | AC11: =+[5]부산!$R$89 -> 86432.204 | AD11: =+[6]부산!$Q$89 -> 72821.468 | AE11: =+Y11-AB11 -> 28805.353 | AF11: =+Z11-AC11 -> 26219.081 | AG11: =+AA11-AD11 -> 30467.394
B12: 서부산 | G12: =+I12 -> 서부산 | I12: 서부산 | J12: =+IFERROR(HLOOKUP($B12,'[1]2월'!$D$6:$BN$259,2,),)/1000 -> 19 | K12: =+IFERROR(HLOOKUP($B12,'[2]2월'!$F$6:$CP$99,2,),)/1000 -> 16.841 | L12: =+K12-J12 -> -2.159 | M12: =+IFERROR(HLOOKUP($B12,'[3]2월'!$F$6:$CC$57,2,),)/1000 -> 25.042 | N12: =+K12-M12 -> -8.201 | O12: =+IFERROR(HLOOKUP($B12,'[1]2월'!$D$6:$BN$259,3,),)/1000 -> 1976.4045 | P12: =+IFERROR(HLOOKUP($B12,'[2]2월'!$F$6:$CP$99,3,),)/1000 -> 1729.3343 | Q12: =+P12-O12 -> -247.07016 | R12: =+IFERROR(HLOOKUP($B12,'[3]2월'!$F$6:$CC$57,3,),)/1000 -> 2370.2729 | S12: =+P12-R12 -> -640.93858 | T12: =+IFERROR(HLOOKUP($B12,'[1]2월'!$D$6:$BN$259,16,),)/1000 -> 302.28306 | U12: =+IFERROR(HLOOKUP($B12,'[2]2월'!$F$6:$CP$99,16,),)/1000 -> 118.8076 | V12: =+U12-T12 -> -183.47546 | W12: =+IFERROR(HLOOKUP($B12,'[3]2월'!$F$6:$CC$57,16,),)/1000 -> 388.98699 | X12: =+U12-W12 -> -270.17939 | Y12: =+[5]서부산!$Q$85 -> 104021.29 | Z12: =+[5]서부산!$R$85 -> 102685.96 | AA12: =+[6]서부산!$Q$85 -> 94651.901 | AB12: =+[5]서부산!$Q$89 -> 77941.043 | AC12: =+[5]서부산!$R$89 -> 81711.867 | AD12: =+[6]서부산!$Q$89 -> 70446.738 | AE12: =+Y12-AB12 -> 26080.246 | AF12: =+Z12-AC12 -> 20974.097 | AG12: =+AA12-AD12 -> 24205.163
B13: 김해 | G13: =+I13 -> 김해 | I13: 김해 | J13: =+IFERROR(HLOOKUP($B13,'[1]2월'!$D$6:$BN$259,2,),)/1000 -> 11 | K13: =+IFERROR(HLOOKUP($B13,'[2]2월'!$F$6:$CP$99,2,),)/1000 -> 8.639 | L13: =+K13-J13 -> -2.361 | M13: =+IFERROR(HLOOKUP($B13,'[3]2월'!$F$6:$CC$57,2,),)/1000 -> 11.597 | N13: =+K13-M13 -> -2.958 | O13: =+IFERROR(HLOOKUP($B13,'[1]2월'!$D$6:$BN$259,3,),)/1000 -> 1110.9956 | P13: =+IFERROR(HLOOKUP($B13,'[2]2월'!$F$6:$CP$99,3,),)/1000 -> 890.1857 | Q13: =+P13-O13 -> -220.8099 | R13: =+IFERROR(HLOOKUP($B13,'[3]2월'!$F$6:$CC$57,3,),)/1000 -> 1082.2339 | S13: =+P13-R13 -> -192.0482 | T13: =+IFERROR(HLOOKUP($B13,'[1]2월'!$D$6:$BN$259,16,),)/1000 -> 119.9037 | U13: =+IFERROR(HLOOKUP($B13,'[2]2월'!$F$6:$CP$99,16,),)/1000 -> 16.811886 | V13: =+U13-T13 -> -103.09182 | W13: =+IFERROR(HLOOKUP($B13,'[3]2월'!$F$6:$CC$57,16,),)/1000 -> 115.159 | X13: =+U13-W13 -> -98.347116 | Y13: =+[5]김해!$Q$85 -> 100999.6 | Z13: =+[5]김해!$R$85 -> 103042.68 | AA13: =+[6]김해!$Q$85 -> 93320.16 | AB13: =+[5]김해!$Q$89 -> 76819.315 | AC13: =+[5]김해!$R$89 -> 83785.984 | AD13: =+[6]김해!$Q$89 -> 71654.56 | AE13: =+Y13-AB13 -> 24180.285 | AF13: =+Z13-AC13 -> 19256.695 | AG13: =+AA13-AD13 -> 21665.6
B14: 정관 | G14: =+I14 -> 정관 | I14: 정관 | J14: =+IFERROR(HLOOKUP($B14,'[1]2월'!$D$6:$BN$259,2,),)/1000 -> 16 | K14: =+IFERROR(HLOOKUP($B14,'[2]2월'!$F$6:$CP$99,2,),)/1000 -> 14.978 | L14: =+K14-J14 -> -1.022 | M14: =+IFERROR(HLOOKUP($B14,'[3]2월'!$F$6:$CC$57,2,),)/1000 -> 20.163 | N14: =+K14-M14 -> -5.185 | O14: =+IFERROR(HLOOKUP($B14,'[1]2월'!$D$6:$BN$259,3,),)/1000 -> 1664 | P14: =+IFERROR(HLOOKUP($B14,'[2]2월'!$F$6:$CP$99,3,),)/1000 -> 1493.4374 | Q14: =+P14-O14 -> -170.5626 | R14: =+IFERROR(HLOOKUP($B14,'[3]2월'!$F$6:$CC$57,3,),)/1000 -> 2028.1229 | S14: =+P14-R14 -> -534.68552 | T14: =+IFERROR(HLOOKUP($B14,'[1]2월'!$D$6:$BN$259,16,),)/1000 -> 206.81848 | U14: =+IFERROR(HLOOKUP($B14,'[2]2월'!$F$6:$CP$99,16,),)/1000 -> 34.868347 | V14: =+U14-T14 -> -171.95013 | W14: =+IFERROR(HLOOKUP($B14,'[3]2월'!$F$6:$CC$57,16,),)/1000 -> 387.1501 | X14: =+U14-W14 -> -352.28176 | Y14: =+[5]정관!$Q$85 -> 104000 | Z14: =+[5]정관!$R$85 -> 99708.733 | AA14: =+[6]정관!$Q$85 -> 100586.37 | AB14: =+[5]정관!$Q$89 -> 78994.788 | AC14: =+[5]정관!$R$89 -> 84310.743 | AD14: =+[6]정관!$Q$89 -> 72135.331 | AE14: =+Y14-AB14 -> 25005.212 | AF14: =+Z14-AC14 -> 15397.99 | AG14: =+AA14-AD14 -> 28451.036
B15: 양산 | G15: =+I15 -> 양산 | I15: 양산 | J15: =+IFERROR(HLOOKUP($B15,'[1]2월'!$D$6:$BN$259,2,),)/1000 -> 9 | K15: =+IFERROR(HLOOKUP($B15,'[2]2월'!$F$6:$CP$99,2,),)/1000 -> 9.558 | L15: =+K15-J15 -> 0.558 | M15: =+IFERROR(HLOOKUP($B15,'[3]2월'!$F$6:$CC$57,2,),)/1000 -> 12.89 | N15: =+K15-M15 -> -3.332 | O15: =+IFERROR(HLOOKUP($B15,'[1]2월'!$D$6:$BN$259,3,),)/1000 -> 864.5978 | P15: =+IFERROR(HLOOKUP($B15,'[2]2월'!$F$6:$CP$99,3,),)/1000 -> 924.58643 | Q15: =+P15-O15 -> 59.98863 | R15: =+IFERROR(HLOOKUP($B15,'[3]2월'!$F$6:$CC$57,3,),)/1000 -> 1213.8579 | S15: =+P15-R15 -> -289.2715 | T15: =+IFERROR(HLOOKUP($B15,'[1]2월'!$D$6:$BN$259,16,),)/1000 -> 91.002495 | U15: =+IFERROR(HLOOKUP($B15,'[2]2월'!$F$6:$CP$99,16,),)/1000 -> 98.534238 | V15: =+U15-T15 -> 7.5317432 | W15: =+IFERROR(HLOOKUP($B15,'[3]2월'!$F$6:$CC$57,16,),)/1000 -> 188.53671 | X15: =+U15-W15 -> -90.002469 | Y15: =+[5]양산!$Q$85 -> 96066.422 | Z15: =+[5]양산!$R$85 -> 96734.299 | AA15: =+[6]양산!$Q$85 -> 94170.515 | AB15: =+[5]양산!$Q$89 -> 71412.953 | AC15: =+[5]양산!$R$89 -> 71459.126 | AD15: =+[6]양산!$Q$89 -> 68415.923 | AE15: =+Y15-AB15 -> 24653.469 | AF15: =+Z15-AC15 -> 25275.173 | AG15: =+AA15-AD15 -> 25754.591
B16: 창원 | G16: =+I16 -> 창원 | I16: 창원 | J16: =+IFERROR(HLOOKUP($B16,'[1]2월'!$D$6:$BN$259,2,),)/1000 -> 14 | K16: =+IFERROR(HLOOKUP($B16,'[2]2월'!$F$6:$CP$99,2,),)/1000 -> 15.453 | L16: =+K16-J16 -> 1.453 | M16: =+IFERROR(HLOOKUP($B16,'[3]2월'!$F$6:$CC$57,2,),)/1000 -> 20.134 | N16: =+K16-M16 -> -4.681 | O16: =+IFERROR(HLOOKUP($B16,'[1]2월'!$D$6:$BN$259,3,),)/1000 -> 1394.204 | P16: =+IFERROR(HLOOKUP($B16,'[2]2월'!$F$6:$CP$99,3,),)/1000 -> 1538.5332 | Q16: =+P16-O16 -> 144.3292 | R16: =+IFERROR(HLOOKUP($B16,'[3]2월'!$F$6:$CC$57,3,),)/1000 -> 1861.4379 | S16: =+P16-R16 -> -322.9047 | T16: =+IFERROR(HLOOKUP($B16,'[1]2월'!$D$6:$BN$259,16,),)/1000 -> 199.86228 | U16: =+IFERROR(HLOOKUP($B16,'[2]2월'!$F$6:$CP$99,16,),)/1000 -> 220.45765 | V16: =+U16-T16 -> 20.59537 | W16: =+IFERROR(HLOOKUP($B16,'[3]2월'!$F$6:$CC$57,16,),)/1000 -> 343.55849 | X16: =+U16-W16 -> -123.10084 | Y16: =+[5]창원!$Q$85 -> 99586 | Z16: =+[5]창원!$R$85 -> 99562.104 | AA16: =+[6]창원!$Q$85 -> 92452.463 | AB16: =+[5]창원!$Q$89 -> 72424.549 | AC16: =+[5]창원!$R$89 -> 73759.236 | AD16: =+[6]창원!$Q$89 -> 66726.913 | AE16: =+Y16-AB16 -> 27161.451 | AF16: =+Z16-AC16 -> 25802.869 | AG16: =+AA16-AD16 -> 25725.55
B17: 대구 | G17: =+I17 -> 대구 | I17: 대구 | J17: =+IFERROR(HLOOKUP($B17,'[1]2월'!$D$6:$BN$259,2,),)/1000 -> 13.5 | K17: =+IFERROR(HLOOKUP($B17,'[2]2월'!$F$6:$CP$99,2,),)/1000 -> 13.997 | L17: =+K17-J17 -> 0.497 | M17: =+IFERROR(HLOOKUP($B17,'[3]2월'!$F$6:$CC$57,2,),)/1000 -> 22.5935 | N17: =+K17-M17 -> -8.5965 | O17: =+IFERROR(HLOOKUP($B17,'[1]2월'!$D$6:$BN$259,3,),)/1000 -> 1320.3 | P17: =+IFERROR(HLOOKUP($B17,'[2]2월'!$F$6:$CP$99,3,),)/1000 -> 1431.9897 | Q17: =+P17-O17 -> 111.6897 | R17: =+IFERROR(HLOOKUP($B17,'[3]2월'!$F$6:$CC$57,3,),)/1000 -> 1982.2 | S17: =+P17-R17 -> -550.2103 | T17: =+IFERROR(HLOOKUP($B17,'[1]2월'!$D$6:$BN$259,16,),)/1000 -> 188.98876 | U17: =+IFERROR(HLOOKUP($B17,'[2]2월'!$F$6:$CP$99,16,),)/1000 -> 216.44189 | V17: =+U17-T17 -> 27.453125 | W17: =+IFERROR(HLOOKUP($B17,'[3]2월'!$F$6:$CC$57,16,),)/1000 -> 321.07979 | X17: =+U17-W17 -> -104.63791 | Y17: =+[5]대구!$Q$85 -> 97800 | Z17: =+[5]대구!$R$85 -> 102306.9 | AA17: =+[6]대구!$Q$85 -> 87723.065 | AB17: =+[5]대구!$Q$89 -> 71441.174 | AC17: =+[5]대구!$R$89 -> 74620.402 | AD17: =+[6]대구!$Q$89 -> 66045.345 | AE17: =+Y17-AB17 -> 26358.826 | AF17: =+Z17-AC17 -> 27686.499 | AG17: =+AA17-AD17 -> 21677.72
B18: 울산 | G18: =+I18 -> 울산 | I18: 울산 | J18: =+IFERROR(HLOOKUP($B18,'[1]2월'!$D$6:$BN$259,2,),)/1000 -> 4 | K18: =+IFERROR(HLOOKUP($B18,'[2]2월'!$F$6:$CP$99,2,),)/1000 -> 4.7885 | L18: =+K18-J18 -> 0.7885 | M18: =+IFERROR(HLOOKUP($B18,'[3]2월'!$F$6:$CC$57,2,),)/1000 -> 10.44 | N18: =+K18-M18 -> -5.6515 | O18: =+IFERROR(HLOOKUP($B18,'[1]2월'!$D$6:$BN$259,3,),)/1000 -> 389.6835 | P18: =+IFERROR(HLOOKUP($B18,'[2]2월'!$F$6:$CP$99,3,),)/1000 -> 487.72015 | Q18: =+P18-O18 -> 98.03665 | R18: =+IFERROR(HLOOKUP($B18,'[3]2월'!$F$6:$CC$57,3,),)/1000 -> 977.4416 | S18: =+P18-R18 -> -489.72145 | T18: =+IFERROR(HLOOKUP($B18,'[1]2월'!$D$6:$BN$259,16,),)/1000 -> -58.251056 | U18: =+IFERROR(HLOOKUP($B18,'[2]2월'!$F$6:$CP$99,16,),)/1000 -> -66.050997 | V18: =+U18-T18 -> -7.7999413 | W18: =+IFERROR(HLOOKUP($B18,'[3]2월'!$F$6:$CC$57,16,),)/1000 -> 64.285417 | X18: =+U18-W18 -> -130.33641 | Y18: =+[5]울산!$Q$85 -> 97420.875 | Z18: =+[5]울산!$R$85 -> 101852.39 | AA18: =+[6]울산!$Q$85 -> 93653.585 | AB18: =+[5]울산!$Q$89 -> 79597.84 | AC18: =+[5]울산!$R$89 -> 86917.518 | AD18: =+[6]울산!$Q$89 -> 75146.941 | AE18: =+Y18-AB18 -> 17823.035 | AF18: =+Z18-AC18 -> 14934.868 | AG18: =+AA18-AD18 -> 18506.643
B19: 아산 | G19: =+I19 -> 아산 | I19: 아산 | J19: =+IFERROR(HLOOKUP($B19,'[1]2월'!$D$6:$BN$259,2,),)/1000 -> 14.5 | K19: =+IFERROR(HLOOKUP($B19,'[2]2월'!$F$6:$CP$99,2,),)/1000 -> 17.471 | L19: =+K19-J19 -> 2.971 | M19: =+IFERROR(HLOOKUP($B19,'[3]2월'!$F$6:$CC$57,2,),)/1000 -> 27.673 | N19: =+K19-M19 -> -10.202 | O19: =+IFERROR(HLOOKUP($B19,'[1]2월'!$D$6:$BN$259,3,),)/1000 -> 1464.4955 | P19: =+IFERROR(HLOOKUP($B19,'[2]2월'!$F$6:$CP$99,3,),)/1000 -> 1754.0612 | Q19: =+P19-O19 -> 289.56566 | R19: =+IFERROR(HLOOKUP($B19,'[3]2월'!$F$6:$CC$57,3,),)/1000 -> 2590.9238 | S19: =+P19-R19 -> -836.86264 | T19: =+IFERROR(HLOOKUP($B19,'[1]2월'!$D$6:$BN$259,16,),)/1000 -> 117.38233 | U19: =+IFERROR(HLOOKUP($B19,'[2]2월'!$F$6:$CP$99,16,),)/1000 -> 117.15924 | V19: =+U19-T19 -> -0.22308744 | W19: =+IFERROR(HLOOKUP($B19,'[3]2월'!$F$6:$CC$57,16,),)/1000 -> 365.5448 | X19: =+U19-W19 -> -248.38556 | Y19: =+[5]아산!$Q$85 -> 100999.69 | Z19: =+[5]아산!$R$85 -> 100398.44 | AA19: =+[6]아산!$Q$85 -> 93800.445 | AB19: =+[5]아산!$Q$89 -> 78008.057 | AC19: =+[5]아산!$R$89 -> 79376.802 | AD19: =+[6]아산!$Q$89 -> 69416.617 | AE19: =+Y19-AB19 -> 22991.632 | AF19: =+Z19-AC19 -> 21021.639 | AG19: =+AA19-AD19 -> 24383.828
B20: 전주 | G20: =+I20 -> 전주 | I20: 전주 | J20: =+IFERROR(HLOOKUP($B20,'[1]2월'!$D$6:$BN$259,2,),)/1000 -> 10 | K20: =+IFERROR(HLOOKUP($B20,'[2]2월'!$F$6:$CP$99,2,),)/1000 -> 2.263 | L20: =+K20-J20 -> -7.737 | M20: =+IFERROR(HLOOKUP($B20,'[3]2월'!$F$6:$CC$57,2,),)/1000 -> 8.0365 | N20: =+K20-M20 -> -5.7735 | O20: =+IFERROR(HLOOKUP($B20,'[1]2월'!$D$6:$BN$259,3,),)/1000 -> 1008.3758 | P20: =+IFERROR(HLOOKUP($B20,'[2]2월'!$F$6:$CP$99,3,),)/1000 -> 226.082 | Q20: =+P20-O20 -> -782.29381 | R20: =+IFERROR(HLOOKUP($B20,'[3]2월'!$F$6:$CC$57,3,),)/1000 -> 706.97394 | S20: =+P20-R20 -> -480.89194 | T20: =+IFERROR(HLOOKUP($B20,'[1]2월'!$D$6:$BN$259,16,),)/1000 -> 117.02374 | U20: =+IFERROR(HLOOKUP($B20,'[2]2월'!$F$6:$CP$99,16,),)/1000 -> -81.422136 | V20: =+U20-T20 -> -198.44587 | W20: =+IFERROR(HLOOKUP($B20,'[3]2월'!$F$6:$CC$57,16,),)/1000 -> 10.831823 | X20: =+U20-W20 -> -92.253959 | Y20: =+[5]전주!$Q$85 -> 100837.58 | Z20: =+[5]전주!$R$85 -> 99903.668 | AA20: =+[6]전주!$Q$85 -> 87971.814 | AB20: =+[5]전주!$Q$89 -> 74732.531 | AC20: =+[5]전주!$R$89 -> 73666.573 | AD20: =+[6]전주!$Q$89 -> 67286.453 | AE20: =+Y20-AB20 -> 26105.05 | AF20: =+Z20-AC20 -> 26237.095 | AG20: =+AA20-AD20 -> 20685.362
B21: 군산 | G21: =+I21 -> 군산 | I21: 군산 | J21: =+IFERROR(HLOOKUP($B21,'[1]2월'!$D$6:$BN$259,2,),)/1000 -> 4 | K21: =+IFERROR(HLOOKUP($B21,'[2]2월'!$F$6:$CP$99,2,),)/1000 -> 5.554 | L21: =+K21-J21 -> 1.554 | M21: =+IFERROR(HLOOKUP($B21,'[3]2월'!$F$6:$CC$57,2,),)/1000 -> 6.604 | N21: =+K21-M21 -> -1.05 | O21: =+IFERROR(HLOOKUP($B21,'[1]2월'!$D$6:$BN$259,3,),)/1000 -> 433.13408 | P21: =+IFERROR(HLOOKUP($B21,'[2]2월'!$F$6:$CP$99,3,),)/1000 -> 576.85868 | Q21: =+P21-O21 -> 143.7246 | R21: =+IFERROR(HLOOKUP($B21,'[3]2월'!$F$6:$CC$57,3,),)/1000 -> 605.03161 | S21: =+P21-R21 -> -28.172933 | T21: =+IFERROR(HLOOKUP($B21,'[1]2월'!$D$6:$BN$259,16,),)/1000 -> 75.802069 | U21: =+IFERROR(HLOOKUP($B21,'[2]2월'!$F$6:$CP$99,16,),)/1000 -> 104.45301 | V21: =+U21-T21 -> 28.650938 | W21: =+IFERROR(HLOOKUP($B21,'[3]2월'!$F$6:$CC$57,16,),)/1000 -> 113.88141 | X21: =+U21-W21 -> -9.428404 | Y21: =+[5]군산!$Q$85 -> 108283.52 | Z21: =+[5]군산!$R$85 -> 103863.64 | AA21: =+[6]군산!$Q$85 -> 91615.932 | AB21: =+[5]군산!$Q$89 -> 70400.342 | AC21: =+[5]군산!$R$89 -> 70822.396 | AD21: =+[6]군산!$Q$89 -> 63463.673 | AE21: =+Y21-AB21 -> 37883.177 | AF21: =+Z21-AC21 -> 33041.248 | AG21: =+AA21-AD21 -> 28152.258
B22: 원주 | G22: =+I22 -> 원주 | I22: 원주 | J22: =+IFERROR(HLOOKUP($B22,'[1]2월'!$D$6:$BN$259,2,),)/1000 -> 3 | K22: =+IFERROR(HLOOKUP($B22,'[2]2월'!$F$6:$CP$99,2,),)/1000 -> 3.4065 | L22: =+K22-J22 -> 0.4065 | M22: =+IFERROR(HLOOKUP($B22,'[3]2월'!$F$6:$CC$57,2,),)/1000 -> 2.892 | N22: =+K22-M22 -> 0.5145 | O22: =+IFERROR(HLOOKUP($B22,'[1]2월'!$D$6:$BN$259,3,),)/1000 -> 323.7 | P22: =+IFERROR(HLOOKUP($B22,'[2]2월'!$F$6:$CP$99,3,),)/1000 -> 364.3647 | Q22: =+P22-O22 -> 40.6647 | R22: =+IFERROR(HLOOKUP($B22,'[3]2월'!$F$6:$CC$57,3,),)/1000 -> 301.5011 | S22: =+P22-R22 -> 62.8636 | T22: =+IFERROR(HLOOKUP($B22,'[1]2월'!$D$6:$BN$259,16,),)/1000 -> 20.26208 | U22: =+IFERROR(HLOOKUP($B22,'[2]2월'!$F$6:$CP$99,16,),)/1000 -> 36.292712 | V22: =+U22-T22 -> 16.030632 | W22: =+IFERROR(HLOOKUP($B22,'[3]2월'!$F$6:$CC$57,16,),)/1000 -> 36.145729 | X22: =+U22-W22 -> 0.146983 | Y22: =+[5]원주!$Q$85 -> 107900 | Z22: =+[5]원주!$R$85 -> 106985.05 | AA22: =+[6]원주!$Q$85 -> 104253.49 | AB22: =+[5]원주!$Q$89 -> 75391.687 | AC22: =+[5]원주!$R$89 -> 72527.647 | AD22: =+[6]원주!$Q$89 -> 66869.222 | AE22: =+Y22-AB22 -> 32508.313 | AF22: =+Z22-AC22 -> 34457.401 | AG22: =+AA22-AD22 -> 37384.27
B23: 제주 | G23: =+I23 -> 제주 | I23: 제주 | J23: =+IFERROR(HLOOKUP($B23,'[1]2월'!$D$6:$BN$259,2,),)/1000 -> 4 | K23: =+IFERROR(HLOOKUP($B23,'[2]2월'!$F$6:$CP$99,2,),)/1000 -> 2.3985 | L23: =+K23-J23 -> -1.6015 | M23: =+IFERROR(HLOOKUP($B23,'[3]2월'!$F$6:$CC$57,2,),)/1000 -> 7.311 | N23: =+K23-M23 -> -4.9125 | O23: =+IFERROR(HLOOKUP($B23,'[1]2월'!$D$6:$BN$259,3,),)/1000 -> 506.8 | P23: =+IFERROR(HLOOKUP($B23,'[2]2월'!$F$6:$CP$99,3,),)/1000 -> 308.44243 | Q23: =+P23-O23 -> -198.35757 | R23: =+IFERROR(HLOOKUP($B23,'[3]2월'!$F$6:$CC$57,3,),)/1000 -> 864.90138 | S23: =+P23-R23 -> -556.45895 | T23: =+IFERROR(HLOOKUP($B23,'[1]2월'!$D$6:$BN$259,16,),)/1000 -> 56.265174 | U23: =+IFERROR(HLOOKUP($B23,'[2]2월'!$F$6:$CP$99,16,),)/1000 -> 14.867436 | V23: =+U23-T23 -> -41.397738 | W23: =+IFERROR(HLOOKUP($B23,'[3]2월'!$F$6:$CC$57,16,),)/1000 -> 189.18455 | X23: =+U23-W23 -> -174.31711 | Y23: =+[5]제주!$Q$85 -> 126700 | Z23: =+[5]제주!$R$85 -> 128598.05 | AA23: =+[6]제주!$Q$85 -> 118301.38 | AB23: =+[5]제주!$Q$89 -> 89935.469 | AC23: =+[5]제주!$R$89 -> 88785.068 | AD23: =+[6]제주!$Q$89 -> 81530.02 | AE23: =+Y23-AB23 -> 36764.531 | AF23: =+Z23-AC23 -> 39812.983 | AG23: =+AA23-AD23 -> 36771.359
G24: =+I24 -> 수도권 | I24: 수도권 | J24: =SUM(J7:J10) -> 91 | K24: =SUM(K7:K10) -> 85.559 | L24: =+K24-J24 -> -5.441 | M24: =SUM(M7:M10) -> 123.1355 | N24: =+K24-M24 -> -37.5765 | O24: =SUM(O7:O10) -> 8761.7329 | P24: =SUM(P7:P10) -> 8620.3028 | Q24: =+P24-O24 -> -141.43006 | R24: =SUM(R7:R10) -> 11034.191 | S24: =+P24-R24 -> -2413.888 | T24: =SUM(T7:T10) -> 567.13084 | U24: =SUM(U7:U10) -> 664.23061 | V24: =+U24-T24 -> 97.099776 | W24: =SUM(W7:W10) -> 1255.2355 | X24: =+U24-W24 -> -591.00484 | Y24: =+[5]수도권!$Q$85 -> 96282.779 | Z24: =+[5]수도권!$R$85 -> 100756.04 | AA24: =+[6]수도권!$Q$85 -> 89627.453 | AB24: =+[5]수도권!$Q$89 -> 79418.333 | AC24: =+[5]수도권!$R$89 -> 81462.706 | AD24: =+[6]수도권!$Q$89 -> 72071.962 | AE24: =+Y24-AB24 -> 16864.446 | AF24: =+Z24-AC24 -> 19293.33 | AG24: =+AA24-AD24 -> 17555.491
G25: =+I25 -> 영남권 | I25: 영남권 | J25: =SUM(J11:J18) -> 102.5 | K25: =SUM(K11:K18) -> 100.9045 | L25: =+K25-J25 -> -1.5955 | M25: =SUM(M11:M18) -> 148.3495 | N25: =+K25-M25 -> -47.445 | O25: =SUM(O11:O18) -> 10441.788 | P25: =SUM(P11:P18) -> 10371.431 | Q25: =+P25-O25 -> -70.357009 | R25: =SUM(R11:R18) -> 14148.378 | S25: =+P25-R25 -> -3776.9469 | T25: =SUM(T11:T18) -> 1247.8099 | U25: =SUM(U11:U18) -> 841.31884 | V25: =+U25-T25 -> -406.49103 | W25: =SUM(W11:W18) -> 2356.5121 | X25: =+U25-W25 -> -1515.1932 | Y25: =+[5]영남권!$Q$85 -> 101871.1 | Z25: =+[5]영남권!$R$85 -> 102784.62 | AA25: =+[6]영남권!$Q$85 -> 95374.233 | AB25: =+[5]영남권!$Q$89 -> 76000.323 | AC25: =+[5]영남권!$R$89 -> 80130.48 | AD25: =+[6]영남권!$Q$89 -> 70161.656 | AE25: =+Y25-AB25 -> 25870.777 | AF25: =+Z25-AC25 -> 22654.141 | AG25: =+AA25-AD25 -> 25212.578
G26: =+I26 -> 중부권 | I26: 중부권 | J26: =SUM(J19:J23) -> 35.5 | K26: =SUM(K19:K23) -> 31.093 | L26: =+K26-J26 -> -4.407 | M26: =SUM(M19:M23) -> 52.5165 | N26: =+K26-M26 -> -21.4235 | O26: =SUM(O19:O23) -> 3736.5054 | P26: =SUM(P19:P23) -> 3229.809 | Q26: =+P26-O26 -> -506.69642 | R26: =SUM(R19:R23) -> 5069.3318 | S26: =+P26-R26 -> -1839.5229 | T26: =SUM(T19:T23) -> 386.73539 | U26: =SUM(U19:U23) -> 191.35026 | V26: =+U26-T26 -> -195.38513 | W26: =SUM(W19:W23) -> 715.58831 | X26: =+U26-W26 -> -524.23805 | Y26: =+[5]중부권!$Q$85 -> 105253.67 | Z26: =+[5]중부권!$R$85 -> 103875.43 | AA26: =+[6]중부권!$Q$85 -> 96860.392 | AB26: =+[5]중부권!$Q$89 -> 77350.998 | AC26: =+[5]중부권!$R$89 -> 77415.679 | AD26: =+[6]중부권!$Q$89 -> 69928.316 | AE26: =+Y26-AB26 -> 27902.674 | AF26: =+Z26-AC26 -> 26459.748 | AG26: =+AA26-AD26 -> 26932.075
G27: =+K27/J27 -> 0.95002838 | H27: 레미콘 계 | J27: =SUM(J24:J26) -> 229 | K27: =SUM(K24:K26) -> 217.5565 | L27: =+K27-J27 -> -11.4435 | M27: =SUM(M24:M26) -> 324.0015 | N27: =+K27-M27 -> -106.445 | O27: =SUM(O24:O26) -> 22940.026 | P27: =SUM(P24:P26) -> 22221.543 | Q27: =+P27-O27 -> -718.48349 | R27: =SUM(R24:R26) -> 30251.9 | S27: =+P27-R27 -> -8030.3577 | T27: =SUM(T24:T26) -> 2201.6761 | U27: =SUM(U24:U26) -> 1696.8997 | V27: =+U27-T27 -> -504.77639 | W27: =SUM(W24:W26) -> 4327.3358 | X27: =+U27-W27 -> -2630.4361 | Y27: =+[5]합계!$Q$85 -> 100174.79 | Z27: =+[5]합계!$R$85 -> 102142.73 | AA27: =+[6]합계!$Q$85 -> 93402.766 | AB27: =+[5]합계!$Q$89 -> 77567.956 | AC27: =+[5]합계!$R$89 -> 80266.474 | AD27: =+[6]합계!$Q$89 -> 70855.946 | AE27: =+Y27-AB27 -> 22606.83 | AF27: =+Z27-AC27 -> 21876.256 | AG27: =+AA27-AD27 -> 22546.82
B28: 건자재 | E28: 건자재영업 | G28: 건자재 | H28: 건자재 | J28: =+IFERROR(HLOOKUP($B28,'[1]2월'!$D$6:$BN$259,2,),) -> 6400 | K28: =+IFERROR(HLOOKUP($E28,'[2]2월'!$F$6:$CP$99,2,),) -> 6645.402 | L28: =+K28-J28 -> 245.402 | M28: =+IFERROR(HLOOKUP($E28,'[3]2월'!$F$6:$CC$57,2,),) -> 8382.34 | N28: =+K28-M28 -> -1736.938 | O28: =+IFERROR(HLOOKUP($B28,'[1]2월'!$D$6:$BN$259,3,),)/1000 -> 7830.1979 | P28: =+IFERROR(HLOOKUP($E28,'[2]2월'!$F$6:$CP$99,3,),)/1000 -> 6765.658 | Q28: =+P28-O28 -> -1064.5399 | R28: =+IFERROR(HLOOKUP($E28,'[3]2월'!$F$6:$CC$57,3,),)/1000 -> 9789.471 | S28: =+P28-R28 -> -3023.813 | T28: =+IFERROR(HLOOKUP($B28,'[1]2월'!$D$6:$BN$259,16,),)/1000 -> 71.181193 | U28: =+IFERROR(HLOOKUP($E28,'[2]2월'!$F$6:$CP$99,16,),)/1000 -> 41.844679 | V28: =+U28-T28 -> -29.336514 | W28: =+IFERROR(HLOOKUP($E28,'[3]2월'!$F$6:$CC$57,16,),)/1000 -> 77.227243 | X28: =+U28-W28 -> -35.382564 | Y28: ■ 비고
B29: 부산모래장 | F29: 부산골재 | G29: =+I29 -> 부산모래장 | H29: 골재 | I29: 부산모래장 | J29: =+IFERROR(HLOOKUP($B29,'[1]2월'!$D$6:$BN$259,2,),)/1000 -> 18.067898 | K29: =+IFERROR(HLOOKUP($F29,'[2]2월'!$F$6:$CP$99,2,),)/1000 -> 18.623 | L29: =+K29-J29 -> 0.5551022 | M29: =+IFERROR(HLOOKUP($F29,'[3]2월'!$F$6:$CC$57,2,),)/1000 -> 25.752 | N29: =+K29-M29 -> -7.129 | O29: =+IFERROR(HLOOKUP($B29,'[1]2월'!$D$6:$BN$259,3,),)/1000 -> 557.43264 | P29: =+IFERROR(HLOOKUP($F29,'[2]2월'!$F$6:$CP$99,3,),)/1000 -> 535.572 | Q29: =+P29-O29 -> -21.860642 | R29: =+IFERROR(HLOOKUP($F29,'[3]2월'!$F$6:$CC$57,3,),)/1000 -> 753.9052 | S29: =+P29-R29 -> -218.3332 | T29: =+IFERROR(HLOOKUP($B29,'[1]2월'!$D$6:$BN$259,21,),)/1000 -> 34.128552 | U29: =+IFERROR(HLOOKUP($F29,'[2]2월'!$F$6:$CP$99,21,),)/1000 -> 33.694013 | V29: =+U29-T29 -> -0.43453928 | W29: =+IFERROR(HLOOKUP($F29,'[3]2월'!$F$6:$CC$57,16,),)/1000 -> 27.686922 | X29: =+U29-W29 -> 6.0070905
B30: 서부산크라샤 | F30: 서부산골재 | G30: =+I30 -> 서부산CR | I30: 서부산CR | J30: =+IFERROR(HLOOKUP($B30,'[1]2월'!$D$6:$BN$259,2,),)/1000 -> 11.1378 | K30: =+IFERROR(HLOOKUP($F30,'[2]2월'!$F$6:$CP$99,2,),)/1000 -> 23.046 | L30: =+K30-J30 -> 11.9082 | M30: =+IFERROR(HLOOKUP($F30,'[3]2월'!$F$6:$CC$57,2,),)/1000 -> 38.996 | N30: =+K30-M30 -> -15.95 | O30: =+IFERROR(HLOOKUP($B30,'[1]2월'!$D$6:$BN$259,3,),)/1000 -> 173.6068 | P30: =+IFERROR(HLOOKUP($F30,'[2]2월'!$F$6:$CP$99,3,),)/1000 -> 318.718 | Q30: =+P30-O30 -> 145.1112 | R30: =+IFERROR(HLOOKUP($F30,'[3]2월'!$F$6:$CC$57,3,),)/1000 -> 460.11 | S30: =+P30-R30 -> -141.392 | T30: =+IFERROR(HLOOKUP($B30,'[1]2월'!$D$6:$BN$259,21,),)/1000 -> 78.169969 | U30: =+IFERROR(HLOOKUP($F30,'[2]2월'!$F$6:$CP$99,21,),)/1000 -> 37.250623 | V30: =+U30-T30 -> -40.919346 | W30: =+IFERROR(HLOOKUP($F30,'[3]2월'!$F$6:$CC$57,16,),)/1000 -> 115.69047 | X30: =+U30-W30 -> -78.439847
B31: 부산크라샤 | F31: 부산크라샤 | G31: =+I31 -> 부산CR | I31: 부산CR | J31: =+IFERROR(HLOOKUP($B31,'[1]2월'!$D$6:$BN$259,2,),)/1000 -> 37.656383 | K31: =+IFERROR(HLOOKUP($F31,'[2]2월'!$F$6:$CP$99,2,),)/1000 -> 23.603 | L31: =+K31-J31 -> -14.053383 | M31: =+IFERROR(HLOOKUP($F31,'[3]2월'!$F$6:$CC$57,2,),)/1000 -> 0 | N31: =+K31-M31 -> 23.603 | O31: =+IFERROR(HLOOKUP($B31,'[1]2월'!$D$6:$BN$259,3,),)/1000 -> 671.4769 | P31: =+IFERROR(HLOOKUP($F31,'[2]2월'!$F$6:$CP$99,3,),)/1000 -> 442.7965 | Q31: =+P31-O31 -> -228.6804 | R31: =+IFERROR(HLOOKUP($F31,'[3]2월'!$F$6:$CC$57,3,),)/1000 -> 0 | S31: =+P31-R31 -> 442.7965 | T31: =+IFERROR(HLOOKUP($B31,'[1]2월'!$D$6:$BN$259,21,),)/1000 -> -1.6180294 | U31: =+IFERROR(HLOOKUP($F31,'[2]2월'!$F$6:$CP$99,21,),)/1000 -> 8.2347302 | V31: =+U31-T31 -> 9.8527597 | W31: =+IFERROR(HLOOKUP($F31,'[3]2월'!$F$6:$CC$57,16,),)/1000 -> -9.372693 | X31: =+U31-W31 -> 17.607423
H32: 골재 계 | J32: =SUM(J29:J31) -> 66.862081 | K32: =SUM(K29:K31) -> 65.272 | L32: =+K32-J32 -> -1.5900812 | M32: =SUM(M29:M31) -> 64.748 | N32: =+K32-M32 -> 0.524 | O32: =SUM(O29:O31) -> 1402.5163 | P32: =SUM(P29:P31) -> 1297.0865 | Q32: =+P32-O32 -> -105.42984 | R32: =SUM(R29:R31) -> 1214.0152 | S32: =+P32-R32 -> 83.0713 | T32: =SUM(T29:T31) -> 110.68049 | U32: =SUM(U29:U31) -> 79.179365 | V32: =+U32-T32 -> -31.501126 | W32: =SUM(W29:W31) -> 134.0047 | X32: =+U32-W32 -> -54.825334
B33: 포항임대 | C33: 속초임대 | D33: 강릉임대 | E33: 레미콘임대 계 | G33: =+I33 -> 레미콘임대 | H33: 기타 | I33: 레미콘임대 | L33: =+K33-J33 -> 0 | N33: =+K33-M33 -> 0 | O33: =(IFERROR(HLOOKUP($B33,'[1]2월'!$D$6:$BN$259,3,),)++IFERROR(HLOOKUP($C33,'[1]2월'!$D$6:$BN$259,3,),)+IFERROR(HLOOKUP($D33,'[1]2월'!$D$6:$BN$259,3,),))/1000 -> 90.84 | P33: =+IFERROR(HLOOKUP($E33,'[2]2월'!$F$6:$CP$99,3,),)/1000 -> 90.84 | Q33: =+P33-O33 -> 0 | R33: =+IFERROR(HLOOKUP($E33,'[3]2월'!$F$6:$CC$57,3,),)/1000 -> 78.34 | S33: =+P33-R33 -> 12.5 | T33: =(IFERROR(HLOOKUP($B33,'[1]2월'!$D$6:$BN$259,21,),)++IFERROR(HLOOKUP($C33,'[1]2월'!$D$6:$BN$259,21,),)+IFERROR(HLOOKUP($D33,'[1]2월'!$D$6:$BN$259,21,),))/1000 -> 72.255091 | U33: =+IFERROR(HLOOKUP($E33,'[2]2월'!$F$6:$CP$99,16,),)/1000 -> 71.965353 | V33: =+U33-T33 -> -0.289738 | W33: =+IFERROR(HLOOKUP($E33,'[3]2월'!$F$6:$CC$57,16,),)/1000 -> 63.166801 | X33: =+U33-W33 -> 8.798552
B34: 부동산임대 | C34: 주유소임대 | E34: 임대 계 | G34: =+I34 -> 임대 | I34: 임대 | L34: =+K34-J34 -> 0 | M34: 0 | N34: =+K34-M34 -> 0 | O34: =(+IFERROR(HLOOKUP($B34,'[1]2월'!$D$6:$BN$259,3,),)+IFERROR(HLOOKUP($C34,'[1]2월'!$D$6:$BN$259,3,),))/1000 -> 72.2975 | P34: =+IFERROR(HLOOKUP($E34,'[2]2월'!$F$6:$CP$99,3,),)/1000 -> 71.982759 | Q34: =+P34-O34 -> -0.31474133 | R34: =+IFERROR(HLOOKUP($E34,'[3]2월'!$F$6:$CC$57,3,),)/1000 -> 94.061277 | S34: =+P34-R34 -> -22.078518 | T34: =(+IFERROR(HLOOKUP($B34,'[1]2월'!$D$6:$BN$259,21,),)+IFERROR(HLOOKUP($C34,'[1]2월'!$D$6:$BN$259,21,),))/1000 -> 62.060442 | U34: =+IFERROR(HLOOKUP($E34,'[2]2월'!$F$6:$CP$99,16,),)/1000 -> 61.893705 | V34: =+U34-T34 -> -0.16673733 | W34: =+IFERROR(HLOOKUP($E34,'[3]2월'!$F$6:$CC$57,16,),)/1000 -> 24.163334 | X34: =+U34-W34 -> 37.730371
B35: 공 통 비 | G35: =+I35 -> 공통비 | I35: 공통비 | L35: =+K35-J35 -> 0 | N35: =+K35-M35 -> 0 | Q35: =+P35-O35 -> 0 | S35: =+P35-R35 -> 0 | T35: =-'[1]2월'!$Z$22/1000 -> -1053.4137 | U35: =+-'[2]2월'!$Z$22/1000 -> -1053.317 | V35: =+U35-T35 -> 0.096726425 | W35: =+-'[3]2월'!$Z$22/1000 -> -788.78672 | X35: =+U35-W35 -> -264.53025
G36: =+I36 -> OPC 소급분 | I36: OPC 소급분 | N36: =+K36-M36 -> 0 | Q36: =+P36-O36 -> 0 | S36: =+P36-R36 -> 0 | T36: =+'[1]2월'!$AS$26/1000 -> 0 | U36: =-'[2]2월'!$BD$26/1000 -> 0 | V36: =+U36-T36 -> 0 | W36: =-'[3]2월'!$BD$26/1000 -> 0 | X36: =+U36-W36 -> 0
G37: =+I37 -> 대손 | I37: 대손 | N37: =+K37-M37 -> 0 | Q37: =+P37-O37 -> 0 | S37: =+P37-R37 -> 0 | U37: ='[2]2월'!$BE$26/1000 -> 310.72653 | V37: =+U37-T37 -> 310.72653 | W37: =-'[3]2월'!$BE$26/1000 -> 0 | X37: =+U37-W37 -> 310.72653
G38: =+I38 -> 미운영 공장 | I38: 미운영 공장 | M38: =SUM(M54:M57) -> 0 | N38: =+K38-M38 -> 0 | Q38: =+P38-O38 -> 0 | S38: =+P38-R38 -> 0 | T38: =SUM('[1]2월'!$AM$26:$AQ$26)/1000 -> -35.658967 | U38: =+'[2]2월'!$BF$26/1000 -> -35.452237 | V38: =+U38-T38 -> 0.20673044 | W38: =+'[3]2월'!$BF$26/1000 -> -12.884253 | X38: =+U38-W38 -> -22.567984
B39: 기타 계 | G39: =+I39 -> 기타 | I39: 기타 | L39: =+K39-J39 -> 0 | N39: =+K39-M39 -> 0 | O39: =IFERROR(HLOOKUP($B39,'[1]2월'!$D$6:$BN$259,3,),)/1000 -> 1.77 | P39: =+('[2]2월'!$F$8-SUM('[2]2월'!$Z$8,'[2]2월'!$AH$8,'[2]2월'!$AN$8,'[2]2월'!$AO$8,'[2]2월'!$BA$8,'[2]2월'!$BD$8,'[2]2월'!$BE$8,'[2]2월'!$BF$8))/1000 -> 1.7024 | Q39: =+P39-O39 -> -0.0676 | R39: =+('[3]2월'!$F$8-SUM('[3]2월'!$Z$8,'[3]2월'!$AH$8,'[3]2월'!$AN$8,'[3]2월'!$AO$8,'[3]2월'!$BA$8,'[3]2월'!$BD$8,'[3]2월'!$BE$8,'[3]2월'!$BF$8))/1000 -> 1.6869 | S39: =+P39-R39 -> 0.0155 | T39: =+('[1]2월'!$E$26-'[1]2월'!$Z$26-'[1]2월'!$AA$26-'[1]2월'!$AE$26-'[1]2월'!$AL$26-'[1]2월'!$AM$26-'[1]2월'!$AN$26-'[1]2월'!$AO$26-'[1]2월'!$AP$26-'[1]2월'!$AQ$26-'[1]2월'!$AS$26)/1000 -> -15.985408 | U39: =+('[2]2월'!$F$26-SUM('[2]2월'!$Z$26,'[2]2월'!$AH$26,'[2]2월'!$AN$26,'[2]2월'!$AO$26,'[2]2월'!$BA$26,'[2]2월'!$BD$26,'[2]2월'!$BE$26,'[2]2월'!$BF$26))/1000 -> -14.483713 | V39: =+U39-T39 -> 1.501695 | W39: =+('[3]2월'!$F$26-SUM('[3]2월'!$Z$26,'[3]2월'!$AH$26,'[3]2월'!$AN$26,'[3]2월'!$AO$26,'[3]2월'!$BA$26,'[3]2월'!$BD$26,'[3]2월'!$BE$26,'[3]2월'!$BF$26))/1000 -> -17.073227 | X39: =+U39-W39 -> 2.589514
N40: =+K40-M40 -> 0 | Q40: =+P40-O40 -> 0 | S40: =+P40-R40 -> 0 | V40: =+U40-T40 -> 0
H41: 기타 계 | J41: =SUM(J33:J40) -> 0 | K41: =SUM(K33:K40) -> 0 | L41: =+K41-J41 -> 0 | M41: =SUM(M33:M40) -> 0 | N41: =+K41-M41 -> 0 | O41: =SUM(O33:O40) -> 164.9075 | P41: =SUM(P33:P40) -> 164.52516 | Q41: =+P41-O41 -> -0.38234133 | R41: =SUM(R33:R40) -> 174.08818 | S41: =+P41-R41 -> -9.563018 | T41: =SUM(T33:T40) -> -970.74254 | U41: =SUM(U33:U40) -> -658.66734 | V41: =+U41-T41 -> 312.0752 | W41: =SUM(W33:W40) -> -731.41407 | X41: =+U41-W41 -> 72.746734
G43: =+P43/O43 -> 0.9415902 | H43: 합계 | O43: =+O27+O32+O28+O41 -> 32337.648 | P43: =+P27+P32+P28+P41 -> 30448.812 | Q43: =+P43-O43 -> -1888.8356 | R43: =+R27+R32+R28+R41 -> 41429.475 | S43: =+P43-R43 -> -10980.662 | T43: =+T27+T32+T28+T41 -> 1412.7952 | U43: =+U27+U32+U28+U41 -> 1159.2564 | V43: =+U43-T43 -> -253.53882 | W43: =+W27+W32+W28+W41 -> 3807.1537 | X43: =+U43-W43 -> -2647.8973
G44: =+U43/T43 -> 0.820541 | T44: =+T43/O43 -> 0.043688868 | U44: =+U43/P43 -> 0.038072303
I46: 확인 | J46: =+'[1]2월'!$Z$7/1000 -> 229 | K46: =+'[2]2월'!$AI$7/1000 -> 217.5565 | M46: =+'[3]2월'!$Z$7/1000 -> 324.0015 | O46: =+'[1]2월'!$E$8/1000 -> 32337.648 | P46: =+'[2]2월'!$F$8/1000 -> 30448.812 | R46: =+'[3]2월'!$F$8/1000 -> 41429.475 | T46: =+'[1]2월'!$E$26/1000 -> 1412.7952 | U46: =+'[2]2월'!$F$26/1000 -> 1159.2564 | W46: =+'[3]2월'!$F$26/1000 -> 3807.1537
J47: =+J46-J27 -> 0 | K47: =+K46-K27 -> 0 | M47: =+M46-M27 -> 0 | O47: =+O46-O43 -> 0 | P47: =+P46-P43 -> 0 | R47: =+R46-R43 -> 0 | T47: =+T46-T43 -> -5.4569682e-12 | U47: =+U46-U43 -> 0 | W47: =+W46-W43 -> 0

Sheet 사업장별(누계)
H3: □ 사업장별 손익실적(2024-02누계)
AG4: [단위 : 천㎥, 톤, 백만원]
H5: 구분 | J5: 물량 | O5: 매출 | T5: 영업이익(공통비 배부전) | Y5: 판매단가 | AB5: 변동비 | AE5: 공헌이익
J6: 계획 | K6: 실적 | L6: 차이 | M6: 전년 | N6: 차이 | O6: 계획 | P6: 실적 | Q6: 차이 | R6: 전년 | S6: 차이 | T6: 계획 | U6: 실적 | V6: 차이 | W6: 전년 | X6: 차이 | Y6: 계획 | Z6: 실적 | AA6: 전년 | AB6: 계획 | AC6: 실적 | AD6: 전년 | AE6: 계획 | AF6: 실적 | AG6: 전년
B7: 안양 | H7: 레미콘 | I7: 안양 | J7: =+'사업장별(당월)'!J7+'[4]사업장별(누계)'!J7 -> 73 | K7: =+'사업장별(당월)'!K7+'[4]사업장별(누계)'!K7 -> 83.473 | L7: =+K7-J7 -> 10.473 | M7: =+'사업장별(당월)'!M7+'[4]사업장별(누계)'!M7 -> 88.853 | N7: =+K7-M7 -> -5.38 | O7: =+'사업장별(당월)'!O7+'[4]사업장별(누계)'!O7 -> 7061.5275 | P7: =+'사업장별(당월)'!P7+'[4]사업장별(누계)'!P7 -> 8145.4069 | Q7: =+P7-O7 -> 1083.8794 | R7: =+'사업장별(당월)'!R7+'[4]사업장별(누계)'!R7 -> 8024.5554 | S7: =+P7-R7 -> 120.85154 | T7: =+'사업장별(당월)'!T7+'[4]사업장별(누계)'!T7 -> 622.57957 | U7: =+'사업장별(당월)'!U7+'[4]사업장별(누계)'!U7 -> 788.53204 | V7: =+U7-T7 -> 165.95247 | W7: =+'사업장별(당월)'!W7+'[4]사업장별(누계)'!W7 -> 1021.0494 | X7: =+U7-W7 -> -232.51736 | Y7: =+[11]안양!$Q$85 -> 96733.253 | Z7: =+[11]안양!$R$85 -> 97581.336 | AA7: =+[12]안양!$Q$85 -> 90281.444 | AB7: =+[11]안양!$Q$89 -> 80010.749 | AC7: =+[11]안양!$R$89 -> 80540.048 | AD7: =+[12]안양!$Q$89 -> 72366.174 | AE7: =+Y7-AB7 -> 16722.505 | AF7: =+Z7-AC7 -> 17041.289 | AG7: =+AA7-AD7 -> 17915.27
B8: 인천 | H8: 직영 | I8: 인천 | J8: =+'사업장별(당월)'!J8+'[4]사업장별(누계)'!J8 -> 52 | K8: =+'사업장별(당월)'!K8+'[4]사업장별(누계)'!K8 -> 51.84 | L8: =+K8-J8 -> -0.16 | M8: =+'사업장별(당월)'!M8+'[4]사업장별(누계)'!M8 -> 62.8 | N8: =+K8-M8 -> -10.96 | O8: =+'사업장별(당월)'!O8+'[4]사업장별(누계)'!O8 -> 5078.6581 | P8: =+'사업장별(당월)'!P8+'[4]사업장별(누계)'!P8 -> 5123.5698 | Q8: =+P8-O8 -> 44.911789 | R8: =+'사업장별(당월)'!R8+'[4]사업장별(누계)'!R8 -> 5646.3011 | S8: =+P8-R8 -> -522.73127 | T8: =+'사업장별(당월)'!T8+'[4]사업장별(누계)'!T8 -> 197.8357 | U8: =+'사업장별(당월)'!U8+'[4]사업장별(누계)'!U8 -> 240.8827 | V8: =+U8-T8 -> 43.047005 | W8: =+'사업장별(당월)'!W8+'[4]사업장별(누계)'!W8 -> 402.04195 | X8: =+U8-W8 -> -161.15925 | Y8: =+[11]인천!$Q$85 -> 97666.501 | Z8: =+[11]인천!$R$85 -> 98834.295 | AA8: =+[12]인천!$Q$85 -> 89899.903 | AB8: =+[11]인천!$Q$89 -> 82036.166 | AC8: =+[11]인천!$R$89 -> 83169.154 | AD8: =+[12]인천!$Q$89 -> 74059.992 | AE8: =+Y8-AB8 -> 15630.335 | AF8: =+Z8-AC8 -> 15665.141 | AG8: =+AA8-AD8 -> 15839.911
B9: 파주 | I9: 파주 | J9: =+'사업장별(당월)'!J9+'[4]사업장별(누계)'!J9 -> 41 | K9: =+'사업장별(당월)'!K9+'[4]사업장별(누계)'!K9 -> 41.352 | L9: =+K9-J9 -> 0.352 | M9: =+'사업장별(당월)'!M9+'[4]사업장별(누계)'!M9 -> 44.329 | N9: =+K9-M9 -> -2.977 | O9: =+'사업장별(당월)'!O9+'[4]사업장별(누계)'!O9 -> 3937.8059 | P9: =+'사업장별(당월)'!P9+'[4]사업장별(누계)'!P9 -> 4220.6218 | Q9: =+P9-O9 -> 282.81595 | R9: =+'사업장별(당월)'!R9+'[4]사업장별(누계)'!R9 -> 3901.5158 | S9: =+P9-R9 -> 319.10602 | T9: =+'사업장별(당월)'!T9+'[4]사업장별(누계)'!T9 -> 314.09599 | U9: =+'사업장별(당월)'!U9+'[4]사업장별(누계)'!U9 -> 241.86419 | V9: =+U9-T9 -> -72.231796 | W9: =+'사업장별(당월)'!W9+'[4]사업장별(누계)'!W9 -> 167.75494 | X9: =+U9-W9 -> 74.109251 | Y9: =+[11]파주!$Q$85 -> 96044.046 | Z9: =+[11]파주!$R$85 -> 102073.71 | AA9: =+[12]파주!$Q$85 -> 88117.569 | AB9: =+[11]파주!$Q$89 -> 77932.527 | AC9: =+[11]파주!$R$89 -> 84198.573 | AD9: =+[12]파주!$Q$89 -> 74065.537 | AE9: =+Y9-AB9 -> 18111.519 | AF9: =+Z9-AC9 -> 17875.138 | AG9: =+AA9-AD9 -> 14052.032
B10: 김포 | I10: 김포 | J10: =+'사업장별(당월)'!J10+'[4]사업장별(누계)'!J10 -> 18 | K10: =+'사업장별(당월)'!K10+'[4]사업장별(누계)'!K10 -> 11.158 | L10: =+K10-J10 -> -6.842 | M10: =+'사업장별(당월)'!M10+'[4]사업장별(누계)'!M10 -> 20.5295 | N10: =+K10-M10 -> -9.3715 | O10: =+'사업장별(당월)'!O10+'[4]사업장별(누계)'!O10 -> 1666.081 | P10: =+'사업장별(당월)'!P10+'[4]사업장별(누계)'!P10 -> 1056.885 | Q10: =+P10-O10 -> -609.19601 | R10: =+'사업장별(당월)'!R10+'[4]사업장별(누계)'!R10 -> 1744.2663 | S10: =+P10-R10 -> -687.3813 | T10: =+'사업장별(당월)'!T10+'[4]사업장별(누계)'!T10 -> 13.627932 | U10: =+'사업장별(당월)'!U10+'[4]사업장별(누계)'!U10 -> -120.97256 | V10: =+U10-T10 -> -134.60049 | W10: =+'사업장별(당월)'!W10+'[4]사업장별(누계)'!W10 -> 71.934781 | X10: =+U10-W10 -> -192.90734 | Y10: =+[11]김포!$Q$85 -> 92560.056 | Z10: =+[11]김포!$R$85 -> 94719.931 | AA10: =+[12]김포!$Q$85 -> 84942.819 | AB10: =+[11]김포!$Q$89 -> 73347.667 | AC10: =+[11]김포!$R$89 -> 78222.841 | AD10: =+[12]김포!$Q$89 -> 66403.818 | AE10: =+Y10-AB10 -> 19212.389 | AF10: =+Z10-AC10 -> 16497.091 | AG10: =+AA10-AD10 -> 18539.001
B11: 부산 | I11: 부산 | J11: =+'사업장별(당월)'!J11+'[4]사업장별(누계)'!J11 -> 34 | K11: =+'사업장별(당월)'!K11+'[4]사업장별(누계)'!K11 -> 40.465 | L11: =+K11-J11 -> 6.465 | M11: =+'사업장별(당월)'!M11+'[4]사업장별(누계)'!M11 -> 49.608 | N11: =+K11-M11 -> -9.143 | O11: =+'사업장별(당월)'!O11+'[4]사업장별(누계)'!O11 -> 3658.3967 | P11: =+'사업장별(당월)'!P11+'[4]사업장별(누계)'!P11 -> 4393.8048 | Q11: =+P11-O11 -> 735.40811 | R11: =+'사업장별(당월)'!R11+'[4]사업장별(누계)'!R11 -> 5084.867 | S11: =+P11-R11 -> -691.06223 | T11: =+'사업장별(당월)'!T11+'[4]사업장별(누계)'!T11 -> 442.56726 | U11: =+'사업장별(당월)'!U11+'[4]사업장별(누계)'!U11 -> 500.25937 | V11: =+U11-T11 -> 57.692114 | W11: =+'사업장별(당월)'!W11+'[4]사업장별(누계)'!W11 -> 980.79131 | X11: =+U11-W11 -> -480.53194 | Y11: =+[11]부산!$Q$85 -> 107599.9 | Z11: =+[11]부산!$R$85 -> 108582.84 | AA11: =+[12]부산!$Q$85 -> 102500.95 | AB11: =+[11]부산!$Q$89 -> 78563.753 | AC11: =+[11]부산!$R$89 -> 84409.345 | AD11: =+[12]부산!$Q$89 -> 73050.537 | AE11: =+Y11-AB11 -> 29036.149 | AF11: =+Z11-AC11 -> 24173.498 | AG11: =+AA11-AD11 -> 29450.41
B12: 서부산 | I12: 서부산 | J12: =+'사업장별(당월)'!J12+'[4]사업장별(누계)'!J12 -> 40 | K12: =+'사업장별(당월)'!K12+'[4]사업장별(누계)'!K12 -> 40.751 | L12: =+K12-J12 -> 0.751 | M12: =+'사업장별(당월)'!M12+'[4]사업장별(누계)'!M12 -> 45.21 | N12: =+K12-M12 -> -4.459 | O12: =+'사업장별(당월)'!O12+'[4]사업장별(누계)'!O12 -> 4141.5398 | P12: =+'사업장별(당월)'!P12+'[4]사업장별(누계)'!P12 -> 4067.8206 | Q12: =+P12-O12 -> -73.71918 | R12: =+'사업장별(당월)'!R12+'[4]사업장별(누계)'!R12 -> 4215.3068 | S12: =+P12-R12 -> -147.48618 | T12: =+'사업장별(당월)'!T12+'[4]사업장별(누계)'!T12 -> 616.12547 | U12: =+'사업장별(당월)'!U12+'[4]사업장별(누계)'!U12 -> 316.896 | V12: =+U12-T12 -> -299.22947 | W12: =+'사업장별(당월)'!W12+'[4]사업장별(누계)'!W12 -> 576.25843 | X12: =+U12-W12 -> -259.36243 | Y12: =+[11]서부산!$Q$85 -> 103538.49 | Z12: =+[11]서부산!$R$85 -> 99821.369 | AA12: =+[12]서부산!$Q$85 -> 93238.372 | AB12: =+[11]서부산!$Q$89 -> 77640.4 | AC12: =+[11]서부산!$R$89 -> 80640.022 | AD12: =+[12]서부산!$Q$89 -> 70765.656 | AE12: =+Y12-AB12 -> 25898.095 | AF12: =+Z12-AC12 -> 19181.347 | AG12: =+AA12-AD12 -> 22472.716
B13: 김해 | I13: 김해 | J13: =+'사업장별(당월)'!J13+'[4]사업장별(누계)'!J13 -> 21 | K13: =+'사업장별(당월)'!K13+'[4]사업장별(누계)'!K13 -> 20.978 | L13: =+K13-J13 -> -0.022 | M13: =+'사업장별(당월)'!M13+'[4]사업장별(누계)'!M13 -> 23.195 | N13: =+K13-M13 -> -2.217 | O13: =+'사업장별(당월)'!O13+'[4]사업장별(누계)'!O13 -> 2120.9916 | P13: =+'사업장별(당월)'!P13+'[4]사업장별(누계)'!P13 -> 2115.8959 | Q13: =+P13-O13 -> -5.0957 | R13: =+'사업장별(당월)'!R13+'[4]사업장별(누계)'!R13 -> 2178.922 | S13: =+P13-R13 -> -63.0261 | T13: =+'사업장별(당월)'!T13+'[4]사업장별(누계)'!T13 -> 194.4168 | U13: =+'사업장별(당월)'!U13+'[4]사업장별(누계)'!U13 -> 99.251055 | V13: =+U13-T13 -> -95.16575 | W13: =+'사업장별(당월)'!W13+'[4]사업장별(누계)'!W13 -> 202.49287 | X13: =+U13-W13 -> -103.24182 | Y13: =+[11]김해!$Q$85 -> 100999.6 | Z13: =+[11]김해!$R$85 -> 100865.57 | AA13: =+[12]김해!$Q$85 -> 93950.902 | AB13: =+[11]김해!$Q$89 -> 76784.213 | AC13: =+[11]김해!$R$89 -> 81962.048 | AD13: =+[12]김해!$Q$89 -> 72645.114 | AE13: =+Y13-AB13 -> 24215.387 | AF13: =+Z13-AC13 -> 18903.52 | AG13: =+AA13-AD13 -> 21305.788
B14: 정관 | I14: 정관 | J14: =+'사업장별(당월)'!J14+'[4]사업장별(누계)'!J14 -> 34 | K14: =+'사업장별(당월)'!K14+'[4]사업장별(누계)'!K14 -> 36.4955 | L14: =+K14-J14 -> 2.4955 | M14: =+'사업장별(당월)'!M14+'[4]사업장별(누계)'!M14 -> 38.427 | N14: =+K14-M14 -> -1.9315 | O14: =+'사업장별(당월)'!O14+'[4]사업장별(누계)'!O14 -> 3536 | P14: =+'사업장별(당월)'!P14+'[4]사업장별(누계)'!P14 -> 3711.543 | Q14: =+P14-O14 -> 175.54305 | R14: =+'사업장별(당월)'!R14+'[4]사업장별(누계)'!R14 -> 3798.918 | S14: =+P14-R14 -> -87.37497 | T14: =+'사업장별(당월)'!T14+'[4]사업장별(누계)'!T14 -> 451.18986 | U14: =+'사업장별(당월)'!U14+'[4]사업장별(누계)'!U14 -> 291.83419 | V14: =+U14-T14 -> -159.35567 | W14: =+'사업장별(당월)'!W14+'[4]사업장별(누계)'!W14 -> 622.87115 | X14: =+U14-W14 -> -331.03697 | Y14: =+[11]정관!$Q$85 -> 104000 | Z14: =+[11]정관!$R$85 -> 101698.65 | AA14: =+[12]정관!$Q$85 -> 98860.645 | AB14: =+[11]정관!$Q$89 -> 78960.711 | AC14: =+[11]정관!$R$89 -> 82925.775 | AD14: =+[12]정관!$Q$89 -> 72586.64 | AE14: =+Y14-AB14 -> 25039.289 | AF14: =+Z14-AC14 -> 18772.874 | AG14: =+AA14-AD14 -> 26274.006
B15: 양산 | I15: 양산 | J15: =+'사업장별(당월)'!J15+'[4]사업장별(누계)'!J15 -> 20 | K15: =+'사업장별(당월)'!K15+'[4]사업장별(누계)'!K15 -> 23.422 | L15: =+K15-J15 -> 3.422 | M15: =+'사업장별(당월)'!M15+'[4]사업장별(누계)'!M15 -> 24.982 | N15: =+K15-M15 -> -1.56 | O15: =+'사업장별(당월)'!O15+'[4]사업장별(누계)'!O15 -> 1923.6865 | P15: =+'사업장별(당월)'!P15+'[4]사업장별(누계)'!P15 -> 2236.5023 | Q15: =+P15-O15 -> 312.81587 | R15: =+'사업장별(당월)'!R15+'[4]사업장별(누계)'!R15 -> 2318.7713 | S15: =+P15-R15 -> -82.269002 | T15: =+'사업장별(당월)'!T15+'[4]사업장별(누계)'!T15 -> 211.73756 | U15: =+'사업장별(당월)'!U15+'[4]사업장별(누계)'!U15 -> 250.79479 | V15: =+U15-T15 -> 39.057224 | W15: =+'사업장별(당월)'!W15+'[4]사업장별(누계)'!W15 -> 326.81266 | X15: =+U15-W15 -> -76.017874 | Y15: =+[11]양산!$Q$85 -> 96184.323 | Z15: =+[11]양산!$R$85 -> 95487.248 | AA15: =+[12]양산!$Q$85 -> 92825.002 | AB15: =+[11]양산!$Q$89 -> 71621.087 | AC15: =+[11]양산!$R$89 -> 72690.595 | AD15: =+[12]양산!$Q$89 -> 68117.553 | AE15: =+Y15-AB15 -> 24563.236 | AF15: =+Z15-AC15 -> 22796.653 | AG15: =+AA15-AD15 -> 24707.449
B16: 창원 | I16: 창원 | J16: =+'사업장별(당월)'!J16+'[4]사업장별(누계)'!J16 -> 28 | K16: =+'사업장별(당월)'!K16+'[4]사업장별(누계)'!K16 -> 32.768 | L16: =+K16-J16 -> 4.768 | M16: =+'사업장별(당월)'!M16+'[4]사업장별(누계)'!M16 -> 38.299 | N16: =+K16-M16 -> -5.531 | O16: =+'사업장별(당월)'!O16+'[4]사업장별(누계)'!O16 -> 2788.408 | P16: =+'사업장별(당월)'!P16+'[4]사업장별(누계)'!P16 -> 3382.2043 | Q16: =+P16-O16 -> 593.7963 | R16: =+'사업장별(당월)'!R16+'[4]사업장별(누계)'!R16 -> 3546.1466 | S16: =+P16-R16 -> -163.9423 | T16: =+'사업장별(당월)'!T16+'[4]사업장별(누계)'!T16 -> 382.30164 | U16: =+'사업장별(당월)'!U16+'[4]사업장별(누계)'!U16 -> 520.35788 | V16: =+U16-T16 -> 138.05624 | W16: =+'사업장별(당월)'!W16+'[4]사업장별(누계)'!W16 -> 635.5841 | X16: =+U16-W16 -> -115.22622 | Y16: =+[11]창원!$Q$85 -> 99586 | Z16: =+[11]창원!$R$85 -> 103216.68 | AA16: =+[12]창원!$Q$85 -> 92591.102 | AB16: =+[11]창원!$Q$89 -> 72372.548 | AC16: =+[11]창원!$R$89 -> 75624.314 | AD16: =+[12]창원!$Q$89 -> 66457.692 | AE16: =+Y16-AB16 -> 27213.452 | AF16: =+Z16-AC16 -> 27592.37 | AG16: =+AA16-AD16 -> 26133.41
B17: 대구 | I17: 대구 | J17: =+'사업장별(당월)'!J17+'[4]사업장별(누계)'!J17 -> 27 | K17: =+'사업장별(당월)'!K17+'[4]사업장별(누계)'!K17 -> 28.7515 | L17: =+K17-J17 -> 1.7515 | M17: =+'사업장별(당월)'!M17+'[4]사업장별(누계)'!M17 -> 42.193 | N17: =+K17-M17 -> -13.4415 | O17: =+'사업장별(당월)'!O17+'[4]사업장별(누계)'!O17 -> 2640.6 | P17: =+'사업장별(당월)'!P17+'[4]사업장별(누계)'!P17 -> 2906.5256 | Q17: =+P17-O17 -> 265.9256 | R17: =+'사업장별(당월)'!R17+'[4]사업장별(누계)'!R17 -> 3708.9424 | S17: =+P17-R17 -> -802.41675 | T17: =+'사업장별(당월)'!T17+'[4]사업장별(누계)'!T17 -> 357.25256 | U17: =+'사업장별(당월)'!U17+'[4]사업장별(누계)'!U17 -> 421.89957 | V17: =+U17-T17 -> 64.647005 | W17: =+'사업장별(당월)'!W17+'[4]사업장별(누계)'!W17 -> 572.70908 | X17: =+U17-W17 -> -150.80951 | Y17: =+[11]대구!$Q$85 -> 97800 | Z17: =+[11]대구!$R$85 -> 101091.27 | AA17: =+[12]대구!$Q$85 -> 87898.835 | AB17: =+[11]대구!$Q$89 -> 71441.174 | AC17: =+[11]대구!$R$89 -> 74548.295 | AD17: =+[12]대구!$Q$89 -> 65838.359 | AE17: =+Y17-AB17 -> 26358.826 | AF17: =+Z17-AC17 -> 26542.974 | AG17: =+AA17-AD17 -> 22060.476
B18: 울산 | I18: 울산 | J18: =+'사업장별(당월)'!J18+'[4]사업장별(누계)'!J18 -> 9 | K18: =+'사업장별(당월)'!K18+'[4]사업장별(누계)'!K18 -> 10.1715 | L18: =+K18-J18 -> 1.1715 | M18: =+'사업장별(당월)'!M18+'[4]사업장별(누계)'!M18 -> 18.5705 | N18: =+K18-M18 -> -8.399 | O18: =+'사업장별(당월)'!O18+'[4]사업장별(누계)'!O18 -> 879.69716 | P18: =+'사업장별(당월)'!P18+'[4]사업장별(누계)'!P18 -> 1048.3277 | Q18: =+P18-O18 -> 168.63059 | R18: =+'사업장별(당월)'!R18+'[4]사업장별(누계)'!R18 -> 1758.2015 | S18: =+P18-R18 -> -709.8737 | T18: =+'사업장별(당월)'!T18+'[4]사업장별(누계)'!T18 -> -108.53528 | U18: =+'사업장별(당월)'!U18+'[4]사업장별(누계)'!U18 -> -68.738832 | V18: =+U18-T18 -> 39.796443 | W18: =+'사업장별(당월)'!W18+'[4]사업장별(누계)'!W18 -> 103.13011 | X18: =+U18-W18 -> -171.86895 | Y18: =+[11]울산!$Q$85 -> 97744.129 | Z18: =+[11]울산!$R$85 -> 103065.21 | AA18: =+[12]울산!$Q$85 -> 94701.757 | AB18: =+[11]울산!$Q$89 -> 79658.271 | AC18: =+[11]울산!$R$89 -> 84815.785 | AD18: =+[12]울산!$Q$89 -> 75041.897 | AE18: =+Y18-AB18 -> 18085.858 | AF18: =+Z18-AC18 -> 18249.422 | AG18: =+AA18-AD18 -> 19659.861
B19: 아산 | I19: 아산 | J19: =+'사업장별(당월)'!J19+'[4]사업장별(누계)'!J19 -> 30 | K19: =+'사업장별(당월)'!K19+'[4]사업장별(누계)'!K19 -> 40.47 | L19: =+K19-J19 -> 10.47 | M19: =+'사업장별(당월)'!M19+'[4]사업장별(누계)'!M19 -> 47.819 | N19: =+K19-M19 -> -7.349 | O19: =+'사업장별(당월)'!O19+'[4]사업장별(누계)'!O19 -> 3029.9949 | P19: =+'사업장별(당월)'!P19+'[4]사업장별(누계)'!P19 -> 3979.3381 | Q19: =+P19-O19 -> 949.34315 | R19: =+'사업장별(당월)'!R19+'[4]사업장별(누계)'!R19 -> 4442.1239 | S19: =+P19-R19 -> -462.78584 | T19: =+'사업장별(당월)'!T19+'[4]사업장별(누계)'!T19 -> 252.86713 | U19: =+'사업장별(당월)'!U19+'[4]사업장별(누계)'!U19 -> 193.7432 | V19: =+U19-T19 -> -59.123935 | W19: =+'사업장별(당월)'!W19+'[4]사업장별(누계)'!W19 -> 607.32532 | X19: =+U19-W19 -> -413.58213 | Y19: =+[11]아산!$Q$85 -> 100999.83 | Z19: =+[11]아산!$R$85 -> 98328.096 | AA19: =+[12]아산!$Q$85 -> 92889.303 | AB19: =+[11]아산!$Q$89 -> 77928.567 | AC19: =+[11]아산!$R$89 -> 81310.325 | AD19: =+[12]아산!$Q$89 -> 68706.455 | AE19: =+Y19-AB19 -> 23071.263 | AF19: =+Z19-AC19 -> 17017.771 | AG19: =+AA19-AD19 -> 24182.848
B20: 전주 | I20: 전주 | J20: =+'사업장별(당월)'!J20+'[4]사업장별(누계)'!J20 -> 20 | K20: =+'사업장별(당월)'!K20+'[4]사업장별(누계)'!K20 -> 8.83 | L20: =+K20-J20 -> -11.17 | M20: =+'사업장별(당월)'!M20+'[4]사업장별(누계)'!M20 -> 16.2995 | N20: =+K20-M20 -> -7.4695 | O20: =+'사업장별(당월)'!O20+'[4]사업장별(누계)'!O20 -> 2014.9649 | P20: =+'사업장별(당월)'!P20+'[4]사업장별(누계)'!P20 -> 874.29074 | Q20: =+P20-O20 -> -1140.6742 | R20: =+'사업장별(당월)'!R20+'[4]사업장별(누계)'!R20 -> 1424.6025 | S20: =+P20-R20 -> -550.31176 | T20: =+'사업장별(당월)'!T20+'[4]사업장별(누계)'!T20 -> 226.59254 | U20: =+'사업장별(당월)'!U20+'[4]사업장별(누계)'!U20 -> -56.857422 | V20: =+U20-T20 -> -283.44996 | W20: =+'사업장별(당월)'!W20+'[4]사업장별(누계)'!W20 -> 25.509295 | X20: =+U20-W20 -> -82.366717 | Y20: =+[11]전주!$Q$85 -> 100748.25 | Z20: =+[11]전주!$R$85 -> 99013.673 | AA20: =+[12]전주!$Q$85 -> 87420.351 | AB20: =+[11]전주!$Q$89 -> 74730.014 | AC20: =+[11]전주!$R$89 -> 74049.869 | AD20: =+[12]전주!$Q$89 -> 66224.913 | AE20: =+Y20-AB20 -> 26018.231 | AF20: =+Z20-AC20 -> 24963.804 | AG20: =+AA20-AD20 -> 21195.438
B21: 군산 | I21: 군산 | J21: =+'사업장별(당월)'!J21+'[4]사업장별(누계)'!J21 -> 8 | K21: =+'사업장별(당월)'!K21+'[4]사업장별(누계)'!K21 -> 12.917 | L21: =+K21-J21 -> 4.917 | M21: =+'사업장별(당월)'!M21+'[4]사업장별(누계)'!M21 -> 13.124 | N21: =+K21-M21 -> -0.207 | O21: =+'사업장별(당월)'!O21+'[4]사업장별(누계)'!O21 -> 867.36804 | P21: =+'사업장별(당월)'!P21+'[4]사업장별(누계)'!P21 -> 1329.6203 | Q21: =+P21-O21 -> 462.25222 | R21: =+'사업장별(당월)'!R21+'[4]사업장별(누계)'!R21 -> 1187.566 | S21: =+P21-R21 -> 142.0543 | T21: =+'사업장별(당월)'!T21+'[4]사업장별(누계)'!T21 -> 133.89786 | U21: =+'사업장별(당월)'!U21+'[4]사업장별(누계)'!U21 -> 261.78264 | V21: =+U21-T21 -> 127.88479 | W21: =+'사업장별(당월)'!W21+'[4]사업장별(누계)'!W21 -> 199.94211 | X21: =+U21-W21 -> 61.840535 | Y21: =+[11]군산!$Q$85 -> 108421.01 | Z21: =+[11]군산!$R$85 -> 102935.69 | AA21: =+[12]군산!$Q$85 -> 90481.439 | AB21: =+[11]군산!$Q$89 -> 70400.342 | AC21: =+[11]군산!$R$89 -> 70126.652 | AD21: =+[12]군산!$Q$89 -> 63006.04 | AE21: =+Y21-AB21 -> 38020.663 | AF21: =+Z21-AC21 -> 32809.034 | AG21: =+AA21-AD21 -> 27475.399
B22: 원주 | I22: 원주 | J22: =+'사업장별(당월)'!J22+'[4]사업장별(누계)'!J22 -> 7 | K22: =+'사업장별(당월)'!K22+'[4]사업장별(누계)'!K22 -> 6.9395 | L22: =+K22-J22 -> -0.0605 | M22: =+'사업장별(당월)'!M22+'[4]사업장별(누계)'!M22 -> 4.705 | N22: =+K22-M22 -> 2.2345 | O22: =+'사업장별(당월)'!O22+'[4]사업장별(누계)'!O22 -> 755.3 | P22: =+'사업장별(당월)'!P22+'[4]사업장별(누계)'!P22 -> 776.6398 | Q22: =+P22-O22 -> 21.3398 | R22: =+'사업장별(당월)'!R22+'[4]사업장별(누계)'!R22 -> 455.7138 | S22: =+P22-R22 -> 320.926 | T22: =+'사업장별(당월)'!T22+'[4]사업장별(누계)'!T22 -> 54.61908 | U22: =+'사업장별(당월)'!U22+'[4]사업장별(누계)'!U22 -> 89.717246 | V22: =+U22-T22 -> 35.098166 | W22: =+'사업장별(당월)'!W22+'[4]사업장별(누계)'!W22 -> -12.320387 | X22: =+U22-W22 -> 102.03763 | Y22: =+[11]원주!$Q$85 -> 107900 | Z22: =+[11]원주!$R$85 -> 111948.06 | AA22: =+[12]원주!$Q$85 -> 96857.343 | AB22: =+[11]원주!$Q$89 -> 75418.706 | AC22: =+[11]원주!$R$89 -> 74467.081 | AD22: =+[12]원주!$Q$89 -> 66452.039 | AE22: =+Y22-AB22 -> 32481.294 | AF22: =+Z22-AC22 -> 37480.984 | AG22: =+AA22-AD22 -> 30405.304
B23: 제주 | I23: 제주 | J23: =+'사업장별(당월)'!J23+'[4]사업장별(누계)'!J23 -> 8 | K23: =+'사업장별(당월)'!K23+'[4]사업장별(누계)'!K23 -> 5.66 | L23: =+K23-J23 -> -2.34 | M23: =+'사업장별(당월)'!M23+'[4]사업장별(누계)'!M23 -> 13.639 | N23: =+K23-M23 -> -7.979 | O23: =+'사업장별(당월)'!O23+'[4]사업장별(누계)'!O23 -> 1013.6 | P23: =+'사업장별(당월)'!P23+'[4]사업장별(누계)'!P23 -> 728.19172 | Q23: =+P23-O23 -> -285.40828 | R23: =+'사업장별(당월)'!R23+'[4]사업장별(누계)'!R23 -> 1603.0356 | S23: =+P23-R23 -> -874.84387 | T23: =+'사업장별(당월)'!T23+'[4]사업장별(누계)'!T23 -> 99.243969 | U23: =+'사업장별(당월)'!U23+'[4]사업장별(누계)'!U23 -> 50.242933 | V23: =+U23-T23 -> -49.001036 | W23: =+'사업장별(당월)'!W23+'[4]사업장별(누계)'!W23 -> 364.85801 | X23: =+U23-W23 -> -314.61507 | Y23: =+[11]제주!$Q$85 -> 126700 | Z23: =+[11]제주!$R$85 -> 128655.78 | AA23: =+[12]제주!$Q$85 -> 117535.42 | AB23: =+[11]제주!$Q$89 -> 89935.469 | AC23: =+[11]제주!$R$89 -> 89930.058 | AD23: =+[12]제주!$Q$89 -> 78806.718 | AE23: =+Y23-AB23 -> 36764.531 | AF23: =+Z23-AC23 -> 38725.724 | AG23: =+AA23-AD23 -> 38728.7
I24: 수도권 | J24: =SUM(J7:J10) -> 184 | K24: =SUM(K7:K10) -> 187.823 | L24: =+K24-J24 -> 3.823 | M24: =SUM(M7:M10) -> 216.5115 | N24: =+K24-M24 -> -28.6885 | O24: =SUM(O7:O10) -> 17744.072 | P24: =SUM(P7:P10) -> 18546.484 | Q24: =+P24-O24 -> 802.41113 | R24: =SUM(R7:R10) -> 19316.639 | S24: =+P24-R24 -> -770.15501 | T24: =SUM(T7:T10) -> 1148.1392 | U24: =SUM(U7:U10) -> 1150.3064 | V24: =+U24-T24 -> 2.1671838 | W24: =SUM(W7:W10) -> 1662.7811 | X24: =+U24-W24 -> -512.4747 | Y24: =+[11]수도권!$Q$85 -> 96435.176 | Z24: =+[11]수도권!$R$85 -> 98745.596 | AA24: =+[12]수도권!$Q$85 -> 89231.065 | AB24: =+[11]수도권!$Q$89 -> 79468.244 | AC24: =+[11]수도권!$R$89 -> 81932.741 | AD24: =+[12]수도권!$Q$89 -> 72628.734 | AE24: =+Y24-AB24 -> 16966.932 | AF24: =+Z24-AC24 -> 16812.855 | AG24: =+AA24-AD24 -> 16602.331
I25: 영남권 | J25: =SUM(J11:J18) -> 213 | K25: =SUM(K11:K18) -> 233.8025 | L25: =+K25-J25 -> 20.8025 | M25: =SUM(M11:M18) -> 280.4845 | N25: =+K25-M25 -> -46.682 | O25: =SUM(O11:O18) -> 21689.32 | P25: =SUM(P11:P18) -> 23862.624 | Q25: =+P25-O25 -> 2173.3046 | R25: =SUM(R11:R18) -> 26610.076 | S25: =+P25-R25 -> -2747.4512 | T25: =SUM(T11:T18) -> 2547.0559 | U25: =SUM(U11:U18) -> 2332.554 | V25: =+U25-T25 -> -214.50187 | W25: =SUM(W11:W18) -> 4020.6497 | X25: =+U25-W25 -> -1688.0957 | Y25: =+[11]영남권!$Q$85 -> 101827.79 | Z25: =+[11]영남권!$R$85 -> 102063.5 | AA25: =+[12]영남권!$Q$85 -> 94875.186 | AB25: =+[11]영남권!$Q$89 -> 75955.894 | AC25: =+[11]영남권!$R$89 -> 79702.413 | AD25: =+[12]영남권!$Q$89 -> 70305.515 | AE25: =+Y25-AB25 -> 25871.898 | AF25: =+Z25-AC25 -> 22361.083 | AG25: =+AA25-AD25 -> 24569.671
I26: 중부권 | J26: =SUM(J19:J23) -> 73 | K26: =SUM(K19:K23) -> 74.8165 | L26: =+K26-J26 -> 1.8165 | M26: =SUM(M19:M23) -> 95.5865 | N26: =+K26-M26 -> -20.77 | O26: =SUM(O19:O23) -> 7681.2278 | P26: =SUM(P19:P23) -> 7688.0806 | Q26: =+P26-O26 -> 6.852731 | R26: =SUM(R19:R23) -> 9113.0417 | S26: =+P26-R26 -> -1424.9612 | T26: =SUM(T19:T23) -> 767.22057 | U26: =SUM(U19:U23) -> 538.6286 | V26: =+U26-T26 -> -228.59198 | W26: =SUM(W19:W23) -> 1185.3143 | X26: =+U26-W26 -> -646.68575 | Y26: =+[11]중부권!$Q$85 -> 105222.3 | Z26: =+[11]중부권!$R$85 -> 102758.59 | AA26: =+[12]중부권!$Q$85 -> 95552.188 | AB26: =+[11]중부권!$Q$89 -> 77302.394 | AC26: =+[11]중부권!$R$89 -> 78542.727 | AD26: =+[12]중부권!$Q$89 -> 68859.741 | AE26: =+Y26-AB26 -> 27919.905 | AF26: =+Z26-AC26 -> 24215.861 | AG26: =+AA26-AD26 -> 26692.447
G27: =+K27/J27 -> 1.0562596 | H27: 레미콘 계 | J27: =SUM(J24:J26) -> 470 | K27: =SUM(K24:K26) -> 496.442 | L27: =+K27-J27 -> 26.442 | M27: =SUM(M24:M26) -> 592.5825 | N27: =+K27-M27 -> -96.1405 | O27: =SUM(O24:O26) -> 47114.62 | P27: =SUM(P24:P26) -> 50097.188 | Q27: =+P27-O27 -> 2982.5685 | R27: =SUM(R24:R26) -> 55039.756 | S27: =+P27-R27 -> -4942.5674 | T27: =SUM(T24:T26) -> 4462.4157 | U27: =SUM(U24:U26) -> 4021.489 | V27: =+U27-T27 -> -440.92667 | W27: =SUM(W24:W26) -> 6868.7452 | X27: =+U27-W27 -> -2847.2562 | Y27: =+[11]합계!$Q$85 -> 100243.87 | Z27: =+[11]합계!$R$85 -> 100912.98 | AA27: =+[12]합계!$Q$85 -> 92907.36 | AB27: =+[11]합계!$Q$89 -> 77540.079 | AC27: =+[11]합계!$R$89 -> 80371.425 | AD27: =+[12]합계!$Q$89 -> 70935.185 | AE27: =+Y27-AB27 -> 22703.793 | AF27: =+Z27-AC27 -> 20541.558 | AG27: =+AA27-AD27 -> 21972.175
B28: 건자재 | E28: 건자재영업 | H28: 건자재 | J28: =+'사업장별(당월)'!J28+'[4]사업장별(누계)'!J28 -> 13300 | K28: =+'사업장별(당월)'!K28+'[4]사업장별(누계)'!K28 -> 13070.495 | L28: =+K28-J28 -> -229.505 | M28: =+'사업장별(당월)'!M28+'[4]사업장별(누계)'!M28 -> 15329.127 | N28: =+K28-M28 -> -2258.632 | O28: =+'사업장별(당월)'!O28+'[4]사업장별(누계)'!O28 -> 16278.141 | P28: =+'사업장별(당월)'!P28+'[4]사업장별(누계)'!P28 -> 14173.615 | Q28: =+P28-O28 -> -2104.5259 | R28: =+'사업장별(당월)'!R28+'[4]사업장별(누계)'!R28 -> 18603.105 | S28: =+P28-R28 -> -4429.4902 | T28: =+'사업장별(당월)'!T28+'[4]사업장별(누계)'!T28 -> 165.93168 | U28: =+'사업장별(당월)'!U28+'[4]사업장별(누계)'!U28 -> 117.11189 | V28: =+U28-T28 -> -48.819786 | W28: =+'사업장별(당월)'!W28+'[4]사업장별(누계)'!W28 -> 151.62618 | X28: =+U28-W28 -> -34.514287 | Y28: ■ 비고
B29: 부산모래장 | H29: 골재 | I29: 부산모래장 | J29: =+'사업장별(당월)'!J29+'[4]사업장별(누계)'!J29 -> 42.654768 | K29: =+'사업장별(당월)'!K29+'[4]사업장별(누계)'!K29 -> 45.828 | L29: =+K29-J29 -> 3.1732315 | M29: =+'사업장별(당월)'!M29+'[4]사업장별(누계)'!M29 -> 57.897 | N29: =+K29-M29 -> -12.069 | O29: =+'사업장별(당월)'!O29+'[4]사업장별(누계)'!O29 -> 1255.2758 | P29: =+'사업장별(당월)'!P29+'[4]사업장별(누계)'!P29 -> 1315.618 | Q29: =+P29-O29 -> 60.342214 | R29: =+'사업장별(당월)'!R29+'[4]사업장별(누계)'!R29 -> 1659.3872 | S29: =+P29-R29 -> -343.7692 | T29: =+'사업장별(당월)'!T29+'[4]사업장별(누계)'!T29 -> 50.949972 | U29: =+'사업장별(당월)'!U29+'[4]사업장별(누계)'!U29 -> 91.12848 | V29: =+U29-T29 -> 40.178507 | W29: =+'사업장별(당월)'!W29+'[4]사업장별(누계)'!W29 -> 41.685131 | X29: =+U29-W29 -> 49.443349
B30: 서부산크라샤 | I30: 서부산CR | J30: =+'사업장별(당월)'!J30+'[4]사업장별(누계)'!J30 -> 23.5096 | K30: =+'사업장별(당월)'!K30+'[4]사업장별(누계)'!K30 -> 50.918 | L30: =+K30-J30 -> 27.4084 | M30: =+'사업장별(당월)'!M30+'[4]사업장별(누계)'!M30 -> 72.736 | N30: =+K30-M30 -> -21.818 | O30: =+'사업장별(당월)'!O30+'[4]사업장별(누계)'!O30 -> 366.5198 | P30: =+'사업장별(당월)'!P30+'[4]사업장별(누계)'!P30 -> 692.03 | Q30: =+P30-O30 -> 325.5102 | R30: =+'사업장별(당월)'!R30+'[4]사업장별(누계)'!R30 -> 853.456 | S30: =+P30-R30 -> -161.426 | T30: =+'사업장별(당월)'!T30+'[4]사업장별(누계)'!T30 -> 143.8915 | U30: =+'사업장별(당월)'!U30+'[4]사업장별(누계)'!U30 -> 91.726724 | V30: =+U30-T30 -> -52.164775 | W30: =+'사업장별(당월)'!W30+'[4]사업장별(누계)'!W30 -> 129.46055 | X30: =+U30-W30 -> -37.733823
B31: 부산크라샤 | I31: 부산CR | J31: =+'사업장별(당월)'!J31+'[4]사업장별(누계)'!J31 -> 77.326683 | K31: =+'사업장별(당월)'!K31+'[4]사업장별(누계)'!K31 -> 53.043 | L31: =+K31-J31 -> -24.283683 | M31: =+'사업장별(당월)'!M31+'[4]사업장별(누계)'!M31 -> 0 | N31: =+K31-M31 -> 53.043 | O31: =+'사업장별(당월)'!O31+'[4]사업장별(누계)'!O31 -> 1380.8837 | P31: =+'사업장별(당월)'!P31+'[4]사업장별(누계)'!P31 -> 1008.9585 | Q31: =+P31-O31 -> -371.92525 | R31: =+'사업장별(당월)'!R31+'[4]사업장별(누계)'!R31 -> 0 | S31: =+P31-R31 -> 1008.9585 | T31: =+'사업장별(당월)'!T31+'[4]사업장별(누계)'!T31 -> -57.135956 | U31: =+'사업장별(당월)'!U31+'[4]사업장별(누계)'!U31 -> 80.397894 | V31: =+U31-T31 -> 137.53385 | W31: =+'사업장별(당월)'!W31+'[4]사업장별(누계)'!W31 -> -18.706423 | X31: =+U31-W31 -> 99.104317
H32: 골재 계 | J32: =SUM(J29:J31) -> 143.49105 | K32: =SUM(K29:K31) -> 149.789 | L32: =+K32-J32 -> 6.2979482 | M32: =SUM(M29:M31) -> 130.633 | N32: =+K32-M32 -> 19.156 | O32: =SUM(O29:O31) -> 3002.6793 | P32: =SUM(P29:P31) -> 3016.6065 | Q32: =+P32-O32 -> 13.927166 | R32: =SUM(R29:R31) -> 2512.8432 | S32: =+P32-R32 -> 503.7633 | T32: =SUM(T29:T31) -> 137.70551 | U32: =SUM(U29:U31) -> 263.2531 | V32: =+U32-T32 -> 125.54758 | W32: =SUM(W29:W31) -> 152.43925 | X32: =+U32-W32 -> 110.81384
B33: 포항임대 | C33: 속초임대 | D33: 강릉임대 | E33: 레미콘임대 계 | H33: 기타 | I33: 레미콘임대 | L33: =+K33-J33 -> 0 | N33: =+K33-M33 -> 0 | O33: =+'사업장별(당월)'!O33+'[4]사업장별(누계)'!O33 -> 181.68 | P33: =+'사업장별(당월)'!P33+'[4]사업장별(누계)'!P33 -> 181.68 | Q33: =+P33-O33 -> 0 | R33: =+'사업장별(당월)'!R33+'[4]사업장별(누계)'!R33 -> 156.68 | S33: =+P33-R33 -> 25 | T33: =+'사업장별(당월)'!T33+'[4]사업장별(누계)'!T33 -> 144.42105 | U33: =+'사업장별(당월)'!U33+'[4]사업장별(누계)'!U33 -> 143.76193 | V33: =+U33-T33 -> -0.659117 | W33: =+'사업장별(당월)'!W33+'[4]사업장별(누계)'!W33 -> 122.852 | X33: =+U33-W33 -> 20.909931
B34: 부동산임대 | C34: 주유소임대 | E34: 임대 계 | I34: 임대 | L34: =+K34-J34 -> 0 | M34: 0 | N34: =+K34-M34 -> 0 | O34: =+'사업장별(당월)'!O34+'[4]사업장별(누계)'!O34 -> 144.595 | P34: =+'사업장별(당월)'!P34+'[4]사업장별(누계)'!P34 -> 143.91587 | Q34: =+P34-O34 -> -0.67913067 | R34: =+'사업장별(당월)'!R34+'[4]사업장별(누계)'!R34 -> 188.1772 | S34: =+P34-R34 -> -44.261325 | T34: =+'사업장별(당월)'!T34+'[4]사업장별(누계)'!T34 -> 124.09092 | U34: =+'사업장별(당월)'!U34+'[4]사업장별(누계)'!U34 -> 123.718 | V34: =+U34-T34 -> -0.37291667 | W34: =+'사업장별(당월)'!W34+'[4]사업장별(누계)'!W34 -> 64.074962 | X34: =+U34-W34 -> 59.643037
B35: 공 통 비 | I35: 공통비 | L35: =+K35-J35 -> 0 | N35: =+K35-M35 -> 0 | O35: =+'사업장별(당월)'!O35+'[4]사업장별(누계)'!O35 -> 0 | P35: =+'사업장별(당월)'!P35+'[4]사업장별(누계)'!P35 -> 0 | Q35: =+P35-O35 -> 0 | R35: =+'사업장별(당월)'!R35+'[4]사업장별(누계)'!R35 -> 0 | S35: =+P35-R35 -> 0 | T35: =+'사업장별(당월)'!T35+'[4]사업장별(누계)'!T35 -> -2514.7087 | U35: =+'사업장별(당월)'!U35+'[4]사업장별(누계)'!U35 -> -2602.6161 | V35: =+U35-T35 -> -87.907436 | W35: =+'사업장별(당월)'!W35+'[4]사업장별(누계)'!W35 -> -2025.0641 | X35: =+U35-W35 -> -577.552
I36: OPC 소급분 | N36: =+K36-M36 -> 0 | O36: =+'사업장별(당월)'!O36+'[4]사업장별(누계)'!O36 -> 0 | P36: =+'사업장별(당월)'!P36+'[4]사업장별(누계)'!P36 -> 0 | Q36: =+P36-O36 -> 0 | R36: =+'사업장별(당월)'!R36+'[4]사업장별(누계)'!R36 -> 0 | S36: =+P36-R36 -> 0 | T36: =+'사업장별(당월)'!T36+'[4]사업장별(누계)'!T36 -> 0 | U36: =+'사업장별(당월)'!U36+'[4]사업장별(누계)'!U36 -> 0 | V36: =+U36-T36 -> 0 | W36: =+'사업장별(당월)'!W36+'[4]사업장별(누계)'!W36 -> 0 | X36: =+U36-W36 -> 0
I37: 대손 | N37: =+K37-M37 -> 0 | O37: =+'사업장별(당월)'!O37+'[4]사업장별(누계)'!O37 -> 0 | P37: =+'사업장별(당월)'!P37+'[4]사업장별(누계)'!P37 -> 0 | Q37: =+P37-O37 -> 0 | R37: =+'사업장별(당월)'!R37+'[4]사업장별(누계)'!R37 -> 0 | S37: =+P37-R37 -> 0 | T37: =+'사업장별(당월)'!T37+'[4]사업장별(누계)'!T37 -> 0 | U37: =+'사업장별(당월)'!U37+'[4]사업장별(누계)'!U37 -> 310.72653 | V37: =+U37-T37 -> 310.72653 | W37: =+'사업장별(당월)'!W37+'[4]사업장별(누계)'!W37 -> 0 | X37: =+U37-W37 -> 310.72653
I38: 미운영 공장 | M38: =SUM(M54:M57) -> 0 | N38: =+K38-M38 -> 0 | O38: =+'사업장별(당월)'!O38+'[4]사업장별(누계)'!O38 -> 0 | P38: =+'사업장별(당월)'!P38+'[4]사업장별(누계)'!P38 -> 0 | Q38: =+P38-O38 -> 0 | R38: =+'사업장별(당월)'!R38+'[4]사업장별(누계)'!R38 -> 0 | S38: =+P38-R38 -> 0 | T38: =+'사업장별(당월)'!T38+'[4]사업장별(누계)'!T38 -> -71.426452 | U38: =+'사업장별(당월)'!U38+'[4]사업장별(누계)'!U38 -> -71.521524 | V38: =+U38-T38 -> -0.095072111 | W38: =+'사업장별(당월)'!W38+'[4]사업장별(누계)'!W38 -> -21.085096 | X38: =+U38-W38 -> -50.436428
B39: 기타 계 | I39: 기타 | L39: =+K39-J39 -> 0 | N39: =+K39-M39 -> 0 | O39: =+'사업장별(당월)'!O39+'[4]사업장별(누계)'!O39 -> 3.54 | P39: =+'사업장별(당월)'!P39+'[4]사업장별(누계)'!P39 -> 3.4048 | Q39: =+P39-O39 -> -0.1352 | R39: =+'사업장별(당월)'!R39+'[4]사업장별(누계)'!R39 -> 3.353 | S39: =+P39-R39 -> 0.0518 | T39: =+'사업장별(당월)'!T39+'[4]사업장별(누계)'!T39 -> -31.970816 | U39: =+'사업장별(당월)'!U39+'[4]사업장별(누계)'!U39 -> -31.597849 | V39: =+U39-T39 -> 0.372967 | W39: =+'사업장별(당월)'!W39+'[4]사업장별(누계)'!W39 -> -34.076923 | X39: =+U39-W39 -> 2.479074
N40: =+K40-M40 -> 0 | O40: =+'사업장별(당월)'!O40+'[4]사업장별(누계)'!O40 -> 0 | P40: =+'사업장별(당월)'!P40+'[4]사업장별(누계)'!P40 -> 0 | Q40: =+P40-O40 -> 0 | R40: =+'사업장별(당월)'!R40+'[4]사업장별(누계)'!R40 -> 0 | S40: =+P40-R40 -> 0 | T40: =+'사업장별(당월)'!T40+'[4]사업장별(누계)'!T40 -> 0 | U40: =+'사업장별(당월)'!U40+'[4]사업장별(누계)'!U40 -> 0 | V40: =+U40-T40 -> 0 | W40: =+'사업장별(당월)'!W40+'[4]사업장별(누계)'!W40 -> 0
H41: 기타 계 | J41: =SUM(J33:J40) -> 0 | K41: =SUM(K33:K40) -> 0 | L41: =+K41-J41 -> 0 | M41: =SUM(M33:M40) -> 0 | N41: =+K41-M41 -> 0 | O41: =SUM(O33:O40) -> 329.815 | P41: =SUM(P33:P40) -> 329.00067 | Q41: =+P41-O41 -> -0.81433067 | R41: =SUM(R33:R40) -> 348.2102 | S41: =+P41-R41 -> -19.209525 | T41: =SUM(T33:T40) -> -2349.594 | U41: =SUM(U33:U40) -> -2127.529 | V41: =+U41-T41 -> 222.06495 | W41: =SUM(W33:W40) -> -1893.2992 | X41: =+U41-W41 -> -234.22986
G43: =+P43/O43 -> 1.0133556 | H43: 합계 | O43: =+O27+O32+O28+O41 -> 66725.255 | P43: =+P27+P32+P28+P41 -> 67616.411 | Q43: =+P43-O43 -> 891.15542 | R43: =+R27+R32+R28+R41 -> 76503.915 | S43: =+P43-R43 -> -8887.5038 | T43: =+T27+T32+T28+T41 -> 2416.4589 | U43: =+U27+U32+U28+U41 -> 2274.325 | V43: =+U43-T43 -> -142.13392 | W43: =+W27+W32+W28+W41 -> 5279.5114 | X43: =+U43-W43 -> -3005.1865
G44: =+U43/T43 -> 0.94118091 | T44: =+T43/O43 -> 0.036215056 | U44: =+U43/P43 -> 0.033635695
I46: 확인 | J46: =+'사업장별(당월)'!J46+'[4]사업장별(누계)'!J46 -> 470 | K46: =+'사업장별(당월)'!K46+'[4]사업장별(누계)'!K46 -> 496.442 | M46: =+'사업장별(당월)'!M46+'[4]사업장별(누계)'!M46 -> 592.5825 | O46: =+'사업장별(당월)'!O46+'[4]사업장별(누계)'!O46 -> 66725.255 | P46: =+'사업장별(당월)'!P46+'[4]사업장별(누계)'!P46 -> 67616.411 | R46: =+'사업장별(당월)'!R46+'[4]사업장별(누계)'!R46 -> 76503.915 | T46: =+'사업장별(당월)'!T46+'[4]사업장별(누계)'!T46 -> 2416.4589 | U46: =+'사업장별(당월)'!U46+'[4]사업장별(누계)'!U46 -> 2274.325 | W46: =+'사업장별(당월)'!W46+'[4]사업장별(누계)'!W46 -> 5279.5114
J47: =+J46-J27 -> 0 | K47: =+K46-K27 -> 0 | M47: =+M46-M27 -> 0 | O47: =+O46-O43 -> 0 | P47: =+P46-P43 -> 0 | R47: =+R46-R43 -> 0 | T47: =+T46-T43 -> 0 | U47: =+U46-U43 -> 0 | W47: =+W46-W43 -> 0

Sheet 영업이익
D4: □ 레미콘 영업이익 차이분석(2024-02)
W5: [단위 : 백만원, 천㎥]
D6: 구분 | E6: 영업이익(공통비 미배부) | H6: 물량 차이 | L6: 판매단가 차이 | P6: 제조원가 차이 | T6: 판관비 등 차이
E7: 계획 | F7: 실적 | G7: 차이 | H7: 계획 | I7: 실적 | J7: 차이 | K7: 손익 | L7: 계획 | M7: 실적 | N7: 차이 | O7: 손익 | P7: 계획 | Q7: 실적 | R7: 차이 | S7: 손익 | T7: 계획 | U7: 실적 | V7: 차이 | W7: 손익
D8: 합계 | E8: =+[5]합계!$H$86/1000 -> 2201.6761 | F8: =+[5]합계!$I$86/1000 -> 1696.8997 | G8: =+F8-E8 -> -504.77639 | H8: =+[5]합계!$T$5/1000 -> 229 | I8: =+[5]합계!$U$5/1000 -> 217.5565 | J8: =+I8-H8 -> -11.4435 | K8: =+[5]합계!$M$86/1000 -> -161.2248 | L8: =+[5]합계!$Q$85 -> 100174.79 | M8: =+[5]합계!$R$85 -> 102142.73 | N8: =+M8-L8 -> 1967.9433 | O8: =+[5]합계!$K$86/1000 -> 428.01094 | P8: =+[5]합계!$Q$50 -> 86153.489 | Q8: =+[5]합계!$R$50 -> 89727.365 | R8: =+Q8-P8 -> 3573.8752 | S8: =+[5]합계!$L$56/1000 -> -721.38196 | T8: =+([5]합계!$H$80+[5]합계!$H$85)/1000 -> 1009.2009 | U8: =+([5]합계!$I$80+[5]합계!$I$85)/1000 -> 1059.3815 | V8: =+U8-T8 -> 50.180569 | W8: =+([5]합계!$L$80+[5]합계!$L$85)/1000 -> -50.180569 | Y8: =+G8-K8-O8-S8-W8 -> -4.4337867e-12 | Z8: =+Y8*1000000 -> -4.4337867e-06
D9: 수도권 | E9: =+[5]수도권!$H$86/1000 -> 567.13084 | F9: =+[5]수도권!$I$86/1000 -> 664.23061 | G9: =+F9-E9 -> 97.099776 | H9: =+[5]수도권!$T$5/1000 -> 91 | I9: =+[5]수도권!$U$5/1000 -> 85.559 | J9: =+I9-H9 -> -5.441 | K9: =+[5]수도권!$M$86/1000 -> -53.204379 | L9: =+[5]수도권!$Q$85 -> 96282.779 | M9: =+[5]수도권!$R$85 -> 100756.04 | N9: =+M9-L9 -> 4473.2566 | O9: =+[5]수도권!$K$86/1000 -> 382.56632 | P9: =+[5]수도권!$Q$50 -> 86555.487 | Q9: =+[5]수도권!$R$50 -> 89340.019 | R9: =+Q9-P9 -> 2784.5322 | S9: =+[5]수도권!$L$56/1000 -> -238.08913 | T9: =+([5]수도권!$H$80+[5]수도권!$H$85)/1000 -> 318.05274 | U9: =+([5]수도권!$I$80+[5]수도권!$I$85)/1000 -> 312.22578 | V9: =+U9-T9 -> -5.826966 | W9: =+([5]수도권!$L$80+[5]수도권!$L$85)/1000 -> 5.826966 | Y9: =+G9-K9-O9-S9-W9 -> 1.4033219e-13 | Z9: =+Y9*1000000 -> 1.4033219e-07
D10: 영남권 | E10: =+[5]영남권!$H$86/1000 -> 1247.8099 | F10: =+[5]영남권!$I$86/1000 -> 841.31884 | G10: =+F10-E10 -> -406.49103 | H10: =+[5]영남권!$T$5/1000 -> 102.5 | I10: =+[5]영남권!$U$5/1000 -> 100.9045 | J10: =+I10-H10 -> -1.5955 | K10: =+[5]영남권!$M$86/1000 -> -27.260459 | L10: =+[5]영남권!$Q$85 -> 101871.1 | M10: =+[5]영남권!$R$85 -> 102784.62 | N10: =+M10-L10 -> 913.52053 | O10: =+[5]영남권!$K$86/1000 -> 92.178332 | P10: =+[5]영남권!$Q$50 -> 84785.26 | Q10: =+[5]영남권!$R$50 -> 89482.81 | R10: =+Q10-P10 -> 4697.5503 | S10: =+[5]영남권!$L$56/1000 -> -417.4548 | T10: =+([5]영남권!$H$80+[5]영남권!$H$85)/1000 -> 503.48882 | U10: =+([5]영남권!$I$80+[5]영남권!$I$85)/1000 -> 557.44293 | V10: =+U10-T10 -> 53.954108 | W10: =+([5]영남권!$L$80+[5]영남권!$L$85)/1000 -> -53.954108 | Y10: =+G10-K10-O10-S10-W10 -> 1.3500312e-13 | Z10: =+Y10*1000000 -> 1.3500312e-07
D11: 기타권 | E11: =+[5]중부권!$H$86/1000 -> 386.73539 | F11: =+[5]중부권!$I$86/1000 -> 191.35026 | G11: =+F11-E11 -> -195.38513 | H11: =+[5]중부권!$T$5/1000 -> 35.5 | I11: =+[5]중부권!$U$5/1000 -> 31.093 | J11: =+I11-H11 -> -4.407 | K11: =+[5]중부권!$M$86/1000 -> -71.707772 | L11: =+[5]중부권!$Q$85 -> 105253.67 | M11: =+[5]중부권!$R$85 -> 103875.43 | N11: =+M11-L11 -> -1378.2459 | O11: =+[5]중부권!$K$86/1000 -> -42.81383 | P11: =+[5]중부권!$Q$50 -> 89073.539 | Q11: =+[5]중부권!$R$50 -> 91587.791 | R11: =+Q11-P11 -> 2514.252 | S11: =+[5]중부권!$L$56/1000 -> -78.810099 | T11: =+([5]중부권!$H$80+[5]중부권!$H$85)/1000 -> 187.65935 | U11: =+([5]중부권!$I$80+[5]중부권!$I$85)/1000 -> 189.71278 | V11: =+U11-T11 -> 2.0534273 | W11: =+([5]중부권!$L$80+[5]중부권!$L$85)/1000 -> -2.0534273 | Y11: =+G11-K11-O11-S11-W11 -> 3.6770587e-13 | Z11: =+Y11*1000000 -> 3.6770587e-07
D12: 안양 | E12: =+[5]안양!$H$86/1000 -> 295.68664 | F12: =+[5]안양!$I$86/1000 -> 451.30565 | G12: =+F12-E12 -> 155.61901 | H12: =+[5]안양!$T$5/1000 -> 36 | I12: =+[5]안양!$U$5/1000 -> 37.712 | J12: =+I12-H12 -> 1.712 | K12: =+[5]안양!$M$86/1000 -> 18.763917 | L12: =+[5]안양!$Q$85 -> 96660.435 | M12: =+[5]안양!$R$85 -> 100079.76 | N12: =+M12-L12 -> 3419.3277 | O12: =+[5]안양!$K$86/1000 -> 128.94969 | P12: =+[5]안양!$Q$50 -> 85700.203 | Q12: =+[5]안양!$R$50 -> 85490.028 | R12: =+Q12-P12 -> -210.17529 | S12: =+[5]안양!$L$56/1000 -> 7.9166418 | T12: =+([5]안양!$H$80+[5]안양!$H$85)/1000 -> 98.881704 | U12: =+([5]안양!$I$80+[5]안양!$I$85)/1000 -> 98.892938 | V12: =+U12-T12 -> 0.01123423 | W12: =+([5]안양!$L$80+[5]안양!$L$85)/1000 -> -0.01123423 | Y12: =+G12-K12-O12-S12-W12 -> -2.9722058e-13 | Z12: =+Y12*1000000 -> -2.9722058e-07
D13: 인천 | E13: =+[5]인천!$H$86/1000 -> 72.600987 | F13: =+[5]인천!$I$86/1000 -> 137.95808 | G13: =+F13-E13 -> 65.357095 | H13: =+[5]인천!$T$5/1000 -> 24 | I13: =+[5]인천!$U$5/1000 -> 23.5 | J13: =+I13-H13 -> -0.5 | K13: =+[5]인천!$M$86/1000 -> -3.5622742 | L13: =+[5]인천!$Q$85 -> 97454.439 | M13: =+[5]인천!$R$85 -> 100287.6 | N13: =+M13-L13 -> 2833.1579 | O13: =+[5]인천!$K$86/1000 -> 66.57921 | P13: =+[5]인천!$Q$50 -> 90329.89 | Q13: =+[5]인천!$R$50 -> 90425.589 | R13: =+Q13-P13 -> 95.698795 | S13: =+[5]인천!$L$56/1000 -> -2.2558447 | T13: =+([5]인천!$H$80+[5]인천!$H$85)/1000 -> 98.388174 | U13: =+([5]인천!$I$80+[5]인천!$I$85)/1000 -> 93.79217 | V13: =+U13-T13 -> -4.5960034 | W13: =+([5]인천!$L$80+[5]인천!$L$85)/1000 -> 4.5960034 | Y13: =+G13-K13-O13-S13-W13 -> -3.4194869e-13 | Z13: =+Y13*1000000 -> -3.4194869e-07
D14: 파주 | E14: =+[5]파주!$H$86/1000 -> 172.12968 | F14: =+[5]파주!$I$86/1000 -> 125.58788 | G14: =+F14-E14 -> -46.541804 | H14: =+[5]파주!$T$5/1000 -> 21 | I14: =+[5]파주!$U$5/1000 -> 18.47 | J14: =+I14-H14 -> -2.53 | K14: =+[5]파주!$M$86/1000 -> -29.338186 | L14: =+[5]파주!$Q$85 -> 96151.724 | M14: =+[5]파주!$R$85 -> 103935.69 | N14: =+M14-L14 -> 7783.9662 | O14: =+[5]파주!$K$86/1000 -> 143.48963 | P14: =+[5]파주!$Q$50 -> 84690.233 | Q14: =+[5]파주!$R$50 -> 93479.746 | R14: =+Q14-P14 -> 8789.5131 | S14: =+[5]파주!$L$56/1000 -> -162.00845 | T14: =+([5]파주!$H$80+[5]파주!$H$85)/1000 -> 68.561628 | U14: =+([5]파주!$I$80+[5]파주!$I$85)/1000 -> 67.246433 | V14: =+U14-T14 -> -1.3151943 | W14: =+([5]파주!$L$80+[5]파주!$L$85)/1000 -> 1.3151943 | Y14: =+G14-K14-O14-S14-W14 -> -2.1449509e-13 | Z14: =+Y14*1000000 -> -2.1449509e-07
D15: 김포 | E15: =+[5]김포!$H$86/1000 -> 26.713526 | F15: =+[5]김포!$I$86/1000 -> -50.621 | G15: =+F15-E15 -> -77.334526 | H15: =+[5]김포!$T$5/1000 -> 10 | I15: =+[5]김포!$U$5/1000 -> 5.877 | J15: =+I15-H15 -> -4.123 | K15: =+[5]김포!$M$86/1000 -> -32.544802 | L15: =+[5]김포!$Q$85 -> 92386.45 | M15: =+[5]김포!$R$85 -> 96995.302 | N15: =+M15-L15 -> 4608.8522 | O15: =+[5]김포!$K$86/1000 -> 27.086224 | P15: =+[5]김포!$Q$50 -> 84492.974 | Q15: =+[5]김포!$R$50 -> 96710.408 | R15: =+Q15-P15 -> 12217.435 | S15: =+[5]김포!$L$56/1000 -> -71.80295 | T15: =+([5]김포!$H$80+[5]김포!$H$85)/1000 -> 52.221237 | U15: =+([5]김포!$I$80+[5]김포!$I$85)/1000 -> 52.294234 | V15: =+U15-T15 -> 0.072997423 | W15: =+([5]김포!$L$80+[5]김포!$L$85)/1000 -> -0.072997423 | Y15: =+G15-K15-O15-S15-W15 -> -5.2749471e-14 | Z15: =+Y15*1000000 -> -5.2749471e-08
D16: 부산 | E16: =+[5]부산!$H$86/1000 -> 197.20215 | F16: =+[5]부산!$I$86/1000 -> 201.44822 | G16: =+F16-E16 -> 4.2460741 | H16: =+[5]부산!$T$5/1000 -> 16 | I16: =+[5]부산!$U$5/1000 -> 16.65 | J16: =+I16-H16 -> 0.65 | K16: =+[5]부산!$M$86/1000 -> 12.218769 | L16: =+[5]부산!$Q$85 -> 107600.15 | M16: =+[5]부산!$R$85 -> 112651.29 | N16: =+M16-L16 -> 5051.1335 | O16: =+[5]부산!$K$86/1000 -> 84.101372 | P16: =+[5]부산!$Q$50 -> 88802.046 | Q16: =+[5]부산!$R$50 -> 95025.768 | R16: =+Q16-P16 -> 6223.7218 | S16: =+[5]부산!$L$56/1000 -> -71.556488 | T16: =+([5]부산!$H$80+[5]부산!$H$85)/1000 -> 103.56754 | U16: =+([5]부산!$I$80+[5]부산!$I$85)/1000 -> 124.08512 | V16: =+U16-T16 -> 20.517579 | W16: =+([5]부산!$L$80+[5]부산!$L$85)/1000 -> -20.517579 | Y16: =+G16-K16-O16-S16-W16 -> -6.3948846e-14 | Z16: =+Y16*1000000 -> -6.3948846e-08
D17: 서부산 | E17: =+[5]서부산!$H$86/1000 -> 302.28306 | F17: =+[5]서부산!$I$86/1000 -> 118.8076 | G17: =+F17-E17 -> -183.47546 | H17: =+[5]서부산!$T$5/1000 -> 19 | I17: =+[5]서부산!$U$5/1000 -> 16.841 | J17: =+I17-H17 -> -2.159 | K17: =+[5]서부산!$M$86/1000 -> -42.855013 | L17: =+[5]서부산!$Q$85 -> 104021.29 | M17: =+[5]서부산!$R$85 -> 102685.96 | N17: =+M17-L17 -> -1335.3244 | O17: =+[5]서부산!$K$86/1000 -> -22.488198 | P17: =+[5]서부산!$Q$50 -> 84171.815 | Q17: =+[5]서부산!$R$50 -> 91032.099 | R17: =+Q17-P17 -> 6860.2842 | S17: =+[5]서부산!$L$56/1000 -> -99.452198 | T17: =+([5]서부산!$H$80+[5]서부산!$H$85)/1000 -> 74.856937 | U17: =+([5]서부산!$I$80+[5]서부산!$I$85)/1000 -> 93.536984 | V17: =+U17-T17 -> 18.680047 | W17: =+([5]서부산!$L$80+[5]서부산!$L$85)/1000 -> -18.680047 | Y17: =+G17-K17-O17-S17-W17 -> 1.1368684e-13 | Z17: =+Y17*1000000 -> 1.1368684e-07
D18: 김해 | E18: =+[5]김해!$H$86/1000 -> 119.9037 | F18: =+[5]김해!$I$86/1000 -> 16.811886 | G18: =+F18-E18 -> -103.09182 | H18: =+[5]김해!$T$5/1000 -> 11 | I18: =+[5]김해!$U$5/1000 -> 8.639 | J18: =+I18-H18 -> -2.361 | K18: =+[5]김해!$M$86/1000 -> -35.997515 | L18: =+[5]김해!$Q$85 -> 100999.6 | M18: =+[5]김해!$R$85 -> 103042.68 | N18: =+M18-L18 -> 2043.0786 | O18: =+[5]김해!$K$86/1000 -> 17.650156 | P18: =+[5]김해!$Q$50 -> 85752.876 | Q18: =+[5]김해!$R$50 -> 94858.143 | R18: =+Q18-P18 -> 9105.2666 | S18: =+[5]김해!$L$56/1000 -> -75.766616 | T18: =+([5]김해!$H$80+[5]김해!$H$85)/1000 -> 47.81026 | U18: =+([5]김해!$I$80+[5]김해!$I$85)/1000 -> 56.788102 | V18: =+U18-T18 -> 8.9778413 | W18: =+([5]김해!$L$80+[5]김해!$L$85)/1000 -> -8.9778413 | Y18: =+G18-K18-O18-S18-W18 -> 2.7711167e-13 | Z18: =+Y18*1000000 -> 2.7711167e-07
D19: 정관 | E19: =+[5]정관!$H$86/1000 -> 206.81848 | F19: =+[5]정관!$I$86/1000 -> 34.868347 | G19: =+F19-E19 -> -171.95013 | H19: =+[5]정관!$T$5/1000 -> 16 | I19: =+[5]정관!$U$5/1000 -> 14.978 | J19: =+I19-H19 -> -1.022 | K19: =+[5]정관!$M$86/1000 -> -17.648956 | L19: =+[5]정관!$Q$85 -> 104000 | M19: =+[5]정관!$R$85 -> 99708.733 | N19: =+M19-L19 -> -4291.2672 | O19: =+[5]정관!$K$86/1000 -> -64.2746 | P19: =+[5]정관!$Q$50 -> 86730.963 | Q19: =+[5]정관!$R$50 -> 92659.597 | R19: =+Q19-P19 -> 5928.6341 | S19: =+[5]정관!$L$56/1000 -> -84.166568 | T19: =+([5]정관!$H$80+[5]정관!$H$85)/1000 -> 69.48612 | U19: =+([5]정관!$I$80+[5]정관!$I$85)/1000 -> 75.346127 | V19: =+U19-T19 -> 5.8600073 | W19: =+([5]정관!$L$80+[5]정관!$L$85)/1000 -> -5.8600073 | Y19: =+G19-K19-O19-S19-W19 -> -2.2382096e-13 | Z19: =+Y19*1000000 -> -2.2382096e-07
D20: 양산 | E20: =+[5]양산!$H$86/1000 -> 91.002495 | F20: =+[5]양산!$I$86/1000 -> 98.534238 | G20: =+F20-E20 -> 7.5317432 | H20: =+[5]양산!$T$5/1000 -> 9 | I20: =+[5]양산!$U$5/1000 -> 9.558 | J20: =+I20-H20 -> 0.558 | K20: =+[5]양산!$M$86/1000 -> 8.5162802 | L20: =+[5]양산!$Q$85 -> 96066.422 | M20: =+[5]양산!$R$85 -> 96734.299 | N20: =+M20-L20 -> 667.87679 | O20: =+[5]양산!$K$86/1000 -> 6.3835664 | P20: =+[5]양산!$Q$50 -> 80804.271 | Q20: =+[5]양산!$R$50 -> 82599.334 | R20: =+Q20-P20 -> 1795.0625 | S20: =+[5]양산!$L$56/1000 -> -16.928007 | T20: =+([5]양산!$H$80+[5]양산!$H$85)/1000 -> 46.356864 | U20: =+([5]양산!$I$80+[5]양산!$I$85)/1000 -> 36.79696 | V20: =+U20-T20 -> -9.5599032 | W20: =+([5]양산!$L$80+[5]양산!$L$85)/1000 -> 9.5599032 | Y20: =+G20-K20-O20-S20-W20 -> 1.6342483e-13 | Z20: =+Y20*1000000 -> 1.6342483e-07
D21: 창원 | E21: =+[5]창원!$H$86/1000 -> 199.86228 | F21: =+[5]창원!$I$86/1000 -> 220.45765 | G21: =+F21-E21 -> 20.59537 | H21: =+[5]창원!$T$5/1000 -> 14 | I21: =+[5]창원!$U$5/1000 -> 15.453 | J21: =+I21-H21 -> 1.453 | K21: =+[5]창원!$M$86/1000 -> 28.2609 | L21: =+[5]창원!$Q$85 -> 99586 | M21: =+[5]창원!$R$85 -> 99562.104 | N21: =+M21-L21 -> -23.895554 | O21: =+[5]창원!$K$86/1000 -> -0.369258 | P21: =+[5]창원!$Q$50 -> 80135.966 | Q21: =+[5]창원!$R$50 -> 80481.044 | R21: =+Q21-P21 -> 345.07818 | S21: =+[5]창원!$L$56/1000 -> -4.8925821 | T21: =+([5]창원!$H$80+[5]창원!$H$85)/1000 -> 72.438195 | U21: =+([5]창원!$I$80+[5]창원!$I$85)/1000 -> 74.841885 | V21: =+U21-T21 -> 2.4036897 | W21: =+([5]창원!$L$80+[5]창원!$L$85)/1000 -> -2.4036897 | Y21: =+G21-K21-O21-S21-W21 -> -5.9952043e-14 | Z21: =+Y21*1000000 -> -5.9952043e-08
D22: 대구 | E22: =+[5]대구!$H$86/1000 -> 188.98876 | F22: =+[5]대구!$I$86/1000 -> 216.44189 | G22: =+F22-E22 -> 27.453125 | H22: =+[5]대구!$T$5/1000 -> 13.5 | I22: =+[5]대구!$U$5/1000 -> 13.997 | J22: =+I22-H22 -> 0.497 | K22: =+[5]대구!$M$86/1000 -> 8.8115352 | L22: =+[5]대구!$Q$85 -> 97800 | M22: =+[5]대구!$R$85 -> 102306.9 | N22: =+M22-L22 -> 4506.9015 | O22: =+[5]대구!$K$86/1000 -> 63.0831 | P22: =+[5]대구!$Q$50 -> 80070.553 | Q22: =+[5]대구!$R$50 -> 82906.312 | R22: =+Q22-P22 -> 2835.7589 | S22: =+[5]대구!$L$56/1000 -> -39.665403 | T22: =+([5]대구!$H$80+[5]대구!$H$85)/1000 -> 50.358772 | U22: =+([5]대구!$I$80+[5]대구!$I$85)/1000 -> 55.13488 | V22: =+U22-T22 -> 4.7761079 | W22: =+([5]대구!$L$80+[5]대구!$L$85)/1000 -> -4.7761079 | Y22: =+G22-K22-O22-S22-W22 -> 0 | Z22: =+Y22*1000000 -> 0
D23: 울산 | E23: =+[5]울산!$H$86/1000 -> -58.251056 | F23: =+[5]울산!$I$86/1000 -> -66.050997 | G23: =+F23-E23 -> -7.7999413 | H23: =+[5]울산!$T$5/1000 -> 4 | I23: =+[5]울산!$U$5/1000 -> 4.7885 | J23: =+I23-H23 -> 0.7885 | K23: =+[5]울산!$M$86/1000 -> -3.870929 | L23: =+[5]울산!$Q$85 -> 97420.875 | M23: =+[5]울산!$R$85 -> 101852.39 | N23: =+M23-L23 -> 4431.5109 | O23: =+[5]울산!$K$86/1000 -> 21.22029 | P23: =+[5]울산!$Q$50 -> 102330.11 | Q23: =+[5]울산!$R$50 -> 107102.07 | R23: =+Q23-P23 -> 4771.9662 | S23: =+[5]울산!$L$56/1000 -> -22.850564 | T23: =+([5]울산!$H$80+[5]울산!$H$85)/1000 -> 38.61413 | U23: =+([5]울산!$I$80+[5]울산!$I$85)/1000 -> 40.912869 | V23: =+U23-T23 -> 2.2987387 | W23: =+([5]울산!$L$80+[5]울산!$L$85)/1000 -> -2.2987387 | Y23: =+G23-K23-O23-S23-W23 -> 1.4210855e-14 | Z23: =+Y23*1000000 -> 1.4210855e-08
D24: 아산 | E24: =+[5]아산!$H$86/1000 -> 117.38233 | F24: =+[5]아산!$I$86/1000 -> 117.15924 | G24: =+F24-E24 -> -0.22308744 | H24: =+[5]아산!$T$5/1000 -> 14.5 | I24: =+[5]아산!$U$5/1000 -> 17.471 | J24: =+I24-H24 -> 2.971 | K24: =+[5]아산!$M$86/1000 -> 39.583 | L24: =+[5]아산!$Q$85 -> 100999.69 | M24: =+[5]아산!$R$85 -> 100398.44 | N24: =+M24-L24 -> -601.2491 | O24: =+[5]아산!$K$86/1000 -> -10.504423 | P24: =+[5]아산!$Q$50 -> 87676.566 | Q24: =+[5]아산!$R$50 -> 89152.637 | R24: =+Q24-P24 -> 1476.0708 | S24: =+[5]아산!$L$56/1000 -> -25.787644 | T24: =+([5]아산!$H$80+[5]아산!$H$85)/1000 -> 75.802968 | U24: =+([5]아산!$I$80+[5]아산!$I$85)/1000 -> 79.316989 | V24: =+U24-T24 -> 3.5140208 | W24: =+([5]아산!$L$80+[5]아산!$L$85)/1000 -> -3.5140208 | Y24: =+G24-K24-O24-S24-W24 -> -1.4654944e-13 | Z24: =+Y24*1000000 -> -1.4654944e-07
D25: 전주 | E25: =+[5]전주!$H$86/1000 -> 117.02374 | F25: =+[5]전주!$I$86/1000 -> -81.422136 | G25: =+F25-E25 -> -198.44587 | H25: =+[5]전주!$T$5/1000 -> 10 | I25: =+[5]전주!$U$5/1000 -> 2.263 | J25: =+I25-H25 -> -7.737 | K25: =+[5]전주!$M$86/1000 -> -128.68644 | L25: =+[5]전주!$Q$85 -> 100837.58 | M25: =+[5]전주!$R$85 -> 99903.668 | N25: =+M25-L25 -> -933.9131 | O25: =+[5]전주!$K$86/1000 -> -2.1134454 | P25: =+[5]전주!$Q$50 -> 84204.979 | Q25: =+[5]전주!$R$50 -> 114968.75 | R25: =+Q25-P25 -> 30763.774 | S25: =+[5]전주!$L$56/1000 -> -69.618421 | T25: =+([5]전주!$H$80+[5]전주!$H$85)/1000 -> 49.302285 | U25: =+([5]전주!$I$80+[5]전주!$I$85)/1000 -> 47.329848 | V25: =+U25-T25 -> -1.9724369 | W25: =+([5]전주!$L$80+[5]전주!$L$85)/1000 -> 1.9724369 | Y25: =+G25-K25-O25-S25-W25 -> 1.2634338e-13 | Z25: =+Y25*1000000 -> 1.2634338e-07
D26: 군산 | E26: =+[5]군산!$H$86/1000 -> 75.802069 | F26: =+[5]군산!$I$86/1000 -> 104.45301 | G26: =+F26-E26 -> 28.650938 | H26: =+[5]군산!$T$5/1000 -> 4 | I26: =+[5]군산!$U$5/1000 -> 5.554 | J26: =+I26-H26 -> 1.554 | K26: =+[5]군산!$M$86/1000 -> 37.550036 | L26: =+[5]군산!$Q$85 -> 108283.52 | M26: =+[5]군산!$R$85 -> 103863.64 | N26: =+M26-L26 -> -4419.8745 | O26: =+[5]군산!$K$86/1000 -> -24.547983 | P26: =+[5]군산!$Q$50 -> 84120.047 | Q26: =+[5]군산!$R$50 -> 81135.411 | R26: =+Q26-P26 -> -2984.6358 | S26: =+[5]군산!$L$56/1000 -> 16.576668 | T26: =+([5]군산!$H$80+[5]군산!$H$85)/1000 -> 20.85182 | U26: =+([5]군산!$I$80+[5]군산!$I$85)/1000 -> 21.779603 | V26: =+U26-T26 -> 0.92778323 | W26: =+([5]군산!$L$80+[5]군산!$L$85)/1000 -> -0.92778323 | Y26: =+G26-K26-O26-S26-W26 -> -1.6653345e-15 | Z26: =+Y26*1000000 -> -1.6653345e-09
D27: 원주 | E27: =+[5]원주!$H$86/1000 -> 20.26208 | F27: =+[5]원주!$I$86/1000 -> 36.292712 | G27: =+F27-E27 -> 16.030632 | H27: =+[5]원주!$T$5/1000 -> 3 | I27: =+[5]원주!$U$5/1000 -> 3.4065 | J27: =+I27-H27 -> 0.4065 | K27: =+[5]원주!$M$86/1000 -> 4.6353628 | L27: =+[5]원주!$Q$85 -> 107900 | M27: =+[5]원주!$R$85 -> 106985.05 | N27: =+M27-L27 -> -914.95189 | O27: =+[5]원주!$K$86/1000 -> -3.09025 | P27: =+[5]원주!$Q$50 -> 95799.171 | Q27: =+[5]원주!$R$50 -> 91170.743 | R27: =+Q27-P27 -> -4628.4279 | S27: =+[5]원주!$L$56/1000 -> 14.90381 | T27: =+([5]원주!$H$80+[5]원주!$H$85)/1000 -> 16.040406 | U27: =+([5]원주!$I$80+[5]원주!$I$85)/1000 -> 16.458697 | V27: =+U27-T27 -> 0.41829066 | W27: =+([5]원주!$L$80+[5]원주!$L$85)/1000 -> -0.41829066 | Y27: =+G27-K27-O27-S27-W27 -> 3.6193271e-14 | Z27: =+Y27*1000000 -> 3.6193271e-08
D28: 제주 | E28: =+[5]제주!$H$86/1000 -> 56.265174 | F28: =+[5]제주!$I$86/1000 -> 14.867436 | G28: =+F28-E28 -> -41.397738 | H28: =+[5]제주!$T$5/1000 -> 4 | I28: =+[5]제주!$U$5/1000 -> 2.3985 | J28: =+I28-H28 -> -1.6015 | K28: =+[5]제주!$M$86/1000 -> -32.801542 | L28: =+[5]제주!$Q$85 -> 126700 | M28: =+[5]제주!$R$85 -> 128598.05 | N28: =+M28-L28 -> 1898.0513 | O28: =+[5]제주!$K$86/1000 -> 4.552476 | P28: =+[5]제주!$Q$50 -> 106218.24 | Q28: =+[5]제주!$R$50 -> 112026.23 | R28: =+Q28-P28 -> 5807.9928 | S28: =+[5]제주!$L$56/1000 -> -13.982903 | T28: =+([5]제주!$H$80+[5]제주!$H$85)/1000 -> 25.661874 | U28: =+([5]제주!$I$80+[5]제주!$I$85)/1000 -> 24.827643 | V28: =+U28-T28 -> -0.83423051 | W28: =+([5]제주!$L$80+[5]제주!$L$85)/1000 -> 0.83423051 | Y28: =+G28-K28-O28-S28-W28 -> 2.1427304e-14 | Z28: =+Y28*1000000 -> 2.1427304e-08

Sheet 공헌이익
D4: □ 레미콘 단위당 공헌이익(2024-02)
V5: [단위 : 원/㎥]
D6: 구분 | E6: 판매단가 | H6: 재료비 | K6: 운반비 | N6: 유류비 | Q6: 변동비 계 | T6: 공헌이익
E7: 계획 | F7: 실적 | G7: 차이 | H7: 계획 | I7: 실적 | J7: 차이 | K7: 계획 | L7: 실적 | M7: 차이 | N7: 계획 | O7: 실적 | P7: 차이 | Q7: 계획 | R7: 실적 | S7: 차이 | T7: 계획 | U7: 실적 | V7: 차이
D8: 평균 | E8: =+[5]합계!$Q$85 -> 100174.79 | F8: =+[5]합계!$R$85 -> 102142.73 | G8: =+F8-E8 -> 1967.9433 | H8: =+[5]합계!$Q$20 -> 60018.621 | I8: =+[5]합계!$R$20 -> 62656.451 | J8: =+I8-H8 -> 2637.8296 | K8: =+[5]합계!$Q$21 -> 17232.555 | L8: =+[5]합계!$R$21 -> 17371.262 | M8: =+L8-K8 -> 138.70646 | N8: =+[5]합계!$Q$22 -> 316.77948 | O8: =+[5]합계!$R$22 -> 238.76095 | P8: =+O8-N8 -> -78.018529 | Q8: =H8+K8+N8 -> 77567.956 | R8: =I8+L8+O8 -> 80266.474 | S8: =+R8-Q8 -> 2698.5176 | T8: =+E8-Q8 -> 22606.83 | U8: =+F8-R8 -> 21876.256 | V8: =+U8-T8 -> -730.57426
D9: 수도권 | E9: =+[5]수도권!$Q$85 -> 96282.779 | F9: =+[5]수도권!$R$85 -> 100756.04 | G9: =+F9-E9 -> 4473.2566 | H9: =+[5]수도권!$Q$20 -> 61899.034 | I9: =+[5]수도권!$R$20 -> 63800.386 | J9: =+I9-H9 -> 1901.3516 | K9: =+[5]수도권!$Q$21 -> 17077.514 | L9: =+[5]수도권!$R$21 -> 17363.346 | M9: =+L9-K9 -> 285.83219 | N9: =+[5]수도권!$Q$22 -> 441.78571 | O9: =+[5]수도권!$R$22 -> 298.97434 | P9: =+O9-N9 -> -142.81137 | Q9: =H9+K9+N9 -> 79418.333 | R9: =I9+L9+O9 -> 81462.706 | S9: =+R9-Q9 -> 2044.3724 | T9: =+E9-Q9 -> 16864.446 | U9: =+F9-R9 -> 19293.33 | V9: =+U9-T9 -> 2428.8842
D10: 영남권 | E10: =+[5]영남권!$Q$85 -> 101871.1 | F10: =+[5]영남권!$R$85 -> 102784.62 | G10: =+F10-E10 -> 913.52053 | H10: =+[5]영남권!$Q$20 -> 58282.474 | I10: =+[5]영남권!$R$20 -> 62518.336 | J10: =+I10-H10 -> 4235.8626 | K10: =+[5]영남권!$Q$21 -> 17499.411 | L10: =+[5]영남권!$R$21 -> 17417.319 | M10: =+L10-K10 -> -82.091996 | N10: =+[5]영남권!$Q$22 -> 218.43902 | O10: =+[5]영남권!$R$22 -> 194.82474 | P10: =+O10-N10 -> -23.614285 | Q10: =H10+K10+N10 -> 76000.323 | R10: =I10+L10+O10 -> 80130.48 | S10: =+R10-Q10 -> 4130.1563 | T10: =+E10-Q10 -> 25870.777 | U10: =+F10-R10 -> 22654.141 | V10: =+U10-T10 -> -3216.6358
D11: 기타권 | E11: =+[5]중부권!$Q$85 -> 105253.67 | F11: =+[5]중부권!$R$85 -> 103875.43 | G11: =+F11-E11 -> -1378.2459 | H11: =+[5]중부권!$Q$20 -> 60211.229 | I11: =+[5]중부권!$R$20 -> 59956.487 | J11: =+I11-H11 -> -254.74189 | K11: =+[5]중부권!$Q$21 -> 16859.488 | L11: =+[5]중부권!$R$21 -> 17243.459 | M11: =+L11-K11 -> 383.97083 | N11: =+[5]중부권!$Q$22 -> 280.28169 | O11: =+[5]중부권!$R$22 -> 215.73283 | P11: =+O11-N11 -> -64.548863 | Q11: =H11+K11+N11 -> 77350.998 | R11: =I11+L11+O11 -> 77415.679 | S11: =+R11-Q11 -> 64.680083 | T11: =+E11-Q11 -> 27902.674 | U11: =+F11-R11 -> 26459.748 | V11: =+U11-T11 -> -1442.926
D12: 안양 | E12: =+[5]안양!$Q$85 -> 96660.435 | F12: =+[5]안양!$R$85 -> 100079.76 | G12: =+F12-E12 -> 3419.3277 | H12: =+[5]안양!$Q$20 -> 63152.647 | I12: =+[5]안양!$R$20 -> 63408.627 | J12: =+I12-H12 -> 255.98028 | K12: =+[5]안양!$Q$21 -> 16660.375 | L12: =+[5]안양!$R$21 -> 16182.897 | M12: =+L12-K12 -> -477.47801 | N12: =+[5]안양!$Q$22 -> 319.44444 | O12: =+[5]안양!$R$22 -> 259.76295 | P12: =+O12-N12 -> -59.681493 | Q12: =H12+K12+N12 -> 80132.466 | R12: =I12+L12+O12 -> 79851.287 | S12: =+R12-Q12 -> -281.17923 | T12: =+E12-Q12 -> 16527.969 | U12: =+F12-R12 -> 20228.476 | V12: =+U12-T12 -> 3700.5069
D13: 인천 | E13: =+[5]인천!$Q$85 -> 97454.439 | F13: =+[5]인천!$R$85 -> 100287.6 | G13: =+F13-E13 -> 2833.1579 | H13: =+[5]인천!$Q$20 -> 64338.112 | I13: =+[5]인천!$R$20 -> 64541.094 | J13: =+I13-H13 -> 202.98205 | K13: =+[5]인천!$Q$21 -> 17045.255 | L13: =+[5]인천!$R$21 -> 17128.156 | M13: =+L13-K13 -> 82.900815 | N13: =+[5]인천!$Q$22 -> 850 | O13: =+[5]인천!$R$22 -> 421.47328 | P13: =+O13-N13 -> -428.52672 | Q13: =H13+K13+N13 -> 82233.367 | R13: =I13+L13+O13 -> 82090.723 | S13: =+R13-Q13 -> -142.64385 | T13: =+E13-Q13 -> 15221.072 | U13: =+F13-R13 -> 18196.874 | V13: =+U13-T13 -> 2975.8017
D14: 파주 | E14: =+[5]파주!$Q$85 -> 96151.724 | F14: =+[5]파주!$R$85 -> 103935.69 | G14: =+F14-E14 -> 7783.9662 | H14: =+[5]파주!$Q$20 -> 60017.764 | I14: =+[5]파주!$R$20 -> 64645.189 | J14: =+I14-H14 -> 4627.425 | K14: =+[5]파주!$Q$21 -> 17733.55 | L14: =+[5]파주!$R$21 -> 19503.324 | M14: =+L14-K14 -> 1769.7739 | N14: =+[5]파주!$Q$22 -> 250.11905 | O14: =+[5]파주!$R$22 -> 188.79029 | P14: =+O14-N14 -> -61.328755 | Q14: =H14+K14+N14 -> 78001.433 | R14: =I14+L14+O14 -> 84337.303 | S14: =+R14-Q14 -> 6335.8701 | T14: =+E14-Q14 -> 18150.291 | U14: =+F14-R14 -> 19598.387 | V14: =+U14-T14 -> 1448.0961
D15: 김포 | E15: =+[5]김포!$Q$85 -> 92386.45 | F15: =+[5]김포!$R$85 -> 96995.302 | G15: =+F15-E15 -> 4608.8522 | H15: =+[5]김포!$Q$20 -> 55482.909 | I15: =+[5]김포!$R$20 -> 60704.532 | J15: =+I15-H15 -> 5221.6227 | K15: =+[5]김포!$Q$21 -> 17278.958 | L15: =+[5]김포!$R$21 -> 19163.679 | M15: =+L15-K15 -> 1884.7207 | N15: =+[5]김포!$Q$22 -> 305 | O15: =+[5]김포!$R$22 -> 406.28506 | P15: =+O15-N15 -> 101.28506 | Q15: =H15+K15+N15 -> 73066.867 | R15: =I15+L15+O15 -> 80274.495 | S15: =+R15-Q15 -> 7207.6284 | T15: =+E15-Q15 -> 19319.583 | U15: =+F15-R15 -> 16720.807 | V15: =+U15-T15 -> -2598.7762
D16: 부산 | E16: =+[5]부산!$Q$85 -> 107600.15 | F16: =+[5]부산!$R$85 -> 112651.29 | G16: =+F16-E16 -> 5051.1335 | H16: =+[5]부산!$Q$20 -> 59374.581 | I16: =+[5]부산!$R$20 -> 66743.823 | J16: =+I16-H16 -> 7369.243 | K16: =+[5]부산!$Q$21 -> 19170.218 | L16: =+[5]부산!$R$21 -> 19688.381 | M16: =+L16-K16 -> 518.16261 | N16: =+[5]부산!$Q$22 -> 250 | O16: =+[5]부산!$R$22 -> 0 | P16: =+O16-N16 -> -250 | Q16: =H16+K16+N16 -> 78794.799 | R16: =I16+L16+O16 -> 86432.204 | S16: =+R16-Q16 -> 7637.4056 | T16: =+E16-Q16 -> 28805.353 | U16: =+F16-R16 -> 26219.081 | V16: =+U16-T16 -> -2586.2721
D17: 서부산 | E17: =+[5]서부산!$Q$85 -> 104021.29 | F17: =+[5]서부산!$R$85 -> 102685.96 | G17: =+F17-E17 -> -1335.3244 | H17: =+[5]서부산!$Q$20 -> 61634.804 | I17: =+[5]서부산!$R$20 -> 65384.109 | J17: =+I17-H17 -> 3749.3057 | K17: =+[5]서부산!$Q$21 -> 16200.976 | L17: =+[5]서부산!$R$21 -> 16039.733 | M17: =+L17-K17 -> -161.24239 | N17: =+[5]서부산!$Q$22 -> 105.26316 | O17: =+[5]서부산!$R$22 -> 288.02381 | P17: =+O17-N17 -> 182.76065 | Q17: =H17+K17+N17 -> 77941.043 | R17: =I17+L17+O17 -> 81711.867 | S17: =+R17-Q17 -> 3770.8239 | T17: =+E17-Q17 -> 26080.246 | U17: =+F17-R17 -> 20974.097 | V17: =+U17-T17 -> -5106.1483
D18: 김해 | E18: =+[5]김해!$Q$85 -> 100999.6 | F18: =+[5]김해!$R$85 -> 103042.68 | G18: =+F18-E18 -> 2043.0786 | H18: =+[5]김해!$Q$20 -> 58876.025 | I18: =+[5]김해!$R$20 -> 64324.891 | J18: =+I18-H18 -> 5448.8658 | K18: =+[5]김해!$Q$21 -> 17688.744 | L18: =+[5]김해!$R$21 -> 18947.44 | M18: =+L18-K18 -> 1258.6959 | N18: =+[5]김해!$Q$22 -> 254.54545 | O18: =+[5]김해!$R$22 -> 513.65285 | P18: =+O18-N18 -> 259.1074 | Q18: =H18+K18+N18 -> 76819.315 | R18: =I18+L18+O18 -> 83785.984 | S18: =+R18-Q18 -> 6966.6691 | T18: =+E18-Q18 -> 24180.285 | U18: =+F18-R18 -> 19256.695 | V18: =+U18-T18 -> -4923.5905
D19: 정관 | E19: =+[5]정관!$Q$85 -> 104000 | F19: =+[5]정관!$R$85 -> 99708.733 | G19: =+F19-E19 -> -4291.2672 | H19: =+[5]정관!$Q$20 -> 60131.216 | I19: =+[5]정관!$R$20 -> 65957.02 | J19: =+I19-H19 -> 5825.8042 | K19: =+[5]정관!$Q$21 -> 18582.323 | L19: =+[5]정관!$R$21 -> 18142.178 | M19: =+L19-K19 -> -440.14431 | N19: =+[5]정관!$Q$22 -> 281.25 | O19: =+[5]정관!$R$22 -> 211.54513 | P19: =+O19-N19 -> -69.704867 | Q19: =H19+K19+N19 -> 78994.788 | R19: =I19+L19+O19 -> 84310.743 | S19: =+R19-Q19 -> 5315.955 | T19: =+E19-Q19 -> 25005.212 | U19: =+F19-R19 -> 15397.99 | V19: =+U19-T19 -> -9607.2222
D20: 양산 | E20: =+[5]양산!$Q$85 -> 96066.422 | F20: =+[5]양산!$R$85 -> 96734.299 | G20: =+F20-E20 -> 667.87679 | H20: =+[5]양산!$Q$20 -> 54407.081 | I20: =+[5]양산!$R$20 -> 55515.014 | J20: =+I20-H20 -> 1107.9324 | K20: =+[5]양산!$Q$21 -> 16900.316 | L20: =+[5]양산!$R$21 -> 15888.201 | M20: =+L20-K20 -> -1012.1157 | N20: =+[5]양산!$Q$22 -> 105.55556 | O20: =+[5]양산!$R$22 -> 55.911802 | P20: =+O20-N20 -> -49.643754 | Q20: =H20+K20+N20 -> 71412.953 | R20: =I20+L20+O20 -> 71459.126 | S20: =+R20-Q20 -> 46.173003 | T20: =+E20-Q20 -> 24653.469 | U20: =+F20-R20 -> 25275.173 | V20: =+U20-T20 -> 621.70379
D21: 창원 | E21: =+[5]창원!$Q$85 -> 99586 | F21: =+[5]창원!$R$85 -> 99562.104 | G21: =+F21-E21 -> -23.895554 | H21: =+[5]창원!$Q$20 -> 55903.538 | I21: =+[5]창원!$R$20 -> 58502.715 | J21: =+I21-H21 -> 2599.1764 | K21: =+[5]창원!$Q$21 -> 16328.154 | L21: =+[5]창원!$R$21 -> 15150.229 | M21: =+L21-K21 -> -1177.9249 | N21: =+[5]창원!$Q$22 -> 192.85714 | O21: =+[5]창원!$R$22 -> 106.29256 | P21: =+O21-N21 -> -86.564578 | Q21: =H21+K21+N21 -> 72424.549 | R21: =I21+L21+O21 -> 73759.236 | S21: =+R21-Q21 -> 1334.6869 | T21: =+E21-Q21 -> 27161.451 | U21: =+F21-R21 -> 25802.869 | V21: =+U21-T21 -> -1358.5825
D22: 대구 | E22: =+[5]대구!$Q$85 -> 97800 | F22: =+[5]대구!$R$85 -> 102306.9 | G22: =+F22-E22 -> 4506.9015 | H22: =+[5]대구!$Q$20 -> 54506.922 | I22: =+[5]대구!$R$20 -> 59239.609 | J22: =+I22-H22 -> 4732.6878 | K22: =+[5]대구!$Q$21 -> 16608.327 | L22: =+[5]대구!$R$21 -> 15128.767 | M22: =+L22-K22 -> -1479.5594 | N22: =+[5]대구!$Q$22 -> 325.92593 | O22: =+[5]대구!$R$22 -> 252.02542 | P22: =+O22-N22 -> -73.900503 | Q22: =H22+K22+N22 -> 71441.174 | R22: =I22+L22+O22 -> 74620.402 | S22: =+R22-Q22 -> 3179.2279 | T22: =+E22-Q22 -> 26358.826 | U22: =+F22-R22 -> 27686.499 | V22: =+U22-T22 -> 1327.6735
D23: 울산 | E23: =+[5]울산!$Q$85 -> 97420.875 | F23: =+[5]울산!$R$85 -> 101852.39 | G23: =+F23-E23 -> 4431.5109 | H23: =+[5]울산!$Q$20 -> 58751.638 | I23: =+[5]울산!$R$20 -> 60223.275 | J23: =+I23-H23 -> 1471.6365 | K23: =+[5]울산!$Q$21 -> 20586.202 | L23: =+[5]울산!$R$21 -> 26379.985 | M23: =+L23-K23 -> 5793.7829 | N23: =+[5]울산!$Q$22 -> 260 | O23: =+[5]울산!$R$22 -> 314.25812 | P23: =+O23-N23 -> 54.258118 | Q23: =H23+K23+N23 -> 79597.84 | R23: =I23+L23+O23 -> 86917.518 | S23: =+R23-Q23 -> 7319.6775 | T23: =+E23-Q23 -> 17823.035 | U23: =+F23-R23 -> 14934.868 | V23: =+U23-T23 -> -2888.1666
D24: 아산 | E24: =+[5]아산!$Q$85 -> 100999.69 | F24: =+[5]아산!$R$85 -> 100398.44 | G24: =+F24-E24 -> -601.2491 | H24: =+[5]아산!$Q$20 -> 58318.794 | I24: =+[5]아산!$R$20 -> 59504.555 | J24: =+I24-H24 -> 1185.7605 | K24: =+[5]아산!$Q$21 -> 19344.435 | L24: =+[5]아산!$R$21 -> 19668.271 | M24: =+L24-K24 -> 323.8359 | N24: =+[5]아산!$Q$22 -> 344.82759 | O24: =+[5]아산!$R$22 -> 203.97546 | P24: =+O24-N24 -> -140.85212 | Q24: =H24+K24+N24 -> 78008.057 | R24: =I24+L24+O24 -> 79376.802 | S24: =+R24-Q24 -> 1368.7442 | T24: =+E24-Q24 -> 22991.632 | U24: =+F24-R24 -> 21021.639 | V24: =+U24-T24 -> -1969.9933
D25: 전주 | E25: =+[5]전주!$Q$85 -> 100837.58 | F25: =+[5]전주!$R$85 -> 99903.668 | G25: =+F25-E25 -> -933.9131 | H25: =+[5]전주!$Q$20 -> 58500.305 | I25: =+[5]전주!$R$20 -> 57446.294 | J25: =+I25-H25 -> -1054.0104 | K25: =+[5]전주!$Q$21 -> 15932.226 | L25: =+[5]전주!$R$21 -> 15917.277 | M25: =+L25-K25 -> -14.949683 | N25: =+[5]전주!$Q$22 -> 300 | O25: =+[5]전주!$R$22 -> 303.00221 | P25: =+O25-N25 -> 3.0022095 | Q25: =H25+K25+N25 -> 74732.531 | R25: =I25+L25+O25 -> 73666.573 | S25: =+R25-Q25 -> -1065.9579 | T25: =+E25-Q25 -> 26105.05 | U25: =+F25-R25 -> 26237.095 | V25: =+U25-T25 -> 132.04479
D26: 군산 | E26: =+[5]군산!$Q$85 -> 108283.52 | F26: =+[5]군산!$R$85 -> 103863.64 | G26: =+F26-E26 -> -4419.8745 | H26: =+[5]군산!$Q$20 -> 57626.267 | I26: =+[5]군산!$R$20 -> 57797.922 | J26: =+I26-H26 -> 171.65566 | K26: =+[5]군산!$Q$21 -> 12661.575 | L26: =+[5]군산!$R$21 -> 12964.499 | M26: =+L26-K26 -> 302.9241 | N26: =+[5]군산!$Q$22 -> 112.5 | O26: =+[5]군산!$R$22 -> 59.974973 | P26: =+O26-N26 -> -52.525027 | Q26: =H26+K26+N26 -> 70400.342 | R26: =I26+L26+O26 -> 70822.396 | S26: =+R26-Q26 -> 422.05473 | T26: =+E26-Q26 -> 37883.177 | U26: =+F26-R26 -> 33041.248 | V26: =+U26-T26 -> -4841.9293
D27: 원주 | E27: =+[5]원주!$Q$85 -> 107900 | F27: =+[5]원주!$R$85 -> 106985.05 | G27: =+F27-E27 -> -914.95189 | H27: =+[5]원주!$Q$20 -> 58993.918 | I27: =+[5]원주!$R$20 -> 59052.375 | J27: =+I27-H27 -> 58.45685 | K27: =+[5]원주!$Q$21 -> 15897.769 | L27: =+[5]원주!$R$21 -> 13134.392 | M27: =+L27-K27 -> -2763.3763 | N27: =+[5]원주!$Q$22 -> 500 | O27: =+[5]원주!$R$22 -> 340.87964 | P27: =+O27-N27 -> -159.12036 | Q27: =H27+K27+N27 -> 75391.687 | R27: =I27+L27+O27 -> 72527.647 | S27: =+R27-Q27 -> -2864.0398 | T27: =+E27-Q27 -> 32508.313 | U27: =+F27-R27 -> 34457.401 | V27: =+U27-T27 -> 1949.0879
D28: 제주 | E28: =+[5]제주!$Q$85 -> 126700 | F28: =+[5]제주!$R$85 -> 128598.05 | G28: =+F28-E28 -> 1898.0513 | H28: =+[5]제주!$Q$20 -> 74846.559 | I28: =+[5]제주!$R$20 -> 71865.786 | J28: =+I28-H28 -> -2980.7729 | K28: =+[5]제주!$Q$21 -> 15088.91 | L28: =+[5]제주!$R$21 -> 16516.131 | M28: =+L28-K28 -> 1427.2208 | N28: =+[5]제주!$Q$22 -> 0 | O28: =+[5]제주!$R$22 -> 403.15082 | P28: =+O28-N28 -> 403.15082 | Q28: =H28+K28+N28 -> 89935.469 | R28: =I28+L28+O28 -> 88785.068 | S28: =+R28-Q28 -> -1150.4013 | T28: =+E28-Q28 -> 36764.531 | U28: =+F28-R28 -> 39812.983 | V28: =+U28-T28 -> 3048.4526

Sheet 재료비단가
D4: □ 2024년 레미콘 원재료단가(2024-02)
D6: 구분 | E6: OPC (원/톤) | H6: SC (원/톤) | K6: SP (원/톤) | N6: FA (원/톤) | Q6: 자갈 (원/톤) | T6: 모래 (원/톤)
E7: 계획 | F7: 실적 | G7: 차이 | H7: 계획 | I7: 실적 | J7: 차이 | K7: 계획 | L7: 실적 | M7: 차이 | N7: 계획 | O7: 실적 | P7: 차이 | Q7: 계획 | R7: 실적 | S7: 차이 | T7: 계획 | U7: 실적 | V7: 차이
D8: 평균 | E8: =+[5]합계!$G$9 -> 100374.01 | F8: =+[5]합계!$H$9 -> 100256.41 | G8: =+F8-E8 -> -117.60034 | H8: =+[5]합계!$G$10 -> 92235.342 | I8: =+[5]합계!$H$10 -> 92556.664 | J8: =+I8-H8 -> 321.32196 | K8: =+[5]합계!$G$12 -> 64295.744 | L8: =+[5]합계!$H$12 -> 61650.249 | M8: =+L8-K8 -> -2645.4953 | N8: =+[5]합계!$G$13 -> 39285.574 | O8: =+[5]합계!$H$13 -> 38929.501 | P8: =+O8-N8 -> -356.07328 | Q8: =+[5]합계!$G$16 -> 12761.791 | R8: =+[5]합계!$H$16 -> 13221.35 | S8: =+R8-Q8 -> 459.55984 | T8: =+[5]합계!$G$17 -> 15960.844 | U8: =+[5]합계!$H$17 -> 16071.773 | V8: =+U8-T8 -> 110.92961
D9: 수도권 | E9: =+[5]수도권!$G$9 -> 100000 | F9: =+[5]수도권!$H$9 -> 99995.57 | G9: =+F9-E9 -> -4.4296345 | H9: =+[5]수도권!$G$10 -> 93013.514 | I9: =+[5]수도권!$H$10 -> 81094.808 | J9: =+I9-H9 -> -11918.705 | K9: =+[5]수도권!$G$12 -> 64300.379 | L9: =+[5]수도권!$H$12 -> 59839.503 | M9: =+L9-K9 -> -4460.8759 | N9: =+[5]수도권!$G$13 -> 45161.849 | O9: =+[5]수도권!$H$13 -> 43047.8 | P9: =+O9-N9 -> -2114.0481 | Q9: =+[5]수도권!$G$16 -> 15355.336 | R9: =+[5]수도권!$H$16 -> 15888.142 | S9: =+R9-Q9 -> 532.80673 | T9: =+[5]수도권!$G$17 -> 14765.302 | U9: =+[5]수도권!$H$17 -> 14916.821 | V9: =+U9-T9 -> 151.51909
D10: 영남권 | E10: =+[5]영남권!$G$9 -> 100000 | F10: =+[5]영남권!$H$9 -> 99992.288 | G10: =+F10-E10 -> -7.7120184 | H10: =+[5]영남권!$G$10 -> 92100 | I10: =+[5]영남권!$H$10 -> 92587.152 | J10: =+I10-H10 -> 487.1518 | K10: =+[5]영남권!$G$12 -> 64161.252 | L10: =+[5]영남권!$H$12 -> 62733.008 | M10: =+L10-K10 -> -1428.2439 | N10: =+[5]영남권!$G$13 -> 35326.672 | O10: =+[5]영남권!$H$13 -> 35448.031 | P10: =+O10-N10 -> 121.35921 | Q10: =+[5]영남권!$G$16 -> 10361.676 | R10: =+[5]영남권!$H$16 -> 11149.067 | S10: =+R10-Q10 -> 787.39066 | T10: =+[5]영남권!$G$17 -> 17450.838 | U10: =+[5]영남권!$H$17 -> 17452.125 | V10: =+U10-T10 -> 1.2871565
D11: 기타권 | E11: =+[5]중부권!$G$9 -> 102148.99 | F11: =+[5]중부권!$H$9 -> 101738.14 | G11: =+F11-E11 -> -410.84759 | H11: =+[5]중부권!$G$10 -> 95000 | I11: =+[5]중부권!$H$10 -> 94283.4 | J11: =+I11-H11 -> -716.60049 | K11: =+[5]중부권!$G$12 -> 64777.961 | L11: =+[5]중부권!$H$12 -> 63053.339 | M11: =+L11-K11 -> -1724.622 | N11: =+[5]중부권!$G$13 -> 39617.103 | O11: =+[5]중부권!$H$13 -> 38963.997 | P11: =+O11-N11 -> -653.10589 | Q11: =+[5]중부권!$G$16 -> 12604.534 | R11: =+[5]중부권!$H$16 -> 12296.418 | S11: =+R11-Q11 -> -308.1157 | T11: =+[5]중부권!$G$17 -> 14645.01 | U11: =+[5]중부권!$H$17 -> 14507.205 | V11: =+U11-T11 -> -137.80456
D12: 안양 | E12: =+[5]안양!$G$9 -> 100000 | F12: =+[5]안양!$H$9 -> 99991.321 | G12: =+F12-E12 -> -8.6788879 | H12: =+[5]안양!$G$10 -> 87100 | I12: =+[5]안양!$H$10 -> 81094.808 | J12: =+I12-H12 -> -6005.1919 | K12: =+[5]안양!$G$12 -> 64000 | L12: =+[5]안양!$H$12 -> 51089.633 | M12: =+L12-K12 -> -12910.367 | N12: =+[5]안양!$G$13 -> 45000 | O12: =+[5]안양!$H$13 -> 41343.448 | P12: =+O12-N12 -> -3656.5522 | Q12: =+[5]안양!$G$16 -> 15333.333 | R12: =+[5]안양!$H$16 -> 15932.183 | S12: =+R12-Q12 -> 598.8495 | T12: =+[5]안양!$G$17 -> 15161.29 | U12: =+[5]안양!$H$17 -> 15208.1 | V12: =+U12-T12 -> 46.810108
D13: 인천 | E13: =+[5]인천!$G$9 -> 100000 | F13: =+[5]인천!$H$9 -> 99999.261 | G13: =+F13-E13 -> -0.73882709 | H13: =+[5]인천!$G$10 -> 99500 | I13: =+[5]인천!$H$10 -> 0 | J13: =+I13-H13 -> -99500 | K13: =+[5]인천!$G$12 -> 64500 | L13: =+[5]인천!$H$12 -> 63995.78 | M13: =+L13-K13 -> -504.2203 | N13: =+[5]인천!$G$13 -> 45000 | O13: =+[5]인천!$H$13 -> 43942.237 | P13: =+O13-N13 -> -1057.7627 | Q13: =+[5]인천!$G$16 -> 15733.333 | R13: =+[5]인천!$H$16 -> 15794.434 | S13: =+R13-Q13 -> 61.100479 | T13: =+[5]인천!$G$17 -> 15504.125 | U13: =+[5]인천!$H$17 -> 15662.398 | V13: =+U13-T13 -> 158.27316
D14: 파주 | E14: =+[5]파주!$G$9 -> 100000 | F14: =+[5]파주!$H$9 -> 99998.918 | G14: =+F14-E14 -> -1.0821145 | H14: =+[5]파주!$G$10 -> 0 | I14: =+[5]파주!$H$10 -> 0 | J14: =+I14-H14 -> 0 | K14: =+[5]파주!$G$12 -> 64500 | L14: =+[5]파주!$H$12 -> 63915.641 | M14: =+L14-K14 -> -584.3595 | N14: =+[5]파주!$G$13 -> 45000 | O14: =+[5]파주!$H$13 -> 44159.712 | P14: =+O14-N14 -> -840.2879 | Q14: =+[5]파주!$G$16 -> 15266.667 | R14: =+[5]파주!$H$16 -> 16301.671 | S14: =+R14-Q14 -> 1035.0043 | T14: =+[5]파주!$G$17 -> 13419.355 | U14: =+[5]파주!$H$17 -> 13511.907 | V14: =+U14-T14 -> 92.55242
D15: 김포 | E15: =+[5]김포!$G$9 -> 100000 | F15: =+[5]김포!$H$9 -> 99997.667 | G15: =+F15-E15 -> -2.3326455 | H15: =+[5]김포!$G$10 -> 0 | I15: =+[5]김포!$H$10 -> 0 | J15: =+I15-H15 -> 0 | K15: =+[5]김포!$G$12 -> 64300 | L15: =+[5]김포!$H$12 -> 52874.886 | M15: =+L15-K15 -> -11425.114 | N15: =+[5]김포!$G$13 -> 46000 | O15: =+[5]김포!$H$13 -> 46323.183 | P15: =+O15-N15 -> 323.1829 | Q15: =+[5]김포!$G$16 -> 14666.667 | R15: =+[5]김포!$H$16 -> 14599.999 | S15: =+R15-Q15 -> -66.66755 | T15: =+[5]김포!$G$17 -> 14458.307 | U15: =+[5]김포!$H$17 -> 14680.968 | V15: =+U15-T15 -> 222.6616
D16: 부산 | E16: =+[5]부산!$G$9 -> 100000 | F16: =+[5]부산!$H$9 -> 99998.296 | G16: =+F16-E16 -> -1.7042954 | H16: =+[5]부산!$G$10 -> 92100 | I16: =+[5]부산!$H$10 -> 92902.73 | J16: =+I16-H16 -> 802.73035 | K16: =+[5]부산!$G$12 -> 65000 | L16: =+[5]부산!$H$12 -> 0 | M16: =+L16-K16 -> -65000 | N16: =+[5]부산!$G$13 -> 36500 | O16: =+[5]부산!$H$13 -> 36500.015 | P16: =+O16-N16 -> 0.015209287 | Q16: =+[5]부산!$G$16 -> 10741.278 | R16: =+[5]부산!$H$16 -> 11771.794 | S16: =+R16-Q16 -> 1030.5156 | T16: =+[5]부산!$G$17 -> 17864.788 | U16: =+[5]부산!$H$17 -> 18142.643 | V16: =+U16-T16 -> 277.85498
D17: 서부산 | E17: =+[5]서부산!$G$9 -> 100000 | F17: =+[5]서부산!$H$9 -> 99998.177 | G17: =+F17-E17 -> -1.8231071 | H17: =+[5]서부산!$G$10 -> 92100 | I17: =+[5]서부산!$H$10 -> 92865.293 | J17: =+I17-H17 -> 765.29307 | K17: =+[5]서부산!$G$12 -> 65000 | L17: =+[5]서부산!$H$12 -> 62206.997 | M17: =+L17-K17 -> -2793.0026 | N17: =+[5]서부산!$G$13 -> 35200 | O17: =+[5]서부산!$H$13 -> 35365.67 | P17: =+O17-N17 -> 165.67042 | Q17: =+[5]서부산!$G$16 -> 10666.667 | R17: =+[5]서부산!$H$16 -> 11820.882 | S17: =+R17-Q17 -> 1154.2156 | T17: =+[5]서부산!$G$17 -> 18187.638 | U17: =+[5]서부산!$H$17 -> 18926.528 | V17: =+U17-T17 -> 738.88919
D18: 김해 | E18: =+[5]김해!$G$9 -> 100000 | F18: =+[5]김해!$H$9 -> 100046.31 | G18: =+F18-E18 -> 46.310833 | H18: =+[5]김해!$G$10 -> 92100 | I18: =+[5]김해!$H$10 -> 92094.315 | J18: =+I18-H18 -> -5.6851554 | K18: =+[5]김해!$G$12 -> 64000 | L18: =+[5]김해!$H$12 -> 61094.926 | M18: =+L18-K18 -> -2905.0741 | N18: =+[5]김해!$G$13 -> 35000 | O18: =+[5]김해!$H$13 -> 34999.721 | P18: =+O18-N18 -> -0.27891409 | Q18: =+[5]김해!$G$16 -> 9533.3333 | R18: =+[5]김해!$H$16 -> 9410.9673 | S18: =+R18-Q18 -> -122.36606 | T18: =+[5]김해!$G$17 -> 17954.927 | U18: =+[5]김해!$H$17 -> 16852.152 | V18: =+U18-T18 -> -1102.7749
D19: 정관 | E19: =+[5]정관!$G$9 -> 100000 | F19: =+[5]정관!$H$9 -> 99999.255 | G19: =+F19-E19 -> -0.74548004 | H19: =+[5]정관!$G$10 -> 92100 | I19: =+[5]정관!$H$10 -> 92042.489 | J19: =+I19-H19 -> -57.510639 | K19: =+[5]정관!$G$12 -> 63500 | L19: =+[5]정관!$H$12 -> 62719.698 | M19: =+L19-K19 -> -780.30179 | N19: =+[5]정관!$G$13 -> 35500 | O19: =+[5]정관!$H$13 -> 35499.961 | P19: =+O19-N19 -> -0.039325634 | Q19: =+[5]정관!$G$16 -> 10733.333 | R19: =+[5]정관!$H$16 -> 12034.637 | S19: =+R19-Q19 -> 1301.3033 | T19: =+[5]정관!$G$17 -> 18315.171 | U19: =+[5]정관!$H$17 -> 18879.747 | V19: =+U19-T19 -> 564.57641
D20: 양산 | E20: =+[5]양산!$G$9 -> 100000 | F20: =+[5]양산!$H$9 -> 99907.341 | G20: =+F20-E20 -> -92.658824 | H20: =+[5]양산!$G$10 -> 92100 | I20: =+[5]양산!$H$10 -> 0 | J20: =+I20-H20 -> -92100 | K20: =+[5]양산!$G$12 -> 63000 | L20: =+[5]양산!$H$12 -> 63208.745 | M20: =+L20-K20 -> 208.74525 | N20: =+[5]양산!$G$13 -> 36000 | O20: =+[5]양산!$H$13 -> 36000.012 | P20: =+O20-N20 -> 0.0117122 | Q20: =+[5]양산!$G$16 -> 9066.6667 | R20: =+[5]양산!$H$16 -> 9603.4907 | S20: =+R20-Q20 -> 536.82403 | T20: =+[5]양산!$G$17 -> 17368.506 | U20: =+[5]양산!$H$17 -> 17518.665 | V20: =+U20-T20 -> 150.15929
D21: 창원 | E21: =+[5]창원!$G$9 -> 100000 | F21: =+[5]창원!$H$9 -> 99994.323 | G21: =+F21-E21 -> -5.6766059 | H21: =+[5]창원!$G$10 -> 0 | I21: =+[5]창원!$H$10 -> 0 | J21: =+I21-H21 -> 0 | K21: =+[5]창원!$G$12 -> 65000 | L21: =+[5]창원!$H$12 -> 64072.28 | M21: =+L21-K21 -> -927.7201 | N21: =+[5]창원!$G$13 -> 33000 | O21: =+[5]창원!$H$13 -> 32999.982 | P21: =+O21-N21 -> -0.017584157 | Q21: =+[5]창원!$G$16 -> 10400 | R21: =+[5]창원!$H$16 -> 11303.926 | S21: =+R21-Q21 -> 903.92629 | T21: =+[5]창원!$G$17 -> 17019.516 | U21: =+[5]창원!$H$17 -> 16288.479 | V21: =+U21-T21 -> -731.03682
D22: 대구 | E22: =+[5]대구!$G$9 -> 100000 | F22: =+[5]대구!$H$9 -> 99998.135 | G22: =+F22-E22 -> -1.8645598 | H22: =+[5]대구!$G$10 -> 0 | I22: =+[5]대구!$H$10 -> 0 | J22: =+I22-H22 -> 0 | K22: =+[5]대구!$G$12 -> 62500 | L22: =+[5]대구!$H$12 -> 61250.78 | M22: =+L22-K22 -> -1249.2202 | N22: =+[5]대구!$G$13 -> 35500 | O22: =+[5]대구!$H$13 -> 35366.523 | P22: =+O22-N22 -> -133.47732 | Q22: =+[5]대구!$G$16 -> 10466.667 | R22: =+[5]대구!$H$16 -> 10506.785 | S22: =+R22-Q22 -> 40.117856 | T22: =+[5]대구!$G$17 -> 14718.131 | U22: =+[5]대구!$H$17 -> 14598.496 | V22: =+U22-T22 -> -119.63575
D23: 울산 | E23: =+[5]울산!$G$9 -> 100000 | F23: =+[5]울산!$H$9 -> 99966.379 | G23: =+F23-E23 -> -33.621429 | H23: =+[5]울산!$G$10 -> 0 | I23: =+[5]울산!$H$10 -> 0 | J23: =+I23-H23 -> 0 | K23: =+[5]울산!$G$12 -> 61300 | L23: =+[5]울산!$H$12 -> 59525.421 | M23: =+L23-K23 -> -1774.5793 | N23: =+[5]울산!$G$13 -> 37000 | O23: =+[5]울산!$H$13 -> 36999.992 | P23: =+O23-N23 -> -0.0083001625 | Q23: =+[5]울산!$G$16 -> 10546.667 | R23: =+[5]울산!$H$16 -> 10944.066 | S23: =+R23-Q23 -> 397.39982 | T23: =+[5]울산!$G$17 -> 18683.715 | U23: =+[5]울산!$H$17 -> 18548.733 | V23: =+U23-T23 -> -134.98178
D24: 아산 | E24: =+[5]아산!$G$9 -> 100000 | F24: =+[5]아산!$H$9 -> 100510.88 | G24: =+F24-E24 -> 510.87604 | H24: =+[5]아산!$G$10 -> 0 | I24: =+[5]아산!$H$10 -> 0 | J24: =+I24-H24 -> 0 | K24: =+[5]아산!$G$12 -> 64500 | L24: =+[5]아산!$H$12 -> 63661.195 | M24: =+L24-K24 -> -838.8054 | N24: =+[5]아산!$G$13 -> 42000 | O24: =+[5]아산!$H$13 -> 39137.668 | P24: =+O24-N24 -> -2862.3323 | Q24: =+[5]아산!$G$16 -> 10933.333 | R24: =+[5]아산!$H$16 -> 11100.314 | S24: =+R24-Q24 -> 166.98108 | T24: =+[5]아산!$G$17 -> 13742.395 | U24: =+[5]아산!$H$17 -> 13671.818 | V24: =+U24-T24 -> -70.576758
D25: 전주 | E25: =+[5]전주!$G$9 -> 100000 | F25: =+[5]전주!$H$9 -> 99905.235 | G25: =+F25-E25 -> -94.765042 | H25: =+[5]전주!$G$10 -> 0 | I25: =+[5]전주!$H$10 -> 0 | J25: =+I25-H25 -> 0 | K25: =+[5]전주!$G$12 -> 65000 | L25: =+[5]전주!$H$12 -> 63398.409 | M25: =+L25-K25 -> -1601.5912 | N25: =+[5]전주!$G$13 -> 36000 | O25: =+[5]전주!$H$13 -> 35999.979 | P25: =+O25-N25 -> -0.021105402 | Q25: =+[5]전주!$G$16 -> 12533.333 | R25: =+[5]전주!$H$16 -> 12598.765 | S25: =+R25-Q25 -> 65.431811 | T25: =+[5]전주!$G$17 -> 14400.057 | U25: =+[5]전주!$H$17 -> 14705.47 | V25: =+U25-T25 -> 305.41294
D26: 군산 | E26: =+[5]군산!$G$9 -> 100000 | F26: =+[5]군산!$H$9 -> 99999.934 | G26: =+F26-E26 -> -0.065597717 | H26: =+[5]군산!$G$10 -> 95000 | I26: =+[5]군산!$H$10 -> 94283.4 | J26: =+I26-H26 -> -716.60049 | K26: =+[5]군산!$G$12 -> 64900 | L26: =+[5]군산!$H$12 -> 63599.264 | M26: =+L26-K26 -> -1300.7357 | N26: =+[5]군산!$G$13 -> 37500 | O26: =+[5]군산!$H$13 -> 34878.922 | P26: =+O26-N26 -> -2621.0781 | Q26: =+[5]군산!$G$16 -> 13666.667 | R26: =+[5]군산!$H$16 -> 13930.605 | S26: =+R26-Q26 -> 263.9388 | T26: =+[5]군산!$G$17 -> 14837.33 | U26: =+[5]군산!$H$17 -> 15071.6 | V26: =+U26-T26 -> 234.27066
D27: 원주 | E27: =+[5]원주!$G$9 -> 100000 | F27: =+[5]원주!$H$9 -> 100240.29 | G27: =+F27-E27 -> 240.29469 | H27: =+[5]원주!$G$10 -> 0 | I27: =+[5]원주!$H$10 -> 0 | J27: =+I27-H27 -> 0 | K27: =+[5]원주!$G$12 -> 64000 | L27: =+[5]원주!$H$12 -> 57360.215 | M27: =+L27-K27 -> -6639.7845 | N27: =+[5]원주!$G$13 -> 49000 | O27: =+[5]원주!$H$13 -> 49000.041 | P27: =+O27-N27 -> 0.041313778 | Q27: =+[5]원주!$G$16 -> 13666.667 | R27: =+[5]원주!$H$16 -> 13631.356 | S27: =+R27-Q27 -> -35.310811 | T27: =+[5]원주!$G$17 -> 13419.355 | U27: =+[5]원주!$H$17 -> 13288.423 | V27: =+U27-T27 -> -130.93147
D28: 제주 | E28: =+[5]제주!$G$9 -> 117000 | F28: =+[5]제주!$H$9 -> 116952.64 | G28: =+F28-E28 -> -47.360142 | H28: =+[5]제주!$G$10 -> 0 | I28: =+[5]제주!$H$10 -> 0 | J28: =+I28-H28 -> 0 | K28: =+[5]제주!$G$12 -> 0 | L28: =+[5]제주!$H$12 -> 0 | M28: =+L28-K28 -> 0 | N28: =+[5]제주!$G$13 -> 0 | O28: =+[5]제주!$H$13 -> 0 | P28: =+O28-N28 -> 0 | Q28: =+[5]제주!$G$16 -> 18143.333 | R28: =+[5]제주!$H$16 -> 17995.952 | S28: =+R28-Q28 -> -147.38163 | T28: =+[5]제주!$G$17 -> 18593.792 | U28: =+[5]제주!$H$17 -> 19297.404 | V28: =+U28-T28 -> 703.6127

Sheet 원단위
D4: □ 레미콘 원재료 원단위(2024-02)
V5: [단위 : kg/㎥]
D6: 구분 | E6: OPC | H6: 분체류 | K6: 분체류 치환률 | N6: 자갈 | Q6: 모래 | T6: 혼화제
E7: 계획 | F7: 실적 | G7: 차이 | H7: 계획 | I7: 실적 | J7: 차이 | K7: 계획 | L7: 실적 | M7: 차이 | N7: 계획 | O7: 실적 | P7: 차이 | Q7: 계획 | R7: 실적 | S7: 차이 | T7: 계획 | U7: 실적 | V7: 차이
D8: 평균 | E8: =+[5]합계!$E$9 -> 274.38801 | F8: =+[5]합계!$F$9 -> 299.22752 | G8: =+F8-E8 -> 24.839517 | H8: =+[5]합계!$E$15 -> 353.28095 | I8: =+[5]합계!$F$15 -> 375.62242 | J8: =+I8-H8 -> 22.341478 | K8: =+([5]합계!$E$10*0.4+[5]합계!$E$11+[5]합계!$E$12+[5]합계!$E$13+[5]합계!$E$14)/[5]합계!$E$15 -> 0.18908035 | L8: =+([5]합계!$F$10*0.4+[5]합계!$F$11+[5]합계!$F$12+[5]합계!$F$13+[5]합계!$F$14)/[5]합계!$F$15 -> 0.16460214 | M8: =+L8-K8 -> -0.024478209 | N8: =+[5]합계!$E$16 -> 829.24726 | O8: =+[5]합계!$F$16 -> 832.42428 | P8: =+O8-N8 -> 3.1770144 | Q8: =+[5]합계!$E$17 -> 898.78507 | R8: =+[5]합계!$F$17 -> 877.8424 | S8: =+R8-Q8 -> -20.942669 | T8: =+[5]합계!$E$19 -> 3.1405017 | U8: =+[5]합계!$F$19 -> 3.2193542 | V8: =+U8-T8 -> 0.078852569
D9: 수도권 | E9: =+[5]수도권!$E$9 -> 295.95245 | F9: =+[5]수도권!$F$9 -> 323.08379 | G9: =+F9-E9 -> 27.13134 | H9: =+[5]수도권!$E$15 -> 356.97936 | I9: =+[5]수도권!$F$15 -> 375.82967 | J9: =+I9-H9 -> 18.850305 | K9: =+([5]수도권!$E$10*0.4+[5]수도권!$E$11+[5]수도권!$E$12+[5]수도권!$E$13+[5]수도권!$E$14)/[5]수도권!$E$15 -> 0.16078477 | L9: =+([5]수도권!$F$10*0.4+[5]수도권!$F$11+[5]수도권!$F$12+[5]수도권!$F$13+[5]수도권!$F$14)/[5]수도권!$F$15 -> 0.13995422 | M9: =+L9-K9 -> -0.020830556 | N9: =+[5]수도권!$E$16 -> 862.75742 | O9: =+[5]수도권!$F$16 -> 850.94365 | P9: =+O9-N9 -> -11.813766 | Q9: =+[5]수도권!$E$17 -> 874.35365 | R9: =+[5]수도권!$F$17 -> 854.13737 | S9: =+R9-Q9 -> -20.216277 | T9: =+[5]수도권!$E$19 -> 3.0879376 | U9: =+[5]수도권!$F$19 -> 3.196771 | V9: =+U9-T9 -> 0.10883347
D10: 영남권 | E10: =+[5]영남권!$E$9 -> 243.58479 | F10: =+[5]영남권!$F$9 -> 274.08646 | G10: =+F10-E10 -> 30.501676 | H10: =+[5]영남권!$E$15 -> 349.25829 | I10: =+[5]영남권!$F$15 -> 379.72648 | J10: =+I10-H10 -> 30.468188 | K10: =+([5]영남권!$E$10*0.4+[5]영남권!$E$11+[5]영남권!$E$12+[5]영남권!$E$13+[5]영남권!$E$14)/[5]영남권!$E$15 -> 0.23513076 | L10: =+([5]영남권!$F$10*0.4+[5]영남권!$F$11+[5]영남권!$F$12+[5]영남권!$F$13+[5]영남권!$F$14)/[5]영남권!$F$15 -> 0.19658407 | M10: =+L10-K10 -> -0.038546693 | N10: =+[5]영남권!$E$16 -> 809.53033 | O10: =+[5]영남권!$F$16 -> 811.06472 | P10: =+O10-N10 -> 1.5343925 | Q10: =+[5]영남권!$E$17 -> 908.40896 | R10: =+[5]영남권!$F$17 -> 904.51067 | S10: =+R10-Q10 -> -3.898293 | T10: =+[5]영남권!$E$19 -> 3.248542 | U10: =+[5]영남권!$F$19 -> 3.342972 | V10: =+U10-T10 -> 0.094429948
D11: 기타권 | E11: =+[5]중부권!$E$9 -> 308.04901 | F11: =+[5]중부권!$F$9 -> 315.22268 | G11: =+F11-E11 -> 7.173667 | H11: =+[5]중부권!$E$15 -> 355.41521 | I11: =+[5]중부권!$F$15 -> 361.72225 | J11: =+I11-H11 -> 6.3070399 | K11: =+([5]중부권!$E$10*0.4+[5]중부권!$E$11+[5]중부권!$E$12+[5]중부권!$E$13+[5]중부권!$E$14)/[5]중부권!$E$15 -> 0.13127277 | L11: =+([5]중부권!$F$10*0.4+[5]중부권!$F$11+[5]중부권!$F$12+[5]중부권!$F$13+[5]중부권!$F$14)/[5]중부권!$F$15 -> 0.12604272 | M11: =+L11-K11 -> -0.0052300458 | N11: =+[5]중부권!$E$16 -> 800.27718 | O11: =+[5]중부권!$F$16 -> 850.82652 | P11: =+O11-N11 -> 50.549335 | Q11: =+[5]중부권!$E$17 -> 933.62479 | R11: =+[5]중부권!$F$17 -> 856.47067 | S11: =+R11-Q11 -> -77.154115 | T11: =+[5]중부권!$E$19 -> 2.9632958 | U11: =+[5]중부권!$F$19 -> 2.8800077 | V11: =+U11-T11 -> -0.083288053
D12: 안양 | E12: =+[5]안양!$E$9 -> 301.8 | F12: =+[5]안양!$F$9 -> 323.89157 | G12: =+F12-E12 -> 22.091568 | H12: =+[5]안양!$E$15 -> 368.1 | I12: =+[5]안양!$F$15 -> 364.86023 | J12: =+I12-H12 -> -3.2397733 | K12: =+([5]안양!$E$10*0.4+[5]안양!$E$11+[5]안양!$E$12+[5]안양!$E$13+[5]안양!$E$14)/[5]안양!$E$15 -> 0.16707416 | L12: =+([5]안양!$F$10*0.4+[5]안양!$F$11+[5]안양!$F$12+[5]안양!$F$13+[5]안양!$F$14)/[5]안양!$F$15 -> 0.11137254 | M12: =+L12-K12 -> -0.055701624 | N12: =+[5]안양!$E$16 -> 848.1 | O12: =+[5]안양!$F$16 -> 862.14076 | P12: =+O12-N12 -> 14.040755 | Q12: =+[5]안양!$E$17 -> 877 | R12: =+[5]안양!$F$17 -> 841.44692 | S12: =+R12-Q12 -> -35.553078 | T12: =+[5]안양!$E$19 -> 3.29 | U12: =+[5]안양!$F$19 -> 3.1559348 | V12: =+U12-T12 -> -0.13406517
D13: 인천 | E13: =+[5]인천!$E$9 -> 301.227 | F13: =+[5]인천!$F$9 -> 325.67758 | G13: =+F13-E13 -> 24.450575 | H13: =+[5]인천!$E$15 -> 367.343 | I13: =+[5]인천!$F$15 -> 377.15682 | J13: =+I13-H13 -> 9.8138217 | K13: =+([5]인천!$E$10*0.4+[5]인천!$E$11+[5]인천!$E$12+[5]인천!$E$13+[5]인천!$E$14)/[5]인천!$E$15 -> 0.16211552 | L13: =+([5]인천!$F$10*0.4+[5]인천!$F$11+[5]인천!$F$12+[5]인천!$F$13+[5]인천!$F$14)/[5]인천!$F$15 -> 0.13649295 | M13: =+L13-K13 -> -0.025622568 | N13: =+[5]인천!$E$16 -> 886.075 | O13: =+[5]인천!$F$16 -> 868.09113 | P13: =+O13-N13 -> -17.983874 | Q13: =+[5]인천!$E$17 -> 851.818 | R13: =+[5]인천!$F$17 -> 834.14941 | S13: =+R13-Q13 -> -17.668591 | T13: =+[5]인천!$E$19 -> 3.306 | U13: =+[5]인천!$F$19 -> 3.2726946 | V13: =+U13-T13 -> -0.033305369
D14: 파주 | E14: =+[5]파주!$E$9 -> 301.78214 | F14: =+[5]파주!$F$9 -> 319.58198 | G14: =+F14-E14 -> 17.799833 | H14: =+[5]파주!$E$15 -> 346.53762 | I14: =+[5]파주!$F$15 -> 404.64745 | J14: =+I14-H14 -> 58.109836 | K14: =+([5]파주!$E$10*0.4+[5]파주!$E$11+[5]파주!$E$12+[5]파주!$E$13+[5]파주!$E$14)/[5]파주!$E$15 -> 0.12915041 | L14: =+([5]파주!$F$10*0.4+[5]파주!$F$11+[5]파주!$F$12+[5]파주!$F$13+[5]파주!$F$14)/[5]파주!$F$15 -> 0.21022121 | M14: =+L14-K14 -> 0.081070801 | N14: =+[5]파주!$E$16 -> 875.40595 | O14: =+[5]파주!$F$16 -> 831.07465 | P14: =+O14-N14 -> -44.3313 | Q14: =+[5]파주!$E$17 -> 877.64524 | R14: =+[5]파주!$F$17 -> 869.29603 | S14: =+R14-Q14 -> -8.3492117 | T14: =+[5]파주!$E$19 -> 2.772301 | U14: =+[5]파주!$F$19 -> 3.3929969 | V14: =+U14-T14 -> 0.62069596
D15: 김포 | E15: =+[5]김포!$E$9 -> 250 | F15: =+[5]김포!$F$9 -> 318.51744 | G15: =+F15-E15 -> 68.517443 | H15: =+[5]김포!$E$15 -> 314 | I15: =+[5]김포!$F$15 -> 350.52784 | J15: =+I15-H15 -> 36.527836 | K15: =+([5]김포!$E$10*0.4+[5]김포!$E$11+[5]김포!$E$12+[5]김포!$E$13+[5]김포!$E$14)/[5]김포!$E$15 -> 0.20382166 | L15: =+([5]김포!$F$10*0.4+[5]김포!$F$11+[5]김포!$F$12+[5]김포!$F$13+[5]김포!$F$14)/[5]김포!$F$15 -> 0.091320544 | M15: =+L15-K15 -> -0.11250111 | N15: =+[5]김포!$E$16 -> 833 | O15: =+[5]김포!$F$16 -> 772.91943 | P15: =+O15-N15 -> -60.080571 | Q15: =+[5]김포!$E$17 -> 912 | R15: =+[5]김포!$F$17 -> 967.84974 | S15: =+R15-Q15 -> 55.849736 | T15: =+[5]김포!$E$19 -> 2.5 | U15: =+[5]김포!$F$19 -> 2.5401666 | V15: =+U15-T15 -> 0.040166582
D16: 부산 | E16: =+[5]부산!$E$9 -> 228.66492 | F16: =+[5]부산!$F$9 -> 224.23807 | G16: =+F16-E16 -> -4.4268579 | H16: =+[5]부산!$E$15 -> 356.09329 | I16: =+[5]부산!$F$15 -> 409.00434 | J16: =+I16-H16 -> 52.911056 | K16: =+([5]부산!$E$10*0.4+[5]부산!$E$11+[5]부산!$E$12+[5]부산!$E$13+[5]부산!$E$14)/[5]부산!$E$15 -> 0.28960954 | L16: =+([5]부산!$F$10*0.4+[5]부산!$F$11+[5]부산!$F$12+[5]부산!$F$13+[5]부산!$F$14)/[5]부산!$F$15 -> 0.23129741 | M16: =+L16-K16 -> -0.058312132 | N16: =+[5]부산!$E$16 -> 847.74259 | O16: =+[5]부산!$F$16 -> 876.59356 | P16: =+O16-N16 -> 28.85097 | Q16: =+[5]부산!$E$17 -> 885.64983 | R16: =+[5]부산!$F$17 -> 843.74079 | S16: =+R16-Q16 -> -41.909043 | T16: =+[5]부산!$E$19 -> 2.8385688 | U16: =+[5]부산!$F$19 -> 3.6824819 | V16: =+U16-T16 -> 0.84391304
D17: 서부산 | E17: =+[5]서부산!$E$9 -> 241.8 | F17: =+[5]서부산!$F$9 -> 303.32593 | G17: =+F17-E17 -> 61.525933 | H17: =+[5]서부산!$E$15 -> 355 | I17: =+[5]서부산!$F$15 -> 371.0754 | J17: =+I17-H17 -> 16.075402 | K17: =+([5]서부산!$E$10*0.4+[5]서부산!$E$11+[5]서부산!$E$12+[5]서부산!$E$13+[5]서부산!$E$14)/[5]서부산!$E$15 -> 0.21729577 | L17: =+([5]서부산!$F$10*0.4+[5]서부산!$F$11+[5]서부산!$F$12+[5]서부산!$F$13+[5]서부산!$F$14)/[5]서부산!$F$15 -> 0.11151285 | M17: =+L17-K17 -> -0.10578292 | N17: =+[5]서부산!$E$16 -> 813.3 | O17: =+[5]서부산!$F$16 -> 777.82347 | P17: =+O17-N17 -> -35.476533 | Q17: =+[5]서부산!$E$17 -> 911.4 | R17: =+[5]서부산!$F$17 -> 947.54854 | S17: =+R17-Q17 -> 36.148542 | T17: =+[5]서부산!$E$19 -> 4.56 | U17: =+[5]서부산!$F$19 -> 3.1085838 | V17: =+U17-T17 -> -1.4514162
D18: 김해 | E18: =+[5]김해!$E$9 -> 218.39 | F18: =+[5]김해!$F$9 -> 216.60956 | G18: =+F18-E18 -> -1.7804352 | H18: =+[5]김해!$E$15 -> 343 | I18: =+[5]김해!$F$15 -> 399.25919 | J18: =+I18-H18 -> 56.259194 | K18: =+([5]김해!$E$10*0.4+[5]김해!$E$11+[5]김해!$E$12+[5]김해!$E$13+[5]김해!$E$14)/[5]김해!$E$15 -> 0.17711953 | L18: =+([5]김해!$F$10*0.4+[5]김해!$F$11+[5]김해!$F$12+[5]김해!$F$13+[5]김해!$F$14)/[5]김해!$F$15 -> 0.21031662 | M18: =+L18-K18 -> 0.033197084 | N18: =+[5]김해!$E$16 -> 830 | O18: =+[5]김해!$F$16 -> 749.73955 | P18: =+O18-N18 -> -80.260447 | Q18: =+[5]김해!$E$17 -> 890 | R18: =+[5]김해!$F$17 -> 970.22109 | S18: =+R18-Q18 -> 80.22109 | T18: =+[5]김해!$E$19 -> 3.3 | U18: =+[5]김해!$F$19 -> 3.4784142 | V18: =+U18-T18 -> 0.17841417
D19: 정관 | E19: =+[5]정관!$E$9 -> 236.4 | F19: =+[5]정관!$F$9 -> 293.66458 | G19: =+F19-E19 -> 57.264581 | H19: =+[5]정관!$E$15 -> 360.3 | I19: =+[5]정관!$F$15 -> 382.96484 | J19: =+I19-H19 -> 22.664835 | K19: =+([5]정관!$E$10*0.4+[5]정관!$E$11+[5]정관!$E$12+[5]정관!$E$13+[5]정관!$E$14)/[5]정관!$E$15 -> 0.24279767 | L19: =+([5]정관!$F$10*0.4+[5]정관!$F$11+[5]정관!$F$12+[5]정관!$F$13+[5]정관!$F$14)/[5]정관!$F$15 -> 0.17612584 | M19: =+L19-K19 -> -0.066671832 | N19: =+[5]정관!$E$16 -> 795 | O19: =+[5]정관!$F$16 -> 803.32441 | P19: =+O19-N19 -> 8.3244091 | Q19: =+[5]정관!$E$17 -> 920 | R19: =+[5]정관!$F$17 -> 935.33382 | S19: =+R19-Q19 -> 15.333823 | T19: =+[5]정관!$E$19 -> 3.060765 | U19: =+[5]정관!$F$19 -> 3.7110162 | V19: =+U19-T19 -> 0.65025116
D20: 양산 | E20: =+[5]양산!$E$9 -> 252.21244 | F20: =+[5]양산!$F$9 -> 228.66469 | G20: =+F20-E20 -> -23.547759 | H20: =+[5]양산!$E$15 -> 333.27578 | I20: =+[5]양산!$F$15 -> 363.30484 | J20: =+I20-H20 -> 30.029066 | K20: =+([5]양산!$E$10*0.4+[5]양산!$E$11+[5]양산!$E$12+[5]양산!$E$13+[5]양산!$E$14)/[5]양산!$E$15 -> 0.22489883 | L20: =+([5]양산!$F$10*0.4+[5]양산!$F$11+[5]양산!$F$12+[5]양산!$F$13+[5]양산!$F$14)/[5]양산!$F$15 -> 0.3705983 | M20: =+L20-K20 -> 0.14569947 | N20: =+[5]양산!$E$16 -> 781.66667 | O20: =+[5]양산!$F$16 -> 825.8281 | P20: =+O20-N20 -> 44.161435 | Q20: =+[5]양산!$E$17 -> 906.9339 | R20: =+[5]양산!$F$17 -> 866.923 | S20: =+R20-Q20 -> -40.010901 | T20: =+[5]양산!$E$19 -> 2.5286908 | U20: =+[5]양산!$F$19 -> 3.1156602 | V20: =+U20-T20 -> 0.5869694
D21: 창원 | E21: =+[5]창원!$E$9 -> 240.8 | F21: =+[5]창원!$F$9 -> 287.25297 | G21: =+F21-E21 -> 46.452966 | H21: =+[5]창원!$E$15 -> 345.4 | I21: =+[5]창원!$F$15 -> 358.25621 | J21: =+I21-H21 -> 12.856205 | K21: =+([5]창원!$E$10*0.4+[5]창원!$E$11+[5]창원!$E$12+[5]창원!$E$13+[5]창원!$E$14)/[5]창원!$E$15 -> 0.30283729 | L21: =+([5]창원!$F$10*0.4+[5]창원!$F$11+[5]창원!$F$12+[5]창원!$F$13+[5]창원!$F$14)/[5]창원!$F$15 -> 0.19819123 | M21: =+L21-K21 -> -0.10464606 | N21: =+[5]창원!$E$16 -> 835.9 | O21: =+[5]창원!$F$16 -> 905.13169 | P21: =+O21-N21 -> 69.23169 | Q21: =+[5]창원!$E$17 -> 880.2 | R21: =+[5]창원!$F$17 -> 805.70698 | S21: =+R21-Q21 -> -74.493018 | T21: =+[5]창원!$E$19 -> 3.1 | U21: =+[5]창원!$F$19 -> 3.1108037 | V21: =+U21-T21 -> 0.010803727
D22: 대구 | E22: =+[5]대구!$E$9 -> 285.6 | F22: =+[5]대구!$F$9 -> 327.88918 | G22: =+F22-E22 -> 42.289177 | H22: =+[5]대구!$E$15 -> 336 | I22: =+[5]대구!$F$15 -> 379.63067 | J22: =+I22-H22 -> 43.630668 | K22: =+([5]대구!$E$10*0.4+[5]대구!$E$11+[5]대구!$E$12+[5]대구!$E$13+[5]대구!$E$14)/[5]대구!$E$15 -> 0.15 | L22: =+([5]대구!$F$10*0.4+[5]대구!$F$11+[5]대구!$F$12+[5]대구!$F$13+[5]대구!$F$14)/[5]대구!$F$15 -> 0.13629429 | M22: =+L22-K22 -> -0.013705712 | N22: =+[5]대구!$E$16 -> 776.34645 | O22: =+[5]대구!$F$16 -> 727.40877 | P22: =+O22-N22 -> -48.937683 | Q22: =+[5]대구!$E$17 -> 948.86789 | R22: =+[5]대구!$F$17 -> 979.51389 | S22: =+R22-Q22 -> 30.646004 | T22: =+[5]대구!$E$19 -> 2.688 | U22: =+[5]대구!$F$19 -> 3.3026351 | V22: =+U22-T22 -> 0.61463515
D23: 울산 | E23: =+[5]울산!$E$9 -> 258.3 | F23: =+[5]울산!$F$9 -> 278.27984 | G23: =+F23-E23 -> 19.979841 | H23: =+[5]울산!$E$15 -> 361.9 | I23: =+[5]울산!$F$15 -> 365.08866 | J23: =+I23-H23 -> 3.1886645 | K23: =+([5]울산!$E$10*0.4+[5]울산!$E$11+[5]울산!$E$12+[5]울산!$E$13+[5]울산!$E$14)/[5]울산!$E$15 -> 0.28626692 | L23: =+([5]울산!$F$10*0.4+[5]울산!$F$11+[5]울산!$F$12+[5]울산!$F$13+[5]울산!$F$14)/[5]울산!$F$15 -> 0.23777463 | M23: =+L23-K23 -> -0.048492292 | N23: =+[5]울산!$E$16 -> 723 | O23: =+[5]울산!$F$16 -> 746.04156 | P23: =+O23-N23 -> 23.041558 | Q23: =+[5]울산!$E$17 -> 955 | R23: =+[5]울산!$F$17 -> 924.52793 | S23: =+R23-Q23 -> -30.472068 | T23: =+[5]울산!$E$19 -> 3.3 | U23: =+[5]울산!$F$19 -> 2.9093871 | V23: =+U23-T23 -> -0.39061293
D24: 아산 | E24: =+[5]아산!$E$9 -> 322.00276 | F24: =+[5]아산!$F$9 -> 332.6734 | G24: =+F24-E24 -> 10.670643 | H24: =+[5]아산!$E$15 -> 365.57517 | I24: =+[5]아산!$F$15 -> 378.25088 | J24: =+I24-H24 -> 12.67571 | K24: =+([5]아산!$E$10*0.4+[5]아산!$E$11+[5]아산!$E$12+[5]아산!$E$13+[5]아산!$E$14)/[5]아산!$E$15 -> 0.11918866 | L24: =+([5]아산!$F$10*0.4+[5]아산!$F$11+[5]아산!$F$12+[5]아산!$F$13+[5]아산!$F$14)/[5]아산!$F$15 -> 0.12049537 | M24: =+L24-K24 -> 0.0013067142 | N24: =+[5]아산!$E$16 -> 855.67862 | O24: =+[5]아산!$F$16 -> 933.55625 | P24: =+O24-N24 -> 77.877634 | Q24: =+[5]아산!$E$17 -> 863.22621 | R24: =+[5]아산!$F$17 -> 767.33198 | S24: =+R24-Q24 -> -95.894227 | T24: =+[5]아산!$E$19 -> 3.0353793 | U24: =+[5]아산!$F$19 -> 3.2133518 | V24: =+U24-T24 -> 0.17797252
D25: 전주 | E25: =+[5]전주!$E$9 -> 291.53 | F25: =+[5]전주!$F$9 -> 287.31198 | G25: =+F25-E25 -> -4.2180159 | H25: =+[5]전주!$E$15 -> 356.72 | I25: =+[5]전주!$F$15 -> 317.31905 | J25: =+I25-H25 -> -39.40095 | K25: =+([5]전주!$E$10*0.4+[5]전주!$E$11+[5]전주!$E$12+[5]전주!$E$13+[5]전주!$E$14)/[5]전주!$E$15 -> 0.18274837 | L25: =+([5]전주!$F$10*0.4+[5]전주!$F$11+[5]전주!$F$12+[5]전주!$F$13+[5]전주!$F$14)/[5]전주!$F$15 -> 0.094564338 | M25: =+L25-K25 -> -0.088184036 | N25: =+[5]전주!$E$16 -> 763.82 | O25: =+[5]전주!$F$16 -> 672.39726 | P25: =+O25-N25 -> -91.42274 | Q25: =+[5]전주!$E$17 -> 980.72 | R25: =+[5]전주!$F$17 -> 1066.7013 | S25: =+R25-Q25 -> 85.981281 | T25: =+[5]전주!$E$19 -> 2.92 | U25: =+[5]전주!$F$19 -> 2.7086611 | V25: =+U25-T25 -> -0.21133893
D26: 군산 | E26: =+[5]군산!$E$9 -> 253.3 | F26: =+[5]군산!$F$9 -> 266.24235 | G26: =+F26-E26 -> 12.94235 | H26: =+[5]군산!$E$15 -> 336.1 | I26: =+[5]군산!$F$15 -> 346.10732 | J26: =+I26-H26 -> 10.007319 | K26: =+([5]군산!$E$10*0.4+[5]군산!$E$11+[5]군산!$E$12+[5]군산!$E$13+[5]군산!$E$14)/[5]군산!$E$15 -> 0.22761083 | L26: =+([5]군산!$F$10*0.4+[5]군산!$F$11+[5]군산!$F$12+[5]군산!$F$13+[5]군산!$F$14)/[5]군산!$F$15 -> 0.21608508 | M26: =+L26-K26 -> -0.011525746 | N26: =+[5]군산!$E$16 -> 785 | O26: =+[5]군산!$F$16 -> 793.45697 | P26: =+O26-N26 -> 8.456968 | Q26: =+[5]군산!$E$17 -> 935 | R26: =+[5]군산!$F$17 -> 901.89773 | S26: =+R26-Q26 -> -33.102269 | T26: =+[5]군산!$E$19 -> 2.84 | U26: =+[5]군산!$F$19 -> 2.4492888 | V26: =+U26-T26 -> -0.3907112
D27: 원주 | E27: =+[5]원주!$E$9 -> 318.6 | F27: =+[5]원주!$F$9 -> 306.19571 | G27: =+F27-E27 -> -12.404293 | H27: =+[5]원주!$E$15 -> 340.8 | I27: =+[5]원주!$F$15 -> 346.74227 | J27: =+I27-H27 -> 5.9422709 | K27: =+([5]원주!$E$10*0.4+[5]원주!$E$11+[5]원주!$E$12+[5]원주!$E$13+[5]원주!$E$14)/[5]원주!$E$15 -> 0.065140845 | L27: =+([5]원주!$F$10*0.4+[5]원주!$F$11+[5]원주!$F$12+[5]원주!$F$13+[5]원주!$F$14)/[5]원주!$F$15 -> 0.11693574 | M27: =+L27-K27 -> 0.051794895 | N27: =+[5]원주!$E$16 -> 818.5 | O27: =+[5]원주!$F$16 -> 817.24648 | P27: =+O27-N27 -> -1.2535159 | Q27: =+[5]원주!$E$17 -> 964.7 | R27: =+[5]원주!$F$17 -> 975.29238 | S27: =+R27-Q27 -> 10.592376 | T27: =+[5]원주!$E$19 -> 2.848 | U27: =+[5]원주!$F$19 -> 2.8373353 | V27: =+U27-T27 -> -0.010664693
D28: 제주 | E28: =+[5]제주!$E$9 -> 345.6 | F28: =+[5]제주!$F$9 -> 340.43438 | G28: =+F28-E28 -> -5.1656168 | H28: =+[5]제주!$E$15 -> 345.6 | I28: =+[5]제주!$F$15 -> 340.43438 | J28: =+I28-H28 -> -5.1656168 | K28: =+([5]제주!$E$10*0.4+[5]제주!$E$11+[5]제주!$E$12+[5]제주!$E$13+[5]제주!$E$14)/[5]제주!$E$15 -> 0 | L28: =+([5]제주!$F$10*0.4+[5]제주!$F$11+[5]제주!$F$12+[5]제주!$F$13+[5]제주!$F$14)/[5]제주!$F$15 -> 0 | M28: =+L28-K28 -> 0 | N28: =+[5]제주!$E$16 -> 692.2 | O28: =+[5]제주!$F$16 -> 596.80882 | P28: =+O28-N28 -> -95.39118 | Q28: =+[5]제주!$E$17 -> 1046.4 | R28: =+[5]제주!$F$17 -> 1034.9761 | S28: =+R28-Q28 -> -11.423923 | T28: =+[5]제주!$E$19 -> 3.02 | U28: =+[5]제주!$F$19 -> 1.6718702 | V28: =+U28-T28 -> -1.3481298

Sheet 건자재
D6: □ 건자재 손익실적(2024-02)
O7: [단위 : 톤, 천원]
D8: 구분 | F8: 2월 | K8: 2월 누계
F9: 계획 | G9: 실적 | H9: 계획대비 | I9: 전년 | J9: 전년대비 | K9: 계획 | L9: 실적 | M9: 계획대비 | N9: 전년 | O9: 전년대비
D10: 판매량 | E10: 철강재 | F10: =+IFERROR(HLOOKUP($F$8,[13]손익!$G$5:$AI$63,2,),) -> 6400 | G10: =+'[7]2월'!$G$8 -> 6645.402 | H10: =+G10-F10 -> 245.402 | I10: =+IFERROR(HLOOKUP($F$8,[8]월별!$E$2:$T$53,2,),) -> 8382.34 | J10: =+G10-I10 -> -1736.938 | K10: =+F10+[4]건자재!K10 -> 13300 | L10: =+G10+[4]건자재!L10 -> 13070.495 | M10: =+L10-K10 -> -229.505 | N10: =+I10+[4]건자재!N10 -> 15329.127 | O10: =+L10-N10 -> -2258.632
D11: 판매단가 | E11: 철강재 | F11: =+F12/F10*1000 -> 978125 | G11: =+G12/G10*1000 -> 886130.89 | H11: =+G11-F11 -> -91994.114 | I11: =+I12/I10*1000 -> 1027487 | J11: =+G11-I11 -> -141356.09 | K11: =+K12/K10*1000 -> 977067.67 | L11: =+L12/L10*1000 -> 903139.27 | M11: =+L11-K11 -> -73928.398 | N11: =+N12/N10*1000 -> 1059853.2 | O11: =+L11-N11 -> -156713.91
D12: 매출액 | E12: 철강재 | F12: =+IFERROR(HLOOKUP($F$8,[13]손익!$G$5:$AI$63,22,),) -> 6260000 | G12: =+'[7]2월'!$G$9 -> 5888696 | H12: =+G12-F12 -> -371304.04 | I12: =+IFERROR(HLOOKUP($F$8,[8]월별!$E$2:$T$53,5,),) -> 8612745.2 | J12: =+G12-I12 -> -2724049.2 | K12: =+F12+[4]건자재!K12 -> 12995000 | L12: =+G12+[4]건자재!L12 -> 11804477 | M12: =+L12-K12 -> -1190522.7 | N12: =+I12+[4]건자재!N12 -> 16246624 | O12: =+L12-N12 -> -4442146.7
E13: 기타 | F13: =+IFERROR(HLOOKUP($F$8,[13]손익!$G$5:$AI$63,23,),) -> 1570197.9 | G13: =+'[7]2월'!$J$9 -> 876962.01 | H13: =+G13-F13 -> -693235.88 | I13: =+IFERROR(HLOOKUP($F$8,[8]월별!$E$2:$T$53,6,),) -> 1176725.8 | J13: =+G13-I13 -> -299763.83 | K13: =+F13+[4]건자재!K13 -> 3283141.1 | L13: =+G13+[4]건자재!L13 -> 2369137.8 | M13: =+L13-K13 -> -914003.23 | N13: =+I13+[4]건자재!N13 -> 2356481.2 | O13: =+L13-N13 -> 12656.575
E14: (소계) | F14: =SUM(F12:F13) -> 7830197.9 | G14: =SUM(G12:G13) -> 6765658 | H14: =+G14-F14 -> -1064539.9 | I14: =SUM(I12:I13) -> 9789471 | J14: =+G14-I14 -> -3023813 | K14: =SUM(K12:K13) -> 16278141 | L14: =SUM(L12:L13) -> 14173615 | M14: =+L14-K14 -> -2104525.9 | N14: =SUM(N12:N13) -> 18603105 | O14: =+L14-N14 -> -4429490.2
D15: 매출원가 | E15: 철강재 | F15: =+IFERROR(HLOOKUP($F$8,[13]손익!$G$5:$AI$63,25,),) -> 6114030 | G15: =+'[7]2월'!$G$11 -> 5728934.7 | H15: =+G15-F15 -> -385095.27 | I15: =+IFERROR(HLOOKUP($F$8,[8]월별!$E$2:$T$53,8,),) -> 8443501.5 | J15: =+G15-I15 -> -2714566.8 | K15: =+F15+[4]건자재!K15 -> 12692610 | L15: =+G15+[4]건자재!L15 -> 11480120 | M15: =+L15-K15 -> -1212489.8 | N15: =+I15+[4]건자재!N15 -> 15928609 | O15: =+L15-N15 -> -4448489
E16: 기타 | F16: =+IFERROR(HLOOKUP($F$8,[13]손익!$G$5:$AI$63,26,),) -> 1515586.4 | G16: =+'[7]2월'!$J$11 -> 863642.57 | H16: =+G16-F16 -> -651943.85 | I16: =+IFERROR(HLOOKUP($F$8,[8]월별!$E$2:$T$53,9,),) -> 1146964.9 | J16: =+G16-I16 -> -283322.31 | K16: =+F16+[4]건자재!K16 -> 3168953.4 | L16: =+G16+[4]건자재!L16 -> 2322982 | M16: =+L16-K16 -> -845971.4 | N16: =+I16+[4]건자재!N16 -> 2305711.8 | O16: =+L16-N16 -> 17270.24
E17: (소계) | F17: =SUM(F15:F16) -> 7629616.4 | G17: =SUM(G15:G16) -> 6592577.3 | H17: =+G17-F17 -> -1037039.1 | I17: =SUM(I15:I16) -> 9590466.4 | J17: =+G17-I17 -> -2997889.1 | K17: =SUM(K15:K16) -> 15861563 | L17: =SUM(L15:L16) -> 13803102 | M17: =+L17-K17 -> -2058461.1 | N17: =SUM(N15:N16) -> 18234321 | O17: =+L17-N17 -> -4431218.8
D18: 매출이익 | E18: 철강재 | F18: =+F12-F15 -> 145970 | G18: =+G12-G15 -> 159761.23 | H18: =+G18-F18 -> 13791.231 | I18: =+I12-I15 -> 169243.61 | J18: =+G18-I18 -> -9482.381 | K18: =+K12-K15 -> 302390 | L18: =+L12-L15 -> 324357.07 | M18: =+L18-K18 -> 21967.073 | N18: =+N12-N15 -> 318014.78 | O18: =+L18-N18 -> 6342.291
E19: % | F19: =+F18/F12 -> 0.023317891 | G19: =+G18/G12 -> 0.027130154 | H19: =+G19-F19 -> 0.0038122631 | I19: =+I18/I12 -> 0.019650368 | J19: =+G19-I19 -> 0.0074797864 | K19: =+K18/K12 -> 0.023269719 | L19: =+L18/L12 -> 0.027477462 | M19: =+L19-K19 -> 0.0042077425 | N19: =+N18/N12 -> 0.019574207 | O19: =+L19-N19 -> 0.0079032547
E20: 기타 | F20: =+F13-F16 -> 54611.483 | G20: =+G13-G16 -> 13319.447 | H20: =+G20-F20 -> -41292.036 | I20: =+I13-I16 -> 29760.969 | J20: =+G20-I20 -> -16441.522 | K20: =+K13-K16 -> 114187.65 | L20: =+L13-L16 -> 46155.812 | M20: =+L20-K20 -> -68031.834 | N20: =+N13-N16 -> 50769.477 | O20: =+L20-N20 -> -4613.665
E21: % | F21: =+F20/F13 -> 0.03478 | G21: =+G20/G13 -> 0.015188169 | H21: =+G21-F21 -> -0.019591831 | I21: =+I20/I13 -> 0.025291336 | J21: =+G21-I21 -> -0.010103168 | K21: =+K20/K13 -> 0.03478 | L21: =+L20/L13 -> 0.019482114 | M21: =+L21-K21 -> -0.015297886 | N21: =+N20/N13 -> 0.021544613 | O21: =+L21-N21 -> -0.0020624997
E22: (소계) | F22: =SUM(F18,F20) -> 200581.48 | G22: =SUM(G18,G20) -> 173080.68 | H22: =+G22-F22 -> -27500.805 | I22: =SUM(I18,I20) -> 199004.58 | J22: =+G22-I22 -> -25923.903 | K22: =+K14-K17 -> 416577.65 | L22: =+L14-L17 -> 370512.88 | M22: =+L22-K22 -> -46064.761 | N22: =+N14-N17 -> 368784.26 | O22: =+L22-N22 -> 1728.626
E23: % | F23: =+F22/F14 -> 0.0256164 | G23: =+G22/G14 -> 0.025582239 | H23: =+G23-F23 -> -3.4161376e-05 | I23: =+I22/I14 -> 0.020328431 | J23: =+G23-I23 -> 0.0052538083 | K23: =+K22/K14 -> 0.02559123 | L23: =+L22/L14 -> 0.026141029 | M23: =+L23-K23 -> 0.0005497994 | N23: =+N22/N14 -> 0.019823801 | O23: =+L23-N23 -> 0.006317228
D24: 판관비 | E24: 노무비 | F24: =+IFERROR(HLOOKUP($F$8,[13]판매4!$G$4:$U$50,7,),) -> 82217.06 | G24: =+'[7]2월'!$M$19 -> 88470.615 | H24: =+G24-F24 -> 6253.555 | I24: =+IFERROR(HLOOKUP($F$8,[8]월별!$E$2:$T$53,17,),) -> 81099.697 | J24: =+G24-I24 -> 7370.918 | K24: =+F24+[4]건자재!K24 -> 164434.12 | L24: =+G24+[4]건자재!L24 -> 176862.93 | M24: =+L24-K24 -> 12428.81 | N24: =+I24+[4]건자재!N24 -> 172345.29 | O24: =+L24-N24 -> 4517.636
E25: 경비 | F25: =+IFERROR(HLOOKUP($F$8,[13]판매4!$G$4:$U$50,31,),)+IFERROR(HLOOKUP($F$8,[13]판매4!$G$4:$U$50,34,),) -> 47183.23 | G25: =+'[7]2월'!$M$37+'[7]2월'!$M$40 -> 42765.384 | H25: =+G25-F25 -> -4417.846 | I25: =+IFERROR(HLOOKUP($F$8,[8]월별!$E$2:$T$53,35,),)+IFERROR(HLOOKUP($F$8,[8]월별!$E$2:$T$53,38,),) -> 40677.641 | J25: =+G25-I25 -> 2087.743 | K25: =+F25+[4]건자재!K25 -> 86211.85 | L25: =+G25+[4]건자재!L25 -> 76538.065 | M25: =+L25-K25 -> -9673.785 | N25: =+I25+[4]건자재!N25 -> 44812.788 | O25: =+L25-N25 -> 31725.277
E26: (소계) | F26: =SUM(F24:F25) -> 129400.29 | G26: =SUM(G24:G25) -> 131236 | H26: =+G26-F26 -> 1835.709 | I26: =SUM(I24:I25) -> 121777.34 | J26: =+G26-I26 -> 9458.661 | K26: =SUM(K24:K25) -> 250645.97 | L26: =SUM(L24:L25) -> 253400.99 | M26: =+L26-K26 -> 2755.025 | N26: =SUM(N24:N25) -> 217158.08 | O26: =+L26-N26 -> 36242.913
D27: 영업이익 | F27: =+F22-F26 -> 71181.193 | G27: =+G22-G26 -> 41844.679 | H27: =+G27-F27 -> -29336.514 | I27: =+I22-I26 -> 77227.243 | J27: =+G27-I27 -> -35382.564 | K27: =+K22-K26 -> 165931.68 | L27: =+L22-L26 -> 117111.89 | M27: =+L27-K27 -> -48819.786 | N27: =+N22-N26 -> 151626.18 | O27: =+L27-N27 -> -34514.287
E28: % | F28: =+F27/F14 -> 0.0090905995 | G28: =+G27/G14 -> 0.0061848647 | H28: =+G28-F28 -> -0.0029057348 | I28: =+I27/I14 -> 0.0078888066 | J28: =+G28-I28 -> -0.0017039419 | K28: =+K27/K14 -> 0.010193527 | L28: =+L27/L14 -> 0.008262669 | M28: =+L28-K28 -> -0.0019308584 | N28: =+N27/N14 -> 0.0081505842 | O28: =+L28-N28 -> 0.00011208472
D29: 철강재 단가 및 마진률
R34: * 공통비
F36: =+IFERROR(HLOOKUP($F$8,[13]손익!$G$5:$AJ$65,17,),) -> 71181.193 | G36: =+'[7]2월'!$M$41 -> 41844.679 | I36: =+IFERROR(HLOOKUP($F$8,[8]월별!$E$2:$T$53,39,),) -> 77227.243 | K36: =+F36+[4]건자재!K36 -> 165931.68 | L36: =+G36+[4]건자재!L36 -> 117111.89 | N36: =+I36+[4]건자재!N36 -> 151626.18 | S36: 1월 | T36: 2월 | U36: 3월 | V36: 4월 | W36: 5월 | X36: 6월 | Y36: 7월 | Z36: 8월 | AA36: 9월 | AB36: 10월 | AC36: 11월 | AD36: 12월 | AE36: 1월 | AF36: 2월
F37: =+F27=F36 -> TRUE | G37: =+G27=G36 -> TRUE | I37: =+I27=I36 -> TRUE | K37: =+K27=K36 -> FALSE | L37: =+L27=L36 -> TRUE | N37: =+N27=N36 -> TRUE | R37: 구분 | S37: 1월 | T37: 2월 | U37: 3월 | V37: 4월 | W37: 5월 | X37: 6월 | Y37: 7월 | Z37: =+Z36 -> 8월 | AA37: =+AA36 -> 9월 | AB37: =+AB36 -> 10월 | AC37: =+AC36 -> 11월 | AD37: =+AD36 -> 12월 | AE37: =+AE36 -> 1월 | AF37: =+AF36 -> 2월
K38: =+K27-K36 -> -9.0221874e-10 | L38: =+L27-L36 -> 0 | N38: =+N27-N36 -> 0 | R38: 판매단가 | S38: =+IFERROR(HLOOKUP(S$36,[8]월별!$E$2:$S$67,42,),) -> 1098907.9 | T38: =+IFERROR(HLOOKUP(T$36,[8]월별!$E$2:$S$67,42,),) -> 1027487 | U38: =+IFERROR(HLOOKUP(U$36,[8]월별!$E$2:$S$67,42,),) -> 1030973.4 | V38: =+IFERROR(HLOOKUP(V$36,[8]월별!$E$2:$S$67,42,),) -> 1048311.1 | W38: =+IFERROR(HLOOKUP(W$36,[8]월별!$E$2:$S$67,42,),) -> 1064717.6 | X38: =+IFERROR(HLOOKUP(X$36,[8]월별!$E$2:$S$67,42,),) -> 1043902.1 | Y38: =+IFERROR(HLOOKUP(Y$36,[8]월별!$E$2:$S$67,42,),) -> 1025254.3 | Z38: =+IFERROR(HLOOKUP(Z$36,[8]월별!$E$2:$S$67,42,),) -> 957693.64 | ... AD38: =+IFERROR(HLOOKUP(AD$36,[8]월별!$E$2:$S$67,42,),) -> 951341.43 | AE38: =+IFERROR(HLOOKUP(AE$36,[7]월별!$E$2:$S$67,42,),) -> 920730.85 | AF38: =+IFERROR(HLOOKUP(AF$36,[7]월별!$E$2:$S$67,42,),) -> 886130.89
R39: 마진률 | S39: =+IFERROR(HLOOKUP(S$36,[8]월별!$E$2:$S$67,43,),) -> 0.0192633 | T39: =+IFERROR(HLOOKUP(T$36,[8]월별!$E$2:$S$67,43,),) -> 0.020328431 | U39: =+IFERROR(HLOOKUP(U$36,[8]월별!$E$2:$S$67,43,),) -> 0.018159702 | V39: =+IFERROR(HLOOKUP(V$36,[8]월별!$E$2:$S$67,43,),) -> 0.02078312 | W39: =+IFERROR(HLOOKUP(W$36,[8]월별!$E$2:$S$67,43,),) -> 0.018530156 | X39: =+IFERROR(HLOOKUP(X$36,[8]월별!$E$2:$S$67,43,),) -> 0.023380889 | Y39: =+IFERROR(HLOOKUP(Y$36,[8]월별!$E$2:$S$67,43,),) -> 0.024066421 | Z39: =+IFERROR(HLOOKUP(Z$36,[8]월별!$E$2:$S$67,43,),) -> 0.027515512 | ... AF39: =+IFERROR(HLOOKUP(AF$36,[8]월별!$E$2:$S$67,43,),) -> 0.020328431

Sheet 골재사업소(당월)
A1: 2월
D4: □ 2024년 골재사업소 손익(2024-02)
AD5: [단위 : ㎥, 천원]
D6: 계획 | E6: 구분 | G6: 서부산 쇄석 | J6: 서부산 쇄사 | M6: 서부산 소계 | P6: 부산크라샤 쇄석 | S6: 부산크라샤 쇄사 | V6: 부산크라샤 소계 | Y6: 부산 모래 | AB6: 골재사업소 계
G7: 계획 | H7: 실적 | I7: 차이 | J7: 계획 | K7: 실적 | L7: 차이 | M7: 계획 | N7: 실적 | O7: 차이 | P7: 계획 | Q7: 실적 | R7: 차이 | S7: 계획 | T7: 실적 | U7: 차이 | V7: 계획 | W7: 실적 | X7: 차이 | Y7: 계획 | Z7: 실적 | AA7: 차이 | AB7: 계획 | AC7: 실적 | AD7: 차이
E8: 판매량 | F8: 자가이송 | G8: =+IFERROR(HLOOKUP($A$1,[14]손익요약!$G$5:$AL$106,3,),) -> 10301.8 | H8: =+'[9]서부산크라샤(당월)'!$F$66 -> 11878 | I8: =H8-G8 -> 1576.2 | J8: =+IFERROR(HLOOKUP($A$1,[14]손익요약!$G$5:$AL$106,6,),) -> 836 | K8: =+'[9]서부산크라샤(당월)'!$I$66 -> 384 | L8: =K8-J8 -> -452 | M8: =+G8+J8 -> 11137.8 | N8: =+H8+K8 -> 12262 | O8: =N8-M8 -> 1124.2 | P8: =+IFERROR(HLOOKUP($A$1,[15]손익요약!$G$5:$AL$106,3,),) -> 8773.1544 | Q8: =+'[9]부산크라샤(당월)'!$F$66 -> 8447 | R8: =Q8-P8 -> -326.15443 | S8: =+IFERROR(HLOOKUP($A$1,[15]손익요약!$G$5:$AL$106,6,),) -> 7883.229 | T8: =+'[9]부산크라샤(당월)'!$I$66 -> 9252 | U8: =T8-S8 -> 1368.771 | V8: =+P8+S8 -> 16656.383 | W8: =+Q8+T8 -> 17699 | X8: =W8-V8 -> 1042.6166 | Y8: =+IFERROR(HLOOKUP($A$1,[16]손익계획!$G$5:$AX$449,3,),) -> 11567.898 | Z8: =+'[9]부산모래장(당월)'!$R$48 -> 11761 | AA8: =Z8-Y8 -> 193.1022 | AB8: =+M8+V8+Y8 -> 39362.081 | AC8: =+N8+W8+Z8 -> 41722 | AD8: =AC8-AB8 -> 2359.9188
F9: % | G9: =+G8/G$12 -> 1 | H9: =+H8/H$12 -> 0.56870631 | I9: =+H9-G9 -> -0.43129369 | J9: =+J8/J$12 -> 1 | K9: =+K8/K$12 -> 0.17777778 | L9: =+K9-J9 -> -0.82222222 | M9: =+M8/M$12 -> 1 | N9: =+N8/N$12 -> 0.5320663 | O9: =+N9-M9 -> -0.4679337 | P9: =+P8/P$12 -> 0.5938579 | Q9: =+Q8/Q$12 -> 0.68926969 | R9: =+Q9-P9 -> 0.095411788 | S9: =+S8/S$12 -> 0.3444981 | T9: =+T8/T$12 -> 0.81529785 | U9: =+T9-S9 -> 0.47079975 | V9: =+V8/V$12 -> 0.44232563 | W9: =+W8/W$12 -> 0.74986231 | X9: =+W9-V9 -> 0.30753668 | Y9: =+Y8/Y$12 -> 0.64024592 | Z9: =+Z8/Z$12 -> 0.6315309 | AA9: =+Z9-Y9 -> -0.0087150146 | AB9: =+AB8/AB$12 -> 0.58870559 | AC9: =+AC8/AC$12 -> 0.63920211 | AD9: =+AC9-AB9 -> 0.050496515
F10: 외부판매 | G10: =+IFERROR(HLOOKUP($A$1,[14]손익요약!$G$5:$AL$106,2,),) -> 0 | H10: =+'[9]서부산크라샤(당월)'!$F$59 -> 9008 | I10: =H10-G10 -> 9008 | J10: =+IFERROR(HLOOKUP($A$1,[14]손익요약!$G$5:$AL$106,5,),) -> 0 | K10: =+'[9]서부산크라샤(당월)'!$I$59 -> 1776 | L10: =K10-J10 -> 1776 | M10: =+G10+J10 -> 0 | N10: =+H10+K10 -> 10784 | O10: =N10-M10 -> 10784 | P10: =+IFERROR(HLOOKUP($A$1,[15]손익요약!$G$5:$AL$106,2,),) -> 6000 | Q10: =+'[9]부산크라샤(당월)'!$F$59 -> 3808 | R10: =Q10-P10 -> -2192 | S10: =+IFERROR(HLOOKUP($A$1,[15]손익요약!$G$5:$AL$106,5,),) -> 15000 | T10: =+'[9]부산크라샤(당월)'!$I$59 -> 2096 | U10: =T10-S10 -> -12904 | V10: =+P10+S10 -> 21000 | W10: =+Q10+T10 -> 5904 | X10: =W10-V10 -> -15096 | Y10: =+IFERROR(HLOOKUP($A$1,[16]손익계획!$G$5:$AX$449,2,),) -> 6500 | Z10: =+'[9]부산모래장(당월)'!$R$47 -> 6862 | AA10: =Z10-Y10 -> 362 | AB10: =+M10+V10+Y10 -> 27500 | AC10: =+N10+W10+Z10 -> 23550 | AD10: =AC10-AB10 -> -3950
F11: % | G11: =+G10/G$12 -> 0 | H11: =+H10/H$12 -> 0.43129369 | I11: =+H11-G11 -> 0.43129369 | J11: =+J10/J$12 -> 0 | K11: =+K10/K$12 -> 0.82222222 | L11: =+K11-J11 -> 0.82222222 | M11: =+M10/M$12 -> 0 | N11: =+N10/N$12 -> 0.4679337 | O11: =+N11-M11 -> 0.4679337 | P11: =+P10/P$12 -> 0.4061421 | Q11: =+Q10/Q$12 -> 0.31073031 | R11: =+Q11-P11 -> -0.095411788 | S11: =+S10/S$12 -> 0.6555019 | T11: =+T10/T$12 -> 0.18470215 | U11: =+T11-S11 -> -0.47079975 | V11: =+V10/V$12 -> 0.55767437 | W11: =+W10/W$12 -> 0.25013769 | X11: =+W11-V11 -> -0.30753668 | Y11: =+Y10/Y$12 -> 0.35975408 | Z11: =+Z10/Z$12 -> 0.3684691 | AA11: =+Z11-Y11 -> 0.0087150146 | AB11: =+AB10/AB$12 -> 0.41129441 | AC11: =+AC10/AC$12 -> 0.36079789 | AD11: =+AC11-AB11 -> -0.050496515
F12: (소계) | G12: =G8+G10 -> 10301.8 | H12: =H8+H10 -> 20886 | I12: =H12-G12 -> 10584.2 | J12: =J8+J10 -> 836 | K12: =K8+K10 -> 2160 | L12: =K12-J12 -> 1324 | M12: =M8+M10 -> 11137.8 | N12: =N8+N10 -> 23046 | O12: =N12-M12 -> 11908.2 | P12: =P8+P10 -> 14773.154 | Q12: =Q8+Q10 -> 12255 | R12: =Q12-P12 -> -2518.1544 | S12: =S8+S10 -> 22883.229 | T12: =T8+T10 -> 11348 | U12: =T12-S12 -> -11535.229 | V12: =V8+V10 -> 37656.383 | W12: =W8+W10 -> 23603 | X12: =W12-V12 -> -14053.383 | Y12: =Y8+Y10 -> 18067.898 | Z12: =Z8+Z10 -> 18623 | AA12: =Z12-Y12 -> 555.1022 | AB12: =AB8+AB10 -> 66862.081 | AC12: =AC8+AC10 -> 65272 | AD12: =AC12-AB12 -> -1590.0812 | AF12: =+'사업장별(당월)'!J32*1000 -> 66862.081 | AG12: =+'사업장별(당월)'!K32*1000 -> 65272
E13: 매출액 | F13: 자가이송 | G13: =+IFERROR(HLOOKUP($A$1,[14]손익요약!$G$5:$AL$106,15,),) -> 164828.8 | H13: =+'[9]서부산크라샤(당월)'!$F$72 -> 193286 | I13: =H13-G13 -> 28457.2 | J13: =+IFERROR(HLOOKUP($A$1,[14]손익요약!$G$5:$AL$106,18,),) -> 8778 | K13: =+'[9]서부산크라샤(당월)'!$I$72 -> 3456 | L13: =K13-J13 -> -5322 | M13: =+G13+J13 -> 173606.8 | N13: =+H13+K13 -> 196742 | O13: =N13-M13 -> 23135.2 | P13: =+IFERROR(HLOOKUP($A$1,[15]손익요약!$G$5:$AL$106,12,),) -> 140370.47 | Q13: =+'[9]부산크라샤(당월)'!$F$72 -> 147822.5 | R13: =Q13-P13 -> 7452.0291 | S13: =+IFERROR(HLOOKUP($A$1,[15]손익요약!$G$5:$AL$106,15,),) -> 174106.43 | T13: =+'[9]부산크라샤(당월)'!$I$72 -> 205646 | U13: =T13-S13 -> 31539.574 | V13: =+P13+S13 -> 314476.9 | W13: =+Q13+T13 -> 353468.5 | X13: =W13-V13 -> 38991.603 | Y13: =+IFERROR(HLOOKUP($A$1,[16]손익계획!$G$5:$AX$449,6,),) -> 352682.64 | Z13: =+'[9]부산모래장(당월)'!$R$54 -> 341512 | AA13: =Z13-Y13 -> -11170.642 | AB13: =+M13+V13+Y13 -> 840766.34 | AC13: =+N13+W13+Z13 -> 891722.5 | AD13: =AC13-AB13 -> 50956.161 | AF13: =+AF12=AB12 -> TRUE | AG13: =+AG12=AC12 -> TRUE
F14: 단가 | G14: =+G13/G8*1000 -> 16000 | H14: =+H13/H8*1000 -> 16272.605 | I14: =H14-G14 -> 272.60482 | J14: =+J13/J8*1000 -> 10500 | K14: =+K13/K8*1000 -> 9000 | L14: =K14-J14 -> -1500 | M14: =+M13/M8*1000 -> 15587.172 | N14: =+N13/N8*1000 -> 16044.854 | O14: =N14-M14 -> 457.68241 | P14: =+P13/P8*1000 -> 16000 | Q14: =+Q13/Q8*1000 -> 17500 | R14: =Q14-P14 -> 1500 | S14: =+S13/S8*1000 -> 22085.674 | T14: =+T13/T8*1000 -> 22227.194 | U14: =T14-S14 -> 141.51997 | V14: =+V13/V8*1000 -> 18880.263 | W14: =+W13/W8*1000 -> 19971.1 | X14: =W14-V14 -> 1090.8372 | Y14: =+Y13/Y8*1000 -> 30488.05 | Z14: =+Z13/Z8*1000 -> 29037.667 | AA14: =Z14-Y14 -> -1450.3828 | AB14: =+AB13/AB8*1000 -> 21359.804 | AC14: =+AC13/AC8*1000 -> 21372.957 | AD14: =AC14-AB14 -> 13.152709
F15: 외부판매 | G15: =+IFERROR(HLOOKUP($A$1,[14]손익요약!$G$5:$AL$106,14,),) -> 0 | H15: =+'[9]서부산크라샤(당월)'!$F$71 -> 107752 | I15: =H15-G15 -> 107752 | J15: =+IFERROR(HLOOKUP($A$1,[14]손익요약!$G$5:$AL$106,17,),) -> 0 | K15: =+'[9]서부산크라샤(당월)'!$I$71 -> 14224 | L15: =K15-J15 -> 14224 | M15: =+G15+J15 -> 0 | N15: =+H15+K15 -> 121976 | O15: =N15-M15 -> 121976 | P15: =+IFERROR(HLOOKUP($A$1,[15]손익요약!$G$5:$AL$106,11,),) -> 72000 | Q15: =+'[9]부산크라샤(당월)'!$F$71 -> 49504 | R15: =Q15-P15 -> -22496 | S15: =+IFERROR(HLOOKUP($A$1,[15]손익요약!$G$5:$AL$106,14,),) -> 285000 | T15: =+'[9]부산크라샤(당월)'!$I$71 -> 39824 | U15: =T15-S15 -> -245176 | V15: =+P15+S15 -> 357000 | W15: =+Q15+T15 -> 89328 | X15: =W15-V15 -> -267672 | Y15: =+IFERROR(HLOOKUP($A$1,[16]손익계획!$G$5:$AX$449,5,),) -> 204750 | Z15: =+'[9]부산모래장(당월)'!$R$53 -> 194060 | AA15: =Z15-Y15 -> -10690 | AB15: =+M15+V15+Y15 -> 561750 | AC15: =+N15+W15+Z15 -> 405364 | AD15: =AC15-AB15 -> -156386
F16: 단가 | G16: =IFERROR(G15/G10,)*1000 -> 0 | H16: =IFERROR(H15/H10,)*1000 -> 11961.812 | I16: =H16-G16 -> 11961.812 | J16: =IFERROR(J15/J10,)*1000 -> 0 | K16: =IFERROR(K15/K10,)*1000 -> 8009.009 | L16: =K16-J16 -> 8009.009 | M16: =IFERROR(M15/M10,)*1000 -> 0 | N16: =IFERROR(N15/N10,)*1000 -> 11310.831 | O16: =N16-M16 -> 11310.831 | P16: =IFERROR(P15/P10,)*1000 -> 12000 | Q16: =IFERROR(Q15/Q10,)*1000 -> 13000 | R16: =Q16-P16 -> 1000 | S16: =IFERROR(S15/S10,)*1000 -> 19000 | T16: =IFERROR(T15/T10,)*1000 -> 19000 | U16: =T16-S16 -> 0 | V16: =IFERROR(V15/V10,)*1000 -> 17000 | W16: =IFERROR(W15/W10,)*1000 -> 15130.081 | X16: =W16-V16 -> -1869.9187 | Y16: =IFERROR(Y15/Y10,)*1000 -> 31500 | Z16: =IFERROR(Z15/Z10,)*1000 -> 28280.385 | AA16: =Z16-Y16 -> -3219.6153 | AB16: =IFERROR(AB15/AB10,)*1000 -> 20427.273 | AC16: =IFERROR(AC15/AC10,)*1000 -> 17212.909 | AD16: =AC16-AB16 -> -3214.364
F17: (소계) | G17: =G13+G15 -> 164828.8 | H17: =H13+H15 -> 301038 | I17: =H17-G17 -> 136209.2 | J17: =J13+J15 -> 8778 | K17: =K13+K15 -> 17680 | L17: =K17-J17 -> 8902 | M17: =M13+M15 -> 173606.8 | N17: =N13+N15 -> 318718 | O17: =N17-M17 -> 145111.2 | P17: =P13+P15 -> 212370.47 | Q17: =Q13+Q15 -> 197326.5 | R17: =Q17-P17 -> -15043.971 | S17: =S13+S15 -> 459106.43 | T17: =T13+T15 -> 245470 | U17: =T17-S17 -> -213636.43 | V17: =V13+V15 -> 671476.9 | W17: =W13+W15 -> 442796.5 | X17: =W17-V17 -> -228680.4 | Y17: =Y13+Y15 -> 557432.64 | Z17: =Z13+Z15 -> 535572 | AA17: =Z17-Y17 -> -21860.642 | AB17: =AB13+AB15 -> 1402516.3 | AC17: =AC13+AC15 -> 1297086.5 | AD17: =AC17-AB17 -> -105429.84 | AF17: =+'사업장별(당월)'!O32*1000 -> 1402516.3 | AG17: =+'사업장별(당월)'!P32*1000 -> 1297086.5
E18: 영업이익 | F18: 자가이송 | G18: =+IFERROR(HLOOKUP($A$1,[14]손익요약!$G$5:$AL$106,80,),) -> 76440.425 | H18: =+'[9]서부산크라샤(당월)'!$F$87 -> 38957.507 | I18: =H18-G18 -> -37482.918 | J18: =+IFERROR(HLOOKUP($A$1,[14]손익요약!$G$5:$AL$106,83,),) -> 1729.5438 | K18: =+'[9]서부산크라샤(당월)'!$I$87 -> 1405.2908 | L18: =K18-J18 -> -324.25303 | M18: =+G18+J18 -> 78169.969 | N18: =+H18+K18 -> 40362.798 | O18: =N18-M18 -> -37807.171 | P18: =+IFERROR(HLOOKUP($A$1,[15]손익요약!$G$5:$U$95,57,),) -> -16012.104 | Q18: =+'[9]부산크라샤(당월)'!$F$87 -> -7760.6307 | R18: =Q18-P18 -> 8251.4728 | S18: =+IFERROR(HLOOKUP($A$1,[15]손익요약!$G$5:$AL$106,60,),) -> 32289.572 | T18: =+'[9]부산크라샤(당월)'!$I$87 -> 34690.023 | U18: =T18-S18 -> 2400.4513 | V18: =+P18+S18 -> 16277.468 | W18: =+Q18+T18 -> 26929.393 | X18: =W18-V18 -> 10651.924 | Y18: =+IFERROR(HLOOKUP($A$1,[16]손익계획!$G$5:$AX$449,25,),) -> 20500.843 | Z18: =+'[9]부산모래장(당월)'!$R$82 -> 36816.125 | AA18: =Z18-Y18 -> 16315.282 | AB18: =+M18+V18+Y18 -> 114948.28 | AC18: =+N18+W18+Z18 -> 104108.32 | AD18: =AC18-AB18 -> -10839.965 | AF18: =+AF17=AB17 -> TRUE | AG18: =+AG17=AC17 -> TRUE
F19: 외부판매 | G19: =+IFERROR(HLOOKUP($A$1,[14]손익요약!$G$5:$AL$106,79,),) -> 0 | H19: =+'[9]서부산크라샤(당월)'!$F$86 -> -7913.8822 | I19: =H19-G19 -> -7913.8822 | J19: =+IFERROR(HLOOKUP($A$1,[14]손익요약!$G$5:$AL$106,82,),) -> 0 | K19: =+'[9]서부산크라샤(당월)'!$I$86 -> 4801.707 | L19: =K19-J19 -> 4801.707 | M19: =+G19+J19 -> 0 | N19: =+H19+K19 -> -3112.1753 | O19: =N19-M19 -> -3112.1753 | P19: =+IFERROR(HLOOKUP($A$1,[15]손익요약!$G$5:$AL$106,56,),) -> -34301.753 | Q19: =+'[9]부산크라샤(당월)'!$F$86 -> -20028.568 | R19: =Q19-P19 -> 14273.185 | S19: =+IFERROR(HLOOKUP($A$1,[15]손익요약!$G$5:$AL$106,59,),) -> 16406.255 | T19: =+'[9]부산크라샤(당월)'!$I$86 -> 1333.9054 | U19: =T19-S19 -> -15072.349 | V19: =+P19+S19 -> -17895.498 | W19: =+Q19+T19 -> -18694.662 | X19: =W19-V19 -> -799.16441 | Y19: =+IFERROR(HLOOKUP($A$1,[16]손익계획!$G$5:$AX$449,24,),) -> 13627.708 | Z19: =+'[9]부산모래장(당월)'!$I$81-'[9]부산모래장(당월)'!$R$82 -> -3122.1125 | AA19: =Z19-Y19 -> -16749.821 | AB19: =+M19+V19+Y19 -> -4267.7895 | AC19: =+N19+W19+Z19 -> -24928.95 | AD19: =AC19-AB19 -> -20661.161
F20: (소계) | G20: =G18+G19 -> 76440.425 | H20: =H18+H19 -> 31043.625 | I20: =H20-G20 -> -45396.8 | J20: =J18+J19 -> 1729.5438 | K20: =K18+K19 -> 6206.9978 | L20: =K20-J20 -> 4477.4539 | M20: =M18+M19 -> 78169.969 | N20: =N18+N19 -> 37250.623 | O20: =N20-M20 -> -40919.346 | P20: =P18+P19 -> -50313.856 | Q20: =Q18+Q19 -> -27789.198 | R20: =Q20-P20 -> 22524.658 | S20: =S18+S19 -> 48695.827 | T20: =T18+T19 -> 36023.929 | U20: =T20-S20 -> -12671.898 | V20: =V18+V19 -> -1618.0294 | W20: =W18+W19 -> 8234.7302 | X20: =W20-V20 -> 9852.7597 | Y20: =Y18+Y19 -> 34128.552 | Z20: =Z18+Z19 -> 33694.013 | AA20: =Z20-Y20 -> -434.53928 | AB20: =AB18+AB19 -> 110680.49 | AC20: =AC18+AC19 -> 79179.365 | AD20: =AC20-AB20 -> -31501.126 | AF20: =+'사업장별(당월)'!T32*1000 -> 110680.49 | AG20: ='사업장별(당월)'!U32*1000 -> 79179.365
E21: 자가이송 | F21: 부산 | G21: =+IFERROR(HLOOKUP($A$1,[14]손익!$G$5:$AB$252,3,),) -> 0 | H21: =+'[9]서부산크라샤(당월)'!$F$60 -> 864 | I21: =H21-G21 -> 864 | J21: =+IFERROR(HLOOKUP($A$1,[14]손익!$G$5:$AB$252,12,),) -> 0 | K21: =+'[9]서부산크라샤(당월)'!$I$60 -> 0 | L21: =K21-J21 -> 0 | M21: =+G21+J21 -> 0 | N21: =+H21+K21 -> 864 | O21: =N21-M21 -> 864 | P21: =+IFERROR(HLOOKUP($A$1,[15]손익!$G$5:$AB$252,3,),) -> 8773.1544 | Q21: =+'[9]부산크라샤(당월)'!$F$60 -> 8447 | R21: =Q21-P21 -> -326.15443 | S21: =+IFERROR(HLOOKUP($A$1,[15]손익!$G$5:$AB$252,12,),) -> 6081.269 | T21: =+'[9]부산크라샤(당월)'!$I$60 -> 5924 | U21: =T21-S21 -> -157.26896 | V21: =+P21+S21 -> 14854.423 | W21: =+Q21+T21 -> 14371 | X21: =W21-V21 -> -483.42339 | Y21: =+IFERROR(HLOOKUP($A$1,[16]이송계획!$G$193:$U$216,16,),) -> 3418.5272 | Z21: =+'[9]부산모래장(당월)'!$R$64 -> 3633 | AA21: =Z21-Y21 -> 214.47283 | AB21: =+M21+V21+Y21 -> 18272.951 | AC21: =+N21+W21+Z21 -> 18868 | AD21: =AC21-AB21 -> 595.04944 | AF21: =+AF20=AB20 -> TRUE | AG21: =+AG20=AC20 -> FALSE
E22: 물량 | F22: 서부산 | G22: =+IFERROR(HLOOKUP($A$1,[14]손익!$G$5:$AB$252,4,),) -> 10301.8 | H22: =+'[9]서부산크라샤(당월)'!$F$61 -> 10150 | I22: =H22-G22 -> -151.8 | J22: =+IFERROR(HLOOKUP($A$1,[14]손익!$G$5:$AB$252,13,),) -> 836 | K22: =+'[9]서부산크라샤(당월)'!$I$61 -> 0 | L22: =K22-J22 -> -836 | M22: =+G22+J22 -> 11137.8 | N22: =+H22+K22 -> 10150 | O22: =N22-M22 -> -987.8 | P22: =+IFERROR(HLOOKUP($A$1,[15]손익!$G$5:$AB$252,4,),) -> 0 | Q22: =+'[9]부산크라샤(당월)'!$F$61 -> 0 | R22: =Q22-P22 -> 0 | S22: =+IFERROR(HLOOKUP($A$1,[15]손익!$G$5:$AB$252,13,),) -> 1801.96 | T22: =+'[9]부산크라샤(당월)'!$I$61 -> 3200 | U22: =T22-S22 -> 1398.04 | V22: =+P22+S22 -> 1801.96 | W22: =+Q22+T22 -> 3200 | X22: =W22-V22 -> 1398.04 | Y22: =+IFERROR(HLOOKUP($A$1,[16]이송계획!$G$193:$U$216,17,),) -> 2466.014 | Z22: =+'[9]부산모래장(당월)'!$R$65 -> 3472 | AA22: =Z22-Y22 -> 1005.986 | AB22: =+M22+V22+Y22 -> 15405.774 | AC22: =+N22+W22+Z22 -> 16822 | AD22: =AC22-AB22 -> 1416.226 | AF22: =+AB20-AF20 -> 0 | AG22: =+AC20-AG20 -> 9.9999888e-06
F23: 김해 | G23: =+IFERROR(HLOOKUP($A$1,[14]손익!$G$5:$AB$252,5,),) -> 0 | H23: =+'[9]서부산크라샤(당월)'!$F$62 -> 864 | I23: =H23-G23 -> 864 | J23: =+IFERROR(HLOOKUP($A$1,[14]손익!$G$5:$AB$252,14,),) -> 0 | K23: =+'[9]서부산크라샤(당월)'!$I$62 -> 0 | L23: =K23-J23 -> 0 | M23: =+G23+J23 -> 0 | N23: =+H23+K23 -> 864 | O23: =N23-M23 -> 864 | P23: =+IFERROR(HLOOKUP($A$1,[15]손익!$G$5:$AB$252,5,),) -> 0 | Q23: =+'[9]부산크라샤(당월)'!$F$62 -> 0 | R23: =Q23-P23 -> 0 | S23: =+IFERROR(HLOOKUP($A$1,[15]손익!$G$5:$AB$252,14,),) -> 0 | T23: =+'[9]부산크라샤(당월)'!$I$62 -> 0 | U23: =T23-S23 -> 0 | V23: =+P23+S23 -> 0 | W23: =+Q23+T23 -> 0 | X23: =W23-V23 -> 0 | Y23: =+IFERROR(HLOOKUP($A$1,[16]이송계획!$G$193:$U$216,18,),) -> 1461.5385 | Z23: =+'[9]부산모래장(당월)'!$V$64 -> 0 | AA23: =Z23-Y23 -> -1461.5385 | AB23: =+M23+V23+Y23 -> 1461.5385 | AC23: =+N23+W23+Z23 -> 864 | AD23: =AC23-AB23 -> -597.53846
F24: 정관 | G24: =+IFERROR(HLOOKUP($A$1,[14]손익!$G$5:$AB$252,6,),) -> 0 | H24: =+'[9]서부산크라샤(당월)'!$F$63 -> 0 | I24: =H24-G24 -> 0 | J24: =+IFERROR(HLOOKUP($A$1,[14]손익!$G$5:$AB$252,15,),) -> 0 | K24: =+'[9]서부산크라샤(당월)'!$I$63 -> 0 | L24: =K24-J24 -> 0 | M24: =+G24+J24 -> 0 | N24: =+H24+K24 -> 0 | O24: =N24-M24 -> 0 | P24: =+IFERROR(HLOOKUP($A$1,[15]손익!$G$5:$AB$252,6,),) -> 0 | Q24: =+'[9]부산크라샤(당월)'!$F$63 -> 0 | R24: =Q24-P24 -> 0 | S24: =+IFERROR(HLOOKUP($A$1,[15]손익!$G$5:$AB$252,15,),) -> 0 | T24: =+'[9]부산크라샤(당월)'!$I$63 -> 128 | U24: =T24-S24 -> 128 | V24: =+P24+S24 -> 0 | W24: =+Q24+T24 -> 128 | X24: =W24-V24 -> 128 | Y24: =+IFERROR(HLOOKUP($A$1,[16]이송계획!$G$193:$U$216,19,),) -> 3705.7343 | Z24: =+'[9]부산모래장(당월)'!$V$65 -> 0 | AA24: =Z24-Y24 -> -3705.7343 | AB24: =+M24+V24+Y24 -> 3705.7343 | AC24: =+N24+W24+Z24 -> 128 | AD24: =AC24-AB24 -> -3577.7343
F25: 양산 | G25: =+IFERROR(HLOOKUP($A$1,[14]손익!$G$5:$AB$252,7,),) -> 0 | H25: =+'[9]서부산크라샤(당월)'!$F$64 -> 0 | I25: =H25-G25 -> 0 | J25: =+IFERROR(HLOOKUP($A$1,[14]손익!$G$5:$AB$252,16,),) -> 0 | K25: =+'[9]서부산크라샤(당월)'!$I$64 -> 384 | L25: =K25-J25 -> 384 | M25: =+G25+J25 -> 0 | N25: =+H25+K25 -> 384 | O25: =N25-M25 -> 384 | P25: =+IFERROR(HLOOKUP($A$1,[15]손익!$G$5:$AB$252,7,),) -> 0 | Q25: =+'[9]부산크라샤(당월)'!$F$64 -> 0 | R25: =Q25-P25 -> 0 | S25: =+IFERROR(HLOOKUP($A$1,[15]손익!$G$5:$AB$252,16,),) -> 0 | T25: =+'[9]부산크라샤(당월)'!$I$64 -> 0 | U25: =T25-S25 -> 0 | V25: =+P25+S25 -> 0 | W25: =+Q25+T25 -> 0 | X25: =W25-V25 -> 0 | Y25: =+IFERROR(HLOOKUP($A$1,[16]이송계획!$G$193:$U$216,20,),) -> 516.08392 | Z25: =+'[9]부산모래장(당월)'!$R$66 -> 1568 | AA25: =Z25-Y25 -> 1051.9161 | AB25: =+M25+V25+Y25 -> 516.08392 | AC25: =+N25+W25+Z25 -> 1952 | AD25: =AC25-AB25 -> 1435.9161
F26: 창원 | G26: =+IFERROR(HLOOKUP($A$1,[14]손익!$G$5:$AB$252,8,),) -> 0 | H26: =+'[9]서부산크라샤(당월)'!$F$65 -> 0 | I26: =H26-G26 -> 0 | J26: =+IFERROR(HLOOKUP($A$1,[14]손익!$G$5:$AB$252,17,),) -> 0 | K26: =+'[9]서부산크라샤(당월)'!$I$65 -> 0 | L26: =K26-J26 -> 0 | M26: =+G26+J26 -> 0 | N26: =+H26+K26 -> 0 | O26: =N26-M26 -> 0 | P26: =+IFERROR(HLOOKUP($A$1,[15]손익!$G$5:$AB$252,8,),) -> 0 | Q26: =+'[9]부산크라샤(당월)'!$F$65 -> 0 | R26: =Q26-P26 -> 0 | S26: =+IFERROR(HLOOKUP($A$1,[15]손익!$G$5:$AB$252,17,),) -> 0 | T26: =+'[9]부산크라샤(당월)'!$I$65 -> 0 | U26: =T26-S26 -> 0 | V26: =+P26+S26 -> 0 | W26: =+Q26+T26 -> 0 | X26: =W26-V26 -> 0 | Y26: =+IFERROR(HLOOKUP($A$1,[16]이송계획!$G$193:$U$216,21,),) -> 0 | AA26: =Z26-Y26 -> 0 | AB26: =+M26+V26+Y26 -> 0 | AC26: =+N26+W26+Z26 -> 0 | AD26: =AC26-AB26 -> 0
E27: 자가이송 | F27: 부산 | G27: =+IFERROR(HLOOKUP($A$1,[14]손익!$G$5:$AB$252,31,),) -> 0 | H27: =IFERROR(H35/H21,)*1000 -> 12500 | I27: =H27-G27 -> 12500 | J27: =+IFERROR(HLOOKUP($A$1,[14]손익!$G$5:$AB$252,40,),) -> 0 | K27: =IFERROR(K35/K21,)*1000 -> 0 | L27: =K27-J27 -> 0 | M27: =+IFERROR(HLOOKUP($A$1,[14]손익!$G$5:$AB$252,48,),) -> 0 | N27: =IFERROR(N35/N21,)*1000 -> 12500 | O27: =N27-M27 -> 12500 | P27: =+IFERROR(HLOOKUP($A$1,[15]손익!$G$5:$AB$252,30,),) -> 16000 | Q27: =IFERROR(Q35/Q21,)*1000 -> 17500 | R27: =Q27-P27 -> 1500 | S27: =+IFERROR(HLOOKUP($A$1,[15]손익!$G$5:$AB$252,39,),) -> 23000 | T27: =IFERROR(T35/T21,)*1000 -> 23500 | U27: =T27-S27 -> 500 | V27: =+IFERROR(HLOOKUP($A$1,[15]손익!$G$5:$AB$252,48,),) -> 18865.738 | W27: =IFERROR(W35/W21,)*1000 -> 19973.314 | X27: =W27-V27 -> 1107.5765 | Y27: =IFERROR(Y35/Y21,)*1000 -> 32399.709 | Z27: =IFERROR(Z35/Z21,)*1000 -> 32000 | AA27: =Z27-Y27 -> -399.70909 | AB27: =+AB35/AB21*1000 -> 21397.691 | AC27: =IFERROR(AC35/AC21,)*1000 -> 21946.815 | AD27: =AC27-AB27 -> 549.12409
E28: 단가 | F28: 서부산 | G28: =+IFERROR(HLOOKUP($A$1,[14]손익!$G$5:$AB$252,32,),) -> 16000 | H28: =IFERROR(H36/H22,)*1000 -> 17000 | I28: =H28-G28 -> 1000 | J28: =+IFERROR(HLOOKUP($A$1,[14]손익!$G$5:$AB$252,41,),) -> 10500 | K28: =IFERROR(K36/K22,)*1000 -> 0 | L28: =K28-J28 -> -10500 | M28: =+IFERROR(HLOOKUP($A$1,[14]손익!$G$5:$AB$252,49,),) -> 0 | N28: =IFERROR(N36/N22,)*1000 -> 17000 | O28: =N28-M28 -> 17000 | P28: =+IFERROR(HLOOKUP($A$1,[15]손익!$G$5:$AB$252,31,),) -> 0 | Q28: =IFERROR(Q36/Q22,)*1000 -> 0 | R28: =Q28-P28 -> 0 | S28: =+IFERROR(HLOOKUP($A$1,[15]손익!$G$5:$AB$252,40,),) -> 19000 | T28: =IFERROR(T36/T22,)*1000 -> 20000 | U28: =T28-S28 -> 1000 | V28: =+IFERROR(HLOOKUP($A$1,[15]손익!$G$5:$AB$252,49,),) -> 19000 | W28: =IFERROR(W36/W22,)*1000 -> 20000 | X28: =W28-V28 -> 1000 | Y28: =IFERROR(Y36/Y22,)*1000 -> 28000 | Z28: =IFERROR(Z36/Z22,)*1000 -> 28000 | AA28: =Z28-Y28 -> 0 | AB28: =+AB36/AB22*1000 -> 17973.289 | AC28: =IFERROR(AC36/AC22,)*1000 -> 19841.041 | AD28: =AC28-AB28 -> 1867.7523
F29: 김해 | G29: =+IFERROR(HLOOKUP($A$1,[14]손익!$G$5:$AB$252,33,),) -> 0 | H29: =IFERROR(H37/H23,)*1000 -> 11500 | I29: =H29-G29 -> 11500 | J29: =+IFERROR(HLOOKUP($A$1,[14]손익!$G$5:$AB$252,42,),) -> 0 | K29: =IFERROR(K37/K23,)*1000 -> 0 | L29: =K29-J29 -> 0 | M29: =+IFERROR(HLOOKUP($A$1,[14]손익!$G$5:$AB$252,50,),) -> 0 | N29: =IFERROR(N37/N23,)*1000 -> 11500 | O29: =N29-M29 -> 11500 | P29: =+IFERROR(HLOOKUP($A$1,[15]손익!$G$5:$AB$252,32,),) -> 0 | Q29: =IFERROR(Q37/Q23,)*1000 -> 0 | R29: =Q29-P29 -> 0 | S29: =+IFERROR(HLOOKUP($A$1,[15]손익!$G$5:$AB$252,41,),) -> 0 | T29: =IFERROR(T37/T23,)*1000 -> 0 | U29: =T29-S29 -> 0 | V29: =+IFERROR(HLOOKUP($A$1,[15]손익!$G$5:$AB$252,50,),) -> 0 | W29: =IFERROR(W37/W23,)*1000 -> 0 | X29: =W29-V29 -> 0 | Y29: =IFERROR(Y37/Y23,)*1000 -> 27500 | Z29: =IFERROR(Z37/Z23,)*1000 -> 0 | AA29: =Z29-Y29 -> -27500 | AB29: =+AB37/AB23*1000 -> 27500 | AC29: =IFERROR(AC37/AC23,)*1000 -> 61407.407 | AD29: =AC29-AB29 -> 33907.407
F30: 정관 | G30: =+IFERROR(HLOOKUP($A$1,[14]손익!$G$5:$AB$252,34,),) -> 0 | H30: =IFERROR(H38/H24,)*1000 -> 0 | I30: =H30-G30 -> 0 | J30: =+IFERROR(HLOOKUP($A$1,[14]손익!$G$5:$AB$252,43,),) -> 0 | K30: =IFERROR(K38/K24,)*1000 -> 0 | L30: =K30-J30 -> 0 | M30: =+IFERROR(HLOOKUP($A$1,[14]손익!$G$5:$AB$252,51,),) -> 15587.172 | N30: =IFERROR(N38/N24,)*1000 -> 0 | O30: =N30-M30 -> -15587.172 | P30: =+IFERROR(HLOOKUP($A$1,[15]손익!$G$5:$AB$252,33,),) -> 0 | Q30: =IFERROR(Q38/Q24,)*1000 -> 0 | R30: =Q30-P30 -> 0 | S30: =+IFERROR(HLOOKUP($A$1,[15]손익!$G$5:$AB$252,42,),) -> 0 | T30: =IFERROR(T38/T24,)*1000 -> 19000 | U30: =T30-S30 -> 19000 | V30: =+IFERROR(HLOOKUP($A$1,[15]손익!$G$5:$AB$252,51,),) -> 0 | W30: =IFERROR(W38/W24,)*1000 -> 19000 | X30: =W30-V30 -> 19000 | Y30: =IFERROR(Y38/Y24,)*1000 -> 31000 | Z30: =IFERROR(Z38/Z24,)*1000 -> 0 | AA30: =Z30-Y30 -> -31000 | AB30: =+AB38/AB24*1000 -> 31000 | AC30: =IFERROR(AC38/AC24,)*1000 -> 627437.5 | AD30: =AC30-AB30 -> 596437.5
F31: 양산 | G31: =+IFERROR(HLOOKUP($A$1,[14]손익!$G$5:$AB$252,35,),) -> 0 | H31: =IFERROR(H39/H25,)*1000 -> 0 | I31: =H31-G31 -> 0 | J31: =+IFERROR(HLOOKUP($A$1,[14]손익!$G$5:$AB$252,44,),) -> 0 | K31: =IFERROR(K39/K25,)*1000 -> 9000 | L31: =K31-J31 -> 9000 | M31: =+IFERROR(HLOOKUP($A$1,[14]손익!$G$5:$AB$252,52,),) -> 0 | N31: =IFERROR(N39/N25,)*1000 -> 9000 | O31: =N31-M31 -> 9000 | P31: =+IFERROR(HLOOKUP($A$1,[15]손익!$G$5:$AB$252,34,),) -> 0 | Q31: =IFERROR(Q39/Q25,)*1000 -> 0 | R31: =Q31-P31 -> 0 | S31: =+IFERROR(HLOOKUP($A$1,[15]손익!$G$5:$AB$252,43,),) -> 0 | T31: =IFERROR(T39/T25,)*1000 -> 0 | U31: =T31-S31 -> 0 | V31: =+IFERROR(HLOOKUP($A$1,[15]손익!$G$5:$AB$252,52,),) -> 0 | W31: =IFERROR(W39/W25,)*1000 -> 0 | X31: =W31-V31 -> 0 | Y31: =IFERROR(Y39/Y25,)*1000 -> 34500 | Z31: =IFERROR(Z39/Z25,)*1000 -> 4489.7959 | AA31: =Z31-Y31 -> -30010.204 | AB31: =+AB39/AB25*1000 -> 34500 | AC31: =IFERROR(AC39/AC25,)*1000 -> 5377.0492 | AD31: =AC31-AB31 -> -29122.951
F32: 창원 | G32: =+IFERROR(HLOOKUP($A$1,[14]손익!$G$5:$AB$252,36,),) -> 0 | H32: =IFERROR(H40/H26,)*1000 -> 0 | I32: =H32-G32 -> 0 | J32: =+IFERROR(HLOOKUP($A$1,[14]손익!$G$5:$AB$252,45,),) -> 0 | K32: =IFERROR(K40/K26,)*1000 -> 0 | L32: =K32-J32 -> 0 | M32: =+IFERROR(HLOOKUP($A$1,[14]손익!$G$5:$AB$252,53,),) -> 0 | N32: =IFERROR(N40/N26,)*1000 -> 0 | O32: =N32-M32 -> 0 | P32: =+IFERROR(HLOOKUP($A$1,[15]손익!$G$5:$AB$252,35,),) -> 0 | Q32: =IFERROR(Q40/Q26,)*1000 -> 0 | R32: =Q32-P32 -> 0 | S32: =+IFERROR(HLOOKUP($A$1,[15]손익!$G$5:$AB$252,44,),) -> 0 | T32: =IFERROR(T40/T26,)*1000 -> 0 | U32: =T32-S32 -> 0 | V32: =+IFERROR(HLOOKUP($A$1,[15]손익!$G$5:$AB$252,53,),) -> 0 | W32: =IFERROR(W40/W26,)*1000 -> 0 | X32: =W32-V32 -> 0 | Y32: =IFERROR(Y40/Y26,)*1000 -> 0 | Z32: =IFERROR(Z40/Z26,)*1000 -> 0 | AA32: =Z32-Y32 -> 0 | AB32: =+AB40/AB26*1000 -> #DIV/0! | AC32: =IFERROR(AC40/AC26,)*1000 -> 0 | AD32: =AC32-AB32 -> #DIV/0!
E33: * 자가이송 운반비 : 부산 3,500 / 김해 3,500 / 정관 8,000 / 양산 5,000 / 창원 8,000
Z34: * 공통비
E35: 자가이송 | F35: 부산 | G35: =+IFERROR(HLOOKUP($A$1,[14]손익!$G$5:$AB$252,59,),) -> 0 | H35: =+IFERROR(VLOOKUP($F35,'[17]서부산(손익)'!$L$16:$R$29,4,),)/1000 -> 10800 | I35: =+H35-G35 -> 10800 | J35: =+IFERROR(HLOOKUP($A$1,[14]손익!$G$5:$AB$252,68,),) -> 0 | K35: =+IFERROR(VLOOKUP($F35,'[17]서부산(손익)'!$L$16:$R$29,3,),)/1000 -> 0 | L35: =+K35-J35 -> 0 | M35: =SUM(G35,J35) -> 0 | N35: =SUM(H35,K35) -> 10800 | O35: =+N35-M35 -> 10800 | P35: =+IFERROR(HLOOKUP($A$1,[15]손익!$G$5:$AB$252,57,),) -> 140370.47 | Q35: =+IFERROR(VLOOKUP($F35,'[17]부산크라샤(손익)'!$L$16:$R$29,3,),)/1000 -> 147822.5 | R35: =+Q35-P35 -> 7452.0291 | S35: =+IFERROR(HLOOKUP($A$1,[15]손익!$G$5:$AB$252,66,),) -> 139869.19 | T35: =+IFERROR(VLOOKUP($F35,'[17]부산크라샤(손익)'!$L$16:$R$29,4,),)/1000 -> 139214 | U35: =+T35-S35 -> -655.18597 | V35: =SUM(P35,S35) -> 280239.66 | W35: =SUM(Q35,T35) -> 287036.5 | X35: =+W35-V35 -> 6796.8431 | Y35: =+IFERROR(HLOOKUP($A$1,[16]이송계획!$G$70:$W$100,16,),)+IFERROR(HLOOKUP($A$1,[16]이송계획!$G$70:$W$100,23,),) -> 110759.29 | Z35: =+'[9]부산모래장(당월)'!R76 -> 116256 | AB35: =+M35+V35+Y35 -> 390998.94 | AC35: =+N35+W35+Z35 -> 414092.5 | AD35: =+AC35-AB35 -> 23093.557
E36: 매출액 | F36: 서부산 | G36: =+IFERROR(HLOOKUP($A$1,[14]손익!$G$5:$AB$252,60,),) -> 164828.8 | H36: =+IFERROR(VLOOKUP($F36,'[17]서부산(손익)'!$L$16:$R$29,4,),)/1000 -> 172550 | I36: =+H36-G36 -> 7721.2 | J36: =+IFERROR(HLOOKUP($A$1,[14]손익!$G$5:$AB$252,69,),) -> 8778 | K36: =+IFERROR(VLOOKUP($F36,'[17]서부산(손익)'!$L$16:$R$29,3,),)/1000 -> 0 | L36: =+K36-J36 -> -8778 | M36: =SUM(G36,J36) -> 173606.8 | N36: =SUM(H36,K36) -> 172550 | O36: =+N36-M36 -> -1056.8 | P36: =+IFERROR(HLOOKUP($A$1,[15]손익!$G$5:$AB$252,58,),) -> 0 | Q36: =+IFERROR(VLOOKUP($F36,'[17]부산크라샤(손익)'!$L$16:$R$29,3,),)/1000 -> 0 | R36: =+Q36-P36 -> 0 | S36: =+IFERROR(HLOOKUP($A$1,[15]손익!$G$5:$AB$252,67,),) -> 34237.24 | T36: =+IFERROR(VLOOKUP($F36,'[17]부산크라샤(손익)'!$L$16:$R$29,4,),)/1000 -> 64000 | U36: =+T36-S36 -> 29762.76 | V36: =SUM(P36,S36) -> 34237.24 | W36: =SUM(Q36,T36) -> 64000 | X36: =+W36-V36 -> 29762.76 | Y36: =+IFERROR(HLOOKUP($A$1,[16]이송계획!$G$70:$W$100,17,),)+IFERROR(HLOOKUP($A$1,[16]이송계획!$G$70:$W$100,24,),) -> 69048.392 | Z36: =+'[9]부산모래장(당월)'!R77 -> 97216 | AB36: =+M36+V36+Y36 -> 276892.43 | AC36: =+N36+W36+Z36 -> 333766 | AD36: =+AC36-AB36 -> 56873.568
F37: 김해 | G37: =+IFERROR(HLOOKUP($A$1,[14]손익!$G$5:$AB$252,61,),) -> 0 | H37: =+IFERROR(VLOOKUP($F37,'[17]서부산(손익)'!$L$16:$R$29,4,),)/1000 -> 9936 | I37: =+H37-G37 -> 9936 | J37: =+IFERROR(HLOOKUP($A$1,[14]손익!$G$5:$AB$252,70,),) -> 0 | K37: =+IFERROR(VLOOKUP($F37,'[17]서부산(손익)'!$L$16:$R$29,3,),)/1000 -> 0 | L37: =+K37-J37 -> 0 | M37: =SUM(G37,J37) -> 0 | N37: =SUM(H37,K37) -> 9936 | O37: =+N37-M37 -> 9936 | P37: =+IFERROR(HLOOKUP($A$1,[15]손익!$G$5:$AB$252,59,),) -> 0 | Q37: =+IFERROR(VLOOKUP($F37,'[17]부산크라샤(손익)'!$L$16:$R$29,3,),)/1000 -> 0 | R37: =+Q37-P37 -> 0 | S37: =+IFERROR(HLOOKUP($A$1,[15]손익!$G$5:$AB$252,68,),) -> 0 | T37: =+IFERROR(VLOOKUP($F37,'[17]부산크라샤(손익)'!$L$16:$R$29,4,),)/1000 -> 0 | U37: =+T37-S37 -> 0 | V37: =SUM(P37,S37) -> 0 | W37: =SUM(Q37,T37) -> 0 | X37: =+W37-V37 -> 0 | Y37: =+IFERROR(HLOOKUP($A$1,[16]이송계획!$G$70:$W$100,18,),)+IFERROR(HLOOKUP($A$1,[16]이송계획!$G$70:$W$100,25,),) -> 40192.308 | Z37: =+'[9]부산모래장(당월)'!R78 -> 43120 | AB37: =+M37+V37+Y37 -> 40192.308 | AC37: =+N37+W37+Z37 -> 53056 | AD37: =+AC37-AB37 -> 12863.692
F38: 정관 | G38: =+IFERROR(HLOOKUP($A$1,[14]손익!$G$5:$AB$252,62,),) -> 0 | H38: =+IFERROR(VLOOKUP($F38,'[17]서부산(손익)'!$L$16:$R$29,4,),)/1000 -> 0 | I38: =+H38-G38 -> 0 | J38: =+IFERROR(HLOOKUP($A$1,[14]손익!$G$5:$AB$252,71,),) -> 0 | K38: =+IFERROR(VLOOKUP($F38,'[17]서부산(손익)'!$L$16:$R$29,3,),)/1000 -> 0 | L38: =+K38-J38 -> 0 | M38: =SUM(G38,J38) -> 0 | N38: =SUM(H38,K38) -> 0 | O38: =+N38-M38 -> 0 | P38: =+IFERROR(HLOOKUP($A$1,[15]손익!$G$5:$AB$252,60,),) -> 0 | Q38: =+IFERROR(VLOOKUP($F38,'[17]부산크라샤(손익)'!$L$16:$R$29,3,),)/1000 -> 0 | R38: =+Q38-P38 -> 0 | S38: =+IFERROR(HLOOKUP($A$1,[15]손익!$G$5:$AB$252,69,),) -> 0 | T38: =+IFERROR(VLOOKUP($F38,'[17]부산크라샤(손익)'!$L$16:$R$29,4,),)/1000 -> 2432 | U38: =+T38-S38 -> 2432 | V38: =SUM(P38,S38) -> 0 | W38: =SUM(Q38,T38) -> 2432 | X38: =+W38-V38 -> 2432 | Y38: =+IFERROR(HLOOKUP($A$1,[16]이송계획!$G$70:$W$100,19,),)+IFERROR(HLOOKUP($A$1,[16]이송계획!$G$70:$W$100,26,),) -> 114877.76 | Z38: =+'[9]부산모래장(당월)'!R79 -> 77880 | AB38: =+M38+V38+Y38 -> 114877.76 | AC38: =+N38+W38+Z38 -> 80312 | AD38: =+AC38-AB38 -> -34565.762
F39: 양산 | G39: =+IFERROR(HLOOKUP($A$1,[14]손익!$G$5:$AB$252,63,),) -> 0 | H39: =+IFERROR(VLOOKUP($F39,'[17]서부산(손익)'!$L$16:$R$29,4,),)/1000 -> 0 | I39: =+H39-G39 -> 0 | J39: =+IFERROR(HLOOKUP($A$1,[14]손익!$G$5:$AB$252,72,),) -> 0 | K39: =+IFERROR(VLOOKUP($F39,'[17]서부산(손익)'!$L$16:$R$29,3,),)/1000 -> 3456 | L39: =+K39-J39 -> 3456 | M39: =SUM(G39,J39) -> 0 | N39: =SUM(H39,K39) -> 3456 | O39: =+N39-M39 -> 3456 | P39: =+IFERROR(HLOOKUP($A$1,[15]손익!$G$5:$AB$252,61,),) -> 0 | Q39: =+IFERROR(VLOOKUP($F39,'[17]부산크라샤(손익)'!$L$16:$R$29,3,),)/1000 -> 0 | R39: =+Q39-P39 -> 0 | S39: =+IFERROR(HLOOKUP($A$1,[15]손익!$G$5:$AB$252,70,),) -> 0 | T39: =+IFERROR(VLOOKUP($F39,'[17]부산크라샤(손익)'!$L$16:$R$29,4,),)/1000 -> 0 | U39: =+T39-S39 -> 0 | V39: =SUM(P39,S39) -> 0 | W39: =SUM(Q39,T39) -> 0 | X39: =+W39-V39 -> 0 | Y39: =+IFERROR(HLOOKUP($A$1,[16]이송계획!$G$70:$W$100,20,),)+IFERROR(HLOOKUP($A$1,[16]이송계획!$G$70:$W$100,27,),) -> 17804.895 | Z39: =+'[9]부산모래장(당월)'!R80 -> 7040 | AB39: =+M39+V39+Y39 -> 17804.895 | AC39: =+N39+W39+Z39 -> 10496 | AD39: =+AC39-AB39 -> -7308.8951
F40: 창원 | G40: =+IFERROR(HLOOKUP($A$1,[14]손익!$G$5:$AB$252,64,),) -> 0 | H40: =+IFERROR(VLOOKUP($F40,'[17]서부산(손익)'!$L$16:$R$29,4,),)/1000 -> 0 | I40: =+H40-G40 -> 0 | J40: =+IFERROR(HLOOKUP($A$1,[14]손익!$G$5:$AB$252,73,),) -> 0 | K40: =+IFERROR(VLOOKUP($F40,'[17]서부산(손익)'!$L$16:$R$29,3,),)/1000 -> 0 | L40: =+K40-J40 -> 0 | M40: =SUM(G40,J40) -> 0 | N40: =SUM(H40,K40) -> 0 | O40: =+N40-M40 -> 0 | P40: =+IFERROR(HLOOKUP($A$1,[15]손익!$G$5:$AB$252,62,),) -> 0 | Q40: =+IFERROR(VLOOKUP($F40,'[17]부산크라샤(손익)'!$L$16:$R$29,3,),)/1000 -> 0 | R40: =+Q40-P40 -> 0 | S40: =+IFERROR(HLOOKUP($A$1,[15]손익!$G$5:$AB$252,71,),) -> 0 | T40: =+IFERROR(VLOOKUP($F40,'[17]부산크라샤(손익)'!$L$16:$R$29,4,),)/1000 -> 0 | U40: =+T40-S40 -> 0 | V40: =SUM(P40,S40) -> 0 | W40: =SUM(Q40,T40) -> 0 | X40: =+W40-V40 -> 0 | Y40: =+IFERROR(HLOOKUP($A$1,[16]이송계획!$G$70:$W$100,21,),)+IFERROR(HLOOKUP($A$1,[16]이송계획!$G$70:$W$100,28,),) -> 0 | AB40: =+M40+V40+Y40 -> 0 | AC40: =+N40+W40+Z40 -> 0 | AD40: =+AC40-AB40 -> 0
F41: 계 | G41: =SUM(G35:G40) -> 164828.8 | H41: =SUM(H35:H40) -> 193286 | I41: =+H41-G41 -> 28457.2 | J41: =SUM(J35:J40) -> 8778 | K41: =SUM(K35:K40) -> 3456 | L41: =+K41-J41 -> -5322 | M41: =SUM(G41,J41) -> 173606.8 | N41: =SUM(H41,K41) -> 196742 | O41: =+N41-M41 -> 23135.2 | P41: =SUM(P35:P40) -> 140370.47 | Q41: =SUM(Q35:Q40) -> 147822.5 | R41: =+Q41-P41 -> 7452.0291 | S41: =SUM(S35:S40) -> 174106.43 | T41: =SUM(T35:T40) -> 205646 | U41: =+T41-S41 -> 31539.574 | V41: =SUM(P41,S41) -> 314476.9 | W41: =SUM(Q41,T41) -> 353468.5 | X41: =+W41-V41 -> 38991.603 | Y41: =SUM(Y35:Y40) -> 352682.64 | Z41: =SUM(Z35:Z40) -> 341512 | AB41: =+M41+V41+Y41 -> 840766.34 | AC41: =+N41+W41+Z41 -> 891722.5 | AD41: =+AC41-AB41 -> 50956.161
G42: =+G41=G13 -> TRUE | H42: =+H41=H13 -> TRUE | J42: =+J41=J13 -> TRUE | K42: =+K41=K13 -> TRUE | M42: =+M41=M13 -> TRUE | N42: =+N41=N13 -> TRUE | P42: =+P41=P13 -> TRUE | Q42: =+Q41=Q13 -> TRUE | S42: =+S41=S13 -> TRUE | T42: =+T41=T13 -> TRUE | V42: =+V41=V13 -> TRUE | W42: =+W41=W13 -> TRUE | Y42: =+Y41=Y13 -> TRUE | Z42: =+Z41=Z13 -> TRUE | AB42: =+AB41=AB13 -> TRUE | AC42: =+AC41=AC13 -> TRUE

Sheet 골재사업소(누계)
A1: 2월
D4: □ 2024년 골재사업소 손익(2024-02누계)
AD5: [단위 : ㎥, 천원]
D6: 계획 | E6: 구분 | G6: 서부산 쇄석 | J6: 서부산 쇄사 | M6: 서부산 소계 | P6: 부산크라샤 쇄석 | S6: 부산크라샤 쇄사 | V6: 부산크라샤 소계 | Y6: 부산 모래 | AB6: 골재사업소 계
G7: 계획 | H7: 실적 | I7: 차이 | J7: 계획 | K7: 실적 | L7: 차이 | M7: 계획 | N7: 실적 | O7: 차이 | P7: 계획 | Q7: 실적 | R7: 차이 | S7: 계획 | T7: 실적 | U7: 차이 | V7: 계획 | W7: 실적 | X7: 차이 | Y7: 계획 | Z7: 실적 | AA7: 차이 | AB7: 계획 | AC7: 실적 | AD7: 차이
E8: 판매량 | F8: 자가이송 | G8: =+'골재사업소(당월)'!G8+'[4]골재사업소(누계)'!G8 -> 21758 | H8: =+'골재사업소(당월)'!H8+'[4]골재사업소(누계)'!H8 -> 23830 | I8: =H8-G8 -> 2072 | J8: =+'골재사업소(당월)'!J8+'[4]골재사업소(누계)'!J8 -> 1751.6 | K8: =+'골재사업소(당월)'!K8+'[4]골재사업소(누계)'!K8 -> 1408 | L8: =K8-J8 -> -343.6 | M8: =+G8+J8 -> 23509.6 | N8: =+H8+K8 -> 25238 | O8: =N8-M8 -> 1728.4 | P8: =+'골재사업소(당월)'!P8+'[4]골재사업소(누계)'!P8 -> 18632.91 | Q8: =+'골재사업소(당월)'!Q8+'[4]골재사업소(누계)'!Q8 -> 20816 | R8: =Q8-P8 -> 2183.0902 | S8: =+'골재사업소(당월)'!S8+'[4]골재사업소(누계)'!S8 -> 16693.774 | T8: =+'골재사업소(당월)'!T8+'[4]골재사업소(누계)'!T8 -> 21683 | U8: =T8-S8 -> 4989.2264 | V8: =+P8+S8 -> 35326.683 | W8: =+Q8+T8 -> 42499 | X8: =W8-V8 -> 7172.3166 | Y8: =+'골재사업소(당월)'!Y8+'[4]골재사업소(누계)'!Y8 -> 28154.768 | Z8: =+'골재사업소(당월)'!Z8+'[4]골재사업소(누계)'!Z8 -> 29721 | AA8: =Z8-Y8 -> 1566.2315 | AB8: =+M8+V8+Y8 -> 86991.052 | AC8: =+N8+W8+Z8 -> 97458 | AD8: =AC8-AB8 -> 10466.948
F9: % | G9: =+G8/G$12 -> 1 | H9: =+H8/H$12 -> 0.51600191 | I9: =+H9-G9 -> -0.48399809 | J9: =+J8/J$12 -> 1 | K9: =+K8/K$12 -> 0.2972973 | L9: =+K9-J9 -> -0.7027027 | M9: =+M8/M$12 -> 1 | N9: =+N8/N$12 -> 0.49565969 | O9: =+N9-M9 -> -0.50434031 | P9: =+P8/P$12 -> 0.60826444 | Q9: =+Q8/Q$12 -> 0.76619552 | R9: =+Q9-P9 -> 0.15793108 | S9: =+S8/S$12 -> 0.35751605 | T9: =+T8/T$12 -> 0.83799034 | U9: =+T9-S9 -> 0.48047429 | V9: =+V8/V$12 -> 0.45684985 | W9: =+W8/W$12 -> 0.80121788 | X9: =+W9-V9 -> 0.34436803 | Y9: =+Y8/Y$12 -> 0.66006145 | Z9: =+Z8/Z$12 -> 0.64853365 | AA9: =+Z9-Y9 -> -0.011527806 | AB9: =+AB8/AB$12 -> 0.60624722 | AC9: =+AC8/AC$12 -> 0.65063523 | AD9: =+AC9-AB9 -> 0.044388003
F10: 외부판매 | G10: =+'골재사업소(당월)'!G10+'[4]골재사업소(누계)'!G10 -> 0 | H10: =+'골재사업소(당월)'!H10+'[4]골재사업소(누계)'!H10 -> 22352 | I10: =H10-G10 -> 22352 | J10: =+'골재사업소(당월)'!J10+'[4]골재사업소(누계)'!J10 -> 0 | K10: =+'골재사업소(당월)'!K10+'[4]골재사업소(누계)'!K10 -> 3328 | L10: =K10-J10 -> 3328 | M10: =+G10+J10 -> 0 | N10: =+H10+K10 -> 25680 | O10: =N10-M10 -> 25680 | P10: =+'골재사업소(당월)'!P10+'[4]골재사업소(누계)'!P10 -> 12000 | Q10: =+'골재사업소(당월)'!Q10+'[4]골재사업소(누계)'!Q10 -> 6352 | R10: =Q10-P10 -> -5648 | S10: =+'골재사업소(당월)'!S10+'[4]골재사업소(누계)'!S10 -> 30000 | T10: =+'골재사업소(당월)'!T10+'[4]골재사업소(누계)'!T10 -> 4192 | U10: =T10-S10 -> -25808 | V10: =+P10+S10 -> 42000 | W10: =+Q10+T10 -> 10544 | X10: =W10-V10 -> -31456 | Y10: =+'골재사업소(당월)'!Y10+'[4]골재사업소(누계)'!Y10 -> 14500 | Z10: =+'골재사업소(당월)'!Z10+'[4]골재사업소(누계)'!Z10 -> 16107 | AA10: =Z10-Y10 -> 1607 | AB10: =+M10+V10+Y10 -> 56500 | AC10: =+N10+W10+Z10 -> 52331 | AD10: =AC10-AB10 -> -4169
F11: % | G11: =+G10/G$12 -> 0 | H11: =+H10/H$12 -> 0.48399809 | I11: =+H11-G11 -> 0.48399809 | J11: =+J10/J$12 -> 0 | K11: =+K10/K$12 -> 0.7027027 | L11: =+K11-J11 -> 0.7027027 | M11: =+M10/M$12 -> 0 | N11: =+N10/N$12 -> 0.50434031 | O11: =+N11-M11 -> 0.50434031 | P11: =+P10/P$12 -> 0.39173556 | Q11: =+Q10/Q$12 -> 0.23380448 | R11: =+Q11-P11 -> -0.15793108 | S11: =+S10/S$12 -> 0.64248395 | T11: =+T10/T$12 -> 0.16200966 | U11: =+T11-S11 -> -0.48047429 | V11: =+V10/V$12 -> 0.54315015 | W11: =+W10/W$12 -> 0.19878212 | X11: =+W11-V11 -> -0.34436803 | Y11: =+Y10/Y$12 -> 0.33993855 | Z11: =+Z10/Z$12 -> 0.35146635 | AA11: =+Z11-Y11 -> 0.011527806 | AB11: =+AB10/AB$12 -> 0.39375278 | AC11: =+AC10/AC$12 -> 0.34936477 | AD11: =+AC11-AB11 -> -0.044388003
F12: (소계) | G12: =G8+G10 -> 21758 | H12: =H8+H10 -> 46182 | I12: =H12-G12 -> 24424 | J12: =J8+J10 -> 1751.6 | K12: =K8+K10 -> 4736 | L12: =K12-J12 -> 2984.4 | M12: =M8+M10 -> 23509.6 | N12: =N8+N10 -> 50918 | O12: =N12-M12 -> 27408.4 | P12: =P8+P10 -> 30632.91 | Q12: =Q8+Q10 -> 27168 | R12: =Q12-P12 -> -3464.9098 | S12: =S8+S10 -> 46693.774 | T12: =T8+T10 -> 25875 | U12: =T12-S12 -> -20818.774 | V12: =V8+V10 -> 77326.683 | W12: =W8+W10 -> 53043 | X12: =W12-V12 -> -24283.683 | Y12: =Y8+Y10 -> 42654.768 | Z12: =Z8+Z10 -> 45828 | AA12: =Z12-Y12 -> 3173.2315 | AB12: =AB8+AB10 -> 143491.05 | AC12: =AC8+AC10 -> 149789 | AD12: =AC12-AB12 -> 6297.9482 | AF12: =+'골재사업소(당월)'!AF12+'[4]골재사업소(누계)'!AF12 -> 143491.05 | AG12: =+'골재사업소(당월)'!AG12+'[4]골재사업소(누계)'!AG12 -> 149789
E13: 매출액 | F13: 자가이송 | G13: =+'골재사업소(당월)'!G13+'[4]골재사업소(누계)'!G13 -> 348128 | H13: =+'골재사업소(당월)'!H13+'[4]골재사업소(누계)'!H13 -> 386742 | I13: =H13-G13 -> 38614 | J13: =+'골재사업소(당월)'!J13+'[4]골재사업소(누계)'!J13 -> 18391.8 | K13: =+'골재사업소(당월)'!K13+'[4]골재사업소(누계)'!K13 -> 13632 | L13: =K13-J13 -> -4759.8 | M13: =+G13+J13 -> 366519.8 | N13: =+H13+K13 -> 400374 | O13: =N13-M13 -> 33854.2 | P13: =+'골재사업소(당월)'!P13+'[4]골재사업소(누계)'!P13 -> 298126.56 | Q13: =+'골재사업소(당월)'!Q13+'[4]골재사업소(누계)'!Q13 -> 363312 | R13: =Q13-P13 -> 65185.444 | S13: =+'골재사업소(당월)'!S13+'[4]골재사업소(누계)'!S13 -> 368757.19 | T13: =+'골재사업소(당월)'!T13+'[4]골재사업소(누계)'!T13 -> 483422.5 | U13: =T13-S13 -> 114665.31 | V13: =+P13+S13 -> 666883.75 | W13: =+Q13+T13 -> 846734.5 | X13: =W13-V13 -> 179850.75 | Y13: =+'골재사업소(당월)'!Y13+'[4]골재사업소(누계)'!Y13 -> 822525.79 | Z13: =+'골재사업소(당월)'!Z13+'[4]골재사업소(누계)'!Z13 -> 859968 | AA13: =Z13-Y13 -> 37442.214 | AB13: =+M13+V13+Y13 -> 1855929.3 | AC13: =+N13+W13+Z13 -> 2107076.5 | AD13: =AC13-AB13 -> 251147.17 | AF13: =+AF12=AB12 -> TRUE | AG13: =+AG12=AC12 -> TRUE
F14: 단가 | G14: =+G13/G8*1000 -> 16000 | H14: =+H13/H8*1000 -> 16229.207 | I14: =H14-G14 -> 229.20688 | J14: =+J13/J8*1000 -> 10500 | K14: =+K13/K8*1000 -> 9681.8182 | L14: =K14-J14 -> -818.18182 | M14: =+M13/M8*1000 -> 15590.218 | N14: =+N13/N8*1000 -> 15863.935 | O14: =N14-M14 -> 273.71687 | P14: =+P13/P8*1000 -> 16000 | Q14: =+Q13/Q8*1000 -> 17453.497 | R14: =Q14-P14 -> 1453.4973 | S14: =+S13/S8*1000 -> 22089.505 | T14: =+T13/T8*1000 -> 22295.001 | U14: =T14-S14 -> 205.49585 | V14: =+V13/V8*1000 -> 18877.621 | W14: =+W13/W8*1000 -> 19923.633 | X14: =W14-V14 -> 1046.0122 | Y14: =+Y13/Y8*1000 -> 29214.44 | Z14: =+Z13/Z8*1000 -> 28934.693 | AA14: =Z14-Y14 -> -279.74704 | AB14: =+AB13/AB8*1000 -> 21334.715 | AC14: =+AC13/AC8*1000 -> 21620.354 | AD14: =AC14-AB14 -> 285.639
F15: 외부판매 | G15: =+'골재사업소(당월)'!G15+'[4]골재사업소(누계)'!G15 -> 0 | H15: =+'골재사업소(당월)'!H15+'[4]골재사업소(누계)'!H15 -> 264904 | I15: =H15-G15 -> 264904 | J15: =+'골재사업소(당월)'!J15+'[4]골재사업소(누계)'!J15 -> 0 | K15: =+'골재사업소(당월)'!K15+'[4]골재사업소(누계)'!K15 -> 26752 | L15: =K15-J15 -> 26752 | M15: =+G15+J15 -> 0 | N15: =+H15+K15 -> 291656 | O15: =N15-M15 -> 291656 | P15: =+'골재사업소(당월)'!P15+'[4]골재사업소(누계)'!P15 -> 144000 | Q15: =+'골재사업소(당월)'!Q15+'[4]골재사업소(누계)'!Q15 -> 82576 | R15: =Q15-P15 -> -61424 | S15: =+'골재사업소(당월)'!S15+'[4]골재사업소(누계)'!S15 -> 570000 | T15: =+'골재사업소(당월)'!T15+'[4]골재사업소(누계)'!T15 -> 79648 | U15: =T15-S15 -> -490352 | V15: =+P15+S15 -> 714000 | W15: =+Q15+T15 -> 162224 | X15: =W15-V15 -> -551776 | Y15: =+'골재사업소(당월)'!Y15+'[4]골재사업소(누계)'!Y15 -> 432750 | Z15: =+'골재사업소(당월)'!Z15+'[4]골재사업소(누계)'!Z15 -> 455650 | AA15: =Z15-Y15 -> 22900 | AB15: =+M15+V15+Y15 -> 1146750 | AC15: =+N15+W15+Z15 -> 909530 | AD15: =AC15-AB15 -> -237220
F16: 단가 | G16: =IFERROR(G15/G10,)*1000 -> 0 | H16: =IFERROR(H15/H10,)*1000 -> 11851.467 | I16: =H16-G16 -> 11851.467 | J16: =IFERROR(J15/J10,)*1000 -> 0 | K16: =IFERROR(K15/K10,)*1000 -> 8038.4615 | L16: =K16-J16 -> 8038.4615 | M16: =IFERROR(M15/M10,)*1000 -> 0 | N16: =IFERROR(N15/N10,)*1000 -> 11357.321 | O16: =N16-M16 -> 11357.321 | P16: =IFERROR(P15/P10,)*1000 -> 12000 | Q16: =IFERROR(Q15/Q10,)*1000 -> 13000 | R16: =Q16-P16 -> 1000 | S16: =IFERROR(S15/S10,)*1000 -> 19000 | T16: =IFERROR(T15/T10,)*1000 -> 19000 | U16: =T16-S16 -> 0 | V16: =IFERROR(V15/V10,)*1000 -> 17000 | W16: =IFERROR(W15/W10,)*1000 -> 15385.432 | X16: =W16-V16 -> -1614.5675 | Y16: =IFERROR(Y15/Y10,)*1000 -> 29844.828 | Z16: =IFERROR(Z15/Z10,)*1000 -> 28288.943 | AA16: =Z16-Y16 -> -1555.8849 | AB16: =IFERROR(AB15/AB10,)*1000 -> 20296.46 | AC16: =IFERROR(AC15/AC10,)*1000 -> 17380.329 | AD16: =AC16-AB16 -> -2916.1311
F17: (소계) | G17: =G13+G15 -> 348128 | H17: =H13+H15 -> 651646 | I17: =H17-G17 -> 303518 | J17: =J13+J15 -> 18391.8 | K17: =K13+K15 -> 40384 | L17: =K17-J17 -> 21992.2 | M17: =M13+M15 -> 366519.8 | N17: =N13+N15 -> 692030 | O17: =N17-M17 -> 325510.2 | P17: =P13+P15 -> 442126.56 | Q17: =Q13+Q15 -> 445888 | R17: =Q17-P17 -> 3761.4436 | S17: =S13+S15 -> 938757.19 | T17: =T13+T15 -> 563070.5 | U17: =T17-S17 -> -375686.69 | V17: =V13+V15 -> 1380883.7 | W17: =W13+W15 -> 1008958.5 | X17: =W17-V17 -> -371925.25 | Y17: =Y13+Y15 -> 1255275.8 | Z17: =Z13+Z15 -> 1315618 | AA17: =Z17-Y17 -> 60342.214 | AB17: =AB13+AB15 -> 3002679.3 | AC17: =AC13+AC15 -> 3016606.5 | AD17: =AC17-AB17 -> 13927.166 | AF17: =+'골재사업소(당월)'!AF17+'[4]골재사업소(누계)'!AF17 -> 3002679.3 | AG17: =+'골재사업소(당월)'!AG17+'[4]골재사업소(누계)'!AG17 -> 3016606.5
E18: 영업이익 | F18: 자가이송 | G18: =+'골재사업소(당월)'!G18+'[4]골재사업소(누계)'!G18 -> 141858.2 | H18: =+'골재사업소(당월)'!H18+'[4]골재사업소(누계)'!H18 -> 86475.32 | I18: =H18-G18 -> -55382.877 | J18: =+'골재사업소(당월)'!J18+'[4]골재사업소(누계)'!J18 -> 2033.3023 | K18: =+'골재사업소(당월)'!K18+'[4]골재사업소(누계)'!K18 -> 7025.7104 | L18: =K18-J18 -> 4992.4082 | M18: =+G18+J18 -> 143891.5 | N18: =+H18+K18 -> 93501.03 | O18: =N18-M18 -> -50390.469 | P18: =+'골재사업소(당월)'!P18+'[4]골재사업소(누계)'!P18 -> -47962.259 | Q18: =+'골재사업소(당월)'!Q18+'[4]골재사업소(누계)'!Q18 -> -3627.3797 | R18: =Q18-P18 -> 44334.879 | S18: =+'골재사업소(당월)'!S18+'[4]골재사업소(누계)'!S18 -> 56235.429 | T18: =+'골재사업소(당월)'!T18+'[4]골재사업소(누계)'!T18 -> 107424.12 | U18: =T18-S18 -> 51188.694 | V18: =+P18+S18 -> 8273.1695 | W18: =+Q18+T18 -> 103796.74 | X18: =W18-V18 -> 95523.573 | Y18: =+'골재사업소(당월)'!Y18+'[4]골재사업소(누계)'!Y18 -> 31181.61 | Z18: =+'골재사업소(당월)'!Z18+'[4]골재사업소(누계)'!Z18 -> 90142.841 | AA18: =Z18-Y18 -> 58961.231 | AB18: =+M18+V18+Y18 -> 183346.28 | AC18: =+N18+W18+Z18 -> 287440.61 | AD18: =AC18-AB18 -> 104094.34 | AF18: =+AF17=AB17 -> TRUE | AG18: =+AG17=AC17 -> TRUE
F19: 외부판매 | G19: =+'골재사업소(당월)'!G19+'[4]골재사업소(누계)'!G19 -> 0 | H19: =+'골재사업소(당월)'!H19+'[4]골재사업소(누계)'!H19 -> -12269.688 | I19: =H19-G19 -> -12269.688 | J19: =+'골재사업소(당월)'!J19+'[4]골재사업소(누계)'!J19 -> 0 | K19: =+'골재사업소(당월)'!K19+'[4]골재사업소(누계)'!K19 -> 10495.382 | L19: =K19-J19 -> 10495.382 | M19: =+G19+J19 -> 0 | N19: =+H19+K19 -> -1774.306 | O19: =N19-M19 -> -1774.306 | P19: =+'골재사업소(당월)'!P19+'[4]골재사업소(누계)'!P19 -> -77214.302 | Q19: =+'골재사업소(당월)'!Q19+'[4]골재사업소(누계)'!Q19 -> -30154.487 | R19: =Q19-P19 -> 47059.815 | S19: =+'골재사업소(당월)'!S19+'[4]골재사업소(누계)'!S19 -> 11805.176 | T19: =+'골재사업소(당월)'!T19+'[4]골재사업소(누계)'!T19 -> 6755.6377 | U19: =T19-S19 -> -5049.5383 | V19: =+P19+S19 -> -65409.126 | W19: =+Q19+T19 -> -23398.849 | X19: =W19-V19 -> 42010.277 | Y19: =+'골재사업소(당월)'!Y19+'[4]골재사업소(누계)'!Y19 -> 19768.363 | Z19: =+'골재사업소(당월)'!Z19+'[4]골재사업소(누계)'!Z19 -> 985.63864 | AA19: =Z19-Y19 -> -18782.724 | AB19: =+M19+V19+Y19 -> -45640.763 | AC19: =+N19+W19+Z19 -> -24187.516 | AD19: =AC19-AB19 -> 21453.247
F20: (소계) | G20: =G18+G19 -> 141858.2 | H20: =H18+H19 -> 74205.632 | I20: =H20-G20 -> -67652.565 | J20: =J18+J19 -> 2033.3023 | K20: =K18+K19 -> 17521.092 | L20: =K20-J20 -> 15487.79 | M20: =M18+M19 -> 143891.5 | N20: =N18+N19 -> 91726.724 | O20: =N20-M20 -> -52164.775 | P20: =P18+P19 -> -125176.56 | Q20: =Q18+Q19 -> -33781.867 | R20: =Q20-P20 -> 91394.694 | S20: =S18+S19 -> 68040.605 | T20: =T18+T19 -> 114179.76 | U20: =T20-S20 -> 46139.156 | V20: =V18+V19 -> -57135.956 | W20: =W18+W19 -> 80397.894 | X20: =W20-V20 -> 137533.85 | Y20: =Y18+Y19 -> 50949.972 | Z20: =Z18+Z19 -> 91128.48 | AA20: =Z20-Y20 -> 40178.507 | AB20: =AB18+AB19 -> 137705.51 | AC20: =AC18+AC19 -> 263253.1 | AD20: =AC20-AB20 -> 125547.58 | AF20: =+'골재사업소(당월)'!AF20+'[4]골재사업소(누계)'!AF20 -> 137705.51 | AG20: =+'골재사업소(당월)'!AG20+'[4]골재사업소(누계)'!AG20 -> 263253.1
E21: 자가이송 | F21: 부산 | G21: =+'골재사업소(당월)'!G21+'[4]골재사업소(누계)'!G21 -> 0 | H21: =+'골재사업소(당월)'!H21+'[4]골재사업소(누계)'!H21 -> 1872 | I21: =H21-G21 -> 1872 | J21: =+'골재사업소(당월)'!J21+'[4]골재사업소(누계)'!J21 -> 0 | K21: =+'골재사업소(당월)'!K21+'[4]골재사업소(누계)'!K21 -> 0 | L21: =K21-J21 -> 0 | M21: =+G21+J21 -> 0 | N21: =+H21+K21 -> 1872 | O21: =N21-M21 -> 1872 | P21: =+'골재사업소(당월)'!P21+'[4]골재사업소(누계)'!P21 -> 18632.91 | Q21: =+'골재사업소(당월)'!Q21+'[4]골재사업소(누계)'!Q21 -> 20640 | R21: =Q21-P21 -> 2007.0902 | S21: =+'골재사업소(당월)'!S21+'[4]골재사업소(누계)'!S21 -> 12893.874 | T21: =+'골재사업소(당월)'!T21+'[4]골재사업소(누계)'!T21 -> 14323 | U21: =T21-S21 -> 1429.1264 | V21: =+P21+S21 -> 31526.783 | W21: =+Q21+T21 -> 34963 | X21: =W21-V21 -> 3436.2166 | Y21: =+'골재사업소(당월)'!Y21+'[4]골재사업소(누계)'!Y21 -> 7243.1251 | Z21: =+'골재사업소(당월)'!Z21+'[4]골재사업소(누계)'!Z21 -> 8633 | AA21: =Z21-Y21 -> 1389.8749 | AB21: =+M21+V21+Y21 -> 38769.908 | AC21: =+N21+W21+Z21 -> 45468 | AD21: =AC21-AB21 -> 6698.0915 | AF21: =+AF20=AB20 -> TRUE | AG21: =+AG20=AC20 -> FALSE
E22: 물량 | F22: 서부산 | G22: =+'골재사업소(당월)'!G22+'[4]골재사업소(누계)'!G22 -> 21758 | H22: =+'골재사업소(당월)'!H22+'[4]골재사업소(누계)'!H22 -> 20150 | I22: =H22-G22 -> -1608 | J22: =+'골재사업소(당월)'!J22+'[4]골재사업소(누계)'!J22 -> 1751.6 | K22: =+'골재사업소(당월)'!K22+'[4]골재사업소(누계)'!K22 -> 640 | L22: =K22-J22 -> -1111.6 | M22: =+G22+J22 -> 23509.6 | N22: =+H22+K22 -> 20790 | O22: =N22-M22 -> -2719.6 | P22: =+'골재사업소(당월)'!P22+'[4]골재사업소(누계)'!P22 -> 0 | Q22: =+'골재사업소(당월)'!Q22+'[4]골재사업소(누계)'!Q22 -> 176 | R22: =Q22-P22 -> 176 | S22: =+'골재사업소(당월)'!S22+'[4]골재사업소(누계)'!S22 -> 3799.9 | T22: =+'골재사업소(당월)'!T22+'[4]골재사업소(누계)'!T22 -> 6992 | U22: =T22-S22 -> 3192.1 | V22: =+P22+S22 -> 3799.9 | W22: =+Q22+T22 -> 7168 | X22: =W22-V22 -> 3368.1 | Y22: =+'골재사업소(당월)'!Y22+'[4]골재사업소(누계)'!Y22 -> 6926.8252 | Z22: =+'골재사업소(당월)'!Z22+'[4]골재사업소(누계)'!Z22 -> 7584 | AA22: =Z22-Y22 -> 657.17483 | AB22: =+M22+V22+Y22 -> 34236.325 | AC22: =+N22+W22+Z22 -> 35542 | AD22: =AC22-AB22 -> 1305.6748 | AF22: =+AB20-AF20 -> 0 | AG22: =+AC20-AG20 -> 9.9999597e-06
F23: 김해 | G23: =+'골재사업소(당월)'!G23+'[4]골재사업소(누계)'!G23 -> 0 | H23: =+'골재사업소(당월)'!H23+'[4]골재사업소(누계)'!H23 -> 1648 | I23: =H23-G23 -> 1648 | J23: =+'골재사업소(당월)'!J23+'[4]골재사업소(누계)'!J23 -> 0 | K23: =+'골재사업소(당월)'!K23+'[4]골재사업소(누계)'!K23 -> 0 | L23: =K23-J23 -> 0 | M23: =+G23+J23 -> 0 | N23: =+H23+K23 -> 1648 | O23: =N23-M23 -> 1648 | P23: =+'골재사업소(당월)'!P23+'[4]골재사업소(누계)'!P23 -> 0 | Q23: =+'골재사업소(당월)'!Q23+'[4]골재사업소(누계)'!Q23 -> 0 | R23: =Q23-P23 -> 0 | S23: =+'골재사업소(당월)'!S23+'[4]골재사업소(누계)'!S23 -> 0 | T23: =+'골재사업소(당월)'!T23+'[4]골재사업소(누계)'!T23 -> 0 | U23: =T23-S23 -> 0 | V23: =+P23+S23 -> 0 | W23: =+Q23+T23 -> 0 | X23: =W23-V23 -> 0 | Y23: =+'골재사업소(당월)'!Y23+'[4]골재사업소(누계)'!Y23 -> 4118.8811 | Z23: =+'골재사업소(당월)'!Z23+'[4]골재사업소(누계)'!Z23 -> 0 | AA23: =Z23-Y23 -> -4118.8811 | AB23: =+M23+V23+Y23 -> 4118.8811 | AC23: =+N23+W23+Z23 -> 1648 | AD23: =AC23-AB23 -> -2470.8811
F24: 정관 | G24: =+'골재사업소(당월)'!G24+'[4]골재사업소(누계)'!G24 -> 0 | H24: =+'골재사업소(당월)'!H24+'[4]골재사업소(누계)'!H24 -> 0 | I24: =H24-G24 -> 0 | J24: =+'골재사업소(당월)'!J24+'[4]골재사업소(누계)'!J24 -> 0 | K24: =+'골재사업소(당월)'!K24+'[4]골재사업소(누계)'!K24 -> 0 | L24: =K24-J24 -> 0 | M24: =+G24+J24 -> 0 | N24: =+H24+K24 -> 0 | O24: =N24-M24 -> 0 | P24: =+'골재사업소(당월)'!P24+'[4]골재사업소(누계)'!P24 -> 0 | Q24: =+'골재사업소(당월)'!Q24+'[4]골재사업소(누계)'!Q24 -> 0 | R24: =Q24-P24 -> 0 | S24: =+'골재사업소(당월)'!S24+'[4]골재사업소(누계)'!S24 -> 0 | T24: =+'골재사업소(당월)'!T24+'[4]골재사업소(누계)'!T24 -> 128 | U24: =T24-S24 -> 128 | V24: =+P24+S24 -> 0 | W24: =+Q24+T24 -> 128 | X24: =W24-V24 -> 128 | Y24: =+'골재사업소(당월)'!Y24+'[4]골재사업소(누계)'!Y24 -> 7874.6853 | Z24: =+'골재사업소(당월)'!Z24+'[4]골재사업소(누계)'!Z24 -> 0 | AA24: =Z24-Y24 -> -7874.6853 | AB24: =+M24+V24+Y24 -> 7874.6853 | AC24: =+N24+W24+Z24 -> 128 | AD24: =AC24-AB24 -> -7746.6853
F25: 양산 | G25: =+'골재사업소(당월)'!G25+'[4]골재사업소(누계)'!G25 -> 0 | H25: =+'골재사업소(당월)'!H25+'[4]골재사업소(누계)'!H25 -> 0 | I25: =H25-G25 -> 0 | J25: =+'골재사업소(당월)'!J25+'[4]골재사업소(누계)'!J25 -> 0 | K25: =+'골재사업소(당월)'!K25+'[4]골재사업소(누계)'!K25 -> 528 | L25: =K25-J25 -> 528 | M25: =+G25+J25 -> 0 | N25: =+H25+K25 -> 528 | O25: =N25-M25 -> 528 | P25: =+'골재사업소(당월)'!P25+'[4]골재사업소(누계)'!P25 -> 0 | Q25: =+'골재사업소(당월)'!Q25+'[4]골재사업소(누계)'!Q25 -> 0 | R25: =Q25-P25 -> 0 | S25: =+'골재사업소(당월)'!S25+'[4]골재사업소(누계)'!S25 -> 0 | T25: =+'골재사업소(당월)'!T25+'[4]골재사업소(누계)'!T25 -> 240 | U25: =T25-S25 -> 240 | V25: =+P25+S25 -> 0 | W25: =+Q25+T25 -> 240 | X25: =W25-V25 -> 240 | Y25: =+'골재사업소(당월)'!Y25+'[4]골재사업소(누계)'!Y25 -> 1991.2517 | Z25: =+'골재사업소(당월)'!Z25+'[4]골재사업소(누계)'!Z25 -> 5168 | AA25: =Z25-Y25 -> 3176.7483 | AB25: =+M25+V25+Y25 -> 1991.2517 | AC25: =+N25+W25+Z25 -> 5936 | AD25: =AC25-AB25 -> 3944.7483
F26: 창원 | G26: =+'골재사업소(당월)'!G26+'[4]골재사업소(누계)'!G26 -> 0 | H26: =+'골재사업소(당월)'!H26+'[4]골재사업소(누계)'!H26 -> 160 | I26: =H26-G26 -> 160 | J26: =+'골재사업소(당월)'!J26+'[4]골재사업소(누계)'!J26 -> 0 | K26: =+'골재사업소(당월)'!K26+'[4]골재사업소(누계)'!K26 -> 240 | L26: =K26-J26 -> 240 | M26: =+G26+J26 -> 0 | N26: =+H26+K26 -> 400 | O26: =N26-M26 -> 400 | P26: =+'골재사업소(당월)'!P26+'[4]골재사업소(누계)'!P26 -> 0 | Q26: =+'골재사업소(당월)'!Q26+'[4]골재사업소(누계)'!Q26 -> 0 | R26: =Q26-P26 -> 0 | S26: =+'골재사업소(당월)'!S26+'[4]골재사업소(누계)'!S26 -> 0 | T26: =+'골재사업소(당월)'!T26+'[4]골재사업소(누계)'!T26 -> 0 | U26: =T26-S26 -> 0 | V26: =+P26+S26 -> 0 | W26: =+Q26+T26 -> 0 | X26: =W26-V26 -> 0 | Y26: =+'골재사업소(당월)'!Y26+'[4]골재사업소(누계)'!Y26 -> 0 | Z26: =+'골재사업소(당월)'!Z26+'[4]골재사업소(누계)'!Z26 -> 0 | AA26: =Z26-Y26 -> 0 | AB26: =+M26+V26+Y26 -> 0 | AC26: =+N26+W26+Z26 -> 400 | AD26: =AC26-AB26 -> 400
E27: 자가이송 | F27: 부산 | G27: =IFERROR(G35/G21,)*1000 -> 0 | H27: =IFERROR(H35/H21,)*1000 -> 12500 | I27: =H27-G27 -> 12500 | J27: =IFERROR(J35/J21,)*1000 -> 0 | K27: =IFERROR(K35/K21,)*1000 -> 0 | L27: =K27-J27 -> 0 | M27: =+IFERROR(HLOOKUP($A$1,[14]손익!$G$5:$AB$252,48,),) -> 0 | N27: =IFERROR(N35/N21,)*1000 -> 12500 | O27: =N27-M27 -> 12500 | P27: =IFERROR(P35/P21,)*1000 -> 16000 | Q27: =IFERROR(Q35/Q21,)*1000 -> 17500 | R27: =Q27-P27 -> 1500 | S27: =IFERROR(S35/S21,)*1000 -> 23000 | T27: =IFERROR(T35/T21,)*1000 -> 23500 | U27: =T27-S27 -> 500 | V27: =+IFERROR(HLOOKUP($A$1,[15]손익!$G$5:$AB$252,48,),) -> 18865.738 | W27: =IFERROR(W35/W21,)*1000 -> 19957.97 | X27: =W27-V27 -> 1092.232 | Y27: =IFERROR(Y35/Y21,)*1000 -> 31396.603 | Z27: =IFERROR(Z35/Z21,)*1000 -> 32000 | AA27: =Z27-Y27 -> 603.39708 | AB27: =+AB35/AB21*1000 -> 21204.465 | AC27: =IFERROR(AC35/AC21,)*1000 -> 21937.33 | AD27: =AC27-AB27 -> 732.86443
E28: 단가 | F28: 서부산 | G28: =IFERROR(G36/G22,)*1000 -> 16000 | H28: =IFERROR(H36/H22,)*1000 -> 17000 | I28: =H28-G28 -> 1000 | J28: =IFERROR(J36/J22,)*1000 -> 10500 | K28: =IFERROR(K36/K22,)*1000 -> 10500 | L28: =K28-J28 -> 0 | M28: =+IFERROR(HLOOKUP($A$1,[14]손익!$G$5:$AB$252,49,),) -> 0 | N28: =IFERROR(N36/N22,)*1000 -> 16799.904 | O28: =N28-M28 -> 16799.904 | P28: =IFERROR(P36/P22,)*1000 -> 0 | Q28: =IFERROR(Q36/Q22,)*1000 -> 12000 | R28: =Q28-P28 -> 12000 | S28: =IFERROR(S36/S22,)*1000 -> 19000 | T28: =IFERROR(T36/T22,)*1000 -> 20000 | U28: =T28-S28 -> 1000 | V28: =+IFERROR(HLOOKUP($A$1,[15]손익!$G$5:$AB$252,49,),) -> 19000 | W28: =IFERROR(W36/W22,)*1000 -> 19803.571 | X28: =W28-V28 -> 803.57143 | Y28: =IFERROR(Y36/Y22,)*1000 -> 28000 | Z28: =IFERROR(Z36/Z22,)*1000 -> 28000 | AA28: =Z28-Y28 -> 0 | AB28: =+AB36/AB22*1000 -> 18479.466 | AC28: =IFERROR(AC36/AC22,)*1000 -> 19795.566 | AD28: =AC28-AB28 -> 1316.0999
