Workbook

Sheet 표지
A6: 2024년 3월 마감 손익
A24: 건재사업본부

Sheet 손익총괄
C3: □ 건재사업본부 손익실적(2024-03) | Z3: □ 건재부문 실적(3월)
X4: [단위 : 천㎥, 톤, 원/㎥, 원/톤, 백만원] | AK4: (단위 : 천㎥, 천톤, 억원)
C5: 구분 | E5: 3월 | J5: 3월 누계 | P5: 3월 주요지표 | Z5: 구분 | AB5: =+E5 -> 3월 | AG5: =+J5 -> 3월 누계
E6: 계획 | F6: 실적 | G6: 계획대비 | H6: 전년 | I6: 전년대비 | J6: 계획 | K6: 실적 | L6: 계획대비 | M6: 전년 | N6: 전년대비 | AB6: =+E6 -> 계획 | AC6: =+F6 -> 실적 | AD6: =+G6 -> 계획대비 | AE6: =+H6 -> 전년 | AF6: =+I6 -> 전년대비 | AG6: =+J6 -> 계획 | AH6: =+K6 -> 실적 | AI6: =+L6 -> 계획대비 | ... AK6: =+N6 -> 전년대비
C7: 물량 | D7: 레미콘 | E7: =+'[1]3월'!$Z$7/1000 -> 286 | F7: =+'[2]3월'!$Z$7/1000 -> 298.4865 | G7: =+F7-E7 -> 12.4865 | H7: =+'[3]3월'!$Z$7/1000 -> 364.2905 | I7: =+F7-H7 -> -65.804 | J7: =+[4]손익총괄!J7+E7 -> 756 | K7: =+[4]손익총괄!K7+F7 -> 794.9285 | L7: =+K7-J7 -> 38.9285 | M7: =+[4]손익총괄!M7+H7 -> 956.873 | N7: =+K7-M7 -> -161.9445 | Q7: □ 레미콘 | Z7: 물량 | AA7: =+D7 -> 레미콘 | AB7: =+E7 -> 286 | AC7: =+F7 -> 298.4865 | AD7: =+AC7-AB7 -> 12.4865 | AE7: =+H7 -> 364.2905 | AF7: =+AC7-AE7 -> -65.804 | AG7: =+J7 -> 756 | AH7: =+K7 -> 794.9285 | AI7: =+AH7-AG7 -> 38.9285 | AJ7: =+M7 -> 956.873 | AK7: =+AH7-AJ7 -> -161.9445
D8: 철강재 | E8: =+'[1]3월'!$AA$7 -> 7300 | F8: =+'[2]3월'!$AO$7 -> 8665.068 | G8: =+F8-E8 -> 1365.068 | H8: =+'[3]3월'!$AO$7 -> 9838.578 | I8: =+F8-H8 -> -1173.51 | J8: =+[4]손익총괄!J8+E8 -> 20600 | K8: =+[4]손익총괄!K8+F8 -> 21735.563 | L8: =+K8-J8 -> 1135.563 | M8: =+[4]손익총괄!M8+H8 -> 25167.705 | N8: =+K8-M8 -> -3432.142 | Q8: 구분 | S8: 계획 | T8: 실적 | U8: 계획대비 | V8: 전년 | W8: 전년대비 | AA8: =+D8 -> 철강재 | AB8: =+E8/1000 -> 7.3 | AC8: =+F8/1000 -> 8.665068 | AD8: =+AC8-AB8 -> 1.365068 | AE8: =+H8/1000 -> 9.838578 | AF8: =+AC8-AE8 -> -1.17351 | AG8: =+J8/1000 -> 20.6 | AH8: =+K8/1000 -> 21.735563 | AI8: =+AH8-AG8 -> 1.135563 | AJ8: =+M8/1000 -> 25.167705 | AK8: =+AH8-AJ8 -> -3.432142
D9: 골재 | E9: =+'[1]3월'!$AE$7/1000 -> 56.647025 | F9: =+'[2]3월'!$AN$7/1000 -> 84.928 | G9: =+F9-E9 -> 28.280975 | H9: =+'[3]3월'!$AN$7/1000 -> 56.46 | I9: =+F9-H9 -> 28.468 | J9: =+[4]손익총괄!J9+E9 -> 200.13808 | K9: =+[4]손익총괄!K9+F9 -> 234.717 | L9: =+K9-J9 -> 34.578923 | M9: =+[4]손익총괄!M9+H9 -> 187.093 | N9: =+K9-M9 -> 47.624 | Q9: 물량 | R9: 수도권 | S9: =+[5]수도권!$T$5/1000 -> 108.5 | T9: =+[5]수도권!$U$5/1000 -> 110.047 | U9: =+T9-S9 -> 1.547 | V9: =+[6]수도권!$T$5/1000 -> 134.352 | W9: =+T9-V9 -> -24.305 | AA9: =+D9 -> 골재 | AB9: =+E9 -> 56.647025 | AC9: =+F9 -> 84.928 | AD9: =+AC9-AB9 -> 28.280975 | AE9: =+H9 -> 56.46 | AF9: =+AC9-AE9 -> 28.468 | AG9: =+J9 -> 200.13808 | AH9: =+K9 -> 234.717 | AI9: =+AH9-AG9 -> 34.578923 | AJ9: =+M9 -> 187.093 | AK9: =+AH9-AJ9 -> 47.624
C10: 매출 | D10: 레미콘 | E10: =+'[1]3월'!$Z$8/1000 -> 29068.74 | F10: =+'[2]3월'!$Z$8/1000 -> 30505.252 | G10: =+F10-E10 -> 1436.5118 | H10: =+'[3]3월'!$Z$8/1000 -> 34465.761 | I10: =+F10-H10 -> -3960.5087 | J10: =+[4]손익총괄!J10+E10 -> 76183.36 | K10: =+[4]손익총괄!K10+F10 -> 80602.44 | L10: =+K10-J10 -> 4419.0803 | M10: =+[4]손익총괄!M10+H10 -> 89505.517 | N10: =+K10-M10 -> -8903.0761 | R10: 영남권 | S10: =+[5]영남권!$T$5/1000 -> 125 | T10: =+[5]영남권!$U$5/1000 -> 134.5 | U10: =+T10-S10 -> 9.5 | V10: =+[6]영남권!$T$5/1000 -> 163.0325 | W10: =+T10-V10 -> -28.5325 | Z10: 매출액 | AA10: =+D10 -> 레미콘 | AB10: =+E10/100 -> 290.6874 | AC10: =+F10/100 -> 305.05252 | AD10: =+AC10-AB10 -> 14.365118 | AE10: =+H10/100 -> 344.65761 | AF10: =+AC10-AE10 -> -39.605087 | AG10: =+J10/100 -> 761.8336 | AH10: =+K10/100 -> 806.0244 | AI10: =+AH10-AG10 -> 44.190803 | AJ10: =+M10/100 -> 895.05517 | AK10: =+AH10-AJ10 -> -89.030761
D11: 건자재 | E11: =+'[1]3월'!$AA$8/1000 -> 8929.3158 | F11: =+'[2]3월'!$AO$8/1000 -> 8759.9178 | G11: =+F11-E11 -> -169.398 | H11: =+'[3]3월'!$AO$8/1000 -> 11359.969 | I11: =+F11-H11 -> -2600.0515 | J11: =+[4]손익총괄!J11+E11 -> 25207.457 | K11: =+[4]손익총괄!K11+F11 -> 22933.533 | L11: =+K11-J11 -> -2273.9239 | M11: =+[4]손익총괄!M11+H11 -> 29963.075 | N11: =+K11-M11 -> -7029.5416 | R11: 중부권 | S11: =+[5]중부권!$T$5/1000 -> 52.5 | T11: =+[5]중부권!$U$5/1000 -> 53.9395 | U11: =+T11-S11 -> 1.4395 | V11: =+[6]중부권!$T$5/1000 -> 66.906 | W11: =+T11-V11 -> -12.9665 | AA11: =+D11 -> 건자재 | AB11: =+E11/100 -> 89.293158 | AC11: =+F11/100 -> 87.599178 | AD11: =+AC11-AB11 -> -1.69398 | AE11: =+H11/100 -> 113.59969 | AF11: =+AC11-AE11 -> -26.000515 | AG11: =+J11/100 -> 252.07457 | AH11: =+K11/100 -> 229.33533 | AI11: =+AH11-AG11 -> -22.739239 | AJ11: =+M11/100 -> 299.63075 | AK11: =+AH11-AJ11 -> -70.295416
D12: 골재 | E12: =+'[1]3월'!$AE$8/1000 -> 1271.8175 | F12: =+'[2]3월'!$AN$8/1000 -> 1765.0027 | G12: =+F12-E12 -> 493.1852 | H12: =+'[3]3월'!$AN$8/1000 -> 1014.7881 | I12: =+F12-H12 -> 750.21457 | J12: =+[4]손익총괄!J12+E12 -> 4274.4968 | K12: =+[4]손익총괄!K12+F12 -> 4781.6092 | L12: =+K12-J12 -> 507.11237 | M12: =+[4]손익총괄!M12+H12 -> 3527.6313 | N12: =+K12-M12 -> 1253.9779 | Q12: 계 | S12: =SUM(S9:S11) -> 286 | T12: =SUM(T9:T11) -> 298.4865 | U12: =+T12-S12 -> 12.4865 | V12: =SUM(V9:V11) -> 364.2905 | W12: =+T12-V12 -> -65.804 | AA12: =+D12 -> 골재 | AB12: =+E12/100 -> 12.718175 | AC12: =+F12/100 -> 17.650027 | AD12: =+AC12-AB12 -> 4.931852 | AE12: =+H12/100 -> 10.147881 | AF12: =+AC12-AE12 -> 7.5021457 | AG12: =+J12/100 -> 42.744968 | AH12: =+K12/100 -> 47.816092 | AI12: =+AH12-AG12 -> 5.0711237 | AJ12: =+M12/100 -> 35.276313 | AK12: =+AH12-AJ12 -> 12.539779
D13: 기타 | E13: =+'[1]3월'!$E$8/1000-E10-E11-E12 -> 164.9075 | F13: =+'[2]3월'!$F$8/1000-F10-F11-F12 -> 164.55387 | G13: =+F13-E13 -> -0.35363233 | H13: =+'[3]3월'!$F$8/1000-H10-H11-H12 -> 197.66135 | I13: =+F13-H13 -> -33.10748 | J13: =+[4]손익총괄!J13+E13 -> 494.7225 | K13: =+[4]손익총괄!K13+F13 -> 493.55454 | L13: =+K13-J13 -> -1.167963 | M13: =+[4]손익총괄!M13+H13 -> 545.87154 | N13: =+K13-M13 -> -52.317005 | Q13: 판매단가 | R13: 수도권 | S13: =+[5]수도권!$T$61 -> 99587.16 | T13: =+[5]수도권!$U$61 -> 101292.86 | U13: =+T13-S13 -> 1705.7037 | V13: =+[6]수도권!$Q$85 -> 90214.452 | W13: =+T13-V13 -> 11078.412 | AA13: =+D13 -> 기타 | AB13: =+E13/100 -> 1.649075 | AC13: =+F13/100 -> 1.6455387 | AD13: =+AC13-AB13 -> -0.0035363233 | AE13: =+H13/100 -> 1.9766135 | AF13: =+AC13-AE13 -> -0.3310748 | AG13: =+J13/100 -> 4.947225 | AH13: =+K13/100 -> 4.9355454 | AI13: =+AH13-AG13 -> -0.01167963 | AJ13: =+M13/100 -> 5.4587154 | AK13: =+AH13-AJ13 -> -0.52317005
C14: 계 | E14: =SUM(E10:E13) -> 39434.781 | F14: =SUM(F10:F13) -> 41194.726 | G14: =+F14-E14 -> 1759.9454 | H14: =SUM(H10:H13) -> 47038.179 | I14: =+F14-H14 -> -5843.4531 | J14: =SUM(J10:J13) -> 106160.04 | K14: =SUM(K10:K13) -> 108811.14 | L14: =+K14-J14 -> 2651.1008 | M14: =SUM(M10:M13) -> 123542.09 | N14: =+K14-M14 -> -14730.957 | R14: 영남권 | S14: =+[5]영남권!$T$61 -> 101799.63 | T14: =+[5]영남권!$U$61 -> 101364.13 | U14: =+T14-S14 -> -435.5036 | V14: =+[6]영남권!$Q$85 -> 97096.926 | W14: =+T14-V14 -> 4267.1996 | AA14: 계 | AB14: =SUM(AB10:AB13) -> 394.34781 | AC14: =SUM(AC10:AC13) -> 411.94726 | AD14: =+AC14-AB14 -> 17.599454 | AE14: =SUM(AE10:AE13) -> 470.38179 | AF14: =+AC14-AE14 -> -58.434531 | AG14: =SUM(AG10:AG13) -> 1061.6004 | AH14: =SUM(AH10:AH13) -> 1088.1114 | AI14: =+AH14-AG14 -> 26.511008 | AJ14: =SUM(AJ10:AJ13) -> 1235.4209 | AK14: =+AH14-AJ14 -> -147.30957
C15: 매출원가 | D15: 레미콘 | E15: =+('[1]3월'!$Z$10+'[1]3월'!$Z$19)/1000 -> 24470.106 | F15: =+('[2]3월'!$Z$10+'[2]3월'!$Z$19)/1000 -> 26174.702 | G15: =+F15-E15 -> 1704.5966 | H15: =+('[3]3월'!$Z$10+'[3]3월'!$Z$19)/1000 -> 28231.322 | I15: =+F15-H15 -> -2056.6196 | J15: =+[4]손익총괄!J15+E15 -> 65799.017 | K15: =+[4]손익총괄!K15+F15 -> 70916.899 | L15: =+K15-J15 -> 5117.8815 | M15: =+[4]손익총괄!M15+H15 -> 75054.71 | N15: =+K15-M15 -> -4137.8115 | R15: 중부권 | S15: =+[5]중부권!$T$61 -> 105496.75 | T15: =+[5]중부권!$U$61 -> 106231.06 | U15: =+T15-S15 -> 734.31053 | V15: =+[6]중부권!$Q$85 -> 97398.18 | W15: =+T15-V15 -> 8832.8851 | Z15: 영업이익 | AA15: =+D30 -> 레미콘 | AB15: =+E30/100 -> 39.126893 | AC15: =+F30/100 -> 36.918986 | AD15: =+AC15-AB15 -> -2.2079074 | AE15: =+H30/100 -> 55.973249 | AF15: =+AC15-AE15 -> -19.054263 | AG15: =+J30/100 -> 83.75105 | AH15: =+K30/100 -> 77.133876 | AI15: =+AH15-AG15 -> -6.6171741 | AJ15: =+M30/100 -> 124.6607 | AK15: =+AH15-AJ15 -> -47.526825
D16: 건자재 | E16: =+('[1]3월'!$AA$10+'[1]3월'!$AA$19)/1000 -> 8700.4423 | F16: =+('[2]3월'!$AO$10+'[2]3월'!$AO$19)/1000 -> 8596.6222 | G16: =+F16-E16 -> -103.82006 | H16: =+('[3]3월'!$AO$10+'[3]3월'!$AO$19)/1000 -> 11153.676 | I16: =+F16-H16 -> -2557.0534 | J16: =+[4]손익총괄!J16+E16 -> 24562.006 | K16: =+[4]손익총괄!K16+F16 -> 22399.724 | L16: =+K16-J16 -> -2162.2812 | M16: =+[4]손익총괄!M16+H16 -> 29387.997 | N16: =+K16-M16 -> -6988.2722 | Q16: 계 | S16: =+[5]합계!$T$61 -> 101638.95 | T16: =+[5]합계!$U$61 -> 102216.11 | U16: =+T16-S16 -> 577.15967 | V16: =+[6]합계!$Q$85 -> 94616.766 | W16: =+T16-V16 -> 7599.3453 | AA16: =+D31 -> % | AB16: =+E31 -> 0.13460127 | AC16: =+F31 -> 0.12102501 | AD16: =+AC16-AB16 -> -0.013576254 | AE16: =+H31 -> 0.16240248 | AF16: =+AC16-AE16 -> -0.041377462 | AG16: =+J31 -> 0.10993352 | AH16: =+K31 -> 0.0956967 | AI16: =+AH16-AG16 -> -0.01423682 | AJ16: =+M31 -> 0.13927711 | AK16: =+AH16-AJ16 -> -0.043580414
D17: 골재 | E17: =+('[1]3월'!$AE$10+'[1]3월'!$AE$19)/1000 -> 1177.972 | F17: =+('[2]3월'!$AN$10+'[2]3월'!$AN$19)/1000 -> 1564.4598 | G17: =+F17-E17 -> 386.48782 | H17: =+('[3]3월'!$AN$10+'[3]3월'!$AN$19)/1000 -> 831.37837 | I17: =+F17-H17 -> 733.08143 | J17: =+[4]손익총괄!J17+E17 -> 3968.9273 | K17: =+[4]손익총괄!K17+F17 -> 4229.3105 | L17: =+K17-J17 -> 260.38318 | M17: =+[4]손익총괄!M17+H17 -> 3155.4331 | N17: =+K17-M17 -> 1073.8773 | Q17: 공헌이익 | R17: 수도권 | S17: =+[5]수도권!$Q$90 -> 21095.807 | T17: =+[5]수도권!$R$90 -> 19077.909 | U17: =+T17-S17 -> -2017.8977 | V17: =+[6]수도권!$Q$90 -> 16629.535 | W17: =+T17-V17 -> 2448.3737 | AA17: =+D32 -> 건자재 | AB17: =+E32/100 -> 0.94407923 | AC17: =+F32/100 -> 0.31655346 | AD17: =+AC17-AB17 -> -0.62752577 | AE17: =+H32/100 -> 0.54577897 | AF17: =+AC17-AE17 -> -0.22922551 | AG17: =+J32/100 -> 2.603396 | AH17: =+K32/100 -> 1.4876724 | AI17: =+AH17-AG17 -> -1.1157236 | AJ17: =+M32/100 -> 2.0620407 | AK17: =+AH17-AJ17 -> -0.57436838
D18: 기타 | E18: =+('[1]3월'!$E$10+'[1]3월'!$E$19)/1000-E15-E16-E17 -> 49.561638 | F18: =+('[2]3월'!$F$10+'[2]3월'!$F$19)/1000-F15-F16-F17 -> 14.536916 | G18: =+F18-E18 -> -35.024722 | H18: =+('[3]3월'!$F$10+'[3]3월'!$F$19)/1000-H15-H16-H17 -> -17.724033 | I18: =+F18-H18 -> 32.260949 | J18: =+[4]손익총괄!J18+E18 -> 107.32467 | K18: =+[4]손익총괄!K18+F18 -> 71.47703 | L18: =+K18-J18 -> -35.847643 | M18: =+[4]손익총괄!M18+H18 -> 31.449464 | N18: =+K18-M18 -> 40.027566 | R18: 영남권 | S18: =+[5]영남권!$Q$90 -> 26231.975 | T18: =+[5]영남권!$R$90 -> 22198.4 | U18: =+T18-S18 -> -4033.5755 | V18: =+[6]영남권!$Q$90 -> 26639.265 | W18: =+T18-V18 -> -4440.8647 | AA18: =+D33 -> 골재 | AB18: =+E33/100 -> -0.33719615 | AC18: =+F33/100 -> 1.558676 | AD18: =+AC18-AB18 -> 1.8958721 | AE18: =+H33/100 -> 1.6304315 | AF18: =+AC18-AE18 -> -0.071755507 | AG18: =+J33/100 -> 1.039859 | AH18: =+K33/100 -> 4.1912069 | AI18: =+AH18-AG18 -> 3.1513479 | AJ18: =+M33/100 -> 3.154824 | AK18: =+AH18-AJ18 -> 1.0363829
C19: 계 | E19: =SUM(E15:E18) -> 34398.082 | F19: =SUM(F15:F18) -> 36350.321 | G19: =+F19-E19 -> 1952.2396 | H19: =SUM(H15:H18) -> 40198.652 | I19: =+F19-H19 -> -3848.3306 | J19: =SUM(J15:J18) -> 94437.275 | K19: =SUM(K15:K18) -> 97617.411 | L19: =+K19-J19 -> 3180.1358 | M19: =SUM(M15:M18) -> 107629.59 | N19: =+K19-M19 -> -10012.179 | R19: 중부권 | S19: =+[5]중부권!$Q$90 -> 29745.744 | T19: =+[5]중부권!$R$90 -> 29414.592 | U19: =+T19-S19 -> -331.15156 | V19: =+[6]중부권!$Q$90 -> 29128.006 | W19: =+T19-V19 -> 286.58581 | AA19: =+D34 -> 기타 | AB19: =+E34/100 -> -10.783693 | AC19: =+F34/100 -> -30.027274 | AD19: =+AC19-AB19 -> -19.243581 | AE19: =+H34/100 -> -10.741647 | AF19: =+AC19-AE19 -> -19.285627 | AG19: =+J34/100 -> -34.279632 | AH19: =+K34/100 -> -51.302564 | AI19: =+AH19-AG19 -> -17.022932 | AJ19: =+M34/100 -> -29.674638 | AK19: =+AH19-AJ19 -> -21.627926
C20: 매출이익 | D20: 레미콘 | E20: =+E10-E15 -> 4598.6345 | F20: =+F10-F15 -> 4330.5497 | G20: =+F20-E20 -> -268.08478 | H20: =+H10-H15 -> 6234.4388 | I20: =+F20-H20 -> -1903.8891 | J20: =+J10-J15 -> 10384.343 | K20: =+K10-K15 -> 9685.5416 | L20: =+K20-J20 -> -698.80114 | M20: =+M10-M15 -> 14450.806 | N20: =+K20-M20 -> -4765.2646 | Q20: 계 | S20: =+[5]합계!$Q$90 -> 24928.474 | T20: =+[5]합계!$R$90 -> 22348.202 | U20: =+T20-S20 -> -2580.2714 | V20: =+[6]합계!$Q$90 -> 23396.958 | W20: =+T20-V20 -> -1048.7558 | AA20: 계 | AB20: =+AB15+AB17+AB18+AB19 -> 28.950084 | AC20: =+AC15+AC17+AC18+AC19 -> 8.7669411 | AD20: =+AC20-AB20 -> -20.183142 | AE20: =+AE15+AE17+AE18+AE19 -> 47.407813 | AF20: =+AC20-AE20 -> -38.640871 | AG20: =+AG15+AG17+AG18+AG19 -> 53.114672 | AH20: =+AH15+AH17+AH18+AH19 -> 31.510191 | AI20: =+AH20-AG20 -> -21.604482 | AJ20: =+AJ15+AJ17+AJ18+AJ19 -> 100.20293 | AK20: =+AH20-AJ20 -> -68.692736
D21: 건자재 | E21: =+E11-E16 -> 228.8735 | F21: =+F11-F16 -> 163.29556 | G21: =+F21-E21 -> -65.577945 | H21: =+H11-H16 -> 206.29365 | I21: =+F21-H21 -> -42.998097 | J21: =+J11-J16 -> 645.45115 | K21: =+K11-K16 -> 533.80844 | L21: =+K21-J21 -> -111.64271 | M21: =+M11-M16 -> 575.07791 | N21: =+K21-M21 -> -41.269471 | Q21: □ 건자재 | AA21: =+D36 -> % | AB21: =+E36 -> 0.073412564 | AC21: =+F36 -> 0.021281707 | AD21: =+G36 -> -0.052130856 | AE21: =+H36 -> 0.10078582 | AF21: =+I36 -> -0.079504108 | AG21: =+J36 -> 0.050032643 | AH21: =+K36 -> 0.028958608 | ... AK21: =+N36 -> -0.05214972
D22: 골재 | E22: =+E12-E17 -> 93.845488 | F22: =+F12-F17 -> 200.54287 | G22: =+F22-E22 -> 106.69738 | H22: =+H12-H17 -> 183.40973 | I22: =+F22-H22 -> 17.133138 | J22: =+J12-J17 -> 305.56952 | K22: =+K12-K17 -> 552.29871 | L22: =+K22-J22 -> 246.72919 | M22: =+M12-M17 -> 372.19818 | N22: =+K22-M22 -> 180.10053 | Q22: 구분 | S22: 계획 | T22: 실적 | U22: 계획대비 | V22: 전년 | W22: 전년대비
D23: 기타 | E23: =+E13-E18 -> 115.34586 | F23: =+F13-F18 -> 150.01695 | G23: =+F23-E23 -> 34.67109 | H23: =+H13-H18 -> 215.38538 | I23: =+F23-H23 -> -65.368429 | J23: =+J13-J18 -> 387.39783 | K23: =+K13-K18 -> 422.07751 | L23: =+K23-J23 -> 34.67968 | M23: =+M13-M18 -> 514.42208 | N23: =+K23-M23 -> -92.344571 | Q23: 철강재 판매단가 | S23: =+'[7]3월'!$F$10 -> 978767.12 | T23: =+'[7]3월'!$G$10 -> 873530.52 | U23: =+T23-S23 -> -105236.6 | V23: =+'[8]3월'!$G$10 -> 1030973.4 | W23: =+T23-V23 -> -157442.87
C24: 계 | E24: =SUM(E20:E23) -> 5036.6994 | F24: =SUM(F20:F23) -> 4844.4051 | G24: =+F24-E24 -> -192.29425 | H24: =SUM(H20:H23) -> 6839.5276 | I24: =+F24-H24 -> -1995.1225 | J24: =SUM(J20:J23) -> 11722.761 | K24: =SUM(K20:K23) -> 11193.726 | L24: =+K24-J24 -> -529.03498 | M24: =SUM(M20:M23) -> 15912.504 | N24: =+K24-M24 -> -4718.7781 | Q24: 철강재 마진률 | S24: =+'[7]3월'!$F$15 -> 0.023347096 | T24: =+'[7]3월'!$G$15 -> 0.018797 | U24: =+T24-S24 -> -0.0045500957 | V24: =+'[8]3월'!$G$15 -> 0.01771437 | W24: =+T24-V24 -> 0.0010826304
C25: 판관비 | D25: 레미콘 | E25: =+('[1]3월'!$Z$13+'[1]3월'!$Z$20)/1000 -> 685.94519 | F25: =+('[2]3월'!$Z$13+'[2]3월'!$Z$20)/1000 -> 638.65116 | G25: =+F25-E25 -> -47.294033 | H25: =+('[3]3월'!$Z$13+'[3]3월'!$Z$20)/1000 -> 637.11391 | I25: =+F25-H25 -> 1.537254 | J25: =+[4]손익총괄!J25+E25 -> 2009.2378 | K25: =+[4]손익총괄!K25+F25 -> 1972.154 | L25: =+K25-J25 -> -37.083734 | M25: =+[4]손익총괄!M25+H25 -> 1984.7361 | N25: =+K25-M25 -> -12.582083 | Q25: □ 골재
D26: 건자재 | E26: =+('[1]3월'!$AA$13+'[1]3월'!$AA$20)/1000 -> 134.46558 | F26: =+('[2]3월'!$AO$13+'[2]3월'!$AO$20)/1000 -> 131.64021 | G26: =+F26-E26 -> -2.825368 | H26: =+('[3]3월'!$AO$13+'[3]3월'!$AO$20)/1000 -> 151.71576 | I26: =+F26-H26 -> -20.075546 | J26: =+[4]손익총괄!J26+E26 -> 385.11155 | K26: =+[4]손익총괄!K26+F26 -> 385.04121 | L26: =+K26-J26 -> -0.070343 | M26: =+[4]손익총괄!M26+H26 -> 368.87384 | N26: =+K26-M26 -> 16.167367 | Q26: 구분 | S26: 계획 | T26: 실적 | U26: 계획대비 | V26: 전년 | W26: 전년대비
D27: 골재 | E27: =+('[1]3월'!$AE$13+'[1]3월'!$AE$20+'[1]3월'!$AE$22)/1000 -> 127.5651 | F27: =+('[2]3월'!$AN$13+'[2]3월'!$AN$20+'[2]3월'!$AN$22)/1000 -> 44.675271 | G27: =+F27-E27 -> -82.889832 | H27: =+('[3]3월'!$AN$13+'[3]3월'!$AN$20+'[3]3월'!$AN$22)/1000 -> 20.366582 | I27: =+F27-H27 -> 24.308689 | J27: =+[4]손익총괄!J27+E27 -> 201.58362 | K27: =+[4]손익총괄!K27+F27 -> 133.17802 | L27: =+K27-J27 -> -68.405607 | M27: =+[4]손익총괄!M27+H27 -> 56.715781 | N27: =+K27-M27 -> 76.462234 | Q27: 판매량 | R27: 자가 | S27: =(+'[9]서부산크라샤(당월)'!$N$66+'[9]부산모래장(당월)'!$Q$48+'[9]부산크라샤(당월)'!$N$66)/1000 -> 28.647025 | T27: =(+'[9]서부산크라샤(당월)'!$O$66+'[9]부산모래장(당월)'!$R$48+'[9]부산크라샤(당월)'!$O$66)/1000 -> 49.65 | U27: =+T27-S27 -> 21.002975 | V27: =('[10]부산골재(당월)'!$R$48+'[10]서부산골재(당월)'!$O$66+'[10]부산크라샤(당월)'!$O$66)/1000 -> 34.244 | W27: =+T27-V27 -> 15.406
D28: 기타 | E28: =+('[1]3월'!$E$13+'[1]3월'!$E$20)/1000-E25-E26-E27+('[1]3월'!$E$22/1000) -> 1193.7151 | F28: =+('[2]3월'!$F$13+'[2]3월'!$F$20)/1000-F25-F26-F27+'[2]3월'!$F$22/1000 -> 3152.7443 | G28: =+F28-E28 -> 1959.0292 | H28: =+('[3]3월'!$F$13+'[3]3월'!$F$20)/1000-H25-H26-H27+'[3]3월'!$F$22/1000 -> 1289.5501 | I28: =+F28-H28 -> 1863.1943 | J28: =+[4]손익총괄!J28+E28 -> 3815.3611 | K28: =+[4]손익총괄!K28+F28 -> 5552.3339 | L28: =+K28-J28 -> 1736.9729 | M28: =+[4]손익총괄!M28+H28 -> 3481.8859 | N28: =+K28-M28 -> 2070.448 | R28: 외판 | S28: =(+'[9]서부산크라샤(당월)'!$N$59+'[9]부산모래장(당월)'!$Q$47+'[9]부산크라샤(당월)'!$N$59)/1000 -> 28 | T28: =(+'[9]서부산크라샤(당월)'!$O$59+'[9]부산모래장(당월)'!$R$47+'[9]부산크라샤(당월)'!$O$59)/1000 -> 35.278 | U28: =+T28-S28 -> 7.278 | V28: =+('[10]부산골재(당월)'!$R$47+'[10]서부산골재(당월)'!$O$59+'[10]부산크라샤(당월)'!$O$59)/1000 -> 22.216 | W28: =+T28-V28 -> 13.062
C29: 계 | E29: =SUM(E25:E28) -> 2141.691 | F29: =SUM(F25:F28) -> 3967.711 | G29: =+F29-E29 -> 1826.02 | H29: =SUM(H25:H28) -> 2098.7463 | I29: =+F29-H29 -> 1868.9647 | J29: =SUM(J25:J28) -> 6411.294 | K29: =SUM(K25:K28) -> 8042.7072 | L29: =+K29-J29 -> 1631.4132 | M29: =SUM(M25:M28) -> 5892.2117 | N29: =+K29-M29 -> 2150.4955 | Q29: 합 계 | S29: =SUM(S27:S28) -> 56.647025 | T29: =SUM(T27:T28) -> 84.928 | U29: =+T29-S29 -> 28.280975 | V29: =SUM(V27:V28) -> 56.46 | W29: =+T29-V29 -> 28.468
C30: 영업이익 | D30: 레미콘 | E30: =+E20-E25 -> 3912.6893 | F30: =+F20-F25 -> 3691.8986 | G30: =+F30-E30 -> -220.79074 | H30: =+H20-H25 -> 5597.3249 | I30: =+F30-H30 -> -1905.4263 | J30: =+J20-J25 -> 8375.105 | K30: =+K20-K25 -> 7713.3876 | L30: =+K30-J30 -> -661.71741 | M30: =+M20-M25 -> 12466.07 | N30: =+K30-M30 -> -4752.6825 | Q30: □ 기타내역(영업이익)
D31: % | E31: =+E30/E10 -> 0.13460127 | F31: =+F30/F10 -> 0.12102501 | G31: =+F31-E31 -> -0.013576254 | H31: =+H30/H10 -> 0.16240248 | I31: =+F31-H31 -> -0.041377462 | J31: =+J30/J10 -> 0.10993352 | K31: =+K30/K10 -> 0.0956967 | L31: =+K31-J31 -> -0.01423682 | M31: =+M30/M10 -> 0.13927711 | N31: =+K31-M31 -> -0.043580414 | Q31: 구분 | S31: 계획 | T31: 실적 | U31: 계획대비 | V31: 전년 | W31: 전년대비
D32: 건자재 | E32: =+E21-E26 -> 94.407923 | F32: =+F21-F26 -> 31.655346 | G32: =+F32-E32 -> -62.752577 | H32: =+H21-H26 -> 54.577897 | I32: =+F32-H32 -> -22.922551 | J32: =+J21-J26 -> 260.3396 | K32: =+K21-K26 -> 148.76724 | L32: =+K32-J32 -> -111.57236 | M32: =+M21-M26 -> 206.20407 | N32: =+K32-M32 -> -57.436838 | Q32: 레미콘임대 | S32: =+'사업장별(당월)'!T33 -> 75.360275 | T32: =+'사업장별(당월)'!U33 -> 75.121657 | U32: =+T32-S32 -> -0.238618 | V32: =+'사업장별(당월)'!W33 -> 66.104033 | W32: =+T32-V32 -> 9.017624
D33: 골재 | E33: =+E22-E27 -> -33.719615 | F33: =+F22-F27 -> 155.8676 | G33: =+F33-E33 -> 189.58721 | H33: =+H22-H27 -> 163.04315 | I33: =+F33-H33 -> -7.1755507 | J33: =+J22-J27 -> 103.9859 | K33: =+K22-K27 -> 419.12069 | L33: =+K33-J33 -> 315.13479 | M33: =+M22-M27 -> 315.4824 | N33: =+K33-M33 -> 103.63829 | Q33: 임대 | S33: =+'사업장별(당월)'!T34 -> 74.623417 | T33: =+'사업장별(당월)'!U34 -> 74.495595 | U33: =+T33-S33 -> -0.12782233 | V33: =+'사업장별(당월)'!W34 -> 125.50124 | W33: =+T33-V33 -> -51.005645
D34: 기타 | E34: =+E23-E28 -> -1078.3693 | F34: =+F23-F28 -> -3002.7274 | G34: =+F34-E34 -> -1924.3581 | H34: =+H23-H28 -> -1074.1647 | I34: =+F34-H34 -> -1928.5627 | J34: =+J23-J28 -> -3427.9632 | K34: =+K23-K28 -> -5130.2564 | L34: =+K34-J34 -> -1702.2932 | M34: =+M23-M28 -> -2967.4638 | N34: =+K34-M34 -> -2162.7926 | Q34: 공통비 | S34: =+'사업장별(당월)'!T35 -> -1156.8522 | T34: =+'사업장별(당월)'!U35 -> -1237.7949 | U34: =+T34-S34 -> -80.942691 | V34: =+'사업장별(당월)'!W35 -> -986.92285 | W34: =+T34-V34 -> -250.87206
C35: 계 | E35: =SUM(E30,E32:E34) -> 2895.0084 | F35: =SUM(F30,F32:F34) -> 876.69411 | G35: =+F35-E35 -> -2018.3142 | H35: =SUM(H30,H32:H34) -> 4740.7813 | I35: =+F35-H35 -> -3864.0871 | J35: =SUM(J30,J32:J34) -> 5311.4672 | K35: =SUM(K30,K32:K34) -> 3151.0191 | L35: =+K35-J35 -> -2160.4482 | M35: =SUM(M30,M32:M34) -> 10020.293 | N35: =+K35-M35 -> -6869.2736 | Q35: 기타 | S35: =+S36-S32-S33-S34 -> -71.500726 | T35: =+T36-T32-T33-T34 -> -1914.5497 | U35: =+T35-S35 -> -1843.049 | V35: =+V36-V32-V33-V34 -> -278.8471 | W35: =+T35-V35 -> -1635.7026
D36: % | E36: =+E35/E14 -> 0.073412564 | F36: =+F35/F14 -> 0.021281707 | G36: =+F36-E36 -> -0.052130856 | H36: =+H35/H14 -> 0.10078582 | I36: =+F36-H36 -> -0.079504108 | J36: =+J35/J14 -> 0.050032643 | K36: =+K35/K14 -> 0.028958608 | L36: =+K36-J36 -> -0.021074035 | M36: =+M35/M14 -> 0.081108328 | N36: =+K36-M36 -> -0.05214972 | Q36: 합계 | S36: =+'사업장별(당월)'!T41 -> -1078.3693 | T36: =+'사업장별(당월)'!U41 -> -3002.7274 | U36: =+T36-S36 -> -1924.3581 | V36: =+'사업장별(당월)'!W41 -> -1074.1647 | W36: =+T36-V36 -> -1928.5627
E38: =+'[1]3월'!$E$26/1000 -> 2895.0084 | F38: =+'[2]3월'!$F$26/1000 -> 876.69411 | H38: =+'[3]3월'!$F$26/1000 -> 4740.7813 | J38: =+[4]손익총괄!J38+E38 -> 5311.4672 | K38: =+[4]손익총괄!K38+F38 -> 3151.0191 | M38: =+[4]손익총괄!M38+H38 -> 10020.293
E39: =+E35=E38 -> TRUE | F39: =+F35=F38 -> FALSE | H39: =+H35=H38 -> TRUE | J39: =+J35=J38 -> FALSE | K39: =+K35=K38 -> FALSE | M39: =+M35=M38 -> TRUE
E40: =+E35-E38 -> -4.0927262e-12 | F40: =+F35-F38 -> 1.1368684e-12 | H40: =+H35-H38 -> 0 | J40: =+J35-J38 -> 0 | K40: =+K35-K38 -> -8.1854523e-12 | M40: =+M35-M38 -> -2.5465852e-11

Sheet 사업장별(당월)
H3: □ 사업장별 손익실적(2024-03)
AG4: [단위 : 천㎥, 톤, 백만원]
H5: 구분 | J5: 물량 | O5: 매출 | T5: 영업이익(공통비 배부전) | Y5: 판매단가 | AB5: 변동비 | AE5: 공헌이익
J6: 계획 | K6: 실적 | L6: 차이 | M6: 전년 | N6: 차이 | O6: 계획 | P6: 실적 | Q6: 차이 | R6: 전년 | S6: 차이 | T6: 계획 | U6: 실적 | V6: 차이 | W6: 전년 | X6: 차이 | Y6: 계획 | Z6: 실적 | AA6: 전년 | AB6: 계획 | AC6: 실적 | AD6: 전년 | AE6: 계획 | AF6: 실적 | AG6: 전년
B7: 안양 | G7: =+I7 -> 안양 | H7: 레미콘 | I7: 안양 | J7: =+IFERROR(HLOOKUP($B7,'[1]3월'!$D$6:$BN$259,2,),)/1000 -> 41 | K7: =+IFERROR(HLOOKUP($B7,'[2]3월'!$F$6:$CP$99,2,),)/1000 -> 40.978 | L7: =+K7-J7 -> -0.022 | M7: =+IFERROR(HLOOKUP($B7,'[3]3월'!$F$6:$CC$57,2,),)/1000 -> 44.44 | N7: =+K7-M7 -> -3.462 | O7: =+IFERROR(HLOOKUP($B7,'[1]3월'!$D$6:$BN$259,3,),)/1000 -> 4131.023 | P7: =+IFERROR(HLOOKUP($B7,'[2]3월'!$F$6:$CP$99,3,),)/1000 -> 4078.3749 | Q7: =+P7-O7 -> -52.648036 | R7: =+IFERROR(HLOOKUP($B7,'[3]3월'!$F$6:$CC$57,3,),)/1000 -> 4017.1087 | S7: =+P7-R7 -> 61.266257 | T7: =+IFERROR(HLOOKUP($B7,'[1]3월'!$D$6:$BN$259,16,),)/1000 -> 542.32383 | U7: =+IFERROR(HLOOKUP($B7,'[2]3월'!$F$6:$CP$99,16,),)/1000 -> 402.62876 | V7: =+U7-T7 -> -139.69507 | W7: =+IFERROR(HLOOKUP($B7,'[3]3월'!$F$6:$CC$57,16,),)/1000 -> 373.48677 | X7: =+U7-W7 -> 29.141988 | Y7: =+[5]안양!$Q$85 -> 100756.66 | Z7: =+[5]안양!$R$85 -> 99525.963 | AA7: =+[6]안양!$Q$85 -> 90393.984 | AB7: =+[5]안양!$Q$89 -> 79758.17 | AC7: =+[5]안양!$R$89 -> 82835.122 | AD7: =+[6]안양!$Q$89 -> 76169.73 | AE7: =+Y7-AB7 -> 20998.487 | AF7: =+Z7-AC7 -> 16690.841 | AG7: =+AA7-AD7 -> 14224.254
B8: 인천 | G8: =+I8 -> 인천 | H8: 직영 | I8: 인천 | J8: =+IFERROR(HLOOKUP($B8,'[1]3월'!$D$6:$BN$259,2,),)/1000 -> 28 | K8: =+IFERROR(HLOOKUP($B8,'[2]3월'!$F$6:$CP$99,2,),)/1000 -> 31.816 | L8: =+K8-J8 -> 3.816 | M8: =+IFERROR(HLOOKUP($B8,'[3]3월'!$F$6:$CC$57,2,),)/1000 -> 42.674 | N8: =+K8-M8 -> -10.858 | O8: =+IFERROR(HLOOKUP($B8,'[1]3월'!$D$6:$BN$259,3,),)/1000 -> 2879.3244 | P8: =+IFERROR(HLOOKUP($B8,'[2]3월'!$F$6:$CP$99,3,),)/1000 -> 3319.8121 | Q8: =+P8-O8 -> 440.48765 | R8: =+IFERROR(HLOOKUP($B8,'[3]3월'!$F$6:$CC$57,3,),)/1000 -> 3907.1919 | S8: =+P8-R8 -> -587.37978 | T8: =+IFERROR(HLOOKUP($B8,'[1]3월'!$D$6:$BN$259,16,),)/1000 -> 268.98683 | U8: =+IFERROR(HLOOKUP($B8,'[2]3월'!$F$6:$CP$99,16,),)/1000 -> 383.64319 | V8: =+U8-T8 -> 114.65636 | W8: =+IFERROR(HLOOKUP($B8,'[3]3월'!$F$6:$CC$57,16,),)/1000 -> 403.17202 | X8: =+U8-W8 -> -19.528835 | Y8: =+[5]인천!$Q$85 -> 102833.02 | Z8: =+[5]인천!$R$85 -> 104344.11 | AA8: =+[6]인천!$Q$85 -> 91552.938 | AB8: =+[5]인천!$Q$89 -> 82089.822 | AC8: =+[5]인천!$R$89 -> 83563.84 | AD8: =+[6]인천!$Q$89 -> 75174.238 | AE8: =+Y8-AB8 -> 20743.195 | AF8: =+Z8-AC8 -> 20780.267 | AG8: =+AA8-AD8 -> 16378.7
B9: 파주 | G9: =+I9 -> 파주 | I9: 파주 | J9: =+IFERROR(HLOOKUP($B9,'[1]3월'!$D$6:$BN$259,2,),)/1000 -> 27 | K9: =+IFERROR(HLOOKUP($B9,'[2]3월'!$F$6:$CP$99,2,),)/1000 -> 24.852 | L9: =+K9-J9 -> -2.148 | M9: =+IFERROR(HLOOKUP($B9,'[3]3월'!$F$6:$CC$57,2,),)/1000 -> 25.552 | N9: =+K9-M9 -> -0.7 | O9: =+IFERROR(HLOOKUP($B9,'[1]3월'!$D$6:$BN$259,3,),)/1000 -> 2619.672 | P9: =+IFERROR(HLOOKUP($B9,'[2]3월'!$F$6:$CP$99,3,),)/1000 -> 2542.437 | Q9: =+P9-O9 -> -77.235012 | R9: =+IFERROR(HLOOKUP($B9,'[3]3월'!$F$6:$CC$57,3,),)/1000 -> 2311.8427 | S9: =+P9-R9 -> 230.59429 | T9: =+IFERROR(HLOOKUP($B9,'[1]3월'!$D$6:$BN$259,16,),)/1000 -> 318.60083 | U9: =+IFERROR(HLOOKUP($B9,'[2]3월'!$F$6:$CP$99,16,),)/1000 -> 246.07782 | V9: =+U9-T9 -> -72.523012 | W9: =+IFERROR(HLOOKUP($B9,'[3]3월'!$F$6:$CC$57,16,),)/1000 -> 194.96663 | X9: =+U9-W9 -> 51.111193 | Y9: =+[5]파주!$Q$85 -> 97024.888 | Z9: =+[5]파주!$R$85 -> 102308.19 | AA9: =+[6]파주!$Q$85 -> 90248.344 | AB9: =+[5]파주!$Q$89 -> 76459.395 | AC9: =+[5]파주!$R$89 -> 83204.708 | AD9: =+[6]파주!$Q$89 -> 73041.207 | AE9: =+Y9-AB9 -> 20565.493 | AF9: =+Z9-AC9 -> 19103.481 | AG9: =+AA9-AD9 -> 17207.137
B10: 김포 | G10: =+I10 -> 김포 | I10: 김포 | J10: =+IFERROR(HLOOKUP($B10,'[1]3월'!$D$6:$BN$259,2,),)/1000 -> 12.5 | K10: =+IFERROR(HLOOKUP($B10,'[2]3월'!$F$6:$CP$99,2,),)/1000 -> 12.401 | L10: =+K10-J10 -> -0.099 | M10: =+IFERROR(HLOOKUP($B10,'[3]3월'!$F$6:$CC$57,2,),)/1000 -> 21.686 | N10: =+K10-M10 -> -9.285 | O10: =+IFERROR(HLOOKUP($B10,'[1]3월'!$D$6:$BN$259,3,),)/1000 -> 1175.1875 | P10: =+IFERROR(HLOOKUP($B10,'[2]3월'!$F$6:$CP$99,3,),)/1000 -> 1206.2439 | Q10: =+P10-O10 -> 31.056436 | R10: =+IFERROR(HLOOKUP($B10,'[3]3월'!$F$6:$CC$57,3,),)/1000 -> 1891.9711 | S10: =+P10-R10 -> -685.72714 | T10: =+IFERROR(HLOOKUP($B10,'[1]3월'!$D$6:$BN$259,16,),)/1000 -> 118.97714 | U10: =+IFERROR(HLOOKUP($B10,'[2]3월'!$F$6:$CP$99,16,),)/1000 -> 115.38405 | V10: =+U10-T10 -> -3.5930852 | W10: =+IFERROR(HLOOKUP($B10,'[3]3월'!$F$6:$CC$57,16,),)/1000 -> 294.49631 | X10: =+U10-W10 -> -179.11226 | Y10: =+[5]김포!$Q$85 -> 94015 | Z10: =+[5]김포!$R$85 -> 97269.892 | AA10: =+[6]김포!$Q$85 -> 87095.13 | AB10: =+[5]김포!$Q$89 -> 70664.655 | AC10: =+[5]김포!$R$89 -> 74721.474 | AD10: =+[6]김포!$Q$89 -> 65547.122 | AE10: =+Y10-AB10 -> 23350.345 | AF10: =+Z10-AC10 -> 22548.418 | AG10: =+AA10-AD10 -> 21548.008
B11: 부산 | G11: =+I11 -> 부산 | I11: 부산 | J11: =+IFERROR(HLOOKUP($B11,'[1]3월'!$D$6:$BN$259,2,),)/1000 -> 19 | K11: =+IFERROR(HLOOKUP($B11,'[2]3월'!$F$6:$CP$99,2,),)/1000 -> 21.643 | L11: =+K11-J11 -> 2.643 | M11: =+IFERROR(HLOOKUP($B11,'[3]3월'!$F$6:$CC$57,2,),)/1000 -> 26.724 | N11: =+K11-M11 -> -5.081 | O11: =+IFERROR(HLOOKUP($B11,'[1]3월'!$D$6:$BN$259,3,),)/1000 -> 2044.4048 | P11: =+IFERROR(HLOOKUP($B11,'[2]3월'!$F$6:$CP$99,3,),)/1000 -> 2301.5966 | Q11: =+P11-O11 -> 257.19183 | R11: =+IFERROR(HLOOKUP($B11,'[3]3월'!$F$6:$CC$57,3,),)/1000 -> 2712.1276 | S11: =+P11-R11 -> -410.53096 | T11: =+IFERROR(HLOOKUP($B11,'[1]3월'!$D$6:$BN$259,16,),)/1000 -> 283.18565 | U11: =+IFERROR(HLOOKUP($B11,'[2]3월'!$F$6:$CP$99,16,),)/1000 -> 237.07459 | V11: =+U11-T11 -> -46.111062 | W11: =+IFERROR(HLOOKUP($B11,'[3]3월'!$F$6:$CC$57,16,),)/1000 -> 536.21261 | X11: =+U11-W11 -> -299.13802 | Y11: =+[5]부산!$Q$85 -> 107600.25 | Z11: =+[5]부산!$R$85 -> 106343.7 | AA11: =+[6]부산!$Q$85 -> 101486.59 | AB11: =+[5]부산!$Q$89 -> 78387.597 | AC11: =+[5]부산!$R$89 -> 84400.455 | AD11: =+[6]부산!$Q$89 -> 73440.195 | AE11: =+Y11-AB11 -> 29212.656 | AF11: =+Z11-AC11 -> 21943.243 | AG11: =+AA11-AD11 -> 28046.394
B12: 서부산 | G12: =+I12 -> 서부산 | I12: 서부산 | J12: =+IFERROR(HLOOKUP($B12,'[1]3월'!$D$6:$BN$259,2,),)/1000 -> 24 | K12: =+IFERROR(HLOOKUP($B12,'[2]3월'!$F$6:$CP$99,2,),)/1000 -> 23.104 | L12: =+K12-J12 -> -0.896 | M12: =+IFERROR(HLOOKUP($B12,'[3]3월'!$F$6:$CC$57,2,),)/1000 -> 24.087 | N12: =+K12-M12 -> -0.983 | O12: =+IFERROR(HLOOKUP($B12,'[1]3월'!$D$6:$BN$259,3,),)/1000 -> 2488.2567 | P12: =+IFERROR(HLOOKUP($B12,'[2]3월'!$F$6:$CP$99,3,),)/1000 -> 2353.7109 | Q12: =+P12-O12 -> -134.54578 | R12: =+IFERROR(HLOOKUP($B12,'[3]3월'!$F$6:$CC$57,3,),)/1000 -> 2411.6617 | S12: =+P12-R12 -> -57.9508 | T12: =+IFERROR(HLOOKUP($B12,'[1]3월'!$D$6:$BN$259,16,),)/1000 -> 420.79331 | U12: =+IFERROR(HLOOKUP($B12,'[2]3월'!$F$6:$CP$99,16,),)/1000 -> 346.17788 | V12: =+U12-T12 -> -74.61543 | W12: =+IFERROR(HLOOKUP($B12,'[3]3월'!$F$6:$CC$57,16,),)/1000 -> 565.70032 | X12: =+U12-W12 -> -219.52244 | Y12: =+[5]서부산!$Q$85 -> 103677.36 | Z12: =+[5]서부산!$R$85 -> 101874.61 | AA12: =+[6]서부산!$Q$85 -> 100122.96 | AB12: =+[5]서부산!$Q$89 -> 78686.696 | AC12: =+[5]서부산!$R$89 -> 78936.836 | AD12: =+[6]서부산!$Q$89 -> 69676.894 | AE12: =+Y12-AB12 -> 24990.665 | AF12: =+Z12-AC12 -> 22937.771 | AG12: =+AA12-AD12 -> 30446.065
B13: 김해 | G13: =+I13 -> 김해 | I13: 김해 | J13: =+IFERROR(HLOOKUP($B13,'[1]3월'!$D$6:$BN$259,2,),)/1000 -> 12 | K13: =+IFERROR(HLOOKUP($B13,'[2]3월'!$F$6:$CP$99,2,),)/1000 -> 14.128 | L13: =+K13-J13 -> 2.128 | M13: =+IFERROR(HLOOKUP($B13,'[3]3월'!$F$6:$CC$57,2,),)/1000 -> 15.829 | N13: =+K13-M13 -> -1.701 | O13: =+IFERROR(HLOOKUP($B13,'[1]3월'!$D$6:$BN$259,3,),)/1000 -> 1212.0024 | P13: =+IFERROR(HLOOKUP($B13,'[2]3월'!$F$6:$CP$99,3,),)/1000 -> 1362.6295 | Q13: =+P13-O13 -> 150.6271 | R13: =+IFERROR(HLOOKUP($B13,'[3]3월'!$F$6:$CC$57,3,),)/1000 -> 1540.5559 | S13: =+P13-R13 -> -177.9264 | T13: =+IFERROR(HLOOKUP($B13,'[1]3월'!$D$6:$BN$259,16,),)/1000 -> 142.69555 | U13: =+IFERROR(HLOOKUP($B13,'[2]3월'!$F$6:$CP$99,16,),)/1000 -> 100.67253 | V13: =+U13-T13 -> -42.023028 | W13: =+IFERROR(HLOOKUP($B13,'[3]3월'!$F$6:$CC$57,16,),)/1000 -> 243.72032 | X13: =+U13-W13 -> -143.04779 | Y13: =+[5]김해!$Q$85 -> 101000.2 | Z13: =+[5]김해!$R$85 -> 96687.289 | AA13: =+[6]김해!$Q$85 -> 97324.904 | AB13: =+[5]김해!$Q$89 -> 76392.309 | AC13: =+[5]김해!$R$89 -> 79530.474 | AD13: =+[6]김해!$Q$89 -> 73868.048 | AE13: =+Y13-AB13 -> 24607.891 | AF13: =+Z13-AC13 -> 17156.814 | AG13: =+AA13-AD13 -> 23456.856
B14: 정관 | G14: =+I14 -> 정관 | I14: 정관 | J14: =+IFERROR(HLOOKUP($B14,'[1]3월'!$D$6:$BN$259,2,),)/1000 -> 18 | K14: =+IFERROR(HLOOKUP($B14,'[2]3월'!$F$6:$CP$99,2,),)/1000 -> 20.677 | L14: =+K14-J14 -> 2.677 | M14: =+IFERROR(HLOOKUP($B14,'[3]3월'!$F$6:$CC$57,2,),)/1000 -> 23.173 | N14: =+K14-M14 -> -2.496 | O14: =+IFERROR(HLOOKUP($B14,'[1]3월'!$D$6:$BN$259,3,),)/1000 -> 1872 | P14: =+IFERROR(HLOOKUP($B14,'[2]3월'!$F$6:$CP$99,3,),)/1000 -> 2137.7737 | Q14: =+P14-O14 -> 265.7737 | R14: =+IFERROR(HLOOKUP($B14,'[3]3월'!$F$6:$CC$57,3,),)/1000 -> 2297.1177 | S14: =+P14-R14 -> -159.344 | T14: =+IFERROR(HLOOKUP($B14,'[1]3월'!$D$6:$BN$259,16,),)/1000 -> 245.91393 | U14: =+IFERROR(HLOOKUP($B14,'[2]3월'!$F$6:$CP$99,16,),)/1000 -> 246.30266 | V14: =+U14-T14 -> 0.38873081 | W14: =+IFERROR(HLOOKUP($B14,'[3]3월'!$F$6:$CC$57,16,),)/1000 -> 379.50504 | X14: =+U14-W14 -> -133.20238 | Y14: =+[5]정관!$Q$85 -> 104000 | Z14: =+[5]정관!$R$85 -> 103388.97 | AA14: =+[6]정관!$Q$85 -> 99129.06 | AB14: =+[5]정관!$Q$89 -> 77839.343 | AC14: =+[5]정관!$R$89 -> 82316.125 | AD14: =+[6]정관!$Q$89 -> 74933.675 | AE14: =+Y14-AB14 -> 26160.657 | AF14: =+Z14-AC14 -> 21072.843 | AG14: =+AA14-AD14 -> 24195.384
B15: 양산 | G15: =+I15 -> 양산 | I15: 양산 | J15: =+IFERROR(HLOOKUP($B15,'[1]3월'!$D$6:$BN$259,2,),)/1000 -> 11 | K15: =+IFERROR(HLOOKUP($B15,'[2]3월'!$F$6:$CP$99,2,),)/1000 -> 13.47 | L15: =+K15-J15 -> 2.47 | M15: =+IFERROR(HLOOKUP($B15,'[3]3월'!$F$6:$CC$57,2,),)/1000 -> 18.102 | N15: =+K15-M15 -> -4.632 | O15: =+IFERROR(HLOOKUP($B15,'[1]3월'!$D$6:$BN$259,3,),)/1000 -> 1063.8695 | P15: =+IFERROR(HLOOKUP($B15,'[2]3월'!$F$6:$CP$99,3,),)/1000 -> 1230.1273 | Q15: =+P15-O15 -> 166.25781 | R15: =+IFERROR(HLOOKUP($B15,'[3]3월'!$F$6:$CC$57,3,),)/1000 -> 1686.4854 | S15: =+P15-R15 -> -456.35812 | T15: =+IFERROR(HLOOKUP($B15,'[1]3월'!$D$6:$BN$259,16,),)/1000 -> 118.04824 | U15: =+IFERROR(HLOOKUP($B15,'[2]3월'!$F$6:$CP$99,16,),)/1000 -> 132.96661 | V15: =+U15-T15 -> 14.918371 | W15: =+IFERROR(HLOOKUP($B15,'[3]3월'!$F$6:$CC$57,16,),)/1000 -> 312.72786 | X15: =+U15-W15 -> -179.76125 | Y15: =+[5]양산!$Q$85 -> 96715.406 | Z15: =+[5]양산!$R$85 -> 91323.48 | AA15: =+[6]양산!$Q$85 -> 93165.694 | AB15: =+[5]양산!$Q$89 -> 71493.416 | AC15: =+[5]양산!$R$89 -> 71355.878 | AD15: =+[6]양산!$Q$89 -> 67449.587 | AE15: =+Y15-AB15 -> 25221.99 | AF15: =+Z15-AC15 -> 19967.603 | AG15: =+AA15-AD15 -> 25716.108
B16: 창원 | G16: =+I16 -> 창원 | I16: 창원 | J16: =+IFERROR(HLOOKUP($B16,'[1]3월'!$D$6:$BN$259,2,),)/1000 -> 18 | K16: =+IFERROR(HLOOKUP($B16,'[2]3월'!$F$6:$CP$99,2,),)/1000 -> 18.723 | L16: =+K16-J16 -> 0.723 | M16: =+IFERROR(HLOOKUP($B16,'[3]3월'!$F$6:$CC$57,2,),)/1000 -> 22.044 | N16: =+K16-M16 -> -3.321 | O16: =+IFERROR(HLOOKUP($B16,'[1]3월'!$D$6:$BN$259,3,),)/1000 -> 1793.4425 | P16: =+IFERROR(HLOOKUP($B16,'[2]3월'!$F$6:$CP$99,3,),)/1000 -> 1905.079 | Q16: =+P16-O16 -> 111.6365 | R16: =+IFERROR(HLOOKUP($B16,'[3]3월'!$F$6:$CC$57,3,),)/1000 -> 2043.2435 | S16: =+P16-R16 -> -138.1645 | T16: =+IFERROR(HLOOKUP($B16,'[1]3월'!$D$6:$BN$259,16,),)/1000 -> 296.12377 | U16: =+IFERROR(HLOOKUP($B16,'[2]3월'!$F$6:$CP$99,16,),)/1000 -> 321.83747 | V16: =+U16-T16 -> 25.713699 | W16: =+IFERROR(HLOOKUP($B16,'[3]3월'!$F$6:$CC$57,16,),)/1000 -> 425.86197 | X16: =+U16-W16 -> -104.0245 | Y16: =+[5]창원!$Q$85 -> 99635.694 | Z16: =+[5]창원!$R$85 -> 101750.73 | AA16: =+[6]창원!$Q$85 -> 92689.326 | AB16: =+[5]창원!$Q$89 -> 71886.301 | AC16: =+[5]창원!$R$89 -> 74990.256 | AD16: =+[6]창원!$Q$89 -> 66107.699 | AE16: =+Y16-AB16 -> 27749.393 | AF16: =+Z16-AC16 -> 26760.478 | AG16: =+AA16-AD16 -> 26581.627
B17: 대구 | G17: =+I17 -> 대구 | I17: 대구 | J17: =+IFERROR(HLOOKUP($B17,'[1]3월'!$D$6:$BN$259,2,),)/1000 -> 16 | K17: =+IFERROR(HLOOKUP($B17,'[2]3월'!$F$6:$CP$99,2,),)/1000 -> 15.572 | L17: =+K17-J17 -> -0.428 | M17: =+IFERROR(HLOOKUP($B17,'[3]3월'!$F$6:$CC$57,2,),)/1000 -> 21.7045 | N17: =+K17-M17 -> -6.1325 | O17: =+IFERROR(HLOOKUP($B17,'[1]3월'!$D$6:$BN$259,3,),)/1000 -> 1564.8 | P17: =+IFERROR(HLOOKUP($B17,'[2]3월'!$F$6:$CP$99,3,),)/1000 -> 1576.5958 | Q17: =+P17-O17 -> 11.795842 | R17: =+IFERROR(HLOOKUP($B17,'[3]3월'!$F$6:$CC$57,3,),)/1000 -> 2074.421 | S17: =+P17-R17 -> -497.82516 | T17: =+IFERROR(HLOOKUP($B17,'[1]3월'!$D$6:$BN$259,16,),)/1000 -> 253.15821 | U17: =+IFERROR(HLOOKUP($B17,'[2]3월'!$F$6:$CP$99,16,),)/1000 -> 198.15277 | V17: =+U17-T17 -> -55.00544 | W17: =+IFERROR(HLOOKUP($B17,'[3]3월'!$F$6:$CC$57,16,),)/1000 -> 445.24218 | X17: =+U17-W17 -> -247.08941 | Y17: =+[5]대구!$Q$85 -> 97800 | Z17: =+[5]대구!$R$85 -> 101245.56 | AA17: =+[6]대구!$Q$85 -> 95589.957 | AB17: =+[5]대구!$Q$89 -> 70142.003 | AC17: =+[5]대구!$R$89 -> 77193.44 | AD17: =+[6]대구!$Q$89 -> 66842.167 | AE17: =+Y17-AB17 -> 27657.997 | AF17: =+Z17-AC17 -> 24052.119 | AG17: =+AA17-AD17 -> 28747.79
B18: 울산 | G18: =+I18 -> 울산 | I18: 울산 | J18: =+IFERROR(HLOOKUP($B18,'[1]3월'!$D$6:$BN$259,2,),)/1000 -> 7 | K18: =+IFERROR(HLOOKUP($B18,'[2]3월'!$F$6:$CP$99,2,),)/1000 -> 7.183 | L18: =+K18-J18 -> 0.183 | M18: =+IFERROR(HLOOKUP($B18,'[3]3월'!$F$6:$CC$57,2,),)/1000 -> 11.369 | N18: =+K18-M18 -> -4.186 | O18: =+IFERROR(HLOOKUP($B18,'[1]3월'!$D$6:$BN$259,3,),)/1000 -> 686.1778 | P18: =+IFERROR(HLOOKUP($B18,'[2]3월'!$F$6:$CP$99,3,),)/1000 -> 760.20834 | Q18: =+P18-O18 -> 74.030542 | R18: =+IFERROR(HLOOKUP($B18,'[3]3월'!$F$6:$CC$57,3,),)/1000 -> 1063.213 | S18: =+P18-R18 -> -303.00466 | T18: =+IFERROR(HLOOKUP($B18,'[1]3월'!$D$6:$BN$259,16,),)/1000 -> -8.9297031 | U18: =+IFERROR(HLOOKUP($B18,'[2]3월'!$F$6:$CP$99,16,),)/1000 -> 30.862733 | V18: =+U18-T18 -> 39.792436 | W18: =+IFERROR(HLOOKUP($B18,'[3]3월'!$F$6:$CC$57,16,),)/1000 -> 122.99234 | X18: =+U18-W18 -> -92.129602 | Y18: =+[5]울산!$Q$85 -> 98025.4 | Z18: =+[5]울산!$R$85 -> 105834.38 | AA18: =+[6]울산!$Q$85 -> 93554.315 | AB18: =+[5]울산!$Q$89 -> 78234.678 | AC18: =+[5]울산!$R$89 -> 83954.888 | AD18: =+[6]울산!$Q$89 -> 71298.056 | AE18: =+Y18-AB18 -> 19790.722 | AF18: =+Z18-AC18 -> 21879.491 | AG18: =+AA18-AD18 -> 22256.259
B19: 아산 | G19: =+I19 -> 아산 | I19: 아산 | J19: =+IFERROR(HLOOKUP($B19,'[1]3월'!$D$6:$BN$259,2,),)/1000 -> 24 | K19: =+IFERROR(HLOOKUP($B19,'[2]3월'!$F$6:$CP$99,2,),)/1000 -> 27.772 | L19: =+K19-J19 -> 3.772 | M19: =+IFERROR(HLOOKUP($B19,'[3]3월'!$F$6:$CC$57,2,),)/1000 -> 30.829 | N19: =+K19-M19 -> -3.057 | O19: =+IFERROR(HLOOKUP($B19,'[1]3월'!$D$6:$BN$259,3,),)/1000 -> 2423.9894 | P19: =+IFERROR(HLOOKUP($B19,'[2]3월'!$F$6:$CP$99,3,),)/1000 -> 2853.2172 | Q19: =+P19-O19 -> 429.2278 | R19: =+IFERROR(HLOOKUP($B19,'[3]3월'!$F$6:$CC$57,3,),)/1000 -> 2876.1871 | S19: =+P19-R19 -> -22.96995 | T19: =+IFERROR(HLOOKUP($B19,'[1]3월'!$D$6:$BN$259,16,),)/1000 -> 374.64057 | U19: =+IFERROR(HLOOKUP($B19,'[2]3월'!$F$6:$CP$99,16,),)/1000 -> 386.52773 | V19: =+U19-T19 -> 11.887158 | W19: =+IFERROR(HLOOKUP($B19,'[3]3월'!$F$6:$CC$57,16,),)/1000 -> 532.67521 | X19: =+U19-W19 -> -146.14748 | Y19: =+[5]아산!$Q$85 -> 100999.56 | Z19: =+[5]아산!$R$85 -> 102685.24 | AA19: =+[6]아산!$Q$85 -> 93236.814 | AB19: =+[5]아산!$Q$89 -> 76007.141 | AC19: =+[5]아산!$R$89 -> 79375.617 | AD19: =+[6]아산!$Q$89 -> 67429.62 | AE19: =+Y19-AB19 -> 24992.417 | AF19: =+Z19-AC19 -> 23309.621 | AG19: =+AA19-AD19 -> 25807.194
B20: 전주 | G20: =+I20 -> 전주 | I20: 전주 | J20: =+IFERROR(HLOOKUP($B20,'[1]3월'!$D$6:$BN$259,2,),)/1000 -> 12 | K20: =+IFERROR(HLOOKUP($B20,'[2]3월'!$F$6:$CP$99,2,),)/1000 -> 7.133 | L20: =+K20-J20 -> -4.867 | M20: =+IFERROR(HLOOKUP($B20,'[3]3월'!$F$6:$CC$57,2,),)/1000 -> 11.945 | N20: =+K20-M20 -> -4.812 | O20: =+IFERROR(HLOOKUP($B20,'[1]3월'!$D$6:$BN$259,3,),)/1000 -> 1245.3259 | P20: =+IFERROR(HLOOKUP($B20,'[2]3월'!$F$6:$CP$99,3,),)/1000 -> 668.37119 | Q20: =+P20-O20 -> -576.9547 | R20: =+IFERROR(HLOOKUP($B20,'[3]3월'!$F$6:$CC$57,3,),)/1000 -> 1080.1422 | S20: =+P20-R20 -> -411.77102 | T20: =+IFERROR(HLOOKUP($B20,'[1]3월'!$D$6:$BN$259,16,),)/1000 -> 196.65841 | U20: =+IFERROR(HLOOKUP($B20,'[2]3월'!$F$6:$CP$99,16,),)/1000 -> 10.43893 | V20: =+U20-T20 -> -186.21948 | W20: =+IFERROR(HLOOKUP($B20,'[3]3월'!$F$6:$CC$57,16,),)/1000 -> 141.11615 | X20: =+U20-W20 -> -130.67722 | Y20: =+[5]전주!$Q$85 -> 103777.16 | Z20: =+[5]전주!$R$85 -> 93701.275 | AA20: =+[6]전주!$Q$85 -> 90426.305 | AB20: =+[5]전주!$Q$89 -> 74508.817 | AC20: =+[5]전주!$R$89 -> 71268.039 | AD20: =+[6]전주!$Q$89 -> 66717.705 | AE20: =+Y20-AB20 -> 29268.341 | AF20: =+Z20-AC20 -> 22433.236 | AG20: =+AA20-AD20 -> 23708.6
B21: 군산 | G21: =+I21 -> 군산 | I21: 군산 | J21: =+IFERROR(HLOOKUP($B21,'[1]3월'!$D$6:$BN$259,2,),)/1000 -> 7.5 | K21: =+IFERROR(HLOOKUP($B21,'[2]3월'!$F$6:$CP$99,2,),)/1000 -> 8.978 | L21: =+K21-J21 -> 1.478 | M21: =+IFERROR(HLOOKUP($B21,'[3]3월'!$F$6:$CC$57,2,),)/1000 -> 8.9965 | N21: =+K21-M21 -> -0.0185 | O21: =+IFERROR(HLOOKUP($B21,'[1]3월'!$D$6:$BN$259,3,),)/1000 -> 822.9643 | P21: =+IFERROR(HLOOKUP($B21,'[2]3월'!$F$6:$CP$99,3,),)/1000 -> 1017.8315 | Q21: =+P21-O21 -> 194.86725 | R21: =+IFERROR(HLOOKUP($B21,'[3]3월'!$F$6:$CC$57,3,),)/1000 -> 873.91435 | S21: =+P21-R21 -> 143.9172 | T21: =+IFERROR(HLOOKUP($B21,'[1]3월'!$D$6:$BN$259,16,),)/1000 -> 222.08148 | U21: =+IFERROR(HLOOKUP($B21,'[2]3월'!$F$6:$CP$99,16,),)/1000 -> 313.98711 | V21: =+U21-T21 -> 91.905631 | W21: =+IFERROR(HLOOKUP($B21,'[3]3월'!$F$6:$CC$57,16,),)/1000 -> 220.37512 | X21: =+U21-W21 -> 93.611987 | Y21: =+[5]군산!$Q$85 -> 109728.57 | Z21: =+[5]군산!$R$85 -> 113442.55 | AA21: =+[6]군산!$Q$85 -> 97056.908 | AB21: =+[5]군산!$Q$89 -> 69726.729 | AC21: =+[5]군산!$R$89 -> 70413.769 | AD21: =+[6]군산!$Q$89 -> 64107.545 | AE21: =+Y21-AB21 -> 40001.844 | AF21: =+Z21-AC21 -> 43028.785 | AG21: =+AA21-AD21 -> 32949.362
B22: 원주 | G22: =+I22 -> 원주 | I22: 원주 | J22: =+IFERROR(HLOOKUP($B22,'[1]3월'!$D$6:$BN$259,2,),)/1000 -> 5 | K22: =+IFERROR(HLOOKUP($B22,'[2]3월'!$F$6:$CP$99,2,),)/1000 -> 6.2085 | L22: =+K22-J22 -> 1.2085 | M22: =+IFERROR(HLOOKUP($B22,'[3]3월'!$F$6:$CC$57,2,),)/1000 -> 7.0215 | N22: =+K22-M22 -> -0.813 | O22: =+IFERROR(HLOOKUP($B22,'[1]3월'!$D$6:$BN$259,3,),)/1000 -> 539.5 | P22: =+IFERROR(HLOOKUP($B22,'[2]3월'!$F$6:$CP$99,3,),)/1000 -> 692.2704 | Q22: =+P22-O22 -> 152.7704 | R22: =+IFERROR(HLOOKUP($B22,'[3]3월'!$F$6:$CC$57,3,),)/1000 -> 709.56992 | S22: =+P22-R22 -> -17.299518 | T22: =+IFERROR(HLOOKUP($B22,'[1]3월'!$D$6:$BN$259,16,),)/1000 -> 77.071971 | U22: =+IFERROR(HLOOKUP($B22,'[2]3월'!$F$6:$CP$99,16,),)/1000 -> 145.91854 | V22: =+U22-T22 -> 68.846574 | W22: =+IFERROR(HLOOKUP($B22,'[3]3월'!$F$6:$CC$57,16,),)/1000 -> 170.60459 | X22: =+U22-W22 -> -24.686041 | Y22: =+[5]원주!$Q$85 -> 107900 | Z22: =+[5]원주!$R$85 -> 111513.97 | AA22: =+[6]원주!$Q$85 -> 101026.22 | AB22: =+[5]원주!$Q$89 -> 75191.705 | AC22: =+[5]원주!$R$89 -> 73875.972 | AD22: =+[6]원주!$Q$89 -> 64707.623 | AE22: =+Y22-AB22 -> 32708.295 | AF22: =+Z22-AC22 -> 37637.994 | AG22: =+AA22-AD22 -> 36318.6
B23: 제주 | G23: =+I23 -> 제주 | I23: 제주 | J23: =+IFERROR(HLOOKUP($B23,'[1]3월'!$D$6:$BN$259,2,),)/1000 -> 4 | K23: =+IFERROR(HLOOKUP($B23,'[2]3월'!$F$6:$CP$99,2,),)/1000 -> 3.848 | L23: =+K23-J23 -> -0.152 | M23: =+IFERROR(HLOOKUP($B23,'[3]3월'!$F$6:$CC$57,2,),)/1000 -> 8.114 | N23: =+K23-M23 -> -4.266 | O23: =+IFERROR(HLOOKUP($B23,'[1]3월'!$D$6:$BN$259,3,),)/1000 -> 506.8 | P23: =+IFERROR(HLOOKUP($B23,'[2]3월'!$F$6:$CP$99,3,),)/1000 -> 498.9725 | Q23: =+P23-O23 -> -7.8275 | R23: =+IFERROR(HLOOKUP($B23,'[3]3월'!$F$6:$CC$57,3,),)/1000 -> 969.00694 | S23: =+P23-R23 -> -470.03444 | T23: =+IFERROR(HLOOKUP($B23,'[1]3월'!$D$6:$BN$259,16,),)/1000 -> 42.35929 | U23: =+IFERROR(HLOOKUP($B23,'[2]3월'!$F$6:$CP$99,16,),)/1000 -> 73.24519 | V23: =+U23-T23 -> 30.8859 | W23: =+IFERROR(HLOOKUP($B23,'[3]3월'!$F$6:$CC$57,16,),)/1000 -> 234.46947 | X23: =+U23-W23 -> -161.22428 | Y23: =+[5]제주!$Q$85 -> 126700 | Z23: =+[5]제주!$R$85 -> 129670.61 | AA23: =+[6]제주!$Q$85 -> 119468.4 | AB23: =+[5]제주!$Q$89 -> 89935.469 | AC23: =+[5]제주!$R$89 -> 88327.903 | AD23: =+[6]제주!$Q$89 -> 81150.68 | AE23: =+Y23-AB23 -> 36764.531 | AF23: =+Z23-AC23 -> 41342.705 | AG23: =+AA23-AD23 -> 38317.723
G24: =+I24 -> 수도권 | I24: 수도권 | J24: =SUM(J7:J10) -> 108.5 | K24: =SUM(K7:K10) -> 110.047 | L24: =+K24-J24 -> 1.547 | M24: =SUM(M7:M10) -> 134.352 | N24: =+K24-M24 -> -24.305 | O24: =SUM(O7:O10) -> 10805.207 | P24: =SUM(P7:P10) -> 11146.868 | Q24: =+P24-O24 -> 341.66104 | R24: =SUM(R7:R10) -> 12128.114 | S24: =+P24-R24 -> -981.24638 | T24: =SUM(T7:T10) -> 1248.8886 | U24: =SUM(U7:U10) -> 1147.7338 | V24: =+U24-T24 -> -101.1548 | W24: =SUM(W7:W10) -> 1266.1217 | X24: =+U24-W24 -> -118.38791 | Y24: =+[5]수도권!$Q$85 -> 99587.16 | Z24: =+[5]수도권!$R$85 -> 101292.86 | AA24: =+[6]수도권!$Q$85 -> 90214.452 | AB24: =+[5]수도권!$Q$89 -> 78491.353 | AC24: =+[5]수도권!$R$89 -> 82214.955 | AD24: =+[6]수도권!$Q$89 -> 73584.916 | AE24: =+Y24-AB24 -> 21095.807 | AF24: =+Z24-AC24 -> 19077.909 | AG24: =+AA24-AD24 -> 16629.535
G25: =+I25 -> 영남권 | I25: 영남권 | J25: =SUM(J11:J18) -> 125 | K25: =SUM(K11:K18) -> 134.5 | L25: =+K25-J25 -> 9.5 | M25: =SUM(M11:M18) -> 163.0325 | N25: =+K25-M25 -> -28.5325 | O25: =SUM(O11:O18) -> 12724.954 | P25: =SUM(P11:P18) -> 13627.721 | Q25: =+P25-O25 -> 902.76754 | R25: =SUM(R11:R18) -> 15828.826 | S25: =+P25-R25 -> -2201.1046 | T25: =SUM(T11:T18) -> 1750.989 | U25: =SUM(U11:U18) -> 1614.0472 | V25: =+U25-T25 -> -136.94172 | W25: =SUM(W11:W18) -> 3031.9626 | X25: =+U25-W25 -> -1417.9154 | Y25: =+[5]영남권!$Q$85 -> 101799.63 | Z25: =+[5]영남권!$R$85 -> 101364.13 | AA25: =+[6]영남권!$Q$85 -> 97096.926 | AB25: =+[5]영남권!$Q$89 -> 75567.654 | AC25: =+[5]영남권!$R$89 -> 79165.726 | AD25: =+[6]영남권!$Q$89 -> 70457.662 | AE25: =+Y25-AB25 -> 26231.975 | AF25: =+Z25-AC25 -> 22198.4 | AG25: =+AA25-AD25 -> 26639.265
G26: =+I26 -> 중부권 | I26: 중부권 | J26: =SUM(J19:J23) -> 52.5 | K26: =SUM(K19:K23) -> 53.9395 | L26: =+K26-J26 -> 1.4395 | M26: =SUM(M19:M23) -> 66.906 | N26: =+K26-M26 -> -12.9665 | O26: =SUM(O19:O23) -> 5538.5796 | P26: =SUM(P19:P23) -> 5730.6628 | Q26: =+P26-O26 -> 192.08325 | R26: =SUM(R19:R23) -> 6508.8206 | S26: =+P26-R26 -> -778.15772 | T26: =SUM(T19:T23) -> 912.81172 | U26: =SUM(U19:U23) -> 930.1175 | V26: =+U26-T26 -> 17.305781 | W26: =SUM(W19:W23) -> 1299.2405 | X26: =+U26-W26 -> -369.12303 | Y26: =+[5]중부권!$Q$85 -> 105496.75 | Z26: =+[5]중부권!$R$85 -> 106231.06 | AA26: =+[6]중부권!$Q$85 -> 97398.18 | AB26: =+[5]중부권!$Q$89 -> 75751.011 | AC26: =+[5]중부권!$R$89 -> 76816.473 | AD26: =+[6]중부권!$Q$89 -> 68270.173 | AE26: =+Y26-AB26 -> 29745.744 | AF26: =+Z26-AC26 -> 29414.592 | AG26: =+AA26-AD26 -> 29128.006
G27: =+K27/J27 -> 1.0436591 | H27: 레미콘 계 | J27: =SUM(J24:J26) -> 286 | K27: =SUM(K24:K26) -> 298.4865 | L27: =+K27-J27 -> 12.4865 | M27: =SUM(M24:M26) -> 364.2905 | N27: =+K27-M27 -> -65.804 | O27: =SUM(O24:O26) -> 29068.74 | P27: =SUM(P24:P26) -> 30505.252 | Q27: =+P27-O27 -> 1436.5118 | R27: =SUM(R24:R26) -> 34465.761 | S27: =+P27-R27 -> -3960.5087 | T27: =SUM(T24:T26) -> 3912.6893 | U27: =SUM(U24:U26) -> 3691.8986 | V27: =+U27-T27 -> -220.79074 | W27: =SUM(W24:W26) -> 5597.3249 | X27: =+U27-W27 -> -1905.4263 | Y27: =+[5]합계!$Q$85 -> 101638.95 | Z27: =+[5]합계!$R$85 -> 102216.11 | AA27: =+[6]합계!$Q$85 -> 94616.766 | AB27: =+[5]합계!$Q$89 -> 76710.478 | AC27: =+[5]합계!$R$89 -> 79867.909 | AD27: =+[6]합계!$Q$89 -> 71219.808 | AE27: =+Y27-AB27 -> 24928.474 | AF27: =+Z27-AC27 -> 22348.202 | AG27: =+AA27-AD27 -> 23396.958
B28: 건자재 | E28: 건자재영업 | G28: 건자재 | H28: 건자재 | J28: =+IFERROR(HLOOKUP($B28,'[1]3월'!$D$6:$BN$259,2,),) -> 7300 | K28: =+IFERROR(HLOOKUP($E28,'[2]3월'!$F$6:$CP$99,2,),) -> 8665.068 | L28: =+K28-J28 -> 1365.068 | M28: =+IFERROR(HLOOKUP($E28,'[3]3월'!$F$6:$CC$57,2,),) -> 9838.578 | N28: =+K28-M28 -> -1173.51 | O28: =+IFERROR(HLOOKUP($B28,'[1]3월'!$D$6:$BN$259,3,),)/1000 -> 8929.3158 | P28: =+IFERROR(HLOOKUP($E28,'[2]3월'!$F$6:$CP$99,3,),)/1000 -> 8759.9178 | Q28: =+P28-O28 -> -169.398 | R28: =+IFERROR(HLOOKUP($E28,'[3]3월'!$F$6:$CC$57,3,),)/1000 -> 11359.969 | S28: =+P28-R28 -> -2600.0515 | T28: =+IFERROR(HLOOKUP($B28,'[1]3월'!$D$6:$BN$259,16,),)/1000 -> 94.407923 | U28: =+IFERROR(HLOOKUP($E28,'[2]3월'!$F$6:$CP$99,16,),)/1000 -> 31.655346 | V28: =+U28-T28 -> -62.752577 | W28: =+IFERROR(HLOOKUP($E28,'[3]3월'!$F$6:$CC$57,16,),)/1000 -> 54.577897 | X28: =+U28-W28 -> -22.922551 | Y28: ■ 비고
B29: 부산모래장 | F29: 부산골재 | G29: =+I29 -> 부산모래장 | H29: 골재 | I29: 부산모래장 | J29: =+IFERROR(HLOOKUP($B29,'[1]3월'!$D$6:$BN$259,2,),)/1000 -> 14.876697 | K29: =+IFERROR(HLOOKUP($F29,'[2]3월'!$F$6:$CP$99,2,),)/1000 -> 20.278 | L29: =+K29-J29 -> 5.4013026 | M29: =+IFERROR(HLOOKUP($F29,'[3]3월'!$F$6:$CC$57,2,),)/1000 -> 16.092 | N29: =+K29-M29 -> 4.186 | O29: =+IFERROR(HLOOKUP($B29,'[1]3월'!$D$6:$BN$259,3,),)/1000 -> 522.36153 | P29: =+IFERROR(HLOOKUP($F29,'[2]3월'!$F$6:$CP$99,3,),)/1000 -> 667.14967 | Q29: =+P29-O29 -> 144.78814 | R29: =+IFERROR(HLOOKUP($F29,'[3]3월'!$F$6:$CC$57,3,),)/1000 -> 541.5721 | S29: =+P29-R29 -> 125.57757 | T29: =+IFERROR(HLOOKUP($B29,'[1]3월'!$D$6:$BN$259,21,),)/1000 -> 24.013512 | U29: =+IFERROR(HLOOKUP($F29,'[2]3월'!$F$6:$CP$99,21,),)/1000 -> 62.624016 | V29: =+U29-T29 -> 38.610504 | W29: =+IFERROR(HLOOKUP($F29,'[3]3월'!$F$6:$CC$57,16,),)/1000 -> 58.332984 | X29: =+U29-W29 -> 4.2910316 | Y29: - 대손 19억 : 개별 10억(선원건설 7.9억, 송학건설 1억, 계원토건 1.2억) + 집합 9억
B30: 서부산크라샤 | F30: 서부산골재 | G30: =+I30 -> 서부산CR | I30: 서부산CR | J30: =+IFERROR(HLOOKUP($B30,'[1]3월'!$D$6:$BN$259,2,),)/1000 -> 0 | K30: =+IFERROR(HLOOKUP($F30,'[2]3월'!$F$6:$CP$99,2,),)/1000 -> 21.556 | L30: =+K30-J30 -> 21.556 | M30: =+IFERROR(HLOOKUP($F30,'[3]3월'!$F$6:$CC$57,2,),)/1000 -> 40.368 | N30: =+K30-M30 -> -18.812 | O30: =+IFERROR(HLOOKUP($B30,'[1]3월'!$D$6:$BN$259,3,),)/1000 -> 0 | P30: =+IFERROR(HLOOKUP($F30,'[2]3월'!$F$6:$CP$99,3,),)/1000 -> 310.084 | Q30: =+P30-O30 -> 310.084 | R30: =+IFERROR(HLOOKUP($F30,'[3]3월'!$F$6:$CC$57,3,),)/1000 -> 473.216 | S30: =+P30-R30 -> -163.132 | T30: =+IFERROR(HLOOKUP($B30,'[1]3월'!$D$6:$BN$259,21,),)/1000 -> -92.380353 | U30: =+IFERROR(HLOOKUP($F30,'[2]3월'!$F$6:$CP$99,21,),)/1000 -> 45.27456 | V30: =+U30-T30 -> 137.65491 | W30: =+IFERROR(HLOOKUP($F30,'[3]3월'!$F$6:$CC$57,16,),)/1000 -> 116.4274 | X30: =+U30-W30 -> -71.152837
B31: 부산크라샤 | F31: 부산크라샤 | G31: =+I31 -> 부산CR | I31: 부산CR | J31: =+IFERROR(HLOOKUP($B31,'[1]3월'!$D$6:$BN$259,2,),)/1000 -> 41.770328 | K31: =+IFERROR(HLOOKUP($F31,'[2]3월'!$F$6:$CP$99,2,),)/1000 -> 43.094 | L31: =+K31-J31 -> 1.3236722 | M31: =+IFERROR(HLOOKUP($F31,'[3]3월'!$F$6:$CC$57,2,),)/1000 -> 0 | N31: =+K31-M31 -> 43.094 | O31: =+IFERROR(HLOOKUP($B31,'[1]3월'!$D$6:$BN$259,3,),)/1000 -> 749.45594 | P31: =+IFERROR(HLOOKUP($F31,'[2]3월'!$F$6:$CP$99,3,),)/1000 -> 787.769 | Q31: =+P31-O31 -> 38.313058 | R31: =+IFERROR(HLOOKUP($F31,'[3]3월'!$F$6:$CC$57,3,),)/1000 -> 0 | S31: =+P31-R31 -> 787.769 | T31: =+IFERROR(HLOOKUP($B31,'[1]3월'!$D$6:$BN$259,21,),)/1000 -> 34.647226 | U31: =+IFERROR(HLOOKUP($F31,'[2]3월'!$F$6:$CP$99,21,),)/1000 -> 47.96902 | V31: =+U31-T31 -> 13.321795 | W31: =+IFERROR(HLOOKUP($F31,'[3]3월'!$F$6:$CC$57,16,),)/1000 -> -11.717235 | X31: =+U31-W31 -> 59.686255
H32: 골재 계 | J32: =SUM(J29:J31) -> 56.647025 | K32: =SUM(K29:K31) -> 84.928 | L32: =+K32-J32 -> 28.280975 | M32: =SUM(M29:M31) -> 56.46 | N32: =+K32-M32 -> 28.468 | O32: =SUM(O29:O31) -> 1271.8175 | P32: =SUM(P29:P31) -> 1765.0027 | Q32: =+P32-O32 -> 493.1852 | R32: =SUM(R29:R31) -> 1014.7881 | S32: =+P32-R32 -> 750.21457 | T32: =SUM(T29:T31) -> -33.719615 | U32: =SUM(U29:U31) -> 155.8676 | V32: =+U32-T32 -> 189.58721 | W32: =SUM(W29:W31) -> 163.04315 | X32: =+U32-W32 -> -7.1755507
B33: 포항임대 | C33: 속초임대 | D33: 강릉임대 | E33: 레미콘임대 계 | G33: =+I33 -> 레미콘임대 | H33: 기타 | I33: 레미콘임대 | L33: =+K33-J33 -> 0 | N33: =+K33-M33 -> 0 | O33: =(IFERROR(HLOOKUP($B33,'[1]3월'!$D$6:$BN$259,3,),)++IFERROR(HLOOKUP($C33,'[1]3월'!$D$6:$BN$259,3,),)+IFERROR(HLOOKUP($D33,'[1]3월'!$D$6:$BN$259,3,),))/1000 -> 90.84 | P33: =+IFERROR(HLOOKUP($E33,'[2]3월'!$F$6:$CP$99,3,),)/1000 -> 90.84 | Q33: =+P33-O33 -> 0 | R33: =+IFERROR(HLOOKUP($E33,'[3]3월'!$F$6:$CC$57,3,),)/1000 -> 78.34 | S33: =+P33-R33 -> 12.5 | T33: =(IFERROR(HLOOKUP($B33,'[1]3월'!$D$6:$BN$259,21,),)++IFERROR(HLOOKUP($C33,'[1]3월'!$D$6:$BN$259,21,),)+IFERROR(HLOOKUP($D33,'[1]3월'!$D$6:$BN$259,21,),))/1000 -> 75.360275 | U33: =+IFERROR(HLOOKUP($E33,'[2]3월'!$F$6:$CP$99,16,),)/1000 -> 75.121657 | V33: =+U33-T33 -> -0.238618 | W33: =+IFERROR(HLOOKUP($E33,'[3]3월'!$F$6:$CC$57,16,),)/1000 -> 66.104033 | X33: =+U33-W33 -> 9.017624
B34: 부동산임대 | C34: 주유소임대 | E34: 임대 계 | G34: =+I34 -> 임대 | I34: 임대 | L34: =+K34-J34 -> 0 | M34: 0 | N34: =+K34-M34 -> 0 | O34: =(+IFERROR(HLOOKUP($B34,'[1]3월'!$D$6:$BN$259,3,),)+IFERROR(HLOOKUP($C34,'[1]3월'!$D$6:$BN$259,3,),))/1000 -> 72.2975 | P34: =+IFERROR(HLOOKUP($E34,'[2]3월'!$F$6:$CP$99,3,),)/1000 -> 72.011468 | Q34: =+P34-O34 -> -0.28603233 | R34: =+IFERROR(HLOOKUP($E34,'[3]3월'!$F$6:$CC$57,3,),)/1000 -> 117.52245 | S34: =+P34-R34 -> -45.51098 | T34: =(+IFERROR(HLOOKUP($B34,'[1]3월'!$D$6:$BN$259,21,),)+IFERROR(HLOOKUP($C34,'[1]3월'!$D$6:$BN$259,21,),))/1000 -> 74.623417 | U34: =+IFERROR(HLOOKUP($E34,'[2]3월'!$F$6:$CP$99,16,),)/1000 -> 74.495595 | V34: =+U34-T34 -> -0.12782233 | W34: =+IFERROR(HLOOKUP($E34,'[3]3월'!$F$6:$CC$57,16,),)/1000 -> 125.50124 | X34: =+U34-W34 -> -51.005645
B35: 공 통 비 | G35: =+I35 -> 공통비 | I35: 공통비 | L35: =+K35-J35 -> 0 | N35: =+K35-M35 -> 0 | Q35: =+P35-O35 -> 0 | S35: =+P35-R35 -> 0 | T35: =-'[1]3월'!$Z$22/1000 -> -1156.8522 | U35: =+-'[2]3월'!$Z$22/1000 -> -1237.7949 | V35: =+U35-T35 -> -80.942691 | W35: =+-'[3]3월'!$Z$22/1000 -> -986.92285 | X35: =+U35-W35 -> -250.87206
G36: =+I36 -> OPC 소급분 | I36: OPC 소급분 | N36: =+K36-M36 -> 0 | Q36: =+P36-O36 -> 0 | S36: =+P36-R36 -> 0 | T36: =+'[1]3월'!$AS$26/1000 -> 0 | U36: =-'[2]3월'!$BD$26/1000 -> 0 | V36: =+U36-T36 -> 0 | W36: =-'[3]3월'!$BD$26/1000 -> 0 | X36: =+U36-W36 -> 0
G37: =+I37 -> 대손 | I37: 대손 | N37: =+K37-M37 -> 0 | Q37: =+P37-O37 -> 0 | S37: =+P37-R37 -> 0 | U37: ='[2]3월'!$BE$26/1000 -> -1906.5691 | V37: =+U37-T37 -> -1906.5691 | W37: ='[3]3월'!$BE$26/1000 -> -278.3528 | X37: =+U37-W37 -> -1628.2163
G38: =+I38 -> 미운영 공장 | I38: 미운영 공장 | M38: =SUM(M54:M57) -> 0 | N38: =+K38-M38 -> 0 | Q38: =+P38-O38 -> 0 | S38: =+P38-R38 -> 0 | T38: =SUM('[1]3월'!$AM$26:$AQ$26)/1000 -> -3.4117974 | U38: =+'[2]3월'!$BF$26/1000 -> -1.614152 | V38: =+U38-T38 -> 1.7976454 | W38: =+'[3]3월'!$BF$26/1000 -> -21.326463 | X38: =+U38-W38 -> 19.712311
B39: 기타 계 | G39: =+I39 -> 기타 | I39: 기타 | L39: =+K39-J39 -> 0 | N39: =+K39-M39 -> 0 | O39: =IFERROR(HLOOKUP($B39,'[1]3월'!$D$6:$BN$259,3,),)/1000 -> 1.77 | P39: =+('[2]3월'!$F$8-SUM('[2]3월'!$Z$8,'[2]3월'!$AH$8,'[2]3월'!$AN$8,'[2]3월'!$AO$8,'[2]3월'!$BA$8,'[2]3월'!$BD$8,'[2]3월'!$BE$8,'[2]3월'!$BF$8))/1000 -> 1.7024 | Q39: =+P39-O39 -> -0.0676 | R39: =+('[3]3월'!$F$8-SUM('[3]3월'!$Z$8,'[3]3월'!$AH$8,'[3]3월'!$AN$8,'[3]3월'!$AO$8,'[3]3월'!$BA$8,'[3]3월'!$BD$8,'[3]3월'!$BE$8,'[3]3월'!$BF$8))/1000 -> 1.7989 | S39: =+P39-R39 -> -0.0965 | T39: =+('[1]3월'!$E$26-'[1]3월'!$Z$26-'[1]3월'!$AA$26-'[1]3월'!$AE$26-'[1]3월'!$AL$26-'[1]3월'!$AM$26-'[1]3월'!$AN$26-'[1]3월'!$AO$26-'[1]3월'!$AP$26-'[1]3월'!$AQ$26-'[1]3월'!$AS$26)/1000 -> -68.088929 | U39: =+('[2]3월'!$F$26-SUM('[2]3월'!$Z$26,'[2]3월'!$AH$26,'[2]3월'!$AN$26,'[2]3월'!$AO$26,'[2]3월'!$BA$26,'[2]3월'!$BD$26,'[2]3월'!$BE$26,'[2]3월'!$BF$26))/1000 -> -6.366509 | V39: =+U39-T39 -> 61.72242 | W39: =+('[3]3월'!$F$26-SUM('[3]3월'!$Z$26,'[3]3월'!$AH$26,'[3]3월'!$AN$26,'[3]3월'!$AO$26,'[3]3월'!$BA$26,'[3]3월'!$BD$26,'[3]3월'!$BE$26,'[3]3월'!$BF$26))/1000 -> 20.832166 | X39: =+U39-W39 -> -27.198675
N40: =+K40-M40 -> 0 | Q40: =+P40-O40 -> 0 | S40: =+P40-R40 -> 0 | V40: =+U40-T40 -> 0
H41: 기타 계 | J41: =SUM(J33:J40) -> 0 | K41: =SUM(K33:K40) -> 0 | L41: =+K41-J41 -> 0 | M41: =SUM(M33:M40) -> 0 | N41: =+K41-M41 -> 0 | O41: =SUM(O33:O40) -> 164.9075 | P41: =SUM(P33:P40) -> 164.55387 | Q41: =+P41-O41 -> -0.35363233 | R41: =SUM(R33:R40) -> 197.66135 | S41: =+P41-R41 -> -33.10748 | T41: =SUM(T33:T40) -> -1078.3693 | U41: =SUM(U33:U40) -> -3002.7274 | V41: =+U41-T41 -> -1924.3581 | W41: =SUM(W33:W40) -> -1074.1647 | X41: =+U41-W41 -> -1928.5627
U42: 19 | V42: 12.4
G43: =+P43/O43 -> 1.0446293 | H43: 합계 | O43: =+O27+O32+O28+O41 -> 39434.781 | P43: =+P27+P32+P28+P41 -> 41194.726 | Q43: =+P43-O43 -> 1759.9454 | R43: =+R27+R32+R28+R41 -> 47038.179 | S43: =+P43-R43 -> -5843.4531 | T43: =+T27+T32+T28+T41 -> 2895.0084 | U43: =+U27+U32+U28+U41 -> 876.69411 | V43: =+U43-T43 -> -2018.3142 | W43: =+W27+W32+W28+W41 -> 4740.7813 | X43: =+U43-W43 -> -3864.0871
G44: =+U43/T43 -> 0.30282956 | T44: =+T43/O43 -> 0.073412564 | U44: =+U43/P43 -> 0.021281707
I46: 확인 | J46: =+'[1]3월'!$Z$7/1000 -> 286 | K46: =+'[2]3월'!$AI$7/1000 -> 298.4865 | M46: =+'[3]3월'!$Z$7/1000 -> 364.2905 | O46: =+'[1]3월'!$E$8/1000 -> 39434.781 | P46: =+'[2]3월'!$F$8/1000 -> 41194.726 | R46: =+'[3]3월'!$F$8/1000 -> 47038.179 | T46: =+'[1]3월'!$E$26/1000 -> 2895.0084 | U46: =+'[2]3월'!$F$26/1000 -> 876.69411 | W46: =+'[3]3월'!$F$26/1000 -> 4740.7813
J47: =+J46-J27 -> 0 | K47: =+K46-K27 -> 0 | M47: =+M46-M27 -> 0 | O47: =+O46-O43 -> 0 | P47: =+P46-P43 -> 0 | R47: =+R46-R43 -> 0 | T47: =+T46-T43 -> 0 | U47: =+U46-U43 -> 0 | W47: =+W46-W43 -> 0

Sheet 사업장별(누계)
H3: □ 사업장별 손익실적(2024-03누계)
AG4: [단위 : 천㎥, 톤, 백만원]
H5: 구분 | J5: 물량 | O5: 매출 | T5: 영업이익(공통비 배부전) | Y5: 판매단가 | AB5: 변동비 | AE5: 공헌이익
J6: 계획 | K6: 실적 | L6: 차이 | M6: 전년 | N6: 차이 | O6: 계획 | P6: 실적 | Q6: 차이 | R6: 전년 | S6: 차이 | T6: 계획 | U6: 실적 | V6: 차이 | W6: 전년 | X6: 차이 | Y6: 계획 | Z6: 실적 | AA6: 전년 | AB6: 계획 | AC6: 실적 | AD6: 전년 | AE6: 계획 | AF6: 실적 | AG6: 전년
B7: 안양 | H7: 레미콘 | I7: 안양 | J7: =+'사업장별(당월)'!J7+'[4]사업장별(누계)'!J7 -> 114 | K7: =+'사업장별(당월)'!K7+'[4]사업장별(누계)'!K7 -> 124.451 | L7: =+K7-J7 -> 10.451 | M7: =+'사업장별(당월)'!M7+'[4]사업장별(누계)'!M7 -> 133.293 | N7: =+K7-M7 -> -8.842 | O7: =+'사업장별(당월)'!O7+'[4]사업장별(누계)'!O7 -> 11192.55 | P7: =+'사업장별(당월)'!P7+'[4]사업장별(누계)'!P7 -> 12223.782 | Q7: =+P7-O7 -> 1031.2314 | R7: =+'사업장별(당월)'!R7+'[4]사업장별(누계)'!R7 -> 12041.664 | S7: =+P7-R7 -> 182.1178 | T7: =+'사업장별(당월)'!T7+'[4]사업장별(누계)'!T7 -> 1164.9034 | U7: =+'사업장별(당월)'!U7+'[4]사업장별(누계)'!U7 -> 1191.1608 | V7: =+U7-T7 -> 26.257403 | W7: =+'사업장별(당월)'!W7+'[4]사업장별(누계)'!W7 -> 1394.5362 | X7: =+U7-W7 -> -203.37537 | Y7: =+[11]안양!$Q$85 -> 98180.267 | Z7: =+[11]안양!$R$85 -> 98221.644 | AA7: =+[12]안양!$Q$85 -> 90319.023 | AB7: =+[11]안양!$Q$89 -> 79919.909 | AC7: =+[11]안양!$R$89 -> 81295.712 | AD7: =+[12]안양!$Q$89 -> 73635.95 | AE7: =+Y7-AB7 -> 18260.358 | AF7: =+Z7-AC7 -> 16925.932 | AG7: =+AA7-AD7 -> 16683.073
B8: 인천 | H8: 직영 | I8: 인천 | J8: =+'사업장별(당월)'!J8+'[4]사업장별(누계)'!J8 -> 80 | K8: =+'사업장별(당월)'!K8+'[4]사업장별(누계)'!K8 -> 83.656 | L8: =+K8-J8 -> 3.656 | M8: =+'사업장별(당월)'!M8+'[4]사업장별(누계)'!M8 -> 105.474 | N8: =+K8-M8 -> -21.818 | O8: =+'사업장별(당월)'!O8+'[4]사업장별(누계)'!O8 -> 7957.9825 | P8: =+'사업장별(당월)'!P8+'[4]사업장별(누계)'!P8 -> 8443.3819 | Q8: =+P8-O8 -> 485.39944 | R8: =+'사업장별(당월)'!R8+'[4]사업장별(누계)'!R8 -> 9553.493 | S8: =+P8-R8 -> -1110.1111 | T8: =+'사업장별(당월)'!T8+'[4]사업장별(누계)'!T8 -> 466.82253 | U8: =+'사업장별(당월)'!U8+'[4]사업장별(누계)'!U8 -> 624.52589 | V8: =+U8-T8 -> 157.70337 | W8: =+'사업장별(당월)'!W8+'[4]사업장별(누계)'!W8 -> 805.21398 | X8: =+U8-W8 -> -180.68808 | Y8: =+[11]인천!$Q$85 -> 99474.781 | Z8: =+[11]인천!$R$85 -> 100929.78 | AA8: =+[12]인천!$Q$85 -> 90569.089 | AB8: =+[11]인천!$Q$89 -> 82054.945 | AC8: =+[11]인천!$R$89 -> 83319.257 | AD8: =+[12]인천!$Q$89 -> 74511.012 | AE8: =+Y8-AB8 -> 17419.836 | AF8: =+Z8-AC8 -> 17610.527 | AG8: =+AA8-AD8 -> 16058.076
B9: 파주 | I9: 파주 | J9: =+'사업장별(당월)'!J9+'[4]사업장별(누계)'!J9 -> 68 | K9: =+'사업장별(당월)'!K9+'[4]사업장별(누계)'!K9 -> 66.204 | L9: =+K9-J9 -> -1.796 | M9: =+'사업장별(당월)'!M9+'[4]사업장별(누계)'!M9 -> 69.881 | N9: =+K9-M9 -> -3.677 | O9: =+'사업장별(당월)'!O9+'[4]사업장별(누계)'!O9 -> 6557.4779 | P9: =+'사업장별(당월)'!P9+'[4]사업장별(누계)'!P9 -> 6763.0588 | Q9: =+P9-O9 -> 205.58094 | R9: =+'사업장별(당월)'!R9+'[4]사업장별(누계)'!R9 -> 6213.3585 | S9: =+P9-R9 -> 549.70031 | T9: =+'사업장별(당월)'!T9+'[4]사업장별(누계)'!T9 -> 632.69682 | U9: =+'사업장별(당월)'!U9+'[4]사업장별(누계)'!U9 -> 487.94201 | V9: =+U9-T9 -> -144.75481 | W9: =+'사업장별(당월)'!W9+'[4]사업장별(누계)'!W9 -> 362.72157 | X9: =+U9-W9 -> 125.22044 | Y9: =+[11]파주!$Q$85 -> 96433.498 | Z9: =+[11]파주!$R$85 -> 102161.74 | AA9: =+[12]파주!$Q$85 -> 88883.921 | AB9: =+[11]파주!$Q$89 -> 77347.607 | AC9: =+[11]파주!$R$89 -> 83825.434 | AD9: =+[12]파주!$Q$89 -> 73697.261 | AE9: =+Y9-AB9 -> 19085.891 | AF9: =+Z9-AC9 -> 18336.304 | AG9: =+AA9-AD9 -> 15186.66
B10: 김포 | I10: 김포 | J10: =+'사업장별(당월)'!J10+'[4]사업장별(누계)'!J10 -> 30.5 | K10: =+'사업장별(당월)'!K10+'[4]사업장별(누계)'!K10 -> 23.559 | L10: =+K10-J10 -> -6.941 | M10: =+'사업장별(당월)'!M10+'[4]사업장별(누계)'!M10 -> 42.2155 | N10: =+K10-M10 -> -18.6565 | O10: =+'사업장별(당월)'!O10+'[4]사업장별(누계)'!O10 -> 2841.2685 | P10: =+'사업장별(당월)'!P10+'[4]사업장별(누계)'!P10 -> 2263.1289 | Q10: =+P10-O10 -> -578.13957 | R10: =+'사업장별(당월)'!R10+'[4]사업장별(누계)'!R10 -> 3636.2374 | S10: =+P10-R10 -> -1373.1084 | T10: =+'사업장별(당월)'!T10+'[4]사업장별(누계)'!T10 -> 132.60507 | U10: =+'사업장별(당월)'!U10+'[4]사업장별(누계)'!U10 -> -5.58851 | V10: =+U10-T10 -> -138.19358 | W10: =+'사업장별(당월)'!W10+'[4]사업장별(누계)'!W10 -> 366.43109 | X10: =+U10-W10 -> -372.0196 | Y10: =+[11]김포!$Q$85 -> 93156.344 | Z10: =+[11]김포!$R$85 -> 96062.181 | AA10: =+[12]김포!$Q$85 -> 86035.522 | AB10: =+[11]김포!$Q$89 -> 72248.072 | AC10: =+[11]김포!$R$89 -> 76381.196 | AD10: =+[12]김포!$Q$89 -> 65968.884 | AE10: =+Y10-AB10 -> 20908.272 | AF10: =+Z10-AC10 -> 19680.985 | AG10: =+AA10-AD10 -> 20066.638
B11: 부산 | I11: 부산 | J11: =+'사업장별(당월)'!J11+'[4]사업장별(누계)'!J11 -> 53 | K11: =+'사업장별(당월)'!K11+'[4]사업장별(누계)'!K11 -> 62.108 | L11: =+K11-J11 -> 9.108 | M11: =+'사업장별(당월)'!M11+'[4]사업장별(누계)'!M11 -> 76.332 | N11: =+K11-M11 -> -14.224 | O11: =+'사업장별(당월)'!O11+'[4]사업장별(누계)'!O11 -> 5702.8015 | P11: =+'사업장별(당월)'!P11+'[4]사업장별(누계)'!P11 -> 6695.4014 | Q11: =+P11-O11 -> 992.59993 | R11: =+'사업장별(당월)'!R11+'[4]사업장별(누계)'!R11 -> 7796.9946 | S11: =+P11-R11 -> -1101.5932 | T11: =+'사업장별(당월)'!T11+'[4]사업장별(누계)'!T11 -> 725.75291 | U11: =+'사업장별(당월)'!U11+'[4]사업장별(누계)'!U11 -> 737.33397 | V11: =+U11-T11 -> 11.581052 | W11: =+'사업장별(당월)'!W11+'[4]사업장별(누계)'!W11 -> 1517.0039 | X11: =+U11-W11 -> -779.66996 | Y11: =+[11]부산!$Q$85 -> 107600.03 | Z11: =+[11]부산!$R$85 -> 107802.56 | AA11: =+[12]부산!$Q$85 -> 102145.82 | AB11: =+[11]부산!$Q$89 -> 78500.603 | AC11: =+[11]부산!$R$89 -> 84406.225 | AD11: =+[12]부산!$Q$89 -> 73184.558 | AE11: =+Y11-AB11 -> 29099.425 | AF11: =+Z11-AC11 -> 23396.335 | AG11: =+AA11-AD11 -> 28961.26
B12: 서부산 | I12: 서부산 | J12: =+'사업장별(당월)'!J12+'[4]사업장별(누계)'!J12 -> 64 | K12: =+'사업장별(당월)'!K12+'[4]사업장별(누계)'!K12 -> 63.855 | L12: =+K12-J12 -> -0.145 | M12: =+'사업장별(당월)'!M12+'[4]사업장별(누계)'!M12 -> 69.297 | N12: =+K12-M12 -> -5.442 | O12: =+'사업장별(당월)'!O12+'[4]사업장별(누계)'!O12 -> 6629.7965 | P12: =+'사업장별(당월)'!P12+'[4]사업장별(누계)'!P12 -> 6421.5315 | Q12: =+P12-O12 -> -208.26496 | R12: =+'사업장별(당월)'!R12+'[4]사업장별(누계)'!R12 -> 6626.9685 | S12: =+P12-R12 -> -205.43698 | T12: =+'사업장별(당월)'!T12+'[4]사업장별(누계)'!T12 -> 1036.9188 | U12: =+'사업장별(당월)'!U12+'[4]사업장별(누계)'!U12 -> 663.07388 | V12: =+U12-T12 -> -373.8449 | W12: =+'사업장별(당월)'!W12+'[4]사업장별(누계)'!W12 -> 1141.9588 | X12: =+U12-W12 -> -478.88487 | Y12: =+[11]서부산!$Q$85 -> 103590.57 | Z12: =+[11]서부산!$R$85 -> 100564.27 | AA12: =+[12]서부산!$Q$85 -> 95631.391 | AB12: =+[11]서부산!$Q$89 -> 78032.761 | AC12: =+[11]서부산!$R$89 -> 80023.775 | AD12: =+[12]서부산!$Q$89 -> 70387.245 | AE12: =+Y12-AB12 -> 25557.809 | AF12: =+Z12-AC12 -> 20540.495 | AG12: =+AA12-AD12 -> 25244.146
B13: 김해 | I13: 김해 | J13: =+'사업장별(당월)'!J13+'[4]사업장별(누계)'!J13 -> 33 | K13: =+'사업장별(당월)'!K13+'[4]사업장별(누계)'!K13 -> 35.106 | L13: =+K13-J13 -> 2.106 | M13: =+'사업장별(당월)'!M13+'[4]사업장별(누계)'!M13 -> 39.024 | N13: =+K13-M13 -> -3.918 | O13: =+'사업장별(당월)'!O13+'[4]사업장별(누계)'!O13 -> 3332.994 | P13: =+'사업장별(당월)'!P13+'[4]사업장별(누계)'!P13 -> 3478.5254 | Q13: =+P13-O13 -> 145.5314 | R13: =+'사업장별(당월)'!R13+'[4]사업장별(누계)'!R13 -> 3719.4779 | S13: =+P13-R13 -> -240.9525 | T13: =+'사업장별(당월)'!T13+'[4]사업장별(누계)'!T13 -> 337.11236 | U13: =+'사업장별(당월)'!U13+'[4]사업장별(누계)'!U13 -> 199.92358 | V13: =+U13-T13 -> -137.18878 | W13: =+'사업장별(당월)'!W13+'[4]사업장별(누계)'!W13 -> 446.21319 | X13: =+U13-W13 -> -246.28961 | Y13: =+[11]김해!$Q$85 -> 100999.82 | Z13: =+[11]김해!$R$85 -> 99220.304 | AA13: =+[12]김해!$Q$85 -> 95322.213 | AB13: =+[11]김해!$Q$89 -> 76641.703 | AC13: =+[11]김해!$R$89 -> 81004.577 | AD13: =+[12]김해!$Q$89 -> 73142.157 | AE13: =+Y13-AB13 -> 24358.116 | AF13: =+Z13-AC13 -> 18215.727 | AG13: =+AA13-AD13 -> 22180.056
B14: 정관 | I14: 정관 | J14: =+'사업장별(당월)'!J14+'[4]사업장별(누계)'!J14 -> 52 | K14: =+'사업장별(당월)'!K14+'[4]사업장별(누계)'!K14 -> 57.1725 | L14: =+K14-J14 -> 5.1725 | M14: =+'사업장별(당월)'!M14+'[4]사업장별(누계)'!M14 -> 61.6 | N14: =+K14-M14 -> -4.4275 | O14: =+'사업장별(당월)'!O14+'[4]사업장별(누계)'!O14 -> 5408 | P14: =+'사업장별(당월)'!P14+'[4]사업장별(누계)'!P14 -> 5849.3167 | Q14: =+P14-O14 -> 441.31675 | R14: =+'사업장별(당월)'!R14+'[4]사업장별(누계)'!R14 -> 6096.0357 | S14: =+P14-R14 -> -246.71897 | T14: =+'사업장별(당월)'!T14+'[4]사업장별(누계)'!T14 -> 697.10379 | U14: =+'사업장별(당월)'!U14+'[4]사업장별(누계)'!U14 -> 538.13685 | V14: =+U14-T14 -> -158.96694 | W14: =+'사업장별(당월)'!W14+'[4]사업장별(누계)'!W14 -> 1002.3762 | X14: =+U14-W14 -> -464.23934 | Y14: =+[11]정관!$Q$85 -> 104000 | Z14: =+[11]정관!$R$85 -> 102309.97 | AA14: =+[12]정관!$Q$85 -> 98961.619 | AB14: =+[11]정관!$Q$89 -> 78572.545 | AC14: =+[11]정관!$R$89 -> 82705.317 | AD14: =+[12]정관!$Q$89 -> 73469.001 | AE14: =+Y14-AB14 -> 25427.455 | AF14: =+Z14-AC14 -> 19604.652 | AG14: =+AA14-AD14 -> 25492.618
B15: 양산 | I15: 양산 | J15: =+'사업장별(당월)'!J15+'[4]사업장별(누계)'!J15 -> 31 | K15: =+'사업장별(당월)'!K15+'[4]사업장별(누계)'!K15 -> 36.892 | L15: =+K15-J15 -> 5.892 | M15: =+'사업장별(당월)'!M15+'[4]사업장별(누계)'!M15 -> 43.084 | N15: =+K15-M15 -> -6.192 | O15: =+'사업장별(당월)'!O15+'[4]사업장별(누계)'!O15 -> 2987.5559 | P15: =+'사업장별(당월)'!P15+'[4]사업장별(누계)'!P15 -> 3466.6296 | Q15: =+P15-O15 -> 479.07368 | R15: =+'사업장별(당월)'!R15+'[4]사업장별(누계)'!R15 -> 4005.2567 | S15: =+P15-R15 -> -538.62712 | T15: =+'사업장별(당월)'!T15+'[4]사업장별(누계)'!T15 -> 329.7858 | U15: =+'사업장별(당월)'!U15+'[4]사업장별(누계)'!U15 -> 383.7614 | V15: =+U15-T15 -> 53.975595 | W15: =+'사업장별(당월)'!W15+'[4]사업장별(누계)'!W15 -> 639.54052 | X15: =+U15-W15 -> -255.77912 | Y15: =+[11]양산!$Q$85 -> 96372.772 | Z15: =+[11]양산!$R$85 -> 93966.974 | AA15: =+[12]양산!$Q$85 -> 92968.262 | AB15: =+[11]양산!$Q$89 -> 71575.785 | AC15: =+[11]양산!$R$89 -> 72203.263 | AD15: =+[12]양산!$Q$89 -> 67836.714 | AE15: =+Y15-AB15 -> 24796.988 | AF15: =+Z15-AC15 -> 21763.711 | AG15: =+AA15-AD15 -> 25131.548
B16: 창원 | I16: 창원 | J16: =+'사업장별(당월)'!J16+'[4]사업장별(누계)'!J16 -> 46 | K16: =+'사업장별(당월)'!K16+'[4]사업장별(누계)'!K16 -> 51.491 | L16: =+K16-J16 -> 5.491 | M16: =+'사업장별(당월)'!M16+'[4]사업장별(누계)'!M16 -> 60.343 | N16: =+K16-M16 -> -8.852 | O16: =+'사업장별(당월)'!O16+'[4]사업장별(누계)'!O16 -> 4581.8505 | P16: =+'사업장별(당월)'!P16+'[4]사업장별(누계)'!P16 -> 5287.2833 | Q16: =+P16-O16 -> 705.4328 | R16: =+'사업장별(당월)'!R16+'[4]사업장별(누계)'!R16 -> 5589.3901 | S16: =+P16-R16 -> -302.1068 | T16: =+'사업장별(당월)'!T16+'[4]사업장별(누계)'!T16 -> 678.42541 | U16: =+'사업장별(당월)'!U16+'[4]사업장별(누계)'!U16 -> 842.19535 | V16: =+U16-T16 -> 163.76994 | W16: =+'사업장별(당월)'!W16+'[4]사업장별(누계)'!W16 -> 1061.4461 | X16: =+U16-W16 -> -219.25072 | Y16: =+[11]창원!$Q$85 -> 99605.446 | Z16: =+[11]창원!$R$85 -> 102683.64 | AA16: =+[12]창원!$Q$85 -> 92626.984 | AB16: =+[11]창원!$Q$89 -> 72182.277 | AC16: =+[11]창원!$R$89 -> 75393.809 | AD16: =+[12]창원!$Q$89 -> 66329.835 | AE16: =+Y16-AB16 -> 27423.168 | AF16: =+Z16-AC16 -> 27289.831 | AG16: =+AA16-AD16 -> 26297.149
B17: 대구 | I17: 대구 | J17: =+'사업장별(당월)'!J17+'[4]사업장별(누계)'!J17 -> 43 | K17: =+'사업장별(당월)'!K17+'[4]사업장별(누계)'!K17 -> 44.3235 | L17: =+K17-J17 -> 1.3235 | M17: =+'사업장별(당월)'!M17+'[4]사업장별(누계)'!M17 -> 63.8975 | N17: =+K17-M17 -> -19.574 | O17: =+'사업장별(당월)'!O17+'[4]사업장별(누계)'!O17 -> 4205.4 | P17: =+'사업장별(당월)'!P17+'[4]사업장별(누계)'!P17 -> 4483.1214 | Q17: =+P17-O17 -> 277.72144 | R17: =+'사업장별(당월)'!R17+'[4]사업장별(누계)'!R17 -> 5783.3633 | S17: =+P17-R17 -> -1300.2419 | T17: =+'사업장별(당월)'!T17+'[4]사업장별(누계)'!T17 -> 610.41078 | U17: =+'사업장별(당월)'!U17+'[4]사업장별(누계)'!U17 -> 620.05234 | V17: =+U17-T17 -> 9.6415651 | W17: =+'사업장별(당월)'!W17+'[4]사업장별(누계)'!W17 -> 1017.9513 | X17: =+U17-W17 -> -397.89892 | Y17: =+[11]대구!$Q$85 -> 97800 | Z17: =+[11]대구!$R$85 -> 101145.47 | AA17: =+[12]대구!$Q$85 -> 90505.614 | AB17: =+[11]대구!$Q$89 -> 70957.762 | AC17: =+[11]대구!$R$89 -> 75477.477 | AD17: =+[12]대구!$Q$89 -> 66178.645 | AE17: =+Y17-AB17 -> 26842.238 | AF17: =+Z17-AC17 -> 25667.997 | AG17: =+AA17-AD17 -> 24326.968
B18: 울산 | I18: 울산 | J18: =+'사업장별(당월)'!J18+'[4]사업장별(누계)'!J18 -> 16 | K18: =+'사업장별(당월)'!K18+'[4]사업장별(누계)'!K18 -> 17.3545 | L18: =+K18-J18 -> 1.3545 | M18: =+'사업장별(당월)'!M18+'[4]사업장별(누계)'!M18 -> 29.9395 | N18: =+K18-M18 -> -12.585 | O18: =+'사업장별(당월)'!O18+'[4]사업장별(누계)'!O18 -> 1565.875 | P18: =+'사업장별(당월)'!P18+'[4]사업장별(누계)'!P18 -> 1808.5361 | Q18: =+P18-O18 -> 242.66113 | R18: =+'사업장별(당월)'!R18+'[4]사업장별(누계)'!R18 -> 2821.4145 | S18: =+P18-R18 -> -1012.8784 | T18: =+'사업장별(당월)'!T18+'[4]사업장별(누계)'!T18 -> -117.46498 | U18: =+'사업장별(당월)'!U18+'[4]사업장별(누계)'!U18 -> -37.876099 | V18: =+U18-T18 -> 79.588879 | W18: =+'사업장별(당월)'!W18+'[4]사업장별(누계)'!W18 -> 226.12245 | X18: =+U18-W18 -> -263.99855 | Y18: =+[11]울산!$Q$85 -> 97867.185 | Z18: =+[11]울산!$R$85 -> 104211.36 | AA18: =+[12]울산!$Q$85 -> 94265.208 | AB18: =+[11]울산!$Q$89 -> 79035.449 | AC18: =+[11]울산!$R$89 -> 84458.858 | AD18: =+[12]울산!$Q$89 -> 73614.916 | AE18: =+Y18-AB18 -> 18831.736 | AF18: =+Z18-AC18 -> 19752.504 | AG18: =+AA18-AD18 -> 20650.292
B19: 아산 | I19: 아산 | J19: =+'사업장별(당월)'!J19+'[4]사업장별(누계)'!J19 -> 54 | K19: =+'사업장별(당월)'!K19+'[4]사업장별(누계)'!K19 -> 68.242 | L19: =+K19-J19 -> 14.242 | M19: =+'사업장별(당월)'!M19+'[4]사업장별(누계)'!M19 -> 78.648 | N19: =+K19-M19 -> -10.406 | O19: =+'사업장별(당월)'!O19+'[4]사업장별(누계)'!O19 -> 5453.9843 | P19: =+'사업장별(당월)'!P19+'[4]사업장별(누계)'!P19 -> 6832.5553 | Q19: =+P19-O19 -> 1378.571 | R19: =+'사업장별(당월)'!R19+'[4]사업장별(누계)'!R19 -> 7318.311 | S19: =+P19-R19 -> -485.75579 | T19: =+'사업장별(당월)'!T19+'[4]사업장별(누계)'!T19 -> 627.5077 | U19: =+'사업장별(당월)'!U19+'[4]사업장별(누계)'!U19 -> 580.27093 | V19: =+U19-T19 -> -47.236777 | W19: =+'사업장별(당월)'!W19+'[4]사업장별(누계)'!W19 -> 1140.0005 | X19: =+U19-W19 -> -559.72961 | Y19: =+[11]아산!$Q$85 -> 100999.71 | Z19: =+[11]아산!$R$85 -> 100095.72 | AA19: =+[12]아산!$Q$85 -> 93027.513 | AB19: =+[11]아산!$Q$89 -> 77074.6 | AC19: =+[11]아산!$R$89 -> 80525.585 | AD19: =+[12]아산!$Q$89 -> 68198.726 | AE19: =+Y19-AB19 -> 23925.109 | AF19: =+Z19-AC19 -> 19570.131 | AG19: =+AA19-AD19 -> 24828.787
B20: 전주 | I20: 전주 | J20: =+'사업장별(당월)'!J20+'[4]사업장별(누계)'!J20 -> 32 | K20: =+'사업장별(당월)'!K20+'[4]사업장별(누계)'!K20 -> 15.963 | L20: =+K20-J20 -> -16.037 | M20: =+'사업장별(당월)'!M20+'[4]사업장별(누계)'!M20 -> 28.2445 | N20: =+K20-M20 -> -12.2815 | O20: =+'사업장별(당월)'!O20+'[4]사업장별(누계)'!O20 -> 3260.2908 | P20: =+'사업장별(당월)'!P20+'[4]사업장별(누계)'!P20 -> 1542.6619 | Q20: =+P20-O20 -> -1717.6289 | R20: =+'사업장별(당월)'!R20+'[4]사업장별(누계)'!R20 -> 2504.7447 | S20: =+P20-R20 -> -962.08277 | T20: =+'사업장별(당월)'!T20+'[4]사업장별(누계)'!T20 -> 423.25095 | U20: =+'사업장별(당월)'!U20+'[4]사업장별(누계)'!U20 -> -46.418492 | V20: =+U20-T20 -> -469.66944 | W20: =+'사업장별(당월)'!W20+'[4]사업장별(누계)'!W20 -> 166.62544 | X20: =+U20-W20 -> -213.04393 | Y20: =+[11]전주!$Q$85 -> 101884.09 | Z20: =+[11]전주!$R$85 -> 96639.85 | AA20: =+[12]전주!$Q$85 -> 88724.108 | AB20: =+[11]전주!$Q$89 -> 74647.065 | AC20: =+[11]전주!$R$89 -> 72806.242 | AD20: =+[12]전주!$Q$89 -> 66438.649 | AE20: =+Y20-AB20 -> 27237.022 | AF20: =+Z20-AC20 -> 23833.608 | AG20: =+AA20-AD20 -> 22285.459
B21: 군산 | I21: 군산 | J21: =+'사업장별(당월)'!J21+'[4]사업장별(누계)'!J21 -> 15.5 | K21: =+'사업장별(당월)'!K21+'[4]사업장별(누계)'!K21 -> 21.895 | L21: =+K21-J21 -> 6.395 | M21: =+'사업장별(당월)'!M21+'[4]사업장별(누계)'!M21 -> 22.1205 | N21: =+K21-M21 -> -0.2255 | O21: =+'사업장별(당월)'!O21+'[4]사업장별(누계)'!O21 -> 1690.3323 | P21: =+'사업장별(당월)'!P21+'[4]사업장별(누계)'!P21 -> 2347.4518 | Q21: =+P21-O21 -> 657.11947 | R21: =+'사업장별(당월)'!R21+'[4]사업장별(누계)'!R21 -> 2061.4803 | S21: =+P21-R21 -> 285.9715 | T21: =+'사업장별(당월)'!T21+'[4]사업장별(누계)'!T21 -> 355.97934 | U21: =+'사업장별(당월)'!U21+'[4]사업장별(누계)'!U21 -> 575.76975 | V21: =+U21-T21 -> 219.79042 | W21: =+'사업장별(당월)'!W21+'[4]사업장별(누계)'!W21 -> 420.31723 | X21: =+U21-W21 -> 155.45252 | Y21: =+[11]군산!$Q$85 -> 109053.7 | Z21: =+[11]군산!$R$85 -> 107228.68 | AA21: =+[12]군산!$Q$85 -> 93143.397 | AB21: =+[11]군산!$Q$89 -> 70074.4 | AC21: =+[11]군산!$R$89 -> 70243.965 | AD21: =+[12]군산!$Q$89 -> 63451.721 | AE21: =+Y21-AB21 -> 38979.299 | AF21: =+Z21-AC21 -> 36984.715 | AG21: =+AA21-AD21 -> 29691.676
B22: 원주 | I22: 원주 | J22: =+'사업장별(당월)'!J22+'[4]사업장별(누계)'!J22 -> 12 | K22: =+'사업장별(당월)'!K22+'[4]사업장별(누계)'!K22 -> 13.148 | L22: =+K22-J22 -> 1.148 | M22: =+'사업장별(당월)'!M22+'[4]사업장별(누계)'!M22 -> 11.7265 | N22: =+K22-M22 -> 1.4215 | O22: =+'사업장별(당월)'!O22+'[4]사업장별(누계)'!O22 -> 1294.8 | P22: =+'사업장별(당월)'!P22+'[4]사업장별(누계)'!P22 -> 1468.9102 | Q22: =+P22-O22 -> 174.1102 | R22: =+'사업장별(당월)'!R22+'[4]사업장별(누계)'!R22 -> 1165.2837 | S22: =+P22-R22 -> 303.62648 | T22: =+'사업장별(당월)'!T22+'[4]사업장별(누계)'!T22 -> 131.69105 | U22: =+'사업장별(당월)'!U22+'[4]사업장별(누계)'!U22 -> 235.63579 | V22: =+U22-T22 -> 103.94474 | W22: =+'사업장별(당월)'!W22+'[4]사업장별(누계)'!W22 -> 158.2842 | X22: =+U22-W22 -> 77.351592 | Y22: =+[11]원주!$Q$85 -> 107900 | Z22: =+[11]원주!$R$85 -> 111742.7 | AA22: =+[12]원주!$Q$85 -> 99335.384 | AB22: =+[11]원주!$Q$89 -> 75324.122 | AC22: =+[11]원주!$R$89 -> 74187.437 | AD22: =+[12]원주!$Q$89 -> 65415.669 | AE22: =+Y22-AB22 -> 32575.878 | AF22: =+Z22-AC22 -> 37555.263 | AG22: =+AA22-AD22 -> 33919.714
B23: 제주 | I23: 제주 | J23: =+'사업장별(당월)'!J23+'[4]사업장별(누계)'!J23 -> 12 | K23: =+'사업장별(당월)'!K23+'[4]사업장별(누계)'!K23 -> 9.508 | L23: =+K23-J23 -> -2.492 | M23: =+'사업장별(당월)'!M23+'[4]사업장별(누계)'!M23 -> 21.753 | N23: =+K23-M23 -> -12.245 | O23: =+'사업장별(당월)'!O23+'[4]사업장별(누계)'!O23 -> 1520.4 | P23: =+'사업장별(당월)'!P23+'[4]사업장별(누계)'!P23 -> 1227.1642 | Q23: =+P23-O23 -> -293.23578 | R23: =+'사업장별(당월)'!R23+'[4]사업장별(누계)'!R23 -> 2572.0425 | S23: =+P23-R23 -> -1344.8783 | T23: =+'사업장별(당월)'!T23+'[4]사업장별(누계)'!T23 -> 141.60326 | U23: =+'사업장별(당월)'!U23+'[4]사업장별(누계)'!U23 -> 123.48812 | V23: =+U23-T23 -> -18.115135 | W23: =+'사업장별(당월)'!W23+'[4]사업장별(누계)'!W23 -> 599.32748 | X23: =+U23-W23 -> -475.83936 | Y23: =+[11]제주!$Q$85 -> 126700 | Z23: =+[11]제주!$R$85 -> 129066.49 | AA23: =+[12]제주!$Q$85 -> 118252.77 | AB23: =+[11]제주!$Q$89 -> 89935.469 | AC23: =+[11]제주!$R$89 -> 89281.988 | AD23: =+[12]제주!$Q$89 -> 79676.725 | AE23: =+Y23-AB23 -> 36764.531 | AF23: =+Z23-AC23 -> 39784.506 | AG23: =+AA23-AD23 -> 38576.046
I24: 수도권 | J24: =SUM(J7:J10) -> 292.5 | K24: =SUM(K7:K10) -> 297.87 | L24: =+K24-J24 -> 5.37 | M24: =SUM(M7:M10) -> 350.8635 | N24: =+K24-M24 -> -52.9935 | O24: =SUM(O7:O10) -> 28549.279 | P24: =SUM(P7:P10) -> 29693.352 | Q24: =+P24-O24 -> 1144.0722 | R24: =SUM(R7:R10) -> 31444.753 | S24: =+P24-R24 -> -1751.4014 | T24: =SUM(T7:T10) -> 2397.0278 | U24: =SUM(U7:U10) -> 2298.0402 | V24: =+U24-T24 -> -98.987617 | W24: =SUM(W7:W10) -> 2928.9028 | X24: =+U24-W24 -> -630.86261 | Y24: =+[11]수도권!$Q$85 -> 97604.374 | Z24: =+[11]수도권!$R$85 -> 99686.691 | AA24: =+[12]수도권!$Q$85 -> 89606.012 | AB24: =+[11]수도권!$Q$89 -> 79105.876 | AC24: =+[11]수도권!$R$89 -> 82036.997 | AD24: =+[12]수도권!$Q$89 -> 72993.236 | AE24: =+Y24-AB24 -> 18498.498 | AF24: =+Z24-AC24 -> 17649.694 | AG24: =+AA24-AD24 -> 16612.777
I25: 영남권 | J25: =SUM(J11:J18) -> 338 | K25: =SUM(K11:K18) -> 368.3025 | L25: =+K25-J25 -> 30.3025 | M25: =SUM(M11:M18) -> 443.517 | N25: =+K25-M25 -> -75.2145 | O25: =SUM(O11:O18) -> 34414.273 | P25: =SUM(P11:P18) -> 37490.346 | Q25: =+P25-O25 -> 3076.0722 | R25: =SUM(R11:R18) -> 42438.901 | S25: =+P25-R25 -> -4948.5558 | T25: =SUM(T11:T18) -> 4298.0449 | U25: =SUM(U11:U18) -> 3946.6013 | V25: =+U25-T25 -> -351.4436 | W25: =SUM(W11:W18) -> 7052.6124 | X25: =+U25-W25 -> -3106.0111 | Y25: =+[11]영남권!$Q$85 -> 101817.38 | Z25: =+[11]영남권!$R$85 -> 101808.7 | AA25: =+[12]영남권!$Q$85 -> 95691.95 | AB25: =+[11]영남권!$Q$89 -> 75812.314 | AC25: =+[11]영남권!$R$89 -> 79506.665 | AD25: =+[12]영남권!$Q$89 -> 70361.275 | AE25: =+Y25-AB25 -> 26005.063 | AF25: =+Z25-AC25 -> 22302.037 | AG25: =+AA25-AD25 -> 25330.675
I26: 중부권 | J26: =SUM(J19:J23) -> 125.5 | K26: =SUM(K19:K23) -> 128.756 | L26: =+K26-J26 -> 3.256 | M26: =SUM(M19:M23) -> 162.4925 | N26: =+K26-M26 -> -33.7365 | O26: =SUM(O19:O23) -> 13219.807 | P26: =SUM(P19:P23) -> 13418.743 | Q26: =+P26-O26 -> 198.93598 | R26: =SUM(R19:R23) -> 15621.862 | S26: =+P26-R26 -> -2203.1189 | T26: =SUM(T19:T23) -> 1680.0323 | U26: =SUM(U19:U23) -> 1468.7461 | V26: =+U26-T26 -> -211.2862 | W26: =SUM(W19:W23) -> 2484.5549 | X26: =+U26-W26 -> -1015.8088 | Y26: =+[11]중부권!$Q$85 -> 105337.11 | Z26: =+[11]중부권!$R$85 -> 104210.42 | AA26: =+[12]중부권!$Q$85 -> 96320.771 | AB26: =+[11]중부권!$Q$89 -> 76653.409 | AC26: =+[11]중부권!$R$89 -> 77821.036 | AD26: =+[12]중부권!$Q$89 -> 68614.317 | AE26: =+Y26-AB26 -> 28683.702 | AF26: =+Z26-AC26 -> 26389.379 | AG26: =+AA26-AD26 -> 27706.454
H27: 레미콘 계 | J27: =SUM(J24:J26) -> 756 | K27: =SUM(K24:K26) -> 794.9285 | L27: =+K27-J27 -> 38.9285 | M27: =SUM(M24:M26) -> 956.873 | N27: =+K27-M27 -> -161.9445 | O27: =SUM(O24:O26) -> 76183.36 | P27: =SUM(P24:P26) -> 80602.44 | Q27: =+P27-O27 -> 4419.0803 | R27: =SUM(R24:R26) -> 89505.517 | S27: =+P27-R27 -> -8903.0761 | T27: =SUM(T24:T26) -> 8375.105 | U27: =SUM(U24:U26) -> 7713.3876 | V27: =+U27-T27 -> -661.71741 | W27: =SUM(W24:W26) -> 12466.07 | X27: =+U27-W27 -> -4752.6825 | Y27: =+[11]합계!$Q$85 -> 100771.64 | Z27: =+[11]합계!$R$85 -> 101401.59 | AA27: =+[12]합계!$Q$85 -> 93557.888 | AB27: =+[11]합계!$Q$89 -> 77226.235 | AC27: =+[11]합계!$R$89 -> 80182.546 | AD27: =+[12]합계!$Q$89 -> 71043.329 | AE27: =+Y27-AB27 -> 23545.405 | AF27: =+Z27-AC27 -> 21219.043 | AG27: =+AA27-AD27 -> 22514.558
B28: 건자재 | E28: 건자재영업 | H28: 건자재 | J28: =+'사업장별(당월)'!J28+'[4]사업장별(누계)'!J28 -> 20600 | K28: =+'사업장별(당월)'!K28+'[4]사업장별(누계)'!K28 -> 21735.563 | L28: =+K28-J28 -> 1135.563 | M28: =+'사업장별(당월)'!M28+'[4]사업장별(누계)'!M28 -> 25167.705 | N28: =+K28-M28 -> -3432.142 | O28: =+'사업장별(당월)'!O28+'[4]사업장별(누계)'!O28 -> 25207.457 | P28: =+'사업장별(당월)'!P28+'[4]사업장별(누계)'!P28 -> 22933.533 | Q28: =+P28-O28 -> -2273.9239 | R28: =+'사업장별(당월)'!R28+'[4]사업장별(누계)'!R28 -> 29963.075 | S28: =+P28-R28 -> -7029.5416 | T28: =+'사업장별(당월)'!T28+'[4]사업장별(누계)'!T28 -> 260.3396 | U28: =+'사업장별(당월)'!U28+'[4]사업장별(누계)'!U28 -> 148.76724 | V28: =+U28-T28 -> -111.57236 | W28: =+'사업장별(당월)'!W28+'[4]사업장별(누계)'!W28 -> 206.20407 | X28: =+U28-W28 -> -57.436838 | Y28: ■ 비고
B29: 부산모래장 | H29: 골재 | I29: 부산모래장 | J29: =+'사업장별(당월)'!J29+'[4]사업장별(누계)'!J29 -> 57.531466 | K29: =+'사업장별(당월)'!K29+'[4]사업장별(누계)'!K29 -> 66.106 | L29: =+K29-J29 -> 8.5745341 | M29: =+'사업장별(당월)'!M29+'[4]사업장별(누계)'!M29 -> 73.989 | N29: =+K29-M29 -> -7.883 | O29: =+'사업장별(당월)'!O29+'[4]사업장별(누계)'!O29 -> 1777.6373 | P29: =+'사업장별(당월)'!P29+'[4]사업장별(누계)'!P29 -> 1982.7677 | Q29: =+P29-O29 -> 205.13036 | R29: =+'사업장별(당월)'!R29+'[4]사업장별(누계)'!R29 -> 2200.9593 | S29: =+P29-R29 -> -218.19163 | T29: =+'사업장별(당월)'!T29+'[4]사업장별(누계)'!T29 -> 74.963484 | U29: =+'사업장별(당월)'!U29+'[4]사업장별(누계)'!U29 -> 153.7525 | V29: =+U29-T29 -> 78.789011 | W29: =+'사업장별(당월)'!W29+'[4]사업장별(누계)'!W29 -> 100.01812 | X29: =+U29-W29 -> 53.73438 | Y29: - 대손 16억 : 개별 10억(선원건설 7.9억, 송학건설 1억, 계원토건 1.2억) + 집합 9억
B30: 서부산크라샤 | I30: 서부산CR | J30: =+'사업장별(당월)'!J30+'[4]사업장별(누계)'!J30 -> 23.5096 | K30: =+'사업장별(당월)'!K30+'[4]사업장별(누계)'!K30 -> 72.474 | L30: =+K30-J30 -> 48.9644 | M30: =+'사업장별(당월)'!M30+'[4]사업장별(누계)'!M30 -> 113.104 | N30: =+K30-M30 -> -40.63 | O30: =+'사업장별(당월)'!O30+'[4]사업장별(누계)'!O30 -> 366.5198 | P30: =+'사업장별(당월)'!P30+'[4]사업장별(누계)'!P30 -> 1002.114 | Q30: =+P30-O30 -> 635.5942 | R30: =+'사업장별(당월)'!R30+'[4]사업장별(누계)'!R30 -> 1326.672 | S30: =+P30-R30 -> -324.558 | T30: =+'사업장별(당월)'!T30+'[4]사업장별(누계)'!T30 -> 51.511147 | U30: =+'사업장별(당월)'!U30+'[4]사업장별(누계)'!U30 -> 137.00128 | V30: =+U30-T30 -> 85.490137 | W30: =+'사업장별(당월)'!W30+'[4]사업장별(누계)'!W30 -> 245.88794 | X30: =+U30-W30 -> -108.88666 | Y30: 태영건설 3억 환입
B31: 부산크라샤 | I31: 부산CR | J31: =+'사업장별(당월)'!J31+'[4]사업장별(누계)'!J31 -> 119.09701 | K31: =+'사업장별(당월)'!K31+'[4]사업장별(누계)'!K31 -> 96.137 | L31: =+K31-J31 -> -22.960011 | M31: =+'사업장별(당월)'!M31+'[4]사업장별(누계)'!M31 -> 0 | N31: =+K31-M31 -> 96.137 | O31: =+'사업장별(당월)'!O31+'[4]사업장별(누계)'!O31 -> 2130.3397 | P31: =+'사업장별(당월)'!P31+'[4]사업장별(누계)'!P31 -> 1796.7275 | Q31: =+P31-O31 -> -333.61219 | R31: =+'사업장별(당월)'!R31+'[4]사업장별(누계)'!R31 -> 0 | S31: =+P31-R31 -> 1796.7275 | T31: =+'사업장별(당월)'!T31+'[4]사업장별(누계)'!T31 -> -22.488731 | U31: =+'사업장별(당월)'!U31+'[4]사업장별(누계)'!U31 -> 128.36691 | V31: =+U31-T31 -> 150.85564 | W31: =+'사업장별(당월)'!W31+'[4]사업장별(누계)'!W31 -> -30.423658 | X31: =+U31-W31 -> 158.79057
H32: 골재 계 | J32: =SUM(J29:J31) -> 200.13808 | K32: =SUM(K29:K31) -> 234.717 | L32: =+K32-J32 -> 34.578923 | M32: =SUM(M29:M31) -> 187.093 | N32: =+K32-M32 -> 47.624 | O32: =SUM(O29:O31) -> 4274.4968 | P32: =SUM(P29:P31) -> 4781.6092 | Q32: =+P32-O32 -> 507.11237 | R32: =SUM(R29:R31) -> 3527.6313 | S32: =+P32-R32 -> 1253.9779 | T32: =SUM(T29:T31) -> 103.9859 | U32: =SUM(U29:U31) -> 419.12069 | V32: =+U32-T32 -> 315.13479 | W32: =SUM(W29:W31) -> 315.4824 | X32: =+U32-W32 -> 103.63829
B33: 포항임대 | C33: 속초임대 | D33: 강릉임대 | E33: 레미콘임대 계 | H33: 기타 | I33: 레미콘임대 | L33: =+K33-J33 -> 0 | N33: =+K33-M33 -> 0 | O33: =+'사업장별(당월)'!O33+'[4]사업장별(누계)'!O33 -> 272.52 | P33: =+'사업장별(당월)'!P33+'[4]사업장별(누계)'!P33 -> 272.52 | Q33: =+P33-O33 -> 0 | R33: =+'사업장별(당월)'!R33+'[4]사업장별(누계)'!R33 -> 235.02 | S33: =+P33-R33 -> 37.5 | T33: =+'사업장별(당월)'!T33+'[4]사업장별(누계)'!T33 -> 219.78132 | U33: =+'사업장별(당월)'!U33+'[4]사업장별(누계)'!U33 -> 218.88359 | V33: =+U33-T33 -> -0.897735 | W33: =+'사업장별(당월)'!W33+'[4]사업장별(누계)'!W33 -> 188.95603 | X33: =+U33-W33 -> 29.927555
B34: 부동산임대 | C34: 주유소임대 | E34: 임대 계 | I34: 임대 | L34: =+K34-J34 -> 0 | M34: 0 | N34: =+K34-M34 -> 0 | O34: =+'사업장별(당월)'!O34+'[4]사업장별(누계)'!O34 -> 216.8925 | P34: =+'사업장별(당월)'!P34+'[4]사업장별(누계)'!P34 -> 215.92734 | Q34: =+P34-O34 -> -0.965163 | R34: =+'사업장별(당월)'!R34+'[4]사업장별(누계)'!R34 -> 305.69964 | S34: =+P34-R34 -> -89.772305 | T34: =+'사업장별(당월)'!T34+'[4]사업장별(누계)'!T34 -> 198.71433 | U34: =+'사업장별(당월)'!U34+'[4]사업장별(누계)'!U34 -> 198.21359 | V34: =+U34-T34 -> -0.500739 | W34: =+'사업장별(당월)'!W34+'[4]사업장별(누계)'!W34 -> 189.5762 | X34: =+U34-W34 -> 8.637392
B35: 공 통 비 | I35: 공통비 | L35: =+K35-J35 -> 0 | N35: =+K35-M35 -> 0 | O35: =+'사업장별(당월)'!O35+'[4]사업장별(누계)'!O35 -> 0 | P35: =+'사업장별(당월)'!P35+'[4]사업장별(누계)'!P35 -> 0 | Q35: =+P35-O35 -> 0 | R35: =+'사업장별(당월)'!R35+'[4]사업장별(누계)'!R35 -> 0 | S35: =+P35-R35 -> 0 | T35: =+'사업장별(당월)'!T35+'[4]사업장별(누계)'!T35 -> -3671.5609 | U35: =+'사업장별(당월)'!U35+'[4]사업장별(누계)'!U35 -> -3840.411 | V35: =+U35-T35 -> -168.85013 | W35: =+'사업장별(당월)'!W35+'[4]사업장별(누계)'!W35 -> -3011.987 | X35: =+U35-W35 -> -828.42406
I36: OPC 소급분 | N36: =+K36-M36 -> 0 | O36: =+'사업장별(당월)'!O36+'[4]사업장별(누계)'!O36 -> 0 | P36: =+'사업장별(당월)'!P36+'[4]사업장별(누계)'!P36 -> 0 | Q36: =+P36-O36 -> 0 | R36: =+'사업장별(당월)'!R36+'[4]사업장별(누계)'!R36 -> 0 | S36: =+P36-R36 -> 0 | T36: =+'사업장별(당월)'!T36+'[4]사업장별(누계)'!T36 -> 0 | U36: =+'사업장별(당월)'!U36+'[4]사업장별(누계)'!U36 -> 0 | V36: =+U36-T36 -> 0 | W36: =+'사업장별(당월)'!W36+'[4]사업장별(누계)'!W36 -> 0 | X36: =+U36-W36 -> 0
I37: 대손 | N37: =+K37-M37 -> 0 | O37: =+'사업장별(당월)'!O37+'[4]사업장별(누계)'!O37 -> 0 | P37: =+'사업장별(당월)'!P37+'[4]사업장별(누계)'!P37 -> 0 | Q37: =+P37-O37 -> 0 | R37: =+'사업장별(당월)'!R37+'[4]사업장별(누계)'!R37 -> 0 | S37: =+P37-R37 -> 0 | T37: =+'사업장별(당월)'!T37+'[4]사업장별(누계)'!T37 -> 0 | U37: =+'사업장별(당월)'!U37+'[4]사업장별(누계)'!U37 -> -1595.8425 | V37: =+U37-T37 -> -1595.8425 | W37: =+'사업장별(당월)'!W37+'[4]사업장별(누계)'!W37 -> -278.3528 | X37: =+U37-W37 -> -1317.4897
I38: 미운영 공장 | M38: =SUM(M54:M57) -> 0 | N38: =+K38-M38 -> 0 | O38: =+'사업장별(당월)'!O38+'[4]사업장별(누계)'!O38 -> 0 | P38: =+'사업장별(당월)'!P38+'[4]사업장별(누계)'!P38 -> 0 | Q38: =+P38-O38 -> 0 | R38: =+'사업장별(당월)'!R38+'[4]사업장별(누계)'!R38 -> 0 | S38: =+P38-R38 -> 0 | T38: =+'사업장별(당월)'!T38+'[4]사업장별(누계)'!T38 -> -74.838249 | U38: =+'사업장별(당월)'!U38+'[4]사업장별(누계)'!U38 -> -73.135676 | V38: =+U38-T38 -> 1.7025733 | W38: =+'사업장별(당월)'!W38+'[4]사업장별(누계)'!W38 -> -42.411559 | X38: =+U38-W38 -> -30.724117
B39: 기타 계 | I39: 기타 | L39: =+K39-J39 -> 0 | N39: =+K39-M39 -> 0 | O39: =+'사업장별(당월)'!O39+'[4]사업장별(누계)'!O39 -> 5.31 | P39: =+'사업장별(당월)'!P39+'[4]사업장별(누계)'!P39 -> 5.1072 | Q39: =+P39-O39 -> -0.2028 | R39: =+'사업장별(당월)'!R39+'[4]사업장별(누계)'!R39 -> 5.1519 | S39: =+P39-R39 -> -0.0447 | T39: =+'사업장별(당월)'!T39+'[4]사업장별(누계)'!T39 -> -100.05975 | U39: =+'사업장별(당월)'!U39+'[4]사업장별(누계)'!U39 -> -37.964358 | V39: =+U39-T39 -> 62.095387 | W39: =+'사업장별(당월)'!W39+'[4]사업장별(누계)'!W39 -> -13.244757 | X39: =+U39-W39 -> -24.719601
N40: =+K40-M40 -> 0 | O40: =+'사업장별(당월)'!O40+'[4]사업장별(누계)'!O40 -> 0 | P40: =+'사업장별(당월)'!P40+'[4]사업장별(누계)'!P40 -> 0 | Q40: =+P40-O40 -> 0 | R40: =+'사업장별(당월)'!R40+'[4]사업장별(누계)'!R40 -> 0 | S40: =+P40-R40 -> 0 | T40: =+'사업장별(당월)'!T40+'[4]사업장별(누계)'!T40 -> 0 | U40: =+'사업장별(당월)'!U40+'[4]사업장별(누계)'!U40 -> 0 | V40: =+U40-T40 -> 0 | W40: =+'사업장별(당월)'!W40+'[4]사업장별(누계)'!W40 -> 0
H41: 기타 계 | J41: =SUM(J33:J40) -> 0 | K41: =SUM(K33:K40) -> 0 | L41: =+K41-J41 -> 0 | M41: =SUM(M33:M40) -> 0 | N41: =+K41-M41 -> 0 | O41: =SUM(O33:O40) -> 494.7225 | P41: =SUM(P33:P40) -> 493.55454 | Q41: =+P41-O41 -> -1.167963 | R41: =SUM(R33:R40) -> 545.87154 | S41: =+P41-R41 -> -52.317005 | T41: =SUM(T33:T40) -> -3427.9632 | U41: =SUM(U33:U40) -> -5130.2564 | V41: =+U41-T41 -> -1702.2932 | W41: =SUM(W33:W40) -> -2967.4638 | X41: =+U41-W41 -> -2162.7926
G43: =+P43/O43 -> 1.0249727 | H43: 합계 | O43: =+O27+O32+O28+O41 -> 106160.04 | P43: =+P27+P32+P28+P41 -> 108811.14 | Q43: =+P43-O43 -> 2651.1008 | R43: =+R27+R32+R28+R41 -> 123542.09 | S43: =+P43-R43 -> -14730.957 | T43: =+T27+T32+T28+T41 -> 5311.4672 | U43: =+U27+U32+U28+U41 -> 3151.0191 | V43: =+U43-T43 -> -2160.4482 | W43: =+W27+W32+W28+W41 -> 10020.293 | X43: =+U43-W43 -> -6869.2736
G44: =+U43/T43 -> 0.59324833 | T44: =+T43/O43 -> 0.050032643 | U44: =+U43/P43 -> 0.028958608
I46: 확인 | J46: =+'사업장별(당월)'!J46+'[4]사업장별(누계)'!J46 -> 756 | K46: =+'사업장별(당월)'!K46+'[4]사업장별(누계)'!K46 -> 794.9285 | M46: =+'사업장별(당월)'!M46+'[4]사업장별(누계)'!M46 -> 956.873 | O46: =+'사업장별(당월)'!O46+'[4]사업장별(누계)'!O46 -> 106160.04 | P46: =+'사업장별(당월)'!P46+'[4]사업장별(누계)'!P46 -> 108811.14 | R46: =+'사업장별(당월)'!R46+'[4]사업장별(누계)'!R46 -> 123542.09 | T46: =+'사업장별(당월)'!T46+'[4]사업장별(누계)'!T46 -> 5311.4672 | U46: =+'사업장별(당월)'!U46+'[4]사업장별(누계)'!U46 -> 3151.0191 | W46: =+'사업장별(당월)'!W46+'[4]사업장별(누계)'!W46 -> 10020.293
J47: =+J46-J27 -> 0 | K47: =+K46-K27 -> 0 | M47: =+M46-M27 -> 0 | O47: =+O46-O43 -> 0 | P47: =+P46-P43 -> 0 | R47: =+R46-R43 -> 0 | T47: =+T46-T43 -> 0 | U47: =+U46-U43 -> 0 | W47: =+W46-W43 -> 0

Sheet 영업이익
D4: □ 레미콘 영업이익 차이분석(2024-03)
W5: [단위 : 백만원, 천㎥]
D6: 구분 | E6: 영업이익(공통비 미배부) | H6: 물량 차이 | L6: 판매단가 차이 | P6: 제조원가 차이 | T6: 판관비 등 차이
E7: 계획 | F7: 실적 | G7: 차이 | H7: 계획 | I7: 실적 | J7: 차이 | K7: 손익 | L7: 계획 | M7: 실적 | N7: 차이 | O7: 손익 | P7: 계획 | Q7: 실적 | R7: 차이 | S7: 손익 | T7: 계획 | U7: 실적 | V7: 차이 | W7: 손익
D8: 합계 | E8: =+[5]합계!$H$86/1000 -> 3912.6893 | F8: =+[5]합계!$I$86/1000 -> 3691.8986 | G8: =+F8-E8 -> -220.79074 | H8: =+[5]합계!$T$5/1000 -> 286 | I8: =+[5]합계!$U$5/1000 -> 298.4865 | J8: =+I8-H8 -> 12.4865 | K8: =+[5]합계!$M$86/1000 -> 202.47835 | L8: =+[5]합계!$Q$85 -> 101638.95 | M8: =+[5]합계!$R$85 -> 102216.11 | N8: =+M8-L8 -> 577.15967 | O8: =+[5]합계!$K$86/1000 -> 171.85131 | P8: =+[5]합계!$Q$50 -> 84520.055 | Q8: =+[5]합계!$R$50 -> 86679.656 | R8: =+Q8-P8 -> 2159.6009 | S8: =+[5]합계!$L$56/1000 -> -582.82655 | T8: =+([5]합계!$H$80+[5]합계!$H$85)/1000 -> 983.31505 | U8: =+([5]합계!$I$80+[5]합계!$I$85)/1000 -> 995.6089 | V8: =+U8-T8 -> 12.293853 | W8: =+([5]합계!$L$80+[5]합계!$L$85)/1000 -> -12.293853 | Y8: =+G8-K8-O8-S8-W8 -> 5.416112e-12 | Z8: =+Y8*1000000 -> 5.416112e-06
D9: 수도권 | E9: =+[5]수도권!$H$86/1000 -> 1248.8886 | F9: =+[5]수도권!$I$86/1000 -> 1147.7338 | G9: =+F9-E9 -> -101.1548 | H9: =+[5]수도권!$T$5/1000 -> 108.5 | I9: =+[5]수도권!$U$5/1000 -> 110.047 | J9: =+I9-H9 -> 1.547 | K9: =+[5]수도권!$M$86/1000 -> 22.309321 | L9: =+[5]수도권!$Q$85 -> 99587.16 | M9: =+[5]수도권!$R$85 -> 101292.86 | N9: =+M9-L9 -> 1705.7037 | O9: =+[5]수도권!$K$86/1000 -> 187.67687 | P9: =+[5]수도권!$Q$50 -> 85031.685 | Q9: =+[5]수도권!$R$50 -> 88083.76 | R9: =+Q9-P9 -> 3052.0746 | S9: =+[5]수도권!$L$56/1000 -> -335.76684 | T9: =+([5]수도권!$H$80+[5]수도권!$H$85)/1000 -> 330.38041 | U9: =+([5]수도권!$I$80+[5]수도권!$I$85)/1000 -> 305.75455 | V9: =+U9-T9 -> -24.625853 | W9: =+([5]수도권!$L$80+[5]수도권!$L$85)/1000 -> 24.625853 | Y9: =+G9-K9-O9-S9-W9 -> 3.0553338e-13 | Z9: =+Y9*1000000 -> 3.0553338e-07
D10: 영남권 | E10: =+[5]영남권!$H$86/1000 -> 1750.989 | F10: =+[5]영남권!$I$86/1000 -> 1614.0472 | G10: =+F10-E10 -> -136.94172 | H10: =+[5]영남권!$T$5/1000 -> 125 | I10: =+[5]영남권!$U$5/1000 -> 134.5 | J10: =+I10-H10 -> 9.5 | K10: =+[5]영남권!$M$86/1000 -> 160.80314 | L10: =+[5]영남권!$Q$85 -> 101799.63 | M10: =+[5]영남권!$R$85 -> 101364.13 | N10: =+M10-L10 -> -435.5036 | O10: =+[5]영남권!$K$86/1000 -> -58.353128 | P10: =+[5]영남권!$Q$50 -> 83975.142 | Q10: =+[5]영남권!$R$50 -> 86000.194 | R10: =+Q10-P10 -> 2025.0522 | S10: =+[5]영남권!$L$56/1000 -> -210.99573 | T10: =+([5]영남권!$H$80+[5]영남권!$H$85)/1000 -> 477.07192 | U10: =+([5]영남권!$I$80+[5]영남권!$I$85)/1000 -> 505.46792 | V10: =+U10-T10 -> 28.396006 | W10: =+([5]영남권!$L$80+[5]영남권!$L$85)/1000 -> -28.396006 | Y10: =+G10-K10-O10-S10-W10 -> 1.2008172e-12 | Z10: =+Y10*1000000 -> 1.2008172e-06
D11: 기타권 | E11: =+[5]중부권!$H$86/1000 -> 912.81172 | F11: =+[5]중부권!$I$86/1000 -> 930.1175 | G11: =+F11-E11 -> 17.305781 | H11: =+[5]중부권!$T$5/1000 -> 52.5 | I11: =+[5]중부권!$U$5/1000 -> 53.9395 | J11: =+I11-H11 -> 1.4395 | K11: =+[5]중부권!$M$86/1000 -> 26.255802 | L11: =+[5]중부권!$Q$85 -> 105496.75 | M11: =+[5]중부권!$R$85 -> 106231.06 | N11: =+M11-L11 -> 734.31053 | O11: =+[5]중부권!$K$86/1000 -> 39.457809 | P11: =+[5]중부권!$Q$50 -> 84760.098 | Q11: =+[5]중부권!$R$50 -> 85502.348 | R11: =+Q11-P11 -> 742.25016 | S11: =+[5]중부권!$L$56/1000 -> -39.88413 | T11: =+([5]중부권!$H$80+[5]중부권!$H$85)/1000 -> 175.86273 | U11: =+([5]중부권!$I$80+[5]중부권!$I$85)/1000 -> 184.38643 | V11: =+U11-T11 -> 8.5236999 | W11: =+([5]중부권!$L$80+[5]중부권!$L$85)/1000 -> -8.5236999 | Y11: =+G11-K11-O11-S11-W11 -> 1.389111e-12 | Z11: =+Y11*1000000 -> 1.389111e-06
D12: 안양 | E12: =+[5]안양!$H$86/1000 -> 542.32383 | F12: =+[5]안양!$I$86/1000 -> 402.62876 | G12: =+F12-E12 -> -139.69507 | H12: =+[5]안양!$T$5/1000 -> 41 | I12: =+[5]안양!$U$5/1000 -> 40.978 | J12: =+I12-H12 -> -0.022 | K12: =+[5]안양!$M$86/1000 -> -0.34649417 | L12: =+[5]안양!$Q$85 -> 100756.66 | M12: =+[5]안양!$R$85 -> 99525.963 | N12: =+M12-L12 -> -1230.6943 | O12: =+[5]안양!$K$86/1000 -> -50.43139 | P12: =+[5]안양!$Q$50 -> 85006.923 | Q12: =+[5]안양!$R$50 -> 87396.931 | R12: =+Q12-P12 -> 2390.0088 | S12: =+[5]안양!$L$56/1000 -> -97.941703 | T12: =+([5]안양!$H$80+[5]안양!$H$85)/1000 -> 103.4153 | U12: =+([5]안양!$I$80+[5]안양!$I$85)/1000 -> 94.39078 | V12: =+U12-T12 -> -9.0245206 | W12: =+([5]안양!$L$80+[5]안양!$L$85)/1000 -> 9.0245206 | Y12: =+G12-K12-O12-S12-W12 -> 8.3488771e-14 | Z12: =+Y12*1000000 -> 8.3488771e-08
D13: 인천 | E13: =+[5]인천!$H$86/1000 -> 268.98683 | F13: =+[5]인천!$I$86/1000 -> 383.64319 | G13: =+F13-E13 -> 114.65636 | H13: =+[5]인천!$T$5/1000 -> 28 | I13: =+[5]인천!$U$5/1000 -> 31.816 | J13: =+I13-H13 -> 3.816 | K13: =+[5]인천!$M$86/1000 -> 51.178784 | L13: =+[5]인천!$Q$85 -> 102833.02 | M13: =+[5]인천!$R$85 -> 104344.11 | N13: =+M13-L13 -> 1511.0907 | O13: =+[5]인천!$K$86/1000 -> 48.076861 | P13: =+[5]인천!$Q$50 -> 89421.385 | Q13: =+[5]인천!$R$50 -> 89217.195 | R13: =+Q13-P13 -> -204.19003 | S13: =+[5]인천!$L$56/1000 -> 6.522427 | T13: =+([5]인천!$H$80+[5]인천!$H$85)/1000 -> 106.53884 | U13: =+([5]인천!$I$80+[5]인천!$I$85)/1000 -> 97.66055 | V13: =+U13-T13 -> -8.8782915 | W13: =+([5]인천!$L$80+[5]인천!$L$85)/1000 -> 8.8782915 | Y13: =+G13-K13-O13-S13-W13 -> 3.7836401e-13 | Z13: =+Y13*1000000 -> 3.7836401e-07
D14: 파주 | E14: =+[5]파주!$H$86/1000 -> 318.60083 | F14: =+[5]파주!$I$86/1000 -> 246.07782 | G14: =+F14-E14 -> -72.523012 | H14: =+[5]파주!$T$5/1000 -> 27 | I14: =+[5]파주!$U$5/1000 -> 24.852 | J14: =+I14-H14 -> -2.148 | K14: =+[5]파주!$M$86/1000 -> -30.756137 | L14: =+[5]파주!$Q$85 -> 97024.888 | M14: =+[5]파주!$R$85 -> 102308.19 | N14: =+M14-L14 -> 5283.3009 | O14: =+[5]파주!$K$86/1000 -> 131.2055 | P14: =+[5]파주!$Q$50 -> 82800.448 | Q14: =+[5]파주!$R$50 -> 89868.166 | R14: =+Q14-P14 -> 7067.7184 | S14: =+[5]파주!$L$56/1000 -> -175.50522 | T14: =+([5]파주!$H$80+[5]파주!$H$85)/1000 -> 65.459049 | U14: =+([5]파주!$I$80+[5]파주!$I$85)/1000 -> 62.926202 | V14: =+U14-T14 -> -2.5328463 | W14: =+([5]파주!$L$80+[5]파주!$L$85)/1000 -> 2.5328463 | Y14: =+G14-K14-O14-S14-W14 -> -1.727507e-13 | Z14: =+Y14*1000000 -> -1.727507e-07
D15: 김포 | E15: =+[5]김포!$H$86/1000 -> 118.97714 | F15: =+[5]김포!$I$86/1000 -> 115.38405 | G15: =+F15-E15 -> -3.5930852 | H15: =+[5]김포!$T$5/1000 -> 12.5 | I15: =+[5]김포!$U$5/1000 -> 12.401 | J15: =+I15-H15 -> -0.099 | K15: =+[5]김포!$M$86/1000 -> -1.3776393 | L15: =+[5]김포!$Q$85 -> 94015 | M15: =+[5]김포!$R$85 -> 97269.892 | N15: =+M15-L15 -> 3254.8924 | O15: =+[5]김포!$K$86/1000 -> 40.363921 | P15: =+[5]김포!$Q$50 -> 80099.452 | Q15: =+[5]김포!$R$50 -> 83870.886 | R15: =+Q15-P15 -> 3771.4343 | S15: =+[5]김포!$L$56/1000 -> -46.769561 | T15: =+([5]김포!$H$80+[5]김포!$H$85)/1000 -> 54.967216 | U15: =+([5]김포!$I$80+[5]김포!$I$85)/1000 -> 50.777021 | V15: =+U15-T15 -> -4.1901944 | W15: =+([5]김포!$L$80+[5]김포!$L$85)/1000 -> 4.1901944 | Y15: =+G15-K15-O15-S15-W15 -> 7.0166095e-14 | Z15: =+Y15*1000000 -> 7.0166095e-08
D16: 부산 | E16: =+[5]부산!$H$86/1000 -> 283.18565 | F16: =+[5]부산!$I$86/1000 -> 237.07459 | G16: =+F16-E16 -> -46.111062 | H16: =+[5]부산!$T$5/1000 -> 19 | I16: =+[5]부산!$U$5/1000 -> 21.643 | J16: =+I16-H16 -> 2.643 | K16: =+[5]부산!$M$86/1000 -> 53.764732 | L16: =+[5]부산!$Q$85 -> 107600.25 | M16: =+[5]부산!$R$85 -> 106343.7 | N16: =+M16-L16 -> -1256.5561 | O16: =+[5]부산!$K$86/1000 -> -27.195644 | P16: =+[5]부산!$Q$50 -> 87257.941 | Q16: =+[5]부산!$R$50 -> 91265.513 | R16: =+Q16-P16 -> 4007.5723 | S16: =+[5]부산!$L$56/1000 -> -54.863723 | T16: =+([5]부산!$H$80+[5]부산!$H$85)/1000 -> 103.31829 | U16: =+([5]부산!$I$80+[5]부산!$I$85)/1000 -> 121.13471 | V16: =+U16-T16 -> 17.816427 | W16: =+([5]부산!$L$80+[5]부산!$L$85)/1000 -> -17.816427 | Y16: =+G16-K16-O16-S16-W16 -> 0 | Z16: =+Y16*1000000 -> 0
D17: 서부산 | E17: =+[5]서부산!$H$86/1000 -> 420.79331 | F17: =+[5]서부산!$I$86/1000 -> 346.17788 | G17: =+F17-E17 -> -74.61543 | H17: =+[5]서부산!$T$5/1000 -> 24 | I17: =+[5]서부산!$U$5/1000 -> 23.104 | J17: =+I17-H17 -> -0.896 | K17: =+[5]서부산!$M$86/1000 -> -17.385309 | L17: =+[5]서부산!$Q$85 -> 103677.36 | M17: =+[5]서부산!$R$85 -> 101874.61 | N17: =+M17-L17 -> -1802.7555 | O17: =+[5]서부산!$K$86/1000 -> -41.650864 | P17: =+[5]서부산!$Q$50 -> 84274.115 | Q17: =+[5]서부산!$R$50 -> 84981.895 | R17: =+Q17-P17 -> 707.78003 | S17: =+[5]서부산!$L$56/1000 -> -0.68978174 | T17: =+([5]서부산!$H$80+[5]서부산!$H$85)/1000 -> 44.884617 | U17: =+([5]서부산!$I$80+[5]서부산!$I$85)/1000 -> 59.774092 | V17: =+U17-T17 -> 14.889475 | W17: =+([5]서부산!$L$80+[5]서부산!$L$85)/1000 -> -14.889475 | Y17: =+G17-K17-O17-S17-W17 -> -9.2370556e-14 | Z17: =+Y17*1000000 -> -9.2370556e-08
D18: 김해 | E18: =+[5]김해!$H$86/1000 -> 142.69555 | F18: =+[5]김해!$I$86/1000 -> 100.67253 | G18: =+F18-E18 -> -42.023028 | H18: =+[5]김해!$T$5/1000 -> 12 | I18: =+[5]김해!$U$5/1000 -> 14.128 | J18: =+I18-H18 -> 2.128 | K18: =+[5]김해!$M$86/1000 -> 25.945787 | L18: =+[5]김해!$Q$85 -> 101000.2 | M18: =+[5]김해!$R$85 -> 96687.289 | N18: =+M18-L18 -> -4312.9111 | O18: =+[5]김해!$K$86/1000 -> -58.733224 | P18: =+[5]김해!$Q$50 -> 85311.209 | Q18: =+[5]김해!$R$50 -> 85969.694 | R18: =+Q18-P18 -> 658.48434 | S18: =+[5]김해!$L$56/1000 -> -5.3847174 | T18: =+([5]김해!$H$80+[5]김해!$H$85)/1000 -> 45.572335 | U18: =+([5]김해!$I$80+[5]김해!$I$85)/1000 -> 49.423208 | V18: =+U18-T18 -> 3.8508735 | W18: =+([5]김해!$L$80+[5]김해!$L$85)/1000 -> -3.8508735 | Y18: =+G18-K18-O18-S18-W18 -> 1.4654944e-13 | Z18: =+Y18*1000000 -> 1.4654944e-07
D19: 정관 | E19: =+[5]정관!$H$86/1000 -> 245.91393 | F19: =+[5]정관!$I$86/1000 -> 246.30266 | G19: =+F19-E19 -> 0.38873081 | H19: =+[5]정관!$T$5/1000 -> 18 | I19: =+[5]정관!$U$5/1000 -> 20.677 | J19: =+I19-H19 -> 2.677 | K19: =+[5]정관!$M$86/1000 -> 46.926471 | L19: =+[5]정관!$Q$85 -> 104000 | M19: =+[5]정관!$R$85 -> 103388.97 | N19: =+M19-L19 -> -611.03158 | O19: =+[5]정관!$K$86/1000 -> -12.6343 | P19: =+[5]정관!$Q$50 -> 86470.5 | Q19: =+[5]정관!$R$50 -> 88230.009 | R19: =+Q19-P19 -> 1759.5088 | S19: =+[5]정관!$L$56/1000 -> -29.643933 | T19: =+([5]정관!$H$80+[5]정관!$H$85)/1000 -> 69.617068 | U19: =+([5]정관!$I$80+[5]정관!$I$85)/1000 -> 73.876576 | V19: =+U19-T19 -> 4.2595074 | W19: =+([5]정관!$L$80+[5]정관!$L$85)/1000 -> -4.2595074 | Y19: =+G19-K19-O19-S19-W19 -> 4.6185278e-14 | Z19: =+Y19*1000000 -> 4.6185278e-08
D20: 양산 | E20: =+[5]양산!$H$86/1000 -> 118.04824 | F20: =+[5]양산!$I$86/1000 -> 132.96661 | G20: =+F20-E20 -> 14.918371 | H20: =+[5]양산!$T$5/1000 -> 11 | I20: =+[5]양산!$U$5/1000 -> 13.47 | J20: =+I20-H20 -> 2.47 | K20: =+[5]양산!$M$86/1000 -> 38.560372 | L20: =+[5]양산!$Q$85 -> 96715.406 | M20: =+[5]양산!$R$85 -> 91323.48 | N20: =+M20-L20 -> -5391.926 | O20: =+[5]양산!$K$86/1000 -> -72.629244 | P20: =+[5]양산!$Q$50 -> 81103.92 | Q20: =+[5]양산!$R$50 -> 78606.511 | R20: =+Q20-P20 -> -2497.4084 | S20: =+[5]양산!$L$56/1000 -> 33.921129 | T20: =+([5]양산!$H$80+[5]양산!$H$85)/1000 -> 53.678116 | U20: =+([5]양산!$I$80+[5]양산!$I$85)/1000 -> 38.612002 | V20: =+U20-T20 -> -15.066113 | W20: =+([5]양산!$L$80+[5]양산!$L$85)/1000 -> 15.066113 | Y20: =+G20-K20-O20-S20-W20 -> -3.375078e-14 | Z20: =+Y20*1000000 -> -3.375078e-08
D21: 창원 | E21: =+[5]창원!$H$86/1000 -> 296.12377 | F21: =+[5]창원!$I$86/1000 -> 321.83747 | G21: =+F21-E21 -> 25.713699 | H21: =+[5]창원!$T$5/1000 -> 18 | I21: =+[5]창원!$U$5/1000 -> 18.723 | J21: =+I21-H21 -> 0.723 | K21: =+[5]창원!$M$86/1000 -> 14.772789 | L21: =+[5]창원!$Q$85 -> 99635.694 | M21: =+[5]창원!$R$85 -> 101750.73 | N21: =+M21-L21 -> 2115.0399 | O21: =+[5]창원!$K$86/1000 -> 39.599893 | P21: =+[5]창원!$Q$50 -> 79203.068 | Q21: =+[5]창원!$R$50 -> 80564.207 | R21: =+Q21-P21 -> 1361.1394 | S21: =+[5]창원!$L$56/1000 -> -25.484467 | T21: =+([5]창원!$H$80+[5]창원!$H$85)/1000 -> 71.663515 | U21: =+([5]창원!$I$80+[5]창원!$I$85)/1000 -> 74.838032 | V21: =+U21-T21 -> 3.1745166 | W21: =+([5]창원!$L$80+[5]창원!$L$85)/1000 -> -3.1745166 | Y21: =+G21-K21-O21-S21-W21 -> 1.4699353e-13 | Z21: =+Y21*1000000 -> 1.4699353e-07
D22: 대구 | E22: =+[5]대구!$H$86/1000 -> 253.15821 | F22: =+[5]대구!$I$86/1000 -> 198.15277 | G22: =+F22-E22 -> -55.00544 | H22: =+[5]대구!$T$5/1000 -> 16 | I22: =+[5]대구!$U$5/1000 -> 15.572 | J22: =+I22-H22 -> -0.428 | K22: =+[5]대구!$M$86/1000 -> -8.1416883 | L22: =+[5]대구!$Q$85 -> 97800 | M22: =+[5]대구!$R$85 -> 101245.56 | N22: =+M22-L22 -> 3445.5588 | O22: =+[5]대구!$K$86/1000 -> 53.654242 | P22: =+[5]대구!$Q$50 -> 78777.364 | Q22: =+[5]대구!$R$50 -> 85274.605 | R22: =+Q22-P22 -> 6497.2409 | S22: =+[5]대구!$L$56/1000 -> -101.17505 | T22: =+([5]대구!$H$80+[5]대구!$H$85)/1000 -> 51.203965 | U22: =+([5]대구!$I$80+[5]대구!$I$85)/1000 -> 50.546912 | V22: =+U22-T22 -> -0.65705251 | W22: =+([5]대구!$L$80+[5]대구!$L$85)/1000 -> 0.65705251 | Y22: =+G22-K22-O22-S22-W22 -> -1.1446399e-13 | Z22: =+Y22*1000000 -> -1.1446399e-07
D23: 울산 | E23: =+[5]울산!$H$86/1000 -> -8.9297031 | F23: =+[5]울산!$I$86/1000 -> 30.862733 | G23: =+F23-E23 -> 39.792436 | H23: =+[5]울산!$T$5/1000 -> 7 | I23: =+[5]울산!$U$5/1000 -> 7.183 | J23: =+I23-H23 -> 0.183 | K23: =+[5]울산!$M$86/1000 -> 0.73734127 | L23: =+[5]울산!$Q$85 -> 98025.4 | M23: =+[5]울산!$R$85 -> 105834.38 | N23: =+M23-L23 -> 7808.9787 | O23: =+[5]울산!$K$86/1000 -> 56.091894 | P23: =+[5]울산!$Q$50 -> 93996.213 | Q23: =+[5]울산!$R$50 -> 96418.161 | R23: =+Q23-P23 -> 2421.9487 | S23: =+[5]울산!$L$56/1000 -> -16.908427 | T23: =+([5]울산!$H$80+[5]울산!$H$85)/1000 -> 37.134014 | U23: =+([5]울산!$I$80+[5]울산!$I$85)/1000 -> 37.262386 | V23: =+U23-T23 -> 0.1283721 | W23: =+([5]울산!$L$80+[5]울산!$L$85)/1000 -> -0.1283721 | Y23: =+G23-K23-O23-S23-W23 -> 2.9809488e-14 | Z23: =+Y23*1000000 -> 2.9809488e-08
D24: 아산 | E24: =+[5]아산!$H$86/1000 -> 374.64057 | F24: =+[5]아산!$I$86/1000 -> 386.52773 | G24: =+F24-E24 -> 11.887158 | H24: =+[5]아산!$T$5/1000 -> 24 | I24: =+[5]아산!$U$5/1000 -> 27.772 | J24: =+I24-H24 -> 3.772 | K24: =+[5]아산!$M$86/1000 -> 66.957977 | L24: =+[5]아산!$Q$85 -> 100999.56 | M24: =+[5]아산!$R$85 -> 102685.24 | N24: =+M24-L24 -> 1685.6797 | O24: =+[5]아산!$K$86/1000 -> 46.566901 | P24: =+[5]아산!$Q$50 -> 82674.378 | Q24: =+[5]아산!$R$50 -> 86390.588 | R24: =+Q24-P24 -> 3716.2094 | S24: =+[5]아산!$L$56/1000 -> -102.66028 | T24: =+([5]아산!$H$80+[5]아산!$H$85)/1000 -> 65.163746 | U24: =+([5]아산!$I$80+[5]아산!$I$85)/1000 -> 64.141187 | V24: =+U24-T24 -> -1.0225587 | W24: =+([5]아산!$L$80+[5]아산!$L$85)/1000 -> 1.0225587 | Y24: =+G24-K24-O24-S24-W24 -> -1.9051427e-13 | Z24: =+Y24*1000000 -> -1.9051427e-07
D25: 전주 | E25: =+[5]전주!$H$86/1000 -> 196.65841 | F25: =+[5]전주!$I$86/1000 -> 10.43893 | G25: =+F25-E25 -> -186.21948 | H25: =+[5]전주!$T$5/1000 -> 12 | I25: =+[5]전주!$U$5/1000 -> 7.133 | J25: =+I25-H25 -> -4.867 | K25: =+[5]전주!$M$86/1000 -> -100.5251 | L25: =+[5]전주!$Q$85 -> 103777.16 | M25: =+[5]전주!$R$85 -> 93701.275 | N25: =+M25-L25 -> -10075.883 | O25: =+[5]전주!$K$86/1000 -> -71.871275 | P25: =+[5]전주!$Q$50 -> 83122.73 | Q25: =+[5]전주!$R$50 -> 84066.918 | R25: =+Q25-P25 -> 944.18873 | S25: =+[5]전주!$L$56/1000 -> -6.7259821 | T25: =+([5]전주!$H$80+[5]전주!$H$85)/1000 -> 51.194729 | U25: =+([5]전주!$I$80+[5]전주!$I$85)/1000 -> 58.291851 | V25: =+U25-T25 -> 7.0971213 | W25: =+([5]전주!$L$80+[5]전주!$L$85)/1000 -> -7.0971213 | Y25: =+G25-K25-O25-S25-W25 -> -1.234568e-13 | Z25: =+Y25*1000000 -> -1.234568e-07
D26: 군산 | E26: =+[5]군산!$H$86/1000 -> 222.08148 | F26: =+[5]군산!$I$86/1000 -> 313.98711 | G26: =+F26-E26 -> 91.905631 | H26: =+[5]군산!$T$5/1000 -> 7.5 | I26: =+[5]군산!$U$5/1000 -> 8.978 | J26: =+I26-H26 -> 1.478 | K26: =+[5]군산!$M$86/1000 -> 46.072629 | L26: =+[5]군산!$Q$85 -> 109728.57 | M26: =+[5]군산!$R$85 -> 113442.55 | N26: =+M26-L26 -> 3713.9811 | O26: =+[5]군산!$K$86/1000 -> 33.143568 | P26: =+[5]군산!$Q$50 -> 77457.625 | Q26: =+[5]군산!$R$50 -> 76137.452 | R26: =+Q26-P26 -> -1320.1726 | S26: =+[5]군산!$L$56/1000 -> 11.781219 | T26: =+([5]군산!$H$80+[5]군산!$H$85)/1000 -> 19.950631 | U26: =+([5]군산!$I$80+[5]군산!$I$85)/1000 -> 19.042416 | V26: =+U26-T26 -> -0.90821423 | W26: =+([5]군산!$L$80+[5]군산!$L$85)/1000 -> 0.90821423 | Y26: =+G26-K26-O26-S26-W26 -> 6.7168493e-14 | Z26: =+Y26*1000000 -> 6.7168493e-08
D27: 원주 | E27: =+[5]원주!$H$86/1000 -> 77.071971 | F27: =+[5]원주!$I$86/1000 -> 145.91854 | G27: =+F27-E27 -> 68.846574 | H27: =+[5]원주!$T$5/1000 -> 5 | I27: =+[5]원주!$U$5/1000 -> 6.2085 | J27: =+I27-H27 -> 1.2085 | K27: =+[5]원주!$M$86/1000 -> 22.238072 | L27: =+[5]원주!$Q$85 -> 107900 | M27: =+[5]원주!$R$85 -> 111513.97 | N27: =+M27-L27 -> 3613.9657 | O27: =+[5]원주!$K$86/1000 -> 22.42285 | P27: =+[5]원주!$Q$50 -> 89444.481 | Q27: =+[5]원주!$R$50 -> 85346.943 | R27: =+Q27-P27 -> -4097.5387 | S27: =+[5]원주!$L$56/1000 -> 25.423179 | T27: =+([5]원주!$H$80+[5]원주!$H$85)/1000 -> 15.205623 | U27: =+([5]원주!$I$80+[5]원주!$I$85)/1000 -> 16.44315 | V27: =+U27-T27 -> 1.2375274 | W27: =+([5]원주!$L$80+[5]원주!$L$85)/1000 -> -1.2375274 | Y27: =+G27-K27-O27-S27-W27 -> -3.8191672e-14 | Z27: =+Y27*1000000 -> -3.8191672e-08
D28: 제주 | E28: =+[5]제주!$H$86/1000 -> 42.35929 | F28: =+[5]제주!$I$86/1000 -> 73.24519 | G28: =+F28-E28 -> 30.8859 | H28: =+[5]제주!$T$5/1000 -> 4 | I28: =+[5]제주!$U$5/1000 -> 3.848 | J28: =+I28-H28 -> -0.152 | K28: =+[5]제주!$M$86/1000 -> -2.534877 | L28: =+[5]제주!$Q$85 -> 126700 | M28: =+[5]제주!$R$85 -> 129670.61 | N28: =+M28-L28 -> 2970.6081 | O28: =+[5]제주!$K$86/1000 -> 11.4309 | P28: =+[5]제주!$Q$50 -> 110023.18 | Q28: =+[5]제주!$R$50 -> 103757.66 | R28: =+Q28-P28 -> -6265.5144 | S28: =+[5]제주!$L$56/1000 -> 24.109701 | T28: =+([5]제주!$H$80+[5]제주!$H$85)/1000 -> 24.347999 | U28: =+([5]제주!$I$80+[5]제주!$I$85)/1000 -> 26.467823 | V28: =+U28-T28 -> 2.1198242 | W28: =+([5]제주!$L$80+[5]제주!$L$85)/1000 -> -2.1198242 | Y28: =+G28-K28-O28-S28-W28 -> 4.6185278e-14 | Z28: =+Y28*1000000 -> 4.6185278e-08

Sheet 공헌이익
D4: □ 레미콘 단위당 공헌이익(2024-03)
V5: [단위 : 원/㎥]
D6: 구분 | E6: 판매단가 | H6: 재료비 | K6: 운반비 | N6: 유류비 | Q6: 변동비 계 | T6: 공헌이익
E7: 계획 | F7: 실적 | G7: 차이 | H7: 계획 | I7: 실적 | J7: 차이 | K7: 계획 | L7: 실적 | M7: 차이 | N7: 계획 | O7: 실적 | P7: 차이 | Q7: 계획 | R7: 실적 | S7: 차이 | T7: 계획 | U7: 실적 | V7: 차이
D8: 평균 | E8: =+[5]합계!$Q$85 -> 101638.95 | F8: =+[5]합계!$R$85 -> 102216.11 | G8: =+F8-E8 -> 577.15967 | H8: =+[5]합계!$Q$20 -> 59196.602 | I8: =+[5]합계!$R$20 -> 62476.114 | J8: =+I8-H8 -> 3279.5117 | K8: =+[5]합계!$Q$21 -> 17314.051 | L8: =+[5]합계!$R$21 -> 17193.778 | M8: =+L8-K8 -> -120.27318 | N8: =+[5]합계!$Q$22 -> 199.82517 | O8: =+[5]합계!$R$22 -> 198.01765 | P8: =+O8-N8 -> -1.8075287 | Q8: =H8+K8+N8 -> 76710.478 | R8: =I8+L8+O8 -> 79867.909 | S8: =+R8-Q8 -> 3157.431 | T8: =+E8-Q8 -> 24928.474 | U8: =+F8-R8 -> 22348.202 | V8: =+U8-T8 -> -2580.2714
D9: 수도권 | E9: =+[5]수도권!$Q$85 -> 99587.16 | F9: =+[5]수도권!$R$85 -> 101292.86 | G9: =+F9-E9 -> 1705.7037 | H9: =+[5]수도권!$Q$20 -> 61060.092 | I9: =+[5]수도권!$R$20 -> 64838.59 | J9: =+I9-H9 -> 3778.4979 | K9: =+[5]수도권!$Q$21 -> 17184.441 | L9: =+[5]수도권!$R$21 -> 17148.906 | M9: =+L9-K9 -> -35.535207 | N9: =+[5]수도권!$Q$22 -> 246.82028 | O9: =+[5]수도권!$R$22 -> 227.45895 | P9: =+O9-N9 -> -19.361327 | Q9: =H9+K9+N9 -> 78491.353 | R9: =I9+L9+O9 -> 82214.955 | S9: =+R9-Q9 -> 3723.6014 | T9: =+E9-Q9 -> 21095.807 | U9: =+F9-R9 -> 19077.909 | V9: =+U9-T9 -> -2017.8977
D10: 영남권 | E10: =+[5]영남권!$Q$85 -> 101799.63 | F10: =+[5]영남권!$R$85 -> 101364.13 | G10: =+F10-E10 -> -435.5036 | H10: =+[5]영남권!$Q$20 -> 57908.407 | I10: =+[5]영남권!$R$20 -> 61277.241 | J10: =+I10-H10 -> 3368.8339 | K10: =+[5]영남권!$Q$21 -> 17495.887 | L10: =+[5]영남권!$R$21 -> 17710.214 | M10: =+L10-K10 -> 214.3269 | N10: =+[5]영남권!$Q$22 -> 163.36 | O10: =+[5]영남권!$R$22 -> 178.27105 | P10: =+O10-N10 -> 14.911045 | Q10: =H10+K10+N10 -> 75567.654 | R10: =I10+L10+O10 -> 79165.726 | S10: =+R10-Q10 -> 3598.0719 | T10: =+E10-Q10 -> 26231.975 | U10: =+F10-R10 -> 22198.4 | V10: =+U10-T10 -> -4033.5755
D11: 기타권 | E11: =+[5]중부권!$Q$85 -> 105496.75 | F11: =+[5]중부권!$R$85 -> 106231.06 | G11: =+F11-E11 -> 734.31053 | H11: =+[5]중부권!$Q$20 -> 58412.519 | I11: =+[5]중부권!$R$20 -> 60634.284 | J11: =+I11-H11 -> 2221.7648 | K11: =+[5]중부권!$Q$21 -> 17148.968 | L11: =+[5]중부권!$R$21 -> 15995.114 | M11: =+L11-K11 -> -1153.854 | N11: =+[5]중부권!$Q$22 -> 189.52381 | O11: =+[5]중부권!$R$22 -> 187.07511 | P11: =+O11-N11 -> -2.4486986 | Q11: =H11+K11+N11 -> 75751.011 | R11: =I11+L11+O11 -> 76816.473 | S11: =+R11-Q11 -> 1065.4621 | T11: =+E11-Q11 -> 29745.744 | U11: =+F11-R11 -> 29414.592 | V11: =+U11-T11 -> -331.15156
D12: 안양 | E12: =+[5]안양!$Q$85 -> 100756.66 | F12: =+[5]안양!$R$85 -> 99525.963 | G12: =+F12-E12 -> -1230.6943 | H12: =+[5]안양!$Q$20 -> 62917.824 | I12: =+[5]안양!$R$20 -> 66515.798 | J12: =+I12-H12 -> 3597.974 | K12: =+[5]안양!$Q$21 -> 16657.419 | L12: =+[5]안양!$R$21 -> 16127.114 | M12: =+L12-K12 -> -530.30531 | N12: =+[5]안양!$Q$22 -> 182.92683 | O12: =+[5]안양!$R$22 -> 192.21033 | P12: =+O12-N12 -> 9.2834967 | Q12: =H12+K12+N12 -> 79758.17 | R12: =I12+L12+O12 -> 82835.122 | S12: =+R12-Q12 -> 3076.9522 | T12: =+E12-Q12 -> 20998.487 | U12: =+F12-R12 -> 16690.841 | V12: =+U12-T12 -> -4307.6465
D13: 인천 | E13: =+[5]인천!$Q$85 -> 102833.02 | F13: =+[5]인천!$R$85 -> 104344.11 | G13: =+F13-E13 -> 1511.0907 | H13: =+[5]인천!$Q$20 -> 64494.959 | I13: =+[5]인천!$R$20 -> 66347.039 | J13: =+I13-H13 -> 1852.0795 | K13: =+[5]인천!$Q$21 -> 17202.005 | L13: =+[5]인천!$R$21 -> 16828.791 | M13: =+L13-K13 -> -373.21445 | N13: =+[5]인천!$Q$22 -> 392.85714 | O13: =+[5]인천!$R$22 -> 388.01046 | P13: =+O13-N13 -> -4.8466784 | Q13: =H13+K13+N13 -> 82089.822 | R13: =I13+L13+O13 -> 83563.84 | S13: =+R13-Q13 -> 1474.0184 | T13: =+E13-Q13 -> 20743.195 | U13: =+F13-R13 -> 20780.267 | V13: =+U13-T13 -> 37.07225
D14: 파주 | E14: =+[5]파주!$Q$85 -> 97024.888 | F14: =+[5]파주!$R$85 -> 102308.19 | G14: =+F14-E14 -> 5283.3009 | H14: =+[5]파주!$Q$20 -> 58245.221 | I14: =+[5]파주!$R$20 -> 63808.342 | J14: =+I14-H14 -> 5563.1214 | K14: =+[5]파주!$Q$21 -> 18011.674 | L14: =+[5]파주!$R$21 -> 19231.243 | M14: =+L14-K14 -> 1219.5682 | N14: =+[5]파주!$Q$22 -> 202.5 | O14: =+[5]파주!$R$22 -> 165.12355 | P14: =+O14-N14 -> -37.376449 | Q14: =H14+K14+N14 -> 76459.395 | R14: =I14+L14+O14 -> 83204.708 | S14: =+R14-Q14 -> 6745.3132 | T14: =+E14-Q14 -> 20565.493 | U14: =+F14-R14 -> 19103.481 | V14: =+U14-T14 -> -1462.0122
D15: 김포 | E15: =+[5]김포!$Q$85 -> 94015 | F15: =+[5]김포!$R$85 -> 97269.892 | G15: =+F15-E15 -> 3254.8924 | H15: =+[5]김포!$Q$20 -> 53352.75 | I15: =+[5]김포!$R$20 -> 57488.441 | J15: =+I15-H15 -> 4135.6906 | K15: =+[5]김포!$Q$21 -> 17086.905 | L15: =+[5]김포!$R$21 -> 17176.208 | M15: =+L15-K15 -> 89.303314 | N15: =+[5]김포!$Q$22 -> 225 | O15: =+[5]김포!$R$22 -> 56.825175 | P15: =+O15-N15 -> -168.17482 | Q15: =H15+K15+N15 -> 70664.655 | R15: =I15+L15+O15 -> 74721.474 | S15: =+R15-Q15 -> 4056.819 | T15: =+E15-Q15 -> 23350.345 | U15: =+F15-R15 -> 22548.418 | V15: =+U15-T15 -> -801.92662
D16: 부산 | E16: =+[5]부산!$Q$85 -> 107600.25 | F16: =+[5]부산!$R$85 -> 106343.7 | G16: =+F16-E16 -> -1256.5561 | H16: =+[5]부산!$Q$20 -> 59170.669 | I16: =+[5]부산!$R$20 -> 65020.112 | J16: =+I16-H16 -> 5849.4435 | K16: =+[5]부산!$Q$21 -> 19164.297 | L16: =+[5]부산!$R$21 -> 19380.343 | M16: =+L16-K16 -> 216.04552 | N16: =+[5]부산!$Q$22 -> 52.631579 | O16: =+[5]부산!$R$22 -> 0 | P16: =+O16-N16 -> -52.631579 | Q16: =H16+K16+N16 -> 78387.597 | R16: =I16+L16+O16 -> 84400.455 | S16: =+R16-Q16 -> 6012.8574 | T16: =+E16-Q16 -> 29212.656 | U16: =+F16-R16 -> 21943.243 | V16: =+U16-T16 -> -7269.4136
D17: 서부산 | E17: =+[5]서부산!$Q$85 -> 103677.36 | F17: =+[5]서부산!$R$85 -> 101874.61 | G17: =+F17-E17 -> -1802.7555 | H17: =+[5]서부산!$Q$20 -> 62410.063 | I17: =+[5]서부산!$R$20 -> 62815.212 | J17: =+I17-H17 -> 405.14969 | K17: =+[5]서부산!$Q$21 -> 16193.3 | L17: =+[5]서부산!$R$21 -> 15880.351 | M17: =+L17-K17 -> -312.94893 | N17: =+[5]서부산!$Q$22 -> 83.333333 | O17: =+[5]서부산!$R$22 -> 241.27194 | P17: =+O17-N17 -> 157.93861 | Q17: =H17+K17+N17 -> 78686.696 | R17: =I17+L17+O17 -> 78936.836 | S17: =+R17-Q17 -> 250.13937 | T17: =+E17-Q17 -> 24990.665 | U17: =+F17-R17 -> 22937.771 | V17: =+U17-T17 -> -2052.8949
D18: 김해 | E18: =+[5]김해!$Q$85 -> 101000.2 | F18: =+[5]김해!$R$85 -> 96687.289 | G18: =+F18-E18 -> -4312.9111 | H18: =+[5]김해!$Q$20 -> 58328.836 | I18: =+[5]김해!$R$20 -> 59840.394 | J18: =+I18-H18 -> 1511.5585 | K18: =+[5]김해!$Q$21 -> 17742.64 | L18: =+[5]김해!$R$21 -> 19278.199 | M18: =+L18-K18 -> 1535.5586 | N18: =+[5]김해!$Q$22 -> 320.83333 | O18: =+[5]김해!$R$22 -> 411.88155 | P18: =+O18-N18 -> 91.04822 | Q18: =H18+K18+N18 -> 76392.309 | R18: =I18+L18+O18 -> 79530.474 | S18: =+R18-Q18 -> 3138.1653 | T18: =+E18-Q18 -> 24607.891 | U18: =+F18-R18 -> 17156.814 | V18: =+U18-T18 -> -7451.0764
D19: 정관 | E19: =+[5]정관!$Q$85 -> 104000 | F19: =+[5]정관!$R$85 -> 103388.97 | G19: =+F19-E19 -> -611.03158 | H19: =+[5]정관!$Q$20 -> 59011.841 | I19: =+[5]정관!$R$20 -> 63764.331 | J19: =+I19-H19 -> 4752.49 | K19: =+[5]정관!$Q$21 -> 18577.503 | L19: =+[5]정관!$R$21 -> 18355.289 | M19: =+L19-K19 -> -222.21389 | N19: =+[5]정관!$Q$22 -> 250 | O19: =+[5]정관!$R$22 -> 196.50549 | P19: =+O19-N19 -> -53.494512 | Q19: =H19+K19+N19 -> 77839.343 | R19: =I19+L19+O19 -> 82316.125 | S19: =+R19-Q19 -> 4476.7816 | T19: =+E19-Q19 -> 26160.657 | U19: =+F19-R19 -> 21072.843 | V19: =+U19-T19 -> -5087.8132
D20: 양산 | E20: =+[5]양산!$Q$85 -> 96715.406 | F20: =+[5]양산!$R$85 -> 91323.48 | G20: =+F20-E20 -> -5391.926 | H20: =+[5]양산!$Q$20 -> 54388.939 | I20: =+[5]양산!$R$20 -> 54798.479 | J20: =+I20-H20 -> 409.53999 | K20: =+[5]양산!$Q$21 -> 17018.113 | L20: =+[5]양산!$R$21 -> 16535.218 | M20: =+L20-K20 -> -482.89524 | N20: =+[5]양산!$Q$22 -> 86.363636 | O20: =+[5]양산!$R$22 -> 22.180624 | P20: =+O20-N20 -> -64.183013 | Q20: =H20+K20+N20 -> 71493.416 | R20: =I20+L20+O20 -> 71355.878 | S20: =+R20-Q20 -> -137.53826 | T20: =+E20-Q20 -> 25221.99 | U20: =+F20-R20 -> 19967.603 | V20: =+U20-T20 -> -5254.3878
D21: 창원 | E21: =+[5]창원!$Q$85 -> 99635.694 | F21: =+[5]창원!$R$85 -> 101750.73 | G21: =+F21-E21 -> 2115.0399 | H21: =+[5]창원!$Q$20 -> 55702.154 | I21: =+[5]창원!$R$20 -> 59571.934 | J21: =+I21-H21 -> 3869.7797 | K21: =+[5]창원!$Q$21 -> 16117.48 | L21: =+[5]창원!$R$21 -> 15333.712 | M21: =+L21-K21 -> -783.76897 | N21: =+[5]창원!$Q$22 -> 66.666667 | O21: =+[5]창원!$R$22 -> 84.610693 | P21: =+O21-N21 -> 17.944026 | Q21: =H21+K21+N21 -> 71886.301 | R21: =I21+L21+O21 -> 74990.256 | S21: =+R21-Q21 -> 3103.9548 | T21: =+E21-Q21 -> 27749.393 | U21: =+F21-R21 -> 26760.478 | V21: =+U21-T21 -> -988.91485
D22: 대구 | E22: =+[5]대구!$Q$85 -> 97800 | F22: =+[5]대구!$R$85 -> 101245.56 | G22: =+F22-E22 -> 3445.5588 | H22: =+[5]대구!$Q$20 -> 53218.599 | I22: =+[5]대구!$R$20 -> 59589.855 | J22: =+I22-H22 -> 6371.2562 | K22: =+[5]대구!$Q$21 -> 16604.654 | L22: =+[5]대구!$R$21 -> 17316.501 | M22: =+L22-K22 -> 711.84693 | N22: =+[5]대구!$Q$22 -> 318.75 | O22: =+[5]대구!$R$22 -> 287.08368 | P22: =+O22-N22 -> -31.666324 | Q22: =H22+K22+N22 -> 70142.003 | R22: =I22+L22+O22 -> 77193.44 | S22: =+R22-Q22 -> 7051.4368 | T22: =+E22-Q22 -> 27657.997 | U22: =+F22-R22 -> 24052.119 | V22: =+U22-T22 -> -3605.8779
D23: 울산 | E23: =+[5]울산!$Q$85 -> 98025.4 | F23: =+[5]울산!$R$85 -> 105834.38 | G23: =+F23-E23 -> 7808.9787 | H23: =+[5]울산!$Q$20 -> 57413.263 | I23: =+[5]울산!$R$20 -> 60727.03 | J23: =+I23-H23 -> 3313.7671 | K23: =+[5]울산!$Q$21 -> 20561.415 | L23: =+[5]울산!$R$21 -> 22903.242 | M23: =+L23-K23 -> 2341.827 | N23: =+[5]울산!$Q$22 -> 260 | O23: =+[5]울산!$R$22 -> 324.61584 | P23: =+O23-N23 -> 64.615844 | Q23: =H23+K23+N23 -> 78234.678 | R23: =I23+L23+O23 -> 83954.888 | S23: =+R23-Q23 -> 5720.21 | T23: =+E23-Q23 -> 19790.722 | U23: =+F23-R23 -> 21879.491 | V23: =+U23-T23 -> 2088.7687
D24: 아산 | E24: =+[5]아산!$Q$85 -> 100999.56 | F24: =+[5]아산!$R$85 -> 102685.24 | G24: =+F24-E24 -> 1685.6797 | H24: =+[5]아산!$Q$20 -> 56035.284 | I24: =+[5]아산!$R$20 -> 61088.758 | J24: =+I24-H24 -> 5053.4742 | K24: =+[5]아산!$Q$21 -> 19763.524 | L24: =+[5]아산!$R$21 -> 18115.861 | M24: =+L24-K24 -> -1647.6626 | N24: =+[5]아산!$Q$22 -> 208.33333 | O24: =+[5]아산!$R$22 -> 170.99725 | P24: =+O24-N24 -> -37.336084 | Q24: =H24+K24+N24 -> 76007.141 | R24: =I24+L24+O24 -> 79375.617 | S24: =+R24-Q24 -> 3368.4755 | T24: =+E24-Q24 -> 24992.417 | U24: =+F24-R24 -> 23309.621 | V24: =+U24-T24 -> -1682.7958
D25: 전주 | E25: =+[5]전주!$Q$85 -> 103777.16 | F25: =+[5]전주!$R$85 -> 93701.275 | G25: =+F25-E25 -> -10075.883 | H25: =+[5]전주!$Q$20 -> 58331.941 | I25: =+[5]전주!$R$20 -> 56182.437 | J25: =+I25-H25 -> -2149.5037 | K25: =+[5]전주!$Q$21 -> 15926.876 | L25: =+[5]전주!$R$21 -> 14880.317 | M25: =+L25-K25 -> -1046.5597 | N25: =+[5]전주!$Q$22 -> 250 | O25: =+[5]전주!$R$22 -> 205.28519 | P25: =+O25-N25 -> -44.714806 | Q25: =H25+K25+N25 -> 74508.817 | R25: =I25+L25+O25 -> 71268.039 | S25: =+R25-Q25 -> -3240.7781 | T25: =+E25-Q25 -> 29268.341 | U25: =+F25-R25 -> 22433.236 | V25: =+U25-T25 -> -6835.1051
D26: 군산 | E26: =+[5]군산!$Q$85 -> 109728.57 | F26: =+[5]군산!$R$85 -> 113442.55 | G26: =+F26-E26 -> 3713.9811 | H26: =+[5]군산!$Q$20 -> 56996.157 | I26: =+[5]군산!$R$20 -> 57557.914 | J26: =+I26-H26 -> 561.75716 | K26: =+[5]군산!$Q$21 -> 12670.572 | L26: =+[5]군산!$R$21 -> 12808.66 | M26: =+L26-K26 -> 138.08802 | N26: =+[5]군산!$Q$22 -> 60 | O26: =+[5]군산!$R$22 -> 47.194868 | P26: =+O26-N26 -> -12.805132 | Q26: =H26+K26+N26 -> 69726.729 | R26: =I26+L26+O26 -> 70413.769 | S26: =+R26-Q26 -> 687.04004 | T26: =+E26-Q26 -> 40001.844 | U26: =+F26-R26 -> 43028.785 | V26: =+U26-T26 -> 3026.9411
D27: 원주 | E27: =+[5]원주!$Q$85 -> 107900 | F27: =+[5]원주!$R$85 -> 111513.97 | G27: =+F27-E27 -> 3613.9657 | H27: =+[5]원주!$Q$20 -> 58993.943 | I27: =+[5]원주!$R$20 -> 60805.204 | J27: =+I27-H27 -> 1811.2614 | K27: =+[5]원주!$Q$21 -> 15897.762 | L27: =+[5]원주!$R$21 -> 12754.947 | M27: =+L27-K27 -> -3142.8153 | N27: =+[5]원주!$Q$22 -> 300 | O27: =+[5]원주!$R$22 -> 315.82094 | P27: =+O27-N27 -> 15.820936 | Q27: =H27+K27+N27 -> 75191.705 | R27: =I27+L27+O27 -> 73875.972 | S27: =+R27-Q27 -> -1315.7329 | T27: =+E27-Q27 -> 32708.295 | U27: =+F27-R27 -> 37637.994 | V27: =+U27-T27 -> 4929.6986
D28: 제주 | E28: =+[5]제주!$Q$85 -> 126700 | F28: =+[5]제주!$R$85 -> 129670.61 | G28: =+F28-E28 -> 2970.6081 | H28: =+[5]제주!$Q$20 -> 74846.559 | I28: =+[5]제주!$R$20 -> 72489.77 | J28: =+I28-H28 -> -2356.7891 | K28: =+[5]제주!$Q$21 -> 15088.91 | L28: =+[5]제주!$R$21 -> 15452.608 | M28: =+L28-K28 -> 363.69759 | N28: =+[5]제주!$Q$22 -> 0 | O28: =+[5]제주!$R$22 -> 385.52547 | P28: =+O28-N28 -> 385.52547 | Q28: =H28+K28+N28 -> 89935.469 | R28: =I28+L28+O28 -> 88327.903 | S28: =+R28-Q28 -> -1607.566 | T28: =+E28-Q28 -> 36764.531 | U28: =+F28-R28 -> 41342.705 | V28: =+U28-T28 -> 4578.1741

Sheet 재료비단가
D4: □ 2024년 레미콘 원재료단가(2024-03)
D6: 구분 | E6: OPC (원/톤) | H6: SC (원/톤) | K6: SP (원/톤) | N6: FA (원/톤) | Q6: 자갈 (원/톤) | T6: 모래 (원/톤)
E7: 계획 | F7: 실적 | G7: 차이 | H7: 계획 | I7: 실적 | J7: 차이 | K7: 계획 | L7: 실적 | M7: 차이 | N7: 계획 | O7: 실적 | P7: 차이 | Q7: 계획 | R7: 실적 | S7: 차이 | T7: 계획 | U7: 실적 | V7: 차이
D8: 평균 | E8: =+[5]합계!$G$9 -> 100322.77 | F8: =+[5]합계!$H$9 -> 100330.17 | G8: =+F8-E8 -> 7.4047447 | H8: =+[5]합계!$G$10 -> 91212.158 | I8: =+[5]합계!$H$10 -> 93060.236 | J8: =+I8-H8 -> 1848.0774 | K8: =+[5]합계!$G$12 -> 64151.914 | L8: =+[5]합계!$H$12 -> 63268.123 | M8: =+L8-K8 -> -883.79089 | N8: =+[5]합계!$G$13 -> 39941.622 | O8: =+[5]합계!$H$13 -> 39448.139 | P8: =+O8-N8 -> -493.48288 | Q8: =+[5]합계!$G$16 -> 12683.606 | R8: =+[5]합계!$H$16 -> 13399.311 | S8: =+R8-Q8 -> 715.70485 | T8: =+[5]합계!$G$17 -> 16024.835 | U8: =+[5]합계!$H$17 -> 16278.082 | V8: =+U8-T8 -> 253.24674
D9: 수도권 | E9: =+[5]수도권!$G$9 -> 100000 | F9: =+[5]수도권!$H$9 -> 100000.49 | G9: =+F9-E9 -> 0.48731874 | H9: =+[5]수도권!$G$10 -> 93102.497 | I9: =+[5]수도권!$H$10 -> 98338.297 | J9: =+I9-H9 -> 5235.8002 | K9: =+[5]수도권!$G$12 -> 64313.91 | L9: =+[5]수도권!$H$12 -> 62371.811 | M9: =+L9-K9 -> -1942.0991 | N9: =+[5]수도권!$G$13 -> 45168.203 | O9: =+[5]수도권!$H$13 -> 44418.11 | P9: =+O9-N9 -> -750.09317 | Q9: =+[5]수도권!$G$16 -> 15358.99 | R9: =+[5]수도권!$H$16 -> 16436.234 | S9: =+R9-Q9 -> 1077.2441 | T9: =+[5]수도권!$G$17 -> 14722.936 | U9: =+[5]수도권!$H$17 -> 15306.411 | V9: =+U9-T9 -> 583.47562
D10: 영남권 | E10: =+[5]영남권!$G$9 -> 100000 | F10: =+[5]영남권!$H$9 -> 99996.922 | G10: =+F10-E10 -> -3.0775918 | H10: =+[5]영남권!$G$10 -> 92100 | I10: =+[5]영남권!$H$10 -> 92989.295 | J10: =+I10-H10 -> 889.2953 | K10: =+[5]영남권!$G$12 -> 63821.192 | L10: =+[5]영남권!$H$12 -> 63373.839 | M10: =+L10-K10 -> -447.35363 | N10: =+[5]영남권!$G$13 -> 35338.53 | O10: =+[5]영남권!$H$13 -> 35397.404 | P10: =+O10-N10 -> 58.874085 | Q10: =+[5]영남권!$G$16 -> 10369.039 | R10: =+[5]영남권!$H$16 -> 11092.086 | S10: =+R10-Q10 -> 723.04744 | T10: =+[5]영남권!$G$17 -> 17794.76 | U10: =+[5]영남권!$H$17 -> 17823.217 | V10: =+U10-T10 -> 28.457469
D11: 기타권 | E11: =+[5]중부권!$G$9 -> 101715.16 | F11: =+[5]중부권!$H$9 -> 101695.49 | G11: =+F11-E11 -> -19.666711 | H11: =+[5]중부권!$G$10 -> 87463.034 | I11: =+[5]중부권!$H$10 -> 94295.65 | J11: =+I11-H11 -> 6832.6164 | K11: =+[5]중부권!$G$12 -> 64736.866 | L11: =+[5]중부권!$H$12 -> 64425.798 | M11: =+L11-K11 -> -311.06757 | N11: =+[5]중부권!$G$13 -> 40329.953 | O11: =+[5]중부권!$H$13 -> 40824.257 | P11: =+O11-N11 -> 494.3037 | Q11: =+[5]중부권!$G$16 -> 12392.343 | R11: =+[5]중부권!$H$16 -> 12721.196 | S11: =+R11-Q11 -> 328.85306 | T11: =+[5]중부권!$G$17 -> 14446.151 | U11: =+[5]중부권!$H$17 -> 14427.483 | V11: =+U11-T11 -> -18.668133
D12: 안양 | E12: =+[5]안양!$G$9 -> 100000 | F12: =+[5]안양!$H$9 -> 100001.43 | G12: =+F12-E12 -> 1.4312619 | H12: =+[5]안양!$G$10 -> 87100 | I12: =+[5]안양!$H$10 -> 0 | J12: =+I12-H12 -> -87100 | K12: =+[5]안양!$G$12 -> 64000 | L12: =+[5]안양!$H$12 -> 60740.365 | M12: =+L12-K12 -> -3259.6347 | N12: =+[5]안양!$G$13 -> 45000 | O12: =+[5]안양!$H$13 -> 42998.356 | P12: =+O12-N12 -> -2001.644 | Q12: =+[5]안양!$G$16 -> 15333.333 | R12: =+[5]안양!$H$16 -> 17314.052 | S12: =+R12-Q12 -> 1980.7186 | T12: =+[5]안양!$G$17 -> 15161.29 | U12: =+[5]안양!$H$17 -> 16395.628 | V12: =+U12-T12 -> 1234.3382
D13: 인천 | E13: =+[5]인천!$G$9 -> 100000 | F13: =+[5]인천!$H$9 -> 99999.952 | G13: =+F13-E13 -> -0.048448307 | H13: =+[5]인천!$G$10 -> 99500 | I13: =+[5]인천!$H$10 -> 0 | J13: =+I13-H13 -> -99500 | K13: =+[5]인천!$G$12 -> 64500 | L13: =+[5]인천!$H$12 -> 64361.855 | M13: =+L13-K13 -> -138.14542 | N13: =+[5]인천!$G$13 -> 45000 | O13: =+[5]인천!$H$13 -> 44461.14 | P13: =+O13-N13 -> -538.86023 | Q13: =+[5]인천!$G$16 -> 15733.333 | R13: =+[5]인천!$H$16 -> 15867.211 | S13: =+R13-Q13 -> 133.87813 | T13: =+[5]인천!$G$17 -> 15504.138 | U13: =+[5]인천!$H$17 -> 15644.378 | V13: =+U13-T13 -> 140.24013
D14: 파주 | E14: =+[5]파주!$G$9 -> 100000 | F14: =+[5]파주!$H$9 -> 99999.868 | G14: =+F14-E14 -> -0.13234942 | H14: =+[5]파주!$G$10 -> 0 | I14: =+[5]파주!$H$10 -> 98338.297 | J14: =+I14-H14 -> 98338.297 | K14: =+[5]파주!$G$12 -> 64500 | L14: =+[5]파주!$H$12 -> 64431.638 | M14: =+L14-K14 -> -68.361849 | N14: =+[5]파주!$G$13 -> 45000 | O14: =+[5]파주!$H$13 -> 45438.79 | P14: =+O14-N14 -> 438.78964 | Q14: =+[5]파주!$G$16 -> 15266.667 | R14: =+[5]파주!$H$16 -> 16495.992 | S14: =+R14-Q14 -> 1229.3253 | T14: =+[5]파주!$G$17 -> 13419.355 | U14: =+[5]파주!$H$17 -> 13510.176 | V14: =+U14-T14 -> 90.820896
D15: 김포 | E15: =+[5]김포!$G$9 -> 100000 | F15: =+[5]김포!$H$9 -> 99999.678 | G15: =+F15-E15 -> -0.32191224 | H15: =+[5]김포!$G$10 -> 0 | I15: =+[5]김포!$H$10 -> 0 | J15: =+I15-H15 -> 0 | K15: =+[5]김포!$G$12 -> 64300 | L15: =+[5]김포!$H$12 -> 57426.523 | M15: =+L15-K15 -> -6873.4771 | N15: =+[5]김포!$G$13 -> 46000 | O15: =+[5]김포!$H$13 -> 46368.331 | P15: =+O15-N15 -> 368.33078 | Q15: =+[5]김포!$G$16 -> 14666.667 | R15: =+[5]김포!$H$16 -> 14699.519 | S15: =+R15-Q15 -> 32.852782 | T15: =+[5]김포!$G$17 -> 14436.324 | U15: =+[5]김포!$H$17 -> 14756.263 | V15: =+U15-T15 -> 319.93968
D16: 부산 | E16: =+[5]부산!$G$9 -> 100000 | F16: =+[5]부산!$H$9 -> 100010.56 | G16: =+F16-E16 -> 10.562966 | H16: =+[5]부산!$G$10 -> 92100 | I16: =+[5]부산!$H$10 -> 93870.444 | J16: =+I16-H16 -> 1770.4442 | K16: =+[5]부산!$G$12 -> 65000 | L16: =+[5]부산!$H$12 -> 0 | M16: =+L16-K16 -> -65000 | N16: =+[5]부산!$G$13 -> 36500 | O16: =+[5]부산!$H$13 -> 36499.997 | P16: =+O16-N16 -> -0.0034277497 | Q16: =+[5]부산!$G$16 -> 10739.025 | R16: =+[5]부산!$H$16 -> 11934.914 | S16: =+R16-Q16 -> 1195.8894 | T16: =+[5]부산!$G$17 -> 18742.187 | U16: =+[5]부산!$H$17 -> 18368.941 | V16: =+U16-T16 -> -373.24516
D17: 서부산 | E17: =+[5]서부산!$G$9 -> 100000 | F17: =+[5]서부산!$H$9 -> 100006.16 | G17: =+F17-E17 -> 6.1616862 | H17: =+[5]서부산!$G$10 -> 92100 | I17: =+[5]서부산!$H$10 -> 92184.681 | J17: =+I17-H17 -> 84.680747 | K17: =+[5]서부산!$G$12 -> 65000 | L17: =+[5]서부산!$H$12 -> 64806.187 | M17: =+L17-K17 -> -193.81316 | N17: =+[5]서부산!$G$13 -> 35200 | O17: =+[5]서부산!$H$13 -> 35364.614 | P17: =+O17-N17 -> 164.61384 | Q17: =+[5]서부산!$G$16 -> 10666.667 | R17: =+[5]서부산!$H$16 -> 11254.792 | S17: =+R17-Q17 -> 588.12493 | T17: =+[5]서부산!$G$17 -> 19086.926 | U17: =+[5]서부산!$H$17 -> 19089.408 | V17: =+U17-T17 -> 2.4822887
D18: 김해 | E18: =+[5]김해!$G$9 -> 100000 | F18: =+[5]김해!$H$9 -> 100007.82 | G18: =+F18-E18 -> 7.8181542 | H18: =+[5]김해!$G$10 -> 92100 | I18: =+[5]김해!$H$10 -> 92099.146 | J18: =+I18-H18 -> -0.85418073 | K18: =+[5]김해!$G$12 -> 64000 | L18: =+[5]김해!$H$12 -> 61745.557 | M18: =+L18-K18 -> -2254.4426 | N18: =+[5]김해!$G$13 -> 35000 | O18: =+[5]김해!$H$13 -> 34999.89 | P18: =+O18-N18 -> -0.11016257 | Q18: =+[5]김해!$G$16 -> 9533.3333 | R18: =+[5]김해!$H$16 -> 9839.8937 | S18: =+R18-Q18 -> 306.56034 | T18: =+[5]김해!$G$17 -> 18179.375 | U18: =+[5]김해!$H$17 -> 16486.293 | V18: =+U18-T18 -> -1693.0821
D19: 정관 | E19: =+[5]정관!$G$9 -> 100000 | F19: =+[5]정관!$H$9 -> 99999.93 | G19: =+F19-E19 -> -0.069720709 | H19: =+[5]정관!$G$10 -> 92100 | I19: =+[5]정관!$H$10 -> 92083.111 | J19: =+I19-H19 -> -16.889308 | K19: =+[5]정관!$G$12 -> 63500 | L19: =+[5]정관!$H$12 -> 63292.453 | M19: =+L19-K19 -> -207.5469 | N19: =+[5]정관!$G$13 -> 35500 | O19: =+[5]정관!$H$13 -> 35500.001 | P19: =+O19-N19 -> 0.00090698952 | Q19: =+[5]정관!$G$16 -> 10733.333 | R19: =+[5]정관!$H$16 -> 11785.613 | S19: =+R19-Q19 -> 1052.2794 | T19: =+[5]정관!$G$17 -> 18315.171 | U19: =+[5]정관!$H$17 -> 19462.754 | V19: =+U19-T19 -> 1147.5829
D20: 양산 | E20: =+[5]양산!$G$9 -> 100000 | F20: =+[5]양산!$H$9 -> 99932.636 | G20: =+F20-E20 -> -67.363549 | H20: =+[5]양산!$G$10 -> 92100 | I20: =+[5]양산!$H$10 -> 97590.461 | J20: =+I20-H20 -> 5490.461 | K20: =+[5]양산!$G$12 -> 63000 | L20: =+[5]양산!$H$12 -> 63380.406 | M20: =+L20-K20 -> 380.40602 | N20: =+[5]양산!$G$13 -> 36000 | O20: =+[5]양산!$H$13 -> 35999.989 | P20: =+O20-N20 -> -0.011243602 | Q20: =+[5]양산!$G$16 -> 9066.6667 | R20: =+[5]양산!$H$16 -> 9610.1479 | S20: =+R20-Q20 -> 543.48124 | T20: =+[5]양산!$G$17 -> 17371.771 | U20: =+[5]양산!$H$17 -> 16609.012 | V20: =+U20-T20 -> -762.75831
D21: 창원 | E21: =+[5]창원!$G$9 -> 100000 | F21: =+[5]창원!$H$9 -> 99998.939 | G21: =+F21-E21 -> -1.0609049 | H21: =+[5]창원!$G$10 -> 0 | I21: =+[5]창원!$H$10 -> 0 | J21: =+I21-H21 -> 0 | K21: =+[5]창원!$G$12 -> 65000 | L21: =+[5]창원!$H$12 -> 64904.932 | M21: =+L21-K21 -> -95.067722 | N21: =+[5]창원!$G$13 -> 33000 | O21: =+[5]창원!$H$13 -> 33000.006 | P21: =+O21-N21 -> 0.0059420594 | Q21: =+[5]창원!$G$16 -> 10400 | R21: =+[5]창원!$H$16 -> 11266.419 | S21: =+R21-Q21 -> 866.41908 | T21: =+[5]창원!$G$17 -> 17019.617 | U21: =+[5]창원!$H$17 -> 17591.755 | V21: =+U21-T21 -> 572.13868
D22: 대구 | E22: =+[5]대구!$G$9 -> 100000 | F22: =+[5]대구!$H$9 -> 99999.781 | G22: =+F22-E22 -> -0.21852559 | H22: =+[5]대구!$G$10 -> 0 | I22: =+[5]대구!$H$10 -> 0 | J22: =+I22-H22 -> 0 | K22: =+[5]대구!$G$12 -> 62500 | L22: =+[5]대구!$H$12 -> 62277.354 | M22: =+L22-K22 -> -222.64552 | N22: =+[5]대구!$G$13 -> 35500 | O22: =+[5]대구!$H$13 -> 35255.616 | P22: =+O22-N22 -> -244.38384 | Q22: =+[5]대구!$G$16 -> 10466.667 | R22: =+[5]대구!$H$16 -> 10516.95 | S22: =+R22-Q22 -> 50.283203 | T22: =+[5]대구!$G$17 -> 14718.131 | U22: =+[5]대구!$H$17 -> 15002.124 | V22: =+U22-T22 -> 283.99322
D23: 울산 | E23: =+[5]울산!$G$9 -> 100000 | F23: =+[5]울산!$H$9 -> 99994.937 | G23: =+F23-E23 -> -5.0632132 | H23: =+[5]울산!$G$10 -> 0 | I23: =+[5]울산!$H$10 -> 0 | J23: =+I23-H23 -> 0 | K23: =+[5]울산!$G$12 -> 61300 | L23: =+[5]울산!$H$12 -> 60706.294 | M23: =+L23-K23 -> -593.70562 | N23: =+[5]울산!$G$13 -> 37000 | O23: =+[5]울산!$H$13 -> 37000.014 | P23: =+O23-N23 -> 0.013851659 | Q23: =+[5]울산!$G$16 -> 10546.667 | R23: =+[5]울산!$H$16 -> 11468.585 | S23: =+R23-Q23 -> 921.91849 | T23: =+[5]울산!$G$17 -> 18685.562 | U23: =+[5]울산!$H$17 -> 19139.366 | V23: =+U23-T23 -> 453.80432
D24: 아산 | E24: =+[5]아산!$G$9 -> 100000 | F24: =+[5]아산!$H$9 -> 100579.03 | G24: =+F24-E24 -> 579.02967 | H24: =+[5]아산!$G$10 -> 87100 | I24: =+[5]아산!$H$10 -> 0 | J24: =+I24-H24 -> -87100 | K24: =+[5]아산!$G$12 -> 64500 | L24: =+[5]아산!$H$12 -> 64307.083 | M24: =+L24-K24 -> -192.91745 | N24: =+[5]아산!$G$13 -> 42000 | O24: =+[5]아산!$H$13 -> 40946.299 | P24: =+O24-N24 -> -1053.7008 | Q24: =+[5]아산!$G$16 -> 10933.333 | R24: =+[5]아산!$H$16 -> 11446.152 | S24: =+R24-Q24 -> 512.81842 | T24: =+[5]아산!$G$17 -> 13742.254 | U24: =+[5]아산!$H$17 -> 13468.054 | V24: =+U24-T24 -> -274.19951
D25: 전주 | E25: =+[5]전주!$G$9 -> 100000 | F25: =+[5]전주!$H$9 -> 99909.295 | G25: =+F25-E25 -> -90.705051 | H25: =+[5]전주!$G$10 -> 0 | I25: =+[5]전주!$H$10 -> 92739.332 | J25: =+I25-H25 -> 92739.332 | K25: =+[5]전주!$G$12 -> 65000 | L25: =+[5]전주!$H$12 -> 64556.31 | M25: =+L25-K25 -> -443.68985 | N25: =+[5]전주!$G$13 -> 36000 | O25: =+[5]전주!$H$13 -> 35999.973 | P25: =+O25-N25 -> -0.027134212 | Q25: =+[5]전주!$G$16 -> 12533.333 | R25: =+[5]전주!$H$16 -> 12756.914 | S25: =+R25-Q25 -> 223.58096 | T25: =+[5]전주!$G$17 -> 14400.038 | U25: =+[5]전주!$H$17 -> 14819.914 | V25: =+U25-T25 -> 419.87588
D26: 군산 | E26: =+[5]군산!$G$9 -> 100000 | F26: =+[5]군산!$H$9 -> 99999.997 | G26: =+F26-E26 -> -0.0026940259 | H26: =+[5]군산!$G$10 -> 95000 | I26: =+[5]군산!$H$10 -> 94653.581 | J26: =+I26-H26 -> -346.41873 | K26: =+[5]군산!$G$12 -> 64900 | L26: =+[5]군산!$H$12 -> 64848.856 | M26: =+L26-K26 -> -51.143664 | N26: =+[5]군산!$G$13 -> 37500 | O26: =+[5]군산!$H$13 -> 39249.531 | P26: =+O26-N26 -> 1749.5313 | Q26: =+[5]군산!$G$16 -> 13666.667 | R26: =+[5]군산!$H$16 -> 13955.661 | S26: =+R26-Q26 -> 288.99464 | T26: =+[5]군산!$G$17 -> 14837.33 | U26: =+[5]군산!$H$17 -> 15160.92 | V26: =+U26-T26 -> 323.59039
D27: 원주 | E27: =+[5]원주!$G$9 -> 100000 | F27: =+[5]원주!$H$9 -> 100051.02 | G27: =+F27-E27 -> 51.020692 | H27: =+[5]원주!$G$10 -> 0 | I27: =+[5]원주!$H$10 -> 0 | J27: =+I27-H27 -> 0 | K27: =+[5]원주!$G$12 -> 64000 | L27: =+[5]원주!$H$12 -> 62799.755 | M27: =+L27-K27 -> -1200.2449 | N27: =+[5]원주!$G$13 -> 49000 | O27: =+[5]원주!$H$13 -> 48999.991 | P27: =+O27-N27 -> -0.0089166262 | Q27: =+[5]원주!$G$16 -> 13666.667 | R27: =+[5]원주!$H$16 -> 14046.721 | S27: =+R27-Q27 -> 380.05408 | T27: =+[5]원주!$G$17 -> 13419.355 | U27: =+[5]원주!$H$17 -> 14101.666 | V27: =+U27-T27 -> 682.31107
D28: 제주 | E28: =+[5]제주!$G$9 -> 117000 | F28: =+[5]제주!$H$9 -> 116991.49 | G28: =+F28-E28 -> -8.5057661 | H28: =+[5]제주!$G$10 -> 0 | I28: =+[5]제주!$H$10 -> 0 | J28: =+I28-H28 -> 0 | K28: =+[5]제주!$G$12 -> 0 | L28: =+[5]제주!$H$12 -> 0 | M28: =+L28-K28 -> 0 | N28: =+[5]제주!$G$13 -> 0 | O28: =+[5]제주!$H$13 -> 0 | P28: =+O28-N28 -> 0 | Q28: =+[5]제주!$G$16 -> 18143.333 | R28: =+[5]제주!$H$16 -> 17956.97 | S28: =+R28-Q28 -> -186.36338 | T28: =+[5]제주!$G$17 -> 18593.792 | U28: =+[5]제주!$H$17 -> 18829.162 | V28: =+U28-T28 -> 235.37062

Sheet 원단위
D4: □ 레미콘 원재료 원단위(2024-03)
V5: [단위 : kg/㎥]
D6: 구분 | E6: OPC | H6: 분체류 | K6: 분체류 치환률 | N6: 자갈 | Q6: 모래 | T6: 혼화제
E7: 계획 | F7: 실적 | G7: 차이 | H7: 계획 | I7: 실적 | J7: 차이 | K7: 계획 | L7: 실적 | M7: 차이 | N7: 계획 | O7: 실적 | P7: 차이 | Q7: 계획 | R7: 실적 | S7: 차이 | T7: 계획 | U7: 실적 | V7: 차이
D8: 평균 | E8: =+[5]합계!$E$9 -> 254.58041 | F8: =+[5]합계!$F$9 -> 285.71731 | G8: =+F8-E8 -> 31.136894 | H8: =+[5]합계!$E$15 -> 351.5354 | I8: =+[5]합계!$F$15 -> 370.348 | J8: =+I8-H8 -> 18.812598 | K8: =+([5]합계!$E$10*0.4+[5]합계!$E$11+[5]합계!$E$12+[5]합계!$E$13+[5]합계!$E$14)/[5]합계!$E$15 -> 0.229219 | L8: =+([5]합계!$F$10*0.4+[5]합계!$F$11+[5]합계!$F$12+[5]합계!$F$13+[5]합계!$F$14)/[5]합계!$F$15 -> 0.19108515 | M8: =+L8-K8 -> -0.038133854 | N8: =+[5]합계!$E$16 -> 823.58497 | O8: =+[5]합계!$F$16 -> 813.09162 | P8: =+O8-N8 -> -10.49335 | Q8: =+[5]합계!$E$17 -> 903.49553 | R8: =+[5]합계!$F$17 -> 900.76454 | S8: =+R8-Q8 -> -2.7309964 | T8: =+[5]합계!$E$19 -> 3.1423653 | U8: =+[5]합계!$F$19 -> 3.0898435 | V8: =+U8-T8 -> -0.052521823
D9: 수도권 | E9: =+[5]수도권!$E$9 -> 282.23083 | F9: =+[5]수도권!$F$9 -> 311.23687 | G9: =+F9-E9 -> 29.006039 | H9: =+[5]수도권!$E$15 -> 355.99195 | I9: =+[5]수도권!$F$15 -> 372.99897 | J9: =+I9-H9 -> 17.007014 | K9: =+([5]수도권!$E$10*0.4+[5]수도권!$E$11+[5]수도권!$E$12+[5]수도권!$E$13+[5]수도권!$E$14)/[5]수도권!$E$15 -> 0.19732319 | L9: =+([5]수도권!$F$10*0.4+[5]수도권!$F$11+[5]수도권!$F$12+[5]수도권!$F$13+[5]수도권!$F$14)/[5]수도권!$F$15 -> 0.16451799 | M9: =+L9-K9 -> -0.032805197 | N9: =+[5]수도권!$E$16 -> 848.34914 | O9: =+[5]수도권!$F$16 -> 836.19561 | P9: =+O9-N9 -> -12.15353 | Q9: =+[5]수도권!$E$17 -> 884.48942 | R9: =+[5]수도권!$F$17 -> 878.55652 | S9: =+R9-Q9 -> -5.9328958 | T9: =+[5]수도권!$E$19 -> 3.0823429 | U9: =+[5]수도권!$F$19 -> 3.0806387 | V9: =+U9-T9 -> -0.0017041119
D10: 영남권 | E10: =+[5]영남권!$E$9 -> 227.88882 | F10: =+[5]영남권!$F$9 -> 255.25206 | G10: =+F10-E10 -> 27.363234 | H10: =+[5]영남권!$E$15 -> 346.73558 | I10: =+[5]영남권!$F$15 -> 369.5025 | J10: =+I10-H10 -> 22.76692 | K10: =+([5]영남권!$E$10*0.4+[5]영남권!$E$11+[5]영남권!$E$12+[5]영남권!$E$13+[5]영남권!$E$14)/[5]영남권!$E$15 -> 0.26609078 | L10: =+([5]영남권!$F$10*0.4+[5]영남권!$F$11+[5]영남권!$F$12+[5]영남권!$F$13+[5]영남권!$F$14)/[5]영남권!$F$15 -> 0.22772437 | M10: =+L10-K10 -> -0.038366409 | N10: =+[5]영남권!$E$16 -> 808.42816 | O10: =+[5]영남권!$F$16 -> 811.34566 | P10: =+O10-N10 -> 2.9175038 | Q10: =+[5]영남권!$E$17 -> 911.11121 | R10: =+[5]영남권!$F$17 -> 903.25795 | S10: =+R10-Q10 -> -7.8532624 | T10: =+[5]영남권!$E$19 -> 3.2679671 | U10: =+[5]영남권!$F$19 -> 3.1666504 | V10: =+U10-T10 -> -0.10131675
D11: 기타권 | E11: =+[5]중부권!$E$9 -> 260.98762 | F11: =+[5]중부권!$F$9 -> 309.59091 | G11: =+F11-E11 -> 48.603293 | H11: =+[5]중부권!$E$15 -> 353.75333 | I11: =+[5]중부권!$F$15 -> 367.03234 | J11: =+I11-H11 -> 13.279007 | K11: =+([5]중부권!$E$10*0.4+[5]중부권!$E$11+[5]중부권!$E$12+[5]중부권!$E$13+[5]중부권!$E$14)/[5]중부권!$E$15 -> 0.20950579 | L11: =+([5]중부권!$F$10*0.4+[5]중부권!$F$11+[5]중부권!$F$12+[5]중부권!$F$13+[5]중부권!$F$14)/[5]중부권!$F$15 -> 0.15419648 | M11: =+L11-K11 -> -0.055309314 | N11: =+[5]중부권!$E$16 -> 808.49333 | O11: =+[5]중부권!$F$16 -> 770.14354 | P11: =+O11-N11 -> -38.349792 | Q11: =+[5]중부권!$E$17 -> 924.64229 | R11: =+[5]중부권!$F$17 -> 940.01005 | S11: =+R11-Q11 -> 15.367763 | T11: =+[5]중부권!$E$19 -> 2.96736 | U11: =+[5]중부권!$F$19 -> 2.9167559 | V11: =+U11-T11 -> -0.050604108
D12: 안양 | E12: =+[5]안양!$E$9 -> 299.8 | F12: =+[5]안양!$F$9 -> 328.27109 | G12: =+F12-E12 -> 28.471086 | H12: =+[5]안양!$E$15 -> 366 | I12: =+[5]안양!$F$15 -> 371.86123 | J12: =+I12-H12 -> 5.8612285 | K12: =+([5]안양!$E$10*0.4+[5]안양!$E$11+[5]안양!$E$12+[5]안양!$E$13+[5]안양!$E$14)/[5]안양!$E$15 -> 0.16775956 | L12: =+([5]안양!$F$10*0.4+[5]안양!$F$11+[5]안양!$F$12+[5]안양!$F$13+[5]안양!$F$14)/[5]안양!$F$15 -> 0.11722153 | M12: =+L12-K12 -> -0.050538033 | N12: =+[5]안양!$E$16 -> 848.1 | O12: =+[5]안양!$F$16 -> 857.12627 | P12: =+O12-N12 -> 9.0262688 | Q12: =+[5]안양!$E$17 -> 875 | R12: =+[5]안양!$F$17 -> 854.28936 | S12: =+R12-Q12 -> -20.710643 | T12: =+[5]안양!$E$19 -> 3.29 | U12: =+[5]안양!$F$19 -> 3.1183645 | V12: =+U12-T12 -> -0.17163552
D13: 인천 | E13: =+[5]인천!$E$9 -> 302.65 | F13: =+[5]인천!$F$9 -> 303.55667 | G13: =+F13-E13 -> 0.90666551 | H13: =+[5]인천!$E$15 -> 369.084 | I13: =+[5]인천!$F$15 -> 379.07733 | J13: =+I13-H13 -> 9.9933251 | K13: =+([5]인천!$E$10*0.4+[5]인천!$E$11+[5]인천!$E$12+[5]인천!$E$13+[5]인천!$E$14)/[5]인천!$E$15 -> 0.16212949 | L13: =+([5]인천!$F$10*0.4+[5]인천!$F$11+[5]인천!$F$12+[5]인천!$F$13+[5]인천!$F$14)/[5]인천!$F$15 -> 0.19922231 | M13: =+L13-K13 -> 0.03709282 | N13: =+[5]인천!$E$16 -> 886.214 | O13: =+[5]인천!$F$16 -> 865.05012 | P13: =+O13-N13 -> -21.163877 | Q13: =+[5]인천!$E$17 -> 850.424 | R13: =+[5]인천!$F$17 -> 847.67315 | S13: =+R13-Q13 -> -2.7508493 | T13: =+[5]인천!$E$19 -> 3.322 | U13: =+[5]인천!$F$19 -> 3.2310728 | V13: =+U13-T13 -> -0.090927157
D14: 파주 | E14: =+[5]파주!$E$9 -> 269.20537 | F14: =+[5]파주!$F$9 -> 316.0399 | G14: =+F14-E14 -> 46.834532 | H14: =+[5]파주!$E$15 -> 348.51019 | I14: =+[5]파주!$F$15 -> 390.73004 | J14: =+I14-H14 -> 42.219854 | K14: =+([5]파주!$E$10*0.4+[5]파주!$E$11+[5]파주!$E$12+[5]파주!$E$13+[5]파주!$E$14)/[5]파주!$E$15 -> 0.22755379 | L14: =+([5]파주!$F$10*0.4+[5]파주!$F$11+[5]파주!$F$12+[5]파주!$F$13+[5]파주!$F$14)/[5]파주!$F$15 -> 0.18665335 | M14: =+L14-K14 -> -0.040900439 | N14: =+[5]파주!$E$16 -> 868.88111 | O14: =+[5]파주!$F$16 -> 802.82651 | P14: =+O14-N14 -> -66.054596 | Q14: =+[5]파주!$E$17 -> 871.49 | R14: =+[5]파주!$F$17 -> 909.9229 | S14: =+R14-Q14 -> 38.432896 | T14: =+[5]파주!$E$19 -> 2.7880815 | U14: =+[5]파주!$F$19 -> 3.0929751 | V14: =+U14-T14 -> 0.30489364
D15: 김포 | E15: =+[5]김포!$E$9 -> 207 | F15: =+[5]김포!$F$9 -> 265.02782 | G15: =+F15-E15 -> 58.027824 | H15: =+[5]김포!$E$15 -> 310 | I15: =+[5]김포!$F$15 -> 325.64503 | J15: =+I15-H15 -> 15.645032 | K15: =+([5]김포!$E$10*0.4+[5]김포!$E$11+[5]김포!$E$12+[5]김포!$E$13+[5]김포!$E$14)/[5]김포!$E$15 -> 0.33225806 | L15: =+([5]김포!$F$10*0.4+[5]김포!$F$11+[5]김포!$F$12+[5]김포!$F$13+[5]김포!$F$14)/[5]김포!$F$15 -> 0.18614504 | M15: =+L15-K15 -> -0.14611302 | N15: =+[5]김포!$E$16 -> 720 | O15: =+[5]김포!$F$16 -> 759.81937 | P15: =+O15-N15 -> 39.819369 | Q15: =+[5]김포!$E$17 -> 1020 | R15: =+[5]김포!$F$17 -> 975.17741 | S15: =+R15-Q15 -> -44.822595 | T15: =+[5]김포!$E$19 -> 2.5 | U15: =+[5]김포!$F$19 -> 2.5452222 | V15: =+U15-T15 -> 0.04522216
D16: 부산 | E16: =+[5]부산!$E$9 -> 230.87952 | F16: =+[5]부산!$F$9 -> 234.22463 | G16: =+F16-E16 -> 3.3451093 | H16: =+[5]부산!$E$15 -> 348.68975 | I16: =+[5]부산!$F$15 -> 382.5307 | J16: =+I16-H16 -> 33.84095 | K16: =+([5]부산!$E$10*0.4+[5]부산!$E$11+[5]부산!$E$12+[5]부산!$E$13+[5]부산!$E$14)/[5]부산!$E$15 -> 0.26751461 | L16: =+([5]부산!$F$10*0.4+[5]부산!$F$11+[5]부산!$F$12+[5]부산!$F$13+[5]부산!$F$14)/[5]부산!$F$15 -> 0.20278574 | M16: =+L16-K16 -> -0.064728868 | N16: =+[5]부산!$E$16 -> 842.67904 | O16: =+[5]부산!$F$16 -> 868.21303 | P16: =+O16-N16 -> 25.53399 | Q16: =+[5]부산!$E$17 -> 886.94732 | R16: =+[5]부산!$F$17 -> 847.65251 | S16: =+R16-Q16 -> -39.29481 | T16: =+[5]부산!$E$19 -> 2.8621956 | U16: =+[5]부산!$F$19 -> 3.4474819 | V16: =+U16-T16 -> 0.58528623
D17: 서부산 | E17: =+[5]서부산!$E$9 -> 240.8 | F17: =+[5]서부산!$F$9 -> 263.579 | G17: =+F17-E17 -> 22.778997 | H17: =+[5]서부산!$E$15 -> 353.4 | I17: =+[5]서부산!$F$15 -> 364.46496 | J17: =+I17-H17 -> 11.064964 | K17: =+([5]서부산!$E$10*0.4+[5]서부산!$E$11+[5]서부산!$E$12+[5]서부산!$E$13+[5]서부산!$E$14)/[5]서부산!$E$15 -> 0.21692134 | L17: =+([5]서부산!$F$10*0.4+[5]서부산!$F$11+[5]서부산!$F$12+[5]서부산!$F$13+[5]서부산!$F$14)/[5]서부산!$F$15 -> 0.18945194 | M17: =+L17-K17 -> -0.027469395 | N17: =+[5]서부산!$E$16 -> 815.1 | O17: =+[5]서부산!$F$16 -> 830.07574 | P17: =+O17-N17 -> 14.975744 | Q17: =+[5]서부산!$E$17 -> 916.1 | R17: =+[5]서부산!$F$17 -> 900.65911 | S17: =+R17-Q17 -> -15.440893 | T17: =+[5]서부산!$E$19 -> 4.54 | U17: =+[5]서부산!$F$19 -> 3.1817954 | V17: =+U17-T17 -> -1.3582046
D18: 김해 | E18: =+[5]김해!$E$9 -> 161.91 | F18: =+[5]김해!$F$9 -> 197.9475 | G18: =+F18-E18 -> 36.0375 | H18: =+[5]김해!$E$15 -> 343 | I18: =+[5]김해!$F$15 -> 355.45669 | J18: =+I18-H18 -> 12.456693 | K18: =+([5]김해!$E$10*0.4+[5]김해!$E$11+[5]김해!$E$12+[5]김해!$E$13+[5]김해!$E$14)/[5]김해!$E$15 -> 0.25533528 | L18: =+([5]김해!$F$10*0.4+[5]김해!$F$11+[5]김해!$F$12+[5]김해!$F$13+[5]김해!$F$14)/[5]김해!$F$15 -> 0.21613315 | M18: =+L18-K18 -> -0.039202126 | N18: =+[5]김해!$E$16 -> 830 | O18: =+[5]김해!$F$16 -> 741.73888 | P18: =+O18-N18 -> -88.261125 | Q18: =+[5]김해!$E$17 -> 890 | R18: =+[5]김해!$F$17 -> 978.04404 | S18: =+R18-Q18 -> 88.044045 | T18: =+[5]김해!$E$19 -> 3.3 | U18: =+[5]김해!$F$19 -> 3.5088229 | V18: =+U18-T18 -> 0.20882288
D19: 정관 | E19: =+[5]정관!$E$9 -> 205.8 | F19: =+[5]정관!$F$9 -> 266.9841 | G19: =+F19-E19 -> 61.184103 | H19: =+[5]정관!$E$15 -> 356.9 | I19: =+[5]정관!$F$15 -> 377.01838 | J19: =+I19-H19 -> 20.118381 | K19: =+([5]정관!$E$10*0.4+[5]정관!$E$11+[5]정관!$E$12+[5]정관!$E$13+[5]정관!$E$14)/[5]정관!$E$15 -> 0.29812272 | L19: =+([5]정관!$F$10*0.4+[5]정관!$F$11+[5]정관!$F$12+[5]정관!$F$13+[5]정관!$F$14)/[5]정관!$F$15 -> 0.22605514 | M19: =+L19-K19 -> -0.072067581 | N19: =+[5]정관!$E$16 -> 795 | O19: =+[5]정관!$F$16 -> 798.89276 | P19: =+O19-N19 -> 3.8927622 | Q19: =+[5]정관!$E$17 -> 920 | R19: =+[5]정관!$F$17 -> 936.10501 | S19: =+R19-Q19 -> 16.105014 | T19: =+[5]정관!$E$19 -> 3.052095 | U19: =+[5]정관!$F$19 -> 2.6512503 | V19: =+U19-T19 -> -0.4008447
D20: 양산 | E20: =+[5]양산!$E$9 -> 251.60655 | F20: =+[5]양산!$F$9 -> 222.56986 | G20: =+F20-E20 -> -29.036684 | H20: =+[5]양산!$E$15 -> 332.25836 | I20: =+[5]양산!$F$15 -> 355.46683 | J20: =+I20-H20 -> 23.208466 | K20: =+([5]양산!$E$10*0.4+[5]양산!$E$11+[5]양산!$E$12+[5]양산!$E$13+[5]양산!$E$14)/[5]양산!$E$15 -> 0.22424499 | L20: =+([5]양산!$F$10*0.4+[5]양산!$F$11+[5]양산!$F$12+[5]양산!$F$13+[5]양산!$F$14)/[5]양산!$F$15 -> 0.34350787 | M20: =+L20-K20 -> 0.11926288 | N20: =+[5]양산!$E$16 -> 783.27273 | O20: =+[5]양산!$F$16 -> 806.41685 | P20: =+O20-N20 -> 23.144125 | Q20: =+[5]양산!$E$17 -> 908.48003 | R20: =+[5]양산!$F$17 -> 877.35746 | S20: =+R20-Q20 -> -31.122564 | T20: =+[5]양산!$E$19 -> 2.7062238 | U20: =+[5]양산!$F$19 -> 2.9703853 | V20: =+U20-T20 -> 0.26416148
D21: 창원 | E21: =+[5]창원!$E$9 -> 239.1 | F21: =+[5]창원!$F$9 -> 278.80532 | G21: =+F21-E21 -> 39.705324 | H21: =+[5]창원!$E$15 -> 342.9 | I21: =+[5]창원!$F$15 -> 363.10444 | J21: =+I21-H21 -> 20.204439 | K21: =+([5]창원!$E$10*0.4+[5]창원!$E$11+[5]창원!$E$12+[5]창원!$E$13+[5]창원!$E$14)/[5]창원!$E$15 -> 0.30271216 | L21: =+([5]창원!$F$10*0.4+[5]창원!$F$11+[5]창원!$F$12+[5]창원!$F$13+[5]창원!$F$14)/[5]창원!$F$15 -> 0.23216217 | M21: =+L21-K21 -> -0.07054999 | N21: =+[5]창원!$E$16 -> 837.7 | O21: =+[5]창원!$F$16 -> 866.82601 | P21: =+O21-N21 -> 29.126011 | Q21: =+[5]창원!$E$17 -> 880.6 | R21: =+[5]창원!$F$17 -> 845.8583 | S21: =+R21-Q21 -> -34.741697 | T21: =+[5]창원!$E$19 -> 3.08 | U21: =+[5]창원!$F$19 -> 2.9876569 | V21: =+U21-T21 -> -0.092343107
D22: 대구 | E22: =+[5]대구!$E$9 -> 252 | F22: =+[5]대구!$F$9 -> 305.9173 | G22: =+F22-E22 -> 53.917298 | H22: =+[5]대구!$E$15 -> 336 | I22: =+[5]대구!$F$15 -> 380.32265 | J22: =+I22-H22 -> 44.322654 | K22: =+([5]대구!$E$10*0.4+[5]대구!$E$11+[5]대구!$E$12+[5]대구!$E$13+[5]대구!$E$14)/[5]대구!$E$15 -> 0.25 | L22: =+([5]대구!$F$10*0.4+[5]대구!$F$11+[5]대구!$F$12+[5]대구!$F$13+[5]대구!$F$14)/[5]대구!$F$15 -> 0.19563746 | M22: =+L22-K22 -> -0.054362544 | N22: =+[5]대구!$E$16 -> 775.35111 | O22: =+[5]대구!$F$16 -> 750.08702 | P22: =+O22-N22 -> -25.264094 | Q22: =+[5]대구!$E$17 -> 947.65136 | R22: =+[5]대구!$F$17 -> 943.91793 | S22: =+R22-Q22 -> -3.7334259 | T22: =+[5]대구!$E$19 -> 2.688 | U22: =+[5]대구!$F$19 -> 3.532324 | V22: =+U22-T22 -> 0.84432404
D23: 울산 | E23: =+[5]울산!$E$9 -> 224.2 | F23: =+[5]울산!$F$9 -> 257.53761 | G23: =+F23-E23 -> 33.337607 | H23: =+[5]울산!$E$15 -> 356 | I23: =+[5]울산!$F$15 -> 370.47818 | J23: =+I23-H23 -> 14.478177 | K23: =+([5]울산!$E$10*0.4+[5]울산!$E$11+[5]울산!$E$12+[5]울산!$E$13+[5]울산!$E$14)/[5]울산!$E$15 -> 0.37022472 | L23: =+([5]울산!$F$10*0.4+[5]울산!$F$11+[5]울산!$F$12+[5]울산!$F$13+[5]울산!$F$14)/[5]울산!$F$15 -> 0.3048508 | M23: =+L23-K23 -> -0.065373915 | N23: =+[5]울산!$E$16 -> 730 | O23: =+[5]울산!$F$16 -> 743.07686 | P23: =+O23-N23 -> 13.076859 | Q23: =+[5]울산!$E$17 -> 972 | R23: =+[5]울산!$F$17 -> 954.77719 | S23: =+R23-Q23 -> -17.222808 | T23: =+[5]울산!$E$19 -> 3.2 | U23: =+[5]울산!$F$19 -> 3.1383671 | V23: =+U23-T23 -> -0.061632908
D24: 아산 | E24: =+[5]아산!$E$9 -> 231.38417 | F24: =+[5]아산!$F$9 -> 337.717 | G24: =+F24-E24 -> 106.33283 | H24: =+[5]아산!$E$15 -> 361.30917 | I24: =+[5]아산!$F$15 -> 386.13471 | J24: =+I24-H24 -> 24.825544 | K24: =+([5]아산!$E$10*0.4+[5]아산!$E$11+[5]아산!$E$12+[5]아산!$E$13+[5]아산!$E$14)/[5]아산!$E$15 -> 0.25185633 | L24: =+([5]아산!$F$10*0.4+[5]아산!$F$11+[5]아산!$F$12+[5]아산!$F$13+[5]아산!$F$14)/[5]아산!$F$15 -> 0.12539072 | M24: =+L24-K24 -> -0.12646561 | N24: =+[5]아산!$E$16 -> 854.91333 | O24: =+[5]아산!$F$16 -> 800.81195 | P24: =+O24-N24 -> -54.101388 | Q24: =+[5]아산!$E$17 -> 864.74417 | R24: =+[5]아산!$F$17 -> 902.33213 | S24: =+R24-Q24 -> 37.58796 | T24: =+[5]아산!$E$19 -> 3.0019333 | U24: =+[5]아산!$F$19 -> 3.3093502 | V24: =+U24-T24 -> 0.30741689
D25: 전주 | E25: =+[5]전주!$E$9 -> 288.29 | F25: =+[5]전주!$F$9 -> 252.82786 | G25: =+F25-E25 -> -35.462142 | H25: =+[5]전주!$E$15 -> 355.04 | I25: =+[5]전주!$F$15 -> 328.98658 | J25: =+I25-H25 -> -26.053423 | K25: =+([5]전주!$E$10*0.4+[5]전주!$E$11+[5]전주!$E$12+[5]전주!$E$13+[5]전주!$E$14)/[5]전주!$E$15 -> 0.18800699 | L25: =+([5]전주!$F$10*0.4+[5]전주!$F$11+[5]전주!$F$12+[5]전주!$F$13+[5]전주!$F$14)/[5]전주!$F$15 -> 0.2278739 | M25: =+L25-K25 -> 0.039866919 | N25: =+[5]전주!$E$16 -> 764.89 | O25: =+[5]전주!$F$16 -> 667.00728 | P25: =+O25-N25 -> -97.882716 | Q25: =+[5]전주!$E$17 -> 980.73 | R25: =+[5]전주!$F$17 -> 1076.3132 | S25: =+R25-Q25 -> 95.583209 | T25: =+[5]전주!$E$19 -> 3.01 | U25: =+[5]전주!$F$19 -> 2.4676075 | V25: =+U25-T25 -> -0.54239249
D26: 군산 | E26: =+[5]군산!$E$9 -> 228.5 | F26: =+[5]군산!$F$9 -> 249.56859 | G26: =+F26-E26 -> 21.06859 | H26: =+[5]군산!$E$15 -> 340.5 | I26: =+[5]군산!$F$15 -> 351.83446 | J26: =+I26-H26 -> 11.334463 | K26: =+([5]군산!$E$10*0.4+[5]군산!$E$11+[5]군산!$E$12+[5]군산!$E$13+[5]군산!$E$14)/[5]군산!$E$15 -> 0.3113069 | L26: =+([5]군산!$F$10*0.4+[5]군산!$F$11+[5]군산!$F$12+[5]군산!$F$13+[5]군산!$F$14)/[5]군산!$F$15 -> 0.27888744 | M26: =+L26-K26 -> -0.032419462 | N26: =+[5]군산!$E$16 -> 785 | O26: =+[5]군산!$F$16 -> 778.80155 | P26: =+O26-N26 -> -6.1984536 | Q26: =+[5]군산!$E$17 -> 935 | R26: =+[5]군산!$F$17 -> 913.6357 | S26: =+R26-Q26 -> -21.364299 | T26: =+[5]군산!$E$19 -> 2.84 | U26: =+[5]군산!$F$19 -> 2.6915341 | V26: =+U26-T26 -> -0.14846593
D27: 원주 | E27: =+[5]원주!$E$9 -> 318.6 | F27: =+[5]원주!$F$9 -> 311.05843 | G27: =+F27-E27 -> -7.5415666 | H27: =+[5]원주!$E$15 -> 340.8 | I27: =+[5]원주!$F$15 -> 358.29416 | J27: =+I27-H27 -> 17.494164 | K27: =+([5]원주!$E$10*0.4+[5]원주!$E$11+[5]원주!$E$12+[5]원주!$E$13+[5]원주!$E$14)/[5]원주!$E$15 -> 0.065140845 | L27: =+([5]원주!$F$10*0.4+[5]원주!$F$11+[5]원주!$F$12+[5]원주!$F$13+[5]원주!$F$14)/[5]원주!$F$15 -> 0.13183505 | M27: =+L27-K27 -> 0.066694209 | N27: =+[5]원주!$E$16 -> 818.6 | O27: =+[5]원주!$F$16 -> 828.15279 | P27: =+O27-N27 -> 9.5527923 | Q27: =+[5]원주!$E$17 -> 964.6 | R27: =+[5]원주!$F$17 -> 954.85293 | S27: =+R27-Q27 -> -9.7470707 | T27: =+[5]원주!$E$19 -> 2.848 | U27: =+[5]원주!$F$19 -> 2.6336111 | V27: =+U27-T27 -> -0.21438891
D28: 제주 | E28: =+[5]제주!$E$9 -> 345.6 | F28: =+[5]제주!$F$9 -> 349.81498 | G28: =+F28-E28 -> 4.2149766 | H28: =+[5]제주!$E$15 -> 345.6 | I28: =+[5]제주!$F$15 -> 349.81498 | J28: =+I28-H28 -> 4.2149766 | K28: =+([5]제주!$E$10*0.4+[5]제주!$E$11+[5]제주!$E$12+[5]제주!$E$13+[5]제주!$E$14)/[5]제주!$E$15 -> 0 | L28: =+([5]제주!$F$10*0.4+[5]제주!$F$11+[5]제주!$F$12+[5]제주!$F$13+[5]제주!$F$14)/[5]제주!$F$15 -> 0 | M28: =+L28-K28 -> 0 | N28: =+[5]제주!$E$16 -> 692.2 | O28: =+[5]제주!$F$16 -> 627.704 | P28: =+O28-N28 -> -64.495998 | Q28: =+[5]제주!$E$17 -> 1046.4 | R28: =+[5]제주!$F$17 -> 994.85837 | S28: =+R28-Q28 -> -51.541632 | T28: =+[5]제주!$E$19 -> 3.02 | U28: =+[5]제주!$F$19 -> 1.9104418 | V28: =+U28-T28 -> -1.1095582

Sheet 건자재
D6: □ 건자재 손익실적(2024-03)
O7: [단위 : 톤, 천원]
D8: 구분 | F8: 3월 | K8: 2월 누계
F9: 계획 | G9: 실적 | H9: 계획대비 | I9: 전년 | J9: 전년대비 | K9: 계획 | L9: 실적 | M9: 계획대비 | N9: 전년 | O9: 전년대비
D10: 판매량 | E10: 철강재 | F10: =+IFERROR(HLOOKUP($F$8,[13]손익!$G$5:$AI$63,2,),) -> 7300 | G10: =+'[7]3월'!$G$8 -> 8665.068 | H10: =+G10-F10 -> 1365.068 | I10: =+IFERROR(HLOOKUP($F$8,[8]월별!$E$2:$T$53,2,),) -> 9838.578 | J10: =+G10-I10 -> -1173.51 | K10: =+F10+[4]건자재!K10 -> 20600 | L10: =+G10+[4]건자재!L10 -> 21735.563 | M10: =+L10-K10 -> 1135.563 | N10: =+I10+[4]건자재!N10 -> 25167.705 | O10: =+L10-N10 -> -3432.142
D11: 판매단가 | E11: 철강재 | F11: =+F12/F10*1000 -> 978767.12 | G11: =+G12/G10*1000 -> 873530.52 | H11: =+G11-F11 -> -105236.6 | I11: =+I12/I10*1000 -> 1030973.4 | J11: =+G11-I11 -> -157442.87 | K11: =+K12/K10*1000 -> 977669.9 | L11: =+L12/L10*1000 -> 891335.49 | M11: =+L11-K11 -> -86334.412 | N11: =+N12/N10*1000 -> 1048563.5 | O11: =+L11-N11 -> -157227.98
D12: 매출액 | E12: 철강재 | F12: =+IFERROR(HLOOKUP($F$8,[13]손익!$G$5:$AI$63,22,),) -> 7145000 | G12: =+'[7]3월'!$G$9 -> 7569201.4 | H12: =+G12-F12 -> 424201.39 | I12: =+IFERROR(HLOOKUP($F$8,[8]월별!$E$2:$T$53,5,),) -> 10143312 | J12: =+G12-I12 -> -2574110.8 | K12: =+F12+[4]건자재!K12 -> 20140000 | L12: =+G12+[4]건자재!L12 -> 19373679 | M12: =+L12-K12 -> -766321.29 | N12: =+I12+[4]건자재!N12 -> 26389936 | O12: =+L12-N12 -> -7016257.5
E13: 기타 | F13: =+IFERROR(HLOOKUP($F$8,[13]손익!$G$5:$AI$63,23,),) -> 1784315.8 | G13: =+'[7]3월'!$J$9 -> 1190716.4 | H13: =+G13-F13 -> -593599.39 | I13: =+IFERROR(HLOOKUP($F$8,[8]월별!$E$2:$T$53,6,),) -> 1216657.1 | J13: =+G13-I13 -> -25940.714 | K13: =+F13+[4]건자재!K13 -> 5067456.8 | L13: =+G13+[4]건자재!L13 -> 3559854.2 | M13: =+L13-K13 -> -1507602.6 | N13: =+I13+[4]건자재!N13 -> 3573138.4 | O13: =+L13-N13 -> -13284.139
E14: (소계) | F14: =SUM(F12:F13) -> 8929315.8 | G14: =SUM(G12:G13) -> 8759917.8 | H14: =+G14-F14 -> -169398 | I14: =SUM(I12:I13) -> 11359969 | J14: =+G14-I14 -> -2600051.5 | K14: =SUM(K12:K13) -> 25207457 | L14: =SUM(L12:L13) -> 22933533 | M14: =+L14-K14 -> -2273923.9 | N14: =SUM(N12:N13) -> 29963075 | O14: =+L14-N14 -> -7029541.6
D15: 매출원가 | E15: 철강재 | F15: =+IFERROR(HLOOKUP($F$8,[13]손익!$G$5:$AI$63,25,),) -> 6978185 | G15: =+'[7]3월'!$G$11 -> 7426923.1 | H15: =+G15-F15 -> 448738.11 | I15: =+IFERROR(HLOOKUP($F$8,[8]월별!$E$2:$T$53,8,),) -> 9963629.8 | J15: =+G15-I15 -> -2536706.7 | K15: =+F15+[4]건자재!K15 -> 19670795 | L15: =+G15+[4]건자재!L15 -> 18907043 | M15: =+L15-K15 -> -763751.64 | N15: =+I15+[4]건자재!N15 -> 25892239 | O15: =+L15-N15 -> -6985195.7
E16: 기타 | F16: =+IFERROR(HLOOKUP($F$8,[13]손익!$G$5:$AI$63,26,),) -> 1722257.3 | G16: =+'[7]3월'!$J$11 -> 1169699.1 | H16: =+G16-F16 -> -552558.17 | I16: =+IFERROR(HLOOKUP($F$8,[8]월별!$E$2:$T$53,9,),) -> 1190045.8 | J16: =+G16-I16 -> -20346.719 | K16: =+F16+[4]건자재!K16 -> 4891210.7 | L16: =+G16+[4]건자재!L16 -> 3492681.1 | M16: =+L16-K16 -> -1398529.6 | N16: =+I16+[4]건자재!N16 -> 3495757.6 | O16: =+L16-N16 -> -3076.479
E17: (소계) | F17: =SUM(F15:F16) -> 8700442.3 | G17: =SUM(G15:G16) -> 8596622.2 | H17: =+G17-F17 -> -103820.06 | I17: =SUM(I15:I16) -> 11153676 | J17: =+G17-I17 -> -2557053.4 | K17: =SUM(K15:K16) -> 24562006 | L17: =SUM(L15:L16) -> 22399724 | M17: =+L17-K17 -> -2162281.2 | N17: =SUM(N15:N16) -> 29387997 | O17: =+L17-N17 -> -6988272.2
D18: 매출이익 | E18: 철강재 | F18: =+F12-F15 -> 166815 | G18: =+G12-G15 -> 142278.28 | H18: =+G18-F18 -> -24536.72 | I18: =+I12-I15 -> 179682.38 | J18: =+G18-I18 -> -37404.102 | K18: =+K12-K15 -> 469205 | L18: =+L12-L15 -> 466635.35 | M18: =+L18-K18 -> -2569.647 | N18: =+N12-N15 -> 497697.16 | O18: =+L18-N18 -> -31061.811
E19: % | F19: =+F18/F12 -> 0.023347096 | G19: =+G18/G12 -> 0.018797 | H19: =+G19-F19 -> -0.0045500957 | I19: =+I18/I12 -> 0.01771437 | J19: =+G19-I19 -> 0.0010826304 | K19: =+K18/K12 -> 0.02329717 | L19: =+L18/L12 -> 0.024086048 | M19: =+L19-K19 -> 0.00078887807 | N19: =+N18/N12 -> 0.018859355 | O19: =+L19-N19 -> 0.0052266933
E20: 기타 | F20: =+F13-F16 -> 62058.503 | G20: =+G13-G16 -> 21017.278 | H20: =+G20-F20 -> -41041.225 | I20: =+I13-I16 -> 26611.273 | J20: =+G20-I20 -> -5593.995 | K20: =+K13-K16 -> 176246.15 | L20: =+L13-L16 -> 67173.09 | M20: =+L20-K20 -> -109073.06 | N20: =+N13-N16 -> 77380.75 | O20: =+L20-N20 -> -10207.66
E21: % | F21: =+F20/F13 -> 0.03478 | G21: =+G20/G13 -> 0.017650952 | H21: =+G21-F21 -> -0.017129048 | I21: =+I20/I13 -> 0.021872451 | J21: =+G21-I21 -> -0.0042214989 | K21: =+K20/K13 -> 0.03478 | L21: =+L20/L13 -> 0.018869618 | M21: =+L21-K21 -> -0.015910382 | N21: =+N20/N13 -> 0.021656242 | O21: =+L21-N21 -> -0.0027866241
E22: (소계) | F22: =SUM(F18,F20) -> 228873.5 | G22: =SUM(G18,G20) -> 163295.56 | H22: =+G22-F22 -> -65577.945 | I22: =SUM(I18,I20) -> 206293.66 | J22: =+G22-I22 -> -42998.097 | K22: =+K14-K17 -> 645451.15 | L22: =+L14-L17 -> 533808.44 | M22: =+L22-K22 -> -111642.71 | N22: =+N14-N17 -> 575077.91 | O22: =+L22-N22 -> -41269.471
E23: % | F23: =+F22/F14 -> 0.025631695 | G23: =+G22/G14 -> 0.01864122 | H23: =+G23-F23 -> -0.0069904751 | I23: =+I22/I14 -> 0.018159702 | J23: =+G23-I23 -> 0.00048151852 | K23: =+K22/K14 -> 0.025605564 | L23: =+L22/L14 -> 0.023276328 | M23: =+L23-K23 -> -0.0023292356 | N23: =+N22/N14 -> 0.019192887 | O23: =+L23-N23 -> 0.004083441
D24: 판관비 | E24: 노무비 | F24: =+IFERROR(HLOOKUP($F$8,[13]판매4!$G$4:$U$50,7,),) -> 83504.47 | G24: =+'[7]3월'!$M$19 -> 87921.888 | H24: =+G24-F24 -> 4417.418 | I24: =+IFERROR(HLOOKUP($F$8,[8]월별!$E$2:$T$53,17,),) -> 81444.192 | J24: =+G24-I24 -> 6477.696 | K24: =+F24+[4]건자재!K24 -> 247938.59 | L24: =+G24+[4]건자재!L24 -> 264784.82 | M24: =+L24-K24 -> 16846.228 | N24: =+I24+[4]건자재!N24 -> 253789.49 | O24: =+L24-N24 -> 10995.332
E25: 경비 | F25: =+IFERROR(HLOOKUP($F$8,[13]판매4!$G$4:$U$50,31,),)+IFERROR(HLOOKUP($F$8,[13]판매4!$G$4:$U$50,34,),) -> 50961.11 | G25: =+'[7]3월'!$M$37+'[7]3월'!$M$40 -> 43718.324 | H25: =+G25-F25 -> -7242.786 | I25: =+IFERROR(HLOOKUP($F$8,[8]월별!$E$2:$T$53,35,),)+IFERROR(HLOOKUP($F$8,[8]월별!$E$2:$T$53,38,),) -> 70271.566 | J25: =+G25-I25 -> -26553.242 | K25: =+F25+[4]건자재!K25 -> 137172.96 | L25: =+G25+[4]건자재!L25 -> 120256.39 | M25: =+L25-K25 -> -16916.571 | N25: =+I25+[4]건자재!N25 -> 115084.35 | O25: =+L25-N25 -> 5172.035
E26: (소계) | F26: =SUM(F24:F25) -> 134465.58 | G26: =SUM(G24:G25) -> 131640.21 | H26: =+G26-F26 -> -2825.368 | I26: =SUM(I24:I25) -> 151715.76 | J26: =+G26-I26 -> -20075.546 | K26: =SUM(K24:K25) -> 385111.55 | L26: =SUM(L24:L25) -> 385041.21 | M26: =+L26-K26 -> -70.343 | N26: =SUM(N24:N25) -> 368873.84 | O26: =+L26-N26 -> 16167.367
D27: 영업이익 | F27: =+F22-F26 -> 94407.923 | G27: =+G22-G26 -> 31655.346 | H27: =+G27-F27 -> -62752.577 | I27: =+I22-I26 -> 54577.897 | J27: =+G27-I27 -> -22922.551 | K27: =+K22-K26 -> 260339.6 | L27: =+L22-L26 -> 148767.24 | M27: =+L27-K27 -> -111572.36 | N27: =+N22-N26 -> 206204.07 | O27: =+L27-N27 -> -57436.838
E28: % | F28: =+F27/F14 -> 0.010572806 | G28: =+G27/G14 -> 0.0036136579 | H28: =+G28-F28 -> -0.0069591481 | I28: =+I27/I14 -> 0.0048044053 | J28: =+G28-I28 -> -0.0011907475 | K28: =+K27/K14 -> 0.01032788 | L28: =+L27/L14 -> 0.006486887 | M28: =+L28-K28 -> -0.0038409934 | N28: =+N27/N14 -> 0.0068819398 | O28: =+L28-N28 -> -0.00039505278
D29: 철강재 단가 및 마진률
R34: * 공통비
F36: =+IFERROR(HLOOKUP($F$8,[13]손익!$G$5:$AJ$65,17,),) -> 94407.923 | G36: =+'[7]3월'!$M$41 -> 31655.346 | I36: =+IFERROR(HLOOKUP($F$8,[8]월별!$E$2:$T$53,39,),) -> 54577.897 | K36: =+F36+[4]건자재!K36 -> 260339.6 | L36: =+G36+[4]건자재!L36 -> 148767.24 | N36: =+I36+[4]건자재!N36 -> 206204.07 | S36: 1월 | T36: 2월 | U36: 3월 | V36: 4월 | W36: 5월 | X36: 6월 | Y36: 7월 | Z36: 8월 | AA36: 9월 | AB36: 10월 | AC36: 11월 | AD36: 12월 | AE36: 1월 | AF36: 2월 | AG36: 3월
F37: =+F27=F36 -> TRUE | G37: =+G27=G36 -> TRUE | I37: =+I27=I36 -> TRUE | K37: =+K27=K36 -> FALSE | L37: =+L27=L36 -> FALSE | N37: =+N27=N36 -> FALSE | R37: 구분 | S37: 1월 | T37: 2월 | U37: 3월 | V37: 4월 | W37: 5월 | X37: 6월 | Y37: 7월 | Z37: =+Z36 -> 8월 | AA37: =+AA36 -> 9월 | AB37: =+AB36 -> 10월 | AC37: =+AC36 -> 11월 | AD37: =+AD36 -> 12월 | AE37: =+AE36 -> 1월 | AF37: =+AF36 -> 2월 | AG37: =+AG36 -> 3월
K38: =+K27-K36 -> -9.3132257e-10 | L38: =+L27-L36 -> 3.783498e-09 | N38: =+N27-N36 -> 3.7252903e-09 | R38: 판매단가 | S38: =+IFERROR(HLOOKUP(S$36,[8]월별!$E$2:$S$67,42,),) -> 1098907.9 | T38: =+IFERROR(HLOOKUP(T$36,[8]월별!$E$2:$S$67,42,),) -> 1027487 | U38: =+IFERROR(HLOOKUP(U$36,[8]월별!$E$2:$S$67,42,),) -> 1030973.4 | V38: =+IFERROR(HLOOKUP(V$36,[8]월별!$E$2:$S$67,42,),) -> 1048311.1 | W38: =+IFERROR(HLOOKUP(W$36,[8]월별!$E$2:$S$67,42,),) -> 1064717.6 | X38: =+IFERROR(HLOOKUP(X$36,[8]월별!$E$2:$S$67,42,),) -> 1043902.1 | Y38: =+IFERROR(HLOOKUP(Y$36,[8]월별!$E$2:$S$67,42,),) -> 1025254.3 | Z38: =+IFERROR(HLOOKUP(Z$36,[8]월별!$E$2:$S$67,42,),) -> 957693.64 | ... AD38: =+IFERROR(HLOOKUP(AD$36,[8]월별!$E$2:$S$67,42,),) -> 951341.43 | AE38: =+IFERROR(HLOOKUP(AE$36,[7]월별!$E$2:$S$67,42,),) -> 920730.85 | AF38: =+IFERROR(HLOOKUP(AF$36,[7]월별!$E$2:$S$67,42,),) -> 886130.89 | AG38: =+IFERROR(HLOOKUP(AG$36,[7]월별!$E$2:$S$67,42,),) -> 873530.52
R39: 마진률 | S39: =+IFERROR(HLOOKUP(S$36,[8]월별!$E$2:$S$67,43,),) -> 0.0192633 | T39: =+IFERROR(HLOOKUP(T$36,[8]월별!$E$2:$S$67,43,),) -> 0.020328431 | U39: =+IFERROR(HLOOKUP(U$36,[8]월별!$E$2:$S$67,43,),) -> 0.018159702 | V39: =+IFERROR(HLOOKUP(V$36,[8]월별!$E$2:$S$67,43,),) -> 0.02078312 | W39: =+IFERROR(HLOOKUP(W$36,[8]월별!$E$2:$S$67,43,),) -> 0.018530156 | X39: =+IFERROR(HLOOKUP(X$36,[8]월별!$E$2:$S$67,43,),) -> 0.023380889 | Y39: =+IFERROR(HLOOKUP(Y$36,[8]월별!$E$2:$S$67,43,),) -> 0.024066421 | Z39: =+IFERROR(HLOOKUP(Z$36,[8]월별!$E$2:$S$67,43,),) -> 0.027515512 | ... AG39: =+IFERROR(HLOOKUP(AG$36,[8]월별!$E$2:$S$67,43,),) -> 0.018159702

Sheet 골재사업소(당월)
A1: 3월
D4: □ 2024년 골재사업소 손익(2024-03)
AD5: [단위 : ㎥, 천원]
D6: 계획 | E6: 구분 | G6: 서부산 쇄석 | J6: 서부산 쇄사 | M6: 서부산 소계 | P6: 부산크라샤 쇄석 | S6: 부산크라샤 쇄사 | V6: 부산크라샤 소계 | Y6: 부산 모래 | AB6: 골재사업소 계
G7: 계획 | H7: 실적 | I7: 차이 | J7: 계획 | K7: 실적 | L7: 차이 | M7: 계획 | N7: 실적 | O7: 차이 | P7: 계획 | Q7: 실적 | R7: 차이 | S7: 계획 | T7: 실적 | U7: 차이 | V7: 계획 | W7: 실적 | X7: 차이 | Y7: 계획 | Z7: 실적 | AA7: 차이 | AB7: 계획 | AC7: 실적 | AD7: 차이
E8: 판매량 | F8: 자가이송 | G8: =+IFERROR(HLOOKUP($A$1,[14]손익요약!$G$5:$AL$106,3,),) -> 0 | H8: =+'[9]서부산크라샤(당월)'!$F$66 -> 14548 | I8: =H8-G8 -> 14548 | J8: =+IFERROR(HLOOKUP($A$1,[14]손익요약!$G$5:$AL$106,6,),) -> 0 | K8: =+'[9]서부산크라샤(당월)'!$I$66 -> 256 | L8: =K8-J8 -> 256 | M8: =+G8+J8 -> 0 | N8: =+H8+K8 -> 14804 | O8: =N8-M8 -> 14804 | P8: =+IFERROR(HLOOKUP($A$1,[15]손익요약!$G$5:$AL$106,3,),) -> 10355.137 | Q8: =+'[9]부산크라샤(당월)'!$F$66 -> 10278 | R8: =Q8-P8 -> -77.137028 | S8: =+IFERROR(HLOOKUP($A$1,[15]손익요약!$G$5:$AL$106,6,),) -> 9415.1908 | T8: =+'[9]부산크라샤(당월)'!$I$66 -> 14736 | U8: =T8-S8 -> 5320.8092 | V8: =+P8+S8 -> 19770.328 | W8: =+Q8+T8 -> 25014 | X8: =W8-V8 -> 5243.6722 | Y8: =+IFERROR(HLOOKUP($A$1,[16]손익계획!$G$5:$AX$449,3,),) -> 8876.6974 | Z8: =+'[9]부산모래장(당월)'!$R$48 -> 9832 | AA8: =Z8-Y8 -> 955.30257 | AB8: =+M8+V8+Y8 -> 28647.025 | AC8: =+N8+W8+Z8 -> 49650 | AD8: =AC8-AB8 -> 21002.975
F9: % | G9: =+G8/G$12 -> #DIV/0! | H9: =+H8/H$12 -> 0.753158 | I9: =+H9-G9 -> #DIV/0! | J9: =+J8/J$12 -> #DIV/0! | K9: =+K8/K$12 -> 0.11428571 | L9: =+K9-J9 -> #DIV/0! | M9: =+M8/M$12 -> #DIV/0! | N9: =+N8/N$12 -> 0.68676934 | O9: =+N9-M9 -> #DIV/0! | P9: =+P8/P$12 -> 0.63314279 | Q9: =+Q8/Q$12 -> 0.56231535 | R9: =+Q9-P9 -> -0.070827434 | S9: =+S8/S$12 -> 0.37045525 | T9: =+T8/T$12 -> 0.59381044 | U9: =+T9-S9 -> 0.2233552 | V9: =+V8/V$12 -> 0.47331033 | W9: =+W8/W$12 -> 0.58045204 | X9: =+W9-V9 -> 0.1071417 | Y9: =+Y8/Y$12 -> 0.59668468 | Z9: =+Z8/Z$12 -> 0.48486044 | AA9: =+Z9-Y9 -> -0.11182424 | AB9: =+AB8/AB$12 -> 0.50571103 | AC9: =+AC8/AC$12 -> 0.58461285 | AD9: =+AC9-AB9 -> 0.078901823
F10: 외부판매 | G10: =+IFERROR(HLOOKUP($A$1,[14]손익요약!$G$5:$AL$106,2,),) -> 0 | H10: =+'[9]서부산크라샤(당월)'!$F$59 -> 4768 | I10: =H10-G10 -> 4768 | J10: =+IFERROR(HLOOKUP($A$1,[14]손익요약!$G$5:$AL$106,5,),) -> 0 | K10: =+'[9]서부산크라샤(당월)'!$I$59 -> 1984 | L10: =K10-J10 -> 1984 | M10: =+G10+J10 -> 0 | N10: =+H10+K10 -> 6752 | O10: =N10-M10 -> 6752 | P10: =+IFERROR(HLOOKUP($A$1,[15]손익요약!$G$5:$AL$106,2,),) -> 6000 | Q10: =+'[9]부산크라샤(당월)'!$F$59 -> 8000 | R10: =Q10-P10 -> 2000 | S10: =+IFERROR(HLOOKUP($A$1,[15]손익요약!$G$5:$AL$106,5,),) -> 16000 | T10: =+'[9]부산크라샤(당월)'!$I$59 -> 10080 | U10: =T10-S10 -> -5920 | V10: =+P10+S10 -> 22000 | W10: =+Q10+T10 -> 18080 | X10: =W10-V10 -> -3920 | Y10: =+IFERROR(HLOOKUP($A$1,[16]손익계획!$G$5:$AX$449,2,),) -> 6000 | Z10: =+'[9]부산모래장(당월)'!$R$47 -> 10446 | AA10: =Z10-Y10 -> 4446 | AB10: =+M10+V10+Y10 -> 28000 | AC10: =+N10+W10+Z10 -> 35278 | AD10: =AC10-AB10 -> 7278
F11: % | G11: =+G10/G$12 -> #DIV/0! | H11: =+H10/H$12 -> 0.246842 | I11: =+H11-G11 -> #DIV/0! | J11: =+J10/J$12 -> #DIV/0! | K11: =+K10/K$12 -> 0.88571429 | L11: =+K11-J11 -> #DIV/0! | M11: =+M10/M$12 -> #DIV/0! | N11: =+N10/N$12 -> 0.31323066 | O11: =+N11-M11 -> #DIV/0! | P11: =+P10/P$12 -> 0.36685721 | Q11: =+Q10/Q$12 -> 0.43768465 | R11: =+Q11-P11 -> 0.070827434 | S11: =+S10/S$12 -> 0.62954475 | T11: =+T10/T$12 -> 0.40618956 | U11: =+T11-S11 -> -0.2233552 | V11: =+V10/V$12 -> 0.52668967 | W11: =+W10/W$12 -> 0.41954796 | X11: =+W11-V11 -> -0.1071417 | Y11: =+Y10/Y$12 -> 0.40331532 | Z11: =+Z10/Z$12 -> 0.51513956 | AA11: =+Z11-Y11 -> 0.11182424 | AB11: =+AB10/AB$12 -> 0.49428897 | AC11: =+AC10/AC$12 -> 0.41538715 | AD11: =+AC11-AB11 -> -0.078901823
F12: (소계) | G12: =G8+G10 -> 0 | H12: =H8+H10 -> 19316 | I12: =H12-G12 -> 19316 | J12: =J8+J10 -> 0 | K12: =K8+K10 -> 2240 | L12: =K12-J12 -> 2240 | M12: =M8+M10 -> 0 | N12: =N8+N10 -> 21556 | O12: =N12-M12 -> 21556 | P12: =P8+P10 -> 16355.137 | Q12: =Q8+Q10 -> 18278 | R12: =Q12-P12 -> 1922.863 | S12: =S8+S10 -> 25415.191 | T12: =T8+T10 -> 24816 | U12: =T12-S12 -> -599.19081 | V12: =V8+V10 -> 41770.328 | W12: =W8+W10 -> 43094 | X12: =W12-V12 -> 1323.6722 | Y12: =Y8+Y10 -> 14876.697 | Z12: =Z8+Z10 -> 20278 | AA12: =Z12-Y12 -> 5401.3026 | AB12: =AB8+AB10 -> 56647.025 | AC12: =AC8+AC10 -> 84928 | AD12: =AC12-AB12 -> 28280.975 | AF12: =+'사업장별(당월)'!J32*1000 -> 56647.025 | AG12: =+'사업장별(당월)'!K32*1000 -> 84928
E13: 매출액 | F13: 자가이송 | G13: =+IFERROR(HLOOKUP($A$1,[14]손익요약!$G$5:$AL$106,15,),) -> 0 | H13: =+'[9]서부산크라샤(당월)'!$F$72 -> 237044 | I13: =H13-G13 -> 237044 | J13: =+IFERROR(HLOOKUP($A$1,[14]손익요약!$G$5:$AL$106,18,),) -> 0 | K13: =+'[9]서부산크라샤(당월)'!$I$72 -> 2304 | L13: =K13-J13 -> 2304 | M13: =+G13+J13 -> 0 | N13: =+H13+K13 -> 239348 | O13: =N13-M13 -> 239348 | P13: =+IFERROR(HLOOKUP($A$1,[15]손익요약!$G$5:$AL$106,12,),) -> 165682.19 | Q13: =+'[9]부산크라샤(당월)'!$F$72 -> 179865 | R13: =Q13-P13 -> 14182.808 | S13: =+IFERROR(HLOOKUP($A$1,[15]손익요약!$G$5:$AL$106,15,),) -> 207773.75 | T13: =+'[9]부산크라샤(당월)'!$I$72 -> 321408 | U13: =T13-S13 -> 113634.25 | V13: =+P13+S13 -> 373455.94 | W13: =+Q13+T13 -> 501273 | X13: =W13-V13 -> 127817.06 | Y13: =+IFERROR(HLOOKUP($A$1,[16]손익계획!$G$5:$AX$449,6,),) -> 312361.53 | Z13: =+'[9]부산모래장(당월)'!$R$54 -> 316969.67 | AA13: =Z13-Y13 -> 4608.1449 | AB13: =+M13+V13+Y13 -> 685817.47 | AC13: =+N13+W13+Z13 -> 1057590.7 | AD13: =AC13-AB13 -> 371773.2 | AF13: =+AF12=AB12 -> TRUE | AG13: =+AG12=AC12 -> TRUE
F14: 단가 | G14: =+G13/G8*1000 -> #DIV/0! | H14: =+H13/H8*1000 -> 16293.924 | I14: =H14-G14 -> #DIV/0! | J14: =+J13/J8*1000 -> #DIV/0! | K14: =+K13/K8*1000 -> 9000 | L14: =K14-J14 -> #DIV/0! | M14: =+M13/M8*1000 -> #DIV/0! | N14: =+N13/N8*1000 -> 16167.792 | O14: =N14-M14 -> #DIV/0! | P14: =+P13/P8*1000 -> 16000 | Q14: =+Q13/Q8*1000 -> 17500 | R14: =Q14-P14 -> 1500 | S14: =+S13/S8*1000 -> 22067.928 | T14: =+T13/T8*1000 -> 21811.075 | U14: =T14-S14 -> -256.85276 | V14: =+V13/V8*1000 -> 18889.719 | W14: =+W13/W8*1000 -> 20039.698 | X14: =W14-V14 -> 1149.9785 | Y14: =+Y13/Y8*1000 -> 35188.935 | Z14: =+Z13/Z8*1000 -> 32238.575 | AA14: =Z14-Y14 -> -2950.3595 | AB14: =+AB13/AB8*1000 -> 23940.268 | AC14: =+AC13/AC8*1000 -> 21300.92 | AD14: =AC14-AB14 -> -2639.3484
F15: 외부판매 | G15: =+IFERROR(HLOOKUP($A$1,[14]손익요약!$G$5:$AL$106,14,),) -> 0 | H15: =+'[9]서부산크라샤(당월)'!$F$71 -> 54832 | I15: =H15-G15 -> 54832 | J15: =+IFERROR(HLOOKUP($A$1,[14]손익요약!$G$5:$AL$106,17,),) -> 0 | K15: =+'[9]서부산크라샤(당월)'!$I$71 -> 15904 | L15: =K15-J15 -> 15904 | M15: =+G15+J15 -> 0 | N15: =+H15+K15 -> 70736 | O15: =N15-M15 -> 70736 | P15: =+IFERROR(HLOOKUP($A$1,[15]손익요약!$G$5:$AL$106,11,),) -> 72000 | Q15: =+'[9]부산크라샤(당월)'!$F$71 -> 104000 | R15: =Q15-P15 -> 32000 | S15: =+IFERROR(HLOOKUP($A$1,[15]손익요약!$G$5:$AL$106,14,),) -> 304000 | T15: =+'[9]부산크라샤(당월)'!$I$71 -> 182496 | U15: =T15-S15 -> -121504 | V15: =+P15+S15 -> 376000 | W15: =+Q15+T15 -> 286496 | X15: =W15-V15 -> -89504 | Y15: =+IFERROR(HLOOKUP($A$1,[16]손익계획!$G$5:$AX$449,5,),) -> 210000 | Z15: =+'[9]부산모래장(당월)'!$R$53 -> 350180 | AA15: =Z15-Y15 -> 140180 | AB15: =+M15+V15+Y15 -> 586000 | AC15: =+N15+W15+Z15 -> 707412 | AD15: =AC15-AB15 -> 121412
F16: 단가 | G16: =IFERROR(G15/G10,)*1000 -> 0 | H16: =IFERROR(H15/H10,)*1000 -> 11500 | I16: =H16-G16 -> 11500 | J16: =IFERROR(J15/J10,)*1000 -> 0 | K16: =IFERROR(K15/K10,)*1000 -> 8016.129 | L16: =K16-J16 -> 8016.129 | M16: =IFERROR(M15/M10,)*1000 -> 0 | N16: =IFERROR(N15/N10,)*1000 -> 10476.303 | O16: =N16-M16 -> 10476.303 | P16: =IFERROR(P15/P10,)*1000 -> 12000 | Q16: =IFERROR(Q15/Q10,)*1000 -> 13000 | R16: =Q16-P16 -> 1000 | S16: =IFERROR(S15/S10,)*1000 -> 19000 | T16: =IFERROR(T15/T10,)*1000 -> 18104.762 | U16: =T16-S16 -> -895.2381 | V16: =IFERROR(V15/V10,)*1000 -> 17090.909 | W16: =IFERROR(W15/W10,)*1000 -> 15846.018 | X16: =W16-V16 -> -1244.8914 | Y16: =IFERROR(Y15/Y10,)*1000 -> 35000 | Z16: =IFERROR(Z15/Z10,)*1000 -> 33522.88 | AA16: =Z16-Y16 -> -1477.1204 | AB16: =IFERROR(AB15/AB10,)*1000 -> 20928.571 | AC16: =IFERROR(AC15/AC10,)*1000 -> 20052.497 | AD16: =AC16-AB16 -> -876.07412
F17: (소계) | G17: =G13+G15 -> 0 | H17: =H13+H15 -> 291876 | I17: =H17-G17 -> 291876 | J17: =J13+J15 -> 0 | K17: =K13+K15 -> 18208 | L17: =K17-J17 -> 18208 | M17: =M13+M15 -> 0 | N17: =N13+N15 -> 310084 | O17: =N17-M17 -> 310084 | P17: =P13+P15 -> 237682.19 | Q17: =Q13+Q15 -> 283865 | R17: =Q17-P17 -> 46182.808 | S17: =S13+S15 -> 511773.75 | T17: =T13+T15 -> 503904 | U17: =T17-S17 -> -7869.7499 | V17: =V13+V15 -> 749455.94 | W17: =W13+W15 -> 787769 | X17: =W17-V17 -> 38313.058 | Y17: =Y13+Y15 -> 522361.53 | Z17: =Z13+Z15 -> 667149.67 | AA17: =Z17-Y17 -> 144788.14 | AB17: =AB13+AB15 -> 1271817.5 | AC17: =AC13+AC15 -> 1765002.7 | AD17: =AC17-AB17 -> 493185.2 | AF17: =+'사업장별(당월)'!O32*1000 -> 1271817.5 | AG17: =+'사업장별(당월)'!P32*1000 -> 1765002.7
E18: 영업이익 | F18: 자가이송 | G18: =+IFERROR(HLOOKUP($A$1,[14]손익요약!$G$5:$AL$106,80,),)+[14]손익요약!$I$95 -> -92380.353 | H18: =+'[9]서부산크라샤(당월)'!$F$87 -> 46307.762 | I18: =H18-G18 -> 138688.11 | J18: =+IFERROR(HLOOKUP($A$1,[14]손익요약!$G$5:$AL$106,83,),) -> 0 | K18: =+'[9]서부산크라샤(당월)'!$I$87 -> 886.89368 | L18: =K18-J18 -> 886.89368 | M18: =+G18+J18 -> -92380.353 | N18: =+H18+K18 -> 47194.655 | O18: =N18-M18 -> 139575.01 | P18: =+IFERROR(HLOOKUP($A$1,[15]손익요약!$G$5:$U$95,57,),) -> -10972.994 | Q18: =+'[9]부산크라샤(당월)'!$F$87 -> 3995.3426 | R18: =Q18-P18 -> 14968.336 | S18: =+IFERROR(HLOOKUP($A$1,[15]손익요약!$G$5:$AL$106,60,),) -> 45589.855 | T18: =+'[9]부산크라샤(당월)'!$I$87 -> 66817.205 | U18: =T18-S18 -> 21227.35 | V18: =+P18+S18 -> 34616.861 | W18: =+Q18+T18 -> 70812.547 | X18: =W18-V18 -> 36195.686 | Y18: =+IFERROR(HLOOKUP($A$1,[16]손익계획!$G$5:$AX$449,25,),) -> 15207.398 | Z18: =+'[9]부산모래장(당월)'!$R$82 -> 32882.541 | AA18: =Z18-Y18 -> 17675.143 | AB18: =+M18+V18+Y18 -> -42556.094 | AC18: =+N18+W18+Z18 -> 150889.74 | AD18: =AC18-AB18 -> 193445.84 | AF18: =+AF17=AB17 -> TRUE | AG18: =+AG17=AC17 -> TRUE
F19: 외부판매 | G19: =+IFERROR(HLOOKUP($A$1,[14]손익요약!$G$5:$AL$106,79,),) -> 0 | H19: =+'[9]서부산크라샤(당월)'!$F$86 -> -6907.5181 | I19: =H19-G19 -> -6907.5181 | J19: =+IFERROR(HLOOKUP($A$1,[14]손익요약!$G$5:$AL$106,82,),) -> 0 | K19: =+'[9]서부산크라샤(당월)'!$I$86 -> 4987.4223 | L19: =K19-J19 -> 4987.4223 | M19: =+G19+J19 -> 0 | N19: =+H19+K19 -> -1920.0958 | O19: =N19-M19 -> -1920.0958 | P19: =+IFERROR(HLOOKUP($A$1,[15]손익요약!$G$5:$AL$106,56,),) -> -29701.031 | Q19: =+'[9]부산크라샤(당월)'!$F$86 -> -32055.563 | R19: =Q19-P19 -> -2354.5323 | S19: =+IFERROR(HLOOKUP($A$1,[15]손익요약!$G$5:$AL$106,59,),) -> 29731.396 | T19: =+'[9]부산크라샤(당월)'!$I$86 -> 9212.0364 | U19: =T19-S19 -> -20519.359 | V19: =+P19+S19 -> 30.364568 | W19: =+Q19+T19 -> -22843.527 | X19: =W19-V19 -> -22873.892 | Y19: =+IFERROR(HLOOKUP($A$1,[16]손익계획!$G$5:$AX$449,24,),) -> 8806.1141 | Z19: =+'[9]부산모래장(당월)'!$I$81-'[9]부산모래장(당월)'!$R$82 -> 29741.475 | AA19: =Z19-Y19 -> 20935.361 | AB19: =+M19+V19+Y19 -> 8836.4786 | AC19: =+N19+W19+Z19 -> 4977.8518 | AD19: =AC19-AB19 -> -3858.6269
F20: (소계) | G20: =G18+G19 -> -92380.353 | H20: =H18+H19 -> 39400.244 | I20: =H20-G20 -> 131780.6 | J20: =J18+J19 -> 0 | K20: =K18+K19 -> 5874.316 | L20: =K20-J20 -> 5874.316 | M20: =M18+M19 -> -92380.353 | N20: =N18+N19 -> 45274.56 | O20: =N20-M20 -> 137654.91 | P20: =P18+P19 -> -40674.025 | Q20: =Q18+Q19 -> -28060.221 | R20: =Q20-P20 -> 12613.804 | S20: =S18+S19 -> 75321.25 | T20: =T18+T19 -> 76029.241 | U20: =T20-S20 -> 707.99075 | V20: =V18+V19 -> 34647.226 | W20: =W18+W19 -> 47969.02 | X20: =W20-V20 -> 13321.795 | Y20: =Y18+Y19 -> 24013.512 | Z20: =Z18+Z19 -> 62624.016 | AA20: =Z20-Y20 -> 38610.504 | AB20: =AB18+AB19 -> -33719.615 | AC20: =AC18+AC19 -> 155867.6 | AD20: =AC20-AB20 -> 189587.21 | AF20: =+'사업장별(당월)'!T32*1000 -> -33719.615 | AG20: ='사업장별(당월)'!U32*1000 -> 155867.6
E21: 자가이송 | F21: 부산 | G21: =+IFERROR(HLOOKUP($A$1,[14]손익!$G$5:$AB$252,3,),) -> 0 | H21: =+'[9]서부산크라샤(당월)'!$F$60 -> 992 | I21: =H21-G21 -> 992 | J21: =+IFERROR(HLOOKUP($A$1,[14]손익!$G$5:$AB$252,12,),) -> 0 | K21: =+'[9]서부산크라샤(당월)'!$I$60 -> 0 | L21: =K21-J21 -> 0 | M21: =+G21+J21 -> 0 | N21: =+H21+K21 -> 992 | O21: =N21-M21 -> 992 | P21: =+IFERROR(HLOOKUP($A$1,[15]손익!$G$5:$AB$252,3,),) -> 10355.137 | Q21: =+'[9]부산크라샤(당월)'!$F$60 -> 10278 | R21: =Q21-P21 -> -77.137028 | S21: =+IFERROR(HLOOKUP($A$1,[15]손익!$G$5:$AB$252,12,),) -> 7221.2811 | T21: =+'[9]부산크라샤(당월)'!$I$60 -> 8000 | U21: =T21-S21 -> 778.71887 | V21: =+P21+S21 -> 17576.418 | W21: =+Q21+T21 -> 18278 | X21: =W21-V21 -> 701.58184 | Y21: =+IFERROR(HLOOKUP($A$1,[16]이송계획!$G$193:$U$216,16,),) -> 4076.9772 | Z21: =+'[9]부산모래장(당월)'!$R$64 -> 4600 | AA21: =Z21-Y21 -> 523.02285 | AB21: =+M21+V21+Y21 -> 21653.395 | AC21: =+N21+W21+Z21 -> 23870 | AD21: =AC21-AB21 -> 2216.6047 | AF21: =+AF20=AB20 -> TRUE | AG21: =+AG20=AC20 -> TRUE
E22: 물량 | F22: 서부산 | G22: =+IFERROR(HLOOKUP($A$1,[14]손익!$G$5:$AB$252,4,),) -> 0 | H22: =+'[9]서부산크라샤(당월)'!$F$61 -> 12500 | I22: =H22-G22 -> 12500 | J22: =+IFERROR(HLOOKUP($A$1,[14]손익!$G$5:$AB$252,13,),) -> 0 | K22: =+'[9]서부산크라샤(당월)'!$I$61 -> 0 | L22: =K22-J22 -> 0 | M22: =+G22+J22 -> 0 | N22: =+H22+K22 -> 12500 | O22: =N22-M22 -> 12500 | P22: =+IFERROR(HLOOKUP($A$1,[15]손익!$G$5:$AB$252,4,),) -> 0 | Q22: =+'[9]부산크라샤(당월)'!$F$61 -> 0 | R22: =Q22-P22 -> 0 | S22: =+IFERROR(HLOOKUP($A$1,[15]손익!$G$5:$AB$252,13,),) -> 2193.9097 | T22: =+'[9]부산크라샤(당월)'!$I$61 -> 5424 | U22: =T22-S22 -> 3230.0903 | V22: =+P22+S22 -> 2193.9097 | W22: =+Q22+T22 -> 5424 | X22: =W22-V22 -> 3230.0903 | Y22: =+IFERROR(HLOOKUP($A$1,[16]이송계획!$G$193:$U$216,17,),) -> 0 | Z22: =+'[9]부산모래장(당월)'!$R$65 -> 1616 | AA22: =Z22-Y22 -> 1616 | AB22: =+M22+V22+Y22 -> 2193.9097 | AC22: =+N22+W22+Z22 -> 19540 | AD22: =AC22-AB22 -> 17346.09 | AF22: =+AB20-AF20 -> 0 | AG22: =+AC20-AG20 -> 0
F23: 김해 | G23: =+IFERROR(HLOOKUP($A$1,[14]손익!$G$5:$AB$252,5,),) -> 0 | H23: =+'[9]서부산크라샤(당월)'!$F$62 -> 1056 | I23: =H23-G23 -> 1056 | J23: =+IFERROR(HLOOKUP($A$1,[14]손익!$G$5:$AB$252,14,),) -> 0 | K23: =+'[9]서부산크라샤(당월)'!$I$62 -> 0 | L23: =K23-J23 -> 0 | M23: =+G23+J23 -> 0 | N23: =+H23+K23 -> 1056 | O23: =N23-M23 -> 1056 | P23: =+IFERROR(HLOOKUP($A$1,[15]손익!$G$5:$AB$252,5,),) -> 0 | Q23: =+'[9]부산크라샤(당월)'!$F$62 -> 0 | R23: =Q23-P23 -> 0 | S23: =+IFERROR(HLOOKUP($A$1,[15]손익!$G$5:$AB$252,14,),) -> 0 | T23: =+'[9]부산크라샤(당월)'!$I$62 -> 0 | U23: =T23-S23 -> 0 | V23: =+P23+S23 -> 0 | W23: =+Q23+T23 -> 0 | X23: =W23-V23 -> 0 | Y23: =+IFERROR(HLOOKUP($A$1,[16]이송계획!$G$193:$U$216,18,),) -> 0 | Z23: =+'[9]부산모래장(당월)'!$V$64 -> 0 | AA23: =Z23-Y23 -> 0 | AB23: =+M23+V23+Y23 -> 0 | AC23: =+N23+W23+Z23 -> 1056 | AD23: =AC23-AB23 -> 1056
F24: 정관 | G24: =+IFERROR(HLOOKUP($A$1,[14]손익!$G$5:$AB$252,6,),) -> 0 | H24: =+'[9]서부산크라샤(당월)'!$F$63 -> 0 | I24: =H24-G24 -> 0 | J24: =+IFERROR(HLOOKUP($A$1,[14]손익!$G$5:$AB$252,15,),) -> 0 | K24: =+'[9]서부산크라샤(당월)'!$I$63 -> 0 | L24: =K24-J24 -> 0 | M24: =+G24+J24 -> 0 | N24: =+H24+K24 -> 0 | O24: =N24-M24 -> 0 | P24: =+IFERROR(HLOOKUP($A$1,[15]손익!$G$5:$AB$252,6,),) -> 0 | Q24: =+'[9]부산크라샤(당월)'!$F$63 -> 0 | R24: =Q24-P24 -> 0 | S24: =+IFERROR(HLOOKUP($A$1,[15]손익!$G$5:$AB$252,15,),) -> 0 | T24: =+'[9]부산크라샤(당월)'!$I$63 -> 1312 | U24: =T24-S24 -> 1312 | V24: =+P24+S24 -> 0 | W24: =+Q24+T24 -> 1312 | X24: =W24-V24 -> 1312 | Y24: =+IFERROR(HLOOKUP($A$1,[16]이송계획!$G$193:$U$216,19,),) -> 4168.951 | Z24: =+'[9]부산모래장(당월)'!$V$65 -> 0 | AA24: =Z24-Y24 -> -4168.951 | AB24: =+M24+V24+Y24 -> 4168.951 | AC24: =+N24+W24+Z24 -> 1312 | AD24: =AC24-AB24 -> -2856.951
F25: 양산 | G25: =+IFERROR(HLOOKUP($A$1,[14]손익!$G$5:$AB$252,7,),) -> 0 | H25: =+'[9]서부산크라샤(당월)'!$F$64 -> 0 | I25: =H25-G25 -> 0 | J25: =+IFERROR(HLOOKUP($A$1,[14]손익!$G$5:$AB$252,16,),) -> 0 | K25: =+'[9]서부산크라샤(당월)'!$I$64 -> 256 | L25: =K25-J25 -> 256 | M25: =+G25+J25 -> 0 | N25: =+H25+K25 -> 256 | O25: =N25-M25 -> 256 | P25: =+IFERROR(HLOOKUP($A$1,[15]손익!$G$5:$AB$252,7,),) -> 0 | Q25: =+'[9]부산크라샤(당월)'!$F$64 -> 0 | R25: =Q25-P25 -> 0 | S25: =+IFERROR(HLOOKUP($A$1,[15]손익!$G$5:$AB$252,16,),) -> 0 | T25: =+'[9]부산크라샤(당월)'!$I$64 -> 0 | U25: =T25-S25 -> 0 | V25: =+P25+S25 -> 0 | W25: =+Q25+T25 -> 0 | X25: =W25-V25 -> 0 | Y25: =+IFERROR(HLOOKUP($A$1,[16]이송계획!$G$193:$U$216,20,),) -> 630.76923 | Z25: =+'[9]부산모래장(당월)'!$R$66 -> 1088 | AA25: =Z25-Y25 -> 457.23077 | AB25: =+M25+V25+Y25 -> 630.76923 | AC25: =+N25+W25+Z25 -> 1344 | AD25: =AC25-AB25 -> 713.23077
F26: 창원 | G26: =+IFERROR(HLOOKUP($A$1,[14]손익!$G$5:$AB$252,8,),) -> 0 | H26: =+'[9]서부산크라샤(당월)'!$F$65 -> 0 | I26: =H26-G26 -> 0 | J26: =+IFERROR(HLOOKUP($A$1,[14]손익!$G$5:$AB$252,17,),) -> 0 | K26: =+'[9]서부산크라샤(당월)'!$I$65 -> 0 | L26: =K26-J26 -> 0 | M26: =+G26+J26 -> 0 | N26: =+H26+K26 -> 0 | O26: =N26-M26 -> 0 | P26: =+IFERROR(HLOOKUP($A$1,[15]손익!$G$5:$AB$252,8,),) -> 0 | Q26: =+'[9]부산크라샤(당월)'!$F$65 -> 0 | R26: =Q26-P26 -> 0 | S26: =+IFERROR(HLOOKUP($A$1,[15]손익!$G$5:$AB$252,17,),) -> 0 | T26: =+'[9]부산크라샤(당월)'!$I$65 -> 0 | U26: =T26-S26 -> 0 | V26: =+P26+S26 -> 0 | W26: =+Q26+T26 -> 0 | X26: =W26-V26 -> 0 | Y26: =+IFERROR(HLOOKUP($A$1,[16]이송계획!$G$193:$U$216,21,),) -> 0 | AA26: =Z26-Y26 -> 0 | AB26: =+M26+V26+Y26 -> 0 | AC26: =+N26+W26+Z26 -> 0 | AD26: =AC26-AB26 -> 0
E27: 자가이송 | F27: 부산 | G27: =+IFERROR(HLOOKUP($A$1,[14]손익!$G$5:$AB$252,31,),) -> 0 | H27: =IFERROR(H35/H21,)*1000 -> 12500 | I27: =H27-G27 -> 12500 | J27: =+IFERROR(HLOOKUP($A$1,[14]손익!$G$5:$AB$252,40,),) -> 0 | K27: =IFERROR(K35/K21,)*1000 -> 0 | L27: =K27-J27 -> 0 | M27: =+IFERROR(HLOOKUP($A$1,[14]손익!$G$5:$AB$252,48,),) -> 0 | N27: =IFERROR(N35/N21,)*1000 -> 12500 | O27: =N27-M27 -> 12500 | P27: =+IFERROR(HLOOKUP($A$1,[15]손익!$G$5:$AB$252,30,),) -> 16000 | Q27: =IFERROR(Q35/Q21,)*1000 -> 17500 | R27: =Q27-P27 -> 1500 | S27: =+IFERROR(HLOOKUP($A$1,[15]손익!$G$5:$AB$252,39,),) -> 23000 | T27: =IFERROR(T35/T21,)*1000 -> 23500 | U27: =T27-S27 -> 500 | V27: =+IFERROR(HLOOKUP($A$1,[15]손익!$G$5:$AB$252,48,),) -> 18875.954 | W27: =IFERROR(W35/W21,)*1000 -> 20126.108 | X27: =W27-V27 -> 1250.154 | Y27: =IFERROR(Y35/Y21,)*1000 -> 36000 | Z27: =IFERROR(Z35/Z21,)*1000 -> 33317 | AA27: =Z27-Y27 -> -2683 | AB27: =+AB35/AB21*1000 -> 22100.129 | AC27: =IFERROR(AC35/AC21,)*1000 -> 22351.202 | AD27: =AC27-AB27 -> 251.07306
E28: 단가 | F28: 서부산 | G28: =+IFERROR(HLOOKUP($A$1,[14]손익!$G$5:$AB$252,32,),) -> 0 | H28: =IFERROR(H36/H22,)*1000 -> 17000 | I28: =H28-G28 -> 17000 | J28: =+IFERROR(HLOOKUP($A$1,[14]손익!$G$5:$AB$252,41,),) -> 0 | K28: =IFERROR(K36/K22,)*1000 -> 0 | L28: =K28-J28 -> 0 | M28: =+IFERROR(HLOOKUP($A$1,[14]손익!$G$5:$AB$252,49,),) -> 0 | N28: =IFERROR(N36/N22,)*1000 -> 17000 | O28: =N28-M28 -> 17000 | P28: =+IFERROR(HLOOKUP($A$1,[15]손익!$G$5:$AB$252,31,),) -> 0 | Q28: =IFERROR(Q36/Q22,)*1000 -> 0 | R28: =Q28-P28 -> 0 | S28: =+IFERROR(HLOOKUP($A$1,[15]손익!$G$5:$AB$252,40,),) -> 19000 | T28: =IFERROR(T36/T22,)*1000 -> 20000 | U28: =T28-S28 -> 1000 | V28: =+IFERROR(HLOOKUP($A$1,[15]손익!$G$5:$AB$252,49,),) -> 19000 | W28: =IFERROR(W36/W22,)*1000 -> 20000 | X28: =W28-V28 -> 1000 | Y28: =IFERROR(Y36/Y22,)*1000 -> 0 | Z28: =IFERROR(Z36/Z22,)*1000 -> 28059 | AA28: =Z28-Y28 -> 28059 | AB28: =+AB36/AB22*1000 -> 19000 | AC28: =IFERROR(AC36/AC22,)*1000 -> 18747.356 | AD28: =AC28-AB28 -> -252.6436
F29: 김해 | G29: =+IFERROR(HLOOKUP($A$1,[14]손익!$G$5:$AB$252,33,),) -> 0 | H29: =IFERROR(H37/H23,)*1000 -> 11500 | I29: =H29-G29 -> 11500 | J29: =+IFERROR(HLOOKUP($A$1,[14]손익!$G$5:$AB$252,42,),) -> 0 | K29: =IFERROR(K37/K23,)*1000 -> 0 | L29: =K29-J29 -> 0 | M29: =+IFERROR(HLOOKUP($A$1,[14]손익!$G$5:$AB$252,50,),) -> 0 | N29: =IFERROR(N37/N23,)*1000 -> 11500 | O29: =N29-M29 -> 11500 | P29: =+IFERROR(HLOOKUP($A$1,[15]손익!$G$5:$AB$252,32,),) -> 0 | Q29: =IFERROR(Q37/Q23,)*1000 -> 0 | R29: =Q29-P29 -> 0 | S29: =+IFERROR(HLOOKUP($A$1,[15]손익!$G$5:$AB$252,41,),) -> 0 | T29: =IFERROR(T37/T23,)*1000 -> 0 | U29: =T29-S29 -> 0 | V29: =+IFERROR(HLOOKUP($A$1,[15]손익!$G$5:$AB$252,50,),) -> 0 | W29: =IFERROR(W37/W23,)*1000 -> 0 | X29: =W29-V29 -> 0 | Y29: =IFERROR(Y37/Y23,)*1000 -> 0 | Z29: =IFERROR(Z37/Z23,)*1000 -> 0 | AA29: =Z29-Y29 -> 0 | AB29: =+AB37/AB23*1000 -> #DIV/0! | AC29: =IFERROR(AC37/AC23,)*1000 -> 46136.727 | AD29: =AC29-AB29 -> #DIV/0!
F30: 정관 | G30: =+IFERROR(HLOOKUP($A$1,[14]손익!$G$5:$AB$252,34,),) -> 0 | H30: =IFERROR(H38/H24,)*1000 -> 0 | I30: =H30-G30 -> 0 | J30: =+IFERROR(HLOOKUP($A$1,[14]손익!$G$5:$AB$252,43,),) -> 0 | K30: =IFERROR(K38/K24,)*1000 -> 0 | L30: =K30-J30 -> 0 | M30: =+IFERROR(HLOOKUP($A$1,[14]손익!$G$5:$AB$252,51,),) -> 0 | N30: =IFERROR(N38/N24,)*1000 -> 0 | O30: =N30-M30 -> 0 | P30: =+IFERROR(HLOOKUP($A$1,[15]손익!$G$5:$AB$252,33,),) -> 0 | Q30: =IFERROR(Q38/Q24,)*1000 -> 0 | R30: =Q30-P30 -> 0 | S30: =+IFERROR(HLOOKUP($A$1,[15]손익!$G$5:$AB$252,42,),) -> 0 | T30: =IFERROR(T38/T24,)*1000 -> 19000 | U30: =T30-S30 -> 19000 | V30: =+IFERROR(HLOOKUP($A$1,[15]손익!$G$5:$AB$252,51,),) -> 0 | W30: =IFERROR(W38/W24,)*1000 -> 19000 | X30: =W30-V30 -> 19000 | Y30: =IFERROR(Y38/Y24,)*1000 -> 34500 | Z30: =IFERROR(Z38/Z24,)*1000 -> 0 | AA30: =Z30-Y30 -> -34500 | AB30: =+AB38/AB24*1000 -> 34500 | AC30: =IFERROR(AC38/AC24,)*1000 -> 79841.268 | AD30: =AC30-AB30 -> 45341.268
F31: 양산 | G31: =+IFERROR(HLOOKUP($A$1,[14]손익!$G$5:$AB$252,35,),) -> 0 | H31: =IFERROR(H39/H25,)*1000 -> 0 | I31: =H31-G31 -> 0 | J31: =+IFERROR(HLOOKUP($A$1,[14]손익!$G$5:$AB$252,44,),) -> 0 | K31: =IFERROR(K39/K25,)*1000 -> 9000 | L31: =K31-J31 -> 9000 | M31: =+IFERROR(HLOOKUP($A$1,[14]손익!$G$5:$AB$252,52,),) -> 0 | N31: =IFERROR(N39/N25,)*1000 -> 9000 | O31: =N31-M31 -> 9000 | P31: =+IFERROR(HLOOKUP($A$1,[15]손익!$G$5:$AB$252,34,),) -> 0 | Q31: =IFERROR(Q39/Q25,)*1000 -> 0 | R31: =Q31-P31 -> 0 | S31: =+IFERROR(HLOOKUP($A$1,[15]손익!$G$5:$AB$252,43,),) -> 0 | T31: =IFERROR(T39/T25,)*1000 -> 0 | U31: =T31-S31 -> 0 | V31: =+IFERROR(HLOOKUP($A$1,[15]손익!$G$5:$AB$252,52,),) -> 0 | W31: =IFERROR(W39/W25,)*1000 -> 0 | X31: =W31-V31 -> 0 | Y31: =IFERROR(Y39/Y25,)*1000 -> 34500 | Z31: =IFERROR(Z39/Z25,)*1000 -> 1808.8235 | AA31: =Z31-Y31 -> -32691.176 | AB31: =+AB39/AB25*1000 -> 34500 | AC31: =IFERROR(AC39/AC25,)*1000 -> 3178.5714 | AD31: =AC31-AB31 -> -31321.429
F32: 창원 | G32: =+IFERROR(HLOOKUP($A$1,[14]손익!$G$5:$AB$252,36,),) -> 0 | H32: =IFERROR(H40/H26,)*1000 -> 0 | I32: =H32-G32 -> 0 | J32: =+IFERROR(HLOOKUP($A$1,[14]손익!$G$5:$AB$252,45,),) -> 0 | K32: =IFERROR(K40/K26,)*1000 -> 0 | L32: =K32-J32 -> 0 | M32: =+IFERROR(HLOOKUP($A$1,[14]손익!$G$5:$AB$252,53,),) -> 0 | N32: =IFERROR(N40/N26,)*1000 -> 0 | O32: =N32-M32 -> 0 | P32: =+IFERROR(HLOOKUP($A$1,[15]손익!$G$5:$AB$252,35,),) -> 0 | Q32: =IFERROR(Q40/Q26,)*1000 -> 0 | R32: =Q32-P32 -> 0 | S32: =+IFERROR(HLOOKUP($A$1,[15]손익!$G$5:$AB$252,44,),) -> 0 | T32: =IFERROR(T40/T26,)*1000 -> 0 | U32: =T32-S32 -> 0 | V32: =+IFERROR(HLOOKUP($A$1,[15]손익!$G$5:$AB$252,53,),) -> 0 | W32: =IFERROR(W40/W26,)*1000 -> 0 | X32: =W32-V32 -> 0 | Y32: =IFERROR(Y40/Y26,)*1000 -> 0 | Z32: =IFERROR(Z40/Z26,)*1000 -> 0 | AA32: =Z32-Y32 -> 0 | AB32: =+AB40/AB26*1000 -> #DIV/0! | AC32: =IFERROR(AC40/AC26,)*1000 -> 0 | AD32: =AC32-AB32 -> #DIV/0!
E33: * 자가이송 운반비 : 부산 3,500 / 김해 3,500 / 정관 8,000 / 양산 5,000 / 창원 8,000
Z34: * 공통비
E35: 자가이송 | F35: 부산 | G35: =+IFERROR(HLOOKUP($A$1,[14]손익!$G$5:$AB$252,59,),) -> 0 | H35: =+IFERROR(VLOOKUP($F35,'[17]서부산(손익)'!$L$16:$R$29,4,),)/1000 -> 12400 | I35: =+H35-G35 -> 12400 | J35: =+IFERROR(HLOOKUP($A$1,[14]손익!$G$5:$AB$252,68,),) -> 0 | K35: =+IFERROR(VLOOKUP($F35,'[17]서부산(손익)'!$L$16:$R$29,3,),)/1000 -> 0 | L35: =+K35-J35 -> 0 | M35: =SUM(G35,J35) -> 0 | N35: =SUM(H35,K35) -> 12400 | O35: =+N35-M35 -> 12400 | P35: =+IFERROR(HLOOKUP($A$1,[15]손익!$G$5:$AB$252,57,),) -> 165682.19 | Q35: =+IFERROR(VLOOKUP($F35,'[17]부산크라샤(손익)'!$L$16:$R$29,3,),)/1000 -> 179865 | R35: =+Q35-P35 -> 14182.808 | S35: =+IFERROR(HLOOKUP($A$1,[15]손익!$G$5:$AB$252,66,),) -> 166089.47 | T35: =+IFERROR(VLOOKUP($F35,'[17]부산크라샤(손익)'!$L$16:$R$29,4,),)/1000 -> 188000 | U35: =+T35-S35 -> 21910.534 | V35: =SUM(P35,S35) -> 331771.66 | W35: =SUM(Q35,T35) -> 367865 | X35: =+W35-V35 -> 36093.342 | Y35: =+IFERROR(HLOOKUP($A$1,[16]이송계획!$G$70:$W$100,16,),)+IFERROR(HLOOKUP($A$1,[16]이송계획!$G$70:$W$100,23,),) -> 146771.18 | Z35: =+'[9]부산모래장(당월)'!R76 -> 153258.2 | AB35: =+M35+V35+Y35 -> 478542.84 | AC35: =+N35+W35+Z35 -> 533523.2 | AD35: =+AC35-AB35 -> 54980.364
E36: 매출액 | F36: 서부산 | G36: =+IFERROR(HLOOKUP($A$1,[14]손익!$G$5:$AB$252,60,),) -> 0 | H36: =+IFERROR(VLOOKUP($F36,'[17]서부산(손익)'!$L$16:$R$29,4,),)/1000 -> 212500 | I36: =+H36-G36 -> 212500 | J36: =+IFERROR(HLOOKUP($A$1,[14]손익!$G$5:$AB$252,69,),) -> 0 | K36: =+IFERROR(VLOOKUP($F36,'[17]서부산(손익)'!$L$16:$R$29,3,),)/1000 -> 0 | L36: =+K36-J36 -> 0 | M36: =SUM(G36,J36) -> 0 | N36: =SUM(H36,K36) -> 212500 | O36: =+N36-M36 -> 212500 | P36: =+IFERROR(HLOOKUP($A$1,[15]손익!$G$5:$AB$252,58,),) -> 0 | Q36: =+IFERROR(VLOOKUP($F36,'[17]부산크라샤(손익)'!$L$16:$R$29,3,),)/1000 -> 0 | R36: =+Q36-P36 -> 0 | S36: =+IFERROR(HLOOKUP($A$1,[15]손익!$G$5:$AB$252,67,),) -> 41684.284 | T36: =+IFERROR(VLOOKUP($F36,'[17]부산크라샤(손익)'!$L$16:$R$29,4,),)/1000 -> 108480 | U36: =+T36-S36 -> 66795.716 | V36: =SUM(P36,S36) -> 41684.284 | W36: =SUM(Q36,T36) -> 108480 | X36: =+W36-V36 -> 66795.716 | Y36: =+IFERROR(HLOOKUP($A$1,[16]이송계획!$G$70:$W$100,17,),)+IFERROR(HLOOKUP($A$1,[16]이송계획!$G$70:$W$100,24,),) -> 0 | Z36: =+'[9]부산모래장(당월)'!R77 -> 45343.344 | AB36: =+M36+V36+Y36 -> 41684.284 | AC36: =+N36+W36+Z36 -> 366323.34 | AD36: =+AC36-AB36 -> 324639.06
F37: 김해 | G37: =+IFERROR(HLOOKUP($A$1,[14]손익!$G$5:$AB$252,61,),) -> 0 | H37: =+IFERROR(VLOOKUP($F37,'[17]서부산(손익)'!$L$16:$R$29,4,),)/1000 -> 12144 | I37: =+H37-G37 -> 12144 | J37: =+IFERROR(HLOOKUP($A$1,[14]손익!$G$5:$AB$252,70,),) -> 0 | K37: =+IFERROR(VLOOKUP($F37,'[17]서부산(손익)'!$L$16:$R$29,3,),)/1000 -> 0 | L37: =+K37-J37 -> 0 | M37: =SUM(G37,J37) -> 0 | N37: =SUM(H37,K37) -> 12144 | O37: =+N37-M37 -> 12144 | P37: =+IFERROR(HLOOKUP($A$1,[15]손익!$G$5:$AB$252,59,),) -> 0 | Q37: =+IFERROR(VLOOKUP($F37,'[17]부산크라샤(손익)'!$L$16:$R$29,3,),)/1000 -> 0 | R37: =+Q37-P37 -> 0 | S37: =+IFERROR(HLOOKUP($A$1,[15]손익!$G$5:$AB$252,68,),) -> 0 | T37: =+IFERROR(VLOOKUP($F37,'[17]부산크라샤(손익)'!$L$16:$R$29,4,),)/1000 -> 0 | U37: =+T37-S37 -> 0 | V37: =SUM(P37,S37) -> 0 | W37: =SUM(Q37,T37) -> 0 | X37: =+W37-V37 -> 0 | Y37: =+IFERROR(HLOOKUP($A$1,[16]이송계획!$G$70:$W$100,18,),)+IFERROR(HLOOKUP($A$1,[16]이송계획!$G$70:$W$100,25,),) -> 0 | Z37: =+'[9]부산모래장(당월)'!R78 -> 36576.384 | AB37: =+M37+V37+Y37 -> 0 | AC37: =+N37+W37+Z37 -> 48720.384 | AD37: =+AC37-AB37 -> 48720.384
F38: 정관 | G38: =+IFERROR(HLOOKUP($A$1,[14]손익!$G$5:$AB$252,62,),) -> 0 | H38: =+IFERROR(VLOOKUP($F38,'[17]서부산(손익)'!$L$16:$R$29,4,),)/1000 -> 0 | I38: =+H38-G38 -> 0 | J38: =+IFERROR(HLOOKUP($A$1,[14]손익!$G$5:$AB$252,71,),) -> 0 | K38: =+IFERROR(VLOOKUP($F38,'[17]서부산(손익)'!$L$16:$R$29,3,),)/1000 -> 0 | L38: =+K38-J38 -> 0 | M38: =SUM(G38,J38) -> 0 | N38: =SUM(H38,K38) -> 0 | O38: =+N38-M38 -> 0 | P38: =+IFERROR(HLOOKUP($A$1,[15]손익!$G$5:$AB$252,60,),) -> 0 | Q38: =+IFERROR(VLOOKUP($F38,'[17]부산크라샤(손익)'!$L$16:$R$29,3,),)/1000 -> 0 | R38: =+Q38-P38 -> 0 | S38: =+IFERROR(HLOOKUP($A$1,[15]손익!$G$5:$AB$252,69,),) -> 0 | T38: =+IFERROR(VLOOKUP($F38,'[17]부산크라샤(손익)'!$L$16:$R$29,4,),)/1000 -> 24928 | U38: =+T38-S38 -> 24928 | V38: =SUM(P38,S38) -> 0 | W38: =SUM(Q38,T38) -> 24928 | X38: =+W38-V38 -> 24928 | Y38: =+IFERROR(HLOOKUP($A$1,[16]이송계획!$G$70:$W$100,19,),)+IFERROR(HLOOKUP($A$1,[16]이송계획!$G$70:$W$100,26,),) -> 143828.81 | Z38: =+'[9]부산모래장(당월)'!R79 -> 79823.744 | AB38: =+M38+V38+Y38 -> 143828.81 | AC38: =+N38+W38+Z38 -> 104751.74 | AD38: =+AC38-AB38 -> -39077.067
F39: 양산 | G39: =+IFERROR(HLOOKUP($A$1,[14]손익!$G$5:$AB$252,63,),) -> 0 | H39: =+IFERROR(VLOOKUP($F39,'[17]서부산(손익)'!$L$16:$R$29,4,),)/1000 -> 0 | I39: =+H39-G39 -> 0 | J39: =+IFERROR(HLOOKUP($A$1,[14]손익!$G$5:$AB$252,72,),) -> 0 | K39: =+IFERROR(VLOOKUP($F39,'[17]서부산(손익)'!$L$16:$R$29,3,),)/1000 -> 2304 | L39: =+K39-J39 -> 2304 | M39: =SUM(G39,J39) -> 0 | N39: =SUM(H39,K39) -> 2304 | O39: =+N39-M39 -> 2304 | P39: =+IFERROR(HLOOKUP($A$1,[15]손익!$G$5:$AB$252,61,),) -> 0 | Q39: =+IFERROR(VLOOKUP($F39,'[17]부산크라샤(손익)'!$L$16:$R$29,3,),)/1000 -> 0 | R39: =+Q39-P39 -> 0 | S39: =+IFERROR(HLOOKUP($A$1,[15]손익!$G$5:$AB$252,70,),) -> 0 | T39: =+IFERROR(VLOOKUP($F39,'[17]부산크라샤(손익)'!$L$16:$R$29,4,),)/1000 -> 0 | U39: =+T39-S39 -> 0 | V39: =SUM(P39,S39) -> 0 | W39: =SUM(Q39,T39) -> 0 | X39: =+W39-V39 -> 0 | Y39: =+IFERROR(HLOOKUP($A$1,[16]이송계획!$G$70:$W$100,20,),)+IFERROR(HLOOKUP($A$1,[16]이송계획!$G$70:$W$100,27,),) -> 21761.538 | Z39: =+'[9]부산모래장(당월)'!R80 -> 1968 | AB39: =+M39+V39+Y39 -> 21761.538 | AC39: =+N39+W39+Z39 -> 4272 | AD39: =+AC39-AB39 -> -17489.538
F40: 창원 | G40: =+IFERROR(HLOOKUP($A$1,[14]손익!$G$5:$AB$252,64,),) -> 0 | H40: =+IFERROR(VLOOKUP($F40,'[17]서부산(손익)'!$L$16:$R$29,4,),)/1000 -> 0 | I40: =+H40-G40 -> 0 | J40: =+IFERROR(HLOOKUP($A$1,[14]손익!$G$5:$AB$252,73,),) -> 0 | K40: =+IFERROR(VLOOKUP($F40,'[17]서부산(손익)'!$L$16:$R$29,3,),)/1000 -> 0 | L40: =+K40-J40 -> 0 | M40: =SUM(G40,J40) -> 0 | N40: =SUM(H40,K40) -> 0 | O40: =+N40-M40 -> 0 | P40: =+IFERROR(HLOOKUP($A$1,[15]손익!$G$5:$AB$252,62,),) -> 0 | Q40: =+IFERROR(VLOOKUP($F40,'[17]부산크라샤(손익)'!$L$16:$R$29,3,),)/1000 -> 0 | R40: =+Q40-P40 -> 0 | S40: =+IFERROR(HLOOKUP($A$1,[15]손익!$G$5:$AB$252,71,),) -> 0 | T40: =+IFERROR(VLOOKUP($F40,'[17]부산크라샤(손익)'!$L$16:$R$29,4,),)/1000 -> 0 | U40: =+T40-S40 -> 0 | V40: =SUM(P40,S40) -> 0 | W40: =SUM(Q40,T40) -> 0 | X40: =+W40-V40 -> 0 | Y40: =+IFERROR(HLOOKUP($A$1,[16]이송계획!$G$70:$W$100,21,),)+IFERROR(HLOOKUP($A$1,[16]이송계획!$G$70:$W$100,28,),) -> 0 | AB40: =+M40+V40+Y40 -> 0 | AC40: =+N40+W40+Z40 -> 0 | AD40: =+AC40-AB40 -> 0
F41: 계 | G41: =SUM(G35:G40) -> 0 | H41: =SUM(H35:H40) -> 237044 | I41: =+H41-G41 -> 237044 | J41: =SUM(J35:J40) -> 0 | K41: =SUM(K35:K40) -> 2304 | L41: =+K41-J41 -> 2304 | M41: =SUM(G41,J41) -> 0 | N41: =SUM(H41,K41) -> 239348 | O41: =+N41-M41 -> 239348 | P41: =SUM(P35:P40) -> 165682.19 | Q41: =SUM(Q35:Q40) -> 179865 | R41: =+Q41-P41 -> 14182.808 | S41: =SUM(S35:S40) -> 207773.75 | T41: =SUM(T35:T40) -> 321408 | U41: =+T41-S41 -> 113634.25 | V41: =SUM(P41,S41) -> 373455.94 | W41: =SUM(Q41,T41) -> 501273 | X41: =+W41-V41 -> 127817.06 | Y41: =SUM(Y35:Y40) -> 312361.53 | Z41: =SUM(Z35:Z40) -> 316969.67 | AB41: =+M41+V41+Y41 -> 685817.47 | AC41: =+N41+W41+Z41 -> 1057590.7 | AD41: =+AC41-AB41 -> 371773.2
G42: =+G41=G13 -> TRUE | H42: =+H41=H13 -> TRUE | J42: =+J41=J13 -> TRUE | K42: =+K41=K13 -> TRUE | M42: =+M41=M13 -> TRUE | N42: =+N41=N13 -> TRUE | P42: =+P41=P13 -> TRUE | Q42: =+Q41=Q13 -> TRUE | S42: =+S41=S13 -> TRUE | T42: =+T41=T13 -> TRUE | V42: =+V41=V13 -> TRUE | W42: =+W41=W13 -> TRUE | Y42: =+Y41=Y13 -> TRUE | Z42: =+Z41=Z13 -> TRUE | AB42: =+AB41=AB13 -> TRUE | AC42: =+AC41=AC13 -> TRUE

Sheet 골재사업소(누계)
A1: 3월
D4: □ 2024년 골재사업소 손익(2024-03누계)
AD5: [단위 : ㎥, 천원]
D6: 계획 | E6: 구분 | G6: 서부산 쇄석 | J6: 서부산 쇄사 | M6: 서부산 소계 | P6: 부산크라샤 쇄석 | S6: 부산크라샤 쇄사 | V6: 부산크라샤 소계 | Y6: 부산 모래 | AB6: 골재사업소 계
G7: 계획 | H7: 실적 | I7: 차이 | J7: 계획 | K7: 실적 | L7: 차이 | M7: 계획 | N7: 실적 | O7: 차이 | P7: 계획 | Q7: 실적 | R7: 차이 | S7: 계획 | T7: 실적 | U7: 차이 | V7: 계획 | W7: 실적 | X7: 차이 | Y7: 계획 | Z7: 실적 | AA7: 차이 | AB7: 계획 | AC7: 실적 | AD7: 차이
E8: 판매량 | F8: 자가이송 | G8: =+'골재사업소(당월)'!G8+'[4]골재사업소(누계)'!G8 -> 21758 | H8: =+'골재사업소(당월)'!H8+'[4]골재사업소(누계)'!H8 -> 38378 | I8: =H8-G8 -> 16620 | J8: =+'골재사업소(당월)'!J8+'[4]골재사업소(누계)'!J8 -> 1751.6 | K8: =+'골재사업소(당월)'!K8+'[4]골재사업소(누계)'!K8 -> 1664 | L8: =K8-J8 -> -87.6 | M8: =+G8+J8 -> 23509.6 | N8: =+H8+K8 -> 40042 | O8: =N8-M8 -> 16532.4 | P8: =+'골재사업소(당월)'!P8+'[4]골재사업소(누계)'!P8 -> 28988.047 | Q8: =+'골재사업소(당월)'!Q8+'[4]골재사업소(누계)'!Q8 -> 31094 | R8: =Q8-P8 -> 2105.9532 | S8: =+'골재사업소(당월)'!S8+'[4]골재사업소(누계)'!S8 -> 26108.964 | T8: =+'골재사업소(당월)'!T8+'[4]골재사업소(누계)'!T8 -> 36419 | U8: =T8-S8 -> 10310.036 | V8: =+P8+S8 -> 55097.011 | W8: =+Q8+T8 -> 67513 | X8: =W8-V8 -> 12415.989 | Y8: =+'골재사업소(당월)'!Y8+'[4]골재사업소(누계)'!Y8 -> 37031.466 | Z8: =+'골재사업소(당월)'!Z8+'[4]골재사업소(누계)'!Z8 -> 39553 | AA8: =Z8-Y8 -> 2521.5341 | AB8: =+M8+V8+Y8 -> 115638.08 | AC8: =+N8+W8+Z8 -> 147108 | AD8: =AC8-AB8 -> 31469.923
F9: % | G9: =+G8/G$12 -> 1 | H9: =+H8/H$12 -> 0.58594156 | I9: =+H9-G9 -> -0.41405844 | J9: =+J8/J$12 -> 1 | K9: =+K8/K$12 -> 0.23853211 | L9: =+K9-J9 -> -0.76146789 | M9: =+M8/M$12 -> 1 | N9: =+N8/N$12 -> 0.55250159 | O9: =+N9-M9 -> -0.44749841 | P9: =+P8/P$12 -> 0.61692385 | Q9: =+Q8/Q$12 -> 0.68419663 | R9: =+Q9-P9 -> 0.067272778 | S9: =+S8/S$12 -> 0.36207654 | T9: =+T8/T$12 -> 0.71845101 | U9: =+T9-S9 -> 0.35637447 | V9: =+V8/V$12 -> 0.46262295 | W9: =+W8/W$12 -> 0.70225824 | X9: =+W9-V9 -> 0.23963528 | Y9: =+Y8/Y$12 -> 0.64367325 | Z9: =+Z8/Z$12 -> 0.59832693 | AA9: =+Z9-Y9 -> -0.045346325 | AB9: =+AB8/AB$12 -> 0.57779149 | AC9: =+AC8/AC$12 -> 0.62674625 | AD9: =+AC9-AB9 -> 0.048954765
F10: 외부판매 | G10: =+'골재사업소(당월)'!G10+'[4]골재사업소(누계)'!G10 -> 0 | H10: =+'골재사업소(당월)'!H10+'[4]골재사업소(누계)'!H10 -> 27120 | I10: =H10-G10 -> 27120 | J10: =+'골재사업소(당월)'!J10+'[4]골재사업소(누계)'!J10 -> 0 | K10: =+'골재사업소(당월)'!K10+'[4]골재사업소(누계)'!K10 -> 5312 | L10: =K10-J10 -> 5312 | M10: =+G10+J10 -> 0 | N10: =+H10+K10 -> 32432 | O10: =N10-M10 -> 32432 | P10: =+'골재사업소(당월)'!P10+'[4]골재사업소(누계)'!P10 -> 18000 | Q10: =+'골재사업소(당월)'!Q10+'[4]골재사업소(누계)'!Q10 -> 14352 | R10: =Q10-P10 -> -3648 | S10: =+'골재사업소(당월)'!S10+'[4]골재사업소(누계)'!S10 -> 46000 | T10: =+'골재사업소(당월)'!T10+'[4]골재사업소(누계)'!T10 -> 14272 | U10: =T10-S10 -> -31728 | V10: =+P10+S10 -> 64000 | W10: =+Q10+T10 -> 28624 | X10: =W10-V10 -> -35376 | Y10: =+'골재사업소(당월)'!Y10+'[4]골재사업소(누계)'!Y10 -> 20500 | Z10: =+'골재사업소(당월)'!Z10+'[4]골재사업소(누계)'!Z10 -> 26553 | AA10: =Z10-Y10 -> 6053 | AB10: =+M10+V10+Y10 -> 84500 | AC10: =+N10+W10+Z10 -> 87609 | AD10: =AC10-AB10 -> 3109
F11: % | G11: =+G10/G$12 -> 0 | H11: =+H10/H$12 -> 0.41405844 | I11: =+H11-G11 -> 0.41405844 | J11: =+J10/J$12 -> 0 | K11: =+K10/K$12 -> 0.76146789 | L11: =+K11-J11 -> 0.76146789 | M11: =+M10/M$12 -> 0 | N11: =+N10/N$12 -> 0.44749841 | O11: =+N11-M11 -> 0.44749841 | P11: =+P10/P$12 -> 0.38307615 | Q11: =+Q10/Q$12 -> 0.31580337 | R11: =+Q11-P11 -> -0.067272778 | S11: =+S10/S$12 -> 0.63792346 | T11: =+T10/T$12 -> 0.28154899 | U11: =+T11-S11 -> -0.35637447 | V11: =+V10/V$12 -> 0.53737705 | W11: =+W10/W$12 -> 0.29774176 | X11: =+W11-V11 -> -0.23963528 | Y11: =+Y10/Y$12 -> 0.35632675 | Z11: =+Z10/Z$12 -> 0.40167307 | AA11: =+Z11-Y11 -> 0.045346325 | AB11: =+AB10/AB$12 -> 0.42220851 | AC11: =+AC10/AC$12 -> 0.37325375 | AD11: =+AC11-AB11 -> -0.048954765
F12: (소계) | G12: =G8+G10 -> 21758 | H12: =H8+H10 -> 65498 | I12: =H12-G12 -> 43740 | J12: =J8+J10 -> 1751.6 | K12: =K8+K10 -> 6976 | L12: =K12-J12 -> 5224.4 | M12: =M8+M10 -> 23509.6 | N12: =N8+N10 -> 72474 | O12: =N12-M12 -> 48964.4 | P12: =P8+P10 -> 46988.047 | Q12: =Q8+Q10 -> 45446 | R12: =Q12-P12 -> -1542.0468 | S12: =S8+S10 -> 72108.964 | T12: =T8+T10 -> 50691 | U12: =T12-S12 -> -21417.964 | V12: =V8+V10 -> 119097.01 | W12: =W8+W10 -> 96137 | X12: =W12-V12 -> -22960.011 | Y12: =Y8+Y10 -> 57531.466 | Z12: =Z8+Z10 -> 66106 | AA12: =Z12-Y12 -> 8574.5341 | AB12: =AB8+AB10 -> 200138.08 | AC12: =AC8+AC10 -> 234717 | AD12: =AC12-AB12 -> 34578.923 | AF12: =+'골재사업소(당월)'!AF12+'[4]골재사업소(누계)'!AF12 -> 200138.08 | AG12: =+'골재사업소(당월)'!AG12+'[4]골재사업소(누계)'!AG12 -> 234717
E13: 매출액 | F13: 자가이송 | G13: =+'골재사업소(당월)'!G13+'[4]골재사업소(누계)'!G13 -> 348128 | H13: =+'골재사업소(당월)'!H13+'[4]골재사업소(누계)'!H13 -> 623786 | I13: =H13-G13 -> 275658 | J13: =+'골재사업소(당월)'!J13+'[4]골재사업소(누계)'!J13 -> 18391.8 | K13: =+'골재사업소(당월)'!K13+'[4]골재사업소(누계)'!K13 -> 15936 | L13: =K13-J13 -> -2455.8 | M13: =+G13+J13 -> 366519.8 | N13: =+H13+K13 -> 639722 | O13: =N13-M13 -> 273202.2 | P13: =+'골재사업소(당월)'!P13+'[4]골재사업소(누계)'!P13 -> 463808.75 | Q13: =+'골재사업소(당월)'!Q13+'[4]골재사업소(누계)'!Q13 -> 543177 | R13: =Q13-P13 -> 79368.251 | S13: =+'골재사업소(당월)'!S13+'[4]골재사업소(누계)'!S13 -> 576530.94 | T13: =+'골재사업소(당월)'!T13+'[4]골재사업소(누계)'!T13 -> 804830.5 | U13: =T13-S13 -> 228299.56 | V13: =+P13+S13 -> 1040339.7 | W13: =+Q13+T13 -> 1348007.5 | X13: =W13-V13 -> 307667.81 | Y13: =+'골재사업소(당월)'!Y13+'[4]골재사업소(누계)'!Y13 -> 1134887.3 | Z13: =+'골재사업소(당월)'!Z13+'[4]골재사업소(누계)'!Z13 -> 1176937.7 | AA13: =Z13-Y13 -> 42050.359 | AB13: =+M13+V13+Y13 -> 2541746.8 | AC13: =+N13+W13+Z13 -> 3164667.2 | AD13: =AC13-AB13 -> 622920.37 | AF13: =+AF12=AB12 -> TRUE | AG13: =+AG12=AC12 -> TRUE
F14: 단가 | G14: =+G13/G8*1000 -> 16000 | H14: =+H13/H8*1000 -> 16253.739 | I14: =H14-G14 -> 253.73912 | J14: =+J13/J8*1000 -> 10500 | K14: =+K13/K8*1000 -> 9576.9231 | L14: =K14-J14 -> -923.07692 | M14: =+M13/M8*1000 -> 15590.218 | N14: =+N13/N8*1000 -> 15976.275 | O14: =N14-M14 -> 386.05645 | P14: =+P13/P8*1000 -> 16000 | Q14: =+Q13/Q8*1000 -> 17468.869 | R14: =Q14-P14 -> 1468.8686 | S14: =+S13/S8*1000 -> 22081.724 | T14: =+T13/T8*1000 -> 22099.193 | U14: =T14-S14 -> 17.468857 | V14: =+V13/V8*1000 -> 18881.962 | W14: =+W13/W8*1000 -> 19966.636 | X14: =W14-V14 -> 1084.6737 | Y14: =+Y13/Y8*1000 -> 30646.567 | Z14: =+Z13/Z8*1000 -> 29755.965 | AA14: =Z14-Y14 -> -890.60261 | AB14: =+AB13/AB8*1000 -> 21980.189 | AC14: =+AC13/AC8*1000 -> 21512.543 | AD14: =AC14-AB14 -> -467.64614
F15: 외부판매 | G15: =+'골재사업소(당월)'!G15+'[4]골재사업소(누계)'!G15 -> 0 | H15: =+'골재사업소(당월)'!H15+'[4]골재사업소(누계)'!H15 -> 319736 | I15: =H15-G15 -> 319736 | J15: =+'골재사업소(당월)'!J15+'[4]골재사업소(누계)'!J15 -> 0 | K15: =+'골재사업소(당월)'!K15+'[4]골재사업소(누계)'!K15 -> 42656 | L15: =K15-J15 -> 42656 | M15: =+G15+J15 -> 0 | N15: =+H15+K15 -> 362392 | O15: =N15-M15 -> 362392 | P15: =+'골재사업소(당월)'!P15+'[4]골재사업소(누계)'!P15 -> 216000 | Q15: =+'골재사업소(당월)'!Q15+'[4]골재사업소(누계)'!Q15 -> 186576 | R15: =Q15-P15 -> -29424 | S15: =+'골재사업소(당월)'!S15+'[4]골재사업소(누계)'!S15 -> 874000 | T15: =+'골재사업소(당월)'!T15+'[4]골재사업소(누계)'!T15 -> 262144 | U15: =T15-S15 -> -611856 | V15: =+P15+S15 -> 1090000 | W15: =+Q15+T15 -> 448720 | X15: =W15-V15 -> -641280 | Y15: =+'골재사업소(당월)'!Y15+'[4]골재사업소(누계)'!Y15 -> 642750 | Z15: =+'골재사업소(당월)'!Z15+'[4]골재사업소(누계)'!Z15 -> 805830 | AA15: =Z15-Y15 -> 163080 | AB15: =+M15+V15+Y15 -> 1732750 | AC15: =+N15+W15+Z15 -> 1616942 | AD15: =AC15-AB15 -> -115808
F16: 단가 | G16: =IFERROR(G15/G10,)*1000 -> 0 | H16: =IFERROR(H15/H10,)*1000 -> 11789.676 | I16: =H16-G16 -> 11789.676 | J16: =IFERROR(J15/J10,)*1000 -> 0 | K16: =IFERROR(K15/K10,)*1000 -> 8030.1205 | L16: =K16-J16 -> 8030.1205 | M16: =IFERROR(M15/M10,)*1000 -> 0 | N16: =IFERROR(N15/N10,)*1000 -> 11173.902 | O16: =N16-M16 -> 11173.902 | P16: =IFERROR(P15/P10,)*1000 -> 12000 | Q16: =IFERROR(Q15/Q10,)*1000 -> 13000 | R16: =Q16-P16 -> 1000 | S16: =IFERROR(S15/S10,)*1000 -> 19000 | T16: =IFERROR(T15/T10,)*1000 -> 18367.713 | U16: =T16-S16 -> -632.287 | V16: =IFERROR(V15/V10,)*1000 -> 17031.25 | W16: =IFERROR(W15/W10,)*1000 -> 15676.356 | X16: =W16-V16 -> -1354.8945 | Y16: =IFERROR(Y15/Y10,)*1000 -> 31353.659 | Z16: =IFERROR(Z15/Z10,)*1000 -> 30347.983 | AA16: =Z16-Y16 -> -1005.6753 | AB16: =IFERROR(AB15/AB10,)*1000 -> 20505.917 | AC16: =IFERROR(AC15/AC10,)*1000 -> 18456.346 | AD16: =AC16-AB16 -> -2049.5714
F17: (소계) | G17: =G13+G15 -> 348128 | H17: =H13+H15 -> 943522 | I17: =H17-G17 -> 595394 | J17: =J13+J15 -> 18391.8 | K17: =K13+K15 -> 58592 | L17: =K17-J17 -> 40200.2 | M17: =M13+M15 -> 366519.8 | N17: =N13+N15 -> 1002114 | O17: =N17-M17 -> 635594.2 | P17: =P13+P15 -> 679808.75 | Q17: =Q13+Q15 -> 729753 | R17: =Q17-P17 -> 49944.251 | S17: =S13+S15 -> 1450530.9 | T17: =T13+T15 -> 1066974.5 | U17: =T17-S17 -> -383556.44 | V17: =V13+V15 -> 2130339.7 | W17: =W13+W15 -> 1796727.5 | X17: =W17-V17 -> -333612.19 | Y17: =Y13+Y15 -> 1777637.3 | Z17: =Z13+Z15 -> 1982767.7 | AA17: =Z17-Y17 -> 205130.36 | AB17: =AB13+AB15 -> 4274496.8 | AC17: =AC13+AC15 -> 4781609.2 | AD17: =AC17-AB17 -> 507112.37 | AF17: =+'골재사업소(당월)'!AF17+'[4]골재사업소(누계)'!AF17 -> 4274496.8 | AG17: =+'골재사업소(당월)'!AG17+'[4]골재사업소(누계)'!AG17 -> 4781609.2
E18: 영업이익 | F18: 자가이송 | G18: =+'골재사업소(당월)'!G18+'[4]골재사업소(누계)'!G18 -> 49477.844 | H18: =+'골재사업소(당월)'!H18+'[4]골재사업소(누계)'!H18 -> 132783.08 | I18: =H18-G18 -> 83305.237 | J18: =+'골재사업소(당월)'!J18+'[4]골재사업소(누계)'!J18 -> 2033.3023 | K18: =+'골재사업소(당월)'!K18+'[4]골재사업소(누계)'!K18 -> 7912.6041 | L18: =K18-J18 -> 5879.3019 | M18: =+G18+J18 -> 51511.147 | N18: =+H18+K18 -> 140695.69 | O18: =N18-M18 -> 89184.539 | P18: =+'골재사업소(당월)'!P18+'[4]골재사업소(누계)'!P18 -> -58935.253 | Q18: =+'골재사업소(당월)'!Q18+'[4]골재사업소(누계)'!Q18 -> 367.96283 | R18: =Q18-P18 -> 59303.215 | S18: =+'골재사업소(당월)'!S18+'[4]골재사업소(누계)'!S18 -> 101825.28 | T18: =+'골재사업소(당월)'!T18+'[4]골재사업소(누계)'!T18 -> 174241.33 | U18: =T18-S18 -> 72416.044 | V18: =+P18+S18 -> 42890.031 | W18: =+Q18+T18 -> 174609.29 | X18: =W18-V18 -> 131719.26 | Y18: =+'골재사업소(당월)'!Y18+'[4]골재사업소(누계)'!Y18 -> 46389.008 | Z18: =+'골재사업소(당월)'!Z18+'[4]골재사업소(누계)'!Z18 -> 123025.38 | AA18: =Z18-Y18 -> 76636.374 | AB18: =+M18+V18+Y18 -> 140790.18 | AC18: =+N18+W18+Z18 -> 438330.36 | AD18: =AC18-AB18 -> 297540.17 | AF18: =+AF17=AB17 -> TRUE | AG18: =+AG17=AC17 -> TRUE
F19: 외부판매 | G19: =+'골재사업소(당월)'!G19+'[4]골재사업소(누계)'!G19 -> 0 | H19: =+'골재사업소(당월)'!H19+'[4]골재사업소(누계)'!H19 -> -19177.206 | I19: =H19-G19 -> -19177.206 | J19: =+'골재사업소(당월)'!J19+'[4]골재사업소(누계)'!J19 -> 0 | K19: =+'골재사업소(당월)'!K19+'[4]골재사업소(누계)'!K19 -> 15482.804 | L19: =K19-J19 -> 15482.804 | M19: =+G19+J19 -> 0 | N19: =+H19+K19 -> -3694.4018 | O19: =N19-M19 -> -3694.4018 | P19: =+'골재사업소(당월)'!P19+'[4]골재사업소(누계)'!P19 -> -106915.33 | Q19: =+'골재사업소(당월)'!Q19+'[4]골재사업소(누계)'!Q19 -> -62210.05 | R19: =Q19-P19 -> 44705.283 | S19: =+'골재사업소(당월)'!S19+'[4]골재사업소(누계)'!S19 -> 41536.572 | T19: =+'골재사업소(당월)'!T19+'[4]골재사업소(누계)'!T19 -> 15967.674 | U19: =T19-S19 -> -25568.898 | V19: =+P19+S19 -> -65378.761 | W19: =+Q19+T19 -> -46242.376 | X19: =W19-V19 -> 19136.385 | Y19: =+'골재사업소(당월)'!Y19+'[4]골재사업소(누계)'!Y19 -> 28574.477 | Z19: =+'골재사업소(당월)'!Z19+'[4]골재사업소(누계)'!Z19 -> 30727.113 | AA19: =Z19-Y19 -> 2152.6364 | AB19: =+M19+V19+Y19 -> -36804.285 | AC19: =+N19+W19+Z19 -> -19209.665 | AD19: =AC19-AB19 -> 17594.62
F20: (소계) | G20: =G18+G19 -> 49477.844 | H20: =H18+H19 -> 113605.88 | I20: =H20-G20 -> 64128.031 | J20: =J18+J19 -> 2033.3023 | K20: =K18+K19 -> 23395.408 | L20: =K20-J20 -> 21362.106 | M20: =M18+M19 -> 51511.147 | N20: =N18+N19 -> 137001.28 | O20: =N20-M20 -> 85490.137 | P20: =P18+P19 -> -165850.59 | Q20: =Q18+Q19 -> -61842.087 | R20: =Q20-P20 -> 104008.5 | S20: =S18+S19 -> 143361.85 | T20: =T18+T19 -> 190209 | U20: =T20-S20 -> 46847.146 | V20: =V18+V19 -> -22488.731 | W20: =W18+W19 -> 128366.91 | X20: =W20-V20 -> 150855.64 | Y20: =Y18+Y19 -> 74963.484 | Z20: =Z18+Z19 -> 153752.5 | AA20: =Z20-Y20 -> 78789.011 | AB20: =AB18+AB19 -> 103985.9 | AC20: =AC18+AC19 -> 419120.69 | AD20: =AC20-AB20 -> 315134.79 | AF20: =+'골재사업소(당월)'!AF20+'[4]골재사업소(누계)'!AF20 -> 103985.9 | AG20: =+'골재사업소(당월)'!AG20+'[4]골재사업소(누계)'!AG20 -> 419120.69
E21: 자가이송 | F21: 부산 | G21: =+'골재사업소(당월)'!G21+'[4]골재사업소(누계)'!G21 -> 0 | H21: =+'골재사업소(당월)'!H21+'[4]골재사업소(누계)'!H21 -> 2864 | I21: =H21-G21 -> 2864 | J21: =+'골재사업소(당월)'!J21+'[4]골재사업소(누계)'!J21 -> 0 | K21: =+'골재사업소(당월)'!K21+'[4]골재사업소(누계)'!K21 -> 0 | L21: =K21-J21 -> 0 | M21: =+G21+J21 -> 0 | N21: =+H21+K21 -> 2864 | O21: =N21-M21 -> 2864 | P21: =+'골재사업소(당월)'!P21+'[4]골재사업소(누계)'!P21 -> 28988.047 | Q21: =+'골재사업소(당월)'!Q21+'[4]골재사업소(누계)'!Q21 -> 30918 | R21: =Q21-P21 -> 1929.9532 | S21: =+'골재사업소(당월)'!S21+'[4]골재사업소(누계)'!S21 -> 20115.155 | T21: =+'골재사업소(당월)'!T21+'[4]골재사업소(누계)'!T21 -> 22323 | U21: =T21-S21 -> 2207.8453 | V21: =+P21+S21 -> 49103.202 | W21: =+Q21+T21 -> 53241 | X21: =W21-V21 -> 4137.7985 | Y21: =+'골재사업소(당월)'!Y21+'[4]골재사업소(누계)'!Y21 -> 11320.102 | Z21: =+'골재사업소(당월)'!Z21+'[4]골재사업소(누계)'!Z21 -> 13233 | AA21: =Z21-Y21 -> 1912.8977 | AB21: =+M21+V21+Y21 -> 60423.304 | AC21: =+N21+W21+Z21 -> 69338 | AD21: =AC21-AB21 -> 8914.6962 | AF21: =+AF20=AB20 -> TRUE | AG21: =+AG20=AC20 -> FALSE
E22: 물량 | F22: 서부산 | G22: =+'골재사업소(당월)'!G22+'[4]골재사업소(누계)'!G22 -> 21758 | H22: =+'골재사업소(당월)'!H22+'[4]골재사업소(누계)'!H22 -> 32650 | I22: =H22-G22 -> 10892 | J22: =+'골재사업소(당월)'!J22+'[4]골재사업소(누계)'!J22 -> 1751.6 | K22: =+'골재사업소(당월)'!K22+'[4]골재사업소(누계)'!K22 -> 640 | L22: =K22-J22 -> -1111.6 | M22: =+G22+J22 -> 23509.6 | N22: =+H22+K22 -> 33290 | O22: =N22-M22 -> 9780.4 | P22: =+'골재사업소(당월)'!P22+'[4]골재사업소(누계)'!P22 -> 0 | Q22: =+'골재사업소(당월)'!Q22+'[4]골재사업소(누계)'!Q22 -> 176 | R22: =Q22-P22 -> 176 | S22: =+'골재사업소(당월)'!S22+'[4]골재사업소(누계)'!S22 -> 5993.8097 | T22: =+'골재사업소(당월)'!T22+'[4]골재사업소(누계)'!T22 -> 12416 | U22: =T22-S22 -> 6422.1903 | V22: =+P22+S22 -> 5993.8097 | W22: =+Q22+T22 -> 12592 | X22: =W22-V22 -> 6598.1903 | Y22: =+'골재사업소(당월)'!Y22+'[4]골재사업소(누계)'!Y22 -> 6926.8252 | Z22: =+'골재사업소(당월)'!Z22+'[4]골재사업소(누계)'!Z22 -> 9200 | AA22: =Z22-Y22 -> 2273.1748 | AB22: =+M22+V22+Y22 -> 36430.235 | AC22: =+N22+W22+Z22 -> 55082 | AD22: =AC22-AB22 -> 18651.765 | AF22: =+AB20-AF20 -> 1.891749e-10 | AG22: =+AC20-AG20 -> 9.9998433e-06
F23: 김해 | G23: =+'골재사업소(당월)'!G23+'[4]골재사업소(누계)'!G23 -> 0 | H23: =+'골재사업소(당월)'!H23+'[4]골재사업소(누계)'!H23 -> 2704 | I23: =H23-G23 -> 2704 | J23: =+'골재사업소(당월)'!J23+'[4]골재사업소(누계)'!J23 -> 0 | K23: =+'골재사업소(당월)'!K23+'[4]골재사업소(누계)'!K23 -> 0 | L23: =K23-J23 -> 0 | M23: =+G23+J23 -> 0 | N23: =+H23+K23 -> 2704 | O23: =N23-M23 -> 2704 | P23: =+'골재사업소(당월)'!P23+'[4]골재사업소(누계)'!P23 -> 0 | Q23: =+'골재사업소(당월)'!Q23+'[4]골재사업소(누계)'!Q23 -> 0 | R23: =Q23-P23 -> 0 | S23: =+'골재사업소(당월)'!S23+'[4]골재사업소(누계)'!S23 -> 0 | T23: =+'골재사업소(당월)'!T23+'[4]골재사업소(누계)'!T23 -> 0 | U23: =T23-S23 -> 0 | V23: =+P23+S23 -> 0 | W23: =+Q23+T23 -> 0 | X23: =W23-V23 -> 0 | Y23: =+'골재사업소(당월)'!Y23+'[4]골재사업소(누계)'!Y23 -> 4118.8811 | Z23: =+'골재사업소(당월)'!Z23+'[4]골재사업소(누계)'!Z23 -> 0 | AA23: =Z23-Y23 -> -4118.8811 | AB23: =+M23+V23+Y23 -> 4118.8811 | AC23: =+N23+W23+Z23 -> 2704 | AD23: =AC23-AB23 -> -1414.8811
F24: 정관 | G24: =+'골재사업소(당월)'!G24+'[4]골재사업소(누계)'!G24 -> 0 | H24: =+'골재사업소(당월)'!H24+'[4]골재사업소(누계)'!H24 -> 0 | I24: =H24-G24 -> 0 | J24: =+'골재사업소(당월)'!J24+'[4]골재사업소(누계)'!J24 -> 0 | K24: =+'골재사업소(당월)'!K24+'[4]골재사업소(누계)'!K24 -> 0 | L24: =K24-J24 -> 0 | M24: =+G24+J24 -> 0 | N24: =+H24+K24 -> 0 | O24: =N24-M24 -> 0 | P24: =+'골재사업소(당월)'!P24+'[4]골재사업소(누계)'!P24 -> 0 | Q24: =+'골재사업소(당월)'!Q24+'[4]골재사업소(누계)'!Q24 -> 0 | R24: =Q24-P24 -> 0 | S24: =+'골재사업소(당월)'!S24+'[4]골재사업소(누계)'!S24 -> 0 | T24: =+'골재사업소(당월)'!T24+'[4]골재사업소(누계)'!T24 -> 1440 | U24: =T24-S24 -> 1440 | V24: =+P24+S24 -> 0 | W24: =+Q24+T24 -> 1440 | X24: =W24-V24 -> 1440 | Y24: =+'골재사업소(당월)'!Y24+'[4]골재사업소(누계)'!Y24 -> 12043.636 | Z24: =+'골재사업소(당월)'!Z24+'[4]골재사업소(누계)'!Z24 -> 0 | AA24: =Z24-Y24 -> -12043.636 | AB24: =+M24+V24+Y24 -> 12043.636 | AC24: =+N24+W24+Z24 -> 1440 | AD24: =AC24-AB24 -> -10603.636
F25: 양산 | G25: =+'골재사업소(당월)'!G25+'[4]골재사업소(누계)'!G25 -> 0 | H25: =+'골재사업소(당월)'!H25+'[4]골재사업소(누계)'!H25 -> 0 | I25: =H25-G25 -> 0 | J25: =+'골재사업소(당월)'!J25+'[4]골재사업소(누계)'!J25 -> 0 | K25: =+'골재사업소(당월)'!K25+'[4]골재사업소(누계)'!K25 -> 784 | L25: =K25-J25 -> 784 | M25: =+G25+J25 -> 0 | N25: =+H25+K25 -> 784 | O25: =N25-M25 -> 784 | P25: =+'골재사업소(당월)'!P25+'[4]골재사업소(누계)'!P25 -> 0 | Q25: =+'골재사업소(당월)'!Q25+'[4]골재사업소(누계)'!Q25 -> 0 | R25: =Q25-P25 -> 0 | S25: =+'골재사업소(당월)'!S25+'[4]골재사업소(누계)'!S25 -> 0 | T25: =+'골재사업소(당월)'!T25+'[4]골재사업소(누계)'!T25 -> 240 | U25: =T25-S25 -> 240 | V25: =+P25+S25 -> 0 | W25: =+Q25+T25 -> 240 | X25: =W25-V25 -> 240 | Y25: =+'골재사업소(당월)'!Y25+'[4]골재사업소(누계)'!Y25 -> 2622.021 | Z25: =+'골재사업소(당월)'!Z25+'[4]골재사업소(누계)'!Z25 -> 6256 | AA25: =Z25-Y25 -> 3633.979 | AB25: =+M25+V25+Y25 -> 2622.021 | AC25: =+N25+W25+Z25 -> 7280 | AD25: =AC25-AB25 -> 4657.979
F26: 창원 | G26: =+'골재사업소(당월)'!G26+'[4]골재사업소(누계)'!G26 -> 0 | H26: =+'골재사업소(당월)'!H26+'[4]골재사업소(누계)'!H26 -> 160 | I26: =H26-G26 -> 160 | J26: =+'골재사업소(당월)'!J26+'[4]골재사업소(누계)'!J26 -> 0 | K26: =+'골재사업소(당월)'!K26+'[4]골재사업소(누계)'!K26 -> 240 | L26: =K26-J26 -> 240 | M26: =+G26+J26 -> 0 | N26: =+H26+K26 -> 400 | O26: =N26-M26 -> 400 | P26: =+'골재사업소(당월)'!P26+'[4]골재사업소(누계)'!P26 -> 0 | Q26: =+'골재사업소(당월)'!Q26+'[4]골재사업소(누계)'!Q26 -> 0 | R26: =Q26-P26 -> 0 | S26: =+'골재사업소(당월)'!S26+'[4]골재사업소(누계)'!S26 -> 0 | T26: =+'골재사업소(당월)'!T26+'[4]골재사업소(누계)'!T26 -> 0 | U26: =T26-S26 -> 0 | V26: =+P26+S26 -> 0 | W26: =+Q26+T26 -> 0 | X26: =W26-V26 -> 0 | Y26: =+'골재사업소(당월)'!Y26+'[4]골재사업소(누계)'!Y26 -> 0 | Z26: =+'골재사업소(당월)'!Z26+'[4]골재사업소(누계)'!Z26 -> 0 | AA26: =Z26-Y26 -> 0 | AB26: =+M26+V26+Y26 -> 0 | AC26: =+N26+W26+Z26 -> 400 | AD26: =AC26-AB26 -> 400
E27: 자가이송 | F27: 부산 | G27: =IFERROR(G35/G21,)*1000 -> 0 | H27: =IFERROR(H35/H21,)*1000 -> 12500 | I27: =H27-G27 -> 12500 | J27: =IFERROR(J35/J21,)*1000 -> 0 | K27: =IFERROR(K35/K21,)*1000 -> 0 | L27: =K27-J27 -> 0 | M27: =+IFERROR(HLOOKUP($A$1,[14]손익!$G$5:$AB$252,48,),) -> 0 | N27: =IFERROR(N35/N21,)*1000 -> 12500 | O27: =N27-M27 -> 12500 | P27: =IFERROR(P35/P21,)*1000 -> 16000 | Q27: =IFERROR(Q35/Q21,)*1000 -> 17500 | R27: =Q27-P27 -> 1500 | S27: =IFERROR(S35/S21,)*1000 -> 23000 | T27: =IFERROR(T35/T21,)*1000 -> 23500 | U27: =T27-S27 -> 500 | V27: =+IFERROR(HLOOKUP($A$1,[15]손익!$G$5:$AB$252,48,),) -> 18875.954 | W27: =IFERROR(W35/W21,)*1000 -> 20015.693 | X27: =W27-V27 -> 1139.7389 | Y27: =IFERROR(Y35/Y21,)*1000 -> 33054.534 | Z27: =IFERROR(Z35/Z21,)*1000 -> 32457.81 | AA27: =Z27-Y27 -> -596.72357 | AB27: =+AB35/AB21*1000 -> 21525.437 | AC27: =IFERROR(AC35/AC21,)*1000 -> 22079.808 | AD27: =AC27-AB27 -> 554.37079
E28: 단가 | F28: 서부산 | G28: =IFERROR(G36/G22,)*1000 -> 16000 | H28: =IFERROR(H36/H22,)*1000 -> 17000 | I28: =H28-G28 -> 1000 | J28: =IFERROR(J36/J22,)*1000 -> 10500 | K28: =IFERROR(K36/K22,)*1000 -> 10500 | L28: =K28-J28 -> 0 | M28: =+IFERROR(HLOOKUP($A$1,[14]손익!$G$5:$AB$252,49,),) -> 0 | N28: =IFERROR(N36/N22,)*1000 -> 16875.038 | O28: =N28-M28 -> 16875.038 | P28: =IFERROR(P36/P22,)*1000 -> 0 | Q28: =IFERROR(Q36/Q22,)*1000 -> 12000 | R28: =Q28-P28 -> 12000 | S28: =IFERROR(S36/S22,)*1000 -> 19000 | T28: =IFERROR(T36/T22,)*1000 -> 20000 | U28: =T28-S28 -> 1000 | V28: =+IFERROR(HLOOKUP($A$1,[15]손익!$G$5:$AB$252,49,),) -> 19000 | W28: =IFERROR(W36/W22,)*1000 -> 19888.183 | X28: =W28-V28 -> 888.18297 | Y28: =IFERROR(Y36/Y22,)*1000 -> 28000 | Z28: =IFERROR(Z36/Z22,)*1000 -> 28010.363 | AA28: =Z28-Y28 -> 10.363478 | AB28: =+AB36/AB22*1000 -> 18510.814 | AC28: =IFERROR(AC36/AC22,)*1000 -> 19423.72 | AD28: =AC28-AB28 -> 912.90633
