Workbook

Sheet 표지
A6: 2024년 11월 마감 손익
A24: 건재사업본부

Sheet 손익총괄
C3: □ 건재사업본부 손익실적(2024-11) | Z3: □ 건재부문 실적(11월)
X4: [단위 : 천㎥, 톤, 원/㎥, 원/톤, 백만원] | AK4: (단위 : 천㎥, 천톤, 억원)
C5: 구분 | E5: 11월 | J5: 11월 누계 | P5: 11월 주요지표 | Z5: 구분 | AB5: =+E5 -> 11월 | AG5: =+J5 -> 11월 누계
A6: 2024년 11월 마감 손익 | E6: 계획 | F6: 실적 | G6: 계획대비 | H6: 전년 | I6: 전년대비 | J6: 계획 | K6: 실적 | L6: 계획대비 | M6: 전년 | N6: 전년대비 | AB6: =+E6 -> 계획 | AC6: =+F6 -> 실적 | AD6: =+G6 -> 계획대비 | AE6: =+H6 -> 전년 | AF6: =+I6 -> 전년대비 | AG6: =+J6 -> 계획 | AH6: =+K6 -> 실적 | AI6: =+L6 -> 계획대비 | ... AK6: =+N6 -> 전년대비
A7: =+F7/E7 -> 0.87708906 | B7: =+K7/J7 -> 0.97288614 | C7: 물량 | D7: 레미콘 | E7: =+'[1]11월'!$Z$7/1000 -> 320 | F7: =+'[2]11월'!$Z$7/1000 -> 280.6685 | G7: =+F7-E7 -> -39.3315 | H7: =+'[3]11월'!$Z$7/1000 -> 359.19918 | I7: =+F7-H7 -> -78.53068 | J7: =+[4]손익총괄!J7+E7 -> 3192.5 | K7: =+[4]손익총괄!K7+F7 -> 3105.939 | L7: =+K7-J7 -> -86.561 | M7: =+[4]손익총괄!M7+H7 -> 3559.7182 | N7: =+K7-M7 -> -453.77918 | Q7: □ 레미콘 | Z7: 물량 | AA7: =+D7 -> 레미콘 | AB7: =+E7 -> 320 | AC7: =+F7 -> 280.6685 | AD7: =+AC7-AB7 -> -39.3315 | AE7: =+H7 -> 359.19918 | AF7: =+AC7-AE7 -> -78.53068 | AG7: =+J7 -> 3192.5 | AH7: =+K7 -> 3105.939 | AI7: =+AH7-AG7 -> -86.561 | AJ7: =+M7 -> 3559.7182 | AK7: =+AH7-AJ7 -> -453.77918
D8: 철강재 | E8: =+'[1]11월'!$AA$7 -> 9200 | F8: =+'[2]11월'!$AO$7 -> 10221.802 | G8: =+F8-E8 -> 1021.802 | H8: =+'[3]11월'!$AO$7 -> 10109.273 | I8: =+F8-H8 -> 112.529 | J8: =+[4]손익총괄!J8+E8 -> 81400 | K8: =+[4]손익총괄!K8+F8 -> 97161.154 | L8: =+K8-J8 -> 15761.154 | M8: =+[4]손익총괄!M8+H8 -> 88735.037 | N8: =+K8-M8 -> 8426.117 | Q8: 구분 | S8: 계획 | T8: 실적 | U8: 계획대비 | V8: 전년 | W8: 전년대비 | AA8: =+D8 -> 철강재 | AB8: =+E8/1000 -> 9.2 | AC8: =+F8/1000 -> 10.221802 | AD8: =+AC8-AB8 -> 1.021802 | AE8: =+H8/1000 -> 10.109273 | AF8: =+AC8-AE8 -> 0.112529 | AG8: =+J8/1000 -> 81.4 | AH8: =+K8/1000 -> 97.161154 | AI8: =+AH8-AG8 -> 15.761154 | AJ8: =+M8/1000 -> 88.735037 | AK8: =+AH8-AJ8 -> 8.426117
D9: 골재 | E9: =+'[1]11월'!$AE$7/1000 -> 124.63455 | F9: =+'[2]11월'!$AN$7/1000 -> 66.126 | G9: =+F9-E9 -> -58.508547 | H9: =+'[3]11월'!$AN$7/1000 -> 105.474 | I9: =+F9-H9 -> -39.348 | J9: =+[4]손익총괄!J9+E9 -> 1105.0942 | K9: =+[4]손익총괄!K9+F9 -> 780.431 | L9: =+K9-J9 -> -324.66321 | M9: =+[4]손익총괄!M9+H9 -> 777.867 | N9: =+K9-M9 -> 2.564 | Q9: 물량 | R9: 수도권 | S9: =+[5]수도권!$T$5/1000 -> 121.5 | T9: =+[5]수도권!$U$5/1000 -> 107.646 | U9: =+T9-S9 -> -13.854 | V9: =+[6]수도권!$T$5/1000 -> 139.27168 | W9: =+T9-V9 -> -31.62568 | AA9: =+D9 -> 골재 | AB9: =+E9 -> 124.63455 | AC9: =+F9 -> 66.126 | AD9: =+AC9-AB9 -> -58.508547 | AE9: =+H9 -> 105.474 | AF9: =+AC9-AE9 -> -39.348 | AG9: =+J9 -> 1105.0942 | AH9: =+K9 -> 780.431 | AI9: =+AH9-AG9 -> -324.66321 | AJ9: =+M9 -> 777.867 | AK9: =+AH9-AJ9 -> 2.564
C10: 매출 | D10: 레미콘 | E10: =+'[1]11월'!$Z$8/1000 -> 32971.103 | F10: =+'[2]11월'!$Z$8/1000 -> 28069.669 | G10: =+F10-E10 -> -4901.4338 | H10: =+'[3]11월'!$Z$8/1000 -> 34627.748 | I10: =+F10-H10 -> -6558.0792 | J10: =+[4]손익총괄!J10+E10 -> 325751.35 | K10: =+[4]손익총괄!K10+F10 -> 312392.53 | L10: =+K10-J10 -> -13358.821 | M10: =+[4]손익총괄!M10+H10 -> 343943.94 | N10: =+K10-M10 -> -31551.413 | R10: 영남권 | S10: =+[5]영남권!$T$5/1000 -> 139.5 | T10: =+[5]영남권!$U$5/1000 -> 121.551 | U10: =+T10-S10 -> -17.949 | V10: =+[6]영남권!$T$5/1000 -> 155.159 | W10: =+T10-V10 -> -33.608 | Z10: 매출액 | AA10: =+D10 -> 레미콘 | AB10: =+E10/100 -> 329.71103 | AC10: =+F10/100 -> 280.69669 | AD10: =+AC10-AB10 -> -49.014338 | AE10: =+H10/100 -> 346.27748 | AF10: =+AC10-AE10 -> -65.580792 | AG10: =+J10/100 -> 3257.5135 | AH10: =+K10/100 -> 3123.9253 | AI10: =+AH10-AG10 -> -133.58821 | AJ10: =+M10/100 -> 3439.4394 | AK10: =+AH10-AJ10 -> -315.51413
D11: 건자재 | E11: =+'[1]11월'!$AA$8/1000 -> 11242.202 | F11: =+'[2]11월'!$AO$8/1000 -> 9942.869 | G11: =+F11-E11 -> -1299.3331 | H11: =+'[3]11월'!$AO$8/1000 -> 12404.88 | I11: =+F11-H11 -> -2462.0112 | J11: =+[4]손익총괄!J11+E11 -> 99529.162 | K11: =+[4]손익총괄!K11+F11 -> 96553.945 | L11: =+K11-J11 -> -2975.2168 | M11: =+[4]손익총괄!M11+H11 -> 108745.62 | N11: =+K11-M11 -> -12191.679 | R11: 중부권 | S11: =+[5]중부권!$T$5/1000 -> 59 | T11: =+[5]중부권!$U$5/1000 -> 51.4715 | U11: =+T11-S11 -> -7.5285 | V11: =+[6]중부권!$T$5/1000 -> 64.7685 | W11: =+T11-V11 -> -13.297 | AA11: =+D11 -> 건자재 | AB11: =+E11/100 -> 112.42202 | AC11: =+F11/100 -> 99.42869 | AD11: =+AC11-AB11 -> -12.993331 | AE11: =+H11/100 -> 124.0488 | AF11: =+AC11-AE11 -> -24.620112 | AG11: =+J11/100 -> 995.29162 | AH11: =+K11/100 -> 965.53945 | AI11: =+AH11-AG11 -> -29.752168 | AJ11: =+M11/100 -> 1087.4562 | AK11: =+AH11-AJ11 -> -121.91679
D12: 골재 | E12: =+'[1]11월'!$AE$8/1000 -> 2273.0709 | F12: =+'[2]11월'!$AN$8/1000 -> 1414.0255 | G12: =+F12-E12 -> -859.04544 | H12: =+'[3]11월'!$AN$8/1000 -> 2014.7305 | I12: =+F12-H12 -> -600.705 | J12: =+[4]손익총괄!J12+E12 -> 20875.566 | K12: =+[4]손익총괄!K12+F12 -> 15789.63 | L12: =+K12-J12 -> -5085.9362 | M12: =+[4]손익총괄!M12+H12 -> 14872.953 | N12: =+K12-M12 -> 916.67618 | Q12: 계 | S12: =SUM(S9:S11) -> 320 | T12: =SUM(T9:T11) -> 280.6685 | U12: =+T12-S12 -> -39.3315 | V12: =SUM(V9:V11) -> 359.19918 | W12: =+T12-V12 -> -78.53068 | AA12: =+D12 -> 골재 | AB12: =+E12/100 -> 22.730709 | AC12: =+F12/100 -> 14.140255 | AD12: =+AC12-AB12 -> -8.5904544 | AE12: =+H12/100 -> 20.147305 | AF12: =+AC12-AE12 -> -6.00705 | AG12: =+J12/100 -> 208.75566 | AH12: =+K12/100 -> 157.8963 | AI12: =+AH12-AG12 -> -50.859362 | AJ12: =+M12/100 -> 148.72953 | AK12: =+AH12-AJ12 -> 9.1667618
D13: 기타 | E13: =+'[1]11월'!$E$8/1000-E10-E11-E12 -> 164.9075 | F13: =+'[2]11월'!$F$8/1000-F10-F11-F12 -> 165.32457 | G13: =+F13-E13 -> 0.41706767 | H13: =+'[3]11월'!$F$8/1000-H10-H11-H12 -> 186.35542 | I13: =+F13-H13 -> -21.030851 | J13: =+[4]손익총괄!J13+E13 -> 1814.5825 | K13: =+[4]손익총괄!K13+F13 -> 1821.6955 | L13: =+K13-J13 -> 7.1130263 | M13: =+[4]손익총괄!M13+H13 -> 2141.8557 | N13: =+K13-M13 -> -320.16012 | Q13: 판매단가 | R13: 수도권 | S13: =+[5]수도권!$T$61 -> 102195.91 | T13: =+[5]수도권!$U$61 -> 97363.141 | U13: =+T13-S13 -> -4832.77 | V13: =+[6]수도권!$Q$85 -> 94344.989 | W13: =+T13-V13 -> 3018.1523 | AA13: =+D13 -> 기타 | AB13: =+E13/100 -> 1.649075 | AC13: =+F13/100 -> 1.6532457 | AD13: =+AC13-AB13 -> 0.0041706767 | AE13: =+H13/100 -> 1.8635542 | AF13: =+AC13-AE13 -> -0.21030851 | AG13: =+J13/100 -> 18.145825 | AH13: =+K13/100 -> 18.216955 | AI13: =+AH13-AG13 -> 0.071130263 | AJ13: =+M13/100 -> 21.418557 | AK13: =+AH13-AJ13 -> -3.2016012
A14: =+F14/E14 -> 0.84867736 | B14: =+K14/J14 -> 0.95220031 | C14: 계 | E14: =SUM(E10:E13) -> 46651.284 | F14: =SUM(F10:F13) -> 39591.888 | G14: =+F14-E14 -> -7059.3953 | H14: =SUM(H10:H13) -> 49233.714 | I14: =+F14-H14 -> -9641.8262 | J14: =SUM(J10:J13) -> 447970.66 | K14: =SUM(K10:K13) -> 426557.8 | L14: =+K14-J14 -> -21412.861 | M14: =SUM(M10:M13) -> 469704.38 | N14: =+K14-M14 -> -43146.576 | R14: 영남권 | S14: =+[5]영남권!$T$61 -> 102613.81 | T14: =+[5]영남권!$U$61 -> 100718.16 | U14: =+T14-S14 -> -1895.651 | V14: =+[6]영남권!$Q$85 -> 97198.734 | W14: =+T14-V14 -> 3519.425 | AA14: 계 | AB14: =SUM(AB10:AB13) -> 466.51284 | AC14: =SUM(AC10:AC13) -> 395.91888 | AD14: =+AC14-AB14 -> -70.593953 | AE14: =SUM(AE10:AE13) -> 492.33714 | AF14: =+AC14-AE14 -> -96.418262 | AG14: =SUM(AG10:AG13) -> 4479.7066 | AH14: =SUM(AH10:AH13) -> 4265.578 | AI14: =+AH14-AG14 -> -214.12861 | AJ14: =SUM(AJ10:AJ13) -> 4697.0438 | AK14: =+AH14-AJ14 -> -431.46576
C15: 매출원가 | D15: 레미콘 | E15: =+('[1]11월'!$Z$10+'[1]11월'!$Z$19)/1000 -> 27072.089 | F15: =+('[2]11월'!$Z$10+'[2]11월'!$Z$19)/1000 -> 25171.805 | G15: =+F15-E15 -> -1900.2838 | H15: =+('[3]11월'!$Z$10+'[3]11월'!$Z$19)/1000 -> 30176.667 | I15: =+F15-H15 -> -5004.8622 | J15: =+[4]손익총괄!J15+E15 -> 271161.95 | K15: =+[4]손익총괄!K15+F15 -> 272340.29 | L15: =+K15-J15 -> 1178.3387 | M15: =+[4]손익총괄!M15+H15 -> 284970.04 | N15: =+K15-M15 -> -12629.75 | R15: 중부권 | S15: =+[5]중부권!$T$61 -> 105757.17 | T15: =+[5]중부권!$U$61 -> 103847.09 | U15: =+T15-S15 -> -1910.0887 | V15: =+[6]중부권!$Q$85 -> 98678.013 | W15: =+T15-V15 -> 5169.0731 | Z15: 영업이익 | AA15: =+D30 -> 레미콘 | AB15: =+E30/100 -> 52.63218 | AC15: =+F30/100 -> 21.959234 | AD15: =+AC15-AB15 -> -30.672946 | AE15: =+H30/100 -> 37.428734 | AF15: =+AC15-AE15 -> -15.4695 | AG15: =+J30/100 -> 473.29443 | AH15: =+K30/100 -> 324.6906 | AI15: =+AH15-AG15 -> -148.60383 | AJ15: =+M30/100 -> 515.43263 | AK15: =+AH15-AJ15 -> -190.74202
D16: 건자재 | E16: =+('[1]11월'!$AA$10+'[1]11월'!$AA$19)/1000 -> 10954.963 | F16: =+('[2]11월'!$AO$10+'[2]11월'!$AO$19)/1000 -> 9692.7755 | G16: =+F16-E16 -> -1262.1872 | H16: =+('[3]11월'!$AO$10+'[3]11월'!$AO$19)/1000 -> 12188.791 | I16: =+F16-H16 -> -2496.0153 | J16: =+[4]손익총괄!J16+E16 -> 96983.428 | K16: =+[4]손익총괄!K16+F16 -> 94392.929 | L16: =+K16-J16 -> -2590.4993 | M16: =+[4]손익총괄!M16+H16 -> 106558.77 | N16: =+K16-M16 -> -12165.841 | Q16: 계 | S16: =+[5]합계!$T$61 -> 103034.7 | T16: =+[5]합계!$U$61 -> 100000.5 | U16: =+T16-S16 -> -3034.1988 | V16: =+[6]합계!$Q$85 -> 96359.434 | W16: =+T16-V16 -> 3641.0641 | AA16: =+D31 -> % | AB16: =+E31 -> 0.15963124 | AC16: =+F31 -> 0.078231182 | AD16: =+AC16-AB16 -> -0.081400056 | AE16: =+H31 -> 0.10808885 | AF16: =+AC16-AE16 -> -0.029857665 | AG16: =+J31 -> 0.14529316 | AH16: =+K31 -> 0.10393674 | AI16: =+AH16-AG16 -> -0.041356424 | AJ16: =+M31 -> 0.14985949 | AK16: =+AH16-AJ16 -> -0.045922749
D17: 골재 | E17: =+('[1]11월'!$AE$10+'[1]11월'!$AE$19)/1000 -> 1978.6362 | F17: =+('[2]11월'!$AN$10+'[2]11월'!$AN$19)/1000 -> 1633.277 | G17: =+F17-E17 -> -345.35923 | H17: =+('[3]11월'!$AN$10+'[3]11월'!$AN$19)/1000 -> 1876.9573 | I17: =+F17-H17 -> -243.68036 | J17: =+[4]손익총괄!J17+E17 -> 18486.773 | K17: =+[4]손익총괄!K17+F17 -> 15409.91 | L17: =+K17-J17 -> -3076.8633 | M17: =+[4]손익총괄!M17+H17 -> 13679.935 | N17: =+K17-M17 -> 1729.9745 | Q17: 공헌이익 | R17: 수도권 | S17: =+[5]수도권!$Q$90 -> 22997.9 | T17: =+[5]수도권!$R$90 -> 14160.07 | U17: =+T17-S17 -> -8837.8297 | V17: =+[6]수도권!$Q$90 -> 13522.243 | W17: =+T17-V17 -> 637.82733 | AA17: =+D32 -> 건자재 | AB17: =+E32/100 -> 1.6573533 | AC17: =+F32/100 -> 1.1835665 | AD17: =+AC17-AB17 -> -0.4737868 | AE17: =+H32/100 -> 0.98190129 | AF17: =+AC17-AE17 -> 0.2016652 | AG17: =+J32/100 -> 11.613904 | AH17: =+K32/100 -> 6.0186035 | AI17: =+AH17-AG17 -> -5.5953008 | AJ17: =+M32/100 -> 8.6828041 | AK17: =+AH17-AJ17 -> -2.6642006
D18: 기타 | E18: =+('[1]11월'!$E$10+'[1]11월'!$E$19)/1000-E15-E16-E17 -> 65.289347 | F18: =+('[2]11월'!$F$10+'[2]11월'!$F$19)/1000-F15-F16-F17 -> -208.79434 | G18: =+F18-E18 -> -274.08369 | H18: =+('[3]11월'!$F$10+'[3]11월'!$F$19)/1000-H15-H16-H17 -> 28.582473 | I18: =+F18-H18 -> -237.37681 | J18: =+[4]손익총괄!J18+E18 -> -669.93587 | K18: =+[4]손익총괄!K18+F18 -> -538.6119 | L18: =+K18-J18 -> 131.32397 | M18: =+[4]손익총괄!M18+H18 -> 585.33795 | N18: =+K18-M18 -> -1123.9498 | R18: 영남권 | S18: =+[5]영남권!$Q$90 -> 26459.648 | T18: =+[5]영남권!$R$90 -> 21227.896 | U18: =+T18-S18 -> -5231.7527 | V18: =+[6]영남권!$Q$90 -> 21637.6 | W18: =+T18-V18 -> -409.70391 | AA18: =+D33 -> 골재 | AB18: =+E33/100 -> 2.5925 | AC18: =+F33/100 -> -2.9010889 | AD18: =+AC18-AB18 -> -5.4935889 | AE18: =+H33/100 -> 1.2797343 | AF18: =+AC18-AE18 -> -4.1808232 | AG18: =+J33/100 -> 18.063168 | AH18: =+K33/100 -> -2.9410414 | AI18: =+AH18-AG18 -> -21.004209 | AJ18: =+M33/100 -> 8.9153957 | AK18: =+AH18-AJ18 -> -11.856437
C19: 계 | E19: =SUM(E15:E18) -> 40070.977 | F19: =SUM(F15:F18) -> 36289.063 | G19: =+F19-E19 -> -3781.914 | H19: =SUM(H15:H18) -> 44270.998 | I19: =+F19-H19 -> -7981.9348 | J19: =SUM(J15:J18) -> 385962.21 | K19: =SUM(K15:K18) -> 381604.51 | L19: =+K19-J19 -> -4357.7 | M19: =SUM(M15:M18) -> 405794.08 | N19: =+K19-M19 -> -24189.566 | R19: 중부권 | S19: =+[5]중부권!$Q$90 -> 28568.039 | T19: =+[5]중부권!$R$90 -> 23600.464 | U19: =+T19-S19 -> -4967.5746 | V19: =+[6]중부권!$Q$90 -> 23589.717 | W19: =+T19-V19 -> 10.747284 | AA19: 공통비 | AB19: =+'사업장별(당월)'!T35/100 -> -11.739158 | AC19: =+'사업장별(당월)'!U35/100 -> -12.654311 | AD19: =+AC19-AB19 -> -0.91515309 | AE19: =+'사업장별(당월)'!W35/100 -> -12.023067 | AF19: =+AC19-AE19 -> -0.63124355 | AG19: =+'사업장별(누계)'!T35/100 -> -149.71779 | AH19: =+'사업장별(누계)'!U35/100 -> -153.53848 | AI19: =+AH19-AG19 -> -3.8206959 | AJ19: =+'사업장별(누계)'!W35/100 -> -129.29509 | AK19: =+AH19-AJ19 -> -24.243393
C20: 매출이익 | D20: 레미콘 | E20: =+E10-E15 -> 5899.0141 | F20: =+F10-F15 -> 2897.8641 | G20: =+F20-E20 -> -3001.15 | H20: =+H10-H15 -> 4451.081 | I20: =+F20-H20 -> -1553.2169 | J20: =+J10-J15 -> 54589.402 | K20: =+K10-K15 -> 40052.242 | L20: =+K20-J20 -> -14537.159 | M20: =+M10-M15 -> 58973.906 | N20: =+K20-M20 -> -18921.663 | Q20: 계 | S20: =+[5]합계!$Q$90 -> 25534 | T20: =+[5]합계!$R$90 -> 18957.932 | U20: =+T20-S20 -> -6576.0679 | V20: =+[6]합계!$Q$90 -> 18847.795 | W20: =+T20-V20 -> 110.13731 | AA20: =+'사업장별(누계)'!I34 -> 임대 | AB20: =+('사업장별(당월)'!T33+'사업장별(당월)'!T34)/100 -> 1.3425598 | AC20: =+('사업장별(당월)'!U33+'사업장별(당월)'!U34)/100 -> 1.2605507 | AD20: =+AC20-AB20 -> -0.082009123 | AE20: =+('사업장별(당월)'!W33+'사업장별(당월)'!W34)/100 -> 1.2851645 | AF20: =+AC20-AE20 -> -0.02461376 | AG20: =+('사업장별(누계)'!T33+'사업장별(누계)'!T34)/100 -> 14.630188 | AH20: =+('사업장별(누계)'!U33+'사업장별(누계)'!U34)/100 -> 14.211182 | AI20: =+AH20-AG20 -> -0.41900594 | AJ20: =+('사업장별(누계)'!W33+'사업장별(누계)'!W34)/100 -> 13.19195 | AK20: =+AH20-AJ20 -> 1.0192321
D21: 건자재 | E21: =+E11-E16 -> 287.23939 | F21: =+F11-F16 -> 250.09354 | G21: =+F21-E21 -> -37.145849 | H21: =+H11-H16 -> 216.0894 | I21: =+F21-H21 -> 34.004143 | J21: =+J11-J16 -> 2545.7337 | K21: =+K11-K16 -> 2161.0162 | L21: =+K21-J21 -> -384.71744 | M21: =+M11-M16 -> 2186.8542 | N21: =+K21-M21 -> -25.837998 | Q21: □ 건자재 | AA21: =+'사업장별(누계)'!I37 -> 대손 | AB21: =+'사업장별(당월)'!T37/100 -> 0 | AC21: =+'사업장별(당월)'!U37/100 -> 0 | AD21: =+AC21-AB21 -> 0 | AE21: =+'사업장별(당월)'!W37/100 -> 0 | AF21: =+AC21-AE21 -> 0 | AG21: =+'사업장별(누계)'!T37/100 -> 0 | AH21: =+'사업장별(누계)'!U37/100 -> -5.7385933 | AI21: =+AH21-AG21 -> -5.7385933 | AJ21: =+'사업장별(누계)'!W37/100 -> -19.74222 | AK21: =+AH21-AJ21 -> 14.003626
D22: 골재 | E22: =+E12-E17 -> 294.43475 | F22: =+F12-F17 -> -219.25146 | G22: =+F22-E22 -> -513.68621 | H22: =+H12-H17 -> 137.77318 | I22: =+F22-H22 -> -357.02464 | J22: =+J12-J17 -> 2388.7927 | K22: =+K12-K17 -> 379.71973 | L22: =+K22-J22 -> -2009.073 | M22: =+M12-M17 -> 1193.0181 | N22: =+K22-M22 -> -813.29833 | Q22: 구분 | S22: 계획 | T22: 실적 | U22: 계획대비 | V22: 전년 | W22: 전년대비 | AA22: =+D34 -> 기타 | AB22: =+AB26-AB19-AB20-AB21 -> -1.1499503 | AC22: =+AC26-AC19-AC20-AC21 -> 1.9206589 | AD22: =+AC22-AB22 -> 3.0706092 | AE22: =+AE26-AE19-AE20-AE21 -> -0.26000684 | AF22: =+AC22-AE22 -> 2.1806657 | AG22: =+AG26-AG19-AG20-AG21 -> 2.7465483 | AH22: =+AH26-AH19-AH20-AH21 -> 3.537348 | AI22: =+AH22-AG22 -> 0.79079963 | AJ22: =+AJ26-AJ19-AJ20-AJ21 -> -3.7740458 | AK22: =+AH22-AJ22 -> 7.3113938
D23: 기타 | E23: =+E13-E18 -> 99.618153 | F23: =+F13-F18 -> 374.11891 | G23: =+F23-E23 -> 274.50076 | H23: =+H13-H18 -> 157.77295 | I23: =+F23-H23 -> 216.34596 | J23: =+J13-J18 -> 2484.5184 | K23: =+K13-K18 -> 2360.3074 | L23: =+K23-J23 -> -124.21094 | M23: =+M13-M18 -> 1556.5177 | N23: =+K23-M23 -> 803.78973 | Q23: 철강재 판매단가 | S23: =+'[7]11월'!$F$10 -> 976086.96 | T23: =+'[7]11월'!$G$10 -> 798803.69 | U23: =+T23-S23 -> -177283.27 | V23: =+'[8]11월'!$G$10 -> 985246.58 | W23: =+T23-V23 -> -186442.89 | AA23: 계 | AB23: =SUM(AB15,AB17:AB22) -> 45.335485 | AC23: =SUM(AC15,AC17:AC22) -> 10.76861 | AD23: =+AC23-AB23 -> -34.566874 | AE23: =SUM(AE15,AE17:AE22) -> 28.69246 | AF23: =+AC23-AE23 -> -17.92385 | AG23: =SUM(AG15,AG17:AG22) -> 370.63045 | AH23: =SUM(AH15,AH17:AH22) -> 186.23962 | AI23: =+AH23-AG23 -> -184.39084 | AJ23: =SUM(AJ15,AJ17:AJ22) -> 393.41142 | AK23: =+AH23-AJ23 -> -207.1718
C24: 계 | E24: =SUM(E20:E23) -> 6580.3064 | F24: =SUM(F20:F23) -> 3302.8251 | G24: =+F24-E24 -> -3277.4813 | H24: =SUM(H20:H23) -> 4962.7166 | I24: =+F24-H24 -> -1659.8915 | J24: =SUM(J20:J23) -> 62008.447 | K24: =SUM(K20:K23) -> 44953.286 | L24: =+K24-J24 -> -17055.161 | M24: =SUM(M20:M23) -> 63910.296 | N24: =+K24-M24 -> -18957.01 | Q24: 철강재 마진률 | S24: =+'[7]11월'!$F$15 -> 0.023224944 | T24: =+'[7]11월'!$G$15 -> 0.023726716 | U24: =+T24-S24 -> 0.00050177217 | V24: =+'[8]11월'!$G$15 -> 0.016194919 | W24: =+T24-V24 -> 0.0075317977 | AA24: =+D36 -> % | AB24: =+E36 -> 0.097179501 | AC24: =+F36 -> 0.027199032 | AD24: =+G36 -> -0.06998047 | AE24: =+H36 -> 0.058278073 | AF24: =+I36 -> -0.031079041 | AG24: =+J36 -> 0.08273543 | AH24: =+K36 -> 0.043661051 | ... AK24: =+N36 -> -0.040096189
C25: 판관비 | D25: 레미콘 | E25: =+('[1]11월'!$Z$13+'[1]11월'!$Z$20)/1000 -> 635.79616 | F25: =+('[2]11월'!$Z$13+'[2]11월'!$Z$20)/1000 -> 701.94071 | G25: =+F25-E25 -> 66.144548 | H25: =+('[3]11월'!$Z$13+'[3]11월'!$Z$20)/1000 -> 708.20763 | I25: =+F25-H25 -> -6.266917 | J25: =+[4]손익총괄!J25+E25 -> 7259.9586 | K25: =+[4]손익총괄!K25+F25 -> 7583.1822 | L25: =+K25-J25 -> 323.22366 | M25: =+[4]손익총괄!M25+H25 -> 7430.6432 | N25: =+K25-M25 -> 152.539 | Q25: □ 골재
D26: 건자재 | E26: =+('[1]11월'!$AA$13+'[1]11월'!$AA$20)/1000 -> 121.50406 | F26: =+('[2]11월'!$AO$13+'[2]11월'!$AO$20)/1000 -> 131.73689 | G26: =+F26-E26 -> 10.232831 | H26: =+('[3]11월'!$AO$13+'[3]11월'!$AO$20)/1000 -> 117.89927 | I26: =+F26-H26 -> 13.837623 | J26: =+[4]손익총괄!J26+E26 -> 1384.3432 | K26: =+[4]손익총괄!K26+F26 -> 1559.1559 | L26: =+K26-J26 -> 174.81264 | M26: =+[4]손익총괄!M26+H26 -> 1318.5738 | N26: =+K26-M26 -> 240.58207 | Q26: 구분 | S26: 계획 | T26: 실적 | U26: 계획대비 | V26: 전년 | W26: 전년대비 | AB26: =+'사업장별(당월)'!T41/100 -> -11.546548 | AC26: =+'사업장별(당월)'!U41/100 -> -9.4731013 | AD26: =+AC26-AB26 -> 2.073447 | AE26: =+'사업장별(당월)'!W41/100 -> -10.99791 | AF26: =+AE26-AD26 -> -13.071357 | AG26: =+'사업장별(누계)'!T41/100 -> -132.34105 | AH26: =+'사업장별(누계)'!U41/100 -> -141.52855 | AJ26: =+'사업장별(누계)'!W41/100 -> -139.6194
D27: 골재 | E27: =+('[1]11월'!$AE$13+'[1]11월'!$AE$20+'[1]11월'!$AE$22)/1000 -> 35.18475 | F27: =+('[2]11월'!$AN$13+'[2]11월'!$AN$20+'[2]11월'!$AN$22)/1000 -> 70.857428 | G27: =+F27-E27 -> 35.672678 | H27: =+('[3]11월'!$AN$13+'[3]11월'!$AN$20+'[3]11월'!$AN$22)/1000 -> 9.79975 | I27: =+F27-H27 -> 61.057678 | J27: =+[4]손익총괄!J27+E27 -> 582.47594 | K27: =+[4]손익총괄!K27+F27 -> 673.82387 | L27: =+K27-J27 -> 91.347939 | M27: =+[4]손익총괄!M27+H27 -> 301.4785 | N27: =+K27-M27 -> 372.34538 | Q27: 판매량 | R27: 자가 | S27: =(+'[9]서부산크라샤(당월)'!$N$66+'[9]부산모래장(당월)'!$Q$48+'[9]부산크라샤(당월)'!$N$66)/1000 -> 63.834547 | T27: =(+'[9]서부산크라샤(당월)'!$O$66+'[9]부산모래장(당월)'!$R$48+'[9]부산크라샤(당월)'!$O$66)/1000 -> 36.922 | U27: =+T27-S27 -> -26.912547 | V27: =('[10]부산골재(당월)'!$R$48+'[10]서부산골재(당월)'!$O$66+'[10]부산크라샤(당월)'!$O$66)/1000 -> 67.377 | W27: =+T27-V27 -> -30.455
D28: 기타 | E28: =+('[1]11월'!$E$13+'[1]11월'!$E$20)/1000-E25-E26-E27+('[1]11월'!$E$22/1000) -> 1254.273 | F28: =+('[2]11월'!$F$13+'[2]11월'!$F$20)/1000-F25-F26-F27+'[2]11월'!$F$22/1000 -> 1321.429 | G28: =+F28-E28 -> 67.156056 | H28: =+('[3]11월'!$F$13+'[3]11월'!$F$20)/1000-H25-H26-H27+'[3]11월'!$F$22/1000 -> 1257.5639 | I28: =+F28-H28 -> 63.865122 | J28: =+[4]손익총괄!J28+E28 -> 15718.623 | K28: =+[4]손익총괄!K28+F28 -> 16513.162 | L28: =+K28-J28 -> 794.53861 | M28: =+[4]손익총괄!M28+H28 -> 15518.458 | N28: =+K28-M28 -> 994.70384 | R28: 외판 | S28: =(+'[9]서부산크라샤(당월)'!$N$59+'[9]부산모래장(당월)'!$Q$47+'[9]부산크라샤(당월)'!$N$59)/1000 -> 60.8 | T28: =(+'[9]서부산크라샤(당월)'!$O$59+'[9]부산모래장(당월)'!$R$47+'[9]부산크라샤(당월)'!$O$59)/1000 -> 29.204 | U28: =+T28-S28 -> -31.596 | V28: =+('[10]부산골재(당월)'!$R$47+'[10]서부산골재(당월)'!$O$59+'[10]부산크라샤(당월)'!$O$59)/1000 -> 38.097 | W28: =+T28-V28 -> -8.893
C29: 계 | E29: =SUM(E25:E28) -> 2046.758 | F29: =SUM(F25:F28) -> 2225.9641 | G29: =+F29-E29 -> 179.20611 | H29: =SUM(H25:H28) -> 2093.4706 | I29: =+F29-H29 -> 132.49351 | J29: =SUM(J25:J28) -> 24945.401 | K29: =SUM(K25:K28) -> 26329.324 | L29: =+K29-J29 -> 1383.9228 | M29: =SUM(M25:M28) -> 24569.154 | N29: =+K29-M29 -> 1760.1703 | Q29: 합 계 | S29: =SUM(S27:S28) -> 124.63455 | T29: =SUM(T27:T28) -> 66.126 | U29: =+T29-S29 -> -58.508547 | V29: =SUM(V27:V28) -> 105.474 | W29: =+T29-V29 -> -39.348
C30: 영업이익 | D30: 레미콘 | E30: =+E20-E25 -> 5263.218 | F30: =+F20-F25 -> 2195.9234 | G30: =+F30-E30 -> -3067.2946 | H30: =+H20-H25 -> 3742.8734 | I30: =+F30-H30 -> -1546.95 | J30: =+J20-J25 -> 47329.443 | K30: =+K20-K25 -> 32469.06 | L30: =+K30-J30 -> -14860.383 | M30: =+M20-M25 -> 51543.263 | N30: =+K30-M30 -> -19074.202 | Q30: □ 기타내역(영업이익)
D31: % | E31: =+E30/E10 -> 0.15963124 | F31: =+F30/F10 -> 0.078231182 | G31: =+F31-E31 -> -0.081400056 | H31: =+H30/H10 -> 0.10808885 | I31: =+F31-H31 -> -0.029857665 | J31: =+J30/J10 -> 0.14529316 | K31: =+K30/K10 -> 0.10393674 | L31: =+K31-J31 -> -0.041356424 | M31: =+M30/M10 -> 0.14985949 | N31: =+K31-M31 -> -0.045922749 | Q31: 구분 | S31: 계획 | T31: 실적 | U31: 계획대비 | V31: 전년 | W31: 전년대비
D32: 건자재 | E32: =+E21-E26 -> 165.73533 | F32: =+F21-F26 -> 118.35665 | G32: =+F32-E32 -> -47.37868 | H32: =+H21-H26 -> 98.190129 | I32: =+F32-H32 -> 20.16652 | J32: =+J21-J26 -> 1161.3904 | K32: =+K21-K26 -> 601.86035 | L32: =+K32-J32 -> -559.53008 | M32: =+M21-M26 -> 868.28041 | N32: =+K32-M32 -> -266.42006 | Q32: 레미콘임대 | S32: =+'사업장별(당월)'!T33 -> 72.210526 | T32: =+'사업장별(당월)'!U33 -> 67.392238 | U32: =+T32-S32 -> -4.818288 | V32: =+'사업장별(당월)'!W33 -> 71.822105 | W32: =+T32-V32 -> -4.429867
D33: 골재 | E33: =+E22-E27 -> 259.25 | F33: =+F22-F27 -> -290.10889 | G33: =+F33-E33 -> -549.35889 | H33: =+H22-H27 -> 127.97343 | I33: =+F33-H33 -> -418.08232 | J33: =+J22-J27 -> 1806.3168 | K33: =+K22-K27 -> -294.10414 | L33: =+K33-J33 -> -2100.4209 | M33: =+M22-M27 -> 891.53957 | N33: =+K33-M33 -> -1185.6437 | Q33: 임대 | S33: =+'사업장별(당월)'!T34 -> 62.045457 | T33: =+'사업장별(당월)'!U34 -> 58.662833 | U33: =+T33-S33 -> -3.3826243 | V33: =+'사업장별(당월)'!W34 -> 56.694342 | W33: =+T33-V33 -> 1.968491
D34: 기타 | E34: =+E23-E28 -> -1154.6548 | F34: =+F23-F28 -> -947.31013 | G34: =+F34-E34 -> 207.3447 | H34: =+H23-H28 -> -1099.791 | I34: =+F34-H34 -> 152.48084 | J34: =+J23-J28 -> -13234.105 | K34: =+K23-K28 -> -14152.855 | L34: =+K34-J34 -> -918.74955 | M34: =+M23-M28 -> -13961.94 | N34: =+K34-M34 -> -190.91411 | Q34: 공통비 | S34: =+'사업장별(당월)'!T35 -> -1173.9158 | T34: =+'사업장별(당월)'!U35 -> -1265.4311 | U34: =+T34-S34 -> -91.515309 | V34: =+'사업장별(당월)'!W35 -> -1202.3067 | W34: =+T34-V34 -> -63.124355
C35: 계 | E35: =SUM(E30,E32:E34) -> 4533.5485 | F35: =SUM(F30,F32:F34) -> 1076.861 | G35: =+F35-E35 -> -3456.6874 | H35: =SUM(H30,H32:H34) -> 2869.246 | I35: =+F35-H35 -> -1792.385 | J35: =SUM(J30,J32:J34) -> 37063.045 | K35: =SUM(K30,K32:K34) -> 18623.962 | L35: =+K35-J35 -> -18439.084 | M35: =SUM(M30,M32:M34) -> 39341.142 | N35: =+K35-M35 -> -20717.18 | Q35: 기타 | S35: =+S36-S32-S33-S34 -> -114.99503 | T35: =+T36-T32-T33-T34 -> 192.06589 | U35: =+T35-S35 -> 307.06092 | V35: =+V36-V32-V33-V34 -> -26.000684 | W35: =+T35-V35 -> 218.06657
D36: % | E36: =+E35/E14 -> 0.097179501 | F36: =+F35/F14 -> 0.027199032 | G36: =+F36-E36 -> -0.06998047 | H36: =+H35/H14 -> 0.058278073 | I36: =+F36-H36 -> -0.031079041 | J36: =+J35/J14 -> 0.08273543 | K36: =+K35/K14 -> 0.043661051 | L36: =+K36-J36 -> -0.03907438 | M36: =+M35/M14 -> 0.08375724 | N36: =+K36-M36 -> -0.040096189 | Q36: 합계 | S36: =+'사업장별(당월)'!T41 -> -1154.6548 | T36: =+'사업장별(당월)'!U41 -> -947.31013 | U36: =+T36-S36 -> 207.3447 | V36: =+'사업장별(당월)'!W41 -> -1099.791 | W36: =+T36-V36 -> 152.48084
E38: =+'[1]11월'!$E$26/1000 -> 4533.5485 | F38: =+'[2]11월'!$F$26/1000 -> 1076.861 | H38: =+'[3]11월'!$F$26/1000 -> 2869.246 | J38: =+[4]손익총괄!J38+E38 -> 37063.045 | K38: =+[4]손익총괄!K38+F38 -> 18623.962 | M38: =+[4]손익총괄!M38+H38 -> 39341.142
E39: =+E35=E38 -> TRUE | F39: =+F35=F38 -> TRUE | H39: =+H35=H38 -> TRUE | J39: =+J35=J38 -> TRUE | K39: =+K35=K38 -> TRUE | M39: =+M35=M38 -> TRUE
E40: =+E35-E38 -> 0 | F40: =+F35-F38 -> 1.8189894e-12 | H40: =+H35-H38 -> 0 | J40: =+J35-J38 -> 0 | K40: =+K35-K38 -> 0 | M40: =+M35-M38 -> 0

Sheet 사업장별(당월)
H3: □ 사업장별 손익실적(2024-11)
AG4: [단위 : 천㎥, 톤, 백만원]
H5: 구분 | J5: 물량 | O5: 매출 | T5: 영업이익(공통비 배부전) | Y5: 판매단가 | AB5: 변동비 | AE5: 공헌이익
A6: 2024년 11월 마감 손익 | J6: 계획 | K6: 실적 | L6: 차이 | M6: 전년 | N6: 차이 | O6: 계획 | P6: 실적 | Q6: 차이 | R6: 전년 | S6: 차이 | T6: 계획 | U6: 실적 | V6: 차이 | W6: 전년 | X6: 차이 | Y6: 계획 | Z6: 실적 | AA6: 전년 | AB6: 계획 | AC6: 실적 | AD6: 전년 | AE6: 계획 | AF6: 실적 | AG6: 전년
B7: 안양 | G7: =+I7 -> 안양 | H7: 레미콘 | I7: 안양 | J7: =+IFERROR(HLOOKUP($B7,'[1]11월'!$D$6:$BN$259,2,),)/1000 -> 45 | K7: =+IFERROR(HLOOKUP($B7,'[2]11월'!$F$6:$CP$99,2,),)/1000 -> 38.566 | L7: =+K7-J7 -> -6.434 | M7: =+IFERROR(HLOOKUP($B7,'[3]11월'!$F$6:$CC$57,2,),)/1000 -> 52.411 | N7: =+K7-M7 -> -13.845 | O7: =+IFERROR(HLOOKUP($B7,'[1]11월'!$D$6:$BN$259,3,),)/1000 -> 4576.7897 | P7: =+IFERROR(HLOOKUP($B7,'[2]11월'!$F$6:$CP$99,3,),)/1000 -> 3786.5243 | Q7: =+P7-O7 -> -790.26544 | R7: =+IFERROR(HLOOKUP($B7,'[3]11월'!$F$6:$CC$57,3,),)/1000 -> 4739.0451 | S7: =+P7-R7 -> -952.52079 | T7: =+IFERROR(HLOOKUP($B7,'[1]11월'!$D$6:$BN$259,16,),)/1000 -> 669.44377 | U7: =+IFERROR(HLOOKUP($B7,'[2]11월'!$F$6:$CP$99,16,),)/1000 -> 302.27516 | V7: =+U7-T7 -> -367.16861 | W7: =+IFERROR(HLOOKUP($B7,'[3]11월'!$F$6:$CC$57,16,),)/1000 -> 289.11731 | X7: =+U7-W7 -> 13.157852 | Y7: =+[5]안양!$Q$85 -> 101706.44 | Z7: =+[5]안양!$R$85 -> 98187.636 | AA7: =+[6]안양!$Q$85 -> 90390.319 | AB7: =+[5]안양!$Q$89 -> 80285.824 | AC7: =+[5]안양!$R$89 -> 83030.588 | AD7: =+[6]안양!$Q$89 -> 79011.361 | AE7: =+Y7-AB7 -> 21420.613 | AF7: =+Z7-AC7 -> 15157.048 | AG7: =+AA7-AD7 -> 11378.958
B8: 인천 | G8: =+I8 -> 인천 | H8: 직영 | I8: 인천 | J8: =+IFERROR(HLOOKUP($B8,'[1]11월'!$D$6:$BN$259,2,),)/1000 -> 36 | K8: =+IFERROR(HLOOKUP($B8,'[2]11월'!$F$6:$CP$99,2,),)/1000 -> 29.507 | L8: =+K8-J8 -> -6.493 | M8: =+IFERROR(HLOOKUP($B8,'[3]11월'!$F$6:$CC$57,2,),)/1000 -> 38.282 | N8: =+K8-M8 -> -8.775 | O8: =+IFERROR(HLOOKUP($B8,'[1]11월'!$D$6:$BN$259,3,),)/1000 -> 3840.6235 | P8: =+IFERROR(HLOOKUP($B8,'[2]11월'!$F$6:$CP$99,3,),)/1000 -> 2907.4014 | Q8: =+P8-O8 -> -933.22206 | R8: =+IFERROR(HLOOKUP($B8,'[3]11월'!$F$6:$CC$57,3,),)/1000 -> 3653.7019 | S8: =+P8-R8 -> -746.30043 | T8: =+IFERROR(HLOOKUP($B8,'[1]11월'!$D$6:$BN$259,16,),)/1000 -> 631.27755 | U8: =+IFERROR(HLOOKUP($B8,'[2]11월'!$F$6:$CP$99,16,),)/1000 -> 72.336657 | V8: =+U8-T8 -> -558.94089 | W8: =+IFERROR(HLOOKUP($B8,'[3]11월'!$F$6:$CC$57,16,),)/1000 -> 197.3863 | X8: =+U8-W8 -> -125.04964 | Y8: =+[5]인천!$Q$85 -> 106683.99 | Z8: =+[5]인천!$R$85 -> 98532.601 | AA8: =+[6]인천!$Q$85 -> 95427.937 | AB8: =+[5]인천!$Q$89 -> 81462.254 | AC8: =+[5]인천!$R$89 -> 85841.298 | AD8: =+[6]인천!$Q$89 -> 82915.993 | AE8: =+Y8-AB8 -> 25221.732 | AF8: =+Z8-AC8 -> 12691.303 | AG8: =+AA8-AD8 -> 12511.943
B9: 파주 | G9: =+I9 -> 파주 | I9: 파주 | J9: =+IFERROR(HLOOKUP($B9,'[1]11월'!$D$6:$BN$259,2,),)/1000 -> 23 | K9: =+IFERROR(HLOOKUP($B9,'[2]11월'!$F$6:$CP$99,2,),)/1000 -> 22.349 | L9: =+K9-J9 -> -0.651 | M9: =+IFERROR(HLOOKUP($B9,'[3]11월'!$F$6:$CC$57,2,),)/1000 -> 32.522 | N9: =+K9-M9 -> -10.173 | O9: =+IFERROR(HLOOKUP($B9,'[1]11월'!$D$6:$BN$259,3,),)/1000 -> 2308.8135 | P9: =+IFERROR(HLOOKUP($B9,'[2]11월'!$F$6:$CP$99,3,),)/1000 -> 2134.5209 | Q9: =+P9-O9 -> -174.29254 | R9: =+IFERROR(HLOOKUP($B9,'[3]11월'!$F$6:$CC$57,3,),)/1000 -> 3216.1735 | S9: =+P9-R9 -> -1081.6525 | T9: =+IFERROR(HLOOKUP($B9,'[1]11월'!$D$6:$BN$259,16,),)/1000 -> 291.23696 | U9: =+IFERROR(HLOOKUP($B9,'[2]11월'!$F$6:$CP$99,16,),)/1000 -> 79.622709 | V9: =+U9-T9 -> -211.61425 | W9: =+IFERROR(HLOOKUP($B9,'[3]11월'!$F$6:$CC$57,16,),)/1000 -> 229.24384 | X9: =+U9-W9 -> -149.62113 | Y9: =+[5]파주!$Q$85 -> 100383.19 | Z9: =+[5]파주!$R$85 -> 95512.912 | AA9: =+[6]파주!$Q$85 -> 98825.228 | AB9: =+[5]파주!$Q$89 -> 78647.244 | AC9: =+[5]파주!$R$89 -> 81942.563 | AD9: =+[6]파주!$Q$89 -> 84723.197 | AE9: =+Y9-AB9 -> 21735.95 | AF9: =+Z9-AC9 -> 13570.349 | AG9: =+AA9-AD9 -> 14102.031
B10: 김포 | G10: =+I10 -> 김포 | I10: 김포 | J10: =+IFERROR(HLOOKUP($B10,'[1]11월'!$D$6:$BN$259,2,),)/1000 -> 17.5 | K10: =+IFERROR(HLOOKUP($B10,'[2]11월'!$F$6:$CP$99,2,),)/1000 -> 17.224 | L10: =+K10-J10 -> -0.276 | M10: =+IFERROR(HLOOKUP($B10,'[3]11월'!$F$6:$CC$57,2,),)/1000 -> 16.05668 | N10: =+K10-M10 -> 1.16732 | O10: =+IFERROR(HLOOKUP($B10,'[1]11월'!$D$6:$BN$259,3,),)/1000 -> 1690.5765 | P10: =+IFERROR(HLOOKUP($B10,'[2]11월'!$F$6:$CP$99,3,),)/1000 -> 1650.7338 | Q10: =+P10-O10 -> -39.8427 | R10: =+IFERROR(HLOOKUP($B10,'[3]11월'!$F$6:$CC$57,3,),)/1000 -> 1538.7716 | S10: =+P10-R10 -> 111.96222 | T10: =+IFERROR(HLOOKUP($B10,'[1]11월'!$D$6:$BN$259,16,),)/1000 -> 264.05161 | U10: =+IFERROR(HLOOKUP($B10,'[2]11월'!$F$6:$CP$99,16,),)/1000 -> 98.878248 | V10: =+U10-T10 -> -165.17336 | W10: =+IFERROR(HLOOKUP($B10,'[3]11월'!$F$6:$CC$57,16,),)/1000 -> 184.97632 | X10: =+U10-W10 -> -86.098076 | Y10: =+[5]김포!$Q$85 -> 96604.371 | Z10: =+[5]김포!$R$85 -> 95901.216 | AA10: =+[6]김포!$Q$85 -> 95784.706 | AB10: =+[5]김포!$Q$89 -> 72466.77 | AC10: =+[5]김포!$R$89 -> 80686.638 | AD10: =+[6]김포!$Q$89 -> 73858.942 | AE10: =+Y10-AB10 -> 24137.601 | AF10: =+Z10-AC10 -> 15214.577 | AG10: =+AA10-AD10 -> 21925.764
B11: 부산 | G11: =+I11 -> 부산 | I11: 부산 | J11: =+IFERROR(HLOOKUP($B11,'[1]11월'!$D$6:$BN$259,2,),)/1000 -> 24 | K11: =+IFERROR(HLOOKUP($B11,'[2]11월'!$F$6:$CP$99,2,),)/1000 -> 19.12 | L11: =+K11-J11 -> -4.88 | M11: =+IFERROR(HLOOKUP($B11,'[3]11월'!$F$6:$CC$57,2,),)/1000 -> 24.2875 | N11: =+K11-M11 -> -5.1675 | O11: =+IFERROR(HLOOKUP($B11,'[1]11월'!$D$6:$BN$259,3,),)/1000 -> 2582.3961 | P11: =+IFERROR(HLOOKUP($B11,'[2]11월'!$F$6:$CP$99,3,),)/1000 -> 2100.75 | Q11: =+P11-O11 -> -481.64606 | R11: =+IFERROR(HLOOKUP($B11,'[3]11월'!$F$6:$CC$57,3,),)/1000 -> 2488.4756 | S11: =+P11-R11 -> -387.7256 | T11: =+IFERROR(HLOOKUP($B11,'[1]11월'!$D$6:$BN$259,16,),)/1000 -> 440.56963 | U11: =+IFERROR(HLOOKUP($B11,'[2]11월'!$F$6:$CP$99,16,),)/1000 -> 175.17909 | V11: =+U11-T11 -> -265.39054 | W11: =+IFERROR(HLOOKUP($B11,'[3]11월'!$F$6:$CC$57,16,),)/1000 -> 295.99216 | X11: =+U11-W11 -> -120.81307 | Y11: =+[5]부산!$Q$85 -> 107599.84 | Z11: =+[5]부산!$R$85 -> 109871.86 | AA11: =+[6]부산!$Q$85 -> 102459.11 | AB11: =+[5]부산!$Q$89 -> 78841.491 | AC11: =+[5]부산!$R$89 -> 86400.778 | AD11: =+[6]부산!$Q$89 -> 79670.334 | AE11: =+Y11-AB11 -> 28758.345 | AF11: =+Z11-AC11 -> 23471.085 | AG11: =+AA11-AD11 -> 22788.775
B12: 서부산 | G12: =+I12 -> 서부산 | I12: 서부산 | J12: =+IFERROR(HLOOKUP($B12,'[1]11월'!$D$6:$BN$259,2,),)/1000 -> 26 | K12: =+IFERROR(HLOOKUP($B12,'[2]11월'!$F$6:$CP$99,2,),)/1000 -> 19.932 | L12: =+K12-J12 -> -6.068 | M12: =+IFERROR(HLOOKUP($B12,'[3]11월'!$F$6:$CC$57,2,),)/1000 -> 29.358 | N12: =+K12-M12 -> -9.426 | O12: =+IFERROR(HLOOKUP($B12,'[1]11월'!$D$6:$BN$259,3,),)/1000 -> 2719.0035 | P12: =+IFERROR(HLOOKUP($B12,'[2]11월'!$F$6:$CP$99,3,),)/1000 -> 1883.6583 | Q12: =+P12-O12 -> -835.34523 | R12: =+IFERROR(HLOOKUP($B12,'[3]11월'!$F$6:$CC$57,3,),)/1000 -> 2851.8056 | S12: =+P12-R12 -> -968.14732 | T12: =+IFERROR(HLOOKUP($B12,'[1]11월'!$D$6:$BN$259,16,),)/1000 -> 511.79381 | U12: =+IFERROR(HLOOKUP($B12,'[2]11월'!$F$6:$CP$99,16,),)/1000 -> 124.8758 | V12: =+U12-T12 -> -386.91801 | W12: =+IFERROR(HLOOKUP($B12,'[3]11월'!$F$6:$CC$57,16,),)/1000 -> 436.14119 | X12: =+U12-W12 -> -311.26539 | Y12: =+[5]서부산!$Q$85 -> 104577.06 | Z12: =+[5]서부산!$R$85 -> 94504.229 | AA12: =+[6]서부산!$Q$85 -> 97138.961 | AB12: =+[5]서부산!$Q$89 -> 76327.595 | AC12: =+[5]서부산!$R$89 -> 77003.708 | AD12: =+[6]서부산!$Q$89 -> 74683.793 | AE12: =+Y12-AB12 -> 28249.464 | AF12: =+Z12-AC12 -> 17500.521 | AG12: =+AA12-AD12 -> 22455.167
B13: 김해 | G13: =+I13 -> 김해 | I13: 김해 | J13: =+IFERROR(HLOOKUP($B13,'[1]11월'!$D$6:$BN$259,2,),)/1000 -> 14 | K13: =+IFERROR(HLOOKUP($B13,'[2]11월'!$F$6:$CP$99,2,),)/1000 -> 12.286 | L13: =+K13-J13 -> -1.714 | M13: =+IFERROR(HLOOKUP($B13,'[3]11월'!$F$6:$CC$57,2,),)/1000 -> 16.069 | N13: =+K13-M13 -> -3.783 | O13: =+IFERROR(HLOOKUP($B13,'[1]11월'!$D$6:$BN$259,3,),)/1000 -> 1414.0056 | P13: =+IFERROR(HLOOKUP($B13,'[2]11월'!$F$6:$CP$99,3,),)/1000 -> 1181.5016 | Q13: =+P13-O13 -> -232.504 | R13: =+IFERROR(HLOOKUP($B13,'[3]11월'!$F$6:$CC$57,3,),)/1000 -> 1581.8795 | S13: =+P13-R13 -> -400.37789 | T13: =+IFERROR(HLOOKUP($B13,'[1]11월'!$D$6:$BN$259,16,),)/1000 -> 199.30405 | U13: =+IFERROR(HLOOKUP($B13,'[2]11월'!$F$6:$CP$99,16,),)/1000 -> 84.464322 | V13: =+U13-T13 -> -114.83973 | W13: =+IFERROR(HLOOKUP($B13,'[3]11월'!$F$6:$CC$57,16,),)/1000 -> 188.29218 | X13: =+U13-W13 -> -103.82786 | Y13: =+[5]김해!$Q$85 -> 101000.4 | Z13: =+[5]김해!$R$85 -> 96166.498 | AA13: =+[6]김해!$Q$85 -> 98442.933 | AB13: =+[5]김해!$Q$89 -> 77024.582 | AC13: =+[5]김해!$R$89 -> 77299.138 | AD13: =+[6]김해!$Q$89 -> 78010.996 | AE13: =+Y13-AB13 -> 23975.818 | AF13: =+Z13-AC13 -> 18867.36 | AG13: =+AA13-AD13 -> 20431.937
B14: 정관 | G14: =+I14 -> 정관 | I14: 정관 | J14: =+IFERROR(HLOOKUP($B14,'[1]11월'!$D$6:$BN$259,2,),)/1000 -> 19 | K14: =+IFERROR(HLOOKUP($B14,'[2]11월'!$F$6:$CP$99,2,),)/1000 -> 18.063 | L14: =+K14-J14 -> -0.937 | M14: =+IFERROR(HLOOKUP($B14,'[3]11월'!$F$6:$CC$57,2,),)/1000 -> 22.187 | N14: =+K14-M14 -> -4.124 | O14: =+IFERROR(HLOOKUP($B14,'[1]11월'!$D$6:$BN$259,3,),)/1000 -> 1976 | P14: =+IFERROR(HLOOKUP($B14,'[2]11월'!$F$6:$CP$99,3,),)/1000 -> 1827.7784 | Q14: =+P14-O14 -> -148.22159 | R14: =+IFERROR(HLOOKUP($B14,'[3]11월'!$F$6:$CC$57,3,),)/1000 -> 2237.4768 | S14: =+P14-R14 -> -409.69839 | T14: =+IFERROR(HLOOKUP($B14,'[1]11월'!$D$6:$BN$259,16,),)/1000 -> 288.71255 | U14: =+IFERROR(HLOOKUP($B14,'[2]11월'!$F$6:$CP$99,16,),)/1000 -> 141.17147 | V14: =+U14-T14 -> -147.54108 | W14: =+IFERROR(HLOOKUP($B14,'[3]11월'!$F$6:$CC$57,16,),)/1000 -> 345.89393 | X14: =+U14-W14 -> -204.72246 | Y14: =+[5]정관!$Q$85 -> 104000 | Z14: =+[5]정관!$R$85 -> 101189.08 | AA14: =+[6]정관!$Q$85 -> 100846.3 | AB14: =+[5]정관!$Q$89 -> 79201.727 | AC14: =+[5]정관!$R$89 -> 82675.659 | AD14: =+[6]정관!$Q$89 -> 76983.404 | AE14: =+Y14-AB14 -> 24798.273 | AF14: =+Z14-AC14 -> 18513.424 | AG14: =+AA14-AD14 -> 23862.893
B15: 양산 | G15: =+I15 -> 양산 | I15: 양산 | J15: =+IFERROR(HLOOKUP($B15,'[1]11월'!$D$6:$BN$259,2,),)/1000 -> 12 | K15: =+IFERROR(HLOOKUP($B15,'[2]11월'!$F$6:$CP$99,2,),)/1000 -> 10.32 | L15: =+K15-J15 -> -1.68 | M15: =+IFERROR(HLOOKUP($B15,'[3]11월'!$F$6:$CC$57,2,),)/1000 -> 13.651 | N15: =+K15-M15 -> -3.331 | O15: =+IFERROR(HLOOKUP($B15,'[1]11월'!$D$6:$BN$259,3,),)/1000 -> 1166.5218 | P15: =+IFERROR(HLOOKUP($B15,'[2]11월'!$F$6:$CP$99,3,),)/1000 -> 1034.8856 | Q15: =+P15-O15 -> -131.63623 | R15: =+IFERROR(HLOOKUP($B15,'[3]11월'!$F$6:$CC$57,3,),)/1000 -> 1229.7334 | S15: =+P15-R15 -> -194.8478 | T15: =+IFERROR(HLOOKUP($B15,'[1]11월'!$D$6:$BN$259,16,),)/1000 -> 172.32307 | U15: =+IFERROR(HLOOKUP($B15,'[2]11월'!$F$6:$CP$99,16,),)/1000 -> 98.711031 | V15: =+U15-T15 -> -73.612036 | W15: =+IFERROR(HLOOKUP($B15,'[3]11월'!$F$6:$CC$57,16,),)/1000 -> 75.512559 | X15: =+U15-W15 -> 23.198472 | Y15: =+[5]양산!$Q$85 -> 97210.153 | Z15: =+[5]양산!$R$85 -> 100279.61 | AA15: =+[6]양산!$Q$85 -> 90083.759 | AB15: =+[5]양산!$Q$89 -> 71708.561 | AC15: =+[5]양산!$R$89 -> 76706.995 | AD15: =+[6]양산!$Q$89 -> 73954.29 | AE15: =+Y15-AB15 -> 25501.592 | AF15: =+Z15-AC15 -> 23572.618 | AG15: =+AA15-AD15 -> 16129.47
B16: 창원 | G16: =+I16 -> 창원 | I16: 창원 | J16: =+IFERROR(HLOOKUP($B16,'[1]11월'!$D$6:$BN$259,2,),)/1000 -> 16 | K16: =+IFERROR(HLOOKUP($B16,'[2]11월'!$F$6:$CP$99,2,),)/1000 -> 13.393 | L16: =+K16-J16 -> -2.607 | M16: =+IFERROR(HLOOKUP($B16,'[3]11월'!$F$6:$CC$57,2,),)/1000 -> 24.905 | N16: =+K16-M16 -> -11.512 | O16: =+IFERROR(HLOOKUP($B16,'[1]11월'!$D$6:$BN$259,3,),)/1000 -> 1628.6015 | P16: =+IFERROR(HLOOKUP($B16,'[2]11월'!$F$6:$CP$99,3,),)/1000 -> 1320.8885 | Q16: =+P16-O16 -> -307.713 | R16: =+IFERROR(HLOOKUP($B16,'[3]11월'!$F$6:$CC$57,3,),)/1000 -> 2379.7132 | S16: =+P16-R16 -> -1058.8247 | T16: =+IFERROR(HLOOKUP($B16,'[1]11월'!$D$6:$BN$259,16,),)/1000 -> 283.85298 | U16: =+IFERROR(HLOOKUP($B16,'[2]11월'!$F$6:$CP$99,16,),)/1000 -> 134.08562 | V16: =+U16-T16 -> -149.76736 | W16: =+IFERROR(HLOOKUP($B16,'[3]11월'!$F$6:$CC$57,16,),)/1000 -> 375.28587 | X16: =+U16-W16 -> -241.20025 | Y16: =+[5]창원!$Q$85 -> 101787.59 | Z16: =+[5]창원!$R$85 -> 98625.289 | AA16: =+[6]창원!$Q$85 -> 95551.624 | AB16: =+[5]창원!$Q$89 -> 72750.016 | AC16: =+[5]창원!$R$89 -> 75355.289 | AD16: =+[6]창원!$Q$89 -> 72769.45 | AE16: =+Y16-AB16 -> 29037.577 | AF16: =+Z16-AC16 -> 23270 | AG16: =+AA16-AD16 -> 22782.174
B17: 대구 | G17: =+I17 -> 대구 | I17: 대구 | J17: =+IFERROR(HLOOKUP($B17,'[1]11월'!$D$6:$BN$259,2,),)/1000 -> 16.5 | K17: =+IFERROR(HLOOKUP($B17,'[2]11월'!$F$6:$CP$99,2,),)/1000 -> 15.449 | L17: =+K17-J17 -> -1.051 | M17: =+IFERROR(HLOOKUP($B17,'[3]11월'!$F$6:$CC$57,2,),)/1000 -> 19.431 | N17: =+K17-M17 -> -3.982 | O17: =+IFERROR(HLOOKUP($B17,'[1]11월'!$D$6:$BN$259,3,),)/1000 -> 1613.04 | P17: =+IFERROR(HLOOKUP($B17,'[2]11월'!$F$6:$CP$99,3,),)/1000 -> 1485.4652 | Q17: =+P17-O17 -> -127.57475 | R17: =+IFERROR(HLOOKUP($B17,'[3]11월'!$F$6:$CC$57,3,),)/1000 -> 1786.2266 | S17: =+P17-R17 -> -300.76135 | T17: =+IFERROR(HLOOKUP($B17,'[1]11월'!$D$6:$BN$259,16,),)/1000 -> 284.59643 | U17: =+IFERROR(HLOOKUP($B17,'[2]11월'!$F$6:$CP$99,16,),)/1000 -> 166.75688 | V17: =+U17-T17 -> -117.83955 | W17: =+IFERROR(HLOOKUP($B17,'[3]11월'!$F$6:$CC$57,16,),)/1000 -> 222.08831 | X17: =+U17-W17 -> -55.331428 | Y17: =+[5]대구!$Q$85 -> 97760 | Z17: =+[5]대구!$R$85 -> 96152.842 | AA17: =+[6]대구!$Q$85 -> 91926.643 | AB17: =+[5]대구!$Q$89 -> 71060.782 | AC17: =+[5]대구!$R$89 -> 74152.653 | AD17: =+[6]대구!$Q$89 -> 71502.714 | AE17: =+Y17-AB17 -> 26699.218 | AF17: =+Z17-AC17 -> 22000.188 | AG17: =+AA17-AD17 -> 20423.929
B18: 울산 | G18: =+I18 -> 울산 | I18: 울산 | J18: =+IFERROR(HLOOKUP($B18,'[1]11월'!$D$6:$BN$259,2,),)/1000 -> 12 | K18: =+IFERROR(HLOOKUP($B18,'[2]11월'!$F$6:$CP$99,2,),)/1000 -> 12.988 | L18: =+K18-J18 -> 0.988 | M18: =+IFERROR(HLOOKUP($B18,'[3]11월'!$F$6:$CC$57,2,),)/1000 -> 5.2705 | N18: =+K18-M18 -> 7.7175 | O18: =+IFERROR(HLOOKUP($B18,'[1]11월'!$D$6:$BN$259,3,),)/1000 -> 1215.058 | P18: =+IFERROR(HLOOKUP($B18,'[2]11월'!$F$6:$CP$99,3,),)/1000 -> 1407.4653 | Q18: =+P18-O18 -> 192.4073 | R18: =+IFERROR(HLOOKUP($B18,'[3]11월'!$F$6:$CC$57,3,),)/1000 -> 526.1009 | S18: =+P18-R18 -> 881.3644 | T18: =+IFERROR(HLOOKUP($B18,'[1]11월'!$D$6:$BN$259,16,),)/1000 -> 120.14689 | U18: =+IFERROR(HLOOKUP($B18,'[2]11월'!$F$6:$CP$99,16,),)/1000 -> 169.85775 | V18: =+U18-T18 -> 49.710856 | W18: =+IFERROR(HLOOKUP($B18,'[3]11월'!$F$6:$CC$57,16,),)/1000 -> -18.246208 | X18: =+U18-W18 -> 188.10396 | Y18: =+[5]울산!$Q$85 -> 101254.83 | Z18: =+[5]울산!$R$85 -> 108366.59 | AA18: =+[6]울산!$Q$85 -> 99801.715 | AB18: =+[5]울산!$Q$89 -> 80550.789 | AC18: =+[5]울산!$R$89 -> 83931.342 | AD18: =+[6]울산!$Q$89 -> 80390.959 | AE18: =+Y18-AB18 -> 20704.045 | AF18: =+Z18-AC18 -> 24435.25 | AG18: =+AA18-AD18 -> 19410.755
B19: 아산 | G19: =+I19 -> 아산 | I19: 아산 | J19: =+IFERROR(HLOOKUP($B19,'[1]11월'!$D$6:$BN$259,2,),)/1000 -> 28 | K19: =+IFERROR(HLOOKUP($B19,'[2]11월'!$F$6:$CP$99,2,),)/1000 -> 27.751 | L19: =+K19-J19 -> -0.249 | M19: =+IFERROR(HLOOKUP($B19,'[3]11월'!$F$6:$CC$57,2,),)/1000 -> 30.918 | N19: =+K19-M19 -> -3.167 | O19: =+IFERROR(HLOOKUP($B19,'[1]11월'!$D$6:$BN$259,3,),)/1000 -> 2828.015 | P19: =+IFERROR(HLOOKUP($B19,'[2]11월'!$F$6:$CP$99,3,),)/1000 -> 2807.1351 | Q19: =+P19-O19 -> -20.879863 | R19: =+IFERROR(HLOOKUP($B19,'[3]11월'!$F$6:$CC$57,3,),)/1000 -> 2979.6452 | S19: =+P19-R19 -> -172.51006 | T19: =+IFERROR(HLOOKUP($B19,'[1]11월'!$D$6:$BN$259,16,),)/1000 -> 446.17527 | U19: =+IFERROR(HLOOKUP($B19,'[2]11월'!$F$6:$CP$99,16,),)/1000 -> 245.55114 | V19: =+U19-T19 -> -200.62413 | W19: =+IFERROR(HLOOKUP($B19,'[3]11월'!$F$6:$CC$57,16,),)/1000 -> 374.96461 | X19: =+U19-W19 -> -129.41347 | Y19: =+[5]아산!$Q$85 -> 101000.54 | Z19: =+[5]아산!$R$85 -> 100993.94 | AA19: =+[6]아산!$Q$85 -> 96250.587 | AB19: =+[5]아산!$Q$89 -> 77568.064 | AC19: =+[5]아산!$R$89 -> 82819.722 | AD19: =+[6]아산!$Q$89 -> 77247.813 | AE19: =+Y19-AB19 -> 23432.471 | AF19: =+Z19-AC19 -> 18174.222 | AG19: =+AA19-AD19 -> 19002.774
B20: 전주 | G20: =+I20 -> 전주 | I20: 전주 | J20: =+IFERROR(HLOOKUP($B20,'[1]11월'!$D$6:$BN$259,2,),)/1000 -> 12 | K20: =+IFERROR(HLOOKUP($B20,'[2]11월'!$F$6:$CP$99,2,),)/1000 -> 9.1185 | L20: =+K20-J20 -> -2.8815 | M20: =+IFERROR(HLOOKUP($B20,'[3]11월'!$F$6:$CC$57,2,),)/1000 -> 11.306 | N20: =+K20-M20 -> -2.1875 | O20: =+IFERROR(HLOOKUP($B20,'[1]11월'!$D$6:$BN$259,3,),)/1000 -> 1221.5593 | P20: =+IFERROR(HLOOKUP($B20,'[2]11월'!$F$6:$CP$99,3,),)/1000 -> 903.67658 | Q20: =+P20-O20 -> -317.88268 | R20: =+IFERROR(HLOOKUP($B20,'[3]11월'!$F$6:$CC$57,3,),)/1000 -> 968.3004 | S20: =+P20-R20 -> -64.623818 | T20: =+IFERROR(HLOOKUP($B20,'[1]11월'!$D$6:$BN$259,16,),)/1000 -> 204.11101 | U20: =+IFERROR(HLOOKUP($B20,'[2]11월'!$F$6:$CP$99,16,),)/1000 -> 64.246477 | V20: =+U20-T20 -> -139.86453 | W20: =+IFERROR(HLOOKUP($B20,'[3]11월'!$F$6:$CC$57,16,),)/1000 -> 56.852236 | X20: =+U20-W20 -> 7.394241 | Y20: =+[5]전주!$Q$85 -> 101796.6 | Z20: =+[5]전주!$R$85 -> 99117.984 | AA20: =+[6]전주!$Q$85 -> 85633.894 | AB20: =+[5]전주!$Q$89 -> 73495.475 | AC20: =+[5]전주!$R$89 -> 76865.183 | AD20: =+[6]전주!$Q$89 -> 68516.279 | AE20: =+Y20-AB20 -> 28301.13 | AF20: =+Z20-AC20 -> 22252.801 | AG20: =+AA20-AD20 -> 17117.615
B21: 군산 | G21: =+I21 -> 군산 | I21: 군산 | J21: =+IFERROR(HLOOKUP($B21,'[1]11월'!$D$6:$BN$259,2,),)/1000 -> 7 | K21: =+IFERROR(HLOOKUP($B21,'[2]11월'!$F$6:$CP$99,2,),)/1000 -> 7.147 | L21: =+K21-J21 -> 0.147 | M21: =+IFERROR(HLOOKUP($B21,'[3]11월'!$F$6:$CC$57,2,),)/1000 -> 10.1825 | N21: =+K21-M21 -> -3.0355 | O21: =+IFERROR(HLOOKUP($B21,'[1]11월'!$D$6:$BN$259,3,),)/1000 -> 762.99903 | P21: =+IFERROR(HLOOKUP($B21,'[2]11월'!$F$6:$CP$99,3,),)/1000 -> 764.9177 | Q21: =+P21-O21 -> 1.918671 | R21: =+IFERROR(HLOOKUP($B21,'[3]11월'!$F$6:$CC$57,3,),)/1000 -> 1059.8706 | S21: =+P21-R21 -> -294.95294 | T21: =+IFERROR(HLOOKUP($B21,'[1]11월'!$D$6:$BN$259,16,),)/1000 -> 193.41126 | U21: =+IFERROR(HLOOKUP($B21,'[2]11월'!$F$6:$CP$99,16,),)/1000 -> 153.19348 | V21: =+U21-T21 -> -40.217787 | W21: =+IFERROR(HLOOKUP($B21,'[3]11월'!$F$6:$CC$57,16,),)/1000 -> 286.27942 | X21: =+U21-W21 -> -133.08594 | Y21: =+[5]군산!$Q$85 -> 108999.86 | Z21: =+[5]군산!$R$85 -> 107026.4 | AA21: =+[6]군산!$Q$85 -> 104087.47 | AB21: =+[5]군산!$Q$89 -> 70884.733 | AC21: =+[5]군산!$R$89 -> 73409.949 | AD21: =+[6]군산!$Q$89 -> 68690.171 | AE21: =+Y21-AB21 -> 38115.129 | AF21: =+Z21-AC21 -> 33616.454 | AG21: =+AA21-AD21 -> 35397.297
B22: 원주 | G22: =+I22 -> 원주 | I22: 원주 | J22: =+IFERROR(HLOOKUP($B22,'[1]11월'!$D$6:$BN$259,2,),)/1000 -> 5 | K22: =+IFERROR(HLOOKUP($B22,'[2]11월'!$F$6:$CP$99,2,),)/1000 -> 4.554 | L22: =+K22-J22 -> -0.446 | M22: =+IFERROR(HLOOKUP($B22,'[3]11월'!$F$6:$CC$57,2,),)/1000 -> 5.9845 | N22: =+K22-M22 -> -1.4305 | O22: =+IFERROR(HLOOKUP($B22,'[1]11월'!$D$6:$BN$259,3,),)/1000 -> 539.5 | P22: =+IFERROR(HLOOKUP($B22,'[2]11월'!$F$6:$CP$99,3,),)/1000 -> 521.4149 | Q22: =+P22-O22 -> -18.0851 | R22: =+IFERROR(HLOOKUP($B22,'[3]11월'!$F$6:$CC$57,3,),)/1000 -> 615.8714 | S22: =+P22-R22 -> -94.4565 | T22: =+IFERROR(HLOOKUP($B22,'[1]11월'!$D$6:$BN$259,16,),)/1000 -> 96.951877 | U22: =+IFERROR(HLOOKUP($B22,'[2]11월'!$F$6:$CP$99,16,),)/1000 -> 96.375569 | V22: =+U22-T22 -> -0.57630801 | W22: =+IFERROR(HLOOKUP($B22,'[3]11월'!$F$6:$CC$57,16,),)/1000 -> 84.897067 | X22: =+U22-W22 -> 11.478502 | Y22: =+[5]원주!$Q$85 -> 107900 | Z22: =+[5]원주!$R$85 -> 114496.03 | AA22: =+[6]원주!$Q$85 -> 103024.56 | AB22: =+[5]원주!$Q$89 -> 73124.293 | AC22: =+[5]원주!$R$89 -> 74946.434 | AD22: =+[6]원주!$Q$89 -> 74178.192 | AE22: =+Y22-AB22 -> 34775.707 | AF22: =+Z22-AC22 -> 39549.592 | AG22: =+AA22-AD22 -> 28846.372
B23: 제주 | G23: =+I23 -> 제주 | I23: 제주 | J23: =+IFERROR(HLOOKUP($B23,'[1]11월'!$D$6:$BN$259,2,),)/1000 -> 7 | K23: =+IFERROR(HLOOKUP($B23,'[2]11월'!$F$6:$CP$99,2,),)/1000 -> 2.901 | L23: =+K23-J23 -> -4.099 | M23: =+IFERROR(HLOOKUP($B23,'[3]11월'!$F$6:$CC$57,2,),)/1000 -> 6.3775 | N23: =+K23-M23 -> -3.4765 | O23: =+IFERROR(HLOOKUP($B23,'[1]11월'!$D$6:$BN$259,3,),)/1000 -> 887.6 | P23: =+IFERROR(HLOOKUP($B23,'[2]11월'!$F$6:$CP$99,3,),)/1000 -> 350.95144 | Q23: =+P23-O23 -> -536.64856 | R23: =+IFERROR(HLOOKUP($B23,'[3]11월'!$F$6:$CC$57,3,),)/1000 -> 774.95708 | S23: =+P23-R23 -> -424.00565 | T23: =+IFERROR(HLOOKUP($B23,'[1]11월'!$D$6:$BN$259,16,),)/1000 -> 165.25927 | U23: =+IFERROR(HLOOKUP($B23,'[2]11월'!$F$6:$CP$99,16,),)/1000 -> -11.658004 | V23: =+U23-T23 -> -176.91727 | W23: =+IFERROR(HLOOKUP($B23,'[3]11월'!$F$6:$CC$57,16,),)/1000 -> 118.1963 | X23: =+U23-W23 -> -129.85431 | Y23: =+[5]제주!$Q$85 -> 126800 | Z23: =+[5]제주!$R$85 -> 120976.02 | AA23: =+[6]제주!$Q$85 -> 121552.08 | AB23: =+[5]제주!$Q$89 -> 91213.272 | AC23: =+[5]제주!$R$89 -> 91677.915 | AD23: =+[6]제주!$Q$89 -> 87747.614 | AE23: =+Y23-AB23 -> 35586.728 | AF23: =+Z23-AC23 -> 29298.106 | AG23: =+AA23-AD23 -> 33804.464
G24: =+I24 -> 수도권 | I24: 수도권 | J24: =SUM(J7:J10) -> 121.5 | K24: =SUM(K7:K10) -> 107.646 | L24: =+K24-J24 -> -13.854 | M24: =SUM(M7:M10) -> 139.27168 | N24: =+K24-M24 -> -31.62568 | O24: =SUM(O7:O10) -> 12416.803 | P24: =SUM(P7:P10) -> 10479.18 | Q24: =+P24-O24 -> -1937.6227 | R24: =SUM(R7:R10) -> 13147.692 | S24: =+P24-R24 -> -2668.5115 | T24: =SUM(T7:T10) -> 1856.0099 | U24: =SUM(U7:U10) -> 553.11277 | V24: =+U24-T24 -> -1302.8971 | W24: =SUM(W7:W10) -> 900.72377 | X24: =+U24-W24 -> -347.611 | Y24: =+[5]수도권!$Q$85 -> 102195.91 | Z24: =+[5]수도권!$R$85 -> 97363.141 | AA24: =+[6]수도권!$Q$85 -> 94344.989 | AB24: =+[5]수도권!$Q$89 -> 79198.011 | AC24: =+[5]수도권!$R$89 -> 83203.071 | AD24: =+[6]수도권!$Q$89 -> 80822.746 | AE24: =+Y24-AB24 -> 22997.9 | AF24: =+Z24-AC24 -> 14160.07 | AG24: =+AA24-AD24 -> 13522.243
G25: =+I25 -> 영남권 | I25: 영남권 | J25: =SUM(J11:J18) -> 139.5 | K25: =SUM(K11:K18) -> 121.551 | L25: =+K25-J25 -> -17.949 | M25: =SUM(M11:M18) -> 155.159 | N25: =+K25-M25 -> -33.608 | O25: =SUM(O11:O18) -> 14314.627 | P25: =SUM(P11:P18) -> 12242.393 | Q25: =+P25-O25 -> -2072.2336 | R25: =SUM(R11:R18) -> 15081.412 | S25: =+P25-R25 -> -2839.0187 | T25: =SUM(T11:T18) -> 2301.2994 | U25: =SUM(U11:U18) -> 1095.102 | V25: =+U25-T25 -> -1206.1974 | W25: =SUM(W11:W18) -> 1920.96 | X25: =+U25-W25 -> -825.85803 | Y25: =+[5]영남권!$Q$85 -> 102613.81 | Z25: =+[5]영남권!$R$85 -> 100718.16 | AA25: =+[6]영남권!$Q$85 -> 97198.734 | AB25: =+[5]영남권!$Q$89 -> 76154.162 | AC25: =+[5]영남권!$R$89 -> 79490.263 | AD25: =+[6]영남권!$Q$89 -> 75561.134 | AE25: =+Y25-AB25 -> 26459.648 | AF25: =+Z25-AC25 -> 21227.896 | AG25: =+AA25-AD25 -> 21637.6
G26: =+I26 -> 중부권 | I26: 중부권 | J26: =SUM(J19:J23) -> 59 | K26: =SUM(K19:K23) -> 51.4715 | L26: =+K26-J26 -> -7.5285 | M26: =SUM(M19:M23) -> 64.7685 | N26: =+K26-M26 -> -13.297 | O26: =SUM(O19:O23) -> 6239.6733 | P26: =SUM(P19:P23) -> 5348.0958 | Q26: =+P26-O26 -> -891.57753 | R26: =SUM(R19:R23) -> 6398.6447 | S26: =+P26-R26 -> -1050.549 | T26: =SUM(T19:T23) -> 1105.9087 | U26: =SUM(U19:U23) -> 547.70866 | V26: =+U26-T26 -> -558.20003 | W26: =SUM(W19:W23) -> 921.18964 | X26: =+U26-W26 -> -373.48098 | Y26: =+[5]중부권!$Q$85 -> 105757.17 | Z26: =+[5]중부권!$R$85 -> 103847.09 | AA26: =+[6]중부권!$Q$85 -> 98678.013 | AB26: =+[5]중부권!$Q$89 -> 77189.135 | AC26: =+[5]중부권!$R$89 -> 80246.621 | AD26: =+[6]중부권!$Q$89 -> 75088.296 | AE26: =+Y26-AB26 -> 28568.039 | AF26: =+Z26-AC26 -> 23600.464 | AG26: =+AA26-AD26 -> 23589.717
G27: =+K27/J27 -> 0.87708906 | H27: 레미콘 계 | J27: =SUM(J24:J26) -> 320 | K27: =SUM(K24:K26) -> 280.6685 | L27: =+K27-J27 -> -39.3315 | M27: =SUM(M24:M26) -> 359.19918 | N27: =+K27-M27 -> -78.53068 | O27: =SUM(O24:O26) -> 32971.103 | P27: =SUM(P24:P26) -> 28069.669 | Q27: =+P27-O27 -> -4901.4338 | R27: =SUM(R24:R26) -> 34627.748 | S27: =+P27-R27 -> -6558.0792 | T27: =SUM(T24:T26) -> 5263.218 | U27: =SUM(U24:U26) -> 2195.9234 | V27: =+U27-T27 -> -3067.2946 | W27: =SUM(W24:W26) -> 3742.8734 | X27: =+U27-W27 -> -1546.95 | Y27: =+[5]합계!$Q$85 -> 103034.7 | Z27: =+[5]합계!$R$85 -> 100000.5 | AA27: =+[6]합계!$Q$85 -> 96359.434 | AB27: =+[5]합계!$Q$89 -> 77500.697 | AC27: =+[5]합계!$R$89 -> 81042.566 | AD27: =+[6]합계!$Q$89 -> 77511.639 | AE27: =+Y27-AB27 -> 25534 | AF27: =+Z27-AC27 -> 18957.932 | AG27: =+AA27-AD27 -> 18847.795
B28: 건자재 | E28: 건자재영업 | G28: 건자재 | H28: 건자재 | J28: =+IFERROR(HLOOKUP($B28,'[1]11월'!$D$6:$BN$259,2,),) -> 9200 | K28: =+IFERROR(HLOOKUP($E28,'[2]11월'!$F$6:$CP$99,2,),) -> 10221.802 | L28: =+K28-J28 -> 1021.802 | M28: =+IFERROR(HLOOKUP($E28,'[3]11월'!$F$6:$CC$57,2,),) -> 10109.273 | N28: =+K28-M28 -> 112.529 | O28: =+IFERROR(HLOOKUP($B28,'[1]11월'!$D$6:$BN$259,3,),)/1000 -> 11242.202 | P28: =+IFERROR(HLOOKUP($E28,'[2]11월'!$F$6:$CP$99,3,),)/1000 -> 9942.869 | Q28: =+P28-O28 -> -1299.3331 | R28: =+IFERROR(HLOOKUP($E28,'[3]11월'!$F$6:$CC$57,3,),)/1000 -> 12404.88 | S28: =+P28-R28 -> -2462.0112 | T28: =+IFERROR(HLOOKUP($B28,'[1]11월'!$D$6:$BN$259,16,),)/1000 -> 165.73533 | U28: =+IFERROR(HLOOKUP($E28,'[2]11월'!$F$6:$CP$99,16,),)/1000 -> 118.35665 | V28: =+U28-T28 -> -47.37868 | W28: =+IFERROR(HLOOKUP($E28,'[3]11월'!$F$6:$CC$57,16,),)/1000 -> 98.190129 | X28: =+U28-W28 -> 20.16652 | Y28: ■ 비고
B29: 부산모래장 | C29: 부산골재 | G29: =+I29 -> 부산모래장 | H29: 골재 | I29: 부산모래장 | J29: =+IFERROR(HLOOKUP($B29,'[1]11월'!$D$6:$BN$259,2,),)/1000 -> 29.768648 | K29: =+IFERROR(HLOOKUP($C29,'[2]11월'!$F$6:$CP$99,2,),)/1000 -> 25.492 | L29: =+K29-J29 -> -4.2766484 | M29: =+IFERROR(HLOOKUP($C29,'[3]11월'!$F$6:$CC$57,2,),)/1000 -> 31.346 | N29: =+K29-M29 -> -5.854 | O29: =+IFERROR(HLOOKUP($B29,'[1]11월'!$D$6:$BN$259,3,),)/1000 -> 846.36177 | P29: =+IFERROR(HLOOKUP($C29,'[2]11월'!$F$6:$CP$99,3,),)/1000 -> 701.3415 | Q29: =+P29-O29 -> -145.02027 | R29: =+IFERROR(HLOOKUP($C29,'[3]11월'!$F$6:$CC$57,3,),)/1000 -> 893.3245 | S29: =+P29-R29 -> -191.983 | T29: =+IFERROR(HLOOKUP($B29,'[1]11월'!$D$6:$BN$259,21,),)/1000 -> 68.431451 | U29: =+IFERROR(HLOOKUP($C29,'[2]11월'!$F$6:$CP$99,21,),)/1000 -> 1.8739536 | V29: =+U29-T29 -> -66.557497 | W29: =+IFERROR(HLOOKUP($C29,'[3]11월'!$F$6:$CC$57,16,),)/1000 -> 56.281423 | X29: =+U29-W29 -> -54.407469 | Y29: - 1군단가 소급분 : 233백만원
B30: 서부산크라샤 | C30: 서부산골재 | G30: =+I30 -> 서부산CR | I30: 서부산CR | J30: =+IFERROR(HLOOKUP($B30,'[1]11월'!$D$6:$BN$259,2,),)/1000 -> 51.375563 | K30: =+IFERROR(HLOOKUP($C30,'[2]11월'!$F$6:$CP$99,2,),)/1000 -> 1.202 | L30: =+K30-J30 -> -50.173563 | M30: =+IFERROR(HLOOKUP($C30,'[3]11월'!$F$6:$CC$57,2,),)/1000 -> 37.866 | N30: =+K30-M30 -> -36.664 | O30: =+IFERROR(HLOOKUP($B30,'[1]11월'!$D$6:$BN$259,3,),)/1000 -> 637.61412 | P30: =+IFERROR(HLOOKUP($C30,'[2]11월'!$F$6:$CP$99,3,),)/1000 -> 14.424 | Q30: =+P30-O30 -> -623.19012 | R30: =+IFERROR(HLOOKUP($C30,'[3]11월'!$F$6:$CC$57,3,),)/1000 -> 482.524 | S30: =+P30-R30 -> -468.1 | T30: =+IFERROR(HLOOKUP($B30,'[1]11월'!$D$6:$BN$259,21,),)/1000 -> 118.26266 | U30: =+IFERROR(HLOOKUP($C30,'[2]11월'!$F$6:$CP$99,21,),)/1000 -> -70.358755 | V30: =+U30-T30 -> -188.62142 | W30: =+IFERROR(HLOOKUP($C30,'[3]11월'!$F$6:$CC$57,16,),)/1000 -> 86.54813 | X30: =+U30-W30 -> -156.90688 | Y30: (두산건설 117백만원, 롯데건설 113백만원, 계룡건설산업 1.7백만원, 동아건설산업 0.6백만원)
B31: 부산크라샤 | C31: 부산크라샤 | G31: =+I31 -> 부산CR | I31: 부산CR | J31: =+IFERROR(HLOOKUP($B31,'[1]11월'!$D$6:$BN$259,2,),)/1000 -> 43.490335 | K31: =+IFERROR(HLOOKUP($C31,'[2]11월'!$F$6:$CP$99,2,),)/1000 -> 39.432 | L31: =+K31-J31 -> -4.0583354 | M31: =+IFERROR(HLOOKUP($C31,'[3]11월'!$F$6:$CC$57,2,),)/1000 -> 36.262 | N31: =+K31-M31 -> 3.17 | O31: =+IFERROR(HLOOKUP($B31,'[1]11월'!$D$6:$BN$259,3,),)/1000 -> 789.09505 | P31: =+IFERROR(HLOOKUP($C31,'[2]11월'!$F$6:$CP$99,3,),)/1000 -> 698.26 | Q31: =+P31-O31 -> -90.83505 | R31: =+IFERROR(HLOOKUP($C31,'[3]11월'!$F$6:$CC$57,3,),)/1000 -> 638.882 | S31: =+P31-R31 -> 59.378 | T31: =+IFERROR(HLOOKUP($B31,'[1]11월'!$D$6:$BN$259,21,),)/1000 -> 72.555884 | U31: =+IFERROR(HLOOKUP($C31,'[2]11월'!$F$6:$CP$99,21,),)/1000 -> -221.62408 | V31: =+U31-T31 -> -294.17997 | W31: =+IFERROR(HLOOKUP($C31,'[3]11월'!$F$6:$CC$57,16,),)/1000 -> -14.856121 | X31: =+U31-W31 -> -206.76796
H32: 골재 계 | J32: =SUM(J29:J31) -> 124.63455 | K32: =SUM(K29:K31) -> 66.126 | L32: =+K32-J32 -> -58.508547 | M32: =SUM(M29:M31) -> 105.474 | N32: =+K32-M32 -> -39.348 | O32: =SUM(O29:O31) -> 2273.0709 | P32: =SUM(P29:P31) -> 1414.0255 | Q32: =+P32-O32 -> -859.04544 | R32: =SUM(R29:R31) -> 2014.7305 | S32: =+P32-R32 -> -600.705 | T32: =SUM(T29:T31) -> 259.25 | U32: =SUM(U29:U31) -> -290.10889 | V32: =+U32-T32 -> -549.35889 | W32: =SUM(W29:W31) -> 127.97343 | X32: =+U32-W32 -> -418.08232 | Y32: ▶ 운반비 소급
B33: 포항임대 | C33: 속초임대 | D33: 강릉임대 | E33: 레미콘임대 계 | G33: =+I33 -> 레미콘임대 | H33: 기타 | I33: 레미콘임대 | L33: =+K33-J33 -> 0 | N33: =+K33-M33 -> 0 | O33: =(IFERROR(HLOOKUP($B33,'[1]11월'!$D$6:$BN$259,3,),)++IFERROR(HLOOKUP($C33,'[1]11월'!$D$6:$BN$259,3,),)+IFERROR(HLOOKUP($D33,'[1]11월'!$D$6:$BN$259,3,),))/1000 -> 90.84 | P33: =+IFERROR(HLOOKUP($E33,'[2]11월'!$F$6:$CP$99,3,),)/1000 -> 90.84 | Q33: =+P33-O33 -> 0 | R33: =+IFERROR(HLOOKUP($E33,'[3]11월'!$F$6:$CC$57,3,),)/1000 -> 90.84 | S33: =+P33-R33 -> 0 | T33: =(IFERROR(HLOOKUP($B33,'[1]11월'!$D$6:$BN$259,21,),)++IFERROR(HLOOKUP($C33,'[1]11월'!$D$6:$BN$259,21,),)+IFERROR(HLOOKUP($D33,'[1]11월'!$D$6:$BN$259,21,),))/1000 -> 72.210526 | U33: =+IFERROR(HLOOKUP($E33,'[2]11월'!$F$6:$CP$99,16,),)/1000 -> 67.392238 | V33: =+U33-T33 -> -4.818288 | W33: =+IFERROR(HLOOKUP($E33,'[3]11월'!$F$6:$CC$57,16,),)/1000 -> 71.822105 | X33: =+U33-W33 -> -4.429867 | Y33: - 인천 : 6,598만원
B34: 부동산임대 | C34: 주유소임대 | E34: 임대 계 | G34: =+I34 -> 임대 | I34: 임대 | L34: =+K34-J34 -> 0 | M34: 0 | N34: =+K34-M34 -> 0 | O34: =(+IFERROR(HLOOKUP($B34,'[1]11월'!$D$6:$BN$259,3,),)+IFERROR(HLOOKUP($C34,'[1]11월'!$D$6:$BN$259,3,),))/1000 -> 72.2975 | P34: =+IFERROR(HLOOKUP($E34,'[2]11월'!$F$6:$CP$99,3,),)/1000 -> 72.663968 | Q34: =+P34-O34 -> 0.36646767 | R34: =+IFERROR(HLOOKUP($E34,'[3]11월'!$F$6:$CC$57,3,),)/1000 -> 93.741319 | S34: =+P34-R34 -> -21.077351 | T34: =(+IFERROR(HLOOKUP($B34,'[1]11월'!$D$6:$BN$259,21,),)+IFERROR(HLOOKUP($C34,'[1]11월'!$D$6:$BN$259,21,),))/1000 -> 62.045457 | U34: =+IFERROR(HLOOKUP($E34,'[2]11월'!$F$6:$CP$99,16,),)/1000 -> 58.662833 | V34: =+U34-T34 -> -3.3826243 | W34: =+IFERROR(HLOOKUP($E34,'[3]11월'!$F$6:$CC$57,16,),)/1000 -> 56.694342 | X34: =+U34-W34 -> 1.968491 | Y34: - 김포 : 2,914만원
B35: 공 통 비 | G35: =+I35 -> 공통비 | I35: 공통비 | L35: =+K35-J35 -> 0 | N35: =+K35-M35 -> 0 | Q35: =+P35-O35 -> 0 | S35: =+P35-R35 -> 0 | T35: =-'[1]11월'!$Z$22/1000 -> -1173.9158 | U35: =+-'[2]11월'!$Z$22/1000 -> -1265.4311 | V35: =+U35-T35 -> -91.515309 | W35: =+-'[3]11월'!$Z$22/1000 -> -1202.3067 | X35: =+U35-W35 -> -63.124355
G36: =+I36 -> OPC 소급분 | I36: OPC 소급분 | N36: =+K36-M36 -> 0 | Q36: =+P36-O36 -> 0 | S36: =+P36-R36 -> 0 | T36: =+'[1]11월'!$AS$26/1000 -> 0 | U36: ='[2]11월'!$BD$26/1000 -> 241.78824 | V36: =+U36-T36 -> 241.78824 | W36: =-'[3]11월'!$BD$26/1000 -> 0 | X36: =+U36-W36 -> 241.78824
G37: =+I37 -> 대손 | I37: 대손 | N37: =+K37-M37 -> 0 | Q37: =+P37-O37 -> 0 | S37: =+P37-R37 -> 0 | U37: ='[2]11월'!$BE$26/1000 -> 0 | V37: =+U37-T37 -> 0 | W37: ='[3]11월'!$BE$26/1000 -> 0 | X37: =+U37-W37 -> 0
G38: =+I38 -> 미운영 공장 | I38: 미운영 공장 | M38: =SUM(M54:M59) -> 0 | N38: =+K38-M38 -> 0 | Q38: =+P38-O38 -> 0 | R38: =+IFERROR(HLOOKUP($I$38,'[3]11월'!$F$6:$BJ$50,3,),)/1000 -> 0 | S38: =+P38-R38 -> 0 | T38: =SUM('[1]11월'!$AM$26:$AQ$26)/1000 -> -35.713225 | U38: =+'[2]11월'!$BF$26/1000 -> -32.976668 | V38: =+U38-T38 -> 2.7365574 | W38: =+'[3]11월'!$BF$26/1000 -> -9.302589 | X38: =+U38-W38 -> -23.674079
B39: 기타 계 | G39: =+I39 -> 기타 | I39: 기타 | L39: =+K39-J39 -> 0 | N39: =+K39-M39 -> 0 | O39: =IFERROR(HLOOKUP($B39,'[1]11월'!$D$6:$BN$259,3,),)/1000 -> 1.77 | P39: =+('[2]11월'!$F$8-SUM('[2]11월'!$Z$8,'[2]11월'!$AH$8,'[2]11월'!$AN$8,'[2]11월'!$AO$8,'[2]11월'!$BA$8,'[2]11월'!$BD$8,'[2]11월'!$BE$8,'[2]11월'!$BF$8))/1000 -> 1.8206 | Q39: =+P39-O39 -> 0.0506 | R39: =+('[3]11월'!$F$8-SUM('[3]11월'!$Z$8,'[3]11월'!$AH$8,'[3]11월'!$AN$8,'[3]11월'!$AO$8,'[3]11월'!$BA$8,'[3]11월'!$BD$8,'[3]11월'!$BE$8,'[3]11월'!$BF$8))/1000 -> 1.7741 | S39: =+P39-R39 -> 0.0465 | T39: =+('[1]11월'!$E$26-'[1]11월'!$Z$26-'[1]11월'!$AA$26-'[1]11월'!$AE$26-'[1]11월'!$AL$26-'[1]11월'!$AM$26-'[1]11월'!$AN$26-'[1]11월'!$AO$26-'[1]11월'!$AP$26-'[1]11월'!$AQ$26-'[1]11월'!$AS$26)/1000 -> -79.281808 | U39: =+('[2]11월'!$F$26-SUM('[2]11월'!$Z$26,'[2]11월'!$AH$26,'[2]11월'!$AN$26,'[2]11월'!$AO$26,'[2]11월'!$BA$26,'[2]11월'!$BD$26,'[2]11월'!$BE$26,'[2]11월'!$BF$26))/1000 -> -16.745684 | V39: =+U39-T39 -> 62.536124 | W39: =+('[3]11월'!$F$26-SUM('[3]11월'!$Z$26,'[3]11월'!$AH$26,'[3]11월'!$AN$26,'[3]11월'!$AO$26,'[3]11월'!$BA$26,'[3]11월'!$BD$26,'[3]11월'!$BE$26,'[3]11월'!$BF$26))/1000 -> -16.698095 | X39: =+U39-W39 -> -0.047589
N40: =+K40-M40 -> 0 | Q40: =+P40-O40 -> 0 | S40: =+P40-R40 -> 0 | V40: =+U40-T40 -> 0
H41: 기타 계 | J41: =SUM(J33:J40) -> 0 | K41: =SUM(K33:K40) -> 0 | L41: =+K41-J41 -> 0 | M41: =SUM(M33:M40) -> 0 | N41: =+K41-M41 -> 0 | O41: =SUM(O33:O40) -> 164.9075 | P41: =SUM(P33:P40) -> 165.32457 | Q41: =+P41-O41 -> 0.41706767 | R41: =SUM(R33:R40) -> 186.35542 | S41: =+P41-R41 -> -21.030851 | T41: =SUM(T33:T40) -> -1154.6548 | U41: =SUM(U33:U40) -> -947.31013 | V41: =+U41-T41 -> 207.3447 | W41: =SUM(W33:W40) -> -1099.791 | X41: =+U41-W41 -> 152.48084
U42: 19 | V42: 12.4
G43: =+P43/O43 -> 0.84867736 | H43: 합계 | O43: =+O27+O32+O28+O41 -> 46651.284 | P43: =+P27+P32+P28+P41 -> 39591.888 | Q43: =+P43-O43 -> -7059.3953 | R43: =+R27+R32+R28+R41 -> 49233.714 | S43: =+P43-R43 -> -9641.8262 | T43: =+T27+T32+T28+T41 -> 4533.5485 | U43: =+U27+U32+U28+U41 -> 1076.861 | V43: =+U43-T43 -> -3456.6874 | W43: =+W27+W32+W28+W41 -> 2869.246 | X43: =+U43-W43 -> -1792.385
G44: =+U43/T43 -> 0.2375316 | P44: =+P43/O43 -> 0.84867736 | T44: =+T43/O43 -> 0.097179501 | U44: =+U43/P43 -> 0.027199032
I46: 확인 | J46: =+'[1]11월'!$Z$7/1000 -> 320 | K46: =+'[2]11월'!$AI$7/1000 -> 280.6685 | M46: =+'[3]11월'!$Z$7/1000 -> 359.19918 | O46: =+'[1]11월'!$E$8/1000 -> 46651.284 | P46: =+'[2]11월'!$F$8/1000 -> 39591.888 | R46: =+'[3]11월'!$F$8/1000 -> 49233.714 | T46: =+'[1]11월'!$E$26/1000 -> 4533.5485 | U46: =+'[2]11월'!$F$26/1000 -> 1076.861 | W46: =+'[3]11월'!$F$26/1000 -> 2869.246
J47: =+J46-J27 -> 0 | K47: =+K46-K27 -> 0 | M47: =+M46-M27 -> 0 | O47: =+O46-O43 -> 0 | P47: =+P46-P43 -> 0 | R47: =+R46-R43 -> 0 | T47: =+T46-T43 -> 0 | U47: =+U46-U43 -> 0 | W47: =+W46-W43 -> 0
S50: 레미콘 | T50: =(+T27+T35)/100 -> 40.893022 | U50: =(+U27+U35)/100 -> 9.3049231 | V50: =+U50-T50 -> -31.588099 | W50: =+U50/T50-1 -> -0.77245695
S51: 건자재 | T51: =+T28/100 -> 1.6573533 | U51: =+U28/100 -> 1.1835665 | V51: =+U51-T51 -> -0.4737868 | Y51: - OPC 소급분 : 삼표 2.5억(총 9.9억 中 1회차) → 8~11월 총 4회 소급예정
S52: 골재 | T52: =+T32/100 -> 2.5925 | U52: =+U32/100 -> -2.9010889 | V52: =+U52-T52 -> -5.4935889
S53: 임대 | T53: =(T33+T34)/100 -> 1.3425598 | U53: =(U33+U34)/100 -> 1.2605507 | V53: =+U53-T53 -> -0.082009123
S54: 기타 | T54: =(T46/100)-T50-T51-T52-T53 -> -1.1499503 | U54: =(U46/100)-U50-U51-U52-U53 -> 1.9206589 | V54: =+U54-T54 -> 3.0706092
T55: =SUM(T53:T54) -> 0.1926095 | U55: =SUM(U53:U54) -> 3.1812096 | V55: =SUM(V53:V54) -> 2.9886001
T56: =SUM(T50:T54) -> 45.335485 | U56: =SUM(U50:U54) -> 10.76861 | V56: =+U56-T56 -> -34.566874
S58: 임대 | T58: =+(T33+T34)/100 -> 1.3425598 | U58: =+(U33+U34)/100 -> 1.2605507 | V58: =+U58-T58 -> -0.082009123
S59: =+I36 -> OPC 소급분 | T59: =+T36/100 -> 0 | U59: =+U36/100 -> 2.4178824 | V59: =+U59-T59 -> 2.4178824
S60: =+I37 -> 대손 | T60: =+T37/100 -> 0 | U60: =+U37/100 -> 0 | V60: =+U60-T60 -> 0
S61: =+I38 -> 미운영 공장 | T61: =+T38/100 -> -0.35713225 | U61: =+U38/100 -> -0.32976668 | V61: =+U61-T61 -> 0.027365574
S62: =+I39 -> 기타 | T62: =+T39/100 -> -0.79281808 | U62: =+U39/100 -> -0.16745684 | V62: =+U62-T62 -> 0.62536124
T63: =SUM(T58:T62) -> 0.1926095 | U63: =SUM(U58:U62) -> 3.1812096 | V63: =SUM(V58:V62) -> 2.9886001

Sheet 사업장별(누계)
H3: □ 사업장별 손익실적(2024-11누계)
AG4: [단위 : 천㎥, 톤, 백만원]
H5: 구분 | J5: 물량 | O5: 매출 | T5: 영업이익(공통비 배부전) | Y5: 판매단가 | AB5: 변동비 | AE5: 공헌이익
A6: 2024년 11월 마감 손익 | J6: 계획 | K6: 실적 | L6: 차이 | M6: 전년 | N6: 차이 | O6: 계획 | P6: 실적 | Q6: 차이 | R6: 전년 | S6: 차이 | T6: 계획 | U6: 실적 | V6: 차이 | W6: 전년 | X6: 차이 | Y6: 계획 | Z6: 실적 | AA6: 전년 | AB6: 계획 | AC6: 실적 | AD6: 전년 | AE6: 계획 | AF6: 실적 | AG6: 전년
B7: 안양 | F7: =+U7/T7 -> 0.59504132 | G7: =+K7/J7 -> 0.90008079 | H7: 레미콘 | I7: 안양 | J7: =+'사업장별(당월)'!J7+'[4]사업장별(누계)'!J7 -> 458 | K7: =+'사업장별(당월)'!K7+'[4]사업장별(누계)'!K7 -> 412.237 | L7: =+K7-J7 -> -45.763 | M7: =+'사업장별(당월)'!M7+'[4]사업장별(누계)'!M7 -> 503.729 | N7: =+K7-M7 -> -91.492 | O7: =+'사업장별(당월)'!O7+'[4]사업장별(누계)'!O7 -> 45972.704 | P7: =+'사업장별(당월)'!P7+'[4]사업장별(누계)'!P7 -> 40826.39 | Q7: =+P7-O7 -> -5146.3146 | R7: =+'사업장별(당월)'!R7+'[4]사업장별(누계)'!R7 -> 46803.178 | S7: =+P7-R7 -> -5976.788 | T7: =+'사업장별(당월)'!T7+'[4]사업장별(누계)'!T7 -> 6381.786 | U7: =+'사업장별(당월)'!U7+'[4]사업장별(누계)'!U7 -> 3797.4263 | V7: =+U7-T7 -> -2584.3596 | W7: =+'사업장별(당월)'!W7+'[4]사업장별(누계)'!W7 -> 6517.3077 | X7: =+U7-W7 -> -2719.8814 | Y7: =+[11]안양!$Q$85 -> 100377.08 | Z7: =+[11]안양!$R$85 -> 99032.751 | AA7: =+[12]안양!$Q$85 -> 92889.087 | AB7: =+[11]안양!$Q$89 -> 79110.734 | AC7: =+[11]안양!$R$89 -> 81711.511 | AD7: =+[12]안양!$Q$89 -> 73537.47 | AE7: =+Y7-AB7 -> 21266.35 | AF7: =+Z7-AC7 -> 17321.24 | AG7: =+AA7-AD7 -> 19351.617 | AI7: =+U7/T7-1 -> -0.40495868 | AJ7: =+U7/T7 -> 0.59504132 | AK7: =+Z7-Y7 -> -1344.3321 | AL7: =+AC7-AB7 -> 2600.7773 | AM7: =+AF7-AE7 -> -3945.1095
B8: 인천 | F8: =+U8/T8 -> 0.42385025 | G8: =+K8/J8 -> 0.86215698 | H8: 직영 | I8: 인천 | J8: =+'사업장별(당월)'!J8+'[4]사업장별(누계)'!J8 -> 344 | K8: =+'사업장별(당월)'!K8+'[4]사업장별(누계)'!K8 -> 296.582 | L8: =+K8-J8 -> -47.418 | M8: =+'사업장별(당월)'!M8+'[4]사업장별(누계)'!M8 -> 410.205 | N8: =+K8-M8 -> -113.623 | O8: =+'사업장별(당월)'!O8+'[4]사업장별(누계)'!O8 -> 35293.239 | P8: =+'사업장별(당월)'!P8+'[4]사업장별(누계)'!P8 -> 29518.041 | Q8: =+P8-O8 -> -5775.198 | R8: =+'사업장별(당월)'!R8+'[4]사업장별(누계)'!R8 -> 39438.592 | S8: =+P8-R8 -> -9920.5503 | T8: =+'사업장별(당월)'!T8+'[4]사업장별(누계)'!T8 -> 4092.7151 | U8: =+'사업장별(당월)'!U8+'[4]사업장별(누계)'!U8 -> 1734.6983 | V8: =+U8-T8 -> -2358.0167 | W8: =+'사업장별(당월)'!W8+'[4]사업장별(누계)'!W8 -> 4666.1956 | X8: =+U8-W8 -> -2931.4973 | Y8: =+[11]인천!$Q$85 -> 102596.63 | Z8: =+[11]인천!$R$85 -> 99531.02 | AA8: =+[12]인천!$Q$85 -> 96118.628 | AB8: =+[11]인천!$Q$89 -> 81209.33 | AC8: =+[11]인천!$R$89 -> 82712.025 | AD8: =+[12]인천!$Q$89 -> 76710.002 | AE8: =+Y8-AB8 -> 21387.296 | AF8: =+Z8-AC8 -> 16818.996 | AG8: =+AA8-AD8 -> 19408.626 | AI8: =+U8/T8-1 -> -0.57614975 | AK8: =+Z8-Y8 -> -3065.6052 | AL8: =+AC8-AB8 -> 1502.6948 | AM8: =+AF8-AE8 -> -4568.3001
B9: 파주 | F9: =+U9/T9 -> 0.49994163 | G9: =+K9/J9 -> 0.99272015 | I9: 파주 | J9: =+'사업장별(당월)'!J9+'[4]사업장별(누계)'!J9 -> 268 | K9: =+'사업장별(당월)'!K9+'[4]사업장별(누계)'!K9 -> 266.049 | L9: =+K9-J9 -> -1.951 | M9: =+'사업장별(당월)'!M9+'[4]사업장별(누계)'!M9 -> 295.711 | N9: =+K9-M9 -> -29.662 | O9: =+'사업장별(당월)'!O9+'[4]사업장별(누계)'!O9 -> 26497.579 | P9: =+'사업장별(당월)'!P9+'[4]사업장별(누계)'!P9 -> 25690.117 | Q9: =+P9-O9 -> -807.46195 | R9: =+'사업장별(당월)'!R9+'[4]사업장별(누계)'!R9 -> 27580.717 | S9: =+P9-R9 -> -1890.6006 | T9: =+'사업장별(당월)'!T9+'[4]사업장별(누계)'!T9 -> 3547.5969 | U9: =+'사업장별(당월)'!U9+'[4]사업장별(누계)'!U9 -> 1773.5914 | V9: =+U9-T9 -> -1774.0055 | W9: =+'사업장별(당월)'!W9+'[4]사업장별(누계)'!W9 -> 2875.4888 | X9: =+U9-W9 -> -1101.8975 | Y9: =+[11]파주!$Q$85 -> 98871.563 | Z9: =+[11]파주!$R$85 -> 96569.207 | AA9: =+[12]파주!$Q$85 -> 93243.275 | AB9: =+[11]파주!$Q$89 -> 76546.537 | AC9: =+[11]파주!$R$89 -> 80413.641 | AD9: =+[12]파주!$Q$89 -> 75251.334 | AE9: =+Y9-AB9 -> 22325.025 | AF9: =+Z9-AC9 -> 16155.566 | AG9: =+AA9-AD9 -> 17991.94 | AI9: =+U9/T9-1 -> -0.50005837 | AK9: =+Z9-Y9 -> -2302.3557 | AL9: =+AC9-AB9 -> 3867.1032 | AM9: =+AF9-AE9 -> -6169.4589
B10: 김포 | F10: =+U10/T10 -> 0.45203493 | G10: =+K10/J10 -> 0.76936152 | I10: 김포 | J10: =+'사업장별(당월)'!J10+'[4]사업장별(누계)'!J10 -> 171.5 | K10: =+'사업장별(당월)'!K10+'[4]사업장별(누계)'!K10 -> 131.9455 | L10: =+K10-J10 -> -39.5545 | M10: =+'사업장별(당월)'!M10+'[4]사업장별(누계)'!M10 -> 179.75668 | N10: =+K10-M10 -> -47.81118 | O10: =+'사업장별(당월)'!O10+'[4]사업장별(누계)'!O10 -> 16432.832 | P10: =+'사업장별(당월)'!P10+'[4]사업장별(누계)'!P10 -> 12847.274 | Q10: =+P10-O10 -> -3585.5584 | R10: =+'사업장별(당월)'!R10+'[4]사업장별(누계)'!R10 -> 16306.354 | S10: =+P10-R10 -> -3459.0803 | T10: =+'사업장별(당월)'!T10+'[4]사업장별(누계)'!T10 -> 2288.9326 | U10: =+'사업장별(당월)'!U10+'[4]사업장별(누계)'!U10 -> 1034.6775 | V10: =+U10-T10 -> -1254.2551 | W10: =+'사업장별(당월)'!W10+'[4]사업장별(누계)'!W10 -> 2065.772 | X10: =+U10-W10 -> -1031.0945 | Y10: =+[11]김포!$Q$85 -> 95818.262 | Z10: =+[11]김포!$R$85 -> 97387.555 | AA10: =+[12]김포!$Q$85 -> 90678.118 | AB10: =+[11]김포!$Q$89 -> 71876.08 | AC10: =+[11]김포!$R$89 -> 76106.664 | AD10: =+[12]김포!$Q$89 -> 68917.862 | AE10: =+Y10-AB10 -> 23942.182 | AF10: =+Z10-AC10 -> 21280.891 | AG10: =+AA10-AD10 -> 21760.256 | AI10: =+U10/T10-1 -> -0.54796507 | AK10: =+Z10-Y10 -> 1569.2923 | AL10: =+AC10-AB10 -> 4230.5834 | AM10: =+AF10-AE10 -> -2661.2911
B11: 부산 | F11: =+U11/T11 -> 0.61134554 | G11: =+K11/J11 -> 0.95735619 | I11: 부산 | J11: =+'사업장별(당월)'!J11+'[4]사업장별(누계)'!J11 -> 226 | K11: =+'사업장별(당월)'!K11+'[4]사업장별(누계)'!K11 -> 216.3625 | L11: =+K11-J11 -> -9.6375 | M11: =+'사업장별(당월)'!M11+'[4]사업장별(누계)'!M11 -> 256.925 | N11: =+K11-M11 -> -40.5625 | O11: =+'사업장별(당월)'!O11+'[4]사업장별(누계)'!O11 -> 24317.606 | P11: =+'사업장별(당월)'!P11+'[4]사업장별(누계)'!P11 -> 23344.606 | Q11: =+P11-O11 -> -973.0002 | R11: =+'사업장별(당월)'!R11+'[4]사업장별(누계)'!R11 -> 26544.928 | S11: =+P11-R11 -> -3200.3224 | T11: =+'사업장별(당월)'!T11+'[4]사업장별(누계)'!T11 -> 3641.2871 | U11: =+'사업장별(당월)'!U11+'[4]사업장별(누계)'!U11 -> 2226.0846 | V11: =+U11-T11 -> -1415.2025 | W11: =+'사업장별(당월)'!W11+'[4]사업장별(누계)'!W11 -> 4514.1625 | X11: =+U11-W11 -> -2288.0779 | Y11: =+[11]부산!$Q$85 -> 107600.03 | Z11: =+[11]부산!$R$85 -> 107895.8 | AA11: =+[12]부산!$Q$85 -> 103317.81 | AB11: =+[11]부산!$Q$89 -> 78518.419 | AC11: =+[11]부산!$R$89 -> 84173.331 | AD11: =+[12]부산!$Q$89 -> 74962.444 | AE11: =+Y11-AB11 -> 29081.608 | AF11: =+Z11-AC11 -> 23722.472 | AG11: =+AA11-AD11 -> 28355.366 | AI11: =+U11/T11-1 -> -0.38865446 | AK11: =+Z11-Y11 -> 295.77701 | AL11: =+AC11-AB11 -> 5654.9124 | AM11: =+AF11-AE11 -> -5359.1354
B12: 서부산 | F12: =+U12/T12 -> 0.50496152 | G12: =+K12/J12 -> 0.86024242 | I12: 서부산 | J12: =+'사업장별(당월)'!J12+'[4]사업장별(누계)'!J12 -> 264 | K12: =+'사업장별(당월)'!K12+'[4]사업장별(누계)'!K12 -> 227.104 | L12: =+K12-J12 -> -36.896 | M12: =+'사업장별(당월)'!M12+'[4]사업장별(누계)'!M12 -> 249.602 | N12: =+K12-M12 -> -22.498 | O12: =+'사업장별(당월)'!O12+'[4]사업장별(누계)'!O12 -> 27440.994 | P12: =+'사업장별(당월)'!P12+'[4]사업장별(누계)'!P12 -> 22714.892 | Q12: =+P12-O12 -> -4726.1022 | R12: =+'사업장별(당월)'!R12+'[4]사업장별(누계)'!R12 -> 24969.911 | S12: =+P12-R12 -> -2255.0188 | T12: =+'사업장별(당월)'!T12+'[4]사업장별(누계)'!T12 -> 4783.493 | U12: =+'사업장별(당월)'!U12+'[4]사업장별(누계)'!U12 -> 2415.4799 | V12: =+U12-T12 -> -2368.0131 | W12: =+'사업장별(당월)'!W12+'[4]사업장별(누계)'!W12 -> 4339.2144 | X12: =+U12-W12 -> -1923.7345 | Y12: =+[11]서부산!$Q$85 -> 103943.16 | Z12: =+[11]서부산!$R$85 -> 100020.63 | AA12: =+[12]서부산!$Q$85 -> 100038.91 | AB12: =+[11]서부산!$Q$89 -> 76825.862 | AC12: =+[11]서부산!$R$89 -> 78572.216 | AD12: =+[12]서부산!$Q$89 -> 73578.501 | AE12: =+Y12-AB12 -> 27117.298 | AF12: =+Z12-AC12 -> 21448.415 | AG12: =+AA12-AD12 -> 26460.404 | AI12: =+U12/T12-1 -> -0.49503848 | AK12: =+Z12-Y12 -> -3922.5296 | AL12: =+AC12-AB12 -> 1746.3536 | AM12: =+AF12-AE12 -> -5668.8832
B13: 김해 | F13: =+U13/T13 -> 0.49431225 | G13: =+K13/J13 -> 1.1188473 | I13: 김해 | J13: =+'사업장별(당월)'!J13+'[4]사업장별(누계)'!J13 -> 131 | K13: =+'사업장별(당월)'!K13+'[4]사업장별(누계)'!K13 -> 146.569 | L13: =+K13-J13 -> 15.569 | M13: =+'사업장별(당월)'!M13+'[4]사업장별(누계)'!M13 -> 148.537 | N13: =+K13-M13 -> -1.968 | O13: =+'사업장별(당월)'!O13+'[4]사업장별(누계)'!O13 -> 13230.995 | P13: =+'사업장별(당월)'!P13+'[4]사업장별(누계)'!P13 -> 13958.763 | Q13: =+P13-O13 -> 727.7689 | R13: =+'사업장별(당월)'!R13+'[4]사업장별(누계)'!R13 -> 14531.778 | S13: =+P13-R13 -> -573.01489 | T13: =+'사업장별(당월)'!T13+'[4]사업장별(누계)'!T13 -> 1627.5542 | U13: =+'사업장별(당월)'!U13+'[4]사업장별(누계)'!U13 -> 804.51998 | V13: =+U13-T13 -> -823.03421 | W13: =+'사업장별(당월)'!W13+'[4]사업장별(누계)'!W13 -> 1924.0346 | X13: =+U13-W13 -> -1119.5146 | Y13: =+[11]김해!$Q$85 -> 100999.96 | Z13: =+[11]김해!$R$85 -> 95311.762 | AA13: =+[12]김해!$Q$85 -> 97846.673 | AB13: =+[11]김해!$Q$89 -> 76527.264 | AC13: =+[11]김해!$R$89 -> 78622.376 | AD13: =+[12]김해!$Q$89 -> 74441.09 | AE13: =+Y13-AB13 -> 24472.695 | AF13: =+Z13-AC13 -> 16689.387 | AG13: =+AA13-AD13 -> 23405.582 | AI13: =+U13/T13-1 -> -0.50568775 | AK13: =+Z13-Y13 -> -5688.1966 | AL13: =+AC13-AB13 -> 2095.1114 | AM13: =+AF13-AE13 -> -7783.3081
B14: 정관 | F14: =+U14/T14 -> 0.69023301 | G14: =+K14/J14 -> 1.1269764 | I14: 정관 | J14: =+'사업장별(당월)'!J14+'[4]사업장별(누계)'!J14 -> 191 | K14: =+'사업장별(당월)'!K14+'[4]사업장별(누계)'!K14 -> 215.2525 | L14: =+K14-J14 -> 24.2525 | M14: =+'사업장별(당월)'!M14+'[4]사업장별(누계)'!M14 -> 211.503 | N14: =+K14-M14 -> 3.7495 | O14: =+'사업장별(당월)'!O14+'[4]사업장별(누계)'!O14 -> 19864 | P14: =+'사업장별(당월)'!P14+'[4]사업장별(누계)'!P14 -> 21744.947 | Q14: =+P14-O14 -> 1880.9475 | R14: =+'사업장별(당월)'!R14+'[4]사업장별(누계)'!R14 -> 21280.146 | S14: =+P14-R14 -> 464.80186 | T14: =+'사업장별(당월)'!T14+'[4]사업장별(누계)'!T14 -> 2729.7884 | U14: =+'사업장별(당월)'!U14+'[4]사업장별(누계)'!U14 -> 1884.1901 | V14: =+U14-T14 -> -845.59834 | W14: =+'사업장별(당월)'!W14+'[4]사업장별(누계)'!W14 -> 3307.6585 | X14: =+U14-W14 -> -1423.4685 | Y14: =+[11]정관!$Q$85 -> 104000 | Z14: =+[11]정관!$R$85 -> 101020.65 | AA14: =+[12]정관!$Q$85 -> 100613.92 | AB14: =+[11]정관!$Q$89 -> 78335.483 | AC14: =+[11]정관!$R$89 -> 81846.37 | AD14: =+[12]정관!$Q$89 -> 75106.687 | AE14: =+Y14-AB14 -> 25664.517 | AF14: =+Z14-AC14 -> 19174.28 | AG14: =+AA14-AD14 -> 25507.231 | AI14: =+U14/T14-1 -> -0.30976699 | AK14: =+Z14-Y14 -> -2979.3499 | AL14: =+AC14-AB14 -> 3510.8876 | AM14: =+AF14-AE14 -> -6490.2376
B15: 양산 | F15: =+U15/T15 -> 0.76027382 | G15: =+K15/J15 -> 1.1610932 | I15: 양산 | J15: =+'사업장별(당월)'!J15+'[4]사업장별(누계)'!J15 -> 118 | K15: =+'사업장별(당월)'!K15+'[4]사업장별(누계)'!K15 -> 137.009 | L15: =+K15-J15 -> 19.009 | M15: =+'사업장별(당월)'!M15+'[4]사업장별(누계)'!M15 -> 149.996 | N15: =+K15-M15 -> -12.987 | O15: =+'사업장별(당월)'!O15+'[4]사업장별(누계)'!O15 -> 11419.255 | P15: =+'사업장별(당월)'!P15+'[4]사업장별(누계)'!P15 -> 12783.635 | Q15: =+P15-O15 -> 1364.3802 | R15: =+'사업장별(당월)'!R15+'[4]사업장별(누계)'!R15 -> 13997.476 | S15: =+P15-R15 -> -1213.8412 | T15: =+'사업장별(당월)'!T15+'[4]사업장별(누계)'!T15 -> 1558.4727 | U15: =+'사업장별(당월)'!U15+'[4]사업장별(누계)'!U15 -> 1184.866 | V15: =+U15-T15 -> -373.6067 | W15: =+'사업장별(당월)'!W15+'[4]사업장별(누계)'!W15 -> 2030.3429 | X15: =+U15-W15 -> -845.47697 | Y15: =+[11]양산!$Q$85 -> 96773.346 | Z15: =+[11]양산!$R$85 -> 93305.075 | AA15: =+[12]양산!$Q$85 -> 93320.331 | AB15: =+[11]양산!$Q$89 -> 70510.721 | AC15: =+[11]양산!$R$89 -> 73270.586 | AD15: =+[12]양산!$Q$89 -> 69103.407 | AE15: =+Y15-AB15 -> 26262.625 | AF15: =+Z15-AC15 -> 20034.489 | AG15: =+AA15-AD15 -> 24216.924 | AI15: =+U15/T15-1 -> -0.23972618 | AK15: =+Z15-Y15 -> -3468.271 | AL15: =+AC15-AB15 -> 2759.8646 | AM15: =+AF15-AE15 -> -6228.1356
B16: 창원 | F16: =+U16/T16 -> 0.89035174 | G16: =+K16/J16 -> 1.0516714 | I16: 창원 | J16: =+'사업장별(당월)'!J16+'[4]사업장별(누계)'!J16 -> 175 | K16: =+'사업장별(당월)'!K16+'[4]사업장별(누계)'!K16 -> 184.0425 | L16: =+K16-J16 -> 9.0425 | M16: =+'사업장별(당월)'!M16+'[4]사업장별(누계)'!M16 -> 222.55 | N16: =+K16-M16 -> -38.5075 | O16: =+'사업장별(당월)'!O16+'[4]사업장별(누계)'!O16 -> 17666.62 | P16: =+'사업장별(당월)'!P16+'[4]사업장별(누계)'!P16 -> 18512.705 | Q16: =+P16-O16 -> 846.0848 | R16: =+'사업장별(당월)'!R16+'[4]사업장별(누계)'!R16 -> 21277.454 | S16: =+P16-R16 -> -2764.7493 | T16: =+'사업장별(당월)'!T16+'[4]사업장별(누계)'!T16 -> 2889.707 | U16: =+'사업장별(당월)'!U16+'[4]사업장별(누계)'!U16 -> 2572.8557 | V16: =+U16-T16 -> -316.85134 | W16: =+'사업장별(당월)'!W16+'[4]사업장별(누계)'!W16 -> 4091.5816 | X16: =+U16-W16 -> -1518.7259 | Y16: =+[11]창원!$Q$85 -> 100952.11 | Z16: =+[11]창원!$R$85 -> 100589.29 | AA16: =+[12]창원!$Q$85 -> 95607.522 | AB16: =+[11]창원!$Q$89 -> 72358.141 | AC16: =+[11]창원!$R$89 -> 74940.844 | AD16: =+[12]창원!$Q$89 -> 68034.869 | AE16: =+Y16-AB16 -> 28593.973 | AF16: =+Z16-AC16 -> 25648.448 | AG16: =+AA16-AD16 -> 27572.653 | AI16: =+U16/T16-1 -> -0.10964826 | AK16: =+Z16-Y16 -> -362.82214 | AL16: =+AC16-AB16 -> 2582.703 | AM16: =+AF16-AE16 -> -2945.5251
B17: 대구 | F17: =+U17/T17 -> 0.80079541 | G17: =+K17/J17 -> 0.98466667 | I17: 대구 | J17: =+'사업장별(당월)'!J17+'[4]사업장별(누계)'!J17 -> 174 | K17: =+'사업장별(당월)'!K17+'[4]사업장별(누계)'!K17 -> 171.332 | L17: =+K17-J17 -> -2.668 | M17: =+'사업장별(당월)'!M17+'[4]사업장별(누계)'!M17 -> 215.9685 | N17: =+K17-M17 -> -44.6365 | O17: =+'사업장별(당월)'!O17+'[4]사업장별(누계)'!O17 -> 17012.62 | P17: =+'사업장별(당월)'!P17+'[4]사업장별(누계)'!P17 -> 17088.238 | Q17: =+P17-O17 -> 75.617752 | R17: =+'사업장별(당월)'!R17+'[4]사업장별(누계)'!R17 -> 20108.987 | S17: =+P17-R17 -> -3020.7491 | T17: =+'사업장별(당월)'!T17+'[4]사업장별(누계)'!T17 -> 2976.3666 | U17: =+'사업장별(당월)'!U17+'[4]사업장별(누계)'!U17 -> 2383.4607 | V17: =+U17-T17 -> -592.90591 | W17: =+'사업장별(당월)'!W17+'[4]사업장별(누계)'!W17 -> 3700.9791 | X17: =+U17-W17 -> -1317.5184 | Y17: =+[11]대구!$Q$85 -> 97773.678 | Z17: =+[11]대구!$R$85 -> 99737.352 | AA17: =+[12]대구!$Q$85 -> 93109.125 | AB17: =+[11]대구!$Q$89 -> 69829.796 | AC17: =+[11]대구!$R$89 -> 74594.203 | AD17: =+[12]대구!$Q$89 -> 67287.192 | AE17: =+Y17-AB17 -> 27943.882 | AF17: =+Z17-AC17 -> 25143.149 | AG17: =+AA17-AD17 -> 25821.933 | AI17: =+U17/T17-1 -> -0.19920459 | AK17: =+Z17-Y17 -> 1963.6736 | AL17: =+AC17-AB17 -> 4764.4066 | AM17: =+AF17-AE17 -> -2800.733
B18: 울산 | F18: =+U18/T18 -> 2.1548844 | G18: =+K18/J18 -> 1.2424694 | I18: 울산 | J18: =+'사업장별(당월)'!J18+'[4]사업장별(누계)'!J18 -> 98 | K18: =+'사업장별(당월)'!K18+'[4]사업장별(누계)'!K18 -> 121.762 | L18: =+K18-J18 -> 23.762 | M18: =+'사업장별(당월)'!M18+'[4]사업장별(누계)'!M18 -> 92.944 | N18: =+K18-M18 -> 28.818 | O18: =+'사업장별(당월)'!O18+'[4]사업장별(누계)'!O18 -> 9841.7697 | P18: =+'사업장별(당월)'!P18+'[4]사업장별(누계)'!P18 -> 12655.879 | Q18: =+P18-O18 -> 2814.1096 | R18: =+'사업장별(당월)'!R18+'[4]사업장별(누계)'!R18 -> 8850.4367 | S18: =+P18-R18 -> 3805.4426 | T18: =+'사업장별(당월)'!T18+'[4]사업장별(누계)'!T18 -> 653.42141 | U18: =+'사업장별(당월)'!U18+'[4]사업장별(누계)'!U18 -> 1408.0476 | V18: =+U18-T18 -> 754.62617 | W18: =+'사업장별(당월)'!W18+'[4]사업장별(누계)'!W18 -> 544.17113 | X18: =+U18-W18 -> 863.87646 | Y18: =+[11]울산!$Q$85 -> 100426.22 | Z18: =+[11]울산!$R$85 -> 103939.48 | AA18: =+[12]울산!$Q$85 -> 95231.884 | AB18: =+[11]울산!$Q$89 -> 78757.543 | AC18: =+[11]울산!$R$89 -> 80482.903 | AD18: =+[12]울산!$Q$89 -> 74357.902 | AE18: =+Y18-AB18 -> 21668.679 | AF18: =+Z18-AC18 -> 23456.58 | AG18: =+AA18-AD18 -> 20873.983 | AI18: =+U18/T18-1 -> 1.1548844 | AJ18: =+U18/T18 -> 2.1548844 | AK18: =+Z18-Y18 -> 3513.2613 | AL18: =+AC18-AB18 -> 1725.3602 | AM18: =+AF18-AE18 -> 1787.9011
B19: 아산 | F19: =+U19/T19 -> 1.0938483 | G19: =+K19/J19 -> 1.1652668 | I19: 아산 | J19: =+'사업장별(당월)'!J19+'[4]사업장별(누계)'!J19 -> 253 | K19: =+'사업장별(당월)'!K19+'[4]사업장별(누계)'!K19 -> 294.8125 | L19: =+K19-J19 -> 41.8125 | M19: =+'사업장별(당월)'!M19+'[4]사업장별(누계)'!M19 -> 284.708 | N19: =+K19-M19 -> 10.1045 | O19: =+'사업장별(당월)'!O19+'[4]사업장별(누계)'!O19 -> 25553.023 | P19: =+'사업장별(당월)'!P19+'[4]사업장별(누계)'!P19 -> 29720.66 | Q19: =+P19-O19 -> 4167.6367 | R19: =+'사업장별(당월)'!R19+'[4]사업장별(누계)'!R19 -> 27249.358 | S19: =+P19-R19 -> 2471.3022 | T19: =+'사업장별(당월)'!T19+'[4]사업장별(누계)'!T19 -> 3774.0316 | U19: =+'사업장별(당월)'!U19+'[4]사업장별(누계)'!U19 -> 4128.2181 | V19: =+U19-T19 -> 354.1865 | W19: =+'사업장별(당월)'!W19+'[4]사업장별(누계)'!W19 -> 4404.9381 | X19: =+U19-W19 -> -276.71997 | Y19: =+[11]아산!$Q$85 -> 101000.09 | Z19: =+[11]아산!$R$85 -> 100750.65 | AA19: =+[12]아산!$Q$85 -> 95762.789 | AB19: =+[11]아산!$Q$89 -> 76766.281 | AC19: =+[11]아산!$R$89 -> 77303.283 | AD19: =+[12]아산!$Q$89 -> 71591.023 | AE19: =+Y19-AB19 -> 24233.811 | AF19: =+Z19-AC19 -> 23447.363 | AG19: =+AA19-AD19 -> 24171.766 | AI19: =+U19/T19-1 -> 0.093848312 | AJ19: =+U19/T19 -> 1.0938483
B20: 전주 | F20: =+U20/T20 -> 0.29414473 | G20: =+K20/J20 -> 0.73076357 | I20: 전주 | J20: =+'사업장별(당월)'!J20+'[4]사업장별(누계)'!J20 -> 129 | K20: =+'사업장별(당월)'!K20+'[4]사업장별(누계)'!K20 -> 94.2685 | L20: =+K20-J20 -> -34.7315 | M20: =+'사업장별(당월)'!M20+'[4]사업장별(누계)'!M20 -> 118.1935 | N20: =+K20-M20 -> -23.925 | O20: =+'사업장별(당월)'!O20+'[4]사업장별(누계)'!O20 -> 13222.103 | P20: =+'사업장별(당월)'!P20+'[4]사업장별(누계)'!P20 -> 9096.3854 | Q20: =+P20-O20 -> -4125.7176 | R20: =+'사업장별(당월)'!R20+'[4]사업장별(누계)'!R20 -> 11492.295 | S20: =+P20-R20 -> -2395.9093 | T20: =+'사업장별(당월)'!T20+'[4]사업장별(누계)'!T20 -> 2139.6395 | U20: =+'사업장별(당월)'!U20+'[4]사업장별(누계)'!U20 -> 629.36368 | V20: =+U20-T20 -> -1510.2758 | W20: =+'사업장별(당월)'!W20+'[4]사업장별(누계)'!W20 -> 1768.8385 | X20: =+U20-W20 -> -1139.4748 | Y20: =+[11]전주!$Q$85 -> 102496.92 | Z20: =+[11]전주!$R$85 -> 96496.299 | AA20: =+[12]전주!$Q$85 -> 97314.157 | AB20: =+[11]전주!$Q$89 -> 73531.955 | AC20: =+[11]전주!$R$89 -> 72512.447 | AD20: =+[12]전주!$Q$89 -> 69099.636 | AE20: =+Y20-AB20 -> 28964.967 | AF20: =+Z20-AC20 -> 23983.852 | AG20: =+AA20-AD20 -> 28214.522 | AI20: =+U20/T20-1 -> -0.70585527
B21: 군산 | F21: =+U21/T21 -> 1.4252968 | G21: =+K21/J21 -> 1.2703219 | I21: 군산 | J21: =+'사업장별(당월)'!J21+'[4]사업장별(누계)'!J21 -> 73 | K21: =+'사업장별(당월)'!K21+'[4]사업장별(누계)'!K21 -> 92.7335 | L21: =+K21-J21 -> 19.7335 | M21: =+'사업장별(당월)'!M21+'[4]사업장별(누계)'!M21 -> 89.476 | N21: =+K21-M21 -> 3.2575 | O21: =+'사업장별(당월)'!O21+'[4]사업장별(누계)'!O21 -> 7957.0106 | P21: =+'사업장별(당월)'!P21+'[4]사업장별(누계)'!P21 -> 10452.618 | Q21: =+P21-O21 -> 2495.6072 | R21: =+'사업장별(당월)'!R21+'[4]사업장별(누계)'!R21 -> 8927.9291 | S21: =+P21-R21 -> 1524.6887 | T21: =+'사업장별(당월)'!T21+'[4]사업장별(누계)'!T21 -> 1995.2449 | U21: =+'사업장별(당월)'!U21+'[4]사업장별(누계)'!U21 -> 2843.8162 | V21: =+U21-T21 -> 848.5713 | W21: =+'사업장별(당월)'!W21+'[4]사업장별(누계)'!W21 -> 2144.7181 | X21: =+U21-W21 -> 699.09804 | Y21: =+[11]군산!$Q$85 -> 109000.15 | Z21: =+[11]군산!$R$85 -> 112730.49 | AA21: =+[12]군산!$Q$85 -> 99680.206 | AB21: =+[11]군산!$Q$89 -> 69790.705 | AC21: =+[11]군산!$R$89 -> 72387.6 | AD21: =+[12]군산!$Q$89 -> 65536.496 | AE21: =+Y21-AB21 -> 39209.44 | AF21: =+Z21-AC21 -> 40342.89 | AG21: =+AA21-AD21 -> 34143.71 | AI21: =+U21/T21-1 -> 0.42529682 | AJ21: =+U21/T21 -> 1.4252968
B22: 원주 | F22: =+U22/T22 -> 1.3353251 | G22: =+K22/J22 -> 1.0798393 | I22: 원주 | J22: =+'사업장별(당월)'!J22+'[4]사업장별(누계)'!J22 -> 56 | K22: =+'사업장별(당월)'!K22+'[4]사업장별(누계)'!K22 -> 60.471 | L22: =+K22-J22 -> 4.471 | M22: =+'사업장별(당월)'!M22+'[4]사업장별(누계)'!M22 -> 52.847 | N22: =+K22-M22 -> 7.624 | O22: =+'사업장별(당월)'!O22+'[4]사업장별(누계)'!O22 -> 6042.4 | P22: =+'사업장별(당월)'!P22+'[4]사업장별(누계)'!P22 -> 6790.7076 | Q22: =+P22-O22 -> 748.30757 | R22: =+'사업장별(당월)'!R22+'[4]사업장별(누계)'!R22 -> 5378.2754 | S22: =+P22-R22 -> 1412.4321 | T22: =+'사업장별(당월)'!T22+'[4]사업장별(누계)'!T22 -> 995.5528 | U22: =+'사업장별(당월)'!U22+'[4]사업장별(누계)'!U22 -> 1329.3867 | V22: =+U22-T22 -> 333.83386 | W22: =+'사업장별(당월)'!W22+'[4]사업장별(누계)'!W22 -> 872.28081 | X22: =+U22-W22 -> 457.10585 | Y22: =+[11]원주!$Q$85 -> 107900 | Z22: =+[11]원주!$R$85 -> 112301.91 | AA22: =+[12]원주!$Q$85 -> 101782.46 | AB22: =+[11]원주!$Q$89 -> 73291.892 | AC22: =+[11]원주!$R$89 -> 73905.733 | AD22: =+[12]원주!$Q$89 -> 68485.162 | AE22: =+Y22-AB22 -> 34608.108 | AF22: =+Z22-AC22 -> 38396.177 | AG22: =+AA22-AD22 -> 33297.297 | AI22: =+U22/T22-1 -> 0.33532512 | AJ22: =+U22/T22 -> 1.3353251
B23: 제주 | F23: =+U23/T23 -> 0.25391921 | G23: =+K23/J23 -> 0.59375397 | I23: 제주 | J23: =+'사업장별(당월)'!J23+'[4]사업장별(누계)'!J23 -> 63 | K23: =+'사업장별(당월)'!K23+'[4]사업장별(누계)'!K23 -> 37.4065 | L23: =+K23-J23 -> -25.5935 | M23: =+'사업장별(당월)'!M23+'[4]사업장별(누계)'!M23 -> 77.0665 | N23: =+K23-M23 -> -39.66 | O23: =+'사업장별(당월)'!O23+'[4]사업장별(누계)'!O23 -> 7986.6 | P23: =+'사업장별(당월)'!P23+'[4]사업장별(누계)'!P23 -> 4646.6721 | Q23: =+P23-O23 -> -3339.9279 | R23: =+'사업장별(당월)'!R23+'[4]사업장별(누계)'!R23 -> 9206.1284 | S23: =+P23-R23 -> -4559.4563 | T23: =+'사업장별(당월)'!T23+'[4]사업장별(누계)'!T23 -> 1253.8534 | U23: =+'사업장별(당월)'!U23+'[4]사업장별(누계)'!U23 -> 318.37748 | V23: =+U23-T23 -> -935.47596 | W23: =+'사업장별(당월)'!W23+'[4]사업장별(누계)'!W23 -> 1775.5781 | X23: =+U23-W23 -> -1457.2006 | Y23: =+[11]제주!$Q$85 -> 126771.43 | Z23: =+[11]제주!$R$85 -> 124220.98 | AA23: =+[12]제주!$Q$85 -> 119497.4 | AB23: =+[11]제주!$Q$89 -> 90782.939 | AC23: =+[11]제주!$R$89 -> 89473.328 | AD23: =+[12]제주!$Q$89 -> 84120.247 | AE23: =+Y23-AB23 -> 35988.49 | AF23: =+Z23-AC23 -> 34747.652 | AG23: =+AA23-AD23 -> 35377.158 | AI23: =+U23/T23-1 -> -0.74608079 | AJ23: =+U23/T23 -> 0.25391921
F24: =+U24/T24 -> 0.51133455 | G24: =+K24/J24 -> 0.89151309 | I24: 수도권 | J24: =SUM(J7:J10) -> 1241.5 | K24: =SUM(K7:K10) -> 1106.8135 | L24: =+K24-J24 -> -134.6865 | M24: =SUM(M7:M10) -> 1389.4017 | N24: =+K24-M24 -> -282.58818 | O24: =SUM(O7:O10) -> 124196.35 | P24: =SUM(P7:P10) -> 108881.82 | Q24: =+P24-O24 -> -15314.533 | R24: =SUM(R7:R10) -> 130128.84 | S24: =+P24-R24 -> -21247.019 | T24: =SUM(T7:T10) -> 16311.031 | U24: =SUM(U7:U10) -> 8340.3936 | V24: =+U24-T24 -> -7970.637 | W24: =SUM(W7:W10) -> 16124.764 | X24: =+U24-W24 -> -7784.3706 | Y24: =+[11]수도권!$Q$85 -> 100037.34 | Z24: =+[11]수도권!$R$85 -> 98382.993 | AA24: =+[12]수도권!$Q$85 -> 93635.782 | AB24: =+[11]수도권!$Q$89 -> 78139.303 | AC24: =+[11]수도권!$R$89 -> 81005.534 | AD24: =+[12]수도권!$Q$89 -> 74238.291 | AE24: =+Y24-AB24 -> 21898.034 | AF24: =+Z24-AC24 -> 17377.458 | AG24: =+AA24-AD24 -> 19397.491 | AI24: =+U24/T24-1 -> -0.48866545 | AK24: =+Z24-Y24 -> -1654.3444 | AL24: =+AC24-AB24 -> 2866.231 | AM24: =+AF24-AE24 -> -4520.5754
F25: =+U25/T25 -> 0.7133001 | G25: =+K25/J25 -> 1.0308159 | I25: 영남권 | J25: =SUM(J11:J18) -> 1377 | K25: =SUM(K11:K18) -> 1419.4335 | L25: =+K25-J25 -> 42.4335 | M25: =SUM(M11:M18) -> 1548.0255 | N25: =+K25-M25 -> -128.592 | O25: =SUM(O11:O18) -> 140793.86 | P25: =SUM(P11:P18) -> 142803.67 | Q25: =+P25-O25 -> 2009.8063 | R25: =SUM(R11:R18) -> 151561.12 | S25: =+P25-R25 -> -8757.4513 | T25: =SUM(T11:T18) -> 20860.09 | U25: =SUM(U11:U18) -> 14879.504 | V25: =+U25-T25 -> -5980.5859 | W25: =SUM(W11:W18) -> 24452.145 | X25: =+U25-W25 -> -9572.6403 | Y25: =+[11]영남권!$Q$85 -> 102246.81 | Z25: =+[11]영남권!$R$85 -> 100621.44 | AA25: =+[12]영남권!$Q$85 -> 97910.756 | AB25: =+[11]영남권!$Q$89 -> 75429.123 | AC25: =+[11]영남권!$R$89 -> 78632.623 | AD25: =+[12]영남권!$Q$89 -> 72044.294 | AE25: =+Y25-AB25 -> 26817.688 | AF25: =+Z25-AC25 -> 21988.812 | AG25: =+AA25-AD25 -> 25866.462 | AI25: =+U25/T25-1 -> -0.2866999 | AK25: =+Z25-Y25 -> -1625.3761 | AL25: =+AC25-AB25 -> 3203.5001 | AM25: =+AF25-AE25 -> -4828.8762
F26: =+U26/T26 -> 0.91050096 | G26: =+K26/J26 -> 1.0099164 | I26: 중부권 | J26: =SUM(J19:J23) -> 574 | K26: =SUM(K19:K23) -> 579.692 | L26: =+K26-J26 -> 5.692 | M26: =SUM(M19:M23) -> 622.291 | N26: =+K26-M26 -> -42.599 | O26: =SUM(O19:O23) -> 60761.137 | P26: =SUM(P19:P23) -> 60707.043 | Q26: =+P26-O26 -> -54.094084 | R26: =SUM(R19:R23) -> 62253.986 | S26: =+P26-R26 -> -1546.9427 | T26: =SUM(T19:T23) -> 10158.322 | U26: =SUM(U19:U23) -> 9249.1621 | V26: =+U26-T26 -> -909.16013 | W26: =SUM(W19:W23) -> 10966.354 | X26: =+U26-W26 -> -1717.1915 | Y26: =+[11]중부권!$Q$85 -> 105855.64 | Z26: =+[11]중부권!$R$85 -> 104705.88 | AA26: =+[12]중부권!$Q$85 -> 100131.77 | AB26: =+[11]중부권!$Q$89 -> 76351.714 | AC26: =+[11]중부권!$R$89 -> 76169.705 | AD26: =+[12]중부권!$Q$89 -> 71543.564 | AE26: =+Y26-AB26 -> 29503.925 | AF26: =+Z26-AC26 -> 28536.173 | AG26: =+AA26-AD26 -> 28588.207 | AI26: =+U26/T26-1 -> -0.089499044 | AK26: =+Z26-Y26 -> -1149.7617 | AL26: =+AC26-AB26 -> -182.00942 | AM26: =+AF26-AE26 -> -967.7523
F27: =+U27/T27 -> 0.68602244 | G27: =+K27/J27 -> 0.97288614 | H27: 레미콘 계 | J27: =SUM(J24:J26) -> 3192.5 | K27: =SUM(K24:K26) -> 3105.939 | L27: =+K27-J27 -> -86.561 | M27: =SUM(M24:M26) -> 3559.7182 | N27: =+K27-M27 -> -453.77918 | O27: =SUM(O24:O26) -> 325751.35 | P27: =SUM(P24:P26) -> 312392.53 | Q27: =+P27-O27 -> -13358.821 | R27: =SUM(R24:R26) -> 343943.94 | S27: =+P27-R27 -> -31551.413 | T27: =SUM(T24:T26) -> 47329.443 | U27: =SUM(U24:U26) -> 32469.06 | V27: =+U27-T27 -> -14860.383 | W27: =SUM(W24:W26) -> 51543.263 | X27: =+U27-W27 -> -19074.202 | Y27: =+[11]합계!$Q$85 -> 102036.44 | Z27: =+[11]합계!$R$85 -> 100586.23 | AA27: =+[12]합계!$Q$85 -> 96625.233 | AB27: =+[11]합계!$Q$89 -> 76648.937 | AC27: =+[11]합계!$R$89 -> 79017.06 | AD27: =+[12]합계!$Q$89 -> 72813.219 | AE27: =+Y27-AB27 -> 25387.508 | AF27: =+Z27-AC27 -> 21569.169 | AG27: =+AA27-AD27 -> 23812.014 | AI27: =+U27/T27-1 -> -0.31397756 | AK27: =+Z27-Y27 -> -1450.2163 | AL27: =+AC27-AB27 -> 2368.1228 | AM27: =+AF27-AE27 -> -3818.3392
B28: 건자재 | E28: 건자재영업 | G28: =+K28/J28 -> 1.193626 | H28: 건자재 | J28: =+'사업장별(당월)'!J28+'[4]사업장별(누계)'!J28 -> 81400 | K28: =+'사업장별(당월)'!K28+'[4]사업장별(누계)'!K28 -> 97161.154 | L28: =+K28-J28 -> 15761.154 | M28: =+'사업장별(당월)'!M28+'[4]사업장별(누계)'!M28 -> 88735.037 | N28: =+K28-M28 -> 8426.117 | O28: =+'사업장별(당월)'!O28+'[4]사업장별(누계)'!O28 -> 99529.162 | P28: =+'사업장별(당월)'!P28+'[4]사업장별(누계)'!P28 -> 96553.945 | Q28: =+P28-O28 -> -2975.2168 | R28: =+'사업장별(당월)'!R28+'[4]사업장별(누계)'!R28 -> 108745.62 | S28: =+P28-R28 -> -12191.679 | T28: =+'사업장별(당월)'!T28+'[4]사업장별(누계)'!T28 -> 1161.3904 | U28: =+'사업장별(당월)'!U28+'[4]사업장별(누계)'!U28 -> 601.86035 | V28: =+U28-T28 -> -559.53008 | W28: =+'사업장별(당월)'!W28+'[4]사업장별(누계)'!W28 -> 868.28041 | X28: =+U28-W28 -> -266.42006 | Y28: ■ 비고
B29: 부산모래장 | C29: 부산골재 | G29: =+P28/O28 -> 0.97010709 | H29: 골재 | I29: 부산모래장 | J29: =+'사업장별(당월)'!J29+'[4]사업장별(누계)'!J29 -> 271.46772 | K29: =+'사업장별(당월)'!K29+'[4]사업장별(누계)'!K29 -> 215.318 | L29: =+K29-J29 -> -56.149718 | M29: =+'사업장별(당월)'!M29+'[4]사업장별(누계)'!M29 -> 284.566 | N29: =+K29-M29 -> -69.248 | O29: =+'사업장별(당월)'!O29+'[4]사업장별(누계)'!O29 -> 7910.8417 | P29: =+'사업장별(당월)'!P29+'[4]사업장별(누계)'!P29 -> 6284.2151 | Q29: =+P29-O29 -> -1626.6267 | R29: =+'사업장별(당월)'!R29+'[4]사업장별(누계)'!R29 -> 8297.4594 | S29: =+P29-R29 -> -2013.2443 | T29: =+'사업장별(당월)'!T29+'[4]사업장별(누계)'!T29 -> 441.55062 | U29: =+'사업장별(당월)'!U29+'[4]사업장별(누계)'!U29 -> 361.02867 | V29: =+U29-T29 -> -80.521944 | W29: =+'사업장별(당월)'!W29+'[4]사업장별(누계)'!W29 -> 371.01609 | X29: =+U29-W29 -> -9.987421 | Y29: □ 3분기 총 대손 : 5.7억 | AI29: =+T29/100 -> 4.4155062 | AJ29: =+U29/100 -> 3.6102867 | AK29: =+V29/100 -> -0.80521944
B30: 서부산크라샤 | C30: 서부산골재 | I30: 서부산CR | J30: =+'사업장별(당월)'!J30+'[4]사업장별(누계)'!J30 -> 375.55962 | K30: =+'사업장별(당월)'!K30+'[4]사업장별(누계)'!K30 -> 171.092 | L30: =+K30-J30 -> -204.46762 | M30: =+'사업장별(당월)'!M30+'[4]사업장별(누계)'!M30 -> 373.21 | N30: =+K30-M30 -> -202.118 | O30: =+'사업장별(당월)'!O30+'[4]사업장별(누계)'!O30 -> 4711.3186 | P30: =+'사업장별(당월)'!P30+'[4]사업장별(누계)'!P30 -> 2402.163 | Q30: =+P30-O30 -> -2309.1556 | R30: =+'사업장별(당월)'!R30+'[4]사업장별(누계)'!R30 -> 4482.248 | S30: =+P30-R30 -> -2080.085 | T30: =+'사업장별(당월)'!T30+'[4]사업장별(누계)'!T30 -> 951.57086 | U30: =+'사업장별(당월)'!U30+'[4]사업장별(누계)'!U30 -> -126.93228 | V30: =+U30-T30 -> -1078.5031 | W30: =+'사업장별(당월)'!W30+'[4]사업장별(누계)'!W30 -> 784.69466 | X30: =+U30-W30 -> -911.62694 | Y30: - 집합대손 : 0.4억 | AI30: =+T30/100 -> 9.5157086 | AJ30: =+U30/100 -> -1.2693228 | AK30: =+V30/100 -> -10.785031
B31: 부산크라샤 | C31: 부산크라샤 | I31: 부산CR | J31: =+'사업장별(당월)'!J31+'[4]사업장별(누계)'!J31 -> 458.06687 | K31: =+'사업장별(당월)'!K31+'[4]사업장별(누계)'!K31 -> 394.021 | L31: =+K31-J31 -> -64.045871 | M31: =+'사업장별(당월)'!M31+'[4]사업장별(누계)'!M31 -> 120.091 | N31: =+K31-M31 -> 273.93 | O31: =+'사업장별(당월)'!O31+'[4]사업장별(누계)'!O31 -> 8253.4055 | P31: =+'사업장별(당월)'!P31+'[4]사업장별(누계)'!P31 -> 7103.2515 | Q31: =+P31-O31 -> -1150.154 | R31: =+'사업장별(당월)'!R31+'[4]사업장별(누계)'!R31 -> 2093.246 | S31: =+P31-R31 -> 5010.0055 | T31: =+'사업장별(당월)'!T31+'[4]사업장별(누계)'!T31 -> 413.1953 | U31: =+'사업장별(당월)'!U31+'[4]사업장별(누계)'!U31 -> -528.20053 | V31: =+U31-T31 -> -941.39584 | W31: =+'사업장별(당월)'!W31+'[4]사업장별(누계)'!W31 -> -264.17118 | X31: =+U31-W31 -> -264.02935 | Y31: - 개별 대손 : 11.7억(송학 0.9억, 계원토건 1.2억, 남양건설 1.7억, 선원건설 7.9억) | AI31: =+T31/100 -> 4.131953 | AJ31: =+U31/100 -> -5.2820053 | AK31: =+V31/100 -> -9.4139584
G32: =+K32/J32 -> 0.70621219 | H32: 골재 계 | J32: =SUM(J29:J31) -> 1105.0942 | K32: =SUM(K29:K31) -> 780.431 | L32: =+K32-J32 -> -324.66321 | M32: =SUM(M29:M31) -> 777.867 | N32: =+K32-M32 -> 2.564 | O32: =SUM(O29:O31) -> 20875.566 | P32: =SUM(P29:P31) -> 15789.63 | Q32: =+P32-O32 -> -5085.9362 | R32: =SUM(R29:R31) -> 14872.953 | S32: =+P32-R32 -> 916.67618 | T32: =SUM(T29:T31) -> 1806.3168 | U32: =SUM(U29:U31) -> -294.10414 | V32: =+U32-T32 -> -2100.4209 | W32: =SUM(W29:W31) -> 891.53957 | X32: =+U32-W32 -> -1185.6437 | Y32: - 개별 대손환입 : -6.4억(신일 1.8억, 태영건설 3.1억, 남양건설 1.1억 등) | AI32: =SUM(AI29:AI31) -> 18.063168 | AJ32: =SUM(AJ29:AJ31) -> -2.9410414 | AK32: =SUM(AK29:AK31) -> -21.004209
B33: 포항임대 | C33: 속초임대 | D33: 강릉임대 | E33: 레미콘임대 계 | H33: 기타 | I33: 레미콘임대 | L33: =+K33-J33 -> 0 | N33: =+K33-M33 -> 0 | O33: =+'사업장별(당월)'!O33+'[4]사업장별(누계)'!O33 -> 999.24 | P33: =+'사업장별(당월)'!P33+'[4]사업장별(누계)'!P33 -> 999.24 | Q33: =+P33-O33 -> 0 | R33: =+'사업장별(당월)'!R33+'[4]사업장별(누계)'!R33 -> 930.49 | S33: =+P33-R33 -> 68.75 | T33: =+'사업장별(당월)'!T33+'[4]사업장별(누계)'!T33 -> 742.2149 | U33: =+'사업장별(당월)'!U33+'[4]사업장별(누계)'!U33 -> 695.34818 | V33: =+U33-T33 -> -46.866714 | W33: =+'사업장별(당월)'!W33+'[4]사업장별(누계)'!W33 -> 618.77445 | X33: =+U33-W33 -> 76.573738
B34: 부동산임대 | C34: 주유소임대 | E34: 임대 계 | I34: 임대 | L34: =+K34-J34 -> 0 | M34: 0 | N34: =+K34-M34 -> 0 | O34: =+'사업장별(당월)'!O34+'[4]사업장별(누계)'!O34 -> 795.8725 | P34: =+'사업장별(당월)'!P34+'[4]사업장별(누계)'!P34 -> 803.15053 | Q34: =+P34-O34 -> 7.2780263 | R34: =+'사업장별(당월)'!R34+'[4]사업장별(누계)'!R34 -> 1037.4614 | S34: =+P34-R34 -> -234.31082 | T34: =+'사업장별(당월)'!T34+'[4]사업장별(누계)'!T34 -> 720.80394 | U34: =+'사업장별(당월)'!U34+'[4]사업장별(누계)'!U34 -> 725.77006 | V34: =+U34-T34 -> 4.9661203 | W34: =+'사업장별(당월)'!W34+'[4]사업장별(누계)'!W34 -> 700.4206 | X34: =+U34-W34 -> 25.349468 | AM34: 16
B35: 공 통 비 | G35: ㎥ | I35: 공통비 | L35: =+K35-J35 -> 0 | N35: =+K35-M35 -> 0 | O35: =+'사업장별(당월)'!O35+'[4]사업장별(누계)'!O35 -> 0 | P35: =+'사업장별(당월)'!P35+'[4]사업장별(누계)'!P35 -> 0 | Q35: =+P35-O35 -> 0 | R35: =+'사업장별(당월)'!R35+'[4]사업장별(누계)'!R35 -> 0 | S35: =+P35-R35 -> 0 | T35: =+'사업장별(당월)'!T35+'[4]사업장별(누계)'!T35 -> -14971.779 | U35: =+'사업장별(당월)'!U35+'[4]사업장별(누계)'!U35 -> -15353.848 | V35: =+U35-T35 -> -382.06959 | W35: =+'사업장별(당월)'!W35+'[4]사업장별(누계)'!W35 -> -12929.509 | X35: =+U35-W35 -> -2424.3393 | AM35: 1
I36: OPC 소급분 | N36: =+K36-M36 -> 0 | O36: =+'사업장별(당월)'!O36+'[4]사업장별(누계)'!O36 -> 0 | P36: =+'사업장별(당월)'!P36+'[4]사업장별(누계)'!P36 -> 0 | Q36: =+P36-O36 -> 0 | R36: =+'사업장별(당월)'!R36+'[4]사업장별(누계)'!R36 -> 0 | S36: =+P36-R36 -> 0 | T36: =+'사업장별(당월)'!T36+'[4]사업장별(누계)'!T36 -> 1329.7 | U36: =+'사업장별(당월)'!U36+'[4]사업장별(누계)'!U36 -> 991.78824 | V36: =+U36-T36 -> -337.91176 | W36: =+'사업장별(당월)'!W36+'[4]사업장별(누계)'!W36 -> 0 | X36: =+U36-W36 -> 991.78824 | AM36: =SUM(AM34:AM35) -> 17
I37: 대손 | N37: =+K37-M37 -> 0 | O37: =+'사업장별(당월)'!O37+'[4]사업장별(누계)'!O37 -> 0 | P37: =+'사업장별(당월)'!P37+'[4]사업장별(누계)'!P37 -> 0 | Q37: =+P37-O37 -> 0 | R37: =+'사업장별(당월)'!R37+'[4]사업장별(누계)'!R37 -> 0 | S37: =+P37-R37 -> 0 | T37: =+'사업장별(당월)'!T37+'[4]사업장별(누계)'!T37 -> 0 | U37: =+'사업장별(당월)'!U37+'[4]사업장별(누계)'!U37 -> -573.85933 | V37: =+U37-T37 -> -573.85933 | W37: =+'사업장별(당월)'!W37+'[4]사업장별(누계)'!W37 -> -1974.222 | X37: =+U37-W37 -> 1400.3626
I38: 미운영 공장 | M38: =SUM(M54:M57) -> 0 | N38: =+K38-M38 -> 0 | O38: =+'사업장별(당월)'!O38+'[4]사업장별(누계)'!O38 -> 0 | P38: =+'사업장별(당월)'!P38+'[4]사업장별(누계)'!P38 -> 0 | Q38: =+P38-O38 -> 0 | R38: =+'사업장별(당월)'!R38+'[4]사업장별(누계)'!R38 -> 188.626 | S38: =+P38-R38 -> -188.626 | T38: =+'사업장별(당월)'!T38+'[4]사업장별(누계)'!T38 -> -343.11671 | U38: =+'사업장별(당월)'!U38+'[4]사업장별(누계)'!U38 -> -405.12094 | V38: =+U38-T38 -> -62.004222 | W38: =+'사업장별(당월)'!W38+'[4]사업장별(누계)'!W38 -> -135.88035 | X38: =+U38-W38 -> -269.24059
B39: 기타 계 | I39: 기타 | L39: =+K39-J39 -> 0 | N39: =+K39-M39 -> 0 | O39: =+'사업장별(당월)'!O39+'[4]사업장별(누계)'!O39 -> 19.47 | P39: =+'사업장별(당월)'!P39+'[4]사업장별(누계)'!P39 -> 19.305 | Q39: =+P39-O39 -> -0.165 | R39: =+'사업장별(당월)'!R39+'[4]사업장별(누계)'!R39 -> -14.7217 | S39: =+P39-R39 -> 34.0267 | T39: =+'사업장별(당월)'!T39+'[4]사업장별(누계)'!T39 -> -711.92845 | U39: =+'사업장별(당월)'!U39+'[4]사업장별(누계)'!U39 -> -232.93251 | V39: =+U39-T39 -> 478.99595 | W39: =+'사업장별(당월)'!W39+'[4]사업장별(누계)'!W39 -> -241.52423 | X39: =+U39-W39 -> 8.591726 | AI39: 118774940 | AJ39: -63907430
N40: =+K40-M40 -> 0 | O40: =+'사업장별(당월)'!O40+'[4]사업장별(누계)'!O40 -> 0 | P40: =+'사업장별(당월)'!P40+'[4]사업장별(누계)'!P40 -> 0 | Q40: =+P40-O40 -> 0 | R40: =+'사업장별(당월)'!R40+'[4]사업장별(누계)'!R40 -> 0 | S40: =+P40-R40 -> 0 | T40: =+'사업장별(당월)'!T40+'[4]사업장별(누계)'!T40 -> 0 | U40: =+'사업장별(당월)'!U40+'[4]사업장별(누계)'!U40 -> 0 | V40: =+U40-T40 -> 0 | W40: =+'사업장별(당월)'!W40+'[4]사업장별(누계)'!W40 -> 0 | AI40: 173503008 | AJ40: -310726527
H41: 기타 계 | J41: =SUM(J33:J40) -> 0 | K41: =SUM(K33:K40) -> 0 | L41: =+K41-J41 -> 0 | M41: =SUM(M33:M40) -> 0 | N41: =+K41-M41 -> 0 | O41: =SUM(O33:O40) -> 1814.5825 | P41: =SUM(P33:P40) -> 1821.6955 | Q41: =+P41-O41 -> 7.1130263 | R41: =SUM(R33:R40) -> 2141.8557 | S41: =+P41-R41 -> -320.16012 | T41: =SUM(T33:T40) -> -13234.105 | U41: =SUM(U33:U40) -> -14152.855 | V41: =+U41-T41 -> -918.74955 | W41: =SUM(W33:W40) -> -13961.94 | X41: =+U41-W41 -> -190.91411 | AI41: 786272300
AI42: 95057490
G43: =+P43/O43 -> 0.95220031 | H43: 합계 | O43: =+O27+O32+O28+O41 -> 447970.66 | P43: =+P27+P32+P28+P41 -> 426557.8 | Q43: =+P43-O43 -> -21412.861 | R43: =+R27+R32+R28+R41 -> 469704.38 | S43: =+P43-R43 -> -43146.576 | T43: =+T27+T32+T28+T41 -> 37063.045 | U43: =+U27+U32+U28+U41 -> 18623.962 | V43: =+U43-T43 -> -18439.084 | W43: =+W27+W32+W28+W41 -> 39341.142 | X43: =+U43-W43 -> -20717.18 | AI43: =SUM(AI39:AI42) -> 1173607738 | AJ43: =SUM(AJ39:AJ42) -> -374633957 | AK43: =SUM(AI43:AJ43) -> 798973781
G44: =+U43/T43 -> 0.5024941 | P44: =+P43/O43 -> 0.95220031 | T44: =+T43/O43 -> 0.08273543 | U44: =+U43/P43 -> 0.043661051
I46: 확인 | J46: =+'사업장별(당월)'!J46+'[4]사업장별(누계)'!J46 -> 3192.5 | K46: =+'사업장별(당월)'!K46+'[4]사업장별(누계)'!K46 -> 3105.939 | M46: =+'사업장별(당월)'!M46+'[4]사업장별(누계)'!M46 -> 3559.7182 | O46: =+'사업장별(당월)'!O46+'[4]사업장별(누계)'!O46 -> 447970.66 | P46: =+'사업장별(당월)'!P46+'[4]사업장별(누계)'!P46 -> 426557.8 | R46: =+'사업장별(당월)'!R46+'[4]사업장별(누계)'!R46 -> 469704.38 | T46: =+'사업장별(당월)'!T46+'[4]사업장별(누계)'!T46 -> 37063.045 | U46: =+'사업장별(당월)'!U46+'[4]사업장별(누계)'!U46 -> 18623.962 | W46: =+'사업장별(당월)'!W46+'[4]사업장별(누계)'!W46 -> 39341.142
J47: =+J46-J27 -> 0 | K47: =+K46-K27 -> 0 | M47: =+M46-M27 -> 0 | O47: =+O46-O43 -> 0 | P47: =+P46-P43 -> 0 | R47: =+R46-R43 -> 0 | T47: =+T46-T43 -> 0 | U47: =+U46-U43 -> 0 | W47: =+W46-W43 -> 0 | Z47: 시그마 5백만원
Z48: 공통 상각비 7천만원
Z49: 회계팀 재고자산평가손실 8.3천만원
S50: 레미콘 | T50: =(+T27+T35)/100 -> 323.57665 | U50: =(+U27+U35)/100 -> 171.15212 | V50: =+U50-T50 -> -152.42453 | W50: =+U50/T50-1 -> -0.47106158
S51: 건자재 | T51: =+T28/100 -> 11.613904 | U51: =+U28/100 -> 6.0186035 | V51: =+U51-T51 -> -5.5953008
S52: 골재 | T52: =+T32/100 -> 18.063168 | U52: =+U32/100 -> -2.9410414 | V52: =+U52-T52 -> -21.004209
S53: 임대 | T53: =(T33+T34)/100 -> 14.630188 | U53: =(U33+U34)/100 -> 14.211182 | V53: =+U53-T53 -> -0.41900594
S54: 기타 | T54: =(T46/100)-T50-T51-T52-T53 -> 2.7465483 | U54: =(U46/100)-U50-U51-U52-U53 -> -2.2012454 | V54: =+U54-T54 -> -4.9477937
T55: =SUM(T53:T54) -> 17.376737 | U55: =SUM(U53:U54) -> 12.009937 | V55: =SUM(V53:V54) -> -5.3667996
T56: =SUM(T50:T54) -> 370.63045 | U56: =SUM(U50:U54) -> 186.23962 | V56: =+U56-T56 -> -184.39084
S58: 임대 | T58: =+(T33+T34)/100 -> 14.630188 | U58: =+(U33+U34)/100 -> 14.211182 | V58: =+U58-T58 -> -0.41900594
S59: =+I36 -> OPC 소급분 | T59: =+T36/100 -> 13.297 | U59: =+U36/100 -> 9.9178824 | V59: =+U59-T59 -> -3.3791176
S60: =+I37 -> 대손 | T60: =+T37/100 -> 0 | U60: =+U37/100 -> -5.7385933 | V60: =+U60-T60 -> -5.7385933
S61: =+I38 -> 미운영 공장 | T61: =+T38/100 -> -3.4311671 | U61: =+U38/100 -> -4.0512094 | V61: =+U61-T61 -> -0.62004222
S62: =+I39 -> 기타 | T62: =+T39/100 -> -7.1192845 | U62: =+U39/100 -> -2.3293251 | V62: =+U62-T62 -> 4.7899595
T63: =SUM(T58:T62) -> 17.376737 | U63: =SUM(U58:U62) -> 12.009937 | V63: =SUM(V58:V62) -> -5.3667996

Sheet 사업장별(당월)_공장 송부용
H3: □ 사업장별 손익실적(2024-11)
AG4: [단위 : 천㎥, 톤, 백만원]
H5: 구분 | J5: 물량 | O5: 매출 | T5: 영업이익(공통비 배부전) | Y5: 판매단가 | AB5: 변동비 | AE5: 공헌이익
A6: 2024년 11월 마감 손익 | J6: 계획 | K6: 실적 | L6: 차이 | M6: 전년 | N6: 차이 | O6: 계획 | P6: 실적 | Q6: 차이 | R6: 전년 | S6: 차이 | T6: 계획 | U6: 실적 | V6: 차이 | W6: 전년 | X6: 차이 | Y6: 계획 | Z6: 실적 | AA6: 전년 | AB6: 계획 | AC6: 실적 | AD6: 전년 | AE6: 계획 | AF6: 실적 | AG6: 전년
B7: 안양 | G7: =+I7 -> 안양 | H7: 레미콘 | I7: 안양 | J7: =+IFERROR(HLOOKUP($B7,'[1]11월'!$D$6:$BN$259,2,),)/1000 -> 45 | K7: =+IFERROR(HLOOKUP($B7,'[2]11월'!$F$6:$CP$99,2,),)/1000 -> 38.566 | L7: =+K7-J7 -> -6.434 | M7: =+IFERROR(HLOOKUP($B7,'[3]11월'!$F$6:$CC$57,2,),)/1000 -> 52.411 | N7: =+K7-M7 -> -13.845 | O7: =+IFERROR(HLOOKUP($B7,'[1]11월'!$D$6:$BN$259,3,),)/1000 -> 4576.7897 | P7: =+IFERROR(HLOOKUP($B7,'[2]11월'!$F$6:$CP$99,3,),)/1000 -> 3786.5243 | Q7: =+P7-O7 -> -790.26544 | R7: =+IFERROR(HLOOKUP($B7,'[3]11월'!$F$6:$CC$57,3,),)/1000 -> 4739.0451 | S7: =+P7-R7 -> -952.52079 | T7: =+IFERROR(HLOOKUP($B7,'[1]11월'!$D$6:$BN$259,16,),)/1000 -> 669.44377 | U7: =+IFERROR(HLOOKUP($B7,'[2]11월'!$F$6:$CP$99,16,),)/1000 -> 302.27516 | V7: =+U7-T7 -> -367.16861 | W7: =+IFERROR(HLOOKUP($B7,'[3]11월'!$F$6:$CC$57,16,),)/1000 -> 289.11731 | X7: =+U7-W7 -> 13.157852 | Y7: =+[5]안양!$Q$85 -> 101706.44 | Z7: =+[5]안양!$R$85 -> 98187.636 | AA7: =+[6]안양!$Q$85 -> 90390.319 | AB7: =+[5]안양!$Q$89 -> 80285.824 | AC7: =+[5]안양!$R$89 -> 83030.588 | AD7: =+[6]안양!$Q$89 -> 79011.361 | AE7: =+Y7-AB7 -> 21420.613 | AF7: =+Z7-AC7 -> 15157.048 | AG7: =+AA7-AD7 -> 11378.958
B8: 인천 | G8: =+I8 -> 인천 | H8: 직영 | I8: 인천 | J8: =+IFERROR(HLOOKUP($B8,'[1]11월'!$D$6:$BN$259,2,),)/1000 -> 36 | K8: =+IFERROR(HLOOKUP($B8,'[2]11월'!$F$6:$CP$99,2,),)/1000 -> 29.507 | L8: =+K8-J8 -> -6.493 | M8: =+IFERROR(HLOOKUP($B8,'[3]11월'!$F$6:$CC$57,2,),)/1000 -> 38.282 | N8: =+K8-M8 -> -8.775 | O8: =+IFERROR(HLOOKUP($B8,'[1]11월'!$D$6:$BN$259,3,),)/1000 -> 3840.6235 | P8: =+IFERROR(HLOOKUP($B8,'[2]11월'!$F$6:$CP$99,3,),)/1000 -> 2907.4014 | Q8: =+P8-O8 -> -933.22206 | R8: =+IFERROR(HLOOKUP($B8,'[3]11월'!$F$6:$CC$57,3,),)/1000 -> 3653.7019 | S8: =+P8-R8 -> -746.30043 | T8: =+IFERROR(HLOOKUP($B8,'[1]11월'!$D$6:$BN$259,16,),)/1000 -> 631.27755 | U8: =+IFERROR(HLOOKUP($B8,'[2]11월'!$F$6:$CP$99,16,),)/1000 -> 72.336657 | V8: =+U8-T8 -> -558.94089 | W8: =+IFERROR(HLOOKUP($B8,'[3]11월'!$F$6:$CC$57,16,),)/1000 -> 197.3863 | X8: =+U8-W8 -> -125.04964 | Y8: =+[5]인천!$Q$85 -> 106683.99 | Z8: =+[5]인천!$R$85 -> 98532.601 | AA8: =+[6]인천!$Q$85 -> 95427.937 | AB8: =+[5]인천!$Q$89 -> 81462.254 | AC8: =+[5]인천!$R$89 -> 85841.298 | AD8: =+[6]인천!$Q$89 -> 82915.993 | AE8: =+Y8-AB8 -> 25221.732 | AF8: =+Z8-AC8 -> 12691.303 | AG8: =+AA8-AD8 -> 12511.943
B9: 파주 | G9: =+I9 -> 파주 | I9: 파주 | J9: =+IFERROR(HLOOKUP($B9,'[1]11월'!$D$6:$BN$259,2,),)/1000 -> 23 | K9: =+IFERROR(HLOOKUP($B9,'[2]11월'!$F$6:$CP$99,2,),)/1000 -> 22.349 | L9: =+K9-J9 -> -0.651 | M9: =+IFERROR(HLOOKUP($B9,'[3]11월'!$F$6:$CC$57,2,),)/1000 -> 32.522 | N9: =+K9-M9 -> -10.173 | O9: =+IFERROR(HLOOKUP($B9,'[1]11월'!$D$6:$BN$259,3,),)/1000 -> 2308.8135 | P9: =+IFERROR(HLOOKUP($B9,'[2]11월'!$F$6:$CP$99,3,),)/1000 -> 2134.5209 | Q9: =+P9-O9 -> -174.29254 | R9: =+IFERROR(HLOOKUP($B9,'[3]11월'!$F$6:$CC$57,3,),)/1000 -> 3216.1735 | S9: =+P9-R9 -> -1081.6525 | T9: =+IFERROR(HLOOKUP($B9,'[1]11월'!$D$6:$BN$259,16,),)/1000 -> 291.23696 | U9: =+IFERROR(HLOOKUP($B9,'[2]11월'!$F$6:$CP$99,16,),)/1000 -> 79.622709 | V9: =+U9-T9 -> -211.61425 | W9: =+IFERROR(HLOOKUP($B9,'[3]11월'!$F$6:$CC$57,16,),)/1000 -> 229.24384 | X9: =+U9-W9 -> -149.62113 | Y9: =+[5]파주!$Q$85 -> 100383.19 | Z9: =+[5]파주!$R$85 -> 95512.912 | AA9: =+[6]파주!$Q$85 -> 98825.228 | AB9: =+[5]파주!$Q$89 -> 78647.244 | AC9: =+[5]파주!$R$89 -> 81942.563 | AD9: =+[6]파주!$Q$89 -> 84723.197 | AE9: =+Y9-AB9 -> 21735.95 | AF9: =+Z9-AC9 -> 13570.349 | AG9: =+AA9-AD9 -> 14102.031
B10: 김포 | G10: =+I10 -> 김포 | I10: 김포 | J10: =+IFERROR(HLOOKUP($B10,'[1]11월'!$D$6:$BN$259,2,),)/1000 -> 17.5 | K10: =+IFERROR(HLOOKUP($B10,'[2]11월'!$F$6:$CP$99,2,),)/1000 -> 17.224 | L10: =+K10-J10 -> -0.276 | M10: =+IFERROR(HLOOKUP($B10,'[3]11월'!$F$6:$CC$57,2,),)/1000 -> 16.05668 | N10: =+K10-M10 -> 1.16732 | O10: =+IFERROR(HLOOKUP($B10,'[1]11월'!$D$6:$BN$259,3,),)/1000 -> 1690.5765 | P10: =+IFERROR(HLOOKUP($B10,'[2]11월'!$F$6:$CP$99,3,),)/1000 -> 1650.7338 | Q10: =+P10-O10 -> -39.8427 | R10: =+IFERROR(HLOOKUP($B10,'[3]11월'!$F$6:$CC$57,3,),)/1000 -> 1538.7716 | S10: =+P10-R10 -> 111.96222 | T10: =+IFERROR(HLOOKUP($B10,'[1]11월'!$D$6:$BN$259,16,),)/1000 -> 264.05161 | U10: =+IFERROR(HLOOKUP($B10,'[2]11월'!$F$6:$CP$99,16,),)/1000 -> 98.878248 | V10: =+U10-T10 -> -165.17336 | W10: =+IFERROR(HLOOKUP($B10,'[3]11월'!$F$6:$CC$57,16,),)/1000 -> 184.97632 | X10: =+U10-W10 -> -86.098076 | Y10: =+[5]김포!$Q$85 -> 96604.371 | Z10: =+[5]김포!$R$85 -> 95901.216 | AA10: =+[6]김포!$Q$85 -> 95784.706 | AB10: =+[5]김포!$Q$89 -> 72466.77 | AC10: =+[5]김포!$R$89 -> 80686.638 | AD10: =+[6]김포!$Q$89 -> 73858.942 | AE10: =+Y10-AB10 -> 24137.601 | AF10: =+Z10-AC10 -> 15214.577 | AG10: =+AA10-AD10 -> 21925.764
B11: 부산 | G11: =+I11 -> 부산 | I11: 부산 | J11: =+IFERROR(HLOOKUP($B11,'[1]11월'!$D$6:$BN$259,2,),)/1000 -> 24 | K11: =+IFERROR(HLOOKUP($B11,'[2]11월'!$F$6:$CP$99,2,),)/1000 -> 19.12 | L11: =+K11-J11 -> -4.88 | M11: =+IFERROR(HLOOKUP($B11,'[3]11월'!$F$6:$CC$57,2,),)/1000 -> 24.2875 | N11: =+K11-M11 -> -5.1675 | O11: =+IFERROR(HLOOKUP($B11,'[1]11월'!$D$6:$BN$259,3,),)/1000 -> 2582.3961 | P11: =+IFERROR(HLOOKUP($B11,'[2]11월'!$F$6:$CP$99,3,),)/1000 -> 2100.75 | Q11: =+P11-O11 -> -481.64606 | R11: =+IFERROR(HLOOKUP($B11,'[3]11월'!$F$6:$CC$57,3,),)/1000 -> 2488.4756 | S11: =+P11-R11 -> -387.7256 | T11: =+IFERROR(HLOOKUP($B11,'[1]11월'!$D$6:$BN$259,16,),)/1000 -> 440.56963 | U11: =+IFERROR(HLOOKUP($B11,'[2]11월'!$F$6:$CP$99,16,),)/1000 -> 175.17909 | V11: =+U11-T11 -> -265.39054 | W11: =+IFERROR(HLOOKUP($B11,'[3]11월'!$F$6:$CC$57,16,),)/1000 -> 295.99216 | X11: =+U11-W11 -> -120.81307 | Y11: =+[5]부산!$Q$85 -> 107599.84 | Z11: =+[5]부산!$R$85 -> 109871.86 | AA11: =+[6]부산!$Q$85 -> 102459.11 | AB11: =+[5]부산!$Q$89 -> 78841.491 | AC11: =+[5]부산!$R$89 -> 86400.778 | AD11: =+[6]부산!$Q$89 -> 79670.334 | AE11: =+Y11-AB11 -> 28758.345 | AF11: =+Z11-AC11 -> 23471.085 | AG11: =+AA11-AD11 -> 22788.775
B12: 서부산 | G12: =+I12 -> 서부산 | I12: 서부산 | J12: =+IFERROR(HLOOKUP($B12,'[1]11월'!$D$6:$BN$259,2,),)/1000 -> 26 | K12: =+IFERROR(HLOOKUP($B12,'[2]11월'!$F$6:$CP$99,2,),)/1000 -> 19.932 | L12: =+K12-J12 -> -6.068 | M12: =+IFERROR(HLOOKUP($B12,'[3]11월'!$F$6:$CC$57,2,),)/1000 -> 29.358 | N12: =+K12-M12 -> -9.426 | O12: =+IFERROR(HLOOKUP($B12,'[1]11월'!$D$6:$BN$259,3,),)/1000 -> 2719.0035 | P12: =+IFERROR(HLOOKUP($B12,'[2]11월'!$F$6:$CP$99,3,),)/1000 -> 1883.6583 | Q12: =+P12-O12 -> -835.34523 | R12: =+IFERROR(HLOOKUP($B12,'[3]11월'!$F$6:$CC$57,3,),)/1000 -> 2851.8056 | S12: =+P12-R12 -> -968.14732 | T12: =+IFERROR(HLOOKUP($B12,'[1]11월'!$D$6:$BN$259,16,),)/1000 -> 511.79381 | U12: =+IFERROR(HLOOKUP($B12,'[2]11월'!$F$6:$CP$99,16,),)/1000 -> 124.8758 | V12: =+U12-T12 -> -386.91801 | W12: =+IFERROR(HLOOKUP($B12,'[3]11월'!$F$6:$CC$57,16,),)/1000 -> 436.14119 | X12: =+U12-W12 -> -311.26539 | Y12: =+[5]서부산!$Q$85 -> 104577.06 | Z12: =+[5]서부산!$R$85 -> 94504.229 | AA12: =+[6]서부산!$Q$85 -> 97138.961 | AB12: =+[5]서부산!$Q$89 -> 76327.595 | AC12: =+[5]서부산!$R$89 -> 77003.708 | AD12: =+[6]서부산!$Q$89 -> 74683.793 | AE12: =+Y12-AB12 -> 28249.464 | AF12: =+Z12-AC12 -> 17500.521 | AG12: =+AA12-AD12 -> 22455.167
B13: 김해 | G13: =+I13 -> 김해 | I13: 김해 | J13: =+IFERROR(HLOOKUP($B13,'[1]11월'!$D$6:$BN$259,2,),)/1000 -> 14 | K13: =+IFERROR(HLOOKUP($B13,'[2]11월'!$F$6:$CP$99,2,),)/1000 -> 12.286 | L13: =+K13-J13 -> -1.714 | M13: =+IFERROR(HLOOKUP($B13,'[3]11월'!$F$6:$CC$57,2,),)/1000 -> 16.069 | N13: =+K13-M13 -> -3.783 | O13: =+IFERROR(HLOOKUP($B13,'[1]11월'!$D$6:$BN$259,3,),)/1000 -> 1414.0056 | P13: =+IFERROR(HLOOKUP($B13,'[2]11월'!$F$6:$CP$99,3,),)/1000 -> 1181.5016 | Q13: =+P13-O13 -> -232.504 | R13: =+IFERROR(HLOOKUP($B13,'[3]11월'!$F$6:$CC$57,3,),)/1000 -> 1581.8795 | S13: =+P13-R13 -> -400.37789 | T13: =+IFERROR(HLOOKUP($B13,'[1]11월'!$D$6:$BN$259,16,),)/1000 -> 199.30405 | U13: =+IFERROR(HLOOKUP($B13,'[2]11월'!$F$6:$CP$99,16,),)/1000 -> 84.464322 | V13: =+U13-T13 -> -114.83973 | W13: =+IFERROR(HLOOKUP($B13,'[3]11월'!$F$6:$CC$57,16,),)/1000 -> 188.29218 | X13: =+U13-W13 -> -103.82786 | Y13: =+[5]김해!$Q$85 -> 101000.4 | Z13: =+[5]김해!$R$85 -> 96166.498 | AA13: =+[6]김해!$Q$85 -> 98442.933 | AB13: =+[5]김해!$Q$89 -> 77024.582 | AC13: =+[5]김해!$R$89 -> 77299.138 | AD13: =+[6]김해!$Q$89 -> 78010.996 | AE13: =+Y13-AB13 -> 23975.818 | AF13: =+Z13-AC13 -> 18867.36 | AG13: =+AA13-AD13 -> 20431.937
B14: 정관 | G14: =+I14 -> 정관 | I14: 정관 | J14: =+IFERROR(HLOOKUP($B14,'[1]11월'!$D$6:$BN$259,2,),)/1000 -> 19 | K14: =+IFERROR(HLOOKUP($B14,'[2]11월'!$F$6:$CP$99,2,),)/1000 -> 18.063 | L14: =+K14-J14 -> -0.937 | M14: =+IFERROR(HLOOKUP($B14,'[3]11월'!$F$6:$CC$57,2,),)/1000 -> 22.187 | N14: =+K14-M14 -> -4.124 | O14: =+IFERROR(HLOOKUP($B14,'[1]11월'!$D$6:$BN$259,3,),)/1000 -> 1976 | P14: =+IFERROR(HLOOKUP($B14,'[2]11월'!$F$6:$CP$99,3,),)/1000 -> 1827.7784 | Q14: =+P14-O14 -> -148.22159 | R14: =+IFERROR(HLOOKUP($B14,'[3]11월'!$F$6:$CC$57,3,),)/1000 -> 2237.4768 | S14: =+P14-R14 -> -409.69839 | T14: =+IFERROR(HLOOKUP($B14,'[1]11월'!$D$6:$BN$259,16,),)/1000 -> 288.71255 | U14: =+IFERROR(HLOOKUP($B14,'[2]11월'!$F$6:$CP$99,16,),)/1000 -> 141.17147 | V14: =+U14-T14 -> -147.54108 | W14: =+IFERROR(HLOOKUP($B14,'[3]11월'!$F$6:$CC$57,16,),)/1000 -> 345.89393 | X14: =+U14-W14 -> -204.72246 | Y14: =+[5]정관!$Q$85 -> 104000 | Z14: =+[5]정관!$R$85 -> 101189.08 | AA14: =+[6]정관!$Q$85 -> 100846.3 | AB14: =+[5]정관!$Q$89 -> 79201.727 | AC14: =+[5]정관!$R$89 -> 82675.659 | AD14: =+[6]정관!$Q$89 -> 76983.404 | AE14: =+Y14-AB14 -> 24798.273 | AF14: =+Z14-AC14 -> 18513.424 | AG14: =+AA14-AD14 -> 23862.893
B15: 양산 | G15: =+I15 -> 양산 | I15: 양산 | J15: =+IFERROR(HLOOKUP($B15,'[1]11월'!$D$6:$BN$259,2,),)/1000 -> 12 | K15: =+IFERROR(HLOOKUP($B15,'[2]11월'!$F$6:$CP$99,2,),)/1000 -> 10.32 | L15: =+K15-J15 -> -1.68 | M15: =+IFERROR(HLOOKUP($B15,'[3]11월'!$F$6:$CC$57,2,),)/1000 -> 13.651 | N15: =+K15-M15 -> -3.331 | O15: =+IFERROR(HLOOKUP($B15,'[1]11월'!$D$6:$BN$259,3,),)/1000 -> 1166.5218 | P15: =+IFERROR(HLOOKUP($B15,'[2]11월'!$F$6:$CP$99,3,),)/1000 -> 1034.8856 | Q15: =+P15-O15 -> -131.63623 | R15: =+IFERROR(HLOOKUP($B15,'[3]11월'!$F$6:$CC$57,3,),)/1000 -> 1229.7334 | S15: =+P15-R15 -> -194.8478 | T15: =+IFERROR(HLOOKUP($B15,'[1]11월'!$D$6:$BN$259,16,),)/1000 -> 172.32307 | U15: =+IFERROR(HLOOKUP($B15,'[2]11월'!$F$6:$CP$99,16,),)/1000 -> 98.711031 | V15: =+U15-T15 -> -73.612036 | W15: =+IFERROR(HLOOKUP($B15,'[3]11월'!$F$6:$CC$57,16,),)/1000 -> 75.512559 | X15: =+U15-W15 -> 23.198472 | Y15: =+[5]양산!$Q$85 -> 97210.153 | Z15: =+[5]양산!$R$85 -> 100279.61 | AA15: =+[6]양산!$Q$85 -> 90083.759 | AB15: =+[5]양산!$Q$89 -> 71708.561 | AC15: =+[5]양산!$R$89 -> 76706.995 | AD15: =+[6]양산!$Q$89 -> 73954.29 | AE15: =+Y15-AB15 -> 25501.592 | AF15: =+Z15-AC15 -> 23572.618 | AG15: =+AA15-AD15 -> 16129.47
B16: 창원 | G16: =+I16 -> 창원 | I16: 창원 | J16: =+IFERROR(HLOOKUP($B16,'[1]11월'!$D$6:$BN$259,2,),)/1000 -> 16 | K16: =+IFERROR(HLOOKUP($B16,'[2]11월'!$F$6:$CP$99,2,),)/1000 -> 13.393 | L16: =+K16-J16 -> -2.607 | M16: =+IFERROR(HLOOKUP($B16,'[3]11월'!$F$6:$CC$57,2,),)/1000 -> 24.905 | N16: =+K16-M16 -> -11.512 | O16: =+IFERROR(HLOOKUP($B16,'[1]11월'!$D$6:$BN$259,3,),)/1000 -> 1628.6015 | P16: =+IFERROR(HLOOKUP($B16,'[2]11월'!$F$6:$CP$99,3,),)/1000 -> 1320.8885 | Q16: =+P16-O16 -> -307.713 | R16: =+IFERROR(HLOOKUP($B16,'[3]11월'!$F$6:$CC$57,3,),)/1000 -> 2379.7132 | S16: =+P16-R16 -> -1058.8247 | T16: =+IFERROR(HLOOKUP($B16,'[1]11월'!$D$6:$BN$259,16,),)/1000 -> 283.85298 | U16: =+IFERROR(HLOOKUP($B16,'[2]11월'!$F$6:$CP$99,16,),)/1000 -> 134.08562 | V16: =+U16-T16 -> -149.76736 | W16: =+IFERROR(HLOOKUP($B16,'[3]11월'!$F$6:$CC$57,16,),)/1000 -> 375.28587 | X16: =+U16-W16 -> -241.20025 | Y16: =+[5]창원!$Q$85 -> 101787.59 | Z16: =+[5]창원!$R$85 -> 98625.289 | AA16: =+[6]창원!$Q$85 -> 95551.624 | AB16: =+[5]창원!$Q$89 -> 72750.016 | AC16: =+[5]창원!$R$89 -> 75355.289 | AD16: =+[6]창원!$Q$89 -> 72769.45 | AE16: =+Y16-AB16 -> 29037.577 | AF16: =+Z16-AC16 -> 23270 | AG16: =+AA16-AD16 -> 22782.174
B17: 대구 | G17: =+I17 -> 대구 | I17: 대구 | J17: =+IFERROR(HLOOKUP($B17,'[1]11월'!$D$6:$BN$259,2,),)/1000 -> 16.5 | K17: =+IFERROR(HLOOKUP($B17,'[2]11월'!$F$6:$CP$99,2,),)/1000 -> 15.449 | L17: =+K17-J17 -> -1.051 | M17: =+IFERROR(HLOOKUP($B17,'[3]11월'!$F$6:$CC$57,2,),)/1000 -> 19.431 | N17: =+K17-M17 -> -3.982 | O17: =+IFERROR(HLOOKUP($B17,'[1]11월'!$D$6:$BN$259,3,),)/1000 -> 1613.04 | P17: =+IFERROR(HLOOKUP($B17,'[2]11월'!$F$6:$CP$99,3,),)/1000 -> 1485.4652 | Q17: =+P17-O17 -> -127.57475 | R17: =+IFERROR(HLOOKUP($B17,'[3]11월'!$F$6:$CC$57,3,),)/1000 -> 1786.2266 | S17: =+P17-R17 -> -300.76135 | T17: =+IFERROR(HLOOKUP($B17,'[1]11월'!$D$6:$BN$259,16,),)/1000 -> 284.59643 | U17: =+IFERROR(HLOOKUP($B17,'[2]11월'!$F$6:$CP$99,16,),)/1000 -> 166.75688 | V17: =+U17-T17 -> -117.83955 | W17: =+IFERROR(HLOOKUP($B17,'[3]11월'!$F$6:$CC$57,16,),)/1000 -> 222.08831 | X17: =+U17-W17 -> -55.331428 | Y17: =+[5]대구!$Q$85 -> 97760 | Z17: =+[5]대구!$R$85 -> 96152.842 | AA17: =+[6]대구!$Q$85 -> 91926.643 | AB17: =+[5]대구!$Q$89 -> 71060.782 | AC17: =+[5]대구!$R$89 -> 74152.653 | AD17: =+[6]대구!$Q$89 -> 71502.714 | AE17: =+Y17-AB17 -> 26699.218 | AF17: =+Z17-AC17 -> 22000.188 | AG17: =+AA17-AD17 -> 20423.929
B18: 울산 | G18: =+I18 -> 울산 | I18: 울산 | J18: =+IFERROR(HLOOKUP($B18,'[1]11월'!$D$6:$BN$259,2,),)/1000 -> 12 | K18: =+IFERROR(HLOOKUP($B18,'[2]11월'!$F$6:$CP$99,2,),)/1000 -> 12.988 | L18: =+K18-J18 -> 0.988 | M18: =+IFERROR(HLOOKUP($B18,'[3]11월'!$F$6:$CC$57,2,),)/1000 -> 5.2705 | N18: =+K18-M18 -> 7.7175 | O18: =+IFERROR(HLOOKUP($B18,'[1]11월'!$D$6:$BN$259,3,),)/1000 -> 1215.058 | P18: =+IFERROR(HLOOKUP($B18,'[2]11월'!$F$6:$CP$99,3,),)/1000 -> 1407.4653 | Q18: =+P18-O18 -> 192.4073 | R18: =+IFERROR(HLOOKUP($B18,'[3]11월'!$F$6:$CC$57,3,),)/1000 -> 526.1009 | S18: =+P18-R18 -> 881.3644 | T18: =+IFERROR(HLOOKUP($B18,'[1]11월'!$D$6:$BN$259,16,),)/1000 -> 120.14689 | U18: =+IFERROR(HLOOKUP($B18,'[2]11월'!$F$6:$CP$99,16,),)/1000 -> 169.85775 | V18: =+U18-T18 -> 49.710856 | W18: =+IFERROR(HLOOKUP($B18,'[3]11월'!$F$6:$CC$57,16,),)/1000 -> -18.246208 | X18: =+U18-W18 -> 188.10396 | Y18: =+[5]울산!$Q$85 -> 101254.83 | Z18: =+[5]울산!$R$85 -> 108366.59 | AA18: =+[6]울산!$Q$85 -> 99801.715 | AB18: =+[5]울산!$Q$89 -> 80550.789 | AC18: =+[5]울산!$R$89 -> 83931.342 | AD18: =+[6]울산!$Q$89 -> 80390.959 | AE18: =+Y18-AB18 -> 20704.045 | AF18: =+Z18-AC18 -> 24435.25 | AG18: =+AA18-AD18 -> 19410.755
B19: 아산 | G19: =+I19 -> 아산 | I19: 아산 | J19: =+IFERROR(HLOOKUP($B19,'[1]11월'!$D$6:$BN$259,2,),)/1000 -> 28 | K19: =+IFERROR(HLOOKUP($B19,'[2]11월'!$F$6:$CP$99,2,),)/1000 -> 27.751 | L19: =+K19-J19 -> -0.249 | M19: =+IFERROR(HLOOKUP($B19,'[3]11월'!$F$6:$CC$57,2,),)/1000 -> 30.918 | N19: =+K19-M19 -> -3.167 | O19: =+IFERROR(HLOOKUP($B19,'[1]11월'!$D$6:$BN$259,3,),)/1000 -> 2828.015 | P19: =+IFERROR(HLOOKUP($B19,'[2]11월'!$F$6:$CP$99,3,),)/1000 -> 2807.1351 | Q19: =+P19-O19 -> -20.879863 | R19: =+IFERROR(HLOOKUP($B19,'[3]11월'!$F$6:$CC$57,3,),)/1000 -> 2979.6452 | S19: =+P19-R19 -> -172.51006 | T19: =+IFERROR(HLOOKUP($B19,'[1]11월'!$D$6:$BN$259,16,),)/1000 -> 446.17527 | U19: =+IFERROR(HLOOKUP($B19,'[2]11월'!$F$6:$CP$99,16,),)/1000 -> 245.55114 | V19: =+U19-T19 -> -200.62413 | W19: =+IFERROR(HLOOKUP($B19,'[3]11월'!$F$6:$CC$57,16,),)/1000 -> 374.96461 | X19: =+U19-W19 -> -129.41347 | Y19: =+[5]아산!$Q$85 -> 101000.54 | Z19: =+[5]아산!$R$85 -> 100993.94 | AA19: =+[6]아산!$Q$85 -> 96250.587 | AB19: =+[5]아산!$Q$89 -> 77568.064 | AC19: =+[5]아산!$R$89 -> 82819.722 | AD19: =+[6]아산!$Q$89 -> 77247.813 | AE19: =+Y19-AB19 -> 23432.471 | AF19: =+Z19-AC19 -> 18174.222 | AG19: =+AA19-AD19 -> 19002.774
B20: 전주 | G20: =+I20 -> 전주 | I20: 전주 | J20: =+IFERROR(HLOOKUP($B20,'[1]11월'!$D$6:$BN$259,2,),)/1000 -> 12 | K20: =+IFERROR(HLOOKUP($B20,'[2]11월'!$F$6:$CP$99,2,),)/1000 -> 9.1185 | L20: =+K20-J20 -> -2.8815 | M20: =+IFERROR(HLOOKUP($B20,'[3]11월'!$F$6:$CC$57,2,),)/1000 -> 11.306 | N20: =+K20-M20 -> -2.1875 | O20: =+IFERROR(HLOOKUP($B20,'[1]11월'!$D$6:$BN$259,3,),)/1000 -> 1221.5593 | P20: =+IFERROR(HLOOKUP($B20,'[2]11월'!$F$6:$CP$99,3,),)/1000 -> 903.67658 | Q20: =+P20-O20 -> -317.88268 | R20: =+IFERROR(HLOOKUP($B20,'[3]11월'!$F$6:$CC$57,3,),)/1000 -> 968.3004 | S20: =+P20-R20 -> -64.623818 | T20: =+IFERROR(HLOOKUP($B20,'[1]11월'!$D$6:$BN$259,16,),)/1000 -> 204.11101 | U20: =+IFERROR(HLOOKUP($B20,'[2]11월'!$F$6:$CP$99,16,),)/1000 -> 64.246477 | V20: =+U20-T20 -> -139.86453 | W20: =+IFERROR(HLOOKUP($B20,'[3]11월'!$F$6:$CC$57,16,),)/1000 -> 56.852236 | X20: =+U20-W20 -> 7.394241 | Y20: =+[5]전주!$Q$85 -> 101796.6 | Z20: =+[5]전주!$R$85 -> 99117.984 | AA20: =+[6]전주!$Q$85 -> 85633.894 | AB20: =+[5]전주!$Q$89 -> 73495.475 | AC20: =+[5]전주!$R$89 -> 76865.183 | AD20: =+[6]전주!$Q$89 -> 68516.279 | AE20: =+Y20-AB20 -> 28301.13 | AF20: =+Z20-AC20 -> 22252.801 | AG20: =+AA20-AD20 -> 17117.615
B21: 군산 | G21: =+I21 -> 군산 | I21: 군산 | J21: =+IFERROR(HLOOKUP($B21,'[1]11월'!$D$6:$BN$259,2,),)/1000 -> 7 | K21: =+IFERROR(HLOOKUP($B21,'[2]11월'!$F$6:$CP$99,2,),)/1000 -> 7.147 | L21: =+K21-J21 -> 0.147 | M21: =+IFERROR(HLOOKUP($B21,'[3]11월'!$F$6:$CC$57,2,),)/1000 -> 10.1825 | N21: =+K21-M21 -> -3.0355 | O21: =+IFERROR(HLOOKUP($B21,'[1]11월'!$D$6:$BN$259,3,),)/1000 -> 762.99903 | P21: =+IFERROR(HLOOKUP($B21,'[2]11월'!$F$6:$CP$99,3,),)/1000 -> 764.9177 | Q21: =+P21-O21 -> 1.918671 | R21: =+IFERROR(HLOOKUP($B21,'[3]11월'!$F$6:$CC$57,3,),)/1000 -> 1059.8706 | S21: =+P21-R21 -> -294.95294 | T21: =+IFERROR(HLOOKUP($B21,'[1]11월'!$D$6:$BN$259,16,),)/1000 -> 193.41126 | U21: =+IFERROR(HLOOKUP($B21,'[2]11월'!$F$6:$CP$99,16,),)/1000 -> 153.19348 | V21: =+U21-T21 -> -40.217787 | W21: =+IFERROR(HLOOKUP($B21,'[3]11월'!$F$6:$CC$57,16,),)/1000 -> 286.27942 | X21: =+U21-W21 -> -133.08594 | Y21: =+[5]군산!$Q$85 -> 108999.86 | Z21: =+[5]군산!$R$85 -> 107026.4 | AA21: =+[6]군산!$Q$85 -> 104087.47 | AB21: =+[5]군산!$Q$89 -> 70884.733 | AC21: =+[5]군산!$R$89 -> 73409.949 | AD21: =+[6]군산!$Q$89 -> 68690.171 | AE21: =+Y21-AB21 -> 38115.129 | AF21: =+Z21-AC21 -> 33616.454 | AG21: =+AA21-AD21 -> 35397.297
B22: 원주 | G22: =+I22 -> 원주 | I22: 원주 | J22: =+IFERROR(HLOOKUP($B22,'[1]11월'!$D$6:$BN$259,2,),)/1000 -> 5 | K22: =+IFERROR(HLOOKUP($B22,'[2]11월'!$F$6:$CP$99,2,),)/1000 -> 4.554 | L22: =+K22-J22 -> -0.446 | M22: =+IFERROR(HLOOKUP($B22,'[3]11월'!$F$6:$CC$57,2,),)/1000 -> 5.9845 | N22: =+K22-M22 -> -1.4305 | O22: =+IFERROR(HLOOKUP($B22,'[1]11월'!$D$6:$BN$259,3,),)/1000 -> 539.5 | P22: =+IFERROR(HLOOKUP($B22,'[2]11월'!$F$6:$CP$99,3,),)/1000 -> 521.4149 | Q22: =+P22-O22 -> -18.0851 | R22: =+IFERROR(HLOOKUP($B22,'[3]11월'!$F$6:$CC$57,3,),)/1000 -> 615.8714 | S22: =+P22-R22 -> -94.4565 | T22: =+IFERROR(HLOOKUP($B22,'[1]11월'!$D$6:$BN$259,16,),)/1000 -> 96.951877 | U22: =+IFERROR(HLOOKUP($B22,'[2]11월'!$F$6:$CP$99,16,),)/1000 -> 96.375569 | V22: =+U22-T22 -> -0.57630801 | W22: =+IFERROR(HLOOKUP($B22,'[3]11월'!$F$6:$CC$57,16,),)/1000 -> 84.897067 | X22: =+U22-W22 -> 11.478502 | Y22: =+[5]원주!$Q$85 -> 107900 | Z22: =+[5]원주!$R$85 -> 114496.03 | AA22: =+[6]원주!$Q$85 -> 103024.56 | AB22: =+[5]원주!$Q$89 -> 73124.293 | AC22: =+[5]원주!$R$89 -> 74946.434 | AD22: =+[6]원주!$Q$89 -> 74178.192 | AE22: =+Y22-AB22 -> 34775.707 | AF22: =+Z22-AC22 -> 39549.592 | AG22: =+AA22-AD22 -> 28846.372
B23: 제주 | G23: =+I23 -> 제주 | I23: 제주 | J23: =+IFERROR(HLOOKUP($B23,'[1]11월'!$D$6:$BN$259,2,),)/1000 -> 7 | K23: =+IFERROR(HLOOKUP($B23,'[2]11월'!$F$6:$CP$99,2,),)/1000 -> 2.901 | L23: =+K23-J23 -> -4.099 | M23: =+IFERROR(HLOOKUP($B23,'[3]11월'!$F$6:$CC$57,2,),)/1000 -> 6.3775 | N23: =+K23-M23 -> -3.4765 | O23: =+IFERROR(HLOOKUP($B23,'[1]11월'!$D$6:$BN$259,3,),)/1000 -> 887.6 | P23: =+IFERROR(HLOOKUP($B23,'[2]11월'!$F$6:$CP$99,3,),)/1000 -> 350.95144 | Q23: =+P23-O23 -> -536.64856 | R23: =+IFERROR(HLOOKUP($B23,'[3]11월'!$F$6:$CC$57,3,),)/1000 -> 774.95708 | S23: =+P23-R23 -> -424.00565 | T23: =+IFERROR(HLOOKUP($B23,'[1]11월'!$D$6:$BN$259,16,),)/1000 -> 165.25927 | U23: =+IFERROR(HLOOKUP($B23,'[2]11월'!$F$6:$CP$99,16,),)/1000 -> -11.658004 | V23: =+U23-T23 -> -176.91727 | W23: =+IFERROR(HLOOKUP($B23,'[3]11월'!$F$6:$CC$57,16,),)/1000 -> 118.1963 | X23: =+U23-W23 -> -129.85431 | Y23: =+[5]제주!$Q$85 -> 126800 | Z23: =+[5]제주!$R$85 -> 120976.02 | AA23: =+[6]제주!$Q$85 -> 121552.08 | AB23: =+[5]제주!$Q$89 -> 91213.272 | AC23: =+[5]제주!$R$89 -> 91677.915 | AD23: =+[6]제주!$Q$89 -> 87747.614 | AE23: =+Y23-AB23 -> 35586.728 | AF23: =+Z23-AC23 -> 29298.106 | AG23: =+AA23-AD23 -> 33804.464
G24: =+I24 -> 수도권 | I24: 수도권 | J24: =SUM(J7:J10) -> 121.5 | K24: =SUM(K7:K10) -> 107.646 | L24: =+K24-J24 -> -13.854 | M24: =SUM(M7:M10) -> 139.27168 | N24: =+K24-M24 -> -31.62568 | O24: =SUM(O7:O10) -> 12416.803 | P24: =SUM(P7:P10) -> 10479.18 | Q24: =+P24-O24 -> -1937.6227 | R24: =SUM(R7:R10) -> 13147.692 | S24: =+P24-R24 -> -2668.5115 | T24: =SUM(T7:T10) -> 1856.0099 | U24: =SUM(U7:U10) -> 553.11277 | V24: =+U24-T24 -> -1302.8971 | W24: =SUM(W7:W10) -> 900.72377 | X24: =+U24-W24 -> -347.611 | Y24: =+[5]수도권!$Q$85 -> 102195.91 | Z24: =+[5]수도권!$R$85 -> 97363.141 | AA24: =+[6]수도권!$Q$85 -> 94344.989 | AB24: =+[5]수도권!$Q$89 -> 79198.011 | AC24: =+[5]수도권!$R$89 -> 83203.071 | AD24: =+[6]수도권!$Q$89 -> 80822.746 | AE24: =+Y24-AB24 -> 22997.9 | AF24: =+Z24-AC24 -> 14160.07 | AG24: =+AA24-AD24 -> 13522.243
G25: =+I25 -> 영남권 | I25: 영남권 | J25: =SUM(J11:J18) -> 139.5 | K25: =SUM(K11:K18) -> 121.551 | L25: =+K25-J25 -> -17.949 | M25: =SUM(M11:M18) -> 155.159 | N25: =+K25-M25 -> -33.608 | O25: =SUM(O11:O18) -> 14314.627 | P25: =SUM(P11:P18) -> 12242.393 | Q25: =+P25-O25 -> -2072.2336 | R25: =SUM(R11:R18) -> 15081.412 | S25: =+P25-R25 -> -2839.0187 | T25: =SUM(T11:T18) -> 2301.2994 | U25: =SUM(U11:U18) -> 1095.102 | V25: =+U25-T25 -> -1206.1974 | W25: =SUM(W11:W18) -> 1920.96 | X25: =+U25-W25 -> -825.85803 | Y25: =+[5]영남권!$Q$85 -> 102613.81 | Z25: =+[5]영남권!$R$85 -> 100718.16 | AA25: =+[6]영남권!$Q$85 -> 97198.734 | AB25: =+[5]영남권!$Q$89 -> 76154.162 | AC25: =+[5]영남권!$R$89 -> 79490.263 | AD25: =+[6]영남권!$Q$89 -> 75561.134 | AE25: =+Y25-AB25 -> 26459.648 | AF25: =+Z25-AC25 -> 21227.896 | AG25: =+AA25-AD25 -> 21637.6
G26: =+I26 -> 중부권 | I26: 중부권 | J26: =SUM(J19:J23) -> 59 | K26: =SUM(K19:K23) -> 51.4715 | L26: =+K26-J26 -> -7.5285 | M26: =SUM(M19:M23) -> 64.7685 | N26: =+K26-M26 -> -13.297 | O26: =SUM(O19:O23) -> 6239.6733 | P26: =SUM(P19:P23) -> 5348.0958 | Q26: =+P26-O26 -> -891.57753 | R26: =SUM(R19:R23) -> 6398.6447 | S26: =+P26-R26 -> -1050.549 | T26: =SUM(T19:T23) -> 1105.9087 | U26: =SUM(U19:U23) -> 547.70866 | V26: =+U26-T26 -> -558.20003 | W26: =SUM(W19:W23) -> 921.18964 | X26: =+U26-W26 -> -373.48098 | Y26: =+[5]중부권!$Q$85 -> 105757.17 | Z26: =+[5]중부권!$R$85 -> 103847.09 | AA26: =+[6]중부권!$Q$85 -> 98678.013 | AB26: =+[5]중부권!$Q$89 -> 77189.135 | AC26: =+[5]중부권!$R$89 -> 80246.621 | AD26: =+[6]중부권!$Q$89 -> 75088.296 | AE26: =+Y26-AB26 -> 28568.039 | AF26: =+Z26-AC26 -> 23600.464 | AG26: =+AA26-AD26 -> 23589.717
G27: =+K27/J27 -> 0.87708906 | H27: 레미콘 계 | J27: =SUM(J24:J26) -> 320 | K27: =SUM(K24:K26) -> 280.6685 | L27: =+K27-J27 -> -39.3315 | M27: =SUM(M24:M26) -> 359.19918 | N27: =+K27-M27 -> -78.53068 | O27: =SUM(O24:O26) -> 32971.103 | P27: =SUM(P24:P26) -> 28069.669 | Q27: =+P27-O27 -> -4901.4338 | R27: =SUM(R24:R26) -> 34627.748 | S27: =+P27-R27 -> -6558.0792 | T27: =SUM(T24:T26) -> 5263.218 | U27: =SUM(U24:U26) -> 2195.9234 | V27: =+U27-T27 -> -3067.2946 | W27: =SUM(W24:W26) -> 3742.8734 | X27: =+U27-W27 -> -1546.95 | Y27: =+[5]합계!$Q$85 -> 103034.7 | Z27: =+[5]합계!$R$85 -> 100000.5 | AA27: =+[6]합계!$Q$85 -> 96359.434 | AB27: =+[5]합계!$Q$89 -> 77500.697 | AC27: =+[5]합계!$R$89 -> 81042.566 | AD27: =+[6]합계!$Q$89 -> 77511.639 | AE27: =+Y27-AB27 -> 25534 | AF27: =+Z27-AC27 -> 18957.932 | AG27: =+AA27-AD27 -> 18847.795
B28: 건자재 | E28: 건자재영업 | G28: 건자재 | H28: 건자재 | J28: =+IFERROR(HLOOKUP($B28,'[1]11월'!$D$6:$BN$259,2,),) -> 9200 | K28: =+IFERROR(HLOOKUP($E28,'[2]11월'!$F$6:$CP$99,2,),) -> 10221.802 | L28: =+K28-J28 -> 1021.802 | M28: =+IFERROR(HLOOKUP($E28,'[3]11월'!$F$6:$CC$57,2,),) -> 10109.273 | N28: =+K28-M28 -> 112.529 | O28: =+IFERROR(HLOOKUP($B28,'[1]11월'!$D$6:$BN$259,3,),)/1000 -> 11242.202 | P28: =+IFERROR(HLOOKUP($E28,'[2]11월'!$F$6:$CP$99,3,),)/1000 -> 9942.869 | Q28: =+P28-O28 -> -1299.3331 | R28: =+IFERROR(HLOOKUP($E28,'[3]11월'!$F$6:$CC$57,3,),)/1000 -> 12404.88 | S28: =+P28-R28 -> -2462.0112 | T28: =+IFERROR(HLOOKUP($B28,'[1]11월'!$D$6:$BN$259,16,),)/1000 -> 165.73533 | U28: =+IFERROR(HLOOKUP($E28,'[2]11월'!$F$6:$CP$99,16,),)/1000 -> 118.35665 | V28: =+U28-T28 -> -47.37868 | W28: =+IFERROR(HLOOKUP($E28,'[3]11월'!$F$6:$CC$57,16,),)/1000 -> 98.190129 | X28: =+U28-W28 -> 20.16652 | Y28: ■ 비고
B29: 부산모래장 | C29: 부산골재 | G29: =+I29 -> 부산모래장 | H29: 골재 | I29: 부산모래장 | J29: =+IFERROR(HLOOKUP($B29,'[1]11월'!$D$6:$BN$259,2,),)/1000 -> 29.768648 | K29: =+IFERROR(HLOOKUP($C29,'[2]11월'!$F$6:$CP$99,2,),)/1000 -> 25.492 | L29: =+K29-J29 -> -4.2766484 | M29: =+IFERROR(HLOOKUP($C29,'[3]11월'!$F$6:$CC$57,2,),)/1000 -> 31.346 | N29: =+K29-M29 -> -5.854 | O29: =+IFERROR(HLOOKUP($B29,'[1]11월'!$D$6:$BN$259,3,),)/1000 -> 846.36177 | P29: =+IFERROR(HLOOKUP($C29,'[2]11월'!$F$6:$CP$99,3,),)/1000 -> 701.3415 | Q29: =+P29-O29 -> -145.02027 | R29: =+IFERROR(HLOOKUP($C29,'[3]11월'!$F$6:$CC$57,3,),)/1000 -> 893.3245 | S29: =+P29-R29 -> -191.983 | T29: =+IFERROR(HLOOKUP($B29,'[1]11월'!$D$6:$BN$259,21,),)/1000 -> 68.431451 | U29: =+IFERROR(HLOOKUP($C29,'[2]11월'!$F$6:$CP$99,21,),)/1000 -> 1.8739536 | V29: =+U29-T29 -> -66.557497 | W29: =+IFERROR(HLOOKUP($C29,'[3]11월'!$F$6:$CC$57,16,),)/1000 -> 56.281423 | X29: =+U29-W29 -> -54.407469 | Y29: - 1군단가 소급분 : 233백만원
B30: 서부산크라샤 | C30: 서부산골재 | G30: =+I30 -> 서부산CR | I30: 서부산CR | J30: =+IFERROR(HLOOKUP($B30,'[1]11월'!$D$6:$BN$259,2,),)/1000 -> 51.375563 | K30: =+IFERROR(HLOOKUP($C30,'[2]11월'!$F$6:$CP$99,2,),)/1000 -> 1.202 | L30: =+K30-J30 -> -50.173563 | M30: =+IFERROR(HLOOKUP($C30,'[3]11월'!$F$6:$CC$57,2,),)/1000 -> 37.866 | N30: =+K30-M30 -> -36.664 | O30: =+IFERROR(HLOOKUP($B30,'[1]11월'!$D$6:$BN$259,3,),)/1000 -> 637.61412 | P30: =+IFERROR(HLOOKUP($C30,'[2]11월'!$F$6:$CP$99,3,),)/1000 -> 14.424 | Q30: =+P30-O30 -> -623.19012 | R30: =+IFERROR(HLOOKUP($C30,'[3]11월'!$F$6:$CC$57,3,),)/1000 -> 482.524 | S30: =+P30-R30 -> -468.1 | T30: =+IFERROR(HLOOKUP($B30,'[1]11월'!$D$6:$BN$259,21,),)/1000 -> 118.26266 | U30: =+IFERROR(HLOOKUP($C30,'[2]11월'!$F$6:$CP$99,21,),)/1000 -> -70.358755 | V30: =+U30-T30 -> -188.62142 | W30: =+IFERROR(HLOOKUP($C30,'[3]11월'!$F$6:$CC$57,16,),)/1000 -> 86.54813 | X30: =+U30-W30 -> -156.90688
B31: 부산크라샤 | C31: 부산크라샤 | G31: =+I31 -> 부산CR | I31: 부산CR | J31: =+IFERROR(HLOOKUP($B31,'[1]11월'!$D$6:$BN$259,2,),)/1000 -> 43.490335 | K31: =+IFERROR(HLOOKUP($C31,'[2]11월'!$F$6:$CP$99,2,),)/1000 -> 39.432 | L31: =+K31-J31 -> -4.0583354 | M31: =+IFERROR(HLOOKUP($C31,'[3]11월'!$F$6:$CC$57,2,),)/1000 -> 36.262 | N31: =+K31-M31 -> 3.17 | O31: =+IFERROR(HLOOKUP($B31,'[1]11월'!$D$6:$BN$259,3,),)/1000 -> 789.09505 | P31: =+IFERROR(HLOOKUP($C31,'[2]11월'!$F$6:$CP$99,3,),)/1000 -> 698.26 | Q31: =+P31-O31 -> -90.83505 | R31: =+IFERROR(HLOOKUP($C31,'[3]11월'!$F$6:$CC$57,3,),)/1000 -> 638.882 | S31: =+P31-R31 -> 59.378 | T31: =+IFERROR(HLOOKUP($B31,'[1]11월'!$D$6:$BN$259,21,),)/1000 -> 72.555884 | U31: =+IFERROR(HLOOKUP($C31,'[2]11월'!$F$6:$CP$99,21,),)/1000 -> -221.62408 | V31: =+U31-T31 -> -294.17997 | W31: =+IFERROR(HLOOKUP($C31,'[3]11월'!$F$6:$CC$57,16,),)/1000 -> -14.856121 | X31: =+U31-W31 -> -206.76796
H32: 골재 계 | J32: =SUM(J29:J31) -> 124.63455 | K32: =SUM(K29:K31) -> 66.126 | L32: =+K32-J32 -> -58.508547 | M32: =SUM(M29:M31) -> 105.474 | N32: =+K32-M32 -> -39.348 | O32: =SUM(O29:O31) -> 2273.0709 | P32: =SUM(P29:P31) -> 1414.0255 | Q32: =+P32-O32 -> -859.04544 | R32: =SUM(R29:R31) -> 2014.7305 | S32: =+P32-R32 -> -600.705 | T32: =SUM(T29:T31) -> 259.25 | U32: =SUM(U29:U31) -> -290.10889 | V32: =+U32-T32 -> -549.35889 | W32: =SUM(W29:W31) -> 127.97343 | X32: =+U32-W32 -> -418.08232
B33: 포항임대 | C33: 속초임대 | D33: 강릉임대 | E33: 레미콘임대 계 | G33: =+I33 -> 레미콘임대 | H33: 기타 | I33: 레미콘임대 | L33: =+K33-J33 -> 0 | N33: =+K33-M33 -> 0 | O33: =(IFERROR(HLOOKUP($B33,'[1]11월'!$D$6:$BN$259,3,),)++IFERROR(HLOOKUP($C33,'[1]11월'!$D$6:$BN$259,3,),)+IFERROR(HLOOKUP($D33,'[1]11월'!$D$6:$BN$259,3,),))/1000 -> 90.84 | P33: =+IFERROR(HLOOKUP($E33,'[2]11월'!$F$6:$CP$99,3,),)/1000 -> 90.84 | Q33: =+P33-O33 -> 0 | R33: =+IFERROR(HLOOKUP($E33,'[3]11월'!$F$6:$CC$57,3,),)/1000 -> 90.84 | S33: =+P33-R33 -> 0 | T33: =(IFERROR(HLOOKUP($B33,'[1]11월'!$D$6:$BN$259,21,),)++IFERROR(HLOOKUP($C33,'[1]11월'!$D$6:$BN$259,21,),)+IFERROR(HLOOKUP($D33,'[1]11월'!$D$6:$BN$259,21,),))/1000 -> 72.210526 | U33: =+IFERROR(HLOOKUP($E33,'[2]11월'!$F$6:$CP$99,16,),)/1000 -> 67.392238 | V33: =+U33-T33 -> -4.818288 | W33: =+IFERROR(HLOOKUP($E33,'[3]11월'!$F$6:$CC$57,16,),)/1000 -> 71.822105 | X33: =+U33-W33 -> -4.429867
B34: 부동산임대 | C34: 주유소임대 | E34: 임대 계 | G34: =+I34 -> 임대 | I34: 임대 | L34: =+K34-J34 -> 0 | M34: 0 | N34: =+K34-M34 -> 0 | O34: =(+IFERROR(HLOOKUP($B34,'[1]11월'!$D$6:$BN$259,3,),)+IFERROR(HLOOKUP($C34,'[1]11월'!$D$6:$BN$259,3,),))/1000 -> 72.2975 | P34: =+IFERROR(HLOOKUP($E34,'[2]11월'!$F$6:$CP$99,3,),)/1000 -> 72.663968 | Q34: =+P34-O34 -> 0.36646767 | R34: =+IFERROR(HLOOKUP($E34,'[3]11월'!$F$6:$CC$57,3,),)/1000 -> 93.741319 | S34: =+P34-R34 -> -21.077351 | T34: =(+IFERROR(HLOOKUP($B34,'[1]11월'!$D$6:$BN$259,21,),)+IFERROR(HLOOKUP($C34,'[1]11월'!$D$6:$BN$259,21,),))/1000 -> 62.045457 | U34: =+IFERROR(HLOOKUP($E34,'[2]11월'!$F$6:$CP$99,16,),)/1000 -> 58.662833 | V34: =+U34-T34 -> -3.3826243 | W34: =+IFERROR(HLOOKUP($E34,'[3]11월'!$F$6:$CC$57,16,),)/1000 -> 56.694342 | X34: =+U34-W34 -> 1.968491
B35: 공 통 비 | G35: =+I35 -> 공통비 | I35: 공통비 | L35: =+K35-J35 -> 0 | N35: =+K35-M35 -> 0 | Q35: =+P35-O35 -> 0 | S35: =+P35-R35 -> 0 | T35: =-'[1]11월'!$Z$22/1000 -> -1173.9158 | U35: =+-'[2]11월'!$Z$22/1000 -> -1265.4311 | V35: =+U35-T35 -> -91.515309 | W35: =+-'[3]11월'!$Z$22/1000 -> -1202.3067 | X35: =+U35-W35 -> -63.124355
G36: =+I36 -> 대손 | I36: 대손 | N36: =+K36-M36 -> 0 | Q36: =+P36-O36 -> 0 | S36: =+P36-R36 -> 0 | U36: ='[2]11월'!$BE$26/1000 -> 0 | V36: =+U36-T36 -> 0 | X36: =+U36-W36 -> 0
G37: =+I37 -> 미운영 공장 | I37: 미운영 공장 | M37: =SUM(M53:M56) -> 0 | N37: =+K37-M37 -> 0 | Q37: =+P37-O37 -> 0 | R37: =+IFERROR(HLOOKUP($I$37,'[3]11월'!$F$6:$BJ$50,3,),)/1000 -> 0 | S37: =+P37-R37 -> 0 | T37: =SUM('[1]11월'!$AM$26:$AQ$26)/1000 -> -35.713225 | U37: =+'[2]11월'!$BF$26/1000 -> -32.976668 | V37: =+U37-T37 -> 2.7365574 | W37: =+'[3]11월'!$BF$26/1000 -> -9.302589 | X37: =+U37-W37 -> -23.674079
B38: 기타 계 | G38: =+I38 -> 기타 | I38: 기타 | L38: =+K38-J38 -> 0 | N38: =+K38-M38 -> 0 | O38: =IFERROR(HLOOKUP($B38,'[1]11월'!$D$6:$BN$259,3,),)/1000 -> 1.77 | P38: =+('[2]11월'!$F$8-SUM('[2]11월'!$Z$8,'[2]11월'!$AH$8,'[2]11월'!$AN$8,'[2]11월'!$AO$8,'[2]11월'!$BA$8,'[2]11월'!$BD$8,'[2]11월'!$BE$8,'[2]11월'!$BF$8))/1000 -> 1.8206 | Q38: =+P38-O38 -> 0.0506 | R38: =+('[3]11월'!$F$8-SUM('[3]11월'!$Z$8,'[3]11월'!$AH$8,'[3]11월'!$AN$8,'[3]11월'!$AO$8,'[3]11월'!$BA$8,'[3]11월'!$BD$8,'[3]11월'!$BE$8,'[3]11월'!$BF$8))/1000 -> 1.7741 | S38: =+P38-R38 -> 0.0465 | T38: =+('[1]11월'!$E$26-'[1]11월'!$Z$26-'[1]11월'!$AA$26-'[1]11월'!$AE$26-'[1]11월'!$AL$26-'[1]11월'!$AM$26-'[1]11월'!$AN$26-'[1]11월'!$AO$26-'[1]11월'!$AP$26-'[1]11월'!$AQ$26-'[1]11월'!$AS$26)/1000 -> -79.281808 | U38: =+('[2]11월'!$F$26-SUM('[2]11월'!$Z$26,'[2]11월'!$AH$26,'[2]11월'!$AN$26,'[2]11월'!$AO$26,'[2]11월'!$BA$26,'[2]11월'!$BD$26,'[2]11월'!$BE$26,'[2]11월'!$BF$26))/1000+'[2]11월'!$BD$26/1000 -> 225.04256 | V38: =+U38-T38 -> 304.32436 | W38: =+('[3]11월'!$F$26-SUM('[3]11월'!$Z$26,'[3]11월'!$AH$26,'[3]11월'!$AN$26,'[3]11월'!$AO$26,'[3]11월'!$BA$26,'[3]11월'!$BD$26,'[3]11월'!$BE$26,'[3]11월'!$BF$26))/1000+'[3]11월'!$BE$26/1000 -> -16.698095 | X38: =+U38-W38 -> 241.74065
N39: =+K39-M39 -> 0 | Q39: =+P39-O39 -> 0 | S39: =+P39-R39 -> 0 | V39: =+U39-T39 -> 0
H40: 기타 계 | J40: =SUM(J33:J39) -> 0 | K40: =SUM(K33:K39) -> 0 | L40: =+K40-J40 -> 0 | M40: =SUM(M33:M39) -> 0 | N40: =+K40-M40 -> 0 | O40: =SUM(O33:O39) -> 164.9075 | P40: =SUM(P33:P39) -> 165.32457 | Q40: =+P40-O40 -> 0.41706767 | R40: =SUM(R33:R39) -> 186.35542 | S40: =+P40-R40 -> -21.030851 | T40: =SUM(T33:T39) -> -1154.6548 | U40: =SUM(U33:U39) -> -947.31013 | V40: =+U40-T40 -> 207.3447 | W40: =SUM(W33:W39) -> -1099.791 | X40: =+U40-W40 -> 152.48084
U41: 19 | V41: 12.4
G42: =+P42/O42 -> 0.84867736 | H42: 합계 | O42: =+O27+O32+O28+O40 -> 46651.284 | P42: =+P27+P32+P28+P40 -> 39591.888 | Q42: =+P42-O42 -> -7059.3953 | R42: =+R27+R32+R28+R40 -> 49233.714 | S42: =+P42-R42 -> -9641.8262 | T42: =+T27+T32+T28+T40 -> 4533.5485 | U42: =+U27+U32+U28+U40 -> 1076.861 | V42: =+U42-T42 -> -3456.6874 | W42: =+W27+W32+W28+W40 -> 2869.246 | X42: =+U42-W42 -> -1792.385
G43: =+U42/T42 -> 0.2375316 | P43: =+P42/O42 -> 0.84867736 | T43: =+T42/O42 -> 0.097179501 | U43: =+U42/P42 -> 0.027199032
I45: 확인 | J45: =+'[1]11월'!$Z$7/1000 -> 320 | K45: =+'[2]11월'!$AI$7/1000 -> 280.6685 | M45: =+'[3]11월'!$Z$7/1000 -> 359.19918 | O45: =+'[1]11월'!$E$8/1000 -> 46651.284 | P45: =+'[2]11월'!$F$8/1000 -> 39591.888 | R45: =+'[3]11월'!$F$8/1000 -> 49233.714 | T45: =+'[1]11월'!$E$26/1000 -> 4533.5485 | U45: =+'[2]11월'!$F$26/1000 -> 1076.861 | W45: =+'[3]11월'!$F$26/1000 -> 2869.246
J46: =+J45-J27 -> 0 | K46: =+K45-K27 -> 0 | M46: =+M45-M27 -> 0 | O46: =+O45-O42 -> 0 | P46: =+P45-P42 -> 0 | R46: =+R45-R42 -> 0 | T46: =+T45-T42 -> 0 | U46: =+U45-U42 -> 0 | W46: =+W45-W42 -> 0
Y50: - OPC 소급분 : 삼표 2.5억(총 9.9억 中 1회차) → 8~11월 총 4회 소급예정

Sheet 사업장별(누계)_공장 송부용
H3: □ 사업장별 손익실적(2024-11누계)
AG4: [단위 : 천㎥, 톤, 백만원]
H5: 구분 | J5: 물량 | O5: 매출 | T5: 영업이익(공통비 배부전) | Y5: 판매단가 | AB5: 변동비 | AE5: 공헌이익
A6: 2024년 11월 마감 손익 | J6: 계획 | K6: 실적 | L6: 차이 | M6: 전년 | N6: 차이 | O6: 계획 | P6: 실적 | Q6: 차이 | R6: 전년 | S6: 차이 | T6: 계획 | U6: 실적 | V6: 차이 | W6: 전년 | X6: 차이 | Y6: 계획 | Z6: 실적 | AA6: 전년 | AB6: 계획 | AC6: 실적 | AD6: 전년 | AE6: 계획 | AF6: 실적 | AG6: 전년
B7: 안양 | F7: =+U7/T7 -> 0.59504132 | G7: =+K7/J7 -> 0.90008079 | H7: 레미콘 | I7: 안양 | J7: =+'사업장별(당월)'!J7+'[4]사업장별(누계)'!J7 -> 458 | K7: =+'사업장별(당월)'!K7+'[4]사업장별(누계)'!K7 -> 412.237 | L7: =+K7-J7 -> -45.763 | M7: =+'사업장별(당월)'!M7+'[4]사업장별(누계)'!M7 -> 503.729 | N7: =+K7-M7 -> -91.492 | O7: =+'사업장별(당월)'!O7+'[4]사업장별(누계)'!O7 -> 45972.704 | P7: =+'사업장별(당월)'!P7+'[4]사업장별(누계)'!P7 -> 40826.39 | Q7: =+P7-O7 -> -5146.3146 | R7: =+'사업장별(당월)'!R7+'[4]사업장별(누계)'!R7 -> 46803.178 | S7: =+P7-R7 -> -5976.788 | T7: =+'사업장별(당월)'!T7+'[4]사업장별(누계)'!T7 -> 6381.786 | U7: =+'사업장별(당월)'!U7+'[4]사업장별(누계)'!U7 -> 3797.4263 | V7: =+U7-T7 -> -2584.3596 | W7: =+'사업장별(당월)'!W7+'[4]사업장별(누계)'!W7 -> 6517.3077 | X7: =+U7-W7 -> -2719.8814 | Y7: =+[11]안양!$Q$85 -> 100377.08 | Z7: =+[11]안양!$R$85 -> 99032.751 | AA7: =+[12]안양!$Q$85 -> 92889.087 | AB7: =+[11]안양!$Q$89 -> 79110.734 | AC7: =+[11]안양!$R$89 -> 81711.511 | AD7: =+[12]안양!$Q$89 -> 73537.47 | AE7: =+Y7-AB7 -> 21266.35 | AF7: =+Z7-AC7 -> 17321.24 | AG7: =+AA7-AD7 -> 19351.617
B8: 인천 | F8: =+U8/T8 -> 0.42385025 | G8: =+K8/J8 -> 0.86215698 | H8: 직영 | I8: 인천 | J8: =+'사업장별(당월)'!J8+'[4]사업장별(누계)'!J8 -> 344 | K8: =+'사업장별(당월)'!K8+'[4]사업장별(누계)'!K8 -> 296.582 | L8: =+K8-J8 -> -47.418 | M8: =+'사업장별(당월)'!M8+'[4]사업장별(누계)'!M8 -> 410.205 | N8: =+K8-M8 -> -113.623 | O8: =+'사업장별(당월)'!O8+'[4]사업장별(누계)'!O8 -> 35293.239 | P8: =+'사업장별(당월)'!P8+'[4]사업장별(누계)'!P8 -> 29518.041 | Q8: =+P8-O8 -> -5775.198 | R8: =+'사업장별(당월)'!R8+'[4]사업장별(누계)'!R8 -> 39438.592 | S8: =+P8-R8 -> -9920.5503 | T8: =+'사업장별(당월)'!T8+'[4]사업장별(누계)'!T8 -> 4092.7151 | U8: =+'사업장별(당월)'!U8+'[4]사업장별(누계)'!U8 -> 1734.6983 | V8: =+U8-T8 -> -2358.0167 | W8: =+'사업장별(당월)'!W8+'[4]사업장별(누계)'!W8 -> 4666.1956 | X8: =+U8-W8 -> -2931.4973 | Y8: =+[11]인천!$Q$85 -> 102596.63 | Z8: =+[11]인천!$R$85 -> 99531.02 | AA8: =+[12]인천!$Q$85 -> 96118.628 | AB8: =+[11]인천!$Q$89 -> 81209.33 | AC8: =+[11]인천!$R$89 -> 82712.025 | AD8: =+[12]인천!$Q$89 -> 76710.002 | AE8: =+Y8-AB8 -> 21387.296 | AF8: =+Z8-AC8 -> 16818.996 | AG8: =+AA8-AD8 -> 19408.626
B9: 파주 | F9: =+U9/T9 -> 0.49994163 | G9: =+K9/J9 -> 0.99272015 | I9: 파주 | J9: =+'사업장별(당월)'!J9+'[4]사업장별(누계)'!J9 -> 268 | K9: =+'사업장별(당월)'!K9+'[4]사업장별(누계)'!K9 -> 266.049 | L9: =+K9-J9 -> -1.951 | M9: =+'사업장별(당월)'!M9+'[4]사업장별(누계)'!M9 -> 295.711 | N9: =+K9-M9 -> -29.662 | O9: =+'사업장별(당월)'!O9+'[4]사업장별(누계)'!O9 -> 26497.579 | P9: =+'사업장별(당월)'!P9+'[4]사업장별(누계)'!P9 -> 25690.117 | Q9: =+P9-O9 -> -807.46195 | R9: =+'사업장별(당월)'!R9+'[4]사업장별(누계)'!R9 -> 27580.717 | S9: =+P9-R9 -> -1890.6006 | T9: =+'사업장별(당월)'!T9+'[4]사업장별(누계)'!T9 -> 3547.5969 | U9: =+'사업장별(당월)'!U9+'[4]사업장별(누계)'!U9 -> 1773.5914 | V9: =+U9-T9 -> -1774.0055 | W9: =+'사업장별(당월)'!W9+'[4]사업장별(누계)'!W9 -> 2875.4888 | X9: =+U9-W9 -> -1101.8975 | Y9: =+[11]파주!$Q$85 -> 98871.563 | Z9: =+[11]파주!$R$85 -> 96569.207 | AA9: =+[12]파주!$Q$85 -> 93243.275 | AB9: =+[11]파주!$Q$89 -> 76546.537 | AC9: =+[11]파주!$R$89 -> 80413.641 | AD9: =+[12]파주!$Q$89 -> 75251.334 | AE9: =+Y9-AB9 -> 22325.025 | AF9: =+Z9-AC9 -> 16155.566 | AG9: =+AA9-AD9 -> 17991.94
B10: 김포 | F10: =+U10/T10 -> 0.45203493 | G10: =+K10/J10 -> 0.76936152 | I10: 김포 | J10: =+'사업장별(당월)'!J10+'[4]사업장별(누계)'!J10 -> 171.5 | K10: =+'사업장별(당월)'!K10+'[4]사업장별(누계)'!K10 -> 131.9455 | L10: =+K10-J10 -> -39.5545 | M10: =+'사업장별(당월)'!M10+'[4]사업장별(누계)'!M10 -> 179.75668 | N10: =+K10-M10 -> -47.81118 | O10: =+'사업장별(당월)'!O10+'[4]사업장별(누계)'!O10 -> 16432.832 | P10: =+'사업장별(당월)'!P10+'[4]사업장별(누계)'!P10 -> 12847.274 | Q10: =+P10-O10 -> -3585.5584 | R10: =+'사업장별(당월)'!R10+'[4]사업장별(누계)'!R10 -> 16306.354 | S10: =+P10-R10 -> -3459.0803 | T10: =+'사업장별(당월)'!T10+'[4]사업장별(누계)'!T10 -> 2288.9326 | U10: =+'사업장별(당월)'!U10+'[4]사업장별(누계)'!U10 -> 1034.6775 | V10: =+U10-T10 -> -1254.2551 | W10: =+'사업장별(당월)'!W10+'[4]사업장별(누계)'!W10 -> 2065.772 | X10: =+U10-W10 -> -1031.0945 | Y10: =+[11]김포!$Q$85 -> 95818.262 | Z10: =+[11]김포!$R$85 -> 97387.555 | AA10: =+[12]김포!$Q$85 -> 90678.118 | AB10: =+[11]김포!$Q$89 -> 71876.08 | AC10: =+[11]김포!$R$89 -> 76106.664 | AD10: =+[12]김포!$Q$89 -> 68917.862 | AE10: =+Y10-AB10 -> 23942.182 | AF10: =+Z10-AC10 -> 21280.891 | AG10: =+AA10-AD10 -> 21760.256
B11: 부산 | F11: =+U11/T11 -> 0.61134554 | G11: =+K11/J11 -> 0.95735619 | I11: 부산 | J11: =+'사업장별(당월)'!J11+'[4]사업장별(누계)'!J11 -> 226 | K11: =+'사업장별(당월)'!K11+'[4]사업장별(누계)'!K11 -> 216.3625 | L11: =+K11-J11 -> -9.6375 | M11: =+'사업장별(당월)'!M11+'[4]사업장별(누계)'!M11 -> 256.925 | N11: =+K11-M11 -> -40.5625 | O11: =+'사업장별(당월)'!O11+'[4]사업장별(누계)'!O11 -> 24317.606 | P11: =+'사업장별(당월)'!P11+'[4]사업장별(누계)'!P11 -> 23344.606 | Q11: =+P11-O11 -> -973.0002 | R11: =+'사업장별(당월)'!R11+'[4]사업장별(누계)'!R11 -> 26544.928 | S11: =+P11-R11 -> -3200.3224 | T11: =+'사업장별(당월)'!T11+'[4]사업장별(누계)'!T11 -> 3641.2871 | U11: =+'사업장별(당월)'!U11+'[4]사업장별(누계)'!U11 -> 2226.0846 | V11: =+U11-T11 -> -1415.2025 | W11: =+'사업장별(당월)'!W11+'[4]사업장별(누계)'!W11 -> 4514.1625 | X11: =+U11-W11 -> -2288.0779 | Y11: =+[11]부산!$Q$85 -> 107600.03 | Z11: =+[11]부산!$R$85 -> 107895.8 | AA11: =+[12]부산!$Q$85 -> 103317.81 | AB11: =+[11]부산!$Q$89 -> 78518.419 | AC11: =+[11]부산!$R$89 -> 84173.331 | AD11: =+[12]부산!$Q$89 -> 74962.444 | AE11: =+Y11-AB11 -> 29081.608 | AF11: =+Z11-AC11 -> 23722.472 | AG11: =+AA11-AD11 -> 28355.366
B12: 서부산 | F12: =+U12/T12 -> 0.50496152 | G12: =+K12/J12 -> 0.86024242 | I12: 서부산 | J12: =+'사업장별(당월)'!J12+'[4]사업장별(누계)'!J12 -> 264 | K12: =+'사업장별(당월)'!K12+'[4]사업장별(누계)'!K12 -> 227.104 | L12: =+K12-J12 -> -36.896 | M12: =+'사업장별(당월)'!M12+'[4]사업장별(누계)'!M12 -> 249.602 | N12: =+K12-M12 -> -22.498 | O12: =+'사업장별(당월)'!O12+'[4]사업장별(누계)'!O12 -> 27440.994 | P12: =+'사업장별(당월)'!P12+'[4]사업장별(누계)'!P12 -> 22714.892 | Q12: =+P12-O12 -> -4726.1022 | R12: =+'사업장별(당월)'!R12+'[4]사업장별(누계)'!R12 -> 24969.911 | S12: =+P12-R12 -> -2255.0188 | T12: =+'사업장별(당월)'!T12+'[4]사업장별(누계)'!T12 -> 4783.493 | U12: =+'사업장별(당월)'!U12+'[4]사업장별(누계)'!U12 -> 2415.4799 | V12: =+U12-T12 -> -2368.0131 | W12: =+'사업장별(당월)'!W12+'[4]사업장별(누계)'!W12 -> 4339.2144 | X12: =+U12-W12 -> -1923.7345 | Y12: =+[11]서부산!$Q$85 -> 103943.16 | Z12: =+[11]서부산!$R$85 -> 100020.63 | AA12: =+[12]서부산!$Q$85 -> 100038.91 | AB12: =+[11]서부산!$Q$89 -> 76825.862 | AC12: =+[11]서부산!$R$89 -> 78572.216 | AD12: =+[12]서부산!$Q$89 -> 73578.501 | AE12: =+Y12-AB12 -> 27117.298 | AF12: =+Z12-AC12 -> 21448.415 | AG12: =+AA12-AD12 -> 26460.404
B13: 김해 | F13: =+U13/T13 -> 0.49431225 | G13: =+K13/J13 -> 1.1188473 | I13: 김해 | J13: =+'사업장별(당월)'!J13+'[4]사업장별(누계)'!J13 -> 131 | K13: =+'사업장별(당월)'!K13+'[4]사업장별(누계)'!K13 -> 146.569 | L13: =+K13-J13 -> 15.569 | M13: =+'사업장별(당월)'!M13+'[4]사업장별(누계)'!M13 -> 148.537 | N13: =+K13-M13 -> -1.968 | O13: =+'사업장별(당월)'!O13+'[4]사업장별(누계)'!O13 -> 13230.995 | P13: =+'사업장별(당월)'!P13+'[4]사업장별(누계)'!P13 -> 13958.763 | Q13: =+P13-O13 -> 727.7689 | R13: =+'사업장별(당월)'!R13+'[4]사업장별(누계)'!R13 -> 14531.778 | S13: =+P13-R13 -> -573.01489 | T13: =+'사업장별(당월)'!T13+'[4]사업장별(누계)'!T13 -> 1627.5542 | U13: =+'사업장별(당월)'!U13+'[4]사업장별(누계)'!U13 -> 804.51998 | V13: =+U13-T13 -> -823.03421 | W13: =+'사업장별(당월)'!W13+'[4]사업장별(누계)'!W13 -> 1924.0346 | X13: =+U13-W13 -> -1119.5146 | Y13: =+[11]김해!$Q$85 -> 100999.96 | Z13: =+[11]김해!$R$85 -> 95311.762 | AA13: =+[12]김해!$Q$85 -> 97846.673 | AB13: =+[11]김해!$Q$89 -> 76527.264 | AC13: =+[11]김해!$R$89 -> 78622.376 | AD13: =+[12]김해!$Q$89 -> 74441.09 | AE13: =+Y13-AB13 -> 24472.695 | AF13: =+Z13-AC13 -> 16689.387 | AG13: =+AA13-AD13 -> 23405.582
B14: 정관 | F14: =+U14/T14 -> 0.69023301 | G14: =+K14/J14 -> 1.1269764 | I14: 정관 | J14: =+'사업장별(당월)'!J14+'[4]사업장별(누계)'!J14 -> 191 | K14: =+'사업장별(당월)'!K14+'[4]사업장별(누계)'!K14 -> 215.2525 | L14: =+K14-J14 -> 24.2525 | M14: =+'사업장별(당월)'!M14+'[4]사업장별(누계)'!M14 -> 211.503 | N14: =+K14-M14 -> 3.7495 | O14: =+'사업장별(당월)'!O14+'[4]사업장별(누계)'!O14 -> 19864 | P14: =+'사업장별(당월)'!P14+'[4]사업장별(누계)'!P14 -> 21744.947 | Q14: =+P14-O14 -> 1880.9475 | R14: =+'사업장별(당월)'!R14+'[4]사업장별(누계)'!R14 -> 21280.146 | S14: =+P14-R14 -> 464.80186 | T14: =+'사업장별(당월)'!T14+'[4]사업장별(누계)'!T14 -> 2729.7884 | U14: =+'사업장별(당월)'!U14+'[4]사업장별(누계)'!U14 -> 1884.1901 | V14: =+U14-T14 -> -845.59834 | W14: =+'사업장별(당월)'!W14+'[4]사업장별(누계)'!W14 -> 3307.6585 | X14: =+U14-W14 -> -1423.4685 | Y14: =+[11]정관!$Q$85 -> 104000 | Z14: =+[11]정관!$R$85 -> 101020.65 | AA14: =+[12]정관!$Q$85 -> 100613.92 | AB14: =+[11]정관!$Q$89 -> 78335.483 | AC14: =+[11]정관!$R$89 -> 81846.37 | AD14: =+[12]정관!$Q$89 -> 75106.687 | AE14: =+Y14-AB14 -> 25664.517 | AF14: =+Z14-AC14 -> 19174.28 | AG14: =+AA14-AD14 -> 25507.231
B15: 양산 | F15: =+U15/T15 -> 0.76027382 | G15: =+K15/J15 -> 1.1610932 | I15: 양산 | J15: =+'사업장별(당월)'!J15+'[4]사업장별(누계)'!J15 -> 118 | K15: =+'사업장별(당월)'!K15+'[4]사업장별(누계)'!K15 -> 137.009 | L15: =+K15-J15 -> 19.009 | M15: =+'사업장별(당월)'!M15+'[4]사업장별(누계)'!M15 -> 149.996 | N15: =+K15-M15 -> -12.987 | O15: =+'사업장별(당월)'!O15+'[4]사업장별(누계)'!O15 -> 11419.255 | P15: =+'사업장별(당월)'!P15+'[4]사업장별(누계)'!P15 -> 12783.635 | Q15: =+P15-O15 -> 1364.3802 | R15: =+'사업장별(당월)'!R15+'[4]사업장별(누계)'!R15 -> 13997.476 | S15: =+P15-R15 -> -1213.8412 | T15: =+'사업장별(당월)'!T15+'[4]사업장별(누계)'!T15 -> 1558.4727 | U15: =+'사업장별(당월)'!U15+'[4]사업장별(누계)'!U15 -> 1184.866 | V15: =+U15-T15 -> -373.6067 | W15: =+'사업장별(당월)'!W15+'[4]사업장별(누계)'!W15 -> 2030.3429 | X15: =+U15-W15 -> -845.47697 | Y15: =+[11]양산!$Q$85 -> 96773.346 | Z15: =+[11]양산!$R$85 -> 93305.075 | AA15: =+[12]양산!$Q$85 -> 93320.331 | AB15: =+[11]양산!$Q$89 -> 70510.721 | AC15: =+[11]양산!$R$89 -> 73270.586 | AD15: =+[12]양산!$Q$89 -> 69103.407 | AE15: =+Y15-AB15 -> 26262.625 | AF15: =+Z15-AC15 -> 20034.489 | AG15: =+AA15-AD15 -> 24216.924
B16: 창원 | F16: =+U16/T16 -> 0.89035174 | G16: =+K16/J16 -> 1.0516714 | I16: 창원 | J16: =+'사업장별(당월)'!J16+'[4]사업장별(누계)'!J16 -> 175 | K16: =+'사업장별(당월)'!K16+'[4]사업장별(누계)'!K16 -> 184.0425 | L16: =+K16-J16 -> 9.0425 | M16: =+'사업장별(당월)'!M16+'[4]사업장별(누계)'!M16 -> 222.55 | N16: =+K16-M16 -> -38.5075 | O16: =+'사업장별(당월)'!O16+'[4]사업장별(누계)'!O16 -> 17666.62 | P16: =+'사업장별(당월)'!P16+'[4]사업장별(누계)'!P16 -> 18512.705 | Q16: =+P16-O16 -> 846.0848 | R16: =+'사업장별(당월)'!R16+'[4]사업장별(누계)'!R16 -> 21277.454 | S16: =+P16-R16 -> -2764.7493 | T16: =+'사업장별(당월)'!T16+'[4]사업장별(누계)'!T16 -> 2889.707 | U16: =+'사업장별(당월)'!U16+'[4]사업장별(누계)'!U16 -> 2572.8557 | V16: =+U16-T16 -> -316.85134 | W16: =+'사업장별(당월)'!W16+'[4]사업장별(누계)'!W16 -> 4091.5816 | X16: =+U16-W16 -> -1518.7259 | Y16: =+[11]창원!$Q$85 -> 100952.11 | Z16: =+[11]창원!$R$85 -> 100589.29 | AA16: =+[12]창원!$Q$85 -> 95607.522 | AB16: =+[11]창원!$Q$89 -> 72358.141 | AC16: =+[11]창원!$R$89 -> 74940.844 | AD16: =+[12]창원!$Q$89 -> 68034.869 | AE16: =+Y16-AB16 -> 28593.973 | AF16: =+Z16-AC16 -> 25648.448 | AG16: =+AA16-AD16 -> 27572.653
B17: 대구 | F17: =+U17/T17 -> 0.80079541 | G17: =+K17/J17 -> 0.98466667 | I17: 대구 | J17: =+'사업장별(당월)'!J17+'[4]사업장별(누계)'!J17 -> 174 | K17: =+'사업장별(당월)'!K17+'[4]사업장별(누계)'!K17 -> 171.332 | L17: =+K17-J17 -> -2.668 | M17: =+'사업장별(당월)'!M17+'[4]사업장별(누계)'!M17 -> 215.9685 | N17: =+K17-M17 -> -44.6365 | O17: =+'사업장별(당월)'!O17+'[4]사업장별(누계)'!O17 -> 17012.62 | P17: =+'사업장별(당월)'!P17+'[4]사업장별(누계)'!P17 -> 17088.238 | Q17: =+P17-O17 -> 75.617752 | R17: =+'사업장별(당월)'!R17+'[4]사업장별(누계)'!R17 -> 20108.987 | S17: =+P17-R17 -> -3020.7491 | T17: =+'사업장별(당월)'!T17+'[4]사업장별(누계)'!T17 -> 2976.3666 | U17: =+'사업장별(당월)'!U17+'[4]사업장별(누계)'!U17 -> 2383.4607 | V17: =+U17-T17 -> -592.90591 | W17: =+'사업장별(당월)'!W17+'[4]사업장별(누계)'!W17 -> 3700.9791 | X17: =+U17-W17 -> -1317.5184 | Y17: =+[11]대구!$Q$85 -> 97773.678 | Z17: =+[11]대구!$R$85 -> 99737.352 | AA17: =+[12]대구!$Q$85 -> 93109.125 | AB17: =+[11]대구!$Q$89 -> 69829.796 | AC17: =+[11]대구!$R$89 -> 74594.203 | AD17: =+[12]대구!$Q$89 -> 67287.192 | AE17: =+Y17-AB17 -> 27943.882 | AF17: =+Z17-AC17 -> 25143.149 | AG17: =+AA17-AD17 -> 25821.933
B18: 울산 | F18: =+U18/T18 -> 2.1548844 | G18: =+K18/J18 -> 1.2424694 | I18: 울산 | J18: =+'사업장별(당월)'!J18+'[4]사업장별(누계)'!J18 -> 98 | K18: =+'사업장별(당월)'!K18+'[4]사업장별(누계)'!K18 -> 121.762 | L18: =+K18-J18 -> 23.762 | M18: =+'사업장별(당월)'!M18+'[4]사업장별(누계)'!M18 -> 92.944 | N18: =+K18-M18 -> 28.818 | O18: =+'사업장별(당월)'!O18+'[4]사업장별(누계)'!O18 -> 9841.7697 | P18: =+'사업장별(당월)'!P18+'[4]사업장별(누계)'!P18 -> 12655.879 | Q18: =+P18-O18 -> 2814.1096 | R18: =+'사업장별(당월)'!R18+'[4]사업장별(누계)'!R18 -> 8850.4367 | S18: =+P18-R18 -> 3805.4426 | T18: =+'사업장별(당월)'!T18+'[4]사업장별(누계)'!T18 -> 653.42141 | U18: =+'사업장별(당월)'!U18+'[4]사업장별(누계)'!U18 -> 1408.0476 | V18: =+U18-T18 -> 754.62617 | W18: =+'사업장별(당월)'!W18+'[4]사업장별(누계)'!W18 -> 544.17113 | X18: =+U18-W18 -> 863.87646 | Y18: =+[11]울산!$Q$85 -> 100426.22 | Z18: =+[11]울산!$R$85 -> 103939.48 | AA18: =+[12]울산!$Q$85 -> 95231.884 | AB18: =+[11]울산!$Q$89 -> 78757.543 | AC18: =+[11]울산!$R$89 -> 80482.903 | AD18: =+[12]울산!$Q$89 -> 74357.902 | AE18: =+Y18-AB18 -> 21668.679 | AF18: =+Z18-AC18 -> 23456.58 | AG18: =+AA18-AD18 -> 20873.983
B19: 아산 | F19: =+U19/T19 -> 1.0938483 | G19: =+K19/J19 -> 1.1652668 | I19: 아산 | J19: =+'사업장별(당월)'!J19+'[4]사업장별(누계)'!J19 -> 253 | K19: =+'사업장별(당월)'!K19+'[4]사업장별(누계)'!K19 -> 294.8125 | L19: =+K19-J19 -> 41.8125 | M19: =+'사업장별(당월)'!M19+'[4]사업장별(누계)'!M19 -> 284.708 | N19: =+K19-M19 -> 10.1045 | O19: =+'사업장별(당월)'!O19+'[4]사업장별(누계)'!O19 -> 25553.023 | P19: =+'사업장별(당월)'!P19+'[4]사업장별(누계)'!P19 -> 29720.66 | Q19: =+P19-O19 -> 4167.6367 | R19: =+'사업장별(당월)'!R19+'[4]사업장별(누계)'!R19 -> 27249.358 | S19: =+P19-R19 -> 2471.3022 | T19: =+'사업장별(당월)'!T19+'[4]사업장별(누계)'!T19 -> 3774.0316 | U19: =+'사업장별(당월)'!U19+'[4]사업장별(누계)'!U19 -> 4128.2181 | V19: =+U19-T19 -> 354.1865 | W19: =+'사업장별(당월)'!W19+'[4]사업장별(누계)'!W19 -> 4404.9381 | X19: =+U19-W19 -> -276.71997 | Y19: =+[11]아산!$Q$85 -> 101000.09 | Z19: =+[11]아산!$R$85 -> 100750.65 | AA19: =+[12]아산!$Q$85 -> 95762.789 | AB19: =+[11]아산!$Q$89 -> 76766.281 | AC19: =+[11]아산!$R$89 -> 77303.283 | AD19: =+[12]아산!$Q$89 -> 71591.023 | AE19: =+Y19-AB19 -> 24233.811 | AF19: =+Z19-AC19 -> 23447.363 | AG19: =+AA19-AD19 -> 24171.766
B20: 전주 | F20: =+U20/T20 -> 0.29414473 | G20: =+K20/J20 -> 0.73076357 | I20: 전주 | J20: =+'사업장별(당월)'!J20+'[4]사업장별(누계)'!J20 -> 129 | K20: =+'사업장별(당월)'!K20+'[4]사업장별(누계)'!K20 -> 94.2685 | L20: =+K20-J20 -> -34.7315 | M20: =+'사업장별(당월)'!M20+'[4]사업장별(누계)'!M20 -> 118.1935 | N20: =+K20-M20 -> -23.925 | O20: =+'사업장별(당월)'!O20+'[4]사업장별(누계)'!O20 -> 13222.103 | P20: =+'사업장별(당월)'!P20+'[4]사업장별(누계)'!P20 -> 9096.3854 | Q20: =+P20-O20 -> -4125.7176 | R20: =+'사업장별(당월)'!R20+'[4]사업장별(누계)'!R20 -> 11492.295 | S20: =+P20-R20 -> -2395.9093 | T20: =+'사업장별(당월)'!T20+'[4]사업장별(누계)'!T20 -> 2139.6395 | U20: =+'사업장별(당월)'!U20+'[4]사업장별(누계)'!U20 -> 629.36368 | V20: =+U20-T20 -> -1510.2758 | W20: =+'사업장별(당월)'!W20+'[4]사업장별(누계)'!W20 -> 1768.8385 | X20: =+U20-W20 -> -1139.4748 | Y20: =+[11]전주!$Q$85 -> 102496.92 | Z20: =+[11]전주!$R$85 -> 96496.299 | AA20: =+[12]전주!$Q$85 -> 97314.157 | AB20: =+[11]전주!$Q$89 -> 73531.955 | AC20: =+[11]전주!$R$89 -> 72512.447 | AD20: =+[12]전주!$Q$89 -> 69099.636 | AE20: =+Y20-AB20 -> 28964.967 | AF20: =+Z20-AC20 -> 23983.852 | AG20: =+AA20-AD20 -> 28214.522
B21: 군산 | F21: =+U21/T21 -> 1.4252968 | G21: =+K21/J21 -> 1.2703219 | I21: 군산 | J21: =+'사업장별(당월)'!J21+'[4]사업장별(누계)'!J21 -> 73 | K21: =+'사업장별(당월)'!K21+'[4]사업장별(누계)'!K21 -> 92.7335 | L21: =+K21-J21 -> 19.7335 | M21: =+'사업장별(당월)'!M21+'[4]사업장별(누계)'!M21 -> 89.476 | N21: =+K21-M21 -> 3.2575 | O21: =+'사업장별(당월)'!O21+'[4]사업장별(누계)'!O21 -> 7957.0106 | P21: =+'사업장별(당월)'!P21+'[4]사업장별(누계)'!P21 -> 10452.618 | Q21: =+P21-O21 -> 2495.6072 | R21: =+'사업장별(당월)'!R21+'[4]사업장별(누계)'!R21 -> 8927.9291 | S21: =+P21-R21 -> 1524.6887 | T21: =+'사업장별(당월)'!T21+'[4]사업장별(누계)'!T21 -> 1995.2449 | U21: =+'사업장별(당월)'!U21+'[4]사업장별(누계)'!U21 -> 2843.8162 | V21: =+U21-T21 -> 848.5713 | W21: =+'사업장별(당월)'!W21+'[4]사업장별(누계)'!W21 -> 2144.7181 | X21: =+U21-W21 -> 699.09804 | Y21: =+[11]군산!$Q$85 -> 109000.15 | Z21: =+[11]군산!$R$85 -> 112730.49 | AA21: =+[12]군산!$Q$85 -> 99680.206 | AB21: =+[11]군산!$Q$89 -> 69790.705 | AC21: =+[11]군산!$R$89 -> 72387.6 | AD21: =+[12]군산!$Q$89 -> 65536.496 | AE21: =+Y21-AB21 -> 39209.44 | AF21: =+Z21-AC21 -> 40342.89 | AG21: =+AA21-AD21 -> 34143.71
B22: 원주 | F22: =+U22/T22 -> 1.3353251 | G22: =+K22/J22 -> 1.0798393 | I22: 원주 | J22: =+'사업장별(당월)'!J22+'[4]사업장별(누계)'!J22 -> 56 | K22: =+'사업장별(당월)'!K22+'[4]사업장별(누계)'!K22 -> 60.471 | L22: =+K22-J22 -> 4.471 | M22: =+'사업장별(당월)'!M22+'[4]사업장별(누계)'!M22 -> 52.847 | N22: =+K22-M22 -> 7.624 | O22: =+'사업장별(당월)'!O22+'[4]사업장별(누계)'!O22 -> 6042.4 | P22: =+'사업장별(당월)'!P22+'[4]사업장별(누계)'!P22 -> 6790.7076 | Q22: =+P22-O22 -> 748.30757 | R22: =+'사업장별(당월)'!R22+'[4]사업장별(누계)'!R22 -> 5378.2754 | S22: =+P22-R22 -> 1412.4321 | T22: =+'사업장별(당월)'!T22+'[4]사업장별(누계)'!T22 -> 995.5528 | U22: =+'사업장별(당월)'!U22+'[4]사업장별(누계)'!U22 -> 1329.3867 | V22: =+U22-T22 -> 333.83386 | W22: =+'사업장별(당월)'!W22+'[4]사업장별(누계)'!W22 -> 872.28081 | X22: =+U22-W22 -> 457.10585 | Y22: =+[11]원주!$Q$85 -> 107900 | Z22: =+[11]원주!$R$85 -> 112301.91 | AA22: =+[12]원주!$Q$85 -> 101782.46 | AB22: =+[11]원주!$Q$89 -> 73291.892 | AC22: =+[11]원주!$R$89 -> 73905.733 | AD22: =+[12]원주!$Q$89 -> 68485.162 | AE22: =+Y22-AB22 -> 34608.108 | AF22: =+Z22-AC22 -> 38396.177 | AG22: =+AA22-AD22 -> 33297.297
B23: 제주 | F23: =+U23/T23 -> 0.25391921 | G23: =+K23/J23 -> 0.59375397 | I23: 제주 | J23: =+'사업장별(당월)'!J23+'[4]사업장별(누계)'!J23 -> 63 | K23: =+'사업장별(당월)'!K23+'[4]사업장별(누계)'!K23 -> 37.4065 | L23: =+K23-J23 -> -25.5935 | M23: =+'사업장별(당월)'!M23+'[4]사업장별(누계)'!M23 -> 77.0665 | N23: =+K23-M23 -> -39.66 | O23: =+'사업장별(당월)'!O23+'[4]사업장별(누계)'!O23 -> 7986.6 | P23: =+'사업장별(당월)'!P23+'[4]사업장별(누계)'!P23 -> 4646.6721 | Q23: =+P23-O23 -> -3339.9279 | R23: =+'사업장별(당월)'!R23+'[4]사업장별(누계)'!R23 -> 9206.1284 | S23: =+P23-R23 -> -4559.4563 | T23: =+'사업장별(당월)'!T23+'[4]사업장별(누계)'!T23 -> 1253.8534 | U23: =+'사업장별(당월)'!U23+'[4]사업장별(누계)'!U23 -> 318.37748 | V23: =+U23-T23 -> -935.47596 | W23: =+'사업장별(당월)'!W23+'[4]사업장별(누계)'!W23 -> 1775.5781 | X23: =+U23-W23 -> -1457.2006 | Y23: =+[11]제주!$Q$85 -> 126771.43 | Z23: =+[11]제주!$R$85 -> 124220.98 | AA23: =+[12]제주!$Q$85 -> 119497.4 | AB23: =+[11]제주!$Q$89 -> 90782.939 | AC23: =+[11]제주!$R$89 -> 89473.328 | AD23: =+[12]제주!$Q$89 -> 84120.247 | AE23: =+Y23-AB23 -> 35988.49 | AF23: =+Z23-AC23 -> 34747.652 | AG23: =+AA23-AD23 -> 35377.158
F24: =+U24/T24 -> 0.51133455 | G24: =+K24/J24 -> 0.89151309 | I24: 수도권 | J24: =SUM(J7:J10) -> 1241.5 | K24: =SUM(K7:K10) -> 1106.8135 | L24: =+K24-J24 -> -134.6865 | M24: =SUM(M7:M10) -> 1389.4017 | N24: =+K24-M24 -> -282.58818 | O24: =SUM(O7:O10) -> 124196.35 | P24: =SUM(P7:P10) -> 108881.82 | Q24: =+P24-O24 -> -15314.533 | R24: =SUM(R7:R10) -> 130128.84 | S24: =+P24-R24 -> -21247.019 | T24: =SUM(T7:T10) -> 16311.031 | U24: =SUM(U7:U10) -> 8340.3936 | V24: =+U24-T24 -> -7970.637 | W24: =SUM(W7:W10) -> 16124.764 | X24: =+U24-W24 -> -7784.3706 | Y24: =+[11]수도권!$Q$85 -> 100037.34 | Z24: =+[11]수도권!$R$85 -> 98382.993 | AA24: =+[12]수도권!$Q$85 -> 93635.782 | AB24: =+[11]수도권!$Q$89 -> 78139.303 | AC24: =+[11]수도권!$R$89 -> 81005.534 | AD24: =+[12]수도권!$Q$89 -> 74238.291 | AE24: =+Y24-AB24 -> 21898.034 | AF24: =+Z24-AC24 -> 17377.458 | AG24: =+AA24-AD24 -> 19397.491
F25: =+U25/T25 -> 0.7133001 | G25: =+K25/J25 -> 1.0308159 | I25: 영남권 | J25: =SUM(J11:J18) -> 1377 | K25: =SUM(K11:K18) -> 1419.4335 | L25: =+K25-J25 -> 42.4335 | M25: =SUM(M11:M18) -> 1548.0255 | N25: =+K25-M25 -> -128.592 | O25: =SUM(O11:O18) -> 140793.86 | P25: =SUM(P11:P18) -> 142803.67 | Q25: =+P25-O25 -> 2009.8063 | R25: =SUM(R11:R18) -> 151561.12 | S25: =+P25-R25 -> -8757.4513 | T25: =SUM(T11:T18) -> 20860.09 | U25: =SUM(U11:U18) -> 14879.504 | V25: =+U25-T25 -> -5980.5859 | W25: =SUM(W11:W18) -> 24452.145 | X25: =+U25-W25 -> -9572.6403 | Y25: =+[11]영남권!$Q$85 -> 102246.81 | Z25: =+[11]영남권!$R$85 -> 100621.44 | AA25: =+[12]영남권!$Q$85 -> 97910.756 | AB25: =+[11]영남권!$Q$89 -> 75429.123 | AC25: =+[11]영남권!$R$89 -> 78632.623 | AD25: =+[12]영남권!$Q$89 -> 72044.294 | AE25: =+Y25-AB25 -> 26817.688 | AF25: =+Z25-AC25 -> 21988.812 | AG25: =+AA25-AD25 -> 25866.462
F26: =+U26/T26 -> 0.91050096 | G26: =+K26/J26 -> 1.0099164 | I26: 중부권 | J26: =SUM(J19:J23) -> 574 | K26: =SUM(K19:K23) -> 579.692 | L26: =+K26-J26 -> 5.692 | M26: =SUM(M19:M23) -> 622.291 | N26: =+K26-M26 -> -42.599 | O26: =SUM(O19:O23) -> 60761.137 | P26: =SUM(P19:P23) -> 60707.043 | Q26: =+P26-O26 -> -54.094084 | R26: =SUM(R19:R23) -> 62253.986 | S26: =+P26-R26 -> -1546.9427 | T26: =SUM(T19:T23) -> 10158.322 | U26: =SUM(U19:U23) -> 9249.1621 | V26: =+U26-T26 -> -909.16013 | W26: =SUM(W19:W23) -> 10966.354 | X26: =+U26-W26 -> -1717.1915 | Y26: =+[11]중부권!$Q$85 -> 105855.64 | Z26: =+[11]중부권!$R$85 -> 104705.88 | AA26: =+[12]중부권!$Q$85 -> 100131.77 | AB26: =+[11]중부권!$Q$89 -> 76351.714 | AC26: =+[11]중부권!$R$89 -> 76169.705 | AD26: =+[12]중부권!$Q$89 -> 71543.564 | AE26: =+Y26-AB26 -> 29503.925 | AF26: =+Z26-AC26 -> 28536.173 | AG26: =+AA26-AD26 -> 28588.207
F27: =+U27/T27 -> 0.68602244 | G27: =+K27/J27 -> 0.97288614 | H27: 레미콘 계 | J27: =SUM(J24:J26) -> 3192.5 | K27: =SUM(K24:K26) -> 3105.939 | L27: =+K27-J27 -> -86.561 | M27: =SUM(M24:M26) -> 3559.7182 | N27: =+K27-M27 -> -453.77918 | O27: =SUM(O24:O26) -> 325751.35 | P27: =SUM(P24:P26) -> 312392.53 | Q27: =+P27-O27 -> -13358.821 | R27: =SUM(R24:R26) -> 343943.94 | S27: =+P27-R27 -> -31551.413 | T27: =SUM(T24:T26) -> 47329.443 | U27: =SUM(U24:U26) -> 32469.06 | V27: =+U27-T27 -> -14860.383 | W27: =SUM(W24:W26) -> 51543.263 | X27: =+U27-W27 -> -19074.202 | Y27: =+[11]합계!$Q$85 -> 102036.44 | Z27: =+[11]합계!$R$85 -> 100586.23 | AA27: =+[12]합계!$Q$85 -> 96625.233 | AB27: =+[11]합계!$Q$89 -> 76648.937 | AC27: =+[11]합계!$R$89 -> 79017.06 | AD27: =+[12]합계!$Q$89 -> 72813.219 | AE27: =+Y27-AB27 -> 25387.508 | AF27: =+Z27-AC27 -> 21569.169 | AG27: =+AA27-AD27 -> 23812.014
B28: 건자재 | E28: 건자재영업 | G28: =+K28/J28 -> 1.193626 | H28: 건자재 | J28: =+'사업장별(당월)'!J28+'[4]사업장별(누계)'!J28 -> 81400 | K28: =+'사업장별(당월)'!K28+'[4]사업장별(누계)'!K28 -> 97161.154 | L28: =+K28-J28 -> 15761.154 | M28: =+'사업장별(당월)'!M28+'[4]사업장별(누계)'!M28 -> 88735.037 | N28: =+K28-M28 -> 8426.117 | O28: =+'사업장별(당월)'!O28+'[4]사업장별(누계)'!O28 -> 99529.162 | P28: =+'사업장별(당월)'!P28+'[4]사업장별(누계)'!P28 -> 96553.945 | Q28: =+P28-O28 -> -2975.2168 | R28: =+'사업장별(당월)'!R28+'[4]사업장별(누계)'!R28 -> 108745.62 | S28: =+P28-R28 -> -12191.679 | T28: =+'사업장별(당월)'!T28+'[4]사업장별(누계)'!T28 -> 1161.3904 | U28: =+'사업장별(당월)'!U28+'[4]사업장별(누계)'!U28 -> 601.86035 | V28: =+U28-T28 -> -559.53008 | W28: =+'사업장별(당월)'!W28+'[4]사업장별(누계)'!W28 -> 868.28041 | X28: =+U28-W28 -> -266.42006 | Y28: ■ 비고
B29: 부산모래장 | C29: 부산골재 | G29: =+P28/O28 -> 0.97010709 | H29: 골재 | I29: 부산모래장 | J29: =+'사업장별(당월)'!J29+'[4]사업장별(누계)'!J29 -> 271.46772 | K29: =+'사업장별(당월)'!K29+'[4]사업장별(누계)'!K29 -> 215.318 | L29: =+K29-J29 -> -56.149718 | M29: =+'사업장별(당월)'!M29+'[4]사업장별(누계)'!M29 -> 284.566 | N29: =+K29-M29 -> -69.248 | O29: =+'사업장별(당월)'!O29+'[4]사업장별(누계)'!O29 -> 7910.8417 | P29: =+'사업장별(당월)'!P29+'[4]사업장별(누계)'!P29 -> 6284.2151 | Q29: =+P29-O29 -> -1626.6267 | R29: =+'사업장별(당월)'!R29+'[4]사업장별(누계)'!R29 -> 8297.4594 | S29: =+P29-R29 -> -2013.2443 | T29: =+'사업장별(당월)'!T29+'[4]사업장별(누계)'!T29 -> 441.55062 | U29: =+'사업장별(당월)'!U29+'[4]사업장별(누계)'!U29 -> 361.02867 | V29: =+U29-T29 -> -80.521944 | W29: =+'사업장별(당월)'!W29+'[4]사업장별(누계)'!W29 -> 371.01609 | X29: =+U29-W29 -> -9.987421 | Y29: □ 3분기 총 대손 : 5.7억
B30: 서부산크라샤 | C30: 서부산골재 | I30: 서부산CR | J30: =+'사업장별(당월)'!J30+'[4]사업장별(누계)'!J30 -> 375.55962 | K30: =+'사업장별(당월)'!K30+'[4]사업장별(누계)'!K30 -> 171.092 | L30: =+K30-J30 -> -204.46762 | M30: =+'사업장별(당월)'!M30+'[4]사업장별(누계)'!M30 -> 373.21 | N30: =+K30-M30 -> -202.118 | O30: =+'사업장별(당월)'!O30+'[4]사업장별(누계)'!O30 -> 4711.3186 | P30: =+'사업장별(당월)'!P30+'[4]사업장별(누계)'!P30 -> 2402.163 | Q30: =+P30-O30 -> -2309.1556 | R30: =+'사업장별(당월)'!R30+'[4]사업장별(누계)'!R30 -> 4482.248 | S30: =+P30-R30 -> -2080.085 | T30: =+'사업장별(당월)'!T30+'[4]사업장별(누계)'!T30 -> 951.57086 | U30: =+'사업장별(당월)'!U30+'[4]사업장별(누계)'!U30 -> -126.93228 | V30: =+U30-T30 -> -1078.5031 | W30: =+'사업장별(당월)'!W30+'[4]사업장별(누계)'!W30 -> 784.69466 | X30: =+U30-W30 -> -911.62694 | Y30: - 집합대손 : 0.4억
B31: 부산크라샤 | C31: 부산크라샤 | I31: 부산CR | J31: =+'사업장별(당월)'!J31+'[4]사업장별(누계)'!J31 -> 458.06687 | K31: =+'사업장별(당월)'!K31+'[4]사업장별(누계)'!K31 -> 394.021 | L31: =+K31-J31 -> -64.045871 | M31: =+'사업장별(당월)'!M31+'[4]사업장별(누계)'!M31 -> 120.091 | N31: =+K31-M31 -> 273.93 | O31: =+'사업장별(당월)'!O31+'[4]사업장별(누계)'!O31 -> 8253.4055 | P31: =+'사업장별(당월)'!P31+'[4]사업장별(누계)'!P31 -> 7103.2515 | Q31: =+P31-O31 -> -1150.154 | R31: =+'사업장별(당월)'!R31+'[4]사업장별(누계)'!R31 -> 2093.246 | S31: =+P31-R31 -> 5010.0055 | T31: =+'사업장별(당월)'!T31+'[4]사업장별(누계)'!T31 -> 413.1953 | U31: =+'사업장별(당월)'!U31+'[4]사업장별(누계)'!U31 -> -528.20053 | V31: =+U31-T31 -> -941.39584 | W31: =+'사업장별(당월)'!W31+'[4]사업장별(누계)'!W31 -> -264.17118 | X31: =+U31-W31 -> -264.02935 | Y31: - 개별 대손 : 11.7억(송학 0.9억, 계원토건 1.2억, 남양건설 1.7억, 선원건설 7.9억)
G32: =+K32/J32 -> 0.70621219 | H32: 골재 계 | J32: =SUM(J29:J31) -> 1105.0942 | K32: =SUM(K29:K31) -> 780.431 | L32: =+K32-J32 -> -324.66321 | M32: =SUM(M29:M31) -> 777.867 | N32: =+K32-M32 -> 2.564 | O32: =SUM(O29:O31) -> 20875.566 | P32: =SUM(P29:P31) -> 15789.63 | Q32: =+P32-O32 -> -5085.9362 | R32: =SUM(R29:R31) -> 14872.953 | S32: =+P32-R32 -> 916.67618 | T32: =SUM(T29:T31) -> 1806.3168 | U32: =SUM(U29:U31) -> -294.10414 | V32: =+U32-T32 -> -2100.4209 | W32: =SUM(W29:W31) -> 891.53957 | X32: =+U32-W32 -> -1185.6437 | Y32: - 개별 대손환입 : -6.4억(신일 1.8억, 태영건설 3.1억, 남양건설 1.1억 등)
B33: 포항임대 | C33: 속초임대 | D33: 강릉임대 | E33: 레미콘임대 계 | H33: 기타 | I33: 레미콘임대 | L33: =+K33-J33 -> 0 | N33: =+K33-M33 -> 0 | O33: =+'사업장별(당월)'!O33+'[4]사업장별(누계)'!O33 -> 999.24 | P33: =+'사업장별(당월)'!P33+'[4]사업장별(누계)'!P33 -> 999.24 | Q33: =+P33-O33 -> 0 | R33: =+'사업장별(당월)'!R33+'[4]사업장별(누계)'!R33 -> 930.49 | S33: =+P33-R33 -> 68.75 | T33: =+'사업장별(당월)'!T33+'[4]사업장별(누계)'!T33 -> 742.2149 | U33: =+'사업장별(당월)'!U33+'[4]사업장별(누계)'!U33 -> 695.34818 | V33: =+U33-T33 -> -46.866714 | W33: =+'사업장별(당월)'!W33+'[4]사업장별(누계)'!W33 -> 618.77445 | X33: =+U33-W33 -> 76.573738
B34: 부동산임대 | C34: 주유소임대 | E34: 임대 계 | I34: 임대 | L34: =+K34-J34 -> 0 | M34: 0 | N34: =+K34-M34 -> 0 | O34: =+'사업장별(당월)'!O34+'[4]사업장별(누계)'!O34 -> 795.8725 | P34: =+'사업장별(당월)'!P34+'[4]사업장별(누계)'!P34 -> 803.15053 | Q34: =+P34-O34 -> 7.2780263 | R34: =+'사업장별(당월)'!R34+'[4]사업장별(누계)'!R34 -> 1037.4614 | S34: =+P34-R34 -> -234.31082 | T34: =+'사업장별(당월)'!T34+'[4]사업장별(누계)'!T34 -> 720.80394 | U34: =+'사업장별(당월)'!U34+'[4]사업장별(누계)'!U34 -> 725.77006 | V34: =+U34-T34 -> 4.9661203 | W34: =+'사업장별(당월)'!W34+'[4]사업장별(누계)'!W34 -> 700.4206 | X34: =+U34-W34 -> 25.349468
B35: 공 통 비 | G35: ㎥ | I35: 공통비 | L35: =+K35-J35 -> 0 | N35: =+K35-M35 -> 0 | O35: =+'사업장별(당월)'!O35+'[4]사업장별(누계)'!O35 -> 0 | P35: =+'사업장별(당월)'!P35+'[4]사업장별(누계)'!P35 -> 0 | Q35: =+P35-O35 -> 0 | R35: =+'사업장별(당월)'!R35+'[4]사업장별(누계)'!R35 -> 0 | S35: =+P35-R35 -> 0 | T35: =+'사업장별(당월)'!T35+'[4]사업장별(누계)'!T35 -> -14971.779 | U35: =+'사업장별(당월)'!U35+'[4]사업장별(누계)'!U35 -> -15353.848 | V35: =+U35-T35 -> -382.06959 | W35: =+'사업장별(당월)'!W35+'[4]사업장별(누계)'!W35 -> -12929.509 | X35: =+U35-W35 -> -2424.3393
I36: 대손 | N36: =+K36-M36 -> 0 | O36: =+'사업장별(당월)'!O37+'[4]사업장별(누계)'!O37 -> 0 | P36: =+'사업장별(당월)'!P37+'[4]사업장별(누계)'!P37 -> 0 | Q36: =+P36-O36 -> 0 | R36: =+'사업장별(당월)'!R37+'[4]사업장별(누계)'!R37 -> 0 | S36: =+P36-R36 -> 0 | T36: =+'사업장별(당월)'!T37+'[4]사업장별(누계)'!T37 -> 0 | U36: =+'사업장별(당월)'!U37+'[4]사업장별(누계)'!U37 -> -573.85933 | V36: =+U36-T36 -> -573.85933 | W36: =+'사업장별(당월)'!W37+'[4]사업장별(누계)'!W37 -> -1974.222 | X36: =+U36-W36 -> 1400.3626
I37: 미운영 공장 | M37: =SUM(M53:M56) -> 0 | N37: =+K37-M37 -> 0 | O37: =+'사업장별(당월)'!O38+'[4]사업장별(누계)'!O38 -> 0 | P37: =+'사업장별(당월)'!P38+'[4]사업장별(누계)'!P38 -> 0 | Q37: =+P37-O37 -> 0 | R37: =+'사업장별(당월)'!R38+'[4]사업장별(누계)'!R38 -> 188.626 | S37: =+P37-R37 -> -188.626 | T37: =+'사업장별(당월)'!T38+'[4]사업장별(누계)'!T38 -> -343.11671 | U37: =+'사업장별(당월)'!U38+'[4]사업장별(누계)'!U38 -> -405.12094 | V37: =+U37-T37 -> -62.004222 | W37: =+'사업장별(당월)'!W38+'[4]사업장별(누계)'!W38 -> -135.88035 | X37: =+U37-W37 -> -269.24059
B38: 기타 계 | I38: 기타 | L38: =+K38-J38 -> 0 | N38: =+K38-M38 -> 0 | O38: =+'사업장별(당월)'!O39+'[4]사업장별(누계)'!O39 -> 19.47 | P38: =+'사업장별(당월)'!P39+'[4]사업장별(누계)'!P39 -> 19.305 | Q38: =+P38-O38 -> -0.165 | R38: =+'사업장별(당월)'!R39+'[4]사업장별(누계)'!R39 -> -14.7217 | S38: =+P38-R38 -> 34.0267 | T38: =+'사업장별(당월)'!T39+'[4]사업장별(누계)'!T39++'사업장별(당월)'!T36+'[4]사업장별(누계)'!T36 -> 617.77155 | U38: =+'사업장별(당월)'!U39+'[4]사업장별(누계)'!U39+'사업장별(당월)'!U36+'[4]사업장별(누계)'!U36 -> 758.85573 | V38: =+U38-T38 -> 141.08419 | W38: =+'사업장별(당월)'!W39+'[4]사업장별(누계)'!W39 -> -241.52423 | X38: =+U38-W38 -> 1000.38
N39: =+K39-M39 -> 0 | O39: =+'사업장별(당월)'!O40+'[4]사업장별(누계)'!O40 -> 0 | P39: =+'사업장별(당월)'!P40+'[4]사업장별(누계)'!P40 -> 0 | Q39: =+P39-O39 -> 0 | R39: =+'사업장별(당월)'!R40+'[4]사업장별(누계)'!R40 -> 0 | S39: =+P39-R39 -> 0 | T39: =+'사업장별(당월)'!T40+'[4]사업장별(누계)'!T40 -> 0 | U39: =+'사업장별(당월)'!U40+'[4]사업장별(누계)'!U40 -> 0 | V39: =+U39-T39 -> 0 | W39: =+'사업장별(당월)'!W40+'[4]사업장별(누계)'!W40 -> 0
H40: 기타 계 | J40: =SUM(J33:J39) -> 0 | K40: =SUM(K33:K39) -> 0 | L40: =+K40-J40 -> 0 | M40: =SUM(M33:M39) -> 0 | N40: =+K40-M40 -> 0 | O40: =SUM(O33:O39) -> 1814.5825 | P40: =SUM(P33:P39) -> 1821.6955 | Q40: =+P40-O40 -> 7.1130263 | R40: =SUM(R33:R39) -> 2141.8557 | S40: =+P40-R40 -> -320.16012 | T40: =SUM(T33:T39) -> -13234.105 | U40: =SUM(U33:U39) -> -14152.855 | V40: =+U40-T40 -> -918.74955 | W40: =SUM(W33:W39) -> -13961.94 | X40: =+U40-W40 -> -190.91411
G42: =+P42/O42 -> 0.95220031 | H42: 합계 | O42: =+O27+O32+O28+O40 -> 447970.66 | P42: =+P27+P32+P28+P40 -> 426557.8 | Q42: =+P42-O42 -> -21412.861 | R42: =+R27+R32+R28+R40 -> 469704.38 | S42: =+P42-R42 -> -43146.576 | T42: =+T27+T32+T28+T40 -> 37063.045 | U42: =+U27+U32+U28+U40 -> 18623.962 | V42: =+U42-T42 -> -18439.084 | W42: =+W27+W32+W28+W40 -> 39341.142 | X42: =+U42-W42 -> -20717.18
G43: =+U42/T42 -> 0.5024941 | P43: =+P42/O42 -> 0.95220031 | T43: =+T42/O42 -> 0.08273543 | U43: =+U42/P42 -> 0.043661051
I45: 확인 | J45: =+'사업장별(당월)'!J46+'[4]사업장별(누계)'!J46 -> 3192.5 | K45: =+'사업장별(당월)'!K46+'[4]사업장별(누계)'!K46 -> 3105.939 | M45: =+'사업장별(당월)'!M46+'[4]사업장별(누계)'!M46 -> 3559.7182 | O45: =+'사업장별(당월)'!O46+'[4]사업장별(누계)'!O46 -> 447970.66 | P45: =+'사업장별(당월)'!P46+'[4]사업장별(누계)'!P46 -> 426557.8 | R45: =+'사업장별(당월)'!R46+'[4]사업장별(누계)'!R46 -> 469704.38 | T45: =+'사업장별(당월)'!T46+'[4]사업장별(누계)'!T46 -> 37063.045 | U45: =+'사업장별(당월)'!U46+'[4]사업장별(누계)'!U46 -> 18623.962 | W45: =+'사업장별(당월)'!W46+'[4]사업장별(누계)'!W46 -> 39341.142
J46: =+J45-J27 -> 0 | K46: =+K45-K27 -> 0 | M46: =+M45-M27 -> 0 | O46: =+O45-O42 -> 0 | P46: =+P45-P42 -> 0 | R46: =+R45-R42 -> 0 | T46: =+T45-T42 -> 0 | U46: =+U45-U42 -> 0 | W46: =+W45-W42 -> 0
S49: 레미콘 | T49: =(+T27+T35)/100 -> 323.57665 | U49: =(+U27+U35)/100 -> 171.15212 | V49: =+U49-T49 -> -152.42453 | W49: =+U49/T49-1 -> -0.47106158
S50: 건자재 | T50: =+T28/100 -> 11.613904 | U50: =+U28/100 -> 6.0186035 | V50: =+U50-T50 -> -5.5953008
S51: 골재 | T51: =+T32/100 -> 18.063168 | U51: =+U32/100 -> -2.9410414 | V51: =+U51-T51 -> -21.004209
S52: 임대 | T52: =(T33+T34)/100 -> 14.630188 | U52: =(U33+U34)/100 -> 14.211182 | V52: =+U52-T52 -> -0.41900594
S53: 기타 | T53: =(T45/100)-T49-T50-T51-T52 -> 2.7465483 | U53: =(U45/100)-U49-U50-U51-U52 -> -2.2012454 | V53: =+U53-T53 -> -4.9477937

Sheet 영업이익
D4: □ 레미콘 영업이익 차이분석(2024-11)
W5: [단위 : 백만원, 천㎥]
A6: 2024년 11월 마감 손익 | D6: 구분 | E6: 영업이익(공통비 미배부) | H6: 물량 차이 | L6: 판매단가 차이 | P6: 제조원가 차이 | T6: 판관비 등 차이
E7: 계획 | F7: 실적 | G7: 차이 | H7: 계획 | I7: 실적 | J7: 차이 | K7: 손익 | L7: 계획 | M7: 실적 | N7: 차이 | O7: 손익 | P7: 계획 | Q7: 실적 | R7: 차이 | S7: 손익 | T7: 계획 | U7: 실적 | V7: 차이 | W7: 손익
D8: 합계 | E8: =+[5]합계!$H$86/1000 -> 5263.218 | F8: =+[5]합계!$I$86/1000 -> 2195.9234 | G8: =+F8-E8 -> -3067.2946 | H8: =+[5]합계!$T$5/1000 -> 320 | I8: =+[5]합계!$U$5/1000 -> 280.6685 | J8: =+I8-H8 -> -39.3315 | K8: =+[5]합계!$M$86/1000 -> -777.36864 | L8: =+[5]합계!$Q$85 -> 103034.7 | M8: =+[5]합계!$R$85 -> 100000.5 | N8: =+M8-L8 -> -3034.1988 | O8: =+[5]합계!$K$86/1000 -> -849.65153 | P8: =+[5]합계!$Q$50 -> 83512.394 | Q8: =+[5]합계!$R$50 -> 88263.578 | R8: =+Q8-P8 -> 4751.1836 | S8: =+[5]합계!$L$56/1000 -> -1316.0473 | T8: =+([5]합계!$H$80+[5]합계!$H$85)/1000 -> 983.9188 | U8: =+([5]합계!$I$80+[5]합계!$I$85)/1000 -> 1108.1459 | V8: =+U8-T8 -> 124.22713 | W8: =+([5]합계!$L$80+[5]합계!$L$85)/1000 -> -124.22713 | Y8: =+G8-K8-O8-S8-W8 -> 3.7942982e-12 | Z8: =+Y8*1000000 -> 3.7942982e-06
D9: 수도권 | E9: =+[5]수도권!$H$86/1000 -> 1856.0099 | F9: =+[5]수도권!$I$86/1000 -> 553.11277 | G9: =+F9-E9 -> -1302.8971 | H9: =+[5]수도권!$T$5/1000 -> 121.5 | I9: =+[5]수도권!$U$5/1000 -> 107.646 | J9: =+I9-H9 -> -13.854 | K9: =+[5]수도권!$M$86/1000 -> -249.48607 | L9: =+[5]수도권!$Q$85 -> 102195.91 | M9: =+[5]수도권!$R$85 -> 97363.141 | N9: =+M9-L9 -> -4832.77 | O9: =+[5]수도권!$K$86/1000 -> -519.36812 | P9: =+[5]수도권!$Q$50 -> 84386.869 | Q9: =+[5]수도권!$R$50 -> 89106.705 | R9: =+Q9-P9 -> 4719.8362 | S9: =+[5]수도권!$L$56/1000 -> -507.17079 | T9: =+([5]수도권!$H$80+[5]수도권!$H$85)/1000 -> 307.78869 | U9: =+([5]수도권!$I$80+[5]수도권!$I$85)/1000 -> 334.66081 | V9: =+U9-T9 -> 26.872127 | W9: =+([5]수도권!$L$80+[5]수도권!$L$85)/1000 -> -26.872127 | Y9: =+G9-K9-O9-S9-W9 -> -1.563194e-13 | Z9: =+Y9*1000000 -> -1.563194e-07
D10: 영남권 | E10: =+[5]영남권!$H$86/1000 -> 2301.2994 | F10: =+[5]영남권!$I$86/1000 -> 1095.102 | G10: =+F10-E10 -> -1206.1974 | H10: =+[5]영남권!$T$5/1000 -> 139.5 | I10: =+[5]영남권!$U$5/1000 -> 121.551 | J10: =+I10-H10 -> -17.949 | K10: =+[5]영남권!$M$86/1000 -> -359.68909 | L10: =+[5]영남권!$Q$85 -> 102613.81 | M10: =+[5]영남권!$R$85 -> 100718.16 | N10: =+M10-L10 -> -1895.651 | O10: =+[5]영남권!$K$86/1000 -> -230.41828 | P10: =+[5]영남권!$Q$50 -> 82574.304 | Q10: =+[5]영남권!$R$50 -> 87194.135 | R10: =+Q10-P10 -> 4619.8304 | S10: =+[5]영남권!$L$56/1000 -> -544.40675 | T10: =+([5]영남권!$H$80+[5]영남권!$H$85)/1000 -> 494.21166 | U10: =+([5]영남권!$I$80+[5]영남권!$I$85)/1000 -> 565.89497 | V10: =+U10-T10 -> 71.683315 | W10: =+([5]영남권!$L$80+[5]영남권!$L$85)/1000 -> -71.683315 | Y10: =+G10-K10-O10-S10-W10 -> -2.4158453e-13 | Z10: =+Y10*1000000 -> -2.4158453e-07
D11: 기타권 | E11: =+[5]중부권!$H$86/1000 -> 1105.9087 | F11: =+[5]중부권!$I$86/1000 -> 547.70866 | G11: =+F11-E11 -> -558.20003 | H11: =+[5]중부권!$T$5/1000 -> 59 | I11: =+[5]중부권!$U$5/1000 -> 51.4715 | J11: =+I11-H11 -> -7.5285 | K11: =+[5]중부권!$M$86/1000 -> -171.86466 | L11: =+[5]중부권!$Q$85 -> 105757.17 | M11: =+[5]중부권!$R$85 -> 103847.09 | N11: =+M11-L11 -> -1910.0887 | O11: =+[5]중부권!$K$86/1000 -> -97.425983 | P11: =+[5]중부권!$Q$50 -> 83929.596 | Q11: =+[5]중부권!$R$50 -> 89073.25 | R11: =+Q11-P11 -> 5143.654 | S11: =+[5]중부권!$L$56/1000 -> -263.23769 | T11: =+([5]중부권!$H$80+[5]중부권!$H$85)/1000 -> 181.91846 | U11: =+([5]중부권!$I$80+[5]중부권!$I$85)/1000 -> 207.59015 | V11: =+U11-T11 -> 25.67169 | W11: =+([5]중부권!$L$80+[5]중부권!$L$85)/1000 -> -25.67169 | Y11: =+G11-K11-O11-S11-W11 -> 6.5369932e-13 | Z11: =+Y11*1000000 -> 6.5369932e-07
D12: 안양 | E12: =+[5]안양!$H$86/1000 -> 669.44377 | F12: =+[5]안양!$I$86/1000 -> 302.27516 | G12: =+F12-E12 -> -367.16861 | H12: =+[5]안양!$T$5/1000 -> 45 | I12: =+[5]안양!$U$5/1000 -> 38.566 | J12: =+I12-H12 -> -6.434 | K12: =+[5]안양!$M$86/1000 -> -109.71596 | L12: =+[5]안양!$Q$85 -> 101706.44 | M12: =+[5]안양!$R$85 -> 98187.636 | N12: =+M12-L12 -> -3518.8013 | O12: =+[5]안양!$K$86/1000 -> -135.62868 | P12: =+[5]안양!$Q$50 -> 84712.02 | Q12: =+[5]안양!$R$50 -> 87636.386 | R12: =+Q12-P12 -> 2924.3663 | S12: =+[5]안양!$L$56/1000 -> -112.62542 | T12: =+([5]안양!$H$80+[5]안양!$H$85)/1000 -> 95.305038 | U12: =+([5]안양!$I$80+[5]안양!$I$85)/1000 -> 104.50359 | V12: =+U12-T12 -> 9.1985475 | W12: =+([5]안양!$L$80+[5]안양!$L$85)/1000 -> -9.1985475 | Y12: =+G12-K12-O12-S12-W12 -> 9.4146912e-13 | Z12: =+Y12*1000000 -> 9.4146912e-07
D13: 인천 | E13: =+[5]인천!$H$86/1000 -> 631.27755 | F13: =+[5]인천!$I$86/1000 -> 72.336657 | G13: =+F13-E13 -> -558.94089 | H13: =+[5]인천!$T$5/1000 -> 36 | I13: =+[5]인천!$U$5/1000 -> 29.507 | J13: =+I13-H13 -> -6.493 | K13: =+[5]인천!$M$86/1000 -> -131.01795 | L13: =+[5]인천!$Q$85 -> 106683.99 | M13: =+[5]인천!$R$85 -> 98532.601 | N13: =+M13-L13 -> -8151.3857 | O13: =+[5]인천!$K$86/1000 -> -240.52294 | P13: =+[5]인천!$Q$50 -> 86505.648 | Q13: =+[5]인천!$R$50 -> 92606.228 | R13: =+Q13-P13 -> 6100.5807 | S13: =+[5]인천!$L$56/1000 -> -180.00981 | T13: =+([5]인천!$H$80+[5]인천!$H$85)/1000 -> 95.142642 | U13: =+([5]인천!$I$80+[5]인천!$I$85)/1000 -> 102.53283 | V13: =+U13-T13 -> 7.3901908 | W13: =+([5]인천!$L$80+[5]인천!$L$85)/1000 -> -7.3901908 | Y13: =+G13-K13-O13-S13-W13 -> -2.2737368e-13 | Z13: =+Y13*1000000 -> -2.2737368e-07
D14: 파주 | E14: =+[5]파주!$H$86/1000 -> 291.23696 | F14: =+[5]파주!$I$86/1000 -> 79.622709 | G14: =+F14-E14 -> -211.61425 | H14: =+[5]파주!$T$5/1000 -> 23 | I14: =+[5]파주!$U$5/1000 -> 22.349 | J14: =+I14-H14 -> -0.651 | K14: =+[5]파주!$M$86/1000 -> -10.516717 | L14: =+[5]파주!$Q$85 -> 100383.19 | M14: =+[5]파주!$R$85 -> 95512.912 | N14: =+M14-L14 -> -4870.2824 | O14: =+[5]파주!$K$86/1000 -> -108.64139 | P14: =+[5]파주!$Q$50 -> 84892.404 | Q14: =+[5]파주!$R$50 -> 88605.24 | R14: =+Q14-P14 -> 3712.8356 | S14: =+[5]파주!$L$56/1000 -> -82.844589 | T14: =+([5]파주!$H$80+[5]파주!$H$85)/1000 -> 65.051208 | U14: =+([5]파주!$I$80+[5]파주!$I$85)/1000 -> 74.662764 | V14: =+U14-T14 -> 9.6115567 | W14: =+([5]파주!$L$80+[5]파주!$L$85)/1000 -> -9.6115567 | Y14: =+G14-K14-O14-S14-W14 -> -1.5276669e-13 | Z14: =+Y14*1000000 -> -1.5276669e-07
D15: 김포 | E15: =+[5]김포!$H$86/1000 -> 264.05161 | F15: =+[5]김포!$I$86/1000 -> 98.878248 | G15: =+F15-E15 -> -165.17336 | H15: =+[5]김포!$T$5/1000 -> 17.5 | I15: =+[5]김포!$U$5/1000 -> 17.224 | J15: =+I15-H15 -> -0.276 | K15: =+[5]김포!$M$86/1000 -> -6.8578942 | L15: =+[5]김포!$Q$85 -> 96604.371 | M15: =+[5]김포!$R$85 -> 95901.216 | N15: =+M15-L15 -> -703.15577 | O15: =+[5]김포!$K$86/1000 -> -12.030995 | P15: =+[5]김포!$Q$50 -> 78527.72 | Q15: =+[5]김포!$R$50 -> 87039.025 | R15: =+Q15-P15 -> 8511.3052 | S15: =+[5]김포!$L$56/1000 -> -145.61264 | T15: =+([5]김포!$H$80+[5]김포!$H$85)/1000 -> 52.289798 | U15: =+([5]김포!$I$80+[5]김포!$I$85)/1000 -> 52.96163 | V15: =+U15-T15 -> 0.67183253 | W15: =+([5]김포!$L$80+[5]김포!$L$85)/1000 -> -0.67183253 | Y15: =+G15-K15-O15-S15-W15 -> 2.5690561e-13 | Z15: =+Y15*1000000 -> 2.5690561e-07
D16: 부산 | E16: =+[5]부산!$H$86/1000 -> 440.56963 | F16: =+[5]부산!$I$86/1000 -> 175.17909 | G16: =+F16-E16 -> -265.39054 | H16: =+[5]부산!$T$5/1000 -> 24 | I16: =+[5]부산!$U$5/1000 -> 19.12 | J16: =+I16-H16 -> -4.88 | K16: =+[5]부산!$M$86/1000 -> -109.96571 | L16: =+[5]부산!$Q$85 -> 107599.84 | M16: =+[5]부산!$R$85 -> 109871.86 | N16: =+M16-L16 -> 2272.0263 | O16: =+[5]부산!$K$86/1000 -> 43.441143 | P16: =+[5]부산!$Q$50 -> 85065.88 | Q16: =+[5]부산!$R$50 -> 95807.849 | R16: =+Q16-P16 -> 10741.97 | S16: =+[5]부산!$L$56/1000 -> -175.25621 | T16: =+([5]부산!$H$80+[5]부산!$H$85)/1000 -> 100.24532 | U16: =+([5]부산!$I$80+[5]부산!$I$85)/1000 -> 123.85509 | V16: =+U16-T16 -> 23.60977 | W16: =+([5]부산!$L$80+[5]부산!$L$85)/1000 -> -23.60977 | Y16: =+G16-K16-O16-S16-W16 -> 4.2632564e-14 | Z16: =+Y16*1000000 -> 4.2632564e-08
D17: 서부산 | E17: =+[5]서부산!$H$86/1000 -> 511.79381 | F17: =+[5]서부산!$I$86/1000 -> 124.8758 | G17: =+F17-E17 -> -386.91801 | H17: =+[5]서부산!$T$5/1000 -> 26 | I17: =+[5]서부산!$U$5/1000 -> 19.932 | J17: =+I17-H17 -> -6.068 | K17: =+[5]서부산!$M$86/1000 -> -136.87867 | L17: =+[5]서부산!$Q$85 -> 104577.06 | M17: =+[5]서부산!$R$85 -> 94504.229 | N17: =+M17-L17 -> -10072.83 | O17: =+[5]서부산!$K$86/1000 -> -200.77164 | P17: =+[5]서부산!$Q$50 -> 82019.598 | Q17: =+[5]서부산!$R$50 -> 82807.868 | R17: =+Q17-P17 -> 788.27026 | S17: =+[5]서부산!$L$56/1000 -> -29.194678 | T17: =+([5]서부산!$H$80+[5]서부산!$H$85)/1000 -> 74.700167 | U17: =+([5]서부산!$I$80+[5]서부산!$I$85)/1000 -> 94.77319 | V17: =+U17-T17 -> 20.073023 | W17: =+([5]서부산!$L$80+[5]서부산!$L$85)/1000 -> -20.073023 | Y17: =+G17-K17-O17-S17-W17 -> 1.8474111e-13 | Z17: =+Y17*1000000 -> 1.8474111e-07
D18: 김해 | E18: =+[5]김해!$H$86/1000 -> 199.30405 | F18: =+[5]김해!$I$86/1000 -> 84.464322 | G18: =+F18-E18 -> -114.83973 | H18: =+[5]김해!$T$5/1000 -> 14 | I18: =+[5]김해!$U$5/1000 -> 12.286 | J18: =+I18-H18 -> -1.714 | K18: =+[5]김해!$M$86/1000 -> -30.101398 | L18: =+[5]김해!$Q$85 -> 101000.4 | M18: =+[5]김해!$R$85 -> 96166.498 | N18: =+M18-L18 -> -4833.9015 | O18: =+[5]김해!$K$86/1000 -> -59.389314 | P18: =+[5]김해!$Q$50 -> 83438.324 | Q18: =+[5]김해!$R$50 -> 85279.764 | R18: =+Q18-P18 -> 1841.4403 | S18: =+[5]김해!$L$56/1000 -> -20.26677 | T18: =+([5]김해!$H$80+[5]김해!$H$85)/1000 -> 46.565015 | U18: =+([5]김해!$I$80+[5]김해!$I$85)/1000 -> 51.647259 | V18: =+U18-T18 -> 5.0822442 | W18: =+([5]김해!$L$80+[5]김해!$L$85)/1000 -> -5.0822442 | Y18: =+G18-K18-O18-S18-W18 -> 1.4477308e-13 | Z18: =+Y18*1000000 -> 1.4477308e-07
D19: 정관 | E19: =+[5]정관!$H$86/1000 -> 288.71255 | F19: =+[5]정관!$I$86/1000 -> 141.17147 | G19: =+F19-E19 -> -147.54108 | H19: =+[5]정관!$T$5/1000 -> 19 | I19: =+[5]정관!$U$5/1000 -> 18.063 | J19: =+I19-H19 -> -0.937 | K19: =+[5]정관!$M$86/1000 -> -17.584429 | L19: =+[5]정관!$Q$85 -> 104000 | M19: =+[5]정관!$R$85 -> 101189.08 | N19: =+M19-L19 -> -2810.9168 | O19: =+[5]정관!$K$86/1000 -> -50.773591 | P19: =+[5]정관!$Q$50 -> 85233.266 | Q19: =+[5]정관!$R$50 -> 89417.167 | R19: =+Q19-P19 -> 4183.9001 | S19: =+[5]정관!$L$56/1000 -> -69.685906 | T19: =+([5]정관!$H$80+[5]정관!$H$85)/1000 -> 67.855388 | U19: =+([5]정관!$I$80+[5]정관!$I$85)/1000 -> 77.352539 | V19: =+U19-T19 -> 9.4971516 | W19: =+([5]정관!$L$80+[5]정관!$L$85)/1000 -> -9.4971516 | Y19: =+G19-K19-O19-S19-W19 -> 0 | Z19: =+Y19*1000000 -> 0
D20: 양산 | E20: =+[5]양산!$H$86/1000 -> 172.32307 | F20: =+[5]양산!$I$86/1000 -> 98.711031 | G20: =+F20-E20 -> -73.612036 | H20: =+[5]양산!$T$5/1000 -> 12 | I20: =+[5]양산!$U$5/1000 -> 10.32 | J20: =+I20-H20 -> -1.68 | K20: =+[5]양산!$M$86/1000 -> -30.529217 | L20: =+[5]양산!$Q$85 -> 97210.153 | M20: =+[5]양산!$R$85 -> 100279.61 | N20: =+M20-L20 -> 3069.4599 | O20: =+[5]양산!$K$86/1000 -> 31.676826 | P20: =+[5]양산!$Q$50 -> 79038 | Q20: =+[5]양산!$R$50 -> 86713.087 | R20: =+Q20-P20 -> 7675.0875 | S20: =+[5]양산!$L$56/1000 -> -79.249075 | T20: =+([5]양산!$H$80+[5]양산!$H$85)/1000 -> 45.742768 | U20: =+([5]양산!$I$80+[5]양산!$I$85)/1000 -> 41.253339 | V20: =+U20-T20 -> -4.4894296 | W20: =+([5]양산!$L$80+[5]양산!$L$85)/1000 -> 4.4894296 | Y20: =+G20-K20-O20-S20-W20 -> 7.6383344e-14 | Z20: =+Y20*1000000 -> 7.6383344e-08
D21: 창원 | E21: =+[5]창원!$H$86/1000 -> 283.85298 | F21: =+[5]창원!$I$86/1000 -> 134.08562 | G21: =+F21-E21 -> -149.76736 | H21: =+[5]창원!$T$5/1000 -> 16 | I21: =+[5]창원!$U$5/1000 -> 13.393 | J21: =+I21-H21 -> -2.607 | K21: =+[5]창원!$M$86/1000 -> -57.943941 | L21: =+[5]창원!$Q$85 -> 101787.59 | M21: =+[5]창원!$R$85 -> 98625.289 | N21: =+M21-L21 -> -3162.3044 | O21: =+[5]창원!$K$86/1000 -> -42.352743 | P21: =+[5]창원!$Q$50 -> 79561.302 | Q21: =+[5]창원!$R$50 -> 83348.486 | R21: =+Q21-P21 -> 3787.1836 | S21: =+[5]창원!$L$56/1000 -> -50.721772 | T21: =+([5]창원!$H$80+[5]창원!$H$85)/1000 -> 71.767682 | U21: =+([5]창원!$I$80+[5]창원!$I$85)/1000 -> 70.516582 | V21: =+U21-T21 -> -1.2511002 | W21: =+([5]창원!$L$80+[5]창원!$L$85)/1000 -> 1.2511002 | Y21: =+G21-K21-O21-S21-W21 -> -1.9584334e-13 | Z21: =+Y21*1000000 -> -1.9584334e-07
D22: 대구 | E22: =+[5]대구!$H$86/1000 -> 284.59643 | F22: =+[5]대구!$I$86/1000 -> 166.75688 | G22: =+F22-E22 -> -117.83955 | H22: =+[5]대구!$T$5/1000 -> 16.5 | I22: =+[5]대구!$U$5/1000 -> 15.449 | J22: =+I22-H22 -> -1.051 | K22: =+[5]대구!$M$86/1000 -> -21.248408 | L22: =+[5]대구!$Q$85 -> 97760 | M22: =+[5]대구!$R$85 -> 96152.842 | N22: =+M22-L22 -> -1607.1584 | O22: =+[5]대구!$K$86/1000 -> -24.82899 | P22: =+[5]대구!$Q$50 -> 77542.676 | Q22: =+[5]대구!$R$50 -> 81999.789 | R22: =+Q22-P22 -> 4457.1134 | S22: =+[5]대구!$L$56/1000 -> -68.857921 | T22: =+([5]대구!$H$80+[5]대구!$H$85)/1000 -> 48.989415 | U22: =+([5]대구!$I$80+[5]대구!$I$85)/1000 -> 51.893646 | V22: =+U22-T22 -> 2.9042305 | W22: =+([5]대구!$L$80+[5]대구!$L$85)/1000 -> -2.9042305 | Y22: =+G22-K22-O22-S22-W22 -> -1.1057821e-13 | Z22: =+Y22*1000000 -> -1.1057821e-07
D23: 울산 | E23: =+[5]울산!$H$86/1000 -> 120.14689 | F23: =+[5]울산!$I$86/1000 -> 169.85775 | G23: =+F23-E23 -> 49.710856 | H23: =+[5]울산!$T$5/1000 -> 12 | I23: =+[5]울산!$U$5/1000 -> 12.988 | J23: =+I23-H23 -> 0.988 | K23: =+[5]울산!$M$86/1000 -> 13.04924 | L23: =+[5]울산!$Q$85 -> 101254.83 | M23: =+[5]울산!$R$85 -> 108366.59 | N23: =+M23-L23 -> 7111.7589 | O23: =+[5]울산!$K$86/1000 -> 92.367525 | P23: =+[5]울산!$Q$50 -> 88047.1 | Q23: =+[5]울산!$R$50 -> 91084.406 | R23: =+Q23-P23 -> 3037.3054 | S23: =+[5]울산!$L$56/1000 -> -39.448483 | T23: =+([5]울산!$H$80+[5]울산!$H$85)/1000 -> 38.345903 | U23: =+([5]울산!$I$80+[5]울산!$I$85)/1000 -> 54.603329 | V23: =+U23-T23 -> 16.257426 | W23: =+([5]울산!$L$80+[5]울산!$L$85)/1000 -> -16.257426 | Y23: =+G23-K23-O23-S23-W23 -> 4.156675e-13 | Z23: =+Y23*1000000 -> 4.156675e-07
D24: 아산 | E24: =+[5]아산!$H$86/1000 -> 446.17527 | F24: =+[5]아산!$I$86/1000 -> 245.55114 | G24: =+F24-E24 -> -200.62413 | H24: =+[5]아산!$T$5/1000 -> 28 | I24: =+[5]아산!$U$5/1000 -> 27.751 | J24: =+I24-H24 -> -0.249 | K24: =+[5]아산!$M$86/1000 -> -10.059631 | L24: =+[5]아산!$Q$85 -> 101000.54 | M24: =+[5]아산!$R$85 -> 100993.94 | N24: =+M24-L24 -> -6.5924148 | O24: =+[5]아산!$K$86/1000 -> -0.18009818 | P24: =+[5]아산!$Q$50 -> 82422.517 | Q24: =+[5]아산!$R$50 -> 88723.581 | R24: =+Q24-P24 -> 6301.0638 | S24: =+[5]아산!$L$56/1000 -> -172.53118 | T24: =+([5]아산!$H$80+[5]아산!$H$85)/1000 -> 74.009251 | U24: =+([5]아산!$I$80+[5]아산!$I$85)/1000 -> 91.86248 | V24: =+U24-T24 -> 17.853229 | W24: =+([5]아산!$L$80+[5]아산!$L$85)/1000 -> -17.853229 | Y24: =+G24-K24-O24-S24-W24 -> 7.1054274e-14 | Z24: =+Y24*1000000 -> 7.1054274e-08
D25: 전주 | E25: =+[5]전주!$H$86/1000 -> 204.11101 | F25: =+[5]전주!$I$86/1000 -> 64.246477 | G25: =+F25-E25 -> -139.86453 | H25: =+[5]전주!$T$5/1000 -> 12 | I25: =+[5]전주!$U$5/1000 -> 9.1185 | J25: =+I25-H25 -> -2.8815 | K25: =+[5]전주!$M$86/1000 -> -61.202681 | L25: =+[5]전주!$Q$85 -> 101796.6 | M25: =+[5]전주!$R$85 -> 99117.984 | N25: =+M25-L25 -> -2678.6213 | O25: =+[5]전주!$K$86/1000 -> -24.335274 | P25: =+[5]전주!$Q$50 -> 80789.51 | Q25: =+[5]전주!$R$50 -> 86640.91 | R25: =+Q25-P25 -> 5851.3999 | S25: =+[5]전주!$L$56/1000 -> -53.159969 | T25: =+([5]전주!$H$80+[5]전주!$H$85)/1000 -> 47.974133 | U25: =+([5]전주!$I$80+[5]전주!$I$85)/1000 -> 49.140736 | V25: =+U25-T25 -> 1.1666033 | W25: =+([5]전주!$L$80+[5]전주!$L$85)/1000 -> -1.1666033 | Y25: =+G25-K25-O25-S25-W25 -> 8.0602192e-14 | Z25: =+Y25*1000000 -> 8.0602192e-08
D26: 군산 | E26: =+[5]군산!$H$86/1000 -> 193.41126 | F26: =+[5]군산!$I$86/1000 -> 153.19348 | G26: =+F26-E26 -> -40.217787 | H26: =+[5]군산!$T$5/1000 -> 7 | I26: =+[5]군산!$U$5/1000 -> 7.147 | J26: =+I26-H26 -> 0.147 | K26: =+[5]군산!$M$86/1000 -> 4.4848931 | L26: =+[5]군산!$Q$85 -> 108999.86 | M26: =+[5]군산!$R$85 -> 107026.4 | N26: =+M26-L26 -> -1973.4586 | O26: =+[5]군산!$K$86/1000 -> -14.104309 | P26: =+[5]군산!$Q$50 -> 78490.384 | Q26: =+[5]군산!$R$50 -> 82505.332 | R26: =+Q26-P26 -> 4014.9477 | S26: =+[5]군산!$L$56/1000 -> -28.694826 | T26: =+([5]군산!$H$80+[5]군산!$H$85)/1000 -> 20.155075 | U26: =+([5]군산!$I$80+[5]군산!$I$85)/1000 -> 22.05862 | V26: =+U26-T26 -> 1.9035451 | W26: =+([5]군산!$L$80+[5]군산!$L$85)/1000 -> -1.9035451 | Y26: =+G26-K26-O26-S26-W26 -> 8.9039887e-14 | Z26: =+Y26*1000000 -> 8.9039887e-08
D27: 원주 | E27: =+[5]원주!$H$86/1000 -> 96.951877 | F27: =+[5]원주!$I$86/1000 -> 96.375569 | G27: =+F27-E27 -> -0.57630801 | H27: =+[5]원주!$T$5/1000 -> 5 | I27: =+[5]원주!$U$5/1000 -> 4.554 | J27: =+I27-H27 -> -0.446 | K27: =+[5]원주!$M$86/1000 -> -10.004449 | L27: =+[5]원주!$Q$85 -> 107900 | M27: =+[5]원주!$R$85 -> 114496.03 | N27: =+M27-L27 -> 6596.0255 | O27: =+[5]원주!$K$86/1000 -> 30.0383 | P27: =+[5]원주!$Q$50 -> 85468.5 | Q27: =+[5]원주!$R$50 -> 89371.995 | R27: =+Q27-P27 -> 3903.4949 | S27: =+[5]원주!$L$56/1000 -> -18.47941 | T27: =+([5]원주!$H$80+[5]원주!$H$85)/1000 -> 15.205623 | U27: =+([5]원주!$I$80+[5]원주!$I$85)/1000 -> 17.336372 | V27: =+U27-T27 -> 2.1307493 | W27: =+([5]원주!$L$80+[5]원주!$L$85)/1000 -> -2.1307493 | Y27: =+G27-K27-O27-S27-W27 -> -1.110223e-14 | Z27: =+Y27*1000000 -> -1.110223e-08
D28: 제주 | E28: =+[5]제주!$H$86/1000 -> 165.25927 | F28: =+[5]제주!$I$86/1000 -> -11.658004 | G28: =+F28-E28 -> -176.91727 | H28: =+[5]제주!$T$5/1000 -> 7 | I28: =+[5]제주!$U$5/1000 -> 2.901 | J28: =+I28-H28 -> -4.099 | K28: =+[5]제주!$M$86/1000 -> -111.16116 | L28: =+[5]제주!$Q$85 -> 126800 | M28: =+[5]제주!$R$85 -> 120976.02 | N28: =+M28-L28 -> -5823.9797 | O28: =+[5]제주!$K$86/1000 -> -16.895365 | P28: =+[5]제주!$Q$50 -> 99680.908 | Q28: =+[5]제주!$R$50 -> 115620.5 | R28: =+Q28-P28 -> 15939.597 | S28: =+[5]제주!$L$56/1000 -> -46.243186 | T28: =+([5]제주!$H$80+[5]제주!$H$85)/1000 -> 24.574374 | U28: =+([5]제주!$I$80+[5]제주!$I$85)/1000 -> 27.191938 | V28: =+U28-T28 -> 2.6175639 | W28: =+([5]제주!$L$80+[5]제주!$L$85)/1000 -> -2.6175639 | Y28: =+G28-K28-O28-S28-W28 -> 5.6843419e-14 | Z28: =+Y28*1000000 -> 5.6843419e-08

Sheet 공헌이익
D4: □ 레미콘 단위당 공헌이익(2024-11)
V5: [단위 : 원/㎥]
A6: 2024년 11월 마감 손익 | D6: 구분 | E6: 판매단가 | H6: 재료비 | K6: 운반비 | N6: 유류비 | Q6: 변동비 계 | T6: 공헌이익
E7: 계획 | F7: 실적 | G7: 차이 | H7: 계획 | I7: 실적 | J7: 차이 | K7: 계획 | L7: 실적 | M7: 차이 | N7: 계획 | O7: 실적 | P7: 차이 | Q7: 계획 | R7: 실적 | S7: 차이 | T7: 계획 | U7: 실적 | V7: 차이
D8: 평균 | E8: =+[5]합계!$Q$85 -> 103034.7 | F8: =+[5]합계!$R$85 -> 100000.5 | G8: =+F8-E8 -> -3034.1988 | H8: =+[5]합계!$Q$20 -> 59338.812 | I8: =+[5]합계!$R$20 -> 62040.729 | J8: =+I8-H8 -> 2701.9171 | K8: =+[5]합계!$Q$21 -> 17952.932 | L8: =+[5]합계!$R$21 -> 18733.736 | M8: =+L8-K8 -> 780.80394 | N8: =+[5]합계!$Q$22 -> 208.95312 | O8: =+[5]합계!$R$22 -> 268.10115 | P8: =+O8-N8 -> 59.148023 | Q8: =H8+K8+N8 -> 77500.697 | R8: =I8+L8+O8 -> 81042.566 | S8: =+R8-Q8 -> 3541.8691 | T8: =+E8-Q8 -> 25534 | U8: =+F8-R8 -> 18957.932 | V8: =+U8-T8 -> -6576.0679
D9: 수도권 | E9: =+[5]수도권!$Q$85 -> 102195.91 | F9: =+[5]수도권!$R$85 -> 97363.141 | G9: =+F9-E9 -> -4832.77 | H9: =+[5]수도권!$Q$20 -> 61335.701 | I9: =+[5]수도권!$R$20 -> 63813.74 | J9: =+I9-H9 -> 2478.039 | K9: =+[5]수도권!$Q$21 -> 17618.729 | L9: =+[5]수도권!$R$21 -> 19185.245 | M9: =+L9-K9 -> 1566.5159 | N9: =+[5]수도권!$Q$22 -> 243.58025 | O9: =+[5]수도권!$R$22 -> 204.08513 | P9: =+O9-N9 -> -39.49512 | Q9: =H9+K9+N9 -> 79198.011 | R9: =I9+L9+O9 -> 83203.071 | S9: =+R9-Q9 -> 4005.0598 | T9: =+E9-Q9 -> 22997.9 | U9: =+F9-R9 -> 14160.07 | V9: =+U9-T9 -> -8837.8297
D10: 영남권 | E10: =+[5]영남권!$Q$85 -> 102613.81 | F10: =+[5]영남권!$R$85 -> 100718.16 | G10: =+F10-E10 -> -1895.651 | H10: =+[5]영남권!$Q$20 -> 57866.356 | I10: =+[5]영남권!$R$20 -> 60375.037 | J10: =+I10-H10 -> 2508.6809 | K10: =+[5]영남권!$Q$21 -> 18114.903 | L10: =+[5]영남권!$R$21 -> 18761.996 | M10: =+L10-K10 -> 647.09355 | N10: =+[5]영남권!$Q$22 -> 172.90323 | O10: =+[5]영남권!$R$22 -> 353.23044 | P10: =+O10-N10 -> 180.32721 | Q10: =H10+K10+N10 -> 76154.162 | R10: =I10+L10+O10 -> 79490.263 | S10: =+R10-Q10 -> 3336.1016 | T10: =+E10-Q10 -> 26459.648 | U10: =+F10-R10 -> 21227.896 | V10: =+U10-T10 -> -5231.7527
D11: 기타권 | E11: =+[5]중부권!$Q$85 -> 105757.17 | F11: =+[5]중부권!$R$85 -> 103847.09 | G11: =+F11-E11 -> -1910.0887 | H11: =+[5]중부권!$Q$20 -> 58708.057 | I11: =+[5]중부권!$R$20 -> 62334.19 | J11: =+I11-H11 -> 3626.1331 | K11: =+[5]중부권!$Q$21 -> 18258.197 | L11: =+[5]중부권!$R$21 -> 17715.301 | M11: =+L11-K11 -> -542.89608 | N11: =+[5]중부권!$Q$22 -> 222.88136 | O11: =+[5]중부권!$R$22 -> 197.13027 | P11: =+O11-N11 -> -25.751082 | Q11: =H11+K11+N11 -> 77189.135 | R11: =I11+L11+O11 -> 80246.621 | S11: =+R11-Q11 -> 3057.4859 | T11: =+E11-Q11 -> 28568.039 | U11: =+F11-R11 -> 23600.464 | V11: =+U11-T11 -> -4967.5746
D12: 안양 | E12: =+[5]안양!$Q$85 -> 101706.44 | F12: =+[5]안양!$R$85 -> 98187.636 | G12: =+F12-E12 -> -3518.8013 | H12: =+[5]안양!$Q$20 -> 63006.269 | I12: =+[5]안양!$R$20 -> 64987.403 | J12: =+I12-H12 -> 1981.1336 | K12: =+[5]안양!$Q$21 -> 17101.777 | L12: =+[5]안양!$R$21 -> 17854.644 | M12: =+L12-K12 -> 752.867 | N12: =+[5]안양!$Q$22 -> 177.77778 | O12: =+[5]안양!$R$22 -> 188.54101 | P12: =+O12-N12 -> 10.763234 | Q12: =H12+K12+N12 -> 80285.824 | R12: =I12+L12+O12 -> 83030.588 | S12: =+R12-Q12 -> 2744.7638 | T12: =+E12-Q12 -> 21420.613 | U12: =+F12-R12 -> 15157.048 | V12: =+U12-T12 -> -6263.5651
D13: 인천 | E13: =+[5]인천!$Q$85 -> 106683.99 | F13: =+[5]인천!$R$85 -> 98532.601 | G13: =+F13-E13 -> -8151.3857 | H13: =+[5]인천!$Q$20 -> 63489.136 | I13: =+[5]인천!$R$20 -> 65109.775 | J13: =+I13-H13 -> 1620.6388 | K13: =+[5]인천!$Q$21 -> 17606.451 | L13: =+[5]인천!$R$21 -> 20397.632 | M13: =+L13-K13 -> 2791.1814 | N13: =+[5]인천!$Q$22 -> 366.66667 | O13: =+[5]인천!$R$22 -> 333.89053 | P13: =+O13-N13 -> -32.776132 | Q13: =H13+K13+N13 -> 81462.254 | R13: =I13+L13+O13 -> 85841.298 | S13: =+R13-Q13 -> 4379.0441 | T13: =+E13-Q13 -> 25221.732 | U13: =+F13-R13 -> 12691.303 | V13: =+U13-T13 -> -12530.43
D14: 파주 | E14: =+[5]파주!$Q$85 -> 100383.19 | F14: =+[5]파주!$R$85 -> 95512.912 | G14: =+F14-E14 -> -4870.2824 | H14: =+[5]파주!$Q$20 -> 59980.369 | I14: =+[5]파주!$R$20 -> 62743.218 | J14: =+I14-H14 -> 2762.8491 | K14: =+[5]파주!$Q$21 -> 18464.375 | L14: =+[5]파주!$R$21 -> 19033.992 | M14: =+L14-K14 -> 569.61755 | N14: =+[5]파주!$Q$22 -> 202.5 | O14: =+[5]파주!$R$22 -> 165.35195 | P14: =+O14-N14 -> -37.148053 | Q14: =H14+K14+N14 -> 78647.244 | R14: =I14+L14+O14 -> 81942.563 | S14: =+R14-Q14 -> 3295.3186 | T14: =+E14-Q14 -> 21735.95 | U14: =+F14-R14 -> 13570.349 | V14: =+U14-T14 -> -8165.601
D15: 김포 | E15: =+[5]김포!$Q$85 -> 96604.371 | F15: =+[5]김포!$R$85 -> 95901.216 | G15: =+F15-E15 -> -703.15577 | H15: =+[5]김포!$Q$20 -> 54391.325 | I15: =+[5]김포!$R$20 -> 60331.604 | J15: =+I15-H15 -> 5940.2791 | K15: =+[5]김포!$Q$21 -> 17861.874 | L15: =+[5]김포!$R$21 -> 20289.222 | M15: =+L15-K15 -> 2427.349 | N15: =+[5]김포!$Q$22 -> 213.57143 | O15: =+[5]김포!$R$22 -> 65.811638 | P15: =+O15-N15 -> -147.75979 | Q15: =H15+K15+N15 -> 72466.77 | R15: =I15+L15+O15 -> 80686.638 | S15: =+R15-Q15 -> 8219.8682 | T15: =+E15-Q15 -> 24137.601 | U15: =+F15-R15 -> 15214.577 | V15: =+U15-T15 -> -8923.024
D16: 부산 | E16: =+[5]부산!$Q$85 -> 107599.84 | F16: =+[5]부산!$R$85 -> 109871.86 | G16: =+F16-E16 -> 2272.0263 | H16: =+[5]부산!$Q$20 -> 59163.707 | I16: =+[5]부산!$R$20 -> 66200.618 | J16: =+I16-H16 -> 7036.9113 | K16: =+[5]부산!$Q$21 -> 19636.118 | L16: =+[5]부산!$R$21 -> 20200.16 | M16: =+L16-K16 -> 564.04166 | N16: =+[5]부산!$Q$22 -> 41.666667 | O16: =+[5]부산!$R$22 -> 0 | P16: =+O16-N16 -> -41.666667 | Q16: =H16+K16+N16 -> 78841.491 | R16: =I16+L16+O16 -> 86400.778 | S16: =+R16-Q16 -> 7559.2863 | T16: =+E16-Q16 -> 28758.345 | U16: =+F16-R16 -> 23471.085 | V16: =+U16-T16 -> -5287.26
D17: 서부산 | E17: =+[5]서부산!$Q$85 -> 104577.06 | F17: =+[5]서부산!$R$85 -> 94504.229 | G17: =+F17-E17 -> -10072.83 | H17: =+[5]서부산!$Q$20 -> 59984.082 | I17: =+[5]서부산!$R$20 -> 58933.836 | J17: =+I17-H17 -> -1050.2459 | K17: =+[5]서부산!$Q$21 -> 16266.59 | L17: =+[5]서부산!$R$21 -> 16982.591 | M17: =+L17-K17 -> 716.00134 | N17: =+[5]서부산!$Q$22 -> 76.923077 | O17: =+[5]서부산!$R$22 -> 1087.2813 | P17: =+O17-N17 -> 1010.3582 | Q17: =H17+K17+N17 -> 76327.595 | R17: =I17+L17+O17 -> 77003.708 | S17: =+R17-Q17 -> 676.11362 | T17: =+E17-Q17 -> 28249.464 | U17: =+F17-R17 -> 17500.521 | V17: =+U17-T17 -> -10748.943
D18: 김해 | E18: =+[5]김해!$Q$85 -> 101000.4 | F18: =+[5]김해!$R$85 -> 96166.498 | G18: =+F18-E18 -> -4833.9015 | H18: =+[5]김해!$Q$20 -> 58587.733 | I18: =+[5]김해!$R$20 -> 57758.778 | J18: =+I18-H18 -> -828.95462 | K18: =+[5]김해!$Q$21 -> 18111.849 | L18: =+[5]김해!$R$21 -> 19179.006 | M18: =+L18-K18 -> 1067.1569 | N18: =+[5]김해!$Q$22 -> 325 | O18: =+[5]김해!$R$22 -> 361.35431 | P18: =+O18-N18 -> 36.354306 | Q18: =H18+K18+N18 -> 77024.582 | R18: =I18+L18+O18 -> 77299.138 | S18: =+R18-Q18 -> 274.55655 | T18: =+E18-Q18 -> 23975.818 | U18: =+F18-R18 -> 18867.36 | V18: =+U18-T18 -> -5108.4581
D19: 정관 | E19: =+[5]정관!$Q$85 -> 104000 | F19: =+[5]정관!$R$85 -> 101189.08 | G19: =+F19-E19 -> -2810.9168 | H19: =+[5]정관!$Q$20 -> 59916.911 | I19: =+[5]정관!$R$20 -> 63415.415 | J19: =+I19-H19 -> 3498.5042 | K19: =+[5]정관!$Q$21 -> 19047.973 | L19: =+[5]정관!$R$21 -> 18955.575 | M19: =+L19-K19 -> -92.397956 | N19: =+[5]정관!$Q$22 -> 236.84211 | O19: =+[5]정관!$R$22 -> 304.66788 | P19: =+O19-N19 -> 67.825779 | Q19: =H19+K19+N19 -> 79201.727 | R19: =I19+L19+O19 -> 82675.659 | S19: =+R19-Q19 -> 3473.932 | T19: =+E19-Q19 -> 24798.273 | U19: =+F19-R19 -> 18513.424 | V19: =+U19-T19 -> -6284.8488
D20: 양산 | E20: =+[5]양산!$Q$85 -> 97210.153 | F20: =+[5]양산!$R$85 -> 100279.61 | G20: =+F20-E20 -> 3069.4599 | H20: =+[5]양산!$Q$20 -> 53997.325 | I20: =+[5]양산!$R$20 -> 57575.672 | J20: =+I20-H20 -> 3578.3476 | K20: =+[5]양산!$Q$21 -> 17632.069 | L20: =+[5]양산!$R$21 -> 19071.517 | M20: =+L20-K20 -> 1439.4482 | N20: =+[5]양산!$Q$22 -> 79.166667 | O20: =+[5]양산!$R$22 -> 59.804999 | P20: =+O20-N20 -> -19.361668 | Q20: =H20+K20+N20 -> 71708.561 | R20: =I20+L20+O20 -> 76706.995 | S20: =+R20-Q20 -> 4998.4341 | T20: =+E20-Q20 -> 25501.592 | U20: =+F20-R20 -> 23572.618 | V20: =+U20-T20 -> -1928.9742
D21: 창원 | E21: =+[5]창원!$Q$85 -> 101787.59 | F21: =+[5]창원!$R$85 -> 98625.289 | G21: =+F21-E21 -> -3162.3044 | H21: =+[5]창원!$Q$20 -> 55782.286 | I21: =+[5]창원!$R$20 -> 58908.72 | J21: =+I21-H21 -> 3126.4342 | K21: =+[5]창원!$Q$21 -> 16798.98 | L21: =+[5]창원!$R$21 -> 16280.671 | M21: =+L21-K21 -> -518.30899 | N21: =+[5]창원!$Q$22 -> 168.75 | O21: =+[5]창원!$R$22 -> 165.89786 | P21: =+O21-N21 -> -2.8521429 | Q21: =H21+K21+N21 -> 72750.016 | R21: =I21+L21+O21 -> 75355.289 | S21: =+R21-Q21 -> 2605.2731 | T21: =+E21-Q21 -> 29037.577 | U21: =+F21-R21 -> 23270 | V21: =+U21-T21 -> -5767.5775
D22: 대구 | E22: =+[5]대구!$Q$85 -> 97760 | F22: =+[5]대구!$R$85 -> 96152.842 | G22: =+F22-E22 -> -1607.1584 | H22: =+[5]대구!$Q$20 -> 53381.872 | I22: =+[5]대구!$R$20 -> 55118.816 | J22: =+I22-H22 -> 1736.9443 | K22: =+[5]대구!$Q$21 -> 17357.698 | L22: =+[5]대구!$R$21 -> 18776.273 | M22: =+L22-K22 -> 1418.5747 | N22: =+[5]대구!$Q$22 -> 321.21212 | O22: =+[5]대구!$R$22 -> 257.56457 | P22: =+O22-N22 -> -63.647554 | Q22: =H22+K22+N22 -> 71060.782 | R22: =I22+L22+O22 -> 74152.653 | S22: =+R22-Q22 -> 3091.8714 | T22: =+E22-Q22 -> 26699.218 | U22: =+F22-R22 -> 22000.188 | V22: =+U22-T22 -> -4699.0298
D23: 울산 | E23: =+[5]울산!$Q$85 -> 101254.83 | F23: =+[5]울산!$R$85 -> 108366.59 | G23: =+F23-E23 -> 7111.7589 | H23: =+[5]울산!$Q$20 -> 59408.886 | I23: =+[5]울산!$R$20 -> 62433.118 | J23: =+I23-H23 -> 3024.2315 | K23: =+[5]울산!$Q$21 -> 20881.903 | L23: =+[5]울산!$R$21 -> 21253.378 | M23: =+L23-K23 -> 371.47577 | N23: =+[5]울산!$Q$22 -> 260 | O23: =+[5]울산!$R$22 -> 244.84632 | P23: =+O23-N23 -> -15.15368 | Q23: =H23+K23+N23 -> 80550.789 | R23: =I23+L23+O23 -> 83931.342 | S23: =+R23-Q23 -> 3380.5536 | T23: =+E23-Q23 -> 20704.045 | U23: =+F23-R23 -> 24435.25 | V23: =+U23-T23 -> 3731.2053
D24: 아산 | E24: =+[5]아산!$Q$85 -> 101000.54 | F24: =+[5]아산!$R$85 -> 100993.94 | G24: =+F24-E24 -> -6.5924148 | H24: =+[5]아산!$Q$20 -> 56318.92 | I24: =+[5]아산!$R$20 -> 63066.787 | J24: =+I24-H24 -> 6747.8671 | K24: =+[5]아산!$Q$21 -> 20999.144 | L24: =+[5]아산!$R$21 -> 19565.305 | M24: =+L24-K24 -> -1433.8393 | N24: =+[5]아산!$Q$22 -> 250 | O24: =+[5]아산!$R$22 -> 187.62938 | P24: =+O24-N24 -> -62.370622 | Q24: =H24+K24+N24 -> 77568.064 | R24: =I24+L24+O24 -> 82819.722 | S24: =+R24-Q24 -> 5251.6572 | T24: =+E24-Q24 -> 23432.471 | U24: =+F24-R24 -> 18174.222 | V24: =+U24-T24 -> -5258.2496
D25: 전주 | E25: =+[5]전주!$Q$85 -> 101796.6 | F25: =+[5]전주!$R$85 -> 99117.984 | G25: =+F25-E25 -> -2678.6213 | H25: =+[5]전주!$Q$20 -> 56590.999 | I25: =+[5]전주!$R$20 -> 59384.648 | J25: =+I25-H25 -> 2793.6494 | K25: =+[5]전주!$Q$21 -> 16654.476 | L25: =+[5]전주!$R$21 -> 17245.516 | M25: =+L25-K25 -> 591.03946 | N25: =+[5]전주!$Q$22 -> 250 | O25: =+[5]전주!$R$22 -> 235.01948 | P25: =+O25-N25 -> -14.980517 | Q25: =H25+K25+N25 -> 73495.475 | R25: =I25+L25+O25 -> 76865.183 | S25: =+R25-Q25 -> 3369.7083 | T25: =+E25-Q25 -> 28301.13 | U25: =+F25-R25 -> 22252.801 | V25: =+U25-T25 -> -6048.3296
D26: 군산 | E26: =+[5]군산!$Q$85 -> 108999.86 | F26: =+[5]군산!$R$85 -> 107026.4 | G26: =+F26-E26 -> -1973.4586 | H26: =+[5]군산!$Q$20 -> 57668.867 | I26: =+[5]군산!$R$20 -> 59604.926 | J26: =+I26-H26 -> 1936.0593 | K26: =+[5]군산!$Q$21 -> 13151.58 | L26: =+[5]군산!$R$21 -> 13738.992 | M26: =+L26-K26 -> 587.4117 | N26: =+[5]군산!$Q$22 -> 64.285714 | O26: =+[5]군산!$R$22 -> 66.031062 | P26: =+O26-N26 -> 1.7453477 | Q26: =H26+K26+N26 -> 70884.733 | R26: =I26+L26+O26 -> 73409.949 | S26: =+R26-Q26 -> 2525.2163 | T26: =+E26-Q26 -> 38115.129 | U26: =+F26-R26 -> 33616.454 | V26: =+U26-T26 -> -4498.6749
D27: 원주 | E27: =+[5]원주!$Q$85 -> 107900 | F27: =+[5]원주!$R$85 -> 114496.03 | G27: =+F27-E27 -> 6596.0255 | H27: =+[5]원주!$Q$20 -> 56392.704 | I27: =+[5]원주!$R$20 -> 60708.869 | J27: =+I27-H27 -> 4316.165 | K27: =+[5]원주!$Q$21 -> 16191.588 | L27: =+[5]원주!$R$21 -> 13902.913 | M27: =+L27-K27 -> -2288.6754 | N27: =+[5]원주!$Q$22 -> 540 | O27: =+[5]원주!$R$22 -> 334.65173 | P27: =+O27-N27 -> -205.34827 | Q27: =H27+K27+N27 -> 73124.293 | R27: =I27+L27+O27 -> 74946.434 | S27: =+R27-Q27 -> 1822.1414 | T27: =+E27-Q27 -> 34775.707 | U27: =+F27-R27 -> 39549.592 | V27: =+U27-T27 -> 4773.8841
D28: 제주 | E28: =+[5]제주!$Q$85 -> 126800 | F28: =+[5]제주!$R$85 -> 120976.02 | G28: =+F28-E28 -> -5823.9797 | H28: =+[5]제주!$Q$20 -> 74586.862 | I28: =+[5]제주!$R$20 -> 73896.084 | J28: =+I28-H28 -> -690.77737 | K28: =+[5]제주!$Q$21 -> 16626.41 | L28: =+[5]제주!$R$21 -> 17506.826 | M28: =+L28-K28 -> 880.41586 | N28: =+[5]제주!$Q$22 -> 0 | O28: =+[5]제주!$R$22 -> 275.00447 | P28: =+O28-N28 -> 275.00447 | Q28: =H28+K28+N28 -> 91213.272 | R28: =I28+L28+O28 -> 91677.915 | S28: =+R28-Q28 -> 464.64296 | T28: =+E28-Q28 -> 35586.728 | U28: =+F28-R28 -> 29298.106 | V28: =+U28-T28 -> -6288.6226

Sheet 재료비단가
D4: □ 2024년 레미콘 원재료단가(2024-11)
A6: 2024년 11월 마감 손익 | D6: 구분 | E6: OPC (원/톤) | H6: SC (원/톤) | K6: SP (원/톤) | N6: FA (원/톤) | Q6: 자갈 (원/톤) | T6: 모래 (원/톤)
E7: 계획 | F7: 실적 | G7: 차이 | H7: 계획 | I7: 실적 | J7: 차이 | K7: 계획 | L7: 실적 | M7: 차이 | N7: 계획 | O7: 실적 | P7: 차이 | Q7: 계획 | R7: 실적 | S7: 차이 | T7: 계획 | U7: 실적 | V7: 차이
D8: 평균 | E8: =+[5]합계!$G$9 -> 100494.46 | F8: =+[5]합계!$H$9 -> 100141.16 | G8: =+F8-E8 -> -353.30449 | H8: =+[5]합계!$G$10 -> 91063.875 | I8: =+[5]합계!$H$10 -> 95485.68 | J8: =+I8-H8 -> 4421.8056 | K8: =+[5]합계!$G$12 -> 64150.871 | L8: =+[5]합계!$H$12 -> 63334.889 | M8: =+L8-K8 -> -815.98252 | N8: =+[5]합계!$G$13 -> 39734.068 | O8: =+[5]합계!$H$13 -> 40397.902 | P8: =+O8-N8 -> 663.8338 | Q8: =+[5]합계!$G$16 -> 12735.33 | R8: =+[5]합계!$H$16 -> 13114.965 | S8: =+R8-Q8 -> 379.63497 | T8: =+[5]합계!$G$17 -> 15912.673 | U8: =+[5]합계!$H$17 -> 15570.293 | V8: =+U8-T8 -> -342.37973
D9: 수도권 | E9: =+[5]수도권!$G$9 -> 100000 | F9: =+[5]수도권!$H$9 -> 99864.427 | G9: =+F9-E9 -> -135.57301 | H9: =+[5]수도권!$G$10 -> 93593.269 | I9: =+[5]수도권!$H$10 -> 101187.64 | J9: =+I9-H9 -> 7594.3755 | K9: =+[5]수도권!$G$12 -> 64326.831 | L9: =+[5]수도권!$H$12 -> 64163.707 | M9: =+L9-K9 -> -163.12458 | N9: =+[5]수도권!$G$13 -> 45187.595 | O9: =+[5]수도권!$H$13 -> 46224.673 | P9: =+O9-N9 -> 1037.0779 | Q9: =+[5]수도권!$G$16 -> 15353.168 | R9: =+[5]수도권!$H$16 -> 15677.132 | S9: =+R9-Q9 -> 323.96398 | T9: =+[5]수도권!$G$17 -> 14822.141 | U9: =+[5]수도권!$H$17 -> 14154.194 | V9: =+U9-T9 -> -667.94701
D10: 영남권 | E10: =+[5]영남권!$G$9 -> 100000 | F10: =+[5]영남권!$H$9 -> 99996.819 | G10: =+F10-E10 -> -3.1805543 | H10: =+[5]영남권!$G$10 -> 92100 | I10: =+[5]영남권!$H$10 -> 93904.471 | J10: =+I10-H10 -> 1804.4714 | K10: =+[5]영남권!$G$12 -> 63857.594 | L10: =+[5]영남권!$H$12 -> 62350.068 | M10: =+L10-K10 -> -1507.526 | N10: =+[5]영남권!$G$13 -> 35478.736 | O10: =+[5]영남권!$H$13 -> 35545.242 | P10: =+O10-N10 -> 66.506133 | Q10: =+[5]영남권!$G$16 -> 10390.191 | R10: =+[5]영남권!$H$16 -> 10939.336 | S10: =+R10-Q10 -> 549.14514 | T10: =+[5]영남권!$G$17 -> 17390.378 | U10: =+[5]영남권!$H$17 -> 17291.492 | V10: =+U10-T10 -> -98.885703
D11: 기타권 | E11: =+[5]중부권!$G$9 -> 102661.91 | F11: =+[5]중부권!$H$9 -> 100957.42 | G11: =+F11-E11 -> -1704.4976 | H11: =+[5]중부권!$G$10 -> 87262.475 | I11: =+[5]중부권!$H$10 -> 97025.201 | J11: =+I11-H11 -> 9762.7262 | K11: =+[5]중부권!$G$12 -> 64632.997 | L11: =+[5]중부권!$H$12 -> 64593.049 | M11: =+L11-K11 -> -39.947727 | N11: =+[5]중부권!$G$13 -> 41637.944 | O11: =+[5]중부권!$H$13 -> 42061.494 | P11: =+O11-N11 -> 423.55002 | Q11: =+[5]중부권!$G$16 -> 12546.323 | R11: =+[5]중부권!$H$16 -> 12523.881 | S11: =+R11-Q11 -> -22.441827 | T11: =+[5]중부권!$G$17 -> 14601.902 | U11: =+[5]중부권!$H$17 -> 14266.994 | V11: =+U11-T11 -> -334.90746
D12: 안양 | E12: =+[5]안양!$G$9 -> 100000 | F12: =+[5]안양!$H$9 -> 99708.948 | G12: =+F12-E12 -> -291.05235 | H12: =+[5]안양!$G$10 -> 87100 | I12: =+[5]안양!$H$10 -> 102200 | J12: =+I12-H12 -> 15100.004 | K12: =+[5]안양!$G$12 -> 64000 | L12: =+[5]안양!$H$12 -> 64099.565 | M12: =+L12-K12 -> 99.56481 | N12: =+[5]안양!$G$13 -> 45000 | O12: =+[5]안양!$H$13 -> 45855.376 | P12: =+O12-N12 -> 855.37598 | Q12: =+[5]안양!$G$16 -> 15333.333 | R12: =+[5]안양!$H$16 -> 15979.679 | S12: =+R12-Q12 -> 646.3457 | T12: =+[5]안양!$G$17 -> 15161.29 | U12: =+[5]안양!$H$17 -> 15269.994 | V12: =+U12-T12 -> 108.70363
D13: 인천 | E13: =+[5]인천!$G$9 -> 100000 | F13: =+[5]인천!$H$9 -> 99902.972 | G13: =+F13-E13 -> -97.027995 | H13: =+[5]인천!$G$10 -> 99500 | I13: =+[5]인천!$H$10 -> 100982.58 | J13: =+I13-H13 -> 1482.5805 | K13: =+[5]인천!$G$12 -> 64500 | L13: =+[5]인천!$H$12 -> 64495.103 | M13: =+L13-K13 -> -4.896574 | N13: =+[5]인천!$G$13 -> 45000 | O13: =+[5]인천!$H$13 -> 46075.012 | P13: =+O13-N13 -> 1075.0118 | Q13: =+[5]인천!$G$16 -> 15733.333 | R13: =+[5]인천!$H$16 -> 15596.893 | S13: =+R13-Q13 -> -136.44081 | T13: =+[5]인천!$G$17 -> 15503.989 | U13: =+[5]인천!$H$17 -> 14141.553 | V13: =+U13-T13 -> -1362.4351
D14: 파주 | E14: =+[5]파주!$G$9 -> 100000 | F14: =+[5]파주!$H$9 -> 100000 | G14: =+F14-E14 -> -0.00043140879 | H14: =+[5]파주!$G$10 -> 0 | I14: =+[5]파주!$H$10 -> 101196.25 | J14: =+I14-H14 -> 101196.25 | K14: =+[5]파주!$G$12 -> 64500 | L14: =+[5]파주!$H$12 -> 63901.286 | M14: =+L14-K14 -> -598.71416 | N14: =+[5]파주!$G$13 -> 45000 | O14: =+[5]파주!$H$13 -> 47392.56 | P14: =+O14-N14 -> 2392.5597 | Q14: =+[5]파주!$G$16 -> 15266.667 | R14: =+[5]파주!$H$16 -> 16099.098 | S14: =+R14-Q14 -> 832.43146 | T14: =+[5]파주!$G$17 -> 13419.355 | U14: =+[5]파주!$H$17 -> 12418.434 | V14: =+U14-T14 -> -1000.9211
D15: 김포 | E15: =+[5]김포!$G$9 -> 100000 | F15: =+[5]김포!$H$9 -> 100000 | G15: =+F15-E15 -> 0 | H15: =+[5]김포!$G$10 -> 0 | I15: =+[5]김포!$H$10 -> 0 | J15: =+I15-H15 -> 0 | K15: =+[5]김포!$G$12 -> 64300 | L15: =+[5]김포!$H$12 -> 63855.085 | M15: =+L15-K15 -> -444.91463 | N15: =+[5]김포!$G$13 -> 46000 | O15: =+[5]김포!$H$13 -> 46085.863 | P15: =+O15-N15 -> 85.863327 | Q15: =+[5]김포!$G$16 -> 14666.667 | R15: =+[5]김포!$H$16 -> 14612.731 | S15: =+R15-Q15 -> -53.935826 | T15: =+[5]김포!$G$17 -> 14465.781 | U15: =+[5]김포!$H$17 -> 14218.814 | V15: =+U15-T15 -> -246.96623
D16: 부산 | E16: =+[5]부산!$G$9 -> 100000 | F16: =+[5]부산!$H$9 -> 100000.07 | G16: =+F16-E16 -> 0.067004602 | H16: =+[5]부산!$G$10 -> 92100 | I16: =+[5]부산!$H$10 -> 92398.527 | J16: =+I16-H16 -> 298.52681 | K16: =+[5]부산!$G$12 -> 65000 | L16: =+[5]부산!$H$12 -> 0 | M16: =+L16-K16 -> -65000 | N16: =+[5]부산!$G$13 -> 36500 | O16: =+[5]부산!$H$13 -> 36499.994 | P16: =+O16-N16 -> -0.0058537908 | Q16: =+[5]부산!$G$16 -> 10736.513 | R16: =+[5]부산!$H$16 -> 11894.618 | S16: =+R16-Q16 -> 1158.1049 | T16: =+[5]부산!$G$17 -> 17412.56 | U16: =+[5]부산!$H$17 -> 18307.371 | V16: =+U16-T16 -> 894.81071
D17: 서부산 | E17: =+[5]서부산!$G$9 -> 100000 | F17: =+[5]서부산!$H$9 -> 100003.22 | G17: =+F17-E17 -> 3.220012 | H17: =+[5]서부산!$G$10 -> 92100 | I17: =+[5]서부산!$H$10 -> 92100.031 | J17: =+I17-H17 -> 0.030514776 | K17: =+[5]서부산!$G$12 -> 65000 | L17: =+[5]서부산!$H$12 -> 64282.697 | M17: =+L17-K17 -> -717.30343 | N17: =+[5]서부산!$G$13 -> 35200 | O17: =+[5]서부산!$H$13 -> 35372.015 | P17: =+O17-N17 -> 172.0148 | Q17: =+[5]서부산!$G$16 -> 10666.667 | R17: =+[5]서부산!$H$16 -> 10682.225 | S17: =+R17-Q17 -> 15.558006 | T17: =+[5]서부산!$G$17 -> 17671.323 | U17: =+[5]서부산!$H$17 -> 17724.004 | V17: =+U17-T17 -> 52.680307
D18: 김해 | E18: =+[5]김해!$G$9 -> 100000 | F18: =+[5]김해!$H$9 -> 100000 | G18: =+F18-E18 -> 0.00066371093 | H18: =+[5]김해!$G$10 -> 92100 | I18: =+[5]김해!$H$10 -> 92099.999 | J18: =+I18-H18 -> -0.00055283449 | K18: =+[5]김해!$G$12 -> 64000 | L18: =+[5]김해!$H$12 -> 63418.994 | M18: =+L18-K18 -> -581.00637 | N18: =+[5]김해!$G$13 -> 35000 | O18: =+[5]김해!$H$13 -> 35000 | P18: =+O18-N18 -> -0.00039793226 | Q18: =+[5]김해!$G$16 -> 9426.6667 | R18: =+[5]김해!$H$16 -> 9179.5287 | S18: =+R18-Q18 -> -247.13792 | T18: =+[5]김해!$G$17 -> 17730.479 | U18: =+[5]김해!$H$17 -> 15495.493 | V18: =+U18-T18 -> -2234.9864
D19: 정관 | E19: =+[5]정관!$G$9 -> 100000 | F19: =+[5]정관!$H$9 -> 100002.94 | G19: =+F19-E19 -> 2.9377257 | H19: =+[5]정관!$G$10 -> 92100 | I19: =+[5]정관!$H$10 -> 92099.996 | J19: =+I19-H19 -> -0.0038012179 | K19: =+[5]정관!$G$12 -> 63500 | L19: =+[5]정관!$H$12 -> 62028.602 | M19: =+L19-K19 -> -1471.3981 | N19: =+[5]정관!$G$13 -> 35500 | O19: =+[5]정관!$H$13 -> 35499.996 | P19: =+O19-N19 -> -0.0040952401 | Q19: =+[5]정관!$G$16 -> 10733.333 | R19: =+[5]정관!$H$16 -> 11189.502 | S19: =+R19-Q19 -> 456.16888 | T19: =+[5]정관!$G$17 -> 18315.171 | U19: =+[5]정관!$H$17 -> 18891.313 | V19: =+U19-T19 -> 576.14228
D20: 양산 | E20: =+[5]양산!$G$9 -> 100000 | F20: =+[5]양산!$H$9 -> 99923.672 | G20: =+F20-E20 -> -76.328061 | H20: =+[5]양산!$G$10 -> 92100 | I20: =+[5]양산!$H$10 -> 102200 | J20: =+I20-H20 -> 10100.002 | K20: =+[5]양산!$G$12 -> 63000 | L20: =+[5]양산!$H$12 -> 62155.087 | M20: =+L20-K20 -> -844.91279 | N20: =+[5]양산!$G$13 -> 36000 | O20: =+[5]양산!$H$13 -> 36000.014 | P20: =+O20-N20 -> 0.013969355 | Q20: =+[5]양산!$G$16 -> 9066.6667 | R20: =+[5]양산!$H$16 -> 9483.8636 | S20: =+R20-Q20 -> 417.19692 | T20: =+[5]양산!$G$17 -> 17446.695 | U20: =+[5]양산!$H$17 -> 17292.596 | V20: =+U20-T20 -> -154.09907
D21: 창원 | E21: =+[5]창원!$G$9 -> 100000 | F21: =+[5]창원!$H$9 -> 100000 | G21: =+F21-E21 -> 0.0002849655 | H21: =+[5]창원!$G$10 -> 0 | I21: =+[5]창원!$H$10 -> 0 | J21: =+I21-H21 -> 0 | K21: =+[5]창원!$G$12 -> 65000 | L21: =+[5]창원!$H$12 -> 64222.058 | M21: =+L21-K21 -> -777.94242 | N21: =+[5]창원!$G$13 -> 33000 | O21: =+[5]창원!$H$13 -> 33000.01 | P21: =+O21-N21 -> 0.0097260922 | Q21: =+[5]창원!$G$16 -> 10400 | R21: =+[5]창원!$H$16 -> 11079.97 | S21: =+R21-Q21 -> 679.96976 | T21: =+[5]창원!$G$17 -> 17019.566 | U21: =+[5]창원!$H$17 -> 17007.391 | V21: =+U21-T21 -> -12.175829
D22: 대구 | E22: =+[5]대구!$G$9 -> 100000 | F22: =+[5]대구!$H$9 -> 100000 | G22: =+F22-E22 -> 0 | H22: =+[5]대구!$G$10 -> 0 | I22: =+[5]대구!$H$10 -> 0 | J22: =+I22-H22 -> 0 | K22: =+[5]대구!$G$12 -> 62500 | L22: =+[5]대구!$H$12 -> 61220.305 | M22: =+L22-K22 -> -1279.6949 | N22: =+[5]대구!$G$13 -> 35500 | O22: =+[5]대구!$H$13 -> 35405.448 | P22: =+O22-N22 -> -94.552109 | Q22: =+[5]대구!$G$16 -> 10466.667 | R22: =+[5]대구!$H$16 -> 11130.64 | S22: =+R22-Q22 -> 663.97376 | T22: =+[5]대구!$G$17 -> 14718.131 | U22: =+[5]대구!$H$17 -> 14264.901 | V22: =+U22-T22 -> -453.23051
D23: 울산 | E23: =+[5]울산!$G$9 -> 100000 | F23: =+[5]울산!$H$9 -> 100000.03 | G23: =+F23-E23 -> 0.033344256 | H23: =+[5]울산!$G$10 -> 0 | I23: =+[5]울산!$H$10 -> 0 | J23: =+I23-H23 -> 0 | K23: =+[5]울산!$G$12 -> 61300 | L23: =+[5]울산!$H$12 -> 60203.777 | M23: =+L23-K23 -> -1096.2226 | N23: =+[5]울산!$G$13 -> 37000 | O23: =+[5]울산!$H$13 -> 36999.999 | P23: =+O23-N23 -> -0.0013673318 | Q23: =+[5]울산!$G$16 -> 10913.333 | R23: =+[5]울산!$H$16 -> 11883.902 | S23: =+R23-Q23 -> 970.56899 | T23: =+[5]울산!$G$17 -> 19031.07 | U23: =+[5]울산!$H$17 -> 19458.742 | V23: =+U23-T23 -> 427.67207
D24: 아산 | E24: =+[5]아산!$G$9 -> 100000 | F24: =+[5]아산!$H$9 -> 99956.03 | G24: =+F24-E24 -> -43.970334 | H24: =+[5]아산!$G$10 -> 87100 | I24: =+[5]아산!$H$10 -> 86600.798 | J24: =+I24-H24 -> -499.2024 | K24: =+[5]아산!$G$12 -> 64500 | L24: =+[5]아산!$H$12 -> 64482.778 | M24: =+L24-K24 -> -17.221798 | N24: =+[5]아산!$G$13 -> 42000 | O24: =+[5]아산!$H$13 -> 42184.191 | P24: =+O24-N24 -> 184.19066 | Q24: =+[5]아산!$G$16 -> 10933.333 | R24: =+[5]아산!$H$16 -> 11351.192 | S24: =+R24-Q24 -> 417.85889 | T24: =+[5]아산!$G$17 -> 13742.308 | U24: =+[5]아산!$H$17 -> 13137.421 | V24: =+U24-T24 -> -604.88686
D25: 전주 | E25: =+[5]전주!$G$9 -> 100000 | F25: =+[5]전주!$H$9 -> 99910.002 | G25: =+F25-E25 -> -89.998275 | H25: =+[5]전주!$G$10 -> 0 | I25: =+[5]전주!$H$10 -> 97456.061 | J25: =+I25-H25 -> 97456.061 | K25: =+[5]전주!$G$12 -> 65000 | L25: =+[5]전주!$H$12 -> 65000.014 | M25: =+L25-K25 -> 0.014264748 | N25: =+[5]전주!$G$13 -> 36000 | O25: =+[5]전주!$H$13 -> 35999.958 | P25: =+O25-N25 -> -0.042379719 | Q25: =+[5]전주!$G$16 -> 12533.333 | R25: =+[5]전주!$H$16 -> 12989.614 | S25: =+R25-Q25 -> 456.28036 | T25: =+[5]전주!$G$17 -> 14400.092 | U25: =+[5]전주!$H$17 -> 15120.903 | V25: =+U25-T25 -> 720.81043
D26: 군산 | E26: =+[5]군산!$G$9 -> 100000 | F26: =+[5]군산!$H$9 -> 100000 | G26: =+F26-E26 -> 0 | H26: =+[5]군산!$G$10 -> 95000 | I26: =+[5]군산!$H$10 -> 93172.549 | J26: =+I26-H26 -> -1827.4507 | K26: =+[5]군산!$G$12 -> 64900 | L26: =+[5]군산!$H$12 -> 64873.93 | M26: =+L26-K26 -> -26.069804 | N26: =+[5]군산!$G$13 -> 37500 | O26: =+[5]군산!$H$13 -> 39139.403 | P26: =+O26-N26 -> 1639.4027 | Q26: =+[5]군산!$G$16 -> 13666.667 | R26: =+[5]군산!$H$16 -> 14173.793 | S26: =+R26-Q26 -> 507.12651 | T26: =+[5]군산!$G$17 -> 14837.33 | U26: =+[5]군산!$H$17 -> 15306.234 | V26: =+U26-T26 -> 468.90403
D27: 원주 | E27: =+[5]원주!$G$9 -> 100000 | F27: =+[5]원주!$H$9 -> 100000 | G27: =+F27-E27 -> 0 | H27: =+[5]원주!$G$10 -> 0 | I27: =+[5]원주!$H$10 -> 0 | J27: =+I27-H27 -> 0 | K27: =+[5]원주!$G$12 -> 64000 | L27: =+[5]원주!$H$12 -> 63999.765 | M27: =+L27-K27 -> -0.235219 | N27: =+[5]원주!$G$13 -> 49000 | O27: =+[5]원주!$H$13 -> 49000.007 | P27: =+O27-N27 -> 0.0074686777 | Q27: =+[5]원주!$G$16 -> 13666.667 | R27: =+[5]원주!$H$16 -> 13569.336 | S27: =+R27-Q27 -> -97.33067 | T27: =+[5]원주!$G$17 -> 13419.355 | U27: =+[5]원주!$H$17 -> 13693.557 | V27: =+U27-T27 -> 274.20187
D28: 제주 | E28: =+[5]제주!$G$9 -> 117000 | F28: =+[5]제주!$H$9 -> 116999.99 | G28: =+F28-E28 -> -0.0059864081 | H28: =+[5]제주!$G$10 -> 0 | I28: =+[5]제주!$H$10 -> 0 | J28: =+I28-H28 -> 0 | K28: =+[5]제주!$G$12 -> 0 | L28: =+[5]제주!$H$12 -> 0 | M28: =+L28-K28 -> 0 | N28: =+[5]제주!$G$13 -> 0 | O28: =+[5]제주!$H$13 -> 0 | P28: =+O28-N28 -> 0 | Q28: =+[5]제주!$G$16 -> 18143.333 | R28: =+[5]제주!$H$16 -> 18024.793 | S28: =+R28-Q28 -> -118.54017 | T28: =+[5]제주!$G$17 -> 18359.608 | U28: =+[5]제주!$H$17 -> 18766.126 | V28: =+U28-T28 -> 406.51776

Sheet 원단위
D4: □ 레미콘 원재료 원단위(2024-11)
V5: [단위 : kg/㎥]
A6: 2024년 11월 마감 손익 | D6: 구분 | E6: OPC | H6: 분체류 | K6: 분체류 치환률 | N6: 자갈 | Q6: 모래 | T6: 혼화제
E7: 계획 | F7: 실적 | G7: 차이 | H7: 계획 | I7: 실적 | J7: 차이 | K7: 계획 | L7: 실적 | M7: 차이 | N7: 계획 | O7: 실적 | P7: 차이 | Q7: 계획 | R7: 실적 | S7: 차이 | T7: 계획 | U7: 실적 | V7: 차이
