Workbook

Sheet 표지
A6: 2024년 6월 마감 손익
A24: 건재사업본부

Sheet 손익총괄
C3: □ 건재사업본부 손익실적(2024-06) | Z3: □ 건재부문 실적(6월)
X4: [단위 : 천㎥, 톤, 원/㎥, 원/톤, 백만원] | AK4: (단위 : 천㎥, 천톤, 억원)
C5: 구분 | E5: 6월 | J5: 6월 누계 | P5: 6월 주요지표 | Z5: 구분 | AB5: =+E5 -> 6월 | AG5: =+J5 -> 6월 누계
E6: 계획 | F6: 실적 | G6: 계획대비 | H6: 전년 | I6: 전년대비 | J6: 계획 | K6: 실적 | L6: 계획대비 | M6: 전년 | N6: 전년대비 | AB6: =+E6 -> 계획 | AC6: =+F6 -> 실적 | AD6: =+G6 -> 계획대비 | AE6: =+H6 -> 전년 | AF6: =+I6 -> 전년대비 | AG6: =+J6 -> 계획 | AH6: =+K6 -> 실적 | AI6: =+L6 -> 계획대비 | ... AK6: =+N6 -> 전년대비
A7: =+F7/E7 -> 1.0054488 | B7: =+K7/J7 -> 1.0572228 | C7: 물량 | D7: 레미콘 | E7: =+'[1]6월'!$Z$7/1000 -> 303.5 | F7: =+'[2]6월'!$Z$7/1000 -> 305.1537 | G7: =+F7-E7 -> 1.6537 | H7: =+'[3]6월'!$Z$7/1000 -> 350.082 | I7: =+F7-H7 -> -44.9283 | J7: =+[4]손익총괄!J7+E7 -> 1682 | K7: =+[4]손익총괄!K7+F7 -> 1778.2487 | L7: =+K7-J7 -> 96.2487 | M7: =+[4]손익총괄!M7+H7 -> 1994.131 | N7: =+K7-M7 -> -215.8823 | Q7: □ 레미콘 | Z7: 물량 | AA7: =+D7 -> 레미콘 | AB7: =+E7 -> 303.5 | AC7: =+F7 -> 305.1537 | AD7: =+AC7-AB7 -> 1.6537 | AE7: =+H7 -> 350.082 | AF7: =+AC7-AE7 -> -44.9283 | AG7: =+J7 -> 1682 | AH7: =+K7 -> 1778.2487 | AI7: =+AH7-AG7 -> 96.2487 | AJ7: =+M7 -> 1994.131 | AK7: =+AH7-AJ7 -> -215.8823
D8: 철강재 | E8: =+'[1]6월'!$AA$7 -> 6100 | F8: =+'[2]6월'!$AO$7 -> 7982.061 | G8: =+F8-E8 -> 1882.061 | H8: =+'[3]6월'!$AO$7 -> 7070.5 | I8: =+F8-H8 -> 911.561 | J8: =+[4]손익총괄!J8+E8 -> 41600 | K8: =+[4]손익총괄!K8+F8 -> 48080.048 | L8: =+K8-J8 -> 6480.048 | M8: =+[4]손익총괄!M8+H8 -> 48940.798 | N8: =+K8-M8 -> -860.75 | Q8: 구분 | S8: 계획 | T8: 실적 | U8: 계획대비 | V8: 전년 | W8: 전년대비 | AA8: =+D8 -> 철강재 | AB8: =+E8/1000 -> 6.1 | AC8: =+F8/1000 -> 7.982061 | AD8: =+AC8-AB8 -> 1.882061 | AE8: =+H8/1000 -> 7.0705 | AF8: =+AC8-AE8 -> 0.911561 | AG8: =+J8/1000 -> 41.6 | AH8: =+K8/1000 -> 48.080048 | AI8: =+AH8-AG8 -> 6.480048 | AJ8: =+M8/1000 -> 48.940798 | AK8: =+AH8-AJ8 -> -0.86075
D9: 골재 | E9: =+'[1]6월'!$AE$7/1000 -> 119.4482 | F9: =+'[2]6월'!$AN$7/1000 -> 76.324 | G9: =+F9-E9 -> -43.124199 | H9: =+'[3]6월'!$AN$7/1000 -> 64.573 | I9: =+F9-H9 -> 11.751 | J9: =+[4]손익총괄!J9+E9 -> 499.67197 | K9: =+[4]손익총괄!K9+F9 -> 496.699 | L9: =+K9-J9 -> -2.9729739 | M9: =+[4]손익총괄!M9+H9 -> 377.463 | N9: =+K9-M9 -> 119.236 | Q9: 물량 | R9: 수도권 | S9: =+[5]수도권!$T$5/1000 -> 119.5 | T9: =+[5]수도권!$U$5/1000 -> 107.2852 | U9: =+T9-S9 -> -12.2148 | V9: =+[6]수도권!$T$5/1000 -> 144.232 | W9: =+T9-V9 -> -36.9468 | AA9: =+D9 -> 골재 | AB9: =+E9 -> 119.4482 | AC9: =+F9 -> 76.324 | AD9: =+AC9-AB9 -> -43.124199 | AE9: =+H9 -> 64.573 | AF9: =+AC9-AE9 -> 11.751 | AG9: =+J9 -> 499.67197 | AH9: =+K9 -> 496.699 | AI9: =+AH9-AG9 -> -2.9729739 | AJ9: =+M9 -> 377.463 | AK9: =+AH9-AJ9 -> 119.236
C10: 매출 | D10: 레미콘 | E10: =+'[1]6월'!$Z$8/1000 -> 31021.092 | F10: =+'[2]6월'!$Z$8/1000 -> 30777.038 | G10: =+F10-E10 -> -244.05413 | H10: =+'[3]6월'!$Z$8/1000 -> 34406.715 | I10: =+F10-H10 -> -3629.6774 | J10: =+[4]손익총괄!J10+E10 -> 170780.65 | K10: =+[4]손익총괄!K10+F10 -> 180238.86 | L10: =+K10-J10 -> 9458.2162 | M10: =+[4]손익총괄!M10+H10 -> 190264.99 | N10: =+K10-M10 -> -10026.124 | R10: 영남권 | S10: =+[5]영남권!$T$5/1000 -> 128.5 | T10: =+[5]영남권!$U$5/1000 -> 137.792 | U10: =+T10-S10 -> 9.292 | V10: =+[6]영남권!$T$5/1000 -> 146.565 | W10: =+T10-V10 -> -8.773 | Z10: 매출액 | AA10: =+D10 -> 레미콘 | AB10: =+E10/100 -> 310.21092 | AC10: =+F10/100 -> 307.77038 | AD10: =+AC10-AB10 -> -2.4405413 | AE10: =+H10/100 -> 344.06715 | AF10: =+AC10-AE10 -> -36.296774 | AG10: =+J10/100 -> 1707.8065 | AH10: =+K10/100 -> 1802.3886 | AI10: =+AH10-AG10 -> 94.582162 | AJ10: =+M10/100 -> 1902.6499 | AK10: =+AH10-AJ10 -> -100.26124
D11: 건자재 | E11: =+'[1]6월'!$AA$8/1000 -> 7443.8253 | F11: =+'[2]6월'!$AO$8/1000 -> 7873.3448 | G11: =+F11-E11 -> 429.51951 | H11: =+'[3]6월'!$AO$8/1000 -> 8947.0894 | I11: =+F11-H11 -> -1073.7446 | J11: =+[4]손익총괄!J11+E11 -> 50866.286 | K11: =+[4]손익총괄!K11+F11 -> 49403.738 | L11: =+K11-J11 -> -1462.5482 | M11: =+[4]손익총괄!M11+H11 -> 59347.903 | N11: =+K11-M11 -> -9944.1645 | R11: 중부권 | S11: =+[5]중부권!$T$5/1000 -> 55.5 | T11: =+[5]중부권!$U$5/1000 -> 60.0765 | U11: =+T11-S11 -> 4.5765 | V11: =+[6]중부권!$T$5/1000 -> 59.285 | W11: =+T11-V11 -> 0.7915 | AA11: =+D11 -> 건자재 | AB11: =+E11/100 -> 74.438253 | AC11: =+F11/100 -> 78.733448 | AD11: =+AC11-AB11 -> 4.2951951 | AE11: =+H11/100 -> 89.470894 | AF11: =+AC11-AE11 -> -10.737446 | AG11: =+J11/100 -> 508.66286 | AH11: =+K11/100 -> 494.03738 | AI11: =+AH11-AG11 -> -14.625482 | AJ11: =+M11/100 -> 593.47903 | AK11: =+AH11-AJ11 -> -99.441645
D12: 골재 | E12: =+'[1]6월'!$AE$8/1000 -> 2150.6541 | F12: =+'[2]6월'!$AN$8/1000 -> 1476.999 | G12: =+F12-E12 -> -673.65505 | H12: =+'[3]6월'!$AN$8/1000 -> 1257.309 | I12: =+F12-H12 -> 219.69 | J12: =+[4]손익총괄!J12+E12 -> 9896.9632 | K12: =+[4]손익총괄!K12+F12 -> 9981.2066 | L12: =+K12-J12 -> 84.243423 | M12: =+[4]손익총괄!M12+H12 -> 7223.0639 | N12: =+K12-M12 -> 2758.1427 | Q12: 계 | S12: =SUM(S9:S11) -> 303.5 | T12: =SUM(T9:T11) -> 305.1537 | U12: =+T12-S12 -> 1.6537 | V12: =SUM(V9:V11) -> 350.082 | W12: =+T12-V12 -> -44.9283 | AA12: =+D12 -> 골재 | AB12: =+E12/100 -> 21.506541 | AC12: =+F12/100 -> 14.76999 | AD12: =+AC12-AB12 -> -6.7365505 | AE12: =+H12/100 -> 12.57309 | AF12: =+AC12-AE12 -> 2.1969 | AG12: =+J12/100 -> 98.969632 | AH12: =+K12/100 -> 99.812066 | AI12: =+AH12-AG12 -> 0.84243423 | AJ12: =+M12/100 -> 72.230639 | AK12: =+AH12-AJ12 -> 27.581427
D13: 기타 | E13: =+'[1]6월'!$E$8/1000-E10-E11-E12 -> 164.9075 | F13: =+'[2]6월'!$F$8/1000-F10-F11-F12 -> 166.17921 | G13: =+F13-E13 -> 1.2717117 | H13: =+'[3]6월'!$F$8/1000-H10-H11-H12 -> 181.61219 | I13: =+F13-H13 -> -15.432979 | J13: =+[4]손익총괄!J13+E13 -> 989.445 | K13: =+[4]손익총괄!K13+F13 -> 991.75998 | L13: =+K13-J13 -> 2.314978 | M13: =+[4]손익총괄!M13+H13 -> 1209.2669 | N13: =+K13-M13 -> -217.50691 | Q13: 판매단가 | R13: 수도권 | S13: =+[5]수도권!$T$61 -> 100194.01 | T13: =+[5]수도권!$U$61 -> 97972.586 | U13: =+T13-S13 -> -2221.4284 | V13: =+[6]수도권!$Q$85 -> 95370.959 | W13: =+T13-V13 -> 2601.6267 | AA13: =+D13 -> 기타 | AB13: =+E13/100 -> 1.649075 | AC13: =+F13/100 -> 1.6617921 | AD13: =+AC13-AB13 -> 0.012717117 | AE13: =+H13/100 -> 1.8161219 | AF13: =+AC13-AE13 -> -0.15432979 | AG13: =+J13/100 -> 9.89445 | AH13: =+K13/100 -> 9.9175998 | AI13: =+AH13-AG13 -> 0.02314978 | AJ13: =+M13/100 -> 12.092669 | AK13: =+AH13-AJ13 -> -2.1750691
A14: =+F14/E14 -> 0.98806002 | B14: =+K14/J14 -> 1.0347573 | C14: 계 | E14: =SUM(E10:E13) -> 40780.479 | F14: =SUM(F10:F13) -> 40293.561 | G14: =+F14-E14 -> -486.91796 | H14: =SUM(H10:H13) -> 44792.726 | I14: =+F14-H14 -> -4499.1651 | J14: =SUM(J10:J13) -> 232533.34 | K14: =SUM(K10:K13) -> 240615.57 | L14: =+K14-J14 -> 8082.2264 | M14: =SUM(M10:M13) -> 258045.22 | N14: =+K14-M14 -> -17429.653 | R14: 영남권 | S14: =+[5]영남권!$T$61 -> 102400.98 | T14: =+[5]영남권!$U$61 -> 100840.36 | U14: =+T14-S14 -> -1560.6247 | V14: =+[6]영남권!$Q$85 -> 99670.721 | W14: =+T14-V14 -> 1169.6357 | AA14: 계 | AB14: =SUM(AB10:AB13) -> 407.80479 | AC14: =SUM(AC10:AC13) -> 402.93561 | AD14: =+AC14-AB14 -> -4.8691796 | AE14: =SUM(AE10:AE13) -> 447.92726 | AF14: =+AC14-AE14 -> -44.991651 | AG14: =SUM(AG10:AG13) -> 2325.3334 | AH14: =SUM(AH10:AH13) -> 2406.1557 | AI14: =+AH14-AG14 -> 80.822264 | AJ14: =SUM(AJ10:AJ13) -> 2580.4522 | AK14: =+AH14-AJ14 -> -174.29653
C15: 매출원가 | D15: 레미콘 | E15: =+('[1]6월'!$Z$10+'[1]6월'!$Z$19)/1000 -> 25754.86 | F15: =+('[2]6월'!$Z$10+'[2]6월'!$Z$19)/1000 -> 26624.109 | G15: =+F15-E15 -> 869.24906 | H15: =+('[3]6월'!$Z$10+'[3]6월'!$Z$19)/1000 -> 27540.433 | I15: =+F15-H15 -> -916.32395 | J15: =+[4]손익총괄!J15+E15 -> 143774.57 | K15: =+[4]손익총괄!K15+F15 -> 155350.49 | L15: =+K15-J15 -> 11575.914 | M15: =+[4]손익총괄!M15+H15 -> 156203.46 | N15: =+K15-M15 -> -852.96908 | R15: 중부권 | S15: =+[5]중부권!$T$61 -> 106114.98 | T15: =+[5]중부권!$U$61 -> 106050.93 | U15: =+T15-S15 -> -64.051786 | V15: =+[6]중부권!$Q$85 -> 102035.99 | W15: =+T15-V15 -> 4014.9335 | Z15: 영업이익 | AA15: =+D30 -> 레미콘 | AB15: =+E30/100 -> 46.175047 | AC15: =+F30/100 -> 35.104462 | AD15: =+AC15-AB15 -> -11.070585 | AE15: =+H30/100 -> 63.0063 | AF15: =+AC15-AE15 -> -27.901837 | AG15: =+J30/100 -> 230.47466 | AH15: =+K30/100 -> 209.21862 | AI15: =+AH15-AG15 -> -21.256037 | AJ15: =+M30/100 -> 301.69137 | AK15: =+AH15-AJ15 -> -92.472752
D16: 건자재 | E16: =+('[1]6월'!$AA$10+'[1]6월'!$AA$19)/1000 -> 7254.0311 | F16: =+('[2]6월'!$AO$10+'[2]6월'!$AO$19)/1000 -> 7592.3476 | G16: =+F16-E16 -> 338.31646 | H16: =+('[3]6월'!$AO$10+'[3]6월'!$AO$19)/1000 -> 8737.8985 | I16: =+F16-H16 -> -1145.5509 | J16: =+[4]손익총괄!J16+E16 -> 49564.542 | K16: =+[4]손익총괄!K16+F16 -> 48171.056 | L16: =+K16-J16 -> -1393.4855 | M16: =+[4]손익총괄!M16+H16 -> 58159.216 | N16: =+K16-M16 -> -9988.1599 | Q16: 계 | S16: =+[5]합계!$T$61 -> 102211.18 | T16: =+[5]합계!$U$61 -> 100861.45 | U16: =+T16-S16 -> -1349.7221 | V16: =+[6]합계!$Q$85 -> 98290.639 | W16: =+T16-V16 -> 2570.8152 | AA16: =+D31 -> % | AB16: =+E31 -> 0.14885049 | AC16: =+F31 -> 0.11406056 | AD16: =+AC16-AB16 -> -0.034789927 | AE16: =+H31 -> 0.1831221 | AF16: =+AC16-AE16 -> -0.069061537 | AG16: =+J31 -> 0.13495362 | AH16: =+K31 -> 0.11607853 | AI16: =+AH16-AG16 -> -0.018875087 | AJ16: =+M31 -> 0.15856379 | AK16: =+AH16-AJ16 -> -0.04248526
D17: 골재 | E17: =+('[1]6월'!$AE$10+'[1]6월'!$AE$19)/1000 -> 1904.2025 | F17: =+('[2]6월'!$AN$10+'[2]6월'!$AN$19)/1000 -> 1456.8969 | G17: =+F17-E17 -> -447.30564 | H17: =+('[3]6월'!$AN$10+'[3]6월'!$AN$19)/1000 -> 1192.018 | I17: =+F17-H17 -> 264.87887 | J17: =+[4]손익총괄!J17+E17 -> 8951.4712 | K17: =+[4]손익총괄!K17+F17 -> 8992.6372 | L17: =+K17-J17 -> 41.166009 | M17: =+[4]손익총괄!M17+H17 -> 6437.7239 | N17: =+K17-M17 -> 2554.9134 | Q17: 공헌이익 | R17: 수도권 | S17: =+[5]수도권!$Q$90 -> 22851.48 | T17: =+[5]수도권!$R$90 -> 17945.084 | U17: =+T17-S17 -> -4906.3964 | V17: =+[6]수도권!$Q$90 -> 23158.157 | W17: =+T17-V17 -> -5213.0729 | AA17: =+D32 -> 건자재 | AB17: =+E32/100 -> 0.65463103 | AC17: =+F32/100 -> 1.5016984 | AD17: =+AC17-AB17 -> 0.84706737 | AE17: =+H32/100 -> 1.1702504 | AF17: =+AC17-AE17 -> 0.33144798 | AG17: =+J32/100 -> 5.4671993 | AH17: =+K32/100 -> 4.1512243 | AI17: =+AH17-AG17 -> -1.3159749 | AJ17: =+M32/100 -> 4.9389411 | AK17: =+AH17-AJ17 -> -0.78771672
D18: 기타 | E18: =+('[1]6월'!$E$10+'[1]6월'!$E$19)/1000-E15-E16-E17 -> -1218.7369 | F18: =+('[2]6월'!$F$10+'[2]6월'!$F$19)/1000-F15-F16-F17 -> 194.15654 | G18: =+F18-E18 -> 1412.8935 | H18: =+('[3]6월'!$F$10+'[3]6월'!$F$19)/1000-H15-H16-H17 -> 158.33377 | I18: =+F18-H18 -> 35.822771 | J18: =+[4]손익총괄!J18+E18 -> -980.774 | K18: =+[4]손익총괄!K18+F18 -> 325.56325 | L18: =+K18-J18 -> 1306.3372 | M18: =+[4]손익총괄!M18+H18 -> 398.80391 | N18: =+K18-M18 -> -73.240652 | R18: 영남권 | S18: =+[5]영남권!$Q$90 -> 27580.609 | T18: =+[5]영남권!$R$90 -> 22708.372 | U18: =+T18-S18 -> -4872.2362 | V18: =+[6]영남권!$Q$90 -> 28613.943 | W18: =+T18-V18 -> -5905.5707 | AA18: =+D33 -> 골재 | AB18: =+E33/100 -> 2.1126679 | AC18: =+F33/100 -> -0.24058962 | AD18: =+AC18-AB18 -> -2.3532575 | AE18: =+H33/100 -> 0.07028827 | AF18: =+AC18-AE18 -> -0.31087789 | AG18: =+J33/100 -> 5.4241676 | AH18: =+K33/100 -> 7.2051825 | AI18: =+AH18-AG18 -> 1.7810149 | AJ18: =+M33/100 -> 5.3583129 | AK18: =+AH18-AJ18 -> 1.8468697
C19: 계 | E19: =SUM(E15:E18) -> 33694.357 | F19: =SUM(F15:F18) -> 35867.51 | G19: =+F19-E19 -> 2173.1533 | H19: =SUM(H15:H18) -> 37628.683 | I19: =+F19-H19 -> -1761.1732 | J19: =SUM(J15:J18) -> 201309.81 | K19: =SUM(K15:K18) -> 212839.74 | L19: =+K19-J19 -> 11529.932 | M19: =SUM(M15:M18) -> 221199.2 | N19: =+K19-M19 -> -8359.4563 | R19: 중부권 | S19: =+[5]중부권!$Q$90 -> 30509.327 | T19: =+[5]중부권!$R$90 -> 30006.058 | U19: =+T19-S19 -> -503.26919 | V19: =+[6]중부권!$Q$90 -> 30764.15 | W19: =+T19-V19 -> -758.09183 | AA19: =+D34 -> 기타 | AB19: =+E34/100 -> -13.145549 | AC19: =+F34/100 -> -19.60908 | AD19: =+AC19-AB19 -> -6.4635306 | AE19: =+H34/100 -> -25.763388 | AF19: =+AC19-AE19 -> 6.1543083 | AG19: =+J34/100 -> -74.105708 | AH19: =+K34/100 -> -97.111669 | AI19: =+AH19-AG19 -> -23.005961 | AJ19: =+M34/100 -> -77.717661 | AK19: =+AH19-AJ19 -> -19.394009
C20: 매출이익 | D20: 레미콘 | E20: =+E10-E15 -> 5266.2321 | F20: =+F10-F15 -> 4152.9289 | G20: =+F20-E20 -> -1113.3032 | H20: =+H10-H15 -> 6866.2824 | I20: =+F20-H20 -> -2713.3535 | J20: =+J10-J15 -> 27006.071 | K20: =+K10-K15 -> 24888.374 | L20: =+K20-J20 -> -2117.6977 | M20: =+M10-M15 -> 34061.529 | N20: =+K20-M20 -> -9173.1552 | Q20: 계 | S20: =+[5]합계!$Q$90 -> 26254.128 | T20: =+[5]합계!$R$90 -> 22476.76 | U20: =+T20-S20 -> -3777.3673 | V20: =+[6]합계!$Q$90 -> 26722.744 | W20: =+T20-V20 -> -4245.9839 | AA20: 계 | AB20: =+AB15+AB17+AB18+AB19 -> 35.796797 | AC20: =+AC15+AC17+AC18+AC19 -> 16.756492 | AD20: =+AC20-AB20 -> -19.040305 | AE20: =+AE15+AE17+AE18+AE19 -> 38.48345 | AF20: =+AC20-AE20 -> -21.726959 | AG20: =+AG15+AG17+AG18+AG19 -> 167.26032 | AH20: =+AH15+AH17+AH18+AH19 -> 123.46336 | AI20: =+AH20-AG20 -> -43.796958 | AJ20: =+AJ15+AJ17+AJ18+AJ19 -> 234.27097 | AK20: =+AH20-AJ20 -> -110.80761
D21: 건자재 | E21: =+E11-E16 -> 189.79414 | F21: =+F11-F16 -> 280.9972 | G21: =+F21-E21 -> 91.203056 | H21: =+H11-H16 -> 209.19091 | I21: =+F21-H21 -> 71.806294 | J21: =+J11-J16 -> 1301.7446 | K21: =+K11-K16 -> 1232.6819 | L21: =+K21-J21 -> -69.062738 | M21: =+M11-M16 -> 1188.6865 | N21: =+K21-M21 -> 43.995398 | Q21: □ 건자재 | AA21: =+D36 -> % | AB21: =+E36 -> 0.087779247 | AC21: =+F36 -> 0.041586028 | AD21: =+G36 -> -0.046193218 | AE21: =+H36 -> 0.085914509 | AF21: =+I36 -> -0.04432848 | AG21: =+J36 -> 0.071929607 | AH21: =+K36 -> 0.051311459 | ... AK21: =+N36 -> -0.039475329
D22: 골재 | E22: =+E12-E17 -> 246.45154 | F22: =+F12-F17 -> 20.10212 | G22: =+F22-E22 -> -226.34942 | H22: =+H12-H17 -> 65.290989 | I22: =+F22-H22 -> -45.188869 | J22: =+J12-J17 -> 945.49195 | K22: =+K12-K17 -> 988.56936 | L22: =+K22-J22 -> 43.077414 | M22: =+M12-M17 -> 785.34004 | N22: =+K22-M22 -> 203.22932 | Q22: 구분 | S22: 계획 | T22: 실적 | U22: 계획대비 | V22: 전년 | W22: 전년대비 | Z22: * 6월누계 기타차이 : 대손 16억
D23: 기타 | E23: =+E13-E18 -> 1383.6444 | F23: =+F13-F18 -> -27.977325 | G23: =+F23-E23 -> -1411.6217 | H23: =+H13-H18 -> 23.278425 | I23: =+F23-H23 -> -51.25575 | J23: =+J13-J18 -> 1970.219 | K23: =+K13-K18 -> 666.19673 | L23: =+K23-J23 -> -1304.0223 | M23: =+M13-M18 -> 810.46299 | N23: =+K23-M23 -> -144.26626 | Q23: 철강재 판매단가 | S23: =+'[7]6월'!$F$10 -> 974590.16 | T23: =+'[7]6월'!$G$10 -> 785072.68 | U23: =+T23-S23 -> -189517.49 | V23: =+'[8]6월'!$G$10 -> 1043902.1 | W23: =+T23-V23 -> -258829.41
C24: 계 | E24: =SUM(E20:E23) -> 7086.1222 | F24: =SUM(F20:F23) -> 4426.0509 | G24: =+F24-E24 -> -2660.0713 | H24: =SUM(H20:H23) -> 7164.0427 | I24: =+F24-H24 -> -2737.9918 | J24: =SUM(J20:J23) -> 31223.527 | K24: =SUM(K20:K23) -> 27775.822 | L24: =+K24-J24 -> -3447.7053 | M24: =SUM(M20:M23) -> 36846.018 | N24: =+K24-M24 -> -9070.1967 | Q24: 철강재 마진률 | S24: =+'[7]6월'!$F$15 -> 0.023156434 | T24: =+'[7]6월'!$G$15 -> 0.037059976 | U24: =+T24-S24 -> 0.013903542 | V24: =+'[8]6월'!$G$15 -> 0.023814617 | W24: =+T24-V24 -> 0.013245359
C25: 판관비 | D25: 레미콘 | E25: =+('[1]6월'!$Z$13+'[1]6월'!$Z$20)/1000 -> 648.72737 | F25: =+('[2]6월'!$Z$13+'[2]6월'!$Z$20)/1000 -> 642.48265 | G25: =+F25-E25 -> -6.244724 | H25: =+('[3]6월'!$Z$13+'[3]6월'!$Z$20)/1000 -> 565.65244 | I25: =+F25-H25 -> 76.830213 | J25: =+[4]손익총괄!J25+E25 -> 3958.6055 | K25: =+[4]손익총괄!K25+F25 -> 3966.5114 | L25: =+K25-J25 -> 7.905958 | M25: =+[4]손익총괄!M25+H25 -> 3892.3914 | N25: =+K25-M25 -> 74.12004 | Q25: □ 골재
D26: 건자재 | E26: =+('[1]6월'!$AA$13+'[1]6월'!$AA$20)/1000 -> 124.33104 | F26: =+('[2]6월'!$AO$13+'[2]6월'!$AO$20)/1000 -> 130.82736 | G26: =+F26-E26 -> 6.496319 | H26: =+('[3]6월'!$AO$13+'[3]6월'!$AO$20)/1000 -> 92.165863 | I26: =+F26-H26 -> 38.661496 | J26: =+[4]손익총괄!J26+E26 -> 755.02471 | K26: =+[4]손익총괄!K26+F26 -> 817.55946 | L26: =+K26-J26 -> 62.534755 | M26: =+[4]손익총괄!M26+H26 -> 694.79239 | N26: =+K26-M26 -> 122.76707 | Q26: 구분 | S26: 계획 | T26: 실적 | U26: 계획대비 | V26: 전년 | W26: 전년대비
D27: 골재 | E27: =+('[1]6월'!$AE$13+'[1]6월'!$AE$20+'[1]6월'!$AE$22)/1000 -> 35.18475 | F27: =+('[2]6월'!$AN$13+'[2]6월'!$AN$20+'[2]6월'!$AN$22)/1000 -> 44.161082 | G27: =+F27-E27 -> 8.9763324 | H27: =+('[3]6월'!$AN$13+'[3]6월'!$AN$20+'[3]6월'!$AN$22)/1000 -> 58.262162 | I27: =+F27-H27 -> -14.10108 | J27: =+[4]손익총괄!J27+E27 -> 403.07519 | K27: =+[4]손익총괄!K27+F27 -> 268.05111 | L27: =+K27-J27 -> -135.02408 | M27: =+[4]손익총괄!M27+H27 -> 249.50875 | N27: =+K27-M27 -> 18.542355 | Q27: 판매량 | R27: 자가 | S27: =(+'[9]서부산크라샤(당월)'!$N$66+'[9]부산모래장(당월)'!$Q$48+'[9]부산크라샤(당월)'!$N$66)/1000 -> 56.648199 | T27: =(+'[9]서부산크라샤(당월)'!$O$66+'[9]부산모래장(당월)'!$R$48+'[9]부산크라샤(당월)'!$O$66)/1000 -> 47.014 | U27: =+T27-S27 -> -9.6341988 | V27: =('[10]부산골재(당월)'!$R$48+'[10]서부산골재(당월)'!$O$66+'[10]부산크라샤(당월)'!$O$66)/1000 -> 46.66 | W27: =+T27-V27 -> 0.354
D28: 기타 | E28: =+('[1]6월'!$E$13+'[1]6월'!$E$20)/1000-E25-E26-E27+('[1]6월'!$E$22/1000) -> 2698.1993 | F28: =+('[2]6월'!$F$13+'[2]6월'!$F$20)/1000-F25-F26-F27+'[2]6월'!$F$22/1000 -> 1932.9306 | G28: =+F28-E28 -> -765.26868 | H28: =+('[3]6월'!$F$13+'[3]6월'!$F$20)/1000-H25-H26-H27+'[3]6월'!$F$22/1000 -> 2599.6172 | I28: =+F28-H28 -> -666.68658 | J28: =+[4]손익총괄!J28+E28 -> 9380.7898 | K28: =+[4]손익총괄!K28+F28 -> 10377.364 | L28: =+K28-J28 -> 996.57386 | M28: =+[4]손익총괄!M28+H28 -> 8582.2291 | N28: =+K28-M28 -> 1795.1346 | R28: 외판 | S28: =(+'[9]서부산크라샤(당월)'!$N$59+'[9]부산모래장(당월)'!$Q$47+'[9]부산크라샤(당월)'!$N$59)/1000 -> 62.8 | T28: =(+'[9]서부산크라샤(당월)'!$O$59+'[9]부산모래장(당월)'!$R$47+'[9]부산크라샤(당월)'!$O$59)/1000 -> 29.31 | U28: =+T28-S28 -> -33.49 | V28: =+('[10]부산골재(당월)'!$R$47+'[10]서부산골재(당월)'!$O$59+'[10]부산크라샤(당월)'!$O$59)/1000 -> 17.913 | W28: =+T28-V28 -> 11.397
C29: 계 | E29: =SUM(E25:E28) -> 3506.4425 | F29: =SUM(F25:F28) -> 2750.4017 | G29: =+F29-E29 -> -756.04075 | H29: =SUM(H25:H28) -> 3315.6977 | I29: =+F29-H29 -> -565.29595 | J29: =SUM(J25:J28) -> 14497.495 | K29: =SUM(K25:K28) -> 15429.486 | L29: =+K29-J29 -> 931.9905 | M29: =SUM(M25:M28) -> 13418.922 | N29: =+K29-M29 -> 2010.5641 | Q29: 합 계 | S29: =SUM(S27:S28) -> 119.4482 | T29: =SUM(T27:T28) -> 76.324 | U29: =+T29-S29 -> -43.124199 | V29: =SUM(V27:V28) -> 64.573 | W29: =+T29-V29 -> 11.751
C30: 영업이익 | D30: 레미콘 | E30: =+E20-E25 -> 4617.5047 | F30: =+F20-F25 -> 3510.4462 | G30: =+F30-E30 -> -1107.0585 | H30: =+H20-H25 -> 6300.63 | I30: =+F30-H30 -> -2790.1837 | J30: =+J20-J25 -> 23047.466 | K30: =+K20-K25 -> 20921.862 | L30: =+K30-J30 -> -2125.6037 | M30: =+M20-M25 -> 30169.137 | N30: =+K30-M30 -> -9247.2752 | Q30: □ 기타내역(영업이익)
D31: % | E31: =+E30/E10 -> 0.14885049 | F31: =+F30/F10 -> 0.11406056 | G31: =+F31-E31 -> -0.034789927 | H31: =+H30/H10 -> 0.1831221 | I31: =+F31-H31 -> -0.069061537 | J31: =+J30/J10 -> 0.13495362 | K31: =+K30/K10 -> 0.11607853 | L31: =+K31-J31 -> -0.018875087 | M31: =+M30/M10 -> 0.15856379 | N31: =+K31-M31 -> -0.04248526 | Q31: 구분 | S31: 계획 | T31: 실적 | U31: 계획대비 | V31: 전년 | W31: 전년대비
D32: 건자재 | E32: =+E21-E26 -> 65.463103 | F32: =+F21-F26 -> 150.16984 | G32: =+F32-E32 -> 84.706737 | H32: =+H21-H26 -> 117.02504 | I32: =+F32-H32 -> 33.144798 | J32: =+J21-J26 -> 546.71993 | K32: =+K21-K26 -> 415.12243 | L32: =+K32-J32 -> -131.59749 | M32: =+M21-M26 -> 493.89411 | N32: =+K32-M32 -> -78.771672 | Q32: 레미콘임대 | S32: =+'사업장별(당월)'!T33 -> 13.943842 | T32: =+'사업장별(당월)'!U33 -> -23.482855 | U32: =+T32-S32 -> -37.426697 | V32: =+'사업장별(당월)'!W33 -> -3.942039 | W32: =+T32-V32 -> -19.540816
D33: 골재 | E33: =+E22-E27 -> 211.26679 | F33: =+F22-F27 -> -24.058962 | G33: =+F33-E33 -> -235.32575 | H33: =+H22-H27 -> 7.028827 | I33: =+F33-H33 -> -31.087789 | J33: =+J22-J27 -> 542.41676 | K33: =+K22-K27 -> 720.51825 | L33: =+K33-J33 -> 178.10149 | M33: =+M22-M27 -> 535.83129 | N33: =+K33-M33 -> 184.68697 | Q33: 임대 | S33: =+'사업장별(당월)'!T34 -> 74.638401 | T33: =+'사업장별(당월)'!U34 -> 76.100837 | U33: =+T33-S33 -> 1.4624357 | V33: =+'사업장별(당월)'!W34 -> 98.057103 | W33: =+T33-V33 -> -21.956266
D34: 기타 | E34: =+E23-E28 -> -1314.5549 | F34: =+F23-F28 -> -1960.908 | G34: =+F34-E34 -> -646.35306 | H34: =+H23-H28 -> -2576.3388 | I34: =+F34-H34 -> 615.43083 | J34: =+J23-J28 -> -7410.5708 | K34: =+K23-K28 -> -9711.1669 | L34: =+K34-J34 -> -2300.5961 | M34: =+M23-M28 -> -7771.7661 | N34: =+K34-M34 -> -1939.4009 | Q34: 공통비 | S34: =+'사업장별(당월)'!T35 -> -2614.3237 | T34: =+'사업장별(당월)'!U35 -> -2487.3998 | U34: =+T34-S34 -> 126.92383 | V34: =+'사업장별(당월)'!W35 -> -1613.42 | W34: =+T34-V34 -> -873.97987
C35: 계 | E35: =SUM(E30,E32:E34) -> 3579.6797 | F35: =SUM(F30,F32:F34) -> 1675.6492 | G35: =+F35-E35 -> -1904.0305 | H35: =SUM(H30,H32:H34) -> 3848.345 | I35: =+F35-H35 -> -2172.6959 | J35: =SUM(J30,J32:J34) -> 16726.032 | K35: =SUM(K30,K32:K34) -> 12346.336 | L35: =+K35-J35 -> -4379.6958 | M35: =SUM(M30,M32:M34) -> 23427.097 | N35: =+K35-M35 -> -11080.761 | Q35: 기타 | S35: =+S36-S32-S33-S34 -> 1211.1865 | T35: =+T36-T32-T33-T34 -> 473.8739 | U35: =+T35-S35 -> -737.31263 | V35: =+V36-V32-V33-V34 -> -1057.0339 | W35: =+T35-V35 -> 1530.9078
D36: % | E36: =+E35/E14 -> 0.087779247 | F36: =+F35/F14 -> 0.041586028 | G36: =+F36-E36 -> -0.046193218 | H36: =+H35/H14 -> 0.085914509 | I36: =+F36-H36 -> -0.04432848 | J36: =+J35/J14 -> 0.071929607 | K36: =+K35/K14 -> 0.051311459 | L36: =+K36-J36 -> -0.020618147 | M36: =+M35/M14 -> 0.090786788 | N36: =+K36-M36 -> -0.039475329 | Q36: 합계 | S36: =+'사업장별(당월)'!T41 -> -1314.5549 | T36: =+'사업장별(당월)'!U41 -> -1960.908 | U36: =+T36-S36 -> -646.35306 | V36: =+'사업장별(당월)'!W41 -> -2576.3388 | W36: =+T36-V36 -> 615.43083
E38: =+'[1]6월'!$E$26/1000 -> 3579.6797 | F38: =+'[2]6월'!$F$26/1000 -> 1675.6492 | H38: =+'[3]6월'!$F$26/1000 -> 3848.345 | J38: =+[4]손익총괄!J38+E38 -> 16726.032 | K38: =+[4]손익총괄!K38+F38 -> 12346.336 | M38: =+[4]손익총괄!M38+H38 -> 23427.097
E39: =+E35=E38 -> TRUE | F39: =+F35=F38 -> FALSE | H39: =+H35=H38 -> TRUE | J39: =+J35=J38 -> TRUE | K39: =+K35=K38 -> FALSE | M39: =+M35=M38 -> TRUE
E40: =+E35-E38 -> 0 | F40: =+F35-F38 -> -6.8212103e-12 | H40: =+H35-H38 -> 0 | J40: =+J35-J38 -> 0 | K40: =+K35-K38 -> -2.7284841e-11 | M40: =+M35-M38 -> 0

Sheet 사업장별(당월)
H3: □ 사업장별 손익실적(2024-06)
AG4: [단위 : 천㎥, 톤, 백만원]
H5: 구분 | J5: 물량 | O5: 매출 | T5: 영업이익(공통비 배부전) | Y5: 판매단가 | AB5: 변동비 | AE5: 공헌이익
J6: 계획 | K6: 실적 | L6: 차이 | M6: 전년 | N6: 차이 | O6: 계획 | P6: 실적 | Q6: 차이 | R6: 전년 | S6: 차이 | T6: 계획 | U6: 실적 | V6: 차이 | W6: 전년 | X6: 차이 | Y6: 계획 | Z6: 실적 | AA6: 전년 | AB6: 계획 | AC6: 실적 | AD6: 전년 | AE6: 계획 | AF6: 실적 | AG6: 전년
B7: 안양 | G7: =+I7 -> 안양 | H7: 레미콘 | I7: 안양 | J7: =+IFERROR(HLOOKUP($B7,'[1]6월'!$D$6:$BN$259,2,),)/1000 -> 43 | K7: =+IFERROR(HLOOKUP($B7,'[2]6월'!$F$6:$CP$99,2,),)/1000 -> 35.374 | L7: =+K7-J7 -> -7.626 | M7: =+IFERROR(HLOOKUP($B7,'[3]6월'!$F$6:$CC$57,2,),)/1000 -> 49.16 | N7: =+K7-M7 -> -13.786 | O7: =+IFERROR(HLOOKUP($B7,'[1]6월'!$D$6:$BN$259,3,),)/1000 -> 4355.0815 | P7: =+IFERROR(HLOOKUP($B7,'[2]6월'!$F$6:$CP$99,3,),)/1000 -> 3552.1473 | Q7: =+P7-O7 -> -802.93418 | R7: =+IFERROR(HLOOKUP($B7,'[3]6월'!$F$6:$CC$57,3,),)/1000 -> 4691.3842 | S7: =+P7-R7 -> -1139.2369 | T7: =+IFERROR(HLOOKUP($B7,'[1]6월'!$D$6:$BN$259,16,),)/1000 -> 613.08992 | U7: =+IFERROR(HLOOKUP($B7,'[2]6월'!$F$6:$CP$99,16,),)/1000 -> 326.98677 | V7: =+U7-T7 -> -286.10315 | W7: =+IFERROR(HLOOKUP($B7,'[3]6월'!$F$6:$CC$57,16,),)/1000 -> 827.79901 | X7: =+U7-W7 -> -500.81224 | Y7: =+[5]안양!$Q$85 -> 101280.96 | Z7: =+[5]안양!$R$85 -> 100399.7 | AA7: =+[6]안양!$Q$85 -> 95391.443 | AB7: =+[5]안양!$Q$89 -> 78661.124 | AC7: =+[5]안양!$R$89 -> 81293.291 | AD7: =+[6]안양!$Q$89 -> 71410 | AE7: =+Y7-AB7 -> 22619.84 | AF7: =+Z7-AC7 -> 19106.408 | AG7: =+AA7-AD7 -> 23981.443
B8: 인천 | G8: =+I8 -> 인천 | H8: 직영 | I8: 인천 | J8: =+IFERROR(HLOOKUP($B8,'[1]6월'!$D$6:$BN$259,2,),)/1000 -> 30 | K8: =+IFERROR(HLOOKUP($B8,'[2]6월'!$F$6:$CP$99,2,),)/1000 -> 28.969 | L8: =+K8-J8 -> -1.031 | M8: =+IFERROR(HLOOKUP($B8,'[3]6월'!$F$6:$CC$57,2,),)/1000 -> 44.112 | N8: =+K8-M8 -> -15.143 | O8: =+IFERROR(HLOOKUP($B8,'[1]6월'!$D$6:$BN$259,3,),)/1000 -> 3041.5095 | P8: =+IFERROR(HLOOKUP($B8,'[2]6월'!$F$6:$CP$99,3,),)/1000 -> 2858.2985 | Q8: =+P8-O8 -> -183.211 | R8: =+IFERROR(HLOOKUP($B8,'[3]6월'!$F$6:$CC$57,3,),)/1000 -> 4359.3699 | S8: =+P8-R8 -> -1501.0714 | T8: =+IFERROR(HLOOKUP($B8,'[1]6월'!$D$6:$BN$259,16,),)/1000 -> 286.79226 | U8: =+IFERROR(HLOOKUP($B8,'[2]6월'!$F$6:$CP$99,16,),)/1000 -> 173.72608 | V8: =+U8-T8 -> -113.06618 | W8: =+IFERROR(HLOOKUP($B8,'[3]6월'!$F$6:$CC$57,16,),)/1000 -> 678.53517 | X8: =+U8-W8 -> -504.80908 | Y8: =+[5]인천!$Q$85 -> 101383.65 | Z8: =+[5]인천!$R$85 -> 98667.488 | AA8: =+[6]인천!$Q$85 -> 98809.253 | AB8: =+[5]인천!$Q$89 -> 80575.059 | AC8: =+[5]인천!$R$89 -> 81685.367 | AD8: =+[6]인천!$Q$89 -> 76007.006 | AE8: =+Y8-AB8 -> 20808.589 | AF8: =+Z8-AC8 -> 16982.12 | AG8: =+AA8-AD8 -> 22802.247
B9: 파주 | G9: =+I9 -> 파주 | I9: 파주 | J9: =+IFERROR(HLOOKUP($B9,'[1]6월'!$D$6:$BN$259,2,),)/1000 -> 28 | K9: =+IFERROR(HLOOKUP($B9,'[2]6월'!$F$6:$CP$99,2,),)/1000 -> 31.1242 | L9: =+K9-J9 -> 3.1242 | M9: =+IFERROR(HLOOKUP($B9,'[3]6월'!$F$6:$CC$57,2,),)/1000 -> 30.721 | N9: =+K9-M9 -> 0.4032 | O9: =+IFERROR(HLOOKUP($B9,'[1]6월'!$D$6:$BN$259,3,),)/1000 -> 2793.1233 | P9: =+IFERROR(HLOOKUP($B9,'[2]6월'!$F$6:$CP$99,3,),)/1000 -> 2951.5883 | Q9: =+P9-O9 -> 158.46503 | R9: =+IFERROR(HLOOKUP($B9,'[3]6월'!$F$6:$CC$57,3,),)/1000 -> 2851.6796 | S9: =+P9-R9 -> 99.908735 | T9: =+IFERROR(HLOOKUP($B9,'[1]6월'!$D$6:$BN$259,16,),)/1000 -> 451.71048 | U9: =+IFERROR(HLOOKUP($B9,'[2]6월'!$F$6:$CP$99,16,),)/1000 -> 256.19066 | V9: =+U9-T9 -> -195.51982 | W9: =+IFERROR(HLOOKUP($B9,'[3]6월'!$F$6:$CC$57,16,),)/1000 -> 473.04522 | X9: =+U9-W9 -> -216.85456 | Y9: =+[5]파주!$Q$85 -> 99754.402 | Z9: =+[5]파주!$R$85 -> 94837.488 | AA9: =+[6]파주!$Q$85 -> 92792.513 | AB9: =+[5]파주!$Q$89 -> 75569.989 | AC9: =+[5]파주!$R$89 -> 79548.98 | AD9: =+[6]파주!$Q$89 -> 70955.27 | AE9: =+Y9-AB9 -> 24184.414 | AF9: =+Z9-AC9 -> 15288.508 | AG9: =+AA9-AD9 -> 21837.244
B10: 김포 | G10: =+I10 -> 김포 | I10: 김포 | J10: =+IFERROR(HLOOKUP($B10,'[1]6월'!$D$6:$BN$259,2,),)/1000 -> 18.5 | K10: =+IFERROR(HLOOKUP($B10,'[2]6월'!$F$6:$CP$99,2,),)/1000 -> 11.818 | L10: =+K10-J10 -> -6.682 | M10: =+IFERROR(HLOOKUP($B10,'[3]6월'!$F$6:$CC$57,2,),)/1000 -> 20.239 | N10: =+K10-M10 -> -8.421 | O10: =+IFERROR(HLOOKUP($B10,'[1]6월'!$D$6:$BN$259,3,),)/1000 -> 1783.4705 | P10: =+IFERROR(HLOOKUP($B10,'[2]6월'!$F$6:$CP$99,3,),)/1000 -> 1148.841 | Q10: =+P10-O10 -> -634.62948 | R10: =+IFERROR(HLOOKUP($B10,'[3]6월'!$F$6:$CC$57,3,),)/1000 -> 1855.8217 | S10: =+P10-R10 -> -706.98069 | T10: =+IFERROR(HLOOKUP($B10,'[1]6월'!$D$6:$BN$259,16,),)/1000 -> 275.33432 | U10: =+IFERROR(HLOOKUP($B10,'[2]6월'!$F$6:$CP$99,16,),)/1000 -> 109.51813 | V10: =+U10-T10 -> -165.81619 | W10: =+IFERROR(HLOOKUP($B10,'[3]6월'!$F$6:$CC$57,16,),)/1000 -> 299.02149 | X10: =+U10-W10 -> -189.50336 | Y10: =+[5]김포!$Q$85 -> 96403.811 | Z10: =+[5]김포!$R$85 -> 97204.532 | AA10: =+[6]김포!$Q$85 -> 91630.527 | AB10: =+[5]김포!$Q$89 -> 71718.54 | AC10: =+[5]김포!$R$89 -> 73416.58 | AD10: =+[6]김포!$Q$89 -> 67734.297 | AE10: =+Y10-AB10 -> 24685.271 | AF10: =+Z10-AC10 -> 23787.951 | AG10: =+AA10-AD10 -> 23896.23
B11: 부산 | G11: =+I11 -> 부산 | I11: 부산 | J11: =+IFERROR(HLOOKUP($B11,'[1]6월'!$D$6:$BN$259,2,),)/1000 -> 20 | K11: =+IFERROR(HLOOKUP($B11,'[2]6월'!$F$6:$CP$99,2,),)/1000 -> 18.738 | L11: =+K11-J11 -> -1.262 | M11: =+IFERROR(HLOOKUP($B11,'[3]6월'!$F$6:$CC$57,2,),)/1000 -> 23.084 | N11: =+K11-M11 -> -4.346 | O11: =+IFERROR(HLOOKUP($B11,'[1]6월'!$D$6:$BN$259,3,),)/1000 -> 2151.9989 | P11: =+IFERROR(HLOOKUP($B11,'[2]6월'!$F$6:$CP$99,3,),)/1000 -> 1988.3392 | Q11: =+P11-O11 -> -163.6598 | R11: =+IFERROR(HLOOKUP($B11,'[3]6월'!$F$6:$CC$57,3,),)/1000 -> 2384.3393 | S11: =+P11-R11 -> -396.00015 | T11: =+IFERROR(HLOOKUP($B11,'[1]6월'!$D$6:$BN$259,16,),)/1000 -> 274.00643 | U11: =+IFERROR(HLOOKUP($B11,'[2]6월'!$F$6:$CP$99,16,),)/1000 -> 118.63264 | V11: =+U11-T11 -> -155.37379 | W11: =+IFERROR(HLOOKUP($B11,'[3]6월'!$F$6:$CC$57,16,),)/1000 -> 463.92296 | X11: =+U11-W11 -> -345.29032 | Y11: =+[5]부산!$Q$85 -> 107599.95 | Z11: =+[5]부산!$R$85 -> 106112.67 | AA11: =+[6]부산!$Q$85 -> 103289.69 | AB11: =+[5]부산!$Q$89 -> 78125.792 | AC11: =+[5]부산!$R$89 -> 82775.926 | AD11: =+[6]부산!$Q$89 -> 71742.559 | AE11: =+Y11-AB11 -> 29474.155 | AF11: =+Z11-AC11 -> 23336.741 | AG11: =+AA11-AD11 -> 31547.135
B12: 서부산 | G12: =+I12 -> 서부산 | I12: 서부산 | J12: =+IFERROR(HLOOKUP($B12,'[1]6월'!$D$6:$BN$259,2,),)/1000 -> 25 | K12: =+IFERROR(HLOOKUP($B12,'[2]6월'!$F$6:$CP$99,2,),)/1000 -> 23.641 | L12: =+K12-J12 -> -1.359 | M12: =+IFERROR(HLOOKUP($B12,'[3]6월'!$F$6:$CC$57,2,),)/1000 -> 23.514 | N12: =+K12-M12 -> 0.127 | O12: =+IFERROR(HLOOKUP($B12,'[1]6월'!$D$6:$BN$259,3,),)/1000 -> 2608.1328 | P12: =+IFERROR(HLOOKUP($B12,'[2]6월'!$F$6:$CP$99,3,),)/1000 -> 2359.6325 | Q12: =+P12-O12 -> -248.50031 | R12: =+IFERROR(HLOOKUP($B12,'[3]6월'!$F$6:$CC$57,3,),)/1000 -> 2439.7256 | S12: =+P12-R12 -> -80.093109 | T12: =+IFERROR(HLOOKUP($B12,'[1]6월'!$D$6:$BN$259,16,),)/1000 -> 466.85724 | U12: =+IFERROR(HLOOKUP($B12,'[2]6월'!$F$6:$CP$99,16,),)/1000 -> 278.69374 | V12: =+U12-T12 -> -188.1635 | W12: =+IFERROR(HLOOKUP($B12,'[3]6월'!$F$6:$CC$57,16,),)/1000 -> 455.44939 | X12: =+U12-W12 -> -176.75565 | Y12: =+[5]서부산!$Q$85 -> 104325.31 | Z12: =+[5]서부산!$R$85 -> 99811.027 | AA12: =+[6]서부산!$Q$85 -> 103756.3 | AB12: =+[5]서부산!$Q$89 -> 76362.212 | AC12: =+[5]서부산!$R$89 -> 77851.89 | AD12: =+[6]서부산!$Q$89 -> 75475.255 | AE12: =+Y12-AB12 -> 27963.1 | AF12: =+Z12-AC12 -> 21959.137 | AG12: =+AA12-AD12 -> 28281.043
B13: 김해 | G13: =+I13 -> 김해 | I13: 김해 | J13: =+IFERROR(HLOOKUP($B13,'[1]6월'!$D$6:$BN$259,2,),)/1000 -> 12 | K13: =+IFERROR(HLOOKUP($B13,'[2]6월'!$F$6:$CP$99,2,),)/1000 -> 12.699 | L13: =+K13-J13 -> 0.699 | M13: =+IFERROR(HLOOKUP($B13,'[3]6월'!$F$6:$CC$57,2,),)/1000 -> 14.851 | N13: =+K13-M13 -> -2.152 | O13: =+IFERROR(HLOOKUP($B13,'[1]6월'!$D$6:$BN$259,3,),)/1000 -> 1212.0024 | P13: =+IFERROR(HLOOKUP($B13,'[2]6월'!$F$6:$CP$99,3,),)/1000 -> 1187.9416 | Q13: =+P13-O13 -> -24.0608 | R13: =+IFERROR(HLOOKUP($B13,'[3]6월'!$F$6:$CC$57,3,),)/1000 -> 1488.0979 | S13: =+P13-R13 -> -300.1563 | T13: =+IFERROR(HLOOKUP($B13,'[1]6월'!$D$6:$BN$259,16,),)/1000 -> 149.29424 | U13: =+IFERROR(HLOOKUP($B13,'[2]6월'!$F$6:$CP$99,16,),)/1000 -> 58.544437 | V13: =+U13-T13 -> -90.749803 | W13: =+IFERROR(HLOOKUP($B13,'[3]6월'!$F$6:$CC$57,16,),)/1000 -> 282.88673 | X13: =+U13-W13 -> -224.34229 | Y13: =+[5]김해!$Q$85 -> 101000.2 | Z13: =+[5]김해!$R$85 -> 93546.074 | AA13: =+[6]김해!$Q$85 -> 100201.87 | AB13: =+[5]김해!$Q$89 -> 76138.235 | AC13: =+[5]김해!$R$89 -> 77602.809 | AD13: =+[6]김해!$Q$89 -> 71900.183 | AE13: =+Y13-AB13 -> 24861.965 | AF13: =+Z13-AC13 -> 15943.266 | AG13: =+AA13-AD13 -> 28301.682
B14: 정관 | G14: =+I14 -> 정관 | I14: 정관 | J14: =+IFERROR(HLOOKUP($B14,'[1]6월'!$D$6:$BN$259,2,),)/1000 -> 17 | K14: =+IFERROR(HLOOKUP($B14,'[2]6월'!$F$6:$CP$99,2,),)/1000 -> 19.584 | L14: =+K14-J14 -> 2.584 | M14: =+IFERROR(HLOOKUP($B14,'[3]6월'!$F$6:$CC$57,2,),)/1000 -> 19.957 | N14: =+K14-M14 -> -0.373 | O14: =+IFERROR(HLOOKUP($B14,'[1]6월'!$D$6:$BN$259,3,),)/1000 -> 1768 | P14: =+IFERROR(HLOOKUP($B14,'[2]6월'!$F$6:$CP$99,3,),)/1000 -> 1952.774 | Q14: =+P14-O14 -> 184.774 | R14: =+IFERROR(HLOOKUP($B14,'[3]6월'!$F$6:$CC$57,3,),)/1000 -> 2055.7826 | S14: =+P14-R14 -> -103.0086 | T14: =+IFERROR(HLOOKUP($B14,'[1]6월'!$D$6:$BN$259,16,),)/1000 -> 230.2157 | U14: =+IFERROR(HLOOKUP($B14,'[2]6월'!$F$6:$CP$99,16,),)/1000 -> 142.38129 | V14: =+U14-T14 -> -87.834406 | W14: =+IFERROR(HLOOKUP($B14,'[3]6월'!$F$6:$CC$57,16,),)/1000 -> 368.10467 | X14: =+U14-W14 -> -225.72338 | Y14: =+[5]정관!$Q$85 -> 104000 | Z14: =+[5]정관!$R$85 -> 99712.725 | AA14: =+[6]정관!$Q$85 -> 103010.6 | AB14: =+[5]정관!$Q$89 -> 77868.031 | AC14: =+[5]정관!$R$89 -> 80844.669 | AD14: =+[6]정관!$Q$89 -> 75355.061 | AE14: =+Y14-AB14 -> 26131.969 | AF14: =+Z14-AC14 -> 18868.056 | AG14: =+AA14-AD14 -> 27655.542
B15: 양산 | G15: =+I15 -> 양산 | I15: 양산 | J15: =+IFERROR(HLOOKUP($B15,'[1]6월'!$D$6:$BN$259,2,),)/1000 -> 10 | K15: =+IFERROR(HLOOKUP($B15,'[2]6월'!$F$6:$CP$99,2,),)/1000 -> 12.081 | L15: =+K15-J15 -> 2.081 | M15: =+IFERROR(HLOOKUP($B15,'[3]6월'!$F$6:$CC$57,2,),)/1000 -> 17.548 | N15: =+K15-M15 -> -5.467 | O15: =+IFERROR(HLOOKUP($B15,'[1]6월'!$D$6:$BN$259,3,),)/1000 -> 963.85316 | P15: =+IFERROR(HLOOKUP($B15,'[2]6월'!$F$6:$CP$99,3,),)/1000 -> 1127.2838 | Q15: =+P15-O15 -> 163.43064 | R15: =+IFERROR(HLOOKUP($B15,'[3]6월'!$F$6:$CC$57,3,),)/1000 -> 1641.2462 | S15: =+P15-R15 -> -513.9624 | T15: =+IFERROR(HLOOKUP($B15,'[1]6월'!$D$6:$BN$259,16,),)/1000 -> 112.78897 | U15: =+IFERROR(HLOOKUP($B15,'[2]6월'!$F$6:$CP$99,16,),)/1000 -> 79.077275 | V15: =+U15-T15 -> -33.711694 | W15: =+IFERROR(HLOOKUP($B15,'[3]6월'!$F$6:$CC$57,16,),)/1000 -> 311.39311 | X15: =+U15-W15 -> -232.31584 | Y15: =+[5]양산!$Q$85 -> 96385.316 | Z15: =+[5]양산!$R$85 -> 93310.471 | AA15: =+[6]양산!$Q$85 -> 93528.961 | AB15: =+[5]양산!$Q$89 -> 69597.591 | AC15: =+[5]양산!$R$89 -> 74393.84 | AD15: =+[6]양산!$Q$89 -> 68124.296 | AE15: =+Y15-AB15 -> 26787.725 | AF15: =+Z15-AC15 -> 18916.631 | AG15: =+AA15-AD15 -> 25404.665
B16: 창원 | G16: =+I16 -> 창원 | I16: 창원 | J16: =+IFERROR(HLOOKUP($B16,'[1]6월'!$D$6:$BN$259,2,),)/1000 -> 17 | K16: =+IFERROR(HLOOKUP($B16,'[2]6월'!$F$6:$CP$99,2,),)/1000 -> 20.596 | L16: =+K16-J16 -> 3.596 | M16: =+IFERROR(HLOOKUP($B16,'[3]6월'!$F$6:$CC$57,2,),)/1000 -> 20.557 | N16: =+K16-M16 -> 0.039 | O16: =+IFERROR(HLOOKUP($B16,'[1]6월'!$D$6:$BN$259,3,),)/1000 -> 1728.067 | P16: =+IFERROR(HLOOKUP($B16,'[2]6월'!$F$6:$CP$99,3,),)/1000 -> 2041.9576 | Q16: =+P16-O16 -> 313.8906 | R16: =+IFERROR(HLOOKUP($B16,'[3]6월'!$F$6:$CC$57,3,),)/1000 -> 2001.3488 | S16: =+P16-R16 -> 40.6088 | T16: =+IFERROR(HLOOKUP($B16,'[1]6월'!$D$6:$BN$259,16,),)/1000 -> 264.21305 | U16: =+IFERROR(HLOOKUP($B16,'[2]6월'!$F$6:$CP$99,16,),)/1000 -> 281.4937 | V16: =+U16-T16 -> 17.280655 | W16: =+IFERROR(HLOOKUP($B16,'[3]6월'!$F$6:$CC$57,16,),)/1000 -> 423.39159 | X16: =+U16-W16 -> -141.89788 | Y16: =+[5]창원!$Q$85 -> 101651 | Z16: =+[5]창원!$R$85 -> 99143.406 | AA16: =+[6]창원!$Q$85 -> 97356.073 | AB16: =+[5]창원!$Q$89 -> 72300.629 | AC16: =+[5]창원!$R$89 -> 74759.318 | AD16: =+[6]창원!$Q$89 -> 66837.89 | AE16: =+Y16-AB16 -> 29350.371 | AF16: =+Z16-AC16 -> 24384.088 | AG16: =+AA16-AD16 -> 30518.184
B17: 대구 | G17: =+I17 -> 대구 | I17: 대구 | J17: =+IFERROR(HLOOKUP($B17,'[1]6월'!$D$6:$BN$259,2,),)/1000 -> 16.5 | K17: =+IFERROR(HLOOKUP($B17,'[2]6월'!$F$6:$CP$99,2,),)/1000 -> 15.957 | L17: =+K17-J17 -> -0.543 | M17: =+IFERROR(HLOOKUP($B17,'[3]6월'!$F$6:$CC$57,2,),)/1000 -> 18.367 | N17: =+K17-M17 -> -2.41 | O17: =+IFERROR(HLOOKUP($B17,'[1]6월'!$D$6:$BN$259,3,),)/1000 -> 1613.04 | P17: =+IFERROR(HLOOKUP($B17,'[2]6월'!$F$6:$CP$99,3,),)/1000 -> 1689.6666 | Q17: =+P17-O17 -> 76.62657 | R17: =+IFERROR(HLOOKUP($B17,'[3]6월'!$F$6:$CC$57,3,),)/1000 -> 1757.3783 | S17: =+P17-R17 -> -67.71173 | T17: =+IFERROR(HLOOKUP($B17,'[1]6월'!$D$6:$BN$259,16,),)/1000 -> 306.08988 | U17: =+IFERROR(HLOOKUP($B17,'[2]6월'!$F$6:$CP$99,16,),)/1000 -> 285.78178 | V17: =+U17-T17 -> -20.308101 | W17: =+IFERROR(HLOOKUP($B17,'[3]6월'!$F$6:$CC$57,16,),)/1000 -> 371.82623 | X17: =+U17-W17 -> -86.044448 | Y17: =+[5]대구!$Q$85 -> 97760 | Z17: =+[5]대구!$R$85 -> 105888.74 | AA17: =+[6]대구!$Q$85 -> 95666.26 | AB17: =+[5]대구!$Q$89 -> 68358.488 | AC17: =+[5]대구!$R$89 -> 76495.675 | AD17: =+[6]대구!$Q$89 -> 66158.542 | AE17: =+Y17-AB17 -> 29401.512 | AF17: =+Z17-AC17 -> 29393.061 | AG17: =+AA17-AD17 -> 29507.718
B18: 울산 | G18: =+I18 -> 울산 | I18: 울산 | J18: =+IFERROR(HLOOKUP($B18,'[1]6월'!$D$6:$BN$259,2,),)/1000 -> 11 | K18: =+IFERROR(HLOOKUP($B18,'[2]6월'!$F$6:$CP$99,2,),)/1000 -> 14.496 | L18: =+K18-J18 -> 3.496 | M18: =+IFERROR(HLOOKUP($B18,'[3]6월'!$F$6:$CC$57,2,),)/1000 -> 8.687 | N18: =+K18-M18 -> 5.809 | O18: =+IFERROR(HLOOKUP($B18,'[1]6월'!$D$6:$BN$259,3,),)/1000 -> 1113.4317 | P18: =+IFERROR(HLOOKUP($B18,'[2]6월'!$F$6:$CP$99,3,),)/1000 -> 1547.3991 | Q18: =+P18-O18 -> 433.96741 | R18: =+IFERROR(HLOOKUP($B18,'[3]6월'!$F$6:$CC$57,3,),)/1000 -> 839.83615 | S18: =+P18-R18 -> 707.563 | T18: =+IFERROR(HLOOKUP($B18,'[1]6월'!$D$6:$BN$259,16,),)/1000 -> 122.02935 | U18: =+IFERROR(HLOOKUP($B18,'[2]6월'!$F$6:$CP$99,16,),)/1000 -> 273.46478 | V18: =+U18-T18 -> 151.43543 | W18: =+IFERROR(HLOOKUP($B18,'[3]6월'!$F$6:$CC$57,16,),)/1000 -> 102.44357 | X18: =+U18-W18 -> 171.0212 | Y18: =+[5]울산!$Q$85 -> 101221.07 | Z18: =+[5]울산!$R$85 -> 106746.63 | AA18: =+[6]울산!$Q$85 -> 96682.853 | AB18: =+[5]울산!$Q$89 -> 77493.608 | AC18: =+[5]울산!$R$89 -> 79098.881 | AD18: =+[6]울산!$Q$89 -> 72088.073 | AE18: =+Y18-AB18 -> 23727.459 | AF18: =+Z18-AC18 -> 27647.749 | AG18: =+AA18-AD18 -> 24594.78
B19: 아산 | G19: =+I19 -> 아산 | I19: 아산 | J19: =+IFERROR(HLOOKUP($B19,'[1]6월'!$D$6:$BN$259,2,),)/1000 -> 24 | K19: =+IFERROR(HLOOKUP($B19,'[2]6월'!$F$6:$CP$99,2,),)/1000 -> 30.673 | L19: =+K19-J19 -> 6.673 | M19: =+IFERROR(HLOOKUP($B19,'[3]6월'!$F$6:$CC$57,2,),)/1000 -> 24.8 | N19: =+K19-M19 -> 5.873 | O19: =+IFERROR(HLOOKUP($B19,'[1]6월'!$D$6:$BN$259,3,),)/1000 -> 2424.0036 | P19: =+IFERROR(HLOOKUP($B19,'[2]6월'!$F$6:$CP$99,3,),)/1000 -> 3094.9295 | Q19: =+P19-O19 -> 670.92586 | R19: =+IFERROR(HLOOKUP($B19,'[3]6월'!$F$6:$CC$57,3,),)/1000 -> 2440.2958 | S19: =+P19-R19 -> 654.63366 | T19: =+IFERROR(HLOOKUP($B19,'[1]6월'!$D$6:$BN$259,16,),)/1000 -> 387.74728 | U19: =+IFERROR(HLOOKUP($B19,'[2]6월'!$F$6:$CP$99,16,),)/1000 -> 517.15088 | V19: =+U19-T19 -> 129.4036 | W19: =+IFERROR(HLOOKUP($B19,'[3]6월'!$F$6:$CC$57,16,),)/1000 -> 467.73002 | X19: =+U19-W19 -> 49.420864 | Y19: =+[5]아산!$Q$85 -> 101000.15 | Z19: =+[5]아산!$R$85 -> 100900.77 | AA19: =+[6]아산!$Q$85 -> 98555.127 | AB19: =+[5]아산!$Q$89 -> 75742.611 | AC19: =+[5]아산!$R$89 -> 75826.368 | AD19: =+[6]아산!$Q$89 -> 71190.348 | AE19: =+Y19-AB19 -> 25257.539 | AF19: =+Z19-AC19 -> 25074.407 | AG19: =+AA19-AD19 -> 27364.779
B20: 전주 | G20: =+I20 -> 전주 | I20: 전주 | J20: =+IFERROR(HLOOKUP($B20,'[1]6월'!$D$6:$BN$259,2,),)/1000 -> 13 | K20: =+IFERROR(HLOOKUP($B20,'[2]6월'!$F$6:$CP$99,2,),)/1000 -> 7.9935 | L20: =+K20-J20 -> -5.0065 | M20: =+IFERROR(HLOOKUP($B20,'[3]6월'!$F$6:$CC$57,2,),)/1000 -> 12.6475 | N20: =+K20-M20 -> -4.654 | O20: =+IFERROR(HLOOKUP($B20,'[1]6월'!$D$6:$BN$259,3,),)/1000 -> 1347.8929 | P20: =+IFERROR(HLOOKUP($B20,'[2]6월'!$F$6:$CP$99,3,),)/1000 -> 745.8426 | Q20: =+P20-O20 -> -602.05029 | R20: =+IFERROR(HLOOKUP($B20,'[3]6월'!$F$6:$CC$57,3,),)/1000 -> 1250.7507 | S20: =+P20-R20 -> -504.90805 | T20: =+IFERROR(HLOOKUP($B20,'[1]6월'!$D$6:$BN$259,16,),)/1000 -> 249.37979 | U20: =+IFERROR(HLOOKUP($B20,'[2]6월'!$F$6:$CP$99,16,),)/1000 -> 26.426647 | V20: =+U20-T20 -> -222.95314 | W20: =+IFERROR(HLOOKUP($B20,'[3]6월'!$F$6:$CC$57,16,),)/1000 -> 281.72896 | X20: =+U20-W20 -> -255.30232 | Y20: =+[5]전주!$Q$85 -> 103684.07 | Z20: =+[5]전주!$R$85 -> 93306.136 | AA20: =+[6]전주!$Q$85 -> 99035.303 | AB20: =+[5]전주!$Q$89 -> 73031.273 | AC20: =+[5]전주!$R$89 -> 69399.752 | AD20: =+[6]전주!$Q$89 -> 66752.807 | AE20: =+Y20-AB20 -> 30652.796 | AF20: =+Z20-AC20 -> 23906.384 | AG20: =+AA20-AD20 -> 32282.496
B21: 군산 | G21: =+I21 -> 군산 | I21: 군산 | J21: =+IFERROR(HLOOKUP($B21,'[1]6월'!$D$6:$BN$259,2,),)/1000 -> 7.5 | K21: =+IFERROR(HLOOKUP($B21,'[2]6월'!$F$6:$CP$99,2,),)/1000 -> 10.45 | L21: =+K21-J21 -> 2.95 | M21: =+IFERROR(HLOOKUP($B21,'[3]6월'!$F$6:$CC$57,2,),)/1000 -> 8.807 | N21: =+K21-M21 -> 1.643 | O21: =+IFERROR(HLOOKUP($B21,'[1]6월'!$D$6:$BN$259,3,),)/1000 -> 817.18473 | P21: =+IFERROR(HLOOKUP($B21,'[2]6월'!$F$6:$CP$99,3,),)/1000 -> 1231.4346 | Q21: =+P21-O21 -> 414.24987 | R21: =+IFERROR(HLOOKUP($B21,'[3]6월'!$F$6:$CC$57,3,),)/1000 -> 871.30717 | S21: =+P21-R21 -> 360.12743 | T21: =+IFERROR(HLOOKUP($B21,'[1]6월'!$D$6:$BN$259,16,),)/1000 -> 217.12346 | U21: =+IFERROR(HLOOKUP($B21,'[2]6월'!$F$6:$CP$99,16,),)/1000 -> 359.65576 | V21: =+U21-T21 -> 142.5323 | W21: =+IFERROR(HLOOKUP($B21,'[3]6월'!$F$6:$CC$57,16,),)/1000 -> 209.08494 | X21: =+U21-W21 -> 150.57082 | Y21: =+[5]군산!$Q$85 -> 108957.96 | Z21: =+[5]군산!$R$85 -> 117840.63 | AA21: =+[6]군산!$Q$85 -> 98570.921 | AB21: =+[5]군산!$Q$89 -> 69325.559 | AC21: =+[5]군산!$R$89 -> 75736.722 | AD21: =+[6]군산!$Q$89 -> 64797.832 | AE21: =+Y21-AB21 -> 39632.406 | AF21: =+Z21-AC21 -> 42103.909 | AG21: =+AA21-AD21 -> 33773.089
B22: 원주 | G22: =+I22 -> 원주 | I22: 원주 | J22: =+IFERROR(HLOOKUP($B22,'[1]6월'!$D$6:$BN$259,2,),)/1000 -> 5 | K22: =+IFERROR(HLOOKUP($B22,'[2]6월'!$F$6:$CP$99,2,),)/1000 -> 6.349 | L22: =+K22-J22 -> 1.349 | M22: =+IFERROR(HLOOKUP($B22,'[3]6월'!$F$6:$CC$57,2,),)/1000 -> 4.638 | N22: =+K22-M22 -> 1.711 | O22: =+IFERROR(HLOOKUP($B22,'[1]6월'!$D$6:$BN$259,3,),)/1000 -> 539.5 | P22: =+IFERROR(HLOOKUP($B22,'[2]6월'!$F$6:$CP$99,3,),)/1000 -> 730.5149 | Q22: =+P22-O22 -> 191.0149 | R22: =+IFERROR(HLOOKUP($B22,'[3]6월'!$F$6:$CC$57,3,),)/1000 -> 468.8184 | S22: =+P22-R22 -> 261.6965 | T22: =+IFERROR(HLOOKUP($B22,'[1]6월'!$D$6:$BN$259,16,),)/1000 -> 88.524752 | U22: =+IFERROR(HLOOKUP($B22,'[2]6월'!$F$6:$CP$99,16,),)/1000 -> 157.5276 | V22: =+U22-T22 -> 69.00285 | W22: =+IFERROR(HLOOKUP($B22,'[3]6월'!$F$6:$CC$57,16,),)/1000 -> 76.760799 | X22: =+U22-W22 -> 80.766803 | Y22: =+[5]원주!$Q$85 -> 107900 | Z22: =+[5]원주!$R$85 -> 115059.84 | AA22: =+[6]원주!$Q$85 -> 101117.99 | AB22: =+[5]원주!$Q$89 -> 72494.918 | AC22: =+[5]원주!$R$89 -> 75609.7 | AD22: =+[6]원주!$Q$89 -> 68277.322 | AE22: =+Y22-AB22 -> 35405.082 | AF22: =+Z22-AC22 -> 39450.137 | AG22: =+AA22-AD22 -> 32840.671
B23: 제주 | G23: =+I23 -> 제주 | I23: 제주 | J23: =+IFERROR(HLOOKUP($B23,'[1]6월'!$D$6:$BN$259,2,),)/1000 -> 6 | K23: =+IFERROR(HLOOKUP($B23,'[2]6월'!$F$6:$CP$99,2,),)/1000 -> 4.611 | L23: =+K23-J23 -> -1.389 | M23: =+IFERROR(HLOOKUP($B23,'[3]6월'!$F$6:$CC$57,2,),)/1000 -> 8.3925 | N23: =+K23-M23 -> -3.7815 | O23: =+IFERROR(HLOOKUP($B23,'[1]6월'!$D$6:$BN$259,3,),)/1000 -> 760.8 | P23: =+IFERROR(HLOOKUP($B23,'[2]6월'!$F$6:$CP$99,3,),)/1000 -> 568.44685 | Q23: =+P23-O23 -> -192.35315 | R23: =+IFERROR(HLOOKUP($B23,'[3]6월'!$F$6:$CC$57,3,),)/1000 -> 1009.5331 | S23: =+P23-R23 -> -441.08622 | T23: =+IFERROR(HLOOKUP($B23,'[1]6월'!$D$6:$BN$259,16,),)/1000 -> 122.30759 | U23: =+IFERROR(HLOOKUP($B23,'[2]6월'!$F$6:$CP$99,16,),)/1000 -> 65.194074 | V23: =+U23-T23 -> -57.11352 | W23: =+IFERROR(HLOOKUP($B23,'[3]6월'!$F$6:$CC$57,16,),)/1000 -> 207.5061 | X23: =+U23-W23 -> -142.31202 | Y23: =+[5]제주!$Q$85 -> 126800 | Z23: =+[5]제주!$R$85 -> 123280.6 | AA23: =+[6]제주!$Q$85 -> 120298.27 | AB23: =+[5]제주!$Q$89 -> 91078.011 | AC23: =+[5]제주!$R$89 -> 90143.963 | AD23: =+[6]제주!$Q$89 -> 86402.017 | AE23: =+Y23-AB23 -> 35721.989 | AF23: =+Z23-AC23 -> 33136.637 | AG23: =+AA23-AD23 -> 33896.249
G24: =+I24 -> 수도권 | I24: 수도권 | J24: =SUM(J7:J10) -> 119.5 | K24: =SUM(K7:K10) -> 107.2852 | L24: =+K24-J24 -> -12.2148 | M24: =SUM(M7:M10) -> 144.232 | N24: =+K24-M24 -> -36.9468 | O24: =SUM(O7:O10) -> 11973.185 | P24: =SUM(P7:P10) -> 10510.875 | Q24: =+P24-O24 -> -1462.3096 | R24: =SUM(R7:R10) -> 13758.255 | S24: =+P24-R24 -> -3247.3803 | T24: =SUM(T7:T10) -> 1626.927 | U24: =SUM(U7:U10) -> 866.42165 | V24: =+U24-T24 -> -760.50534 | W24: =SUM(W7:W10) -> 2278.4009 | X24: =+U24-W24 -> -1411.9792 | Y24: =+[5]수도권!$Q$85 -> 100194.01 | Z24: =+[5]수도권!$R$85 -> 97972.586 | AA24: =+[6]수도권!$Q$85 -> 95370.959 | AB24: =+[5]수도권!$Q$89 -> 77342.534 | AC24: =+[5]수도권!$R$89 -> 80027.502 | AD24: =+[6]수도권!$Q$89 -> 72212.802 | AE24: =+Y24-AB24 -> 22851.48 | AF24: =+Z24-AC24 -> 17945.084 | AG24: =+AA24-AD24 -> 23158.157
G25: =+I25 -> 영남권 | I25: 영남권 | J25: =SUM(J11:J18) -> 128.5 | K25: =SUM(K11:K18) -> 137.792 | L25: =+K25-J25 -> 9.292 | M25: =SUM(M11:M18) -> 146.565 | N25: =+K25-M25 -> -8.773 | O25: =SUM(O11:O18) -> 13158.526 | P25: =SUM(P11:P18) -> 13894.994 | Q25: =+P25-O25 -> 736.46831 | R25: =SUM(R11:R18) -> 14607.755 | S25: =+P25-R25 -> -712.76049 | T25: =SUM(T11:T18) -> 1925.4949 | U25: =SUM(U11:U18) -> 1518.0696 | V25: =+U25-T25 -> -407.42521 | W25: =SUM(W11:W18) -> 2779.4182 | X25: =+U25-W25 -> -1261.3486 | Y25: =+[5]영남권!$Q$85 -> 102400.98 | Z25: =+[5]영남권!$R$85 -> 100840.36 | AA25: =+[6]영남권!$Q$85 -> 99670.721 | AB25: =+[5]영남권!$Q$89 -> 74820.372 | AC25: =+[5]영남권!$R$89 -> 78131.984 | AD25: =+[6]영남권!$Q$89 -> 71056.777 | AE25: =+Y25-AB25 -> 27580.609 | AF25: =+Z25-AC25 -> 22708.372 | AG25: =+AA25-AD25 -> 28613.943
G26: =+I26 -> 중부권 | I26: 중부권 | J26: =SUM(J19:J23) -> 55.5 | K26: =SUM(K19:K23) -> 60.0765 | L26: =+K26-J26 -> 4.5765 | M26: =SUM(M19:M23) -> 59.285 | N26: =+K26-M26 -> 0.7915 | O26: =SUM(O19:O23) -> 5889.3812 | P26: =SUM(P19:P23) -> 6371.1684 | Q26: =+P26-O26 -> 481.78719 | R26: =SUM(R19:R23) -> 6040.7051 | S26: =+P26-R26 -> 330.46331 | T26: =SUM(T19:T23) -> 1065.0829 | U26: =SUM(U19:U23) -> 1125.955 | V26: =+U26-T26 -> 60.872087 | W26: =SUM(W19:W23) -> 1242.8108 | X26: =+U26-W26 -> -116.85586 | Y26: =+[5]중부권!$Q$85 -> 106114.98 | Z26: =+[5]중부권!$R$85 -> 106050.93 | AA26: =+[6]중부권!$Q$85 -> 102035.99 | AB26: =+[5]중부권!$Q$89 -> 75605.65 | AC26: =+[5]중부권!$R$89 -> 76044.867 | AD26: =+[6]중부권!$Q$89 -> 71271.842 | AE26: =+Y26-AB26 -> 30509.327 | AF26: =+Z26-AC26 -> 30006.058 | AG26: =+AA26-AD26 -> 30764.15
G27: =+K27/J27 -> 1.0054488 | H27: 레미콘 계 | J27: =SUM(J24:J26) -> 303.5 | K27: =SUM(K24:K26) -> 305.1537 | L27: =+K27-J27 -> 1.6537 | M27: =SUM(M24:M26) -> 350.082 | N27: =+K27-M27 -> -44.9283 | O27: =SUM(O24:O26) -> 31021.092 | P27: =SUM(P24:P26) -> 30777.038 | Q27: =+P27-O27 -> -244.05413 | R27: =SUM(R24:R26) -> 34406.715 | S27: =+P27-R27 -> -3629.6774 | T27: =SUM(T24:T26) -> 4617.5047 | U27: =SUM(U24:U26) -> 3510.4462 | V27: =+U27-T27 -> -1107.0585 | W27: =SUM(W24:W26) -> 6300.63 | X27: =+U27-W27 -> -2790.1837 | Y27: =+[5]합계!$Q$85 -> 102211.18 | Z27: =+[5]합계!$R$85 -> 100861.45 | AA27: =+[6]합계!$Q$85 -> 98290.639 | AB27: =+[5]합계!$Q$89 -> 75957.048 | AC27: =+[5]합계!$R$89 -> 78384.694 | AD27: =+[6]합계!$Q$89 -> 71567.894 | AE27: =+Y27-AB27 -> 26254.128 | AF27: =+Z27-AC27 -> 22476.76 | AG27: =+AA27-AD27 -> 26722.744
B28: 건자재 | E28: 건자재영업 | G28: 건자재 | H28: 건자재 | J28: =+IFERROR(HLOOKUP($B28,'[1]6월'!$D$6:$BN$259,2,),) -> 6100 | K28: =+IFERROR(HLOOKUP($E28,'[2]6월'!$F$6:$CP$99,2,),) -> 7982.061 | L28: =+K28-J28 -> 1882.061 | M28: =+IFERROR(HLOOKUP($E28,'[3]6월'!$F$6:$CC$57,2,),) -> 7070.5 | N28: =+K28-M28 -> 911.561 | O28: =+IFERROR(HLOOKUP($B28,'[1]6월'!$D$6:$BN$259,3,),)/1000 -> 7443.8253 | P28: =+IFERROR(HLOOKUP($E28,'[2]6월'!$F$6:$CP$99,3,),)/1000 -> 7873.3448 | Q28: =+P28-O28 -> 429.51951 | R28: =+IFERROR(HLOOKUP($E28,'[3]6월'!$F$6:$CC$57,3,),)/1000 -> 8947.0894 | S28: =+P28-R28 -> -1073.7446 | T28: =+IFERROR(HLOOKUP($B28,'[1]6월'!$D$6:$BN$259,16,),)/1000 -> 65.463103 | U28: =+IFERROR(HLOOKUP($E28,'[2]6월'!$F$6:$CP$99,16,),)/1000 -> 150.16984 | V28: =+U28-T28 -> 84.706737 | W28: =+IFERROR(HLOOKUP($E28,'[3]6월'!$F$6:$CC$57,16,),)/1000 -> 117.02504 | X28: =+U28-W28 -> 33.144798 | Y28: ■ 비고
B29: 부산모래장 | C29: 부산골재 | G29: =+I29 -> 부산모래장 | H29: 골재 | I29: 부산모래장 | J29: =+IFERROR(HLOOKUP($B29,'[1]6월'!$D$6:$BN$259,2,),)/1000 -> 27.56538 | K29: =+IFERROR(HLOOKUP($C29,'[2]6월'!$F$6:$CP$99,2,),)/1000 -> 18.49 | L29: =+K29-J29 -> -9.0753797 | M29: =+IFERROR(HLOOKUP($C29,'[3]6월'!$F$6:$CC$57,2,),)/1000 -> 27.381 | N29: =+K29-M29 -> -8.891 | O29: =+IFERROR(HLOOKUP($B29,'[1]6월'!$D$6:$BN$259,3,),)/1000 -> 783.26375 | P29: =+IFERROR(HLOOKUP($C29,'[2]6월'!$F$6:$CP$99,3,),)/1000 -> 536.244 | Q29: =+P29-O29 -> -247.01975 | R29: =+IFERROR(HLOOKUP($C29,'[3]6월'!$F$6:$CC$57,3,),)/1000 -> 793.573 | S29: =+P29-R29 -> -257.329 | T29: =+IFERROR(HLOOKUP($B29,'[1]6월'!$D$6:$BN$259,21,),)/1000 -> -13.063949 | U29: =+IFERROR(HLOOKUP($C29,'[2]6월'!$F$6:$CP$99,21,),)/1000 -> -53.966539 | V29: =+U29-T29 -> -40.90259 | W29: =+IFERROR(HLOOKUP($C29,'[3]6월'!$F$6:$CC$57,16,),)/1000 -> 8.366336 | X29: =+U29-W29 -> -62.332875 | Y29: - 대손환입 6.2억 : 집합 7.3억, ㈜신일 0.6억 환입 / 대손충당 남양건설㈜ 1.7억
B30: 서부산크라샤 | C30: 서부산골재 | G30: =+I30 -> 서부산CR | I30: 서부산CR | J30: =+IFERROR(HLOOKUP($B30,'[1]6월'!$D$6:$BN$259,2,),)/1000 -> 50.237673 | K30: =+IFERROR(HLOOKUP($C30,'[2]6월'!$F$6:$CP$99,2,),)/1000 -> 24.944 | L30: =+K30-J30 -> -25.293673 | M30: =+IFERROR(HLOOKUP($C30,'[3]6월'!$F$6:$CC$57,2,),)/1000 -> 33.392 | N30: =+K30-M30 -> -8.448 | O30: =+IFERROR(HLOOKUP($B30,'[1]6월'!$D$6:$BN$259,3,),)/1000 -> 619.24877 | P30: =+IFERROR(HLOOKUP($C30,'[2]6월'!$F$6:$CP$99,3,),)/1000 -> 344.552 | Q30: =+P30-O30 -> -274.69677 | R30: =+IFERROR(HLOOKUP($C30,'[3]6월'!$F$6:$CC$57,3,),)/1000 -> 396.256 | S30: =+P30-R30 -> -51.704 | T30: =+IFERROR(HLOOKUP($B30,'[1]6월'!$D$6:$BN$259,21,),)/1000 -> 174.71702 | U30: =+IFERROR(HLOOKUP($C30,'[2]6월'!$F$6:$CP$99,21,),)/1000 -> 23.263172 | V30: =+U30-T30 -> -151.45385 | W30: =+IFERROR(HLOOKUP($C30,'[3]6월'!$F$6:$CC$57,16,),)/1000 -> 52.48206 | X30: =+U30-W30 -> -29.218888
B31: 부산크라샤 | C31: 부산크라샤 | G31: =+I31 -> 부산CR | I31: 부산CR | J31: =+IFERROR(HLOOKUP($B31,'[1]6월'!$D$6:$BN$259,2,),)/1000 -> 41.645146 | K31: =+IFERROR(HLOOKUP($C31,'[2]6월'!$F$6:$CP$99,2,),)/1000 -> 32.89 | L31: =+K31-J31 -> -8.7551455 | M31: =+IFERROR(HLOOKUP($C31,'[3]6월'!$F$6:$CC$57,2,),)/1000 -> 3.8 | N31: =+K31-M31 -> 29.09 | O31: =+IFERROR(HLOOKUP($B31,'[1]6월'!$D$6:$BN$259,3,),)/1000 -> 748.14153 | P31: =+IFERROR(HLOOKUP($C31,'[2]6월'!$F$6:$CP$99,3,),)/1000 -> 596.203 | Q31: =+P31-O31 -> -151.93853 | R31: =+IFERROR(HLOOKUP($C31,'[3]6월'!$F$6:$CC$57,3,),)/1000 -> 67.48 | S31: =+P31-R31 -> 528.723 | T31: =+IFERROR(HLOOKUP($B31,'[1]6월'!$D$6:$BN$259,21,),)/1000 -> 49.613709 | U31: =+IFERROR(HLOOKUP($C31,'[2]6월'!$F$6:$CP$99,21,),)/1000 -> 6.6444047 | V31: =+U31-T31 -> -42.969305 | W31: =+IFERROR(HLOOKUP($C31,'[3]6월'!$F$6:$CC$57,16,),)/1000 -> -53.819569 | X31: =+U31-W31 -> 60.463974
H32: 골재 계 | J32: =SUM(J29:J31) -> 119.4482 | K32: =SUM(K29:K31) -> 76.324 | L32: =+K32-J32 -> -43.124199 | M32: =SUM(M29:M31) -> 64.573 | N32: =+K32-M32 -> 11.751 | O32: =SUM(O29:O31) -> 2150.6541 | P32: =SUM(P29:P31) -> 1476.999 | Q32: =+P32-O32 -> -673.65505 | R32: =SUM(R29:R31) -> 1257.309 | S32: =+P32-R32 -> 219.69 | T32: =SUM(T29:T31) -> 211.26679 | U32: =SUM(U29:U31) -> -24.058962 | V32: =+U32-T32 -> -235.32575 | W32: =SUM(W29:W31) -> 7.028827 | X32: =+U32-W32 -> -31.087789
B33: 포항임대 | C33: 속초임대 | D33: 강릉임대 | E33: 레미콘임대 계 | G33: =+I33 -> 레미콘임대 | H33: 기타 | I33: 레미콘임대 | L33: =+K33-J33 -> 0 | N33: =+K33-M33 -> 0 | O33: =(IFERROR(HLOOKUP($B33,'[1]6월'!$D$6:$BN$259,3,),)++IFERROR(HLOOKUP($C33,'[1]6월'!$D$6:$BN$259,3,),)+IFERROR(HLOOKUP($D33,'[1]6월'!$D$6:$BN$259,3,),))/1000 -> 90.84 | P33: =+IFERROR(HLOOKUP($E33,'[2]6월'!$F$6:$CP$99,3,),)/1000 -> 90.84 | Q33: =+P33-O33 -> 0 | R33: =+IFERROR(HLOOKUP($E33,'[3]6월'!$F$6:$CC$57,3,),)/1000 -> 84.59 | S33: =+P33-R33 -> 6.25 | T33: =(IFERROR(HLOOKUP($B33,'[1]6월'!$D$6:$BN$259,21,),)++IFERROR(HLOOKUP($C33,'[1]6월'!$D$6:$BN$259,21,),)+IFERROR(HLOOKUP($D33,'[1]6월'!$D$6:$BN$259,21,),))/1000 -> 13.943842 | U33: =+IFERROR(HLOOKUP($E33,'[2]6월'!$F$6:$CP$99,16,),)/1000 -> -23.482855 | V33: =+U33-T33 -> -37.426697 | W33: =+IFERROR(HLOOKUP($E33,'[3]6월'!$F$6:$CC$57,16,),)/1000 -> -3.942039 | X33: =+U33-W33 -> -19.540816
B34: 부동산임대 | C34: 주유소임대 | E34: 임대 계 | G34: =+I34 -> 임대 | I34: 임대 | L34: =+K34-J34 -> 0 | M34: 0 | N34: =+K34-M34 -> 0 | O34: =(+IFERROR(HLOOKUP($B34,'[1]6월'!$D$6:$BN$259,3,),)+IFERROR(HLOOKUP($C34,'[1]6월'!$D$6:$BN$259,3,),))/1000 -> 72.2975 | P34: =+IFERROR(HLOOKUP($E34,'[2]6월'!$F$6:$CP$99,3,),)/1000 -> 73.635212 | Q34: =+P34-O34 -> 1.3377117 | R34: =+IFERROR(HLOOKUP($E34,'[3]6월'!$F$6:$CC$57,3,),)/1000 -> 95.260091 | S34: =+P34-R34 -> -21.624879 | T34: =(+IFERROR(HLOOKUP($B34,'[1]6월'!$D$6:$BN$259,21,),)+IFERROR(HLOOKUP($C34,'[1]6월'!$D$6:$BN$259,21,),))/1000 -> 74.638401 | U34: =+IFERROR(HLOOKUP($E34,'[2]6월'!$F$6:$CP$99,16,),)/1000 -> 76.100837 | V34: =+U34-T34 -> 1.4624357 | W34: =+IFERROR(HLOOKUP($E34,'[3]6월'!$F$6:$CC$57,16,),)/1000 -> 98.057103 | X34: =+U34-W34 -> -21.956266
B35: 공 통 비 | G35: =+I35 -> 공통비 | I35: 공통비 | L35: =+K35-J35 -> 0 | N35: =+K35-M35 -> 0 | Q35: =+P35-O35 -> 0 | S35: =+P35-R35 -> 0 | T35: =-'[1]6월'!$Z$22/1000 -> -2614.3237 | U35: =+-'[2]6월'!$Z$22/1000 -> -2487.3998 | V35: =+U35-T35 -> 126.92383 | W35: =+-'[3]6월'!$Z$22/1000 -> -1613.42 | X35: =+U35-W35 -> -873.97987
G36: =+I36 -> OPC 소급분 | I36: OPC 소급분 | N36: =+K36-M36 -> 0 | Q36: =+P36-O36 -> 0 | S36: =+P36-R36 -> 0 | T36: =+'[1]6월'!$AS$26/1000 -> 1329.7 | U36: =-'[2]6월'!$BD$26/1000 -> 0 | V36: =+U36-T36 -> -1329.7 | W36: =-'[3]6월'!$BD$26/1000 -> 0 | X36: =+U36-W36 -> 0
G37: =+I37 -> 대손 | I37: 대손 | N37: =+K37-M37 -> 0 | Q37: =+P37-O37 -> 0 | S37: =+P37-R37 -> 0 | U37: ='[2]6월'!$BE$26/1000 -> 620.33483 | V37: =+U37-T37 -> 620.33483 | W37: ='[3]6월'!$BE$26/1000 -> -968.71633 | X37: =+U37-W37 -> 1589.0512
G38: =+I38 -> 미운영 공장 | I38: 미운영 공장 | M38: =SUM(M54:M57) -> 0 | N38: =+K38-M38 -> 0 | Q38: =+P38-O38 -> 0 | R38: =+IFERROR(HLOOKUP($I$38,'[3]6월'!$F$6:$BJ$50,3,),)/1000 -> 0 | S38: =+P38-R38 -> 0 | T38: =SUM('[1]6월'!$AM$26:$AQ$26)/1000 -> -50.424538 | U38: =+'[2]6월'!$BF$26/1000 -> -56.104233 | V38: =+U38-T38 -> -5.6796946 | W38: =+'[3]6월'!$BF$26/1000 -> -9.456456 | X38: =+U38-W38 -> -46.647777
B39: 기타 계 | G39: =+I39 -> 기타 | I39: 기타 | L39: =+K39-J39 -> 0 | N39: =+K39-M39 -> 0 | O39: =IFERROR(HLOOKUP($B39,'[1]6월'!$D$6:$BN$259,3,),)/1000 -> 1.77 | P39: =+('[2]6월'!$F$8-SUM('[2]6월'!$Z$8,'[2]6월'!$AH$8,'[2]6월'!$AN$8,'[2]6월'!$AO$8,'[2]6월'!$BA$8,'[2]6월'!$BD$8,'[2]6월'!$BE$8,'[2]6월'!$BF$8))/1000 -> 1.704 | Q39: =+P39-O39 -> -0.066 | R39: =+('[3]6월'!$F$8-SUM('[3]6월'!$Z$8,'[3]6월'!$AH$8,'[3]6월'!$AN$8,'[3]6월'!$AO$8,'[3]6월'!$BA$8,'[3]6월'!$BD$8,'[3]6월'!$BE$8,'[3]6월'!$BF$8))/1000 -> 1.7621 | S39: =+P39-R39 -> -0.0581 | T39: =+('[1]6월'!$E$26-'[1]6월'!$Z$26-'[1]6월'!$AA$26-'[1]6월'!$AE$26-'[1]6월'!$AL$26-'[1]6월'!$AM$26-'[1]6월'!$AN$26-'[1]6월'!$AO$26-'[1]6월'!$AP$26-'[1]6월'!$AQ$26-'[1]6월'!$AS$26)/1000 -> -68.088929 | U39: =+('[2]6월'!$F$26-SUM('[2]6월'!$Z$26,'[2]6월'!$AH$26,'[2]6월'!$AN$26,'[2]6월'!$AO$26,'[2]6월'!$BA$26,'[2]6월'!$BD$26,'[2]6월'!$BE$26,'[2]6월'!$BF$26))/1000 -> -90.356696 | V39: =+U39-T39 -> -22.267767 | W39: =+('[3]6월'!$F$26-SUM('[3]6월'!$Z$26,'[3]6월'!$AH$26,'[3]6월'!$AN$26,'[3]6월'!$AO$26,'[3]6월'!$BA$26,'[3]6월'!$BD$26,'[3]6월'!$BE$26,'[3]6월'!$BF$26))/1000 -> -78.86109 | X39: =+U39-W39 -> -11.495606
N40: =+K40-M40 -> 0 | Q40: =+P40-O40 -> 0 | S40: =+P40-R40 -> 0 | V40: =+U40-T40 -> 0
H41: 기타 계 | J41: =SUM(J33:J40) -> 0 | K41: =SUM(K33:K40) -> 0 | L41: =+K41-J41 -> 0 | M41: =SUM(M33:M40) -> 0 | N41: =+K41-M41 -> 0 | O41: =SUM(O33:O40) -> 164.9075 | P41: =SUM(P33:P40) -> 166.17921 | Q41: =+P41-O41 -> 1.2717117 | R41: =SUM(R33:R40) -> 181.61219 | S41: =+P41-R41 -> -15.432979 | T41: =SUM(T33:T40) -> -1314.5549 | U41: =SUM(U33:U40) -> -1960.908 | V41: =+U41-T41 -> -646.35306 | W41: =SUM(W33:W40) -> -2576.3388 | X41: =+U41-W41 -> 615.43083
U42: 19 | V42: 12.4
G43: =+P43/O43 -> 0.98806002 | H43: 합계 | O43: =+O27+O32+O28+O41 -> 40780.479 | P43: =+P27+P32+P28+P41 -> 40293.561 | Q43: =+P43-O43 -> -486.91796 | R43: =+R27+R32+R28+R41 -> 44792.726 | S43: =+P43-R43 -> -4499.1651 | T43: =+T27+T32+T28+T41 -> 3579.6797 | U43: =+U27+U32+U28+U41 -> 1675.6492 | V43: =+U43-T43 -> -1904.0305 | W43: =+W27+W32+W28+W41 -> 3848.345 | X43: =+U43-W43 -> -2172.6959
G44: =+U43/T43 -> 0.46810031 | P44: =+P43/O43 -> 0.98806002 | T44: =+T43/O43 -> 0.087779247 | U44: =+U43/P43 -> 0.041586028
I46: 확인 | J46: =+'[1]6월'!$Z$7/1000 -> 303.5 | K46: =+'[2]6월'!$AI$7/1000 -> 305.1537 | M46: =+'[3]6월'!$Z$7/1000 -> 350.082 | O46: =+'[1]6월'!$E$8/1000 -> 40780.479 | P46: =+'[2]6월'!$F$8/1000 -> 40293.561 | R46: =+'[3]6월'!$F$8/1000 -> 44792.726 | T46: =+'[1]6월'!$E$26/1000 -> 3579.6797 | U46: =+'[2]6월'!$F$26/1000 -> 1675.6492 | W46: =+'[3]6월'!$F$26/1000 -> 3848.345
J47: =+J46-J27 -> 0 | K47: =+K46-K27 -> 0 | M47: =+M46-M27 -> 0 | O47: =+O46-O43 -> 0 | P47: =+P46-P43 -> 0 | R47: =+R46-R43 -> 0 | T47: =+T46-T43 -> -3.6379788e-12 | U47: =+U46-U43 -> 0 | W47: =+W46-W43 -> 0

Sheet 사업장별(누계)
H3: □ 사업장별 손익실적(2024-06누계)
AG4: [단위 : 천㎥, 톤, 백만원]
H5: 구분 | J5: 물량 | O5: 매출 | T5: 영업이익(공통비 배부전) | Y5: 판매단가 | AB5: 변동비 | AE5: 공헌이익
J6: 계획 | K6: 실적 | L6: 차이 | M6: 전년 | N6: 차이 | O6: 계획 | P6: 실적 | Q6: 차이 | R6: 전년 | S6: 차이 | T6: 계획 | U6: 실적 | V6: 차이 | W6: 전년 | X6: 차이 | Y6: 계획 | Z6: 실적 | AA6: 전년 | AB6: 계획 | AC6: 실적 | AD6: 전년 | AE6: 계획 | AF6: 실적 | AG6: 전년
B7: 안양 | F7: =+U7/T7 -> 0.81377098 | G7: =+K7/J7 -> 1.006849 | H7: 레미콘 | I7: 안양 | J7: =+'사업장별(당월)'!J7+'[4]사업장별(누계)'!J7 -> 245 | K7: =+'사업장별(당월)'!K7+'[4]사업장별(누계)'!K7 -> 246.678 | L7: =+K7-J7 -> 1.678 | M7: =+'사업장별(당월)'!M7+'[4]사업장별(누계)'!M7 -> 273.585 | N7: =+K7-M7 -> -26.907 | O7: =+'사업장별(당월)'!O7+'[4]사업장별(누계)'!O7 -> 24443.855 | P7: =+'사업장별(당월)'!P7+'[4]사업장별(누계)'!P7 -> 24515.111 | Q7: =+P7-O7 -> 71.255944 | R7: =+'사업장별(당월)'!R7+'[4]사업장별(누계)'!R7 -> 25195.484 | S7: =+P7-R7 -> -680.37259 | T7: =+'사업장별(당월)'!T7+'[4]사업장별(누계)'!T7 -> 3168.067 | U7: =+'사업장별(당월)'!U7+'[4]사업장별(누계)'!U7 -> 2578.081 | V7: =+U7-T7 -> -589.98602 | W7: =+'사업장별(당월)'!W7+'[4]사업장별(누계)'!W7 -> 3600.9309 | X7: =+U7-W7 -> -1022.8499 | Y7: =+[11]안양!$Q$85 -> 99770.838 | Z7: =+[11]안양!$R$85 -> 99374.66 | AA7: =+[12]안양!$Q$85 -> 92071.611 | AB7: =+[11]안양!$Q$89 -> 79220.915 | AC7: =+[11]안양!$R$89 -> 81333.041 | AD7: =+[12]안양!$Q$89 -> 72424.501 | AE7: =+Y7-AB7 -> 20549.923 | AF7: =+Z7-AC7 -> 18041.619 | AG7: =+AA7-AD7 -> 19647.11 | AI7: 22.510942
B8: 인천 | F8: =+U8/T8 -> 0.82483389 | G8: =+K8/J8 -> 0.96042222 | H8: 직영 | I8: 인천 | J8: =+'사업장별(당월)'!J8+'[4]사업장별(누계)'!J8 -> 180 | K8: =+'사업장별(당월)'!K8+'[4]사업장별(누계)'!K8 -> 172.876 | L8: =+K8-J8 -> -7.124 | M8: =+'사업장별(당월)'!M8+'[4]사업장별(누계)'!M8 -> 236.407 | N8: =+K8-M8 -> -63.531 | O8: =+'사업장별(당월)'!O8+'[4]사업장별(누계)'!O8 -> 18179.561 | P8: =+'사업장별(당월)'!P8+'[4]사업장별(누계)'!P8 -> 17322.638 | Q8: =+P8-O8 -> -856.9237 | R8: =+'사업장별(당월)'!R8+'[4]사업장별(누계)'!R8 -> 22303.782 | S8: =+P8-R8 -> -4981.1441 | T8: =+'사업장별(당월)'!T8+'[4]사업장별(누계)'!T8 -> 1691.7895 | U8: =+'사업장별(당월)'!U8+'[4]사업장별(누계)'!U8 -> 1395.4453 | V8: =+U8-T8 -> -296.34417 | W8: =+'사업장별(당월)'!W8+'[4]사업장별(누계)'!W8 -> 2722.0365 | X8: =+U8-W8 -> -1326.5912 | Y8: =+[11]인천!$Q$85 -> 100997.56 | Z8: =+[11]인천!$R$85 -> 100202.67 | AA8: =+[12]인천!$Q$85 -> 94336.148 | AB8: =+[11]인천!$Q$89 -> 81428.035 | AC8: =+[11]인천!$R$89 -> 82122.86 | AD8: =+[12]인천!$Q$89 -> 75238.594 | AE8: =+Y8-AB8 -> 19569.527 | AF8: =+Z8-AC8 -> 18079.815 | AG8: =+AA8-AD8 -> 19097.553 | AI8: 12.217192
B9: 파주 | F9: =+U9/T9 -> 0.6409997 | G9: =+K9/J9 -> 1.0232464 | I9: 파주 | J9: =+'사업장별(당월)'!J9+'[4]사업장별(누계)'!J9 -> 151 | K9: =+'사업장별(당월)'!K9+'[4]사업장별(누계)'!K9 -> 154.5102 | L9: =+K9-J9 -> 3.5102 | M9: =+'사업장별(당월)'!M9+'[4]사업장별(누계)'!M9 -> 153.66 | N9: =+K9-M9 -> 0.8502 | O9: =+'사업장별(당월)'!O9+'[4]사업장별(누계)'!O9 -> 14817.269 | P9: =+'사업장별(당월)'!P9+'[4]사업장별(누계)'!P9 -> 15237.953 | Q9: =+P9-O9 -> 420.68468 | R9: =+'사업장별(당월)'!R9+'[4]사업장별(누계)'!R9 -> 13915.302 | S9: =+P9-R9 -> 1322.6515 | T9: =+'사업장별(당월)'!T9+'[4]사업장별(누계)'!T9 -> 1920.4543 | U9: =+'사업장별(당월)'!U9+'[4]사업장별(누계)'!U9 -> 1231.0106 | V9: =+U9-T9 -> -689.44366 | W9: =+'사업장별(당월)'!W9+'[4]사업장별(누계)'!W9 -> 1418.7954 | X9: =+U9-W9 -> -187.78479 | Y9: =+[11]파주!$Q$85 -> 98127.608 | Z9: =+[11]파주!$R$85 -> 98647.485 | AA9: =+[12]파주!$Q$85 -> 90534.843 | AB9: =+[11]파주!$Q$89 -> 76485.866 | AC9: =+[11]파주!$R$89 -> 81669.229 | AD9: =+[12]파주!$Q$89 -> 72706.497 | AE9: =+Y9-AB9 -> 21641.742 | AF9: =+Z9-AC9 -> 16978.256 | AG9: =+AA9-AD9 -> 17828.346 | AI9: 9.7481997
B10: 김포 | F10: =+U10/T10 -> 0.76704272 | G10: =+K10/J10 -> 0.87760119 | I10: 김포 | J10: =+'사업장별(당월)'!J10+'[4]사업장별(누계)'!J10 -> 84 | K10: =+'사업장별(당월)'!K10+'[4]사업장별(누계)'!K10 -> 73.7185 | L10: =+K10-J10 -> -10.2815 | M10: =+'사업장별(당월)'!M10+'[4]사업장별(누계)'!M10 -> 105.3395 | N10: =+K10-M10 -> -31.621 | O10: =+'사업장별(당월)'!O10+'[4]사업장별(누계)'!O10 -> 7982.837 | P10: =+'사업장별(당월)'!P10+'[4]사업장별(누계)'!P10 -> 7287.6592 | Q10: =+P10-O10 -> -695.17778 | R10: =+'사업장별(당월)'!R10+'[4]사업장별(누계)'!R10 -> 9333.4066 | S10: =+P10-R10 -> -2045.7474 | T10: =+'사업장별(당월)'!T10+'[4]사업장별(누계)'!T10 -> 953.13158 | U10: =+'사업장별(당월)'!U10+'[4]사업장별(누계)'!U10 -> 731.09263 | V10: =+U10-T10 -> -222.03894 | W10: =+'사업장별(당월)'!W10+'[4]사업장별(누계)'!W10 -> 1255.6415 | X10: =+U10-W10 -> -524.54887 | Y10: =+[11]김포!$Q$85 -> 95033.774 | Z10: =+[11]김포!$R$85 -> 98880.551 | AA10: =+[12]김포!$Q$85 -> 88547.824 | AB10: =+[11]김포!$Q$89 -> 71591.504 | AC10: =+[11]김포!$R$89 -> 75884.503 | AD10: =+[12]김포!$Q$89 -> 67223.703 | AE10: =+Y10-AB10 -> 23442.27 | AF10: =+Z10-AC10 -> 22996.047 | AG10: =+AA10-AD10 -> 21324.122 | AI10: 6.215745
B11: 부산 | F11: =+U11/T11 -> 0.93559675 | G11: =+K11/J11 -> 1.1670929 | I11: 부산 | J11: =+'사업장별(당월)'!J11+'[4]사업장별(누계)'!J11 -> 113 | K11: =+'사업장별(당월)'!K11+'[4]사업장별(누계)'!K11 -> 131.8815 | L11: =+K11-J11 -> 18.8815 | M11: =+'사업장별(당월)'!M11+'[4]사업장별(누계)'!M11 -> 148.9595 | N11: =+K11-M11 -> -17.078 | O11: =+'사업장별(당월)'!O11+'[4]사업장별(누계)'!O11 -> 12158.809 | P11: =+'사업장별(당월)'!P11+'[4]사업장별(누계)'!P11 -> 14056.407 | Q11: =+P11-O11 -> 1897.5981 | R11: =+'사업장별(당월)'!R11+'[4]사업장별(누계)'!R11 -> 15134.806 | S11: =+P11-R11 -> -1078.3991 | T11: =+'사업장별(당월)'!T11+'[4]사업장별(누계)'!T11 -> 1625.1374 | U11: =+'사업장별(당월)'!U11+'[4]사업장별(누계)'!U11 -> 1520.4732 | V11: =+U11-T11 -> -104.66413 | W11: =+'사업장별(당월)'!W11+'[4]사업장별(누계)'!W11 -> 2856.3739 | X11: =+U11-W11 -> -1335.9006 | Y11: =+[11]부산!$Q$85 -> 107600.08 | Z11: =+[11]부산!$R$85 -> 106583.61 | AA11: =+[12]부산!$Q$85 -> 101603.5 | AB11: =+[11]부산!$Q$89 -> 78633.325 | AC11: =+[11]부산!$R$89 -> 83433.784 | AD11: =+[12]부산!$Q$89 -> 72669.387 | AE11: =+Y11-AB11 -> 28966.752 | AF11: =+Z11-AC11 -> 23149.829 | AG11: =+AA11-AD11 -> 28934.109 | AI11: 14.018406
B12: 서부산 | F12: =+U12/T12 -> 0.67340162 | G12: =+K12/J12 -> 0.96873759 | I12: 서부산 | J12: =+'사업장별(당월)'!J12+'[4]사업장별(누계)'!J12 -> 141 | K12: =+'사업장별(당월)'!K12+'[4]사업장별(누계)'!K12 -> 136.592 | L12: =+K12-J12 -> -4.408 | M12: =+'사업장별(당월)'!M12+'[4]사업장별(누계)'!M12 -> 132.528 | N12: =+K12-M12 -> 4.064 | O12: =+'사업장별(당월)'!O12+'[4]사업장별(누계)'!O12 -> 14616.97 | P12: =+'사업장별(당월)'!P12+'[4]사업장별(누계)'!P12 -> 13806.266 | Q12: =+P12-O12 -> -810.70383 | R12: =+'사업장별(당월)'!R12+'[4]사업장별(누계)'!R12 -> 13173.64 | S12: =+P12-R12 -> 632.62551 | T12: =+'사업장별(당월)'!T12+'[4]사업장별(누계)'!T12 -> 2466.5262 | U12: =+'사업장별(당월)'!U12+'[4]사업장별(누계)'!U12 -> 1660.9628 | V12: =+U12-T12 -> -805.56347 | W12: =+'사업장별(당월)'!W12+'[4]사업장별(누계)'!W12 -> 2269.0995 | X12: =+U12-W12 -> -608.13669 | Y12: =+[11]서부산!$Q$85 -> 103666.45 | Z12: =+[11]서부산!$R$85 -> 101076.68 | AA12: =+[12]서부산!$Q$85 -> 99402.695 | AB12: =+[11]서부산!$Q$89 -> 77301.501 | AC12: =+[11]서부산!$R$89 -> 79083.398 | AD12: =+[12]서부산!$Q$89 -> 73086.723 | AE12: =+Y12-AB12 -> 26364.95 | AF12: =+Z12-AC12 -> 21993.282 | AG12: =+AA12-AD12 -> 26315.972 | AI12: 13.82269
B13: 김해 | F13: =+U13/T13 -> 0.67713011 | G13: =+K13/J13 -> 1.1494058 | I13: 김해 | J13: =+'사업장별(당월)'!J13+'[4]사업장별(누계)'!J13 -> 69 | K13: =+'사업장별(당월)'!K13+'[4]사업장별(누계)'!K13 -> 79.309 | L13: =+K13-J13 -> 10.309 | M13: =+'사업장별(당월)'!M13+'[4]사업장별(누계)'!M13 -> 83.628 | N13: =+K13-M13 -> -4.319 | O13: =+'사업장별(당월)'!O13+'[4]사업장별(누계)'!O13 -> 6969.0012 | P13: =+'사업장별(당월)'!P13+'[4]사업장별(누계)'!P13 -> 7717.5713 | Q13: =+P13-O13 -> 748.5701 | R13: =+'사업장별(당월)'!R13+'[4]사업장별(누계)'!R13 -> 8103.9856 | S13: =+P13-R13 -> -386.4143 | T13: =+'사업장별(당월)'!T13+'[4]사업장별(누계)'!T13 -> 803.15271 | U13: =+'사업장별(당월)'!U13+'[4]사업장별(누계)'!U13 -> 543.83888 | V13: =+U13-T13 -> -259.31383 | W13: =+'사업장별(당월)'!W13+'[4]사업장별(누계)'!W13 -> 1161.208 | X13: =+U13-W13 -> -617.36909 | Y13: =+[11]김해!$Q$85 -> 101000.02 | Z13: =+[11]김해!$R$85 -> 97399.068 | AA13: =+[12]김해!$Q$85 -> 96915.452 | AB13: =+[11]김해!$Q$89 -> 76425.282 | AC13: =+[11]김해!$R$89 -> 79402.427 | AD13: =+[12]김해!$Q$89 -> 73033.606 | AE13: =+Y13-AB13 -> 24574.736 | AF13: =+Z13-AC13 -> 17996.641 | AG13: =+AA13-AD13 -> 23881.846 | AI13: 4.8529445
B14: 정관 | F14: =+U14/T14 -> 0.84630083 | G14: =+K14/J14 -> 1.1651762 | I14: 정관 | J14: =+'사업장별(당월)'!J14+'[4]사업장별(누계)'!J14 -> 105 | K14: =+'사업장별(당월)'!K14+'[4]사업장별(누계)'!K14 -> 122.3435 | L14: =+K14-J14 -> 17.3435 | M14: =+'사업장별(당월)'!M14+'[4]사업장별(누계)'!M14 -> 119.204 | N14: =+K14-M14 -> 3.1395 | O14: =+'사업장별(당월)'!O14+'[4]사업장별(누계)'!O14 -> 10920 | P14: =+'사업장별(당월)'!P14+'[4]사업장별(누계)'!P14 -> 12481.763 | Q14: =+P14-O14 -> 1561.7632 | R14: =+'사업장별(당월)'!R14+'[4]사업장별(누계)'!R14 -> 11904.132 | S14: =+P14-R14 -> 577.63111 | T14: =+'사업장별(당월)'!T14+'[4]사업장별(누계)'!T14 -> 1466.4773 | U14: =+'사업장별(당월)'!U14+'[4]사업장별(누계)'!U14 -> 1241.081 | V14: =+U14-T14 -> -225.39634 | W14: =+'사업장별(당월)'!W14+'[4]사업장별(누계)'!W14 -> 1921.8461 | X14: =+U14-W14 -> -680.76512 | Y14: =+[11]정관!$Q$85 -> 104000 | Z14: =+[11]정관!$R$85 -> 102022.28 | AA14: =+[12]정관!$Q$85 -> 99863.529 | AB14: =+[11]정관!$Q$89 -> 78381.366 | AC14: =+[11]정관!$R$89 -> 82011.464 | AD14: =+[12]정관!$Q$89 -> 74208.344 | AE14: =+Y14-AB14 -> 25618.634 | AF14: =+Z14-AC14 -> 20010.819 | AG14: =+AA14-AD14 -> 25655.185 | AI14: 10.986997
B15: 양산 | F15: =+U15/T15 -> 0.96003328 | G15: =+K15/J15 -> 1.2022835 | I15: 양산 | J15: =+'사업장별(당월)'!J15+'[4]사업장별(누계)'!J15 -> 63.5 | K15: =+'사업장별(당월)'!K15+'[4]사업장별(누계)'!K15 -> 76.345 | L15: =+K15-J15 -> 12.845 | M15: =+'사업장별(당월)'!M15+'[4]사업장별(누계)'!M15 -> 89.588 | N15: =+K15-M15 -> -13.243 | O15: =+'사업장별(당월)'!O15+'[4]사업장별(누계)'!O15 -> 6128.0747 | P15: =+'사업장별(당월)'!P15+'[4]사업장별(누계)'!P15 -> 7154.8031 | Q15: =+P15-O15 -> 1026.7285 | R15: =+'사업장별(당월)'!R15+'[4]사업장별(누계)'!R15 -> 8388.8043 | S15: =+P15-R15 -> -1234.0011 | T15: =+'사업장별(당월)'!T15+'[4]사업장별(누계)'!T15 -> 760.27708 | U15: =+'사업장별(당월)'!U15+'[4]사업장별(누계)'!U15 -> 729.8913 | V15: =+U15-T15 -> -30.385778 | W15: =+'사업장별(당월)'!W15+'[4]사업장별(누계)'!W15 -> 1465.8737 | X15: =+U15-W15 -> -735.98238 | Y15: =+[11]양산!$Q$85 -> 96505.113 | Z15: =+[11]양산!$R$85 -> 93716.722 | AA15: =+[12]양산!$Q$85 -> 93639.948 | AB15: =+[11]양산!$Q$89 -> 70930.312 | AC15: =+[11]양산!$R$89 -> 73101.326 | AD15: =+[12]양산!$Q$89 -> 67713.663 | AE15: =+Y15-AB15 -> 25574.801 | AF15: =+Z15-AC15 -> 20615.396 | AG15: =+AA15-AD15 -> 25926.285 | AI15: 6.5081403
B16: 창원 | F16: =+U16/T16 -> 1.1217877 | G16: =+K16/J16 -> 1.1249192 | I16: 창원 | J16: =+'사업장별(당월)'!J16+'[4]사업장별(누계)'!J16 -> 99 | K16: =+'사업장별(당월)'!K16+'[4]사업장별(누계)'!K16 -> 111.367 | L16: =+K16-J16 -> 12.367 | M16: =+'사업장별(당월)'!M16+'[4]사업장별(누계)'!M16 -> 122.601 | N16: =+K16-M16 -> -11.234 | O16: =+'사업장별(당월)'!O16+'[4]사업장별(누계)'!O16 -> 9932.205 | P16: =+'사업장별(당월)'!P16+'[4]사업장별(누계)'!P16 -> 11303.832 | Q16: =+P16-O16 -> 1371.6267 | R16: =+'사업장별(당월)'!R16+'[4]사업장별(누계)'!R16 -> 11578.802 | S16: =+P16-R16 -> -274.97015 | T16: =+'사업장별(당월)'!T16+'[4]사업장별(누계)'!T16 -> 1590.2353 | U16: =+'사업장별(당월)'!U16+'[4]사업장별(누계)'!U16 -> 1783.9063 | V16: =+U16-T16 -> 193.67105 | W16: =+'사업장별(당월)'!W16+'[4]사업장별(누계)'!W16 -> 2308.713 | X16: =+U16-W16 -> -524.80664 | Y16: =+[11]창원!$Q$85 -> 100325.3 | Z16: =+[11]창원!$R$85 -> 101500.73 | AA16: =+[12]창원!$Q$85 -> 94442.965 | AB16: =+[11]창원!$Q$89 -> 72175.034 | AC16: =+[11]창원!$R$89 -> 74971.176 | AD16: =+[12]창원!$Q$89 -> 66571.781 | AE16: =+Y16-AB16 -> 28150.269 | AF16: =+Z16-AC16 -> 26529.554 | AG16: =+AA16-AD16 -> 27871.183 | AI16: 15.024126
B17: 대구 | F17: =+U17/T17 -> 1.0647003 | G17: =+K17/J17 -> 1.0674 | I17: 대구 | J17: =+'사업장별(당월)'!J17+'[4]사업장별(누계)'!J17 -> 92.5 | K17: =+'사업장별(당월)'!K17+'[4]사업장별(누계)'!K17 -> 98.7345 | L17: =+K17-J17 -> 6.2345 | M17: =+'사업장별(당월)'!M17+'[4]사업장별(누계)'!M17 -> 123.387 | N17: =+K17-M17 -> -24.6525 | O17: =+'사업장별(당월)'!O17+'[4]사업장별(누계)'!O17 -> 9045.18 | P17: =+'사업장별(당월)'!P17+'[4]사업장별(누계)'!P17 -> 10024.105 | Q17: =+P17-O17 -> 978.92491 | R17: =+'사업장별(당월)'!R17+'[4]사업장별(누계)'!R17 -> 11403.812 | S17: =+P17-R17 -> -1379.7068 | T17: =+'사업장별(당월)'!T17+'[4]사업장별(누계)'!T17 -> 1500.2399 | U17: =+'사업장별(당월)'!U17+'[4]사업장별(누계)'!U17 -> 1597.3059 | V17: =+U17-T17 -> 97.065976 | W17: =+'사업장별(당월)'!W17+'[4]사업장별(누계)'!W17 -> 2213.9873 | X17: =+U17-W17 -> -616.68135 | Y17: =+[11]대구!$Q$85 -> 97785.73 | Z17: =+[11]대구!$R$85 -> 101525.86 | AA17: =+[12]대구!$Q$85 -> 92415.548 | AB17: =+[11]대구!$Q$89 -> 70001.23 | AC17: =+[11]대구!$R$89 -> 74888.901 | AD17: =+[12]대구!$Q$89 -> 66116.227 | AE17: =+Y17-AB17 -> 27784.5 | AF17: =+Z17-AC17 -> 26636.957 | AG17: =+AA17-AD17 -> 26299.321 | AI17: 13.115241
B18: 울산 | F18: =+U18/T18 -> 3.9604175 | G18: =+K18/J18 -> 1.2195 | I18: 울산 | J18: =+'사업장별(당월)'!J18+'[4]사업장별(누계)'!J18 -> 45 | K18: =+'사업장별(당월)'!K18+'[4]사업장별(누계)'!K18 -> 54.8775 | L18: =+K18-J18 -> 9.8775 | M18: =+'사업장별(당월)'!M18+'[4]사업장별(누계)'!M18 -> 56.587 | N18: =+K18-M18 -> -1.7095 | O18: =+'사업장별(당월)'!O18+'[4]사업장별(누계)'!O18 -> 4476.2831 | P18: =+'사업장별(당월)'!P18+'[4]사업장별(누계)'!P18 -> 5724.7484 | Q18: =+P18-O18 -> 1248.4653 | R18: =+'사업장별(당월)'!R18+'[4]사업장별(누계)'!R18 -> 5336.7266 | S18: =+P18-R18 -> 388.02179 | T18: =+'사업장별(당월)'!T18+'[4]사업장별(누계)'!T18 -> 140.46472 | U18: =+'사업장별(당월)'!U18+'[4]사업장별(누계)'!U18 -> 556.29892 | V18: =+U18-T18 -> 415.83421 | W18: =+'사업장별(당월)'!W18+'[4]사업장별(누계)'!W18 -> 463.32659 | X18: =+U18-W18 -> 92.972331 | Y18: =+[11]울산!$Q$85 -> 99472.958 | Z18: =+[11]울산!$R$85 -> 104318.68 | AA18: =+[12]울산!$Q$85 -> 94327.296 | AB18: =+[11]울산!$Q$89 -> 78175.85 | AC18: =+[11]울산!$R$89 -> 80462.833 | AD18: =+[12]울산!$Q$89 -> 72700.856 | AE18: =+Y18-AB18 -> 21297.108 | AF18: =+Z18-AC18 -> 23855.848 | AG18: =+AA18-AD18 -> 21626.439 | AI18: 2.8283415
B19: 아산 | F19: =+U19/T19 -> 1.2753207 | G19: =+K19/J19 -> 1.2726063 | I19: 아산 | J19: =+'사업장별(당월)'!J19+'[4]사업장별(누계)'!J19 -> 127 | K19: =+'사업장별(당월)'!K19+'[4]사업장별(누계)'!K19 -> 161.621 | L19: =+K19-J19 -> 34.621 | M19: =+'사업장별(당월)'!M19+'[4]사업장별(누계)'!M19 -> 158.492 | N19: =+K19-M19 -> 3.129 | O19: =+'사업장별(당월)'!O19+'[4]사업장별(누계)'!O19 -> 12826.995 | P19: =+'사업장별(당월)'!P19+'[4]사업장별(누계)'!P19 -> 16452.683 | Q19: =+P19-O19 -> 3625.6876 | R19: =+'사업장별(당월)'!R19+'[4]사업장별(누계)'!R19 -> 15079.707 | S19: =+P19-R19 -> 1372.9754 | T19: =+'사업장별(당월)'!T19+'[4]사업장별(누계)'!T19 -> 1817.2576 | U19: =+'사업장별(당월)'!U19+'[4]사업장별(누계)'!U19 -> 2317.5862 | V19: =+U19-T19 -> 500.32862 | W19: =+'사업장별(당월)'!W19+'[4]사업장별(누계)'!W19 -> 2769.1377 | X19: =+U19-W19 -> -451.55156 | Y19: =+[11]아산!$Q$85 -> 100999.96 | Z19: =+[11]아산!$R$85 -> 101738.18 | AA19: =+[12]아산!$Q$85 -> 95253.561 | AB19: =+[11]아산!$Q$89 -> 76426.529 | AC19: =+[11]아산!$R$89 -> 77956.41 | AD19: =+[12]아산!$Q$89 -> 68600.673 | AE19: =+Y19-AB19 -> 24573.434 | AF19: =+Z19-AC19 -> 23781.769 | AG19: =+AA19-AD19 -> 26652.888 | AI19: 18.004353
B20: 전주 | F20: =+U20/T20 -> 0.26065615 | G20: =+K20/J20 -> 0.69455072 | I20: 전주 | J20: =+'사업장별(당월)'!J20+'[4]사업장별(누계)'!J20 -> 69 | K20: =+'사업장별(당월)'!K20+'[4]사업장별(누계)'!K20 -> 47.924 | L20: =+K20-J20 -> -21.076 | M20: =+'사업장별(당월)'!M20+'[4]사업장별(누계)'!M20 -> 65.258 | N20: =+K20-M20 -> -17.334 | O20: =+'사업장별(당월)'!O20+'[4]사업장별(누계)'!O20 -> 7099.3363 | P20: =+'사업장별(당월)'!P20+'[4]사업장별(누계)'!P20 -> 4592.3413 | Q20: =+P20-O20 -> -2506.995 | R20: =+'사업장별(당월)'!R20+'[4]사업장별(누계)'!R20 -> 6187.941 | S20: =+P20-R20 -> -1595.5997 | T20: =+'사업장별(당월)'!T20+'[4]사업장별(누계)'!T20 -> 1107.9292 | U20: =+'사업장별(당월)'!U20+'[4]사업장별(누계)'!U20 -> 288.78858 | V20: =+U20-T20 -> -819.14067 | W20: =+'사업장별(당월)'!W20+'[4]사업장별(누계)'!W20 -> 913.99056 | X20: =+U20-W20 -> -625.20198 | Y20: =+[11]전주!$Q$85 -> 102888.93 | Z20: =+[11]전주!$R$85 -> 95827.775 | AA20: =+[12]전주!$Q$85 -> 94924.958 | AB20: =+[11]전주!$Q$89 -> 73873.669 | AC20: =+[11]전주!$R$89 -> 71176.351 | AD20: =+[12]전주!$Q$89 -> 67588.685 | AE20: =+Y20-AB20 -> 29015.263 | AF20: =+Z20-AC20 -> 24651.424 | AG20: =+AA20-AD20 -> 27336.273 | AI20: 2.6236193
B21: 군산 | F21: =+U21/T21 -> 1.656289 | G21: =+K21/J21 -> 1.4225263 | I21: 군산 | J21: =+'사업장별(당월)'!J21+'[4]사업장별(누계)'!J21 -> 38 | K21: =+'사업장별(당월)'!K21+'[4]사업장별(누계)'!K21 -> 54.056 | L21: =+K21-J21 -> 16.056 | M21: =+'사업장별(당월)'!M21+'[4]사업장별(누계)'!M21 -> 51.61 | N21: =+K21-M21 -> 2.446 | O21: =+'사업장별(당월)'!O21+'[4]사업장별(누계)'!O21 -> 4145.0691 | P21: =+'사업장별(당월)'!P21+'[4]사업장별(누계)'!P21 -> 6033.5481 | Q21: =+P21-O21 -> 1888.479 | R21: =+'사업장별(당월)'!R21+'[4]사업장별(누계)'!R21 -> 4988.4202 | S21: =+P21-R21 -> 1045.1279 | T21: =+'사업장별(당월)'!T21+'[4]사업장별(누계)'!T21 -> 1013.1544 | U21: =+'사업장별(당월)'!U21+'[4]사업장별(누계)'!U21 -> 1678.0764 | V21: =+U21-T21 -> 664.92205 | W21: =+'사업장별(당월)'!W21+'[4]사업장별(누계)'!W21 -> 1180.9581 | X21: =+U21-W21 -> 497.11832 | Y21: =+[11]군산!$Q$85 -> 109080.77 | Z21: =+[11]군산!$R$85 -> 111626.94 | AA21: =+[12]군산!$Q$85 -> 96506.22 | AB21: =+[11]군산!$Q$89 -> 69641.489 | AC21: =+[11]군산!$R$89 -> 71723.876 | AD21: =+[12]군산!$Q$89 -> 63577.453 | AE21: =+Y21-AB21 -> 39439.278 | AF21: =+Z21-AC21 -> 39903.061 | AG21: =+AA21-AD21 -> 32928.768 | AI21: 13.184207
B22: 원주 | F22: =+U22/T22 -> 1.5335709 | G22: =+K22/J22 -> 1.1341167 | I22: 원주 | J22: =+'사업장별(당월)'!J22+'[4]사업장별(누계)'!J22 -> 30 | K22: =+'사업장별(당월)'!K22+'[4]사업장별(누계)'!K22 -> 34.0235 | L22: =+K22-J22 -> 4.0235 | M22: =+'사업장별(당월)'!M22+'[4]사업장별(누계)'!M22 -> 26.4905 | N22: =+K22-M22 -> 7.533 | O22: =+'사업장별(당월)'!O22+'[4]사업장별(누계)'!O22 -> 3237 | P22: =+'사업장별(당월)'!P22+'[4]사업장별(누계)'!P22 -> 3813.9594 | Q22: =+P22-O22 -> 576.95944 | R22: =+'사업장별(당월)'!R22+'[4]사업장별(누계)'!R22 -> 2674.3351 | S22: =+P22-R22 -> 1139.6243 | T22: =+'사업장별(당월)'!T22+'[4]사업장별(누계)'!T22 -> 505.17108 | U22: =+'사업장별(당월)'!U22+'[4]사업장별(누계)'!U22 -> 774.71565 | V22: =+U22-T22 -> 269.54457 | W22: =+'사업장별(당월)'!W22+'[4]사업장별(누계)'!W22 -> 423.90053 | X22: =+U22-W22 -> 350.81512 | Y22: =+[11]원주!$Q$85 -> 107900 | Z22: =+[11]원주!$R$85 -> 112106.46 | AA22: =+[12]원주!$Q$85 -> 100955.19 | AB22: =+[11]원주!$Q$89 -> 73596.747 | AC22: =+[11]원주!$R$89 -> 73510.955 | AD22: =+[12]원주!$Q$89 -> 66608.017 | AE22: =+Y22-AB22 -> 34303.253 | AF22: =+Z22-AC22 -> 38595.509 | AG22: =+AA22-AD22 -> 34347.17 | AI22: 6.1718805
B23: 제주 | F23: =+U23/T23 -> 0.56622987 | G23: =+K23/J23 -> 0.71305 | I23: 제주 | J23: =+'사업장별(당월)'!J23+'[4]사업장별(누계)'!J23 -> 30 | K23: =+'사업장별(당월)'!K23+'[4]사업장별(누계)'!K23 -> 21.3915 | L23: =+K23-J23 -> -8.6085 | M23: =+'사업장별(당월)'!M23+'[4]사업장별(누계)'!M23 -> 46.8065 | N23: =+K23-M23 -> -25.415 | O23: =+'사업장별(당월)'!O23+'[4]사업장별(누계)'!O23 -> 3802.2 | P23: =+'사업장별(당월)'!P23+'[4]사업장별(누계)'!P23 -> 2713.473 | Q23: =+P23-O23 -> -1088.727 | R23: =+'사업장별(당월)'!R23+'[4]사업장별(누계)'!R23 -> 5561.8996 | S23: =+P23-R23 -> -2848.4266 | T23: =+'사업장별(당월)'!T23+'[4]사업장별(누계)'!T23 -> 518.00058 | U23: =+'사업장별(당월)'!U23+'[4]사업장별(누계)'!U23 -> 293.3074 | V23: =+U23-T23 -> -224.69318 | W23: =+'사업장별(당월)'!W23+'[4]사업장별(누계)'!W23 -> 1223.3181 | X23: =+U23-W23 -> -930.01074 | Y23: =+[11]제주!$Q$85 -> 126740 | Z23: =+[11]제주!$R$85 -> 126848.19 | AA23: =+[12]제주!$Q$85 -> 118870.69 | AB23: =+[11]제주!$Q$89 -> 90313.494 | AC23: =+[11]제주!$R$89 -> 89031.394 | AD23: =+[12]제주!$Q$89 -> 82153.286 | AE23: =+Y23-AB23 -> 36426.506 | AF23: =+Z23-AC23 -> 37816.795 | AG23: =+AA23-AD23 -> 36717.402 | AI23: 2.2811333
F24: =+U24/T24 -> 0.76752748 | G24: =+K24/J24 -> 0.98148894 | I24: 수도권 | J24: =SUM(J7:J10) -> 660 | K24: =SUM(K7:K10) -> 647.7827 | L24: =+K24-J24 -> -12.2173 | M24: =SUM(M7:M10) -> 768.9915 | N24: =+K24-M24 -> -121.2088 | O24: =SUM(O7:O10) -> 65423.522 | P24: =SUM(P7:P10) -> 64363.361 | Q24: =+P24-O24 -> -1060.1608 | R24: =SUM(R7:R10) -> 70747.974 | S24: =+P24-R24 -> -6384.6125 | T24: =SUM(T7:T10) -> 7733.4423 | U24: =SUM(U7:U10) -> 5935.6295 | V24: =+U24-T24 -> -1797.8128 | W24: =SUM(W7:W10) -> 8997.4043 | X24: =+U24-W24 -> -3061.7748 | Y24: =+[11]수도권!$Q$85 -> 99126.549 | Z24: =+[11]수도권!$R$85 -> 99368.533 | AA24: =+[12]수도권!$Q$85 -> 91994.237 | AB24: =+[11]수도권!$Q$89 -> 78226.095 | AC24: =+[11]수도권!$R$89 -> 81006.472 | AD24: =+[12]수도권!$Q$89 -> 72640.459 | AE24: =+Y24-AB24 -> 20900.454 | AF24: =+Z24-AC24 -> 18362.061 | AG24: =+AA24-AD24 -> 19353.778 | AI24: 50.692079
F25: =+U25/T25 -> 0.93057217 | G25: =+K25/J25 -> 1.1146291 | I25: 영남권 | J25: =SUM(J11:J18) -> 728 | K25: =SUM(K11:K18) -> 811.45 | L25: =+K25-J25 -> 83.45 | M25: =SUM(M11:M18) -> 876.4825 | N25: =+K25-M25 -> -65.0325 | O25: =SUM(O11:O18) -> 74246.522 | P25: =SUM(P11:P18) -> 82269.495 | Q25: =+P25-O25 -> 8022.973 | R25: =SUM(R11:R18) -> 85024.708 | S25: =+P25-R25 -> -2755.2131 | T25: =SUM(T11:T18) -> 10352.511 | U25: =SUM(U11:U18) -> 9633.7583 | V25: =+U25-T25 -> -718.75231 | W25: =SUM(W11:W18) -> 14660.428 | X25: =+U25-W25 -> -5026.6696 | Y25: =+[11]영남권!$Q$85 -> 101986.98 | Z25: =+[11]영남권!$R$85 -> 101399.66 | AA25: =+[12]영남권!$Q$85 -> 97010.653 | AB25: =+[11]영남권!$Q$89 -> 75454.527 | AC25: =+[11]영남권!$R$89 -> 78722.808 | AD25: =+[12]영남권!$Q$89 -> 70705.277 | AE25: =+Y25-AB25 -> 26532.454 | AF25: =+Z25-AC25 -> 22676.848 | AG25: =+AA25-AD25 -> 26305.376 | AI25: 81.156887
F26: =+U26/T26 -> 1.0787988 | G26: =+K26/J26 -> 1.0850884 | I26: 중부권 | J26: =SUM(J19:J23) -> 294 | K26: =SUM(K19:K23) -> 319.016 | L26: =+K26-J26 -> 25.016 | M26: =SUM(M19:M23) -> 348.657 | N26: =+K26-M26 -> -29.641 | O26: =SUM(O19:O23) -> 31110.601 | P26: =SUM(P19:P23) -> 33606.005 | Q26: =+P26-O26 -> 2495.404 | R26: =SUM(R19:R23) -> 34492.303 | S26: =+P26-R26 -> -886.29867 | T26: =SUM(T19:T23) -> 4961.5128 | U26: =SUM(U19:U23) -> 5352.4742 | V26: =+U26-T26 -> 390.9614 | W26: =SUM(W19:W23) -> 6511.3051 | X26: =+U26-W26 -> -1158.8308 | Y26: =+[11]중부권!$Q$85 -> 105818.37 | Z26: =+[11]중부권!$R$85 -> 105326.68 | AA26: =+[12]중부권!$Q$85 -> 99083.979 | AB26: =+[11]중부권!$Q$89 -> 76078.695 | AC26: =+[11]중부권!$R$89 -> 76149.192 | AD26: =+[12]중부권!$Q$89 -> 69366.929 | AE26: =+Y26-AB26 -> 29739.675 | AF26: =+Z26-AC26 -> 29177.484 | AG26: =+AA26-AD26 -> 29717.051 | AI26: 42.265193
F27: =+U27/T27 -> 0.90777278 | G27: =+K27/J27 -> 1.0572228 | H27: 레미콘 계 | J27: =SUM(J24:J26) -> 1682 | K27: =SUM(K24:K26) -> 1778.2487 | L27: =+K27-J27 -> 96.2487 | M27: =SUM(M24:M26) -> 1994.131 | N27: =+K27-M27 -> -215.8823 | O27: =SUM(O24:O26) -> 170780.65 | P27: =SUM(P24:P26) -> 180238.86 | Q27: =+P27-O27 -> 9458.2162 | R27: =SUM(R24:R26) -> 190264.99 | S27: =+P27-R27 -> -10026.124 | T27: =SUM(T24:T26) -> 23047.466 | U27: =SUM(U24:U26) -> 20921.862 | V27: =+U27-T27 -> -2125.6037 | W27: =SUM(W24:W26) -> 30169.137 | X27: =+U27-W27 -> -9247.2752 | Y27: =+[11]합계!$Q$85 -> 101534.27 | Z27: =+[11]합계!$R$85 -> 101364.6 | AA27: =+[12]합계!$Q$85 -> 95428.069 | AB27: =+[11]합계!$Q$89 -> 76651.162 | AC27: =+[11]합계!$R$89 -> 79091.934 | AD27: =+[12]합계!$Q$89 -> 71223.298 | AE27: =+Y27-AB27 -> 24883.11 | AF27: =+Z27-AC27 -> 22272.662 | AG27: =+AA27-AD27 -> 24204.771 | AI27: 174.11416
B28: 건자재 | E28: 건자재영업 | G28: =+K28/J28 -> 1.1557704 | H28: 건자재 | J28: =+'사업장별(당월)'!J28+'[4]사업장별(누계)'!J28 -> 41600 | K28: =+'사업장별(당월)'!K28+'[4]사업장별(누계)'!K28 -> 48080.048 | L28: =+K28-J28 -> 6480.048 | M28: =+'사업장별(당월)'!M28+'[4]사업장별(누계)'!M28 -> 48940.798 | N28: =+K28-M28 -> -860.75 | O28: =+'사업장별(당월)'!O28+'[4]사업장별(누계)'!O28 -> 50866.286 | P28: =+'사업장별(당월)'!P28+'[4]사업장별(누계)'!P28 -> 49403.738 | Q28: =+P28-O28 -> -1462.5482 | R28: =+'사업장별(당월)'!R28+'[4]사업장별(누계)'!R28 -> 59347.903 | S28: =+P28-R28 -> -9944.1645 | T28: =+'사업장별(당월)'!T28+'[4]사업장별(누계)'!T28 -> 546.71993 | U28: =+'사업장별(당월)'!U28+'[4]사업장별(누계)'!U28 -> 415.12244 | V28: =+U28-T28 -> -131.59749 | W28: =+'사업장별(당월)'!W28+'[4]사업장별(누계)'!W28 -> 493.89411 | X28: =+U28-W28 -> -78.771672 | Y28: ■ 비고
B29: 부산모래장 | C29: 부산골재 | G29: =+P28/O28 -> 0.9712472 | H29: 골재 | I29: 부산모래장 | J29: =+'사업장별(당월)'!J29+'[4]사업장별(누계)'!J29 -> 130.31245 | K29: =+'사업장별(당월)'!K29+'[4]사업장별(누계)'!K29 -> 131.088 | L29: =+K29-J29 -> 0.77555218 | M29: =+'사업장별(당월)'!M29+'[4]사업장별(누계)'!M29 -> 154.823 | N29: =+K29-M29 -> -23.735 | O29: =+'사업장별(당월)'!O29+'[4]사업장별(누계)'!O29 -> 3895.6725 | P29: =+'사업장별(당월)'!P29+'[4]사업장별(누계)'!P29 -> 3921.2801 | Q29: =+P29-O29 -> 25.607629 | R29: =+'사업장별(당월)'!R29+'[4]사업장별(누계)'!R29 -> 4585.1399 | S29: =+P29-R29 -> -663.85982 | T29: =+'사업장별(당월)'!T29+'[4]사업장별(누계)'!T29 -> 154.663 | U29: =+'사업장별(당월)'!U29+'[4]사업장별(누계)'!U29 -> 183.33354 | V29: =+U29-T29 -> 28.67054 | W29: =+'사업장별(당월)'!W29+'[4]사업장별(누계)'!W29 -> 224.29727 | X29: =+U29-W29 -> -40.963726 | Y29: □ 상반기 총 대손 : 9.8억 | AI29: =+T29/100 -> 1.54663 | AJ29: =+U29/100 -> 1.8333354 | AK29: =+V29/100 -> 0.2867054
B30: 서부산크라샤 | C30: 서부산골재 | I30: 서부산CR | J30: =+'사업장별(당월)'!J30+'[4]사업장별(누계)'!J30 -> 124.9733 | K30: =+'사업장별(당월)'!K30+'[4]사업장별(누계)'!K30 -> 151.232 | L30: =+K30-J30 -> 26.258697 | M30: =+'사업장별(당월)'!M30+'[4]사업장별(누계)'!M30 -> 218.84 | N30: =+K30-M30 -> -67.608 | O30: =+'사업장별(당월)'!O30+'[4]사업장별(누계)'!O30 -> 1621.6945 | P30: =+'사업장별(당월)'!P30+'[4]사업장별(누계)'!P30 -> 2098.744 | Q30: =+P30-O30 -> 477.04953 | R30: =+'사업장별(당월)'!R30+'[4]사업장별(누계)'!R30 -> 2570.444 | S30: =+P30-R30 -> -471.7 | T30: =+'사업장별(당월)'!T30+'[4]사업장별(누계)'!T30 -> 289.82974 | U30: =+'사업장별(당월)'!U30+'[4]사업장별(누계)'!U30 -> 269.85782 | V30: =+U30-T30 -> -19.971918 | W30: =+'사업장별(당월)'!W30+'[4]사업장별(누계)'!W30 -> 509.11536 | X30: =+U30-W30 -> -239.25754 | Y30: - 집합대손 : 2.1억 | AI30: =+T30/100 -> 2.8982974 | AJ30: =+U30/100 -> 2.6985782 | AK30: =+V30/100 -> -0.19971918
B31: 부산크라샤 | C31: 부산크라샤 | I31: 부산CR | J31: =+'사업장별(당월)'!J31+'[4]사업장별(누계)'!J31 -> 244.38622 | K31: =+'사업장별(당월)'!K31+'[4]사업장별(누계)'!K31 -> 214.379 | L31: =+K31-J31 -> -30.007223 | M31: =+'사업장별(당월)'!M31+'[4]사업장별(누계)'!M31 -> 3.8 | N31: =+K31-M31 -> 210.579 | O31: =+'사업장별(당월)'!O31+'[4]사업장별(누계)'!O31 -> 4379.5962 | P31: =+'사업장별(당월)'!P31+'[4]사업장별(누계)'!P31 -> 3961.1825 | Q31: =+P31-O31 -> -418.41373 | R31: =+'사업장별(당월)'!R31+'[4]사업장별(누계)'!R31 -> 67.48 | S31: =+P31-R31 -> 3893.7025 | T31: =+'사업장별(당월)'!T31+'[4]사업장별(누계)'!T31 -> 97.924024 | U31: =+'사업장별(당월)'!U31+'[4]사업장별(누계)'!U31 -> 267.32689 | V31: =+U31-T31 -> 169.40287 | W31: =+'사업장별(당월)'!W31+'[4]사업장별(누계)'!W31 -> -197.58134 | X31: =+U31-W31 -> 464.90823 | Y31: - 개별 대손 : 11.7억(송학 0.9억, 계원토건 1.2억, 남양건설 1.7억, 선원건설 7.9억) | AI31: =+T31/100 -> 0.97924024 | AJ31: =+U31/100 -> 2.6732689 | AK31: =+V31/100 -> 1.6940287
G32: =+K32/J32 -> 0.99405015 | H32: 골재 계 | J32: =SUM(J29:J31) -> 499.67197 | K32: =SUM(K29:K31) -> 496.699 | L32: =+K32-J32 -> -2.9729739 | M32: =SUM(M29:M31) -> 377.463 | N32: =+K32-M32 -> 119.236 | O32: =SUM(O29:O31) -> 9896.9632 | P32: =SUM(P29:P31) -> 9981.2066 | Q32: =+P32-O32 -> 84.243423 | R32: =SUM(R29:R31) -> 7223.0639 | S32: =+P32-R32 -> 2758.1427 | T32: =SUM(T29:T31) -> 542.41676 | U32: =SUM(U29:U31) -> 720.51825 | V32: =+U32-T32 -> 178.10149 | W32: =SUM(W29:W31) -> 535.83129 | X32: =+U32-W32 -> 184.68697 | Y32: - 개별 대손환입 : -3.7억(신일 0.6억, 태영건설 -3.1억) | AI32: =SUM(AI29:AI31) -> 5.4241676 | AJ32: =SUM(AJ29:AJ31) -> 7.2051825 | AK32: =SUM(AK29:AK31) -> 1.7810149
B33: 포항임대 | C33: 속초임대 | D33: 강릉임대 | E33: 레미콘임대 계 | H33: 기타 | I33: 레미콘임대 | L33: =+K33-J33 -> 0 | N33: =+K33-M33 -> 0 | O33: =+'사업장별(당월)'!O33+'[4]사업장별(누계)'!O33 -> 545.04 | P33: =+'사업장별(당월)'!P33+'[4]사업장별(누계)'!P33 -> 545.04 | Q33: =+P33-O33 -> 0 | R33: =+'사업장별(당월)'!R33+'[4]사업장별(누계)'!R33 -> 476.29 | S33: =+P33-R33 -> 68.75 | T33: =+'사업장별(당월)'!T33+'[4]사업장별(누계)'!T33 -> 378.10165 | U33: =+'사업장별(당월)'!U33+'[4]사업장별(누계)'!U33 -> 336.29001 | V33: =+U33-T33 -> -41.81164 | W33: =+'사업장별(당월)'!W33+'[4]사업장별(누계)'!W33 -> 303.24134 | X33: =+U33-W33 -> 33.04867
B34: 부동산임대 | C34: 주유소임대 | E34: 임대 계 | I34: 임대 | L34: =+K34-J34 -> 0 | M34: 0 | N34: =+K34-M34 -> 0 | O34: =+'사업장별(당월)'!O34+'[4]사업장별(누계)'!O34 -> 433.785 | P34: =+'사업장별(당월)'!P34+'[4]사업장별(누계)'!P34 -> 436.50238 | Q34: =+P34-O34 -> 2.717378 | R34: =+'사업장별(당월)'!R34+'[4]사업장별(누계)'!R34 -> 567.93109 | S34: =+P34-R34 -> -131.42871 | T34: =+'사업장별(당월)'!T34+'[4]사업장별(누계)'!T34 -> 397.42866 | U34: =+'사업장별(당월)'!U34+'[4]사업장별(누계)'!U34 -> 401.04651 | V34: =+U34-T34 -> 3.617843 | W34: =+'사업장별(당월)'!W34+'[4]사업장별(누계)'!W34 -> 373.06083 | X34: =+U34-W34 -> 27.985682 | AM34: 16
B35: 공 통 비 | G35: ㎥ | I35: 공통비 | L35: =+K35-J35 -> 0 | N35: =+K35-M35 -> 0 | O35: =+'사업장별(당월)'!O35+'[4]사업장별(누계)'!O35 -> 0 | P35: =+'사업장별(당월)'!P35+'[4]사업장별(누계)'!P35 -> 0 | Q35: =+P35-O35 -> 0 | R35: =+'사업장별(당월)'!R35+'[4]사업장별(누계)'!R35 -> 0 | S35: =+P35-R35 -> 0 | T35: =+'사업장별(당월)'!T35+'[4]사업장별(누계)'!T35 -> -8992.3453 | U35: =+'사업장별(당월)'!U35+'[4]사업장별(누계)'!U35 -> -9052.3439 | V35: =+U35-T35 -> -59.998517 | W35: =+'사업장별(당월)'!W35+'[4]사업장별(누계)'!W35 -> -6984.9841 | X35: =+U35-W35 -> -2067.3598 | AM35: 1
I36: OPC 소급분 | N36: =+K36-M36 -> 0 | O36: =+'사업장별(당월)'!O36+'[4]사업장별(누계)'!O36 -> 0 | P36: =+'사업장별(당월)'!P36+'[4]사업장별(누계)'!P36 -> 0 | Q36: =+P36-O36 -> 0 | R36: =+'사업장별(당월)'!R36+'[4]사업장별(누계)'!R36 -> 0 | S36: =+P36-R36 -> 0 | T36: =+'사업장별(당월)'!T36+'[4]사업장별(누계)'!T36 -> 1329.7 | U36: =+'사업장별(당월)'!U36+'[4]사업장별(누계)'!U36 -> 0 | V36: =+U36-T36 -> -1329.7 | W36: =+'사업장별(당월)'!W36+'[4]사업장별(누계)'!W36 -> 0 | X36: =+U36-W36 -> 0 | AM36: =SUM(AM34:AM35) -> 17
I37: 대손 | N37: =+K37-M37 -> 0 | O37: =+'사업장별(당월)'!O37+'[4]사업장별(누계)'!O37 -> 0 | P37: =+'사업장별(당월)'!P37+'[4]사업장별(누계)'!P37 -> 0 | Q37: =+P37-O37 -> 0 | R37: =+'사업장별(당월)'!R37+'[4]사업장별(누계)'!R37 -> 0 | S37: =+P37-R37 -> 0 | T37: =+'사업장별(당월)'!T37+'[4]사업장별(누계)'!T37 -> 0 | U37: =+'사업장별(당월)'!U37+'[4]사업장별(누계)'!U37 -> -975.50771 | V37: =+U37-T37 -> -975.50771 | W37: =+'사업장별(당월)'!W37+'[4]사업장별(누계)'!W37 -> -1247.0691 | X37: =+U37-W37 -> 271.56142
I38: 미운영 공장 | M38: =SUM(M54:M57) -> 0 | N38: =+K38-M38 -> 0 | O38: =+'사업장별(당월)'!O38+'[4]사업장별(누계)'!O38 -> 0 | P38: =+'사업장별(당월)'!P38+'[4]사업장별(누계)'!P38 -> 0 | Q38: =+P38-O38 -> 0 | R38: =+'사업장별(당월)'!R38+'[4]사업장별(누계)'!R38 -> 188.626 | S38: =+P38-R38 -> -188.626 | T38: =+'사업장별(당월)'!T38+'[4]사업장별(누계)'!T38 -> -196.7435 | U38: =+'사업장별(당월)'!U38+'[4]사업장별(누계)'!U38 -> -260.98757 | V38: =+U38-T38 -> -64.244073 | W38: =+'사업장별(당월)'!W38+'[4]사업장별(누계)'!W38 -> -55.277708 | X38: =+U38-W38 -> -205.70986
B39: 기타 계 | I39: 기타 | L39: =+K39-J39 -> 0 | N39: =+K39-M39 -> 0 | O39: =+'사업장별(당월)'!O39+'[4]사업장별(누계)'!O39 -> 10.62 | P39: =+'사업장별(당월)'!P39+'[4]사업장별(누계)'!P39 -> 10.2176 | Q39: =+P39-O39 -> -0.4024 | R39: =+'사업장별(당월)'!R39+'[4]사업장별(누계)'!R39 -> -23.5802 | S39: =+P39-R39 -> 33.7978 | T39: =+'사업장별(당월)'!T39+'[4]사업장별(누계)'!T39 -> -326.71229 | U39: =+'사업장별(당월)'!U39+'[4]사업장별(누계)'!U39 -> -159.66432 | V39: =+U39-T39 -> 167.04797 | W39: =+'사업장별(당월)'!W39+'[4]사업장별(누계)'!W39 -> -160.73732 | X39: =+U39-W39 -> 1.073005 | AI39: 118774940 | AJ39: -63907430
N40: =+K40-M40 -> 0 | O40: =+'사업장별(당월)'!O40+'[4]사업장별(누계)'!O40 -> 0 | P40: =+'사업장별(당월)'!P40+'[4]사업장별(누계)'!P40 -> 0 | Q40: =+P40-O40 -> 0 | R40: =+'사업장별(당월)'!R40+'[4]사업장별(누계)'!R40 -> 0 | S40: =+P40-R40 -> 0 | T40: =+'사업장별(당월)'!T40+'[4]사업장별(누계)'!T40 -> 0 | U40: =+'사업장별(당월)'!U40+'[4]사업장별(누계)'!U40 -> 0 | V40: =+U40-T40 -> 0 | W40: =+'사업장별(당월)'!W40+'[4]사업장별(누계)'!W40 -> 0 | AI40: 173503008 | AJ40: -310726527
H41: 기타 계 | J41: =SUM(J33:J40) -> 0 | K41: =SUM(K33:K40) -> 0 | L41: =+K41-J41 -> 0 | M41: =SUM(M33:M40) -> 0 | N41: =+K41-M41 -> 0 | O41: =SUM(O33:O40) -> 989.445 | P41: =SUM(P33:P40) -> 991.75998 | Q41: =+P41-O41 -> 2.314978 | R41: =SUM(R33:R40) -> 1209.2669 | S41: =+P41-R41 -> -217.50691 | T41: =SUM(T33:T40) -> -7410.5708 | U41: =SUM(U33:U40) -> -9711.1669 | V41: =+U41-T41 -> -2300.5961 | W41: =SUM(W33:W40) -> -7771.7661 | X41: =+U41-W41 -> -1939.4009 | AI41: 786272300
AI42: 95057490
G43: =+P43/O43 -> 1.0347573 | H43: 합계 | O43: =+O27+O32+O28+O41 -> 232533.34 | P43: =+P27+P32+P28+P41 -> 240615.57 | Q43: =+P43-O43 -> 8082.2264 | R43: =+R27+R32+R28+R41 -> 258045.22 | S43: =+P43-R43 -> -17429.653 | T43: =+T27+T32+T28+T41 -> 16726.032 | U43: =+U27+U32+U28+U41 -> 12346.336 | V43: =+U43-T43 -> -4379.6958 | W43: =+W27+W32+W28+W41 -> 23427.097 | X43: =+U43-W43 -> -11080.761 | AI43: =SUM(AI39:AI42) -> 1173607738 | AJ43: =SUM(AJ39:AJ42) -> -374633957 | AK43: =SUM(AI43:AJ43) -> 798973781
G44: =+U43/T43 -> 0.73815093 | P44: =+P43/O43 -> 1.0347573 | T44: =+T43/O43 -> 0.071929607 | U44: =+U43/P43 -> 0.051311459
I46: 확인 | J46: =+'사업장별(당월)'!J46+'[4]사업장별(누계)'!J46 -> 1682 | K46: =+'사업장별(당월)'!K46+'[4]사업장별(누계)'!K46 -> 1778.2487 | M46: =+'사업장별(당월)'!M46+'[4]사업장별(누계)'!M46 -> 1994.131 | O46: =+'사업장별(당월)'!O46+'[4]사업장별(누계)'!O46 -> 232533.34 | P46: =+'사업장별(당월)'!P46+'[4]사업장별(누계)'!P46 -> 240615.57 | R46: =+'사업장별(당월)'!R46+'[4]사업장별(누계)'!R46 -> 258045.22 | T46: =+'사업장별(당월)'!T46+'[4]사업장별(누계)'!T46 -> 16726.032 | U46: =+'사업장별(당월)'!U46+'[4]사업장별(누계)'!U46 -> 12346.336 | W46: =+'사업장별(당월)'!W46+'[4]사업장별(누계)'!W46 -> 23427.097
J47: =+J46-J27 -> 0 | K47: =+K46-K27 -> 0 | M47: =+M46-M27 -> 0 | O47: =+O46-O43 -> 0 | P47: =+P46-P43 -> 0 | R47: =+R46-R43 -> 0 | T47: =+T46-T43 -> 0 | U47: =+U46-U43 -> 0 | W47: =+W46-W43 -> 0 | Z47: 시그마 5백만원
Z48: 공통 상각비 7천만원
Z49: 회계팀 재고자산평가손실 8.3천만원
T50: =(+T27+T35)/100 -> 140.5512 | U50: =(+U27+U35)/100 -> 118.69518 | V50: =+U50-T50 -> -21.856022
T51: =+T28/100 -> 5.4671993 | U51: =+U28/100 -> 4.1512244 | V51: =+U51-T51 -> -1.3159749
T52: =+T32/100 -> 5.4241676 | U52: =+U32/100 -> 7.2051825 | V52: =+U52-T52 -> 1.7810149
T53: =(T33+T34)/100 -> 7.7553032 | U53: =(U33+U34)/100 -> 7.3733652 | V53: =+U53-T53 -> -0.38193797
T54: =(T46/100)-T50-T51-T52-T53 -> 8.0624421 | U54: =(U46/100)-U50-U51-U52-U53 -> -13.961596 | V54: =+U54-T54 -> -22.024038
S56: 임대 | T56: =+(T33+T34)/100 -> 7.7553032 | U56: =+(U33+U34)/100 -> 7.3733652 | V56: =+U56-T56 -> -0.38193797
S57: =+I36 -> OPC 소급분 | T57: =+T36/100 -> 13.297 | U57: =+U36/100 -> 0 | V57: =+U57-T57 -> -13.297
S58: =+I37 -> 대손 | T58: =+T37/100 -> 0 | U58: =+U37/100 -> -9.7550771 | V58: =+U58-T58 -> -9.7550771
S59: =+I38 -> 미운영 공장 | T59: =+T38/100 -> -1.967435 | U59: =+U38/100 -> -2.6098757 | V59: =+U59-T59 -> -0.64244073
S60: =+I39 -> 기타 | T60: =+T39/100 -> -3.2671229 | U60: =+U39/100 -> -1.5966432 | V60: =+U60-T60 -> 1.6704797
T61: =SUM(T56:T60) -> 15.817745 | U61: =SUM(U56:U60) -> -6.5882308 | V61: =SUM(V56:V60) -> -22.405976

Sheet 영업이익
D4: □ 레미콘 영업이익 차이분석(2024-06)
W5: [단위 : 백만원, 천㎥]
D6: 구분 | E6: 영업이익(공통비 미배부) | H6: 물량 차이 | L6: 판매단가 차이 | P6: 제조원가 차이 | T6: 판관비 등 차이
E7: 계획 | F7: 실적 | G7: 차이 | H7: 계획 | I7: 실적 | J7: 차이 | K7: 손익 | L7: 계획 | M7: 실적 | N7: 차이 | O7: 손익 | P7: 계획 | Q7: 실적 | R7: 차이 | S7: 손익 | T7: 계획 | U7: 실적 | V7: 차이 | W7: 손익
D8: 합계 | E8: =+[5]합계!$H$86/1000 -> 4617.5047 | F8: =+[5]합계!$I$86/1000 -> 3510.4462 | G8: =+F8-E8 -> -1107.0585 | H8: =+[5]합계!$T$5/1000 -> 303.5 | I8: =+[5]합계!$U$5/1000 -> 305.1537 | J8: =+I8-H8 -> 1.6537 | K8: =+[5]합계!$M$86/1000 -> 24.293411 | L8: =+[5]합계!$Q$85 -> 102211.18 | M8: =+[5]합계!$R$85 -> 100861.45 | N8: =+M8-L8 -> -1349.7221 | O8: =+[5]합계!$K$86/1000 -> -411.3706 | P8: =+[5]합계!$Q$50 -> 83865.142 | Q8: =+[5]합계!$R$50 -> 86234.836 | R8: =+Q8-P8 -> 2369.6941 | S8: =+[5]합계!$L$56/1000 -> -668.3775 | T8: =+([5]합계!$H$80+[5]합계!$H$85)/1000 -> 950.51668 | U8: =+([5]합계!$I$80+[5]합계!$I$85)/1000 -> 1002.1205 | V8: =+U8-T8 -> 51.603781 | W8: =+([5]합계!$L$80+[5]합계!$L$85)/1000 -> -51.603781 | Y8: =+G8-K8-O8-S8-W8 -> -3.57403e-12 | Z8: =+Y8*1000000 -> -3.57403e-06
D9: 수도권 | E9: =+[5]수도권!$H$86/1000 -> 1626.927 | F9: =+[5]수도권!$I$86/1000 -> 866.42165 | G9: =+F9-E9 -> -760.50534 | H9: =+[5]수도권!$T$5/1000 -> 119.5 | I9: =+[5]수도권!$U$5/1000 -> 107.2852 | J9: =+I9-H9 -> -12.2148 | K9: =+[5]수도권!$M$86/1000 -> -203.27896 | L9: =+[5]수도권!$Q$85 -> 100194.01 | M9: =+[5]수도권!$R$85 -> 97972.586 | N9: =+M9-L9 -> -2221.4284 | O9: =+[5]수도권!$K$86/1000 -> -237.50001 | P9: =+[5]수도권!$Q$50 -> 83981.93 | Q9: =+[5]수도권!$R$50 -> 87001.721 | R9: =+Q9-P9 -> 3019.7908 | S9: =+[5]수도권!$L$56/1000 -> -322.83268 | T9: =+([5]수도권!$H$80+[5]수도권!$H$85)/1000 -> 310.41708 | U9: =+([5]수도권!$I$80+[5]수도권!$I$85)/1000 -> 307.31076 | V9: =+U9-T9 -> -3.1063221 | W9: =+([5]수도권!$L$80+[5]수도권!$L$85)/1000 -> 3.1063221 | Y9: =+G9-K9-O9-S9-W9 -> 1.3238299e-12 | Z9: =+Y9*1000000 -> 1.3238299e-06
D10: 영남권 | E10: =+[5]영남권!$H$86/1000 -> 1925.4949 | F10: =+[5]영남권!$I$86/1000 -> 1518.0696 | G10: =+F10-E10 -> -407.42521 | H10: =+[5]영남권!$T$5/1000 -> 128.5 | I10: =+[5]영남권!$U$5/1000 -> 137.792 | J10: =+I10-H10 -> 9.292 | K10: =+[5]영남권!$M$86/1000 -> 172.93593 | L10: =+[5]영남권!$Q$85 -> 102400.98 | M10: =+[5]영남권!$R$85 -> 100840.36 | N10: =+M10-L10 -> -1560.6247 | O10: =+[5]영남권!$K$86/1000 -> -215.0416 | P10: =+[5]영남권!$Q$50 -> 83789.71 | Q10: =+[5]영남권!$R$50 -> 86501.832 | R10: =+Q10-P10 -> 2712.1217 | S10: =+[5]영남권!$L$56/1000 -> -321.02837 | T10: =+([5]영남권!$H$80+[5]영남권!$H$85)/1000 -> 466.05347 | U10: =+([5]영남권!$I$80+[5]영남권!$I$85)/1000 -> 510.34463 | V10: =+U10-T10 -> 44.291168 | W10: =+([5]영남권!$L$80+[5]영남권!$L$85)/1000 -> -44.291168 | Y10: =+G10-K10-O10-S10-W10 -> -3.1121772e-12 | Z10: =+Y10*1000000 -> -3.1121772e-06
D11: 기타권 | E11: =+[5]중부권!$H$86/1000 -> 1065.0829 | F11: =+[5]중부권!$I$86/1000 -> 1125.955 | G11: =+F11-E11 -> 60.872087 | H11: =+[5]중부권!$T$5/1000 -> 55.5 | I11: =+[5]중부권!$U$5/1000 -> 60.0765 | J11: =+I11-H11 -> 4.5765 | K11: =+[5]중부권!$M$86/1000 -> 102.17791 | L11: =+[5]중부권!$Q$85 -> 106114.98 | M11: =+[5]중부권!$R$85 -> 106050.93 | N11: =+M11-L11 -> -64.051786 | O11: =+[5]중부권!$K$86/1000 -> -3.8480071 | P11: =+[5]중부권!$Q$50 -> 83788.328 | Q11: =+[5]중부권!$R$50 -> 84259.956 | R11: =+Q11-P11 -> 471.62743 | S11: =+[5]중부권!$L$56/1000 -> -27.03888 | T11: =+([5]중부권!$H$80+[5]중부권!$H$85)/1000 -> 174.04613 | U11: =+([5]중부권!$I$80+[5]중부권!$I$85)/1000 -> 184.46506 | V11: =+U11-T11 -> 10.418935 | W11: =+([5]중부권!$L$80+[5]중부권!$L$85)/1000 -> -10.418935 | Y11: =+G11-K11-O11-S11-W11 -> 9.0238927e-13 | Z11: =+Y11*1000000 -> 9.0238927e-07
D12: 안양 | E12: =+[5]안양!$H$86/1000 -> 613.08992 | F12: =+[5]안양!$I$86/1000 -> 326.98677 | G12: =+F12-E12 -> -286.10315 | H12: =+[5]안양!$T$5/1000 -> 43 | I12: =+[5]안양!$U$5/1000 -> 35.374 | J12: =+I12-H12 -> -7.626 | K12: =+[5]안양!$M$86/1000 -> -126.99069 | L12: =+[5]안양!$Q$85 -> 101280.96 | M12: =+[5]안양!$R$85 -> 100399.7 | N12: =+M12-L12 -> -881.26508 | O12: =+[5]안양!$K$86/1000 -> -31.106014 | P12: =+[5]안양!$Q$50 -> 84717.119 | Q12: =+[5]안양!$R$50 -> 88420.599 | R12: =+Q12-P12 -> 3703.48 | S12: =+[5]안양!$L$56/1000 -> -130.71498 | T12: =+([5]안양!$H$80+[5]안양!$H$85)/1000 -> 99.1554 | U12: =+([5]안양!$I$80+[5]안양!$I$85)/1000 -> 96.44686 | V12: =+U12-T12 -> -2.7085397 | W12: =+([5]안양!$L$80+[5]안양!$L$85)/1000 -> 2.7085397 | Y12: =+G12-K12-O12-S12-W12 -> 6.0973449e-13 | Z12: =+Y12*1000000 -> 6.0973449e-07
D13: 인천 | E13: =+[5]인천!$H$86/1000 -> 286.79226 | F13: =+[5]인천!$I$86/1000 -> 173.72608 | G13: =+F13-E13 -> -113.06618 | H13: =+[5]인천!$T$5/1000 -> 30 | I13: =+[5]인천!$U$5/1000 -> 28.969 | J13: =+I13-H13 -> -1.031 | K13: =+[5]인천!$M$86/1000 -> -13.123443 | L13: =+[5]인천!$Q$85 -> 101383.65 | M13: =+[5]인천!$R$85 -> 98667.488 | N13: =+M13-L13 -> -2716.1605 | O13: =+[5]인천!$K$86/1000 -> -78.684455 | P13: =+[5]인천!$Q$50 -> 88654.8 | Q13: =+[5]인천!$R$50 -> 89427.595 | R13: =+Q13-P13 -> 772.79544 | S13: =+[5]인천!$L$56/1000 -> -22.394474 | T13: =+([5]인천!$H$80+[5]인천!$H$85)/1000 -> 95.073197 | U13: =+([5]인천!$I$80+[5]인천!$I$85)/1000 -> 93.937007 | V13: =+U13-T13 -> -1.1361904 | W13: =+([5]인천!$L$80+[5]인천!$L$85)/1000 -> 1.1361904 | Y13: =+G13-K13-O13-S13-W13 -> -2.4957814e-13 | Z13: =+Y13*1000000 -> -2.4957814e-07
D14: 파주 | E14: =+[5]파주!$H$86/1000 -> 451.71048 | F14: =+[5]파주!$I$86/1000 -> 256.19066 | G14: =+F14-E14 -> -195.51982 | H14: =+[5]파주!$T$5/1000 -> 28 | I14: =+[5]파주!$U$5/1000 -> 31.1242 | J14: =+I14-H14 -> 3.1242 | K14: =+[5]파주!$M$86/1000 -> 52.728892 | L14: =+[5]파주!$Q$85 -> 99754.402 | M14: =+[5]파주!$R$85 -> 94837.488 | N14: =+M14-L14 -> -4916.9149 | O14: =+[5]파주!$K$86/1000 -> -151.73206 | P14: =+[5]파주!$Q$50 -> 81366.674 | Q14: =+[5]파주!$R$50 -> 84491.724 | R14: =+Q14-P14 -> 3125.0497 | S14: =+[5]파주!$L$56/1000 -> -96.436538 | T14: =+([5]파주!$H$80+[5]파주!$H$85)/1000 -> 63.145909 | U14: =+([5]파주!$I$80+[5]파주!$I$85)/1000 -> 63.226025 | V14: =+U14-T14 -> 0.080116074 | W14: =+([5]파주!$L$80+[5]파주!$L$85)/1000 -> -0.080116074 | Y14: =+G14-K14-O14-S14-W14 -> 1.6917023e-13 | Z14: =+Y14*1000000 -> 1.6917023e-07
D15: 김포 | E15: =+[5]김포!$H$86/1000 -> 275.33432 | F15: =+[5]김포!$I$86/1000 -> 109.51813 | G15: =+F15-E15 -> -165.81619 | H15: =+[5]김포!$T$5/1000 -> 18.5 | I15: =+[5]김포!$U$5/1000 -> 11.818 | J15: =+I15-H15 -> -6.682 | K15: =+[5]김포!$M$86/1000 -> -119.11469 | L15: =+[5]김포!$Q$85 -> 96403.811 | M15: =+[5]김포!$R$85 -> 97204.532 | N15: =+M15-L15 -> 800.72083 | O15: =+[5]김포!$K$86/1000 -> 9.4388972 | P15: =+[5]김포!$Q$50 -> 78653.708 | Q15: =+[5]김포!$R$50 -> 83361.634 | R15: =+Q15-P15 -> 4707.9255 | S15: =+[5]김포!$L$56/1000 -> -55.482105 | T15: =+([5]김포!$H$80+[5]김포!$H$85)/1000 -> 53.042576 | U15: =+([5]김포!$I$80+[5]김포!$I$85)/1000 -> 53.700867 | V15: =+U15-T15 -> 0.65829192 | W15: =+([5]김포!$L$80+[5]김포!$L$85)/1000 -> -0.65829192 | Y15: =+G15-K15-O15-S15-W15 -> 1.5365487e-13 | Z15: =+Y15*1000000 -> 1.5365487e-07
D16: 부산 | E16: =+[5]부산!$H$86/1000 -> 274.00643 | F16: =+[5]부산!$I$86/1000 -> 118.63264 | G16: =+F16-E16 -> -155.37379 | H16: =+[5]부산!$T$5/1000 -> 20 | I16: =+[5]부산!$U$5/1000 -> 18.738 | J16: =+I16-H16 -> -1.262 | K16: =+[5]부산!$M$86/1000 -> -23.592824 | L16: =+[5]부산!$Q$85 -> 107599.95 | M16: =+[5]부산!$R$85 -> 106112.67 | N16: =+M16-L16 -> -1487.2807 | O16: =+[5]부산!$K$86/1000 -> -27.868665 | P16: =+[5]부산!$Q$50 -> 88905.158 | Q16: =+[5]부산!$R$50 -> 94790.297 | R16: =+Q16-P16 -> 5885.1384 | S16: =+[5]부산!$L$56/1000 -> -81.076923 | T16: =+([5]부산!$H$80+[5]부산!$H$85)/1000 -> 99.889357 | U16: =+([5]부산!$I$80+[5]부산!$I$85)/1000 -> 122.72474 | V16: =+U16-T16 -> 22.83538 | W16: =+([5]부산!$L$80+[5]부산!$L$85)/1000 -> -22.83538 | Y16: =+G16-K16-O16-S16-W16 -> 0 | Z16: =+Y16*1000000 -> 0
D17: 서부산 | E17: =+[5]서부산!$H$86/1000 -> 466.85724 | F17: =+[5]서부산!$I$86/1000 -> 278.69374 | G17: =+F17-E17 -> -188.1635 | H17: =+[5]서부산!$T$5/1000 -> 25 | I17: =+[5]서부산!$U$5/1000 -> 23.641 | J17: =+I17-H17 -> -1.359 | K17: =+[5]서부산!$M$86/1000 -> -28.140672 | L17: =+[5]서부산!$Q$85 -> 104325.31 | M17: =+[5]서부산!$R$85 -> 99811.027 | N17: =+M17-L17 -> -4514.2849 | O17: =+[5]서부산!$K$86/1000 -> -106.72221 | P17: =+[5]서부산!$Q$50 -> 83618.416 | Q17: =+[5]서부산!$R$50 -> 85910.098 | R17: =+Q17-P17 -> 2291.6823 | S17: =+[5]서부산!$L$56/1000 -> -41.062869 | T17: =+([5]서부산!$H$80+[5]서부산!$H$85)/1000 -> 50.815173 | U17: =+([5]서부산!$I$80+[5]서부산!$I$85)/1000 -> 63.05292 | V17: =+U17-T17 -> 12.237747 | W17: =+([5]서부산!$L$80+[5]서부산!$L$85)/1000 -> -12.237747 | Y17: =+G17-K17-O17-S17-W17 -> -5.3290705e-14 | Z17: =+Y17*1000000 -> -5.3290705e-08
D18: 김해 | E18: =+[5]김해!$H$86/1000 -> 149.29424 | F18: =+[5]김해!$I$86/1000 -> 58.544437 | G18: =+F18-E18 -> -90.749803 | H18: =+[5]김해!$T$5/1000 -> 12 | I18: =+[5]김해!$U$5/1000 -> 12.699 | J18: =+I18-H18 -> 0.699 | K18: =+[5]김해!$M$86/1000 -> 11.352353 | L18: =+[5]김해!$Q$85 -> 101000.2 | M18: =+[5]김해!$R$85 -> 93546.074 | N18: =+M18-L18 -> -7454.1255 | O18: =+[5]김해!$K$86/1000 -> -94.65994 | P18: =+[5]김해!$Q$50 -> 84759.351 | Q18: =+[5]김해!$R$50 -> 85183.683 | R18: =+Q18-P18 -> 424.3318 | S18: =+[5]김해!$L$56/1000 -> -2.4034156 | T18: =+([5]김해!$H$80+[5]김해!$H$85)/1000 -> 45.595946 | U18: =+([5]김해!$I$80+[5]김해!$I$85)/1000 -> 50.634747 | V18: =+U18-T18 -> 5.0388011 | W18: =+([5]김해!$L$80+[5]김해!$L$85)/1000 -> -5.0388011 | Y18: =+G18-K18-O18-S18-W18 -> 8.970602e-14 | Z18: =+Y18*1000000 -> 8.970602e-08
D19: 정관 | E19: =+[5]정관!$H$86/1000 -> 230.2157 | F19: =+[5]정관!$I$86/1000 -> 142.38129 | G19: =+F19-E19 -> -87.834406 | H19: =+[5]정관!$T$5/1000 -> 17 | I19: =+[5]정관!$U$5/1000 -> 19.584 | J19: =+I19-H19 -> 2.584 | K19: =+[5]정관!$M$86/1000 -> 45.235994 | L19: =+[5]정관!$Q$85 -> 104000 | M19: =+[5]정관!$R$85 -> 99712.725 | N19: =+M19-L19 -> -4287.2753 | O19: =+[5]정관!$K$86/1000 -> -83.962 | P19: =+[5]정관!$Q$50 -> 86493.81 | Q19: =+[5]정관!$R$50 -> 88984.48 | R19: =+Q19-P19 -> 2490.6693 | S19: =+[5]정관!$L$56/1000 -> -41.759805 | T19: =+([5]정관!$H$80+[5]정관!$H$85)/1000 -> 67.389527 | U19: =+([5]정관!$I$80+[5]정관!$I$85)/1000 -> 74.738122 | V19: =+U19-T19 -> 7.348595 | W19: =+([5]정관!$L$80+[5]정관!$L$85)/1000 -> -7.348595 | Y19: =+G19-K19-O19-S19-W19 -> -5.062617e-14 | Z19: =+Y19*1000000 -> -5.062617e-08
D20: 양산 | E20: =+[5]양산!$H$86/1000 -> 112.78897 | F20: =+[5]양산!$I$86/1000 -> 79.077275 | G20: =+F20-E20 -> -33.711694 | H20: =+[5]양산!$T$5/1000 -> 10 | I20: =+[5]양산!$U$5/1000 -> 12.081 | J20: =+I20-H20 -> 2.081 | K20: =+[5]양산!$M$86/1000 -> 32.841505 | L20: =+[5]양산!$Q$85 -> 96385.316 | M20: =+[5]양산!$R$85 -> 93310.471 | N20: =+M20-L20 -> -3074.845 | O20: =+[5]양산!$K$86/1000 -> -37.147203 | P20: =+[5]양산!$Q$50 -> 80603.718 | Q20: =+[5]양산!$R$50 -> 83578.552 | R20: =+Q20-P20 -> 2974.8344 | S20: =+[5]양산!$L$56/1000 -> -35.881342 | T20: =+([5]양산!$H$80+[5]양산!$H$85)/1000 -> 45.02701 | U20: =+([5]양산!$I$80+[5]양산!$I$85)/1000 -> 38.551665 | V20: =+U20-T20 -> -6.4753447 | W20: =+([5]양산!$L$80+[5]양산!$L$85)/1000 -> 6.4753447 | Y20: =+G20-K20-O20-S20-W20 -> 2.8155256e-13 | Z20: =+Y20*1000000 -> 2.8155256e-07
D21: 창원 | E21: =+[5]창원!$H$86/1000 -> 264.21305 | F21: =+[5]창원!$I$86/1000 -> 281.4937 | G21: =+F21-E21 -> 17.280655 | H21: =+[5]창원!$T$5/1000 -> 17 | I21: =+[5]창원!$U$5/1000 -> 20.596 | J21: =+I21-H21 -> 3.596 | K21: =+[5]창원!$M$86/1000 -> 71.069806 | L21: =+[5]창원!$Q$85 -> 101651 | M21: =+[5]창원!$R$85 -> 99143.406 | N21: =+M21-L21 -> -2507.5935 | O21: =+[5]창원!$K$86/1000 -> -51.646396 | P21: =+[5]창원!$Q$50 -> 81887.428 | Q21: =+[5]창원!$R$50 -> 81948.442 | R21: =+Q21-P21 -> 61.013835 | S21: =+[5]창원!$L$56/1000 -> -0.97328677 | T21: =+([5]창원!$H$80+[5]창원!$H$85)/1000 -> 71.767682 | U21: =+([5]창원!$I$80+[5]창원!$I$85)/1000 -> 72.93715 | V21: =+U21-T21 -> 1.1694683 | W21: =+([5]창원!$L$80+[5]창원!$L$85)/1000 -> -1.1694683 | Y21: =+G21-K21-O21-S21-W21 -> 1.3722357e-13 | Z21: =+Y21*1000000 -> 1.3722357e-07
D22: 대구 | E22: =+[5]대구!$H$86/1000 -> 306.08988 | F22: =+[5]대구!$I$86/1000 -> 285.78178 | G22: =+F22-E22 -> -20.308101 | H22: =+[5]대구!$T$5/1000 -> 16.5 | I22: =+[5]대구!$U$5/1000 -> 15.957 | J22: =+I22-H22 -> -0.543 | K22: =+[5]대구!$M$86/1000 -> -11.654514 | L22: =+[5]대구!$Q$85 -> 97760 | M22: =+[5]대구!$R$85 -> 105888.74 | N22: =+M22-L22 -> 8128.7366 | O22: =+[5]대구!$K$86/1000 -> 129.71025 | P22: =+[5]대구!$Q$50 -> 76296.806 | Q22: =+[5]대구!$R$50 -> 84883.639 | R22: =+Q22-P22 -> 8586.8327 | S22: =+[5]대구!$L$56/1000 -> -136.87852 | T22: =+([5]대구!$H$80+[5]대구!$H$85)/1000 -> 48.052812 | U22: =+([5]대구!$I$80+[5]대구!$I$85)/1000 -> 49.538129 | V22: =+U22-T22 -> 1.4853167 | W22: =+([5]대구!$L$80+[5]대구!$L$85)/1000 -> -1.4853167 | Y22: =+G22-K22-O22-S22-W22 -> -1.398881e-14 | Z22: =+Y22*1000000 -> -1.398881e-08
D23: 울산 | E23: =+[5]울산!$H$86/1000 -> 122.02935 | F23: =+[5]울산!$I$86/1000 -> 273.46478 | G23: =+F23-E23 -> 151.43543 | H23: =+[5]울산!$T$5/1000 -> 11 | I23: =+[5]울산!$U$5/1000 -> 14.496 | J23: =+I23-H23 -> 3.496 | K23: =+[5]울산!$M$86/1000 -> 50.7064 | L23: =+[5]울산!$Q$85 -> 101221.07 | M23: =+[5]울산!$R$85 -> 106746.63 | N23: =+M23-L23 -> 5525.5628 | O23: =+[5]울산!$K$86/1000 -> 80.098559 | P23: =+[5]울산!$Q$50 -> 86716.948 | Q23: =+[5]울산!$R$50 -> 85248.842 | R23: =+Q23-P23 -> -1468.1068 | S23: =+[5]울산!$L$56/1000 -> 21.281674 | T23: =+([5]울산!$H$80+[5]울산!$H$85)/1000 -> 37.515958 | U23: =+([5]울산!$I$80+[5]울산!$I$85)/1000 -> 38.167164 | V23: =+U23-T23 -> 0.6512056 | W23: =+([5]울산!$L$80+[5]울산!$L$85)/1000 -> -0.6512056 | Y23: =+G23-K23-O23-S23-W23 -> -2.5701663e-13 | Z23: =+Y23*1000000 -> -2.5701663e-07
D24: 아산 | E24: =+[5]아산!$H$86/1000 -> 387.74728 | F24: =+[5]아산!$I$86/1000 -> 517.15088 | G24: =+F24-E24 -> 129.4036 | H24: =+[5]아산!$T$5/1000 -> 24 | I24: =+[5]아산!$U$5/1000 -> 30.673 | J24: =+I24-H24 -> 6.673 | K24: =+[5]아산!$M$86/1000 -> 125.26535 | L24: =+[5]아산!$Q$85 -> 101000.15 | M24: =+[5]아산!$R$85 -> 100900.77 | N24: =+M24-L24 -> -99.375377 | O24: =+[5]아산!$K$86/1000 -> -3.0481409 | P24: =+[5]아산!$Q$50 -> 82228.181 | Q24: =+[5]아산!$R$50 -> 81902.217 | R24: =+Q24-P24 -> -325.96387 | S24: =+[5]아산!$L$56/1000 -> 10.039708 | T24: =+([5]아산!$H$80+[5]아산!$H$85)/1000 -> 62.779966 | U24: =+([5]아산!$I$80+[5]아산!$I$85)/1000 -> 65.633284 | V24: =+U24-T24 -> 2.8533178 | W24: =+([5]아산!$L$80+[5]아산!$L$85)/1000 -> -2.8533178 | Y24: =+G24-K24-O24-S24-W24 -> 6.1595173e-13 | Z24: =+Y24*1000000 -> 6.1595173e-07
D25: 전주 | E25: =+[5]전주!$H$86/1000 -> 249.37979 | F25: =+[5]전주!$I$86/1000 -> 26.426647 | G25: =+F25-E25 -> -222.95314 | H25: =+[5]전주!$T$5/1000 -> 13 | I25: =+[5]전주!$U$5/1000 -> 7.9935 | J25: =+I25-H25 -> -5.0065 | K25: =+[5]전주!$M$86/1000 -> -115.86347 | L25: =+[5]전주!$Q$85 -> 103684.07 | M25: =+[5]전주!$R$85 -> 93306.136 | N25: =+M25-L25 -> -10377.932 | O25: =+[5]전주!$K$86/1000 -> -82.956001 | P25: =+[5]전주!$Q$50 -> 80541.459 | Q25: =+[5]전주!$R$50 -> 83520.223 | R25: =+Q25-P25 -> 2978.7637 | S25: =+[5]전주!$L$56/1000 -> -23.806668 | T25: =+([5]전주!$H$80+[5]전주!$H$85)/1000 -> 51.474133 | U25: =+([5]전주!$I$80+[5]전주!$I$85)/1000 -> 51.801131 | V25: =+U25-T25 -> 0.32699866 | W25: =+([5]전주!$L$80+[5]전주!$L$85)/1000 -> -0.32699866 | Y25: =+G25-K25-O25-S25-W25 -> 7.283063e-14 | Z25: =+Y25*1000000 -> 7.283063e-08
D26: 군산 | E26: =+[5]군산!$H$86/1000 -> 217.12346 | F26: =+[5]군산!$I$86/1000 -> 359.65576 | G26: =+F26-E26 -> 142.5323 | H26: =+[5]군산!$T$5/1000 -> 7.5 | I26: =+[5]군산!$U$5/1000 -> 10.45 | J26: =+I26-H26 -> 2.95 | K26: =+[5]군산!$M$86/1000 -> 93.307706 | L26: =+[5]군산!$Q$85 -> 108957.96 | M26: =+[5]군산!$R$85 -> 117840.63 | N26: =+M26-L26 -> 8882.6673 | O26: =+[5]군산!$K$86/1000 -> 92.823873 | P26: =+[5]군산!$Q$50 -> 77328.233 | Q26: =+[5]군산!$R$50 -> 81165.227 | R26: =+Q26-P26 -> 3836.9934 | S26: =+[5]군산!$L$56/1000 -> -40.09661 | T26: =+([5]군산!$H$80+[5]군산!$H$85)/1000 -> 20.09952 | U26: =+([5]군산!$I$80+[5]군산!$I$85)/1000 -> 23.602188 | V26: =+U26-T26 -> 3.5026688 | W26: =+([5]군산!$L$80+[5]군산!$L$85)/1000 -> -3.5026688 | Y26: =+G26-K26-O26-S26-W26 -> -1.5099033e-14 | Z26: =+Y26*1000000 -> -1.5099033e-08
D27: 원주 | E27: =+[5]원주!$H$86/1000 -> 88.524752 | F27: =+[5]원주!$I$86/1000 -> 157.5276 | G27: =+F27-E27 -> 69.00285 | H27: =+[5]원주!$T$5/1000 -> 5 | I27: =+[5]원주!$U$5/1000 -> 6.349 | J27: =+I27-H27 -> 1.349 | K27: =+[5]원주!$M$86/1000 -> 27.986455 | L27: =+[5]원주!$Q$85 -> 107900 | M27: =+[5]원주!$R$85 -> 115059.84 | N27: =+M27-L27 -> 7159.8362 | O27: =+[5]원주!$K$86/1000 -> 45.4578 | P27: =+[5]원주!$Q$50 -> 87153.925 | Q27: =+[5]원주!$R$50 -> 87330.518 | R27: =+Q27-P27 -> 176.59268 | S27: =+[5]원주!$L$56/1000 -> -1.1211897 | T27: =+([5]원주!$H$80+[5]원주!$H$85)/1000 -> 15.205623 | U27: =+([5]원주!$I$80+[5]원주!$I$85)/1000 -> 18.525838 | V27: =+U27-T27 -> 3.3202155 | W27: =+([5]원주!$L$80+[5]원주!$L$85)/1000 -> -3.3202155 | Y27: =+G27-K27-O27-S27-W27 -> 3.7303494e-14 | Z27: =+Y27*1000000 -> 3.7303494e-08
D28: 제주 | E28: =+[5]제주!$H$86/1000 -> 122.30759 | F28: =+[5]제주!$I$86/1000 -> 65.194074 | G28: =+F28-E28 -> -57.11352 | H28: =+[5]제주!$T$5/1000 -> 6 | I28: =+[5]제주!$U$5/1000 -> 4.611 | J28: =+I28-H28 -> -1.389 | K28: =+[5]제주!$M$86/1000 -> -33.982923 | L28: =+[5]제주!$Q$85 -> 126800 | M28: =+[5]제주!$R$85 -> 123280.6 | N28: =+M28-L28 -> -3519.3999 | O28: =+[5]제주!$K$86/1000 -> -16.227953 | P28: =+[5]제주!$Q$50 -> 102334.25 | Q28: =+[5]제주!$R$50 -> 103778.02 | R28: =+Q28-P28 -> 1443.7667 | S28: =+[5]제주!$L$56/1000 -> -6.4869105 | T28: =+([5]제주!$H$80+[5]제주!$H$85)/1000 -> 24.486888 | U28: =+([5]제주!$I$80+[5]제주!$I$85)/1000 -> 24.902622 | V28: =+U28-T28 -> 0.41573394 | W28: =+([5]제주!$L$80+[5]제주!$L$85)/1000 -> -0.41573394 | Y28: =+G28-K28-O28-S28-W28 -> 6.6890937e-14 | Z28: =+Y28*1000000 -> 6.6890937e-08

Sheet 공헌이익
D4: □ 레미콘 단위당 공헌이익(2024-06)
V5: [단위 : 원/㎥]
D6: 구분 | E6: 판매단가 | H6: 재료비 | K6: 운반비 | N6: 유류비 | Q6: 변동비 계 | T6: 공헌이익
E7: 계획 | F7: 실적 | G7: 차이 | H7: 계획 | I7: 실적 | J7: 차이 | K7: 계획 | L7: 실적 | M7: 차이 | N7: 계획 | O7: 실적 | P7: 차이 | Q7: 계획 | R7: 실적 | S7: 차이 | T7: 계획 | U7: 실적 | V7: 차이
D8: 평균 | E8: =+[5]합계!$Q$85 -> 102211.18 | F8: =+[5]합계!$R$85 -> 100861.45 | G8: =+F8-E8 -> -1349.7221 | H8: =+[5]합계!$Q$20 -> 58095.375 | I8: =+[5]합계!$R$20 -> 60612.839 | J8: =+I8-H8 -> 2517.4636 | K8: =+[5]합계!$Q$21 -> 17669.012 | L8: =+[5]합계!$R$21 -> 17594.231 | M8: =+L8-K8 -> -74.781652 | N8: =+[5]합계!$Q$22 -> 192.66063 | O8: =+[5]합계!$R$22 -> 177.62385 | P8: =+O8-N8 -> -15.036779 | Q8: =H8+K8+N8 -> 75957.048 | R8: =I8+L8+O8 -> 78384.694 | S8: =+R8-Q8 -> 2427.6452 | T8: =+E8-Q8 -> 26254.128 | U8: =+F8-R8 -> 22476.76 | V8: =+U8-T8 -> -3777.3673
D9: 수도권 | E9: =+[5]수도권!$Q$85 -> 100194.01 | F9: =+[5]수도권!$R$85 -> 97972.586 | G9: =+F9-E9 -> -2221.4284 | H9: =+[5]수도권!$Q$20 -> 59577.163 | I9: =+[5]수도권!$R$20 -> 62012.86 | J9: =+I9-H9 -> 2435.6967 | K9: =+[5]수도권!$Q$21 -> 17540.999 | L9: =+[5]수도권!$R$21 -> 17820.851 | M9: =+L9-K9 -> 279.85276 | N9: =+[5]수도권!$Q$22 -> 224.37238 | O9: =+[5]수도권!$R$22 -> 193.79097 | P9: =+O9-N9 -> -30.581419 | Q9: =H9+K9+N9 -> 77342.534 | R9: =I9+L9+O9 -> 80027.502 | S9: =+R9-Q9 -> 2684.968 | T9: =+E9-Q9 -> 22851.48 | U9: =+F9-R9 -> 17945.084 | V9: =+U9-T9 -> -4906.3964
D10: 영남권 | E10: =+[5]영남권!$Q$85 -> 102400.98 | F10: =+[5]영남권!$R$85 -> 100840.36 | G10: =+F10-E10 -> -1560.6247 | H10: =+[5]영남권!$Q$20 -> 56777.946 | I10: =+[5]영남권!$R$20 -> 59647.827 | J10: =+I10-H10 -> 2869.8807 | K10: =+[5]영남권!$Q$21 -> 17865.695 | L10: =+[5]영남권!$R$21 -> 18319.327 | M10: =+L10-K10 -> 453.63267 | N10: =+[5]영남권!$Q$22 -> 176.73152 | O10: =+[5]영남권!$R$22 -> 164.82962 | P10: =+O10-N10 -> -11.901901 | Q10: =H10+K10+N10 -> 74820.372 | R10: =I10+L10+O10 -> 78131.984 | S10: =+R10-Q10 -> 3311.6114 | T10: =+E10-Q10 -> 27580.609 | U10: =+F10-R10 -> 22708.372 | V10: =+U10-T10 -> -4872.2362
D11: 기타권 | E11: =+[5]중부권!$Q$85 -> 106114.98 | F11: =+[5]중부권!$R$85 -> 106050.93 | G11: =+F11-E11 -> -64.051786 | H11: =+[5]중부권!$Q$20 -> 57955.124 | I11: =+[5]중부권!$R$20 -> 60337.556 | J11: =+I11-H11 -> 2382.4316 | K11: =+[5]중부권!$Q$21 -> 17489.264 | L11: =+[5]중부권!$R$21 -> 15529.082 | M11: =+L11-K11 -> -1960.182 | N11: =+[5]중부권!$Q$22 -> 161.26126 | O11: =+[5]중부권!$R$22 -> 178.22907 | P11: =+O11-N11 -> 16.967804 | Q11: =H11+K11+N11 -> 75605.65 | R11: =I11+L11+O11 -> 76044.867 | S11: =+R11-Q11 -> 439.2174 | T11: =+E11-Q11 -> 30509.327 | U11: =+F11-R11 -> 30006.058 | V11: =+U11-T11 -> -503.26919
D12: 안양 | E12: =+[5]안양!$Q$85 -> 101280.96 | F12: =+[5]안양!$R$85 -> 100399.7 | G12: =+F12-E12 -> -881.26508 | H12: =+[5]안양!$Q$20 -> 61813.997 | I12: =+[5]안양!$R$20 -> 64537.133 | J12: =+I12-H12 -> 2723.1354 | K12: =+[5]안양!$Q$21 -> 16656.429 | L12: =+[5]안양!$R$21 -> 16559.934 | M12: =+L12-K12 -> -96.494896 | N12: =+[5]안양!$Q$22 -> 190.69767 | O12: =+[5]안양!$R$22 -> 196.22372 | P12: =+O12-N12 -> 5.5260459 | Q12: =H12+K12+N12 -> 78661.124 | R12: =I12+L12+O12 -> 81293.291 | S12: =+R12-Q12 -> 2632.1665 | T12: =+E12-Q12 -> 22619.84 | U12: =+F12-R12 -> 19106.408 | V12: =+U12-T12 -> -3513.4316
D13: 인천 | E13: =+[5]인천!$Q$85 -> 101383.65 | F13: =+[5]인천!$R$85 -> 98667.488 | G13: =+F13-E13 -> -2716.1605 | H13: =+[5]인천!$Q$20 -> 62596.654 | I13: =+[5]인천!$R$20 -> 63918.035 | J13: =+I13-H13 -> 1321.3813 | K13: =+[5]인천!$Q$21 -> 17611.739 | L13: =+[5]인천!$R$21 -> 17460.537 | M13: =+L13-K13 -> -151.20209 | N13: =+[5]인천!$Q$22 -> 366.66667 | O13: =+[5]인천!$R$22 -> 306.79538 | P13: =+O13-N13 -> -59.871291 | Q13: =H13+K13+N13 -> 80575.059 | R13: =I13+L13+O13 -> 81685.367 | S13: =+R13-Q13 -> 1110.3079 | T13: =+E13-Q13 -> 20808.589 | U13: =+F13-R13 -> 16982.12 | V13: =+U13-T13 -> -3826.4684
D14: 파주 | E14: =+[5]파주!$Q$85 -> 99754.402 | F14: =+[5]파주!$R$85 -> 94837.488 | G14: =+F14-E14 -> -4916.9149 | H14: =+[5]파주!$Q$20 -> 56754.469 | I14: =+[5]파주!$R$20 -> 59644.374 | J14: =+I14-H14 -> 2889.905 | K14: =+[5]파주!$Q$21 -> 18613.02 | L14: =+[5]파주!$R$21 -> 19780.489 | M14: =+L14-K14 -> 1167.4686 | N14: =+[5]파주!$Q$22 -> 202.5 | O14: =+[5]파주!$R$22 -> 124.11731 | P14: =+O14-N14 -> -78.382687 | Q14: =H14+K14+N14 -> 75569.989 | R14: =I14+L14+O14 -> 79548.98 | S14: =+R14-Q14 -> 3978.9909 | T14: =+E14-Q14 -> 24184.414 | U14: =+F14-R14 -> 15288.508 | V14: =+U14-T14 -> -8895.9058
D15: 김포 | E15: =+[5]김포!$Q$85 -> 96403.811 | F15: =+[5]김포!$R$85 -> 97204.532 | G15: =+F15-E15 -> 800.72083 | H15: =+[5]김포!$Q$20 -> 53753.749 | I15: =+[5]김포!$R$20 -> 55972.554 | J15: =+I15-H15 -> 2218.8049 | K15: =+[5]김포!$Q$21 -> 17859.791 | L15: =+[5]김포!$R$21 -> 17352.857 | M15: =+L15-K15 -> -506.93371 | N15: =+[5]김포!$Q$22 -> 105 | O15: =+[5]김포!$R$22 -> 91.169437 | P15: =+O15-N15 -> -13.830563 | Q15: =H15+K15+N15 -> 71718.54 | R15: =I15+L15+O15 -> 73416.58 | S15: =+R15-Q15 -> 1698.0406 | T15: =+E15-Q15 -> 24685.271 | U15: =+F15-R15 -> 23787.951 | V15: =+U15-T15 -> -897.31979
D16: 부산 | E16: =+[5]부산!$Q$85 -> 107599.95 | F16: =+[5]부산!$R$85 -> 106112.67 | G16: =+F16-E16 -> -1487.2807 | H16: =+[5]부산!$Q$20 -> 58434.674 | I16: =+[5]부산!$R$20 -> 62875.948 | J16: =+I16-H16 -> 4441.2744 | K16: =+[5]부산!$Q$21 -> 19641.118 | L16: =+[5]부산!$R$21 -> 19899.978 | M16: =+L16-K16 -> 258.85948 | N16: =+[5]부산!$Q$22 -> 50 | O16: =+[5]부산!$R$22 -> 0 | P16: =+O16-N16 -> -50 | Q16: =H16+K16+N16 -> 78125.792 | R16: =I16+L16+O16 -> 82775.926 | S16: =+R16-Q16 -> 4650.1339 | T16: =+E16-Q16 -> 29474.155 | U16: =+F16-R16 -> 23336.741 | V16: =+U16-T16 -> -6137.4146
D17: 서부산 | E17: =+[5]서부산!$Q$85 -> 104325.31 | F17: =+[5]서부산!$R$85 -> 99811.027 | G17: =+F17-E17 -> -4514.2849 | H17: =+[5]서부산!$Q$20 -> 60014.545 | I17: =+[5]서부산!$R$20 -> 60306.886 | J17: =+I17-H17 -> 292.34113 | K17: =+[5]서부산!$Q$21 -> 16267.667 | L17: =+[5]서부산!$R$21 -> 17308.913 | M17: =+L17-K17 -> 1041.246 | N17: =+[5]서부산!$Q$22 -> 80 | O17: =+[5]서부산!$R$22 -> 236.09084 | P17: =+O17-N17 -> 156.09084 | Q17: =H17+K17+N17 -> 76362.212 | R17: =I17+L17+O17 -> 77851.89 | S17: =+R17-Q17 -> 1489.678 | T17: =+E17-Q17 -> 27963.1 | U17: =+F17-R17 -> 21959.137 | V17: =+U17-T17 -> -6003.9629
D18: 김해 | E18: =+[5]김해!$Q$85 -> 101000.2 | F18: =+[5]김해!$R$85 -> 93546.074 | G18: =+F18-E18 -> -7454.1255 | H18: =+[5]김해!$Q$20 -> 57614.512 | I18: =+[5]김해!$R$20 -> 58123.158 | J18: =+I18-H18 -> 508.64623 | K18: =+[5]김해!$Q$21 -> 18115.39 | L18: =+[5]김해!$R$21 -> 19056.376 | M18: =+L18-K18 -> 940.9857 | N18: =+[5]김해!$Q$22 -> 408.33333 | O18: =+[5]김해!$R$22 -> 423.27498 | P18: =+O18-N18 -> 14.941649 | Q18: =H18+K18+N18 -> 76138.235 | R18: =I18+L18+O18 -> 77602.809 | S18: =+R18-Q18 -> 1464.5736 | T18: =+E18-Q18 -> 24861.965 | U18: =+F18-R18 -> 15943.266 | V18: =+U18-T18 -> -8918.6991
D19: 정관 | E19: =+[5]정관!$Q$85 -> 104000 | F19: =+[5]정관!$R$85 -> 99712.725 | G19: =+F19-E19 -> -4287.2753 | H19: =+[5]정관!$Q$20 -> 58551.054 | I19: =+[5]정관!$R$20 -> 61375.134 | J19: =+I19-H19 -> 2824.08 | K19: =+[5]정관!$Q$21 -> 19052.271 | L19: =+[5]정관!$R$21 -> 19304.753 | M19: =+L19-K19 -> 252.48251 | N19: =+[5]정관!$Q$22 -> 264.70588 | O19: =+[5]정관!$R$22 -> 164.78135 | P19: =+O19-N19 -> -99.92453 | Q19: =H19+K19+N19 -> 77868.031 | R19: =I19+L19+O19 -> 80844.669 | S19: =+R19-Q19 -> 2976.638 | T19: =+E19-Q19 -> 26131.969 | U19: =+F19-R19 -> 18868.056 | V19: =+U19-T19 -> -7263.9133
D20: 양산 | E20: =+[5]양산!$Q$85 -> 96385.316 | F20: =+[5]양산!$R$85 -> 93310.471 | G20: =+F20-E20 -> -3074.845 | H20: =+[5]양산!$Q$20 -> 52148.83 | I20: =+[5]양산!$R$20 -> 57321.565 | J20: =+I20-H20 -> 5172.7352 | K20: =+[5]양산!$Q$21 -> 17353.761 | L20: =+[5]양산!$R$21 -> 17054.165 | M20: =+L20-K20 -> -299.59576 | N20: =+[5]양산!$Q$22 -> 95 | O20: =+[5]양산!$R$22 -> 18.109014 | P20: =+O20-N20 -> -76.890986 | Q20: =H20+K20+N20 -> 69597.591 | R20: =I20+L20+O20 -> 74393.84 | S20: =+R20-Q20 -> 4796.2484 | T20: =+E20-Q20 -> 26787.725 | U20: =+F20-R20 -> 18916.631 | V20: =+U20-T20 -> -7871.0934
D21: 창원 | E21: =+[5]창원!$Q$85 -> 101651 | F21: =+[5]창원!$R$85 -> 99143.406 | G21: =+F21-E21 -> -2507.5935 | H21: =+[5]창원!$Q$20 -> 55737.794 | I21: =+[5]창원!$R$20 -> 58671.529 | J21: =+I21-H21 -> 2933.7347 | K21: =+[5]창원!$Q$21 -> 16492.247 | L21: =+[5]창원!$R$21 -> 16016.313 | M21: =+L21-K21 -> -475.93368 | N21: =+[5]창원!$Q$22 -> 70.588235 | O21: =+[5]창원!$R$22 -> 71.476258 | P21: =+O21-N21 -> 0.88802223 | Q21: =H21+K21+N21 -> 72300.629 | R21: =I21+L21+O21 -> 74759.318 | S21: =+R21-Q21 -> 2458.6891 | T21: =+E21-Q21 -> 29350.371 | U21: =+F21-R21 -> 24384.088 | V21: =+U21-T21 -> -4966.2826
D22: 대구 | E22: =+[5]대구!$Q$85 -> 97760 | F22: =+[5]대구!$R$85 -> 105888.74 | G22: =+F22-E22 -> 8128.7366 | H22: =+[5]대구!$Q$20 -> 51286.245 | I22: =+[5]대구!$R$20 -> 56839.957 | J22: =+I22-H22 -> 5553.7126 | K22: =+[5]대구!$Q$21 -> 16751.031 | L22: =+[5]대구!$R$21 -> 19418.016 | M22: =+L22-K22 -> 2666.9846 | N22: =+[5]대구!$Q$22 -> 321.21212 | O22: =+[5]대구!$R$22 -> 237.70238 | P22: =+O22-N22 -> -83.509745 | Q22: =H22+K22+N22 -> 68358.488 | R22: =I22+L22+O22 -> 76495.675 | S22: =+R22-Q22 -> 8137.1875 | T22: =+E22-Q22 -> 29401.512 | U22: =+F22-R22 -> 29393.061 | V22: =+U22-T22 -> -8.4508763
D23: 울산 | E23: =+[5]울산!$Q$85 -> 101221.07 | F23: =+[5]울산!$R$85 -> 106746.63 | G23: =+F23-E23 -> 5525.5628 | H23: =+[5]울산!$Q$20 -> 56810.278 | I23: =+[5]울산!$R$20 -> 59818.676 | J23: =+I23-H23 -> 3008.3978 | K23: =+[5]울산!$Q$21 -> 20423.331 | L23: =+[5]울산!$R$21 -> 19070.996 | M23: =+L23-K23 -> -1352.3348 | N23: =+[5]울산!$Q$22 -> 260 | O23: =+[5]울산!$R$22 -> 209.20985 | P23: =+O23-N23 -> -50.790149 | Q23: =H23+K23+N23 -> 77493.608 | R23: =I23+L23+O23 -> 79098.881 | S23: =+R23-Q23 -> 1605.2729 | T23: =+E23-Q23 -> 23727.459 | U23: =+F23-R23 -> 27647.749 | V23: =+U23-T23 -> 3920.29
D24: 아산 | E24: =+[5]아산!$Q$85 -> 101000.15 | F24: =+[5]아산!$R$85 -> 100900.77 | G24: =+F24-E24 -> -99.375377 | H24: =+[5]아산!$Q$20 -> 55812.421 | I24: =+[5]아산!$R$20 -> 58932.598 | J24: =+I24-H24 -> 3120.1767 | K24: =+[5]아산!$Q$21 -> 19763.524 | L24: =+[5]아산!$R$21 -> 16713.826 | M24: =+L24-K24 -> -3049.6979 | N24: =+[5]아산!$Q$22 -> 166.66667 | O24: =+[5]아산!$R$22 -> 179.94438 | P24: =+O24-N24 -> 13.277709 | Q24: =H24+K24+N24 -> 75742.611 | R24: =I24+L24+O24 -> 75826.368 | S24: =+R24-Q24 -> 83.756484 | T24: =+E24-Q24 -> 25257.539 | U24: =+F24-R24 -> 25074.407 | V24: =+U24-T24 -> -183.13186
D25: 전주 | E25: =+[5]전주!$Q$85 -> 103684.07 | F25: =+[5]전주!$R$85 -> 93306.136 | G25: =+F25-E25 -> -10377.932 | H25: =+[5]전주!$Q$20 -> 55672.905 | I25: =+[5]전주!$R$20 -> 53499.444 | J25: =+I25-H25 -> -2173.4605 | K25: =+[5]전주!$Q$21 -> 17127.599 | L25: =+[5]전주!$R$21 -> 15715.048 | M25: =+L25-K25 -> -1412.5503 | N25: =+[5]전주!$Q$22 -> 230.76923 | O25: =+[5]전주!$R$22 -> 185.25945 | P25: =+O25-N25 -> -45.509777 | Q25: =H25+K25+N25 -> 73031.273 | R25: =I25+L25+O25 -> 69399.752 | S25: =+R25-Q25 -> -3631.5206 | T25: =+E25-Q25 -> 30652.796 | U25: =+F25-R25 -> 23906.384 | V25: =+U25-T25 -> -6746.4117
D26: 군산 | E26: =+[5]군산!$Q$85 -> 108957.96 | F26: =+[5]군산!$R$85 -> 117840.63 | G26: =+F26-E26 -> 8882.6673 | H26: =+[5]군산!$Q$20 -> 56594.987 | I26: =+[5]군산!$R$20 -> 62479.876 | J26: =+I26-H26 -> 5884.8889 | K26: =+[5]군산!$Q$21 -> 12670.572 | L26: =+[5]군산!$R$21 -> 13213.551 | M26: =+L26-K26 -> 542.97889 | N26: =+[5]군산!$Q$22 -> 60 | O26: =+[5]군산!$R$22 -> 43.295789 | P26: =+O26-N26 -> -16.704211 | Q26: =H26+K26+N26 -> 69325.559 | R26: =I26+L26+O26 -> 75736.722 | S26: =+R26-Q26 -> 6411.1636 | T26: =+E26-Q26 -> 39632.406 | U26: =+F26-R26 -> 42103.909 | V26: =+U26-T26 -> 2471.5037
D27: 원주 | E27: =+[5]원주!$Q$85 -> 107900 | F27: =+[5]원주!$R$85 -> 115059.84 | G27: =+F27-E27 -> 7159.8362 | H27: =+[5]원주!$Q$20 -> 56418.304 | I27: =+[5]원주!$R$20 -> 61624.11 | J27: =+I27-H27 -> 5205.8058 | K27: =+[5]원주!$Q$21 -> 15776.613 | L27: =+[5]원주!$R$21 -> 13685.399 | M27: =+L27-K27 -> -2091.2146 | N27: =+[5]원주!$Q$22 -> 300 | O27: =+[5]원주!$R$22 -> 300.1909 | P27: =+O27-N27 -> 0.1908962 | Q27: =H27+K27+N27 -> 72494.918 | R27: =I27+L27+O27 -> 75609.7 | S27: =+R27-Q27 -> 3114.7821 | T27: =+E27-Q27 -> 35405.082 | U27: =+F27-R27 -> 39450.137 | V27: =+U27-T27 -> 4045.0541
D28: 제주 | E28: =+[5]제주!$Q$85 -> 126800 | F28: =+[5]제주!$R$85 -> 123280.6 | G28: =+F28-E28 -> -3519.3999 | H28: =+[5]제주!$Q$20 -> 74451.6 | I28: =+[5]제주!$R$20 -> 74744.266 | J28: =+I28-H28 -> 292.66545 | K28: =+[5]제주!$Q$21 -> 16626.41 | L28: =+[5]제주!$R$21 -> 15108.673 | M28: =+L28-K28 -> -1517.7369 | N28: =+[5]제주!$Q$22 -> 0 | O28: =+[5]제주!$R$22 -> 291.02366 | P28: =+O28-N28 -> 291.02366 | Q28: =H28+K28+N28 -> 91078.011 | R28: =I28+L28+O28 -> 90143.963 | S28: =+R28-Q28 -> -934.04777 | T28: =+E28-Q28 -> 35721.989 | U28: =+F28-R28 -> 33136.637 | V28: =+U28-T28 -> -2585.3521

Sheet 재료비단가
D4: □ 2024년 레미콘 원재료단가(2024-06)
D6: 구분 | E6: OPC (원/톤) | H6: SC (원/톤) | K6: SP (원/톤) | N6: FA (원/톤) | Q6: 자갈 (원/톤) | T6: 모래 (원/톤)
E7: 계획 | F7: 실적 | G7: 차이 | H7: 계획 | I7: 실적 | J7: 차이 | K7: 계획 | L7: 실적 | M7: 차이 | N7: 계획 | O7: 실적 | P7: 차이 | Q7: 계획 | R7: 실적 | S7: 차이 | T7: 계획 | U7: 실적 | V7: 차이
D8: 평균 | E8: =+[5]합계!$G$9 -> 100499.15 | F8: =+[5]합계!$H$9 -> 100386.41 | G8: =+F8-E8 -> -112.73423 | H8: =+[5]합계!$G$10 -> 91637.731 | I8: =+[5]합계!$H$10 -> 93307.733 | J8: =+I8-H8 -> 1670.0023 | K8: =+[5]합계!$G$12 -> 64091.864 | L8: =+[5]합계!$H$12 -> 63905.786 | M8: =+L8-K8 -> -186.07751 | N8: =+[5]합계!$G$13 -> 40434.957 | O8: =+[5]합계!$H$13 -> 41577.969 | P8: =+O8-N8 -> 1143.0118 | Q8: =+[5]합계!$G$16 -> 12784.408 | R8: =+[5]합계!$H$16 -> 13289.767 | S8: =+R8-Q8 -> 505.35837 | T8: =+[5]합계!$G$17 -> 15811.66 | U8: =+[5]합계!$H$17 -> 16014.928 | V8: =+U8-T8 -> 203.26748
D9: 수도권 | E9: =+[5]수도권!$G$9 -> 100000 | F9: =+[5]수도권!$H$9 -> 100000.01 | G9: =+F9-E9 -> 0.0071185944 | H9: =+[5]수도권!$G$10 -> 91922.907 | I9: =+[5]수도권!$H$10 -> 96938.672 | J9: =+I9-H9 -> 5015.7644 | K9: =+[5]수도권!$G$12 -> 64321.141 | L9: =+[5]수도권!$H$12 -> 64262.044 | M9: =+L9-K9 -> -59.097186 | N9: =+[5]수도권!$G$13 -> 45170.113 | O9: =+[5]수도권!$H$13 -> 48356.751 | P9: =+O9-N9 -> 3186.6376 | Q9: =+[5]수도권!$G$16 -> 15331.113 | R9: =+[5]수도권!$H$16 -> 16241.336 | S9: =+R9-Q9 -> 910.22255 | T9: =+[5]수도권!$G$17 -> 14701.406 | U9: =+[5]수도권!$H$17 -> 14665.679 | V9: =+U9-T9 -> -35.727305
D10: 영남권 | E10: =+[5]영남권!$G$9 -> 100000 | F10: =+[5]영남권!$H$9 -> 100003.52 | G10: =+F10-E10 -> 3.5207845 | H10: =+[5]영남권!$G$10 -> 92100 | I10: =+[5]영남권!$H$10 -> 92349.958 | J10: =+I10-H10 -> 249.95824 | K10: =+[5]영남권!$G$12 -> 63691.182 | L10: =+[5]영남권!$H$12 -> 63398.816 | M10: =+L10-K10 -> -292.3665 | N10: =+[5]영남권!$G$13 -> 35450.351 | O10: =+[5]영남권!$H$13 -> 35426.914 | P10: =+O10-N10 -> -23.436305 | Q10: =+[5]영남권!$G$16 -> 10374.893 | R10: =+[5]영남권!$H$16 -> 11062.927 | S10: =+R10-Q10 -> 688.03362 | T10: =+[5]영남권!$G$17 -> 17354.449 | U10: =+[5]영남권!$H$17 -> 17666.742 | V10: =+U10-T10 -> 312.29229
D11: 기타권 | E11: =+[5]중부권!$G$9 -> 102504.18 | F11: =+[5]중부권!$H$9 -> 101722.78 | G11: =+F11-E11 -> -781.40083 | H11: =+[5]중부권!$G$10 -> 88768.564 | I11: =+[5]중부권!$H$10 -> 95057.967 | J11: =+I11-H11 -> 6289.403 | K11: =+[5]중부권!$G$12 -> 64690.478 | L11: =+[5]중부권!$H$12 -> 64602.946 | M11: =+L11-K11 -> -87.532807 | N11: =+[5]중부권!$G$13 -> 40847.797 | O11: =+[5]중부권!$H$13 -> 42657.313 | P11: =+O11-N11 -> 1809.5161 | Q11: =+[5]중부권!$G$16 -> 12586.036 | R11: =+[5]중부권!$H$16 -> 12779.905 | S11: =+R11-Q11 -> 193.86856 | T11: =+[5]중부권!$G$17 -> 14591.705 | U11: =+[5]중부권!$H$17 -> 14569.026 | V11: =+U11-T11 -> -22.678996
D12: 안양 | E12: =+[5]안양!$G$9 -> 100000 | F12: =+[5]안양!$H$9 -> 100000.02 | G12: =+F12-E12 -> 0.020484757 | H12: =+[5]안양!$G$10 -> 87100 | I12: =+[5]안양!$H$10 -> 0 | J12: =+I12-H12 -> -87100 | K12: =+[5]안양!$G$12 -> 64000 | L12: =+[5]안양!$H$12 -> 64203.427 | M12: =+L12-K12 -> 203.42744 | N12: =+[5]안양!$G$13 -> 45000 | O12: =+[5]안양!$H$13 -> 46724.012 | P12: =+O12-N12 -> 1724.0118 | Q12: =+[5]안양!$G$16 -> 15333.333 | R12: =+[5]안양!$H$16 -> 16715.655 | S12: =+R12-Q12 -> 1382.3218 | T12: =+[5]안양!$G$17 -> 15161.29 | U12: =+[5]안양!$H$17 -> 15851.357 | V12: =+U12-T12 -> 690.06717
D13: 인천 | E13: =+[5]인천!$G$9 -> 100000 | F13: =+[5]인천!$H$9 -> 100000 | G13: =+F13-E13 -> -0.0002533033 | H13: =+[5]인천!$G$10 -> 99500 | I13: =+[5]인천!$H$10 -> 98401.346 | J13: =+I13-H13 -> -1098.6539 | K13: =+[5]인천!$G$12 -> 64500 | L13: =+[5]인천!$H$12 -> 64500.819 | M13: =+L13-K13 -> 0.81903117 | N13: =+[5]인천!$G$13 -> 45000 | O13: =+[5]인천!$H$13 -> 50511.533 | P13: =+O13-N13 -> 5511.533 | Q13: =+[5]인천!$G$16 -> 15733.333 | R13: =+[5]인천!$H$16 -> 16000.978 | S13: =+R13-Q13 -> 267.64495 | T13: =+[5]인천!$G$17 -> 15504.296 | U13: =+[5]인천!$H$17 -> 15089.647 | V13: =+U13-T13 -> -414.64932
D14: 파주 | E14: =+[5]파주!$G$9 -> 100000 | F14: =+[5]파주!$H$9 -> 100000 | G14: =+F14-E14 -> -0.00012930619 | H14: =+[5]파주!$G$10 -> 0 | I14: =+[5]파주!$H$10 -> 95617.56 | J14: =+I14-H14 -> 95617.56 | K14: =+[5]파주!$G$12 -> 64500 | L14: =+[5]파주!$H$12 -> 64481.481 | M14: =+L14-K14 -> -18.51868 | N14: =+[5]파주!$G$13 -> 45000 | O14: =+[5]파주!$H$13 -> 48097.673 | P14: =+O14-N14 -> 3097.6727 | Q14: =+[5]파주!$G$16 -> 15266.667 | R14: =+[5]파주!$H$16 -> 16513.06 | S14: =+R14-Q14 -> 1246.3932 | T14: =+[5]파주!$G$17 -> 13419.355 | U14: =+[5]파주!$H$17 -> 13030.619 | V14: =+U14-T14 -> -388.7363
D15: 김포 | E15: =+[5]김포!$G$9 -> 100000 | F15: =+[5]김포!$H$9 -> 100000 | G15: =+F15-E15 -> 0 | H15: =+[5]김포!$G$10 -> 0 | I15: =+[5]김포!$H$10 -> 0 | J15: =+I15-H15 -> 0 | K15: =+[5]김포!$G$12 -> 64300 | L15: =+[5]김포!$H$12 -> 63662.032 | M15: =+L15-K15 -> -637.96798 | N15: =+[5]김포!$G$13 -> 46000 | O15: =+[5]김포!$H$13 -> 50951.195 | P15: =+O15-N15 -> 4951.1951 | Q15: =+[5]김포!$G$16 -> 14666.667 | R15: =+[5]김포!$H$16 -> 14600.001 | S15: =+R15-Q15 -> -66.665995 | T15: =+[5]김포!$G$17 -> 14363.982 | U15: =+[5]김포!$H$17 -> 14574.806 | V15: =+U15-T15 -> 210.82364
D16: 부산 | E16: =+[5]부산!$G$9 -> 100000 | F16: =+[5]부산!$H$9 -> 100001.26 | G16: =+F16-E16 -> 1.2568643 | H16: =+[5]부산!$G$10 -> 92100 | I16: =+[5]부산!$H$10 -> 92697.99 | J16: =+I16-H16 -> 597.99005 | K16: =+[5]부산!$G$12 -> 65000 | L16: =+[5]부산!$H$12 -> 0 | M16: =+L16-K16 -> -65000 | N16: =+[5]부산!$G$13 -> 36500 | O16: =+[5]부산!$H$13 -> 36500.003 | P16: =+O16-N16 -> 0.0028235146 | Q16: =+[5]부산!$G$16 -> 10738.686 | R16: =+[5]부산!$H$16 -> 11708.573 | S16: =+R16-Q16 -> 969.88716 | T16: =+[5]부산!$G$17 -> 17417.838 | U16: =+[5]부산!$H$17 -> 18521.274 | V16: =+U16-T16 -> 1103.4353
D17: 서부산 | E17: =+[5]서부산!$G$9 -> 100000 | F17: =+[5]서부산!$H$9 -> 100019.1 | G17: =+F17-E17 -> 19.099331 | H17: =+[5]서부산!$G$10 -> 92100 | I17: =+[5]서부산!$H$10 -> 92100.351 | J17: =+I17-H17 -> 0.35082471 | K17: =+[5]서부산!$G$12 -> 65000 | L17: =+[5]서부산!$H$12 -> 65290.211 | M17: =+L17-K17 -> 290.21117 | N17: =+[5]서부산!$G$13 -> 35200 | O17: =+[5]서부산!$H$13 -> 35351.12 | P17: =+O17-N17 -> 151.11961 | Q17: =+[5]서부산!$G$16 -> 10666.667 | R17: =+[5]서부산!$H$16 -> 11200.221 | S17: =+R17-Q17 -> 533.55391 | T17: =+[5]서부산!$G$17 -> 17805.9 | U17: =+[5]서부산!$H$17 -> 18844.805 | V17: =+U17-T17 -> 1038.905
D18: 김해 | E18: =+[5]김해!$G$9 -> 100000 | F18: =+[5]김해!$H$9 -> 100000.03 | G18: =+F18-E18 -> 0.033143094 | H18: =+[5]김해!$G$10 -> 92100 | I18: =+[5]김해!$H$10 -> 92099.998 | J18: =+I18-H18 -> -0.0024789959 | K18: =+[5]김해!$G$12 -> 64000 | L18: =+[5]김해!$H$12 -> 63176.232 | M18: =+L18-K18 -> -823.76838 | N18: =+[5]김해!$G$13 -> 35000 | O18: =+[5]김해!$H$13 -> 34999.967 | P18: =+O18-N18 -> -0.033313724 | Q18: =+[5]김해!$G$16 -> 9426.6667 | R18: =+[5]김해!$H$16 -> 9734.4537 | S18: =+R18-Q18 -> 307.78708 | T18: =+[5]김해!$G$17 -> 17730.479 | U18: =+[5]김해!$H$17 -> 15187.898 | V18: =+U18-T18 -> -2542.5813
D19: 정관 | E19: =+[5]정관!$G$9 -> 100000 | F19: =+[5]정관!$H$9 -> 100030.39 | G19: =+F19-E19 -> 30.38906 | H19: =+[5]정관!$G$10 -> 92100 | I19: =+[5]정관!$H$10 -> 92099.921 | J19: =+I19-H19 -> -0.078538724 | K19: =+[5]정관!$G$12 -> 63500 | L19: =+[5]정관!$H$12 -> 63674.317 | M19: =+L19-K19 -> 174.31657 | N19: =+[5]정관!$G$13 -> 35500 | O19: =+[5]정관!$H$13 -> 35500.002 | P19: =+O19-N19 -> 0.0020117282 | Q19: =+[5]정관!$G$16 -> 10733.333 | R19: =+[5]정관!$H$16 -> 11680.332 | S19: =+R19-Q19 -> 946.99889 | T19: =+[5]정관!$G$17 -> 18315.171 | U19: =+[5]정관!$H$17 -> 19018.532 | V19: =+U19-T19 -> 703.36139
D20: 양산 | E20: =+[5]양산!$G$9 -> 100000 | F20: =+[5]양산!$H$9 -> 99933.183 | G20: =+F20-E20 -> -66.816937 | H20: =+[5]양산!$G$10 -> 92100 | I20: =+[5]양산!$H$10 -> 0 | J20: =+I20-H20 -> -92100 | K20: =+[5]양산!$G$12 -> 63000 | L20: =+[5]양산!$H$12 -> 63246.333 | M20: =+L20-K20 -> 246.33348 | N20: =+[5]양산!$G$13 -> 36000 | O20: =+[5]양산!$H$13 -> 35999.997 | P20: =+O20-N20 -> -0.0031753109 | Q20: =+[5]양산!$G$16 -> 9066.6667 | R20: =+[5]양산!$H$16 -> 9563.8407 | S20: =+R20-Q20 -> 497.17406 | T20: =+[5]양산!$G$17 -> 17512.617 | U20: =+[5]양산!$H$17 -> 16527.958 | V20: =+U20-T20 -> -984.65954
D21: 창원 | E21: =+[5]창원!$G$9 -> 100000 | F21: =+[5]창원!$H$9 -> 100000.85 | G21: =+F21-E21 -> 0.84858896 | H21: =+[5]창원!$G$10 -> 0 | I21: =+[5]창원!$H$10 -> 0 | J21: =+I21-H21 -> 0 | K21: =+[5]창원!$G$12 -> 65000 | L21: =+[5]창원!$H$12 -> 65009.875 | M21: =+L21-K21 -> 9.8750031 | N21: =+[5]창원!$G$13 -> 33000 | O21: =+[5]창원!$H$13 -> 33000.006 | P21: =+O21-N21 -> 0.0064508959 | Q21: =+[5]창원!$G$16 -> 10400 | R21: =+[5]창원!$H$16 -> 11189.068 | S21: =+R21-Q21 -> 789.06827 | T21: =+[5]창원!$G$17 -> 17019.617 | U21: =+[5]창원!$H$17 -> 17522.647 | V21: =+U21-T21 -> 503.03048
D22: 대구 | E22: =+[5]대구!$G$9 -> 100000 | F22: =+[5]대구!$H$9 -> 100000 | G22: =+F22-E22 -> 0 | H22: =+[5]대구!$G$10 -> 0 | I22: =+[5]대구!$H$10 -> 0 | J22: =+I22-H22 -> 0 | K22: =+[5]대구!$G$12 -> 62500 | L22: =+[5]대구!$H$12 -> 62061.936 | M22: =+L22-K22 -> -438.06363 | N22: =+[5]대구!$G$13 -> 35500 | O22: =+[5]대구!$H$13 -> 35372.77 | P22: =+O22-N22 -> -127.22966 | Q22: =+[5]대구!$G$16 -> 10466.667 | R22: =+[5]대구!$H$16 -> 10497.061 | S22: =+R22-Q22 -> 30.393931 | T22: =+[5]대구!$G$17 -> 14718.131 | U22: =+[5]대구!$H$17 -> 14705.382 | V22: =+U22-T22 -> -12.749437
D23: 울산 | E23: =+[5]울산!$G$9 -> 100000 | F23: =+[5]울산!$H$9 -> 100026.05 | G23: =+F23-E23 -> 26.048787 | H23: =+[5]울산!$G$10 -> 0 | I23: =+[5]울산!$H$10 -> 0 | J23: =+I23-H23 -> 0 | K23: =+[5]울산!$G$12 -> 61300 | L23: =+[5]울산!$H$12 -> 61298.571 | M23: =+L23-K23 -> -1.4291894 | N23: =+[5]울산!$G$13 -> 37000 | O23: =+[5]울산!$H$13 -> 37000.003 | P23: =+O23-N23 -> 0.0029049762 | Q23: =+[5]울산!$G$16 -> 10546.667 | R23: =+[5]울산!$H$16 -> 11814.415 | S23: =+R23-Q23 -> 1267.7483 | T23: =+[5]울산!$G$17 -> 18681.861 | U23: =+[5]울산!$H$17 -> 19734.876 | V23: =+U23-T23 -> 1053.0148
D24: 아산 | E24: =+[5]아산!$G$9 -> 100000 | F24: =+[5]아산!$H$9 -> 100401.72 | G24: =+F24-E24 -> 401.71724 | H24: =+[5]아산!$G$10 -> 87100 | I24: =+[5]아산!$H$10 -> 0 | J24: =+I24-H24 -> -87100 | K24: =+[5]아산!$G$12 -> 64500 | L24: =+[5]아산!$H$12 -> 64439.05 | M24: =+L24-K24 -> -60.949744 | N24: =+[5]아산!$G$13 -> 42000 | O24: =+[5]아산!$H$13 -> 43182.741 | P24: =+O24-N24 -> 1182.7406 | Q24: =+[5]아산!$G$16 -> 10933.333 | R24: =+[5]아산!$H$16 -> 11443.065 | S24: =+R24-Q24 -> 509.7315 | T24: =+[5]아산!$G$17 -> 13742.254 | U24: =+[5]아산!$H$17 -> 13214.832 | V24: =+U24-T24 -> -527.42201
D25: 전주 | E25: =+[5]전주!$G$9 -> 100000 | F25: =+[5]전주!$H$9 -> 99912.682 | G25: =+F25-E25 -> -87.318316 | H25: =+[5]전주!$G$10 -> 93100 | I25: =+[5]전주!$H$10 -> 94440.574 | J25: =+I25-H25 -> 1340.5744 | K25: =+[5]전주!$G$12 -> 65000 | L25: =+[5]전주!$H$12 -> 64999.32 | M25: =+L25-K25 -> -0.67997135 | N25: =+[5]전주!$G$13 -> 36000 | O25: =+[5]전주!$H$13 -> 36000.033 | P25: =+O25-N25 -> 0.032771679 | Q25: =+[5]전주!$G$16 -> 12533.333 | R25: =+[5]전주!$H$16 -> 12939.826 | S25: =+R25-Q25 -> 406.49268 | T25: =+[5]전주!$G$17 -> 14400.149 | U25: =+[5]전주!$H$17 -> 14908.29 | V25: =+U25-T25 -> 508.14181
D26: 군산 | E26: =+[5]군산!$G$9 -> 100000 | F26: =+[5]군산!$H$9 -> 100000 | G26: =+F26-E26 -> 0 | H26: =+[5]군산!$G$10 -> 95000 | I26: =+[5]군산!$H$10 -> 95059.134 | J26: =+I26-H26 -> 59.134046 | K26: =+[5]군산!$G$12 -> 64900 | L26: =+[5]군산!$H$12 -> 64885.682 | M26: =+L26-K26 -> -14.317703 | N26: =+[5]군산!$G$13 -> 37500 | O26: =+[5]군산!$H$13 -> 39535.757 | P26: =+O26-N26 -> 2035.757 | Q26: =+[5]군산!$G$16 -> 13666.667 | R26: =+[5]군산!$H$16 -> 14143.221 | S26: =+R26-Q26 -> 476.55449 | T26: =+[5]군산!$G$17 -> 14837.33 | U26: =+[5]군산!$H$17 -> 15363.439 | V26: =+U26-T26 -> 526.10905
D27: 원주 | E27: =+[5]원주!$G$9 -> 100000 | F27: =+[5]원주!$H$9 -> 100000.25 | G27: =+F27-E27 -> 0.25447874 | H27: =+[5]원주!$G$10 -> 0 | I27: =+[5]원주!$H$10 -> 0 | J27: =+I27-H27 -> 0 | K27: =+[5]원주!$G$12 -> 64000 | L27: =+[5]원주!$H$12 -> 63973.528 | M27: =+L27-K27 -> -26.47243 | N27: =+[5]원주!$G$13 -> 49000 | O27: =+[5]원주!$H$13 -> 49000 | P27: =+O27-N27 -> 0.00015670664 | Q27: =+[5]원주!$G$16 -> 13666.667 | R27: =+[5]원주!$H$16 -> 14159.057 | S27: =+R27-Q27 -> 492.38984 | T27: =+[5]원주!$G$17 -> 13419.355 | U27: =+[5]원주!$H$17 -> 13999.912 | V27: =+U27-T27 -> 580.557
D28: 제주 | E28: =+[5]제주!$G$9 -> 117000 | F28: =+[5]제주!$H$9 -> 116999.97 | G28: =+F28-E28 -> -0.034671635 | H28: =+[5]제주!$G$10 -> 0 | I28: =+[5]제주!$H$10 -> 0 | J28: =+I28-H28 -> 0 | K28: =+[5]제주!$G$12 -> 0 | L28: =+[5]제주!$H$12 -> 0 | M28: =+L28-K28 -> 0 | N28: =+[5]제주!$G$13 -> 0 | O28: =+[5]제주!$H$13 -> 0 | P28: =+O28-N28 -> 0 | Q28: =+[5]제주!$G$16 -> 18143.333 | R28: =+[5]제주!$H$16 -> 17942.304 | S28: =+R28-Q28 -> -201.02889 | T28: =+[5]제주!$G$17 -> 18433.378 | U28: =+[5]제주!$H$17 -> 20315.447 | V28: =+U28-T28 -> 1882.0692

Sheet 원단위
D4: □ 레미콘 원재료 원단위(2024-06)
V5: [단위 : kg/㎥]
D6: 구분 | E6: OPC | H6: 분체류 | K6: 분체류 치환률 | N6: 자갈 | Q6: 모래 | T6: 혼화제
E7: 계획 | F7: 실적 | G7: 차이 | H7: 계획 | I7: 실적 | J7: 차이 | K7: 계획 | L7: 실적 | M7: 차이 | N7: 계획 | O7: 실적 | P7: 차이 | Q7: 계획 | R7: 실적 | S7: 차이 | T7: 계획 | U7: 실적 | V7: 차이
D8: 평균 | E8: =+[5]합계!$E$9 -> 230.74187 | F8: =+[5]합계!$F$9 -> 252.01156 | G8: =+F8-E8 -> 21.269694 | H8: =+[5]합계!$E$15 -> 351.66619 | I8: =+[5]합계!$F$15 -> 366.80808 | J8: =+I8-H8 -> 15.141887 | K8: =+([5]합계!$E$10*0.4+[5]합계!$E$11+[5]합계!$E$12+[5]합계!$E$13+[5]합계!$E$14)/[5]합계!$E$15 -> 0.29997014 | L8: =+([5]합계!$F$10*0.4+[5]합계!$F$11+[5]합계!$F$12+[5]합계!$F$13+[5]합계!$F$14)/[5]합계!$F$15 -> 0.26395903 | M8: =+L8-K8 -> -0.036011109 | N8: =+[5]합계!$E$16 -> 820.18905 | O8: =+[5]합계!$F$16 -> 830.80817 | P8: =+O8-N8 -> 10.619127 | Q8: =+[5]합계!$E$17 -> 906.99014 | R8: =+[5]합계!$F$17 -> 887.50154 | S8: =+R8-Q8 -> -19.4886 | T8: =+[5]합계!$E$19 -> 3.1912577 | U8: =+[5]합계!$F$19 -> 3.0876599 | V8: =+U8-T8 -> -0.10359779
D9: 수도권 | E9: =+[5]수도권!$E$9 -> 250.90494 | F9: =+[5]수도권!$F$9 -> 265.37549 | G9: =+F9-E9 -> 14.47055 | H9: =+[5]수도권!$E$15 -> 354.30967 | I9: =+[5]수도권!$F$15 -> 363.79772 | J9: =+I9-H9 -> 9.4880559 | K9: =+([5]수도권!$E$10*0.4+[5]수도권!$E$11+[5]수도권!$E$12+[5]수도권!$E$13+[5]수도권!$E$14)/[5]수도권!$E$15 -> 0.2798819 | L9: =+([5]수도권!$F$10*0.4+[5]수도권!$F$11+[5]수도권!$F$12+[5]수도권!$F$13+[5]수도권!$F$14)/[5]수도권!$F$15 -> 0.24326592 | M9: =+L9-K9 -> -0.03661598 | N9: =+[5]수도권!$E$16 -> 845.82958 | O9: =+[5]수도권!$F$16 -> 864.2863 | P9: =+O9-N9 -> 18.456722 | Q9: =+[5]수도권!$E$17 -> 890.85008 | R9: =+[5]수도권!$F$17 -> 867.58445 | S9: =+R9-Q9 -> -23.265634 | T9: =+[5]수도권!$E$19 -> 3.0358805 | U9: =+[5]수도권!$F$19 -> 3.1296379 | V9: =+U9-T9 -> 0.093757417
D10: 영남권 | E10: =+[5]영남권!$E$9 -> 203.02091 | F10: =+[5]영남권!$F$9 -> 227.0471 | G10: =+F10-E10 -> 24.026183 | H10: =+[5]영남권!$E$15 -> 349.93481 | I10: =+[5]영남권!$F$15 -> 367.30661 | J10: =+I10-H10 -> 17.371796 | K10: =+([5]영남권!$E$10*0.4+[5]영남권!$E$11+[5]영남권!$E$12+[5]영남권!$E$13+[5]영남권!$E$14)/[5]영남권!$E$15 -> 0.34077891 | L10: =+([5]영남권!$F$10*0.4+[5]영남권!$F$11+[5]영남권!$F$12+[5]영남권!$F$13+[5]영남권!$F$14)/[5]영남권!$F$15 -> 0.2973831 | M10: =+L10-K10 -> -0.043395808 | N10: =+[5]영남권!$E$16 -> 802.73596 | O10: =+[5]영남권!$F$16 -> 804.91276 | P10: =+O10-N10 -> 2.1767987 | Q10: =+[5]영남권!$E$17 -> 913.03908 | R10: =+[5]영남권!$F$17 -> 895.02012 | S10: =+R10-Q10 -> -18.018957 | T10: =+[5]영남권!$E$19 -> 3.4385805 | U10: =+[5]영남권!$F$19 -> 3.1150554 | V10: =+U10-T10 -> -0.32352513
D11: 기타권 | E11: =+[5]중부권!$E$9 -> 251.51045 | F11: =+[5]중부권!$F$9 -> 285.50104 | G11: =+F11-E11 -> 33.990588 | H11: =+[5]중부권!$E$15 -> 349.98306 | I11: =+[5]중부권!$F$15 -> 371.01439 | J11: =+I11-H11 -> 21.031327 | K11: =+([5]중부권!$E$10*0.4+[5]중부권!$E$11+[5]중부권!$E$12+[5]중부권!$E$13+[5]중부권!$E$14)/[5]중부권!$E$15 -> 0.24928578 | L11: =+([5]중부권!$F$10*0.4+[5]중부권!$F$11+[5]중부권!$F$12+[5]중부권!$F$13+[5]중부권!$F$14)/[5]중부권!$F$15 -> 0.22414834 | M11: =+L11-K11 -> -0.025137445 | N11: =+[5]중부권!$E$16 -> 805.39045 | O11: =+[5]중부권!$F$16 -> 830.68971 | P11: =+O11-N11 -> 25.299258 | Q11: =+[5]중부권!$E$17 -> 927.73694 | R11: =+[5]중부권!$F$17 -> 905.65554 | S11: =+R11-Q11 -> -22.081402 | T11: =+[5]중부권!$E$19 -> 2.9531784 | U11: =+[5]중부권!$F$19 -> 2.9502559 | V11: =+U11-T11 -> -0.002922508
D12: 안양 | E12: =+[5]안양!$E$9 -> 270 | F12: =+[5]안양!$F$9 -> 283.47283 | G12: =+F12-E12 -> 13.472829 | H12: =+[5]안양!$E$15 -> 369.3 | I12: =+[5]안양!$F$15 -> 379.66905 | J12: =+I12-H12 -> 10.369051 | K12: =+([5]안양!$E$10*0.4+[5]안양!$E$11+[5]안양!$E$12+[5]안양!$E$13+[5]안양!$E$14)/[5]안양!$E$15 -> 0.24939074 | L12: =+([5]안양!$F$10*0.4+[5]안양!$F$11+[5]안양!$F$12+[5]안양!$F$13+[5]안양!$F$14)/[5]안양!$F$15 -> 0.25336862 | M12: =+L12-K12 -> 0.0039778778 | N12: =+[5]안양!$E$16 -> 845 | O12: =+[5]안양!$F$16 -> 854.75724 | P12: =+O12-N12 -> 9.7572444 | Q12: =+[5]안양!$E$17 -> 880 | R12: =+[5]안양!$F$17 -> 867.33153 | S12: =+R12-Q12 -> -12.66847 | T12: =+[5]안양!$E$19 -> 3.29 | U12: =+[5]안양!$F$19 -> 3.233609 | V12: =+U12-T12 -> -0.056390958
D13: 인천 | E13: =+[5]인천!$E$9 -> 264.528 | F13: =+[5]인천!$F$9 -> 272.49954 | G13: =+F13-E13 -> 7.9715368 | H13: =+[5]인천!$E$15 -> 367.613 | I13: =+[5]인천!$F$15 -> 375.2859 | J13: =+I13-H13 -> 7.6728982 | K13: =+([5]인천!$E$10*0.4+[5]인천!$E$11+[5]인천!$E$12+[5]인천!$E$13+[5]인천!$E$14)/[5]인천!$E$15 -> 0.26254839 | L13: =+([5]인천!$F$10*0.4+[5]인천!$F$11+[5]인천!$F$12+[5]인천!$F$13+[5]인천!$F$14)/[5]인천!$F$15 -> 0.22758166 | M13: =+L13-K13 -> -0.03496673 | N13: =+[5]인천!$E$16 -> 882.945 | O13: =+[5]인천!$F$16 -> 953.51079 | P13: =+O13-N13 -> 70.565785 | Q13: =+[5]인천!$E$17 -> 848.823 | R13: =+[5]인천!$F$17 -> 791.57826 | S13: =+R13-Q13 -> -57.244743 | T13: =+[5]인천!$E$19 -> 3.309 | U13: =+[5]인천!$F$19 -> 3.057794 | V13: =+U13-T13 -> -0.25120604
D14: 파주 | E14: =+[5]파주!$E$9 -> 241.93929 | F14: =+[5]파주!$F$9 -> 250.60857 | G14: =+F14-E14 -> 8.6692864 | H14: =+[5]파주!$E$15 -> 338.38268 | I14: =+[5]파주!$F$15 -> 352.35218 | J14: =+I14-H14 -> 13.969505 | K14: =+([5]파주!$E$10*0.4+[5]파주!$E$11+[5]파주!$E$12+[5]파주!$E$13+[5]파주!$E$14)/[5]파주!$E$15 -> 0.28501279 | L14: =+([5]파주!$F$10*0.4+[5]파주!$F$11+[5]파주!$F$12+[5]파주!$F$13+[5]파주!$F$14)/[5]파주!$F$15 -> 0.23748419 | M14: =+L14-K14 -> -0.047528603 | N14: =+[5]파주!$E$16 -> 873.95661 | O14: =+[5]파주!$F$16 -> 832.39643 | P14: =+O14-N14 -> -41.560172 | Q14: =+[5]파주!$E$17 -> 880.42482 | R14: =+[5]파주!$F$17 -> 891.14773 | S14: =+R14-Q14 -> 10.722913 | T14: =+[5]파주!$E$19 -> 2.7070614 | U14: =+[5]파주!$F$19 -> 3.2771669 | V14: =+U14-T14 -> 0.57010548
D15: 김포 | E15: =+[5]김포!$E$9 -> 198 | F15: =+[5]김포!$F$9 -> 232.3349 | G15: =+F15-E15 -> 34.334903 | H15: =+[5]김포!$E$15 -> 322 | I15: =+[5]김포!$F$15 -> 318.00605 | J15: =+I15-H15 -> -3.9939467 | K15: =+([5]김포!$E$10*0.4+[5]김포!$E$11+[5]김포!$E$12+[5]김포!$E$13+[5]김포!$E$14)/[5]김포!$E$15 -> 0.38509317 | L15: =+([5]김포!$F$10*0.4+[5]김포!$F$11+[5]김포!$F$12+[5]김포!$F$13+[5]김포!$F$14)/[5]김포!$F$15 -> 0.269401 | M15: =+L15-K15 -> -0.11569216 | N15: =+[5]김포!$E$16 -> 745 | O15: =+[5]김포!$F$16 -> 757.02892 | P15: =+O15-N15 -> 12.028918 | Q15: =+[5]김포!$E$17 -> 1000 | R15: =+[5]김포!$F$17 -> 993.43792 | S15: =+R15-Q15 -> -6.562076 | T15: =+[5]김포!$E$19 -> 2.5 | U15: =+[5]김포!$F$19 -> 2.6088238 | V15: =+U15-T15 -> 0.10882378
D16: 부산 | E16: =+[5]부산!$E$9 -> 205.28587 | F16: =+[5]부산!$F$9 -> 181.58555 | G16: =+F16-E16 -> -23.700322 | H16: =+[5]부산!$E$15 -> 357.80115 | I16: =+[5]부산!$F$15 -> 373.59624 | J16: =+I16-H16 -> 15.79509 | K16: =+([5]부산!$E$10*0.4+[5]부산!$E$11+[5]부산!$E$12+[5]부산!$E$13+[5]부산!$E$14)/[5]부산!$E$15 -> 0.34078268 | L16: =+([5]부산!$F$10*0.4+[5]부산!$F$11+[5]부산!$F$12+[5]부산!$F$13+[5]부산!$F$14)/[5]부산!$F$15 -> 0.25839367 | M16: =+L16-K16 -> -0.082389003 | N16: =+[5]부산!$E$16 -> 822.85329 | O16: =+[5]부산!$F$16 -> 889.77882 | P16: =+O16-N16 -> 66.925524 | Q16: =+[5]부산!$E$17 -> 899.9122 | R16: =+[5]부산!$F$17 -> 828.79402 | S16: =+R16-Q16 -> -71.118175 | T16: =+[5]부산!$E$19 -> 3.5823051 | U16: =+[5]부산!$F$19 -> 3.2561217 | V16: =+U16-T16 -> -0.32618345
D17: 서부산 | E17: =+[5]서부산!$E$9 -> 211.8 | F17: =+[5]서부산!$F$9 -> 234.6052 | G17: =+F17-E17 -> 22.805204 | H17: =+[5]서부산!$E$15 -> 359 | I17: =+[5]서부산!$F$15 -> 352.75231 | J17: =+I17-H17 -> -6.2476938 | K17: =+([5]서부산!$E$10*0.4+[5]서부산!$E$11+[5]서부산!$E$12+[5]서부산!$E$13+[5]서부산!$E$14)/[5]서부산!$E$15 -> 0.32779944 | L17: =+([5]서부산!$F$10*0.4+[5]서부산!$F$11+[5]서부산!$F$12+[5]서부산!$F$13+[5]서부산!$F$14)/[5]서부산!$F$15 -> 0.26877739 | M17: =+L17-K17 -> -0.05902205 | N17: =+[5]서부산!$E$16 -> 818.4 | O17: =+[5]서부산!$F$16 -> 814.66315 | P17: =+O17-N17 -> -3.7368518 | Q17: =+[5]서부산!$E$17 -> 909.3 | R17: =+[5]서부산!$F$17 -> 911.71643 | S17: =+R17-Q17 -> 2.4164305 | T17: =+[5]서부산!$E$19 -> 4.867 | U17: =+[5]서부산!$F$19 -> 2.9847546 | V17: =+U17-T17 -> -1.8822454
D18: 김해 | E18: =+[5]김해!$E$9 -> 158.38 | F18: =+[5]김해!$F$9 -> 216.21152 | G18: =+F18-E18 -> 57.831516 | H18: =+[5]김해!$E$15 -> 343 | I18: =+[5]김해!$F$15 -> 351.71425 | J18: =+I18-H18 -> 8.7142492 | K18: =+([5]김해!$E$10*0.4+[5]김해!$E$11+[5]김해!$E$12+[5]김해!$E$13+[5]김해!$E$14)/[5]김해!$E$15 -> 0.27180175 | L18: =+([5]김해!$F$10*0.4+[5]김해!$F$11+[5]김해!$F$12+[5]김해!$F$13+[5]김해!$F$14)/[5]김해!$F$15 -> 0.19419117 | M18: =+L18-K18 -> -0.077610581 | N18: =+[5]김해!$E$16 -> 830 | O18: =+[5]김해!$F$16 -> 759.27238 | P18: =+O18-N18 -> -70.727616 | Q18: =+[5]김해!$E$17 -> 890 | R18: =+[5]김해!$F$17 -> 959.91023 | S18: =+R18-Q18 -> 69.910229 | T18: =+[5]김해!$E$19 -> 3.3 | U18: =+[5]김해!$F$19 -> 2.8347933 | V18: =+U18-T18 -> -0.46520671
D19: 정관 | E19: =+[5]정관!$E$9 -> 172.4 | F19: =+[5]정관!$F$9 -> 189.32037 | G19: =+F19-E19 -> 16.920369 | H19: =+[5]정관!$E$15 -> 358.1 | I19: =+[5]정관!$F$15 -> 365.47846 | J19: =+I19-H19 -> 7.3784646 | K19: =+([5]정관!$E$10*0.4+[5]정관!$E$11+[5]정관!$E$12+[5]정관!$E$13+[5]정관!$E$14)/[5]정관!$E$15 -> 0.34683049 | L19: =+([5]정관!$F$10*0.4+[5]정관!$F$11+[5]정관!$F$12+[5]정관!$F$13+[5]정관!$F$14)/[5]정관!$F$15 -> 0.33063311 | M19: =+L19-K19 -> -0.016197384 | N19: =+[5]정관!$E$16 -> 795 | O19: =+[5]정관!$F$16 -> 801.46701 | P19: =+O19-N19 -> 6.4670139 | Q19: =+[5]정관!$E$17 -> 920 | R19: =+[5]정관!$F$17 -> 925.26374 | S19: =+R19-Q19 -> 5.2637357 | T19: =+[5]정관!$E$19 -> 3.055155 | U19: =+[5]정관!$F$19 -> 2.9131434 | V19: =+U19-T19 -> -0.14201162
D20: 양산 | E20: =+[5]양산!$E$9 -> 201.901 | F20: =+[5]양산!$F$9 -> 256.54367 | G20: =+F20-E20 -> 54.642665 | H20: =+[5]양산!$E$15 -> 331.21 | I20: =+[5]양산!$F$15 -> 369.89096 | J20: =+I20-H20 -> 38.680956 | K20: =+([5]양산!$E$10*0.4+[5]양산!$E$11+[5]양산!$E$12+[5]양산!$E$13+[5]양산!$E$14)/[5]양산!$E$15 -> 0.37142357 | L20: =+([5]양산!$F$10*0.4+[5]양산!$F$11+[5]양산!$F$12+[5]양산!$F$13+[5]양산!$F$14)/[5]양산!$F$15 -> 0.30643434 | M20: =+L20-K20 -> -0.064989229 | N20: =+[5]양산!$E$16 -> 783.5 | O20: =+[5]양산!$F$16 -> 775.07988 | P20: =+O20-N20 -> -8.4201225 | Q20: =+[5]양산!$E$17 -> 910.20831 | R20: =+[5]양산!$F$17 -> 913.61311 | S20: =+R20-Q20 -> 3.4048035 | T20: =+[5]양산!$E$19 -> 2.4558855 | U20: =+[5]양산!$F$19 -> 3.3582717 | V20: =+U20-T20 -> 0.90238617
D21: 창원 | E21: =+[5]창원!$E$9 -> 239.4 | F21: =+[5]창원!$F$9 -> 254.44087 | G21: =+F21-E21 -> 15.040869 | H21: =+[5]창원!$E$15 -> 343.4 | I21: =+[5]창원!$F$15 -> 363.40784 | J21: =+I21-H21 -> 20.007839 | K21: =+([5]창원!$E$10*0.4+[5]창원!$E$11+[5]창원!$E$12+[5]창원!$E$13+[5]창원!$E$14)/[5]창원!$E$15 -> 0.30285381 | L21: =+([5]창원!$F$10*0.4+[5]창원!$F$11+[5]창원!$F$12+[5]창원!$F$13+[5]창원!$F$14)/[5]창원!$F$15 -> 0.29984761 | M21: =+L21-K21 -> -0.0030062094 | N21: =+[5]창원!$E$16 -> 837.3 | O21: =+[5]창원!$F$16 -> 844.28651 | P21: =+O21-N21 -> 6.9865119 | Q21: =+[5]창원!$E$17 -> 880.6 | R21: =+[5]창원!$F$17 -> 870.39522 | S21: =+R21-Q21 -> -10.204778 | T21: =+[5]창원!$E$19 -> 3.08 | U21: =+[5]창원!$F$19 -> 3.0371965 | V21: =+U21-T21 -> -0.042803457
D22: 대구 | E22: =+[5]대구!$E$9 -> 204 | F22: =+[5]대구!$F$9 -> 257.67799 | G22: =+F22-E22 -> 53.677986 | H22: =+[5]대구!$E$15 -> 340 | I22: =+[5]대구!$F$15 -> 384.89528 | J22: =+I22-H22 -> 44.895283 | K22: =+([5]대구!$E$10*0.4+[5]대구!$E$11+[5]대구!$E$12+[5]대구!$E$13+[5]대구!$E$14)/[5]대구!$E$15 -> 0.4 | L22: =+([5]대구!$F$10*0.4+[5]대구!$F$11+[5]대구!$F$12+[5]대구!$F$13+[5]대구!$F$14)/[5]대구!$F$15 -> 0.33052444 | M22: =+L22-K22 -> -0.069475562 | N22: =+[5]대구!$E$16 -> 771.29727 | O22: =+[5]대구!$F$16 -> 744.48553 | P22: =+O22-N22 -> -26.811737 | Q22: =+[5]대구!$E$17 -> 942.69666 | R22: =+[5]대구!$F$17 -> 917.28027 | S22: =+R22-Q22 -> -25.416398 | T22: =+[5]대구!$E$19 -> 2.72 | U22: =+[5]대구!$F$19 -> 3.4225917 | V22: =+U22-T22 -> 0.70259174
D23: 울산 | E23: =+[5]울산!$E$9 -> 218.3 | F23: =+[5]울산!$F$9 -> 236.58961 | G23: =+F23-E23 -> 18.289613 | H23: =+[5]울산!$E$15 -> 352 | I23: =+[5]울산!$F$15 -> 383.1636 | J23: =+I23-H23 -> 31.163604 | K23: =+([5]울산!$E$10*0.4+[5]울산!$E$11+[5]울산!$E$12+[5]울산!$E$13+[5]울산!$E$14)/[5]울산!$E$15 -> 0.37982955 | L23: =+([5]울산!$F$10*0.4+[5]울산!$F$11+[5]울산!$F$12+[5]울산!$F$13+[5]울산!$F$14)/[5]울산!$F$15 -> 0.38253631 | M23: =+L23-K23 -> 0.0027067647 | N23: =+[5]울산!$E$16 -> 724 | O23: =+[5]울산!$F$16 -> 759.41915 | P23: =+O23-N23 -> 35.41915 | Q23: =+[5]울산!$E$17 -> 968 | R23: =+[5]울산!$F$17 -> 850.47944 | S23: =+R23-Q23 -> -117.52056 | T23: =+[5]울산!$E$19 -> 3.2 | U23: =+[5]울산!$F$19 -> 3.2334265 | V23: =+U23-T23 -> 0.033426462
D24: 아산 | E24: =+[5]아산!$E$9 -> 245.70417 | F24: =+[5]아산!$F$9 -> 297.17142 | G24: =+F24-E24 -> 51.467258 | H24: =+[5]아산!$E$15 -> 361.30917 | I24: =+[5]아산!$F$15 -> 383.42686 | J24: =+I24-H24 -> 22.117689 | K24: =+([5]아산!$E$10*0.4+[5]아산!$E$11+[5]아산!$E$12+[5]아산!$E$13+[5]아산!$E$14)/[5]아산!$E$15 -> 0.26595229 | L24: =+([5]아산!$F$10*0.4+[5]아산!$F$11+[5]아산!$F$12+[5]아산!$F$13+[5]아산!$F$14)/[5]아산!$F$15 -> 0.22495928 | M24: =+L24-K24 -> -0.040993005 | N24: =+[5]아산!$E$16 -> 854.91333 | O24: =+[5]아산!$F$16 -> 897.98063 | P24: =+O24-N24 -> 43.067296 | Q24: =+[5]아산!$E$17 -> 864.74417 | R24: =+[5]아산!$F$17 -> 838.94193 | S24: =+R24-Q24 -> -25.802239 | T24: =+[5]아산!$E$19 -> 3.0019333 | U24: =+[5]아산!$F$19 -> 3.1603656 | V24: =+U24-T24 -> 0.1584323
D25: 전주 | E25: =+[5]전주!$E$9 -> 235.96 | F25: =+[5]전주!$F$9 -> 212.6448 | G25: =+F25-E25 -> -23.315205 | H25: =+[5]전주!$E$15 -> 341.38 | I25: =+[5]전주!$F$15 -> 316.65243 | J25: =+I25-H25 -> -24.727569 | K25: =+([5]전주!$E$10*0.4+[5]전주!$E$11+[5]전주!$E$12+[5]전주!$E$13+[5]전주!$E$14)/[5]전주!$E$15 -> 0.287117 | L25: =+([5]전주!$F$10*0.4+[5]전주!$F$11+[5]전주!$F$12+[5]전주!$F$13+[5]전주!$F$14)/[5]전주!$F$15 -> 0.32835452 | M25: =+L25-K25 -> 0.041237527 | N25: =+[5]전주!$E$16 -> 765.85 | O25: =+[5]전주!$F$16 -> 652.01888 | P25: =+O25-N25 -> -113.83112 | Q25: =+[5]전주!$E$17 -> 978.98 | R25: =+[5]전주!$F$17 -> 1087.6986 | S25: =+R25-Q25 -> 108.71861 | T25: =+[5]전주!$E$19 -> 2.92 | U25: =+[5]전주!$F$19 -> 1.9535221 | V25: =+U25-T25 -> -0.9664779
D26: 군산 | E26: =+[5]군산!$E$9 -> 218.5 | F26: =+[5]군산!$F$9 -> 281.11398 | G26: =+F26-E26 -> 62.613981 | H26: =+[5]군산!$E$15 -> 338.8 | I26: =+[5]군산!$F$15 -> 387.53403 | J26: =+I26-H26 -> 48.734033 | K26: =+([5]군산!$E$10*0.4+[5]군산!$E$11+[5]군산!$E$12+[5]군산!$E$13+[5]군산!$E$14)/[5]군산!$E$15 -> 0.33205431 | L26: =+([5]군산!$F$10*0.4+[5]군산!$F$11+[5]군산!$F$12+[5]군산!$F$13+[5]군산!$F$14)/[5]군산!$F$15 -> 0.23973928 | M26: =+L26-K26 -> -0.092315027 | N26: =+[5]군산!$E$16 -> 785 | O26: =+[5]군산!$F$16 -> 823.57321 | P26: =+O26-N26 -> 38.573206 | Q26: =+[5]군산!$E$17 -> 935 | R26: =+[5]군산!$F$17 -> 883.8378 | S26: =+R26-Q26 -> -51.162201 | T26: =+[5]군산!$E$19 -> 2.84 | U26: =+[5]군산!$F$19 -> 2.9516986 | V26: =+U26-T26 -> 0.11169856
D27: 원주 | E27: =+[5]원주!$E$9 -> 259.9 | F27: =+[5]원주!$F$9 -> 296.46858 | G27: =+F27-E27 -> 36.568579 | H27: =+[5]원주!$E$15 -> 343.5 | I27: =+[5]원주!$F$15 -> 383.58593 | J27: =+I27-H27 -> 40.085932 | K27: =+([5]원주!$E$10*0.4+[5]원주!$E$11+[5]원주!$E$12+[5]원주!$E$13+[5]원주!$E$14)/[5]원주!$E$15 -> 0.243377 | L27: =+([5]원주!$F$10*0.4+[5]원주!$F$11+[5]원주!$F$12+[5]원주!$F$13+[5]원주!$F$14)/[5]원주!$F$15 -> 0.227113 | M27: =+L27-K27 -> -0.016264 | N27: =+[5]원주!$E$16 -> 815.9 | O27: =+[5]원주!$F$16 -> 835.02914 | P27: =+O27-N27 -> 19.129138 | Q27: =+[5]원주!$E$17 -> 953.3 | R27: =+[5]원주!$F$17 -> 934.38825 | S27: =+R27-Q27 -> -18.91175 | T27: =+[5]원주!$E$19 -> 2.871 | U27: =+[5]원주!$F$19 -> 3.0148449 | V27: =+U27-T27 -> 0.14384486
D28: 제주 | E28: =+[5]제주!$E$9 -> 342.7 | F28: =+[5]제주!$F$9 -> 328.46742 | G28: =+F28-E28 -> -14.232583 | H28: =+[5]제주!$E$15 -> 342.7 | I28: =+[5]제주!$F$15 -> 328.46742 | J28: =+I28-H28 -> -14.232583 | K28: =+([5]제주!$E$10*0.4+[5]제주!$E$11+[5]제주!$E$12+[5]제주!$E$13+[5]제주!$E$14)/[5]제주!$E$15 -> 0 | L28: =+([5]제주!$F$10*0.4+[5]제주!$F$11+[5]제주!$F$12+[5]제주!$F$13+[5]제주!$F$14)/[5]제주!$F$15 -> 0 | M28: =+L28-K28 -> 0 | N28: =+[5]제주!$E$16 -> 709.7 | O28: =+[5]제주!$F$16 -> 704.33465 | P28: =+O28-N28 -> -5.3653463 | Q28: =+[5]제주!$E$17 -> 1038.3 | R28: =+[5]제주!$F$17 -> 1042.2203 | S28: =+R28-Q28 -> 3.920319 | T28: =+[5]제주!$E$19 -> 3.04 | U28: =+[5]제주!$F$19 -> 3.1850466 | V28: =+U28-T28 -> 0.14504657

Sheet 건자재
D6: □ 건자재 손익실적(2024-06)
O7: [단위 : 톤, 천원]
D8: 구분 | F8: 6월 | K8: 6월누계
F9: 계획 | G9: 실적 | H9: 계획대비 | I9: 전년 | J9: 전년대비 | K9: 계획 | L9: 실적 | M9: 계획대비 | N9: 전년 | O9: 전년대비
D10: 판매량 | E10: 철강재 | F10: =+IFERROR(HLOOKUP($F$8,[13]손익!$G$5:$AI$63,2,),) -> 6100 | G10: =+'[7]6월'!$G$8 -> 7982.061 | H10: =+G10-F10 -> 1882.061 | I10: =+IFERROR(HLOOKUP($F$8,[8]월별!$E$2:$T$53,2,),) -> 7070.5 | J10: =+G10-I10 -> 911.561 | K10: =+F10+[4]건자재!K10 -> 41600 | L10: =+G10+[4]건자재!L10 -> 48080.048 | M10: =+L10-K10 -> 6480.048 | N10: =+I10+[4]건자재!N10 -> 48940.798 | O10: =+L10-N10 -> -860.75
D11: 판매단가 | E11: 철강재 | F11: =+F12/F10*1000 -> 974590.16 | G11: =+G12/G10*1000 -> 785072.68 | H11: =+G11-F11 -> -189517.49 | I11: =+I12/I10*1000 -> 1043902.1 | J11: =+G11-I11 -> -258829.41 | K11: =+K12/K10*1000 -> 977403.85 | L11: =+L12/L10*1000 -> 850590.46 | M11: =+L11-K11 -> -126813.39 | N11: =+N12/N10*1000 -> 1050266.2 | O11: =+L11-N11 -> -199675.74
D12: 매출액 | E12: 철강재 | F12: =+IFERROR(HLOOKUP($F$8,[13]손익!$G$5:$AI$63,22,),) -> 5945000 | G12: =+'[7]6월'!$G$9 -> 6266498 | H12: =+G12-F12 -> 321498 | I12: =+IFERROR(HLOOKUP($F$8,[8]월별!$E$2:$T$53,5,),) -> 7380909.7 | J12: =+G12-I12 -> -1114411.7 | K12: =+F12+[4]건자재!K12 -> 40660000 | L12: =+G12+[4]건자재!L12 -> 40896430 | M12: =+L12-K12 -> 236430.12 | N12: =+I12+[4]건자재!N12 -> 51400866 | O12: =+L12-N12 -> -10504436
E13: 기타 | F13: =+IFERROR(HLOOKUP($F$8,[13]손익!$G$5:$AI$63,23,),) -> 1498825.3 | G13: =+'[7]6월'!$J$9 -> 1606846.8 | H13: =+G13-F13 -> 108021.51 | I13: =+IFERROR(HLOOKUP($F$8,[8]월별!$E$2:$T$53,6,),) -> 1566179.7 | J13: =+G13-I13 -> 40667.081 | K13: =+F13+[4]건자재!K13 -> 10206286 | L13: =+G13+[4]건자재!L13 -> 8507308 | M13: =+L13-K13 -> -1698978.4 | N13: =+I13+[4]건자재!N13 -> 7947036.7 | O13: =+L13-N13 -> 560271.29
E14: (소계) | F14: =SUM(F12:F13) -> 7443825.3 | G14: =SUM(G12:G13) -> 7873344.8 | H14: =+G14-F14 -> 429519.51 | I14: =SUM(I12:I13) -> 8947089.4 | J14: =+G14-I14 -> -1073744.6 | K14: =SUM(K12:K13) -> 50866286 | L14: =SUM(L12:L13) -> 49403738 | M14: =+L14-K14 -> -1462548.2 | N14: =SUM(N12:N13) -> 59347903 | O14: =+L14-N14 -> -9944164.5
D15: 매출원가 | E15: 철강재 | F15: =+IFERROR(HLOOKUP($F$8,[13]손익!$G$5:$AI$63,25,),) -> 5807335 | G15: =+'[7]6월'!$G$11 -> 6034261.7 | H15: =+G15-F15 -> 226926.74 | I15: =+IFERROR(HLOOKUP($F$8,[8]월별!$E$2:$T$53,8,),) -> 7205136.2 | J15: =+G15-I15 -> -1170874.4 | K15: =+F15+[4]건자재!K15 -> 39713230 | L15: =+G15+[4]건자재!L15 -> 39860886 | M15: =+L15-K15 -> 147656.37 | N15: =+I15+[4]건자재!N15 -> 50375712 | O15: =+L15-N15 -> -10514826
E16: 기타 | F16: =+IFERROR(HLOOKUP($F$8,[13]손익!$G$5:$AI$63,26,),) -> 1446696.1 | G16: =+'[7]6월'!$J$11 -> 1558085.8 | H16: =+G16-F16 -> 111389.72 | I16: =+IFERROR(HLOOKUP($F$8,[8]월별!$E$2:$T$53,9,),) -> 1532762.3 | J16: =+G16-I16 -> 25323.514 | K16: =+F16+[4]건자재!K16 -> 9851311.7 | L16: =+G16+[4]건자재!L16 -> 8310169.8 | M16: =+L16-K16 -> -1541141.9 | N16: =+I16+[4]건자재!N16 -> 7783503.8 | O16: =+L16-N16 -> 526665.97
E17: (소계) | F17: =SUM(F15:F16) -> 7254031.1 | G17: =SUM(G15:G16) -> 7592347.6 | H17: =+G17-F17 -> 338316.46 | I17: =SUM(I15:I16) -> 8737898.5 | J17: =+G17-I17 -> -1145550.9 | K17: =SUM(K15:K16) -> 49564542 | L17: =SUM(L15:L16) -> 48171056 | M17: =+L17-K17 -> -1393485.5 | N17: =SUM(N15:N16) -> 58159216 | O17: =+L17-N17 -> -9988159.9
D18: 매출이익 | E18: 철강재 | F18: =+F12-F15 -> 137665 | G18: =+G12-G15 -> 232236.27 | H18: =+G18-F18 -> 94571.266 | I18: =+I12-I15 -> 175773.54 | J18: =+G18-I18 -> 56462.727 | K18: =+K12-K15 -> 946770 | L18: =+L12-L15 -> 1035543.8 | M18: =+L18-K18 -> 88773.75 | N18: =+N12-N15 -> 1025153.7 | O18: =+L18-N18 -> 10390.074
E19: % | F19: =+F18/F12 -> 0.023156434 | G19: =+G18/G12 -> 0.037059976 | H19: =+G19-F19 -> 0.013903542 | I19: =+I18/I12 -> 0.023814617 | J19: =+G19-I19 -> 0.013245359 | K19: =+K18/K12 -> 0.023285047 | L19: =+L18/L12 -> 0.025321128 | M19: =+L19-K19 -> 0.0020360815 | N19: =+N18/N12 -> 0.019944288 | O19: =+L19-N19 -> 0.0053768401
E20: 기타 | F20: =+F13-F16 -> 52129.143 | G20: =+G13-G16 -> 48760.933 | H20: =+G20-F20 -> -3368.2097 | I20: =+I13-I16 -> 33417.366 | J20: =+G20-I20 -> 15343.567 | K20: =+K13-K16 -> 354974.64 | L20: =+L13-L16 -> 197138.15 | M20: =+L20-K20 -> -157836.49 | N20: =+N13-N16 -> 163532.83 | O20: =+L20-N20 -> 33605.324
E21: % | F21: =+F20/F13 -> 0.03478 | G21: =+G20/G13 -> 0.030345727 | H21: =+G21-F21 -> -0.0044342734 | I21: =+I20/I13 -> 0.021336866 | J21: =+G21-I21 -> 0.0090088608 | K21: =+K20/K13 -> 0.03478 | L21: =+L20/L13 -> 0.0231728 | M21: =+L21-K21 -> -0.0116072 | N21: =+N20/N13 -> 0.020577837 | O21: =+L21-N21 -> 0.0025949634
E22: (소계) | F22: =SUM(F18,F20) -> 189794.14 | G22: =SUM(G18,G20) -> 280997.2 | H22: =+G22-F22 -> 91203.056 | I22: =SUM(I18,I20) -> 209190.91 | J22: =+G22-I22 -> 71806.294 | K22: =+K14-K17 -> 1301744.6 | L22: =+L14-L17 -> 1232681.9 | M22: =+L22-K22 -> -69062.738 | N22: =+N14-N17 -> 1188686.5 | O22: =+L22-N22 -> 43995.398
E23: % | F23: =+F22/F14 -> 0.025496856 | G23: =+G22/G14 -> 0.035689686 | H23: =+G23-F23 -> 0.010192829 | I23: =+I22/I14 -> 0.023380889 | J23: =+G23-I23 -> 0.012308796 | K23: =+K22/K14 -> 0.025591501 | L23: =+L22/L14 -> 0.024951187 | M23: =+L23-K23 -> -0.00064031456 | N23: =+N22/N14 -> 0.020029124 | O23: =+L23-N23 -> 0.0049220628
D24: 판관비 | E24: 노무비 | F24: =+IFERROR(HLOOKUP($F$8,[13]판매4!$G$4:$U$50,7,),) -> 83504.47 | G24: =+'[7]6월'!$M$19 -> 91582.558 | H24: =+G24-F24 -> 8078.088 | I24: =+IFERROR(HLOOKUP($F$8,[8]월별!$E$2:$T$53,17,),) -> 56982.133 | J24: =+G24-I24 -> 34600.425 | K24: =+F24+[4]건자재!K24 -> 498452 | L24: =+G24+[4]건자재!L24 -> 536398.4 | M24: =+L24-K24 -> 37946.396 | N24: =+I24+[4]건자재!N24 -> 477558.25 | O24: =+L24-N24 -> 58840.143
E25: 경비 | F25: =+IFERROR(HLOOKUP($F$8,[13]판매4!$G$4:$U$50,31,),)+IFERROR(HLOOKUP($F$8,[13]판매4!$G$4:$U$50,34,),) -> 40826.57 | G25: =+'[7]6월'!$M$37+'[7]6월'!$M$40 -> 39244.801 | H25: =+G25-F25 -> -1581.769 | I25: =+IFERROR(HLOOKUP($F$8,[8]월별!$E$2:$T$53,35,),)+IFERROR(HLOOKUP($F$8,[8]월별!$E$2:$T$53,38,),) -> 35183.73 | J25: =+G25-I25 -> 4061.071 | K25: =+F25+[4]건자재!K25 -> 256572.71 | L25: =+G25+[4]건자재!L25 -> 281161.07 | M25: =+L25-K25 -> 24588.359 | N25: =+I25+[4]건자재!N25 -> 217234.14 | O25: =+L25-N25 -> 63926.927
E26: (소계) | F26: =SUM(F24:F25) -> 124331.04 | G26: =SUM(G24:G25) -> 130827.36 | H26: =+G26-F26 -> 6496.319 | I26: =SUM(I24:I25) -> 92165.863 | J26: =+G26-I26 -> 38661.496 | K26: =SUM(K24:K25) -> 755024.71 | L26: =SUM(L24:L25) -> 817559.46 | M26: =+L26-K26 -> 62534.755 | N26: =SUM(N24:N25) -> 694792.4 | O26: =+L26-N26 -> 122767.07
D27: 영업이익 | F27: =+F22-F26 -> 65463.103 | G27: =+G22-G26 -> 150169.84 | H27: =+G27-F27 -> 84706.737 | I27: =+I22-I26 -> 117025.04 | J27: =+G27-I27 -> 33144.798 | K27: =+K22-K26 -> 546719.93 | L27: =+L22-L26 -> 415122.44 | M27: =+L27-K27 -> -131597.49 | N27: =+N22-N26 -> 493894.11 | O27: =+L27-N27 -> -78771.672
E28: % | F28: =+F27/F14 -> 0.0087942826 | G28: =+G27/G14 -> 0.019073195 | H28: =+G28-F28 -> 0.010278912 | I28: =+I27/I14 -> 0.013079677 | J28: =+G28-I28 -> 0.0059935177 | K28: =+K27/K14 -> 0.010748179 | L28: =+L27/L14 -> 0.0084026523 | M28: =+L28-K28 -> -0.0023455262 | N28: =+N27/N14 -> 0.0083220145 | O28: =+L28-N28 -> 8.0637811e-05
D29: 철강재 단가 및 마진률
R34: * 공통비
F36: =+IFERROR(HLOOKUP($F$8,[13]손익!$G$5:$AJ$65,17,),) -> 65463.103 | G36: =+'[7]6월'!$M$41 -> 150169.84 | I36: =+IFERROR(HLOOKUP($F$8,[8]월별!$E$2:$T$53,39,),) -> 117025.04 | K36: =+F36+[4]건자재!K36 -> 546719.93 | L36: =+G36+[4]건자재!L36 -> 415122.44 | N36: =+I36+[4]건자재!N36 -> 493894.11 | S36: 1월 | T36: 2월 | U36: 3월 | V36: 4월 | W36: 5월 | X36: 6월 | Y36: 7월 | Z36: 8월 | AA36: 9월 | AB36: 10월 | AC36: 11월 | AD36: 12월 | AE36: 1월 | AF36: 2월 | AG36: 3월 | AH36: 4월 | AI36: 5월 | AJ36: 6월
F37: =+F27=F36 -> TRUE | G37: =+G27=G36 -> TRUE | I37: =+I27=I36 -> TRUE | K37: =+K27=K36 -> FALSE | L37: =+L27=L36 -> FALSE | N37: =+N27=N36 -> FALSE | R37: 구분 | S37: 1월 | T37: 2월 | U37: 3 | V37: 4월 | W37: 5월 | X37: 6월 | Y37: 7월 | Z37: =+Z36 -> 8월 | AA37: =+AA36 -> 9월 | AB37: =+AB36 -> 10월 | AC37: =+AC36 -> 11월 | AD37: =+AD36 -> 12월 | AE37: =+AE36 -> 1월 | AF37: =+AF36 -> 2월 | AG37: =+AG36 -> 3월 | ... AJ37: =+AJ36 -> 6월
K38: =+K27-K36 -> -3.608875e-09 | L38: =+L27-L36 -> 4.7730282e-09 | N38: =+N27-N36 -> -5.6461431e-09 | R38: 판매단가 | S38: =+IFERROR(HLOOKUP(S$36,[8]월별!$E$2:$S$67,42,),) -> 1098907.9 | T38: =+IFERROR(HLOOKUP(T$36,[8]월별!$E$2:$S$67,42,),) -> 1027487 | U38: =+IFERROR(HLOOKUP(U$36,[8]월별!$E$2:$S$67,42,),) -> 1030973.4 | V38: =+IFERROR(HLOOKUP(V$36,[8]월별!$E$2:$S$67,42,),) -> 1048311.1 | W38: =+IFERROR(HLOOKUP(W$36,[8]월별!$E$2:$S$67,42,),) -> 1064717.6 | X38: =+IFERROR(HLOOKUP(X$36,[8]월별!$E$2:$S$67,42,),) -> 1043902.1 | Y38: =+IFERROR(HLOOKUP(Y$36,[8]월별!$E$2:$S$67,42,),) -> 1025254.3 | Z38: =+IFERROR(HLOOKUP(Z$36,[8]월별!$E$2:$S$67,42,),) -> 957693.64 | ... AD38: =+IFERROR(HLOOKUP(AD$36,[8]월별!$E$2:$S$67,42,),) -> 951341.43 | AE38: =+IFERROR(HLOOKUP(AE$36,[7]월별!$E$2:$S$67,42,),) -> 920730.85 | AF38: =+IFERROR(HLOOKUP(AF$36,[7]월별!$E$2:$S$67,42,),) -> 886130.89 | AG38: =+IFERROR(HLOOKUP(AG$36,[7]월별!$E$2:$S$67,42,),) -> 873530.52 | AH38: =+IFERROR(HLOOKUP(AH$36,[7]월별!$E$2:$S$67,42,),) -> 853042.91 | AI38: =+IFERROR(HLOOKUP(AI$36,[7]월별!$E$2:$S$67,42,),) -> 811389.31 | AJ38: =+IFERROR(HLOOKUP(AJ$36,[7]월별!$E$2:$S$67,42,),) -> 785072.68
R39: 마진률 | S39: =+IFERROR(HLOOKUP(S$36,[8]월별!$E$2:$S$67,43,),) -> 0.0192633 | T39: =+IFERROR(HLOOKUP(T$36,[8]월별!$E$2:$S$67,43,),) -> 0.020328431 | U39: =+IFERROR(HLOOKUP(U$36,[8]월별!$E$2:$S$67,43,),) -> 0.018159702 | V39: =+IFERROR(HLOOKUP(V$36,[8]월별!$E$2:$S$67,43,),) -> 0.02078312 | W39: =+IFERROR(HLOOKUP(W$36,[8]월별!$E$2:$S$67,43,),) -> 0.018530156 | X39: =+IFERROR(HLOOKUP(X$36,[8]월별!$E$2:$S$67,43,),) -> 0.023380889 | Y39: =+IFERROR(HLOOKUP(Y$36,[8]월별!$E$2:$S$67,43,),) -> 0.024066421 | Z39: =+IFERROR(HLOOKUP(Z$36,[8]월별!$E$2:$S$67,43,),) -> 0.027515512 | ... AD39: =+IFERROR(HLOOKUP(AD$36,[8]월별!$E$2:$S$67,43,),) -> 0.020746013 | AE39: =+IFERROR(HLOOKUP(AE$36,[7]월별!$E$2:$S$67,43,),) -> 0.02665137 | AF39: =+IFERROR(HLOOKUP(AF$36,[7]월별!$E$2:$S$67,43,),) -> 0.025582239 | AG39: =+IFERROR(HLOOKUP(AG$36,[7]월별!$E$2:$S$67,43,),) -> 0.01864122 | AH39: =+IFERROR(HLOOKUP(AH$36,[7]월별!$E$2:$S$67,43,),) -> 0.018471205 | AI39: =+IFERROR(HLOOKUP(AI$36,[7]월별!$E$2:$S$67,43,),) -> 0.026079512 | AJ39: =+IFERROR(HLOOKUP(AJ$36,[7]월별!$E$2:$S$67,43,),) -> 0.035689686

Sheet 골재사업소(당월)
A1: 6월
D4: □ 2024년 골재사업소 손익(2024-06)
AG5: [단위 : ㎥, 천원]
D6: 계획 | E6: 구분 | G6: 서부산 쇄석 | J6: 서부산 쇄사 | M6: 혼합석(25mm) | P6: 서부산 소계 | S6: 부산크라샤 쇄석 | V6: 부산크라샤 쇄사 | Y6: 부산크라샤 소계 | AB6: 부산 모래 | AE6: 골재사업소 계
G7: 계획 | H7: 실적 | I7: 차이 | J7: 계획 | K7: 실적 | L7: 차이 | M7: 계획 | N7: 실적 | O7: 차이 | P7: 계획 | Q7: 실적 | R7: 차이 | S7: 계획 | T7: 실적 | U7: 차이 | V7: 계획 | W7: 실적 | X7: 차이 | Y7: 계획 | Z7: 실적 | AA7: 차이 | AB7: 계획 | AC7: 실적 | AD7: 차이 | AE7: 계획 | AF7: 실적 | AG7: 차이
E8: 판매량 | F8: 자가이송 | G8: =+IFERROR(HLOOKUP($A$1,[14]손익요약!$G$5:$AL$106,3,),) -> 15916.6 | H8: =+'[9]서부산크라샤(당월)'!$F$66 -> 14400 | I8: =H8-G8 -> -1516.6 | J8: =+IFERROR(HLOOKUP($A$1,[14]손익요약!$G$5:$AL$106,6,),) -> 2021.0735 | K8: =+'[9]서부산크라샤(당월)'!$I$66 -> 144 | L8: =K8-J8 -> -1877.0735 | M8: =+IFERROR(HLOOKUP($A$1,[14]손익요약!$G$5:$AL$106,9,),) -> 0 | O8: =N8-M8 -> 0 | P8: =+G8+J8+M8 -> 17937.673 | Q8: =+H8+K8+N8 -> 14544 | R8: =Q8-P8 -> -3393.6735 | S8: =+IFERROR(HLOOKUP($A$1,[15]손익요약!$G$5:$AL$106,3,),) -> 10640.559 | T8: =+'[9]부산크라샤(당월)'!$F$66 -> 10396 | U8: =T8-S8 -> -244.5591 | V8: =+IFERROR(HLOOKUP($A$1,[15]손익요약!$G$5:$AL$106,6,),) -> 10004.586 | W8: =+'[9]부산크라샤(당월)'!$I$66 -> 10446 | X8: =W8-V8 -> 441.41355 | Y8: =+S8+V8 -> 20645.146 | Z8: =+T8+W8 -> 20842 | AA8: =Z8-Y8 -> 196.85446 | AB8: =+IFERROR(HLOOKUP($A$1,[16]손익계획!$G$5:$AX$449,3,),) -> 18065.38 | AC8: =+'[9]부산모래장(당월)'!$R$48 -> 11628 | AD8: =AC8-AB8 -> -6437.3797 | AE8: =+P8+Y8+AB8 -> 56648.199 | AF8: =+Q8+Z8+AC8 -> 47014 | AG8: =AF8-AE8 -> -9634.1988
F9: % | G9: =+G8/G$12 -> 0.82827347 | H9: =+H8/H$12 -> 0.64102564 | I9: =+H9-G9 -> -0.18724783 | J9: =+J8/J$12 -> 0.22403913 | K9: =+K8/K$12 -> 0.058064516 | L9: =+K9-J9 -> -0.16597462 | M9: =+M8/M$12 -> 0 | O9: =+N9-M9 -> 0 | P9: =+P8/P$12 -> 0.35705621 | Q9: =+Q8/Q$12 -> 0.58306607 | R9: =+Q9-P9 -> 0.22600985 | S9: =+S8/S$12 -> 0.63943519 | T9: =+T8/T$12 -> 0.6125383 | U9: =+T9-S9 -> -0.026896893 | V9: =+V8/V$12 -> 0.40011005 | W9: =+W8/W$12 -> 0.65623822 | X9: =+W9-V9 -> 0.25612817 | Y9: =+Y8/Y$12 -> 0.49573955 | Z9: =+Z8/Z$12 -> 0.63368805 | AA9: =+Z9-Y9 -> 0.13794851 | AB9: =+AB8/AB$12 -> 0.65536481 | AC9: =+AC8/AC$12 -> 0.62888048 | AD9: =+AC9-AB9 -> -0.02648433 | AE9: =+AE8/AE$12 -> 0.47424908 | AF9: =+AF8/AF$12 -> 0.61597925 | AG9: =+AF9-AE9 -> 0.14173016
F10: 외부판매 | G10: =+IFERROR(HLOOKUP($A$1,[14]손익요약!$G$5:$AL$106,2,),) -> 3300 | H10: =+'[9]서부산크라샤(당월)'!$F$59 -> 8064 | I10: =H10-G10 -> 4764 | J10: =+IFERROR(HLOOKUP($A$1,[14]손익요약!$G$5:$AL$106,5,),) -> 7000 | K10: =+'[9]서부산크라샤(당월)'!$I$59 -> 2336 | L10: =K10-J10 -> -4664 | M10: =+IFERROR(HLOOKUP($A$1,[14]손익요약!$G$5:$AL$106,8,),) -> 22000 | O10: =N10-M10 -> -22000 | P10: =+G10+J10+M10 -> 32300 | Q10: =+H10+K10+N10 -> 10400 | R10: =Q10-P10 -> -21900 | S10: =+IFERROR(HLOOKUP($A$1,[15]손익요약!$G$5:$AL$106,2,),) -> 6000 | T10: =+'[9]부산크라샤(당월)'!$F$59 -> 6576 | U10: =T10-S10 -> 576 | V10: =+IFERROR(HLOOKUP($A$1,[15]손익요약!$G$5:$AL$106,5,),) -> 15000 | W10: =+'[9]부산크라샤(당월)'!$I$59 -> 5472 | X10: =W10-V10 -> -9528 | Y10: =+S10+V10 -> 21000 | Z10: =+T10+W10 -> 12048 | AA10: =Z10-Y10 -> -8952 | AB10: =+IFERROR(HLOOKUP($A$1,[16]손익계획!$G$5:$AX$449,2,),) -> 9500 | AC10: =+'[9]부산모래장(당월)'!$R$47 -> 6862 | AD10: =AC10-AB10 -> -2638 | AE10: =+P10+Y10+AB10 -> 62800 | AF10: =+Q10+Z10+AC10 -> 29310 | AG10: =AF10-AE10 -> -33490
F11: % | G11: =+G10/G$12 -> 0.17172653 | H11: =+H10/H$12 -> 0.35897436 | I11: =+H11-G11 -> 0.18724783 | J11: =+J10/J$12 -> 0.77596087 | K11: =+K10/K$12 -> 0.94193548 | L11: =+K11-J11 -> 0.16597462 | M11: =+M10/M$12 -> 1 | O11: =+N11-M11 -> -1 | P11: =+P10/P$12 -> 0.64294379 | Q11: =+Q10/Q$12 -> 0.41693393 | R11: =+Q11-P11 -> -0.22600985 | S11: =+S10/S$12 -> 0.36056481 | T11: =+T10/T$12 -> 0.3874617 | U11: =+T11-S11 -> 0.026896893 | V11: =+V10/V$12 -> 0.59988995 | W11: =+W10/W$12 -> 0.34376178 | X11: =+W11-V11 -> -0.25612817 | Y11: =+Y10/Y$12 -> 0.50426045 | Z11: =+Z10/Z$12 -> 0.36631195 | AA11: =+Z11-Y11 -> -0.13794851 | AB11: =+AB10/AB$12 -> 0.34463519 | AC11: =+AC10/AC$12 -> 0.37111952 | AD11: =+AC11-AB11 -> 0.02648433 | AE11: =+AE10/AE$12 -> 0.52575092 | AF11: =+AF10/AF$12 -> 0.38402075 | AG11: =+AF11-AE11 -> -0.14173016
F12: (소계) | G12: =G8+G10 -> 19216.6 | H12: =H8+H10 -> 22464 | I12: =H12-G12 -> 3247.4 | J12: =J8+J10 -> 9021.0735 | K12: =K8+K10 -> 2480 | L12: =K12-J12 -> -6541.0735 | M12: =M8+M10 -> 22000 | O12: =N12-M12 -> -22000 | P12: =P8+P10 -> 50237.673 | Q12: =Q8+Q10 -> 24944 | R12: =Q12-P12 -> -25293.673 | S12: =S8+S10 -> 16640.559 | T12: =T8+T10 -> 16972 | U12: =T12-S12 -> 331.4409 | V12: =V8+V10 -> 25004.586 | W12: =W8+W10 -> 15918 | X12: =W12-V12 -> -9086.5864 | Y12: =Y8+Y10 -> 41645.146 | Z12: =Z8+Z10 -> 32890 | AA12: =Z12-Y12 -> -8755.1455 | AB12: =AB8+AB10 -> 27565.38 | AC12: =AC8+AC10 -> 18490 | AD12: =AC12-AB12 -> -9075.3797 | AE12: =AE8+AE10 -> 119448.2 | AF12: =AF8+AF10 -> 76324 | AG12: =AF12-AE12 -> -43124.199 | AI12: =+'사업장별(당월)'!J32*1000 -> 119448.2 | AJ12: =+'사업장별(당월)'!K32*1000 -> 76324
E13: 매출액 | F13: 자가이송 | G13: =+IFERROR(HLOOKUP($A$1,[14]손익요약!$G$5:$AL$106,15,),) -> 241006 | H13: =+'[9]서부산크라샤(당월)'!$F$72 -> 229496 | I13: =H13-G13 -> -11510 | J13: =+IFERROR(HLOOKUP($A$1,[14]손익요약!$G$5:$AL$106,18,),) -> 37292.769 | K13: =+'[9]서부산크라샤(당월)'!$I$72 -> 1296 | L13: =K13-J13 -> -35996.769 | M13: =+IFERROR(HLOOKUP($A$1,[14]손익요약!$G$5:$AL$106,21,),) -> 0 | O13: =N13-M13 -> 0 | P13: =+G13+J13+M13 -> 278298.77 | Q13: =+H13+K13+N13 -> 230792 | R13: =Q13-P13 -> -47506.769 | S13: =+IFERROR(HLOOKUP($A$1,[15]손익요약!$G$5:$AL$106,12,),) -> 170248.95 | T13: =+'[9]부산크라샤(당월)'!$F$72 -> 177002 | U13: =T13-S13 -> 6753.0544 | V13: =+IFERROR(HLOOKUP($A$1,[15]손익요약!$G$5:$AL$106,15,),) -> 220892.59 | W13: =+'[9]부산크라샤(당월)'!$I$72 -> 229745 | X13: =W13-V13 -> 8852.415 | Y13: =+S13+V13 -> 391141.53 | Z13: =+T13+W13 -> 406747 | AA13: =Z13-Y13 -> 15605.469 | AB13: =+IFERROR(HLOOKUP($A$1,[16]손익계획!$G$5:$AX$449,6,),) -> 512513.75 | AC13: =+'[9]부산모래장(당월)'!$R$54 -> 341504 | AD13: =AC13-AB13 -> -171009.75 | AE13: =+P13+Y13+AB13 -> 1181954.1 | AF13: =+Q13+Z13+AC13 -> 979043 | AG13: =AF13-AE13 -> -202911.05 | AI13: =+AI12=AE12 -> TRUE | AJ13: =+AJ12=AF12 -> TRUE
F14: 단가 | G14: =+G13/G8*1000 -> 15141.802 | H14: =+H13/H8*1000 -> 15937.222 | I14: =H14-G14 -> 795.42058 | J14: =+J13/J8*1000 -> 18451.961 | K14: =+K13/K8*1000 -> 9000 | L14: =K14-J14 -> -9451.9609 | M14: =+M13/M8*1000 -> #DIV/0! | O14: =N14-M14 -> #DIV/0! | P14: =+P13/P8*1000 -> 15514.764 | Q14: =+Q13/Q8*1000 -> 15868.537 | R14: =Q14-P14 -> 353.77296 | S14: =+S13/S8*1000 -> 16000 | T14: =+T13/T8*1000 -> 17025.972 | U14: =T14-S14 -> 1025.9715 | V14: =+V13/V8*1000 -> 22079.132 | W14: =+W13/W8*1000 -> 21993.586 | X14: =W14-V14 -> -85.545967 | Y14: =+Y13/Y8*1000 -> 18945.932 | Z14: =+Z13/Z8*1000 -> 19515.737 | AA14: =Z14-Y14 -> 569.80511 | AB14: =+AB13/AB8*1000 -> 28369.941 | AC14: =+AC13/AC8*1000 -> 29369.109 | AD14: =AC14-AB14 -> 999.16827 | AE14: =+AE13/AE8*1000 -> 20864.813 | AF14: =+AF13/AF8*1000 -> 20824.499 | AG14: =AF14-AE14 -> -40.313539
F15: 외부판매 | G15: =+IFERROR(HLOOKUP($A$1,[14]손익요약!$G$5:$AL$106,14,),) -> 37950 | H15: =+'[9]서부산크라샤(당월)'!$F$71 -> 92736 | I15: =H15-G15 -> 54786 | J15: =+IFERROR(HLOOKUP($A$1,[14]손익요약!$G$5:$AL$106,17,),) -> 105000 | K15: =+'[9]서부산크라샤(당월)'!$I$71 -> 21024 | L15: =K15-J15 -> -83976 | M15: =+IFERROR(HLOOKUP($A$1,[14]손익요약!$G$5:$AL$106,20,),) -> 198000 | O15: =N15-M15 -> -198000 | P15: =+G15+J15+M15 -> 340950 | Q15: =+H15+K15+N15 -> 113760 | R15: =Q15-P15 -> -227190 | S15: =+IFERROR(HLOOKUP($A$1,[15]손익요약!$G$5:$AL$106,11,),) -> 72000 | T15: =+'[9]부산크라샤(당월)'!$F$71 -> 85488 | U15: =T15-S15 -> 13488 | V15: =+IFERROR(HLOOKUP($A$1,[15]손익요약!$G$5:$AL$106,14,),) -> 285000 | W15: =+'[9]부산크라샤(당월)'!$I$71 -> 103968 | X15: =W15-V15 -> -181032 | Y15: =+S15+V15 -> 357000 | Z15: =+T15+W15 -> 189456 | AA15: =Z15-Y15 -> -167544 | AB15: =+IFERROR(HLOOKUP($A$1,[16]손익계획!$G$5:$AX$449,5,),) -> 270750 | AC15: =+'[9]부산모래장(당월)'!$R$53 -> 194740 | AD15: =AC15-AB15 -> -76010 | AE15: =+P15+Y15+AB15 -> 968700 | AF15: =+Q15+Z15+AC15 -> 497956 | AG15: =AF15-AE15 -> -470744
F16: 단가 | G16: =IFERROR(G15/G10,)*1000 -> 11500 | H16: =IFERROR(H15/H10,)*1000 -> 11500 | I16: =H16-G16 -> 0 | J16: =IFERROR(J15/J10,)*1000 -> 15000 | K16: =IFERROR(K15/K10,)*1000 -> 9000 | L16: =K16-J16 -> -6000 | M16: =IFERROR(M15/M10,)*1000 -> 9000 | O16: =N16-M16 -> -9000 | P16: =IFERROR(P15/P10,)*1000 -> 10555.728 | Q16: =IFERROR(Q15/Q10,)*1000 -> 10938.462 | R16: =Q16-P16 -> 382.73398 | S16: =IFERROR(S15/S10,)*1000 -> 12000 | T16: =IFERROR(T15/T10,)*1000 -> 13000 | U16: =T16-S16 -> 1000 | V16: =IFERROR(V15/V10,)*1000 -> 19000 | W16: =IFERROR(W15/W10,)*1000 -> 19000 | X16: =W16-V16 -> 0 | Y16: =IFERROR(Y15/Y10,)*1000 -> 17000 | Z16: =IFERROR(Z15/Z10,)*1000 -> 15725.1 | AA16: =Z16-Y16 -> -1274.9004 | AB16: =IFERROR(AB15/AB10,)*1000 -> 28500 | AC16: =IFERROR(AC15/AC10,)*1000 -> 28379.481 | AD16: =AC16-AB16 -> -120.5188 | AE16: =IFERROR(AE15/AE10,)*1000 -> 15425.159 | AF16: =IFERROR(AF15/AF10,)*1000 -> 16989.287 | AG16: =AF16-AE16 -> 1564.1277
F17: (소계) | G17: =G13+G15 -> 278956 | H17: =H13+H15 -> 322232 | I17: =H17-G17 -> 43276 | J17: =J13+J15 -> 142292.77 | K17: =K13+K15 -> 22320 | L17: =K17-J17 -> -119972.77 | M17: =M13+M15 -> 198000 | O17: =N17-M17 -> -198000 | P17: =P13+P15 -> 619248.77 | Q17: =Q13+Q15 -> 344552 | R17: =Q17-P17 -> -274696.77 | S17: =S13+S15 -> 242248.95 | T17: =T13+T15 -> 262490 | U17: =T17-S17 -> 20241.054 | V17: =V13+V15 -> 505892.59 | W17: =W13+W15 -> 333713 | X17: =W17-V17 -> -172179.59 | Y17: =Y13+Y15 -> 748141.53 | Z17: =Z13+Z15 -> 596203 | AA17: =Z17-Y17 -> -151938.53 | AB17: =AB13+AB15 -> 783263.75 | AC17: =AC13+AC15 -> 536244 | AD17: =AC17-AB17 -> -247019.75 | AE17: =AE13+AE15 -> 2150654.1 | AF17: =AF13+AF15 -> 1476999 | AG17: =AF17-AE17 -> -673655.05 | AI17: =+'사업장별(당월)'!O32*1000 -> 2150654.1 | AJ17: =+'사업장별(당월)'!P32*1000 -> 1476999
E18: 영업이익 | F18: 자가이송 | G18: =+IFERROR(HLOOKUP($A$1,[14]손익요약!$G$5:$AL$106,80,),) -> 77833.858 | H18: =+'[9]서부산크라샤(당월)'!$F$87 -> 32179.11 | I18: =H18-G18 -> -45654.748 | J18: =+IFERROR(HLOOKUP($A$1,[14]손익요약!$G$5:$AL$106,83,),) -> 16465.041 | K18: =+'[9]서부산크라샤(당월)'!$I$87 -> 450.51282 | L18: =K18-J18 -> -16014.528 | M18: =+IFERROR(HLOOKUP($A$1,[14]손익요약!$G$5:$AL$106,86,),) -> 0 | O18: =N18-M18 -> 0 | P18: =+G18+J18+M18 -> 94298.899 | Q18: =+H18+K18+N18 -> 32629.622 | R18: =Q18-P18 -> -61669.276 | S18: =+IFERROR(HLOOKUP($A$1,[15]손익요약!$G$5:$U$95,57,),) -> -7890.267 | T18: =+'[9]부산크라샤(당월)'!$F$87 -> -9018.7623 | U18: =T18-S18 -> -1128.4953 | V18: =+IFERROR(HLOOKUP($A$1,[15]손익요약!$G$5:$AL$106,60,),) -> 52415.997 | W18: =+'[9]부산크라샤(당월)'!$I$87 -> 41320.613 | X18: =W18-V18 -> -11095.384 | Y18: =+S18+V18 -> 44525.73 | Z18: =+T18+W18 -> 32301.851 | AA18: =Z18-Y18 -> -12223.879 | AB18: =+IFERROR(HLOOKUP($A$1,[16]손익계획!$G$5:$AX$449,25,),) -> -9115.5414 | AC18: =+'[9]부산모래장(당월)'!$R$82 -> -15352.655 | AD18: =AC18-AB18 -> -6237.1136 | AE18: =+P18+Y18+AB18 -> 129709.09 | AF18: =+Q18+Z18+AC18 -> 49578.818 | AG18: =AF18-AE18 -> -80130.269 | AI18: =+AI17=AE17 -> TRUE | AJ18: =+AJ17=AF17 -> TRUE
F19: 외부판매 | G19: =+IFERROR(HLOOKUP($A$1,[14]손익요약!$G$5:$AL$106,79,),) -> 4313.9478 | H19: =+'[9]서부산크라샤(당월)'!$F$86 -> -16674.765 | I19: =H19-G19 -> -20988.713 | J19: =+IFERROR(HLOOKUP($A$1,[14]손익요약!$G$5:$AL$106,82,),) -> 33254.197 | K19: =+'[9]서부산크라샤(당월)'!$I$86 -> 7308.3142 | L19: =K19-J19 -> -25945.883 | M19: =+IFERROR(HLOOKUP($A$1,[14]손익요약!$G$5:$AL$106,85,),) -> 42849.981 | O19: =N19-M19 -> -42849.981 | P19: =+G19+J19+M19 -> 80418.126 | Q19: =+H19+K19+N19 -> -9366.4508 | R19: =Q19-P19 -> -89784.577 | S19: =+IFERROR(HLOOKUP($A$1,[15]손익요약!$G$5:$AL$106,56,),) -> -28060.658 | T19: =+'[9]부산크라샤(당월)'!$F$86 -> -31402.569 | U19: =T19-S19 -> -3341.9116 | V19: =+IFERROR(HLOOKUP($A$1,[15]손익요약!$G$5:$AL$106,59,),) -> 33148.637 | W19: =+'[9]부산크라샤(당월)'!$I$86 -> 5745.1232 | X19: =W19-V19 -> -27403.514 | Y19: =+S19+V19 -> 5087.9791 | Z19: =+T19+W19 -> -25657.446 | AA19: =Z19-Y19 -> -30745.425 | AB19: =+IFERROR(HLOOKUP($A$1,[16]손익계획!$G$5:$AX$449,24,),) -> -3948.4074 | AC19: =+'[9]부산모래장(당월)'!$I$81-'[9]부산모래장(당월)'!$R$82 -> -38613.884 | AD19: =AC19-AB19 -> -34665.476 | AE19: =+P19+Y19+AB19 -> 81557.698 | AF19: =+Q19+Z19+AC19 -> -73637.781 | AG19: =AF19-AE19 -> -155195.48
F20: (소계) | G20: =G18+G19 -> 82147.806 | H20: =H18+H19 -> 15504.345 | I20: =H20-G20 -> -66643.461 | J20: =J18+J19 -> 49719.238 | K20: =K18+K19 -> 7758.827 | L20: =K20-J20 -> -41960.411 | M20: =M18+M19 -> 42849.981 | O20: =N20-M20 -> -42849.981 | P20: =P18+P19 -> 174717.02 | Q20: =Q18+Q19 -> 23263.172 | R20: =Q20-P20 -> -151453.85 | S20: =S18+S19 -> -35950.925 | T20: =T18+T19 -> -40421.332 | U20: =T20-S20 -> -4470.4069 | V20: =V18+V19 -> 85564.634 | W20: =W18+W19 -> 47065.736 | X20: =W20-V20 -> -38498.898 | Y20: =Y18+Y19 -> 49613.709 | Z20: =Z18+Z19 -> 6644.4047 | AA20: =Z20-Y20 -> -42969.305 | AB20: =AB18+AB19 -> -13063.949 | AC20: =AC18+AC19 -> -53966.539 | AD20: =AC20-AB20 -> -40902.59 | AE20: =AE18+AE19 -> 211266.79 | AF20: =AF18+AF19 -> -24058.962 | AG20: =AF20-AE20 -> -235325.75 | AI20: =+'사업장별(당월)'!T32*1000 -> 211266.79 | AJ20: ='사업장별(당월)'!U32*1000 -> -24058.962
E21: 자가이송 | F21: 부산 | G21: =+IFERROR(HLOOKUP($A$1,[14]손익!$G$5:$AB$252,3,),) -> 0 | H21: =+'[9]서부산크라샤(당월)'!$F$60 -> 96 | I21: =H21-G21 -> 96 | J21: =+IFERROR(HLOOKUP($A$1,[14]손익!$G$5:$AB$252,12,),) -> 0 | K21: =+'[9]서부산크라샤(당월)'!$I$60 -> 0 | L21: =K21-J21 -> 0 | O21: =N21-M21 -> 0 | P21: =+G21+J21+M21 -> 0 | Q21: =+H21+K21+N21 -> 96 | R21: =Q21-P21 -> 96 | S21: =+IFERROR(HLOOKUP($A$1,[15]손익!$G$5:$AB$252,3,),) -> 10640.559 | T21: =+'[9]부산크라샤(당월)'!$F$60 -> 9500 | U21: =T21-S21 -> -1140.5591 | V21: =+IFERROR(HLOOKUP($A$1,[15]손익!$G$5:$AB$252,12,),) -> 7701.3606 | W21: =+'[9]부산크라샤(당월)'!$I$60 -> 5950 | X21: =W21-V21 -> -1751.3606 | Y21: =+S21+V21 -> 18341.92 | Z21: =+T21+W21 -> 15450 | AA21: =Z21-Y21 -> -2891.9197 | AB21: =+IFERROR(HLOOKUP($A$1,[16]이송계획!$G$193:$U$216,16,),) -> 4367.9741 | AC21: =+'[9]부산모래장(당월)'!$R$64 -> 4620 | AD21: =AC21-AB21 -> 252.02586 | AE21: =+P21+Y21+AB21 -> 22709.894 | AF21: =+Q21+Z21+AC21 -> 20166 | AG21: =AF21-AE21 -> -2543.8939 | AI21: =+AI20=AE20 -> TRUE | AJ21: =+AJ20=AF20 -> FALSE
E22: 물량 | F22: 서부산 | G22: =+IFERROR(HLOOKUP($A$1,[14]손익!$G$5:$AB$252,4,),) -> 13640 | H22: =+'[9]서부산크라샤(당월)'!$F$61 -> 11600 | I22: =H22-G22 -> -2040 | J22: =+IFERROR(HLOOKUP($A$1,[14]손익!$G$5:$AB$252,13,),) -> 996.66667 | K22: =+'[9]서부산크라샤(당월)'!$I$61 -> 0 | L22: =K22-J22 -> -996.66667 | O22: =N22-M22 -> 0 | P22: =+G22+J22+M22 -> 14636.667 | Q22: =+H22+K22+N22 -> 11600 | R22: =Q22-P22 -> -3036.6667 | S22: =+IFERROR(HLOOKUP($A$1,[15]손익!$G$5:$AB$252,4,),) -> 0 | T22: =+'[9]부산크라샤(당월)'!$F$61 -> 896 | U22: =T22-S22 -> 896 | V22: =+IFERROR(HLOOKUP($A$1,[15]손익!$G$5:$AB$252,13,),) -> 2303.2258 | W22: =+'[9]부산크라샤(당월)'!$I$61 -> 4496 | X22: =W22-V22 -> 2192.7742 | Y22: =+S22+V22 -> 2303.2258 | Z22: =+T22+W22 -> 5392 | AA22: =Z22-Y22 -> 3088.7742 | AB22: =+IFERROR(HLOOKUP($A$1,[16]이송계획!$G$193:$U$216,17,),) -> 5223.7762 | AC22: =+'[9]부산모래장(당월)'!$R$65 -> 1888 | AD22: =AC22-AB22 -> -3335.7762 | AE22: =+P22+Y22+AB22 -> 22163.669 | AF22: =+Q22+Z22+AC22 -> 18880 | AG22: =AF22-AE22 -> -3283.6687 | AI22: =+AE20-AI20 -> 0 | AJ22: =+AF20-AJ20 -> 5.0931703e-11
F23: 김해 | G23: =+IFERROR(HLOOKUP($A$1,[14]손익!$G$5:$AB$252,5,),) -> 1328 | H23: =+'[9]서부산크라샤(당월)'!$F$62 -> 1616 | I23: =H23-G23 -> 288 | J23: =+IFERROR(HLOOKUP($A$1,[14]손익!$G$5:$AB$252,14,),) -> 0 | K23: =+'[9]서부산크라샤(당월)'!$I$62 -> 0 | L23: =K23-J23 -> 0 | O23: =N23-M23 -> 0 | P23: =+G23+J23+M23 -> 1328 | Q23: =+H23+K23+N23 -> 1616 | R23: =Q23-P23 -> 288 | S23: =+IFERROR(HLOOKUP($A$1,[15]손익!$G$5:$AB$252,5,),) -> 0 | T23: =+'[9]부산크라샤(당월)'!$F$62 -> 0 | U23: =T23-S23 -> 0 | V23: =+IFERROR(HLOOKUP($A$1,[15]손익!$G$5:$AB$252,14,),) -> 0 | W23: =+'[9]부산크라샤(당월)'!$I$62 -> 0 | X23: =W23-V23 -> 0 | Y23: =+S23+V23 -> 0 | Z23: =+T23+W23 -> 0 | AA23: =Z23-Y23 -> 0 | AB23: =+IFERROR(HLOOKUP($A$1,[16]이송계획!$G$193:$U$216,18,),) -> 3188.8112 | AC23: =+'[9]부산모래장(당월)'!$V$64 -> 0 | AD23: =AC23-AB23 -> -3188.8112 | AE23: =+P23+Y23+AB23 -> 4516.8112 | AF23: =+Q23+Z23+AC23 -> 1616 | AG23: =AF23-AE23 -> -2900.8112
F24: 정관 | G24: =+IFERROR(HLOOKUP($A$1,[14]손익!$G$5:$AB$252,6,),) -> 0 | H24: =+'[9]서부산크라샤(당월)'!$F$63 -> 0 | I24: =H24-G24 -> 0 | J24: =+IFERROR(HLOOKUP($A$1,[14]손익!$G$5:$AB$252,15,),) -> 0 | K24: =+'[9]서부산크라샤(당월)'!$I$63 -> 0 | L24: =K24-J24 -> 0 | O24: =N24-M24 -> 0 | P24: =+G24+J24+M24 -> 0 | Q24: =+H24+K24+N24 -> 0 | R24: =Q24-P24 -> 0 | S24: =+IFERROR(HLOOKUP($A$1,[15]손익!$G$5:$AB$252,6,),) -> 0 | T24: =+'[9]부산크라샤(당월)'!$F$63 -> 0 | U24: =T24-S24 -> 0 | V24: =+IFERROR(HLOOKUP($A$1,[15]손익!$G$5:$AB$252,15,),) -> 0 | W24: =+'[9]부산크라샤(당월)'!$I$63 -> 0 | X24: =W24-V24 -> 0 | Y24: =+S24+V24 -> 0 | Z24: =+T24+W24 -> 0 | AA24: =Z24-Y24 -> 0 | AB24: =+IFERROR(HLOOKUP($A$1,[16]이송계획!$G$193:$U$216,19,),) -> 3937.3427 | AC24: =+'[9]부산모래장(당월)'!$V$65 -> 0 | AD24: =AC24-AB24 -> -3937.3427 | AE24: =+P24+Y24+AB24 -> 3937.3427 | AF24: =+Q24+Z24+AC24 -> 0 | AG24: =AF24-AE24 -> -3937.3427
F25: 양산 | G25: =+IFERROR(HLOOKUP($A$1,[14]손익!$G$5:$AB$252,7,),) -> 0 | H25: =+'[9]서부산크라샤(당월)'!$F$64 -> 0 | I25: =H25-G25 -> 0 | J25: =+IFERROR(HLOOKUP($A$1,[14]손익!$G$5:$AB$252,16,),) -> 475.87349 | K25: =+'[9]서부산크라샤(당월)'!$I$64 -> 144 | L25: =K25-J25 -> -331.87349 | O25: =N25-M25 -> 0 | P25: =+G25+J25+M25 -> 475.87349 | Q25: =+H25+K25+N25 -> 144 | R25: =Q25-P25 -> -331.87349 | S25: =+IFERROR(HLOOKUP($A$1,[15]손익!$G$5:$AB$252,7,),) -> 0 | T25: =+'[9]부산크라샤(당월)'!$F$64 -> 0 | U25: =T25-S25 -> 0 | V25: =+IFERROR(HLOOKUP($A$1,[15]손익!$G$5:$AB$252,16,),) -> 0 | W25: =+'[9]부산크라샤(당월)'!$I$64 -> 0 | X25: =W25-V25 -> 0 | Y25: =+S25+V25 -> 0 | Z25: =+T25+W25 -> 0 | AA25: =Z25-Y25 -> 0 | AB25: =+IFERROR(HLOOKUP($A$1,[16]이송계획!$G$193:$U$216,20,),) -> 1347.4755 | AC25: =+'[9]부산모래장(당월)'!$R$66 -> 1120 | AD25: =AC25-AB25 -> -227.47552 | AE25: =+P25+Y25+AB25 -> 1823.349 | AF25: =+Q25+Z25+AC25 -> 1264 | AG25: =AF25-AE25 -> -559.34902
F26: 창원 | G26: =+IFERROR(HLOOKUP($A$1,[14]손익!$G$5:$AB$252,8,),) -> 948.6 | H26: =+'[9]서부산크라샤(당월)'!$F$65 -> 1088 | I26: =H26-G26 -> 139.4 | J26: =+IFERROR(HLOOKUP($A$1,[14]손익!$G$5:$AB$252,17,),) -> 548.53333 | K26: =+'[9]서부산크라샤(당월)'!$I$65 -> 0 | L26: =K26-J26 -> -548.53333 | O26: =N26-M26 -> 0 | P26: =+G26+J26+M26 -> 1497.1333 | Q26: =+H26+K26+N26 -> 1088 | R26: =Q26-P26 -> -409.13333 | S26: =+IFERROR(HLOOKUP($A$1,[15]손익!$G$5:$AB$252,8,),) -> 0 | T26: =+'[9]부산크라샤(당월)'!$F$65 -> 0 | U26: =T26-S26 -> 0 | V26: =+IFERROR(HLOOKUP($A$1,[15]손익!$G$5:$AB$252,17,),) -> 0 | W26: =+'[9]부산크라샤(당월)'!$I$65 -> 0 | X26: =W26-V26 -> 0 | Y26: =+S26+V26 -> 0 | Z26: =+T26+W26 -> 0 | AA26: =Z26-Y26 -> 0 | AB26: =+IFERROR(HLOOKUP($A$1,[16]이송계획!$G$193:$U$216,21,),) -> 0 | AD26: =AC26-AB26 -> 0 | AE26: =+P26+Y26+AB26 -> 1497.1333 | AF26: =+Q26+Z26+AC26 -> 1088 | AG26: =AF26-AE26 -> -409.13333
E27: 자가이송 | F27: 부산 | G27: =+IFERROR(HLOOKUP($A$1,[14]손익!$G$5:$AB$252,31,),) -> 0 | H27: =IFERROR(H35/H21,)*1000 -> 12500 | I27: =H27-G27 -> 12500 | J27: =+IFERROR(HLOOKUP($A$1,[14]손익!$G$5:$AB$252,40,),) -> 0 | K27: =IFERROR(K35/K21,)*1000 -> 0 | L27: =K27-J27 -> 0 | O27: =N27-M27 -> 0 | P27: =+IFERROR(HLOOKUP($A$1,[14]손익!$G$5:$AB$252,48,),) -> 9000 | Q27: =IFERROR(Q35/Q21,)*1000 -> 12500 | R27: =Q27-P27 -> 3500 | S27: =+IFERROR(HLOOKUP($A$1,[15]손익!$G$5:$AB$252,30,),) -> 16000 | T27: =IFERROR(T35/T21,)*1000 -> 17500 | U27: =T27-S27 -> 1500 | V27: =+IFERROR(HLOOKUP($A$1,[15]손익!$G$5:$AB$252,39,),) -> 23000 | W27: =IFERROR(W35/W21,)*1000 -> 23500 | X27: =W27-V27 -> 500 | Y27: =+IFERROR(HLOOKUP($A$1,[15]손익!$G$5:$AB$252,48,),) -> 18939.143 | Z27: =IFERROR(Z35/Z21,)*1000 -> 19810.68 | AA27: =Z27-Y27 -> 871.53664 | AB27: =IFERROR(AB35/AB21,)*1000 -> 30500 | AC27: =IFERROR(AC35/AC21,)*1000 -> 32000 | AD27: =AC27-AB27 -> 1500 | AE27: =+AE35/AE21*1000 -> 21162.734 | AF27: =IFERROR(AF35/AF21,)*1000 -> 22568.432 | AG27: =AF27-AE27 -> 1405.6977
E28: 단가 | F28: 서부산 | G28: =+IFERROR(HLOOKUP($A$1,[14]손익!$G$5:$AB$252,32,),) -> 16000 | H28: =IFERROR(H36/H22,)*1000 -> 17000 | I28: =H28-G28 -> 1000 | J28: =+IFERROR(HLOOKUP($A$1,[14]손익!$G$5:$AB$252,41,),) -> 22000 | K28: =IFERROR(K36/K22,)*1000 -> 0 | L28: =K28-J28 -> -22000 | O28: =N28-M28 -> 0 | P28: =+IFERROR(HLOOKUP($A$1,[14]손익!$G$5:$AB$252,49,),) -> 10555.728 | Q28: =IFERROR(Q36/Q22,)*1000 -> 17000 | R28: =Q28-P28 -> 6444.2724 | S28: =+IFERROR(HLOOKUP($A$1,[15]손익!$G$5:$AB$252,31,),) -> 0 | T28: =IFERROR(T36/T22,)*1000 -> 12000 | U28: =T28-S28 -> 12000 | V28: =+IFERROR(HLOOKUP($A$1,[15]손익!$G$5:$AB$252,40,),) -> 19000 | W28: =IFERROR(W36/W22,)*1000 -> 20000 | X28: =W28-V28 -> 1000 | Y28: =+IFERROR(HLOOKUP($A$1,[15]손익!$G$5:$AB$252,49,),) -> 19000 | Z28: =IFERROR(Z36/Z22,)*1000 -> 18670.623 | AA28: =Z28-Y28 -> -329.37685 | AB28: =IFERROR(AB36/AB22,)*1000 -> 28000 | AC28: =IFERROR(AC36/AC22,)*1000 -> 28000 | AD28: =AC28-AB28 -> 0 | AE28: =+AE36/AE22*1000 -> 19409.859 | AF28: =IFERROR(AF36/AF22,)*1000 -> 18577.119 | AG28: =AF28-AE28 -> -832.74067
F29: 김해 | G29: =+IFERROR(HLOOKUP($A$1,[14]손익!$G$5:$AB$252,33,),) -> 10000 | H29: =IFERROR(H37/H23,)*1000 -> 11500 | I29: =H29-G29 -> 1500 | J29: =+IFERROR(HLOOKUP($A$1,[14]손익!$G$5:$AB$252,42,),) -> 0 | K29: =IFERROR(K37/K23,)*1000 -> 0 | L29: =K29-J29 -> 0 | O29: =N29-M29 -> 0 | P29: =+IFERROR(HLOOKUP($A$1,[14]손익!$G$5:$AB$252,50,),) -> 0 | Q29: =IFERROR(Q37/Q23,)*1000 -> 11500 | R29: =Q29-P29 -> 11500 | S29: =+IFERROR(HLOOKUP($A$1,[15]손익!$G$5:$AB$252,32,),) -> 0 | T29: =IFERROR(T37/T23,)*1000 -> 0 | U29: =T29-S29 -> 0 | V29: =+IFERROR(HLOOKUP($A$1,[15]손익!$G$5:$AB$252,41,),) -> 0 | W29: =IFERROR(W37/W23,)*1000 -> 0 | X29: =W29-V29 -> 0 | Y29: =+IFERROR(HLOOKUP($A$1,[15]손익!$G$5:$AB$252,50,),) -> 0 | Z29: =IFERROR(Z37/Z23,)*1000 -> 0 | AA29: =Z29-Y29 -> 0 | AB29: =IFERROR(AB37/AB23,)*1000 -> 27500 | AC29: =IFERROR(AC37/AC23,)*1000 -> 0 | AD29: =AC29-AB29 -> -27500 | AE29: =+AE37/AE23*1000 -> 22354.777 | AF29: =IFERROR(AF37/AF23,)*1000 -> 30559.406 | AG29: =AF29-AE29 -> 8204.6288
F30: 정관 | G30: =+IFERROR(HLOOKUP($A$1,[14]손익!$G$5:$AB$252,34,),) -> 0 | H30: =IFERROR(H38/H24,)*1000 -> 0 | I30: =H30-G30 -> 0 | J30: =+IFERROR(HLOOKUP($A$1,[14]손익!$G$5:$AB$252,43,),) -> 0 | K30: =IFERROR(K38/K24,)*1000 -> 0 | L30: =K30-J30 -> 0 | O30: =N30-M30 -> 0 | P30: =+IFERROR(HLOOKUP($A$1,[14]손익!$G$5:$AB$252,51,),) -> 16408.563 | Q30: =IFERROR(Q38/Q24,)*1000 -> 0 | R30: =Q30-P30 -> -16408.563 | S30: =+IFERROR(HLOOKUP($A$1,[15]손익!$G$5:$AB$252,33,),) -> 0 | T30: =IFERROR(T38/T24,)*1000 -> 0 | U30: =T30-S30 -> 0 | V30: =+IFERROR(HLOOKUP($A$1,[15]손익!$G$5:$AB$252,42,),) -> 0 | W30: =IFERROR(W38/W24,)*1000 -> 0 | X30: =W30-V30 -> 0 | Y30: =+IFERROR(HLOOKUP($A$1,[15]손익!$G$5:$AB$252,51,),) -> 0 | Z30: =IFERROR(Z38/Z24,)*1000 -> 0 | AA30: =Z30-Y30 -> 0 | AB30: =IFERROR(AB38/AB24,)*1000 -> 27500 | AC30: =IFERROR(AC38/AC24,)*1000 -> 0 | AD30: =AC30-AB30 -> -27500 | AE30: =+AE38/AE24*1000 -> 27500 | AF30: =IFERROR(AF38/AF24,)*1000 -> 0 | AG30: =AF30-AE30 -> -27500
F31: 양산 | G31: =+IFERROR(HLOOKUP($A$1,[14]손익!$G$5:$AB$252,35,),) -> 0 | H31: =IFERROR(H39/H25,)*1000 -> 0 | I31: =H31-G31 -> 0 | J31: =+IFERROR(HLOOKUP($A$1,[14]손익!$G$5:$AB$252,44,),) -> 15000 | K31: =IFERROR(K39/K25,)*1000 -> 9000 | L31: =K31-J31 -> -6000 | O31: =N31-M31 -> 0 | P31: =+IFERROR(HLOOKUP($A$1,[14]손익!$G$5:$AB$252,52,),) -> 10000 | Q31: =IFERROR(Q39/Q25,)*1000 -> 9000 | R31: =Q31-P31 -> -1000 | S31: =+IFERROR(HLOOKUP($A$1,[15]손익!$G$5:$AB$252,34,),) -> 0 | T31: =IFERROR(T39/T25,)*1000 -> 0 | U31: =T31-S31 -> 0 | V31: =+IFERROR(HLOOKUP($A$1,[15]손익!$G$5:$AB$252,43,),) -> 0 | W31: =IFERROR(W39/W25,)*1000 -> 0 | X31: =W31-V31 -> 0 | Y31: =+IFERROR(HLOOKUP($A$1,[15]손익!$G$5:$AB$252,52,),) -> 0 | Z31: =IFERROR(Z39/Z25,)*1000 -> 0 | AA31: =Z31-Y31 -> 0 | AB31: =IFERROR(AB39/AB25,)*1000 -> 27500 | AC31: =IFERROR(AC39/AC25,)*1000 -> 0 | AD31: =AC31-AB31 -> -27500 | AE31: =+AE39/AE25*1000 -> 24237.641 | AF31: =IFERROR(AF39/AF25,)*1000 -> 1025.3165 | AG31: =AF31-AE31 -> -23212.325
F32: 창원 | G32: =+IFERROR(HLOOKUP($A$1,[14]손익!$G$5:$AB$252,36,),) -> 10000 | H32: =IFERROR(H40/H26,)*1000 -> 11500 | I32: =H32-G32 -> 1500 | J32: =+IFERROR(HLOOKUP($A$1,[14]손익!$G$5:$AB$252,45,),) -> 15000 | K32: =IFERROR(K40/K26,)*1000 -> 0 | L32: =K32-J32 -> -15000 | O32: =N32-M32 -> 0 | P32: =+IFERROR(HLOOKUP($A$1,[14]손익!$G$5:$AB$252,53,),) -> 0 | Q32: =IFERROR(Q40/Q26,)*1000 -> 11500 | R32: =Q32-P32 -> 11500 | S32: =+IFERROR(HLOOKUP($A$1,[15]손익!$G$5:$AB$252,35,),) -> 0 | T32: =IFERROR(T40/T26,)*1000 -> 0 | U32: =T32-S32 -> 0 | V32: =+IFERROR(HLOOKUP($A$1,[15]손익!$G$5:$AB$252,44,),) -> 0 | W32: =IFERROR(W40/W26,)*1000 -> 0 | X32: =W32-V32 -> 0 | Y32: =+IFERROR(HLOOKUP($A$1,[15]손익!$G$5:$AB$252,53,),) -> 0 | Z32: =IFERROR(Z40/Z26,)*1000 -> 0 | AA32: =Z32-Y32 -> 0 | AB32: =IFERROR(AB40/AB26,)*1000 -> 0 | AC32: =IFERROR(AC40/AC26,)*1000 -> 0 | AD32: =AC32-AB32 -> 0 | AE32: =+AE40/AE26*1000 -> 11831.945 | AF32: =IFERROR(AF40/AF26,)*1000 -> 11500 | AG32: =AF32-AE32 -> -331.9455
E33: * 자가이송 운반비 : 부산 3,500 / 김해 3,500 / 정관 8,000 / 양산 5,000 / 창원 8,000
AC34: * 공통비
E35: 자가이송 | F35: 부산 | G35: =+IFERROR(HLOOKUP($A$1,[14]손익!$G$5:$AB$252,59,),) -> 0 | H35: =+IFERROR(VLOOKUP($F35,'[17]서부산(손익)'!$L$16:$R$29,4,),)/1000 -> 1200 | I35: =+H35-G35 -> 1200 | J35: =+IFERROR(HLOOKUP($A$1,[14]손익!$G$5:$AB$252,68,),) -> 0 | K35: =+IFERROR(VLOOKUP($F35,'[17]서부산(손익)'!$L$16:$R$29,3,),)/1000 -> 0 | L35: =+K35-J35 -> 0 | O35: =+N35-M35 -> 0 | P35: =SUM(G35,J35,M35) -> 0 | Q35: =SUM(H35,K35,N35) -> 1200 | R35: =+Q35-P35 -> 1200 | S35: =+IFERROR(HLOOKUP($A$1,[15]손익!$G$5:$AB$252,57,),) -> 170248.95 | T35: =+IFERROR(VLOOKUP($F35,'[17]부산크라샤(손익)'!$L$16:$R$29,3,),)/1000 -> 166250 | U35: =+T35-S35 -> -3998.9456 | V35: =+IFERROR(HLOOKUP($A$1,[15]손익!$G$5:$AB$252,66,),) -> 177131.29 | W35: =+IFERROR(VLOOKUP($F35,'[17]부산크라샤(손익)'!$L$16:$R$29,4,),)/1000 -> 139825 | X35: =+W35-V35 -> -37306.295 | Y35: =SUM(S35,V35) -> 347380.24 | Z35: =SUM(T35,W35) -> 306075 | AA35: =+Z35-Y35 -> -41305.24 | AB35: =+IFERROR(HLOOKUP($A$1,[16]이송계획!$G$70:$W$100,16,),)+IFERROR(HLOOKUP($A$1,[16]이송계획!$G$70:$W$100,23,),) -> 133223.21 | AC35: =+'[9]부산모래장(당월)'!R76 -> 147840 | AE35: =+P35+Y35+AB35 -> 480603.45 | AF35: =+Q35+Z35+AC35 -> 455115 | AG35: =+AF35-AE35 -> -25488.451
E36: 매출액 | F36: 서부산 | G36: =+IFERROR(HLOOKUP($A$1,[14]손익!$G$5:$AB$252,60,),) -> 218240 | H36: =+IFERROR(VLOOKUP($F36,'[17]서부산(손익)'!$L$16:$R$29,4,),)/1000 -> 197200 | I36: =+H36-G36 -> -21040 | J36: =+IFERROR(HLOOKUP($A$1,[14]손익!$G$5:$AB$252,69,),) -> 21926.667 | K36: =+IFERROR(VLOOKUP($F36,'[17]서부산(손익)'!$L$16:$R$29,3,),)/1000 -> 0 | L36: =+K36-J36 -> -21926.667 | O36: =+N36-M36 -> 0 | P36: =SUM(G36,J36,M36) -> 240166.67 | Q36: =SUM(H36,K36,N36) -> 197200 | R36: =+Q36-P36 -> -42966.667 | S36: =+IFERROR(HLOOKUP($A$1,[15]손익!$G$5:$AB$252,58,),) -> 0 | T36: =+IFERROR(VLOOKUP($F36,'[17]부산크라샤(손익)'!$L$16:$R$29,3,),)/1000 -> 10752 | U36: =+T36-S36 -> 10752 | V36: =+IFERROR(HLOOKUP($A$1,[15]손익!$G$5:$AB$252,67,),) -> 43761.29 | W36: =+IFERROR(VLOOKUP($F36,'[17]부산크라샤(손익)'!$L$16:$R$29,4,),)/1000 -> 89920 | X36: =+W36-V36 -> 46158.71 | Y36: =SUM(S36,V36) -> 43761.29 | Z36: =SUM(T36,W36) -> 100672 | AA36: =+Z36-Y36 -> 56910.71 | AB36: =+IFERROR(HLOOKUP($A$1,[16]이송계획!$G$70:$W$100,17,),)+IFERROR(HLOOKUP($A$1,[16]이송계획!$G$70:$W$100,24,),) -> 146265.73 | AC36: =+'[9]부산모래장(당월)'!R77 -> 52864 | AE36: =+P36+Y36+AB36 -> 430193.69 | AF36: =+Q36+Z36+AC36 -> 350736 | AG36: =+AF36-AE36 -> -79457.691
F37: 김해 | G37: =+IFERROR(HLOOKUP($A$1,[14]손익!$G$5:$AB$252,61,),) -> 13280 | H37: =+IFERROR(VLOOKUP($F37,'[17]서부산(손익)'!$L$16:$R$29,4,),)/1000 -> 18584 | I37: =+H37-G37 -> 5304 | J37: =+IFERROR(HLOOKUP($A$1,[14]손익!$G$5:$AB$252,70,),) -> 0 | K37: =+IFERROR(VLOOKUP($F37,'[17]서부산(손익)'!$L$16:$R$29,3,),)/1000 -> 0 | L37: =+K37-J37 -> 0 | O37: =+N37-M37 -> 0 | P37: =SUM(G37,J37,M37) -> 13280 | Q37: =SUM(H37,K37,N37) -> 18584 | R37: =+Q37-P37 -> 5304 | S37: =+IFERROR(HLOOKUP($A$1,[15]손익!$G$5:$AB$252,59,),) -> 0 | T37: =+IFERROR(VLOOKUP($F37,'[17]부산크라샤(손익)'!$L$16:$R$29,3,),)/1000 -> 0 | U37: =+T37-S37 -> 0 | V37: =+IFERROR(HLOOKUP($A$1,[15]손익!$G$5:$AB$252,68,),) -> 0 | W37: =+IFERROR(VLOOKUP($F37,'[17]부산크라샤(손익)'!$L$16:$R$29,4,),)/1000 -> 0 | X37: =+W37-V37 -> 0 | Y37: =SUM(S37,V37) -> 0 | Z37: =SUM(T37,W37) -> 0 | AA37: =+Z37-Y37 -> 0 | AB37: =+IFERROR(HLOOKUP($A$1,[16]이송계획!$G$70:$W$100,18,),)+IFERROR(HLOOKUP($A$1,[16]이송계획!$G$70:$W$100,25,),) -> 87692.308 | AC37: =+'[9]부산모래장(당월)'!R78 -> 30800 | AE37: =+P37+Y37+AB37 -> 100972.31 | AF37: =+Q37+Z37+AC37 -> 49384 | AG37: =+AF37-AE37 -> -51588.308
F38: 정관 | G38: =+IFERROR(HLOOKUP($A$1,[14]손익!$G$5:$AB$252,62,),) -> 0 | H38: =+IFERROR(VLOOKUP($F38,'[17]서부산(손익)'!$L$16:$R$29,4,),)/1000 -> 0 | I38: =+H38-G38 -> 0 | J38: =+IFERROR(HLOOKUP($A$1,[14]손익!$G$5:$AB$252,71,),) -> 0 | K38: =+IFERROR(VLOOKUP($F38,'[17]서부산(손익)'!$L$16:$R$29,3,),)/1000 -> 0 | L38: =+K38-J38 -> 0 | O38: =+N38-M38 -> 0 | P38: =SUM(G38,J38,M38) -> 0 | Q38: =SUM(H38,K38,N38) -> 0 | R38: =+Q38-P38 -> 0 | S38: =+IFERROR(HLOOKUP($A$1,[15]손익!$G$5:$AB$252,60,),) -> 0 | T38: =+IFERROR(VLOOKUP($F38,'[17]부산크라샤(손익)'!$L$16:$R$29,3,),)/1000 -> 0 | U38: =+T38-S38 -> 0 | V38: =+IFERROR(HLOOKUP($A$1,[15]손익!$G$5:$AB$252,69,),) -> 0 | W38: =+IFERROR(VLOOKUP($F38,'[17]부산크라샤(손익)'!$L$16:$R$29,4,),)/1000 -> 0 | X38: =+W38-V38 -> 0 | Y38: =SUM(S38,V38) -> 0 | Z38: =SUM(T38,W38) -> 0 | AA38: =+Z38-Y38 -> 0 | AB38: =+IFERROR(HLOOKUP($A$1,[16]이송계획!$G$70:$W$100,19,),)+IFERROR(HLOOKUP($A$1,[16]이송계획!$G$70:$W$100,26,),) -> 108276.92 | AC38: =+'[9]부산모래장(당월)'!R79 -> 110000 | AE38: =+P38+Y38+AB38 -> 108276.92 | AF38: =+Q38+Z38+AC38 -> 110000 | AG38: =+AF38-AE38 -> 1723.0769
F39: 양산 | G39: =+IFERROR(HLOOKUP($A$1,[14]손익!$G$5:$AB$252,63,),) -> 0 | H39: =+IFERROR(VLOOKUP($F39,'[17]서부산(손익)'!$L$16:$R$29,4,),)/1000 -> 0 | I39: =+H39-G39 -> 0 | J39: =+IFERROR(HLOOKUP($A$1,[14]손익!$G$5:$AB$252,72,),) -> 7138.1024 | K39: =+IFERROR(VLOOKUP($F39,'[17]서부산(손익)'!$L$16:$R$29,3,),)/1000 -> 1296 | L39: =+K39-J39 -> -5842.1024 | O39: =+N39-M39 -> 0 | P39: =SUM(G39,J39,M39) -> 7138.1024 | Q39: =SUM(H39,K39,N39) -> 1296 | R39: =+Q39-P39 -> -5842.1024 | S39: =+IFERROR(HLOOKUP($A$1,[15]손익!$G$5:$AB$252,61,),) -> 0 | T39: =+IFERROR(VLOOKUP($F39,'[17]부산크라샤(손익)'!$L$16:$R$29,3,),)/1000 -> 0 | U39: =+T39-S39 -> 0 | V39: =+IFERROR(HLOOKUP($A$1,[15]손익!$G$5:$AB$252,70,),) -> 0 | W39: =+IFERROR(VLOOKUP($F39,'[17]부산크라샤(손익)'!$L$16:$R$29,4,),)/1000 -> 0 | X39: =+W39-V39 -> 0 | Y39: =SUM(S39,V39) -> 0 | Z39: =SUM(T39,W39) -> 0 | AA39: =+Z39-Y39 -> 0 | AB39: =+IFERROR(HLOOKUP($A$1,[16]이송계획!$G$70:$W$100,20,),)+IFERROR(HLOOKUP($A$1,[16]이송계획!$G$70:$W$100,27,),) -> 37055.577 | AC39: =+'[9]부산모래장(당월)'!R80 -> 0 | AE39: =+P39+Y39+AB39 -> 44193.679 | AF39: =+Q39+Z39+AC39 -> 1296 | AG39: =+AF39-AE39 -> -42897.679
F40: 창원 | G40: =+IFERROR(HLOOKUP($A$1,[14]손익!$G$5:$AB$252,64,),) -> 9486 | H40: =+IFERROR(VLOOKUP($F40,'[17]서부산(손익)'!$L$16:$R$29,4,),)/1000 -> 12512 | I40: =+H40-G40 -> 3026 | J40: =+IFERROR(HLOOKUP($A$1,[14]손익!$G$5:$AB$252,73,),) -> 8228 | K40: =+IFERROR(VLOOKUP($F40,'[17]서부산(손익)'!$L$16:$R$29,3,),)/1000 -> 0 | L40: =+K40-J40 -> -8228 | O40: =+N40-M40 -> 0 | P40: =SUM(G40,J40,M40) -> 17714 | Q40: =SUM(H40,K40,N40) -> 12512 | R40: =+Q40-P40 -> -5202 | S40: =+IFERROR(HLOOKUP($A$1,[15]손익!$G$5:$AB$252,62,),) -> 0 | T40: =+IFERROR(VLOOKUP($F40,'[17]부산크라샤(손익)'!$L$16:$R$29,3,),)/1000 -> 0 | U40: =+T40-S40 -> 0 | V40: =+IFERROR(HLOOKUP($A$1,[15]손익!$G$5:$AB$252,71,),) -> 0 | W40: =+IFERROR(VLOOKUP($F40,'[17]부산크라샤(손익)'!$L$16:$R$29,4,),)/1000 -> 0 | X40: =+W40-V40 -> 0 | Y40: =SUM(S40,V40) -> 0 | Z40: =SUM(T40,W40) -> 0 | AA40: =+Z40-Y40 -> 0 | AB40: =+IFERROR(HLOOKUP($A$1,[16]이송계획!$G$70:$W$100,21,),)+IFERROR(HLOOKUP($A$1,[16]이송계획!$G$70:$W$100,28,),) -> 0 | AE40: =+P40+Y40+AB40 -> 17714 | AF40: =+Q40+Z40+AC40 -> 12512 | AG40: =+AF40-AE40 -> -5202
F41: 계 | G41: =SUM(G35:G40) -> 241006 | H41: =SUM(H35:H40) -> 229496 | I41: =+H41-G41 -> -11510 | J41: =SUM(J35:J40) -> 37292.769 | K41: =SUM(K35:K40) -> 1296 | L41: =+K41-J41 -> -35996.769 | O41: =+N41-M41 -> 0 | P41: =SUM(G41,J41,M41) -> 278298.77 | Q41: =SUM(H41,K41,N41) -> 230792 | R41: =+Q41-P41 -> -47506.769 | S41: =SUM(S35:S40) -> 170248.95 | T41: =SUM(T35:T40) -> 177002 | U41: =+T41-S41 -> 6753.0544 | V41: =SUM(V35:V40) -> 220892.59 | W41: =SUM(W35:W40) -> 229745 | X41: =+W41-V41 -> 8852.415 | Y41: =SUM(S41,V41) -> 391141.53 | Z41: =SUM(T41,W41) -> 406747 | AA41: =+Z41-Y41 -> 15605.469 | AB41: =SUM(AB35:AB40) -> 512513.75 | AC41: =SUM(AC35:AC40) -> 341504 | AE41: =+P41+Y41+AB41 -> 1181954.1 | AF41: =+Q41+Z41+AC41 -> 979043 | AG41: =+AF41-AE41 -> -202911.05
G42: =+G41=G13 -> TRUE | H42: =+H41=H13 -> TRUE | J42: =+J41=J13 -> TRUE | K42: =+K41=K13 -> TRUE | P42: =+P41=P13 -> TRUE | Q42: =+Q41=Q13 -> TRUE | S42: =+S41=S13 -> TRUE | T42: =+T41=T13 -> TRUE | V42: =+V41=V13 -> TRUE | W42: =+W41=W13 -> TRUE | Y42: =+Y41=Y13 -> TRUE | Z42: =+Z41=Z13 -> TRUE | AB42: =+AB41=AB13 -> TRUE | AC42: =+AC41=AC13 -> TRUE | AE42: =+AE41=AE13 -> TRUE | AF42: =+AF41=AF13 -> TRUE

Sheet 골재사업소(누계)
A1: 6월
D4: □ 2024년 골재사업소 손익(2024-06누계) | P4: =+'골재사업소(당월)'!P12+'[4]골재사업소(누계)'!P12 -> 124973.3 | Q4: =+'골재사업소(당월)'!Q12+'[4]골재사업소(누계)'!Q12 -> 151232 | S4: =+'골재사업소(당월)'!S12+'[4]골재사업소(누계)'!S12 -> 97301.003 | T4: =+'골재사업소(당월)'!T12+'[4]골재사업소(누계)'!T12 -> 103414 | V4: =+'골재사업소(당월)'!V12+'[4]골재사업소(누계)'!V12 -> 147085.22 | W4: =+'골재사업소(당월)'!W12+'[4]골재사업소(누계)'!W12 -> 110965 | Y4: =+'골재사업소(당월)'!Y12+'[4]골재사업소(누계)'!Y12 -> 244386.22 | Z4: =+'골재사업소(당월)'!Z12+'[4]골재사업소(누계)'!Z12 -> 214379 | AB4: =+'골재사업소(당월)'!AB12+'[4]골재사업소(누계)'!AB12 -> 130312.45 | AC4: =+'골재사업소(당월)'!AC12+'[4]골재사업소(누계)'!AC12 -> 131088 | AE4: =+'골재사업소(당월)'!AE12+'[4]골재사업소(누계)'!AE12 -> 499671.97 | AF4: =+'골재사업소(당월)'!AF12+'[4]골재사업소(누계)'!AF12 -> 496699
AG5: [단위 : ㎥, 천원]
D6: 계획 | E6: 구분 | G6: 서부산 쇄석 | J6: 서부산 쇄사 | M6: 혼합석(25mm) | P6: 서부산 소계 | S6: 부산크라샤 쇄석 | V6: 부산크라샤 쇄사 | Y6: 부산크라샤 소계 | AB6: 부산 모래 | AE6: 골재사업소 계
G7: 계획 | H7: 실적 | I7: 차이 | J7: 계획 | K7: 실적 | L7: 차이 | M7: 계획 | N7: 실적 | O7: 차이 | P7: 계획 | Q7: 실적 | R7: 차이 | S7: 계획 | T7: 실적 | U7: 차이 | V7: 계획 | W7: 실적 | X7: 차이 | Y7: 계획 | Z7: 실적 | AA7: 차이 | AB7: 계획 | AC7: 실적 | AD7: 차이 | AE7: 계획 | AF7: 실적 | AG7: 차이
E8: 판매량 | F8: 자가이송 | G8: =+'골재사업소(당월)'!G8+'[4]골재사업소(누계)'!G8 -> 54256.2 | H8: =+'골재사업소(당월)'!H8+'[4]골재사업소(누계)'!H8 -> 85616 | I8: =H8-G8 -> 31359.8 | J8: =+'골재사업소(당월)'!J8+'[4]골재사업소(누계)'!J8 -> 6117.1027 | K8: =+'골재사업소(당월)'!K8+'[4]골재사업소(누계)'!K8 -> 2064 | L8: =K8-J8 -> -4053.1027 | M8: =+'골재사업소(당월)'!M8+'[4]골재사업소(누계)'!M8 -> 0 | N8: =+'골재사업소(당월)'!N8+'[4]골재사업소(누계)'!N8 -> 0 | O8: =N8-M8 -> 0 | P8: =+G8+J8+M8 -> 60373.303 | Q8: =+H8+K8+N8 -> 87680 | R8: =Q8-P8 -> 27306.697 | S8: =+'골재사업소(당월)'!S8+'[4]골재사업소(누계)'!S8 -> 61301.003 | T8: =+'골재사업소(당월)'!T8+'[4]골재사업소(누계)'!T8 -> 67766 | U8: =T8-S8 -> 6464.9971 | V8: =+'골재사업소(당월)'!V8+'[4]골재사업소(누계)'!V8 -> 56085.22 | W8: =+'골재사업소(당월)'!W8+'[4]골재사업소(누계)'!W8 -> 73733 | X8: =W8-V8 -> 17647.78 | Y8: =+S8+V8 -> 117386.22 | Z8: =+T8+W8 -> 141499 | AA8: =Z8-Y8 -> 24112.777 | AB8: =+'골재사업소(당월)'!AB8+'[4]골재사업소(누계)'!AB8 -> 84312.448 | AC8: =+'골재사업소(당월)'!AC8+'[4]골재사업소(누계)'!AC8 -> 77635 | AD8: =AC8-AB8 -> -6677.4478 | AE8: =+P8+Y8+AB8 -> 262071.97 | AF8: =+Q8+Z8+AC8 -> 306814 | AG8: =AF8-AE8 -> 44742.026
F9: % | G9: =+G8/G$12 -> 0.89154762 | H9: =+H8/H$12 -> 0.62915932 | I9: =+H9-G9 -> -0.2623883 | J9: =+J8/J$12 -> 0.30407474 | K9: =+K8/K$12 -> 0.13621964 | L9: =+K9-J9 -> -0.1678551 | M9: =+M8/M$12 -> 0 | N9: =+N8/N$12 -> #DIV/0! | O9: =+N9-M9 -> #DIV/0! | P9: =+P8/P$12 -> 0.4830896 | Q9: =+Q8/Q$12 -> 0.57977148 | R9: =+Q9-P9 -> 0.096681878 | S9: =+S8/S$12 -> 0.63001409 | T9: =+T8/T$12 -> 0.65528845 | U9: =+T9-S9 -> 0.025274361 | V9: =+V8/V$12 -> 0.38131105 | W9: =+W8/W$12 -> 0.66447078 | X9: =+W9-V9 -> 0.28315973 | Y9: =+Y8/Y$12 -> 0.48033077 | Z9: =+Z8/Z$12 -> 0.66004133 | AA9: =+Z9-Y9 -> 0.17971056 | AB9: =+AB8/AB$12 -> 0.64700226 | AC9: =+AC8/AC$12 -> 0.59223575 | AD9: =+AC9-AB9 -> -0.054766507 | AE9: =+AE8/AE$12 -> 0.52448804 | AF9: =+AF8/AF$12 -> 0.6177061 | AG9: =+AF9-AE9 -> 0.093218056
F10: 외부판매 | G10: =+'골재사업소(당월)'!G10+'[4]골재사업소(누계)'!G10 -> 6600 | H10: =+'골재사업소(당월)'!H10+'[4]골재사업소(누계)'!H10 -> 50464 | I10: =H10-G10 -> 43864 | J10: =+'골재사업소(당월)'!J10+'[4]골재사업소(누계)'!J10 -> 14000 | K10: =+'골재사업소(당월)'!K10+'[4]골재사업소(누계)'!K10 -> 13088 | L10: =K10-J10 -> -912 | M10: =+'골재사업소(당월)'!M10+'[4]골재사업소(누계)'!M10 -> 44000 | N10: =+'골재사업소(당월)'!N10+'[4]골재사업소(누계)'!N10 -> 0 | O10: =N10-M10 -> -44000 | P10: =+G10+J10+M10 -> 64600 | Q10: =+H10+K10+N10 -> 63552 | R10: =Q10-P10 -> -1048 | S10: =+'골재사업소(당월)'!S10+'[4]골재사업소(누계)'!S10 -> 36000 | T10: =+'골재사업소(당월)'!T10+'[4]골재사업소(누계)'!T10 -> 35648 | U10: =T10-S10 -> -352 | V10: =+'골재사업소(당월)'!V10+'[4]골재사업소(누계)'!V10 -> 91000 | W10: =+'골재사업소(당월)'!W10+'[4]골재사업소(누계)'!W10 -> 37232 | X10: =W10-V10 -> -53768 | Y10: =+S10+V10 -> 127000 | Z10: =+T10+W10 -> 72880 | AA10: =Z10-Y10 -> -54120 | AB10: =+'골재사업소(당월)'!AB10+'[4]골재사업소(누계)'!AB10 -> 46000 | AC10: =+'골재사업소(당월)'!AC10+'[4]골재사업소(누계)'!AC10 -> 53453 | AD10: =AC10-AB10 -> 7453 | AE10: =+P10+Y10+AB10 -> 237600 | AF10: =+Q10+Z10+AC10 -> 189885 | AG10: =AF10-AE10 -> -47715
F11: % | G11: =+G10/G$12 -> 0.10845238 | H11: =+H10/H$12 -> 0.37084068 | I11: =+H11-G11 -> 0.2623883 | J11: =+J10/J$12 -> 0.69592526 | K11: =+K10/K$12 -> 0.86378036 | L11: =+K11-J11 -> 0.1678551 | M11: =+M10/M$12 -> 1 | N11: =+N10/N$12 -> #DIV/0! | O11: =+N11-M11 -> #DIV/0! | P11: =+P10/P$12 -> 0.5169104 | Q11: =+Q10/Q$12 -> 0.42022852 | R11: =+Q11-P11 -> -0.096681878 | S11: =+S10/S$12 -> 0.36998591 | T11: =+T10/T$12 -> 0.34471155 | U11: =+T11-S11 -> -0.025274361 | V11: =+V10/V$12 -> 0.61868895 | W11: =+W10/W$12 -> 0.33552922 | X11: =+W11-V11 -> -0.28315973 | Y11: =+Y10/Y$12 -> 0.51966923 | Z11: =+Z10/Z$12 -> 0.33995867 | AA11: =+Z11-Y11 -> -0.17971056 | AB11: =+AB10/AB$12 -> 0.35299774 | AC11: =+AC10/AC$12 -> 0.40776425 | AD11: =+AC11-AB11 -> 0.054766507 | AE11: =+AE10/AE$12 -> 0.47551196 | AF11: =+AF10/AF$12 -> 0.3822939 | AG11: =+AF11-AE11 -> -0.093218056
F12: (소계) | G12: =G8+G10 -> 60856.2 | H12: =H8+H10 -> 136080 | I12: =H12-G12 -> 75223.8 | J12: =J8+J10 -> 20117.103 | K12: =K8+K10 -> 15152 | L12: =K12-J12 -> -4965.1027 | M12: =M8+M10 -> 44000 | N12: =N8+N10 -> 0 | O12: =N12-M12 -> -44000 | P12: =P8+P10 -> 124973.3 | Q12: =Q8+Q10 -> 151232 | R12: =Q12-P12 -> 26258.697 | S12: =S8+S10 -> 97301.003 | T12: =T8+T10 -> 103414 | U12: =T12-S12 -> 6112.9971 | V12: =V8+V10 -> 147085.22 | W12: =W8+W10 -> 110965 | X12: =W12-V12 -> -36120.22 | Y12: =Y8+Y10 -> 244386.22 | Z12: =Z8+Z10 -> 214379 | AA12: =Z12-Y12 -> -30007.223 | AB12: =AB8+AB10 -> 130312.45 | AC12: =AC8+AC10 -> 131088 | AD12: =AC12-AB12 -> 775.55218 | AE12: =AE8+AE10 -> 499671.97 | AF12: =AF8+AF10 -> 496699 | AG12: =AF12-AE12 -> -2972.9739 | AI12: =+'골재사업소(당월)'!AI12+'[4]골재사업소(누계)'!AI12 -> 499671.97 | AJ12: =+'골재사업소(당월)'!AJ12+'[4]골재사업소(누계)'!AJ12 -> 496699
E13: 매출액 | F13: 자가이송 | G13: =+'골재사업소(당월)'!G13+'[4]골재사업소(누계)'!G13 -> 840438 | H13: =+'골재사업소(당월)'!H13+'[4]골재사업소(누계)'!H13 -> 1380392 | I13: =H13-G13 -> 539954 | J13: =+'골재사업소(당월)'!J13+'[4]골재사업소(누계)'!J13 -> 99356.474 | K13: =+'골재사업소(당월)'!K13+'[4]골재사업소(누계)'!K13 -> 19536 | L13: =K13-J13 -> -79820.474 | M13: =+'골재사업소(당월)'!M13+'[4]골재사업소(누계)'!M13 -> 0 | N13: =+'골재사업소(당월)'!N13+'[4]골재사업소(누계)'!N13 -> 0 | O13: =N13-M13 -> 0 | P13: =+G13+J13+M13 -> 939794.47 | Q13: =+H13+K13+N13 -> 1399928 | R13: =Q13-P13 -> 460133.53 | S13: =+'골재사업소(당월)'!S13+'[4]골재사업소(누계)'!S13 -> 980816.05 | T13: =+'골재사업소(당월)'!T13+'[4]골재사업소(누계)'!T13 -> 1180009 | U13: =T13-S13 -> 199192.95 | V13: =+'골재사업소(당월)'!V13+'[4]골재사업소(누계)'!V13 -> 1237780.2 | W13: =+'골재사업소(당월)'!W13+'[4]골재사업소(누계)'!W13 -> 1636341.5 | X13: =W13-V13 -> 398561.31 | Y13: =+S13+V13 -> 2218596.2 | Z13: =+T13+W13 -> 2816350.5 | AA13: =Z13-Y13 -> 597754.27 | AB13: =+'골재사업소(당월)'!AB13+'[4]골재사업소(누계)'!AB13 -> 2506672.5 | AC13: =+'골재사업소(당월)'!AC13+'[4]골재사업소(누계)'!AC13 -> 2315114.1 | AD13: =AC13-AB13 -> -191558.37 | AE13: =+P13+Y13+AB13 -> 5665063.2 | AF13: =+Q13+Z13+AC13 -> 6531392.6 | AG13: =AF13-AE13 -> 866329.42 | AI13: =+AI12=AE12 -> TRUE | AJ13: =+AJ12=AF12 -> TRUE
F14: 단가 | G14: =+G13/G8*1000 -> 15490.174 | H14: =+H13/H8*1000 -> 16123.061 | I14: =H14-G14 -> 632.88672 | J14: =+J13/J8*1000 -> 16242.407 | K14: =+K13/K8*1000 -> 9465.1163 | L14: =K14-J14 -> -6777.2911 | M14: =+M13/M8*1000 -> #DIV/0! | N14: =+N13/N8*1000 -> #DIV/0! | O14: =N14-M14 -> #DIV/0! | P14: =+P13/P8*1000 -> 15566.392 | Q14: =+Q13/Q8*1000 -> 15966.332 | R14: =Q14-P14 -> 399.94049 | S14: =+S13/S8*1000 -> 16000 | T14: =+T13/T8*1000 -> 17412.995 | U14: =T14-S14 -> 1412.9947 | V14: =+V13/V8*1000 -> 22069.632 | W14: =+W13/W8*1000 -> 22192.797 | X14: =W14-V14 -> 123.1648 | Y14: =+Y13/Y8*1000 -> 18899.971 | Z14: =+Z13/Z8*1000 -> 19903.678 | AA14: =Z14-Y14 -> 1003.7066 | AB14: =+AB13/AB8*1000 -> 29730.752 | AC14: =+AC13/AC8*1000 -> 29820.494 | AD14: =AC14-AB14 -> 89.742672 | AE14: =+AE13/AE8*1000 -> 21616.44 | AF14: =+AF13/AF8*1000 -> 21287.792 | AG14: =AF14-AE14 -> -328.64833
F15: 외부판매 | G15: =+'골재사업소(당월)'!G15+'[4]골재사업소(누계)'!G15 -> 75900 | H15: =+'골재사업소(당월)'!H15+'[4]골재사업소(누계)'!H15 -> 588192 | I15: =H15-G15 -> 512292 | J15: =+'골재사업소(당월)'!J15+'[4]골재사업소(누계)'!J15 -> 210000 | K15: =+'골재사업소(당월)'!K15+'[4]골재사업소(누계)'!K15 -> 110624 | L15: =K15-J15 -> -99376 | M15: =+'골재사업소(당월)'!M15+'[4]골재사업소(누계)'!M15 -> 396000 | N15: =+'골재사업소(당월)'!N15+'[4]골재사업소(누계)'!N15 -> 0 | O15: =N15-M15 -> -396000 | P15: =+G15+J15+M15 -> 681900 | Q15: =+H15+K15+N15 -> 698816 | R15: =Q15-P15 -> 16916 | S15: =+'골재사업소(당월)'!S15+'[4]골재사업소(누계)'!S15 -> 432000 | T15: =+'골재사업소(당월)'!T15+'[4]골재사업소(누계)'!T15 -> 463424 | U15: =T15-S15 -> 31424 | V15: =+'골재사업소(당월)'!V15+'[4]골재사업소(누계)'!V15 -> 1729000 | W15: =+'골재사업소(당월)'!W15+'[4]골재사업소(누계)'!W15 -> 681408 | X15: =W15-V15 -> -1047592 | Y15: =+S15+V15 -> 2161000 | Z15: =+T15+W15 -> 1144832 | AA15: =Z15-Y15 -> -1016168 | AB15: =+'골재사업소(당월)'!AB15+'[4]골재사업소(누계)'!AB15 -> 1389000 | AC15: =+'골재사업소(당월)'!AC15+'[4]골재사업소(누계)'!AC15 -> 1606166 | AD15: =AC15-AB15 -> 217166 | AE15: =+P15+Y15+AB15 -> 4231900 | AF15: =+Q15+Z15+AC15 -> 3449814 | AG15: =AF15-AE15 -> -782086
F16: 단가 | G16: =IFERROR(G15/G10,)*1000 -> 11500 | H16: =IFERROR(H15/H10,)*1000 -> 11655.675 | I16: =H16-G16 -> 155.67533 | J16: =IFERROR(J15/J10,)*1000 -> 15000 | K16: =IFERROR(K15/K10,)*1000 -> 8452.3227 | L16: =K16-J16 -> -6547.6773 | M16: =IFERROR(M15/M10,)*1000 -> 9000 | N16: =IFERROR(N15/N10,)*1000 -> 0 | O16: =N16-M16 -> -9000 | P16: =IFERROR(P15/P10,)*1000 -> 10555.728 | Q16: =IFERROR(Q15/Q10,)*1000 -> 10995.972 | R16: =Q16-P16 -> 440.24425 | S16: =IFERROR(S15/S10,)*1000 -> 12000 | T16: =IFERROR(T15/T10,)*1000 -> 13000 | U16: =T16-S16 -> 1000 | V16: =IFERROR(V15/V10,)*1000 -> 19000 | W16: =IFERROR(W15/W10,)*1000 -> 18301.676 | X16: =W16-V16 -> -698.32402 | Y16: =IFERROR(Y15/Y10,)*1000 -> 17015.748 | Z16: =IFERROR(Z15/Z10,)*1000 -> 15708.452 | AA16: =Z16-Y16 -> -1307.2958 | AB16: =IFERROR(AB15/AB10,)*1000 -> 30195.652 | AC16: =IFERROR(AC15/AC10,)*1000 -> 30048.192 | AD16: =AC16-AB16 -> -147.4603 | AE16: =IFERROR(AE15/AE10,)*1000 -> 17811.027 | AF16: =IFERROR(AF15/AF10,)*1000 -> 18167.912 | AG16: =AF16-AE16 -> 356.88522
F17: (소계) | G17: =G13+G15 -> 916338 | H17: =H13+H15 -> 1968584 | I17: =H17-G17 -> 1052246 | J17: =J13+J15 -> 309356.47 | K17: =K13+K15 -> 130160 | L17: =K17-J17 -> -179196.47 | M17: =M13+M15 -> 396000 | N17: =N13+N15 -> 0 | O17: =N17-M17 -> -396000 | P17: =P13+P15 -> 1621694.5 | Q17: =Q13+Q15 -> 2098744 | R17: =Q17-P17 -> 477049.53 | S17: =S13+S15 -> 1412816 | T17: =T13+T15 -> 1643433 | U17: =T17-S17 -> 230616.95 | V17: =V13+V15 -> 2966780.2 | W17: =W13+W15 -> 2317749.5 | X17: =W17-V17 -> -649030.69 | Y17: =Y13+Y15 -> 4379596.2 | Z17: =Z13+Z15 -> 3961182.5 | AA17: =Z17-Y17 -> -418413.73 | AB17: =AB13+AB15 -> 3895672.5 | AC17: =AC13+AC15 -> 3921280.1 | AD17: =AC17-AB17 -> 25607.629 | AE17: =AE13+AE15 -> 9896963.2 | AF17: =AF13+AF15 -> 9981206.6 | AG17: =AF17-AE17 -> 84243.423 | AI17: =+'골재사업소(당월)'!AI17+'[4]골재사업소(누계)'!AI17 -> 9896963.2 | AJ17: =+'골재사업소(당월)'!AJ17+'[4]골재사업소(누계)'!AJ17 -> 9981206.6
E18: 영업이익 | F18: 자가이송 | G18: =+'골재사업소(당월)'!G18+'[4]골재사업소(누계)'!G18 -> 106245.08 | H18: =+'골재사업소(당월)'!H18+'[4]골재사업소(누계)'!H18 -> 273156.15 | I18: =H18-G18 -> 166911.07 | J18: =+'골재사업소(당월)'!J18+'[4]골재사업소(누계)'!J18 -> 36970.546 | K18: =+'골재사업소(당월)'!K18+'[4]골재사업소(누계)'!K18 -> 9311.3712 | L18: =K18-J18 -> -27659.175 | M18: =+'골재사업소(당월)'!M18+'[4]골재사업소(누계)'!M18 -> 0 | N18: =+'골재사업소(당월)'!N18+'[4]골재사업소(누계)'!N18 -> 0 | O18: =N18-M18 -> 0 | P18: =+G18+J18+M18 -> 143215.63 | Q18: =+H18+K18+N18 -> 282467.52 | R18: =Q18-P18 -> 139251.89 | S18: =+'골재사업소(당월)'!S18+'[4]골재사업소(누계)'!S18 -> -89713.313 | T18: =+'골재사업소(당월)'!T18+'[4]골재사업소(누계)'!T18 -> 9901.0695 | U18: =T18-S18 -> 99614.383 | V18: =+'골재사업소(당월)'!V18+'[4]골재사업소(누계)'!V18 -> 251275.91 | W18: =+'골재사업소(당월)'!W18+'[4]골재사업소(누계)'!W18 -> 362415.32 | X18: =W18-V18 -> 111139.41 | Y18: =+S18+V18 -> 161562.6 | Z18: =+T18+W18 -> 372316.39 | AA18: =Z18-Y18 -> 210753.79 | AB18: =+'골재사업소(당월)'!AB18+'[4]골재사업소(누계)'!AB18 -> 96919.619 | AC18: =+'골재사업소(당월)'!AC18+'[4]골재사업소(누계)'!AC18 -> 175818.97 | AD18: =AC18-AB18 -> 78899.349 | AE18: =+P18+Y18+AB18 -> 401697.85 | AF18: =+Q18+Z18+AC18 -> 830602.88 | AG18: =AF18-AE18 -> 428905.03 | AI18: =+AI17=AE17 -> TRUE | AJ18: =+AJ17=AF17 -> TRUE
