Workbook

Sheet 표지
A6: 2024년 10월 마감 손익
A24: 건재사업본부

Sheet 손익총괄
C3: □ 건재사업본부 손익실적(2024-10) | Z3: □ 건재부문 실적(10월)
X4: [단위 : 천㎥, 톤, 원/㎥, 원/톤, 백만원] | AK4: (단위 : 천㎥, 천톤, 억원)
C5: 구분 | E5: 10월 | J5: 10월 누계 | P5: 10월 주요지표 | Z5: 구분 | AB5: =+E5 -> 10월 | AG5: =+J5 -> 10월 누계
E6: 계획 | F6: 실적 | G6: 계획대비 | H6: 전년 | I6: 전년대비 | J6: 계획 | K6: 실적 | L6: 계획대비 | M6: 전년 | N6: 전년대비 | AB6: =+E6 -> 계획 | AC6: =+F6 -> 실적 | AD6: =+G6 -> 계획대비 | AE6: =+H6 -> 전년 | AF6: =+I6 -> 전년대비 | AG6: =+J6 -> 계획 | AH6: =+K6 -> 실적 | AI6: =+L6 -> 계획대비 | ... AK6: =+N6 -> 전년대비
A7: =+F7/E7 -> 0.92385358 | B7: =+K7/J7 -> 0.98355805 | C7: 물량 | D7: 레미콘 | E7: =+'[1]10월'!$Z$7/1000 -> 321 | F7: =+'[2]10월'!$Z$7/1000 -> 296.557 | G7: =+F7-E7 -> -24.443 | H7: =+'[3]10월'!$Z$7/1000 -> 350.514 | I7: =+F7-H7 -> -53.957 | J7: =+[4]손익총괄!J7+E7 -> 2872.5 | K7: =+[4]손익총괄!K7+F7 -> 2825.2705 | L7: =+K7-J7 -> -47.2295 | M7: =+[4]손익총괄!M7+H7 -> 3200.519 | N7: =+K7-M7 -> -375.2485 | Q7: □ 레미콘 | Z7: 물량 | AA7: =+D7 -> 레미콘 | AB7: =+E7 -> 321 | AC7: =+F7 -> 296.557 | AD7: =+AC7-AB7 -> -24.443 | AE7: =+H7 -> 350.514 | AF7: =+AC7-AE7 -> -53.957 | AG7: =+J7 -> 2872.5 | AH7: =+K7 -> 2825.2705 | AI7: =+AH7-AG7 -> -47.2295 | AJ7: =+M7 -> 3200.519 | AK7: =+AH7-AJ7 -> -375.2485
D8: 철강재 | E8: =+'[1]10월'!$AA$7 -> 8900 | F8: =+'[2]10월'!$AO$7 -> 8972.008 | G8: =+F8-E8 -> 72.008 | H8: =+'[3]10월'!$AO$7 -> 9070.045 | I8: =+F8-H8 -> -98.037 | J8: =+[4]손익총괄!J8+E8 -> 72200 | K8: =+[4]손익총괄!K8+F8 -> 86939.352 | L8: =+K8-J8 -> 14739.352 | M8: =+[4]손익총괄!M8+H8 -> 78625.764 | N8: =+K8-M8 -> 8313.588 | Q8: 구분 | S8: 계획 | T8: 실적 | U8: 계획대비 | V8: 전년 | W8: 전년대비 | AA8: =+D8 -> 철강재 | AB8: =+E8/1000 -> 8.9 | AC8: =+F8/1000 -> 8.972008 | AD8: =+AC8-AB8 -> 0.072008 | AE8: =+H8/1000 -> 9.070045 | AF8: =+AC8-AE8 -> -0.098037 | AG8: =+J8/1000 -> 72.2 | AH8: =+K8/1000 -> 86.939352 | AI8: =+AH8-AG8 -> 14.739352 | AJ8: =+M8/1000 -> 78.625764 | AK8: =+AH8-AJ8 -> 8.313588
D9: 골재 | E9: =+'[1]10월'!$AE$7/1000 -> 124.17291 | F9: =+'[2]10월'!$AN$7/1000 -> 60.09 | G9: =+F9-E9 -> -64.082914 | H9: =+'[3]10월'!$AN$7/1000 -> 98.511 | I9: =+F9-H9 -> -38.421 | J9: =+[4]손익총괄!J9+E9 -> 980.45966 | K9: =+[4]손익총괄!K9+F9 -> 714.305 | L9: =+K9-J9 -> -266.15466 | M9: =+[4]손익총괄!M9+H9 -> 672.393 | N9: =+K9-M9 -> 41.912 | Q9: 물량 | R9: 수도권 | S9: =+[5]수도권!$T$5/1000 -> 121.5 | T9: =+[5]수도권!$U$5/1000 -> 103.91 | U9: =+T9-S9 -> -17.59 | V9: =+[6]수도권!$T$5/1000 -> 136.035 | W9: =+T9-V9 -> -32.125 | AA9: =+D9 -> 골재 | AB9: =+E9 -> 124.17291 | AC9: =+F9 -> 60.09 | AD9: =+AC9-AB9 -> -64.082914 | AE9: =+H9 -> 98.511 | AF9: =+AC9-AE9 -> -38.421 | AG9: =+J9 -> 980.45966 | AH9: =+K9 -> 714.305 | AI9: =+AH9-AG9 -> -266.15466 | AJ9: =+M9 -> 672.393 | AK9: =+AH9-AJ9 -> 41.912
C10: 매출 | D10: 레미콘 | E10: =+'[1]10월'!$Z$8/1000 -> 33004.954 | F10: =+'[2]10월'!$Z$8/1000 -> 28528.552 | G10: =+F10-E10 -> -4476.4023 | H10: =+'[3]10월'!$Z$8/1000 -> 34276.781 | I10: =+F10-H10 -> -5748.229 | J10: =+[4]손익총괄!J10+E10 -> 292780.25 | K10: =+[4]손익총괄!K10+F10 -> 284322.86 | L10: =+K10-J10 -> -8457.3869 | M10: =+[4]손익총괄!M10+H10 -> 309316.19 | N10: =+K10-M10 -> -24993.334 | R10: 영남권 | S10: =+[5]영남권!$T$5/1000 -> 138.5 | T10: =+[5]영남권!$U$5/1000 -> 130.221 | U10: =+T10-S10 -> -8.279 | V10: =+[6]영남권!$T$5/1000 -> 149.6455 | W10: =+T10-V10 -> -19.4245 | Z10: 매출액 | AA10: =+D10 -> 레미콘 | AB10: =+E10/100 -> 330.04954 | AC10: =+F10/100 -> 285.28552 | AD10: =+AC10-AB10 -> -44.764023 | AE10: =+H10/100 -> 342.76781 | AF10: =+AC10-AE10 -> -57.48229 | AG10: =+J10/100 -> 2927.8025 | AH10: =+K10/100 -> 2843.2286 | AI10: =+AH10-AG10 -> -84.573869 | AJ10: =+M10/100 -> 3093.1619 | AK10: =+AH10-AJ10 -> -249.93334
D11: 건자재 | E11: =+'[1]10월'!$AA$8/1000 -> 10873.417 | F11: =+'[2]10월'!$AO$8/1000 -> 8678.6853 | G11: =+F11-E11 -> -2194.7316 | H11: =+'[3]10월'!$AO$8/1000 -> 11314.06 | I11: =+F11-H11 -> -2635.3749 | J11: =+[4]손익총괄!J11+E11 -> 88286.96 | K11: =+[4]손익총괄!K11+F11 -> 86611.076 | L11: =+K11-J11 -> -1675.8837 | M11: =+[4]손익총괄!M11+H11 -> 96340.744 | N11: =+K11-M11 -> -9729.6676 | R11: 중부권 | S11: =+[5]중부권!$T$5/1000 -> 61 | T11: =+[5]중부권!$U$5/1000 -> 62.426 | U11: =+T11-S11 -> 1.426 | V11: =+[6]중부권!$T$5/1000 -> 64.8335 | W11: =+T11-V11 -> -2.4075 | AA11: =+D11 -> 건자재 | AB11: =+E11/100 -> 108.73417 | AC11: =+F11/100 -> 86.786853 | AD11: =+AC11-AB11 -> -21.947316 | AE11: =+H11/100 -> 113.1406 | AF11: =+AC11-AE11 -> -26.353749 | AG11: =+J11/100 -> 882.8696 | AH11: =+K11/100 -> 866.11076 | AI11: =+AH11-AG11 -> -16.758837 | AJ11: =+M11/100 -> 963.40744 | AK11: =+AH11-AJ11 -> -97.296676
D12: 골재 | E12: =+'[1]10월'!$AE$8/1000 -> 2259.7288 | F12: =+'[2]10월'!$AN$8/1000 -> 1245.8185 | G12: =+F12-E12 -> -1013.9103 | H12: =+'[3]10월'!$AN$8/1000 -> 1852.293 | I12: =+F12-H12 -> -606.4745 | J12: =+[4]손익총괄!J12+E12 -> 18602.495 | K12: =+[4]손익총괄!K12+F12 -> 14375.604 | L12: =+K12-J12 -> -4226.8908 | M12: =+[4]손익총괄!M12+H12 -> 12858.223 | N12: =+K12-M12 -> 1517.3812 | Q12: 계 | S12: =SUM(S9:S11) -> 321 | T12: =SUM(T9:T11) -> 296.557 | U12: =+T12-S12 -> -24.443 | V12: =SUM(V9:V11) -> 350.514 | W12: =+T12-V12 -> -53.957 | AA12: =+D12 -> 골재 | AB12: =+E12/100 -> 22.597288 | AC12: =+F12/100 -> 12.458185 | AD12: =+AC12-AB12 -> -10.139103 | AE12: =+H12/100 -> 18.52293 | AF12: =+AC12-AE12 -> -6.064745 | AG12: =+J12/100 -> 186.02495 | AH12: =+K12/100 -> 143.75604 | AI12: =+AH12-AG12 -> -42.268908 | AJ12: =+M12/100 -> 128.58223 | AK12: =+AH12-AJ12 -> 15.173812
D13: 기타 | E13: =+'[1]10월'!$E$8/1000-E10-E11-E12 -> 164.9075 | F13: =+'[2]10월'!$F$8/1000-F10-F11-F12 -> 166.49562 | G13: =+F13-E13 -> 1.5881207 | H13: =+'[3]10월'!$F$8/1000-H10-H11-H12 -> 185.79062 | I13: =+F13-H13 -> -19.294996 | J13: =+[4]손익총괄!J13+E13 -> 1649.675 | K13: =+[4]손익총괄!K13+F13 -> 1656.371 | L13: =+K13-J13 -> 6.6959587 | M13: =+[4]손익총괄!M13+H13 -> 1955.5002 | N13: =+K13-M13 -> -299.12927 | Q13: 판매단가 | R13: 수도권 | S13: =+[5]수도권!$T$61 -> 101656.47 | T13: =+[5]수도권!$U$61 -> 93480.666 | U13: =+T13-S13 -> -8175.8003 | V13: =+[6]수도권!$Q$85 -> 96457.33 | W13: =+T13-V13 -> -2976.6637 | AA13: =+D13 -> 기타 | AB13: =+E13/100 -> 1.649075 | AC13: =+F13/100 -> 1.6649562 | AD13: =+AC13-AB13 -> 0.015881207 | AE13: =+H13/100 -> 1.8579062 | AF13: =+AC13-AE13 -> -0.19294996 | AG13: =+J13/100 -> 16.49675 | AH13: =+K13/100 -> 16.56371 | AI13: =+AH13-AG13 -> 0.066959587 | AJ13: =+M13/100 -> 19.555002 | AK13: =+AH13-AJ13 -> -2.9912927
A14: =+F14/E14 -> 0.8340614 | B14: =+K14/J14 -> 0.96423431 | C14: 계 | E14: =SUM(E10:E13) -> 46303.007 | F14: =SUM(F10:F13) -> 38619.551 | G14: =+F14-E14 -> -7683.4561 | H14: =SUM(H10:H13) -> 47628.924 | I14: =+F14-H14 -> -9009.3734 | J14: =SUM(J10:J13) -> 401319.38 | K14: =SUM(K10:K13) -> 386965.91 | L14: =+K14-J14 -> -14353.465 | M14: =SUM(M10:M13) -> 420470.66 | N14: =+K14-M14 -> -33504.75 | R14: 영남권 | S14: =+[5]영남권!$T$61 -> 102592.96 | T14: =+[5]영남권!$U$61 -> 96016.649 | U14: =+T14-S14 -> -6576.3128 | V14: =+[6]영남권!$Q$85 -> 97820.439 | W14: =+T14-V14 -> -1803.7903 | AA14: 계 | AB14: =SUM(AB10:AB13) -> 463.03007 | AC14: =SUM(AC10:AC13) -> 386.19551 | AD14: =+AC14-AB14 -> -76.834561 | AE14: =SUM(AE10:AE13) -> 476.28924 | AF14: =+AC14-AE14 -> -90.093734 | AG14: =SUM(AG10:AG13) -> 4013.1938 | AH14: =SUM(AH10:AH13) -> 3869.6591 | AI14: =+AH14-AG14 -> -143.53465 | AJ14: =SUM(AJ10:AJ13) -> 4204.7066 | AK14: =+AH14-AJ14 -> -335.0475
C15: 매출원가 | D15: 레미콘 | E15: =+('[1]10월'!$Z$10+'[1]10월'!$Z$19)/1000 -> 27044.707 | F15: =+('[2]10월'!$Z$10+'[2]10월'!$Z$19)/1000 -> 25663.485 | G15: =+F15-E15 -> -1381.2219 | H15: =+('[3]10월'!$Z$10+'[3]10월'!$Z$19)/1000 -> 27775.362 | I15: =+F15-H15 -> -2111.8766 | J15: =+[4]손익총괄!J15+E15 -> 244089.86 | K15: =+[4]손익총괄!K15+F15 -> 247168.48 | L15: =+K15-J15 -> 3078.6225 | M15: =+[4]손익총괄!M15+H15 -> 254793.37 | N15: =+K15-M15 -> -7624.8876 | R15: 중부권 | S15: =+[5]중부권!$T$61 -> 105648.66 | T15: =+[5]중부권!$U$61 -> 101095.66 | U15: =+T15-S15 -> -4552.9995 | V15: =+[6]중부권!$Q$85 -> 100356.67 | W15: =+T15-V15 -> 738.9865 | Z15: 영업이익 | AA15: =+D30 -> 레미콘 | AB15: =+E30/100 -> 53.114516 | AC15: =+F30/100 -> 21.412714 | AD15: =+AC15-AB15 -> -31.701802 | AE15: =+H30/100 -> 58.413245 | AF15: =+AC15-AE15 -> -37.000531 | AG15: =+J30/100 -> 420.66225 | AH15: =+K30/100 -> 302.73137 | AI15: =+AH15-AG15 -> -117.93088 | AJ15: =+M30/100 -> 478.00389 | AK15: =+AH15-AJ15 -> -175.27252
D16: 건자재 | E16: =+('[1]10월'!$AA$10+'[1]10월'!$AA$19)/1000 -> 10595.362 | F16: =+('[2]10월'!$AO$10+'[2]10월'!$AO$19)/1000 -> 8468.1695 | G16: =+F16-E16 -> -2127.192 | H16: =+('[3]10월'!$AO$10+'[3]10월'!$AO$19)/1000 -> 11109.066 | I16: =+F16-H16 -> -2640.8964 | J16: =+[4]손익총괄!J16+E16 -> 86028.466 | K16: =+[4]손익총괄!K16+F16 -> 84700.154 | L16: =+K16-J16 -> -1328.3121 | M16: =+[4]손익총괄!M16+H16 -> 94369.979 | N16: =+K16-M16 -> -9669.8255 | Q16: 계 | S16: =+[5]합계!$T$61 -> 102819.17 | T16: =+[5]합계!$U$61 -> 96197.561 | U16: =+T16-S16 -> -6621.6093 | V16: =+[6]합계!$Q$85 -> 97761.738 | W16: =+T16-V16 -> -1564.1768 | AA16: =+D31 -> % | AB16: =+E31 -> 0.16092892 | AC16: =+F31 -> 0.075057138 | AD16: =+AC16-AB16 -> -0.085871783 | AE16: =+H31 -> 0.17041637 | AF16: =+AC16-AE16 -> -0.095359232 | AG16: =+J31 -> 0.14367849 | AH16: =+K31 -> 0.10647451 | AI16: =+AH16-AG16 -> -0.037203986 | AJ16: =+M31 -> 0.15453568 | AK16: =+AH16-AJ16 -> -0.048061174
D17: 골재 | E17: =+('[1]10월'!$AE$10+'[1]10월'!$AE$19)/1000 -> 1891.2157 | F17: =+('[2]10월'!$AN$10+'[2]10월'!$AN$19)/1000 -> 1321.95 | G17: =+F17-E17 -> -569.2657 | H17: =+('[3]10월'!$AN$10+'[3]10월'!$AN$19)/1000 -> 1700.4395 | I17: =+F17-H17 -> -378.4895 | J17: =+[4]손익총괄!J17+E17 -> 16508.137 | K17: =+[4]손익총괄!K17+F17 -> 13776.633 | L17: =+K17-J17 -> -2731.504 | M17: =+[4]손익총괄!M17+H17 -> 11802.978 | N17: =+K17-M17 -> 1973.6549 | Q17: 공헌이익 | R17: 수도권 | S17: =+[5]수도권!$Q$90 -> 23514.084 | T17: =+[5]수도권!$R$90 -> 12984.216 | U17: =+T17-S17 -> -10529.867 | V17: =+[6]수도권!$Q$90 -> 20930.542 | W17: =+T17-V17 -> -7946.3255 | AA17: =+D32 -> 건자재 | AB17: =+E32/100 -> 1.5578428 | AC17: =+F32/100 -> 0.44005329 | AD17: =+AC17-AB17 -> -1.1177895 | AE17: =+H32/100 -> 0.85321437 | AF17: =+AC17-AE17 -> -0.41316108 | AG17: =+J32/100 -> 9.956551 | AH17: =+K32/100 -> 4.835037 | AI17: =+AH17-AG17 -> -5.121514 | AJ17: =+M32/100 -> 7.7009028 | AK17: =+AH17-AJ17 -> -2.8658658
D18: 기타 | E18: =+('[1]10월'!$E$10+'[1]10월'!$E$19)/1000-E15-E16-E17 -> 65.348898 | F18: =+('[2]10월'!$F$10+'[2]10월'!$F$19)/1000-F15-F16-F17 -> -220.72587 | G18: =+F18-E18 -> -286.07477 | H18: =+('[3]10월'!$F$10+'[3]10월'!$F$19)/1000-H15-H16-H17 -> 28.523642 | I18: =+F18-H18 -> -249.24951 | J18: =+[4]손익총괄!J18+E18 -> -735.22521 | K18: =+[4]손익총괄!K18+F18 -> -329.81756 | L18: =+K18-J18 -> 405.40766 | M18: =+[4]손익총괄!M18+H18 -> 556.75548 | N18: =+K18-M18 -> -886.57303 | R18: 영남권 | S18: =+[5]영남권!$Q$90 -> 26796.447 | T18: =+[5]영남권!$R$90 -> 17824.891 | U18: =+T18-S18 -> -8971.5561 | V18: =+[6]영남권!$Q$90 -> 27529.225 | W18: =+T18-V18 -> -9704.3347 | AA18: =+D33 -> 골재 | AB18: =+E33/100 -> 3.3315138 | AC18: =+F33/100 -> -1.4995785 | AD18: =+AC18-AB18 -> -4.8310923 | AE18: =+H33/100 -> 1.4179206 | AF18: =+AC18-AE18 -> -2.9174991 | AG18: =+J33/100 -> 15.470668 | AH18: =+K33/100 -> -0.039952527 | AI18: =+AH18-AG18 -> -15.51062 | AJ18: =+M33/100 -> 7.6356614 | AK18: =+AH18-AJ18 -> -7.6756139
C19: 계 | E19: =SUM(E15:E18) -> 39596.633 | F19: =SUM(F15:F18) -> 35232.879 | G19: =+F19-E19 -> -4363.7543 | H19: =SUM(H15:H18) -> 40613.391 | I19: =+F19-H19 -> -5380.5121 | J19: =SUM(J15:J18) -> 345891.24 | K19: =SUM(K15:K18) -> 345315.45 | L19: =+K19-J19 -> -575.786 | M19: =SUM(M15:M18) -> 361523.08 | N19: =+K19-M19 -> -16207.631 | R19: 중부권 | S19: =+[5]중부권!$Q$90 -> 28848.732 | T19: =+[5]중부권!$R$90 -> 25702.179 | U19: =+T19-S19 -> -3146.5529 | V19: =+[6]중부권!$Q$90 -> 28182.868 | W19: =+T19-V19 -> -2480.6891 | AA19: 공통비 | AB19: =+'사업장별(당월)'!T35/100 -> -12.393305 | AC19: =+'사업장별(당월)'!U35/100 -> -11.965785 | AD19: =+AC19-AB19 -> 0.42751972 | AE19: =+'사업장별(당월)'!W35/100 -> -12.145176 | AF19: =+AC19-AE19 -> 0.17939122 | AG19: =+'사업장별(누계)'!T35/100 -> -137.97863 | AH19: =+'사업장별(누계)'!U35/100 -> -140.88417 | AI19: =+AH19-AG19 -> -2.9055428 | AJ19: =+'사업장별(누계)'!W35/100 -> -117.27202 | AK19: =+AH19-AJ19 -> -23.61215
C20: 매출이익 | D20: 레미콘 | E20: =+E10-E15 -> 5960.2468 | F20: =+F10-F15 -> 2865.0663 | G20: =+F20-E20 -> -3095.1804 | H20: =+H10-H15 -> 6501.4187 | I20: =+F20-H20 -> -3636.3524 | J20: =+J10-J15 -> 48690.388 | K20: =+K10-K15 -> 37154.378 | L20: =+K20-J20 -> -11536.009 | M20: =+M10-M15 -> 54522.825 | N20: =+K20-M20 -> -17368.446 | Q20: 계 | S20: =+[5]합계!$Q$90 -> 25944.055 | T20: =+[5]합계!$R$90 -> 17786.111 | U20: =+T20-S20 -> -8157.9443 | V20: =+[6]합계!$Q$90 -> 25091.997 | W20: =+T20-V20 -> -7305.8865 | AA20: =+'사업장별(누계)'!I34 -> 임대 | AB20: =+('사업장별(당월)'!T33+'사업장별(당월)'!T34)/100 -> 1.3419643 | AC20: =+('사업장별(당월)'!U33+'사업장별(당월)'!U34)/100 -> 1.3487362 | AD20: =+AC20-AB20 -> 0.0067719267 | AE20: =+('사업장별(당월)'!W33+'사업장별(당월)'!W34)/100 -> 1.2817785 | AF20: =+AC20-AE20 -> 0.0669578 | AG20: =+('사업장별(누계)'!T33+'사업장별(누계)'!T34)/100 -> 13.287629 | AH20: =+('사업장별(누계)'!U33+'사업장별(누계)'!U34)/100 -> 12.950632 | AI20: =+AH20-AG20 -> -0.33699681 | AJ20: =+('사업장별(누계)'!W33+'사업장별(누계)'!W34)/100 -> 11.906786 | AK20: =+AH20-AJ20 -> 1.0438458
D21: 건자재 | E21: =+E11-E16 -> 278.05534 | F21: =+F11-F16 -> 210.51578 | G21: =+F21-E21 -> -67.539562 | H21: =+H11-H16 -> 204.99426 | I21: =+F21-H21 -> 5.52152 | J21: =+J11-J16 -> 2258.4943 | K21: =+K11-K16 -> 1910.9227 | L21: =+K21-J21 -> -347.57159 | M21: =+M11-M16 -> 1970.7648 | N21: =+K21-M21 -> -59.842141 | Q21: □ 건자재 | AA21: =+'사업장별(누계)'!I37 -> 대손 | AB21: =+'사업장별(당월)'!T37/100 -> 0 | AC21: =+'사업장별(당월)'!U37/100 -> 0 | AD21: =+AC21-AB21 -> 0 | AE21: =+'사업장별(당월)'!W37/100 -> 0.49 | AF21: =+AC21-AE21 -> -0.49 | AG21: =+'사업장별(누계)'!T37/100 -> 0 | AH21: =+'사업장별(누계)'!U37/100 -> -5.7385933 | AI21: =+AH21-AG21 -> -5.7385933 | AJ21: =+'사업장별(누계)'!W37/100 -> -19.74222 | AK21: =+AH21-AJ21 -> 14.003626
D22: 골재 | E22: =+E12-E17 -> 368.51313 | F22: =+F12-F17 -> -76.13149 | G22: =+F22-E22 -> -444.64462 | H22: =+H12-H17 -> 151.85351 | I22: =+F22-H22 -> -227.985 | J22: =+J12-J17 -> 2094.358 | K22: =+K12-K17 -> 598.97119 | L22: =+K22-J22 -> -1495.3868 | M22: =+M12-M17 -> 1055.2449 | N22: =+K22-M22 -> -456.27369 | Q22: 구분 | S22: 계획 | T22: 실적 | U22: 계획대비 | V22: 전년 | W22: 전년대비 | AA22: =+D34 -> 기타 | AB22: =+AB26-AB19-AB20-AB21 -> -1.1504929 | AC22: =+AC26-AC19-AC20-AC21 -> 2.0062159 | AD22: =+AC22-AB22 -> 3.1567089 | AE22: =+AE26-AE19-AE20-AE21 -> -0.25065102 | AF22: =+AC22-AE22 -> 2.2568669 | AG22: =+AG26-AG19-AG20-AG21 -> 3.8964987 | AH22: =+AH26-AH19-AH20-AH21 -> 1.6166891 | AI22: =+AH22-AG22 -> -2.2798096 | AJ22: =+AJ26-AJ19-AJ20-AJ21 -> -3.514039 | AK22: =+AH22-AJ22 -> 5.1307281
D23: 기타 | E23: =+E13-E18 -> 99.558602 | F23: =+F13-F18 -> 387.22149 | G23: =+F23-E23 -> 287.66289 | H23: =+H13-H18 -> 157.26697 | I23: =+F23-H23 -> 229.95452 | J23: =+J13-J18 -> 2384.9002 | K23: =+K13-K18 -> 1986.1885 | L23: =+K23-J23 -> -398.7117 | M23: =+M13-M18 -> 1398.7448 | N23: =+K23-M23 -> 587.44376 | Q23: 철강재 판매단가 | S23: =+'[7]10월'!$F$10 -> 976966.29 | T23: =+'[7]10월'!$G$10 -> 818946.48 | U23: =+T23-S23 -> -158019.81 | V23: =+'[8]10월'!$G$10 -> 964243.14 | W23: =+T23-V23 -> -145296.67 | AA23: 계 | AB23: =SUM(AB15,AB17:AB22) -> 45.802039 | AC23: =SUM(AC15,AC17:AC22) -> 11.742356 | AD23: =+AC23-AB23 -> -34.059683 | AE23: =SUM(AE15,AE17:AE22) -> 50.060331 | AF23: =+AC23-AE23 -> -38.317975 | AG23: =SUM(AG15,AG17:AG22) -> 325.29497 | AH23: =SUM(AH15,AH17:AH22) -> 175.47101 | AI23: =+AH23-AG23 -> -149.82396 | AJ23: =SUM(AJ15,AJ17:AJ22) -> 364.71896 | AK23: =+AH23-AJ23 -> -189.24795
C24: 계 | E24: =SUM(E20:E23) -> 6706.3738 | F24: =SUM(F20:F23) -> 3386.6721 | G24: =+F24-E24 -> -3319.7017 | H24: =SUM(H20:H23) -> 7015.5335 | I24: =+F24-H24 -> -3628.8613 | J24: =SUM(J20:J23) -> 55428.14 | K24: =SUM(K20:K23) -> 41650.461 | L24: =+K24-J24 -> -13777.679 | M24: =SUM(M20:M23) -> 58947.579 | N24: =+K24-M24 -> -17297.119 | Q24: 철강재 마진률 | S24: =+'[7]10월'!$F$15 -> 0.023265095 | T24: =+'[7]10월'!$G$15 -> 0.023542138 | U24: =+T24-S24 -> 0.00027704297 | V24: =+'[8]10월'!$G$15 -> 0.015555832 | W24: =+T24-V24 -> 0.0079863057 | AA24: =+D36 -> % | AB24: =+E36 -> 0.098918067 | AC24: =+F36 -> 0.030405212 | AD24: =+G36 -> -0.068512855 | AE24: =+H36 -> 0.1051049 | AF24: =+I36 -> -0.074699684 | AG24: =+J36 -> 0.081056382 | AH24: =+K36 -> 0.04534534 | ... AK24: =+N36 -> -0.041395304
C25: 판관비 | D25: 레미콘 | E25: =+('[1]10월'!$Z$13+'[1]10월'!$Z$20)/1000 -> 648.79516 | F25: =+('[2]10월'!$Z$13+'[2]10월'!$Z$20)/1000 -> 723.79491 | G25: =+F25-E25 -> 74.999752 | H25: =+('[3]10월'!$Z$13+'[3]10월'!$Z$20)/1000 -> 660.09421 | I25: =+F25-H25 -> 63.7007 | J25: =+[4]손익총괄!J25+E25 -> 6624.1624 | K25: =+[4]손익총괄!K25+F25 -> 6881.2415 | L25: =+K25-J25 -> 257.07911 | M25: =+[4]손익총괄!M25+H25 -> 6722.4356 | N25: =+K25-M25 -> 158.80592 | Q25: □ 골재
D26: 건자재 | E26: =+('[1]10월'!$AA$13+'[1]10월'!$AA$20)/1000 -> 122.27106 | F26: =+('[2]10월'!$AO$13+'[2]10월'!$AO$20)/1000 -> 166.51045 | G26: =+F26-E26 -> 44.239387 | H26: =+('[3]10월'!$AO$13+'[3]10월'!$AO$20)/1000 -> 119.67282 | I26: =+F26-H26 -> 46.837628 | J26: =+[4]손익총괄!J26+E26 -> 1262.8392 | K26: =+[4]손익총괄!K26+F26 -> 1427.419 | L26: =+K26-J26 -> 164.57981 | M26: =+[4]손익총괄!M26+H26 -> 1200.6745 | N26: =+K26-M26 -> 226.74444 | Q26: 구분 | S26: 계획 | T26: 실적 | U26: 계획대비 | V26: 전년 | W26: 전년대비 | AB26: =+'사업장별(당월)'!T41/100 -> -12.201833 | AC26: =+'사업장별(당월)'!U41/100 -> -8.6108329 | AD26: =+AC26-AB26 -> 3.5910005 | AE26: =+'사업장별(당월)'!W41/100 -> -10.624049 | AF26: =+AE26-AD26 -> -14.215049 | AG26: =+'사업장별(누계)'!T41/100 -> -120.7945 | AH26: =+'사업장별(누계)'!U41/100 -> -132.05544 | AJ26: =+'사업장별(누계)'!W41/100 -> -128.62149
D27: 골재 | E27: =+('[1]10월'!$AE$13+'[1]10월'!$AE$20+'[1]10월'!$AE$22)/1000 -> 35.36175 | F27: =+('[2]10월'!$AN$13+'[2]10월'!$AN$20+'[2]10월'!$AN$22)/1000 -> 73.826361 | G27: =+F27-E27 -> 38.464611 | H27: =+('[3]10월'!$AN$13+'[3]10월'!$AN$20+'[3]10월'!$AN$22)/1000 -> 10.061455 | I27: =+F27-H27 -> 63.764906 | J27: =+[4]손익총괄!J27+E27 -> 547.29119 | K27: =+[4]손익총괄!K27+F27 -> 602.96645 | L27: =+K27-J27 -> 55.675261 | M27: =+[4]손익총괄!M27+H27 -> 291.67875 | N27: =+K27-M27 -> 311.2877 | Q27: 판매량 | R27: 자가 | S27: =(+'[9]서부산크라샤(당월)'!$N$66+'[9]부산모래장(당월)'!$Q$48+'[9]부산크라샤(당월)'!$N$66)/1000 -> 63.372914 | T27: =(+'[9]서부산크라샤(당월)'!$O$66+'[9]부산모래장(당월)'!$R$48+'[9]부산크라샤(당월)'!$O$66)/1000 -> 38.555 | U27: =+T27-S27 -> -24.817914 | V27: =('[10]부산골재(당월)'!$R$48+'[10]서부산골재(당월)'!$O$66+'[10]부산크라샤(당월)'!$O$66)/1000 -> 62.023 | W27: =+T27-V27 -> -23.468
D28: 기타 | E28: =+('[1]10월'!$E$13+'[1]10월'!$E$20)/1000-E25-E26-E27+('[1]10월'!$E$22/1000) -> 1319.7419 | F28: =+('[2]10월'!$F$13+'[2]10월'!$F$20)/1000-F25-F26-F27+'[2]10월'!$F$22/1000 -> 1248.3048 | G28: =+F28-E28 -> -71.437163 | H28: =+('[3]10월'!$F$13+'[3]10월'!$F$20)/1000-H25-H26-H27+'[3]10월'!$F$22/1000 -> 1219.6719 | I28: =+F28-H28 -> 28.632918 | J28: =+[4]손익총괄!J28+E28 -> 14464.35 | K28: =+[4]손익총괄!K28+F28 -> 15191.733 | L28: =+K28-J28 -> 727.38255 | M28: =+[4]손익총괄!M28+H28 -> 14260.894 | N28: =+K28-M28 -> 930.83872 | R28: 외판 | S28: =(+'[9]서부산크라샤(당월)'!$N$59+'[9]부산모래장(당월)'!$Q$47+'[9]부산크라샤(당월)'!$N$59)/1000 -> 60.8 | T28: =(+'[9]서부산크라샤(당월)'!$O$59+'[9]부산모래장(당월)'!$R$47+'[9]부산크라샤(당월)'!$O$59)/1000 -> 21.535 | U28: =+T28-S28 -> -39.265 | V28: =+('[10]부산골재(당월)'!$R$47+'[10]서부산골재(당월)'!$O$59+'[10]부산크라샤(당월)'!$O$59)/1000 -> 36.488 | W28: =+T28-V28 -> -14.953
C29: 계 | E29: =SUM(E25:E28) -> 2126.1699 | F29: =SUM(F25:F28) -> 2212.4365 | G29: =+F29-E29 -> 86.266587 | H29: =SUM(H25:H28) -> 2009.5003 | I29: =+F29-H29 -> 202.93615 | J29: =SUM(J25:J28) -> 22898.643 | K29: =SUM(K25:K28) -> 24103.36 | L29: =+K29-J29 -> 1204.7167 | M29: =SUM(M25:M28) -> 22475.683 | N29: =+K29-M29 -> 1627.6768 | Q29: 합 계 | S29: =SUM(S27:S28) -> 124.17291 | T29: =SUM(T27:T28) -> 60.09 | U29: =+T29-S29 -> -64.082914 | V29: =SUM(V27:V28) -> 98.511 | W29: =+T29-V29 -> -38.421
C30: 영업이익 | D30: 레미콘 | E30: =+E20-E25 -> 5311.4516 | F30: =+F20-F25 -> 2141.2714 | G30: =+F30-E30 -> -3170.1802 | H30: =+H20-H25 -> 5841.3245 | I30: =+F30-H30 -> -3700.0531 | J30: =+J20-J25 -> 42066.225 | K30: =+K20-K25 -> 30273.137 | L30: =+K30-J30 -> -11793.088 | M30: =+M20-M25 -> 47800.389 | N30: =+K30-M30 -> -17527.252 | Q30: □ 기타내역(영업이익)
D31: % | E31: =+E30/E10 -> 0.16092892 | F31: =+F30/F10 -> 0.075057138 | G31: =+F31-E31 -> -0.085871783 | H31: =+H30/H10 -> 0.17041637 | I31: =+F31-H31 -> -0.095359232 | J31: =+J30/J10 -> 0.14367849 | K31: =+K30/K10 -> 0.10647451 | L31: =+K31-J31 -> -0.037203986 | M31: =+M30/M10 -> 0.15453568 | N31: =+K31-M31 -> -0.048061174 | Q31: 구분 | S31: 계획 | T31: 실적 | U31: 계획대비 | V31: 전년 | W31: 전년대비
D32: 건자재 | E32: =+E21-E26 -> 155.78428 | F32: =+F21-F26 -> 44.005329 | G32: =+F32-E32 -> -111.77895 | H32: =+H21-H26 -> 85.321437 | I32: =+F32-H32 -> -41.316108 | J32: =+J21-J26 -> 995.6551 | K32: =+K21-K26 -> 483.5037 | L32: =+K32-J32 -> -512.1514 | M32: =+M21-M26 -> 770.09028 | N32: =+K32-M32 -> -286.58658 | Q32: 레미콘임대 | S32: =+'사업장별(당월)'!T33 -> 72.165959 | T32: =+'사업장별(당월)'!U33 -> 71.16796 | U32: =+T32-S32 -> -0.997999 | V32: =+'사업장별(당월)'!W33 -> 71.889904 | W32: =+T32-V32 -> -0.721944
D33: 골재 | E33: =+E22-E27 -> 333.15138 | F33: =+F22-F27 -> -149.95785 | G33: =+F33-E33 -> -483.10923 | H33: =+H22-H27 -> 141.79206 | I33: =+F33-H33 -> -291.74991 | J33: =+J22-J27 -> 1547.0668 | K33: =+K22-K27 -> -3.9952527 | L33: =+K33-J33 -> -1551.062 | M33: =+M22-M27 -> 763.56614 | N33: =+K33-M33 -> -767.56139 | Q33: 임대 | S33: =+'사업장별(당월)'!T34 -> 62.030473 | T33: =+'사업장별(당월)'!U34 -> 63.705665 | U33: =+T33-S33 -> 1.6751917 | V33: =+'사업장별(당월)'!W34 -> 56.287941 | W33: =+T33-V33 -> 7.417724
D34: 기타 | E34: =+E23-E28 -> -1220.1833 | F34: =+F23-F28 -> -861.08329 | G34: =+F34-E34 -> 359.10005 | H34: =+H23-H28 -> -1062.4049 | I34: =+F34-H34 -> 201.3216 | J34: =+J23-J28 -> -12079.45 | K34: =+K23-K28 -> -13205.544 | L34: =+K34-J34 -> -1126.0943 | M34: =+M23-M28 -> -12862.149 | N34: =+K34-M34 -> -343.39495 | Q34: 공통비 | S34: =+'사업장별(당월)'!T35 -> -1239.3305 | T34: =+'사업장별(당월)'!U35 -> -1196.5785 | U34: =+T34-S34 -> 42.751972 | V34: =+'사업장별(당월)'!W35 -> -1214.5176 | W34: =+T34-V34 -> 17.939122
C35: 계 | E35: =SUM(E30,E32:E34) -> 4580.2039 | F35: =SUM(F30,F32:F34) -> 1174.2356 | G35: =+F35-E35 -> -3405.9683 | H35: =SUM(H30,H32:H34) -> 5006.0331 | I35: =+F35-H35 -> -3831.7975 | J35: =SUM(J30,J32:J34) -> 32529.497 | K35: =SUM(K30,K32:K34) -> 17547.101 | L35: =+K35-J35 -> -14982.396 | M35: =SUM(M30,M32:M34) -> 36471.896 | N35: =+K35-M35 -> -18924.795 | Q35: 기타 | S35: =+S36-S32-S33-S34 -> -115.04929 | T35: =+T36-T32-T33-T34 -> 200.62159 | U35: =+T35-S35 -> 315.67089 | V35: =+V36-V32-V33-V34 -> 23.934898 | W35: =+T35-V35 -> 176.68669
D36: % | E36: =+E35/E14 -> 0.098918067 | F36: =+F35/F14 -> 0.030405212 | G36: =+F36-E36 -> -0.068512855 | H36: =+H35/H14 -> 0.1051049 | I36: =+F36-H36 -> -0.074699684 | J36: =+J35/J14 -> 0.081056382 | K36: =+K35/K14 -> 0.04534534 | L36: =+K36-J36 -> -0.035711043 | M36: =+M35/M14 -> 0.086740644 | N36: =+K36-M36 -> -0.041395304 | Q36: 합계 | S36: =+'사업장별(당월)'!T41 -> -1220.1833 | T36: =+'사업장별(당월)'!U41 -> -861.08329 | U36: =+T36-S36 -> 359.10005 | V36: =+'사업장별(당월)'!W41 -> -1062.4049 | W36: =+T36-V36 -> 201.3216
E38: =+'[1]10월'!$E$26/1000 -> 4580.2039 | F38: =+'[2]10월'!$F$26/1000 -> 1174.2356 | H38: =+'[3]10월'!$F$26/1000 -> 5006.0331 | J38: =+[4]손익총괄!J38+E38 -> 32529.497 | K38: =+[4]손익총괄!K38+F38 -> 17547.101 | M38: =+[4]손익총괄!M38+H38 -> 36471.896
E39: =+E35=E38 -> FALSE | F39: =+F35=F38 -> FALSE | H39: =+H35=H38 -> TRUE | J39: =+J35=J38 -> TRUE | K39: =+K35=K38 -> TRUE | M39: =+M35=M38 -> TRUE
E40: =+E35-E38 -> 0 | F40: =+F35-F38 -> -6.5938366e-12 | H40: =+H35-H38 -> 0 | J40: =+J35-J38 -> 0 | K40: =+K35-K38 -> 0 | M40: =+M35-M38 -> 0

Sheet 사업장별(당월)
H3: □ 사업장별 손익실적(2024-10)
AG4: [단위 : 천㎥, 톤, 백만원]
H5: 구분 | J5: 물량 | O5: 매출 | T5: 영업이익(공통비 배부전) | Y5: 판매단가 | AB5: 변동비 | AE5: 공헌이익
J6: 계획 | K6: 실적 | L6: 차이 | M6: 전년 | N6: 차이 | O6: 계획 | P6: 실적 | Q6: 차이 | R6: 전년 | S6: 차이 | T6: 계획 | U6: 실적 | V6: 차이 | W6: 전년 | X6: 차이 | Y6: 계획 | Z6: 실적 | AA6: 전년 | AB6: 계획 | AC6: 실적 | AD6: 전년 | AE6: 계획 | AF6: 실적 | AG6: 전년
B7: 안양 | G7: =+I7 -> 안양 | H7: 레미콘 | I7: 안양 | J7: =+IFERROR(HLOOKUP($B7,'[1]10월'!$D$6:$BN$259,2,),)/1000 -> 43 | K7: =+IFERROR(HLOOKUP($B7,'[2]10월'!$F$6:$CP$99,2,),)/1000 -> 39.055 | L7: =+K7-J7 -> -3.945 | M7: =+IFERROR(HLOOKUP($B7,'[3]10월'!$F$6:$CC$57,2,),)/1000 -> 51.43 | N7: =+K7-M7 -> -12.375 | O7: =+IFERROR(HLOOKUP($B7,'[1]10월'!$D$6:$BN$259,3,),)/1000 -> 4325.9572 | P7: =+IFERROR(HLOOKUP($B7,'[2]10월'!$F$6:$CP$99,3,),)/1000 -> 3682.4273 | Q7: =+P7-O7 -> -643.52989 | R7: =+IFERROR(HLOOKUP($B7,'[3]10월'!$F$6:$CC$57,3,),)/1000 -> 4899.0204 | S7: =+P7-R7 -> -1216.5931 | T7: =+IFERROR(HLOOKUP($B7,'[1]10월'!$D$6:$BN$259,16,),)/1000 -> 642.15369 | U7: =+IFERROR(HLOOKUP($B7,'[2]10월'!$F$6:$CP$99,16,),)/1000 -> 151.42127 | V7: =+U7-T7 -> -490.73241 | W7: =+IFERROR(HLOOKUP($B7,'[3]10월'!$F$6:$CC$57,16,),)/1000 -> 878.60642 | X7: =+U7-W7 -> -727.18514 | Y7: =+[5]안양!$Q$85 -> 100603.66 | Z7: =+[5]안양!$R$85 -> 94288.243 | AA7: =+[6]안양!$Q$85 -> 95250.157 | AB7: =+[5]안양!$Q$89 -> 78584.856 | AC7: =+[5]안양!$R$89 -> 82720.758 | AD7: =+[6]안양!$Q$89 -> 72593.908 | AE7: =+Y7-AB7 -> 22018.799 | AF7: =+Z7-AC7 -> 11567.484 | AG7: =+AA7-AD7 -> 22656.249
B8: 인천 | G8: =+I8 -> 인천 | H8: 직영 | I8: 인천 | J8: =+IFERROR(HLOOKUP($B8,'[1]10월'!$D$6:$BN$259,2,),)/1000 -> 35 | K8: =+IFERROR(HLOOKUP($B8,'[2]10월'!$F$6:$CP$99,2,),)/1000 -> 26.461 | L8: =+K8-J8 -> -8.539 | M8: =+IFERROR(HLOOKUP($B8,'[3]10월'!$F$6:$CC$57,2,),)/1000 -> 36.932 | N8: =+K8-M8 -> -10.471 | O8: =+IFERROR(HLOOKUP($B8,'[1]10월'!$D$6:$BN$259,3,),)/1000 -> 3730.1457 | P8: =+IFERROR(HLOOKUP($B8,'[2]10월'!$F$6:$CP$99,3,),)/1000 -> 2558.6091 | Q8: =+P8-O8 -> -1171.5366 | R8: =+IFERROR(HLOOKUP($B8,'[3]10월'!$F$6:$CC$57,3,),)/1000 -> 3681.7834 | S8: =+P8-R8 -> -1123.1743 | T8: =+IFERROR(HLOOKUP($B8,'[1]10월'!$D$6:$BN$259,16,),)/1000 -> 599.24958 | U8: =+IFERROR(HLOOKUP($B8,'[2]10월'!$F$6:$CP$99,16,),)/1000 -> 63.89366 | V8: =+U8-T8 -> -535.35592 | W8: =+IFERROR(HLOOKUP($B8,'[3]10월'!$F$6:$CC$57,16,),)/1000 -> 548.9803 | X8: =+U8-W8 -> -485.08664 | Y8: =+[5]인천!$Q$85 -> 106575.59 | Z8: =+[5]인천!$R$85 -> 96693.589 | AA8: =+[6]인천!$Q$85 -> 99633.28 | AB8: =+[5]인천!$Q$89 -> 81397.734 | AC8: =+[5]인천!$R$89 -> 82558.135 | AD8: =+[6]인천!$Q$89 -> 76946.229 | AE8: =+Y8-AB8 -> 25177.858 | AF8: =+Z8-AC8 -> 14135.455 | AG8: =+AA8-AD8 -> 22687.051
B9: 파주 | G9: =+I9 -> 파주 | I9: 파주 | J9: =+IFERROR(HLOOKUP($B9,'[1]10월'!$D$6:$BN$259,2,),)/1000 -> 24 | K9: =+IFERROR(HLOOKUP($B9,'[2]10월'!$F$6:$CP$99,2,),)/1000 -> 26.27 | L9: =+K9-J9 -> 2.27 | M9: =+IFERROR(HLOOKUP($B9,'[3]10월'!$F$6:$CC$57,2,),)/1000 -> 29.047 | N9: =+K9-M9 -> -2.777 | O9: =+IFERROR(HLOOKUP($B9,'[1]10월'!$D$6:$BN$259,3,),)/1000 -> 2408.3832 | P9: =+IFERROR(HLOOKUP($B9,'[2]10월'!$F$6:$CP$99,3,),)/1000 -> 2323.423 | Q9: =+P9-O9 -> -84.960194 | R9: =+IFERROR(HLOOKUP($B9,'[3]10월'!$F$6:$CC$57,3,),)/1000 -> 2795.7611 | S9: =+P9-R9 -> -472.33808 | T9: =+IFERROR(HLOOKUP($B9,'[1]10월'!$D$6:$BN$259,16,),)/1000 -> 344.80583 | U9: =+IFERROR(HLOOKUP($B9,'[2]10월'!$F$6:$CP$99,16,),)/1000 -> 73.448678 | V9: =+U9-T9 -> -271.35715 | W9: =+IFERROR(HLOOKUP($B9,'[3]10월'!$F$6:$CC$57,16,),)/1000 -> 210.81257 | X9: =+U9-W9 -> -137.36389 | Y9: =+[5]파주!$Q$85 -> 100349.3 | Z9: =+[5]파주!$R$85 -> 88417.962 | AA9: =+[6]파주!$Q$85 -> 96050.413 | AB9: =+[5]파주!$Q$89 -> 76932.186 | AC9: =+[5]파주!$R$89 -> 77319.908 | AD9: =+[6]파주!$Q$89 -> 81480.789 | AE9: =+Y9-AB9 -> 23417.115 | AF9: =+Z9-AC9 -> 11098.054 | AG9: =+AA9-AD9 -> 14569.624
B10: 김포 | G10: =+I10 -> 김포 | I10: 김포 | J10: =+IFERROR(HLOOKUP($B10,'[1]10월'!$D$6:$BN$259,2,),)/1000 -> 19.5 | K10: =+IFERROR(HLOOKUP($B10,'[2]10월'!$F$6:$CP$99,2,),)/1000 -> 12.124 | L10: =+K10-J10 -> -7.376 | M10: =+IFERROR(HLOOKUP($B10,'[3]10월'!$F$6:$CC$57,2,),)/1000 -> 18.626 | N10: =+K10-M10 -> -6.502 | O10: =+IFERROR(HLOOKUP($B10,'[1]10월'!$D$6:$BN$259,3,),)/1000 -> 1886.7745 | P10: =+IFERROR(HLOOKUP($B10,'[2]10월'!$F$6:$CP$99,3,),)/1000 -> 1149.0606 | Q10: =+P10-O10 -> -737.7139 | R10: =+IFERROR(HLOOKUP($B10,'[3]10월'!$F$6:$CC$57,3,),)/1000 -> 1753.7472 | S10: =+P10-R10 -> -604.68659 | T10: =+IFERROR(HLOOKUP($B10,'[1]10월'!$D$6:$BN$259,16,),)/1000 -> 304.33331 | U10: =+IFERROR(HLOOKUP($B10,'[2]10월'!$F$6:$CP$99,16,),)/1000 -> 74.662069 | V10: =+U10-T10 -> -229.67124 | W10: =+IFERROR(HLOOKUP($B10,'[3]10월'!$F$6:$CC$57,16,),)/1000 -> 258.73897 | X10: =+U10-W10 -> -184.0769 | Y10: =+[5]김포!$Q$85 -> 96757.667 | Z10: =+[5]김포!$R$85 -> 94775.701 | AA10: =+[6]김포!$Q$85 -> 94155.868 | AB10: =+[5]김포!$Q$89 -> 72813.205 | AC10: =+[5]김포!$R$89 -> 75594.089 | AD10: =+[6]김포!$Q$89 -> 71718.789 | AE10: =+Y10-AB10 -> 23944.461 | AF10: =+Z10-AC10 -> 19181.613 | AG10: =+AA10-AD10 -> 22437.079
B11: 부산 | G11: =+I11 -> 부산 | I11: 부산 | J11: =+IFERROR(HLOOKUP($B11,'[1]10월'!$D$6:$BN$259,2,),)/1000 -> 24 | K11: =+IFERROR(HLOOKUP($B11,'[2]10월'!$F$6:$CP$99,2,),)/1000 -> 16.752 | L11: =+K11-J11 -> -7.248 | M11: =+IFERROR(HLOOKUP($B11,'[3]10월'!$F$6:$CC$57,2,),)/1000 -> 22.457 | N11: =+K11-M11 -> -5.705 | O11: =+IFERROR(HLOOKUP($B11,'[1]10월'!$D$6:$BN$259,3,),)/1000 -> 2582.4034 | P11: =+IFERROR(HLOOKUP($B11,'[2]10월'!$F$6:$CP$99,3,),)/1000 -> 1728.9812 | Q11: =+P11-O11 -> -853.4222 | R11: =+IFERROR(HLOOKUP($B11,'[3]10월'!$F$6:$CC$57,3,),)/1000 -> 2382.3234 | S11: =+P11-R11 -> -653.34224 | T11: =+IFERROR(HLOOKUP($B11,'[1]10월'!$D$6:$BN$259,16,),)/1000 -> 419.18794 | U11: =+IFERROR(HLOOKUP($B11,'[2]10월'!$F$6:$CP$99,16,),)/1000 -> 57.651193 | V11: =+U11-T11 -> -361.53675 | W11: =+IFERROR(HLOOKUP($B11,'[3]10월'!$F$6:$CC$57,16,),)/1000 -> 409.39305 | X11: =+U11-W11 -> -351.74186 | Y11: =+[5]부산!$Q$85 -> 107600.14 | Z11: =+[5]부산!$R$85 -> 103210.43 | AA11: =+[6]부산!$Q$85 -> 106083.78 | AB11: =+[5]부산!$Q$89 -> 79537.282 | AC11: =+[5]부산!$R$89 -> 83827.02 | AD11: =+[6]부산!$Q$89 -> 75899.939 | AE11: =+Y11-AB11 -> 28062.858 | AF11: =+Z11-AC11 -> 19383.412 | AG11: =+AA11-AD11 -> 30183.839
B12: 서부산 | G12: =+I12 -> 서부산 | I12: 서부산 | J12: =+IFERROR(HLOOKUP($B12,'[1]10월'!$D$6:$BN$259,2,),)/1000 -> 26 | K12: =+IFERROR(HLOOKUP($B12,'[2]10월'!$F$6:$CP$99,2,),)/1000 -> 19.663 | L12: =+K12-J12 -> -6.337 | M12: =+IFERROR(HLOOKUP($B12,'[3]10월'!$F$6:$CC$57,2,),)/1000 -> 28.123 | N12: =+K12-M12 -> -8.46 | O12: =+IFERROR(HLOOKUP($B12,'[1]10월'!$D$6:$BN$259,3,),)/1000 -> 2719.0035 | P12: =+IFERROR(HLOOKUP($B12,'[2]10월'!$F$6:$CP$99,3,),)/1000 -> 1865.5519 | Q12: =+P12-O12 -> -853.4516 | R12: =+IFERROR(HLOOKUP($B12,'[3]10월'!$F$6:$CC$57,3,),)/1000 -> 2771.162 | S12: =+P12-R12 -> -905.61008 | T12: =+IFERROR(HLOOKUP($B12,'[1]10월'!$D$6:$BN$259,16,),)/1000 -> 490.26668 | U12: =+IFERROR(HLOOKUP($B12,'[2]10월'!$F$6:$CP$99,16,),)/1000 -> 132.60606 | V12: =+U12-T12 -> -357.66063 | W12: =+IFERROR(HLOOKUP($B12,'[3]10월'!$F$6:$CC$57,16,),)/1000 -> 646.7975 | X12: =+U12-W12 -> -514.19144 | Y12: =+[5]서부산!$Q$85 -> 104577.06 | Z12: =+[5]서부산!$R$85 -> 94876.261 | AA12: =+[6]서부산!$Q$85 -> 98537.212 | AB12: =+[5]서부산!$Q$89 -> 76327.595 | AC12: =+[5]서부산!$R$89 -> 77092.366 | AD12: =+[6]서부산!$Q$89 -> 68098.831 | AE12: =+Y12-AB12 -> 28249.464 | AF12: =+Z12-AC12 -> 17783.895 | AG12: =+AA12-AD12 -> 30438.38
B13: 김해 | G13: =+I13 -> 김해 | I13: 김해 | J13: =+IFERROR(HLOOKUP($B13,'[1]10월'!$D$6:$BN$259,2,),)/1000 -> 13 | K13: =+IFERROR(HLOOKUP($B13,'[2]10월'!$F$6:$CP$99,2,),)/1000 -> 13.655 | L13: =+K13-J13 -> 0.655 | M13: =+IFERROR(HLOOKUP($B13,'[3]10월'!$F$6:$CC$57,2,),)/1000 -> 15.318 | N13: =+K13-M13 -> -1.663 | O13: =+IFERROR(HLOOKUP($B13,'[1]10월'!$D$6:$BN$259,3,),)/1000 -> 1313 | P13: =+IFERROR(HLOOKUP($B13,'[2]10월'!$F$6:$CP$99,3,),)/1000 -> 1233.987 | Q13: =+P13-O13 -> -79.013 | R13: =+IFERROR(HLOOKUP($B13,'[3]10월'!$F$6:$CC$57,3,),)/1000 -> 1480.8425 | S13: =+P13-R13 -> -246.8555 | T13: =+IFERROR(HLOOKUP($B13,'[1]10월'!$D$6:$BN$259,16,),)/1000 -> 172.85459 | U13: =+IFERROR(HLOOKUP($B13,'[2]10월'!$F$6:$CP$99,16,),)/1000 -> 10.398047 | V13: =+U13-T13 -> -162.45654 | W13: =+IFERROR(HLOOKUP($B13,'[3]10월'!$F$6:$CC$57,16,),)/1000 -> 221.70567 | X13: =+U13-W13 -> -211.30762 | Y13: =+[5]김해!$Q$85 -> 101000 | Z13: =+[5]김해!$R$85 -> 90368.876 | AA13: =+[6]김해!$Q$85 -> 96671.524 | AB13: =+[5]김해!$Q$89 -> 77107.505 | AC13: =+[5]김해!$R$89 -> 78384.071 | AD13: =+[6]김해!$Q$89 -> 73341.192 | AE13: =+Y13-AB13 -> 23892.495 | AF13: =+Z13-AC13 -> 11984.804 | AG13: =+AA13-AD13 -> 23330.332
B14: 정관 | G14: =+I14 -> 정관 | I14: 정관 | J14: =+IFERROR(HLOOKUP($B14,'[1]10월'!$D$6:$BN$259,2,),)/1000 -> 18 | K14: =+IFERROR(HLOOKUP($B14,'[2]10월'!$F$6:$CP$99,2,),)/1000 -> 21.756 | L14: =+K14-J14 -> 3.756 | M14: =+IFERROR(HLOOKUP($B14,'[3]10월'!$F$6:$CC$57,2,),)/1000 -> 21.851 | N14: =+K14-M14 -> -0.095 | O14: =+IFERROR(HLOOKUP($B14,'[1]10월'!$D$6:$BN$259,3,),)/1000 -> 1872 | P14: =+IFERROR(HLOOKUP($B14,'[2]10월'!$F$6:$CP$99,3,),)/1000 -> 2122.0107 | Q14: =+P14-O14 -> 250.01072 | R14: =+IFERROR(HLOOKUP($B14,'[3]10월'!$F$6:$CC$57,3,),)/1000 -> 2160.2739 | S14: =+P14-R14 -> -38.263178 | T14: =+IFERROR(HLOOKUP($B14,'[1]10월'!$D$6:$BN$259,16,),)/1000 -> 269.83512 | U14: =+IFERROR(HLOOKUP($B14,'[2]10월'!$F$6:$CP$99,16,),)/1000 -> 142.76763 | V14: =+U14-T14 -> -127.06749 | W14: =+IFERROR(HLOOKUP($B14,'[3]10월'!$F$6:$CC$57,16,),)/1000 -> 384.15831 | X14: =+U14-W14 -> -241.39068 | Y14: =+[5]정관!$Q$85 -> 104000 | Z14: =+[5]정관!$R$85 -> 97536.805 | AA14: =+[6]정관!$Q$85 -> 98863.846 | AB14: =+[5]정관!$Q$89 -> 78304.336 | AC14: =+[5]정관!$R$89 -> 81346.355 | AD14: =+[6]정관!$Q$89 -> 72569.956 | AE14: =+Y14-AB14 -> 25695.664 | AF14: =+Z14-AC14 -> 16190.45 | AG14: =+AA14-AD14 -> 26293.89
B15: 양산 | G15: =+I15 -> 양산 | I15: 양산 | J15: =+IFERROR(HLOOKUP($B15,'[1]10월'!$D$6:$BN$259,2,),)/1000 -> 12 | K15: =+IFERROR(HLOOKUP($B15,'[2]10월'!$F$6:$CP$99,2,),)/1000 -> 13.908 | L15: =+K15-J15 -> 1.908 | M15: =+IFERROR(HLOOKUP($B15,'[3]10월'!$F$6:$CC$57,2,),)/1000 -> 11.729 | N15: =+K15-M15 -> 2.179 | O15: =+IFERROR(HLOOKUP($B15,'[1]10월'!$D$6:$BN$259,3,),)/1000 -> 1166.5218 | P15: =+IFERROR(HLOOKUP($B15,'[2]10월'!$F$6:$CP$99,3,),)/1000 -> 1309.0972 | Q15: =+P15-O15 -> 142.57537 | R15: =+IFERROR(HLOOKUP($B15,'[3]10월'!$F$6:$CC$57,3,),)/1000 -> 1101.1099 | S15: =+P15-R15 -> 207.98729 | T15: =+IFERROR(HLOOKUP($B15,'[1]10월'!$D$6:$BN$259,16,),)/1000 -> 183.28795 | U15: =+IFERROR(HLOOKUP($B15,'[2]10월'!$F$6:$CP$99,16,),)/1000 -> 152.35462 | V15: =+U15-T15 -> -30.933328 | W15: =+IFERROR(HLOOKUP($B15,'[3]10월'!$F$6:$CC$57,16,),)/1000 -> 156.70708 | X15: =+U15-W15 -> -4.352465 | Y15: =+[5]양산!$Q$85 -> 97210.153 | Z15: =+[5]양산!$R$85 -> 94125.482 | AA15: =+[6]양산!$Q$85 -> 93879.266 | AB15: =+[5]양산!$Q$89 -> 70800.643 | AC15: =+[5]양산!$R$89 -> 72678.271 | AD15: =+[6]양산!$Q$89 -> 68763.005 | AE15: =+Y15-AB15 -> 26409.51 | AF15: =+Z15-AC15 -> 21447.211 | AG15: =+AA15-AD15 -> 25116.261
B16: 창원 | G16: =+I16 -> 창원 | I16: 창원 | J16: =+IFERROR(HLOOKUP($B16,'[1]10월'!$D$6:$BN$259,2,),)/1000 -> 17 | K16: =+IFERROR(HLOOKUP($B16,'[2]10월'!$F$6:$CP$99,2,),)/1000 -> 14.58 | L16: =+K16-J16 -> -2.42 | M16: =+IFERROR(HLOOKUP($B16,'[3]10월'!$F$6:$CC$57,2,),)/1000 -> 20.989 | N16: =+K16-M16 -> -6.409 | O16: =+IFERROR(HLOOKUP($B16,'[1]10월'!$D$6:$BN$259,3,),)/1000 -> 1729.667 | P16: =+IFERROR(HLOOKUP($B16,'[2]10월'!$F$6:$CP$99,3,),)/1000 -> 1357.6853 | Q16: =+P16-O16 -> -371.9817 | R16: =+IFERROR(HLOOKUP($B16,'[3]10월'!$F$6:$CC$57,3,),)/1000 -> 2019.1504 | S16: =+P16-R16 -> -661.4651 | T16: =+IFERROR(HLOOKUP($B16,'[1]10월'!$D$6:$BN$259,16,),)/1000 -> 309.65579 | U16: =+IFERROR(HLOOKUP($B16,'[2]10월'!$F$6:$CP$99,16,),)/1000 -> 76.578861 | V16: =+U16-T16 -> -233.07693 | W16: =+IFERROR(HLOOKUP($B16,'[3]10월'!$F$6:$CC$57,16,),)/1000 -> 434.99491 | X16: =+U16-W16 -> -358.41605 | Y16: =+[5]창원!$Q$85 -> 101745.12 | Z16: =+[5]창원!$R$85 -> 93119.705 | AA16: =+[6]창원!$Q$85 -> 96200.41 | AB16: =+[5]창원!$Q$89 -> 72531.102 | AC16: =+[5]창원!$R$89 -> 74871.475 | AD16: =+[6]창원!$Q$89 -> 66786.157 | AE16: =+Y16-AB16 -> 29214.015 | AF16: =+Z16-AC16 -> 18248.23 | AG16: =+AA16-AD16 -> 29414.253
B17: 대구 | G17: =+I17 -> 대구 | I17: 대구 | J17: =+IFERROR(HLOOKUP($B17,'[1]10월'!$D$6:$BN$259,2,),)/1000 -> 16.5 | K17: =+IFERROR(HLOOKUP($B17,'[2]10월'!$F$6:$CP$99,2,),)/1000 -> 15.64 | L17: =+K17-J17 -> -0.86 | M17: =+IFERROR(HLOOKUP($B17,'[3]10월'!$F$6:$CC$57,2,),)/1000 -> 20.4465 | N17: =+K17-M17 -> -4.8065 | O17: =+IFERROR(HLOOKUP($B17,'[1]10월'!$D$6:$BN$259,3,),)/1000 -> 1613.04 | P17: =+IFERROR(HLOOKUP($B17,'[2]10월'!$F$6:$CP$99,3,),)/1000 -> 1465.4841 | Q17: =+P17-O17 -> -147.55595 | R17: =+IFERROR(HLOOKUP($B17,'[3]10월'!$F$6:$CC$57,3,),)/1000 -> 1901.5033 | S17: =+P17-R17 -> -436.01925 | T17: =+IFERROR(HLOOKUP($B17,'[1]10월'!$D$6:$BN$259,16,),)/1000 -> 288.58165 | U17: =+IFERROR(HLOOKUP($B17,'[2]10월'!$F$6:$CP$99,16,),)/1000 -> 100.63415 | V17: =+U17-T17 -> -187.94749 | W17: =+IFERROR(HLOOKUP($B17,'[3]10월'!$F$6:$CC$57,16,),)/1000 -> 408.14683 | X17: =+U17-W17 -> -307.51268 | Y17: =+[5]대구!$Q$85 -> 97760 | Z17: =+[5]대구!$R$85 -> 93698.609 | AA17: =+[6]대구!$Q$85 -> 93018.593 | AB17: =+[5]대구!$Q$89 -> 70182.877 | AC17: =+[5]대구!$R$89 -> 76355.669 | AD17: =+[6]대구!$Q$89 -> 65323.493 | AE17: =+Y17-AB17 -> 27577.123 | AF17: =+Z17-AC17 -> 17342.941 | AG17: =+AA17-AD17 -> 27695.1
B18: 울산 | G18: =+I18 -> 울산 | I18: 울산 | J18: =+IFERROR(HLOOKUP($B18,'[1]10월'!$D$6:$BN$259,2,),)/1000 -> 12 | K18: =+IFERROR(HLOOKUP($B18,'[2]10월'!$F$6:$CP$99,2,),)/1000 -> 14.267 | L18: =+K18-J18 -> 2.267 | M18: =+IFERROR(HLOOKUP($B18,'[3]10월'!$F$6:$CC$57,2,),)/1000 -> 8.732 | N18: =+K18-M18 -> 5.535 | O18: =+IFERROR(HLOOKUP($B18,'[1]10월'!$D$6:$BN$259,3,),)/1000 -> 1213.4895 | P18: =+IFERROR(HLOOKUP($B18,'[2]10월'!$F$6:$CP$99,3,),)/1000 -> 1420.6245 | Q18: =+P18-O18 -> 207.135 | R18: =+IFERROR(HLOOKUP($B18,'[3]10월'!$F$6:$CC$57,3,),)/1000 -> 821.1822 | S18: =+P18-R18 -> 599.4423 | T18: =+IFERROR(HLOOKUP($B18,'[1]10월'!$D$6:$BN$259,16,),)/1000 -> 130.01697 | U18: =+IFERROR(HLOOKUP($B18,'[2]10월'!$F$6:$CP$99,16,),)/1000 -> 157.77048 | V18: =+U18-T18 -> 27.753515 | W18: =+IFERROR(HLOOKUP($B18,'[3]10월'!$F$6:$CC$57,16,),)/1000 -> 46.27613 | X18: =+U18-W18 -> 111.49435 | Y18: =+[5]울산!$Q$85 -> 101124.12 | Z18: =+[5]울산!$R$85 -> 99574.157 | AA18: =+[6]울산!$Q$85 -> 93892.31 | AB18: =+[5]울산!$Q$89 -> 79322.963 | AC18: =+[5]울산!$R$89 -> 78942.319 | AD18: =+[6]울산!$Q$89 -> 74121.3 | AE18: =+Y18-AB18 -> 21801.162 | AF18: =+Z18-AC18 -> 20631.838 | AG18: =+AA18-AD18 -> 19771.01
B19: 아산 | G19: =+I19 -> 아산 | I19: 아산 | J19: =+IFERROR(HLOOKUP($B19,'[1]10월'!$D$6:$BN$259,2,),)/1000 -> 28 | K19: =+IFERROR(HLOOKUP($B19,'[2]10월'!$F$6:$CP$99,2,),)/1000 -> 35.1425 | L19: =+K19-J19 -> 7.1425 | M19: =+IFERROR(HLOOKUP($B19,'[3]10월'!$F$6:$CC$57,2,),)/1000 -> 30.139 | N19: =+K19-M19 -> 5.0035 | O19: =+IFERROR(HLOOKUP($B19,'[1]10월'!$D$6:$BN$259,3,),)/1000 -> 2828.015 | P19: =+IFERROR(HLOOKUP($B19,'[2]10월'!$F$6:$CP$99,3,),)/1000 -> 3417.0639 | Q19: =+P19-O19 -> 589.04891 | R19: =+IFERROR(HLOOKUP($B19,'[3]10월'!$F$6:$CC$57,3,),)/1000 -> 2877.9451 | S19: =+P19-R19 -> 539.11881 | T19: =+IFERROR(HLOOKUP($B19,'[1]10월'!$D$6:$BN$259,16,),)/1000 -> 443.55499 | U19: =+IFERROR(HLOOKUP($B19,'[2]10월'!$F$6:$CP$99,16,),)/1000 -> 518.14114 | V19: =+U19-T19 -> 74.586147 | W19: =+IFERROR(HLOOKUP($B19,'[3]10월'!$F$6:$CC$57,16,),)/1000 -> 452.27289 | X19: =+U19-W19 -> 65.868249 | Y19: =+[5]아산!$Q$85 -> 101000.54 | Z19: =+[5]아산!$R$85 -> 97210.458 | AA19: =+[6]아산!$Q$85 -> 95493.307 | AB19: =+[5]아산!$Q$89 -> 77532.35 | AC19: =+[5]아산!$R$89 -> 75321.505 | AD19: =+[6]아산!$Q$89 -> 73816.088 | AE19: =+Y19-AB19 -> 23468.186 | AF19: =+Z19-AC19 -> 21888.953 | AG19: =+AA19-AD19 -> 21677.219
B20: 전주 | G20: =+I20 -> 전주 | I20: 전주 | J20: =+IFERROR(HLOOKUP($B20,'[1]10월'!$D$6:$BN$259,2,),)/1000 -> 13 | K20: =+IFERROR(HLOOKUP($B20,'[2]10월'!$F$6:$CP$99,2,),)/1000 -> 9.6695 | L20: =+K20-J20 -> -3.3305 | M20: =+IFERROR(HLOOKUP($B20,'[3]10월'!$F$6:$CC$57,2,),)/1000 -> 12.4395 | N20: =+K20-M20 -> -2.77 | O20: =+IFERROR(HLOOKUP($B20,'[1]10월'!$D$6:$BN$259,3,),)/1000 -> 1320.0808 | P20: =+IFERROR(HLOOKUP($B20,'[2]10월'!$F$6:$CP$99,3,),)/1000 -> 921.15986 | Q20: =+P20-O20 -> -398.9209 | R20: =+IFERROR(HLOOKUP($B20,'[3]10월'!$F$6:$CC$57,3,),)/1000 -> 1210.6657 | S20: =+P20-R20 -> -289.50584 | T20: =+IFERROR(HLOOKUP($B20,'[1]10월'!$D$6:$BN$259,16,),)/1000 -> 228.75892 | U20: =+IFERROR(HLOOKUP($B20,'[2]10월'!$F$6:$CP$99,16,),)/1000 -> 51.295807 | V20: =+U20-T20 -> -177.46311 | W20: =+IFERROR(HLOOKUP($B20,'[3]10월'!$F$6:$CC$57,16,),)/1000 -> 248.53375 | X20: =+U20-W20 -> -197.23794 | Y20: =+[5]전주!$Q$85 -> 101544.67 | Z20: =+[5]전주!$R$85 -> 95264.477 | AA20: =+[6]전주!$Q$85 -> 97324.306 | AB20: =+[5]전주!$Q$89 -> 73140.013 | AC20: =+[5]전주!$R$89 -> 74505.129 | AD20: =+[6]전주!$Q$89 -> 66110.731 | AE20: =+Y20-AB20 -> 28404.661 | AF20: =+Z20-AC20 -> 20759.349 | AG20: =+AA20-AD20 -> 31213.575
B21: 군산 | G21: =+I21 -> 군산 | I21: 군산 | J21: =+IFERROR(HLOOKUP($B21,'[1]10월'!$D$6:$BN$259,2,),)/1000 -> 7 | K21: =+IFERROR(HLOOKUP($B21,'[2]10월'!$F$6:$CP$99,2,),)/1000 -> 9.023 | L21: =+K21-J21 -> 2.023 | M21: =+IFERROR(HLOOKUP($B21,'[3]10월'!$F$6:$CC$57,2,),)/1000 -> 8.6055 | N21: =+K21-M21 -> 0.4175 | O21: =+IFERROR(HLOOKUP($B21,'[1]10월'!$D$6:$BN$259,3,),)/1000 -> 761.47221 | P21: =+IFERROR(HLOOKUP($B21,'[2]10월'!$F$6:$CP$99,3,),)/1000 -> 1002.9886 | Q21: =+P21-O21 -> 241.51634 | R21: =+IFERROR(HLOOKUP($B21,'[3]10월'!$F$6:$CC$57,3,),)/1000 -> 903.96604 | S21: =+P21-R21 -> 99.022512 | T21: =+IFERROR(HLOOKUP($B21,'[1]10월'!$D$6:$BN$259,16,),)/1000 -> 200.39525 | U21: =+IFERROR(HLOOKUP($B21,'[2]10월'!$F$6:$CP$99,16,),)/1000 -> 268.54539 | V21: =+U21-T21 -> 68.150136 | W21: =+IFERROR(HLOOKUP($B21,'[3]10월'!$F$6:$CC$57,16,),)/1000 -> 252.05178 | X21: =+U21-W21 -> 16.493606 | Y21: =+[5]군산!$Q$85 -> 108781.74 | Z21: =+[5]군산!$R$85 -> 111159.1 | AA21: =+[6]군산!$Q$85 -> 105101.35 | AB21: =+[5]군산!$Q$89 -> 69630.38 | AC21: =+[5]군산!$R$89 -> 72170.12 | AD21: =+[6]군산!$Q$89 -> 67141.823 | AE21: =+Y21-AB21 -> 39151.364 | AF21: =+Z21-AC21 -> 38988.979 | AG21: =+AA21-AD21 -> 37959.531
B22: 원주 | G22: =+I22 -> 원주 | I22: 원주 | J22: =+IFERROR(HLOOKUP($B22,'[1]10월'!$D$6:$BN$259,2,),)/1000 -> 6 | K22: =+IFERROR(HLOOKUP($B22,'[2]10월'!$F$6:$CP$99,2,),)/1000 -> 5.544 | L22: =+K22-J22 -> -0.456 | M22: =+IFERROR(HLOOKUP($B22,'[3]10월'!$F$6:$CC$57,2,),)/1000 -> 6.439 | N22: =+K22-M22 -> -0.895 | O22: =+IFERROR(HLOOKUP($B22,'[1]10월'!$D$6:$BN$259,3,),)/1000 -> 647.4 | P22: =+IFERROR(HLOOKUP($B22,'[2]10월'!$F$6:$CP$99,3,),)/1000 -> 603.98328 | Q22: =+P22-O22 -> -43.416723 | R22: =+IFERROR(HLOOKUP($B22,'[3]10월'!$F$6:$CC$57,3,),)/1000 -> 663.01853 | S22: =+P22-R22 -> -59.035251 | T22: =+IFERROR(HLOOKUP($B22,'[1]10월'!$D$6:$BN$259,16,),)/1000 -> 123.06149 | U22: =+IFERROR(HLOOKUP($B22,'[2]10월'!$F$6:$CP$99,16,),)/1000 -> 104.30831 | V22: =+U22-T22 -> -18.753179 | W22: =+IFERROR(HLOOKUP($B22,'[3]10월'!$F$6:$CC$57,16,),)/1000 -> 129.33401 | X22: =+U22-W22 -> -25.025701 | Y22: =+[5]원주!$Q$85 -> 107900 | Z22: =+[5]원주!$R$85 -> 108943.59 | AA22: =+[6]원주!$Q$85 -> 102998.99 | AB22: =+[5]원주!$Q$89 -> 72860.633 | AC22: =+[5]원주!$R$89 -> 73906.808 | AD22: =+[6]원주!$Q$89 -> 70663.788 | AE22: =+Y22-AB22 -> 35039.367 | AF22: =+Z22-AC22 -> 35036.784 | AG22: =+AA22-AD22 -> 32335.199
B23: 제주 | G23: =+I23 -> 제주 | I23: 제주 | J23: =+IFERROR(HLOOKUP($B23,'[1]10월'!$D$6:$BN$259,2,),)/1000 -> 7 | K23: =+IFERROR(HLOOKUP($B23,'[2]10월'!$F$6:$CP$99,2,),)/1000 -> 3.047 | L23: =+K23-J23 -> -3.953 | M23: =+IFERROR(HLOOKUP($B23,'[3]10월'!$F$6:$CC$57,2,),)/1000 -> 7.2105 | N23: =+K23-M23 -> -4.1635 | O23: =+IFERROR(HLOOKUP($B23,'[1]10월'!$D$6:$BN$259,3,),)/1000 -> 887.6 | P23: =+IFERROR(HLOOKUP($B23,'[2]10월'!$F$6:$CP$99,3,),)/1000 -> 366.41407 | Q23: =+P23-O23 -> -521.18593 | R23: =+IFERROR(HLOOKUP($B23,'[3]10월'!$F$6:$CC$57,3,),)/1000 -> 853.32547 | S23: =+P23-R23 -> -486.9114 | T23: =+IFERROR(HLOOKUP($B23,'[1]10월'!$D$6:$BN$259,16,),)/1000 -> 161.45189 | U23: =+IFERROR(HLOOKUP($B23,'[2]10월'!$F$6:$CP$99,16,),)/1000 -> 4.79407 | V23: =+U23-T23 -> -156.65782 | W23: =+IFERROR(HLOOKUP($B23,'[3]10월'!$F$6:$CC$57,16,),)/1000 -> 153.81435 | X23: =+U23-W23 -> -149.02028 | Y23: =+[5]제주!$Q$85 -> 126800 | Z23: =+[5]제주!$R$85 -> 120254.04 | AA23: =+[6]제주!$Q$85 -> 118440.38 | AB23: =+[5]제주!$Q$89 -> 91213.272 | AC23: =+[5]제주!$R$89 -> 91133.112 | AD23: =+[6]제주!$Q$89 -> 83392.471 | AE23: =+Y23-AB23 -> 35586.728 | AF23: =+Z23-AC23 -> 29120.931 | AG23: =+AA23-AD23 -> 35047.91
G24: =+I24 -> 수도권 | I24: 수도권 | J24: =SUM(J7:J10) -> 121.5 | K24: =SUM(K7:K10) -> 103.91 | L24: =+K24-J24 -> -17.59 | M24: =SUM(M7:M10) -> 136.035 | N24: =+K24-M24 -> -32.125 | O24: =SUM(O7:O10) -> 12351.261 | P24: =SUM(P7:P10) -> 9713.52 | Q24: =+P24-O24 -> -2637.7406 | R24: =SUM(R7:R10) -> 13130.312 | S24: =+P24-R24 -> -3416.7921 | T24: =SUM(T7:T10) -> 1890.5424 | U24: =SUM(U7:U10) -> 363.42568 | V24: =+U24-T24 -> -1527.1167 | W24: =SUM(W7:W10) -> 1897.1383 | X24: =+U24-W24 -> -1533.7126 | Y24: =+[5]수도권!$Q$85 -> 101656.47 | Z24: =+[5]수도권!$R$85 -> 93480.666 | AA24: =+[6]수도권!$Q$85 -> 96457.33 | AB24: =+[5]수도권!$Q$89 -> 78142.383 | AC24: =+[5]수도권!$R$89 -> 80496.449 | AD24: =+[6]수도권!$Q$89 -> 75526.788 | AE24: =+Y24-AB24 -> 23514.084 | AF24: =+Z24-AC24 -> 12984.216 | AG24: =+AA24-AD24 -> 20930.542
G25: =+I25 -> 영남권 | I25: 영남권 | J25: =SUM(J11:J18) -> 138.5 | K25: =SUM(K11:K18) -> 130.221 | L25: =+K25-J25 -> -8.279 | M25: =SUM(M11:M18) -> 149.6455 | N25: =+K25-M25 -> -19.4245 | O25: =SUM(O11:O18) -> 14209.125 | P25: =SUM(P11:P18) -> 12503.422 | Q25: =+P25-O25 -> -1705.7034 | R25: =SUM(R11:R18) -> 14637.548 | S25: =+P25-R25 -> -2134.1258 | T25: =SUM(T11:T18) -> 2263.6867 | U25: =SUM(U11:U18) -> 830.76104 | V25: =+U25-T25 -> -1432.9256 | W25: =SUM(W11:W18) -> 2708.1795 | X25: =+U25-W25 -> -1877.4184 | Y25: =+[5]영남권!$Q$85 -> 102592.96 | Z25: =+[5]영남권!$R$85 -> 96016.649 | AA25: =+[6]영남권!$Q$85 -> 97820.439 | AB25: =+[5]영남권!$Q$89 -> 75796.515 | AC25: =+[5]영남권!$R$89 -> 78191.758 | AD25: =+[6]영남권!$Q$89 -> 70291.214 | AE25: =+Y25-AB25 -> 26796.447 | AF25: =+Z25-AC25 -> 17824.891 | AG25: =+AA25-AD25 -> 27529.225
G26: =+I26 -> 중부권 | I26: 중부권 | J26: =SUM(J19:J23) -> 61 | K26: =SUM(K19:K23) -> 62.426 | L26: =+K26-J26 -> 1.426 | M26: =SUM(M19:M23) -> 64.8335 | N26: =+K26-M26 -> -2.4075 | O26: =SUM(O19:O23) -> 6444.568 | P26: =SUM(P19:P23) -> 6311.6097 | Q26: =+P26-O26 -> -132.9583 | R26: =SUM(R19:R23) -> 6508.9208 | S26: =+P26-R26 -> -197.31117 | T26: =SUM(T19:T23) -> 1157.2225 | U26: =SUM(U19:U23) -> 947.08472 | V26: =+U26-T26 -> -210.13782 | W26: =SUM(W19:W23) -> 1236.0068 | X26: =+U26-W26 -> -288.92206 | Y26: =+[5]중부권!$Q$85 -> 105648.66 | Z26: =+[5]중부권!$R$85 -> 101095.66 | AA26: =+[6]중부권!$Q$85 -> 100356.67 | AB26: =+[5]중부권!$Q$89 -> 76799.923 | AC26: =+[5]중부권!$R$89 -> 75393.477 | AD26: =+[6]중부권!$Q$89 -> 72173.801 | AE26: =+Y26-AB26 -> 28848.732 | AF26: =+Z26-AC26 -> 25702.179 | AG26: =+AA26-AD26 -> 28182.868
G27: =+K27/J27 -> 0.92385358 | H27: 레미콘 계 | J27: =SUM(J24:J26) -> 321 | K27: =SUM(K24:K26) -> 296.557 | L27: =+K27-J27 -> -24.443 | M27: =SUM(M24:M26) -> 350.514 | N27: =+K27-M27 -> -53.957 | O27: =SUM(O24:O26) -> 33004.954 | P27: =SUM(P24:P26) -> 28528.552 | Q27: =+P27-O27 -> -4476.4023 | R27: =SUM(R24:R26) -> 34276.781 | S27: =+P27-R27 -> -5748.229 | T27: =SUM(T24:T26) -> 5311.4516 | U27: =SUM(U24:U26) -> 2141.2714 | V27: =+U27-T27 -> -3170.1802 | W27: =SUM(W24:W26) -> 5841.3245 | X27: =+U27-W27 -> -3700.0531 | Y27: =+[5]합계!$Q$85 -> 102819.17 | Z27: =+[5]합계!$R$85 -> 96197.561 | AA27: =+[6]합계!$Q$85 -> 97761.738 | AB27: =+[5]합계!$Q$89 -> 76875.116 | AC27: =+[5]합계!$R$89 -> 78411.451 | AD27: =+[6]합계!$Q$89 -> 72669.741 | AE27: =+Y27-AB27 -> 25944.055 | AF27: =+Z27-AC27 -> 17786.111 | AG27: =+AA27-AD27 -> 25091.997
B28: 건자재 | E28: 건자재영업 | G28: 건자재 | H28: 건자재 | J28: =+IFERROR(HLOOKUP($B28,'[1]10월'!$D$6:$BN$259,2,),) -> 8900 | K28: =+IFERROR(HLOOKUP($E28,'[2]10월'!$F$6:$CP$99,2,),) -> 8972.008 | L28: =+K28-J28 -> 72.008 | M28: =+IFERROR(HLOOKUP($E28,'[3]10월'!$F$6:$CC$57,2,),) -> 9070.045 | N28: =+K28-M28 -> -98.037 | O28: =+IFERROR(HLOOKUP($B28,'[1]10월'!$D$6:$BN$259,3,),)/1000 -> 10873.417 | P28: =+IFERROR(HLOOKUP($E28,'[2]10월'!$F$6:$CP$99,3,),)/1000 -> 8678.6853 | Q28: =+P28-O28 -> -2194.7316 | R28: =+IFERROR(HLOOKUP($E28,'[3]10월'!$F$6:$CC$57,3,),)/1000 -> 11314.06 | S28: =+P28-R28 -> -2635.3749 | T28: =+IFERROR(HLOOKUP($B28,'[1]10월'!$D$6:$BN$259,16,),)/1000 -> 155.78428 | U28: =+IFERROR(HLOOKUP($E28,'[2]10월'!$F$6:$CP$99,16,),)/1000 -> 44.005329 | V28: =+U28-T28 -> -111.77895 | W28: =+IFERROR(HLOOKUP($E28,'[3]10월'!$F$6:$CC$57,16,),)/1000 -> 85.321437 | X28: =+U28-W28 -> -41.316108 | Y28: ■ 비고
B29: 부산모래장 | C29: 부산골재 | G29: =+I29 -> 부산모래장 | H29: 골재 | I29: 부산모래장 | J29: =+IFERROR(HLOOKUP($B29,'[1]10월'!$D$6:$BN$259,2,),)/1000 -> 29.254222 | K29: =+IFERROR(HLOOKUP($C29,'[2]10월'!$F$6:$CP$99,2,),)/1000 -> 20.119 | L29: =+K29-J29 -> -9.1352225 | M29: =+IFERROR(HLOOKUP($C29,'[3]10월'!$F$6:$CC$57,2,),)/1000 -> 29.978 | N29: =+K29-M29 -> -9.859 | O29: =+IFERROR(HLOOKUP($B29,'[1]10월'!$D$6:$BN$259,3,),)/1000 -> 832.16381 | P29: =+IFERROR(HLOOKUP($C29,'[2]10월'!$F$6:$CP$99,3,),)/1000 -> 571.11 | Q29: =+P29-O29 -> -261.05381 | R29: =+IFERROR(HLOOKUP($C29,'[3]10월'!$F$6:$CC$57,3,),)/1000 -> 855.205 | S29: =+P29-R29 -> -284.095 | T29: =+IFERROR(HLOOKUP($B29,'[1]10월'!$D$6:$BN$259,21,),)/1000 -> 60.533391 | U29: =+IFERROR(HLOOKUP($C29,'[2]10월'!$F$6:$CP$99,21,),)/1000 -> 53.934357 | V29: =+U29-T29 -> -6.5990338 | W29: =+IFERROR(HLOOKUP($C29,'[3]10월'!$F$6:$CC$57,16,),)/1000 -> 31.332617 | X29: =+U29-W29 -> 22.60174 | Y29: ▶ 판매단가 소급
B30: 서부산크라샤 | C30: 서부산골재 | G30: =+I30 -> 서부산CR | I30: 서부산CR | J30: =+IFERROR(HLOOKUP($B30,'[1]10월'!$D$6:$BN$259,2,),)/1000 -> 51.352963 | K30: =+IFERROR(HLOOKUP($C30,'[2]10월'!$F$6:$CP$99,2,),)/1000 -> 1.36 | L30: =+K30-J30 -> -49.992963 | M30: =+IFERROR(HLOOKUP($C30,'[3]10월'!$F$6:$CC$57,2,),)/1000 -> 33.644 | N30: =+K30-M30 -> -32.284 | O30: =+IFERROR(HLOOKUP($B30,'[1]10월'!$D$6:$BN$259,3,),)/1000 -> 637.54945 | P30: =+IFERROR(HLOOKUP($C30,'[2]10월'!$F$6:$CP$99,3,),)/1000 -> 15.64 | Q30: =+P30-O30 -> -621.90945 | R30: =+IFERROR(HLOOKUP($C30,'[3]10월'!$F$6:$CC$57,3,),)/1000 -> 400.76 | S30: =+P30-R30 -> -385.12 | T30: =+IFERROR(HLOOKUP($B30,'[1]10월'!$D$6:$BN$259,21,),)/1000 -> 174.00076 | U30: =+IFERROR(HLOOKUP($C30,'[2]10월'!$F$6:$CP$99,21,),)/1000 -> -83.948514 | V30: =+U30-T30 -> -257.94928 | W30: =+IFERROR(HLOOKUP($C30,'[3]10월'!$F$6:$CC$57,16,),)/1000 -> 41.015432 | X30: =+U30-W30 -> -124.96395 | Y30: - GS : 952백만원
B31: 부산크라샤 | C31: 부산크라샤 | G31: =+I31 -> 부산CR | I31: 부산CR | J31: =+IFERROR(HLOOKUP($B31,'[1]10월'!$D$6:$BN$259,2,),)/1000 -> 43.565728 | K31: =+IFERROR(HLOOKUP($C31,'[2]10월'!$F$6:$CP$99,2,),)/1000 -> 38.611 | L31: =+K31-J31 -> -4.9547281 | M31: =+IFERROR(HLOOKUP($C31,'[3]10월'!$F$6:$CC$57,2,),)/1000 -> 34.889 | N31: =+K31-M31 -> 3.722 | O31: =+IFERROR(HLOOKUP($B31,'[1]10월'!$D$6:$BN$259,3,),)/1000 -> 790.01556 | P31: =+IFERROR(HLOOKUP($C31,'[2]10월'!$F$6:$CP$99,3,),)/1000 -> 659.0685 | Q31: =+P31-O31 -> -130.94706 | R31: =+IFERROR(HLOOKUP($C31,'[3]10월'!$F$6:$CC$57,3,),)/1000 -> 596.328 | S31: =+P31-R31 -> 62.7405 | T31: =+IFERROR(HLOOKUP($B31,'[1]10월'!$D$6:$BN$259,21,),)/1000 -> 98.617225 | U31: =+IFERROR(HLOOKUP($C31,'[2]10월'!$F$6:$CP$99,21,),)/1000 -> -119.94369 | V31: =+U31-T31 -> -218.56092 | W31: =+IFERROR(HLOOKUP($C31,'[3]10월'!$F$6:$CC$57,16,),)/1000 -> 69.444007 | X31: =+U31-W31 -> -189.3877 | Y31: - 디엘이앤씨 53백만원, 삼환기업 40백만원, 디엘건설 7백만원
H32: 골재 계 | J32: =SUM(J29:J31) -> 124.17291 | K32: =SUM(K29:K31) -> 60.09 | L32: =+K32-J32 -> -64.082914 | M32: =SUM(M29:M31) -> 98.511 | N32: =+K32-M32 -> -38.421 | O32: =SUM(O29:O31) -> 2259.7288 | P32: =SUM(P29:P31) -> 1245.8185 | Q32: =+P32-O32 -> -1013.9103 | R32: =SUM(R29:R31) -> 1852.293 | S32: =+P32-R32 -> -606.4745 | T32: =SUM(T29:T31) -> 333.15138 | U32: =SUM(U29:U31) -> -149.95785 | V32: =+U32-T32 -> -483.10923 | W32: =SUM(W29:W31) -> 141.79206 | X32: =+U32-W32 -> -291.74991
B33: 포항임대 | C33: 속초임대 | D33: 강릉임대 | E33: 레미콘임대 계 | G33: =+I33 -> 레미콘임대 | H33: 기타 | I33: 레미콘임대 | L33: =+K33-J33 -> 0 | N33: =+K33-M33 -> 0 | O33: =(IFERROR(HLOOKUP($B33,'[1]10월'!$D$6:$BN$259,3,),)++IFERROR(HLOOKUP($C33,'[1]10월'!$D$6:$BN$259,3,),)+IFERROR(HLOOKUP($D33,'[1]10월'!$D$6:$BN$259,3,),))/1000 -> 90.84 | P33: =+IFERROR(HLOOKUP($E33,'[2]10월'!$F$6:$CP$99,3,),)/1000 -> 90.84 | Q33: =+P33-O33 -> 0 | R33: =+IFERROR(HLOOKUP($E33,'[3]10월'!$F$6:$CC$57,3,),)/1000 -> 90.84 | S33: =+P33-R33 -> 0 | T33: =(IFERROR(HLOOKUP($B33,'[1]10월'!$D$6:$BN$259,21,),)++IFERROR(HLOOKUP($C33,'[1]10월'!$D$6:$BN$259,21,),)+IFERROR(HLOOKUP($D33,'[1]10월'!$D$6:$BN$259,21,),))/1000 -> 72.165959 | U33: =+IFERROR(HLOOKUP($E33,'[2]10월'!$F$6:$CP$99,16,),)/1000 -> 71.16796 | V33: =+U33-T33 -> -0.997999 | W33: =+IFERROR(HLOOKUP($E33,'[3]10월'!$F$6:$CC$57,16,),)/1000 -> 71.889904 | X33: =+U33-W33 -> -0.721944 | Y33: ▶ 운반비 소급
B34: 부동산임대 | C34: 주유소임대 | E34: 임대 계 | G34: =+I34 -> 임대 | I34: 임대 | L34: =+K34-J34 -> 0 | M34: 0 | N34: =+K34-M34 -> 0 | O34: =(+IFERROR(HLOOKUP($B34,'[1]10월'!$D$6:$BN$259,3,),)+IFERROR(HLOOKUP($C34,'[1]10월'!$D$6:$BN$259,3,),))/1000 -> 72.2975 | P34: =+IFERROR(HLOOKUP($E34,'[2]10월'!$F$6:$CP$99,3,),)/1000 -> 73.837421 | Q34: =+P34-O34 -> 1.5399207 | R34: =+IFERROR(HLOOKUP($E34,'[3]10월'!$F$6:$CC$57,3,),)/1000 -> 93.176517 | S34: =+P34-R34 -> -19.339096 | T34: =(+IFERROR(HLOOKUP($B34,'[1]10월'!$D$6:$BN$259,21,),)+IFERROR(HLOOKUP($C34,'[1]10월'!$D$6:$BN$259,21,),))/1000 -> 62.030473 | U34: =+IFERROR(HLOOKUP($E34,'[2]10월'!$F$6:$CP$99,16,),)/1000 -> 63.705665 | V34: =+U34-T34 -> 1.6751917 | W34: =+IFERROR(HLOOKUP($E34,'[3]10월'!$F$6:$CC$57,16,),)/1000 -> 56.287941 | X34: =+U34-W34 -> 7.417724 | Y34: - 안양 : 4,350만원
B35: 공 통 비 | G35: =+I35 -> 공통비 | I35: 공통비 | L35: =+K35-J35 -> 0 | N35: =+K35-M35 -> 0 | Q35: =+P35-O35 -> 0 | S35: =+P35-R35 -> 0 | T35: =-'[1]10월'!$Z$22/1000 -> -1239.3305 | U35: =+-'[2]10월'!$Z$22/1000 -> -1196.5785 | V35: =+U35-T35 -> 42.751972 | W35: =+-'[3]10월'!$Z$22/1000 -> -1214.5176 | X35: =+U35-W35 -> 17.939122
G36: =+I36 -> OPC 소급분 | I36: OPC 소급분 | N36: =+K36-M36 -> 0 | Q36: =+P36-O36 -> 0 | S36: =+P36-R36 -> 0 | T36: =+'[1]10월'!$AS$26/1000 -> 0 | U36: ='[2]10월'!$BD$26/1000 -> 250 | V36: =+U36-T36 -> 250 | W36: =-'[3]10월'!$BD$26/1000 -> 0 | X36: =+U36-W36 -> 250
G37: =+I37 -> 대손 | I37: 대손 | N37: =+K37-M37 -> 0 | Q37: =+P37-O37 -> 0 | S37: =+P37-R37 -> 0 | U37: ='[2]10월'!$BE$26/1000 -> 0 | V37: =+U37-T37 -> 0 | W37: ='[3]10월'!$BE$26/1000 -> 49 | X37: =+U37-W37 -> -49
G38: =+I38 -> 미운영 공장 | I38: 미운영 공장 | M38: =SUM(M54:M57) -> 0 | N38: =+K38-M38 -> 0 | Q38: =+P38-O38 -> 0 | R38: =+IFERROR(HLOOKUP($I$38,'[3]10월'!$F$6:$BJ$50,3,),)/1000 -> 0 | S38: =+P38-R38 -> 0 | T38: =SUM('[1]10월'!$AM$26:$AQ$26)/1000 -> -35.767484 | U38: =+'[2]10월'!$BF$26/1000 -> -32.623866 | V38: =+U38-T38 -> 3.1436184 | W38: =+'[3]10월'!$BF$26/1000 -> -9.41434 | X38: =+U38-W38 -> -23.209526
B39: 기타 계 | G39: =+I39 -> 기타 | I39: 기타 | L39: =+K39-J39 -> 0 | N39: =+K39-M39 -> 0 | O39: =IFERROR(HLOOKUP($B39,'[1]10월'!$D$6:$BN$259,3,),)/1000 -> 1.77 | P39: =+('[2]10월'!$F$8-SUM('[2]10월'!$Z$8,'[2]10월'!$AH$8,'[2]10월'!$AN$8,'[2]10월'!$AO$8,'[2]10월'!$BA$8,'[2]10월'!$BD$8,'[2]10월'!$BE$8,'[2]10월'!$BF$8))/1000 -> 1.8182 | Q39: =+P39-O39 -> 0.0482 | R39: =+('[3]10월'!$F$8-SUM('[3]10월'!$Z$8,'[3]10월'!$AH$8,'[3]10월'!$AN$8,'[3]10월'!$AO$8,'[3]10월'!$BA$8,'[3]10월'!$BD$8,'[3]10월'!$BE$8,'[3]10월'!$BF$8))/1000 -> 1.7741 | S39: =+P39-R39 -> 0.0441 | T39: =+('[1]10월'!$E$26-'[1]10월'!$Z$26-'[1]10월'!$AA$26-'[1]10월'!$AE$26-'[1]10월'!$AL$26-'[1]10월'!$AM$26-'[1]10월'!$AN$26-'[1]10월'!$AO$26-'[1]10월'!$AP$26-'[1]10월'!$AQ$26-'[1]10월'!$AS$26)/1000 -> -79.281808 | U39: =+('[2]10월'!$F$26-SUM('[2]10월'!$Z$26,'[2]10월'!$AH$26,'[2]10월'!$AN$26,'[2]10월'!$AO$26,'[2]10월'!$BA$26,'[2]10월'!$BD$26,'[2]10월'!$BE$26,'[2]10월'!$BF$26))/1000 -> -16.754541 | V39: =+U39-T39 -> 62.527267 | W39: =+('[3]10월'!$F$26-SUM('[3]10월'!$Z$26,'[3]10월'!$AH$26,'[3]10월'!$AN$26,'[3]10월'!$AO$26,'[3]10월'!$BA$26,'[3]10월'!$BD$26,'[3]10월'!$BE$26,'[3]10월'!$BF$26))/1000 -> -15.650762 | X39: =+U39-W39 -> -1.103779
N40: =+K40-M40 -> 0 | Q40: =+P40-O40 -> 0 | S40: =+P40-R40 -> 0 | V40: =+U40-T40 -> 0
H41: 기타 계 | J41: =SUM(J33:J40) -> 0 | K41: =SUM(K33:K40) -> 0 | L41: =+K41-J41 -> 0 | M41: =SUM(M33:M40) -> 0 | N41: =+K41-M41 -> 0 | O41: =SUM(O33:O40) -> 164.9075 | P41: =SUM(P33:P40) -> 166.49562 | Q41: =+P41-O41 -> 1.5881207 | R41: =SUM(R33:R40) -> 185.79062 | S41: =+P41-R41 -> -19.294996 | T41: =SUM(T33:T40) -> -1220.1833 | U41: =SUM(U33:U40) -> -861.08329 | V41: =+U41-T41 -> 359.10005 | W41: =SUM(W33:W40) -> -1062.4049 | X41: =+U41-W41 -> 201.3216
U42: 19 | V42: 12.4
G43: =+P43/O43 -> 0.8340614 | H43: 합계 | O43: =+O27+O32+O28+O41 -> 46303.007 | P43: =+P27+P32+P28+P41 -> 38619.551 | Q43: =+P43-O43 -> -7683.4561 | R43: =+R27+R32+R28+R41 -> 47628.924 | S43: =+P43-R43 -> -9009.3734 | T43: =+T27+T32+T28+T41 -> 4580.2039 | U43: =+U27+U32+U28+U41 -> 1174.2356 | V43: =+U43-T43 -> -3405.9683 | W43: =+W27+W32+W28+W41 -> 5006.0331 | X43: =+U43-W43 -> -3831.7975
G44: =+U43/T43 -> 0.25637191 | P44: =+P43/O43 -> 0.8340614 | T44: =+T43/O43 -> 0.098918067 | U44: =+U43/P43 -> 0.030405212
I46: 확인 | J46: =+'[1]10월'!$Z$7/1000 -> 321 | K46: =+'[2]10월'!$AI$7/1000 -> 296.557 | M46: =+'[3]10월'!$Z$7/1000 -> 350.514 | O46: =+'[1]10월'!$E$8/1000 -> 46303.007 | P46: =+'[2]10월'!$F$8/1000 -> 38619.551 | R46: =+'[3]10월'!$F$8/1000 -> 47628.924 | T46: =+'[1]10월'!$E$26/1000 -> 4580.2039 | U46: =+'[2]10월'!$F$26/1000 -> 1174.2356 | W46: =+'[3]10월'!$F$26/1000 -> 5006.0331 | AA46: =952+53+40+7 -> 1052
J47: =+J46-J27 -> 0 | K47: =+K46-K27 -> 0 | M47: =+M46-M27 -> 0 | O47: =+O46-O43 -> 0 | P47: =+P46-P43 -> 0 | R47: =+R46-R43 -> 0 | T47: =+T46-T43 -> 0 | U47: =+U46-U43 -> 0 | W47: =+W46-W43 -> 0
S50: 레미콘 | T50: =(+T27+T35)/100 -> 40.721211 | U50: =(+U27+U35)/100 -> 9.4469292 | V50: =+U50-T50 -> -31.274282 | W50: =+U50/T50-1 -> -0.76800962
S51: 건자재 | T51: =+T28/100 -> 1.5578428 | U51: =+U28/100 -> 0.44005329 | V51: =+U51-T51 -> -1.1177895 | Y51: - OPC 소급분 : 삼표 2.5억(총 9.9억 中 1회차) → 8~11월 총 4회 소급예정
S52: 골재 | T52: =+T32/100 -> 3.3315138 | U52: =+U32/100 -> -1.4995785 | V52: =+U52-T52 -> -4.8310923
S53: 임대 | T53: =(T33+T34)/100 -> 1.3419643 | U53: =(U33+U34)/100 -> 1.3487362 | V53: =+U53-T53 -> 0.0067719267
S54: 기타 | T54: =(T46/100)-T50-T51-T52-T53 -> -1.1504929 | U54: =(U46/100)-U50-U51-U52-U53 -> 2.0062159 | V54: =+U54-T54 -> 3.1567089
T55: =SUM(T53:T54) -> 0.1914714 | U55: =SUM(U53:U54) -> 3.3549522 | V55: =SUM(V53:V54) -> 3.1634808
S56: 임대 | T56: =+(T33+T34)/100 -> 1.3419643 | U56: =+(U33+U34)/100 -> 1.3487362 | V56: =+U56-T56 -> 0.0067719267
S57: =+I36 -> OPC 소급분 | T57: =+T36/100 -> 0 | U57: =+U36/100 -> 2.5 | V57: =+U57-T57 -> 2.5
S58: =+I37 -> 대손 | T58: =+T37/100 -> 0 | U58: =+U37/100 -> 0 | V58: =+U58-T58 -> 0
S59: =+I38 -> 미운영 공장 | T59: =+T38/100 -> -0.35767484 | U59: =+U38/100 -> -0.32623866 | V59: =+U59-T59 -> 0.031436184
S60: =+I39 -> 기타 | T60: =+T39/100 -> -0.79281808 | U60: =+U39/100 -> -0.16754541 | V60: =+U60-T60 -> 0.62527267
T61: =SUM(T56:T60) -> 0.1914714 | U61: =SUM(U56:U60) -> 3.3549522 | V61: =SUM(V56:V60) -> 3.1634808

Sheet 사업장별(누계)
H3: □ 사업장별 손익실적(2024-10누계)
AG4: [단위 : 천㎥, 톤, 백만원]
H5: 구분 | J5: 물량 | O5: 매출 | T5: 영업이익(공통비 배부전) | Y5: 판매단가 | AB5: 변동비 | AE5: 공헌이익
J6: 계획 | K6: 실적 | L6: 차이 | M6: 전년 | N6: 차이 | O6: 계획 | P6: 실적 | Q6: 차이 | R6: 전년 | S6: 차이 | T6: 계획 | U6: 실적 | V6: 차이 | W6: 전년 | X6: 차이 | Y6: 계획 | Z6: 실적 | AA6: 전년 | AB6: 계획 | AC6: 실적 | AD6: 전년 | AE6: 계획 | AF6: 실적 | AG6: 전년
B7: 안양 | F7: =+U7/T7 -> 0.61185956 | G7: =+K7/J7 -> 0.9047724 | H7: 레미콘 | I7: 안양 | J7: =+'사업장별(당월)'!J7+'[4]사업장별(누계)'!J7 -> 413 | K7: =+'사업장별(당월)'!K7+'[4]사업장별(누계)'!K7 -> 373.671 | L7: =+K7-J7 -> -39.329 | M7: =+'사업장별(당월)'!M7+'[4]사업장별(누계)'!M7 -> 451.318 | N7: =+K7-M7 -> -77.647 | O7: =+'사업장별(당월)'!O7+'[4]사업장별(누계)'!O7 -> 41395.914 | P7: =+'사업장별(당월)'!P7+'[4]사업장별(누계)'!P7 -> 37039.865 | Q7: =+P7-O7 -> -4356.0492 | R7: =+'사업장별(당월)'!R7+'[4]사업장별(누계)'!R7 -> 42064.133 | S7: =+P7-R7 -> -5024.2672 | T7: =+'사업장별(당월)'!T7+'[4]사업장별(누계)'!T7 -> 5712.3422 | U7: =+'사업장별(당월)'!U7+'[4]사업장별(누계)'!U7 -> 3495.1512 | V7: =+U7-T7 -> -2217.191 | W7: =+'사업장별(당월)'!W7+'[4]사업장별(누계)'!W7 -> 6228.1904 | X7: =+U7-W7 -> -2733.0392 | Y7: =+[11]안양!$Q$85 -> 100232.24 | Z7: =+[11]안양!$R$85 -> 99119.962 | AA7: =+[12]안양!$Q$85 -> 93178.954 | AB7: =+[11]안양!$Q$89 -> 78982.697 | AC7: =+[11]안양!$R$89 -> 81575.399 | AD7: =+[12]안양!$Q$89 -> 72902.644 | AE7: =+Y7-AB7 -> 21249.541 | AF7: =+Z7-AC7 -> 17544.563 | AG7: =+AA7-AD7 -> 20276.309 | AI7: =+U7/T7-1 -> -0.38814044 | AJ7: =+U7/T7 -> 0.61185956 | AK7: =+Z7-Y7 -> -1112.2764 | AL7: =+AC7-AB7 -> 2592.7024 | AM7: =+AF7-AE7 -> -3704.9788
B8: 인천 | F8: =+U8/T8 -> 0.48025182 | G8: =+K8/J8 -> 0.86712662 | H8: 직영 | I8: 인천 | J8: =+'사업장별(당월)'!J8+'[4]사업장별(누계)'!J8 -> 308 | K8: =+'사업장별(당월)'!K8+'[4]사업장별(누계)'!K8 -> 267.075 | L8: =+K8-J8 -> -40.925 | M8: =+'사업장별(당월)'!M8+'[4]사업장별(누계)'!M8 -> 371.923 | N8: =+K8-M8 -> -104.848 | O8: =+'사업장별(당월)'!O8+'[4]사업장별(누계)'!O8 -> 31452.616 | P8: =+'사업장별(당월)'!P8+'[4]사업장별(누계)'!P8 -> 26610.64 | Q8: =+P8-O8 -> -4841.9759 | R8: =+'사업장별(당월)'!R8+'[4]사업장별(누계)'!R8 -> 35784.89 | S8: =+P8-R8 -> -9174.2499 | T8: =+'사업장별(당월)'!T8+'[4]사업장별(누계)'!T8 -> 3461.4375 | U8: =+'사업장별(당월)'!U8+'[4]사업장별(누계)'!U8 -> 1662.3617 | V8: =+U8-T8 -> -1799.0758 | W8: =+'사업장별(당월)'!W8+'[4]사업장별(누계)'!W8 -> 4468.8093 | X8: =+U8-W8 -> -2806.4477 | Y8: =+[11]인천!$Q$85 -> 102118.88 | Z8: =+[11]인천!$R$85 -> 99641.374 | AA8: =+[12]인천!$Q$85 -> 96189.949 | AB8: =+[11]인천!$Q$89 -> 81179.767 | AC8: =+[11]인천!$R$89 -> 82366.897 | AD8: =+[12]인천!$Q$89 -> 76069.849 | AE8: =+Y8-AB8 -> 20939.115 | AF8: =+Z8-AC8 -> 17274.477 | AG8: =+AA8-AD8 -> 20120.1 | AI8: =+U8/T8-1 -> -0.51974818 | AK8: =+Z8-Y8 -> -2477.508 | AL8: =+AC8-AB8 -> 1187.1297 | AM8: =+AF8-AE8 -> -3664.6377
B9: 파주 | F9: =+U9/T9 -> 0.52020314 | G9: =+K9/J9 -> 0.99469388 | I9: 파주 | J9: =+'사업장별(당월)'!J9+'[4]사업장별(누계)'!J9 -> 245 | K9: =+'사업장별(당월)'!K9+'[4]사업장별(누계)'!K9 -> 243.7 | L9: =+K9-J9 -> -1.3 | M9: =+'사업장별(당월)'!M9+'[4]사업장별(누계)'!M9 -> 263.189 | N9: =+K9-M9 -> -19.489 | O9: =+'사업장별(당월)'!O9+'[4]사업장별(누계)'!O9 -> 24188.765 | P9: =+'사업장별(당월)'!P9+'[4]사업장별(누계)'!P9 -> 23555.596 | Q9: =+P9-O9 -> -633.16941 | R9: =+'사업장별(당월)'!R9+'[4]사업장별(누계)'!R9 -> 24364.544 | S9: =+P9-R9 -> -808.94806 | T9: =+'사업장별(당월)'!T9+'[4]사업장별(누계)'!T9 -> 3256.3599 | U9: =+'사업장별(당월)'!U9+'[4]사업장별(누계)'!U9 -> 1693.9687 | V9: =+U9-T9 -> -1562.3913 | W9: =+'사업장별(당월)'!W9+'[4]사업장별(누계)'!W9 -> 2646.245 | X9: =+U9-W9 -> -952.27632 | Y9: =+[11]파주!$Q$85 -> 98729.654 | Z9: =+[11]파주!$R$85 -> 96666.953 | AA9: =+[12]파주!$Q$85 -> 92543.77 | AB9: =+[11]파주!$Q$89 -> 76349.328 | AC9: =+[11]파주!$R$89 -> 80272.138 | AD9: =+[12]파주!$Q$89 -> 74064.364 | AE9: =+Y9-AB9 -> 22380.326 | AF9: =+Z9-AC9 -> 16394.815 | AG9: =+AA9-AD9 -> 18479.405 | AI9: =+U9/T9-1 -> -0.47979686 | AK9: =+Z9-Y9 -> -2062.7009 | AL9: =+AC9-AB9 -> 3922.8099 | AM9: =+AF9-AE9 -> -5985.5108
B10: 김포 | F10: =+U10/T10 -> 0.46215024 | G10: =+K10/J10 -> 0.74494481 | I10: 김포 | J10: =+'사업장별(당월)'!J10+'[4]사업장별(누계)'!J10 -> 154 | K10: =+'사업장별(당월)'!K10+'[4]사업장별(누계)'!K10 -> 114.7215 | L10: =+K10-J10 -> -39.2785 | M10: =+'사업장별(당월)'!M10+'[4]사업장별(누계)'!M10 -> 163.7 | N10: =+K10-M10 -> -48.9785 | O10: =+'사업장별(당월)'!O10+'[4]사업장별(누계)'!O10 -> 14742.255 | P10: =+'사업장별(당월)'!P10+'[4]사업장별(누계)'!P10 -> 11196.54 | Q10: =+P10-O10 -> -3545.7157 | R10: =+'사업장별(당월)'!R10+'[4]사업장별(누계)'!R10 -> 14767.582 | S10: =+P10-R10 -> -3571.0425 | T10: =+'사업장별(당월)'!T10+'[4]사업장별(누계)'!T10 -> 2024.881 | U10: =+'사업장별(당월)'!U10+'[4]사업장별(누계)'!U10 -> 935.79926 | V10: =+U10-T10 -> -1089.0818 | W10: =+'사업장별(당월)'!W10+'[4]사업장별(누계)'!W10 -> 1880.7956 | X10: =+U10-W10 -> -944.99638 | Y10: =+[11]김포!$Q$85 -> 95728.932 | Z10: =+[11]김포!$R$85 -> 97610.856 | AA10: =+[12]김포!$Q$85 -> 90183.567 | AB10: =+[11]김포!$Q$89 -> 71808.956 | AC10: =+[11]김포!$R$89 -> 75418.587 | AD10: =+[12]김포!$Q$89 -> 68439.452 | AE10: =+Y10-AB10 -> 23919.975 | AF10: =+Z10-AC10 -> 22192.269 | AG10: =+AA10-AD10 -> 21744.115 | AI10: =+U10/T10-1 -> -0.53784976 | AK10: =+Z10-Y10 -> 1881.9245 | AL10: =+AC10-AB10 -> 3609.6307 | AM10: =+AF10-AE10 -> -1727.7062
B11: 부산 | F11: =+U11/T11 -> 0.64076431 | G11: =+K11/J11 -> 0.97644802 | I11: 부산 | J11: =+'사업장별(당월)'!J11+'[4]사업장별(누계)'!J11 -> 202 | K11: =+'사업장별(당월)'!K11+'[4]사업장별(누계)'!K11 -> 197.2425 | L11: =+K11-J11 -> -4.7575 | M11: =+'사업장별(당월)'!M11+'[4]사업장별(누계)'!M11 -> 232.6375 | N11: =+K11-M11 -> -35.395 | O11: =+'사업장별(당월)'!O11+'[4]사업장별(누계)'!O11 -> 21735.21 | P11: =+'사업장별(당월)'!P11+'[4]사업장별(누계)'!P11 -> 21243.856 | Q11: =+P11-O11 -> -491.35415 | R11: =+'사업장별(당월)'!R11+'[4]사업장별(누계)'!R11 -> 24056.453 | S11: =+P11-R11 -> -2812.5968 | T11: =+'사업장별(당월)'!T11+'[4]사업장별(누계)'!T11 -> 3200.7174 | U11: =+'사업장별(당월)'!U11+'[4]사업장별(누계)'!U11 -> 2050.9055 | V11: =+U11-T11 -> -1149.8119 | W11: =+'사업장별(당월)'!W11+'[4]사업장별(누계)'!W11 -> 4218.1703 | X11: =+U11-W11 -> -2167.2648 | Y11: =+[11]부산!$Q$85 -> 107600.05 | Z11: =+[11]부산!$R$85 -> 107704.25 | AA11: =+[12]부산!$Q$85 -> 103407.46 | AB11: =+[11]부산!$Q$89 -> 78480.034 | AC11: =+[11]부산!$R$89 -> 83958.151 | AD11: =+[12]부산!$Q$89 -> 74478.503 | AE11: =+Y11-AB11 -> 29120.015 | AF11: =+Z11-AC11 -> 23746.101 | AG11: =+AA11-AD11 -> 28928.956 | AI11: =+U11/T11-1 -> -0.35923569 | AK11: =+Z11-Y11 -> 104.20212 | AL11: =+AC11-AB11 -> 5478.1165 | AM11: =+AF11-AE11 -> -5373.9144
B12: 서부산 | F12: =+U12/T12 -> 0.53622785 | G12: =+K12/J12 -> 0.87047059 | I12: 서부산 | J12: =+'사업장별(당월)'!J12+'[4]사업장별(누계)'!J12 -> 238 | K12: =+'사업장별(당월)'!K12+'[4]사업장별(누계)'!K12 -> 207.172 | L12: =+K12-J12 -> -30.828 | M12: =+'사업장별(당월)'!M12+'[4]사업장별(누계)'!M12 -> 220.244 | N12: =+K12-M12 -> -13.072 | O12: =+'사업장별(당월)'!O12+'[4]사업장별(누계)'!O12 -> 24721.991 | P12: =+'사업장별(당월)'!P12+'[4]사업장별(누계)'!P12 -> 20831.234 | Q12: =+P12-O12 -> -3890.757 | R12: =+'사업장별(당월)'!R12+'[4]사업장별(누계)'!R12 -> 22118.105 | S12: =+P12-R12 -> -1286.8714 | T12: =+'사업장별(당월)'!T12+'[4]사업장별(누계)'!T12 -> 4271.6992 | U12: =+'사업장별(당월)'!U12+'[4]사업장별(누계)'!U12 -> 2290.6041 | V12: =+U12-T12 -> -1981.0951 | W12: =+'사업장별(당월)'!W12+'[4]사업장별(누계)'!W12 -> 3903.0732 | X12: =+U12-W12 -> -1612.4692 | Y12: =+[11]서부산!$Q$85 -> 103873.91 | Z12: =+[11]서부산!$R$85 -> 100551.52 | AA12: =+[12]서부산!$Q$85 -> 100425.46 | AB12: =+[11]서부산!$Q$89 -> 76880.295 | AC12: =+[11]서부산!$R$89 -> 78733.007 | AD12: =+[12]서부산!$Q$89 -> 73431.154 | AE12: =+Y12-AB12 -> 26993.616 | AF12: =+Z12-AC12 -> 21818.51 | AG12: =+AA12-AD12 -> 26994.306 | AI12: =+U12/T12-1 -> -0.46377215 | AK12: =+Z12-Y12 -> -3322.394 | AL12: =+AC12-AB12 -> 1852.7122 | AM12: =+AF12-AE12 -> -5175.1062
B13: 김해 | F13: =+U13/T13 -> 0.50415234 | G13: =+K13/J13 -> 1.1477179 | I13: 김해 | J13: =+'사업장별(당월)'!J13+'[4]사업장별(누계)'!J13 -> 117 | K13: =+'사업장별(당월)'!K13+'[4]사업장별(누계)'!K13 -> 134.283 | L13: =+K13-J13 -> 17.283 | M13: =+'사업장별(당월)'!M13+'[4]사업장별(누계)'!M13 -> 132.468 | N13: =+K13-M13 -> 1.815 | O13: =+'사업장별(당월)'!O13+'[4]사업장별(누계)'!O13 -> 11816.989 | P13: =+'사업장별(당월)'!P13+'[4]사업장별(누계)'!P13 -> 12777.262 | Q13: =+P13-O13 -> 960.2729 | R13: =+'사업장별(당월)'!R13+'[4]사업장별(누계)'!R13 -> 12949.899 | S13: =+P13-R13 -> -172.637 | T13: =+'사업장별(당월)'!T13+'[4]사업장별(누계)'!T13 -> 1428.2501 | U13: =+'사업장별(당월)'!U13+'[4]사업장별(누계)'!U13 -> 720.05566 | V13: =+U13-T13 -> -708.19449 | W13: =+'사업장별(당월)'!W13+'[4]사업장별(누계)'!W13 -> 1735.7424 | X13: =+U13-W13 -> -1015.6867 | Y13: =+[11]김해!$Q$85 -> 100999.91 | Z13: =+[11]김해!$R$85 -> 95232.38 | AA13: =+[12]김해!$Q$85 -> 97774.205 | AB13: =+[11]김해!$Q$89 -> 76467.756 | AC13: =+[11]김해!$R$89 -> 78745.258 | AD13: =+[12]김해!$Q$89 -> 74007.215 | AE13: =+Y13-AB13 -> 24532.15 | AF13: =+Z13-AC13 -> 16487.122 | AG13: =+AA13-AD13 -> 23766.99 | AI13: =+U13/T13-1 -> -0.49584766 | AK13: =+Z13-Y13 -> -5767.5259 | AL13: =+AC13-AB13 -> 2277.5015 | AM13: =+AF13-AE13 -> -8045.0274
B14: 정관 | F14: =+U14/T14 -> 0.71403705 | G14: =+K14/J14 -> 1.1464506 | I14: 정관 | J14: =+'사업장별(당월)'!J14+'[4]사업장별(누계)'!J14 -> 172 | K14: =+'사업장별(당월)'!K14+'[4]사업장별(누계)'!K14 -> 197.1895 | L14: =+K14-J14 -> 25.1895 | M14: =+'사업장별(당월)'!M14+'[4]사업장별(누계)'!M14 -> 189.316 | N14: =+K14-M14 -> 7.8735 | O14: =+'사업장별(당월)'!O14+'[4]사업장별(누계)'!O14 -> 17888 | P14: =+'사업장별(당월)'!P14+'[4]사업장별(누계)'!P14 -> 19917.169 | Q14: =+P14-O14 -> 2029.1691 | R14: =+'사업장별(당월)'!R14+'[4]사업장별(누계)'!R14 -> 19042.669 | S14: =+P14-R14 -> 874.50025 | T14: =+'사업장별(당월)'!T14+'[4]사업장별(누계)'!T14 -> 2441.0758 | U14: =+'사업장별(당월)'!U14+'[4]사업장별(누계)'!U14 -> 1743.0186 | V14: =+U14-T14 -> -698.05726 | W14: =+'사업장별(당월)'!W14+'[4]사업장별(누계)'!W14 -> 2961.7646 | X14: =+U14-W14 -> -1218.746 | Y14: =+[11]정관!$Q$85 -> 104000 | Z14: =+[11]정관!$R$85 -> 101005.22 | AA14: =+[12]정관!$Q$85 -> 100586.68 | AB14: =+[11]정관!$Q$89 -> 78239.793 | AC14: =+[11]정관!$R$89 -> 81770.402 | AD14: =+[12]정관!$Q$89 -> 74886.824 | AE14: =+Y14-AB14 -> 25760.207 | AF14: =+Z14-AC14 -> 19234.819 | AG14: =+AA14-AD14 -> 25699.86 | AI14: =+U14/T14-1 -> -0.28596295 | AK14: =+Z14-Y14 -> -2994.7788 | AL14: =+AC14-AB14 -> 3530.6089 | AM14: =+AF14-AE14 -> -6525.3876
B15: 양산 | F15: =+U15/T15 -> 0.78357699 | G15: =+K15/J15 -> 1.1951792 | I15: 양산 | J15: =+'사업장별(당월)'!J15+'[4]사업장별(누계)'!J15 -> 106 | K15: =+'사업장별(당월)'!K15+'[4]사업장별(누계)'!K15 -> 126.689 | L15: =+K15-J15 -> 20.689 | M15: =+'사업장별(당월)'!M15+'[4]사업장별(누계)'!M15 -> 136.345 | N15: =+K15-M15 -> -9.656 | O15: =+'사업장별(당월)'!O15+'[4]사업장별(누계)'!O15 -> 10252.733 | P15: =+'사업장별(당월)'!P15+'[4]사업장별(누계)'!P15 -> 11748.749 | Q15: =+P15-O15 -> 1496.0164 | R15: =+'사업장별(당월)'!R15+'[4]사업장별(누계)'!R15 -> 12767.743 | S15: =+P15-R15 -> -1018.9934 | T15: =+'사업장별(당월)'!T15+'[4]사업장별(누계)'!T15 -> 1386.1496 | U15: =+'사업장별(당월)'!U15+'[4]사업장별(누계)'!U15 -> 1086.1549 | V15: =+U15-T15 -> -299.99467 | W15: =+'사업장별(당월)'!W15+'[4]사업장별(누계)'!W15 -> 1954.8304 | X15: =+U15-W15 -> -868.67544 | Y15: =+[11]양산!$Q$85 -> 96723.896 | Z15: =+[11]양산!$R$85 -> 92736.934 | AA15: =+[12]양산!$Q$85 -> 93644.464 | AB15: =+[11]양산!$Q$89 -> 70375.117 | AC15: =+[11]양산!$R$89 -> 72990.59 | AD15: =+[12]양산!$Q$89 -> 68617.622 | AE15: =+Y15-AB15 -> 26348.78 | AF15: =+Z15-AC15 -> 19746.344 | AG15: =+AA15-AD15 -> 25026.842 | AI15: =+U15/T15-1 -> -0.21642301 | AK15: =+Z15-Y15 -> -3986.9623 | AL15: =+AC15-AB15 -> 2615.4735 | AM15: =+AF15-AE15 -> -6602.4357
B16: 창원 | F16: =+U16/T16 -> 0.9358813 | G16: =+K16/J16 -> 1.0732673 | I16: 창원 | J16: =+'사업장별(당월)'!J16+'[4]사업장별(누계)'!J16 -> 159 | K16: =+'사업장별(당월)'!K16+'[4]사업장별(누계)'!K16 -> 170.6495 | L16: =+K16-J16 -> 11.6495 | M16: =+'사업장별(당월)'!M16+'[4]사업장별(누계)'!M16 -> 197.645 | N16: =+K16-M16 -> -26.9955 | O16: =+'사업장별(당월)'!O16+'[4]사업장별(누계)'!O16 -> 16038.019 | P16: =+'사업장별(당월)'!P16+'[4]사업장별(누계)'!P16 -> 17191.816 | Q16: =+P16-O16 -> 1153.7978 | R16: =+'사업장별(당월)'!R16+'[4]사업장별(누계)'!R16 -> 18897.741 | S16: =+P16-R16 -> -1705.9246 | T16: =+'사업장별(당월)'!T16+'[4]사업장별(누계)'!T16 -> 2605.854 | U16: =+'사업장별(당월)'!U16+'[4]사업장별(누계)'!U16 -> 2438.7701 | V16: =+U16-T16 -> -167.08398 | W16: =+'사업장별(당월)'!W16+'[4]사업장별(누계)'!W16 -> 3716.2957 | X16: =+U16-W16 -> -1277.5257 | Y16: =+[11]창원!$Q$85 -> 100868.04 | Z16: =+[11]창원!$R$85 -> 100743.43 | AA16: =+[12]창원!$Q$85 -> 95614.566 | AB16: =+[11]창원!$Q$89 -> 72318.707 | AC16: =+[11]창원!$R$89 -> 74908.32 | AD16: =+[12]창원!$Q$89 -> 67438.476 | AE16: =+Y16-AB16 -> 28549.333 | AF16: =+Z16-AC16 -> 25835.112 | AG16: =+AA16-AD16 -> 28176.09 | AI16: =+U16/T16-1 -> -0.064118704 | AK16: =+Z16-Y16 -> -124.60888 | AL16: =+AC16-AB16 -> 2589.6123 | AM16: =+AF16-AE16 -> -2714.2212
B17: 대구 | F17: =+U17/T17 -> 0.82351155 | G17: =+K17/J17 -> 0.98973333 | I17: 대구 | J17: =+'사업장별(당월)'!J17+'[4]사업장별(누계)'!J17 -> 157.5 | K17: =+'사업장별(당월)'!K17+'[4]사업장별(누계)'!K17 -> 155.883 | L17: =+K17-J17 -> -1.617 | M17: =+'사업장별(당월)'!M17+'[4]사업장별(누계)'!M17 -> 196.5375 | N17: =+K17-M17 -> -40.6545 | O17: =+'사업장별(당월)'!O17+'[4]사업장별(누계)'!O17 -> 15399.58 | P17: =+'사업장별(당월)'!P17+'[4]사업장별(누계)'!P17 -> 15602.773 | Q17: =+P17-O17 -> 203.1925 | R17: =+'사업장별(당월)'!R17+'[4]사업장별(누계)'!R17 -> 18322.76 | S17: =+P17-R17 -> -2719.9878 | T17: =+'사업장별(당월)'!T17+'[4]사업장별(누계)'!T17 -> 2691.7702 | U17: =+'사업장별(당월)'!U17+'[4]사업장별(누계)'!U17 -> 2216.7039 | V17: =+U17-T17 -> -475.06636 | W17: =+'사업장별(당월)'!W17+'[4]사업장별(누계)'!W17 -> 3478.8908 | X17: =+U17-W17 -> -1262.1869 | Y17: =+[11]대구!$Q$85 -> 97775.111 | Z17: =+[11]대구!$R$85 -> 100092.6 | AA17: =+[12]대구!$Q$85 -> 93226.219 | AB17: =+[11]대구!$Q$89 -> 69700.836 | AC17: =+[11]대구!$R$89 -> 74637.952 | AD17: =+[12]대구!$Q$89 -> 66869.783 | AE17: =+Y17-AB17 -> 28074.275 | AF17: =+Z17-AC17 -> 25454.647 | AG17: =+AA17-AD17 -> 26356.436 | AI17: =+U17/T17-1 -> -0.17648845 | AK17: =+Z17-Y17 -> 2317.4885 | AL17: =+AC17-AB17 -> 4937.1164 | AM17: =+AF17-AE17 -> -2619.6279
B18: 울산 | F18: =+U18/T18 -> 2.321862 | G18: =+K18/J18 -> 1.264814 | I18: 울산 | J18: =+'사업장별(당월)'!J18+'[4]사업장별(누계)'!J18 -> 86 | K18: =+'사업장별(당월)'!K18+'[4]사업장별(누계)'!K18 -> 108.774 | L18: =+K18-J18 -> 22.774 | M18: =+'사업장별(당월)'!M18+'[4]사업장별(누계)'!M18 -> 87.6735 | N18: =+K18-M18 -> 21.1005 | O18: =+'사업장별(당월)'!O18+'[4]사업장별(누계)'!O18 -> 8626.7117 | P18: =+'사업장별(당월)'!P18+'[4]사업장별(누계)'!P18 -> 11248.414 | Q18: =+P18-O18 -> 2621.7023 | R18: =+'사업장별(당월)'!R18+'[4]사업장별(누계)'!R18 -> 8324.3358 | S18: =+P18-R18 -> 2924.0782 | T18: =+'사업장별(당월)'!T18+'[4]사업장별(누계)'!T18 -> 533.27452 | U18: =+'사업장별(당월)'!U18+'[4]사업장별(누계)'!U18 -> 1238.1898 | V18: =+U18-T18 -> 704.91532 | W18: =+'사업장별(당월)'!W18+'[4]사업장별(누계)'!W18 -> 562.41733 | X18: =+U18-W18 -> 675.7725 | Y18: =+[11]울산!$Q$85 -> 100310.6 | Z18: =+[11]울산!$R$85 -> 103410.87 | AA18: =+[12]울산!$Q$85 -> 94955.037 | AB18: =+[11]울산!$Q$89 -> 78507.323 | AC18: =+[11]울산!$R$89 -> 80071.378 | AD18: =+[12]울산!$Q$89 -> 73992.92 | AE18: =+Y18-AB18 -> 21803.279 | AF18: =+Z18-AC18 -> 23339.492 | AG18: =+AA18-AD18 -> 20962.117 | AI18: =+U18/T18-1 -> 1.321862 | AJ18: =+U18/T18 -> 2.321862 | AK18: =+Z18-Y18 -> 3100.269 | AL18: =+AC18-AB18 -> 1564.0555 | AM18: =+AF18-AE18 -> 1536.2135
B19: 아산 | F19: =+U19/T19 -> 1.1667171 | G19: =+K19/J19 -> 1.18694 | I19: 아산 | J19: =+'사업장별(당월)'!J19+'[4]사업장별(누계)'!J19 -> 225 | K19: =+'사업장별(당월)'!K19+'[4]사업장별(누계)'!K19 -> 267.0615 | L19: =+K19-J19 -> 42.0615 | M19: =+'사업장별(당월)'!M19+'[4]사업장별(누계)'!M19 -> 253.79 | N19: =+K19-M19 -> 13.2715 | O19: =+'사업장별(당월)'!O19+'[4]사업장별(누계)'!O19 -> 22725.008 | P19: =+'사업장별(당월)'!P19+'[4]사업장별(누계)'!P19 -> 26913.525 | Q19: =+P19-O19 -> 4188.5166 | R19: =+'사업장별(당월)'!R19+'[4]사업장별(누계)'!R19 -> 24269.713 | S19: =+P19-R19 -> 2643.8122 | T19: =+'사업장별(당월)'!T19+'[4]사업장별(누계)'!T19 -> 3327.8563 | U19: =+'사업장별(당월)'!U19+'[4]사업장별(누계)'!U19 -> 3882.667 | V19: =+U19-T19 -> 554.81063 | W19: =+'사업장별(당월)'!W19+'[4]사업장별(누계)'!W19 -> 4029.9735 | X19: =+U19-W19 -> -147.3065 | Y19: =+[11]아산!$Q$85 -> 101000.04 | Z19: =+[11]아산!$R$85 -> 100725.63 | AA19: =+[12]아산!$Q$85 -> 95701.369 | AB19: =+[11]아산!$Q$89 -> 76666.504 | AC19: =+[11]아산!$R$89 -> 76735.538 | AD19: =+[12]아산!$Q$89 -> 70878.996 | AE19: =+Y19-AB19 -> 24333.533 | AF19: =+Z19-AC19 -> 23990.096 | AG19: =+AA19-AD19 -> 24822.373 | AI19: =+U19/T19-1 -> 0.16671712 | AJ19: =+U19/T19 -> 1.1667171
B20: 전주 | F20: =+U20/T20 -> 0.29197049 | G20: =+K20/J20 -> 0.72777778 | I20: 전주 | J20: =+'사업장별(당월)'!J20+'[4]사업장별(누계)'!J20 -> 117 | K20: =+'사업장별(당월)'!K20+'[4]사업장별(누계)'!K20 -> 85.15 | L20: =+K20-J20 -> -31.85 | M20: =+'사업장별(당월)'!M20+'[4]사업장별(누계)'!M20 -> 106.8875 | N20: =+K20-M20 -> -21.7375 | O20: =+'사업장별(당월)'!O20+'[4]사업장별(누계)'!O20 -> 12000.544 | P20: =+'사업장별(당월)'!P20+'[4]사업장별(누계)'!P20 -> 8192.7088 | Q20: =+P20-O20 -> -3807.8349 | R20: =+'사업장별(당월)'!R20+'[4]사업장별(누계)'!R20 -> 10523.994 | S20: =+P20-R20 -> -2331.2855 | T20: =+'사업장별(당월)'!T20+'[4]사업장별(누계)'!T20 -> 1935.5285 | U20: =+'사업장별(당월)'!U20+'[4]사업장별(누계)'!U20 -> 565.1172 | V20: =+U20-T20 -> -1370.4113 | W20: =+'사업장별(당월)'!W20+'[4]사업장별(누계)'!W20 -> 1711.9863 | X20: =+U20-W20 -> -1146.8691 | Y20: =+[11]전주!$Q$85 -> 102568.75 | Z20: =+[11]전주!$R$85 -> 96216.463 | AA20: =+[12]전주!$Q$85 -> 98558.929 | AB20: =+[11]전주!$Q$89 -> 73535.697 | AC20: =+[11]전주!$R$89 -> 72048.069 | AD20: =+[12]전주!$Q$89 -> 69161.801 | AE20: =+Y20-AB20 -> 29033.053 | AF20: =+Z20-AC20 -> 24168.394 | AG20: =+AA20-AD20 -> 29397.128 | AI20: =+U20/T20-1 -> -0.70802951
B21: 군산 | F21: =+U21/T21 -> 1.4932692 | G21: =+K21/J21 -> 1.2967652 | I21: 군산 | J21: =+'사업장별(당월)'!J21+'[4]사업장별(누계)'!J21 -> 66 | K21: =+'사업장별(당월)'!K21+'[4]사업장별(누계)'!K21 -> 85.5865 | L21: =+K21-J21 -> 19.5865 | M21: =+'사업장별(당월)'!M21+'[4]사업장별(누계)'!M21 -> 79.2935 | N21: =+K21-M21 -> 6.293 | O21: =+'사업장별(당월)'!O21+'[4]사업장별(누계)'!O21 -> 7194.0116 | P21: =+'사업장별(당월)'!P21+'[4]사업장별(누계)'!P21 -> 9687.7001 | Q21: =+P21-O21 -> 2493.6885 | R21: =+'사업장별(당월)'!R21+'[4]사업장별(누계)'!R21 -> 7868.0585 | S21: =+P21-R21 -> 1819.6416 | T21: =+'사업장별(당월)'!T21+'[4]사업장별(누계)'!T21 -> 1801.8336 | U21: =+'사업장별(당월)'!U21+'[4]사업장별(누계)'!U21 -> 2690.6227 | V21: =+U21-T21 -> 888.78909 | W21: =+'사업장별(당월)'!W21+'[4]사업장별(누계)'!W21 -> 1858.4387 | X21: =+U21-W21 -> 832.18399 | Y21: =+[11]군산!$Q$85 -> 109000.18 | Z21: =+[11]군산!$R$85 -> 113207.38 | AA21: =+[12]군산!$Q$85 -> 99099.076 | AB21: =+[11]군산!$Q$89 -> 69674.672 | AC21: =+[11]군산!$R$89 -> 72302.134 | AD21: =+[12]군산!$Q$89 -> 65120.757 | AE21: =+Y21-AB21 -> 39325.504 | AF21: =+Z21-AC21 -> 40905.251 | AG21: =+AA21-AD21 -> 33978.318 | AI21: =+U21/T21-1 -> 0.49326924 | AJ21: =+U21/T21 -> 1.4932692
B22: 원주 | F22: =+U22/T22 -> 1.3721454 | G22: =+K22/J22 -> 1.0964118 | I22: 원주 | J22: =+'사업장별(당월)'!J22+'[4]사업장별(누계)'!J22 -> 51 | K22: =+'사업장별(당월)'!K22+'[4]사업장별(누계)'!K22 -> 55.917 | L22: =+K22-J22 -> 4.917 | M22: =+'사업장별(당월)'!M22+'[4]사업장별(누계)'!M22 -> 46.8625 | N22: =+K22-M22 -> 9.0545 | O22: =+'사업장별(당월)'!O22+'[4]사업장별(누계)'!O22 -> 5502.9 | P22: =+'사업장별(당월)'!P22+'[4]사업장별(누계)'!P22 -> 6269.2927 | Q22: =+P22-O22 -> 766.39267 | R22: =+'사업장별(당월)'!R22+'[4]사업장별(누계)'!R22 -> 4762.404 | S22: =+P22-R22 -> 1506.8886 | T22: =+'사업장별(당월)'!T22+'[4]사업장별(누계)'!T22 -> 898.60092 | U22: =+'사업장별(당월)'!U22+'[4]사업장별(누계)'!U22 -> 1233.0111 | V22: =+U22-T22 -> 334.41017 | W22: =+'사업장별(당월)'!W22+'[4]사업장별(누계)'!W22 -> 787.38375 | X22: =+U22-W22 -> 445.62734 | Y22: =+[11]원주!$Q$85 -> 107900 | Z22: =+[11]원주!$R$85 -> 112123.11 | AA22: =+[12]원주!$Q$85 -> 101631.97 | AB22: =+[11]원주!$Q$89 -> 73308.324 | AC22: =+[11]원주!$R$89 -> 73820.926 | AD22: =+[12]원주!$Q$89 -> 67795.496 | AE22: =+Y22-AB22 -> 34591.676 | AF22: =+Z22-AC22 -> 38302.185 | AG22: =+AA22-AD22 -> 33836.472 | AI22: =+U22/T22-1 -> 0.37214536 | AJ22: =+U22/T22 -> 1.3721454
B23: 제주 | F23: =+U23/T23 -> 0.30317587 | G23: =+K23/J23 -> 0.61616964 | I23: 제주 | J23: =+'사업장별(당월)'!J23+'[4]사업장별(누계)'!J23 -> 56 | K23: =+'사업장별(당월)'!K23+'[4]사업장별(누계)'!K23 -> 34.5055 | L23: =+K23-J23 -> -21.4945 | M23: =+'사업장별(당월)'!M23+'[4]사업장별(누계)'!M23 -> 70.689 | N23: =+K23-M23 -> -36.1835 | O23: =+'사업장별(당월)'!O23+'[4]사업장별(누계)'!O23 -> 7099 | P23: =+'사업장별(당월)'!P23+'[4]사업장별(누계)'!P23 -> 4295.7206 | Q23: =+P23-O23 -> -2803.2794 | R23: =+'사업장별(당월)'!R23+'[4]사업장별(누계)'!R23 -> 8431.1713 | S23: =+P23-R23 -> -4135.4507 | T23: =+'사업장별(당월)'!T23+'[4]사업장별(누계)'!T23 -> 1088.5942 | U23: =+'사업장별(당월)'!U23+'[4]사업장별(누계)'!U23 -> 330.03549 | V23: =+U23-T23 -> -758.55869 | W23: =+'사업장별(당월)'!W23+'[4]사업장별(누계)'!W23 -> 1657.3818 | X23: =+U23-W23 -> -1327.3463 | Y23: =+[11]제주!$Q$85 -> 126767.86 | Z23: =+[11]제주!$R$85 -> 124493.79 | AA23: =+[12]제주!$Q$85 -> 119315.54 | AB23: =+[11]제주!$Q$89 -> 90729.147 | AC23: =+[11]제주!$R$89 -> 89288.004 | AD23: =+[12]제주!$Q$89 -> 83798.377 | AE23: =+Y23-AB23 -> 36038.71 | AF23: =+Z23-AC23 -> 35205.791 | AG23: =+AA23-AD23 -> 35517.166 | AI23: =+U23/T23-1 -> -0.69682413 | AJ23: =+U23/T23 -> 0.30317587
F24: =+U24/T24 -> 0.53872498 | G24: =+K24/J24 -> 0.89211384 | I24: 수도권 | J24: =SUM(J7:J10) -> 1120 | K24: =SUM(K7:K10) -> 999.1675 | L24: =+K24-J24 -> -120.8325 | M24: =SUM(M7:M10) -> 1250.13 | N24: =+K24-M24 -> -250.9625 | O24: =SUM(O7:O10) -> 111779.55 | P24: =SUM(P7:P10) -> 98402.641 | Q24: =+P24-O24 -> -13376.91 | R24: =SUM(R7:R10) -> 116981.15 | S24: =+P24-R24 -> -18578.508 | T24: =SUM(T7:T10) -> 14455.021 | U24: =SUM(U7:U10) -> 7787.2808 | V24: =+U24-T24 -> -6667.7399 | W24: =SUM(W7:W10) -> 15224.04 | X24: =+U24-W24 -> -7436.7596 | Y24: =+[11]수도권!$Q$85 -> 99803.17 | Z24: =+[11]수도권!$R$85 -> 98493.098 | AA24: =+[12]수도권!$Q$85 -> 93556.644 | AB24: =+[11]수도권!$Q$89 -> 78024.453 | AC24: =+[11]수도권!$R$89 -> 80768.417 | AD24: =+[12]수도권!$Q$89 -> 73503.887 | AE24: =+Y24-AB24 -> 21778.718 | AF24: =+Z24-AC24 -> 17724.681 | AG24: =+AA24-AD24 -> 20052.757 | AI24: =+U24/T24-1 -> -0.46127502 | AK24: =+Z24-Y24 -> -1310.072 | AL24: =+AC24-AB24 -> 2743.9649 | AM24: =+AF24-AE24 -> -4054.0369
F25: =+U25/T25 -> 0.74274248 | G25: =+K25/J25 -> 1.0487939 | I25: 영남권 | J25: =SUM(J11:J18) -> 1237.5 | K25: =SUM(K11:K18) -> 1297.8825 | L25: =+K25-J25 -> 60.3825 | M25: =SUM(M11:M18) -> 1392.8665 | N25: =+K25-M25 -> -94.984 | O25: =SUM(O11:O18) -> 126479.23 | P25: =SUM(P11:P18) -> 130561.27 | Q25: =+P25-O25 -> 4082.0398 | R25: =SUM(R11:R18) -> 136479.71 | S25: =+P25-R25 -> -5918.4326 | T25: =SUM(T11:T18) -> 18558.791 | U25: =SUM(U11:U18) -> 13784.402 | V25: =+U25-T25 -> -4774.3885 | W25: =SUM(W11:W18) -> 22531.185 | X25: =+U25-W25 -> -8746.7823 | Y25: =+[11]영남권!$Q$85 -> 102205.44 | Z25: =+[11]영남권!$R$85 -> 100612.36 | AA25: =+[12]영남권!$Q$85 -> 97990.154 | AB25: =+[11]영남권!$Q$89 -> 75347.392 | AC25: =+[11]영남권!$R$89 -> 78551.337 | AD25: =+[12]영남권!$Q$89 -> 71653.22 | AE25: =+Y25-AB25 -> 26858.049 | AF25: =+Z25-AC25 -> 22061.025 | AG25: =+AA25-AD25 -> 26336.933 | AI25: =+U25/T25-1 -> -0.25725752 | AK25: =+Z25-Y25 -> -1593.0782 | AL25: =+AC25-AB25 -> 3203.9455 | AM25: =+AF25-AE25 -> -4797.0238
F26: =+U26/T26 -> 0.96123022 | G26: =+K26/J26 -> 1.0256709 | I26: 중부권 | J26: =SUM(J19:J23) -> 515 | K26: =SUM(K19:K23) -> 528.2205 | L26: =+K26-J26 -> 13.2205 | M26: =SUM(M19:M23) -> 557.5225 | N26: =+K26-M26 -> -29.302 | O26: =SUM(O19:O23) -> 54521.464 | P26: =SUM(P19:P23) -> 55358.947 | Q26: =+P26-O26 -> 837.48345 | R26: =SUM(R19:R23) -> 55855.341 | S26: =+P26-R26 -> -496.39373 | T26: =SUM(T19:T23) -> 9052.4136 | U26: =SUM(U19:U23) -> 8701.4535 | V26: =+U26-T26 -> -350.9601 | W26: =SUM(W19:W23) -> 10045.164 | X26: =+U26-W26 -> -1343.7105 | Y26: =+[11]중부권!$Q$85 -> 105866.92 | Z26: =+[11]중부권!$R$85 -> 104789.04 | AA26: =+[12]중부권!$Q$85 -> 100302.94 | AB26: =+[11]중부권!$Q$89 -> 76255.777 | AC26: =+[11]중부권!$R$89 -> 75774.714 | AD26: =+[12]중부권!$Q$89 -> 71126.195 | AE26: =+Y26-AB26 -> 29611.143 | AF26: =+Z26-AC26 -> 29014.326 | AG26: =+AA26-AD26 -> 29176.744 | AI26: =+U26/T26-1 -> -0.038769782 | AK26: =+Z26-Y26 -> -1077.8791 | AL26: =+AC26-AB26 -> -481.06243 | AM26: =+AF26-AE26 -> -596.81664
F27: =+U27/T27 -> 0.71965423 | G27: =+K27/J27 -> 0.98355805 | H27: 레미콘 계 | J27: =SUM(J24:J26) -> 2872.5 | K27: =SUM(K24:K26) -> 2825.2705 | L27: =+K27-J27 -> -47.2295 | M27: =SUM(M24:M26) -> 3200.519 | N27: =+K27-M27 -> -375.2485 | O27: =SUM(O24:O26) -> 292780.25 | P27: =SUM(P24:P26) -> 284322.86 | Q27: =+P27-O27 -> -8457.3869 | R27: =SUM(R24:R26) -> 309316.19 | S27: =+P27-R27 -> -24993.334 | T27: =SUM(T24:T26) -> 42066.225 | U27: =SUM(U24:U26) -> 30273.137 | V27: =+U27-T27 -> -11793.088 | W27: =SUM(W24:W26) -> 47800.389 | X27: =+U27-W27 -> -17527.252 | Y27: =+[11]합계!$Q$85 -> 101925.24 | Z27: =+[11]합계!$R$85 -> 100644.43 | AA27: =+[12]합계!$Q$85 -> 96655.164 | AB27: =+[11]합계!$Q$89 -> 76554.05 | AC27: =+[11]합계!$R$89 -> 78814.918 | AD27: =+[12]합계!$Q$89 -> 72284.891 | AE27: =+Y27-AB27 -> 25371.188 | AF27: =+Z27-AC27 -> 21829.515 | AG27: =+AA27-AD27 -> 24370.272 | AI27: =+U27/T27-1 -> -0.28034577 | AK27: =+Z27-Y27 -> -1280.8051 | AL27: =+AC27-AB27 -> 2260.8679 | AM27: =+AF27-AE27 -> -3541.6729
B28: 건자재 | E28: 건자재영업 | G28: =+K28/J28 -> 1.2041461 | H28: 건자재 | J28: =+'사업장별(당월)'!J28+'[4]사업장별(누계)'!J28 -> 72200 | K28: =+'사업장별(당월)'!K28+'[4]사업장별(누계)'!K28 -> 86939.352 | L28: =+K28-J28 -> 14739.352 | M28: =+'사업장별(당월)'!M28+'[4]사업장별(누계)'!M28 -> 78625.764 | N28: =+K28-M28 -> 8313.588 | O28: =+'사업장별(당월)'!O28+'[4]사업장별(누계)'!O28 -> 88286.96 | P28: =+'사업장별(당월)'!P28+'[4]사업장별(누계)'!P28 -> 86611.076 | Q28: =+P28-O28 -> -1675.8837 | R28: =+'사업장별(당월)'!R28+'[4]사업장별(누계)'!R28 -> 96340.744 | S28: =+P28-R28 -> -9729.6676 | T28: =+'사업장별(당월)'!T28+'[4]사업장별(누계)'!T28 -> 995.6551 | U28: =+'사업장별(당월)'!U28+'[4]사업장별(누계)'!U28 -> 483.5037 | V28: =+U28-T28 -> -512.1514 | W28: =+'사업장별(당월)'!W28+'[4]사업장별(누계)'!W28 -> 770.09028 | X28: =+U28-W28 -> -286.58658 | Y28: ■ 비고
B29: 부산모래장 | C29: 부산골재 | G29: =+P28/O28 -> 0.98101777 | H29: 골재 | I29: 부산모래장 | J29: =+'사업장별(당월)'!J29+'[4]사업장별(누계)'!J29 -> 241.69907 | K29: =+'사업장별(당월)'!K29+'[4]사업장별(누계)'!K29 -> 189.826 | L29: =+K29-J29 -> -51.87307 | M29: =+'사업장별(당월)'!M29+'[4]사업장별(누계)'!M29 -> 253.22 | N29: =+K29-M29 -> -63.394 | O29: =+'사업장별(당월)'!O29+'[4]사업장별(누계)'!O29 -> 7064.48 | P29: =+'사업장별(당월)'!P29+'[4]사업장별(누계)'!P29 -> 5582.8736 | Q29: =+P29-O29 -> -1481.6064 | R29: =+'사업장별(당월)'!R29+'[4]사업장별(누계)'!R29 -> 7404.1349 | S29: =+P29-R29 -> -1821.2613 | T29: =+'사업장별(당월)'!T29+'[4]사업장별(누계)'!T29 -> 373.11917 | U29: =+'사업장별(당월)'!U29+'[4]사업장별(누계)'!U29 -> 359.15472 | V29: =+U29-T29 -> -13.964447 | W29: =+'사업장별(당월)'!W29+'[4]사업장별(누계)'!W29 -> 314.73467 | X29: =+U29-W29 -> 44.420048 | Y29: □ 3분기 총 대손 : 5.7억 | AI29: =+T29/100 -> 3.7311917 | AJ29: =+U29/100 -> 3.5915472 | AK29: =+V29/100 -> -0.13964447
B30: 서부산크라샤 | C30: 서부산골재 | I30: 서부산CR | J30: =+'사업장별(당월)'!J30+'[4]사업장별(누계)'!J30 -> 324.18406 | K30: =+'사업장별(당월)'!K30+'[4]사업장별(누계)'!K30 -> 169.89 | L30: =+K30-J30 -> -154.29406 | M30: =+'사업장별(당월)'!M30+'[4]사업장별(누계)'!M30 -> 335.344 | N30: =+K30-M30 -> -165.454 | O30: =+'사업장별(당월)'!O30+'[4]사업장별(누계)'!O30 -> 4073.7045 | P30: =+'사업장별(당월)'!P30+'[4]사업장별(누계)'!P30 -> 2387.739 | Q30: =+P30-O30 -> -1685.9655 | R30: =+'사업장별(당월)'!R30+'[4]사업장별(누계)'!R30 -> 3999.724 | S30: =+P30-R30 -> -1611.985 | T30: =+'사업장별(당월)'!T30+'[4]사업장별(누계)'!T30 -> 833.30819 | U30: =+'사업장별(당월)'!U30+'[4]사업장별(누계)'!U30 -> -56.573524 | V30: =+U30-T30 -> -889.88172 | W30: =+'사업장별(당월)'!W30+'[4]사업장별(누계)'!W30 -> 698.14653 | X30: =+U30-W30 -> -754.72005 | Y30: - 집합대손 : 0.4억 | AI30: =+T30/100 -> 8.3330819 | AJ30: =+U30/100 -> -0.56573524 | AK30: =+V30/100 -> -8.8988172
B31: 부산크라샤 | C31: 부산크라샤 | I31: 부산CR | J31: =+'사업장별(당월)'!J31+'[4]사업장별(누계)'!J31 -> 414.57654 | K31: =+'사업장별(당월)'!K31+'[4]사업장별(누계)'!K31 -> 354.589 | L31: =+K31-J31 -> -59.987536 | M31: =+'사업장별(당월)'!M31+'[4]사업장별(누계)'!M31 -> 83.829 | N31: =+K31-M31 -> 270.76 | O31: =+'사업장별(당월)'!O31+'[4]사업장별(누계)'!O31 -> 7464.3104 | P31: =+'사업장별(당월)'!P31+'[4]사업장별(누계)'!P31 -> 6404.9915 | Q31: =+P31-O31 -> -1059.3189 | R31: =+'사업장별(당월)'!R31+'[4]사업장별(누계)'!R31 -> 1454.364 | S31: =+P31-R31 -> 4950.6275 | T31: =+'사업장별(당월)'!T31+'[4]사업장별(누계)'!T31 -> 340.63942 | U31: =+'사업장별(당월)'!U31+'[4]사업장별(누계)'!U31 -> -306.57645 | V31: =+U31-T31 -> -647.21587 | W31: =+'사업장별(당월)'!W31+'[4]사업장별(누계)'!W31 -> -249.31506 | X31: =+U31-W31 -> -57.261389 | Y31: - 개별 대손 : 11.7억(송학 0.9억, 계원토건 1.2억, 남양건설 1.7억, 선원건설 7.9억) | AI31: =+T31/100 -> 3.4063942 | AJ31: =+U31/100 -> -3.0657645 | AK31: =+V31/100 -> -6.4721587
G32: =+K32/J32 -> 0.72854094 | H32: 골재 계 | J32: =SUM(J29:J31) -> 980.45966 | K32: =SUM(K29:K31) -> 714.305 | L32: =+K32-J32 -> -266.15466 | M32: =SUM(M29:M31) -> 672.393 | N32: =+K32-M32 -> 41.912 | O32: =SUM(O29:O31) -> 18602.495 | P32: =SUM(P29:P31) -> 14375.604 | Q32: =+P32-O32 -> -4226.8908 | R32: =SUM(R29:R31) -> 12858.223 | S32: =+P32-R32 -> 1517.3812 | T32: =SUM(T29:T31) -> 1547.0668 | U32: =SUM(U29:U31) -> -3.9952527 | V32: =+U32-T32 -> -1551.062 | W32: =SUM(W29:W31) -> 763.56614 | X32: =+U32-W32 -> -767.56139 | Y32: - 개별 대손환입 : -6.4억(신일 1.8억, 태영건설 3.1억, 남양건설 1.1억 등) | AI32: =SUM(AI29:AI31) -> 15.470668 | AJ32: =SUM(AJ29:AJ31) -> -0.039952527 | AK32: =SUM(AK29:AK31) -> -15.51062
B33: 포항임대 | C33: 속초임대 | D33: 강릉임대 | E33: 레미콘임대 계 | H33: 기타 | I33: 레미콘임대 | L33: =+K33-J33 -> 0 | N33: =+K33-M33 -> 0 | O33: =+'사업장별(당월)'!O33+'[4]사업장별(누계)'!O33 -> 908.4 | P33: =+'사업장별(당월)'!P33+'[4]사업장별(누계)'!P33 -> 908.4 | Q33: =+P33-O33 -> 0 | R33: =+'사업장별(당월)'!R33+'[4]사업장별(누계)'!R33 -> 839.65 | S33: =+P33-R33 -> 68.75 | T33: =+'사업장별(당월)'!T33+'[4]사업장별(누계)'!T33 -> 670.00437 | U33: =+'사업장별(당월)'!U33+'[4]사업장별(누계)'!U33 -> 627.95594 | V33: =+U33-T33 -> -42.048426 | W33: =+'사업장별(당월)'!W33+'[4]사업장별(누계)'!W33 -> 546.95234 | X33: =+U33-W33 -> 81.003605
B34: 부동산임대 | C34: 주유소임대 | E34: 임대 계 | I34: 임대 | L34: =+K34-J34 -> 0 | M34: 0 | N34: =+K34-M34 -> 0 | O34: =+'사업장별(당월)'!O34+'[4]사업장별(누계)'!O34 -> 723.575 | P34: =+'사업장별(당월)'!P34+'[4]사업장별(누계)'!P34 -> 730.48656 | Q34: =+P34-O34 -> 6.9115587 | R34: =+'사업장별(당월)'!R34+'[4]사업장별(누계)'!R34 -> 943.72003 | S34: =+P34-R34 -> -213.23347 | T34: =+'사업장별(당월)'!T34+'[4]사업장별(누계)'!T34 -> 658.75849 | U34: =+'사업장별(당월)'!U34+'[4]사업장별(누계)'!U34 -> 667.10723 | V34: =+U34-T34 -> 8.3487447 | W34: =+'사업장별(당월)'!W34+'[4]사업장별(누계)'!W34 -> 643.72625 | X34: =+U34-W34 -> 23.380977 | AM34: 16
B35: 공 통 비 | G35: ㎥ | I35: 공통비 | L35: =+K35-J35 -> 0 | N35: =+K35-M35 -> 0 | O35: =+'사업장별(당월)'!O35+'[4]사업장별(누계)'!O35 -> 0 | P35: =+'사업장별(당월)'!P35+'[4]사업장별(누계)'!P35 -> 0 | Q35: =+P35-O35 -> 0 | R35: =+'사업장별(당월)'!R35+'[4]사업장별(누계)'!R35 -> 0 | S35: =+P35-R35 -> 0 | T35: =+'사업장별(당월)'!T35+'[4]사업장별(누계)'!T35 -> -13797.863 | U35: =+'사업장별(당월)'!U35+'[4]사업장별(누계)'!U35 -> -14088.417 | V35: =+U35-T35 -> -290.55428 | W35: =+'사업장별(당월)'!W35+'[4]사업장별(누계)'!W35 -> -11727.202 | X35: =+U35-W35 -> -2361.215 | AM35: 1
I36: OPC 소급분 | N36: =+K36-M36 -> 0 | O36: =+'사업장별(당월)'!O36+'[4]사업장별(누계)'!O36 -> 0 | P36: =+'사업장별(당월)'!P36+'[4]사업장별(누계)'!P36 -> 0 | Q36: =+P36-O36 -> 0 | R36: =+'사업장별(당월)'!R36+'[4]사업장별(누계)'!R36 -> 0 | S36: =+P36-R36 -> 0 | T36: =+'사업장별(당월)'!T36+'[4]사업장별(누계)'!T36 -> 1329.7 | U36: =+'사업장별(당월)'!U36+'[4]사업장별(누계)'!U36 -> 750 | V36: =+U36-T36 -> -579.7 | W36: =+'사업장별(당월)'!W36+'[4]사업장별(누계)'!W36 -> 0 | X36: =+U36-W36 -> 750 | AM36: =SUM(AM34:AM35) -> 17
I37: 대손 | N37: =+K37-M37 -> 0 | O37: =+'사업장별(당월)'!O37+'[4]사업장별(누계)'!O37 -> 0 | P37: =+'사업장별(당월)'!P37+'[4]사업장별(누계)'!P37 -> 0 | Q37: =+P37-O37 -> 0 | R37: =+'사업장별(당월)'!R37+'[4]사업장별(누계)'!R37 -> 0 | S37: =+P37-R37 -> 0 | T37: =+'사업장별(당월)'!T37+'[4]사업장별(누계)'!T37 -> 0 | U37: =+'사업장별(당월)'!U37+'[4]사업장별(누계)'!U37 -> -573.85933 | V37: =+U37-T37 -> -573.85933 | W37: =+'사업장별(당월)'!W37+'[4]사업장별(누계)'!W37 -> -1974.222 | X37: =+U37-W37 -> 1400.3626
I38: 미운영 공장 | M38: =SUM(M54:M57) -> 0 | N38: =+K38-M38 -> 0 | O38: =+'사업장별(당월)'!O38+'[4]사업장별(누계)'!O38 -> 0 | P38: =+'사업장별(당월)'!P38+'[4]사업장별(누계)'!P38 -> 0 | Q38: =+P38-O38 -> 0 | R38: =+'사업장별(당월)'!R38+'[4]사업장별(누계)'!R38 -> 188.626 | S38: =+P38-R38 -> -188.626 | T38: =+'사업장별(당월)'!T38+'[4]사업장별(누계)'!T38 -> -307.40349 | U38: =+'사업장별(당월)'!U38+'[4]사업장별(누계)'!U38 -> -372.14427 | V38: =+U38-T38 -> -64.74078 | W38: =+'사업장별(당월)'!W38+'[4]사업장별(누계)'!W38 -> -126.57776 | X38: =+U38-W38 -> -245.56651
B39: 기타 계 | I39: 기타 | L39: =+K39-J39 -> 0 | N39: =+K39-M39 -> 0 | O39: =+'사업장별(당월)'!O39+'[4]사업장별(누계)'!O39 -> 17.7 | P39: =+'사업장별(당월)'!P39+'[4]사업장별(누계)'!P39 -> 17.4844 | Q39: =+P39-O39 -> -0.2156 | R39: =+'사업장별(당월)'!R39+'[4]사업장별(누계)'!R39 -> -16.4958 | S39: =+P39-R39 -> 33.9802 | T39: =+'사업장별(당월)'!T39+'[4]사업장별(누계)'!T39 -> -632.64664 | U39: =+'사업장별(당월)'!U39+'[4]사업장별(누계)'!U39 -> -216.18682 | V39: =+U39-T39 -> 416.45982 | W39: =+'사업장별(당월)'!W39+'[4]사업장별(누계)'!W39 -> -224.82614 | X39: =+U39-W39 -> 8.639315 | AI39: 118774940 | AJ39: -63907430
N40: =+K40-M40 -> 0 | O40: =+'사업장별(당월)'!O40+'[4]사업장별(누계)'!O40 -> 0 | P40: =+'사업장별(당월)'!P40+'[4]사업장별(누계)'!P40 -> 0 | Q40: =+P40-O40 -> 0 | R40: =+'사업장별(당월)'!R40+'[4]사업장별(누계)'!R40 -> 0 | S40: =+P40-R40 -> 0 | T40: =+'사업장별(당월)'!T40+'[4]사업장별(누계)'!T40 -> 0 | U40: =+'사업장별(당월)'!U40+'[4]사업장별(누계)'!U40 -> 0 | V40: =+U40-T40 -> 0 | W40: =+'사업장별(당월)'!W40+'[4]사업장별(누계)'!W40 -> 0 | AI40: 173503008 | AJ40: -310726527
H41: 기타 계 | J41: =SUM(J33:J40) -> 0 | K41: =SUM(K33:K40) -> 0 | L41: =+K41-J41 -> 0 | M41: =SUM(M33:M40) -> 0 | N41: =+K41-M41 -> 0 | O41: =SUM(O33:O40) -> 1649.675 | P41: =SUM(P33:P40) -> 1656.371 | Q41: =+P41-O41 -> 6.6959587 | R41: =SUM(R33:R40) -> 1955.5002 | S41: =+P41-R41 -> -299.12927 | T41: =SUM(T33:T40) -> -12079.45 | U41: =SUM(U33:U40) -> -13205.544 | V41: =+U41-T41 -> -1126.0943 | W41: =SUM(W33:W40) -> -12862.149 | X41: =+U41-W41 -> -343.39495 | AI41: 786272300
AI42: 95057490
G43: =+P43/O43 -> 0.96423431 | H43: 합계 | O43: =+O27+O32+O28+O41 -> 401319.38 | P43: =+P27+P32+P28+P41 -> 386965.91 | Q43: =+P43-O43 -> -14353.465 | R43: =+R27+R32+R28+R41 -> 420470.66 | S43: =+P43-R43 -> -33504.75 | T43: =+T27+T32+T28+T41 -> 32529.497 | U43: =+U27+U32+U28+U41 -> 17547.101 | V43: =+U43-T43 -> -14982.396 | W43: =+W27+W32+W28+W41 -> 36471.896 | X43: =+U43-W43 -> -18924.795 | AI43: =SUM(AI39:AI42) -> 1173607738 | AJ43: =SUM(AJ39:AJ42) -> -374633957 | AK43: =SUM(AI43:AJ43) -> 798973781
G44: =+U43/T43 -> 0.53942122 | P44: =+P43/O43 -> 0.96423431 | T44: =+T43/O43 -> 0.081056382 | U44: =+U43/P43 -> 0.04534534
I46: 확인 | J46: =+'사업장별(당월)'!J46+'[4]사업장별(누계)'!J46 -> 2872.5 | K46: =+'사업장별(당월)'!K46+'[4]사업장별(누계)'!K46 -> 2825.2705 | M46: =+'사업장별(당월)'!M46+'[4]사업장별(누계)'!M46 -> 3200.519 | O46: =+'사업장별(당월)'!O46+'[4]사업장별(누계)'!O46 -> 401319.38 | P46: =+'사업장별(당월)'!P46+'[4]사업장별(누계)'!P46 -> 386965.91 | R46: =+'사업장별(당월)'!R46+'[4]사업장별(누계)'!R46 -> 420470.66 | T46: =+'사업장별(당월)'!T46+'[4]사업장별(누계)'!T46 -> 32529.497 | U46: =+'사업장별(당월)'!U46+'[4]사업장별(누계)'!U46 -> 17547.101 | W46: =+'사업장별(당월)'!W46+'[4]사업장별(누계)'!W46 -> 36471.896
J47: =+J46-J27 -> 0 | K47: =+K46-K27 -> 0 | M47: =+M46-M27 -> 0 | O47: =+O46-O43 -> 0 | P47: =+P46-P43 -> 0 | R47: =+R46-R43 -> 0 | T47: =+T46-T43 -> 0 | U47: =+U46-U43 -> 0 | W47: =+W46-W43 -> 0 | Z47: 시그마 5백만원
Z48: 공통 상각비 7천만원
Z49: 회계팀 재고자산평가손실 8.3천만원
S50: 레미콘 | T50: =(+T27+T35)/100 -> 282.68362 | U50: =(+U27+U35)/100 -> 161.8472 | V50: =+U50-T50 -> -120.83643 | W50: =+U50/T50-1 -> -0.42746172
S51: 건자재 | T51: =+T28/100 -> 9.956551 | U51: =+U28/100 -> 4.835037 | V51: =+U51-T51 -> -5.121514
S52: 골재 | T52: =+T32/100 -> 15.470668 | U52: =+U32/100 -> -0.039952527 | V52: =+U52-T52 -> -15.51062
S53: 대손 | T53: =+T37/100 -> 0 | U53: =+U37/100 -> -5.7385933 | V53: =+U53-T53 -> -5.7385933
S54: 기타 | T54: =(T46/100)-T50-T51-T52-T53 -> 17.184127 | U54: =(U46/100)-U50-U51-U52-U53 -> 14.567321 | V54: =+U54-T54 -> -2.6168064
S56: 임대 | T56: =+(T33+T34)/100 -> 13.287629 | U56: =+(U33+U34)/100 -> 12.950632 | V56: =+U56-T56 -> -0.33699681
S57: =+I36 -> OPC 소급분 | T57: =+T36/100 -> 13.297 | U57: =+U36/100 -> 7.5 | V57: =+U57-T57 -> -5.797
S58: =+I37 -> 대손 | T58: =+T37/100 -> 0 | U58: =+U37/100 -> -5.7385933 | V58: =+U58-T58 -> -5.7385933
S59: =+I38 -> 미운영 공장 | T59: =+T38/100 -> -3.0740349 | U59: =+U38/100 -> -3.7214427 | V59: =+U59-T59 -> -0.6474078
S60: =+I39 -> 기타 | T60: =+T39/100 -> -6.3264664 | U60: =+U39/100 -> -2.1618682 | V60: =+U60-T60 -> 4.1645982
T61: =SUM(T56:T60) -> 17.184127 | U61: =SUM(U56:U60) -> 8.8287275 | V61: =SUM(V56:V60) -> -8.3553997

Sheet 사업장별(당월)_공장 송부용
H3: □ 사업장별 손익실적(2024-10)
AG4: [단위 : 천㎥, 톤, 백만원]
H5: 구분 | J5: 물량 | O5: 매출 | T5: 영업이익(공통비 배부전) | Y5: 판매단가 | AB5: 변동비 | AE5: 공헌이익
J6: 계획 | K6: 실적 | L6: 차이 | M6: 전년 | N6: 차이 | O6: 계획 | P6: 실적 | Q6: 차이 | R6: 전년 | S6: 차이 | T6: 계획 | U6: 실적 | V6: 차이 | W6: 전년 | X6: 차이 | Y6: 계획 | Z6: 실적 | AA6: 전년 | AB6: 계획 | AC6: 실적 | AD6: 전년 | AE6: 계획 | AF6: 실적 | AG6: 전년
B7: 안양 | G7: =+I7 -> 안양 | H7: 레미콘 | I7: 안양 | J7: =+IFERROR(HLOOKUP($B7,'[1]10월'!$D$6:$BN$259,2,),)/1000 -> 43 | K7: =+IFERROR(HLOOKUP($B7,'[2]10월'!$F$6:$CP$99,2,),)/1000 -> 39.055 | L7: =+K7-J7 -> -3.945 | M7: =+IFERROR(HLOOKUP($B7,'[3]10월'!$F$6:$CC$57,2,),)/1000 -> 51.43 | N7: =+K7-M7 -> -12.375 | O7: =+IFERROR(HLOOKUP($B7,'[1]10월'!$D$6:$BN$259,3,),)/1000 -> 4325.9572 | P7: =+IFERROR(HLOOKUP($B7,'[2]10월'!$F$6:$CP$99,3,),)/1000 -> 3682.4273 | Q7: =+P7-O7 -> -643.52989 | R7: =+IFERROR(HLOOKUP($B7,'[3]10월'!$F$6:$CC$57,3,),)/1000 -> 4899.0204 | S7: =+P7-R7 -> -1216.5931 | T7: =+IFERROR(HLOOKUP($B7,'[1]10월'!$D$6:$BN$259,16,),)/1000 -> 642.15369 | U7: =+IFERROR(HLOOKUP($B7,'[2]10월'!$F$6:$CP$99,16,),)/1000 -> 151.42127 | V7: =+U7-T7 -> -490.73241 | W7: =+IFERROR(HLOOKUP($B7,'[3]10월'!$F$6:$CC$57,16,),)/1000 -> 878.60642 | X7: =+U7-W7 -> -727.18514 | Y7: =+[5]안양!$Q$85 -> 100603.66 | Z7: =+[5]안양!$R$85 -> 94288.243 | AA7: =+[6]안양!$Q$85 -> 95250.157 | AB7: =+[5]안양!$Q$89 -> 78584.856 | AC7: =+[5]안양!$R$89 -> 82720.758 | AD7: =+[6]안양!$Q$89 -> 72593.908 | AE7: =+Y7-AB7 -> 22018.799 | AF7: =+Z7-AC7 -> 11567.484 | AG7: =+AA7-AD7 -> 22656.249
B8: 인천 | G8: =+I8 -> 인천 | H8: 직영 | I8: 인천 | J8: =+IFERROR(HLOOKUP($B8,'[1]10월'!$D$6:$BN$259,2,),)/1000 -> 35 | K8: =+IFERROR(HLOOKUP($B8,'[2]10월'!$F$6:$CP$99,2,),)/1000 -> 26.461 | L8: =+K8-J8 -> -8.539 | M8: =+IFERROR(HLOOKUP($B8,'[3]10월'!$F$6:$CC$57,2,),)/1000 -> 36.932 | N8: =+K8-M8 -> -10.471 | O8: =+IFERROR(HLOOKUP($B8,'[1]10월'!$D$6:$BN$259,3,),)/1000 -> 3730.1457 | P8: =+IFERROR(HLOOKUP($B8,'[2]10월'!$F$6:$CP$99,3,),)/1000 -> 2558.6091 | Q8: =+P8-O8 -> -1171.5366 | R8: =+IFERROR(HLOOKUP($B8,'[3]10월'!$F$6:$CC$57,3,),)/1000 -> 3681.7834 | S8: =+P8-R8 -> -1123.1743 | T8: =+IFERROR(HLOOKUP($B8,'[1]10월'!$D$6:$BN$259,16,),)/1000 -> 599.24958 | U8: =+IFERROR(HLOOKUP($B8,'[2]10월'!$F$6:$CP$99,16,),)/1000 -> 63.89366 | V8: =+U8-T8 -> -535.35592 | W8: =+IFERROR(HLOOKUP($B8,'[3]10월'!$F$6:$CC$57,16,),)/1000 -> 548.9803 | X8: =+U8-W8 -> -485.08664 | Y8: =+[5]인천!$Q$85 -> 106575.59 | Z8: =+[5]인천!$R$85 -> 96693.589 | AA8: =+[6]인천!$Q$85 -> 99633.28 | AB8: =+[5]인천!$Q$89 -> 81397.734 | AC8: =+[5]인천!$R$89 -> 82558.135 | AD8: =+[6]인천!$Q$89 -> 76946.229 | AE8: =+Y8-AB8 -> 25177.858 | AF8: =+Z8-AC8 -> 14135.455 | AG8: =+AA8-AD8 -> 22687.051
B9: 파주 | G9: =+I9 -> 파주 | I9: 파주 | J9: =+IFERROR(HLOOKUP($B9,'[1]10월'!$D$6:$BN$259,2,),)/1000 -> 24 | K9: =+IFERROR(HLOOKUP($B9,'[2]10월'!$F$6:$CP$99,2,),)/1000 -> 26.27 | L9: =+K9-J9 -> 2.27 | M9: =+IFERROR(HLOOKUP($B9,'[3]10월'!$F$6:$CC$57,2,),)/1000 -> 29.047 | N9: =+K9-M9 -> -2.777 | O9: =+IFERROR(HLOOKUP($B9,'[1]10월'!$D$6:$BN$259,3,),)/1000 -> 2408.3832 | P9: =+IFERROR(HLOOKUP($B9,'[2]10월'!$F$6:$CP$99,3,),)/1000 -> 2323.423 | Q9: =+P9-O9 -> -84.960194 | R9: =+IFERROR(HLOOKUP($B9,'[3]10월'!$F$6:$CC$57,3,),)/1000 -> 2795.7611 | S9: =+P9-R9 -> -472.33808 | T9: =+IFERROR(HLOOKUP($B9,'[1]10월'!$D$6:$BN$259,16,),)/1000 -> 344.80583 | U9: =+IFERROR(HLOOKUP($B9,'[2]10월'!$F$6:$CP$99,16,),)/1000 -> 73.448678 | V9: =+U9-T9 -> -271.35715 | W9: =+IFERROR(HLOOKUP($B9,'[3]10월'!$F$6:$CC$57,16,),)/1000 -> 210.81257 | X9: =+U9-W9 -> -137.36389 | Y9: =+[5]파주!$Q$85 -> 100349.3 | Z9: =+[5]파주!$R$85 -> 88417.962 | AA9: =+[6]파주!$Q$85 -> 96050.413 | AB9: =+[5]파주!$Q$89 -> 76932.186 | AC9: =+[5]파주!$R$89 -> 77319.908 | AD9: =+[6]파주!$Q$89 -> 81480.789 | AE9: =+Y9-AB9 -> 23417.115 | AF9: =+Z9-AC9 -> 11098.054 | AG9: =+AA9-AD9 -> 14569.624
B10: 김포 | G10: =+I10 -> 김포 | I10: 김포 | J10: =+IFERROR(HLOOKUP($B10,'[1]10월'!$D$6:$BN$259,2,),)/1000 -> 19.5 | K10: =+IFERROR(HLOOKUP($B10,'[2]10월'!$F$6:$CP$99,2,),)/1000 -> 12.124 | L10: =+K10-J10 -> -7.376 | M10: =+IFERROR(HLOOKUP($B10,'[3]10월'!$F$6:$CC$57,2,),)/1000 -> 18.626 | N10: =+K10-M10 -> -6.502 | O10: =+IFERROR(HLOOKUP($B10,'[1]10월'!$D$6:$BN$259,3,),)/1000 -> 1886.7745 | P10: =+IFERROR(HLOOKUP($B10,'[2]10월'!$F$6:$CP$99,3,),)/1000 -> 1149.0606 | Q10: =+P10-O10 -> -737.7139 | R10: =+IFERROR(HLOOKUP($B10,'[3]10월'!$F$6:$CC$57,3,),)/1000 -> 1753.7472 | S10: =+P10-R10 -> -604.68659 | T10: =+IFERROR(HLOOKUP($B10,'[1]10월'!$D$6:$BN$259,16,),)/1000 -> 304.33331 | U10: =+IFERROR(HLOOKUP($B10,'[2]10월'!$F$6:$CP$99,16,),)/1000 -> 74.662069 | V10: =+U10-T10 -> -229.67124 | W10: =+IFERROR(HLOOKUP($B10,'[3]10월'!$F$6:$CC$57,16,),)/1000 -> 258.73897 | X10: =+U10-W10 -> -184.0769 | Y10: =+[5]김포!$Q$85 -> 96757.667 | Z10: =+[5]김포!$R$85 -> 94775.701 | AA10: =+[6]김포!$Q$85 -> 94155.868 | AB10: =+[5]김포!$Q$89 -> 72813.205 | AC10: =+[5]김포!$R$89 -> 75594.089 | AD10: =+[6]김포!$Q$89 -> 71718.789 | AE10: =+Y10-AB10 -> 23944.461 | AF10: =+Z10-AC10 -> 19181.613 | AG10: =+AA10-AD10 -> 22437.079
B11: 부산 | G11: =+I11 -> 부산 | I11: 부산 | J11: =+IFERROR(HLOOKUP($B11,'[1]10월'!$D$6:$BN$259,2,),)/1000 -> 24 | K11: =+IFERROR(HLOOKUP($B11,'[2]10월'!$F$6:$CP$99,2,),)/1000 -> 16.752 | L11: =+K11-J11 -> -7.248 | M11: =+IFERROR(HLOOKUP($B11,'[3]10월'!$F$6:$CC$57,2,),)/1000 -> 22.457 | N11: =+K11-M11 -> -5.705 | O11: =+IFERROR(HLOOKUP($B11,'[1]10월'!$D$6:$BN$259,3,),)/1000 -> 2582.4034 | P11: =+IFERROR(HLOOKUP($B11,'[2]10월'!$F$6:$CP$99,3,),)/1000 -> 1728.9812 | Q11: =+P11-O11 -> -853.4222 | R11: =+IFERROR(HLOOKUP($B11,'[3]10월'!$F$6:$CC$57,3,),)/1000 -> 2382.3234 | S11: =+P11-R11 -> -653.34224 | T11: =+IFERROR(HLOOKUP($B11,'[1]10월'!$D$6:$BN$259,16,),)/1000 -> 419.18794 | U11: =+IFERROR(HLOOKUP($B11,'[2]10월'!$F$6:$CP$99,16,),)/1000 -> 57.651193 | V11: =+U11-T11 -> -361.53675 | W11: =+IFERROR(HLOOKUP($B11,'[3]10월'!$F$6:$CC$57,16,),)/1000 -> 409.39305 | X11: =+U11-W11 -> -351.74186 | Y11: =+[5]부산!$Q$85 -> 107600.14 | Z11: =+[5]부산!$R$85 -> 103210.43 | AA11: =+[6]부산!$Q$85 -> 106083.78 | AB11: =+[5]부산!$Q$89 -> 79537.282 | AC11: =+[5]부산!$R$89 -> 83827.02 | AD11: =+[6]부산!$Q$89 -> 75899.939 | AE11: =+Y11-AB11 -> 28062.858 | AF11: =+Z11-AC11 -> 19383.412 | AG11: =+AA11-AD11 -> 30183.839
B12: 서부산 | G12: =+I12 -> 서부산 | I12: 서부산 | J12: =+IFERROR(HLOOKUP($B12,'[1]10월'!$D$6:$BN$259,2,),)/1000 -> 26 | K12: =+IFERROR(HLOOKUP($B12,'[2]10월'!$F$6:$CP$99,2,),)/1000 -> 19.663 | L12: =+K12-J12 -> -6.337 | M12: =+IFERROR(HLOOKUP($B12,'[3]10월'!$F$6:$CC$57,2,),)/1000 -> 28.123 | N12: =+K12-M12 -> -8.46 | O12: =+IFERROR(HLOOKUP($B12,'[1]10월'!$D$6:$BN$259,3,),)/1000 -> 2719.0035 | P12: =+IFERROR(HLOOKUP($B12,'[2]10월'!$F$6:$CP$99,3,),)/1000 -> 1865.5519 | Q12: =+P12-O12 -> -853.4516 | R12: =+IFERROR(HLOOKUP($B12,'[3]10월'!$F$6:$CC$57,3,),)/1000 -> 2771.162 | S12: =+P12-R12 -> -905.61008 | T12: =+IFERROR(HLOOKUP($B12,'[1]10월'!$D$6:$BN$259,16,),)/1000 -> 490.26668 | U12: =+IFERROR(HLOOKUP($B12,'[2]10월'!$F$6:$CP$99,16,),)/1000 -> 132.60606 | V12: =+U12-T12 -> -357.66063 | W12: =+IFERROR(HLOOKUP($B12,'[3]10월'!$F$6:$CC$57,16,),)/1000 -> 646.7975 | X12: =+U12-W12 -> -514.19144 | Y12: =+[5]서부산!$Q$85 -> 104577.06 | Z12: =+[5]서부산!$R$85 -> 94876.261 | AA12: =+[6]서부산!$Q$85 -> 98537.212 | AB12: =+[5]서부산!$Q$89 -> 76327.595 | AC12: =+[5]서부산!$R$89 -> 77092.366 | AD12: =+[6]서부산!$Q$89 -> 68098.831 | AE12: =+Y12-AB12 -> 28249.464 | AF12: =+Z12-AC12 -> 17783.895 | AG12: =+AA12-AD12 -> 30438.38
B13: 김해 | G13: =+I13 -> 김해 | I13: 김해 | J13: =+IFERROR(HLOOKUP($B13,'[1]10월'!$D$6:$BN$259,2,),)/1000 -> 13 | K13: =+IFERROR(HLOOKUP($B13,'[2]10월'!$F$6:$CP$99,2,),)/1000 -> 13.655 | L13: =+K13-J13 -> 0.655 | M13: =+IFERROR(HLOOKUP($B13,'[3]10월'!$F$6:$CC$57,2,),)/1000 -> 15.318 | N13: =+K13-M13 -> -1.663 | O13: =+IFERROR(HLOOKUP($B13,'[1]10월'!$D$6:$BN$259,3,),)/1000 -> 1313 | P13: =+IFERROR(HLOOKUP($B13,'[2]10월'!$F$6:$CP$99,3,),)/1000 -> 1233.987 | Q13: =+P13-O13 -> -79.013 | R13: =+IFERROR(HLOOKUP($B13,'[3]10월'!$F$6:$CC$57,3,),)/1000 -> 1480.8425 | S13: =+P13-R13 -> -246.8555 | T13: =+IFERROR(HLOOKUP($B13,'[1]10월'!$D$6:$BN$259,16,),)/1000 -> 172.85459 | U13: =+IFERROR(HLOOKUP($B13,'[2]10월'!$F$6:$CP$99,16,),)/1000 -> 10.398047 | V13: =+U13-T13 -> -162.45654 | W13: =+IFERROR(HLOOKUP($B13,'[3]10월'!$F$6:$CC$57,16,),)/1000 -> 221.70567 | X13: =+U13-W13 -> -211.30762 | Y13: =+[5]김해!$Q$85 -> 101000 | Z13: =+[5]김해!$R$85 -> 90368.876 | AA13: =+[6]김해!$Q$85 -> 96671.524 | AB13: =+[5]김해!$Q$89 -> 77107.505 | AC13: =+[5]김해!$R$89 -> 78384.071 | AD13: =+[6]김해!$Q$89 -> 73341.192 | AE13: =+Y13-AB13 -> 23892.495 | AF13: =+Z13-AC13 -> 11984.804 | AG13: =+AA13-AD13 -> 23330.332
B14: 정관 | G14: =+I14 -> 정관 | I14: 정관 | J14: =+IFERROR(HLOOKUP($B14,'[1]10월'!$D$6:$BN$259,2,),)/1000 -> 18 | K14: =+IFERROR(HLOOKUP($B14,'[2]10월'!$F$6:$CP$99,2,),)/1000 -> 21.756 | L14: =+K14-J14 -> 3.756 | M14: =+IFERROR(HLOOKUP($B14,'[3]10월'!$F$6:$CC$57,2,),)/1000 -> 21.851 | N14: =+K14-M14 -> -0.095 | O14: =+IFERROR(HLOOKUP($B14,'[1]10월'!$D$6:$BN$259,3,),)/1000 -> 1872 | P14: =+IFERROR(HLOOKUP($B14,'[2]10월'!$F$6:$CP$99,3,),)/1000 -> 2122.0107 | Q14: =+P14-O14 -> 250.01072 | R14: =+IFERROR(HLOOKUP($B14,'[3]10월'!$F$6:$CC$57,3,),)/1000 -> 2160.2739 | S14: =+P14-R14 -> -38.263178 | T14: =+IFERROR(HLOOKUP($B14,'[1]10월'!$D$6:$BN$259,16,),)/1000 -> 269.83512 | U14: =+IFERROR(HLOOKUP($B14,'[2]10월'!$F$6:$CP$99,16,),)/1000 -> 142.76763 | V14: =+U14-T14 -> -127.06749 | W14: =+IFERROR(HLOOKUP($B14,'[3]10월'!$F$6:$CC$57,16,),)/1000 -> 384.15831 | X14: =+U14-W14 -> -241.39068 | Y14: =+[5]정관!$Q$85 -> 104000 | Z14: =+[5]정관!$R$85 -> 97536.805 | AA14: =+[6]정관!$Q$85 -> 98863.846 | AB14: =+[5]정관!$Q$89 -> 78304.336 | AC14: =+[5]정관!$R$89 -> 81346.355 | AD14: =+[6]정관!$Q$89 -> 72569.956 | AE14: =+Y14-AB14 -> 25695.664 | AF14: =+Z14-AC14 -> 16190.45 | AG14: =+AA14-AD14 -> 26293.89
B15: 양산 | G15: =+I15 -> 양산 | I15: 양산 | J15: =+IFERROR(HLOOKUP($B15,'[1]10월'!$D$6:$BN$259,2,),)/1000 -> 12 | K15: =+IFERROR(HLOOKUP($B15,'[2]10월'!$F$6:$CP$99,2,),)/1000 -> 13.908 | L15: =+K15-J15 -> 1.908 | M15: =+IFERROR(HLOOKUP($B15,'[3]10월'!$F$6:$CC$57,2,),)/1000 -> 11.729 | N15: =+K15-M15 -> 2.179 | O15: =+IFERROR(HLOOKUP($B15,'[1]10월'!$D$6:$BN$259,3,),)/1000 -> 1166.5218 | P15: =+IFERROR(HLOOKUP($B15,'[2]10월'!$F$6:$CP$99,3,),)/1000 -> 1309.0972 | Q15: =+P15-O15 -> 142.57537 | R15: =+IFERROR(HLOOKUP($B15,'[3]10월'!$F$6:$CC$57,3,),)/1000 -> 1101.1099 | S15: =+P15-R15 -> 207.98729 | T15: =+IFERROR(HLOOKUP($B15,'[1]10월'!$D$6:$BN$259,16,),)/1000 -> 183.28795 | U15: =+IFERROR(HLOOKUP($B15,'[2]10월'!$F$6:$CP$99,16,),)/1000 -> 152.35462 | V15: =+U15-T15 -> -30.933328 | W15: =+IFERROR(HLOOKUP($B15,'[3]10월'!$F$6:$CC$57,16,),)/1000 -> 156.70708 | X15: =+U15-W15 -> -4.352465 | Y15: =+[5]양산!$Q$85 -> 97210.153 | Z15: =+[5]양산!$R$85 -> 94125.482 | AA15: =+[6]양산!$Q$85 -> 93879.266 | AB15: =+[5]양산!$Q$89 -> 70800.643 | AC15: =+[5]양산!$R$89 -> 72678.271 | AD15: =+[6]양산!$Q$89 -> 68763.005 | AE15: =+Y15-AB15 -> 26409.51 | AF15: =+Z15-AC15 -> 21447.211 | AG15: =+AA15-AD15 -> 25116.261
B16: 창원 | G16: =+I16 -> 창원 | I16: 창원 | J16: =+IFERROR(HLOOKUP($B16,'[1]10월'!$D$6:$BN$259,2,),)/1000 -> 17 | K16: =+IFERROR(HLOOKUP($B16,'[2]10월'!$F$6:$CP$99,2,),)/1000 -> 14.58 | L16: =+K16-J16 -> -2.42 | M16: =+IFERROR(HLOOKUP($B16,'[3]10월'!$F$6:$CC$57,2,),)/1000 -> 20.989 | N16: =+K16-M16 -> -6.409 | O16: =+IFERROR(HLOOKUP($B16,'[1]10월'!$D$6:$BN$259,3,),)/1000 -> 1729.667 | P16: =+IFERROR(HLOOKUP($B16,'[2]10월'!$F$6:$CP$99,3,),)/1000 -> 1357.6853 | Q16: =+P16-O16 -> -371.9817 | R16: =+IFERROR(HLOOKUP($B16,'[3]10월'!$F$6:$CC$57,3,),)/1000 -> 2019.1504 | S16: =+P16-R16 -> -661.4651 | T16: =+IFERROR(HLOOKUP($B16,'[1]10월'!$D$6:$BN$259,16,),)/1000 -> 309.65579 | U16: =+IFERROR(HLOOKUP($B16,'[2]10월'!$F$6:$CP$99,16,),)/1000 -> 76.578861 | V16: =+U16-T16 -> -233.07693 | W16: =+IFERROR(HLOOKUP($B16,'[3]10월'!$F$6:$CC$57,16,),)/1000 -> 434.99491 | X16: =+U16-W16 -> -358.41605 | Y16: =+[5]창원!$Q$85 -> 101745.12 | Z16: =+[5]창원!$R$85 -> 93119.705 | AA16: =+[6]창원!$Q$85 -> 96200.41 | AB16: =+[5]창원!$Q$89 -> 72531.102 | AC16: =+[5]창원!$R$89 -> 74871.475 | AD16: =+[6]창원!$Q$89 -> 66786.157 | AE16: =+Y16-AB16 -> 29214.015 | AF16: =+Z16-AC16 -> 18248.23 | AG16: =+AA16-AD16 -> 29414.253
B17: 대구 | G17: =+I17 -> 대구 | I17: 대구 | J17: =+IFERROR(HLOOKUP($B17,'[1]10월'!$D$6:$BN$259,2,),)/1000 -> 16.5 | K17: =+IFERROR(HLOOKUP($B17,'[2]10월'!$F$6:$CP$99,2,),)/1000 -> 15.64 | L17: =+K17-J17 -> -0.86 | M17: =+IFERROR(HLOOKUP($B17,'[3]10월'!$F$6:$CC$57,2,),)/1000 -> 20.4465 | N17: =+K17-M17 -> -4.8065 | O17: =+IFERROR(HLOOKUP($B17,'[1]10월'!$D$6:$BN$259,3,),)/1000 -> 1613.04 | P17: =+IFERROR(HLOOKUP($B17,'[2]10월'!$F$6:$CP$99,3,),)/1000 -> 1465.4841 | Q17: =+P17-O17 -> -147.55595 | R17: =+IFERROR(HLOOKUP($B17,'[3]10월'!$F$6:$CC$57,3,),)/1000 -> 1901.5033 | S17: =+P17-R17 -> -436.01925 | T17: =+IFERROR(HLOOKUP($B17,'[1]10월'!$D$6:$BN$259,16,),)/1000 -> 288.58165 | U17: =+IFERROR(HLOOKUP($B17,'[2]10월'!$F$6:$CP$99,16,),)/1000 -> 100.63415 | V17: =+U17-T17 -> -187.94749 | W17: =+IFERROR(HLOOKUP($B17,'[3]10월'!$F$6:$CC$57,16,),)/1000 -> 408.14683 | X17: =+U17-W17 -> -307.51268 | Y17: =+[5]대구!$Q$85 -> 97760 | Z17: =+[5]대구!$R$85 -> 93698.609 | AA17: =+[6]대구!$Q$85 -> 93018.593 | AB17: =+[5]대구!$Q$89 -> 70182.877 | AC17: =+[5]대구!$R$89 -> 76355.669 | AD17: =+[6]대구!$Q$89 -> 65323.493 | AE17: =+Y17-AB17 -> 27577.123 | AF17: =+Z17-AC17 -> 17342.941 | AG17: =+AA17-AD17 -> 27695.1
B18: 울산 | G18: =+I18 -> 울산 | I18: 울산 | J18: =+IFERROR(HLOOKUP($B18,'[1]10월'!$D$6:$BN$259,2,),)/1000 -> 12 | K18: =+IFERROR(HLOOKUP($B18,'[2]10월'!$F$6:$CP$99,2,),)/1000 -> 14.267 | L18: =+K18-J18 -> 2.267 | M18: =+IFERROR(HLOOKUP($B18,'[3]10월'!$F$6:$CC$57,2,),)/1000 -> 8.732 | N18: =+K18-M18 -> 5.535 | O18: =+IFERROR(HLOOKUP($B18,'[1]10월'!$D$6:$BN$259,3,),)/1000 -> 1213.4895 | P18: =+IFERROR(HLOOKUP($B18,'[2]10월'!$F$6:$CP$99,3,),)/1000 -> 1420.6245 | Q18: =+P18-O18 -> 207.135 | R18: =+IFERROR(HLOOKUP($B18,'[3]10월'!$F$6:$CC$57,3,),)/1000 -> 821.1822 | S18: =+P18-R18 -> 599.4423 | T18: =+IFERROR(HLOOKUP($B18,'[1]10월'!$D$6:$BN$259,16,),)/1000 -> 130.01697 | U18: =+IFERROR(HLOOKUP($B18,'[2]10월'!$F$6:$CP$99,16,),)/1000 -> 157.77048 | V18: =+U18-T18 -> 27.753515 | W18: =+IFERROR(HLOOKUP($B18,'[3]10월'!$F$6:$CC$57,16,),)/1000 -> 46.27613 | X18: =+U18-W18 -> 111.49435 | Y18: =+[5]울산!$Q$85 -> 101124.12 | Z18: =+[5]울산!$R$85 -> 99574.157 | AA18: =+[6]울산!$Q$85 -> 93892.31 | AB18: =+[5]울산!$Q$89 -> 79322.963 | AC18: =+[5]울산!$R$89 -> 78942.319 | AD18: =+[6]울산!$Q$89 -> 74121.3 | AE18: =+Y18-AB18 -> 21801.162 | AF18: =+Z18-AC18 -> 20631.838 | AG18: =+AA18-AD18 -> 19771.01
B19: 아산 | G19: =+I19 -> 아산 | I19: 아산 | J19: =+IFERROR(HLOOKUP($B19,'[1]10월'!$D$6:$BN$259,2,),)/1000 -> 28 | K19: =+IFERROR(HLOOKUP($B19,'[2]10월'!$F$6:$CP$99,2,),)/1000 -> 35.1425 | L19: =+K19-J19 -> 7.1425 | M19: =+IFERROR(HLOOKUP($B19,'[3]10월'!$F$6:$CC$57,2,),)/1000 -> 30.139 | N19: =+K19-M19 -> 5.0035 | O19: =+IFERROR(HLOOKUP($B19,'[1]10월'!$D$6:$BN$259,3,),)/1000 -> 2828.015 | P19: =+IFERROR(HLOOKUP($B19,'[2]10월'!$F$6:$CP$99,3,),)/1000 -> 3417.0639 | Q19: =+P19-O19 -> 589.04891 | R19: =+IFERROR(HLOOKUP($B19,'[3]10월'!$F$6:$CC$57,3,),)/1000 -> 2877.9451 | S19: =+P19-R19 -> 539.11881 | T19: =+IFERROR(HLOOKUP($B19,'[1]10월'!$D$6:$BN$259,16,),)/1000 -> 443.55499 | U19: =+IFERROR(HLOOKUP($B19,'[2]10월'!$F$6:$CP$99,16,),)/1000 -> 518.14114 | V19: =+U19-T19 -> 74.586147 | W19: =+IFERROR(HLOOKUP($B19,'[3]10월'!$F$6:$CC$57,16,),)/1000 -> 452.27289 | X19: =+U19-W19 -> 65.868249 | Y19: =+[5]아산!$Q$85 -> 101000.54 | Z19: =+[5]아산!$R$85 -> 97210.458 | AA19: =+[6]아산!$Q$85 -> 95493.307 | AB19: =+[5]아산!$Q$89 -> 77532.35 | AC19: =+[5]아산!$R$89 -> 75321.505 | AD19: =+[6]아산!$Q$89 -> 73816.088 | AE19: =+Y19-AB19 -> 23468.186 | AF19: =+Z19-AC19 -> 21888.953 | AG19: =+AA19-AD19 -> 21677.219
B20: 전주 | G20: =+I20 -> 전주 | I20: 전주 | J20: =+IFERROR(HLOOKUP($B20,'[1]10월'!$D$6:$BN$259,2,),)/1000 -> 13 | K20: =+IFERROR(HLOOKUP($B20,'[2]10월'!$F$6:$CP$99,2,),)/1000 -> 9.6695 | L20: =+K20-J20 -> -3.3305 | M20: =+IFERROR(HLOOKUP($B20,'[3]10월'!$F$6:$CC$57,2,),)/1000 -> 12.4395 | N20: =+K20-M20 -> -2.77 | O20: =+IFERROR(HLOOKUP($B20,'[1]10월'!$D$6:$BN$259,3,),)/1000 -> 1320.0808 | P20: =+IFERROR(HLOOKUP($B20,'[2]10월'!$F$6:$CP$99,3,),)/1000 -> 921.15986 | Q20: =+P20-O20 -> -398.9209 | R20: =+IFERROR(HLOOKUP($B20,'[3]10월'!$F$6:$CC$57,3,),)/1000 -> 1210.6657 | S20: =+P20-R20 -> -289.50584 | T20: =+IFERROR(HLOOKUP($B20,'[1]10월'!$D$6:$BN$259,16,),)/1000 -> 228.75892 | U20: =+IFERROR(HLOOKUP($B20,'[2]10월'!$F$6:$CP$99,16,),)/1000 -> 51.295807 | V20: =+U20-T20 -> -177.46311 | W20: =+IFERROR(HLOOKUP($B20,'[3]10월'!$F$6:$CC$57,16,),)/1000 -> 248.53375 | X20: =+U20-W20 -> -197.23794 | Y20: =+[5]전주!$Q$85 -> 101544.67 | Z20: =+[5]전주!$R$85 -> 95264.477 | AA20: =+[6]전주!$Q$85 -> 97324.306 | AB20: =+[5]전주!$Q$89 -> 73140.013 | AC20: =+[5]전주!$R$89 -> 74505.129 | AD20: =+[6]전주!$Q$89 -> 66110.731 | AE20: =+Y20-AB20 -> 28404.661 | AF20: =+Z20-AC20 -> 20759.349 | AG20: =+AA20-AD20 -> 31213.575
B21: 군산 | G21: =+I21 -> 군산 | I21: 군산 | J21: =+IFERROR(HLOOKUP($B21,'[1]10월'!$D$6:$BN$259,2,),)/1000 -> 7 | K21: =+IFERROR(HLOOKUP($B21,'[2]10월'!$F$6:$CP$99,2,),)/1000 -> 9.023 | L21: =+K21-J21 -> 2.023 | M21: =+IFERROR(HLOOKUP($B21,'[3]10월'!$F$6:$CC$57,2,),)/1000 -> 8.6055 | N21: =+K21-M21 -> 0.4175 | O21: =+IFERROR(HLOOKUP($B21,'[1]10월'!$D$6:$BN$259,3,),)/1000 -> 761.47221 | P21: =+IFERROR(HLOOKUP($B21,'[2]10월'!$F$6:$CP$99,3,),)/1000 -> 1002.9886 | Q21: =+P21-O21 -> 241.51634 | R21: =+IFERROR(HLOOKUP($B21,'[3]10월'!$F$6:$CC$57,3,),)/1000 -> 903.96604 | S21: =+P21-R21 -> 99.022512 | T21: =+IFERROR(HLOOKUP($B21,'[1]10월'!$D$6:$BN$259,16,),)/1000 -> 200.39525 | U21: =+IFERROR(HLOOKUP($B21,'[2]10월'!$F$6:$CP$99,16,),)/1000 -> 268.54539 | V21: =+U21-T21 -> 68.150136 | W21: =+IFERROR(HLOOKUP($B21,'[3]10월'!$F$6:$CC$57,16,),)/1000 -> 252.05178 | X21: =+U21-W21 -> 16.493606 | Y21: =+[5]군산!$Q$85 -> 108781.74 | Z21: =+[5]군산!$R$85 -> 111159.1 | AA21: =+[6]군산!$Q$85 -> 105101.35 | AB21: =+[5]군산!$Q$89 -> 69630.38 | AC21: =+[5]군산!$R$89 -> 72170.12 | AD21: =+[6]군산!$Q$89 -> 67141.823 | AE21: =+Y21-AB21 -> 39151.364 | AF21: =+Z21-AC21 -> 38988.979 | AG21: =+AA21-AD21 -> 37959.531
B22: 원주 | G22: =+I22 -> 원주 | I22: 원주 | J22: =+IFERROR(HLOOKUP($B22,'[1]10월'!$D$6:$BN$259,2,),)/1000 -> 6 | K22: =+IFERROR(HLOOKUP($B22,'[2]10월'!$F$6:$CP$99,2,),)/1000 -> 5.544 | L22: =+K22-J22 -> -0.456 | M22: =+IFERROR(HLOOKUP($B22,'[3]10월'!$F$6:$CC$57,2,),)/1000 -> 6.439 | N22: =+K22-M22 -> -0.895 | O22: =+IFERROR(HLOOKUP($B22,'[1]10월'!$D$6:$BN$259,3,),)/1000 -> 647.4 | P22: =+IFERROR(HLOOKUP($B22,'[2]10월'!$F$6:$CP$99,3,),)/1000 -> 603.98328 | Q22: =+P22-O22 -> -43.416723 | R22: =+IFERROR(HLOOKUP($B22,'[3]10월'!$F$6:$CC$57,3,),)/1000 -> 663.01853 | S22: =+P22-R22 -> -59.035251 | T22: =+IFERROR(HLOOKUP($B22,'[1]10월'!$D$6:$BN$259,16,),)/1000 -> 123.06149 | U22: =+IFERROR(HLOOKUP($B22,'[2]10월'!$F$6:$CP$99,16,),)/1000 -> 104.30831 | V22: =+U22-T22 -> -18.753179 | W22: =+IFERROR(HLOOKUP($B22,'[3]10월'!$F$6:$CC$57,16,),)/1000 -> 129.33401 | X22: =+U22-W22 -> -25.025701 | Y22: =+[5]원주!$Q$85 -> 107900 | Z22: =+[5]원주!$R$85 -> 108943.59 | AA22: =+[6]원주!$Q$85 -> 102998.99 | AB22: =+[5]원주!$Q$89 -> 72860.633 | AC22: =+[5]원주!$R$89 -> 73906.808 | AD22: =+[6]원주!$Q$89 -> 70663.788 | AE22: =+Y22-AB22 -> 35039.367 | AF22: =+Z22-AC22 -> 35036.784 | AG22: =+AA22-AD22 -> 32335.199
B23: 제주 | G23: =+I23 -> 제주 | I23: 제주 | J23: =+IFERROR(HLOOKUP($B23,'[1]10월'!$D$6:$BN$259,2,),)/1000 -> 7 | K23: =+IFERROR(HLOOKUP($B23,'[2]10월'!$F$6:$CP$99,2,),)/1000 -> 3.047 | L23: =+K23-J23 -> -3.953 | M23: =+IFERROR(HLOOKUP($B23,'[3]10월'!$F$6:$CC$57,2,),)/1000 -> 7.2105 | N23: =+K23-M23 -> -4.1635 | O23: =+IFERROR(HLOOKUP($B23,'[1]10월'!$D$6:$BN$259,3,),)/1000 -> 887.6 | P23: =+IFERROR(HLOOKUP($B23,'[2]10월'!$F$6:$CP$99,3,),)/1000 -> 366.41407 | Q23: =+P23-O23 -> -521.18593 | R23: =+IFERROR(HLOOKUP($B23,'[3]10월'!$F$6:$CC$57,3,),)/1000 -> 853.32547 | S23: =+P23-R23 -> -486.9114 | T23: =+IFERROR(HLOOKUP($B23,'[1]10월'!$D$6:$BN$259,16,),)/1000 -> 161.45189 | U23: =+IFERROR(HLOOKUP($B23,'[2]10월'!$F$6:$CP$99,16,),)/1000 -> 4.79407 | V23: =+U23-T23 -> -156.65782 | W23: =+IFERROR(HLOOKUP($B23,'[3]10월'!$F$6:$CC$57,16,),)/1000 -> 153.81435 | X23: =+U23-W23 -> -149.02028 | Y23: =+[5]제주!$Q$85 -> 126800 | Z23: =+[5]제주!$R$85 -> 120254.04 | AA23: =+[6]제주!$Q$85 -> 118440.38 | AB23: =+[5]제주!$Q$89 -> 91213.272 | AC23: =+[5]제주!$R$89 -> 91133.112 | AD23: =+[6]제주!$Q$89 -> 83392.471 | AE23: =+Y23-AB23 -> 35586.728 | AF23: =+Z23-AC23 -> 29120.931 | AG23: =+AA23-AD23 -> 35047.91
G24: =+I24 -> 수도권 | I24: 수도권 | J24: =SUM(J7:J10) -> 121.5 | K24: =SUM(K7:K10) -> 103.91 | L24: =+K24-J24 -> -17.59 | M24: =SUM(M7:M10) -> 136.035 | N24: =+K24-M24 -> -32.125 | O24: =SUM(O7:O10) -> 12351.261 | P24: =SUM(P7:P10) -> 9713.52 | Q24: =+P24-O24 -> -2637.7406 | R24: =SUM(R7:R10) -> 13130.312 | S24: =+P24-R24 -> -3416.7921 | T24: =SUM(T7:T10) -> 1890.5424 | U24: =SUM(U7:U10) -> 363.42568 | V24: =+U24-T24 -> -1527.1167 | W24: =SUM(W7:W10) -> 1897.1383 | X24: =+U24-W24 -> -1533.7126 | Y24: =+[5]수도권!$Q$85 -> 101656.47 | Z24: =+[5]수도권!$R$85 -> 93480.666 | AA24: =+[6]수도권!$Q$85 -> 96457.33 | AB24: =+[5]수도권!$Q$89 -> 78142.383 | AC24: =+[5]수도권!$R$89 -> 80496.449 | AD24: =+[6]수도권!$Q$89 -> 75526.788 | AE24: =+Y24-AB24 -> 23514.084 | AF24: =+Z24-AC24 -> 12984.216 | AG24: =+AA24-AD24 -> 20930.542
G25: =+I25 -> 영남권 | I25: 영남권 | J25: =SUM(J11:J18) -> 138.5 | K25: =SUM(K11:K18) -> 130.221 | L25: =+K25-J25 -> -8.279 | M25: =SUM(M11:M18) -> 149.6455 | N25: =+K25-M25 -> -19.4245 | O25: =SUM(O11:O18) -> 14209.125 | P25: =SUM(P11:P18) -> 12503.422 | Q25: =+P25-O25 -> -1705.7034 | R25: =SUM(R11:R18) -> 14637.548 | S25: =+P25-R25 -> -2134.1258 | T25: =SUM(T11:T18) -> 2263.6867 | U25: =SUM(U11:U18) -> 830.76104 | V25: =+U25-T25 -> -1432.9256 | W25: =SUM(W11:W18) -> 2708.1795 | X25: =+U25-W25 -> -1877.4184 | Y25: =+[5]영남권!$Q$85 -> 102592.96 | Z25: =+[5]영남권!$R$85 -> 96016.649 | AA25: =+[6]영남권!$Q$85 -> 97820.439 | AB25: =+[5]영남권!$Q$89 -> 75796.515 | AC25: =+[5]영남권!$R$89 -> 78191.758 | AD25: =+[6]영남권!$Q$89 -> 70291.214 | AE25: =+Y25-AB25 -> 26796.447 | AF25: =+Z25-AC25 -> 17824.891 | AG25: =+AA25-AD25 -> 27529.225
G26: =+I26 -> 중부권 | I26: 중부권 | J26: =SUM(J19:J23) -> 61 | K26: =SUM(K19:K23) -> 62.426 | L26: =+K26-J26 -> 1.426 | M26: =SUM(M19:M23) -> 64.8335 | N26: =+K26-M26 -> -2.4075 | O26: =SUM(O19:O23) -> 6444.568 | P26: =SUM(P19:P23) -> 6311.6097 | Q26: =+P26-O26 -> -132.9583 | R26: =SUM(R19:R23) -> 6508.9208 | S26: =+P26-R26 -> -197.31117 | T26: =SUM(T19:T23) -> 1157.2225 | U26: =SUM(U19:U23) -> 947.08472 | V26: =+U26-T26 -> -210.13782 | W26: =SUM(W19:W23) -> 1236.0068 | X26: =+U26-W26 -> -288.92206 | Y26: =+[5]중부권!$Q$85 -> 105648.66 | Z26: =+[5]중부권!$R$85 -> 101095.66 | AA26: =+[6]중부권!$Q$85 -> 100356.67 | AB26: =+[5]중부권!$Q$89 -> 76799.923 | AC26: =+[5]중부권!$R$89 -> 75393.477 | AD26: =+[6]중부권!$Q$89 -> 72173.801 | AE26: =+Y26-AB26 -> 28848.732 | AF26: =+Z26-AC26 -> 25702.179 | AG26: =+AA26-AD26 -> 28182.868
G27: =+K27/J27 -> 0.92385358 | H27: 레미콘 계 | J27: =SUM(J24:J26) -> 321 | K27: =SUM(K24:K26) -> 296.557 | L27: =+K27-J27 -> -24.443 | M27: =SUM(M24:M26) -> 350.514 | N27: =+K27-M27 -> -53.957 | O27: =SUM(O24:O26) -> 33004.954 | P27: =SUM(P24:P26) -> 28528.552 | Q27: =+P27-O27 -> -4476.4023 | R27: =SUM(R24:R26) -> 34276.781 | S27: =+P27-R27 -> -5748.229 | T27: =SUM(T24:T26) -> 5311.4516 | U27: =SUM(U24:U26) -> 2141.2714 | V27: =+U27-T27 -> -3170.1802 | W27: =SUM(W24:W26) -> 5841.3245 | X27: =+U27-W27 -> -3700.0531 | Y27: =+[5]합계!$Q$85 -> 102819.17 | Z27: =+[5]합계!$R$85 -> 96197.561 | AA27: =+[6]합계!$Q$85 -> 97761.738 | AB27: =+[5]합계!$Q$89 -> 76875.116 | AC27: =+[5]합계!$R$89 -> 78411.451 | AD27: =+[6]합계!$Q$89 -> 72669.741 | AE27: =+Y27-AB27 -> 25944.055 | AF27: =+Z27-AC27 -> 17786.111 | AG27: =+AA27-AD27 -> 25091.997
B28: 건자재 | E28: 건자재영업 | G28: 건자재 | H28: 건자재 | J28: =+IFERROR(HLOOKUP($B28,'[1]10월'!$D$6:$BN$259,2,),) -> 8900 | K28: =+IFERROR(HLOOKUP($E28,'[2]10월'!$F$6:$CP$99,2,),) -> 8972.008 | L28: =+K28-J28 -> 72.008 | M28: =+IFERROR(HLOOKUP($E28,'[3]10월'!$F$6:$CC$57,2,),) -> 9070.045 | N28: =+K28-M28 -> -98.037 | O28: =+IFERROR(HLOOKUP($B28,'[1]10월'!$D$6:$BN$259,3,),)/1000 -> 10873.417 | P28: =+IFERROR(HLOOKUP($E28,'[2]10월'!$F$6:$CP$99,3,),)/1000 -> 8678.6853 | Q28: =+P28-O28 -> -2194.7316 | R28: =+IFERROR(HLOOKUP($E28,'[3]10월'!$F$6:$CC$57,3,),)/1000 -> 11314.06 | S28: =+P28-R28 -> -2635.3749 | T28: =+IFERROR(HLOOKUP($B28,'[1]10월'!$D$6:$BN$259,16,),)/1000 -> 155.78428 | U28: =+IFERROR(HLOOKUP($E28,'[2]10월'!$F$6:$CP$99,16,),)/1000 -> 44.005329 | V28: =+U28-T28 -> -111.77895 | W28: =+IFERROR(HLOOKUP($E28,'[3]10월'!$F$6:$CC$57,16,),)/1000 -> 85.321437 | X28: =+U28-W28 -> -41.316108 | Y28: ■ 비고
B29: 부산모래장 | C29: 부산골재 | G29: =+I29 -> 부산모래장 | H29: 골재 | I29: 부산모래장 | J29: =+IFERROR(HLOOKUP($B29,'[1]10월'!$D$6:$BN$259,2,),)/1000 -> 29.254222 | K29: =+IFERROR(HLOOKUP($C29,'[2]10월'!$F$6:$CP$99,2,),)/1000 -> 20.119 | L29: =+K29-J29 -> -9.1352225 | M29: =+IFERROR(HLOOKUP($C29,'[3]10월'!$F$6:$CC$57,2,),)/1000 -> 29.978 | N29: =+K29-M29 -> -9.859 | O29: =+IFERROR(HLOOKUP($B29,'[1]10월'!$D$6:$BN$259,3,),)/1000 -> 832.16381 | P29: =+IFERROR(HLOOKUP($C29,'[2]10월'!$F$6:$CP$99,3,),)/1000 -> 571.11 | Q29: =+P29-O29 -> -261.05381 | R29: =+IFERROR(HLOOKUP($C29,'[3]10월'!$F$6:$CC$57,3,),)/1000 -> 855.205 | S29: =+P29-R29 -> -284.095 | T29: =+IFERROR(HLOOKUP($B29,'[1]10월'!$D$6:$BN$259,21,),)/1000 -> 60.533391 | U29: =+IFERROR(HLOOKUP($C29,'[2]10월'!$F$6:$CP$99,21,),)/1000 -> 53.934357 | V29: =+U29-T29 -> -6.5990338 | W29: =+IFERROR(HLOOKUP($C29,'[3]10월'!$F$6:$CC$57,16,),)/1000 -> 31.332617 | X29: =+U29-W29 -> 22.60174
B30: 서부산크라샤 | C30: 서부산골재 | G30: =+I30 -> 서부산CR | I30: 서부산CR | J30: =+IFERROR(HLOOKUP($B30,'[1]10월'!$D$6:$BN$259,2,),)/1000 -> 51.352963 | K30: =+IFERROR(HLOOKUP($C30,'[2]10월'!$F$6:$CP$99,2,),)/1000 -> 1.36 | L30: =+K30-J30 -> -49.992963 | M30: =+IFERROR(HLOOKUP($C30,'[3]10월'!$F$6:$CC$57,2,),)/1000 -> 33.644 | N30: =+K30-M30 -> -32.284 | O30: =+IFERROR(HLOOKUP($B30,'[1]10월'!$D$6:$BN$259,3,),)/1000 -> 637.54945 | P30: =+IFERROR(HLOOKUP($C30,'[2]10월'!$F$6:$CP$99,3,),)/1000 -> 15.64 | Q30: =+P30-O30 -> -621.90945 | R30: =+IFERROR(HLOOKUP($C30,'[3]10월'!$F$6:$CC$57,3,),)/1000 -> 400.76 | S30: =+P30-R30 -> -385.12 | T30: =+IFERROR(HLOOKUP($B30,'[1]10월'!$D$6:$BN$259,21,),)/1000 -> 174.00076 | U30: =+IFERROR(HLOOKUP($C30,'[2]10월'!$F$6:$CP$99,21,),)/1000 -> -83.948514 | V30: =+U30-T30 -> -257.94928 | W30: =+IFERROR(HLOOKUP($C30,'[3]10월'!$F$6:$CC$57,16,),)/1000 -> 41.015432 | X30: =+U30-W30 -> -124.96395
B31: 부산크라샤 | C31: 부산크라샤 | G31: =+I31 -> 부산CR | I31: 부산CR | J31: =+IFERROR(HLOOKUP($B31,'[1]10월'!$D$6:$BN$259,2,),)/1000 -> 43.565728 | K31: =+IFERROR(HLOOKUP($C31,'[2]10월'!$F$6:$CP$99,2,),)/1000 -> 38.611 | L31: =+K31-J31 -> -4.9547281 | M31: =+IFERROR(HLOOKUP($C31,'[3]10월'!$F$6:$CC$57,2,),)/1000 -> 34.889 | N31: =+K31-M31 -> 3.722 | O31: =+IFERROR(HLOOKUP($B31,'[1]10월'!$D$6:$BN$259,3,),)/1000 -> 790.01556 | P31: =+IFERROR(HLOOKUP($C31,'[2]10월'!$F$6:$CP$99,3,),)/1000 -> 659.0685 | Q31: =+P31-O31 -> -130.94706 | R31: =+IFERROR(HLOOKUP($C31,'[3]10월'!$F$6:$CC$57,3,),)/1000 -> 596.328 | S31: =+P31-R31 -> 62.7405 | T31: =+IFERROR(HLOOKUP($B31,'[1]10월'!$D$6:$BN$259,21,),)/1000 -> 98.617225 | U31: =+IFERROR(HLOOKUP($C31,'[2]10월'!$F$6:$CP$99,21,),)/1000 -> -119.94369 | V31: =+U31-T31 -> -218.56092 | W31: =+IFERROR(HLOOKUP($C31,'[3]10월'!$F$6:$CC$57,16,),)/1000 -> 69.444007 | X31: =+U31-W31 -> -189.3877
H32: 골재 계 | J32: =SUM(J29:J31) -> 124.17291 | K32: =SUM(K29:K31) -> 60.09 | L32: =+K32-J32 -> -64.082914 | M32: =SUM(M29:M31) -> 98.511 | N32: =+K32-M32 -> -38.421 | O32: =SUM(O29:O31) -> 2259.7288 | P32: =SUM(P29:P31) -> 1245.8185 | Q32: =+P32-O32 -> -1013.9103 | R32: =SUM(R29:R31) -> 1852.293 | S32: =+P32-R32 -> -606.4745 | T32: =SUM(T29:T31) -> 333.15138 | U32: =SUM(U29:U31) -> -149.95785 | V32: =+U32-T32 -> -483.10923 | W32: =SUM(W29:W31) -> 141.79206 | X32: =+U32-W32 -> -291.74991
B33: 포항임대 | C33: 속초임대 | D33: 강릉임대 | E33: 레미콘임대 계 | G33: =+I33 -> 레미콘임대 | H33: 기타 | I33: 레미콘임대 | L33: =+K33-J33 -> 0 | N33: =+K33-M33 -> 0 | O33: =(IFERROR(HLOOKUP($B33,'[1]10월'!$D$6:$BN$259,3,),)++IFERROR(HLOOKUP($C33,'[1]10월'!$D$6:$BN$259,3,),)+IFERROR(HLOOKUP($D33,'[1]10월'!$D$6:$BN$259,3,),))/1000 -> 90.84 | P33: =+IFERROR(HLOOKUP($E33,'[2]10월'!$F$6:$CP$99,3,),)/1000 -> 90.84 | Q33: =+P33-O33 -> 0 | R33: =+IFERROR(HLOOKUP($E33,'[3]10월'!$F$6:$CC$57,3,),)/1000 -> 90.84 | S33: =+P33-R33 -> 0 | T33: =(IFERROR(HLOOKUP($B33,'[1]10월'!$D$6:$BN$259,21,),)++IFERROR(HLOOKUP($C33,'[1]10월'!$D$6:$BN$259,21,),)+IFERROR(HLOOKUP($D33,'[1]10월'!$D$6:$BN$259,21,),))/1000 -> 72.165959 | U33: =+IFERROR(HLOOKUP($E33,'[2]10월'!$F$6:$CP$99,16,),)/1000 -> 71.16796 | V33: =+U33-T33 -> -0.997999 | W33: =+IFERROR(HLOOKUP($E33,'[3]10월'!$F$6:$CC$57,16,),)/1000 -> 71.889904 | X33: =+U33-W33 -> -0.721944
B34: 부동산임대 | C34: 주유소임대 | E34: 임대 계 | G34: =+I34 -> 임대 | I34: 임대 | L34: =+K34-J34 -> 0 | M34: 0 | N34: =+K34-M34 -> 0 | O34: =(+IFERROR(HLOOKUP($B34,'[1]10월'!$D$6:$BN$259,3,),)+IFERROR(HLOOKUP($C34,'[1]10월'!$D$6:$BN$259,3,),))/1000 -> 72.2975 | P34: =+IFERROR(HLOOKUP($E34,'[2]10월'!$F$6:$CP$99,3,),)/1000 -> 73.837421 | Q34: =+P34-O34 -> 1.5399207 | R34: =+IFERROR(HLOOKUP($E34,'[3]10월'!$F$6:$CC$57,3,),)/1000 -> 93.176517 | S34: =+P34-R34 -> -19.339096 | T34: =(+IFERROR(HLOOKUP($B34,'[1]10월'!$D$6:$BN$259,21,),)+IFERROR(HLOOKUP($C34,'[1]10월'!$D$6:$BN$259,21,),))/1000 -> 62.030473 | U34: =+IFERROR(HLOOKUP($E34,'[2]10월'!$F$6:$CP$99,16,),)/1000 -> 63.705665 | V34: =+U34-T34 -> 1.6751917 | W34: =+IFERROR(HLOOKUP($E34,'[3]10월'!$F$6:$CC$57,16,),)/1000 -> 56.287941 | X34: =+U34-W34 -> 7.417724
B35: 공 통 비 | G35: =+I35 -> 공통비 | I35: 공통비 | L35: =+K35-J35 -> 0 | N35: =+K35-M35 -> 0 | Q35: =+P35-O35 -> 0 | S35: =+P35-R35 -> 0 | T35: =-'[1]10월'!$Z$22/1000 -> -1239.3305 | U35: =+-'[2]10월'!$Z$22/1000 -> -1196.5785 | V35: =+U35-T35 -> 42.751972 | W35: =+-'[3]10월'!$Z$22/1000 -> -1214.5176 | X35: =+U35-W35 -> 17.939122
G36: =+I36 -> 대손 | I36: 대손 | N36: =+K36-M36 -> 0 | Q36: =+P36-O36 -> 0 | S36: =+P36-R36 -> 0 | U36: ='[2]10월'!$BE$26/1000 -> 0 | V36: =+U36-T36 -> 0 | X36: =+U36-W36 -> 0
G37: =+I37 -> 미운영 공장 | I37: 미운영 공장 | M37: =SUM(M53:M56) -> 0 | N37: =+K37-M37 -> 0 | Q37: =+P37-O37 -> 0 | R37: =+IFERROR(HLOOKUP($I$37,'[3]10월'!$F$6:$BJ$50,3,),)/1000 -> 0 | S37: =+P37-R37 -> 0 | T37: =SUM('[1]10월'!$AM$26:$AQ$26)/1000 -> -35.767484 | U37: =+'[2]10월'!$BF$26/1000 -> -32.623866 | V37: =+U37-T37 -> 3.1436184 | W37: =+'[3]10월'!$BF$26/1000 -> -9.41434 | X37: =+U37-W37 -> -23.209526
B38: 기타 계 | G38: =+I38 -> 기타 | I38: 기타 | L38: =+K38-J38 -> 0 | N38: =+K38-M38 -> 0 | O38: =IFERROR(HLOOKUP($B38,'[1]10월'!$D$6:$BN$259,3,),)/1000 -> 1.77 | P38: =+('[2]10월'!$F$8-SUM('[2]10월'!$Z$8,'[2]10월'!$AH$8,'[2]10월'!$AN$8,'[2]10월'!$AO$8,'[2]10월'!$BA$8,'[2]10월'!$BD$8,'[2]10월'!$BE$8,'[2]10월'!$BF$8))/1000 -> 1.8182 | Q38: =+P38-O38 -> 0.0482 | R38: =+('[3]10월'!$F$8-SUM('[3]10월'!$Z$8,'[3]10월'!$AH$8,'[3]10월'!$AN$8,'[3]10월'!$AO$8,'[3]10월'!$BA$8,'[3]10월'!$BD$8,'[3]10월'!$BE$8,'[3]10월'!$BF$8))/1000 -> 1.7741 | S38: =+P38-R38 -> 0.0441 | T38: =+('[1]10월'!$E$26-'[1]10월'!$Z$26-'[1]10월'!$AA$26-'[1]10월'!$AE$26-'[1]10월'!$AL$26-'[1]10월'!$AM$26-'[1]10월'!$AN$26-'[1]10월'!$AO$26-'[1]10월'!$AP$26-'[1]10월'!$AQ$26-'[1]10월'!$AS$26)/1000 -> -79.281808 | U38: =+('[2]10월'!$F$26-SUM('[2]10월'!$Z$26,'[2]10월'!$AH$26,'[2]10월'!$AN$26,'[2]10월'!$AO$26,'[2]10월'!$BA$26,'[2]10월'!$BD$26,'[2]10월'!$BE$26,'[2]10월'!$BF$26))/1000+'[2]10월'!$BD$26/1000 -> 233.24546 | V38: =+U38-T38 -> 312.52727 | W38: =+('[3]10월'!$F$26-SUM('[3]10월'!$Z$26,'[3]10월'!$AH$26,'[3]10월'!$AN$26,'[3]10월'!$AO$26,'[3]10월'!$BA$26,'[3]10월'!$BD$26,'[3]10월'!$BE$26,'[3]10월'!$BF$26))/1000+'[3]10월'!$BE$26/1000 -> 33.349238 | X38: =+U38-W38 -> 199.89622
N39: =+K39-M39 -> 0 | Q39: =+P39-O39 -> 0 | S39: =+P39-R39 -> 0 | V39: =+U39-T39 -> 0
H40: 기타 계 | J40: =SUM(J33:J39) -> 0 | K40: =SUM(K33:K39) -> 0 | L40: =+K40-J40 -> 0 | M40: =SUM(M33:M39) -> 0 | N40: =+K40-M40 -> 0 | O40: =SUM(O33:O39) -> 164.9075 | P40: =SUM(P33:P39) -> 166.49562 | Q40: =+P40-O40 -> 1.5881207 | R40: =SUM(R33:R39) -> 185.79062 | S40: =+P40-R40 -> -19.294996 | T40: =SUM(T33:T39) -> -1220.1833 | U40: =SUM(U33:U39) -> -861.08329 | V40: =+U40-T40 -> 359.10005 | W40: =SUM(W33:W39) -> -1062.4049 | X40: =+U40-W40 -> 201.3216
U41: 19 | V41: 12.4
G42: =+P42/O42 -> 0.8340614 | H42: 합계 | O42: =+O27+O32+O28+O40 -> 46303.007 | P42: =+P27+P32+P28+P40 -> 38619.551 | Q42: =+P42-O42 -> -7683.4561 | R42: =+R27+R32+R28+R40 -> 47628.924 | S42: =+P42-R42 -> -9009.3734 | T42: =+T27+T32+T28+T40 -> 4580.2039 | U42: =+U27+U32+U28+U40 -> 1174.2356 | V42: =+U42-T42 -> -3405.9683 | W42: =+W27+W32+W28+W40 -> 5006.0331 | X42: =+U42-W42 -> -3831.7975
G43: =+U42/T42 -> 0.25637191 | P43: =+P42/O42 -> 0.8340614 | T43: =+T42/O42 -> 0.098918067 | U43: =+U42/P42 -> 0.030405212
I45: 확인 | J45: =+'[1]10월'!$Z$7/1000 -> 321 | K45: =+'[2]10월'!$AI$7/1000 -> 296.557 | M45: =+'[3]10월'!$Z$7/1000 -> 350.514 | O45: =+'[1]10월'!$E$8/1000 -> 46303.007 | P45: =+'[2]10월'!$F$8/1000 -> 38619.551 | R45: =+'[3]10월'!$F$8/1000 -> 47628.924 | T45: =+'[1]10월'!$E$26/1000 -> 4580.2039 | U45: =+'[2]10월'!$F$26/1000 -> 1174.2356 | W45: =+'[3]10월'!$F$26/1000 -> 5006.0331
J46: =+J45-J27 -> 0 | K46: =+K45-K27 -> 0 | M46: =+M45-M27 -> 0 | O46: =+O45-O42 -> 0 | P46: =+P45-P42 -> 0 | R46: =+R45-R42 -> 0 | T46: =+T45-T42 -> 0 | U46: =+U45-U42 -> 0 | W46: =+W45-W42 -> 0
Y50: - OPC 소급분 : 삼표 2.5억(총 9.9억 中 1회차) → 8~11월 총 4회 소급예정

Sheet 사업장별(누계)_공장 송부용
H3: □ 사업장별 손익실적(2024-10누계)
AG4: [단위 : 천㎥, 톤, 백만원]
H5: 구분 | J5: 물량 | O5: 매출 | T5: 영업이익(공통비 배부전) | Y5: 판매단가 | AB5: 변동비 | AE5: 공헌이익
J6: 계획 | K6: 실적 | L6: 차이 | M6: 전년 | N6: 차이 | O6: 계획 | P6: 실적 | Q6: 차이 | R6: 전년 | S6: 차이 | T6: 계획 | U6: 실적 | V6: 차이 | W6: 전년 | X6: 차이 | Y6: 계획 | Z6: 실적 | AA6: 전년 | AB6: 계획 | AC6: 실적 | AD6: 전년 | AE6: 계획 | AF6: 실적 | AG6: 전년
B7: 안양 | F7: =+U7/T7 -> 0.61185956 | G7: =+K7/J7 -> 0.9047724 | H7: 레미콘 | I7: 안양 | J7: =+'사업장별(당월)'!J7+'[4]사업장별(누계)'!J7 -> 413 | K7: =+'사업장별(당월)'!K7+'[4]사업장별(누계)'!K7 -> 373.671 | L7: =+K7-J7 -> -39.329 | M7: =+'사업장별(당월)'!M7+'[4]사업장별(누계)'!M7 -> 451.318 | N7: =+K7-M7 -> -77.647 | O7: =+'사업장별(당월)'!O7+'[4]사업장별(누계)'!O7 -> 41395.914 | P7: =+'사업장별(당월)'!P7+'[4]사업장별(누계)'!P7 -> 37039.865 | Q7: =+P7-O7 -> -4356.0492 | R7: =+'사업장별(당월)'!R7+'[4]사업장별(누계)'!R7 -> 42064.133 | S7: =+P7-R7 -> -5024.2672 | T7: =+'사업장별(당월)'!T7+'[4]사업장별(누계)'!T7 -> 5712.3422 | U7: =+'사업장별(당월)'!U7+'[4]사업장별(누계)'!U7 -> 3495.1512 | V7: =+U7-T7 -> -2217.191 | W7: =+'사업장별(당월)'!W7+'[4]사업장별(누계)'!W7 -> 6228.1904 | X7: =+U7-W7 -> -2733.0392 | Y7: =+[11]안양!$Q$85 -> 100232.24 | Z7: =+[11]안양!$R$85 -> 99119.962 | AA7: =+[12]안양!$Q$85 -> 93178.954 | AB7: =+[11]안양!$Q$89 -> 78982.697 | AC7: =+[11]안양!$R$89 -> 81575.399 | AD7: =+[12]안양!$Q$89 -> 72902.644 | AE7: =+Y7-AB7 -> 21249.541 | AF7: =+Z7-AC7 -> 17544.563 | AG7: =+AA7-AD7 -> 20276.309
B8: 인천 | F8: =+U8/T8 -> 0.48025182 | G8: =+K8/J8 -> 0.86712662 | H8: 직영 | I8: 인천 | J8: =+'사업장별(당월)'!J8+'[4]사업장별(누계)'!J8 -> 308 | K8: =+'사업장별(당월)'!K8+'[4]사업장별(누계)'!K8 -> 267.075 | L8: =+K8-J8 -> -40.925 | M8: =+'사업장별(당월)'!M8+'[4]사업장별(누계)'!M8 -> 371.923 | N8: =+K8-M8 -> -104.848 | O8: =+'사업장별(당월)'!O8+'[4]사업장별(누계)'!O8 -> 31452.616 | P8: =+'사업장별(당월)'!P8+'[4]사업장별(누계)'!P8 -> 26610.64 | Q8: =+P8-O8 -> -4841.9759 | R8: =+'사업장별(당월)'!R8+'[4]사업장별(누계)'!R8 -> 35784.89 | S8: =+P8-R8 -> -9174.2499 | T8: =+'사업장별(당월)'!T8+'[4]사업장별(누계)'!T8 -> 3461.4375 | U8: =+'사업장별(당월)'!U8+'[4]사업장별(누계)'!U8 -> 1662.3617 | V8: =+U8-T8 -> -1799.0758 | W8: =+'사업장별(당월)'!W8+'[4]사업장별(누계)'!W8 -> 4468.8093 | X8: =+U8-W8 -> -2806.4477 | Y8: =+[11]인천!$Q$85 -> 102118.88 | Z8: =+[11]인천!$R$85 -> 99641.374 | AA8: =+[12]인천!$Q$85 -> 96189.949 | AB8: =+[11]인천!$Q$89 -> 81179.767 | AC8: =+[11]인천!$R$89 -> 82366.897 | AD8: =+[12]인천!$Q$89 -> 76069.849 | AE8: =+Y8-AB8 -> 20939.115 | AF8: =+Z8-AC8 -> 17274.477 | AG8: =+AA8-AD8 -> 20120.1
B9: 파주 | F9: =+U9/T9 -> 0.52020314 | G9: =+K9/J9 -> 0.99469388 | I9: 파주 | J9: =+'사업장별(당월)'!J9+'[4]사업장별(누계)'!J9 -> 245 | K9: =+'사업장별(당월)'!K9+'[4]사업장별(누계)'!K9 -> 243.7 | L9: =+K9-J9 -> -1.3 | M9: =+'사업장별(당월)'!M9+'[4]사업장별(누계)'!M9 -> 263.189 | N9: =+K9-M9 -> -19.489 | O9: =+'사업장별(당월)'!O9+'[4]사업장별(누계)'!O9 -> 24188.765 | P9: =+'사업장별(당월)'!P9+'[4]사업장별(누계)'!P9 -> 23555.596 | Q9: =+P9-O9 -> -633.16941 | R9: =+'사업장별(당월)'!R9+'[4]사업장별(누계)'!R9 -> 24364.544 | S9: =+P9-R9 -> -808.94806 | T9: =+'사업장별(당월)'!T9+'[4]사업장별(누계)'!T9 -> 3256.3599 | U9: =+'사업장별(당월)'!U9+'[4]사업장별(누계)'!U9 -> 1693.9687 | V9: =+U9-T9 -> -1562.3913 | W9: =+'사업장별(당월)'!W9+'[4]사업장별(누계)'!W9 -> 2646.245 | X9: =+U9-W9 -> -952.27632 | Y9: =+[11]파주!$Q$85 -> 98729.654 | Z9: =+[11]파주!$R$85 -> 96666.953 | AA9: =+[12]파주!$Q$85 -> 92543.77 | AB9: =+[11]파주!$Q$89 -> 76349.328 | AC9: =+[11]파주!$R$89 -> 80272.138 | AD9: =+[12]파주!$Q$89 -> 74064.364 | AE9: =+Y9-AB9 -> 22380.326 | AF9: =+Z9-AC9 -> 16394.815 | AG9: =+AA9-AD9 -> 18479.405
B10: 김포 | F10: =+U10/T10 -> 0.46215024 | G10: =+K10/J10 -> 0.74494481 | I10: 김포 | J10: =+'사업장별(당월)'!J10+'[4]사업장별(누계)'!J10 -> 154 | K10: =+'사업장별(당월)'!K10+'[4]사업장별(누계)'!K10 -> 114.7215 | L10: =+K10-J10 -> -39.2785 | M10: =+'사업장별(당월)'!M10+'[4]사업장별(누계)'!M10 -> 163.7 | N10: =+K10-M10 -> -48.9785 | O10: =+'사업장별(당월)'!O10+'[4]사업장별(누계)'!O10 -> 14742.255 | P10: =+'사업장별(당월)'!P10+'[4]사업장별(누계)'!P10 -> 11196.54 | Q10: =+P10-O10 -> -3545.7157 | R10: =+'사업장별(당월)'!R10+'[4]사업장별(누계)'!R10 -> 14767.582 | S10: =+P10-R10 -> -3571.0425 | T10: =+'사업장별(당월)'!T10+'[4]사업장별(누계)'!T10 -> 2024.881 | U10: =+'사업장별(당월)'!U10+'[4]사업장별(누계)'!U10 -> 935.79926 | V10: =+U10-T10 -> -1089.0818 | W10: =+'사업장별(당월)'!W10+'[4]사업장별(누계)'!W10 -> 1880.7956 | X10: =+U10-W10 -> -944.99638 | Y10: =+[11]김포!$Q$85 -> 95728.932 | Z10: =+[11]김포!$R$85 -> 97610.856 | AA10: =+[12]김포!$Q$85 -> 90183.567 | AB10: =+[11]김포!$Q$89 -> 71808.956 | AC10: =+[11]김포!$R$89 -> 75418.587 | AD10: =+[12]김포!$Q$89 -> 68439.452 | AE10: =+Y10-AB10 -> 23919.975 | AF10: =+Z10-AC10 -> 22192.269 | AG10: =+AA10-AD10 -> 21744.115
B11: 부산 | F11: =+U11/T11 -> 0.64076431 | G11: =+K11/J11 -> 0.97644802 | I11: 부산 | J11: =+'사업장별(당월)'!J11+'[4]사업장별(누계)'!J11 -> 202 | K11: =+'사업장별(당월)'!K11+'[4]사업장별(누계)'!K11 -> 197.2425 | L11: =+K11-J11 -> -4.7575 | M11: =+'사업장별(당월)'!M11+'[4]사업장별(누계)'!M11 -> 232.6375 | N11: =+K11-M11 -> -35.395 | O11: =+'사업장별(당월)'!O11+'[4]사업장별(누계)'!O11 -> 21735.21 | P11: =+'사업장별(당월)'!P11+'[4]사업장별(누계)'!P11 -> 21243.856 | Q11: =+P11-O11 -> -491.35415 | R11: =+'사업장별(당월)'!R11+'[4]사업장별(누계)'!R11 -> 24056.453 | S11: =+P11-R11 -> -2812.5968 | T11: =+'사업장별(당월)'!T11+'[4]사업장별(누계)'!T11 -> 3200.7174 | U11: =+'사업장별(당월)'!U11+'[4]사업장별(누계)'!U11 -> 2050.9055 | V11: =+U11-T11 -> -1149.8119 | W11: =+'사업장별(당월)'!W11+'[4]사업장별(누계)'!W11 -> 4218.1703 | X11: =+U11-W11 -> -2167.2648 | Y11: =+[11]부산!$Q$85 -> 107600.05 | Z11: =+[11]부산!$R$85 -> 107704.25 | AA11: =+[12]부산!$Q$85 -> 103407.46 | AB11: =+[11]부산!$Q$89 -> 78480.034 | AC11: =+[11]부산!$R$89 -> 83958.151 | AD11: =+[12]부산!$Q$89 -> 74478.503 | AE11: =+Y11-AB11 -> 29120.015 | AF11: =+Z11-AC11 -> 23746.101 | AG11: =+AA11-AD11 -> 28928.956
B12: 서부산 | F12: =+U12/T12 -> 0.53622785 | G12: =+K12/J12 -> 0.87047059 | I12: 서부산 | J12: =+'사업장별(당월)'!J12+'[4]사업장별(누계)'!J12 -> 238 | K12: =+'사업장별(당월)'!K12+'[4]사업장별(누계)'!K12 -> 207.172 | L12: =+K12-J12 -> -30.828 | M12: =+'사업장별(당월)'!M12+'[4]사업장별(누계)'!M12 -> 220.244 | N12: =+K12-M12 -> -13.072 | O12: =+'사업장별(당월)'!O12+'[4]사업장별(누계)'!O12 -> 24721.991 | P12: =+'사업장별(당월)'!P12+'[4]사업장별(누계)'!P12 -> 20831.234 | Q12: =+P12-O12 -> -3890.757 | R12: =+'사업장별(당월)'!R12+'[4]사업장별(누계)'!R12 -> 22118.105 | S12: =+P12-R12 -> -1286.8714 | T12: =+'사업장별(당월)'!T12+'[4]사업장별(누계)'!T12 -> 4271.6992 | U12: =+'사업장별(당월)'!U12+'[4]사업장별(누계)'!U12 -> 2290.6041 | V12: =+U12-T12 -> -1981.0951 | W12: =+'사업장별(당월)'!W12+'[4]사업장별(누계)'!W12 -> 3903.0732 | X12: =+U12-W12 -> -1612.4692 | Y12: =+[11]서부산!$Q$85 -> 103873.91 | Z12: =+[11]서부산!$R$85 -> 100551.52 | AA12: =+[12]서부산!$Q$85 -> 100425.46 | AB12: =+[11]서부산!$Q$89 -> 76880.295 | AC12: =+[11]서부산!$R$89 -> 78733.007 | AD12: =+[12]서부산!$Q$89 -> 73431.154 | AE12: =+Y12-AB12 -> 26993.616 | AF12: =+Z12-AC12 -> 21818.51 | AG12: =+AA12-AD12 -> 26994.306
B13: 김해 | F13: =+U13/T13 -> 0.50415234 | G13: =+K13/J13 -> 1.1477179 | I13: 김해 | J13: =+'사업장별(당월)'!J13+'[4]사업장별(누계)'!J13 -> 117 | K13: =+'사업장별(당월)'!K13+'[4]사업장별(누계)'!K13 -> 134.283 | L13: =+K13-J13 -> 17.283 | M13: =+'사업장별(당월)'!M13+'[4]사업장별(누계)'!M13 -> 132.468 | N13: =+K13-M13 -> 1.815 | O13: =+'사업장별(당월)'!O13+'[4]사업장별(누계)'!O13 -> 11816.989 | P13: =+'사업장별(당월)'!P13+'[4]사업장별(누계)'!P13 -> 12777.262 | Q13: =+P13-O13 -> 960.2729 | R13: =+'사업장별(당월)'!R13+'[4]사업장별(누계)'!R13 -> 12949.899 | S13: =+P13-R13 -> -172.637 | T13: =+'사업장별(당월)'!T13+'[4]사업장별(누계)'!T13 -> 1428.2501 | U13: =+'사업장별(당월)'!U13+'[4]사업장별(누계)'!U13 -> 720.05566 | V13: =+U13-T13 -> -708.19449 | W13: =+'사업장별(당월)'!W13+'[4]사업장별(누계)'!W13 -> 1735.7424 | X13: =+U13-W13 -> -1015.6867 | Y13: =+[11]김해!$Q$85 -> 100999.91 | Z13: =+[11]김해!$R$85 -> 95232.38 | AA13: =+[12]김해!$Q$85 -> 97774.205 | AB13: =+[11]김해!$Q$89 -> 76467.756 | AC13: =+[11]김해!$R$89 -> 78745.258 | AD13: =+[12]김해!$Q$89 -> 74007.215 | AE13: =+Y13-AB13 -> 24532.15 | AF13: =+Z13-AC13 -> 16487.122 | AG13: =+AA13-AD13 -> 23766.99
B14: 정관 | F14: =+U14/T14 -> 0.71403705 | G14: =+K14/J14 -> 1.1464506 | I14: 정관 | J14: =+'사업장별(당월)'!J14+'[4]사업장별(누계)'!J14 -> 172 | K14: =+'사업장별(당월)'!K14+'[4]사업장별(누계)'!K14 -> 197.1895 | L14: =+K14-J14 -> 25.1895 | M14: =+'사업장별(당월)'!M14+'[4]사업장별(누계)'!M14 -> 189.316 | N14: =+K14-M14 -> 7.8735 | O14: =+'사업장별(당월)'!O14+'[4]사업장별(누계)'!O14 -> 17888 | P14: =+'사업장별(당월)'!P14+'[4]사업장별(누계)'!P14 -> 19917.169 | Q14: =+P14-O14 -> 2029.1691 | R14: =+'사업장별(당월)'!R14+'[4]사업장별(누계)'!R14 -> 19042.669 | S14: =+P14-R14 -> 874.50025 | T14: =+'사업장별(당월)'!T14+'[4]사업장별(누계)'!T14 -> 2441.0758 | U14: =+'사업장별(당월)'!U14+'[4]사업장별(누계)'!U14 -> 1743.0186 | V14: =+U14-T14 -> -698.05726 | W14: =+'사업장별(당월)'!W14+'[4]사업장별(누계)'!W14 -> 2961.7646 | X14: =+U14-W14 -> -1218.746 | Y14: =+[11]정관!$Q$85 -> 104000 | Z14: =+[11]정관!$R$85 -> 101005.22 | AA14: =+[12]정관!$Q$85 -> 100586.68 | AB14: =+[11]정관!$Q$89 -> 78239.793 | AC14: =+[11]정관!$R$89 -> 81770.402 | AD14: =+[12]정관!$Q$89 -> 74886.824 | AE14: =+Y14-AB14 -> 25760.207 | AF14: =+Z14-AC14 -> 19234.819 | AG14: =+AA14-AD14 -> 25699.86
B15: 양산 | F15: =+U15/T15 -> 0.78357699 | G15: =+K15/J15 -> 1.1951792 | I15: 양산 | J15: =+'사업장별(당월)'!J15+'[4]사업장별(누계)'!J15 -> 106 | K15: =+'사업장별(당월)'!K15+'[4]사업장별(누계)'!K15 -> 126.689 | L15: =+K15-J15 -> 20.689 | M15: =+'사업장별(당월)'!M15+'[4]사업장별(누계)'!M15 -> 136.345 | N15: =+K15-M15 -> -9.656 | O15: =+'사업장별(당월)'!O15+'[4]사업장별(누계)'!O15 -> 10252.733 | P15: =+'사업장별(당월)'!P15+'[4]사업장별(누계)'!P15 -> 11748.749 | Q15: =+P15-O15 -> 1496.0164 | R15: =+'사업장별(당월)'!R15+'[4]사업장별(누계)'!R15 -> 12767.743 | S15: =+P15-R15 -> -1018.9934 | T15: =+'사업장별(당월)'!T15+'[4]사업장별(누계)'!T15 -> 1386.1496 | U15: =+'사업장별(당월)'!U15+'[4]사업장별(누계)'!U15 -> 1086.1549 | V15: =+U15-T15 -> -299.99467 | W15: =+'사업장별(당월)'!W15+'[4]사업장별(누계)'!W15 -> 1954.8304 | X15: =+U15-W15 -> -868.67544 | Y15: =+[11]양산!$Q$85 -> 96723.896 | Z15: =+[11]양산!$R$85 -> 92736.934 | AA15: =+[12]양산!$Q$85 -> 93644.464 | AB15: =+[11]양산!$Q$89 -> 70375.117 | AC15: =+[11]양산!$R$89 -> 72990.59 | AD15: =+[12]양산!$Q$89 -> 68617.622 | AE15: =+Y15-AB15 -> 26348.78 | AF15: =+Z15-AC15 -> 19746.344 | AG15: =+AA15-AD15 -> 25026.842
B16: 창원 | F16: =+U16/T16 -> 0.9358813 | G16: =+K16/J16 -> 1.0732673 | I16: 창원 | J16: =+'사업장별(당월)'!J16+'[4]사업장별(누계)'!J16 -> 159 | K16: =+'사업장별(당월)'!K16+'[4]사업장별(누계)'!K16 -> 170.6495 | L16: =+K16-J16 -> 11.6495 | M16: =+'사업장별(당월)'!M16+'[4]사업장별(누계)'!M16 -> 197.645 | N16: =+K16-M16 -> -26.9955 | O16: =+'사업장별(당월)'!O16+'[4]사업장별(누계)'!O16 -> 16038.019 | P16: =+'사업장별(당월)'!P16+'[4]사업장별(누계)'!P16 -> 17191.816 | Q16: =+P16-O16 -> 1153.7978 | R16: =+'사업장별(당월)'!R16+'[4]사업장별(누계)'!R16 -> 18897.741 | S16: =+P16-R16 -> -1705.9246 | T16: =+'사업장별(당월)'!T16+'[4]사업장별(누계)'!T16 -> 2605.854 | U16: =+'사업장별(당월)'!U16+'[4]사업장별(누계)'!U16 -> 2438.7701 | V16: =+U16-T16 -> -167.08398 | W16: =+'사업장별(당월)'!W16+'[4]사업장별(누계)'!W16 -> 3716.2957 | X16: =+U16-W16 -> -1277.5257 | Y16: =+[11]창원!$Q$85 -> 100868.04 | Z16: =+[11]창원!$R$85 -> 100743.43 | AA16: =+[12]창원!$Q$85 -> 95614.566 | AB16: =+[11]창원!$Q$89 -> 72318.707 | AC16: =+[11]창원!$R$89 -> 74908.32 | AD16: =+[12]창원!$Q$89 -> 67438.476 | AE16: =+Y16-AB16 -> 28549.333 | AF16: =+Z16-AC16 -> 25835.112 | AG16: =+AA16-AD16 -> 28176.09
B17: 대구 | F17: =+U17/T17 -> 0.82351155 | G17: =+K17/J17 -> 0.98973333 | I17: 대구 | J17: =+'사업장별(당월)'!J17+'[4]사업장별(누계)'!J17 -> 157.5 | K17: =+'사업장별(당월)'!K17+'[4]사업장별(누계)'!K17 -> 155.883 | L17: =+K17-J17 -> -1.617 | M17: =+'사업장별(당월)'!M17+'[4]사업장별(누계)'!M17 -> 196.5375 | N17: =+K17-M17 -> -40.6545 | O17: =+'사업장별(당월)'!O17+'[4]사업장별(누계)'!O17 -> 15399.58 | P17: =+'사업장별(당월)'!P17+'[4]사업장별(누계)'!P17 -> 15602.773 | Q17: =+P17-O17 -> 203.1925 | R17: =+'사업장별(당월)'!R17+'[4]사업장별(누계)'!R17 -> 18322.76 | S17: =+P17-R17 -> -2719.9878 | T17: =+'사업장별(당월)'!T17+'[4]사업장별(누계)'!T17 -> 2691.7702 | U17: =+'사업장별(당월)'!U17+'[4]사업장별(누계)'!U17 -> 2216.7039 | V17: =+U17-T17 -> -475.06636 | W17: =+'사업장별(당월)'!W17+'[4]사업장별(누계)'!W17 -> 3478.8908 | X17: =+U17-W17 -> -1262.1869 | Y17: =+[11]대구!$Q$85 -> 97775.111 | Z17: =+[11]대구!$R$85 -> 100092.6 | AA17: =+[12]대구!$Q$85 -> 93226.219 | AB17: =+[11]대구!$Q$89 -> 69700.836 | AC17: =+[11]대구!$R$89 -> 74637.952 | AD17: =+[12]대구!$Q$89 -> 66869.783 | AE17: =+Y17-AB17 -> 28074.275 | AF17: =+Z17-AC17 -> 25454.647 | AG17: =+AA17-AD17 -> 26356.436
B18: 울산 | F18: =+U18/T18 -> 2.321862 | G18: =+K18/J18 -> 1.264814 | I18: 울산 | J18: =+'사업장별(당월)'!J18+'[4]사업장별(누계)'!J18 -> 86 | K18: =+'사업장별(당월)'!K18+'[4]사업장별(누계)'!K18 -> 108.774 | L18: =+K18-J18 -> 22.774 | M18: =+'사업장별(당월)'!M18+'[4]사업장별(누계)'!M18 -> 87.6735 | N18: =+K18-M18 -> 21.1005 | O18: =+'사업장별(당월)'!O18+'[4]사업장별(누계)'!O18 -> 8626.7117 | P18: =+'사업장별(당월)'!P18+'[4]사업장별(누계)'!P18 -> 11248.414 | Q18: =+P18-O18 -> 2621.7023 | R18: =+'사업장별(당월)'!R18+'[4]사업장별(누계)'!R18 -> 8324.3358 | S18: =+P18-R18 -> 2924.0782 | T18: =+'사업장별(당월)'!T18+'[4]사업장별(누계)'!T18 -> 533.27452 | U18: =+'사업장별(당월)'!U18+'[4]사업장별(누계)'!U18 -> 1238.1898 | V18: =+U18-T18 -> 704.91532 | W18: =+'사업장별(당월)'!W18+'[4]사업장별(누계)'!W18 -> 562.41733 | X18: =+U18-W18 -> 675.7725 | Y18: =+[11]울산!$Q$85 -> 100310.6 | Z18: =+[11]울산!$R$85 -> 103410.87 | AA18: =+[12]울산!$Q$85 -> 94955.037 | AB18: =+[11]울산!$Q$89 -> 78507.323 | AC18: =+[11]울산!$R$89 -> 80071.378 | AD18: =+[12]울산!$Q$89 -> 73992.92 | AE18: =+Y18-AB18 -> 21803.279 | AF18: =+Z18-AC18 -> 23339.492 | AG18: =+AA18-AD18 -> 20962.117
B19: 아산 | F19: =+U19/T19 -> 1.1667171 | G19: =+K19/J19 -> 1.18694 | I19: 아산 | J19: =+'사업장별(당월)'!J19+'[4]사업장별(누계)'!J19 -> 225 | K19: =+'사업장별(당월)'!K19+'[4]사업장별(누계)'!K19 -> 267.0615 | L19: =+K19-J19 -> 42.0615 | M19: =+'사업장별(당월)'!M19+'[4]사업장별(누계)'!M19 -> 253.79 | N19: =+K19-M19 -> 13.2715 | O19: =+'사업장별(당월)'!O19+'[4]사업장별(누계)'!O19 -> 22725.008 | P19: =+'사업장별(당월)'!P19+'[4]사업장별(누계)'!P19 -> 26913.525 | Q19: =+P19-O19 -> 4188.5166 | R19: =+'사업장별(당월)'!R19+'[4]사업장별(누계)'!R19 -> 24269.713 | S19: =+P19-R19 -> 2643.8122 | T19: =+'사업장별(당월)'!T19+'[4]사업장별(누계)'!T19 -> 3327.8563 | U19: =+'사업장별(당월)'!U19+'[4]사업장별(누계)'!U19 -> 3882.667 | V19: =+U19-T19 -> 554.81063 | W19: =+'사업장별(당월)'!W19+'[4]사업장별(누계)'!W19 -> 4029.9735 | X19: =+U19-W19 -> -147.3065 | Y19: =+[11]아산!$Q$85 -> 101000.04 | Z19: =+[11]아산!$R$85 -> 100725.63 | AA19: =+[12]아산!$Q$85 -> 95701.369 | AB19: =+[11]아산!$Q$89 -> 76666.504 | AC19: =+[11]아산!$R$89 -> 76735.538 | AD19: =+[12]아산!$Q$89 -> 70878.996 | AE19: =+Y19-AB19 -> 24333.533 | AF19: =+Z19-AC19 -> 23990.096 | AG19: =+AA19-AD19 -> 24822.373
B20: 전주 | F20: =+U20/T20 -> 0.29197049 | G20: =+K20/J20 -> 0.72777778 | I20: 전주 | J20: =+'사업장별(당월)'!J20+'[4]사업장별(누계)'!J20 -> 117 | K20: =+'사업장별(당월)'!K20+'[4]사업장별(누계)'!K20 -> 85.15 | L20: =+K20-J20 -> -31.85 | M20: =+'사업장별(당월)'!M20+'[4]사업장별(누계)'!M20 -> 106.8875 | N20: =+K20-M20 -> -21.7375 | O20: =+'사업장별(당월)'!O20+'[4]사업장별(누계)'!O20 -> 12000.544 | P20: =+'사업장별(당월)'!P20+'[4]사업장별(누계)'!P20 -> 8192.7088 | Q20: =+P20-O20 -> -3807.8349 | R20: =+'사업장별(당월)'!R20+'[4]사업장별(누계)'!R20 -> 10523.994 | S20: =+P20-R20 -> -2331.2855 | T20: =+'사업장별(당월)'!T20+'[4]사업장별(누계)'!T20 -> 1935.5285 | U20: =+'사업장별(당월)'!U20+'[4]사업장별(누계)'!U20 -> 565.1172 | V20: =+U20-T20 -> -1370.4113 | W20: =+'사업장별(당월)'!W20+'[4]사업장별(누계)'!W20 -> 1711.9863 | X20: =+U20-W20 -> -1146.8691 | Y20: =+[11]전주!$Q$85 -> 102568.75 | Z20: =+[11]전주!$R$85 -> 96216.463 | AA20: =+[12]전주!$Q$85 -> 98558.929 | AB20: =+[11]전주!$Q$89 -> 73535.697 | AC20: =+[11]전주!$R$89 -> 72048.069 | AD20: =+[12]전주!$Q$89 -> 69161.801 | AE20: =+Y20-AB20 -> 29033.053 | AF20: =+Z20-AC20 -> 24168.394 | AG20: =+AA20-AD20 -> 29397.128
B21: 군산 | F21: =+U21/T21 -> 1.4932692 | G21: =+K21/J21 -> 1.2967652 | I21: 군산 | J21: =+'사업장별(당월)'!J21+'[4]사업장별(누계)'!J21 -> 66 | K21: =+'사업장별(당월)'!K21+'[4]사업장별(누계)'!K21 -> 85.5865 | L21: =+K21-J21 -> 19.5865 | M21: =+'사업장별(당월)'!M21+'[4]사업장별(누계)'!M21 -> 79.2935 | N21: =+K21-M21 -> 6.293 | O21: =+'사업장별(당월)'!O21+'[4]사업장별(누계)'!O21 -> 7194.0116 | P21: =+'사업장별(당월)'!P21+'[4]사업장별(누계)'!P21 -> 9687.7001 | Q21: =+P21-O21 -> 2493.6885 | R21: =+'사업장별(당월)'!R21+'[4]사업장별(누계)'!R21 -> 7868.0585 | S21: =+P21-R21 -> 1819.6416 | T21: =+'사업장별(당월)'!T21+'[4]사업장별(누계)'!T21 -> 1801.8336 | U21: =+'사업장별(당월)'!U21+'[4]사업장별(누계)'!U21 -> 2690.6227 | V21: =+U21-T21 -> 888.78909 | W21: =+'사업장별(당월)'!W21+'[4]사업장별(누계)'!W21 -> 1858.4387 | X21: =+U21-W21 -> 832.18399 | Y21: =+[11]군산!$Q$85 -> 109000.18 | Z21: =+[11]군산!$R$85 -> 113207.38 | AA21: =+[12]군산!$Q$85 -> 99099.076 | AB21: =+[11]군산!$Q$89 -> 69674.672 | AC21: =+[11]군산!$R$89 -> 72302.134 | AD21: =+[12]군산!$Q$89 -> 65120.757 | AE21: =+Y21-AB21 -> 39325.504 | AF21: =+Z21-AC21 -> 40905.251 | AG21: =+AA21-AD21 -> 33978.318
B22: 원주 | F22: =+U22/T22 -> 1.3721454 | G22: =+K22/J22 -> 1.0964118 | I22: 원주 | J22: =+'사업장별(당월)'!J22+'[4]사업장별(누계)'!J22 -> 51 | K22: =+'사업장별(당월)'!K22+'[4]사업장별(누계)'!K22 -> 55.917 | L22: =+K22-J22 -> 4.917 | M22: =+'사업장별(당월)'!M22+'[4]사업장별(누계)'!M22 -> 46.8625 | N22: =+K22-M22 -> 9.0545 | O22: =+'사업장별(당월)'!O22+'[4]사업장별(누계)'!O22 -> 5502.9 | P22: =+'사업장별(당월)'!P22+'[4]사업장별(누계)'!P22 -> 6269.2927 | Q22: =+P22-O22 -> 766.39267 | R22: =+'사업장별(당월)'!R22+'[4]사업장별(누계)'!R22 -> 4762.404 | S22: =+P22-R22 -> 1506.8886 | T22: =+'사업장별(당월)'!T22+'[4]사업장별(누계)'!T22 -> 898.60092 | U22: =+'사업장별(당월)'!U22+'[4]사업장별(누계)'!U22 -> 1233.0111 | V22: =+U22-T22 -> 334.41017 | W22: =+'사업장별(당월)'!W22+'[4]사업장별(누계)'!W22 -> 787.38375 | X22: =+U22-W22 -> 445.62734 | Y22: =+[11]원주!$Q$85 -> 107900 | Z22: =+[11]원주!$R$85 -> 112123.11 | AA22: =+[12]원주!$Q$85 -> 101631.97 | AB22: =+[11]원주!$Q$89 -> 73308.324 | AC22: =+[11]원주!$R$89 -> 73820.926 | AD22: =+[12]원주!$Q$89 -> 67795.496 | AE22: =+Y22-AB22 -> 34591.676 | AF22: =+Z22-AC22 -> 38302.185 | AG22: =+AA22-AD22 -> 33836.472
B23: 제주 | F23: =+U23/T23 -> 0.30317587 | G23: =+K23/J23 -> 0.61616964 | I23: 제주 | J23: =+'사업장별(당월)'!J23+'[4]사업장별(누계)'!J23 -> 56 | K23: =+'사업장별(당월)'!K23+'[4]사업장별(누계)'!K23 -> 34.5055 | L23: =+K23-J23 -> -21.4945 | M23: =+'사업장별(당월)'!M23+'[4]사업장별(누계)'!M23 -> 70.689 | N23: =+K23-M23 -> -36.1835 | O23: =+'사업장별(당월)'!O23+'[4]사업장별(누계)'!O23 -> 7099 | P23: =+'사업장별(당월)'!P23+'[4]사업장별(누계)'!P23 -> 4295.7206 | Q23: =+P23-O23 -> -2803.2794 | R23: =+'사업장별(당월)'!R23+'[4]사업장별(누계)'!R23 -> 8431.1713 | S23: =+P23-R23 -> -4135.4507 | T23: =+'사업장별(당월)'!T23+'[4]사업장별(누계)'!T23 -> 1088.5942 | U23: =+'사업장별(당월)'!U23+'[4]사업장별(누계)'!U23 -> 330.03549 | V23: =+U23-T23 -> -758.55869 | W23: =+'사업장별(당월)'!W23+'[4]사업장별(누계)'!W23 -> 1657.3818 | X23: =+U23-W23 -> -1327.3463 | Y23: =+[11]제주!$Q$85 -> 126767.86 | Z23: =+[11]제주!$R$85 -> 124493.79 | AA23: =+[12]제주!$Q$85 -> 119315.54 | AB23: =+[11]제주!$Q$89 -> 90729.147 | AC23: =+[11]제주!$R$89 -> 89288.004 | AD23: =+[12]제주!$Q$89 -> 83798.377 | AE23: =+Y23-AB23 -> 36038.71 | AF23: =+Z23-AC23 -> 35205.791 | AG23: =+AA23-AD23 -> 35517.166
F24: =+U24/T24 -> 0.53872498 | G24: =+K24/J24 -> 0.89211384 | I24: 수도권 | J24: =SUM(J7:J10) -> 1120 | K24: =SUM(K7:K10) -> 999.1675 | L24: =+K24-J24 -> -120.8325 | M24: =SUM(M7:M10) -> 1250.13 | N24: =+K24-M24 -> -250.9625 | O24: =SUM(O7:O10) -> 111779.55 | P24: =SUM(P7:P10) -> 98402.641 | Q24: =+P24-O24 -> -13376.91 | R24: =SUM(R7:R10) -> 116981.15 | S24: =+P24-R24 -> -18578.508 | T24: =SUM(T7:T10) -> 14455.021 | U24: =SUM(U7:U10) -> 7787.2808 | V24: =+U24-T24 -> -6667.7399 | W24: =SUM(W7:W10) -> 15224.04 | X24: =+U24-W24 -> -7436.7596 | Y24: =+[11]수도권!$Q$85 -> 99803.17 | Z24: =+[11]수도권!$R$85 -> 98493.098 | AA24: =+[12]수도권!$Q$85 -> 93556.644 | AB24: =+[11]수도권!$Q$89 -> 78024.453 | AC24: =+[11]수도권!$R$89 -> 80768.417 | AD24: =+[12]수도권!$Q$89 -> 73503.887 | AE24: =+Y24-AB24 -> 21778.718 | AF24: =+Z24-AC24 -> 17724.681 | AG24: =+AA24-AD24 -> 20052.757
F25: =+U25/T25 -> 0.74274248 | G25: =+K25/J25 -> 1.0487939 | I25: 영남권 | J25: =SUM(J11:J18) -> 1237.5 | K25: =SUM(K11:K18) -> 1297.8825 | L25: =+K25-J25 -> 60.3825 | M25: =SUM(M11:M18) -> 1392.8665 | N25: =+K25-M25 -> -94.984 | O25: =SUM(O11:O18) -> 126479.23 | P25: =SUM(P11:P18) -> 130561.27 | Q25: =+P25-O25 -> 4082.0398 | R25: =SUM(R11:R18) -> 136479.71 | S25: =+P25-R25 -> -5918.4326 | T25: =SUM(T11:T18) -> 18558.791 | U25: =SUM(U11:U18) -> 13784.402 | V25: =+U25-T25 -> -4774.3885 | W25: =SUM(W11:W18) -> 22531.185 | X25: =+U25-W25 -> -8746.7823 | Y25: =+[11]영남권!$Q$85 -> 102205.44 | Z25: =+[11]영남권!$R$85 -> 100612.36 | AA25: =+[12]영남권!$Q$85 -> 97990.154 | AB25: =+[11]영남권!$Q$89 -> 75347.392 | AC25: =+[11]영남권!$R$89 -> 78551.337 | AD25: =+[12]영남권!$Q$89 -> 71653.22 | AE25: =+Y25-AB25 -> 26858.049 | AF25: =+Z25-AC25 -> 22061.025 | AG25: =+AA25-AD25 -> 26336.933
F26: =+U26/T26 -> 0.96123022 | G26: =+K26/J26 -> 1.0256709 | I26: 중부권 | J26: =SUM(J19:J23) -> 515 | K26: =SUM(K19:K23) -> 528.2205 | L26: =+K26-J26 -> 13.2205 | M26: =SUM(M19:M23) -> 557.5225 | N26: =+K26-M26 -> -29.302 | O26: =SUM(O19:O23) -> 54521.464 | P26: =SUM(P19:P23) -> 55358.947 | Q26: =+P26-O26 -> 837.48345 | R26: =SUM(R19:R23) -> 55855.341 | S26: =+P26-R26 -> -496.39373 | T26: =SUM(T19:T23) -> 9052.4136 | U26: =SUM(U19:U23) -> 8701.4535 | V26: =+U26-T26 -> -350.9601 | W26: =SUM(W19:W23) -> 10045.164 | X26: =+U26-W26 -> -1343.7105 | Y26: =+[11]중부권!$Q$85 -> 105866.92 | Z26: =+[11]중부권!$R$85 -> 104789.04 | AA26: =+[12]중부권!$Q$85 -> 100302.94 | AB26: =+[11]중부권!$Q$89 -> 76255.777 | AC26: =+[11]중부권!$R$89 -> 75774.714 | AD26: =+[12]중부권!$Q$89 -> 71126.195 | AE26: =+Y26-AB26 -> 29611.143 | AF26: =+Z26-AC26 -> 29014.326 | AG26: =+AA26-AD26 -> 29176.744
F27: =+U27/T27 -> 0.71965423 | G27: =+K27/J27 -> 0.98355805 | H27: 레미콘 계 | J27: =SUM(J24:J26) -> 2872.5 | K27: =SUM(K24:K26) -> 2825.2705 | L27: =+K27-J27 -> -47.2295 | M27: =SUM(M24:M26) -> 3200.519 | N27: =+K27-M27 -> -375.2485 | O27: =SUM(O24:O26) -> 292780.25 | P27: =SUM(P24:P26) -> 284322.86 | Q27: =+P27-O27 -> -8457.3869 | R27: =SUM(R24:R26) -> 309316.19 | S27: =+P27-R27 -> -24993.334 | T27: =SUM(T24:T26) -> 42066.225 | U27: =SUM(U24:U26) -> 30273.137 | V27: =+U27-T27 -> -11793.088 | W27: =SUM(W24:W26) -> 47800.389 | X27: =+U27-W27 -> -17527.252 | Y27: =+[11]합계!$Q$85 -> 101925.24 | Z27: =+[11]합계!$R$85 -> 100644.43 | AA27: =+[12]합계!$Q$85 -> 96655.164 | AB27: =+[11]합계!$Q$89 -> 76554.05 | AC27: =+[11]합계!$R$89 -> 78814.918 | AD27: =+[12]합계!$Q$89 -> 72284.891 | AE27: =+Y27-AB27 -> 25371.188 | AF27: =+Z27-AC27 -> 21829.515 | AG27: =+AA27-AD27 -> 24370.272
B28: 건자재 | E28: 건자재영업 | G28: =+K28/J28 -> 1.2041461 | H28: 건자재 | J28: =+'사업장별(당월)'!J28+'[4]사업장별(누계)'!J28 -> 72200 | K28: =+'사업장별(당월)'!K28+'[4]사업장별(누계)'!K28 -> 86939.352 | L28: =+K28-J28 -> 14739.352 | M28: =+'사업장별(당월)'!M28+'[4]사업장별(누계)'!M28 -> 78625.764 | N28: =+K28-M28 -> 8313.588 | O28: =+'사업장별(당월)'!O28+'[4]사업장별(누계)'!O28 -> 88286.96 | P28: =+'사업장별(당월)'!P28+'[4]사업장별(누계)'!P28 -> 86611.076 | Q28: =+P28-O28 -> -1675.8837 | R28: =+'사업장별(당월)'!R28+'[4]사업장별(누계)'!R28 -> 96340.744 | S28: =+P28-R28 -> -9729.6676 | T28: =+'사업장별(당월)'!T28+'[4]사업장별(누계)'!T28 -> 995.6551 | U28: =+'사업장별(당월)'!U28+'[4]사업장별(누계)'!U28 -> 483.5037 | V28: =+U28-T28 -> -512.1514 | W28: =+'사업장별(당월)'!W28+'[4]사업장별(누계)'!W28 -> 770.09028 | X28: =+U28-W28 -> -286.58658 | Y28: ■ 비고
B29: 부산모래장 | C29: 부산골재 | G29: =+P28/O28 -> 0.98101777 | H29: 골재 | I29: 부산모래장 | J29: =+'사업장별(당월)'!J29+'[4]사업장별(누계)'!J29 -> 241.69907 | K29: =+'사업장별(당월)'!K29+'[4]사업장별(누계)'!K29 -> 189.826 | L29: =+K29-J29 -> -51.87307 | M29: =+'사업장별(당월)'!M29+'[4]사업장별(누계)'!M29 -> 253.22 | N29: =+K29-M29 -> -63.394 | O29: =+'사업장별(당월)'!O29+'[4]사업장별(누계)'!O29 -> 7064.48 | P29: =+'사업장별(당월)'!P29+'[4]사업장별(누계)'!P29 -> 5582.8736 | Q29: =+P29-O29 -> -1481.6064 | R29: =+'사업장별(당월)'!R29+'[4]사업장별(누계)'!R29 -> 7404.1349 | S29: =+P29-R29 -> -1821.2613 | T29: =+'사업장별(당월)'!T29+'[4]사업장별(누계)'!T29 -> 373.11917 | U29: =+'사업장별(당월)'!U29+'[4]사업장별(누계)'!U29 -> 359.15472 | V29: =+U29-T29 -> -13.964447 | W29: =+'사업장별(당월)'!W29+'[4]사업장별(누계)'!W29 -> 314.73467 | X29: =+U29-W29 -> 44.420048 | Y29: □ 3분기 총 대손 : 5.7억
B30: 서부산크라샤 | C30: 서부산골재 | I30: 서부산CR | J30: =+'사업장별(당월)'!J30+'[4]사업장별(누계)'!J30 -> 324.18406 | K30: =+'사업장별(당월)'!K30+'[4]사업장별(누계)'!K30 -> 169.89 | L30: =+K30-J30 -> -154.29406 | M30: =+'사업장별(당월)'!M30+'[4]사업장별(누계)'!M30 -> 335.344 | N30: =+K30-M30 -> -165.454 | O30: =+'사업장별(당월)'!O30+'[4]사업장별(누계)'!O30 -> 4073.7045 | P30: =+'사업장별(당월)'!P30+'[4]사업장별(누계)'!P30 -> 2387.739 | Q30: =+P30-O30 -> -1685.9655 | R30: =+'사업장별(당월)'!R30+'[4]사업장별(누계)'!R30 -> 3999.724 | S30: =+P30-R30 -> -1611.985 | T30: =+'사업장별(당월)'!T30+'[4]사업장별(누계)'!T30 -> 833.30819 | U30: =+'사업장별(당월)'!U30+'[4]사업장별(누계)'!U30 -> -56.573524 | V30: =+U30-T30 -> -889.88172 | W30: =+'사업장별(당월)'!W30+'[4]사업장별(누계)'!W30 -> 698.14653 | X30: =+U30-W30 -> -754.72005 | Y30: - 집합대손 : 0.4억
B31: 부산크라샤 | C31: 부산크라샤 | I31: 부산CR | J31: =+'사업장별(당월)'!J31+'[4]사업장별(누계)'!J31 -> 414.57654 | K31: =+'사업장별(당월)'!K31+'[4]사업장별(누계)'!K31 -> 354.589 | L31: =+K31-J31 -> -59.987536 | M31: =+'사업장별(당월)'!M31+'[4]사업장별(누계)'!M31 -> 83.829 | N31: =+K31-M31 -> 270.76 | O31: =+'사업장별(당월)'!O31+'[4]사업장별(누계)'!O31 -> 7464.3104 | P31: =+'사업장별(당월)'!P31+'[4]사업장별(누계)'!P31 -> 6404.9915 | Q31: =+P31-O31 -> -1059.3189 | R31: =+'사업장별(당월)'!R31+'[4]사업장별(누계)'!R31 -> 1454.364 | S31: =+P31-R31 -> 4950.6275 | T31: =+'사업장별(당월)'!T31+'[4]사업장별(누계)'!T31 -> 340.63942 | U31: =+'사업장별(당월)'!U31+'[4]사업장별(누계)'!U31 -> -306.57645 | V31: =+U31-T31 -> -647.21587 | W31: =+'사업장별(당월)'!W31+'[4]사업장별(누계)'!W31 -> -249.31506 | X31: =+U31-W31 -> -57.261389 | Y31: - 개별 대손 : 11.7억(송학 0.9억, 계원토건 1.2억, 남양건설 1.7억, 선원건설 7.9억)
G32: =+K32/J32 -> 0.72854094 | H32: 골재 계 | J32: =SUM(J29:J31) -> 980.45966 | K32: =SUM(K29:K31) -> 714.305 | L32: =+K32-J32 -> -266.15466 | M32: =SUM(M29:M31) -> 672.393 | N32: =+K32-M32 -> 41.912 | O32: =SUM(O29:O31) -> 18602.495 | P32: =SUM(P29:P31) -> 14375.604 | Q32: =+P32-O32 -> -4226.8908 | R32: =SUM(R29:R31) -> 12858.223 | S32: =+P32-R32 -> 1517.3812 | T32: =SUM(T29:T31) -> 1547.0668 | U32: =SUM(U29:U31) -> -3.9952527 | V32: =+U32-T32 -> -1551.062 | W32: =SUM(W29:W31) -> 763.56614 | X32: =+U32-W32 -> -767.56139 | Y32: - 개별 대손환입 : -6.4억(신일 1.8억, 태영건설 3.1억, 남양건설 1.1억 등)
B33: 포항임대 | C33: 속초임대 | D33: 강릉임대 | E33: 레미콘임대 계 | H33: 기타 | I33: 레미콘임대 | L33: =+K33-J33 -> 0 | N33: =+K33-M33 -> 0 | O33: =+'사업장별(당월)'!O33+'[4]사업장별(누계)'!O33 -> 908.4 | P33: =+'사업장별(당월)'!P33+'[4]사업장별(누계)'!P33 -> 908.4 | Q33: =+P33-O33 -> 0 | R33: =+'사업장별(당월)'!R33+'[4]사업장별(누계)'!R33 -> 839.65 | S33: =+P33-R33 -> 68.75 | T33: =+'사업장별(당월)'!T33+'[4]사업장별(누계)'!T33 -> 670.00437 | U33: =+'사업장별(당월)'!U33+'[4]사업장별(누계)'!U33 -> 627.95594 | V33: =+U33-T33 -> -42.048426 | W33: =+'사업장별(당월)'!W33+'[4]사업장별(누계)'!W33 -> 546.95234 | X33: =+U33-W33 -> 81.003605
B34: 부동산임대 | C34: 주유소임대 | E34: 임대 계 | I34: 임대 | L34: =+K34-J34 -> 0 | M34: 0 | N34: =+K34-M34 -> 0 | O34: =+'사업장별(당월)'!O34+'[4]사업장별(누계)'!O34 -> 723.575 | P34: =+'사업장별(당월)'!P34+'[4]사업장별(누계)'!P34 -> 730.48656 | Q34: =+P34-O34 -> 6.9115587 | R34: =+'사업장별(당월)'!R34+'[4]사업장별(누계)'!R34 -> 943.72003 | S34: =+P34-R34 -> -213.23347 | T34: =+'사업장별(당월)'!T34+'[4]사업장별(누계)'!T34 -> 658.75849 | U34: =+'사업장별(당월)'!U34+'[4]사업장별(누계)'!U34 -> 667.10723 | V34: =+U34-T34 -> 8.3487447 | W34: =+'사업장별(당월)'!W34+'[4]사업장별(누계)'!W34 -> 643.72625 | X34: =+U34-W34 -> 23.380977
B35: 공 통 비 | G35: ㎥ | I35: 공통비 | L35: =+K35-J35 -> 0 | N35: =+K35-M35 -> 0 | O35: =+'사업장별(당월)'!O35+'[4]사업장별(누계)'!O35 -> 0 | P35: =+'사업장별(당월)'!P35+'[4]사업장별(누계)'!P35 -> 0 | Q35: =+P35-O35 -> 0 | R35: =+'사업장별(당월)'!R35+'[4]사업장별(누계)'!R35 -> 0 | S35: =+P35-R35 -> 0 | T35: =+'사업장별(당월)'!T35+'[4]사업장별(누계)'!T35 -> -13797.863 | U35: =+'사업장별(당월)'!U35+'[4]사업장별(누계)'!U35 -> -14088.417 | V35: =+U35-T35 -> -290.55428 | W35: =+'사업장별(당월)'!W35+'[4]사업장별(누계)'!W35 -> -11727.202 | X35: =+U35-W35 -> -2361.215
I36: 대손 | N36: =+K36-M36 -> 0 | O36: =+'사업장별(당월)'!O37+'[4]사업장별(누계)'!O37 -> 0 | P36: =+'사업장별(당월)'!P37+'[4]사업장별(누계)'!P37 -> 0 | Q36: =+P36-O36 -> 0 | R36: =+'사업장별(당월)'!R37+'[4]사업장별(누계)'!R37 -> 0 | S36: =+P36-R36 -> 0 | T36: =+'사업장별(당월)'!T37+'[4]사업장별(누계)'!T37 -> 0 | U36: =+'사업장별(당월)'!U37+'[4]사업장별(누계)'!U37 -> -573.85933 | V36: =+U36-T36 -> -573.85933 | W36: =+'사업장별(당월)'!W37+'[4]사업장별(누계)'!W37 -> -1974.222 | X36: =+U36-W36 -> 1400.3626
I37: 미운영 공장 | M37: =SUM(M53:M56) -> 0 | N37: =+K37-M37 -> 0 | O37: =+'사업장별(당월)'!O38+'[4]사업장별(누계)'!O38 -> 0 | P37: =+'사업장별(당월)'!P38+'[4]사업장별(누계)'!P38 -> 0 | Q37: =+P37-O37 -> 0 | R37: =+'사업장별(당월)'!R38+'[4]사업장별(누계)'!R38 -> 188.626 | S37: =+P37-R37 -> -188.626 | T37: =+'사업장별(당월)'!T38+'[4]사업장별(누계)'!T38 -> -307.40349 | U37: =+'사업장별(당월)'!U38+'[4]사업장별(누계)'!U38 -> -372.14427 | V37: =+U37-T37 -> -64.74078 | W37: =+'사업장별(당월)'!W38+'[4]사업장별(누계)'!W38 -> -126.57776 | X37: =+U37-W37 -> -245.56651
B38: 기타 계 | I38: 기타 | L38: =+K38-J38 -> 0 | N38: =+K38-M38 -> 0 | O38: =+'사업장별(당월)'!O39+'[4]사업장별(누계)'!O39 -> 17.7 | P38: =+'사업장별(당월)'!P39+'[4]사업장별(누계)'!P39 -> 17.4844 | Q38: =+P38-O38 -> -0.2156 | R38: =+'사업장별(당월)'!R39+'[4]사업장별(누계)'!R39 -> -16.4958 | S38: =+P38-R38 -> 33.9802 | T38: =+'사업장별(당월)'!T39+'[4]사업장별(누계)'!T39++'사업장별(당월)'!T36+'[4]사업장별(누계)'!T36 -> 697.05336 | U38: =+'사업장별(당월)'!U39+'[4]사업장별(누계)'!U39+'사업장별(당월)'!U36+'[4]사업장별(누계)'!U36 -> 533.81318 | V38: =+U38-T38 -> -163.24018 | W38: =+'사업장별(당월)'!W39+'[4]사업장별(누계)'!W39 -> -224.82614 | X38: =+U38-W38 -> 758.63931
N39: =+K39-M39 -> 0 | O39: =+'사업장별(당월)'!O40+'[4]사업장별(누계)'!O40 -> 0 | P39: =+'사업장별(당월)'!P40+'[4]사업장별(누계)'!P40 -> 0 | Q39: =+P39-O39 -> 0 | R39: =+'사업장별(당월)'!R40+'[4]사업장별(누계)'!R40 -> 0 | S39: =+P39-R39 -> 0 | T39: =+'사업장별(당월)'!T40+'[4]사업장별(누계)'!T40 -> 0 | U39: =+'사업장별(당월)'!U40+'[4]사업장별(누계)'!U40 -> 0 | V39: =+U39-T39 -> 0 | W39: =+'사업장별(당월)'!W40+'[4]사업장별(누계)'!W40 -> 0
H40: 기타 계 | J40: =SUM(J33:J39) -> 0 | K40: =SUM(K33:K39) -> 0 | L40: =+K40-J40 -> 0 | M40: =SUM(M33:M39) -> 0 | N40: =+K40-M40 -> 0 | O40: =SUM(O33:O39) -> 1649.675 | P40: =SUM(P33:P39) -> 1656.371 | Q40: =+P40-O40 -> 6.6959587 | R40: =SUM(R33:R39) -> 1955.5002 | S40: =+P40-R40 -> -299.12927 | T40: =SUM(T33:T39) -> -12079.45 | U40: =SUM(U33:U39) -> -13205.544 | V40: =+U40-T40 -> -1126.0943 | W40: =SUM(W33:W39) -> -12862.149 | X40: =+U40-W40 -> -343.39495
G42: =+P42/O42 -> 0.96423431 | H42: 합계 | O42: =+O27+O32+O28+O40 -> 401319.38 | P42: =+P27+P32+P28+P40 -> 386965.91 | Q42: =+P42-O42 -> -14353.465 | R42: =+R27+R32+R28+R40 -> 420470.66 | S42: =+P42-R42 -> -33504.75 | T42: =+T27+T32+T28+T40 -> 32529.497 | U42: =+U27+U32+U28+U40 -> 17547.101 | V42: =+U42-T42 -> -14982.396 | W42: =+W27+W32+W28+W40 -> 36471.896 | X42: =+U42-W42 -> -18924.795
G43: =+U42/T42 -> 0.53942122 | P43: =+P42/O42 -> 0.96423431 | T43: =+T42/O42 -> 0.081056382 | U43: =+U42/P42 -> 0.04534534
I45: 확인 | J45: =+'사업장별(당월)'!J46+'[4]사업장별(누계)'!J46 -> 2872.5 | K45: =+'사업장별(당월)'!K46+'[4]사업장별(누계)'!K46 -> 2825.2705 | M45: =+'사업장별(당월)'!M46+'[4]사업장별(누계)'!M46 -> 3200.519 | O45: =+'사업장별(당월)'!O46+'[4]사업장별(누계)'!O46 -> 401319.38 | P45: =+'사업장별(당월)'!P46+'[4]사업장별(누계)'!P46 -> 386965.91 | R45: =+'사업장별(당월)'!R46+'[4]사업장별(누계)'!R46 -> 420470.66 | T45: =+'사업장별(당월)'!T46+'[4]사업장별(누계)'!T46 -> 32529.497 | U45: =+'사업장별(당월)'!U46+'[4]사업장별(누계)'!U46 -> 17547.101 | W45: =+'사업장별(당월)'!W46+'[4]사업장별(누계)'!W46 -> 36471.896
J46: =+J45-J27 -> 0 | K46: =+K45-K27 -> 0 | M46: =+M45-M27 -> 0 | O46: =+O45-O42 -> 0 | P46: =+P45-P42 -> 0 | R46: =+R45-R42 -> 0 | T46: =+T45-T42 -> 0 | U46: =+U45-U42 -> 0 | W46: =+W45-W42 -> 0
S49: 레미콘 | T49: =(+T27+T35)/100 -> 282.68362 | U49: =(+U27+U35)/100 -> 161.8472 | V49: =+U49-T49 -> -120.83643 | W49: =+U49/T49-1 -> -0.42746172
S50: 건자재 | T50: =+T28/100 -> 9.956551 | U50: =+U28/100 -> 4.835037 | V50: =+U50-T50 -> -5.121514
S51: 골재 | T51: =+T32/100 -> 15.470668 | U51: =+U32/100 -> -0.039952527 | V51: =+U51-T51 -> -15.51062
S52: 임대 | T52: =(T33+T34)/100 -> 13.287629 | U52: =(U33+U34)/100 -> 12.950632 | V52: =+U52-T52 -> -0.33699681
S53: 기타 | T53: =(T45/100)-T49-T50-T51-T52 -> 3.8964987 | U53: =(U45/100)-U49-U50-U51-U52 -> -4.1219042 | V53: =+U53-T53 -> -8.0184029

Sheet 영업이익
D4: □ 레미콘 영업이익 차이분석(2024-10)
W5: [단위 : 백만원, 천㎥]
D6: 구분 | E6: 영업이익(공통비 미배부) | H6: 물량 차이 | L6: 판매단가 차이 | P6: 제조원가 차이 | T6: 판관비 등 차이
E7: 계획 | F7: 실적 | G7: 차이 | H7: 계획 | I7: 실적 | J7: 차이 | K7: 손익 | L7: 계획 | M7: 실적 | N7: 차이 | O7: 손익 | P7: 계획 | Q7: 실적 | R7: 차이 | S7: 손익 | T7: 계획 | U7: 실적 | V7: 차이 | W7: 손익
D8: 합계 | E8: =+[5]합계!$H$86/1000 -> 5311.4516 | F8: =+[5]합계!$I$86/1000 -> 2141.2714 | G8: =+F8-E8 -> -3170.1802 | H8: =+[5]합계!$T$5/1000 -> 321 | I8: =+[5]합계!$U$5/1000 -> 296.557 | J8: =+I8-H8 -> -24.443 | K8: =+[5]합계!$M$86/1000 -> -483.58429 | L8: =+[5]합계!$Q$85 -> 102819.17 | M8: =+[5]합계!$R$85 -> 96197.561 | N8: =+M8-L8 -> -6621.6093 | O8: =+[5]합계!$K$86/1000 -> -1962.3205 | P8: =+[5]합계!$Q$50 -> 83166.93 | Q8: =+[5]합계!$R$50 -> 85311.291 | R8: =+Q8-P8 -> 2144.3616 | S8: =+[5]합계!$L$56/1000 -> -586.09309 | T8: =+([5]합계!$H$80+[5]합계!$H$85)/1000 -> 996.9178 | U8: =+([5]합계!$I$80+[5]합계!$I$85)/1000 -> 1135.1001 | V8: =+U8-T8 -> 138.18226 | W8: =+([5]합계!$L$80+[5]합계!$L$85)/1000 -> -138.18226 | Y8: =+G8-K8-O8-S8-W8 -> -2.5011104e-12 | Z8: =+Y8*1000000 -> -2.5011104e-06
D9: 수도권 | E9: =+[5]수도권!$H$86/1000 -> 1890.5424 | F9: =+[5]수도권!$I$86/1000 -> 363.42568 | G9: =+F9-E9 -> -1527.1167 | H9: =+[5]수도권!$T$5/1000 -> 121.5 | I9: =+[5]수도권!$U$5/1000 -> 103.91 | J9: =+I9-H9 -> -17.59 | K9: =+[5]수도권!$M$86/1000 -> -320.9223 | L9: =+[5]수도권!$Q$85 -> 101656.47 | M9: =+[5]수도권!$R$85 -> 93480.666 | N9: =+M9-L9 -> -8175.8003 | O9: =+[5]수도권!$K$86/1000 -> -848.35374 | P9: =+[5]수도권!$Q$50 -> 83538.046 | Q9: =+[5]수도권!$R$50 -> 86818.903 | R9: =+Q9-P9 -> 3280.8575 | S9: =+[5]수도권!$L$56/1000 -> -339.23901 | T9: =+([5]수도권!$H$80+[5]수도권!$H$85)/1000 -> 310.84569 | U9: =+([5]수도권!$I$80+[5]수도권!$I$85)/1000 -> 329.44734 | V9: =+U9-T9 -> 18.601658 | W9: =+([5]수도권!$L$80+[5]수도권!$L$85)/1000 -> -18.601658 | Y9: =+G9-K9-O9-S9-W9 -> -1.9895197e-13 | Z9: =+Y9*1000000 -> -1.9895197e-07
D10: 영남권 | E10: =+[5]영남권!$H$86/1000 -> 2263.6867 | F10: =+[5]영남권!$I$86/1000 -> 830.76104 | G10: =+F10-E10 -> -1432.9256 | H10: =+[5]영남권!$T$5/1000 -> 138.5 | I10: =+[5]영남권!$U$5/1000 -> 130.221 | J10: =+I10-H10 -> -8.279 | K10: =+[5]영남권!$M$86/1000 -> -165.35285 | L10: =+[5]영남권!$Q$85 -> 102592.96 | M10: =+[5]영남권!$R$85 -> 96016.649 | N10: =+M10-L10 -> -6576.3128 | O10: =+[5]영남권!$K$86/1000 -> -856.37403 | P10: =+[5]영남권!$Q$50 -> 82615.833 | Q10: =+[5]영남권!$R$50 -> 85405.232 | R10: =+Q10-P10 -> 2789.3992 | S10: =+[5]영남권!$L$56/1000 -> -315.87399 | T10: =+([5]영남권!$H$80+[5]영남권!$H$85)/1000 -> 503.14566 | U10: =+([5]영남권!$I$80+[5]영남권!$I$85)/1000 -> 598.47043 | V10: =+U10-T10 -> 95.324774 | W10: =+([5]영남권!$L$80+[5]영남권!$L$85)/1000 -> -95.324774 | Y10: =+G10-K10-O10-S10-W10 -> 2.2026825e-12 | Z10: =+Y10*1000000 -> 2.2026825e-06
D11: 기타권 | E11: =+[5]중부권!$H$86/1000 -> 1157.2225 | F11: =+[5]중부권!$I$86/1000 -> 947.08472 | G11: =+F11-E11 -> -210.13782 | H11: =+[5]중부권!$T$5/1000 -> 61 | I11: =+[5]중부권!$U$5/1000 -> 62.426 | J11: =+I11-H11 -> 1.426 | K11: =+[5]중부권!$M$86/1000 -> 30.37055 | L11: =+[5]중부권!$Q$85 -> 105648.66 | M11: =+[5]중부권!$R$85 -> 101095.66 | N11: =+M11-L11 -> -4552.9995 | O11: =+[5]중부권!$K$86/1000 -> -283.95236 | P11: =+[5]중부권!$Q$50 -> 83679 | Q11: =+[5]중부권!$R$50 -> 82598.315 | R11: =+Q11-P11 -> -1080.6842 | S11: =+[5]중부권!$L$56/1000 -> 67.699816 | T11: =+([5]중부권!$H$80+[5]중부권!$H$85)/1000 -> 182.92646 | U11: =+([5]중부권!$I$80+[5]중부권!$I$85)/1000 -> 207.18228 | V11: =+U11-T11 -> 24.255825 | W11: =+([5]중부권!$L$80+[5]중부권!$L$85)/1000 -> -24.255825 | Y11: =+G11-K11-O11-S11-W11 -> -1.5702994e-12 | Z11: =+Y11*1000000 -> -1.5702994e-06
D12: 안양 | E12: =+[5]안양!$H$86/1000 -> 642.15369 | F12: =+[5]안양!$I$86/1000 -> 151.42127 | G12: =+F12-E12 -> -490.73241 | H12: =+[5]안양!$T$5/1000 -> 43 | I12: =+[5]안양!$U$5/1000 -> 39.055 | J12: =+I12-H12 -> -3.945 | K12: =+[5]안양!$M$86/1000 -> -67.695441 | L12: =+[5]안양!$Q$85 -> 100603.66 | M12: =+[5]안양!$R$85 -> 94288.243 | N12: =+M12-L12 -> -6315.4133 | O12: =+[5]안양!$K$86/1000 -> -246.64847 | P12: =+[5]안양!$Q$50 -> 83443.848 | Q12: =+[5]안양!$R$50 -> 87662.82 | R12: =+Q12-P12 -> 4218.9714 | S12: =+[5]안양!$L$56/1000 -> -164.81465 | T12: =+([5]안양!$H$80+[5]안양!$H$85)/1000 -> 95.718038 | U12: =+([5]안양!$I$80+[5]안양!$I$85)/1000 -> 107.2919 | V12: =+U12-T12 -> 11.57386 | W12: =+([5]안양!$L$80+[5]안양!$L$85)/1000 -> -11.57386 | Y12: =+G12-K12-O12-S12-W12 -> -2.4513724e-13 | Z12: =+Y12*1000000 -> -2.4513724e-07
D13: 인천 | E13: =+[5]인천!$H$86/1000 -> 599.24958 | F13: =+[5]인천!$I$86/1000 -> 63.89366 | G13: =+F13-E13 -> -535.35592 | H13: =+[5]인천!$T$5/1000 -> 35 | I13: =+[5]인천!$U$5/1000 -> 26.461 | J13: =+I13-H13 -> -8.539 | K13: =+[5]인천!$M$86/1000 -> -169.51262 | L13: =+[5]인천!$Q$85 -> 106575.59 | M13: =+[5]인천!$R$85 -> 96693.589 | N13: =+M13-L13 -> -9882.0026 | O13: =+[5]인천!$K$86/1000 -> -261.48767 | P13: =+[5]인천!$Q$50 -> 86724.014 | Q13: =+[5]인천!$R$50 -> 90571.869 | R13: =+Q13-P13 -> 3847.8554 | S13: =+[5]인천!$L$56/1000 -> -102.31486 | T13: =+([5]인천!$H$80+[5]인천!$H$85)/1000 -> 95.555642 | U13: =+([5]인천!$I$80+[5]인천!$I$85)/1000 -> 97.59641 | V13: =+U13-T13 -> 2.040768 | W13: =+([5]인천!$L$80+[5]인천!$L$85)/1000 -> -2.040768 | Y13: =+G13-K13-O13-S13-W13 -> -9.547918e-14 | Z13: =+Y13*1000000 -> -9.547918e-08
D14: 파주 | E14: =+[5]파주!$H$86/1000 -> 344.80583 | F14: =+[5]파주!$I$86/1000 -> 73.448678 | G14: =+F14-E14 -> -271.35715 | H14: =+[5]파주!$T$5/1000 -> 24 | I14: =+[5]파주!$U$5/1000 -> 26.27 | J14: =+I14-H14 -> 2.27 | K14: =+[5]파주!$M$86/1000 -> 36.715605 | L14: =+[5]파주!$Q$85 -> 100349.3 | M14: =+[5]파주!$R$85 -> 88417.962 | N14: =+M14-L14 -> -11931.339 | O14: =+[5]파주!$K$86/1000 -> -311.69431 | P14: =+[5]파주!$Q$50 -> 83263.8 | Q14: =+[5]파주!$R$50 -> 82953.746 | R14: =+Q14-P14 -> -310.05375 | S14: =+[5]파주!$L$56/1000 -> 8.0998329 | T14: =+([5]파주!$H$80+[5]파주!$H$85)/1000 -> 65.246208 | U14: =+([5]파주!$I$80+[5]파주!$I$85)/1000 -> 69.724485 | V14: =+U14-T14 -> 4.4782772 | W14: =+([5]파주!$L$80+[5]파주!$L$85)/1000 -> -4.4782772 | Y14: =+G14-K14-O14-S14-W14 -> 2.9753977e-13 | Z14: =+Y14*1000000 -> 2.9753977e-07
D15: 김포 | E15: =+[5]김포!$H$86/1000 -> 304.33331 | F15: =+[5]김포!$I$86/1000 -> 74.662069 | G15: =+F15-E15 -> -229.67124 | H15: =+[5]김포!$T$5/1000 -> 19.5 | I15: =+[5]김포!$U$5/1000 -> 12.124 | J15: =+I15-H15 -> -7.376 | K15: =+[5]김포!$M$86/1000 -> -135.66511 | L15: =+[5]김포!$Q$85 -> 96757.667 | M15: =+[5]김포!$R$85 -> 94775.701 | N15: =+M15-L15 -> -1981.9652 | O15: =+[5]김포!$K$86/1000 -> -24.029347 | P15: =+[5]김포!$Q$50 -> 78364.892 | Q15: =+[5]김포!$R$50 -> 84094.688 | R15: =+Q15-P15 -> 5729.7956 | S15: =+[5]김포!$L$56/1000 -> -69.468033 | T15: =+([5]김포!$H$80+[5]김포!$H$85)/1000 -> 54.325798 | U15: =+([5]김포!$I$80+[5]김포!$I$85)/1000 -> 54.83455 | V15: =+U15-T15 -> 0.50875251 | W15: =+([5]김포!$L$80+[5]김포!$L$85)/1000 -> -0.50875251 | Y15: =+G15-K15-O15-S15-W15 -> -3.6859404e-14 | Z15: =+Y15*1000000 -> -3.6859404e-08
D16: 부산 | E16: =+[5]부산!$H$86/1000 -> 419.18794 | F16: =+[5]부산!$I$86/1000 -> 57.651193 | G16: =+F16-E16 -> -361.53675 | H16: =+[5]부산!$T$5/1000 -> 24 | I16: =+[5]부산!$U$5/1000 -> 16.752 | J16: =+I16-H16 -> -7.248 | K16: =+[5]부산!$M$86/1000 -> -156.97575 | L16: =+[5]부산!$Q$85 -> 107600.14 | M16: =+[5]부산!$R$85 -> 103210.43 | N16: =+M16-L16 -> -4389.7078 | O16: =+[5]부산!$K$86/1000 -> -73.536384 | P16: =+[5]부산!$Q$50 -> 85942.337 | Q16: =+[5]부산!$R$50 -> 93574.291 | R16: =+Q16-P16 -> 7631.9541 | S16: =+[5]부산!$L$56/1000 -> -102.0691 | T16: =+([5]부산!$H$80+[5]부산!$H$85)/1000 -> 100.59932 | U16: =+([5]부산!$I$80+[5]부산!$I$85)/1000 -> 129.55483 | V16: =+U16-T16 -> 28.955512 | W16: =+([5]부산!$L$80+[5]부산!$L$85)/1000 -> -28.955512 | Y16: =+G16-K16-O16-S16-W16 -> 3.4816594e-13 | Z16: =+Y16*1000000 -> 3.4816594e-07
D17: 서부산 | E17: =+[5]서부산!$H$86/1000 -> 490.26668 | F17: =+[5]서부산!$I$86/1000 -> 132.60606 | G17: =+F17-E17 -> -357.66063 | H17: =+[5]서부산!$T$5/1000 -> 26 | I17: =+[5]서부산!$U$5/1000 -> 19.663 | J17: =+I17-H17 -> -6.337 | K17: =+[5]서부산!$M$86/1000 -> -138.5029 | L17: =+[5]서부산!$Q$85 -> 104577.06 | M17: =+[5]서부산!$R$85 -> 94876.261 | N17: =+M17-L17 -> -9700.7976 | O17: =+[5]서부산!$K$86/1000 -> -190.74678 | P17: =+[5]서부산!$Q$50 -> 82720.833 | Q17: =+[5]서부산!$R$50 -> 83492.103 | R17: =+Q17-P17 -> 771.26983 | S17: =+[5]서부산!$L$56/1000 -> -3.0360355 | T17: =+([5]서부산!$H$80+[5]서부산!$H$85)/1000 -> 77.995167 | U17: =+([5]서부산!$I$80+[5]서부산!$I$85)/1000 -> 103.37008 | V17: =+U17-T17 -> 25.374909 | W17: =+([5]서부산!$L$80+[5]서부산!$L$85)/1000 -> -25.374909 | Y17: =+G17-K17-O17-S17-W17 -> -1.7408297e-13 | Z17: =+Y17*1000000 -> -1.7408297e-07
D18: 김해 | E18: =+[5]김해!$H$86/1000 -> 172.85459 | F18: =+[5]김해!$I$86/1000 -> 10.398047 | G18: =+F18-E18 -> -162.45654 | H18: =+[5]김해!$T$5/1000 -> 13 | I18: =+[5]김해!$U$5/1000 -> 13.655 | J18: =+I18-H18 -> 0.655 | K18: =+[5]김해!$M$86/1000 -> 11.127725 | L18: =+[5]김해!$Q$85 -> 101000 | M18: =+[5]김해!$R$85 -> 90368.876 | N18: =+M18-L18 -> -10631.124 | O18: =+[5]김해!$K$86/1000 -> -145.168 | P18: =+[5]김해!$Q$50 -> 84011.107 | Q18: =+[5]김해!$R$50 -> 85670.302 | R18: =+Q18-P18 -> 1659.1943 | S18: =+[5]김해!$L$56/1000 -> -18.576578 | T18: =+([5]김해!$H$80+[5]김해!$H$85)/1000 -> 48.001015 | U18: =+([5]김해!$I$80+[5]김해!$I$85)/1000 -> 57.840704 | V18: =+U18-T18 -> 9.8396888 | W18: =+([5]김해!$L$80+[5]김해!$L$85)/1000 -> -9.8396888 | Y18: =+G18-K18-O18-S18-W18 -> 1.9539925e-14 | Z18: =+Y18*1000000 -> 1.9539925e-08
D19: 정관 | E19: =+[5]정관!$H$86/1000 -> 269.83512 | F19: =+[5]정관!$I$86/1000 -> 142.76763 | G19: =+F19-E19 -> -127.06749 | H19: =+[5]정관!$T$5/1000 -> 18 | I19: =+[5]정관!$U$5/1000 -> 21.756 | J19: =+I19-H19 -> 3.756 | K19: =+[5]정관!$M$86/1000 -> 71.070929 | L19: =+[5]정관!$Q$85 -> 104000 | M19: =+[5]정관!$R$85 -> 97536.805 | N19: =+M19-L19 -> -6463.1953 | O19: =+[5]정관!$K$86/1000 -> -140.61328 | P19: =+[5]정관!$Q$50 -> 85078.027 | Q19: =+[5]정관!$R$50 -> 87376.999 | R19: =+Q19-P19 -> 2298.972 | S19: =+[5]정관!$L$56/1000 -> -42.964717 | T19: =+([5]정관!$H$80+[5]정관!$H$85)/1000 -> 70.760388 | U19: =+([5]정관!$I$80+[5]정관!$I$85)/1000 -> 85.320814 | V19: =+U19-T19 -> 14.560426 | W19: =+([5]정관!$L$80+[5]정관!$L$85)/1000 -> -14.560426 | Y19: =+G19-K19-O19-S19-W19 -> -1.563194e-13 | Z19: =+Y19*1000000 -> -1.563194e-07
D20: 양산 | E20: =+[5]양산!$H$86/1000 -> 183.28795 | F20: =+[5]양산!$I$86/1000 -> 152.35462 | G20: =+F20-E20 -> -30.933328 | H20: =+[5]양산!$T$5/1000 -> 12 | I20: =+[5]양산!$U$5/1000 -> 13.908 | J20: =+I20-H20 -> 1.908 | K20: =+[5]양산!$M$86/1000 -> 36.453408 | L20: =+[5]양산!$Q$85 -> 97210.153 | M20: =+[5]양산!$R$85 -> 94125.482 | N20: =+M20-L20 -> -3084.6708 | O20: =+[5]양산!$K$86/1000 -> -42.901601 | P20: =+[5]양산!$Q$50 -> 78104.593 | Q20: =+[5]양산!$R$50 -> 79882.263 | R20: =+Q20-P20 -> 1777.6699 | S20: =+[5]양산!$L$56/1000 -> -24.723809 | T20: =+([5]양산!$H$80+[5]양산!$H$85)/1000 -> 45.978768 | U20: =+([5]양산!$I$80+[5]양산!$I$85)/1000 -> 45.740094 | V20: =+U20-T20 -> -0.23867382 | W20: =+([5]양산!$L$80+[5]양산!$L$85)/1000 -> 0.23867382 | Y20: =+G20-K20-O20-S20-W20 -> -1.1626811e-13 | Z20: =+Y20*1000000 -> -1.1626811e-07
D21: 창원 | E21: =+[5]창원!$H$86/1000 -> 309.65579 | F21: =+[5]창원!$I$86/1000 -> 76.578861 | G21: =+F21-E21 -> -233.07693 | H21: =+[5]창원!$T$5/1000 -> 17 | I21: =+[5]창원!$U$5/1000 -> 14.58 | J21: =+I21-H21 -> -2.42 | K21: =+[5]창원!$M$86/1000 -> -54.338747 | L21: =+[5]창원!$Q$85 -> 101745.12 | M21: =+[5]창원!$R$85 -> 93119.705 | N21: =+M21-L21 -> -8625.4126 | O21: =+[5]창원!$K$86/1000 -> -125.75852 | P21: =+[5]창원!$Q$50 -> 79291.09 | Q21: =+[5]창원!$R$50 -> 82382.022 | R21: =+Q21-P21 -> 3090.9324 | S21: =+[5]창원!$L$56/1000 -> -45.065782 | T21: =+([5]창원!$H$80+[5]창원!$H$85)/1000 -> 72.062682 | U21: =+([5]창원!$I$80+[5]창원!$I$85)/1000 -> 79.976565 | V21: =+U21-T21 -> 7.9138836 | W21: =+([5]창원!$L$80+[5]창원!$L$85)/1000 -> -7.9138836 | Y21: =+G21-K21-O21-S21-W21 -> -2.2559732e-13 | Z21: =+Y21*1000000 -> -2.2559732e-07
D22: 대구 | E22: =+[5]대구!$H$86/1000 -> 288.58165 | F22: =+[5]대구!$I$86/1000 -> 100.63415 | G22: =+F22-E22 -> -187.94749 | H22: =+[5]대구!$T$5/1000 -> 16.5 | I22: =+[5]대구!$U$5/1000 -> 15.64 | J22: =+I22-H22 -> -0.86 | K22: =+[5]대구!$M$86/1000 -> -17.569113 | L22: =+[5]대구!$Q$85 -> 97760 | M22: =+[5]대구!$R$85 -> 93698.609 | N22: =+M22-L22 -> -4061.3907 | O22: =+[5]대구!$K$86/1000 -> -63.52015 | P22: =+[5]대구!$Q$50 -> 77286.845 | Q22: =+[5]대구!$R$50 -> 83818.869 | R22: =+Q22-P22 -> 6532.0241 | S22: =+[5]대구!$L$56/1000 -> -102.16087 | T22: =+([5]대구!$H$80+[5]대구!$H$85)/1000 -> 49.225415 | U22: =+([5]대구!$I$80+[5]대구!$I$85)/1000 -> 53.922772 | V22: =+U22-T22 -> 4.6973563 | W22: =+([5]대구!$L$80+[5]대구!$L$85)/1000 -> -4.6973563 | Y22: =+G22-K22-O22-S22-W22 -> -1.1901591e-13 | Z22: =+Y22*1000000 -> -1.1901591e-07
D23: 울산 | E23: =+[5]울산!$H$86/1000 -> 130.01697 | F23: =+[5]울산!$I$86/1000 -> 157.77048 | G23: =+F23-E23 -> 27.753515 | H23: =+[5]울산!$T$5/1000 -> 12 | I23: =+[5]울산!$U$5/1000 -> 14.267 | J23: =+I23-H23 -> 2.267 | K23: =+[5]울산!$M$86/1000 -> 31.839991 | L23: =+[5]울산!$Q$85 -> 101124.12 | M23: =+[5]울산!$R$85 -> 99574.157 | N23: =+M23-L23 -> -1549.9679 | O23: =+[5]울산!$K$86/1000 -> -22.113391 | P23: =+[5]울산!$Q$50 -> 87079.136 | Q23: =+[5]울산!$R$50 -> 85519.719 | R23: =+Q23-P23 -> -1559.4167 | S23: =+[5]울산!$L$56/1000 -> 22.248589 | T23: =+([5]울산!$H$80+[5]울산!$H$85)/1000 -> 38.522903 | U23: =+([5]울산!$I$80+[5]울산!$I$85)/1000 -> 42.744576 | V23: =+U23-T23 -> 4.221673 | W23: =+([5]울산!$L$80+[5]울산!$L$85)/1000 -> -4.221673 | Y23: =+G23-K23-O23-S23-W23 -> -2.1227464e-13 | Z23: =+Y23*1000000 -> -2.1227464e-07
D24: 아산 | E24: =+[5]아산!$H$86/1000 -> 443.55499 | F24: =+[5]아산!$I$86/1000 -> 518.14114 | G24: =+F24-E24 -> 74.586147 | H24: =+[5]아산!$T$5/1000 -> 28 | I24: =+[5]아산!$U$5/1000 -> 35.1425 | J24: =+I24-H24 -> 7.1425 | K24: =+[5]아산!$M$86/1000 -> 131.35065 | L24: =+[5]아산!$Q$85 -> 101000.54 | M24: =+[5]아산!$R$85 -> 97210.458 | N24: =+M24-L24 -> -3790.0773 | O24: =+[5]아산!$K$86/1000 -> -132.96539 | P24: =+[5]아산!$Q$50 -> 82505.563 | Q24: =+[5]아산!$R$50 -> 80054.42 | R24: =+Q24-P24 -> -2451.1431 | S24: =+[5]아산!$L$56/1000 -> 86.060965 | T24: =+([5]아산!$H$80+[5]아산!$H$85)/1000 -> 74.304251 | U24: =+([5]아산!$I$80+[5]아산!$I$85)/1000 -> 84.164327 | V24: =+U24-T24 -> 9.8600762 | W24: =+([5]아산!$L$80+[5]아산!$L$85)/1000 -> -9.8600762 | Y24: =+G24-K24-O24-S24-W24 -> -2.2915003e-13 | Z24: =+Y24*1000000 -> -2.2915003e-07
D25: 전주 | E25: =+[5]전주!$H$86/1000 -> 228.75892 | F25: =+[5]전주!$I$86/1000 -> 51.295807 | G25: =+F25-E25 -> -177.46311 | H25: =+[5]전주!$T$5/1000 -> 13 | I25: =+[5]전주!$U$5/1000 -> 9.6695 | J25: =+I25-H25 -> -3.3305 | K25: =+[5]전주!$M$86/1000 -> -70.942224 | L25: =+[5]전주!$Q$85 -> 101544.67 | M25: =+[5]전주!$R$85 -> 95264.477 | N25: =+M25-L25 -> -6280.1964 | O25: =+[5]전주!$K$86/1000 -> -60.726359 | P25: =+[5]전주!$Q$50 -> 80243.901 | Q25: =+[5]전주!$R$50 -> 84115.648 | R25: =+Q25-P25 -> 3871.7476 | S25: =+[5]전주!$L$56/1000 -> -37.43785 | T25: =+([5]전주!$H$80+[5]전주!$H$85)/1000 -> 48.151133 | U25: =+([5]전주!$I$80+[5]전주!$I$85)/1000 -> 56.507808 | V25: =+U25-T25 -> 8.3566757 | W25: =+([5]전주!$L$80+[5]전주!$L$85)/1000 -> -8.3566757 | Y25: =+G25-K25-O25-S25-W25 -> 1.2789769e-13 | Z25: =+Y25*1000000 -> 1.2789769e-07
D26: 군산 | E26: =+[5]군산!$H$86/1000 -> 200.39525 | F26: =+[5]군산!$I$86/1000 -> 268.54539 | G26: =+F26-E26 -> 68.150136 | H26: =+[5]군산!$T$5/1000 -> 7 | I26: =+[5]군산!$U$5/1000 -> 9.023 | J26: =+I26-H26 -> 2.023 | K26: =+[5]군산!$M$86/1000 -> 63.756095 | L26: =+[5]군산!$Q$85 -> 108781.74 | M26: =+[5]군산!$R$85 -> 111159.1 | N26: =+M26-L26 -> 2377.3551 | O26: =+[5]군산!$K$86/1000 -> 21.450875 | P26: =+[5]군산!$Q$50 -> 77266.126 | Q26: =+[5]군산!$R$50 -> 78897.72 | R26: =+Q26-P26 -> 1631.5945 | S26: =+[5]군산!$L$56/1000 -> -14.72187 | T26: =+([5]군산!$H$80+[5]군산!$H$85)/1000 -> 20.214075 | U26: =+([5]군산!$I$80+[5]군산!$I$85)/1000 -> 22.54904 | V26: =+U26-T26 -> 2.3349646 | W26: =+([5]군산!$L$80+[5]군산!$L$85)/1000 -> -2.3349646 | Y26: =+G26-K26-O26-S26-W26 -> -1.2700951e-13 | Z26: =+Y26*1000000 -> -1.2700951e-07
D27: 원주 | E27: =+[5]원주!$H$86/1000 -> 123.06149 | F27: =+[5]원주!$I$86/1000 -> 104.30831 | G27: =+F27-E27 -> -18.753179 | H27: =+[5]원주!$T$5/1000 -> 6 | I27: =+[5]원주!$U$5/1000 -> 5.544 | J27: =+I27-H27 -> -0.456 | K27: =+[5]원주!$M$86/1000 -> -10.512784 | L27: =+[5]원주!$Q$85 -> 107900 | M27: =+[5]원주!$R$85 -> 108943.59 | N27: =+M27-L27 -> 1043.5925 | O27: =+[5]원주!$K$86/1000 -> 5.785677 | P27: =+[5]원주!$Q$50 -> 84845.648 | Q27: =+[5]원주!$R$50 -> 86961.323 | R27: =+Q27-P27 -> 2115.6745 | S27: =+[5]원주!$L$56/1000 -> -11.72929 | T27: =+([5]원주!$H$80+[5]원주!$H$85)/1000 -> 15.264623 | U27: =+([5]원주!$I$80+[5]원주!$I$85)/1000 -> 17.561405 | V27: =+U27-T27 -> 2.2967818 | W27: =+([5]원주!$L$80+[5]원주!$L$85)/1000 -> -2.2967818 | Y27: =+G27-K27-O27-S27-W27 -> -6.8389738e-14 | Z27: =+Y27*1000000 -> -6.8389738e-08
D28: 제주 | E28: =+[5]제주!$H$86/1000 -> 161.45189 | F28: =+[5]제주!$I$86/1000 -> 4.79407 | G28: =+F28-E28 -> -156.65782 | H28: =+[5]제주!$T$5/1000 -> 7 | I28: =+[5]제주!$U$5/1000 -> 3.047 | J28: =+I28-H28 -> -3.953 | K28: =+[5]제주!$M$86/1000 -> -105.28774 | L28: =+[5]제주!$Q$85 -> 126800 | M28: =+[5]제주!$R$85 -> 120254.04 | N28: =+M28-L28 -> -6545.9573 | O28: =+[5]제주!$K$86/1000 -> -19.945532 | P28: =+[5]제주!$Q$50 -> 100165.11 | Q28: =+[5]제주!$R$50 -> 109877.26 | R28: =+Q28-P28 -> 9712.1504 | S28: =+[5]제주!$L$56/1000 -> -30.017222 | T28: =+([5]제주!$H$80+[5]제주!$H$85)/1000 -> 24.992374 | U28: =+([5]제주!$I$80+[5]제주!$I$85)/1000 -> 26.3997 | V28: =+U28-T28 -> 1.4073265 | W28: =+([5]제주!$L$80+[5]제주!$L$85)/1000 -> -1.4073265 | Y28: =+G28-K28-O28-S28-W28 -> -2.1538327e-14 | Z28: =+Y28*1000000 -> -2.1538327e-08

Sheet 공헌이익
D4: □ 레미콘 단위당 공헌이익(2024-10)
V5: [단위 : 원/㎥]
D6: 구분 | E6: 판매단가 | H6: 재료비 | K6: 운반비 | N6: 유류비 | Q6: 변동비 계 | T6: 공헌이익
E7: 계획 | F7: 실적 | G7: 차이 | H7: 계획 | I7: 실적 | J7: 차이 | K7: 계획 | L7: 실적 | M7: 차이 | N7: 계획 | O7: 실적 | P7: 차이 | Q7: 계획 | R7: 실적 | S7: 차이 | T7: 계획 | U7: 실적 | V7: 차이
D8: 평균 | E8: =+[5]합계!$Q$85 -> 102819.17 | F8: =+[5]합계!$R$85 -> 96197.561 | G8: =+F8-E8 -> -6621.6093 | H8: =+[5]합계!$Q$20 -> 58676.852 | I8: =+[5]합계!$R$20 -> 60753.463 | J8: =+I8-H8 -> 2076.6107 | K8: =+[5]합계!$Q$21 -> 18011.885 | L8: =+[5]합계!$R$21 -> 17481.307 | M8: =+L8-K8 -> -530.57758 | N8: =+[5]합계!$Q$22 -> 186.3785 | O8: =+[5]합계!$R$22 -> 176.68041 | P8: =+O8-N8 -> -9.698094 | Q8: =H8+K8+N8 -> 76875.116 | R8: =I8+L8+O8 -> 78411.451 | S8: =+R8-Q8 -> 1536.335 | T8: =+E8-Q8 -> 25944.055 | U8: =+F8-R8 -> 17786.111 | V8: =+U8-T8 -> -8157.9443
D9: 수도권 | E9: =+[5]수도권!$Q$85 -> 101656.47 | F9: =+[5]수도권!$R$85 -> 93480.666 | G9: =+F9-E9 -> -8175.8003 | H9: =+[5]수도권!$Q$20 -> 60155.953 | I9: =+[5]수도권!$R$20 -> 62383.295 | J9: =+I9-H9 -> 2227.3419 | K9: =+[5]수도권!$Q$21 -> 17773.199 | L9: =+[5]수도권!$R$21 -> 17931.83 | M9: =+L9-K9 -> 158.63113 | N9: =+[5]수도권!$Q$22 -> 213.23045 | O9: =+[5]수도권!$R$22 -> 181.3243 | P9: =+O9-N9 -> -31.906149 | Q9: =H9+K9+N9 -> 78142.383 | R9: =I9+L9+O9 -> 80496.449 | S9: =+R9-Q9 -> 2354.0669 | T9: =+E9-Q9 -> 23514.084 | U9: =+F9-R9 -> 12984.216 | V9: =+U9-T9 -> -10529.867
D10: 영남권 | E10: =+[5]영남권!$Q$85 -> 102592.96 | F10: =+[5]영남권!$R$85 -> 96016.649 | G10: =+F10-E10 -> -6576.3128 | H10: =+[5]영남권!$Q$20 -> 57536.289 | I10: =+[5]영남권!$R$20 -> 59233.844 | J10: =+I10-H10 -> 1697.5549 | K10: =+[5]영남권!$Q$21 -> 18094.377 | L10: =+[5]영남권!$R$21 -> 18788.642 | M10: =+L10-K10 -> 694.26418 | N10: =+[5]영남권!$Q$22 -> 165.84838 | O10: =+[5]영남권!$R$22 -> 169.27261 | P10: =+O10-N10 -> 3.4242305 | Q10: =H10+K10+N10 -> 75796.515 | R10: =I10+L10+O10 -> 78191.758 | S10: =+R10-Q10 -> 2395.2433 | T10: =+E10-Q10 -> 26796.447 | U10: =+F10-R10 -> 17824.891 | V10: =+U10-T10 -> -8971.5561
D11: 기타권 | E11: =+[5]중부권!$Q$85 -> 105648.66 | F11: =+[5]중부권!$R$85 -> 101095.66 | G11: =+F11-E11 -> -4552.9995 | H11: =+[5]중부권!$Q$20 -> 58320.413 | I11: =+[5]중부권!$R$20 -> 61224.263 | J11: =+I11-H11 -> 2903.8498 | K11: =+[5]중부권!$Q$21 -> 18300.002 | L11: =+[5]중부권!$R$21 -> 13984.73 | M11: =+L11-K11 -> -4315.2722 | N11: =+[5]중부권!$Q$22 -> 179.5082 | O11: =+[5]중부권!$R$22 -> 184.48411 | P11: =+O11-N11 -> 4.9759159 | Q11: =H11+K11+N11 -> 76799.923 | R11: =I11+L11+O11 -> 75393.477 | S11: =+R11-Q11 -> -1406.4465 | T11: =+E11-Q11 -> 28848.732 | U11: =+F11-R11 -> 25702.179 | V11: =+U11-T11 -> -3146.5529
D12: 안양 | E12: =+[5]안양!$Q$85 -> 100603.66 | F12: =+[5]안양!$R$85 -> 94288.243 | G12: =+F12-E12 -> -6315.4133 | H12: =+[5]안양!$Q$20 -> 61296.13 | I12: =+[5]안양!$R$20 -> 64357.861 | J12: =+I12-H12 -> 3061.7308 | K12: =+[5]안양!$Q$21 -> 17102.679 | L12: =+[5]안양!$R$21 -> 18177.096 | M12: =+L12-K12 -> 1074.4167 | N12: =+[5]안양!$Q$22 -> 186.04651 | O12: =+[5]안양!$R$22 -> 185.80074 | P12: =+O12-N12 -> -0.24577466 | Q12: =H12+K12+N12 -> 78584.856 | R12: =I12+L12+O12 -> 82720.758 | S12: =+R12-Q12 -> 4135.9017 | T12: =+E12-Q12 -> 22018.799 | U12: =+F12-R12 -> 11567.484 | V12: =+U12-T12 -> -10451.315
D13: 인천 | E13: =+[5]인천!$Q$85 -> 106575.59 | F13: =+[5]인천!$R$85 -> 96693.589 | G13: =+F13-E13 -> -9882.0026 | H13: =+[5]인천!$Q$20 -> 63476.242 | I13: =+[5]인천!$R$20 -> 64645.173 | J13: =+I13-H13 -> 1168.9311 | K13: =+[5]인천!$Q$21 -> 17607.206 | L13: =+[5]인천!$R$21 -> 17646.291 | M13: =+L13-K13 -> 39.08457 | N13: =+[5]인천!$Q$22 -> 314.28571 | O13: =+[5]인천!$R$22 -> 266.67089 | P13: =+O13-N13 -> -47.614825 | Q13: =H13+K13+N13 -> 81397.734 | R13: =I13+L13+O13 -> 82558.135 | S13: =+R13-Q13 -> 1160.4008 | T13: =+E13-Q13 -> 25177.858 | U13: =+F13-R13 -> 14135.455 | V13: =+U13-T13 -> -11042.403
D14: 파주 | E14: =+[5]파주!$Q$85 -> 100349.3 | F14: =+[5]파주!$R$85 -> 88417.962 | G14: =+F14-E14 -> -11931.339 | H14: =+[5]파주!$Q$20 -> 58112.063 | I14: =+[5]파주!$R$20 -> 59116.139 | J14: =+I14-H14 -> 1004.0766 | K14: =+[5]파주!$Q$21 -> 18617.624 | L14: =+[5]파주!$R$21 -> 18061.03 | M14: =+L14-K14 -> -556.59416 | N14: =+[5]파주!$Q$22 -> 202.5 | O14: =+[5]파주!$R$22 -> 142.7389 | P14: =+O14-N14 -> -59.761101 | Q14: =H14+K14+N14 -> 76932.186 | R14: =I14+L14+O14 -> 77319.908 | S14: =+R14-Q14 -> 387.7213 | T14: =+E14-Q14 -> 23417.115 | U14: =+F14-R14 -> 11098.054 | V14: =+U14-T14 -> -12319.061
D15: 김포 | E15: =+[5]김포!$Q$85 -> 96757.667 | F15: =+[5]김포!$R$85 -> 94775.701 | G15: =+F15-E15 -> -1981.9652 | H15: =+[5]김포!$Q$20 -> 54197.783 | I15: =+[5]김포!$R$20 -> 58036.703 | J15: =+I15-H15 -> 3838.9195 | K15: =+[5]김포!$Q$21 -> 18510.422 | L15: =+[5]김포!$R$21 -> 17496.838 | M15: =+L15-K15 -> -1013.5843 | N15: =+[5]김포!$Q$22 -> 105 | O15: =+[5]김포!$R$22 -> 60.548251 | P15: =+O15-N15 -> -44.451749 | Q15: =H15+K15+N15 -> 72813.205 | R15: =I15+L15+O15 -> 75594.089 | S15: =+R15-Q15 -> 2780.8835 | T15: =+E15-Q15 -> 23944.461 | U15: =+F15-R15 -> 19181.613 | V15: =+U15-T15 -> -4762.8487
D16: 부산 | E16: =+[5]부산!$Q$85 -> 107600.14 | F16: =+[5]부산!$R$85 -> 103210.43 | G16: =+F16-E16 -> -4389.7078 | H16: =+[5]부산!$Q$20 -> 59859.497 | I16: =+[5]부산!$R$20 -> 63883.489 | J16: =+I16-H16 -> 4023.9921 | K16: =+[5]부산!$Q$21 -> 19636.118 | L16: =+[5]부산!$R$21 -> 19943.53 | M16: =+L16-K16 -> 307.41228 | N16: =+[5]부산!$Q$22 -> 41.666667 | O16: =+[5]부산!$R$22 -> 0 | P16: =+O16-N16 -> -41.666667 | Q16: =H16+K16+N16 -> 79537.282 | R16: =I16+L16+O16 -> 83827.02 | S16: =+R16-Q16 -> 4289.7377 | T16: =+E16-Q16 -> 28062.858 | U16: =+F16-R16 -> 19383.412 | V16: =+U16-T16 -> -8679.4455
D17: 서부산 | E17: =+[5]서부산!$Q$85 -> 104577.06 | F17: =+[5]서부산!$R$85 -> 94876.261 | G17: =+F17-E17 -> -9700.7976 | H17: =+[5]서부산!$Q$20 -> 59984.082 | I17: =+[5]서부산!$R$20 -> 59792.599 | J17: =+I17-H17 -> -191.48264 | K17: =+[5]서부산!$Q$21 -> 16266.59 | L17: =+[5]서부산!$R$21 -> 17086.244 | M17: =+L17-K17 -> 819.65436 | N17: =+[5]서부산!$Q$22 -> 76.923077 | O17: =+[5]서부산!$R$22 -> 213.52276 | P17: =+O17-N17 -> 136.59968 | Q17: =H17+K17+N17 -> 76327.595 | R17: =I17+L17+O17 -> 77092.366 | S17: =+R17-Q17 -> 764.77141 | T17: =+E17-Q17 -> 28249.464 | U17: =+F17-R17 -> 17783.895 | V17: =+U17-T17 -> -10465.569
D18: 김해 | E18: =+[5]김해!$Q$85 -> 101000 | F18: =+[5]김해!$R$85 -> 90368.876 | G18: =+F18-E18 -> -10631.124 | H18: =+[5]김해!$Q$20 -> 58566.2 | I18: =+[5]김해!$R$20 -> 57656.868 | J18: =+I18-H18 -> -909.33184 | K18: =+[5]김해!$Q$21 -> 18164.383 | L18: =+[5]김해!$R$21 -> 20367.212 | M18: =+L18-K18 -> 2202.8295 | N18: =+[5]김해!$Q$22 -> 376.92308 | O18: =+[5]김해!$R$22 -> 359.99158 | P18: =+O18-N18 -> -16.931499 | Q18: =H18+K18+N18 -> 77107.505 | R18: =I18+L18+O18 -> 78384.071 | S18: =+R18-Q18 -> 1276.5661 | T18: =+E18-Q18 -> 23892.495 | U18: =+F18-R18 -> 11984.804 | V18: =+U18-T18 -> -11907.69
D19: 정관 | E19: =+[5]정관!$Q$85 -> 104000 | F19: =+[5]정관!$R$85 -> 97536.805 | G19: =+F19-E19 -> -6463.1953 | H19: =+[5]정관!$Q$20 -> 59004.333 | I19: =+[5]정관!$R$20 -> 62156.108 | J19: =+I19-H19 -> 3151.7746 | K19: =+[5]정관!$Q$21 -> 19050.003 | L19: =+[5]정관!$R$21 -> 18957.588 | M19: =+L19-K19 -> -92.414964 | N19: =+[5]정관!$Q$22 -> 250 | O19: =+[5]정관!$R$22 -> 232.65913 | P19: =+O19-N19 -> -17.340869 | Q19: =H19+K19+N19 -> 78304.336 | R19: =I19+L19+O19 -> 81346.355 | S19: =+R19-Q19 -> 3042.0188 | T19: =+E19-Q19 -> 25695.664 | U19: =+F19-R19 -> 16190.45 | V19: =+U19-T19 -> -9505.2141
D20: 양산 | E20: =+[5]양산!$Q$85 -> 97210.153 | F20: =+[5]양산!$R$85 -> 94125.482 | G20: =+F20-E20 -> -3084.6708 | H20: =+[5]양산!$Q$20 -> 53089.407 | I20: =+[5]양산!$R$20 -> 55712.762 | J20: =+I20-H20 -> 2623.3552 | K20: =+[5]양산!$Q$21 -> 17632.069 | L20: =+[5]양산!$R$21 -> 16965.509 | M20: =+L20-K20 -> -666.56045 | N20: =+[5]양산!$Q$22 -> 79.166667 | O20: =+[5]양산!$R$22 -> 0 | P20: =+O20-N20 -> -79.166667 | Q20: =H20+K20+N20 -> 70800.643 | R20: =I20+L20+O20 -> 72678.271 | S20: =+R20-Q20 -> 1877.6281 | T20: =+E20-Q20 -> 26409.51 | U20: =+F20-R20 -> 21447.211 | V20: =+U20-T20 -> -4962.2989
D21: 창원 | E21: =+[5]창원!$Q$85 -> 101745.12 | F21: =+[5]창원!$R$85 -> 93119.705 | G21: =+F21-E21 -> -8625.4126 | H21: =+[5]창원!$Q$20 -> 55737.794 | I21: =+[5]창원!$R$20 -> 57021.584 | J21: =+I21-H21 -> 1283.7892 | K21: =+[5]창원!$Q$21 -> 16722.72 | L21: =+[5]창원!$R$21 -> 17771.9 | M21: =+L21-K21 -> 1049.1803 | N21: =+[5]창원!$Q$22 -> 70.588235 | O21: =+[5]창원!$R$22 -> 77.991564 | P21: =+O21-N21 -> 7.4033285 | Q21: =H21+K21+N21 -> 72531.102 | R21: =I21+L21+O21 -> 74871.475 | S21: =+R21-Q21 -> 2340.3729 | T21: =+E21-Q21 -> 29214.015 | U21: =+F21-R21 -> 18248.23 | V21: =+U21-T21 -> -10965.785
D22: 대구 | E22: =+[5]대구!$Q$85 -> 97760 | F22: =+[5]대구!$R$85 -> 93698.609 | G22: =+F22-E22 -> -4061.3907 | H22: =+[5]대구!$Q$20 -> 52503.967 | I22: =+[5]대구!$R$20 -> 56790.307 | J22: =+I22-H22 -> 4286.34 | K22: =+[5]대구!$Q$21 -> 17357.698 | L22: =+[5]대구!$R$21 -> 19322.014 | M22: =+L22-K22 -> 1964.3164 | N22: =+[5]대구!$Q$22 -> 321.21212 | O22: =+[5]대구!$R$22 -> 243.34731 | P22: =+O22-N22 -> -77.864807 | Q22: =H22+K22+N22 -> 70182.877 | R22: =I22+L22+O22 -> 76355.669 | S22: =+R22-Q22 -> 6172.7916 | T22: =+E22-Q22 -> 27577.123 | U22: =+F22-R22 -> 17342.941 | V22: =+U22-T22 -> -10234.182
D23: 울산 | E23: =+[5]울산!$Q$85 -> 101124.12 | F23: =+[5]울산!$R$85 -> 99574.157 | G23: =+F23-E23 -> -1549.9679 | H23: =+[5]울산!$Q$20 -> 58182.713 | I23: =+[5]울산!$R$20 -> 58389.181 | J23: =+I23-H23 -> 206.4687 | K23: =+[5]울산!$Q$21 -> 20880.25 | L23: =+[5]울산!$R$21 -> 20350.983 | M23: =+L23-K23 -> -529.26698 | N23: =+[5]울산!$Q$22 -> 260 | O23: =+[5]울산!$R$22 -> 202.15481 | P23: =+O23-N23 -> -57.845189 | Q23: =H23+K23+N23 -> 79322.963 | R23: =I23+L23+O23 -> 78942.319 | S23: =+R23-Q23 -> -380.64347 | T23: =+E23-Q23 -> 21801.162 | U23: =+F23-R23 -> 20631.838 | V23: =+U23-T23 -> -1169.3244
D24: 아산 | E24: =+[5]아산!$Q$85 -> 101000.54 | F24: =+[5]아산!$R$85 -> 97210.458 | G24: =+F24-E24 -> -3790.0773 | H24: =+[5]아산!$Q$20 -> 56318.92 | I24: =+[5]아산!$R$20 -> 62010.064 | J24: =+I24-H24 -> 5691.1438 | K24: =+[5]아산!$Q$21 -> 20999.144 | L24: =+[5]아산!$R$21 -> 13132.674 | M24: =+L24-K24 -> -7866.4705 | N24: =+[5]아산!$Q$22 -> 214.28571 | O24: =+[5]아산!$R$22 -> 178.76743 | P24: =+O24-N24 -> -35.518289 | Q24: =H24+K24+N24 -> 77532.35 | R24: =I24+L24+O24 -> 75321.505 | S24: =+R24-Q24 -> -2210.8449 | T24: =+E24-Q24 -> 23468.186 | U24: =+F24-R24 -> 21888.953 | V24: =+U24-T24 -> -1579.2324
D25: 전주 | E25: =+[5]전주!$Q$85 -> 101544.67 | F25: =+[5]전주!$R$85 -> 95264.477 | G25: =+F25-E25 -> -6280.1964 | H25: =+[5]전주!$Q$20 -> 55781.645 | I25: =+[5]전주!$R$20 -> 57842.733 | J25: =+I25-H25 -> 2061.0874 | K25: =+[5]전주!$Q$21 -> 17127.599 | L25: =+[5]전주!$R$21 -> 16454.347 | M25: =+L25-K25 -> -673.25174 | N25: =+[5]전주!$Q$22 -> 230.76923 | O25: =+[5]전주!$R$22 -> 208.04933 | P25: =+O25-N25 -> -22.7199 | Q25: =H25+K25+N25 -> 73140.013 | R25: =I25+L25+O25 -> 74505.129 | S25: =+R25-Q25 -> 1365.1158 | T25: =+E25-Q25 -> 28404.661 | U25: =+F25-R25 -> 20759.349 | V25: =+U25-T25 -> -7645.3122
D26: 군산 | E26: =+[5]군산!$Q$85 -> 108781.74 | F26: =+[5]군산!$R$85 -> 111159.1 | G26: =+F26-E26 -> 2377.3551 | H26: =+[5]군산!$Q$20 -> 56404.537 | I26: =+[5]군산!$R$20 -> 58684.488 | J26: =+I26-H26 -> 2279.9516 | K26: =+[5]군산!$Q$21 -> 13161.557 | L26: =+[5]군산!$R$21 -> 13433.347 | M26: =+L26-K26 -> 271.78943 | N26: =+[5]군산!$Q$22 -> 64.285714 | O26: =+[5]군산!$R$22 -> 52.284606 | P26: =+O26-N26 -> -12.001108 | Q26: =H26+K26+N26 -> 69630.38 | R26: =I26+L26+O26 -> 72170.12 | S26: =+R26-Q26 -> 2539.74 | T26: =+E26-Q26 -> 39151.364 | U26: =+F26-R26 -> 38988.979 | V26: =+U26-T26 -> -162.38485
D27: 원주 | E27: =+[5]원주!$Q$85 -> 107900 | F27: =+[5]원주!$R$85 -> 108943.59 | G27: =+F27-E27 -> 1043.5925 | H27: =+[5]원주!$Q$20 -> 56419.046 | I27: =+[5]원주!$R$20 -> 59221.255 | J27: =+I27-H27 -> 2802.2088 | K27: =+[5]원주!$Q$21 -> 16191.587 | L27: =+[5]원주!$R$21 -> 14362.287 | M27: =+L27-K27 -> -1829.2997 | N27: =+[5]원주!$Q$22 -> 250 | O27: =+[5]원주!$R$22 -> 323.26659 | P27: =+O27-N27 -> 73.266595 | Q27: =H27+K27+N27 -> 72860.633 | R27: =I27+L27+O27 -> 73906.808 | S27: =+R27-Q27 -> 1046.1757 | T27: =+E27-Q27 -> 35039.367 | U27: =+F27-R27 -> 35036.784 | V27: =+U27-T27 -> -2.5831268
D28: 제주 | E28: =+[5]제주!$Q$85 -> 126800 | F28: =+[5]제주!$R$85 -> 120254.04 | G28: =+F28-E28 -> -6545.9573 | H28: =+[5]제주!$Q$20 -> 74586.862 | I28: =+[5]제주!$R$20 -> 73924.968 | J28: =+I28-H28 -> -661.8934 | K28: =+[5]제주!$Q$21 -> 16626.41 | L28: =+[5]제주!$R$21 -> 16894.829 | M28: =+L28-K28 -> 268.41885 | N28: =+[5]제주!$Q$22 -> 0 | O28: =+[5]제주!$R$22 -> 313.31481 | P28: =+O28-N28 -> 313.31481 | Q28: =H28+K28+N28 -> 91213.272 | R28: =I28+L28+O28 -> 91133.112 | S28: =+R28-Q28 -> -80.159729 | T28: =+E28-Q28 -> 35586.728 | U28: =+F28-R28 -> 29120.931 | V28: =+U28-T28 -> -6465.7976

Sheet 재료비단가
D4: □ 2024년 레미콘 원재료단가(2024-10)
D6: 구분 | E6: OPC (원/톤) | H6: SC (원/톤) | K6: SP (원/톤) | N6: FA (원/톤) | Q6: 자갈 (원/톤) | T6: 모래 (원/톤)
E7: 계획 | F7: 실적 | G7: 차이 | H7: 계획 | I7: 실적 | J7: 차이 | K7: 계획 | L7: 실적 | M7: 차이 | N7: 계획 | O7: 실적 | P7: 차이 | Q7: 계획 | R7: 실적 | S7: 차이 | T7: 계획 | U7: 실적 | V7: 차이
D8: 평균 | E8: =+[5]합계!$G$9 -> 100529.44 | F8: =+[5]합계!$H$9 -> 100083.14 | G8: =+F8-E8 -> -446.29674 | H8: =+[5]합계!$G$10 -> 91188.39 | I8: =+[5]합계!$H$10 -> 95557.999 | J8: =+I8-H8 -> 4369.6088 | K8: =+[5]합계!$G$12 -> 64063.193 | L8: =+[5]합계!$H$12 -> 63533.181 | M8: =+L8-K8 -> -530.01144 | N8: =+[5]합계!$G$13 -> 40422.026 | O8: =+[5]합계!$H$13 -> 39120.397 | P8: =+O8-N8 -> -1301.6291 | Q8: =+[5]합계!$G$16 -> 12728.001 | R8: =+[5]합계!$H$16 -> 13084.927 | S8: =+R8-Q8 -> 356.92551 | T8: =+[5]합계!$G$17 -> 15872.297 | U8: =+[5]합계!$H$17 -> 15634.163 | V8: =+U8-T8 -> -238.13481
D9: 수도권 | E9: =+[5]수도권!$G$9 -> 100000 | F9: =+[5]수도권!$H$9 -> 99848.077 | G9: =+F9-E9 -> -151.92336 | H9: =+[5]수도권!$G$10 -> 92954.014 | I9: =+[5]수도권!$H$10 -> 99582.697 | J9: =+I9-H9 -> 6628.6832 | K9: =+[5]수도권!$G$12 -> 64295.55 | L9: =+[5]수도권!$H$12 -> 64081.085 | M9: =+L9-K9 -> -214.46516 | N9: =+[5]수도권!$G$13 -> 45167.937 | O9: =+[5]수도권!$H$13 -> 42507.279 | P9: =+O9-N9 -> -2660.6578 | Q9: =+[5]수도권!$G$16 -> 15346.715 | R9: =+[5]수도권!$H$16 -> 15782.285 | S9: =+R9-Q9 -> 435.5706 | T9: =+[5]수도권!$G$17 -> 14785.672 | U9: =+[5]수도권!$H$17 -> 14159.992 | V9: =+U9-T9 -> -625.68058
D10: 영남권 | E10: =+[5]영남권!$G$9 -> 100000 | F10: =+[5]영남권!$H$9 -> 100009.58 | G10: =+F10-E10 -> 9.5821957 | H10: =+[5]영남권!$G$10 -> 92100 | I10: =+[5]영남권!$H$10 -> 93212.81 | J10: =+I10-H10 -> 1112.8095 | K10: =+[5]영남권!$G$12 -> 63640.677 | L10: =+[5]영남권!$H$12 -> 62762.717 | M10: =+L10-K10 -> -877.95986 | N10: =+[5]영남권!$G$13 -> 35486.585 | O10: =+[5]영남권!$H$13 -> 35509.951 | P10: =+O10-N10 -> 23.366178 | Q10: =+[5]영남권!$G$16 -> 10396.176 | R10: =+[5]영남권!$H$16 -> 11140.279 | S10: =+R10-Q10 -> 744.10342 | T10: =+[5]영남권!$G$17 -> 17381.838 | U10: =+[5]영남권!$H$17 -> 17494.927 | V10: =+U10-T10 -> 113.08923
D11: 기타권 | E11: =+[5]중부권!$G$9 -> 102709.46 | F11: =+[5]중부권!$H$9 -> 100571.44 | G11: =+F11-E11 -> -2138.0147 | H11: =+[5]중부권!$G$10 -> 87899.341 | I11: =+[5]중부권!$H$10 -> 104649.39 | J11: =+I11-H11 -> 16750.05 | K11: =+[5]중부권!$G$12 -> 64695.478 | L11: =+[5]중부권!$H$12 -> 64661.369 | M11: =+L11-K11 -> -34.108934 | N11: =+[5]중부권!$G$13 -> 41265.068 | O11: =+[5]중부권!$H$13 -> 40301.276 | P11: =+O11-N11 -> -963.79206 | Q11: =+[5]중부권!$G$16 -> 12564.678 | R11: =+[5]중부권!$H$16 -> 12432.171 | S11: =+R11-Q11 -> -132.50647 | T11: =+[5]중부권!$G$17 -> 14578.376 | U11: =+[5]중부권!$H$17 -> 14147.574 | V11: =+U11-T11 -> -430.80184
D12: 안양 | E12: =+[5]안양!$G$9 -> 100000 | F12: =+[5]안양!$H$9 -> 99711.299 | G12: =+F12-E12 -> -288.70083 | H12: =+[5]안양!$G$10 -> 87100 | I12: =+[5]안양!$H$10 -> 102199.99 | J12: =+I12-H12 -> 15099.987 | K12: =+[5]안양!$G$12 -> 64000 | L12: =+[5]안양!$H$12 -> 64112.295 | M12: =+L12-K12 -> 112.29469 | N12: =+[5]안양!$G$13 -> 45000 | O12: =+[5]안양!$H$13 -> 44949.953 | P12: =+O12-N12 -> -50.047138 | Q12: =+[5]안양!$G$16 -> 15333.333 | R12: =+[5]안양!$H$16 -> 16023.747 | S12: =+R12-Q12 -> 690.41376 | T12: =+[5]안양!$G$17 -> 15161.29 | U12: =+[5]안양!$H$17 -> 15308.306 | V12: =+U12-T12 -> 147.01545
D13: 인천 | E13: =+[5]인천!$G$9 -> 100000 | F13: =+[5]인천!$H$9 -> 99845.004 | G13: =+F13-E13 -> -154.99611 | H13: =+[5]인천!$G$10 -> 99500 | I13: =+[5]인천!$H$10 -> 98244.126 | J13: =+I13-H13 -> -1255.8739 | K13: =+[5]인천!$G$12 -> 64500 | L13: =+[5]인천!$H$12 -> 64466.889 | M13: =+L13-K13 -> -33.111094 | N13: =+[5]인천!$G$13 -> 45000 | O13: =+[5]인천!$H$13 -> 39561.889 | P13: =+O13-N13 -> -5438.1112 | Q13: =+[5]인천!$G$16 -> 15733.333 | R13: =+[5]인천!$H$16 -> 15554.6 | S13: =+R13-Q13 -> -178.73347 | T13: =+[5]인천!$G$17 -> 15503.982 | U13: =+[5]인천!$H$17 -> 14413.249 | V13: =+U13-T13 -> -1090.7335
D14: 파주 | E14: =+[5]파주!$G$9 -> 100000 | F14: =+[5]파주!$H$9 -> 100000 | G14: =+F14-E14 -> -0.00027616156 | H14: =+[5]파주!$G$10 -> 0 | I14: =+[5]파주!$H$10 -> 99876.468 | J14: =+I14-H14 -> 99876.468 | K14: =+[5]파주!$G$12 -> 64500 | L14: =+[5]파주!$H$12 -> 63653.382 | M14: =+L14-K14 -> -846.61841 | N14: =+[5]파주!$G$13 -> 45000 | O14: =+[5]파주!$H$13 -> 43403.14 | P14: =+O14-N14 -> -1596.8599 | Q14: =+[5]파주!$G$16 -> 15266.667 | R14: =+[5]파주!$H$16 -> 16158.55 | S14: =+R14-Q14 -> 891.8835 | T14: =+[5]파주!$G$17 -> 13419.355 | U14: =+[5]파주!$H$17 -> 12401.771 | V14: =+U14-T14 -> -1017.5839
D15: 김포 | E15: =+[5]김포!$G$9 -> 100000 | F15: =+[5]김포!$H$9 -> 100000 | G15: =+F15-E15 -> -0.00033684097 | H15: =+[5]김포!$G$10 -> 0 | I15: =+[5]김포!$H$10 -> 0 | J15: =+I15-H15 -> 0 | K15: =+[5]김포!$G$12 -> 64300 | L15: =+[5]김포!$H$12 -> 63859.805 | M15: =+L15-K15 -> -440.19463 | N15: =+[5]김포!$G$13 -> 46000 | O15: =+[5]김포!$H$13 -> 40174.997 | P15: =+O15-N15 -> -5825.0029 | Q15: =+[5]김포!$G$16 -> 14666.667 | R15: =+[5]김포!$H$16 -> 14761.775 | S15: =+R15-Q15 -> 95.107897 | T15: =+[5]김포!$G$17 -> 14436.324 | U15: =+[5]김포!$H$17 -> 14123.948 | V15: =+U15-T15 -> -312.37509
D16: 부산 | E16: =+[5]부산!$G$9 -> 100000 | F16: =+[5]부산!$H$9 -> 100000.47 | G16: =+F16-E16 -> 0.46883696 | H16: =+[5]부산!$G$10 -> 92100 | I16: =+[5]부산!$H$10 -> 93837.787 | J16: =+I16-H16 -> 1737.7868 | K16: =+[5]부산!$G$12 -> 65000 | L16: =+[5]부산!$H$12 -> 0 | M16: =+L16-K16 -> -65000 | N16: =+[5]부산!$G$13 -> 36500 | O16: =+[5]부산!$H$13 -> 36500.011 | P16: =+O16-N16 -> 0.010678733 | Q16: =+[5]부산!$G$16 -> 10736.426 | R16: =+[5]부산!$H$16 -> 11733.942 | S16: =+R16-Q16 -> 997.51649 | T16: =+[5]부산!$G$17 -> 17414.046 | U16: =+[5]부산!$H$17 -> 18612.615 | V16: =+U16-T16 -> 1198.5693
D17: 서부산 | E17: =+[5]서부산!$G$9 -> 100000 | F17: =+[5]서부산!$H$9 -> 100018.15 | G17: =+F17-E17 -> 18.152378 | H17: =+[5]서부산!$G$10 -> 92100 | I17: =+[5]서부산!$H$10 -> 92099.94 | J17: =+I17-H17 -> -0.059607658 | K17: =+[5]서부산!$G$12 -> 65000 | L17: =+[5]서부산!$H$12 -> 65398.852 | M17: =+L17-K17 -> 398.8518 | N17: =+[5]서부산!$G$13 -> 35200 | O17: =+[5]서부산!$H$13 -> 35401.415 | P17: =+O17-N17 -> 201.41464 | Q17: =+[5]서부산!$G$16 -> 10666.667 | R17: =+[5]서부산!$H$16 -> 12205.143 | S17: =+R17-Q17 -> 1538.4766 | T17: =+[5]서부산!$G$17 -> 17671.323 | U17: =+[5]서부산!$H$17 -> 18551.103 | V17: =+U17-T17 -> 879.7798
D18: 김해 | E18: =+[5]김해!$G$9 -> 100000 | F18: =+[5]김해!$H$9 -> 100000 | G18: =+F18-E18 -> 0 | H18: =+[5]김해!$G$10 -> 92100 | I18: =+[5]김해!$H$10 -> 92099.997 | J18: =+I18-H18 -> -0.0033692528 | K18: =+[5]김해!$G$12 -> 64000 | L18: =+[5]김해!$H$12 -> 63568.373 | M18: =+L18-K18 -> -431.62728 | N18: =+[5]김해!$G$13 -> 35000 | O18: =+[5]김해!$H$13 -> 35000.037 | P18: =+O18-N18 -> 0.036902757 | Q18: =+[5]김해!$G$16 -> 9426.6667 | R18: =+[5]김해!$H$16 -> 9207.3079 | S18: =+R18-Q18 -> -219.35875 | T18: =+[5]김해!$G$17 -> 17730.479 | U18: =+[5]김해!$H$17 -> 15801.766 | V18: =+U18-T18 -> -1928.7133
D19: 정관 | E19: =+[5]정관!$G$9 -> 100000 | F19: =+[5]정관!$H$9 -> 100047.25 | G19: =+F19-E19 -> 47.25387 | H19: =+[5]정관!$G$10 -> 92100 | I19: =+[5]정관!$H$10 -> 92100.003 | J19: =+I19-H19 -> 0.0028042965 | K19: =+[5]정관!$G$12 -> 63500 | L19: =+[5]정관!$H$12 -> 62130.505 | M19: =+L19-K19 -> -1369.4948 | N19: =+[5]정관!$G$13 -> 35500 | O19: =+[5]정관!$H$13 -> 35500.008 | P19: =+O19-N19 -> 0.0076544089 | Q19: =+[5]정관!$G$16 -> 10733.333 | R19: =+[5]정관!$H$16 -> 11391.583 | S19: =+R19-Q19 -> 658.24931 | T19: =+[5]정관!$G$17 -> 18315.171 | U19: =+[5]정관!$H$17 -> 18899.659 | V19: =+U19-T19 -> 584.48841
D20: 양산 | E20: =+[5]양산!$G$9 -> 100000 | F20: =+[5]양산!$H$9 -> 99983.077 | G20: =+F20-E20 -> -16.923323 | H20: =+[5]양산!$G$10 -> 92100 | I20: =+[5]양산!$H$10 -> 102200 | J20: =+I20-H20 -> 10099.999 | K20: =+[5]양산!$G$12 -> 63000 | L20: =+[5]양산!$H$12 -> 62513.064 | M20: =+L20-K20 -> -486.93598 | N20: =+[5]양산!$G$13 -> 36000 | O20: =+[5]양산!$H$13 -> 35999.997 | P20: =+O20-N20 -> -0.0030833639 | Q20: =+[5]양산!$G$16 -> 9066.6667 | R20: =+[5]양산!$H$16 -> 9585.9032 | S20: =+R20-Q20 -> 519.23649 | T20: =+[5]양산!$G$17 -> 17446.695 | U20: =+[5]양산!$H$17 -> 16704.557 | V20: =+U20-T20 -> -742.13838
D21: 창원 | E21: =+[5]창원!$G$9 -> 100000 | F21: =+[5]창원!$H$9 -> 100000 | G21: =+F21-E21 -> 0.00029974911 | H21: =+[5]창원!$G$10 -> 0 | I21: =+[5]창원!$H$10 -> 0 | J21: =+I21-H21 -> 0 | K21: =+[5]창원!$G$12 -> 65000 | L21: =+[5]창원!$H$12 -> 65012.268 | M21: =+L21-K21 -> 12.268394 | N21: =+[5]창원!$G$13 -> 33000 | O21: =+[5]창원!$H$13 -> 33000.002 | P21: =+O21-N21 -> 0.0018820066 | Q21: =+[5]창원!$G$16 -> 10400 | R21: =+[5]창원!$H$16 -> 11266.666 | S21: =+R21-Q21 -> 866.66618 | T21: =+[5]창원!$G$17 -> 17019.617 | U21: =+[5]창원!$H$17 -> 17260.988 | V21: =+U21-T21 -> 241.37116
D22: 대구 | E22: =+[5]대구!$G$9 -> 100000 | F22: =+[5]대구!$H$9 -> 100000 | G22: =+F22-E22 -> 0 | H22: =+[5]대구!$G$10 -> 0 | I22: =+[5]대구!$H$10 -> 0 | J22: =+I22-H22 -> 0 | K22: =+[5]대구!$G$12 -> 62500 | L22: =+[5]대구!$H$12 -> 60946.89 | M22: =+L22-K22 -> -1553.1097 | N22: =+[5]대구!$G$13 -> 35500 | O22: =+[5]대구!$H$13 -> 35417.447 | P22: =+O22-N22 -> -82.553267 | Q22: =+[5]대구!$G$16 -> 10466.667 | R22: =+[5]대구!$H$16 -> 11125.876 | S22: =+R22-Q22 -> 659.20892 | T22: =+[5]대구!$G$17 -> 14718.131 | U22: =+[5]대구!$H$17 -> 14278.266 | V22: =+U22-T22 -> -439.86527
D23: 울산 | E23: =+[5]울산!$G$9 -> 100000 | F23: =+[5]울산!$H$9 -> 100000.4 | G23: =+F23-E23 -> 0.40440721 | H23: =+[5]울산!$G$10 -> 0 | I23: =+[5]울산!$H$10 -> 0 | J23: =+I23-H23 -> 0 | K23: =+[5]울산!$G$12 -> 61300 | L23: =+[5]울산!$H$12 -> 60226.437 | M23: =+L23-K23 -> -1073.5626 | N23: =+[5]울산!$G$13 -> 37000 | O23: =+[5]울산!$H$13 -> 37000.009 | P23: =+O23-N23 -> 0.0086589859 | Q23: =+[5]울산!$G$16 -> 10913.333 | R23: =+[5]울산!$H$16 -> 11323.002 | S23: =+R23-Q23 -> 409.66871 | T23: =+[5]울산!$G$17 -> 19035.061 | U23: =+[5]울산!$H$17 -> 19342.746 | V23: =+U23-T23 -> 307.68453
D24: 아산 | E24: =+[5]아산!$G$9 -> 100000 | F24: =+[5]아산!$H$9 -> 100036.82 | G24: =+F24-E24 -> 36.817663 | H24: =+[5]아산!$G$10 -> 87100 | I24: =+[5]아산!$H$10 -> 86599.948 | J24: =+I24-H24 -> -500.05154 | K24: =+[5]아산!$G$12 -> 64500 | L24: =+[5]아산!$H$12 -> 64509.916 | M24: =+L24-K24 -> 9.9157589 | N24: =+[5]아산!$G$13 -> 42000 | O24: =+[5]아산!$H$13 -> 39253.003 | P24: =+O24-N24 -> -2746.9974 | Q24: =+[5]아산!$G$16 -> 10933.333 | R24: =+[5]아산!$H$16 -> 11357.785 | S24: =+R24-Q24 -> 424.45192 | T24: =+[5]아산!$G$17 -> 13742.308 | U24: =+[5]아산!$H$17 -> 13163.355 | V24: =+U24-T24 -> -578.95313
D25: 전주 | E25: =+[5]전주!$G$9 -> 100000 | F25: =+[5]전주!$H$9 -> 99909.998 | G25: =+F25-E25 -> -90.002056 | H25: =+[5]전주!$G$10 -> 93100 | I25: =+[5]전주!$H$10 -> 97401.162 | J25: =+I25-H25 -> 4301.1617 | K25: =+[5]전주!$G$12 -> 65000 | L25: =+[5]전주!$H$12 -> 64999.989 | M25: =+L25-K25 -> -0.010665406 | N25: =+[5]전주!$G$13 -> 36000 | O25: =+[5]전주!$H$13 -> 36000.065 | P25: =+O25-N25 -> 0.065048779 | Q25: =+[5]전주!$G$16 -> 12533.333 | R25: =+[5]전주!$H$16 -> 12951.963 | S25: =+R25-Q25 -> 418.62952 | T25: =+[5]전주!$G$17 -> 14400.126 | U25: =+[5]전주!$H$17 -> 15114.955 | V25: =+U25-T25 -> 714.82963
D26: 군산 | E26: =+[5]군산!$G$9 -> 100000 | F26: =+[5]군산!$H$9 -> 100000 | G26: =+F26-E26 -> 0 | H26: =+[5]군산!$G$10 -> 95000 | I26: =+[5]군산!$H$10 -> 93186.179 | J26: =+I26-H26 -> -1813.8208 | K26: =+[5]군산!$G$12 -> 64900 | L26: =+[5]군산!$H$12 -> 64897.258 | M26: =+L26-K26 -> -2.7415007 | N26: =+[5]군산!$G$13 -> 37500 | O26: =+[5]군산!$H$13 -> 39912.011 | P26: =+O26-N26 -> 2412.0105 | Q26: =+[5]군산!$G$16 -> 13666.667 | R26: =+[5]군산!$H$16 -> 14152.953 | S26: =+R26-Q26 -> 486.28666 | T26: =+[5]군산!$G$17 -> 14837.33 | U26: =+[5]군산!$H$17 -> 15229.722 | V26: =+U26-T26 -> 392.39219
D27: 원주 | E27: =+[5]원주!$G$9 -> 100000 | F27: =+[5]원주!$H$9 -> 100000 | G27: =+F27-E27 -> 0 | H27: =+[5]원주!$G$10 -> 0 | I27: =+[5]원주!$H$10 -> 0 | J27: =+I27-H27 -> 0 | K27: =+[5]원주!$G$12 -> 64000 | L27: =+[5]원주!$H$12 -> 63999.591 | M27: =+L27-K27 -> -0.40855083 | N27: =+[5]원주!$G$13 -> 49000 | O27: =+[5]원주!$H$13 -> 49000 | P27: =+O27-N27 -> 0.00025345751 | Q27: =+[5]원주!$G$16 -> 13666.667 | R27: =+[5]원주!$H$16 -> 13683.608 | S27: =+R27-Q27 -> 16.941344 | T27: =+[5]원주!$G$17 -> 13419.355 | U27: =+[5]원주!$H$17 -> 13732.354 | V27: =+U27-T27 -> 312.9996
D28: 제주 | E28: =+[5]제주!$G$9 -> 117000 | F28: =+[5]제주!$H$9 -> 117000.01 | G28: =+F28-E28 -> 0.0067987642 | H28: =+[5]제주!$G$10 -> 0 | I28: =+[5]제주!$H$10 -> 117000 | J28: =+I28-H28 -> 117000 | K28: =+[5]제주!$G$12 -> 0 | L28: =+[5]제주!$H$12 -> 0 | M28: =+L28-K28 -> 0 | N28: =+[5]제주!$G$13 -> 0 | O28: =+[5]제주!$H$13 -> 0 | P28: =+O28-N28 -> 0 | Q28: =+[5]제주!$G$16 -> 18143.333 | R28: =+[5]제주!$H$16 -> 17646.277 | S28: =+R28-Q28 -> -497.05667 | T28: =+[5]제주!$G$17 -> 18359.608 | U28: =+[5]제주!$H$17 -> 18529.525 | V28: =+U28-T28 -> 169.91647

Sheet 원단위
D4: □ 레미콘 원재료 원단위(2024-10)
V5: [단위 : kg/㎥]
D6: 구분 | E6: OPC | H6: 분체류 | K6: 분체류 치환률 | N6: 자갈 | Q6: 모래 | T6: 혼화제
E7: 계획 | F7: 실적 | G7: 차이 | H7: 계획 | I7: 실적 | J7: 차이 | K7: 계획 | L7: 실적 | M7: 차이 | N7: 계획 | O7: 실적 | P7: 차이 | Q7: 계획 | R7: 실적 | S7: 차이 | T7: 계획 | U7: 실적 | V7: 차이
