Workbook

Sheet 표지
A6: 2024년 5월 마감 손익
A24: 건재사업본부

Sheet 손익총괄
C3: □ 건재사업본부 손익실적(2024-05) | Z3: □ 건재부문 실적(5월)
X4: [단위 : 천㎥, 톤, 원/㎥, 원/톤, 백만원] | AK4: (단위 : 천㎥, 천톤, 억원)
C5: 구분 | E5: 5월 | J5: 5월 누계 | P5: 5월 주요지표 | Z5: 구분 | AB5: =+E5 -> 5월 | AG5: =+J5 -> 5월 누계
E6: 계획 | F6: 실적 | G6: 계획대비 | H6: 전년 | I6: 전년대비 | J6: 계획 | K6: 실적 | L6: 계획대비 | M6: 전년 | N6: 전년대비 | AB6: =+E6 -> 계획 | AC6: =+F6 -> 실적 | AD6: =+G6 -> 계획대비 | AE6: =+H6 -> 전년 | AF6: =+I6 -> 전년대비 | AG6: =+J6 -> 계획 | AH6: =+K6 -> 실적 | AI6: =+L6 -> 계획대비 | ... AK6: =+N6 -> 전년대비
A7: =+F7/E7 -> 1.1055064 | B7: =+K7/J7 -> 1.0686217 | C7: 물량 | D7: 레미콘 | E7: =+'[1]5월'!$Z$7/1000 -> 314 | F7: =+'[2]5월'!$Z$7/1000 -> 347.129 | G7: =+F7-E7 -> 33.129 | H7: =+'[3]5월'!$Z$7/1000 -> 364.4015 | I7: =+F7-H7 -> -17.2725 | J7: =+[4]손익총괄!J7+E7 -> 1378.5 | K7: =+[4]손익총괄!K7+F7 -> 1473.095 | L7: =+K7-J7 -> 94.595 | M7: =+[4]손익총괄!M7+H7 -> 1644.049 | N7: =+K7-M7 -> -170.954 | Q7: □ 레미콘 | Z7: 물량 | AA7: =+D7 -> 레미콘 | AB7: =+E7 -> 314 | AC7: =+F7 -> 347.129 | AD7: =+AC7-AB7 -> 33.129 | AE7: =+H7 -> 364.4015 | AF7: =+AC7-AE7 -> -17.2725 | AG7: =+J7 -> 1378.5 | AH7: =+K7 -> 1473.095 | AI7: =+AH7-AG7 -> 94.595 | AJ7: =+M7 -> 1644.049 | AK7: =+AH7-AJ7 -> -170.954
D8: 철강재 | E8: =+'[1]5월'!$AA$7 -> 7600 | F8: =+'[2]5월'!$AO$7 -> 9787.441 | G8: =+F8-E8 -> 2187.441 | H8: =+'[3]5월'!$AO$7 -> 7344.996 | I8: =+F8-H8 -> 2442.445 | J8: =+[4]손익총괄!J8+E8 -> 35500 | K8: =+[4]손익총괄!K8+F8 -> 40097.987 | L8: =+K8-J8 -> 4597.987 | M8: =+[4]손익총괄!M8+H8 -> 41870.298 | N8: =+K8-M8 -> -1772.311 | Q8: 구분 | S8: 계획 | T8: 실적 | U8: 계획대비 | V8: 전년 | W8: 전년대비 | AA8: =+D8 -> 철강재 | AB8: =+E8/1000 -> 7.6 | AC8: =+F8/1000 -> 9.787441 | AD8: =+AC8-AB8 -> 2.187441 | AE8: =+H8/1000 -> 7.344996 | AF8: =+AC8-AE8 -> 2.442445 | AG8: =+J8/1000 -> 35.5 | AH8: =+K8/1000 -> 40.097987 | AI8: =+AH8-AG8 -> 4.597987 | AJ8: =+M8/1000 -> 41.870298 | AK8: =+AH8-AJ8 -> -1.772311
D9: 골재 | E9: =+'[1]5월'!$AE$7/1000 -> 121.05541 | F9: =+'[2]5월'!$AN$7/1000 -> 99.315 | G9: =+F9-E9 -> -21.740415 | H9: =+'[3]5월'!$AN$7/1000 -> 67.558 | I9: =+F9-H9 -> 31.757 | J9: =+[4]손익총괄!J9+E9 -> 380.22378 | K9: =+[4]손익총괄!K9+F9 -> 420.375 | L9: =+K9-J9 -> 40.151225 | M9: =+[4]손익총괄!M9+H9 -> 312.89 | N9: =+K9-M9 -> 107.485 | Q9: 물량 | R9: 수도권 | S9: =+[5]수도권!$T$5/1000 -> 125.5 | T9: =+[5]수도권!$U$5/1000 -> 120.114 | U9: =+T9-S9 -> -5.386 | V9: =+[6]수도권!$T$5/1000 -> 151.045 | W9: =+T9-V9 -> -30.931 | AA9: =+D9 -> 골재 | AB9: =+E9 -> 121.05541 | AC9: =+F9 -> 99.315 | AD9: =+AC9-AB9 -> -21.740415 | AE9: =+H9 -> 67.558 | AF9: =+AC9-AE9 -> 31.757 | AG9: =+J9 -> 380.22378 | AH9: =+K9 -> 420.375 | AI9: =+AH9-AG9 -> 40.151225 | AJ9: =+M9 -> 312.89 | AK9: =+AH9-AJ9 -> 107.485
C10: 매출 | D10: 레미콘 | E10: =+'[1]5월'!$Z$8/1000 -> 32099.301 | F10: =+'[2]5월'!$Z$8/1000 -> 35125.944 | G10: =+F10-E10 -> 3026.6423 | H10: =+'[3]5월'!$Z$8/1000 -> 35821.723 | I10: =+F10-H10 -> -695.77882 | J10: =+[4]손익총괄!J10+E10 -> 139759.55 | K10: =+[4]손익총괄!K10+F10 -> 149461.82 | L10: =+K10-J10 -> 9702.2703 | M10: =+[4]손익총괄!M10+H10 -> 155858.27 | N10: =+K10-M10 -> -6396.4468 | R10: 영남권 | S10: =+[5]영남권!$T$5/1000 -> 132 | T10: =+[5]영남권!$U$5/1000 -> 158.134 | U10: =+T10-S10 -> 26.134 | V10: =+[6]영남권!$T$5/1000 -> 145.6445 | W10: =+T10-V10 -> 12.4895 | Z10: 매출액 | AA10: =+D10 -> 레미콘 | AB10: =+E10/100 -> 320.99301 | AC10: =+F10/100 -> 351.25944 | AD10: =+AC10-AB10 -> 30.266423 | AE10: =+H10/100 -> 358.21723 | AF10: =+AC10-AE10 -> -6.9577882 | AG10: =+J10/100 -> 1397.5955 | AH10: =+K10/100 -> 1494.6182 | AI10: =+AH10-AG10 -> 97.022703 | AJ10: =+M10/100 -> 1558.5827 | AK10: =+AH10-AJ10 -> -63.964468
D11: 건자재 | E11: =+'[1]5월'!$AA$8/1000 -> 9285.6884 | F11: =+'[2]5월'!$AO$8/1000 -> 9774.8209 | G11: =+F11-E11 -> 489.13246 | H11: =+'[3]5월'!$AO$8/1000 -> 9029.1236 | I11: =+F11-H11 -> 745.69729 | J11: =+[4]손익총괄!J11+E11 -> 43422.461 | K11: =+[4]손익총괄!K11+F11 -> 41530.393 | L11: =+K11-J11 -> -1892.0677 | M11: =+[4]손익총괄!M11+H11 -> 50400.813 | N11: =+K11-M11 -> -8870.4199 | R11: 중부권 | S11: =+[5]중부권!$T$5/1000 -> 56.5 | T11: =+[5]중부권!$U$5/1000 -> 68.881 | U11: =+T11-S11 -> 12.381 | V11: =+[6]중부권!$T$5/1000 -> 67.712 | W11: =+T11-V11 -> 1.169 | AA11: =+D11 -> 건자재 | AB11: =+E11/100 -> 92.856884 | AC11: =+F11/100 -> 97.748209 | AD11: =+AC11-AB11 -> 4.8913246 | AE11: =+H11/100 -> 90.291236 | AF11: =+AC11-AE11 -> 7.4569729 | AG11: =+J11/100 -> 434.22461 | AH11: =+K11/100 -> 415.30393 | AI11: =+AH11-AG11 -> -18.920677 | AJ11: =+M11/100 -> 504.00813 | AK11: =+AH11-AJ11 -> -88.704199
D12: 골재 | E12: =+'[1]5월'!$AE$8/1000 -> 2182.0862 | F12: =+'[2]5월'!$AN$8/1000 -> 1975.778 | G12: =+F12-E12 -> -206.30819 | H12: =+'[3]5월'!$AN$8/1000 -> 1320.446 | I12: =+F12-H12 -> 655.332 | J12: =+[4]손익총괄!J12+E12 -> 7746.3091 | K12: =+[4]손익총괄!K12+F12 -> 8504.2076 | L12: =+K12-J12 -> 757.89848 | M12: =+[4]손익총괄!M12+H12 -> 5965.7549 | N12: =+K12-M12 -> 2538.4527 | Q12: 계 | S12: =SUM(S9:S11) -> 314 | T12: =SUM(T9:T11) -> 347.129 | U12: =+T12-S12 -> 33.129 | V12: =SUM(V9:V11) -> 364.4015 | W12: =+T12-V12 -> -17.2725 | AA12: =+D12 -> 골재 | AB12: =+E12/100 -> 21.820862 | AC12: =+F12/100 -> 19.75778 | AD12: =+AC12-AB12 -> -2.0630819 | AE12: =+H12/100 -> 13.20446 | AF12: =+AC12-AE12 -> 6.55332 | AG12: =+J12/100 -> 77.463091 | AH12: =+K12/100 -> 85.042076 | AI12: =+AH12-AG12 -> 7.5789848 | AJ12: =+M12/100 -> 59.657549 | AK12: =+AH12-AJ12 -> 25.384527
D13: 기타 | E13: =+'[1]5월'!$E$8/1000-E10-E11-E12 -> 164.9075 | F13: =+'[2]5월'!$F$8/1000-F10-F11-F12 -> 166.22714 | G13: =+F13-E13 -> 1.3196357 | H13: =+'[3]5월'!$F$8/1000-H10-H11-H12 -> 330.12234 | I13: =+F13-H13 -> -163.8952 | J13: =+[4]손익총괄!J13+E13 -> 824.5375 | K13: =+[4]손익총괄!K13+F13 -> 825.58077 | L13: =+K13-J13 -> 1.0432663 | M13: =+[4]손익총괄!M13+H13 -> 1027.6547 | N13: =+K13-M13 -> -202.07393 | Q13: 판매단가 | R13: 수도권 | S13: =+[5]수도권!$T$61 -> 100452.98 | T13: =+[5]수도권!$U$61 -> 99353.382 | U13: =+T13-S13 -> -1099.6013 | V13: =+[6]수도권!$Q$85 -> 95385.129 | W13: =+T13-V13 -> 3968.2529 | AA13: =+D13 -> 기타 | AB13: =+E13/100 -> 1.649075 | AC13: =+F13/100 -> 1.6622714 | AD13: =+AC13-AB13 -> 0.013196357 | AE13: =+H13/100 -> 3.3012234 | AF13: =+AC13-AE13 -> -1.638952 | AG13: =+J13/100 -> 8.245375 | AH13: =+K13/100 -> 8.2558077 | AI13: =+AH13-AG13 -> 0.010432663 | AJ13: =+M13/100 -> 10.276547 | AK13: =+AH13-AJ13 -> -2.0207393
A14: =+F14/E14 -> 1.0757063 | B14: =+K14/J14 -> 1.0446885 | C14: 계 | E14: =SUM(E10:E13) -> 43731.984 | F14: =SUM(F10:F13) -> 47042.77 | G14: =+F14-E14 -> 3310.7862 | H14: =SUM(H10:H13) -> 46501.414 | I14: =+F14-H14 -> 541.35527 | J14: =SUM(J10:J13) -> 191752.86 | K14: =SUM(K10:K13) -> 200322.01 | L14: =+K14-J14 -> 8569.1443 | M14: =SUM(M10:M13) -> 213252.49 | N14: =+K14-M14 -> -12930.488 | R14: 영남권 | S14: =+[5]영남권!$T$61 -> 102187.09 | T14: =+[5]영남권!$U$61 -> 100729.73 | U14: =+T14-S14 -> -1457.3602 | V14: =+[6]영남권!$Q$85 -> 99395.409 | W14: =+T14-V14 -> 1334.324 | AA14: 계 | AB14: =SUM(AB10:AB13) -> 437.31984 | AC14: =SUM(AC10:AC13) -> 470.4277 | AD14: =+AC14-AB14 -> 33.107862 | AE14: =SUM(AE10:AE13) -> 465.01414 | AF14: =+AC14-AE14 -> 5.4135527 | AG14: =SUM(AG10:AG13) -> 1917.5286 | AH14: =SUM(AH10:AH13) -> 2003.2201 | AI14: =+AH14-AG14 -> 85.691443 | AJ14: =SUM(AJ10:AJ13) -> 2132.5249 | AK14: =+AH14-AJ14 -> -129.30488
C15: 매출원가 | D15: 레미콘 | E15: =+('[1]5월'!$Z$10+'[1]5월'!$Z$19)/1000 -> 26262.49 | F15: =+('[2]5월'!$Z$10+'[2]5월'!$Z$19)/1000 -> 29394.123 | G15: =+F15-E15 -> 3131.6329 | H15: =+('[3]5월'!$Z$10+'[3]5월'!$Z$19)/1000 -> 28329.41 | I15: =+F15-H15 -> 1064.7136 | J15: =+[4]손익총괄!J15+E15 -> 118019.71 | K15: =+[4]손익총괄!K15+F15 -> 128726.38 | L15: =+K15-J15 -> 10706.665 | M15: =+[4]손익총괄!M15+H15 -> 128663.02 | N15: =+K15-M15 -> 63.354879 | R15: 중부권 | S15: =+[5]중부권!$T$61 -> 106261.16 | T15: =+[5]중부권!$U$61 -> 105549.17 | U15: =+T15-S15 -> -711.9888 | V15: =+[6]중부권!$Q$85 -> 102538.02 | W15: =+T15-V15 -> 3011.1507 | Z15: 영업이익 | AA15: =+D30 -> 레미콘 | AB15: =+E30/100 -> 51.87057 | AC15: =+F30/100 -> 50.627821 | AD15: =+AC15-AB15 -> -1.2427489 | AE15: =+H30/100 -> 68.29182 | AF15: =+AC15-AE15 -> -17.663999 | AG15: =+J30/100 -> 184.29961 | AH15: =+K30/100 -> 174.11416 | AI15: =+AH15-AG15 -> -10.185452 | AJ15: =+M30/100 -> 238.68507 | AK15: =+AH15-AJ15 -> -64.570915
D16: 건자재 | E16: =+('[1]5월'!$AA$10+'[1]5월'!$AA$19)/1000 -> 9048.0626 | F16: =+('[2]5월'!$AO$10+'[2]5월'!$AO$19)/1000 -> 9519.8983 | G16: =+F16-E16 -> 471.83575 | H16: =+('[3]5월'!$AO$10+'[3]5월'!$AO$19)/1000 -> 8861.8125 | I16: =+F16-H16 -> 658.08581 | J16: =+[4]손익총괄!J16+E16 -> 42310.511 | K16: =+[4]손익총괄!K16+F16 -> 40578.709 | L16: =+K16-J16 -> -1731.802 | M16: =+[4]손익총괄!M16+H16 -> 49421.318 | N16: =+K16-M16 -> -8842.609 | Q16: 계 | S16: =+[5]합계!$T$61 -> 102227.07 | T16: =+[5]합계!$U$61 -> 101219.55 | U16: =+T16-S16 -> -1007.5208 | V16: =+[6]합계!$Q$85 -> 98307.132 | W16: =+T16-V16 -> 2912.4218 | AA16: =+D31 -> % | AB16: =+E31 -> 0.16159408 | AC16: =+F31 -> 0.14413227 | AD16: =+AC16-AB16 -> -0.017461805 | AE16: =+H31 -> 0.1906436 | AF16: =+AC16-AE16 -> -0.046511323 | AG16: =+J31 -> 0.13186906 | AH16: =+K31 -> 0.11649407 | AI16: =+AH16-AG16 -> -0.015374993 | AJ16: =+M31 -> 0.15314239 | AK16: =+AH16-AJ16 -> -0.036648318
D17: 골재 | E17: =+('[1]5월'!$AE$10+'[1]5월'!$AE$19)/1000 -> 1923.881 | F17: =+('[2]5월'!$AN$10+'[2]5월'!$AN$19)/1000 -> 1758.9883 | G17: =+F17-E17 -> -164.89275 | H17: =+('[3]5월'!$AN$10+'[3]5월'!$AN$19)/1000 -> 1144.3205 | I17: =+F17-H17 -> 614.66774 | J17: =+[4]손익총괄!J17+E17 -> 7047.2687 | K17: =+[4]손익총괄!K17+F17 -> 7535.7403 | L17: =+K17-J17 -> 488.47165 | M17: =+[4]손익총괄!M17+H17 -> 5245.7058 | N17: =+K17-M17 -> 2290.0345 | Q17: 공헌이익 | R17: 수도권 | S17: =+[5]수도권!$Q$90 -> 22934.524 | T17: =+[5]수도권!$R$90 -> 19119.781 | U17: =+T17-S17 -> -3814.7431 | V17: =+[6]수도권!$Q$90 -> 22765.68 | W17: =+T17-V17 -> -3645.8994 | AA17: =+D32 -> 건자재 | AB17: =+E32/100 -> 1.1354778 | AC17: =+F32/100 -> 1.2236803 | AD17: =+AC17-AB17 -> 0.088202437 | AE17: =+H32/100 -> 0.54266285 | AF17: =+AC17-AE17 -> 0.68101742 | AG17: =+J32/100 -> 4.8125683 | AH17: =+K32/100 -> 2.6495259 | AI17: =+AH17-AG17 -> -2.1630423 | AJ17: =+M32/100 -> 3.7686907 | AK17: =+AH17-AJ17 -> -1.1191647
D18: 기타 | E18: =+('[1]5월'!$E$10+'[1]5월'!$E$19)/1000-E15-E16-E17 -> 65.348898 | F18: =+('[2]5월'!$F$10+'[2]5월'!$F$19)/1000-F15-F16-F17 -> 31.483638 | G18: =+F18-E18 -> -33.86526 | H18: =+('[3]5월'!$F$10+'[3]5월'!$F$19)/1000-H15-H16-H17 -> 184.36645 | I18: =+F18-H18 -> -152.88281 | J18: =+[4]손익총괄!J18+E18 -> 237.96292 | K18: =+[4]손익총괄!K18+F18 -> 131.40672 | L18: =+K18-J18 -> -106.5562 | M18: =+[4]손익총괄!M18+H18 -> 240.47014 | N18: =+K18-M18 -> -109.06342 | R18: 영남권 | S18: =+[5]영남권!$Q$90 -> 26998.986 | T18: =+[5]영남권!$R$90 -> 22869.321 | U18: =+T18-S18 -> -4129.6647 | V18: =+[6]영남권!$Q$90 -> 28232.721 | W18: =+T18-V18 -> -5363.4004 | AA18: =+D33 -> 골재 | AB18: =+E33/100 -> 2.2242641 | AC18: =+F33/100 -> 1.7157908 | AD18: =+AC18-AB18 -> -0.50847329 | AE18: =+H33/100 -> 0.79444908 | AF18: =+AC18-AE18 -> 0.92134169 | AG18: =+J33/100 -> 3.3114998 | AH18: =+K33/100 -> 7.4457722 | AI18: =+AH18-AG18 -> 4.1342724 | AJ18: =+M33/100 -> 5.2880246 | AK18: =+AH18-AJ18 -> 2.1577476
C19: 계 | E19: =SUM(E15:E18) -> 37299.783 | F19: =SUM(F15:F18) -> 40704.493 | G19: =+F19-E19 -> 3404.7106 | H19: =SUM(H15:H18) -> 38519.909 | I19: =+F19-H19 -> 2184.5843 | J19: =SUM(J15:J18) -> 167615.46 | K19: =SUM(K15:K18) -> 176972.23 | L19: =+K19-J19 -> 9356.7784 | M19: =SUM(M15:M18) -> 183570.52 | N19: =+K19-M19 -> -6598.283 | R19: 중부권 | S19: =+[5]중부권!$Q$90 -> 30676.188 | T19: =+[5]중부권!$R$90 -> 31197.021 | U19: =+T19-S19 -> 520.83252 | V19: =+[6]중부권!$Q$90 -> 32814.61 | W19: =+T19-V19 -> -1617.5897 | AA19: =+D34 -> 기타 | AB19: =+E34/100 -> -11.441403 | AC19: =+F34/100 -> -11.39437 | AD19: =+AC19-AB19 -> 0.047033704 | AE19: =+H34/100 -> -9.4452053 | AF19: =+AC19-AE19 -> -1.9491642 | AG19: =+J34/100 -> -60.960159 | AH19: =+K34/100 -> -77.50259 | AI19: =+AH19-AG19 -> -16.542431 | AJ19: =+M34/100 -> -51.954273 | AK19: =+AH19-AJ19 -> -25.548317
C20: 매출이익 | D20: 레미콘 | E20: =+E10-E15 -> 5836.8112 | F20: =+F10-F15 -> 5731.8206 | G20: =+F20-E20 -> -104.99056 | H20: =+H10-H15 -> 7492.313 | I20: =+F20-H20 -> -1760.4924 | J20: =+J10-J15 -> 21739.839 | K20: =+K10-K15 -> 20735.445 | L20: =+K20-J20 -> -1004.3946 | M20: =+M10-M15 -> 27195.246 | N20: =+K20-M20 -> -6459.8017 | Q20: 계 | S20: =+[5]합계!$Q$90 -> 26036.158 | T20: =+[5]합계!$R$90 -> 23245.012 | U20: =+T20-S20 -> -2791.1458 | V20: =+[6]합계!$Q$90 -> 26804.056 | W20: =+T20-V20 -> -3559.0437 | AA20: 계 | AB20: =+AB15+AB17+AB18+AB19 -> 43.788909 | AC20: =+AC15+AC17+AC18+AC19 -> 42.172923 | AD20: =+AC20-AB20 -> -1.6159861 | AE20: =+AE15+AE17+AE18+AE19 -> 60.183726 | AF20: =+AC20-AE20 -> -18.010804 | AG20: =+AG15+AG17+AG18+AG19 -> 131.46352 | AH20: =+AH15+AH17+AH18+AH19 -> 106.70687 | AI20: =+AH20-AG20 -> -24.756653 | AJ20: =+AJ15+AJ17+AJ18+AJ19 -> 195.78752 | AK20: =+AH20-AJ20 -> -89.080649
D21: 건자재 | E21: =+E11-E16 -> 237.62584 | F21: =+F11-F16 -> 254.92255 | G21: =+F21-E21 -> 17.296711 | H21: =+H11-H16 -> 167.31107 | I21: =+F21-H21 -> 87.611485 | J21: =+J11-J16 -> 1111.9505 | K21: =+K11-K16 -> 951.6847 | L21: =+K21-J21 -> -160.26579 | M21: =+M11-M16 -> 979.4956 | N21: =+K21-M21 -> -27.810896 | Q21: □ 건자재 | AA21: =+D36 -> % | AB21: =+E36 -> 0.10013017 | AC21: =+F36 -> 0.089648043 | AD21: =+G36 -> -0.010482125 | AE21: =+H36 -> 0.12942343 | AF21: =+I36 -> -0.039775389 | AG21: =+J36 -> 0.068558831 | AH21: =+K36 -> 0.053267671 | ... AK21: =+N36 -> -0.038542517
D22: 골재 | E22: =+E12-E17 -> 258.20516 | F22: =+F12-F17 -> 216.78972 | G22: =+F22-E22 -> -41.41544 | H22: =+H12-H17 -> 176.12546 | I22: =+F22-H22 -> 40.664259 | J22: =+J12-J17 -> 699.04041 | K22: =+K12-K17 -> 968.46724 | L22: =+K22-J22 -> 269.42683 | M22: =+M12-M17 -> 720.04905 | N22: =+K22-M22 -> 248.41819 | Q22: 구분 | S22: 계획 | T22: 실적 | U22: 계획대비 | V22: 전년 | W22: 전년대비 | Z22: * 5월누계 기타차이 : 대손 16억
D23: 기타 | E23: =+E13-E18 -> 99.558602 | F23: =+F13-F18 -> 134.7435 | G23: =+F23-E23 -> 35.184896 | H23: =+H13-H18 -> 145.75589 | I23: =+F23-H23 -> -11.012393 | J23: =+J13-J18 -> 586.57458 | K23: =+K13-K18 -> 694.17405 | L23: =+K23-J23 -> 107.59947 | M23: =+M13-M18 -> 787.18456 | N23: =+K23-M23 -> -93.010509 | Q23: 철강재 판매단가 | S23: =+'[7]5월'!$F$10 -> 977631.58 | T23: =+'[7]5월'!$G$10 -> 811389.31 | U23: =+T23-S23 -> -166242.27 | V23: =+'[8]5월'!$G$10 -> 1064717.6 | W23: =+T23-V23 -> -253328.34
C24: 계 | E24: =SUM(E20:E23) -> 6432.2008 | F24: =SUM(F20:F23) -> 6338.2764 | G24: =+F24-E24 -> -93.924389 | H24: =SUM(H20:H23) -> 7981.5054 | I24: =+F24-H24 -> -1643.2291 | J24: =SUM(J20:J23) -> 24137.405 | K24: =SUM(K20:K23) -> 23349.771 | L24: =+K24-J24 -> -787.63406 | M24: =SUM(M20:M23) -> 29681.976 | N24: =+K24-M24 -> -6332.2049 | Q24: 철강재 마진률 | S24: =+'[7]5월'!$F$15 -> 0.023295424 | T24: =+'[7]5월'!$G$15 -> 0.025679336 | U24: =+T24-S24 -> 0.0023839116 | V24: =+'[8]5월'!$G$15 -> 0.018355556 | W24: =+T24-V24 -> 0.0073237795
C25: 판관비 | D25: 레미콘 | E25: =+('[1]5월'!$Z$13+'[1]5월'!$Z$20)/1000 -> 649.75416 | F25: =+('[2]5월'!$Z$13+'[2]5월'!$Z$20)/1000 -> 669.0385 | G25: =+F25-E25 -> 19.284335 | H25: =+('[3]5월'!$Z$13+'[3]5월'!$Z$20)/1000 -> 663.13104 | I25: =+F25-H25 -> 5.907457 | J25: =+[4]손익총괄!J25+E25 -> 3309.8781 | K25: =+[4]손익총괄!K25+F25 -> 3324.0288 | L25: =+K25-J25 -> 14.150682 | M25: =+[4]손익총괄!M25+H25 -> 3326.739 | N25: =+K25-M25 -> -2.710173 | Q25: □ 골재
D26: 건자재 | E26: =+('[1]5월'!$AA$13+'[1]5월'!$AA$20)/1000 -> 124.07806 | F26: =+('[2]5월'!$AO$13+'[2]5월'!$AO$20)/1000 -> 132.55453 | G26: =+F26-E26 -> 8.476467 | H26: =+('[3]5월'!$AO$13+'[3]5월'!$AO$20)/1000 -> 113.04478 | I26: =+F26-H26 -> 19.509743 | J26: =+[4]손익총괄!J26+E26 -> 630.69367 | K26: =+[4]손익총괄!K26+F26 -> 686.73211 | L26: =+K26-J26 -> 56.038436 | M26: =+[4]손익총괄!M26+H26 -> 602.62653 | N26: =+K26-M26 -> 84.105574 | Q26: 구분 | S26: 계획 | T26: 실적 | U26: 계획대비 | V26: 전년 | W26: 전년대비
D27: 골재 | E27: =+('[1]5월'!$AE$13+'[1]5월'!$AE$20+'[1]5월'!$AE$22)/1000 -> 35.77875 | F27: =+('[2]5월'!$AN$13+'[2]5월'!$AN$20+'[2]5월'!$AN$22)/1000 -> 45.210639 | G27: =+F27-E27 -> 9.4318889 | H27: =+('[3]5월'!$AN$13+'[3]5월'!$AN$20+'[3]5월'!$AN$22)/1000 -> 96.680549 | I27: =+F27-H27 -> -51.46991 | J27: =+[4]손익총괄!J27+E27 -> 367.89044 | K27: =+[4]손익총괄!K27+F27 -> 223.89003 | L27: =+K27-J27 -> -144.00041 | M27: =+[4]손익총괄!M27+H27 -> 191.24659 | N27: =+K27-M27 -> 32.643435 | Q27: 판매량 | R27: 자가 | S27: =(+'[9]서부산크라샤(당월)'!$N$66+'[9]부산모래장(당월)'!$Q$48+'[9]부산크라샤(당월)'!$N$66)/1000 -> 58.255415 | T27: =(+'[9]서부산크라샤(당월)'!$O$66+'[9]부산모래장(당월)'!$R$48+'[9]부산크라샤(당월)'!$O$66)/1000 -> 60.876 | U27: =+T27-S27 -> 2.6205851 | V27: =('[10]부산골재(당월)'!$R$48+'[10]서부산골재(당월)'!$O$66+'[10]부산크라샤(당월)'!$O$66)/1000 -> 41.968 | W27: =+T27-V27 -> 18.908
D28: 기타 | E28: =+('[1]5월'!$E$13+'[1]5월'!$E$20)/1000-E25-E26-E27+('[1]5월'!$E$22/1000) -> 1243.6989 | F28: =+('[2]5월'!$F$13+'[2]5월'!$F$20)/1000-F25-F26-F27+'[2]5월'!$F$22/1000 -> 1274.1805 | G28: =+F28-E28 -> 30.481525 | H28: =+('[3]5월'!$F$13+'[3]5월'!$F$20)/1000-H25-H26-H27+'[3]5월'!$F$22/1000 -> 1090.2764 | I28: =+F28-H28 -> 183.90403 | J28: =+[4]손익총괄!J28+E28 -> 6682.5905 | K28: =+[4]손익총괄!K28+F28 -> 8444.433 | L28: =+K28-J28 -> 1761.8425 | M28: =+[4]손익총괄!M28+H28 -> 5982.6119 | N28: =+K28-M28 -> 2461.8212 | R28: 외판 | S28: =(+'[9]서부산크라샤(당월)'!$N$59+'[9]부산모래장(당월)'!$Q$47+'[9]부산크라샤(당월)'!$N$59)/1000 -> 62.8 | T28: =(+'[9]서부산크라샤(당월)'!$O$59+'[9]부산모래장(당월)'!$R$47+'[9]부산크라샤(당월)'!$O$59)/1000 -> 38.439 | U28: =+T28-S28 -> -24.361 | V28: =+('[10]부산골재(당월)'!$R$47+'[10]서부산골재(당월)'!$O$59+'[10]부산크라샤(당월)'!$O$59)/1000 -> 25.59 | W28: =+T28-V28 -> 12.849
C29: 계 | E29: =SUM(E25:E28) -> 2053.3099 | F29: =SUM(F25:F28) -> 2120.9841 | G29: =+F29-E29 -> 67.674216 | H29: =SUM(H25:H28) -> 1963.1328 | I29: =+F29-H29 -> 157.85132 | J29: =SUM(J25:J28) -> 10991.053 | K29: =SUM(K25:K28) -> 12679.084 | L29: =+K29-J29 -> 1688.0312 | M29: =SUM(M25:M28) -> 10103.224 | N29: =+K29-M29 -> 2575.86 | Q29: 합 계 | S29: =SUM(S27:S28) -> 121.05541 | T29: =SUM(T27:T28) -> 99.315 | U29: =+T29-S29 -> -21.740415 | V29: =SUM(V27:V28) -> 67.558 | W29: =+T29-V29 -> 31.757
C30: 영업이익 | D30: 레미콘 | E30: =+E20-E25 -> 5187.057 | F30: =+F20-F25 -> 5062.7821 | G30: =+F30-E30 -> -124.27489 | H30: =+H20-H25 -> 6829.182 | I30: =+F30-H30 -> -1766.3999 | J30: =+J20-J25 -> 18429.961 | K30: =+K20-K25 -> 17411.416 | L30: =+K30-J30 -> -1018.5452 | M30: =+M20-M25 -> 23868.507 | N30: =+K30-M30 -> -6457.0915 | Q30: □ 기타내역(영업이익)
D31: % | E31: =+E30/E10 -> 0.16159408 | F31: =+F30/F10 -> 0.14413227 | G31: =+F31-E31 -> -0.017461805 | H31: =+H30/H10 -> 0.1906436 | I31: =+F31-H31 -> -0.046511323 | J31: =+J30/J10 -> 0.13186906 | K31: =+K30/K10 -> 0.11649407 | L31: =+K31-J31 -> -0.015374993 | M31: =+M30/M10 -> 0.15314239 | N31: =+K31-M31 -> -0.036648318 | Q31: 구분 | S31: 계획 | T31: 실적 | U31: 계획대비 | V31: 전년 | W31: 전년대비
D32: 건자재 | E32: =+E21-E26 -> 113.54778 | F32: =+F21-F26 -> 122.36803 | G32: =+F32-E32 -> 8.8202437 | H32: =+H21-H26 -> 54.266285 | I32: =+F32-H32 -> 68.101742 | J32: =+J21-J26 -> 481.25683 | K32: =+K21-K26 -> 264.95259 | L32: =+K32-J32 -> -216.30423 | M32: =+M21-M26 -> 376.86907 | N32: =+K32-M32 -> -111.91647 | Q32: 레미콘임대 | S32: =+'사업장별(당월)'!T33 -> 72.165959 | T32: =+'사업장별(당월)'!U33 -> 68.93061 | U32: =+T32-S32 -> -3.235349 | V32: =+'사업장별(당월)'!W33 -> 55.160753 | W32: =+T32-V32 -> 13.769857
D33: 골재 | E33: =+E22-E27 -> 222.42641 | F33: =+F22-F27 -> 171.57908 | G33: =+F33-E33 -> -50.847329 | H33: =+H22-H27 -> 79.444908 | I33: =+F33-H33 -> 92.134169 | J33: =+J22-J27 -> 331.14998 | K33: =+K22-K27 -> 744.57722 | L33: =+K33-J33 -> 413.42724 | M33: =+M22-M27 -> 528.80246 | N33: =+K33-M33 -> 215.77476 | Q33: 임대 | S33: =+'사업장별(당월)'!T34 -> 62.030473 | T33: =+'사업장별(당월)'!U34 -> 63.574319 | U33: =+T33-S33 -> 1.5438457 | V33: =+'사업장별(당월)'!W34 -> 50.653987 | W33: =+T33-V33 -> 12.920332
D34: 기타 | E34: =+E23-E28 -> -1144.1403 | F34: =+F23-F28 -> -1139.437 | G34: =+F34-E34 -> 4.7033704 | H34: =+H23-H28 -> -944.52053 | I34: =+F34-H34 -> -194.91642 | J34: =+J23-J28 -> -6096.0159 | K34: =+K23-K28 -> -7750.259 | L34: =+K34-J34 -> -1654.2431 | M34: =+M23-M28 -> -5195.4273 | N34: =+K34-M34 -> -2554.8317 | Q34: 공통비 | S34: =+'사업장별(당월)'!T35 -> -1163.2875 | T34: =+'사업장별(당월)'!U35 -> -1157.1102 | U34: =+T34-S34 -> 6.1773143 | V34: =+'사업장별(당월)'!W35 -> -1023.2378 | W34: =+T34-V34 -> -133.87232
C35: 계 | E35: =SUM(E30,E32:E34) -> 4378.8909 | F35: =SUM(F30,F32:F34) -> 4217.2923 | G35: =+F35-E35 -> -161.59861 | H35: =SUM(H30,H32:H34) -> 6018.3726 | I35: =+F35-H35 -> -1801.0804 | J35: =SUM(J30,J32:J34) -> 13146.352 | K35: =SUM(K30,K32:K34) -> 10670.687 | L35: =+K35-J35 -> -2475.6653 | M35: =SUM(M30,M32:M34) -> 19578.752 | N35: =+K35-M35 -> -8908.0649 | Q35: 기타 | S35: =+S36-S32-S33-S34 -> -115.04929 | T35: =+T36-T32-T33-T34 -> -114.83173 | U35: =+T35-S35 -> 0.21755944 | V35: =+V36-V32-V33-V34 -> -27.097441 | W35: =+T35-V35 -> -87.734292
D36: % | E36: =+E35/E14 -> 0.10013017 | F36: =+F35/F14 -> 0.089648043 | G36: =+F36-E36 -> -0.010482125 | H36: =+H35/H14 -> 0.12942343 | I36: =+F36-H36 -> -0.039775389 | J36: =+J35/J14 -> 0.068558831 | K36: =+K35/K14 -> 0.053267671 | L36: =+K36-J36 -> -0.01529116 | M36: =+M35/M14 -> 0.091810188 | N36: =+K36-M36 -> -0.038542517 | Q36: 합계 | S36: =+'사업장별(당월)'!T41 -> -1144.1403 | T36: =+'사업장별(당월)'!U41 -> -1139.437 | U36: =+T36-S36 -> 4.7033704 | V36: =+'사업장별(당월)'!W41 -> -944.52053 | W36: =+T36-V36 -> -194.91642
E38: =+'[1]5월'!$E$26/1000 -> 4378.8909 | F38: =+'[2]5월'!$F$26/1000 -> 4217.2923 | H38: =+'[3]5월'!$F$26/1000 -> 6018.3726 | J38: =+[4]손익총괄!J38+E38 -> 13146.352 | K38: =+[4]손익총괄!K38+F38 -> 10670.687 | M38: =+[4]손익총괄!M38+H38 -> 19578.752
E39: =+E35=E38 -> TRUE | F39: =+F35=F38 -> FALSE | H39: =+H35=H38 -> FALSE | J39: =+J35=J38 -> TRUE | K39: =+K35=K38 -> TRUE | M39: =+M35=M38 -> TRUE
E40: =+E35-E38 -> 0 | F40: =+F35-F38 -> 0 | H40: =+H35-H38 -> 0 | J40: =+J35-J38 -> 2.7284841e-11 | K40: =+K35-K38 -> 0 | M40: =+M35-M38 -> -2.910383e-11

Sheet 사업장별(당월)
H3: □ 사업장별 손익실적(2024-05)
AG4: [단위 : 천㎥, 톤, 백만원]
H5: 구분 | J5: 물량 | O5: 매출 | T5: 영업이익(공통비 배부전) | Y5: 판매단가 | AB5: 변동비 | AE5: 공헌이익
J6: 계획 | K6: 실적 | L6: 차이 | M6: 전년 | N6: 차이 | O6: 계획 | P6: 실적 | Q6: 차이 | R6: 전년 | S6: 차이 | T6: 계획 | U6: 실적 | V6: 차이 | W6: 전년 | X6: 차이 | Y6: 계획 | Z6: 실적 | AA6: 전년 | AB6: 계획 | AC6: 실적 | AD6: 전년 | AE6: 계획 | AF6: 실적 | AG6: 전년
B7: 안양 | G7: =+I7 -> 안양 | H7: 레미콘 | I7: 안양 | J7: =+IFERROR(HLOOKUP($B7,'[1]5월'!$D$6:$BN$259,2,),)/1000 -> 44 | K7: =+IFERROR(HLOOKUP($B7,'[2]5월'!$F$6:$CP$99,2,),)/1000 -> 40.606 | L7: =+K7-J7 -> -3.394 | M7: =+IFERROR(HLOOKUP($B7,'[3]5월'!$F$6:$CC$57,2,),)/1000 -> 50.291 | N7: =+K7-M7 -> -9.685 | O7: =+IFERROR(HLOOKUP($B7,'[1]5월'!$D$6:$BN$259,3,),)/1000 -> 4457.8481 | P7: =+IFERROR(HLOOKUP($B7,'[2]5월'!$F$6:$CP$99,3,),)/1000 -> 4123.2946 | Q7: =+P7-O7 -> -334.55346 | R7: =+IFERROR(HLOOKUP($B7,'[3]5월'!$F$6:$CC$57,3,),)/1000 -> 4775.6819 | S7: =+P7-R7 -> -652.38727 | T7: =+IFERROR(HLOOKUP($B7,'[1]5월'!$D$6:$BN$259,16,),)/1000 -> 706.36516 | U7: =+IFERROR(HLOOKUP($B7,'[2]5월'!$F$6:$CP$99,16,),)/1000 -> 470.16461 | V7: =+U7-T7 -> -236.20055 | W7: =+IFERROR(HLOOKUP($B7,'[3]5월'!$F$6:$CC$57,16,),)/1000 -> 909.26044 | X7: =+U7-W7 -> -439.09583 | Y7: =+[5]안양!$Q$85 -> 101314.73 | Z7: =+[5]안양!$R$85 -> 101543.97 | AA7: =+[6]안양!$Q$85 -> 94943.662 | AB7: =+[5]안양!$Q$89 -> 78575.329 | AC7: =+[5]안양!$R$89 -> 82761.713 | AD7: =+[6]안양!$Q$89 -> 70931.39 | AE7: =+Y7-AB7 -> 22739.401 | AF7: =+Z7-AC7 -> 18782.261 | AG7: =+AA7-AD7 -> 24012.272
B8: 인천 | G8: =+I8 -> 인천 | H8: 직영 | I8: 인천 | J8: =+IFERROR(HLOOKUP($B8,'[1]5월'!$D$6:$BN$259,2,),)/1000 -> 35 | K8: =+IFERROR(HLOOKUP($B8,'[2]5월'!$F$6:$CP$99,2,),)/1000 -> 30.156 | L8: =+K8-J8 -> -4.844 | M8: =+IFERROR(HLOOKUP($B8,'[3]5월'!$F$6:$CC$57,2,),)/1000 -> 47.894 | N8: =+K8-M8 -> -17.738 | O8: =+IFERROR(HLOOKUP($B8,'[1]5월'!$D$6:$BN$259,3,),)/1000 -> 3594.5188 | P8: =+IFERROR(HLOOKUP($B8,'[2]5월'!$F$6:$CP$99,3,),)/1000 -> 2946.528 | Q8: =+P8-O8 -> -647.99085 | R8: =+IFERROR(HLOOKUP($B8,'[3]5월'!$F$6:$CC$57,3,),)/1000 -> 4757.6874 | S8: =+P8-R8 -> -1811.1595 | T8: =+IFERROR(HLOOKUP($B8,'[1]5월'!$D$6:$BN$259,16,),)/1000 -> 473.62349 | U8: =+IFERROR(HLOOKUP($B8,'[2]5월'!$F$6:$CP$99,16,),)/1000 -> 266.18334 | V8: =+U8-T8 -> -207.44015 | W8: =+IFERROR(HLOOKUP($B8,'[3]5월'!$F$6:$CC$57,16,),)/1000 -> 833.79834 | X8: =+U8-W8 -> -567.615 | Y8: =+[5]인천!$Q$85 -> 102700.54 | Z8: =+[5]인천!$R$85 -> 97709.509 | AA8: =+[6]인천!$Q$85 -> 99337.86 | AB8: =+[5]인천!$Q$89 -> 81104.52 | AC8: =+[5]인천!$R$89 -> 79830.372 | AD8: =+[6]인천!$Q$89 -> 75890.571 | AE8: =+Y8-AB8 -> 21596.017 | AF8: =+Z8-AC8 -> 17879.137 | AG8: =+AA8-AD8 -> 23447.289
B9: 파주 | G9: =+I9 -> 파주 | I9: 파주 | J9: =+IFERROR(HLOOKUP($B9,'[1]5월'!$D$6:$BN$259,2,),)/1000 -> 28 | K9: =+IFERROR(HLOOKUP($B9,'[2]5월'!$F$6:$CP$99,2,),)/1000 -> 28.609 | L9: =+K9-J9 -> 0.609 | M9: =+IFERROR(HLOOKUP($B9,'[3]5월'!$F$6:$CC$57,2,),)/1000 -> 31.208 | N9: =+K9-M9 -> -2.599 | O9: =+IFERROR(HLOOKUP($B9,'[1]5월'!$D$6:$BN$259,3,),)/1000 -> 2776.661 | P9: =+IFERROR(HLOOKUP($B9,'[2]5월'!$F$6:$CP$99,3,),)/1000 -> 2747.819 | Q9: =+P9-O9 -> -28.84203 | R9: =+IFERROR(HLOOKUP($B9,'[3]5월'!$F$6:$CC$57,3,),)/1000 -> 2894.0347 | S9: =+P9-R9 -> -146.21571 | T9: =+IFERROR(HLOOKUP($B9,'[1]5월'!$D$6:$BN$259,16,),)/1000 -> 439.03037 | U9: =+IFERROR(HLOOKUP($B9,'[2]5월'!$F$6:$CP$99,16,),)/1000 -> 254.15168 | V9: =+U9-T9 -> -184.87869 | W9: =+IFERROR(HLOOKUP($B9,'[3]5월'!$F$6:$CC$57,16,),)/1000 -> 405.53871 | X9: =+U9-W9 -> -151.38704 | Y9: =+[5]파주!$Q$85 -> 99166.464 | Z9: =+[5]파주!$R$85 -> 95934.038 | AA9: =+[6]파주!$Q$85 -> 92740.386 | AB9: =+[5]파주!$Q$89 -> 75452.936 | AC9: =+[5]파주!$R$89 -> 79393.119 | AD9: =+[6]파주!$Q$89 -> 73021.06 | AE9: =+Y9-AB9 -> 23713.528 | AF9: =+Z9-AC9 -> 16540.919 | AG9: =+AA9-AD9 -> 19719.327
B10: 김포 | G10: =+I10 -> 김포 | I10: 김포 | J10: =+IFERROR(HLOOKUP($B10,'[1]5월'!$D$6:$BN$259,2,),)/1000 -> 18.5 | K10: =+IFERROR(HLOOKUP($B10,'[2]5월'!$F$6:$CP$99,2,),)/1000 -> 20.743 | L10: =+K10-J10 -> 2.243 | M10: =+IFERROR(HLOOKUP($B10,'[3]5월'!$F$6:$CC$57,2,),)/1000 -> 21.652 | N10: =+K10-M10 -> -0.909 | O10: =+IFERROR(HLOOKUP($B10,'[1]5월'!$D$6:$BN$259,3,),)/1000 -> 1777.8215 | P10: =+IFERROR(HLOOKUP($B10,'[2]5월'!$F$6:$CP$99,3,),)/1000 -> 2113.5216 | Q10: =+P10-O10 -> 335.70006 | R10: =+IFERROR(HLOOKUP($B10,'[3]5월'!$F$6:$CC$57,3,),)/1000 -> 1977.1352 | S10: =+P10-R10 -> 136.38632 | T10: =+IFERROR(HLOOKUP($B10,'[1]5월'!$D$6:$BN$259,16,),)/1000 -> 295.88326 | U10: =+IFERROR(HLOOKUP($B10,'[2]5월'!$F$6:$CP$99,16,),)/1000 -> 354.65027 | V10: =+U10-T10 -> 58.767014 | W10: =+IFERROR(HLOOKUP($B10,'[3]5월'!$F$6:$CC$57,16,),)/1000 -> 330.11272 | X10: =+U10-W10 -> 24.537553 | Y10: =+[5]김포!$Q$85 -> 96098.459 | Z10: =+[5]김포!$R$85 -> 102058.93 | AA10: =+[6]김포!$Q$85 -> 91314.208 | AB10: =+[5]김포!$Q$89 -> 71346.583 | AC10: =+[5]김포!$R$89 -> 76893.344 | AD10: =+[6]김포!$Q$89 -> 68746.767 | AE10: =+Y10-AB10 -> 24751.877 | AF10: =+Z10-AC10 -> 25165.586 | AG10: =+AA10-AD10 -> 22567.441
B11: 부산 | G11: =+I11 -> 부산 | I11: 부산 | J11: =+IFERROR(HLOOKUP($B11,'[1]5월'!$D$6:$BN$259,2,),)/1000 -> 20 | K11: =+IFERROR(HLOOKUP($B11,'[2]5월'!$F$6:$CP$99,2,),)/1000 -> 28.1265 | L11: =+K11-J11 -> 8.1265 | M11: =+IFERROR(HLOOKUP($B11,'[3]5월'!$F$6:$CC$57,2,),)/1000 -> 24.945 | N11: =+K11-M11 -> 3.1815 | O11: =+IFERROR(HLOOKUP($B11,'[1]5월'!$D$6:$BN$259,3,),)/1000 -> 2152.006 | P11: =+IFERROR(HLOOKUP($B11,'[2]5월'!$F$6:$CP$99,3,),)/1000 -> 2986.1182 | Q11: =+P11-O11 -> 834.11222 | R11: =+IFERROR(HLOOKUP($B11,'[3]5월'!$F$6:$CC$57,3,),)/1000 -> 2521.2974 | S11: =+P11-R11 -> 464.82081 | T11: =+IFERROR(HLOOKUP($B11,'[1]5월'!$D$6:$BN$259,16,),)/1000 -> 326.75212 | U11: =+IFERROR(HLOOKUP($B11,'[2]5월'!$F$6:$CP$99,16,),)/1000 -> 411.9241 | V11: =+U11-T11 -> 85.17198 | W11: =+IFERROR(HLOOKUP($B11,'[3]5월'!$F$6:$CC$57,16,),)/1000 -> 485.37885 | X11: =+U11-W11 -> -73.454745 | Y11: =+[5]부산!$Q$85 -> 107600.3 | Z11: =+[5]부산!$R$85 -> 106167.43 | AA11: =+[6]부산!$Q$85 -> 101074.26 | AB11: =+[5]부산!$Q$89 -> 78668.111 | AC11: =+[5]부산!$R$89 -> 82923.267 | AD11: =+[6]부산!$Q$89 -> 71905.299 | AE11: =+Y11-AB11 -> 28932.188 | AF11: =+Z11-AC11 -> 23244.162 | AG11: =+AA11-AD11 -> 29168.96
B12: 서부산 | G12: =+I12 -> 서부산 | I12: 서부산 | J12: =+IFERROR(HLOOKUP($B12,'[1]5월'!$D$6:$BN$259,2,),)/1000 -> 26 | K12: =+IFERROR(HLOOKUP($B12,'[2]5월'!$F$6:$CP$99,2,),)/1000 -> 23.976 | L12: =+K12-J12 -> -2.024 | M12: =+IFERROR(HLOOKUP($B12,'[3]5월'!$F$6:$CC$57,2,),)/1000 -> 20.256 | N12: =+K12-M12 -> 3.72 | O12: =+IFERROR(HLOOKUP($B12,'[1]5월'!$D$6:$BN$259,3,),)/1000 -> 2684.6368 | P12: =+IFERROR(HLOOKUP($B12,'[2]5월'!$F$6:$CP$99,3,),)/1000 -> 2459.604 | Q12: =+P12-O12 -> -225.03282 | R12: =+IFERROR(HLOOKUP($B12,'[3]5월'!$F$6:$CC$57,3,),)/1000 -> 2129.6679 | S12: =+P12-R12 -> 329.9361 | T12: =+IFERROR(HLOOKUP($B12,'[1]5월'!$D$6:$BN$259,16,),)/1000 -> 492.80378 | U12: =+IFERROR(HLOOKUP($B12,'[2]5월'!$F$6:$CP$99,16,),)/1000 -> 360.2204 | V12: =+U12-T12 -> -132.58337 | W12: =+IFERROR(HLOOKUP($B12,'[3]5월'!$F$6:$CC$57,16,),)/1000 -> 367.48528 | X12: =+U12-W12 -> -7.264873 | Y12: =+[5]서부산!$Q$85 -> 103255.26 | Z12: =+[5]서부산!$R$85 -> 102586.09 | AA12: =+[6]서부산!$Q$85 -> 105137.63 | AB12: =+[5]서부산!$Q$89 -> 76205.201 | AC12: =+[5]서부산!$R$89 -> 78582.596 | AD12: =+[6]서부산!$Q$89 -> 77181.322 | AE12: =+Y12-AB12 -> 27050.061 | AF12: =+Z12-AC12 -> 24003.49 | AG12: =+AA12-AD12 -> 27956.311
B13: 김해 | G13: =+I13 -> 김해 | I13: 김해 | J13: =+IFERROR(HLOOKUP($B13,'[1]5월'!$D$6:$BN$259,2,),)/1000 -> 12 | K13: =+IFERROR(HLOOKUP($B13,'[2]5월'!$F$6:$CP$99,2,),)/1000 -> 14.268 | L13: =+K13-J13 -> 2.268 | M13: =+IFERROR(HLOOKUP($B13,'[3]5월'!$F$6:$CC$57,2,),)/1000 -> 14.873 | N13: =+K13-M13 -> -0.605 | O13: =+IFERROR(HLOOKUP($B13,'[1]5월'!$D$6:$BN$259,3,),)/1000 -> 1212.0024 | P13: =+IFERROR(HLOOKUP($B13,'[2]5월'!$F$6:$CP$99,3,),)/1000 -> 1329.1365 | Q13: =+P13-O13 -> 117.1341 | R13: =+IFERROR(HLOOKUP($B13,'[3]5월'!$F$6:$CC$57,3,),)/1000 -> 1507.0138 | S13: =+P13-R13 -> -177.8773 | T13: =+IFERROR(HLOOKUP($B13,'[1]5월'!$D$6:$BN$259,16,),)/1000 -> 158.87076 | U13: =+IFERROR(HLOOKUP($B13,'[2]5월'!$F$6:$CP$99,16,),)/1000 -> 76.218467 | V13: =+U13-T13 -> -82.652292 | W13: =+IFERROR(HLOOKUP($B13,'[3]5월'!$F$6:$CC$57,16,),)/1000 -> 257.13255 | X13: =+U13-W13 -> -180.91408 | Y13: =+[5]김해!$Q$85 -> 101000.2 | Z13: =+[5]김해!$R$85 -> 93214.324 | AA13: =+[6]김해!$Q$85 -> 101325.48 | AB13: =+[5]김해!$Q$89 -> 76489.955 | AC13: =+[5]김해!$R$89 -> 77424.481 | AD13: =+[6]김해!$Q$89 -> 75129.032 | AE13: =+Y13-AB13 -> 24510.245 | AF13: =+Z13-AC13 -> 15789.844 | AG13: =+AA13-AD13 -> 26196.444
B14: 정관 | G14: =+I14 -> 정관 | I14: 정관 | J14: =+IFERROR(HLOOKUP($B14,'[1]5월'!$D$6:$BN$259,2,),)/1000 -> 18 | K14: =+IFERROR(HLOOKUP($B14,'[2]5월'!$F$6:$CP$99,2,),)/1000 -> 24.315 | L14: =+K14-J14 -> 6.315 | M14: =+IFERROR(HLOOKUP($B14,'[3]5월'!$F$6:$CC$57,2,),)/1000 -> 18.999 | N14: =+K14-M14 -> 5.316 | O14: =+IFERROR(HLOOKUP($B14,'[1]5월'!$D$6:$BN$259,3,),)/1000 -> 1872 | P14: =+IFERROR(HLOOKUP($B14,'[2]5월'!$F$6:$CP$99,3,),)/1000 -> 2465.0836 | Q14: =+P14-O14 -> 593.0836 | R14: =+IFERROR(HLOOKUP($B14,'[3]5월'!$F$6:$CC$57,3,),)/1000 -> 1919.6708 | S14: =+P14-R14 -> 545.4128 | T14: =+IFERROR(HLOOKUP($B14,'[1]5월'!$D$6:$BN$259,16,),)/1000 -> 267.50167 | U14: =+IFERROR(HLOOKUP($B14,'[2]5월'!$F$6:$CP$99,16,),)/1000 -> 313.18669 | V14: =+U14-T14 -> 45.685018 | W14: =+IFERROR(HLOOKUP($B14,'[3]5월'!$F$6:$CC$57,16,),)/1000 -> 303.63124 | X14: =+U14-W14 -> 9.55545 | Y14: =+[5]정관!$Q$85 -> 104000 | Z14: =+[5]정관!$R$85 -> 101381.19 | AA14: =+[6]정관!$Q$85 -> 101040.62 | AB14: =+[5]정관!$Q$89 -> 78533.163 | AC14: =+[5]정관!$R$89 -> 80646.065 | AD14: =+[6]정관!$Q$89 -> 75177.279 | AE14: =+Y14-AB14 -> 25466.837 | AF14: =+Z14-AC14 -> 20735.124 | AG14: =+AA14-AD14 -> 25863.344
B15: 양산 | G15: =+I15 -> 양산 | I15: 양산 | J15: =+IFERROR(HLOOKUP($B15,'[1]5월'!$D$6:$BN$259,2,),)/1000 -> 11.5 | K15: =+IFERROR(HLOOKUP($B15,'[2]5월'!$F$6:$CP$99,2,),)/1000 -> 14.568 | L15: =+K15-J15 -> 3.068 | M15: =+IFERROR(HLOOKUP($B15,'[3]5월'!$F$6:$CC$57,2,),)/1000 -> 14.522 | N15: =+K15-M15 -> 0.046 | O15: =+IFERROR(HLOOKUP($B15,'[1]5월'!$D$6:$BN$259,3,),)/1000 -> 1112.7961 | P15: =+IFERROR(HLOOKUP($B15,'[2]5월'!$F$6:$CP$99,3,),)/1000 -> 1362.5258 | Q15: =+P15-O15 -> 249.72969 | R15: =+IFERROR(HLOOKUP($B15,'[3]5월'!$F$6:$CC$57,3,),)/1000 -> 1391.9045 | S15: =+P15-R15 -> -29.37872 | T15: =+IFERROR(HLOOKUP($B15,'[1]5월'!$D$6:$BN$259,16,),)/1000 -> 162.37087 | U15: =+IFERROR(HLOOKUP($B15,'[2]5월'!$F$6:$CP$99,16,),)/1000 -> 152.34023 | V15: =+U15-T15 -> -10.030637 | W15: =+IFERROR(HLOOKUP($B15,'[3]5월'!$F$6:$CC$57,16,),)/1000 -> 269.39112 | X15: =+U15-W15 -> -117.05089 | Y15: =+[5]양산!$Q$85 -> 96764.877 | Z15: =+[5]양산!$R$85 -> 93528.678 | AA15: =+[6]양산!$Q$85 -> 95847.989 | AB15: =+[5]양산!$Q$89 -> 70825.613 | AC15: =+[5]양산!$R$89 -> 73905.509 | AD15: =+[6]양산!$Q$89 -> 68016.334 | AE15: =+Y15-AB15 -> 25939.264 | AF15: =+Z15-AC15 -> 19623.169 | AG15: =+AA15-AD15 -> 27831.656
B16: 창원 | G16: =+I16 -> 창원 | I16: 창원 | J16: =+IFERROR(HLOOKUP($B16,'[1]5월'!$D$6:$BN$259,2,),)/1000 -> 18 | K16: =+IFERROR(HLOOKUP($B16,'[2]5월'!$F$6:$CP$99,2,),)/1000 -> 20.1685 | L16: =+K16-J16 -> 2.1685 | M16: =+IFERROR(HLOOKUP($B16,'[3]5월'!$F$6:$CC$57,2,),)/1000 -> 19.665 | N16: =+K16-M16 -> 0.5035 | O16: =+IFERROR(HLOOKUP($B16,'[1]5월'!$D$6:$BN$259,3,),)/1000 -> 1829.284 | P16: =+IFERROR(HLOOKUP($B16,'[2]5월'!$F$6:$CP$99,3,),)/1000 -> 1990.1033 | Q16: =+P16-O16 -> 160.8193 | R16: =+IFERROR(HLOOKUP($B16,'[3]5월'!$F$6:$CC$57,3,),)/1000 -> 1950.5857 | S16: =+P16-R16 -> 39.5176 | T16: =+IFERROR(HLOOKUP($B16,'[1]5월'!$D$6:$BN$259,16,),)/1000 -> 336.50848 | U16: =+IFERROR(HLOOKUP($B16,'[2]5월'!$F$6:$CP$99,16,),)/1000 -> 309.32629 | V16: =+U16-T16 -> -27.182186 | W16: =+IFERROR(HLOOKUP($B16,'[3]5월'!$F$6:$CC$57,16,),)/1000 -> 470.38098 | X16: =+U16-W16 -> -161.05469 | Y16: =+[5]창원!$Q$85 -> 101626.89 | Z16: =+[5]창원!$R$85 -> 98673.838 | AA16: =+[6]창원!$Q$85 -> 99190.73 | AB16: =+[5]창원!$Q$89 -> 72259.836 | AC16: =+[5]창원!$R$89 -> 74167.145 | AD16: =+[6]창원!$Q$89 -> 65843.598 | AE16: =+Y16-AB16 -> 29367.053 | AF16: =+Z16-AC16 -> 24506.693 | AG16: =+AA16-AD16 -> 33347.132
B17: 대구 | G17: =+I17 -> 대구 | I17: 대구 | J17: =+IFERROR(HLOOKUP($B17,'[1]5월'!$D$6:$BN$259,2,),)/1000 -> 16.5 | K17: =+IFERROR(HLOOKUP($B17,'[2]5월'!$F$6:$CP$99,2,),)/1000 -> 20.795 | L17: =+K17-J17 -> 4.295 | M17: =+IFERROR(HLOOKUP($B17,'[3]5월'!$F$6:$CC$57,2,),)/1000 -> 22.4465 | N17: =+K17-M17 -> -1.6515 | O17: =+IFERROR(HLOOKUP($B17,'[1]5월'!$D$6:$BN$259,3,),)/1000 -> 1613.04 | P17: =+IFERROR(HLOOKUP($B17,'[2]5월'!$F$6:$CP$99,3,),)/1000 -> 2090.7307 | Q17: =+P17-O17 -> 477.6907 | R17: =+IFERROR(HLOOKUP($B17,'[3]5월'!$F$6:$CC$57,3,),)/1000 -> 2128.3753 | S17: =+P17-R17 -> -37.64455 | T17: =+IFERROR(HLOOKUP($B17,'[1]5월'!$D$6:$BN$259,16,),)/1000 -> 296.33176 | U17: =+IFERROR(HLOOKUP($B17,'[2]5월'!$F$6:$CP$99,16,),)/1000 -> 403.78828 | V17: =+U17-T17 -> 107.45652 | W17: =+IFERROR(HLOOKUP($B17,'[3]5월'!$F$6:$CC$57,16,),)/1000 -> 500.43847 | X17: =+U17-W17 -> -96.650187 | Y17: =+[5]대구!$Q$85 -> 97760 | Z17: =+[5]대구!$R$85 -> 100540.07 | AA17: =+[6]대구!$Q$85 -> 94819.916 | AB17: =+[5]대구!$Q$89 -> 69576.21 | AC17: =+[5]대구!$R$89 -> 73272.696 | AD17: =+[6]대구!$Q$89 -> 65452.775 | AE17: =+Y17-AB17 -> 28183.79 | AF17: =+Z17-AC17 -> 27267.372 | AG17: =+AA17-AD17 -> 29367.142
B18: 울산 | G18: =+I18 -> 울산 | I18: 울산 | J18: =+IFERROR(HLOOKUP($B18,'[1]5월'!$D$6:$BN$259,2,),)/1000 -> 10 | K18: =+IFERROR(HLOOKUP($B18,'[2]5월'!$F$6:$CP$99,2,),)/1000 -> 11.917 | L18: =+K18-J18 -> 1.917 | M18: =+IFERROR(HLOOKUP($B18,'[3]5월'!$F$6:$CC$57,2,),)/1000 -> 9.938 | N18: =+K18-M18 -> 1.979 | O18: =+IFERROR(HLOOKUP($B18,'[1]5월'!$D$6:$BN$259,3,),)/1000 -> 1012.931 | P18: =+IFERROR(HLOOKUP($B18,'[2]5월'!$F$6:$CP$99,3,),)/1000 -> 1241.1459 | Q18: =+P18-O18 -> 228.21485 | R18: =+IFERROR(HLOOKUP($B18,'[3]5월'!$F$6:$CC$57,3,),)/1000 -> 927.6298 | S18: =+P18-R18 -> 313.51605 | T18: =+IFERROR(HLOOKUP($B18,'[1]5월'!$D$6:$BN$259,16,),)/1000 -> 104.57265 | U18: =+IFERROR(HLOOKUP($B18,'[2]5월'!$F$6:$CP$99,16,),)/1000 -> 187.53756 | V18: =+U18-T18 -> 82.964905 | W18: =+IFERROR(HLOOKUP($B18,'[3]5월'!$F$6:$CC$57,16,),)/1000 -> 94.02573 | X18: =+U18-W18 -> 93.51183 | Y18: =+[5]울산!$Q$85 -> 101293.1 | Z18: =+[5]울산!$R$85 -> 104149.19 | AA18: =+[6]울산!$Q$85 -> 93352.209 | AB18: =+[5]울산!$Q$89 -> 77547.726 | AC18: =+[5]울산!$R$89 -> 78333.912 | AD18: =+[6]울산!$Q$89 -> 71376.176 | AE18: =+Y18-AB18 -> 23745.374 | AF18: =+Z18-AC18 -> 25815.274 | AG18: =+AA18-AD18 -> 21976.033
B19: 아산 | G19: =+I19 -> 아산 | I19: 아산 | J19: =+IFERROR(HLOOKUP($B19,'[1]5월'!$D$6:$BN$259,2,),)/1000 -> 24 | K19: =+IFERROR(HLOOKUP($B19,'[2]5월'!$F$6:$CP$99,2,),)/1000 -> 32.637 | L19: =+K19-J19 -> 8.637 | M19: =+IFERROR(HLOOKUP($B19,'[3]5월'!$F$6:$CC$57,2,),)/1000 -> 28.419 | N19: =+K19-M19 -> 4.218 | O19: =+IFERROR(HLOOKUP($B19,'[1]5월'!$D$6:$BN$259,3,),)/1000 -> 2424.0036 | P19: =+IFERROR(HLOOKUP($B19,'[2]5월'!$F$6:$CP$99,3,),)/1000 -> 3371.382 | Q19: =+P19-O19 -> 947.37838 | R19: =+IFERROR(HLOOKUP($B19,'[3]5월'!$F$6:$CC$57,3,),)/1000 -> 2791.0739 | S19: =+P19-R19 -> 580.30813 | T19: =+IFERROR(HLOOKUP($B19,'[1]5월'!$D$6:$BN$259,16,),)/1000 -> 390.82873 | U19: =+IFERROR(HLOOKUP($B19,'[2]5월'!$F$6:$CP$99,16,),)/1000 -> 681.32996 | V19: =+U19-T19 -> 290.50123 | W19: =+IFERROR(HLOOKUP($B19,'[3]5월'!$F$6:$CC$57,16,),)/1000 -> 618.01405 | X19: =+U19-W19 -> 63.315907 | Y19: =+[5]아산!$Q$85 -> 101000.15 | Z19: =+[5]아산!$R$85 -> 103299.38 | AA19: =+[6]아산!$Q$85 -> 98295.776 | AB19: =+[5]아산!$Q$89 -> 76007.141 | AC19: =+[5]아산!$R$89 -> 75203.707 | AD19: =+[6]아산!$Q$89 -> 69105.83 | AE19: =+Y19-AB19 -> 24993.009 | AF19: =+Z19-AC19 -> 28095.677 | AG19: =+AA19-AD19 -> 29189.946
B20: 전주 | G20: =+I20 -> 전주 | I20: 전주 | J20: =+IFERROR(HLOOKUP($B20,'[1]5월'!$D$6:$BN$259,2,),)/1000 -> 12 | K20: =+IFERROR(HLOOKUP($B20,'[2]5월'!$F$6:$CP$99,2,),)/1000 -> 14.1955 | L20: =+K20-J20 -> 2.1955 | M20: =+IFERROR(HLOOKUP($B20,'[3]5월'!$F$6:$CC$57,2,),)/1000 -> 11.7485 | N20: =+K20-M20 -> 2.447 | O20: =+IFERROR(HLOOKUP($B20,'[1]5월'!$D$6:$BN$259,3,),)/1000 -> 1246.4674 | P20: =+IFERROR(HLOOKUP($B20,'[2]5월'!$F$6:$CP$99,3,),)/1000 -> 1369.0424 | Q20: =+P20-O20 -> 122.57496 | R20: =+IFERROR(HLOOKUP($B20,'[3]5월'!$F$6:$CC$57,3,),)/1000 -> 1190.5726 | S20: =+P20-R20 -> 178.46976 | T20: =+IFERROR(HLOOKUP($B20,'[1]5월'!$D$6:$BN$259,16,),)/1000 -> 228.25969 | U20: =+IFERROR(HLOOKUP($B20,'[2]5월'!$F$6:$CP$99,16,),)/1000 -> 209.80582 | V20: =+U20-T20 -> -18.45387 | W20: =+IFERROR(HLOOKUP($B20,'[3]5월'!$F$6:$CC$57,16,),)/1000 -> 238.54564 | X20: =+U20-W20 -> -28.739819 | Y20: =+[5]전주!$Q$85 -> 103872.28 | Z20: =+[5]전주!$R$85 -> 96441.996 | AA20: =+[6]전주!$Q$85 -> 101338.26 | AB20: =+[5]전주!$Q$89 -> 72772.78 | AC20: =+[5]전주!$R$89 -> 70782.447 | AD20: =+[6]전주!$Q$89 -> 69906.24 | AE20: =+Y20-AB20 -> 31099.503 | AF20: =+Z20-AC20 -> 25659.549 | AG20: =+AA20-AD20 -> 31432.023
B21: 군산 | G21: =+I21 -> 군산 | I21: 군산 | J21: =+IFERROR(HLOOKUP($B21,'[1]5월'!$D$6:$BN$259,2,),)/1000 -> 7.5 | K21: =+IFERROR(HLOOKUP($B21,'[2]5월'!$F$6:$CP$99,2,),)/1000 -> 10.731 | L21: =+K21-J21 -> 3.231 | M21: =+IFERROR(HLOOKUP($B21,'[3]5월'!$F$6:$CC$57,2,),)/1000 -> 12.4205 | N21: =+K21-M21 -> -1.6895 | O21: =+IFERROR(HLOOKUP($B21,'[1]5월'!$D$6:$BN$259,3,),)/1000 -> 817.18473 | P21: =+IFERROR(HLOOKUP($B21,'[2]5월'!$F$6:$CP$99,3,),)/1000 -> 1218.0546 | Q21: =+P21-O21 -> 400.86987 | R21: =+IFERROR(HLOOKUP($B21,'[3]5월'!$F$6:$CC$57,3,),)/1000 -> 1246.3775 | S21: =+P21-R21 -> -28.3229 | T21: =+IFERROR(HLOOKUP($B21,'[1]5월'!$D$6:$BN$259,16,),)/1000 -> 214.3396 | U21: =+IFERROR(HLOOKUP($B21,'[2]5월'!$F$6:$CP$99,16,),)/1000 -> 349.47533 | V21: =+U21-T21 -> 135.13573 | W21: =+IFERROR(HLOOKUP($B21,'[3]5월'!$F$6:$CC$57,16,),)/1000 -> 380.93049 | X21: =+U21-W21 -> -31.455168 | Y21: =+[5]군산!$Q$85 -> 108957.96 | Z21: =+[5]군산!$R$85 -> 113508.02 | AA21: =+[6]군산!$Q$85 -> 100362.52 | AB21: =+[5]군산!$Q$89 -> 69303.186 | AC21: =+[5]군산!$R$89 -> 73381.874 | AD21: =+[6]군산!$Q$89 -> 61353.885 | AE21: =+Y21-AB21 -> 39654.779 | AF21: =+Z21-AC21 -> 40126.149 | AG21: =+AA21-AD21 -> 39008.638
B22: 원주 | G22: =+I22 -> 원주 | I22: 원주 | J22: =+IFERROR(HLOOKUP($B22,'[1]5월'!$D$6:$BN$259,2,),)/1000 -> 7 | K22: =+IFERROR(HLOOKUP($B22,'[2]5월'!$F$6:$CP$99,2,),)/1000 -> 7.601 | L22: =+K22-J22 -> 0.601 | M22: =+IFERROR(HLOOKUP($B22,'[3]5월'!$F$6:$CC$57,2,),)/1000 -> 6.1285 | N22: =+K22-M22 -> 1.4725 | O22: =+IFERROR(HLOOKUP($B22,'[1]5월'!$D$6:$BN$259,3,),)/1000 -> 755.3 | P22: =+IFERROR(HLOOKUP($B22,'[2]5월'!$F$6:$CP$99,3,),)/1000 -> 848.8332 | Q22: =+P22-O22 -> 93.5332 | R22: =+IFERROR(HLOOKUP($B22,'[3]5월'!$F$6:$CC$57,3,),)/1000 -> 639.6528 | S22: =+P22-R22 -> 209.1804 | T22: =+IFERROR(HLOOKUP($B22,'[1]5월'!$D$6:$BN$259,16,),)/1000 -> 165.56488 | U22: =+IFERROR(HLOOKUP($B22,'[2]5월'!$F$6:$CP$99,16,),)/1000 -> 211.34338 | V22: =+U22-T22 -> 45.778495 | W22: =+IFERROR(HLOOKUP($B22,'[3]5월'!$F$6:$CC$57,16,),)/1000 -> 133.62029 | X22: =+U22-W22 -> 77.723092 | Y22: =+[5]원주!$Q$85 -> 107900 | Z22: =+[5]원주!$R$85 -> 111673.89 | AA22: =+[6]원주!$Q$85 -> 104400.1 | AB22: =+[5]원주!$Q$89 -> 72409.2 | AC22: =+[5]원주!$R$89 -> 71854.954 | AD22: =+[6]원주!$Q$89 -> 68394.862 | AE22: =+Y22-AB22 -> 35490.8 | AF22: =+Z22-AC22 -> 39818.931 | AG22: =+AA22-AD22 -> 36005.236
B23: 제주 | G23: =+I23 -> 제주 | I23: 제주 | J23: =+IFERROR(HLOOKUP($B23,'[1]5월'!$D$6:$BN$259,2,),)/1000 -> 6 | K23: =+IFERROR(HLOOKUP($B23,'[2]5월'!$F$6:$CP$99,2,),)/1000 -> 3.7165 | L23: =+K23-J23 -> -2.2835 | M23: =+IFERROR(HLOOKUP($B23,'[3]5월'!$F$6:$CC$57,2,),)/1000 -> 8.9955 | N23: =+K23-M23 -> -5.279 | O23: =+IFERROR(HLOOKUP($B23,'[1]5월'!$D$6:$BN$259,3,),)/1000 -> 760.8 | P23: =+IFERROR(HLOOKUP($B23,'[2]5월'!$F$6:$CP$99,3,),)/1000 -> 463.02055 | Q23: =+P23-O23 -> -297.77945 | R23: =+IFERROR(HLOOKUP($B23,'[3]5월'!$F$6:$CC$57,3,),)/1000 -> 1073.3614 | S23: =+P23-R23 -> -610.34084 | T23: =+IFERROR(HLOOKUP($B23,'[1]5월'!$D$6:$BN$259,16,),)/1000 -> 127.44973 | U23: =+IFERROR(HLOOKUP($B23,'[2]5월'!$F$6:$CP$99,16,),)/1000 -> 51.135698 | V23: =+U23-T23 -> -76.314031 | W23: =+IFERROR(HLOOKUP($B23,'[3]5월'!$F$6:$CC$57,16,),)/1000 -> 231.49708 | X23: =+U23-W23 -> -180.36138 | Y23: =+[5]제주!$Q$85 -> 126800 | Z23: =+[5]제주!$R$85 -> 124585.11 | AA23: =+[6]제주!$Q$85 -> 119517.93 | AB23: =+[5]제주!$Q$89 -> 91078.011 | AC23: =+[5]제주!$R$89 -> 88417.978 | AD23: =+[6]제주!$Q$89 -> 83709.69 | AE23: =+Y23-AB23 -> 35721.989 | AF23: =+Z23-AC23 -> 36167.129 | AG23: =+AA23-AD23 -> 35808.245
G24: =+I24 -> 수도권 | I24: 수도권 | J24: =SUM(J7:J10) -> 125.5 | K24: =SUM(K7:K10) -> 120.114 | L24: =+K24-J24 -> -5.386 | M24: =SUM(M7:M10) -> 151.045 | N24: =+K24-M24 -> -30.931 | O24: =SUM(O7:O10) -> 12606.849 | P24: =SUM(P7:P10) -> 11931.163 | Q24: =+P24-O24 -> -675.68629 | R24: =SUM(R7:R10) -> 14404.539 | S24: =+P24-R24 -> -2473.3762 | T24: =SUM(T7:T10) -> 1914.9023 | U24: =SUM(U7:U10) -> 1345.1499 | V24: =+U24-T24 -> -569.75238 | W24: =SUM(W7:W10) -> 2478.7102 | X24: =+U24-W24 -> -1133.5603 | Y24: =+[5]수도권!$Q$85 -> 100452.98 | Z24: =+[5]수도권!$R$85 -> 99353.382 | AA24: =+[6]수도권!$Q$85 -> 95385.129 | AB24: =+[5]수도권!$Q$89 -> 77518.459 | AC24: =+[5]수도권!$R$89 -> 80233.601 | AD24: =+[6]수도권!$Q$89 -> 72619.449 | AE24: =+Y24-AB24 -> 22934.524 | AF24: =+Z24-AC24 -> 19119.781 | AG24: =+AA24-AD24 -> 22765.68
G25: =+I25 -> 영남권 | I25: 영남권 | J25: =SUM(J11:J18) -> 132 | K25: =SUM(K11:K18) -> 158.134 | L25: =+K25-J25 -> 26.134 | M25: =SUM(M11:M18) -> 145.6445 | N25: =+K25-M25 -> 12.4895 | O25: =SUM(O11:O18) -> 13488.696 | P25: =SUM(P11:P18) -> 15924.448 | Q25: =+P25-O25 -> 2435.7516 | R25: =SUM(R11:R18) -> 14476.145 | S25: =+P25-R25 -> 1448.3028 | T25: =SUM(T11:T18) -> 2145.7121 | U25: =SUM(U11:U18) -> 2214.542 | V25: =+U25-T25 -> 68.829936 | W25: =SUM(W11:W18) -> 2747.8642 | X25: =+U25-W25 -> -533.32219 | Y25: =+[5]영남권!$Q$85 -> 102187.09 | Z25: =+[5]영남권!$R$85 -> 100729.73 | AA25: =+[6]영남권!$Q$85 -> 99395.409 | AB25: =+[5]영남권!$Q$89 -> 75188.107 | AC25: =+[5]영남권!$R$89 -> 77860.412 | AD25: =+[6]영남권!$Q$89 -> 71162.688 | AE25: =+Y25-AB25 -> 26998.986 | AF25: =+Z25-AC25 -> 22869.321 | AG25: =+AA25-AD25 -> 28232.721
G26: =+I26 -> 중부권 | I26: 중부권 | J26: =SUM(J19:J23) -> 56.5 | K26: =SUM(K19:K23) -> 68.881 | L26: =+K26-J26 -> 12.381 | M26: =SUM(M19:M23) -> 67.712 | N26: =+K26-M26 -> 1.169 | O26: =SUM(O19:O23) -> 6003.7557 | P26: =SUM(P19:P23) -> 7270.3327 | Q26: =+P26-O26 -> 1266.577 | R26: =SUM(R19:R23) -> 6941.0381 | S26: =+P26-R26 -> 329.29455 | T26: =SUM(T19:T23) -> 1126.4426 | U26: =SUM(U19:U23) -> 1503.0902 | V26: =+U26-T26 -> 376.64755 | W26: =SUM(W19:W23) -> 1602.6076 | X26: =+U26-W26 -> -99.517372 | Y26: =+[5]중부권!$Q$85 -> 106261.16 | Z26: =+[5]중부권!$R$85 -> 105549.17 | AA26: =+[6]중부권!$Q$85 -> 102538.02 | AB26: =+[5]중부권!$Q$89 -> 75584.975 | AC26: =+[5]중부권!$R$89 -> 74352.154 | AD26: =+[6]중부권!$Q$89 -> 69723.413 | AE26: =+Y26-AB26 -> 30676.188 | AF26: =+Z26-AC26 -> 31197.021 | AG26: =+AA26-AD26 -> 32814.61
G27: =+K27/J27 -> 1.1055064 | H27: 레미콘 계 | J27: =SUM(J24:J26) -> 314 | K27: =SUM(K24:K26) -> 347.129 | L27: =+K27-J27 -> 33.129 | M27: =SUM(M24:M26) -> 364.4015 | N27: =+K27-M27 -> -17.2725 | O27: =SUM(O24:O26) -> 32099.301 | P27: =SUM(P24:P26) -> 35125.944 | Q27: =+P27-O27 -> 3026.6423 | R27: =SUM(R24:R26) -> 35821.723 | S27: =+P27-R27 -> -695.77882 | T27: =SUM(T24:T26) -> 5187.057 | U27: =SUM(U24:U26) -> 5062.7821 | V27: =+U27-T27 -> -124.27489 | W27: =SUM(W24:W26) -> 6829.182 | X27: =+U27-W27 -> -1766.3999 | Y27: =+[5]합계!$Q$85 -> 102227.07 | Z27: =+[5]합계!$R$85 -> 101219.55 | AA27: =+[6]합계!$Q$85 -> 98307.132 | AB27: =+[5]합계!$Q$89 -> 76190.917 | AC27: =+[5]합계!$R$89 -> 77974.542 | AD27: =+[6]합계!$Q$89 -> 71503.076 | AE27: =+Y27-AB27 -> 26036.158 | AF27: =+Z27-AC27 -> 23245.012 | AG27: =+AA27-AD27 -> 26804.056
B28: 건자재 | E28: 건자재영업 | G28: 건자재 | H28: 건자재 | J28: =+IFERROR(HLOOKUP($B28,'[1]5월'!$D$6:$BN$259,2,),) -> 7600 | K28: =+IFERROR(HLOOKUP($E28,'[2]5월'!$F$6:$CP$99,2,),) -> 9787.441 | L28: =+K28-J28 -> 2187.441 | M28: =+IFERROR(HLOOKUP($E28,'[3]5월'!$F$6:$CC$57,2,),) -> 7344.996 | N28: =+K28-M28 -> 2442.445 | O28: =+IFERROR(HLOOKUP($B28,'[1]5월'!$D$6:$BN$259,3,),)/1000 -> 9285.6884 | P28: =+IFERROR(HLOOKUP($E28,'[2]5월'!$F$6:$CP$99,3,),)/1000 -> 9774.8209 | Q28: =+P28-O28 -> 489.13246 | R28: =+IFERROR(HLOOKUP($E28,'[3]5월'!$F$6:$CC$57,3,),)/1000 -> 9029.1236 | S28: =+P28-R28 -> 745.69729 | T28: =+IFERROR(HLOOKUP($B28,'[1]5월'!$D$6:$BN$259,16,),)/1000 -> 113.54778 | U28: =+IFERROR(HLOOKUP($E28,'[2]5월'!$F$6:$CP$99,16,),)/1000 -> 122.36803 | V28: =+U28-T28 -> 8.8202437 | W28: =+IFERROR(HLOOKUP($E28,'[3]5월'!$F$6:$CC$57,16,),)/1000 -> 54.266285 | X28: =+U28-W28 -> 68.101742 | Y28: ■ 비고
B29: 부산모래장 | F29: 부산골재 | G29: =+I29 -> 부산모래장 | H29: 골재 | I29: 부산모래장 | J29: =+IFERROR(HLOOKUP($B29,'[1]5월'!$D$6:$BN$259,2,),)/1000 -> 28.019294 | K29: =+IFERROR(HLOOKUP($F29,'[2]5월'!$F$6:$CP$99,2,),)/1000 -> 25.913 | L29: =+K29-J29 -> -2.1062943 | M29: =+IFERROR(HLOOKUP($F29,'[3]5월'!$F$6:$CC$57,2,),)/1000 -> 31.026 | N29: =+K29-M29 -> -5.113 | O29: =+IFERROR(HLOOKUP($B29,'[1]5월'!$D$6:$BN$259,3,),)/1000 -> 795.68227 | P29: =+IFERROR(HLOOKUP($F29,'[2]5월'!$F$6:$CP$99,3,),)/1000 -> 748.562 | Q29: =+P29-O29 -> -47.120273 | R29: =+IFERROR(HLOOKUP($F29,'[3]5월'!$F$6:$CC$57,3,),)/1000 -> 895.312 | S29: =+P29-R29 -> -146.75 | T29: =+IFERROR(HLOOKUP($B29,'[1]5월'!$D$6:$BN$259,21,),)/1000 -> 59.719076 | U29: =+IFERROR(HLOOKUP($F29,'[2]5월'!$F$6:$CP$99,21,),)/1000 -> 42.923393 | V29: =+U29-T29 -> -16.795683 | W29: =+IFERROR(HLOOKUP($F29,'[3]5월'!$F$6:$CC$57,16,),)/1000 -> 46.37338 | X29: =+U29-W29 -> -3.449987
B30: 서부산크라샤 | F30: 서부산골재 | G30: =+I30 -> 서부산CR | I30: 서부산CR | J30: =+IFERROR(HLOOKUP($B30,'[1]5월'!$D$6:$BN$259,2,),)/1000 -> 51.226029 | K30: =+IFERROR(HLOOKUP($F30,'[2]5월'!$F$6:$CP$99,2,),)/1000 -> 26.574 | L30: =+K30-J30 -> -24.652029 | M30: =+IFERROR(HLOOKUP($F30,'[3]5월'!$F$6:$CC$57,2,),)/1000 -> 36.532 | N30: =+K30-M30 -> -9.958 | O30: =+IFERROR(HLOOKUP($B30,'[1]5월'!$D$6:$BN$259,3,),)/1000 -> 635.92591 | P30: =+IFERROR(HLOOKUP($F30,'[2]5월'!$F$6:$CP$99,3,),)/1000 -> 369.83 | Q30: =+P30-O30 -> -266.09591 | R30: =+IFERROR(HLOOKUP($F30,'[3]5월'!$F$6:$CC$57,3,),)/1000 -> 425.134 | S30: =+P30-R30 -> -55.304 | T30: =+IFERROR(HLOOKUP($B30,'[1]5월'!$D$6:$BN$259,21,),)/1000 -> 158.67488 | U30: =+IFERROR(HLOOKUP($F30,'[2]5월'!$F$6:$CP$99,21,),)/1000 -> 48.486048 | V30: =+U30-T30 -> -110.18883 | W30: =+IFERROR(HLOOKUP($F30,'[3]5월'!$F$6:$CC$57,16,),)/1000 -> 119.13245 | X30: =+U30-W30 -> -70.646404
B31: 부산크라샤 | F31: 부산크라샤 | G31: =+I31 -> 부산CR | I31: 부산CR | J31: =+IFERROR(HLOOKUP($B31,'[1]5월'!$D$6:$BN$259,2,),)/1000 -> 41.810091 | K31: =+IFERROR(HLOOKUP($F31,'[2]5월'!$F$6:$CP$99,2,),)/1000 -> 46.828 | L31: =+K31-J31 -> 5.0179086 | M31: =+IFERROR(HLOOKUP($F31,'[3]5월'!$F$6:$CC$57,2,),)/1000 -> 0 | N31: =+K31-M31 -> 46.828 | O31: =+IFERROR(HLOOKUP($B31,'[1]5월'!$D$6:$BN$259,3,),)/1000 -> 750.47801 | P31: =+IFERROR(HLOOKUP($F31,'[2]5월'!$F$6:$CP$99,3,),)/1000 -> 857.386 | Q31: =+P31-O31 -> 106.90799 | R31: =+IFERROR(HLOOKUP($F31,'[3]5월'!$F$6:$CC$57,3,),)/1000 -> 0 | S31: =+P31-R31 -> 857.386 | T31: =+IFERROR(HLOOKUP($B31,'[1]5월'!$D$6:$BN$259,21,),)/1000 -> 4.0324504 | U31: =+IFERROR(HLOOKUP($F31,'[2]5월'!$F$6:$CP$99,21,),)/1000 -> 80.169636 | V31: =+U31-T31 -> 76.137186 | W31: =+IFERROR(HLOOKUP($F31,'[3]5월'!$F$6:$CC$57,16,),)/1000 -> -86.060924 | X31: =+U31-W31 -> 166.23056
H32: 골재 계 | J32: =SUM(J29:J31) -> 121.05541 | K32: =SUM(K29:K31) -> 99.315 | L32: =+K32-J32 -> -21.740415 | M32: =SUM(M29:M31) -> 67.558 | N32: =+K32-M32 -> 31.757 | O32: =SUM(O29:O31) -> 2182.0862 | P32: =SUM(P29:P31) -> 1975.778 | Q32: =+P32-O32 -> -206.30819 | R32: =SUM(R29:R31) -> 1320.446 | S32: =+P32-R32 -> 655.332 | T32: =SUM(T29:T31) -> 222.42641 | U32: =SUM(U29:U31) -> 171.57908 | V32: =+U32-T32 -> -50.847329 | W32: =SUM(W29:W31) -> 79.444908 | X32: =+U32-W32 -> 92.134169
B33: 포항임대 | C33: 속초임대 | D33: 강릉임대 | E33: 레미콘임대 계 | G33: =+I33 -> 레미콘임대 | H33: 기타 | I33: 레미콘임대 | L33: =+K33-J33 -> 0 | N33: =+K33-M33 -> 0 | O33: =(IFERROR(HLOOKUP($B33,'[1]5월'!$D$6:$BN$259,3,),)++IFERROR(HLOOKUP($C33,'[1]5월'!$D$6:$BN$259,3,),)+IFERROR(HLOOKUP($D33,'[1]5월'!$D$6:$BN$259,3,),))/1000 -> 90.84 | P33: =+IFERROR(HLOOKUP($E33,'[2]5월'!$F$6:$CP$99,3,),)/1000 -> 90.84 | Q33: =+P33-O33 -> 0 | R33: =+IFERROR(HLOOKUP($E33,'[3]5월'!$F$6:$CC$57,3,),)/1000 -> 78.34 | S33: =+P33-R33 -> 12.5 | T33: =(IFERROR(HLOOKUP($B33,'[1]5월'!$D$6:$BN$259,21,),)++IFERROR(HLOOKUP($C33,'[1]5월'!$D$6:$BN$259,21,),)+IFERROR(HLOOKUP($D33,'[1]5월'!$D$6:$BN$259,21,),))/1000 -> 72.165959 | U33: =+IFERROR(HLOOKUP($E33,'[2]5월'!$F$6:$CP$99,16,),)/1000 -> 68.93061 | V33: =+U33-T33 -> -3.235349 | W33: =+IFERROR(HLOOKUP($E33,'[3]5월'!$F$6:$CC$57,16,),)/1000 -> 55.160753 | X33: =+U33-W33 -> 13.769857
B34: 부동산임대 | C34: 주유소임대 | E34: 임대 계 | G34: =+I34 -> 임대 | I34: 임대 | L34: =+K34-J34 -> 0 | M34: 0 | N34: =+K34-M34 -> 0 | O34: =(+IFERROR(HLOOKUP($B34,'[1]5월'!$D$6:$BN$259,3,),)+IFERROR(HLOOKUP($C34,'[1]5월'!$D$6:$BN$259,3,),))/1000 -> 72.2975 | P34: =+IFERROR(HLOOKUP($E34,'[2]5월'!$F$6:$CP$99,3,),)/1000 -> 73.683136 | Q34: =+P34-O34 -> 1.3856357 | R34: =+IFERROR(HLOOKUP($E34,'[3]5월'!$F$6:$CC$57,3,),)/1000 -> 95.394236 | S34: =+P34-R34 -> -21.7111 | T34: =(+IFERROR(HLOOKUP($B34,'[1]5월'!$D$6:$BN$259,21,),)+IFERROR(HLOOKUP($C34,'[1]5월'!$D$6:$BN$259,21,),))/1000 -> 62.030473 | U34: =+IFERROR(HLOOKUP($E34,'[2]5월'!$F$6:$CP$99,16,),)/1000 -> 63.574319 | V34: =+U34-T34 -> 1.5438457 | W34: =+IFERROR(HLOOKUP($E34,'[3]5월'!$F$6:$CC$57,16,),)/1000 -> 50.653987 | X34: =+U34-W34 -> 12.920332
B35: 공 통 비 | G35: =+I35 -> 공통비 | I35: 공통비 | L35: =+K35-J35 -> 0 | N35: =+K35-M35 -> 0 | Q35: =+P35-O35 -> 0 | S35: =+P35-R35 -> 0 | T35: =-'[1]5월'!$Z$22/1000 -> -1163.2875 | U35: =+-'[2]5월'!$Z$22/1000 -> -1157.1102 | V35: =+U35-T35 -> 6.1773143 | W35: =+-'[3]5월'!$Z$22/1000 -> -1023.2378 | X35: =+U35-W35 -> -133.87232
G36: =+I36 -> OPC 소급분 | I36: OPC 소급분 | N36: =+K36-M36 -> 0 | Q36: =+P36-O36 -> 0 | S36: =+P36-R36 -> 0 | T36: =+'[1]5월'!$AS$26/1000 -> 0 | U36: =-'[2]5월'!$BD$26/1000 -> 0 | V36: =+U36-T36 -> 0 | W36: =-'[3]5월'!$BD$26/1000 -> 0 | X36: =+U36-W36 -> 0
G37: =+I37 -> 대손 | I37: 대손 | N37: =+K37-M37 -> 0 | Q37: =+P37-O37 -> 0 | S37: =+P37-R37 -> 0 | U37: ='[2]5월'!$BE$26/1000 -> 0 | V37: =+U37-T37 -> 0 | W37: ='[3]5월'!$BE$26/1000 -> 0 | X37: =+U37-W37 -> 0
G38: =+I38 -> 미운영 공장 | I38: 미운영 공장 | M38: =SUM(M54:M57) -> 0 | N38: =+K38-M38 -> 0 | Q38: =+P38-O38 -> 0 | R38: =+IFERROR(HLOOKUP($I$38,'[3]5월'!$F$6:$BJ$50,3,),)/1000 -> 188.626 | S38: =+P38-R38 -> -188.626 | T38: =SUM('[1]5월'!$AM$26:$AQ$26)/1000 -> -35.767484 | U38: =+'[2]5월'!$BF$26/1000 -> -97.949849 | V38: =+U38-T38 -> -62.182365 | W38: =+'[3]5월'!$BF$26/1000 -> 24.20909 | X38: =+U38-W38 -> -122.15894
B39: 기타 계 | G39: =+I39 -> 기타 | I39: 기타 | L39: =+K39-J39 -> 0 | N39: =+K39-M39 -> 0 | O39: =IFERROR(HLOOKUP($B39,'[1]5월'!$D$6:$BN$259,3,),)/1000 -> 1.77 | P39: =+('[2]5월'!$F$8-SUM('[2]5월'!$Z$8,'[2]5월'!$AH$8,'[2]5월'!$AN$8,'[2]5월'!$AO$8,'[2]5월'!$BA$8,'[2]5월'!$BD$8,'[2]5월'!$BE$8,'[2]5월'!$BF$8))/1000 -> 1.704 | Q39: =+P39-O39 -> -0.066 | R39: =+('[3]5월'!$F$8-SUM('[3]5월'!$Z$8,'[3]5월'!$AH$8,'[3]5월'!$AN$8,'[3]5월'!$AO$8,'[3]5월'!$BA$8,'[3]5월'!$BD$8,'[3]5월'!$BE$8,'[3]5월'!$BF$8))/1000 -> -32.2379 | S39: =+P39-R39 -> 33.9419 | T39: =+('[1]5월'!$E$26-'[1]5월'!$Z$26-'[1]5월'!$AA$26-'[1]5월'!$AE$26-'[1]5월'!$AL$26-'[1]5월'!$AM$26-'[1]5월'!$AN$26-'[1]5월'!$AO$26-'[1]5월'!$AP$26-'[1]5월'!$AQ$26-'[1]5월'!$AS$26)/1000 -> -79.281808 | U39: =+('[2]5월'!$F$26-SUM('[2]5월'!$Z$26,'[2]5월'!$AH$26,'[2]5월'!$AN$26,'[2]5월'!$AO$26,'[2]5월'!$BA$26,'[2]5월'!$BD$26,'[2]5월'!$BE$26,'[2]5월'!$BF$26))/1000 -> -16.881884 | V39: =+U39-T39 -> 62.399924 | W39: =+('[3]5월'!$F$26-SUM('[3]5월'!$Z$26,'[3]5월'!$AH$26,'[3]5월'!$AN$26,'[3]5월'!$AO$26,'[3]5월'!$BA$26,'[3]5월'!$BD$26,'[3]5월'!$BE$26,'[3]5월'!$BF$26))/1000 -> -51.306531 | X39: =+U39-W39 -> 34.424647
N40: =+K40-M40 -> 0 | Q40: =+P40-O40 -> 0 | S40: =+P40-R40 -> 0 | V40: =+U40-T40 -> 0
H41: 기타 계 | J41: =SUM(J33:J40) -> 0 | K41: =SUM(K33:K40) -> 0 | L41: =+K41-J41 -> 0 | M41: =SUM(M33:M40) -> 0 | N41: =+K41-M41 -> 0 | O41: =SUM(O33:O40) -> 164.9075 | P41: =SUM(P33:P40) -> 166.22714 | Q41: =+P41-O41 -> 1.3196357 | R41: =SUM(R33:R40) -> 330.12234 | S41: =+P41-R41 -> -163.8952 | T41: =SUM(T33:T40) -> -1144.1403 | U41: =SUM(U33:U40) -> -1139.437 | V41: =+U41-T41 -> 4.7033704 | W41: =SUM(W33:W40) -> -944.52053 | X41: =+U41-W41 -> -194.91642
U42: 19 | V42: 12.4
G43: =+P43/O43 -> 1.0757063 | H43: 합계 | O43: =+O27+O32+O28+O41 -> 43731.984 | P43: =+P27+P32+P28+P41 -> 47042.77 | Q43: =+P43-O43 -> 3310.7862 | R43: =+R27+R32+R28+R41 -> 46501.414 | S43: =+P43-R43 -> 541.35527 | T43: =+T27+T32+T28+T41 -> 4378.8909 | U43: =+U27+U32+U28+U41 -> 4217.2923 | V43: =+U43-T43 -> -161.59861 | W43: =+W27+W32+W28+W41 -> 6018.3726 | X43: =+U43-W43 -> -1801.0804
G44: =+U43/T43 -> 0.963096 | T44: =+T43/O43 -> 0.10013017 | U44: =+U43/P43 -> 0.089648043
I46: 확인 | J46: =+'[1]5월'!$Z$7/1000 -> 314 | K46: =+'[2]5월'!$AI$7/1000 -> 347.129 | M46: =+'[3]5월'!$Z$7/1000 -> 364.4015 | O46: =+'[1]5월'!$E$8/1000 -> 43731.984 | P46: =+'[2]5월'!$F$8/1000 -> 47042.77 | R46: =+'[3]5월'!$F$8/1000 -> 46501.414 | T46: =+'[1]5월'!$E$26/1000 -> 4378.8909 | U46: =+'[2]5월'!$F$26/1000 -> 4217.2923 | W46: =+'[3]5월'!$F$26/1000 -> 6018.3726
J47: =+J46-J27 -> 0 | K47: =+K46-K27 -> 0 | M47: =+M46-M27 -> 0 | O47: =+O46-O43 -> 0 | P47: =+P46-P43 -> 0 | R47: =+R46-R43 -> 0 | T47: =+T46-T43 -> 0 | U47: =+U46-U43 -> 0 | W47: =+W46-W43 -> 0

Sheet 사업장별(누계)
H3: □ 사업장별 손익실적(2024-05누계)
AG4: [단위 : 천㎥, 톤, 백만원]
H5: 구분 | J5: 물량 | O5: 매출 | T5: 영업이익(공통비 배부전) | Y5: 판매단가 | AB5: 변동비 | AE5: 공헌이익
J6: 계획 | K6: 실적 | L6: 차이 | M6: 전년 | N6: 차이 | O6: 계획 | P6: 실적 | Q6: 차이 | R6: 전년 | S6: 차이 | T6: 계획 | U6: 실적 | V6: 차이 | W6: 전년 | X6: 차이 | Y6: 계획 | Z6: 실적 | AA6: 전년 | AB6: 계획 | AC6: 실적 | AD6: 전년 | AE6: 계획 | AF6: 실적 | AG6: 전년
B7: 안양 | F7: =+U7/T7 -> 0.88106239 | G7: =+K7/J7 -> 1.0460594 | H7: 레미콘 | I7: 안양 | J7: =+'사업장별(당월)'!J7+'[4]사업장별(누계)'!J7 -> 202 | K7: =+'사업장별(당월)'!K7+'[4]사업장별(누계)'!K7 -> 211.304 | L7: =+K7-J7 -> 9.304 | M7: =+'사업장별(당월)'!M7+'[4]사업장별(누계)'!M7 -> 224.425 | N7: =+K7-M7 -> -13.121 | O7: =+'사업장별(당월)'!O7+'[4]사업장별(누계)'!O7 -> 20088.774 | P7: =+'사업장별(당월)'!P7+'[4]사업장별(누계)'!P7 -> 20962.964 | Q7: =+P7-O7 -> 874.19012 | R7: =+'사업장별(당월)'!R7+'[4]사업장별(누계)'!R7 -> 20504.1 | S7: =+P7-R7 -> 458.8643 | T7: =+'사업장별(당월)'!T7+'[4]사업장별(누계)'!T7 -> 2554.9771 | U7: =+'사업장별(당월)'!U7+'[4]사업장별(누계)'!U7 -> 2251.0942 | V7: =+U7-T7 -> -303.88287 | W7: =+'사업장별(당월)'!W7+'[4]사업장별(누계)'!W7 -> 2773.1319 | X7: =+U7-W7 -> -522.03768 | Y7: =+[11]안양!$Q$85 -> 99449.376 | Z7: =+[11]안양!$R$85 -> 99203.365 | AA7: =+[12]안양!$Q$85 -> 91346.276 | AB7: =+[11]안양!$Q$89 -> 79340.078 | AC7: =+[11]안양!$R$89 -> 81339.683 | AD7: =+[12]안양!$Q$89 -> 72646.211 | AE7: =+Y7-AB7 -> 20109.298 | AF7: =+Z7-AC7 -> 17863.682 | AG7: =+AA7-AD7 -> 18700.064 | AI7: 22.510942
B8: 인천 | F8: =+U8/T8 -> 0.86955277 | G8: =+K8/J8 -> 0.95938 | H8: 직영 | I8: 인천 | J8: =+'사업장별(당월)'!J8+'[4]사업장별(누계)'!J8 -> 150 | K8: =+'사업장별(당월)'!K8+'[4]사업장별(누계)'!K8 -> 143.907 | L8: =+K8-J8 -> -6.093 | M8: =+'사업장별(당월)'!M8+'[4]사업장별(누계)'!M8 -> 192.295 | N8: =+K8-M8 -> -48.388 | O8: =+'사업장별(당월)'!O8+'[4]사업장별(누계)'!O8 -> 15138.052 | P8: =+'사업장별(당월)'!P8+'[4]사업장별(누계)'!P8 -> 14464.339 | Q8: =+P8-O8 -> -673.7127 | R8: =+'사업장별(당월)'!R8+'[4]사업장별(누계)'!R8 -> 17944.412 | S8: =+P8-R8 -> -3480.0726 | T8: =+'사업장별(당월)'!T8+'[4]사업장별(누계)'!T8 -> 1404.9972 | U8: =+'사업장별(당월)'!U8+'[4]사업장별(누계)'!U8 -> 1221.7192 | V8: =+U8-T8 -> -183.27799 | W8: =+'사업장별(당월)'!W8+'[4]사업장별(누계)'!W8 -> 2043.5013 | X8: =+U8-W8 -> -821.78213 | Y8: =+[11]인천!$Q$85 -> 100920.35 | Z8: =+[11]인천!$R$85 -> 100511.71 | AA8: =+[12]인천!$Q$85 -> 93314.806 | AB8: =+[11]인천!$Q$89 -> 81598.631 | AC8: =+[11]인천!$R$89 -> 82210.921 | AD8: =+[12]인천!$Q$89 -> 75063.123 | AE8: =+Y8-AB8 -> 19321.714 | AF8: =+Z8-AC8 -> 18300.792 | AG8: =+AA8-AD8 -> 18251.684 | AI8: 12.217192
B9: 파주 | F9: =+U9/T9 -> 0.66371001 | G9: =+K9/J9 -> 1.0031382 | I9: 파주 | J9: =+'사업장별(당월)'!J9+'[4]사업장별(누계)'!J9 -> 123 | K9: =+'사업장별(당월)'!K9+'[4]사업장별(누계)'!K9 -> 123.386 | L9: =+K9-J9 -> 0.386 | M9: =+'사업장별(당월)'!M9+'[4]사업장별(누계)'!M9 -> 122.939 | N9: =+K9-M9 -> 0.447 | O9: =+'사업장별(당월)'!O9+'[4]사업장별(누계)'!O9 -> 12024.145 | P9: =+'사업장별(당월)'!P9+'[4]사업장별(누계)'!P9 -> 12286.365 | Q9: =+P9-O9 -> 262.21966 | R9: =+'사업장별(당월)'!R9+'[4]사업장별(누계)'!R9 -> 11063.622 | S9: =+P9-R9 -> 1222.7428 | T9: =+'사업장별(당월)'!T9+'[4]사업장별(누계)'!T9 -> 1468.7438 | U9: =+'사업장별(당월)'!U9+'[4]사업장별(누계)'!U9 -> 974.81997 | V9: =+U9-T9 -> -493.92384 | W9: =+'사업장별(당월)'!W9+'[4]사업장별(누계)'!W9 -> 945.7502 | X9: =+U9-W9 -> 29.069775 | Y9: =+[11]파주!$Q$85 -> 97757.28 | Z9: =+[11]파주!$R$85 -> 99613.277 | AA9: =+[12]파주!$Q$85 -> 89960.426 | AB9: =+[11]파주!$Q$89 -> 76694.358 | AC9: =+[11]파주!$R$89 -> 82206.609 | AD9: =+[12]파주!$Q$89 -> 73151.924 | AE9: =+Y9-AB9 -> 21062.922 | AF9: =+Z9-AC9 -> 17406.667 | AG9: =+AA9-AD9 -> 16808.502 | AI9: 9.7481997
B10: 김포 | F10: =+U10/T10 -> 0.91705078 | G10: =+K10/J10 -> 0.9450458 | I10: 김포 | J10: =+'사업장별(당월)'!J10+'[4]사업장별(누계)'!J10 -> 65.5 | K10: =+'사업장별(당월)'!K10+'[4]사업장별(누계)'!K10 -> 61.9005 | L10: =+K10-J10 -> -3.5995 | M10: =+'사업장별(당월)'!M10+'[4]사업장별(누계)'!M10 -> 85.1005 | N10: =+K10-M10 -> -23.2 | O10: =+'사업장별(당월)'!O10+'[4]사업장별(누계)'!O10 -> 6199.3665 | P10: =+'사업장별(당월)'!P10+'[4]사업장별(누계)'!P10 -> 6138.8182 | Q10: =+P10-O10 -> -60.548297 | R10: =+'사업장별(당월)'!R10+'[4]사업장별(누계)'!R10 -> 7477.5849 | S10: =+P10-R10 -> -1338.7667 | T10: =+'사업장별(당월)'!T10+'[4]사업장별(누계)'!T10 -> 677.79726 | U10: =+'사업장별(당월)'!U10+'[4]사업장별(누계)'!U10 -> 621.5745 | V10: =+U10-T10 -> -56.222756 | W10: =+'사업장별(당월)'!W10+'[4]사업장별(누계)'!W10 -> 956.62001 | X10: =+U10-W10 -> -335.04551 | Y10: =+[11]김포!$Q$85 -> 94646.817 | Z10: =+[11]김포!$R$85 -> 99202.658 | AA10: =+[12]김포!$Q$85 -> 87815.031 | AB10: =+[11]김포!$Q$89 -> 71555.624 | AC10: =+[11]김포!$R$89 -> 76358.732 | AD10: =+[12]김포!$Q$89 -> 67102.292 | AE10: =+Y10-AB10 -> 23091.193 | AF10: =+Z10-AC10 -> 22843.926 | AG10: =+AA10-AD10 -> 20712.739 | AI10: 6.215745
B11: 부산 | F11: =+U11/T11 -> 1.0375313 | G11: =+K11/J11 -> 1.2165968 | I11: 부산 | J11: =+'사업장별(당월)'!J11+'[4]사업장별(누계)'!J11 -> 93 | K11: =+'사업장별(당월)'!K11+'[4]사업장별(누계)'!K11 -> 113.1435 | L11: =+K11-J11 -> 20.1435 | M11: =+'사업장별(당월)'!M11+'[4]사업장별(누계)'!M11 -> 125.8755 | N11: =+K11-M11 -> -12.732 | O11: =+'사업장별(당월)'!O11+'[4]사업장별(누계)'!O11 -> 10006.81 | P11: =+'사업장별(당월)'!P11+'[4]사업장별(누계)'!P11 -> 12068.068 | Q11: =+P11-O11 -> 2061.2579 | R11: =+'사업장별(당월)'!R11+'[4]사업장별(누계)'!R11 -> 12750.467 | S11: =+P11-R11 -> -682.39891 | T11: =+'사업장별(당월)'!T11+'[4]사업장별(누계)'!T11 -> 1351.1309 | U11: =+'사업장별(당월)'!U11+'[4]사업장별(누계)'!U11 -> 1401.8406 | V11: =+U11-T11 -> 50.709659 | W11: =+'사업장별(당월)'!W11+'[4]사업장별(누계)'!W11 -> 2392.4509 | X11: =+U11-W11 -> -990.61032 | Y11: =+[11]부산!$Q$85 -> 107600.11 | Z11: =+[11]부산!$R$85 -> 106661.61 | AA11: =+[12]부산!$Q$85 -> 101294.27 | AB11: =+[11]부산!$Q$89 -> 78742.472 | AC11: =+[11]부산!$R$89 -> 83541.955 | AD11: =+[12]부산!$Q$89 -> 72839.146 | AE11: =+Y11-AB11 -> 28857.633 | AF11: =+Z11-AC11 -> 23119.653 | AG11: =+AA11-AD11 -> 28455.121 | AI11: 14.018406
B12: 서부산 | F12: =+U12/T12 -> 0.69124892 | G12: =+K12/J12 -> 0.97371552 | I12: 서부산 | J12: =+'사업장별(당월)'!J12+'[4]사업장별(누계)'!J12 -> 116 | K12: =+'사업장별(당월)'!K12+'[4]사업장별(누계)'!K12 -> 112.951 | L12: =+K12-J12 -> -3.049 | M12: =+'사업장별(당월)'!M12+'[4]사업장별(누계)'!M12 -> 109.014 | N12: =+K12-M12 -> 3.937 | O12: =+'사업장별(당월)'!O12+'[4]사업장별(누계)'!O12 -> 12008.837 | P12: =+'사업장별(당월)'!P12+'[4]사업장별(누계)'!P12 -> 11446.633 | Q12: =+P12-O12 -> -562.20352 | R12: =+'사업장별(당월)'!R12+'[4]사업장별(누계)'!R12 -> 10733.915 | S12: =+P12-R12 -> 712.71862 | T12: =+'사업장별(당월)'!T12+'[4]사업장별(누계)'!T12 -> 1999.669 | U12: =+'사업장별(당월)'!U12+'[4]사업장별(누계)'!U12 -> 1382.269 | V12: =+U12-T12 -> -617.39997 | W12: =+'사업장별(당월)'!W12+'[4]사업장별(누계)'!W12 -> 1813.6501 | X12: =+U12-W12 -> -431.38104 | Y12: =+[11]서부산!$Q$85 -> 103524.46 | Z12: =+[11]서부산!$R$85 -> 101341.58 | AA12: =+[12]서부산!$Q$85 -> 98463.635 | AB12: =+[11]서부산!$Q$89 -> 77503.934 | AC12: =+[11]서부산!$R$89 -> 79342.203 | AD12: =+[12]서부산!$Q$89 -> 72571.448 | AE12: =+Y12-AB12 -> 26020.522 | AF12: =+Z12-AC12 -> 21999.382 | AG12: =+AA12-AD12 -> 25892.187 | AI12: 13.82269
B13: 김해 | F13: =+U13/T13 -> 0.74220105 | G13: =+K13/J13 -> 1.1685965 | I13: 김해 | J13: =+'사업장별(당월)'!J13+'[4]사업장별(누계)'!J13 -> 57 | K13: =+'사업장별(당월)'!K13+'[4]사업장별(누계)'!K13 -> 66.61 | L13: =+K13-J13 -> 9.61 | M13: =+'사업장별(당월)'!M13+'[4]사업장별(누계)'!M13 -> 68.777 | N13: =+K13-M13 -> -2.167 | O13: =+'사업장별(당월)'!O13+'[4]사업장별(누계)'!O13 -> 5756.9988 | P13: =+'사업장별(당월)'!P13+'[4]사업장별(누계)'!P13 -> 6529.6297 | Q13: =+P13-O13 -> 772.6309 | R13: =+'사업장별(당월)'!R13+'[4]사업장별(누계)'!R13 -> 6615.8877 | S13: =+P13-R13 -> -86.258 | T13: =+'사업장별(당월)'!T13+'[4]사업장별(누계)'!T13 -> 653.85847 | U13: =+'사업장별(당월)'!U13+'[4]사업장별(누계)'!U13 -> 485.29445 | V13: =+U13-T13 -> -168.56403 | W13: =+'사업장별(당월)'!W13+'[4]사업장별(누계)'!W13 -> 878.32125 | X13: =+U13-W13 -> -393.0268 | Y13: =+[11]김해!$Q$85 -> 100999.98 | Z13: =+[11]김해!$R$85 -> 98145.406 | AA13: =+[12]김해!$Q$85 -> 96204.349 | AB13: =+[11]김해!$Q$89 -> 76485.713 | AC13: =+[11]김해!$R$89 -> 79751.019 | AD13: =+[12]김해!$Q$89 -> 73278.852 | AE13: =+Y13-AB13 -> 24514.266 | AF13: =+Z13-AC13 -> 18394.387 | AG13: =+AA13-AD13 -> 22925.497 | AI13: 4.8529445
B14: 정관 | F14: =+U14/T14 -> 0.88872749 | G14: =+K14/J14 -> 1.1677216 | I14: 정관 | J14: =+'사업장별(당월)'!J14+'[4]사업장별(누계)'!J14 -> 88 | K14: =+'사업장별(당월)'!K14+'[4]사업장별(누계)'!K14 -> 102.7595 | L14: =+K14-J14 -> 14.7595 | M14: =+'사업장별(당월)'!M14+'[4]사업장별(누계)'!M14 -> 99.247 | N14: =+K14-M14 -> 3.5125 | O14: =+'사업장별(당월)'!O14+'[4]사업장별(누계)'!O14 -> 9152 | P14: =+'사업장별(당월)'!P14+'[4]사업장별(누계)'!P14 -> 10528.989 | Q14: =+P14-O14 -> 1376.9892 | R14: =+'사업장별(당월)'!R14+'[4]사업장별(누계)'!R14 -> 9848.3495 | S14: =+P14-R14 -> 680.63971 | T14: =+'사업장별(당월)'!T14+'[4]사업장별(누계)'!T14 -> 1236.2616 | U14: =+'사업장별(당월)'!U14+'[4]사업장별(누계)'!U14 -> 1098.6997 | V14: =+U14-T14 -> -137.56193 | W14: =+'사업장별(당월)'!W14+'[4]사업장별(누계)'!W14 -> 1553.7414 | X14: =+U14-W14 -> -455.04174 | Y14: =+[11]정관!$Q$85 -> 104000 | Z14: =+[11]정관!$R$85 -> 102462.44 | AA14: =+[12]정관!$Q$85 -> 99230.703 | AB14: =+[11]정관!$Q$89 -> 78480.533 | AC14: =+[11]정관!$R$89 -> 82233.768 | AD14: =+[12]정관!$Q$89 -> 73977.793 | AE14: =+Y14-AB14 -> 25519.467 | AF14: =+Z14-AC14 -> 20228.673 | AG14: =+AA14-AD14 -> 25252.91 | AI14: 10.986997
B15: 양산 | F15: =+U15/T15 -> 1.0051366 | G15: =+K15/J15 -> 1.2011963 | I15: 양산 | J15: =+'사업장별(당월)'!J15+'[4]사업장별(누계)'!J15 -> 53.5 | K15: =+'사업장별(당월)'!K15+'[4]사업장별(누계)'!K15 -> 64.264 | L15: =+K15-J15 -> 10.764 | M15: =+'사업장별(당월)'!M15+'[4]사업장별(누계)'!M15 -> 72.04 | N15: =+K15-M15 -> -7.776 | O15: =+'사업장별(당월)'!O15+'[4]사업장별(누계)'!O15 -> 5164.2215 | P15: =+'사업장별(당월)'!P15+'[4]사업장별(누계)'!P15 -> 6027.5193 | Q15: =+P15-O15 -> 863.29784 | R15: =+'사업장별(당월)'!R15+'[4]사업장별(누계)'!R15 -> 6747.5581 | S15: =+P15-R15 -> -720.03874 | T15: =+'사업장별(당월)'!T15+'[4]사업장별(누계)'!T15 -> 647.48811 | U15: =+'사업장별(당월)'!U15+'[4]사업장별(누계)'!U15 -> 650.81403 | V15: =+U15-T15 -> 3.3259165 | W15: =+'사업장별(당월)'!W15+'[4]사업장별(누계)'!W15 -> 1154.4806 | X15: =+U15-W15 -> -503.66655 | Y15: =+[11]양산!$Q$85 -> 96527.505 | Z15: =+[11]양산!$R$85 -> 93793.093 | AA15: =+[12]양산!$Q$85 -> 93666.996 | AB15: =+[11]양산!$Q$89 -> 71179.418 | AC15: =+[11]양산!$R$89 -> 72858.369 | AD15: =+[12]양산!$Q$89 -> 67613.572 | AE15: =+Y15-AB15 -> 25348.086 | AF15: =+Z15-AC15 -> 20934.724 | AG15: =+AA15-AD15 -> 26053.424 | AI15: 6.5081403
B16: 창원 | F16: =+U16/T16 -> 1.1330222 | G16: =+K16/J16 -> 1.1069634 | I16: 창원 | J16: =+'사업장별(당월)'!J16+'[4]사업장별(누계)'!J16 -> 82 | K16: =+'사업장별(당월)'!K16+'[4]사업장별(누계)'!K16 -> 90.771 | L16: =+K16-J16 -> 8.771 | M16: =+'사업장별(당월)'!M16+'[4]사업장별(누계)'!M16 -> 102.044 | N16: =+K16-M16 -> -11.273 | O16: =+'사업장별(당월)'!O16+'[4]사업장별(누계)'!O16 -> 8204.138 | P16: =+'사업장별(당월)'!P16+'[4]사업장별(누계)'!P16 -> 9261.8741 | Q16: =+P16-O16 -> 1057.7361 | R16: =+'사업장별(당월)'!R16+'[4]사업장별(누계)'!R16 -> 9577.4531 | S16: =+P16-R16 -> -315.57895 | T16: =+'사업장별(당월)'!T16+'[4]사업장별(누계)'!T16 -> 1326.0222 | U16: =+'사업장별(당월)'!U16+'[4]사업장별(누계)'!U16 -> 1502.4126 | V16: =+U16-T16 -> 176.3904 | W16: =+'사업장별(당월)'!W16+'[4]사업장별(누계)'!W16 -> 1885.3214 | X16: =+U16-W16 -> -382.90875 | Y16: =+[11]창원!$Q$85 -> 100050.46 | Z16: =+[11]창원!$R$85 -> 102035.61 | AA16: =+[12]창원!$Q$85 -> 93856.112 | AB16: =+[11]창원!$Q$89 -> 72148.997 | AC16: =+[11]창원!$R$89 -> 75019.241 | AD16: =+[12]창원!$Q$89 -> 66518.157 | AE16: =+Y16-AB16 -> 27901.467 | AF16: =+Z16-AC16 -> 27016.367 | AG16: =+AA16-AD16 -> 27337.955 | AI16: 15.024126
B17: 대구 | F17: =+U17/T17 -> 1.0982909 | G17: =+K17/J17 -> 1.0891776 | I17: 대구 | J17: =+'사업장별(당월)'!J17+'[4]사업장별(누계)'!J17 -> 76 | K17: =+'사업장별(당월)'!K17+'[4]사업장별(누계)'!K17 -> 82.7775 | L17: =+K17-J17 -> 6.7775 | M17: =+'사업장별(당월)'!M17+'[4]사업장별(누계)'!M17 -> 105.02 | N17: =+K17-M17 -> -22.2425 | O17: =+'사업장별(당월)'!O17+'[4]사업장별(누계)'!O17 -> 7432.14 | P17: =+'사업장별(당월)'!P17+'[4]사업장별(누계)'!P17 -> 8334.4383 | Q17: =+P17-O17 -> 902.29834 | R17: =+'사업장별(당월)'!R17+'[4]사업장별(누계)'!R17 -> 9646.4335 | S17: =+P17-R17 -> -1311.9951 | T17: =+'사업장별(당월)'!T17+'[4]사업장별(누계)'!T17 -> 1194.1501 | U17: =+'사업장별(당월)'!U17+'[4]사업장별(누계)'!U17 -> 1311.5241 | V17: =+U17-T17 -> 117.37408 | W17: =+'사업장별(당월)'!W17+'[4]사업장별(누계)'!W17 -> 1842.161 | X17: =+U17-W17 -> -530.6369 | Y17: =+[11]대구!$Q$85 -> 97791.316 | Z17: =+[11]대구!$R$85 -> 100684.83 | AA17: =+[12]대구!$Q$85 -> 91851.778 | AB17: =+[11]대구!$Q$89 -> 70357.878 | AC17: =+[11]대구!$R$89 -> 74578.546 | AD17: =+[12]대구!$Q$89 -> 66108.887 | AE17: =+Y17-AB17 -> 27433.438 | AF17: =+Z17-AC17 -> 26106.282 | AG17: =+AA17-AD17 -> 25742.891 | AI17: 13.115241
B18: 울산 | F18: =+U18/T18 -> 15.341932 | G18: =+K18/J18 -> 1.1876912 | I18: 울산 | J18: =+'사업장별(당월)'!J18+'[4]사업장별(누계)'!J18 -> 34 | K18: =+'사업장별(당월)'!K18+'[4]사업장별(누계)'!K18 -> 40.3815 | L18: =+K18-J18 -> 6.3815 | M18: =+'사업장별(당월)'!M18+'[4]사업장별(누계)'!M18 -> 47.9 | N18: =+K18-M18 -> -7.5185 | O18: =+'사업장별(당월)'!O18+'[4]사업장별(누계)'!O18 -> 3362.8514 | P18: =+'사업장별(당월)'!P18+'[4]사업장별(누계)'!P18 -> 4177.3492 | Q18: =+P18-O18 -> 814.49788 | R18: =+'사업장별(당월)'!R18+'[4]사업장별(누계)'!R18 -> 4496.8904 | S18: =+P18-R18 -> -319.54121 | T18: =+'사업장별(당월)'!T18+'[4]사업장별(누계)'!T18 -> 18.435367 | U18: =+'사업장별(당월)'!U18+'[4]사업장별(누계)'!U18 -> 282.83415 | V18: =+U18-T18 -> 264.39878 | W18: =+'사업장별(당월)'!W18+'[4]사업장별(누계)'!W18 -> 360.88302 | X18: =+U18-W18 -> -78.048873 | Y18: =+[11]울산!$Q$85 -> 98907.393 | Z18: =+[11]울산!$R$85 -> 103447.1 | AA18: =+[12]울산!$Q$85 -> 93897.449 | AB18: =+[11]울산!$Q$89 -> 78396.575 | AC18: =+[11]울산!$R$89 -> 80952.083 | AD18: =+[12]울산!$Q$89 -> 72812.394 | AE18: =+Y18-AB18 -> 20510.818 | AF18: =+Z18-AC18 -> 22495.021 | AG18: =+AA18-AD18 -> 21085.055 | AI18: 2.8283415
B19: 아산 | F19: =+U19/T19 -> 1.259477 | G19: =+K19/J19 -> 1.2713398 | I19: 아산 | J19: =+'사업장별(당월)'!J19+'[4]사업장별(누계)'!J19 -> 103 | K19: =+'사업장별(당월)'!K19+'[4]사업장별(누계)'!K19 -> 130.948 | L19: =+K19-J19 -> 27.948 | M19: =+'사업장별(당월)'!M19+'[4]사업장별(누계)'!M19 -> 133.692 | N19: =+K19-M19 -> -2.744 | O19: =+'사업장별(당월)'!O19+'[4]사업장별(누계)'!O19 -> 10402.992 | P19: =+'사업장별(당월)'!P19+'[4]사업장별(누계)'!P19 -> 13357.753 | Q19: =+P19-O19 -> 2954.7617 | R19: =+'사업장별(당월)'!R19+'[4]사업장별(누계)'!R19 -> 12639.412 | S19: =+P19-R19 -> 718.34174 | T19: =+'사업장별(당월)'!T19+'[4]사업장별(누계)'!T19 -> 1429.5103 | U19: =+'사업장별(당월)'!U19+'[4]사업장별(누계)'!U19 -> 1800.4353 | V19: =+U19-T19 -> 370.92503 | W19: =+'사업장별(당월)'!W19+'[4]사업장별(누계)'!W19 -> 2301.4077 | X19: =+U19-W19 -> -500.97242 | Y19: =+[11]아산!$Q$85 -> 100999.92 | Z19: =+[11]아산!$R$85 -> 101935.93 | AA19: =+[12]아산!$Q$85 -> 94630.714 | AB19: =+[11]아산!$Q$89 -> 76585.889 | AC19: =+[11]아산!$R$89 -> 78459.871 | AD19: =+[12]아산!$Q$89 -> 68111.879 | AE19: =+Y19-AB19 -> 24414.031 | AF19: =+Z19-AC19 -> 23476.062 | AG19: =+AA19-AD19 -> 26518.835 | AI19: 18.004353
B20: 전주 | F20: =+U20/T20 -> 0.30558744 | G20: =+K20/J20 -> 0.71304464 | I20: 전주 | J20: =+'사업장별(당월)'!J20+'[4]사업장별(누계)'!J20 -> 56 | K20: =+'사업장별(당월)'!K20+'[4]사업장별(누계)'!K20 -> 39.9305 | L20: =+K20-J20 -> -16.0695 | M20: =+'사업장별(당월)'!M20+'[4]사업장별(누계)'!M20 -> 52.6105 | N20: =+K20-M20 -> -12.68 | O20: =+'사업장별(당월)'!O20+'[4]사업장별(누계)'!O20 -> 5751.4434 | P20: =+'사업장별(당월)'!P20+'[4]사업장별(누계)'!P20 -> 3846.4987 | Q20: =+P20-O20 -> -1904.9447 | R20: =+'사업장별(당월)'!R20+'[4]사업장별(누계)'!R20 -> 4937.1903 | S20: =+P20-R20 -> -1090.6916 | T20: =+'사업장별(당월)'!T20+'[4]사업장별(누계)'!T20 -> 858.54946 | U20: =+'사업장별(당월)'!U20+'[4]사업장별(누계)'!U20 -> 262.36193 | V20: =+U20-T20 -> -596.18753 | W20: =+'사업장별(당월)'!W20+'[4]사업장별(누계)'!W20 -> 632.2616 | X20: =+U20-W20 -> -369.89967 | Y20: =+[11]전주!$Q$85 -> 102704.35 | Z20: =+[11]전주!$R$85 -> 96333.026 | AA20: =+[12]전주!$Q$85 -> 93937.213 | AB20: =+[11]전주!$Q$89 -> 74069.226 | AC20: =+[11]전주!$R$89 -> 71532.535 | AD20: =+[12]전주!$Q$89 -> 67789.553 | AE20: =+Y20-AB20 -> 28635.121 | AF20: =+Z20-AC20 -> 24800.491 | AG20: =+AA20-AD20 -> 26147.66 | AI20: 2.6236193
B21: 군산 | F21: =+U21/T21 -> 1.6562431 | G21: =+K21/J21 -> 1.4297049 | I21: 군산 | J21: =+'사업장별(당월)'!J21+'[4]사업장별(누계)'!J21 -> 30.5 | K21: =+'사업장별(당월)'!K21+'[4]사업장별(누계)'!K21 -> 43.606 | L21: =+K21-J21 -> 13.106 | M21: =+'사업장별(당월)'!M21+'[4]사업장별(누계)'!M21 -> 42.803 | N21: =+K21-M21 -> 0.803 | O21: =+'사업장별(당월)'!O21+'[4]사업장별(누계)'!O21 -> 3327.8844 | P21: =+'사업장별(당월)'!P21+'[4]사업장별(누계)'!P21 -> 4802.1135 | Q21: =+P21-O21 -> 1474.2291 | R21: =+'사업장별(당월)'!R21+'[4]사업장별(누계)'!R21 -> 4117.113 | S21: =+P21-R21 -> 685.00048 | T21: =+'사업장별(당월)'!T21+'[4]사업장별(누계)'!T21 -> 796.0309 | U21: =+'사업장별(당월)'!U21+'[4]사업장별(누계)'!U21 -> 1318.4207 | V21: =+U21-T21 -> 522.38975 | W21: =+'사업장별(당월)'!W21+'[4]사업장별(누계)'!W21 -> 971.87315 | X21: =+U21-W21 -> 346.5475 | Y21: =+[11]군산!$Q$85 -> 109110.96 | Z21: =+[11]군산!$R$85 -> 110136.01 | AA21: =+[12]군산!$Q$85 -> 96092.708 | AB21: =+[11]군산!$Q$89 -> 69719.176 | AC21: =+[11]군산!$R$89 -> 70761.154 | AD21: =+[12]군산!$Q$89 -> 63332.934 | AE21: =+Y21-AB21 -> 39391.788 | AF21: =+Z21-AC21 -> 39374.851 | AG21: =+AA21-AD21 -> 32759.774 | AI21: 13.184207
B22: 원주 | F22: =+U22/T22 -> 1.4813236 | G22: =+K22/J22 -> 1.10698 | I22: 원주 | J22: =+'사업장별(당월)'!J22+'[4]사업장별(누계)'!J22 -> 25 | K22: =+'사업장별(당월)'!K22+'[4]사업장별(누계)'!K22 -> 27.6745 | L22: =+K22-J22 -> 2.6745 | M22: =+'사업장별(당월)'!M22+'[4]사업장별(누계)'!M22 -> 21.8525 | N22: =+K22-M22 -> 5.822 | O22: =+'사업장별(당월)'!O22+'[4]사업장별(누계)'!O22 -> 2697.5 | P22: =+'사업장별(당월)'!P22+'[4]사업장별(누계)'!P22 -> 3083.4445 | Q22: =+P22-O22 -> 385.94454 | R22: =+'사업장별(당월)'!R22+'[4]사업장별(누계)'!R22 -> 2205.5167 | S22: =+P22-R22 -> 877.92783 | T22: =+'사업장별(당월)'!T22+'[4]사업장별(누계)'!T22 -> 416.64633 | U22: =+'사업장별(당월)'!U22+'[4]사업장별(누계)'!U22 -> 617.18805 | V22: =+U22-T22 -> 200.54172 | W22: =+'사업장별(당월)'!W22+'[4]사업장별(누계)'!W22 -> 347.13973 | X22: =+U22-W22 -> 270.04832 | Y22: =+[11]원주!$Q$85 -> 107900 | Z22: =+[11]원주!$R$85 -> 111428.1 | AA22: =+[12]원주!$Q$85 -> 100920.66 | AB22: =+[11]원주!$Q$89 -> 73817.113 | AC22: =+[11]원주!$R$89 -> 73028.892 | AD22: =+[12]원주!$Q$89 -> 66254.14 | AE22: =+Y22-AB22 -> 34082.887 | AF22: =+Z22-AC22 -> 38399.208 | AG22: =+AA22-AD22 -> 34666.525 | AI22: 6.1718805
B23: 제주 | F23: =+U23/T23 -> 0.5764907 | G23: =+K23/J23 -> 0.6991875 | I23: 제주 | J23: =+'사업장별(당월)'!J23+'[4]사업장별(누계)'!J23 -> 24 | K23: =+'사업장별(당월)'!K23+'[4]사업장별(누계)'!K23 -> 16.7805 | L23: =+K23-J23 -> -7.2195 | M23: =+'사업장별(당월)'!M23+'[4]사업장별(누계)'!M23 -> 38.414 | N23: =+K23-M23 -> -21.6335 | O23: =+'사업장별(당월)'!O23+'[4]사업장별(누계)'!O23 -> 3041.4 | P23: =+'사업장별(당월)'!P23+'[4]사업장별(누계)'!P23 -> 2145.0262 | Q23: =+P23-O23 -> -896.37381 | R23: =+'사업장별(당월)'!R23+'[4]사업장별(누계)'!R23 -> 4552.3666 | S23: =+P23-R23 -> -2407.3404 | T23: =+'사업장별(당월)'!T23+'[4]사업장별(누계)'!T23 -> 395.69298 | U23: =+'사업장별(당월)'!U23+'[4]사업장별(누계)'!U23 -> 228.11333 | V23: =+U23-T23 -> -167.57966 | W23: =+'사업장별(당월)'!W23+'[4]사업장별(누계)'!W23 -> 1015.812 | X23: =+U23-W23 -> -787.69871 | Y23: =+[11]제주!$Q$85 -> 126725 | Z23: =+[11]제주!$R$85 -> 127828.5 | AA23: =+[12]제주!$Q$85 -> 118556.18 | AB23: =+[11]제주!$Q$89 -> 90122.365 | AC23: =+[11]제주!$R$89 -> 88722.121 | AD23: =+[12]제주!$Q$89 -> 81217.309 | AE23: =+Y23-AB23 -> 36602.635 | AF23: =+Z23-AC23 -> 39106.381 | AG23: =+AA23-AD23 -> 37338.873 | AI23: 2.2811333
F24: =+U24/T24 -> 0.83013103 | G24: =+K24/J24 -> 0.99999537 | I24: 수도권 | J24: =SUM(J7:J10) -> 540.5 | K24: =SUM(K7:K10) -> 540.4975 | L24: =+K24-J24 -> -0.0025 | M24: =SUM(M7:M10) -> 624.7595 | N24: =+K24-M24 -> -84.262 | O24: =SUM(O7:O10) -> 53450.338 | P24: =SUM(P7:P10) -> 53852.486 | Q24: =+P24-O24 -> 402.14878 | R24: =SUM(R7:R10) -> 56989.719 | S24: =+P24-R24 -> -3137.2322 | T24: =SUM(T7:T10) -> 6106.5153 | U24: =SUM(U7:U10) -> 5069.2079 | V24: =+U24-T24 -> -1037.3075 | W24: =SUM(W7:W10) -> 6719.0034 | X24: =+U24-W24 -> -1649.7955 | Y24: =+[11]수도권!$Q$85 -> 98890.541 | Z24: =+[11]수도권!$R$85 -> 99645.837 | AA24: =+[12]수도권!$Q$85 -> 91214.223 | AB24: =+[11]수도권!$Q$89 -> 78421.443 | AC24: =+[11]수도권!$R$89 -> 81200.927 | AD24: =+[12]수도권!$Q$89 -> 72739.256 | AE24: =+Y24-AB24 -> 20469.099 | AF24: =+Z24-AC24 -> 18444.91 | AG24: =+AA24-AD24 -> 18474.967 | AI24: 50.692079
F25: =+U25/T25 -> 0.96305607 | G25: =+K25/J25 -> 1.1236997 | I25: 영남권 | J25: =SUM(J11:J18) -> 599.5 | K25: =SUM(K11:K18) -> 673.658 | L25: =+K25-J25 -> 74.158 | M25: =SUM(M11:M18) -> 729.9175 | N25: =+K25-M25 -> -56.2595 | O25: =SUM(O11:O18) -> 61087.996 | P25: =SUM(P11:P18) -> 68374.501 | Q25: =+P25-O25 -> 7286.5047 | R25: =SUM(R11:R18) -> 70416.954 | S25: =+P25-R25 -> -2042.4526 | T25: =SUM(T11:T18) -> 8427.0158 | U25: =SUM(U11:U18) -> 8115.6887 | V25: =+U25-T25 -> -311.3271 | W25: =SUM(W11:W18) -> 11881.01 | X25: =+U25-W25 -> -3765.321 | Y25: =+[11]영남권!$Q$85 -> 101898.24 | Z25: =+[11]영남권!$R$85 -> 101514.24 | AA25: =+[12]영남권!$Q$85 -> 96476.721 | AB25: =+[11]영남권!$Q$89 -> 75590.455 | AC25: =+[11]영남권!$R$89 -> 78843.798 | AD25: =+[12]영남권!$Q$89 -> 70634.767 | AE25: =+Y25-AB25 -> 26307.787 | AF25: =+Z25-AC25 -> 22670.438 | AG25: =+AA25-AD25 -> 25841.953 | AI25: 81.156887
F26: =+U26/T26 -> 1.0847158 | G26: =+K26/J26 -> 1.0857002 | I26: 중부권 | J26: =SUM(J19:J23) -> 238.5 | K26: =SUM(K19:K23) -> 258.9395 | L26: =+K26-J26 -> 20.4395 | M26: =SUM(M19:M23) -> 289.372 | N26: =+K26-M26 -> -30.4325 | O26: =SUM(O19:O23) -> 25221.22 | P26: =SUM(P19:P23) -> 27234.836 | Q26: =+P26-O26 -> 2013.6168 | R26: =SUM(R19:R23) -> 28451.598 | S26: =+P26-R26 -> -1216.762 | T26: =SUM(T19:T23) -> 3896.4299 | U26: =SUM(U19:U23) -> 4226.5193 | V26: =+U26-T26 -> 330.08932 | W26: =SUM(W19:W23) -> 5268.4942 | X26: =+U26-W26 -> -1041.975 | Y26: =+[11]중부권!$Q$85 -> 105749.35 | Z26: =+[11]중부권!$R$85 -> 105157.87 | AA26: =+[12]중부권!$Q$85 -> 98475.305 | AB26: =+[11]중부권!$Q$89 -> 76188.774 | AC26: =+[11]중부권!$R$89 -> 76173.542 | AD26: =+[12]중부권!$Q$89 -> 68974.064 | AE26: =+Y26-AB26 -> 29560.574 | AF26: =+Z26-AC26 -> 28984.329 | AG26: =+AA26-AD26 -> 29501.241 | AI26: 42.265193
F27: =+U27/T27 -> 0.94473427 | G27: =+K27/J27 -> 1.0686217 | H27: 레미콘 계 | J27: =SUM(J24:J26) -> 1378.5 | K27: =SUM(K24:K26) -> 1473.095 | L27: =+K27-J27 -> 94.595 | M27: =SUM(M24:M26) -> 1644.049 | N27: =+K27-M27 -> -170.954 | O27: =SUM(O24:O26) -> 139759.55 | P27: =SUM(P24:P26) -> 149461.82 | Q27: =+P27-O27 -> 9702.2703 | R27: =SUM(R24:R26) -> 155858.27 | S27: =+P27-R27 -> -6396.4468 | T27: =SUM(T24:T26) -> 18429.961 | U27: =SUM(U24:U26) -> 17411.416 | V27: =+U27-T27 -> -1018.5452 | W27: =SUM(W24:W26) -> 23868.507 | X27: =+U27-W27 -> -6457.0915 | Y27: =+[11]합계!$Q$85 -> 101385.24 | Z27: =+[11]합계!$R$85 -> 101469.02 | AA27: =+[12]합계!$Q$85 -> 94817.862 | AB27: =+[11]합계!$Q$89 -> 76803.983 | AC27: =+[11]합계!$R$89 -> 79238.722 | AD27: =+[12]합계!$Q$89 -> 71149.863 | AE27: =+Y27-AB27 -> 24581.257 | AF27: =+Z27-AC27 -> 22230.294 | AG27: =+AA27-AD27 -> 23667.999 | AI27: 174.11416
B28: 건자재 | E28: 건자재영업 | H28: 건자재 | J28: =+'사업장별(당월)'!J28+'[4]사업장별(누계)'!J28 -> 35500 | K28: =+'사업장별(당월)'!K28+'[4]사업장별(누계)'!K28 -> 40097.987 | L28: =+K28-J28 -> 4597.987 | M28: =+'사업장별(당월)'!M28+'[4]사업장별(누계)'!M28 -> 41870.298 | N28: =+K28-M28 -> -1772.311 | O28: =+'사업장별(당월)'!O28+'[4]사업장별(누계)'!O28 -> 43422.461 | P28: =+'사업장별(당월)'!P28+'[4]사업장별(누계)'!P28 -> 41530.393 | Q28: =+P28-O28 -> -1892.0677 | R28: =+'사업장별(당월)'!R28+'[4]사업장별(누계)'!R28 -> 50400.813 | S28: =+P28-R28 -> -8870.4199 | T28: =+'사업장별(당월)'!T28+'[4]사업장별(누계)'!T28 -> 481.25683 | U28: =+'사업장별(당월)'!U28+'[4]사업장별(누계)'!U28 -> 264.9526 | V28: =+U28-T28 -> -216.30423 | W28: =+'사업장별(당월)'!W28+'[4]사업장별(누계)'!W28 -> 376.86907 | X28: =+U28-W28 -> -111.91647 | Y28: ■ 비고
B29: 부산모래장 | F29: 부산골재 | H29: 골재 | I29: 부산모래장 | J29: =+'사업장별(당월)'!J29+'[4]사업장별(누계)'!J29 -> 102.74707 | K29: =+'사업장별(당월)'!K29+'[4]사업장별(누계)'!K29 -> 112.598 | L29: =+K29-J29 -> 9.8509319 | M29: =+'사업장별(당월)'!M29+'[4]사업장별(누계)'!M29 -> 127.442 | N29: =+K29-M29 -> -14.844 | O29: =+'사업장별(당월)'!O29+'[4]사업장별(누계)'!O29 -> 3112.4087 | P29: =+'사업장별(당월)'!P29+'[4]사업장별(누계)'!P29 -> 3385.0361 | Q29: =+P29-O29 -> 272.62738 | R29: =+'사업장별(당월)'!R29+'[4]사업장별(누계)'!R29 -> 3791.5669 | S29: =+P29-R29 -> -406.53082 | T29: =+'사업장별(당월)'!T29+'[4]사업장별(누계)'!T29 -> 167.72695 | U29: =+'사업장별(당월)'!U29+'[4]사업장별(누계)'!U29 -> 237.30008 | V29: =+U29-T29 -> 69.57313 | W29: =+'사업장별(당월)'!W29+'[4]사업장별(누계)'!W29 -> 215.93093 | X29: =+U29-W29 -> 21.369149 | Y29: - 대손 16억 : 개별 10억(선원건설 7.9억, 송학건설 1억, 계원토건 1.2억) + 집합 9억
B30: 서부산크라샤 | F30: 서부산골재 | I30: 서부산CR | J30: =+'사업장별(당월)'!J30+'[4]사업장별(누계)'!J30 -> 74.735629 | K30: =+'사업장별(당월)'!K30+'[4]사업장별(누계)'!K30 -> 126.288 | L30: =+K30-J30 -> 51.552371 | M30: =+'사업장별(당월)'!M30+'[4]사업장별(누계)'!M30 -> 185.448 | N30: =+K30-M30 -> -59.16 | O30: =+'사업장별(당월)'!O30+'[4]사업장별(누계)'!O30 -> 1002.4457 | P30: =+'사업장별(당월)'!P30+'[4]사업장별(누계)'!P30 -> 1754.192 | Q30: =+P30-O30 -> 751.74629 | R30: =+'사업장별(당월)'!R30+'[4]사업장별(누계)'!R30 -> 2174.188 | S30: =+P30-R30 -> -419.996 | T30: =+'사업장별(당월)'!T30+'[4]사업장별(누계)'!T30 -> 115.11271 | U30: =+'사업장별(당월)'!U30+'[4]사업장별(누계)'!U30 -> 246.59465 | V30: =+U30-T30 -> 131.48193 | W30: =+'사업장별(당월)'!W30+'[4]사업장별(누계)'!W30 -> 456.6333 | X30: =+U30-W30 -> -210.03865 | Y30: 태영건설 3억 환입
B31: 부산크라샤 | F31: 부산크라샤 | I31: 부산CR | J31: =+'사업장별(당월)'!J31+'[4]사업장별(누계)'!J31 -> 202.74108 | K31: =+'사업장별(당월)'!K31+'[4]사업장별(누계)'!K31 -> 181.489 | L31: =+K31-J31 -> -21.252078 | M31: =+'사업장별(당월)'!M31+'[4]사업장별(누계)'!M31 -> 0 | N31: =+K31-M31 -> 181.489 | O31: =+'사업장별(당월)'!O31+'[4]사업장별(누계)'!O31 -> 3631.4547 | P31: =+'사업장별(당월)'!P31+'[4]사업장별(누계)'!P31 -> 3364.9795 | Q31: =+P31-O31 -> -266.4752 | R31: =+'사업장별(당월)'!R31+'[4]사업장별(누계)'!R31 -> 0 | S31: =+P31-R31 -> 3364.9795 | T31: =+'사업장별(당월)'!T31+'[4]사업장별(누계)'!T31 -> 48.310315 | U31: =+'사업장별(당월)'!U31+'[4]사업장별(누계)'!U31 -> 260.68249 | V31: =+U31-T31 -> 212.37217 | W31: =+'사업장별(당월)'!W31+'[4]사업장별(누계)'!W31 -> -143.76177 | X31: =+U31-W31 -> 404.44426
H32: 골재 계 | J32: =SUM(J29:J31) -> 380.22378 | K32: =SUM(K29:K31) -> 420.375 | L32: =+K32-J32 -> 40.151225 | M32: =SUM(M29:M31) -> 312.89 | N32: =+K32-M32 -> 107.485 | O32: =SUM(O29:O31) -> 7746.3091 | P32: =SUM(P29:P31) -> 8504.2076 | Q32: =+P32-O32 -> 757.89848 | R32: =SUM(R29:R31) -> 5965.7549 | S32: =+P32-R32 -> 2538.4527 | T32: =SUM(T29:T31) -> 331.14998 | U32: =SUM(U29:U31) -> 744.57722 | V32: =+U32-T32 -> 413.42724 | W32: =SUM(W29:W31) -> 528.80246 | X32: =+U32-W32 -> 215.77476
B33: 포항임대 | C33: 속초임대 | D33: 강릉임대 | E33: 레미콘임대 계 | H33: 기타 | I33: 레미콘임대 | L33: =+K33-J33 -> 0 | N33: =+K33-M33 -> 0 | O33: =+'사업장별(당월)'!O33+'[4]사업장별(누계)'!O33 -> 454.2 | P33: =+'사업장별(당월)'!P33+'[4]사업장별(누계)'!P33 -> 454.2 | Q33: =+P33-O33 -> 0 | R33: =+'사업장별(당월)'!R33+'[4]사업장별(누계)'!R33 -> 391.7 | S33: =+P33-R33 -> 62.5 | T33: =+'사업장별(당월)'!T33+'[4]사업장별(누계)'!T33 -> 364.15781 | U33: =+'사업장별(당월)'!U33+'[4]사업장별(누계)'!U33 -> 359.77287 | V33: =+U33-T33 -> -4.384943 | W33: =+'사업장별(당월)'!W33+'[4]사업장별(누계)'!W33 -> 307.18338 | X33: =+U33-W33 -> 52.589486
B34: 부동산임대 | C34: 주유소임대 | E34: 임대 계 | I34: 임대 | L34: =+K34-J34 -> 0 | M34: 0 | N34: =+K34-M34 -> 0 | O34: =+'사업장별(당월)'!O34+'[4]사업장별(누계)'!O34 -> 361.4875 | P34: =+'사업장별(당월)'!P34+'[4]사업장별(누계)'!P34 -> 362.86717 | Q34: =+P34-O34 -> 1.3796663 | R34: =+'사업장별(당월)'!R34+'[4]사업장별(누계)'!R34 -> 472.671 | S34: =+P34-R34 -> -109.80383 | T34: =+'사업장별(당월)'!T34+'[4]사업장별(누계)'!T34 -> 322.79026 | U34: =+'사업장별(당월)'!U34+'[4]사업장별(누계)'!U34 -> 324.94567 | V34: =+U34-T34 -> 2.1554073 | W34: =+'사업장별(당월)'!W34+'[4]사업장별(누계)'!W34 -> 275.00372 | X34: =+U34-W34 -> 49.941948
B35: 공 통 비 | I35: 공통비 | L35: =+K35-J35 -> 0 | N35: =+K35-M35 -> 0 | O35: =+'사업장별(당월)'!O35+'[4]사업장별(누계)'!O35 -> 0 | P35: =+'사업장별(당월)'!P35+'[4]사업장별(누계)'!P35 -> 0 | Q35: =+P35-O35 -> 0 | R35: =+'사업장별(당월)'!R35+'[4]사업장별(누계)'!R35 -> 0 | S35: =+P35-R35 -> 0 | T35: =+'사업장별(당월)'!T35+'[4]사업장별(누계)'!T35 -> -6378.0217 | U35: =+'사업장별(당월)'!U35+'[4]사업장별(누계)'!U35 -> -6564.944 | V35: =+U35-T35 -> -186.92235 | W35: =+'사업장별(당월)'!W35+'[4]사업장별(누계)'!W35 -> -5371.5641 | X35: =+U35-W35 -> -1193.3799
I36: OPC 소급분 | N36: =+K36-M36 -> 0 | O36: =+'사업장별(당월)'!O36+'[4]사업장별(누계)'!O36 -> 0 | P36: =+'사업장별(당월)'!P36+'[4]사업장별(누계)'!P36 -> 0 | Q36: =+P36-O36 -> 0 | R36: =+'사업장별(당월)'!R36+'[4]사업장별(누계)'!R36 -> 0 | S36: =+P36-R36 -> 0 | T36: =+'사업장별(당월)'!T36+'[4]사업장별(누계)'!T36 -> 0 | U36: =+'사업장별(당월)'!U36+'[4]사업장별(누계)'!U36 -> 0 | V36: =+U36-T36 -> 0 | W36: =+'사업장별(당월)'!W36+'[4]사업장별(누계)'!W36 -> 0 | X36: =+U36-W36 -> 0
I37: 대손 | N37: =+K37-M37 -> 0 | O37: =+'사업장별(당월)'!O37+'[4]사업장별(누계)'!O37 -> 0 | P37: =+'사업장별(당월)'!P37+'[4]사업장별(누계)'!P37 -> 0 | Q37: =+P37-O37 -> 0 | R37: =+'사업장별(당월)'!R37+'[4]사업장별(누계)'!R37 -> 0 | S37: =+P37-R37 -> 0 | T37: =+'사업장별(당월)'!T37+'[4]사업장별(누계)'!T37 -> 0 | U37: =+'사업장별(당월)'!U37+'[4]사업장별(누계)'!U37 -> -1595.8425 | V37: =+U37-T37 -> -1595.8425 | W37: =+'사업장별(당월)'!W37+'[4]사업장별(누계)'!W37 -> -278.3528 | X37: =+U37-W37 -> -1317.4897
I38: 미운영 공장 | M38: =SUM(M54:M57) -> 0 | N38: =+K38-M38 -> 0 | O38: =+'사업장별(당월)'!O38+'[4]사업장별(누계)'!O38 -> 0 | P38: =+'사업장별(당월)'!P38+'[4]사업장별(누계)'!P38 -> 0 | Q38: =+P38-O38 -> 0 | R38: =+'사업장별(당월)'!R38+'[4]사업장별(누계)'!R38 -> 188.626 | S38: =+P38-R38 -> -188.626 | T38: =+'사업장별(당월)'!T38+'[4]사업장별(누계)'!T38 -> -146.31896 | U38: =+'사업장별(당월)'!U38+'[4]사업장별(누계)'!U38 -> -204.88334 | V38: =+U38-T38 -> -58.564379 | W38: =+'사업장별(당월)'!W38+'[4]사업장별(누계)'!W38 -> -45.821252 | X38: =+U38-W38 -> -159.06209
B39: 기타 계 | I39: 기타 | L39: =+K39-J39 -> 0 | N39: =+K39-M39 -> 0 | O39: =+'사업장별(당월)'!O39+'[4]사업장별(누계)'!O39 -> 8.85 | P39: =+'사업장별(당월)'!P39+'[4]사업장별(누계)'!P39 -> 8.5136 | Q39: =+P39-O39 -> -0.3364 | R39: =+'사업장별(당월)'!R39+'[4]사업장별(누계)'!R39 -> -25.3423 | S39: =+P39-R39 -> 33.8559 | T39: =+'사업장별(당월)'!T39+'[4]사업장별(누계)'!T39 -> -258.62336 | U39: =+'사업장별(당월)'!U39+'[4]사업장별(누계)'!U39 -> -69.307621 | V39: =+U39-T39 -> 189.31574 | W39: =+'사업장별(당월)'!W39+'[4]사업장별(누계)'!W39 -> -81.876232 | X39: =+U39-W39 -> 12.568611
N40: =+K40-M40 -> 0 | O40: =+'사업장별(당월)'!O40+'[4]사업장별(누계)'!O40 -> 0 | P40: =+'사업장별(당월)'!P40+'[4]사업장별(누계)'!P40 -> 0 | Q40: =+P40-O40 -> 0 | R40: =+'사업장별(당월)'!R40+'[4]사업장별(누계)'!R40 -> 0 | S40: =+P40-R40 -> 0 | T40: =+'사업장별(당월)'!T40+'[4]사업장별(누계)'!T40 -> 0 | U40: =+'사업장별(당월)'!U40+'[4]사업장별(누계)'!U40 -> 0 | V40: =+U40-T40 -> 0 | W40: =+'사업장별(당월)'!W40+'[4]사업장별(누계)'!W40 -> 0
H41: 기타 계 | J41: =SUM(J33:J40) -> 0 | K41: =SUM(K33:K40) -> 0 | L41: =+K41-J41 -> 0 | M41: =SUM(M33:M40) -> 0 | N41: =+K41-M41 -> 0 | O41: =SUM(O33:O40) -> 824.5375 | P41: =SUM(P33:P40) -> 825.58077 | Q41: =+P41-O41 -> 1.0432663 | R41: =SUM(R33:R40) -> 1027.6547 | S41: =+P41-R41 -> -202.07393 | T41: =SUM(T33:T40) -> -6096.0159 | U41: =SUM(U33:U40) -> -7750.259 | V41: =+U41-T41 -> -1654.2431 | W41: =SUM(W33:W40) -> -5195.4273 | X41: =+U41-W41 -> -2554.8317
G43: =+P43/O43 -> 1.0446885 | H43: 합계 | O43: =+O27+O32+O28+O41 -> 191752.86 | P43: =+P27+P32+P28+P41 -> 200322.01 | Q43: =+P43-O43 -> 8569.1443 | R43: =+R27+R32+R28+R41 -> 213252.49 | S43: =+P43-R43 -> -12930.488 | T43: =+T27+T32+T28+T41 -> 13146.352 | U43: =+U27+U32+U28+U41 -> 10670.687 | V43: =+U43-T43 -> -2475.6653 | W43: =+W27+W32+W28+W41 -> 19578.752 | X43: =+U43-W43 -> -8908.0649
G44: =+U43/T43 -> 0.81168424 | T44: =+T43/O43 -> 0.068558831 | U44: =+U43/P43 -> 0.053267671
I46: 확인 | J46: =+'사업장별(당월)'!J46+'[4]사업장별(누계)'!J46 -> 1378.5 | K46: =+'사업장별(당월)'!K46+'[4]사업장별(누계)'!K46 -> 1473.095 | M46: =+'사업장별(당월)'!M46+'[4]사업장별(누계)'!M46 -> 1644.049 | O46: =+'사업장별(당월)'!O46+'[4]사업장별(누계)'!O46 -> 191752.86 | P46: =+'사업장별(당월)'!P46+'[4]사업장별(누계)'!P46 -> 200322.01 | R46: =+'사업장별(당월)'!R46+'[4]사업장별(누계)'!R46 -> 213252.49 | T46: =+'사업장별(당월)'!T46+'[4]사업장별(누계)'!T46 -> 13146.352 | U46: =+'사업장별(당월)'!U46+'[4]사업장별(누계)'!U46 -> 10670.687 | W46: =+'사업장별(당월)'!W46+'[4]사업장별(누계)'!W46 -> 19578.752
J47: =+J46-J27 -> 0 | K47: =+K46-K27 -> 0 | M47: =+M46-M27 -> 0 | O47: =+O46-O43 -> 0 | P47: =+P46-P43 -> 0 | R47: =+R46-R43 -> 0 | T47: =+T46-T43 -> 0 | U47: =+U46-U43 -> 0 | W47: =+W46-W43 -> 0
T50: =(+T27+T35)/100 -> 120.51939 | U50: =(+U27+U35)/100 -> 108.46472 | V50: =+U50-T50 -> -12.054676
T51: =+T28/100 -> 4.8125683 | U51: =+U28/100 -> 2.649526 | V51: =+U51-T51 -> -2.1630423
T52: =+T32/100 -> 3.3114998 | U52: =+U32/100 -> 7.4457722 | V52: =+U52-T52 -> 4.1342724
T53: =(T33+T34)/100 -> 6.8694807 | U53: =(U33+U34)/100 -> 6.8471854 | V53: =+U53-T53 -> -0.022295357
T54: =(T46/100)-T50-T51-T52-T53 -> -4.0494232 | U54: =(U46/100)-U50-U51-U52-U53 -> -18.700335 | V54: =+U54-T54 -> -14.650912

Sheet 영업이익
D4: □ 레미콘 영업이익 차이분석(2024-05)
W5: [단위 : 백만원, 천㎥]
D6: 구분 | E6: 영업이익(공통비 미배부) | H6: 물량 차이 | L6: 판매단가 차이 | P6: 제조원가 차이 | T6: 판관비 등 차이
E7: 계획 | F7: 실적 | G7: 차이 | H7: 계획 | I7: 실적 | J7: 차이 | K7: 손익 | L7: 계획 | M7: 실적 | N7: 차이 | O7: 손익 | P7: 계획 | Q7: 실적 | R7: 차이 | S7: 손익 | T7: 계획 | U7: 실적 | V7: 차이 | W7: 손익
D8: 합계 | E8: =+[5]합계!$H$86/1000 -> 5187.057 | F8: =+[5]합계!$I$86/1000 -> 5062.7821 | G8: =+F8-E8 -> -124.27489 | H8: =+[5]합계!$T$5/1000 -> 314 | I8: =+[5]합계!$U$5/1000 -> 347.129 | J8: =+I8-H8 -> 33.129 | K8: =+[5]합계!$M$86/1000 -> 615.45645 | L8: =+[5]합계!$Q$85 -> 102227.07 | M8: =+[5]합계!$R$85 -> 101219.55 | N8: =+M8-L8 -> -1007.5208 | O8: =+[5]합계!$K$86/1000 -> -347.56747 | P8: =+[5]합계!$Q$50 -> 82534.986 | Q8: =+[5]합계!$R$50 -> 83605.354 | R8: =+Q8-P8 -> 1070.3673 | S8: =+[5]합계!$L$56/1000 -> -308.98846 | T8: =+([5]합계!$H$80+[5]합계!$H$85)/1000 -> 996.25874 | U8: =+([5]합계!$I$80+[5]합계!$I$85)/1000 -> 1079.4342 | V8: =+U8-T8 -> 83.175419 | W8: =+([5]합계!$L$80+[5]합계!$L$85)/1000 -> -83.175419 | Y8: =+G8-K8-O8-S8-W8 -> 1.1937118e-12 | Z8: =+Y8*1000000 -> 1.1937118e-06
D9: 수도권 | E9: =+[5]수도권!$H$86/1000 -> 1914.9023 | F9: =+[5]수도권!$I$86/1000 -> 1345.1499 | G9: =+F9-E9 -> -569.75238 | H9: =+[5]수도권!$T$5/1000 -> 125.5 | I9: =+[5]수도권!$U$5/1000 -> 120.114 | J9: =+I9-H9 -> -5.386 | K9: =+[5]수도권!$M$86/1000 -> -121.72593 | L9: =+[5]수도권!$Q$85 -> 100452.98 | M9: =+[5]수도권!$R$85 -> 99353.382 | N9: =+M9-L9 -> -1099.6013 | O9: =+[5]수도권!$K$86/1000 -> -130.21918 | P9: =+[5]수도권!$Q$50 -> 82712.01 | Q9: =+[5]수도권!$R$50 -> 85330.053 | R9: =+Q9-P9 -> 2618.043 | S9: =+[5]수도권!$L$56/1000 -> -310.075 | T9: =+([5]수도권!$H$80+[5]수도권!$H$85)/1000 -> 311.58991 | U9: =+([5]수도권!$I$80+[5]수도권!$I$85)/1000 -> 319.32218 | V9: =+U9-T9 -> 7.7322698 | W9: =+([5]수도권!$L$80+[5]수도권!$L$85)/1000 -> -7.7322698 | Y9: =+G9-K9-O9-S9-W9 -> -2.3598901e-12 | Z9: =+Y9*1000000 -> -2.3598901e-06
D10: 영남권 | E10: =+[5]영남권!$H$86/1000 -> 2145.7121 | F10: =+[5]영남권!$I$86/1000 -> 2214.542 | G10: =+F10-E10 -> 68.829936 | H10: =+[5]영남권!$T$5/1000 -> 132 | I10: =+[5]영남권!$U$5/1000 -> 158.134 | J10: =+I10-H10 -> 26.134 | K10: =+[5]영남권!$M$86/1000 -> 516.32581 | L10: =+[5]영남권!$Q$85 -> 102187.09 | M10: =+[5]영남권!$R$85 -> 100729.73 | N10: =+M10-L10 -> -1457.3602 | O10: =+[5]영남권!$K$86/1000 -> -229.77907 | P10: =+[5]영남권!$Q$50 -> 82138.721 | Q10: =+[5]영남권!$R$50 -> 83539.108 | R10: =+Q10-P10 -> 1400.3867 | S10: =+[5]영남권!$L$56/1000 -> -160.49196 | T10: =+([5]영남권!$H$80+[5]영남권!$H$85)/1000 -> 500.67299 | U10: =+([5]영남권!$I$80+[5]영남권!$I$85)/1000 -> 557.89784 | V10: =+U10-T10 -> 57.224844 | W10: =+([5]영남권!$L$80+[5]영남권!$L$85)/1000 -> -57.224844 | Y10: =+G10-K10-O10-S10-W10 -> 2.1600499e-12 | Z10: =+Y10*1000000 -> 2.1600499e-06
D11: 기타권 | E11: =+[5]중부권!$H$86/1000 -> 1126.4426 | F11: =+[5]중부권!$I$86/1000 -> 1503.0902 | G11: =+F11-E11 -> 376.64755 | H11: =+[5]중부권!$T$5/1000 -> 56.5 | I11: =+[5]중부권!$U$5/1000 -> 68.881 | J11: =+I11-H11 -> 12.381 | K11: =+[5]중부권!$M$86/1000 -> 287.15998 | L11: =+[5]중부권!$Q$85 -> 106261.16 | M11: =+[5]중부권!$R$85 -> 105549.17 | N11: =+M11-L11 -> -711.9888 | O11: =+[5]중부권!$K$86/1000 -> -49.042501 | P11: =+[5]중부권!$Q$50 -> 83067.562 | Q11: =+[5]중부권!$R$50 -> 80791.927 | R11: =+Q11-P11 -> -2275.6349 | S11: =+[5]중부권!$L$56/1000 -> 156.74838 | T11: =+([5]중부권!$H$80+[5]중부권!$H$85)/1000 -> 183.99584 | U11: =+([5]중부권!$I$80+[5]중부권!$I$85)/1000 -> 202.21415 | V11: =+U11-T11 -> 18.218305 | W11: =+([5]중부권!$L$80+[5]중부권!$L$85)/1000 -> -18.218305 | Y11: =+G11-K11-O11-S11-W11 -> -5.6488147e-13 | Z11: =+Y11*1000000 -> -5.6488147e-07
D12: 안양 | E12: =+[5]안양!$H$86/1000 -> 706.36516 | F12: =+[5]안양!$I$86/1000 -> 470.16461 | G12: =+F12-E12 -> -236.20055 | H12: =+[5]안양!$T$5/1000 -> 44 | I12: =+[5]안양!$U$5/1000 -> 40.606 | J12: =+I12-H12 -> -3.394 | K12: =+[5]안양!$M$86/1000 -> -61.929622 | L12: =+[5]안양!$Q$85 -> 101314.73 | M12: =+[5]안양!$R$85 -> 101543.97 | N12: =+M12-L12 -> 229.24514 | O12: =+[5]안양!$K$86/1000 -> 9.3087281 | P12: =+[5]안양!$Q$50 -> 83067.935 | Q12: =+[5]안양!$R$50 -> 87520.002 | R12: =+Q12-P12 -> 4452.0673 | S12: =+[5]안양!$L$56/1000 -> -180.7603 | T12: =+([5]안양!$H$80+[5]안양!$H$85)/1000 -> 96.493816 | U12: =+([5]안양!$I$80+[5]안양!$I$85)/1000 -> 99.313171 | V12: =+U12-T12 -> 2.8193547 | W12: =+([5]안양!$L$80+[5]안양!$L$85)/1000 -> -2.8193547 | Y12: =+G12-K12-O12-S12-W12 -> -2.2959412e-13 | Z12: =+Y12*1000000 -> -2.2959412e-07
D13: 인천 | E13: =+[5]인천!$H$86/1000 -> 473.62349 | F13: =+[5]인천!$I$86/1000 -> 266.18334 | G13: =+F13-E13 -> -207.44015 | H13: =+[5]인천!$T$5/1000 -> 35 | I13: =+[5]인천!$U$5/1000 -> 30.156 | J13: =+I13-H13 -> -4.844 | K13: =+[5]인천!$M$86/1000 -> -78.880222 | L13: =+[5]인천!$Q$85 -> 102700.54 | M13: =+[5]인천!$R$85 -> 97709.509 | N13: =+M13-L13 -> -4991.0283 | O13: =+[5]인천!$K$86/1000 -> -150.50945 | P13: =+[5]인천!$Q$50 -> 86416.429 | Q13: =+[5]인천!$R$50 -> 85629.549 | R13: =+Q13-P13 -> -786.87984 | S13: =+[5]인천!$L$56/1000 -> 23.668696 | T13: =+([5]인천!$H$80+[5]인천!$H$85)/1000 -> 96.320308 | U13: =+([5]인천!$I$80+[5]인천!$I$85)/1000 -> 98.039486 | V13: =+U13-T13 -> 1.7191773 | W13: =+([5]인천!$L$80+[5]인천!$L$85)/1000 -> -1.7191773 | Y13: =+G13-K13-O13-S13-W13 -> 4.7650772e-13 | Z13: =+Y13*1000000 -> 4.7650772e-07
D14: 파주 | E14: =+[5]파주!$H$86/1000 -> 439.03037 | F14: =+[5]파주!$I$86/1000 -> 254.15168 | G14: =+F14-E14 -> -184.87869 | H14: =+[5]파주!$T$5/1000 -> 28 | I14: =+[5]파주!$U$5/1000 -> 28.609 | J14: =+I14-H14 -> 0.609 | K14: =+[5]파주!$M$86/1000 -> -7.7551394 | L14: =+[5]파주!$Q$85 -> 99166.464 | M14: =+[5]파주!$R$85 -> 95934.038 | N14: =+M14-L14 -> -3232.4262 | O14: =+[5]파주!$K$86/1000 -> -88.836769 | P14: =+[5]파주!$Q$50 -> 81131.765 | Q14: =+[5]파주!$R$50 -> 84362.055 | R14: =+Q14-P14 -> 3230.2901 | S14: =+[5]파주!$L$56/1000 -> -88.784748 | T14: =+([5]파주!$H$80+[5]파주!$H$85)/1000 -> 65.941208 | U14: =+([5]파주!$I$80+[5]파주!$I$85)/1000 -> 65.443238 | V14: =+U14-T14 -> -0.49796989 | W14: =+([5]파주!$L$80+[5]파주!$L$85)/1000 -> 0.49796989 | Y14: =+G14-K14-O14-S14-W14 -> -2.1943558e-13 | Z14: =+Y14*1000000 -> -2.1943558e-07
D15: 김포 | E15: =+[5]김포!$H$86/1000 -> 295.88326 | F15: =+[5]김포!$I$86/1000 -> 354.65027 | G15: =+F15-E15 -> 58.767014 | H15: =+[5]김포!$T$5/1000 -> 18.5 | I15: =+[5]김포!$U$5/1000 -> 20.743 | J15: =+I15-H15 -> 2.243 | K15: =+[5]김포!$M$86/1000 -> 33.8889 | L15: =+[5]김포!$Q$85 -> 96098.459 | M15: =+[5]김포!$R$85 -> 102058.93 | N15: =+M15-L15 -> 5960.471 | O15: =+[5]김포!$K$86/1000 -> 120.27634 | P15: =+[5]김포!$Q$50 -> 77248.847 | Q15: =+[5]김포!$R$50 -> 81793.498 | R15: =+Q15-P15 -> 4544.6511 | S15: =+[5]김포!$L$56/1000 -> -91.706524 | T15: =+([5]김포!$H$80+[5]김포!$H$85)/1000 -> 52.834576 | U15: =+([5]김포!$I$80+[5]김포!$I$85)/1000 -> 56.526283 | V15: =+U15-T15 -> 3.6917077 | W15: =+([5]김포!$L$80+[5]김포!$L$85)/1000 -> -3.6917077 | Y15: =+G15-K15-O15-S15-W15 -> 3.9035442e-13 | Z15: =+Y15*1000000 -> 3.9035442e-07
D16: 부산 | E16: =+[5]부산!$H$86/1000 -> 326.75212 | F16: =+[5]부산!$I$86/1000 -> 411.9241 | G16: =+F16-E16 -> 85.17198 | H16: =+[5]부산!$T$5/1000 -> 20 | I16: =+[5]부산!$U$5/1000 -> 28.1265 | J16: =+I16-H16 -> 8.1265 | K16: =+[5]부산!$M$86/1000 -> 173.98245 | L16: =+[5]부산!$Q$85 -> 107600.3 | M16: =+[5]부산!$R$85 -> 106167.43 | N16: =+M16-L16 -> -1432.8697 | O16: =+[5]부산!$K$86/1000 -> -40.30161 | P16: =+[5]부산!$Q$50 -> 86191.027 | Q16: =+[5]부산!$R$50 -> 88169.299 | R16: =+Q16-P16 -> 1978.2716 | S16: =+[5]부산!$L$56/1000 -> -16.774083 | T16: =+([5]부산!$H$80+[5]부산!$H$85)/1000 -> 101.43332 | U16: =+([5]부산!$I$80+[5]부산!$I$85)/1000 -> 133.1681 | V16: =+U16-T16 -> 31.734777 | W16: =+([5]부산!$L$80+[5]부산!$L$85)/1000 -> -31.734777 | Y16: =+G16-K16-O16-S16-W16 -> -4.0500936e-13 | Z16: =+Y16*1000000 -> -4.0500936e-07
D17: 서부산 | E17: =+[5]서부산!$H$86/1000 -> 492.80378 | F17: =+[5]서부산!$I$86/1000 -> 360.2204 | G17: =+F17-E17 -> -132.58337 | H17: =+[5]서부산!$T$5/1000 -> 26 | I17: =+[5]서부산!$U$5/1000 -> 23.976 | J17: =+I17-H17 -> -2.024 | K17: =+[5]서부산!$M$86/1000 -> -44.244255 | L17: =+[5]서부산!$Q$85 -> 103255.26 | M17: =+[5]서부산!$R$85 -> 102586.09 | N17: =+M17-L17 -> -669.17622 | O17: =+[5]서부산!$K$86/1000 -> -16.044169 | P17: =+[5]서부산!$Q$50 -> 81395.452 | Q17: =+[5]서부산!$R$50 -> 84112.606 | R17: =+Q17-P17 -> 2717.1532 | S17: =+[5]서부산!$L$56/1000 -> -53.017309 | T17: =+([5]서부산!$H$80+[5]서부산!$H$85)/1000 -> 75.551278 | U17: =+([5]서부산!$I$80+[5]서부산!$I$85)/1000 -> 94.828919 | V17: =+U17-T17 -> 19.277641 | W17: =+([5]서부산!$L$80+[5]서부산!$L$85)/1000 -> -19.277641 | Y17: =+G17-K17-O17-S17-W17 -> 1.8829382e-13 | Z17: =+Y17*1000000 -> 1.8829382e-07
D18: 김해 | E18: =+[5]김해!$H$86/1000 -> 158.87076 | F18: =+[5]김해!$I$86/1000 -> 76.218467 | G18: =+F18-E18 -> -82.652292 | H18: =+[5]김해!$T$5/1000 -> 12 | I18: =+[5]김해!$U$5/1000 -> 14.268 | J18: =+I18-H18 -> 2.268 | K18: =+[5]김해!$M$86/1000 -> 32.692737 | L18: =+[5]김해!$Q$85 -> 101000.2 | M18: =+[5]김해!$R$85 -> 93214.324 | N18: =+M18-L18 -> -7785.876 | O18: =+[5]김해!$K$86/1000 -> -107.46066 | P18: =+[5]김해!$Q$50 -> 83814.552 | Q18: =+[5]김해!$R$50 -> 84274.454 | R18: =+Q18-P18 -> 459.90197 | S18: =+[5]김해!$L$56/1000 -> -2.9895827 | T18: =+([5]김해!$H$80+[5]김해!$H$85)/1000 -> 47.357015 | U18: =+([5]김해!$I$80+[5]김해!$I$85)/1000 -> 52.251801 | V18: =+U18-T18 -> 4.8947863 | W18: =+([5]김해!$L$80+[5]김해!$L$85)/1000 -> -4.8947863 | Y18: =+G18-K18-O18-S18-W18 -> -1.9007018e-13 | Z18: =+Y18*1000000 -> -1.9007018e-07
D19: 정관 | E19: =+[5]정관!$H$86/1000 -> 267.50167 | F19: =+[5]정관!$I$86/1000 -> 313.18669 | G19: =+F19-E19 -> 45.685018 | H19: =+[5]정관!$T$5/1000 -> 18 | I19: =+[5]정관!$U$5/1000 -> 24.315 | J19: =+I19-H19 -> 6.315 | K19: =+[5]정관!$M$86/1000 -> 117.88969 | L19: =+[5]정관!$Q$85 -> 104000 | M19: =+[5]정관!$R$85 -> 101381.19 | N19: =+M19-L19 -> -2618.8114 | O19: =+[5]정관!$K$86/1000 -> -63.6764 | P19: =+[5]정관!$Q$50 -> 85331.799 | Q19: =+[5]정관!$R$50 -> 85724.931 | R19: =+Q19-P19 -> 393.13225 | S19: =+[5]정관!$L$56/1000 -> -4.4279934 | T19: =+([5]정관!$H$80+[5]정관!$H$85)/1000 -> 68.525943 | U19: =+([5]정관!$I$80+[5]정관!$I$85)/1000 -> 72.626221 | V19: =+U19-T19 -> 4.1002775 | W19: =+([5]정관!$L$80+[5]정관!$L$85)/1000 -> -4.1002775 | Y19: =+G19-K19-O19-S19-W19 -> 4.5741189e-13 | Z19: =+Y19*1000000 -> 4.5741189e-07
D20: 양산 | E20: =+[5]양산!$H$86/1000 -> 162.37087 | F20: =+[5]양산!$I$86/1000 -> 152.34023 | G20: =+F20-E20 -> -10.030637 | H20: =+[5]양산!$T$5/1000 -> 11.5 | I20: =+[5]양산!$U$5/1000 -> 14.568 | J20: =+I20-H20 -> 3.068 | K20: =+[5]양산!$M$86/1000 -> 55.732391 | L20: =+[5]양산!$Q$85 -> 96764.877 | M20: =+[5]양산!$R$85 -> 93528.678 | N20: =+M20-L20 -> -3236.1995 | O20: =+[5]양산!$K$86/1000 -> -47.144954 | P20: =+[5]양산!$Q$50 -> 78599.17 | Q20: =+[5]양산!$R$50 -> 80480.227 | R20: =+Q20-P20 -> 1881.0571 | S20: =+[5]양산!$L$56/1000 -> -27.363225 | T20: =+([5]양산!$H$80+[5]양산!$H$85)/1000 -> 46.534768 | U20: =+([5]양산!$I$80+[5]양산!$I$85)/1000 -> 37.789617 | V20: =+U20-T20 -> -8.7451513 | W20: =+([5]양산!$L$80+[5]양산!$L$85)/1000 -> 8.7451513 | Y20: =+G20-K20-O20-S20-W20 -> -1.7941204e-13 | Z20: =+Y20*1000000 -> -1.7941204e-07
D21: 창원 | E21: =+[5]창원!$H$86/1000 -> 336.50848 | F21: =+[5]창원!$I$86/1000 -> 309.32629 | G21: =+F21-E21 -> -27.182186 | H21: =+[5]창원!$T$5/1000 -> 18 | I21: =+[5]창원!$U$5/1000 -> 20.1685 | J21: =+I21-H21 -> 2.1685 | K21: =+[5]창원!$M$86/1000 -> 49.305204 | L21: =+[5]창원!$Q$85 -> 101626.89 | M21: =+[5]창원!$R$85 -> 98673.838 | N21: =+M21-L21 -> -2953.051 | O21: =+[5]창원!$K$86/1000 -> -59.558609 | P21: =+[5]창원!$Q$50 -> 78889.88 | Q21: =+[5]창원!$R$50 -> 79559.335 | R21: =+Q21-P21 -> 669.4549 | S21: =+[5]창원!$L$56/1000 -> -13.101688 | T21: =+([5]창원!$H$80+[5]창원!$H$85)/1000 -> 72.757682 | U21: =+([5]창원!$I$80+[5]창원!$I$85)/1000 -> 76.584775 | V21: =+U21-T21 -> 3.8270933 | W21: =+([5]창원!$L$80+[5]창원!$L$85)/1000 -> -3.8270933 | Y21: =+G21-K21-O21-S21-W21 -> 1.7896795e-13 | Z21: =+Y21*1000000 -> 1.7896795e-07
D22: 대구 | E22: =+[5]대구!$H$86/1000 -> 296.33176 | F22: =+[5]대구!$I$86/1000 -> 403.78828 | G22: =+F22-E22 -> 107.45652 | H22: =+[5]대구!$T$5/1000 -> 16.5 | I22: =+[5]대구!$U$5/1000 -> 20.795 | J22: =+I22-H22 -> 4.295 | K22: =+[5]대구!$M$86/1000 -> 90.076231 | L22: =+[5]대구!$Q$85 -> 97760 | M22: =+[5]대구!$R$85 -> 100540.07 | N22: =+M22-L22 -> 2780.0673 | O22: =+[5]대구!$K$86/1000 -> 57.8115 | P22: =+[5]대구!$Q$50 -> 76787.653 | Q22: =+[5]대구!$R$50 -> 78688.328 | R22: =+Q22-P22 -> 1900.6746 | S22: =+[5]대구!$L$56/1000 -> -39.524547 | T22: =+([5]대구!$H$80+[5]대구!$H$85)/1000 -> 49.711971 | U22: =+([5]대구!$I$80+[5]대구!$I$85)/1000 -> 50.618633 | V22: =+U22-T22 -> 0.90666155 | W22: =+([5]대구!$L$80+[5]대구!$L$85)/1000 -> -0.90666155 | Y22: =+G22-K22-O22-S22-W22 -> -7.0166095e-14 | Z22: =+Y22*1000000 -> -7.0166095e-08
D23: 울산 | E23: =+[5]울산!$H$86/1000 -> 104.57265 | F23: =+[5]울산!$I$86/1000 -> 187.53756 | G23: =+F23-E23 -> 82.964905 | H23: =+[5]울산!$T$5/1000 -> 10 | I23: =+[5]울산!$U$5/1000 -> 11.917 | J23: =+I23-H23 -> 1.917 | K23: =+[5]울산!$M$86/1000 -> 27.484732 | L23: =+[5]울산!$Q$85 -> 101293.1 | M23: =+[5]울산!$R$85 -> 104149.19 | N23: =+M23-L23 -> 2856.086 | O23: =+[5]울산!$K$86/1000 -> 34.035977 | P23: =+[5]울산!$Q$50 -> 86955.733 | Q23: =+[5]울산!$R$50 -> 85053.159 | R23: =+Q23-P23 -> -1902.5744 | S23: =+[5]울산!$L$56/1000 -> 22.672955 | T23: =+([5]울산!$H$80+[5]울산!$H$85)/1000 -> 38.801014 | U23: =+([5]울산!$I$80+[5]울산!$I$85)/1000 -> 40.029774 | V23: =+U23-T23 -> 1.2287594 | W23: =+([5]울산!$L$80+[5]울산!$L$85)/1000 -> -1.2287594 | Y23: =+G23-K23-O23-S23-W23 -> 1.4432899e-14 | Z23: =+Y23*1000000 -> 1.4432899e-08
D24: 아산 | E24: =+[5]아산!$H$86/1000 -> 390.82873 | F24: =+[5]아산!$I$86/1000 -> 681.32996 | G24: =+F24-E24 -> 290.50123 | H24: =+[5]아산!$T$5/1000 -> 24 | I24: =+[5]아산!$U$5/1000 -> 32.637 | J24: =+I24-H24 -> 8.637 | K24: =+[5]아산!$M$86/1000 -> 167.62735 | L24: =+[5]아산!$Q$85 -> 101000.15 | M24: =+[5]아산!$R$85 -> 103299.38 | N24: =+M24-L24 -> 2299.2336 | O24: =+[5]아산!$K$86/1000 -> 75.040085 | P24: =+[5]아산!$Q$50 -> 81592.098 | Q24: =+[5]아산!$R$50 -> 79872.592 | R24: =+Q24-P24 -> -1719.5054 | S24: =+[5]아산!$L$56/1000 -> 56.145327 | T24: =+([5]아산!$H$80+[5]아산!$H$85)/1000 -> 74.964529 | U24: =+([5]아산!$I$80+[5]아산!$I$85)/1000 -> 83.276061 | V24: =+U24-T24 -> 8.3115315 | W24: =+([5]아산!$L$80+[5]아산!$L$85)/1000 -> -8.3115315 | Y24: =+G24-K24-O24-S24-W24 -> 9.9475983e-14 | Z24: =+Y24*1000000 -> 9.9475983e-08
D25: 전주 | E25: =+[5]전주!$H$86/1000 -> 228.25969 | F25: =+[5]전주!$I$86/1000 -> 209.80582 | G25: =+F25-E25 -> -18.45387 | H25: =+[5]전주!$T$5/1000 -> 12 | I25: =+[5]전주!$U$5/1000 -> 14.1955 | J25: =+I25-H25 -> 2.1955 | K25: =+[5]전주!$M$86/1000 -> 50.609841 | L25: =+[5]전주!$Q$85 -> 103872.28 | M25: =+[5]전주!$R$85 -> 96441.996 | N25: =+M25-L25 -> -7430.2868 | O25: =+[5]전주!$K$86/1000 -> -105.47664 | P25: =+[5]전주!$Q$50 -> 80820.658 | Q25: =+[5]전주!$R$50 -> 77876.212 | R25: =+Q25-P25 -> -2944.4458 | S25: =+[5]전주!$L$56/1000 -> 41.797874 | T25: =+([5]전주!$H$80+[5]전주!$H$85)/1000 -> 48.359799 | U25: =+([5]전주!$I$80+[5]전주!$I$85)/1000 -> 53.744749 | V25: =+U25-T25 -> 5.3849499 | W25: =+([5]전주!$L$80+[5]전주!$L$85)/1000 -> -5.3849499 | Y25: =+G25-K25-O25-S25-W25 -> 4.6185278e-14 | Z25: =+Y25*1000000 -> 4.6185278e-08
D26: 군산 | E26: =+[5]군산!$H$86/1000 -> 214.3396 | F26: =+[5]군산!$I$86/1000 -> 349.47533 | G26: =+F26-E26 -> 135.13573 | H26: =+[5]군산!$T$5/1000 -> 7.5 | I26: =+[5]군산!$U$5/1000 -> 10.731 | J26: =+I26-H26 -> 3.231 | K26: =+[5]군산!$M$86/1000 -> 101.08167 | L26: =+[5]군산!$Q$85 -> 108957.96 | M26: =+[5]군산!$R$85 -> 113508.02 | N26: =+M26-L26 -> 4550.0592 | O26: =+[5]군산!$K$86/1000 -> 48.826685 | P26: =+[5]군산!$Q$50 -> 77673.015 | Q26: =+[5]군산!$R$50 -> 78856.325 | R26: =+Q26-P26 -> 1183.3101 | S26: =+[5]군산!$L$56/1000 -> -12.706411 | T26: =+([5]군산!$H$80+[5]군산!$H$85)/1000 -> 20.29752 | U26: =+([5]군산!$I$80+[5]군산!$I$85)/1000 -> 22.363737 | V26: =+U26-T26 -> 2.0662176 | W26: =+([5]군산!$L$80+[5]군산!$L$85)/1000 -> -2.0662176 | Y26: =+G26-K26-O26-S26-W26 -> -1.9229063e-13 | Z26: =+Y26*1000000 -> -1.9229063e-07
D27: 원주 | E27: =+[5]원주!$H$86/1000 -> 165.56488 | F27: =+[5]원주!$I$86/1000 -> 211.34338 | G27: =+F27-E27 -> 45.778495 | H27: =+[5]원주!$T$5/1000 -> 7 | I27: =+[5]원주!$U$5/1000 -> 7.601 | J27: =+I27-H27 -> 0.601 | K27: =+[5]원주!$M$86/1000 -> 15.537439 | L27: =+[5]원주!$Q$85 -> 107900 | M27: =+[5]원주!$R$85 -> 111673.89 | N27: =+M27-L27 -> 3773.885 | O27: =+[5]원주!$K$86/1000 -> 28.6853 | P27: =+[5]원주!$Q$50 -> 82047.356 | Q27: =+[5]원주!$R$50 -> 81569.881 | R27: =+Q27-P27 -> -477.47512 | S27: =+[5]원주!$L$56/1000 -> 3.6292785 | T27: =+([5]원주!$H$80+[5]원주!$H$85)/1000 -> 15.403623 | U27: =+([5]원주!$I$80+[5]원주!$I$85)/1000 -> 17.477145 | V27: =+U27-T27 -> 2.0735223 | W27: =+([5]원주!$L$80+[5]원주!$L$85)/1000 -> -2.0735223 | Y27: =+G27-K27-O27-S27-W27 -> -7.860379e-14 | Z27: =+Y27*1000000 -> -7.860379e-08
D28: 제주 | E28: =+[5]제주!$H$86/1000 -> 127.44973 | F28: =+[5]제주!$I$86/1000 -> 51.135698 | G28: =+F28-E28 -> -76.314031 | H28: =+[5]제주!$T$5/1000 -> 6 | I28: =+[5]제주!$U$5/1000 -> 3.7165 | J28: =+I28-H28 -> -2.2835 | K28: =+[5]제주!$M$86/1000 -> -58.008551 | L28: =+[5]제주!$Q$85 -> 126800 | M28: =+[5]제주!$R$85 -> 124585.11 | N28: =+M28-L28 -> -2214.8925 | O28: =+[5]제주!$K$86/1000 -> -8.231648 | P28: =+[5]제주!$Q$50 -> 101396.65 | Q28: =+[5]제주!$R$50 -> 104004.41 | R28: =+Q28-P28 -> 2607.7614 | S28: =+[5]제주!$L$56/1000 -> -9.6917484 | T28: =+([5]제주!$H$80+[5]제주!$H$85)/1000 -> 24.970374 | U28: =+([5]제주!$I$80+[5]제주!$I$85)/1000 -> 25.352458 | V28: =+U28-T28 -> 0.3820838 | W28: =+([5]제주!$L$80+[5]제주!$L$85)/1000 -> -0.3820838 | Y28: =+G28-K28-O28-S28-W28 -> 6.3060668e-14 | Z28: =+Y28*1000000 -> 6.3060668e-08

Sheet 공헌이익
D4: □ 레미콘 단위당 공헌이익(2024-05)
V5: [단위 : 원/㎥]
D6: 구분 | E6: 판매단가 | H6: 재료비 | K6: 운반비 | N6: 유류비 | Q6: 변동비 계 | T6: 공헌이익
E7: 계획 | F7: 실적 | G7: 차이 | H7: 계획 | I7: 실적 | J7: 차이 | K7: 계획 | L7: 실적 | M7: 차이 | N7: 계획 | O7: 실적 | P7: 차이 | Q7: 계획 | R7: 실적 | S7: 차이 | T7: 계획 | U7: 실적 | V7: 차이
D8: 평균 | E8: =+[5]합계!$Q$85 -> 102227.07 | F8: =+[5]합계!$R$85 -> 101219.55 | G8: =+F8-E8 -> -1007.5208 | H8: =+[5]합계!$Q$20 -> 58423.723 | I8: =+[5]합계!$R$20 -> 60369.966 | J8: =+I8-H8 -> 1946.2425 | K8: =+[5]합계!$Q$21 -> 17579.733 | L8: =+[5]합계!$R$21 -> 17424.044 | M8: =+L8-K8 -> -155.6893 | N8: =+[5]합계!$Q$22 -> 187.46019 | O8: =+[5]합계!$R$22 -> 180.53199 | P8: =+O8-N8 -> -6.9282026 | Q8: =H8+K8+N8 -> 76190.917 | R8: =I8+L8+O8 -> 77974.542 | S8: =+R8-Q8 -> 1783.625 | T8: =+E8-Q8 -> 26036.158 | U8: =+F8-R8 -> 23245.012 | V8: =+U8-T8 -> -2791.1458
D9: 수도권 | E9: =+[5]수도권!$Q$85 -> 100452.98 | F9: =+[5]수도권!$R$85 -> 99353.382 | G9: =+F9-E9 -> -1099.6013 | H9: =+[5]수도권!$Q$20 -> 59930.61 | I9: =+[5]수도권!$R$20 -> 62210.137 | J9: =+I9-H9 -> 2279.5272 | K9: =+[5]수도권!$Q$21 -> 17374.204 | L9: =+[5]수도권!$R$21 -> 17836.356 | M9: =+L9-K9 -> 462.15192 | N9: =+[5]수도권!$Q$22 -> 213.64542 | O9: =+[5]수도권!$R$22 -> 187.10817 | P9: =+O9-N9 -> -26.537244 | Q9: =H9+K9+N9 -> 77518.459 | R9: =I9+L9+O9 -> 80233.601 | S9: =+R9-Q9 -> 2715.1419 | T9: =+E9-Q9 -> 22934.524 | U9: =+F9-R9 -> 19119.781 | V9: =+U9-T9 -> -3814.7431
D10: 영남권 | E10: =+[5]영남권!$Q$85 -> 102187.09 | F10: =+[5]영남권!$R$85 -> 100729.73 | G10: =+F10-E10 -> -1457.3602 | H10: =+[5]영남권!$Q$20 -> 57184.655 | I10: =+[5]영남권!$R$20 -> 59486.515 | J10: =+I10-H10 -> 2301.8601 | K10: =+[5]영남권!$Q$21 -> 17836.028 | L10: =+[5]영남권!$R$21 -> 18193.533 | M10: =+L10-K10 -> 357.50469 | N10: =+[5]영남권!$Q$22 -> 167.42424 | O10: =+[5]영남권!$R$22 -> 180.36399 | P10: =+O10-N10 -> 12.939749 | Q10: =H10+K10+N10 -> 75188.107 | R10: =I10+L10+O10 -> 77860.412 | S10: =+R10-Q10 -> 2672.3045 | T10: =+E10-Q10 -> 26998.986 | U10: =+F10-R10 -> 22869.321 | V10: =+U10-T10 -> -4129.6647
D11: 기타권 | E11: =+[5]중부권!$Q$85 -> 106261.16 | F11: =+[5]중부권!$R$85 -> 105549.17 | G11: =+F11-E11 -> -711.9888 | H11: =+[5]중부권!$Q$20 -> 57971.384 | I11: =+[5]중부권!$R$20 -> 59231.295 | J11: =+I11-H11 -> 1259.911 | K11: =+[5]중부권!$Q$21 -> 17437.485 | L11: =+[5]중부권!$R$21 -> 14951.249 | M11: =+L11-K11 -> -2486.2368 | N11: =+[5]중부권!$Q$22 -> 176.10619 | O11: =+[5]중부권!$R$22 -> 169.61063 | P11: =+O11-N11 -> -6.4955666 | Q11: =H11+K11+N11 -> 75584.975 | R11: =I11+L11+O11 -> 74352.154 | S11: =+R11-Q11 -> -1232.8213 | T11: =+E11-Q11 -> 30676.188 | U11: =+F11-R11 -> 31197.021 | V11: =+U11-T11 -> 520.83252
D12: 안양 | E12: =+[5]안양!$Q$85 -> 101314.73 | F12: =+[5]안양!$R$85 -> 101543.97 | G12: =+F12-E12 -> 229.24514 | H12: =+[5]안양!$Q$20 -> 61732.997 | I12: =+[5]안양!$R$20 -> 65898.241 | J12: =+I12-H12 -> 4165.2436 | K12: =+[5]안양!$Q$21 -> 16655.968 | L12: =+[5]안양!$R$21 -> 16657.033 | M12: =+L12-K12 -> 1.0648127 | N12: =+[5]안양!$Q$22 -> 186.36364 | O12: =+[5]안양!$R$22 -> 206.43955 | P12: =+O12-N12 -> 20.075914 | Q12: =H12+K12+N12 -> 78575.329 | R12: =I12+L12+O12 -> 82761.713 | S12: =+R12-Q12 -> 4186.3843 | T12: =+E12-Q12 -> 22739.401 | U12: =+F12-R12 -> 18782.261 | V12: =+U12-T12 -> -3957.1392
D13: 인천 | E13: =+[5]인천!$Q$85 -> 102700.54 | F13: =+[5]인천!$R$85 -> 97709.509 | G13: =+F13-E13 -> -4991.0283 | H13: =+[5]인천!$Q$20 -> 63595.028 | I13: =+[5]인천!$R$20 -> 61883.897 | J13: =+I13-H13 -> -1711.1308 | K13: =+[5]인천!$Q$21 -> 17195.206 | L13: =+[5]인천!$R$21 -> 17658.273 | M13: =+L13-K13 -> 463.06655 | N13: =+[5]인천!$Q$22 -> 314.28571 | O13: =+[5]인천!$R$22 -> 288.20164 | P13: =+O13-N13 -> -26.084077 | Q13: =H13+K13+N13 -> 81104.52 | R13: =I13+L13+O13 -> 79830.372 | S13: =+R13-Q13 -> -1274.1483 | T13: =+E13-Q13 -> 21596.017 | U13: =+F13-R13 -> 17879.137 | V13: =+U13-T13 -> -3716.88
D14: 파주 | E14: =+[5]파주!$Q$85 -> 99166.464 | F14: =+[5]파주!$R$85 -> 95934.038 | G14: =+F14-E14 -> -3232.4262 | H14: =+[5]파주!$Q$20 -> 56637.415 | I14: =+[5]파주!$R$20 -> 59132.02 | J14: =+I14-H14 -> 2494.6052 | K14: =+[5]파주!$Q$21 -> 18613.02 | L14: =+[5]파주!$R$21 -> 20120.413 | M14: =+L14-K14 -> 1507.3928 | N14: =+[5]파주!$Q$22 -> 202.5 | O14: =+[5]파주!$R$22 -> 140.68566 | P14: =+O14-N14 -> -61.814344 | Q14: =H14+K14+N14 -> 75452.936 | R14: =I14+L14+O14 -> 79393.119 | S14: =+R14-Q14 -> 3940.1837 | T14: =+E14-Q14 -> 23713.528 | U14: =+F14-R14 -> 16540.919 | V14: =+U14-T14 -> -7172.6099
D15: 김포 | E15: =+[5]김포!$Q$85 -> 96098.459 | F15: =+[5]김포!$R$85 -> 102058.93 | G15: =+F15-E15 -> 5960.471 | H15: =+[5]김포!$Q$20 -> 53695.463 | I15: =+[5]김포!$R$20 -> 59468.43 | J15: =+I15-H15 -> 5772.967 | K15: =+[5]김포!$Q$21 -> 17546.12 | L15: =+[5]김포!$R$21 -> 17364.609 | M15: =+L15-K15 -> -181.51034 | N15: =+[5]김포!$Q$22 -> 105 | O15: =+[5]김포!$R$22 -> 60.304822 | P15: =+O15-N15 -> -44.695178 | Q15: =H15+K15+N15 -> 71346.583 | R15: =I15+L15+O15 -> 76893.344 | S15: =+R15-Q15 -> 5546.7615 | T15: =+E15-Q15 -> 24751.877 | U15: =+F15-R15 -> 25165.586 | V15: =+U15-T15 -> 413.70953
D16: 부산 | E16: =+[5]부산!$Q$85 -> 107600.3 | F16: =+[5]부산!$R$85 -> 106167.43 | G16: =+F16-E16 -> -1432.8697 | H16: =+[5]부산!$Q$20 -> 58976.993 | I16: =+[5]부산!$R$20 -> 63592.972 | J16: =+I16-H16 -> 4615.9795 | K16: =+[5]부산!$Q$21 -> 19641.118 | L16: =+[5]부산!$R$21 -> 19330.295 | M16: =+L16-K16 -> -310.82309 | N16: =+[5]부산!$Q$22 -> 50 | O16: =+[5]부산!$R$22 -> 0 | P16: =+O16-N16 -> -50 | Q16: =H16+K16+N16 -> 78668.111 | R16: =I16+L16+O16 -> 82923.267 | S16: =+R16-Q16 -> 4255.1564 | T16: =+E16-Q16 -> 28932.188 | U16: =+F16-R16 -> 23244.162 | V16: =+U16-T16 -> -5688.0261
D17: 서부산 | E17: =+[5]서부산!$Q$85 -> 103255.26 | F17: =+[5]서부산!$R$85 -> 102586.09 | G17: =+F17-E17 -> -669.17622 | H17: =+[5]서부산!$Q$20 -> 59861.688 | I17: =+[5]서부산!$R$20 -> 60881.09 | J17: =+I17-H17 -> 1019.402 | K17: =+[5]서부산!$Q$21 -> 16266.59 | L17: =+[5]서부산!$R$21 -> 17445.589 | M17: =+L17-K17 -> 1178.9989 | N17: =+[5]서부산!$Q$22 -> 76.923077 | O17: =+[5]서부산!$R$22 -> 255.91763 | P17: =+O17-N17 -> 178.99456 | Q17: =H17+K17+N17 -> 76205.201 | R17: =I17+L17+O17 -> 78582.596 | S17: =+R17-Q17 -> 2377.3955 | T17: =+E17-Q17 -> 27050.061 | U17: =+F17-R17 -> 24003.49 | V17: =+U17-T17 -> -3046.5717
D18: 김해 | E18: =+[5]김해!$Q$85 -> 101000.2 | F18: =+[5]김해!$R$85 -> 93214.324 | G18: =+F18-E18 -> -7785.876 | H18: =+[5]김해!$Q$20 -> 57995.399 | I18: =+[5]김해!$R$20 -> 59291.017 | J18: =+I18-H18 -> 1295.6184 | K18: =+[5]김해!$Q$21 -> 18115.39 | L18: =+[5]김해!$R$21 -> 17715.305 | M18: =+L18-K18 -> -400.08497 | N18: =+[5]김해!$Q$22 -> 379.16667 | O18: =+[5]김해!$R$22 -> 418.15831 | P18: =+O18-N18 -> 38.991644 | Q18: =H18+K18+N18 -> 76489.955 | R18: =I18+L18+O18 -> 77424.481 | S18: =+R18-Q18 -> 934.52511 | T18: =+E18-Q18 -> 24510.245 | U18: =+F18-R18 -> 15789.844 | V18: =+U18-T18 -> -8720.4011
D19: 정관 | E19: =+[5]정관!$Q$85 -> 104000 | F19: =+[5]정관!$R$85 -> 101381.19 | G19: =+F19-E19 -> -2618.8114 | H19: =+[5]정관!$Q$20 -> 59233.161 | I19: =+[5]정관!$R$20 -> 60769.291 | J19: =+I19-H19 -> 1536.1308 | K19: =+[5]정관!$Q$21 -> 19050.003 | L19: =+[5]정관!$R$21 -> 19662.555 | M19: =+L19-K19 -> 612.5525 | N19: =+[5]정관!$Q$22 -> 250 | O19: =+[5]정관!$R$22 -> 214.21812 | P19: =+O19-N19 -> -35.781876 | Q19: =H19+K19+N19 -> 78533.163 | R19: =I19+L19+O19 -> 80646.065 | S19: =+R19-Q19 -> 2112.9014 | T19: =+E19-Q19 -> 25466.837 | U19: =+F19-R19 -> 20735.124 | V19: =+U19-T19 -> -4731.7129
D20: 양산 | E20: =+[5]양산!$Q$85 -> 96764.877 | F20: =+[5]양산!$R$85 -> 93528.678 | G20: =+F20-E20 -> -3236.1995 | H20: =+[5]양산!$Q$20 -> 53279.817 | I20: =+[5]양산!$R$20 -> 57044.286 | J20: =+I20-H20 -> 3764.4689 | K20: =+[5]양산!$Q$21 -> 17463.188 | L20: =+[5]양산!$R$21 -> 16830.317 | M20: =+L20-K20 -> -632.87017 | N20: =+[5]양산!$Q$22 -> 82.608696 | O20: =+[5]양산!$R$22 -> 30.905654 | P20: =+O20-N20 -> -51.703042 | Q20: =H20+K20+N20 -> 70825.613 | R20: =I20+L20+O20 -> 73905.509 | S20: =+R20-Q20 -> 3079.8957 | T20: =+E20-Q20 -> 25939.264 | U20: =+F20-R20 -> 19623.169 | V20: =+U20-T20 -> -6316.0952
D21: 창원 | E21: =+[5]창원!$Q$85 -> 101626.89 | F21: =+[5]창원!$R$85 -> 98673.838 | G21: =+F21-E21 -> -2953.051 | H21: =+[5]창원!$Q$20 -> 55702.154 | I21: =+[5]창원!$R$20 -> 57663.839 | J21: =+I21-H21 -> 1961.685 | K21: =+[5]창원!$Q$21 -> 16491.015 | L21: =+[5]창원!$R$21 -> 16421.27 | M21: =+L21-K21 -> -69.745779 | N21: =+[5]창원!$Q$22 -> 66.666667 | O21: =+[5]창원!$R$22 -> 82.035699 | P21: =+O21-N21 -> 15.369033 | Q21: =H21+K21+N21 -> 72259.836 | R21: =I21+L21+O21 -> 74167.145 | S21: =+R21-Q21 -> 1907.3083 | T21: =+E21-Q21 -> 29367.053 | U21: =+F21-R21 -> 24506.693 | V21: =+U21-T21 -> -4860.3593
D22: 대구 | E22: =+[5]대구!$Q$85 -> 97760 | F22: =+[5]대구!$R$85 -> 100540.07 | G22: =+F22-E22 -> 2780.0673 | H22: =+[5]대구!$Q$20 -> 52503.967 | I22: =+[5]대구!$R$20 -> 55086.334 | J22: =+I22-H22 -> 2582.3669 | K22: =+[5]대구!$Q$21 -> 16751.031 | L22: =+[5]대구!$R$21 -> 17899.423 | M22: =+L22-K22 -> 1148.3913 | N22: =+[5]대구!$Q$22 -> 321.21212 | O22: =+[5]대구!$R$22 -> 286.93907 | P22: =+O22-N22 -> -34.273049 | Q22: =H22+K22+N22 -> 69576.21 | R22: =I22+L22+O22 -> 73272.696 | S22: =+R22-Q22 -> 3696.4852 | T22: =+E22-Q22 -> 28183.79 | U22: =+F22-R22 -> 27267.372 | V22: =+U22-T22 -> -916.41783
D23: 울산 | E23: =+[5]울산!$Q$85 -> 101293.1 | F23: =+[5]울산!$R$85 -> 104149.19 | G23: =+F23-E23 -> 2856.086 | H23: =+[5]울산!$Q$20 -> 56861.691 | I23: =+[5]울산!$R$20 -> 58304.651 | J23: =+I23-H23 -> 1442.9598 | K23: =+[5]울산!$Q$21 -> 20426.035 | L23: =+[5]울산!$R$21 -> 19756.746 | M23: =+L23-K23 -> -669.28822 | N23: =+[5]울산!$Q$22 -> 260 | O23: =+[5]울산!$R$22 -> 272.51481 | P23: =+O23-N23 -> 12.514811 | Q23: =H23+K23+N23 -> 77547.726 | R23: =I23+L23+O23 -> 78333.912 | S23: =+R23-Q23 -> 786.18637 | T23: =+E23-Q23 -> 23745.374 | U23: =+F23-R23 -> 25815.274 | V23: =+U23-T23 -> 2069.8997
D24: 아산 | E24: =+[5]아산!$Q$85 -> 101000.15 | F24: =+[5]아산!$R$85 -> 103299.38 | G24: =+F24-E24 -> 2299.2336 | H24: =+[5]아산!$Q$20 -> 56035.284 | I24: =+[5]아산!$R$20 -> 59426.673 | J24: =+I24-H24 -> 3391.3888 | K24: =+[5]아산!$Q$21 -> 19763.524 | L24: =+[5]아산!$R$21 -> 15632.574 | M24: =+L24-K24 -> -4130.9497 | N24: =+[5]아산!$Q$22 -> 208.33333 | O24: =+[5]아산!$R$22 -> 144.4601 | P24: =+O24-N24 -> -63.873235 | Q24: =H24+K24+N24 -> 76007.141 | R24: =I24+L24+O24 -> 75203.707 | S24: =+R24-Q24 -> -803.43421 | T24: =+E24-Q24 -> 24993.009 | U24: =+F24-R24 -> 28095.677 | V24: =+U24-T24 -> 3102.6678
D25: 전주 | E25: =+[5]전주!$Q$85 -> 103872.28 | F25: =+[5]전주!$R$85 -> 96441.996 | G25: =+F25-E25 -> -7430.2868 | H25: =+[5]전주!$Q$20 -> 55393.123 | I25: =+[5]전주!$R$20 -> 55577.87 | J25: =+I25-H25 -> 184.7464 | K25: =+[5]전주!$Q$21 -> 17129.656 | L25: =+[5]전주!$R$21 -> 14997.635 | M25: =+L25-K25 -> -2132.0212 | N25: =+[5]전주!$Q$22 -> 250 | O25: =+[5]전주!$R$22 -> 206.94206 | P25: =+O25-N25 -> -43.057941 | Q25: =H25+K25+N25 -> 72772.78 | R25: =I25+L25+O25 -> 70782.447 | S25: =+R25-Q25 -> -1990.3327 | T25: =+E25-Q25 -> 31099.503 | U25: =+F25-R25 -> 25659.549 | V25: =+U25-T25 -> -5439.9541
D26: 군산 | E26: =+[5]군산!$Q$85 -> 108957.96 | F26: =+[5]군산!$R$85 -> 113508.02 | G26: =+F26-E26 -> 4550.0592 | H26: =+[5]군산!$Q$20 -> 56557.487 | I26: =+[5]군산!$R$20 -> 59967.749 | J26: =+I26-H26 -> 3410.2623 | K26: =+[5]군산!$Q$21 -> 12685.699 | L26: =+[5]군산!$R$21 -> 13359.195 | M26: =+L26-K26 -> 673.4963 | N26: =+[5]군산!$Q$22 -> 60 | O26: =+[5]군산!$R$22 -> 54.930148 | P26: =+O26-N26 -> -5.0698519 | Q26: =H26+K26+N26 -> 69303.186 | R26: =I26+L26+O26 -> 73381.874 | S26: =+R26-Q26 -> 4078.6887 | T26: =+E26-Q26 -> 39654.779 | U26: =+F26-R26 -> 40126.149 | V26: =+U26-T26 -> 471.37051
D27: 원주 | E27: =+[5]원주!$Q$85 -> 107900 | F27: =+[5]원주!$R$85 -> 111673.89 | G27: =+F27-E27 -> 3773.885 | H27: =+[5]원주!$Q$20 -> 56418.304 | I27: =+[5]원주!$R$20 -> 58227.264 | J27: =+I27-H27 -> 1808.9597 | K27: =+[5]원주!$Q$21 -> 15776.61 | L27: =+[5]원주!$R$21 -> 13363.856 | M27: =+L27-K27 -> -2412.7539 | N27: =+[5]원주!$Q$22 -> 214.28571 | O27: =+[5]원주!$R$22 -> 263.83371 | P27: =+O27-N27 -> 49.547992 | Q27: =H27+K27+N27 -> 72409.2 | R27: =I27+L27+O27 -> 71854.954 | S27: =+R27-Q27 -> -554.24615 | T27: =+E27-Q27 -> 35490.8 | U27: =+F27-R27 -> 39818.931 | V27: =+U27-T27 -> 4328.1312
D28: 제주 | E28: =+[5]제주!$Q$85 -> 126800 | F28: =+[5]제주!$R$85 -> 124585.11 | G28: =+F28-E28 -> -2214.8925 | H28: =+[5]제주!$Q$20 -> 74451.6 | I28: =+[5]제주!$R$20 -> 71395.642 | J28: =+I28-H28 -> -3055.9584 | K28: =+[5]제주!$Q$21 -> 16626.41 | L28: =+[5]제주!$R$21 -> 16635.805 | M28: =+L28-K28 -> 9.3952057 | N28: =+[5]제주!$Q$22 -> 0 | O28: =+[5]제주!$R$22 -> 386.53114 | P28: =+O28-N28 -> 386.53114 | Q28: =H28+K28+N28 -> 91078.011 | R28: =I28+L28+O28 -> 88417.978 | S28: =+R28-Q28 -> -2660.032 | T28: =+E28-Q28 -> 35721.989 | U28: =+F28-R28 -> 36167.129 | V28: =+U28-T28 -> 445.13954

Sheet 재료비단가
D4: □ 2024년 레미콘 원재료단가(2024-05)
D6: 구분 | E6: OPC (원/톤) | H6: SC (원/톤) | K6: SP (원/톤) | N6: FA (원/톤) | Q6: 자갈 (원/톤) | T6: 모래 (원/톤)
E7: 계획 | F7: 실적 | G7: 차이 | H7: 계획 | I7: 실적 | J7: 차이 | K7: 계획 | L7: 실적 | M7: 차이 | N7: 계획 | O7: 실적 | P7: 차이 | Q7: 계획 | R7: 실적 | S7: 차이 | T7: 계획 | U7: 실적 | V7: 차이
D8: 평균 | E8: =+[5]합계!$G$9 -> 100465.33 | F8: =+[5]합계!$H$9 -> 100306.62 | G8: =+F8-E8 -> -158.70807 | H8: =+[5]합계!$G$10 -> 91240.58 | I8: =+[5]합계!$H$10 -> 92540.245 | J8: =+I8-H8 -> 1299.6655 | K8: =+[5]합계!$G$12 -> 64097.274 | L8: =+[5]합계!$H$12 -> 63942.421 | M8: =+L8-K8 -> -154.85324 | N8: =+[5]합계!$G$13 -> 40597.5 | O8: =+[5]합계!$H$13 -> 41098.566 | P8: =+O8-N8 -> 501.06579 | Q8: =+[5]합계!$G$16 -> 12810.058 | R8: =+[5]합계!$H$16 -> 13219.803 | S8: =+R8-Q8 -> 409.74516 | T8: =+[5]합계!$G$17 -> 15792.093 | U8: =+[5]합계!$H$17 -> 15973.329 | V8: =+U8-T8 -> 181.23527
D9: 수도권 | E9: =+[5]수도권!$G$9 -> 100000 | F9: =+[5]수도권!$H$9 -> 100000.03 | G9: =+F9-E9 -> 0.02603229 | H9: =+[5]수도권!$G$10 -> 92334.684 | I9: =+[5]수도권!$H$10 -> 98294.364 | J9: =+I9-H9 -> 5959.68 | K9: =+[5]수도권!$G$12 -> 64324.215 | L9: =+[5]수도권!$H$12 -> 64200.62 | M9: =+L9-K9 -> -123.59561 | N9: =+[5]수도권!$G$13 -> 45162.496 | O9: =+[5]수도권!$H$13 -> 47457.917 | P9: =+O9-N9 -> 2295.4217 | Q9: =+[5]수도권!$G$16 -> 15352.76 | R9: =+[5]수도권!$H$16 -> 16269.748 | S9: =+R9-Q9 -> 916.98775 | T9: =+[5]수도권!$G$17 -> 14734.585 | U9: =+[5]수도권!$H$17 -> 14881.236 | V9: =+U9-T9 -> 146.6519
D10: 영남권 | E10: =+[5]영남권!$G$9 -> 100000 | F10: =+[5]영남권!$H$9 -> 99998.434 | G10: =+F10-E10 -> -1.566168 | H10: =+[5]영남권!$G$10 -> 92100 | I10: =+[5]영남권!$H$10 -> 92282.443 | J10: =+I10-H10 -> 182.44303 | K10: =+[5]영남권!$G$12 -> 63683.916 | L10: =+[5]영남권!$H$12 -> 63497.388 | M10: =+L10-K10 -> -186.52836 | N10: =+[5]영남권!$G$13 -> 35391.936 | O10: =+[5]영남권!$H$13 -> 35427.601 | P10: =+O10-N10 -> 35.665574 | Q10: =+[5]영남권!$G$16 -> 10365.488 | R10: =+[5]영남권!$H$16 -> 11051.406 | S10: =+R10-Q10 -> 685.91766 | T10: =+[5]영남권!$G$17 -> 17320.162 | U10: =+[5]영남권!$H$17 -> 17532.805 | V10: =+U10-T10 -> 212.6437
D11: 기타권 | E11: =+[5]중부권!$G$9 -> 102520.23 | F11: =+[5]중부권!$H$9 -> 101386.18 | G11: =+F11-E11 -> -1134.0412 | H11: =+[5]중부권!$G$10 -> 88054.416 | I11: =+[5]중부권!$H$10 -> 90560.056 | J11: =+I11-H11 -> 2505.6394 | K11: =+[5]중부권!$G$12 -> 64689.005 | L11: =+[5]중부권!$H$12 -> 64639.383 | M11: =+L11-K11 -> -49.622453 | N11: =+[5]중부권!$G$13 -> 41399.816 | O11: =+[5]중부권!$H$13 -> 42530.736 | P11: =+O11-N11 -> 1130.92 | Q11: =+[5]중부권!$G$16 -> 12625.651 | R11: =+[5]중부권!$H$16 -> 12793.863 | S11: =+R11-Q11 -> 168.21162 | T11: =+[5]중부권!$G$17 -> 14552.57 | U11: =+[5]중부권!$H$17 -> 14345.878 | V11: =+U11-T11 -> -206.69158
D12: 안양 | E12: =+[5]안양!$G$9 -> 100000 | F12: =+[5]안양!$H$9 -> 100000.07 | G12: =+F12-E12 -> 0.073086344 | H12: =+[5]안양!$G$10 -> 87100 | I12: =+[5]안양!$H$10 -> 0 | J12: =+I12-H12 -> -87100 | K12: =+[5]안양!$G$12 -> 64000 | L12: =+[5]안양!$H$12 -> 64252.155 | M12: =+L12-K12 -> 252.15515 | N12: =+[5]안양!$G$13 -> 45000 | O12: =+[5]안양!$H$13 -> 45800.599 | P12: =+O12-N12 -> 800.59916 | Q12: =+[5]안양!$G$16 -> 15333.333 | R12: =+[5]안양!$H$16 -> 17076.992 | S12: =+R12-Q12 -> 1743.6589 | T12: =+[5]안양!$G$17 -> 15161.29 | U12: =+[5]안양!$H$17 -> 16142.93 | V12: =+U12-T12 -> 981.63963
D13: 인천 | E13: =+[5]인천!$G$9 -> 100000 | F13: =+[5]인천!$H$9 -> 99999.999 | G13: =+F13-E13 -> -0.00063375905 | H13: =+[5]인천!$G$10 -> 99500 | I13: =+[5]인천!$H$10 -> 98294.129 | J13: =+I13-H13 -> -1205.8708 | K13: =+[5]인천!$G$12 -> 64500 | L13: =+[5]인천!$H$12 -> 64505.284 | M13: =+L13-K13 -> 5.283706 | N13: =+[5]인천!$G$13 -> 45000 | O13: =+[5]인천!$H$13 -> 48618.748 | P13: =+O13-N13 -> 3618.7478 | Q13: =+[5]인천!$G$16 -> 15733.333 | R13: =+[5]인천!$H$16 -> 15999.068 | S13: =+R13-Q13 -> 265.7346 | T13: =+[5]인천!$G$17 -> 15504.016 | U13: =+[5]인천!$H$17 -> 15068.543 | V13: =+U13-T13 -> -435.47328
D14: 파주 | E14: =+[5]파주!$G$9 -> 100000 | F14: =+[5]파주!$H$9 -> 99999.998 | G14: =+F14-E14 -> -0.0017426004 | H14: =+[5]파주!$G$10 -> 0 | I14: =+[5]파주!$H$10 -> 98338.127 | J14: =+I14-H14 -> 98338.127 | K14: =+[5]파주!$G$12 -> 64500 | L14: =+[5]파주!$H$12 -> 64556.075 | M14: =+L14-K14 -> 56.07465 | N14: =+[5]파주!$G$13 -> 45000 | O14: =+[5]파주!$H$13 -> 47895.64 | P14: =+O14-N14 -> 2895.64 | Q14: =+[5]파주!$G$16 -> 15266.667 | R14: =+[5]파주!$H$16 -> 16532.072 | S14: =+R14-Q14 -> 1265.4056 | T14: =+[5]파주!$G$17 -> 13419.355 | U14: =+[5]파주!$H$17 -> 13160.315 | V14: =+U14-T14 -> -259.04
D15: 김포 | E15: =+[5]김포!$G$9 -> 100000 | F15: =+[5]김포!$H$9 -> 99999.998 | G15: =+F15-E15 -> -0.0022489386 | H15: =+[5]김포!$G$10 -> 0 | I15: =+[5]김포!$H$10 -> 0 | J15: =+I15-H15 -> 0 | K15: =+[5]김포!$G$12 -> 64300 | L15: =+[5]김포!$H$12 -> 63276.404 | M15: =+L15-K15 -> -1023.5962 | N15: =+[5]김포!$G$13 -> 46000 | O15: =+[5]김포!$H$13 -> 48888.411 | P15: =+O15-N15 -> 2888.4108 | Q15: =+[5]김포!$G$16 -> 14666.667 | R15: =+[5]김포!$H$16 -> 14600 | S15: =+R15-Q15 -> -66.667109 | T15: =+[5]김포!$G$17 -> 14373.491 | U15: =+[5]김포!$H$17 -> 14606.724 | V15: =+U15-T15 -> 233.23379
D16: 부산 | E16: =+[5]부산!$G$9 -> 100000 | F16: =+[5]부산!$H$9 -> 100009.54 | G16: =+F16-E16 -> 9.5382369 | H16: =+[5]부산!$G$10 -> 92100 | I16: =+[5]부산!$H$10 -> 92474.703 | J16: =+I16-H16 -> 374.70321 | K16: =+[5]부산!$G$12 -> 65000 | L16: =+[5]부산!$H$12 -> 0 | M16: =+L16-K16 -> -65000 | N16: =+[5]부산!$G$13 -> 36500 | O16: =+[5]부산!$H$13 -> 36500.009 | P16: =+O16-N16 -> 0.0093534453 | Q16: =+[5]부산!$G$16 -> 10738.499 | R16: =+[5]부산!$H$16 -> 11753.719 | S16: =+R16-Q16 -> 1015.2197 | T16: =+[5]부산!$G$17 -> 17415.827 | U16: =+[5]부산!$H$17 -> 18082.991 | V16: =+U16-T16 -> 667.16445
D17: 서부산 | E17: =+[5]서부산!$G$9 -> 100000 | F17: =+[5]서부산!$H$9 -> 100012.05 | G17: =+F17-E17 -> 12.053793 | H17: =+[5]서부산!$G$10 -> 92100 | I17: =+[5]서부산!$H$10 -> 92101.893 | J17: =+I17-H17 -> 1.8926583 | K17: =+[5]서부산!$G$12 -> 65000 | L17: =+[5]서부산!$H$12 -> 65404.264 | M17: =+L17-K17 -> 404.26419 | N17: =+[5]서부산!$G$13 -> 35200 | O17: =+[5]서부산!$H$13 -> 35309.481 | P17: =+O17-N17 -> 109.4806 | Q17: =+[5]서부산!$G$16 -> 10666.667 | R17: =+[5]서부산!$H$16 -> 11305.62 | S17: =+R17-Q17 -> 638.95313 | T17: =+[5]서부산!$G$17 -> 17676.111 | U17: =+[5]서부산!$H$17 -> 18550.702 | V17: =+U17-T17 -> 874.59106
D18: 김해 | E18: =+[5]김해!$G$9 -> 100000 | F18: =+[5]김해!$H$9 -> 100000.21 | G18: =+F18-E18 -> 0.20728141 | H18: =+[5]김해!$G$10 -> 92100 | I18: =+[5]김해!$H$10 -> 92099.979 | J18: =+I18-H18 -> -0.020835663 | K18: =+[5]김해!$G$12 -> 64000 | L18: =+[5]김해!$H$12 -> 63176.193 | M18: =+L18-K18 -> -823.80731 | N18: =+[5]김해!$G$13 -> 35000 | O18: =+[5]김해!$H$13 -> 34999.998 | P18: =+O18-N18 -> -0.0020707738 | Q18: =+[5]김해!$G$16 -> 9426.6667 | R18: =+[5]김해!$H$16 -> 9791.7871 | S18: =+R18-Q18 -> 365.12045 | T18: =+[5]김해!$G$17 -> 17730.479 | U18: =+[5]김해!$H$17 -> 16174.497 | V18: =+U18-T18 -> -1555.9815
D19: 정관 | E19: =+[5]정관!$G$9 -> 100000 | F19: =+[5]정관!$H$9 -> 100018.57 | G19: =+F19-E19 -> 18.569872 | H19: =+[5]정관!$G$10 -> 92100 | I19: =+[5]정관!$H$10 -> 92099.465 | J19: =+I19-H19 -> -0.53486307 | K19: =+[5]정관!$G$12 -> 63500 | L19: =+[5]정관!$H$12 -> 63655.926 | M19: =+L19-K19 -> 155.92602 | N19: =+[5]정관!$G$13 -> 35500 | O19: =+[5]정관!$H$13 -> 35499.997 | P19: =+O19-N19 -> -0.0033674829 | Q19: =+[5]정관!$G$16 -> 10733.333 | R19: =+[5]정관!$H$16 -> 11670.902 | S19: =+R19-Q19 -> 937.56861 | T19: =+[5]정관!$G$17 -> 18315.171 | U19: =+[5]정관!$H$17 -> 18642.116 | V19: =+U19-T19 -> 326.9451
D20: 양산 | E20: =+[5]양산!$G$9 -> 100000 | F20: =+[5]양산!$H$9 -> 99923.818 | G20: =+F20-E20 -> -76.181967 | H20: =+[5]양산!$G$10 -> 92100 | I20: =+[5]양산!$H$10 -> 0 | J20: =+I20-H20 -> -92100 | K20: =+[5]양산!$G$12 -> 63000 | L20: =+[5]양산!$H$12 -> 63287.882 | M20: =+L20-K20 -> 287.88203 | N20: =+[5]양산!$G$13 -> 36000 | O20: =+[5]양산!$H$13 -> 36000.023 | P20: =+O20-N20 -> 0.022938384 | Q20: =+[5]양산!$G$16 -> 9066.6667 | R20: =+[5]양산!$H$16 -> 9572.4988 | S20: =+R20-Q20 -> 505.83212 | T20: =+[5]양산!$G$17 -> 17432.174 | U20: =+[5]양산!$H$17 -> 16747.722 | V20: =+U20-T20 -> -684.4517
D21: 창원 | E21: =+[5]창원!$G$9 -> 100000 | F21: =+[5]창원!$H$9 -> 100004.69 | G21: =+F21-E21 -> 4.6909574 | H21: =+[5]창원!$G$10 -> 0 | I21: =+[5]창원!$H$10 -> 0 | J21: =+I21-H21 -> 0 | K21: =+[5]창원!$G$12 -> 65000 | L21: =+[5]창원!$H$12 -> 65007.531 | M21: =+L21-K21 -> 7.5308146 | N21: =+[5]창원!$G$13 -> 33000 | O21: =+[5]창원!$H$13 -> 33000.001 | P21: =+O21-N21 -> 0.00067514356 | Q21: =+[5]창원!$G$16 -> 10400 | R21: =+[5]창원!$H$16 -> 11209.951 | S21: =+R21-Q21 -> 809.95142 | T21: =+[5]창원!$G$17 -> 17019.617 | U21: =+[5]창원!$H$17 -> 17512.609 | V21: =+U21-T21 -> 492.99283
D22: 대구 | E22: =+[5]대구!$G$9 -> 100000 | F22: =+[5]대구!$H$9 -> 99999.998 | G22: =+F22-E22 -> -0.0016034027 | H22: =+[5]대구!$G$10 -> 0 | I22: =+[5]대구!$H$10 -> 0 | J22: =+I22-H22 -> 0 | K22: =+[5]대구!$G$12 -> 62500 | L22: =+[5]대구!$H$12 -> 62864.175 | M22: =+L22-K22 -> 364.1748 | N22: =+[5]대구!$G$13 -> 35500 | O22: =+[5]대구!$H$13 -> 35351.349 | P22: =+O22-N22 -> -148.65117 | Q22: =+[5]대구!$G$16 -> 10466.667 | R22: =+[5]대구!$H$16 -> 10490.357 | S22: =+R22-Q22 -> 23.689969 | T22: =+[5]대구!$G$17 -> 14718.131 | U22: =+[5]대구!$H$17 -> 14821.532 | V22: =+U22-T22 -> 103.40077
D23: 울산 | E23: =+[5]울산!$G$9 -> 100000 | F23: =+[5]울산!$H$9 -> 99999.923 | G23: =+F23-E23 -> -0.076551924 | H23: =+[5]울산!$G$10 -> 0 | I23: =+[5]울산!$H$10 -> 0 | J23: =+I23-H23 -> 0 | K23: =+[5]울산!$G$12 -> 61300 | L23: =+[5]울산!$H$12 -> 61287.574 | M23: =+L23-K23 -> -12.42556 | N23: =+[5]울산!$G$13 -> 37000 | O23: =+[5]울산!$H$13 -> 36999.992 | P23: =+O23-N23 -> -0.0081342913 | Q23: =+[5]울산!$G$16 -> 10546.667 | R23: =+[5]울산!$H$16 -> 11223.984 | S23: =+R23-Q23 -> 677.31769 | T23: =+[5]울산!$G$17 -> 18685.572 | U23: =+[5]울산!$H$17 -> 19833.353 | V23: =+U23-T23 -> 1147.7811
D24: 아산 | E24: =+[5]아산!$G$9 -> 100000 | F24: =+[5]아산!$H$9 -> 100643.97 | G24: =+F24-E24 -> 643.96551 | H24: =+[5]아산!$G$10 -> 87100 | I24: =+[5]아산!$H$10 -> 87099.966 | J24: =+I24-H24 -> -0.034342502 | K24: =+[5]아산!$G$12 -> 64500 | L24: =+[5]아산!$H$12 -> 64416.672 | M24: =+L24-K24 -> -83.327882 | N24: =+[5]아산!$G$13 -> 42000 | O24: =+[5]아산!$H$13 -> 43272.408 | P24: =+O24-N24 -> 1272.4076 | Q24: =+[5]아산!$G$16 -> 10933.333 | R24: =+[5]아산!$H$16 -> 11500.985 | S24: =+R24-Q24 -> 567.65127 | T24: =+[5]아산!$G$17 -> 13742.254 | U24: =+[5]아산!$H$17 -> 13415.828 | V24: =+U24-T24 -> -326.42621
D25: 전주 | E25: =+[5]전주!$G$9 -> 100000 | F25: =+[5]전주!$H$9 -> 99931.222 | G25: =+F25-E25 -> -68.777686 | H25: =+[5]전주!$G$10 -> 93100 | I25: =+[5]전주!$H$10 -> 93203.375 | J25: =+I25-H25 -> 103.37459 | K25: =+[5]전주!$G$12 -> 65000 | L25: =+[5]전주!$H$12 -> 64996.641 | M25: =+L25-K25 -> -3.3591077 | N25: =+[5]전주!$G$13 -> 36000 | O25: =+[5]전주!$H$13 -> 35999.979 | P25: =+O25-N25 -> -0.020989821 | Q25: =+[5]전주!$G$16 -> 12533.333 | R25: =+[5]전주!$H$16 -> 12925.841 | S25: =+R25-Q25 -> 392.5081 | T25: =+[5]전주!$G$17 -> 14400.114 | U25: =+[5]전주!$H$17 -> 14889.397 | V25: =+U25-T25 -> 489.28299
D26: 군산 | E26: =+[5]군산!$G$9 -> 100000 | F26: =+[5]군산!$H$9 -> 100000 | G26: =+F26-E26 -> -0.00037191452 | H26: =+[5]군산!$G$10 -> 95000 | I26: =+[5]군산!$H$10 -> 95182.779 | J26: =+I26-H26 -> 182.77856 | K26: =+[5]군산!$G$12 -> 64900 | L26: =+[5]군산!$H$12 -> 64890.425 | M26: =+L26-K26 -> -9.574919 | N26: =+[5]군산!$G$13 -> 37500 | O26: =+[5]군산!$H$13 -> 39596.334 | P26: =+O26-N26 -> 2096.3337 | Q26: =+[5]군산!$G$16 -> 13666.667 | R26: =+[5]군산!$H$16 -> 13972.839 | S26: =+R26-Q26 -> 306.17244 | T26: =+[5]군산!$G$17 -> 14837.33 | U26: =+[5]군산!$H$17 -> 15149.126 | V26: =+U26-T26 -> 311.7967
D27: 원주 | E27: =+[5]원주!$G$9 -> 100000 | F27: =+[5]원주!$H$9 -> 100001.24 | G27: =+F27-E27 -> 1.2417156 | H27: =+[5]원주!$G$10 -> 0 | I27: =+[5]원주!$H$10 -> 0 | J27: =+I27-H27 -> 0 | K27: =+[5]원주!$G$12 -> 64000 | L27: =+[5]원주!$H$12 -> 63924.149 | M27: =+L27-K27 -> -75.850684 | N27: =+[5]원주!$G$13 -> 49000 | O27: =+[5]원주!$H$13 -> 49000.008 | P27: =+O27-N27 -> 0.0082194621 | Q27: =+[5]원주!$G$16 -> 13666.667 | R27: =+[5]원주!$H$16 -> 14134.516 | S27: =+R27-Q27 -> 467.84908 | T27: =+[5]원주!$G$17 -> 13419.355 | U27: =+[5]원주!$H$17 -> 14004.019 | V27: =+U27-T27 -> 584.6641
D28: 제주 | E28: =+[5]제주!$G$9 -> 117000 | F28: =+[5]제주!$H$9 -> 116999.62 | G28: =+F28-E28 -> -0.37845572 | H28: =+[5]제주!$G$10 -> 0 | I28: =+[5]제주!$H$10 -> 0 | J28: =+I28-H28 -> 0 | K28: =+[5]제주!$G$12 -> 0 | L28: =+[5]제주!$H$12 -> 0 | M28: =+L28-K28 -> 0 | N28: =+[5]제주!$G$13 -> 0 | O28: =+[5]제주!$H$13 -> 0 | P28: =+O28-N28 -> 0 | Q28: =+[5]제주!$G$16 -> 18143.333 | R28: =+[5]제주!$H$16 -> 17762.351 | S28: =+R28-Q28 -> -380.98245 | T28: =+[5]제주!$G$17 -> 18433.378 | U28: =+[5]제주!$H$17 -> 18601.625 | V28: =+U28-T28 -> 168.24687

Sheet 원단위
D4: □ 레미콘 원재료 원단위(2024-05)
V5: [단위 : kg/㎥]
D6: 구분 | E6: OPC | H6: 분체류 | K6: 분체류 치환률 | N6: 자갈 | Q6: 모래 | T6: 혼화제
E7: 계획 | F7: 실적 | G7: 차이 | H7: 계획 | I7: 실적 | J7: 차이 | K7: 계획 | L7: 실적 | M7: 차이 | N7: 계획 | O7: 실적 | P7: 차이 | Q7: 계획 | R7: 실적 | S7: 차이 | T7: 계획 | U7: 실적 | V7: 차이
D8: 평균 | E8: =+[5]합계!$E$9 -> 239.23485 | F8: =+[5]합계!$F$9 -> 253.18459 | G8: =+F8-E8 -> 13.949731 | H8: =+[5]합계!$E$15 -> 350.97248 | I8: =+[5]합계!$F$15 -> 364.13895 | J8: =+I8-H8 -> 13.166476 | K8: =+([5]합계!$E$10*0.4+[5]합계!$E$11+[5]합계!$E$12+[5]합계!$E$13+[5]합계!$E$14)/[5]합계!$E$15 -> 0.27321095 | L8: =+([5]합계!$F$10*0.4+[5]합계!$F$11+[5]합계!$F$12+[5]합계!$F$13+[5]합계!$F$14)/[5]합계!$F$15 -> 0.25367907 | M8: =+L8-K8 -> -0.019531873 | N8: =+[5]합계!$E$16 -> 820.6302 | O8: =+[5]합계!$F$16 -> 819.67125 | P8: =+O8-N8 -> -0.95894886 | Q8: =+[5]합계!$E$17 -> 907.34908 | R8: =+[5]합계!$F$17 -> 902.53342 | S8: =+R8-Q8 -> -4.8156542 | T8: =+[5]합계!$E$19 -> 3.1597559 | U8: =+[5]합계!$F$19 -> 3.0259977 | V8: =+U8-T8 -> -0.13375827
D9: 수도권 | E9: =+[5]수도권!$E$9 -> 257.29474 | F9: =+[5]수도권!$F$9 -> 276.63615 | G9: =+F9-E9 -> 19.34141 | H9: =+[5]수도권!$E$15 -> 354.03928 | I9: =+[5]수도권!$F$15 -> 363.63679 | J9: =+I9-H9 -> 9.5975087 | K9: =+([5]수도권!$E$10*0.4+[5]수도권!$E$11+[5]수도권!$E$12+[5]수도권!$E$13+[5]수도권!$E$14)/[5]수도권!$E$15 -> 0.26092045 | L9: =+([5]수도권!$F$10*0.4+[5]수도권!$F$11+[5]수도권!$F$12+[5]수도권!$F$13+[5]수도권!$F$14)/[5]수도권!$F$15 -> 0.23036623 | M9: =+L9-K9 -> -0.030554213 | N9: =+[5]수도권!$E$16 -> 841.91932 | O9: =+[5]수도권!$F$16 -> 835.12874 | P9: =+O9-N9 -> -6.790579 | Q9: =+[5]수도권!$E$17 -> 894.41789 | R9: =+[5]수도권!$F$17 -> 900.81029 | S9: =+R9-Q9 -> 6.3924042 | T9: =+[5]수도권!$E$19 -> 3.0522218 | U9: =+[5]수도권!$F$19 -> 2.9785315 | V9: =+U9-T9 -> -0.073690367
D10: 영남권 | E10: =+[5]영남권!$E$9 -> 219.38867 | F10: =+[5]영남권!$F$9 -> 223.35652 | G10: =+F10-E10 -> 3.9678511 | H10: =+[5]영남권!$E$15 -> 348.91642 | I10: =+[5]영남권!$F$15 -> 365.64922 | J10: =+I10-H10 -> 16.732799 | K10: =+([5]영남권!$E$10*0.4+[5]영남권!$E$11+[5]영남권!$E$12+[5]영남권!$E$13+[5]영남권!$E$14)/[5]영남권!$E$15 -> 0.29872877 | L10: =+([5]영남권!$F$10*0.4+[5]영남권!$F$11+[5]영남권!$F$12+[5]영남권!$F$13+[5]영남권!$F$14)/[5]영남권!$F$15 -> 0.29119122 | M10: =+L10-K10 -> -0.0075375498 | N10: =+[5]영남권!$E$16 -> 806.56278 | O10: =+[5]영남권!$F$16 -> 811.44309 | P10: =+O10-N10 -> 4.880311 | Q10: =+[5]영남권!$E$17 -> 910.75413 | R10: =+[5]영남권!$F$17 -> 894.13798 | S10: =+R10-Q10 -> -16.616146 | T10: =+[5]영남권!$E$19 -> 3.3532282 | U10: =+[5]영남권!$F$19 -> 3.1293643 | V10: =+U10-T10 -> -0.2238639
D11: 기타권 | E11: =+[5]중부권!$E$9 -> 245.48584 | F11: =+[5]중부권!$F$9 -> 281.23934 | G11: =+F11-E11 -> 35.753501 | H11: =+[5]중부권!$E$15 -> 348.96389 | I11: =+[5]중부권!$F$15 -> 361.54032 | J11: =+I11-H11 -> 12.576427 | K11: =+([5]중부권!$E$10*0.4+[5]중부권!$E$11+[5]중부권!$E$12+[5]중부권!$E$13+[5]중부권!$E$14)/[5]중부권!$E$15 -> 0.2412994 | L11: =+([5]중부권!$F$10*0.4+[5]중부권!$F$11+[5]중부권!$F$12+[5]중부권!$F$13+[5]중부권!$F$14)/[5]중부권!$F$15 -> 0.20702669 | M11: =+L11-K11 -> -0.034272712 | N11: =+[5]중부권!$E$16 -> 806.20743 | O11: =+[5]중부권!$F$16 -> 811.95659 | P11: =+O11-N11 -> 5.7491578 | Q11: =+[5]중부권!$E$17 -> 928.11717 | R11: =+[5]중부권!$F$17 -> 924.74094 | S11: =+R11-Q11 -> -3.3762268 | T11: =+[5]중부권!$E$19 -> 2.9466088 | U11: =+[5]중부권!$F$19 -> 2.8706582 | V11: =+U11-T11 -> -0.075950611
D12: 안양 | E12: =+[5]안양!$E$9 -> 269.1 | F12: =+[5]안양!$F$9 -> 297.48843 | G12: =+F12-E12 -> 28.388435 | H12: =+[5]안양!$E$15 -> 368.6 | I12: =+[5]안양!$F$15 -> 384.40413 | J12: =+I12-H12 -> 15.80413 | K12: =+([5]안양!$E$10*0.4+[5]안양!$E$11+[5]안양!$E$12+[5]안양!$E$13+[5]안양!$E$14)/[5]안양!$E$15 -> 0.25040695 | L12: =+([5]안양!$F$10*0.4+[5]안양!$F$11+[5]안양!$F$12+[5]안양!$F$13+[5]안양!$F$14)/[5]안양!$F$15 -> 0.226105 | M12: =+L12-K12 -> -0.024301947 | N12: =+[5]안양!$E$16 -> 845 | O12: =+[5]안양!$F$16 -> 850.30779 | P12: =+O12-N12 -> 5.3077908 | Q12: =+[5]안양!$E$17 -> 880 | R12: =+[5]안양!$F$17 -> 876.92049 | S12: =+R12-Q12 -> -3.0795085 | T12: =+[5]안양!$E$19 -> 3.29 | U12: =+[5]안양!$F$19 -> 3.1221326 | V12: =+U12-T12 -> -0.16786738
D13: 인천 | E13: =+[5]인천!$E$9 -> 281.114 | F13: =+[5]인천!$F$9 -> 261.51661 | G13: =+F13-E13 -> -19.59739 | H13: =+[5]인천!$E$15 -> 370.105 | I13: =+[5]인천!$F$15 -> 362.32236 | J13: =+I13-H13 -> -7.7826432 | K13: =+([5]인천!$E$10*0.4+[5]인천!$E$11+[5]인천!$E$12+[5]인천!$E$13+[5]인천!$E$14)/[5]인천!$E$15 -> 0.22258116 | L13: =+([5]인천!$F$10*0.4+[5]인천!$F$11+[5]인천!$F$12+[5]인천!$F$13+[5]인천!$F$14)/[5]인천!$F$15 -> 0.24339549 | M13: =+L13-K13 -> 0.020814332 | N13: =+[5]인천!$E$16 -> 884.3 | O13: =+[5]인천!$F$16 -> 882.43669 | P13: =+O13-N13 -> -1.8633121 | Q13: =+[5]인천!$E$17 -> 848.603 | R13: =+[5]인천!$F$17 -> 843.67156 | S13: =+R13-Q13 -> -4.931444 | T13: =+[5]인천!$E$19 -> 3.331 | U13: =+[5]인천!$F$19 -> 3.018692 | V13: =+U13-T13 -> -0.31230801
D14: 파주 | E14: =+[5]파주!$E$9 -> 240.87857 | F14: =+[5]파주!$F$9 -> 271.38547 | G14: =+F14-E14 -> 30.506901 | H14: =+[5]파주!$E$15 -> 336.86982 | I14: =+[5]파주!$F$15 -> 351.4345 | J14: =+I14-H14 -> 14.564679 | K14: =+([5]파주!$E$10*0.4+[5]파주!$E$11+[5]파주!$E$12+[5]파주!$E$13+[5]파주!$E$14)/[5]파주!$E$15 -> 0.28495058 | L14: =+([5]파주!$F$10*0.4+[5]파주!$F$11+[5]파주!$F$12+[5]파주!$F$13+[5]파주!$F$14)/[5]파주!$F$15 -> 0.22756653 | M14: =+L14-K14 -> -0.057384048 | N14: =+[5]파주!$E$16 -> 874.56696 | O14: =+[5]파주!$F$16 -> 798.10722 | P14: =+O14-N14 -> -76.459742 | Q14: =+[5]파주!$E$17 -> 881.45857 | R14: =+[5]파주!$F$17 -> 934.94121 | S14: =+R14-Q14 -> 53.482643 | T14: =+[5]파주!$E$19 -> 2.6949586 | U14: =+[5]파주!$F$19 -> 2.8608132 | V14: =+U14-T14 -> 0.16585466
D15: 김포 | E15: =+[5]김포!$E$9 -> 209 | F15: =+[5]김포!$F$9 -> 264.4259 | G15: =+F15-E15 -> 55.425897 | H15: =+[5]김포!$E$15 -> 315 | I15: =+[5]김포!$F$15 -> 340.42848 | J15: =+I15-H15 -> 25.428483 | K15: =+([5]김포!$E$10*0.4+[5]김포!$E$11+[5]김포!$E$12+[5]김포!$E$13+[5]김포!$E$14)/[5]김포!$E$15 -> 0.33650794 | L15: =+([5]김포!$F$10*0.4+[5]김포!$F$11+[5]김포!$F$12+[5]김포!$F$13+[5]김포!$F$14)/[5]김포!$F$15 -> 0.22325566 | M15: =+L15-K15 -> -0.11325228 | N15: =+[5]김포!$E$16 -> 705 | O15: =+[5]김포!$F$16 -> 784.28614 | P15: =+O15-N15 -> 79.286139 | Q15: =+[5]김포!$E$17 -> 1035 | R15: =+[5]김포!$F$17 -> 987.81902 | S15: =+R15-Q15 -> -47.18098 | T15: =+[5]김포!$E$19 -> 2.5 | U15: =+[5]김포!$F$19 -> 2.7898434 | V15: =+U15-T15 -> 0.2898434
D16: 부산 | E16: =+[5]부산!$E$9 -> 223.3481 | F16: =+[5]부산!$F$9 -> 187.67748 | G16: =+F16-E16 -> -35.670621 | H16: =+[5]부산!$E$15 -> 358.64667 | I16: =+[5]부산!$F$15 -> 382.30645 | J16: =+I16-H16 -> 23.659776 | K16: =+([5]부산!$E$10*0.4+[5]부산!$E$11+[5]부산!$E$12+[5]부산!$E$13+[5]부산!$E$14)/[5]부산!$E$15 -> 0.27923643 | L16: =+([5]부산!$F$10*0.4+[5]부산!$F$11+[5]부산!$F$12+[5]부산!$F$13+[5]부산!$F$14)/[5]부산!$F$15 -> 0.25381935 | M16: =+L16-K16 -> -0.025417081 | N16: =+[5]부산!$E$16 -> 835.72066 | O16: =+[5]부산!$F$16 -> 887.22527 | P16: =+O16-N16 -> 51.504604 | Q16: =+[5]부산!$E$17 -> 891.05898 | R16: =+[5]부산!$F$17 -> 829.92567 | S16: =+R16-Q16 -> -61.133305 | T16: =+[5]부산!$E$19 -> 3.0524418 | U16: =+[5]부산!$F$19 -> 3.3214503 | V16: =+U16-T16 -> 0.26900853
D17: 서부산 | E17: =+[5]서부산!$E$9 -> 224.1 | F17: =+[5]서부산!$F$9 -> 219.30183 | G17: =+F17-E17 -> -4.7981738 | H17: =+[5]서부산!$E$15 -> 351 | I17: =+[5]서부산!$F$15 -> 356.66933 | J17: =+I17-H17 -> 5.6693315 | K17: =+([5]서부산!$E$10*0.4+[5]서부산!$E$11+[5]서부산!$E$12+[5]서부산!$E$13+[5]서부산!$E$14)/[5]서부산!$E$15 -> 0.28324786 | L17: =+([5]서부산!$F$10*0.4+[5]서부산!$F$11+[5]서부산!$F$12+[5]서부산!$F$13+[5]서부산!$F$14)/[5]서부산!$F$15 -> 0.27245089 | M17: =+L17-K17 -> -0.010796973 | N17: =+[5]서부산!$E$16 -> 822 | O17: =+[5]서부산!$F$16 -> 818.63825 | P17: =+O17-N17 -> -3.361755 | Q17: =+[5]서부산!$E$17 -> 911.4 | R17: =+[5]서부산!$F$17 -> 919.21916 | S17: =+R17-Q17 -> 7.8191639 | T17: =+[5]서부산!$E$19 -> 4.865 | U17: =+[5]서부산!$F$19 -> 3.1215066 | V17: =+U17-T17 -> -1.7434934
D18: 김해 | E18: =+[5]김해!$E$9 -> 165.44 | F18: =+[5]김해!$F$9 -> 218.11333 | G18: =+F18-E18 -> 52.673327 | H18: =+[5]김해!$E$15 -> 346.53 | I18: =+[5]김해!$F$15 -> 352.76122 | J18: =+I18-H18 -> 6.2312194 | K18: =+([5]김해!$E$10*0.4+[5]김해!$E$11+[5]김해!$E$12+[5]김해!$E$13+[5]김해!$E$14)/[5]김해!$E$15 -> 0.2649583 | L18: =+([5]김해!$F$10*0.4+[5]김해!$F$11+[5]김해!$F$12+[5]김해!$F$13+[5]김해!$F$14)/[5]김해!$F$15 -> 0.18680102 | M18: =+L18-K18 -> -0.078157281 | N18: =+[5]김해!$E$16 -> 830 | O18: =+[5]김해!$F$16 -> 783.13831 | P18: =+O18-N18 -> -46.861687 | Q18: =+[5]김해!$E$17 -> 890 | R18: =+[5]김해!$F$17 -> 936.75286 | S18: =+R18-Q18 -> 46.752862 | T18: =+[5]김해!$E$19 -> 3.3 | U18: =+[5]김해!$F$19 -> 3.5176786 | V18: =+U18-T18 -> 0.2176786
D19: 정관 | E19: =+[5]정관!$E$9 -> 207.8 | F19: =+[5]정관!$F$9 -> 207.87452 | G19: =+F19-E19 -> 0.074517084 | H19: =+[5]정관!$E$15 -> 359.4 | I19: =+[5]정관!$F$15 -> 366.5655 | J19: =+I19-H19 -> 7.1655039 | K19: =+([5]정관!$E$10*0.4+[5]정관!$E$11+[5]정관!$E$12+[5]정관!$E$13+[5]정관!$E$14)/[5]정관!$E$15 -> 0.29744018 | L19: =+([5]정관!$F$10*0.4+[5]정관!$F$11+[5]정관!$F$12+[5]정관!$F$13+[5]정관!$F$14)/[5]정관!$F$15 -> 0.32232601 | M19: =+L19-K19 -> 0.024885828 | N19: =+[5]정관!$E$16 -> 795 | O19: =+[5]정관!$F$16 -> 792.40492 | P19: =+O19-N19 -> -2.5950824 | Q19: =+[5]정관!$E$17 -> 920 | R19: =+[5]정관!$F$17 -> 920.60495 | S19: =+R19-Q19 -> 0.60495045 | T19: =+[5]정관!$E$19 -> 3.05847 | U19: =+[5]정관!$F$19 -> 2.9072489 | V19: =+U19-T19 -> -0.15122112
D20: 양산 | E20: =+[5]양산!$E$9 -> 226.18541 | F20: =+[5]양산!$F$9 -> 259.33732 | G20: =+F20-E20 -> 33.151911 | H20: =+[5]양산!$E$15 -> 335.15428 | I20: =+[5]양산!$F$15 -> 367.05333 | J20: =+I20-H20 -> 31.899053 | K20: =+([5]양산!$E$10*0.4+[5]양산!$E$11+[5]양산!$E$12+[5]양산!$E$13+[5]양산!$E$14)/[5]양산!$E$15 -> 0.31326645 | L20: =+([5]양산!$F$10*0.4+[5]양산!$F$11+[5]양산!$F$12+[5]양산!$F$13+[5]양산!$F$14)/[5]양산!$F$15 -> 0.29346147 | M20: =+L20-K20 -> -0.019804978 | N20: =+[5]양산!$E$16 -> 784 | O20: =+[5]양산!$F$16 -> 788.8312 | P20: =+O20-N20 -> 4.8311993 | Q20: =+[5]양산!$E$17 -> 899.05776 | R20: =+[5]양산!$F$17 -> 904.39927 | S20: =+R20-Q20 -> 5.3415092 | T20: =+[5]양산!$E$19 -> 2.4677242 | U20: =+[5]양산!$F$19 -> 2.9821339 | V20: =+U20-T20 -> 0.5144097
D21: 창원 | E21: =+[5]창원!$E$9 -> 239.1 | F21: =+[5]창원!$F$9 -> 254.49855 | G21: =+F21-E21 -> 15.398555 | H21: =+[5]창원!$E$15 -> 342.9 | I21: =+[5]창원!$F$15 -> 355.31436 | J21: =+I21-H21 -> 12.414364 | K21: =+([5]창원!$E$10*0.4+[5]창원!$E$11+[5]창원!$E$12+[5]창원!$E$13+[5]창원!$E$14)/[5]창원!$E$15 -> 0.30271216 | L21: =+([5]창원!$F$10*0.4+[5]창원!$F$11+[5]창원!$F$12+[5]창원!$F$13+[5]창원!$F$14)/[5]창원!$F$15 -> 0.28373694 | M21: =+L21-K21 -> -0.018975224 | N21: =+[5]창원!$E$16 -> 837.7 | O21: =+[5]창원!$F$16 -> 877.45643 | P21: =+O21-N21 -> 39.75643 | Q21: =+[5]창원!$E$17 -> 880.6 | R21: =+[5]창원!$F$17 -> 840.58656 | S21: =+R21-Q21 -> -40.013442 | T21: =+[5]창원!$E$19 -> 3.08 | U21: =+[5]창원!$F$19 -> 2.7864331 | V21: =+U21-T21 -> -0.29356695
D22: 대구 | E22: =+[5]대구!$E$9 -> 233.22 | F22: =+[5]대구!$F$9 -> 239.93215 | G22: =+F22-E22 -> 6.7121491 | H22: =+[5]대구!$E$15 -> 338 | I22: =+[5]대구!$F$15 -> 365.20155 | J22: =+I22-H22 -> 27.201552 | K22: =+([5]대구!$E$10*0.4+[5]대구!$E$11+[5]대구!$E$12+[5]대구!$E$13+[5]대구!$E$14)/[5]대구!$E$15 -> 0.31 | L22: =+([5]대구!$F$10*0.4+[5]대구!$F$11+[5]대구!$F$12+[5]대구!$F$13+[5]대구!$F$14)/[5]대구!$F$15 -> 0.34301443 | M22: =+L22-K22 -> 0.033014433 | N22: =+[5]대구!$E$16 -> 773.65296 | O22: =+[5]대구!$F$16 -> 712.87641 | P22: =+O22-N22 -> -60.776549 | Q22: =+[5]대구!$E$17 -> 945.57584 | R22: =+[5]대구!$F$17 -> 973.19236 | S22: =+R22-Q22 -> 27.616516 | T22: =+[5]대구!$E$19 -> 2.704 | U22: =+[5]대구!$F$19 -> 3.2819152 | V22: =+U22-T22 -> 0.57791517
D23: 울산 | E23: =+[5]울산!$E$9 -> 218.7 | F23: =+[5]울산!$F$9 -> 228.00286 | G23: =+F23-E23 -> 9.3028564 | H23: =+[5]울산!$E$15 -> 352.7 | I23: =+[5]울산!$F$15 -> 374.06785 | J23: =+I23-H23 -> 21.367851 | K23: =+([5]울산!$E$10*0.4+[5]울산!$E$11+[5]울산!$E$12+[5]울산!$E$13+[5]울산!$E$14)/[5]울산!$E$15 -> 0.37992628 | L23: =+([5]울산!$F$10*0.4+[5]울산!$F$11+[5]울산!$F$12+[5]울산!$F$13+[5]울산!$F$14)/[5]울산!$F$15 -> 0.39047727 | M23: =+L23-K23 -> 0.010550991 | N23: =+[5]울산!$E$16 -> 725 | O23: =+[5]울산!$F$16 -> 777.17865 | P23: =+O23-N23 -> 52.178652 | Q23: =+[5]울산!$E$17 -> 967 | R23: =+[5]울산!$F$17 -> 831.92884 | S23: =+R23-Q23 -> -135.07116 | T23: =+[5]울산!$E$19 -> 3.2 | U23: =+[5]울산!$F$19 -> 3.1887765 | V23: =+U23-T23 -> -0.011223462
D24: 아산 | E24: =+[5]아산!$E$9 -> 231.38417 | F24: =+[5]아산!$F$9 -> 305.3178 | G24: =+F24-E24 -> 73.933629 | H24: =+[5]아산!$E$15 -> 361.30917 | I24: =+[5]아산!$F$15 -> 380.97111 | J24: =+I24-H24 -> 19.66194 | K24: =+([5]아산!$E$10*0.4+[5]아산!$E$11+[5]아산!$E$12+[5]아산!$E$13+[5]아산!$E$14)/[5]아산!$E$15 -> 0.25185633 | L24: =+([5]아산!$F$10*0.4+[5]아산!$F$11+[5]아산!$F$12+[5]아산!$F$13+[5]아산!$F$14)/[5]아산!$F$15 -> 0.18133114 | M24: =+L24-K24 -> -0.070525185 | N24: =+[5]아산!$E$16 -> 854.91333 | O24: =+[5]아산!$F$16 -> 844.98745 | P24: =+O24-N24 -> -9.9258796 | Q24: =+[5]아산!$E$17 -> 864.74417 | R24: =+[5]아산!$F$17 -> 886.89666 | S24: =+R24-Q24 -> 22.152493 | T24: =+[5]아산!$E$19 -> 3.0019333 | U24: =+[5]아산!$F$19 -> 3.2016925 | V24: =+U24-T24 -> 0.19975916
D25: 전주 | E25: =+[5]전주!$E$9 -> 233.54 | F25: =+[5]전주!$F$9 -> 247.12761 | G25: =+F25-E25 -> 13.587612 | H25: =+[5]전주!$E$15 -> 337.57 | I25: =+[5]전주!$F$15 -> 327.44639 | J25: =+I25-H25 -> -10.123611 | K25: =+([5]전주!$E$10*0.4+[5]전주!$E$11+[5]전주!$E$12+[5]전주!$E$13+[5]전주!$E$14)/[5]전주!$E$15 -> 0.28442693 | L25: =+([5]전주!$F$10*0.4+[5]전주!$F$11+[5]전주!$F$12+[5]전주!$F$13+[5]전주!$F$14)/[5]전주!$F$15 -> 0.24500267 | M25: =+L25-K25 -> -0.039424264 | N25: =+[5]전주!$E$16 -> 764.65 | O25: =+[5]전주!$F$16 -> 712.91747 | P25: =+O25-N25 -> -51.732526 | Q25: =+[5]전주!$E$17 -> 980.78 | R25: =+[5]전주!$F$17 -> 1032.5107 | S25: =+R25-Q25 -> 51.730655 | T25: =+[5]전주!$E$19 -> 2.9 | U25: =+[5]전주!$F$19 -> 2.2308091 | V25: =+U25-T25 -> -0.66919094
D26: 군산 | E26: =+[5]군산!$E$9 -> 218.5 | F26: =+[5]군산!$F$9 -> 250.42284 | G26: =+F26-E26 -> 31.922841 | H26: =+[5]군산!$E$15 -> 337.8 | I26: =+[5]군산!$F$15 -> 366.44632 | J26: =+I26-H26 -> 28.64632 | K26: =+([5]군산!$E$10*0.4+[5]군산!$E$11+[5]군산!$E$12+[5]군산!$E$13+[5]군산!$E$14)/[5]군산!$E$15 -> 0.33007697 | L26: =+([5]군산!$F$10*0.4+[5]군산!$F$11+[5]군산!$F$12+[5]군산!$F$13+[5]군산!$F$14)/[5]군산!$F$15 -> 0.27600312 | M26: =+L26-K26 -> -0.054073853 | N26: =+[5]군산!$E$16 -> 785 | O26: =+[5]군산!$F$16 -> 815.48477 | P26: =+O26-N26 -> 30.484772 | Q26: =+[5]군산!$E$17 -> 935 | R26: =+[5]군산!$F$17 -> 902.07553 | S26: =+R26-Q26 -> -32.924467 | T26: =+[5]군산!$E$19 -> 2.84 | U26: =+[5]군산!$F$19 -> 2.7762038 | V26: =+U26-T26 -> -0.063796219
D27: 원주 | E27: =+[5]원주!$E$9 -> 259.9 | F27: =+[5]원주!$F$9 -> 262.54782 | G27: =+F27-E27 -> 2.647824 | H27: =+[5]원주!$E$15 -> 343.5 | I27: =+[5]원주!$F$15 -> 351.57756 | J27: =+I27-H27 -> 8.0775608 | K27: =+([5]원주!$E$10*0.4+[5]원주!$E$11+[5]원주!$E$12+[5]원주!$E$13+[5]원주!$E$14)/[5]원주!$E$15 -> 0.243377 | L27: =+([5]원주!$F$10*0.4+[5]원주!$F$11+[5]원주!$F$12+[5]원주!$F$13+[5]원주!$F$14)/[5]원주!$F$15 -> 0.25322929 | M27: =+L27-K27 -> 0.0098522907 | N27: =+[5]원주!$E$16 -> 815.9 | O27: =+[5]원주!$F$16 -> 837.4977 | P27: =+O27-N27 -> 21.597698 | Q27: =+[5]원주!$E$17 -> 953.3 | R27: =+[5]원주!$F$17 -> 948.3785 | S27: =+R27-Q27 -> -4.9214972 | T27: =+[5]원주!$E$19 -> 2.871 | U27: =+[5]원주!$F$19 -> 2.8189186 | V27: =+U27-T27 -> -0.052081437
D28: 제주 | E28: =+[5]제주!$E$9 -> 342.7 | F28: =+[5]제주!$F$9 -> 327.30178 | G28: =+F28-E28 -> -15.398216 | H28: =+[5]제주!$E$15 -> 342.7 | I28: =+[5]제주!$F$15 -> 327.30178 | J28: =+I28-H28 -> -15.398216 | K28: =+([5]제주!$E$10*0.4+[5]제주!$E$11+[5]제주!$E$12+[5]제주!$E$13+[5]제주!$E$14)/[5]제주!$E$15 -> 0 | L28: =+([5]제주!$F$10*0.4+[5]제주!$F$11+[5]제주!$F$12+[5]제주!$F$13+[5]제주!$F$14)/[5]제주!$F$15 -> 0 | M28: =+L28-K28 -> 0 | N28: =+[5]제주!$E$16 -> 709.7 | O28: =+[5]제주!$F$16 -> 837.69676 | P28: =+O28-N28 -> 127.99676 | Q28: =+[5]제주!$E$17 -> 1038.3 | R28: =+[5]제주!$F$17 -> 862.63823 | S28: =+R28-Q28 -> -175.66177 | T28: =+[5]제주!$E$19 -> 3.04 | U28: =+[5]제주!$F$19 -> 2.7857554 | V28: =+U28-T28 -> -0.25424458

Sheet 건자재
D6: □ 건자재 손익실적(2024-05)
O7: [단위 : 톤, 천원]
D8: 구분 | F8: 5월 | K8: 5월누계
F9: 계획 | G9: 실적 | H9: 계획대비 | I9: 전년 | J9: 전년대비 | K9: 계획 | L9: 실적 | M9: 계획대비 | N9: 전년 | O9: 전년대비
D10: 판매량 | E10: 철강재 | F10: =+IFERROR(HLOOKUP($F$8,[13]손익!$G$5:$AI$63,2,),) -> 7600 | G10: =+'[7]5월'!$G$8 -> 9787.441 | H10: =+G10-F10 -> 2187.441 | I10: =+IFERROR(HLOOKUP($F$8,[8]월별!$E$2:$T$53,2,),) -> 7344.996 | J10: =+G10-I10 -> 2442.445 | K10: =+F10+[4]건자재!K10 -> 35500 | L10: =+G10+[4]건자재!L10 -> 40097.987 | M10: =+L10-K10 -> 4597.987 | N10: =+I10+[4]건자재!N10 -> 41870.298 | O10: =+L10-N10 -> -1772.311
D11: 판매단가 | E11: 철강재 | F11: =+F12/F10*1000 -> 977631.58 | G11: =+G12/G10*1000 -> 811389.31 | H11: =+G11-F11 -> -166242.27 | I11: =+I12/I10*1000 -> 1064717.6 | J11: =+G11-I11 -> -253328.34 | K11: =+K12/K10*1000 -> 977887.32 | L11: =+L12/L10*1000 -> 863632.68 | M11: =+L11-K11 -> -114254.64 | N11: =+N12/N10*1000 -> 1051340.9 | O11: =+L11-N11 -> -187708.2
D12: 매출액 | E12: 철강재 | F12: =+IFERROR(HLOOKUP($F$8,[13]손익!$G$5:$AI$63,22,),) -> 7430000 | G12: =+'[7]5월'!$G$9 -> 7941425 | H12: =+G12-F12 -> 511424.98 | I12: =+IFERROR(HLOOKUP($F$8,[8]월별!$E$2:$T$53,5,),) -> 7820346.9 | J12: =+G12-I12 -> 121078.1 | K12: =+F12+[4]건자재!K12 -> 34715000 | L12: =+G12+[4]건자재!L12 -> 34629932 | M12: =+L12-K12 -> -85067.88 | N12: =+I12+[4]건자재!N12 -> 44019956 | O12: =+L12-N12 -> -9390024.1
E13: 기타 | F13: =+IFERROR(HLOOKUP($F$8,[13]손익!$G$5:$AI$63,23,),) -> 1855688.4 | G13: =+'[7]5월'!$J$9 -> 1833395.9 | H13: =+G13-F13 -> -22292.512 | I13: =+IFERROR(HLOOKUP($F$8,[8]월별!$E$2:$T$53,6,),) -> 1208776.7 | J13: =+G13-I13 -> 624619.19 | K13: =+F13+[4]건자재!K13 -> 8707461.1 | L13: =+G13+[4]건자재!L13 -> 6900461.2 | M13: =+L13-K13 -> -1806999.9 | N13: =+I13+[4]건자재!N13 -> 6380857 | O13: =+L13-N13 -> 519604.21
E14: (소계) | F14: =SUM(F12:F13) -> 9285688.4 | G14: =SUM(G12:G13) -> 9774820.9 | H14: =+G14-F14 -> 489132.46 | I14: =SUM(I12:I13) -> 9029123.6 | J14: =+G14-I14 -> 745697.29 | K14: =SUM(K12:K13) -> 43422461 | L14: =SUM(L12:L13) -> 41530393 | M14: =+L14-K14 -> -1892067.7 | N14: =SUM(N12:N13) -> 50400813 | O14: =+L14-N14 -> -8870419.9
D15: 매출원가 | E15: 철강재 | F15: =+IFERROR(HLOOKUP($F$8,[13]손익!$G$5:$AI$63,25,),) -> 7256915 | G15: =+'[7]5월'!$G$11 -> 7737494.5 | H15: =+G15-F15 -> 480579.46 | I15: =+IFERROR(HLOOKUP($F$8,[8]월별!$E$2:$T$53,8,),) -> 7676800.1 | J15: =+G15-I15 -> 60694.4 | K15: =+F15+[4]건자재!K15 -> 33905895 | L15: =+G15+[4]건자재!L15 -> 33826625 | M15: =+L15-K15 -> -79270.364 | N15: =+I15+[4]건자재!N15 -> 43170576 | O15: =+L15-N15 -> -9343951.4
E16: 기타 | F16: =+IFERROR(HLOOKUP($F$8,[13]손익!$G$5:$AI$63,26,),) -> 1791147.6 | G16: =+'[7]5월'!$J$11 -> 1782403.9 | H16: =+G16-F16 -> -8743.7058 | I16: =+IFERROR(HLOOKUP($F$8,[8]월별!$E$2:$T$53,9,),) -> 1185012.5 | J16: =+G16-I16 -> 597391.41 | K16: =+F16+[4]건자재!K16 -> 8404615.6 | L16: =+G16+[4]건자재!L16 -> 6752084 | M16: =+L16-K16 -> -1652531.6 | N16: =+I16+[4]건자재!N16 -> 6250741.5 | O16: =+L16-N16 -> 501342.45
E17: (소계) | F17: =SUM(F15:F16) -> 9048062.6 | G17: =SUM(G15:G16) -> 9519898.3 | H17: =+G17-F17 -> 471835.75 | I17: =SUM(I15:I16) -> 8861812.5 | J17: =+G17-I17 -> 658085.81 | K17: =SUM(K15:K16) -> 42310511 | L17: =SUM(L15:L16) -> 40578709 | M17: =+L17-K17 -> -1731802 | N17: =SUM(N15:N16) -> 49421318 | O17: =+L17-N17 -> -8842609
D18: 매출이익 | E18: 철강재 | F18: =+F12-F15 -> 173085 | G18: =+G12-G15 -> 203930.52 | H18: =+G18-F18 -> 30845.517 | I18: =+I12-I15 -> 143546.82 | J18: =+G18-I18 -> 60383.701 | K18: =+K12-K15 -> 809105 | L18: =+L12-L15 -> 803307.48 | M18: =+L18-K18 -> -5797.516 | N18: =+N12-N15 -> 849380.14 | O18: =+L18-N18 -> -46072.653
E19: % | F19: =+F18/F12 -> 0.023295424 | G19: =+G18/G12 -> 0.025679336 | H19: =+G19-F19 -> 0.0023839116 | I19: =+I18/I12 -> 0.018355556 | J19: =+G19-I19 -> 0.0073237795 | K19: =+K18/K12 -> 0.023307072 | L19: =+L18/L12 -> 0.023196912 | M19: =+L19-K19 -> -0.00011015999 | N19: =+N18/N12 -> 0.019295343 | O19: =+L19-N19 -> 0.0039015693
E20: 기타 | F20: =+F13-F16 -> 64540.843 | G20: =+G13-G16 -> 50992.037 | H20: =+G20-F20 -> -13548.806 | I20: =+I13-I16 -> 23764.253 | J20: =+G20-I20 -> 27227.784 | K20: =+K13-K16 -> 302845.5 | L20: =+L13-L16 -> 148377.22 | M20: =+L20-K20 -> -154468.28 | N20: =+N13-N16 -> 130115.46 | O20: =+L20-N20 -> 18261.757
E21: % | F21: =+F20/F13 -> 0.03478 | G21: =+G20/G13 -> 0.027812889 | H21: =+G21-F21 -> -0.006967111 | I21: =+I20/I13 -> 0.019659754 | J21: =+G21-I21 -> 0.008153135 | K21: =+K20/K13 -> 0.03478 | L21: =+L20/L13 -> 0.021502507 | M21: =+L21-K21 -> -0.013277493 | N21: =+N20/N13 -> 0.020391534 | O21: =+L21-N21 -> 0.0011109736
E22: (소계) | F22: =SUM(F18,F20) -> 237625.84 | G22: =SUM(G18,G20) -> 254922.55 | H22: =+G22-F22 -> 17296.711 | I22: =SUM(I18,I20) -> 167311.07 | J22: =+G22-I22 -> 87611.485 | K22: =+K14-K17 -> 1111950.5 | L22: =+L14-L17 -> 951684.7 | M22: =+L22-K22 -> -160265.79 | N22: =+N14-N17 -> 979495.6 | O22: =+L22-N22 -> -27810.896
E23: % | F23: =+F22/F14 -> 0.025590547 | G23: =+G22/G14 -> 0.026079512 | H23: =+G23-F23 -> 0.00048896482 | I23: =+I22/I14 -> 0.018530156 | J23: =+G23-I23 -> 0.0075493555 | K23: =+K22/K14 -> 0.025607726 | L23: =+L22/L14 -> 0.022915379 | M23: =+L23-K23 -> -0.0026923473 | N23: =+N22/N14 -> 0.019434123 | O23: =+L23-N23 -> 0.0034812561
D24: 판관비 | E24: 노무비 | F24: =+IFERROR(HLOOKUP($F$8,[13]판매4!$G$4:$U$50,7,),) -> 83504.47 | G24: =+'[7]5월'!$M$19 -> 89750.495 | H24: =+G24-F24 -> 6246.025 | I24: =+IFERROR(HLOOKUP($F$8,[8]월별!$E$2:$T$53,17,),) -> 82628.777 | J24: =+G24-I24 -> 7121.718 | K24: =+F24+[4]건자재!K24 -> 414947.53 | L24: =+G24+[4]건자재!L24 -> 444815.84 | M24: =+L24-K24 -> 29868.308 | N24: =+I24+[4]건자재!N24 -> 420576.12 | O24: =+L24-N24 -> 24239.718
E25: 경비 | F25: =+IFERROR(HLOOKUP($F$8,[13]판매4!$G$4:$U$50,31,),)+IFERROR(HLOOKUP($F$8,[13]판매4!$G$4:$U$50,34,),) -> 40573.59 | G25: =+'[7]5월'!$M$37+'[7]5월'!$M$40 -> 42804.032 | H25: =+G25-F25 -> 2230.442 | I25: =+IFERROR(HLOOKUP($F$8,[8]월별!$E$2:$T$53,35,),)+IFERROR(HLOOKUP($F$8,[8]월별!$E$2:$T$53,38,),) -> 30416.007 | J25: =+G25-I25 -> 12388.025 | K25: =+F25+[4]건자재!K25 -> 215746.14 | L25: =+G25+[4]건자재!L25 -> 241916.27 | M25: =+L25-K25 -> 26170.128 | N25: =+I25+[4]건자재!N25 -> 182050.41 | O25: =+L25-N25 -> 59865.856
E26: (소계) | F26: =SUM(F24:F25) -> 124078.06 | G26: =SUM(G24:G25) -> 132554.53 | H26: =+G26-F26 -> 8476.467 | I26: =SUM(I24:I25) -> 113044.78 | J26: =+G26-I26 -> 19509.743 | K26: =SUM(K24:K25) -> 630693.67 | L26: =SUM(L24:L25) -> 686732.11 | M26: =+L26-K26 -> 56038.436 | N26: =SUM(N24:N25) -> 602626.53 | O26: =+L26-N26 -> 84105.574
D27: 영업이익 | F27: =+F22-F26 -> 113547.78 | G27: =+G22-G26 -> 122368.03 | H27: =+G27-F27 -> 8820.2437 | I27: =+I22-I26 -> 54266.285 | J27: =+G27-I27 -> 68101.742 | K27: =+K22-K26 -> 481256.83 | L27: =+L22-L26 -> 264952.6 | M27: =+L27-K27 -> -216304.23 | N27: =+N22-N26 -> 376869.07 | O27: =+L27-N27 -> -111916.47
E28: % | F28: =+F27/F14 -> 0.012228257 | G28: =+G27/G14 -> 0.012518698 | H28: =+G28-F28 -> 0.00029044075 | I28: =+I27/I14 -> 0.0060101387 | J28: =+G28-I28 -> 0.0065085589 | K28: =+K27/K14 -> 0.011083131 | L28: =+L27/L14 -> 0.0063797276 | M28: =+L28-K28 -> -0.0047034035 | N28: =+N27/N14 -> 0.0074774402 | O28: =+L28-N28 -> -0.0010977126
D29: 철강재 단가 및 마진률
R34: * 공통비
F36: =+IFERROR(HLOOKUP($F$8,[13]손익!$G$5:$AJ$65,17,),) -> 113547.78 | G36: =+'[7]5월'!$M$41 -> 122368.03 | I36: =+IFERROR(HLOOKUP($F$8,[8]월별!$E$2:$T$53,39,),) -> 54266.285 | K36: =+F36+[4]건자재!K36 -> 481256.83 | L36: =+G36+[4]건자재!L36 -> 264952.6 | N36: =+I36+[4]건자재!N36 -> 376869.07 | S36: 1월 | T36: 2월 | U36: 3월 | V36: 4월 | W36: 5월 | X36: 6월 | Y36: 7월 | Z36: 8월 | AA36: 9월 | AB36: 10월 | AC36: 11월 | AD36: 12월 | AE36: 1월 | AF36: 2월 | AG36: 3월 | AH36: 4월 | AI36: 5월
F37: =+F27=F36 -> TRUE | G37: =+G27=G36 -> TRUE | I37: =+I27=I36 -> TRUE | K37: =+K27=K36 -> FALSE | L37: =+L27=L36 -> FALSE | N37: =+N27=N36 -> FALSE | R37: 구분 | S37: 1월 | T37: 2월 | U37: 3 | V37: 4월 | W37: 5월 | X37: 6월 | Y37: 7월 | Z37: =+Z36 -> 8월 | AA37: =+AA36 -> 9월 | AB37: =+AB36 -> 10월 | AC37: =+AC36 -> 11월 | AD37: =+AD36 -> 12월 | AE37: =+AE36 -> 1월 | AF37: =+AF36 -> 2월 | AG37: =+AG36 -> 3월 | ... AI37: =+AI36 -> 5월
K38: =+K27-K36 -> -9.3132257e-10 | L38: =+L27-L36 -> 3.783498e-09 | N38: =+N27-N36 -> 1.8044375e-09 | R38: 판매단가 | S38: =+IFERROR(HLOOKUP(S$36,[8]월별!$E$2:$S$67,42,),) -> 1098907.9 | T38: =+IFERROR(HLOOKUP(T$36,[8]월별!$E$2:$S$67,42,),) -> 1027487 | U38: =+IFERROR(HLOOKUP(U$36,[8]월별!$E$2:$S$67,42,),) -> 1030973.4 | V38: =+IFERROR(HLOOKUP(V$36,[8]월별!$E$2:$S$67,42,),) -> 1048311.1 | W38: =+IFERROR(HLOOKUP(W$36,[8]월별!$E$2:$S$67,42,),) -> 1064717.6 | X38: =+IFERROR(HLOOKUP(X$36,[8]월별!$E$2:$S$67,42,),) -> 1043902.1 | Y38: =+IFERROR(HLOOKUP(Y$36,[8]월별!$E$2:$S$67,42,),) -> 1025254.3 | Z38: =+IFERROR(HLOOKUP(Z$36,[8]월별!$E$2:$S$67,42,),) -> 957693.64 | ... AD38: =+IFERROR(HLOOKUP(AD$36,[8]월별!$E$2:$S$67,42,),) -> 951341.43 | AE38: =+IFERROR(HLOOKUP(AE$36,[7]월별!$E$2:$S$67,42,),) -> 920730.85 | AF38: =+IFERROR(HLOOKUP(AF$36,[7]월별!$E$2:$S$67,42,),) -> 886130.89 | AG38: =+IFERROR(HLOOKUP(AG$36,[7]월별!$E$2:$S$67,42,),) -> 873530.52 | AH38: =+IFERROR(HLOOKUP(AH$36,[7]월별!$E$2:$S$67,42,),) -> 853042.91 | AI38: =+IFERROR(HLOOKUP(AI$36,[7]월별!$E$2:$S$67,42,),) -> 811389.31
R39: 마진률 | S39: =+IFERROR(HLOOKUP(S$36,[8]월별!$E$2:$S$67,43,),) -> 0.0192633 | T39: =+IFERROR(HLOOKUP(T$36,[8]월별!$E$2:$S$67,43,),) -> 0.020328431 | U39: =+IFERROR(HLOOKUP(U$36,[8]월별!$E$2:$S$67,43,),) -> 0.018159702 | V39: =+IFERROR(HLOOKUP(V$36,[8]월별!$E$2:$S$67,43,),) -> 0.02078312 | W39: =+IFERROR(HLOOKUP(W$36,[8]월별!$E$2:$S$67,43,),) -> 0.018530156 | X39: =+IFERROR(HLOOKUP(X$36,[8]월별!$E$2:$S$67,43,),) -> 0.023380889 | Y39: =+IFERROR(HLOOKUP(Y$36,[8]월별!$E$2:$S$67,43,),) -> 0.024066421 | Z39: =+IFERROR(HLOOKUP(Z$36,[8]월별!$E$2:$S$67,43,),) -> 0.027515512 | ... AI39: =+IFERROR(HLOOKUP(AI$36,[8]월별!$E$2:$S$67,43,),) -> 0.018530156

Sheet 골재사업소(당월)
A1: 5월
D4: □ 2024년 골재사업소 손익(2024-05)
AG5: [단위 : ㎥, 천원]
D6: 계획 | E6: 구분 | G6: 서부산 쇄석 | J6: 서부산 쇄사 | M6: 혼합석(25mm) | P6: 서부산 소계 | S6: 부산크라샤 쇄석 | V6: 부산크라샤 쇄사 | Y6: 부산크라샤 소계 | AB6: 부산 모래 | AE6: 골재사업소 계
G7: 계획 | H7: 실적 | I7: 차이 | J7: 계획 | K7: 실적 | L7: 차이 | M7: 계획 | N7: 실적 | O7: 차이 | P7: 계획 | Q7: 실적 | R7: 차이 | S7: 계획 | T7: 실적 | U7: 차이 | V7: 계획 | W7: 실적 | X7: 차이 | Y7: 계획 | Z7: 실적 | AA7: 차이 | AB7: 계획 | AC7: 실적 | AD7: 차이 | AE7: 계획 | AF7: 실적 | AG7: 차이
E8: 판매량 | F8: 자가이송 | G8: =+IFERROR(HLOOKUP($A$1,[14]손익요약!$G$5:$AL$106,3,),) -> 16581.6 | H8: =+'[9]서부산크라샤(당월)'!$F$66 -> 15998 | I8: =H8-G8 -> -583.6 | J8: =+IFERROR(HLOOKUP($A$1,[14]손익요약!$G$5:$AL$106,6,),) -> 2344.4292 | K8: =+'[9]서부산크라샤(당월)'!$I$66 -> 112 | L8: =K8-J8 -> -2232.4292 | M8: =+IFERROR(HLOOKUP($A$1,[14]손익요약!$G$5:$AL$106,9,),) -> 0 | O8: =N8-M8 -> 0 | P8: =+G8+J8+M8 -> 18926.029 | Q8: =+H8+K8+N8 -> 16110 | R8: =Q8-P8 -> -2816.0292 | S8: =+IFERROR(HLOOKUP($A$1,[15]손익요약!$G$5:$AL$106,3,),) -> 10809.036 | T8: =+'[9]부산크라샤(당월)'!$F$66 -> 14800 | U8: =T8-S8 -> 3990.9641 | V8: =+IFERROR(HLOOKUP($A$1,[15]손익요약!$G$5:$AL$106,6,),) -> 10001.055 | W8: =+'[9]부산크라샤(당월)'!$I$66 -> 14028 | X8: =W8-V8 -> 4026.9445 | Y8: =+S8+V8 -> 20810.091 | Z8: =+T8+W8 -> 28828 | AA8: =Z8-Y8 -> 8017.9086 | AB8: =+IFERROR(HLOOKUP($A$1,[16]손익계획!$G$5:$AX$449,3,),) -> 18519.294 | AC8: =+'[9]부산모래장(당월)'!$R$48 -> 15938 | AD8: =AC8-AB8 -> -2581.2943 | AE8: =+P8+Y8+AB8 -> 58255.415 | AF8: =+Q8+Z8+AC8 -> 60876 | AG8: =AF8-AE8 -> 2620.5851
F9: % | G9: =+G8/G$12 -> 0.83401738 | H9: =+H8/H$12 -> 0.6934547 | I9: =+H9-G9 -> -0.14056268 | J9: =+J8/J$12 -> 0.25089058 | K9: =+K8/K$12 -> 0.03196347 | L9: =+K9-J9 -> -0.21892711 | M9: =+M8/M$12 -> 0 | O9: =+N9-M9 -> 0 | P9: =+P8/P$12 -> 0.36946118 | Q9: =+Q8/Q$12 -> 0.60623166 | R9: =+Q9-P9 -> 0.23677047 | S9: =+S8/S$12 -> 0.64304913 | T9: =+T8/T$12 -> 0.64147018 | U9: =+T9-S9 -> -0.0015789486 | V9: =+V8/V$12 -> 0.40002533 | W9: =+W8/W$12 -> 0.59050345 | X9: =+W9-V9 -> 0.19047812 | Y9: =+Y8/Y$12 -> 0.49772891 | Z9: =+Z8/Z$12 -> 0.61561459 | AA9: =+Z9-Y9 -> 0.11788568 | AB9: =+AB8/AB$12 -> 0.66094792 | AC9: =+AC8/AC$12 -> 0.61505808 | AD9: =+AC9-AB9 -> -0.045889841 | AE9: =+AE8/AE$12 -> 0.48122932 | AF9: =+AF8/AF$12 -> 0.61295877 | AG9: =+AF9-AE9 -> 0.13172945
F10: 외부판매 | G10: =+IFERROR(HLOOKUP($A$1,[14]손익요약!$G$5:$AL$106,2,),) -> 3300 | H10: =+'[9]서부산크라샤(당월)'!$F$59 -> 7072 | I10: =H10-G10 -> 3772 | J10: =+IFERROR(HLOOKUP($A$1,[14]손익요약!$G$5:$AL$106,5,),) -> 7000 | K10: =+'[9]서부산크라샤(당월)'!$I$59 -> 3392 | L10: =K10-J10 -> -3608 | M10: =+IFERROR(HLOOKUP($A$1,[14]손익요약!$G$5:$AL$106,8,),) -> 22000 | O10: =N10-M10 -> -22000 | P10: =+G10+J10+M10 -> 32300 | Q10: =+H10+K10+N10 -> 10464 | R10: =Q10-P10 -> -21836 | S10: =+IFERROR(HLOOKUP($A$1,[15]손익요약!$G$5:$AL$106,2,),) -> 6000 | T10: =+'[9]부산크라샤(당월)'!$F$59 -> 8272 | U10: =T10-S10 -> 2272 | V10: =+IFERROR(HLOOKUP($A$1,[15]손익요약!$G$5:$AL$106,5,),) -> 15000 | W10: =+'[9]부산크라샤(당월)'!$I$59 -> 9728 | X10: =W10-V10 -> -5272 | Y10: =+S10+V10 -> 21000 | Z10: =+T10+W10 -> 18000 | AA10: =Z10-Y10 -> -3000 | AB10: =+IFERROR(HLOOKUP($A$1,[16]손익계획!$G$5:$AX$449,2,),) -> 9500 | AC10: =+'[9]부산모래장(당월)'!$R$47 -> 9975 | AD10: =AC10-AB10 -> 475 | AE10: =+P10+Y10+AB10 -> 62800 | AF10: =+Q10+Z10+AC10 -> 38439 | AG10: =AF10-AE10 -> -24361
F11: % | G11: =+G10/G$12 -> 0.16598262 | H11: =+H10/H$12 -> 0.3065453 | I11: =+H11-G11 -> 0.14056268 | J11: =+J10/J$12 -> 0.74910942 | K11: =+K10/K$12 -> 0.96803653 | L11: =+K11-J11 -> 0.21892711 | M11: =+M10/M$12 -> 1 | O11: =+N11-M11 -> -1 | P11: =+P10/P$12 -> 0.63053882 | Q11: =+Q10/Q$12 -> 0.39376834 | R11: =+Q11-P11 -> -0.23677047 | S11: =+S10/S$12 -> 0.35695087 | T11: =+T10/T$12 -> 0.35852982 | U11: =+T11-S11 -> 0.0015789486 | V11: =+V10/V$12 -> 0.59997467 | W11: =+W10/W$12 -> 0.40949655 | X11: =+W11-V11 -> -0.19047812 | Y11: =+Y10/Y$12 -> 0.50227109 | Z11: =+Z10/Z$12 -> 0.38438541 | AA11: =+Z11-Y11 -> -0.11788568 | AB11: =+AB10/AB$12 -> 0.33905208 | AC11: =+AC10/AC$12 -> 0.38494192 | AD11: =+AC11-AB11 -> 0.045889841 | AE11: =+AE10/AE$12 -> 0.51877068 | AF11: =+AF10/AF$12 -> 0.38704123 | AG11: =+AF11-AE11 -> -0.13172945
F12: (소계) | G12: =G8+G10 -> 19881.6 | H12: =H8+H10 -> 23070 | I12: =H12-G12 -> 3188.4 | J12: =J8+J10 -> 9344.4292 | K12: =K8+K10 -> 3504 | L12: =K12-J12 -> -5840.4292 | M12: =M8+M10 -> 22000 | O12: =N12-M12 -> -22000 | P12: =P8+P10 -> 51226.029 | Q12: =Q8+Q10 -> 26574 | R12: =Q12-P12 -> -24652.029 | S12: =S8+S10 -> 16809.036 | T12: =T8+T10 -> 23072 | U12: =T12-S12 -> 6262.9641 | V12: =V8+V10 -> 25001.055 | W12: =W8+W10 -> 23756 | X12: =W12-V12 -> -1245.0555 | Y12: =Y8+Y10 -> 41810.091 | Z12: =Z8+Z10 -> 46828 | AA12: =Z12-Y12 -> 5017.9086 | AB12: =AB8+AB10 -> 28019.294 | AC12: =AC8+AC10 -> 25913 | AD12: =AC12-AB12 -> -2106.2943 | AE12: =AE8+AE10 -> 121055.41 | AF12: =AF8+AF10 -> 99315 | AG12: =AF12-AE12 -> -21740.415 | AI12: =+'사업장별(당월)'!J32*1000 -> 121055.41 | AJ12: =+'사업장별(당월)'!K32*1000 -> 99315
E13: 매출액 | F13: 자가이송 | G13: =+IFERROR(HLOOKUP($A$1,[14]손익요약!$G$5:$AL$106,15,),) -> 251304 | H13: =+'[9]서부산크라샤(당월)'!$F$72 -> 256966 | I13: =H13-G13 -> 5662 | J13: =+IFERROR(HLOOKUP($A$1,[14]손익요약!$G$5:$AL$106,18,),) -> 43671.905 | K13: =+'[9]서부산크라샤(당월)'!$I$72 -> 1008 | L13: =K13-J13 -> -42663.905 | M13: =+IFERROR(HLOOKUP($A$1,[14]손익요약!$G$5:$AL$106,21,),) -> 0 | O13: =N13-M13 -> 0 | P13: =+G13+J13+M13 -> 294975.91 | Q13: =+H13+K13+N13 -> 257974 | R13: =Q13-P13 -> -37001.905 | S13: =+IFERROR(HLOOKUP($A$1,[15]손익요약!$G$5:$AL$106,12,),) -> 172944.57 | T13: =+'[9]부산크라샤(당월)'!$F$72 -> 259000 | U13: =T13-S13 -> 86055.426 | V13: =+IFERROR(HLOOKUP($A$1,[15]손익요약!$G$5:$AL$106,15,),) -> 220533.44 | W13: =+'[9]부산크라샤(당월)'!$I$72 -> 315490 | X13: =W13-V13 -> 94956.562 | Y13: =+S13+V13 -> 393478.01 | Z13: =+T13+W13 -> 574490 | AA13: =Z13-Y13 -> 181011.99 | AB13: =+IFERROR(HLOOKUP($A$1,[16]손익계획!$G$5:$AX$449,6,),) -> 524932.27 | AC13: =+'[9]부산모래장(당월)'!$R$54 -> 466472 | AD13: =AC13-AB13 -> -58460.273 | AE13: =+P13+Y13+AB13 -> 1213386.2 | AF13: =+Q13+Z13+AC13 -> 1298936 | AG13: =AF13-AE13 -> 85549.81 | AI13: =+AI12=AE12 -> TRUE | AJ13: =+AJ12=AF12 -> TRUE
F14: 단가 | G14: =+G13/G8*1000 -> 15155.594 | H14: =+H13/H8*1000 -> 16062.383 | I14: =H14-G14 -> 906.78865 | J14: =+J13/J8*1000 -> 18627.948 | K14: =+K13/K8*1000 -> 9000 | L14: =K14-J14 -> -9627.9477 | M14: =+M13/M8*1000 -> #DIV/0! | O14: =N14-M14 -> #DIV/0! | P14: =+P13/P8*1000 -> 15585.726 | Q14: =+Q13/Q8*1000 -> 16013.284 | R14: =Q14-P14 -> 427.55771 | S14: =+S13/S8*1000 -> 16000 | T14: =+T13/T8*1000 -> 17500 | U14: =T14-S14 -> 1500 | V14: =+V13/V8*1000 -> 22051.016 | W14: =+W13/W8*1000 -> 22490.02 | X14: =W14-V14 -> 439.00367 | Y14: =+Y13/Y8*1000 -> 18908.039 | Z14: =+Z13/Z8*1000 -> 19928.195 | AA14: =Z14-Y14 -> 1020.1562 | AB14: =+AB13/AB8*1000 -> 28345.155 | AC14: =+AC13/AC8*1000 -> 29267.913 | AD14: =AC14-AB14 -> 922.75784 | AE14: =+AE13/AE8*1000 -> 20828.728 | AF14: =+AF13/AF8*1000 -> 21337.407 | AG14: =AF14-AE14 -> 508.67921
F15: 외부판매 | G15: =+IFERROR(HLOOKUP($A$1,[14]손익요약!$G$5:$AL$106,14,),) -> 37950 | H15: =+'[9]서부산크라샤(당월)'!$F$71 -> 81328 | I15: =H15-G15 -> 43378 | J15: =+IFERROR(HLOOKUP($A$1,[14]손익요약!$G$5:$AL$106,17,),) -> 105000 | K15: =+'[9]서부산크라샤(당월)'!$I$71 -> 30528 | L15: =K15-J15 -> -74472 | M15: =+IFERROR(HLOOKUP($A$1,[14]손익요약!$G$5:$AL$106,20,),) -> 198000 | O15: =N15-M15 -> -198000 | P15: =+G15+J15+M15 -> 340950 | Q15: =+H15+K15+N15 -> 111856 | R15: =Q15-P15 -> -229094 | S15: =+IFERROR(HLOOKUP($A$1,[15]손익요약!$G$5:$AL$106,11,),) -> 72000 | T15: =+'[9]부산크라샤(당월)'!$F$71 -> 107536 | U15: =T15-S15 -> 35536 | V15: =+IFERROR(HLOOKUP($A$1,[15]손익요약!$G$5:$AL$106,14,),) -> 285000 | W15: =+'[9]부산크라샤(당월)'!$I$71 -> 175360 | X15: =W15-V15 -> -109640 | Y15: =+S15+V15 -> 357000 | Z15: =+T15+W15 -> 282896 | AA15: =Z15-Y15 -> -74104 | AB15: =+IFERROR(HLOOKUP($A$1,[16]손익계획!$G$5:$AX$449,5,),) -> 270750 | AC15: =+'[9]부산모래장(당월)'!$R$53 -> 282090 | AD15: =AC15-AB15 -> 11340 | AE15: =+P15+Y15+AB15 -> 968700 | AF15: =+Q15+Z15+AC15 -> 676842 | AG15: =AF15-AE15 -> -291858
F16: 단가 | G16: =IFERROR(G15/G10,)*1000 -> 11500 | H16: =IFERROR(H15/H10,)*1000 -> 11500 | I16: =H16-G16 -> 0 | J16: =IFERROR(J15/J10,)*1000 -> 15000 | K16: =IFERROR(K15/K10,)*1000 -> 9000 | L16: =K16-J16 -> -6000 | M16: =IFERROR(M15/M10,)*1000 -> 9000 | O16: =N16-M16 -> -9000 | P16: =IFERROR(P15/P10,)*1000 -> 10555.728 | Q16: =IFERROR(Q15/Q10,)*1000 -> 10689.602 | R16: =Q16-P16 -> 133.87489 | S16: =IFERROR(S15/S10,)*1000 -> 12000 | T16: =IFERROR(T15/T10,)*1000 -> 13000 | U16: =T16-S16 -> 1000 | V16: =IFERROR(V15/V10,)*1000 -> 19000 | W16: =IFERROR(W15/W10,)*1000 -> 18026.316 | X16: =W16-V16 -> -973.68421 | Y16: =IFERROR(Y15/Y10,)*1000 -> 17000 | Z16: =IFERROR(Z15/Z10,)*1000 -> 15716.444 | AA16: =Z16-Y16 -> -1283.5556 | AB16: =IFERROR(AB15/AB10,)*1000 -> 28500 | AC16: =IFERROR(AC15/AC10,)*1000 -> 28279.699 | AD16: =AC16-AB16 -> -220.30075 | AE16: =IFERROR(AE15/AE10,)*1000 -> 15425.159 | AF16: =IFERROR(AF15/AF10,)*1000 -> 17608.21 | AG16: =AF16-AE16 -> 2183.0512
F17: (소계) | G17: =G13+G15 -> 289254 | H17: =H13+H15 -> 338294 | I17: =H17-G17 -> 49040 | J17: =J13+J15 -> 148671.91 | K17: =K13+K15 -> 31536 | L17: =K17-J17 -> -117135.91 | M17: =M13+M15 -> 198000 | O17: =N17-M17 -> -198000 | P17: =P13+P15 -> 635925.91 | Q17: =Q13+Q15 -> 369830 | R17: =Q17-P17 -> -266095.91 | S17: =S13+S15 -> 244944.57 | T17: =T13+T15 -> 366536 | U17: =T17-S17 -> 121591.43 | V17: =V13+V15 -> 505533.44 | W17: =W13+W15 -> 490850 | X17: =W17-V17 -> -14683.438 | Y17: =Y13+Y15 -> 750478.01 | Z17: =Z13+Z15 -> 857386 | AA17: =Z17-Y17 -> 106907.99 | AB17: =AB13+AB15 -> 795682.27 | AC17: =AC13+AC15 -> 748562 | AD17: =AC17-AB17 -> -47120.273 | AE17: =AE13+AE15 -> 2182086.2 | AF17: =AF13+AF15 -> 1975778 | AG17: =AF17-AE17 -> -206308.19 | AI17: =+'사업장별(당월)'!O32*1000 -> 2182086.2 | AJ17: =+'사업장별(당월)'!P32*1000 -> 1975778
E18: 영업이익 | F18: 자가이송 | G18: =+IFERROR(HLOOKUP($A$1,[14]손익요약!$G$5:$AL$106,80,),) -> 74006.691 | H18: =+'[9]서부산크라샤(당월)'!$F$87 -> 47341.986 | I18: =H18-G18 -> -26664.705 | J18: =+IFERROR(HLOOKUP($A$1,[14]손익요약!$G$5:$AL$106,83,),) -> 18472.203 | K18: =+'[9]서부산크라샤(당월)'!$I$87 -> 375.82823 | L18: =K18-J18 -> -18096.375 | M18: =+IFERROR(HLOOKUP($A$1,[14]손익요약!$G$5:$AL$106,86,),) -> 0 | O18: =N18-M18 -> 0 | P18: =+G18+J18+M18 -> 92478.894 | Q18: =+H18+K18+N18 -> 47717.815 | R18: =Q18-P18 -> -44761.079 | S18: =+IFERROR(HLOOKUP($A$1,[15]손익요약!$G$5:$U$95,57,),) -> -19689.761 | T18: =+'[9]부산크라샤(당월)'!$F$87 -> 13588.886 | U18: =T18-S18 -> 33278.646 | V18: =+IFERROR(HLOOKUP($A$1,[15]손익요약!$G$5:$AL$106,60,),) -> 41316.616 | W18: =+'[9]부산크라샤(당월)'!$I$87 -> 81431.719 | X18: =W18-V18 -> 40115.103 | Y18: =+S18+V18 -> 21626.855 | Z18: =+T18+W18 -> 95020.605 | AA18: =Z18-Y18 -> 73393.75 | AB18: =+IFERROR(HLOOKUP($A$1,[16]손익계획!$G$5:$AX$449,25,),) -> 38759.521 | AC18: =+'[9]부산모래장(당월)'!$R$82 -> 42756.127 | AD18: =AC18-AB18 -> 3996.6062 | AE18: =+P18+Y18+AB18 -> 152865.27 | AF18: =+Q18+Z18+AC18 -> 185494.55 | AG18: =AF18-AE18 -> 32629.277 | AI18: =+AI17=AE17 -> TRUE | AJ18: =+AJ17=AF17 -> TRUE
F19: 외부판매 | G19: =+IFERROR(HLOOKUP($A$1,[14]손익요약!$G$5:$AL$106,79,),) -> 2860.7901 | H19: =+'[9]서부산크라샤(당월)'!$F$86 -> -10613.977 | I19: =H19-G19 -> -13474.767 | J19: =+IFERROR(HLOOKUP($A$1,[14]손익요약!$G$5:$AL$106,82,),) -> 30170.785 | K19: =+'[9]서부산크라샤(당월)'!$I$86 -> 11382.211 | L19: =K19-J19 -> -18788.574 | M19: =+IFERROR(HLOOKUP($A$1,[14]손익요약!$G$5:$AL$106,85,),) -> 33164.41 | O19: =N19-M19 -> -33164.41 | P19: =+G19+J19+M19 -> 66195.986 | Q19: =+H19+K19+N19 -> 768.23357 | R19: =Q19-P19 -> -65427.752 | S19: =+IFERROR(HLOOKUP($A$1,[15]손익요약!$G$5:$AL$106,56,),) -> -34540.168 | T19: =+'[9]부산크라샤(당월)'!$F$86 -> -28830.204 | U19: =T19-S19 -> 5709.9641 | V19: =+IFERROR(HLOOKUP($A$1,[15]손익요약!$G$5:$AL$106,59,),) -> 16945.763 | W19: =+'[9]부산크라샤(당월)'!$I$86 -> 13979.235 | X19: =W19-V19 -> -2966.5284 | Y19: =+S19+V19 -> -17594.404 | Z19: =+T19+W19 -> -14850.969 | AA19: =Z19-Y19 -> 2743.4357 | AB19: =+IFERROR(HLOOKUP($A$1,[16]손익계획!$G$5:$AX$449,24,),) -> 20959.556 | AC19: =+'[9]부산모래장(당월)'!$I$81-'[9]부산모래장(당월)'!$R$82 -> 167.26604 | AD19: =AC19-AB19 -> -20792.29 | AE19: =+P19+Y19+AB19 -> 69561.137 | AF19: =+Q19+Z19+AC19 -> -13915.469 | AG19: =AF19-AE19 -> -83476.606
F20: (소계) | G20: =G18+G19 -> 76867.481 | H20: =H18+H19 -> 36728.009 | I20: =H20-G20 -> -40139.472 | J20: =J18+J19 -> 48642.988 | K20: =K18+K19 -> 11758.039 | L20: =K20-J20 -> -36884.949 | M20: =M18+M19 -> 33164.41 | O20: =N20-M20 -> -33164.41 | P20: =P18+P19 -> 158674.88 | Q20: =Q18+Q19 -> 48486.048 | R20: =Q20-P20 -> -110188.83 | S20: =S18+S19 -> -54229.928 | T20: =T18+T19 -> -15241.318 | U20: =T20-S20 -> 38988.611 | V20: =V18+V19 -> 58262.379 | W20: =W18+W19 -> 95410.954 | X20: =W20-V20 -> 37148.575 | Y20: =Y18+Y19 -> 4032.4504 | Z20: =Z18+Z19 -> 80169.636 | AA20: =Z20-Y20 -> 76137.186 | AB20: =AB18+AB19 -> 59719.076 | AC20: =AC18+AC19 -> 42923.393 | AD20: =AC20-AB20 -> -16795.683 | AE20: =AE18+AE19 -> 222426.41 | AF20: =AF18+AF19 -> 171579.08 | AG20: =AF20-AE20 -> -50847.329 | AI20: =+'사업장별(당월)'!T32*1000 -> 222426.41 | AJ20: ='사업장별(당월)'!U32*1000 -> 171579.08
E21: 자가이송 | F21: 부산 | G21: =+IFERROR(HLOOKUP($A$1,[14]손익!$G$5:$AB$252,3,),) -> 0 | H21: =+'[9]서부산크라샤(당월)'!$F$60 -> 224 | I21: =H21-G21 -> 224 | J21: =+IFERROR(HLOOKUP($A$1,[14]손익!$G$5:$AB$252,12,),) -> 0 | K21: =+'[9]서부산크라샤(당월)'!$I$60 -> 0 | L21: =K21-J21 -> 0 | O21: =N21-M21 -> 0 | P21: =+G21+J21+M21 -> 0 | Q21: =+H21+K21+N21 -> 224 | R21: =Q21-P21 -> 224 | S21: =+IFERROR(HLOOKUP($A$1,[15]손익!$G$5:$AB$252,3,),) -> 10809.036 | T21: =+'[9]부산크라샤(당월)'!$F$60 -> 14800 | U21: =T21-S21 -> 3990.9641 | V21: =+IFERROR(HLOOKUP($A$1,[15]손익!$G$5:$AB$252,12,),) -> 7628.3458 | W21: =+'[9]부산크라샤(당월)'!$I$60 -> 9980 | X21: =W21-V21 -> 2351.6542 | Y21: =+S21+V21 -> 18437.382 | Z21: =+T21+W21 -> 24780 | AA21: =Z21-Y21 -> 6342.6183 | AB21: =+IFERROR(HLOOKUP($A$1,[16]이송계획!$G$193:$U$216,16,),) -> 4320.7419 | AC21: =+'[9]부산모래장(당월)'!$R$64 -> 5890 | AD21: =AC21-AB21 -> 1569.2581 | AE21: =+P21+Y21+AB21 -> 22758.124 | AF21: =+Q21+Z21+AC21 -> 30894 | AG21: =AF21-AE21 -> 8135.8765 | AI21: =+AI20=AE20 -> TRUE | AJ21: =+AJ20=AF20 -> TRUE
E22: 물량 | F22: 서부산 | G22: =+IFERROR(HLOOKUP($A$1,[14]손익!$G$5:$AB$252,4,),) -> 14248 | H22: =+'[9]서부산크라샤(당월)'!$F$61 -> 13230 | I22: =H22-G22 -> -1018 | J22: =+IFERROR(HLOOKUP($A$1,[14]손익!$G$5:$AB$252,13,),) -> 1215.0667 | K22: =+'[9]서부산크라샤(당월)'!$I$61 -> 0 | L22: =K22-J22 -> -1215.0667 | O22: =N22-M22 -> 0 | P22: =+G22+J22+M22 -> 15463.067 | Q22: =+H22+K22+N22 -> 13230 | R22: =Q22-P22 -> -2233.0667 | S22: =+IFERROR(HLOOKUP($A$1,[15]손익!$G$5:$AB$252,4,),) -> 0 | T22: =+'[9]부산크라샤(당월)'!$F$61 -> 0 | U22: =T22-S22 -> 0 | V22: =+IFERROR(HLOOKUP($A$1,[15]손익!$G$5:$AB$252,13,),) -> 2372.7097 | W22: =+'[9]부산크라샤(당월)'!$I$61 -> 4048 | X22: =W22-V22 -> 1675.2903 | Y22: =+S22+V22 -> 2372.7097 | Z22: =+T22+W22 -> 4048 | AA22: =Z22-Y22 -> 1675.2903 | AB22: =+IFERROR(HLOOKUP($A$1,[16]이송계획!$G$193:$U$216,17,),) -> 5378.9091 | AC22: =+'[9]부산모래장(당월)'!$R$65 -> 3344 | AD22: =AC22-AB22 -> -2034.9091 | AE22: =+P22+Y22+AB22 -> 23214.685 | AF22: =+Q22+Z22+AC22 -> 20622 | AG22: =AF22-AE22 -> -2592.6854 | AI22: =+AE20-AI20 -> 0 | AJ22: =+AF20-AJ20 -> 0
F23: 김해 | G23: =+IFERROR(HLOOKUP($A$1,[14]손익!$G$5:$AB$252,5,),) -> 1328 | H23: =+'[9]서부산크라샤(당월)'!$F$62 -> 1392 | I23: =H23-G23 -> 64 | J23: =+IFERROR(HLOOKUP($A$1,[14]손익!$G$5:$AB$252,14,),) -> 0 | K23: =+'[9]서부산크라샤(당월)'!$I$62 -> 0 | L23: =K23-J23 -> 0 | O23: =N23-M23 -> 0 | P23: =+G23+J23+M23 -> 1328 | Q23: =+H23+K23+N23 -> 1392 | R23: =Q23-P23 -> 64 | S23: =+IFERROR(HLOOKUP($A$1,[15]손익!$G$5:$AB$252,5,),) -> 0 | T23: =+'[9]부산크라샤(당월)'!$F$62 -> 0 | U23: =T23-S23 -> 0 | V23: =+IFERROR(HLOOKUP($A$1,[15]손익!$G$5:$AB$252,14,),) -> 0 | W23: =+'[9]부산크라샤(당월)'!$I$62 -> 0 | X23: =W23-V23 -> 0 | Y23: =+S23+V23 -> 0 | Z23: =+T23+W23 -> 0 | AA23: =Z23-Y23 -> 0 | AB23: =+IFERROR(HLOOKUP($A$1,[16]이송계획!$G$193:$U$216,18,),) -> 3188.8112 | AC23: =+'[9]부산모래장(당월)'!$V$64 -> 0 | AD23: =AC23-AB23 -> -3188.8112 | AE23: =+P23+Y23+AB23 -> 4516.8112 | AF23: =+Q23+Z23+AC23 -> 1392 | AG23: =AF23-AE23 -> -3124.8112
F24: 정관 | G24: =+IFERROR(HLOOKUP($A$1,[14]손익!$G$5:$AB$252,6,),) -> 0 | H24: =+'[9]서부산크라샤(당월)'!$F$63 -> 0 | I24: =H24-G24 -> 0 | J24: =+IFERROR(HLOOKUP($A$1,[14]손익!$G$5:$AB$252,15,),) -> 0 | K24: =+'[9]서부산크라샤(당월)'!$I$63 -> 0 | L24: =K24-J24 -> 0 | O24: =N24-M24 -> 0 | P24: =+G24+J24+M24 -> 0 | Q24: =+H24+K24+N24 -> 0 | R24: =Q24-P24 -> 0 | S24: =+IFERROR(HLOOKUP($A$1,[15]손익!$G$5:$AB$252,6,),) -> 0 | T24: =+'[9]부산크라샤(당월)'!$F$63 -> 0 | U24: =T24-S24 -> 0 | V24: =+IFERROR(HLOOKUP($A$1,[15]손익!$G$5:$AB$252,15,),) -> 0 | W24: =+'[9]부산크라샤(당월)'!$I$63 -> 0 | X24: =W24-V24 -> 0 | Y24: =+S24+V24 -> 0 | Z24: =+T24+W24 -> 0 | AA24: =Z24-Y24 -> 0 | AB24: =+IFERROR(HLOOKUP($A$1,[16]이송계획!$G$193:$U$216,19,),) -> 4168.951 | AC24: =+'[9]부산모래장(당월)'!$V$65 -> 0 | AD24: =AC24-AB24 -> -4168.951 | AE24: =+P24+Y24+AB24 -> 4168.951 | AF24: =+Q24+Z24+AC24 -> 0 | AG24: =AF24-AE24 -> -4168.951
F25: 양산 | G25: =+IFERROR(HLOOKUP($A$1,[14]손익!$G$5:$AB$252,7,),) -> 0 | H25: =+'[9]서부산크라샤(당월)'!$F$64 -> 0 | I25: =H25-G25 -> 0 | J25: =+IFERROR(HLOOKUP($A$1,[14]손익!$G$5:$AB$252,16,),) -> 548.56256 | K25: =+'[9]서부산크라샤(당월)'!$I$64 -> 112 | L25: =K25-J25 -> -436.56256 | O25: =N25-M25 -> 0 | P25: =+G25+J25+M25 -> 548.56256 | Q25: =+H25+K25+N25 -> 112 | R25: =Q25-P25 -> -436.56256 | S25: =+IFERROR(HLOOKUP($A$1,[15]손익!$G$5:$AB$252,7,),) -> 0 | T25: =+'[9]부산크라샤(당월)'!$F$64 -> 0 | U25: =T25-S25 -> 0 | V25: =+IFERROR(HLOOKUP($A$1,[15]손익!$G$5:$AB$252,16,),) -> 0 | W25: =+'[9]부산크라샤(당월)'!$I$64 -> 0 | X25: =W25-V25 -> 0 | Y25: =+S25+V25 -> 0 | Z25: =+T25+W25 -> 0 | AA25: =Z25-Y25 -> 0 | AB25: =+IFERROR(HLOOKUP($A$1,[16]이송계획!$G$193:$U$216,20,),) -> 1461.8811 | AC25: =+'[9]부산모래장(당월)'!$R$66 -> 2816 | AD25: =AC25-AB25 -> 1354.1189 | AE25: =+P25+Y25+AB25 -> 2010.4437 | AF25: =+Q25+Z25+AC25 -> 2928 | AG25: =AF25-AE25 -> 917.55632
F26: 창원 | G26: =+IFERROR(HLOOKUP($A$1,[14]손익!$G$5:$AB$252,8,),) -> 1005.6 | H26: =+'[9]서부산크라샤(당월)'!$F$65 -> 1152 | I26: =H26-G26 -> 146.4 | J26: =+IFERROR(HLOOKUP($A$1,[14]손익!$G$5:$AB$252,17,),) -> 580.8 | K26: =+'[9]서부산크라샤(당월)'!$I$65 -> 0 | L26: =K26-J26 -> -580.8 | O26: =N26-M26 -> 0 | P26: =+G26+J26+M26 -> 1586.4 | Q26: =+H26+K26+N26 -> 1152 | R26: =Q26-P26 -> -434.4 | S26: =+IFERROR(HLOOKUP($A$1,[15]손익!$G$5:$AB$252,8,),) -> 0 | T26: =+'[9]부산크라샤(당월)'!$F$65 -> 0 | U26: =T26-S26 -> 0 | V26: =+IFERROR(HLOOKUP($A$1,[15]손익!$G$5:$AB$252,17,),) -> 0 | W26: =+'[9]부산크라샤(당월)'!$I$65 -> 0 | X26: =W26-V26 -> 0 | Y26: =+S26+V26 -> 0 | Z26: =+T26+W26 -> 0 | AA26: =Z26-Y26 -> 0 | AB26: =+IFERROR(HLOOKUP($A$1,[16]이송계획!$G$193:$U$216,21,),) -> 0 | AD26: =AC26-AB26 -> 0 | AE26: =+P26+Y26+AB26 -> 1586.4 | AF26: =+Q26+Z26+AC26 -> 1152 | AG26: =AF26-AE26 -> -434.4
E27: 자가이송 | F27: 부산 | G27: =+IFERROR(HLOOKUP($A$1,[14]손익!$G$5:$AB$252,31,),) -> 0 | H27: =IFERROR(H35/H21,)*1000 -> 12500 | I27: =H27-G27 -> 12500 | J27: =+IFERROR(HLOOKUP($A$1,[14]손익!$G$5:$AB$252,40,),) -> 0 | K27: =IFERROR(K35/K21,)*1000 -> 0 | L27: =K27-J27 -> 0 | O27: =N27-M27 -> 0 | P27: =+IFERROR(HLOOKUP($A$1,[14]손익!$G$5:$AB$252,48,),) -> 9000 | Q27: =IFERROR(Q35/Q21,)*1000 -> 12500 | R27: =Q27-P27 -> 3500 | S27: =+IFERROR(HLOOKUP($A$1,[15]손익!$G$5:$AB$252,30,),) -> 16000 | T27: =IFERROR(T35/T21,)*1000 -> 17500 | U27: =T27-S27 -> 1500 | V27: =+IFERROR(HLOOKUP($A$1,[15]손익!$G$5:$AB$252,39,),) -> 23000 | W27: =IFERROR(W35/W21,)*1000 -> 23500 | X27: =W27-V27 -> 500 | Y27: =+IFERROR(HLOOKUP($A$1,[15]손익!$G$5:$AB$252,48,),) -> 18896.204 | Z27: =IFERROR(Z35/Z21,)*1000 -> 19916.465 | AA27: =Z27-Y27 -> 1020.2608 | AB27: =IFERROR(AB35/AB21,)*1000 -> 30500 | AC27: =IFERROR(AC35/AC21,)*1000 -> 32000 | AD27: =AC27-AB27 -> 1500 | AE27: =+AE35/AE21*1000 -> 21099.242 | AF27: =IFERROR(AF35/AF21,)*1000 -> 22166.44 | AG27: =AF27-AE27 -> 1067.1982
E28: 단가 | F28: 서부산 | G28: =+IFERROR(HLOOKUP($A$1,[14]손익!$G$5:$AB$252,32,),) -> 16000 | H28: =IFERROR(H36/H22,)*1000 -> 17000 | I28: =H28-G28 -> 1000 | J28: =+IFERROR(HLOOKUP($A$1,[14]손익!$G$5:$AB$252,41,),) -> 22000 | K28: =IFERROR(K36/K22,)*1000 -> 0 | L28: =K28-J28 -> -22000 | O28: =N28-M28 -> 0 | P28: =+IFERROR(HLOOKUP($A$1,[14]손익!$G$5:$AB$252,49,),) -> 10555.728 | Q28: =IFERROR(Q36/Q22,)*1000 -> 17000 | R28: =Q28-P28 -> 6444.2724 | S28: =+IFERROR(HLOOKUP($A$1,[15]손익!$G$5:$AB$252,31,),) -> 0 | T28: =IFERROR(T36/T22,)*1000 -> 0 | U28: =T28-S28 -> 0 | V28: =+IFERROR(HLOOKUP($A$1,[15]손익!$G$5:$AB$252,40,),) -> 19000 | W28: =IFERROR(W36/W22,)*1000 -> 20000 | X28: =W28-V28 -> 1000 | Y28: =+IFERROR(HLOOKUP($A$1,[15]손익!$G$5:$AB$252,49,),) -> 19000 | Z28: =IFERROR(Z36/Z22,)*1000 -> 20000 | AA28: =Z28-Y28 -> 1000 | AB28: =IFERROR(AB36/AB22,)*1000 -> 28000 | AC28: =IFERROR(AC36/AC22,)*1000 -> 28000 | AD28: =AC28-AB28 -> 0 | AE28: =+AE36/AE22*1000 -> 19401.099 | AF28: =IFERROR(AF36/AF22,)*1000 -> 19372.612 | AG28: =AF28-AE28 -> -28.486998
F29: 김해 | G29: =+IFERROR(HLOOKUP($A$1,[14]손익!$G$5:$AB$252,33,),) -> 10000 | H29: =IFERROR(H37/H23,)*1000 -> 11500 | I29: =H29-G29 -> 1500 | J29: =+IFERROR(HLOOKUP($A$1,[14]손익!$G$5:$AB$252,42,),) -> 0 | K29: =IFERROR(K37/K23,)*1000 -> 0 | L29: =K29-J29 -> 0 | O29: =N29-M29 -> 0 | P29: =+IFERROR(HLOOKUP($A$1,[14]손익!$G$5:$AB$252,50,),) -> 0 | Q29: =IFERROR(Q37/Q23,)*1000 -> 11500 | R29: =Q29-P29 -> 11500 | S29: =+IFERROR(HLOOKUP($A$1,[15]손익!$G$5:$AB$252,32,),) -> 0 | T29: =IFERROR(T37/T23,)*1000 -> 0 | U29: =T29-S29 -> 0 | V29: =+IFERROR(HLOOKUP($A$1,[15]손익!$G$5:$AB$252,41,),) -> 0 | W29: =IFERROR(W37/W23,)*1000 -> 0 | X29: =W29-V29 -> 0 | Y29: =+IFERROR(HLOOKUP($A$1,[15]손익!$G$5:$AB$252,50,),) -> 0 | Z29: =IFERROR(Z37/Z23,)*1000 -> 0 | AA29: =Z29-Y29 -> 0 | AB29: =IFERROR(AB37/AB23,)*1000 -> 27500 | AC29: =IFERROR(AC37/AC23,)*1000 -> 0 | AD29: =AC29-AB29 -> -27500 | AE29: =+AE37/AE23*1000 -> 22354.777 | AF29: =IFERROR(AF37/AF23,)*1000 -> 67132.184 | AG29: =AF29-AE29 -> 44777.407
F30: 정관 | G30: =+IFERROR(HLOOKUP($A$1,[14]손익!$G$5:$AB$252,34,),) -> 0 | H30: =IFERROR(H38/H24,)*1000 -> 0 | I30: =H30-G30 -> 0 | J30: =+IFERROR(HLOOKUP($A$1,[14]손익!$G$5:$AB$252,43,),) -> 0 | K30: =IFERROR(K38/K24,)*1000 -> 0 | L30: =K30-J30 -> 0 | O30: =N30-M30 -> 0 | P30: =+IFERROR(HLOOKUP($A$1,[14]손익!$G$5:$AB$252,51,),) -> 16471.472 | Q30: =IFERROR(Q38/Q24,)*1000 -> 0 | R30: =Q30-P30 -> -16471.472 | S30: =+IFERROR(HLOOKUP($A$1,[15]손익!$G$5:$AB$252,33,),) -> 0 | T30: =IFERROR(T38/T24,)*1000 -> 0 | U30: =T30-S30 -> 0 | V30: =+IFERROR(HLOOKUP($A$1,[15]손익!$G$5:$AB$252,42,),) -> 0 | W30: =IFERROR(W38/W24,)*1000 -> 0 | X30: =W30-V30 -> 0 | Y30: =+IFERROR(HLOOKUP($A$1,[15]손익!$G$5:$AB$252,51,),) -> 0 | Z30: =IFERROR(Z38/Z24,)*1000 -> 0 | AA30: =Z30-Y30 -> 0 | AB30: =IFERROR(AB38/AB24,)*1000 -> 27500 | AC30: =IFERROR(AC38/AC24,)*1000 -> 0 | AD30: =AC30-AB30 -> -27500 | AE30: =+AE38/AE24*1000 -> 27500 | AF30: =IFERROR(AF38/AF24,)*1000 -> 0 | AG30: =AF30-AE30 -> -27500
F31: 양산 | G31: =+IFERROR(HLOOKUP($A$1,[14]손익!$G$5:$AB$252,35,),) -> 0 | H31: =IFERROR(H39/H25,)*1000 -> 0 | I31: =H31-G31 -> 0 | J31: =+IFERROR(HLOOKUP($A$1,[14]손익!$G$5:$AB$252,44,),) -> 15000 | K31: =IFERROR(K39/K25,)*1000 -> 9000 | L31: =K31-J31 -> -6000 | O31: =N31-M31 -> 0 | P31: =+IFERROR(HLOOKUP($A$1,[14]손익!$G$5:$AB$252,52,),) -> 10000 | Q31: =IFERROR(Q39/Q25,)*1000 -> 9000 | R31: =Q31-P31 -> -1000 | S31: =+IFERROR(HLOOKUP($A$1,[15]손익!$G$5:$AB$252,34,),) -> 0 | T31: =IFERROR(T39/T25,)*1000 -> 0 | U31: =T31-S31 -> 0 | V31: =+IFERROR(HLOOKUP($A$1,[15]손익!$G$5:$AB$252,43,),) -> 0 | W31: =IFERROR(W39/W25,)*1000 -> 0 | X31: =W31-V31 -> 0 | Y31: =+IFERROR(HLOOKUP($A$1,[15]손익!$G$5:$AB$252,52,),) -> 0 | Z31: =IFERROR(Z39/Z25,)*1000 -> 0 | AA31: =Z31-Y31 -> 0 | AB31: =IFERROR(AB39/AB25,)*1000 -> 27500 | AC31: =IFERROR(AC39/AC25,)*1000 -> 0 | AD31: =AC31-AB31 -> -27500 | AE31: =+AE39/AE25*1000 -> 24089.294 | AF31: =IFERROR(AF39/AF25,)*1000 -> 344.2623 | AG31: =AF31-AE31 -> -23745.032
F32: 창원 | G32: =+IFERROR(HLOOKUP($A$1,[14]손익!$G$5:$AB$252,36,),) -> 10000 | H32: =IFERROR(H40/H26,)*1000 -> 11500 | I32: =H32-G32 -> 1500 | J32: =+IFERROR(HLOOKUP($A$1,[14]손익!$G$5:$AB$252,45,),) -> 15000 | K32: =IFERROR(K40/K26,)*1000 -> 0 | L32: =K32-J32 -> -15000 | O32: =N32-M32 -> 0 | P32: =+IFERROR(HLOOKUP($A$1,[14]손익!$G$5:$AB$252,53,),) -> 0 | Q32: =IFERROR(Q40/Q26,)*1000 -> 11500 | R32: =Q32-P32 -> 11500 | S32: =+IFERROR(HLOOKUP($A$1,[15]손익!$G$5:$AB$252,35,),) -> 0 | T32: =IFERROR(T40/T26,)*1000 -> 0 | U32: =T32-S32 -> 0 | V32: =+IFERROR(HLOOKUP($A$1,[15]손익!$G$5:$AB$252,44,),) -> 0 | W32: =IFERROR(W40/W26,)*1000 -> 0 | X32: =W32-V32 -> 0 | Y32: =+IFERROR(HLOOKUP($A$1,[15]손익!$G$5:$AB$252,53,),) -> 0 | Z32: =IFERROR(Z40/Z26,)*1000 -> 0 | AA32: =Z32-Y32 -> 0 | AB32: =IFERROR(AB40/AB26,)*1000 -> 0 | AC32: =IFERROR(AC40/AC26,)*1000 -> 0 | AD32: =AC32-AB32 -> 0 | AE32: =+AE40/AE26*1000 -> 11830.56 | AF32: =IFERROR(AF40/AF26,)*1000 -> 11500 | AG32: =AF32-AE32 -> -330.55976
E33: * 자가이송 운반비 : 부산 3,500 / 김해 3,500 / 정관 8,000 / 양산 5,000 / 창원 8,000
AC34: * 공통비
E35: 자가이송 | F35: 부산 | G35: =+IFERROR(HLOOKUP($A$1,[14]손익!$G$5:$AB$252,59,),) -> 0 | H35: =+IFERROR(VLOOKUP($F35,'[17]서부산(손익)'!$L$16:$R$29,4,),)/1000 -> 2800 | I35: =+H35-G35 -> 2800 | J35: =+IFERROR(HLOOKUP($A$1,[14]손익!$G$5:$AB$252,68,),) -> 0 | K35: =+IFERROR(VLOOKUP($F35,'[17]서부산(손익)'!$L$16:$R$29,3,),)/1000 -> 0 | L35: =+K35-J35 -> 0 | O35: =+N35-M35 -> 0 | P35: =SUM(G35,J35,M35) -> 0 | Q35: =SUM(H35,K35,N35) -> 2800 | R35: =+Q35-P35 -> 2800 | S35: =+IFERROR(HLOOKUP($A$1,[15]손익!$G$5:$AB$252,57,),) -> 172944.57 | T35: =+IFERROR(VLOOKUP($F35,'[17]부산크라샤(손익)'!$L$16:$R$29,3,),)/1000 -> 259000 | U35: =+T35-S35 -> 86055.426 | V35: =+IFERROR(HLOOKUP($A$1,[15]손익!$G$5:$AB$252,66,),) -> 175451.95 | W35: =+IFERROR(VLOOKUP($F35,'[17]부산크라샤(손익)'!$L$16:$R$29,4,),)/1000 -> 234530 | X35: =+W35-V35 -> 59078.046 | Y35: =SUM(S35,V35) -> 348396.53 | Z35: =SUM(T35,W35) -> 493530 | AA35: =+Z35-Y35 -> 145133.47 | AB35: =+IFERROR(HLOOKUP($A$1,[16]이송계획!$G$70:$W$100,16,),)+IFERROR(HLOOKUP($A$1,[16]이송계획!$G$70:$W$100,23,),) -> 131782.63 | AC35: =+'[9]부산모래장(당월)'!R76 -> 188480 | AE35: =+P35+Y35+AB35 -> 480179.15 | AF35: =+Q35+Z35+AC35 -> 684810 | AG35: =+AF35-AE35 -> 204630.85
E36: 매출액 | F36: 서부산 | G36: =+IFERROR(HLOOKUP($A$1,[14]손익!$G$5:$AB$252,60,),) -> 227968 | H36: =+IFERROR(VLOOKUP($F36,'[17]서부산(손익)'!$L$16:$R$29,4,),)/1000 -> 224910 | I36: =+H36-G36 -> -3058 | J36: =+IFERROR(HLOOKUP($A$1,[14]손익!$G$5:$AB$252,69,),) -> 26731.467 | K36: =+IFERROR(VLOOKUP($F36,'[17]서부산(손익)'!$L$16:$R$29,3,),)/1000 -> 0 | L36: =+K36-J36 -> -26731.467 | O36: =+N36-M36 -> 0 | P36: =SUM(G36,J36,M36) -> 254699.47 | Q36: =SUM(H36,K36,N36) -> 224910 | R36: =+Q36-P36 -> -29789.467 | S36: =+IFERROR(HLOOKUP($A$1,[15]손익!$G$5:$AB$252,58,),) -> 0 | T36: =+IFERROR(VLOOKUP($F36,'[17]부산크라샤(손익)'!$L$16:$R$29,3,),)/1000 -> 0 | U36: =+T36-S36 -> 0 | V36: =+IFERROR(HLOOKUP($A$1,[15]손익!$G$5:$AB$252,67,),) -> 45081.484 | W36: =+IFERROR(VLOOKUP($F36,'[17]부산크라샤(손익)'!$L$16:$R$29,4,),)/1000 -> 80960 | X36: =+W36-V36 -> 35878.516 | Y36: =SUM(S36,V36) -> 45081.484 | Z36: =SUM(T36,W36) -> 80960 | AA36: =+Z36-Y36 -> 35878.516 | AB36: =+IFERROR(HLOOKUP($A$1,[16]이송계획!$G$70:$W$100,17,),)+IFERROR(HLOOKUP($A$1,[16]이송계획!$G$70:$W$100,24,),) -> 150609.45 | AC36: =+'[9]부산모래장(당월)'!R77 -> 93632 | AE36: =+P36+Y36+AB36 -> 450390.41 | AF36: =+Q36+Z36+AC36 -> 399502 | AG36: =+AF36-AE36 -> -50888.405
F37: 김해 | G37: =+IFERROR(HLOOKUP($A$1,[14]손익!$G$5:$AB$252,61,),) -> 13280 | H37: =+IFERROR(VLOOKUP($F37,'[17]서부산(손익)'!$L$16:$R$29,4,),)/1000 -> 16008 | I37: =+H37-G37 -> 2728 | J37: =+IFERROR(HLOOKUP($A$1,[14]손익!$G$5:$AB$252,70,),) -> 0 | K37: =+IFERROR(VLOOKUP($F37,'[17]서부산(손익)'!$L$16:$R$29,3,),)/1000 -> 0 | L37: =+K37-J37 -> 0 | O37: =+N37-M37 -> 0 | P37: =SUM(G37,J37,M37) -> 13280 | Q37: =SUM(H37,K37,N37) -> 16008 | R37: =+Q37-P37 -> 2728 | S37: =+IFERROR(HLOOKUP($A$1,[15]손익!$G$5:$AB$252,59,),) -> 0 | T37: =+IFERROR(VLOOKUP($F37,'[17]부산크라샤(손익)'!$L$16:$R$29,3,),)/1000 -> 0 | U37: =+T37-S37 -> 0 | V37: =+IFERROR(HLOOKUP($A$1,[15]손익!$G$5:$AB$252,68,),) -> 0 | W37: =+IFERROR(VLOOKUP($F37,'[17]부산크라샤(손익)'!$L$16:$R$29,4,),)/1000 -> 0 | X37: =+W37-V37 -> 0 | Y37: =SUM(S37,V37) -> 0 | Z37: =SUM(T37,W37) -> 0 | AA37: =+Z37-Y37 -> 0 | AB37: =+IFERROR(HLOOKUP($A$1,[16]이송계획!$G$70:$W$100,18,),)+IFERROR(HLOOKUP($A$1,[16]이송계획!$G$70:$W$100,25,),) -> 87692.308 | AC37: =+'[9]부산모래장(당월)'!R78 -> 77440 | AE37: =+P37+Y37+AB37 -> 100972.31 | AF37: =+Q37+Z37+AC37 -> 93448 | AG37: =+AF37-AE37 -> -7524.3077
F38: 정관 | G38: =+IFERROR(HLOOKUP($A$1,[14]손익!$G$5:$AB$252,62,),) -> 0 | H38: =+IFERROR(VLOOKUP($F38,'[17]서부산(손익)'!$L$16:$R$29,4,),)/1000 -> 0 | I38: =+H38-G38 -> 0 | J38: =+IFERROR(HLOOKUP($A$1,[14]손익!$G$5:$AB$252,71,),) -> 0 | K38: =+IFERROR(VLOOKUP($F38,'[17]서부산(손익)'!$L$16:$R$29,3,),)/1000 -> 0 | L38: =+K38-J38 -> 0 | O38: =+N38-M38 -> 0 | P38: =SUM(G38,J38,M38) -> 0 | Q38: =SUM(H38,K38,N38) -> 0 | R38: =+Q38-P38 -> 0 | S38: =+IFERROR(HLOOKUP($A$1,[15]손익!$G$5:$AB$252,60,),) -> 0 | T38: =+IFERROR(VLOOKUP($F38,'[17]부산크라샤(손익)'!$L$16:$R$29,3,),)/1000 -> 0 | U38: =+T38-S38 -> 0 | V38: =+IFERROR(HLOOKUP($A$1,[15]손익!$G$5:$AB$252,69,),) -> 0 | W38: =+IFERROR(VLOOKUP($F38,'[17]부산크라샤(손익)'!$L$16:$R$29,4,),)/1000 -> 0 | X38: =+W38-V38 -> 0 | Y38: =SUM(S38,V38) -> 0 | Z38: =SUM(T38,W38) -> 0 | AA38: =+Z38-Y38 -> 0 | AB38: =+IFERROR(HLOOKUP($A$1,[16]이송계획!$G$70:$W$100,19,),)+IFERROR(HLOOKUP($A$1,[16]이송계획!$G$70:$W$100,26,),) -> 114646.15 | AC38: =+'[9]부산모래장(당월)'!R79 -> 106920 | AE38: =+P38+Y38+AB38 -> 114646.15 | AF38: =+Q38+Z38+AC38 -> 106920 | AG38: =+AF38-AE38 -> -7726.1538
F39: 양산 | G39: =+IFERROR(HLOOKUP($A$1,[14]손익!$G$5:$AB$252,63,),) -> 0 | H39: =+IFERROR(VLOOKUP($F39,'[17]서부산(손익)'!$L$16:$R$29,4,),)/1000 -> 0 | I39: =+H39-G39 -> 0 | J39: =+IFERROR(HLOOKUP($A$1,[14]손익!$G$5:$AB$252,72,),) -> 8228.4384 | K39: =+IFERROR(VLOOKUP($F39,'[17]서부산(손익)'!$L$16:$R$29,3,),)/1000 -> 1008 | L39: =+K39-J39 -> -7220.4384 | O39: =+N39-M39 -> 0 | P39: =SUM(G39,J39,M39) -> 8228.4384 | Q39: =SUM(H39,K39,N39) -> 1008 | R39: =+Q39-P39 -> -7220.4384 | S39: =+IFERROR(HLOOKUP($A$1,[15]손익!$G$5:$AB$252,61,),) -> 0 | T39: =+IFERROR(VLOOKUP($F39,'[17]부산크라샤(손익)'!$L$16:$R$29,3,),)/1000 -> 0 | U39: =+T39-S39 -> 0 | V39: =+IFERROR(HLOOKUP($A$1,[15]손익!$G$5:$AB$252,70,),) -> 0 | W39: =+IFERROR(VLOOKUP($F39,'[17]부산크라샤(손익)'!$L$16:$R$29,4,),)/1000 -> 0 | X39: =+W39-V39 -> 0 | Y39: =SUM(S39,V39) -> 0 | Z39: =SUM(T39,W39) -> 0 | AA39: =+Z39-Y39 -> 0 | AB39: =+IFERROR(HLOOKUP($A$1,[16]이송계획!$G$70:$W$100,20,),)+IFERROR(HLOOKUP($A$1,[16]이송계획!$G$70:$W$100,27,),) -> 40201.731 | AC39: =+'[9]부산모래장(당월)'!R80 -> 0 | AE39: =+P39+Y39+AB39 -> 48430.169 | AF39: =+Q39+Z39+AC39 -> 1008 | AG39: =+AF39-AE39 -> -47422.169
F40: 창원 | G40: =+IFERROR(HLOOKUP($A$1,[14]손익!$G$5:$AB$252,64,),) -> 10056 | H40: =+IFERROR(VLOOKUP($F40,'[17]서부산(손익)'!$L$16:$R$29,4,),)/1000 -> 13248 | I40: =+H40-G40 -> 3192 | J40: =+IFERROR(HLOOKUP($A$1,[14]손익!$G$5:$AB$252,73,),) -> 8712 | K40: =+IFERROR(VLOOKUP($F40,'[17]서부산(손익)'!$L$16:$R$29,3,),)/1000 -> 0 | L40: =+K40-J40 -> -8712 | O40: =+N40-M40 -> 0 | P40: =SUM(G40,J40,M40) -> 18768 | Q40: =SUM(H40,K40,N40) -> 13248 | R40: =+Q40-P40 -> -5520 | S40: =+IFERROR(HLOOKUP($A$1,[15]손익!$G$5:$AB$252,62,),) -> 0 | T40: =+IFERROR(VLOOKUP($F40,'[17]부산크라샤(손익)'!$L$16:$R$29,3,),)/1000 -> 0 | U40: =+T40-S40 -> 0 | V40: =+IFERROR(HLOOKUP($A$1,[15]손익!$G$5:$AB$252,71,),) -> 0 | W40: =+IFERROR(VLOOKUP($F40,'[17]부산크라샤(손익)'!$L$16:$R$29,4,),)/1000 -> 0 | X40: =+W40-V40 -> 0 | Y40: =SUM(S40,V40) -> 0 | Z40: =SUM(T40,W40) -> 0 | AA40: =+Z40-Y40 -> 0 | AB40: =+IFERROR(HLOOKUP($A$1,[16]이송계획!$G$70:$W$100,21,),)+IFERROR(HLOOKUP($A$1,[16]이송계획!$G$70:$W$100,28,),) -> 0 | AE40: =+P40+Y40+AB40 -> 18768 | AF40: =+Q40+Z40+AC40 -> 13248 | AG40: =+AF40-AE40 -> -5520
F41: 계 | G41: =SUM(G35:G40) -> 251304 | H41: =SUM(H35:H40) -> 256966 | I41: =+H41-G41 -> 5662 | J41: =SUM(J35:J40) -> 43671.905 | K41: =SUM(K35:K40) -> 1008 | L41: =+K41-J41 -> -42663.905 | O41: =+N41-M41 -> 0 | P41: =SUM(G41,J41,M41) -> 294975.91 | Q41: =SUM(H41,K41,N41) -> 257974 | R41: =+Q41-P41 -> -37001.905 | S41: =SUM(S35:S40) -> 172944.57 | T41: =SUM(T35:T40) -> 259000 | U41: =+T41-S41 -> 86055.426 | V41: =SUM(V35:V40) -> 220533.44 | W41: =SUM(W35:W40) -> 315490 | X41: =+W41-V41 -> 94956.562 | Y41: =SUM(S41,V41) -> 393478.01 | Z41: =SUM(T41,W41) -> 574490 | AA41: =+Z41-Y41 -> 181011.99 | AB41: =SUM(AB35:AB40) -> 524932.27 | AC41: =SUM(AC35:AC40) -> 466472 | AE41: =+P41+Y41+AB41 -> 1213386.2 | AF41: =+Q41+Z41+AC41 -> 1298936 | AG41: =+AF41-AE41 -> 85549.81
G42: =+G41=G13 -> TRUE | H42: =+H41=H13 -> TRUE | J42: =+J41=J13 -> TRUE | K42: =+K41=K13 -> TRUE | P42: =+P41=P13 -> TRUE | Q42: =+Q41=Q13 -> TRUE | S42: =+S41=S13 -> TRUE | T42: =+T41=T13 -> TRUE | V42: =+V41=V13 -> TRUE | W42: =+W41=W13 -> TRUE | Y42: =+Y41=Y13 -> TRUE | Z42: =+Z41=Z13 -> TRUE | AB42: =+AB41=AB13 -> TRUE | AC42: =+AC41=AC13 -> TRUE | AE42: =+AE41=AE13 -> TRUE | AF42: =+AF41=AF13 -> TRUE

Sheet 골재사업소(누계)
A1: 5월
D4: □ 2024년 골재사업소 손익(2024-05누계)
AG5: [단위 : ㎥, 천원]
D6: 계획 | E6: 구분 | G6: 서부산 쇄석 | J6: 서부산 쇄사 | M6: 혼합석(25mm) | P6: 서부산 소계 | S6: 부산크라샤 쇄석 | V6: 부산크라샤 쇄사 | Y6: 부산크라샤 소계 | AB6: 부산 모래 | AE6: 골재사업소 계
G7: 계획 | H7: 실적 | I7: 차이 | J7: 계획 | K7: 실적 | L7: 차이 | M7: 계획 | N7: 실적 | O7: 차이 | P7: 계획 | Q7: 실적 | R7: 차이 | S7: 계획 | T7: 실적 | U7: 차이 | V7: 계획 | W7: 실적 | X7: 차이 | Y7: 계획 | Z7: 실적 | AA7: 차이 | AB7: 계획 | AC7: 실적 | AD7: 차이 | AE7: 계획 | AF7: 실적 | AG7: 차이
E8: 판매량 | F8: 자가이송 | G8: =+'골재사업소(당월)'!G8+'[4]골재사업소(누계)'!G8 -> 38339.6 | H8: =+'골재사업소(당월)'!H8+'[4]골재사업소(누계)'!H8 -> 71216 | I8: =H8-G8 -> 32876.4 | J8: =+'골재사업소(당월)'!J8+'[4]골재사업소(누계)'!J8 -> 4096.0292 | K8: =+'골재사업소(당월)'!K8+'[4]골재사업소(누계)'!K8 -> 1920 | L8: =K8-J8 -> -2176.0292 | M8: =+'골재사업소(당월)'!M8 -> 0 | N8: =+'골재사업소(당월)'!N8 -> 0 | O8: =N8-M8 -> 0 | P8: =+G8+J8+M8 -> 42435.629 | Q8: =+H8+K8+N8 -> 73136 | R8: =Q8-P8 -> 30700.371 | S8: =+'골재사업소(당월)'!S8+'[4]골재사업소(누계)'!P8 -> 50660.444 | T8: =+'골재사업소(당월)'!T8+'[4]골재사업소(누계)'!Q8 -> 57370 | U8: =T8-S8 -> 6709.5562 | V8: =+'골재사업소(당월)'!V8+'[4]골재사업소(누계)'!S8 -> 46080.634 | W8: =+'골재사업소(당월)'!W8+'[4]골재사업소(누계)'!T8 -> 63287 | X8: =W8-V8 -> 17206.366 | Y8: =+S8+V8 -> 96741.078 | Z8: =+T8+W8 -> 120657 | AA8: =Z8-Y8 -> 23915.922 | AB8: =+'골재사업소(당월)'!AB8+'[4]골재사업소(누계)'!Y8 -> 66247.068 | AC8: =+'골재사업소(당월)'!AC8+'[4]골재사업소(누계)'!Z8 -> 66007 | AD8: =AC8-AB8 -> -240.06809 | AE8: =+P8+Y8+AB8 -> 205423.78 | AF8: =+Q8+Z8+AC8 -> 259800 | AG8: =AF8-AE8 -> 54376.225
F9: % | G9: =+G8/G$12 -> 0.92074852 | H9: =+H8/H$12 -> 0.62681312 | I9: =+H9-G9 -> -0.29393539 | J9: =+J8/J$12 -> 0.36914369 | K9: =+K8/K$12 -> 0.15151515 | L9: =+K9-J9 -> -0.21762854 | M9: =+M8/M$12 -> 0 | N9: =+N8/N$12 -> #DIV/0! | O9: =+N9-M9 -> #DIV/0! | P9: =+P8/P$12 -> 0.56780989 | Q9: =+Q8/Q$12 -> 0.57912074 | R9: =+Q9-P9 -> 0.011310852 | S9: =+S8/S$12 -> 0.62807048 | T9: =+T8/T$12 -> 0.66368201 | U9: =+T9-S9 -> 0.035611524 | V9: =+V8/V$12 -> 0.37746064 | W9: =+W8/W$12 -> 0.66584953 | X9: =+W9-V9 -> 0.28838889 | Y9: =+Y8/Y$12 -> 0.47716565 | Z9: =+Z8/Z$12 -> 0.66481715 | AA9: =+Z9-Y9 -> 0.1876515 | AB9: =+AB8/AB$12 -> 0.64475872 | AC9: =+AC8/AC$12 -> 0.58621823 | AD9: =+AC9-AB9 -> -0.058540492 | AE9: =+AE8/AE$12 -> 0.54027073 | AF9: =+AF8/AF$12 -> 0.61801963 | AG9: =+AF9-AE9 -> 0.077748899
F10: 외부판매 | G10: =+'골재사업소(당월)'!G10+'[4]골재사업소(누계)'!G10 -> 3300 | H10: =+'골재사업소(당월)'!H10+'[4]골재사업소(누계)'!H10 -> 42400 | I10: =H10-G10 -> 39100 | J10: =+'골재사업소(당월)'!J10+'[4]골재사업소(누계)'!J10 -> 7000 | K10: =+'골재사업소(당월)'!K10+'[4]골재사업소(누계)'!K10 -> 10752 | L10: =K10-J10 -> 3752 | M10: =+'골재사업소(당월)'!M10 -> 22000 | N10: =+'골재사업소(당월)'!N10 -> 0 | O10: =N10-M10 -> -22000 | P10: =+G10+J10+M10 -> 32300 | Q10: =+H10+K10+N10 -> 53152 | R10: =Q10-P10 -> 20852 | S10: =+'골재사업소(당월)'!S10+'[4]골재사업소(누계)'!P10 -> 30000 | T10: =+'골재사업소(당월)'!T10+'[4]골재사업소(누계)'!Q10 -> 29072 | U10: =T10-S10 -> -928 | V10: =+'골재사업소(당월)'!V10+'[4]골재사업소(누계)'!S10 -> 76000 | W10: =+'골재사업소(당월)'!W10+'[4]골재사업소(누계)'!T10 -> 31760 | X10: =W10-V10 -> -44240 | Y10: =+S10+V10 -> 106000 | Z10: =+T10+W10 -> 60832 | AA10: =Z10-Y10 -> -45168 | AB10: =+'골재사업소(당월)'!AB10+'[4]골재사업소(누계)'!Y10 -> 36500 | AC10: =+'골재사업소(당월)'!AC10+'[4]골재사업소(누계)'!Z10 -> 46591 | AD10: =AC10-AB10 -> 10091 | AE10: =+P10+Y10+AB10 -> 174800 | AF10: =+Q10+Z10+AC10 -> 160575 | AG10: =AF10-AE10 -> -14225
F11: % | G11: =+G10/G$12 -> 0.079251482 | H11: =+H10/H$12 -> 0.37318688 | I11: =+H11-G11 -> 0.29393539 | J11: =+J10/J$12 -> 0.63085631 | K11: =+K10/K$12 -> 0.84848485 | L11: =+K11-J11 -> 0.21762854 | M11: =+M10/M$12 -> 1 | N11: =+N10/N$12 -> #DIV/0! | O11: =+N11-M11 -> #DIV/0! | P11: =+P10/P$12 -> 0.43219011 | Q11: =+Q10/Q$12 -> 0.42087926 | R11: =+Q11-P11 -> -0.011310852 | S11: =+S10/S$12 -> 0.37192952 | T11: =+T10/T$12 -> 0.33631799 | U11: =+T11-S11 -> -0.035611524 | V11: =+V10/V$12 -> 0.62253936 | W11: =+W10/W$12 -> 0.33415047 | X11: =+W11-V11 -> -0.28838889 | Y11: =+Y10/Y$12 -> 0.52283435 | Z11: =+Z10/Z$12 -> 0.33518285 | AA11: =+Z11-Y11 -> -0.1876515 | AB11: =+AB10/AB$12 -> 0.35524128 | AC11: =+AC10/AC$12 -> 0.41378177 | AD11: =+AC11-AB11 -> 0.058540492 | AE11: =+AE10/AE$12 -> 0.45972927 | AF11: =+AF10/AF$12 -> 0.38198037 | AG11: =+AF11-AE11 -> -0.077748899
F12: (소계) | G12: =G8+G10 -> 41639.6 | H12: =H8+H10 -> 113616 | I12: =H12-G12 -> 71976.4 | J12: =J8+J10 -> 11096.029 | K12: =K8+K10 -> 12672 | L12: =K12-J12 -> 1575.9708 | M12: =M8+M10 -> 22000 | N12: =N8+N10 -> 0 | O12: =N12-M12 -> -22000 | P12: =P8+P10 -> 74735.629 | Q12: =Q8+Q10 -> 126288 | R12: =Q12-P12 -> 51552.371 | S12: =S8+S10 -> 80660.444 | T12: =T8+T10 -> 86442 | U12: =T12-S12 -> 5781.5562 | V12: =V8+V10 -> 122080.63 | W12: =W8+W10 -> 95047 | X12: =W12-V12 -> -27033.634 | Y12: =Y8+Y10 -> 202741.08 | Z12: =Z8+Z10 -> 181489 | AA12: =Z12-Y12 -> -21252.078 | AB12: =AB8+AB10 -> 102747.07 | AC12: =AC8+AC10 -> 112598 | AD12: =AC12-AB12 -> 9850.9319 | AE12: =AE8+AE10 -> 380223.78 | AF12: =AF8+AF10 -> 420375 | AG12: =AF12-AE12 -> 40151.225 | AI12: =+'골재사업소(당월)'!AI12+'[4]골재사업소(누계)'!AF12 -> 380223.78 | AJ12: =+'골재사업소(당월)'!AJ12+'[4]골재사업소(누계)'!AG12 -> 420375
E13: 매출액 | F13: 자가이송 | G13: =+'골재사업소(당월)'!G13+'[4]골재사업소(누계)'!G13 -> 599432 | H13: =+'골재사업소(당월)'!H13+'[4]골재사업소(누계)'!H13 -> 1150896 | I13: =H13-G13 -> 551464 | J13: =+'골재사업소(당월)'!J13+'[4]골재사업소(누계)'!J13 -> 62063.705 | K13: =+'골재사업소(당월)'!K13+'[4]골재사업소(누계)'!K13 -> 18240 | L13: =K13-J13 -> -43823.705 | M13: =+'골재사업소(당월)'!M13 -> 0 | N13: =+'골재사업소(당월)'!N13 -> 0 | O13: =N13-M13 -> 0 | P13: =+G13+J13+M13 -> 661495.71 | Q13: =+H13+K13+N13 -> 1169136 | R13: =Q13-P13 -> 507640.29 | S13: =+'골재사업소(당월)'!S13+'[4]골재사업소(누계)'!P13 -> 810567.1 | T13: =+'골재사업소(당월)'!T13+'[4]골재사업소(누계)'!Q13 -> 1003007 | U13: =T13-S13 -> 192439.9 | V13: =+'골재사업소(당월)'!V13+'[4]골재사업소(누계)'!S13 -> 1016887.6 | W13: =+'골재사업소(당월)'!W13+'[4]골재사업소(누계)'!T13 -> 1406596.5 | X13: =W13-V13 -> 389708.9 | Y13: =+S13+V13 -> 1827454.7 | Z13: =+T13+W13 -> 2409603.5 | AA13: =Z13-Y13 -> 582148.8 | AB13: =+'골재사업소(당월)'!AB13+'[4]골재사업소(누계)'!Y13 -> 1994158.7 | AC13: =+'골재사업소(당월)'!AC13+'[4]골재사업소(누계)'!Z13 -> 1973610.1 | AD13: =AC13-AB13 -> -20548.618 | AE13: =+P13+Y13+AB13 -> 4483109.1 | AF13: =+Q13+Z13+AC13 -> 5552349.6 | AG13: =AF13-AE13 -> 1069240.5 | AI13: =+AI12=AE12 -> TRUE | AJ13: =+AJ12=AF12 -> TRUE
F14: 단가 | G14: =+G13/G8*1000 -> 15634.801 | H14: =+H13/H8*1000 -> 16160.638 | I14: =H14-G14 -> 525.83749 | J14: =+J13/J8*1000 -> 15152.164 | K14: =+K13/K8*1000 -> 9500 | L14: =K14-J14 -> -5652.1636 | M14: =+M13/M8*1000 -> #DIV/0! | N14: =+N13/N8*1000 -> #DIV/0! | O14: =N14-M14 -> #DIV/0! | P14: =+P13/P8*1000 -> 15588.215 | Q14: =+Q13/Q8*1000 -> 15985.78 | R14: =Q14-P14 -> 397.56508 | S14: =+S13/S8*1000 -> 16000 | T14: =+T13/T8*1000 -> 17483.127 | U14: =T14-S14 -> 1483.1271 | V14: =+V13/V8*1000 -> 22067.57 | W14: =+W13/W8*1000 -> 22225.678 | X14: =W14-V14 -> 158.10859 | Y14: =+Y13/Y8*1000 -> 18890.163 | Z14: =+Z13/Z8*1000 -> 19970.69 | AA14: =Z14-Y14 -> 1080.5269 | AB14: =+AB13/AB8*1000 -> 30101.841 | AC14: =+AC13/AC8*1000 -> 29900.012 | AD14: =AC14-AB14 -> -201.82899 | AE14: =+AE13/AE8*1000 -> 21823.711 | AF14: =+AF13/AF8*1000 -> 21371.63 | AG14: =AF14-AE14 -> -452.08061
F15: 외부판매 | G15: =+'골재사업소(당월)'!G15+'[4]골재사업소(누계)'!G15 -> 37950 | H15: =+'골재사업소(당월)'!H15+'[4]골재사업소(누계)'!H15 -> 495456 | I15: =H15-G15 -> 457506 | J15: =+'골재사업소(당월)'!J15+'[4]골재사업소(누계)'!J15 -> 105000 | K15: =+'골재사업소(당월)'!K15+'[4]골재사업소(누계)'!K15 -> 89600 | L15: =K15-J15 -> -15400 | M15: =+'골재사업소(당월)'!M15 -> 198000 | N15: =+'골재사업소(당월)'!N15 -> 0 | O15: =N15-M15 -> -198000 | P15: =+G15+J15+M15 -> 340950 | Q15: =+H15+K15+N15 -> 585056 | R15: =Q15-P15 -> 244106 | S15: =+'골재사업소(당월)'!S15+'[4]골재사업소(누계)'!P15 -> 360000 | T15: =+'골재사업소(당월)'!T15+'[4]골재사업소(누계)'!Q15 -> 377936 | U15: =T15-S15 -> 17936 | V15: =+'골재사업소(당월)'!V15+'[4]골재사업소(누계)'!S15 -> 1444000 | W15: =+'골재사업소(당월)'!W15+'[4]골재사업소(누계)'!T15 -> 577440 | X15: =W15-V15 -> -866560 | Y15: =+S15+V15 -> 1804000 | Z15: =+T15+W15 -> 955376 | AA15: =Z15-Y15 -> -848624 | AB15: =+'골재사업소(당월)'!AB15+'[4]골재사업소(누계)'!Y15 -> 1118250 | AC15: =+'골재사업소(당월)'!AC15+'[4]골재사업소(누계)'!Z15 -> 1411426 | AD15: =AC15-AB15 -> 293176 | AE15: =+P15+Y15+AB15 -> 3263200 | AF15: =+Q15+Z15+AC15 -> 2951858 | AG15: =AF15-AE15 -> -311342
F16: 단가 | G16: =IFERROR(G15/G10,)*1000 -> 11500 | H16: =IFERROR(H15/H10,)*1000 -> 11685.283 | I16: =H16-G16 -> 185.28302 | J16: =IFERROR(J15/J10,)*1000 -> 15000 | K16: =IFERROR(K15/K10,)*1000 -> 8333.3333 | L16: =K16-J16 -> -6666.6667 | M16: =IFERROR(M15/M10,)*1000 -> 9000 | N16: =IFERROR(N15/N10,)*1000 -> 0 | O16: =N16-M16 -> -9000 | P16: =IFERROR(P15/P10,)*1000 -> 10555.728 | Q16: =IFERROR(Q15/Q10,)*1000 -> 11007.225 | R16: =Q16-P16 -> 451.49701 | S16: =IFERROR(S15/S10,)*1000 -> 12000 | T16: =IFERROR(T15/T10,)*1000 -> 13000 | U16: =T16-S16 -> 1000 | V16: =IFERROR(V15/V10,)*1000 -> 19000 | W16: =IFERROR(W15/W10,)*1000 -> 18181.36 | X16: =W16-V16 -> -818.6398 | Y16: =IFERROR(Y15/Y10,)*1000 -> 17018.868 | Z16: =IFERROR(Z15/Z10,)*1000 -> 15705.155 | AA16: =Z16-Y16 -> -1313.7127 | AB16: =IFERROR(AB15/AB10,)*1000 -> 30636.986 | AC16: =IFERROR(AC15/AC10,)*1000 -> 30293.962 | AD16: =AC16-AB16 -> -343.02395 | AE16: =IFERROR(AE15/AE10,)*1000 -> 18668.192 | AF16: =IFERROR(AF15/AF10,)*1000 -> 18383.048 | AG16: =AF16-AE16 -> -285.1438
F17: (소계) | G17: =G13+G15 -> 637382 | H17: =H13+H15 -> 1646352 | I17: =H17-G17 -> 1008970 | J17: =J13+J15 -> 167063.71 | K17: =K13+K15 -> 107840 | L17: =K17-J17 -> -59223.705 | M17: =M13+M15 -> 198000 | N17: =N13+N15 -> 0 | O17: =N17-M17 -> -198000 | P17: =P13+P15 -> 1002445.7 | Q17: =Q13+Q15 -> 1754192 | R17: =Q17-P17 -> 751746.29 | S17: =S13+S15 -> 1170567.1 | T17: =T13+T15 -> 1380943 | U17: =T17-S17 -> 210375.9 | V17: =V13+V15 -> 2460887.6 | W17: =W13+W15 -> 1984036.5 | X17: =W17-V17 -> -476851.1 | Y17: =Y13+Y15 -> 3631454.7 | Z17: =Z13+Z15 -> 3364979.5 | AA17: =Z17-Y17 -> -266475.2 | AB17: =AB13+AB15 -> 3112408.7 | AC17: =AC13+AC15 -> 3385036.1 | AD17: =AC17-AB17 -> 272627.38 | AE17: =AE13+AE15 -> 7746309.1 | AF17: =AF13+AF15 -> 8504207.6 | AG17: =AF17-AE17 -> 757898.48 | AI17: =+'골재사업소(당월)'!AI17+'[4]골재사업소(누계)'!AF17 -> 7746309.1 | AJ17: =+'골재사업소(당월)'!AJ17+'[4]골재사업소(누계)'!AG17 -> 8504207.6
E18: 영업이익 | F18: 자가이송 | G18: =+'골재사업소(당월)'!G18+'[4]골재사업소(누계)'!G18 -> 28411.223 | H18: =+'골재사업소(당월)'!H18+'[4]골재사업소(누계)'!H18 -> 240977.04 | I18: =H18-G18 -> 212565.82 | J18: =+'골재사업소(당월)'!J18+'[4]골재사업소(누계)'!J18 -> 20505.505 | K18: =+'골재사업소(당월)'!K18+'[4]골재사업소(누계)'!K18 -> 8860.8583 | L18: =K18-J18 -> -11644.647 | M18: =+'골재사업소(당월)'!M18 -> 0 | N18: =+'골재사업소(당월)'!N18 -> 0 | O18: =N18-M18 -> 0 | P18: =+G18+J18+M18 -> 48916.728 | Q18: =+H18+K18+N18 -> 249837.9 | R18: =Q18-P18 -> 200921.17 | S18: =+'골재사업소(당월)'!S18+'[4]골재사업소(누계)'!P18 -> -81823.046 | T18: =+'골재사업소(당월)'!T18+'[4]골재사업소(누계)'!Q18 -> 18919.832 | U18: =T18-S18 -> 100742.88 | V18: =+'골재사업소(당월)'!V18+'[4]골재사업소(누계)'!S18 -> 198859.92 | W18: =+'골재사업소(당월)'!W18+'[4]골재사업소(누계)'!T18 -> 321094.71 | X18: =W18-V18 -> 122234.79 | Y18: =+S18+V18 -> 117036.87 | Z18: =+T18+W18 -> 340014.54 | AA18: =Z18-Y18 -> 222977.67 | AB18: =+'골재사업소(당월)'!AB18+'[4]골재사업소(누계)'!Y18 -> 106035.16 | AC18: =+'골재사업소(당월)'!AC18+'[4]골재사업소(누계)'!Z18 -> 191171.62 | AD18: =AC18-AB18 -> 85136.463 | AE18: =+P18+Y18+AB18 -> 271988.76 | AF18: =+Q18+Z18+AC18 -> 781024.06 | AG18: =AF18-AE18 -> 509035.3 | AI18: =+AI17=AE17 -> FALSE | AJ18: =+AJ17=AF17 -> TRUE
F19: 외부판매 | G19: =+'골재사업소(당월)'!G19+'[4]골재사업소(누계)'!G19 -> 2860.7901 | H19: =+'골재사업소(당월)'!H19+'[4]골재사업소(누계)'!H19 -> -36293.821 | I19: =H19-G19 -> -39154.611 | J19: =+'골재사업소(당월)'!J19+'[4]골재사업소(누계)'!J19 -> 30170.785 | K19: =+'골재사업소(당월)'!K19+'[4]골재사업소(누계)'!K19 -> 33050.571 | L19: =K19-J19 -> 2879.7862 | M19: =+'골재사업소(당월)'!M19 -> 33164.41 | N19: =+'골재사업소(당월)'!N19 -> 0 | O19: =N19-M19 -> -33164.41 | P19: =+G19+J19+M19 -> 66195.986 | Q19: =+H19+K19+N19 -> -3243.2491 | R19: =Q19-P19 -> -69439.235 | S19: =+'골재사업소(당월)'!S19+'[4]골재사업소(누계)'!P19 -> -166568.95 | T19: =+'골재사업소(당월)'!T19+'[4]골재사업소(누계)'!Q19 -> -116553.41 | U19: =T19-S19 -> 50015.54 | V19: =+'골재사업소(당월)'!V19+'[4]골재사업소(누계)'!S19 -> 97842.397 | W19: =+'골재사업소(당월)'!W19+'[4]골재사업소(누계)'!T19 -> 37221.358 | X19: =W19-V19 -> -60621.039 | Y19: =+S19+V19 -> -68726.556 | Z19: =+T19+W19 -> -79332.054 | AA19: =Z19-Y19 -> -10605.499 | AB19: =+'골재사업소(당월)'!AB19+'[4]골재사업소(누계)'!Y19 -> 61691.789 | AC19: =+'골재사업소(당월)'!AC19+'[4]골재사업소(누계)'!Z19 -> 46128.457 | AD19: =AC19-AB19 -> -15563.332 | AE19: =+P19+Y19+AB19 -> 59161.219 | AF19: =+Q19+Z19+AC19 -> -36446.846 | AG19: =AF19-AE19 -> -95608.066
F20: (소계) | G20: =G18+G19 -> 31272.013 | H20: =H18+H19 -> 204683.22 | I20: =H20-G20 -> 173411.21 | J20: =J18+J19 -> 50676.29 | K20: =K18+K19 -> 41911.43 | L20: =K20-J20 -> -8764.8606 | M20: =M18+M19 -> 33164.41 | N20: =N18+N19 -> 0 | O20: =N20-M20 -> -33164.41 | P20: =P18+P19 -> 115112.71 | Q20: =Q18+Q19 -> 246594.65 | R20: =Q20-P20 -> 131481.93 | S20: =S18+S19 -> -248392 | T20: =T18+T19 -> -97633.58 | U20: =T20-S20 -> 150758.42 | V20: =V18+V19 -> 296702.31 | W20: =W18+W19 -> 358316.07 | X20: =W20-V20 -> 61613.755 | Y20: =Y18+Y19 -> 48310.315 | Z20: =Z18+Z19 -> 260682.49 | AA20: =Z20-Y20 -> 212372.17 | AB20: =AB18+AB19 -> 167726.95 | AC20: =AC18+AC19 -> 237300.08 | AD20: =AC20-AB20 -> 69573.13 | AE20: =AE18+AE19 -> 331149.98 | AF20: =AF18+AF19 -> 744577.22 | AG20: =AF20-AE20 -> 413427.24 | AI20: =+'골재사업소(당월)'!AI20+'[4]골재사업소(누계)'!AF20 -> 331149.98 | AJ20: =+'골재사업소(당월)'!AJ20+'[4]골재사업소(누계)'!AG20 -> 744577.22
E21: 자가이송 | F21: 부산 | G21: =+'골재사업소(당월)'!G21+'[4]골재사업소(누계)'!G21 -> 0 | H21: =+'골재사업소(당월)'!H21+'[4]골재사업소(누계)'!H21 -> 4112 | I21: =H21-G21 -> 4112 | J21: =+'골재사업소(당월)'!J21+'[4]골재사업소(누계)'!J21 -> 0 | K21: =+'골재사업소(당월)'!K21+'[4]골재사업소(누계)'!K21 -> 0 | L21: =K21-J21 -> 0 | M21: =+'골재사업소(당월)'!M21 -> 0 | N21: =+'골재사업소(당월)'!N21 -> 0 | O21: =N21-M21 -> 0 | P21: =+G21+J21+M21 -> 0 | Q21: =+H21+K21+N21 -> 4112 | R21: =Q21-P21 -> 4112 | S21: =+'골재사업소(당월)'!S21+'[4]골재사업소(누계)'!P21 -> 50660.444 | T21: =+'골재사업소(당월)'!T21+'[4]골재사업소(누계)'!Q21 -> 57194 | U21: =T21-S21 -> 6533.5562 | V21: =+'골재사업소(당월)'!V21+'[4]골재사업소(누계)'!S21 -> 35338.889 | W21: =+'골재사업소(당월)'!W21+'[4]골재사업소(누계)'!T21 -> 40903 | X21: =W21-V21 -> 5564.1112 | Y21: =+S21+V21 -> 85999.333 | Z21: =+T21+W21 -> 98097 | AA21: =Z21-Y21 -> 12097.667 | AB21: =+'골재사업소(당월)'!AB21+'[4]골재사업소(누계)'!Y21 -> 19943.026 | AC21: =+'골재사업소(당월)'!AC21+'[4]골재사업소(누계)'!Z21 -> 24023 | AD21: =AC21-AB21 -> 4079.9739 | AE21: =+P21+Y21+AB21 -> 105942.36 | AF21: =+Q21+Z21+AC21 -> 126232 | AG21: =AF21-AE21 -> 20289.641 | AI21: =+AI20=AE20 -> TRUE | AJ21: =+AJ20=AF20 -> FALSE
