Workbook

Sheet 표지
A6: 2024년 9월 마감 손익
A24: 건재사업본부

Sheet 손익총괄
C3: □ 건재사업본부 손익실적(2024-09) | Z3: □ 건재부문 실적(9월)
X4: [단위 : 천㎥, 톤, 원/㎥, 원/톤, 백만원] | AK4: (단위 : 천㎥, 천톤, 억원)
C5: 구분 | E5: 9월 | J5: 9월 누계 | P5: 9월 주요지표 | Z5: 구분 | AB5: =+E5 -> 9월 | AG5: =+J5 -> 9월 누계
E6: 계획 | F6: 실적 | G6: 계획대비 | H6: 전년 | I6: 전년대비 | J6: 계획 | K6: 실적 | L6: 계획대비 | M6: 전년 | N6: 전년대비 | AB6: =+E6 -> 계획 | AC6: =+F6 -> 실적 | AD6: =+G6 -> 계획대비 | AE6: =+H6 -> 전년 | AF6: =+I6 -> 전년대비 | AG6: =+J6 -> 계획 | AH6: =+K6 -> 실적 | AI6: =+L6 -> 계획대비 | ... AK6: =+N6 -> 전년대비
A7: =+F7/E7 -> 0.81900971 | B7: =+K7/J7 -> 0.99106937 | C7: 물량 | D7: 레미콘 | E7: =+'[1]9월'!$Z$7/1000 -> 288.5 | F7: =+'[2]9월'!$Z$7/1000 -> 236.2843 | G7: =+F7-E7 -> -52.2157 | H7: =+'[3]9월'!$Z$7/1000 -> 315.1905 | I7: =+F7-H7 -> -78.9062 | J7: =+[4]손익총괄!J7+E7 -> 2551.5 | K7: =+[4]손익총괄!K7+F7 -> 2528.7135 | L7: =+K7-J7 -> -22.7865 | M7: =+[4]손익총괄!M7+H7 -> 2850.005 | N7: =+K7-M7 -> -321.2915 | Q7: □ 레미콘 | Z7: 물량 | AA7: =+D7 -> 레미콘 | AB7: =+E7 -> 288.5 | AC7: =+F7 -> 236.2843 | AD7: =+AC7-AB7 -> -52.2157 | AE7: =+H7 -> 315.1905 | AF7: =+AC7-AE7 -> -78.9062 | AG7: =+J7 -> 2551.5 | AH7: =+K7 -> 2528.7135 | AI7: =+AH7-AG7 -> -22.7865 | AJ7: =+M7 -> 2850.005 | AK7: =+AH7-AJ7 -> -321.2915
D8: 철강재 | E8: =+'[1]9월'!$AA$7 -> 6500 | F8: =+'[2]9월'!$AO$7 -> 7354.628 | G8: =+F8-E8 -> 854.628 | H8: =+'[3]9월'!$AO$7 -> 6990.503 | I8: =+F8-H8 -> 364.125 | J8: =+[4]손익총괄!J8+E8 -> 63300 | K8: =+[4]손익총괄!K8+F8 -> 77967.344 | L8: =+K8-J8 -> 14667.344 | M8: =+[4]손익총괄!M8+H8 -> 69555.719 | N8: =+K8-M8 -> 8411.625 | Q8: 구분 | S8: 계획 | T8: 실적 | U8: 계획대비 | V8: 전년 | W8: 전년대비 | AA8: =+D8 -> 철강재 | AB8: =+E8/1000 -> 6.5 | AC8: =+F8/1000 -> 7.354628 | AD8: =+AC8-AB8 -> 0.854628 | AE8: =+H8/1000 -> 6.990503 | AF8: =+AC8-AE8 -> 0.364125 | AG8: =+J8/1000 -> 63.3 | AH8: =+K8/1000 -> 77.967344 | AI8: =+AH8-AG8 -> 14.667344 | AJ8: =+M8/1000 -> 69.555719 | AK8: =+AH8-AJ8 -> 8.411625
D9: 골재 | E9: =+'[1]9월'!$AE$7/1000 -> 114.29774 | F9: =+'[2]9월'!$AN$7/1000 -> 46.951 | G9: =+F9-E9 -> -67.346735 | H9: =+'[3]9월'!$AN$7/1000 -> 81.909 | I9: =+F9-H9 -> -34.958 | J9: =+[4]손익총괄!J9+E9 -> 856.28675 | K9: =+[4]손익총괄!K9+F9 -> 654.215 | L9: =+K9-J9 -> -202.07175 | M9: =+[4]손익총괄!M9+H9 -> 573.882 | N9: =+K9-M9 -> 80.333 | Q9: 물량 | R9: 수도권 | S9: =+[5]수도권!$T$5/1000 -> 114.5 | T9: =+[5]수도권!$U$5/1000 -> 75.6348 | U9: =+T9-S9 -> -38.8652 | V9: =+[6]수도권!$T$5/1000 -> 129.8285 | W9: =+T9-V9 -> -54.1937 | AA9: =+D9 -> 골재 | AB9: =+E9 -> 114.29774 | AC9: =+F9 -> 46.951 | AD9: =+AC9-AB9 -> -67.346735 | AE9: =+H9 -> 81.909 | AF9: =+AC9-AE9 -> -34.958 | AG9: =+J9 -> 856.28675 | AH9: =+K9 -> 654.215 | AI9: =+AH9-AG9 -> -202.07175 | AJ9: =+M9 -> 573.882 | AK9: =+AH9-AJ9 -> 80.333
C10: 매출 | D10: 레미콘 | E10: =+'[1]9월'!$Z$8/1000 -> 29542.81 | F10: =+'[2]9월'!$Z$8/1000 -> 23619.373 | G10: =+F10-E10 -> -5923.4376 | H10: =+'[3]9월'!$Z$8/1000 -> 31031.49 | I10: =+F10-H10 -> -7412.1175 | J10: =+[4]손익총괄!J10+E10 -> 259775.29 | K10: =+[4]손익총괄!K10+F10 -> 255794.31 | L10: =+K10-J10 -> -3980.9846 | M10: =+[4]손익총괄!M10+H10 -> 275039.41 | N10: =+K10-M10 -> -19245.105 | R10: 영남권 | S10: =+[5]영남권!$T$5/1000 -> 120 | T10: =+[5]영남권!$U$5/1000 -> 111.844 | U10: =+T10-S10 -> -8.156 | V10: =+[6]영남권!$T$5/1000 -> 132.887 | W10: =+T10-V10 -> -21.043 | Z10: 매출액 | AA10: =+D10 -> 레미콘 | AB10: =+E10/100 -> 295.4281 | AC10: =+F10/100 -> 236.19373 | AD10: =+AC10-AB10 -> -59.234376 | AE10: =+H10/100 -> 310.3149 | AF10: =+AC10-AE10 -> -74.121175 | AG10: =+J10/100 -> 2597.7529 | AH10: =+K10/100 -> 2557.9431 | AI10: =+AH10-AG10 -> -39.809846 | AJ10: =+M10/100 -> 2750.3941 | AK10: =+AH10-AJ10 -> -192.45105
D11: 건자재 | E11: =+'[1]9월'!$AA$8/1000 -> 7946.92 | F11: =+'[2]9월'!$AO$8/1000 -> 7720.8259 | G11: =+F11-E11 -> -226.09414 | H11: =+'[3]9월'!$AO$8/1000 -> 9395.2205 | I11: =+F11-H11 -> -1674.3947 | J11: =+[4]손익총괄!J11+E11 -> 77413.543 | K11: =+[4]손익총괄!K11+F11 -> 77932.391 | L11: =+K11-J11 -> 518.8479 | M11: =+[4]손익총괄!M11+H11 -> 85026.684 | N11: =+K11-M11 -> -7094.2927 | R11: 중부권 | S11: =+[5]중부권!$T$5/1000 -> 54 | T11: =+[5]중부권!$U$5/1000 -> 48.8055 | U11: =+T11-S11 -> -5.1945 | V11: =+[6]중부권!$T$5/1000 -> 52.475 | W11: =+T11-V11 -> -3.6695 | AA11: =+D11 -> 건자재 | AB11: =+E11/100 -> 79.4692 | AC11: =+F11/100 -> 77.208259 | AD11: =+AC11-AB11 -> -2.2609414 | AE11: =+H11/100 -> 93.952205 | AF11: =+AC11-AE11 -> -16.743947 | AG11: =+J11/100 -> 774.13543 | AH11: =+K11/100 -> 779.32391 | AI11: =+AH11-AG11 -> 5.188479 | AJ11: =+M11/100 -> 850.26684 | AK11: =+AH11-AJ11 -> -70.942927
D12: 골재 | E12: =+'[1]9월'!$AE$8/1000 -> 2060.2702 | F12: =+'[2]9월'!$AN$8/1000 -> 885.7455 | G12: =+F12-E12 -> -1174.5247 | H12: =+'[3]9월'!$AN$8/1000 -> 1574.946 | I12: =+F12-H12 -> -689.2005 | J12: =+[4]손익총괄!J12+E12 -> 16342.766 | K12: =+[4]손익총괄!K12+F12 -> 13129.786 | L12: =+K12-J12 -> -3212.9805 | M12: =+[4]손익총괄!M12+H12 -> 11005.93 | N12: =+K12-M12 -> 2123.8557 | Q12: 계 | S12: =SUM(S9:S11) -> 288.5 | T12: =SUM(T9:T11) -> 236.2843 | U12: =+T12-S12 -> -52.2157 | V12: =SUM(V9:V11) -> 315.1905 | W12: =+T12-V12 -> -78.9062 | AA12: =+D12 -> 골재 | AB12: =+E12/100 -> 20.602702 | AC12: =+F12/100 -> 8.857455 | AD12: =+AC12-AB12 -> -11.745247 | AE12: =+H12/100 -> 15.74946 | AF12: =+AC12-AE12 -> -6.892005 | AG12: =+J12/100 -> 163.42766 | AH12: =+K12/100 -> 131.29786 | AI12: =+AH12-AG12 -> -32.129805 | AJ12: =+M12/100 -> 110.0593 | AK12: =+AH12-AJ12 -> 21.238557
D13: 기타 | E13: =+'[1]9월'!$E$8/1000-E10-E11-E12 -> 165.5075 | F13: =+'[2]9월'!$F$8/1000-F10-F11-F12 -> 165.97438 | G13: =+F13-E13 -> 0.46688067 | H13: =+'[3]9월'!$F$8/1000-H10-H11-H12 -> 185.37696 | I13: =+F13-H13 -> -19.402583 | J13: =+[4]손익총괄!J13+E13 -> 1484.7675 | K13: =+[4]손익총괄!K13+F13 -> 1489.8753 | L13: =+K13-J13 -> 5.107838 | M13: =+[4]손익총괄!M13+H13 -> 1769.7096 | N13: =+K13-M13 -> -279.83427 | Q13: 판매단가 | R13: 수도권 | S13: =+[5]수도권!$T$61 -> 100857.87 | T13: =+[5]수도권!$U$61 -> 97749.491 | U13: =+T13-S13 -> -3108.3753 | V13: =+[6]수도권!$Q$85 -> 96078.533 | W13: =+T13-V13 -> 1670.9581 | AA13: =+D13 -> 기타 | AB13: =+E13/100 -> 1.655075 | AC13: =+F13/100 -> 1.6597438 | AD13: =+AC13-AB13 -> 0.0046688067 | AE13: =+H13/100 -> 1.8537696 | AF13: =+AC13-AE13 -> -0.19402583 | AG13: =+J13/100 -> 14.847675 | AH13: =+K13/100 -> 14.898753 | AI13: =+AH13-AG13 -> 0.05107838 | AJ13: =+M13/100 -> 17.697096 | AK13: =+AH13-AJ13 -> -2.7983427
A14: =+F14/E14 -> 0.81559874 | B14: =+K14/J14 -> 0.98121211 | C14: 계 | E14: =SUM(E10:E13) -> 39715.508 | F14: =SUM(F10:F13) -> 32391.918 | G14: =+F14-E14 -> -7323.5895 | H14: =SUM(H10:H13) -> 42187.034 | I14: =+F14-H14 -> -9795.1153 | J14: =SUM(J10:J13) -> 355016.37 | K14: =SUM(K10:K13) -> 348346.36 | L14: =+K14-J14 -> -6670.0094 | M14: =SUM(M10:M13) -> 372841.74 | N14: =+K14-M14 -> -24495.376 | R14: 영남권 | S14: =+[5]영남권!$T$61 -> 102384.24 | T14: =+[5]영남권!$U$61 -> 99624.762 | U14: =+T14-S14 -> -2759.4818 | V14: =+[6]영남권!$Q$85 -> 99478.73 | W14: =+T14-V14 -> 146.03201 | AA14: 계 | AB14: =SUM(AB10:AB13) -> 397.15508 | AC14: =SUM(AC10:AC13) -> 323.91918 | AD14: =+AC14-AB14 -> -73.235895 | AE14: =SUM(AE10:AE13) -> 421.87034 | AF14: =+AC14-AE14 -> -97.951153 | AG14: =SUM(AG10:AG13) -> 3550.1637 | AH14: =SUM(AH10:AH13) -> 3483.4636 | AI14: =+AH14-AG14 -> -66.700094 | AJ14: =SUM(AJ10:AJ13) -> 3728.4174 | AK14: =+AH14-AJ14 -> -244.95376
C15: 매출원가 | D15: 레미콘 | E15: =+('[1]9월'!$Z$10+'[1]9월'!$Z$19)/1000 -> 24354.331 | F15: =+('[2]9월'!$Z$10+'[2]9월'!$Z$19)/1000 -> 21000.008 | G15: =+F15-E15 -> -3354.3223 | H15: =+('[3]9월'!$Z$10+'[3]9월'!$Z$19)/1000 -> 26312.29 | I15: =+F15-H15 -> -5312.2815 | J15: =+[4]손익총괄!J15+E15 -> 217045.15 | K15: =+[4]손익총괄!K15+F15 -> 221505 | L15: =+K15-J15 -> 4459.8443 | M15: =+[4]손익총괄!M15+H15 -> 227018.01 | N15: =+K15-M15 -> -5513.011 | R15: 중부권 | S15: =+[5]중부권!$T$61 -> 105712.51 | T15: =+[5]중부권!$U$61 -> 104305.46 | U15: =+T15-S15 -> -1407.0476 | V15: =+[6]중부권!$Q$85 -> 101710.77 | W15: =+T15-V15 -> 2594.6916 | Z15: 영업이익 | AA15: =+D30 -> 레미콘 | AB15: =+E30/100 -> 44.5541 | AC15: =+F30/100 -> 17.327354 | AD15: =+AC15-AB15 -> -27.226747 | AE15: =+H30/100 -> 38.397991 | AF15: =+AC15-AE15 -> -21.070637 | AG15: =+J30/100 -> 367.54774 | AH15: =+K30/100 -> 281.31865 | AI15: =+AH15-AG15 -> -86.229083 | AJ15: =+M30/100 -> 419.59065 | AK15: =+AH15-AJ15 -> -138.27199
D16: 건자재 | E16: =+('[1]9월'!$AA$10+'[1]9월'!$AA$19)/1000 -> 7743.493 | F16: =+('[2]9월'!$AO$10+'[2]9월'!$AO$19)/1000 -> 7575.1952 | G16: =+F16-E16 -> -168.29778 | H16: =+('[3]9월'!$AO$10+'[3]9월'!$AO$19)/1000 -> 9237.9614 | I16: =+F16-H16 -> -1662.7662 | J16: =+[4]손익총괄!J16+E16 -> 75433.104 | K16: =+[4]손익총괄!K16+F16 -> 76231.984 | L16: =+K16-J16 -> 798.87993 | M16: =+[4]손익총괄!M16+H16 -> 83260.913 | N16: =+K16-M16 -> -7028.9291 | Q16: 계 | S16: =+[5]합계!$T$61 -> 102401.42 | T16: =+[5]합계!$U$61 -> 99989.728 | U16: =+T16-S16 -> -2411.6936 | V16: =+[6]합계!$Q$85 -> 98458.403 | W16: =+T16-V16 -> 1531.3252 | AA16: =+D31 -> % | AB16: =+E31 -> 0.15081199 | AC16: =+F31 -> 0.073360771 | AD16: =+AC16-AB16 -> -0.07745122 | AE16: =+H31 -> 0.12373879 | AF16: =+AC16-AE16 -> -0.050378021 | AG16: =+J31 -> 0.14148679 | AH16: =+K31 -> 0.10997846 | AI16: =+AH16-AG16 -> -0.03150833 | AJ16: =+M31 -> 0.15255655 | AK16: =+AH16-AJ16 -> -0.042578087
D17: 골재 | E17: =+('[1]9월'!$AE$10+'[1]9월'!$AE$19)/1000 -> 1882.0209 | F17: =+('[2]9월'!$AN$10+'[2]9월'!$AN$19)/1000 -> 1111.2439 | G17: =+F17-E17 -> -770.77697 | H17: =+('[3]9월'!$AN$10+'[3]9월'!$AN$19)/1000 -> 1410.8989 | I17: =+F17-H17 -> -299.65496 | J17: =+[4]손익총괄!J17+E17 -> 14616.921 | K17: =+[4]손익총괄!K17+F17 -> 12454.683 | L17: =+K17-J17 -> -2162.2383 | M17: =+[4]손익총괄!M17+H17 -> 10102.539 | N17: =+K17-M17 -> 2352.1444 | Q17: 공헌이익 | R17: 수도권 | S17: =+[5]수도권!$Q$90 -> 22962.077 | T17: =+[5]수도권!$R$90 -> 18269.6 | U17: =+T17-S17 -> -4692.4774 | V17: =+[6]수도권!$Q$90 -> 21001.054 | W17: =+T17-V17 -> -2731.4542 | AA17: =+D32 -> 건자재 | AB17: =+E32/100 -> 0.60891698 | AC17: =+F32/100 -> -0.15579202 | AD17: =+AC17-AB17 -> -0.764709 | AE17: =+H32/100 -> -0.01565119 | AF17: =+AC17-AE17 -> -0.14014083 | AG17: =+J32/100 -> 8.3987082 | AH17: =+K32/100 -> 4.3949837 | AI17: =+AH17-AG17 -> -4.0037245 | AJ17: =+M32/100 -> 6.8476885 | AK17: =+AH17-AJ17 -> -2.4527048
D18: 기타 | E18: =+('[1]9월'!$E$10+'[1]9월'!$E$19)/1000-E15-E16-E17 -> 49.502087 | F18: =+('[2]9월'!$F$10+'[2]9월'!$F$19)/1000-F15-F16-F17 -> -238.70688 | G18: =+F18-E18 -> -288.20897 | H18: =+('[3]9월'!$F$10+'[3]9월'!$F$19)/1000-H15-H16-H17 -> 70.270941 | I18: =+F18-H18 -> -308.97783 | J18: =+[4]손익총괄!J18+E18 -> -800.57411 | K18: =+[4]손익총괄!K18+F18 -> -109.09169 | L18: =+K18-J18 -> 691.48242 | M18: =+[4]손익총괄!M18+H18 -> 528.23183 | N18: =+K18-M18 -> -637.32352 | R18: 영남권 | S18: =+[5]영남권!$Q$90 -> 27391.945 | T18: =+[5]영남권!$R$90 -> 22140.925 | U18: =+T18-S18 -> -5251.0201 | V18: =+[6]영남권!$Q$90 -> 22761.378 | W18: =+T18-V18 -> -620.45339 | AA18: =+D33 -> 골재 | AB18: =+E33/100 -> 1.3976456 | AC18: =+F33/100 -> -3.129805 | AD18: =+AC18-AB18 -> -4.5274506 | AE18: =+H33/100 -> 1.5089158 | AF18: =+AC18-AE18 -> -4.6387208 | AG18: =+J33/100 -> 12.139154 | AH18: =+K33/100 -> 1.459626 | AI18: =+AH18-AG18 -> -10.679528 | AJ18: =+M33/100 -> 6.2177408 | AK18: =+AH18-AJ18 -> -4.7581148
C19: 계 | E19: =SUM(E15:E18) -> 34029.347 | F19: =SUM(F15:F18) -> 29447.741 | G19: =+F19-E19 -> -4581.606 | H19: =SUM(H15:H18) -> 37031.421 | I19: =+F19-H19 -> -7583.6805 | J19: =SUM(J15:J18) -> 306294.6 | K19: =SUM(K15:K18) -> 310082.57 | L19: =+K19-J19 -> 3787.9683 | M19: =SUM(M15:M18) -> 320909.69 | N19: =+K19-M19 -> -10827.119 | R19: 중부권 | S19: =+[5]중부권!$Q$90 -> 29279.352 | T19: =+[5]중부권!$R$90 -> 29079.27 | U19: =+T19-S19 -> -200.08169 | V19: =+[6]중부권!$Q$90 -> 27401.312 | W19: =+T19-V19 -> 1677.9584 | AA19: 공통비 | AB19: =+'사업장별(당월)'!T35/100 -> -11.572821 | AC19: =+'사업장별(당월)'!U35/100 -> -13.686461 | AD19: =+AC19-AB19 -> -2.1136396 | AE19: =+'사업장별(당월)'!W35/100 -> -12.173342 | AF19: =+AC19-AE19 -> -1.5131189 | AG19: =+'사업장별(누계)'!T35/100 -> -125.58532 | AH19: =+'사업장별(누계)'!U35/100 -> -128.91839 | AI19: =+AH19-AG19 -> -3.3330625 | AJ19: =+'사업장별(누계)'!W35/100 -> -105.12685 | AK19: =+AH19-AJ19 -> -23.791541
C20: 매출이익 | D20: 레미콘 | E20: =+E10-E15 -> 5188.4795 | F20: =+F10-F15 -> 2619.3642 | G20: =+F20-E20 -> -2569.1153 | H20: =+H10-H15 -> 4719.2002 | I20: =+F20-H20 -> -2099.836 | J20: =+J10-J15 -> 42730.141 | K20: =+K10-K15 -> 34289.312 | L20: =+K20-J20 -> -8440.8289 | M20: =+M10-M15 -> 48021.406 | N20: =+K20-M20 -> -13732.094 | Q20: 계 | S20: =+[5]합계!$Q$90 -> 25987.093 | T20: =+[5]합계!$R$90 -> 22332.224 | U20: =+T20-S20 -> -3654.8687 | V20: =+[6]합계!$Q$90 -> 22815.466 | W20: =+T20-V20 -> -483.24211 | AA20: =+'사업장별(누계)'!I34 -> 임대 | AB20: =+('사업장별(당월)'!T33+'사업장별(당월)'!T34)/100 -> 1.5064324 | AC20: =+('사업장별(당월)'!U33+'사업장별(당월)'!U34)/100 -> 1.5179422 | AD20: =+AC20-AB20 -> 0.011509737 | AE20: =+('사업장별(당월)'!W33+'사업장별(당월)'!W34)/100 -> 1.2963562 | AF20: =+AC20-AE20 -> 0.22158598 | AG20: =+('사업장별(누계)'!T33+'사업장별(누계)'!T34)/100 -> 11.945664 | AH20: =+('사업장별(누계)'!U33+'사업장별(누계)'!U34)/100 -> 11.601896 | AI20: =+AH20-AG20 -> -0.34376874 | AJ20: =+('사업장별(누계)'!W33+'사업장별(누계)'!W34)/100 -> 10.625007 | AK20: =+AH20-AJ20 -> 0.97688802
D21: 건자재 | E21: =+E11-E16 -> 203.42698 | F21: =+F11-F16 -> 145.63062 | G21: =+F21-E21 -> -57.796361 | H21: =+H11-H16 -> 157.25911 | I21: =+F21-H21 -> -11.628488 | J21: =+J11-J16 -> 1980.4389 | K21: =+K11-K16 -> 1700.4069 | L21: =+K21-J21 -> -280.03203 | M21: =+M11-M16 -> 1765.7706 | N21: =+K21-M21 -> -65.363661 | Q21: □ 건자재 | AA21: =+'사업장별(누계)'!I37 -> 대손 | AB21: =+'사업장별(당월)'!T37/100 -> 0 | AC21: =+'사업장별(당월)'!U37/100 -> 4.0164838 | AD21: =+AC21-AB21 -> 4.0164838 | AE21: =+'사업장별(당월)'!W37/100 -> -7.7615284 | AF21: =+AC21-AE21 -> 11.778012 | AG21: =+'사업장별(누계)'!T37/100 -> 0 | AH21: =+'사업장별(누계)'!U37/100 -> -5.7385933 | AI21: =+AH21-AG21 -> -5.7385933 | AJ21: =+'사업장별(누계)'!W37/100 -> -20.23222 | AK21: =+AH21-AJ21 -> 14.493626
D22: 골재 | E22: =+E12-E17 -> 178.24931 | F22: =+F12-F17 -> -225.49843 | G22: =+F22-E22 -> -403.74775 | H22: =+H12-H17 -> 164.0471 | I22: =+F22-H22 -> -389.54554 | J22: =+J12-J17 -> 1725.8448 | K22: =+K12-K17 -> 675.10268 | L22: =+K22-J22 -> -1050.7422 | M22: =+M12-M17 -> 903.39137 | N22: =+K22-M22 -> -228.28869 | Q22: 구분 | S22: 계획 | T22: 실적 | U22: 계획대비 | V22: 전년 | W22: 전년대비 | AA22: =+D34 -> 기타 | AB22: =+AB26-AB19-AB20-AB21 -> -0.71446467 | AC22: =+AC26-AC19-AC20-AC21 -> 2.4069496 | AD22: =+AC22-AB22 -> 3.1214142 | AE22: =+AE26-AE19-AE20-AE21 -> -0.60571538 | AF22: =+AC22-AE22 -> 3.0126649 | AG22: =+AG26-AG19-AG20-AG21 -> 5.0469916 | AH22: =+AH26-AH19-AH20-AH21 -> -0.38952684 | AI22: =+AH22-AG22 -> -5.4365184 | AJ22: =+AJ26-AJ19-AJ20-AJ21 -> -3.2633879 | AK22: =+AH22-AJ22 -> 2.8738611
D23: 기타 | E23: =+E13-E18 -> 116.00541 | F23: =+F13-F18 -> 404.68127 | G23: =+F23-E23 -> 288.67585 | H23: =+H13-H18 -> 115.10602 | I23: =+F23-H23 -> 289.57524 | J23: =+J13-J18 -> 2285.3416 | K23: =+K13-K18 -> 1598.967 | L23: =+K23-J23 -> -686.37458 | M23: =+M13-M18 -> 1241.4778 | N23: =+K23-M23 -> 357.48925 | Q23: 철강재 판매단가 | S23: =+'[7]9월'!$F$10 -> 977692.31 | T23: =+'[7]9월'!$G$10 -> 879572.43 | U23: =+T23-S23 -> -98119.878 | V23: =+'[8]9월'!$G$10 -> 1007624.2 | W23: =+T23-V23 -> -128051.75 | AA23: 계 | AB23: =SUM(AB15,AB17:AB22) -> 35.77981 | AC23: =SUM(AC15,AC17:AC22) -> 8.2966716 | AD23: =+AC23-AB23 -> -27.483138 | AE23: =SUM(AE15,AE17:AE22) -> 20.647026 | AF23: =+AC23-AE23 -> -12.350354 | AG23: =SUM(AG15,AG17:AG22) -> 279.49293 | AH23: =SUM(AH15,AH17:AH22) -> 163.72865 | AI23: =+AH23-AG23 -> -115.76428 | AJ23: =SUM(AJ15,AJ17:AJ22) -> 314.65863 | AK23: =+AH23-AJ23 -> -150.92998
C24: 계 | E24: =SUM(E20:E23) -> 5686.1612 | F24: =SUM(F20:F23) -> 2944.1777 | G24: =+F24-E24 -> -2741.9835 | H24: =SUM(H20:H23) -> 5155.6125 | I24: =+F24-H24 -> -2211.4348 | J24: =SUM(J20:J23) -> 48721.766 | K24: =SUM(K20:K23) -> 38263.789 | L24: =+K24-J24 -> -10457.978 | M24: =SUM(M20:M23) -> 51932.046 | N24: =+K24-M24 -> -13668.257 | Q24: 철강재 마진률 | S24: =+'[7]9월'!$F$15 -> 0.02329819 | T24: =+'[7]9월'!$G$15 -> 0.017454463 | U24: =+T24-S24 -> -0.0058437274 | V24: =+'[8]9월'!$G$15 -> 0.014432643 | W24: =+T24-V24 -> 0.0030218199 | AA24: =+D36 -> % | AB24: =+E36 -> 0.090090273 | AC24: =+F36 -> 0.0256134 | AD24: =+G36 -> -0.064476873 | AE24: =+H36 -> 0.04894164 | AF24: =+I36 -> -0.02332824 | AG24: =+J36 -> 0.078726772 | AH24: =+K36 -> 0.047001683 | ... AK24: =+N36 -> -0.037393008
C25: 판관비 | D25: 레미콘 | E25: =+('[1]9월'!$Z$13+'[1]9월'!$Z$20)/1000 -> 733.06945 | F25: =+('[2]9월'!$Z$13+'[2]9월'!$Z$20)/1000 -> 886.62886 | G25: =+F25-E25 -> 153.5594 | H25: =+('[3]9월'!$Z$13+'[3]9월'!$Z$20)/1000 -> 879.40115 | I25: =+F25-H25 -> 7.227701 | J25: =+[4]손익총괄!J25+E25 -> 5975.3673 | K25: =+[4]손익총괄!K25+F25 -> 6157.4466 | L25: =+K25-J25 -> 182.07935 | M25: =+[4]손익총괄!M25+H25 -> 6062.3414 | N25: =+K25-M25 -> 95.105216 | Q25: □ 골재
D26: 건자재 | E26: =+('[1]9월'!$AA$13+'[1]9월'!$AA$20)/1000 -> 142.53528 | F26: =+('[2]9월'!$AO$13+'[2]9월'!$AO$20)/1000 -> 161.20982 | G26: =+F26-E26 -> 18.674539 | H26: =+('[3]9월'!$AO$13+'[3]9월'!$AO$20)/1000 -> 158.82422 | I26: =+F26-H26 -> 2.385595 | J26: =+[4]손익총괄!J26+E26 -> 1140.5681 | K26: =+[4]손익총괄!K26+F26 -> 1260.9085 | L26: =+K26-J26 -> 120.34042 | M26: =+[4]손익총괄!M26+H26 -> 1081.0017 | N26: =+K26-M26 -> 179.90681 | Q26: 구분 | S26: 계획 | T26: 실적 | U26: 계획대비 | V26: 전년 | W26: 전년대비 | AB26: =+'사업장별(당월)'!T41/100 -> -10.780853 | AC26: =+'사업장별(당월)'!U41/100 -> -5.7450853 | AD26: =+AC26-AB26 -> 5.0357682 | AE26: =+'사업장별(당월)'!W41/100 -> -19.24423 | AF26: =+AE26-AD26 -> -24.279998 | AG26: =+'사업장별(누계)'!T41/100 -> -108.59267 | AH26: =+'사업장별(누계)'!U41/100 -> -123.44461 | AJ26: =+'사업장별(누계)'!W41/100 -> -117.99745
D27: 골재 | E27: =+('[1]9월'!$AE$13+'[1]9월'!$AE$20+'[1]9월'!$AE$22)/1000 -> 38.48475 | F27: =+('[2]9월'!$AN$13+'[2]9월'!$AN$20+'[2]9월'!$AN$22)/1000 -> 87.482063 | G27: =+F27-E27 -> 48.997313 | H27: =+('[3]9월'!$AN$13+'[3]9월'!$AN$20+'[3]9월'!$AN$22)/1000 -> 13.155517 | I27: =+F27-H27 -> 74.326546 | J27: =+[4]손익총괄!J27+E27 -> 511.92944 | K27: =+[4]손익총괄!K27+F27 -> 529.14008 | L27: =+K27-J27 -> 17.21065 | M27: =+[4]손익총괄!M27+H27 -> 281.61729 | N27: =+K27-M27 -> 247.52279 | Q27: 판매량 | R27: 자가 | S27: =(+'[9]서부산크라샤(당월)'!$N$66+'[9]부산모래장(당월)'!$Q$48+'[9]부산크라샤(당월)'!$N$66)/1000 -> 52.497735 | T27: =(+'[9]서부산크라샤(당월)'!$O$66+'[9]부산모래장(당월)'!$R$48+'[9]부산크라샤(당월)'!$O$66)/1000 -> 32.178 | U27: =+T27-S27 -> -20.319735 | V27: =('[10]부산골재(당월)'!$R$48+'[10]서부산골재(당월)'!$O$66+'[10]부산크라샤(당월)'!$O$66)/1000 -> 51.902 | W27: =+T27-V27 -> -19.724
D28: 기타 | E28: =+('[1]9월'!$E$13+'[1]9월'!$E$20)/1000-E25-E26-E27+('[1]9월'!$E$22/1000) -> 1194.0908 | F28: =+('[2]9월'!$F$13+'[2]9월'!$F$20)/1000-F25-F26-F27+'[2]9월'!$F$22/1000 -> 979.18979 | G28: =+F28-E28 -> -214.90096 | H28: =+('[3]9월'!$F$13+'[3]9월'!$F$20)/1000-H25-H26-H27+'[3]9월'!$F$22/1000 -> 2039.529 | I28: =+F28-H28 -> -1060.3392 | J28: =+[4]손익총괄!J28+E28 -> 13144.608 | K28: =+[4]손익총괄!K28+F28 -> 13943.428 | L28: =+K28-J28 -> 798.81972 | M28: =+[4]손익총괄!M28+H28 -> 13041.222 | N28: =+K28-M28 -> 902.2058 | R28: 외판 | S28: =(+'[9]서부산크라샤(당월)'!$N$59+'[9]부산모래장(당월)'!$Q$47+'[9]부산크라샤(당월)'!$N$59)/1000 -> 61.8 | T28: =(+'[9]서부산크라샤(당월)'!$O$59+'[9]부산모래장(당월)'!$R$47+'[9]부산크라샤(당월)'!$O$59)/1000 -> 14.773 | U28: =+T28-S28 -> -47.027 | V28: =+('[10]부산골재(당월)'!$R$47+'[10]서부산골재(당월)'!$O$59+'[10]부산크라샤(당월)'!$O$59)/1000 -> 30.007 | W28: =+T28-V28 -> -15.234
C29: 계 | E29: =SUM(E25:E28) -> 2108.1802 | F29: =SUM(F25:F28) -> 2114.5105 | G29: =+F29-E29 -> 6.3302893 | H29: =SUM(H25:H28) -> 3090.9099 | I29: =+F29-H29 -> -976.39934 | J29: =SUM(J25:J28) -> 20772.473 | K29: =SUM(K25:K28) -> 21890.923 | L29: =+K29-J29 -> 1118.4501 | M29: =SUM(M25:M28) -> 20466.183 | N29: =+K29-M29 -> 1424.7406 | Q29: 합 계 | S29: =SUM(S27:S28) -> 114.29774 | T29: =SUM(T27:T28) -> 46.951 | U29: =+T29-S29 -> -67.346735 | V29: =SUM(V27:V28) -> 81.909 | W29: =+T29-V29 -> -34.958
C30: 영업이익 | D30: 레미콘 | E30: =+E20-E25 -> 4455.41 | F30: =+F20-F25 -> 1732.7354 | G30: =+F30-E30 -> -2722.6747 | H30: =+H20-H25 -> 3839.7991 | I30: =+F30-H30 -> -2107.0637 | J30: =+J20-J25 -> 36754.774 | K30: =+K20-K25 -> 28131.865 | L30: =+K30-J30 -> -8622.9083 | M30: =+M20-M25 -> 41959.065 | N30: =+K30-M30 -> -13827.199 | Q30: □ 기타내역(영업이익)
D31: % | E31: =+E30/E10 -> 0.15081199 | F31: =+F30/F10 -> 0.073360771 | G31: =+F31-E31 -> -0.07745122 | H31: =+H30/H10 -> 0.12373879 | I31: =+F31-H31 -> -0.050378021 | J31: =+J30/J10 -> 0.14148679 | K31: =+K30/K10 -> 0.10997846 | L31: =+K31-J31 -> -0.03150833 | M31: =+M30/M10 -> 0.15255655 | N31: =+K31-M31 -> -0.042578087 | Q31: 구분 | S31: 계획 | T31: 실적 | U31: 계획대비 | V31: 전년 | W31: 전년대비
D32: 건자재 | E32: =+E21-E26 -> 60.891698 | F32: =+F21-F26 -> -15.579202 | G32: =+F32-E32 -> -76.4709 | H32: =+H21-H26 -> -1.565119 | I32: =+F32-H32 -> -14.014083 | J32: =+J21-J26 -> 839.87082 | K32: =+K21-K26 -> 439.49837 | L32: =+K32-J32 -> -400.37245 | M32: =+M21-M26 -> 684.76885 | N32: =+K32-M32 -> -245.27048 | Q32: 레미콘임대 | S32: =+'사업장별(당월)'!T33 -> 75.404842 | T32: =+'사업장별(당월)'!U33 -> 76.004227 | U32: =+T32-S32 -> 0.599385 | V32: =+'사업장별(당월)'!W33 -> 30.418728 | W32: =+T32-V32 -> 45.585499
D33: 골재 | E33: =+E22-E27 -> 139.76456 | F33: =+F22-F27 -> -312.9805 | G33: =+F33-E33 -> -452.74506 | H33: =+H22-H27 -> 150.89158 | I33: =+F33-H33 -> -463.87208 | J33: =+J22-J27 -> 1213.9154 | K33: =+K22-K27 -> 145.9626 | L33: =+K33-J33 -> -1067.9528 | M33: =+M22-M27 -> 621.77408 | N33: =+K33-M33 -> -475.81148 | Q33: 임대 | S33: =+'사업장별(당월)'!T34 -> 75.238401 | T33: =+'사업장별(당월)'!U34 -> 75.78999 | U33: =+T33-S33 -> 0.55158867 | V33: =+'사업장별(당월)'!W34 -> 99.216891 | W33: =+T33-V33 -> -23.426901
D34: 기타 | E34: =+E23-E28 -> -1078.0853 | F34: =+F23-F28 -> -574.50853 | G34: =+F34-E34 -> 503.57682 | H34: =+H23-H28 -> -1924.423 | I34: =+F34-H34 -> 1349.9144 | J34: =+J23-J28 -> -10859.267 | K34: =+K23-K28 -> -12344.461 | L34: =+K34-J34 -> -1485.1943 | M34: =+M23-M28 -> -11799.745 | N34: =+K34-M34 -> -544.71655 | Q34: 공통비 | S34: =+'사업장별(당월)'!T35 -> -1157.2821 | T34: =+'사업장별(당월)'!U35 -> -1368.6461 | U34: =+T34-S34 -> -211.36396 | V34: =+'사업장별(당월)'!W35 -> -1217.3342 | W34: =+T34-V34 -> -151.31189
C35: 계 | E35: =SUM(E30,E32:E34) -> 3577.981 | F35: =SUM(F30,F32:F34) -> 829.66716 | G35: =+F35-E35 -> -2748.3138 | H35: =SUM(H30,H32:H34) -> 2064.7026 | I35: =+F35-H35 -> -1235.0354 | J35: =SUM(J30,J32:J34) -> 27949.293 | K35: =SUM(K30,K32:K34) -> 16372.865 | L35: =+K35-J35 -> -11576.428 | M35: =SUM(M30,M32:M34) -> 31465.863 | N35: =+K35-M35 -> -15092.998 | Q35: 기타 | S35: =+S36-S32-S33-S34 -> -71.446467 | T35: =+T36-T32-T33-T34 -> 642.34334 | U35: =+T35-S35 -> 713.78981 | V35: =+V36-V32-V33-V34 -> -836.72438 | W35: =+T35-V35 -> 1479.0677
D36: % | E36: =+E35/E14 -> 0.090090273 | F36: =+F35/F14 -> 0.0256134 | G36: =+F36-E36 -> -0.064476873 | H36: =+H35/H14 -> 0.04894164 | I36: =+F36-H36 -> -0.02332824 | J36: =+J35/J14 -> 0.078726772 | K36: =+K35/K14 -> 0.047001683 | L36: =+K36-J36 -> -0.03172509 | M36: =+M35/M14 -> 0.08439469 | N36: =+K36-M36 -> -0.037393008 | Q36: 합계 | S36: =+'사업장별(당월)'!T41 -> -1078.0853 | T36: =+'사업장별(당월)'!U41 -> -574.50853 | U36: =+T36-S36 -> 503.57682 | V36: =+'사업장별(당월)'!W41 -> -1924.423 | W36: =+T36-V36 -> 1349.9144
E38: =+'[1]9월'!$E$26/1000 -> 3577.981 | F38: =+'[2]9월'!$F$26/1000 -> 829.66716 | H38: =+'[3]9월'!$F$26/1000 -> 2064.7026 | J38: =+[4]손익총괄!J38+E38 -> 27949.293 | K38: =+[4]손익총괄!K38+F38 -> 16372.865 | M38: =+[4]손익총괄!M38+H38 -> 31465.863
E39: =+E35=E38 -> TRUE | F39: =+F35=F38 -> FALSE | H39: =+H35=H38 -> TRUE | J39: =+J35=J38 -> TRUE | K39: =+K35=K38 -> FALSE | M39: =+M35=M38 -> TRUE
E40: =+E35-E38 -> 0 | F40: =+F35-F38 -> 3.4106051e-12 | H40: =+H35-H38 -> 4.5474735e-12 | J40: =+J35-J38 -> 0 | K40: =+K35-K38 -> -3.6379788e-11 | M40: =+M35-M38 -> 0

Sheet 사업장별(당월)
H3: □ 사업장별 손익실적(2024-09)
AG4: [단위 : 천㎥, 톤, 백만원]
H5: 구분 | J5: 물량 | O5: 매출 | T5: 영업이익(공통비 배부전) | Y5: 판매단가 | AB5: 변동비 | AE5: 공헌이익
J6: 계획 | K6: 실적 | L6: 차이 | M6: 전년 | N6: 차이 | O6: 계획 | P6: 실적 | Q6: 차이 | R6: 전년 | S6: 차이 | T6: 계획 | U6: 실적 | V6: 차이 | W6: 전년 | X6: 차이 | Y6: 계획 | Z6: 실적 | AA6: 전년 | AB6: 계획 | AC6: 실적 | AD6: 전년 | AE6: 계획 | AF6: 실적 | AG6: 전년
B7: 안양 | G7: =+I7 -> 안양 | H7: 레미콘 | I7: 안양 | J7: =+IFERROR(HLOOKUP($B7,'[1]9월'!$D$6:$BN$259,2,),)/1000 -> 44 | K7: =+IFERROR(HLOOKUP($B7,'[2]9월'!$F$6:$CP$99,2,),)/1000 -> 28.4 | L7: =+K7-J7 -> -15.6 | M7: =+IFERROR(HLOOKUP($B7,'[3]9월'!$F$6:$CC$57,2,),)/1000 -> 48.184 | N7: =+K7-M7 -> -19.784 | O7: =+IFERROR(HLOOKUP($B7,'[1]9월'!$D$6:$BN$259,3,),)/1000 -> 4453.4734 | P7: =+IFERROR(HLOOKUP($B7,'[2]9월'!$F$6:$CP$99,3,),)/1000 -> 2850.3839 | Q7: =+P7-O7 -> -1603.0895 | R7: =+IFERROR(HLOOKUP($B7,'[3]9월'!$F$6:$CC$57,3,),)/1000 -> 4539.9433 | S7: =+P7-R7 -> -1689.5594 | T7: =+IFERROR(HLOOKUP($B7,'[1]9월'!$D$6:$BN$259,16,),)/1000 -> 678.99607 | U7: =+IFERROR(HLOOKUP($B7,'[2]9월'!$F$6:$CP$99,16,),)/1000 -> 202.0324 | V7: =+U7-T7 -> -476.96367 | W7: =+IFERROR(HLOOKUP($B7,'[3]9월'!$F$6:$CC$57,16,),)/1000 -> 655.9045 | X7: =+U7-W7 -> -453.8721 | Y7: =+[5]안양!$Q$85 -> 101215.3 | Z7: =+[5]안양!$R$85 -> 100365.63 | AA7: =+[6]안양!$Q$85 -> 94220.973 | AB7: =+[5]안양!$Q$89 -> 78752.533 | AC7: =+[5]안양!$R$89 -> 81650.507 | AD7: =+[6]안양!$Q$89 -> 74023.094 | AE7: =+Y7-AB7 -> 22462.771 | AF7: =+Z7-AC7 -> 18715.124 | AG7: =+AA7-AD7 -> 20197.879
B8: 인천 | G8: =+I8 -> 인천 | H8: 직영 | I8: 인천 | J8: =+IFERROR(HLOOKUP($B8,'[1]9월'!$D$6:$BN$259,2,),)/1000 -> 30 | K8: =+IFERROR(HLOOKUP($B8,'[2]9월'!$F$6:$CP$99,2,),)/1000 -> 18.327 | L8: =+K8-J8 -> -11.673 | M8: =+IFERROR(HLOOKUP($B8,'[3]9월'!$F$6:$CC$57,2,),)/1000 -> 34.957 | N8: =+K8-M8 -> -16.63 | O8: =+IFERROR(HLOOKUP($B8,'[1]9월'!$D$6:$BN$259,3,),)/1000 -> 3105.3788 | P8: =+IFERROR(HLOOKUP($B8,'[2]9월'!$F$6:$CP$99,3,),)/1000 -> 1795.8147 | Q8: =+P8-O8 -> -1309.5641 | R8: =+IFERROR(HLOOKUP($B8,'[3]9월'!$F$6:$CC$57,3,),)/1000 -> 3521.2229 | S8: =+P8-R8 -> -1725.4082 | T8: =+IFERROR(HLOOKUP($B8,'[1]9월'!$D$6:$BN$259,16,),)/1000 -> 369.08346 | U8: =+IFERROR(HLOOKUP($B8,'[2]9월'!$F$6:$CP$99,16,),)/1000 -> -68.39704 | V8: =+U8-T8 -> -437.4805 | W8: =+IFERROR(HLOOKUP($B8,'[3]9월'!$F$6:$CC$57,16,),)/1000 -> 373.48538 | X8: =+U8-W8 -> -441.88242 | Y8: =+[5]인천!$Q$85 -> 103512.63 | Z8: =+[5]인천!$R$85 -> 97987.379 | AA8: =+[6]인천!$Q$85 -> 100716.91 | AB8: =+[5]인천!$Q$89 -> 80746.878 | AC8: =+[5]인천!$R$89 -> 82653.877 | AD8: =+[6]인천!$Q$89 -> 79628.745 | AE8: =+Y8-AB8 -> 22765.75 | AF8: =+Z8-AC8 -> 15333.502 | AG8: =+AA8-AD8 -> 21088.161
B9: 파주 | G9: =+I9 -> 파주 | I9: 파주 | J9: =+IFERROR(HLOOKUP($B9,'[1]9월'!$D$6:$BN$259,2,),)/1000 -> 24 | K9: =+IFERROR(HLOOKUP($B9,'[2]9월'!$F$6:$CP$99,2,),)/1000 -> 19.1078 | L9: =+K9-J9 -> -4.8922 | M9: =+IFERROR(HLOOKUP($B9,'[3]9월'!$F$6:$CC$57,2,),)/1000 -> 29.377 | N9: =+K9-M9 -> -10.2692 | O9: =+IFERROR(HLOOKUP($B9,'[1]9월'!$D$6:$BN$259,3,),)/1000 -> 2390.1945 | P9: =+IFERROR(HLOOKUP($B9,'[2]9월'!$F$6:$CP$99,3,),)/1000 -> 1803.3963 | Q9: =+P9-O9 -> -586.79821 | R9: =+IFERROR(HLOOKUP($B9,'[3]9월'!$F$6:$CC$57,3,),)/1000 -> 2809.713 | S9: =+P9-R9 -> -1006.3167 | T9: =+IFERROR(HLOOKUP($B9,'[1]9월'!$D$6:$BN$259,16,),)/1000 -> 326.54742 | U9: =+IFERROR(HLOOKUP($B9,'[2]9월'!$F$6:$CP$99,16,),)/1000 -> 106.24983 | V9: =+U9-T9 -> -220.29759 | W9: =+IFERROR(HLOOKUP($B9,'[3]9월'!$F$6:$CC$57,16,),)/1000 -> 369.05487 | X9: =+U9-W9 -> -262.80504 | Y9: =+[5]파주!$Q$85 -> 99591.438 | Z9: =+[5]파주!$R$85 -> 94365.024 | AA9: =+[6]파주!$Q$85 -> 95605.396 | AB9: =+[5]파주!$Q$89 -> 76823.007 | AC9: =+[5]파주!$R$89 -> 75826.434 | AD9: =+[6]파주!$Q$89 -> 74000.888 | AE9: =+Y9-AB9 -> 22768.432 | AF9: =+Z9-AC9 -> 18538.59 | AG9: =+AA9-AD9 -> 21604.507
B10: 김포 | G10: =+I10 -> 김포 | I10: 김포 | J10: =+IFERROR(HLOOKUP($B10,'[1]9월'!$D$6:$BN$259,2,),)/1000 -> 16.5 | K10: =+IFERROR(HLOOKUP($B10,'[2]9월'!$F$6:$CP$99,2,),)/1000 -> 9.8 | L10: =+K10-J10 -> -6.7 | M10: =+IFERROR(HLOOKUP($B10,'[3]9월'!$F$6:$CC$57,2,),)/1000 -> 17.3105 | N10: =+K10-M10 -> -7.5105 | O10: =+IFERROR(HLOOKUP($B10,'[1]9월'!$D$6:$BN$259,3,),)/1000 -> 1599.179 | P10: =+IFERROR(HLOOKUP($B10,'[2]9월'!$F$6:$CP$99,3,),)/1000 -> 943.50309 | Q10: =+P10-O10 -> -655.67591 | R10: =+IFERROR(HLOOKUP($B10,'[3]9월'!$F$6:$CC$57,3,),)/1000 -> 1606.5766 | S10: =+P10-R10 -> -663.07355 | T10: =+IFERROR(HLOOKUP($B10,'[1]9월'!$D$6:$BN$259,16,),)/1000 -> 247.00641 | U10: =+IFERROR(HLOOKUP($B10,'[2]9월'!$F$6:$CP$99,16,),)/1000 -> 29.041857 | V10: =+U10-T10 -> -217.96455 | W10: =+IFERROR(HLOOKUP($B10,'[3]9월'!$F$6:$CC$57,16,),)/1000 -> 190.04047 | X10: =+U10-W10 -> -160.99861 | Y10: =+[5]김포!$Q$85 -> 96919.939 | Z10: =+[5]김포!$R$85 -> 96275.826 | AA10: =+[6]김포!$Q$85 -> 92784.692 | AB10: =+[5]김포!$Q$89 -> 71987.752 | AC10: =+[5]김포!$R$89 -> 74300.021 | AD10: =+[6]김포!$Q$89 -> 70716.173 | AE10: =+Y10-AB10 -> 24932.187 | AF10: =+Z10-AC10 -> 21975.804 | AG10: =+AA10-AD10 -> 22068.519
B11: 부산 | G11: =+I11 -> 부산 | I11: 부산 | J11: =+IFERROR(HLOOKUP($B11,'[1]9월'!$D$6:$BN$259,2,),)/1000 -> 21 | K11: =+IFERROR(HLOOKUP($B11,'[2]9월'!$F$6:$CP$99,2,),)/1000 -> 15.517 | L11: =+K11-J11 -> -5.483 | M11: =+IFERROR(HLOOKUP($B11,'[3]9월'!$F$6:$CC$57,2,),)/1000 -> 19.603 | N11: =+K11-M11 -> -4.086 | O11: =+IFERROR(HLOOKUP($B11,'[1]9월'!$D$6:$BN$259,3,),)/1000 -> 2259.6008 | P11: =+IFERROR(HLOOKUP($B11,'[2]9월'!$F$6:$CP$99,3,),)/1000 -> 1769.7428 | Q11: =+P11-O11 -> -489.85798 | R11: =+IFERROR(HLOOKUP($B11,'[3]9월'!$F$6:$CC$57,3,),)/1000 -> 2103.7886 | S11: =+P11-R11 -> -334.04577 | T11: =+IFERROR(HLOOKUP($B11,'[1]9월'!$D$6:$BN$259,16,),)/1000 -> 359.59565 | U11: =+IFERROR(HLOOKUP($B11,'[2]9월'!$F$6:$CP$99,16,),)/1000 -> 167.22155 | V11: =+U11-T11 -> -192.3741 | W11: =+IFERROR(HLOOKUP($B11,'[3]9월'!$F$6:$CC$57,16,),)/1000 -> 197.24959 | X11: =+U11-W11 -> -30.028036 | Y11: =+[5]부산!$Q$85 -> 107600.04 | Z11: =+[5]부산!$R$85 -> 114051.87 | AA11: =+[6]부산!$Q$85 -> 107319.73 | AB11: =+[5]부산!$Q$89 -> 77875.477 | AC11: =+[5]부산!$R$89 -> 84631.159 | AD11: =+[6]부산!$Q$89 -> 82938.801 | AE11: =+Y11-AB11 -> 29724.56 | AF11: =+Z11-AC11 -> 29420.706 | AG11: =+AA11-AD11 -> 24380.924
B12: 서부산 | G12: =+I12 -> 서부산 | I12: 서부산 | J12: =+IFERROR(HLOOKUP($B12,'[1]9월'!$D$6:$BN$259,2,),)/1000 -> 19 | K12: =+IFERROR(HLOOKUP($B12,'[2]9월'!$F$6:$CP$99,2,),)/1000 -> 13.004 | L12: =+K12-J12 -> -5.996 | M12: =+IFERROR(HLOOKUP($B12,'[3]9월'!$F$6:$CC$57,2,),)/1000 -> 23.901 | N12: =+K12-M12 -> -10.897 | O12: =+IFERROR(HLOOKUP($B12,'[1]9월'!$D$6:$BN$259,3,),)/1000 -> 1983.6418 | P12: =+IFERROR(HLOOKUP($B12,'[2]9월'!$F$6:$CP$99,3,),)/1000 -> 1314.9703 | Q12: =+P12-O12 -> -668.6715 | R12: =+IFERROR(HLOOKUP($B12,'[3]9월'!$F$6:$CC$57,3,),)/1000 -> 2410.5242 | S12: =+P12-R12 -> -1095.5539 | T12: =+IFERROR(HLOOKUP($B12,'[1]9월'!$D$6:$BN$259,16,),)/1000 -> 342.28746 | U12: =+IFERROR(HLOOKUP($B12,'[2]9월'!$F$6:$CP$99,16,),)/1000 -> 84.673494 | V12: =+U12-T12 -> -257.61397 | W12: =+IFERROR(HLOOKUP($B12,'[3]9월'!$F$6:$CC$57,16,),)/1000 -> 353.41775 | X12: =+U12-W12 -> -268.74425 | Y12: =+[5]서부산!$Q$85 -> 104402.2 | Z12: =+[5]서부산!$R$85 -> 101120.45 | AA12: =+[6]서부산!$Q$85 -> 100854.53 | AB12: =+[5]서부산!$Q$89 -> 76383.589 | AC12: =+[5]서부산!$R$89 -> 78001.326 | AD12: =+[6]서부산!$Q$89 -> 77345.656 | AE12: =+Y12-AB12 -> 28018.611 | AF12: =+Z12-AC12 -> 23119.122 | AG12: =+AA12-AD12 -> 23508.877
B13: 김해 | G13: =+I13 -> 김해 | I13: 김해 | J13: =+IFERROR(HLOOKUP($B13,'[1]9월'!$D$6:$BN$259,2,),)/1000 -> 12 | K13: =+IFERROR(HLOOKUP($B13,'[2]9월'!$F$6:$CP$99,2,),)/1000 -> 12.705 | L13: =+K13-J13 -> 0.705 | M13: =+IFERROR(HLOOKUP($B13,'[3]9월'!$F$6:$CC$57,2,),)/1000 -> 12.034 | N13: =+K13-M13 -> 0.671 | O13: =+IFERROR(HLOOKUP($B13,'[1]9월'!$D$6:$BN$259,3,),)/1000 -> 1211.9928 | P13: =+IFERROR(HLOOKUP($B13,'[2]9월'!$F$6:$CP$99,3,),)/1000 -> 1134.8287 | Q13: =+P13-O13 -> -77.1641 | R13: =+IFERROR(HLOOKUP($B13,'[3]9월'!$F$6:$CC$57,3,),)/1000 -> 1216.4462 | S13: =+P13-R13 -> -81.617498 | T13: =+IFERROR(HLOOKUP($B13,'[1]9월'!$D$6:$BN$259,16,),)/1000 -> 152.09575 | U13: =+IFERROR(HLOOKUP($B13,'[2]9월'!$F$6:$CP$99,16,),)/1000 -> -2.729523 | V13: =+U13-T13 -> -154.82527 | W13: =+IFERROR(HLOOKUP($B13,'[3]9월'!$F$6:$CC$57,16,),)/1000 -> 71.200624 | X13: =+U13-W13 -> -73.930147 | Y13: =+[5]김해!$Q$85 -> 100999.4 | Z13: =+[5]김해!$R$85 -> 89286.803 | AA13: =+[6]김해!$Q$85 -> 101199.28 | AB13: =+[5]김해!$Q$89 -> 76642.298 | AC13: =+[5]김해!$R$89 -> 75888.627 | AD13: =+[6]김해!$Q$89 -> 81202.894 | AE13: =+Y13-AB13 -> 24357.102 | AF13: =+Z13-AC13 -> 13398.176 | AG13: =+AA13-AD13 -> 19996.386
B14: 정관 | G14: =+I14 -> 정관 | I14: 정관 | J14: =+IFERROR(HLOOKUP($B14,'[1]9월'!$D$6:$BN$259,2,),)/1000 -> 16 | K14: =+IFERROR(HLOOKUP($B14,'[2]9월'!$F$6:$CP$99,2,),)/1000 -> 16.976 | L14: =+K14-J14 -> 0.976 | M14: =+IFERROR(HLOOKUP($B14,'[3]9월'!$F$6:$CC$57,2,),)/1000 -> 18.982 | N14: =+K14-M14 -> -2.006 | O14: =+IFERROR(HLOOKUP($B14,'[1]9월'!$D$6:$BN$259,3,),)/1000 -> 1664 | P14: =+IFERROR(HLOOKUP($B14,'[2]9월'!$F$6:$CP$99,3,),)/1000 -> 1722.9997 | Q14: =+P14-O14 -> 58.9997 | R14: =+IFERROR(HLOOKUP($B14,'[3]9월'!$F$6:$CC$57,3,),)/1000 -> 1927.8982 | S14: =+P14-R14 -> -204.89848 | T14: =+IFERROR(HLOOKUP($B14,'[1]9월'!$D$6:$BN$259,16,),)/1000 -> 221.82233 | U14: =+IFERROR(HLOOKUP($B14,'[2]9월'!$F$6:$CP$99,16,),)/1000 -> 103.5454 | V14: =+U14-T14 -> -118.27693 | W14: =+IFERROR(HLOOKUP($B14,'[3]9월'!$F$6:$CC$57,16,),)/1000 -> 219.38573 | X14: =+U14-W14 -> -115.84033 | Y14: =+[5]정관!$Q$85 -> 104000 | Z14: =+[5]정관!$R$85 -> 101496.21 | AA14: =+[6]정관!$Q$85 -> 101564.54 | AB14: =+[5]정관!$Q$89 -> 77926.101 | AC14: =+[5]정관!$R$89 -> 81278.39 | AD14: =+[6]정관!$Q$89 -> 78824.169 | AE14: =+Y14-AB14 -> 26073.899 | AF14: =+Z14-AC14 -> 20217.822 | AG14: =+AA14-AD14 -> 22740.376
B15: 양산 | G15: =+I15 -> 양산 | I15: 양산 | J15: =+IFERROR(HLOOKUP($B15,'[1]9월'!$D$6:$BN$259,2,),)/1000 -> 12 | K15: =+IFERROR(HLOOKUP($B15,'[2]9월'!$F$6:$CP$99,2,),)/1000 -> 12.518 | L15: =+K15-J15 -> 0.518 | M15: =+IFERROR(HLOOKUP($B15,'[3]9월'!$F$6:$CC$57,2,),)/1000 -> 13.622 | N15: =+K15-M15 -> -1.104 | O15: =+IFERROR(HLOOKUP($B15,'[1]9월'!$D$6:$BN$259,3,),)/1000 -> 1166.5218 | P15: =+IFERROR(HLOOKUP($B15,'[2]9월'!$F$6:$CP$99,3,),)/1000 -> 1127.9969 | Q15: =+P15-O15 -> -38.52493 | R15: =+IFERROR(HLOOKUP($B15,'[3]9월'!$F$6:$CC$57,3,),)/1000 -> 1240.3802 | S15: =+P15-R15 -> -112.38334 | T15: =+IFERROR(HLOOKUP($B15,'[1]9월'!$D$6:$BN$259,16,),)/1000 -> 189.63512 | U15: =+IFERROR(HLOOKUP($B15,'[2]9월'!$F$6:$CP$99,16,),)/1000 -> 69.602208 | V15: =+U15-T15 -> -120.03291 | W15: =+IFERROR(HLOOKUP($B15,'[3]9월'!$F$6:$CC$57,16,),)/1000 -> 82.581045 | X15: =+U15-W15 -> -12.978837 | Y15: =+[5]양산!$Q$85 -> 97210.153 | Z15: =+[5]양산!$R$85 -> 90109.994 | AA15: =+[6]양산!$Q$85 -> 91057.131 | AB15: =+[5]양산!$Q$89 -> 69380.456 | AC15: =+[5]양산!$R$89 -> 71969.385 | AD15: =+[6]양산!$Q$89 -> 72000.401 | AE15: =+Y15-AB15 -> 27829.697 | AF15: =+Z15-AC15 -> 18140.609 | AG15: =+AA15-AD15 -> 19056.73
B16: 창원 | G16: =+I16 -> 창원 | I16: 창원 | J16: =+IFERROR(HLOOKUP($B16,'[1]9월'!$D$6:$BN$259,2,),)/1000 -> 14 | K16: =+IFERROR(HLOOKUP($B16,'[2]9월'!$F$6:$CP$99,2,),)/1000 -> 14.953 | L16: =+K16-J16 -> 0.953 | M16: =+IFERROR(HLOOKUP($B16,'[3]9월'!$F$6:$CC$57,2,),)/1000 -> 20.125 | N16: =+K16-M16 -> -5.172 | O16: =+IFERROR(HLOOKUP($B16,'[1]9월'!$D$6:$BN$259,3,),)/1000 -> 1423.73 | P16: =+IFERROR(HLOOKUP($B16,'[2]9월'!$F$6:$CP$99,3,),)/1000 -> 1507.3454 | Q16: =+P16-O16 -> 83.6154 | R16: =+IFERROR(HLOOKUP($B16,'[3]9월'!$F$6:$CC$57,3,),)/1000 -> 1973.0212 | S16: =+P16-R16 -> -465.6758 | T16: =+IFERROR(HLOOKUP($B16,'[1]9월'!$D$6:$BN$259,16,),)/1000 -> 222.23827 | U16: =+IFERROR(HLOOKUP($B16,'[2]9월'!$F$6:$CP$99,16,),)/1000 -> 152.25467 | V16: =+U16-T16 -> -69.983603 | W16: =+IFERROR(HLOOKUP($B16,'[3]9월'!$F$6:$CC$57,16,),)/1000 -> 324.44847 | X16: =+U16-W16 -> -172.19381 | Y16: =+[5]창원!$Q$85 -> 101695 | Z16: =+[5]창원!$R$85 -> 100805.55 | AA16: =+[6]창원!$Q$85 -> 98038.32 | AB16: =+[5]창원!$Q$89 -> 72711.105 | AC16: =+[5]창원!$R$89 -> 74736.793 | AD16: =+[6]창원!$Q$89 -> 71948.623 | AE16: =+Y16-AB16 -> 28983.895 | AF16: =+Z16-AC16 -> 26068.757 | AG16: =+AA16-AD16 -> 26089.697
B17: 대구 | G17: =+I17 -> 대구 | I17: 대구 | J17: =+IFERROR(HLOOKUP($B17,'[1]9월'!$D$6:$BN$259,2,),)/1000 -> 16 | K17: =+IFERROR(HLOOKUP($B17,'[2]9월'!$F$6:$CP$99,2,),)/1000 -> 14.191 | L17: =+K17-J17 -> -1.809 | M17: =+IFERROR(HLOOKUP($B17,'[3]9월'!$F$6:$CC$57,2,),)/1000 -> 17.334 | N17: =+K17-M17 -> -3.143 | O17: =+IFERROR(HLOOKUP($B17,'[1]9월'!$D$6:$BN$259,3,),)/1000 -> 1564.16 | P17: =+IFERROR(HLOOKUP($B17,'[2]9월'!$F$6:$CP$99,3,),)/1000 -> 1379.9727 | Q17: =+P17-O17 -> -184.18725 | R17: =+IFERROR(HLOOKUP($B17,'[3]9월'!$F$6:$CC$57,3,),)/1000 -> 1626.8375 | S17: =+P17-R17 -> -246.86475 | T17: =+IFERROR(HLOOKUP($B17,'[1]9월'!$D$6:$BN$259,16,),)/1000 -> 287.14697 | U17: =+IFERROR(HLOOKUP($B17,'[2]9월'!$F$6:$CP$99,16,),)/1000 -> 137.65472 | V17: =+U17-T17 -> -149.49225 | W17: =+IFERROR(HLOOKUP($B17,'[3]9월'!$F$6:$CC$57,16,),)/1000 -> 218.38418 | X17: =+U17-W17 -> -80.729456 | Y17: =+[5]대구!$Q$85 -> 97760 | Z17: =+[5]대구!$R$85 -> 97242.812 | AA17: =+[6]대구!$Q$85 -> 93852.4 | AB17: =+[5]대구!$Q$89 -> 68963.293 | AC17: =+[5]대구!$R$89 -> 72709.872 | AD17: =+[6]대구!$Q$89 -> 70301.484 | AE17: =+Y17-AB17 -> 28796.707 | AF17: =+Z17-AC17 -> 24532.94 | AG17: =+AA17-AD17 -> 23550.916
B18: 울산 | G18: =+I18 -> 울산 | I18: 울산 | J18: =+IFERROR(HLOOKUP($B18,'[1]9월'!$D$6:$BN$259,2,),)/1000 -> 10 | K18: =+IFERROR(HLOOKUP($B18,'[2]9월'!$F$6:$CP$99,2,),)/1000 -> 11.98 | L18: =+K18-J18 -> 1.98 | M18: =+IFERROR(HLOOKUP($B18,'[3]9월'!$F$6:$CC$57,2,),)/1000 -> 7.286 | N18: =+K18-M18 -> 4.694 | O18: =+IFERROR(HLOOKUP($B18,'[1]9월'!$D$6:$BN$259,3,),)/1000 -> 1012.462 | P18: =+IFERROR(HLOOKUP($B18,'[2]9월'!$F$6:$CP$99,3,),)/1000 -> 1176.1866 | Q18: =+P18-O18 -> 163.72455 | R18: =+IFERROR(HLOOKUP($B18,'[3]9월'!$F$6:$CC$57,3,),)/1000 -> 718.7467 | S18: =+P18-R18 -> 457.43985 | T18: =+IFERROR(HLOOKUP($B18,'[1]9월'!$D$6:$BN$259,16,),)/1000 -> 88.588791 | U18: =+IFERROR(HLOOKUP($B18,'[2]9월'!$F$6:$CP$99,16,),)/1000 -> 78.459948 | V18: =+U18-T18 -> -10.128843 | W18: =+IFERROR(HLOOKUP($B18,'[3]9월'!$F$6:$CC$57,16,),)/1000 -> -25.275582 | X18: =+U18-W18 -> 103.73553 | Y18: =+[5]울산!$Q$85 -> 101246.2 | Z18: =+[5]울산!$R$85 -> 98179.178 | AA18: =+[6]울산!$Q$85 -> 98714.522 | AB18: =+[5]울산!$Q$89 -> 79194.379 | AC18: =+[5]울산!$R$89 -> 78607.479 | AD18: =+[6]울산!$Q$89 -> 82398.02 | AE18: =+Y18-AB18 -> 22051.821 | AF18: =+Z18-AC18 -> 19571.699 | AG18: =+AA18-AD18 -> 16316.502
B19: 아산 | G19: =+I19 -> 아산 | I19: 아산 | J19: =+IFERROR(HLOOKUP($B19,'[1]9월'!$D$6:$BN$259,2,),)/1000 -> 25 | K19: =+IFERROR(HLOOKUP($B19,'[2]9월'!$F$6:$CP$99,2,),)/1000 -> 23.352 | L19: =+K19-J19 -> -1.648 | M19: =+IFERROR(HLOOKUP($B19,'[3]9월'!$F$6:$CC$57,2,),)/1000 -> 24.188 | N19: =+K19-M19 -> -0.836 | O19: =+IFERROR(HLOOKUP($B19,'[1]9월'!$D$6:$BN$259,3,),)/1000 -> 2525.0035 | P19: =+IFERROR(HLOOKUP($B19,'[2]9월'!$F$6:$CP$99,3,),)/1000 -> 2315.0378 | Q19: =+P19-O19 -> -209.96574 | R19: =+IFERROR(HLOOKUP($B19,'[3]9월'!$F$6:$CC$57,3,),)/1000 -> 2300.5724 | S19: =+P19-R19 -> 14.46536 | T19: =+IFERROR(HLOOKUP($B19,'[1]9월'!$D$6:$BN$259,16,),)/1000 -> 384.78619 | U19: =+IFERROR(HLOOKUP($B19,'[2]9월'!$F$6:$CP$99,16,),)/1000 -> 256.65218 | V19: =+U19-T19 -> -128.13401 | W19: =+IFERROR(HLOOKUP($B19,'[3]9월'!$F$6:$CC$57,16,),)/1000 -> 301.86837 | X19: =+U19-W19 -> -45.216184 | Y19: =+[5]아산!$Q$85 -> 101000.14 | Z19: =+[5]아산!$R$85 -> 99026.219 | AA19: =+[6]아산!$Q$85 -> 95112.138 | AB19: =+[5]아산!$Q$89 -> 76991.453 | AC19: =+[5]아산!$R$89 -> 76440.336 | AD19: =+[6]아산!$Q$89 -> 74003.769 | AE19: =+Y19-AB19 -> 24008.687 | AF19: =+Z19-AC19 -> 22585.883 | AG19: =+AA19-AD19 -> 21108.369
B20: 전주 | G20: =+I20 -> 전주 | I20: 전주 | J20: =+IFERROR(HLOOKUP($B20,'[1]9월'!$D$6:$BN$259,2,),)/1000 -> 12 | K20: =+IFERROR(HLOOKUP($B20,'[2]9월'!$F$6:$CP$99,2,),)/1000 -> 10.103 | L20: =+K20-J20 -> -1.897 | M20: =+IFERROR(HLOOKUP($B20,'[3]9월'!$F$6:$CC$57,2,),)/1000 -> 9.8575 | N20: =+K20-M20 -> 0.2455 | O20: =+IFERROR(HLOOKUP($B20,'[1]9월'!$D$6:$BN$259,3,),)/1000 -> 1228.0728 | P20: =+IFERROR(HLOOKUP($B20,'[2]9월'!$F$6:$CP$99,3,),)/1000 -> 1007.1744 | Q20: =+P20-O20 -> -220.89836 | R20: =+IFERROR(HLOOKUP($B20,'[3]9월'!$F$6:$CC$57,3,),)/1000 -> 1033.3025 | S20: =+P20-R20 -> -26.128083 | T20: =+IFERROR(HLOOKUP($B20,'[1]9월'!$D$6:$BN$259,16,),)/1000 -> 209.31453 | U20: =+IFERROR(HLOOKUP($B20,'[2]9월'!$F$6:$CP$99,16,),)/1000 -> 98.002099 | V20: =+U20-T20 -> -111.31243 | W20: =+IFERROR(HLOOKUP($B20,'[3]9월'!$F$6:$CC$57,16,),)/1000 -> 153.73999 | X20: =+U20-W20 -> -55.737895 | Y20: =+[5]전주!$Q$85 -> 102339.4 | Z20: =+[5]전주!$R$85 -> 99690.626 | AA20: =+[6]전주!$Q$85 -> 104935.93 | AB20: =+[5]전주!$Q$89 -> 72820.536 | AC20: =+[5]전주!$R$89 -> 72859.165 | AD20: =+[6]전주!$Q$89 -> 73694.536 | AE20: =+Y20-AB20 -> 29518.86 | AF20: =+Z20-AC20 -> 26831.462 | AG20: =+AA20-AD20 -> 31241.397
B21: 군산 | G21: =+I21 -> 군산 | I21: 군산 | J21: =+IFERROR(HLOOKUP($B21,'[1]9월'!$D$6:$BN$259,2,),)/1000 -> 7 | K21: =+IFERROR(HLOOKUP($B21,'[2]9월'!$F$6:$CP$99,2,),)/1000 -> 7.883 | L21: =+K21-J21 -> 0.883 | M21: =+IFERROR(HLOOKUP($B21,'[3]9월'!$F$6:$CC$57,2,),)/1000 -> 7.779 | N21: =+K21-M21 -> 0.104 | O21: =+IFERROR(HLOOKUP($B21,'[1]9월'!$D$6:$BN$259,3,),)/1000 -> 762.99903 | P21: =+IFERROR(HLOOKUP($B21,'[2]9월'!$F$6:$CP$99,3,),)/1000 -> 917.5602 | Q21: =+P21-O21 -> 154.56117 | R21: =+IFERROR(HLOOKUP($B21,'[3]9월'!$F$6:$CC$57,3,),)/1000 -> 813.60725 | S21: =+P21-R21 -> 103.95295 | T21: =+IFERROR(HLOOKUP($B21,'[1]9월'!$D$6:$BN$259,16,),)/1000 -> 200.25549 | U21: =+IFERROR(HLOOKUP($B21,'[2]9월'!$F$6:$CP$99,16,),)/1000 -> 252.01421 | V21: =+U21-T21 -> 51.758728 | W21: =+IFERROR(HLOOKUP($B21,'[3]9월'!$F$6:$CC$57,16,),)/1000 -> 185.57947 | X21: =+U21-W21 -> 66.434748 | Y21: =+[5]군산!$Q$85 -> 108999.86 | Z21: =+[5]군산!$R$85 -> 116414.49 | AA21: =+[6]군산!$Q$85 -> 104590.21 | AB21: =+[5]군산!$Q$89 -> 69834.13 | AC21: =+[5]군산!$R$89 -> 72940.628 | AD21: =+[6]군산!$Q$89 -> 70455.437 | AE21: =+Y21-AB21 -> 39165.732 | AF21: =+Z21-AC21 -> 43473.867 | AG21: =+AA21-AD21 -> 34134.774
B22: 원주 | G22: =+I22 -> 원주 | I22: 원주 | J22: =+IFERROR(HLOOKUP($B22,'[1]9월'!$D$6:$BN$259,2,),)/1000 -> 4 | K22: =+IFERROR(HLOOKUP($B22,'[2]9월'!$F$6:$CP$99,2,),)/1000 -> 5.359 | L22: =+K22-J22 -> 1.359 | M22: =+IFERROR(HLOOKUP($B22,'[3]9월'!$F$6:$CC$57,2,),)/1000 -> 4.9845 | N22: =+K22-M22 -> 0.3745 | O22: =+IFERROR(HLOOKUP($B22,'[1]9월'!$D$6:$BN$259,3,),)/1000 -> 431.6 | P22: =+IFERROR(HLOOKUP($B22,'[2]9월'!$F$6:$CP$99,3,),)/1000 -> 606.961 | Q22: =+P22-O22 -> 175.361 | R22: =+IFERROR(HLOOKUP($B22,'[3]9월'!$F$6:$CC$57,3,),)/1000 -> 508.1092 | S22: =+P22-R22 -> 98.8518 | T22: =+IFERROR(HLOOKUP($B22,'[1]9월'!$D$6:$BN$259,16,),)/1000 -> 53.146043 | U22: =+IFERROR(HLOOKUP($B22,'[2]9월'!$F$6:$CP$99,16,),)/1000 -> 107.1387 | V22: =+U22-T22 -> 53.99266 | W22: =+IFERROR(HLOOKUP($B22,'[3]9월'!$F$6:$CC$57,16,),)/1000 -> 91.645691 | X22: =+U22-W22 -> 15.493012 | Y22: =+[5]원주!$Q$85 -> 107900 | Z22: =+[5]원주!$R$85 -> 113260.12 | AA22: =+[6]원주!$Q$85 -> 101937.85 | AB22: =+[5]원주!$Q$89 -> 72986.262 | AC22: =+[5]원주!$R$89 -> 73534.477 | AD22: =+[6]원주!$Q$89 -> 65834.361 | AE22: =+Y22-AB22 -> 34913.738 | AF22: =+Z22-AC22 -> 39725.647 | AG22: =+AA22-AD22 -> 36103.486
B23: 제주 | G23: =+I23 -> 제주 | I23: 제주 | J23: =+IFERROR(HLOOKUP($B23,'[1]9월'!$D$6:$BN$259,2,),)/1000 -> 6 | K23: =+IFERROR(HLOOKUP($B23,'[2]9월'!$F$6:$CP$99,2,),)/1000 -> 2.1085 | L23: =+K23-J23 -> -3.8915 | M23: =+IFERROR(HLOOKUP($B23,'[3]9월'!$F$6:$CC$57,2,),)/1000 -> 5.666 | N23: =+K23-M23 -> -3.5575 | O23: =+IFERROR(HLOOKUP($B23,'[1]9월'!$D$6:$BN$259,3,),)/1000 -> 760.8 | P23: =+IFERROR(HLOOKUP($B23,'[2]9월'!$F$6:$CP$99,3,),)/1000 -> 245.49822 | Q23: =+P23-O23 -> -515.30178 | R23: =+IFERROR(HLOOKUP($B23,'[3]9월'!$F$6:$CC$57,3,),)/1000 -> 680.80018 | S23: =+P23-R23 -> -435.30196 | T23: =+IFERROR(HLOOKUP($B23,'[1]9월'!$D$6:$BN$259,16,),)/1000 -> 122.86409 | U23: =+IFERROR(HLOOKUP($B23,'[2]9월'!$F$6:$CP$99,16,),)/1000 -> -40.681329 | V23: =+U23-T23 -> -163.54542 | W23: =+IFERROR(HLOOKUP($B23,'[3]9월'!$F$6:$CC$57,16,),)/1000 -> 77.088554 | X23: =+U23-W23 -> -117.76988 | Y23: =+[5]제주!$Q$85 -> 126800 | Z23: =+[5]제주!$R$85 -> 116432.64 | AA23: =+[6]제주!$Q$85 -> 120155.34 | AB23: =+[5]제주!$Q$89 -> 91328.928 | AC23: =+[5]제주!$R$89 -> 86083.475 | AD23: =+[6]제주!$Q$89 -> 89424.384 | AE23: =+Y23-AB23 -> 35471.072 | AF23: =+Z23-AC23 -> 30349.163 | AG23: =+AA23-AD23 -> 30730.959
G24: =+I24 -> 수도권 | I24: 수도권 | J24: =SUM(J7:J10) -> 114.5 | K24: =SUM(K7:K10) -> 75.6348 | L24: =+K24-J24 -> -38.8652 | M24: =SUM(M7:M10) -> 129.8285 | N24: =+K24-M24 -> -54.1937 | O24: =SUM(O7:O10) -> 11548.226 | P24: =SUM(P7:P10) -> 7393.098 | Q24: =+P24-O24 -> -4155.1277 | R24: =SUM(R7:R10) -> 12477.456 | S24: =+P24-R24 -> -5084.3579 | T24: =SUM(T7:T10) -> 1621.6334 | U24: =SUM(U7:U10) -> 268.92705 | V24: =+U24-T24 -> -1352.7063 | W24: =SUM(W7:W10) -> 1588.4852 | X24: =+U24-W24 -> -1319.5582 | Y24: =+[5]수도권!$Q$85 -> 100857.87 | Z24: =+[5]수도권!$R$85 -> 97749.491 | AA24: =+[6]수도권!$Q$85 -> 96078.533 | AB24: =+[5]수도권!$Q$89 -> 77895.789 | AC24: =+[5]수도권!$R$89 -> 79479.892 | AD24: =+[6]수도권!$Q$89 -> 75077.479 | AE24: =+Y24-AB24 -> 22962.077 | AF24: =+Z24-AC24 -> 18269.6 | AG24: =+AA24-AD24 -> 21001.054
G25: =+I25 -> 영남권 | I25: 영남권 | J25: =SUM(J11:J18) -> 120 | K25: =SUM(K11:K18) -> 111.844 | L25: =+K25-J25 -> -8.156 | M25: =SUM(M11:M18) -> 132.887 | N25: =+K25-M25 -> -21.043 | O25: =SUM(O11:O18) -> 12286.109 | P25: =SUM(P11:P18) -> 11134.043 | Q25: =+P25-O25 -> -1152.0661 | R25: =SUM(R11:R18) -> 13217.643 | S25: =+P25-R25 -> -2083.5997 | T25: =SUM(T11:T18) -> 1863.4103 | U25: =SUM(U11:U18) -> 790.68247 | V25: =+U25-T25 -> -1072.7279 | W25: =SUM(W11:W18) -> 1441.3918 | X25: =+U25-W25 -> -650.70933 | Y25: =+[5]영남권!$Q$85 -> 102384.24 | Z25: =+[5]영남권!$R$85 -> 99624.762 | AA25: =+[6]영남권!$Q$85 -> 99478.73 | AB25: =+[5]영남권!$Q$89 -> 74992.299 | AC25: =+[5]영남권!$R$89 -> 77483.837 | AD25: =+[6]영남권!$Q$89 -> 76717.351 | AE25: =+Y25-AB25 -> 27391.945 | AF25: =+Z25-AC25 -> 22140.925 | AG25: =+AA25-AD25 -> 22761.378
G26: =+I26 -> 중부권 | I26: 중부권 | J26: =SUM(J19:J23) -> 54 | K26: =SUM(K19:K23) -> 48.8055 | L26: =+K26-J26 -> -5.1945 | M26: =SUM(M19:M23) -> 52.475 | N26: =+K26-M26 -> -3.6695 | O26: =SUM(O19:O23) -> 5708.4753 | P26: =SUM(P19:P23) -> 5092.2316 | Q26: =+P26-O26 -> -616.24372 | R26: =SUM(R19:R23) -> 5336.3915 | S26: =+P26-R26 -> -244.15994 | T26: =SUM(T19:T23) -> 970.36634 | U26: =SUM(U19:U23) -> 673.12587 | V26: =+U26-T26 -> -297.24047 | W26: =SUM(W19:W23) -> 809.92207 | X26: =+U26-W26 -> -136.7962 | Y26: =+[5]중부권!$Q$85 -> 105712.51 | Z26: =+[5]중부권!$R$85 -> 104305.46 | AA26: =+[6]중부권!$Q$85 -> 101710.77 | AB26: =+[5]중부권!$Q$89 -> 76433.153 | AC26: =+[5]중부권!$R$89 -> 75226.187 | AD26: =+[6]중부권!$Q$89 -> 74309.454 | AE26: =+Y26-AB26 -> 29279.352 | AF26: =+Z26-AC26 -> 29079.27 | AG26: =+AA26-AD26 -> 27401.312
G27: =+K27/J27 -> 0.81900971 | H27: 레미콘 계 | J27: =SUM(J24:J26) -> 288.5 | K27: =SUM(K24:K26) -> 236.2843 | L27: =+K27-J27 -> -52.2157 | M27: =SUM(M24:M26) -> 315.1905 | N27: =+K27-M27 -> -78.9062 | O27: =SUM(O24:O26) -> 29542.81 | P27: =SUM(P24:P26) -> 23619.373 | Q27: =+P27-O27 -> -5923.4376 | R27: =SUM(R24:R26) -> 31031.49 | S27: =+P27-R27 -> -7412.1175 | T27: =SUM(T24:T26) -> 4455.41 | U27: =SUM(U24:U26) -> 1732.7354 | V27: =+U27-T27 -> -2722.6747 | W27: =SUM(W24:W26) -> 3839.7991 | X27: =+U27-W27 -> -2107.0637 | Y27: =+[5]합계!$Q$85 -> 102401.42 | Z27: =+[5]합계!$R$85 -> 99989.728 | AA27: =+[6]합계!$Q$85 -> 98458.403 | AB27: =+[5]합계!$Q$89 -> 76414.329 | AC27: =+[5]합계!$R$89 -> 77657.504 | AD27: =+[6]합계!$Q$89 -> 75642.937 | AE27: =+Y27-AB27 -> 25987.093 | AF27: =+Z27-AC27 -> 22332.224 | AG27: =+AA27-AD27 -> 22815.466
B28: 건자재 | E28: 건자재영업 | G28: 건자재 | H28: 건자재 | J28: =+IFERROR(HLOOKUP($B28,'[1]9월'!$D$6:$BN$259,2,),) -> 6500 | K28: =+IFERROR(HLOOKUP($E28,'[2]9월'!$F$6:$CP$99,2,),) -> 7354.628 | L28: =+K28-J28 -> 854.628 | M28: =+IFERROR(HLOOKUP($E28,'[3]9월'!$F$6:$CC$57,2,),) -> 6990.503 | N28: =+K28-M28 -> 364.125 | O28: =+IFERROR(HLOOKUP($B28,'[1]9월'!$D$6:$BN$259,3,),)/1000 -> 7946.92 | P28: =+IFERROR(HLOOKUP($E28,'[2]9월'!$F$6:$CP$99,3,),)/1000 -> 7720.8259 | Q28: =+P28-O28 -> -226.09414 | R28: =+IFERROR(HLOOKUP($E28,'[3]9월'!$F$6:$CC$57,3,),)/1000 -> 9395.2205 | S28: =+P28-R28 -> -1674.3947 | T28: =+IFERROR(HLOOKUP($B28,'[1]9월'!$D$6:$BN$259,16,),)/1000 -> 60.891698 | U28: =+IFERROR(HLOOKUP($E28,'[2]9월'!$F$6:$CP$99,16,),)/1000 -> -15.579202 | V28: =+U28-T28 -> -76.4709 | W28: =+IFERROR(HLOOKUP($E28,'[3]9월'!$F$6:$CC$57,16,),)/1000 -> -1.565119 | X28: =+U28-W28 -> -14.014083 | Y28: ■ 비고
B29: 부산모래장 | C29: 부산골재 | G29: =+I29 -> 부산모래장 | H29: 골재 | I29: 부산모래장 | J29: =+IFERROR(HLOOKUP($B29,'[1]9월'!$D$6:$BN$259,2,),)/1000 -> 26.511795 | K29: =+IFERROR(HLOOKUP($C29,'[2]9월'!$F$6:$CP$99,2,),)/1000 -> 9.143 | L29: =+K29-J29 -> -17.368795 | M29: =+IFERROR(HLOOKUP($C29,'[3]9월'!$F$6:$CC$57,2,),)/1000 -> 27.469 | N29: =+K29-M29 -> -18.326 | O29: =+IFERROR(HLOOKUP($B29,'[1]9월'!$D$6:$BN$259,3,),)/1000 -> 754.203 | P29: =+IFERROR(HLOOKUP($C29,'[2]9월'!$F$6:$CP$99,3,),)/1000 -> 251.0855 | Q29: =+P29-O29 -> -503.1175 | R29: =+IFERROR(HLOOKUP($C29,'[3]9월'!$F$6:$CC$57,3,),)/1000 -> 783.537 | S29: =+P29-R29 -> -532.4515 | T29: =+IFERROR(HLOOKUP($B29,'[1]9월'!$D$6:$BN$259,21,),)/1000 -> 54.760474 | U29: =+IFERROR(HLOOKUP($C29,'[2]9월'!$F$6:$CP$99,21,),)/1000 -> -3.6659722 | V29: =+U29-T29 -> -58.426446 | W29: =+IFERROR(HLOOKUP($C29,'[3]9월'!$F$6:$CC$57,16,),)/1000 -> 21.691171 | X29: =+U29-W29 -> -25.357143 | Y29: □ 대손 환입 : 4억
B30: 서부산크라샤 | C30: 서부산골재 | G30: =+I30 -> 서부산CR | I30: 서부산CR | J30: =+IFERROR(HLOOKUP($B30,'[1]9월'!$D$6:$BN$259,2,),)/1000 -> 46.66963 | K30: =+IFERROR(HLOOKUP($C30,'[2]9월'!$F$6:$CP$99,2,),)/1000 -> 1.05 | L30: =+K30-J30 -> -45.61963 | M30: =+IFERROR(HLOOKUP($C30,'[3]9월'!$F$6:$CC$57,2,),)/1000 -> 33.128 | N30: =+K30-M30 -> -32.078 | O30: =+IFERROR(HLOOKUP($B30,'[1]9월'!$D$6:$BN$259,3,),)/1000 -> 561.62812 | P30: =+IFERROR(HLOOKUP($C30,'[2]9월'!$F$6:$CP$99,3,),)/1000 -> 12.075 | Q30: =+P30-O30 -> -549.55312 | R30: =+IFERROR(HLOOKUP($C30,'[3]9월'!$F$6:$CC$57,3,),)/1000 -> 413.92 | S30: =+P30-R30 -> -401.845 | T30: =+IFERROR(HLOOKUP($B30,'[1]9월'!$D$6:$BN$259,21,),)/1000 -> 67.872078 | U30: =+IFERROR(HLOOKUP($C30,'[2]9월'!$F$6:$CP$99,21,),)/1000 -> -87.578777 | V30: =+U30-T30 -> -155.45085 | W30: =+IFERROR(HLOOKUP($C30,'[3]9월'!$F$6:$CC$57,16,),)/1000 -> 85.058036 | X30: =+U30-W30 -> -172.63681 | Y30: - 집합 대손 : 1.7억
B31: 부산크라샤 | C31: 부산크라샤 | G31: =+I31 -> 부산CR | I31: 부산CR | J31: =+IFERROR(HLOOKUP($B31,'[1]9월'!$D$6:$BN$259,2,),)/1000 -> 41.11631 | K31: =+IFERROR(HLOOKUP($C31,'[2]9월'!$F$6:$CP$99,2,),)/1000 -> 36.758 | L31: =+K31-J31 -> -4.3583098 | M31: =+IFERROR(HLOOKUP($C31,'[3]9월'!$F$6:$CC$57,2,),)/1000 -> 21.312 | N31: =+K31-M31 -> 15.446 | O31: =+IFERROR(HLOOKUP($B31,'[1]9월'!$D$6:$BN$259,3,),)/1000 -> 744.43911 | P31: =+IFERROR(HLOOKUP($C31,'[2]9월'!$F$6:$CP$99,3,),)/1000 -> 622.585 | Q31: =+P31-O31 -> -121.85411 | R31: =+IFERROR(HLOOKUP($C31,'[3]9월'!$F$6:$CC$57,3,),)/1000 -> 377.489 | S31: =+P31-R31 -> 245.096 | T31: =+IFERROR(HLOOKUP($B31,'[1]9월'!$D$6:$BN$259,21,),)/1000 -> 17.132013 | U31: =+IFERROR(HLOOKUP($C31,'[2]9월'!$F$6:$CP$99,21,),)/1000 -> -221.73575 | V31: =+U31-T31 -> -238.86776 | W31: =+IFERROR(HLOOKUP($C31,'[3]9월'!$F$6:$CC$57,16,),)/1000 -> 44.142378 | X31: =+U31-W31 -> -265.87813 | Y31: - 개별 대손 : 2.3억(신일 1.2억, 남양건설 1.1억)
H32: 골재 계 | J32: =SUM(J29:J31) -> 114.29774 | K32: =SUM(K29:K31) -> 46.951 | L32: =+K32-J32 -> -67.346735 | M32: =SUM(M29:M31) -> 81.909 | N32: =+K32-M32 -> -34.958 | O32: =SUM(O29:O31) -> 2060.2702 | P32: =SUM(P29:P31) -> 885.7455 | Q32: =+P32-O32 -> -1174.5247 | R32: =SUM(R29:R31) -> 1574.946 | S32: =+P32-R32 -> -689.2005 | T32: =SUM(T29:T31) -> 139.76456 | U32: =SUM(U29:U31) -> -312.9805 | V32: =+U32-T32 -> -452.74506 | W32: =SUM(W29:W31) -> 150.89159 | X32: =+U32-W32 -> -463.87208
B33: 포항임대 | C33: 속초임대 | D33: 강릉임대 | E33: 레미콘임대 계 | G33: =+I33 -> 레미콘임대 | H33: 기타 | I33: 레미콘임대 | L33: =+K33-J33 -> 0 | N33: =+K33-M33 -> 0 | O33: =(IFERROR(HLOOKUP($B33,'[1]9월'!$D$6:$BN$259,3,),)++IFERROR(HLOOKUP($C33,'[1]9월'!$D$6:$BN$259,3,),)+IFERROR(HLOOKUP($D33,'[1]9월'!$D$6:$BN$259,3,),))/1000 -> 90.84 | P33: =+IFERROR(HLOOKUP($E33,'[2]9월'!$F$6:$CP$99,3,),)/1000 -> 90.84 | Q33: =+P33-O33 -> 0 | R33: =+IFERROR(HLOOKUP($E33,'[3]9월'!$F$6:$CC$57,3,),)/1000 -> 90.84 | S33: =+P33-R33 -> 0 | T33: =(IFERROR(HLOOKUP($B33,'[1]9월'!$D$6:$BN$259,21,),)++IFERROR(HLOOKUP($C33,'[1]9월'!$D$6:$BN$259,21,),)+IFERROR(HLOOKUP($D33,'[1]9월'!$D$6:$BN$259,21,),))/1000 -> 75.404842 | U33: =+IFERROR(HLOOKUP($E33,'[2]9월'!$F$6:$CP$99,16,),)/1000 -> 76.004227 | V33: =+U33-T33 -> 0.599385 | W33: =+IFERROR(HLOOKUP($E33,'[3]9월'!$F$6:$CC$57,16,),)/1000 -> 30.418728 | X33: =+U33-W33 -> 45.585499
B34: 부동산임대 | C34: 주유소임대 | E34: 임대 계 | G34: =+I34 -> 임대 | I34: 임대 | L34: =+K34-J34 -> 0 | M34: 0 | N34: =+K34-M34 -> 0 | O34: =(+IFERROR(HLOOKUP($B34,'[1]9월'!$D$6:$BN$259,3,),)+IFERROR(HLOOKUP($C34,'[1]9월'!$D$6:$BN$259,3,),))/1000 -> 72.8975 | P34: =+IFERROR(HLOOKUP($E34,'[2]9월'!$F$6:$CP$99,3,),)/1000 -> 73.318181 | Q34: =+P34-O34 -> 0.42068067 | R34: =+IFERROR(HLOOKUP($E34,'[3]9월'!$F$6:$CC$57,3,),)/1000 -> 92.762864 | S34: =+P34-R34 -> -19.444683 | T34: =(+IFERROR(HLOOKUP($B34,'[1]9월'!$D$6:$BN$259,21,),)+IFERROR(HLOOKUP($C34,'[1]9월'!$D$6:$BN$259,21,),))/1000 -> 75.238401 | U34: =+IFERROR(HLOOKUP($E34,'[2]9월'!$F$6:$CP$99,16,),)/1000 -> 75.78999 | V34: =+U34-T34 -> 0.55158867 | W34: =+IFERROR(HLOOKUP($E34,'[3]9월'!$F$6:$CC$57,16,),)/1000 -> 99.216891 | X34: =+U34-W34 -> -23.426901
B35: 공 통 비 | G35: =+I35 -> 공통비 | I35: 공통비 | L35: =+K35-J35 -> 0 | N35: =+K35-M35 -> 0 | Q35: =+P35-O35 -> 0 | S35: =+P35-R35 -> 0 | T35: =-'[1]9월'!$Z$22/1000 -> -1157.2821 | U35: =+-'[2]9월'!$Z$22/1000 -> -1368.6461 | V35: =+U35-T35 -> -211.36396 | W35: =+-'[3]9월'!$Z$22/1000 -> -1217.3342 | X35: =+U35-W35 -> -151.31189
G36: =+I36 -> OPC 소급분 | I36: OPC 소급분 | N36: =+K36-M36 -> 0 | Q36: =+P36-O36 -> 0 | S36: =+P36-R36 -> 0 | T36: =+'[1]9월'!$AS$26/1000 -> 0 | U36: ='[2]9월'!$BD$26/1000 -> 250 | V36: =+U36-T36 -> 250 | W36: =-'[3]9월'!$BD$26/1000 -> 0 | X36: =+U36-W36 -> 250
G37: =+I37 -> 대손 | I37: 대손 | N37: =+K37-M37 -> 0 | Q37: =+P37-O37 -> 0 | S37: =+P37-R37 -> 0 | U37: ='[2]9월'!$BE$26/1000 -> 401.64838 | V37: =+U37-T37 -> 401.64838 | W37: ='[3]9월'!$BE$26/1000 -> -776.15284 | X37: =+U37-W37 -> 1177.8012
G38: =+I38 -> 미운영 공장 | I38: 미운영 공장 | M38: =SUM(M54:M57) -> 0 | N38: =+K38-M38 -> 0 | Q38: =+P38-O38 -> 0 | R38: =+IFERROR(HLOOKUP($I$38,'[3]9월'!$F$6:$BJ$50,3,),)/1000 -> 0 | S38: =+P38-R38 -> 0 | T38: =SUM('[1]9월'!$AM$26:$AQ$26)/1000 -> -3.3575384 | U38: =+'[2]9월'!$BF$26/1000 -> -3.050165 | V38: =+U38-T38 -> 0.30737344 | W38: =+'[3]9월'!$BF$26/1000 -> -43.327927 | X38: =+U38-W38 -> 40.277762
B39: 기타 계 | G39: =+I39 -> 기타 | I39: 기타 | L39: =+K39-J39 -> 0 | N39: =+K39-M39 -> 0 | O39: =IFERROR(HLOOKUP($B39,'[1]9월'!$D$6:$BN$259,3,),)/1000 -> 1.77 | P39: =+('[2]9월'!$F$8-SUM('[2]9월'!$Z$8,'[2]9월'!$AH$8,'[2]9월'!$AN$8,'[2]9월'!$AO$8,'[2]9월'!$BA$8,'[2]9월'!$BD$8,'[2]9월'!$BE$8,'[2]9월'!$BF$8))/1000 -> 1.8162 | Q39: =+P39-O39 -> 0.0462 | R39: =+('[3]9월'!$F$8-SUM('[3]9월'!$Z$8,'[3]9월'!$AH$8,'[3]9월'!$AN$8,'[3]9월'!$AO$8,'[3]9월'!$BA$8,'[3]9월'!$BD$8,'[3]9월'!$BE$8,'[3]9월'!$BF$8))/1000 -> 1.7741 | S39: =+P39-R39 -> 0.0421 | T39: =+('[1]9월'!$E$26-'[1]9월'!$Z$26-'[1]9월'!$AA$26-'[1]9월'!$AE$26-'[1]9월'!$AL$26-'[1]9월'!$AM$26-'[1]9월'!$AN$26-'[1]9월'!$AO$26-'[1]9월'!$AP$26-'[1]9월'!$AQ$26-'[1]9월'!$AS$26)/1000 -> -68.088929 | U39: =+('[2]9월'!$F$26-SUM('[2]9월'!$Z$26,'[2]9월'!$AH$26,'[2]9월'!$AN$26,'[2]9월'!$AO$26,'[2]9월'!$BA$26,'[2]9월'!$BD$26,'[2]9월'!$BE$26,'[2]9월'!$BF$26))/1000 -> -6.254879 | V39: =+U39-T39 -> 61.83405 | W39: =+('[3]9월'!$F$26-SUM('[3]9월'!$Z$26,'[3]9월'!$AH$26,'[3]9월'!$AN$26,'[3]9월'!$AO$26,'[3]9월'!$BA$26,'[3]9월'!$BD$26,'[3]9월'!$BE$26,'[3]9월'!$BF$26))/1000 -> -17.243611 | X39: =+U39-W39 -> 10.988732
N40: =+K40-M40 -> 0 | Q40: =+P40-O40 -> 0 | S40: =+P40-R40 -> 0 | V40: =+U40-T40 -> 0
H41: 기타 계 | J41: =SUM(J33:J40) -> 0 | K41: =SUM(K33:K40) -> 0 | L41: =+K41-J41 -> 0 | M41: =SUM(M33:M40) -> 0 | N41: =+K41-M41 -> 0 | O41: =SUM(O33:O40) -> 165.5075 | P41: =SUM(P33:P40) -> 165.97438 | Q41: =+P41-O41 -> 0.46688067 | R41: =SUM(R33:R40) -> 185.37696 | S41: =+P41-R41 -> -19.402583 | T41: =SUM(T33:T40) -> -1078.0853 | U41: =SUM(U33:U40) -> -574.50853 | V41: =+U41-T41 -> 503.57682 | W41: =SUM(W33:W40) -> -1924.423 | X41: =+U41-W41 -> 1349.9144
U42: 19 | V42: 12.4
G43: =+P43/O43 -> 0.81559874 | H43: 합계 | O43: =+O27+O32+O28+O41 -> 39715.508 | P43: =+P27+P32+P28+P41 -> 32391.918 | Q43: =+P43-O43 -> -7323.5895 | R43: =+R27+R32+R28+R41 -> 42187.034 | S43: =+P43-R43 -> -9795.1153 | T43: =+T27+T32+T28+T41 -> 3577.981 | U43: =+U27+U32+U28+U41 -> 829.66716 | V43: =+U43-T43 -> -2748.3138 | W43: =+W27+W32+W28+W41 -> 2064.7026 | X43: =+U43-W43 -> -1235.0354
G44: =+U43/T43 -> 0.23188138 | P44: =+P43/O43 -> 0.81559874 | T44: =+T43/O43 -> 0.090090273 | U44: =+U43/P43 -> 0.0256134
I46: 확인 | J46: =+'[1]9월'!$Z$7/1000 -> 288.5 | K46: =+'[2]9월'!$AI$7/1000 -> 236.2843 | M46: =+'[3]9월'!$Z$7/1000 -> 315.1905 | O46: =+'[1]9월'!$E$8/1000 -> 39715.508 | P46: =+'[2]9월'!$F$8/1000 -> 32391.918 | R46: =+'[3]9월'!$F$8/1000 -> 42187.034 | T46: =+'[1]9월'!$E$26/1000 -> 3577.981 | U46: =+'[2]9월'!$F$26/1000 -> 829.66716 | W46: =+'[3]9월'!$F$26/1000 -> 2064.7026
J47: =+J46-J27 -> 0 | K47: =+K46-K27 -> 0 | M47: =+M46-M27 -> 0 | O47: =+O46-O43 -> 0 | P47: =+P46-P43 -> 0 | R47: =+R46-R43 -> 0 | T47: =+T46-T43 -> 0 | U47: =+U46-U43 -> -9.094947e-13 | W47: =+W46-W43 -> 0
S50: 레미콘 | T50: =(+T27+T35)/100 -> 32.981279 | U50: =(+U27+U35)/100 -> 3.6408931 | V50: =+U50-T50 -> -29.340386 | W50: =+U50/T50-1 -> -0.88960728
S51: 건자재 | T51: =+T28/100 -> 0.60891698 | U51: =+U28/100 -> -0.15579202 | V51: =+U51-T51 -> -0.764709 | Y51: - OPC 소급분 : 삼표 2.5억(총 9.9억 中 1회차) → 8~11월 총 4회 소급예정
S52: 골재 | T52: =+T32/100 -> 1.3976456 | U52: =+U32/100 -> -3.129805 | V52: =+U52-T52 -> -4.5274506
S53: 임대 | T53: =(T33+T34)/100 -> 1.5064324 | U53: =(U33+U34)/100 -> 1.5179422 | V53: =+U53-T53 -> 0.011509737
S54: 기타 | T54: =(T46/100)-T50-T51-T52-T53 -> -0.71446467 | U54: =(U46/100)-U50-U51-U52-U53 -> 6.4234334 | V54: =+U54-T54 -> 7.1378981
T55: =SUM(T53:T54) -> 0.79196776 | U55: =SUM(U53:U54) -> 7.9413756 | V55: =SUM(V53:V54) -> 7.1494078
S56: 임대 | T56: =+(T33+T34)/100 -> 1.5064324 | U56: =+(U33+U34)/100 -> 1.5179422 | V56: =+U56-T56 -> 0.011509737
S57: =+I36 -> OPC 소급분 | T57: =+T36/100 -> 0 | U57: =+U36/100 -> 2.5 | V57: =+U57-T57 -> 2.5
S58: =+I37 -> 대손 | T58: =+T37/100 -> 0 | U58: =+U37/100 -> 4.0164838 | V58: =+U58-T58 -> 4.0164838
S59: =+I38 -> 미운영 공장 | T59: =+T38/100 -> -0.033575384 | U59: =+U38/100 -> -0.03050165 | V59: =+U59-T59 -> 0.0030737344
S60: =+I39 -> 기타 | T60: =+T39/100 -> -0.68088929 | U60: =+U39/100 -> -0.06254879 | V60: =+U60-T60 -> 0.6183405
T61: =SUM(T56:T60) -> 0.79196776 | U61: =SUM(U56:U60) -> 7.9413756 | V61: =SUM(V56:V60) -> 7.1494078

Sheet 사업장별(누계)
H3: □ 사업장별 손익실적(2024-09누계)
AG4: [단위 : 천㎥, 톤, 백만원]
H5: 구분 | J5: 물량 | O5: 매출 | T5: 영업이익(공통비 배부전) | Y5: 판매단가 | AB5: 변동비 | AE5: 공헌이익
J6: 계획 | K6: 실적 | L6: 차이 | M6: 전년 | N6: 차이 | O6: 계획 | P6: 실적 | Q6: 차이 | R6: 전년 | S6: 차이 | T6: 계획 | U6: 실적 | V6: 차이 | W6: 전년 | X6: 차이 | Y6: 계획 | Z6: 실적 | AA6: 전년 | AB6: 계획 | AC6: 실적 | AD6: 전년 | AE6: 계획 | AF6: 실적 | AG6: 전년
B7: 안양 | F7: =+U7/T7 -> 0.65948828 | G7: =+K7/J7 -> 0.90436757 | H7: 레미콘 | I7: 안양 | J7: =+'사업장별(당월)'!J7+'[4]사업장별(누계)'!J7 -> 370 | K7: =+'사업장별(당월)'!K7+'[4]사업장별(누계)'!K7 -> 334.616 | L7: =+K7-J7 -> -35.384 | M7: =+'사업장별(당월)'!M7+'[4]사업장별(누계)'!M7 -> 399.888 | N7: =+K7-M7 -> -65.272 | O7: =+'사업장별(당월)'!O7+'[4]사업장별(누계)'!O7 -> 37069.957 | P7: =+'사업장별(당월)'!P7+'[4]사업장별(누계)'!P7 -> 33357.438 | Q7: =+P7-O7 -> -3712.5193 | R7: =+'사업장별(당월)'!R7+'[4]사업장별(누계)'!R7 -> 37165.112 | S7: =+P7-R7 -> -3807.6742 | T7: =+'사업장별(당월)'!T7+'[4]사업장별(누계)'!T7 -> 5070.1885 | U7: =+'사업장별(당월)'!U7+'[4]사업장별(누계)'!U7 -> 3343.7299 | V7: =+U7-T7 -> -1726.4586 | W7: =+'사업장별(당월)'!W7+'[4]사업장별(누계)'!W7 -> 5349.584 | X7: =+U7-W7 -> -2005.8541 | Y7: =+[11]안양!$Q$85 -> 100189.07 | Z7: =+[11]안양!$R$85 -> 99684.172 | AA7: =+[12]안양!$Q$85 -> 92912.317 | AB7: =+[11]안양!$Q$89 -> 79028.933 | AC7: =+[11]안양!$R$89 -> 81441.595 | AD7: =+[12]안양!$Q$89 -> 72942.375 | AE7: =+Y7-AB7 -> 21160.141 | AF7: =+Z7-AC7 -> 18242.577 | AG7: =+AA7-AD7 -> 19969.942 | AI7: =+U7/T7-1 -> -0.34051172 | AJ7: =+U7/T7 -> 0.65948828 | AK7: =+Z7-Y7 -> -504.90186 | AL7: =+AC7-AB7 -> 2412.6628 | AM7: =+AF7-AE7 -> -2917.5646
B8: 인천 | F8: =+U8/T8 -> 0.55847765 | G8: =+K8/J8 -> 0.88136996 | H8: 직영 | I8: 인천 | J8: =+'사업장별(당월)'!J8+'[4]사업장별(누계)'!J8 -> 273 | K8: =+'사업장별(당월)'!K8+'[4]사업장별(누계)'!K8 -> 240.614 | L8: =+K8-J8 -> -32.386 | M8: =+'사업장별(당월)'!M8+'[4]사업장별(누계)'!M8 -> 334.991 | N8: =+K8-M8 -> -94.377 | O8: =+'사업장별(당월)'!O8+'[4]사업장별(누계)'!O8 -> 27722.47 | P8: =+'사업장별(당월)'!P8+'[4]사업장별(누계)'!P8 -> 24052.031 | Q8: =+P8-O8 -> -3670.4393 | R8: =+'사업장별(당월)'!R8+'[4]사업장별(누계)'!R8 -> 32103.106 | S8: =+P8-R8 -> -8051.0756 | T8: =+'사업장별(당월)'!T8+'[4]사업장별(누계)'!T8 -> 2862.1879 | U8: =+'사업장별(당월)'!U8+'[4]사업장별(누계)'!U8 -> 1598.468 | V8: =+U8-T8 -> -1263.7199 | W8: =+'사업장별(당월)'!W8+'[4]사업장별(누계)'!W8 -> 3919.829 | X8: =+U8-W8 -> -2321.361 | Y8: =+[11]인천!$Q$85 -> 101547.51 | Z8: =+[11]인천!$R$85 -> 99965.701 | AA8: =+[12]인천!$Q$85 -> 95811.617 | AB8: =+[11]인천!$Q$89 -> 81151.823 | AC8: =+[11]인천!$R$89 -> 82345.503 | AD8: =+[12]인천!$Q$89 -> 75972.432 | AE8: =+Y8-AB8 -> 20395.686 | AF8: =+Z8-AC8 -> 17620.198 | AG8: =+AA8-AD8 -> 19839.185 | AI8: =+U8/T8-1 -> -0.44152235 | AK8: =+Z8-Y8 -> -1581.8078 | AL8: =+AC8-AB8 -> 1193.6806 | AM8: =+AF8-AE8 -> -2775.4884
B9: 파주 | F9: =+U9/T9 -> 0.55658247 | G9: =+K9/J9 -> 0.98384615 | I9: 파주 | J9: =+'사업장별(당월)'!J9+'[4]사업장별(누계)'!J9 -> 221 | K9: =+'사업장별(당월)'!K9+'[4]사업장별(누계)'!K9 -> 217.43 | L9: =+K9-J9 -> -3.57 | M9: =+'사업장별(당월)'!M9+'[4]사업장별(누계)'!M9 -> 234.142 | N9: =+K9-M9 -> -16.712 | O9: =+'사업장별(당월)'!O9+'[4]사업장별(누계)'!O9 -> 21780.382 | P9: =+'사업장별(당월)'!P9+'[4]사업장별(누계)'!P9 -> 21232.173 | Q9: =+P9-O9 -> -548.20922 | R9: =+'사업장별(당월)'!R9+'[4]사업장별(누계)'!R9 -> 21568.783 | S9: =+P9-R9 -> -336.60998 | T9: =+'사업장별(당월)'!T9+'[4]사업장별(누계)'!T9 -> 2911.5541 | U9: =+'사업장별(당월)'!U9+'[4]사업장별(누계)'!U9 -> 1620.52 | V9: =+U9-T9 -> -1291.0341 | W9: =+'사업장별(당월)'!W9+'[4]사업장별(누계)'!W9 -> 2435.4324 | X9: =+U9-W9 -> -814.91244 | Y9: =+[11]파주!$Q$85 -> 98553.765 | Z9: =+[11]파주!$R$85 -> 97669.562 | AA9: =+[12]파주!$Q$85 -> 92102.675 | AB9: =+[11]파주!$Q$89 -> 76286.031 | AC9: =+[11]파주!$R$89 -> 80630.911 | AD9: =+[12]파주!$Q$89 -> 73131.663 | AE9: =+Y9-AB9 -> 22267.734 | AF9: =+Z9-AC9 -> 17038.65 | AG9: =+AA9-AD9 -> 18971.012 | AI9: =+U9/T9-1 -> -0.44341753 | AK9: =+Z9-Y9 -> -884.20313 | AL9: =+AC9-AB9 -> 4344.88 | AM9: =+AF9-AE9 -> -5229.0832
B10: 김포 | F10: =+U10/T10 -> 0.50050178 | G10: =+K10/J10 -> 0.76280669 | I10: 김포 | J10: =+'사업장별(당월)'!J10+'[4]사업장별(누계)'!J10 -> 134.5 | K10: =+'사업장별(당월)'!K10+'[4]사업장별(누계)'!K10 -> 102.5975 | L10: =+K10-J10 -> -31.9025 | M10: =+'사업장별(당월)'!M10+'[4]사업장별(누계)'!M10 -> 145.074 | N10: =+K10-M10 -> -42.4765 | O10: =+'사업장별(당월)'!O10+'[4]사업장별(누계)'!O10 -> 12855.481 | P10: =+'사업장별(당월)'!P10+'[4]사업장별(누계)'!P10 -> 10047.479 | Q10: =+P10-O10 -> -2808.0018 | R10: =+'사업장별(당월)'!R10+'[4]사업장별(누계)'!R10 -> 13013.835 | S10: =+P10-R10 -> -2966.3559 | T10: =+'사업장별(당월)'!T10+'[4]사업장별(누계)'!T10 -> 1720.5477 | U10: =+'사업장별(당월)'!U10+'[4]사업장별(누계)'!U10 -> 861.13719 | V10: =+U10-T10 -> -859.41053 | W10: =+'사업장별(당월)'!W10+'[4]사업장별(누계)'!W10 -> 1622.0567 | X10: =+U10-W10 -> -760.91948 | Y10: =+[11]김포!$Q$85 -> 95579.784 | Z10: =+[11]김포!$R$85 -> 97948.634 | AA10: =+[12]김포!$Q$85 -> 89668.989 | AB10: =+[11]김포!$Q$89 -> 71663.359 | AC10: =+[11]김포!$R$89 -> 75397.686 | AD10: =+[12]김포!$Q$89 -> 68014.937 | AE10: =+Y10-AB10 -> 23916.425 | AF10: =+Z10-AC10 -> 22550.947 | AG10: =+AA10-AD10 -> 21654.052 | AI10: =+U10/T10-1 -> -0.49949822 | AK10: =+Z10-Y10 -> 2368.8494 | AL10: =+AC10-AB10 -> 3734.3273 | AM10: =+AF10-AE10 -> -1365.4779
B11: 부산 | F11: =+U11/T11 -> 0.7166037 | G11: =+K11/J11 -> 1.0139916 | I11: 부산 | J11: =+'사업장별(당월)'!J11+'[4]사업장별(누계)'!J11 -> 178 | K11: =+'사업장별(당월)'!K11+'[4]사업장별(누계)'!K11 -> 180.4905 | L11: =+K11-J11 -> 2.4905 | M11: =+'사업장별(당월)'!M11+'[4]사업장별(누계)'!M11 -> 210.1805 | N11: =+K11-M11 -> -29.69 | O11: =+'사업장별(당월)'!O11+'[4]사업장별(누계)'!O11 -> 19152.807 | P11: =+'사업장별(당월)'!P11+'[4]사업장별(누계)'!P11 -> 19514.875 | Q11: =+P11-O11 -> 362.06805 | R11: =+'사업장별(당월)'!R11+'[4]사업장별(누계)'!R11 -> 21674.129 | S11: =+P11-R11 -> -2159.2546 | T11: =+'사업장별(당월)'!T11+'[4]사업장별(누계)'!T11 -> 2781.5295 | U11: =+'사업장별(당월)'!U11+'[4]사업장별(누계)'!U11 -> 1993.2543 | V11: =+U11-T11 -> -788.27518 | W11: =+'사업장별(당월)'!W11+'[4]사업장별(누계)'!W11 -> 3808.7773 | X11: =+U11-W11 -> -1815.523 | Y11: =+[11]부산!$Q$85 -> 107600.04 | Z11: =+[11]부산!$R$85 -> 108121.34 | AA11: =+[12]부산!$Q$85 -> 103121.5 | AB11: =+[11]부산!$Q$89 -> 78337.484 | AC11: =+[11]부산!$R$89 -> 83970.264 | AD11: =+[12]부산!$Q$89 -> 74328.834 | AE11: =+Y11-AB11 -> 29262.553 | AF11: =+Z11-AC11 -> 24151.075 | AG11: =+AA11-AD11 -> 28792.669 | AI11: =+U11/T11-1 -> -0.2833963 | AK11: =+Z11-Y11 -> 521.30256 | AL11: =+AC11-AB11 -> 5632.7804 | AM11: =+AF11-AE11 -> -5111.4779
B12: 서부산 | F12: =+U12/T12 -> 0.57068268 | G12: =+K12/J12 -> 0.88447642 | I12: 서부산 | J12: =+'사업장별(당월)'!J12+'[4]사업장별(누계)'!J12 -> 212 | K12: =+'사업장별(당월)'!K12+'[4]사업장별(누계)'!K12 -> 187.509 | L12: =+K12-J12 -> -24.491 | M12: =+'사업장별(당월)'!M12+'[4]사업장별(누계)'!M12 -> 192.121 | N12: =+K12-M12 -> -4.612 | O12: =+'사업장별(당월)'!O12+'[4]사업장별(누계)'!O12 -> 22002.987 | P12: =+'사업장별(당월)'!P12+'[4]사업장별(누계)'!P12 -> 18965.682 | Q12: =+P12-O12 -> -3037.3054 | R12: =+'사업장별(당월)'!R12+'[4]사업장별(누계)'!R12 -> 19346.943 | S12: =+P12-R12 -> -381.26136 | T12: =+'사업장별(당월)'!T12+'[4]사업장별(누계)'!T12 -> 3781.4325 | U12: =+'사업장별(당월)'!U12+'[4]사업장별(누계)'!U12 -> 2157.998 | V12: =+U12-T12 -> -1623.4345 | W12: =+'사업장별(당월)'!W12+'[4]사업장별(누계)'!W12 -> 3256.2757 | X12: =+U12-W12 -> -1098.2777 | Y12: =+[11]서부산!$Q$85 -> 103787.68 | Z12: =+[11]서부산!$R$85 -> 101146.84 | AA12: =+[12]서부산!$Q$85 -> 100701.87 | AB12: =+[11]서부산!$Q$89 -> 76948.079 | AC12: =+[11]서부산!$R$89 -> 78909.296 | AD12: =+[12]서부산!$Q$89 -> 74211.611 | AE12: =+Y12-AB12 -> 26839.597 | AF12: =+Z12-AC12 -> 22237.543 | AG12: =+AA12-AD12 -> 26490.255 | AI12: =+U12/T12-1 -> -0.42931732 | AK12: =+Z12-Y12 -> -2640.8366 | AL12: =+AC12-AB12 -> 1961.2174 | AM12: =+AF12-AE12 -> -4602.054
B13: 김해 | F13: =+U13/T13 -> 0.56528606 | G13: =+K13/J13 -> 1.1598846 | I13: 김해 | J13: =+'사업장별(당월)'!J13+'[4]사업장별(누계)'!J13 -> 104 | K13: =+'사업장별(당월)'!K13+'[4]사업장별(누계)'!K13 -> 120.628 | L13: =+K13-J13 -> 16.628 | M13: =+'사업장별(당월)'!M13+'[4]사업장별(누계)'!M13 -> 117.15 | N13: =+K13-M13 -> 3.478 | O13: =+'사업장별(당월)'!O13+'[4]사업장별(누계)'!O13 -> 10503.989 | P13: =+'사업장별(당월)'!P13+'[4]사업장별(누계)'!P13 -> 11543.275 | Q13: =+P13-O13 -> 1039.2859 | R13: =+'사업장별(당월)'!R13+'[4]사업장별(누계)'!R13 -> 11469.056 | S13: =+P13-R13 -> 74.218502 | T13: =+'사업장별(당월)'!T13+'[4]사업장별(누계)'!T13 -> 1255.3956 | U13: =+'사업장별(당월)'!U13+'[4]사업장별(누계)'!U13 -> 709.65761 | V13: =+U13-T13 -> -545.73795 | W13: =+'사업장별(당월)'!W13+'[4]사업장별(누계)'!W13 -> 1514.0367 | X13: =+U13-W13 -> -804.37911 | Y13: =+[11]김해!$Q$85 -> 100999.89 | Z13: =+[11]김해!$R$85 -> 95792.183 | AA13: =+[12]김해!$Q$85 -> 97918.474 | AB13: =+[11]김해!$Q$89 -> 76387.787 | AC13: =+[11]김해!$R$89 -> 78786.827 | AD13: =+[12]김해!$Q$89 -> 74094.354 | AE13: =+Y13-AB13 -> 24612.107 | AF13: =+Z13-AC13 -> 17005.356 | AG13: =+AA13-AD13 -> 23824.12 | AI13: =+U13/T13-1 -> -0.43471394 | AK13: =+Z13-Y13 -> -5207.7108 | AL13: =+AC13-AB13 -> 2399.0396 | AM13: =+AF13-AE13 -> -7606.7503
B14: 정관 | F14: =+U14/T14 -> 0.73702144 | G14: =+K14/J14 -> 1.1391786 | I14: 정관 | J14: =+'사업장별(당월)'!J14+'[4]사업장별(누계)'!J14 -> 154 | K14: =+'사업장별(당월)'!K14+'[4]사업장별(누계)'!K14 -> 175.4335 | L14: =+K14-J14 -> 21.4335 | M14: =+'사업장별(당월)'!M14+'[4]사업장별(누계)'!M14 -> 167.465 | N14: =+K14-M14 -> 7.9685 | O14: =+'사업장별(당월)'!O14+'[4]사업장별(누계)'!O14 -> 16016 | P14: =+'사업장별(당월)'!P14+'[4]사업장별(누계)'!P14 -> 17795.158 | Q14: =+P14-O14 -> 1779.1583 | R14: =+'사업장별(당월)'!R14+'[4]사업장별(누계)'!R14 -> 16882.395 | S14: =+P14-R14 -> 912.76343 | T14: =+'사업장별(당월)'!T14+'[4]사업장별(누계)'!T14 -> 2171.2407 | U14: =+'사업장별(당월)'!U14+'[4]사업장별(누계)'!U14 -> 1600.251 | V14: =+U14-T14 -> -570.98977 | W14: =+'사업장별(당월)'!W14+'[4]사업장별(누계)'!W14 -> 2577.6063 | X14: =+U14-W14 -> -977.35532 | Y14: =+[11]정관!$Q$85 -> 104000 | Z14: =+[11]정관!$R$85 -> 101435.35 | AA14: =+[12]정관!$Q$85 -> 100811.48 | AB14: =+[11]정관!$Q$89 -> 78232.249 | AC14: =+[11]정관!$R$89 -> 81822.969 | AD14: =+[12]정관!$Q$89 -> 75189.007 | AE14: =+Y14-AB14 -> 25767.751 | AF14: =+Z14-AC14 -> 19612.38 | AG14: =+AA14-AD14 -> 25622.475 | AI14: =+U14/T14-1 -> -0.26297856 | AK14: =+Z14-Y14 -> -2564.6507 | AL14: =+AC14-AB14 -> 3590.7202 | AM14: =+AF14-AE14 -> -6155.3709
B15: 양산 | F15: =+U15/T15 -> 0.77631564 | G15: =+K15/J15 -> 1.1997979 | I15: 양산 | J15: =+'사업장별(당월)'!J15+'[4]사업장별(누계)'!J15 -> 94 | K15: =+'사업장별(당월)'!K15+'[4]사업장별(누계)'!K15 -> 112.781 | L15: =+K15-J15 -> 18.781 | M15: =+'사업장별(당월)'!M15+'[4]사업장별(누계)'!M15 -> 124.616 | N15: =+K15-M15 -> -11.835 | O15: =+'사업장별(당월)'!O15+'[4]사업장별(누계)'!O15 -> 9086.2112 | P15: =+'사업장별(당월)'!P15+'[4]사업장별(누계)'!P15 -> 10439.652 | Q15: =+P15-O15 -> 1353.4411 | R15: =+'사업장별(당월)'!R15+'[4]사업장별(누계)'!R15 -> 11666.633 | S15: =+P15-R15 -> -1226.9807 | T15: =+'사업장별(당월)'!T15+'[4]사업장별(누계)'!T15 -> 1202.8617 | U15: =+'사업장별(당월)'!U15+'[4]사업장별(누계)'!U15 -> 933.80031 | V15: =+U15-T15 -> -269.06134 | W15: =+'사업장별(당월)'!W15+'[4]사업장별(누계)'!W15 -> 1798.1233 | X15: =+U15-W15 -> -864.32298 | Y15: =+[11]양산!$Q$85 -> 96661.821 | Z15: =+[11]양산!$R$85 -> 92565.7 | AA15: =+[12]양산!$Q$85 -> 93622.357 | AB15: =+[11]양산!$Q$89 -> 70320.794 | AC15: =+[11]양산!$R$89 -> 73029.103 | AD15: =+[12]양산!$Q$89 -> 68603.937 | AE15: =+Y15-AB15 -> 26341.027 | AF15: =+Z15-AC15 -> 19536.597 | AG15: =+AA15-AD15 -> 25018.42 | AI15: =+U15/T15-1 -> -0.22368436 | AK15: =+Z15-Y15 -> -4096.1208 | AL15: =+AC15-AB15 -> 2708.3087 | AM15: =+AF15-AE15 -> -6804.4295
B16: 창원 | F16: =+U16/T16 -> 1.0287401 | G16: =+K16/J16 -> 1.099081 | I16: 창원 | J16: =+'사업장별(당월)'!J16+'[4]사업장별(누계)'!J16 -> 142 | K16: =+'사업장별(당월)'!K16+'[4]사업장별(누계)'!K16 -> 156.0695 | L16: =+K16-J16 -> 14.0695 | M16: =+'사업장별(당월)'!M16+'[4]사업장별(누계)'!M16 -> 176.656 | N16: =+K16-M16 -> -20.5865 | O16: =+'사업장별(당월)'!O16+'[4]사업장별(누계)'!O16 -> 14308.352 | P16: =+'사업장별(당월)'!P16+'[4]사업장별(누계)'!P16 -> 15834.131 | Q16: =+P16-O16 -> 1525.7795 | R16: =+'사업장별(당월)'!R16+'[4]사업장별(누계)'!R16 -> 16878.591 | S16: =+P16-R16 -> -1044.4595 | T16: =+'사업장별(당월)'!T16+'[4]사업장별(누계)'!T16 -> 2296.1982 | U16: =+'사업장별(당월)'!U16+'[4]사업장별(누계)'!U16 -> 2362.1912 | V16: =+U16-T16 -> 65.992945 | W16: =+'사업장별(당월)'!W16+'[4]사업장별(누계)'!W16 -> 3281.3008 | X16: =+U16-W16 -> -919.10962 | Y16: =+[11]창원!$Q$85 -> 100763.04 | Z16: =+[11]창원!$R$85 -> 101455.64 | AA16: =+[12]창원!$Q$85 -> 95544.96 | AB16: =+[11]창원!$Q$89 -> 72293.28 | AC16: =+[11]창원!$R$89 -> 74911.761 | AD16: =+[12]창원!$Q$89 -> 67516.206 | AE16: =+Y16-AB16 -> 28469.759 | AF16: =+Z16-AC16 -> 26543.878 | AG16: =+AA16-AD16 -> 28028.754 | AI16: =+U16/T16-1 -> 0.02874009 | AK16: =+Z16-Y16 -> 692.60122 | AL16: =+AC16-AB16 -> 2618.4817 | AM16: =+AF16-AE16 -> -1925.8804
B17: 대구 | F17: =+U17/T17 -> 0.88052587 | G17: =+K17/J17 -> 0.99463121 | I17: 대구 | J17: =+'사업장별(당월)'!J17+'[4]사업장별(누계)'!J17 -> 141 | K17: =+'사업장별(당월)'!K17+'[4]사업장별(누계)'!K17 -> 140.243 | L17: =+K17-J17 -> -0.757 | M17: =+'사업장별(당월)'!M17+'[4]사업장별(누계)'!M17 -> 176.091 | N17: =+K17-M17 -> -35.848 | O17: =+'사업장별(당월)'!O17+'[4]사업장별(누계)'!O17 -> 13786.54 | P17: =+'사업장별(당월)'!P17+'[4]사업장별(누계)'!P17 -> 14137.288 | Q17: =+P17-O17 -> 350.74845 | R17: =+'사업장별(당월)'!R17+'[4]사업장별(누계)'!R17 -> 16421.257 | S17: =+P17-R17 -> -2283.9685 | T17: =+'사업장별(당월)'!T17+'[4]사업장별(누계)'!T17 -> 2403.1886 | U17: =+'사업장별(당월)'!U17+'[4]사업장별(누계)'!U17 -> 2116.0697 | V17: =+U17-T17 -> -287.11887 | W17: =+'사업장별(당월)'!W17+'[4]사업장별(누계)'!W17 -> 3070.744 | X17: =+U17-W17 -> -954.67425 | Y17: =+[11]대구!$Q$85 -> 97776.879 | Z17: =+[11]대구!$R$85 -> 100805.66 | AA17: =+[12]대구!$Q$85 -> 93250.301 | AB17: =+[11]대구!$Q$89 -> 69644.427 | AC17: =+[11]대구!$R$89 -> 74446.445 | AD17: =+[12]대구!$Q$89 -> 67049.123 | AE17: =+Y17-AB17 -> 28132.453 | AF17: =+Z17-AC17 -> 26359.217 | AG17: =+AA17-AD17 -> 26201.178 | AI17: =+U17/T17-1 -> -0.11947413 | AK17: =+Z17-Y17 -> 3028.7825 | AL17: =+AC17-AB17 -> 4802.0178 | AM17: =+AF17-AE17 -> -1773.2352
B18: 울산 | F18: =+U18/T18 -> 2.6792291 | G18: =+K18/J18 -> 1.2771216 | I18: 울산 | J18: =+'사업장별(당월)'!J18+'[4]사업장별(누계)'!J18 -> 74 | K18: =+'사업장별(당월)'!K18+'[4]사업장별(누계)'!K18 -> 94.507 | L18: =+K18-J18 -> 20.507 | M18: =+'사업장별(당월)'!M18+'[4]사업장별(누계)'!M18 -> 78.9415 | N18: =+K18-M18 -> 15.5655 | O18: =+'사업장별(당월)'!O18+'[4]사업장별(누계)'!O18 -> 7413.2222 | P18: =+'사업장별(당월)'!P18+'[4]사업장별(누계)'!P18 -> 9827.7895 | Q18: =+P18-O18 -> 2414.5673 | R18: =+'사업장별(당월)'!R18+'[4]사업장별(누계)'!R18 -> 7503.1536 | S18: =+P18-R18 -> 2324.6359 | T18: =+'사업장별(당월)'!T18+'[4]사업장별(누계)'!T18 -> 403.25755 | U18: =+'사업장별(당월)'!U18+'[4]사업장별(누계)'!U18 -> 1080.4193 | V18: =+U18-T18 -> 677.1618 | W18: =+'사업장별(당월)'!W18+'[4]사업장별(누계)'!W18 -> 516.1412 | X18: =+U18-W18 -> 564.27815 | Y18: =+[11]울산!$Q$85 -> 100178.68 | Z18: =+[11]울산!$R$85 -> 103990.07 | AA18: =+[12]울산!$Q$85 -> 95068.359 | AB18: =+[11]울산!$Q$89 -> 78375.057 | AC18: =+[11]울산!$R$89 -> 80241.741 | AD18: =+[12]울산!$Q$89 -> 73979.252 | AE18: =+Y18-AB18 -> 21803.622 | AF18: =+Z18-AC18 -> 23748.329 | AG18: =+AA18-AD18 -> 21089.107 | AI18: =+U18/T18-1 -> 1.6792291 | AJ18: =+U18/T18 -> 2.6792291 | AK18: =+Z18-Y18 -> 3811.391 | AL18: =+AC18-AB18 -> 1866.6844 | AM18: =+AF18-AE18 -> 1944.7067
B19: 아산 | F19: =+U19/T19 -> 1.1664959 | G19: =+K19/J19 -> 1.1772538 | I19: 아산 | J19: =+'사업장별(당월)'!J19+'[4]사업장별(누계)'!J19 -> 197 | K19: =+'사업장별(당월)'!K19+'[4]사업장별(누계)'!K19 -> 231.919 | L19: =+K19-J19 -> 34.919 | M19: =+'사업장별(당월)'!M19+'[4]사업장별(누계)'!M19 -> 223.651 | N19: =+K19-M19 -> 8.268 | O19: =+'사업장별(당월)'!O19+'[4]사업장별(누계)'!O19 -> 19896.993 | P19: =+'사업장별(당월)'!P19+'[4]사업장별(누계)'!P19 -> 23496.461 | Q19: =+P19-O19 -> 3599.4677 | R19: =+'사업장별(당월)'!R19+'[4]사업장별(누계)'!R19 -> 21391.768 | S19: =+P19-R19 -> 2104.6934 | T19: =+'사업장별(당월)'!T19+'[4]사업장별(누계)'!T19 -> 2884.3014 | U19: =+'사업장별(당월)'!U19+'[4]사업장별(누계)'!U19 -> 3364.5258 | V19: =+U19-T19 -> 480.22448 | W19: =+'사업장별(당월)'!W19+'[4]사업장별(누계)'!W19 -> 3577.7006 | X19: =+U19-W19 -> -213.17475 | Y19: =+[11]아산!$Q$85 -> 100999.97 | Z19: =+[11]아산!$R$85 -> 101260.31 | AA19: =+[12]아산!$Q$85 -> 95730.928 | AB19: =+[11]아산!$Q$89 -> 76543.44 | AC19: =+[11]아산!$R$89 -> 76950.847 | AD19: =+[12]아산!$Q$89 -> 70461.691 | AE19: =+Y19-AB19 -> 24456.527 | AF19: =+Z19-AC19 -> 24309.459 | AG19: =+AA19-AD19 -> 25269.237 | AI19: =+U19/T19-1 -> 0.16649595 | AJ19: =+U19/T19 -> 1.1664959
B20: 전주 | F20: =+U20/T20 -> 0.30104907 | G20: =+K20/J20 -> 0.72577404 | I20: 전주 | J20: =+'사업장별(당월)'!J20+'[4]사업장별(누계)'!J20 -> 104 | K20: =+'사업장별(당월)'!K20+'[4]사업장별(누계)'!K20 -> 75.4805 | L20: =+K20-J20 -> -28.5195 | M20: =+'사업장별(당월)'!M20+'[4]사업장별(누계)'!M20 -> 94.448 | N20: =+K20-M20 -> -18.9675 | O20: =+'사업장별(당월)'!O20+'[4]사업장별(누계)'!O20 -> 10680.463 | P20: =+'사업장별(당월)'!P20+'[4]사업장별(누계)'!P20 -> 7271.5489 | Q20: =+P20-O20 -> -3408.914 | R20: =+'사업장별(당월)'!R20+'[4]사업장별(누계)'!R20 -> 9313.3286 | S20: =+P20-R20 -> -2041.7797 | T20: =+'사업장별(당월)'!T20+'[4]사업장별(누계)'!T20 -> 1706.7696 | U20: =+'사업장별(당월)'!U20+'[4]사업장별(누계)'!U20 -> 513.82139 | V20: =+U20-T20 -> -1192.9482 | W20: =+'사업장별(당월)'!W20+'[4]사업장별(누계)'!W20 -> 1463.4525 | X20: =+U20-W20 -> -949.63113 | Y20: =+[11]전주!$Q$85 -> 102696.76 | Z20: =+[11]전주!$R$85 -> 96338.476 | AA20: =+[12]전주!$Q$85 -> 98723.22 | AB20: =+[11]전주!$Q$89 -> 73585.157 | AC20: =+[11]전주!$R$89 -> 71733.33 | AD20: =+[12]전주!$Q$89 -> 69567.78 | AE20: =+Y20-AB20 -> 29111.602 | AF20: =+Z20-AC20 -> 24605.146 | AG20: =+AA20-AD20 -> 29155.44 | AI20: =+U20/T20-1 -> -0.69895093
B21: 군산 | F21: =+U21/T21 -> 1.5124387 | G21: =+K21/J21 -> 1.2976864 | I21: 군산 | J21: =+'사업장별(당월)'!J21+'[4]사업장별(누계)'!J21 -> 59 | K21: =+'사업장별(당월)'!K21+'[4]사업장별(누계)'!K21 -> 76.5635 | L21: =+K21-J21 -> 17.5635 | M21: =+'사업장별(당월)'!M21+'[4]사업장별(누계)'!M21 -> 70.688 | N21: =+K21-M21 -> 5.8755 | O21: =+'사업장별(당월)'!O21+'[4]사업장별(누계)'!O21 -> 6432.5394 | P21: =+'사업장별(당월)'!P21+'[4]사업장별(누계)'!P21 -> 8684.7115 | Q21: =+P21-O21 -> 2252.1721 | R21: =+'사업장별(당월)'!R21+'[4]사업장별(누계)'!R21 -> 6964.0924 | S21: =+P21-R21 -> 1720.6191 | T21: =+'사업장별(당월)'!T21+'[4]사업장별(누계)'!T21 -> 1601.4384 | U21: =+'사업장별(당월)'!U21+'[4]사업장별(누계)'!U21 -> 2422.0773 | V21: =+U21-T21 -> 820.63895 | W21: =+'사업장별(당월)'!W21+'[4]사업장별(누계)'!W21 -> 1606.3869 | X21: =+U21-W21 -> 815.69038 | Y21: =+[11]군산!$Q$85 -> 109026.09 | Z21: =+[11]군산!$R$85 -> 113449.1 | AA21: =+[12]군산!$Q$85 -> 98351.435 | AB21: =+[11]군산!$Q$89 -> 69679.927 | AC21: =+[11]군산!$R$89 -> 72317.711 | AD21: =+[12]군산!$Q$89 -> 64869.08 | AE21: =+Y21-AB21 -> 39346.164 | AF21: =+Z21-AC21 -> 41131.387 | AG21: =+AA21-AD21 -> 33482.355 | AI21: =+U21/T21-1 -> 0.51243867 | AJ21: =+U21/T21 -> 1.5124387
B22: 원주 | F22: =+U22/T22 -> 1.4553777 | G22: =+K22/J22 -> 1.1194 | I22: 원주 | J22: =+'사업장별(당월)'!J22+'[4]사업장별(누계)'!J22 -> 45 | K22: =+'사업장별(당월)'!K22+'[4]사업장별(누계)'!K22 -> 50.373 | L22: =+K22-J22 -> 5.373 | M22: =+'사업장별(당월)'!M22+'[4]사업장별(누계)'!M22 -> 40.4235 | N22: =+K22-M22 -> 9.9495 | O22: =+'사업장별(당월)'!O22+'[4]사업장별(누계)'!O22 -> 4855.5 | P22: =+'사업장별(당월)'!P22+'[4]사업장별(누계)'!P22 -> 5665.3094 | Q22: =+P22-O22 -> 809.80939 | R22: =+'사업장별(당월)'!R22+'[4]사업장별(누계)'!R22 -> 4099.3855 | S22: =+P22-R22 -> 1565.9239 | T22: =+'사업장별(당월)'!T22+'[4]사업장별(누계)'!T22 -> 775.53943 | U22: =+'사업장별(당월)'!U22+'[4]사업장별(누계)'!U22 -> 1128.7028 | V22: =+U22-T22 -> 353.16335 | W22: =+'사업장별(당월)'!W22+'[4]사업장별(누계)'!W22 -> 658.04974 | X22: =+U22-W22 -> 470.65304 | Y22: =+[11]원주!$Q$85 -> 107900 | Z22: =+[11]원주!$R$85 -> 112473.28 | AA22: =+[12]원주!$Q$85 -> 101414.71 | AB22: =+[11]원주!$Q$89 -> 73368.016 | AC22: =+[11]원주!$R$89 -> 73811.468 | AD22: =+[12]원주!$Q$89 -> 67339.715 | AE22: =+Y22-AB22 -> 34531.984 | AF22: =+Z22-AC22 -> 38661.808 | AG22: =+AA22-AD22 -> 34074.997 | AI22: =+U22/T22-1 -> 0.45537768 | AJ22: =+U22/T22 -> 1.4553777
B23: 제주 | F23: =+U23/T23 -> 0.35079989 | G23: =+K23/J23 -> 0.6420102 | I23: 제주 | J23: =+'사업장별(당월)'!J23+'[4]사업장별(누계)'!J23 -> 49 | K23: =+'사업장별(당월)'!K23+'[4]사업장별(누계)'!K23 -> 31.4585 | L23: =+K23-J23 -> -17.5415 | M23: =+'사업장별(당월)'!M23+'[4]사업장별(누계)'!M23 -> 63.4785 | N23: =+K23-M23 -> -32.02 | O23: =+'사업장별(당월)'!O23+'[4]사업장별(누계)'!O23 -> 6211.4 | P23: =+'사업장별(당월)'!P23+'[4]사업장별(누계)'!P23 -> 3929.3066 | Q23: =+P23-O23 -> -2282.0934 | R23: =+'사업장별(당월)'!R23+'[4]사업장별(누계)'!R23 -> 7577.8459 | S23: =+P23-R23 -> -3648.5393 | T23: =+'사업장별(당월)'!T23+'[4]사업장별(누계)'!T23 -> 927.14229 | U23: =+'사업장별(당월)'!U23+'[4]사업장별(누계)'!U23 -> 325.24142 | V23: =+U23-T23 -> -601.90087 | W23: =+'사업장별(당월)'!W23+'[4]사업장별(누계)'!W23 -> 1503.5674 | X23: =+U23-W23 -> -1178.326 | Y23: =+[11]제주!$Q$85 -> 126763.27 | Z23: =+[11]제주!$R$85 -> 124904.45 | AA23: =+[12]제주!$Q$85 -> 119412.99 | AB23: =+[11]제주!$Q$89 -> 90659.987 | AC23: =+[11]제주!$R$89 -> 89107.933 | AD23: =+[12]제주!$Q$89 -> 83843.537 | AE23: =+Y23-AB23 -> 36103.278 | AF23: =+Z23-AC23 -> 35796.514 | AG23: =+AA23-AD23 -> 35569.452 | AI23: =+U23/T23-1 -> -0.64920011 | AJ23: =+U23/T23 -> 0.35079989
F24: =+U24/T24 -> 0.59086059 | G24: =+K24/J24 -> 0.8966024 | I24: 수도권 | J24: =SUM(J7:J10) -> 998.5 | K24: =SUM(K7:K10) -> 895.2575 | L24: =+K24-J24 -> -103.2425 | M24: =SUM(M7:M10) -> 1114.095 | N24: =+K24-M24 -> -218.8375 | O24: =SUM(O7:O10) -> 99428.29 | P24: =SUM(P7:P10) -> 88689.121 | Q24: =+P24-O24 -> -10739.17 | R24: =SUM(R7:R10) -> 103850.84 | S24: =+P24-R24 -> -15161.716 | T24: =SUM(T7:T10) -> 12564.478 | U24: =SUM(U7:U10) -> 7423.8551 | V24: =+U24-T24 -> -5140.6232 | W24: =SUM(W7:W10) -> 13326.902 | X24: =+U24-W24 -> -5903.047 | Y24: =+[11]수도권!$Q$85 -> 99577.657 | Z24: =+[11]수도권!$R$85 -> 99076.406 | AA24: =+[12]수도권!$Q$85 -> 93201.232 | AB24: =+[11]수도권!$Q$89 -> 78010.103 | AC24: =+[11]수도권!$R$89 -> 80800.205 | AD24: =+[12]수도권!$Q$89 -> 73255.309 | AE24: =+Y24-AB24 -> 21567.554 | AF24: =+Z24-AC24 -> 18276.201 | AG24: =+AA24-AD24 -> 19945.923 | AI24: =+U24/T24-1 -> -0.40913941 | AK24: =+Z24-Y24 -> -501.25066 | AL24: =+AC24-AB24 -> 2790.1022 | AM24: =+AF24-AE24 -> -3291.3529
F25: =+U25/T25 -> 0.79494069 | G25: =+K25/J25 -> 1.0624763 | I25: 영남권 | J25: =SUM(J11:J18) -> 1099 | K25: =SUM(K11:K18) -> 1167.6615 | L25: =+K25-J25 -> 68.6615 | M25: =SUM(M11:M18) -> 1243.221 | N25: =+K25-M25 -> -75.5595 | O25: =SUM(O11:O18) -> 112270.11 | P25: =SUM(P11:P18) -> 118057.85 | Q25: =+P25-O25 -> 5787.7432 | R25: =SUM(R11:R18) -> 121842.16 | S25: =+P25-R25 -> -3784.3069 | T25: =SUM(T11:T18) -> 16295.104 | U25: =SUM(U11:U18) -> 12953.641 | V25: =+U25-T25 -> -3341.4628 | W25: =SUM(W11:W18) -> 19823.005 | X25: =+U25-W25 -> -6869.3638 | Y25: =+[11]영남권!$Q$85 -> 102156.6 | Z25: =+[11]영남권!$R$85 -> 101125.79 | AA25: =+[12]영남권!$Q$85 -> 98010.539 | AB25: =+[11]영남권!$Q$89 -> 75290.792 | AC25: =+[11]영남권!$R$89 -> 78591.615 | AD25: =+[12]영남권!$Q$89 -> 71816.438 | AE25: =+Y25-AB25 -> 26865.812 | AF25: =+Z25-AC25 -> 22534.178 | AG25: =+AA25-AD25 -> 26194.102 | AI25: =+U25/T25-1 -> -0.20505931 | AK25: =+Z25-Y25 -> -1030.8105 | AL25: =+AC25-AB25 -> 3300.8236 | AM25: =+AF25-AE25 -> -4331.6341
F26: =+U26/T26 -> 0.98216354 | G26: =+K26/J26 -> 1.0259791 | I26: 중부권 | J26: =SUM(J19:J23) -> 454 | K26: =SUM(K19:K23) -> 465.7945 | L26: =+K26-J26 -> 11.7945 | M26: =SUM(M19:M23) -> 492.689 | N26: =+K26-M26 -> -26.8945 | O26: =SUM(O19:O23) -> 48076.896 | P26: =SUM(P19:P23) -> 49047.338 | Q26: =+P26-O26 -> 970.44175 | R26: =SUM(R19:R23) -> 49346.42 | S26: =+P26-R26 -> -299.08256 | T26: =SUM(T19:T23) -> 7895.191 | U26: =SUM(U19:U23) -> 7754.3687 | V26: =+U26-T26 -> -140.82228 | W26: =SUM(W19:W23) -> 8809.1572 | X26: =+U26-W26 -> -1054.7885 | Y26: =+[11]중부권!$Q$85 -> 105896.25 | Z26: =+[11]중부권!$R$85 -> 105285.09 | AA26: =+[12]중부권!$Q$85 -> 100295.68 | AB26: =+[11]중부권!$Q$89 -> 76182.665 | AC26: =+[11]중부권!$R$89 -> 75825.963 | AD26: =+[12]중부권!$Q$89 -> 70984.622 | AE26: =+Y26-AB26 -> 29713.582 | AF26: =+Z26-AC26 -> 29459.127 | AG26: =+AA26-AD26 -> 29311.056 | AI26: =+U26/T26-1 -> -0.017836462 | AK26: =+Z26-Y26 -> -611.15626 | AL26: =+AC26-AB26 -> -356.70187 | AM26: =+AF26-AE26 -> -254.45439
F27: =+U27/T27 -> 0.76539351 | G27: =+K27/J27 -> 0.99106937 | H27: 레미콘 계 | J27: =SUM(J24:J26) -> 2551.5 | K27: =SUM(K24:K26) -> 2528.7135 | L27: =+K27-J27 -> -22.7865 | M27: =SUM(M24:M26) -> 2850.005 | N27: =+K27-M27 -> -321.2915 | O27: =SUM(O24:O26) -> 259775.29 | P27: =SUM(P24:P26) -> 255794.31 | Q27: =+P27-O27 -> -3980.9846 | R27: =SUM(R24:R26) -> 275039.41 | S27: =+P27-R27 -> -19245.105 | T27: =SUM(T24:T26) -> 36754.774 | U27: =SUM(U24:U26) -> 28131.865 | V27: =+U27-T27 -> -8622.9083 | W27: =SUM(W24:W26) -> 41959.065 | X27: =+U27-W27 -> -13827.199 | Y27: =+[11]합계!$Q$85 -> 101812.77 | Z27: =+[11]합계!$R$85 -> 101167.05 | AA27: =+[12]합계!$Q$85 -> 96518.389 | AB27: =+[11]합계!$Q$89 -> 76513.657 | AC27: =+[11]합계!$R$89 -> 78862.467 | AD27: =+[12]합계!$Q$89 -> 72237.32 | AE27: =+Y27-AB27 -> 25299.117 | AF27: =+Z27-AC27 -> 22304.582 | AG27: =+AA27-AD27 -> 24281.069 | AI27: =+U27/T27-1 -> -0.23460649 | AK27: =+Z27-Y27 -> -645.72556 | AL27: =+AC27-AB27 -> 2348.8098 | AM27: =+AF27-AE27 -> -2994.5354
B28: 건자재 | E28: 건자재영업 | G28: =+K28/J28 -> 1.2317116 | H28: 건자재 | J28: =+'사업장별(당월)'!J28+'[4]사업장별(누계)'!J28 -> 63300 | K28: =+'사업장별(당월)'!K28+'[4]사업장별(누계)'!K28 -> 77967.344 | L28: =+K28-J28 -> 14667.344 | M28: =+'사업장별(당월)'!M28+'[4]사업장별(누계)'!M28 -> 69555.719 | N28: =+K28-M28 -> 8411.625 | O28: =+'사업장별(당월)'!O28+'[4]사업장별(누계)'!O28 -> 77413.543 | P28: =+'사업장별(당월)'!P28+'[4]사업장별(누계)'!P28 -> 77932.391 | Q28: =+P28-O28 -> 518.8479 | R28: =+'사업장별(당월)'!R28+'[4]사업장별(누계)'!R28 -> 85026.684 | S28: =+P28-R28 -> -7094.2927 | T28: =+'사업장별(당월)'!T28+'[4]사업장별(누계)'!T28 -> 839.87082 | U28: =+'사업장별(당월)'!U28+'[4]사업장별(누계)'!U28 -> 439.49837 | V28: =+U28-T28 -> -400.37245 | W28: =+'사업장별(당월)'!W28+'[4]사업장별(누계)'!W28 -> 684.76885 | X28: =+U28-W28 -> -245.27048 | Y28: ■ 비고
B29: 부산모래장 | C29: 부산골재 | G29: =+P28/O28 -> 1.0067023 | H29: 골재 | I29: 부산모래장 | J29: =+'사업장별(당월)'!J29+'[4]사업장별(누계)'!J29 -> 212.44485 | K29: =+'사업장별(당월)'!K29+'[4]사업장별(누계)'!K29 -> 169.707 | L29: =+K29-J29 -> -42.737848 | M29: =+'사업장별(당월)'!M29+'[4]사업장별(누계)'!M29 -> 223.242 | N29: =+K29-M29 -> -53.535 | O29: =+'사업장별(당월)'!O29+'[4]사업장별(누계)'!O29 -> 6232.3162 | P29: =+'사업장별(당월)'!P29+'[4]사업장별(누계)'!P29 -> 5011.7636 | Q29: =+P29-O29 -> -1220.5526 | R29: =+'사업장별(당월)'!R29+'[4]사업장별(누계)'!R29 -> 6548.9299 | S29: =+P29-R29 -> -1537.1663 | T29: =+'사업장별(당월)'!T29+'[4]사업장별(누계)'!T29 -> 312.58578 | U29: =+'사업장별(당월)'!U29+'[4]사업장별(누계)'!U29 -> 305.22036 | V29: =+U29-T29 -> -7.3654133 | W29: =+'사업장별(당월)'!W29+'[4]사업장별(누계)'!W29 -> 283.40205 | X29: =+U29-W29 -> 21.818308 | Y29: □ 3분기 총 대손 : 5.7억 | AI29: =+T29/100 -> 3.1258578 | AJ29: =+U29/100 -> 3.0522036 | AK29: =+V29/100 -> -0.073654133
B30: 서부산크라샤 | C30: 서부산골재 | I30: 서부산CR | J30: =+'사업장별(당월)'!J30+'[4]사업장별(누계)'!J30 -> 272.83109 | K30: =+'사업장별(당월)'!K30+'[4]사업장별(누계)'!K30 -> 168.53 | L30: =+K30-J30 -> -104.30109 | M30: =+'사업장별(당월)'!M30+'[4]사업장별(누계)'!M30 -> 301.7 | N30: =+K30-M30 -> -133.17 | O30: =+'사업장별(당월)'!O30+'[4]사업장별(누계)'!O30 -> 3436.1551 | P30: =+'사업장별(당월)'!P30+'[4]사업장별(누계)'!P30 -> 2372.099 | Q30: =+P30-O30 -> -1064.0561 | R30: =+'사업장별(당월)'!R30+'[4]사업장별(누계)'!R30 -> 3598.964 | S30: =+P30-R30 -> -1226.865 | T30: =+'사업장별(당월)'!T30+'[4]사업장별(누계)'!T30 -> 659.30743 | U30: =+'사업장별(당월)'!U30+'[4]사업장별(누계)'!U30 -> 27.37499 | V30: =+U30-T30 -> -631.93244 | W30: =+'사업장별(당월)'!W30+'[4]사업장별(누계)'!W30 -> 657.1311 | X30: =+U30-W30 -> -629.75611 | Y30: - 집합대손 : 0.4억 | AI30: =+T30/100 -> 6.5930743 | AJ30: =+U30/100 -> 0.2737499 | AK30: =+V30/100 -> -6.3193244
B31: 부산크라샤 | C31: 부산크라샤 | I31: 부산CR | J31: =+'사업장별(당월)'!J31+'[4]사업장별(누계)'!J31 -> 371.01081 | K31: =+'사업장별(당월)'!K31+'[4]사업장별(누계)'!K31 -> 315.978 | L31: =+K31-J31 -> -55.032808 | M31: =+'사업장별(당월)'!M31+'[4]사업장별(누계)'!M31 -> 48.94 | N31: =+K31-M31 -> 267.038 | O31: =+'사업장별(당월)'!O31+'[4]사업장별(누계)'!O31 -> 6674.2948 | P31: =+'사업장별(당월)'!P31+'[4]사업장별(누계)'!P31 -> 5745.923 | Q31: =+P31-O31 -> -928.37184 | R31: =+'사업장별(당월)'!R31+'[4]사업장별(누계)'!R31 -> 858.036 | S31: =+P31-R31 -> 4887.887 | T31: =+'사업장별(당월)'!T31+'[4]사업장별(누계)'!T31 -> 242.0222 | U31: =+'사업장별(당월)'!U31+'[4]사업장별(누계)'!U31 -> -186.63275 | V31: =+U31-T31 -> -428.65495 | W31: =+'사업장별(당월)'!W31+'[4]사업장별(누계)'!W31 -> -318.75907 | X31: =+U31-W31 -> 132.12631 | Y31: - 개별 대손 : 11.7억(송학 0.9억, 계원토건 1.2억, 남양건설 1.7억, 선원건설 7.9억) | AI31: =+T31/100 -> 2.420222 | AJ31: =+U31/100 -> -1.8663275 | AK31: =+V31/100 -> -4.2865495
G32: =+K32/J32 -> 0.76401393 | H32: 골재 계 | J32: =SUM(J29:J31) -> 856.28675 | K32: =SUM(K29:K31) -> 654.215 | L32: =+K32-J32 -> -202.07175 | M32: =SUM(M29:M31) -> 573.882 | N32: =+K32-M32 -> 80.333 | O32: =SUM(O29:O31) -> 16342.766 | P32: =SUM(P29:P31) -> 13129.786 | Q32: =+P32-O32 -> -3212.9805 | R32: =SUM(R29:R31) -> 11005.93 | S32: =+P32-R32 -> 2123.8557 | T32: =SUM(T29:T31) -> 1213.9154 | U32: =SUM(U29:U31) -> 145.9626 | V32: =+U32-T32 -> -1067.9528 | W32: =SUM(W29:W31) -> 621.77408 | X32: =+U32-W32 -> -475.81148 | Y32: - 개별 대손환입 : -6.4억(신일 1.8억, 태영건설 3.1억, 남양건설 1.1억 등) | AI32: =SUM(AI29:AI31) -> 12.139154 | AJ32: =SUM(AJ29:AJ31) -> 1.459626 | AK32: =SUM(AK29:AK31) -> -10.679528
B33: 포항임대 | C33: 속초임대 | D33: 강릉임대 | E33: 레미콘임대 계 | H33: 기타 | I33: 레미콘임대 | L33: =+K33-J33 -> 0 | N33: =+K33-M33 -> 0 | O33: =+'사업장별(당월)'!O33+'[4]사업장별(누계)'!O33 -> 817.56 | P33: =+'사업장별(당월)'!P33+'[4]사업장별(누계)'!P33 -> 817.56 | Q33: =+P33-O33 -> 0 | R33: =+'사업장별(당월)'!R33+'[4]사업장별(누계)'!R33 -> 748.81 | S33: =+P33-R33 -> 68.75 | T33: =+'사업장별(당월)'!T33+'[4]사업장별(누계)'!T33 -> 597.83841 | U33: =+'사업장별(당월)'!U33+'[4]사업장별(누계)'!U33 -> 556.78798 | V33: =+U33-T33 -> -41.050427 | W33: =+'사업장별(당월)'!W33+'[4]사업장별(누계)'!W33 -> 475.06244 | X33: =+U33-W33 -> 81.725549
B34: 부동산임대 | C34: 주유소임대 | E34: 임대 계 | I34: 임대 | L34: =+K34-J34 -> 0 | M34: 0 | N34: =+K34-M34 -> 0 | O34: =+'사업장별(당월)'!O34+'[4]사업장별(누계)'!O34 -> 651.2775 | P34: =+'사업장별(당월)'!P34+'[4]사업장별(누계)'!P34 -> 656.64914 | Q34: =+P34-O34 -> 5.371638 | R34: =+'사업장별(당월)'!R34+'[4]사업장별(누계)'!R34 -> 850.54352 | S34: =+P34-R34 -> -193.89437 | T34: =+'사업장별(당월)'!T34+'[4]사업장별(누계)'!T34 -> 596.72801 | U34: =+'사업장별(당월)'!U34+'[4]사업장별(누계)'!U34 -> 603.40157 | V34: =+U34-T34 -> 6.673553 | W34: =+'사업장별(당월)'!W34+'[4]사업장별(누계)'!W34 -> 587.43831 | X34: =+U34-W34 -> 15.963253 | AM34: 16
B35: 공 통 비 | G35: ㎥ | I35: 공통비 | L35: =+K35-J35 -> 0 | N35: =+K35-M35 -> 0 | O35: =+'사업장별(당월)'!O35+'[4]사업장별(누계)'!O35 -> 0 | P35: =+'사업장별(당월)'!P35+'[4]사업장별(누계)'!P35 -> 0 | Q35: =+P35-O35 -> 0 | R35: =+'사업장별(당월)'!R35+'[4]사업장별(누계)'!R35 -> 0 | S35: =+P35-R35 -> 0 | T35: =+'사업장별(당월)'!T35+'[4]사업장별(누계)'!T35 -> -12558.532 | U35: =+'사업장별(당월)'!U35+'[4]사업장별(누계)'!U35 -> -12891.839 | V35: =+U35-T35 -> -333.30625 | W35: =+'사업장별(당월)'!W35+'[4]사업장별(누계)'!W35 -> -10512.685 | X35: =+U35-W35 -> -2379.1541 | AM35: 1
I36: OPC 소급분 | N36: =+K36-M36 -> 0 | O36: =+'사업장별(당월)'!O36+'[4]사업장별(누계)'!O36 -> 0 | P36: =+'사업장별(당월)'!P36+'[4]사업장별(누계)'!P36 -> 0 | Q36: =+P36-O36 -> 0 | R36: =+'사업장별(당월)'!R36+'[4]사업장별(누계)'!R36 -> 0 | S36: =+P36-R36 -> 0 | T36: =+'사업장별(당월)'!T36+'[4]사업장별(누계)'!T36 -> 1329.7 | U36: =+'사업장별(당월)'!U36+'[4]사업장별(누계)'!U36 -> 500 | V36: =+U36-T36 -> -829.7 | W36: =+'사업장별(당월)'!W36+'[4]사업장별(누계)'!W36 -> 0 | X36: =+U36-W36 -> 500 | AM36: =SUM(AM34:AM35) -> 17
I37: 대손 | N37: =+K37-M37 -> 0 | O37: =+'사업장별(당월)'!O37+'[4]사업장별(누계)'!O37 -> 0 | P37: =+'사업장별(당월)'!P37+'[4]사업장별(누계)'!P37 -> 0 | Q37: =+P37-O37 -> 0 | R37: =+'사업장별(당월)'!R37+'[4]사업장별(누계)'!R37 -> 0 | S37: =+P37-R37 -> 0 | T37: =+'사업장별(당월)'!T37+'[4]사업장별(누계)'!T37 -> 0 | U37: =+'사업장별(당월)'!U37+'[4]사업장별(누계)'!U37 -> -573.85933 | V37: =+U37-T37 -> -573.85933 | W37: =+'사업장별(당월)'!W37+'[4]사업장별(누계)'!W37 -> -2023.222 | X37: =+U37-W37 -> 1449.3626
I38: 미운영 공장 | M38: =SUM(M54:M57) -> 0 | N38: =+K38-M38 -> 0 | O38: =+'사업장별(당월)'!O38+'[4]사업장별(누계)'!O38 -> 0 | P38: =+'사업장별(당월)'!P38+'[4]사업장별(누계)'!P38 -> 0 | Q38: =+P38-O38 -> 0 | R38: =+'사업장별(당월)'!R38+'[4]사업장별(누계)'!R38 -> 188.626 | S38: =+P38-R38 -> -188.626 | T38: =+'사업장별(당월)'!T38+'[4]사업장별(누계)'!T38 -> -271.63601 | U38: =+'사업장별(당월)'!U38+'[4]사업장별(누계)'!U38 -> -339.5204 | V38: =+U38-T38 -> -67.884398 | W38: =+'사업장별(당월)'!W38+'[4]사업장별(누계)'!W38 -> -117.16342 | X38: =+U38-W38 -> -222.35698
B39: 기타 계 | I39: 기타 | L39: =+K39-J39 -> 0 | N39: =+K39-M39 -> 0 | O39: =+'사업장별(당월)'!O39+'[4]사업장별(누계)'!O39 -> 15.93 | P39: =+'사업장별(당월)'!P39+'[4]사업장별(누계)'!P39 -> 15.6662 | Q39: =+P39-O39 -> -0.2638 | R39: =+'사업장별(당월)'!R39+'[4]사업장별(누계)'!R39 -> -18.2699 | S39: =+P39-R39 -> 33.9361 | T39: =+'사업장별(당월)'!T39+'[4]사업장별(누계)'!T39 -> -553.36484 | U39: =+'사업장별(당월)'!U39+'[4]사업장별(누계)'!U39 -> -199.43228 | V39: =+U39-T39 -> 353.93255 | W39: =+'사업장별(당월)'!W39+'[4]사업장별(누계)'!W39 -> -209.17537 | X39: =+U39-W39 -> 9.743094 | AI39: 118774940 | AJ39: -63907430
N40: =+K40-M40 -> 0 | O40: =+'사업장별(당월)'!O40+'[4]사업장별(누계)'!O40 -> 0 | P40: =+'사업장별(당월)'!P40+'[4]사업장별(누계)'!P40 -> 0 | Q40: =+P40-O40 -> 0 | R40: =+'사업장별(당월)'!R40+'[4]사업장별(누계)'!R40 -> 0 | S40: =+P40-R40 -> 0 | T40: =+'사업장별(당월)'!T40+'[4]사업장별(누계)'!T40 -> 0 | U40: =+'사업장별(당월)'!U40+'[4]사업장별(누계)'!U40 -> 0 | V40: =+U40-T40 -> 0 | W40: =+'사업장별(당월)'!W40+'[4]사업장별(누계)'!W40 -> 0 | AI40: 173503008 | AJ40: -310726527
H41: 기타 계 | J41: =SUM(J33:J40) -> 0 | K41: =SUM(K33:K40) -> 0 | L41: =+K41-J41 -> 0 | M41: =SUM(M33:M40) -> 0 | N41: =+K41-M41 -> 0 | O41: =SUM(O33:O40) -> 1484.7675 | P41: =SUM(P33:P40) -> 1489.8753 | Q41: =+P41-O41 -> 5.107838 | R41: =SUM(R33:R40) -> 1769.7096 | S41: =+P41-R41 -> -279.83427 | T41: =SUM(T33:T40) -> -10859.267 | U41: =SUM(U33:U40) -> -12344.461 | V41: =+U41-T41 -> -1485.1943 | W41: =SUM(W33:W40) -> -11799.745 | X41: =+U41-W41 -> -544.71655 | AI41: 786272300
AI42: 95057490
G43: =+P43/O43 -> 0.98121211 | H43: 합계 | O43: =+O27+O32+O28+O41 -> 355016.37 | P43: =+P27+P32+P28+P41 -> 348346.36 | Q43: =+P43-O43 -> -6670.0094 | R43: =+R27+R32+R28+R41 -> 372841.74 | S43: =+P43-R43 -> -24495.376 | T43: =+T27+T32+T28+T41 -> 27949.293 | U43: =+U27+U32+U28+U41 -> 16372.865 | V43: =+U43-T43 -> -11576.428 | W43: =+W27+W32+W28+W41 -> 31465.863 | X43: =+U43-W43 -> -15092.998 | AI43: =SUM(AI39:AI42) -> 1173607738 | AJ43: =SUM(AJ39:AJ42) -> -374633957 | AK43: =SUM(AI43:AJ43) -> 798973781
G44: =+U43/T43 -> 0.58580606 | P44: =+P43/O43 -> 0.98121211 | T44: =+T43/O43 -> 0.078726772 | U44: =+U43/P43 -> 0.047001683
I46: 확인 | J46: =+'사업장별(당월)'!J46+'[4]사업장별(누계)'!J46 -> 2551.5 | K46: =+'사업장별(당월)'!K46+'[4]사업장별(누계)'!K46 -> 2528.7135 | M46: =+'사업장별(당월)'!M46+'[4]사업장별(누계)'!M46 -> 2850.005 | O46: =+'사업장별(당월)'!O46+'[4]사업장별(누계)'!O46 -> 355016.37 | P46: =+'사업장별(당월)'!P46+'[4]사업장별(누계)'!P46 -> 348346.36 | R46: =+'사업장별(당월)'!R46+'[4]사업장별(누계)'!R46 -> 372841.74 | T46: =+'사업장별(당월)'!T46+'[4]사업장별(누계)'!T46 -> 27949.293 | U46: =+'사업장별(당월)'!U46+'[4]사업장별(누계)'!U46 -> 16372.865 | W46: =+'사업장별(당월)'!W46+'[4]사업장별(누계)'!W46 -> 31465.863
J47: =+J46-J27 -> 0 | K47: =+K46-K27 -> 0 | M47: =+M46-M27 -> 0 | O47: =+O46-O43 -> 0 | P47: =+P46-P43 -> 0 | R47: =+R46-R43 -> 0 | T47: =+T46-T43 -> 0 | U47: =+U46-U43 -> 0 | W47: =+W46-W43 -> 0 | Z47: 시그마 5백만원
Z48: 공통 상각비 7천만원
Z49: 회계팀 재고자산평가손실 8.3천만원
S50: 레미콘 | T50: =(+T27+T35)/100 -> 241.96241 | U50: =(+U27+U35)/100 -> 152.40027 | V50: =+U50-T50 -> -89.562146 | W50: =+U50/T50-1 -> -0.370149
S51: 건자재 | T51: =+T28/100 -> 8.3987082 | U51: =+U28/100 -> 4.3949837 | V51: =+U51-T51 -> -4.0037245
S52: 골재 | T52: =+T32/100 -> 12.139154 | U52: =+U32/100 -> 1.459626 | V52: =+U52-T52 -> -10.679528
S53: 임대 | T53: =(T33+T34)/100 -> 11.945664 | U53: =(U33+U34)/100 -> 11.601896 | V53: =+U53-T53 -> -0.34376874
S54: 기타 | T54: =(T46/100)-T50-T51-T52-T53 -> 5.0469916 | U54: =(U46/100)-U50-U51-U52-U53 -> -6.1281202 | V54: =+U54-T54 -> -11.175112
S56: 임대 | T56: =+(T33+T34)/100 -> 11.945664 | U56: =+(U33+U34)/100 -> 11.601896 | V56: =+U56-T56 -> -0.34376874
S57: =+I36 -> OPC 소급분 | T57: =+T36/100 -> 13.297 | U57: =+U36/100 -> 5 | V57: =+U57-T57 -> -8.297
S58: =+I37 -> 대손 | T58: =+T37/100 -> 0 | U58: =+U37/100 -> -5.7385933 | V58: =+U58-T58 -> -5.7385933
S59: =+I38 -> 미운영 공장 | T59: =+T38/100 -> -2.7163601 | U59: =+U38/100 -> -3.395204 | V59: =+U59-T59 -> -0.67884398
S60: =+I39 -> 기타 | T60: =+T39/100 -> -5.5336484 | U60: =+U39/100 -> -1.9943228 | V60: =+U60-T60 -> 3.5393255
T61: =SUM(T56:T60) -> 16.992656 | U61: =SUM(U56:U60) -> 5.4737753 | V61: =SUM(V56:V60) -> -11.518881

Sheet 사업장별(당월)_공장 송부용
H3: □ 사업장별 손익실적(2024-09)
AG4: [단위 : 천㎥, 톤, 백만원]
H5: 구분 | J5: 물량 | O5: 매출 | T5: 영업이익(공통비 배부전) | Y5: 판매단가 | AB5: 변동비 | AE5: 공헌이익
J6: 계획 | K6: 실적 | L6: 차이 | M6: 전년 | N6: 차이 | O6: 계획 | P6: 실적 | Q6: 차이 | R6: 전년 | S6: 차이 | T6: 계획 | U6: 실적 | V6: 차이 | W6: 전년 | X6: 차이 | Y6: 계획 | Z6: 실적 | AA6: 전년 | AB6: 계획 | AC6: 실적 | AD6: 전년 | AE6: 계획 | AF6: 실적 | AG6: 전년
B7: 안양 | G7: =+I7 -> 안양 | H7: 레미콘 | I7: 안양 | J7: =+IFERROR(HLOOKUP($B7,'[1]9월'!$D$6:$BN$259,2,),)/1000 -> 44 | K7: =+IFERROR(HLOOKUP($B7,'[2]9월'!$F$6:$CP$99,2,),)/1000 -> 28.4 | L7: =+K7-J7 -> -15.6 | M7: =+IFERROR(HLOOKUP($B7,'[3]9월'!$F$6:$CC$57,2,),)/1000 -> 48.184 | N7: =+K7-M7 -> -19.784 | O7: =+IFERROR(HLOOKUP($B7,'[1]9월'!$D$6:$BN$259,3,),)/1000 -> 4453.4734 | P7: =+IFERROR(HLOOKUP($B7,'[2]9월'!$F$6:$CP$99,3,),)/1000 -> 2850.3839 | Q7: =+P7-O7 -> -1603.0895 | R7: =+IFERROR(HLOOKUP($B7,'[3]9월'!$F$6:$CC$57,3,),)/1000 -> 4539.9433 | S7: =+P7-R7 -> -1689.5594 | T7: =+IFERROR(HLOOKUP($B7,'[1]9월'!$D$6:$BN$259,16,),)/1000 -> 678.99607 | U7: =+IFERROR(HLOOKUP($B7,'[2]9월'!$F$6:$CP$99,16,),)/1000 -> 202.0324 | V7: =+U7-T7 -> -476.96367 | W7: =+IFERROR(HLOOKUP($B7,'[3]9월'!$F$6:$CC$57,16,),)/1000 -> 655.9045 | X7: =+U7-W7 -> -453.8721 | Y7: =+[5]안양!$Q$85 -> 101215.3 | Z7: =+[5]안양!$R$85 -> 100365.63 | AA7: =+[6]안양!$Q$85 -> 94220.973 | AB7: =+[5]안양!$Q$89 -> 78752.533 | AC7: =+[5]안양!$R$89 -> 81650.507 | AD7: =+[6]안양!$Q$89 -> 74023.094 | AE7: =+Y7-AB7 -> 22462.771 | AF7: =+Z7-AC7 -> 18715.124 | AG7: =+AA7-AD7 -> 20197.879
B8: 인천 | G8: =+I8 -> 인천 | H8: 직영 | I8: 인천 | J8: =+IFERROR(HLOOKUP($B8,'[1]9월'!$D$6:$BN$259,2,),)/1000 -> 30 | K8: =+IFERROR(HLOOKUP($B8,'[2]9월'!$F$6:$CP$99,2,),)/1000 -> 18.327 | L8: =+K8-J8 -> -11.673 | M8: =+IFERROR(HLOOKUP($B8,'[3]9월'!$F$6:$CC$57,2,),)/1000 -> 34.957 | N8: =+K8-M8 -> -16.63 | O8: =+IFERROR(HLOOKUP($B8,'[1]9월'!$D$6:$BN$259,3,),)/1000 -> 3105.3788 | P8: =+IFERROR(HLOOKUP($B8,'[2]9월'!$F$6:$CP$99,3,),)/1000 -> 1795.8147 | Q8: =+P8-O8 -> -1309.5641 | R8: =+IFERROR(HLOOKUP($B8,'[3]9월'!$F$6:$CC$57,3,),)/1000 -> 3521.2229 | S8: =+P8-R8 -> -1725.4082 | T8: =+IFERROR(HLOOKUP($B8,'[1]9월'!$D$6:$BN$259,16,),)/1000 -> 369.08346 | U8: =+IFERROR(HLOOKUP($B8,'[2]9월'!$F$6:$CP$99,16,),)/1000 -> -68.39704 | V8: =+U8-T8 -> -437.4805 | W8: =+IFERROR(HLOOKUP($B8,'[3]9월'!$F$6:$CC$57,16,),)/1000 -> 373.48538 | X8: =+U8-W8 -> -441.88242 | Y8: =+[5]인천!$Q$85 -> 103512.63 | Z8: =+[5]인천!$R$85 -> 97987.379 | AA8: =+[6]인천!$Q$85 -> 100716.91 | AB8: =+[5]인천!$Q$89 -> 80746.878 | AC8: =+[5]인천!$R$89 -> 82653.877 | AD8: =+[6]인천!$Q$89 -> 79628.745 | AE8: =+Y8-AB8 -> 22765.75 | AF8: =+Z8-AC8 -> 15333.502 | AG8: =+AA8-AD8 -> 21088.161
B9: 파주 | G9: =+I9 -> 파주 | I9: 파주 | J9: =+IFERROR(HLOOKUP($B9,'[1]9월'!$D$6:$BN$259,2,),)/1000 -> 24 | K9: =+IFERROR(HLOOKUP($B9,'[2]9월'!$F$6:$CP$99,2,),)/1000 -> 19.1078 | L9: =+K9-J9 -> -4.8922 | M9: =+IFERROR(HLOOKUP($B9,'[3]9월'!$F$6:$CC$57,2,),)/1000 -> 29.377 | N9: =+K9-M9 -> -10.2692 | O9: =+IFERROR(HLOOKUP($B9,'[1]9월'!$D$6:$BN$259,3,),)/1000 -> 2390.1945 | P9: =+IFERROR(HLOOKUP($B9,'[2]9월'!$F$6:$CP$99,3,),)/1000 -> 1803.3963 | Q9: =+P9-O9 -> -586.79821 | R9: =+IFERROR(HLOOKUP($B9,'[3]9월'!$F$6:$CC$57,3,),)/1000 -> 2809.713 | S9: =+P9-R9 -> -1006.3167 | T9: =+IFERROR(HLOOKUP($B9,'[1]9월'!$D$6:$BN$259,16,),)/1000 -> 326.54742 | U9: =+IFERROR(HLOOKUP($B9,'[2]9월'!$F$6:$CP$99,16,),)/1000 -> 106.24983 | V9: =+U9-T9 -> -220.29759 | W9: =+IFERROR(HLOOKUP($B9,'[3]9월'!$F$6:$CC$57,16,),)/1000 -> 369.05487 | X9: =+U9-W9 -> -262.80504 | Y9: =+[5]파주!$Q$85 -> 99591.438 | Z9: =+[5]파주!$R$85 -> 94365.024 | AA9: =+[6]파주!$Q$85 -> 95605.396 | AB9: =+[5]파주!$Q$89 -> 76823.007 | AC9: =+[5]파주!$R$89 -> 75826.434 | AD9: =+[6]파주!$Q$89 -> 74000.888 | AE9: =+Y9-AB9 -> 22768.432 | AF9: =+Z9-AC9 -> 18538.59 | AG9: =+AA9-AD9 -> 21604.507
B10: 김포 | G10: =+I10 -> 김포 | I10: 김포 | J10: =+IFERROR(HLOOKUP($B10,'[1]9월'!$D$6:$BN$259,2,),)/1000 -> 16.5 | K10: =+IFERROR(HLOOKUP($B10,'[2]9월'!$F$6:$CP$99,2,),)/1000 -> 9.8 | L10: =+K10-J10 -> -6.7 | M10: =+IFERROR(HLOOKUP($B10,'[3]9월'!$F$6:$CC$57,2,),)/1000 -> 17.3105 | N10: =+K10-M10 -> -7.5105 | O10: =+IFERROR(HLOOKUP($B10,'[1]9월'!$D$6:$BN$259,3,),)/1000 -> 1599.179 | P10: =+IFERROR(HLOOKUP($B10,'[2]9월'!$F$6:$CP$99,3,),)/1000 -> 943.50309 | Q10: =+P10-O10 -> -655.67591 | R10: =+IFERROR(HLOOKUP($B10,'[3]9월'!$F$6:$CC$57,3,),)/1000 -> 1606.5766 | S10: =+P10-R10 -> -663.07355 | T10: =+IFERROR(HLOOKUP($B10,'[1]9월'!$D$6:$BN$259,16,),)/1000 -> 247.00641 | U10: =+IFERROR(HLOOKUP($B10,'[2]9월'!$F$6:$CP$99,16,),)/1000 -> 29.041857 | V10: =+U10-T10 -> -217.96455 | W10: =+IFERROR(HLOOKUP($B10,'[3]9월'!$F$6:$CC$57,16,),)/1000 -> 190.04047 | X10: =+U10-W10 -> -160.99861 | Y10: =+[5]김포!$Q$85 -> 96919.939 | Z10: =+[5]김포!$R$85 -> 96275.826 | AA10: =+[6]김포!$Q$85 -> 92784.692 | AB10: =+[5]김포!$Q$89 -> 71987.752 | AC10: =+[5]김포!$R$89 -> 74300.021 | AD10: =+[6]김포!$Q$89 -> 70716.173 | AE10: =+Y10-AB10 -> 24932.187 | AF10: =+Z10-AC10 -> 21975.804 | AG10: =+AA10-AD10 -> 22068.519
B11: 부산 | G11: =+I11 -> 부산 | I11: 부산 | J11: =+IFERROR(HLOOKUP($B11,'[1]9월'!$D$6:$BN$259,2,),)/1000 -> 21 | K11: =+IFERROR(HLOOKUP($B11,'[2]9월'!$F$6:$CP$99,2,),)/1000 -> 15.517 | L11: =+K11-J11 -> -5.483 | M11: =+IFERROR(HLOOKUP($B11,'[3]9월'!$F$6:$CC$57,2,),)/1000 -> 19.603 | N11: =+K11-M11 -> -4.086 | O11: =+IFERROR(HLOOKUP($B11,'[1]9월'!$D$6:$BN$259,3,),)/1000 -> 2259.6008 | P11: =+IFERROR(HLOOKUP($B11,'[2]9월'!$F$6:$CP$99,3,),)/1000 -> 1769.7428 | Q11: =+P11-O11 -> -489.85798 | R11: =+IFERROR(HLOOKUP($B11,'[3]9월'!$F$6:$CC$57,3,),)/1000 -> 2103.7886 | S11: =+P11-R11 -> -334.04577 | T11: =+IFERROR(HLOOKUP($B11,'[1]9월'!$D$6:$BN$259,16,),)/1000 -> 359.59565 | U11: =+IFERROR(HLOOKUP($B11,'[2]9월'!$F$6:$CP$99,16,),)/1000 -> 167.22155 | V11: =+U11-T11 -> -192.3741 | W11: =+IFERROR(HLOOKUP($B11,'[3]9월'!$F$6:$CC$57,16,),)/1000 -> 197.24959 | X11: =+U11-W11 -> -30.028036 | Y11: =+[5]부산!$Q$85 -> 107600.04 | Z11: =+[5]부산!$R$85 -> 114051.87 | AA11: =+[6]부산!$Q$85 -> 107319.73 | AB11: =+[5]부산!$Q$89 -> 77875.477 | AC11: =+[5]부산!$R$89 -> 84631.159 | AD11: =+[6]부산!$Q$89 -> 82938.801 | AE11: =+Y11-AB11 -> 29724.56 | AF11: =+Z11-AC11 -> 29420.706 | AG11: =+AA11-AD11 -> 24380.924
B12: 서부산 | G12: =+I12 -> 서부산 | I12: 서부산 | J12: =+IFERROR(HLOOKUP($B12,'[1]9월'!$D$6:$BN$259,2,),)/1000 -> 19 | K12: =+IFERROR(HLOOKUP($B12,'[2]9월'!$F$6:$CP$99,2,),)/1000 -> 13.004 | L12: =+K12-J12 -> -5.996 | M12: =+IFERROR(HLOOKUP($B12,'[3]9월'!$F$6:$CC$57,2,),)/1000 -> 23.901 | N12: =+K12-M12 -> -10.897 | O12: =+IFERROR(HLOOKUP($B12,'[1]9월'!$D$6:$BN$259,3,),)/1000 -> 1983.6418 | P12: =+IFERROR(HLOOKUP($B12,'[2]9월'!$F$6:$CP$99,3,),)/1000 -> 1314.9703 | Q12: =+P12-O12 -> -668.6715 | R12: =+IFERROR(HLOOKUP($B12,'[3]9월'!$F$6:$CC$57,3,),)/1000 -> 2410.5242 | S12: =+P12-R12 -> -1095.5539 | T12: =+IFERROR(HLOOKUP($B12,'[1]9월'!$D$6:$BN$259,16,),)/1000 -> 342.28746 | U12: =+IFERROR(HLOOKUP($B12,'[2]9월'!$F$6:$CP$99,16,),)/1000 -> 84.673494 | V12: =+U12-T12 -> -257.61397 | W12: =+IFERROR(HLOOKUP($B12,'[3]9월'!$F$6:$CC$57,16,),)/1000 -> 353.41775 | X12: =+U12-W12 -> -268.74425 | Y12: =+[5]서부산!$Q$85 -> 104402.2 | Z12: =+[5]서부산!$R$85 -> 101120.45 | AA12: =+[6]서부산!$Q$85 -> 100854.53 | AB12: =+[5]서부산!$Q$89 -> 76383.589 | AC12: =+[5]서부산!$R$89 -> 78001.326 | AD12: =+[6]서부산!$Q$89 -> 77345.656 | AE12: =+Y12-AB12 -> 28018.611 | AF12: =+Z12-AC12 -> 23119.122 | AG12: =+AA12-AD12 -> 23508.877
B13: 김해 | G13: =+I13 -> 김해 | I13: 김해 | J13: =+IFERROR(HLOOKUP($B13,'[1]9월'!$D$6:$BN$259,2,),)/1000 -> 12 | K13: =+IFERROR(HLOOKUP($B13,'[2]9월'!$F$6:$CP$99,2,),)/1000 -> 12.705 | L13: =+K13-J13 -> 0.705 | M13: =+IFERROR(HLOOKUP($B13,'[3]9월'!$F$6:$CC$57,2,),)/1000 -> 12.034 | N13: =+K13-M13 -> 0.671 | O13: =+IFERROR(HLOOKUP($B13,'[1]9월'!$D$6:$BN$259,3,),)/1000 -> 1211.9928 | P13: =+IFERROR(HLOOKUP($B13,'[2]9월'!$F$6:$CP$99,3,),)/1000 -> 1134.8287 | Q13: =+P13-O13 -> -77.1641 | R13: =+IFERROR(HLOOKUP($B13,'[3]9월'!$F$6:$CC$57,3,),)/1000 -> 1216.4462 | S13: =+P13-R13 -> -81.617498 | T13: =+IFERROR(HLOOKUP($B13,'[1]9월'!$D$6:$BN$259,16,),)/1000 -> 152.09575 | U13: =+IFERROR(HLOOKUP($B13,'[2]9월'!$F$6:$CP$99,16,),)/1000 -> -2.729523 | V13: =+U13-T13 -> -154.82527 | W13: =+IFERROR(HLOOKUP($B13,'[3]9월'!$F$6:$CC$57,16,),)/1000 -> 71.200624 | X13: =+U13-W13 -> -73.930147 | Y13: =+[5]김해!$Q$85 -> 100999.4 | Z13: =+[5]김해!$R$85 -> 89286.803 | AA13: =+[6]김해!$Q$85 -> 101199.28 | AB13: =+[5]김해!$Q$89 -> 76642.298 | AC13: =+[5]김해!$R$89 -> 75888.627 | AD13: =+[6]김해!$Q$89 -> 81202.894 | AE13: =+Y13-AB13 -> 24357.102 | AF13: =+Z13-AC13 -> 13398.176 | AG13: =+AA13-AD13 -> 19996.386
B14: 정관 | G14: =+I14 -> 정관 | I14: 정관 | J14: =+IFERROR(HLOOKUP($B14,'[1]9월'!$D$6:$BN$259,2,),)/1000 -> 16 | K14: =+IFERROR(HLOOKUP($B14,'[2]9월'!$F$6:$CP$99,2,),)/1000 -> 16.976 | L14: =+K14-J14 -> 0.976 | M14: =+IFERROR(HLOOKUP($B14,'[3]9월'!$F$6:$CC$57,2,),)/1000 -> 18.982 | N14: =+K14-M14 -> -2.006 | O14: =+IFERROR(HLOOKUP($B14,'[1]9월'!$D$6:$BN$259,3,),)/1000 -> 1664 | P14: =+IFERROR(HLOOKUP($B14,'[2]9월'!$F$6:$CP$99,3,),)/1000 -> 1722.9997 | Q14: =+P14-O14 -> 58.9997 | R14: =+IFERROR(HLOOKUP($B14,'[3]9월'!$F$6:$CC$57,3,),)/1000 -> 1927.8982 | S14: =+P14-R14 -> -204.89848 | T14: =+IFERROR(HLOOKUP($B14,'[1]9월'!$D$6:$BN$259,16,),)/1000 -> 221.82233 | U14: =+IFERROR(HLOOKUP($B14,'[2]9월'!$F$6:$CP$99,16,),)/1000 -> 103.5454 | V14: =+U14-T14 -> -118.27693 | W14: =+IFERROR(HLOOKUP($B14,'[3]9월'!$F$6:$CC$57,16,),)/1000 -> 219.38573 | X14: =+U14-W14 -> -115.84033 | Y14: =+[5]정관!$Q$85 -> 104000 | Z14: =+[5]정관!$R$85 -> 101496.21 | AA14: =+[6]정관!$Q$85 -> 101564.54 | AB14: =+[5]정관!$Q$89 -> 77926.101 | AC14: =+[5]정관!$R$89 -> 81278.39 | AD14: =+[6]정관!$Q$89 -> 78824.169 | AE14: =+Y14-AB14 -> 26073.899 | AF14: =+Z14-AC14 -> 20217.822 | AG14: =+AA14-AD14 -> 22740.376
B15: 양산 | G15: =+I15 -> 양산 | I15: 양산 | J15: =+IFERROR(HLOOKUP($B15,'[1]9월'!$D$6:$BN$259,2,),)/1000 -> 12 | K15: =+IFERROR(HLOOKUP($B15,'[2]9월'!$F$6:$CP$99,2,),)/1000 -> 12.518 | L15: =+K15-J15 -> 0.518 | M15: =+IFERROR(HLOOKUP($B15,'[3]9월'!$F$6:$CC$57,2,),)/1000 -> 13.622 | N15: =+K15-M15 -> -1.104 | O15: =+IFERROR(HLOOKUP($B15,'[1]9월'!$D$6:$BN$259,3,),)/1000 -> 1166.5218 | P15: =+IFERROR(HLOOKUP($B15,'[2]9월'!$F$6:$CP$99,3,),)/1000 -> 1127.9969 | Q15: =+P15-O15 -> -38.52493 | R15: =+IFERROR(HLOOKUP($B15,'[3]9월'!$F$6:$CC$57,3,),)/1000 -> 1240.3802 | S15: =+P15-R15 -> -112.38334 | T15: =+IFERROR(HLOOKUP($B15,'[1]9월'!$D$6:$BN$259,16,),)/1000 -> 189.63512 | U15: =+IFERROR(HLOOKUP($B15,'[2]9월'!$F$6:$CP$99,16,),)/1000 -> 69.602208 | V15: =+U15-T15 -> -120.03291 | W15: =+IFERROR(HLOOKUP($B15,'[3]9월'!$F$6:$CC$57,16,),)/1000 -> 82.581045 | X15: =+U15-W15 -> -12.978837 | Y15: =+[5]양산!$Q$85 -> 97210.153 | Z15: =+[5]양산!$R$85 -> 90109.994 | AA15: =+[6]양산!$Q$85 -> 91057.131 | AB15: =+[5]양산!$Q$89 -> 69380.456 | AC15: =+[5]양산!$R$89 -> 71969.385 | AD15: =+[6]양산!$Q$89 -> 72000.401 | AE15: =+Y15-AB15 -> 27829.697 | AF15: =+Z15-AC15 -> 18140.609 | AG15: =+AA15-AD15 -> 19056.73
B16: 창원 | G16: =+I16 -> 창원 | I16: 창원 | J16: =+IFERROR(HLOOKUP($B16,'[1]9월'!$D$6:$BN$259,2,),)/1000 -> 14 | K16: =+IFERROR(HLOOKUP($B16,'[2]9월'!$F$6:$CP$99,2,),)/1000 -> 14.953 | L16: =+K16-J16 -> 0.953 | M16: =+IFERROR(HLOOKUP($B16,'[3]9월'!$F$6:$CC$57,2,),)/1000 -> 20.125 | N16: =+K16-M16 -> -5.172 | O16: =+IFERROR(HLOOKUP($B16,'[1]9월'!$D$6:$BN$259,3,),)/1000 -> 1423.73 | P16: =+IFERROR(HLOOKUP($B16,'[2]9월'!$F$6:$CP$99,3,),)/1000 -> 1507.3454 | Q16: =+P16-O16 -> 83.6154 | R16: =+IFERROR(HLOOKUP($B16,'[3]9월'!$F$6:$CC$57,3,),)/1000 -> 1973.0212 | S16: =+P16-R16 -> -465.6758 | T16: =+IFERROR(HLOOKUP($B16,'[1]9월'!$D$6:$BN$259,16,),)/1000 -> 222.23827 | U16: =+IFERROR(HLOOKUP($B16,'[2]9월'!$F$6:$CP$99,16,),)/1000 -> 152.25467 | V16: =+U16-T16 -> -69.983603 | W16: =+IFERROR(HLOOKUP($B16,'[3]9월'!$F$6:$CC$57,16,),)/1000 -> 324.44847 | X16: =+U16-W16 -> -172.19381 | Y16: =+[5]창원!$Q$85 -> 101695 | Z16: =+[5]창원!$R$85 -> 100805.55 | AA16: =+[6]창원!$Q$85 -> 98038.32 | AB16: =+[5]창원!$Q$89 -> 72711.105 | AC16: =+[5]창원!$R$89 -> 74736.793 | AD16: =+[6]창원!$Q$89 -> 71948.623 | AE16: =+Y16-AB16 -> 28983.895 | AF16: =+Z16-AC16 -> 26068.757 | AG16: =+AA16-AD16 -> 26089.697
B17: 대구 | G17: =+I17 -> 대구 | I17: 대구 | J17: =+IFERROR(HLOOKUP($B17,'[1]9월'!$D$6:$BN$259,2,),)/1000 -> 16 | K17: =+IFERROR(HLOOKUP($B17,'[2]9월'!$F$6:$CP$99,2,),)/1000 -> 14.191 | L17: =+K17-J17 -> -1.809 | M17: =+IFERROR(HLOOKUP($B17,'[3]9월'!$F$6:$CC$57,2,),)/1000 -> 17.334 | N17: =+K17-M17 -> -3.143 | O17: =+IFERROR(HLOOKUP($B17,'[1]9월'!$D$6:$BN$259,3,),)/1000 -> 1564.16 | P17: =+IFERROR(HLOOKUP($B17,'[2]9월'!$F$6:$CP$99,3,),)/1000 -> 1379.9727 | Q17: =+P17-O17 -> -184.18725 | R17: =+IFERROR(HLOOKUP($B17,'[3]9월'!$F$6:$CC$57,3,),)/1000 -> 1626.8375 | S17: =+P17-R17 -> -246.86475 | T17: =+IFERROR(HLOOKUP($B17,'[1]9월'!$D$6:$BN$259,16,),)/1000 -> 287.14697 | U17: =+IFERROR(HLOOKUP($B17,'[2]9월'!$F$6:$CP$99,16,),)/1000 -> 137.65472 | V17: =+U17-T17 -> -149.49225 | W17: =+IFERROR(HLOOKUP($B17,'[3]9월'!$F$6:$CC$57,16,),)/1000 -> 218.38418 | X17: =+U17-W17 -> -80.729456 | Y17: =+[5]대구!$Q$85 -> 97760 | Z17: =+[5]대구!$R$85 -> 97242.812 | AA17: =+[6]대구!$Q$85 -> 93852.4 | AB17: =+[5]대구!$Q$89 -> 68963.293 | AC17: =+[5]대구!$R$89 -> 72709.872 | AD17: =+[6]대구!$Q$89 -> 70301.484 | AE17: =+Y17-AB17 -> 28796.707 | AF17: =+Z17-AC17 -> 24532.94 | AG17: =+AA17-AD17 -> 23550.916
B18: 울산 | G18: =+I18 -> 울산 | I18: 울산 | J18: =+IFERROR(HLOOKUP($B18,'[1]9월'!$D$6:$BN$259,2,),)/1000 -> 10 | K18: =+IFERROR(HLOOKUP($B18,'[2]9월'!$F$6:$CP$99,2,),)/1000 -> 11.98 | L18: =+K18-J18 -> 1.98 | M18: =+IFERROR(HLOOKUP($B18,'[3]9월'!$F$6:$CC$57,2,),)/1000 -> 7.286 | N18: =+K18-M18 -> 4.694 | O18: =+IFERROR(HLOOKUP($B18,'[1]9월'!$D$6:$BN$259,3,),)/1000 -> 1012.462 | P18: =+IFERROR(HLOOKUP($B18,'[2]9월'!$F$6:$CP$99,3,),)/1000 -> 1176.1866 | Q18: =+P18-O18 -> 163.72455 | R18: =+IFERROR(HLOOKUP($B18,'[3]9월'!$F$6:$CC$57,3,),)/1000 -> 718.7467 | S18: =+P18-R18 -> 457.43985 | T18: =+IFERROR(HLOOKUP($B18,'[1]9월'!$D$6:$BN$259,16,),)/1000 -> 88.588791 | U18: =+IFERROR(HLOOKUP($B18,'[2]9월'!$F$6:$CP$99,16,),)/1000 -> 78.459948 | V18: =+U18-T18 -> -10.128843 | W18: =+IFERROR(HLOOKUP($B18,'[3]9월'!$F$6:$CC$57,16,),)/1000 -> -25.275582 | X18: =+U18-W18 -> 103.73553 | Y18: =+[5]울산!$Q$85 -> 101246.2 | Z18: =+[5]울산!$R$85 -> 98179.178 | AA18: =+[6]울산!$Q$85 -> 98714.522 | AB18: =+[5]울산!$Q$89 -> 79194.379 | AC18: =+[5]울산!$R$89 -> 78607.479 | AD18: =+[6]울산!$Q$89 -> 82398.02 | AE18: =+Y18-AB18 -> 22051.821 | AF18: =+Z18-AC18 -> 19571.699 | AG18: =+AA18-AD18 -> 16316.502
B19: 아산 | G19: =+I19 -> 아산 | I19: 아산 | J19: =+IFERROR(HLOOKUP($B19,'[1]9월'!$D$6:$BN$259,2,),)/1000 -> 25 | K19: =+IFERROR(HLOOKUP($B19,'[2]9월'!$F$6:$CP$99,2,),)/1000 -> 23.352 | L19: =+K19-J19 -> -1.648 | M19: =+IFERROR(HLOOKUP($B19,'[3]9월'!$F$6:$CC$57,2,),)/1000 -> 24.188 | N19: =+K19-M19 -> -0.836 | O19: =+IFERROR(HLOOKUP($B19,'[1]9월'!$D$6:$BN$259,3,),)/1000 -> 2525.0035 | P19: =+IFERROR(HLOOKUP($B19,'[2]9월'!$F$6:$CP$99,3,),)/1000 -> 2315.0378 | Q19: =+P19-O19 -> -209.96574 | R19: =+IFERROR(HLOOKUP($B19,'[3]9월'!$F$6:$CC$57,3,),)/1000 -> 2300.5724 | S19: =+P19-R19 -> 14.46536 | T19: =+IFERROR(HLOOKUP($B19,'[1]9월'!$D$6:$BN$259,16,),)/1000 -> 384.78619 | U19: =+IFERROR(HLOOKUP($B19,'[2]9월'!$F$6:$CP$99,16,),)/1000 -> 256.65218 | V19: =+U19-T19 -> -128.13401 | W19: =+IFERROR(HLOOKUP($B19,'[3]9월'!$F$6:$CC$57,16,),)/1000 -> 301.86837 | X19: =+U19-W19 -> -45.216184 | Y19: =+[5]아산!$Q$85 -> 101000.14 | Z19: =+[5]아산!$R$85 -> 99026.219 | AA19: =+[6]아산!$Q$85 -> 95112.138 | AB19: =+[5]아산!$Q$89 -> 76991.453 | AC19: =+[5]아산!$R$89 -> 76440.336 | AD19: =+[6]아산!$Q$89 -> 74003.769 | AE19: =+Y19-AB19 -> 24008.687 | AF19: =+Z19-AC19 -> 22585.883 | AG19: =+AA19-AD19 -> 21108.369
B20: 전주 | G20: =+I20 -> 전주 | I20: 전주 | J20: =+IFERROR(HLOOKUP($B20,'[1]9월'!$D$6:$BN$259,2,),)/1000 -> 12 | K20: =+IFERROR(HLOOKUP($B20,'[2]9월'!$F$6:$CP$99,2,),)/1000 -> 10.103 | L20: =+K20-J20 -> -1.897 | M20: =+IFERROR(HLOOKUP($B20,'[3]9월'!$F$6:$CC$57,2,),)/1000 -> 9.8575 | N20: =+K20-M20 -> 0.2455 | O20: =+IFERROR(HLOOKUP($B20,'[1]9월'!$D$6:$BN$259,3,),)/1000 -> 1228.0728 | P20: =+IFERROR(HLOOKUP($B20,'[2]9월'!$F$6:$CP$99,3,),)/1000 -> 1007.1744 | Q20: =+P20-O20 -> -220.89836 | R20: =+IFERROR(HLOOKUP($B20,'[3]9월'!$F$6:$CC$57,3,),)/1000 -> 1033.3025 | S20: =+P20-R20 -> -26.128083 | T20: =+IFERROR(HLOOKUP($B20,'[1]9월'!$D$6:$BN$259,16,),)/1000 -> 209.31453 | U20: =+IFERROR(HLOOKUP($B20,'[2]9월'!$F$6:$CP$99,16,),)/1000 -> 98.002099 | V20: =+U20-T20 -> -111.31243 | W20: =+IFERROR(HLOOKUP($B20,'[3]9월'!$F$6:$CC$57,16,),)/1000 -> 153.73999 | X20: =+U20-W20 -> -55.737895 | Y20: =+[5]전주!$Q$85 -> 102339.4 | Z20: =+[5]전주!$R$85 -> 99690.626 | AA20: =+[6]전주!$Q$85 -> 104935.93 | AB20: =+[5]전주!$Q$89 -> 72820.536 | AC20: =+[5]전주!$R$89 -> 72859.165 | AD20: =+[6]전주!$Q$89 -> 73694.536 | AE20: =+Y20-AB20 -> 29518.86 | AF20: =+Z20-AC20 -> 26831.462 | AG20: =+AA20-AD20 -> 31241.397
B21: 군산 | G21: =+I21 -> 군산 | I21: 군산 | J21: =+IFERROR(HLOOKUP($B21,'[1]9월'!$D$6:$BN$259,2,),)/1000 -> 7 | K21: =+IFERROR(HLOOKUP($B21,'[2]9월'!$F$6:$CP$99,2,),)/1000 -> 7.883 | L21: =+K21-J21 -> 0.883 | M21: =+IFERROR(HLOOKUP($B21,'[3]9월'!$F$6:$CC$57,2,),)/1000 -> 7.779 | N21: =+K21-M21 -> 0.104 | O21: =+IFERROR(HLOOKUP($B21,'[1]9월'!$D$6:$BN$259,3,),)/1000 -> 762.99903 | P21: =+IFERROR(HLOOKUP($B21,'[2]9월'!$F$6:$CP$99,3,),)/1000 -> 917.5602 | Q21: =+P21-O21 -> 154.56117 | R21: =+IFERROR(HLOOKUP($B21,'[3]9월'!$F$6:$CC$57,3,),)/1000 -> 813.60725 | S21: =+P21-R21 -> 103.95295 | T21: =+IFERROR(HLOOKUP($B21,'[1]9월'!$D$6:$BN$259,16,),)/1000 -> 200.25549 | U21: =+IFERROR(HLOOKUP($B21,'[2]9월'!$F$6:$CP$99,16,),)/1000 -> 252.01421 | V21: =+U21-T21 -> 51.758728 | W21: =+IFERROR(HLOOKUP($B21,'[3]9월'!$F$6:$CC$57,16,),)/1000 -> 185.57947 | X21: =+U21-W21 -> 66.434748 | Y21: =+[5]군산!$Q$85 -> 108999.86 | Z21: =+[5]군산!$R$85 -> 116414.49 | AA21: =+[6]군산!$Q$85 -> 104590.21 | AB21: =+[5]군산!$Q$89 -> 69834.13 | AC21: =+[5]군산!$R$89 -> 72940.628 | AD21: =+[6]군산!$Q$89 -> 70455.437 | AE21: =+Y21-AB21 -> 39165.732 | AF21: =+Z21-AC21 -> 43473.867 | AG21: =+AA21-AD21 -> 34134.774
B22: 원주 | G22: =+I22 -> 원주 | I22: 원주 | J22: =+IFERROR(HLOOKUP($B22,'[1]9월'!$D$6:$BN$259,2,),)/1000 -> 4 | K22: =+IFERROR(HLOOKUP($B22,'[2]9월'!$F$6:$CP$99,2,),)/1000 -> 5.359 | L22: =+K22-J22 -> 1.359 | M22: =+IFERROR(HLOOKUP($B22,'[3]9월'!$F$6:$CC$57,2,),)/1000 -> 4.9845 | N22: =+K22-M22 -> 0.3745 | O22: =+IFERROR(HLOOKUP($B22,'[1]9월'!$D$6:$BN$259,3,),)/1000 -> 431.6 | P22: =+IFERROR(HLOOKUP($B22,'[2]9월'!$F$6:$CP$99,3,),)/1000 -> 606.961 | Q22: =+P22-O22 -> 175.361 | R22: =+IFERROR(HLOOKUP($B22,'[3]9월'!$F$6:$CC$57,3,),)/1000 -> 508.1092 | S22: =+P22-R22 -> 98.8518 | T22: =+IFERROR(HLOOKUP($B22,'[1]9월'!$D$6:$BN$259,16,),)/1000 -> 53.146043 | U22: =+IFERROR(HLOOKUP($B22,'[2]9월'!$F$6:$CP$99,16,),)/1000 -> 107.1387 | V22: =+U22-T22 -> 53.99266 | W22: =+IFERROR(HLOOKUP($B22,'[3]9월'!$F$6:$CC$57,16,),)/1000 -> 91.645691 | X22: =+U22-W22 -> 15.493012 | Y22: =+[5]원주!$Q$85 -> 107900 | Z22: =+[5]원주!$R$85 -> 113260.12 | AA22: =+[6]원주!$Q$85 -> 101937.85 | AB22: =+[5]원주!$Q$89 -> 72986.262 | AC22: =+[5]원주!$R$89 -> 73534.477 | AD22: =+[6]원주!$Q$89 -> 65834.361 | AE22: =+Y22-AB22 -> 34913.738 | AF22: =+Z22-AC22 -> 39725.647 | AG22: =+AA22-AD22 -> 36103.486
B23: 제주 | G23: =+I23 -> 제주 | I23: 제주 | J23: =+IFERROR(HLOOKUP($B23,'[1]9월'!$D$6:$BN$259,2,),)/1000 -> 6 | K23: =+IFERROR(HLOOKUP($B23,'[2]9월'!$F$6:$CP$99,2,),)/1000 -> 2.1085 | L23: =+K23-J23 -> -3.8915 | M23: =+IFERROR(HLOOKUP($B23,'[3]9월'!$F$6:$CC$57,2,),)/1000 -> 5.666 | N23: =+K23-M23 -> -3.5575 | O23: =+IFERROR(HLOOKUP($B23,'[1]9월'!$D$6:$BN$259,3,),)/1000 -> 760.8 | P23: =+IFERROR(HLOOKUP($B23,'[2]9월'!$F$6:$CP$99,3,),)/1000 -> 245.49822 | Q23: =+P23-O23 -> -515.30178 | R23: =+IFERROR(HLOOKUP($B23,'[3]9월'!$F$6:$CC$57,3,),)/1000 -> 680.80018 | S23: =+P23-R23 -> -435.30196 | T23: =+IFERROR(HLOOKUP($B23,'[1]9월'!$D$6:$BN$259,16,),)/1000 -> 122.86409 | U23: =+IFERROR(HLOOKUP($B23,'[2]9월'!$F$6:$CP$99,16,),)/1000 -> -40.681329 | V23: =+U23-T23 -> -163.54542 | W23: =+IFERROR(HLOOKUP($B23,'[3]9월'!$F$6:$CC$57,16,),)/1000 -> 77.088554 | X23: =+U23-W23 -> -117.76988 | Y23: =+[5]제주!$Q$85 -> 126800 | Z23: =+[5]제주!$R$85 -> 116432.64 | AA23: =+[6]제주!$Q$85 -> 120155.34 | AB23: =+[5]제주!$Q$89 -> 91328.928 | AC23: =+[5]제주!$R$89 -> 86083.475 | AD23: =+[6]제주!$Q$89 -> 89424.384 | AE23: =+Y23-AB23 -> 35471.072 | AF23: =+Z23-AC23 -> 30349.163 | AG23: =+AA23-AD23 -> 30730.959
G24: =+I24 -> 수도권 | I24: 수도권 | J24: =SUM(J7:J10) -> 114.5 | K24: =SUM(K7:K10) -> 75.6348 | L24: =+K24-J24 -> -38.8652 | M24: =SUM(M7:M10) -> 129.8285 | N24: =+K24-M24 -> -54.1937 | O24: =SUM(O7:O10) -> 11548.226 | P24: =SUM(P7:P10) -> 7393.098 | Q24: =+P24-O24 -> -4155.1277 | R24: =SUM(R7:R10) -> 12477.456 | S24: =+P24-R24 -> -5084.3579 | T24: =SUM(T7:T10) -> 1621.6334 | U24: =SUM(U7:U10) -> 268.92705 | V24: =+U24-T24 -> -1352.7063 | W24: =SUM(W7:W10) -> 1588.4852 | X24: =+U24-W24 -> -1319.5582 | Y24: =+[5]수도권!$Q$85 -> 100857.87 | Z24: =+[5]수도권!$R$85 -> 97749.491 | AA24: =+[6]수도권!$Q$85 -> 96078.533 | AB24: =+[5]수도권!$Q$89 -> 77895.789 | AC24: =+[5]수도권!$R$89 -> 79479.892 | AD24: =+[6]수도권!$Q$89 -> 75077.479 | AE24: =+Y24-AB24 -> 22962.077 | AF24: =+Z24-AC24 -> 18269.6 | AG24: =+AA24-AD24 -> 21001.054
G25: =+I25 -> 영남권 | I25: 영남권 | J25: =SUM(J11:J18) -> 120 | K25: =SUM(K11:K18) -> 111.844 | L25: =+K25-J25 -> -8.156 | M25: =SUM(M11:M18) -> 132.887 | N25: =+K25-M25 -> -21.043 | O25: =SUM(O11:O18) -> 12286.109 | P25: =SUM(P11:P18) -> 11134.043 | Q25: =+P25-O25 -> -1152.0661 | R25: =SUM(R11:R18) -> 13217.643 | S25: =+P25-R25 -> -2083.5997 | T25: =SUM(T11:T18) -> 1863.4103 | U25: =SUM(U11:U18) -> 790.68247 | V25: =+U25-T25 -> -1072.7279 | W25: =SUM(W11:W18) -> 1441.3918 | X25: =+U25-W25 -> -650.70933 | Y25: =+[5]영남권!$Q$85 -> 102384.24 | Z25: =+[5]영남권!$R$85 -> 99624.762 | AA25: =+[6]영남권!$Q$85 -> 99478.73 | AB25: =+[5]영남권!$Q$89 -> 74992.299 | AC25: =+[5]영남권!$R$89 -> 77483.837 | AD25: =+[6]영남권!$Q$89 -> 76717.351 | AE25: =+Y25-AB25 -> 27391.945 | AF25: =+Z25-AC25 -> 22140.925 | AG25: =+AA25-AD25 -> 22761.378
G26: =+I26 -> 중부권 | I26: 중부권 | J26: =SUM(J19:J23) -> 54 | K26: =SUM(K19:K23) -> 48.8055 | L26: =+K26-J26 -> -5.1945 | M26: =SUM(M19:M23) -> 52.475 | N26: =+K26-M26 -> -3.6695 | O26: =SUM(O19:O23) -> 5708.4753 | P26: =SUM(P19:P23) -> 5092.2316 | Q26: =+P26-O26 -> -616.24372 | R26: =SUM(R19:R23) -> 5336.3915 | S26: =+P26-R26 -> -244.15994 | T26: =SUM(T19:T23) -> 970.36634 | U26: =SUM(U19:U23) -> 673.12587 | V26: =+U26-T26 -> -297.24047 | W26: =SUM(W19:W23) -> 809.92207 | X26: =+U26-W26 -> -136.7962 | Y26: =+[5]중부권!$Q$85 -> 105712.51 | Z26: =+[5]중부권!$R$85 -> 104305.46 | AA26: =+[6]중부권!$Q$85 -> 101710.77 | AB26: =+[5]중부권!$Q$89 -> 76433.153 | AC26: =+[5]중부권!$R$89 -> 75226.187 | AD26: =+[6]중부권!$Q$89 -> 74309.454 | AE26: =+Y26-AB26 -> 29279.352 | AF26: =+Z26-AC26 -> 29079.27 | AG26: =+AA26-AD26 -> 27401.312
G27: =+K27/J27 -> 0.81900971 | H27: 레미콘 계 | J27: =SUM(J24:J26) -> 288.5 | K27: =SUM(K24:K26) -> 236.2843 | L27: =+K27-J27 -> -52.2157 | M27: =SUM(M24:M26) -> 315.1905 | N27: =+K27-M27 -> -78.9062 | O27: =SUM(O24:O26) -> 29542.81 | P27: =SUM(P24:P26) -> 23619.373 | Q27: =+P27-O27 -> -5923.4376 | R27: =SUM(R24:R26) -> 31031.49 | S27: =+P27-R27 -> -7412.1175 | T27: =SUM(T24:T26) -> 4455.41 | U27: =SUM(U24:U26) -> 1732.7354 | V27: =+U27-T27 -> -2722.6747 | W27: =SUM(W24:W26) -> 3839.7991 | X27: =+U27-W27 -> -2107.0637 | Y27: =+[5]합계!$Q$85 -> 102401.42 | Z27: =+[5]합계!$R$85 -> 99989.728 | AA27: =+[6]합계!$Q$85 -> 98458.403 | AB27: =+[5]합계!$Q$89 -> 76414.329 | AC27: =+[5]합계!$R$89 -> 77657.504 | AD27: =+[6]합계!$Q$89 -> 75642.937 | AE27: =+Y27-AB27 -> 25987.093 | AF27: =+Z27-AC27 -> 22332.224 | AG27: =+AA27-AD27 -> 22815.466
B28: 건자재 | E28: 건자재영업 | G28: 건자재 | H28: 건자재 | J28: =+IFERROR(HLOOKUP($B28,'[1]9월'!$D$6:$BN$259,2,),) -> 6500 | K28: =+IFERROR(HLOOKUP($E28,'[2]9월'!$F$6:$CP$99,2,),) -> 7354.628 | L28: =+K28-J28 -> 854.628 | M28: =+IFERROR(HLOOKUP($E28,'[3]9월'!$F$6:$CC$57,2,),) -> 6990.503 | N28: =+K28-M28 -> 364.125 | O28: =+IFERROR(HLOOKUP($B28,'[1]9월'!$D$6:$BN$259,3,),)/1000 -> 7946.92 | P28: =+IFERROR(HLOOKUP($E28,'[2]9월'!$F$6:$CP$99,3,),)/1000 -> 7720.8259 | Q28: =+P28-O28 -> -226.09414 | R28: =+IFERROR(HLOOKUP($E28,'[3]9월'!$F$6:$CC$57,3,),)/1000 -> 9395.2205 | S28: =+P28-R28 -> -1674.3947 | T28: =+IFERROR(HLOOKUP($B28,'[1]9월'!$D$6:$BN$259,16,),)/1000 -> 60.891698 | U28: =+IFERROR(HLOOKUP($E28,'[2]9월'!$F$6:$CP$99,16,),)/1000 -> -15.579202 | V28: =+U28-T28 -> -76.4709 | W28: =+IFERROR(HLOOKUP($E28,'[3]9월'!$F$6:$CC$57,16,),)/1000 -> -1.565119 | X28: =+U28-W28 -> -14.014083 | Y28: ■ 비고
B29: 부산모래장 | C29: 부산골재 | G29: =+I29 -> 부산모래장 | H29: 골재 | I29: 부산모래장 | J29: =+IFERROR(HLOOKUP($B29,'[1]9월'!$D$6:$BN$259,2,),)/1000 -> 26.511795 | K29: =+IFERROR(HLOOKUP($C29,'[2]9월'!$F$6:$CP$99,2,),)/1000 -> 9.143 | L29: =+K29-J29 -> -17.368795 | M29: =+IFERROR(HLOOKUP($C29,'[3]9월'!$F$6:$CC$57,2,),)/1000 -> 27.469 | N29: =+K29-M29 -> -18.326 | O29: =+IFERROR(HLOOKUP($B29,'[1]9월'!$D$6:$BN$259,3,),)/1000 -> 754.203 | P29: =+IFERROR(HLOOKUP($C29,'[2]9월'!$F$6:$CP$99,3,),)/1000 -> 251.0855 | Q29: =+P29-O29 -> -503.1175 | R29: =+IFERROR(HLOOKUP($C29,'[3]9월'!$F$6:$CC$57,3,),)/1000 -> 783.537 | S29: =+P29-R29 -> -532.4515 | T29: =+IFERROR(HLOOKUP($B29,'[1]9월'!$D$6:$BN$259,21,),)/1000 -> 54.760474 | U29: =+IFERROR(HLOOKUP($C29,'[2]9월'!$F$6:$CP$99,21,),)/1000 -> -3.6659722 | V29: =+U29-T29 -> -58.426446 | W29: =+IFERROR(HLOOKUP($C29,'[3]9월'!$F$6:$CC$57,16,),)/1000 -> 21.691171 | X29: =+U29-W29 -> -25.357143 | Y29: □ 대손 환입 : 4억
B30: 서부산크라샤 | C30: 서부산골재 | G30: =+I30 -> 서부산CR | I30: 서부산CR | J30: =+IFERROR(HLOOKUP($B30,'[1]9월'!$D$6:$BN$259,2,),)/1000 -> 46.66963 | K30: =+IFERROR(HLOOKUP($C30,'[2]9월'!$F$6:$CP$99,2,),)/1000 -> 1.05 | L30: =+K30-J30 -> -45.61963 | M30: =+IFERROR(HLOOKUP($C30,'[3]9월'!$F$6:$CC$57,2,),)/1000 -> 33.128 | N30: =+K30-M30 -> -32.078 | O30: =+IFERROR(HLOOKUP($B30,'[1]9월'!$D$6:$BN$259,3,),)/1000 -> 561.62812 | P30: =+IFERROR(HLOOKUP($C30,'[2]9월'!$F$6:$CP$99,3,),)/1000 -> 12.075 | Q30: =+P30-O30 -> -549.55312 | R30: =+IFERROR(HLOOKUP($C30,'[3]9월'!$F$6:$CC$57,3,),)/1000 -> 413.92 | S30: =+P30-R30 -> -401.845 | T30: =+IFERROR(HLOOKUP($B30,'[1]9월'!$D$6:$BN$259,21,),)/1000 -> 67.872078 | U30: =+IFERROR(HLOOKUP($C30,'[2]9월'!$F$6:$CP$99,21,),)/1000 -> -87.578777 | V30: =+U30-T30 -> -155.45085 | W30: =+IFERROR(HLOOKUP($C30,'[3]9월'!$F$6:$CC$57,16,),)/1000 -> 85.058036 | X30: =+U30-W30 -> -172.63681 | Y30: - 집합 대손 : 1.7억
B31: 부산크라샤 | C31: 부산크라샤 | G31: =+I31 -> 부산CR | I31: 부산CR | J31: =+IFERROR(HLOOKUP($B31,'[1]9월'!$D$6:$BN$259,2,),)/1000 -> 41.11631 | K31: =+IFERROR(HLOOKUP($C31,'[2]9월'!$F$6:$CP$99,2,),)/1000 -> 36.758 | L31: =+K31-J31 -> -4.3583098 | M31: =+IFERROR(HLOOKUP($C31,'[3]9월'!$F$6:$CC$57,2,),)/1000 -> 21.312 | N31: =+K31-M31 -> 15.446 | O31: =+IFERROR(HLOOKUP($B31,'[1]9월'!$D$6:$BN$259,3,),)/1000 -> 744.43911 | P31: =+IFERROR(HLOOKUP($C31,'[2]9월'!$F$6:$CP$99,3,),)/1000 -> 622.585 | Q31: =+P31-O31 -> -121.85411 | R31: =+IFERROR(HLOOKUP($C31,'[3]9월'!$F$6:$CC$57,3,),)/1000 -> 377.489 | S31: =+P31-R31 -> 245.096 | T31: =+IFERROR(HLOOKUP($B31,'[1]9월'!$D$6:$BN$259,21,),)/1000 -> 17.132013 | U31: =+IFERROR(HLOOKUP($C31,'[2]9월'!$F$6:$CP$99,21,),)/1000 -> -221.73575 | V31: =+U31-T31 -> -238.86776 | W31: =+IFERROR(HLOOKUP($C31,'[3]9월'!$F$6:$CC$57,16,),)/1000 -> 44.142378 | X31: =+U31-W31 -> -265.87813 | Y31: - 개별 대손 : 2.3억(신일 1.2억, 남양건설 1.1억)
H32: 골재 계 | J32: =SUM(J29:J31) -> 114.29774 | K32: =SUM(K29:K31) -> 46.951 | L32: =+K32-J32 -> -67.346735 | M32: =SUM(M29:M31) -> 81.909 | N32: =+K32-M32 -> -34.958 | O32: =SUM(O29:O31) -> 2060.2702 | P32: =SUM(P29:P31) -> 885.7455 | Q32: =+P32-O32 -> -1174.5247 | R32: =SUM(R29:R31) -> 1574.946 | S32: =+P32-R32 -> -689.2005 | T32: =SUM(T29:T31) -> 139.76456 | U32: =SUM(U29:U31) -> -312.9805 | V32: =+U32-T32 -> -452.74506 | W32: =SUM(W29:W31) -> 150.89159 | X32: =+U32-W32 -> -463.87208
B33: 포항임대 | C33: 속초임대 | D33: 강릉임대 | E33: 레미콘임대 계 | G33: =+I33 -> 레미콘임대 | H33: 기타 | I33: 레미콘임대 | L33: =+K33-J33 -> 0 | N33: =+K33-M33 -> 0 | O33: =(IFERROR(HLOOKUP($B33,'[1]9월'!$D$6:$BN$259,3,),)++IFERROR(HLOOKUP($C33,'[1]9월'!$D$6:$BN$259,3,),)+IFERROR(HLOOKUP($D33,'[1]9월'!$D$6:$BN$259,3,),))/1000 -> 90.84 | P33: =+IFERROR(HLOOKUP($E33,'[2]9월'!$F$6:$CP$99,3,),)/1000 -> 90.84 | Q33: =+P33-O33 -> 0 | R33: =+IFERROR(HLOOKUP($E33,'[3]9월'!$F$6:$CC$57,3,),)/1000 -> 90.84 | S33: =+P33-R33 -> 0 | T33: =(IFERROR(HLOOKUP($B33,'[1]9월'!$D$6:$BN$259,21,),)++IFERROR(HLOOKUP($C33,'[1]9월'!$D$6:$BN$259,21,),)+IFERROR(HLOOKUP($D33,'[1]9월'!$D$6:$BN$259,21,),))/1000 -> 75.404842 | U33: =+IFERROR(HLOOKUP($E33,'[2]9월'!$F$6:$CP$99,16,),)/1000 -> 76.004227 | V33: =+U33-T33 -> 0.599385 | W33: =+IFERROR(HLOOKUP($E33,'[3]9월'!$F$6:$CC$57,16,),)/1000 -> 30.418728 | X33: =+U33-W33 -> 45.585499
B34: 부동산임대 | C34: 주유소임대 | E34: 임대 계 | G34: =+I34 -> 임대 | I34: 임대 | L34: =+K34-J34 -> 0 | M34: 0 | N34: =+K34-M34 -> 0 | O34: =(+IFERROR(HLOOKUP($B34,'[1]9월'!$D$6:$BN$259,3,),)+IFERROR(HLOOKUP($C34,'[1]9월'!$D$6:$BN$259,3,),))/1000 -> 72.8975 | P34: =+IFERROR(HLOOKUP($E34,'[2]9월'!$F$6:$CP$99,3,),)/1000 -> 73.318181 | Q34: =+P34-O34 -> 0.42068067 | R34: =+IFERROR(HLOOKUP($E34,'[3]9월'!$F$6:$CC$57,3,),)/1000 -> 92.762864 | S34: =+P34-R34 -> -19.444683 | T34: =(+IFERROR(HLOOKUP($B34,'[1]9월'!$D$6:$BN$259,21,),)+IFERROR(HLOOKUP($C34,'[1]9월'!$D$6:$BN$259,21,),))/1000 -> 75.238401 | U34: =+IFERROR(HLOOKUP($E34,'[2]9월'!$F$6:$CP$99,16,),)/1000 -> 75.78999 | V34: =+U34-T34 -> 0.55158867 | W34: =+IFERROR(HLOOKUP($E34,'[3]9월'!$F$6:$CC$57,16,),)/1000 -> 99.216891 | X34: =+U34-W34 -> -23.426901
B35: 공 통 비 | G35: =+I35 -> 공통비 | I35: 공통비 | L35: =+K35-J35 -> 0 | N35: =+K35-M35 -> 0 | Q35: =+P35-O35 -> 0 | S35: =+P35-R35 -> 0 | T35: =-'[1]9월'!$Z$22/1000 -> -1157.2821 | U35: =+-'[2]9월'!$Z$22/1000 -> -1368.6461 | V35: =+U35-T35 -> -211.36396 | W35: =+-'[3]9월'!$Z$22/1000 -> -1217.3342 | X35: =+U35-W35 -> -151.31189
G36: =+I36 -> 대손 | I36: 대손 | N36: =+K36-M36 -> 0 | Q36: =+P36-O36 -> 0 | S36: =+P36-R36 -> 0 | U36: ='[2]9월'!$BE$26/1000 -> 401.64838 | V36: =+U36-T36 -> 401.64838 | X36: =+U36-W36 -> 401.64838
G37: =+I37 -> 미운영 공장 | I37: 미운영 공장 | M37: =SUM(M53:M56) -> 0 | N37: =+K37-M37 -> 0 | Q37: =+P37-O37 -> 0 | R37: =+IFERROR(HLOOKUP($I$37,'[3]9월'!$F$6:$BJ$50,3,),)/1000 -> 0 | S37: =+P37-R37 -> 0 | T37: =SUM('[1]9월'!$AM$26:$AQ$26)/1000 -> -3.3575384 | U37: =+'[2]9월'!$BF$26/1000 -> -3.050165 | V37: =+U37-T37 -> 0.30737344 | W37: =+'[3]9월'!$BF$26/1000 -> -43.327927 | X37: =+U37-W37 -> 40.277762
B38: 기타 계 | G38: =+I38 -> 기타 | I38: 기타 | L38: =+K38-J38 -> 0 | N38: =+K38-M38 -> 0 | O38: =IFERROR(HLOOKUP($B38,'[1]9월'!$D$6:$BN$259,3,),)/1000 -> 1.77 | P38: =+('[2]9월'!$F$8-SUM('[2]9월'!$Z$8,'[2]9월'!$AH$8,'[2]9월'!$AN$8,'[2]9월'!$AO$8,'[2]9월'!$BA$8,'[2]9월'!$BD$8,'[2]9월'!$BE$8,'[2]9월'!$BF$8))/1000 -> 1.8162 | Q38: =+P38-O38 -> 0.0462 | R38: =+('[3]9월'!$F$8-SUM('[3]9월'!$Z$8,'[3]9월'!$AH$8,'[3]9월'!$AN$8,'[3]9월'!$AO$8,'[3]9월'!$BA$8,'[3]9월'!$BD$8,'[3]9월'!$BE$8,'[3]9월'!$BF$8))/1000 -> 1.7741 | S38: =+P38-R38 -> 0.0421 | T38: =+('[1]9월'!$E$26-'[1]9월'!$Z$26-'[1]9월'!$AA$26-'[1]9월'!$AE$26-'[1]9월'!$AL$26-'[1]9월'!$AM$26-'[1]9월'!$AN$26-'[1]9월'!$AO$26-'[1]9월'!$AP$26-'[1]9월'!$AQ$26-'[1]9월'!$AS$26)/1000 -> -68.088929 | U38: =+('[2]9월'!$F$26-SUM('[2]9월'!$Z$26,'[2]9월'!$AH$26,'[2]9월'!$AN$26,'[2]9월'!$AO$26,'[2]9월'!$BA$26,'[2]9월'!$BD$26,'[2]9월'!$BE$26,'[2]9월'!$BF$26))/1000+'[2]9월'!$BD$26/1000 -> 243.74512 | V38: =+U38-T38 -> 311.83405 | W38: =+('[3]9월'!$F$26-SUM('[3]9월'!$Z$26,'[3]9월'!$AH$26,'[3]9월'!$AN$26,'[3]9월'!$AO$26,'[3]9월'!$BA$26,'[3]9월'!$BD$26,'[3]9월'!$BE$26,'[3]9월'!$BF$26))/1000+'[3]9월'!$BE$26/1000 -> -793.39645 | X38: =+U38-W38 -> 1037.1416
N39: =+K39-M39 -> 0 | Q39: =+P39-O39 -> 0 | S39: =+P39-R39 -> 0 | V39: =+U39-T39 -> 0
H40: 기타 계 | J40: =SUM(J33:J39) -> 0 | K40: =SUM(K33:K39) -> 0 | L40: =+K40-J40 -> 0 | M40: =SUM(M33:M39) -> 0 | N40: =+K40-M40 -> 0 | O40: =SUM(O33:O39) -> 165.5075 | P40: =SUM(P33:P39) -> 165.97438 | Q40: =+P40-O40 -> 0.46688067 | R40: =SUM(R33:R39) -> 185.37696 | S40: =+P40-R40 -> -19.402583 | T40: =SUM(T33:T39) -> -1078.0853 | U40: =SUM(U33:U39) -> -574.50853 | V40: =+U40-T40 -> 503.57682 | W40: =SUM(W33:W39) -> -1924.423 | X40: =+U40-W40 -> 1349.9144
U41: 19 | V41: 12.4
G42: =+P42/O42 -> 0.81559874 | H42: 합계 | O42: =+O27+O32+O28+O40 -> 39715.508 | P42: =+P27+P32+P28+P40 -> 32391.918 | Q42: =+P42-O42 -> -7323.5895 | R42: =+R27+R32+R28+R40 -> 42187.034 | S42: =+P42-R42 -> -9795.1153 | T42: =+T27+T32+T28+T40 -> 3577.981 | U42: =+U27+U32+U28+U40 -> 829.66716 | V42: =+U42-T42 -> -2748.3138 | W42: =+W27+W32+W28+W40 -> 2064.7026 | X42: =+U42-W42 -> -1235.0354
G43: =+U42/T42 -> 0.23188138 | P43: =+P42/O42 -> 0.81559874 | T43: =+T42/O42 -> 0.090090273 | U43: =+U42/P42 -> 0.0256134
I45: 확인 | J45: =+'[1]9월'!$Z$7/1000 -> 288.5 | K45: =+'[2]9월'!$AI$7/1000 -> 236.2843 | M45: =+'[3]9월'!$Z$7/1000 -> 315.1905 | O45: =+'[1]9월'!$E$8/1000 -> 39715.508 | P45: =+'[2]9월'!$F$8/1000 -> 32391.918 | R45: =+'[3]9월'!$F$8/1000 -> 42187.034 | T45: =+'[1]9월'!$E$26/1000 -> 3577.981 | U45: =+'[2]9월'!$F$26/1000 -> 829.66716 | W45: =+'[3]9월'!$F$26/1000 -> 2064.7026
J46: =+J45-J27 -> 0 | K46: =+K45-K27 -> 0 | M46: =+M45-M27 -> 0 | O46: =+O45-O42 -> 0 | P46: =+P45-P42 -> 0 | R46: =+R45-R42 -> 0 | T46: =+T45-T42 -> 0 | U46: =+U45-U42 -> 0 | W46: =+W45-W42 -> 0
Y50: - OPC 소급분 : 삼표 2.5억(총 9.9억 中 1회차) → 8~11월 총 4회 소급예정

Sheet 사업장별(누계)_공장 송부용
H3: □ 사업장별 손익실적(2024-09누계)
AG4: [단위 : 천㎥, 톤, 백만원]
H5: 구분 | J5: 물량 | O5: 매출 | T5: 영업이익(공통비 배부전) | Y5: 판매단가 | AB5: 변동비 | AE5: 공헌이익
J6: 계획 | K6: 실적 | L6: 차이 | M6: 전년 | N6: 차이 | O6: 계획 | P6: 실적 | Q6: 차이 | R6: 전년 | S6: 차이 | T6: 계획 | U6: 실적 | V6: 차이 | W6: 전년 | X6: 차이 | Y6: 계획 | Z6: 실적 | AA6: 전년 | AB6: 계획 | AC6: 실적 | AD6: 전년 | AE6: 계획 | AF6: 실적 | AG6: 전년
B7: 안양 | F7: =+U7/T7 -> 0.65948828 | G7: =+K7/J7 -> 0.90436757 | H7: 레미콘 | I7: 안양 | J7: =+'사업장별(당월)'!J7+'[4]사업장별(누계)'!J7 -> 370 | K7: =+'사업장별(당월)'!K7+'[4]사업장별(누계)'!K7 -> 334.616 | L7: =+K7-J7 -> -35.384 | M7: =+'사업장별(당월)'!M7+'[4]사업장별(누계)'!M7 -> 399.888 | N7: =+K7-M7 -> -65.272 | O7: =+'사업장별(당월)'!O7+'[4]사업장별(누계)'!O7 -> 37069.957 | P7: =+'사업장별(당월)'!P7+'[4]사업장별(누계)'!P7 -> 33357.438 | Q7: =+P7-O7 -> -3712.5193 | R7: =+'사업장별(당월)'!R7+'[4]사업장별(누계)'!R7 -> 37165.112 | S7: =+P7-R7 -> -3807.6742 | T7: =+'사업장별(당월)'!T7+'[4]사업장별(누계)'!T7 -> 5070.1885 | U7: =+'사업장별(당월)'!U7+'[4]사업장별(누계)'!U7 -> 3343.7299 | V7: =+U7-T7 -> -1726.4586 | W7: =+'사업장별(당월)'!W7+'[4]사업장별(누계)'!W7 -> 5349.584 | X7: =+U7-W7 -> -2005.8541 | Y7: =+[11]안양!$Q$85 -> 100189.07 | Z7: =+[11]안양!$R$85 -> 99684.172 | AA7: =+[12]안양!$Q$85 -> 92912.317 | AB7: =+[11]안양!$Q$89 -> 79028.933 | AC7: =+[11]안양!$R$89 -> 81441.595 | AD7: =+[12]안양!$Q$89 -> 72942.375 | AE7: =+Y7-AB7 -> 21160.141 | AF7: =+Z7-AC7 -> 18242.577 | AG7: =+AA7-AD7 -> 19969.942
B8: 인천 | F8: =+U8/T8 -> 0.55847765 | G8: =+K8/J8 -> 0.88136996 | H8: 직영 | I8: 인천 | J8: =+'사업장별(당월)'!J8+'[4]사업장별(누계)'!J8 -> 273 | K8: =+'사업장별(당월)'!K8+'[4]사업장별(누계)'!K8 -> 240.614 | L8: =+K8-J8 -> -32.386 | M8: =+'사업장별(당월)'!M8+'[4]사업장별(누계)'!M8 -> 334.991 | N8: =+K8-M8 -> -94.377 | O8: =+'사업장별(당월)'!O8+'[4]사업장별(누계)'!O8 -> 27722.47 | P8: =+'사업장별(당월)'!P8+'[4]사업장별(누계)'!P8 -> 24052.031 | Q8: =+P8-O8 -> -3670.4393 | R8: =+'사업장별(당월)'!R8+'[4]사업장별(누계)'!R8 -> 32103.106 | S8: =+P8-R8 -> -8051.0756 | T8: =+'사업장별(당월)'!T8+'[4]사업장별(누계)'!T8 -> 2862.1879 | U8: =+'사업장별(당월)'!U8+'[4]사업장별(누계)'!U8 -> 1598.468 | V8: =+U8-T8 -> -1263.7199 | W8: =+'사업장별(당월)'!W8+'[4]사업장별(누계)'!W8 -> 3919.829 | X8: =+U8-W8 -> -2321.361 | Y8: =+[11]인천!$Q$85 -> 101547.51 | Z8: =+[11]인천!$R$85 -> 99965.701 | AA8: =+[12]인천!$Q$85 -> 95811.617 | AB8: =+[11]인천!$Q$89 -> 81151.823 | AC8: =+[11]인천!$R$89 -> 82345.503 | AD8: =+[12]인천!$Q$89 -> 75972.432 | AE8: =+Y8-AB8 -> 20395.686 | AF8: =+Z8-AC8 -> 17620.198 | AG8: =+AA8-AD8 -> 19839.185
B9: 파주 | F9: =+U9/T9 -> 0.55658247 | G9: =+K9/J9 -> 0.98384615 | I9: 파주 | J9: =+'사업장별(당월)'!J9+'[4]사업장별(누계)'!J9 -> 221 | K9: =+'사업장별(당월)'!K9+'[4]사업장별(누계)'!K9 -> 217.43 | L9: =+K9-J9 -> -3.57 | M9: =+'사업장별(당월)'!M9+'[4]사업장별(누계)'!M9 -> 234.142 | N9: =+K9-M9 -> -16.712 | O9: =+'사업장별(당월)'!O9+'[4]사업장별(누계)'!O9 -> 21780.382 | P9: =+'사업장별(당월)'!P9+'[4]사업장별(누계)'!P9 -> 21232.173 | Q9: =+P9-O9 -> -548.20922 | R9: =+'사업장별(당월)'!R9+'[4]사업장별(누계)'!R9 -> 21568.783 | S9: =+P9-R9 -> -336.60998 | T9: =+'사업장별(당월)'!T9+'[4]사업장별(누계)'!T9 -> 2911.5541 | U9: =+'사업장별(당월)'!U9+'[4]사업장별(누계)'!U9 -> 1620.52 | V9: =+U9-T9 -> -1291.0341 | W9: =+'사업장별(당월)'!W9+'[4]사업장별(누계)'!W9 -> 2435.4324 | X9: =+U9-W9 -> -814.91244 | Y9: =+[11]파주!$Q$85 -> 98553.765 | Z9: =+[11]파주!$R$85 -> 97669.562 | AA9: =+[12]파주!$Q$85 -> 92102.675 | AB9: =+[11]파주!$Q$89 -> 76286.031 | AC9: =+[11]파주!$R$89 -> 80630.911 | AD9: =+[12]파주!$Q$89 -> 73131.663 | AE9: =+Y9-AB9 -> 22267.734 | AF9: =+Z9-AC9 -> 17038.65 | AG9: =+AA9-AD9 -> 18971.012
B10: 김포 | F10: =+U10/T10 -> 0.50050178 | G10: =+K10/J10 -> 0.76280669 | I10: 김포 | J10: =+'사업장별(당월)'!J10+'[4]사업장별(누계)'!J10 -> 134.5 | K10: =+'사업장별(당월)'!K10+'[4]사업장별(누계)'!K10 -> 102.5975 | L10: =+K10-J10 -> -31.9025 | M10: =+'사업장별(당월)'!M10+'[4]사업장별(누계)'!M10 -> 145.074 | N10: =+K10-M10 -> -42.4765 | O10: =+'사업장별(당월)'!O10+'[4]사업장별(누계)'!O10 -> 12855.481 | P10: =+'사업장별(당월)'!P10+'[4]사업장별(누계)'!P10 -> 10047.479 | Q10: =+P10-O10 -> -2808.0018 | R10: =+'사업장별(당월)'!R10+'[4]사업장별(누계)'!R10 -> 13013.835 | S10: =+P10-R10 -> -2966.3559 | T10: =+'사업장별(당월)'!T10+'[4]사업장별(누계)'!T10 -> 1720.5477 | U10: =+'사업장별(당월)'!U10+'[4]사업장별(누계)'!U10 -> 861.13719 | V10: =+U10-T10 -> -859.41053 | W10: =+'사업장별(당월)'!W10+'[4]사업장별(누계)'!W10 -> 1622.0567 | X10: =+U10-W10 -> -760.91948 | Y10: =+[11]김포!$Q$85 -> 95579.784 | Z10: =+[11]김포!$R$85 -> 97948.634 | AA10: =+[12]김포!$Q$85 -> 89668.989 | AB10: =+[11]김포!$Q$89 -> 71663.359 | AC10: =+[11]김포!$R$89 -> 75397.686 | AD10: =+[12]김포!$Q$89 -> 68014.937 | AE10: =+Y10-AB10 -> 23916.425 | AF10: =+Z10-AC10 -> 22550.947 | AG10: =+AA10-AD10 -> 21654.052
B11: 부산 | F11: =+U11/T11 -> 0.7166037 | G11: =+K11/J11 -> 1.0139916 | I11: 부산 | J11: =+'사업장별(당월)'!J11+'[4]사업장별(누계)'!J11 -> 178 | K11: =+'사업장별(당월)'!K11+'[4]사업장별(누계)'!K11 -> 180.4905 | L11: =+K11-J11 -> 2.4905 | M11: =+'사업장별(당월)'!M11+'[4]사업장별(누계)'!M11 -> 210.1805 | N11: =+K11-M11 -> -29.69 | O11: =+'사업장별(당월)'!O11+'[4]사업장별(누계)'!O11 -> 19152.807 | P11: =+'사업장별(당월)'!P11+'[4]사업장별(누계)'!P11 -> 19514.875 | Q11: =+P11-O11 -> 362.06805 | R11: =+'사업장별(당월)'!R11+'[4]사업장별(누계)'!R11 -> 21674.129 | S11: =+P11-R11 -> -2159.2546 | T11: =+'사업장별(당월)'!T11+'[4]사업장별(누계)'!T11 -> 2781.5295 | U11: =+'사업장별(당월)'!U11+'[4]사업장별(누계)'!U11 -> 1993.2543 | V11: =+U11-T11 -> -788.27518 | W11: =+'사업장별(당월)'!W11+'[4]사업장별(누계)'!W11 -> 3808.7773 | X11: =+U11-W11 -> -1815.523 | Y11: =+[11]부산!$Q$85 -> 107600.04 | Z11: =+[11]부산!$R$85 -> 108121.34 | AA11: =+[12]부산!$Q$85 -> 103121.5 | AB11: =+[11]부산!$Q$89 -> 78337.484 | AC11: =+[11]부산!$R$89 -> 83970.264 | AD11: =+[12]부산!$Q$89 -> 74328.834 | AE11: =+Y11-AB11 -> 29262.553 | AF11: =+Z11-AC11 -> 24151.075 | AG11: =+AA11-AD11 -> 28792.669
B12: 서부산 | F12: =+U12/T12 -> 0.57068268 | G12: =+K12/J12 -> 0.88447642 | I12: 서부산 | J12: =+'사업장별(당월)'!J12+'[4]사업장별(누계)'!J12 -> 212 | K12: =+'사업장별(당월)'!K12+'[4]사업장별(누계)'!K12 -> 187.509 | L12: =+K12-J12 -> -24.491 | M12: =+'사업장별(당월)'!M12+'[4]사업장별(누계)'!M12 -> 192.121 | N12: =+K12-M12 -> -4.612 | O12: =+'사업장별(당월)'!O12+'[4]사업장별(누계)'!O12 -> 22002.987 | P12: =+'사업장별(당월)'!P12+'[4]사업장별(누계)'!P12 -> 18965.682 | Q12: =+P12-O12 -> -3037.3054 | R12: =+'사업장별(당월)'!R12+'[4]사업장별(누계)'!R12 -> 19346.943 | S12: =+P12-R12 -> -381.26136 | T12: =+'사업장별(당월)'!T12+'[4]사업장별(누계)'!T12 -> 3781.4325 | U12: =+'사업장별(당월)'!U12+'[4]사업장별(누계)'!U12 -> 2157.998 | V12: =+U12-T12 -> -1623.4345 | W12: =+'사업장별(당월)'!W12+'[4]사업장별(누계)'!W12 -> 3256.2757 | X12: =+U12-W12 -> -1098.2777 | Y12: =+[11]서부산!$Q$85 -> 103787.68 | Z12: =+[11]서부산!$R$85 -> 101146.84 | AA12: =+[12]서부산!$Q$85 -> 100701.87 | AB12: =+[11]서부산!$Q$89 -> 76948.079 | AC12: =+[11]서부산!$R$89 -> 78909.296 | AD12: =+[12]서부산!$Q$89 -> 74211.611 | AE12: =+Y12-AB12 -> 26839.597 | AF12: =+Z12-AC12 -> 22237.543 | AG12: =+AA12-AD12 -> 26490.255
B13: 김해 | F13: =+U13/T13 -> 0.56528606 | G13: =+K13/J13 -> 1.1598846 | I13: 김해 | J13: =+'사업장별(당월)'!J13+'[4]사업장별(누계)'!J13 -> 104 | K13: =+'사업장별(당월)'!K13+'[4]사업장별(누계)'!K13 -> 120.628 | L13: =+K13-J13 -> 16.628 | M13: =+'사업장별(당월)'!M13+'[4]사업장별(누계)'!M13 -> 117.15 | N13: =+K13-M13 -> 3.478 | O13: =+'사업장별(당월)'!O13+'[4]사업장별(누계)'!O13 -> 10503.989 | P13: =+'사업장별(당월)'!P13+'[4]사업장별(누계)'!P13 -> 11543.275 | Q13: =+P13-O13 -> 1039.2859 | R13: =+'사업장별(당월)'!R13+'[4]사업장별(누계)'!R13 -> 11469.056 | S13: =+P13-R13 -> 74.218502 | T13: =+'사업장별(당월)'!T13+'[4]사업장별(누계)'!T13 -> 1255.3956 | U13: =+'사업장별(당월)'!U13+'[4]사업장별(누계)'!U13 -> 709.65761 | V13: =+U13-T13 -> -545.73795 | W13: =+'사업장별(당월)'!W13+'[4]사업장별(누계)'!W13 -> 1514.0367 | X13: =+U13-W13 -> -804.37911 | Y13: =+[11]김해!$Q$85 -> 100999.89 | Z13: =+[11]김해!$R$85 -> 95792.183 | AA13: =+[12]김해!$Q$85 -> 97918.474 | AB13: =+[11]김해!$Q$89 -> 76387.787 | AC13: =+[11]김해!$R$89 -> 78786.827 | AD13: =+[12]김해!$Q$89 -> 74094.354 | AE13: =+Y13-AB13 -> 24612.107 | AF13: =+Z13-AC13 -> 17005.356 | AG13: =+AA13-AD13 -> 23824.12
B14: 정관 | F14: =+U14/T14 -> 0.73702144 | G14: =+K14/J14 -> 1.1391786 | I14: 정관 | J14: =+'사업장별(당월)'!J14+'[4]사업장별(누계)'!J14 -> 154 | K14: =+'사업장별(당월)'!K14+'[4]사업장별(누계)'!K14 -> 175.4335 | L14: =+K14-J14 -> 21.4335 | M14: =+'사업장별(당월)'!M14+'[4]사업장별(누계)'!M14 -> 167.465 | N14: =+K14-M14 -> 7.9685 | O14: =+'사업장별(당월)'!O14+'[4]사업장별(누계)'!O14 -> 16016 | P14: =+'사업장별(당월)'!P14+'[4]사업장별(누계)'!P14 -> 17795.158 | Q14: =+P14-O14 -> 1779.1583 | R14: =+'사업장별(당월)'!R14+'[4]사업장별(누계)'!R14 -> 16882.395 | S14: =+P14-R14 -> 912.76343 | T14: =+'사업장별(당월)'!T14+'[4]사업장별(누계)'!T14 -> 2171.2407 | U14: =+'사업장별(당월)'!U14+'[4]사업장별(누계)'!U14 -> 1600.251 | V14: =+U14-T14 -> -570.98977 | W14: =+'사업장별(당월)'!W14+'[4]사업장별(누계)'!W14 -> 2577.6063 | X14: =+U14-W14 -> -977.35532 | Y14: =+[11]정관!$Q$85 -> 104000 | Z14: =+[11]정관!$R$85 -> 101435.35 | AA14: =+[12]정관!$Q$85 -> 100811.48 | AB14: =+[11]정관!$Q$89 -> 78232.249 | AC14: =+[11]정관!$R$89 -> 81822.969 | AD14: =+[12]정관!$Q$89 -> 75189.007 | AE14: =+Y14-AB14 -> 25767.751 | AF14: =+Z14-AC14 -> 19612.38 | AG14: =+AA14-AD14 -> 25622.475
B15: 양산 | F15: =+U15/T15 -> 0.77631564 | G15: =+K15/J15 -> 1.1997979 | I15: 양산 | J15: =+'사업장별(당월)'!J15+'[4]사업장별(누계)'!J15 -> 94 | K15: =+'사업장별(당월)'!K15+'[4]사업장별(누계)'!K15 -> 112.781 | L15: =+K15-J15 -> 18.781 | M15: =+'사업장별(당월)'!M15+'[4]사업장별(누계)'!M15 -> 124.616 | N15: =+K15-M15 -> -11.835 | O15: =+'사업장별(당월)'!O15+'[4]사업장별(누계)'!O15 -> 9086.2112 | P15: =+'사업장별(당월)'!P15+'[4]사업장별(누계)'!P15 -> 10439.652 | Q15: =+P15-O15 -> 1353.4411 | R15: =+'사업장별(당월)'!R15+'[4]사업장별(누계)'!R15 -> 11666.633 | S15: =+P15-R15 -> -1226.9807 | T15: =+'사업장별(당월)'!T15+'[4]사업장별(누계)'!T15 -> 1202.8617 | U15: =+'사업장별(당월)'!U15+'[4]사업장별(누계)'!U15 -> 933.80031 | V15: =+U15-T15 -> -269.06134 | W15: =+'사업장별(당월)'!W15+'[4]사업장별(누계)'!W15 -> 1798.1233 | X15: =+U15-W15 -> -864.32298 | Y15: =+[11]양산!$Q$85 -> 96661.821 | Z15: =+[11]양산!$R$85 -> 92565.7 | AA15: =+[12]양산!$Q$85 -> 93622.357 | AB15: =+[11]양산!$Q$89 -> 70320.794 | AC15: =+[11]양산!$R$89 -> 73029.103 | AD15: =+[12]양산!$Q$89 -> 68603.937 | AE15: =+Y15-AB15 -> 26341.027 | AF15: =+Z15-AC15 -> 19536.597 | AG15: =+AA15-AD15 -> 25018.42
B16: 창원 | F16: =+U16/T16 -> 1.0287401 | G16: =+K16/J16 -> 1.099081 | I16: 창원 | J16: =+'사업장별(당월)'!J16+'[4]사업장별(누계)'!J16 -> 142 | K16: =+'사업장별(당월)'!K16+'[4]사업장별(누계)'!K16 -> 156.0695 | L16: =+K16-J16 -> 14.0695 | M16: =+'사업장별(당월)'!M16+'[4]사업장별(누계)'!M16 -> 176.656 | N16: =+K16-M16 -> -20.5865 | O16: =+'사업장별(당월)'!O16+'[4]사업장별(누계)'!O16 -> 14308.352 | P16: =+'사업장별(당월)'!P16+'[4]사업장별(누계)'!P16 -> 15834.131 | Q16: =+P16-O16 -> 1525.7795 | R16: =+'사업장별(당월)'!R16+'[4]사업장별(누계)'!R16 -> 16878.591 | S16: =+P16-R16 -> -1044.4595 | T16: =+'사업장별(당월)'!T16+'[4]사업장별(누계)'!T16 -> 2296.1982 | U16: =+'사업장별(당월)'!U16+'[4]사업장별(누계)'!U16 -> 2362.1912 | V16: =+U16-T16 -> 65.992945 | W16: =+'사업장별(당월)'!W16+'[4]사업장별(누계)'!W16 -> 3281.3008 | X16: =+U16-W16 -> -919.10962 | Y16: =+[11]창원!$Q$85 -> 100763.04 | Z16: =+[11]창원!$R$85 -> 101455.64 | AA16: =+[12]창원!$Q$85 -> 95544.96 | AB16: =+[11]창원!$Q$89 -> 72293.28 | AC16: =+[11]창원!$R$89 -> 74911.761 | AD16: =+[12]창원!$Q$89 -> 67516.206 | AE16: =+Y16-AB16 -> 28469.759 | AF16: =+Z16-AC16 -> 26543.878 | AG16: =+AA16-AD16 -> 28028.754
B17: 대구 | F17: =+U17/T17 -> 0.88052587 | G17: =+K17/J17 -> 0.99463121 | I17: 대구 | J17: =+'사업장별(당월)'!J17+'[4]사업장별(누계)'!J17 -> 141 | K17: =+'사업장별(당월)'!K17+'[4]사업장별(누계)'!K17 -> 140.243 | L17: =+K17-J17 -> -0.757 | M17: =+'사업장별(당월)'!M17+'[4]사업장별(누계)'!M17 -> 176.091 | N17: =+K17-M17 -> -35.848 | O17: =+'사업장별(당월)'!O17+'[4]사업장별(누계)'!O17 -> 13786.54 | P17: =+'사업장별(당월)'!P17+'[4]사업장별(누계)'!P17 -> 14137.288 | Q17: =+P17-O17 -> 350.74845 | R17: =+'사업장별(당월)'!R17+'[4]사업장별(누계)'!R17 -> 16421.257 | S17: =+P17-R17 -> -2283.9685 | T17: =+'사업장별(당월)'!T17+'[4]사업장별(누계)'!T17 -> 2403.1886 | U17: =+'사업장별(당월)'!U17+'[4]사업장별(누계)'!U17 -> 2116.0697 | V17: =+U17-T17 -> -287.11887 | W17: =+'사업장별(당월)'!W17+'[4]사업장별(누계)'!W17 -> 3070.744 | X17: =+U17-W17 -> -954.67425 | Y17: =+[11]대구!$Q$85 -> 97776.879 | Z17: =+[11]대구!$R$85 -> 100805.66 | AA17: =+[12]대구!$Q$85 -> 93250.301 | AB17: =+[11]대구!$Q$89 -> 69644.427 | AC17: =+[11]대구!$R$89 -> 74446.445 | AD17: =+[12]대구!$Q$89 -> 67049.123 | AE17: =+Y17-AB17 -> 28132.453 | AF17: =+Z17-AC17 -> 26359.217 | AG17: =+AA17-AD17 -> 26201.178
B18: 울산 | F18: =+U18/T18 -> 2.6792291 | G18: =+K18/J18 -> 1.2771216 | I18: 울산 | J18: =+'사업장별(당월)'!J18+'[4]사업장별(누계)'!J18 -> 74 | K18: =+'사업장별(당월)'!K18+'[4]사업장별(누계)'!K18 -> 94.507 | L18: =+K18-J18 -> 20.507 | M18: =+'사업장별(당월)'!M18+'[4]사업장별(누계)'!M18 -> 78.9415 | N18: =+K18-M18 -> 15.5655 | O18: =+'사업장별(당월)'!O18+'[4]사업장별(누계)'!O18 -> 7413.2222 | P18: =+'사업장별(당월)'!P18+'[4]사업장별(누계)'!P18 -> 9827.7895 | Q18: =+P18-O18 -> 2414.5673 | R18: =+'사업장별(당월)'!R18+'[4]사업장별(누계)'!R18 -> 7503.1536 | S18: =+P18-R18 -> 2324.6359 | T18: =+'사업장별(당월)'!T18+'[4]사업장별(누계)'!T18 -> 403.25755 | U18: =+'사업장별(당월)'!U18+'[4]사업장별(누계)'!U18 -> 1080.4193 | V18: =+U18-T18 -> 677.1618 | W18: =+'사업장별(당월)'!W18+'[4]사업장별(누계)'!W18 -> 516.1412 | X18: =+U18-W18 -> 564.27815 | Y18: =+[11]울산!$Q$85 -> 100178.68 | Z18: =+[11]울산!$R$85 -> 103990.07 | AA18: =+[12]울산!$Q$85 -> 95068.359 | AB18: =+[11]울산!$Q$89 -> 78375.057 | AC18: =+[11]울산!$R$89 -> 80241.741 | AD18: =+[12]울산!$Q$89 -> 73979.252 | AE18: =+Y18-AB18 -> 21803.622 | AF18: =+Z18-AC18 -> 23748.329 | AG18: =+AA18-AD18 -> 21089.107
B19: 아산 | F19: =+U19/T19 -> 1.1664959 | G19: =+K19/J19 -> 1.1772538 | I19: 아산 | J19: =+'사업장별(당월)'!J19+'[4]사업장별(누계)'!J19 -> 197 | K19: =+'사업장별(당월)'!K19+'[4]사업장별(누계)'!K19 -> 231.919 | L19: =+K19-J19 -> 34.919 | M19: =+'사업장별(당월)'!M19+'[4]사업장별(누계)'!M19 -> 223.651 | N19: =+K19-M19 -> 8.268 | O19: =+'사업장별(당월)'!O19+'[4]사업장별(누계)'!O19 -> 19896.993 | P19: =+'사업장별(당월)'!P19+'[4]사업장별(누계)'!P19 -> 23496.461 | Q19: =+P19-O19 -> 3599.4677 | R19: =+'사업장별(당월)'!R19+'[4]사업장별(누계)'!R19 -> 21391.768 | S19: =+P19-R19 -> 2104.6934 | T19: =+'사업장별(당월)'!T19+'[4]사업장별(누계)'!T19 -> 2884.3014 | U19: =+'사업장별(당월)'!U19+'[4]사업장별(누계)'!U19 -> 3364.5258 | V19: =+U19-T19 -> 480.22448 | W19: =+'사업장별(당월)'!W19+'[4]사업장별(누계)'!W19 -> 3577.7006 | X19: =+U19-W19 -> -213.17475 | Y19: =+[11]아산!$Q$85 -> 100999.97 | Z19: =+[11]아산!$R$85 -> 101260.31 | AA19: =+[12]아산!$Q$85 -> 95730.928 | AB19: =+[11]아산!$Q$89 -> 76543.44 | AC19: =+[11]아산!$R$89 -> 76950.847 | AD19: =+[12]아산!$Q$89 -> 70461.691 | AE19: =+Y19-AB19 -> 24456.527 | AF19: =+Z19-AC19 -> 24309.459 | AG19: =+AA19-AD19 -> 25269.237
B20: 전주 | F20: =+U20/T20 -> 0.30104907 | G20: =+K20/J20 -> 0.72577404 | I20: 전주 | J20: =+'사업장별(당월)'!J20+'[4]사업장별(누계)'!J20 -> 104 | K20: =+'사업장별(당월)'!K20+'[4]사업장별(누계)'!K20 -> 75.4805 | L20: =+K20-J20 -> -28.5195 | M20: =+'사업장별(당월)'!M20+'[4]사업장별(누계)'!M20 -> 94.448 | N20: =+K20-M20 -> -18.9675 | O20: =+'사업장별(당월)'!O20+'[4]사업장별(누계)'!O20 -> 10680.463 | P20: =+'사업장별(당월)'!P20+'[4]사업장별(누계)'!P20 -> 7271.5489 | Q20: =+P20-O20 -> -3408.914 | R20: =+'사업장별(당월)'!R20+'[4]사업장별(누계)'!R20 -> 9313.3286 | S20: =+P20-R20 -> -2041.7797 | T20: =+'사업장별(당월)'!T20+'[4]사업장별(누계)'!T20 -> 1706.7696 | U20: =+'사업장별(당월)'!U20+'[4]사업장별(누계)'!U20 -> 513.82139 | V20: =+U20-T20 -> -1192.9482 | W20: =+'사업장별(당월)'!W20+'[4]사업장별(누계)'!W20 -> 1463.4525 | X20: =+U20-W20 -> -949.63113 | Y20: =+[11]전주!$Q$85 -> 102696.76 | Z20: =+[11]전주!$R$85 -> 96338.476 | AA20: =+[12]전주!$Q$85 -> 98723.22 | AB20: =+[11]전주!$Q$89 -> 73585.157 | AC20: =+[11]전주!$R$89 -> 71733.33 | AD20: =+[12]전주!$Q$89 -> 69567.78 | AE20: =+Y20-AB20 -> 29111.602 | AF20: =+Z20-AC20 -> 24605.146 | AG20: =+AA20-AD20 -> 29155.44
B21: 군산 | F21: =+U21/T21 -> 1.5124387 | G21: =+K21/J21 -> 1.2976864 | I21: 군산 | J21: =+'사업장별(당월)'!J21+'[4]사업장별(누계)'!J21 -> 59 | K21: =+'사업장별(당월)'!K21+'[4]사업장별(누계)'!K21 -> 76.5635 | L21: =+K21-J21 -> 17.5635 | M21: =+'사업장별(당월)'!M21+'[4]사업장별(누계)'!M21 -> 70.688 | N21: =+K21-M21 -> 5.8755 | O21: =+'사업장별(당월)'!O21+'[4]사업장별(누계)'!O21 -> 6432.5394 | P21: =+'사업장별(당월)'!P21+'[4]사업장별(누계)'!P21 -> 8684.7115 | Q21: =+P21-O21 -> 2252.1721 | R21: =+'사업장별(당월)'!R21+'[4]사업장별(누계)'!R21 -> 6964.0924 | S21: =+P21-R21 -> 1720.6191 | T21: =+'사업장별(당월)'!T21+'[4]사업장별(누계)'!T21 -> 1601.4384 | U21: =+'사업장별(당월)'!U21+'[4]사업장별(누계)'!U21 -> 2422.0773 | V21: =+U21-T21 -> 820.63895 | W21: =+'사업장별(당월)'!W21+'[4]사업장별(누계)'!W21 -> 1606.3869 | X21: =+U21-W21 -> 815.69038 | Y21: =+[11]군산!$Q$85 -> 109026.09 | Z21: =+[11]군산!$R$85 -> 113449.1 | AA21: =+[12]군산!$Q$85 -> 98351.435 | AB21: =+[11]군산!$Q$89 -> 69679.927 | AC21: =+[11]군산!$R$89 -> 72317.711 | AD21: =+[12]군산!$Q$89 -> 64869.08 | AE21: =+Y21-AB21 -> 39346.164 | AF21: =+Z21-AC21 -> 41131.387 | AG21: =+AA21-AD21 -> 33482.355
B22: 원주 | F22: =+U22/T22 -> 1.4553777 | G22: =+K22/J22 -> 1.1194 | I22: 원주 | J22: =+'사업장별(당월)'!J22+'[4]사업장별(누계)'!J22 -> 45 | K22: =+'사업장별(당월)'!K22+'[4]사업장별(누계)'!K22 -> 50.373 | L22: =+K22-J22 -> 5.373 | M22: =+'사업장별(당월)'!M22+'[4]사업장별(누계)'!M22 -> 40.4235 | N22: =+K22-M22 -> 9.9495 | O22: =+'사업장별(당월)'!O22+'[4]사업장별(누계)'!O22 -> 4855.5 | P22: =+'사업장별(당월)'!P22+'[4]사업장별(누계)'!P22 -> 5665.3094 | Q22: =+P22-O22 -> 809.80939 | R22: =+'사업장별(당월)'!R22+'[4]사업장별(누계)'!R22 -> 4099.3855 | S22: =+P22-R22 -> 1565.9239 | T22: =+'사업장별(당월)'!T22+'[4]사업장별(누계)'!T22 -> 775.53943 | U22: =+'사업장별(당월)'!U22+'[4]사업장별(누계)'!U22 -> 1128.7028 | V22: =+U22-T22 -> 353.16335 | W22: =+'사업장별(당월)'!W22+'[4]사업장별(누계)'!W22 -> 658.04974 | X22: =+U22-W22 -> 470.65304 | Y22: =+[11]원주!$Q$85 -> 107900 | Z22: =+[11]원주!$R$85 -> 112473.28 | AA22: =+[12]원주!$Q$85 -> 101414.71 | AB22: =+[11]원주!$Q$89 -> 73368.016 | AC22: =+[11]원주!$R$89 -> 73811.468 | AD22: =+[12]원주!$Q$89 -> 67339.715 | AE22: =+Y22-AB22 -> 34531.984 | AF22: =+Z22-AC22 -> 38661.808 | AG22: =+AA22-AD22 -> 34074.997
B23: 제주 | F23: =+U23/T23 -> 0.35079989 | G23: =+K23/J23 -> 0.6420102 | I23: 제주 | J23: =+'사업장별(당월)'!J23+'[4]사업장별(누계)'!J23 -> 49 | K23: =+'사업장별(당월)'!K23+'[4]사업장별(누계)'!K23 -> 31.4585 | L23: =+K23-J23 -> -17.5415 | M23: =+'사업장별(당월)'!M23+'[4]사업장별(누계)'!M23 -> 63.4785 | N23: =+K23-M23 -> -32.02 | O23: =+'사업장별(당월)'!O23+'[4]사업장별(누계)'!O23 -> 6211.4 | P23: =+'사업장별(당월)'!P23+'[4]사업장별(누계)'!P23 -> 3929.3066 | Q23: =+P23-O23 -> -2282.0934 | R23: =+'사업장별(당월)'!R23+'[4]사업장별(누계)'!R23 -> 7577.8459 | S23: =+P23-R23 -> -3648.5393 | T23: =+'사업장별(당월)'!T23+'[4]사업장별(누계)'!T23 -> 927.14229 | U23: =+'사업장별(당월)'!U23+'[4]사업장별(누계)'!U23 -> 325.24142 | V23: =+U23-T23 -> -601.90087 | W23: =+'사업장별(당월)'!W23+'[4]사업장별(누계)'!W23 -> 1503.5674 | X23: =+U23-W23 -> -1178.326 | Y23: =+[11]제주!$Q$85 -> 126763.27 | Z23: =+[11]제주!$R$85 -> 124904.45 | AA23: =+[12]제주!$Q$85 -> 119412.99 | AB23: =+[11]제주!$Q$89 -> 90659.987 | AC23: =+[11]제주!$R$89 -> 89107.933 | AD23: =+[12]제주!$Q$89 -> 83843.537 | AE23: =+Y23-AB23 -> 36103.278 | AF23: =+Z23-AC23 -> 35796.514 | AG23: =+AA23-AD23 -> 35569.452
F24: =+U24/T24 -> 0.59086059 | G24: =+K24/J24 -> 0.8966024 | I24: 수도권 | J24: =SUM(J7:J10) -> 998.5 | K24: =SUM(K7:K10) -> 895.2575 | L24: =+K24-J24 -> -103.2425 | M24: =SUM(M7:M10) -> 1114.095 | N24: =+K24-M24 -> -218.8375 | O24: =SUM(O7:O10) -> 99428.29 | P24: =SUM(P7:P10) -> 88689.121 | Q24: =+P24-O24 -> -10739.17 | R24: =SUM(R7:R10) -> 103850.84 | S24: =+P24-R24 -> -15161.716 | T24: =SUM(T7:T10) -> 12564.478 | U24: =SUM(U7:U10) -> 7423.8551 | V24: =+U24-T24 -> -5140.6232 | W24: =SUM(W7:W10) -> 13326.902 | X24: =+U24-W24 -> -5903.047 | Y24: =+[11]수도권!$Q$85 -> 99577.657 | Z24: =+[11]수도권!$R$85 -> 99076.406 | AA24: =+[12]수도권!$Q$85 -> 93201.232 | AB24: =+[11]수도권!$Q$89 -> 78010.103 | AC24: =+[11]수도권!$R$89 -> 80800.205 | AD24: =+[12]수도권!$Q$89 -> 73255.309 | AE24: =+Y24-AB24 -> 21567.554 | AF24: =+Z24-AC24 -> 18276.201 | AG24: =+AA24-AD24 -> 19945.923
F25: =+U25/T25 -> 0.79494069 | G25: =+K25/J25 -> 1.0624763 | I25: 영남권 | J25: =SUM(J11:J18) -> 1099 | K25: =SUM(K11:K18) -> 1167.6615 | L25: =+K25-J25 -> 68.6615 | M25: =SUM(M11:M18) -> 1243.221 | N25: =+K25-M25 -> -75.5595 | O25: =SUM(O11:O18) -> 112270.11 | P25: =SUM(P11:P18) -> 118057.85 | Q25: =+P25-O25 -> 5787.7432 | R25: =SUM(R11:R18) -> 121842.16 | S25: =+P25-R25 -> -3784.3069 | T25: =SUM(T11:T18) -> 16295.104 | U25: =SUM(U11:U18) -> 12953.641 | V25: =+U25-T25 -> -3341.4628 | W25: =SUM(W11:W18) -> 19823.005 | X25: =+U25-W25 -> -6869.3638 | Y25: =+[11]영남권!$Q$85 -> 102156.6 | Z25: =+[11]영남권!$R$85 -> 101125.79 | AA25: =+[12]영남권!$Q$85 -> 98010.539 | AB25: =+[11]영남권!$Q$89 -> 75290.792 | AC25: =+[11]영남권!$R$89 -> 78591.615 | AD25: =+[12]영남권!$Q$89 -> 71816.438 | AE25: =+Y25-AB25 -> 26865.812 | AF25: =+Z25-AC25 -> 22534.178 | AG25: =+AA25-AD25 -> 26194.102
F26: =+U26/T26 -> 0.98216354 | G26: =+K26/J26 -> 1.0259791 | I26: 중부권 | J26: =SUM(J19:J23) -> 454 | K26: =SUM(K19:K23) -> 465.7945 | L26: =+K26-J26 -> 11.7945 | M26: =SUM(M19:M23) -> 492.689 | N26: =+K26-M26 -> -26.8945 | O26: =SUM(O19:O23) -> 48076.896 | P26: =SUM(P19:P23) -> 49047.338 | Q26: =+P26-O26 -> 970.44175 | R26: =SUM(R19:R23) -> 49346.42 | S26: =+P26-R26 -> -299.08256 | T26: =SUM(T19:T23) -> 7895.191 | U26: =SUM(U19:U23) -> 7754.3687 | V26: =+U26-T26 -> -140.82228 | W26: =SUM(W19:W23) -> 8809.1572 | X26: =+U26-W26 -> -1054.7885 | Y26: =+[11]중부권!$Q$85 -> 105896.25 | Z26: =+[11]중부권!$R$85 -> 105285.09 | AA26: =+[12]중부권!$Q$85 -> 100295.68 | AB26: =+[11]중부권!$Q$89 -> 76182.665 | AC26: =+[11]중부권!$R$89 -> 75825.963 | AD26: =+[12]중부권!$Q$89 -> 70984.622 | AE26: =+Y26-AB26 -> 29713.582 | AF26: =+Z26-AC26 -> 29459.127 | AG26: =+AA26-AD26 -> 29311.056
F27: =+U27/T27 -> 0.76539351 | G27: =+K27/J27 -> 0.99106937 | H27: 레미콘 계 | J27: =SUM(J24:J26) -> 2551.5 | K27: =SUM(K24:K26) -> 2528.7135 | L27: =+K27-J27 -> -22.7865 | M27: =SUM(M24:M26) -> 2850.005 | N27: =+K27-M27 -> -321.2915 | O27: =SUM(O24:O26) -> 259775.29 | P27: =SUM(P24:P26) -> 255794.31 | Q27: =+P27-O27 -> -3980.9846 | R27: =SUM(R24:R26) -> 275039.41 | S27: =+P27-R27 -> -19245.105 | T27: =SUM(T24:T26) -> 36754.774 | U27: =SUM(U24:U26) -> 28131.865 | V27: =+U27-T27 -> -8622.9083 | W27: =SUM(W24:W26) -> 41959.065 | X27: =+U27-W27 -> -13827.199 | Y27: =+[11]합계!$Q$85 -> 101812.77 | Z27: =+[11]합계!$R$85 -> 101167.05 | AA27: =+[12]합계!$Q$85 -> 96518.389 | AB27: =+[11]합계!$Q$89 -> 76513.657 | AC27: =+[11]합계!$R$89 -> 78862.467 | AD27: =+[12]합계!$Q$89 -> 72237.32 | AE27: =+Y27-AB27 -> 25299.117 | AF27: =+Z27-AC27 -> 22304.582 | AG27: =+AA27-AD27 -> 24281.069
B28: 건자재 | E28: 건자재영업 | G28: =+K28/J28 -> 1.2317116 | H28: 건자재 | J28: =+'사업장별(당월)'!J28+'[4]사업장별(누계)'!J28 -> 63300 | K28: =+'사업장별(당월)'!K28+'[4]사업장별(누계)'!K28 -> 77967.344 | L28: =+K28-J28 -> 14667.344 | M28: =+'사업장별(당월)'!M28+'[4]사업장별(누계)'!M28 -> 69555.719 | N28: =+K28-M28 -> 8411.625 | O28: =+'사업장별(당월)'!O28+'[4]사업장별(누계)'!O28 -> 77413.543 | P28: =+'사업장별(당월)'!P28+'[4]사업장별(누계)'!P28 -> 77932.391 | Q28: =+P28-O28 -> 518.8479 | R28: =+'사업장별(당월)'!R28+'[4]사업장별(누계)'!R28 -> 85026.684 | S28: =+P28-R28 -> -7094.2927 | T28: =+'사업장별(당월)'!T28+'[4]사업장별(누계)'!T28 -> 839.87082 | U28: =+'사업장별(당월)'!U28+'[4]사업장별(누계)'!U28 -> 439.49837 | V28: =+U28-T28 -> -400.37245 | W28: =+'사업장별(당월)'!W28+'[4]사업장별(누계)'!W28 -> 684.76885 | X28: =+U28-W28 -> -245.27048 | Y28: ■ 비고
B29: 부산모래장 | C29: 부산골재 | G29: =+P28/O28 -> 1.0067023 | H29: 골재 | I29: 부산모래장 | J29: =+'사업장별(당월)'!J29+'[4]사업장별(누계)'!J29 -> 212.44485 | K29: =+'사업장별(당월)'!K29+'[4]사업장별(누계)'!K29 -> 169.707 | L29: =+K29-J29 -> -42.737848 | M29: =+'사업장별(당월)'!M29+'[4]사업장별(누계)'!M29 -> 223.242 | N29: =+K29-M29 -> -53.535 | O29: =+'사업장별(당월)'!O29+'[4]사업장별(누계)'!O29 -> 6232.3162 | P29: =+'사업장별(당월)'!P29+'[4]사업장별(누계)'!P29 -> 5011.7636 | Q29: =+P29-O29 -> -1220.5526 | R29: =+'사업장별(당월)'!R29+'[4]사업장별(누계)'!R29 -> 6548.9299 | S29: =+P29-R29 -> -1537.1663 | T29: =+'사업장별(당월)'!T29+'[4]사업장별(누계)'!T29 -> 312.58578 | U29: =+'사업장별(당월)'!U29+'[4]사업장별(누계)'!U29 -> 305.22036 | V29: =+U29-T29 -> -7.3654133 | W29: =+'사업장별(당월)'!W29+'[4]사업장별(누계)'!W29 -> 283.40205 | X29: =+U29-W29 -> 21.818308 | Y29: □ 3분기 총 대손 : 5.7억
B30: 서부산크라샤 | C30: 서부산골재 | I30: 서부산CR | J30: =+'사업장별(당월)'!J30+'[4]사업장별(누계)'!J30 -> 272.83109 | K30: =+'사업장별(당월)'!K30+'[4]사업장별(누계)'!K30 -> 168.53 | L30: =+K30-J30 -> -104.30109 | M30: =+'사업장별(당월)'!M30+'[4]사업장별(누계)'!M30 -> 301.7 | N30: =+K30-M30 -> -133.17 | O30: =+'사업장별(당월)'!O30+'[4]사업장별(누계)'!O30 -> 3436.1551 | P30: =+'사업장별(당월)'!P30+'[4]사업장별(누계)'!P30 -> 2372.099 | Q30: =+P30-O30 -> -1064.0561 | R30: =+'사업장별(당월)'!R30+'[4]사업장별(누계)'!R30 -> 3598.964 | S30: =+P30-R30 -> -1226.865 | T30: =+'사업장별(당월)'!T30+'[4]사업장별(누계)'!T30 -> 659.30743 | U30: =+'사업장별(당월)'!U30+'[4]사업장별(누계)'!U30 -> 27.37499 | V30: =+U30-T30 -> -631.93244 | W30: =+'사업장별(당월)'!W30+'[4]사업장별(누계)'!W30 -> 657.1311 | X30: =+U30-W30 -> -629.75611 | Y30: - 집합대손 : 0.4억
B31: 부산크라샤 | C31: 부산크라샤 | I31: 부산CR | J31: =+'사업장별(당월)'!J31+'[4]사업장별(누계)'!J31 -> 371.01081 | K31: =+'사업장별(당월)'!K31+'[4]사업장별(누계)'!K31 -> 315.978 | L31: =+K31-J31 -> -55.032808 | M31: =+'사업장별(당월)'!M31+'[4]사업장별(누계)'!M31 -> 48.94 | N31: =+K31-M31 -> 267.038 | O31: =+'사업장별(당월)'!O31+'[4]사업장별(누계)'!O31 -> 6674.2948 | P31: =+'사업장별(당월)'!P31+'[4]사업장별(누계)'!P31 -> 5745.923 | Q31: =+P31-O31 -> -928.37184 | R31: =+'사업장별(당월)'!R31+'[4]사업장별(누계)'!R31 -> 858.036 | S31: =+P31-R31 -> 4887.887 | T31: =+'사업장별(당월)'!T31+'[4]사업장별(누계)'!T31 -> 242.0222 | U31: =+'사업장별(당월)'!U31+'[4]사업장별(누계)'!U31 -> -186.63275 | V31: =+U31-T31 -> -428.65495 | W31: =+'사업장별(당월)'!W31+'[4]사업장별(누계)'!W31 -> -318.75907 | X31: =+U31-W31 -> 132.12631 | Y31: - 개별 대손 : 11.7억(송학 0.9억, 계원토건 1.2억, 남양건설 1.7억, 선원건설 7.9억)
G32: =+K32/J32 -> 0.76401393 | H32: 골재 계 | J32: =SUM(J29:J31) -> 856.28675 | K32: =SUM(K29:K31) -> 654.215 | L32: =+K32-J32 -> -202.07175 | M32: =SUM(M29:M31) -> 573.882 | N32: =+K32-M32 -> 80.333 | O32: =SUM(O29:O31) -> 16342.766 | P32: =SUM(P29:P31) -> 13129.786 | Q32: =+P32-O32 -> -3212.9805 | R32: =SUM(R29:R31) -> 11005.93 | S32: =+P32-R32 -> 2123.8557 | T32: =SUM(T29:T31) -> 1213.9154 | U32: =SUM(U29:U31) -> 145.9626 | V32: =+U32-T32 -> -1067.9528 | W32: =SUM(W29:W31) -> 621.77408 | X32: =+U32-W32 -> -475.81148 | Y32: - 개별 대손환입 : -6.4억(신일 1.8억, 태영건설 3.1억, 남양건설 1.1억 등)
B33: 포항임대 | C33: 속초임대 | D33: 강릉임대 | E33: 레미콘임대 계 | H33: 기타 | I33: 레미콘임대 | L33: =+K33-J33 -> 0 | N33: =+K33-M33 -> 0 | O33: =+'사업장별(당월)'!O33+'[4]사업장별(누계)'!O33 -> 817.56 | P33: =+'사업장별(당월)'!P33+'[4]사업장별(누계)'!P33 -> 817.56 | Q33: =+P33-O33 -> 0 | R33: =+'사업장별(당월)'!R33+'[4]사업장별(누계)'!R33 -> 748.81 | S33: =+P33-R33 -> 68.75 | T33: =+'사업장별(당월)'!T33+'[4]사업장별(누계)'!T33 -> 597.83841 | U33: =+'사업장별(당월)'!U33+'[4]사업장별(누계)'!U33 -> 556.78798 | V33: =+U33-T33 -> -41.050427 | W33: =+'사업장별(당월)'!W33+'[4]사업장별(누계)'!W33 -> 475.06244 | X33: =+U33-W33 -> 81.725549
B34: 부동산임대 | C34: 주유소임대 | E34: 임대 계 | I34: 임대 | L34: =+K34-J34 -> 0 | M34: 0 | N34: =+K34-M34 -> 0 | O34: =+'사업장별(당월)'!O34+'[4]사업장별(누계)'!O34 -> 651.2775 | P34: =+'사업장별(당월)'!P34+'[4]사업장별(누계)'!P34 -> 656.64914 | Q34: =+P34-O34 -> 5.371638 | R34: =+'사업장별(당월)'!R34+'[4]사업장별(누계)'!R34 -> 850.54352 | S34: =+P34-R34 -> -193.89437 | T34: =+'사업장별(당월)'!T34+'[4]사업장별(누계)'!T34 -> 596.72801 | U34: =+'사업장별(당월)'!U34+'[4]사업장별(누계)'!U34 -> 603.40157 | V34: =+U34-T34 -> 6.673553 | W34: =+'사업장별(당월)'!W34+'[4]사업장별(누계)'!W34 -> 587.43831 | X34: =+U34-W34 -> 15.963253
B35: 공 통 비 | G35: ㎥ | I35: 공통비 | L35: =+K35-J35 -> 0 | N35: =+K35-M35 -> 0 | O35: =+'사업장별(당월)'!O35+'[4]사업장별(누계)'!O35 -> 0 | P35: =+'사업장별(당월)'!P35+'[4]사업장별(누계)'!P35 -> 0 | Q35: =+P35-O35 -> 0 | R35: =+'사업장별(당월)'!R35+'[4]사업장별(누계)'!R35 -> 0 | S35: =+P35-R35 -> 0 | T35: =+'사업장별(당월)'!T35+'[4]사업장별(누계)'!T35 -> -12558.532 | U35: =+'사업장별(당월)'!U35+'[4]사업장별(누계)'!U35 -> -12891.839 | V35: =+U35-T35 -> -333.30625 | W35: =+'사업장별(당월)'!W35+'[4]사업장별(누계)'!W35 -> -10512.685 | X35: =+U35-W35 -> -2379.1541
I36: 대손 | N36: =+K36-M36 -> 0 | O36: =+'사업장별(당월)'!O37+'[4]사업장별(누계)'!O37 -> 0 | P36: =+'사업장별(당월)'!P37+'[4]사업장별(누계)'!P37 -> 0 | Q36: =+P36-O36 -> 0 | R36: =+'사업장별(당월)'!R37+'[4]사업장별(누계)'!R37 -> 0 | S36: =+P36-R36 -> 0 | T36: =+'사업장별(당월)'!T37+'[4]사업장별(누계)'!T37 -> 0 | U36: =+'사업장별(당월)'!U37+'[4]사업장별(누계)'!U37 -> -573.85933 | V36: =+U36-T36 -> -573.85933 | W36: =+'사업장별(당월)'!W37+'[4]사업장별(누계)'!W37 -> -2023.222 | X36: =+U36-W36 -> 1449.3626
I37: 미운영 공장 | M37: =SUM(M53:M56) -> 0 | N37: =+K37-M37 -> 0 | O37: =+'사업장별(당월)'!O38+'[4]사업장별(누계)'!O38 -> 0 | P37: =+'사업장별(당월)'!P38+'[4]사업장별(누계)'!P38 -> 0 | Q37: =+P37-O37 -> 0 | R37: =+'사업장별(당월)'!R38+'[4]사업장별(누계)'!R38 -> 188.626 | S37: =+P37-R37 -> -188.626 | T37: =+'사업장별(당월)'!T38+'[4]사업장별(누계)'!T38 -> -271.63601 | U37: =+'사업장별(당월)'!U38+'[4]사업장별(누계)'!U38 -> -339.5204 | V37: =+U37-T37 -> -67.884398 | W37: =+'사업장별(당월)'!W38+'[4]사업장별(누계)'!W38 -> -117.16342 | X37: =+U37-W37 -> -222.35698
B38: 기타 계 | I38: 기타 | L38: =+K38-J38 -> 0 | N38: =+K38-M38 -> 0 | O38: =+'사업장별(당월)'!O39+'[4]사업장별(누계)'!O39 -> 15.93 | P38: =+'사업장별(당월)'!P39+'[4]사업장별(누계)'!P39 -> 15.6662 | Q38: =+P38-O38 -> -0.2638 | R38: =+'사업장별(당월)'!R39+'[4]사업장별(누계)'!R39 -> -18.2699 | S38: =+P38-R38 -> 33.9361 | T38: =+'사업장별(당월)'!T39+'[4]사업장별(누계)'!T39++'사업장별(당월)'!T36+'[4]사업장별(누계)'!T36 -> 776.33516 | U38: =+'사업장별(당월)'!U39+'[4]사업장별(누계)'!U39+'사업장별(당월)'!U36+'[4]사업장별(누계)'!U36 -> 300.56772 | V38: =+U38-T38 -> -475.76745 | W38: =+'사업장별(당월)'!W39+'[4]사업장별(누계)'!W39 -> -209.17537 | X38: =+U38-W38 -> 509.74309
N39: =+K39-M39 -> 0 | O39: =+'사업장별(당월)'!O40+'[4]사업장별(누계)'!O40 -> 0 | P39: =+'사업장별(당월)'!P40+'[4]사업장별(누계)'!P40 -> 0 | Q39: =+P39-O39 -> 0 | R39: =+'사업장별(당월)'!R40+'[4]사업장별(누계)'!R40 -> 0 | S39: =+P39-R39 -> 0 | T39: =+'사업장별(당월)'!T40+'[4]사업장별(누계)'!T40 -> 0 | U39: =+'사업장별(당월)'!U40+'[4]사업장별(누계)'!U40 -> 0 | V39: =+U39-T39 -> 0 | W39: =+'사업장별(당월)'!W40+'[4]사업장별(누계)'!W40 -> 0
H40: 기타 계 | J40: =SUM(J33:J39) -> 0 | K40: =SUM(K33:K39) -> 0 | L40: =+K40-J40 -> 0 | M40: =SUM(M33:M39) -> 0 | N40: =+K40-M40 -> 0 | O40: =SUM(O33:O39) -> 1484.7675 | P40: =SUM(P33:P39) -> 1489.8753 | Q40: =+P40-O40 -> 5.107838 | R40: =SUM(R33:R39) -> 1769.7096 | S40: =+P40-R40 -> -279.83427 | T40: =SUM(T33:T39) -> -10859.267 | U40: =SUM(U33:U39) -> -12344.461 | V40: =+U40-T40 -> -1485.1943 | W40: =SUM(W33:W39) -> -11799.745 | X40: =+U40-W40 -> -544.71655
G42: =+P42/O42 -> 0.98121211 | H42: 합계 | O42: =+O27+O32+O28+O40 -> 355016.37 | P42: =+P27+P32+P28+P40 -> 348346.36 | Q42: =+P42-O42 -> -6670.0094 | R42: =+R27+R32+R28+R40 -> 372841.74 | S42: =+P42-R42 -> -24495.376 | T42: =+T27+T32+T28+T40 -> 27949.293 | U42: =+U27+U32+U28+U40 -> 16372.865 | V42: =+U42-T42 -> -11576.428 | W42: =+W27+W32+W28+W40 -> 31465.863 | X42: =+U42-W42 -> -15092.998
G43: =+U42/T42 -> 0.58580606 | P43: =+P42/O42 -> 0.98121211 | T43: =+T42/O42 -> 0.078726772 | U43: =+U42/P42 -> 0.047001683
I45: 확인 | J45: =+'사업장별(당월)'!J46+'[4]사업장별(누계)'!J46 -> 2551.5 | K45: =+'사업장별(당월)'!K46+'[4]사업장별(누계)'!K46 -> 2528.7135 | M45: =+'사업장별(당월)'!M46+'[4]사업장별(누계)'!M46 -> 2850.005 | O45: =+'사업장별(당월)'!O46+'[4]사업장별(누계)'!O46 -> 355016.37 | P45: =+'사업장별(당월)'!P46+'[4]사업장별(누계)'!P46 -> 348346.36 | R45: =+'사업장별(당월)'!R46+'[4]사업장별(누계)'!R46 -> 372841.74 | T45: =+'사업장별(당월)'!T46+'[4]사업장별(누계)'!T46 -> 27949.293 | U45: =+'사업장별(당월)'!U46+'[4]사업장별(누계)'!U46 -> 16372.865 | W45: =+'사업장별(당월)'!W46+'[4]사업장별(누계)'!W46 -> 31465.863
J46: =+J45-J27 -> 0 | K46: =+K45-K27 -> 0 | M46: =+M45-M27 -> 0 | O46: =+O45-O42 -> 0 | P46: =+P45-P42 -> 0 | R46: =+R45-R42 -> 0 | T46: =+T45-T42 -> 0 | U46: =+U45-U42 -> 0 | W46: =+W45-W42 -> 0
S49: 레미콘 | T49: =(+T27+T35)/100 -> 241.96241 | U49: =(+U27+U35)/100 -> 152.40027 | V49: =+U49-T49 -> -89.562146 | W49: =+U49/T49-1 -> -0.370149
S50: 건자재 | T50: =+T28/100 -> 8.3987082 | U50: =+U28/100 -> 4.3949837 | V50: =+U50-T50 -> -4.0037245
S51: 골재 | T51: =+T32/100 -> 12.139154 | U51: =+U32/100 -> 1.459626 | V51: =+U51-T51 -> -10.679528
S52: 임대 | T52: =(T33+T34)/100 -> 11.945664 | U52: =(U33+U34)/100 -> 11.601896 | V52: =+U52-T52 -> -0.34376874
S53: 기타 | T53: =(T45/100)-T49-T50-T51-T52 -> 5.0469916 | U53: =(U45/100)-U49-U50-U51-U52 -> -6.1281202 | V53: =+U53-T53 -> -11.175112

Sheet 영업이익
D4: □ 레미콘 영업이익 차이분석(2024-09)
W5: [단위 : 백만원, 천㎥]
D6: 구분 | E6: 영업이익(공통비 미배부) | H6: 물량 차이 | L6: 판매단가 차이 | P6: 제조원가 차이 | T6: 판관비 등 차이
E7: 계획 | F7: 실적 | G7: 차이 | H7: 계획 | I7: 실적 | J7: 차이 | K7: 손익 | L7: 계획 | M7: 실적 | N7: 차이 | O7: 손익 | P7: 계획 | Q7: 실적 | R7: 차이 | S7: 손익 | T7: 계획 | U7: 실적 | V7: 차이 | W7: 손익
D8: 합계 | E8: =+[5]합계!$H$86/1000 -> 4455.41 | F8: =+[5]합계!$I$86/1000 -> 1732.7354 | G8: =+F8-E8 -> -2722.6747 | H8: =+[5]합계!$T$5/1000 -> 288.5 | I8: =+[5]합계!$U$5/1000 -> 236.2843 | J8: =+I8-H8 -> -52.2157 | K8: =+[5]합계!$M$86/1000 -> -1010.9804 | L8: =+[5]합계!$Q$85 -> 102401.42 | M8: =+[5]합계!$R$85 -> 99989.728 | N8: =+M8-L8 -> -2411.6936 | O8: =+[5]합계!$K$86/1000 -> -566.91271 | P8: =+[5]합계!$Q$50 -> 83367.321 | Q8: =+[5]합계!$R$50 -> 87503.482 | R8: =+Q8-P8 -> 4136.1612 | S8: =+[5]합계!$L$56/1000 -> -911.50215 | T8: =+([5]합계!$H$80+[5]합계!$H$85)/1000 -> 1035.9282 | U8: =+([5]합계!$I$80+[5]합계!$I$85)/1000 -> 1269.2076 | V8: =+U8-T8 -> 233.2794 | W8: =+([5]합계!$L$80+[5]합계!$L$85)/1000 -> -233.2794 | Y8: =+G8-K8-O8-S8-W8 -> -4.2916781e-12 | Z8: =+Y8*1000000 -> -4.2916781e-06
D9: 수도권 | E9: =+[5]수도권!$H$86/1000 -> 1621.6334 | F9: =+[5]수도권!$I$86/1000 -> 268.92705 | G9: =+F9-E9 -> -1352.7063 | H9: =+[5]수도권!$T$5/1000 -> 114.5 | I9: =+[5]수도권!$U$5/1000 -> 75.6348 | J9: =+I9-H9 -> -38.8652 | K9: =+[5]수도권!$M$86/1000 -> -670.08993 | L9: =+[5]수도권!$Q$85 -> 100857.87 | M9: =+[5]수도권!$R$85 -> 97749.491 | N9: =+M9-L9 -> -3108.3753 | O9: =+[5]수도권!$K$86/1000 -> -234.68482 | P9: =+[5]수도권!$Q$50 -> 83666.024 | Q9: =+[5]수도권!$R$50 -> 89183.68 | R9: =+Q9-P9 -> 5517.6566 | S9: =+[5]수도권!$L$56/1000 -> -416.04324 | T9: =+([5]수도권!$H$80+[5]수도권!$H$85)/1000 -> 346.83269 | U9: =+([5]수도권!$I$80+[5]수도권!$I$85)/1000 -> 378.72101 | V9: =+U9-T9 -> 31.888321 | W9: =+([5]수도권!$L$80+[5]수도권!$L$85)/1000 -> -31.888321 | Y9: =+G9-K9-O9-S9-W9 -> 6.6435746e-13 | Z9: =+Y9*1000000 -> 6.6435746e-07
D10: 영남권 | E10: =+[5]영남권!$H$86/1000 -> 1863.4103 | F10: =+[5]영남권!$I$86/1000 -> 790.68247 | G10: =+F10-E10 -> -1072.7279 | H10: =+[5]영남권!$T$5/1000 -> 120 | I10: =+[5]영남권!$U$5/1000 -> 111.844 | J10: =+I10-H10 -> -8.156 | K10: =+[5]영남권!$M$86/1000 -> -173.30811 | L10: =+[5]영남권!$Q$85 -> 102384.24 | M10: =+[5]영남권!$R$85 -> 99624.762 | N10: =+M10-L10 -> -2759.4818 | O10: =+[5]영남권!$K$86/1000 -> -306.27488 | P10: =+[5]영남권!$Q$50 -> 82665.364 | Q10: =+[5]영남권!$R$50 -> 87103.66 | R10: =+Q10-P10 -> 4438.2966 | S10: =+[5]영남권!$L$56/1000 -> -432.04382 | T10: =+([5]영남권!$H$80+[5]영남권!$H$85)/1000 -> 502.85522 | U10: =+([5]영남권!$I$80+[5]영남권!$I$85)/1000 -> 663.95629 | V10: =+U10-T10 -> 161.10107 | W10: =+([5]영남권!$L$80+[5]영남권!$L$85)/1000 -> -161.10107 | Y10: =+G10-K10-O10-S10-W10 -> -5.968559e-13 | Z10: =+Y10*1000000 -> -5.968559e-07
D11: 기타권 | E11: =+[5]중부권!$H$86/1000 -> 970.36634 | F11: =+[5]중부권!$I$86/1000 -> 673.12587 | G11: =+F11-E11 -> -297.24047 | H11: =+[5]중부권!$T$5/1000 -> 54 | I11: =+[5]중부권!$U$5/1000 -> 48.8055 | J11: =+I11-H11 -> -5.1945 | K11: =+[5]중부권!$M$86/1000 -> -114.83578 | L11: =+[5]중부권!$Q$85 -> 105712.51 | M11: =+[5]중부권!$R$85 -> 104305.46 | N11: =+M11-L11 -> -1407.0476 | O11: =+[5]중부권!$K$86/1000 -> -68.350855 | P11: =+[5]중부권!$Q$50 -> 84293.864 | Q11: =+[5]중부권!$R$50 -> 85815.312 | R11: =+Q11-P11 -> 1521.4476 | S11: =+[5]중부권!$L$56/1000 -> -73.763821 | T11: =+([5]중부권!$H$80+[5]중부권!$H$85)/1000 -> 186.24029 | U11: =+([5]중부권!$I$80+[5]중부권!$I$85)/1000 -> 226.5303 | V11: =+U11-T11 -> 40.29001 | W11: =+([5]중부권!$L$80+[5]중부권!$L$85)/1000 -> -40.29001 | Y11: =+G11-K11-O11-S11-W11 -> -5.6132876e-13 | Z11: =+Y11*1000000 -> -5.6132876e-07
D12: 안양 | E12: =+[5]안양!$H$86/1000 -> 678.99607 | F12: =+[5]안양!$I$86/1000 -> 202.0324 | G12: =+F12-E12 -> -476.96367 | H12: =+[5]안양!$T$5/1000 -> 44 | I12: =+[5]안양!$U$5/1000 -> 28.4 | J12: =+I12-H12 -> -15.6 | K12: =+[5]안양!$M$86/1000 -> -279.3123 | L12: =+[5]안양!$Q$85 -> 101215.3 | M12: =+[5]안양!$R$85 -> 100365.63 | N12: =+M12-L12 -> -849.67363 | O12: =+[5]안양!$K$86/1000 -> -24.130731 | P12: =+[5]안양!$Q$50 -> 83310.67 | Q12: =+[5]안양!$R$50 -> 89075.634 | R12: =+Q12-P12 -> 5764.9647 | S12: =+[5]안양!$L$56/1000 -> -163.74152 | T12: =+([5]안양!$H$80+[5]안양!$H$85)/1000 -> 108.80786 | U12: =+([5]안양!$I$80+[5]안양!$I$85)/1000 -> 118.58698 | V12: =+U12-T12 -> 9.7791189 | W12: =+([5]안양!$L$80+[5]안양!$L$85)/1000 -> -9.7791189 | Y12: =+G12-K12-O12-S12-W12 -> -1.3500312e-13 | Z12: =+Y12*1000000 -> -1.3500312e-07
D13: 인천 | E13: =+[5]인천!$H$86/1000 -> 369.08346 | F13: =+[5]인천!$I$86/1000 -> -68.39704 | G13: =+F13-E13 -> -437.4805 | H13: =+[5]인천!$T$5/1000 -> 30 | I13: =+[5]인천!$U$5/1000 -> 18.327 | J13: =+I13-H13 -> -11.673 | K13: =+[5]인천!$M$86/1000 -> -186.85936 | L13: =+[5]인천!$Q$85 -> 103512.63 | M13: =+[5]인천!$R$85 -> 97987.379 | N13: =+M13-L13 -> -5525.2487 | O13: =+[5]인천!$K$86/1000 -> -101.26123 | P13: =+[5]인천!$Q$50 -> 87504.801 | Q13: =+[5]인천!$R$50 -> 95372.59 | R13: =+Q13-P13 -> 7867.789 | S13: =+[5]인천!$L$56/1000 -> -144.07586 | T13: =+([5]인천!$H$80+[5]인천!$H$85)/1000 -> 111.15134 | U13: =+([5]인천!$I$80+[5]인천!$I$85)/1000 -> 116.43538 | V13: =+U13-T13 -> 5.2840377 | W13: =+([5]인천!$L$80+[5]인천!$L$85)/1000 -> -5.2840377 | Y13: =+G13-K13-O13-S13-W13 -> -6.9277917e-14 | Z13: =+Y13*1000000 -> -6.9277917e-08
D14: 파주 | E14: =+[5]파주!$H$86/1000 -> 326.54742 | F14: =+[5]파주!$I$86/1000 -> 106.24983 | G14: =+F14-E14 -> -220.29759 | H14: =+[5]파주!$T$5/1000 -> 24 | I14: =+[5]파주!$U$5/1000 -> 19.1078 | J14: =+I14-H14 -> -4.8922 | K14: =+[5]파주!$M$86/1000 -> -82.51357 | L14: =+[5]파주!$Q$85 -> 99591.438 | M14: =+[5]파주!$R$85 -> 94365.024 | N14: =+M14-L14 -> -5226.4137 | O14: =+[5]파주!$K$86/1000 -> -99.164928 | P14: =+[5]파주!$Q$50 -> 83099.502 | Q14: =+[5]파주!$R$50 -> 84584.171 | R14: =+Q14-P14 -> 1484.6691 | S14: =+[5]파주!$L$56/1000 -> -28.169803 | T14: =+([5]파주!$H$80+[5]파주!$H$85)/1000 -> 69.259049 | U14: =+([5]파주!$I$80+[5]파주!$I$85)/1000 -> 79.708339 | V14: =+U14-T14 -> 10.44929 | W14: =+([5]파주!$L$80+[5]파주!$L$85)/1000 -> -10.44929 | Y14: =+G14-K14-O14-S14-W14 -> -8.5265128e-14 | Z14: =+Y14*1000000 -> -8.5265128e-08
D15: 김포 | E15: =+[5]김포!$H$86/1000 -> 247.00641 | F15: =+[5]김포!$I$86/1000 -> 29.041857 | G15: =+F15-E15 -> -217.96455 | H15: =+[5]김포!$T$5/1000 -> 16.5 | I15: =+[5]김포!$U$5/1000 -> 9.8 | J15: =+I15-H15 -> -6.7 | K15: =+[5]김포!$M$86/1000 -> -123.69453 | L15: =+[5]김포!$Q$85 -> 96919.939 | M15: =+[5]김포!$R$85 -> 96275.826 | N15: =+M15-L15 -> -644.11348 | O15: =+[5]김포!$K$86/1000 -> -6.3123121 | P15: =+[5]김포!$Q$50 -> 78458.07 | Q15: =+[5]김포!$R$50 -> 86782.747 | R15: =+Q15-P15 -> 8324.6775 | S15: =+[5]김포!$L$56/1000 -> -81.58184 | T15: =+([5]김포!$H$80+[5]김포!$H$85)/1000 -> 57.614438 | U15: =+([5]김포!$I$80+[5]김포!$I$85)/1000 -> 63.990311 | V15: =+U15-T15 -> 6.3758737 | W15: =+([5]김포!$L$80+[5]김포!$L$85)/1000 -> -6.3758737 | Y15: =+G15-K15-O15-S15-W15 -> -1.1457502e-13 | Z15: =+Y15*1000000 -> -1.1457502e-07
D16: 부산 | E16: =+[5]부산!$H$86/1000 -> 359.59565 | F16: =+[5]부산!$I$86/1000 -> 167.22155 | G16: =+F16-E16 -> -192.3741 | H16: =+[5]부산!$T$5/1000 -> 21 | I16: =+[5]부산!$U$5/1000 -> 15.517 | J16: =+I16-H16 -> -5.483 | K16: =+[5]부산!$M$86/1000 -> -121.81133 | L16: =+[5]부산!$Q$85 -> 107600.04 | M16: =+[5]부산!$R$85 -> 114051.87 | N16: =+M16-L16 -> 6451.8283 | O16: =+[5]부산!$K$86/1000 -> 100.11302 | P16: =+[5]부산!$Q$50 -> 85383.855 | Q16: =+[5]부산!$R$50 -> 96644.717 | R16: =+Q16-P16 -> 11260.863 | S16: =+[5]부산!$L$56/1000 -> -138.88273 | T16: =+([5]부산!$H$80+[5]부산!$H$85)/1000 -> 106.94419 | U16: =+([5]부산!$I$80+[5]부산!$I$85)/1000 -> 138.73725 | V16: =+U16-T16 -> 31.793062 | W16: =+([5]부산!$L$80+[5]부산!$L$85)/1000 -> -31.793062 | Y16: =+G16-K16-O16-S16-W16 -> -6.0396133e-14 | Z16: =+Y16*1000000 -> -6.0396133e-08
D17: 서부산 | E17: =+[5]서부산!$H$86/1000 -> 342.28746 | F17: =+[5]서부산!$I$86/1000 -> 84.673494 | G17: =+F17-E17 -> -257.61397 | H17: =+[5]서부산!$T$5/1000 -> 19 | I17: =+[5]서부산!$U$5/1000 -> 13.004 | J17: =+I17-H17 -> -5.996 | K17: =+[5]서부산!$M$86/1000 -> -124.16186 | L17: =+[5]서부산!$Q$85 -> 104402.2 | M17: =+[5]서부산!$R$85 -> 101120.45 | N17: =+M17-L17 -> -3281.7524 | O17: =+[5]서부산!$K$86/1000 -> -42.675909 | P17: =+[5]서부산!$Q$50 -> 83694.751 | Q17: =+[5]서부산!$R$50 -> 87992.648 | R17: =+Q17-P17 -> 4297.8961 | S17: =+[5]서부산!$L$56/1000 -> -53.674894 | T17: =+([5]서부산!$H$80+[5]서부산!$H$85)/1000 -> 51.154062 | U17: =+([5]서부산!$I$80+[5]서부산!$I$85)/1000 -> 88.255364 | V17: =+U17-T17 -> 37.101302 | W17: =+([5]서부산!$L$80+[5]서부산!$L$85)/1000 -> -37.101302 | Y17: =+G17-K17-O17-S17-W17 -> -1.1368684e-13 | Z17: =+Y17*1000000 -> -1.1368684e-07
D18: 김해 | E18: =+[5]김해!$H$86/1000 -> 152.09575 | F18: =+[5]김해!$I$86/1000 -> -2.729523 | G18: =+F18-E18 -> -154.82527 | H18: =+[5]김해!$T$5/1000 -> 12 | I18: =+[5]김해!$U$5/1000 -> 12.705 | J18: =+I18-H18 -> 0.705 | K18: =+[5]김해!$M$86/1000 -> 1.8782532 | L18: =+[5]김해!$Q$85 -> 100999.4 | M18: =+[5]김해!$R$85 -> 89286.803 | N18: =+M18-L18 -> -11712.597 | O18: =+[5]김해!$K$86/1000 -> -138.80599 | P18: =+[5]김해!$Q$50 -> 84350.092 | Q18: =+[5]김해!$R$50 -> 84830.825 | R18: =+Q18-P18 -> 480.73274 | S18: =+[5]김해!$L$56/1000 -> 1.0009745 | T18: =+([5]김해!$H$80+[5]김해!$H$85)/1000 -> 47.695946 | U18: =+([5]김해!$I$80+[5]김해!$I$85)/1000 -> 66.594453 | V18: =+U18-T18 -> 18.898507 | W18: =+([5]김해!$L$80+[5]김해!$L$85)/1000 -> -18.898507 | Y18: =+G18-K18-O18-S18-W18 -> 2.3092639e-13 | Z18: =+Y18*1000000 -> 2.3092639e-07
D19: 정관 | E19: =+[5]정관!$H$86/1000 -> 221.82233 | F19: =+[5]정관!$I$86/1000 -> 103.5454 | G19: =+F19-E19 -> -118.27693 | H19: =+[5]정관!$T$5/1000 -> 16 | I19: =+[5]정관!$U$5/1000 -> 16.976 | J19: =+I19-H19 -> 0.976 | K19: =+[5]정관!$M$86/1000 -> 17.99246 | L19: =+[5]정관!$Q$85 -> 104000 | M19: =+[5]정관!$R$85 -> 101496.21 | N19: =+M19-L19 -> -2503.7877 | O19: =+[5]정관!$K$86/1000 -> -42.5043 | P19: =+[5]정관!$Q$50 -> 85565.103 | Q19: =+[5]정관!$R$50 -> 90031.973 | R19: =+Q19-P19 -> 4466.8699 | S19: =+[5]정관!$L$56/1000 -> -62.009997 | T19: =+([5]정관!$H$80+[5]정관!$H$85)/1000 -> 73.136024 | U19: =+([5]정관!$I$80+[5]정관!$I$85)/1000 -> 104.89112 | V19: =+U19-T19 -> 31.755094 | W19: =+([5]정관!$L$80+[5]정관!$L$85)/1000 -> -31.755094 | Y19: =+G19-K19-O19-S19-W19 -> -6.0396133e-14 | Z19: =+Y19*1000000 -> -6.0396133e-08
D20: 양산 | E20: =+[5]양산!$H$86/1000 -> 189.63512 | F20: =+[5]양산!$I$86/1000 -> 69.602208 | G20: =+F20-E20 -> -120.03291 | H20: =+[5]양산!$T$5/1000 -> 12 | I20: =+[5]양산!$U$5/1000 -> 12.518 | J20: =+I20-H20 -> 0.518 | K20: =+[5]양산!$M$86/1000 -> 10.59871 | L20: =+[5]양산!$Q$85 -> 97210.153 | M20: =+[5]양산!$R$85 -> 90109.994 | N20: =+M20-L20 -> -7100.1589 | O20: =+[5]양산!$K$86/1000 -> -88.879789 | P20: =+[5]양산!$Q$50 -> 76749.323 | Q20: =+[5]양산!$R$50 -> 80863.621 | R20: =+Q20-P20 -> 4114.2979 | S20: =+[5]양산!$L$56/1000 -> -51.50278 | T20: =+([5]양산!$H$80+[5]양산!$H$85)/1000 -> 55.89483 | U20: =+([5]양산!$I$80+[5]양산!$I$85)/1000 -> 46.143885 | V20: =+U20-T20 -> -9.7509453 | W20: =+([5]양산!$L$80+[5]양산!$L$85)/1000 -> 9.7509453 | Y20: =+G20-K20-O20-S20-W20 -> -2.220446e-13 | Z20: =+Y20*1000000 -> -2.220446e-07
D21: 창원 | E21: =+[5]창원!$H$86/1000 -> 222.23827 | F21: =+[5]창원!$I$86/1000 -> 152.25467 | G21: =+F21-E21 -> -69.983603 | H21: =+[5]창원!$T$5/1000 -> 14 | I21: =+[5]창원!$U$5/1000 -> 14.953 | J21: =+I21-H21 -> 0.953 | K21: =+[5]창원!$M$86/1000 -> 20.197198 | L21: =+[5]창원!$Q$85 -> 101695 | M21: =+[5]창원!$R$85 -> 100805.55 | N21: =+M21-L21 -> -889.44927 | O21: =+[5]창원!$K$86/1000 -> -13.299935 | P21: =+[5]창원!$Q$50 -> 80501.718 | Q21: =+[5]창원!$R$50 -> 84468.485 | R21: =+Q21-P21 -> 3966.7673 | S21: =+[5]창원!$L$56/1000 -> -59.144594 | T21: =+([5]창원!$H$80+[5]창원!$H$85)/1000 -> 74.467682 | U21: =+([5]창원!$I$80+[5]창원!$I$85)/1000 -> 92.203954 | V21: =+U21-T21 -> 17.736272 | W21: =+([5]창원!$L$80+[5]창원!$L$85)/1000 -> -17.736272 | Y21: =+G21-K21-O21-S21-W21 -> 0 | Z21: =+Y21*1000000 -> 0
D22: 대구 | E22: =+[5]대구!$H$86/1000 -> 287.14697 | F22: =+[5]대구!$I$86/1000 -> 137.65472 | G22: =+F22-E22 -> -149.49225 | H22: =+[5]대구!$T$5/1000 -> 16 | I22: =+[5]대구!$U$5/1000 -> 14.191 | J22: =+I22-H22 -> -1.809 | K22: =+[5]대구!$M$86/1000 -> -38.5831 | L22: =+[5]대구!$Q$85 -> 97760 | M22: =+[5]대구!$R$85 -> 97242.812 | N22: =+M22-L22 -> -517.18765 | O22: =+[5]대구!$K$86/1000 -> -7.33941 | P22: =+[5]대구!$Q$50 -> 76431.587 | Q22: =+[5]대구!$R$50 -> 82430.458 | R22: =+Q22-P22 -> 5998.8711 | S22: =+[5]대구!$L$56/1000 -> -85.129994 | T22: =+([5]대구!$H$80+[5]대구!$H$85)/1000 -> 54.107642 | U22: =+([5]대구!$I$80+[5]대구!$I$85)/1000 -> 72.547386 | V22: =+U22-T22 -> 18.439744 | W22: =+([5]대구!$L$80+[5]대구!$L$85)/1000 -> -18.439744 | Y22: =+G22-K22-O22-S22-W22 -> -1.1368684e-13 | Z22: =+Y22*1000000 -> -1.1368684e-07
D23: 울산 | E23: =+[5]울산!$H$86/1000 -> 88.588791 | F23: =+[5]울산!$I$86/1000 -> 78.459948 | G23: =+F23-E23 -> -10.128843 | H23: =+[5]울산!$T$5/1000 -> 10 | I23: =+[5]울산!$U$5/1000 -> 11.98 | J23: =+I23-H23 -> 1.98 | K23: =+[5]울산!$M$86/1000 -> 25.35264 | L23: =+[5]울산!$Q$85 -> 101246.2 | M23: =+[5]울산!$R$85 -> 98179.178 | N23: =+M23-L23 -> -3067.0222 | O23: =+[5]울산!$K$86/1000 -> -36.742926 | P23: =+[5]울산!$Q$50 -> 88441.836 | Q23: =+[5]울산!$R$50 -> 87073.768 | R23: =+Q23-P23 -> -1368.0686 | S23: =+[5]울산!$L$56/1000 -> 16.389474 | T23: =+([5]울산!$H$80+[5]울산!$H$85)/1000 -> 39.454847 | U23: =+([5]울산!$I$80+[5]울산!$I$85)/1000 -> 54.582879 | V23: =+U23-T23 -> 15.128031 | W23: =+([5]울산!$L$80+[5]울산!$L$85)/1000 -> -15.128031 | Y23: =+G23-K23-O23-S23-W23 -> 2.1493918e-13 | Z23: =+Y23*1000000 -> 2.1493918e-07
D24: 아산 | E24: =+[5]아산!$H$86/1000 -> 384.78619 | F24: =+[5]아산!$I$86/1000 -> 256.65218 | G24: =+F24-E24 -> -128.13401 | H24: =+[5]아산!$T$5/1000 -> 25 | I24: =+[5]아산!$U$5/1000 -> 23.352 | J24: =+I24-H24 -> -1.648 | K24: =+[5]아산!$M$86/1000 -> -32.455264 | L24: =+[5]아산!$Q$85 -> 101000.14 | M24: =+[5]아산!$R$85 -> 99026.219 | N24: =+M24-L24 -> -1973.921 | O24: =+[5]아산!$K$86/1000 -> -45.68048 | P24: =+[5]아산!$Q$50 -> 82854.142 | Q24: =+[5]아산!$R$50 -> 84564.275 | R24: =+Q24-P24 -> 1710.1328 | S24: =+[5]아산!$L$56/1000 -> -39.376977 | T24: =+([5]아산!$H$80+[5]아산!$H$85)/1000 -> 68.863746 | U24: =+([5]아산!$I$80+[5]아산!$I$85)/1000 -> 79.485034 | V24: =+U24-T24 -> 10.621288 | W24: =+([5]아산!$L$80+[5]아산!$L$85)/1000 -> -10.621288 | Y24: =+G24-K24-O24-S24-W24 -> 1.7230661e-13 | Z24: =+Y24*1000000 -> 1.7230661e-07
D25: 전주 | E25: =+[5]전주!$H$86/1000 -> 209.31453 | F25: =+[5]전주!$I$86/1000 -> 98.002099 | G25: =+F25-E25 -> -111.31243 | H25: =+[5]전주!$T$5/1000 -> 12 | I25: =+[5]전주!$U$5/1000 -> 10.103 | J25: =+I25-H25 -> -1.897 | K25: =+[5]전주!$M$86/1000 -> -41.582792 | L25: =+[5]전주!$Q$85 -> 102339.4 | M25: =+[5]전주!$R$85 -> 99690.626 | N25: =+M25-L25 -> -2648.7705 | O25: =+[5]전주!$K$86/1000 -> -26.760529 | P25: =+[5]전주!$Q$50 -> 80419.106 | Q25: =+[5]전주!$R$50 -> 83406.678 | R25: =+Q25-P25 -> 2987.5718 | S25: =+[5]전주!$L$56/1000 -> -30.128288 | T25: =+([5]전주!$H$80+[5]전주!$H$85)/1000 -> 53.728963 | U25: =+([5]전주!$I$80+[5]전주!$I$85)/1000 -> 66.569783 | V25: =+U25-T25 -> 12.840821 | W25: =+([5]전주!$L$80+[5]전주!$L$85)/1000 -> -12.840821 | Y25: =+G25-K25-O25-S25-W25 -> -1.2789769e-13 | Z25: =+Y25*1000000 -> -1.2789769e-07
D26: 군산 | E26: =+[5]군산!$H$86/1000 -> 200.25549 | F26: =+[5]군산!$I$86/1000 -> 252.01421 | G26: =+F26-E26 -> 51.758728 | H26: =+[5]군산!$T$5/1000 -> 7 | I26: =+[5]군산!$U$5/1000 -> 7.883 | J26: =+I26-H26 -> 0.883 | K26: =+[5]군산!$M$86/1000 -> 27.419176 | L26: =+[5]군산!$Q$85 -> 108999.86 | M26: =+[5]군산!$R$85 -> 116414.49 | N26: =+M26-L26 -> 7414.6333 | O26: =+[5]군산!$K$86/1000 -> 58.316091 | P26: =+[5]군산!$Q$50 -> 77355.495 | Q26: =+[5]군산!$R$50 -> 80909.965 | R26: =+Q26-P26 -> 3554.4696 | S26: =+[5]군산!$L$56/1000 -> -27.955901 | T26: =+([5]군산!$H$80+[5]군산!$H$85)/1000 -> 21.255075 | U26: =+([5]군산!$I$80+[5]군산!$I$85)/1000 -> 27.275714 | V26: =+U26-T26 -> 6.0206385 | W26: =+([5]군산!$L$80+[5]군산!$L$85)/1000 -> -6.0206385 | Y26: =+G26-K26-O26-S26-W26 -> -6.0396133e-14 | Z26: =+Y26*1000000 -> -6.0396133e-08
D27: 원주 | E27: =+[5]원주!$H$86/1000 -> 53.146043 | F27: =+[5]원주!$I$86/1000 -> 107.1387 | G27: =+F27-E27 -> 53.99266 | H27: =+[5]원주!$T$5/1000 -> 4 | I27: =+[5]원주!$U$5/1000 -> 5.359 | J27: =+I27-H27 -> 1.359 | K27: =+[5]원주!$M$86/1000 -> 23.664153 | L27: =+[5]원주!$Q$85 -> 107900 | M27: =+[5]원주!$R$85 -> 113260.12 | N27: =+M27-L27 -> 5360.1232 | O27: =+[5]원주!$K$86/1000 -> 28.7249 | P27: =+[5]원주!$Q$50 -> 90487.084 | Q27: =+[5]원주!$R$50 -> 88930.951 | R27: =+Q27-P27 -> -1556.1327 | S27: =+[5]원주!$L$56/1000 -> 8.3393239 | T27: =+([5]원주!$H$80+[5]원주!$H$85)/1000 -> 16.505623 | U27: =+([5]원주!$I$80+[5]원주!$I$85)/1000 -> 23.24134 | V27: =+U27-T27 -> 6.7357172 | W27: =+([5]원주!$L$80+[5]원주!$L$85)/1000 -> -6.7357172 | Y27: =+G27-K27-O27-S27-W27 -> 5.595524e-14 | Z27: =+Y27*1000000 -> 5.595524e-08
D28: 제주 | E28: =+[5]제주!$H$86/1000 -> 122.86409 | F28: =+[5]제주!$I$86/1000 -> -40.681329 | G28: =+F28-E28 -> -163.54542 | H28: =+[5]제주!$T$5/1000 -> 6 | I28: =+[5]제주!$U$5/1000 -> 2.1085 | J28: =+I28-H28 -> -3.8915 | K28: =+[5]제주!$M$86/1000 -> -96.477405 | L28: =+[5]제주!$Q$85 -> 126800 | M28: =+[5]제주!$R$85 -> 116432.64 | N28: =+M28-L28 -> -10367.362 | O28: =+[5]제주!$K$86/1000 -> -21.859582 | P28: =+[5]제주!$Q$50 -> 102008.17 | Q28: =+[5]제주!$R$50 -> 121518.2 | R28: =+Q28-P28 -> 19510.029 | S28: =+[5]제주!$L$56/1000 -> -41.136887 | T28: =+([5]제주!$H$80+[5]제주!$H$85)/1000 -> 25.886888 | U28: =+([5]제주!$I$80+[5]제주!$I$85)/1000 -> 29.958433 | V28: =+U28-T28 -> 4.0715453 | W28: =+([5]제주!$L$80+[5]제주!$L$85)/1000 -> -4.0715453 | Y28: =+G28-K28-O28-S28-W28 -> 2.4868996e-14 | Z28: =+Y28*1000000 -> 2.4868996e-08

Sheet 공헌이익
D4: □ 레미콘 단위당 공헌이익(2024-09)
V5: [단위 : 원/㎥]
D6: 구분 | E6: 판매단가 | H6: 재료비 | K6: 운반비 | N6: 유류비 | Q6: 변동비 계 | T6: 공헌이익
E7: 계획 | F7: 실적 | G7: 차이 | H7: 계획 | I7: 실적 | J7: 차이 | K7: 계획 | L7: 실적 | M7: 차이 | N7: 계획 | O7: 실적 | P7: 차이 | Q7: 계획 | R7: 실적 | S7: 차이 | T7: 계획 | U7: 실적 | V7: 차이
D8: 평균 | E8: =+[5]합계!$Q$85 -> 102401.42 | F8: =+[5]합계!$R$85 -> 99989.728 | G8: =+F8-E8 -> -2411.6936 | H8: =+[5]합계!$Q$20 -> 58235.896 | I8: =+[5]합계!$R$20 -> 59729.415 | J8: =+I8-H8 -> 1493.5185 | K8: =+[5]합계!$Q$21 -> 17980.539 | L8: =+[5]합계!$R$21 -> 17738.44 | M8: =+L8-K8 -> -242.09898 | N8: =+[5]합계!$Q$22 -> 197.89428 | O8: =+[5]합계!$R$22 -> 189.64988 | P8: =+O8-N8 -> -8.2443983 | Q8: =H8+K8+N8 -> 76414.329 | R8: =I8+L8+O8 -> 77657.504 | S8: =+R8-Q8 -> 1243.1752 | T8: =+E8-Q8 -> 25987.093 | U8: =+F8-R8 -> 22332.224 | V8: =+U8-T8 -> -3654.8687
D9: 수도권 | E9: =+[5]수도권!$Q$85 -> 100857.87 | F9: =+[5]수도권!$R$85 -> 97749.491 | G9: =+F9-E9 -> -3108.3753 | H9: =+[5]수도권!$Q$20 -> 59952.694 | I9: =+[5]수도권!$R$20 -> 61466.514 | J9: =+I9-H9 -> 1513.8198 | K9: =+[5]수도권!$Q$21 -> 17719.58 | L9: =+[5]수도권!$R$21 -> 17808.8 | M9: =+L9-K9 -> 89.219782 | N9: =+[5]수도권!$Q$22 -> 223.51528 | O9: =+[5]수도권!$R$22 -> 204.57786 | P9: =+O9-N9 -> -18.937425 | Q9: =H9+K9+N9 -> 77895.789 | R9: =I9+L9+O9 -> 79479.892 | S9: =+R9-Q9 -> 1584.1021 | T9: =+E9-Q9 -> 22962.077 | U9: =+F9-R9 -> 18269.6 | V9: =+U9-T9 -> -4692.4774
D10: 영남권 | E10: =+[5]영남권!$Q$85 -> 102384.24 | F10: =+[5]영남권!$R$85 -> 99624.762 | G10: =+F10-E10 -> -2759.4818 | H10: =+[5]영남권!$Q$20 -> 56672.365 | I10: =+[5]영남권!$R$20 -> 58635.44 | J10: =+I10-H10 -> 1963.0745 | K10: =+[5]영남권!$Q$21 -> 18140.35 | L10: =+[5]영남권!$R$21 -> 18665.584 | M10: =+L10-K10 -> 525.23433 | N10: =+[5]영남권!$Q$22 -> 179.58333 | O10: =+[5]영남권!$R$22 -> 182.81278 | P10: =+O10-N10 -> 3.2294505 | Q10: =H10+K10+N10 -> 74992.299 | R10: =I10+L10+O10 -> 77483.837 | S10: =+R10-Q10 -> 2491.5383 | T10: =+E10-Q10 -> 27391.945 | U10: =+F10-R10 -> 22140.925 | V10: =+U10-T10 -> -5251.0201
D11: 기타권 | E11: =+[5]중부권!$Q$85 -> 105712.51 | F11: =+[5]중부권!$R$85 -> 104305.46 | G11: =+F11-E11 -> -1407.0476 | H11: =+[5]중부권!$Q$20 -> 58070.162 | I11: =+[5]중부권!$R$20 -> 59555.526 | J11: =+I11-H11 -> 1485.364 | K11: =+[5]중부권!$Q$21 -> 18178.732 | L11: =+[5]중부권!$R$21 -> 15488.426 | M11: =+L11-K11 -> -2690.3059 | N11: =+[5]중부권!$Q$22 -> 184.25926 | O11: =+[5]중부권!$R$22 -> 182.23533 | P11: =+O11-N11 -> -2.0239264 | Q11: =H11+K11+N11 -> 76433.153 | R11: =I11+L11+O11 -> 75226.187 | S11: =+R11-Q11 -> -1206.9659 | T11: =+E11-Q11 -> 29279.352 | U11: =+F11-R11 -> 29079.27 | V11: =+U11-T11 -> -200.08169
D12: 안양 | E12: =+[5]안양!$Q$85 -> 101215.3 | F12: =+[5]안양!$R$85 -> 100365.63 | G12: =+F12-E12 -> -849.67363 | H12: =+[5]안양!$Q$20 -> 61468.497 | I12: =+[5]안양!$R$20 -> 64109.314 | J12: =+I12-H12 -> 2640.8169 | K12: =+[5]안양!$Q$21 -> 17102.218 | L12: =+[5]안양!$R$21 -> 17348.462 | M12: =+L12-K12 -> 246.24377 | N12: =+[5]안양!$Q$22 -> 181.81818 | O12: =+[5]안양!$R$22 -> 192.73098 | P12: =+O12-N12 -> 10.912799 | Q12: =H12+K12+N12 -> 78752.533 | R12: =I12+L12+O12 -> 81650.507 | S12: =+R12-Q12 -> 2897.9734 | T12: =+E12-Q12 -> 22462.771 | U12: =+F12-R12 -> 18715.124 | V12: =+U12-T12 -> -3747.6471
D13: 인천 | E13: =+[5]인천!$Q$85 -> 103512.63 | F13: =+[5]인천!$R$85 -> 97987.379 | G13: =+F13-E13 -> -5525.2487 | H13: =+[5]인천!$Q$20 -> 62768.472 | I13: =+[5]인천!$R$20 -> 64421.022 | J13: =+I13-H13 -> 1652.5495 | K13: =+[5]인천!$Q$21 -> 17611.739 | L13: =+[5]인천!$R$21 -> 17896.887 | M13: =+L13-K13 -> 285.14768 | N13: =+[5]인천!$Q$22 -> 366.66667 | O13: =+[5]인천!$R$22 -> 335.9681 | P13: =+O13-N13 -> -30.698571 | Q13: =H13+K13+N13 -> 80746.878 | R13: =I13+L13+O13 -> 82653.877 | S13: =+R13-Q13 -> 1906.9986 | T13: =+E13-Q13 -> 22765.75 | U13: =+F13-R13 -> 15333.502 | V13: =+U13-T13 -> -7432.2473
D14: 파주 | E14: =+[5]파주!$Q$85 -> 99591.438 | F14: =+[5]파주!$R$85 -> 94365.024 | G14: =+F14-E14 -> -5226.4137 | H14: =+[5]파주!$Q$20 -> 58002.883 | I14: =+[5]파주!$R$20 -> 57070.91 | J14: =+I14-H14 -> -931.97317 | K14: =+[5]파주!$Q$21 -> 18617.624 | L14: =+[5]파주!$R$21 -> 18595.688 | M14: =+L14-K14 -> -21.935327 | N14: =+[5]파주!$Q$22 -> 202.5 | O14: =+[5]파주!$R$22 -> 159.83598 | P14: =+O14-N14 -> -42.664016 | Q14: =H14+K14+N14 -> 76823.007 | R14: =I14+L14+O14 -> 75826.434 | S14: =+R14-Q14 -> -996.57251 | T14: =+E14-Q14 -> 22768.432 | U14: =+F14-R14 -> 18538.59 | V14: =+U14-T14 -> -4229.8411
D15: 김포 | E15: =+[5]김포!$Q$85 -> 96919.939 | F15: =+[5]김포!$R$85 -> 96275.826 | G15: =+F15-E15 -> -644.11348 | H15: =+[5]김포!$Q$20 -> 53627.044 | I15: =+[5]김포!$R$20 -> 56766.332 | J15: =+I15-H15 -> 3139.2882 | K15: =+[5]김포!$Q$21 -> 18255.708 | L15: =+[5]김포!$R$21 -> 17454.812 | M15: =+L15-K15 -> -800.89695 | N15: =+[5]김포!$Q$22 -> 105 | O15: =+[5]김포!$R$22 -> 78.877755 | P15: =+O15-N15 -> -26.122245 | Q15: =H15+K15+N15 -> 71987.752 | R15: =I15+L15+O15 -> 74300.021 | S15: =+R15-Q15 -> 2312.269 | T15: =+E15-Q15 -> 24932.187 | U15: =+F15-R15 -> 21975.804 | V15: =+U15-T15 -> -2956.3825
D16: 부산 | E16: =+[5]부산!$Q$85 -> 107600.04 | F16: =+[5]부산!$R$85 -> 114051.87 | G16: =+F16-E16 -> 6451.8283 | H16: =+[5]부산!$Q$20 -> 58188.169 | I16: =+[5]부산!$R$20 -> 64492.532 | J16: =+I16-H16 -> 6304.3629 | K16: =+[5]부산!$Q$21 -> 19639.689 | L16: =+[5]부산!$R$21 -> 20138.628 | M16: =+L16-K16 -> 498.93819 | N16: =+[5]부산!$Q$22 -> 47.619048 | O16: =+[5]부산!$R$22 -> 0 | P16: =+O16-N16 -> -47.619048 | Q16: =H16+K16+N16 -> 77875.477 | R16: =I16+L16+O16 -> 84631.159 | S16: =+R16-Q16 -> 6755.6821 | T16: =+E16-Q16 -> 29724.56 | U16: =+F16-R16 -> 29420.706 | V16: =+U16-T16 -> -303.85374
D17: 서부산 | E17: =+[5]서부산!$Q$85 -> 104402.2 | F17: =+[5]서부산!$R$85 -> 101120.45 | G17: =+F17-E17 -> -3281.7524 | H17: =+[5]서부산!$Q$20 -> 60001.817 | I17: =+[5]서부산!$R$20 -> 60013.898 | J17: =+I17-H17 -> 12.081423 | K17: =+[5]서부산!$Q$21 -> 16276.509 | L17: =+[5]서부산!$R$21 -> 17662.468 | M17: =+L17-K17 -> 1385.9589 | N17: =+[5]서부산!$Q$22 -> 105.26316 | O17: =+[5]서부산!$R$22 -> 324.95948 | P17: =+O17-N17 -> 219.69632 | Q17: =H17+K17+N17 -> 76383.589 | R17: =I17+L17+O17 -> 78001.326 | S17: =+R17-Q17 -> 1617.7366 | T17: =+E17-Q17 -> 28018.611 | U17: =+F17-R17 -> 23119.122 | V17: =+U17-T17 -> -4899.489
D18: 김해 | E18: =+[5]김해!$Q$85 -> 100999.4 | F18: =+[5]김해!$R$85 -> 89286.803 | G18: =+F18-E18 -> -11712.597 | H18: =+[5]김해!$Q$20 -> 58126.009 | I18: =+[5]김해!$R$20 -> 56350.574 | J18: =+I18-H18 -> -1775.4343 | K18: =+[5]김해!$Q$21 -> 18166.289 | L18: =+[5]김해!$R$21 -> 19190.155 | M18: =+L18-K18 -> 1023.8658 | N18: =+[5]김해!$Q$22 -> 350 | O18: =+[5]김해!$R$22 -> 347.89758 | P18: =+O18-N18 -> -2.1024193 | Q18: =H18+K18+N18 -> 76642.298 | R18: =I18+L18+O18 -> 75888.627 | S18: =+R18-Q18 -> -753.67092 | T18: =+E18-Q18 -> 24357.102 | U18: =+F18-R18 -> 13398.176 | V18: =+U18-T18 -> -10958.926
D19: 정관 | E19: =+[5]정관!$Q$85 -> 104000 | F19: =+[5]정관!$R$85 -> 101496.21 | G19: =+F19-E19 -> -2503.7877 | H19: =+[5]정관!$Q$20 -> 58590.028 | I19: =+[5]정관!$R$20 -> 61532.345 | J19: =+I19-H19 -> 2942.3171 | K19: =+[5]정관!$Q$21 -> 19054.823 | L19: =+[5]정관!$R$21 -> 19503.462 | M19: =+L19-K19 -> 448.63947 | N19: =+[5]정관!$Q$22 -> 281.25 | O19: =+[5]정관!$R$22 -> 242.58291 | P19: =+O19-N19 -> -38.667088 | Q19: =H19+K19+N19 -> 77926.101 | R19: =I19+L19+O19 -> 81278.39 | S19: =+R19-Q19 -> 3352.2895 | T19: =+E19-Q19 -> 26073.899 | U19: =+F19-R19 -> 20217.822 | V19: =+U19-T19 -> -5856.0772
D20: 양산 | E20: =+[5]양산!$Q$85 -> 97210.153 | F20: =+[5]양산!$R$85 -> 90109.994 | G20: =+F20-E20 -> -7100.1589 | H20: =+[5]양산!$Q$20 -> 51669.22 | I20: =+[5]양산!$R$20 -> 54595.215 | J20: =+I20-H20 -> 2925.9944 | K20: =+[5]양산!$Q$21 -> 17632.069 | L20: =+[5]양산!$R$21 -> 17354.008 | M20: =+L20-K20 -> -278.06157 | N20: =+[5]양산!$Q$22 -> 79.166667 | O20: =+[5]양산!$R$22 -> 20.162726 | P20: =+O20-N20 -> -59.003941 | Q20: =H20+K20+N20 -> 69380.456 | R20: =I20+L20+O20 -> 71969.385 | S20: =+R20-Q20 -> 2588.9289 | T20: =+E20-Q20 -> 27829.697 | U20: =+F20-R20 -> 18140.609 | V20: =+U20-T20 -> -9689.0878
D21: 창원 | E21: =+[5]창원!$Q$85 -> 101695 | F21: =+[5]창원!$R$85 -> 100805.55 | G21: =+F21-E21 -> -889.44927 | H21: =+[5]창원!$Q$20 -> 55903.538 | I21: =+[5]창원!$R$20 -> 58161.512 | J21: =+I21-H21 -> 2257.9733 | K21: =+[5]창원!$Q$21 -> 16721.853 | L21: =+[5]창원!$R$21 -> 16491.993 | M21: =+L21-K21 -> -229.85912 | N21: =+[5]창원!$Q$22 -> 85.714286 | O21: =+[5]창원!$R$22 -> 83.288504 | P21: =+O21-N21 -> -2.4257817 | Q21: =H21+K21+N21 -> 72711.105 | R21: =I21+L21+O21 -> 74736.793 | S21: =+R21-Q21 -> 2025.6884 | T21: =+E21-Q21 -> 28983.895 | U21: =+F21-R21 -> 26068.757 | V21: =+U21-T21 -> -2915.1377
D22: 대구 | E22: =+[5]대구!$Q$85 -> 97760 | F22: =+[5]대구!$R$85 -> 97242.812 | G22: =+F22-E22 -> -517.18765 | H22: =+[5]대구!$Q$20 -> 51286.245 | I22: =+[5]대구!$R$20 -> 53250.293 | J22: =+I22-H22 -> 1964.0481 | K22: =+[5]대구!$Q$21 -> 17358.299 | L22: =+[5]대구!$R$21 -> 19215.163 | M22: =+L22-K22 -> 1856.864 | N22: =+[5]대구!$Q$22 -> 318.75 | O22: =+[5]대구!$R$22 -> 244.41667 | P22: =+O22-N22 -> -74.333327 | Q22: =H22+K22+N22 -> 68963.293 | R22: =I22+L22+O22 -> 72709.872 | S22: =+R22-Q22 -> 3746.5788 | T22: =+E22-Q22 -> 28796.707 | U22: =+F22-R22 -> 24532.94 | V22: =+U22-T22 -> -4263.7665
D23: 울산 | E23: =+[5]울산!$Q$85 -> 101246.2 | F23: =+[5]울산!$R$85 -> 98179.178 | G23: =+F23-E23 -> -3067.0222 | H23: =+[5]울산!$Q$20 -> 58048.511 | I23: =+[5]울산!$R$20 -> 58722.337 | J23: =+I23-H23 -> 673.82666 | K23: =+[5]울산!$Q$21 -> 20885.869 | L23: =+[5]울산!$R$21 -> 19660.021 | M23: =+L23-K23 -> -1225.8478 | N23: =+[5]울산!$Q$22 -> 260 | O23: =+[5]울산!$R$22 -> 225.12087 | P23: =+O23-N23 -> -34.879132 | Q23: =H23+K23+N23 -> 79194.379 | R23: =I23+L23+O23 -> 78607.479 | S23: =+R23-Q23 -> -586.90026 | T23: =+E23-Q23 -> 22051.821 | U23: =+F23-R23 -> 19571.699 | V23: =+U23-T23 -> -2480.1219
D24: 아산 | E24: =+[5]아산!$Q$85 -> 101000.14 | F24: =+[5]아산!$R$85 -> 99026.219 | G24: =+F24-E24 -> -1973.921 | H24: =+[5]아산!$Q$20 -> 56013.856 | I24: =+[5]아산!$R$20 -> 59683.505 | J24: =+I24-H24 -> 3669.6497 | K24: =+[5]아산!$Q$21 -> 20777.597 | L24: =+[5]아산!$R$21 -> 16566.486 | M24: =+L24-K24 -> -4211.1113 | N24: =+[5]아산!$Q$22 -> 200 | O24: =+[5]아산!$R$22 -> 190.34486 | P24: =+O24-N24 -> -9.6551441 | Q24: =H24+K24+N24 -> 76991.453 | R24: =I24+L24+O24 -> 76440.336 | S24: =+R24-Q24 -> -551.11671 | T24: =+E24-Q24 -> 24008.687 | U24: =+F24-R24 -> 22585.883 | V24: =+U24-T24 -> -1422.8043
D25: 전주 | E25: =+[5]전주!$Q$85 -> 102339.4 | F25: =+[5]전주!$R$85 -> 99690.626 | G25: =+F25-E25 -> -2648.7705 | H25: =+[5]전주!$Q$20 -> 55440.88 | I25: =+[5]전주!$R$20 -> 58208.806 | J25: =+I25-H25 -> 2767.9264 | K25: =+[5]전주!$Q$21 -> 17129.656 | L25: =+[5]전주!$R$21 -> 14447.567 | M25: =+L25-K25 -> -2682.0893 | N25: =+[5]전주!$Q$22 -> 250 | O25: =+[5]전주!$R$22 -> 202.79118 | P25: =+O25-N25 -> -47.208823 | Q25: =H25+K25+N25 -> 72820.536 | R25: =I25+L25+O25 -> 72859.165 | S25: =+R25-Q25 -> 38.62829 | T25: =+E25-Q25 -> 29518.86 | U25: =+F25-R25 -> 26831.462 | V25: =+U25-T25 -> -2687.3988
D26: 군산 | E26: =+[5]군산!$Q$85 -> 108999.86 | F26: =+[5]군산!$R$85 -> 116414.49 | G26: =+F26-E26 -> 7414.6333 | H26: =+[5]군산!$Q$20 -> 56608.287 | I26: =+[5]군산!$R$20 -> 59486.835 | J26: =+I26-H26 -> 2878.5488 | K26: =+[5]군산!$Q$21 -> 13161.557 | L26: =+[5]군산!$R$21 -> 13421.294 | M26: =+L26-K26 -> 259.73699 | N26: =+[5]군산!$Q$22 -> 64.285714 | O26: =+[5]군산!$R$22 -> 32.498156 | P26: =+O26-N26 -> -31.787558 | Q26: =H26+K26+N26 -> 69834.13 | R26: =I26+L26+O26 -> 72940.628 | S26: =+R26-Q26 -> 3106.4982 | T26: =+E26-Q26 -> 39165.732 | U26: =+F26-R26 -> 43473.867 | V26: =+U26-T26 -> 4308.1351
D27: 원주 | E27: =+[5]원주!$Q$85 -> 107900 | F27: =+[5]원주!$R$85 -> 113260.12 | G27: =+F27-E27 -> 5360.1232 | H27: =+[5]원주!$Q$20 -> 56419.671 | I27: =+[5]원주!$R$20 -> 58618.038 | J27: =+I27-H27 -> 2198.3669 | K27: =+[5]원주!$Q$21 -> 16191.591 | L27: =+[5]원주!$R$21 -> 14638.829 | M27: =+L27-K27 -> -1552.7615 | N27: =+[5]원주!$Q$22 -> 375 | O27: =+[5]원주!$R$22 -> 277.60944 | P27: =+O27-N27 -> -97.390558 | Q27: =H27+K27+N27 -> 72986.262 | R27: =I27+L27+O27 -> 73534.477 | S27: =+R27-Q27 -> 548.2149 | T27: =+E27-Q27 -> 34913.738 | U27: =+F27-R27 -> 39725.647 | V27: =+U27-T27 -> 4811.9083
D28: 제주 | E28: =+[5]제주!$Q$85 -> 126800 | F28: =+[5]제주!$R$85 -> 116432.64 | G28: =+F28-E28 -> -10367.362 | H28: =+[5]제주!$Q$20 -> 74702.517 | I28: =+[5]제주!$R$20 -> 67260.065 | J28: =+I28-H28 -> -7442.453 | K28: =+[5]제주!$Q$21 -> 16626.41 | L28: =+[5]제주!$R$21 -> 18512.948 | M28: =+L28-K28 -> 1886.5378 | N28: =+[5]제주!$Q$22 -> 0 | O28: =+[5]제주!$R$22 -> 310.46241 | P28: =+O28-N28 -> 310.46241 | Q28: =H28+K28+N28 -> 91328.928 | R28: =I28+L28+O28 -> 86083.475 | S28: =+R28-Q28 -> -5245.4528 | T28: =+E28-Q28 -> 35471.072 | U28: =+F28-R28 -> 30349.163 | V28: =+U28-T28 -> -5121.9089

Sheet 재료비단가
D4: □ 2024년 레미콘 원재료단가(2024-09)
D6: 구분 | E6: OPC (원/톤) | H6: SC (원/톤) | K6: SP (원/톤) | N6: FA (원/톤) | Q6: 자갈 (원/톤) | T6: 모래 (원/톤)
E7: 계획 | F7: 실적 | G7: 차이 | H7: 계획 | I7: 실적 | J7: 차이 | K7: 계획 | L7: 실적 | M7: 차이 | N7: 계획 | O7: 실적 | P7: 차이 | Q7: 계획 | R7: 실적 | S7: 차이 | T7: 계획 | U7: 실적 | V7: 차이
D8: 평균 | E8: =+[5]합계!$G$9 -> 100523.77 | F8: =+[5]합계!$H$9 -> 100097.15 | G8: =+F8-E8 -> -426.6191 | H8: =+[5]합계!$G$10 -> 91582.423 | I8: =+[5]합계!$H$10 -> 93858.719 | J8: =+I8-H8 -> 2276.2955 | K8: =+[5]합계!$G$12 -> 64040.088 | L8: =+[5]합계!$H$12 -> 63274.935 | M8: =+L8-K8 -> -765.15328 | N8: =+[5]합계!$G$13 -> 40522.441 | O8: =+[5]합계!$H$13 -> 36166.644 | P8: =+O8-N8 -> -4355.7963 | Q8: =+[5]합계!$G$16 -> 12798.144 | R8: =+[5]합계!$H$16 -> 12939.586 | S8: =+R8-Q8 -> 141.44251 | T8: =+[5]합계!$G$17 -> 15821.667 | U8: =+[5]합계!$H$17 -> 15711.374 | V8: =+U8-T8 -> -110.29252
D9: 수도권 | E9: =+[5]수도권!$G$9 -> 100000 | F9: =+[5]수도권!$H$9 -> 99833.067 | G9: =+F9-E9 -> -166.93293 | H9: =+[5]수도권!$G$10 -> 91874.03 | I9: =+[5]수도권!$H$10 -> 96735.836 | J9: =+I9-H9 -> 4861.8061 | K9: =+[5]수도권!$G$12 -> 64287.943 | L9: =+[5]수도권!$H$12 -> 63584.37 | M9: =+L9-K9 -> -703.57321 | N9: =+[5]수도권!$G$13 -> 45161.132 | O9: =+[5]수도권!$H$13 -> 34884.32 | P9: =+O9-N9 -> -10276.811 | Q9: =+[5]수도권!$G$16 -> 15343.189 | R9: =+[5]수도권!$H$16 -> 16042.516 | S9: =+R9-Q9 -> 699.32729 | T9: =+[5]수도권!$G$17 -> 14762.227 | U9: =+[5]수도권!$H$17 -> 14376.14 | V9: =+U9-T9 -> -386.08712
D10: 영남권 | E10: =+[5]영남권!$G$9 -> 100000 | F10: =+[5]영남권!$H$9 -> 99991.05 | G10: =+F10-E10 -> -8.9500926 | H10: =+[5]영남권!$G$10 -> 92100 | I10: =+[5]영남권!$H$10 -> 92627.637 | J10: =+I10-H10 -> 527.63724 | K10: =+[5]영남권!$G$12 -> 63615.155 | L10: =+[5]영남권!$H$12 -> 62551.462 | M10: =+L10-K10 -> -1063.6924 | N10: =+[5]영남권!$G$13 -> 35533.442 | O10: =+[5]영남권!$H$13 -> 35518.631 | P10: =+O10-N10 -> -14.810901 | Q10: =+[5]영남권!$G$16 -> 10365.259 | R10: =+[5]영남권!$H$16 -> 10811.887 | S10: =+R10-Q10 -> 446.62828 | T10: =+[5]영남권!$G$17 -> 17359.13 | U10: =+[5]영남권!$H$17 -> 17171.564 | V10: =+U10-T10 -> -187.56551
D11: 기타권 | E11: =+[5]중부권!$G$9 -> 102584.24 | F11: =+[5]중부권!$H$9 -> 100722.77 | G11: =+F11-E11 -> -1861.4691 | H11: =+[5]중부권!$G$10 -> 88709.553 | I11: =+[5]중부권!$H$10 -> 97087.005 | J11: =+I11-H11 -> 8377.4514 | K11: =+[5]중부권!$G$12 -> 64686.604 | L11: =+[5]중부권!$H$12 -> 64718.799 | M11: =+L11-K11 -> 32.195517 | N11: =+[5]중부권!$G$13 -> 40812.497 | O11: =+[5]중부권!$H$13 -> 40245.37 | P11: =+O11-N11 -> -567.12736 | Q11: =+[5]중부권!$G$16 -> 12525.01 | R11: =+[5]중부권!$H$16 -> 12600.259 | S11: =+R11-Q11 -> 75.248587 | T11: =+[5]중부권!$G$17 -> 14601.063 | U11: =+[5]중부권!$H$17 -> 14305.201 | V11: =+U11-T11 -> -295.8622
D12: 안양 | E12: =+[5]안양!$G$9 -> 100000 | F12: =+[5]안양!$H$9 -> 99732.753 | G12: =+F12-E12 -> -267.24709 | H12: =+[5]안양!$G$10 -> 87100 | I12: =+[5]안양!$H$10 -> 102199.94 | J12: =+I12-H12 -> 15099.937 | K12: =+[5]안양!$G$12 -> 64000 | L12: =+[5]안양!$H$12 -> 64150.692 | M12: =+L12-K12 -> 150.69163 | N12: =+[5]안양!$G$13 -> 45000 | O12: =+[5]안양!$H$13 -> 30260.374 | P12: =+O12-N12 -> -14739.626 | Q12: =+[5]안양!$G$16 -> 15333.333 | R12: =+[5]안양!$H$16 -> 16107.113 | S12: =+R12-Q12 -> 773.77997 | T12: =+[5]안양!$G$17 -> 15161.29 | U12: =+[5]안양!$H$17 -> 15469.317 | V12: =+U12-T12 -> 308.02626
D13: 인천 | E13: =+[5]인천!$G$9 -> 100000 | F13: =+[5]인천!$H$9 -> 99752.844 | G13: =+F13-E13 -> -247.15626 | H13: =+[5]인천!$G$10 -> 99500 | I13: =+[5]인천!$H$10 -> 94096.312 | J13: =+I13-H13 -> -5403.6884 | K13: =+[5]인천!$G$12 -> 64500 | L13: =+[5]인천!$H$12 -> 64489.361 | M13: =+L13-K13 -> -10.639225 | N13: =+[5]인천!$G$13 -> 45000 | O13: =+[5]인천!$H$13 -> 23300.707 | P13: =+O13-N13 -> -21699.293 | Q13: =+[5]인천!$G$16 -> 15733.333 | R13: =+[5]인천!$H$16 -> 16233.867 | S13: =+R13-Q13 -> 500.53325 | T13: =+[5]인천!$G$17 -> 15504.282 | U13: =+[5]인천!$H$17 -> 14760.638 | V13: =+U13-T13 -> -743.64389
D14: 파주 | E14: =+[5]파주!$G$9 -> 100000 | F14: =+[5]파주!$H$9 -> 99999.999 | G14: =+F14-E14 -> -0.00059005365 | H14: =+[5]파주!$G$10 -> 0 | I14: =+[5]파주!$H$10 -> 0 | J14: =+I14-H14 -> 0 | K14: =+[5]파주!$G$12 -> 64500 | L14: =+[5]파주!$H$12 -> 61084.32 | M14: =+L14-K14 -> -3415.6796 | N14: =+[5]파주!$G$13 -> 45000 | O14: =+[5]파주!$H$13 -> 46931.585 | P14: =+O14-N14 -> 1931.5848 | Q14: =+[5]파주!$G$16 -> 15266.667 | R14: =+[5]파주!$H$16 -> 16382.345 | S14: =+R14-Q14 -> 1115.6782 | T14: =+[5]파주!$G$17 -> 13419.355 | U14: =+[5]파주!$H$17 -> 12493.435 | V14: =+U14-T14 -> -925.92011
D15: 김포 | E15: =+[5]김포!$G$9 -> 100000 | F15: =+[5]김포!$H$9 -> 100000 | G15: =+F15-E15 -> -0.0004534757 | H15: =+[5]김포!$G$10 -> 0 | I15: =+[5]김포!$H$10 -> 0 | J15: =+I15-H15 -> 0 | K15: =+[5]김포!$G$12 -> 64300 | L15: =+[5]김포!$H$12 -> 63857.585 | M15: =+L15-K15 -> -442.41541 | N15: =+[5]김포!$G$13 -> 46000 | O15: =+[5]김포!$H$13 -> 39728.001 | P15: =+O15-N15 -> -6271.9991 | Q15: =+[5]김포!$G$16 -> 14666.667 | R15: =+[5]김포!$H$16 -> 14757.187 | S15: =+R15-Q15 -> 90.520463 | T15: =+[5]김포!$G$17 -> 14389.544 | U15: =+[5]김포!$H$17 -> 14230.475 | V15: =+U15-T15 -> -159.06943
D16: 부산 | E16: =+[5]부산!$G$9 -> 100000 | F16: =+[5]부산!$H$9 -> 100002.97 | G16: =+F16-E16 -> 2.9672965 | H16: =+[5]부산!$G$10 -> 92100 | I16: =+[5]부산!$H$10 -> 93218.259 | J16: =+I16-H16 -> 1118.2591 | K16: =+[5]부산!$G$12 -> 65000 | L16: =+[5]부산!$H$12 -> 0 | M16: =+L16-K16 -> -65000 | N16: =+[5]부산!$G$13 -> 36500 | O16: =+[5]부산!$H$13 -> 36499.985 | P16: =+O16-N16 -> -0.015263017 | Q16: =+[5]부산!$G$16 -> 10737.958 | R16: =+[5]부산!$H$16 -> 11922.94 | S16: =+R16-Q16 -> 1184.9822 | T16: =+[5]부산!$G$17 -> 17412.78 | U16: =+[5]부산!$H$17 -> 16869.18 | V16: =+U16-T16 -> -543.59985
D17: 서부산 | E17: =+[5]서부산!$G$9 -> 100000 | F17: =+[5]서부산!$H$9 -> 100001.9 | G17: =+F17-E17 -> 1.8999703 | H17: =+[5]서부산!$G$10 -> 92100 | I17: =+[5]서부산!$H$10 -> 92099.998 | J17: =+I17-H17 -> -0.0017996209 | K17: =+[5]서부산!$G$12 -> 65000 | L17: =+[5]서부산!$H$12 -> 65300.376 | M17: =+L17-K17 -> 300.37622 | N17: =+[5]서부산!$G$13 -> 35200 | O17: =+[5]서부산!$H$13 -> 35403.58 | P17: =+O17-N17 -> 203.57958 | Q17: =+[5]서부산!$G$16 -> 10666.667 | R17: =+[5]서부산!$H$16 -> 9608.143 | S17: =+R17-Q17 -> -1058.5237 | T17: =+[5]서부산!$G$17 -> 17805.121 | U17: =+[5]서부산!$H$17 -> 18382.884 | V17: =+U17-T17 -> 577.76285
D18: 김해 | E18: =+[5]김해!$G$9 -> 100000 | F18: =+[5]김해!$H$9 -> 100000 | G18: =+F18-E18 -> 0.00046261286 | H18: =+[5]김해!$G$10 -> 92100 | I18: =+[5]김해!$H$10 -> 92099.999 | J18: =+I18-H18 -> -0.00068906976 | K18: =+[5]김해!$G$12 -> 64000 | L18: =+[5]김해!$H$12 -> 63452.364 | M18: =+L18-K18 -> -547.63598 | N18: =+[5]김해!$G$13 -> 35000 | O18: =+[5]김해!$H$13 -> 34999.97 | P18: =+O18-N18 -> -0.030074977 | Q18: =+[5]김해!$G$16 -> 9426.6667 | R18: =+[5]김해!$H$16 -> 9249.8476 | S18: =+R18-Q18 -> -176.81903 | T18: =+[5]김해!$G$17 -> 17730.479 | U18: =+[5]김해!$H$17 -> 15644.155 | V18: =+U18-T18 -> -2086.3237
D19: 정관 | E19: =+[5]정관!$G$9 -> 100000 | F19: =+[5]정관!$H$9 -> 100000.61 | G19: =+F19-E19 -> 0.61043763 | H19: =+[5]정관!$G$10 -> 92100 | I19: =+[5]정관!$H$10 -> 92100.002 | J19: =+I19-H19 -> 0.0020366576 | K19: =+[5]정관!$G$12 -> 63500 | L19: =+[5]정관!$H$12 -> 62574.015 | M19: =+L19-K19 -> -925.98461 | N19: =+[5]정관!$G$13 -> 35500 | O19: =+[5]정관!$H$13 -> 35500.011 | P19: =+O19-N19 -> 0.010954116 | Q19: =+[5]정관!$G$16 -> 10733.333 | R19: =+[5]정관!$H$16 -> 11367.169 | S19: =+R19-Q19 -> 633.83537 | T19: =+[5]정관!$G$17 -> 18315.171 | U19: =+[5]정관!$H$17 -> 18466.31 | V19: =+U19-T19 -> 151.13874
D20: 양산 | E20: =+[5]양산!$G$9 -> 100000 | F20: =+[5]양산!$H$9 -> 99911.363 | G20: =+F20-E20 -> -88.636625 | H20: =+[5]양산!$G$10 -> 92100 | I20: =+[5]양산!$H$10 -> 0 | J20: =+I20-H20 -> -92100 | K20: =+[5]양산!$G$12 -> 63000 | L20: =+[5]양산!$H$12 -> 62765.638 | M20: =+L20-K20 -> -234.36191 | N20: =+[5]양산!$G$13 -> 36000 | O20: =+[5]양산!$H$13 -> 36000.007 | P20: =+O20-N20 -> 0.0068697993 | Q20: =+[5]양산!$G$16 -> 9066.6667 | R20: =+[5]양산!$H$16 -> 9563.5667 | S20: =+R20-Q20 -> 496.90002 | T20: =+[5]양산!$G$17 -> 17446.695 | U20: =+[5]양산!$H$17 -> 17206.99 | V20: =+U20-T20 -> -239.70542
D21: 창원 | E21: =+[5]창원!$G$9 -> 100000 | F21: =+[5]창원!$H$9 -> 100000.01 | G21: =+F21-E21 -> 0.0082193493 | H21: =+[5]창원!$G$10 -> 0 | I21: =+[5]창원!$H$10 -> 0 | J21: =+I21-H21 -> 0 | K21: =+[5]창원!$G$12 -> 65000 | L21: =+[5]창원!$H$12 -> 65015.014 | M21: =+L21-K21 -> 15.014371 | N21: =+[5]창원!$G$13 -> 33000 | O21: =+[5]창원!$H$13 -> 32999.986 | P21: =+O21-N21 -> -0.014456416 | Q21: =+[5]창원!$G$16 -> 10400 | R21: =+[5]창원!$H$16 -> 11290.189 | S21: =+R21-Q21 -> 890.18899 | T21: =+[5]창원!$G$17 -> 17019.516 | U21: =+[5]창원!$H$17 -> 17316.771 | V21: =+U21-T21 -> 297.25451
D22: 대구 | E22: =+[5]대구!$G$9 -> 100000 | F22: =+[5]대구!$H$9 -> 100000 | G22: =+F22-E22 -> 0 | H22: =+[5]대구!$G$10 -> 0 | I22: =+[5]대구!$H$10 -> 0 | J22: =+I22-H22 -> 0 | K22: =+[5]대구!$G$12 -> 62500 | L22: =+[5]대구!$H$12 -> 60896.004 | M22: =+L22-K22 -> -1603.9956 | N22: =+[5]대구!$G$13 -> 35500 | O22: =+[5]대구!$H$13 -> 35479.386 | P22: =+O22-N22 -> -20.613894 | Q22: =+[5]대구!$G$16 -> 10466.667 | R22: =+[5]대구!$H$16 -> 11110.623 | S22: =+R22-Q22 -> 643.95662 | T22: =+[5]대구!$G$17 -> 14718.131 | U22: =+[5]대구!$H$17 -> 14260.297 | V22: =+U22-T22 -> -457.83398
D23: 울산 | E23: =+[5]울산!$G$9 -> 100000 | F23: =+[5]울산!$H$9 -> 100003.64 | G23: =+F23-E23 -> 3.6421549 | H23: =+[5]울산!$G$10 -> 0 | I23: =+[5]울산!$H$10 -> 0 | J23: =+I23-H23 -> 0 | K23: =+[5]울산!$G$12 -> 61300 | L23: =+[5]울산!$H$12 -> 60359.497 | M23: =+L23-K23 -> -940.5035 | N23: =+[5]울산!$G$13 -> 37000 | O23: =+[5]울산!$H$13 -> 36999.987 | P23: =+O23-N23 -> -0.012512352 | Q23: =+[5]울산!$G$16 -> 10913.333 | R23: =+[5]울산!$H$16 -> 11532.572 | S23: =+R23-Q23 -> 619.23909 | T23: =+[5]울산!$G$17 -> 19037.024 | U23: =+[5]울산!$H$17 -> 19330.488 | V23: =+U23-T23 -> 293.46382
D24: 아산 | E24: =+[5]아산!$G$9 -> 100000 | F24: =+[5]아산!$H$9 -> 100290.32 | G24: =+F24-E24 -> 290.32068 | H24: =+[5]아산!$G$10 -> 87100 | I24: =+[5]아산!$H$10 -> 86600.038 | J24: =+I24-H24 -> -499.96234 | K24: =+[5]아산!$G$12 -> 64500 | L24: =+[5]아산!$H$12 -> 64580.56 | M24: =+L24-K24 -> 80.560008 | N24: =+[5]아산!$G$13 -> 42000 | O24: =+[5]아산!$H$13 -> 39238.238 | P24: =+O24-N24 -> -2761.7618 | Q24: =+[5]아산!$G$16 -> 10933.333 | R24: =+[5]아산!$H$16 -> 11374.131 | S24: =+R24-Q24 -> 440.79766 | T24: =+[5]아산!$G$17 -> 13742.312 | U24: =+[5]아산!$H$17 -> 13188.164 | V24: =+U24-T24 -> -554.14817
D25: 전주 | E25: =+[5]전주!$G$9 -> 100000 | F25: =+[5]전주!$H$9 -> 99910.009 | G25: =+F25-E25 -> -89.991318 | H25: =+[5]전주!$G$10 -> 93100 | I25: =+[5]전주!$H$10 -> 97325.12 | J25: =+I25-H25 -> 4225.1197 | K25: =+[5]전주!$G$12 -> 65000 | L25: =+[5]전주!$H$12 -> 64999.987 | M25: =+L25-K25 -> -0.013391975 | N25: =+[5]전주!$G$13 -> 36000 | O25: =+[5]전주!$H$13 -> 35999.995 | P25: =+O25-N25 -> -0.0048063044 | Q25: =+[5]전주!$G$16 -> 12533.333 | R25: =+[5]전주!$H$16 -> 12968.479 | S25: =+R25-Q25 -> 435.14563 | T25: =+[5]전주!$G$17 -> 14400.153 | U25: =+[5]전주!$H$17 -> 15377.717 | V25: =+U25-T25 -> 977.56362
D26: 군산 | E26: =+[5]군산!$G$9 -> 100000 | F26: =+[5]군산!$H$9 -> 100000 | G26: =+F26-E26 -> 0 | H26: =+[5]군산!$G$10 -> 95000 | I26: =+[5]군산!$H$10 -> 93237.422 | J26: =+I26-H26 -> -1762.5781 | K26: =+[5]군산!$G$12 -> 64900 | L26: =+[5]군산!$H$12 -> 64909.807 | M26: =+L26-K26 -> 9.8070212 | N26: =+[5]군산!$G$13 -> 37500 | O26: =+[5]군산!$H$13 -> 38337.407 | P26: =+O26-N26 -> 837.40735 | Q26: =+[5]군산!$G$16 -> 13666.667 | R26: =+[5]군산!$H$16 -> 14174.638 | S26: =+R26-Q26 -> 507.97123 | T26: =+[5]군산!$G$17 -> 14837.33 | U26: =+[5]군산!$H$17 -> 15221.887 | V26: =+U26-T26 -> 384.55723
D27: 원주 | E27: =+[5]원주!$G$9 -> 100000 | F27: =+[5]원주!$H$9 -> 100000 | G27: =+F27-E27 -> 0.00069038264 | H27: =+[5]원주!$G$10 -> 0 | I27: =+[5]원주!$H$10 -> 0 | J27: =+I27-H27 -> 0 | K27: =+[5]원주!$G$12 -> 64000 | L27: =+[5]원주!$H$12 -> 63998.503 | M27: =+L27-K27 -> -1.4966674 | N27: =+[5]원주!$G$13 -> 49000 | O27: =+[5]원주!$H$13 -> 48999.993 | P27: =+O27-N27 -> -0.006805082 | Q27: =+[5]원주!$G$16 -> 13666.667 | R27: =+[5]원주!$H$16 -> 13878.904 | S27: =+R27-Q27 -> 212.23713 | T27: =+[5]원주!$G$17 -> 13419.355 | U27: =+[5]원주!$H$17 -> 13862.535 | V27: =+U27-T27 -> 443.18046
D28: 제주 | E28: =+[5]제주!$G$9 -> 117000 | F28: =+[5]제주!$H$9 -> 117000.01 | G28: =+F28-E28 -> 0.0071321339 | H28: =+[5]제주!$G$10 -> 0 | I28: =+[5]제주!$H$10 -> 116999.99 | J28: =+I28-H28 -> 116999.99 | K28: =+[5]제주!$G$12 -> 0 | L28: =+[5]제주!$H$12 -> 0 | M28: =+L28-K28 -> 0 | N28: =+[5]제주!$G$13 -> 0 | O28: =+[5]제주!$H$13 -> 0 | P28: =+O28-N28 -> 0 | Q28: =+[5]제주!$G$16 -> 18143.333 | R28: =+[5]제주!$H$16 -> 17734.009 | S28: =+R28-Q28 -> -409.32394 | T28: =+[5]제주!$G$17 -> 18434.397 | U28: =+[5]제주!$H$17 -> 16971.753 | V28: =+U28-T28 -> -1462.6432

Sheet 원단위
D4: □ 레미콘 원재료 원단위(2024-09)
V5: [단위 : kg/㎥]
D6: 구분 | E6: OPC | H6: 분체류 | K6: 분체류 치환률 | N6: 자갈 | Q6: 모래 | T6: 혼화제
E7: 계획 | F7: 실적 | G7: 차이 | H7: 계획 | I7: 실적 | J7: 차이 | K7: 계획 | L7: 실적 | M7: 차이 | N7: 계획 | O7: 실적 | P7: 차이 | Q7: 계획 | R7: 실적 | S7: 차이 | T7: 계획 | U7: 실적 | V7: 차이
D8: 평균 | E8: =+[5]합계!$E$9 -> 232.87907 | F8: =+[5]합계!$F$9 -> 248.12832 | G8: =+F8-E8 -> 15.249253 | H8: =+[5]합계!$E$15 -> 352.62997 | I8: =+[5]합계!$F$15 -> 365.98362 | J8: =+I8-H8 -> 13.353655 | K8: =+([5]합계!$E$10*0.4+[5]합계!$E$11+[5]합계!$E$12+[5]합계!$E$13+[5]합계!$E$14)/[5]합계!$E$15 -> 0.29574572 | L8: =+([5]합계!$F$10*0.4+[5]합계!$F$11+[5]합계!$F$12+[5]합계!$F$13+[5]합계!$F$14)/[5]합계!$F$15 -> 0.26790706 | M8: =+L8-K8 -> -0.027838659 | N8: =+[5]합계!$E$16 -> 821.25086 | O8: =+[5]합계!$F$16 -> 824.97165 | P8: =+O8-N8 -> 3.7207906 | Q8: =+[5]합계!$E$17 -> 905.12532 | R8: =+[5]합계!$F$17 -> 894.8082 | S8: =+R8-Q8 -> -10.317118 | T8: =+[5]합계!$E$19 -> 3.1741359 | U8: =+[5]합계!$F$19 -> 3.0116394 | V8: =+U8-T8 -> -0.16249647
