Workbook

Sheet 표지
A6: 2024년 1월 마감 손익
A24: 건재사업본부

Sheet 손익총괄
C3: □ 건재사업본부 손익실적(2024-01)
X4: [단위 : 천㎥, 톤, 원/㎥, 원/톤, 백만원]
C5: 구분 | E5: 1월 | J5: 1월 누계 | P5: 1월 주요지표
E6: 계획 | F6: 실적 | G6: 계획대비 | H6: 전년 | I6: 전년대비 | J6: 계획 | K6: 실적 | L6: 계획대비 | M6: 전년 | N6: 전년대비
C7: 물량 | D7: 레미콘 | E7: =+'[1]1월'!$Z$7/1000 -> 241 | F7: =+'[2]1월'!$Z$7/1000 -> 278.8855 | G7: =+F7-E7 -> 37.8855 | H7: =+'[3]1월'!$Z$7/1000 -> 268.581 | I7: =+F7-H7 -> 10.3045 | J7: =+E7 -> 241 | K7: =+F7 -> 278.8855 | L7: =+K7-J7 -> 37.8855 | M7: =+H7 -> 268.581 | N7: =+K7-M7 -> 10.3045 | Q7: □ 레미콘
D8: 철강재 | E8: =+'[1]1월'!$AA$7 -> 6900 | F8: =+'[2]1월'!$AO$7 -> 6425.093 | G8: =+F8-E8 -> -474.907 | H8: =+'[3]1월'!$AO$7 -> 6946.787 | I8: =+F8-H8 -> -521.694 | J8: =+E8 -> 6900 | K8: =+F8 -> 6425.093 | L8: =+K8-J8 -> -474.907 | M8: =+H8 -> 6946.787 | N8: =+K8-M8 -> -521.694 | Q8: 구분 | S8: 계획 | T8: 실적 | U8: 계획대비 | V8: 전년 | W8: 전년대비
D9: 골재 | E9: =+'[1]1월'!$AE$7/1000 -> 76.628971 | F9: =+'[2]1월'!$AN$7/1000 -> 84.517 | G9: =+F9-E9 -> 7.8880294 | H9: =+'[3]1월'!$AN$7/1000 -> 65.885 | I9: =+F9-H9 -> 18.632 | J9: =+E9 -> 76.628971 | K9: =+F9 -> 84.517 | L9: =+K9-J9 -> 7.8880294 | M9: =+H9 -> 65.885 | N9: =+K9-M9 -> 18.632 | Q9: 물량 | R9: 수도권 | S9: =+[4]수도권!$T$5/1000 -> 93 | T9: =+[4]수도권!$U$5/1000 -> 102.264 | U9: =+T9-S9 -> 9.264 | V9: =+[5]수도권!$T$5/1000 -> 93.376 | W9: =+T9-V9 -> 8.888
C10: 매출 | D10: 레미콘 | E10: =+'[1]1월'!$Z$8/1000 -> 24174.594 | F10: =+'[2]1월'!$Z$8/1000 -> 27875.646 | G10: =+F10-E10 -> 3701.052 | H10: =+'[3]1월'!$Z$8/1000 -> 24787.856 | I10: =+F10-H10 -> 3087.7903 | J10: =+E10 -> 24174.594 | K10: =+F10 -> 27875.646 | L10: =+K10-J10 -> 3701.052 | M10: =+H10 -> 24787.856 | N10: =+K10-M10 -> 3087.7903 | R10: 영남권 | S10: =+[4]영남권!$T$5/1000 -> 110.5 | T10: =+[4]영남권!$U$5/1000 -> 132.898 | U10: =+T10-S10 -> 22.398 | V10: =+[5]영남권!$T$5/1000 -> 132.135 | W10: =+T10-V10 -> 0.763
D11: 건자재 | E11: =+'[1]1월'!$AA$8/1000 -> 8447.9432 | F11: =+'[2]1월'!$AO$8/1000 -> 7407.9572 | G11: =+F11-E11 -> -1039.986 | H11: =+'[3]1월'!$AO$8/1000 -> 8813.6343 | I11: =+F11-H11 -> -1405.6771 | J11: =+E11 -> 8447.9432 | K11: =+F11 -> 7407.9572 | L11: =+K11-J11 -> -1039.986 | M11: =+H11 -> 8813.6343 | N11: =+K11-M11 -> -1405.6771 | R11: 중부권 | S11: =+[4]중부권!$T$5/1000 -> 37.5 | T11: =+[4]중부권!$U$5/1000 -> 43.7235 | U11: =+T11-S11 -> 6.2235 | V11: =+[5]중부권!$T$5/1000 -> 43.07 | W11: =+T11-V11 -> 0.6535
D12: 골재 | E12: =+'[1]1월'!$AE$8/1000 -> 1600.163 | F12: =+'[2]1월'!$AN$8/1000 -> 1719.52 | G12: =+F12-E12 -> 119.357 | H12: =+'[3]1월'!$AN$8/1000 -> 1298.828 | I12: =+F12-H12 -> 420.692 | J12: =+E12 -> 1600.163 | K12: =+F12 -> 1719.52 | L12: =+K12-J12 -> 119.357 | M12: =+H12 -> 1298.828 | N12: =+K12-M12 -> 420.692 | Q12: 계 | S12: =SUM(S9:S11) -> 241 | T12: =SUM(T9:T11) -> 278.8855 | U12: =+T12-S12 -> 37.8855 | V12: =SUM(V9:V11) -> 268.581 | W12: =+T12-V12 -> 10.3045
D13: 기타 | E13: =+'[1]1월'!$E$8/1000-E10-E11-E12 -> 164.9075 | F13: =+'[2]1월'!$F$8/1000-F10-F11-F12 -> 164.47551 | G13: =+F13-E13 -> -0.43198933 | H13: =+'[3]1월'!$F$8/1000-H10-H11-H12 -> 174.12202 | I13: =+F13-H13 -> -9.646507 | J13: =+E13 -> 164.9075 | K13: =+F13 -> 164.47551 | L13: =+K13-J13 -> -0.43198933 | M13: =+H13 -> 174.12202 | N13: =+K13-M13 -> -9.646507 | Q13: 판매단가 | R13: 수도권 | S13: =+[4]수도권!$T$61 -> 96584.296 | T13: =+[4]수도권!$U$61 -> 97064.272 | U13: =+T13-S13 -> 479.97601 | V13: =+[5]수도권!$Q$85 -> 88709.415 | W13: =+T13-V13 -> 8354.8575
C14: 계 | E14: =SUM(E10:E13) -> 34387.608 | F14: =SUM(F10:F13) -> 37167.599 | G14: =+F14-E14 -> 2779.991 | H14: =SUM(H10:H13) -> 35074.44 | I14: =+F14-H14 -> 2093.1587 | J14: =SUM(J10:J13) -> 34387.608 | K14: =SUM(K10:K13) -> 37167.599 | L14: =+K14-J14 -> 2779.991 | M14: =SUM(M10:M13) -> 35074.44 | N14: =+K14-M14 -> 2093.1587 | R14: 영남권 | S14: =+[4]영남권!$T$61 -> 101787.62 | T14: =+[4]영남권!$U$61 -> 101515.92 | U14: =+T14-S14 -> -271.69447 | V14: =+[5]영남권!$Q$85 -> 94314.373 | W14: =+T14-V14 -> 7201.5512
C15: 매출원가 | D15: 레미콘 | E15: =+('[1]1월'!$Z$10+'[1]1월'!$Z$19)/1000 -> 21260.178 | F15: =+('[2]1월'!$Z$10+'[2]1월'!$Z$19)/1000 -> 24879.532 | G15: =+F15-E15 -> 3619.354 | H15: =+('[3]1월'!$Z$10+'[3]1월'!$Z$19)/1000 -> 21521.109 | I15: =+F15-H15 -> 3358.423 | J15: =+E15 -> 21260.178 | K15: =+F15 -> 24879.532 | L15: =+K15-J15 -> 3619.354 | M15: =+H15 -> 21521.109 | N15: =+K15-M15 -> 3358.423 | R15: 중부권 | S15: =+[4]중부권!$T$61 -> 105192.6 | T15: =+[4]중부권!$U$61 -> 101965.11 | U15: =+T15-S15 -> -3227.486 | V15: =+[5]중부권!$Q$85 -> 94006.133 | W15: =+T15-V15 -> 7958.9802
D16: 건자재 | E16: =+('[1]1월'!$AA$10+'[1]1월'!$AA$19)/1000 -> 8231.947 | F16: =+('[2]1월'!$AO$10+'[2]1월'!$AO$19)/1000 -> 7210.525 | G16: =+F16-E16 -> -1021.422 | H16: =+('[3]1월'!$AO$10+'[3]1월'!$AO$19)/1000 -> 8643.8546 | I16: =+F16-H16 -> -1433.3297 | J16: =+E16 -> 8231.947 | K16: =+F16 -> 7210.525 | L16: =+K16-J16 -> -1021.422 | M16: =+H16 -> 8643.8546 | N16: =+K16-M16 -> -1433.3297 | Q16: 계 | S16: =+[4]합계!$T$61 -> 100309.52 | T16: =+[4]합계!$U$61 -> 99953.913 | U16: =+T16-S16 -> -355.60552 | V16: =+[5]합계!$Q$85 -> 92313.001 | W16: =+T16-V16 -> 7640.9112
D17: 골재 | E17: =+('[1]1월'!$AE$10+'[1]1월'!$AE$19)/1000 -> 1537.4161 | F17: =+('[2]1월'!$AN$10+'[2]1월'!$AN$19)/1000 -> 1493.2747 | G17: =+F17-E17 -> -44.141385 | H17: =+('[3]1월'!$AN$10+'[3]1월'!$AN$19)/1000 -> 1262.1867 | I17: =+F17-H17 -> 231.08795 | J17: =+E17 -> 1537.4161 | K17: =+F17 -> 1493.2747 | L17: =+K17-J17 -> -44.141385 | M17: =+H17 -> 1262.1867 | N17: =+K17-M17 -> 231.08795 | Q17: 공헌이익 | R17: 수도권 | S17: =+[4]수도권!$Q$90 -> 17067.215 | T17: =+[4]수도권!$R$90 -> 14738.448 | U17: =+T17-S17 -> -2328.7671 | V17: =+[5]수도권!$Q$90 -> 15348.166 | W17: =+T17-V17 -> -609.71745
D18: 기타 | E18: =+('[1]1월'!$E$10+'[1]1월'!$E$19)/1000-E15-E16-E17 -> 28.941068 | F18: =+('[2]1월'!$F$10+'[2]1월'!$F$19)/1000-F15-F16-F17 -> 28.511818 | G18: =+F18-E18 -> -0.42925 | H18: =+('[3]1월'!$F$10+'[3]1월'!$F$19)/1000-H15-H16-H17 -> 24.350789 | I18: =+F18-H18 -> 4.161029 | J18: =+E18 -> 28.941068 | K18: =+F18 -> 28.511818 | L18: =+K18-J18 -> -0.42925 | M18: =+H18 -> 24.350789 | N18: =+K18-M18 -> 4.161029 | R18: 영남권 | S18: =+[4]영남권!$Q$90 -> 25872.937 | T18: =+[4]영남권!$R$90 -> 22138.533 | U18: =+T18-S18 -> -3734.4037 | V18: =+[5]영남권!$Q$90 -> 23848.398 | W18: =+T18-V18 -> -1709.8647
C19: 계 | E19: =SUM(E15:E18) -> 31058.482 | F19: =SUM(F15:F18) -> 33611.844 | G19: =+F19-E19 -> 2553.3613 | H19: =SUM(H15:H18) -> 31451.501 | I19: =+F19-H19 -> 2160.3423 | J19: =SUM(J15:J18) -> 31058.482 | K19: =SUM(K15:K18) -> 33611.844 | L19: =+K19-J19 -> 2553.3613 | M19: =SUM(M15:M18) -> 31451.501 | N19: =+K19-M19 -> 2160.3423 | R19: 중부권 | S19: =+[4]중부권!$Q$90 -> 27936.218 | T19: =+[4]중부권!$R$90 -> 22621.219 | U19: =+T19-S19 -> -5314.9983 | V19: =+[5]중부권!$Q$90 -> 26408.326 | W19: =+T19-V19 -> -3787.1071
C20: 매출이익 | D20: 레미콘 | E20: =+E10-E15 -> 2914.4157 | F20: =+F10-F15 -> 2996.1137 | G20: =+F20-E20 -> 81.698016 | H20: =+H10-H15 -> 3266.7464 | I20: =+F20-H20 -> -270.63265 | J20: =+J10-J15 -> 2914.4157 | K20: =+K10-K15 -> 2996.1137 | L20: =+K20-J20 -> 81.698016 | M20: =+M10-M15 -> 3266.7464 | N20: =+K20-M20 -> -270.63265 | Q20: 계 | S20: =+[4]합계!$Q$90 -> 22795.928 | T20: =+[4]합계!$R$90 -> 19500.633 | U20: =+T20-S20 -> -3295.2957 | V20: =+[5]합계!$Q$90 -> 21283.131 | W20: =+T20-V20 -> -1782.4986
D21: 건자재 | E21: =+E11-E16 -> 215.99616 | F21: =+F11-F16 -> 197.43221 | G21: =+F21-E21 -> -18.563956 | H21: =+H11-H16 -> 169.77968 | I21: =+F21-H21 -> 27.652529 | J21: =+J11-J16 -> 215.99616 | K21: =+K11-K16 -> 197.43221 | L21: =+K21-J21 -> -18.563956 | M21: =+M11-M16 -> 169.77968 | N21: =+K21-M21 -> 27.652529 | Q21: □ 건자재
D22: 골재 | E22: =+E12-E17 -> 62.746914 | F22: =+F12-F17 -> 226.2453 | G22: =+F22-E22 -> 163.49839 | H22: =+H12-H17 -> 36.641259 | I22: =+F22-H22 -> 189.60405 | J22: =+J12-J17 -> 62.746914 | K22: =+K12-K17 -> 226.2453 | L22: =+K22-J22 -> 163.49839 | M22: =+M12-M17 -> 36.641259 | N22: =+K22-M22 -> 189.60405 | Q22: 구분 | S22: 계획 | T22: 실적 | U22: 계획대비 | V22: 전년 | W22: 전년대비
D23: 기타 | E23: =+E13-E18 -> 135.96643 | F23: =+F13-F18 -> 135.96369 | G23: =+F23-E23 -> -0.0027393333 | H23: =+H13-H18 -> 149.77123 | I23: =+F23-H23 -> -13.807536 | J23: =+J13-J18 -> 135.96643 | K23: =+K13-K18 -> 135.96369 | L23: =+K23-J23 -> -0.0027393333 | M23: =+M13-M18 -> 149.77123 | N23: =+K23-M23 -> -13.807536 | Q23: 철강재 판매단가 | S23: =+'[6]1월'!$F$10 -> 976086.96 | T23: =+'[6]1월'!$G$10 -> 920730.85 | U23: =+T23-S23 -> -55356.103 | V23: =+'[7]1월'!$G$10 -> 1098907.9 | W23: =+T23-V23 -> -178177.01
C24: 계 | E24: =SUM(E20:E23) -> 3329.1252 | F24: =SUM(F20:F23) -> 3555.7549 | G24: =+F24-E24 -> 226.62971 | H24: =SUM(H20:H23) -> 3622.9385 | I24: =+F24-H24 -> -67.183609 | J24: =SUM(J20:J23) -> 3329.1252 | K24: =SUM(K20:K23) -> 3555.7549 | L24: =+K24-J24 -> 226.62971 | M24: =SUM(M20:M23) -> 3622.9385 | N24: =+K24-M24 -> -67.183609 | Q24: 철강재 마진률 | S24: =+'[6]1월'!$F$15 -> 0.023224944 | T24: =+'[6]1월'!$G$15 -> 0.027823179 | U24: =+T24-S24 -> 0.0045982344 | V24: =+'[7]1월'!$G$15 -> 0.01948828 | W24: =+T24-V24 -> 0.0083348986
C25: 판관비 | D25: 레미콘 | E25: =+('[1]1월'!$Z$13+'[1]1월'!$Z$20)/1000 -> 653.67612 | F25: =+('[2]1월'!$Z$13+'[2]1월'!$Z$20)/1000 -> 671.52442 | G25: =+F25-E25 -> 17.848295 | H25: =+('[3]1월'!$Z$13+'[3]1월'!$Z$20)/1000 -> 725.33702 | I25: =+F25-H25 -> -53.812603 | J25: =+E25 -> 653.67612 | K25: =+F25 -> 671.52442 | L25: =+K25-J25 -> 17.848295 | M25: =+H25 -> 725.33702 | N25: =+K25-M25 -> -53.812603 | Q25: □ 골재
D26: 건자재 | E26: =+('[1]1월'!$AA$13+'[1]1월'!$AA$20)/1000 -> 121.24568 | F26: =+('[2]1월'!$AO$13+'[2]1월'!$AO$20)/1000 -> 122.165 | G26: =+F26-E26 -> 0.919316 | H26: =+('[3]1월'!$AO$13+'[3]1월'!$AO$20)/1000 -> 95.380744 | I26: =+F26-H26 -> 26.784252 | J26: =+E26 -> 121.24568 | K26: =+F26 -> 122.165 | L26: =+K26-J26 -> 0.919316 | M26: =+H26 -> 95.380744 | N26: =+K26-M26 -> 26.784252 | Q26: 구분 | S26: 계획 | T26: 실적 | U26: 계획대비 | V26: 전년 | W26: 전년대비
D27: 골재 | E27: =+('[1]1월'!$AE$13+'[1]1월'!$AE$20+'[1]1월'!$AE$22)/1000 -> 35.72189 | F27: =+('[2]1월'!$AN$13+'[2]1월'!$AN$20+'[2]1월'!$AN$22)/1000 -> 42.171572 | G27: =+F27-E27 -> 6.4496818 | H27: =+('[3]1월'!$AN$13+'[3]1월'!$AN$20+'[3]1월'!$AN$22)/1000 -> 18.206703 | I27: =+F27-H27 -> 23.964869 | J27: =+E27 -> 35.72189 | K27: =+F27 -> 42.171572 | L27: =+K27-J27 -> 6.4496818 | M27: =+H27 -> 18.206703 | N27: =+K27-M27 -> 23.964869 | Q27: 판매량 | R27: 자가 | S27: =(+'[8]서부산크라샤(당월)'!$N$66+'[8]부산모래장(당월)'!$Q$48+'[8]부산크라샤(당월)'!$N$66)/1000 -> 47.628971 | T27: =(+'[8]서부산크라샤(당월)'!$O$66+'[8]부산모래장(당월)'!$R$48+'[8]부산크라샤(당월)'!$O$66)/1000 -> 55.736 | U27: =+T27-S27 -> 8.1070294 | V27: =('[9]부산골재(당월)'!$R$48+'[9]서부산골재(당월)'!$O$66+'[9]부산크라샤(당월)'!$O$66)/1000 -> 42.542 | W27: =+T27-V27 -> 13.194
D28: 기타 | E28: =+('[1]1월'!$E$13+'[1]1월'!$E$20)/1000-E25-E26-E27+('[1]1월'!$E$22/1000) -> 1514.8179 | F28: =+('[2]1월'!$F$13+'[2]1월'!$F$20)/1000-F25-F26-F27+'[2]1월'!$F$22/1000 -> 1604.8254 | G28: =+F28-E28 -> 90.007512 | H28: =+('[3]1월'!$F$13+'[3]1월'!$F$20)/1000-H25-H26-H27+'[3]1월'!$F$22/1000 -> 1311.6563 | I28: =+F28-H28 -> 293.16906 | J28: =+E28 -> 1514.8179 | K28: =+F28 -> 1604.8254 | L28: =+K28-J28 -> 90.007512 | M28: =+H28 -> 1311.6563 | N28: =+K28-M28 -> 293.16906 | R28: 외판 | S28: =(+'[8]서부산크라샤(당월)'!$N$59+'[8]부산모래장(당월)'!$Q$47+'[8]부산크라샤(당월)'!$N$59)/1000 -> 29 | T28: =(+'[8]서부산크라샤(당월)'!$O$59+'[8]부산모래장(당월)'!$R$47+'[8]부산크라샤(당월)'!$O$59)/1000 -> 28.781 | U28: =+T28-S28 -> -0.219 | V28: =+('[9]부산골재(당월)'!$R$47+'[9]서부산골재(당월)'!$O$59+'[9]부산크라샤(당월)'!$O$59)/1000 -> 23.343 | W28: =+T28-V28 -> 5.438
C29: 계 | E29: =SUM(E25:E28) -> 2325.4616 | F29: =SUM(F25:F28) -> 2440.6864 | G29: =+F29-E29 -> 115.2248 | H29: =SUM(H25:H28) -> 2150.5808 | I29: =+F29-H29 -> 290.10558 | J29: =SUM(J25:J28) -> 2325.4616 | K29: =SUM(K25:K28) -> 2440.6864 | L29: =+K29-J29 -> 115.2248 | M29: =SUM(M25:M28) -> 2150.5808 | N29: =+K29-M29 -> 290.10558 | Q29: 합 계 | S29: =SUM(S27:S28) -> 76.628971 | T29: =SUM(T27:T28) -> 84.517 | U29: =+T29-S29 -> 7.8880294 | V29: =SUM(V27:V28) -> 65.885 | W29: =+T29-V29 -> 18.632
C30: 영업이익 | D30: 레미콘 | E30: =+E20-E25 -> 2260.7396 | F30: =+F20-F25 -> 2324.5893 | G30: =+F30-E30 -> 63.849721 | H30: =+H20-H25 -> 2541.4093 | I30: =+F30-H30 -> -216.82004 | J30: =+J20-J25 -> 2260.7396 | K30: =+K20-K25 -> 2324.5893 | L30: =+K30-J30 -> 63.849721 | M30: =+M20-M25 -> 2541.4093 | N30: =+K30-M30 -> -216.82004 | Q30: □ 기타내역(영업이익)
D31: % | E31: =+E30/E10 -> 0.093517168 | F31: =+F30/F10 -> 0.083391406 | G31: =+F31-E31 -> -0.010125763 | H31: =+H30/H10 -> 0.10252639 | I31: =+F31-H31 -> -0.019134984 | J31: =+J30/J10 -> 0.093517168 | K31: =+K30/K10 -> 0.083391406 | L31: =+K31-J31 -> -0.010125763 | M31: =+M30/M10 -> 0.10252639 | N31: =+K31-M31 -> -0.019134984 | Q31: 구분 | S31: 계획 | T31: 실적 | U31: 계획대비 | V31: 전년 | W31: 전년대비
D32: 건자재 | E32: =+E21-E26 -> 94.750483 | F32: =+F21-F26 -> 75.267211 | G32: =+F32-E32 -> -19.483272 | H32: =+H21-H26 -> 74.398934 | I32: =+F32-H32 -> 0.868277 | J32: =+J21-J26 -> 94.750483 | K32: =+K21-K26 -> 75.267211 | L32: =+K32-J32 -> -19.483272 | M32: =+M21-M26 -> 74.398934 | N32: =+K32-M32 -> 0.868277 | Q32: 레미콘임대 | S32: =+'사업장별(당월)'!T33 -> 72.165959 | T32: =+'사업장별(당월)'!U33 -> 71.79658 | U32: =+T32-S32 -> -0.369379 | V32: =+'사업장별(당월)'!W33 -> 59.685201 | W32: =+T32-V32 -> 12.111379
D33: 골재 | E33: =+E22-E27 -> 27.025024 | F33: =+F22-F27 -> 184.07373 | G33: =+F33-E33 -> 157.04871 | H33: =+H22-H27 -> 18.434556 | I33: =+F33-H33 -> 165.63918 | J33: =+J22-J27 -> 27.025024 | K33: =+K22-K27 -> 184.07373 | L33: =+K33-J33 -> 157.04871 | M33: =+M22-M27 -> 18.434556 | N33: =+K33-M33 -> 165.63918 | Q33: 임대 | S33: =+'사업장별(당월)'!T34 -> 62.030473 | T33: =+'사업장별(당월)'!U34 -> 61.824294 | U33: =+T33-S33 -> -0.20617933 | V33: =+'사업장별(당월)'!W34 -> 39.911628 | W33: =+T33-V33 -> 21.912666
D34: 기타 | E34: =+E23-E28 -> -1378.8514 | F34: =+F23-F28 -> -1468.8617 | G34: =+F34-E34 -> -90.010251 | H34: =+H23-H28 -> -1161.8851 | I34: =+F34-H34 -> -306.97659 | J34: =+J23-J28 -> -1378.8514 | K34: =+K23-K28 -> -1468.8617 | L34: =+K34-J34 -> -90.010251 | M34: =+M23-M28 -> -1161.8851 | N34: =+K34-M34 -> -306.97659 | Q34: 공통비 | S34: =+'사업장별(당월)'!T35 -> -1461.295 | T34: =+'사업장별(당월)'!U35 -> -1549.2991 | U34: =+T34-S34 -> -88.004163 | V34: =+'사업장별(당월)'!W35 -> -1236.2774 | W34: =+T34-V34 -> -313.02176
C35: 계 | E35: =SUM(E30,E32:E34) -> 1003.6636 | F35: =SUM(F30,F32:F34) -> 1115.0685 | G35: =+F35-E35 -> 111.40491 | H35: =SUM(H30,H32:H34) -> 1472.3577 | I35: =+F35-H35 -> -357.28919 | J35: =SUM(J30,J32:J34) -> 1003.6636 | K35: =SUM(K30,K32:K34) -> 1115.0685 | L35: =+K35-J35 -> 111.40491 | M35: =SUM(M30,M32:M34) -> 1472.3577 | N35: =+K35-M35 -> -357.28919 | Q35: 기타 | S35: =+S36-S32-S33-S34 -> -51.752892 | T35: =+T36-T32-T33-T34 -> -53.183423 | U35: =+T35-S35 -> -1.4305306 | V35: =+V36-V32-V33-V34 -> -25.204539 | W35: =+T35-V35 -> -27.978884
D36: % | E36: =+E35/E14 -> 0.029186783 | F36: =+F35/F14 -> 0.030001092 | G36: =+F36-E36 -> 0.00081430905 | H36: =+H35/H14 -> 0.041978082 | I36: =+F36-H36 -> -0.01197699 | J36: =+J35/J14 -> 0.029186783 | K36: =+K35/K14 -> 0.030001092 | L36: =+K36-J36 -> 0.00081430905 | M36: =+M35/M14 -> 0.041978082 | N36: =+K36-M36 -> -0.01197699 | Q36: 합계 | S36: =+'사업장별(당월)'!T41 -> -1378.8514 | T36: =+'사업장별(당월)'!U41 -> -1468.8617 | U36: =+T36-S36 -> -90.010251 | V36: =+'사업장별(당월)'!W41 -> -1161.8851 | W36: =+T36-V36 -> -306.97659
E38: =+'[1]1월'!$E$26/1000 -> 1003.6636 | F38: =+'[2]1월'!$F$26/1000 -> 1115.0685 | H38: =+'[3]1월'!$F$26/1000 -> 1472.3577 | J38: =+E38 -> 1003.6636 | K38: =+F38 -> 1115.0685 | M38: =+H38 -> 1472.3577
E39: =+E35=E38 -> TRUE | F39: =+F35=F38 -> TRUE | H39: =+H35=H38 -> TRUE | J39: =+J35=J38 -> TRUE | K39: =+K35=K38 -> TRUE | M39: =+M35=M38 -> TRUE
E40: =+E35-E38 -> 0 | F40: =+F35-F38 -> 4.3200998e-12 | H40: =+H35-H38 -> 0 | J40: =+J35-J38 -> 0 | K40: =+K35-K38 -> 4.3200998e-12 | M40: =+M35-M38 -> 0

Sheet 사업장별(당월)
H3: □ 사업장별 손익실적(2024-01)
AG4: [단위 : 천㎥, 톤, 백만원]
H5: 구분 | J5: 물량 | O5: 매출 | T5: 영업이익(공통비 배부전) | Y5: 판매단가 | AB5: 변동비 | AE5: 공헌이익
J6: 계획 | K6: 실적 | L6: 차이 | M6: 전년 | N6: 차이 | O6: 계획 | P6: 실적 | Q6: 차이 | R6: 전년 | S6: 차이 | T6: 계획 | U6: 실적 | V6: 차이 | W6: 전년 | X6: 차이 | Y6: 계획 | Z6: 실적 | AA6: 전년 | AB6: 계획 | AC6: 실적 | AD6: 전년 | AE6: 계획 | AF6: 실적 | AG6: 전년
B7: 안양 | G7: =+I7 -> 안양 | H7: 레미콘 | I7: 안양 | J7: =+IFERROR(HLOOKUP($B7,'[1]1월'!$D$6:$BN$259,2,),)/1000 -> 37 | K7: =+IFERROR(HLOOKUP($B7,'[2]1월'!$F$6:$CP$99,2,),)/1000 -> 45.761 | L7: =+K7-J7 -> 8.761 | M7: =+IFERROR(HLOOKUP($B7,'[3]1월'!$F$6:$CC$57,2,),)/1000 -> 39.266 | N7: =+K7-M7 -> 6.495 | O7: =+IFERROR(HLOOKUP($B7,'[1]1월'!$D$6:$BN$259,3,),)/1000 -> 3581.7519 | P7: =+IFERROR(HLOOKUP($B7,'[2]1월'!$F$6:$CP$99,3,),)/1000 -> 4371.1989 | Q7: =+P7-O7 -> 789.44705 | R7: =+IFERROR(HLOOKUP($B7,'[3]1월'!$F$6:$CC$57,3,),)/1000 -> 3529.8298 | S7: =+P7-R7 -> 841.3691 | T7: =+IFERROR(HLOOKUP($B7,'[1]1월'!$D$6:$BN$259,16,),)/1000 -> 326.89293 | U7: =+IFERROR(HLOOKUP($B7,'[2]1월'!$F$6:$CP$99,16,),)/1000 -> 337.22639 | V7: =+U7-T7 -> 10.333459 | W7: =+IFERROR(HLOOKUP($B7,'[3]1월'!$F$6:$CC$57,16,),)/1000 -> 393.29113 | X7: =+U7-W7 -> -56.06474 | Y7: =+[4]안양!$Q$85 -> 96804.104 | Z7: =+[4]안양!$R$85 -> 95522.364 | AA7: =+[5]안양!$Q$85 -> 89895.324 | AB7: =+[4]안양!$Q$89 -> 79892.321 | AC7: =+[4]안양!$R$89 -> 81107.602 | AD7: =+[5]안양!$Q$89 -> 72443.519 | AE7: =+Y7-AB7 -> 16911.783 | AF7: =+Z7-AC7 -> 14414.762 | AG7: =+AA7-AD7 -> 17451.805
B8: 인천 | G8: =+I8 -> 인천 | H8: 직영 | I8: 인천 | J8: =+IFERROR(HLOOKUP($B8,'[1]1월'!$D$6:$BN$259,2,),)/1000 -> 28 | K8: =+IFERROR(HLOOKUP($B8,'[2]1월'!$F$6:$CP$99,2,),)/1000 -> 28.34 | L8: =+K8-J8 -> 0.34 | M8: =+IFERROR(HLOOKUP($B8,'[3]1월'!$F$6:$CC$57,2,),)/1000 -> 24.957 | N8: =+K8-M8 -> 3.383 | O8: =+IFERROR(HLOOKUP($B8,'[1]1월'!$D$6:$BN$259,3,),)/1000 -> 2739.7515 | P8: =+IFERROR(HLOOKUP($B8,'[2]1월'!$F$6:$CP$99,3,),)/1000 -> 2766.8113 | Q8: =+P8-O8 -> 27.059798 | R8: =+IFERROR(HLOOKUP($B8,'[3]1월'!$F$6:$CC$57,3,),)/1000 -> 2220.1667 | S8: =+P8-R8 -> 546.64461 | T8: =+IFERROR(HLOOKUP($B8,'[1]1월'!$D$6:$BN$259,16,),)/1000 -> 125.23471 | U8: =+IFERROR(HLOOKUP($B8,'[2]1월'!$F$6:$CP$99,16,),)/1000 -> 102.92462 | V8: =+U8-T8 -> -22.31009 | W8: =+IFERROR(HLOOKUP($B8,'[3]1월'!$F$6:$CC$57,16,),)/1000 -> 29.293796 | X8: =+U8-W8 -> 73.630826 | Y8: =+[4]인천!$Q$85 -> 97848.269 | Z8: =+[4]인천!$R$85 -> 97629.193 | AA8: =+[5]인천!$Q$85 -> 88932.118 | AB8: =+[4]인천!$Q$89 -> 81867.136 | AC8: =+[4]인천!$R$89 -> 84063.445 | AD8: =+[5]인천!$Q$89 -> 74896.804 | AE8: =+Y8-AB8 -> 15981.133 | AF8: =+Z8-AC8 -> 13565.748 | AG8: =+AA8-AD8 -> 14035.314
B9: 파주 | G9: =+I9 -> 파주 | I9: 파주 | J9: =+IFERROR(HLOOKUP($B9,'[1]1월'!$D$6:$BN$259,2,),)/1000 -> 20 | K9: =+IFERROR(HLOOKUP($B9,'[2]1월'!$F$6:$CP$99,2,),)/1000 -> 22.882 | L9: =+K9-J9 -> 2.882 | M9: =+IFERROR(HLOOKUP($B9,'[3]1월'!$F$6:$CC$57,2,),)/1000 -> 20.905 | N9: =+K9-M9 -> 1.977 | O9: =+IFERROR(HLOOKUP($B9,'[1]1월'!$D$6:$BN$259,3,),)/1000 -> 1918.6197 | P9: =+IFERROR(HLOOKUP($B9,'[2]1월'!$F$6:$CP$99,3,),)/1000 -> 2301.3269 | Q9: =+P9-O9 -> 382.70724 | R9: =+IFERROR(HLOOKUP($B9,'[3]1월'!$F$6:$CC$57,3,),)/1000 -> 1836.6317 | S9: =+P9-R9 -> 464.69519 | T9: =+IFERROR(HLOOKUP($B9,'[1]1월'!$D$6:$BN$259,16,),)/1000 -> 141.9663 | U9: =+IFERROR(HLOOKUP($B9,'[2]1월'!$F$6:$CP$99,16,),)/1000 -> 116.27631 | V9: =+U9-T9 -> -25.689992 | W9: =+IFERROR(HLOOKUP($B9,'[3]1월'!$F$6:$CC$57,16,),)/1000 -> 0.643766 | X9: =+U9-W9 -> 115.63255 | Y9: =+[4]파주!$Q$85 -> 95930.984 | Z9: =+[4]파주!$R$85 -> 100573.68 | AA9: =+[5]파주!$Q$85 -> 87902.852 | AB9: =+[4]파주!$Q$89 -> 77860.175 | AC9: =+[4]파주!$R$89 -> 84086.773 | AD9: =+[5]파주!$Q$89 -> 76114 | AE9: =+Y9-AB9 -> 18070.809 | AF9: =+Z9-AC9 -> 16486.906 | AG9: =+AA9-AD9 -> 11788.851
B10: 김포 | G10: =+I10 -> 김포 | I10: 김포 | J10: =+IFERROR(HLOOKUP($B10,'[1]1월'!$D$6:$BN$259,2,),)/1000 -> 8 | K10: =+IFERROR(HLOOKUP($B10,'[2]1월'!$F$6:$CP$99,2,),)/1000 -> 5.281 | L10: =+K10-J10 -> -2.719 | M10: =+IFERROR(HLOOKUP($B10,'[3]1월'!$F$6:$CC$57,2,),)/1000 -> 8.248 | N10: =+K10-M10 -> -2.967 | O10: =+IFERROR(HLOOKUP($B10,'[1]1월'!$D$6:$BN$259,3,),)/1000 -> 742.2165 | P10: =+IFERROR(HLOOKUP($B10,'[2]1월'!$F$6:$CP$99,3,),)/1000 -> 486.8436 | Q10: =+P10-O10 -> -255.3729 | R10: =+IFERROR(HLOOKUP($B10,'[3]1월'!$F$6:$CC$57,3,),)/1000 -> 695.81949 | S10: =+P10-R10 -> -208.97589 | T10: =+IFERROR(HLOOKUP($B10,'[1]1월'!$D$6:$BN$259,16,),)/1000 -> -13.085594 | U10: =+IFERROR(HLOOKUP($B10,'[2]1월'!$F$6:$CP$99,16,),)/1000 -> -70.351562 | V10: =+U10-T10 -> -57.265968 | W10: =+IFERROR(HLOOKUP($B10,'[3]1월'!$F$6:$CC$57,16,),)/1000 -> -15.683073 | X10: =+U10-W10 -> -54.668489 | Y10: =+[4]김포!$Q$85 -> 92777.062 | Z10: =+[4]김포!$R$85 -> 92187.767 | AA10: =+[5]김포!$Q$85 -> 84362.208 | AB10: =+[4]김포!$Q$89 -> 73698.667 | AC10: =+[4]김포!$R$89 -> 75942.492 | AD10: =+[5]김포!$Q$89 -> 66383.614 | AE10: =+Y10-AB10 -> 19078.396 | AF10: =+Z10-AC10 -> 16245.275 | AG10: =+AA10-AD10 -> 17978.594
B11: 부산 | G11: =+I11 -> 부산 | I11: 부산 | J11: =+IFERROR(HLOOKUP($B11,'[1]1월'!$D$6:$BN$259,2,),)/1000 -> 18 | K11: =+IFERROR(HLOOKUP($B11,'[2]1월'!$F$6:$CP$99,2,),)/1000 -> 23.815 | L11: =+K11-J11 -> 5.815 | M11: =+IFERROR(HLOOKUP($B11,'[3]1월'!$F$6:$CC$57,2,),)/1000 -> 24.118 | N11: =+K11-M11 -> -0.303 | O11: =+IFERROR(HLOOKUP($B11,'[1]1월'!$D$6:$BN$259,3,),)/1000 -> 1936.7942 | P11: =+IFERROR(HLOOKUP($B11,'[2]1월'!$F$6:$CP$99,3,),)/1000 -> 2518.1609 | Q11: =+P11-O11 -> 581.36664 | R11: =+IFERROR(HLOOKUP($B11,'[3]1월'!$F$6:$CC$57,3,),)/1000 -> 2452.0565 | S11: =+P11-R11 -> 66.104366 | T11: =+IFERROR(HLOOKUP($B11,'[1]1월'!$D$6:$BN$259,16,),)/1000 -> 245.36511 | U11: =+IFERROR(HLOOKUP($B11,'[2]1월'!$F$6:$CP$99,16,),)/1000 -> 298.81115 | V11: =+U11-T11 -> 53.44604 | W11: =+IFERROR(HLOOKUP($B11,'[3]1월'!$F$6:$CC$57,16,),)/1000 -> 433.03577 | X11: =+U11-W11 -> -134.22462 | Y11: =+[4]부산!$Q$85 -> 107599.68 | Z11: =+[4]부산!$R$85 -> 105738.44 | AA11: =+[5]부산!$Q$85 -> 101668.21 | AB11: =+[4]부산!$Q$89 -> 78358.379 | AC11: =+[4]부산!$R$89 -> 82993.734 | AD11: =+[5]부산!$Q$89 -> 73283.728 | AE11: =+Y11-AB11 -> 29241.301 | AF11: =+Z11-AC11 -> 22744.702 | AG11: =+AA11-AD11 -> 28384.483
B12: 서부산 | G12: =+I12 -> 서부산 | I12: 서부산 | J12: =+IFERROR(HLOOKUP($B12,'[1]1월'!$D$6:$BN$259,2,),)/1000 -> 21 | K12: =+IFERROR(HLOOKUP($B12,'[2]1월'!$F$6:$CP$99,2,),)/1000 -> 23.91 | L12: =+K12-J12 -> 2.91 | M12: =+IFERROR(HLOOKUP($B12,'[3]1월'!$F$6:$CC$57,2,),)/1000 -> 20.168 | N12: =+K12-M12 -> 3.742 | O12: =+IFERROR(HLOOKUP($B12,'[1]1월'!$D$6:$BN$259,3,),)/1000 -> 2165.1353 | P12: =+IFERROR(HLOOKUP($B12,'[2]1월'!$F$6:$CP$99,3,),)/1000 -> 2338.4863 | Q12: =+P12-O12 -> 173.35098 | R12: =+IFERROR(HLOOKUP($B12,'[3]1월'!$F$6:$CC$57,3,),)/1000 -> 1845.0339 | S12: =+P12-R12 -> 493.4524 | T12: =+IFERROR(HLOOKUP($B12,'[1]1월'!$D$6:$BN$259,16,),)/1000 -> 313.84242 | U12: =+IFERROR(HLOOKUP($B12,'[2]1월'!$F$6:$CP$99,16,),)/1000 -> 198.0884 | V12: =+U12-T12 -> -115.75402 | W12: =+IFERROR(HLOOKUP($B12,'[3]1월'!$F$6:$CC$57,16,),)/1000 -> 187.27144 | X12: =+U12-W12 -> 10.816962 | Y12: =+[4]서부산!$Q$85 -> 103101.68 | Z12: =+[4]서부산!$R$85 -> 97803.693 | AA12: =+[5]서부산!$Q$85 -> 91483.236 | AB12: =+[4]서부산!$Q$89 -> 77368.389 | AC12: =+[4]서부산!$R$89 -> 79885.068 | AD12: =+[5]서부산!$Q$89 -> 71161.531 | AE12: =+Y12-AB12 -> 25733.292 | AF12: =+Z12-AC12 -> 17918.625 | AG12: =+AA12-AD12 -> 20321.705
B13: 김해 | G13: =+I13 -> 김해 | I13: 김해 | J13: =+IFERROR(HLOOKUP($B13,'[1]1월'!$D$6:$BN$259,2,),)/1000 -> 10 | K13: =+IFERROR(HLOOKUP($B13,'[2]1월'!$F$6:$CP$99,2,),)/1000 -> 12.339 | L13: =+K13-J13 -> 2.339 | M13: =+IFERROR(HLOOKUP($B13,'[3]1월'!$F$6:$CC$57,2,),)/1000 -> 11.598 | N13: =+K13-M13 -> 0.741 | O13: =+IFERROR(HLOOKUP($B13,'[1]1월'!$D$6:$BN$259,3,),)/1000 -> 1009.996 | P13: =+IFERROR(HLOOKUP($B13,'[2]1월'!$F$6:$CP$99,3,),)/1000 -> 1225.7102 | Q13: =+P13-O13 -> 215.7142 | R13: =+IFERROR(HLOOKUP($B13,'[3]1월'!$F$6:$CC$57,3,),)/1000 -> 1096.6881 | S13: =+P13-R13 -> 129.0221 | T13: =+IFERROR(HLOOKUP($B13,'[1]1월'!$D$6:$BN$259,16,),)/1000 -> 74.513101 | U13: =+IFERROR(HLOOKUP($B13,'[2]1월'!$F$6:$CP$99,16,),)/1000 -> 82.439169 | V13: =+U13-T13 -> 7.9260679 | W13: =+IFERROR(HLOOKUP($B13,'[3]1월'!$F$6:$CC$57,16,),)/1000 -> 87.333868 | X13: =+U13-W13 -> -4.894699 | Y13: =+[4]김해!$Q$85 -> 100999.6 | Z13: =+[4]김해!$R$85 -> 99339.807 | AA13: =+[5]김해!$Q$85 -> 94585.859 | AB13: =+[4]김해!$Q$89 -> 76745.601 | AC13: =+[4]김해!$R$89 -> 80683.799 | AD13: =+[5]김해!$Q$89 -> 73642.29 | AE13: =+Y13-AB13 -> 24253.999 | AF13: =+Z13-AC13 -> 18656.008 | AG13: =+AA13-AD13 -> 20943.57
B14: 정관 | G14: =+I14 -> 정관 | I14: 정관 | J14: =+IFERROR(HLOOKUP($B14,'[1]1월'!$D$6:$BN$259,2,),)/1000 -> 18 | K14: =+IFERROR(HLOOKUP($B14,'[2]1월'!$F$6:$CP$99,2,),)/1000 -> 21.5175 | L14: =+K14-J14 -> 3.5175 | M14: =+IFERROR(HLOOKUP($B14,'[3]1월'!$F$6:$CC$57,2,),)/1000 -> 18.264 | N14: =+K14-M14 -> 3.2535 | O14: =+IFERROR(HLOOKUP($B14,'[1]1월'!$D$6:$BN$259,3,),)/1000 -> 1872 | P14: =+IFERROR(HLOOKUP($B14,'[2]1월'!$F$6:$CP$99,3,),)/1000 -> 2218.1056 | Q14: =+P14-O14 -> 346.10565 | R14: =+IFERROR(HLOOKUP($B14,'[3]1월'!$F$6:$CC$57,3,),)/1000 -> 1770.7951 | S14: =+P14-R14 -> 447.31055 | T14: =+IFERROR(HLOOKUP($B14,'[1]1월'!$D$6:$BN$259,16,),)/1000 -> 244.37138 | U14: =+IFERROR(HLOOKUP($B14,'[2]1월'!$F$6:$CP$99,16,),)/1000 -> 256.96584 | V14: =+U14-T14 -> 12.594457 | W14: =+IFERROR(HLOOKUP($B14,'[3]1월'!$F$6:$CC$57,16,),)/1000 -> 235.72105 | X14: =+U14-W14 -> 21.24479 | Y14: =+[4]정관!$Q$85 -> 104000 | Z14: =+[4]정관!$R$85 -> 103083.8 | AA14: =+[5]정관!$Q$85 -> 96955.492 | AB14: =+[4]정관!$Q$89 -> 78930.42 | AC14: =+[4]정관!$R$89 -> 81962.525 | AD14: =+[5]정관!$Q$89 -> 73083.967 | AE14: =+Y14-AB14 -> 25069.58 | AF14: =+Z14-AC14 -> 21121.274 | AG14: =+AA14-AD14 -> 23871.525
B15: 양산 | G15: =+I15 -> 양산 | I15: 양산 | J15: =+IFERROR(HLOOKUP($B15,'[1]1월'!$D$6:$BN$259,2,),)/1000 -> 11 | K15: =+IFERROR(HLOOKUP($B15,'[2]1월'!$F$6:$CP$99,2,),)/1000 -> 13.864 | L15: =+K15-J15 -> 2.864 | M15: =+IFERROR(HLOOKUP($B15,'[3]1월'!$F$6:$CC$57,2,),)/1000 -> 12.092 | N15: =+K15-M15 -> 1.772 | O15: =+IFERROR(HLOOKUP($B15,'[1]1월'!$D$6:$BN$259,3,),)/1000 -> 1059.0887 | P15: =+IFERROR(HLOOKUP($B15,'[2]1월'!$F$6:$CP$99,3,),)/1000 -> 1311.9159 | Q15: =+P15-O15 -> 252.82724 | R15: =+IFERROR(HLOOKUP($B15,'[3]1월'!$F$6:$CC$57,3,),)/1000 -> 1104.9134 | S15: =+P15-R15 -> 207.0025 | T15: =+IFERROR(HLOOKUP($B15,'[1]1월'!$D$6:$BN$259,16,),)/1000 -> 120.73507 | U15: =+IFERROR(HLOOKUP($B15,'[2]1월'!$F$6:$CP$99,16,),)/1000 -> 152.26055 | V15: =+U15-T15 -> 31.525481 | W15: =+IFERROR(HLOOKUP($B15,'[3]1월'!$F$6:$CC$57,16,),)/1000 -> 138.27595 | X15: =+U15-W15 -> 13.984595 | Y15: =+[4]양산!$Q$85 -> 96280.788 | Z15: =+[4]양산!$R$85 -> 94627.517 | AA15: =+[5]양산!$Q$85 -> 91386.531 | AB15: =+[4]양산!$Q$89 -> 71791.379 | AC15: =+[4]양산!$R$89 -> 73539.584 | AD15: =+[5]양산!$Q$89 -> 67798.421 | AE15: =+Y15-AB15 -> 24489.409 | AF15: =+Z15-AC15 -> 21087.933 | AG15: =+AA15-AD15 -> 23588.11
B16: 창원 | G16: =+I16 -> 창원 | I16: 창원 | J16: =+IFERROR(HLOOKUP($B16,'[1]1월'!$D$6:$BN$259,2,),)/1000 -> 14 | K16: =+IFERROR(HLOOKUP($B16,'[2]1월'!$F$6:$CP$99,2,),)/1000 -> 17.315 | L16: =+K16-J16 -> 3.315 | M16: =+IFERROR(HLOOKUP($B16,'[3]1월'!$F$6:$CC$57,2,),)/1000 -> 18.165 | N16: =+K16-M16 -> -0.85 | O16: =+IFERROR(HLOOKUP($B16,'[1]1월'!$D$6:$BN$259,3,),)/1000 -> 1394.204 | P16: =+IFERROR(HLOOKUP($B16,'[2]1월'!$F$6:$CP$99,3,),)/1000 -> 1843.6711 | Q16: =+P16-O16 -> 449.4671 | R16: =+IFERROR(HLOOKUP($B16,'[3]1월'!$F$6:$CC$57,3,),)/1000 -> 1684.7087 | S16: =+P16-R16 -> 158.9624 | T16: =+IFERROR(HLOOKUP($B16,'[1]1월'!$D$6:$BN$259,16,),)/1000 -> 182.43936 | U16: =+IFERROR(HLOOKUP($B16,'[2]1월'!$F$6:$CP$99,16,),)/1000 -> 299.90023 | V16: =+U16-T16 -> 117.46087 | W16: =+IFERROR(HLOOKUP($B16,'[3]1월'!$F$6:$CC$57,16,),)/1000 -> 292.02561 | X16: =+U16-W16 -> 7.874615 | Y16: =+[4]창원!$Q$85 -> 99586 | Z16: =+[4]창원!$R$85 -> 106478.26 | AA16: =+[5]창원!$Q$85 -> 92744.767 | AB16: =+[4]창원!$Q$89 -> 72320.546 | AC16: =+[4]창원!$R$89 -> 77287.77 | AD16: =+[5]창원!$Q$89 -> 66159.287 | AE16: =+Y16-AB16 -> 27265.454 | AF16: =+Z16-AC16 -> 29190.491 | AG16: =+AA16-AD16 -> 26585.48
B17: 대구 | G17: =+I17 -> 대구 | I17: 대구 | J17: =+IFERROR(HLOOKUP($B17,'[1]1월'!$D$6:$BN$259,2,),)/1000 -> 13.5 | K17: =+IFERROR(HLOOKUP($B17,'[2]1월'!$F$6:$CP$99,2,),)/1000 -> 14.7545 | L17: =+K17-J17 -> 1.2545 | M17: =+IFERROR(HLOOKUP($B17,'[3]1월'!$F$6:$CC$57,2,),)/1000 -> 19.5995 | N17: =+K17-M17 -> -4.845 | O17: =+IFERROR(HLOOKUP($B17,'[1]1월'!$D$6:$BN$259,3,),)/1000 -> 1320.3 | P17: =+IFERROR(HLOOKUP($B17,'[2]1월'!$F$6:$CP$99,3,),)/1000 -> 1474.5359 | Q17: =+P17-O17 -> 154.2359 | R17: =+IFERROR(HLOOKUP($B17,'[3]1월'!$F$6:$CC$57,3,),)/1000 -> 1726.7423 | S17: =+P17-R17 -> -252.20645 | T17: =+IFERROR(HLOOKUP($B17,'[1]1월'!$D$6:$BN$259,16,),)/1000 -> 168.2638 | U17: =+IFERROR(HLOOKUP($B17,'[2]1월'!$F$6:$CP$99,16,),)/1000 -> 205.45768 | V17: =+U17-T17 -> 37.193881 | W17: =+IFERROR(HLOOKUP($B17,'[3]1월'!$F$6:$CC$57,16,),)/1000 -> 251.62929 | X17: =+U17-W17 -> -46.171605 | Y17: =+[4]대구!$Q$85 -> 97800 | Z17: =+[4]대구!$R$85 -> 99938.046 | AA17: =+[5]대구!$Q$85 -> 88101.347 | AB17: =+[4]대구!$Q$89 -> 71441.174 | AC17: =+[4]대구!$R$89 -> 74479.86 | AD17: =+[5]대구!$Q$89 -> 65599.88 | AE17: =+Y17-AB17 -> 26358.826 | AF17: =+Z17-AC17 -> 25458.186 | AG17: =+AA17-AD17 -> 22501.467
B18: 울산 | G18: =+I18 -> 울산 | I18: 울산 | J18: =+IFERROR(HLOOKUP($B18,'[1]1월'!$D$6:$BN$259,2,),)/1000 -> 5 | K18: =+IFERROR(HLOOKUP($B18,'[2]1월'!$F$6:$CP$99,2,),)/1000 -> 5.383 | L18: =+K18-J18 -> 0.383 | M18: =+IFERROR(HLOOKUP($B18,'[3]1월'!$F$6:$CC$57,2,),)/1000 -> 8.1305 | N18: =+K18-M18 -> -2.7475 | O18: =+IFERROR(HLOOKUP($B18,'[1]1월'!$D$6:$BN$259,3,),)/1000 -> 490.01366 | P18: =+IFERROR(HLOOKUP($B18,'[2]1월'!$F$6:$CP$99,3,),)/1000 -> 560.6076 | Q18: =+P18-O18 -> 70.59394 | R18: =+IFERROR(HLOOKUP($B18,'[3]1월'!$F$6:$CC$57,3,),)/1000 -> 780.75985 | S18: =+P18-R18 -> -220.15225 | T18: =+IFERROR(HLOOKUP($B18,'[1]1월'!$D$6:$BN$259,16,),)/1000 -> -50.284219 | U18: =+IFERROR(HLOOKUP($B18,'[2]1월'!$F$6:$CP$99,16,),)/1000 -> -2.687835 | V18: =+U18-T18 -> 47.596384 | W18: =+IFERROR(HLOOKUP($B18,'[3]1월'!$F$6:$CC$57,16,),)/1000 -> 38.844698 | X18: =+U18-W18 -> -41.532533 | Y18: =+[4]울산!$Q$85 -> 98002.732 | Z18: =+[4]울산!$R$85 -> 104144.08 | AA18: =+[5]울산!$Q$85 -> 96053.017 | AB18: =+[4]울산!$Q$89 -> 79706.615 | AC18: =+[4]울산!$R$89 -> 82948.249 | AD18: =+[5]울산!$Q$89 -> 74906.545 | AE18: =+Y18-AB18 -> 18296.117 | AF18: =+Z18-AC18 -> 21195.834 | AG18: =+AA18-AD18 -> 21146.472
B19: 아산 | G19: =+I19 -> 아산 | I19: 아산 | J19: =+IFERROR(HLOOKUP($B19,'[1]1월'!$D$6:$BN$259,2,),)/1000 -> 15.5 | K19: =+IFERROR(HLOOKUP($B19,'[2]1월'!$F$6:$CP$99,2,),)/1000 -> 22.999 | L19: =+K19-J19 -> 7.499 | M19: =+IFERROR(HLOOKUP($B19,'[3]1월'!$F$6:$CC$57,2,),)/1000 -> 20.146 | N19: =+K19-M19 -> 2.853 | O19: =+IFERROR(HLOOKUP($B19,'[1]1월'!$D$6:$BN$259,3,),)/1000 -> 1565.4994 | P19: =+IFERROR(HLOOKUP($B19,'[2]1월'!$F$6:$CP$99,3,),)/1000 -> 2225.2769 | Q19: =+P19-O19 -> 659.7775 | R19: =+IFERROR(HLOOKUP($B19,'[3]1월'!$F$6:$CC$57,3,),)/1000 -> 1851.2001 | S19: =+P19-R19 -> 374.0768 | T19: =+IFERROR(HLOOKUP($B19,'[1]1월'!$D$6:$BN$259,16,),)/1000 -> 135.48481 | U19: =+IFERROR(HLOOKUP($B19,'[2]1월'!$F$6:$CP$99,16,),)/1000 -> 76.583958 | V19: =+U19-T19 -> -58.900847 | W19: =+IFERROR(HLOOKUP($B19,'[3]1월'!$F$6:$CC$57,16,),)/1000 -> 241.78052 | X19: =+U19-W19 -> -165.19657 | Y19: =+[4]아산!$Q$85 -> 100999.96 | Z19: =+[4]아산!$R$85 -> 96755.376 | AA19: =+[5]아산!$Q$85 -> 91745.374 | AB19: =+[4]아산!$Q$89 -> 77854.206 | AC19: =+[4]아산!$R$89 -> 82780.119 | AD19: =+[5]아산!$Q$89 -> 67815.424 | AE19: =+Y19-AB19 -> 23145.755 | AF19: =+Z19-AC19 -> 13975.257 | AG19: =+AA19-AD19 -> 23929.95
B20: 전주 | G20: =+I20 -> 전주 | I20: 전주 | J20: =+IFERROR(HLOOKUP($B20,'[1]1월'!$D$6:$BN$259,2,),)/1000 -> 10 | K20: =+IFERROR(HLOOKUP($B20,'[2]1월'!$F$6:$CP$99,2,),)/1000 -> 6.567 | L20: =+K20-J20 -> -3.433 | M20: =+IFERROR(HLOOKUP($B20,'[3]1월'!$F$6:$CC$57,2,),)/1000 -> 8.263 | N20: =+K20-M20 -> -1.696 | O20: =+IFERROR(HLOOKUP($B20,'[1]1월'!$D$6:$BN$259,3,),)/1000 -> 1006.5891 | P20: =+IFERROR(HLOOKUP($B20,'[2]1월'!$F$6:$CP$99,3,),)/1000 -> 648.20874 | Q20: =+P20-O20 -> -358.38036 | R20: =+IFERROR(HLOOKUP($B20,'[3]1월'!$F$6:$CC$57,3,),)/1000 -> 717.62855 | S20: =+P20-R20 -> -69.419814 | T20: =+IFERROR(HLOOKUP($B20,'[1]1월'!$D$6:$BN$259,16,),)/1000 -> 109.5688 | U20: =+IFERROR(HLOOKUP($B20,'[2]1월'!$F$6:$CP$99,16,),)/1000 -> 24.564714 | V20: =+U20-T20 -> -85.004085 | W20: =+IFERROR(HLOOKUP($B20,'[3]1월'!$F$6:$CC$57,16,),)/1000 -> 14.677472 | X20: =+U20-W20 -> 9.887242 | Y20: =+[4]전주!$Q$85 -> 100658.91 | Z20: =+[4]전주!$R$85 -> 98706.98 | AA20: =+[5]전주!$Q$85 -> 86834.354 | AB20: =+[4]전주!$Q$89 -> 74727.497 | AC20: =+[4]전주!$R$89 -> 74181.954 | AD20: =+[5]전주!$Q$89 -> 65096.895 | AE20: =+Y20-AB20 -> 25931.412 | AF20: =+Z20-AC20 -> 24525.026 | AG20: =+AA20-AD20 -> 21737.459
B21: 군산 | G21: =+I21 -> 군산 | I21: 군산 | J21: =+IFERROR(HLOOKUP($B21,'[1]1월'!$D$6:$BN$259,2,),)/1000 -> 4 | K21: =+IFERROR(HLOOKUP($B21,'[2]1월'!$F$6:$CP$99,2,),)/1000 -> 7.363 | L21: =+K21-J21 -> 3.363 | M21: =+IFERROR(HLOOKUP($B21,'[3]1월'!$F$6:$CC$57,2,),)/1000 -> 6.52 | N21: =+K21-M21 -> 0.843 | O21: =+IFERROR(HLOOKUP($B21,'[1]1월'!$D$6:$BN$259,3,),)/1000 -> 434.23396 | P21: =+IFERROR(HLOOKUP($B21,'[2]1월'!$F$6:$CP$99,3,),)/1000 -> 752.76158 | Q21: =+P21-O21 -> 318.52762 | R21: =+IFERROR(HLOOKUP($B21,'[3]1월'!$F$6:$CC$57,3,),)/1000 -> 582.53435 | S21: =+P21-R21 -> 170.22723 | T21: =+IFERROR(HLOOKUP($B21,'[1]1월'!$D$6:$BN$259,16,),)/1000 -> 58.09579 | U21: =+IFERROR(HLOOKUP($B21,'[2]1월'!$F$6:$CP$99,16,),)/1000 -> 157.32964 | V21: =+U21-T21 -> 99.233847 | W21: =+IFERROR(HLOOKUP($B21,'[3]1월'!$F$6:$CC$57,16,),)/1000 -> 86.060698 | X21: =+U21-W21 -> 71.268939 | Y21: =+[4]군산!$Q$85 -> 108558.49 | Z21: =+[4]군산!$R$85 -> 102235.72 | AA21: =+[5]군산!$Q$85 -> 89327.018 | AB21: =+[4]군산!$Q$89 -> 70400.342 | AC21: =+[4]군산!$R$89 -> 69601.844 | AD21: =+[5]군산!$Q$89 -> 62541.228 | AE21: =+Y21-AB21 -> 38158.15 | AF21: =+Z21-AC21 -> 32633.872 | AG21: =+AA21-AD21 -> 26785.79
B22: 원주 | G22: =+I22 -> 원주 | I22: 원주 | J22: =+IFERROR(HLOOKUP($B22,'[1]1월'!$D$6:$BN$259,2,),)/1000 -> 4 | K22: =+IFERROR(HLOOKUP($B22,'[2]1월'!$F$6:$CP$99,2,),)/1000 -> 3.533 | L22: =+K22-J22 -> -0.467 | M22: =+IFERROR(HLOOKUP($B22,'[3]1월'!$F$6:$CC$57,2,),)/1000 -> 1.813 | N22: =+K22-M22 -> 1.72 | O22: =+IFERROR(HLOOKUP($B22,'[1]1월'!$D$6:$BN$259,3,),)/1000 -> 431.6 | P22: =+IFERROR(HLOOKUP($B22,'[2]1월'!$F$6:$CP$99,3,),)/1000 -> 412.2751 | Q22: =+P22-O22 -> -19.3249 | R22: =+IFERROR(HLOOKUP($B22,'[3]1월'!$F$6:$CC$57,3,),)/1000 -> 154.2127 | S22: =+P22-R22 -> 258.0624 | T22: =+IFERROR(HLOOKUP($B22,'[1]1월'!$D$6:$BN$259,16,),)/1000 -> 34.357 | U22: =+IFERROR(HLOOKUP($B22,'[2]1월'!$F$6:$CP$99,16,),)/1000 -> 53.424534 | V22: =+U22-T22 -> 19.067534 | W22: =+IFERROR(HLOOKUP($B22,'[3]1월'!$F$6:$CC$57,16,),)/1000 -> -48.466116 | X22: =+U22-W22 -> 101.89065 | Y22: =+[4]원주!$Q$85 -> 107900 | Z22: =+[4]원주!$R$85 -> 116692.64 | AA22: =+[5]원주!$Q$85 -> 85059.404 | AB22: =+[4]원주!$Q$89 -> 75438.971 | AC22: =+[4]원주!$R$89 -> 76321.153 | AD22: =+[5]원주!$Q$89 -> 65788.766 | AE22: =+Y22-AB22 -> 32461.029 | AF22: =+Z22-AC22 -> 40371.487 | AG22: =+AA22-AD22 -> 19270.638
B23: 제주 | G23: =+I23 -> 제주 | I23: 제주 | J23: =+IFERROR(HLOOKUP($B23,'[1]1월'!$D$6:$BN$259,2,),)/1000 -> 4 | K23: =+IFERROR(HLOOKUP($B23,'[2]1월'!$F$6:$CP$99,2,),)/1000 -> 3.2615 | L23: =+K23-J23 -> -0.7385 | M23: =+IFERROR(HLOOKUP($B23,'[3]1월'!$F$6:$CC$57,2,),)/1000 -> 6.328 | N23: =+K23-M23 -> -3.0665 | O23: =+IFERROR(HLOOKUP($B23,'[1]1월'!$D$6:$BN$259,3,),)/1000 -> 506.8 | P23: =+IFERROR(HLOOKUP($B23,'[2]1월'!$F$6:$CP$99,3,),)/1000 -> 419.7493 | Q23: =+P23-O23 -> -87.050701 | R23: =+IFERROR(HLOOKUP($B23,'[3]1월'!$F$6:$CC$57,3,),)/1000 -> 738.13421 | S23: =+P23-R23 -> -318.38492 | T23: =+IFERROR(HLOOKUP($B23,'[1]1월'!$D$6:$BN$259,16,),)/1000 -> 42.978795 | U23: =+IFERROR(HLOOKUP($B23,'[2]1월'!$F$6:$CP$99,16,),)/1000 -> 35.375497 | V23: =+U23-T23 -> -7.6032979 | W23: =+IFERROR(HLOOKUP($B23,'[3]1월'!$F$6:$CC$57,16,),)/1000 -> 175.67346 | X23: =+U23-W23 -> -140.29796 | Y23: =+[4]제주!$Q$85 -> 126700 | Z23: =+[4]제주!$R$85 -> 128698.24 | AA23: =+[5]제주!$Q$85 -> 116650.12 | AB23: =+[4]제주!$Q$89 -> 89935.469 | AC23: =+[4]제주!$R$89 -> 90773.836 | AD23: =+[5]제주!$Q$89 -> 75659.131 | AE23: =+Y23-AB23 -> 36764.531 | AF23: =+Z23-AC23 -> 37924.401 | AG23: =+AA23-AD23 -> 40990.992
G24: =+I24 -> 수도권 | I24: 수도권 | J24: =SUM(J7:J10) -> 93 | K24: =SUM(K7:K10) -> 102.264 | L24: =+K24-J24 -> 9.264 | M24: =SUM(M7:M10) -> 93.376 | N24: =+K24-M24 -> 8.888 | O24: =SUM(O7:O10) -> 8982.3396 | P24: =SUM(P7:P10) -> 9926.1808 | Q24: =+P24-O24 -> 943.84119 | R24: =SUM(R7:R10) -> 8282.4478 | S24: =+P24-R24 -> 1643.733 | T24: =SUM(T7:T10) -> 581.00836 | U24: =SUM(U7:U10) -> 486.07577 | V24: =+U24-T24 -> -94.932592 | W24: =SUM(W7:W10) -> 407.54562 | X24: =+U24-W24 -> 78.530142 | Y24: =+[4]수도권!$Q$85 -> 96584.296 | Z24: =+[4]수도권!$R$85 -> 97064.272 | AA24: =+[5]수도권!$Q$85 -> 88709.415 | AB24: =+[4]수도권!$Q$89 -> 79517.081 | AC24: =+[4]수도권!$R$89 -> 82325.824 | AD24: =+[5]수도권!$Q$89 -> 73361.249 | AE24: =+Y24-AB24 -> 17067.215 | AF24: =+Z24-AC24 -> 14738.448 | AG24: =+AA24-AD24 -> 15348.166
G25: =+I25 -> 영남권 | I25: 영남권 | J25: =SUM(J11:J18) -> 110.5 | K25: =SUM(K11:K18) -> 132.898 | L25: =+K25-J25 -> 22.398 | M25: =SUM(M11:M18) -> 132.135 | N25: =+K25-M25 -> 0.763 | O25: =SUM(O11:O18) -> 11247.532 | P25: =SUM(P11:P18) -> 13491.194 | Q25: =+P25-O25 -> 2243.6616 | R25: =SUM(R11:R18) -> 12461.698 | S25: =+P25-R25 -> 1029.4956 | T25: =SUM(T11:T18) -> 1299.246 | U25: =SUM(U11:U18) -> 1491.2352 | V25: =+U25-T25 -> 191.98916 | W25: =SUM(W11:W18) -> 1664.1377 | X25: =+U25-W25 -> -172.90249 | Y25: =+[4]영남권!$Q$85 -> 101787.62 | Z25: =+[4]영남권!$R$85 -> 101515.92 | AA25: =+[5]영남권!$Q$85 -> 94314.373 | AB25: =+[4]영남권!$Q$89 -> 75914.682 | AC25: =+[4]영남권!$R$89 -> 79377.391 | AD25: =+[5]영남권!$Q$89 -> 70465.975 | AE25: =+Y25-AB25 -> 25872.937 | AF25: =+Z25-AC25 -> 22138.533 | AG25: =+AA25-AD25 -> 23848.398
G26: =+I26 -> 중부권 | I26: 중부권 | J26: =SUM(J19:J23) -> 37.5 | K26: =SUM(K19:K23) -> 43.7235 | L26: =+K26-J26 -> 6.2235 | M26: =SUM(M19:M23) -> 43.07 | N26: =+K26-M26 -> 0.6535 | O26: =SUM(O19:O23) -> 3944.7225 | P26: =SUM(P19:P23) -> 4458.2716 | Q26: =+P26-O26 -> 513.54915 | R26: =SUM(R19:R23) -> 4043.7099 | S26: =+P26-R26 -> 414.5617 | T26: =SUM(T19:T23) -> 380.48519 | U26: =SUM(U19:U23) -> 347.27834 | V26: =+U26-T26 -> -33.206849 | W26: =SUM(W19:W23) -> 469.72604 | X26: =+U26-W26 -> -122.4477 | Y26: =+[4]중부권!$Q$85 -> 105192.6 | Z26: =+[4]중부권!$R$85 -> 101965.11 | AA26: =+[5]중부권!$Q$85 -> 94006.133 | AB26: =+[4]중부권!$Q$89 -> 77256.381 | AC26: =+[4]중부권!$R$89 -> 79343.893 | AD26: =+[5]중부권!$Q$89 -> 67597.806 | AE26: =+Y26-AB26 -> 27936.218 | AF26: =+Z26-AC26 -> 22621.219 | AG26: =+AA26-AD26 -> 26408.326
G27: =+K27/J27 -> 1.1572012 | H27: 레미콘 계 | J27: =SUM(J24:J26) -> 241 | K27: =SUM(K24:K26) -> 278.8855 | L27: =+K27-J27 -> 37.8855 | M27: =SUM(M24:M26) -> 268.581 | N27: =+K27-M27 -> 10.3045 | O27: =SUM(O24:O26) -> 24174.594 | P27: =SUM(P24:P26) -> 27875.646 | Q27: =+P27-O27 -> 3701.052 | R27: =SUM(R24:R26) -> 24787.856 | S27: =+P27-R27 -> 3087.7903 | T27: =SUM(T24:T26) -> 2260.7396 | U27: =SUM(U24:U26) -> 2324.5893 | V27: =+U27-T27 -> 63.849721 | W27: =SUM(W24:W26) -> 2541.4093 | X27: =+U27-W27 -> -216.82004 | Y27: =+[4]합계!$Q$85 -> 100309.52 | Z27: =+[4]합계!$R$85 -> 99953.913 | AA27: =+[5]합계!$Q$85 -> 92313.001 | AB27: =+[4]합계!$Q$89 -> 77513.59 | AC27: =+[4]합계!$R$89 -> 80453.28 | AD27: =+[5]합계!$Q$89 -> 71029.87 | AE27: =+Y27-AB27 -> 22795.928 | AF27: =+Z27-AC27 -> 19500.633 | AG27: =+AA27-AD27 -> 21283.131
B28: 건자재 | E28: 건자재영업 | G28: 건자재 | H28: 건자재 | J28: =+IFERROR(HLOOKUP($B28,'[1]1월'!$D$6:$BN$259,2,),) -> 6900 | K28: =+IFERROR(HLOOKUP($E28,'[2]1월'!$F$6:$CP$99,2,),) -> 6425.093 | L28: =+K28-J28 -> -474.907 | M28: =+IFERROR(HLOOKUP($E28,'[3]1월'!$F$6:$CC$57,2,),) -> 6946.787 | N28: =+K28-M28 -> -521.694 | O28: =+IFERROR(HLOOKUP($B28,'[1]1월'!$D$6:$BN$259,3,),)/1000 -> 8447.9432 | P28: =+IFERROR(HLOOKUP($E28,'[2]1월'!$F$6:$CP$99,3,),)/1000 -> 7407.9572 | Q28: =+P28-O28 -> -1039.986 | R28: =+IFERROR(HLOOKUP($E28,'[3]1월'!$F$6:$CC$57,3,),)/1000 -> 8813.6343 | S28: =+P28-R28 -> -1405.6771 | T28: =+IFERROR(HLOOKUP($B28,'[1]1월'!$D$6:$BN$259,16,),)/1000 -> 94.750483 | U28: =+IFERROR(HLOOKUP($E28,'[2]1월'!$F$6:$CP$99,16,),)/1000 -> 75.267211 | V28: =+U28-T28 -> -19.483272 | W28: =+IFERROR(HLOOKUP($E28,'[3]1월'!$F$6:$CC$57,16,),)/1000 -> 74.398934 | X28: =+U28-W28 -> 0.868277 | Y28: ■ 비고
B29: 부산모래장 | F29: 부산골재 | G29: =+I29 -> 부산모래장 | H29: 골재 | I29: 부산모래장 | J29: =+IFERROR(HLOOKUP($B29,'[1]1월'!$D$6:$BN$259,2,),)/1000 -> 24.586871 | K29: =+IFERROR(HLOOKUP($F29,'[2]1월'!$F$6:$CP$99,2,),)/1000 -> 27.205 | L29: =+K29-J29 -> 2.6181293 | M29: =+IFERROR(HLOOKUP($F29,'[3]1월'!$F$6:$CC$57,2,),)/1000 -> 32.145 | N29: =+K29-M29 -> -4.94 | O29: =+IFERROR(HLOOKUP($B29,'[1]1월'!$D$6:$BN$259,3,),)/1000 -> 697.84314 | P29: =+IFERROR(HLOOKUP($F29,'[2]1월'!$F$6:$CP$99,3,),)/1000 -> 780.046 | Q29: =+P29-O29 -> 82.202857 | R29: =+IFERROR(HLOOKUP($F29,'[3]1월'!$F$6:$CC$57,3,),)/1000 -> 905.482 | S29: =+P29-R29 -> -125.436 | T29: =+IFERROR(HLOOKUP($B29,'[1]1월'!$D$6:$BN$259,21,),)/1000 -> 16.821421 | U29: =+IFERROR(HLOOKUP($F29,'[2]1월'!$F$6:$CP$99,21,),)/1000 -> 57.434467 | V29: =+U29-T29 -> 40.613047 | W29: =+IFERROR(HLOOKUP($F29,'[3]1월'!$F$6:$CC$57,16,),)/1000 -> 13.998209 | X29: =+U29-W29 -> 43.436258
B30: 서부산크라샤 | F30: 서부산골재 | G30: =+I30 -> 서부산CR | I30: 서부산CR | J30: =+IFERROR(HLOOKUP($B30,'[1]1월'!$D$6:$BN$259,2,),)/1000 -> 12.3718 | K30: =+IFERROR(HLOOKUP($F30,'[2]1월'!$F$6:$CP$99,2,),)/1000 -> 27.872 | L30: =+K30-J30 -> 15.5002 | M30: =+IFERROR(HLOOKUP($F30,'[3]1월'!$F$6:$CC$57,2,),)/1000 -> 33.74 | N30: =+K30-M30 -> -5.868 | O30: =+IFERROR(HLOOKUP($B30,'[1]1월'!$D$6:$BN$259,3,),)/1000 -> 192.913 | P30: =+IFERROR(HLOOKUP($F30,'[2]1월'!$F$6:$CP$99,3,),)/1000 -> 373.312 | Q30: =+P30-O30 -> 180.399 | R30: =+IFERROR(HLOOKUP($F30,'[3]1월'!$F$6:$CC$57,3,),)/1000 -> 393.346 | S30: =+P30-R30 -> -20.034 | T30: =+IFERROR(HLOOKUP($B30,'[1]1월'!$D$6:$BN$259,21,),)/1000 -> 65.72153 | U30: =+IFERROR(HLOOKUP($F30,'[2]1월'!$F$6:$CP$99,21,),)/1000 -> 54.476102 | V30: =+U30-T30 -> -11.245429 | W30: =+IFERROR(HLOOKUP($F30,'[3]1월'!$F$6:$CC$57,16,),)/1000 -> 13.770077 | X30: =+U30-W30 -> 40.706025
B31: 부산크라샤 | F31: 부산크라샤 | G31: =+I31 -> 부산CR | I31: 부산CR | J31: =+IFERROR(HLOOKUP($B31,'[1]1월'!$D$6:$BN$259,2,),)/1000 -> 39.6703 | K31: =+IFERROR(HLOOKUP($F31,'[2]1월'!$F$6:$CP$99,2,),)/1000 -> 29.44 | L31: =+K31-J31 -> -10.2303 | M31: =+IFERROR(HLOOKUP($F31,'[3]1월'!$F$6:$CC$57,2,),)/1000 -> 0 | N31: =+K31-M31 -> 29.44 | O31: =+IFERROR(HLOOKUP($B31,'[1]1월'!$D$6:$BN$259,3,),)/1000 -> 709.40685 | P31: =+IFERROR(HLOOKUP($F31,'[2]1월'!$F$6:$CP$99,3,),)/1000 -> 566.162 | Q31: =+P31-O31 -> -143.24485 | R31: =+IFERROR(HLOOKUP($F31,'[3]1월'!$F$6:$CC$57,3,),)/1000 -> 0 | S31: =+P31-R31 -> 566.162 | T31: =+IFERROR(HLOOKUP($B31,'[1]1월'!$D$6:$BN$259,21,),)/1000 -> -55.517927 | U31: =+IFERROR(HLOOKUP($F31,'[2]1월'!$F$6:$CP$99,21,),)/1000 -> 72.163163 | V31: =+U31-T31 -> 127.68109 | W31: =+IFERROR(HLOOKUP($F31,'[3]1월'!$F$6:$CC$57,16,),)/1000 -> -9.33373 | X31: =+U31-W31 -> 81.496893
H32: 골재 계 | J32: =SUM(J29:J31) -> 76.628971 | K32: =SUM(K29:K31) -> 84.517 | L32: =+K32-J32 -> 7.8880294 | M32: =SUM(M29:M31) -> 65.885 | N32: =+K32-M32 -> 18.632 | O32: =SUM(O29:O31) -> 1600.163 | P32: =SUM(P29:P31) -> 1719.52 | Q32: =+P32-O32 -> 119.357 | R32: =SUM(R29:R31) -> 1298.828 | S32: =+P32-R32 -> 420.692 | T32: =SUM(T29:T31) -> 27.025024 | U32: =SUM(U29:U31) -> 184.07373 | V32: =+U32-T32 -> 157.04871 | W32: =SUM(W29:W31) -> 18.434556 | X32: =+U32-W32 -> 165.63918
B33: 포항임대 | C33: 속초임대 | D33: 강릉임대 | E33: 레미콘임대 계 | G33: =+I33 -> 레미콘임대 | H33: 기타 | I33: 레미콘임대 | L33: =+K33-J33 -> 0 | N33: =+K33-M33 -> 0 | O33: =(IFERROR(HLOOKUP($B33,'[1]1월'!$D$6:$BN$259,3,),)++IFERROR(HLOOKUP($C33,'[1]1월'!$D$6:$BN$259,3,),)+IFERROR(HLOOKUP($D33,'[1]1월'!$D$6:$BN$259,3,),))/1000 -> 90.84 | P33: =+IFERROR(HLOOKUP($E33,'[2]1월'!$F$6:$CP$99,3,),)/1000 -> 90.84 | Q33: =+P33-O33 -> 0 | R33: =+IFERROR(HLOOKUP($E33,'[3]1월'!$F$6:$CC$57,3,),)/1000 -> 78.34 | S33: =+P33-R33 -> 12.5 | T33: =(IFERROR(HLOOKUP($B33,'[1]1월'!$D$6:$BN$259,21,),)++IFERROR(HLOOKUP($C33,'[1]1월'!$D$6:$BN$259,21,),)+IFERROR(HLOOKUP($D33,'[1]1월'!$D$6:$BN$259,21,),))/1000 -> 72.165959 | U33: =+IFERROR(HLOOKUP($E33,'[2]1월'!$F$6:$CP$99,16,),)/1000 -> 71.79658 | V33: =+U33-T33 -> -0.369379 | W33: =+IFERROR(HLOOKUP($E33,'[3]1월'!$F$6:$CC$57,16,),)/1000 -> 59.685201 | X33: =+U33-W33 -> 12.111379
B34: 부동산임대 | C34: 주유소임대 | E34: 임대 계 | G34: =+I34 -> 임대 | I34: 임대 | L34: =+K34-J34 -> 0 | M34: 0 | N34: =+K34-M34 -> 0 | O34: =(+IFERROR(HLOOKUP($B34,'[1]1월'!$D$6:$BN$259,3,),)+IFERROR(HLOOKUP($C34,'[1]1월'!$D$6:$BN$259,3,),))/1000 -> 72.2975 | P34: =+IFERROR(HLOOKUP($E34,'[2]1월'!$F$6:$CP$99,3,),)/1000 -> 71.933111 | Q34: =+P34-O34 -> -0.36438933 | R34: =+IFERROR(HLOOKUP($E34,'[3]1월'!$F$6:$CC$57,3,),)/1000 -> 94.115918 | S34: =+P34-R34 -> -22.182807 | T34: =(+IFERROR(HLOOKUP($B34,'[1]1월'!$D$6:$BN$259,21,),)+IFERROR(HLOOKUP($C34,'[1]1월'!$D$6:$BN$259,21,),))/1000 -> 62.030473 | U34: =+IFERROR(HLOOKUP($E34,'[2]1월'!$F$6:$CP$99,16,),)/1000 -> 61.824294 | V34: =+U34-T34 -> -0.20617933 | W34: =+IFERROR(HLOOKUP($E34,'[3]1월'!$F$6:$CC$57,16,),)/1000 -> 39.911628 | X34: =+U34-W34 -> 21.912666
B35: 공 통 비 | G35: =+I35 -> 공통비 | I35: 공통비 | L35: =+K35-J35 -> 0 | N35: =+K35-M35 -> 0 | Q35: =+P35-O35 -> 0 | S35: =+P35-R35 -> 0 | T35: =-'[1]1월'!$Z$22/1000 -> -1461.295 | U35: =+-'[2]1월'!$Z$22/1000 -> -1549.2991 | V35: =+U35-T35 -> -88.004163 | W35: =+-'[3]1월'!$Z$22/1000 -> -1236.2774 | X35: =+U35-W35 -> -313.02176
G36: =+I36 -> OPC 소급분 | I36: OPC 소급분 | N36: =+K36-M36 -> 0 | Q36: =+P36-O36 -> 0 | S36: =+P36-R36 -> 0 | T36: =+'[1]1월'!$AS$26/1000 -> 0 | U36: =-'[2]1월'!$BD$26/1000 -> 0 | V36: =+U36-T36 -> 0 | W36: =-'[3]1월'!$BD$26/1000 -> 0 | X36: =+U36-W36 -> 0
G37: =+I37 -> 대손 | I37: 대손 | N37: =+K37-M37 -> 0 | Q37: =+P37-O37 -> 0 | S37: =+P37-R37 -> 0 | U37: =-'[2]1월'!$BE$26/1000 -> 0 | V37: =+U37-T37 -> 0 | W37: =-'[3]1월'!$BE$26/1000 -> 0 | X37: =+U37-W37 -> 0
G38: =+I38 -> 미운영 공장 | I38: 미운영 공장 | M38: =SUM(M54:M57) -> 0 | N38: =+K38-M38 -> 0 | Q38: =+P38-O38 -> 0 | S38: =+P38-R38 -> 0 | T38: =SUM('[1]1월'!$AM$26:$AQ$26)/1000 -> -35.767484 | U38: =+'[2]1월'!$BF$26/1000 -> -36.069287 | V38: =+U38-T38 -> -0.30180256 | W38: =+'[3]1월'!$BF$26/1000 -> -8.200843 | X38: =+U38-W38 -> -27.868444
B39: 기타 계 | G39: =+I39 -> 기타 | I39: 기타 | L39: =+K39-J39 -> 0 | N39: =+K39-M39 -> 0 | O39: =IFERROR(HLOOKUP($B39,'[1]1월'!$D$6:$BN$259,3,),)/1000 -> 1.77 | P39: =+('[2]1월'!$F$8-SUM('[2]1월'!$Z$8,'[2]1월'!$AH$8,'[2]1월'!$AN$8,'[2]1월'!$AO$8,'[2]1월'!$BA$8,'[2]1월'!$BD$8,'[2]1월'!$BE$8,'[2]1월'!$BF$8))/1000 -> 1.7024 | Q39: =+P39-O39 -> -0.0676 | R39: =+('[3]1월'!$F$8-SUM('[3]1월'!$Z$8,'[3]1월'!$AH$8,'[3]1월'!$AN$8,'[3]1월'!$AO$8,'[3]1월'!$BA$8,'[3]1월'!$BD$8,'[3]1월'!$BE$8,'[3]1월'!$BF$8))/1000 -> 1.6661 | S39: =+P39-R39 -> 0.0363 | T39: =+('[1]1월'!$E$26-'[1]1월'!$Z$26-'[1]1월'!$AA$26-'[1]1월'!$AE$26-'[1]1월'!$AL$26-'[1]1월'!$AM$26-'[1]1월'!$AN$26-'[1]1월'!$AO$26-'[1]1월'!$AP$26-'[1]1월'!$AQ$26-'[1]1월'!$AS$26)/1000 -> -15.985408 | U39: =+('[2]1월'!$F$26-SUM('[2]1월'!$Z$26,'[2]1월'!$AH$26,'[2]1월'!$AN$26,'[2]1월'!$AO$26,'[2]1월'!$BA$26,'[2]1월'!$BD$26,'[2]1월'!$BE$26,'[2]1월'!$BF$26))/1000 -> -17.114136 | V39: =+U39-T39 -> -1.128728 | W39: =+('[3]1월'!$F$26-SUM('[3]1월'!$Z$26,'[3]1월'!$AH$26,'[3]1월'!$AN$26,'[3]1월'!$AO$26,'[3]1월'!$BA$26,'[3]1월'!$BD$26,'[3]1월'!$BE$26,'[3]1월'!$BF$26))/1000 -> -17.003696 | X39: =+U39-W39 -> -0.11044
N40: =+K40-M40 -> 0 | Q40: =+P40-O40 -> 0 | S40: =+P40-R40 -> 0 | V40: =+U40-T40 -> 0
H41: 기타 계 | J41: =SUM(J33:J40) -> 0 | K41: =SUM(K33:K40) -> 0 | L41: =+K41-J41 -> 0 | M41: =SUM(M33:M40) -> 0 | N41: =+K41-M41 -> 0 | O41: =SUM(O33:O40) -> 164.9075 | P41: =SUM(P33:P40) -> 164.47551 | Q41: =+P41-O41 -> -0.43198933 | R41: =SUM(R33:R40) -> 174.12202 | S41: =+P41-R41 -> -9.646507 | T41: =SUM(T33:T40) -> -1378.8514 | U41: =SUM(U33:U40) -> -1468.8617 | V41: =+U41-T41 -> -90.010251 | W41: =SUM(W33:W40) -> -1161.8851 | X41: =+U41-W41 -> -306.97659
G43: =+P43/O43 -> 1.0808428 | H43: 합계 | O43: =+O27+O32+O28+O41 -> 34387.608 | P43: =+P27+P32+P28+P41 -> 37167.599 | Q43: =+P43-O43 -> 2779.991 | R43: =+R27+R32+R28+R41 -> 35074.44 | S43: =+P43-R43 -> 2093.1587 | T43: =+T27+T32+T28+T41 -> 1003.6636 | U43: =+U27+U32+U28+U41 -> 1115.0685 | V43: =+U43-T43 -> 111.40491 | W43: =+W27+W32+W28+W41 -> 1472.3577 | X43: =+U43-W43 -> -357.28919
G44: =+U43/T43 -> 1.1109982 | T44: =+T43/O43 -> 0.029186783 | U44: =+U43/P43 -> 0.030001092
I46: 확인 | J46: =+'[1]1월'!$Z$7/1000 -> 241 | K46: =+'[2]1월'!$AI$7/1000 -> 278.8855 | M46: =+'[3]1월'!$Z$7/1000 -> 268.581 | O46: =+'[1]1월'!$E$8/1000 -> 34387.608 | P46: =+'[2]1월'!$F$8/1000 -> 37167.599 | R46: =+'[3]1월'!$F$8/1000 -> 35074.44 | T46: =+'[1]1월'!$E$26/1000 -> 1003.6636 | U46: =+'[2]1월'!$F$26/1000 -> 1115.0685 | W46: =+'[3]1월'!$F$26/1000 -> 1472.3577
J47: =+J46-J27 -> 0 | K47: =+K46-K27 -> 0 | M47: =+M46-M27 -> 0 | O47: =+O46-O43 -> 0 | P47: =+P46-P43 -> 0 | R47: =+R46-R43 -> 0 | T47: =+T46-T43 -> 3.8653525e-12 | U47: =+U46-U43 -> 0 | W47: =+W46-W43 -> 0

Sheet 사업장별(누계)
H3: □ 사업장별 손익실적(2024-01)
AG4: [단위 : 천㎥, 톤, 백만원]
H5: 구분 | J5: 물량 | O5: 매출 | T5: 영업이익(공통비 배부전) | Y5: 판매단가 | AB5: 변동비 | AE5: 공헌이익
J6: 계획 | K6: 실적 | L6: 차이 | M6: 전년 | N6: 차이 | O6: 계획 | P6: 실적 | Q6: 차이 | R6: 전년 | S6: 차이 | T6: 계획 | U6: 실적 | V6: 차이 | W6: 전년 | X6: 차이 | Y6: 계획 | Z6: 실적 | AA6: 전년 | AB6: 계획 | AC6: 실적 | AD6: 전년 | AE6: 계획 | AF6: 실적 | AG6: 전년
B7: 안양 | H7: 레미콘 | I7: 안양 | J7: =+IFERROR(HLOOKUP($B7,'[1]1월'!$D$6:$BN$259,2,),)/1000 -> 37 | K7: =+IFERROR(HLOOKUP($B7,'[2]1월'!$F$6:$CP$99,2,),)/1000 -> 45.761 | L7: =+K7-J7 -> 8.761 | M7: =+IFERROR(HLOOKUP($B7,'[3]1월'!$F$6:$CC$57,2,),)/1000 -> 39.266 | N7: =+K7-M7 -> 6.495 | O7: =+IFERROR(HLOOKUP($B7,'[1]1월'!$D$6:$BN$259,3,),)/1000 -> 3581.7519 | P7: =+IFERROR(HLOOKUP($B7,'[2]1월'!$F$6:$CP$99,3,),)/1000 -> 4371.1989 | Q7: =+P7-O7 -> 789.44705 | R7: =+IFERROR(HLOOKUP($B7,'[3]1월'!$F$6:$CC$57,3,),)/1000 -> 3529.8298 | S7: =+P7-R7 -> 841.3691 | T7: =+IFERROR(HLOOKUP($B7,'[1]1월'!$D$6:$BN$259,16,),)/1000 -> 326.89293 | U7: =+IFERROR(HLOOKUP($B7,'[2]1월'!$F$6:$CP$99,16,),)/1000 -> 337.22639 | V7: =+U7-T7 -> 10.333459 | W7: =+IFERROR(HLOOKUP($B7,'[3]1월'!$F$6:$CC$57,16,),)/1000 -> 393.29113 | X7: =+U7-W7 -> -56.06474 | Y7: =+[4]안양!$Q$85 -> 96804.104 | Z7: =+[4]안양!$R$85 -> 95522.364 | AA7: =+[5]안양!$Q$85 -> 89895.324 | AB7: =+[4]안양!$Q$89 -> 79892.321 | AC7: =+[4]안양!$R$89 -> 81107.602 | AD7: =+[5]안양!$Q$89 -> 72443.519 | AE7: =+Y7-AB7 -> 16911.783 | AF7: =+Z7-AC7 -> 14414.762 | AG7: =+AA7-AD7 -> 17451.805
B8: 인천 | H8: 직영 | I8: 인천 | J8: =+IFERROR(HLOOKUP($B8,'[1]1월'!$D$6:$BN$259,2,),)/1000 -> 28 | K8: =+IFERROR(HLOOKUP($B8,'[2]1월'!$F$6:$CP$99,2,),)/1000 -> 28.34 | L8: =+K8-J8 -> 0.34 | M8: =+IFERROR(HLOOKUP($B8,'[3]1월'!$F$6:$CC$57,2,),)/1000 -> 24.957 | N8: =+K8-M8 -> 3.383 | O8: =+IFERROR(HLOOKUP($B8,'[1]1월'!$D$6:$BN$259,3,),)/1000 -> 2739.7515 | P8: =+IFERROR(HLOOKUP($B8,'[2]1월'!$F$6:$CP$99,3,),)/1000 -> 2766.8113 | Q8: =+P8-O8 -> 27.059798 | R8: =+IFERROR(HLOOKUP($B8,'[3]1월'!$F$6:$CC$57,3,),)/1000 -> 2220.1667 | S8: =+P8-R8 -> 546.64461 | T8: =+IFERROR(HLOOKUP($B8,'[1]1월'!$D$6:$BN$259,16,),)/1000 -> 125.23471 | U8: =+IFERROR(HLOOKUP($B8,'[2]1월'!$F$6:$CP$99,16,),)/1000 -> 102.92462 | V8: =+U8-T8 -> -22.31009 | W8: =+IFERROR(HLOOKUP($B8,'[3]1월'!$F$6:$CC$57,16,),)/1000 -> 29.293796 | X8: =+U8-W8 -> 73.630826 | Y8: =+[4]인천!$Q$85 -> 97848.269 | Z8: =+[4]인천!$R$85 -> 97629.193 | AA8: =+[5]인천!$Q$85 -> 88932.118 | AB8: =+[4]인천!$Q$89 -> 81867.136 | AC8: =+[4]인천!$R$89 -> 84063.445 | AD8: =+[5]인천!$Q$89 -> 74896.804 | AE8: =+Y8-AB8 -> 15981.133 | AF8: =+Z8-AC8 -> 13565.748 | AG8: =+AA8-AD8 -> 14035.314
B9: 파주 | I9: 파주 | J9: =+IFERROR(HLOOKUP($B9,'[1]1월'!$D$6:$BN$259,2,),)/1000 -> 20 | K9: =+IFERROR(HLOOKUP($B9,'[2]1월'!$F$6:$CP$99,2,),)/1000 -> 22.882 | L9: =+K9-J9 -> 2.882 | M9: =+IFERROR(HLOOKUP($B9,'[3]1월'!$F$6:$CC$57,2,),)/1000 -> 20.905 | N9: =+K9-M9 -> 1.977 | O9: =+IFERROR(HLOOKUP($B9,'[1]1월'!$D$6:$BN$259,3,),)/1000 -> 1918.6197 | P9: =+IFERROR(HLOOKUP($B9,'[2]1월'!$F$6:$CP$99,3,),)/1000 -> 2301.3269 | Q9: =+P9-O9 -> 382.70724 | R9: =+IFERROR(HLOOKUP($B9,'[3]1월'!$F$6:$CC$57,3,),)/1000 -> 1836.6317 | S9: =+P9-R9 -> 464.69519 | T9: =+IFERROR(HLOOKUP($B9,'[1]1월'!$D$6:$BN$259,16,),)/1000 -> 141.9663 | U9: =+IFERROR(HLOOKUP($B9,'[2]1월'!$F$6:$CP$99,16,),)/1000 -> 116.27631 | V9: =+U9-T9 -> -25.689992 | W9: =+IFERROR(HLOOKUP($B9,'[3]1월'!$F$6:$CC$57,16,),)/1000 -> 0.643766 | X9: =+U9-W9 -> 115.63255 | Y9: =+[4]파주!$Q$85 -> 95930.984 | Z9: =+[4]파주!$R$85 -> 100573.68 | AA9: =+[5]파주!$Q$85 -> 87902.852 | AB9: =+[4]파주!$Q$89 -> 77860.175 | AC9: =+[4]파주!$R$89 -> 84086.773 | AD9: =+[5]파주!$Q$89 -> 76114 | AE9: =+Y9-AB9 -> 18070.809 | AF9: =+Z9-AC9 -> 16486.906 | AG9: =+AA9-AD9 -> 11788.851
B10: 김포 | I10: 김포 | J10: =+IFERROR(HLOOKUP($B10,'[1]1월'!$D$6:$BN$259,2,),)/1000 -> 8 | K10: =+IFERROR(HLOOKUP($B10,'[2]1월'!$F$6:$CP$99,2,),)/1000 -> 5.281 | L10: =+K10-J10 -> -2.719 | M10: =+IFERROR(HLOOKUP($B10,'[3]1월'!$F$6:$CC$57,2,),)/1000 -> 8.248 | N10: =+K10-M10 -> -2.967 | O10: =+IFERROR(HLOOKUP($B10,'[1]1월'!$D$6:$BN$259,3,),)/1000 -> 742.2165 | P10: =+IFERROR(HLOOKUP($B10,'[2]1월'!$F$6:$CP$99,3,),)/1000 -> 486.8436 | Q10: =+P10-O10 -> -255.3729 | R10: =+IFERROR(HLOOKUP($B10,'[3]1월'!$F$6:$CC$57,3,),)/1000 -> 695.81949 | S10: =+P10-R10 -> -208.97589 | T10: =+IFERROR(HLOOKUP($B10,'[1]1월'!$D$6:$BN$259,16,),)/1000 -> -13.085594 | U10: =+IFERROR(HLOOKUP($B10,'[2]1월'!$F$6:$CP$99,16,),)/1000 -> -70.351562 | V10: =+U10-T10 -> -57.265968 | W10: =+IFERROR(HLOOKUP($B10,'[3]1월'!$F$6:$CC$57,16,),)/1000 -> -15.683073 | X10: =+U10-W10 -> -54.668489 | Y10: =+[4]김포!$Q$85 -> 92777.062 | Z10: =+[4]김포!$R$85 -> 92187.767 | AA10: =+[5]김포!$Q$85 -> 84362.208 | AB10: =+[4]김포!$Q$89 -> 73698.667 | AC10: =+[4]김포!$R$89 -> 75942.492 | AD10: =+[5]김포!$Q$89 -> 66383.614 | AE10: =+Y10-AB10 -> 19078.396 | AF10: =+Z10-AC10 -> 16245.275 | AG10: =+AA10-AD10 -> 17978.594
B11: 부산 | I11: 부산 | J11: =+IFERROR(HLOOKUP($B11,'[1]1월'!$D$6:$BN$259,2,),)/1000 -> 18 | K11: =+IFERROR(HLOOKUP($B11,'[2]1월'!$F$6:$CP$99,2,),)/1000 -> 23.815 | L11: =+K11-J11 -> 5.815 | M11: =+IFERROR(HLOOKUP($B11,'[3]1월'!$F$6:$CC$57,2,),)/1000 -> 24.118 | N11: =+K11-M11 -> -0.303 | O11: =+IFERROR(HLOOKUP($B11,'[1]1월'!$D$6:$BN$259,3,),)/1000 -> 1936.7942 | P11: =+IFERROR(HLOOKUP($B11,'[2]1월'!$F$6:$CP$99,3,),)/1000 -> 2518.1609 | Q11: =+P11-O11 -> 581.36664 | R11: =+IFERROR(HLOOKUP($B11,'[3]1월'!$F$6:$CC$57,3,),)/1000 -> 2452.0565 | S11: =+P11-R11 -> 66.104366 | T11: =+IFERROR(HLOOKUP($B11,'[1]1월'!$D$6:$BN$259,16,),)/1000 -> 245.36511 | U11: =+IFERROR(HLOOKUP($B11,'[2]1월'!$F$6:$CP$99,16,),)/1000 -> 298.81115 | V11: =+U11-T11 -> 53.44604 | W11: =+IFERROR(HLOOKUP($B11,'[3]1월'!$F$6:$CC$57,16,),)/1000 -> 433.03577 | X11: =+U11-W11 -> -134.22462 | Y11: =+[4]부산!$Q$85 -> 107599.68 | Z11: =+[4]부산!$R$85 -> 105738.44 | AA11: =+[5]부산!$Q$85 -> 101668.21 | AB11: =+[4]부산!$Q$89 -> 78358.379 | AC11: =+[4]부산!$R$89 -> 82993.734 | AD11: =+[5]부산!$Q$89 -> 73283.728 | AE11: =+Y11-AB11 -> 29241.301 | AF11: =+Z11-AC11 -> 22744.702 | AG11: =+AA11-AD11 -> 28384.483
B12: 서부산 | I12: 서부산 | J12: =+IFERROR(HLOOKUP($B12,'[1]1월'!$D$6:$BN$259,2,),)/1000 -> 21 | K12: =+IFERROR(HLOOKUP($B12,'[2]1월'!$F$6:$CP$99,2,),)/1000 -> 23.91 | L12: =+K12-J12 -> 2.91 | M12: =+IFERROR(HLOOKUP($B12,'[3]1월'!$F$6:$CC$57,2,),)/1000 -> 20.168 | N12: =+K12-M12 -> 3.742 | O12: =+IFERROR(HLOOKUP($B12,'[1]1월'!$D$6:$BN$259,3,),)/1000 -> 2165.1353 | P12: =+IFERROR(HLOOKUP($B12,'[2]1월'!$F$6:$CP$99,3,),)/1000 -> 2338.4863 | Q12: =+P12-O12 -> 173.35098 | R12: =+IFERROR(HLOOKUP($B12,'[3]1월'!$F$6:$CC$57,3,),)/1000 -> 1845.0339 | S12: =+P12-R12 -> 493.4524 | T12: =+IFERROR(HLOOKUP($B12,'[1]1월'!$D$6:$BN$259,16,),)/1000 -> 313.84242 | U12: =+IFERROR(HLOOKUP($B12,'[2]1월'!$F$6:$CP$99,16,),)/1000 -> 198.0884 | V12: =+U12-T12 -> -115.75402 | W12: =+IFERROR(HLOOKUP($B12,'[3]1월'!$F$6:$CC$57,16,),)/1000 -> 187.27144 | X12: =+U12-W12 -> 10.816962 | Y12: =+[4]서부산!$Q$85 -> 103101.68 | Z12: =+[4]서부산!$R$85 -> 97803.693 | AA12: =+[5]서부산!$Q$85 -> 91483.236 | AB12: =+[4]서부산!$Q$89 -> 77368.389 | AC12: =+[4]서부산!$R$89 -> 79885.068 | AD12: =+[5]서부산!$Q$89 -> 71161.531 | AE12: =+Y12-AB12 -> 25733.292 | AF12: =+Z12-AC12 -> 17918.625 | AG12: =+AA12-AD12 -> 20321.705
B13: 김해 | I13: 김해 | J13: =+IFERROR(HLOOKUP($B13,'[1]1월'!$D$6:$BN$259,2,),)/1000 -> 10 | K13: =+IFERROR(HLOOKUP($B13,'[2]1월'!$F$6:$CP$99,2,),)/1000 -> 12.339 | L13: =+K13-J13 -> 2.339 | M13: =+IFERROR(HLOOKUP($B13,'[3]1월'!$F$6:$CC$57,2,),)/1000 -> 11.598 | N13: =+K13-M13 -> 0.741 | O13: =+IFERROR(HLOOKUP($B13,'[1]1월'!$D$6:$BN$259,3,),)/1000 -> 1009.996 | P13: =+IFERROR(HLOOKUP($B13,'[2]1월'!$F$6:$CP$99,3,),)/1000 -> 1225.7102 | Q13: =+P13-O13 -> 215.7142 | R13: =+IFERROR(HLOOKUP($B13,'[3]1월'!$F$6:$CC$57,3,),)/1000 -> 1096.6881 | S13: =+P13-R13 -> 129.0221 | T13: =+IFERROR(HLOOKUP($B13,'[1]1월'!$D$6:$BN$259,16,),)/1000 -> 74.513101 | U13: =+IFERROR(HLOOKUP($B13,'[2]1월'!$F$6:$CP$99,16,),)/1000 -> 82.439169 | V13: =+U13-T13 -> 7.9260679 | W13: =+IFERROR(HLOOKUP($B13,'[3]1월'!$F$6:$CC$57,16,),)/1000 -> 87.333868 | X13: =+U13-W13 -> -4.894699 | Y13: =+[4]김해!$Q$85 -> 100999.6 | Z13: =+[4]김해!$R$85 -> 99339.807 | AA13: =+[5]김해!$Q$85 -> 94585.859 | AB13: =+[4]김해!$Q$89 -> 76745.601 | AC13: =+[4]김해!$R$89 -> 80683.799 | AD13: =+[5]김해!$Q$89 -> 73642.29 | AE13: =+Y13-AB13 -> 24253.999 | AF13: =+Z13-AC13 -> 18656.008 | AG13: =+AA13-AD13 -> 20943.57
B14: 정관 | I14: 정관 | J14: =+IFERROR(HLOOKUP($B14,'[1]1월'!$D$6:$BN$259,2,),)/1000 -> 18 | K14: =+IFERROR(HLOOKUP($B14,'[2]1월'!$F$6:$CP$99,2,),)/1000 -> 21.5175 | L14: =+K14-J14 -> 3.5175 | M14: =+IFERROR(HLOOKUP($B14,'[3]1월'!$F$6:$CC$57,2,),)/1000 -> 18.264 | N14: =+K14-M14 -> 3.2535 | O14: =+IFERROR(HLOOKUP($B14,'[1]1월'!$D$6:$BN$259,3,),)/1000 -> 1872 | P14: =+IFERROR(HLOOKUP($B14,'[2]1월'!$F$6:$CP$99,3,),)/1000 -> 2218.1056 | Q14: =+P14-O14 -> 346.10565 | R14: =+IFERROR(HLOOKUP($B14,'[3]1월'!$F$6:$CC$57,3,),)/1000 -> 1770.7951 | S14: =+P14-R14 -> 447.31055 | T14: =+IFERROR(HLOOKUP($B14,'[1]1월'!$D$6:$BN$259,16,),)/1000 -> 244.37138 | U14: =+IFERROR(HLOOKUP($B14,'[2]1월'!$F$6:$CP$99,16,),)/1000 -> 256.96584 | V14: =+U14-T14 -> 12.594457 | W14: =+IFERROR(HLOOKUP($B14,'[3]1월'!$F$6:$CC$57,16,),)/1000 -> 235.72105 | X14: =+U14-W14 -> 21.24479 | Y14: =+[4]정관!$Q$85 -> 104000 | Z14: =+[4]정관!$R$85 -> 103083.8 | AA14: =+[5]정관!$Q$85 -> 96955.492 | AB14: =+[4]정관!$Q$89 -> 78930.42 | AC14: =+[4]정관!$R$89 -> 81962.525 | AD14: =+[5]정관!$Q$89 -> 73083.967 | AE14: =+Y14-AB14 -> 25069.58 | AF14: =+Z14-AC14 -> 21121.274 | AG14: =+AA14-AD14 -> 23871.525
B15: 양산 | I15: 양산 | J15: =+IFERROR(HLOOKUP($B15,'[1]1월'!$D$6:$BN$259,2,),)/1000 -> 11 | K15: =+IFERROR(HLOOKUP($B15,'[2]1월'!$F$6:$CP$99,2,),)/1000 -> 13.864 | L15: =+K15-J15 -> 2.864 | M15: =+IFERROR(HLOOKUP($B15,'[3]1월'!$F$6:$CC$57,2,),)/1000 -> 12.092 | N15: =+K15-M15 -> 1.772 | O15: =+IFERROR(HLOOKUP($B15,'[1]1월'!$D$6:$BN$259,3,),)/1000 -> 1059.0887 | P15: =+IFERROR(HLOOKUP($B15,'[2]1월'!$F$6:$CP$99,3,),)/1000 -> 1311.9159 | Q15: =+P15-O15 -> 252.82724 | R15: =+IFERROR(HLOOKUP($B15,'[3]1월'!$F$6:$CC$57,3,),)/1000 -> 1104.9134 | S15: =+P15-R15 -> 207.0025 | T15: =+IFERROR(HLOOKUP($B15,'[1]1월'!$D$6:$BN$259,16,),)/1000 -> 120.73507 | U15: =+IFERROR(HLOOKUP($B15,'[2]1월'!$F$6:$CP$99,16,),)/1000 -> 152.26055 | V15: =+U15-T15 -> 31.525481 | W15: =+IFERROR(HLOOKUP($B15,'[3]1월'!$F$6:$CC$57,16,),)/1000 -> 138.27595 | X15: =+U15-W15 -> 13.984595 | Y15: =+[4]양산!$Q$85 -> 96280.788 | Z15: =+[4]양산!$R$85 -> 94627.517 | AA15: =+[5]양산!$Q$85 -> 91386.531 | AB15: =+[4]양산!$Q$89 -> 71791.379 | AC15: =+[4]양산!$R$89 -> 73539.584 | AD15: =+[5]양산!$Q$89 -> 67798.421 | AE15: =+Y15-AB15 -> 24489.409 | AF15: =+Z15-AC15 -> 21087.933 | AG15: =+AA15-AD15 -> 23588.11
B16: 창원 | I16: 창원 | J16: =+IFERROR(HLOOKUP($B16,'[1]1월'!$D$6:$BN$259,2,),)/1000 -> 14 | K16: =+IFERROR(HLOOKUP($B16,'[2]1월'!$F$6:$CP$99,2,),)/1000 -> 17.315 | L16: =+K16-J16 -> 3.315 | M16: =+IFERROR(HLOOKUP($B16,'[3]1월'!$F$6:$CC$57,2,),)/1000 -> 18.165 | N16: =+K16-M16 -> -0.85 | O16: =+IFERROR(HLOOKUP($B16,'[1]1월'!$D$6:$BN$259,3,),)/1000 -> 1394.204 | P16: =+IFERROR(HLOOKUP($B16,'[2]1월'!$F$6:$CP$99,3,),)/1000 -> 1843.6711 | Q16: =+P16-O16 -> 449.4671 | R16: =+IFERROR(HLOOKUP($B16,'[3]1월'!$F$6:$CC$57,3,),)/1000 -> 1684.7087 | S16: =+P16-R16 -> 158.9624 | T16: =+IFERROR(HLOOKUP($B16,'[1]1월'!$D$6:$BN$259,16,),)/1000 -> 182.43936 | U16: =+IFERROR(HLOOKUP($B16,'[2]1월'!$F$6:$CP$99,16,),)/1000 -> 299.90023 | V16: =+U16-T16 -> 117.46087 | W16: =+IFERROR(HLOOKUP($B16,'[3]1월'!$F$6:$CC$57,16,),)/1000 -> 292.02561 | X16: =+U16-W16 -> 7.874615 | Y16: =+[4]창원!$Q$85 -> 99586 | Z16: =+[4]창원!$R$85 -> 106478.26 | AA16: =+[5]창원!$Q$85 -> 92744.767 | AB16: =+[4]창원!$Q$89 -> 72320.546 | AC16: =+[4]창원!$R$89 -> 77287.77 | AD16: =+[5]창원!$Q$89 -> 66159.287 | AE16: =+Y16-AB16 -> 27265.454 | AF16: =+Z16-AC16 -> 29190.491 | AG16: =+AA16-AD16 -> 26585.48
B17: 대구 | I17: 대구 | J17: =+IFERROR(HLOOKUP($B17,'[1]1월'!$D$6:$BN$259,2,),)/1000 -> 13.5 | K17: =+IFERROR(HLOOKUP($B17,'[2]1월'!$F$6:$CP$99,2,),)/1000 -> 14.7545 | L17: =+K17-J17 -> 1.2545 | M17: =+IFERROR(HLOOKUP($B17,'[3]1월'!$F$6:$CC$57,2,),)/1000 -> 19.5995 | N17: =+K17-M17 -> -4.845 | O17: =+IFERROR(HLOOKUP($B17,'[1]1월'!$D$6:$BN$259,3,),)/1000 -> 1320.3 | P17: =+IFERROR(HLOOKUP($B17,'[2]1월'!$F$6:$CP$99,3,),)/1000 -> 1474.5359 | Q17: =+P17-O17 -> 154.2359 | R17: =+IFERROR(HLOOKUP($B17,'[3]1월'!$F$6:$CC$57,3,),)/1000 -> 1726.7423 | S17: =+P17-R17 -> -252.20645 | T17: =+IFERROR(HLOOKUP($B17,'[1]1월'!$D$6:$BN$259,16,),)/1000 -> 168.2638 | U17: =+IFERROR(HLOOKUP($B17,'[2]1월'!$F$6:$CP$99,16,),)/1000 -> 205.45768 | V17: =+U17-T17 -> 37.193881 | W17: =+IFERROR(HLOOKUP($B17,'[3]1월'!$F$6:$CC$57,16,),)/1000 -> 251.62929 | X17: =+U17-W17 -> -46.171605 | Y17: =+[4]대구!$Q$85 -> 97800 | Z17: =+[4]대구!$R$85 -> 99938.046 | AA17: =+[5]대구!$Q$85 -> 88101.347 | AB17: =+[4]대구!$Q$89 -> 71441.174 | AC17: =+[4]대구!$R$89 -> 74479.86 | AD17: =+[5]대구!$Q$89 -> 65599.88 | AE17: =+Y17-AB17 -> 26358.826 | AF17: =+Z17-AC17 -> 25458.186 | AG17: =+AA17-AD17 -> 22501.467
B18: 울산 | I18: 울산 | J18: =+IFERROR(HLOOKUP($B18,'[1]1월'!$D$6:$BN$259,2,),)/1000 -> 5 | K18: =+IFERROR(HLOOKUP($B18,'[2]1월'!$F$6:$CP$99,2,),)/1000 -> 5.383 | L18: =+K18-J18 -> 0.383 | M18: =+IFERROR(HLOOKUP($B18,'[3]1월'!$F$6:$CC$57,2,),)/1000 -> 8.1305 | N18: =+K18-M18 -> -2.7475 | O18: =+IFERROR(HLOOKUP($B18,'[1]1월'!$D$6:$BN$259,3,),)/1000 -> 490.01366 | P18: =+IFERROR(HLOOKUP($B18,'[2]1월'!$F$6:$CP$99,3,),)/1000 -> 560.6076 | Q18: =+P18-O18 -> 70.59394 | R18: =+IFERROR(HLOOKUP($B18,'[3]1월'!$F$6:$CC$57,3,),)/1000 -> 780.75985 | S18: =+P18-R18 -> -220.15225 | T18: =+IFERROR(HLOOKUP($B18,'[1]1월'!$D$6:$BN$259,16,),)/1000 -> -50.284219 | U18: =+IFERROR(HLOOKUP($B18,'[2]1월'!$F$6:$CP$99,16,),)/1000 -> -2.687835 | V18: =+U18-T18 -> 47.596384 | W18: =+IFERROR(HLOOKUP($B18,'[3]1월'!$F$6:$CC$57,16,),)/1000 -> 38.844698 | X18: =+U18-W18 -> -41.532533 | Y18: =+[4]울산!$Q$85 -> 98002.732 | Z18: =+[4]울산!$R$85 -> 104144.08 | AA18: =+[5]울산!$Q$85 -> 96053.017 | AB18: =+[4]울산!$Q$89 -> 79706.615 | AC18: =+[4]울산!$R$89 -> 82948.249 | AD18: =+[5]울산!$Q$89 -> 74906.545 | AE18: =+Y18-AB18 -> 18296.117 | AF18: =+Z18-AC18 -> 21195.834 | AG18: =+AA18-AD18 -> 21146.472
B19: 아산 | I19: 아산 | J19: =+IFERROR(HLOOKUP($B19,'[1]1월'!$D$6:$BN$259,2,),)/1000 -> 15.5 | K19: =+IFERROR(HLOOKUP($B19,'[2]1월'!$F$6:$CP$99,2,),)/1000 -> 22.999 | L19: =+K19-J19 -> 7.499 | M19: =+IFERROR(HLOOKUP($B19,'[3]1월'!$F$6:$CC$57,2,),)/1000 -> 20.146 | N19: =+K19-M19 -> 2.853 | O19: =+IFERROR(HLOOKUP($B19,'[1]1월'!$D$6:$BN$259,3,),)/1000 -> 1565.4994 | P19: =+IFERROR(HLOOKUP($B19,'[2]1월'!$F$6:$CP$99,3,),)/1000 -> 2225.2769 | Q19: =+P19-O19 -> 659.7775 | R19: =+IFERROR(HLOOKUP($B19,'[3]1월'!$F$6:$CC$57,3,),)/1000 -> 1851.2001 | S19: =+P19-R19 -> 374.0768 | T19: =+IFERROR(HLOOKUP($B19,'[1]1월'!$D$6:$BN$259,16,),)/1000 -> 135.48481 | U19: =+IFERROR(HLOOKUP($B19,'[2]1월'!$F$6:$CP$99,16,),)/1000 -> 76.583958 | V19: =+U19-T19 -> -58.900847 | W19: =+IFERROR(HLOOKUP($B19,'[3]1월'!$F$6:$CC$57,16,),)/1000 -> 241.78052 | X19: =+U19-W19 -> -165.19657 | Y19: =+[4]아산!$Q$85 -> 100999.96 | Z19: =+[4]아산!$R$85 -> 96755.376 | AA19: =+[5]아산!$Q$85 -> 91745.374 | AB19: =+[4]아산!$Q$89 -> 77854.206 | AC19: =+[4]아산!$R$89 -> 82780.119 | AD19: =+[5]아산!$Q$89 -> 67815.424 | AE19: =+Y19-AB19 -> 23145.755 | AF19: =+Z19-AC19 -> 13975.257 | AG19: =+AA19-AD19 -> 23929.95
B20: 전주 | I20: 전주 | J20: =+IFERROR(HLOOKUP($B20,'[1]1월'!$D$6:$BN$259,2,),)/1000 -> 10 | K20: =+IFERROR(HLOOKUP($B20,'[2]1월'!$F$6:$CP$99,2,),)/1000 -> 6.567 | L20: =+K20-J20 -> -3.433 | M20: =+IFERROR(HLOOKUP($B20,'[3]1월'!$F$6:$CC$57,2,),)/1000 -> 8.263 | N20: =+K20-M20 -> -1.696 | O20: =+IFERROR(HLOOKUP($B20,'[1]1월'!$D$6:$BN$259,3,),)/1000 -> 1006.5891 | P20: =+IFERROR(HLOOKUP($B20,'[2]1월'!$F$6:$CP$99,3,),)/1000 -> 648.20874 | Q20: =+P20-O20 -> -358.38036 | R20: =+IFERROR(HLOOKUP($B20,'[3]1월'!$F$6:$CC$57,3,),)/1000 -> 717.62855 | S20: =+P20-R20 -> -69.419814 | T20: =+IFERROR(HLOOKUP($B20,'[1]1월'!$D$6:$BN$259,16,),)/1000 -> 109.5688 | U20: =+IFERROR(HLOOKUP($B20,'[2]1월'!$F$6:$CP$99,16,),)/1000 -> 24.564714 | V20: =+U20-T20 -> -85.004085 | W20: =+IFERROR(HLOOKUP($B20,'[3]1월'!$F$6:$CC$57,16,),)/1000 -> 14.677472 | X20: =+U20-W20 -> 9.887242 | Y20: =+[4]전주!$Q$85 -> 100658.91 | Z20: =+[4]전주!$R$85 -> 98706.98 | AA20: =+[5]전주!$Q$85 -> 86834.354 | AB20: =+[4]전주!$Q$89 -> 74727.497 | AC20: =+[4]전주!$R$89 -> 74181.954 | AD20: =+[5]전주!$Q$89 -> 65096.895 | AE20: =+Y20-AB20 -> 25931.412 | AF20: =+Z20-AC20 -> 24525.026 | AG20: =+AA20-AD20 -> 21737.459
B21: 군산 | I21: 군산 | J21: =+IFERROR(HLOOKUP($B21,'[1]1월'!$D$6:$BN$259,2,),)/1000 -> 4 | K21: =+IFERROR(HLOOKUP($B21,'[2]1월'!$F$6:$CP$99,2,),)/1000 -> 7.363 | L21: =+K21-J21 -> 3.363 | M21: =+IFERROR(HLOOKUP($B21,'[3]1월'!$F$6:$CC$57,2,),)/1000 -> 6.52 | N21: =+K21-M21 -> 0.843 | O21: =+IFERROR(HLOOKUP($B21,'[1]1월'!$D$6:$BN$259,3,),)/1000 -> 434.23396 | P21: =+IFERROR(HLOOKUP($B21,'[2]1월'!$F$6:$CP$99,3,),)/1000 -> 752.76158 | Q21: =+P21-O21 -> 318.52762 | R21: =+IFERROR(HLOOKUP($B21,'[3]1월'!$F$6:$CC$57,3,),)/1000 -> 582.53435 | S21: =+P21-R21 -> 170.22723 | T21: =+IFERROR(HLOOKUP($B21,'[1]1월'!$D$6:$BN$259,16,),)/1000 -> 58.09579 | U21: =+IFERROR(HLOOKUP($B21,'[2]1월'!$F$6:$CP$99,16,),)/1000 -> 157.32964 | V21: =+U21-T21 -> 99.233847 | W21: =+IFERROR(HLOOKUP($B21,'[3]1월'!$F$6:$CC$57,16,),)/1000 -> 86.060698 | X21: =+U21-W21 -> 71.268939 | Y21: =+[4]군산!$Q$85 -> 108558.49 | Z21: =+[4]군산!$R$85 -> 102235.72 | AA21: =+[5]군산!$Q$85 -> 89327.018 | AB21: =+[4]군산!$Q$89 -> 70400.342 | AC21: =+[4]군산!$R$89 -> 69601.844 | AD21: =+[5]군산!$Q$89 -> 62541.228 | AE21: =+Y21-AB21 -> 38158.15 | AF21: =+Z21-AC21 -> 32633.872 | AG21: =+AA21-AD21 -> 26785.79
B22: 원주 | I22: 원주 | J22: =+IFERROR(HLOOKUP($B22,'[1]1월'!$D$6:$BN$259,2,),)/1000 -> 4 | K22: =+IFERROR(HLOOKUP($B22,'[2]1월'!$F$6:$CP$99,2,),)/1000 -> 3.533 | L22: =+K22-J22 -> -0.467 | M22: =+IFERROR(HLOOKUP($B22,'[3]1월'!$F$6:$CC$57,2,),)/1000 -> 1.813 | N22: =+K22-M22 -> 1.72 | O22: =+IFERROR(HLOOKUP($B22,'[1]1월'!$D$6:$BN$259,3,),)/1000 -> 431.6 | P22: =+IFERROR(HLOOKUP($B22,'[2]1월'!$F$6:$CP$99,3,),)/1000 -> 412.2751 | Q22: =+P22-O22 -> -19.3249 | R22: =+IFERROR(HLOOKUP($B22,'[3]1월'!$F$6:$CC$57,3,),)/1000 -> 154.2127 | S22: =+P22-R22 -> 258.0624 | T22: =+IFERROR(HLOOKUP($B22,'[1]1월'!$D$6:$BN$259,16,),)/1000 -> 34.357 | U22: =+IFERROR(HLOOKUP($B22,'[2]1월'!$F$6:$CP$99,16,),)/1000 -> 53.424534 | V22: =+U22-T22 -> 19.067534 | W22: =+IFERROR(HLOOKUP($B22,'[3]1월'!$F$6:$CC$57,16,),)/1000 -> -48.466116 | X22: =+U22-W22 -> 101.89065 | Y22: =+[4]원주!$Q$85 -> 107900 | Z22: =+[4]원주!$R$85 -> 116692.64 | AA22: =+[5]원주!$Q$85 -> 85059.404 | AB22: =+[4]원주!$Q$89 -> 75438.971 | AC22: =+[4]원주!$R$89 -> 76321.153 | AD22: =+[5]원주!$Q$89 -> 65788.766 | AE22: =+Y22-AB22 -> 32461.029 | AF22: =+Z22-AC22 -> 40371.487 | AG22: =+AA22-AD22 -> 19270.638
B23: 제주 | I23: 제주 | J23: =+IFERROR(HLOOKUP($B23,'[1]1월'!$D$6:$BN$259,2,),)/1000 -> 4 | K23: =+IFERROR(HLOOKUP($B23,'[2]1월'!$F$6:$CP$99,2,),)/1000 -> 3.2615 | L23: =+K23-J23 -> -0.7385 | M23: =+IFERROR(HLOOKUP($B23,'[3]1월'!$F$6:$CC$57,2,),)/1000 -> 6.328 | N23: =+K23-M23 -> -3.0665 | O23: =+IFERROR(HLOOKUP($B23,'[1]1월'!$D$6:$BN$259,3,),)/1000 -> 506.8 | P23: =+IFERROR(HLOOKUP($B23,'[2]1월'!$F$6:$CP$99,3,),)/1000 -> 419.7493 | Q23: =+P23-O23 -> -87.050701 | R23: =+IFERROR(HLOOKUP($B23,'[3]1월'!$F$6:$CC$57,3,),)/1000 -> 738.13421 | S23: =+P23-R23 -> -318.38492 | T23: =+IFERROR(HLOOKUP($B23,'[1]1월'!$D$6:$BN$259,16,),)/1000 -> 42.978795 | U23: =+IFERROR(HLOOKUP($B23,'[2]1월'!$F$6:$CP$99,16,),)/1000 -> 35.375497 | V23: =+U23-T23 -> -7.6032979 | W23: =+IFERROR(HLOOKUP($B23,'[3]1월'!$F$6:$CC$57,16,),)/1000 -> 175.67346 | X23: =+U23-W23 -> -140.29796 | Y23: =+[4]제주!$Q$85 -> 126700 | Z23: =+[4]제주!$R$85 -> 128698.24 | AA23: =+[5]제주!$Q$85 -> 116650.12 | AB23: =+[4]제주!$Q$89 -> 89935.469 | AC23: =+[4]제주!$R$89 -> 90773.836 | AD23: =+[5]제주!$Q$89 -> 75659.131 | AE23: =+Y23-AB23 -> 36764.531 | AF23: =+Z23-AC23 -> 37924.401 | AG23: =+AA23-AD23 -> 40990.992
I24: 수도권 | J24: =SUM(J7:J10) -> 93 | K24: =SUM(K7:K10) -> 102.264 | L24: =+K24-J24 -> 9.264 | M24: =SUM(M7:M10) -> 93.376 | N24: =+K24-M24 -> 8.888 | O24: =SUM(O7:O10) -> 8982.3396 | P24: =SUM(P7:P10) -> 9926.1808 | Q24: =+P24-O24 -> 943.84119 | R24: =SUM(R7:R10) -> 8282.4478 | S24: =+P24-R24 -> 1643.733 | T24: =SUM(T7:T10) -> 581.00836 | U24: =SUM(U7:U10) -> 486.07577 | V24: =+U24-T24 -> -94.932592 | W24: =SUM(W7:W10) -> 407.54562 | X24: =+U24-W24 -> 78.530142 | Y24: =+[4]수도권!$Q$85 -> 96584.296 | Z24: =+[4]수도권!$R$85 -> 97064.272 | AA24: =+[5]수도권!$Q$85 -> 88709.415 | AB24: =+[4]수도권!$Q$89 -> 79517.081 | AC24: =+[4]수도권!$R$89 -> 82325.824 | AD24: =+[5]수도권!$Q$89 -> 73361.249 | AE24: =+Y24-AB24 -> 17067.215 | AF24: =+Z24-AC24 -> 14738.448 | AG24: =+AA24-AD24 -> 15348.166
I25: 영남권 | J25: =SUM(J11:J18) -> 110.5 | K25: =SUM(K11:K18) -> 132.898 | L25: =+K25-J25 -> 22.398 | M25: =SUM(M11:M18) -> 132.135 | N25: =+K25-M25 -> 0.763 | O25: =SUM(O11:O18) -> 11247.532 | P25: =SUM(P11:P18) -> 13491.194 | Q25: =+P25-O25 -> 2243.6616 | R25: =SUM(R11:R18) -> 12461.698 | S25: =+P25-R25 -> 1029.4956 | T25: =SUM(T11:T18) -> 1299.246 | U25: =SUM(U11:U18) -> 1491.2352 | V25: =+U25-T25 -> 191.98916 | W25: =SUM(W11:W18) -> 1664.1377 | X25: =+U25-W25 -> -172.90249 | Y25: =+[4]영남권!$Q$85 -> 101787.62 | Z25: =+[4]영남권!$R$85 -> 101515.92 | AA25: =+[5]영남권!$Q$85 -> 94314.373 | AB25: =+[4]영남권!$Q$89 -> 75914.682 | AC25: =+[4]영남권!$R$89 -> 79377.391 | AD25: =+[5]영남권!$Q$89 -> 70465.975 | AE25: =+Y25-AB25 -> 25872.937 | AF25: =+Z25-AC25 -> 22138.533 | AG25: =+AA25-AD25 -> 23848.398
I26: 중부권 | J26: =SUM(J19:J23) -> 37.5 | K26: =SUM(K19:K23) -> 43.7235 | L26: =+K26-J26 -> 6.2235 | M26: =SUM(M19:M23) -> 43.07 | N26: =+K26-M26 -> 0.6535 | O26: =SUM(O19:O23) -> 3944.7225 | P26: =SUM(P19:P23) -> 4458.2716 | Q26: =+P26-O26 -> 513.54915 | R26: =SUM(R19:R23) -> 4043.7099 | S26: =+P26-R26 -> 414.5617 | T26: =SUM(T19:T23) -> 380.48519 | U26: =SUM(U19:U23) -> 347.27834 | V26: =+U26-T26 -> -33.206849 | W26: =SUM(W19:W23) -> 469.72604 | X26: =+U26-W26 -> -122.4477 | Y26: =+[4]중부권!$Q$85 -> 105192.6 | Z26: =+[4]중부권!$R$85 -> 101965.11 | AA26: =+[5]중부권!$Q$85 -> 94006.133 | AB26: =+[4]중부권!$Q$89 -> 77256.381 | AC26: =+[4]중부권!$R$89 -> 79343.893 | AD26: =+[5]중부권!$Q$89 -> 67597.806 | AE26: =+Y26-AB26 -> 27936.218 | AF26: =+Z26-AC26 -> 22621.219 | AG26: =+AA26-AD26 -> 26408.326
G27: =+K27/J27 -> 1.1572012 | H27: 레미콘 계 | J27: =SUM(J24:J26) -> 241 | K27: =SUM(K24:K26) -> 278.8855 | L27: =+K27-J27 -> 37.8855 | M27: =SUM(M24:M26) -> 268.581 | N27: =+K27-M27 -> 10.3045 | O27: =SUM(O24:O26) -> 24174.594 | P27: =SUM(P24:P26) -> 27875.646 | Q27: =+P27-O27 -> 3701.052 | R27: =SUM(R24:R26) -> 24787.856 | S27: =+P27-R27 -> 3087.7903 | T27: =SUM(T24:T26) -> 2260.7396 | U27: =SUM(U24:U26) -> 2324.5893 | V27: =+U27-T27 -> 63.849721 | W27: =SUM(W24:W26) -> 2541.4093 | X27: =+U27-W27 -> -216.82004 | Y27: =+[4]합계!$Q$85 -> 100309.52 | Z27: =+[4]합계!$R$85 -> 99953.913 | AA27: =+[5]합계!$Q$85 -> 92313.001 | AB27: =+[4]합계!$Q$89 -> 77513.59 | AC27: =+[4]합계!$R$89 -> 80453.28 | AD27: =+[5]합계!$Q$89 -> 71029.87 | AE27: =+Y27-AB27 -> 22795.928 | AF27: =+Z27-AC27 -> 19500.633 | AG27: =+AA27-AD27 -> 21283.131
B28: 건자재 | E28: 건자재영업 | H28: 건자재 | J28: =+IFERROR(HLOOKUP($B28,'[1]1월'!$D$6:$BN$259,2,),) -> 6900 | K28: =+IFERROR(HLOOKUP($E28,'[2]1월'!$F$6:$CP$99,2,),) -> 6425.093 | L28: =+K28-J28 -> -474.907 | M28: =+IFERROR(HLOOKUP($E28,'[3]1월'!$F$6:$CC$57,2,),) -> 6946.787 | N28: =+K28-M28 -> -521.694 | O28: =+IFERROR(HLOOKUP($B28,'[1]1월'!$D$6:$BN$259,3,),)/1000 -> 8447.9432 | P28: =+IFERROR(HLOOKUP($E28,'[2]1월'!$F$6:$CP$99,3,),)/1000 -> 7407.9572 | Q28: =+P28-O28 -> -1039.986 | R28: =+IFERROR(HLOOKUP($E28,'[3]1월'!$F$6:$CC$57,3,),)/1000 -> 8813.6343 | S28: =+P28-R28 -> -1405.6771 | T28: =+IFERROR(HLOOKUP($B28,'[1]1월'!$D$6:$BN$259,16,),)/1000 -> 94.750483 | U28: =+IFERROR(HLOOKUP($E28,'[2]1월'!$F$6:$CP$99,16,),)/1000 -> 75.267211 | V28: =+U28-T28 -> -19.483272 | W28: =+IFERROR(HLOOKUP($E28,'[3]1월'!$F$6:$CC$57,16,),)/1000 -> 74.398934 | X28: =+U28-W28 -> 0.868277 | Y28: ■ 비고
B29: 부산모래장 | F29: 부산골재 | H29: 골재 | I29: 부산모래장 | J29: =+IFERROR(HLOOKUP($B29,'[1]1월'!$D$6:$BN$259,2,),)/1000 -> 24.586871 | K29: =+IFERROR(HLOOKUP($F29,'[2]1월'!$F$6:$CP$99,2,),)/1000 -> 27.205 | L29: =+K29-J29 -> 2.6181293 | M29: =+IFERROR(HLOOKUP($F29,'[3]1월'!$F$6:$CC$57,2,),)/1000 -> 32.145 | N29: =+K29-M29 -> -4.94 | O29: =+IFERROR(HLOOKUP($B29,'[1]1월'!$D$6:$BN$259,3,),)/1000 -> 697.84314 | P29: =+IFERROR(HLOOKUP($F29,'[2]1월'!$F$6:$CP$99,3,),)/1000 -> 780.046 | Q29: =+P29-O29 -> 82.202857 | R29: =+IFERROR(HLOOKUP($F29,'[3]1월'!$F$6:$CC$57,3,),)/1000 -> 905.482 | S29: =+P29-R29 -> -125.436 | T29: =+IFERROR(HLOOKUP($B29,'[1]1월'!$D$6:$BN$259,21,),)/1000 -> 16.821421 | U29: =+IFERROR(HLOOKUP($F29,'[2]1월'!$F$6:$CP$99,21,),)/1000 -> 57.434467 | V29: =+U29-T29 -> 40.613047 | W29: =+IFERROR(HLOOKUP($F29,'[3]1월'!$F$6:$CC$57,16,),)/1000 -> 13.998209 | X29: =+U29-W29 -> 43.436258
B30: 서부산크라샤 | F30: 서부산골재 | I30: 서부산CR | J30: =+IFERROR(HLOOKUP($B30,'[1]1월'!$D$6:$BN$259,2,),)/1000 -> 12.3718 | K30: =+IFERROR(HLOOKUP($F30,'[2]1월'!$F$6:$CP$99,2,),)/1000 -> 27.872 | L30: =+K30-J30 -> 15.5002 | M30: =+IFERROR(HLOOKUP($F30,'[3]1월'!$F$6:$CC$57,2,),)/1000 -> 33.74 | N30: =+K30-M30 -> -5.868 | O30: =+IFERROR(HLOOKUP($B30,'[1]1월'!$D$6:$BN$259,3,),)/1000 -> 192.913 | P30: =+IFERROR(HLOOKUP($F30,'[2]1월'!$F$6:$CP$99,3,),)/1000 -> 373.312 | Q30: =+P30-O30 -> 180.399 | R30: =+IFERROR(HLOOKUP($F30,'[3]1월'!$F$6:$CC$57,3,),)/1000 -> 393.346 | S30: =+P30-R30 -> -20.034 | T30: =+IFERROR(HLOOKUP($B30,'[1]1월'!$D$6:$BN$259,21,),)/1000 -> 65.72153 | U30: =+IFERROR(HLOOKUP($F30,'[2]1월'!$F$6:$CP$99,21,),)/1000 -> 54.476102 | V30: =+U30-T30 -> -11.245429 | W30: =+IFERROR(HLOOKUP($F30,'[3]1월'!$F$6:$CC$57,16,),)/1000 -> 13.770077 | X30: =+U30-W30 -> 40.706025
B31: 부산크라샤 | F31: 부산크라샤 | I31: 부산CR | J31: =+IFERROR(HLOOKUP($B31,'[1]1월'!$D$6:$BN$259,2,),)/1000 -> 39.6703 | K31: =+IFERROR(HLOOKUP($F31,'[2]1월'!$F$6:$CP$99,2,),)/1000 -> 29.44 | L31: =+K31-J31 -> -10.2303 | M31: =+IFERROR(HLOOKUP($F31,'[3]1월'!$F$6:$CC$57,2,),)/1000 -> 0 | N31: =+K31-M31 -> 29.44 | O31: =+IFERROR(HLOOKUP($B31,'[1]1월'!$D$6:$BN$259,3,),)/1000 -> 709.40685 | P31: =+IFERROR(HLOOKUP($F31,'[2]1월'!$F$6:$CP$99,3,),)/1000 -> 566.162 | Q31: =+P31-O31 -> -143.24485 | R31: =+IFERROR(HLOOKUP($F31,'[3]1월'!$F$6:$CC$57,3,),)/1000 -> 0 | S31: =+P31-R31 -> 566.162 | T31: =+IFERROR(HLOOKUP($B31,'[1]1월'!$D$6:$BN$259,21,),)/1000 -> -55.517927 | U31: =+IFERROR(HLOOKUP($F31,'[2]1월'!$F$6:$CP$99,21,),)/1000 -> 72.163163 | V31: =+U31-T31 -> 127.68109 | W31: =+IFERROR(HLOOKUP($F31,'[3]1월'!$F$6:$CC$57,16,),)/1000 -> -9.33373 | X31: =+U31-W31 -> 81.496893
H32: 골재 계 | J32: =SUM(J29:J31) -> 76.628971 | K32: =SUM(K29:K31) -> 84.517 | L32: =+K32-J32 -> 7.8880294 | M32: =SUM(M29:M31) -> 65.885 | N32: =+K32-M32 -> 18.632 | O32: =SUM(O29:O31) -> 1600.163 | P32: =SUM(P29:P31) -> 1719.52 | Q32: =+P32-O32 -> 119.357 | R32: =SUM(R29:R31) -> 1298.828 | S32: =+P32-R32 -> 420.692 | T32: =SUM(T29:T31) -> 27.025024 | U32: =SUM(U29:U31) -> 184.07373 | V32: =+U32-T32 -> 157.04871 | W32: =SUM(W29:W31) -> 18.434556 | X32: =+U32-W32 -> 165.63918
B33: 포항임대 | C33: 속초임대 | D33: 강릉임대 | E33: 레미콘임대 계 | H33: 기타 | I33: 레미콘임대 | L33: =+K33-J33 -> 0 | N33: =+K33-M33 -> 0 | O33: =(IFERROR(HLOOKUP($B33,'[1]1월'!$D$6:$BN$259,3,),)++IFERROR(HLOOKUP($C33,'[1]1월'!$D$6:$BN$259,3,),)+IFERROR(HLOOKUP($D33,'[1]1월'!$D$6:$BN$259,3,),))/1000 -> 90.84 | P33: =+IFERROR(HLOOKUP($E33,'[2]1월'!$F$6:$CP$99,3,),)/1000 -> 90.84 | Q33: =+P33-O33 -> 0 | R33: =+IFERROR(HLOOKUP($E33,'[3]1월'!$F$6:$CC$57,3,),)/1000 -> 78.34 | S33: =+P33-R33 -> 12.5 | T33: =(IFERROR(HLOOKUP($B33,'[1]1월'!$D$6:$BN$259,21,),)++IFERROR(HLOOKUP($C33,'[1]1월'!$D$6:$BN$259,21,),)+IFERROR(HLOOKUP($D33,'[1]1월'!$D$6:$BN$259,21,),))/1000 -> 72.165959 | U33: =+IFERROR(HLOOKUP($E33,'[2]1월'!$F$6:$CP$99,16,),)/1000 -> 71.79658 | V33: =+U33-T33 -> -0.369379 | W33: =+IFERROR(HLOOKUP($E33,'[3]1월'!$F$6:$CC$57,16,),)/1000 -> 59.685201 | X33: =+U33-W33 -> 12.111379
B34: 부동산임대 | C34: 주유소임대 | E34: 임대 계 | I34: 임대 | L34: =+K34-J34 -> 0 | M34: 0 | N34: =+K34-M34 -> 0 | O34: =(+IFERROR(HLOOKUP($B34,'[1]1월'!$D$6:$BN$259,3,),)+IFERROR(HLOOKUP($C34,'[1]1월'!$D$6:$BN$259,3,),))/1000 -> 72.2975 | P34: =+IFERROR(HLOOKUP($E34,'[2]1월'!$F$6:$CP$99,3,),)/1000 -> 71.933111 | Q34: =+P34-O34 -> -0.36438933 | R34: =+IFERROR(HLOOKUP($E34,'[3]1월'!$F$6:$CC$57,3,),)/1000 -> 94.115918 | S34: =+P34-R34 -> -22.182807 | T34: =(+IFERROR(HLOOKUP($B34,'[1]1월'!$D$6:$BN$259,21,),)+IFERROR(HLOOKUP($C34,'[1]1월'!$D$6:$BN$259,21,),))/1000 -> 62.030473 | U34: =+IFERROR(HLOOKUP($E34,'[2]1월'!$F$6:$CP$99,16,),)/1000 -> 61.824294 | V34: =+U34-T34 -> -0.20617933 | W34: =+IFERROR(HLOOKUP($E34,'[3]1월'!$F$6:$CC$57,16,),)/1000 -> 39.911628 | X34: =+U34-W34 -> 21.912666
B35: 공 통 비 | I35: 공통비 | L35: =+K35-J35 -> 0 | N35: =+K35-M35 -> 0 | Q35: =+P35-O35 -> 0 | S35: =+P35-R35 -> 0 | T35: =-'[1]1월'!$Z$22/1000 -> -1461.295 | U35: =+-'[2]1월'!$Z$22/1000 -> -1549.2991 | V35: =+U35-T35 -> -88.004163 | W35: =+-'[3]1월'!$Z$22/1000 -> -1236.2774 | X35: =+U35-W35 -> -313.02176
I36: OPC 소급분 | N36: =+K36-M36 -> 0 | Q36: =+P36-O36 -> 0 | S36: =+P36-R36 -> 0 | T36: =+'[1]1월'!$AS$26/1000 -> 0 | U36: =-'[2]1월'!$BD$26/1000 -> 0 | V36: =+U36-T36 -> 0 | W36: =-'[3]1월'!$BD$26/1000 -> 0 | X36: =+U36-W36 -> 0
I37: 대손 | N37: =+K37-M37 -> 0 | Q37: =+P37-O37 -> 0 | S37: =+P37-R37 -> 0 | U37: =-'[2]1월'!$BE$26/1000 -> 0 | V37: =+U37-T37 -> 0 | W37: =-'[3]1월'!$BE$26/1000 -> 0 | X37: =+U37-W37 -> 0
I38: 미운영 공장 | M38: =SUM(M54:M57) -> 0 | N38: =+K38-M38 -> 0 | Q38: =+P38-O38 -> 0 | S38: =+P38-R38 -> 0 | T38: =SUM('[1]1월'!$AM$26:$AQ$26)/1000 -> -35.767484 | U38: =+'[2]1월'!$BF$26/1000 -> -36.069287 | V38: =+U38-T38 -> -0.30180256 | W38: =+'[3]1월'!$BF$26/1000 -> -8.200843 | X38: =+U38-W38 -> -27.868444
B39: 기타 계 | I39: 기타 | L39: =+K39-J39 -> 0 | N39: =+K39-M39 -> 0 | O39: =IFERROR(HLOOKUP($B39,'[1]1월'!$D$6:$BN$259,3,),)/1000 -> 1.77 | P39: =+('[2]1월'!$F$8-SUM('[2]1월'!$Z$8,'[2]1월'!$AH$8,'[2]1월'!$AN$8,'[2]1월'!$AO$8,'[2]1월'!$BA$8,'[2]1월'!$BD$8,'[2]1월'!$BE$8,'[2]1월'!$BF$8))/1000 -> 1.7024 | Q39: =+P39-O39 -> -0.0676 | R39: =+('[3]1월'!$F$8-SUM('[3]1월'!$Z$8,'[3]1월'!$AH$8,'[3]1월'!$AN$8,'[3]1월'!$AO$8,'[3]1월'!$BA$8,'[3]1월'!$BD$8,'[3]1월'!$BE$8,'[3]1월'!$BF$8))/1000 -> 1.6661 | S39: =+P39-R39 -> 0.0363 | T39: =+('[1]1월'!$E$26-'[1]1월'!$Z$26-'[1]1월'!$AA$26-'[1]1월'!$AE$26-'[1]1월'!$AL$26-'[1]1월'!$AM$26-'[1]1월'!$AN$26-'[1]1월'!$AO$26-'[1]1월'!$AP$26-'[1]1월'!$AQ$26-'[1]1월'!$AS$26)/1000 -> -15.985408 | U39: =+('[2]1월'!$F$26-SUM('[2]1월'!$Z$26,'[2]1월'!$AH$26,'[2]1월'!$AN$26,'[2]1월'!$AO$26,'[2]1월'!$BA$26,'[2]1월'!$BD$26,'[2]1월'!$BE$26,'[2]1월'!$BF$26))/1000 -> -17.114136 | V39: =+U39-T39 -> -1.128728 | W39: =+('[3]1월'!$F$26-SUM('[3]1월'!$Z$26,'[3]1월'!$AH$26,'[3]1월'!$AN$26,'[3]1월'!$AO$26,'[3]1월'!$BA$26,'[3]1월'!$BD$26,'[3]1월'!$BE$26,'[3]1월'!$BF$26))/1000 -> -17.003696 | X39: =+U39-W39 -> -0.11044
N40: =+K40-M40 -> 0 | Q40: =+P40-O40 -> 0 | S40: =+P40-R40 -> 0 | V40: =+U40-T40 -> 0
H41: 기타 계 | J41: =SUM(J33:J40) -> 0 | K41: =SUM(K33:K40) -> 0 | L41: =+K41-J41 -> 0 | M41: =SUM(M33:M40) -> 0 | N41: =+K41-M41 -> 0 | O41: =SUM(O33:O40) -> 164.9075 | P41: =SUM(P33:P40) -> 164.47551 | Q41: =+P41-O41 -> -0.43198933 | R41: =SUM(R33:R40) -> 174.12202 | S41: =+P41-R41 -> -9.646507 | T41: =SUM(T33:T40) -> -1378.8514 | U41: =SUM(U33:U40) -> -1468.8617 | V41: =+U41-T41 -> -90.010251 | W41: =SUM(W33:W40) -> -1161.8851 | X41: =+U41-W41 -> -306.97659
G43: =+P43/O43 -> 1.0808428 | H43: 합계 | O43: =+O27+O32+O28+O41 -> 34387.608 | P43: =+P27+P32+P28+P41 -> 37167.599 | Q43: =+P43-O43 -> 2779.991 | R43: =+R27+R32+R28+R41 -> 35074.44 | S43: =+P43-R43 -> 2093.1587 | T43: =+T27+T32+T28+T41 -> 1003.6636 | U43: =+U27+U32+U28+U41 -> 1115.0685 | V43: =+U43-T43 -> 111.40491 | W43: =+W27+W32+W28+W41 -> 1472.3577 | X43: =+U43-W43 -> -357.28919
G44: =+U43/T43 -> 1.1109982 | T44: =+T43/O43 -> 0.029186783 | U44: =+U43/P43 -> 0.030001092
I46: 확인 | J46: =+'[1]1월'!$Z$7/1000 -> 241 | K46: =+'[2]1월'!$AI$7/1000 -> 278.8855 | M46: =+'[3]1월'!$Z$7/1000 -> 268.581 | O46: =+'[1]1월'!$E$8/1000 -> 34387.608 | P46: =+'[2]1월'!$F$8/1000 -> 37167.599 | R46: =+'[3]1월'!$F$8/1000 -> 35074.44 | T46: =+'[1]1월'!$E$26/1000 -> 1003.6636 | U46: =+'[2]1월'!$F$26/1000 -> 1115.0685 | W46: =+'[3]1월'!$F$26/1000 -> 1472.3577
J47: =+J46-J27 -> 0 | K47: =+K46-K27 -> 0 | M47: =+M46-M27 -> 0 | O47: =+O46-O43 -> 0 | P47: =+P46-P43 -> 0 | R47: =+R46-R43 -> 0 | T47: =+T46-T43 -> 3.8653525e-12 | U47: =+U46-U43 -> 0 | W47: =+W46-W43 -> 0

Sheet 영업이익
D4: □ 레미콘 영업이익 차이분석(2024-01)
W5: [단위 : 백만원, 천㎥]
D6: 구분 | E6: 영업이익(공통비 미배부) | H6: 물량 차이 | L6: 판매단가 차이 | P6: 제조원가 차이 | T6: 판관비 등 차이
E7: 계획 | F7: 실적 | G7: 차이 | H7: 계획 | I7: 실적 | J7: 차이 | K7: 손익 | L7: 계획 | M7: 실적 | N7: 차이 | O7: 손익 | P7: 계획 | Q7: 실적 | R7: 차이 | S7: 손익 | T7: 계획 | U7: 실적 | V7: 차이 | W7: 손익
D8: 합계 | E8: =+[4]합계!$H$86/1000 -> 2260.7396 | F8: =+[4]합계!$I$86/1000 -> 2324.5893 | G8: =+F8-E8 -> 63.849721 | H8: =+[4]합계!$T$5/1000 -> 241 | I8: =+[4]합계!$U$5/1000 -> 278.8855 | J8: =+I8-H8 -> 37.8855 | K8: =+[4]합계!$M$86/1000 -> 510.81971 | L8: =+[4]합계!$Q$85 -> 100309.52 | M8: =+[4]합계!$R$85 -> 99953.913 | N8: =+M8-L8 -> -355.60552 | O8: =+[4]합계!$K$86/1000 -> -99.168956 | P8: =+[4]합계!$Q$50 -> 86822.724 | Q8: =+[4]합계!$R$50 -> 87977.461 | R8: =+Q8-P8 -> 1154.7377 | S8: =+[4]합계!$L$56/1000 -> -258.43678 | T8: =+([4]합계!$H$80+[4]합계!$H$85)/1000 -> 989.57793 | U8: =+([4]합계!$I$80+[4]합계!$I$85)/1000 -> 1078.9422 | V8: =+U8-T8 -> 89.364259 | W8: =+([4]합계!$L$80+[4]합계!$L$85)/1000 -> -89.364259 | Y8: =+G8-K8-O8-S8-W8 -> -3.6948222e-13 | Z8: =+Y8*1000000 -> -3.6948222e-07
D9: 수도권 | E9: =+[4]수도권!$H$86/1000 -> 581.00836 | F9: =+[4]수도권!$I$86/1000 -> 486.07576 | G9: =+F9-E9 -> -94.932592 | H9: =+[4]수도권!$T$5/1000 -> 93 | I9: =+[4]수도권!$U$5/1000 -> 102.264 | J9: =+I9-H9 -> 9.264 | K9: =+[4]수도권!$M$86/1000 -> 88.679508 | L9: =+[4]수도권!$Q$85 -> 96584.296 | M9: =+[4]수도권!$R$85 -> 97064.272 | N9: =+M9-L9 -> 479.97601 | O9: =+[4]수도권!$K$86/1000 -> 49.084267 | P9: =+[4]수도권!$Q$50 -> 87011.811 | Q9: =+[4]수도권!$R$50 -> 89127.417 | R9: =+Q9-P9 -> 2115.6064 | S9: =+[4]수도권!$L$56/1000 -> -216.31975 | T9: =+([4]수도권!$H$80+[4]수도권!$H$85)/1000 -> 309.23281 | U9: =+([4]수도권!$I$80+[4]수도권!$I$85)/1000 -> 325.60943 | V9: =+U9-T9 -> 16.37662 | W9: =+([4]수도권!$L$80+[4]수도권!$L$85)/1000 -> -16.37662 | Y9: =+G9-K9-O9-S9-W9 -> -8.6330942e-13 | Z9: =+Y9*1000000 -> -8.6330942e-07
D10: 영남권 | E10: =+[4]영남권!$H$86/1000 -> 1299.246 | F10: =+[4]영남권!$I$86/1000 -> 1491.2352 | G10: =+F10-E10 -> 191.98916 | H10: =+[4]영남권!$T$5/1000 -> 110.5 | I10: =+[4]영남권!$U$5/1000 -> 132.898 | J10: =+I10-H10 -> 22.398 | K10: =+[4]영남권!$M$86/1000 -> 364.0644 | L10: =+[4]영남권!$Q$85 -> 101787.62 | M10: =+[4]영남권!$R$85 -> 101515.92 | N10: =+M10-L10 -> -271.69447 | O10: =+[4]영남권!$K$86/1000 -> -36.104392 | P10: =+[4]영남권!$Q$50 -> 85525.812 | Q10: =+[4]영남권!$R$50 -> 86528.672 | R10: =+Q10-P10 -> 1002.8595 | S10: =+[4]영남권!$L$56/1000 -> -69.643651 | T10: =+([4]영남권!$H$80+[4]영남권!$H$85)/1000 -> 497.68358 | U10: =+([4]영남권!$I$80+[4]영남권!$I$85)/1000 -> 564.01077 | V10: =+U10-T10 -> 66.327193 | W10: =+([4]영남권!$L$80+[4]영남권!$L$85)/1000 -> -66.327193 | Y10: =+G10-K10-O10-S10-W10 -> 9.3791641e-13 | Z10: =+Y10*1000000 -> 9.3791641e-07
D11: 기타권 | E11: =+[4]중부권!$H$86/1000 -> 380.48519 | F11: =+[4]중부권!$I$86/1000 -> 347.27834 | G11: =+F11-E11 -> -33.206849 | H11: =+[4]중부권!$T$5/1000 -> 37.5 | I11: =+[4]중부권!$U$5/1000 -> 43.7235 | J11: =+I11-H11 -> 6.2235 | K11: =+[4]중부권!$M$86/1000 -> 93.459829 | L11: =+[4]중부권!$Q$85 -> 105192.6 | M11: =+[4]중부권!$R$85 -> 101965.11 | N11: =+M11-L11 -> -3227.486 | O11: =+[4]중부권!$K$86/1000 -> -141.11699 | P11: =+[4]중부권!$Q$50 -> 90175.353 | Q11: =+[4]중부권!$R$50 -> 89692.53 | R11: =+Q11-P11 -> -482.8233 | S11: =+[4]중부권!$L$56/1000 -> 21.110753 | T11: =+([4]중부권!$H$80+[4]중부권!$H$85)/1000 -> 182.66153 | U11: =+([4]중부권!$I$80+[4]중부권!$I$85)/1000 -> 189.32198 | V11: =+U11-T11 -> 6.6604455 | W11: =+([4]중부권!$L$80+[4]중부권!$L$85)/1000 -> -6.6604455 | Y11: =+G11-K11-O11-S11-W11 -> 0 | Z11: =+Y11*1000000 -> 0
D12: 안양 | E12: =+[4]안양!$H$86/1000 -> 326.89293 | F12: =+[4]안양!$I$86/1000 -> 337.22639 | G12: =+F12-E12 -> 10.333459 | H12: =+[4]안양!$T$5/1000 -> 37 | I12: =+[4]안양!$U$5/1000 -> 45.761 | J12: =+I12-H12 -> 8.761 | K12: =+[4]안양!$M$86/1000 -> 100.0344 | L12: =+[4]안양!$Q$85 -> 96804.104 | M12: =+[4]안양!$R$85 -> 95522.364 | N12: =+M12-L12 -> -1281.74 | O12: =+[4]안양!$K$86/1000 -> -58.653706 | P12: =+[4]안양!$Q$50 -> 85385.956 | Q12: =+[4]안양!$R$50 -> 85871.274 | R12: =+Q12-P12 -> 485.31834 | S12: =+[4]안양!$L$56/1000 -> -22.146386 | T12: =+([4]안양!$H$80+[4]안양!$H$85)/1000 -> 95.578544 | U12: =+([4]안양!$I$80+[4]안양!$I$85)/1000 -> 104.47939 | V12: =+U12-T12 -> 8.9008444 | W12: =+([4]안양!$L$80+[4]안양!$L$85)/1000 -> -8.9008444 | Y12: =+G12-K12-O12-S12-W12 -> -2.1849189e-13 | Z12: =+Y12*1000000 -> -2.1849189e-07
D13: 인천 | E13: =+[4]인천!$H$86/1000 -> 125.23471 | F13: =+[4]인천!$I$86/1000 -> 102.92462 | G13: =+F13-E13 -> -22.31009 | H13: =+[4]인천!$T$5/1000 -> 28 | I13: =+[4]인천!$U$5/1000 -> 28.34 | J13: =+I13-H13 -> 0.34 | K13: =+[4]인천!$M$86/1000 -> 2.6844659 | L13: =+[4]인천!$Q$85 -> 97848.269 | M13: =+[4]인천!$R$85 -> 97629.193 | N13: =+M13-L13 -> -219.07599 | O13: =+[4]인천!$K$86/1000 -> -6.2086134 | P13: =+[4]인천!$Q$50 -> 89952.781 | Q13: =+[4]인천!$R$50 -> 90549.027 | R13: =+Q13-P13 -> 596.24585 | S13: =+[4]인천!$L$56/1000 -> -16.929468 | T13: =+([4]인천!$H$80+[4]인천!$H$85)/1000 -> 95.838954 | U13: =+([4]인천!$I$80+[4]인천!$I$85)/1000 -> 97.695429 | V13: =+U13-T13 -> 1.8564749 | W13: =+([4]인천!$L$80+[4]인천!$L$85)/1000 -> -1.8564749 | Y13: =+G13-K13-O13-S13-W13 -> -7.3363537e-13 | Z13: =+Y13*1000000 -> -7.3363537e-07
D14: 파주 | E14: =+[4]파주!$H$86/1000 -> 141.9663 | F14: =+[4]파주!$I$86/1000 -> 116.27631 | G14: =+F14-E14 -> -25.689992 | H14: =+[4]파주!$T$5/1000 -> 20 | I14: =+[4]파주!$U$5/1000 -> 22.882 | J14: =+I14-H14 -> 2.882 | K14: =+[4]파주!$M$86/1000 -> 30.005397 | L14: =+[4]파주!$Q$85 -> 95930.984 | M14: =+[4]파주!$R$85 -> 100573.68 | N14: =+M14-L14 -> 4642.6949 | O14: =+[4]파주!$K$86/1000 -> 106.23414 | P14: =+[4]파주!$Q$50 -> 85519.674 | Q14: =+[4]파주!$R$50 -> 92299.254 | R14: =+Q14-P14 -> 6779.5796 | S14: =+[4]파주!$L$56/1000 -> -155.13034 | T14: =+([4]파주!$H$80+[4]파주!$H$85)/1000 -> 66.259906 | U14: =+([4]파주!$I$80+[4]파주!$I$85)/1000 -> 73.059102 | V14: =+U14-T14 -> 6.7991956 | W14: =+([4]파주!$L$80+[4]파주!$L$85)/1000 -> -6.7991956 | Y14: =+G14-K14-O14-S14-W14 -> 3.2596148e-13 | Z14: =+Y14*1000000 -> 3.2596148e-07
D15: 김포 | E15: =+[4]김포!$H$86/1000 -> -13.085594 | F15: =+[4]김포!$I$86/1000 -> -70.351562 | G15: =+F15-E15 -> -57.265968 | H15: =+[4]김포!$T$5/1000 -> 8 | I15: =+[4]김포!$U$5/1000 -> 5.281 | J15: =+I15-H15 -> -2.719 | K15: =+[4]김포!$M$86/1000 -> -13.074929 | L15: =+[4]김포!$Q$85 -> 92777.062 | M15: =+[4]김포!$R$85 -> 92187.767 | N15: =+M15-L15 -> -589.29503 | O15: =+[4]김포!$K$86/1000 -> -3.1120671 | P15: =+[4]김포!$Q$50 -> 87968.335 | Q15: =+[4]김포!$R$50 -> 95960.691 | R15: =+Q15-P15 -> 7992.3555 | S15: =+[4]김포!$L$56/1000 -> -42.258867 | T15: =+([4]김포!$H$80+[4]김포!$H$85)/1000 -> 51.55541 | U15: =+([4]김포!$I$80+[4]김포!$I$85)/1000 -> 50.375515 | V15: =+U15-T15 -> -1.1798948 | W15: =+([4]김포!$L$80+[4]김포!$L$85)/1000 -> 1.1798948 | Y15: =+G15-K15-O15-S15-W15 -> -2.0872193e-14 | Z15: =+Y15*1000000 -> -2.0872193e-08
D16: 부산 | E16: =+[4]부산!$H$86/1000 -> 245.36511 | F16: =+[4]부산!$I$86/1000 -> 298.81115 | G16: =+F16-E16 -> 53.44604 | H16: =+[4]부산!$T$5/1000 -> 18 | I16: =+[4]부산!$U$5/1000 -> 23.815 | J16: =+I16-H16 -> 5.815 | K16: =+[4]부산!$M$86/1000 -> 111.68785 | L16: =+[4]부산!$Q$85 -> 107599.68 | M16: =+[4]부산!$R$85 -> 105738.44 | N16: =+M16-L16 -> -1861.2429 | O16: =+[4]부산!$K$86/1000 -> -44.3255 | P16: =+[4]부산!$Q$50 -> 88392.827 | Q16: =+[4]부산!$R$50 -> 89109.082 | R16: =+Q16-P16 -> 716.25515 | S16: =+[4]부산!$L$56/1000 -> 23.514306 | T16: =+([4]부산!$H$80+[4]부산!$H$85)/1000 -> 100.35824 | U16: =+([4]부산!$I$80+[4]부산!$I$85)/1000 -> 137.78885 | V16: =+U16-T16 -> 37.430614 | W16: =+([4]부산!$L$80+[4]부산!$L$85)/1000 -> -37.430614 | Y16: =+G16-K16-O16-S16-W16 -> 1.7053026e-13 | Z16: =+Y16*1000000 -> 1.7053026e-07
D17: 서부산 | E17: =+[4]서부산!$H$86/1000 -> 313.84242 | F17: =+[4]서부산!$I$86/1000 -> 198.0884 | G17: =+F17-E17 -> -115.75402 | H17: =+[4]서부산!$T$5/1000 -> 21 | I17: =+[4]서부산!$U$5/1000 -> 23.91 | J17: =+I17-H17 -> 2.91 | K17: =+[4]서부산!$M$86/1000 -> 53.921076 | L17: =+[4]서부산!$Q$85 -> 103101.68 | M17: =+[4]서부산!$R$85 -> 97803.693 | N17: =+M17-L17 -> -5297.9889 | O17: =+[4]서부산!$K$86/1000 -> -126.67491 | P17: =+[4]서부산!$Q$50 -> 84572.102 | Q17: =+[4]서부산!$R$50 -> 86048.369 | R17: =+Q17-P17 -> 1476.2662 | S17: =+[4]서부산!$L$56/1000 -> -19.570198 | T17: =+([4]서부산!$H$80+[4]서부산!$H$85)/1000 -> 75.27875 | U17: =+([4]서부산!$I$80+[4]서부산!$I$85)/1000 -> 98.708731 | V17: =+U17-T17 -> 23.429981 | W17: =+([4]서부산!$L$80+[4]서부산!$L$85)/1000 -> -23.429981 | Y17: =+G17-K17-O17-S17-W17 -> 3.3040237e-13 | Z17: =+Y17*1000000 -> 3.3040237e-07
D18: 김해 | E18: =+[4]김해!$H$86/1000 -> 74.513101 | F18: =+[4]김해!$I$86/1000 -> 82.439169 | G18: =+F18-E18 -> 7.9260679 | H18: =+[4]김해!$T$5/1000 -> 10 | I18: =+[4]김해!$U$5/1000 -> 12.339 | J18: =+I18-H18 -> 2.339 | K18: =+[4]김해!$M$86/1000 -> 28.542542 | L18: =+[4]김해!$Q$85 -> 100999.6 | M18: =+[4]김해!$R$85 -> 99339.807 | N18: =+M18-L18 -> -1659.7931 | O18: =+[4]김해!$K$86/1000 -> -20.460269 | P18: =+[4]김해!$Q$50 -> 88745.65 | Q18: =+[4]김해!$R$50 -> 88633.744 | R18: =+Q18-P18 -> -111.90611 | S18: =+[4]김해!$L$56/1000 -> 4.0398365 | T18: =+([4]김해!$H$80+[4]김해!$H$85)/1000 -> 48.0264 | U18: =+([4]김해!$I$80+[4]김해!$I$85)/1000 -> 52.222442 | V18: =+U18-T18 -> 4.1960415 | W18: =+([4]김해!$L$80+[4]김해!$L$85)/1000 -> -4.1960415 | Y18: =+G18-K18-O18-S18-W18 -> -2.4424907e-13 | Z18: =+Y18*1000000 -> -2.4424907e-07
D19: 정관 | E19: =+[4]정관!$H$86/1000 -> 244.37138 | F19: =+[4]정관!$I$86/1000 -> 256.96584 | G19: =+F19-E19 -> 12.594457 | H19: =+[4]정관!$T$5/1000 -> 18 | I19: =+[4]정관!$U$5/1000 -> 21.5175 | J19: =+I19-H19 -> 3.5175 | K19: =+[4]정관!$M$86/1000 -> 61.528302 | L19: =+[4]정관!$Q$85 -> 104000 | M19: =+[4]정관!$R$85 -> 103083.8 | N19: =+M19-L19 -> -916.20077 | O19: =+[4]정관!$K$86/1000 -> -19.71435 | P19: =+[4]정관!$Q$50 -> 86507.945 | Q19: =+[4]정관!$R$50 -> 87902.653 | R19: =+Q19-P19 -> 1394.7077 | S19: =+[4]정관!$L$56/1000 -> -27.120097 | T19: =+([4]정관!$H$80+[4]정관!$H$85)/1000 -> 70.4856 | U19: =+([4]정관!$I$80+[4]정관!$I$85)/1000 -> 72.584999 | V19: =+U19-T19 -> 2.0993987 | W19: =+([4]정관!$L$80+[4]정관!$L$85)/1000 -> -2.0993987 | Y19: =+G19-K19-O19-S19-W19 -> 8.7929664e-14 | Z19: =+Y19*1000000 -> 8.7929664e-08
D20: 양산 | E20: =+[4]양산!$H$86/1000 -> 120.73507 | F20: =+[4]양산!$I$86/1000 -> 152.26055 | G20: =+F20-E20 -> 31.525481 | H20: =+[4]양산!$T$5/1000 -> 11 | I20: =+[4]양산!$U$5/1000 -> 13.864 | J20: =+I20-H20 -> 2.864 | K20: =+[4]양산!$M$86/1000 -> 43.195144 | L20: =+[4]양산!$Q$85 -> 96280.788 | M20: =+[4]양산!$R$85 -> 94627.517 | N20: =+M20-L20 -> -1653.2703 | O20: =+[4]양산!$K$86/1000 -> -22.92094 | P20: =+[4]양산!$Q$50 -> 81198.684 | Q20: =+[4]양산!$R$50 -> 81030.003 | R20: =+Q20-P20 -> -168.68147 | S20: =+[4]양산!$L$56/1000 -> 3.3981992 | T20: =+([4]양산!$H$80+[4]양산!$H$85)/1000 -> 45.168068 | U20: =+([4]양산!$I$80+[4]양산!$I$85)/1000 -> 37.31499 | V20: =+U20-T20 -> -7.8530778 | W20: =+([4]양산!$L$80+[4]양산!$L$85)/1000 -> 7.8530778 | Y20: =+G20-K20-O20-S20-W20 -> -5.8619776e-14 | Z20: =+Y20*1000000 -> -5.8619776e-08
D21: 창원 | E21: =+[4]창원!$H$86/1000 -> 182.43936 | F21: =+[4]창원!$I$86/1000 -> 299.90023 | G21: =+F21-E21 -> 117.46087 | H21: =+[4]창원!$T$5/1000 -> 14 | I21: =+[4]창원!$U$5/1000 -> 17.315 | J21: =+I21-H21 -> 3.315 | K21: =+[4]창원!$M$86/1000 -> 60.013352 | L21: =+[4]창원!$Q$85 -> 99586 | M21: =+[4]창원!$R$85 -> 106478.26 | N21: =+M21-L21 -> 6892.2616 | O21: =+[4]창원!$K$86/1000 -> 119.33951 | P21: =+[4]창원!$Q$50 -> 81482.425 | Q21: =+[4]창원!$R$50 -> 84742.957 | R21: =+Q21-P21 -> 3260.5318 | S21: =+[4]창원!$L$56/1000 -> -55.863 | T21: =+([4]창원!$H$80+[4]창원!$H$85)/1000 -> 71.010694 | U21: =+([4]창원!$I$80+[4]창원!$I$85)/1000 -> 77.039689 | V21: =+U21-T21 -> 6.0289948 | W21: =+([4]창원!$L$80+[4]창원!$L$85)/1000 -> -6.0289948 | Y21: =+G21-K21-O21-S21-W21 -> -2.8332892e-13 | Z21: =+Y21*1000000 -> -2.8332892e-07
D22: 대구 | E22: =+[4]대구!$H$86/1000 -> 168.2638 | F22: =+[4]대구!$I$86/1000 -> 205.45768 | G22: =+F22-E22 -> 37.193881 | H22: =+[4]대구!$T$5/1000 -> 13.5 | I22: =+[4]대구!$U$5/1000 -> 14.7545 | J22: =+I22-H22 -> 1.2545 | K22: =+[4]대구!$M$86/1000 -> 20.191409 | L22: =+[4]대구!$Q$85 -> 97800 | M22: =+[4]대구!$R$85 -> 99938.046 | N22: =+M22-L22 -> 2138.046 | O22: =+[4]대구!$K$86/1000 -> 31.5458 | P22: =+[4]대구!$Q$50 -> 81704.815 | Q22: =+[4]대구!$R$50 -> 82689.084 | R22: =+Q22-P22 -> 984.26903 | S22: =+[4]대구!$L$56/1000 -> -14.522373 | T22: =+([4]대구!$H$80+[4]대구!$H$85)/1000 -> 49.021192 | U22: =+([4]대구!$I$80+[4]대구!$I$85)/1000 -> 49.042147 | V22: =+U22-T22 -> 0.020954799 | W22: =+([4]대구!$L$80+[4]대구!$L$85)/1000 -> -0.020954799 | Y22: =+G22-K22-O22-S22-W22 -> 8.2194668e-14 | Z22: =+Y22*1000000 -> 8.2194668e-08
D23: 울산 | E23: =+[4]울산!$H$86/1000 -> -50.284219 | F23: =+[4]울산!$I$86/1000 -> -2.687835 | G23: =+F23-E23 -> 47.596384 | H23: =+[4]울산!$T$5/1000 -> 5 | I23: =+[4]울산!$U$5/1000 -> 5.383 | J23: =+I23-H23 -> 0.383 | K23: =+[4]울산!$M$86/1000 -> -0.9153378 | L23: =+[4]울산!$Q$85 -> 98002.732 | M23: =+[4]울산!$R$85 -> 104144.08 | N23: =+M23-L23 -> 6141.3512 | O23: =+[4]울산!$K$86/1000 -> 33.058894 | P23: =+[4]울산!$Q$50 -> 100392.65 | Q23: =+[4]울산!$R$50 -> 97334.367 | R23: =+Q23-P23 -> -3058.2809 | S23: =+[4]울산!$L$56/1000 -> 16.427114 | T23: =+([4]울산!$H$80+[4]울산!$H$85)/1000 -> 38.33464 | U23: =+([4]울산!$I$80+[4]울산!$I$85)/1000 -> 39.308926 | V23: =+U23-T23 -> 0.97428571 | W23: =+([4]울산!$L$80+[4]울산!$L$85)/1000 -> -0.97428571 | Y23: =+G23-K23-O23-S23-W23 -> -3.0087044e-14 | Z23: =+Y23*1000000 -> -3.0087044e-08
D24: 아산 | E24: =+[4]아산!$H$86/1000 -> 135.48481 | F24: =+[4]아산!$I$86/1000 -> 76.583958 | G24: =+F24-E24 -> -58.900847 | H24: =+[4]아산!$T$5/1000 -> 15.5 | I24: =+[4]아산!$U$5/1000 -> 22.999 | J24: =+I24-H24 -> 7.499 | K24: =+[4]아산!$M$86/1000 -> 101.21595 | L24: =+[4]아산!$Q$85 -> 100999.96 | M24: =+[4]아산!$R$85 -> 96755.376 | N24: =+M24-L24 -> -4244.5851 | O24: =+[4]아산!$K$86/1000 -> -97.621214 | P24: =+[4]아산!$Q$50 -> 87502.701 | Q24: =+[4]아산!$R$50 -> 89931.856 | R24: =+Q24-P24 -> 2429.1549 | S24: =+[4]아산!$L$56/1000 -> -55.868124 | T24: =+([4]아산!$H$80+[4]아산!$H$85)/1000 -> 73.722729 | U24: =+([4]아산!$I$80+[4]아산!$I$85)/1000 -> 80.350194 | V24: =+U24-T24 -> 6.6274645 | W24: =+([4]아산!$L$80+[4]아산!$L$85)/1000 -> -6.6274645 | Y24: =+G24-K24-O24-S24-W24 -> -9.6811448e-14 | Z24: =+Y24*1000000 -> -9.6811448e-08
D25: 전주 | E25: =+[4]전주!$H$86/1000 -> 109.5688 | F25: =+[4]전주!$I$86/1000 -> 24.564714 | G25: =+F25-E25 -> -85.004085 | H25: =+[4]전주!$T$5/1000 -> 10 | I25: =+[4]전주!$U$5/1000 -> 6.567 | J25: =+I25-H25 -> -3.433 | K25: =+[4]전주!$M$86/1000 -> -54.179515 | L25: =+[4]전주!$Q$85 -> 100658.91 | M25: =+[4]전주!$R$85 -> 98706.98 | N25: =+M25-L25 -> -1951.9296 | O25: =+[4]전주!$K$86/1000 -> -12.818321 | P25: =+[4]전주!$Q$50 -> 84876.936 | Q25: =+[4]전주!$R$50 -> 87450.786 | R25: =+Q25-P25 -> 2573.8505 | S25: =+[4]전주!$L$56/1000 -> -16.90247 | T25: =+([4]전주!$H$80+[4]전주!$H$85)/1000 -> 48.250936 | U25: =+([4]전주!$I$80+[4]전주!$I$85)/1000 -> 49.354715 | V25: =+U25-T25 -> 1.1037788 | W25: =+([4]전주!$L$80+[4]전주!$L$85)/1000 -> -1.1037788 | Y25: =+G25-K25-O25-S25-W25 -> -3.7747583e-15 | Z25: =+Y25*1000000 -> -3.7747583e-09
D26: 군산 | E26: =+[4]군산!$H$86/1000 -> 58.09579 | F26: =+[4]군산!$I$86/1000 -> 157.32964 | G26: =+F26-E26 -> 99.233847 | H26: =+[4]군산!$T$5/1000 -> 4 | I26: =+[4]군산!$U$5/1000 -> 7.363 | J26: =+I26-H26 -> 3.363 | K26: =+[4]군산!$M$86/1000 -> 66.017881 | L26: =+[4]군산!$Q$85 -> 108558.49 | M26: =+[4]군산!$R$85 -> 102235.72 | N26: =+M26-L26 -> -6322.7748 | O26: =+[4]군산!$K$86/1000 -> -46.554591 | P26: =+[4]군산!$Q$50 -> 88927.84 | Q26: =+[4]군산!$R$50 -> 78215.423 | R26: =+Q26-P26 -> -10712.417 | S26: =+[4]군산!$L$56/1000 -> 78.875529 | T26: =+([4]군산!$H$80+[4]군산!$H$85)/1000 -> 20.426816 | U26: =+([4]군산!$I$80+[4]군산!$I$85)/1000 -> 19.531787 | V26: =+U26-T26 -> -0.89502876 | W26: =+([4]군산!$L$80+[4]군산!$L$85)/1000 -> 0.89502876 | Y26: =+G26-K26-O26-S26-W26 -> -2.3092639e-14 | Z26: =+Y26*1000000 -> -2.3092639e-08
D27: 원주 | E27: =+[4]원주!$H$86/1000 -> 34.357 | F27: =+[4]원주!$I$86/1000 -> 53.424534 | G27: =+F27-E27 -> 19.067534 | H27: =+[4]원주!$T$5/1000 -> 4 | I27: =+[4]원주!$U$5/1000 -> 3.533 | J27: =+I27-H27 -> -0.467 | K27: =+[4]원주!$M$86/1000 -> -5.752551 | L27: =+[4]원주!$Q$85 -> 107900 | M27: =+[4]원주!$R$85 -> 116692.64 | N27: =+M27-L27 -> 8792.6408 | O27: =+[4]원주!$K$86/1000 -> 31.0644 | P27: =+[4]원주!$Q$50 -> 95581.904 | Q27: =+[4]원주!$R$50 -> 97427.902 | R27: =+Q27-P27 -> 1845.9987 | S27: =+[4]원주!$L$56/1000 -> -6.5219085 | T27: =+([4]원주!$H$80+[4]원주!$H$85)/1000 -> 14.915385 | U27: =+([4]원주!$I$80+[4]원주!$I$85)/1000 -> 14.637792 | V27: =+U27-T27 -> -0.27759303 | W27: =+([4]원주!$L$80+[4]원주!$L$85)/1000 -> 0.27759303 | Y27: =+G27-K27-O27-S27-W27 -> 6.2394534e-14 | Z27: =+Y27*1000000 -> 6.2394534e-08
D28: 제주 | E28: =+[4]제주!$H$86/1000 -> 42.978795 | F28: =+[4]제주!$I$86/1000 -> 35.375497 | G28: =+F28-E28 -> -7.6032979 | H28: =+[4]제주!$T$5/1000 -> 4 | I28: =+[4]제주!$U$5/1000 -> 3.2615 | J28: =+I28-H28 -> -0.7385 | K28: =+[4]제주!$M$86/1000 -> -12.614403 | L28: =+[4]제주!$Q$85 -> 126700 | M28: =+[4]제주!$R$85 -> 128698.24 | N28: =+M28-L28 -> 1998.2367 | O28: =+[4]제주!$K$86/1000 -> 6.517249 | P28: =+[4]제주!$Q$50 -> 109618.89 | Q28: =+[4]제주!$R$50 -> 110049.46 | R28: =+Q28-P28 -> 430.57535 | S28: =+[4]제주!$L$56/1000 -> -1.4043197 | T28: =+([4]제주!$H$80+[4]제주!$H$85)/1000 -> 25.345664 | U28: =+([4]제주!$I$80+[4]제주!$I$85)/1000 -> 25.447488 | V28: =+U28-T28 -> 0.10182393 | W28: =+([4]제주!$L$80+[4]제주!$L$85)/1000 -> -0.10182393 | Y28: =+G28-K28-O28-S28-W28 -> 4.7156723e-14 | Z28: =+Y28*1000000 -> 4.7156723e-08

Sheet 공헌이익
D4: □ 레미콘 단위당 공헌이익(2024-01)
V5: [단위 : 원/㎥]
D6: 구분 | E6: 판매단가 | H6: 재료비 | K6: 운반비 | N6: 유류비 | Q6: 변동비 계 | T6: 공헌이익
E7: 계획 | F7: 실적 | G7: 차이 | H7: 계획 | I7: 실적 | J7: 차이 | K7: 계획 | L7: 실적 | M7: 차이 | N7: 계획 | O7: 실적 | P7: 차이 | Q7: 계획 | R7: 실적 | S7: 차이 | T7: 계획 | U7: 실적 | V7: 차이
D8: 평균 | E8: =+[4]합계!$Q$85 -> 100309.52 | F8: =+[4]합계!$R$85 -> 99953.913 | G8: =+F8-E8 -> -355.60552 | H8: =+[4]합계!$Q$20 -> 59974.005 | I8: =+[4]합계!$R$20 -> 62585.34 | J8: =+I8-H8 -> 2611.3353 | K8: =+[4]합계!$Q$21 -> 17215.56 | L8: =+[4]합계!$R$21 -> 17575.007 | M8: =+L8-K8 -> 359.44709 | N8: =+[4]합계!$Q$22 -> 324.0249 | O8: =+[4]합계!$R$22 -> 292.9327 | P8: =+O8-N8 -> -31.092199 | Q8: =H8+K8+N8 -> 77513.59 | R8: =I8+L8+O8 -> 80453.28 | S8: =+R8-Q8 -> 2939.6902 | T8: =+E8-Q8 -> 22795.928 | U8: =+F8-R8 -> 19500.633 | V8: =+U8-T8 -> -3295.2957
D9: 수도권 | E9: =+[4]수도권!$Q$85 -> 96584.296 | F9: =+[4]수도권!$R$85 -> 97064.272 | G9: =+F9-E9 -> 479.97601 | H9: =+[4]수도권!$Q$20 -> 62070.386 | I9: =+[4]수도권!$R$20 -> 64371.084 | J9: =+I9-H9 -> 2300.6977 | K9: =+[4]수도권!$Q$21 -> 16999.49 | L9: =+[4]수도권!$R$21 -> 17567.015 | M9: =+L9-K9 -> 567.5244 | N9: =+[4]수도권!$Q$22 -> 447.2043 | O9: =+[4]수도권!$R$22 -> 387.7253 | P9: =+O9-N9 -> -59.478999 | Q9: =H9+K9+N9 -> 79517.081 | R9: =I9+L9+O9 -> 82325.824 | S9: =+R9-Q9 -> 2808.7431 | T9: =+E9-Q9 -> 17067.215 | U9: =+F9-R9 -> 14738.448 | V9: =+U9-T9 -> -2328.7671
D10: 영남권 | E10: =+[4]영남권!$Q$85 -> 101787.62 | F10: =+[4]영남권!$R$85 -> 101515.92 | G10: =+F10-E10 -> -271.69447 | H10: =+[4]영남권!$Q$20 -> 58157.111 | I10: =+[4]영남권!$R$20 -> 61593.662 | J10: =+I10-H10 -> 3436.552 | K10: =+[4]영남권!$Q$21 -> 17537.209 | L10: =+[4]영남권!$R$21 -> 17556.827 | M10: =+L10-K10 -> 19.618313 | N10: =+[4]영남권!$Q$22 -> 220.36199 | O10: =+[4]영남권!$R$22 -> 226.90099 | P10: =+O10-N10 -> 6.5389974 | Q10: =H10+K10+N10 -> 75914.682 | R10: =I10+L10+O10 -> 79377.391 | S10: =+R10-Q10 -> 3462.7093 | T10: =+E10-Q10 -> 25872.937 | U10: =+F10-R10 -> 22138.533 | V10: =+U10-T10 -> -3734.4037
D11: 기타권 | E11: =+[4]중부권!$Q$85 -> 105192.6 | F11: =+[4]중부권!$R$85 -> 101965.11 | G11: =+F11-E11 -> -3227.486 | H11: =+[4]중부권!$Q$20 -> 60128.762 | I11: =+[4]중부권!$R$20 -> 61422.96 | J11: =+I11-H11 -> 1294.1983 | K11: =+[4]중부권!$Q$21 -> 16803.62 | L11: =+[4]중부권!$R$21 -> 17648.986 | M11: =+L11-K11 -> 845.36623 | N11: =+[4]중부권!$Q$22 -> 324 | O11: =+[4]중부권!$R$22 -> 271.94776 | P11: =+O11-N11 -> -52.052237 | Q11: =H11+K11+N11 -> 77256.381 | R11: =I11+L11+O11 -> 79343.893 | S11: =+R11-Q11 -> 2087.5123 | T11: =+E11-Q11 -> 27936.218 | U11: =+F11-R11 -> 22621.219 | V11: =+U11-T11 -> -5314.9983
D12: 안양 | E12: =+[4]안양!$Q$85 -> 96804.104 | F12: =+[4]안양!$R$85 -> 95522.364 | G12: =+F12-E12 -> -1281.74 | H12: =+[4]안양!$Q$20 -> 62921.791 | I12: =+[4]안양!$R$20 -> 64524.862 | J12: =+I12-H12 -> 1603.0717 | K12: =+[4]안양!$Q$21 -> 16659.72 | L12: =+[4]안양!$R$21 -> 16321.052 | M12: =+L12-K12 -> -338.66809 | N12: =+[4]안양!$Q$22 -> 310.81081 | O12: =+[4]안양!$R$22 -> 261.68824 | P12: =+O12-N12 -> -49.122567 | Q12: =H12+K12+N12 -> 79892.321 | R12: =I12+L12+O12 -> 81107.602 | S12: =+R12-Q12 -> 1215.281 | T12: =+E12-Q12 -> 16911.783 | U12: =+F12-R12 -> 14414.762 | V12: =+U12-T12 -> -2497.0211
D13: 인천 | E13: =+[4]인천!$Q$85 -> 97848.269 | F13: =+[4]인천!$R$85 -> 97629.193 | G13: =+F13-E13 -> -219.07599 | H13: =+[4]인천!$Q$20 -> 64232.82 | I13: =+[4]인천!$R$20 -> 65677.079 | J13: =+I13-H13 -> 1444.2589 | K13: =+[4]인천!$Q$21 -> 16877.173 | L13: =+[4]인천!$R$21 -> 17730.639 | M13: =+L13-K13 -> 853.46588 | N13: =+[4]인천!$Q$22 -> 757.14286 | O13: =+[4]인천!$R$22 -> 655.72702 | P13: =+O13-N13 -> -101.41584 | Q13: =H13+K13+N13 -> 81867.136 | R13: =I13+L13+O13 -> 84063.445 | S13: =+R13-Q13 -> 2196.3089 | T13: =+E13-Q13 -> 15981.133 | U13: =+F13-R13 -> 13565.748 | V13: =+U13-T13 -> -2415.3849
D14: 파주 | E14: =+[4]파주!$Q$85 -> 95930.984 | F14: =+[4]파주!$R$85 -> 100573.68 | G14: =+F14-E14 -> 4642.6949 | H14: =+[4]파주!$Q$20 -> 59872.473 | I14: =+[4]파주!$R$20 -> 64317.386 | J14: =+I14-H14 -> 4444.913 | K14: =+[4]파주!$Q$21 -> 17735.202 | L14: =+[4]파주!$R$21 -> 19555.669 | M14: =+L14-K14 -> 1820.466 | N14: =+[4]파주!$Q$22 -> 252.5 | O14: =+[4]파주!$R$22 -> 213.71917 | P14: =+O14-N14 -> -38.780832 | Q14: =H14+K14+N14 -> 77860.175 | R14: =I14+L14+O14 -> 84086.773 | S14: =+R14-Q14 -> 6226.5982 | T14: =+E14-Q14 -> 18070.809 | U14: =+F14-R14 -> 16486.906 | V14: =+U14-T14 -> -1583.9033
D15: 김포 | E15: =+[4]김포!$Q$85 -> 92777.062 | F15: =+[4]김포!$R$85 -> 92187.767 | G15: =+F15-E15 -> -589.29503 | H15: =+[4]김포!$Q$20 -> 56058.907 | I15: =+[4]김포!$R$20 -> 56279.282 | J15: =+I15-H15 -> 220.37498 | K15: =+[4]김포!$Q$21 -> 17159.76 | L15: =+[4]김포!$R$21 -> 18868.547 | M15: =+L15-K15 -> 1708.7864 | N15: =+[4]김포!$Q$22 -> 480 | O15: =+[4]김포!$R$22 -> 794.6639 | P15: =+O15-N15 -> 314.6639 | Q15: =H15+K15+N15 -> 73698.667 | R15: =I15+L15+O15 -> 75942.492 | S15: =+R15-Q15 -> 2243.8253 | T15: =+E15-Q15 -> 19078.396 | U15: =+F15-R15 -> 16245.275 | V15: =+U15-T15 -> -2833.1203
D16: 부산 | E16: =+[4]부산!$Q$85 -> 107599.68 | F16: =+[4]부산!$R$85 -> 105738.44 | G16: =+F16-E16 -> -1861.2429 | H16: =+[4]부산!$Q$20 -> 58914.55 | I16: =+[4]부산!$R$20 -> 63217.395 | J16: =+I16-H16 -> 4302.845 | K16: =+[4]부산!$Q$21 -> 19166.051 | L16: =+[4]부산!$R$21 -> 19677.189 | M16: =+L16-K16 -> 511.13768 | N16: =+[4]부산!$Q$22 -> 277.77778 | O16: =+[4]부산!$R$22 -> 99.150746 | P16: =+O16-N16 -> -178.62703 | Q16: =H16+K16+N16 -> 78358.379 | R16: =I16+L16+O16 -> 82993.734 | S16: =+R16-Q16 -> 4635.3557 | T16: =+E16-Q16 -> 29241.301 | U16: =+F16-R16 -> 22744.702 | V16: =+U16-T16 -> -6496.5986
D17: 서부산 | E17: =+[4]서부산!$Q$85 -> 103101.68 | F17: =+[4]서부산!$R$85 -> 97803.693 | G17: =+F17-E17 -> -5297.9889 | H17: =+[4]서부산!$Q$20 -> 61075.684 | I17: =+[4]서부산!$R$20 -> 63189.637 | J17: =+I17-H17 -> 2113.9526 | K17: =+[4]서부산!$Q$21 -> 16197.467 | L17: =+[4]서부산!$R$21 -> 16429.293 | M17: =+L17-K17 -> 231.82563 | N17: =+[4]서부산!$Q$22 -> 95.238095 | O17: =+[4]서부산!$R$22 -> 266.13881 | P17: =+O17-N17 -> 170.90072 | Q17: =H17+K17+N17 -> 77368.389 | R17: =I17+L17+O17 -> 79885.068 | S17: =+R17-Q17 -> 2516.679 | T17: =+E17-Q17 -> 25733.292 | U17: =+F17-R17 -> 17918.625 | V17: =+U17-T17 -> -7814.6679
D18: 김해 | E18: =+[4]김해!$Q$85 -> 100999.6 | F18: =+[4]김해!$R$85 -> 99339.807 | G18: =+F18-E18 -> -1659.7931 | H18: =+[4]김해!$Q$20 -> 58704.153 | I18: =+[4]김해!$R$20 -> 61549.013 | J18: =+I18-H18 -> 2844.8601 | K18: =+[4]김해!$Q$21 -> 17691.448 | L18: =+[4]김해!$R$21 -> 18711.872 | M18: =+L18-K18 -> 1020.4233 | N18: =+[4]김해!$Q$22 -> 350 | O18: =+[4]김해!$R$22 -> 422.91401 | P18: =+O18-N18 -> 72.91401 | Q18: =H18+K18+N18 -> 76745.601 | R18: =I18+L18+O18 -> 80683.799 | S18: =+R18-Q18 -> 3938.1974 | T18: =+E18-Q18 -> 24253.999 | U18: =+F18-R18 -> 18656.008 | V18: =+U18-T18 -> -5597.9905
D19: 정관 | E19: =+[4]정관!$Q$85 -> 104000 | F19: =+[4]정관!$R$85 -> 103083.8 | G19: =+F19-E19 -> -916.20077 | H19: =+[4]정관!$Q$20 -> 60102.917 | I19: =+[4]정관!$R$20 -> 63871.841 | J19: =+I19-H19 -> 3768.9239 | K19: =+[4]정관!$Q$21 -> 18577.503 | L19: =+[4]정관!$R$21 -> 17842.802 | M19: =+L19-K19 -> -734.70029 | N19: =+[4]정관!$Q$22 -> 250 | O19: =+[4]정관!$R$22 -> 247.88154 | P19: =+O19-N19 -> -2.1184556 | Q19: =H19+K19+N19 -> 78930.42 | R19: =I19+L19+O19 -> 81962.525 | S19: =+R19-Q19 -> 3032.1051 | T19: =+E19-Q19 -> 25069.58 | U19: =+F19-R19 -> 21121.274 | V19: =+U19-T19 -> -3948.3059
D20: 양산 | E20: =+[4]양산!$Q$85 -> 96280.788 | F20: =+[4]양산!$R$85 -> 94627.517 | G20: =+F20-E20 -> -1653.2703 | H20: =+[4]양산!$Q$20 -> 54686.902 | I20: =+[4]양산!$R$20 -> 57005.474 | J20: =+I20-H20 -> 2318.572 | K20: =+[4]양산!$Q$21 -> 17018.113 | L20: =+[4]양산!$R$21 -> 16485.468 | M20: =+L20-K20 -> -532.64487 | N20: =+[4]양산!$Q$22 -> 86.363636 | O20: =+[4]양산!$R$22 -> 48.641662 | P20: =+O20-N20 -> -37.721975 | Q20: =H20+K20+N20 -> 71791.379 | R20: =I20+L20+O20 -> 73539.584 | S20: =+R20-Q20 -> 1748.2051 | T20: =+E20-Q20 -> 24489.409 | U20: =+F20-R20 -> 21087.933 | V20: =+U20-T20 -> -3401.4755
D21: 창원 | E21: =+[4]창원!$Q$85 -> 99586 | F21: =+[4]창원!$R$85 -> 106478.26 | G21: =+F21-E21 -> 6892.2616 | H21: =+[4]창원!$Q$20 -> 55903.538 | I21: =+[4]창원!$R$20 -> 61643.991 | J21: =+I21-H21 -> 5740.4532 | K21: =+[4]창원!$Q$21 -> 16224.151 | L21: =+[4]창원!$R$21 -> 15415.192 | M21: =+L21-K21 -> -808.95852 | N21: =+[4]창원!$Q$22 -> 192.85714 | O21: =+[4]창원!$R$22 -> 228.58646 | P21: =+O21-N21 -> 35.729317 | Q21: =H21+K21+N21 -> 72320.546 | R21: =I21+L21+O21 -> 77287.77 | S21: =+R21-Q21 -> 4967.224 | T21: =+E21-Q21 -> 27265.454 | U21: =+F21-R21 -> 29190.491 | V21: =+U21-T21 -> 1925.0376
D22: 대구 | E22: =+[4]대구!$Q$85 -> 97800 | F22: =+[4]대구!$R$85 -> 99938.046 | G22: =+F22-E22 -> 2138.046 | H22: =+[4]대구!$Q$20 -> 54506.922 | I22: =+[4]대구!$R$20 -> 58044.416 | J22: =+I22-H22 -> 3537.4942 | K22: =+[4]대구!$Q$21 -> 16608.327 | L22: =+[4]대구!$R$21 -> 16154.352 | M22: =+L22-K22 -> -453.97494 | N22: =+[4]대구!$Q$22 -> 325.92593 | O22: =+[4]대구!$R$22 -> 281.09234 | P22: =+O22-N22 -> -44.833581 | Q22: =H22+K22+N22 -> 71441.174 | R22: =I22+L22+O22 -> 74479.86 | S22: =+R22-Q22 -> 3038.6857 | T22: =+E22-Q22 -> 26358.826 | U22: =+F22-R22 -> 25458.186 | V22: =+U22-T22 -> -900.63964
D23: 울산 | E23: =+[4]울산!$Q$85 -> 98002.732 | F23: =+[4]울산!$R$85 -> 104144.08 | G23: =+F23-E23 -> 6141.3512 | H23: =+[4]울산!$Q$20 -> 58873.302 | I23: =+[4]울산!$R$20 -> 59684.62 | J23: =+I23-H23 -> 811.31795 | K23: =+[4]울산!$Q$21 -> 20573.313 | L23: =+[4]울산!$R$21 -> 22872.885 | M23: =+L23-K23 -> 2299.5722 | N23: =+[4]울산!$Q$22 -> 260 | O23: =+[4]울산!$R$22 -> 390.74411 | P23: =+O23-N23 -> 130.74411 | Q23: =H23+K23+N23 -> 79706.615 | R23: =I23+L23+O23 -> 82948.249 | S23: =+R23-Q23 -> 3241.6342 | T23: =+E23-Q23 -> 18296.117 | U23: =+F23-R23 -> 21195.834 | V23: =+U23-T23 -> 2899.717
D24: 아산 | E24: =+[4]아산!$Q$85 -> 100999.96 | F24: =+[4]아산!$R$85 -> 96755.376 | G24: =+F24-E24 -> -4244.5851 | H24: =+[4]아산!$Q$20 -> 58322.794 | I24: =+[4]아산!$R$20 -> 61918.341 | J24: =+I24-H24 -> 3595.5463 | K24: =+[4]아산!$Q$21 -> 19144.315 | L24: =+[4]아산!$R$21 -> 20656.875 | M24: =+L24-K24 -> 1512.5603 | N24: =+[4]아산!$Q$22 -> 387.09677 | O24: =+[4]아산!$R$22 -> 204.90304 | P24: =+O24-N24 -> -182.19373 | Q24: =H24+K24+N24 -> 77854.206 | R24: =I24+L24+O24 -> 82780.119 | S24: =+R24-Q24 -> 4925.9128 | T24: =+E24-Q24 -> 23145.755 | U24: =+F24-R24 -> 13975.257 | V24: =+U24-T24 -> -9170.498
D25: 전주 | E25: =+[4]전주!$Q$85 -> 100658.91 | F25: =+[4]전주!$R$85 -> 98706.98 | G25: =+F25-E25 -> -1951.9296 | H25: =+[4]전주!$Q$20 -> 58495.271 | I25: =+[4]전주!$R$20 -> 58328.204 | J25: =+I25-H25 -> -167.06692 | K25: =+[4]전주!$Q$21 -> 15932.226 | L25: =+[4]전주!$R$21 -> 15625.584 | M25: =+L25-K25 -> -306.64278 | N25: =+[4]전주!$Q$22 -> 300 | O25: =+[4]전주!$R$22 -> 228.16629 | P25: =+O25-N25 -> -71.833714 | Q25: =H25+K25+N25 -> 74727.497 | R25: =I25+L25+O25 -> 74181.954 | S25: =+R25-Q25 -> -545.54342 | T25: =+E25-Q25 -> 25931.412 | U25: =+F25-R25 -> 24525.026 | V25: =+U25-T25 -> -1406.3861
D26: 군산 | E26: =+[4]군산!$Q$85 -> 108558.49 | F26: =+[4]군산!$R$85 -> 102235.72 | G26: =+F26-E26 -> -6322.7748 | H26: =+[4]군산!$Q$20 -> 57626.267 | I26: =+[4]군산!$R$20 -> 56813.065 | J26: =+I26-H26 -> -813.2015 | K26: =+[4]군산!$Q$21 -> 12661.575 | L26: =+[4]군산!$R$21 -> 12734.884 | M26: =+L26-K26 -> 73.309286 | N26: =+[4]군산!$Q$22 -> 112.5 | O26: =+[4]군산!$R$22 -> 53.89488 | P26: =+O26-N26 -> -58.60512 | Q26: =H26+K26+N26 -> 70400.342 | R26: =I26+L26+O26 -> 69601.844 | S26: =+R26-Q26 -> -798.49734 | T26: =+E26-Q26 -> 38158.15 | U26: =+F26-R26 -> 32633.872 | V26: =+U26-T26 -> -5524.2775
D27: 원주 | E27: =+[4]원주!$Q$85 -> 107900 | F27: =+[4]원주!$R$85 -> 116692.64 | G27: =+F27-E27 -> 8792.6408 | H27: =+[4]원주!$Q$20 -> 58995.31 | I27: =+[4]원주!$R$20 -> 62199.965 | J27: =+I27-H27 -> 3204.6549 | K27: =+[4]원주!$Q$21 -> 15768.661 | L27: =+[4]원주!$R$21 -> 13016.581 | M27: =+L27-K27 -> -2752.08 | N27: =+[4]원주!$Q$22 -> 675 | O27: =+[4]원주!$R$22 -> 1104.6077 | P27: =+O27-N27 -> 429.6077 | Q27: =H27+K27+N27 -> 75438.971 | R27: =I27+L27+O27 -> 76321.153 | S27: =+R27-Q27 -> 882.18268 | T27: =+E27-Q27 -> 32461.029 | U27: =+F27-R27 -> 40371.487 | V27: =+U27-T27 -> 7910.4581
D28: 제주 | E28: =+[4]제주!$Q$85 -> 126700 | F28: =+[4]제주!$R$85 -> 128698.24 | G28: =+F28-E28 -> 1998.2367 | H28: =+[4]제주!$Q$20 -> 74846.559 | I28: =+[4]제주!$R$20 -> 73726.349 | J28: =+I28-H28 -> -1120.2105 | K28: =+[4]제주!$Q$21 -> 15088.91 | L28: =+[4]제주!$R$21 -> 16624.318 | M28: =+L28-K28 -> 1535.4074 | N28: =+[4]제주!$Q$22 -> 0 | O28: =+[4]제주!$R$22 -> 423.16971 | P28: =+O28-N28 -> 423.16971 | Q28: =H28+K28+N28 -> 89935.469 | R28: =I28+L28+O28 -> 90773.836 | S28: =+R28-Q28 -> 838.36664 | T28: =+E28-Q28 -> 36764.531 | U28: =+F28-R28 -> 37924.401 | V28: =+U28-T28 -> 1159.8701

Sheet 재료비단가
D4: □ 2024년 레미콘 원재료단가(2024-01)
D6: 구분 | E6: OPC (원/톤) | H6: SC (원/톤) | K6: SP (원/톤) | N6: FA (원/톤) | Q6: 자갈 (원/톤) | T6: 모래 (원/톤)
E7: 계획 | F7: 실적 | G7: 차이 | H7: 계획 | I7: 실적 | J7: 차이 | K7: 계획 | L7: 실적 | M7: 차이 | N7: 계획 | O7: 실적 | P7: 차이 | Q7: 계획 | R7: 실적 | S7: 차이 | T7: 계획 | U7: 실적 | V7: 차이
D8: 평균 | E8: =+[4]합계!$G$9 -> 100355.81 | F8: =+[4]합계!$H$9 -> 100327.45 | G8: =+F8-E8 -> -28.361112 | H8: =+[4]합계!$G$10 -> 92284.996 | I8: =+[4]합계!$H$10 -> 93078.41 | J8: =+I8-H8 -> 793.4136 | K8: =+[4]합계!$G$12 -> 64267.167 | L8: =+[4]합계!$H$12 -> 60657.469 | M8: =+L8-K8 -> -3609.6983 | N8: =+[4]합계!$G$13 -> 39197.403 | O8: =+[4]합계!$H$13 -> 38431.084 | P8: =+O8-N8 -> -766.31919 | Q8: =+[4]합계!$G$16 -> 12717.304 | R8: =+[4]합계!$H$16 -> 12984.327 | S8: =+R8-Q8 -> 267.0225 | T8: =+[4]합계!$G$17 -> 15960.451 | U8: =+[4]합계!$H$17 -> 16073.503 | V8: =+U8-T8 -> 113.05192
D9: 수도권 | E9: =+[4]수도권!$G$9 -> 100000 | F9: =+[4]수도권!$H$9 -> 99964.217 | G9: =+F9-E9 -> -35.782896 | H9: =+[4]수도권!$G$10 -> 93394.308 | I9: =+[4]수도권!$H$10 -> 81094.802 | J9: =+I9-H9 -> -12299.506 | K9: =+[4]수도권!$G$12 -> 64304.238 | L9: =+[4]수도권!$H$12 -> 61006.329 | M9: =+L9-K9 -> -3297.9088 | N9: =+[4]수도권!$G$13 -> 45135.248 | O9: =+[4]수도권!$H$13 -> 42862.496 | P9: =+O9-N9 -> -2272.7517 | Q9: =+[4]수도권!$G$16 -> 15389.292 | R9: =+[4]수도권!$H$16 -> 15747.196 | S9: =+R9-Q9 -> 357.9039 | T9: =+[4]수도권!$G$17 -> 14820.949 | U9: =+[4]수도권!$H$17 -> 14949.586 | V9: =+U9-T9 -> 128.63704
D10: 영남권 | E10: =+[4]영남권!$G$9 -> 100000 | F10: =+[4]영남권!$H$9 -> 99982.729 | G10: =+F10-E10 -> -17.271105 | H10: =+[4]영남권!$G$10 -> 92100 | I10: =+[4]영남권!$H$10 -> 93061.967 | J10: =+I10-H10 -> 961.96729 | K10: =+[4]영남권!$G$12 -> 64111.379 | L10: =+[4]영남권!$H$12 -> 60910.959 | M10: =+L10-K10 -> -3200.4199 | N10: =+[4]영남권!$G$13 -> 35389.719 | O10: =+[4]영남권!$H$13 -> 35487.051 | P10: =+O10-N10 -> 97.33133 | Q10: =+[4]영남권!$G$16 -> 10369.979 | R10: =+[4]영남권!$H$16 -> 11101.537 | S10: =+R10-Q10 -> 731.5583 | T10: =+[4]영남권!$G$17 -> 17357.617 | U10: =+[4]영남권!$H$17 -> 17490.025 | V10: =+U10-T10 -> 132.40821
D11: 기타권 | E11: =+[4]중부권!$G$9 -> 102029.95 | F11: =+[4]중부권!$H$9 -> 102008.63 | G11: =+F11-E11 -> -21.321567 | H11: =+[4]중부권!$G$10 -> 95000 | I11: =+[4]중부권!$H$10 -> 94984.292 | J11: =+I11-H11 -> -15.707746 | K11: =+[4]중부권!$G$12 -> 64761.667 | L11: =+[4]중부권!$H$12 -> 59084.426 | M11: =+L11-K11 -> -5677.2408 | N11: =+[4]중부권!$G$13 -> 39810.982 | O11: =+[4]중부권!$H$13 -> 38879.311 | P11: =+O11-N11 -> -931.67133 | Q11: =+[4]중부권!$G$16 -> 12585.812 | R11: =+[4]중부권!$H$16 -> 12138.235 | S11: =+R11-Q11 -> -447.57718 | T11: =+[4]중부권!$G$17 -> 14589.056 | U11: =+[4]중부권!$H$17 -> 14323.15 | V11: =+U11-T11 -> -265.90627
D12: 안양 | E12: =+[4]안양!$G$9 -> 100000 | F12: =+[4]안양!$H$9 -> 99930.158 | G12: =+F12-E12 -> -69.84178 | H12: =+[4]안양!$G$10 -> 87100 | I12: =+[4]안양!$H$10 -> 81094.802 | J12: =+I12-H12 -> -6005.1978 | K12: =+[4]안양!$G$12 -> 64000 | L12: =+[4]안양!$H$12 -> 63531.922 | M12: =+L12-K12 -> -468.07783 | N12: =+[4]안양!$G$13 -> 45000 | O12: =+[4]안양!$H$13 -> 41138.135 | P12: =+O12-N12 -> -3861.8646 | Q12: =+[4]안양!$G$16 -> 15333.333 | R12: =+[4]안양!$H$16 -> 16043.11 | S12: =+R12-Q12 -> 709.77702 | T12: =+[4]안양!$G$17 -> 15161.29 | U12: =+[4]안양!$H$17 -> 15262.487 | V12: =+U12-T12 -> 101.19637
D13: 인천 | E13: =+[4]인천!$G$9 -> 100000 | F13: =+[4]인천!$H$9 -> 99994.236 | G13: =+F13-E13 -> -5.7635788 | H13: =+[4]인천!$G$10 -> 99500 | I13: =+[4]인천!$H$10 -> 0 | J13: =+I13-H13 -> -99500 | K13: =+[4]인천!$G$12 -> 64500 | L13: =+[4]인천!$H$12 -> 63252.184 | M13: =+L13-K13 -> -1247.8157 | N13: =+[4]인천!$G$13 -> 45000 | O13: =+[4]인천!$H$13 -> 44284.511 | P13: =+O13-N13 -> -715.48914 | Q13: =+[4]인천!$G$16 -> 15733.333 | R13: =+[4]인천!$H$16 -> 15797.358 | S13: =+R13-Q13 -> 64.024387 | T13: =+[4]인천!$G$17 -> 15504.162 | U13: =+[4]인천!$H$17 -> 15652.971 | V13: =+U13-T13 -> 148.80966
D14: 파주 | E14: =+[4]파주!$G$9 -> 100000 | F14: =+[4]파주!$H$9 -> 99991.234 | G14: =+F14-E14 -> -8.7659347 | H14: =+[4]파주!$G$10 -> 0 | I14: =+[4]파주!$H$10 -> 0 | J14: =+I14-H14 -> 0 | K14: =+[4]파주!$G$12 -> 64500 | L14: =+[4]파주!$H$12 -> 59952.221 | M14: =+L14-K14 -> -4547.7794 | N14: =+[4]파주!$G$13 -> 45000 | O14: =+[4]파주!$H$13 -> 43614.307 | P14: =+O14-N14 -> -1385.6927 | Q14: =+[4]파주!$G$16 -> 15266.667 | R14: =+[4]파주!$H$16 -> 15369.65 | S14: =+R14-Q14 -> 102.98342 | T14: =+[4]파주!$G$17 -> 13419.355 | U14: =+[4]파주!$H$17 -> 13541.627 | V14: =+U14-T14 -> 122.27177
D15: 김포 | E15: =+[4]김포!$G$9 -> 100000 | F15: =+[4]김포!$H$9 -> 99984.265 | G15: =+F15-E15 -> -15.734557 | H15: =+[4]김포!$G$10 -> 0 | I15: =+[4]김포!$H$10 -> 0 | J15: =+I15-H15 -> 0 | K15: =+[4]김포!$G$12 -> 64300 | L15: =+[4]김포!$H$12 -> 49924.564 | M15: =+L15-K15 -> -14375.436 | N15: =+[4]김포!$G$13 -> 46000 | O15: =+[4]김포!$H$13 -> 46365.126 | P15: =+O15-N15 -> 365.12595 | Q15: =+[4]김포!$G$16 -> 14666.667 | R15: =+[4]김포!$H$16 -> 14599.999 | S15: =+R15-Q15 -> -66.668022 | T15: =+[4]김포!$G$17 -> 14463.872 | U15: =+[4]김포!$H$17 -> 14716.072 | V15: =+U15-T15 -> 252.19915
D16: 부산 | E16: =+[4]부산!$G$9 -> 100000 | F16: =+[4]부산!$H$9 -> 99988.518 | G16: =+F16-E16 -> -11.482211 | H16: =+[4]부산!$G$10 -> 92100 | I16: =+[4]부산!$H$10 -> 92332.308 | J16: =+I16-H16 -> 232.30756 | K16: =+[4]부산!$G$12 -> 65000 | L16: =+[4]부산!$H$12 -> 60961.805 | M16: =+L16-K16 -> -4038.1953 | N16: =+[4]부산!$G$13 -> 36500 | O16: =+[4]부산!$H$13 -> 36499.997 | P16: =+O16-N16 -> -0.0029226129 | Q16: =+[4]부산!$G$16 -> 10753.733 | R16: =+[4]부산!$H$16 -> 11811.265 | S16: =+R16-Q16 -> 1057.5314 | T16: =+[4]부산!$G$17 -> 17404.087 | U16: =+[4]부산!$H$17 -> 18096.387 | V16: =+U16-T16 -> 692.30058
D17: 서부산 | E17: =+[4]서부산!$G$9 -> 100000 | F17: =+[4]서부산!$H$9 -> 99987.455 | G17: =+F17-E17 -> -12.545106 | H17: =+[4]서부산!$G$10 -> 92100 | I17: =+[4]서부산!$H$10 -> 92564.852 | J17: =+I17-H17 -> 464.85241 | K17: =+[4]서부산!$G$12 -> 65000 | L17: =+[4]서부산!$H$12 -> 59956.555 | M17: =+L17-K17 -> -5043.4448 | N17: =+[4]서부산!$G$13 -> 35200 | O17: =+[4]서부산!$H$13 -> 35366.818 | P17: =+O17-N17 -> 166.81788 | Q17: =+[4]서부산!$G$16 -> 10666.667 | R17: =+[4]서부산!$H$16 -> 11461.824 | S17: =+R17-Q17 -> 795.15775 | T17: =+[4]서부산!$G$17 -> 17856.126 | U17: =+[4]서부산!$H$17 -> 18477.196 | V17: =+U17-T17 -> 621.06954
D18: 김해 | E18: =+[4]김해!$G$9 -> 100000 | F18: =+[4]김해!$H$9 -> 100139.57 | G18: =+F18-E18 -> 139.57381 | H18: =+[4]김해!$G$10 -> 92100 | I18: =+[4]김해!$H$10 -> 92070.727 | J18: =+I18-H18 -> -29.27327 | K18: =+[4]김해!$G$12 -> 64000 | L18: =+[4]김해!$H$12 -> 61094.851 | M18: =+L18-K18 -> -2905.1491 | N18: =+[4]김해!$G$13 -> 35000 | O18: =+[4]김해!$H$13 -> 34999.61 | P18: =+O18-N18 -> -0.38985183 | Q18: =+[4]김해!$G$16 -> 9533.3333 | R18: =+[4]김해!$H$16 -> 9835.992 | S18: =+R18-Q18 -> 302.65871 | T18: =+[4]김해!$G$17 -> 17730.479 | U18: =+[4]김해!$H$17 -> 16953.546 | V18: =+U18-T18 -> -776.93285
D19: 정관 | E19: =+[4]정관!$G$9 -> 100000 | F19: =+[4]정관!$H$9 -> 99993.478 | G19: =+F19-E19 -> -6.5219406 | H19: =+[4]정관!$G$10 -> 92100 | I19: =+[4]정관!$H$10 -> 91892.583 | J19: =+I19-H19 -> -207.41745 | K19: =+[4]정관!$G$12 -> 63500 | L19: =+[4]정관!$H$12 -> 60990.288 | M19: =+L19-K19 -> -2509.7122 | N19: =+[4]정관!$G$13 -> 35500 | O19: =+[4]정관!$H$13 -> 35500.008 | P19: =+O19-N19 -> 0.0080057107 | Q19: =+[4]정관!$G$16 -> 10733.333 | R19: =+[4]정관!$H$16 -> 11856.518 | S19: =+R19-Q19 -> 1123.1846 | T19: =+[4]정관!$G$17 -> 18315.171 | U19: =+[4]정관!$H$17 -> 18943.114 | V19: =+U19-T19 -> 627.94303
D20: 양산 | E20: =+[4]양산!$G$9 -> 100000 | F20: =+[4]양산!$H$9 -> 99892.442 | G20: =+F20-E20 -> -107.55794 | H20: =+[4]양산!$G$10 -> 92100 | I20: =+[4]양산!$H$10 -> 100935.59 | J20: =+I20-H20 -> 8835.5872 | K20: =+[4]양산!$G$12 -> 63000 | L20: =+[4]양산!$H$12 -> 62814.479 | M20: =+L20-K20 -> -185.52107 | N20: =+[4]양산!$G$13 -> 36000 | O20: =+[4]양산!$H$13 -> 36000.005 | P20: =+O20-N20 -> 0.0049408827 | Q20: =+[4]양산!$G$16 -> 9066.6667 | R20: =+[4]양산!$H$16 -> 9498.7455 | S20: =+R20-Q20 -> 432.07882 | T20: =+[4]양산!$G$17 -> 17567.089 | U20: =+[4]양산!$H$17 -> 17726.513 | V20: =+U20-T20 -> 159.42401
D21: 창원 | E21: =+[4]창원!$G$9 -> 100000 | F21: =+[4]창원!$H$9 -> 99976.492 | G21: =+F21-E21 -> -23.507543 | H21: =+[4]창원!$G$10 -> 0 | I21: =+[4]창원!$H$10 -> 97800.002 | J21: =+I21-H21 -> 97800.002 | K21: =+[4]창원!$G$12 -> 65000 | L21: =+[4]창원!$H$12 -> 60455.581 | M21: =+L21-K21 -> -4544.4194 | N21: =+[4]창원!$G$13 -> 33000 | O21: =+[4]창원!$H$13 -> 32999.991 | P21: =+O21-N21 -> -0.0085099984 | Q21: =+[4]창원!$G$16 -> 10400 | R21: =+[4]창원!$H$16 -> 11448.831 | S21: =+R21-Q21 -> 1048.8307 | T21: =+[4]창원!$G$17 -> 17019.516 | U21: =+[4]창원!$H$17 -> 15735.662 | V21: =+U21-T21 -> -1283.854
D22: 대구 | E22: =+[4]대구!$G$9 -> 100000 | F22: =+[4]대구!$H$9 -> 99984.374 | G22: =+F22-E22 -> -15.626184 | H22: =+[4]대구!$G$10 -> 0 | I22: =+[4]대구!$H$10 -> 0 | J22: =+I22-H22 -> 0 | K22: =+[4]대구!$G$12 -> 62500 | L22: =+[4]대구!$H$12 -> 59812.646 | M22: =+L22-K22 -> -2687.3535 | N22: =+[4]대구!$G$13 -> 35500 | O22: =+[4]대구!$H$13 -> 35562.571 | P22: =+O22-N22 -> 62.570747 | Q22: =+[4]대구!$G$16 -> 10466.667 | R22: =+[4]대구!$H$16 -> 10488.846 | S22: =+R22-Q22 -> 22.179431 | T22: =+[4]대구!$G$17 -> 14718.131 | U22: =+[4]대구!$H$17 -> 14897.31 | V22: =+U22-T22 -> 179.17901
D23: 울산 | E23: =+[4]울산!$G$9 -> 100000 | F23: =+[4]울산!$H$9 -> 99869.231 | G23: =+F23-E23 -> -130.76915 | H23: =+[4]울산!$G$10 -> 0 | I23: =+[4]울산!$H$10 -> 0 | J23: =+I23-H23 -> 0 | K23: =+[4]울산!$G$12 -> 61300 | L23: =+[4]울산!$H$12 -> 57270.425 | M23: =+L23-K23 -> -4029.5746 | N23: =+[4]울산!$G$13 -> 37000 | O23: =+[4]울산!$H$13 -> 37000.02 | P23: =+O23-N23 -> 0.019937397 | Q23: =+[4]울산!$G$16 -> 10546.667 | R23: =+[4]울산!$H$16 -> 10047.838 | S23: =+R23-Q23 -> -498.82904 | T23: =+[4]울산!$G$17 -> 18681.832 | U23: =+[4]울산!$H$17 -> 18304.303 | V23: =+U23-T23 -> -377.52892
D24: 아산 | E24: =+[4]아산!$G$9 -> 100000 | F24: =+[4]아산!$H$9 -> 100964.53 | G24: =+F24-E24 -> 964.52703 | H24: =+[4]아산!$G$10 -> 0 | I24: =+[4]아산!$H$10 -> 0 | J24: =+I24-H24 -> 0 | K24: =+[4]아산!$G$12 -> 64500 | L24: =+[4]아산!$H$12 -> 62187.696 | M24: =+L24-K24 -> -2312.3035 | N24: =+[4]아산!$G$13 -> 42000 | O24: =+[4]아산!$H$13 -> 39367.266 | P24: =+O24-N24 -> -2632.7343 | Q24: =+[4]아산!$G$16 -> 10933.333 | R24: =+[4]아산!$H$16 -> 10831.559 | S24: =+R24-Q24 -> -101.77404 | T24: =+[4]아산!$G$17 -> 13742.393 | U24: =+[4]아산!$H$17 -> 13635.385 | V24: =+U24-T24 -> -107.00817
D25: 전주 | E25: =+[4]전주!$G$9 -> 100000 | F25: =+[4]전주!$H$9 -> 99889.6 | G25: =+F25-E25 -> -110.39957 | H25: =+[4]전주!$G$10 -> 0 | I25: =+[4]전주!$H$10 -> 0 | J25: =+I25-H25 -> 0 | K25: =+[4]전주!$G$12 -> 65000 | L25: =+[4]전주!$H$12 -> 62568.322 | M25: =+L25-K25 -> -2431.6779 | N25: =+[4]전주!$G$13 -> 36000 | O25: =+[4]전주!$H$13 -> 36000.01 | P25: =+O25-N25 -> 0.0099421925 | Q25: =+[4]전주!$G$16 -> 12533.333 | R25: =+[4]전주!$H$16 -> 12514.79 | S25: =+R25-Q25 -> -18.543357 | T25: =+[4]전주!$G$17 -> 14400.08 | U25: =+[4]전주!$H$17 -> 14689.861 | V25: =+U25-T25 -> 289.78138
D26: 군산 | E26: =+[4]군산!$G$9 -> 100000 | F26: =+[4]군산!$H$9 -> 99997.74 | G26: =+F26-E26 -> -2.2596714 | H26: =+[4]군산!$G$10 -> 95000 | I26: =+[4]군산!$H$10 -> 94984.292 | J26: =+I26-H26 -> -15.707746 | K26: =+[4]군산!$G$12 -> 64900 | L26: =+[4]군산!$H$12 -> 48380.216 | M26: =+L26-K26 -> -16519.784 | N26: =+[4]군산!$G$13 -> 37500 | O26: =+[4]군산!$H$13 -> 35690.161 | P26: =+O26-N26 -> -1809.8394 | Q26: =+[4]군산!$G$16 -> 13666.667 | R26: =+[4]군산!$H$16 -> 13874.242 | S26: =+R26-Q26 -> 207.57507 | T26: =+[4]군산!$G$17 -> 14837.33 | U26: =+[4]군산!$H$17 -> 14929.195 | V26: =+U26-T26 -> 91.865421
D27: 원주 | E27: =+[4]원주!$G$9 -> 100000 | F27: =+[4]원주!$H$9 -> 100995.3 | G27: =+F27-E27 -> 995.29876 | H27: =+[4]원주!$G$10 -> 0 | I27: =+[4]원주!$H$10 -> 0 | J27: =+I27-H27 -> 0 | K27: =+[4]원주!$G$12 -> 64000 | L27: =+[4]원주!$H$12 -> 57360.268 | M27: =+L27-K27 -> -6639.732 | N27: =+[4]원주!$G$13 -> 49000 | O27: =+[4]원주!$H$13 -> 49000.01 | P27: =+O27-N27 -> 0.0097369106 | Q27: =+[4]원주!$G$16 -> 13666.667 | R27: =+[4]원주!$H$16 -> 13580.781 | S27: =+R27-Q27 -> -85.88552 | T27: =+[4]원주!$G$17 -> 13419.355 | U27: =+[4]원주!$H$17 -> 13250.504 | V27: =+U27-T27 -> -168.85117
D28: 제주 | E28: =+[4]제주!$G$9 -> 117000 | F28: =+[4]제주!$H$9 -> 116854.9 | G28: =+F28-E28 -> -145.0983 | H28: =+[4]제주!$G$10 -> 0 | I28: =+[4]제주!$H$10 -> 0 | J28: =+I28-H28 -> 0 | K28: =+[4]제주!$G$12 -> 0 | L28: =+[4]제주!$H$12 -> 0 | M28: =+L28-K28 -> 0 | N28: =+[4]제주!$G$13 -> 0 | O28: =+[4]제주!$H$13 -> 0 | P28: =+O28-N28 -> 0 | Q28: =+[4]제주!$G$16 -> 18143.333 | R28: =+[4]제주!$H$16 -> 17821.385 | S28: =+R28-Q28 -> -321.9479 | T28: =+[4]제주!$G$17 -> 18593.792 | U28: =+[4]제주!$H$17 -> 17128.773 | V28: =+U28-T28 -> -1465.0186

Sheet 원단위
D4: □ 레미콘 원재료 원단위(2024-01)
V5: [단위 : kg/㎥]
D6: 구분 | E6: OPC | H6: 분체류 | K6: 분체류 치환률 | N6: 자갈 | Q6: 모래 | T6: 혼화제
E7: 계획 | F7: 실적 | G7: 차이 | H7: 계획 | I7: 실적 | J7: 차이 | K7: 계획 | L7: 실적 | M7: 차이 | N7: 계획 | O7: 실적 | P7: 차이 | Q7: 계획 | R7: 실적 | S7: 차이 | T7: 계획 | U7: 실적 | V7: 차이
D8: 평균 | E8: =+[4]합계!$E$9 -> 274.06256 | F8: =+[4]합계!$F$9 -> 295.71114 | G8: =+F8-E8 -> 21.648579 | H8: =+[4]합계!$E$15 -> 353.19896 | I8: =+[4]합계!$F$15 -> 377.67748 | J8: =+I8-H8 -> 24.478521 | K8: =+([4]합계!$E$10*0.4+[4]합계!$E$11+[4]합계!$E$12+[4]합계!$E$13+[4]합계!$E$14)/[4]합계!$E$15 -> 0.18976916 | L8: =+([4]합계!$F$10*0.4+[4]합계!$F$11+[4]합계!$F$12+[4]합계!$F$13+[4]합계!$F$14)/[4]합계!$F$15 -> 0.17167585 | M8: =+L8-K8 -> -0.018093312 | N8: =+[4]합계!$E$16 -> 828.67194 | O8: =+[4]합계!$F$16 -> 830.35938 | P8: =+O8-N8 -> 1.6874333 | Q8: =+[4]합계!$E$17 -> 900.27021 | R8: =+[4]합계!$F$17 -> 885.32036 | S8: =+R8-Q8 -> -14.949853 | T8: =+[4]합계!$E$19 -> 3.1456181 | U8: =+[4]합계!$F$19 -> 3.2159523 | V8: =+U8-T8 -> 0.070334187
D9: 수도권 | E9: =+[4]수도권!$E$9 -> 296.17225 | F9: =+[4]수도권!$F$9 -> 329.52083 | G9: =+F9-E9 -> 33.348583 | H9: =+[4]수도권!$E$15 -> 357.73378 | I9: =+[4]수도권!$F$15 -> 381.45 | J9: =+I9-H9 -> 23.716218 | K9: =+([4]수도권!$E$10*0.4+[4]수도권!$E$11+[4]수도권!$E$12+[4]수도권!$E$13+[4]수도권!$E$14)/[4]수도권!$E$15 -> 0.16124613 | L9: =+([4]수도권!$F$10*0.4+[4]수도권!$F$11+[4]수도권!$F$12+[4]수도권!$F$13+[4]수도권!$F$14)/[4]수도권!$F$15 -> 0.13575414 | M9: =+L9-K9 -> -0.025491997 | N9: =+[4]수도권!$E$16 -> 861.40374 | O9: =+[4]수도권!$F$16 -> 838.64729 | P9: =+O9-N9 -> -22.756453 | Q9: =+[4]수도권!$E$17 -> 874.70508 | R9: =+[4]수도권!$F$17 -> 870.35965 | S9: =+R9-Q9 -> -4.3454236 | T9: =+[4]수도권!$E$19 -> 3.1094778 | U9: =+[4]수도권!$F$19 -> 3.2021377 | V9: =+U9-T9 -> 0.092659813
D10: 영남권 | E10: =+[4]영남권!$E$9 -> 243.69248 | F10: =+[4]영남권!$F$9 -> 259.05184 | G10: =+F10-E10 -> 15.35936 | H10: =+[4]영남권!$E$15 -> 348.66395 | I10: =+[4]영남권!$F$15 -> 373.35791 | J10: =+I10-H10 -> 24.693954 | K10: =+([4]영남권!$E$10*0.4+[4]영남권!$E$11+[4]영남권!$E$12+[4]영남권!$E$13+[4]영남권!$E$14)/[4]영남권!$E$15 -> 0.23533128 | L10: =+([4]영남권!$F$10*0.4+[4]영남권!$F$11+[4]영남권!$F$12+[4]영남권!$F$13+[4]영남권!$F$14)/[4]영남권!$F$15 -> 0.21289049 | M10: =+L10-K10 -> -0.022440789 | N10: =+[4]영남권!$E$16 -> 809.99955 | O10: =+[4]영남권!$F$16 -> 824.28223 | P10: =+O10-N10 -> 14.282682 | Q10: =+[4]영남권!$E$17 -> 910.9427 | R10: =+[4]영남권!$F$17 -> 894.26131 | S10: =+R10-Q10 -> -16.681395 | T10: =+[4]영남권!$E$19 -> 3.23824 | U10: =+[4]영남권!$F$19 -> 3.3639778 | V10: =+U10-T10 -> 0.12573785
D11: 기타권 | E11: =+[4]중부권!$E$9 -> 308.72107 | F11: =+[4]중부권!$F$9 -> 328.08442 | G11: =+F11-E11 -> 19.363355 | H11: =+[4]중부권!$E$15 -> 355.31573 | I11: =+[4]중부권!$F$15 -> 381.98633 | J11: =+I11-H11 -> 26.670592 | K11: =+([4]중부권!$E$10*0.4+[4]중부권!$E$11+[4]중부권!$E$12+[4]중부권!$E$13+[4]중부권!$E$14)/[4]중부권!$E$15 -> 0.12924468 | L11: =+([4]중부권!$F$10*0.4+[4]중부권!$F$11+[4]중부권!$F$12+[4]중부권!$F$13+[4]중부권!$F$14)/[4]중부권!$F$15 -> 0.13310486 | M11: =+L11-K11 -> 0.0038601797 | N11: =+[4]중부권!$E$16 -> 802.5184 | O11: =+[4]중부권!$F$16 -> 829.44858 | P11: =+O11-N11 -> 26.93018 | Q11: =+[4]중부권!$E$17 -> 932.22347 | R11: =+[4]중부권!$F$17 -> 893.13436 | S11: =+R11-Q11 -> -39.089111 | T11: =+[4]중부권!$E$19 -> 2.96232 | U11: =+[4]중부권!$F$19 -> 2.7981577 | V11: =+U11-T11 -> -0.16416226
D12: 안양 | E12: =+[4]안양!$E$9 -> 299.9 | F12: =+[4]안양!$F$9 -> 332.63809 | G12: =+F12-E12 -> 32.738088 | H12: =+[4]안양!$E$15 -> 366 | I12: =+[4]안양!$F$15 -> 374.20722 | J12: =+I12-H12 -> 8.2072163 | K12: =+([4]안양!$E$10*0.4+[4]안양!$E$11+[4]안양!$E$12+[4]안양!$E$13+[4]안양!$E$14)/[4]안양!$E$15 -> 0.16748634 | L12: =+([4]안양!$F$10*0.4+[4]안양!$F$11+[4]안양!$F$12+[4]안양!$F$13+[4]안양!$F$14)/[4]안양!$F$15 -> 0.11021537 | M12: =+L12-K12 -> -0.057270966 | N12: =+[4]안양!$E$16 -> 848 | O12: =+[4]안양!$F$16 -> 820.61881 | P12: =+O12-N12 -> -27.381185 | Q12: =+[4]안양!$E$17 -> 875 | R12: =+[4]안양!$F$17 -> 882.39006 | S12: =+R12-Q12 -> 7.3900553 | T12: =+[4]안양!$E$19 -> 3.29 | U12: =+[4]안양!$F$19 -> 3.1280089 | V12: =+U12-T12 -> -0.16199113
D13: 인천 | E13: =+[4]인천!$E$9 -> 300.263 | F13: =+[4]인천!$F$9 -> 340.42052 | G13: =+F13-E13 -> 40.157523 | H13: =+[4]인천!$E$15 -> 366.154 | I13: =+[4]인천!$F$15 -> 384.71488 | J13: =+I13-H13 -> 18.560877 | K13: =+([4]인천!$E$10*0.4+[4]인천!$E$11+[4]인천!$E$12+[4]인천!$E$13+[4]인천!$E$14)/[4]인천!$E$15 -> 0.16209628 | L13: =+([4]인천!$F$10*0.4+[4]인천!$F$11+[4]인천!$F$12+[4]인천!$F$13+[4]인천!$F$14)/[4]인천!$F$15 -> 0.11513554 | M13: =+L13-K13 -> -0.04696074 | N13: =+[4]인천!$E$16 -> 886.336 | O13: =+[4]인천!$F$16 -> 866.77821 | P13: =+O13-N13 -> -19.557795 | Q13: =+[4]인천!$E$17 -> 852.534 | R13: =+[4]인천!$F$17 -> 838.72028 | S13: =+R13-Q13 -> -13.813722 | T13: =+[4]인천!$E$19 -> 3.295 | U13: =+[4]인천!$F$19 -> 3.242147 | V13: =+U13-T13 -> -0.05285296
D14: 파주 | E14: =+[4]파주!$E$9 -> 300.41775 | F14: =+[4]파주!$F$9 -> 324.99906 | G14: =+F14-E14 -> 24.58131 | H14: =+[4]파주!$E$15 -> 344.9465 | I14: =+[4]파주!$F$15 -> 405.32063 | J14: =+I14-H14 -> 60.374128 | K14: =+([4]파주!$E$10*0.4+[4]파주!$E$11+[4]파주!$E$12+[4]파주!$E$13+[4]파주!$E$14)/[4]파주!$E$15 -> 0.12908886 | L14: =+([4]파주!$F$10*0.4+[4]파주!$F$11+[4]파주!$F$12+[4]파주!$F$13+[4]파주!$F$14)/[4]파주!$F$15 -> 0.19816798 | M14: =+L14-K14 -> 0.069079118 | N14: =+[4]파주!$E$16 -> 875.057 | O14: =+[4]파주!$F$16 -> 839.87985 | P14: =+O14-N14 -> -35.177146 | Q14: =+[4]파주!$E$17 -> 879.081 | R14: =+[4]파주!$F$17 -> 876.44743 | S14: =+R14-Q14 -> -2.6335652 | T14: =+[4]파주!$E$19 -> 2.759572 | U14: =+[4]파주!$F$19 -> 3.4832829 | V14: =+U14-T14 -> 0.72371093
D15: 김포 | E15: =+[4]김포!$E$9 -> 254 | F15: =+[4]김포!$F$9 -> 263.73927 | G15: =+F15-E15 -> 9.7392726 | H15: =+[4]김포!$E$15 -> 322 | I15: =+[4]김포!$F$15 -> 323.40548 | J15: =+I15-H15 -> 1.4054752 | K15: =+([4]김포!$E$10*0.4+[4]김포!$E$11+[4]김포!$E$12+[4]김포!$E$13+[4]김포!$E$14)/[4]김포!$E$15 -> 0.21118012 | L15: =+([4]김포!$F$10*0.4+[4]김포!$F$11+[4]김포!$F$12+[4]김포!$F$13+[4]김포!$F$14)/[4]김포!$F$15 -> 0.18449348 | M15: =+L15-K15 -> -0.026686641 | N15: =+[4]김포!$E$16 -> 802 | O15: =+[4]김포!$F$16 -> 838.57453 | P15: =+O15-N15 -> 36.574533 | Q15: =+[4]김포!$E$17 -> 940 | R15: =+[4]김포!$F$17 -> 909.44549 | S15: =+R15-Q15 -> -30.554506 | T15: =+[4]김포!$E$19 -> 2.5 | U15: =+[4]김포!$F$19 -> 2.413516 | V15: =+U15-T15 -> -0.086484036
D16: 부산 | E16: =+[4]부산!$E$9 -> 230.93036 | F16: =+[4]부산!$F$9 -> 239.24162 | G16: =+F16-E16 -> 8.3112586 | H16: =+[4]부산!$E$15 -> 356.4847 | I16: =+[4]부산!$F$15 -> 377.43155 | J16: =+I16-H16 -> 20.946845 | K16: =+([4]부산!$E$10*0.4+[4]부산!$E$11+[4]부산!$E$12+[4]부산!$E$13+[4]부산!$E$14)/[4]부산!$E$15 -> 0.283368 | L16: =+([4]부산!$F$10*0.4+[4]부산!$F$11+[4]부산!$F$12+[4]부산!$F$13+[4]부산!$F$14)/[4]부산!$F$15 -> 0.22422512 | M16: =+L16-K16 -> -0.059142882 | N16: =+[4]부산!$E$16 -> 850.35407 | O16: =+[4]부산!$F$16 -> 886.48922 | P16: =+O16-N16 -> 36.135156 | Q16: =+[4]부산!$E$17 -> 881.56011 | R16: =+[4]부산!$F$17 -> 828.09879 | S16: =+R16-Q16 -> -53.46132 | T16: =+[4]부산!$E$19 -> 2.8643135 | U16: =+[4]부산!$F$19 -> 3.5201015 | V16: =+U16-T16 -> 0.65578802
D17: 서부산 | E17: =+[4]서부산!$E$9 -> 238.6 | F17: =+[4]서부산!$F$9 -> 280.23011 | G17: =+F17-E17 -> 41.630115 | H17: =+[4]서부산!$E$15 -> 350.2 | I17: =+[4]서부산!$F$15 -> 367.31599 | J17: =+I17-H17 -> 17.115988 | K17: =+([4]서부산!$E$10*0.4+[4]서부산!$E$11+[4]서부산!$E$12+[4]서부산!$E$13+[4]서부산!$E$14)/[4]서부산!$E$15 -> 0.21707596 | L17: =+([4]서부산!$F$10*0.4+[4]서부산!$F$11+[4]서부산!$F$12+[4]서부산!$F$13+[4]서부산!$F$14)/[4]서부산!$F$15 -> 0.16342887 | M17: =+L17-K17 -> -0.053647088 | N17: =+[4]서부산!$E$16 -> 818.3 | O17: =+[4]서부산!$F$16 -> 853.45044 | P17: =+O17-N17 -> 35.150439 | Q17: =+[4]서부산!$E$17 -> 920.8 | R17: =+[4]서부산!$F$17 -> 882.38591 | S17: =+R17-Q17 -> -38.414095 | T17: =+[4]서부산!$E$19 -> 4.5 | U17: =+[4]서부산!$F$19 -> 3.4039992 | V17: =+U17-T17 -> -1.0960008
D18: 김해 | E18: =+[4]김해!$E$9 -> 221.92 | F18: =+[4]김해!$F$9 -> 186.53768 | G18: =+F18-E18 -> -35.382315 | H18: =+[4]김해!$E$15 -> 343 | I18: =+[4]김해!$F$15 -> 373.75811 | J18: =+I18-H18 -> 30.758112 | K18: =+([4]김해!$E$10*0.4+[4]김해!$E$11+[4]김해!$E$12+[4]김해!$E$13+[4]김해!$E$14)/[4]김해!$E$15 -> 0.17300292 | L18: =+([4]김해!$F$10*0.4+[4]김해!$F$11+[4]김해!$F$12+[4]김해!$F$13+[4]김해!$F$14)/[4]김해!$F$15 -> 0.22714224 | M18: =+L18-K18 -> 0.05413932 | N18: =+[4]김해!$E$16 -> 830 | O18: =+[4]김해!$F$16 -> 785.10587 | P18: =+O18-N18 -> -44.894135 | Q18: =+[4]김해!$E$17 -> 890 | R18: =+[4]김해!$F$17 -> 934.35548 | S18: =+R18-Q18 -> 44.35548 | T18: =+[4]김해!$E$19 -> 3.3 | U18: =+[4]김해!$F$19 -> 3.5653079 | V18: =+U18-T18 -> 0.26530786
D19: 정관 | E19: =+[4]정관!$E$9 -> 236 | F19: =+[4]정관!$F$9 -> 261.50338 | G19: =+F19-E19 -> 25.503381 | H19: =+[4]정관!$E$15 -> 360 | I19: =+[4]정관!$F$15 -> 373.81483 | J19: =+I19-H19 -> 13.814834 | K19: =+([4]정관!$E$10*0.4+[4]정관!$E$11+[4]정관!$E$12+[4]정관!$E$13+[4]정관!$E$14)/[4]정관!$E$15 -> 0.24277778 | L19: =+([4]정관!$F$10*0.4+[4]정관!$F$11+[4]정관!$F$12+[4]정관!$F$13+[4]정관!$F$14)/[4]정관!$F$15 -> 0.20004337 | M19: =+L19-K19 -> -0.042734408 | N19: =+[4]정관!$E$16 -> 795 | O19: =+[4]정관!$F$16 -> 803.84342 | P19: =+O19-N19 -> 8.8434213 | Q19: =+[4]정관!$E$17 -> 920 | R19: =+[4]정관!$F$17 -> 922.87897 | S19: =+R19-Q19 -> 2.8789673 | T19: =+[4]정관!$E$19 -> 3.06 | U19: =+[4]정관!$F$19 -> 3.2157856 | V19: =+U19-T19 -> 0.15578556
D20: 양산 | E20: =+[4]양산!$E$9 -> 251.60655 | F20: =+[4]양산!$F$9 -> 235.03752 | G20: =+F20-E20 -> -16.56903 | H20: =+[4]양산!$E$15 -> 332.25836 | I20: =+[4]양산!$F$15 -> 363.40856 | J20: =+I20-H20 -> 31.150194 | K20: =+([4]양산!$E$10*0.4+[4]양산!$E$11+[4]양산!$E$12+[4]양산!$E$13+[4]양산!$E$14)/[4]양산!$E$15 -> 0.22424499 | L20: =+([4]양산!$F$10*0.4+[4]양산!$F$11+[4]양산!$F$12+[4]양산!$F$13+[4]양산!$F$14)/[4]양산!$F$15 -> 0.32561839 | M20: =+L20-K20 -> 0.1013734 | N20: =+[4]양산!$E$16 -> 783.27273 | O20: =+[4]양산!$F$16 -> 787.66121 | P20: =+O20-N20 -> 4.3884816 | Q20: =+[4]양산!$E$17 -> 917.88821 | R20: =+[4]양산!$F$17 -> 907.72793 | S20: =+R20-Q20 -> -10.160279 | T20: =+[4]양산!$E$19 -> 2.4999888 | U20: =+[4]양산!$F$19 -> 3.1166373 | V20: =+U20-T20 -> 0.61664852
D21: 창원 | E21: =+[4]창원!$E$9 -> 240.8 | F21: =+[4]창원!$F$9 -> 283.89237 | G21: =+F21-E21 -> 43.092367 | H21: =+[4]창원!$E$15 -> 345.4 | I21: =+[4]창원!$F$15 -> 384.72255 | J21: =+I21-H21 -> 39.322548 | K21: =+([4]창원!$E$10*0.4+[4]창원!$E$11+[4]창원!$E$12+[4]창원!$E$13+[4]창원!$E$14)/[4]창원!$E$15 -> 0.30283729 | L21: =+([4]창원!$F$10*0.4+[4]창원!$F$11+[4]창원!$F$12+[4]창원!$F$13+[4]창원!$F$14)/[4]창원!$F$15 -> 0.1875733 | M21: =+L21-K21 -> -0.11526399 | N21: =+[4]창원!$E$16 -> 835.9 | O21: =+[4]창원!$F$16 -> 870.87874 | P21: =+O21-N21 -> 34.978737 | Q21: =+[4]창원!$E$17 -> 880.2 | R21: =+[4]창원!$F$17 -> 844.25084 | S21: =+R21-Q21 -> -35.949163 | T21: =+[4]창원!$E$19 -> 3.1 | U21: =+[4]창원!$F$19 -> 3.3233349 | V21: =+U21-T21 -> 0.22333487
D22: 대구 | E22: =+[4]대구!$E$9 -> 285.6 | F22: =+[4]대구!$F$9 -> 301.258 | G22: =+F22-E22 -> 15.657997 | H22: =+[4]대구!$E$15 -> 336 | I22: =+[4]대구!$F$15 -> 369.45321 | J22: =+I22-H22 -> 33.453208 | K22: =+([4]대구!$E$10*0.4+[4]대구!$E$11+[4]대구!$E$12+[4]대구!$E$13+[4]대구!$E$14)/[4]대구!$E$15 -> 0.15 | L22: =+([4]대구!$F$10*0.4+[4]대구!$F$11+[4]대구!$F$12+[4]대구!$F$13+[4]대구!$F$14)/[4]대구!$F$15 -> 0.18458416 | M22: =+L22-K22 -> 0.034584164 | N22: =+[4]대구!$E$16 -> 776.34645 | O22: =+[4]대구!$F$16 -> 759.02843 | P22: =+O22-N22 -> -17.31802 | Q22: =+[4]대구!$E$17 -> 948.86789 | R22: =+[4]대구!$F$17 -> 967.80379 | S22: =+R22-Q22 -> 18.935903 | T22: =+[4]대구!$E$19 -> 2.688 | U22: =+[4]대구!$F$19 -> 3.5753872 | V22: =+U22-T22 -> 0.88738717
D23: 울산 | E23: =+[4]울산!$E$9 -> 259.8 | F23: =+[4]울산!$F$9 -> 275.18927 | G23: =+F23-E23 -> 15.389273 | H23: =+[4]울산!$E$15 -> 364 | I23: =+[4]울산!$F$15 -> 379.14493 | J23: =+I23-H23 -> 15.144929 | K23: =+([4]울산!$E$10*0.4+[4]울산!$E$11+[4]울산!$E$12+[4]울산!$E$13+[4]울산!$E$14)/[4]울산!$E$15 -> 0.28626374 | L23: =+([4]울산!$F$10*0.4+[4]울산!$F$11+[4]울산!$F$12+[4]울산!$F$13+[4]울산!$F$14)/[4]울산!$F$15 -> 0.27418448 | M23: =+L23-K23 -> -0.012079254 | N23: =+[4]울산!$E$16 -> 721 | O23: =+[4]울산!$F$16 -> 713.93394 | P23: =+O23-N23 -> -7.0660605 | Q23: =+[4]울산!$E$17 -> 953 | R23: =+[4]울산!$F$17 -> 958.45611 | S23: =+R23-Q23 -> 5.4561143 | T23: =+[4]울산!$E$19 -> 3.3 | U23: =+[4]울산!$F$19 -> 2.8153646 | V23: =+U23-T23 -> -0.48463537
D24: 아산 | E24: =+[4]아산!$E$9 -> 322.04774 | F24: =+[4]아산!$F$9 -> 355.36393 | G24: =+F24-E24 -> 33.316191 | H24: =+[4]아산!$E$15 -> 365.62194 | I24: =+[4]아산!$F$15 -> 407.65565 | J24: =+I24-H24 -> 42.033714 | K24: =+([4]아산!$E$10*0.4+[4]아산!$E$11+[4]아산!$E$12+[4]아산!$E$13+[4]아산!$E$14)/[4]아산!$E$15 -> 0.11917828 | L24: =+([4]아산!$F$10*0.4+[4]아산!$F$11+[4]아산!$F$12+[4]아산!$F$13+[4]아산!$F$14)/[4]아산!$F$15 -> 0.12827424 | M24: =+L24-K24 -> 0.0090959547 | N24: =+[4]아산!$E$16 -> 855.79613 | O24: =+[4]아산!$F$16 -> 910.44176 | P24: =+O24-N24 -> 54.645629 | Q24: =+[4]아산!$E$17 -> 863.06323 | R24: =+[4]아산!$F$17 -> 808.81386 | S24: =+R24-Q24 -> -54.249364 | T24: =+[4]아산!$E$19 -> 3.0358065 | U24: =+[4]아산!$F$19 -> 3.2168899 | V24: =+U24-T24 -> 0.18108341
D25: 전주 | E25: =+[4]전주!$E$9 -> 291.53 | F25: =+[4]전주!$F$9 -> 292.26588 | G25: =+F25-E25 -> 0.73587787 | H25: =+[4]전주!$E$15 -> 356.72 | I25: =+[4]전주!$F$15 -> 355.76277 | J25: =+I25-H25 -> -0.95723161 | K25: =+([4]전주!$E$10*0.4+[4]전주!$E$11+[4]전주!$E$12+[4]전주!$E$13+[4]전주!$E$14)/[4]전주!$E$15 -> 0.18274837 | L25: =+([4]전주!$F$10*0.4+[4]전주!$F$11+[4]전주!$F$12+[4]전주!$F$13+[4]전주!$F$14)/[4]전주!$F$15 -> 0.17848099 | M25: =+L25-K25 -> -0.0042673857 | N25: =+[4]전주!$E$16 -> 764.6 | O25: =+[4]전주!$F$16 -> 697.87346 | P25: =+O25-N25 -> -66.726542 | Q25: =+[4]전주!$E$17 -> 979.69 | R25: =+[4]전주!$F$17 -> 1042.5773 | S25: =+R25-Q25 -> 62.88728 | T25: =+[4]전주!$E$19 -> 2.92 | U25: =+[4]전주!$F$19 -> 1.8691183 | V25: =+U25-T25 -> -1.0508817
D26: 군산 | E26: =+[4]군산!$E$9 -> 253.3 | F26: =+[4]군산!$F$9 -> 256.28141 | G26: =+F26-E26 -> 2.9814084 | H26: =+[4]군산!$E$15 -> 336.1 | I26: =+[4]군산!$F$15 -> 337.03241 | J26: =+I26-H26 -> 0.93240663 | K26: =+([4]군산!$E$10*0.4+[4]군산!$E$11+[4]군산!$E$12+[4]군산!$E$13+[4]군산!$E$14)/[4]군산!$E$15 -> 0.22761083 | L26: =+([4]군산!$F$10*0.4+[4]군산!$F$11+[4]군산!$F$12+[4]군산!$F$13+[4]군산!$F$14)/[4]군산!$F$15 -> 0.1857202 | M26: =+L26-K26 -> -0.041890632 | N26: =+[4]군산!$E$16 -> 785 | O26: =+[4]군산!$F$16 -> 794.5878 | P26: =+O26-N26 -> 9.5878039 | Q26: =+[4]군산!$E$17 -> 935 | R26: =+[4]군산!$F$17 -> 909.06899 | S26: =+R26-Q26 -> -25.931006 | T26: =+[4]군산!$E$19 -> 2.84 | U26: =+[4]군산!$F$19 -> 2.3767486 | V26: =+U26-T26 -> -0.46325139
D27: 원주 | E27: =+[4]원주!$E$9 -> 318.6 | F27: =+[4]원주!$F$9 -> 334.2089 | G27: =+F27-E27 -> 15.608899 | H27: =+[4]원주!$E$15 -> 340.8 | I27: =+[4]원주!$F$15 -> 374.56243 | J27: =+I27-H27 -> 33.762429 | K27: =+([4]원주!$E$10*0.4+[4]원주!$E$11+[4]원주!$E$12+[4]원주!$E$13+[4]원주!$E$14)/[4]원주!$E$15 -> 0.065140845 | L27: =+([4]원주!$F$10*0.4+[4]원주!$F$11+[4]원주!$F$12+[4]원주!$F$13+[4]원주!$F$14)/[4]원주!$F$15 -> 0.10773512 | M27: =+L27-K27 -> 0.042594279 | N27: =+[4]원주!$E$16 -> 818.7 | O27: =+[4]원주!$F$16 -> 823.1786 | P27: =+O27-N27 -> 4.4786018 | Q27: =+[4]원주!$E$17 -> 964.6 | R27: =+[4]원주!$F$17 -> 960.26748 | S27: =+R27-Q27 -> -4.3325219 | T27: =+[4]원주!$E$19 -> 2.848 | U27: =+[4]원주!$F$19 -> 3.0128474 | V27: =+U27-T27 -> 0.16484744
D28: 제주 | E28: =+[4]제주!$E$9 -> 345.6 | F28: =+[4]제주!$F$9 -> 363.30341 | G28: =+F28-E28 -> 17.703406 | H28: =+[4]제주!$E$15 -> 345.6 | I28: =+[4]제주!$F$15 -> 363.30341 | J28: =+I28-H28 -> 17.703406 | K28: =+([4]제주!$E$10*0.4+[4]제주!$E$11+[4]제주!$E$12+[4]제주!$E$13+[4]제주!$E$14)/[4]제주!$E$15 -> 0 | L28: =+([4]제주!$F$10*0.4+[4]제주!$F$11+[4]제주!$F$12+[4]제주!$F$13+[4]제주!$F$14)/[4]제주!$F$15 -> 0 | M28: =+L28-K28 -> 0 | N28: =+[4]제주!$E$16 -> 692.2 | O28: =+[4]제주!$F$16 -> 608.72911 | P28: =+O28-N28 -> -83.470888 | Q28: =+[4]제주!$E$17 -> 1046.4 | R28: =+[4]제주!$F$17 -> 1078.1374 | S28: =+R28-Q28 -> 31.73736 | T28: =+[4]제주!$E$19 -> 3.02 | U28: =+[4]제주!$F$19 -> 2.434803 | V28: =+U28-T28 -> -0.585197

Sheet 건자재
D6: □ 건자재 손익실적(2024-01)
O7: [단위 : 톤, 천원]
D8: 구분 | F8: 1월 | K8: 1월 누계
F9: 계획 | G9: 실적 | H9: 계획대비 | I9: 전년 | J9: 전년대비 | K9: 계획 | L9: 실적 | M9: 계획대비 | N9: 전년 | O9: 전년대비
D10: 판매량 | E10: 철강재 | F10: =+IFERROR(HLOOKUP($F$8,[10]손익!$G$5:$AI$63,2,),) -> 6900 | G10: =+'[6]1월'!$G$8 -> 6425.093 | H10: =+G10-F10 -> -474.907 | I10: =+IFERROR(HLOOKUP($F$8,[7]월별!$E$2:$T$53,2,),) -> 6946.787 | J10: =+G10-I10 -> -521.694 | K10: =+F10 -> 6900 | L10: =+G10 -> 6425.093 | M10: =+L10-K10 -> -474.907 | N10: =+I10 -> 6946.787 | O10: =+L10-N10 -> -521.694
D11: 판매단가 | E11: 철강재 | F11: =+F12/F10*1000 -> 976086.96 | G11: =+G12/G10*1000 -> 920730.85 | H11: =+G11-F11 -> -55356.103 | I11: =+I12/I10*1000 -> 1098907.9 | J11: =+G11-I11 -> -178177.01 | K11: =+K12/K10*1000 -> 976086.96 | L11: =+L12/L10*1000 -> 920730.85 | M11: =+L11-K11 -> -55356.103 | N11: =+I11 -> 1098907.9 | O11: =+L11-N11 -> -178177.01
D12: 매출액 | E12: 철강재 | F12: =+IFERROR(HLOOKUP($F$8,[10]손익!$G$5:$AI$63,22,),) -> 6735000 | G12: =+'[6]1월'!$G$9 -> 5915781.4 | H12: =+G12-F12 -> -819218.64 | I12: =+IFERROR(HLOOKUP($F$8,[7]월별!$E$2:$T$53,5,),) -> 7633878.9 | J12: =+G12-I12 -> -1718097.5 | K12: =+F12 -> 6735000 | L12: =+G12 -> 5915781.4 | M12: =+L12-K12 -> -819218.64 | N12: =+I12 -> 7633878.9 | O12: =+L12-N12 -> -1718097.5
E13: 기타 | F13: =+IFERROR(HLOOKUP($F$8,[10]손익!$G$5:$AI$63,23,),) -> 1712943.2 | G13: =+'[6]1월'!$J$9 -> 1492175.8 | H13: =+G13-F13 -> -220767.35 | I13: =+IFERROR(HLOOKUP($F$8,[7]월별!$E$2:$T$53,6,),) -> 1179755.4 | J13: =+G13-I13 -> 312420.41 | K13: =+F13 -> 1712943.2 | L13: =+G13 -> 1492175.8 | M13: =+L13-K13 -> -220767.35 | N13: =+I13 -> 1179755.4 | O13: =+L13-N13 -> 312420.41
E14: (소계) | F14: =SUM(F12:F13) -> 8447943.2 | G14: =SUM(G12:G13) -> 7407957.2 | H14: =+G14-F14 -> -1039986 | I14: =SUM(I12:I13) -> 8813634.3 | J14: =+G14-I14 -> -1405677.1 | K14: =SUM(K12:K13) -> 8447943.2 | L14: =SUM(L12:L13) -> 7407957.2 | M14: =+L14-K14 -> -1039986 | N14: =SUM(N12:N13) -> 8813634.3 | O14: =+L14-N14 -> -1405677.1
D15: 매출원가 | E15: 철강재 | F15: =+IFERROR(HLOOKUP($F$8,[10]손익!$G$5:$AI$63,25,),) -> 6578580 | G15: =+'[6]1월'!$G$11 -> 5751185.5 | H15: =+G15-F15 -> -827394.48 | I15: =+IFERROR(HLOOKUP($F$8,[7]월별!$E$2:$T$53,8,),) -> 7485107.7 | J15: =+G15-I15 -> -1733922.2 | K15: =+F15 -> 6578580 | L15: =+G15 -> 5751185.5 | M15: =+L15-K15 -> -827394.48 | N15: =+I15 -> 7485107.7 | O15: =+L15-N15 -> -1733922.2
E16: 기타 | F16: =+IFERROR(HLOOKUP($F$8,[10]손익!$G$5:$AI$63,26,),) -> 1653367 | G16: =+'[6]1월'!$J$11 -> 1459339.4 | H16: =+G16-F16 -> -194027.55 | I16: =+IFERROR(HLOOKUP($F$8,[7]월별!$E$2:$T$53,9,),) -> 1158746.9 | J16: =+G16-I16 -> 300592.55 | K16: =+F16 -> 1653367 | L16: =+G16 -> 1459339.4 | M16: =+L16-K16 -> -194027.55 | N16: =+I16 -> 1158746.9 | O16: =+L16-N16 -> 300592.55
E17: (소계) | F17: =SUM(F15:F16) -> 8231947 | G17: =SUM(G15:G16) -> 7210525 | H17: =+G17-F17 -> -1021422 | I17: =SUM(I15:I16) -> 8643854.6 | J17: =+G17-I17 -> -1433329.7 | K17: =SUM(K15:K16) -> 8231947 | L17: =SUM(L15:L16) -> 7210525 | M17: =+L17-K17 -> -1021422 | N17: =SUM(N15:N16) -> 8643854.6 | O17: =+L17-N17 -> -1433329.7
D18: 매출이익 | E18: 철강재 | F18: =+F12-F15 -> 156420 | G18: =+G12-G15 -> 164595.84 | H18: =+G18-F18 -> 8175.842 | I18: =+I12-I15 -> 148771.17 | J18: =+G18-I18 -> 15824.672 | K18: =+K12-K15 -> 156420 | L18: =+L12-L15 -> 164595.84 | M18: =+L18-K18 -> 8175.842 | N18: =+N12-N15 -> 148771.17 | O18: =+L18-N18 -> 15824.672
E19: % | F19: =+F18/F12 -> 0.023224944 | G19: =+G18/G12 -> 0.027823179 | H19: =+G19-F19 -> 0.0045982344 | I19: =+I18/I12 -> 0.01948828 | J19: =+G19-I19 -> 0.0083348986 | K19: =+K18/K12 -> 0.023224944 | L19: =+L18/L12 -> 0.027823179 | M19: =+L19-K19 -> 0.0045982344 | N19: =+N18/N12 -> 0.01948828 | O19: =+L19-N19 -> 0.0083348986
E20: 기타 | F20: =+F13-F16 -> 59576.163 | G20: =+G13-G16 -> 32836.365 | H20: =+G20-F20 -> -26739.798 | I20: =+I13-I16 -> 21008.508 | J20: =+G20-I20 -> 11827.857 | K20: =+K13-K16 -> 59576.163 | L20: =+L13-L16 -> 32836.365 | M20: =+L20-K20 -> -26739.798 | N20: =+N13-N16 -> 21008.508 | O20: =+L20-N20 -> 11827.857
E21: % | F21: =+F20/F13 -> 0.03478 | G21: =+G20/G13 -> 0.022005695 | H21: =+G21-F21 -> -0.012774305 | I21: =+I20/I13 -> 0.017807512 | J21: =+G21-I21 -> 0.0041981829 | K21: =+K20/K13 -> 0.03478 | L21: =+L20/L13 -> 0.022005695 | M21: =+L21-K21 -> -0.012774305 | N21: =+N20/N13 -> 0.017807512 | O21: =+L21-N21 -> 0.0041981829
E22: (소계) | F22: =SUM(F18,F20) -> 215996.16 | G22: =SUM(G18,G20) -> 197432.21 | H22: =+G22-F22 -> -18563.956 | I22: =SUM(I18,I20) -> 169779.68 | J22: =+G22-I22 -> 27652.529 | K22: =+K14-K17 -> 215996.16 | L22: =+L14-L17 -> 197432.21 | M22: =+L22-K22 -> -18563.956 | N22: =+N14-N17 -> 169779.68 | O22: =+L22-N22 -> 27652.529
E23: % | F23: =+F22/F14 -> 0.0255679 | G23: =+G22/G14 -> 0.02665137 | H23: =+G23-F23 -> 0.0010834703 | I23: =+I22/I14 -> 0.0192633 | J23: =+G23-I23 -> 0.0073880703 | K23: =+K22/K14 -> 0.0255679 | L23: =+L22/L14 -> 0.02665137 | M23: =+L23-K23 -> 0.0010834703 | N23: =+N22/N14 -> 0.0192633 | O23: =+L23-N23 -> 0.0073880703
D24: 판관비 | E24: 노무비 | F24: =+IFERROR(HLOOKUP($F$8,[10]판매4!$G$4:$U$50,7,),) -> 82217.06 | G24: =+'[6]1월'!$M$19 -> 88392.315 | H24: =+G24-F24 -> 6175.255 | I24: =+IFERROR(HLOOKUP($F$8,[7]월별!$E$2:$T$53,17,),) -> 91245.597 | J24: =+G24-I24 -> -2853.282 | K24: =+F24 -> 82217.06 | L24: =+G24 -> 88392.315 | M24: =+L24-K24 -> 6175.255 | N24: =+I24 -> 91245.597 | O24: =+L24-N24 -> -2853.282
E25: 경비 | F25: =+IFERROR(HLOOKUP($F$8,[10]판매4!$G$4:$U$50,31,),)+IFERROR(HLOOKUP($F$8,[10]판매4!$G$4:$U$50,34,),) -> 39028.62 | G25: =+'[6]1월'!$M$37+'[6]1월'!$M$40 -> 33772.681 | H25: =+G25-F25 -> -5255.939 | I25: =+IFERROR(HLOOKUP($F$8,[7]월별!$E$2:$T$53,35,),)+IFERROR(HLOOKUP($F$8,[7]월별!$E$2:$T$53,38,),) -> 4135.147 | J25: =+G25-I25 -> 29637.534 | K25: =+F25 -> 39028.62 | L25: =+G25 -> 33772.681 | M25: =+L25-K25 -> -5255.939 | N25: =+I25 -> 4135.147 | O25: =+L25-N25 -> 29637.534
E26: (소계) | F26: =SUM(F24:F25) -> 121245.68 | G26: =SUM(G24:G25) -> 122165 | H26: =+G26-F26 -> 919.316 | I26: =SUM(I24:I25) -> 95380.744 | J26: =+G26-I26 -> 26784.252 | K26: =SUM(K24:K25) -> 121245.68 | L26: =SUM(L24:L25) -> 122165 | M26: =+L26-K26 -> 919.316 | N26: =SUM(N24:N25) -> 95380.744 | O26: =+L26-N26 -> 26784.252
D27: 영업이익 | F27: =+F22-F26 -> 94750.483 | G27: =+G22-G26 -> 75267.211 | H27: =+G27-F27 -> -19483.272 | I27: =+I22-I26 -> 74398.934 | J27: =+G27-I27 -> 868.277 | K27: =+K22-K26 -> 94750.483 | L27: =+L22-L26 -> 75267.211 | M27: =+L27-K27 -> -19483.272 | N27: =+N22-N26 -> 74398.934 | O27: =+L27-N27 -> 868.277
E28: % | F28: =+F27/F14 -> 0.011215805 | G28: =+G27/G14 -> 0.010160319 | H28: =+G28-F28 -> -0.0010554856 | I28: =+I27/I14 -> 0.0084413457 | J28: =+G28-I28 -> 0.0017189737 | K28: =+K27/K14 -> 0.011215805 | L28: =+L27/L14 -> 0.010160319 | M28: =+L28-K28 -> -0.0010554856 | N28: =+N27/N14 -> 0.0084413457 | O28: =+L28-N28 -> 0.0017189737
D29: 철강재 단가 및 마진률
R34: * 공통비
F36: =+IFERROR(HLOOKUP($F$8,[10]손익!$G$5:$AJ$65,17,),) -> 94750.483 | G36: =+'[6]1월'!$M$41 -> 75267.211 | I36: =+IFERROR(HLOOKUP($F$8,[7]월별!$E$2:$T$53,39,),) -> 74398.934 | K36: =+'[6]1월'!$V$41 -> 94750.483 | L36: =+'[6]1월'!$W$41 -> 75267.211 | N36: =+'[7]1월'!$W$41 -> 74398.934 | S36: 1월 | T36: 2월 | U36: 3월 | V36: 4월 | W36: 5월 | X36: 6월 | Y36: 7월 | Z36: 8월 | AA36: 9월 | AB36: 10월 | AC36: 11월 | AD36: 12월 | AE36: 1월
F37: =+F27=F36 -> TRUE | G37: =+G27=G36 -> TRUE | I37: =+I27=I36 -> TRUE | K37: =+K27=K36 -> TRUE | L37: =+L27=L36 -> TRUE | N37: =+N27=N36 -> TRUE | R37: 구분 | S37: 1월 | T37: 2월 | U37: 3월 | V37: 4월 | W37: 5월 | X37: 6월 | Y37: 7월 | Z37: =+Z36 -> 8월 | AA37: =+AA36 -> 9월 | AB37: =+AB36 -> 10월 | AC37: =+AC36 -> 11월 | AD37: =+AD36 -> 12월 | AE37: =+AE36 -> 1월
K38: =+K27-K36 -> 0 | L38: =+L27-L36 -> 0 | N38: =+N27-N36 -> 0 | R38: 판매단가 | S38: =+IFERROR(HLOOKUP(S$36,[7]월별!$E$2:$S$67,42,),) -> 1098907.9 | T38: =+IFERROR(HLOOKUP(T$36,[7]월별!$E$2:$S$67,42,),) -> 1027487 | U38: =+IFERROR(HLOOKUP(U$36,[7]월별!$E$2:$S$67,42,),) -> 1030973.4 | V38: =+IFERROR(HLOOKUP(V$36,[7]월별!$E$2:$S$67,42,),) -> 1048311.1 | W38: =+IFERROR(HLOOKUP(W$36,[7]월별!$E$2:$S$67,42,),) -> 1064717.6 | X38: =+IFERROR(HLOOKUP(X$36,[7]월별!$E$2:$S$67,42,),) -> 1043902.1 | Y38: =+IFERROR(HLOOKUP(Y$36,[7]월별!$E$2:$S$67,42,),) -> 1025254.3 | Z38: =+IFERROR(HLOOKUP(Z$36,[7]월별!$E$2:$S$67,42,),) -> 957693.64 | ... AD38: =+IFERROR(HLOOKUP(AD$36,[7]월별!$E$2:$S$67,42,),) -> 951341.43 | AE38: =+IFERROR(HLOOKUP(AE$36,[6]월별!$E$2:$S$67,42,),) -> 920730.85
R39: 마진률 | S39: =+IFERROR(HLOOKUP(S$36,[7]월별!$E$2:$S$67,43,),) -> 0.0192633 | T39: =+IFERROR(HLOOKUP(T$36,[7]월별!$E$2:$S$67,43,),) -> 0.020328431 | U39: =+IFERROR(HLOOKUP(U$36,[7]월별!$E$2:$S$67,43,),) -> 0.018159702 | V39: =+IFERROR(HLOOKUP(V$36,[7]월별!$E$2:$S$67,43,),) -> 0.02078312 | W39: =+IFERROR(HLOOKUP(W$36,[7]월별!$E$2:$S$67,43,),) -> 0.018530156 | X39: =+IFERROR(HLOOKUP(X$36,[7]월별!$E$2:$S$67,43,),) -> 0.023380889 | Y39: =+IFERROR(HLOOKUP(Y$36,[7]월별!$E$2:$S$67,43,),) -> 0.024066421 | Z39: =+IFERROR(HLOOKUP(Z$36,[7]월별!$E$2:$S$67,43,),) -> 0.027515512 | ... AE39: =+IFERROR(HLOOKUP(AE$36,[7]월별!$E$2:$S$67,43,),) -> 0.0192633

Sheet 골재사업소(당월)
A1: 1월
D4: □ 2023년 골재사업소 손익(2024-01)
AD5: [단위 : ㎥, 천원]
D6: 계획 | E6: 구분 | G6: 서부산 쇄석 | J6: 서부산 쇄사 | M6: 서부산 소계 | P6: 부산크라샤 쇄석 | S6: 부산크라샤 쇄사 | V6: 부산크라샤 소계 | Y6: 부산 모래 | AB6: 골재사업소 계
G7: 계획 | H7: 실적 | I7: 차이 | J7: 계획 | K7: 실적 | L7: 차이 | M7: 계획 | N7: 실적 | O7: 차이 | P7: 계획 | Q7: 실적 | R7: 차이 | S7: 계획 | T7: 실적 | U7: 차이 | V7: 계획 | W7: 실적 | X7: 차이 | Y7: 계획 | Z7: 실적 | AA7: 차이 | AB7: 계획 | AC7: 실적 | AD7: 차이
E8: 판매량 | F8: 자가이송 | G8: =+IFERROR(HLOOKUP($A$1,[11]손익요약!$G$5:$AL$106,3,),) -> 11456.2 | H8: =+'[8]서부산크라샤(당월)'!$F$66 -> 11952 | I8: =H8-G8 -> 495.8 | J8: =+IFERROR(HLOOKUP($A$1,[11]손익요약!$G$5:$AL$106,6,),) -> 915.6 | K8: =+'[8]서부산크라샤(당월)'!$I$66 -> 1024 | L8: =K8-J8 -> 108.4 | M8: =+G8+J8 -> 12371.8 | N8: =+H8+K8 -> 12976 | O8: =N8-M8 -> 604.2 | P8: =+IFERROR(HLOOKUP($A$1,[12]손익요약!$G$5:$AL$106,3,),) -> 9859.7553 | Q8: =+'[8]부산크라샤(당월)'!$F$66 -> 12369 | R8: =Q8-P8 -> 2509.2447 | S8: =+IFERROR(HLOOKUP($A$1,[12]손익요약!$G$5:$AL$106,6,),) -> 8810.5446 | T8: =+'[8]부산크라샤(당월)'!$I$66 -> 12431 | U8: =T8-S8 -> 3620.4554 | V8: =+P8+S8 -> 18670.3 | W8: =+Q8+T8 -> 24800 | X8: =W8-V8 -> 6129.7 | Y8: =+IFERROR(HLOOKUP($A$1,[13]손익계획!$G$5:$AX$449,3,),) -> 16586.871 | Z8: =+'[8]부산모래장(당월)'!$R$48 -> 17960 | AA8: =Z8-Y8 -> 1373.1293 | AB8: =+M8+V8+Y8 -> 47628.971 | AC8: =+N8+W8+Z8 -> 55736 | AD8: =AC8-AB8 -> 8107.0294
F9: % | G9: =+G8/G$12 -> 1 | H9: =+H8/H$12 -> 0.47248577 | I9: =+H9-G9 -> -0.52751423 | J9: =+J8/J$12 -> 1 | K9: =+K8/K$12 -> 0.39751553 | L9: =+K9-J9 -> -0.60248447 | M9: =+M8/M$12 -> 1 | N9: =+N8/N$12 -> 0.46555683 | O9: =+N9-M9 -> -0.53444317 | P9: =+P8/P$12 -> 0.62168395 | Q9: =+Q8/Q$12 -> 0.82941058 | R9: =+Q9-P9 -> 0.20772663 | S9: =+S8/S$12 -> 0.37002701 | T9: =+T8/T$12 -> 0.85571694 | U9: =+T9-S9 -> 0.48568993 | V9: =+V8/V$12 -> 0.47063672 | W9: =+W8/W$12 -> 0.8423913 | X9: =+W9-V9 -> 0.37175458 | Y9: =+Y8/Y$12 -> 0.67462309 | Z9: =+Z8/Z$12 -> 0.66017276 | AA9: =+Z9-Y9 -> -0.014450328 | AB9: =+AB8/AB$12 -> 0.62155305 | AC9: =+AC8/AC$12 -> 0.65946496 | AD9: =+AC9-AB9 -> 0.037911907
F10: 외부판매 | G10: =+IFERROR(HLOOKUP($A$1,[11]손익요약!$G$5:$AL$106,2,),) -> 0 | H10: =+'[8]서부산크라샤(당월)'!$F$59 -> 13344 | I10: =H10-G10 -> 13344 | J10: =+IFERROR(HLOOKUP($A$1,[11]손익요약!$G$5:$AL$106,5,),) -> 0 | K10: =+'[8]서부산크라샤(당월)'!$I$59 -> 1552 | L10: =K10-J10 -> 1552 | M10: =+G10+J10 -> 0 | N10: =+H10+K10 -> 14896 | O10: =N10-M10 -> 14896 | P10: =+IFERROR(HLOOKUP($A$1,[12]손익요약!$G$5:$AL$106,2,),) -> 6000 | Q10: =+'[8]부산크라샤(당월)'!$F$59 -> 2544 | R10: =Q10-P10 -> -3456 | S10: =+IFERROR(HLOOKUP($A$1,[12]손익요약!$G$5:$AL$106,5,),) -> 15000 | T10: =+'[8]부산크라샤(당월)'!$I$59 -> 2096 | U10: =T10-S10 -> -12904 | V10: =+P10+S10 -> 21000 | W10: =+Q10+T10 -> 4640 | X10: =W10-V10 -> -16360 | Y10: =+IFERROR(HLOOKUP($A$1,[13]손익계획!$G$5:$AX$449,2,),) -> 8000 | Z10: =+'[8]부산모래장(당월)'!$R$47 -> 9245 | AA10: =Z10-Y10 -> 1245 | AB10: =+M10+V10+Y10 -> 29000 | AC10: =+N10+W10+Z10 -> 28781 | AD10: =AC10-AB10 -> -219
F11: % | G11: =+G10/G$12 -> 0 | H11: =+H10/H$12 -> 0.52751423 | I11: =+H11-G11 -> 0.52751423 | J11: =+J10/J$12 -> 0 | K11: =+K10/K$12 -> 0.60248447 | L11: =+K11-J11 -> 0.60248447 | M11: =+M10/M$12 -> 0 | N11: =+N10/N$12 -> 0.53444317 | O11: =+N11-M11 -> 0.53444317 | P11: =+P10/P$12 -> 0.37831605 | Q11: =+Q10/Q$12 -> 0.17058942 | R11: =+Q11-P11 -> -0.20772663 | S11: =+S10/S$12 -> 0.62997299 | T11: =+T10/T$12 -> 0.14428306 | U11: =+T11-S11 -> -0.48568993 | V11: =+V10/V$12 -> 0.52936328 | W11: =+W10/W$12 -> 0.1576087 | X11: =+W11-V11 -> -0.37175458 | Y11: =+Y10/Y$12 -> 0.32537691 | Z11: =+Z10/Z$12 -> 0.33982724 | AA11: =+Z11-Y11 -> 0.014450328 | AB11: =+AB10/AB$12 -> 0.37844695 | AC11: =+AC10/AC$12 -> 0.34053504 | AD11: =+AC11-AB11 -> -0.037911907
F12: (소계) | G12: =G8+G10 -> 11456.2 | H12: =H8+H10 -> 25296 | I12: =H12-G12 -> 13839.8 | J12: =J8+J10 -> 915.6 | K12: =K8+K10 -> 2576 | L12: =K12-J12 -> 1660.4 | M12: =M8+M10 -> 12371.8 | N12: =N8+N10 -> 27872 | O12: =N12-M12 -> 15500.2 | P12: =P8+P10 -> 15859.755 | Q12: =Q8+Q10 -> 14913 | R12: =Q12-P12 -> -946.75534 | S12: =S8+S10 -> 23810.545 | T12: =T8+T10 -> 14527 | U12: =T12-S12 -> -9283.5446 | V12: =V8+V10 -> 39670.3 | W12: =W8+W10 -> 29440 | X12: =W12-V12 -> -10230.3 | Y12: =Y8+Y10 -> 24586.871 | Z12: =Z8+Z10 -> 27205 | AA12: =Z12-Y12 -> 2618.1293 | AB12: =AB8+AB10 -> 76628.971 | AC12: =AC8+AC10 -> 84517 | AD12: =AC12-AB12 -> 7888.0294 | AF12: =+'사업장별(당월)'!J32*1000 -> 76628.971 | AG12: =+'사업장별(당월)'!K32*1000 -> 84517
E13: 매출액 | F13: 자가이송 | G13: =+IFERROR(HLOOKUP($A$1,[11]손익요약!$G$5:$AL$106,15,),) -> 183299.2 | H13: =+'[8]서부산크라샤(당월)'!$F$72 -> 193456 | I13: =H13-G13 -> 10156.8 | J13: =+IFERROR(HLOOKUP($A$1,[11]손익요약!$G$5:$AL$106,18,),) -> 9613.8 | K13: =+'[8]서부산크라샤(당월)'!$I$72 -> 10176 | L13: =K13-J13 -> 562.2 | M13: =+G13+J13 -> 192913 | N13: =+H13+K13 -> 203632 | O13: =N13-M13 -> 10719 | P13: =+IFERROR(HLOOKUP($A$1,[12]손익요약!$G$5:$AL$106,12,),) -> 157756.09 | Q13: =+'[8]부산크라샤(당월)'!$F$72 -> 215489.5 | R13: =Q13-P13 -> 57733.415 | S13: =+IFERROR(HLOOKUP($A$1,[12]손익요약!$G$5:$AL$106,15,),) -> 194650.77 | T13: =+'[8]부산크라샤(당월)'!$I$72 -> 277776.5 | U13: =T13-S13 -> 83125.734 | V13: =+P13+S13 -> 352406.85 | W13: =+Q13+T13 -> 493266 | X13: =W13-V13 -> 140859.15 | Y13: =+IFERROR(HLOOKUP($A$1,[13]손익계획!$G$5:$AX$449,6,),) -> 469843.14 | Z13: =+'[8]부산모래장(당월)'!$R$54 -> 518456 | AA13: =Z13-Y13 -> 48612.857 | AB13: =+M13+V13+Y13 -> 1015163 | AC13: =+N13+W13+Z13 -> 1215354 | AD13: =AC13-AB13 -> 200191 | AF13: =+AF12=AB12 -> TRUE | AG13: =+AG12=AC12 -> TRUE
F14: 단가 | G14: =+G13/G8*1000 -> 16000 | H14: =+H13/H8*1000 -> 16186.078 | I14: =H14-G14 -> 186.07764 | J14: =+J13/J8*1000 -> 10500 | K14: =+K13/K8*1000 -> 9937.5 | L14: =K14-J14 -> -562.5 | M14: =+M13/M8*1000 -> 15592.961 | N14: =+N13/N8*1000 -> 15692.972 | O14: =N14-M14 -> 100.01023 | P14: =+P13/P8*1000 -> 16000 | Q14: =+Q13/Q8*1000 -> 17421.74 | R14: =Q14-P14 -> 1421.7398 | S14: =+S13/S8*1000 -> 22092.932 | T14: =+T13/T8*1000 -> 22345.467 | U14: =T14-S14 -> 252.53463 | V14: =+V13/V8*1000 -> 18875.265 | W14: =+W13/W8*1000 -> 19889.758 | X14: =W14-V14 -> 1014.4935 | Y14: =+Y13/Y8*1000 -> 28326.208 | Z14: =+Z13/Z8*1000 -> 28867.261 | AA14: =Z14-Y14 -> 541.05293 | AB14: =+AB13/AB8*1000 -> 21313.981 | AC14: =+AC13/AC8*1000 -> 21805.548 | AD14: =AC14-AB14 -> 491.56617
F15: 외부판매 | G15: =+IFERROR(HLOOKUP($A$1,[11]손익요약!$G$5:$AL$106,14,),) -> 0 | H15: =+'[8]서부산크라샤(당월)'!$F$71 -> 157152 | I15: =H15-G15 -> 157152 | J15: =+IFERROR(HLOOKUP($A$1,[11]손익요약!$G$5:$AL$106,17,),) -> 0 | K15: =+'[8]서부산크라샤(당월)'!$I$71 -> 12528 | L15: =K15-J15 -> 12528 | M15: =+G15+J15 -> 0 | N15: =+H15+K15 -> 169680 | O15: =N15-M15 -> 169680 | P15: =+IFERROR(HLOOKUP($A$1,[12]손익요약!$G$5:$AL$106,11,),) -> 72000 | Q15: =+'[8]부산크라샤(당월)'!$F$71 -> 33072 | R15: =Q15-P15 -> -38928 | S15: =+IFERROR(HLOOKUP($A$1,[12]손익요약!$G$5:$AL$106,14,),) -> 285000 | T15: =+'[8]부산크라샤(당월)'!$I$71 -> 39824 | U15: =T15-S15 -> -245176 | V15: =+P15+S15 -> 357000 | W15: =+Q15+T15 -> 72896 | X15: =W15-V15 -> -284104 | Y15: =+IFERROR(HLOOKUP($A$1,[13]손익계획!$G$5:$AX$449,5,),) -> 228000 | Z15: =+'[8]부산모래장(당월)'!$R$53 -> 261590 | AA15: =Z15-Y15 -> 33590 | AB15: =+M15+V15+Y15 -> 585000 | AC15: =+N15+W15+Z15 -> 504166 | AD15: =AC15-AB15 -> -80834
F16: 단가 | G16: =IFERROR(G15/G10,)*1000 -> 0 | H16: =IFERROR(H15/H10,)*1000 -> 11776.978 | I16: =H16-G16 -> 11776.978 | J16: =IFERROR(J15/J10,)*1000 -> 0 | K16: =IFERROR(K15/K10,)*1000 -> 8072.1649 | L16: =K16-J16 -> 8072.1649 | M16: =IFERROR(M15/M10,)*1000 -> 0 | N16: =IFERROR(N15/N10,)*1000 -> 11390.977 | O16: =N16-M16 -> 11390.977 | P16: =IFERROR(P15/P10,)*1000 -> 12000 | Q16: =IFERROR(Q15/Q10,)*1000 -> 13000 | R16: =Q16-P16 -> 1000 | S16: =IFERROR(S15/S10,)*1000 -> 19000 | T16: =IFERROR(T15/T10,)*1000 -> 19000 | U16: =T16-S16 -> 0 | V16: =IFERROR(V15/V10,)*1000 -> 17000 | W16: =IFERROR(W15/W10,)*1000 -> 15710.345 | X16: =W16-V16 -> -1289.6552 | Y16: =IFERROR(Y15/Y10,)*1000 -> 28500 | Z16: =IFERROR(Z15/Z10,)*1000 -> 28295.295 | AA16: =Z16-Y16 -> -204.70525 | AB16: =IFERROR(AB15/AB10,)*1000 -> 20172.414 | AC16: =IFERROR(AC15/AC10,)*1000 -> 17517.32 | AD16: =AC16-AB16 -> -2655.0933
F17: (소계) | G17: =G13+G15 -> 183299.2 | H17: =H13+H15 -> 350608 | I17: =H17-G17 -> 167308.8 | J17: =J13+J15 -> 9613.8 | K17: =K13+K15 -> 22704 | L17: =K17-J17 -> 13090.2 | M17: =M13+M15 -> 192913 | N17: =N13+N15 -> 373312 | O17: =N17-M17 -> 180399 | P17: =P13+P15 -> 229756.09 | Q17: =Q13+Q15 -> 248561.5 | R17: =Q17-P17 -> 18805.415 | S17: =S13+S15 -> 479650.77 | T17: =T13+T15 -> 317600.5 | U17: =T17-S17 -> -162050.27 | V17: =V13+V15 -> 709406.85 | W17: =W13+W15 -> 566162 | X17: =W17-V17 -> -143244.85 | Y17: =Y13+Y15 -> 697843.14 | Z17: =Z13+Z15 -> 780046 | AA17: =Z17-Y17 -> 82202.857 | AB17: =AB13+AB15 -> 1600163 | AC17: =AC13+AC15 -> 1719520 | AD17: =AC17-AB17 -> 119357 | AF17: =+'사업장별(당월)'!O32*1000 -> 1600163 | AG17: =+'사업장별(당월)'!P32*1000 -> 1719520
E18: 영업이익 | F18: 자가이송 | G18: =+IFERROR(HLOOKUP($A$1,[11]손익요약!$G$5:$AL$106,80,),) -> 65417.772 | H18: =+'[8]서부산크라샤(당월)'!$F$87 -> 47517.813 | I18: =H18-G18 -> -17899.959 | J18: =+IFERROR(HLOOKUP($A$1,[11]손익요약!$G$5:$AL$106,83,),) -> 303.75843 | K18: =+'[8]서부산크라샤(당월)'!$I$87 -> 5620.4196 | L18: =K18-J18 -> 5316.6612 | M18: =+G18+J18 -> 65721.53 | N18: =+H18+K18 -> 53138.232 | O18: =N18-M18 -> -12583.298 | P18: =+IFERROR(HLOOKUP($A$1,[12]손익요약!$G$5:$U$95,57,),) -> -31950.156 | Q18: =+'[8]부산크라샤(당월)'!$F$87 -> 4133.251 | R18: =Q18-P18 -> 36083.406 | S18: =+IFERROR(HLOOKUP($A$1,[12]손익요약!$G$5:$AL$106,60,),) -> 23945.857 | T18: =+'[8]부산크라샤(당월)'!$I$87 -> 72734.099 | U18: =T18-S18 -> 48788.243 | V18: =+P18+S18 -> -8004.2989 | W18: =+Q18+T18 -> 76867.35 | X18: =W18-V18 -> 84871.649 | Y18: =+IFERROR(HLOOKUP($A$1,[13]손익계획!$G$5:$AX$449,25,),) -> 10680.766 | Z18: =+'[8]부산모래장(당월)'!$R$82 -> 53326.716 | AA18: =Z18-Y18 -> 42645.95 | AB18: =+M18+V18+Y18 -> 68397.998 | AC18: =+N18+W18+Z18 -> 183332.3 | AD18: =AC18-AB18 -> 114934.3 | AF18: =+AF17=AB17 -> TRUE | AG18: =+AG17=AC17 -> TRUE
F19: 외부판매 | G19: =+IFERROR(HLOOKUP($A$1,[11]손익요약!$G$5:$AL$106,79,),) -> 0 | H19: =+'[8]서부산크라샤(당월)'!$F$86 -> -4355.8057 | I19: =H19-G19 -> -4355.8057 | J19: =+IFERROR(HLOOKUP($A$1,[11]손익요약!$G$5:$AL$106,82,),) -> 0 | K19: =+'[8]서부산크라샤(당월)'!$I$86 -> 5693.6749 | L19: =K19-J19 -> 5693.6749 | M19: =+G19+J19 -> 0 | N19: =+H19+K19 -> 1337.8693 | O19: =N19-M19 -> 1337.8693 | P19: =+IFERROR(HLOOKUP($A$1,[12]손익요약!$G$5:$AL$106,56,),) -> -42912.549 | Q19: =+'[8]부산크라샤(당월)'!$F$86 -> -10125.919 | R19: =Q19-P19 -> 32786.63 | S19: =+IFERROR(HLOOKUP($A$1,[12]손익요약!$G$5:$AL$106,59,),) -> -4601.0787 | T19: =+'[8]부산크라샤(당월)'!$I$86 -> 5421.7324 | U19: =T19-S19 -> 10022.811 | V19: =+P19+S19 -> -47513.628 | W19: =+Q19+T19 -> -4704.1868 | X19: =W19-V19 -> 42809.441 | Y19: =+IFERROR(HLOOKUP($A$1,[13]손익계획!$G$5:$AX$449,24,),) -> 6140.6544 | Z19: =+'[8]부산모래장(당월)'!$I$81-'[8]부산모래장(당월)'!$R$82 -> 4107.7511 | AA19: =Z19-Y19 -> -2032.9033 | AB19: =+M19+V19+Y19 -> -41372.974 | AC19: =+N19+W19+Z19 -> 741.43361 | AD19: =AC19-AB19 -> 42114.407
F20: (소계) | G20: =G18+G19 -> 65417.772 | H20: =H18+H19 -> 43162.007 | I20: =H20-G20 -> -22255.765 | J20: =J18+J19 -> 303.75843 | K20: =K18+K19 -> 11314.095 | L20: =K20-J20 -> 11010.336 | M20: =M18+M19 -> 65721.53 | N20: =N18+N19 -> 54476.102 | O20: =N20-M20 -> -11245.429 | P20: =P18+P19 -> -74862.705 | Q20: =Q18+Q19 -> -5992.6682 | R20: =Q20-P20 -> 68870.037 | S20: =S18+S19 -> 19344.778 | T20: =T18+T19 -> 78155.832 | U20: =T20-S20 -> 58811.054 | V20: =V18+V19 -> -55517.927 | W20: =W18+W19 -> 72163.163 | X20: =W20-V20 -> 127681.09 | Y20: =Y18+Y19 -> 16821.421 | Z20: =Z18+Z19 -> 57434.467 | AA20: =Z20-Y20 -> 40613.047 | AB20: =AB18+AB19 -> 27025.024 | AC20: =AC18+AC19 -> 184073.73 | AD20: =AC20-AB20 -> 157048.71 | AF20: =+'사업장별(당월)'!T32*1000 -> 27025.024 | AG20: ='사업장별(당월)'!U32*1000 -> 184073.73
E21: 자가이송 | F21: 부산 | G21: =+IFERROR(HLOOKUP($A$1,[11]손익!$G$5:$AB$252,3,),) -> 0 | H21: =+'[8]서부산크라샤(당월)'!$F$60 -> 1008 | I21: =H21-G21 -> 1008 | J21: =+IFERROR(HLOOKUP($A$1,[11]손익!$G$5:$AB$252,12,),) -> 0 | K21: =+'[8]서부산크라샤(당월)'!$I$60 -> 0 | L21: =K21-J21 -> 0 | M21: =+G21+J21 -> 0 | N21: =+H21+K21 -> 1008 | O21: =N21-M21 -> 1008 | P21: =+IFERROR(HLOOKUP($A$1,[12]손익!$G$5:$AB$252,3,),) -> 9859.7553 | Q21: =+'[8]부산크라샤(당월)'!$F$60 -> 12193 | R21: =Q21-P21 -> 2333.2447 | S21: =+IFERROR(HLOOKUP($A$1,[12]손익!$G$5:$AB$252,12,),) -> 6812.6046 | T21: =+'[8]부산크라샤(당월)'!$I$60 -> 8399 | U21: =T21-S21 -> 1586.3954 | V21: =+P21+S21 -> 16672.36 | W21: =+Q21+T21 -> 20592 | X21: =W21-V21 -> 3919.64 | Y21: =+IFERROR(HLOOKUP($A$1,[13]이송계획!$G$193:$U$216,16,),) -> 3824.598 | Z21: =+'[8]부산모래장(당월)'!$R$64 -> 5000 | AA21: =Z21-Y21 -> 1175.402 | AB21: =+M21+V21+Y21 -> 20496.958 | AC21: =+N21+W21+Z21 -> 26600 | AD21: =AC21-AB21 -> 6103.0421 | AF21: =+AF20=AB20 -> FALSE | AG21: =+AG20=AC20 -> TRUE
E22: 물량 | F22: 서부산 | G22: =+IFERROR(HLOOKUP($A$1,[11]손익!$G$5:$AB$252,4,),) -> 11456.2 | H22: =+'[8]서부산크라샤(당월)'!$F$61 -> 10000 | I22: =H22-G22 -> -1456.2 | J22: =+IFERROR(HLOOKUP($A$1,[11]손익!$G$5:$AB$252,13,),) -> 915.6 | K22: =+'[8]서부산크라샤(당월)'!$I$61 -> 640 | L22: =K22-J22 -> -275.6 | M22: =+G22+J22 -> 12371.8 | N22: =+H22+K22 -> 10640 | O22: =N22-M22 -> -1731.8 | P22: =+IFERROR(HLOOKUP($A$1,[12]손익!$G$5:$AB$252,4,),) -> 0 | Q22: =+'[8]부산크라샤(당월)'!$F$61 -> 176 | R22: =Q22-P22 -> 176 | S22: =+IFERROR(HLOOKUP($A$1,[12]손익!$G$5:$AB$252,13,),) -> 1997.94 | T22: =+'[8]부산크라샤(당월)'!$I$61 -> 3792 | U22: =T22-S22 -> 1794.06 | V22: =+P22+S22 -> 1997.94 | W22: =+Q22+T22 -> 3968 | X22: =W22-V22 -> 1970.06 | Y22: =+IFERROR(HLOOKUP($A$1,[13]이송계획!$G$193:$U$216,17,),) -> 4460.8112 | Z22: =+'[8]부산모래장(당월)'!$R$65 -> 4112 | AA22: =Z22-Y22 -> -348.81119 | AB22: =+M22+V22+Y22 -> 18830.551 | AC22: =+N22+W22+Z22 -> 18720 | AD22: =AC22-AB22 -> -110.55119 | AF22: =+AB20-AF20 -> 6.5483619e-11 | AG22: =+AC20-AG20 -> 0
F23: 김해 | G23: =+IFERROR(HLOOKUP($A$1,[11]손익!$G$5:$AB$252,5,),) -> 0 | H23: =+'[8]서부산크라샤(당월)'!$F$62 -> 784 | I23: =H23-G23 -> 784 | J23: =+IFERROR(HLOOKUP($A$1,[11]손익!$G$5:$AB$252,14,),) -> 0 | K23: =+'[8]서부산크라샤(당월)'!$I$62 -> 0 | L23: =K23-J23 -> 0 | M23: =+G23+J23 -> 0 | N23: =+H23+K23 -> 784 | O23: =N23-M23 -> 784 | P23: =+IFERROR(HLOOKUP($A$1,[12]손익!$G$5:$AB$252,5,),) -> 0 | Q23: =+'[8]부산크라샤(당월)'!$F$62 -> 0 | R23: =Q23-P23 -> 0 | S23: =+IFERROR(HLOOKUP($A$1,[12]손익!$G$5:$AB$252,14,),) -> 0 | T23: =+'[8]부산크라샤(당월)'!$I$62 -> 0 | U23: =T23-S23 -> 0 | V23: =+P23+S23 -> 0 | W23: =+Q23+T23 -> 0 | X23: =W23-V23 -> 0 | Y23: =+IFERROR(HLOOKUP($A$1,[13]이송계획!$G$193:$U$216,18,),) -> 2657.3427 | Z23: =+'[8]부산모래장(당월)'!$V$64 -> 0 | AA23: =Z23-Y23 -> -2657.3427 | AB23: =+M23+V23+Y23 -> 2657.3427 | AC23: =+N23+W23+Z23 -> 784 | AD23: =AC23-AB23 -> -1873.3427
F24: 정관 | G24: =+IFERROR(HLOOKUP($A$1,[11]손익!$G$5:$AB$252,6,),) -> 0 | H24: =+'[8]서부산크라샤(당월)'!$F$63 -> 0 | I24: =H24-G24 -> 0 | J24: =+IFERROR(HLOOKUP($A$1,[11]손익!$G$5:$AB$252,15,),) -> 0 | K24: =+'[8]서부산크라샤(당월)'!$I$63 -> 0 | L24: =K24-J24 -> 0 | M24: =+G24+J24 -> 0 | N24: =+H24+K24 -> 0 | O24: =N24-M24 -> 0 | P24: =+IFERROR(HLOOKUP($A$1,[12]손익!$G$5:$AB$252,6,),) -> 0 | Q24: =+'[8]부산크라샤(당월)'!$F$63 -> 0 | R24: =Q24-P24 -> 0 | S24: =+IFERROR(HLOOKUP($A$1,[12]손익!$G$5:$AB$252,15,),) -> 0 | T24: =+'[8]부산크라샤(당월)'!$I$63 -> 0 | U24: =T24-S24 -> 0 | V24: =+P24+S24 -> 0 | W24: =+Q24+T24 -> 0 | X24: =W24-V24 -> 0 | Y24: =+IFERROR(HLOOKUP($A$1,[13]이송계획!$G$193:$U$216,19,),) -> 4168.951 | Z24: =+'[8]부산모래장(당월)'!$V$65 -> 0 | AA24: =Z24-Y24 -> -4168.951 | AB24: =+M24+V24+Y24 -> 4168.951 | AC24: =+N24+W24+Z24 -> 0 | AD24: =AC24-AB24 -> -4168.951
F25: 양산 | G25: =+IFERROR(HLOOKUP($A$1,[11]손익!$G$5:$AB$252,7,),) -> 0 | H25: =+'[8]서부산크라샤(당월)'!$F$64 -> 0 | I25: =H25-G25 -> 0 | J25: =+IFERROR(HLOOKUP($A$1,[11]손익!$G$5:$AB$252,16,),) -> 0 | K25: =+'[8]서부산크라샤(당월)'!$I$64 -> 144 | L25: =K25-J25 -> 144 | M25: =+G25+J25 -> 0 | N25: =+H25+K25 -> 144 | O25: =N25-M25 -> 144 | P25: =+IFERROR(HLOOKUP($A$1,[12]손익!$G$5:$AB$252,7,),) -> 0 | Q25: =+'[8]부산크라샤(당월)'!$F$64 -> 0 | R25: =Q25-P25 -> 0 | S25: =+IFERROR(HLOOKUP($A$1,[12]손익!$G$5:$AB$252,16,),) -> 0 | T25: =+'[8]부산크라샤(당월)'!$I$64 -> 240 | U25: =T25-S25 -> 240 | V25: =+P25+S25 -> 0 | W25: =+Q25+T25 -> 240 | X25: =W25-V25 -> 240 | Y25: =+IFERROR(HLOOKUP($A$1,[13]이송계획!$G$193:$U$216,20,),) -> 1475.1678 | Z25: =+'[8]부산모래장(당월)'!$R$66 -> 3600 | AA25: =Z25-Y25 -> 2124.8322 | AB25: =+M25+V25+Y25 -> 1475.1678 | AC25: =+N25+W25+Z25 -> 3984 | AD25: =AC25-AB25 -> 2508.8322
F26: 창원 | G26: =+IFERROR(HLOOKUP($A$1,[11]손익!$G$5:$AB$252,8,),) -> 0 | H26: =+'[8]서부산크라샤(당월)'!$F$65 -> 160 | I26: =H26-G26 -> 160 | J26: =+IFERROR(HLOOKUP($A$1,[11]손익!$G$5:$AB$252,17,),) -> 0 | K26: =+'[8]서부산크라샤(당월)'!$I$65 -> 240 | L26: =K26-J26 -> 240 | M26: =+G26+J26 -> 0 | N26: =+H26+K26 -> 400 | O26: =N26-M26 -> 400 | P26: =+IFERROR(HLOOKUP($A$1,[12]손익!$G$5:$AB$252,8,),) -> 0 | Q26: =+'[8]부산크라샤(당월)'!$F$65 -> 0 | R26: =Q26-P26 -> 0 | S26: =+IFERROR(HLOOKUP($A$1,[12]손익!$G$5:$AB$252,17,),) -> 0 | T26: =+'[8]부산크라샤(당월)'!$I$65 -> 0 | U26: =T26-S26 -> 0 | V26: =+P26+S26 -> 0 | W26: =+Q26+T26 -> 0 | X26: =W26-V26 -> 0 | Y26: =+IFERROR(HLOOKUP($A$1,[13]이송계획!$G$193:$U$216,21,),) -> 0 | AA26: =Z26-Y26 -> 0 | AB26: =+M26+V26+Y26 -> 0 | AC26: =+N26+W26+Z26 -> 400 | AD26: =AC26-AB26 -> 400
E27: 자가이송 | F27: 부산 | G27: =+IFERROR(HLOOKUP($A$1,[11]손익!$G$5:$AB$252,31,),) -> 0 | H27: =IFERROR(H35/H21,)*1000 -> 12500 | I27: =H27-G27 -> 12500 | J27: =+IFERROR(HLOOKUP($A$1,[11]손익!$G$5:$AB$252,40,),) -> 0 | K27: =IFERROR(K35/K21,)*1000 -> 0 | L27: =K27-J27 -> 0 | M27: =+IFERROR(HLOOKUP($A$1,[11]손익!$G$5:$AB$252,48,),) -> 0 | N27: =IFERROR(N35/N21,)*1000 -> 12500 | O27: =N27-M27 -> 12500 | P27: =+IFERROR(HLOOKUP($A$1,[12]손익!$G$5:$AB$252,30,),) -> 16000 | Q27: =IFERROR(Q35/Q21,)*1000 -> 17500 | R27: =Q27-P27 -> 1500 | S27: =+IFERROR(HLOOKUP($A$1,[12]손익!$G$5:$AB$252,39,),) -> 23000 | T27: =IFERROR(T35/T21,)*1000 -> 23500 | U27: =T27-S27 -> 500 | V27: =+IFERROR(HLOOKUP($A$1,[12]손익!$G$5:$AB$252,48,),) -> 18860.317 | W27: =IFERROR(W35/W21,)*1000 -> 19947.261 | X27: =W27-V27 -> 1086.9442 | Y27: =IFERROR(Y35/Y21,)*1000 -> 30500 | Z27: =IFERROR(Z35/Z21,)*1000 -> 32000 | AA27: =Z27-Y27 -> 1500 | AB27: =+AB35/AB21*1000 -> 21032.205 | AC27: =IFERROR(AC35/AC21,)*1000 -> 21930.602 | AD27: =AC27-AB27 -> 898.39608
E28: 단가 | F28: 서부산 | G28: =+IFERROR(HLOOKUP($A$1,[11]손익!$G$5:$AB$252,32,),) -> 16000 | H28: =IFERROR(H36/H22,)*1000 -> 17000 | I28: =H28-G28 -> 1000 | J28: =+IFERROR(HLOOKUP($A$1,[11]손익!$G$5:$AB$252,41,),) -> 10500 | K28: =IFERROR(K36/K22,)*1000 -> 10500 | L28: =K28-J28 -> 0 | M28: =+IFERROR(HLOOKUP($A$1,[11]손익!$G$5:$AB$252,49,),) -> 0 | N28: =IFERROR(N36/N22,)*1000 -> 16609.023 | O28: =N28-M28 -> 16609.023 | P28: =+IFERROR(HLOOKUP($A$1,[12]손익!$G$5:$AB$252,31,),) -> 0 | Q28: =IFERROR(Q36/Q22,)*1000 -> 12000 | R28: =Q28-P28 -> 12000 | S28: =+IFERROR(HLOOKUP($A$1,[12]손익!$G$5:$AB$252,40,),) -> 19000 | T28: =IFERROR(T36/T22,)*1000 -> 20000 | U28: =T28-S28 -> 1000 | V28: =+IFERROR(HLOOKUP($A$1,[12]손익!$G$5:$AB$252,49,),) -> 19000 | W28: =IFERROR(W36/W22,)*1000 -> 19645.161 | X28: =W28-V28 -> 645.16129 | Y28: =IFERROR(Y36/Y22,)*1000 -> 28000 | Z28: =IFERROR(Z36/Z22,)*1000 -> 28000 | AA28: =Z28-Y28 -> 0 | AB28: =+AB36/AB22*1000 -> 18893.583 | AC28: =IFERROR(AC36/AC22,)*1000 -> 19754.701 | AD28: =AC28-AB28 -> 861.11831
F29: 김해 | G29: =+IFERROR(HLOOKUP($A$1,[11]손익!$G$5:$AB$252,33,),) -> 0 | H29: =IFERROR(H37/H23,)*1000 -> 11500 | I29: =H29-G29 -> 11500 | J29: =+IFERROR(HLOOKUP($A$1,[11]손익!$G$5:$AB$252,42,),) -> 0 | K29: =IFERROR(K37/K23,)*1000 -> 0 | L29: =K29-J29 -> 0 | M29: =+IFERROR(HLOOKUP($A$1,[11]손익!$G$5:$AB$252,50,),) -> 0 | N29: =IFERROR(N37/N23,)*1000 -> 11500 | O29: =N29-M29 -> 11500 | P29: =+IFERROR(HLOOKUP($A$1,[12]손익!$G$5:$AB$252,32,),) -> 0 | Q29: =IFERROR(Q37/Q23,)*1000 -> 0 | R29: =Q29-P29 -> 0 | S29: =+IFERROR(HLOOKUP($A$1,[12]손익!$G$5:$AB$252,41,),) -> 0 | T29: =IFERROR(T37/T23,)*1000 -> 0 | U29: =T29-S29 -> 0 | V29: =+IFERROR(HLOOKUP($A$1,[12]손익!$G$5:$AB$252,50,),) -> 0 | W29: =IFERROR(W37/W23,)*1000 -> 0 | X29: =W29-V29 -> 0 | Y29: =IFERROR(Y37/Y23,)*1000 -> 27500 | Z29: =IFERROR(Z37/Z23,)*1000 -> 0 | AA29: =Z29-Y29 -> -27500 | AB29: =+AB37/AB23*1000 -> 27500 | AC29: =IFERROR(AC37/AC23,)*1000 -> 137775.51 | AD29: =AC29-AB29 -> 110275.51
F30: 정관 | G30: =+IFERROR(HLOOKUP($A$1,[11]손익!$G$5:$AB$252,34,),) -> 0 | H30: =IFERROR(H38/H24,)*1000 -> 0 | I30: =H30-G30 -> 0 | J30: =+IFERROR(HLOOKUP($A$1,[11]손익!$G$5:$AB$252,43,),) -> 0 | K30: =IFERROR(K38/K24,)*1000 -> 0 | L30: =K30-J30 -> 0 | M30: =+IFERROR(HLOOKUP($A$1,[11]손익!$G$5:$AB$252,51,),) -> 15592.961 | N30: =IFERROR(N38/N24,)*1000 -> 0 | O30: =N30-M30 -> -15592.961 | P30: =+IFERROR(HLOOKUP($A$1,[12]손익!$G$5:$AB$252,33,),) -> 0 | Q30: =IFERROR(Q38/Q24,)*1000 -> 0 | R30: =Q30-P30 -> 0 | S30: =+IFERROR(HLOOKUP($A$1,[12]손익!$G$5:$AB$252,42,),) -> 0 | T30: =IFERROR(T38/T24,)*1000 -> 0 | U30: =T30-S30 -> 0 | V30: =+IFERROR(HLOOKUP($A$1,[12]손익!$G$5:$AB$252,51,),) -> 0 | W30: =IFERROR(W38/W24,)*1000 -> 0 | X30: =W30-V30 -> 0 | Y30: =IFERROR(Y38/Y24,)*1000 -> 27500 | Z30: =IFERROR(Z38/Z24,)*1000 -> 0 | AA30: =Z30-Y30 -> -27500 | AB30: =+AB38/AB24*1000 -> 27500 | AC30: =IFERROR(AC38/AC24,)*1000 -> 0 | AD30: =AC30-AB30 -> -27500
F31: 양산 | G31: =+IFERROR(HLOOKUP($A$1,[11]손익!$G$5:$AB$252,35,),) -> 0 | H31: =IFERROR(H39/H25,)*1000 -> 0 | I31: =H31-G31 -> 0 | J31: =+IFERROR(HLOOKUP($A$1,[11]손익!$G$5:$AB$252,44,),) -> 0 | K31: =IFERROR(K39/K25,)*1000 -> 9000 | L31: =K31-J31 -> 9000 | M31: =+IFERROR(HLOOKUP($A$1,[11]손익!$G$5:$AB$252,52,),) -> 0 | N31: =IFERROR(N39/N25,)*1000 -> 9000 | O31: =N31-M31 -> 9000 | P31: =+IFERROR(HLOOKUP($A$1,[12]손익!$G$5:$AB$252,34,),) -> 0 | Q31: =IFERROR(Q39/Q25,)*1000 -> 0 | R31: =Q31-P31 -> 0 | S31: =+IFERROR(HLOOKUP($A$1,[12]손익!$G$5:$AB$252,43,),) -> 0 | T31: =IFERROR(T39/T25,)*1000 -> 19000 | U31: =T31-S31 -> 19000 | V31: =+IFERROR(HLOOKUP($A$1,[12]손익!$G$5:$AB$252,52,),) -> 0 | W31: =IFERROR(W39/W25,)*1000 -> 19000 | X31: =W31-V31 -> 19000 | Y31: =IFERROR(Y39/Y25,)*1000 -> 27500 | Z31: =IFERROR(Z39/Z25,)*1000 -> 6477.7778 | AA31: =Z31-Y31 -> -21022.222 | AB31: =+AB39/AB25*1000 -> 27500 | AC31: =IFERROR(AC39/AC25,)*1000 -> 7323.2932 | AD31: =AC31-AB31 -> -20176.707
F32: 창원 | G32: =+IFERROR(HLOOKUP($A$1,[11]손익!$G$5:$AB$252,36,),) -> 0 | H32: =IFERROR(H40/H26,)*1000 -> 11500 | I32: =H32-G32 -> 11500 | J32: =+IFERROR(HLOOKUP($A$1,[11]손익!$G$5:$AB$252,45,),) -> 0 | K32: =IFERROR(K40/K26,)*1000 -> 9000 | L32: =K32-J32 -> 9000 | M32: =+IFERROR(HLOOKUP($A$1,[11]손익!$G$5:$AB$252,53,),) -> 0 | N32: =IFERROR(N40/N26,)*1000 -> 10000 | O32: =N32-M32 -> 10000 | P32: =+IFERROR(HLOOKUP($A$1,[12]손익!$G$5:$AB$252,35,),) -> 0 | Q32: =IFERROR(Q40/Q26,)*1000 -> 0 | R32: =Q32-P32 -> 0 | S32: =+IFERROR(HLOOKUP($A$1,[12]손익!$G$5:$AB$252,44,),) -> 0 | T32: =IFERROR(T40/T26,)*1000 -> 0 | U32: =T32-S32 -> 0 | V32: =+IFERROR(HLOOKUP($A$1,[12]손익!$G$5:$AB$252,53,),) -> 0 | W32: =IFERROR(W40/W26,)*1000 -> 0 | X32: =W32-V32 -> 0 | Y32: =IFERROR(Y40/Y26,)*1000 -> 0 | Z32: =IFERROR(Z40/Z26,)*1000 -> 0 | AA32: =Z32-Y32 -> 0 | AB32: =+AB40/AB26*1000 -> #DIV/0! | AC32: =IFERROR(AC40/AC26,)*1000 -> 10000 | AD32: =AC32-AB32 -> #DIV/0!
E33: * 자가이송 운반비 : 부산 3,500 / 김해 3,500 / 정관 8,000 / 양산 5,000 / 창원 8,000
Z34: * 공통비
E35: 자가이송 | F35: 부산 | G35: =+IFERROR(HLOOKUP($A$1,[11]손익!$G$5:$AB$252,59,),) -> 0 | H35: =+IFERROR(VLOOKUP($F35,'[14]서부산(손익)'!$L$16:$R$29,4,),)/1000 -> 12600 | I35: =+H35-G35 -> 12600 | J35: =+IFERROR(HLOOKUP($A$1,[11]손익!$G$5:$AB$252,68,),) -> 0 | K35: =+IFERROR(VLOOKUP($F35,'[14]서부산(손익)'!$L$16:$R$29,3,),)/1000 -> 0 | L35: =+K35-J35 -> 0 | M35: =SUM(G35,J35) -> 0 | N35: =SUM(H35,K35) -> 12600 | O35: =+N35-M35 -> 12600 | P35: =+IFERROR(HLOOKUP($A$1,[12]손익!$G$5:$AB$252,57,),) -> 157756.09 | Q35: =+IFERROR(VLOOKUP($F35,'[14]부산크라샤(손익)'!$L$16:$R$29,3,),)/1000 -> 213377.5 | R35: =+Q35-P35 -> 55621.415 | S35: =+IFERROR(HLOOKUP($A$1,[12]손익!$G$5:$AB$252,66,),) -> 156689.91 | T35: =+IFERROR(VLOOKUP($F35,'[14]부산크라샤(손익)'!$L$16:$R$29,4,),)/1000 -> 197376.5 | U35: =+T35-S35 -> 40686.594 | V35: =SUM(P35,S35) -> 314445.99 | W35: =SUM(Q35,T35) -> 410754 | X35: =+W35-V35 -> 96308.008 | Y35: =+IFERROR(HLOOKUP($A$1,[13]이송계획!$G$70:$W$100,16,),)+IFERROR(HLOOKUP($A$1,[13]이송계획!$G$70:$W$100,23,),) -> 116650.24 | Z35: =+'[8]부산모래장(당월)'!R76 -> 160000 | AB35: =+M35+V35+Y35 -> 431096.23 | AC35: =+N35+W35+Z35 -> 583354 | AD35: =+AC35-AB35 -> 152257.77
E36: 매출액 | F36: 서부산 | G36: =+IFERROR(HLOOKUP($A$1,[11]손익!$G$5:$AB$252,60,),) -> 183299.2 | H36: =+IFERROR(VLOOKUP($F36,'[14]서부산(손익)'!$L$16:$R$29,4,),)/1000 -> 170000 | I36: =+H36-G36 -> -13299.2 | J36: =+IFERROR(HLOOKUP($A$1,[11]손익!$G$5:$AB$252,69,),) -> 9613.8 | K36: =+IFERROR(VLOOKUP($F36,'[14]서부산(손익)'!$L$16:$R$29,3,),)/1000 -> 6720 | L36: =+K36-J36 -> -2893.8 | M36: =SUM(G36,J36) -> 192913 | N36: =SUM(H36,K36) -> 176720 | O36: =+N36-M36 -> -16193 | P36: =+IFERROR(HLOOKUP($A$1,[12]손익!$G$5:$AB$252,58,),) -> 0 | Q36: =+IFERROR(VLOOKUP($F36,'[14]부산크라샤(손익)'!$L$16:$R$29,3,),)/1000 -> 2112 | R36: =+Q36-P36 -> 2112 | S36: =+IFERROR(HLOOKUP($A$1,[12]손익!$G$5:$AB$252,67,),) -> 37960.86 | T36: =+IFERROR(VLOOKUP($F36,'[14]부산크라샤(손익)'!$L$16:$R$29,4,),)/1000 -> 75840 | U36: =+T36-S36 -> 37879.14 | V36: =SUM(P36,S36) -> 37960.86 | W36: =SUM(Q36,T36) -> 77952 | X36: =+W36-V36 -> 39991.14 | Y36: =+IFERROR(HLOOKUP($A$1,[13]이송계획!$G$70:$W$100,17,),)+IFERROR(HLOOKUP($A$1,[13]이송계획!$G$70:$W$100,24,),) -> 124902.71 | Z36: =+'[8]부산모래장(당월)'!R77 -> 115136 | AB36: =+M36+V36+Y36 -> 355776.57 | AC36: =+N36+W36+Z36 -> 369808 | AD36: =+AC36-AB36 -> 14031.427
F37: 김해 | G37: =+IFERROR(HLOOKUP($A$1,[11]손익!$G$5:$AB$252,61,),) -> 0 | H37: =+IFERROR(VLOOKUP($F37,'[14]서부산(손익)'!$L$16:$R$29,4,),)/1000 -> 9016 | I37: =+H37-G37 -> 9016 | J37: =+IFERROR(HLOOKUP($A$1,[11]손익!$G$5:$AB$252,70,),) -> 0 | K37: =+IFERROR(VLOOKUP($F37,'[14]서부산(손익)'!$L$16:$R$29,3,),)/1000 -> 0 | L37: =+K37-J37 -> 0 | M37: =SUM(G37,J37) -> 0 | N37: =SUM(H37,K37) -> 9016 | O37: =+N37-M37 -> 9016 | P37: =+IFERROR(HLOOKUP($A$1,[12]손익!$G$5:$AB$252,59,),) -> 0 | Q37: =+IFERROR(VLOOKUP($F37,'[14]부산크라샤(손익)'!$L$16:$R$29,3,),)/1000 -> 0 | R37: =+Q37-P37 -> 0 | S37: =+IFERROR(HLOOKUP($A$1,[12]손익!$G$5:$AB$252,68,),) -> 0 | T37: =+IFERROR(VLOOKUP($F37,'[14]부산크라샤(손익)'!$L$16:$R$29,4,),)/1000 -> 0 | U37: =+T37-S37 -> 0 | V37: =SUM(P37,S37) -> 0 | W37: =SUM(Q37,T37) -> 0 | X37: =+W37-V37 -> 0 | Y37: =+IFERROR(HLOOKUP($A$1,[13]이송계획!$G$70:$W$100,18,),)+IFERROR(HLOOKUP($A$1,[13]이송계획!$G$70:$W$100,25,),) -> 73076.923 | Z37: =+'[8]부산모래장(당월)'!R78 -> 99000 | AB37: =+M37+V37+Y37 -> 73076.923 | AC37: =+N37+W37+Z37 -> 108016 | AD37: =+AC37-AB37 -> 34939.077
F38: 정관 | G38: =+IFERROR(HLOOKUP($A$1,[11]손익!$G$5:$AB$252,62,),) -> 0 | H38: =+IFERROR(VLOOKUP($F38,'[14]서부산(손익)'!$L$16:$R$29,4,),)/1000 -> 0 | I38: =+H38-G38 -> 0 | J38: =+IFERROR(HLOOKUP($A$1,[11]손익!$G$5:$AB$252,71,),) -> 0 | K38: =+IFERROR(VLOOKUP($F38,'[14]서부산(손익)'!$L$16:$R$29,3,),)/1000 -> 0 | L38: =+K38-J38 -> 0 | M38: =SUM(G38,J38) -> 0 | N38: =SUM(H38,K38) -> 0 | O38: =+N38-M38 -> 0 | P38: =+IFERROR(HLOOKUP($A$1,[12]손익!$G$5:$AB$252,60,),) -> 0 | Q38: =+IFERROR(VLOOKUP($F38,'[14]부산크라샤(손익)'!$L$16:$R$29,3,),)/1000 -> 0 | R38: =+Q38-P38 -> 0 | S38: =+IFERROR(HLOOKUP($A$1,[12]손익!$G$5:$AB$252,69,),) -> 0 | T38: =+IFERROR(VLOOKUP($F38,'[14]부산크라샤(손익)'!$L$16:$R$29,4,),)/1000 -> 0 | U38: =+T38-S38 -> 0 | V38: =SUM(P38,S38) -> 0 | W38: =SUM(Q38,T38) -> 0 | X38: =+W38-V38 -> 0 | Y38: =+IFERROR(HLOOKUP($A$1,[13]이송계획!$G$70:$W$100,19,),)+IFERROR(HLOOKUP($A$1,[13]이송계획!$G$70:$W$100,26,),) -> 114646.15 | Z38: =+'[8]부산모래장(당월)'!R79 -> 121000 | AB38: =+M38+V38+Y38 -> 114646.15 | AC38: =+N38+W38+Z38 -> 121000 | AD38: =+AC38-AB38 -> 6353.8462
F39: 양산 | G39: =+IFERROR(HLOOKUP($A$1,[11]손익!$G$5:$AB$252,63,),) -> 0 | H39: =+IFERROR(VLOOKUP($F39,'[14]서부산(손익)'!$L$16:$R$29,4,),)/1000 -> 0 | I39: =+H39-G39 -> 0 | J39: =+IFERROR(HLOOKUP($A$1,[11]손익!$G$5:$AB$252,72,),) -> 0 | K39: =+IFERROR(VLOOKUP($F39,'[14]서부산(손익)'!$L$16:$R$29,3,),)/1000 -> 1296 | L39: =+K39-J39 -> 1296 | M39: =SUM(G39,J39) -> 0 | N39: =SUM(H39,K39) -> 1296 | O39: =+N39-M39 -> 1296 | P39: =+IFERROR(HLOOKUP($A$1,[12]손익!$G$5:$AB$252,61,),) -> 0 | Q39: =+IFERROR(VLOOKUP($F39,'[14]부산크라샤(손익)'!$L$16:$R$29,3,),)/1000 -> 0 | R39: =+Q39-P39 -> 0 | S39: =+IFERROR(HLOOKUP($A$1,[12]손익!$G$5:$AB$252,70,),) -> 0 | T39: =+IFERROR(VLOOKUP($F39,'[14]부산크라샤(손익)'!$L$16:$R$29,4,),)/1000 -> 4560 | U39: =+T39-S39 -> 4560 | V39: =SUM(P39,S39) -> 0 | W39: =SUM(Q39,T39) -> 4560 | X39: =+W39-V39 -> 4560 | Y39: =+IFERROR(HLOOKUP($A$1,[13]이송계획!$G$70:$W$100,20,),)+IFERROR(HLOOKUP($A$1,[13]이송계획!$G$70:$W$100,27,),) -> 40567.115 | Z39: =+'[8]부산모래장(당월)'!R80 -> 23320 | AB39: =+M39+V39+Y39 -> 40567.115 | AC39: =+N39+W39+Z39 -> 29176 | AD39: =+AC39-AB39 -> -11391.115
F40: 창원 | G40: =+IFERROR(HLOOKUP($A$1,[11]손익!$G$5:$AB$252,64,),) -> 0 | H40: =+IFERROR(VLOOKUP($F40,'[14]서부산(손익)'!$L$16:$R$29,4,),)/1000 -> 1840 | I40: =+H40-G40 -> 1840 | J40: =+IFERROR(HLOOKUP($A$1,[11]손익!$G$5:$AB$252,73,),) -> 0 | K40: =+IFERROR(VLOOKUP($F40,'[14]서부산(손익)'!$L$16:$R$29,3,),)/1000 -> 2160 | L40: =+K40-J40 -> 2160 | M40: =SUM(G40,J40) -> 0 | N40: =SUM(H40,K40) -> 4000 | O40: =+N40-M40 -> 4000 | P40: =+IFERROR(HLOOKUP($A$1,[12]손익!$G$5:$AB$252,62,),) -> 0 | Q40: =+IFERROR(VLOOKUP($F40,'[14]부산크라샤(손익)'!$L$16:$R$29,3,),)/1000 -> 0 | R40: =+Q40-P40 -> 0 | S40: =+IFERROR(HLOOKUP($A$1,[12]손익!$G$5:$AB$252,71,),) -> 0 | T40: =+IFERROR(VLOOKUP($F40,'[14]부산크라샤(손익)'!$L$16:$R$29,4,),)/1000 -> 0 | U40: =+T40-S40 -> 0 | V40: =SUM(P40,S40) -> 0 | W40: =SUM(Q40,T40) -> 0 | X40: =+W40-V40 -> 0 | Y40: =+IFERROR(HLOOKUP($A$1,[13]이송계획!$G$70:$W$100,21,),)+IFERROR(HLOOKUP($A$1,[13]이송계획!$G$70:$W$100,28,),) -> 0 | AB40: =+M40+V40+Y40 -> 0 | AC40: =+N40+W40+Z40 -> 4000 | AD40: =+AC40-AB40 -> 4000
F41: 계 | G41: =SUM(G35:G40) -> 183299.2 | H41: =SUM(H35:H40) -> 193456 | I41: =+H41-G41 -> 10156.8 | J41: =SUM(J35:J40) -> 9613.8 | K41: =SUM(K35:K40) -> 10176 | L41: =+K41-J41 -> 562.2 | M41: =SUM(G41,J41) -> 192913 | N41: =SUM(H41,K41) -> 203632 | O41: =+N41-M41 -> 10719 | P41: =SUM(P35:P40) -> 157756.09 | Q41: =SUM(Q35:Q40) -> 215489.5 | R41: =+Q41-P41 -> 57733.415 | S41: =SUM(S35:S40) -> 194650.77 | T41: =SUM(T35:T40) -> 277776.5 | U41: =+T41-S41 -> 83125.734 | V41: =SUM(P41,S41) -> 352406.85 | W41: =SUM(Q41,T41) -> 493266 | X41: =+W41-V41 -> 140859.15 | Y41: =SUM(Y35:Y40) -> 469843.14 | Z41: =SUM(Z35:Z40) -> 518456 | AB41: =+M41+V41+Y41 -> 1015163 | AC41: =+N41+W41+Z41 -> 1215354 | AD41: =+AC41-AB41 -> 200191
G42: =+G41=G13 -> TRUE | H42: =+H41=H13 -> TRUE | J42: =+J41=J13 -> TRUE | K42: =+K41=K13 -> TRUE | M42: =+M41=M13 -> TRUE | N42: =+N41=N13 -> TRUE | P42: =+P41=P13 -> TRUE | Q42: =+Q41=Q13 -> TRUE | S42: =+S41=S13 -> TRUE | T42: =+T41=T13 -> TRUE | V42: =+V41=V13 -> TRUE | W42: =+W41=W13 -> TRUE | Y42: =+Y41=Y13 -> TRUE | Z42: =+Z41=Z13 -> TRUE | AB42: =+AB41=AB13 -> TRUE | AC42: =+AC41=AC13 -> TRUE

Sheet 골재사업소(누계)
A1: 1월
D4: □ 2023년 골재사업소 손익(2024-01)
AD5: [단위 : ㎥, 천원]
D6: 계획 | E6: 구분 | G6: 서부산 쇄석 | J6: 서부산 쇄사 | M6: 서부산 소계 | P6: 부산크라샤 쇄석 | S6: 부산크라샤 쇄사 | V6: 부산크라샤 소계 | Y6: 부산 모래 | AB6: 골재사업소 계
G7: 계획 | H7: 실적 | I7: 차이 | J7: 계획 | K7: 실적 | L7: 차이 | M7: 계획 | N7: 실적 | O7: 차이 | P7: 계획 | Q7: 실적 | R7: 차이 | S7: 계획 | T7: 실적 | U7: 차이 | V7: 계획 | W7: 실적 | X7: 차이 | Y7: 계획 | Z7: 실적 | AA7: 차이 | AB7: 계획 | AC7: 실적 | AD7: 차이
E8: 판매량 | F8: 자가이송 | G8: =+IFERROR(HLOOKUP($A$1,[11]손익요약!$G$5:$AL$106,3,),) -> 11456.2 | H8: =+'[8]서부산크라샤(당월)'!$F$66 -> 11952 | I8: =H8-G8 -> 495.8 | J8: =+IFERROR(HLOOKUP($A$1,[11]손익요약!$G$5:$AL$106,6,),) -> 915.6 | K8: =+'[8]서부산크라샤(당월)'!$I$66 -> 1024 | L8: =K8-J8 -> 108.4 | M8: =+G8+J8 -> 12371.8 | N8: =+H8+K8 -> 12976 | O8: =N8-M8 -> 604.2 | P8: =+IFERROR(HLOOKUP($A$1,[12]손익요약!$G$5:$AL$106,3,),) -> 9859.7553 | Q8: =+'[8]부산크라샤(당월)'!$F$66 -> 12369 | R8: =Q8-P8 -> 2509.2447 | S8: =+IFERROR(HLOOKUP($A$1,[12]손익요약!$G$5:$AL$106,6,),) -> 8810.5446 | T8: =+'[8]부산크라샤(당월)'!$I$66 -> 12431 | U8: =T8-S8 -> 3620.4554 | V8: =+P8+S8 -> 18670.3 | W8: =+Q8+T8 -> 24800 | X8: =W8-V8 -> 6129.7 | Y8: =+IFERROR(HLOOKUP($A$1,[13]손익계획!$G$5:$AX$449,3,),) -> 16586.871 | Z8: =+'[8]부산모래장(당월)'!$R$48 -> 17960 | AA8: =Z8-Y8 -> 1373.1293 | AB8: =+M8+V8+Y8 -> 47628.971 | AC8: =+N8+W8+Z8 -> 55736 | AD8: =AC8-AB8 -> 8107.0294
F9: % | G9: =+G8/G$12 -> 1 | H9: =+H8/H$12 -> 0.47248577 | I9: =+H9-G9 -> -0.52751423 | J9: =+J8/J$12 -> 1 | K9: =+K8/K$12 -> 0.39751553 | L9: =+K9-J9 -> -0.60248447 | M9: =+M8/M$12 -> 1 | N9: =+N8/N$12 -> 0.46555683 | O9: =+N9-M9 -> -0.53444317 | P9: =+P8/P$12 -> 0.62168395 | Q9: =+Q8/Q$12 -> 0.82941058 | R9: =+Q9-P9 -> 0.20772663 | S9: =+S8/S$12 -> 0.37002701 | T9: =+T8/T$12 -> 0.85571694 | U9: =+T9-S9 -> 0.48568993 | V9: =+V8/V$12 -> 0.47063672 | W9: =+W8/W$12 -> 0.8423913 | X9: =+W9-V9 -> 0.37175458 | Y9: =+Y8/Y$12 -> 0.67462309 | Z9: =+Z8/Z$12 -> 0.66017276 | AA9: =+Z9-Y9 -> -0.014450328 | AB9: =+AB8/AB$12 -> 0.62155305 | AC9: =+AC8/AC$12 -> 0.65946496 | AD9: =+AC9-AB9 -> 0.037911907
F10: 외부판매 | G10: =+IFERROR(HLOOKUP($A$1,[11]손익요약!$G$5:$AL$106,2,),) -> 0 | H10: =+'[8]서부산크라샤(당월)'!$F$59 -> 13344 | I10: =H10-G10 -> 13344 | J10: =+IFERROR(HLOOKUP($A$1,[11]손익요약!$G$5:$AL$106,5,),) -> 0 | K10: =+'[8]서부산크라샤(당월)'!$I$59 -> 1552 | L10: =K10-J10 -> 1552 | M10: =+G10+J10 -> 0 | N10: =+H10+K10 -> 14896 | O10: =N10-M10 -> 14896 | P10: =+IFERROR(HLOOKUP($A$1,[12]손익요약!$G$5:$AL$106,2,),) -> 6000 | Q10: =+'[8]부산크라샤(당월)'!$F$59 -> 2544 | R10: =Q10-P10 -> -3456 | S10: =+IFERROR(HLOOKUP($A$1,[12]손익요약!$G$5:$AL$106,5,),) -> 15000 | T10: =+'[8]부산크라샤(당월)'!$I$59 -> 2096 | U10: =T10-S10 -> -12904 | V10: =+P10+S10 -> 21000 | W10: =+Q10+T10 -> 4640 | X10: =W10-V10 -> -16360 | Y10: =+IFERROR(HLOOKUP($A$1,[13]손익계획!$G$5:$AX$449,2,),) -> 8000 | Z10: =+'[8]부산모래장(당월)'!$R$47 -> 9245 | AA10: =Z10-Y10 -> 1245 | AB10: =+M10+V10+Y10 -> 29000 | AC10: =+N10+W10+Z10 -> 28781 | AD10: =AC10-AB10 -> -219
F11: % | G11: =+G10/G$12 -> 0 | H11: =+H10/H$12 -> 0.52751423 | I11: =+H11-G11 -> 0.52751423 | J11: =+J10/J$12 -> 0 | K11: =+K10/K$12 -> 0.60248447 | L11: =+K11-J11 -> 0.60248447 | M11: =+M10/M$12 -> 0 | N11: =+N10/N$12 -> 0.53444317 | O11: =+N11-M11 -> 0.53444317 | P11: =+P10/P$12 -> 0.37831605 | Q11: =+Q10/Q$12 -> 0.17058942 | R11: =+Q11-P11 -> -0.20772663 | S11: =+S10/S$12 -> 0.62997299 | T11: =+T10/T$12 -> 0.14428306 | U11: =+T11-S11 -> -0.48568993 | V11: =+V10/V$12 -> 0.52936328 | W11: =+W10/W$12 -> 0.1576087 | X11: =+W11-V11 -> -0.37175458 | Y11: =+Y10/Y$12 -> 0.32537691 | Z11: =+Z10/Z$12 -> 0.33982724 | AA11: =+Z11-Y11 -> 0.014450328 | AB11: =+AB10/AB$12 -> 0.37844695 | AC11: =+AC10/AC$12 -> 0.34053504 | AD11: =+AC11-AB11 -> -0.037911907
F12: (소계) | G12: =G8+G10 -> 11456.2 | H12: =H8+H10 -> 25296 | I12: =H12-G12 -> 13839.8 | J12: =J8+J10 -> 915.6 | K12: =K8+K10 -> 2576 | L12: =K12-J12 -> 1660.4 | M12: =M8+M10 -> 12371.8 | N12: =N8+N10 -> 27872 | O12: =N12-M12 -> 15500.2 | P12: =P8+P10 -> 15859.755 | Q12: =Q8+Q10 -> 14913 | R12: =Q12-P12 -> -946.75534 | S12: =S8+S10 -> 23810.545 | T12: =T8+T10 -> 14527 | U12: =T12-S12 -> -9283.5446 | V12: =V8+V10 -> 39670.3 | W12: =W8+W10 -> 29440 | X12: =W12-V12 -> -10230.3 | Y12: =Y8+Y10 -> 24586.871 | Z12: =Z8+Z10 -> 27205 | AA12: =Z12-Y12 -> 2618.1293 | AB12: =AB8+AB10 -> 76628.971 | AC12: =AC8+AC10 -> 84517 | AD12: =AC12-AB12 -> 7888.0294 | AF12: =+'사업장별(당월)'!J32*1000 -> 76628.971 | AG12: =+'사업장별(당월)'!K32*1000 -> 84517
E13: 매출액 | F13: 자가이송 | G13: =+IFERROR(HLOOKUP($A$1,[11]손익요약!$G$5:$AL$106,15,),) -> 183299.2 | H13: =+'[8]서부산크라샤(당월)'!$F$72 -> 193456 | I13: =H13-G13 -> 10156.8 | J13: =+IFERROR(HLOOKUP($A$1,[11]손익요약!$G$5:$AL$106,18,),) -> 9613.8 | K13: =+'[8]서부산크라샤(당월)'!$I$72 -> 10176 | L13: =K13-J13 -> 562.2 | M13: =+G13+J13 -> 192913 | N13: =+H13+K13 -> 203632 | O13: =N13-M13 -> 10719 | P13: =+IFERROR(HLOOKUP($A$1,[12]손익요약!$G$5:$AL$106,12,),) -> 157756.09 | Q13: =+'[8]부산크라샤(당월)'!$F$72 -> 215489.5 | R13: =Q13-P13 -> 57733.415 | S13: =+IFERROR(HLOOKUP($A$1,[12]손익요약!$G$5:$AL$106,15,),) -> 194650.77 | T13: =+'[8]부산크라샤(당월)'!$I$72 -> 277776.5 | U13: =T13-S13 -> 83125.734 | V13: =+P13+S13 -> 352406.85 | W13: =+Q13+T13 -> 493266 | X13: =W13-V13 -> 140859.15 | Y13: =+IFERROR(HLOOKUP($A$1,[13]손익계획!$G$5:$AX$449,6,),) -> 469843.14 | Z13: =+'[8]부산모래장(당월)'!$R$54 -> 518456 | AA13: =Z13-Y13 -> 48612.857 | AB13: =+M13+V13+Y13 -> 1015163 | AC13: =+N13+W13+Z13 -> 1215354 | AD13: =AC13-AB13 -> 200191 | AF13: =+AF12=AB12 -> TRUE | AG13: =+AG12=AC12 -> TRUE
F14: 단가 | G14: =+G13/G8*1000 -> 16000 | H14: =+H13/H8*1000 -> 16186.078 | I14: =H14-G14 -> 186.07764 | J14: =+J13/J8*1000 -> 10500 | K14: =+K13/K8*1000 -> 9937.5 | L14: =K14-J14 -> -562.5 | M14: =+M13/M8*1000 -> 15592.961 | N14: =+N13/N8*1000 -> 15692.972 | O14: =N14-M14 -> 100.01023 | P14: =+P13/P8*1000 -> 16000 | Q14: =+Q13/Q8*1000 -> 17421.74 | R14: =Q14-P14 -> 1421.7398 | S14: =+S13/S8*1000 -> 22092.932 | T14: =+T13/T8*1000 -> 22345.467 | U14: =T14-S14 -> 252.53463 | V14: =+V13/V8*1000 -> 18875.265 | W14: =+W13/W8*1000 -> 19889.758 | X14: =W14-V14 -> 1014.4935 | Y14: =+Y13/Y8*1000 -> 28326.208 | Z14: =+Z13/Z8*1000 -> 28867.261 | AA14: =Z14-Y14 -> 541.05293 | AB14: =+AB13/AB8*1000 -> 21313.981 | AC14: =+AC13/AC8*1000 -> 21805.548 | AD14: =AC14-AB14 -> 491.56617
F15: 외부판매 | G15: =+IFERROR(HLOOKUP($A$1,[11]손익요약!$G$5:$AL$106,14,),) -> 0 | H15: =+'[8]서부산크라샤(당월)'!$F$71 -> 157152 | I15: =H15-G15 -> 157152 | J15: =+IFERROR(HLOOKUP($A$1,[11]손익요약!$G$5:$AL$106,17,),) -> 0 | K15: =+'[8]서부산크라샤(당월)'!$I$71 -> 12528 | L15: =K15-J15 -> 12528 | M15: =+G15+J15 -> 0 | N15: =+H15+K15 -> 169680 | O15: =N15-M15 -> 169680 | P15: =+IFERROR(HLOOKUP($A$1,[12]손익요약!$G$5:$AL$106,11,),) -> 72000 | Q15: =+'[8]부산크라샤(당월)'!$F$71 -> 33072 | R15: =Q15-P15 -> -38928 | S15: =+IFERROR(HLOOKUP($A$1,[12]손익요약!$G$5:$AL$106,14,),) -> 285000 | T15: =+'[8]부산크라샤(당월)'!$I$71 -> 39824 | U15: =T15-S15 -> -245176 | V15: =+P15+S15 -> 357000 | W15: =+Q15+T15 -> 72896 | X15: =W15-V15 -> -284104 | Y15: =+IFERROR(HLOOKUP($A$1,[13]손익계획!$G$5:$AX$449,5,),) -> 228000 | Z15: =+'[8]부산모래장(당월)'!$R$53 -> 261590 | AA15: =Z15-Y15 -> 33590 | AB15: =+M15+V15+Y15 -> 585000 | AC15: =+N15+W15+Z15 -> 504166 | AD15: =AC15-AB15 -> -80834
F16: 단가 | G16: =IFERROR(G15/G10,)*1000 -> 0 | H16: =IFERROR(H15/H10,)*1000 -> 11776.978 | I16: =H16-G16 -> 11776.978 | J16: =IFERROR(J15/J10,)*1000 -> 0 | K16: =IFERROR(K15/K10,)*1000 -> 8072.1649 | L16: =K16-J16 -> 8072.1649 | M16: =IFERROR(M15/M10,)*1000 -> 0 | N16: =IFERROR(N15/N10,)*1000 -> 11390.977 | O16: =N16-M16 -> 11390.977 | P16: =IFERROR(P15/P10,)*1000 -> 12000 | Q16: =IFERROR(Q15/Q10,)*1000 -> 13000 | R16: =Q16-P16 -> 1000 | S16: =IFERROR(S15/S10,)*1000 -> 19000 | T16: =IFERROR(T15/T10,)*1000 -> 19000 | U16: =T16-S16 -> 0 | V16: =IFERROR(V15/V10,)*1000 -> 17000 | W16: =IFERROR(W15/W10,)*1000 -> 15710.345 | X16: =W16-V16 -> -1289.6552 | Y16: =IFERROR(Y15/Y10,)*1000 -> 28500 | Z16: =IFERROR(Z15/Z10,)*1000 -> 28295.295 | AA16: =Z16-Y16 -> -204.70525 | AB16: =IFERROR(AB15/AB10,)*1000 -> 20172.414 | AC16: =IFERROR(AC15/AC10,)*1000 -> 17517.32 | AD16: =AC16-AB16 -> -2655.0933
F17: (소계) | G17: =G13+G15 -> 183299.2 | H17: =H13+H15 -> 350608 | I17: =H17-G17 -> 167308.8 | J17: =J13+J15 -> 9613.8 | K17: =K13+K15 -> 22704 | L17: =K17-J17 -> 13090.2 | M17: =M13+M15 -> 192913 | N17: =N13+N15 -> 373312 | O17: =N17-M17 -> 180399 | P17: =P13+P15 -> 229756.09 | Q17: =Q13+Q15 -> 248561.5 | R17: =Q17-P17 -> 18805.415 | S17: =S13+S15 -> 479650.77 | T17: =T13+T15 -> 317600.5 | U17: =T17-S17 -> -162050.27 | V17: =V13+V15 -> 709406.85 | W17: =W13+W15 -> 566162 | X17: =W17-V17 -> -143244.85 | Y17: =Y13+Y15 -> 697843.14 | Z17: =Z13+Z15 -> 780046 | AA17: =Z17-Y17 -> 82202.857 | AB17: =AB13+AB15 -> 1600163 | AC17: =AC13+AC15 -> 1719520 | AD17: =AC17-AB17 -> 119357 | AF17: =+'사업장별(당월)'!O32*1000 -> 1600163 | AG17: =+'사업장별(당월)'!P32*1000 -> 1719520
E18: 영업이익 | F18: 자가이송 | G18: =+IFERROR(HLOOKUP($A$1,[11]손익요약!$G$5:$AL$106,80,),) -> 65417.772 | H18: =+'[8]서부산크라샤(당월)'!$F$87 -> 47517.813 | I18: =H18-G18 -> -17899.959 | J18: =+IFERROR(HLOOKUP($A$1,[11]손익요약!$G$5:$AL$106,83,),) -> 303.75843 | K18: =+'[8]서부산크라샤(당월)'!$I$87 -> 5620.4196 | L18: =K18-J18 -> 5316.6612 | M18: =+G18+J18 -> 65721.53 | N18: =+H18+K18 -> 53138.232 | O18: =N18-M18 -> -12583.298 | P18: =+IFERROR(HLOOKUP($A$1,[12]손익요약!$G$5:$U$95,57,),) -> -31950.156 | Q18: =+'[8]부산크라샤(당월)'!$F$87 -> 4133.251 | R18: =Q18-P18 -> 36083.406 | S18: =+IFERROR(HLOOKUP($A$1,[12]손익요약!$G$5:$AL$106,60,),) -> 23945.857 | T18: =+'[8]부산크라샤(당월)'!$I$87 -> 72734.099 | U18: =T18-S18 -> 48788.243 | V18: =+P18+S18 -> -8004.2989 | W18: =+Q18+T18 -> 76867.35 | X18: =W18-V18 -> 84871.649 | Y18: =+IFERROR(HLOOKUP($A$1,[13]손익계획!$G$5:$AX$449,25,),) -> 10680.766 | Z18: =+'[8]부산모래장(당월)'!$R$82 -> 53326.716 | AA18: =Z18-Y18 -> 42645.95 | AB18: =+M18+V18+Y18 -> 68397.998 | AC18: =+N18+W18+Z18 -> 183332.3 | AD18: =AC18-AB18 -> 114934.3 | AF18: =+AF17=AB17 -> TRUE | AG18: =+AG17=AC17 -> TRUE
F19: 외부판매 | G19: =+IFERROR(HLOOKUP($A$1,[11]손익요약!$G$5:$AL$106,79,),) -> 0 | H19: =+'[8]서부산크라샤(당월)'!$F$86 -> -4355.8057 | I19: =H19-G19 -> -4355.8057 | J19: =+IFERROR(HLOOKUP($A$1,[11]손익요약!$G$5:$AL$106,82,),) -> 0 | K19: =+'[8]서부산크라샤(당월)'!$I$86 -> 5693.6749 | L19: =K19-J19 -> 5693.6749 | M19: =+G19+J19 -> 0 | N19: =+H19+K19 -> 1337.8693 | O19: =N19-M19 -> 1337.8693 | P19: =+IFERROR(HLOOKUP($A$1,[12]손익요약!$G$5:$AL$106,56,),) -> -42912.549 | Q19: =+'[8]부산크라샤(당월)'!$F$86 -> -10125.919 | R19: =Q19-P19 -> 32786.63 | S19: =+IFERROR(HLOOKUP($A$1,[12]손익요약!$G$5:$AL$106,59,),) -> -4601.0787 | T19: =+'[8]부산크라샤(당월)'!$I$86 -> 5421.7324 | U19: =T19-S19 -> 10022.811 | V19: =+P19+S19 -> -47513.628 | W19: =+Q19+T19 -> -4704.1868 | X19: =W19-V19 -> 42809.441 | Y19: =+IFERROR(HLOOKUP($A$1,[13]손익계획!$G$5:$AX$449,24,),) -> 6140.6544 | Z19: =+'[8]부산모래장(당월)'!$I$81-'[8]부산모래장(당월)'!$R$82 -> 4107.7511 | AA19: =Z19-Y19 -> -2032.9033 | AB19: =+M19+V19+Y19 -> -41372.974 | AC19: =+N19+W19+Z19 -> 741.43361 | AD19: =AC19-AB19 -> 42114.407
F20: (소계) | G20: =G18+G19 -> 65417.772 | H20: =H18+H19 -> 43162.007 | I20: =H20-G20 -> -22255.765 | J20: =J18+J19 -> 303.75843 | K20: =K18+K19 -> 11314.095 | L20: =K20-J20 -> 11010.336 | M20: =M18+M19 -> 65721.53 | N20: =N18+N19 -> 54476.102 | O20: =N20-M20 -> -11245.429 | P20: =P18+P19 -> -74862.705 | Q20: =Q18+Q19 -> -5992.6682 | R20: =Q20-P20 -> 68870.037 | S20: =S18+S19 -> 19344.778 | T20: =T18+T19 -> 78155.832 | U20: =T20-S20 -> 58811.054 | V20: =V18+V19 -> -55517.927 | W20: =W18+W19 -> 72163.163 | X20: =W20-V20 -> 127681.09 | Y20: =Y18+Y19 -> 16821.421 | Z20: =Z18+Z19 -> 57434.467 | AA20: =Z20-Y20 -> 40613.047 | AB20: =AB18+AB19 -> 27025.024 | AC20: =AC18+AC19 -> 184073.73 | AD20: =AC20-AB20 -> 157048.71 | AF20: =+'사업장별(당월)'!T32*1000 -> 27025.024 | AG20: ='사업장별(당월)'!U32*1000 -> 184073.73
E21: 자가이송 | F21: 부산 | G21: =+IFERROR(HLOOKUP($A$1,[11]손익!$G$5:$AB$252,3,),) -> 0 | H21: =+'[8]서부산크라샤(당월)'!$F$60 -> 1008 | I21: =H21-G21 -> 1008 | J21: =+IFERROR(HLOOKUP($A$1,[11]손익!$G$5:$AB$252,12,),) -> 0 | K21: =+'[8]서부산크라샤(당월)'!$I$60 -> 0 | L21: =K21-J21 -> 0 | M21: =+G21+J21 -> 0 | N21: =+H21+K21 -> 1008 | O21: =N21-M21 -> 1008 | P21: =+IFERROR(HLOOKUP($A$1,[12]손익!$G$5:$AB$252,3,),) -> 9859.7553 | Q21: =+'[8]부산크라샤(당월)'!$F$60 -> 12193 | R21: =Q21-P21 -> 2333.2447 | S21: =+IFERROR(HLOOKUP($A$1,[12]손익!$G$5:$AB$252,12,),) -> 6812.6046 | T21: =+'[8]부산크라샤(당월)'!$I$60 -> 8399 | U21: =T21-S21 -> 1586.3954 | V21: =+P21+S21 -> 16672.36 | W21: =+Q21+T21 -> 20592 | X21: =W21-V21 -> 3919.64 | Y21: =+IFERROR(HLOOKUP($A$1,[13]이송계획!$G$193:$U$216,16,),) -> 3824.598 | Z21: =+'[8]부산모래장(당월)'!$R$64 -> 5000 | AA21: =Z21-Y21 -> 1175.402 | AB21: =+M21+V21+Y21 -> 20496.958 | AC21: =+N21+W21+Z21 -> 26600 | AD21: =AC21-AB21 -> 6103.0421 | AF21: =+AF20=AB20 -> FALSE | AG21: =+AG20=AC20 -> TRUE
E22: 물량 | F22: 서부산 | G22: =+IFERROR(HLOOKUP($A$1,[11]손익!$G$5:$AB$252,4,),) -> 11456.2 | H22: =+'[8]서부산크라샤(당월)'!$F$61 -> 10000 | I22: =H22-G22 -> -1456.2 | J22: =+IFERROR(HLOOKUP($A$1,[11]손익!$G$5:$AB$252,13,),) -> 915.6 | K22: =+'[8]서부산크라샤(당월)'!$I$61 -> 640 | L22: =K22-J22 -> -275.6 | M22: =+G22+J22 -> 12371.8 | N22: =+H22+K22 -> 10640 | O22: =N22-M22 -> -1731.8 | P22: =+IFERROR(HLOOKUP($A$1,[12]손익!$G$5:$AB$252,4,),) -> 0 | Q22: =+'[8]부산크라샤(당월)'!$F$61 -> 176 | R22: =Q22-P22 -> 176 | S22: =+IFERROR(HLOOKUP($A$1,[12]손익!$G$5:$AB$252,13,),) -> 1997.94 | T22: =+'[8]부산크라샤(당월)'!$I$61 -> 3792 | U22: =T22-S22 -> 1794.06 | V22: =+P22+S22 -> 1997.94 | W22: =+Q22+T22 -> 3968 | X22: =W22-V22 -> 1970.06 | Y22: =+IFERROR(HLOOKUP($A$1,[13]이송계획!$G$193:$U$216,17,),) -> 4460.8112 | Z22: =+'[8]부산모래장(당월)'!$R$65 -> 4112 | AA22: =Z22-Y22 -> -348.81119 | AB22: =+M22+V22+Y22 -> 18830.551 | AC22: =+N22+W22+Z22 -> 18720 | AD22: =AC22-AB22 -> -110.55119 | AF22: =+AB20-AF20 -> 6.5483619e-11 | AG22: =+AC20-AG20 -> 0
F23: 김해 | G23: =+IFERROR(HLOOKUP($A$1,[11]손익!$G$5:$AB$252,5,),) -> 0 | H23: =+'[8]서부산크라샤(당월)'!$F$62 -> 784 | I23: =H23-G23 -> 784 | J23: =+IFERROR(HLOOKUP($A$1,[11]손익!$G$5:$AB$252,14,),) -> 0 | K23: =+'[8]서부산크라샤(당월)'!$I$62 -> 0 | L23: =K23-J23 -> 0 | M23: =+G23+J23 -> 0 | N23: =+H23+K23 -> 784 | O23: =N23-M23 -> 784 | P23: =+IFERROR(HLOOKUP($A$1,[12]손익!$G$5:$AB$252,5,),) -> 0 | Q23: =+'[8]부산크라샤(당월)'!$F$62 -> 0 | R23: =Q23-P23 -> 0 | S23: =+IFERROR(HLOOKUP($A$1,[12]손익!$G$5:$AB$252,14,),) -> 0 | T23: =+'[8]부산크라샤(당월)'!$I$62 -> 0 | U23: =T23-S23 -> 0 | V23: =+P23+S23 -> 0 | W23: =+Q23+T23 -> 0 | X23: =W23-V23 -> 0 | Y23: =+IFERROR(HLOOKUP($A$1,[13]이송계획!$G$193:$U$216,18,),) -> 2657.3427 | Z23: =+'[8]부산모래장(당월)'!$V$64 -> 0 | AA23: =Z23-Y23 -> -2657.3427 | AB23: =+M23+V23+Y23 -> 2657.3427 | AC23: =+N23+W23+Z23 -> 784 | AD23: =AC23-AB23 -> -1873.3427
F24: 정관 | G24: =+IFERROR(HLOOKUP($A$1,[11]손익!$G$5:$AB$252,6,),) -> 0 | H24: =+'[8]서부산크라샤(당월)'!$F$63 -> 0 | I24: =H24-G24 -> 0 | J24: =+IFERROR(HLOOKUP($A$1,[11]손익!$G$5:$AB$252,15,),) -> 0 | K24: =+'[8]서부산크라샤(당월)'!$I$63 -> 0 | L24: =K24-J24 -> 0 | M24: =+G24+J24 -> 0 | N24: =+H24+K24 -> 0 | O24: =N24-M24 -> 0 | P24: =+IFERROR(HLOOKUP($A$1,[12]손익!$G$5:$AB$252,6,),) -> 0 | Q24: =+'[8]부산크라샤(당월)'!$F$63 -> 0 | R24: =Q24-P24 -> 0 | S24: =+IFERROR(HLOOKUP($A$1,[12]손익!$G$5:$AB$252,15,),) -> 0 | T24: =+'[8]부산크라샤(당월)'!$I$63 -> 0 | U24: =T24-S24 -> 0 | V24: =+P24+S24 -> 0 | W24: =+Q24+T24 -> 0 | X24: =W24-V24 -> 0 | Y24: =+IFERROR(HLOOKUP($A$1,[13]이송계획!$G$193:$U$216,19,),) -> 4168.951 | Z24: =+'[8]부산모래장(당월)'!$V$65 -> 0 | AA24: =Z24-Y24 -> -4168.951 | AB24: =+M24+V24+Y24 -> 4168.951 | AC24: =+N24+W24+Z24 -> 0 | AD24: =AC24-AB24 -> -4168.951
F25: 양산 | G25: =+IFERROR(HLOOKUP($A$1,[11]손익!$G$5:$AB$252,7,),) -> 0 | H25: =+'[8]서부산크라샤(당월)'!$F$64 -> 0 | I25: =H25-G25 -> 0 | J25: =+IFERROR(HLOOKUP($A$1,[11]손익!$G$5:$AB$252,16,),) -> 0 | K25: =+'[8]서부산크라샤(당월)'!$I$64 -> 144 | L25: =K25-J25 -> 144 | M25: =+G25+J25 -> 0 | N25: =+H25+K25 -> 144 | O25: =N25-M25 -> 144 | P25: =+IFERROR(HLOOKUP($A$1,[12]손익!$G$5:$AB$252,7,),) -> 0 | Q25: =+'[8]부산크라샤(당월)'!$F$64 -> 0 | R25: =Q25-P25 -> 0 | S25: =+IFERROR(HLOOKUP($A$1,[12]손익!$G$5:$AB$252,16,),) -> 0 | T25: =+'[8]부산크라샤(당월)'!$I$64 -> 240 | U25: =T25-S25 -> 240 | V25: =+P25+S25 -> 0 | W25: =+Q25+T25 -> 240 | X25: =W25-V25 -> 240 | Y25: =+IFERROR(HLOOKUP($A$1,[13]이송계획!$G$193:$U$216,20,),) -> 1475.1678 | Z25: =+'[8]부산모래장(당월)'!$R$66 -> 3600 | AA25: =Z25-Y25 -> 2124.8322 | AB25: =+M25+V25+Y25 -> 1475.1678 | AC25: =+N25+W25+Z25 -> 3984 | AD25: =AC25-AB25 -> 2508.8322
F26: 창원 | G26: =+IFERROR(HLOOKUP($A$1,[11]손익!$G$5:$AB$252,8,),) -> 0 | H26: =+'[8]서부산크라샤(당월)'!$F$65 -> 160 | I26: =H26-G26 -> 160 | J26: =+IFERROR(HLOOKUP($A$1,[11]손익!$G$5:$AB$252,17,),) -> 0 | K26: =+'[8]서부산크라샤(당월)'!$I$65 -> 240 | L26: =K26-J26 -> 240 | M26: =+G26+J26 -> 0 | N26: =+H26+K26 -> 400 | O26: =N26-M26 -> 400 | P26: =+IFERROR(HLOOKUP($A$1,[12]손익!$G$5:$AB$252,8,),) -> 0 | Q26: =+'[8]부산크라샤(당월)'!$F$65 -> 0 | R26: =Q26-P26 -> 0 | S26: =+IFERROR(HLOOKUP($A$1,[12]손익!$G$5:$AB$252,17,),) -> 0 | T26: =+'[8]부산크라샤(당월)'!$I$65 -> 0 | U26: =T26-S26 -> 0 | V26: =+P26+S26 -> 0 | W26: =+Q26+T26 -> 0 | X26: =W26-V26 -> 0 | Y26: =+IFERROR(HLOOKUP($A$1,[13]이송계획!$G$193:$U$216,21,),) -> 0 | AA26: =Z26-Y26 -> 0 | AB26: =+M26+V26+Y26 -> 0 | AC26: =+N26+W26+Z26 -> 400 | AD26: =AC26-AB26 -> 400
E27: 자가이송 | F27: 부산 | G27: =+IFERROR(HLOOKUP($A$1,[11]손익!$G$5:$AB$252,31,),) -> 0 | H27: =IFERROR(H35/H21,)*1000 -> 12500 | I27: =H27-G27 -> 12500 | J27: =+IFERROR(HLOOKUP($A$1,[11]손익!$G$5:$AB$252,40,),) -> 0 | K27: =IFERROR(K35/K21,)*1000 -> 0 | L27: =K27-J27 -> 0 | M27: =+IFERROR(HLOOKUP($A$1,[11]손익!$G$5:$AB$252,48,),) -> 0 | N27: =IFERROR(N35/N21,)*1000 -> 12500 | O27: =N27-M27 -> 12500 | P27: =+IFERROR(HLOOKUP($A$1,[12]손익!$G$5:$AB$252,30,),) -> 16000 | Q27: =IFERROR(Q35/Q21,)*1000 -> 17500 | R27: =Q27-P27 -> 1500 | S27: =+IFERROR(HLOOKUP($A$1,[12]손익!$G$5:$AB$252,39,),) -> 23000 | T27: =IFERROR(T35/T21,)*1000 -> 23500 | U27: =T27-S27 -> 500 | V27: =+IFERROR(HLOOKUP($A$1,[12]손익!$G$5:$AB$252,48,),) -> 18860.317 | W27: =IFERROR(W35/W21,)*1000 -> 19947.261 | X27: =W27-V27 -> 1086.9442 | Y27: =IFERROR(Y35/Y21,)*1000 -> 30500 | Z27: =IFERROR(Z35/Z21,)*1000 -> 32000 | AA27: =Z27-Y27 -> 1500 | AB27: =+AB35/AB21*1000 -> 21032.205 | AC27: =IFERROR(AC35/AC21,)*1000 -> 21930.602 | AD27: =AC27-AB27 -> 898.39608
E28: 단가 | F28: 서부산 | G28: =+IFERROR(HLOOKUP($A$1,[11]손익!$G$5:$AB$252,32,),) -> 16000 | H28: =IFERROR(H36/H22,)*1000 -> 17000 | I28: =H28-G28 -> 1000 | J28: =+IFERROR(HLOOKUP($A$1,[11]손익!$G$5:$AB$252,41,),) -> 10500 | K28: =IFERROR(K36/K22,)*1000 -> 10500 | L28: =K28-J28 -> 0 | M28: =+IFERROR(HLOOKUP($A$1,[11]손익!$G$5:$AB$252,49,),) -> 0 | N28: =IFERROR(N36/N22,)*1000 -> 16609.023 | O28: =N28-M28 -> 16609.023 | P28: =+IFERROR(HLOOKUP($A$1,[12]손익!$G$5:$AB$252,31,),) -> 0 | Q28: =IFERROR(Q36/Q22,)*1000 -> 12000 | R28: =Q28-P28 -> 12000 | S28: =+IFERROR(HLOOKUP($A$1,[12]손익!$G$5:$AB$252,40,),) -> 19000 | T28: =IFERROR(T36/T22,)*1000 -> 20000 | U28: =T28-S28 -> 1000 | V28: =+IFERROR(HLOOKUP($A$1,[12]손익!$G$5:$AB$252,49,),) -> 19000 | W28: =IFERROR(W36/W22,)*1000 -> 19645.161 | X28: =W28-V28 -> 645.16129 | Y28: =IFERROR(Y36/Y22,)*1000 -> 28000 | Z28: =IFERROR(Z36/Z22,)*1000 -> 28000 | AA28: =Z28-Y28 -> 0 | AB28: =+AB36/AB22*1000 -> 18893.583 | AC28: =IFERROR(AC36/AC22,)*1000 -> 19754.701 | AD28: =AC28-AB28 -> 861.11831
F29: 김해 | G29: =+IFERROR(HLOOKUP($A$1,[11]손익!$G$5:$AB$252,33,),) -> 0 | H29: =IFERROR(H37/H23,)*1000 -> 11500 | I29: =H29-G29 -> 11500 | J29: =+IFERROR(HLOOKUP($A$1,[11]손익!$G$5:$AB$252,42,),) -> 0 | K29: =IFERROR(K37/K23,)*1000 -> 0 | L29: =K29-J29 -> 0 | M29: =+IFERROR(HLOOKUP($A$1,[11]손익!$G$5:$AB$252,50,),) -> 0 | N29: =IFERROR(N37/N23,)*1000 -> 11500 | O29: =N29-M29 -> 11500 | P29: =+IFERROR(HLOOKUP($A$1,[12]손익!$G$5:$AB$252,32,),) -> 0 | Q29: =IFERROR(Q37/Q23,)*1000 -> 0 | R29: =Q29-P29 -> 0 | S29: =+IFERROR(HLOOKUP($A$1,[12]손익!$G$5:$AB$252,41,),) -> 0 | T29: =IFERROR(T37/T23,)*1000 -> 0 | U29: =T29-S29 -> 0 | V29: =+IFERROR(HLOOKUP($A$1,[12]손익!$G$5:$AB$252,50,),) -> 0 | W29: =IFERROR(W37/W23,)*1000 -> 0 | X29: =W29-V29 -> 0 | Y29: =IFERROR(Y37/Y23,)*1000 -> 27500 | Z29: =IFERROR(Z37/Z23,)*1000 -> 0 | AA29: =Z29-Y29 -> -27500 | AB29: =+AB37/AB23*1000 -> 27500 | AC29: =IFERROR(AC37/AC23,)*1000 -> 137775.51 | AD29: =AC29-AB29 -> 110275.51
F30: 정관 | G30: =+IFERROR(HLOOKUP($A$1,[11]손익!$G$5:$AB$252,34,),) -> 0 | H30: =IFERROR(H38/H24,)*1000 -> 0 | I30: =H30-G30 -> 0 | J30: =+IFERROR(HLOOKUP($A$1,[11]손익!$G$5:$AB$252,43,),) -> 0 | K30: =IFERROR(K38/K24,)*1000 -> 0 | L30: =K30-J30 -> 0 | M30: =+IFERROR(HLOOKUP($A$1,[11]손익!$G$5:$AB$252,51,),) -> 15592.961 | N30: =IFERROR(N38/N24,)*1000 -> 0 | O30: =N30-M30 -> -15592.961 | P30: =+IFERROR(HLOOKUP($A$1,[12]손익!$G$5:$AB$252,33,),) -> 0 | Q30: =IFERROR(Q38/Q24,)*1000 -> 0 | R30: =Q30-P30 -> 0 | S30: =+IFERROR(HLOOKUP($A$1,[12]손익!$G$5:$AB$252,42,),) -> 0 | T30: =IFERROR(T38/T24,)*1000 -> 0 | U30: =T30-S30 -> 0 | V30: =+IFERROR(HLOOKUP($A$1,[12]손익!$G$5:$AB$252,51,),) -> 0 | W30: =IFERROR(W38/W24,)*1000 -> 0 | X30: =W30-V30 -> 0 | Y30: =IFERROR(Y38/Y24,)*1000 -> 27500 | Z30: =IFERROR(Z38/Z24,)*1000 -> 0 | AA30: =Z30-Y30 -> -27500 | AB30: =+AB38/AB24*1000 -> 27500 | AC30: =IFERROR(AC38/AC24,)*1000 -> 0 | AD30: =AC30-AB30 -> -27500
F31: 양산 | G31: =+IFERROR(HLOOKUP($A$1,[11]손익!$G$5:$AB$252,35,),) -> 0 | H31: =IFERROR(H39/H25,)*1000 -> 0 | I31: =H31-G31 -> 0 | J31: =+IFERROR(HLOOKUP($A$1,[11]손익!$G$5:$AB$252,44,),) -> 0 | K31: =IFERROR(K39/K25,)*1000 -> 9000 | L31: =K31-J31 -> 9000 | M31: =+IFERROR(HLOOKUP($A$1,[11]손익!$G$5:$AB$252,52,),) -> 0 | N31: =IFERROR(N39/N25,)*1000 -> 9000 | O31: =N31-M31 -> 9000 | P31: =+IFERROR(HLOOKUP($A$1,[12]손익!$G$5:$AB$252,34,),) -> 0 | Q31: =IFERROR(Q39/Q25,)*1000 -> 0 | R31: =Q31-P31 -> 0 | S31: =+IFERROR(HLOOKUP($A$1,[12]손익!$G$5:$AB$252,43,),) -> 0 | T31: =IFERROR(T39/T25,)*1000 -> 19000 | U31: =T31-S31 -> 19000 | V31: =+IFERROR(HLOOKUP($A$1,[12]손익!$G$5:$AB$252,52,),) -> 0 | W31: =IFERROR(W39/W25,)*1000 -> 19000 | X31: =W31-V31 -> 19000 | Y31: =IFERROR(Y39/Y25,)*1000 -> 27500 | Z31: =IFERROR(Z39/Z25,)*1000 -> 6477.7778 | AA31: =Z31-Y31 -> -21022.222 | AB31: =+AB39/AB25*1000 -> 27500 | AC31: =IFERROR(AC39/AC25,)*1000 -> 7323.2932 | AD31: =AC31-AB31 -> -20176.707
