Workbook

Sheet 표지
A6: 2024년 7월 마감 손익
A24: 건재사업본부

Sheet 손익총괄
C3: □ 건재사업본부 손익실적(2024-07) | Z3: □ 건재부문 실적(7월)
X4: [단위 : 천㎥, 톤, 원/㎥, 원/톤, 백만원] | AK4: (단위 : 천㎥, 천톤, 억원)
C5: 구분 | E5: 7월 | J5: 7월 누계 | P5: 7월 주요지표 | Z5: 구분 | AB5: =+E5 -> 7월 | AG5: =+J5 -> 7월 누계
E6: 계획 | F6: 실적 | G6: 계획대비 | H6: 전년 | I6: 전년대비 | J6: 계획 | K6: 실적 | L6: 계획대비 | M6: 전년 | N6: 전년대비 | AB6: =+E6 -> 계획 | AC6: =+F6 -> 실적 | AD6: =+G6 -> 계획대비 | AE6: =+H6 -> 전년 | AF6: =+I6 -> 전년대비 | AG6: =+J6 -> 계획 | AH6: =+K6 -> 실적 | AI6: =+L6 -> 계획대비 | ... AK6: =+N6 -> 전년대비
A7: =+F7/E7 -> 0.87150255 | B7: =+K7/J7 -> 1.0295503 | C7: 물량 | D7: 레미콘 | E7: =+'[1]7월'!$Z$7/1000 -> 294.5 | F7: =+'[2]7월'!$Z$7/1000 -> 256.6575 | G7: =+F7-E7 -> -37.8425 | H7: =+'[3]7월'!$Z$7/1000 -> 268.759 | I7: =+F7-H7 -> -12.1015 | J7: =+[4]손익총괄!J7+E7 -> 1976.5 | K7: =+[4]손익총괄!K7+F7 -> 2034.9062 | L7: =+K7-J7 -> 58.4062 | M7: =+[4]손익총괄!M7+H7 -> 2262.89 | N7: =+K7-M7 -> -227.9838 | Q7: □ 레미콘 | Z7: 물량 | AA7: =+D7 -> 레미콘 | AB7: =+E7 -> 294.5 | AC7: =+F7 -> 256.6575 | AD7: =+AC7-AB7 -> -37.8425 | AE7: =+H7 -> 268.759 | AF7: =+AC7-AE7 -> -12.1015 | AG7: =+J7 -> 1976.5 | AH7: =+K7 -> 2034.9062 | AI7: =+AH7-AG7 -> 58.4062 | AJ7: =+M7 -> 2262.89 | AK7: =+AH7-AJ7 -> -227.9838
D8: 철강재 | E8: =+'[1]7월'!$AA$7 -> 7100 | F8: =+'[2]7월'!$AO$7 -> 12986.91 | G8: =+F8-E8 -> 5886.91 | H8: =+'[3]7월'!$AO$7 -> 6748.173 | I8: =+F8-H8 -> 6238.737 | J8: =+[4]손익총괄!J8+E8 -> 48700 | K8: =+[4]손익총괄!K8+F8 -> 61066.958 | L8: =+K8-J8 -> 12366.958 | M8: =+[4]손익총괄!M8+H8 -> 55688.971 | N8: =+K8-M8 -> 5377.987 | Q8: 구분 | S8: 계획 | T8: 실적 | U8: 계획대비 | V8: 전년 | W8: 전년대비 | AA8: =+D8 -> 철강재 | AB8: =+E8/1000 -> 7.1 | AC8: =+F8/1000 -> 12.98691 | AD8: =+AC8-AB8 -> 5.88691 | AE8: =+H8/1000 -> 6.748173 | AF8: =+AC8-AE8 -> 6.238737 | AG8: =+J8/1000 -> 48.7 | AH8: =+K8/1000 -> 61.066958 | AI8: =+AH8-AG8 -> 12.366958 | AJ8: =+M8/1000 -> 55.688971 | AK8: =+AH8-AJ8 -> 5.377987
D9: 골재 | E9: =+'[1]7월'!$AE$7/1000 -> 121.15976 | F9: =+'[2]7월'!$AN$7/1000 -> 60.962 | G9: =+F9-E9 -> -60.197765 | H9: =+'[3]7월'!$AN$7/1000 -> 47.578 | I9: =+F9-H9 -> 13.384 | J9: =+[4]손익총괄!J9+E9 -> 620.83174 | K9: =+[4]손익총괄!K9+F9 -> 557.661 | L9: =+K9-J9 -> -63.170738 | M9: =+[4]손익총괄!M9+H9 -> 425.041 | N9: =+K9-M9 -> 132.62 | Q9: 물량 | R9: 수도권 | S9: =+[5]수도권!$T$5/1000 -> 115.5 | T9: =+[5]수도권!$U$5/1000 -> 89.348 | U9: =+T9-S9 -> -26.152 | V9: =+[6]수도권!$T$5/1000 -> 115.353 | W9: =+T9-V9 -> -26.005 | AA9: =+D9 -> 골재 | AB9: =+E9 -> 121.15976 | AC9: =+F9 -> 60.962 | AD9: =+AC9-AB9 -> -60.197765 | AE9: =+H9 -> 47.578 | AF9: =+AC9-AE9 -> 13.384 | AG9: =+J9 -> 620.83174 | AH9: =+K9 -> 557.661 | AI9: =+AH9-AG9 -> -63.170738 | AJ9: =+M9 -> 425.041 | AK9: =+AH9-AJ9 -> 132.62
C10: 매출 | D10: 레미콘 | E10: =+'[1]7월'!$Z$8/1000 -> 30134.812 | F10: =+'[2]7월'!$Z$8/1000 -> 26139.233 | G10: =+F10-E10 -> -3995.5781 | H10: =+'[3]7월'!$Z$8/1000 -> 26649.615 | I10: =+F10-H10 -> -510.38118 | J10: =+[4]손익총괄!J10+E10 -> 200915.46 | K10: =+[4]손익총괄!K10+F10 -> 206378.1 | L10: =+K10-J10 -> 5462.6381 | M10: =+[4]손익총괄!M10+H10 -> 216914.6 | N10: =+K10-M10 -> -10536.505 | R10: 영남권 | S10: =+[5]영남권!$T$5/1000 -> 127 | T10: =+[5]영남권!$U$5/1000 -> 118.756 | U10: =+T10-S10 -> -8.244 | V10: =+[6]영남권!$T$5/1000 -> 111.9305 | W10: =+T10-V10 -> 6.8255 | Z10: 매출액 | AA10: =+D10 -> 레미콘 | AB10: =+E10/100 -> 301.34812 | AC10: =+F10/100 -> 261.39233 | AD10: =+AC10-AB10 -> -39.955781 | AE10: =+H10/100 -> 266.49615 | AF10: =+AC10-AE10 -> -5.1038118 | AG10: =+J10/100 -> 2009.1546 | AH10: =+K10/100 -> 2063.781 | AI10: =+AH10-AG10 -> 54.626381 | AJ10: =+M10/100 -> 2169.146 | AK10: =+AH10-AJ10 -> -105.36505
D11: 건자재 | E11: =+'[1]7월'!$AA$8/1000 -> 8684.4905 | F11: =+'[2]7월'!$AO$8/1000 -> 11314.649 | G11: =+F11-E11 -> 2630.1581 | H11: =+'[3]7월'!$AO$8/1000 -> 8183.4776 | I11: =+F11-H11 -> 3131.171 | J11: =+[4]손익총괄!J11+E11 -> 59550.777 | K11: =+[4]손익총괄!K11+F11 -> 60718.387 | L11: =+K11-J11 -> 1167.6099 | M11: =+[4]손익총괄!M11+H11 -> 67531.38 | N11: =+K11-M11 -> -6812.9935 | R11: 중부권 | S11: =+[5]중부권!$T$5/1000 -> 52 | T11: =+[5]중부권!$U$5/1000 -> 48.5535 | U11: =+T11-S11 -> -3.4465 | V11: =+[6]중부권!$T$5/1000 -> 41.4755 | W11: =+T11-V11 -> 7.078 | AA11: =+D11 -> 건자재 | AB11: =+E11/100 -> 86.844905 | AC11: =+F11/100 -> 113.14649 | AD11: =+AC11-AB11 -> 26.301581 | AE11: =+H11/100 -> 81.834776 | AF11: =+AC11-AE11 -> 31.31171 | AG11: =+J11/100 -> 595.50777 | AH11: =+K11/100 -> 607.18387 | AI11: =+AH11-AG11 -> 11.676099 | AJ11: =+M11/100 -> 675.3138 | AK11: =+AH11-AJ11 -> -68.129935
D12: 골재 | E12: =+'[1]7월'!$AE$8/1000 -> 2191.7858 | F12: =+'[2]7월'!$AN$8/1000 -> 1241.323 | G12: =+F12-E12 -> -950.46284 | H12: =+'[3]7월'!$AN$8/1000 -> 935.5555 | I12: =+F12-H12 -> 305.7675 | J12: =+[4]손익총괄!J12+E12 -> 12088.749 | K12: =+[4]손익총괄!K12+F12 -> 11222.53 | L12: =+K12-J12 -> -866.21942 | M12: =+[4]손익총괄!M12+H12 -> 8158.6194 | N12: =+K12-M12 -> 3063.9102 | Q12: 계 | S12: =SUM(S9:S11) -> 294.5 | T12: =SUM(T9:T11) -> 256.6575 | U12: =+T12-S12 -> -37.8425 | V12: =SUM(V9:V11) -> 268.759 | W12: =+T12-V12 -> -12.1015 | AA12: =+D12 -> 골재 | AB12: =+E12/100 -> 21.917858 | AC12: =+F12/100 -> 12.41323 | AD12: =+AC12-AB12 -> -9.5046284 | AE12: =+H12/100 -> 9.355555 | AF12: =+AC12-AE12 -> 3.057675 | AG12: =+J12/100 -> 120.88749 | AH12: =+K12/100 -> 112.2253 | AI12: =+AH12-AG12 -> -8.6621942 | AJ12: =+M12/100 -> 81.586194 | AK12: =+AH12-AJ12 -> 30.639102
D13: 기타 | E13: =+'[1]7월'!$E$8/1000-E10-E11-E12 -> 164.9075 | F13: =+'[2]7월'!$F$8/1000-F10-F11-F12 -> 165.44935 | G13: =+F13-E13 -> 0.54185267 | H13: =+'[3]7월'!$F$8/1000-H10-H11-H12 -> 187.52409 | I13: =+F13-H13 -> -22.074736 | J13: =+[4]손익총괄!J13+E13 -> 1154.3525 | K13: =+[4]손익총괄!K13+F13 -> 1157.2093 | L13: =+K13-J13 -> 2.8568307 | M13: =+[4]손익총괄!M13+H13 -> 1396.791 | N13: =+K13-M13 -> -239.58165 | Q13: 판매단가 | R13: 수도권 | S13: =+[5]수도권!$T$61 -> 100367.83 | T13: =+[5]수도권!$U$61 -> 98771.936 | U13: =+T13-S13 -> -1595.8908 | V13: =+[6]수도권!$Q$85 -> 95276.16 | W13: =+T13-V13 -> 3495.776 | AA13: =+D13 -> 기타 | AB13: =+E13/100 -> 1.649075 | AC13: =+F13/100 -> 1.6544935 | AD13: =+AC13-AB13 -> 0.0054185267 | AE13: =+H13/100 -> 1.8752409 | AF13: =+AC13-AE13 -> -0.22074736 | AG13: =+J13/100 -> 11.543525 | AH13: =+K13/100 -> 11.572093 | AI13: =+AH13-AG13 -> 0.028568307 | AJ13: =+M13/100 -> 13.96791 | AK13: =+AH13-AJ13 -> -2.3958165
A14: =+F14/E14 -> 0.94376964 | B14: =+K14/J14 -> 1.0210694 | C14: 계 | E14: =SUM(E10:E13) -> 41175.995 | F14: =SUM(F10:F13) -> 38860.654 | G14: =+F14-E14 -> -2315.341 | H14: =SUM(H10:H13) -> 35956.172 | I14: =+F14-H14 -> 2904.4826 | J14: =SUM(J10:J13) -> 273709.34 | K14: =SUM(K10:K13) -> 279476.22 | L14: =+K14-J14 -> 5766.8854 | M14: =SUM(M10:M13) -> 294001.39 | N14: =+K14-M14 -> -14525.17 | R14: 영남권 | S14: =+[5]영남권!$T$61 -> 102558.71 | T14: =+[5]영남권!$U$61 -> 102226.32 | U14: =+T14-S14 -> -332.38781 | V14: =+[6]영남권!$Q$85 -> 101161.29 | W14: =+T14-V14 -> 1065.0264 | AA14: 계 | AB14: =SUM(AB10:AB13) -> 411.75995 | AC14: =SUM(AC10:AC13) -> 388.60654 | AD14: =+AC14-AB14 -> -23.15341 | AE14: =SUM(AE10:AE13) -> 359.56172 | AF14: =+AC14-AE14 -> 29.044826 | AG14: =SUM(AG10:AG13) -> 2737.0934 | AH14: =SUM(AH10:AH13) -> 2794.7622 | AI14: =+AH14-AG14 -> 57.668854 | AJ14: =SUM(AJ10:AJ13) -> 2940.0139 | AK14: =+AH14-AJ14 -> -145.2517
C15: 매출원가 | D15: 레미콘 | E15: =+('[1]7월'!$Z$10+'[1]7월'!$Z$19)/1000 -> 24780.395 | F15: =+('[2]7월'!$Z$10+'[2]7월'!$Z$19)/1000 -> 22759.689 | G15: =+F15-E15 -> -2020.706 | H15: =+('[3]7월'!$Z$10+'[3]7월'!$Z$19)/1000 -> 21920.142 | I15: =+F15-H15 -> 839.54787 | J15: =+[4]손익총괄!J15+E15 -> 168554.97 | K15: =+[4]손익총괄!K15+F15 -> 178110.18 | L15: =+K15-J15 -> 9555.2079 | M15: =+[4]손익총괄!M15+H15 -> 178123.6 | N15: =+K15-M15 -> -13.421204 | R15: 중부권 | S15: =+[5]중부권!$T$61 -> 106103.3 | T15: =+[5]중부권!$U$61 -> 106628.96 | U15: =+T15-S15 -> 525.65909 | V15: =+[6]중부권!$Q$85 -> 104529.84 | W15: =+T15-V15 -> 2099.1218 | Z15: 영업이익 | AA15: =+D30 -> 레미콘 | AB15: =+E30/100 -> 47.064199 | AC15: =+F30/100 -> 27.249975 | AD15: =+AC15-AB15 -> -19.814224 | AE15: =+H30/100 -> 41.068087 | AF15: =+AC15-AE15 -> -13.818111 | AG15: =+J30/100 -> 277.53886 | AH15: =+K30/100 -> 236.4686 | AI15: =+AH15-AG15 -> -41.070261 | AJ15: =+M30/100 -> 342.75946 | AK15: =+AH15-AJ15 -> -106.29086
D16: 건자재 | E16: =+('[1]7월'!$AA$10+'[1]7월'!$AA$19)/1000 -> 8462.6954 | F16: =+('[2]7월'!$AO$10+'[2]7월'!$AO$19)/1000 -> 11193.013 | G16: =+F16-E16 -> 2730.3175 | H16: =+('[3]7월'!$AO$10+'[3]7월'!$AO$19)/1000 -> 7986.5306 | I16: =+F16-H16 -> 3206.4824 | J16: =+[4]손익총괄!J16+E16 -> 58027.237 | K16: =+[4]손익총괄!K16+F16 -> 59364.069 | L16: =+K16-J16 -> 1336.832 | M16: =+[4]손익총괄!M16+H16 -> 66145.747 | N16: =+K16-M16 -> -6781.6775 | Q16: 계 | S16: =+[5]합계!$T$61 -> 102325.34 | T16: =+[5]합계!$U$61 -> 101862.36 | U16: =+T16-S16 -> -462.98019 | V16: =+[6]합계!$Q$85 -> 99152.129 | W16: =+T16-V16 -> 2710.2274 | AA16: =+D31 -> % | AB16: =+E31 -> 0.15617884 | AC16: =+F31 -> 0.10424933 | AD16: =+AC16-AB16 -> -0.051929512 | AE16: =+H31 -> 0.15410387 | AF16: =+AC16-AE16 -> -0.049854539 | AG16: =+J31 -> 0.13813714 | AH16: =+K31 -> 0.11458028 | AI16: =+AH16-AG16 -> -0.023556857 | AJ16: =+M31 -> 0.15801585 | AK16: =+AH16-AJ16 -> -0.043435576
D17: 골재 | E17: =+('[1]7월'!$AE$10+'[1]7월'!$AE$19)/1000 -> 1953.7066 | F17: =+('[2]7월'!$AN$10+'[2]7월'!$AN$19)/1000 -> 1252.1428 | G17: =+F17-E17 -> -701.56378 | H17: =+('[3]7월'!$AN$10+'[3]7월'!$AN$19)/1000 -> 946.5424 | I17: =+F17-H17 -> 305.60038 | J17: =+[4]손익총괄!J17+E17 -> 10905.178 | K17: =+[4]손익총괄!K17+F17 -> 10244.78 | L17: =+K17-J17 -> -660.39777 | M17: =+[4]손익총괄!M17+H17 -> 7384.2663 | N17: =+K17-M17 -> 2860.5137 | Q17: 공헌이익 | R17: 수도권 | S17: =+[5]수도권!$Q$90 -> 22983.498 | T17: =+[5]수도권!$R$90 -> 17992.981 | U17: =+T17-S17 -> -4990.5171 | V17: =+[6]수도권!$Q$90 -> 22612.12 | W17: =+T17-V17 -> -4619.1391 | AA17: =+D32 -> 건자재 | AB17: =+E32/100 -> 1.0029102 | AC17: =+F32/100 -> -0.39569616 | AD17: =+AC17-AB17 -> -1.3986064 | AE17: =+H32/100 -> 0.87789723 | AF17: =+AC17-AE17 -> -1.2735934 | AG17: =+J32/100 -> 6.4701095 | AH17: =+K32/100 -> 3.7555282 | AI17: =+AH17-AG17 -> -2.7145813 | AJ17: =+M32/100 -> 5.8168383 | AK17: =+AH17-AJ17 -> -2.0613101
D18: 기타 | E18: =+('[1]7월'!$E$10+'[1]7월'!$E$19)/1000-E15-E16-E17 -> 65.348898 | F18: =+('[2]7월'!$F$10+'[2]7월'!$F$19)/1000-F15-F16-F17 -> 25.575635 | G18: =+F18-E18 -> -39.773263 | H18: =+('[3]7월'!$F$10+'[3]7월'!$F$19)/1000-H15-H16-H17 -> 30.774525 | I18: =+F18-H18 -> -5.19889 | J18: =+[4]손익총괄!J18+E18 -> -915.4251 | K18: =+[4]손익총괄!K18+F18 -> 351.13889 | L18: =+K18-J18 -> 1266.564 | M18: =+[4]손익총괄!M18+H18 -> 429.57843 | N18: =+K18-M18 -> -78.439542 | R18: 영남권 | S18: =+[5]영남권!$Q$90 -> 27653.409 | T18: =+[5]영남권!$R$90 -> 22717.772 | U18: =+T18-S18 -> -4935.6367 | V18: =+[6]영남권!$Q$90 -> 28245.721 | W18: =+T18-V18 -> -5527.9489 | AA18: =+D33 -> 골재 | AB18: =+E33/100 -> 2.0289453 | AC18: =+F33/100 -> -1.1055667 | AD18: =+AC18-AB18 -> -3.134512 | AE18: =+H33/100 -> -0.20329555 | AF18: =+AC18-AE18 -> -0.90227115 | AG18: =+J33/100 -> 7.453113 | AH18: =+K33/100 -> 6.0996158 | AI18: =+AH18-AG18 -> -1.3534971 | AJ18: =+M33/100 -> 5.1550173 | AK18: =+AH18-AJ18 -> 0.94459853
C19: 계 | E19: =SUM(E15:E18) -> 35262.146 | F19: =SUM(F15:F18) -> 35230.421 | G19: =+F19-E19 -> -31.725573 | H19: =SUM(H15:H18) -> 30883.989 | I19: =+F19-H19 -> 4346.4317 | J19: =SUM(J15:J18) -> 236571.96 | K19: =SUM(K15:K18) -> 248070.17 | L19: =+K19-J19 -> 11498.206 | M19: =SUM(M15:M18) -> 252083.19 | N19: =+K19-M19 -> -4013.0245 | R19: 중부권 | S19: =+[5]중부권!$Q$90 -> 29878.312 | T19: =+[5]중부권!$R$90 -> 30402.808 | U19: =+T19-S19 -> 524.49583 | V19: =+[6]중부권!$Q$90 -> 29238.395 | W19: =+T19-V19 -> 1164.4134 | AA19: 공통비 | AB19: =+'사업장별(당월)'!T35/100 -> -12.344134 | AC19: =+'사업장별(당월)'!U35/100 -> -13.384279 | AD19: =+AC19-AB19 -> -1.0401447 | AE19: =+'사업장별(당월)'!W35/100 -> -11.810521 | AF19: =+AC19-AE19 -> -1.5737576 | AG19: =+'사업장별(누계)'!T35/100 -> -102.26759 | AH19: =+'사업장별(누계)'!U35/100 -> -103.90772 | AI19: =+AH19-AG19 -> -1.6401299 | AJ19: =+'사업장별(누계)'!W35/100 -> -81.660362 | AK19: =+AH19-AJ19 -> -22.247355
C20: 매출이익 | D20: 레미콘 | E20: =+E10-E15 -> 5354.4161 | F20: =+F10-F15 -> 3379.544 | G20: =+F20-E20 -> -1974.8721 | H20: =+H10-H15 -> 4729.4731 | I20: =+F20-H20 -> -1349.929 | J20: =+J10-J15 -> 32360.487 | K20: =+K10-K15 -> 28267.918 | L20: =+K20-J20 -> -4092.5698 | M20: =+M10-M15 -> 38791.002 | N20: =+K20-M20 -> -10523.084 | Q20: 계 | S20: =+[5]합계!$Q$90 -> 26214.768 | T20: =+[5]합계!$R$90 -> 22535.083 | U20: =+T20-S20 -> -3679.6851 | V20: =+[6]합계!$Q$90 -> 25981.936 | W20: =+T20-V20 -> -3446.8535 | AA20: =+'사업장별(누계)'!I34 -> 임대 | AB20: =+('사업장별(당월)'!T33+'사업장별(당월)'!T34)/100 -> 1.3419643 | AC20: =+('사업장별(당월)'!U33+'사업장별(당월)'!U34)/100 -> 1.3519687 | AD20: =+AC20-AB20 -> 0.010004347 | AE20: =+('사업장별(당월)'!W33+'사업장별(당월)'!W34)/100 -> 1.2660979 | AF20: =+AC20-AE20 -> 0.08587079 | AG20: =+('사업장별(누계)'!T33+'사업장별(누계)'!T34)/100 -> 9.0972675 | AH20: =+('사업장별(누계)'!U33+'사업장별(누계)'!U34)/100 -> 8.7253339 | AI20: =+AH20-AG20 -> -0.37193362 | AJ20: =+('사업장별(누계)'!W33+'사업장별(누계)'!W34)/100 -> 8.0291196 | AK20: =+AH20-AJ20 -> 0.69621431
D21: 건자재 | E21: =+E11-E16 -> 221.79508 | F21: =+F11-F16 -> 121.6357 | G21: =+F21-E21 -> -100.15938 | H21: =+H11-H16 -> 196.94702 | I21: =+F21-H21 -> -75.311323 | J21: =+J11-J16 -> 1523.5397 | K21: =+K11-K16 -> 1354.3176 | L21: =+K21-J21 -> -169.22212 | M21: =+M11-M16 -> 1385.6335 | N21: =+K21-M21 -> -31.315925 | Q21: □ 건자재 | AA21: =+'사업장별(누계)'!I37 -> 대손 | AB21: =+'사업장별(당월)'!T37/100 -> 0 | AC21: =+'사업장별(당월)'!U37/100 -> 0 | AD21: =+AC21-AB21 -> 0 | AE21: =+'사업장별(당월)'!W37/100 -> 0 | AF21: =+AC21-AE21 -> 0 | AG21: =+'사업장별(누계)'!T37/100 -> 0 | AH21: =+'사업장별(누계)'!U37/100 -> -9.7550771 | AI21: =+AH21-AG21 -> -9.7550771 | AJ21: =+'사업장별(누계)'!W37/100 -> -12.470691 | AK21: =+AH21-AJ21 -> 2.7156142
D22: 골재 | E22: =+E12-E17 -> 238.07928 | F22: =+F12-F17 -> -10.819778 | G22: =+F22-E22 -> -248.89906 | H22: =+H12-H17 -> -10.986898 | I22: =+F22-H22 -> 0.16712001 | J22: =+J12-J17 -> 1183.5712 | K22: =+K12-K17 -> 977.74958 | L22: =+K22-J22 -> -205.82165 | M22: =+M12-M17 -> 774.35314 | N22: =+K22-M22 -> 203.39644 | Q22: 구분 | S22: 계획 | T22: 실적 | U22: 계획대비 | V22: 전년 | W22: 전년대비 | AA22: =+D34 -> 기타 | AB22: =+AB26-AB19-AB20-AB21 -> -1.1504929 | AC22: =+AC26-AC19-AC20-AC21 -> -0.51143327 | AD22: =+AC22-AB22 -> 0.63905965 | AE22: =+AE26-AE19-AE20-AE21 -> -0.26791872 | AF22: =+AC22-AE22 -> -0.24351455 | AG22: =+AG26-AG19-AG20-AG21 -> 6.9119492 | AH22: =+AH26-AH19-AH20-AH21 -> -4.7179522 | AI22: =+AH22-AG22 -> -11.629901 | AJ22: =+AJ26-AJ19-AJ20-AJ21 -> -2.428069 | AK22: =+AH22-AJ22 -> -2.2898831
D23: 기타 | E23: =+E13-E18 -> 99.558602 | F23: =+F13-F18 -> 139.87372 | G23: =+F23-E23 -> 40.315116 | H23: =+H13-H18 -> 156.74956 | I23: =+F23-H23 -> -16.875846 | J23: =+J13-J18 -> 2069.7776 | K23: =+K13-K18 -> 806.07044 | L23: =+K23-J23 -> -1263.7072 | M23: =+M13-M18 -> 967.21255 | N23: =+K23-M23 -> -161.14211 | Q23: 철강재 판매단가 | S23: =+'[7]7월'!$F$10 -> 975352.11 | T23: =+'[7]7월'!$G$10 -> 751049.21 | U23: =+T23-S23 -> -224302.9 | V23: =+'[8]7월'!$G$10 -> 1025254.3 | W23: =+T23-V23 -> -274205.1 | AA23: 계 | AB23: =SUM(AB15,AB17:AB22) -> 37.943392 | AC23: =SUM(AC15,AC17:AC22) -> 13.204969 | AD23: =+AC23-AB23 -> -24.738423 | AE23: =SUM(AE15,AE17:AE22) -> 30.930346 | AF23: =+AC23-AE23 -> -17.725377 | AG23: =SUM(AG15,AG17:AG22) -> 205.20371 | AH23: =SUM(AH15,AH17:AH22) -> 136.66833 | AI23: =+AH23-AG23 -> -68.535382 | AJ23: =SUM(AJ15,AJ17:AJ22) -> 265.20131 | AK23: =+AH23-AJ23 -> -128.53299
C24: 계 | E24: =SUM(E20:E23) -> 5913.8491 | F24: =SUM(F20:F23) -> 3630.2337 | G24: =+F24-E24 -> -2283.6154 | H24: =SUM(H20:H23) -> 5072.1827 | I24: =+F24-H24 -> -1441.9491 | J24: =SUM(J20:J23) -> 37137.376 | K24: =SUM(K20:K23) -> 31406.055 | L24: =+K24-J24 -> -5731.3207 | M24: =SUM(M20:M23) -> 41918.201 | N24: =+K24-M24 -> -10512.146 | Q24: 철강재 마진률 | S24: =+'[7]7월'!$F$15 -> 0.023191336 | T24: =+'[7]7월'!$G$15 -> 0.0082914273 | U24: =+T24-S24 -> -0.014899908 | V24: =+'[8]7월'!$G$15 -> 0.024765464 | W24: =+T24-V24 -> -0.016474037 | AA24: =+D36 -> % | AB24: =+E36 -> 0.092149302 | AC24: =+F36 -> 0.033980305 | AD24: =+G36 -> -0.058168996 | AE24: =+H36 -> 0.086022357 | AF24: =+I36 -> -0.052042051 | AG24: =+J36 -> 0.074971396 | AH24: =+K36 -> 0.048901594 | ... AK24: =+N36 -> -0.041302507
C25: 판관비 | D25: 레미콘 | E25: =+('[1]7월'!$Z$13+'[1]7월'!$Z$20)/1000 -> 647.99616 | F25: =+('[2]7월'!$Z$13+'[2]7월'!$Z$20)/1000 -> 654.54649 | G25: =+F25-E25 -> 6.550331 | H25: =+('[3]7월'!$Z$13+'[3]7월'!$Z$20)/1000 -> 622.6644 | I25: =+F25-H25 -> 31.882092 | J25: =+[4]손익총괄!J25+E25 -> 4606.6016 | K25: =+[4]손익총괄!K25+F25 -> 4621.0579 | L25: =+K25-J25 -> 14.456289 | M25: =+[4]손익총괄!M25+H25 -> 4515.0558 | N25: =+K25-M25 -> 106.00213 | Q25: □ 골재
D26: 건자재 | E26: =+('[1]7월'!$AA$13+'[1]7월'!$AA$20)/1000 -> 121.50406 | F26: =+('[2]7월'!$AO$13+'[2]7월'!$AO$20)/1000 -> 161.20531 | G26: =+F26-E26 -> 39.701253 | H26: =+('[3]7월'!$AO$13+'[3]7월'!$AO$20)/1000 -> 109.1573 | I26: =+F26-H26 -> 52.048016 | J26: =+[4]손익총괄!J26+E26 -> 876.52877 | K26: =+[4]손익총괄!K26+F26 -> 978.76478 | L26: =+K26-J26 -> 102.23601 | M26: =+[4]손익총괄!M26+H26 -> 803.94969 | N26: =+K26-M26 -> 174.81509 | Q26: 구분 | S26: 계획 | T26: 실적 | U26: 계획대비 | V26: 전년 | W26: 전년대비 | AB26: =+'사업장별(당월)'!T41/100 -> -12.152663 | AC26: =+'사업장별(당월)'!U41/100 -> -12.543743 | AD26: =+AC26-AB26 -> -0.39108073 | AE26: =+'사업장별(당월)'!W41/100 -> -10.812342 | AF26: =+AE26-AD26 -> -10.421261 | AG26: =+'사업장별(누계)'!T41/100 -> -86.258371 | AH26: =+'사업장별(누계)'!U41/100 -> -109.65541 | AJ26: =+'사업장별(누계)'!W41/100 -> -88.530003
D27: 골재 | E27: =+('[1]7월'!$AE$13+'[1]7월'!$AE$20+'[1]7월'!$AE$22)/1000 -> 35.18475 | F27: =+('[2]7월'!$AN$13+'[2]7월'!$AN$20+'[2]7월'!$AN$22)/1000 -> 99.736892 | G27: =+F27-E27 -> 64.552142 | H27: =+('[3]7월'!$AN$13+'[3]7월'!$AN$20+'[3]7월'!$AN$22)/1000 -> 9.342657 | I27: =+F27-H27 -> 90.394235 | J27: =+[4]손익총괄!J27+E27 -> 438.25994 | K27: =+[4]손익총괄!K27+F27 -> 367.788 | L27: =+K27-J27 -> -70.471934 | M27: =+[4]손익총괄!M27+H27 -> 258.85141 | N27: =+K27-M27 -> 108.93659 | Q27: 판매량 | R27: 자가 | S27: =(+'[9]서부산크라샤(당월)'!$N$66+'[9]부산모래장(당월)'!$Q$48+'[9]부산크라샤(당월)'!$N$66)/1000 -> 59.359765 | T27: =(+'[9]서부산크라샤(당월)'!$O$66+'[9]부산모래장(당월)'!$R$48+'[9]부산크라샤(당월)'!$O$66)/1000 -> 43.37 | U27: =+T27-S27 -> -15.989765 | V27: =('[10]부산골재(당월)'!$R$48+'[10]서부산골재(당월)'!$O$66+'[10]부산크라샤(당월)'!$O$66)/1000 -> 35.025 | W27: =+T27-V27 -> 8.345
D28: 기타 | E28: =+('[1]7월'!$E$13+'[1]7월'!$E$20)/1000-E25-E26-E27+('[1]7월'!$E$22/1000) -> 1314.8249 | F28: =+('[2]7월'!$F$13+'[2]7월'!$F$20)/1000-F25-F26-F27+'[2]7월'!$F$22/1000 -> 1394.2481 | G28: =+F28-E28 -> 79.423189 | H28: =+('[3]7월'!$F$13+'[3]7월'!$F$20)/1000-H25-H26-H27+'[3]7월'!$F$22/1000 -> 1237.9838 | I28: =+F28-H28 -> 156.26429 | J28: =+[4]손익총괄!J28+E28 -> 10695.615 | K28: =+[4]손익총괄!K28+F28 -> 11771.612 | L28: =+K28-J28 -> 1075.997 | M28: =+[4]손익총괄!M28+H28 -> 9820.2128 | N28: =+K28-M28 -> 1951.3989 | R28: 외판 | S28: =(+'[9]서부산크라샤(당월)'!$N$59+'[9]부산모래장(당월)'!$Q$47+'[9]부산크라샤(당월)'!$N$59)/1000 -> 61.8 | T28: =(+'[9]서부산크라샤(당월)'!$O$59+'[9]부산모래장(당월)'!$R$47+'[9]부산크라샤(당월)'!$O$59)/1000 -> 17.592 | U28: =+T28-S28 -> -44.208 | V28: =+('[10]부산골재(당월)'!$R$47+'[10]서부산골재(당월)'!$O$59+'[10]부산크라샤(당월)'!$O$59)/1000 -> 12.553 | W28: =+T28-V28 -> 5.039
C29: 계 | E29: =SUM(E25:E28) -> 2119.5098 | F29: =SUM(F25:F28) -> 2309.7367 | G29: =+F29-E29 -> 190.22692 | H29: =SUM(H25:H28) -> 1979.1481 | I29: =+F29-H29 -> 330.58863 | J29: =SUM(J25:J28) -> 16617.005 | K29: =SUM(K25:K28) -> 17739.222 | L29: =+K29-J29 -> 1122.2174 | M29: =SUM(M25:M28) -> 15398.07 | N29: =+K29-M29 -> 2341.1527 | Q29: 합 계 | S29: =SUM(S27:S28) -> 121.15976 | T29: =SUM(T27:T28) -> 60.962 | U29: =+T29-S29 -> -60.197765 | V29: =SUM(V27:V28) -> 47.578 | W29: =+T29-V29 -> 13.384
C30: 영업이익 | D30: 레미콘 | E30: =+E20-E25 -> 4706.4199 | F30: =+F20-F25 -> 2724.9975 | G30: =+F30-E30 -> -1981.4224 | H30: =+H20-H25 -> 4106.8087 | I30: =+F30-H30 -> -1381.8111 | J30: =+J20-J25 -> 27753.886 | K30: =+K20-K25 -> 23646.86 | L30: =+K30-J30 -> -4107.0261 | M30: =+M20-M25 -> 34275.946 | N30: =+K30-M30 -> -10629.086 | Q30: □ 기타내역(영업이익)
D31: % | E31: =+E30/E10 -> 0.15617884 | F31: =+F30/F10 -> 0.10424933 | G31: =+F31-E31 -> -0.051929512 | H31: =+H30/H10 -> 0.15410387 | I31: =+F31-H31 -> -0.049854539 | J31: =+J30/J10 -> 0.13813714 | K31: =+K30/K10 -> 0.11458028 | L31: =+K31-J31 -> -0.023556857 | M31: =+M30/M10 -> 0.15801585 | N31: =+K31-M31 -> -0.043435576 | Q31: 구분 | S31: 계획 | T31: 실적 | U31: 계획대비 | V31: 전년 | W31: 전년대비
D32: 건자재 | E32: =+E21-E26 -> 100.29102 | F32: =+F21-F26 -> -39.569616 | G32: =+F32-E32 -> -139.86064 | H32: =+H21-H26 -> 87.789723 | I32: =+F32-H32 -> -127.35934 | J32: =+J21-J26 -> 647.01095 | K32: =+K21-K26 -> 375.55282 | L32: =+K32-J32 -> -271.45813 | M32: =+M21-M26 -> 581.68383 | N32: =+K32-M32 -> -206.13101 | Q32: 레미콘임대 | S32: =+'사업장별(당월)'!T33 -> 72.165959 | T32: =+'사업장별(당월)'!U33 -> 72.53547 | U32: =+T32-S32 -> 0.369511 | V32: =+'사업장별(당월)'!W33 -> 69.372396 | W32: =+T32-V32 -> 3.163074
D33: 골재 | E33: =+E22-E27 -> 202.89453 | F33: =+F22-F27 -> -110.55667 | G33: =+F33-E33 -> -313.4512 | H33: =+H22-H27 -> -20.329555 | I33: =+F33-H33 -> -90.227115 | J33: =+J22-J27 -> 745.3113 | K33: =+K22-K27 -> 609.96158 | L33: =+K33-J33 -> -135.34971 | M33: =+M22-M27 -> 515.50173 | N33: =+K33-M33 -> 94.459853 | Q33: 임대 | S33: =+'사업장별(당월)'!T34 -> 62.030473 | T33: =+'사업장별(당월)'!U34 -> 62.661397 | U33: =+T33-S33 -> 0.63092367 | V33: =+'사업장별(당월)'!W34 -> 57.237392 | W33: =+T33-V33 -> 5.424005
D34: 기타 | E34: =+E23-E28 -> -1215.2663 | F34: =+F23-F28 -> -1254.3743 | G34: =+F34-E34 -> -39.108073 | H34: =+H23-H28 -> -1081.2342 | I34: =+F34-H34 -> -173.14014 | J34: =+J23-J28 -> -8625.8371 | K34: =+K23-K28 -> -10965.541 | L34: =+K34-J34 -> -2339.7042 | M34: =+M23-M28 -> -8853.0003 | N34: =+K34-M34 -> -2112.541 | Q34: 공통비 | S34: =+'사업장별(당월)'!T35 -> -1234.4134 | T34: =+'사업장별(당월)'!U35 -> -1338.4279 | U34: =+T34-S34 -> -104.01447 | V34: =+'사업장별(당월)'!W35 -> -1181.0521 | W34: =+T34-V34 -> -157.37576
C35: 계 | E35: =SUM(E30,E32:E34) -> 3794.3392 | F35: =SUM(F30,F32:F34) -> 1320.4969 | G35: =+F35-E35 -> -2473.8423 | H35: =SUM(H30,H32:H34) -> 3093.0346 | I35: =+F35-H35 -> -1772.5377 | J35: =SUM(J30,J32:J34) -> 20520.371 | K35: =SUM(K30,K32:K34) -> 13666.833 | L35: =+K35-J35 -> -6853.5382 | M35: =SUM(M30,M32:M34) -> 26520.131 | N35: =+K35-M35 -> -12853.299 | Q35: 기타 | S35: =+S36-S32-S33-S34 -> -115.04929 | T35: =+T36-T32-T33-T34 -> -51.143327 | U35: =+T35-S35 -> 63.905965 | V35: =+V36-V32-V33-V34 -> -26.791872 | W35: =+T35-V35 -> -24.351455
D36: % | E36: =+E35/E14 -> 0.092149302 | F36: =+F35/F14 -> 0.033980305 | G36: =+F36-E36 -> -0.058168996 | H36: =+H35/H14 -> 0.086022357 | I36: =+F36-H36 -> -0.052042051 | J36: =+J35/J14 -> 0.074971396 | K36: =+K35/K14 -> 0.048901594 | L36: =+K36-J36 -> -0.026069802 | M36: =+M35/M14 -> 0.090204101 | N36: =+K36-M36 -> -0.041302507 | Q36: 합계 | S36: =+'사업장별(당월)'!T41 -> -1215.2663 | T36: =+'사업장별(당월)'!U41 -> -1254.3743 | U36: =+T36-S36 -> -39.108073 | V36: =+'사업장별(당월)'!W41 -> -1081.2342 | W36: =+T36-V36 -> -173.14014
E38: =+'[1]7월'!$E$26/1000 -> 3794.3392 | F38: =+'[2]7월'!$F$26/1000 -> 1320.4969 | H38: =+'[3]7월'!$F$26/1000 -> 3093.0346 | J38: =+[4]손익총괄!J38+E38 -> 20520.371 | K38: =+[4]손익총괄!K38+F38 -> 13666.833 | M38: =+[4]손익총괄!M38+H38 -> 26520.131
E39: =+E35=E38 -> TRUE | F39: =+F35=F38 -> TRUE | H39: =+H35=H38 -> FALSE | J39: =+J35=J38 -> TRUE | K39: =+K35=K38 -> TRUE | M39: =+M35=M38 -> TRUE
E40: =+E35-E38 -> 0 | F40: =+F35-F38 -> 5.9117156e-12 | H40: =+H35-H38 -> 0 | J40: =+J35-J38 -> 0 | K40: =+K35-K38 -> -4.1836756e-11 | M40: =+M35-M38 -> 0

Sheet 사업장별(당월)
H3: □ 사업장별 손익실적(2024-07)
AG4: [단위 : 천㎥, 톤, 백만원]
H5: 구분 | J5: 물량 | O5: 매출 | T5: 영업이익(공통비 배부전) | Y5: 판매단가 | AB5: 변동비 | AE5: 공헌이익
J6: 계획 | K6: 실적 | L6: 차이 | M6: 전년 | N6: 차이 | O6: 계획 | P6: 실적 | Q6: 차이 | R6: 전년 | S6: 차이 | T6: 계획 | U6: 실적 | V6: 차이 | W6: 전년 | X6: 차이 | Y6: 계획 | Z6: 실적 | AA6: 전년 | AB6: 계획 | AC6: 실적 | AD6: 전년 | AE6: 계획 | AF6: 실적 | AG6: 전년
B7: 안양 | G7: =+I7 -> 안양 | H7: 레미콘 | I7: 안양 | J7: =+IFERROR(HLOOKUP($B7,'[1]7월'!$D$6:$BN$259,2,),)/1000 -> 39 | K7: =+IFERROR(HLOOKUP($B7,'[2]7월'!$F$6:$CP$99,2,),)/1000 -> 30.154 | L7: =+K7-J7 -> -8.846 | M7: =+IFERROR(HLOOKUP($B7,'[3]7월'!$F$6:$CC$57,2,),)/1000 -> 37.196 | N7: =+K7-M7 -> -7.042 | O7: =+IFERROR(HLOOKUP($B7,'[1]7월'!$D$6:$BN$259,3,),)/1000 -> 3945.98 | P7: =+IFERROR(HLOOKUP($B7,'[2]7월'!$F$6:$CP$99,3,),)/1000 -> 3033.8332 | Q7: =+P7-O7 -> -912.14673 | R7: =+IFERROR(HLOOKUP($B7,'[3]7월'!$F$6:$CC$57,3,),)/1000 -> 3521.6706 | S7: =+P7-R7 -> -487.83743 | T7: =+IFERROR(HLOOKUP($B7,'[1]7월'!$D$6:$BN$259,16,),)/1000 -> 584.85549 | U7: =+IFERROR(HLOOKUP($B7,'[2]7월'!$F$6:$CP$99,16,),)/1000 -> 258.59623 | V7: =+U7-T7 -> -326.25926 | W7: =+IFERROR(HLOOKUP($B7,'[3]7월'!$F$6:$CC$57,16,),)/1000 -> 515.2346 | X7: =+U7-W7 -> -256.63837 | Y7: =+[5]안양!$Q$85 -> 101178.97 | Z7: =+[5]안양!$R$85 -> 100611.3 | AA7: =+[6]안양!$Q$85 -> 94593.287 | AB7: =+[5]안양!$Q$89 -> 78552.065 | AC7: =+[5]안양!$R$89 -> 82629.791 | AD7: =+[6]안양!$Q$89 -> 73484.459 | AE7: =+Y7-AB7 -> 22626.908 | AF7: =+Z7-AC7 -> 17981.511 | AG7: =+AA7-AD7 -> 21108.829
B8: 인천 | G8: =+I8 -> 인천 | H8: 직영 | I8: 인천 | J8: =+IFERROR(HLOOKUP($B8,'[1]7월'!$D$6:$BN$259,2,),)/1000 -> 35 | K8: =+IFERROR(HLOOKUP($B8,'[2]7월'!$F$6:$CP$99,2,),)/1000 -> 25.908 | L8: =+K8-J8 -> -9.092 | M8: =+IFERROR(HLOOKUP($B8,'[3]7월'!$F$6:$CC$57,2,),)/1000 -> 36.185 | N8: =+K8-M8 -> -10.277 | O8: =+IFERROR(HLOOKUP($B8,'[1]7월'!$D$6:$BN$259,3,),)/1000 -> 3584.787 | P8: =+IFERROR(HLOOKUP($B8,'[2]7월'!$F$6:$CP$99,3,),)/1000 -> 2597.1843 | Q8: =+P8-O8 -> -987.6027 | R8: =+IFERROR(HLOOKUP($B8,'[3]7월'!$F$6:$CC$57,3,),)/1000 -> 3536.9139 | S8: =+P8-R8 -> -939.72961 | T8: =+IFERROR(HLOOKUP($B8,'[1]7월'!$D$6:$BN$259,16,),)/1000 -> 480.55943 | U8: =+IFERROR(HLOOKUP($B8,'[2]7월'!$F$6:$CP$99,16,),)/1000 -> 199.80018 | V8: =+U8-T8 -> -280.75925 | W8: =+IFERROR(HLOOKUP($B8,'[3]7월'!$F$6:$CC$57,16,),)/1000 -> 552.48013 | X8: =+U8-W8 -> -352.67995 | Y8: =+[5]인천!$Q$85 -> 102422.49 | Z8: =+[5]인천!$R$85 -> 100279.7 | AA8: =+[6]인천!$Q$85 -> 97701.903 | AB8: =+[5]인천!$Q$89 -> 80539.473 | AC8: =+[5]인천!$R$89 -> 81647.893 | AD8: =+[6]인천!$Q$89 -> 74386.721 | AE8: =+Y8-AB8 -> 21883.013 | AF8: =+Z8-AC8 -> 18631.808 | AG8: =+AA8-AD8 -> 23315.182
B9: 파주 | G9: =+I9 -> 파주 | I9: 파주 | J9: =+IFERROR(HLOOKUP($B9,'[1]7월'!$D$6:$BN$259,2,),)/1000 -> 23 | K9: =+IFERROR(HLOOKUP($B9,'[2]7월'!$F$6:$CP$99,2,),)/1000 -> 24.724 | L9: =+K9-J9 -> 1.724 | M9: =+IFERROR(HLOOKUP($B9,'[3]7월'!$F$6:$CC$57,2,),)/1000 -> 29.254 | N9: =+K9-M9 -> -4.53 | O9: =+IFERROR(HLOOKUP($B9,'[1]7월'!$D$6:$BN$259,3,),)/1000 -> 2282.1386 | P9: =+IFERROR(HLOOKUP($B9,'[2]7월'!$F$6:$CP$99,3,),)/1000 -> 2369.8819 | Q9: =+P9-O9 -> 87.74328 | R9: =+IFERROR(HLOOKUP($B9,'[3]7월'!$F$6:$CC$57,3,),)/1000 -> 2764.5207 | S9: =+P9-R9 -> -394.63884 | T9: =+IFERROR(HLOOKUP($B9,'[1]7월'!$D$6:$BN$259,16,),)/1000 -> 327.18299 | U9: =+IFERROR(HLOOKUP($B9,'[2]7월'!$F$6:$CP$99,16,),)/1000 -> 171.334 | V9: =+U9-T9 -> -155.84899 | W9: =+IFERROR(HLOOKUP($B9,'[3]7월'!$F$6:$CC$57,16,),)/1000 -> 447.91543 | X9: =+U9-W9 -> -276.58143 | Y9: =+[5]파주!$Q$85 -> 99223.418 | Z9: =+[5]파주!$R$85 -> 95898.5 | AA9: =+[6]파주!$Q$85 -> 94486.183 | AB9: =+[5]파주!$Q$89 -> 75352.008 | AC9: =+[5]파주!$R$89 -> 79787.149 | AD9: =+[6]파주!$Q$89 -> 72143.806 | AE9: =+Y9-AB9 -> 23871.41 | AF9: =+Z9-AC9 -> 16111.351 | AG9: =+AA9-AD9 -> 22342.377
B10: 김포 | G10: =+I10 -> 김포 | I10: 김포 | J10: =+IFERROR(HLOOKUP($B10,'[1]7월'!$D$6:$BN$259,2,),)/1000 -> 18.5 | K10: =+IFERROR(HLOOKUP($B10,'[2]7월'!$F$6:$CP$99,2,),)/1000 -> 8.562 | L10: =+K10-J10 -> -9.938 | M10: =+IFERROR(HLOOKUP($B10,'[3]7월'!$F$6:$CC$57,2,),)/1000 -> 12.718 | N10: =+K10-M10 -> -4.156 | O10: =+IFERROR(HLOOKUP($B10,'[1]7월'!$D$6:$BN$259,3,),)/1000 -> 1779.5785 | P10: =+IFERROR(HLOOKUP($B10,'[2]7월'!$F$6:$CP$99,3,),)/1000 -> 821.12558 | Q10: =+P10-O10 -> -958.45292 | R10: =+IFERROR(HLOOKUP($B10,'[3]7월'!$F$6:$CC$57,3,),)/1000 -> 1172.4611 | S10: =+P10-R10 -> -351.33553 | T10: =+IFERROR(HLOOKUP($B10,'[1]7월'!$D$6:$BN$259,16,),)/1000 -> 295.41139 | U10: =+IFERROR(HLOOKUP($B10,'[2]7월'!$F$6:$CP$99,16,),)/1000 -> 32.553125 | V10: =+U10-T10 -> -262.85826 | W10: =+IFERROR(HLOOKUP($B10,'[3]7월'!$F$6:$CC$57,16,),)/1000 -> 156.33311 | X10: =+U10-W10 -> -123.77998 | Y10: =+[5]김포!$Q$85 -> 96193.432 | Z10: =+[5]김포!$R$85 -> 95902.436 | AA10: =+[6]김포!$Q$85 -> 92182.424 | AB10: =+[5]김포!$Q$89 -> 71480.095 | AC10: =+[5]김포!$R$89 -> 74436.951 | AD10: =+[6]김포!$Q$89 -> 66553.84 | AE10: =+Y10-AB10 -> 24713.337 | AF10: =+Z10-AC10 -> 21465.485 | AG10: =+AA10-AD10 -> 25628.583
B11: 부산 | G11: =+I11 -> 부산 | I11: 부산 | J11: =+IFERROR(HLOOKUP($B11,'[1]7월'!$D$6:$BN$259,2,),)/1000 -> 22 | K11: =+IFERROR(HLOOKUP($B11,'[2]7월'!$F$6:$CP$99,2,),)/1000 -> 17.425 | L11: =+K11-J11 -> -4.575 | M11: =+IFERROR(HLOOKUP($B11,'[3]7월'!$F$6:$CC$57,2,),)/1000 -> 21.362 | N11: =+K11-M11 -> -3.937 | O11: =+IFERROR(HLOOKUP($B11,'[1]7월'!$D$6:$BN$259,3,),)/1000 -> 2367.1891 | P11: =+IFERROR(HLOOKUP($B11,'[2]7월'!$F$6:$CP$99,3,),)/1000 -> 1927.916 | Q11: =+P11-O11 -> -439.27306 | R11: =+IFERROR(HLOOKUP($B11,'[3]7월'!$F$6:$CC$57,3,),)/1000 -> 2269.5354 | S11: =+P11-R11 -> -341.6194 | T11: =+IFERROR(HLOOKUP($B11,'[1]7월'!$D$6:$BN$259,16,),)/1000 -> 395.44491 | U11: =+IFERROR(HLOOKUP($B11,'[2]7월'!$F$6:$CP$99,16,),)/1000 -> 190.61798 | V11: =+U11-T11 -> -204.82693 | W11: =+IFERROR(HLOOKUP($B11,'[3]7월'!$F$6:$CC$57,16,),)/1000 -> 422.11123 | X11: =+U11-W11 -> -231.49325 | Y11: =+[5]부산!$Q$85 -> 107599.5 | Z11: =+[5]부산!$R$85 -> 110640.8 | AA11: =+[6]부산!$Q$85 -> 106241.71 | AB11: =+[5]부산!$Q$89 -> 77709.296 | AC11: =+[5]부산!$R$89 -> 84480.701 | AD11: =+[6]부산!$Q$89 -> 74764.119 | AE11: =+Y11-AB11 -> 29890.207 | AF11: =+Z11-AC11 -> 26160.103 | AG11: =+AA11-AD11 -> 31477.591
B12: 서부산 | G12: =+I12 -> 서부산 | I12: 서부산 | J12: =+IFERROR(HLOOKUP($B12,'[1]7월'!$D$6:$BN$259,2,),)/1000 -> 26 | K12: =+IFERROR(HLOOKUP($B12,'[2]7월'!$F$6:$CP$99,2,),)/1000 -> 20.05 | L12: =+K12-J12 -> -5.95 | M12: =+IFERROR(HLOOKUP($B12,'[3]7월'!$F$6:$CC$57,2,),)/1000 -> 15.915 | N12: =+K12-M12 -> 4.135 | O12: =+IFERROR(HLOOKUP($B12,'[1]7월'!$D$6:$BN$259,3,),)/1000 -> 2701.4844 | P12: =+IFERROR(HLOOKUP($B12,'[2]7월'!$F$6:$CP$99,3,),)/1000 -> 2059.0346 | Q12: =+P12-O12 -> -642.4498 | R12: =+IFERROR(HLOOKUP($B12,'[3]7월'!$F$6:$CC$57,3,),)/1000 -> 1700.0394 | S12: =+P12-R12 -> 358.9952 | T12: =+IFERROR(HLOOKUP($B12,'[1]7월'!$D$6:$BN$259,16,),)/1000 -> 483.47274 | U12: =+IFERROR(HLOOKUP($B12,'[2]7월'!$F$6:$CP$99,16,),)/1000 -> 225.63006 | V12: =+U12-T12 -> -257.84268 | W12: =+IFERROR(HLOOKUP($B12,'[3]7월'!$F$6:$CC$57,16,),)/1000 -> 297.16164 | X12: =+U12-W12 -> -71.531576 | Y12: =+[5]서부산!$Q$85 -> 103903.25 | Z12: =+[5]서부산!$R$85 -> 102695.88 | AA12: =+[6]서부산!$Q$85 -> 106819.94 | AB12: =+[5]서부산!$Q$89 -> 76198.703 | AC12: =+[5]서부산!$R$89 -> 79119.203 | AD12: =+[6]서부산!$Q$89 -> 75936.262 | AE12: =+Y12-AB12 -> 27704.543 | AF12: =+Z12-AC12 -> 23576.674 | AG12: =+AA12-AD12 -> 30883.681
B13: 김해 | G13: =+I13 -> 김해 | I13: 김해 | J13: =+IFERROR(HLOOKUP($B13,'[1]7월'!$D$6:$BN$259,2,),)/1000 -> 11 | K13: =+IFERROR(HLOOKUP($B13,'[2]7월'!$F$6:$CP$99,2,),)/1000 -> 11.781 | L13: =+K13-J13 -> 0.781 | M13: =+IFERROR(HLOOKUP($B13,'[3]7월'!$F$6:$CC$57,2,),)/1000 -> 9.562 | N13: =+K13-M13 -> 2.219 | O13: =+IFERROR(HLOOKUP($B13,'[1]7월'!$D$6:$BN$259,3,),)/1000 -> 1111.0022 | P13: =+IFERROR(HLOOKUP($B13,'[2]7월'!$F$6:$CP$99,3,),)/1000 -> 1132.0667 | Q13: =+P13-O13 -> 21.0645 | R13: =+IFERROR(HLOOKUP($B13,'[3]7월'!$F$6:$CC$57,3,),)/1000 -> 951.4845 | S13: =+P13-R13 -> 180.5822 | T13: =+IFERROR(HLOOKUP($B13,'[1]7월'!$D$6:$BN$259,16,),)/1000 -> 134.25265 | U13: =+IFERROR(HLOOKUP($B13,'[2]7월'!$F$6:$CP$99,16,),)/1000 -> 38.555588 | V13: =+U13-T13 -> -95.697063 | W13: =+IFERROR(HLOOKUP($B13,'[3]7월'!$F$6:$CC$57,16,),)/1000 -> 99.327666 | X13: =+U13-W13 -> -60.772078 | Y13: =+[5]김해!$Q$85 -> 101000.2 | Z13: =+[5]김해!$R$85 -> 96092.581 | AA13: =+[6]김해!$Q$85 -> 99506.85 | AB13: =+[5]김해!$Q$89 -> 76177.61 | AC13: =+[5]김해!$R$89 -> 80907.956 | AD13: =+[6]김해!$Q$89 -> 75075.389 | AE13: =+Y13-AB13 -> 24822.59 | AF13: =+Z13-AC13 -> 15184.626 | AG13: =+AA13-AD13 -> 24431.461
B14: 정관 | G14: =+I14 -> 정관 | I14: 정관 | J14: =+IFERROR(HLOOKUP($B14,'[1]7월'!$D$6:$BN$259,2,),)/1000 -> 17 | K14: =+IFERROR(HLOOKUP($B14,'[2]7월'!$F$6:$CP$99,2,),)/1000 -> 17.288 | L14: =+K14-J14 -> 0.288 | M14: =+IFERROR(HLOOKUP($B14,'[3]7월'!$F$6:$CC$57,2,),)/1000 -> 15.233 | N14: =+K14-M14 -> 2.055 | O14: =+IFERROR(HLOOKUP($B14,'[1]7월'!$D$6:$BN$259,3,),)/1000 -> 1768 | P14: =+IFERROR(HLOOKUP($B14,'[2]7월'!$F$6:$CP$99,3,),)/1000 -> 1737.7844 | Q14: =+P14-O14 -> -30.2156 | R14: =+IFERROR(HLOOKUP($B14,'[3]7월'!$F$6:$CC$57,3,),)/1000 -> 1610.0879 | S14: =+P14-R14 -> 127.6965 | T14: =+IFERROR(HLOOKUP($B14,'[1]7월'!$D$6:$BN$259,16,),)/1000 -> 251.83451 | U14: =+IFERROR(HLOOKUP($B14,'[2]7월'!$F$6:$CP$99,16,),)/1000 -> 137.84952 | V14: =+U14-T14 -> -113.98499 | W14: =+IFERROR(HLOOKUP($B14,'[3]7월'!$F$6:$CC$57,16,),)/1000 -> 253.60877 | X14: =+U14-W14 -> -115.75926 | Y14: =+[5]정관!$Q$85 -> 104000 | Z14: =+[5]정관!$R$85 -> 100519.69 | AA14: =+[6]정관!$Q$85 -> 105697.36 | AB14: =+[5]정관!$Q$89 -> 77887.509 | AC14: =+[5]정관!$R$89 -> 81910.423 | AD14: =+[6]정관!$Q$89 -> 77276.297 | AE14: =+Y14-AB14 -> 26112.491 | AF14: =+Z14-AC14 -> 18609.267 | AG14: =+AA14-AD14 -> 28421.064
B15: 양산 | G15: =+I15 -> 양산 | I15: 양산 | J15: =+IFERROR(HLOOKUP($B15,'[1]7월'!$D$6:$BN$259,2,),)/1000 -> 9 | K15: =+IFERROR(HLOOKUP($B15,'[2]7월'!$F$6:$CP$99,2,),)/1000 -> 11.07 | L15: =+K15-J15 -> 2.07 | M15: =+IFERROR(HLOOKUP($B15,'[3]7월'!$F$6:$CC$57,2,),)/1000 -> 10.519 | N15: =+K15-M15 -> 0.551 | O15: =+IFERROR(HLOOKUP($B15,'[1]7월'!$D$6:$BN$259,3,),)/1000 -> 873.30597 | P15: =+IFERROR(HLOOKUP($B15,'[2]7월'!$F$6:$CP$99,3,),)/1000 -> 1022.5878 | Q15: =+P15-O15 -> 149.2818 | R15: =+IFERROR(HLOOKUP($B15,'[3]7월'!$F$6:$CC$57,3,),)/1000 -> 1013.719 | S15: =+P15-R15 -> 8.868773 | T15: =+IFERROR(HLOOKUP($B15,'[1]7월'!$D$6:$BN$259,16,),)/1000 -> 121.0902 | U15: =+IFERROR(HLOOKUP($B15,'[2]7월'!$F$6:$CP$99,16,),)/1000 -> 49.592748 | V15: =+U15-T15 -> -71.497453 | W15: =+IFERROR(HLOOKUP($B15,'[3]7월'!$F$6:$CC$57,16,),)/1000 -> 127.00296 | X15: =+U15-W15 -> -77.410213 | Y15: =+[5]양산!$Q$85 -> 97033.997 | Z15: =+[5]양산!$R$85 -> 92374.686 | AA15: =+[6]양산!$Q$85 -> 96370.282 | AB15: =+[5]양산!$Q$89 -> 68584.622 | AC15: =+[5]양산!$R$89 -> 75762.253 | AD15: =+[6]양산!$Q$89 -> 69998.176 | AE15: =+Y15-AB15 -> 28449.374 | AF15: =+Z15-AC15 -> 16612.433 | AG15: =+AA15-AD15 -> 26372.107
B16: 창원 | G16: =+I16 -> 창원 | I16: 창원 | J16: =+IFERROR(HLOOKUP($B16,'[1]7월'!$D$6:$BN$259,2,),)/1000 -> 16 | K16: =+IFERROR(HLOOKUP($B16,'[2]7월'!$F$6:$CP$99,2,),)/1000 -> 13.4055 | L16: =+K16-J16 -> -2.5945 | M16: =+IFERROR(HLOOKUP($B16,'[3]7월'!$F$6:$CC$57,2,),)/1000 -> 16.909 | N16: =+K16-M16 -> -3.5035 | O16: =+IFERROR(HLOOKUP($B16,'[1]7월'!$D$6:$BN$259,3,),)/1000 -> 1627.229 | P16: =+IFERROR(HLOOKUP($B16,'[2]7월'!$F$6:$CP$99,3,),)/1000 -> 1358.995 | Q16: =+P16-O16 -> -268.23395 | R16: =+IFERROR(HLOOKUP($B16,'[3]7월'!$F$6:$CC$57,3,),)/1000 -> 1624.3682 | S16: =+P16-R16 -> -265.37315 | T16: =+IFERROR(HLOOKUP($B16,'[1]7월'!$D$6:$BN$259,16,),)/1000 -> 282.65073 | U16: =+IFERROR(HLOOKUP($B16,'[2]7월'!$F$6:$CP$99,16,),)/1000 -> 173.4925 | V16: =+U16-T16 -> -109.15823 | W16: =+IFERROR(HLOOKUP($B16,'[3]7월'!$F$6:$CC$57,16,),)/1000 -> 301.92364 | X16: =+U16-W16 -> -128.43114 | Y16: =+[5]창원!$Q$85 -> 101701.81 | Z16: =+[5]창원!$R$85 -> 101375.93 | AA16: =+[6]창원!$Q$85 -> 96065.303 | AB16: =+[5]창원!$Q$89 -> 72423.237 | AC16: =+[5]창원!$R$89 -> 74138.455 | AD16: =+[6]창원!$Q$89 -> 67976.162 | AE16: =+Y16-AB16 -> 29278.575 | AF16: =+Z16-AC16 -> 27237.476 | AG16: =+AA16-AD16 -> 28089.141
B17: 대구 | G17: =+I17 -> 대구 | I17: 대구 | J17: =+IFERROR(HLOOKUP($B17,'[1]7월'!$D$6:$BN$259,2,),)/1000 -> 16 | K17: =+IFERROR(HLOOKUP($B17,'[2]7월'!$F$6:$CP$99,2,),)/1000 -> 12.691 | L17: =+K17-J17 -> -3.309 | M17: =+IFERROR(HLOOKUP($B17,'[3]7월'!$F$6:$CC$57,2,),)/1000 -> 16.467 | N17: =+K17-M17 -> -3.776 | O17: =+IFERROR(HLOOKUP($B17,'[1]7월'!$D$6:$BN$259,3,),)/1000 -> 1564.16 | P17: =+IFERROR(HLOOKUP($B17,'[2]7월'!$F$6:$CP$99,3,),)/1000 -> 1308.7025 | Q17: =+P17-O17 -> -255.45746 | R17: =+IFERROR(HLOOKUP($B17,'[3]7월'!$F$6:$CC$57,3,),)/1000 -> 1583.2716 | S17: =+P17-R17 -> -274.56906 | T17: =+IFERROR(HLOOKUP($B17,'[1]7월'!$D$6:$BN$259,16,),)/1000 -> 299.58492 | U17: =+IFERROR(HLOOKUP($B17,'[2]7월'!$F$6:$CP$99,16,),)/1000 -> 175.5937 | V17: =+U17-T17 -> -123.99122 | W17: =+IFERROR(HLOOKUP($B17,'[3]7월'!$F$6:$CC$57,16,),)/1000 -> 303.6879 | X17: =+U17-W17 -> -128.0942 | Y17: =+[5]대구!$Q$85 -> 97760 | Z17: =+[5]대구!$R$85 -> 103120.52 | AA17: =+[6]대구!$Q$85 -> 96148.151 | AB17: =+[5]대구!$Q$89 -> 68963.293 | AC17: =+[5]대구!$R$89 -> 75635.831 | AD17: =+[6]대구!$Q$89 -> 68492.831 | AE17: =+Y17-AB17 -> 28796.707 | AF17: =+Z17-AC17 -> 27484.69 | AG17: =+AA17-AD17 -> 27655.32
B18: 울산 | G18: =+I18 -> 울산 | I18: 울산 | J18: =+IFERROR(HLOOKUP($B18,'[1]7월'!$D$6:$BN$259,2,),)/1000 -> 10 | K18: =+IFERROR(HLOOKUP($B18,'[2]7월'!$F$6:$CP$99,2,),)/1000 -> 15.0455 | L18: =+K18-J18 -> 5.0455 | M18: =+IFERROR(HLOOKUP($B18,'[3]7월'!$F$6:$CC$57,2,),)/1000 -> 5.9635 | N18: =+K18-M18 -> 9.082 | O18: =+IFERROR(HLOOKUP($B18,'[1]7월'!$D$6:$BN$259,3,),)/1000 -> 1012.5851 | P18: =+IFERROR(HLOOKUP($B18,'[2]7월'!$F$6:$CP$99,3,),)/1000 -> 1592.9121 | Q18: =+P18-O18 -> 580.32696 | R18: =+IFERROR(HLOOKUP($B18,'[3]7월'!$F$6:$CC$57,3,),)/1000 -> 569.4604 | S18: =+P18-R18 -> 1023.4517 | T18: =+IFERROR(HLOOKUP($B18,'[1]7월'!$D$6:$BN$259,16,),)/1000 -> 99.238541 | U18: =+IFERROR(HLOOKUP($B18,'[2]7월'!$F$6:$CP$99,16,),)/1000 -> 240.50593 | V18: =+U18-T18 -> 141.26739 | W18: =+IFERROR(HLOOKUP($B18,'[3]7월'!$F$6:$CC$57,16,),)/1000 -> -0.837243 | X18: =+U18-W18 -> 241.34318 | Y18: =+[5]울산!$Q$85 -> 101258.51 | Z18: =+[5]울산!$R$85 -> 105872.99 | AA18: =+[6]울산!$Q$85 -> 95552.436 | AB18: =+[5]울산!$Q$89 -> 78071.462 | AC18: =+[5]울산!$R$89 -> 81253.354 | AD18: =+[6]울산!$Q$89 -> 75027.19 | AE18: =+Y18-AB18 -> 23187.052 | AF18: =+Z18-AC18 -> 24619.638 | AG18: =+AA18-AD18 -> 20525.247
B19: 아산 | G19: =+I19 -> 아산 | I19: 아산 | J19: =+IFERROR(HLOOKUP($B19,'[1]7월'!$D$6:$BN$259,2,),)/1000 -> 24 | K19: =+IFERROR(HLOOKUP($B19,'[2]7월'!$F$6:$CP$99,2,),)/1000 -> 24.195 | L19: =+K19-J19 -> 0.195 | M19: =+IFERROR(HLOOKUP($B19,'[3]7월'!$F$6:$CC$57,2,),)/1000 -> 20.317 | N19: =+K19-M19 -> 3.878 | O19: =+IFERROR(HLOOKUP($B19,'[1]7월'!$D$6:$BN$259,3,),)/1000 -> 2424.0036 | P19: =+IFERROR(HLOOKUP($B19,'[2]7월'!$F$6:$CP$99,3,),)/1000 -> 2473.766 | Q19: =+P19-O19 -> 49.762419 | R19: =+IFERROR(HLOOKUP($B19,'[3]7월'!$F$6:$CC$57,3,),)/1000 -> 2001.38 | S19: =+P19-R19 -> 472.38603 | T19: =+IFERROR(HLOOKUP($B19,'[1]7월'!$D$6:$BN$259,16,),)/1000 -> 373.79144 | U19: =+IFERROR(HLOOKUP($B19,'[2]7월'!$F$6:$CP$99,16,),)/1000 -> 395.11046 | V19: =+U19-T19 -> 21.319019 | W19: =+IFERROR(HLOOKUP($B19,'[3]7월'!$F$6:$CC$57,16,),)/1000 -> 231.05759 | X19: =+U19-W19 -> 164.05287 | Y19: =+[5]아산!$Q$85 -> 101000.15 | Z19: =+[5]아산!$R$85 -> 102242.86 | AA19: =+[6]아산!$Q$85 -> 98479.177 | AB19: =+[5]아산!$Q$89 -> 76608.278 | AC19: =+[5]아산!$R$89 -> 75710.543 | AD19: =+[6]아산!$Q$89 -> 76785.69 | AE19: =+Y19-AB19 -> 24391.872 | AF19: =+Z19-AC19 -> 26532.318 | AG19: =+AA19-AD19 -> 21693.487
B20: 전주 | G20: =+I20 -> 전주 | I20: 전주 | J20: =+IFERROR(HLOOKUP($B20,'[1]7월'!$D$6:$BN$259,2,),)/1000 -> 10 | K20: =+IFERROR(HLOOKUP($B20,'[2]7월'!$F$6:$CP$99,2,),)/1000 -> 8.0735 | L20: =+K20-J20 -> -1.9265 | M20: =+IFERROR(HLOOKUP($B20,'[3]7월'!$F$6:$CC$57,2,),)/1000 -> 6.746 | N20: =+K20-M20 -> 1.3275 | O20: =+IFERROR(HLOOKUP($B20,'[1]7월'!$D$6:$BN$259,3,),)/1000 -> 1030.0691 | P20: =+IFERROR(HLOOKUP($B20,'[2]7월'!$F$6:$CP$99,3,),)/1000 -> 767.062 | Q20: =+P20-O20 -> -263.00714 | R20: =+IFERROR(HLOOKUP($B20,'[3]7월'!$F$6:$CC$57,3,),)/1000 -> 742.7914 | S20: =+P20-R20 -> 24.270604 | T20: =+IFERROR(HLOOKUP($B20,'[1]7월'!$D$6:$BN$259,16,),)/1000 -> 166.47873 | U20: =+IFERROR(HLOOKUP($B20,'[2]7월'!$F$6:$CP$99,16,),)/1000 -> 44.821658 | V20: =+U20-T20 -> -121.65708 | W20: =+IFERROR(HLOOKUP($B20,'[3]7월'!$F$6:$CC$57,16,),)/1000 -> 111.56789 | X20: =+U20-W20 -> -66.746236 | Y20: =+[5]전주!$Q$85 -> 103006.91 | Z20: =+[5]전주!$R$85 -> 95009.847 | AA20: =+[6]전주!$Q$85 -> 110108.42 | AB20: =+[5]전주!$Q$89 -> 72610.173 | AC20: =+[5]전주!$R$89 -> 71872.966 | AD20: =+[6]전주!$Q$89 -> 73699.285 | AE20: =+Y20-AB20 -> 30396.741 | AF20: =+Z20-AC20 -> 23136.881 | AG20: =+AA20-AD20 -> 36409.135
B21: 군산 | G21: =+I21 -> 군산 | I21: 군산 | J21: =+IFERROR(HLOOKUP($B21,'[1]7월'!$D$6:$BN$259,2,),)/1000 -> 7 | K21: =+IFERROR(HLOOKUP($B21,'[2]7월'!$F$6:$CP$99,2,),)/1000 -> 7.211 | L21: =+K21-J21 -> 0.211 | M21: =+IFERROR(HLOOKUP($B21,'[3]7월'!$F$6:$CC$57,2,),)/1000 -> 5.1385 | N21: =+K21-M21 -> 2.0725 | O21: =+IFERROR(HLOOKUP($B21,'[1]7월'!$D$6:$BN$259,3,),)/1000 -> 762.99903 | P21: =+IFERROR(HLOOKUP($B21,'[2]7월'!$F$6:$CP$99,3,),)/1000 -> 865.03425 | Q21: =+P21-O21 -> 102.03522 | R21: =+IFERROR(HLOOKUP($B21,'[3]7월'!$F$6:$CC$57,3,),)/1000 -> 532.01538 | S21: =+P21-R21 -> 333.01887 | T21: =+IFERROR(HLOOKUP($B21,'[1]7월'!$D$6:$BN$259,16,),)/1000 -> 198.85369 | U21: =+IFERROR(HLOOKUP($B21,'[2]7월'!$F$6:$CP$99,16,),)/1000 -> 241.03226 | V21: =+U21-T21 -> 42.178571 | W21: =+IFERROR(HLOOKUP($B21,'[3]7월'!$F$6:$CC$57,16,),)/1000 -> 114.06306 | X21: =+U21-W21 -> 126.9692 | Y21: =+[5]군산!$Q$85 -> 108999.86 | Z21: =+[5]군산!$R$85 -> 119960.37 | AA21: =+[6]군산!$Q$85 -> 103400.06 | AB21: =+[5]군산!$Q$89 -> 69711.657 | AC21: =+[5]군산!$R$89 -> 75163.432 | AD21: =+[6]군산!$Q$89 -> 66178.643 | AE21: =+Y21-AB21 -> 39288.205 | AF21: =+Z21-AC21 -> 44796.941 | AG21: =+AA21-AD21 -> 37221.412
B22: 원주 | G22: =+I22 -> 원주 | I22: 원주 | J22: =+IFERROR(HLOOKUP($B22,'[1]7월'!$D$6:$BN$259,2,),)/1000 -> 5 | K22: =+IFERROR(HLOOKUP($B22,'[2]7월'!$F$6:$CP$99,2,),)/1000 -> 5.1725 | L22: =+K22-J22 -> 0.1725 | M22: =+IFERROR(HLOOKUP($B22,'[3]7월'!$F$6:$CC$57,2,),)/1000 -> 4.1045 | N22: =+K22-M22 -> 1.068 | O22: =+IFERROR(HLOOKUP($B22,'[1]7월'!$D$6:$BN$259,3,),)/1000 -> 539.5 | P22: =+IFERROR(HLOOKUP($B22,'[2]7월'!$F$6:$CP$99,3,),)/1000 -> 592.47664 | Q22: =+P22-O22 -> 52.976645 | R22: =+IFERROR(HLOOKUP($B22,'[3]7월'!$F$6:$CC$57,3,),)/1000 -> 421.2392 | S22: =+P22-R22 -> 171.23744 | T22: =+IFERROR(HLOOKUP($B22,'[1]7월'!$D$6:$BN$259,16,),)/1000 -> 88.943823 | U22: =+IFERROR(HLOOKUP($B22,'[2]7월'!$F$6:$CP$99,16,),)/1000 -> 120.92349 | V22: =+U22-T22 -> 31.979663 | W22: =+IFERROR(HLOOKUP($B22,'[3]7월'!$F$6:$CC$57,16,),)/1000 -> 76.169915 | X22: =+U22-W22 -> 44.753571 | Y22: =+[5]원주!$Q$85 -> 107900 | Z22: =+[5]원주!$R$85 -> 114543.58 | AA22: =+[6]원주!$Q$85 -> 102654.59 | AB22: =+[5]원주!$Q$89 -> 72909.893 | AC22: =+[5]원주!$R$89 -> 75019.456 | AD22: =+[6]원주!$Q$89 -> 66452.561 | AE22: =+Y22-AB22 -> 34990.107 | AF22: =+Z22-AC22 -> 39524.12 | AG22: =+AA22-AD22 -> 36202.025
B23: 제주 | G23: =+I23 -> 제주 | I23: 제주 | J23: =+IFERROR(HLOOKUP($B23,'[1]7월'!$D$6:$BN$259,2,),)/1000 -> 6 | K23: =+IFERROR(HLOOKUP($B23,'[2]7월'!$F$6:$CP$99,2,),)/1000 -> 3.9015 | L23: =+K23-J23 -> -2.0985 | M23: =+IFERROR(HLOOKUP($B23,'[3]7월'!$F$6:$CC$57,2,),)/1000 -> 5.1695 | N23: =+K23-M23 -> -1.268 | O23: =+IFERROR(HLOOKUP($B23,'[1]7월'!$D$6:$BN$259,3,),)/1000 -> 760.8 | P23: =+IFERROR(HLOOKUP($B23,'[2]7월'!$F$6:$CP$99,3,),)/1000 -> 478.87041 | Q23: =+P23-O23 -> -281.92959 | R23: =+IFERROR(HLOOKUP($B23,'[3]7월'!$F$6:$CC$57,3,),)/1000 -> 634.65588 | S23: =+P23-R23 -> -155.78547 | T23: =+IFERROR(HLOOKUP($B23,'[1]7월'!$D$6:$BN$259,16,),)/1000 -> 122.77373 | U23: =+IFERROR(HLOOKUP($B23,'[2]7월'!$F$6:$CP$99,16,),)/1000 -> 28.988095 | V23: =+U23-T23 -> -93.785634 | W23: =+IFERROR(HLOOKUP($B23,'[3]7월'!$F$6:$CC$57,16,),)/1000 -> 98.000358 | X23: =+U23-W23 -> -69.012263 | Y23: =+[5]제주!$Q$85 -> 126800 | Z23: =+[5]제주!$R$85 -> 122740.08 | AA23: =+[6]제주!$Q$85 -> 122769.3 | AB23: =+[5]제주!$Q$89 -> 91078.011 | AC23: =+[5]제주!$R$89 -> 92008.574 | AD23: =+[6]제주!$Q$89 -> 87515.062 | AE23: =+Y23-AB23 -> 35721.989 | AF23: =+Z23-AC23 -> 30731.502 | AG23: =+AA23-AD23 -> 35254.235
G24: =+I24 -> 수도권 | I24: 수도권 | J24: =SUM(J7:J10) -> 115.5 | K24: =SUM(K7:K10) -> 89.348 | L24: =+K24-J24 -> -26.152 | M24: =SUM(M7:M10) -> 115.353 | N24: =+K24-M24 -> -26.005 | O24: =SUM(O7:O10) -> 11592.484 | P24: =SUM(P7:P10) -> 8822.025 | Q24: =+P24-O24 -> -2770.4591 | R24: =SUM(R7:R10) -> 10995.566 | S24: =+P24-R24 -> -2173.5414 | T24: =SUM(T7:T10) -> 1688.0093 | U24: =SUM(U7:U10) -> 662.28354 | V24: =+U24-T24 -> -1025.7258 | W24: =SUM(W7:W10) -> 1671.9633 | X24: =+U24-W24 -> -1009.6797 | Y24: =+[5]수도권!$Q$85 -> 100367.83 | Z24: =+[5]수도권!$R$85 -> 98771.936 | AA24: =+[6]수도권!$Q$85 -> 95276.16 | AB24: =+[5]수도권!$Q$89 -> 77384.329 | AC24: =+[5]수도권!$R$89 -> 80778.956 | AD24: =+[6]수도권!$Q$89 -> 72664.041 | AE24: =+Y24-AB24 -> 22983.498 | AF24: =+Z24-AC24 -> 17992.981 | AG24: =+AA24-AD24 -> 22612.12
G25: =+I25 -> 영남권 | I25: 영남권 | J25: =SUM(J11:J18) -> 127 | K25: =SUM(K11:K18) -> 118.756 | L25: =+K25-J25 -> -8.244 | M25: =SUM(M11:M18) -> 111.9305 | N25: =+K25-M25 -> 6.8255 | O25: =SUM(O11:O18) -> 13024.956 | P25: =SUM(P11:P18) -> 12139.999 | Q25: =+P25-O25 -> -884.9566 | R25: =SUM(R11:R18) -> 11321.966 | S25: =+P25-R25 -> 818.03276 | T25: =SUM(T11:T18) -> 2067.5692 | U25: =SUM(U11:U18) -> 1231.838 | V25: =+U25-T25 -> -835.73119 | W25: =SUM(W11:W18) -> 1803.9866 | X25: =+U25-W25 -> -572.14855 | Y25: =+[5]영남권!$Q$85 -> 102558.71 | Z25: =+[5]영남권!$R$85 -> 102226.32 | AA25: =+[6]영남권!$Q$85 -> 101161.29 | AB25: =+[5]영남권!$Q$89 -> 74905.298 | AC25: =+[5]영남권!$R$89 -> 79508.547 | AD25: =+[6]영남권!$Q$89 -> 72915.572 | AE25: =+Y25-AB25 -> 27653.409 | AF25: =+Z25-AC25 -> 22717.772 | AG25: =+AA25-AD25 -> 28245.721
G26: =+I26 -> 중부권 | I26: 중부권 | J26: =SUM(J19:J23) -> 52 | K26: =SUM(K19:K23) -> 48.5535 | L26: =+K26-J26 -> -3.4465 | M26: =SUM(M19:M23) -> 41.4755 | N26: =+K26-M26 -> 7.078 | O26: =SUM(O19:O23) -> 5517.3718 | P26: =SUM(P19:P23) -> 5177.2093 | Q26: =+P26-O26 -> -340.16245 | R26: =SUM(R19:R23) -> 4332.0819 | S26: =+P26-R26 -> 845.12747 | T26: =SUM(T19:T23) -> 950.84142 | U26: =SUM(U19:U23) -> 830.87596 | V26: =+U26-T26 -> -119.96546 | W26: =SUM(W19:W23) -> 630.85882 | X26: =+U26-W26 -> 200.01714 | Y26: =+[5]중부권!$Q$85 -> 106103.3 | Z26: =+[5]중부권!$R$85 -> 106628.96 | AA26: =+[6]중부권!$Q$85 -> 104529.84 | AB26: =+[5]중부권!$Q$89 -> 76224.991 | AC26: =+[5]중부권!$R$89 -> 76226.154 | AD26: =+[6]중부권!$Q$89 -> 75291.446 | AE26: =+Y26-AB26 -> 29878.312 | AF26: =+Z26-AC26 -> 30402.808 | AG26: =+AA26-AD26 -> 29238.395
G27: =+K27/J27 -> 0.87150255 | H27: 레미콘 계 | J27: =SUM(J24:J26) -> 294.5 | K27: =SUM(K24:K26) -> 256.6575 | L27: =+K27-J27 -> -37.8425 | M27: =SUM(M24:M26) -> 268.759 | N27: =+K27-M27 -> -12.1015 | O27: =SUM(O24:O26) -> 30134.812 | P27: =SUM(P24:P26) -> 26139.233 | Q27: =+P27-O27 -> -3995.5781 | R27: =SUM(R24:R26) -> 26649.615 | S27: =+P27-R27 -> -510.38118 | T27: =SUM(T24:T26) -> 4706.4199 | U27: =SUM(U24:U26) -> 2724.9975 | V27: =+U27-T27 -> -1981.4224 | W27: =SUM(W24:W26) -> 4106.8087 | X27: =+U27-W27 -> -1381.8111 | Y27: =+[5]합계!$Q$85 -> 102325.34 | Z27: =+[5]합계!$R$85 -> 101862.36 | AA27: =+[6]합계!$Q$85 -> 99152.129 | AB27: =+[5]합계!$Q$89 -> 76110.569 | AC27: =+[5]합계!$R$89 -> 79327.273 | AD27: =+[6]합계!$Q$89 -> 73170.193 | AE27: =+Y27-AB27 -> 26214.768 | AF27: =+Z27-AC27 -> 22535.083 | AG27: =+AA27-AD27 -> 25981.936
B28: 건자재 | E28: 건자재영업 | G28: 건자재 | H28: 건자재 | J28: =+IFERROR(HLOOKUP($B28,'[1]7월'!$D$6:$BN$259,2,),) -> 7100 | K28: =+IFERROR(HLOOKUP($E28,'[2]7월'!$F$6:$CP$99,2,),) -> 12986.91 | L28: =+K28-J28 -> 5886.91 | M28: =+IFERROR(HLOOKUP($E28,'[3]7월'!$F$6:$CC$57,2,),) -> 6748.173 | N28: =+K28-M28 -> 6238.737 | O28: =+IFERROR(HLOOKUP($B28,'[1]7월'!$D$6:$BN$259,3,),)/1000 -> 8684.4905 | P28: =+IFERROR(HLOOKUP($E28,'[2]7월'!$F$6:$CP$99,3,),)/1000 -> 11314.649 | Q28: =+P28-O28 -> 2630.1581 | R28: =+IFERROR(HLOOKUP($E28,'[3]7월'!$F$6:$CC$57,3,),)/1000 -> 8183.4776 | S28: =+P28-R28 -> 3131.171 | T28: =+IFERROR(HLOOKUP($B28,'[1]7월'!$D$6:$BN$259,16,),)/1000 -> 100.29102 | U28: =+IFERROR(HLOOKUP($E28,'[2]7월'!$F$6:$CP$99,16,),)/1000 -> -39.569616 | V28: =+U28-T28 -> -139.86064 | W28: =+IFERROR(HLOOKUP($E28,'[3]7월'!$F$6:$CC$57,16,),)/1000 -> 87.789723 | X28: =+U28-W28 -> -127.35934 | Y28: ■ 비고
B29: 부산모래장 | C29: 부산골재 | G29: =+I29 -> 부산모래장 | H29: 골재 | I29: 부산모래장 | J29: =+IFERROR(HLOOKUP($B29,'[1]7월'!$D$6:$BN$259,2,),)/1000 -> 27.749091 | K29: =+IFERROR(HLOOKUP($C29,'[2]7월'!$F$6:$CP$99,2,),)/1000 -> 14.977 | L29: =+K29-J29 -> -12.772091 | M29: =+IFERROR(HLOOKUP($C29,'[3]7월'!$F$6:$CC$57,2,),)/1000 -> 20.186 | N29: =+K29-M29 -> -5.209 | O29: =+IFERROR(HLOOKUP($B29,'[1]7월'!$D$6:$BN$259,3,),)/1000 -> 789.50554 | P29: =+IFERROR(HLOOKUP($C29,'[2]7월'!$F$6:$CP$99,3,),)/1000 -> 424.8905 | Q29: =+P29-O29 -> -364.61504 | R29: =+IFERROR(HLOOKUP($C29,'[3]7월'!$F$6:$CC$57,3,),)/1000 -> 581.9085 | S29: =+P29-R29 -> -157.018 | T29: =+IFERROR(HLOOKUP($B29,'[1]7월'!$D$6:$BN$259,21,),)/1000 -> 50.103139 | U29: =+IFERROR(HLOOKUP($C29,'[2]7월'!$F$6:$CP$99,21,),)/1000 -> 64.377342 | V29: =+U29-T29 -> 14.274203 | W29: =+IFERROR(HLOOKUP($C29,'[3]7월'!$F$6:$CC$57,16,),)/1000 -> 21.515511 | X29: =+U29-W29 -> 42.861831
B30: 서부산크라샤 | C30: 서부산골재 | G30: =+I30 -> 서부산CR | I30: 서부산CR | J30: =+IFERROR(HLOOKUP($B30,'[1]7월'!$D$6:$BN$259,2,),)/1000 -> 50.611164 | K30: =+IFERROR(HLOOKUP($C30,'[2]7월'!$F$6:$CP$99,2,),)/1000 -> 10.47 | L30: =+K30-J30 -> -40.141164 | M30: =+IFERROR(HLOOKUP($C30,'[3]7월'!$F$6:$CC$57,2,),)/1000 -> 23.86 | N30: =+K30-M30 -> -13.39 | O30: =+IFERROR(HLOOKUP($B30,'[1]7월'!$D$6:$BN$259,3,),)/1000 -> 626.52373 | P30: =+IFERROR(HLOOKUP($C30,'[2]7월'!$F$6:$CP$99,3,),)/1000 -> 168.03 | Q30: =+P30-O30 -> -458.49373 | R30: =+IFERROR(HLOOKUP($C30,'[3]7월'!$F$6:$CC$57,3,),)/1000 -> 290.312 | S30: =+P30-R30 -> -122.282 | T30: =+IFERROR(HLOOKUP($B30,'[1]7월'!$D$6:$BN$259,21,),)/1000 -> 108.17456 | U30: =+IFERROR(HLOOKUP($C30,'[2]7월'!$F$6:$CP$99,21,),)/1000 -> -61.232674 | V30: =+U30-T30 -> -169.40723 | W30: =+IFERROR(HLOOKUP($C30,'[3]7월'!$F$6:$CC$57,16,),)/1000 -> 51.724768 | X30: =+U30-W30 -> -112.95744
B31: 부산크라샤 | C31: 부산크라샤 | G31: =+I31 -> 부산CR | I31: 부산CR | J31: =+IFERROR(HLOOKUP($B31,'[1]7월'!$D$6:$BN$259,2,),)/1000 -> 42.79951 | K31: =+IFERROR(HLOOKUP($C31,'[2]7월'!$F$6:$CP$99,2,),)/1000 -> 35.515 | L31: =+K31-J31 -> -7.2845097 | M31: =+IFERROR(HLOOKUP($C31,'[3]7월'!$F$6:$CC$57,2,),)/1000 -> 3.532 | N31: =+K31-M31 -> 31.983 | O31: =+IFERROR(HLOOKUP($B31,'[1]7월'!$D$6:$BN$259,3,),)/1000 -> 775.75657 | P31: =+IFERROR(HLOOKUP($C31,'[2]7월'!$F$6:$CP$99,3,),)/1000 -> 648.4025 | Q31: =+P31-O31 -> -127.35407 | R31: =+IFERROR(HLOOKUP($C31,'[3]7월'!$F$6:$CC$57,3,),)/1000 -> 63.335 | S31: =+P31-R31 -> 585.0675 | T31: =+IFERROR(HLOOKUP($B31,'[1]7월'!$D$6:$BN$259,21,),)/1000 -> 44.616837 | U31: =+IFERROR(HLOOKUP($C31,'[2]7월'!$F$6:$CP$99,21,),)/1000 -> -113.70134 | V31: =+U31-T31 -> -158.31818 | W31: =+IFERROR(HLOOKUP($C31,'[3]7월'!$F$6:$CC$57,16,),)/1000 -> -93.569834 | X31: =+U31-W31 -> -20.131504
H32: 골재 계 | J32: =SUM(J29:J31) -> 121.15976 | K32: =SUM(K29:K31) -> 60.962 | L32: =+K32-J32 -> -60.197765 | M32: =SUM(M29:M31) -> 47.578 | N32: =+K32-M32 -> 13.384 | O32: =SUM(O29:O31) -> 2191.7858 | P32: =SUM(P29:P31) -> 1241.323 | Q32: =+P32-O32 -> -950.46284 | R32: =SUM(R29:R31) -> 935.5555 | S32: =+P32-R32 -> 305.7675 | T32: =SUM(T29:T31) -> 202.89453 | U32: =SUM(U29:U31) -> -110.55667 | V32: =+U32-T32 -> -313.4512 | W32: =SUM(W29:W31) -> -20.329555 | X32: =+U32-W32 -> -90.227115
B33: 포항임대 | C33: 속초임대 | D33: 강릉임대 | E33: 레미콘임대 계 | G33: =+I33 -> 레미콘임대 | H33: 기타 | I33: 레미콘임대 | L33: =+K33-J33 -> 0 | N33: =+K33-M33 -> 0 | O33: =(IFERROR(HLOOKUP($B33,'[1]7월'!$D$6:$BN$259,3,),)++IFERROR(HLOOKUP($C33,'[1]7월'!$D$6:$BN$259,3,),)+IFERROR(HLOOKUP($D33,'[1]7월'!$D$6:$BN$259,3,),))/1000 -> 90.84 | P33: =+IFERROR(HLOOKUP($E33,'[2]7월'!$F$6:$CP$99,3,),)/1000 -> 90.84 | Q33: =+P33-O33 -> 0 | R33: =+IFERROR(HLOOKUP($E33,'[3]7월'!$F$6:$CC$57,3,),)/1000 -> 90.84 | S33: =+P33-R33 -> 0 | T33: =(IFERROR(HLOOKUP($B33,'[1]7월'!$D$6:$BN$259,21,),)++IFERROR(HLOOKUP($C33,'[1]7월'!$D$6:$BN$259,21,),)+IFERROR(HLOOKUP($D33,'[1]7월'!$D$6:$BN$259,21,),))/1000 -> 72.165959 | U33: =+IFERROR(HLOOKUP($E33,'[2]7월'!$F$6:$CP$99,16,),)/1000 -> 72.53547 | V33: =+U33-T33 -> 0.369511 | W33: =+IFERROR(HLOOKUP($E33,'[3]7월'!$F$6:$CC$57,16,),)/1000 -> 69.372396 | X33: =+U33-W33 -> 3.163074
B34: 부동산임대 | C34: 주유소임대 | E34: 임대 계 | G34: =+I34 -> 임대 | I34: 임대 | L34: =+K34-J34 -> 0 | M34: 0 | N34: =+K34-M34 -> 0 | O34: =(+IFERROR(HLOOKUP($B34,'[1]7월'!$D$6:$BN$259,3,),)+IFERROR(HLOOKUP($C34,'[1]7월'!$D$6:$BN$259,3,),))/1000 -> 72.2975 | P34: =+IFERROR(HLOOKUP($E34,'[2]7월'!$F$6:$CP$99,3,),)/1000 -> 72.793153 | Q34: =+P34-O34 -> 0.49565267 | R34: =+IFERROR(HLOOKUP($E34,'[3]7월'!$F$6:$CC$57,3,),)/1000 -> 94.921989 | S34: =+P34-R34 -> -22.128836 | T34: =(+IFERROR(HLOOKUP($B34,'[1]7월'!$D$6:$BN$259,21,),)+IFERROR(HLOOKUP($C34,'[1]7월'!$D$6:$BN$259,21,),))/1000 -> 62.030473 | U34: =+IFERROR(HLOOKUP($E34,'[2]7월'!$F$6:$CP$99,16,),)/1000 -> 62.661397 | V34: =+U34-T34 -> 0.63092367 | W34: =+IFERROR(HLOOKUP($E34,'[3]7월'!$F$6:$CC$57,16,),)/1000 -> 57.237392 | X34: =+U34-W34 -> 5.424005
B35: 공 통 비 | G35: =+I35 -> 공통비 | I35: 공통비 | L35: =+K35-J35 -> 0 | N35: =+K35-M35 -> 0 | Q35: =+P35-O35 -> 0 | S35: =+P35-R35 -> 0 | T35: =-'[1]7월'!$Z$22/1000 -> -1234.4134 | U35: =+-'[2]7월'!$Z$22/1000 -> -1338.4279 | V35: =+U35-T35 -> -104.01447 | W35: =+-'[3]7월'!$Z$22/1000 -> -1181.0521 | X35: =+U35-W35 -> -157.37576
G36: =+I36 -> OPC 소급분 | I36: OPC 소급분 | N36: =+K36-M36 -> 0 | Q36: =+P36-O36 -> 0 | S36: =+P36-R36 -> 0 | T36: =+'[1]7월'!$AS$26/1000 -> 0 | U36: =-'[2]7월'!$BD$26/1000 -> 0 | V36: =+U36-T36 -> 0 | W36: =-'[3]7월'!$BD$26/1000 -> 0 | X36: =+U36-W36 -> 0
G37: =+I37 -> 대손 | I37: 대손 | N37: =+K37-M37 -> 0 | Q37: =+P37-O37 -> 0 | S37: =+P37-R37 -> 0 | U37: ='[2]7월'!$BE$26/1000 -> 0 | V37: =+U37-T37 -> 0 | W37: ='[3]7월'!$BE$26/1000 -> 0 | X37: =+U37-W37 -> 0
G38: =+I38 -> 미운영 공장 | I38: 미운영 공장 | M38: =SUM(M54:M57) -> 0 | N38: =+K38-M38 -> 0 | Q38: =+P38-O38 -> 0 | R38: =+IFERROR(HLOOKUP($I$38,'[3]7월'!$F$6:$BJ$50,3,),)/1000 -> 0 | S38: =+P38-R38 -> 0 | T38: =SUM('[1]7월'!$AM$26:$AQ$26)/1000 -> -35.767484 | U38: =+'[2]7월'!$BF$26/1000 -> -34.386782 | V38: =+U38-T38 -> 1.3807024 | W38: =+'[3]7월'!$BF$26/1000 -> -10.510105 | X38: =+U38-W38 -> -23.876677
B39: 기타 계 | G39: =+I39 -> 기타 | I39: 기타 | L39: =+K39-J39 -> 0 | N39: =+K39-M39 -> 0 | O39: =IFERROR(HLOOKUP($B39,'[1]7월'!$D$6:$BN$259,3,),)/1000 -> 1.77 | P39: =+('[2]7월'!$F$8-SUM('[2]7월'!$Z$8,'[2]7월'!$AH$8,'[2]7월'!$AN$8,'[2]7월'!$AO$8,'[2]7월'!$BA$8,'[2]7월'!$BD$8,'[2]7월'!$BE$8,'[2]7월'!$BF$8))/1000 -> 1.8162 | Q39: =+P39-O39 -> 0.0462 | R39: =+('[3]7월'!$F$8-SUM('[3]7월'!$Z$8,'[3]7월'!$AH$8,'[3]7월'!$AN$8,'[3]7월'!$AO$8,'[3]7월'!$BA$8,'[3]7월'!$BD$8,'[3]7월'!$BE$8,'[3]7월'!$BF$8))/1000 -> 1.7621 | S39: =+P39-R39 -> 0.0541 | T39: =+('[1]7월'!$E$26-'[1]7월'!$Z$26-'[1]7월'!$AA$26-'[1]7월'!$AE$26-'[1]7월'!$AL$26-'[1]7월'!$AM$26-'[1]7월'!$AN$26-'[1]7월'!$AO$26-'[1]7월'!$AP$26-'[1]7월'!$AQ$26-'[1]7월'!$AS$26)/1000 -> -79.281808 | U39: =+('[2]7월'!$F$26-SUM('[2]7월'!$Z$26,'[2]7월'!$AH$26,'[2]7월'!$AN$26,'[2]7월'!$AO$26,'[2]7월'!$BA$26,'[2]7월'!$BD$26,'[2]7월'!$BE$26,'[2]7월'!$BF$26))/1000 -> -16.756545 | V39: =+U39-T39 -> 62.525263 | W39: =+('[3]7월'!$F$26-SUM('[3]7월'!$Z$26,'[3]7월'!$AH$26,'[3]7월'!$AN$26,'[3]7월'!$AO$26,'[3]7월'!$BA$26,'[3]7월'!$BD$26,'[3]7월'!$BE$26,'[3]7월'!$BF$26))/1000 -> -16.281767 | X39: =+U39-W39 -> -0.474778
N40: =+K40-M40 -> 0 | Q40: =+P40-O40 -> 0 | S40: =+P40-R40 -> 0 | V40: =+U40-T40 -> 0
H41: 기타 계 | J41: =SUM(J33:J40) -> 0 | K41: =SUM(K33:K40) -> 0 | L41: =+K41-J41 -> 0 | M41: =SUM(M33:M40) -> 0 | N41: =+K41-M41 -> 0 | O41: =SUM(O33:O40) -> 164.9075 | P41: =SUM(P33:P40) -> 165.44935 | Q41: =+P41-O41 -> 0.54185267 | R41: =SUM(R33:R40) -> 187.52409 | S41: =+P41-R41 -> -22.074736 | T41: =SUM(T33:T40) -> -1215.2663 | U41: =SUM(U33:U40) -> -1254.3743 | V41: =+U41-T41 -> -39.108073 | W41: =SUM(W33:W40) -> -1081.2342 | X41: =+U41-W41 -> -173.14014
U42: 19 | V42: 12.4
G43: =+P43/O43 -> 0.94376964 | H43: 합계 | O43: =+O27+O32+O28+O41 -> 41175.995 | P43: =+P27+P32+P28+P41 -> 38860.654 | Q43: =+P43-O43 -> -2315.341 | R43: =+R27+R32+R28+R41 -> 35956.172 | S43: =+P43-R43 -> 2904.4826 | T43: =+T27+T32+T28+T41 -> 3794.3392 | U43: =+U27+U32+U28+U41 -> 1320.4969 | V43: =+U43-T43 -> -2473.8423 | W43: =+W27+W32+W28+W41 -> 3093.0346 | X43: =+U43-W43 -> -1772.5377
G44: =+U43/T43 -> 0.34801762 | P44: =+P43/O43 -> 0.94376964 | T44: =+T43/O43 -> 0.092149302 | U44: =+U43/P43 -> 0.033980305
I46: 확인 | J46: =+'[1]7월'!$Z$7/1000 -> 294.5 | K46: =+'[2]7월'!$AI$7/1000 -> 256.6575 | M46: =+'[3]7월'!$Z$7/1000 -> 268.759 | O46: =+'[1]7월'!$E$8/1000 -> 41175.995 | P46: =+'[2]7월'!$F$8/1000 -> 38860.654 | R46: =+'[3]7월'!$F$8/1000 -> 35956.172 | T46: =+'[1]7월'!$E$26/1000 -> 3794.3392 | U46: =+'[2]7월'!$F$26/1000 -> 1320.4969 | W46: =+'[3]7월'!$F$26/1000 -> 3093.0346
J47: =+J46-J27 -> 0 | K47: =+K46-K27 -> 0 | M47: =+M46-M27 -> 0 | O47: =+O46-O43 -> 0 | P47: =+P46-P43 -> 0 | R47: =+R46-R43 -> 0 | T47: =+T46-T43 -> -3.6379788e-12 | U47: =+U46-U43 -> 0 | W47: =+W46-W43 -> 0

Sheet 사업장별(누계)
H3: □ 사업장별 손익실적(2024-07누계)
AG4: [단위 : 천㎥, 톤, 백만원]
H5: 구분 | J5: 물량 | O5: 매출 | T5: 영업이익(공통비 배부전) | Y5: 판매단가 | AB5: 변동비 | AE5: 공헌이익
J6: 계획 | K6: 실적 | L6: 차이 | M6: 전년 | N6: 차이 | O6: 계획 | P6: 실적 | Q6: 차이 | R6: 전년 | S6: 차이 | T6: 계획 | U6: 실적 | V6: 차이 | W6: 전년 | X6: 차이 | Y6: 계획 | Z6: 실적 | AA6: 전년 | AB6: 계획 | AC6: 실적 | AD6: 전년 | AE6: 계획 | AF6: 실적 | AG6: 전년
B7: 안양 | F7: =+U7/T7 -> 0.75585819 | G7: =+K7/J7 -> 0.97476056 | H7: 레미콘 | I7: 안양 | J7: =+'사업장별(당월)'!J7+'[4]사업장별(누계)'!J7 -> 284 | K7: =+'사업장별(당월)'!K7+'[4]사업장별(누계)'!K7 -> 276.832 | L7: =+K7-J7 -> -7.168 | M7: =+'사업장별(당월)'!M7+'[4]사업장별(누계)'!M7 -> 310.781 | N7: =+K7-M7 -> -33.949 | O7: =+'사업장별(당월)'!O7+'[4]사업장별(누계)'!O7 -> 28389.835 | P7: =+'사업장별(당월)'!P7+'[4]사업장별(누계)'!P7 -> 27548.945 | Q7: =+P7-O7 -> -840.89078 | R7: =+'사업장별(당월)'!R7+'[4]사업장별(누계)'!R7 -> 28717.155 | S7: =+P7-R7 -> -1168.21 | T7: =+'사업장별(당월)'!T7+'[4]사업장별(누계)'!T7 -> 3752.9225 | U7: =+'사업장별(당월)'!U7+'[4]사업장별(누계)'!U7 -> 2836.6772 | V7: =+U7-T7 -> -916.24528 | W7: =+'사업장별(당월)'!W7+'[4]사업장별(누계)'!W7 -> 4116.1655 | X7: =+U7-W7 -> -1279.4883 | Y7: =+[11]안양!$Q$85 -> 99964.209 | Z7: =+[11]안양!$R$85 -> 99509.44 | AA7: =+[12]안양!$Q$85 -> 92372.674 | AB7: =+[11]안양!$Q$89 -> 79129.066 | AC7: =+[11]안양!$R$89 -> 81474.35 | AD7: =+[12]안양!$Q$89 -> 72551.074 | AE7: =+Y7-AB7 -> 20835.143 | AF7: =+Z7-AC7 -> 18035.089 | AG7: =+AA7-AD7 -> 19821.6 | AI7: 22.510942
B8: 인천 | F8: =+U8/T8 -> 0.73434128 | G8: =+K8/J8 -> 0.92457674 | H8: 직영 | I8: 인천 | J8: =+'사업장별(당월)'!J8+'[4]사업장별(누계)'!J8 -> 215 | K8: =+'사업장별(당월)'!K8+'[4]사업장별(누계)'!K8 -> 198.784 | L8: =+K8-J8 -> -16.216 | M8: =+'사업장별(당월)'!M8+'[4]사업장별(누계)'!M8 -> 272.592 | N8: =+K8-M8 -> -73.808 | O8: =+'사업장별(당월)'!O8+'[4]사업장별(누계)'!O8 -> 21764.348 | P8: =+'사업장별(당월)'!P8+'[4]사업장별(누계)'!P8 -> 19919.822 | Q8: =+P8-O8 -> -1844.5264 | R8: =+'사업장별(당월)'!R8+'[4]사업장별(누계)'!R8 -> 25840.695 | S8: =+P8-R8 -> -5920.8737 | T8: =+'사업장별(당월)'!T8+'[4]사업장별(누계)'!T8 -> 2172.3489 | U8: =+'사업장별(당월)'!U8+'[4]사업장별(누계)'!U8 -> 1595.2455 | V8: =+U8-T8 -> -577.10342 | W8: =+'사업장별(당월)'!W8+'[4]사업장별(누계)'!W8 -> 3274.5166 | X8: =+U8-W8 -> -1679.2712 | Y8: =+[11]인천!$Q$85 -> 101229.53 | Z8: =+[11]인천!$R$85 -> 100212.69 | AA8: =+[12]인천!$Q$85 -> 94780.814 | AB8: =+[11]인천!$Q$89 -> 81283.386 | AC8: =+[11]인천!$R$89 -> 82061.112 | AD8: =+[12]인천!$Q$89 -> 75126.066 | AE8: =+Y8-AB8 -> 19946.141 | AF8: =+Z8-AC8 -> 18151.578 | AG8: =+AA8-AD8 -> 19654.747 | AI8: 12.217192
B9: 파주 | F9: =+U9/T9 -> 0.62391946 | G9: =+K9/J9 -> 1.0300816 | I9: 파주 | J9: =+'사업장별(당월)'!J9+'[4]사업장별(누계)'!J9 -> 174 | K9: =+'사업장별(당월)'!K9+'[4]사업장별(누계)'!K9 -> 179.2342 | L9: =+K9-J9 -> 5.2342 | M9: =+'사업장별(당월)'!M9+'[4]사업장별(누계)'!M9 -> 182.914 | N9: =+K9-M9 -> -3.6798 | O9: =+'사업장별(당월)'!O9+'[4]사업장별(누계)'!O9 -> 17099.407 | P9: =+'사업장별(당월)'!P9+'[4]사업장별(누계)'!P9 -> 17607.835 | Q9: =+P9-O9 -> 508.42796 | R9: =+'사업장별(당월)'!R9+'[4]사업장별(누계)'!R9 -> 16679.823 | S9: =+P9-R9 -> 928.01269 | T9: =+'사업장별(당월)'!T9+'[4]사업장별(누계)'!T9 -> 2247.6373 | U9: =+'사업장별(당월)'!U9+'[4]사업장별(누계)'!U9 -> 1402.3446 | V9: =+U9-T9 -> -845.29265 | W9: =+'사업장별(당월)'!W9+'[4]사업장별(누계)'!W9 -> 1866.7109 | X9: =+U9-W9 -> -464.36622 | Y9: =+[11]파주!$Q$85 -> 98272.456 | Z9: =+[11]파주!$R$85 -> 98269.313 | AA9: =+[12]파주!$Q$85 -> 91179.996 | AB9: =+[11]파주!$Q$89 -> 76335.988 | AC9: =+[11]파주!$R$89 -> 81410.232 | AD9: =+[12]파주!$Q$89 -> 72614.643 | AE9: =+Y9-AB9 -> 21936.468 | AF9: =+Z9-AC9 -> 16859.082 | AG9: =+AA9-AD9 -> 18565.354 | AI9: 9.7481997
B10: 김포 | F10: =+U10/T10 -> 0.61162954 | G10: =+K10/J10 -> 0.80273659 | I10: 김포 | J10: =+'사업장별(당월)'!J10+'[4]사업장별(누계)'!J10 -> 102.5 | K10: =+'사업장별(당월)'!K10+'[4]사업장별(누계)'!K10 -> 82.2805 | L10: =+K10-J10 -> -20.2195 | M10: =+'사업장별(당월)'!M10+'[4]사업장별(누계)'!M10 -> 118.0575 | N10: =+K10-M10 -> -35.777 | O10: =+'사업장별(당월)'!O10+'[4]사업장별(누계)'!O10 -> 9762.4155 | P10: =+'사업장별(당월)'!P10+'[4]사업장별(누계)'!P10 -> 8108.7848 | Q10: =+P10-O10 -> -1653.6307 | R10: =+'사업장별(당월)'!R10+'[4]사업장별(누계)'!R10 -> 10505.868 | S10: =+P10-R10 -> -2397.0829 | T10: =+'사업장별(당월)'!T10+'[4]사업장별(누계)'!T10 -> 1248.543 | U10: =+'사업장별(당월)'!U10+'[4]사업장별(누계)'!U10 -> 763.64576 | V10: =+U10-T10 -> -484.89721 | W10: =+'사업장별(당월)'!W10+'[4]사업장별(누계)'!W10 -> 1411.9746 | X10: =+U10-W10 -> -648.32885 | Y10: =+[11]김포!$Q$85 -> 95243.078 | Z10: =+[11]김포!$R$85 -> 98569.378 | AA10: =+[12]김포!$Q$85 -> 88941.757 | AB10: =+[11]김포!$Q$89 -> 71571.396 | AC10: =+[11]김포!$R$89 -> 75733.317 | AD10: =+[12]김포!$Q$89 -> 67151.104 | AE10: =+Y10-AB10 -> 23671.682 | AF10: =+Z10-AC10 -> 22836.061 | AG10: =+AA10-AD10 -> 21790.653 | AI10: 6.215745
B11: 부산 | F11: =+U11/T11 -> 0.84683075 | G11: =+K11/J11 -> 1.1059741 | I11: 부산 | J11: =+'사업장별(당월)'!J11+'[4]사업장별(누계)'!J11 -> 135 | K11: =+'사업장별(당월)'!K11+'[4]사업장별(누계)'!K11 -> 149.3065 | L11: =+K11-J11 -> 14.3065 | M11: =+'사업장별(당월)'!M11+'[4]사업장별(누계)'!M11 -> 170.3215 | N11: =+K11-M11 -> -21.015 | O11: =+'사업장별(당월)'!O11+'[4]사업장별(누계)'!O11 -> 14525.998 | P11: =+'사업장별(당월)'!P11+'[4]사업장별(누계)'!P11 -> 15984.323 | Q11: =+P11-O11 -> 1458.325 | R11: =+'사업장별(당월)'!R11+'[4]사업장별(누계)'!R11 -> 17404.341 | S11: =+P11-R11 -> -1420.0185 | T11: =+'사업장별(당월)'!T11+'[4]사업장별(누계)'!T11 -> 2020.5823 | U11: =+'사업장별(당월)'!U11+'[4]사업장별(누계)'!U11 -> 1711.0912 | V11: =+U11-T11 -> -309.49107 | W11: =+'사업장별(당월)'!W11+'[4]사업장별(누계)'!W11 -> 3278.4851 | X11: =+U11-W11 -> -1567.3939 | Y11: =+[11]부산!$Q$85 -> 107599.98 | Z11: =+[11]부산!$R$85 -> 107057.11 | AA11: =+[12]부산!$Q$85 -> 102185.23 | AB11: =+[11]부산!$Q$89 -> 78482.743 | AC11: =+[11]부산!$R$89 -> 83555.495 | AD11: =+[12]부산!$Q$89 -> 72926.761 | AE11: =+Y11-AB11 -> 29117.241 | AF11: =+Z11-AC11 -> 23501.618 | AG11: =+AA11-AD11 -> 29258.467 | AI11: 14.018406
B12: 서부산 | F12: =+U12/T12 -> 0.63952322 | G12: =+K12/J12 -> 0.93797605 | I12: 서부산 | J12: =+'사업장별(당월)'!J12+'[4]사업장별(누계)'!J12 -> 167 | K12: =+'사업장별(당월)'!K12+'[4]사업장별(누계)'!K12 -> 156.642 | L12: =+K12-J12 -> -10.358 | M12: =+'사업장별(당월)'!M12+'[4]사업장별(누계)'!M12 -> 148.443 | N12: =+K12-M12 -> 8.199 | O12: =+'사업장별(당월)'!O12+'[4]사업장별(누계)'!O12 -> 17318.454 | P12: =+'사업장별(당월)'!P12+'[4]사업장별(누계)'!P12 -> 15865.3 | Q12: =+P12-O12 -> -1453.1536 | R12: =+'사업장별(당월)'!R12+'[4]사업장별(누계)'!R12 -> 14873.68 | S12: =+P12-R12 -> 991.62071 | T12: =+'사업장별(당월)'!T12+'[4]사업장별(누계)'!T12 -> 2949.999 | U12: =+'사업장별(당월)'!U12+'[4]사업장별(누계)'!U12 -> 1886.5928 | V12: =+U12-T12 -> -1063.4061 | W12: =+'사업장별(당월)'!W12+'[4]사업장별(누계)'!W12 -> 2566.2611 | X12: =+U12-W12 -> -679.66827 | Y12: =+[11]서부산!$Q$85 -> 103703.32 | Z12: =+[11]서부산!$R$85 -> 101283.39 | AA12: =+[12]서부산!$Q$85 -> 100197.92 | AB12: =+[11]서부산!$Q$89 -> 77129.808 | AC12: =+[11]서부산!$R$89 -> 79088.307 | AD12: =+[12]서부산!$Q$89 -> 73392.193 | AE12: =+Y12-AB12 -> 26573.51 | AF12: =+Z12-AC12 -> 22195.087 | AG12: =+AA12-AD12 -> 26805.726 | AI12: 13.82269
B13: 김해 | F13: =+U13/T13 -> 0.62128349 | G13: =+K13/J13 -> 1.138625 | I13: 김해 | J13: =+'사업장별(당월)'!J13+'[4]사업장별(누계)'!J13 -> 80 | K13: =+'사업장별(당월)'!K13+'[4]사업장별(누계)'!K13 -> 91.09 | L13: =+K13-J13 -> 11.09 | M13: =+'사업장별(당월)'!M13+'[4]사업장별(누계)'!M13 -> 93.19 | N13: =+K13-M13 -> -2.1 | O13: =+'사업장별(당월)'!O13+'[4]사업장별(누계)'!O13 -> 8080.0034 | P13: =+'사업장별(당월)'!P13+'[4]사업장별(누계)'!P13 -> 8849.638 | Q13: =+P13-O13 -> 769.6346 | R13: =+'사업장별(당월)'!R13+'[4]사업장별(누계)'!R13 -> 9055.4701 | S13: =+P13-R13 -> -205.8321 | T13: =+'사업장별(당월)'!T13+'[4]사업장별(누계)'!T13 -> 937.40536 | U13: =+'사업장별(당월)'!U13+'[4]사업장별(누계)'!U13 -> 582.39447 | V13: =+U13-T13 -> -355.01089 | W13: =+'사업장별(당월)'!W13+'[4]사업장별(누계)'!W13 -> 1260.5356 | X13: =+U13-W13 -> -678.14117 | Y13: =+[11]김해!$Q$85 -> 101000.04 | Z13: =+[11]김해!$R$85 -> 97228.123 | AA13: =+[12]김해!$Q$85 -> 97181.755 | AB13: =+[11]김해!$Q$89 -> 76391.227 | AC13: =+[11]김해!$R$89 -> 79599.415 | AD13: =+[12]김해!$Q$89 -> 73243.428 | AE13: =+Y13-AB13 -> 24608.816 | AF13: =+Z13-AC13 -> 17628.708 | AG13: =+AA13-AD13 -> 23938.326 | AI13: 4.8529445
B14: 정관 | F14: =+U14/T14 -> 0.80249142 | G14: =+K14/J14 -> 1.1445205 | I14: 정관 | J14: =+'사업장별(당월)'!J14+'[4]사업장별(누계)'!J14 -> 122 | K14: =+'사업장별(당월)'!K14+'[4]사업장별(누계)'!K14 -> 139.6315 | L14: =+K14-J14 -> 17.6315 | M14: =+'사업장별(당월)'!M14+'[4]사업장별(누계)'!M14 -> 134.437 | N14: =+K14-M14 -> 5.1945 | O14: =+'사업장별(당월)'!O14+'[4]사업장별(누계)'!O14 -> 12688 | P14: =+'사업장별(당월)'!P14+'[4]사업장별(누계)'!P14 -> 14219.548 | Q14: =+P14-O14 -> 1531.5476 | R14: =+'사업장별(당월)'!R14+'[4]사업장별(누계)'!R14 -> 13514.22 | S14: =+P14-R14 -> 705.32761 | T14: =+'사업장별(당월)'!T14+'[4]사업장별(누계)'!T14 -> 1718.3118 | U14: =+'사업장별(당월)'!U14+'[4]사업장별(누계)'!U14 -> 1378.9305 | V14: =+U14-T14 -> -339.38133 | W14: =+'사업장별(당월)'!W14+'[4]사업장별(누계)'!W14 -> 2175.4549 | X14: =+U14-W14 -> -796.52438 | Y14: =+[11]정관!$Q$85 -> 104000 | Z14: =+[11]정관!$R$85 -> 101836.25 | AA14: =+[12]정관!$Q$85 -> 100524.56 | AB14: =+[11]정관!$Q$89 -> 78312.55 | AC14: =+[11]정관!$R$89 -> 81998.953 | AD14: =+[12]정관!$Q$89 -> 74556.084 | AE14: =+Y14-AB14 -> 25687.45 | AF14: =+Z14-AC14 -> 19837.292 | AG14: =+AA14-AD14 -> 25968.475 | AI14: 10.986997
B15: 양산 | F15: =+U15/T15 -> 0.88440321 | G15: =+K15/J15 -> 1.2057241 | I15: 양산 | J15: =+'사업장별(당월)'!J15+'[4]사업장별(누계)'!J15 -> 72.5 | K15: =+'사업장별(당월)'!K15+'[4]사업장별(누계)'!K15 -> 87.415 | L15: =+K15-J15 -> 14.915 | M15: =+'사업장별(당월)'!M15+'[4]사업장별(누계)'!M15 -> 100.107 | N15: =+K15-M15 -> -12.692 | O15: =+'사업장별(당월)'!O15+'[4]사업장별(누계)'!O15 -> 7001.3806 | P15: =+'사업장별(당월)'!P15+'[4]사업장별(누계)'!P15 -> 8177.3909 | Q15: =+P15-O15 -> 1176.0103 | R15: =+'사업장별(당월)'!R15+'[4]사업장별(누계)'!R15 -> 9402.5233 | S15: =+P15-R15 -> -1225.1324 | T15: =+'사업장별(당월)'!T15+'[4]사업장별(누계)'!T15 -> 881.36728 | U15: =+'사업장별(당월)'!U15+'[4]사업장별(누계)'!U15 -> 779.48405 | V15: =+U15-T15 -> -101.88323 | W15: =+'사업장별(당월)'!W15+'[4]사업장별(누계)'!W15 -> 1592.8766 | X15: =+U15-W15 -> -813.3926 | Y15: =+[11]양산!$Q$85 -> 96570.767 | Z15: =+[11]양산!$R$85 -> 93546.77 | AA15: =+[12]양산!$Q$85 -> 93926.945 | AB15: =+[11]양산!$Q$89 -> 70639.123 | AC15: =+[11]양산!$R$89 -> 73438.275 | AD15: =+[12]양산!$Q$89 -> 67953.755 | AE15: =+Y15-AB15 -> 25931.645 | AF15: =+Z15-AC15 -> 20108.495 | AG15: =+AA15-AD15 -> 25973.19 | AI15: 6.5081403
B16: 창원 | F16: =+U16/T16 -> 1.0451244 | G16: =+K16/J16 -> 1.0849783 | I16: 창원 | J16: =+'사업장별(당월)'!J16+'[4]사업장별(누계)'!J16 -> 115 | K16: =+'사업장별(당월)'!K16+'[4]사업장별(누계)'!K16 -> 124.7725 | L16: =+K16-J16 -> 9.7725 | M16: =+'사업장별(당월)'!M16+'[4]사업장별(누계)'!M16 -> 139.51 | N16: =+K16-M16 -> -14.7375 | O16: =+'사업장별(당월)'!O16+'[4]사업장별(누계)'!O16 -> 11559.434 | P16: =+'사업장별(당월)'!P16+'[4]사업장별(누계)'!P16 -> 12662.827 | Q16: =+P16-O16 -> 1103.3928 | R16: =+'사업장별(당월)'!R16+'[4]사업장별(누계)'!R16 -> 13203.17 | S16: =+P16-R16 -> -540.3433 | T16: =+'사업장별(당월)'!T16+'[4]사업장별(누계)'!T16 -> 1872.886 | U16: =+'사업장별(당월)'!U16+'[4]사업장별(누계)'!U16 -> 1957.3988 | V16: =+U16-T16 -> 84.512817 | W16: =+'사업장별(당월)'!W16+'[4]사업장별(누계)'!W16 -> 2610.6366 | X16: =+U16-W16 -> -653.23778 | Y16: =+[11]창원!$Q$85 -> 100516.82 | Z16: =+[11]창원!$R$85 -> 101487.32 | AA16: =+[12]창원!$Q$85 -> 94639.596 | AB16: =+[11]창원!$Q$89 -> 72209.567 | AC16: =+[11]창원!$R$89 -> 74881.717 | AD16: =+[12]창원!$Q$89 -> 66741.989 | AE16: =+Y16-AB16 -> 28307.25 | AF16: =+Z16-AC16 -> 26605.605 | AG16: =+AA16-AD16 -> 27897.608 | AI16: 15.024126
B17: 대구 | F17: =+U17/T17 -> 0.98504007 | G17: =+K17/J17 -> 1.0269631 | I17: 대구 | J17: =+'사업장별(당월)'!J17+'[4]사업장별(누계)'!J17 -> 108.5 | K17: =+'사업장별(당월)'!K17+'[4]사업장별(누계)'!K17 -> 111.4255 | L17: =+K17-J17 -> 2.9255 | M17: =+'사업장별(당월)'!M17+'[4]사업장별(누계)'!M17 -> 139.854 | N17: =+K17-M17 -> -28.4285 | O17: =+'사업장별(당월)'!O17+'[4]사업장별(누계)'!O17 -> 10609.34 | P17: =+'사업장별(당월)'!P17+'[4]사업장별(누계)'!P17 -> 11332.807 | Q17: =+P17-O17 -> 723.46745 | R17: =+'사업장별(당월)'!R17+'[4]사업장별(누계)'!R17 -> 12987.083 | S17: =+P17-R17 -> -1654.2759 | T17: =+'사업장별(당월)'!T17+'[4]사업장별(누계)'!T17 -> 1799.8249 | U17: =+'사업장별(당월)'!U17+'[4]사업장별(누계)'!U17 -> 1772.8996 | V17: =+U17-T17 -> -26.925247 | W17: =+'사업장별(당월)'!W17+'[4]사업장별(누계)'!W17 -> 2517.6752 | X17: =+U17-W17 -> -744.77555 | Y17: =+[11]대구!$Q$85 -> 97781.935 | Z17: =+[11]대구!$R$85 -> 101707.49 | AA17: =+[12]대구!$Q$85 -> 92855.856 | AB17: =+[11]대구!$Q$89 -> 69848.17 | AC17: =+[11]대구!$R$89 -> 74973.944 | AD17: =+[12]대구!$Q$89 -> 66396.554 | AE17: =+Y17-AB17 -> 27933.766 | AF17: =+Z17-AC17 -> 26733.541 | AG17: =+AA17-AD17 -> 26459.302 | AI17: 13.115241
B18: 울산 | F18: =+U18/T18 -> 3.3241303 | G18: =+K18/J18 -> 1.2713273 | I18: 울산 | J18: =+'사업장별(당월)'!J18+'[4]사업장별(누계)'!J18 -> 55 | K18: =+'사업장별(당월)'!K18+'[4]사업장별(누계)'!K18 -> 69.923 | L18: =+K18-J18 -> 14.923 | M18: =+'사업장별(당월)'!M18+'[4]사업장별(누계)'!M18 -> 62.5505 | N18: =+K18-M18 -> 7.3725 | O18: =+'사업장별(당월)'!O18+'[4]사업장별(누계)'!O18 -> 5488.8682 | P18: =+'사업장별(당월)'!P18+'[4]사업장별(누계)'!P18 -> 7317.6605 | Q18: =+P18-O18 -> 1828.7923 | R18: =+'사업장별(당월)'!R18+'[4]사업장별(누계)'!R18 -> 5906.187 | S18: =+P18-R18 -> 1411.4735 | T18: =+'사업장별(당월)'!T18+'[4]사업장별(누계)'!T18 -> 239.70326 | U18: =+'사업장별(당월)'!U18+'[4]사업장별(누계)'!U18 -> 796.80486 | V18: =+U18-T18 -> 557.1016 | W18: =+'사업장별(당월)'!W18+'[4]사업장별(누계)'!W18 -> 462.48935 | X18: =+U18-W18 -> 334.31551 | Y18: =+[11]울산!$Q$85 -> 99797.604 | Z18: =+[11]울산!$R$85 -> 104653.13 | AA18: =+[12]울산!$Q$85 -> 94442.569 | AB18: =+[11]울산!$Q$89 -> 78156.871 | AC18: =+[11]울산!$R$89 -> 80632.856 | AD18: =+[12]울산!$Q$89 -> 72919.314 | AE18: =+Y18-AB18 -> 21640.734 | AF18: =+Z18-AC18 -> 24020.27 | AG18: =+AA18-AD18 -> 21523.255 | AI18: 2.8283415
B19: 아산 | F19: =+U19/T19 -> 1.2380812 | G19: =+K19/J19 -> 1.2305695 | I19: 아산 | J19: =+'사업장별(당월)'!J19+'[4]사업장별(누계)'!J19 -> 151 | K19: =+'사업장별(당월)'!K19+'[4]사업장별(누계)'!K19 -> 185.816 | L19: =+K19-J19 -> 34.816 | M19: =+'사업장별(당월)'!M19+'[4]사업장별(누계)'!M19 -> 178.809 | N19: =+K19-M19 -> 7.007 | O19: =+'사업장별(당월)'!O19+'[4]사업장별(누계)'!O19 -> 15250.999 | P19: =+'사업장별(당월)'!P19+'[4]사업장별(누계)'!P19 -> 18926.449 | Q19: =+P19-O19 -> 3675.45 | R19: =+'사업장별(당월)'!R19+'[4]사업장별(누계)'!R19 -> 17081.087 | S19: =+P19-R19 -> 1845.3614 | T19: =+'사업장별(당월)'!T19+'[4]사업장별(누계)'!T19 -> 2191.049 | U19: =+'사업장별(당월)'!U19+'[4]사업장별(누계)'!U19 -> 2712.6966 | V19: =+U19-T19 -> 521.64764 | W19: =+'사업장별(당월)'!W19+'[4]사업장별(누계)'!W19 -> 3000.1953 | X19: =+U19-W19 -> -287.49869 | Y19: =+[11]아산!$Q$85 -> 100999.99 | Z19: =+[11]아산!$R$85 -> 101804.27 | AA19: =+[12]아산!$Q$85 -> 95630.256 | AB19: =+[11]아산!$Q$89 -> 76455.417 | AC19: =+[11]아산!$R$89 -> 77661.375 | AD19: =+[12]아산!$Q$89 -> 69556.548 | AE19: =+Y19-AB19 -> 24544.576 | AF19: =+Z19-AC19 -> 24142.896 | AG19: =+AA19-AD19 -> 26073.708 | AI19: 18.004353
B20: 전주 | F20: =+U20/T20 -> 0.26177664 | G20: =+K20/J20 -> 0.70882911 | I20: 전주 | J20: =+'사업장별(당월)'!J20+'[4]사업장별(누계)'!J20 -> 79 | K20: =+'사업장별(당월)'!K20+'[4]사업장별(누계)'!K20 -> 55.9975 | L20: =+K20-J20 -> -23.0025 | M20: =+'사업장별(당월)'!M20+'[4]사업장별(누계)'!M20 -> 72.004 | N20: =+K20-M20 -> -16.0065 | O20: =+'사업장별(당월)'!O20+'[4]사업장별(누계)'!O20 -> 8129.4055 | P20: =+'사업장별(당월)'!P20+'[4]사업장별(누계)'!P20 -> 5359.4033 | Q20: =+P20-O20 -> -2770.0022 | R20: =+'사업장별(당월)'!R20+'[4]사업장별(누계)'!R20 -> 6930.7324 | S20: =+P20-R20 -> -1571.3291 | T20: =+'사업장별(당월)'!T20+'[4]사업장별(누계)'!T20 -> 1274.408 | U20: =+'사업장별(당월)'!U20+'[4]사업장별(누계)'!U20 -> 333.61023 | V20: =+U20-T20 -> -940.79774 | W20: =+'사업장별(당월)'!W20+'[4]사업장별(누계)'!W20 -> 1025.5585 | X20: =+U20-W20 -> -691.94822 | Y20: =+[11]전주!$Q$85 -> 102903.87 | Z20: =+[11]전주!$R$85 -> 95709.774 | AA20: =+[12]전주!$Q$85 -> 96365.045 | AB20: =+[11]전주!$Q$89 -> 73713.733 | AC20: =+[11]전주!$R$89 -> 71276.829 | AD20: =+[12]전주!$Q$89 -> 68168.716 | AE20: =+Y20-AB20 -> 29190.133 | AF20: =+Z20-AC20 -> 24432.944 | AG20: =+AA20-AD20 -> 28196.329 | AI20: 2.6236193
B21: 군산 | F21: =+U21/T21 -> 1.5834125 | G21: =+K21/J21 -> 1.3614889 | I21: 군산 | J21: =+'사업장별(당월)'!J21+'[4]사업장별(누계)'!J21 -> 45 | K21: =+'사업장별(당월)'!K21+'[4]사업장별(누계)'!K21 -> 61.267 | L21: =+K21-J21 -> 16.267 | M21: =+'사업장별(당월)'!M21+'[4]사업장별(누계)'!M21 -> 56.7485 | N21: =+K21-M21 -> 4.5185 | O21: =+'사업장별(당월)'!O21+'[4]사업장별(누계)'!O21 -> 4908.0682 | P21: =+'사업장별(당월)'!P21+'[4]사업장별(누계)'!P21 -> 6898.5823 | Q21: =+P21-O21 -> 1990.5142 | R21: =+'사업장별(당월)'!R21+'[4]사업장별(누계)'!R21 -> 5520.4356 | S21: =+P21-R21 -> 1378.1468 | T21: =+'사업장별(당월)'!T21+'[4]사업장별(누계)'!T21 -> 1212.008 | U21: =+'사업장별(당월)'!U21+'[4]사업장별(누계)'!U21 -> 1919.1087 | V21: =+U21-T21 -> 707.10062 | W21: =+'사업장별(당월)'!W21+'[4]사업장별(누계)'!W21 -> 1295.0212 | X21: =+U21-W21 -> 624.08752 | Y21: =+[11]군산!$Q$85 -> 109068.18 | Z21: =+[11]군산!$R$85 -> 112608.63 | AA21: =+[12]군산!$Q$85 -> 97136.932 | AB21: =+[11]군산!$Q$89 -> 69652.404 | AC21: =+[11]군산!$R$89 -> 72129.022 | AD21: =+[12]군산!$Q$89 -> 63815.356 | AE21: =+Y21-AB21 -> 39415.778 | AF21: =+Z21-AC21 -> 40479.609 | AG21: =+AA21-AD21 -> 33321.576 | AI21: 13.184207
B22: 원주 | F22: =+U22/T22 -> 1.5075184 | G22: =+K22/J22 -> 1.1198857 | I22: 원주 | J22: =+'사업장별(당월)'!J22+'[4]사업장별(누계)'!J22 -> 35 | K22: =+'사업장별(당월)'!K22+'[4]사업장별(누계)'!K22 -> 39.196 | L22: =+K22-J22 -> 4.196 | M22: =+'사업장별(당월)'!M22+'[4]사업장별(누계)'!M22 -> 30.595 | N22: =+K22-M22 -> 8.601 | O22: =+'사업장별(당월)'!O22+'[4]사업장별(누계)'!O22 -> 3776.5 | P22: =+'사업장별(당월)'!P22+'[4]사업장별(누계)'!P22 -> 4406.4361 | Q22: =+P22-O22 -> 629.93609 | R22: =+'사업장별(당월)'!R22+'[4]사업장별(누계)'!R22 -> 3095.5743 | S22: =+P22-R22 -> 1310.8618 | T22: =+'사업장별(당월)'!T22+'[4]사업장별(누계)'!T22 -> 594.1149 | U22: =+'사업장별(당월)'!U22+'[4]사업장별(누계)'!U22 -> 895.63914 | V22: =+U22-T22 -> 301.52424 | W22: =+'사업장별(당월)'!W22+'[4]사업장별(누계)'!W22 -> 500.07045 | X22: =+U22-W22 -> 395.56869 | Y22: =+[11]원주!$Q$85 -> 107900 | Z22: =+[11]원주!$R$85 -> 112428.35 | AA22: =+[12]원주!$Q$85 -> 101184.08 | AB22: =+[11]원주!$Q$89 -> 73498.625 | AC22: =+[11]원주!$R$89 -> 73710.192 | AD22: =+[12]원주!$Q$89 -> 66587.082 | AE22: =+Y22-AB22 -> 34401.375 | AF22: =+Z22-AC22 -> 38718.156 | AG22: =+AA22-AD22 -> 34597 | AI22: 6.1718805
B23: 제주 | F23: =+U23/T23 -> 0.50297818 | G23: =+K23/J23 -> 0.70258333 | I23: 제주 | J23: =+'사업장별(당월)'!J23+'[4]사업장별(누계)'!J23 -> 36 | K23: =+'사업장별(당월)'!K23+'[4]사업장별(누계)'!K23 -> 25.293 | L23: =+K23-J23 -> -10.707 | M23: =+'사업장별(당월)'!M23+'[4]사업장별(누계)'!M23 -> 51.976 | N23: =+K23-M23 -> -26.683 | O23: =+'사업장별(당월)'!O23+'[4]사업장별(누계)'!O23 -> 4563 | P23: =+'사업장별(당월)'!P23+'[4]사업장별(누계)'!P23 -> 3192.3434 | Q23: =+P23-O23 -> -1370.6566 | R23: =+'사업장별(당월)'!R23+'[4]사업장별(누계)'!R23 -> 6196.5555 | S23: =+P23-R23 -> -3004.2121 | T23: =+'사업장별(당월)'!T23+'[4]사업장별(누계)'!T23 -> 640.77431 | U23: =+'사업장별(당월)'!U23+'[4]사업장별(누계)'!U23 -> 322.29549 | V23: =+U23-T23 -> -318.47881 | W23: =+'사업장별(당월)'!W23+'[4]사업장별(누계)'!W23 -> 1321.3185 | X23: =+U23-W23 -> -999.023 | Y23: =+[11]제주!$Q$85 -> 126750 | Z23: =+[11]제주!$R$85 -> 126214.5 | AA23: =+[12]제주!$Q$85 -> 119262.48 | AB23: =+[11]제주!$Q$89 -> 90440.913 | AC23: =+[11]제주!$R$89 -> 89489.174 | AD23: =+[12]제주!$Q$89 -> 82696.591 | AE23: =+Y23-AB23 -> 36309.087 | AF23: =+Z23-AC23 -> 36725.33 | AG23: =+AA23-AD23 -> 36565.886 | AI23: 2.2811333
F24: =+U24/T24 -> 0.70030748 | G24: =+K24/J24 -> 0.95052315 | I24: 수도권 | J24: =SUM(J7:J10) -> 775.5 | K24: =SUM(K7:K10) -> 737.1307 | L24: =+K24-J24 -> -38.3693 | M24: =SUM(M7:M10) -> 884.3445 | N24: =+K24-M24 -> -147.2138 | O24: =SUM(O7:O10) -> 77016.006 | P24: =SUM(P7:P10) -> 73185.386 | Q24: =+P24-O24 -> -3830.6199 | R24: =SUM(R7:R10) -> 81743.54 | S24: =+P24-R24 -> -8558.1539 | T24: =SUM(T7:T10) -> 9421.4516 | U24: =SUM(U7:U10) -> 6597.9131 | V24: =+U24-T24 -> -2823.5386 | W24: =SUM(W7:W10) -> 10669.368 | X24: =+U24-W24 -> -4071.4545 | Y24: =+[11]수도권!$Q$85 -> 99311.42 | Z24: =+[11]수도권!$R$85 -> 99296.3 | AA24: =+[12]수도권!$Q$85 -> 92423.211 | AB24: =+[11]수도권!$Q$89 -> 78100.725 | AC24: =+[11]수도권!$R$89 -> 80978.927 | AD24: =+[12]수도권!$Q$89 -> 72643.541 | AE24: =+Y24-AB24 -> 21210.695 | AF24: =+Z24-AC24 -> 18317.373 | AG24: =+AA24-AD24 -> 19779.67 | AI24: 50.692079
F25: =+U25/T25 -> 0.8748411 | G25: =+K25/J25 -> 1.0879602 | I25: 영남권 | J25: =SUM(J11:J18) -> 855 | K25: =SUM(K11:K18) -> 930.206 | L25: =+K25-J25 -> 75.206 | M25: =SUM(M11:M18) -> 988.413 | N25: =+K25-M25 -> -58.207 | O25: =SUM(O11:O18) -> 87271.478 | P25: =SUM(P11:P18) -> 94409.495 | Q25: =+P25-O25 -> 7138.0164 | R25: =SUM(R11:R18) -> 96346.675 | S25: =+P25-R25 -> -1937.1803 | T25: =SUM(T11:T18) -> 12420.08 | U25: =SUM(U11:U18) -> 10865.596 | V25: =+U25-T25 -> -1554.4835 | W25: =SUM(W11:W18) -> 16464.414 | X25: =+U25-W25 -> -5598.8181 | Y25: =+[11]영남권!$Q$85 -> 102071.9 | Z25: =+[11]영남권!$R$85 -> 101505.27 | AA25: =+[12]영남권!$Q$85 -> 97480.602 | AB25: =+[11]영남권!$Q$89 -> 75372.945 | AC25: =+[11]영남권!$R$89 -> 78824.379 | AD25: =+[12]영남권!$Q$89 -> 70954.608 | AE25: =+Y25-AB25 -> 26698.959 | AF25: =+Z25-AC25 -> 22680.887 | AG25: =+AA25-AD25 -> 26525.994 | AI25: 81.156887
F26: =+U26/T26 -> 1.0458355 | G26: =+K26/J26 -> 1.0623396 | I26: 중부권 | J26: =SUM(J19:J23) -> 346 | K26: =SUM(K19:K23) -> 367.5695 | L26: =+K26-J26 -> 21.5695 | M26: =SUM(M19:M23) -> 390.1325 | N26: =+K26-M26 -> -22.563 | O26: =SUM(O19:O23) -> 36627.973 | P26: =SUM(P19:P23) -> 38783.214 | Q26: =+P26-O26 -> 2155.2416 | R26: =SUM(R19:R23) -> 38824.385 | S26: =+P26-R26 -> -41.171194 | T26: =SUM(T19:T23) -> 5912.3542 | U26: =SUM(U19:U23) -> 6183.3502 | V26: =+U26-T26 -> 270.99595 | W26: =SUM(W19:W23) -> 7142.1639 | X26: =+U26-W26 -> -958.8137 | Y26: =+[11]중부권!$Q$85 -> 105861.19 | Z26: =+[11]중부권!$R$85 -> 105499.26 | AA26: =+[12]중부권!$Q$85 -> 99672.852 | AB26: =+[11]중부권!$Q$89 -> 76100.681 | AC26: =+[11]중부권!$R$89 -> 76159.404 | AD26: =+[12]중부권!$Q$89 -> 70008.283 | AE26: =+Y26-AB26 -> 29760.511 | AF26: =+Z26-AC26 -> 29339.851 | AG26: =+AA26-AD26 -> 29664.569 | AI26: 42.265193
F27: =+U27/T27 -> 0.85201978 | G27: =+K27/J27 -> 1.0295503 | H27: 레미콘 계 | J27: =SUM(J24:J26) -> 1976.5 | K27: =SUM(K24:K26) -> 2034.9062 | L27: =+K27-J27 -> 58.4062 | M27: =SUM(M24:M26) -> 2262.89 | N27: =+K27-M27 -> -227.9838 | O27: =SUM(O24:O26) -> 200915.46 | P27: =SUM(P24:P26) -> 206378.1 | Q27: =+P27-O27 -> 5462.6381 | R27: =SUM(R24:R26) -> 216914.6 | S27: =+P27-R27 -> -10536.505 | T27: =SUM(T24:T26) -> 27753.886 | U27: =SUM(U24:U26) -> 23646.86 | V27: =+U27-T27 -> -4107.0261 | W27: =SUM(W24:W26) -> 34275.946 | X27: =+U27-W27 -> -10629.086 | Y27: =+[11]합계!$Q$85 -> 101652.14 | Z27: =+[11]합계!$R$85 -> 101427.41 | AA27: =+[12]합계!$Q$85 -> 95871.987 | AB27: =+[11]합계!$Q$89 -> 76570.613 | AC27: =+[11]합계!$R$89 -> 79121.804 | AD27: =+[12]합계!$Q$89 -> 71455.029 | AE27: =+Y27-AB27 -> 25081.528 | AF27: =+Z27-AC27 -> 22305.608 | AG27: =+AA27-AD27 -> 24416.958 | AI27: 174.11416
B28: 건자재 | E28: 건자재영업 | G28: =+K28/J28 -> 1.2539416 | H28: 건자재 | J28: =+'사업장별(당월)'!J28+'[4]사업장별(누계)'!J28 -> 48700 | K28: =+'사업장별(당월)'!K28+'[4]사업장별(누계)'!K28 -> 61066.958 | L28: =+K28-J28 -> 12366.958 | M28: =+'사업장별(당월)'!M28+'[4]사업장별(누계)'!M28 -> 55688.971 | N28: =+K28-M28 -> 5377.987 | O28: =+'사업장별(당월)'!O28+'[4]사업장별(누계)'!O28 -> 59550.777 | P28: =+'사업장별(당월)'!P28+'[4]사업장별(누계)'!P28 -> 60718.387 | Q28: =+P28-O28 -> 1167.6099 | R28: =+'사업장별(당월)'!R28+'[4]사업장별(누계)'!R28 -> 67531.38 | S28: =+P28-R28 -> -6812.9935 | T28: =+'사업장별(당월)'!T28+'[4]사업장별(누계)'!T28 -> 647.01095 | U28: =+'사업장별(당월)'!U28+'[4]사업장별(누계)'!U28 -> 375.55282 | V28: =+U28-T28 -> -271.45813 | W28: =+'사업장별(당월)'!W28+'[4]사업장별(누계)'!W28 -> 581.68383 | X28: =+U28-W28 -> -206.13101 | Y28: ■ 비고
B29: 부산모래장 | C29: 부산골재 | G29: =+P28/O28 -> 1.019607 | H29: 골재 | I29: 부산모래장 | J29: =+'사업장별(당월)'!J29+'[4]사업장별(누계)'!J29 -> 158.06154 | K29: =+'사업장별(당월)'!K29+'[4]사업장별(누계)'!K29 -> 146.065 | L29: =+K29-J29 -> -11.996539 | M29: =+'사업장별(당월)'!M29+'[4]사업장별(누계)'!M29 -> 175.009 | N29: =+K29-M29 -> -28.944 | O29: =+'사업장별(당월)'!O29+'[4]사업장별(누계)'!O29 -> 4685.178 | P29: =+'사업장별(당월)'!P29+'[4]사업장별(누계)'!P29 -> 4346.1706 | Q29: =+P29-O29 -> -339.00741 | R29: =+'사업장별(당월)'!R29+'[4]사업장별(누계)'!R29 -> 5167.0484 | S29: =+P29-R29 -> -820.87782 | T29: =+'사업장별(당월)'!T29+'[4]사업장별(누계)'!T29 -> 204.76614 | U29: =+'사업장별(당월)'!U29+'[4]사업장별(누계)'!U29 -> 247.71088 | V29: =+U29-T29 -> 42.944744 | W29: =+'사업장별(당월)'!W29+'[4]사업장별(누계)'!W29 -> 245.81278 | X29: =+U29-W29 -> 1.8981051 | Y29: □ 상반기 총 대손 : 9.8억 | AI29: =+T29/100 -> 2.0476614 | AJ29: =+U29/100 -> 2.4771088 | AK29: =+V29/100 -> 0.42944744
B30: 서부산크라샤 | C30: 서부산골재 | I30: 서부산CR | J30: =+'사업장별(당월)'!J30+'[4]사업장별(누계)'!J30 -> 175.58447 | K30: =+'사업장별(당월)'!K30+'[4]사업장별(누계)'!K30 -> 161.702 | L30: =+K30-J30 -> -13.882467 | M30: =+'사업장별(당월)'!M30+'[4]사업장별(누계)'!M30 -> 242.7 | N30: =+K30-M30 -> -80.998 | O30: =+'사업장별(당월)'!O30+'[4]사업장별(누계)'!O30 -> 2248.2182 | P30: =+'사업장별(당월)'!P30+'[4]사업장별(누계)'!P30 -> 2266.774 | Q30: =+P30-O30 -> 18.555797 | R30: =+'사업장별(당월)'!R30+'[4]사업장별(누계)'!R30 -> 2860.756 | S30: =+P30-R30 -> -593.982 | T30: =+'사업장별(당월)'!T30+'[4]사업장별(누계)'!T30 -> 398.0043 | U30: =+'사업장별(당월)'!U30+'[4]사업장별(누계)'!U30 -> 208.62515 | V30: =+U30-T30 -> -189.37915 | W30: =+'사업장별(당월)'!W30+'[4]사업장별(누계)'!W30 -> 560.84013 | X30: =+U30-W30 -> -352.21498 | Y30: - 집합대손 : 2.1억 | AI30: =+T30/100 -> 3.980043 | AJ30: =+U30/100 -> 2.0862515 | AK30: =+V30/100 -> -1.8937915
B31: 부산크라샤 | C31: 부산크라샤 | I31: 부산CR | J31: =+'사업장별(당월)'!J31+'[4]사업장별(누계)'!J31 -> 287.18573 | K31: =+'사업장별(당월)'!K31+'[4]사업장별(누계)'!K31 -> 249.894 | L31: =+K31-J31 -> -37.291733 | M31: =+'사업장별(당월)'!M31+'[4]사업장별(누계)'!M31 -> 7.332 | N31: =+K31-M31 -> 242.562 | O31: =+'사업장별(당월)'!O31+'[4]사업장별(누계)'!O31 -> 5155.3528 | P31: =+'사업장별(당월)'!P31+'[4]사업장별(누계)'!P31 -> 4609.585 | Q31: =+P31-O31 -> -545.7678 | R31: =+'사업장별(당월)'!R31+'[4]사업장별(누계)'!R31 -> 130.815 | S31: =+P31-R31 -> 4478.77 | T31: =+'사업장별(당월)'!T31+'[4]사업장별(누계)'!T31 -> 142.54086 | U31: =+'사업장별(당월)'!U31+'[4]사업장별(누계)'!U31 -> 153.62555 | V31: =+U31-T31 -> 11.084693 | W31: =+'사업장별(당월)'!W31+'[4]사업장별(누계)'!W31 -> -291.15118 | X31: =+U31-W31 -> 444.77673 | Y31: - 개별 대손 : 11.7억(송학 0.9억, 계원토건 1.2억, 남양건설 1.7억, 선원건설 7.9억) | AI31: =+T31/100 -> 1.4254086 | AJ31: =+U31/100 -> 1.5362555 | AK31: =+V31/100 -> 0.11084693
G32: =+K32/J32 -> 0.89824821 | H32: 골재 계 | J32: =SUM(J29:J31) -> 620.83174 | K32: =SUM(K29:K31) -> 557.661 | L32: =+K32-J32 -> -63.170738 | M32: =SUM(M29:M31) -> 425.041 | N32: =+K32-M32 -> 132.62 | O32: =SUM(O29:O31) -> 12088.749 | P32: =SUM(P29:P31) -> 11222.53 | Q32: =+P32-O32 -> -866.21942 | R32: =SUM(R29:R31) -> 8158.6194 | S32: =+P32-R32 -> 3063.9102 | T32: =SUM(T29:T31) -> 745.3113 | U32: =SUM(U29:U31) -> 609.96158 | V32: =+U32-T32 -> -135.34971 | W32: =SUM(W29:W31) -> 515.50173 | X32: =+U32-W32 -> 94.459853 | Y32: - 개별 대손환입 : -3.7억(신일 0.6억, 태영건설 -3.1억) | AI32: =SUM(AI29:AI31) -> 7.453113 | AJ32: =SUM(AJ29:AJ31) -> 6.0996158 | AK32: =SUM(AK29:AK31) -> -1.3534971
B33: 포항임대 | C33: 속초임대 | D33: 강릉임대 | E33: 레미콘임대 계 | H33: 기타 | I33: 레미콘임대 | L33: =+K33-J33 -> 0 | N33: =+K33-M33 -> 0 | O33: =+'사업장별(당월)'!O33+'[4]사업장별(누계)'!O33 -> 635.88 | P33: =+'사업장별(당월)'!P33+'[4]사업장별(누계)'!P33 -> 635.88 | Q33: =+P33-O33 -> 0 | R33: =+'사업장별(당월)'!R33+'[4]사업장별(누계)'!R33 -> 567.13 | S33: =+P33-R33 -> 68.75 | T33: =+'사업장별(당월)'!T33+'[4]사업장별(누계)'!T33 -> 450.26761 | U33: =+'사업장별(당월)'!U33+'[4]사업장별(누계)'!U33 -> 408.82548 | V33: =+U33-T33 -> -41.442129 | W33: =+'사업장별(당월)'!W33+'[4]사업장별(누계)'!W33 -> 372.61374 | X33: =+U33-W33 -> 36.211744
B34: 부동산임대 | C34: 주유소임대 | E34: 임대 계 | I34: 임대 | L34: =+K34-J34 -> 0 | M34: 0 | N34: =+K34-M34 -> 0 | O34: =+'사업장별(당월)'!O34+'[4]사업장별(누계)'!O34 -> 506.0825 | P34: =+'사업장별(당월)'!P34+'[4]사업장별(누계)'!P34 -> 509.29553 | Q34: =+P34-O34 -> 3.2130307 | R34: =+'사업장별(당월)'!R34+'[4]사업장별(누계)'!R34 -> 662.85308 | S34: =+P34-R34 -> -153.55755 | T34: =+'사업장별(당월)'!T34+'[4]사업장별(누계)'!T34 -> 459.45914 | U34: =+'사업장별(당월)'!U34+'[4]사업장별(누계)'!U34 -> 463.7079 | V34: =+U34-T34 -> 4.2487667 | W34: =+'사업장별(당월)'!W34+'[4]사업장별(누계)'!W34 -> 430.29822 | X34: =+U34-W34 -> 33.409687 | AM34: 16
B35: 공 통 비 | G35: ㎥ | I35: 공통비 | L35: =+K35-J35 -> 0 | N35: =+K35-M35 -> 0 | O35: =+'사업장별(당월)'!O35+'[4]사업장별(누계)'!O35 -> 0 | P35: =+'사업장별(당월)'!P35+'[4]사업장별(누계)'!P35 -> 0 | Q35: =+P35-O35 -> 0 | R35: =+'사업장별(당월)'!R35+'[4]사업장별(누계)'!R35 -> 0 | S35: =+P35-R35 -> 0 | T35: =+'사업장별(당월)'!T35+'[4]사업장별(누계)'!T35 -> -10226.759 | U35: =+'사업장별(당월)'!U35+'[4]사업장별(누계)'!U35 -> -10390.772 | V35: =+U35-T35 -> -164.01299 | W35: =+'사업장별(당월)'!W35+'[4]사업장별(누계)'!W35 -> -8166.0362 | X35: =+U35-W35 -> -2224.7355 | AM35: 1
I36: OPC 소급분 | N36: =+K36-M36 -> 0 | O36: =+'사업장별(당월)'!O36+'[4]사업장별(누계)'!O36 -> 0 | P36: =+'사업장별(당월)'!P36+'[4]사업장별(누계)'!P36 -> 0 | Q36: =+P36-O36 -> 0 | R36: =+'사업장별(당월)'!R36+'[4]사업장별(누계)'!R36 -> 0 | S36: =+P36-R36 -> 0 | T36: =+'사업장별(당월)'!T36+'[4]사업장별(누계)'!T36 -> 1329.7 | U36: =+'사업장별(당월)'!U36+'[4]사업장별(누계)'!U36 -> 0 | V36: =+U36-T36 -> -1329.7 | W36: =+'사업장별(당월)'!W36+'[4]사업장별(누계)'!W36 -> 0 | X36: =+U36-W36 -> 0 | AM36: =SUM(AM34:AM35) -> 17
I37: 대손 | N37: =+K37-M37 -> 0 | O37: =+'사업장별(당월)'!O37+'[4]사업장별(누계)'!O37 -> 0 | P37: =+'사업장별(당월)'!P37+'[4]사업장별(누계)'!P37 -> 0 | Q37: =+P37-O37 -> 0 | R37: =+'사업장별(당월)'!R37+'[4]사업장별(누계)'!R37 -> 0 | S37: =+P37-R37 -> 0 | T37: =+'사업장별(당월)'!T37+'[4]사업장별(누계)'!T37 -> 0 | U37: =+'사업장별(당월)'!U37+'[4]사업장별(누계)'!U37 -> -975.50771 | V37: =+U37-T37 -> -975.50771 | W37: =+'사업장별(당월)'!W37+'[4]사업장별(누계)'!W37 -> -1247.0691 | X37: =+U37-W37 -> 271.56142
I38: 미운영 공장 | M38: =SUM(M54:M57) -> 0 | N38: =+K38-M38 -> 0 | O38: =+'사업장별(당월)'!O38+'[4]사업장별(누계)'!O38 -> 0 | P38: =+'사업장별(당월)'!P38+'[4]사업장별(누계)'!P38 -> 0 | Q38: =+P38-O38 -> 0 | R38: =+'사업장별(당월)'!R38+'[4]사업장별(누계)'!R38 -> 188.626 | S38: =+P38-R38 -> -188.626 | T38: =+'사업장별(당월)'!T38+'[4]사업장별(누계)'!T38 -> -232.51098 | U38: =+'사업장별(당월)'!U38+'[4]사업장별(누계)'!U38 -> -295.37435 | V38: =+U38-T38 -> -62.863371 | W38: =+'사업장별(당월)'!W38+'[4]사업장별(누계)'!W38 -> -65.787813 | X38: =+U38-W38 -> -229.58654
B39: 기타 계 | I39: 기타 | L39: =+K39-J39 -> 0 | N39: =+K39-M39 -> 0 | O39: =+'사업장별(당월)'!O39+'[4]사업장별(누계)'!O39 -> 12.39 | P39: =+'사업장별(당월)'!P39+'[4]사업장별(누계)'!P39 -> 12.0338 | Q39: =+P39-O39 -> -0.3562 | R39: =+'사업장별(당월)'!R39+'[4]사업장별(누계)'!R39 -> -21.8181 | S39: =+P39-R39 -> 33.8519 | T39: =+'사업장별(당월)'!T39+'[4]사업장별(누계)'!T39 -> -405.9941 | U39: =+'사업장별(당월)'!U39+'[4]사업장별(누계)'!U39 -> -176.42086 | V39: =+U39-T39 -> 229.57324 | W39: =+'사업장별(당월)'!W39+'[4]사업장별(누계)'!W39 -> -177.01909 | X39: =+U39-W39 -> 0.598227 | AI39: 118774940 | AJ39: -63907430
N40: =+K40-M40 -> 0 | O40: =+'사업장별(당월)'!O40+'[4]사업장별(누계)'!O40 -> 0 | P40: =+'사업장별(당월)'!P40+'[4]사업장별(누계)'!P40 -> 0 | Q40: =+P40-O40 -> 0 | R40: =+'사업장별(당월)'!R40+'[4]사업장별(누계)'!R40 -> 0 | S40: =+P40-R40 -> 0 | T40: =+'사업장별(당월)'!T40+'[4]사업장별(누계)'!T40 -> 0 | U40: =+'사업장별(당월)'!U40+'[4]사업장별(누계)'!U40 -> 0 | V40: =+U40-T40 -> 0 | W40: =+'사업장별(당월)'!W40+'[4]사업장별(누계)'!W40 -> 0 | AI40: 173503008 | AJ40: -310726527
H41: 기타 계 | J41: =SUM(J33:J40) -> 0 | K41: =SUM(K33:K40) -> 0 | L41: =+K41-J41 -> 0 | M41: =SUM(M33:M40) -> 0 | N41: =+K41-M41 -> 0 | O41: =SUM(O33:O40) -> 1154.3525 | P41: =SUM(P33:P40) -> 1157.2093 | Q41: =+P41-O41 -> 2.8568307 | R41: =SUM(R33:R40) -> 1396.791 | S41: =+P41-R41 -> -239.58165 | T41: =SUM(T33:T40) -> -8625.8371 | U41: =SUM(U33:U40) -> -10965.541 | V41: =+U41-T41 -> -2339.7042 | W41: =SUM(W33:W40) -> -8853.0003 | X41: =+U41-W41 -> -2112.541 | AI41: 786272300
AI42: 95057490
G43: =+P43/O43 -> 1.0210694 | H43: 합계 | O43: =+O27+O32+O28+O41 -> 273709.34 | P43: =+P27+P32+P28+P41 -> 279476.22 | Q43: =+P43-O43 -> 5766.8854 | R43: =+R27+R32+R28+R41 -> 294001.39 | S43: =+P43-R43 -> -14525.17 | T43: =+T27+T32+T28+T41 -> 20520.371 | U43: =+U27+U32+U28+U41 -> 13666.833 | V43: =+U43-T43 -> -6853.5382 | W43: =+W27+W32+W28+W41 -> 26520.131 | X43: =+U43-W43 -> -12853.299 | AI43: =SUM(AI39:AI42) -> 1173607738 | AJ43: =SUM(AJ39:AJ42) -> -374633957 | AK43: =SUM(AI43:AJ43) -> 798973781
G44: =+U43/T43 -> 0.66601295 | P44: =+P43/O43 -> 1.0210694 | T44: =+T43/O43 -> 0.074971396 | U44: =+U43/P43 -> 0.048901594
I46: 확인 | J46: =+'사업장별(당월)'!J46+'[4]사업장별(누계)'!J46 -> 1976.5 | K46: =+'사업장별(당월)'!K46+'[4]사업장별(누계)'!K46 -> 2034.9062 | M46: =+'사업장별(당월)'!M46+'[4]사업장별(누계)'!M46 -> 2262.89 | O46: =+'사업장별(당월)'!O46+'[4]사업장별(누계)'!O46 -> 273709.34 | P46: =+'사업장별(당월)'!P46+'[4]사업장별(누계)'!P46 -> 279476.22 | R46: =+'사업장별(당월)'!R46+'[4]사업장별(누계)'!R46 -> 294001.39 | T46: =+'사업장별(당월)'!T46+'[4]사업장별(누계)'!T46 -> 20520.371 | U46: =+'사업장별(당월)'!U46+'[4]사업장별(누계)'!U46 -> 13666.833 | W46: =+'사업장별(당월)'!W46+'[4]사업장별(누계)'!W46 -> 26520.131
J47: =+J46-J27 -> 0 | K47: =+K46-K27 -> 0 | M47: =+M46-M27 -> 0 | O47: =+O46-O43 -> 0 | P47: =+P46-P43 -> 0 | R47: =+R46-R43 -> 0 | T47: =+T46-T43 -> 0 | U47: =+U46-U43 -> 0 | W47: =+W46-W43 -> 0 | Z47: 시그마 5백만원
Z48: 공통 상각비 7천만원
Z49: 회계팀 재고자산평가손실 8.3천만원
T50: =(+T27+T35)/100 -> 175.27127 | U50: =(+U27+U35)/100 -> 132.56088 | V50: =+U50-T50 -> -42.710391
T51: =+T28/100 -> 6.4701095 | U51: =+U28/100 -> 3.7555282 | V51: =+U51-T51 -> -2.7145813
T52: =+T32/100 -> 7.453113 | U52: =+U32/100 -> 6.0996158 | V52: =+U52-T52 -> -1.3534971
T53: =(T33+T34)/100 -> 9.0972675 | U53: =(U33+U34)/100 -> 8.7253339 | V53: =+U53-T53 -> -0.37193362
T54: =(T46/100)-T50-T51-T52-T53 -> 6.9119492 | U54: =(U46/100)-U50-U51-U52-U53 -> -14.473029 | V54: =+U54-T54 -> -21.384978
S56: 임대 | T56: =+(T33+T34)/100 -> 9.0972675 | U56: =+(U33+U34)/100 -> 8.7253339 | V56: =+U56-T56 -> -0.37193362
S57: =+I36 -> OPC 소급분 | T57: =+T36/100 -> 13.297 | U57: =+U36/100 -> 0 | V57: =+U57-T57 -> -13.297
S58: =+I37 -> 대손 | T58: =+T37/100 -> 0 | U58: =+U37/100 -> -9.7550771 | V58: =+U58-T58 -> -9.7550771
S59: =+I38 -> 미운영 공장 | T59: =+T38/100 -> -2.3251098 | U59: =+U38/100 -> -2.9537435 | V59: =+U59-T59 -> -0.62863371
S60: =+I39 -> 기타 | T60: =+T39/100 -> -4.059941 | U60: =+U39/100 -> -1.7642086 | V60: =+U60-T60 -> 2.2957324
T61: =SUM(T56:T60) -> 16.009217 | U61: =SUM(U56:U60) -> -5.7476954 | V61: =SUM(V56:V60) -> -21.756912

Sheet 영업이익
D4: □ 레미콘 영업이익 차이분석(2024-07)
W5: [단위 : 백만원, 천㎥]
D6: 구분 | E6: 영업이익(공통비 미배부) | H6: 물량 차이 | L6: 판매단가 차이 | P6: 제조원가 차이 | T6: 판관비 등 차이
E7: 계획 | F7: 실적 | G7: 차이 | H7: 계획 | I7: 실적 | J7: 차이 | K7: 손익 | L7: 계획 | M7: 실적 | N7: 차이 | O7: 손익 | P7: 계획 | Q7: 실적 | R7: 차이 | S7: 손익 | T7: 계획 | U7: 실적 | V7: 차이 | W7: 손익
D8: 합계 | E8: =+[5]합계!$H$86/1000 -> 4706.4199 | F8: =+[5]합계!$I$86/1000 -> 2724.9975 | G8: =+F8-E8 -> -1981.4224 | H8: =+[5]합계!$T$5/1000 -> 294.5 | I8: =+[5]합계!$U$5/1000 -> 256.6575 | J8: =+I8-H8 -> -37.8425 | K8: =+[5]합계!$M$86/1000 -> -742.66461 | L8: =+[5]합계!$Q$85 -> 102325.34 | M8: =+[5]합계!$R$85 -> 101862.36 | N8: =+M8-L8 -> -462.98019 | O8: =+[5]합계!$K$86/1000 -> -118.57687 | P8: =+[5]합계!$Q$50 -> 82963.561 | Q8: =+[5]합계!$R$50 -> 87148.135 | R8: =+Q8-P8 -> 4184.5737 | S8: =+[5]합계!$L$56/1000 -> -1042.3724 | T8: =+([5]합계!$H$80+[5]합계!$H$85)/1000 -> 995.62297 | U8: =+([5]합계!$I$80+[5]합계!$I$85)/1000 -> 1073.4315 | V8: =+U8-T8 -> 77.8085 | W8: =+([5]합계!$L$80+[5]합계!$L$85)/1000 -> -77.8085 | Y8: =+G8-K8-O8-S8-W8 -> -1.6342483e-12 | Z8: =+Y8*1000000 -> -1.6342483e-06
D9: 수도권 | E9: =+[5]수도권!$H$86/1000 -> 1688.0093 | F9: =+[5]수도권!$I$86/1000 -> 662.28354 | G9: =+F9-E9 -> -1025.7258 | H9: =+[5]수도권!$T$5/1000 -> 115.5 | I9: =+[5]수도권!$U$5/1000 -> 89.348 | J9: =+I9-H9 -> -26.152 | K9: =+[5]수도권!$M$86/1000 -> -460.14882 | L9: =+[5]수도권!$Q$85 -> 100367.83 | M9: =+[5]수도권!$R$85 -> 98771.936 | N9: =+M9-L9 -> -1595.8908 | O9: =+[5]수도권!$K$86/1000 -> -141.82202 | P9: =+[5]수도권!$Q$50 -> 83071.356 | Q9: =+[5]수도권!$R$50 -> 87817.289 | R9: =+Q9-P9 -> 4745.9333 | S9: =+[5]수도권!$L$56/1000 -> -421.73978 | T9: =+([5]수도권!$H$80+[5]수도권!$H$85)/1000 -> 309.73313 | U9: =+([5]수도권!$I$80+[5]수도권!$I$85)/1000 -> 311.74828 | V9: =+U9-T9 -> 2.0151455 | W9: =+([5]수도권!$L$80+[5]수도권!$L$85)/1000 -> -2.0151455 | Y9: =+G9-K9-O9-S9-W9 -> -6.8522965e-13 | Z9: =+Y9*1000000 -> -6.8522965e-07
D10: 영남권 | E10: =+[5]영남권!$H$86/1000 -> 2067.5692 | F10: =+[5]영남권!$I$86/1000 -> 1231.838 | G10: =+F10-E10 -> -835.73119 | H10: =+[5]영남권!$T$5/1000 -> 127 | I10: =+[5]영남권!$U$5/1000 -> 118.756 | J10: =+I10-H10 -> -8.244 | K10: =+[5]영남권!$M$86/1000 -> -168.09394 | L10: =+[5]영남권!$Q$85 -> 102558.71 | M10: =+[5]영남권!$R$85 -> 102226.32 | N10: =+M10-L10 -> -332.38781 | O10: =+[5]영남권!$K$86/1000 -> -39.453103 | P10: =+[5]영남권!$Q$50 -> 82316.18 | Q10: =+[5]영남권!$R$50 -> 87334.565 | R10: =+Q10-P10 -> 5018.3843 | S10: =+[5]영남권!$L$56/1000 -> -566.54242 | T10: =+([5]영남권!$H$80+[5]영남권!$H$85)/1000 -> 503.23166 | U10: =+([5]영남권!$I$80+[5]영남권!$I$85)/1000 -> 564.87338 | V10: =+U10-T10 -> 61.641721 | W10: =+([5]영남권!$L$80+[5]영남권!$L$85)/1000 -> -61.641721 | Y10: =+G10-K10-O10-S10-W10 -> 3.4816594e-13 | Z10: =+Y10*1000000 -> 3.4816594e-07
D11: 기타권 | E11: =+[5]중부권!$H$86/1000 -> 950.84142 | F11: =+[5]중부권!$I$86/1000 -> 830.87596 | G11: =+F11-E11 -> -119.96546 | H11: =+[5]중부권!$T$5/1000 -> 52 | I11: =+[5]중부권!$U$5/1000 -> 48.5535 | J11: =+I11-H11 -> -3.4465 | K11: =+[5]중부권!$M$86/1000 -> -75.127045 | L11: =+[5]중부권!$Q$85 -> 106103.3 | M11: =+[5]중부권!$R$85 -> 106628.96 | N11: =+M11-L11 -> 525.65909 | O11: =+[5]중부권!$K$86/1000 -> 25.522589 | P11: =+[5]중부권!$Q$50 -> 84305.234 | Q11: =+[5]중부권!$R$50 -> 85463.863 | R11: =+Q11-P11 -> 1158.6286 | S11: =+[5]중부권!$L$56/1000 -> -56.209366 | T11: =+([5]중부권!$H$80+[5]중부권!$H$85)/1000 -> 182.65818 | U11: =+([5]중부권!$I$80+[5]중부권!$I$85)/1000 -> 196.80981 | V11: =+U11-T11 -> 14.151633 | W11: =+([5]중부권!$L$80+[5]중부권!$L$85)/1000 -> -14.151633 | Y11: =+G11-K11-O11-S11-W11 -> 3.8369308e-13 | Z11: =+Y11*1000000 -> 3.8369308e-07
D12: 안양 | E12: =+[5]안양!$H$86/1000 -> 584.85549 | F12: =+[5]안양!$I$86/1000 -> 258.59623 | G12: =+F12-E12 -> -326.25926 | H12: =+[5]안양!$T$5/1000 -> 39 | I12: =+[5]안양!$U$5/1000 -> 30.154 | J12: =+I12-H12 -> -8.846 | K12: =+[5]안양!$M$86/1000 -> -154.2794 | L12: =+[5]안양!$Q$85 -> 101178.97 | M12: =+[5]안양!$R$85 -> 100611.3 | N12: =+M12-L12 -> -567.67036 | O12: =+[5]안양!$K$86/1000 -> -17.117532 | P12: =+[5]안양!$Q$50 -> 83738.39 | Q12: =+[5]안양!$R$50 -> 88838.662 | R12: =+Q12-P12 -> 5100.272 | S12: =+[5]안양!$L$56/1000 -> -153.79361 | T12: =+([5]안양!$H$80+[5]안양!$H$85)/1000 -> 95.327261 | U12: =+([5]안양!$I$80+[5]안양!$I$85)/1000 -> 96.395982 | V12: =+U12-T12 -> 1.0687216 | W12: =+([5]안양!$L$80+[5]안양!$L$85)/1000 -> -1.0687216 | Y12: =+G12-K12-O12-S12-W12 -> -1.5587531e-13 | Z12: =+Y12*1000000 -> -1.5587531e-07
D13: 인천 | E13: =+[5]인천!$H$86/1000 -> 480.55943 | F13: =+[5]인천!$I$86/1000 -> 199.80018 | G13: =+F13-E13 -> -280.75925 | H13: =+[5]인천!$T$5/1000 -> 35 | I13: =+[5]인천!$U$5/1000 -> 25.908 | J13: =+I13-H13 -> -9.092 | K13: =+[5]인천!$M$86/1000 -> -150.51528 | L13: =+[5]인천!$Q$85 -> 102422.49 | M13: =+[5]인천!$R$85 -> 100279.7 | N13: =+M13-L13 -> -2142.784 | O13: =+[5]인천!$K$86/1000 -> -55.369538 | P13: =+[5]인천!$Q$50 -> 85975.839 | Q13: =+[5]인천!$R$50 -> 88914.304 | R13: =+Q13-P13 -> 2938.4659 | S13: =+[5]인천!$L$56/1000 -> -75.929981 | T13: =+([5]인천!$H$80+[5]인천!$H$85)/1000 -> 95.073197 | U13: =+([5]인천!$I$80+[5]인천!$I$85)/1000 -> 94.017646 | V13: =+U13-T13 -> -1.0555515 | W13: =+([5]인천!$L$80+[5]인천!$L$85)/1000 -> 1.0555515 | Y13: =+G13-K13-O13-S13-W13 -> -5.7731597e-15 | Z13: =+Y13*1000000 -> -5.7731597e-09
D14: 파주 | E14: =+[5]파주!$H$86/1000 -> 327.18299 | F14: =+[5]파주!$I$86/1000 -> 171.334 | G14: =+F14-E14 -> -155.84899 | H14: =+[5]파주!$T$5/1000 -> 23 | I14: =+[5]파주!$U$5/1000 -> 24.724 | J14: =+I14-H14 -> 1.724 | K14: =+[5]파주!$M$86/1000 -> 23.078382 | L14: =+[5]파주!$Q$85 -> 99223.418 | M14: =+[5]파주!$R$85 -> 95898.5 | N14: =+M14-L14 -> -3324.9178 | O14: =+[5]파주!$K$86/1000 -> -80.931824 | P14: =+[5]파주!$Q$50 -> 82152.366 | Q14: =+[5]파주!$R$50 -> 86075.743 | R14: =+Q14-P14 -> 3923.3773 | S14: =+[5]파주!$L$56/1000 -> -95.46092 | T14: =+([5]파주!$H$80+[5]파주!$H$85)/1000 -> 65.451208 | U14: =+([5]파주!$I$80+[5]파주!$I$85)/1000 -> 67.985837 | V14: =+U14-T14 -> 2.5346292 | W14: =+([5]파주!$L$80+[5]파주!$L$85)/1000 -> -2.5346292 | Y14: =+G14-K14-O14-S14-W14 -> -1.2523316e-13 | Z14: =+Y14*1000000 -> -1.2523316e-07
D15: 김포 | E15: =+[5]김포!$H$86/1000 -> 295.41139 | F15: =+[5]김포!$I$86/1000 -> 32.553125 | G15: =+F15-E15 -> -262.85826 | H15: =+[5]김포!$T$5/1000 -> 18.5 | I15: =+[5]김포!$U$5/1000 -> 8.562 | J15: =+I15-H15 -> -9.938 | K15: =+[5]김포!$M$86/1000 -> -188.01677 | L15: =+[5]김포!$Q$85 -> 96193.432 | M15: =+[5]김포!$R$85 -> 95902.436 | N15: =+M15-L15 -> -290.99643 | O15: =+[5]김포!$K$86/1000 -> -2.4827815 | P15: =+[5]김포!$Q$50 -> 77312.738 | Q15: =+[5]김포!$R$50 -> 85856.03 | R15: =+Q15-P15 -> 8543.2923 | S15: =+[5]김포!$L$56/1000 -> -72.891371 | T15: =+([5]김포!$H$80+[5]김포!$H$85)/1000 -> 53.881464 | U15: =+([5]김포!$I$80+[5]김포!$I$85)/1000 -> 53.348811 | V15: =+U15-T15 -> -0.5326538 | W15: =+([5]김포!$L$80+[5]김포!$L$85)/1000 -> 0.5326538 | Y15: =+G15-K15-O15-S15-W15 -> -4.7184479e-14 | Z15: =+Y15*1000000 -> -4.7184479e-08
D16: 부산 | E16: =+[5]부산!$H$86/1000 -> 395.44491 | F16: =+[5]부산!$I$86/1000 -> 190.61798 | G16: =+F16-E16 -> -204.82693 | H16: =+[5]부산!$T$5/1000 -> 22 | I16: =+[5]부산!$U$5/1000 -> 17.425 | J16: =+I16-H16 -> -4.575 | K16: =+[5]부산!$M$86/1000 -> -103.14342 | L16: =+[5]부산!$Q$85 -> 107599.5 | M16: =+[5]부산!$R$85 -> 110640.8 | N16: =+M16-L16 -> 3041.3008 | O16: =+[5]부산!$K$86/1000 -> 52.994667 | P16: =+[5]부산!$Q$50 -> 85054.492 | Q16: =+[5]부산!$R$50 -> 94481.725 | R16: =+Q16-P16 -> 9427.2327 | S16: =+[5]부산!$L$56/1000 -> -132.39091 | T16: =+([5]부산!$H$80+[5]부산!$H$85)/1000 -> 100.54532 | U16: =+([5]부산!$I$80+[5]부산!$I$85)/1000 -> 122.83259 | V16: =+U16-T16 -> 22.287272 | W16: =+([5]부산!$L$80+[5]부산!$L$85)/1000 -> -22.287272 | Y16: =+G16-K16-O16-S16-W16 -> 6.3948846e-14 | Z16: =+Y16*1000000 -> 6.3948846e-08
D17: 서부산 | E17: =+[5]서부산!$H$86/1000 -> 483.47274 | F17: =+[5]서부산!$I$86/1000 -> 225.63006 | G17: =+F17-E17 -> -257.84268 | H17: =+[5]서부산!$T$5/1000 -> 26 | I17: =+[5]서부산!$U$5/1000 -> 20.05 | J17: =+I17-H17 -> -5.95 | K17: =+[5]서부산!$M$86/1000 -> -129.83285 | L17: =+[5]서부산!$Q$85 -> 103903.25 | M17: =+[5]서부산!$R$85 -> 102695.88 | N17: =+M17-L17 -> -1207.3682 | O17: =+[5]서부산!$K$86/1000 -> -24.135291 | P17: =+[5]서부산!$Q$50 -> 82300.442 | Q17: =+[5]서부산!$R$50 -> 85793.608 | R17: =+Q17-P17 -> 3493.1661 | S17: =+[5]서부산!$L$56/1000 -> -82.34061 | T17: =+([5]서부산!$H$80+[5]서부산!$H$85)/1000 -> 78.200167 | U17: =+([5]서부산!$I$80+[5]서부산!$I$85)/1000 -> 99.734092 | V17: =+U17-T17 -> 21.533925 | W17: =+([5]서부산!$L$80+[5]서부산!$L$85)/1000 -> -21.533925 | Y17: =+G17-K17-O17-S17-W17 -> 5.3290705e-14 | Z17: =+Y17*1000000 -> 5.3290705e-08
D18: 김해 | E18: =+[5]김해!$H$86/1000 -> 134.25265 | F18: =+[5]김해!$I$86/1000 -> 38.555588 | G18: =+F18-E18 -> -95.697063 | H18: =+[5]김해!$T$5/1000 -> 11 | I18: =+[5]김해!$U$5/1000 -> 11.781 | J18: =+I18-H18 -> 0.781 | K18: =+[5]김해!$M$86/1000 -> 12.933904 | L18: =+[5]김해!$Q$85 -> 101000.2 | M18: =+[5]김해!$R$85 -> 96092.581 | N18: =+M18-L18 -> -4907.6187 | O18: =+[5]김해!$K$86/1000 -> -57.816656 | P18: =+[5]김해!$Q$50 -> 84439.503 | Q18: =+[5]김해!$R$50 -> 88369.761 | R18: =+Q18-P18 -> 3930.258 | S18: =+[5]김해!$L$56/1000 -> -42.518598 | T18: =+([5]김해!$H$80+[5]김해!$H$85)/1000 -> 47.915015 | U18: =+([5]김해!$I$80+[5]김해!$I$85)/1000 -> 56.210728 | V18: =+U18-T18 -> 8.2957128 | W18: =+([5]김해!$L$80+[5]김해!$L$85)/1000 -> -8.2957128 | Y18: =+G18-K18-O18-S18-W18 -> -3.1974423e-14 | Z18: =+Y18*1000000 -> -3.1974423e-08
D19: 정관 | E19: =+[5]정관!$H$86/1000 -> 251.83451 | F19: =+[5]정관!$I$86/1000 -> 137.84952 | G19: =+F19-E19 -> -113.98499 | H19: =+[5]정관!$T$5/1000 -> 17 | I19: =+[5]정관!$U$5/1000 -> 17.288 | J19: =+I19-H19 -> 0.288 | K19: =+[5]정관!$M$86/1000 -> 5.4608171 | L19: =+[5]정관!$Q$85 -> 104000 | M19: =+[5]정관!$R$85 -> 100519.69 | N19: =+M19-L19 -> -3480.31 | O19: =+[5]정관!$K$86/1000 -> -60.1676 | P19: =+[5]정관!$Q$50 -> 85038.83 | Q19: =+[5]정관!$R$50 -> 88566.904 | R19: =+Q19-P19 -> 3528.0749 | S19: =+[5]정관!$L$56/1000 -> -52.808879 | T19: =+([5]정관!$H$80+[5]정관!$H$85)/1000 -> 70.505388 | U19: =+([5]정관!$I$80+[5]정관!$I$85)/1000 -> 76.974719 | V19: =+U19-T19 -> 6.4693313 | W19: =+([5]정관!$L$80+[5]정관!$L$85)/1000 -> -6.4693313 | Y19: =+G19-K19-O19-S19-W19 -> -3.2063241e-13 | Z19: =+Y19*1000000 -> -3.2063241e-07
D20: 양산 | E20: =+[5]양산!$H$86/1000 -> 121.0902 | F20: =+[5]양산!$I$86/1000 -> 49.592748 | G20: =+F20-E20 -> -71.497453 | H20: =+[5]양산!$T$5/1000 -> 9 | I20: =+[5]양산!$U$5/1000 -> 11.07 | J20: =+I20-H20 -> 2.07 | K20: =+[5]양산!$M$86/1000 -> 38.481983 | L20: =+[5]양산!$Q$85 -> 97033.997 | M20: =+[5]양산!$R$85 -> 92374.686 | N20: =+M20-L20 -> -4659.3108 | O20: =+[5]양산!$K$86/1000 -> -51.57857 | P20: =+[5]양산!$Q$50 -> 78443.667 | Q20: =+[5]양산!$R$50 -> 84374.151 | R20: =+Q20-P20 -> 5930.4842 | S20: =+[5]양산!$L$56/1000 -> -65.650449 | T20: =+([5]양산!$H$80+[5]양산!$H$85)/1000 -> 46.222768 | U20: =+([5]양산!$I$80+[5]양산!$I$85)/1000 -> 38.973185 | V20: =+U20-T20 -> -7.2495832 | W20: =+([5]양산!$L$80+[5]양산!$L$85)/1000 -> 7.2495832 | Y20: =+G20-K20-O20-S20-W20 -> -8.5265128e-14 | Z20: =+Y20*1000000 -> -8.5265128e-08
D21: 창원 | E21: =+[5]창원!$H$86/1000 -> 282.65073 | F21: =+[5]창원!$I$86/1000 -> 173.4925 | G21: =+F21-E21 -> -109.15823 | H21: =+[5]창원!$T$5/1000 -> 16 | I21: =+[5]창원!$U$5/1000 -> 13.4055 | J21: =+I21-H21 -> -2.5945 | K21: =+[5]창원!$M$86/1000 -> -57.503592 | L21: =+[5]창원!$Q$85 -> 101701.81 | M21: =+[5]창원!$R$85 -> 101375.93 | N21: =+M21-L21 -> -325.88098 | O21: =+[5]창원!$K$86/1000 -> -4.3685975 | P21: =+[5]창원!$Q$50 -> 79538.162 | Q21: =+[5]창원!$R$50 -> 82531.467 | R21: =+Q21-P21 -> 2993.305 | S21: =+[5]창원!$L$56/1000 -> -39.862061 | T21: =+([5]창원!$H$80+[5]창원!$H$85)/1000 -> 71.967682 | U21: =+([5]창원!$I$80+[5]창원!$I$85)/1000 -> 79.391664 | V21: =+U21-T21 -> 7.4239822 | W21: =+([5]창원!$L$80+[5]창원!$L$85)/1000 -> -7.4239822 | Y21: =+G21-K21-O21-S21-W21 -> -1.110223e-13 | Z21: =+Y21*1000000 -> -1.110223e-07
D22: 대구 | E22: =+[5]대구!$H$86/1000 -> 299.58492 | F22: =+[5]대구!$I$86/1000 -> 175.5937 | G22: =+F22-E22 -> -123.99122 | H22: =+[5]대구!$T$5/1000 -> 16 | I22: =+[5]대구!$U$5/1000 -> 12.691 | J22: =+I22-H22 -> -3.309 | K22: =+[5]대구!$M$86/1000 -> -72.108143 | L22: =+[5]대구!$Q$85 -> 97760 | M22: =+[5]대구!$R$85 -> 103120.52 | N22: =+M22-L22 -> 5360.5216 | O22: =+[5]대구!$K$86/1000 -> 68.03038 | P22: =+[5]대구!$Q$50 -> 75968.479 | Q22: =+[5]대구!$R$50 -> 85296.793 | R22: =+Q22-P22 -> 9328.3143 | S22: =+[5]대구!$L$56/1000 -> -118.38564 | T22: =+([5]대구!$H$80+[5]대구!$H$85)/1000 -> 49.079415 | U22: =+([5]대구!$I$80+[5]대구!$I$85)/1000 -> 50.60724 | V22: =+U22-T22 -> 1.5278246 | W22: =+([5]대구!$L$80+[5]대구!$L$85)/1000 -> -1.5278246 | Y22: =+G22-K22-O22-S22-W22 -> -1.2367884e-13 | Z22: =+Y22*1000000 -> -1.2367884e-07
D23: 울산 | E23: =+[5]울산!$H$86/1000 -> 99.238541 | F23: =+[5]울산!$I$86/1000 -> 240.50593 | G23: =+F23-E23 -> 141.26739 | H23: =+[5]울산!$T$5/1000 -> 10 | I23: =+[5]울산!$U$5/1000 -> 15.0455 | J23: =+I23-H23 -> 5.0455 | K23: =+[5]울산!$M$86/1000 -> 69.645279 | L23: =+[5]울산!$Q$85 -> 101258.51 | M23: =+[5]울산!$R$85 -> 105872.99 | N23: =+M23-L23 -> 4614.4779 | O23: =+[5]울산!$K$86/1000 -> 69.427128 | P23: =+[5]울산!$Q$50 -> 87455.07 | Q23: =+[5]울산!$R$50 -> 87219.235 | R23: =+Q23-P23 -> -235.83503 | S23: =+[5]울산!$L$56/1000 -> 3.5482428 | T23: =+([5]울산!$H$80+[5]울산!$H$85)/1000 -> 38.795903 | U23: =+([5]울산!$I$80+[5]울산!$I$85)/1000 -> 40.14916 | V23: =+U23-T23 -> 1.3532567 | W23: =+([5]울산!$L$80+[5]울산!$L$85)/1000 -> -1.3532567 | Y23: =+G23-K23-O23-S23-W23 -> 1.6786572e-13 | Z23: =+Y23*1000000 -> 1.6786572e-07
D24: 아산 | E24: =+[5]아산!$H$86/1000 -> 373.79144 | F24: =+[5]아산!$I$86/1000 -> 395.11046 | G24: =+F24-E24 -> 21.319019 | H24: =+[5]아산!$T$5/1000 -> 24 | I24: =+[5]아산!$U$5/1000 -> 24.195 | J24: =+I24-H24 -> 0.195 | K24: =+[5]아산!$M$86/1000 -> 3.6401298 | L24: =+[5]아산!$Q$85 -> 101000.15 | M24: =+[5]아산!$R$85 -> 102242.86 | N24: =+M24-L24 -> 1242.7109 | O24: =+[5]아산!$K$86/1000 -> 30.06739 | P24: =+[5]아산!$Q$50 -> 82332.818 | Q24: =+[5]아산!$R$50 -> 82551.019 | R24: =+Q24-P24 -> 218.20139 | S24: =+[5]아산!$L$56/1000 -> -4.9536204 | T24: =+([5]아산!$H$80+[5]아산!$H$85)/1000 -> 74.224529 | U24: =+([5]아산!$I$80+[5]아산!$I$85)/1000 -> 81.659409 | V24: =+U24-T24 -> 7.4348801 | W24: =+([5]아산!$L$80+[5]아산!$L$85)/1000 -> -7.4348801 | Y24: =+G24-K24-O24-S24-W24 -> 3.4550141e-13 | Z24: =+Y24*1000000 -> 3.4550141e-07
D25: 전주 | E25: =+[5]전주!$H$86/1000 -> 166.47873 | F25: =+[5]전주!$I$86/1000 -> 44.821658 | G25: =+F25-E25 -> -121.65708 | H25: =+[5]전주!$T$5/1000 -> 10 | I25: =+[5]전주!$U$5/1000 -> 8.0735 | J25: =+I25-H25 -> -1.9265 | K25: =+[5]전주!$M$86/1000 -> -41.329757 | L25: =+[5]전주!$Q$85 -> 103006.91 | M25: =+[5]전주!$R$85 -> 95009.847 | N25: =+M25-L25 -> -7997.067 | O25: =+[5]전주!$K$86/1000 -> -64.56432 | P25: =+[5]전주!$Q$50 -> 81553.627 | Q25: =+[5]전주!$R$50 -> 83307.77 | R25: =+Q25-P25 -> 1754.1429 | S25: =+[5]전주!$L$56/1000 -> -14.162075 | T25: =+([5]전주!$H$80+[5]전주!$H$85)/1000 -> 48.054133 | U25: =+([5]전주!$I$80+[5]전주!$I$85)/1000 -> 49.655056 | V25: =+U25-T25 -> 1.6009234 | W25: =+([5]전주!$L$80+[5]전주!$L$85)/1000 -> -1.6009234 | Y25: =+G25-K25-O25-S25-W25 -> -1.2612134e-13 | Z25: =+Y25*1000000 -> -1.2612134e-07
D26: 군산 | E26: =+[5]군산!$H$86/1000 -> 198.85369 | F26: =+[5]군산!$I$86/1000 -> 241.03226 | G26: =+F26-E26 -> 42.178571 | H26: =+[5]군산!$T$5/1000 -> 7 | I26: =+[5]군산!$U$5/1000 -> 7.211 | J26: =+I26-H26 -> 0.211 | K26: =+[5]군산!$M$86/1000 -> 6.6043968 | L26: =+[5]군산!$Q$85 -> 108999.86 | M26: =+[5]군산!$R$85 -> 119960.37 | N26: =+M26-L26 -> 10960.512 | O26: =+[5]군산!$K$86/1000 -> 79.03625 | P26: =+[5]군산!$Q$50 -> 77699.403 | Q26: =+[5]군산!$R$50 -> 83561.155 | R26: =+Q26-P26 -> 5861.752 | S26: =+[5]군산!$L$56/1000 -> -42.269095 | T26: =+([5]군산!$H$80+[5]군산!$H$85)/1000 -> 20.24952 | U26: =+([5]군산!$I$80+[5]군산!$I$85)/1000 -> 21.4425 | V26: =+U26-T26 -> 1.1929808 | W26: =+([5]군산!$L$80+[5]군산!$L$85)/1000 -> -1.1929808 | Y26: =+G26-K26-O26-S26-W26 -> 2.220446e-14 | Z26: =+Y26*1000000 -> 2.220446e-08
D27: 원주 | E27: =+[5]원주!$H$86/1000 -> 88.943823 | F27: =+[5]원주!$I$86/1000 -> 120.92349 | G27: =+F27-E27 -> 31.979663 | H27: =+[5]원주!$T$5/1000 -> 5 | I27: =+[5]원주!$U$5/1000 -> 5.1725 | J27: =+I27-H27 -> 0.1725 | K27: =+[5]원주!$M$86/1000 -> 3.5948809 | L27: =+[5]원주!$Q$85 -> 107900 | M27: =+[5]원주!$R$85 -> 114543.58 | N27: =+M27-L27 -> 6643.5756 | O27: =+[5]원주!$K$86/1000 -> 34.363895 | P27: =+[5]원주!$Q$50 -> 87060.111 | Q27: =+[5]원주!$R$50 -> 87681.471 | R27: =+Q27-P27 -> 621.36001 | S27: =+[5]원주!$L$56/1000 -> -3.2139892 | T27: =+([5]원주!$H$80+[5]원주!$H$85)/1000 -> 15.255623 | U27: =+([5]원주!$I$80+[5]원주!$I$85)/1000 -> 18.020746 | V27: =+U27-T27 -> 2.7651237 | W27: =+([5]원주!$L$80+[5]원주!$L$85)/1000 -> -2.7651237 | Y27: =+G27-K27-O27-S27-W27 -> 3.907985e-14 | Z27: =+Y27*1000000 -> 3.907985e-08
D28: 제주 | E28: =+[5]제주!$H$86/1000 -> 122.77373 | F28: =+[5]제주!$I$86/1000 -> 28.988095 | G28: =+F28-E28 -> -93.785634 | H28: =+[5]제주!$T$5/1000 -> 6 | I28: =+[5]제주!$U$5/1000 -> 3.9015 | J28: =+I28-H28 -> -2.0985 | K28: =+[5]제주!$M$86/1000 -> -51.639924 | L28: =+[5]제주!$Q$85 -> 126800 | M28: =+[5]제주!$R$85 -> 122740.08 | N28: =+M28-L28 -> -4059.9234 | O28: =+[5]제주!$K$86/1000 -> -15.839791 | P28: =+[5]제주!$Q$50 -> 102191.98 | Q28: =+[5]제주!$R$50 -> 108637.76 | R28: =+Q28-P28 -> 6445.7726 | S28: =+[5]제주!$L$56/1000 -> -25.148194 | T28: =+([5]제주!$H$80+[5]제주!$H$85)/1000 -> 24.874374 | U28: =+([5]제주!$I$80+[5]제주!$I$85)/1000 -> 26.032099 | V28: =+U28-T28 -> 1.1577252 | W28: =+([5]제주!$L$80+[5]제주!$L$85)/1000 -> -1.1577252 | Y28: =+G28-K28-O28-S28-W28 -> 2.4424907e-15 | Z28: =+Y28*1000000 -> 2.4424907e-09

Sheet 공헌이익
D4: □ 레미콘 단위당 공헌이익(2024-07)
V5: [단위 : 원/㎥]
D6: 구분 | E6: 판매단가 | H6: 재료비 | K6: 운반비 | N6: 유류비 | Q6: 변동비 계 | T6: 공헌이익
E7: 계획 | F7: 실적 | G7: 차이 | H7: 계획 | I7: 실적 | J7: 차이 | K7: 계획 | L7: 실적 | M7: 차이 | N7: 계획 | O7: 실적 | P7: 차이 | Q7: 계획 | R7: 실적 | S7: 차이 | T7: 계획 | U7: 실적 | V7: 차이
D8: 평균 | E8: =+[5]합계!$Q$85 -> 102325.34 | F8: =+[5]합계!$R$85 -> 101862.36 | G8: =+F8-E8 -> -462.98019 | H8: =+[5]합계!$Q$20 -> 58025.915 | I8: =+[5]합계!$R$20 -> 60828.504 | J8: =+I8-H8 -> 2802.5891 | K8: =+[5]합계!$Q$21 -> 17893.482 | L8: =+[5]합계!$R$21 -> 18260.577 | M8: =+L8-K8 -> 367.09525 | N8: =+[5]합계!$Q$22 -> 191.17148 | O8: =+[5]합계!$R$22 -> 238.19205 | P8: =+O8-N8 -> 47.020578 | Q8: =H8+K8+N8 -> 76110.569 | R8: =I8+L8+O8 -> 79327.273 | S8: =+R8-Q8 -> 3216.7049 | T8: =+E8-Q8 -> 26214.768 | U8: =+F8-R8 -> 22535.083 | V8: =+U8-T8 -> -3679.6851
D9: 수도권 | E9: =+[5]수도권!$Q$85 -> 100367.83 | F9: =+[5]수도권!$R$85 -> 98771.936 | G9: =+F9-E9 -> -1595.8908 | H9: =+[5]수도권!$Q$20 -> 59477.051 | I9: =+[5]수도권!$R$20 -> 62287.216 | J9: =+I9-H9 -> 2810.1655 | K9: =+[5]수도권!$Q$21 -> 17689.963 | L9: =+[5]수도권!$R$21 -> 18275.143 | M9: =+L9-K9 -> 585.1808 | N9: =+[5]수도권!$Q$22 -> 217.31602 | O9: =+[5]수도권!$R$22 -> 216.59605 | P9: =+O9-N9 -> -0.71997101 | Q9: =H9+K9+N9 -> 77384.329 | R9: =I9+L9+O9 -> 80778.956 | S9: =+R9-Q9 -> 3394.6264 | T9: =+E9-Q9 -> 22983.498 | U9: =+F9-R9 -> 17992.981 | V9: =+U9-T9 -> -4990.5171
D10: 영남권 | E10: =+[5]영남권!$Q$85 -> 102558.71 | F10: =+[5]영남권!$R$85 -> 102226.32 | G10: =+F10-E10 -> -332.38781 | H10: =+[5]영남권!$Q$20 -> 56721.66 | I10: =+[5]영남권!$R$20 -> 60137.609 | J10: =+I10-H10 -> 3415.9488 | K10: =+[5]영남권!$Q$21 -> 18008.441 | L10: =+[5]영남권!$R$21 -> 19103.289 | M10: =+L10-K10 -> 1094.8473 | N10: =+[5]영남권!$Q$22 -> 175.19685 | O10: =+[5]영남권!$R$22 -> 267.64967 | P10: =+O10-N10 -> 92.452815 | Q10: =H10+K10+N10 -> 74905.298 | R10: =I10+L10+O10 -> 79508.547 | S10: =+R10-Q10 -> 4603.2489 | T10: =+E10-Q10 -> 27653.409 | U10: =+F10-R10 -> 22717.772 | V10: =+U10-T10 -> -4935.6367
D11: 기타권 | E11: =+[5]중부권!$Q$85 -> 106103.3 | F11: =+[5]중부권!$R$85 -> 106628.96 | G11: =+F11-E11 -> 525.65909 | H11: =+[5]중부권!$Q$20 -> 57988.111 | I11: =+[5]중부권!$R$20 -> 59874.853 | J11: =+I11-H11 -> 1886.7424 | K11: =+[5]중부권!$Q$21 -> 18064.765 | L11: =+[5]중부권!$R$21 -> 16146.62 | M11: =+L11-K11 -> -1918.1453 | N11: =+[5]중부권!$Q$22 -> 172.11538 | O11: =+[5]중부권!$R$22 -> 204.68155 | P11: =+O11-N11 -> 32.566164 | Q11: =H11+K11+N11 -> 76224.991 | R11: =I11+L11+O11 -> 76226.154 | S11: =+R11-Q11 -> 1.163259 | T11: =+E11-Q11 -> 29878.312 | U11: =+F11-R11 -> 30402.808 | V11: =+U11-T11 -> 524.49583
D12: 안양 | E12: =+[5]안양!$Q$85 -> 101178.97 | F12: =+[5]안양!$R$85 -> 100611.3 | G12: =+F12-E12 -> -567.67036 | H12: =+[5]안양!$Q$20 -> 61254.997 | I12: =+[5]안양!$R$20 -> 65025.608 | J12: =+I12-H12 -> 3770.6112 | K12: =+[5]안양!$Q$21 -> 17104.76 | L12: =+[5]안양!$R$21 -> 17366.728 | M12: =+L12-K12 -> 261.96799 | N12: =+[5]안양!$Q$22 -> 192.30769 | O12: =+[5]안양!$R$22 -> 237.45457 | P12: =+O12-N12 -> 45.146874 | Q12: =H12+K12+N12 -> 78552.065 | R12: =I12+L12+O12 -> 82629.791 | S12: =+R12-Q12 -> 4077.7261 | T12: =+E12-Q12 -> 22626.908 | U12: =+F12-R12 -> 17981.511 | V12: =+U12-T12 -> -4645.3965
D13: 인천 | E13: =+[5]인천!$Q$85 -> 102422.49 | F13: =+[5]인천!$R$85 -> 100279.7 | G13: =+F13-E13 -> -2142.784 | H13: =+[5]인천!$Q$20 -> 62617.98 | I13: =+[5]인천!$R$20 -> 63943.182 | J13: =+I13-H13 -> 1325.2015 | K13: =+[5]인천!$Q$21 -> 17607.206 | L13: =+[5]인천!$R$21 -> 17414.04 | M13: =+L13-K13 -> -193.16614 | N13: =+[5]인천!$Q$22 -> 314.28571 | O13: =+[5]인천!$R$22 -> 290.67121 | P13: =+O13-N13 -> -23.614507 | Q13: =H13+K13+N13 -> 80539.473 | R13: =I13+L13+O13 -> 81647.893 | S13: =+R13-Q13 -> 1108.4209 | T13: =+E13-Q13 -> 21883.013 | U13: =+F13-R13 -> 18631.808 | V13: =+U13-T13 -> -3251.2049
D14: 파주 | E14: =+[5]파주!$Q$85 -> 99223.418 | F14: =+[5]파주!$R$85 -> 95898.5 | G14: =+F14-E14 -> -3324.9178 | H14: =+[5]파주!$Q$20 -> 56530.484 | I14: =+[5]파주!$R$20 -> 59351.043 | J14: =+I14-H14 -> 2820.559 | K14: =+[5]파주!$Q$21 -> 18619.025 | L14: =+[5]파주!$R$21 -> 20278.359 | M14: =+L14-K14 -> 1659.3344 | N14: =+[5]파주!$Q$22 -> 202.5 | O14: =+[5]파주!$R$22 -> 157.74734 | P14: =+O14-N14 -> -44.752659 | Q14: =H14+K14+N14 -> 75352.008 | R14: =I14+L14+O14 -> 79787.149 | S14: =+R14-Q14 -> 4435.1407 | T14: =+E14-Q14 -> 23871.41 | U14: =+F14-R14 -> 16111.351 | V14: =+U14-T14 -> -7760.0585
D15: 김포 | E15: =+[5]김포!$Q$85 -> 96193.432 | F15: =+[5]김포!$R$85 -> 95902.436 | G15: =+F15-E15 -> -290.99643 | H15: =+[5]김포!$Q$20 -> 53449.947 | I15: =+[5]김포!$R$20 -> 55974.628 | J15: =+I15-H15 -> 2524.6812 | K15: =+[5]김포!$Q$21 -> 17925.148 | L15: =+[5]김포!$R$21 -> 18375.816 | M15: =+L15-K15 -> 450.66854 | N15: =+[5]김포!$Q$22 -> 105 | O15: =+[5]김포!$R$22 -> 86.506095 | P15: =+O15-N15 -> -18.493905 | Q15: =H15+K15+N15 -> 71480.095 | R15: =I15+L15+O15 -> 74436.951 | S15: =+R15-Q15 -> 2956.8558 | T15: =+E15-Q15 -> 24713.337 | U15: =+F15-R15 -> 21465.485 | V15: =+U15-T15 -> -3247.8522
D16: 부산 | E16: =+[5]부산!$Q$85 -> 107599.5 | F16: =+[5]부산!$R$85 -> 110640.8 | G16: =+F16-E16 -> 3041.3008 | H16: =+[5]부산!$Q$20 -> 58025.45 | I16: =+[5]부산!$R$20 -> 64404.242 | J16: =+I16-H16 -> 6378.7919 | K16: =+[5]부산!$Q$21 -> 19638.391 | L16: =+[5]부산!$R$21 -> 20076.459 | M16: =+L16-K16 -> 438.06786 | N16: =+[5]부산!$Q$22 -> 45.454545 | O16: =+[5]부산!$R$22 -> 0 | P16: =+O16-N16 -> -45.454545 | Q16: =H16+K16+N16 -> 77709.296 | R16: =I16+L16+O16 -> 84480.701 | S16: =+R16-Q16 -> 6771.4052 | T16: =+E16-Q16 -> 29890.207 | U16: =+F16-R16 -> 26160.103 | V16: =+U16-T16 -> -3730.1044
D17: 서부산 | E17: =+[5]서부산!$Q$85 -> 103903.25 | F17: =+[5]서부산!$R$85 -> 102695.88 | G17: =+F17-E17 -> -1207.3682 | H17: =+[5]서부산!$Q$20 -> 59855.19 | I17: =+[5]서부산!$R$20 -> 61255.876 | J17: =+I17-H17 -> 1400.6854 | K17: =+[5]서부산!$Q$21 -> 16266.59 | L17: =+[5]서부산!$R$21 -> 17233.712 | M17: =+L17-K17 -> 967.1215 | N17: =+[5]서부산!$Q$22 -> 76.923077 | O17: =+[5]서부산!$R$22 -> 629.61631 | P17: =+O17-N17 -> 552.69323 | Q17: =H17+K17+N17 -> 76198.703 | R17: =I17+L17+O17 -> 79119.203 | S17: =+R17-Q17 -> 2920.5002 | T17: =+E17-Q17 -> 27704.543 | U17: =+F17-R17 -> 23576.674 | V17: =+U17-T17 -> -4127.8684
D18: 김해 | E18: =+[5]김해!$Q$85 -> 101000.2 | F18: =+[5]김해!$R$85 -> 96092.581 | G18: =+F18-E18 -> -4907.6187 | H18: =+[5]김해!$Q$20 -> 57614.512 | I18: =+[5]김해!$R$20 -> 59926.634 | J18: =+I18-H18 -> 2312.1224 | K18: =+[5]김해!$Q$21 -> 18117.643 | L18: =+[5]김해!$R$21 -> 20499.884 | M18: =+L18-K18 -> 2382.2401 | N18: =+[5]김해!$Q$22 -> 445.45455 | O18: =+[5]김해!$R$22 -> 481.43791 | P18: =+O18-N18 -> 35.983363 | Q18: =H18+K18+N18 -> 76177.61 | R18: =I18+L18+O18 -> 80907.956 | S18: =+R18-Q18 -> 4730.3458 | T18: =+E18-Q18 -> 24822.59 | U18: =+F18-R18 -> 15184.626 | V18: =+U18-T18 -> -9637.9646
D19: 정관 | E19: =+[5]정관!$Q$85 -> 104000 | F19: =+[5]정관!$R$85 -> 100519.69 | G19: =+F19-E19 -> -3480.31 | H19: =+[5]정관!$Q$20 -> 58570.533 | I19: =+[5]정관!$R$20 -> 62001.707 | J19: =+I19-H19 -> 3431.1744 | K19: =+[5]정관!$Q$21 -> 19052.271 | L19: =+[5]정관!$R$21 -> 19711.589 | M19: =+L19-K19 -> 659.31796 | N19: =+[5]정관!$Q$22 -> 264.70588 | O19: =+[5]정관!$R$22 -> 197.12692 | P19: =+O19-N19 -> -67.57896 | Q19: =H19+K19+N19 -> 77887.509 | R19: =I19+L19+O19 -> 81910.423 | S19: =+R19-Q19 -> 4022.9134 | T19: =+E19-Q19 -> 26112.491 | U19: =+F19-R19 -> 18609.267 | V19: =+U19-T19 -> -7503.2235
D20: 양산 | E20: =+[5]양산!$Q$85 -> 97033.997 | F20: =+[5]양산!$R$85 -> 92374.686 | G20: =+F20-E20 -> -4659.3108 | H20: =+[5]양산!$Q$20 -> 51122 | I20: =+[5]양산!$R$20 -> 57550.041 | J20: =+I20-H20 -> 6428.0407 | K20: =+[5]양산!$Q$21 -> 17357.066 | L20: =+[5]양산!$R$21 -> 18190.842 | M20: =+L20-K20 -> 833.77587 | N20: =+[5]양산!$Q$22 -> 105.55556 | O20: =+[5]양산!$R$22 -> 21.369919 | P20: =+O20-N20 -> -84.185637 | Q20: =H20+K20+N20 -> 68584.622 | R20: =I20+L20+O20 -> 75762.253 | S20: =+R20-Q20 -> 7177.631 | T20: =+E20-Q20 -> 28449.374 | U20: =+F20-R20 -> 16612.433 | V20: =+U20-T20 -> -11836.942
D21: 창원 | E21: =+[5]창원!$Q$85 -> 101701.81 | F21: =+[5]창원!$R$85 -> 101375.93 | G21: =+F21-E21 -> -325.88098 | H21: =+[5]창원!$Q$20 -> 55782.286 | I21: =+[5]창원!$R$20 -> 57166.229 | J21: =+I21-H21 -> 1383.9427 | K21: =+[5]창원!$Q$21 -> 16565.951 | L21: =+[5]창원!$R$21 -> 16863.281 | M21: =+L21-K21 -> 297.33023 | N21: =+[5]창원!$Q$22 -> 75 | O21: =+[5]창원!$R$22 -> 108.94521 | P21: =+O21-N21 -> 33.945209 | Q21: =H21+K21+N21 -> 72423.237 | R21: =I21+L21+O21 -> 74138.455 | S21: =+R21-Q21 -> 1715.2181 | T21: =+E21-Q21 -> 29278.575 | U21: =+F21-R21 -> 27237.476 | V21: =+U21-T21 -> -2041.0991
D22: 대구 | E22: =+[5]대구!$Q$85 -> 97760 | F22: =+[5]대구!$R$85 -> 103120.52 | G22: =+F22-E22 -> 5360.5216 | H22: =+[5]대구!$Q$20 -> 51286.245 | I22: =+[5]대구!$R$20 -> 55059.434 | J22: =+I22-H22 -> 3773.189 | K22: =+[5]대구!$Q$21 -> 17358.299 | L22: =+[5]대구!$R$21 -> 20245.766 | M22: =+L22-K22 -> 2887.4675 | N22: =+[5]대구!$Q$22 -> 318.75 | O22: =+[5]대구!$R$22 -> 330.63147 | P22: =+O22-N22 -> 11.881471 | Q22: =H22+K22+N22 -> 68963.293 | R22: =I22+L22+O22 -> 75635.831 | S22: =+R22-Q22 -> 6672.5381 | T22: =+E22-Q22 -> 28796.707 | U22: =+F22-R22 -> 27484.69 | V22: =+U22-T22 -> -1312.0164
D23: 울산 | E23: =+[5]울산!$Q$85 -> 101258.51 | F23: =+[5]울산!$R$85 -> 105872.99 | G23: =+F23-E23 -> 4614.4779 | H23: =+[5]울산!$Q$20 -> 56820.278 | I23: =+[5]울산!$R$20 -> 60427.069 | J23: =+I23-H23 -> 3606.7912 | K23: =+[5]울산!$Q$21 -> 20991.184 | L23: =+[5]울산!$R$21 -> 20588.356 | M23: =+L23-K23 -> -402.82798 | N23: =+[5]울산!$Q$22 -> 260 | O23: =+[5]울산!$R$22 -> 237.92835 | P23: =+O23-N23 -> -22.071649 | Q23: =H23+K23+N23 -> 78071.462 | R23: =I23+L23+O23 -> 81253.354 | S23: =+R23-Q23 -> 3181.8916 | T23: =+E23-Q23 -> 23187.052 | U23: =+F23-R23 -> 24619.638 | V23: =+U23-T23 -> 1432.5863
D24: 아산 | E24: =+[5]아산!$Q$85 -> 101000.15 | F24: =+[5]아산!$R$85 -> 102242.86 | G24: =+F24-E24 -> 1242.7109 | H24: =+[5]아산!$Q$20 -> 55812.421 | I24: =+[5]아산!$R$20 -> 58705.203 | J24: =+I24-H24 -> 2892.7816 | K24: =+[5]아산!$Q$21 -> 20629.19 | L24: =+[5]아산!$R$21 -> 16788.772 | M24: =+L24-K24 -> -3840.4184 | N24: =+[5]아산!$Q$22 -> 166.66667 | O24: =+[5]아산!$R$22 -> 216.56848 | P24: =+O24-N24 -> 49.901815 | Q24: =H24+K24+N24 -> 76608.278 | R24: =I24+L24+O24 -> 75710.543 | S24: =+R24-Q24 -> -897.73499 | T24: =+E24-Q24 -> 24391.872 | U24: =+F24-R24 -> 26532.318 | V24: =+U24-T24 -> 2140.4459
D25: 전주 | E25: =+[5]전주!$Q$85 -> 103006.91 | F25: =+[5]전주!$R$85 -> 95009.847 | G25: =+F25-E25 -> -7997.067 | H25: =+[5]전주!$Q$20 -> 55175.167 | I25: =+[5]전주!$R$20 -> 54488.901 | J25: =+I25-H25 -> -686.26586 | K25: =+[5]전주!$Q$21 -> 17135.006 | L25: =+[5]전주!$R$21 -> 17338.382 | M25: =+L25-K25 -> 203.37558 | N25: =+[5]전주!$Q$22 -> 300 | O25: =+[5]전주!$R$22 -> 45.683161 | P25: =+O25-N25 -> -254.31684 | Q25: =H25+K25+N25 -> 72610.173 | R25: =I25+L25+O25 -> 71872.966 | S25: =+R25-Q25 -> -737.20713 | T25: =+E25-Q25 -> 30396.741 | U25: =+F25-R25 -> 23136.881 | V25: =+U25-T25 -> -7259.8598
D26: 군산 | E26: =+[5]군산!$Q$85 -> 108999.86 | F26: =+[5]군산!$R$85 -> 119960.37 | G26: =+F26-E26 -> 10960.512 | H26: =+[5]군산!$Q$20 -> 56475.837 | I26: =+[5]군산!$R$20 -> 61010.56 | J26: =+I26-H26 -> 4534.7238 | K26: =+[5]군산!$Q$21 -> 13171.534 | L26: =+[5]군산!$R$21 -> 14093.748 | M26: =+L26-K26 -> 922.2142 | N26: =+[5]군산!$Q$22 -> 64.285714 | O26: =+[5]군산!$R$22 -> 59.122729 | P26: =+O26-N26 -> -5.1629851 | Q26: =H26+K26+N26 -> 69711.657 | R26: =I26+L26+O26 -> 75163.432 | S26: =+R26-Q26 -> 5451.775 | T26: =+E26-Q26 -> 39288.205 | U26: =+F26-R26 -> 44796.941 | V26: =+U26-T26 -> 5508.7367
D27: 원주 | E27: =+[5]원주!$Q$85 -> 107900 | F27: =+[5]원주!$R$85 -> 114543.58 | G27: =+F27-E27 -> 6643.5756 | H27: =+[5]원주!$Q$20 -> 56418.304 | I27: =+[5]원주!$R$20 -> 60493.711 | J27: =+I27-H27 -> 4075.4065 | K27: =+[5]원주!$Q$21 -> 16191.588 | L27: =+[5]원주!$R$21 -> 14140.192 | M27: =+L27-K27 -> -2051.396 | N27: =+[5]원주!$Q$22 -> 300 | O27: =+[5]원주!$R$22 -> 385.55302 | P27: =+O27-N27 -> 85.553021 | Q27: =H27+K27+N27 -> 72909.893 | R27: =I27+L27+O27 -> 75019.456 | S27: =+R27-Q27 -> 2109.5635 | T27: =+E27-Q27 -> 34990.107 | U27: =+F27-R27 -> 39524.12 | V27: =+U27-T27 -> 4534.0122
D28: 제주 | E28: =+[5]제주!$Q$85 -> 126800 | F28: =+[5]제주!$R$85 -> 122740.08 | G28: =+F28-E28 -> -4059.9234 | H28: =+[5]제주!$Q$20 -> 74451.6 | I28: =+[5]제주!$R$20 -> 75382.948 | J28: =+I28-H28 -> 931.34809 | K28: =+[5]제주!$Q$21 -> 16626.41 | L28: =+[5]제주!$R$21 -> 16136.696 | M28: =+L28-K28 -> -489.71437 | N28: =+[5]제주!$Q$22 -> 0 | O28: =+[5]제주!$R$22 -> 488.9299 | P28: =+O28-N28 -> 488.9299 | Q28: =H28+K28+N28 -> 91078.011 | R28: =I28+L28+O28 -> 92008.574 | S28: =+R28-Q28 -> 930.56362 | T28: =+E28-Q28 -> 35721.989 | U28: =+F28-R28 -> 30731.502 | V28: =+U28-T28 -> -4990.487

Sheet 재료비단가
D4: □ 2024년 레미콘 원재료단가(2024-07)
D6: 구분 | E6: OPC (원/톤) | H6: SC (원/톤) | K6: SP (원/톤) | N6: FA (원/톤) | Q6: 자갈 (원/톤) | T6: 모래 (원/톤)
E7: 계획 | F7: 실적 | G7: 차이 | H7: 계획 | I7: 실적 | J7: 차이 | K7: 계획 | L7: 실적 | M7: 차이 | N7: 계획 | O7: 실적 | P7: 차이 | Q7: 계획 | R7: 실적 | S7: 차이 | T7: 계획 | U7: 실적 | V7: 차이
D8: 평균 | E8: =+[5]합계!$G$9 -> 100518.41 | F8: =+[5]합계!$H$9 -> 100368.31 | G8: =+F8-E8 -> -150.09872 | H8: =+[5]합계!$G$10 -> 91713.129 | I8: =+[5]합계!$H$10 -> 92772.273 | J8: =+I8-H8 -> 1059.1439 | K8: =+[5]합계!$G$12 -> 64092.956 | L8: =+[5]합계!$H$12 -> 63761.348 | M8: =+L8-K8 -> -331.60771 | N8: =+[5]합계!$G$13 -> 40378.766 | O8: =+[5]합계!$H$13 -> 41202.216 | P8: =+O8-N8 -> 823.4503 | Q8: =+[5]합계!$G$16 -> 12772.123 | R8: =+[5]합계!$H$16 -> 13241.911 | S8: =+R8-Q8 -> 469.78782 | T8: =+[5]합계!$G$17 -> 15858.674 | U8: =+[5]합계!$H$17 -> 16229.221 | V8: =+U8-T8 -> 370.54657
D9: 수도권 | E9: =+[5]수도권!$G$9 -> 100000 | F9: =+[5]수도권!$H$9 -> 99894.896 | G9: =+F9-E9 -> -105.10385 | H9: =+[5]수도권!$G$10 -> 92684.413 | I9: =+[5]수도권!$H$10 -> 95606.61 | J9: =+I9-H9 -> 2922.197 | K9: =+[5]수도권!$G$12 -> 64319.473 | L9: =+[5]수도권!$H$12 -> 64275.655 | M9: =+L9-K9 -> -43.818033 | N9: =+[5]수도권!$G$13 -> 45165.003 | O9: =+[5]수도권!$H$13 -> 47722.712 | P9: =+O9-N9 -> 2557.7081 | Q9: =+[5]수도권!$G$16 -> 15355.351 | R9: =+[5]수도권!$H$16 -> 16254.631 | S9: =+R9-Q9 -> 899.27928 | T9: =+[5]수도권!$G$17 -> 14777.101 | U9: =+[5]수도권!$H$17 -> 14769.044 | V9: =+U9-T9 -> -8.0567444
D10: 영남권 | E10: =+[5]영남권!$G$9 -> 100000 | F10: =+[5]영남권!$H$9 -> 99991.643 | G10: =+F10-E10 -> -8.3573756 | H10: =+[5]영남권!$G$10 -> 92100 | I10: =+[5]영남권!$H$10 -> 92336.421 | J10: =+I10-H10 -> 236.42106 | K10: =+[5]영남권!$G$12 -> 63729.991 | L10: =+[5]영남권!$H$12 -> 63050.054 | M10: =+L10-K10 -> -679.93701 | N10: =+[5]영남권!$G$13 -> 35468.341 | O10: =+[5]영남권!$H$13 -> 35535.44 | P10: =+O10-N10 -> 67.099177 | Q10: =+[5]영남권!$G$16 -> 10400.722 | R10: =+[5]영남권!$H$16 -> 11039.378 | S10: =+R10-Q10 -> 638.65592 | T10: =+[5]영남권!$G$17 -> 17348.167 | U10: =+[5]영남권!$H$17 -> 17934.142 | V10: =+U10-T10 -> 585.97469
D11: 기타권 | E11: =+[5]중부권!$G$9 -> 102669.92 | F11: =+[5]중부권!$H$9 -> 101980.94 | G11: =+F11-E11 -> -688.97633 | H11: =+[5]중부권!$G$10 -> 88660.378 | I11: =+[5]중부권!$H$10 -> 95765.548 | J11: =+I11-H11 -> 7105.1709 | K11: =+[5]중부권!$G$12 -> 64662.487 | L11: =+[5]중부권!$H$12 -> 64611.988 | M11: =+L11-K11 -> -50.499382 | N11: =+[5]중부권!$G$13 -> 41238.01 | O11: =+[5]중부권!$H$13 -> 40927.358 | P11: =+O11-N11 -> -310.65244 | Q11: =+[5]중부권!$G$16 -> 12578.837 | R11: =+[5]중부권!$H$16 -> 12850.893 | S11: =+R11-Q11 -> 272.0566 | T11: =+[5]중부권!$G$17 -> 14600.946 | U11: =+[5]중부권!$H$17 -> 14599.285 | V11: =+U11-T11 -> -1.6612726
D12: 안양 | E12: =+[5]안양!$G$9 -> 100000 | F12: =+[5]안양!$H$9 -> 99853.948 | G12: =+F12-E12 -> -146.0515 | H12: =+[5]안양!$G$10 -> 87100 | I12: =+[5]안양!$H$10 -> 0 | J12: =+I12-H12 -> -87100 | K12: =+[5]안양!$G$12 -> 64000 | L12: =+[5]안양!$H$12 -> 64172.929 | M12: =+L12-K12 -> 172.92917 | N12: =+[5]안양!$G$13 -> 45000 | O12: =+[5]안양!$H$13 -> 46811.473 | P12: =+O12-N12 -> 1811.4726 | Q12: =+[5]안양!$G$16 -> 15333.333 | R12: =+[5]안양!$H$16 -> 16766.819 | S12: =+R12-Q12 -> 1433.4861 | T12: =+[5]안양!$G$17 -> 15161.29 | U12: =+[5]안양!$H$17 -> 15916.545 | V12: =+U12-T12 -> 755.25491
D13: 인천 | E13: =+[5]인천!$G$9 -> 100000 | F13: =+[5]인천!$H$9 -> 99825.249 | G13: =+F13-E13 -> -174.7506 | H13: =+[5]인천!$G$10 -> 99500 | I13: =+[5]인천!$H$10 -> 92593.462 | J13: =+I13-H13 -> -6906.5379 | K13: =+[5]인천!$G$12 -> 64500 | L13: =+[5]인천!$H$12 -> 64499.01 | M13: =+L13-K13 -> -0.99048362 | N13: =+[5]인천!$G$13 -> 45000 | O13: =+[5]인천!$H$13 -> 50475.769 | P13: =+O13-N13 -> 5475.7691 | Q13: =+[5]인천!$G$16 -> 15733.333 | R13: =+[5]인천!$H$16 -> 15928.953 | S13: =+R13-Q13 -> 195.62009 | T13: =+[5]인천!$G$17 -> 15504.279 | U13: =+[5]인천!$H$17 -> 15255.069 | V13: =+U13-T13 -> -249.21003
D14: 파주 | E14: =+[5]파주!$G$9 -> 100000 | F14: =+[5]파주!$H$9 -> 100000 | G14: =+F14-E14 -> -0.00031207097 | H14: =+[5]파주!$G$10 -> 0 | I14: =+[5]파주!$H$10 -> 97410.816 | J14: =+I14-H14 -> 97410.816 | K14: =+[5]파주!$G$12 -> 64500 | L14: =+[5]파주!$H$12 -> 64375.718 | M14: =+L14-K14 -> -124.28206 | N14: =+[5]파주!$G$13 -> 45000 | O14: =+[5]파주!$H$13 -> 44464.285 | P14: =+O14-N14 -> -535.71499 | Q14: =+[5]파주!$G$16 -> 15266.667 | R14: =+[5]파주!$H$16 -> 16503.537 | S14: =+R14-Q14 -> 1236.8708 | T14: =+[5]파주!$G$17 -> 13419.355 | U14: =+[5]파주!$H$17 -> 12988.598 | V14: =+U14-T14 -> -430.75665
D15: 김포 | E15: =+[5]김포!$G$9 -> 100000 | F15: =+[5]김포!$H$9 -> 99999.997 | G15: =+F15-E15 -> -0.0027738927 | H15: =+[5]김포!$G$10 -> 0 | I15: =+[5]김포!$H$10 -> 0 | J15: =+I15-H15 -> 0 | K15: =+[5]김포!$G$12 -> 64300 | L15: =+[5]김포!$H$12 -> 63831.38 | M15: =+L15-K15 -> -468.61953 | N15: =+[5]김포!$G$13 -> 46000 | O15: =+[5]김포!$H$13 -> 51925.064 | P15: =+O15-N15 -> 5925.064 | Q15: =+[5]김포!$G$16 -> 14666.667 | R15: =+[5]김포!$H$16 -> 14657.524 | S15: =+R15-Q15 -> -9.1431119 | T15: =+[5]김포!$G$17 -> 14394.556 | U15: =+[5]김포!$H$17 -> 14540.533 | V15: =+U15-T15 -> 145.97652
D16: 부산 | E16: =+[5]부산!$G$9 -> 100000 | F16: =+[5]부산!$H$9 -> 100000.19 | G16: =+F16-E16 -> 0.18949445 | H16: =+[5]부산!$G$10 -> 92100 | I16: =+[5]부산!$H$10 -> 92582.841 | J16: =+I16-H16 -> 482.84098 | K16: =+[5]부산!$G$12 -> 65000 | L16: =+[5]부산!$H$12 -> 0 | M16: =+L16-K16 -> -65000 | N16: =+[5]부산!$G$13 -> 36500 | O16: =+[5]부산!$H$13 -> 36500.007 | P16: =+O16-N16 -> 0.0074744978 | Q16: =+[5]부산!$G$16 -> 10737.309 | R16: =+[5]부산!$H$16 -> 11702.027 | S16: =+R16-Q16 -> 964.71827 | T16: =+[5]부산!$G$17 -> 17407.644 | U16: =+[5]부산!$H$17 -> 18054.467 | V16: =+U16-T16 -> 646.82286
D17: 서부산 | E17: =+[5]서부산!$G$9 -> 100000 | F17: =+[5]서부산!$H$9 -> 100003.28 | G17: =+F17-E17 -> 3.2767116 | H17: =+[5]서부산!$G$10 -> 92100 | I17: =+[5]서부산!$H$10 -> 92100.032 | J17: =+I17-H17 -> 0.032023733 | K17: =+[5]서부산!$G$12 -> 65000 | L17: =+[5]서부산!$H$12 -> 65357.61 | M17: =+L17-K17 -> 357.60952 | N17: =+[5]서부산!$G$13 -> 35200 | O17: =+[5]서부산!$H$13 -> 35354.737 | P17: =+O17-N17 -> 154.73737 | Q17: =+[5]서부산!$G$16 -> 10666.667 | R17: =+[5]서부산!$H$16 -> 11100.582 | S17: =+R17-Q17 -> 433.91542 | T17: =+[5]서부산!$G$17 -> 17810.722 | U17: =+[5]서부산!$H$17 -> 19089.012 | V17: =+U17-T17 -> 1278.2902
D18: 김해 | E18: =+[5]김해!$G$9 -> 100000 | F18: =+[5]김해!$H$9 -> 100000.01 | G18: =+F18-E18 -> 0.013481548 | H18: =+[5]김해!$G$10 -> 92100 | I18: =+[5]김해!$H$10 -> 92100.001 | J18: =+I18-H18 -> 0.00142368 | K18: =+[5]김해!$G$12 -> 64000 | L18: =+[5]김해!$H$12 -> 63452.413 | M18: =+L18-K18 -> -547.5866 | N18: =+[5]김해!$G$13 -> 35000 | O18: =+[5]김해!$H$13 -> 34999.989 | P18: =+O18-N18 -> -0.011227543 | Q18: =+[5]김해!$G$16 -> 9426.6667 | R18: =+[5]김해!$H$16 -> 9533.334 | S18: =+R18-Q18 -> 106.66737 | T18: =+[5]김해!$G$17 -> 17730.479 | U18: =+[5]김해!$H$17 -> 16437.184 | V18: =+U18-T18 -> -1293.2947
D19: 정관 | E19: =+[5]정관!$G$9 -> 100000 | F19: =+[5]정관!$H$9 -> 100002.96 | G19: =+F19-E19 -> 2.9579892 | H19: =+[5]정관!$G$10 -> 92100 | I19: =+[5]정관!$H$10 -> 92099.986 | J19: =+I19-H19 -> -0.013693125 | K19: =+[5]정관!$G$12 -> 63500 | L19: =+[5]정관!$H$12 -> 63390.304 | M19: =+L19-K19 -> -109.69633 | N19: =+[5]정관!$G$13 -> 35500 | O19: =+[5]정관!$H$13 -> 35500.011 | P19: =+O19-N19 -> 0.011240582 | Q19: =+[5]정관!$G$16 -> 10733.333 | R19: =+[5]정관!$H$16 -> 11326.831 | S19: =+R19-Q19 -> 593.49769 | T19: =+[5]정관!$G$17 -> 18315.171 | U19: =+[5]정관!$H$17 -> 19282.973 | V19: =+U19-T19 -> 967.80222
D20: 양산 | E20: =+[5]양산!$G$9 -> 100000 | F20: =+[5]양산!$H$9 -> 99912.336 | G20: =+F20-E20 -> -87.664129 | H20: =+[5]양산!$G$10 -> 92100 | I20: =+[5]양산!$H$10 -> 101458.03 | J20: =+I20-H20 -> 9358.0344 | K20: =+[5]양산!$G$12 -> 63000 | L20: =+[5]양산!$H$12 -> 63458.196 | M20: =+L20-K20 -> 458.19567 | N20: =+[5]양산!$G$13 -> 36000 | O20: =+[5]양산!$H$13 -> 35999.999 | P20: =+O20-N20 -> -0.00069382089 | Q20: =+[5]양산!$G$16 -> 9066.6667 | R20: =+[5]양산!$H$16 -> 9569.5295 | S20: =+R20-Q20 -> 502.86281 | T20: =+[5]양산!$G$17 -> 17398.369 | U20: =+[5]양산!$H$17 -> 16619.823 | V20: =+U20-T20 -> -778.54604
D21: 창원 | E21: =+[5]창원!$G$9 -> 100000 | F21: =+[5]창원!$H$9 -> 100000.23 | G21: =+F21-E21 -> 0.22581123 | H21: =+[5]창원!$G$10 -> 0 | I21: =+[5]창원!$H$10 -> 0 | J21: =+I21-H21 -> 0 | K21: =+[5]창원!$G$12 -> 65000 | L21: =+[5]창원!$H$12 -> 65056.795 | M21: =+L21-K21 -> 56.794746 | N21: =+[5]창원!$G$13 -> 33000 | O21: =+[5]창원!$H$13 -> 32999.992 | P21: =+O21-N21 -> -0.0078672164 | Q21: =+[5]창원!$G$16 -> 10400 | R21: =+[5]창원!$H$16 -> 11310.723 | S21: =+R21-Q21 -> 910.72282 | T21: =+[5]창원!$G$17 -> 17019.566 | U21: =+[5]창원!$H$17 -> 17586.47 | V21: =+U21-T21 -> 566.90356
D22: 대구 | E22: =+[5]대구!$G$9 -> 100000 | F22: =+[5]대구!$H$9 -> 100000 | G22: =+F22-E22 -> 0 | H22: =+[5]대구!$G$10 -> 0 | I22: =+[5]대구!$H$10 -> 0 | J22: =+I22-H22 -> 0 | K22: =+[5]대구!$G$12 -> 62500 | L22: =+[5]대구!$H$12 -> 61370.117 | M22: =+L22-K22 -> -1129.8828 | N22: =+[5]대구!$G$13 -> 35500 | O22: =+[5]대구!$H$13 -> 35434.329 | P22: =+O22-N22 -> -65.671107 | Q22: =+[5]대구!$G$16 -> 10466.667 | R22: =+[5]대구!$H$16 -> 10922.395 | S22: =+R22-Q22 -> 455.72841 | T22: =+[5]대구!$G$17 -> 14718.131 | U22: =+[5]대구!$H$17 -> 15030.262 | V22: =+U22-T22 -> 312.13067
D23: 울산 | E23: =+[5]울산!$G$9 -> 100000 | F23: =+[5]울산!$H$9 -> 100001.19 | G23: =+F23-E23 -> 1.1925897 | H23: =+[5]울산!$G$10 -> 0 | I23: =+[5]울산!$H$10 -> 0 | J23: =+I23-H23 -> 0 | K23: =+[5]울산!$G$12 -> 61300 | L23: =+[5]울산!$H$12 -> 61299.858 | M23: =+L23-K23 -> -0.14222474 | N23: =+[5]울산!$G$13 -> 37000 | O23: =+[5]울산!$H$13 -> 36999.995 | P23: =+O23-N23 -> -0.0049501085 | Q23: =+[5]울산!$G$16 -> 10546.667 | R23: =+[5]울산!$H$16 -> 11780.793 | S23: =+R23-Q23 -> 1234.1266 | T23: =+[5]울산!$G$17 -> 18681.861 | U23: =+[5]울산!$H$17 -> 19621.083 | V23: =+U23-T23 -> 939.22205
D24: 아산 | E24: =+[5]아산!$G$9 -> 100000 | F24: =+[5]아산!$H$9 -> 100702.81 | G24: =+F24-E24 -> 702.81209 | H24: =+[5]아산!$G$10 -> 87100 | I24: =+[5]아산!$H$10 -> 0 | J24: =+I24-H24 -> -87100 | K24: =+[5]아산!$G$12 -> 64500 | L24: =+[5]아산!$H$12 -> 64427.939 | M24: =+L24-K24 -> -72.061168 | N24: =+[5]아산!$G$13 -> 42000 | O24: =+[5]아산!$H$13 -> 40351.705 | P24: =+O24-N24 -> -1648.2951 | Q24: =+[5]아산!$G$16 -> 10933.333 | R24: =+[5]아산!$H$16 -> 11406.331 | S24: =+R24-Q24 -> 472.99721 | T24: =+[5]아산!$G$17 -> 13742.254 | U24: =+[5]아산!$H$17 -> 13329.441 | V24: =+U24-T24 -> -412.81278
D25: 전주 | E25: =+[5]전주!$G$9 -> 100000 | F25: =+[5]전주!$H$9 -> 99910.412 | G25: =+F25-E25 -> -89.587889 | H25: =+[5]전주!$G$10 -> 93100 | I25: =+[5]전주!$H$10 -> 95921.935 | J25: =+I25-H25 -> 2821.9355 | K25: =+[5]전주!$G$12 -> 65000 | L25: =+[5]전주!$H$12 -> 64999.832 | M25: =+L25-K25 -> -0.16823109 | N25: =+[5]전주!$G$13 -> 36000 | O25: =+[5]전주!$H$13 -> 35999.995 | P25: =+O25-N25 -> -0.0053873389 | Q25: =+[5]전주!$G$16 -> 12533.333 | R25: =+[5]전주!$H$16 -> 12943.826 | S25: =+R25-Q25 -> 410.49243 | T25: =+[5]전주!$G$17 -> 14400.084 | U25: =+[5]전주!$H$17 -> 14920.792 | V25: =+U25-T25 -> 520.70833
D26: 군산 | E26: =+[5]군산!$G$9 -> 100000 | F26: =+[5]군산!$H$9 -> 100000 | G26: =+F26-E26 -> 0 | H26: =+[5]군산!$G$10 -> 95000 | I26: =+[5]군산!$H$10 -> 93524.33 | J26: =+I26-H26 -> -1475.6695 | K26: =+[5]군산!$G$12 -> 64900 | L26: =+[5]군산!$H$12 -> 64903.265 | M26: =+L26-K26 -> 3.2654438 | N26: =+[5]군산!$G$13 -> 37500 | O26: =+[5]군산!$H$13 -> 39529.572 | P26: =+O26-N26 -> 2029.5715 | Q26: =+[5]군산!$G$16 -> 13666.667 | R26: =+[5]군산!$H$16 -> 14091.144 | S26: =+R26-Q26 -> 424.47711 | T26: =+[5]군산!$G$17 -> 14837.33 | U26: =+[5]군산!$H$17 -> 15388.671 | V26: =+U26-T26 -> 551.34128
D27: 원주 | E27: =+[5]원주!$G$9 -> 100000 | F27: =+[5]원주!$H$9 -> 100000.03 | G27: =+F27-E27 -> 0.034637963 | H27: =+[5]원주!$G$10 -> 0 | I27: =+[5]원주!$H$10 -> 0 | J27: =+I27-H27 -> 0 | K27: =+[5]원주!$G$12 -> 64000 | L27: =+[5]원주!$H$12 -> 63989.708 | M27: =+L27-K27 -> -10.292355 | N27: =+[5]원주!$G$13 -> 49000 | O27: =+[5]원주!$H$13 -> 49000.008 | P27: =+O27-N27 -> 0.0078210523 | Q27: =+[5]원주!$G$16 -> 13666.667 | R27: =+[5]원주!$H$16 -> 14193.214 | S27: =+R27-Q27 -> 526.54703 | T27: =+[5]원주!$G$17 -> 13419.355 | U27: =+[5]원주!$H$17 -> 14184.374 | V27: =+U27-T27 -> 765.01899
D28: 제주 | E28: =+[5]제주!$G$9 -> 117000 | F28: =+[5]제주!$H$9 -> 116999.99 | G28: =+F28-E28 -> -0.013418275 | H28: =+[5]제주!$G$10 -> 0 | I28: =+[5]제주!$H$10 -> 116999.99 | J28: =+I28-H28 -> 116999.99 | K28: =+[5]제주!$G$12 -> 0 | L28: =+[5]제주!$H$12 -> 0 | M28: =+L28-K28 -> 0 | N28: =+[5]제주!$G$13 -> 0 | O28: =+[5]제주!$H$13 -> 0 | P28: =+O28-N28 -> 0 | Q28: =+[5]제주!$G$16 -> 18143.333 | R28: =+[5]제주!$H$16 -> 18104.996 | S28: =+R28-Q28 -> -38.337388 | T28: =+[5]제주!$G$17 -> 18433.378 | U28: =+[5]제주!$H$17 -> 20296.547 | V28: =+U28-T28 -> 1863.1684

Sheet 원단위
D4: □ 레미콘 원재료 원단위(2024-07)
V5: [단위 : kg/㎥]
D6: 구분 | E6: OPC | H6: 분체류 | K6: 분체류 치환률 | N6: 자갈 | Q6: 모래 | T6: 혼화제
E7: 계획 | F7: 실적 | G7: 차이 | H7: 계획 | I7: 실적 | J7: 차이 | K7: 계획 | L7: 실적 | M7: 차이 | N7: 계획 | O7: 실적 | P7: 차이 | Q7: 계획 | R7: 실적 | S7: 차이 | T7: 계획 | U7: 실적 | V7: 차이
D8: 평균 | E8: =+[5]합계!$E$9 -> 228.95675 | F8: =+[5]합계!$F$9 -> 248.2919 | G8: =+F8-E8 -> 19.335146 | H8: =+[5]합계!$E$15 -> 350.37108 | I8: =+[5]합계!$F$15 -> 368.69295 | J8: =+I8-H8 -> 18.321864 | K8: =+([5]합계!$E$10*0.4+[5]합계!$E$11+[5]합계!$E$12+[5]합계!$E$13+[5]합계!$E$14)/[5]합계!$E$15 -> 0.30164082 | L8: =+([5]합계!$F$10*0.4+[5]합계!$F$11+[5]합계!$F$12+[5]합계!$F$13+[5]합계!$F$14)/[5]합계!$F$15 -> 0.27427159 | M8: =+L8-K8 -> -0.02736923 | N8: =+[5]합계!$E$16 -> 821.15211 | O8: =+[5]합계!$F$16 -> 819.52089 | P8: =+O8-N8 -> -1.6312166 | Q8: =+[5]합계!$E$17 -> 906.05976 | R8: =+[5]합계!$F$17 -> 899.11306 | S8: =+R8-Q8 -> -6.9467012 | T8: =+[5]합계!$E$19 -> 3.203581 | U8: =+[5]합계!$F$19 -> 3.121327 | V8: =+U8-T8 -> -0.082254004
D9: 수도권 | E9: =+[5]수도권!$E$9 -> 249.08771 | F9: =+[5]수도권!$F$9 -> 271.64022 | G9: =+F9-E9 -> 22.552517 | H9: =+[5]수도권!$E$15 -> 351.81974 | I9: =+[5]수도권!$F$15 -> 373.25311 | J9: =+I9-H9 -> 21.433367 | K9: =+([5]수도권!$E$10*0.4+[5]수도권!$E$11+[5]수도권!$E$12+[5]수도권!$E$13+[5]수도권!$E$14)/[5]수도권!$E$15 -> 0.27942965 | L9: =+([5]수도권!$F$10*0.4+[5]수도권!$F$11+[5]수도권!$F$12+[5]수도권!$F$13+[5]수도권!$F$14)/[5]수도권!$F$15 -> 0.26658137 | M9: =+L9-K9 -> -0.012848282 | N9: =+[5]수도권!$E$16 -> 842.28078 | O9: =+[5]수도권!$F$16 -> 849.39715 | P9: =+O9-N9 -> 7.1163687 | Q9: =+[5]수도권!$E$17 -> 893.42563 | R9: =+[5]수도권!$F$17 -> 872.92516 | S9: =+R9-Q9 -> -20.500467 | T9: =+[5]수도권!$E$19 -> 3.0493087 | U9: =+[5]수도권!$F$19 -> 3.0852809 | V9: =+U9-T9 -> 0.035972154
D10: 영남권 | E10: =+[5]영남권!$E$9 -> 201.30578 | F10: =+[5]영남권!$F$9 -> 220.89794 | G10: =+F10-E10 -> 19.59216 | H10: =+[5]영남권!$E$15 -> 349.42743 | I10: =+[5]영남권!$F$15 -> 367.73469 | J10: =+I10-H10 -> 18.307257 | K10: =+([5]영남권!$E$10*0.4+[5]영남권!$E$11+[5]영남권!$E$12+[5]영남권!$E$13+[5]영남권!$E$14)/[5]영남권!$E$15 -> 0.34472985 | L10: =+([5]영남권!$F$10*0.4+[5]영남권!$F$11+[5]영남권!$F$12+[5]영남권!$F$13+[5]영남권!$F$14)/[5]영남권!$F$15 -> 0.30150496 | M10: =+L10-K10 -> -0.043224889 | N10: =+[5]영남권!$E$16 -> 807.48382 | O10: =+[5]영남권!$F$16 -> 798.36109 | P10: =+O10-N10 -> -9.1227333 | Q10: =+[5]영남권!$E$17 -> 909.80379 | R10: =+[5]영남권!$F$17 -> 908.2141 | S10: =+R10-Q10 -> -1.5896807 | T10: =+[5]영남권!$E$19 -> 3.4585673 | U10: =+[5]영남권!$F$19 -> 3.2098143 | V10: =+U10-T10 -> -0.24875305
D11: 기타권 | E11: =+[5]중부권!$E$9 -> 251.775 | F11: =+[5]중부권!$F$9 -> 273.48952 | G11: =+F11-E11 -> 21.714516 | H11: =+[5]중부권!$E$15 -> 349.45808 | I11: =+[5]중부권!$F$15 -> 362.73542 | J11: =+I11-H11 -> 13.277348 | K11: =+([5]중부권!$E$10*0.4+[5]중부권!$E$11+[5]중부권!$E$12+[5]중부권!$E$13+[5]중부권!$E$14)/[5]중부권!$E$15 -> 0.24608124 | L11: =+([5]중부권!$F$10*0.4+[5]중부권!$F$11+[5]중부권!$F$12+[5]중부권!$F$13+[5]중부권!$F$14)/[5]중부권!$F$15 -> 0.22034328 | M11: =+L11-K11 -> -0.025737958 | N11: =+[5]중부권!$E$16 -> 807.60423 | O11: =+[5]중부권!$F$16 -> 817.35081 | P11: =+O11-N11 -> 9.7465745 | Q11: =+[5]중부권!$E$17 -> 924.97808 | R11: =+[5]중부권!$F$17 -> 924.41365 | S11: =+R11-Q11 -> -0.56442416 | T11: =+[5]중부권!$E$19 -> 2.9234885 | U11: =+[5]중부권!$F$19 -> 2.9680028 | V11: =+U11-T11 -> 0.044514293
D12: 안양 | E12: =+[5]안양!$E$9 -> 261.3 | F12: =+[5]안양!$F$9 -> 284.91518 | G12: =+F12-E12 -> 23.615176 | H12: =+[5]안양!$E$15 -> 365.4 | I12: =+[5]안양!$F$15 -> 383.93897 | J12: =+I12-H12 -> 18.538966 | K12: =+([5]안양!$E$10*0.4+[5]안양!$E$11+[5]안양!$E$12+[5]안양!$E$13+[5]안양!$E$14)/[5]안양!$E$15 -> 0.26518883 | L12: =+([5]안양!$F$10*0.4+[5]안양!$F$11+[5]안양!$F$12+[5]안양!$F$13+[5]안양!$F$14)/[5]안양!$F$15 -> 0.25791545 | M12: =+L12-K12 -> -0.0072733869 | N12: =+[5]안양!$E$16 -> 845 | O12: =+[5]안양!$F$16 -> 855.96803 | P12: =+O12-N12 -> 10.968031 | Q12: =+[5]안양!$E$17 -> 880 | R12: =+[5]안양!$F$17 -> 865.96156 | S12: =+R12-Q12 -> -14.038436 | T12: =+[5]안양!$E$19 -> 3.29 | U12: =+[5]안양!$F$19 -> 3.2231512 | V12: =+U12-T12 -> -0.066848843
D13: 인천 | E13: =+[5]인천!$E$9 -> 264.71 | F13: =+[5]인천!$F$9 -> 284.07357 | G13: =+F13-E13 -> 19.363574 | H13: =+[5]인천!$E$15 -> 367.866 | I13: =+[5]인천!$F$15 -> 389.92486 | J13: =+I13-H13 -> 22.058857 | K13: =+([5]인천!$E$10*0.4+[5]인천!$E$11+[5]인천!$E$12+[5]인천!$E$13+[5]인천!$E$14)/[5]인천!$E$15 -> 0.26254778 | L13: =+([5]인천!$F$10*0.4+[5]인천!$F$11+[5]인천!$F$12+[5]인천!$F$13+[5]인천!$F$14)/[5]인천!$F$15 -> 0.26449314 | M13: =+L13-K13 -> 0.0019453694 | N13: =+[5]인천!$E$16 -> 883.013 | O13: =+[5]인천!$F$16 -> 887.46072 | P13: =+O13-N13 -> 4.4477198 | Q13: =+[5]인천!$E$17 -> 848.56 | R13: =+[5]인천!$F$17 -> 832.10913 | S13: =+R13-Q13 -> -16.450867 | T13: =+[5]인천!$E$19 -> 3.311 | U13: =+[5]인천!$F$19 -> 3.19018 | V13: =+U13-T13 -> -0.12082005
D14: 파주 | E14: =+[5]파주!$E$9 -> 240.0687 | F14: =+[5]파주!$F$9 -> 263.16252 | G14: =+F14-E14 -> 23.093827 | H14: =+[5]파주!$E$15 -> 335.5987 | I14: =+[5]파주!$F$15 -> 361.24879 | J14: =+I14-H14 -> 25.650098 | K14: =+([5]파주!$E$10*0.4+[5]파주!$E$11+[5]파주!$E$12+[5]파주!$E$13+[5]파주!$E$14)/[5]파주!$E$15 -> 0.28465546 | L14: =+([5]파주!$F$10*0.4+[5]파주!$F$11+[5]파주!$F$12+[5]파주!$F$13+[5]파주!$F$14)/[5]파주!$F$15 -> 0.25818324 | M14: =+L14-K14 -> -0.026472215 | N14: =+[5]파주!$E$16 -> 874.04239 | O14: =+[5]파주!$F$16 -> 822.40809 | P14: =+O14-N14 -> -51.634306 | Q14: =+[5]파주!$E$17 -> 882.65478 | R14: =+[5]파주!$F$17 -> 888.11072 | S14: =+R14-Q14 -> 5.4559359 | T14: =+[5]파주!$E$19 -> 2.6847896 | U14: =+[5]파주!$F$19 -> 2.9677962 | V14: =+U14-T14 -> 0.28300664
D15: 김포 | E15: =+[5]김포!$E$9 -> 205 | F15: =+[5]김포!$F$9 -> 211.26595 | G15: =+F15-E15 -> 6.2659459 | H15: =+[5]김포!$E$15 -> 313 | I15: =+[5]김포!$F$15 -> 319.25892 | J15: =+I15-H15 -> 6.2589194 | K15: =+([5]김포!$E$10*0.4+[5]김포!$E$11+[5]김포!$E$12+[5]김포!$E$13+[5]김포!$E$14)/[5]김포!$E$15 -> 0.34504792 | L15: =+([5]김포!$F$10*0.4+[5]김포!$F$11+[5]김포!$F$12+[5]김포!$F$13+[5]김포!$F$14)/[5]김포!$F$15 -> 0.33826141 | M15: =+L15-K15 -> -0.0067865093 | N15: =+[5]김포!$E$16 -> 720 | O15: =+[5]김포!$F$16 -> 787.93015 | P15: =+O15-N15 -> 67.930145 | Q15: =+[5]김포!$E$17 -> 1020 | R15: =+[5]김포!$F$17 -> 977.80708 | S15: =+R15-Q15 -> -42.192921 | T15: =+[5]김포!$E$19 -> 2.5 | U15: =+[5]김포!$F$19 -> 2.6156575 | V15: =+U15-T15 -> 0.11565752
D16: 부산 | E16: =+[5]부산!$E$9 -> 202.5899 | F16: =+[5]부산!$F$9 -> 184.39063 | G16: =+F16-E16 -> -18.199268 | H16: =+[5]부산!$E$15 -> 353.06259 | I16: =+[5]부산!$F$15 -> 390.72671 | J16: =+I16-H16 -> 37.664115 | K16: =+([5]부산!$E$10*0.4+[5]부산!$E$11+[5]부산!$E$12+[5]부산!$E$13+[5]부산!$E$14)/[5]부산!$E$15 -> 0.34048634 | L16: =+([5]부산!$F$10*0.4+[5]부산!$F$11+[5]부산!$F$12+[5]부산!$F$13+[5]부산!$F$14)/[5]부산!$F$15 -> 0.26454206 | M16: =+L16-K16 -> -0.075944279 | N16: =+[5]부산!$E$16 -> 843.68587 | O16: =+[5]부산!$F$16 -> 879.68387 | P16: =+O16-N16 -> 35.997997 | Q16: =+[5]부산!$E$17 -> 889.6745 | R16: =+[5]부산!$F$17 -> 840.2738 | S16: =+R16-Q16 -> -49.4007 | T16: =+[5]부산!$E$19 -> 3.5348627 | U16: =+[5]부산!$F$19 -> 3.5150109 | V16: =+U16-T16 -> -0.019851813
D17: 서부산 | E17: =+[5]서부산!$E$9 -> 210.5 | F17: =+[5]서부산!$F$9 -> 230.29421 | G17: =+F17-E17 -> 19.794208 | H17: =+[5]서부산!$E$15 -> 356.7 | I17: =+[5]서부산!$F$15 -> 356.05767 | J17: =+I17-H17 -> -0.64232891 | K17: =+([5]서부산!$E$10*0.4+[5]서부산!$E$11+[5]서부산!$E$12+[5]서부산!$E$13+[5]서부산!$E$14)/[5]서부산!$E$15 -> 0.32761424 | L17: =+([5]서부산!$F$10*0.4+[5]서부산!$F$11+[5]서부산!$F$12+[5]서부산!$F$13+[5]서부산!$F$14)/[5]서부산!$F$15 -> 0.25434192 | M17: =+L17-K17 -> -0.073272319 | N17: =+[5]서부산!$E$16 -> 820.7 | O17: =+[5]서부산!$F$16 -> 818.79142 | P17: =+O17-N17 -> -1.9085766 | Q17: =+[5]서부산!$E$17 -> 910.9 | R17: =+[5]서부산!$F$17 -> 913.06476 | S17: =+R17-Q17 -> 2.1647608 | T17: =+[5]서부산!$E$19 -> 4.838 | U17: =+[5]서부산!$F$19 -> 3.3864614 | V17: =+U17-T17 -> -1.4515386
D18: 김해 | E18: =+[5]김해!$E$9 -> 158.38 | F18: =+[5]김해!$F$9 -> 207.77439 | G18: =+F18-E18 -> 49.394393 | H18: =+[5]김해!$E$15 -> 343 | I18: =+[5]김해!$F$15 -> 357.61567 | J18: =+I18-H18 -> 14.615669 | K18: =+([5]김해!$E$10*0.4+[5]김해!$E$11+[5]김해!$E$12+[5]김해!$E$13+[5]김해!$E$14)/[5]김해!$E$15 -> 0.27180175 | L18: =+([5]김해!$F$10*0.4+[5]김해!$F$11+[5]김해!$F$12+[5]김해!$F$13+[5]김해!$F$14)/[5]김해!$F$15 -> 0.20313121 | M18: =+L18-K18 -> -0.068670534 | N18: =+[5]김해!$E$16 -> 830 | O18: =+[5]김해!$F$16 -> 724.47161 | P18: =+O18-N18 -> -105.52839 | Q18: =+[5]김해!$E$17 -> 890 | R18: =+[5]김해!$F$17 -> 994.64901 | S18: =+R18-Q18 -> 104.64901 | T18: =+[5]김해!$E$19 -> 3.3 | U18: =+[5]김해!$F$19 -> 2.9346363 | V18: =+U18-T18 -> -0.36536372
D19: 정관 | E19: =+[5]정관!$E$9 -> 172.4 | F19: =+[5]정관!$F$9 -> 200.74102 | G19: =+F19-E19 -> 28.341016 | H19: =+[5]정관!$E$15 -> 358.4 | I19: =+[5]정관!$F$15 -> 367.56916 | J19: =+I19-H19 -> 9.1691621 | K19: =+([5]정관!$E$10*0.4+[5]정관!$E$11+[5]정관!$E$12+[5]정관!$E$13+[5]정관!$E$14)/[5]정관!$E$15 -> 0.34737723 | L19: =+([5]정관!$F$10*0.4+[5]정관!$F$11+[5]정관!$F$12+[5]정관!$F$13+[5]정관!$F$14)/[5]정관!$F$15 -> 0.32112843 | M19: =+L19-K19 -> -0.026248807 | N19: =+[5]정관!$E$16 -> 795 | O19: =+[5]정관!$F$16 -> 777.14814 | P19: =+O19-N19 -> -17.851856 | Q19: =+[5]정관!$E$17 -> 920 | R19: =+[5]정관!$F$17 -> 955.87747 | S19: =+R19-Q19 -> 35.877472 | T19: =+[5]정관!$E$19 -> 3.05592 | U19: =+[5]정관!$F$19 -> 3.2003209 | V19: =+U19-T19 -> 0.14440092
D20: 양산 | E20: =+[5]양산!$E$9 -> 186.45289 | F20: =+[5]양산!$F$9 -> 262.51546 | G20: =+F20-E20 -> 76.062566 | H20: =+[5]양산!$E$15 -> 334.0563 | I20: =+[5]양산!$F$15 -> 360.60363 | J20: =+I20-H20 -> 26.547332 | K20: =+([5]양산!$E$10*0.4+[5]양산!$E$11+[5]양산!$E$12+[5]양산!$E$13+[5]양산!$E$14)/[5]양산!$E$15 -> 0.43057294 | L20: =+([5]양산!$F$10*0.4+[5]양산!$F$11+[5]양산!$F$12+[5]양산!$F$13+[5]양산!$F$14)/[5]양산!$F$15 -> 0.26782055 | M20: =+L20-K20 -> -0.16275239 | N20: =+[5]양산!$E$16 -> 781.66667 | O20: =+[5]양산!$F$16 -> 798.36947 | P20: =+O20-N20 -> 16.7028 | Q20: =+[5]양산!$E$17 -> 889.92168 | R20: =+[5]양산!$F$17 -> 891.68519 | S20: =+R20-Q20 -> 1.7635096 | T20: =+[5]양산!$E$19 -> 2.4969368 | U20: =+[5]양산!$F$19 -> 3.4075682 | V20: =+U20-T20 -> 0.91063136
D21: 창원 | E21: =+[5]창원!$E$9 -> 239.8 | F21: =+[5]창원!$F$9 -> 228.93104 | G21: =+F21-E21 -> -10.868957 | H21: =+[5]창원!$E$15 -> 343.9 | I21: =+[5]창원!$F$15 -> 354.14929 | J21: =+I21-H21 -> 10.249286 | K21: =+([5]창원!$E$10*0.4+[5]창원!$E$11+[5]창원!$E$12+[5]창원!$E$13+[5]창원!$E$14)/[5]창원!$E$15 -> 0.30270427 | L21: =+([5]창원!$F$10*0.4+[5]창원!$F$11+[5]창원!$F$12+[5]창원!$F$13+[5]창원!$F$14)/[5]창원!$F$15 -> 0.35357474 | M21: =+L21-K21 -> 0.050870468 | N21: =+[5]창원!$E$16 -> 836.9 | O21: =+[5]창원!$F$16 -> 823.10805 | P21: =+O21-N21 -> -13.791947 | Q21: =+[5]창원!$E$17 -> 880.4 | R21: =+[5]창원!$F$17 -> 893.12297 | S21: =+R21-Q21 -> 12.722972 | T21: =+[5]창원!$E$19 -> 3.09 | U21: =+[5]창원!$F$19 -> 2.7932379 | V21: =+U21-T21 -> -0.29676215
D22: 대구 | E22: =+[5]대구!$E$9 -> 204 | F22: =+[5]대구!$F$9 -> 229.56206 | G22: =+F22-E22 -> 25.562058 | H22: =+[5]대구!$E$15 -> 340 | I22: =+[5]대구!$F$15 -> 369.28983 | J22: =+I22-H22 -> 29.289835 | K22: =+([5]대구!$E$10*0.4+[5]대구!$E$11+[5]대구!$E$12+[5]대구!$E$13+[5]대구!$E$14)/[5]대구!$E$15 -> 0.4 | L22: =+([5]대구!$F$10*0.4+[5]대구!$F$11+[5]대구!$F$12+[5]대구!$F$13+[5]대구!$F$14)/[5]대구!$F$15 -> 0.37836887 | M22: =+L22-K22 -> -0.021631133 | N22: =+[5]대구!$E$16 -> 771.29727 | O22: =+[5]대구!$F$16 -> 733.13805 | P22: =+O22-N22 -> -38.159219 | Q22: =+[5]대구!$E$17 -> 942.69666 | R22: =+[5]대구!$F$17 -> 930.05398 | S22: =+R22-Q22 -> -12.642688 | T22: =+[5]대구!$E$19 -> 2.72 | U22: =+[5]대구!$F$19 -> 3.0745765 | V22: =+U22-T22 -> 0.35457647
D23: 울산 | E23: =+[5]울산!$E$9 -> 218.4 | F23: =+[5]울산!$F$9 -> 238.03011 | G23: =+F23-E23 -> 19.630113 | H23: =+[5]울산!$E$15 -> 352.1 | I23: =+[5]울산!$F$15 -> 382.09516 | J23: =+I23-H23 -> 29.995157 | K23: =+([5]울산!$E$10*0.4+[5]울산!$E$11+[5]울산!$E$12+[5]울산!$E$13+[5]울산!$E$14)/[5]울산!$E$15 -> 0.37972167 | L23: =+([5]울산!$F$10*0.4+[5]울산!$F$11+[5]울산!$F$12+[5]울산!$F$13+[5]울산!$F$14)/[5]울산!$F$15 -> 0.3770397 | M23: =+L23-K23 -> -0.0026819668 | N23: =+[5]울산!$E$16 -> 724 | O23: =+[5]울산!$F$16 -> 789.65551 | P23: =+O23-N23 -> 65.655512 | Q23: =+[5]울산!$E$17 -> 968 | R23: =+[5]울산!$F$17 -> 864.75232 | S23: =+R23-Q23 -> -103.24768 | T23: =+[5]울산!$E$19 -> 3.2 | U23: =+[5]울산!$F$19 -> 3.1663594 | V23: =+U23-T23 -> -0.033640623
D24: 아산 | E24: =+[5]아산!$E$9 -> 245.70417 | F24: =+[5]아산!$F$9 -> 300.91351 | G24: =+F24-E24 -> 55.209343 | H24: =+[5]아산!$E$15 -> 361.30917 | I24: =+[5]아산!$F$15 -> 381.2254 | J24: =+I24-H24 -> 19.916234 | K24: =+([5]아산!$E$10*0.4+[5]아산!$E$11+[5]아산!$E$12+[5]아산!$E$13+[5]아산!$E$14)/[5]아산!$E$15 -> 0.26595229 | L24: =+([5]아산!$F$10*0.4+[5]아산!$F$11+[5]아산!$F$12+[5]아산!$F$13+[5]아산!$F$14)/[5]아산!$F$15 -> 0.21066773 | M24: =+L24-K24 -> -0.055284557 | N24: =+[5]아산!$E$16 -> 854.91333 | O24: =+[5]아산!$F$16 -> 874.65913 | P24: =+O24-N24 -> 19.7458 | Q24: =+[5]아산!$E$17 -> 864.74417 | R24: =+[5]아산!$F$17 -> 865.46169 | S24: =+R24-Q24 -> 0.71752696 | T24: =+[5]아산!$E$19 -> 3.0019333 | U24: =+[5]아산!$F$19 -> 3.1066362 | V24: =+U24-T24 -> 0.10470287
D25: 전주 | E25: =+[5]전주!$E$9 -> 234.52 | F25: =+[5]전주!$F$9 -> 177.34019 | G25: =+F25-E25 -> -57.179809 | H25: =+[5]전주!$E$15 -> 335.02 | I25: =+[5]전주!$F$15 -> 313.13496 | J25: =+I25-H25 -> -21.885041 | K25: =+([5]전주!$E$10*0.4+[5]전주!$E$11+[5]전주!$E$12+[5]전주!$E$13+[5]전주!$E$14)/[5]전주!$E$15 -> 0.27591189 | L25: =+([5]전주!$F$10*0.4+[5]전주!$F$11+[5]전주!$F$12+[5]전주!$F$13+[5]전주!$F$14)/[5]전주!$F$15 -> 0.33009433 | M25: =+L25-K25 -> 0.054182444 | N25: =+[5]전주!$E$16 -> 764.48 | O25: =+[5]전주!$F$16 -> 635.02446 | P25: =+O25-N25 -> -129.45554 | Q25: =+[5]전주!$E$17 -> 980.37 | R25: =+[5]전주!$F$17 -> 1104.586 | S25: =+R25-Q25 -> 124.21599 | T25: =+[5]전주!$E$19 -> 2.75 | U25: =+[5]전주!$F$19 -> 2.3714808 | V25: =+U25-T25 -> -0.37851923
D26: 군산 | E26: =+[5]군산!$E$9 -> 213.5 | F26: =+[5]군산!$F$9 -> 250.57399 | G26: =+F26-E26 -> 37.07399 | H26: =+[5]군산!$E$15 -> 339.5 | I26: =+[5]군산!$F$15 -> 368.99135 | J26: =+I26-H26 -> 29.491347 | K26: =+([5]군산!$E$10*0.4+[5]군산!$E$11+[5]군산!$E$12+[5]군산!$E$13+[5]군산!$E$14)/[5]군산!$E$15 -> 0.34639175 | L26: =+([5]군산!$F$10*0.4+[5]군산!$F$11+[5]군산!$F$12+[5]군산!$F$13+[5]군산!$F$14)/[5]군산!$F$15 -> 0.25514447 | M26: =+L26-K26 -> -0.091247281 | N26: =+[5]군산!$E$16 -> 785 | O26: =+[5]군산!$F$16 -> 802.65012 | P26: =+O26-N26 -> 17.650118 | Q26: =+[5]군산!$E$17 -> 935 | R26: =+[5]군산!$F$17 -> 916.20094 | S26: =+R26-Q26 -> -18.799057 | T26: =+[5]군산!$E$19 -> 2.84 | U26: =+[5]군산!$F$19 -> 2.8920677 | V26: =+U26-T26 -> 0.052067674
D27: 원주 | E27: =+[5]원주!$E$9 -> 259.9 | F27: =+[5]원주!$F$9 -> 290.23548 | G27: =+F27-E27 -> 30.335478 | H27: =+[5]원주!$E$15 -> 343.5 | I27: =+[5]원주!$F$15 -> 370.09862 | J27: =+I27-H27 -> 26.598616 | K27: =+([5]원주!$E$10*0.4+[5]원주!$E$11+[5]원주!$E$12+[5]원주!$E$13+[5]원주!$E$14)/[5]원주!$E$15 -> 0.243377 | L27: =+([5]원주!$F$10*0.4+[5]원주!$F$11+[5]원주!$F$12+[5]원주!$F$13+[5]원주!$F$14)/[5]원주!$F$15 -> 0.2157888 | M27: =+L27-K27 -> -0.027588197 | N27: =+[5]원주!$E$16 -> 815.9 | O27: =+[5]원주!$F$16 -> 835.63519 | P27: =+O27-N27 -> 19.735186 | Q27: =+[5]원주!$E$17 -> 953.3 | R27: =+[5]원주!$F$17 -> 929.44166 | S27: =+R27-Q27 -> -23.858337 | T27: =+[5]원주!$E$19 -> 2.871 | U27: =+[5]원주!$F$19 -> 2.8504882 | V27: =+U27-T27 -> -0.020511841
D28: 제주 | E28: =+[5]제주!$E$9 -> 342.7 | F28: =+[5]제주!$F$9 -> 321.8634 | G28: =+F28-E28 -> -20.836601 | H28: =+[5]제주!$E$15 -> 342.7 | I28: =+[5]제주!$F$15 -> 328.93094 | J28: =+I28-H28 -> -13.769061 | K28: =+([5]제주!$E$10*0.4+[5]제주!$E$11+[5]제주!$E$12+[5]제주!$E$13+[5]제주!$E$14)/[5]제주!$E$15 -> 0 | L28: =+([5]제주!$F$10*0.4+[5]제주!$F$11+[5]제주!$F$12+[5]제주!$F$13+[5]제주!$F$14)/[5]제주!$F$15 -> 0.0085945587 | M28: =+L28-K28 -> 0.0085945587 | N28: =+[5]제주!$E$16 -> 709.7 | O28: =+[5]제주!$F$16 -> 840.76894 | P28: =+O28-N28 -> 131.06894 | Q28: =+[5]제주!$E$17 -> 1038.3 | R28: =+[5]제주!$F$17 -> 927.12931 | S28: =+R28-Q28 -> -111.17069 | T28: =+[5]제주!$E$19 -> 3.04 | U28: =+[5]제주!$F$19 -> 3.6354095 | V28: =+U28-T28 -> 0.59540946

Sheet 건자재
D6: □ 건자재 손익실적(2024-07)
O7: [단위 : 톤, 천원]
D8: 구분 | F8: 7월 | K8: 7월누계
F9: 계획 | G9: 실적 | H9: 계획대비 | I9: 전년 | J9: 전년대비 | K9: 계획 | L9: 실적 | M9: 계획대비 | N9: 전년 | O9: 전년대비
D10: 판매량 | E10: 철강재 | F10: =+IFERROR(HLOOKUP($F$8,[13]손익!$G$5:$AI$63,2,),) -> 7100 | G10: =+'[7]7월'!$G$8 -> 12986.91 | H10: =+G10-F10 -> 5886.91 | I10: =+IFERROR(HLOOKUP($F$8,[8]월별!$E$2:$T$53,2,),) -> 6748.173 | J10: =+G10-I10 -> 6238.737 | K10: =+F10+[4]건자재!K10 -> 48700 | L10: =+G10+[4]건자재!L10 -> 61066.958 | M10: =+L10-K10 -> 12366.958 | N10: =+I10+[4]건자재!N10 -> 55688.971 | O10: =+L10-N10 -> 5377.987
D11: 판매단가 | E11: 철강재 | F11: =+F12/F10*1000 -> 975352.11 | G11: =+G12/G10*1000 -> 751049.21 | H11: =+G11-F11 -> -224302.9 | I11: =+I12/I10*1000 -> 1025254.3 | J11: =+G11-I11 -> -274205.1 | K11: =+K12/K10*1000 -> 977104.72 | L11: =+L12/L10*1000 -> 829421.35 | M11: =+L11-K11 -> -147683.37 | N11: =+N12/N10*1000 -> 1047235.4 | O11: =+L11-N11 -> -217814.01
D12: 매출액 | E12: 철강재 | F12: =+IFERROR(HLOOKUP($F$8,[13]손익!$G$5:$AI$63,22,),) -> 6925000 | G12: =+'[7]7월'!$G$9 -> 9753808.5 | H12: =+G12-F12 -> 2828808.5 | I12: =+IFERROR(HLOOKUP($F$8,[8]월별!$E$2:$T$53,5,),) -> 6918593.5 | J12: =+G12-I12 -> 2835215 | K12: =+F12+[4]건자재!K12 -> 47585000 | L12: =+G12+[4]건자재!L12 -> 50650239 | M12: =+L12-K12 -> 3065238.6 | N12: =+I12+[4]건자재!N12 -> 58319459 | O12: =+L12-N12 -> -7669220.8
E13: 기타 | F13: =+IFERROR(HLOOKUP($F$8,[13]손익!$G$5:$AI$63,23,),) -> 1759490.5 | G13: =+'[7]7월'!$J$9 -> 1560840.2 | H13: =+G13-F13 -> -198650.37 | I13: =+IFERROR(HLOOKUP($F$8,[8]월별!$E$2:$T$53,6,),) -> 1264884.2 | J13: =+G13-I13 -> 295956.01 | K13: =+F13+[4]건자재!K13 -> 11965777 | L13: =+G13+[4]건자재!L13 -> 10068148 | M13: =+L13-K13 -> -1897628.7 | N13: =+I13+[4]건자재!N13 -> 9211920.8 | O13: =+L13-N13 -> 856227.3
E14: (소계) | F14: =SUM(F12:F13) -> 8684490.5 | G14: =SUM(G12:G13) -> 11314649 | H14: =+G14-F14 -> 2630158.1 | I14: =SUM(I12:I13) -> 8183477.6 | J14: =+G14-I14 -> 3131171 | K14: =SUM(K12:K13) -> 59550777 | L14: =SUM(L12:L13) -> 60718387 | M14: =+L14-K14 -> 1167609.9 | N14: =SUM(N12:N13) -> 67531380 | O14: =+L14-N14 -> -6812993.5
D15: 매출원가 | E15: 철강재 | F15: =+IFERROR(HLOOKUP($F$8,[13]손익!$G$5:$AI$63,25,),) -> 6764400 | G15: =+'[7]7월'!$G$11 -> 9672935.5 | H15: =+G15-F15 -> 2908535.5 | I15: =+IFERROR(HLOOKUP($F$8,[8]월별!$E$2:$T$53,8,),) -> 6747251.3 | J15: =+G15-I15 -> 2925684.2 | K15: =+F15+[4]건자재!K15 -> 46477630 | L15: =+G15+[4]건자재!L15 -> 49533822 | M15: =+L15-K15 -> 3056191.9 | N15: =+I15+[4]건자재!N15 -> 57122964 | O15: =+L15-N15 -> -7589141.6
E16: 기타 | F16: =+IFERROR(HLOOKUP($F$8,[13]손익!$G$5:$AI$63,26,),) -> 1698295.4 | G16: =+'[7]7월'!$J$11 -> 1520077.5 | H16: =+G16-F16 -> -178217.99 | I16: =+IFERROR(HLOOKUP($F$8,[8]월별!$E$2:$T$53,9,),) -> 1239279.3 | J16: =+G16-I16 -> 280798.15 | K16: =+F16+[4]건자재!K16 -> 11549607 | L16: =+G16+[4]건자재!L16 -> 9830247.3 | M16: =+L16-K16 -> -1719359.9 | N16: =+I16+[4]건자재!N16 -> 9022783.2 | O16: =+L16-N16 -> 807464.11
E17: (소계) | F17: =SUM(F15:F16) -> 8462695.4 | G17: =SUM(G15:G16) -> 11193013 | H17: =+G17-F17 -> 2730317.5 | I17: =SUM(I15:I16) -> 7986530.6 | J17: =+G17-I17 -> 3206482.4 | K17: =SUM(K15:K16) -> 58027237 | L17: =SUM(L15:L16) -> 59364069 | M17: =+L17-K17 -> 1336832 | N17: =SUM(N15:N16) -> 66145747 | O17: =+L17-N17 -> -6781677.5
D18: 매출이익 | E18: 철강재 | F18: =+F12-F15 -> 160600 | G18: =+G12-G15 -> 80872.994 | H18: =+G18-F18 -> -79727.006 | I18: =+I12-I15 -> 171342.18 | J18: =+G18-I18 -> -90469.184 | K18: =+K12-K15 -> 1107370 | L18: =+L12-L15 -> 1116416.7 | M18: =+L18-K18 -> 9046.744 | N18: =+N12-N15 -> 1196495.9 | O18: =+L18-N18 -> -80079.11
E19: % | F19: =+F18/F12 -> 0.023191336 | G19: =+G18/G12 -> 0.0082914273 | H19: =+G19-F19 -> -0.014899908 | I19: =+I18/I12 -> 0.024765464 | J19: =+G19-I19 -> -0.016474037 | K19: =+K18/K12 -> 0.023271409 | L19: =+L18/L12 -> 0.022041688 | M19: =+L19-K19 -> -0.0012297213 | N19: =+N18/N12 -> 0.020516237 | O19: =+L19-N19 -> 0.0015254507
E20: 기타 | F20: =+F13-F16 -> 61195.081 | G20: =+G13-G16 -> 40762.703 | H20: =+G20-F20 -> -20432.378 | I20: =+I13-I16 -> 25604.842 | J20: =+G20-I20 -> 15157.861 | K20: =+K13-K16 -> 416169.72 | L20: =+L13-L16 -> 237900.85 | M20: =+L20-K20 -> -178268.87 | N20: =+N13-N16 -> 189137.67 | O20: =+L20-N20 -> 48763.185
E21: % | F21: =+F20/F13 -> 0.03478 | G21: =+G20/G13 -> 0.026115873 | H21: =+G21-F21 -> -0.0086641273 | I21: =+I20/I13 -> 0.020242836 | J21: =+G21-I21 -> 0.0058730371 | K21: =+K20/K13 -> 0.03478 | L21: =+L20/L13 -> 0.023629058 | M21: =+L21-K21 -> -0.011150942 | N21: =+N20/N13 -> 0.020531838 | O21: =+L21-N21 -> 0.0030972195
E22: (소계) | F22: =SUM(F18,F20) -> 221795.08 | G22: =SUM(G18,G20) -> 121635.7 | H22: =+G22-F22 -> -100159.38 | I22: =SUM(I18,I20) -> 196947.02 | J22: =+G22-I22 -> -75311.323 | K22: =+K14-K17 -> 1523539.7 | L22: =+L14-L17 -> 1354317.6 | M22: =+L22-K22 -> -169222.12 | N22: =+N14-N17 -> 1385633.5 | O22: =+L22-N22 -> -31315.925
E23: % | F23: =+F22/F14 -> 0.025539216 | G23: =+G22/G14 -> 0.010750285 | H23: =+G23-F23 -> -0.014788931 | I23: =+I22/I14 -> 0.024066421 | J23: =+G23-I23 -> -0.013316136 | K23: =+K22/K14 -> 0.025583876 | L23: =+L22/L14 -> 0.022304901 | M23: =+L23-K23 -> -0.0032789756 | N23: =+N22/N14 -> 0.020518365 | O23: =+L23-N23 -> 0.0017865357
D24: 판관비 | E24: 노무비 | F24: =+IFERROR(HLOOKUP($F$8,[13]판매4!$G$4:$U$50,7,),) -> 83504.47 | G24: =+'[7]7월'!$M$19 -> 89008.37 | H24: =+G24-F24 -> 5503.9 | I24: =+IFERROR(HLOOKUP($F$8,[8]월별!$E$2:$T$53,17,),) -> 78682.584 | J24: =+G24-I24 -> 10325.786 | K24: =+F24+[4]건자재!K24 -> 581956.47 | L24: =+G24+[4]건자재!L24 -> 625406.77 | M24: =+L24-K24 -> 43450.296 | N24: =+I24+[4]건자재!N24 -> 556240.84 | O24: =+L24-N24 -> 69165.929
E25: 경비 | F25: =+IFERROR(HLOOKUP($F$8,[13]판매4!$G$4:$U$50,31,),)+IFERROR(HLOOKUP($F$8,[13]판매4!$G$4:$U$50,34,),) -> 37999.59 | G25: =+'[7]7월'!$M$37+'[7]7월'!$M$40 -> 72196.943 | H25: =+G25-F25 -> 34197.353 | I25: =+IFERROR(HLOOKUP($F$8,[8]월별!$E$2:$T$53,35,),)+IFERROR(HLOOKUP($F$8,[8]월별!$E$2:$T$53,38,),) -> 30474.713 | J25: =+G25-I25 -> 41722.23 | K25: =+F25+[4]건자재!K25 -> 294572.3 | L25: =+G25+[4]건자재!L25 -> 353358.01 | M25: =+L25-K25 -> 58785.712 | N25: =+I25+[4]건자재!N25 -> 247708.85 | O25: =+L25-N25 -> 105649.16
E26: (소계) | F26: =SUM(F24:F25) -> 121504.06 | G26: =SUM(G24:G25) -> 161205.31 | H26: =+G26-F26 -> 39701.253 | I26: =SUM(I24:I25) -> 109157.3 | J26: =+G26-I26 -> 52048.016 | K26: =SUM(K24:K25) -> 876528.77 | L26: =SUM(L24:L25) -> 978764.78 | M26: =+L26-K26 -> 102236.01 | N26: =SUM(N24:N25) -> 803949.69 | O26: =+L26-N26 -> 174815.09
D27: 영업이익 | F27: =+F22-F26 -> 100291.02 | G27: =+G22-G26 -> -39569.616 | H27: =+G27-F27 -> -139860.64 | I27: =+I22-I26 -> 87789.723 | J27: =+G27-I27 -> -127359.34 | K27: =+K22-K26 -> 647010.95 | L27: =+L22-L26 -> 375552.82 | M27: =+L27-K27 -> -271458.13 | N27: =+N22-N26 -> 581683.83 | O27: =+L27-N27 -> -206131.01
E28: % | F28: =+F27/F14 -> 0.011548291 | G28: =+G27/G14 -> -0.0034972024 | H28: =+G28-F28 -> -0.015045493 | I28: =+I27/I14 -> 0.010727679 | J28: =+G28-I28 -> -0.014224882 | K28: =+K27/K14 -> 0.010864862 | L28: =+L27/L14 -> 0.0061851581 | M28: =+L28-K28 -> -0.0046797035 | N28: =+N27/N14 -> 0.0086135339 | O28: =+L28-N28 -> -0.0024283758
D29: 철강재 단가 및 마진률
R34: * 공통비
F36: =+IFERROR(HLOOKUP($F$8,[13]손익!$G$5:$AJ$65,17,),) -> 100291.02 | G36: =+'[7]7월'!$M$41 -> -39569.616 | I36: =+IFERROR(HLOOKUP($F$8,[8]월별!$E$2:$T$53,39,),) -> 87789.723 | K36: =+F36+[4]건자재!K36 -> 647010.95 | L36: =+G36+[4]건자재!L36 -> 375552.82 | N36: =+I36+[4]건자재!N36 -> 581683.83 | S36: 1월 | T36: 2월 | U36: 3월 | V36: 4월 | W36: 5월 | X36: 6월 | Y36: 7월 | Z36: 8월 | AA36: 9월 | AB36: 10월 | AC36: 11월 | AD36: 12월 | AE36: 1월 | AF36: 2월 | AG36: 3월 | AH36: 4월 | AI36: 5월 | AJ36: 6월 | AK36: 7월
F37: =+F27=F36 -> TRUE | G37: =+G27=G36 -> FALSE | I37: =+I27=I36 -> TRUE | K37: =+K27=K36 -> FALSE | L37: =+L27=L36 -> FALSE | N37: =+N27=N36 -> FALSE | R37: 구분 | S37: 1월 | T37: 2월 | U37: 3 | V37: 4월 | W37: 5월 | X37: 6월 | Y37: 7월 | Z37: =+Z36 -> 8월 | AA37: =+AA36 -> 9월 | AB37: =+AB36 -> 10월 | AC37: =+AC36 -> 11월 | AD37: =+AD36 -> 12월 | AE37: =+AE36 -> 1월 | AF37: =+AF36 -> 2월 | AG37: =+AG36 -> 3월 | ... AK37: =+AK36 -> 7월
K38: =+K27-K36 -> -1.8626451e-09 | L38: =+L27-L36 -> -4.5984052e-09 | N38: =+N27-N36 -> -1.9790605e-09 | R38: 판매단가 | S38: =+IFERROR(HLOOKUP(S$36,[8]월별!$E$2:$S$67,42,),) -> 1098907.9 | T38: =+IFERROR(HLOOKUP(T$36,[8]월별!$E$2:$S$67,42,),) -> 1027487 | U38: =+IFERROR(HLOOKUP(U$36,[8]월별!$E$2:$S$67,42,),) -> 1030973.4 | V38: =+IFERROR(HLOOKUP(V$36,[8]월별!$E$2:$S$67,42,),) -> 1048311.1 | W38: =+IFERROR(HLOOKUP(W$36,[8]월별!$E$2:$S$67,42,),) -> 1064717.6 | X38: =+IFERROR(HLOOKUP(X$36,[8]월별!$E$2:$S$67,42,),) -> 1043902.1 | Y38: =+IFERROR(HLOOKUP(Y$36,[8]월별!$E$2:$S$67,42,),) -> 1025254.3 | Z38: =+IFERROR(HLOOKUP(Z$36,[8]월별!$E$2:$S$67,42,),) -> 957693.64 | ... AD38: =+IFERROR(HLOOKUP(AD$36,[8]월별!$E$2:$S$67,42,),) -> 951341.43 | AE38: =+IFERROR(HLOOKUP(AE$36,[7]월별!$E$2:$S$67,42,),) -> 920730.85 | AF38: =+IFERROR(HLOOKUP(AF$36,[7]월별!$E$2:$S$67,42,),) -> 886130.89 | AG38: =+IFERROR(HLOOKUP(AG$36,[7]월별!$E$2:$S$67,42,),) -> 873530.52 | AH38: =+IFERROR(HLOOKUP(AH$36,[7]월별!$E$2:$S$67,42,),) -> 853042.91 | AI38: =+IFERROR(HLOOKUP(AI$36,[7]월별!$E$2:$S$67,42,),) -> 811389.31 | AJ38: =+IFERROR(HLOOKUP(AJ$36,[7]월별!$E$2:$S$67,42,),) -> 785072.68 | AK38: =+IFERROR(HLOOKUP(AK$36,[7]월별!$E$2:$S$67,42,),) -> 751049.21
R39: 마진률 | S39: =+IFERROR(HLOOKUP(S$36,[8]월별!$E$2:$S$67,43,),) -> 0.0192633 | T39: =+IFERROR(HLOOKUP(T$36,[8]월별!$E$2:$S$67,43,),) -> 0.020328431 | U39: =+IFERROR(HLOOKUP(U$36,[8]월별!$E$2:$S$67,43,),) -> 0.018159702 | V39: =+IFERROR(HLOOKUP(V$36,[8]월별!$E$2:$S$67,43,),) -> 0.02078312 | W39: =+IFERROR(HLOOKUP(W$36,[8]월별!$E$2:$S$67,43,),) -> 0.018530156 | X39: =+IFERROR(HLOOKUP(X$36,[8]월별!$E$2:$S$67,43,),) -> 0.023380889 | Y39: =+IFERROR(HLOOKUP(Y$36,[8]월별!$E$2:$S$67,43,),) -> 0.024066421 | Z39: =+IFERROR(HLOOKUP(Z$36,[8]월별!$E$2:$S$67,43,),) -> 0.027515512 | ... AD39: =+IFERROR(HLOOKUP(AD$36,[8]월별!$E$2:$S$67,43,),) -> 0.020746013 | AE39: =+IFERROR(HLOOKUP(AE$36,[7]월별!$E$2:$S$67,43,),) -> 0.02665137 | AF39: =+IFERROR(HLOOKUP(AF$36,[7]월별!$E$2:$S$67,43,),) -> 0.025582239 | AG39: =+IFERROR(HLOOKUP(AG$36,[7]월별!$E$2:$S$67,43,),) -> 0.01864122 | AH39: =+IFERROR(HLOOKUP(AH$36,[7]월별!$E$2:$S$67,43,),) -> 0.018471205 | AI39: =+IFERROR(HLOOKUP(AI$36,[7]월별!$E$2:$S$67,43,),) -> 0.026079512 | AJ39: =+IFERROR(HLOOKUP(AJ$36,[7]월별!$E$2:$S$67,43,),) -> 0.035689686 | AK39: =+IFERROR(HLOOKUP(AK$36,[7]월별!$E$2:$S$67,43,),) -> 0.010750285

Sheet 골재사업소(당월)
A1: 7월
D4: □ 2024년 골재사업소 손익(2024-07)
AJ5: [단위 : ㎥, 천원]
D6: 계획 | E6: 구분 | G6: 서부산 쇄석 | J6: 서부산 쇄사 | M6: 혼합석(25mm) | P6: 서부산 소계 | S6: 부산크라샤 쇄석 | V6: 부산크라샤 쇄사 | Y6: 서해사1 | AB6: 부산크라샤 소계 | AE6: 부산 모래 | AH6: 골재사업소 계
G7: 계획 | H7: 실적 | I7: 차이 | J7: 계획 | K7: 실적 | L7: 차이 | M7: 계획 | N7: 실적 | O7: 차이 | P7: 계획 | Q7: 실적 | R7: 차이 | S7: 계획 | T7: 실적 | U7: 차이 | V7: 계획 | W7: 실적 | X7: 차이 | Y7: 계획 | Z7: 실적 | AA7: 차이 | AB7: 계획 | AC7: 실적 | AD7: 차이 | AE7: 계획 | AF7: 실적 | AG7: 차이 | AH7: 계획 | AI7: 실적 | AJ7: 차이
E8: 판매량 | F8: 자가이송 | G8: =+IFERROR(HLOOKUP($A$1,[14]손익요약!$G$5:$AL$106,3,),) -> 16335.6 | H8: =+'[9]서부산크라샤(당월)'!$F$66 -> 8550 | I8: =H8-G8 -> -7785.6 | J8: =+IFERROR(HLOOKUP($A$1,[14]손익요약!$G$5:$AL$106,6,),) -> 1975.5642 | K8: =+'[9]서부산크라샤(당월)'!$I$66 -> 0 | L8: =K8-J8 -> -1975.5642 | M8: =+IFERROR(HLOOKUP($A$1,[14]손익요약!$G$5:$AL$106,9,),) -> 0 | O8: =N8-M8 -> 0 | P8: =+G8+J8+M8 -> 18311.164 | Q8: =+H8+K8+N8 -> 8550 | R8: =Q8-P8 -> -9761.1642 | S8: =+IFERROR(HLOOKUP($A$1,[15]손익요약!$G$5:$AL$106,3,),) -> 12004.66 | T8: =+'[9]부산크라샤(당월)'!$F$66 -> 11750 | U8: =T8-S8 -> -254.65967 | V8: =+IFERROR(HLOOKUP($A$1,[15]손익요약!$G$5:$AL$106,6,),) -> 10794.85 | W8: =+'[9]부산크라샤(당월)'!$I$66 -> 12156 | X8: =W8-V8 -> 1361.1499 | Z8: =+'[9]부산크라샤(당월)'!$L$66 -> 0 | AA8: =Z8-Y8 -> 0 | AB8: =+S8+V8+Y8 -> 22799.51 | AC8: =+T8+W8+Z8 -> 23906 | AD8: =AC8-AB8 -> 1106.4903 | AE8: =+IFERROR(HLOOKUP($A$1,[16]손익계획!$G$5:$AX$449,3,),) -> 18249.091 | AF8: =+'[9]부산모래장(당월)'!$R$48 -> 10914 | AG8: =AF8-AE8 -> -7335.0907 | AH8: =+P8+AB8+AE8 -> 59359.765 | AI8: =+Q8+AC8+AF8 -> 43370 | AJ8: =AI8-AH8 -> -15989.765
F9: % | G9: =+G8/G$12 -> 0.83193791 | H9: =+H8/H$12 -> 0.87692308 | I9: =+H9-G9 -> 0.044985168 | J9: =+J8/J$12 -> 0.22010473 | K9: =+K8/K$12 -> 0 | L9: =+K9-J9 -> -0.22010473 | M9: =+M8/M$12 -> 0 | O9: =+N9-M9 -> 0 | P9: =+P8/P$12 -> 0.36180089 | Q9: =+Q8/Q$12 -> 0.81661891 | R9: =+Q9-P9 -> 0.45481802 | S9: =+S8/S$12 -> 0.70596295 | T9: =+T8/T$12 -> 0.67974083 | U9: =+T9-S9 -> -0.026222117 | V9: =+V8/V$12 -> 0.41848858 | W9: =+W8/W$12 -> 0.71556393 | X9: =+W9-V9 -> 0.29707535 | Z9: =+Z8/Z$12 -> 0 | AA9: =+Z9-Y9 -> 0 | AB9: =+AB8/AB$12 -> 0.53270493 | AC9: =+AC8/AC$12 -> 0.67312403 | AD9: =+AC9-AB9 -> 0.1404191 | AE9: =+AE8/AE$12 -> 0.65764644 | AF9: =+AF8/AF$12 -> 0.72871737 | AG9: =+AF9-AE9 -> 0.071070927 | AH9: =+AH8/AH$12 -> 0.48992968 | AI9: =+AI8/AI$12 -> 0.71142679 | AJ9: =+AI9-AH9 -> 0.22149711
F10: 외부판매 | G10: =+IFERROR(HLOOKUP($A$1,[14]손익요약!$G$5:$AL$106,2,),) -> 3300 | H10: =+'[9]서부산크라샤(당월)'!$F$59 -> 1200 | I10: =H10-G10 -> -2100 | J10: =+IFERROR(HLOOKUP($A$1,[14]손익요약!$G$5:$AL$106,5,),) -> 7000 | K10: =+'[9]서부산크라샤(당월)'!$I$59 -> 720 | L10: =K10-J10 -> -6280 | M10: =+IFERROR(HLOOKUP($A$1,[14]손익요약!$G$5:$AL$106,8,),) -> 22000 | O10: =N10-M10 -> -22000 | P10: =+G10+J10+M10 -> 32300 | Q10: =+H10+K10+N10 -> 1920 | R10: =Q10-P10 -> -30380 | S10: =+IFERROR(HLOOKUP($A$1,[15]손익요약!$G$5:$AL$106,2,),) -> 5000 | T10: =+'[9]부산크라샤(당월)'!$F$59 -> 5536 | U10: =T10-S10 -> 536 | V10: =+IFERROR(HLOOKUP($A$1,[15]손익요약!$G$5:$AL$106,5,),) -> 15000 | W10: =+'[9]부산크라샤(당월)'!$I$59 -> 4832 | X10: =W10-V10 -> -10168 | Z10: =+'[9]부산크라샤(당월)'!$L$59 -> 1241 | AA10: =Z10-Y10 -> 1241 | AB10: =+S10+V10+Y10 -> 20000 | AC10: =+T10+W10+Z10 -> 11609 | AD10: =AC10-AB10 -> -8391 | AE10: =+IFERROR(HLOOKUP($A$1,[16]손익계획!$G$5:$AX$449,2,),) -> 9500 | AF10: =+'[9]부산모래장(당월)'!$R$47 -> 4063 | AG10: =AF10-AE10 -> -5437 | AH10: =+P10+AB10+AE10 -> 61800 | AI10: =+Q10+AC10+AF10 -> 17592 | AJ10: =AI10-AH10 -> -44208
F11: % | G11: =+G10/G$12 -> 0.16806209 | H11: =+H10/H$12 -> 0.12307692 | I11: =+H11-G11 -> -0.044985168 | J11: =+J10/J$12 -> 0.77989527 | K11: =+K10/K$12 -> 1 | L11: =+K11-J11 -> 0.22010473 | M11: =+M10/M$12 -> 1 | O11: =+N11-M11 -> -1 | P11: =+P10/P$12 -> 0.63819911 | Q11: =+Q10/Q$12 -> 0.18338109 | R11: =+Q11-P11 -> -0.45481802 | S11: =+S10/S$12 -> 0.29403705 | T11: =+T10/T$12 -> 0.32025917 | U11: =+T11-S11 -> 0.026222117 | V11: =+V10/V$12 -> 0.58151142 | W11: =+W10/W$12 -> 0.28443607 | X11: =+W11-V11 -> -0.29707535 | Z11: =+Z10/Z$12 -> 1 | AA11: =+Z11-Y11 -> 1 | AB11: =+AB10/AB$12 -> 0.46729507 | AC11: =+AC10/AC$12 -> 0.32687597 | AD11: =+AC11-AB11 -> -0.1404191 | AE11: =+AE10/AE$12 -> 0.34235356 | AF11: =+AF10/AF$12 -> 0.27128263 | AG11: =+AF11-AE11 -> -0.071070927 | AH11: =+AH10/AH$12 -> 0.51007032 | AI11: =+AI10/AI$12 -> 0.28857321 | AJ11: =+AI11-AH11 -> -0.22149711
F12: (소계) | G12: =G8+G10 -> 19635.6 | H12: =H8+H10 -> 9750 | I12: =H12-G12 -> -9885.6 | J12: =J8+J10 -> 8975.5642 | K12: =K8+K10 -> 720 | L12: =K12-J12 -> -8255.5642 | M12: =M8+M10 -> 22000 | O12: =N12-M12 -> -22000 | P12: =P8+P10 -> 50611.164 | Q12: =Q8+Q10 -> 10470 | R12: =Q12-P12 -> -40141.164 | S12: =S8+S10 -> 17004.66 | T12: =T8+T10 -> 17286 | U12: =T12-S12 -> 281.34033 | V12: =V8+V10 -> 25794.85 | W12: =W8+W10 -> 16988 | X12: =W12-V12 -> -8806.8501 | Z12: =Z8+Z10 -> 1241 | AA12: =Z12-Y12 -> 1241 | AB12: =AB8+AB10 -> 42799.51 | AC12: =AC8+AC10 -> 35515 | AD12: =AC12-AB12 -> -7284.5097 | AE12: =AE8+AE10 -> 27749.091 | AF12: =AF8+AF10 -> 14977 | AG12: =AF12-AE12 -> -12772.091 | AH12: =AH8+AH10 -> 121159.76 | AI12: =AI8+AI10 -> 60962 | AJ12: =AI12-AH12 -> -60197.765 | AL12: =+'사업장별(당월)'!J32*1000 -> 121159.76 | AM12: =+'사업장별(당월)'!K32*1000 -> 60962
E13: 매출액 | F13: 자가이송 | G13: =+IFERROR(HLOOKUP($A$1,[14]손익요약!$G$5:$AL$106,15,),) -> 248708.8 | H13: =+'[9]서부산크라샤(당월)'!$F$72 -> 145350 | I13: =H13-G13 -> -103358.8 | J13: =+IFERROR(HLOOKUP($A$1,[14]손익요약!$G$5:$AL$106,18,),) -> 36864.929 | K13: =+'[9]서부산크라샤(당월)'!$I$72 -> 0 | L13: =K13-J13 -> -36864.929 | M13: =+IFERROR(HLOOKUP($A$1,[14]손익요약!$G$5:$AL$106,21,),) -> 0 | O13: =N13-M13 -> 0 | P13: =+G13+J13+M13 -> 285573.73 | Q13: =+H13+K13+N13 -> 145350 | R13: =Q13-P13 -> -140223.73 | S13: =+IFERROR(HLOOKUP($A$1,[15]손익요약!$G$5:$AL$106,12,),) -> 192074.55 | T13: =+'[9]부산크라샤(당월)'!$F$72 -> 185825 | U13: =T13-S13 -> -6249.5547 | V13: =+IFERROR(HLOOKUP($A$1,[15]손익요약!$G$5:$AL$106,15,),) -> 238682.02 | W13: =+'[9]부산크라샤(당월)'!$I$72 -> 264674 | X13: =W13-V13 -> 25991.984 | Z13: =+'[9]부산크라샤(당월)'!$L$72 -> 0 | AA13: =Z13-Y13 -> 0 | AB13: =+S13+V13+Y13 -> 430756.57 | AC13: =+T13+W13+Z13 -> 450499 | AD13: =AC13-AB13 -> 19742.429 | AE13: =+IFERROR(HLOOKUP($A$1,[16]손익계획!$G$5:$AX$449,6,),) -> 518755.54 | AF13: =+'[9]부산모래장(당월)'!$R$54 -> 317680 | AG13: =AF13-AE13 -> -201075.54 | AH13: =+P13+AB13+AE13 -> 1235085.8 | AI13: =+Q13+AC13+AF13 -> 913529 | AJ13: =AI13-AH13 -> -321556.84 | AL13: =+AL12=AH12 -> TRUE | AM13: =+AM12=AI12 -> TRUE
F14: 단가 | G14: =+G13/G8*1000 -> 15224.957 | H14: =+H13/H8*1000 -> 17000 | I14: =H14-G14 -> 1775.0435 | J14: =+J13/J8*1000 -> 18660.456 | K14: =+K13/K8*1000 -> #DIV/0! | L14: =K14-J14 -> #DIV/0! | M14: =+M13/M8*1000 -> #DIV/0! | O14: =N14-M14 -> #DIV/0! | P14: =+P13/P8*1000 -> 15595.607 | Q14: =+Q13/Q8*1000 -> 17000 | R14: =Q14-P14 -> 1404.3925 | S14: =+S13/S8*1000 -> 16000 | T14: =+T13/T8*1000 -> 15814.894 | U14: =T14-S14 -> -185.10638 | V14: =+V13/V8*1000 -> 22110.73 | W14: =+W13/W8*1000 -> 21773.116 | X14: =W14-V14 -> -337.61392 | Z14: =+Z13/Z8*1000 -> #DIV/0! | AA14: =Z14-Y14 -> #DIV/0! | AB14: =+AB13/AB8*1000 -> 18893.238 | AC14: =+AC13/AC8*1000 -> 18844.6 | AD14: =AC14-AB14 -> -48.638626 | AE14: =+AE13/AE8*1000 -> 28426.377 | AF14: =+AF13/AF8*1000 -> 29107.568 | AG14: =AF14-AE14 -> 681.19088 | AH14: =+AH13/AH8*1000 -> 20806.785 | AI14: =+AI13/AI8*1000 -> 21063.615 | AJ14: =AI14-AH14 -> 256.83075
F15: 외부판매 | G15: =+IFERROR(HLOOKUP($A$1,[14]손익요약!$G$5:$AL$106,14,),) -> 37950 | H15: =+'[9]서부산크라샤(당월)'!$F$71 -> 16200 | I15: =H15-G15 -> -21750 | J15: =+IFERROR(HLOOKUP($A$1,[14]손익요약!$G$5:$AL$106,17,),) -> 105000 | K15: =+'[9]서부산크라샤(당월)'!$I$71 -> 6480 | L15: =K15-J15 -> -98520 | M15: =+IFERROR(HLOOKUP($A$1,[14]손익요약!$G$5:$AL$106,20,),) -> 198000 | O15: =N15-M15 -> -198000 | P15: =+G15+J15+M15 -> 340950 | Q15: =+H15+K15+N15 -> 22680 | R15: =Q15-P15 -> -318270 | S15: =+IFERROR(HLOOKUP($A$1,[15]손익요약!$G$5:$AL$106,11,),) -> 60000 | T15: =+'[9]부산크라샤(당월)'!$F$71 -> 71968 | U15: =T15-S15 -> 11968 | V15: =+IFERROR(HLOOKUP($A$1,[15]손익요약!$G$5:$AL$106,14,),) -> 285000 | W15: =+'[9]부산크라샤(당월)'!$I$71 -> 91808 | X15: =W15-V15 -> -193192 | Z15: =+'[9]부산크라샤(당월)'!$L$71 -> 34127.5 | AA15: =Z15-Y15 -> 34127.5 | AB15: =+S15+V15+Y15 -> 345000 | AC15: =+T15+W15+Z15 -> 197903.5 | AD15: =AC15-AB15 -> -147096.5 | AE15: =+IFERROR(HLOOKUP($A$1,[16]손익계획!$G$5:$AX$449,5,),) -> 270750 | AF15: =+'[9]부산모래장(당월)'!$R$53 -> 107210.5 | AG15: =AF15-AE15 -> -163539.5 | AH15: =+P15+AB15+AE15 -> 956700 | AI15: =+Q15+AC15+AF15 -> 327794 | AJ15: =AI15-AH15 -> -628906
F16: 단가 | G16: =IFERROR(G15/G10,)*1000 -> 11500 | H16: =IFERROR(H15/H10,)*1000 -> 13500 | I16: =H16-G16 -> 2000 | J16: =IFERROR(J15/J10,)*1000 -> 15000 | K16: =IFERROR(K15/K10,)*1000 -> 9000 | L16: =K16-J16 -> -6000 | M16: =IFERROR(M15/M10,)*1000 -> 9000 | O16: =N16-M16 -> -9000 | P16: =IFERROR(P15/P10,)*1000 -> 10555.728 | Q16: =IFERROR(Q15/Q10,)*1000 -> 11812.5 | R16: =Q16-P16 -> 1256.7724 | S16: =IFERROR(S15/S10,)*1000 -> 12000 | T16: =IFERROR(T15/T10,)*1000 -> 13000 | U16: =T16-S16 -> 1000 | V16: =IFERROR(V15/V10,)*1000 -> 19000 | W16: =IFERROR(W15/W10,)*1000 -> 19000 | X16: =W16-V16 -> 0 | Z16: =IFERROR(Z15/Z10,)*1000 -> 27500 | AA16: =Z16-Y16 -> 27500 | AB16: =IFERROR(AB15/AB10,)*1000 -> 17250 | AC16: =IFERROR(AC15/AC10,)*1000 -> 17047.42 | AD16: =AC16-AB16 -> -202.57989 | AE16: =IFERROR(AE15/AE10,)*1000 -> 28500 | AF16: =IFERROR(AF15/AF10,)*1000 -> 26387.029 | AG16: =AF16-AE16 -> -2112.9707 | AH16: =IFERROR(AH15/AH10,)*1000 -> 15480.583 | AI16: =IFERROR(AI15/AI10,)*1000 -> 18633.129 | AJ16: =AI16-AH16 -> 3152.5462
F17: (소계) | G17: =G13+G15 -> 286658.8 | H17: =H13+H15 -> 161550 | I17: =H17-G17 -> -125108.8 | J17: =J13+J15 -> 141864.93 | K17: =K13+K15 -> 6480 | L17: =K17-J17 -> -135384.93 | M17: =M13+M15 -> 198000 | O17: =N17-M17 -> -198000 | P17: =P13+P15 -> 626523.73 | Q17: =Q13+Q15 -> 168030 | R17: =Q17-P17 -> -458493.73 | S17: =S13+S15 -> 252074.55 | T17: =T13+T15 -> 257793 | U17: =T17-S17 -> 5718.4453 | V17: =V13+V15 -> 523682.02 | W17: =W13+W15 -> 356482 | X17: =W17-V17 -> -167200.02 | Z17: =Z13+Z15 -> 34127.5 | AA17: =Z17-Y17 -> 34127.5 | AB17: =AB13+AB15 -> 775756.57 | AC17: =AC13+AC15 -> 648402.5 | AD17: =AC17-AB17 -> -127354.07 | AE17: =AE13+AE15 -> 789505.54 | AF17: =AF13+AF15 -> 424890.5 | AG17: =AF17-AE17 -> -364615.04 | AH17: =AH13+AH15 -> 2191785.8 | AI17: =AI13+AI15 -> 1241323 | AJ17: =AI17-AH17 -> -950462.84 | AL17: =+'사업장별(당월)'!O32*1000 -> 2191785.8 | AM17: =+'사업장별(당월)'!P32*1000 -> 1241323
E18: 영업이익 | F18: 자가이송 | G18: =+IFERROR(HLOOKUP($A$1,[14]손익요약!$G$5:$AL$106,80,),) -> 58651.829 | H18: =+'[9]서부산크라샤(당월)'!$F$87 -> -49342.381 | I18: =H18-G18 -> -107994.21 | J18: =+IFERROR(HLOOKUP($A$1,[14]손익요약!$G$5:$AL$106,83,),) -> 13772.37 | K18: =+'[9]서부산크라샤(당월)'!$I$87 -> 0 | L18: =K18-J18 -> -13772.37 | M18: =+IFERROR(HLOOKUP($A$1,[14]손익요약!$G$5:$AL$106,86,),) -> 0 | O18: =N18-M18 -> 0 | P18: =+G18+J18+M18 -> 72424.199 | Q18: =+H18+K18+N18 -> -49342.381 | R18: =Q18-P18 -> -121766.58 | S18: =+IFERROR(HLOOKUP($A$1,[15]손익요약!$G$5:$U$95,57,),) -> -12594.574 | T18: =+'[9]부산크라샤(당월)'!$F$87 -> -61932.021 | U18: =T18-S18 -> -49337.446 | V18: =+IFERROR(HLOOKUP($A$1,[15]손익요약!$G$5:$AL$106,60,),) -> 53591.321 | W18: =+'[9]부산크라샤(당월)'!$I$87 -> 425.47937 | X18: =W18-V18 -> -53165.842 | Z18: =+'[9]부산크라샤(당월)'!$L$87 -> 0 | AA18: =Z18-Y18 -> 0 | AB18: =+S18+V18+Y18 -> 40996.747 | AC18: =+T18+W18+Z18 -> -61506.542 | AD18: =AC18-AB18 -> -102503.29 | AE18: =+IFERROR(HLOOKUP($A$1,[16]손익계획!$G$5:$AX$449,25,),) -> 32741.081 | AF18: =+'[9]부산모래장(당월)'!$R$82 -> 65242.551 | AG18: =AF18-AE18 -> 32501.47 | AH18: =+P18+AB18+AE18 -> 146162.03 | AI18: =+Q18+AC18+AF18 -> -45606.372 | AJ18: =AI18-AH18 -> -191768.4 | AL18: =+AL17=AH17 -> TRUE | AM18: =+AM17=AI17 -> TRUE
F19: 외부판매 | G19: =+IFERROR(HLOOKUP($A$1,[14]손익요약!$G$5:$AL$106,79,),) -> -248.6855 | H19: =+'[9]서부산크라샤(당월)'!$F$86 -> -9580.4448 | I19: =H19-G19 -> -9331.7593 | J19: =+IFERROR(HLOOKUP($A$1,[14]손익요약!$G$5:$AL$106,82,),) -> 23583.327 | K19: =+'[9]서부산크라샤(당월)'!$I$86 -> -2309.8476 | L19: =K19-J19 -> -25893.175 | M19: =+IFERROR(HLOOKUP($A$1,[14]손익요약!$G$5:$AL$106,85,),) -> 12415.717 | O19: =N19-M19 -> -12415.717 | P19: =+G19+J19+M19 -> 35750.359 | Q19: =+H19+K19+N19 -> -11890.292 | R19: =Q19-P19 -> -47640.651 | S19: =+IFERROR(HLOOKUP($A$1,[15]손익요약!$G$5:$AL$106,56,),) -> -24928.022 | T19: =+'[9]부산크라샤(당월)'!$F$86 -> -44232.924 | U19: =T19-S19 -> -19304.901 | V19: =+IFERROR(HLOOKUP($A$1,[15]손익요약!$G$5:$AL$106,59,),) -> 28548.112 | W19: =+'[9]부산크라샤(당월)'!$I$86 -> -12775.249 | X19: =W19-V19 -> -41323.362 | Z19: =+'[9]부산크라샤(당월)'!$L$86 -> 4813.3761 | AA19: =Z19-Y19 -> 4813.3761 | AB19: =+S19+V19+Y19 -> 3620.0902 | AC19: =+T19+W19+Z19 -> -52194.797 | AD19: =AC19-AB19 -> -55814.887 | AE19: =+IFERROR(HLOOKUP($A$1,[16]손익계획!$G$5:$AX$449,24,),) -> 17362.057 | AF19: =+'[9]부산모래장(당월)'!$I$81-'[9]부산모래장(당월)'!$R$82 -> -865.20907 | AG19: =AF19-AE19 -> -18227.266 | AH19: =+P19+AB19+AE19 -> 56732.506 | AI19: =+Q19+AC19+AF19 -> -64950.298 | AJ19: =AI19-AH19 -> -121682.8
F20: (소계) | G20: =G18+G19 -> 58403.144 | H20: =H18+H19 -> -58922.826 | I20: =H20-G20 -> -117325.97 | J20: =J18+J19 -> 37355.697 | K20: =K18+K19 -> -2309.8476 | L20: =K20-J20 -> -39665.545 | M20: =M18+M19 -> 12415.717 | O20: =N20-M20 -> -12415.717 | P20: =P18+P19 -> 108174.56 | Q20: =Q18+Q19 -> -61232.674 | R20: =Q20-P20 -> -169407.23 | S20: =S18+S19 -> -37522.597 | T20: =T18+T19 -> -106164.94 | U20: =T20-S20 -> -68642.348 | V20: =V18+V19 -> 82139.434 | W20: =W18+W19 -> -12349.77 | X20: =W20-V20 -> -94489.203 | Z20: =Z18+Z19 -> 4813.3761 | AA20: =Z20-Y20 -> 4813.3761 | AB20: =AB18+AB19 -> 44616.837 | AC20: =AC18+AC19 -> -113701.34 | AD20: =AC20-AB20 -> -158318.18 | AE20: =AE18+AE19 -> 50103.139 | AF20: =AF18+AF19 -> 64377.342 | AG20: =AF20-AE20 -> 14274.203 | AH20: =AH18+AH19 -> 202894.53 | AI20: =AI18+AI19 -> -110556.67 | AJ20: =AI20-AH20 -> -313451.2 | AL20: =+'사업장별(당월)'!T32*1000 -> 202894.53 | AM20: ='사업장별(당월)'!U32*1000 -> -110556.67
E21: 자가이송 | F21: 부산 | G21: =+IFERROR(HLOOKUP($A$1,[14]손익!$G$5:$AB$252,3,),) -> 0 | H21: =+'[9]서부산크라샤(당월)'!$F$60 -> 0 | I21: =H21-G21 -> 0 | J21: =+IFERROR(HLOOKUP($A$1,[14]손익!$G$5:$AB$252,12,),) -> 0 | K21: =+'[9]서부산크라샤(당월)'!$I$60 -> 0 | L21: =K21-J21 -> 0 | O21: =N21-M21 -> 0 | P21: =+G21+J21+M21 -> 0 | Q21: =+H21+K21+N21 -> 0 | R21: =Q21-P21 -> 0 | S21: =+IFERROR(HLOOKUP($A$1,[15]손익!$G$5:$AB$252,3,),) -> 12004.66 | T21: =+'[9]부산크라샤(당월)'!$F$60 -> 8150 | U21: =T21-S21 -> -3854.6597 | V21: =+IFERROR(HLOOKUP($A$1,[15]손익!$G$5:$AB$252,12,),) -> 8394.9662 | W21: =+'[9]부산크라샤(당월)'!$I$60 -> 6300 | X21: =W21-V21 -> -2094.9662 | Z21: =+'[9]부산크라샤(당월)'!$L$60 -> 0 | AA21: =Z21-Y21 -> 0 | AB21: =+S21+V21+Y21 -> 20399.626 | AC21: =+T21+W21+Z21 -> 14450 | AD21: =AC21-AB21 -> -5949.6259 | AE21: =+IFERROR(HLOOKUP($A$1,[16]이송계획!$G$193:$U$216,16,),) -> 4727.5453 | AF21: =+'[9]부산모래장(당월)'!$R$64 -> 3650 | AG21: =AF21-AE21 -> -1077.5453 | AH21: =+P21+AB21+AE21 -> 25127.171 | AI21: =+Q21+AC21+AF21 -> 18100 | AJ21: =AI21-AH21 -> -7027.1711 | AL21: =+AL20=AH20 -> TRUE | AM21: =+AM20=AI20 -> TRUE
E22: 물량 | F22: 서부산 | G22: =+IFERROR(HLOOKUP($A$1,[14]손익!$G$5:$AB$252,4,),) -> 14225.467 | H22: =+'[9]서부산크라샤(당월)'!$F$61 -> 8550 | I22: =H22-G22 -> -5675.4667 | J22: =+IFERROR(HLOOKUP($A$1,[14]손익!$G$5:$AB$252,13,),) -> 1033.0667 | K22: =+'[9]서부산크라샤(당월)'!$I$61 -> 0 | L22: =K22-J22 -> -1033.0667 | O22: =N22-M22 -> 0 | P22: =+G22+J22+M22 -> 15258.533 | Q22: =+H22+K22+N22 -> 8550 | R22: =Q22-P22 -> -6708.5333 | S22: =+IFERROR(HLOOKUP($A$1,[15]손익!$G$5:$AB$252,4,),) -> 0 | T22: =+'[9]부산크라샤(당월)'!$F$61 -> 3600 | U22: =T22-S22 -> 3600 | V22: =+IFERROR(HLOOKUP($A$1,[15]손익!$G$5:$AB$252,13,),) -> 2399.8839 | W22: =+'[9]부산크라샤(당월)'!$I$61 -> 5360 | X22: =W22-V22 -> 2960.1161 | Z22: =+'[9]부산크라샤(당월)'!$L$61 -> 0 | AA22: =Z22-Y22 -> 0 | AB22: =+S22+V22+Y22 -> 2399.8839 | AC22: =+T22+W22+Z22 -> 8960 | AD22: =AC22-AB22 -> 6560.1161 | AE22: =+IFERROR(HLOOKUP($A$1,[16]이송계획!$G$193:$U$216,17,),) -> 5445.8182 | AF22: =+'[9]부산모래장(당월)'!$R$65 -> 2240 | AG22: =AF22-AE22 -> -3205.8182 | AH22: =+P22+AB22+AE22 -> 23104.235 | AI22: =+Q22+AC22+AF22 -> 19750 | AJ22: =AI22-AH22 -> -3354.2354 | AL22: =+AH20-AL20 -> 0 | AM22: =+AI20-AM20 -> 0
F23: 김해 | G23: =+IFERROR(HLOOKUP($A$1,[14]손익!$G$5:$AB$252,5,),) -> 1217.3333 | H23: =+'[9]서부산크라샤(당월)'!$F$62 -> 0 | I23: =H23-G23 -> -1217.3333 | J23: =+IFERROR(HLOOKUP($A$1,[14]손익!$G$5:$AB$252,14,),) -> 0 | K23: =+'[9]서부산크라샤(당월)'!$I$62 -> 0 | L23: =K23-J23 -> 0 | O23: =N23-M23 -> 0 | P23: =+G23+J23+M23 -> 1217.3333 | Q23: =+H23+K23+N23 -> 0 | R23: =Q23-P23 -> -1217.3333 | S23: =+IFERROR(HLOOKUP($A$1,[15]손익!$G$5:$AB$252,5,),) -> 0 | T23: =+'[9]부산크라샤(당월)'!$F$62 -> 0 | U23: =T23-S23 -> 0 | V23: =+IFERROR(HLOOKUP($A$1,[15]손익!$G$5:$AB$252,14,),) -> 0 | W23: =+'[9]부산크라샤(당월)'!$I$62 -> 0 | X23: =W23-V23 -> 0 | Z23: =+'[9]부산크라샤(당월)'!$L$62 -> 0 | AA23: =Z23-Y23 -> 0 | AB23: =+S23+V23+Y23 -> 0 | AC23: =+T23+W23+Z23 -> 0 | AD23: =AC23-AB23 -> 0 | AE23: =+IFERROR(HLOOKUP($A$1,[16]이송계획!$G$193:$U$216,18,),) -> 2923.0769 | AF23: =+'[9]부산모래장(당월)'!$V$64 -> 0 | AG23: =AF23-AE23 -> -2923.0769 | AH23: =+P23+AB23+AE23 -> 4140.4103 | AI23: =+Q23+AC23+AF23 -> 0 | AJ23: =AI23-AH23 -> -4140.4103
F24: 정관 | G24: =+IFERROR(HLOOKUP($A$1,[14]손익!$G$5:$AB$252,6,),) -> 0 | H24: =+'[9]서부산크라샤(당월)'!$F$63 -> 0 | I24: =H24-G24 -> 0 | J24: =+IFERROR(HLOOKUP($A$1,[14]손익!$G$5:$AB$252,15,),) -> 0 | K24: =+'[9]서부산크라샤(당월)'!$I$63 -> 0 | L24: =K24-J24 -> 0 | O24: =N24-M24 -> 0 | P24: =+G24+J24+M24 -> 0 | Q24: =+H24+K24+N24 -> 0 | R24: =Q24-P24 -> 0 | S24: =+IFERROR(HLOOKUP($A$1,[15]손익!$G$5:$AB$252,6,),) -> 0 | T24: =+'[9]부산크라샤(당월)'!$F$63 -> 0 | U24: =T24-S24 -> 0 | V24: =+IFERROR(HLOOKUP($A$1,[15]손익!$G$5:$AB$252,15,),) -> 0 | W24: =+'[9]부산크라샤(당월)'!$I$63 -> 496 | X24: =W24-V24 -> 496 | Z24: =+'[9]부산크라샤(당월)'!$L$63 -> 0 | AA24: =Z24-Y24 -> 0 | AB24: =+S24+V24+Y24 -> 0 | AC24: =+T24+W24+Z24 -> 496 | AD24: =AC24-AB24 -> 496 | AE24: =+IFERROR(HLOOKUP($A$1,[16]이송계획!$G$193:$U$216,19,),) -> 3937.3427 | AF24: =+'[9]부산모래장(당월)'!$V$65 -> 0 | AG24: =AF24-AE24 -> -3937.3427 | AH24: =+P24+AB24+AE24 -> 3937.3427 | AI24: =+Q24+AC24+AF24 -> 496 | AJ24: =AI24-AH24 -> -3441.3427
F25: 양산 | G25: =+IFERROR(HLOOKUP($A$1,[14]손익!$G$5:$AB$252,7,),) -> 0 | H25: =+'[9]서부산크라샤(당월)'!$F$64 -> 0 | I25: =H25-G25 -> 0 | J25: =+IFERROR(HLOOKUP($A$1,[14]손익!$G$5:$AB$252,16,),) -> 426.23083 | K25: =+'[9]서부산크라샤(당월)'!$I$64 -> 0 | L25: =K25-J25 -> -426.23083 | O25: =N25-M25 -> 0 | P25: =+G25+J25+M25 -> 426.23083 | Q25: =+H25+K25+N25 -> 0 | R25: =Q25-P25 -> -426.23083 | S25: =+IFERROR(HLOOKUP($A$1,[15]손익!$G$5:$AB$252,7,),) -> 0 | T25: =+'[9]부산크라샤(당월)'!$F$64 -> 0 | U25: =T25-S25 -> 0 | V25: =+IFERROR(HLOOKUP($A$1,[15]손익!$G$5:$AB$252,16,),) -> 0 | W25: =+'[9]부산크라샤(당월)'!$I$64 -> 0 | X25: =W25-V25 -> 0 | Z25: =+'[9]부산크라샤(당월)'!$L$64 -> 0 | AA25: =Z25-Y25 -> 0 | AB25: =+S25+V25+Y25 -> 0 | AC25: =+T25+W25+Z25 -> 0 | AD25: =AC25-AB25 -> 0 | AE25: =+IFERROR(HLOOKUP($A$1,[16]이송계획!$G$193:$U$216,20,),) -> 1215.3077 | AF25: =+'[9]부산모래장(당월)'!$R$66 -> 1232 | AG25: =AF25-AE25 -> 16.692308 | AH25: =+P25+AB25+AE25 -> 1641.5385 | AI25: =+Q25+AC25+AF25 -> 1232 | AJ25: =AI25-AH25 -> -409.53852
F26: 창원 | G26: =+IFERROR(HLOOKUP($A$1,[14]손익!$G$5:$AB$252,8,),) -> 892.8 | H26: =+'[9]서부산크라샤(당월)'!$F$65 -> 0 | I26: =H26-G26 -> -892.8 | J26: =+IFERROR(HLOOKUP($A$1,[14]손익!$G$5:$AB$252,17,),) -> 516.26667 | K26: =+'[9]서부산크라샤(당월)'!$I$65 -> 0 | L26: =K26-J26 -> -516.26667 | O26: =N26-M26 -> 0 | P26: =+G26+J26+M26 -> 1409.0667 | Q26: =+H26+K26+N26 -> 0 | R26: =Q26-P26 -> -1409.0667 | S26: =+IFERROR(HLOOKUP($A$1,[15]손익!$G$5:$AB$252,8,),) -> 0 | T26: =+'[9]부산크라샤(당월)'!$F$65 -> 0 | U26: =T26-S26 -> 0 | V26: =+IFERROR(HLOOKUP($A$1,[15]손익!$G$5:$AB$252,17,),) -> 0 | W26: =+'[9]부산크라샤(당월)'!$I$65 -> 0 | X26: =W26-V26 -> 0 | Z26: =+'[9]부산크라샤(당월)'!$L$65 -> 0 | AA26: =Z26-Y26 -> 0 | AB26: =+S26+V26+Y26 -> 0 | AC26: =+T26+W26+Z26 -> 0 | AD26: =AC26-AB26 -> 0 | AE26: =+IFERROR(HLOOKUP($A$1,[16]이송계획!$G$193:$U$216,21,),) -> 0 | AG26: =AF26-AE26 -> 0 | AH26: =+P26+AB26+AE26 -> 1409.0667 | AI26: =+Q26+AC26+AF26 -> 0 | AJ26: =AI26-AH26 -> -1409.0667
E27: 자가이송 | F27: 부산 | G27: =+IFERROR(HLOOKUP($A$1,[14]손익!$G$5:$AB$252,31,),) -> 0 | H27: =IFERROR(H35/H21,)*1000 -> 0 | I27: =H27-G27 -> 0 | J27: =+IFERROR(HLOOKUP($A$1,[14]손익!$G$5:$AB$252,40,),) -> 0 | K27: =IFERROR(K35/K21,)*1000 -> 0 | L27: =K27-J27 -> 0 | O27: =N27-M27 -> 0 | P27: =+IFERROR(HLOOKUP($A$1,[14]손익!$G$5:$AB$252,48,),) -> 9000 | Q27: =IFERROR(Q35/Q21,)*1000 -> 0 | R27: =Q27-P27 -> -9000 | S27: =+IFERROR(HLOOKUP($A$1,[15]손익!$G$5:$AB$252,30,),) -> 16000 | T27: =IFERROR(T35/T21,)*1000 -> 17500 | U27: =T27-S27 -> 1500 | V27: =+IFERROR(HLOOKUP($A$1,[15]손익!$G$5:$AB$252,39,),) -> 23000 | W27: =IFERROR(W35/W21,)*1000 -> 23500 | X27: =W27-V27 -> 500 | Z27: =IFERROR(Z35/Z21,)*1000 -> 0 | AA27: =Z27-Y27 -> 0 | AB27: =+S27+V27+Y27 -> 39000 | AC27: =+T27+W27+Z27 -> 41000 | AD27: =AC27-AB27 -> 2000 | AE27: =IFERROR(AE35/AE21,)*1000 -> 30500 | AF27: =IFERROR(AF35/AF21,)*1000 -> 32000 | AG27: =AF27-AE27 -> 1500 | AH27: =+AH35/AH21*1000 -> 21066.793 | AI27: =IFERROR(AI35/AI21,)*1000 -> 22512.431 | AJ27: =AI27-AH27 -> 1445.6381
E28: 단가 | F28: 서부산 | G28: =+IFERROR(HLOOKUP($A$1,[14]손익!$G$5:$AB$252,32,),) -> 16000 | H28: =IFERROR(H36/H22,)*1000 -> 17000 | I28: =H28-G28 -> 1000 | J28: =+IFERROR(HLOOKUP($A$1,[14]손익!$G$5:$AB$252,41,),) -> 22000 | K28: =IFERROR(K36/K22,)*1000 -> 0 | L28: =K28-J28 -> -22000 | O28: =N28-M28 -> 0 | P28: =+IFERROR(HLOOKUP($A$1,[14]손익!$G$5:$AB$252,49,),) -> 10555.728 | Q28: =IFERROR(Q36/Q22,)*1000 -> 17000 | R28: =Q28-P28 -> 6444.2724 | S28: =+IFERROR(HLOOKUP($A$1,[15]손익!$G$5:$AB$252,31,),) -> 0 | T28: =IFERROR(T36/T22,)*1000 -> 12000 | U28: =T28-S28 -> 12000 | V28: =+IFERROR(HLOOKUP($A$1,[15]손익!$G$5:$AB$252,40,),) -> 19000 | W28: =IFERROR(W36/W22,)*1000 -> 20000 | X28: =W28-V28 -> 1000 | Z28: =IFERROR(Z36/Z22,)*1000 -> 0 | AA28: =Z28-Y28 -> 0 | AB28: =+S28+V28+Y28 -> 19000 | AC28: =+T28+W28+Z28 -> 32000 | AD28: =AC28-AB28 -> 13000 | AE28: =IFERROR(AE36/AE22,)*1000 -> 28000 | AF28: =IFERROR(AF36/AF22,)*1000 -> 28000 | AG28: =AF28-AE28 -> 0 | AH28: =+AH36/AH22*1000 -> 19408.374 | AI28: =IFERROR(AI36/AI22,)*1000 -> 18150.38 | AJ28: =AI28-AH28 -> -1257.994
F29: 김해 | G29: =+IFERROR(HLOOKUP($A$1,[14]손익!$G$5:$AB$252,33,),) -> 10000 | H29: =IFERROR(H37/H23,)*1000 -> 0 | I29: =H29-G29 -> -10000 | J29: =+IFERROR(HLOOKUP($A$1,[14]손익!$G$5:$AB$252,42,),) -> 0 | K29: =IFERROR(K37/K23,)*1000 -> 0 | L29: =K29-J29 -> 0 | O29: =N29-M29 -> 0 | P29: =+IFERROR(HLOOKUP($A$1,[14]손익!$G$5:$AB$252,50,),) -> 0 | Q29: =IFERROR(Q37/Q23,)*1000 -> 0 | R29: =Q29-P29 -> 0 | S29: =+IFERROR(HLOOKUP($A$1,[15]손익!$G$5:$AB$252,32,),) -> 0 | T29: =IFERROR(T37/T23,)*1000 -> 0 | U29: =T29-S29 -> 0 | V29: =+IFERROR(HLOOKUP($A$1,[15]손익!$G$5:$AB$252,41,),) -> 0 | W29: =IFERROR(W37/W23,)*1000 -> 0 | X29: =W29-V29 -> 0 | Z29: =IFERROR(Z37/Z23,)*1000 -> 0 | AA29: =Z29-Y29 -> 0 | AB29: =+S29+V29+Y29 -> 0 | AC29: =+T29+W29+Z29 -> 0 | AD29: =AC29-AB29 -> 0 | AE29: =IFERROR(AE37/AE23,)*1000 -> 27500 | AF29: =IFERROR(AF37/AF23,)*1000 -> 0 | AG29: =AF29-AE29 -> -27500 | AH29: =+AH37/AH23*1000 -> 22354.777 | AI29: =IFERROR(AI37/AI23,)*1000 -> 0 | AJ29: =AI29-AH29 -> -22354.777
F30: 정관 | G30: =+IFERROR(HLOOKUP($A$1,[14]손익!$G$5:$AB$252,34,),) -> 0 | H30: =IFERROR(H38/H24,)*1000 -> 0 | I30: =H30-G30 -> 0 | J30: =+IFERROR(HLOOKUP($A$1,[14]손익!$G$5:$AB$252,43,),) -> 0 | K30: =IFERROR(K38/K24,)*1000 -> 0 | L30: =K30-J30 -> 0 | O30: =N30-M30 -> 0 | P30: =+IFERROR(HLOOKUP($A$1,[14]손익!$G$5:$AB$252,51,),) -> 16406.225 | Q30: =IFERROR(Q38/Q24,)*1000 -> 0 | R30: =Q30-P30 -> -16406.225 | S30: =+IFERROR(HLOOKUP($A$1,[15]손익!$G$5:$AB$252,33,),) -> 0 | T30: =IFERROR(T38/T24,)*1000 -> 0 | U30: =T30-S30 -> 0 | V30: =+IFERROR(HLOOKUP($A$1,[15]손익!$G$5:$AB$252,42,),) -> 0 | W30: =IFERROR(W38/W24,)*1000 -> 19000 | X30: =W30-V30 -> 19000 | Z30: =IFERROR(Z38/Z24,)*1000 -> 0 | AA30: =Z30-Y30 -> 0 | AB30: =+S30+V30+Y30 -> 0 | AC30: =+T30+W30+Z30 -> 19000 | AD30: =AC30-AB30 -> 19000 | AE30: =IFERROR(AE38/AE24,)*1000 -> 27500 | AF30: =IFERROR(AF38/AF24,)*1000 -> 0 | AG30: =AF30-AE30 -> -27500 | AH30: =+AH38/AH24*1000 -> 27500 | AI30: =IFERROR(AI38/AI24,)*1000 -> 229241.94 | AJ30: =AI30-AH30 -> 201741.94
F31: 양산 | G31: =+IFERROR(HLOOKUP($A$1,[14]손익!$G$5:$AB$252,35,),) -> 0 | H31: =IFERROR(H39/H25,)*1000 -> 0 | I31: =H31-G31 -> 0 | J31: =+IFERROR(HLOOKUP($A$1,[14]손익!$G$5:$AB$252,44,),) -> 15000 | K31: =IFERROR(K39/K25,)*1000 -> 0 | L31: =K31-J31 -> -15000 | O31: =N31-M31 -> 0 | P31: =+IFERROR(HLOOKUP($A$1,[14]손익!$G$5:$AB$252,52,),) -> 10000 | Q31: =IFERROR(Q39/Q25,)*1000 -> 0 | R31: =Q31-P31 -> -10000 | S31: =+IFERROR(HLOOKUP($A$1,[15]손익!$G$5:$AB$252,34,),) -> 0 | T31: =IFERROR(T39/T25,)*1000 -> 0 | U31: =T31-S31 -> 0 | V31: =+IFERROR(HLOOKUP($A$1,[15]손익!$G$5:$AB$252,43,),) -> 0 | W31: =IFERROR(W39/W25,)*1000 -> 0 | X31: =W31-V31 -> 0 | Z31: =IFERROR(Z39/Z25,)*1000 -> 0 | AA31: =Z31-Y31 -> 0 | AB31: =+S31+V31+Y31 -> 0 | AC31: =+T31+W31+Z31 -> 0 | AD31: =AC31-AB31 -> 0 | AE31: =IFERROR(AE39/AE25,)*1000 -> 27500 | AF31: =IFERROR(AF39/AF25,)*1000 -> 0 | AG31: =AF31-AE31 -> -27500 | AH31: =+AH39/AH25*1000 -> 24254.334 | AI31: =IFERROR(AI39/AI25,)*1000 -> 0 | AJ31: =AI31-AH31 -> -24254.334
F32: 창원 | G32: =+IFERROR(HLOOKUP($A$1,[14]손익!$G$5:$AB$252,36,),) -> 10000 | H32: =IFERROR(H40/H26,)*1000 -> 0 | I32: =H32-G32 -> -10000 | J32: =+IFERROR(HLOOKUP($A$1,[14]손익!$G$5:$AB$252,45,),) -> 15000 | K32: =IFERROR(K40/K26,)*1000 -> 0 | L32: =K32-J32 -> -15000 | O32: =N32-M32 -> 0 | P32: =+IFERROR(HLOOKUP($A$1,[14]손익!$G$5:$AB$252,53,),) -> 0 | Q32: =IFERROR(Q40/Q26,)*1000 -> 0 | R32: =Q32-P32 -> 0 | S32: =+IFERROR(HLOOKUP($A$1,[15]손익!$G$5:$AB$252,35,),) -> 0 | T32: =IFERROR(T40/T26,)*1000 -> 0 | U32: =T32-S32 -> 0 | V32: =+IFERROR(HLOOKUP($A$1,[15]손익!$G$5:$AB$252,44,),) -> 0 | W32: =IFERROR(W40/W26,)*1000 -> 0 | X32: =W32-V32 -> 0 | Z32: =IFERROR(Z40/Z26,)*1000 -> 0 | AA32: =Z32-Y32 -> 0 | AB32: =+S32+V32+Y32 -> 0 | AC32: =+T32+W32+Z32 -> 0 | AD32: =AC32-AB32 -> 0 | AE32: =IFERROR(AE40/AE26,)*1000 -> 0 | AF32: =IFERROR(AF40/AF26,)*1000 -> 0 | AG32: =AF32-AE32 -> 0 | AH32: =+AH40/AH26*1000 -> 11831.945 | AI32: =IFERROR(AI40/AI26,)*1000 -> 0 | AJ32: =AI32-AH32 -> -11831.945
E33: * 자가이송 운반비 : 부산 3,500 / 김해 3,500 / 정관 8,000 / 양산 5,000 / 창원 8,000
AF34: * 공통비
E35: 자가이송 | F35: 부산 | G35: =+IFERROR(HLOOKUP($A$1,[14]손익!$G$5:$AB$252,59,),) -> 0 | H35: =+IFERROR(VLOOKUP($F35,'[17]서부산(손익)'!$L$16:$R$29,4,),)/1000 -> 0 | I35: =+H35-G35 -> 0 | J35: =+IFERROR(HLOOKUP($A$1,[14]손익!$G$5:$AB$252,68,),) -> 0 | K35: =+IFERROR(VLOOKUP($F35,'[17]서부산(손익)'!$L$16:$R$29,3,),)/1000 -> 0 | L35: =+K35-J35 -> 0 | O35: =+N35-M35 -> 0 | P35: =SUM(G35,J35,M35) -> 0 | Q35: =SUM(H35,K35,N35) -> 0 | R35: =+Q35-P35 -> 0 | S35: =+IFERROR(HLOOKUP($A$1,[15]손익!$G$5:$AB$252,57,),) -> 192074.55 | T35: =+IFERROR(VLOOKUP($F35,'[17]부산크라샤(손익)'!$L$16:$R$29,3,),)/1000 -> 142625 | U35: =+T35-S35 -> -49449.555 | V35: =+IFERROR(HLOOKUP($A$1,[15]손익!$G$5:$AB$252,66,),) -> 193084.22 | W35: =+IFERROR(VLOOKUP($F35,'[17]부산크라샤(손익)'!$L$16:$R$29,4,),)/1000 -> 148050 | X35: =+W35-V35 -> -45034.222 | AA35: =+Z35-Y35 -> 0 | AB35: =SUM(S35,V35) -> 385158.78 | AC35: =SUM(T35,W35) -> 290675 | AD35: =+AC35-AB35 -> -94483.777 | AE35: =+IFERROR(HLOOKUP($A$1,[16]이송계획!$G$70:$W$100,16,),)+IFERROR(HLOOKUP($A$1,[16]이송계획!$G$70:$W$100,23,),) -> 144190.13 | AF35: =+'[9]부산모래장(당월)'!R76 -> 116800 | AH35: =+P35+AB35+AE35 -> 529348.91 | AI35: =+Q35+AC35+AF35 -> 407475 | AJ35: =+AI35-AH35 -> -121873.91
E36: 매출액 | F36: 서부산 | G36: =+IFERROR(HLOOKUP($A$1,[14]손익!$G$5:$AB$252,60,),) -> 227607.47 | H36: =+IFERROR(VLOOKUP($F36,'[17]서부산(손익)'!$L$16:$R$29,4,),)/1000 -> 145350 | I36: =+H36-G36 -> -82257.467 | J36: =+IFERROR(HLOOKUP($A$1,[14]손익!$G$5:$AB$252,69,),) -> 22727.467 | K36: =+IFERROR(VLOOKUP($F36,'[17]서부산(손익)'!$L$16:$R$29,3,),)/1000 -> 0 | L36: =+K36-J36 -> -22727.467 | O36: =+N36-M36 -> 0 | P36: =SUM(G36,J36,M36) -> 250334.93 | Q36: =SUM(H36,K36,N36) -> 145350 | R36: =+Q36-P36 -> -104984.93 | S36: =+IFERROR(HLOOKUP($A$1,[15]손익!$G$5:$AB$252,58,),) -> 0 | T36: =+IFERROR(VLOOKUP($F36,'[17]부산크라샤(손익)'!$L$16:$R$29,3,),)/1000 -> 43200 | U36: =+T36-S36 -> 43200 | V36: =+IFERROR(HLOOKUP($A$1,[15]손익!$G$5:$AB$252,67,),) -> 45597.794 | W36: =+IFERROR(VLOOKUP($F36,'[17]부산크라샤(손익)'!$L$16:$R$29,4,),)/1000 -> 107200 | X36: =+W36-V36 -> 61602.206 | AA36: =+Z36-Y36 -> 0 | AB36: =SUM(S36,V36) -> 45597.794 | AC36: =SUM(T36,W36) -> 150400 | AD36: =+AC36-AB36 -> 104802.21 | AE36: =+IFERROR(HLOOKUP($A$1,[16]이송계획!$G$70:$W$100,17,),)+IFERROR(HLOOKUP($A$1,[16]이송계획!$G$70:$W$100,24,),) -> 152482.91 | AF36: =+'[9]부산모래장(당월)'!R77 -> 62720 | AH36: =+P36+AB36+AE36 -> 448415.64 | AI36: =+Q36+AC36+AF36 -> 358470 | AJ36: =+AI36-AH36 -> -89945.636
F37: 김해 | G37: =+IFERROR(HLOOKUP($A$1,[14]손익!$G$5:$AB$252,61,),) -> 12173.333 | H37: =+IFERROR(VLOOKUP($F37,'[17]서부산(손익)'!$L$16:$R$29,4,),)/1000 -> 0 | I37: =+H37-G37 -> -12173.333 | J37: =+IFERROR(HLOOKUP($A$1,[14]손익!$G$5:$AB$252,70,),) -> 0 | K37: =+IFERROR(VLOOKUP($F37,'[17]서부산(손익)'!$L$16:$R$29,3,),)/1000 -> 0 | L37: =+K37-J37 -> 0 | O37: =+N37-M37 -> 0 | P37: =SUM(G37,J37,M37) -> 12173.333 | Q37: =SUM(H37,K37,N37) -> 0 | R37: =+Q37-P37 -> -12173.333 | S37: =+IFERROR(HLOOKUP($A$1,[15]손익!$G$5:$AB$252,59,),) -> 0 | T37: =+IFERROR(VLOOKUP($F37,'[17]부산크라샤(손익)'!$L$16:$R$29,3,),)/1000 -> 0 | U37: =+T37-S37 -> 0 | V37: =+IFERROR(HLOOKUP($A$1,[15]손익!$G$5:$AB$252,68,),) -> 0 | W37: =+IFERROR(VLOOKUP($F37,'[17]부산크라샤(손익)'!$L$16:$R$29,4,),)/1000 -> 0 | X37: =+W37-V37 -> 0 | AA37: =+Z37-Y37 -> 0 | AB37: =SUM(S37,V37) -> 0 | AC37: =SUM(T37,W37) -> 0 | AD37: =+AC37-AB37 -> 0 | AE37: =+IFERROR(HLOOKUP($A$1,[16]이송계획!$G$70:$W$100,18,),)+IFERROR(HLOOKUP($A$1,[16]이송계획!$G$70:$W$100,25,),) -> 80384.615 | AF37: =+'[9]부산모래장(당월)'!R78 -> 33880 | AH37: =+P37+AB37+AE37 -> 92557.949 | AI37: =+Q37+AC37+AF37 -> 33880 | AJ37: =+AI37-AH37 -> -58677.949
F38: 정관 | G38: =+IFERROR(HLOOKUP($A$1,[14]손익!$G$5:$AB$252,62,),) -> 0 | H38: =+IFERROR(VLOOKUP($F38,'[17]서부산(손익)'!$L$16:$R$29,4,),)/1000 -> 0 | I38: =+H38-G38 -> 0 | J38: =+IFERROR(HLOOKUP($A$1,[14]손익!$G$5:$AB$252,71,),) -> 0 | K38: =+IFERROR(VLOOKUP($F38,'[17]서부산(손익)'!$L$16:$R$29,3,),)/1000 -> 0 | L38: =+K38-J38 -> 0 | O38: =+N38-M38 -> 0 | P38: =SUM(G38,J38,M38) -> 0 | Q38: =SUM(H38,K38,N38) -> 0 | R38: =+Q38-P38 -> 0 | S38: =+IFERROR(HLOOKUP($A$1,[15]손익!$G$5:$AB$252,60,),) -> 0 | T38: =+IFERROR(VLOOKUP($F38,'[17]부산크라샤(손익)'!$L$16:$R$29,3,),)/1000 -> 0 | U38: =+T38-S38 -> 0 | V38: =+IFERROR(HLOOKUP($A$1,[15]손익!$G$5:$AB$252,69,),) -> 0 | W38: =+IFERROR(VLOOKUP($F38,'[17]부산크라샤(손익)'!$L$16:$R$29,4,),)/1000 -> 9424 | X38: =+W38-V38 -> 9424 | AA38: =+Z38-Y38 -> 0 | AB38: =SUM(S38,V38) -> 0 | AC38: =SUM(T38,W38) -> 9424 | AD38: =+AC38-AB38 -> 9424 | AE38: =+IFERROR(HLOOKUP($A$1,[16]이송계획!$G$70:$W$100,19,),)+IFERROR(HLOOKUP($A$1,[16]이송계획!$G$70:$W$100,26,),) -> 108276.92 | AF38: =+'[9]부산모래장(당월)'!R79 -> 104280 | AH38: =+P38+AB38+AE38 -> 108276.92 | AI38: =+Q38+AC38+AF38 -> 113704 | AJ38: =+AI38-AH38 -> 5427.0769
F39: 양산 | G39: =+IFERROR(HLOOKUP($A$1,[14]손익!$G$5:$AB$252,63,),) -> 0 | H39: =+IFERROR(VLOOKUP($F39,'[17]서부산(손익)'!$L$16:$R$29,4,),)/1000 -> 0 | I39: =+H39-G39 -> 0 | J39: =+IFERROR(HLOOKUP($A$1,[14]손익!$G$5:$AB$252,72,),) -> 6393.4624 | K39: =+IFERROR(VLOOKUP($F39,'[17]서부산(손익)'!$L$16:$R$29,3,),)/1000 -> 0 | L39: =+K39-J39 -> -6393.4624 | O39: =+N39-M39 -> 0 | P39: =SUM(G39,J39,M39) -> 6393.4624 | Q39: =SUM(H39,K39,N39) -> 0 | R39: =+Q39-P39 -> -6393.4624 | S39: =+IFERROR(HLOOKUP($A$1,[15]손익!$G$5:$AB$252,61,),) -> 0 | T39: =+IFERROR(VLOOKUP($F39,'[17]부산크라샤(손익)'!$L$16:$R$29,3,),)/1000 -> 0 | U39: =+T39-S39 -> 0 | V39: =+IFERROR(HLOOKUP($A$1,[15]손익!$G$5:$AB$252,70,),) -> 0 | W39: =+IFERROR(VLOOKUP($F39,'[17]부산크라샤(손익)'!$L$16:$R$29,4,),)/1000 -> 0 | X39: =+W39-V39 -> 0 | AA39: =+Z39-Y39 -> 0 | AB39: =SUM(S39,V39) -> 0 | AC39: =SUM(T39,W39) -> 0 | AD39: =+AC39-AB39 -> 0 | AE39: =+IFERROR(HLOOKUP($A$1,[16]이송계획!$G$70:$W$100,20,),)+IFERROR(HLOOKUP($A$1,[16]이송계획!$G$70:$W$100,27,),) -> 33420.962 | AF39: =+'[9]부산모래장(당월)'!R80 -> 0 | AH39: =+P39+AB39+AE39 -> 39814.424 | AI39: =+Q39+AC39+AF39 -> 0 | AJ39: =+AI39-AH39 -> -39814.424
F40: 창원 | G40: =+IFERROR(HLOOKUP($A$1,[14]손익!$G$5:$AB$252,64,),) -> 8928 | H40: =+IFERROR(VLOOKUP($F40,'[17]서부산(손익)'!$L$16:$R$29,4,),)/1000 -> 0 | I40: =+H40-G40 -> -8928 | J40: =+IFERROR(HLOOKUP($A$1,[14]손익!$G$5:$AB$252,73,),) -> 7744 | K40: =+IFERROR(VLOOKUP($F40,'[17]서부산(손익)'!$L$16:$R$29,3,),)/1000 -> 0 | L40: =+K40-J40 -> -7744 | O40: =+N40-M40 -> 0 | P40: =SUM(G40,J40,M40) -> 16672 | Q40: =SUM(H40,K40,N40) -> 0 | R40: =+Q40-P40 -> -16672 | S40: =+IFERROR(HLOOKUP($A$1,[15]손익!$G$5:$AB$252,62,),) -> 0 | T40: =+IFERROR(VLOOKUP($F40,'[17]부산크라샤(손익)'!$L$16:$R$29,3,),)/1000 -> 0 | U40: =+T40-S40 -> 0 | V40: =+IFERROR(HLOOKUP($A$1,[15]손익!$G$5:$AB$252,71,),) -> 0 | W40: =+IFERROR(VLOOKUP($F40,'[17]부산크라샤(손익)'!$L$16:$R$29,4,),)/1000 -> 0 | X40: =+W40-V40 -> 0 | AA40: =+Z40-Y40 -> 0 | AB40: =SUM(S40,V40) -> 0 | AC40: =SUM(T40,W40) -> 0 | AD40: =+AC40-AB40 -> 0 | AE40: =+IFERROR(HLOOKUP($A$1,[16]이송계획!$G$70:$W$100,21,),)+IFERROR(HLOOKUP($A$1,[16]이송계획!$G$70:$W$100,28,),) -> 0 | AH40: =+P40+AB40+AE40 -> 16672 | AI40: =+Q40+AC40+AF40 -> 0 | AJ40: =+AI40-AH40 -> -16672
F41: 계 | G41: =SUM(G35:G40) -> 248708.8 | H41: =SUM(H35:H40) -> 145350 | I41: =+H41-G41 -> -103358.8 | J41: =SUM(J35:J40) -> 36864.929 | K41: =SUM(K35:K40) -> 0 | L41: =+K41-J41 -> -36864.929 | O41: =+N41-M41 -> 0 | P41: =SUM(G41,J41,M41) -> 285573.73 | Q41: =SUM(H41,K41,N41) -> 145350 | R41: =+Q41-P41 -> -140223.73 | S41: =SUM(S35:S40) -> 192074.55 | T41: =SUM(T35:T40) -> 185825 | U41: =+T41-S41 -> -6249.5547 | V41: =SUM(V35:V40) -> 238682.02 | W41: =SUM(W35:W40) -> 264674 | X41: =+W41-V41 -> 25991.984 | AA41: =+Z41-Y41 -> 0 | AB41: =SUM(S41,V41) -> 430756.57 | AC41: =SUM(T41,W41) -> 450499 | AD41: =+AC41-AB41 -> 19742.429 | AE41: =SUM(AE35:AE40) -> 518755.54 | AF41: =SUM(AF35:AF40) -> 317680 | AH41: =+P41+AB41+AE41 -> 1235085.8 | AI41: =+Q41+AC41+AF41 -> 913529 | AJ41: =+AI41-AH41 -> -321556.84
G42: =+G41=G13 -> TRUE | H42: =+H41=H13 -> TRUE | J42: =+J41=J13 -> TRUE | K42: =+K41=K13 -> TRUE | P42: =+P41=P13 -> TRUE | Q42: =+Q41=Q13 -> TRUE | S42: =+S41=S13 -> TRUE | T42: =+T41=T13 -> TRUE | V42: =+V41=V13 -> TRUE | W42: =+W41=W13 -> TRUE | AB42: =+AB41=AB13 -> TRUE | AC42: =+AC41=AC13 -> TRUE | AE42: =+AE41=AE13 -> TRUE | AF42: =+AF41=AF13 -> TRUE | AH42: =+AH41=AH13 -> TRUE | AI42: =+AI41=AI13 -> TRUE

Sheet 골재사업소(누계)
A1: 7월
D4: □ 2024년 골재사업소 손익(2024-07누계) | P4: =+'골재사업소(당월)'!P12+'[4]골재사업소(누계)'!P12 -> 175584.47 | Q4: =+'골재사업소(당월)'!Q12+'[4]골재사업소(누계)'!Q12 -> 161702 | S4: =+'골재사업소(당월)'!S12+'[4]골재사업소(누계)'!S12 -> 114305.66 | T4: =+'골재사업소(당월)'!T12+'[4]골재사업소(누계)'!T12 -> 120700 | V4: =+'골재사업소(당월)'!V12+'[4]골재사업소(누계)'!V12 -> 172880.07 | W4: =+'골재사업소(당월)'!W12+'[4]골재사업소(누계)'!W12 -> 127953 | AB4: =+'골재사업소(당월)'!AB12+'[4]골재사업소(누계)'!Y12 -> 287185.73 | AC4: =+'골재사업소(당월)'!AC12+'[4]골재사업소(누계)'!Z12 -> 249894 | AE4: =+'골재사업소(당월)'!AE12+'[4]골재사업소(누계)'!AB12 -> 158061.54 | AF4: =+'골재사업소(당월)'!AF12+'[4]골재사업소(누계)'!AC12 -> 146065 | AH4: =+'골재사업소(당월)'!AH12+'[4]골재사업소(누계)'!AE12 -> 620831.74 | AI4: =+'골재사업소(당월)'!AI12+'[4]골재사업소(누계)'!AF12 -> 557661
AJ5: [단위 : ㎥, 천원]
D6: 계획 | E6: 구분 | G6: 서부산 쇄석 | J6: 서부산 쇄사 | M6: 혼합석(25mm) | P6: 서부산 소계 | S6: 부산크라샤 쇄석 | V6: 부산크라샤 쇄사 | Y6: 서해사1 | AB6: 부산크라샤 소계 | AE6: 부산 모래 | AH6: 골재사업소 계
G7: 계획 | H7: 실적 | I7: 차이 | J7: 계획 | K7: 실적 | L7: 차이 | M7: 계획 | N7: 실적 | O7: 차이 | P7: 계획 | Q7: 실적 | R7: 차이 | S7: 계획 | T7: 실적 | U7: 차이 | V7: 계획 | W7: 실적 | X7: 차이 | Y7: 계획 | Z7: 실적 | AA7: 차이 | AB7: 계획 | AC7: 실적 | AD7: 차이 | AE7: 계획 | AF7: 실적 | AG7: 차이 | AH7: 계획 | AI7: 실적 | AJ7: 차이
E8: 판매량 | F8: 자가이송 | G8: =+'골재사업소(당월)'!G8+'[4]골재사업소(누계)'!G8 -> 70591.8 | H8: =+'골재사업소(당월)'!H8+'[4]골재사업소(누계)'!H8 -> 94166 | I8: =H8-G8 -> 23574.2 | J8: =+'골재사업소(당월)'!J8+'[4]골재사업소(누계)'!J8 -> 8092.6669 | K8: =+'골재사업소(당월)'!K8+'[4]골재사업소(누계)'!K8 -> 2064 | L8: =K8-J8 -> -6028.6669 | M8: =+'골재사업소(당월)'!M8+'[4]골재사업소(누계)'!M8 -> 0 | N8: =+'골재사업소(당월)'!N8+'[4]골재사업소(누계)'!N8 -> 0 | O8: =N8-M8 -> 0 | P8: =+G8+J8+M8 -> 78684.467 | Q8: =+H8+K8+N8 -> 96230 | R8: =Q8-P8 -> 17545.533 | S8: =+'골재사업소(당월)'!S8+'[4]골재사업소(누계)'!S8 -> 73305.663 | T8: =+'골재사업소(당월)'!T8+'[4]골재사업소(누계)'!T8 -> 79516 | U8: =T8-S8 -> 6210.3374 | V8: =+'골재사업소(당월)'!V8+'[4]골재사업소(누계)'!V8 -> 66880.07 | W8: =+'골재사업소(당월)'!W8+'[4]골재사업소(누계)'!W8 -> 85889 | X8: =W8-V8 -> 19008.93 | Z8: =+'[9]부산크라샤(당월)'!$L$66 -> 0 | AA8: =Z8-Y8 -> 0 | AB8: =+S8+V8+Y8 -> 140185.73 | AC8: =+T8+W8+Z8 -> 165405 | AD8: =AC8-AB8 -> 25219.267 | AE8: =+'골재사업소(당월)'!AE8+'[4]골재사업소(누계)'!AB8 -> 102561.54 | AF8: =+'골재사업소(당월)'!AF8+'[4]골재사업소(누계)'!AC8 -> 88549 | AG8: =AF8-AE8 -> -14012.539 | AH8: =+P8+AB8+AE8 -> 321431.74 | AI8: =+Q8+AC8+AF8 -> 350184 | AJ8: =AI8-AH8 -> 28752.262
F9: % | G9: =+G8/G$12 -> 0.8770061 | H9: =+H8/H$12 -> 0.64572447 | I9: =+H9-G9 -> -0.23128163 | J9: =+J8/J$12 -> 0.27816862 | K9: =+K8/K$12 -> 0.13004032 | L9: =+K9-J9 -> -0.14812829 | M9: =+M8/M$12 -> 0 | N9: =+N8/N$12 -> #DIV/0! | O9: =+N9-M9 -> #DIV/0! | P9: =+P8/P$12 -> 0.44812886 | Q9: =+Q8/Q$12 -> 0.59510705 | R9: =+Q9-P9 -> 0.14697819 | S9: =+S8/S$12 -> 0.64131261 | T9: =+T8/T$12 -> 0.65879039 | U9: =+T9-S9 -> 0.017477781 | V9: =+V8/V$12 -> 0.38685819 | W9: =+W8/W$12 -> 0.67125429 | X9: =+W9-V9 -> 0.2843961 | Z9: =+Z8/Z$12 -> 0 | AA9: =+Z9-Y9 -> 0 | AB9: =+AB8/AB$12 -> 0.48813613 | AC9: =+AC8/AC$12 -> 0.66190065 | AD9: =+AC9-AB9 -> 0.17376451 | AE9: =+AE8/AE$12 -> 0.64887094 | AF9: =+AF8/AF$12 -> 0.6062301 | AG9: =+AF9-AE9 -> -0.042640833 | AH9: =+AH8/AH$12 -> 0.51774373 | AI9: =+AI8/AI$12 -> 0.62795139 | AJ9: =+AI9-AH9 -> 0.11020766
F10: 외부판매 | G10: =+'골재사업소(당월)'!G10+'[4]골재사업소(누계)'!G10 -> 9900 | H10: =+'골재사업소(당월)'!H10+'[4]골재사업소(누계)'!H10 -> 51664 | I10: =H10-G10 -> 41764 | J10: =+'골재사업소(당월)'!J10+'[4]골재사업소(누계)'!J10 -> 21000 | K10: =+'골재사업소(당월)'!K10+'[4]골재사업소(누계)'!K10 -> 13808 | L10: =K10-J10 -> -7192 | M10: =+'골재사업소(당월)'!M10+'[4]골재사업소(누계)'!M10 -> 66000 | N10: =+'골재사업소(당월)'!N10+'[4]골재사업소(누계)'!N10 -> 0 | O10: =N10-M10 -> -66000 | P10: =+G10+J10+M10 -> 96900 | Q10: =+H10+K10+N10 -> 65472 | R10: =Q10-P10 -> -31428 | S10: =+'골재사업소(당월)'!S10+'[4]골재사업소(누계)'!S10 -> 41000 | T10: =+'골재사업소(당월)'!T10+'[4]골재사업소(누계)'!T10 -> 41184 | U10: =T10-S10 -> 184 | V10: =+'골재사업소(당월)'!V10+'[4]골재사업소(누계)'!V10 -> 106000 | W10: =+'골재사업소(당월)'!W10+'[4]골재사업소(누계)'!W10 -> 42064 | X10: =W10-V10 -> -63936 | Z10: =+'[9]부산크라샤(당월)'!$L$59 -> 1241 | AA10: =Z10-Y10 -> 1241 | AB10: =+S10+V10+Y10 -> 147000 | AC10: =+T10+W10+Z10 -> 84489 | AD10: =AC10-AB10 -> -62511 | AE10: =+'골재사업소(당월)'!AE10+'[4]골재사업소(누계)'!AB10 -> 55500 | AF10: =+'골재사업소(당월)'!AF10+'[4]골재사업소(누계)'!AC10 -> 57516 | AG10: =AF10-AE10 -> 2016 | AH10: =+P10+AB10+AE10 -> 299400 | AI10: =+Q10+AC10+AF10 -> 207477 | AJ10: =AI10-AH10 -> -91923
F11: % | G11: =+G10/G$12 -> 0.1229939 | H11: =+H10/H$12 -> 0.35427553 | I11: =+H11-G11 -> 0.23128163 | J11: =+J10/J$12 -> 0.72183138 | K11: =+K10/K$12 -> 0.86995968 | L11: =+K11-J11 -> 0.14812829 | M11: =+M10/M$12 -> 1 | N11: =+N10/N$12 -> #DIV/0! | O11: =+N11-M11 -> #DIV/0! | P11: =+P10/P$12 -> 0.55187114 | Q11: =+Q10/Q$12 -> 0.40489295 | R11: =+Q11-P11 -> -0.14697819 | S11: =+S10/S$12 -> 0.35868739 | T11: =+T10/T$12 -> 0.34120961 | U11: =+T11-S11 -> -0.017477781 | V11: =+V10/V$12 -> 0.61314181 | W11: =+W10/W$12 -> 0.32874571 | X11: =+W11-V11 -> -0.2843961 | Z11: =+Z10/Z$12 -> 1 | AA11: =+Z11-Y11 -> 1 | AB11: =+AB10/AB$12 -> 0.51186387 | AC11: =+AC10/AC$12 -> 0.33809935 | AD11: =+AC11-AB11 -> -0.17376451 | AE11: =+AE10/AE$12 -> 0.35112906 | AF11: =+AF10/AF$12 -> 0.3937699 | AG11: =+AF11-AE11 -> 0.042640833 | AH11: =+AH10/AH$12 -> 0.48225627 | AI11: =+AI10/AI$12 -> 0.37204861 | AJ11: =+AI11-AH11 -> -0.11020766
F12: (소계) | G12: =G8+G10 -> 80491.8 | H12: =H8+H10 -> 145830 | I12: =H12-G12 -> 65338.2 | J12: =J8+J10 -> 29092.667 | K12: =K8+K10 -> 15872 | L12: =K12-J12 -> -13220.667 | M12: =M8+M10 -> 66000 | N12: =N8+N10 -> 0 | O12: =N12-M12 -> -66000 | P12: =P8+P10 -> 175584.47 | Q12: =Q8+Q10 -> 161702 | R12: =Q12-P12 -> -13882.467 | S12: =S8+S10 -> 114305.66 | T12: =T8+T10 -> 120700 | U12: =T12-S12 -> 6394.3374 | V12: =V8+V10 -> 172880.07 | W12: =W8+W10 -> 127953 | X12: =W12-V12 -> -44927.07 | Z12: =Z8+Z10 -> 1241 | AA12: =Z12-Y12 -> 1241 | AB12: =AB8+AB10 -> 287185.73 | AC12: =AC8+AC10 -> 249894 | AD12: =AC12-AB12 -> -37291.733 | AE12: =AE8+AE10 -> 158061.54 | AF12: =AF8+AF10 -> 146065 | AG12: =AF12-AE12 -> -11996.539 | AH12: =AH8+AH10 -> 620831.74 | AI12: =AI8+AI10 -> 557661 | AJ12: =AI12-AH12 -> -63170.738 | AL12: =+'골재사업소(당월)'!AL12+'[4]골재사업소(누계)'!AI12 -> 620831.74 | AM12: =+'골재사업소(당월)'!AM12+'[4]골재사업소(누계)'!AJ12 -> 557661
E13: 매출액 | F13: 자가이송 | G13: =+'골재사업소(당월)'!G13+'[4]골재사업소(누계)'!G13 -> 1089146.8 | H13: =+'골재사업소(당월)'!H13+'[4]골재사업소(누계)'!H13 -> 1525742 | I13: =H13-G13 -> 436595.2 | J13: =+'골재사업소(당월)'!J13+'[4]골재사업소(누계)'!J13 -> 136221.4 | K13: =+'골재사업소(당월)'!K13+'[4]골재사업소(누계)'!K13 -> 19536 | L13: =K13-J13 -> -116685.4 | M13: =+'골재사업소(당월)'!M13+'[4]골재사업소(누계)'!M13 -> 0 | N13: =+'골재사업소(당월)'!N13+'[4]골재사업소(누계)'!N13 -> 0 | O13: =N13-M13 -> 0 | P13: =+G13+J13+M13 -> 1225368.2 | Q13: =+H13+K13+N13 -> 1545278 | R13: =Q13-P13 -> 319909.8 | S13: =+'골재사업소(당월)'!S13+'[4]골재사업소(누계)'!S13 -> 1172890.6 | T13: =+'골재사업소(당월)'!T13+'[4]골재사업소(누계)'!T13 -> 1365834 | U13: =T13-S13 -> 192943.4 | V13: =+'골재사업소(당월)'!V13+'[4]골재사업소(누계)'!V13 -> 1476462.2 | W13: =+'골재사업소(당월)'!W13+'[4]골재사업소(누계)'!W13 -> 1901015.5 | X13: =W13-V13 -> 424553.3 | Z13: =+'[9]부산크라샤(당월)'!$L$72 -> 0 | AA13: =Z13-Y13 -> 0 | AB13: =+S13+V13+Y13 -> 2649352.8 | AC13: =+T13+W13+Z13 -> 3266849.5 | AD13: =AC13-AB13 -> 617496.7 | AE13: =+'골재사업소(당월)'!AE13+'[4]골재사업소(누계)'!AB13 -> 3025428 | AF13: =+'골재사업소(당월)'!AF13+'[4]골재사업소(누계)'!AC13 -> 2632794.1 | AG13: =AF13-AE13 -> -392633.91 | AH13: =+P13+AB13+AE13 -> 6900149 | AI13: =+Q13+AC13+AF13 -> 7444921.6 | AJ13: =AI13-AH13 -> 544772.58 | AL13: =+AL12=AH12 -> TRUE | AM13: =+AM12=AI12 -> TRUE
F14: 단가 | G14: =+G13/G8*1000 -> 15428.801 | H14: =+H13/H8*1000 -> 16202.685 | I14: =H14-G14 -> 773.88411 | J14: =+J13/J8*1000 -> 16832.696 | K14: =+K13/K8*1000 -> 9465.1163 | L14: =K14-J14 -> -7367.5799 | M14: =+M13/M8*1000 -> #DIV/0! | N14: =+N13/N8*1000 -> #DIV/0! | O14: =N14-M14 -> #DIV/0! | P14: =+P13/P8*1000 -> 15573.191 | Q14: =+Q13/Q8*1000 -> 16058.173 | R14: =Q14-P14 -> 484.98249 | S14: =+S13/S8*1000 -> 16000 | T14: =+T13/T8*1000 -> 17176.845 | U14: =T14-S14 -> 1176.8449 | V14: =+V13/V8*1000 -> 22076.266 | W14: =+W13/W8*1000 -> 22133.399 | X14: =W14-V14 -> 57.133286 | Z14: =+Z13/Z8*1000 -> #DIV/0! | AA14: =Z14-Y14 -> #DIV/0! | AB14: =+AB13/AB8*1000 -> 18898.876 | AC14: =+AC13/AC8*1000 -> 19750.609 | AD14: =AC14-AB14 -> 851.73299 | AE14: =+AE13/AE8*1000 -> 29498.66 | AF14: =+AF13/AF8*1000 -> 29732.624 | AG14: =AF14-AE14 -> 233.96317 | AH14: =+AH13/AH8*1000 -> 21466.919 | AI14: =+AI13/AI8*1000 -> 21260.028 | AJ14: =AI14-AH14 -> -206.89088
