Workbook

Sheet 표지
A6: 2024년 12월 마감 손익
A24: 건재사업본부

Sheet 손익총괄
C3: □ 건재사업본부 손익실적(2024-12) | Z3: □ 건재부문 실적(12월)
X4: [단위 : 천㎥, 톤, 원/㎥, 원/톤, 백만원] | AK4: (단위 : 천㎥, 천톤, 억원)
C5: 구분 | E5: 12월 | J5: 12월 누계 | P5: 12월 주요지표 | Z5: 구분 | AB5: =+E5 -> 12월 | AG5: =+J5 -> 12월 누계
A6: 2024년 11월 마감 손익 | E6: 계획 | F6: 실적 | G6: 계획대비 | H6: 전년 | I6: 전년대비 | J6: 계획 | K6: 실적 | L6: 계획대비 | M6: 전년 | N6: 전년대비 | AB6: =+E6 -> 계획 | AC6: =+F6 -> 실적 | AD6: =+G6 -> 계획대비 | AE6: =+H6 -> 전년 | AF6: =+I6 -> 전년대비 | AG6: =+J6 -> 계획 | AH6: =+K6 -> 실적 | AI6: =+L6 -> 계획대비 | ... AK6: =+N6 -> 전년대비
A7: =+F7/E7 -> 0.88549268 | B7: =+K7/J7 -> 0.965208 | C7: 물량 | D7: 레미콘 | E7: =+'[1]12월'!$Z$7/1000 -> 307.5 | F7: =+'[2]12월'!$Z$7/1000 -> 272.289 | G7: =+F7-E7 -> -35.211 | H7: =+'[3]12월'!$Z$7/1000 -> 283.9095 | I7: =+F7-H7 -> -11.6205 | J7: =+[4]손익총괄!J7+E7 -> 3500 | K7: =+[4]손익총괄!K7+F7 -> 3378.228 | L7: =+K7-J7 -> -121.772 | M7: =+[4]손익총괄!M7+H7 -> 3843.6277 | N7: =+K7-M7 -> -465.39968 | Q7: □ 레미콘 | Z7: 물량 | AA7: =+D7 -> 레미콘 | AB7: =+E7 -> 307.5 | AC7: =+F7 -> 272.289 | AD7: =+AC7-AB7 -> -35.211 | AE7: =+H7 -> 283.9095 | AF7: =+AC7-AE7 -> -11.6205 | AG7: =+J7 -> 3500 | AH7: =+K7 -> 3378.228 | AI7: =+AH7-AG7 -> -121.772 | AJ7: =+M7 -> 3843.6277 | AK7: =+AH7-AJ7 -> -465.39968
D8: 철강재 | E8: =+'[1]12월'!$AA$7 -> 8600 | F8: =+'[2]12월'!$AO$7 -> 8003.057 | G8: =+F8-E8 -> -596.943 | H8: =+'[3]12월'!$AO$7 -> 7811.91 | I8: =+F8-H8 -> 191.147 | J8: =+[4]손익총괄!J8+E8 -> 90000 | K8: =+[4]손익총괄!K8+F8 -> 105164.21 | L8: =+K8-J8 -> 15164.211 | M8: =+[4]손익총괄!M8+H8 -> 96546.947 | N8: =+K8-M8 -> 8617.264 | Q8: 구분 | S8: 계획 | T8: 실적 | U8: 계획대비 | V8: 전년 | W8: 전년대비 | AA8: =+D8 -> 철강재 | AB8: =+E8/1000 -> 8.6 | AC8: =+F8/1000 -> 8.003057 | AD8: =+AC8-AB8 -> -0.596943 | AE8: =+H8/1000 -> 7.81191 | AF8: =+AC8-AE8 -> 0.191147 | AG8: =+J8/1000 -> 90 | AH8: =+K8/1000 -> 105.16421 | AI8: =+AH8-AG8 -> 15.164211 | AJ8: =+M8/1000 -> 96.546947 | AK8: =+AH8-AJ8 -> 8.617264
D9: 골재 | E9: =+'[1]12월'!$AE$7/1000 -> 120.90523 | F9: =+'[2]12월'!$AN$7/1000 -> 59.68 | G9: =+F9-E9 -> -61.225227 | H9: =+'[3]12월'!$AN$7/1000 -> 70.233 | I9: =+F9-H9 -> -10.553 | J9: =+[4]손익총괄!J9+E9 -> 1225.9994 | K9: =+[4]손익총괄!K9+F9 -> 840.111 | L9: =+K9-J9 -> -385.88844 | M9: =+[4]손익총괄!M9+H9 -> 848.1 | N9: =+K9-M9 -> -7.989 | Q9: 물량 | R9: 수도권 | S9: =+[5]수도권!$T$5/1000 -> 113.5 | T9: =+[5]수도권!$U$5/1000 -> 94.7535 | U9: =+T9-S9 -> -18.7465 | V9: =+[6]수도권!$T$5/1000 -> 105.14 | W9: =+T9-V9 -> -10.3865 | AA9: =+D9 -> 골재 | AB9: =+E9 -> 120.90523 | AC9: =+F9 -> 59.68 | AD9: =+AC9-AB9 -> -61.225227 | AE9: =+H9 -> 70.233 | AF9: =+AC9-AE9 -> -10.553 | AG9: =+J9 -> 1225.9994 | AH9: =+K9 -> 840.111 | AI9: =+AH9-AG9 -> -385.88844 | AJ9: =+M9 -> 848.1 | AK9: =+AH9-AJ9 -> -7.989
C10: 매출 | D10: 레미콘 | E10: =+'[1]12월'!$Z$8/1000 -> 31719.971 | F10: =+'[2]12월'!$Z$8/1000 -> 27172.709 | G10: =+F10-E10 -> -4547.2616 | H10: =+'[3]12월'!$Z$8/1000 -> 27842.237 | I10: =+F10-H10 -> -669.52837 | J10: =+[4]손익총괄!J10+E10 -> 357471.32 | K10: =+[4]손익총괄!K10+F10 -> 339565.24 | L10: =+K10-J10 -> -17906.082 | M10: =+[4]손익총괄!M10+H10 -> 371786.18 | N10: =+K10-M10 -> -32220.942 | R10: 영남권 | S10: =+[5]영남권!$T$5/1000 -> 138 | T10: =+[5]영남권!$U$5/1000 -> 129.272 | U10: =+T10-S10 -> -8.728 | V10: =+[6]영남권!$T$5/1000 -> 130.01 | W10: =+T10-V10 -> -0.738 | Z10: 매출액 | AA10: =+D10 -> 레미콘 | AB10: =+E10/100 -> 317.19971 | AC10: =+F10/100 -> 271.72709 | AD10: =+AC10-AB10 -> -45.472616 | AE10: =+H10/100 -> 278.42237 | AF10: =+AC10-AE10 -> -6.6952837 | AG10: =+J10/100 -> 3574.7132 | AH10: =+K10/100 -> 3395.6524 | AI10: =+AH10-AG10 -> -179.06082 | AJ10: =+M10/100 -> 3717.8618 | AK10: =+AH10-AJ10 -> -322.20942
D11: 건자재 | E11: =+'[1]12월'!$AA$8/1000 -> 10504.632 | F11: =+'[2]12월'!$AO$8/1000 -> 7445.9016 | G11: =+F11-E11 -> -3058.73 | H11: =+'[3]12월'!$AO$8/1000 -> 9622.7532 | I11: =+F11-H11 -> -2176.8516 | J11: =+[4]손익총괄!J11+E11 -> 110033.79 | K11: =+[4]손익총괄!K11+F11 -> 103999.85 | L11: =+K11-J11 -> -6033.9467 | M11: =+[4]손익총괄!M11+H11 -> 118368.38 | N11: =+K11-M11 -> -14368.53 | R11: 중부권 | S11: =+[5]중부권!$T$5/1000 -> 56 | T11: =+[5]중부권!$U$5/1000 -> 48.2635 | U11: =+T11-S11 -> -7.7365 | V11: =+[6]중부권!$T$5/1000 -> 48.7595 | W11: =+T11-V11 -> -0.496 | AA11: =+D11 -> 건자재 | AB11: =+E11/100 -> 105.04632 | AC11: =+F11/100 -> 74.459016 | AD11: =+AC11-AB11 -> -30.5873 | AE11: =+H11/100 -> 96.227532 | AF11: =+AC11-AE11 -> -21.768516 | AG11: =+J11/100 -> 1100.3379 | AH11: =+K11/100 -> 1039.9985 | AI11: =+AH11-AG11 -> -60.339467 | AJ11: =+M11/100 -> 1183.6838 | AK11: =+AH11-AJ11 -> -143.6853
D12: 골재 | E12: =+'[1]12월'!$AE$8/1000 -> 2204.6877 | F12: =+'[2]12월'!$AN$8/1000 -> 1280.5145 | G12: =+F12-E12 -> -924.17317 | H12: =+'[3]12월'!$AN$8/1000 -> 1401.273 | I12: =+F12-H12 -> -120.7585 | J12: =+[4]손익총괄!J12+E12 -> 23080.254 | K12: =+[4]손익총괄!K12+F12 -> 17070.144 | L12: =+K12-J12 -> -6010.1094 | M12: =+[4]손익총괄!M12+H12 -> 16274.226 | N12: =+K12-M12 -> 795.91768 | Q12: 계 | S12: =SUM(S9:S11) -> 307.5 | T12: =SUM(T9:T11) -> 272.289 | U12: =+T12-S12 -> -35.211 | V12: =SUM(V9:V11) -> 283.9095 | W12: =+T12-V12 -> -11.6205 | AA12: =+D12 -> 골재 | AB12: =+E12/100 -> 22.046877 | AC12: =+F12/100 -> 12.805145 | AD12: =+AC12-AB12 -> -9.2417317 | AE12: =+H12/100 -> 14.01273 | AF12: =+AC12-AE12 -> -1.207585 | AG12: =+J12/100 -> 230.80254 | AH12: =+K12/100 -> 170.70144 | AI12: =+AH12-AG12 -> -60.101094 | AJ12: =+M12/100 -> 162.74226 | AK12: =+AH12-AJ12 -> 7.9591768
D13: 기타 | E13: =+'[1]12월'!$E$8/1000-E10-E11-E12 -> 164.9075 | F13: =+'[2]12월'!$F$8/1000-F10-F11-F12 -> 165.21179 | G13: =+F13-E13 -> 0.30428967 | H13: =+'[3]12월'!$F$8/1000-H10-H11-H12 -> 171.20834 | I13: =+F13-H13 -> -5.996551 | J13: =+[4]손익총괄!J13+E13 -> 1979.49 | K13: =+[4]손익총괄!K13+F13 -> 1986.9073 | L13: =+K13-J13 -> 7.417316 | M13: =+[4]손익총괄!M13+H13 -> 2313.064 | N13: =+K13-M13 -> -326.15667 | Q13: 판매단가 | R13: 수도권 | S13: =+[5]수도권!$T$61 -> 102392.87 | T13: =+[5]수도권!$U$61 -> 95753.183 | U13: =+T13-S13 -> -6639.6874 | V13: =+[6]수도권!$Q$85 -> 97106.847 | W13: =+T13-V13 -> -1353.6641 | AA13: =+D13 -> 기타 | AB13: =+E13/100 -> 1.649075 | AC13: =+F13/100 -> 1.6521179 | AD13: =+AC13-AB13 -> 0.0030428967 | AE13: =+H13/100 -> 1.7120834 | AF13: =+AC13-AE13 -> -0.05996551 | AG13: =+J13/100 -> 19.7949 | AH13: =+K13/100 -> 19.869073 | AI13: =+AH13-AG13 -> 0.07417316 | AJ13: =+M13/100 -> 23.13064 | AK13: =+AH13-AJ13 -> -3.2615667
A14: =+F14/E14 -> 0.80872264 | B14: =+K14/J14 -> 0.9392106 | C14: 계 | E14: =SUM(E10:E13) -> 44594.197 | F14: =SUM(F10:F13) -> 36064.337 | G14: =+F14-E14 -> -8529.8605 | H14: =SUM(H10:H13) -> 39037.472 | I14: =+F14-H14 -> -2973.135 | J14: =SUM(J10:J13) -> 492564.86 | K14: =SUM(K10:K13) -> 462622.14 | L14: =+K14-J14 -> -29942.721 | M14: =SUM(M10:M13) -> 508741.85 | N14: =+K14-M14 -> -46119.711 | R14: 영남권 | S14: =+[5]영남권!$T$61 -> 102613.4 | T14: =+[5]영남권!$U$61 -> 101138.02 | U14: =+T14-S14 -> -1475.3866 | V14: =+[6]영남권!$Q$85 -> 98238.787 | W14: =+T14-V14 -> 2899.2285 | AA14: 계 | AB14: =SUM(AB10:AB13) -> 445.94197 | AC14: =SUM(AC10:AC13) -> 360.64337 | AD14: =+AC14-AB14 -> -85.298605 | AE14: =SUM(AE10:AE13) -> 390.37472 | AF14: =+AC14-AE14 -> -29.73135 | AG14: =SUM(AG10:AG13) -> 4925.6486 | AH14: =SUM(AH10:AH13) -> 4626.2214 | AI14: =+AH14-AG14 -> -299.42721 | AJ14: =SUM(AJ10:AJ13) -> 5087.4185 | AK14: =+AH14-AJ14 -> -461.19711
C15: 매출원가 | D15: 레미콘 | E15: =+('[1]12월'!$Z$10+'[1]12월'!$Z$19)/1000 -> 26400.913 | F15: =+('[2]12월'!$Z$10+'[2]12월'!$Z$19)/1000 -> 25598.441 | G15: =+F15-E15 -> -802.47117 | H15: =+('[3]12월'!$Z$10+'[3]12월'!$Z$19)/1000 -> 26515.438 | I15: =+F15-H15 -> -916.99646 | J15: =+[4]손익총괄!J15+E15 -> 297562.86 | K15: =+[4]손익총괄!K15+F15 -> 297938.73 | L15: =+K15-J15 -> 375.8675 | M15: =+[4]손익총괄!M15+H15 -> 311485.48 | N15: =+K15-M15 -> -13546.746 | R15: 중부권 | S15: =+[5]중부권!$T$61 -> 106030.9 | T15: =+[5]중부권!$U$61 -> 104182.09 | U15: =+T15-S15 -> -1848.8063 | V15: =+[6]중부권!$Q$85 -> 99522.849 | W15: =+T15-V15 -> 4659.2422 | Z15: 영업이익 | AA15: =+D30 -> 레미콘 | AB15: =+E30/100 -> 46.480806 | AC15: =+F30/100 -> 5.6822379 | AD15: =+AC15-AB15 -> -40.798568 | AE15: =+H30/100 -> -1.5238965 | AF15: =+AC15-AE15 -> 7.2061344 | AG15: =+J30/100 -> 519.77524 | AH15: =+K30/100 -> 330.37284 | AI15: =+AH15-AG15 -> -189.4024 | AJ15: =+M30/100 -> 513.90873 | AK15: =+AH15-AJ15 -> -183.53589
D16: 건자재 | E16: =+('[1]12월'!$AA$10+'[1]12월'!$AA$19)/1000 -> 10235.76 | F16: =+('[2]12월'!$AO$10+'[2]12월'!$AO$19)/1000 -> 7310.0571 | G16: =+F16-E16 -> -2925.7032 | H16: =+('[3]12월'!$AO$10+'[3]12월'!$AO$19)/1000 -> 9423.1194 | I16: =+F16-H16 -> -2113.0624 | J16: =+[4]손익총괄!J16+E16 -> 107219.19 | K16: =+[4]손익총괄!K16+F16 -> 101702.99 | L16: =+K16-J16 -> -5516.2026 | M16: =+[4]손익총괄!M16+H16 -> 115981.89 | N16: =+K16-M16 -> -14278.903 | Q16: 계 | S16: =+[5]합계!$T$61 -> 103154.38 | T16: =+[5]합계!$U$61 -> 99802.99 | U16: =+T16-S16 -> -3351.3862 | V16: =+[6]합계!$Q$85 -> 98036.161 | W16: =+T16-V16 -> 1766.8288 | AA16: =+D31 -> % | AB16: =+E31 -> 0.14653483 | AC16: =+F31 -> 0.020911562 | AD16: =+AC16-AB16 -> -0.12562327 | AE16: =+H31 -> -0.0054733264 | AF16: =+AC16-AE16 -> 0.026384888 | AG16: =+J31 -> 0.14540334 | AH16: =+K31 -> 0.097292891 | AI16: =+AH16-AG16 -> -0.048110448 | AJ16: =+M31 -> 0.13822696 | AK16: =+AH16-AJ16 -> -0.040934067
D17: 골재 | E17: =+('[1]12월'!$AE$10+'[1]12월'!$AE$19)/1000 -> 1869.1606 | F17: =+('[2]12월'!$AN$10+'[2]12월'!$AN$19)/1000 -> 1654.2001 | G17: =+F17-E17 -> -214.96049 | H17: =+('[3]12월'!$AN$10+'[3]12월'!$AN$19)/1000 -> 1788.5121 | I17: =+F17-H17 -> -134.31198 | J17: =+[4]손익총괄!J17+E17 -> 20355.934 | K17: =+[4]손익총괄!K17+F17 -> 17064.11 | L17: =+K17-J17 -> -3291.8238 | M17: =+[4]손익총괄!M17+H17 -> 15468.447 | N17: =+K17-M17 -> 1595.6625 | Q17: 공헌이익 | R17: 수도권 | S17: =+[5]수도권!$Q$90 -> 22434.814 | T17: =+[5]수도권!$R$90 -> 11822.292 | U17: =+T17-S17 -> -10612.522 | V17: =+[6]수도권!$Q$90 -> 15397.43 | W17: =+T17-V17 -> -3575.1381 | AA17: =+D32 -> 건자재 | AB17: =+E32/100 -> 1.3904025 | AC17: =+F32/100 -> -1.0110207 | AD17: =+AC17-AB17 -> -2.4014232 | AE17: =+H32/100 -> -0.86633557 | AF17: =+AC17-AE17 -> -0.14468516 | AG17: =+J32/100 -> 13.004307 | AH17: =+K32/100 -> 5.0075828 | AI17: =+AH17-AG17 -> -7.996724 | AJ17: =+M32/100 -> 7.8164686 | AK17: =+AH17-AJ17 -> -2.8088858
D18: 기타 | E18: =+('[1]12월'!$E$10+'[1]12월'!$E$19)/1000-E15-E16-E17 -> 49.561638 | F18: =+('[2]12월'!$F$10+'[2]12월'!$F$19)/1000-F15-F16-F17 -> -311.60497 | G18: =+F18-E18 -> -361.16661 | H18: =+('[3]12월'!$F$10+'[3]12월'!$F$19)/1000-H15-H16-H17 -> -996.93786 | I18: =+F18-H18 -> 685.33289 | J18: =+[4]손익총괄!J18+E18 -> -620.37423 | K18: =+[4]손익총괄!K18+F18 -> -850.21687 | L18: =+K18-J18 -> -229.84264 | M18: =+[4]손익총괄!M18+H18 -> -411.59991 | N18: =+K18-M18 -> -438.61696 | R18: 영남권 | S18: =+[5]영남권!$Q$90 -> 25369.073 | T18: =+[5]영남권!$R$90 -> 19812.809 | U18: =+T18-S18 -> -5556.2633 | V18: =+[6]영남권!$Q$90 -> 19738.655 | W18: =+T18-V18 -> 74.154024 | AA18: =+D33 -> 골재 | AB18: =+E33/100 -> 2.9884234 | AC18: =+F33/100 -> -4.6720224 | AD18: =+AC18-AB18 -> -7.6604457 | AE18: =+H33/100 -> -4.1100052 | AF18: =+AC18-AE18 -> -0.5620171 | AG18: =+J33/100 -> 21.051591 | AH18: =+K33/100 -> -7.6130637 | AI18: =+AH18-AG18 -> -28.664655 | AJ18: =+M33/100 -> 4.8053905 | AK18: =+AH18-AJ18 -> -12.418454
C19: 계 | E19: =SUM(E15:E18) -> 38555.395 | F19: =SUM(F15:F18) -> 34251.094 | G19: =+F19-E19 -> -4304.3015 | H19: =SUM(H15:H18) -> 36730.132 | I19: =+F19-H19 -> -2479.0379 | J19: =SUM(J15:J18) -> 424517.61 | K19: =SUM(K15:K18) -> 415855.61 | L19: =+K19-J19 -> -8662.0015 | M19: =SUM(M15:M18) -> 442524.21 | N19: =+K19-M19 -> -26668.604 | R19: 중부권 | S19: =+[5]중부권!$Q$90 -> 27704.123 | T19: =+[5]중부권!$R$90 -> 22923.655 | U19: =+T19-S19 -> -4780.4682 | V19: =+[6]중부권!$Q$90 -> 24134.208 | W19: =+T19-V19 -> -1210.5524 | AA19: 공통비 | AB19: =+'사업장별(당월)'!T35/100 -> -12.131221 | AC19: =+'사업장별(당월)'!U35/100 -> -20.896312 | AD19: =+AC19-AB19 -> -8.7650913 | AE19: =+'사업장별(당월)'!W35/100 -> -30.088593 | AF19: =+AC19-AE19 -> 9.1922813 | AG19: =+'사업장별(누계)'!T35/100 -> -161.84901 | AH19: =+'사업장별(누계)'!U35/100 -> -174.43479 | AI19: =+AH19-AG19 -> -12.585787 | AJ19: =+'사업장별(누계)'!W35/100 -> -159.38368 | AK19: =+AH19-AJ19 -> -15.051112
C20: 매출이익 | D20: 레미콘 | E20: =+E10-E15 -> 5319.058 | F20: =+F10-F15 -> 1574.2675 | G20: =+F20-E20 -> -3744.7904 | H20: =+H10-H15 -> 1326.7994 | I20: =+F20-H20 -> 247.46808 | J20: =+J10-J15 -> 59908.46 | K20: =+K10-K15 -> 41626.51 | L20: =+K20-J20 -> -18281.95 | M20: =+M10-M15 -> 60300.705 | N20: =+K20-M20 -> -18674.195 | Q20: 계 | S20: =+[5]합계!$Q$90 -> 24711.266 | T20: =+[5]합계!$R$90 -> 17589.968 | U20: =+T20-S20 -> -7121.2982 | V20: =+[6]합계!$Q$90 -> 18871.68 | W20: =+T20-V20 -> -1281.7117 | AA20: =+'사업장별(누계)'!I34 -> 임대 | AB20: =+('사업장별(당월)'!T33+'사업장별(당월)'!T34)/100 -> 1.4998369 | AC20: =+('사업장별(당월)'!U33+'사업장별(당월)'!U34)/100 -> 1.512218 | AD20: =+AC20-AB20 -> 0.012381077 | AE20: =+('사업장별(당월)'!W33+'사업장별(당월)'!W34)/100 -> 1.5979374 | AF20: =+AC20-AE20 -> -0.08571941 | AG20: =+('사업장별(누계)'!T33+'사업장별(누계)'!T34)/100 -> 16.130025 | AH20: =+('사업장별(누계)'!U33+'사업장별(누계)'!U34)/100 -> 15.7234 | AI20: =+AH20-AG20 -> -0.40662486 | AJ20: =+('사업장별(누계)'!W33+'사업장별(누계)'!W34)/100 -> 14.789888 | AK20: =+AH20-AJ20 -> 0.93351265
D21: 건자재 | E21: =+E11-E16 -> 268.87129 | F21: =+F11-F16 -> 135.84455 | G21: =+F21-E21 -> -133.02673 | H21: =+H11-H16 -> 199.63376 | I21: =+F21-H21 -> -63.789206 | J21: =+J11-J16 -> 2814.6049 | K21: =+K11-K16 -> 2296.8608 | L21: =+K21-J21 -> -517.74418 | M21: =+M11-M16 -> 2386.488 | N21: =+K21-M21 -> -89.627204 | Q21: □ 건자재 | AA21: =+'사업장별(누계)'!I37 -> 대손 | AB21: =+'사업장별(당월)'!T37/100 -> 0 | AC21: =+'사업장별(당월)'!U37/100 -> 3.1951271 | AD21: =+AC21-AB21 -> 3.1951271 | AE21: =+'사업장별(당월)'!W37/100 -> -9.8377338 | AF21: =+AC21-AE21 -> 13.032861 | AG21: =+'사업장별(누계)'!T37/100 -> 0 | AH21: =+'사업장별(누계)'!U37/100 -> -2.5434662 | AI21: =+AH21-AG21 -> -2.5434662 | AJ21: =+'사업장별(누계)'!W37/100 -> -29.579954 | AK21: =+AH21-AJ21 -> 27.036487
D22: 골재 | E22: =+E12-E17 -> 335.52709 | F22: =+F12-F17 -> -373.6856 | G22: =+F22-E22 -> -709.21269 | H22: =+H12-H17 -> -387.23908 | I22: =+F22-H22 -> 13.553478 | J22: =+J12-J17 -> 2724.3198 | K22: =+K12-K17 -> 6.034136 | L22: =+K22-J22 -> -2718.2857 | M22: =+M12-M17 -> 805.77899 | N22: =+K22-M22 -> -799.74485 | Q22: 구분 | S22: 계획 | T22: 실적 | U22: 계획대비 | V22: 전년 | W22: 전년대비 | AA22: =+D34 -> 기타 | AB22: =+AB26-AB19-AB20-AB21 -> -0.71500726 | AC22: =+AC26-AC19-AC20-AC21 -> 3.1276688 | AD22: =+AC22-AB22 -> 3.842676 | AE22: =+AE26-AE19-AE20-AE21 -> 9.9775078 | AF22: =+AC22-AE22 -> -6.8498391 | AG22: =+AG26-AG19-AG20-AG21 -> 2.0315411 | AH22: =+AH26-AH19-AH20-AH21 -> 6.6650168 | AI22: =+AH22-AG22 -> 4.6334757 | AJ22: =+AJ26-AJ19-AJ20-AJ21 -> 6.203462 | AK22: =+AH22-AJ22 -> 0.46155472
D23: 기타 | E23: =+E13-E18 -> 115.34586 | F23: =+F13-F18 -> 476.81676 | G23: =+F23-E23 -> 361.4709 | H23: =+H13-H18 -> 1168.1462 | I23: =+F23-H23 -> -691.32944 | J23: =+J13-J18 -> 2599.8642 | K23: =+K13-K18 -> 2837.1242 | L23: =+K23-J23 -> 237.25996 | M23: =+M13-M18 -> 2724.6639 | N23: =+K23-M23 -> 112.46029 | Q23: 철강재 판매단가 | S23: =+'[7]12월'!$F$10 -> 977906.98 | T23: =+'[7]12월'!$G$10 -> 752238.02 | U23: =+T23-S23 -> -225668.96 | V23: =+'[8]12월'!$G$10 -> 951341.43 | W23: =+T23-V23 -> -199103.41 | AA23: 계 | AB23: =SUM(AB15,AB17:AB22) -> 39.513241 | AC23: =SUM(AC15,AC17:AC22) -> -13.062103 | AD23: =+AC23-AB23 -> -52.575344 | AE23: =SUM(AE15,AE17:AE22) -> -34.851119 | AF23: =+AC23-AE23 -> 21.789016 | AG23: =SUM(AG15,AG17:AG22) -> 410.14369 | AH23: =SUM(AH15,AH17:AH22) -> 173.17751 | AI23: =+AH23-AG23 -> -236.96618 | AJ23: =SUM(AJ15,AJ17:AJ22) -> 358.5603 | AK23: =+AH23-AJ23 -> -185.38279
C24: 계 | E24: =SUM(E20:E23) -> 6038.8022 | F24: =SUM(F20:F23) -> 1813.2432 | G24: =+F24-E24 -> -4225.559 | H24: =SUM(H20:H23) -> 2307.3403 | I24: =+F24-H24 -> -494.09708 | J24: =SUM(J20:J23) -> 68047.249 | K24: =SUM(K20:K23) -> 46766.529 | L24: =+K24-J24 -> -21280.72 | M24: =SUM(M20:M23) -> 66217.636 | N24: =+K24-M24 -> -19451.107 | Q24: 철강재 마진률 | S24: =+'[7]12월'!$F$15 -> 0.023307967 | T24: =+'[7]12월'!$G$15 -> 0.014154492 | U24: =+T24-S24 -> -0.0091534745 | V24: =+'[8]12월'!$G$15 -> 0.0202125 | W24: =+T24-V24 -> -0.0060580081 | AA24: =+D36 -> % | AB24: =+E36 -> 0.088606238 | AC24: =+F36 -> -0.036218892 | AD24: =+G36 -> -0.12482513 | AE24: =+H36 -> -0.089276066 | AF24: =+I36 -> 0.053057174 | AG24: =+J36 -> 0.083266942 | AH24: =+K36 -> 0.037433901 | ... AK24: =+N36 -> -0.033045911
C25: 판관비 | D25: 레미콘 | E25: =+('[1]12월'!$Z$13+'[1]12월'!$Z$20)/1000 -> 670.97737 | F25: =+('[2]12월'!$Z$13+'[2]12월'!$Z$20)/1000 -> 1006.0437 | G25: =+F25-E25 -> 335.06637 | H25: =+('[3]12월'!$Z$13+'[3]12월'!$Z$20)/1000 -> 1479.1891 | I25: =+F25-H25 -> -473.14535 | J25: =+[4]손익총괄!J25+E25 -> 7930.9359 | K25: =+[4]손익총괄!K25+F25 -> 8589.226 | L25: =+K25-J25 -> 658.29003 | M25: =+[4]손익총괄!M25+H25 -> 8909.8323 | N25: =+K25-M25 -> -320.60635 | Q25: □ 골재
D26: 건자재 | E26: =+('[1]12월'!$AA$13+'[1]12월'!$AA$20)/1000 -> 129.83104 | F26: =+('[2]12월'!$AO$13+'[2]12월'!$AO$20)/1000 -> 236.94663 | G26: =+F26-E26 -> 107.11559 | H26: =+('[3]12월'!$AO$13+'[3]12월'!$AO$20)/1000 -> 286.26731 | I26: =+F26-H26 -> -49.32069 | J26: =+[4]손익총괄!J26+E26 -> 1514.1743 | K26: =+[4]손익총괄!K26+F26 -> 1796.1025 | L26: =+K26-J26 -> 281.92822 | M26: =+[4]손익총괄!M26+H26 -> 1604.8411 | N26: =+K26-M26 -> 191.26138 | Q26: 구분 | S26: 계획 | T26: 실적 | U26: 계획대비 | V26: 전년 | W26: 전년대비 | AB26: =+'사업장별(당월)'!T41/100 -> -11.346391 | AC26: =+'사업장별(당월)'!U41/100 -> -13.061298 | AD26: =+AC26-AB26 -> -1.7149071 | AE26: =+'사업장별(당월)'!W41/100 -> -28.350882 | AF26: =+AE26-AD26 -> -26.635975 | AG26: =+'사업장별(누계)'!T41/100 -> -143.68744 | AH26: =+'사업장별(누계)'!U41/100 -> -154.58984 | AJ26: =+'사업장별(누계)'!W41/100 -> -167.97029
D27: 골재 | E27: =+('[1]12월'!$AE$13+'[1]12월'!$AE$20+'[1]12월'!$AE$22)/1000 -> 36.68475 | F27: =+('[2]12월'!$AN$13+'[2]12월'!$AN$20+'[2]12월'!$AN$22)/1000 -> 93.516636 | G27: =+F27-E27 -> 56.831886 | H27: =+('[3]12월'!$AN$13+'[3]12월'!$AN$20+'[3]12월'!$AN$22)/1000 -> 23.761448 | I27: =+F27-H27 -> 69.755188 | J27: =+[4]손익총괄!J27+E27 -> 619.16069 | K27: =+[4]손익총괄!K27+F27 -> 767.34051 | L27: =+K27-J27 -> 148.17983 | M27: =+[4]손익총괄!M27+H27 -> 325.23994 | N27: =+K27-M27 -> 442.10057 | Q27: 판매량 | R27: 자가 | S27: =(+'[9]서부산크라샤(당월)'!$N$66+'[9]부산모래장(당월)'!$Q$48+'[9]부산크라샤(당월)'!$N$66)/1000 -> 63.755227 | T27: =(+'[9]서부산크라샤(당월)'!$O$66+'[9]부산모래장(당월)'!$R$48+'[9]부산크라샤(당월)'!$O$66)/1000 -> 38.16 | U27: =+T27-S27 -> -25.595227 | V27: =('[10]부산골재(당월)'!$R$48+'[10]서부산골재(당월)'!$O$66+'[10]부산크라샤(당월)'!$O$66)/1000 -> 48.335 | W27: =+T27-V27 -> -10.175
D28: 기타 | E28: =+('[1]12월'!$E$13+'[1]12월'!$E$20)/1000-E25-E26-E27+('[1]12월'!$E$22/1000) -> 1249.985 | F28: =+('[2]12월'!$F$13+'[2]12월'!$F$20)/1000-F25-F26-F27+'[2]12월'!$F$22/1000 -> 1782.9466 | G28: =+F28-E28 -> 532.96161 | H28: =+('[3]12월'!$F$13+'[3]12월'!$F$20)/1000-H25-H26-H27+'[3]12월'!$F$22/1000 -> 4003.2344 | I28: =+F28-H28 -> -2220.2878 | J28: =+[4]손익총괄!J28+E28 -> 16968.608 | K28: =+[4]손익총괄!K28+F28 -> 18296.109 | L28: =+K28-J28 -> 1327.5002 | M28: =+[4]손익총괄!M28+H28 -> 19521.693 | N28: =+K28-M28 -> -1225.584 | R28: 외판 | S28: =(+'[9]서부산크라샤(당월)'!$N$59+'[9]부산모래장(당월)'!$Q$47+'[9]부산크라샤(당월)'!$N$59)/1000 -> 57.15 | T28: =(+'[9]서부산크라샤(당월)'!$O$59+'[9]부산모래장(당월)'!$R$47+'[9]부산크라샤(당월)'!$O$59)/1000 -> 21.52 | U28: =+T28-S28 -> -35.63 | V28: =+('[10]부산골재(당월)'!$R$47+'[10]서부산골재(당월)'!$O$59+'[10]부산크라샤(당월)'!$O$59)/1000 -> 21.898 | W28: =+T28-V28 -> -0.378 | AA28: =365/2.3 -> 158.69565
C29: 계 | E29: =SUM(E25:E28) -> 2087.4781 | F29: =SUM(F25:F28) -> 3119.4536 | G29: =+F29-E29 -> 1031.9754 | H29: =SUM(H25:H28) -> 5792.4522 | I29: =+F29-H29 -> -2672.9987 | J29: =SUM(J25:J28) -> 27032.879 | K29: =SUM(K25:K28) -> 29448.778 | L29: =+K29-J29 -> 2415.8983 | M29: =SUM(M25:M28) -> 30361.606 | N29: =+K29-M29 -> -912.82838 | Q29: 합 계 | S29: =SUM(S27:S28) -> 120.90523 | T29: =SUM(T27:T28) -> 59.68 | U29: =+T29-S29 -> -61.225227 | V29: =SUM(V27:V28) -> 70.233 | W29: =+T29-V29 -> -10.553
C30: 영업이익 | D30: 레미콘 | E30: =+E20-E25 -> 4648.0806 | F30: =+F20-F25 -> 568.22379 | G30: =+F30-E30 -> -4079.8568 | H30: =+H20-H25 -> -152.38965 | I30: =+F30-H30 -> 720.61344 | J30: =+J20-J25 -> 51977.524 | K30: =+K20-K25 -> 33037.284 | L30: =+K30-J30 -> -18940.24 | M30: =+M20-M25 -> 51390.873 | N30: =+K30-M30 -> -18353.589 | Q30: □ 기타내역(영업이익)
D31: % | E31: =+E30/E10 -> 0.14653483 | F31: =+F30/F10 -> 0.020911562 | G31: =+F31-E31 -> -0.12562327 | H31: =+H30/H10 -> -0.0054733264 | I31: =+F31-H31 -> 0.026384888 | J31: =+J30/J10 -> 0.14540334 | K31: =+K30/K10 -> 0.097292891 | L31: =+K31-J31 -> -0.048110448 | M31: =+M30/M10 -> 0.13822696 | N31: =+K31-M31 -> -0.040934067 | Q31: 구분 | S31: 계획 | T31: 실적 | U31: 계획대비 | V31: 전년 | W31: 전년대비
D32: 건자재 | E32: =+E21-E26 -> 139.04025 | F32: =+F21-F26 -> -101.10207 | G32: =+F32-E32 -> -240.14232 | H32: =+H21-H26 -> -86.633557 | I32: =+F32-H32 -> -14.468516 | J32: =+J21-J26 -> 1300.4307 | K32: =+K21-K26 -> 500.75828 | L32: =+K32-J32 -> -799.6724 | M32: =+M21-M26 -> 781.64686 | N32: =+K32-M32 -> -280.88858 | Q32: 레미콘임대 | S32: =+'사업장별(당월)'!T33 -> 75.360275 | T32: =+'사업장별(당월)'!U33 -> 76.068675 | U32: =+T32-S32 -> 0.7084 | V32: =+'사업장별(당월)'!W33 -> 73.170018 | W32: =+T32-V32 -> 2.898657
D33: 골재 | E33: =+E22-E27 -> 298.84234 | F33: =+F22-F27 -> -467.20224 | G33: =+F33-E33 -> -766.04457 | H33: =+H22-H27 -> -411.00052 | I33: =+F33-H33 -> -56.20171 | J33: =+J22-J27 -> 2105.1591 | K33: =+K22-K27 -> -761.30637 | L33: =+K33-J33 -> -2866.4655 | M33: =+M22-M27 -> 480.53905 | N33: =+K33-M33 -> -1241.8454 | Q33: 임대 | S33: =+'사업장별(당월)'!T34 -> 74.623417 | T33: =+'사업장별(당월)'!U34 -> 75.153125 | U33: =+T33-S33 -> 0.52970767 | V33: =+'사업장별(당월)'!W34 -> 86.623723 | W33: =+T33-V33 -> -11.470598
D34: 기타 | E34: =+E23-E28 -> -1134.6391 | F34: =+F23-F28 -> -1306.1298 | G34: =+F34-E34 -> -171.49071 | H34: =+H23-H28 -> -2835.0882 | I34: =+F34-H34 -> 1528.9584 | J34: =+J23-J28 -> -14368.744 | K34: =+K23-K28 -> -15458.984 | L34: =+K34-J34 -> -1090.2403 | M34: =+M23-M28 -> -16797.029 | N34: =+K34-M34 -> 1338.0443 | Q34: 공통비 | S34: =+'사업장별(당월)'!T35 -> -1213.1221 | T34: =+'사업장별(당월)'!U35 -> -2089.6312 | U34: =+T34-S34 -> -876.50913 | V34: =+'사업장별(당월)'!W35 -> -3008.8593 | W34: =+T34-V34 -> 919.22813
C35: 계 | E35: =SUM(E30,E32:E34) -> 3951.3241 | F35: =SUM(F30,F32:F34) -> -1306.2103 | G35: =+F35-E35 -> -5257.5344 | H35: =SUM(H30,H32:H34) -> -3485.1119 | I35: =+F35-H35 -> 2178.9016 | J35: =SUM(J30,J32:J34) -> 41014.369 | K35: =SUM(K30,K32:K34) -> 17317.751 | L35: =+K35-J35 -> -23696.618 | M35: =SUM(M30,M32:M34) -> 35856.03 | N35: =+K35-M35 -> -18538.279 | Q35: 기타 | S35: =+S36-S32-S33-S34 -> -71.500726 | T35: =+T36-T32-T33-T34 -> 632.27959 | U35: =+T35-S35 -> 703.78031 | V35: =+V36-V32-V33-V34 -> 13.977405 | W35: =+T35-V35 -> 618.30218
D36: % | E36: =+E35/E14 -> 0.088606238 | F36: =+F35/F14 -> -0.036218892 | G36: =+F36-E36 -> -0.12482513 | H36: =+H35/H14 -> -0.089276066 | I36: =+F36-H36 -> 0.053057174 | J36: =+J35/J14 -> 0.083266942 | K36: =+K35/K14 -> 0.037433901 | L36: =+K36-J36 -> -0.045833041 | M36: =+M35/M14 -> 0.070479813 | N36: =+K36-M36 -> -0.033045911 | Q36: 합계 | S36: =+'사업장별(당월)'!T41 -> -1134.6391 | T36: =+'사업장별(당월)'!U41 -> -1306.1298 | U36: =+T36-S36 -> -171.49071 | V36: =+'사업장별(당월)'!W41 -> -2835.0882 | W36: =+T36-V36 -> 1528.9584
E38: =+'[1]12월'!$E$26/1000 -> 3951.3241 | F38: =+'[2]12월'!$F$26/1000 -> -1306.2103 | H38: =+'[3]12월'!$F$26/1000 -> -3485.1119 | J38: =+[4]손익총괄!J38+E38 -> 41014.369 | K38: =+[4]손익총괄!K38+F38 -> 17317.751 | M38: =+[4]손익총괄!M38+H38 -> 35856.03
E39: =+E35=E38 -> FALSE | F39: =+F35=F38 -> FALSE | H39: =+H35=H38 -> TRUE | J39: =+J35=J38 -> TRUE | K39: =+K35=K38 -> FALSE | M39: =+M35=M38 -> TRUE
E40: =+E35-E38 -> 0 | F40: =+F35-F38 -> 2.7284841e-12 | H40: =+H35-H38 -> 0 | J40: =+J35-J38 -> 0 | K40: =+K35-K38 -> 0 | M40: =+M35-M38 -> 0

Sheet 사업장별(당월)
H3: □ 사업장별 손익실적(2024-12)
AG4: [단위 : 천㎥, 톤, 백만원]
H5: 구분 | J5: 물량 | O5: 매출 | T5: 영업이익(공통비 배부전) | Y5: 판매단가 | AB5: 변동비 | AE5: 공헌이익
A6: 2024년 12월 마감 손익 | J6: 계획 | K6: 실적 | L6: 차이 | M6: 전년 | N6: 차이 | O6: 계획 | P6: 실적 | Q6: 차이 | R6: 전년 | S6: 차이 | T6: 계획 | U6: 실적 | V6: 차이 | W6: 전년 | X6: 차이 | Y6: 계획 | Z6: 실적 | AA6: 전년 | AB6: 계획 | AC6: 실적 | AD6: 전년 | AE6: 계획 | AF6: 실적 | AG6: 전년
B7: 안양 | G7: =+I7 -> 안양 | H7: 레미콘 | I7: 안양 | J7: =+IFERROR(HLOOKUP($B7,'[1]12월'!$D$6:$BN$259,2,),)/1000 -> 42 | K7: =+IFERROR(HLOOKUP($B7,'[2]12월'!$F$6:$CP$99,2,),)/1000 -> 34.67 | L7: =+K7-J7 -> -7.33 | M7: =+IFERROR(HLOOKUP($B7,'[3]12월'!$F$6:$CC$57,2,),)/1000 -> 41.036 | N7: =+K7-M7 -> -6.366 | O7: =+IFERROR(HLOOKUP($B7,'[1]12월'!$D$6:$BN$259,3,),)/1000 -> 4277.4152 | P7: =+IFERROR(HLOOKUP($B7,'[2]12월'!$F$6:$CP$99,3,),)/1000 -> 3342.2601 | Q7: =+P7-O7 -> -935.15506 | R7: =+IFERROR(HLOOKUP($B7,'[3]12월'!$F$6:$CC$57,3,),)/1000 -> 3916.1936 | S7: =+P7-R7 -> -573.93351 | T7: =+IFERROR(HLOOKUP($B7,'[1]12월'!$D$6:$BN$259,16,),)/1000 -> 607.52947 | U7: =+IFERROR(HLOOKUP($B7,'[2]12월'!$F$6:$CP$99,16,),)/1000 -> 51.528149 | V7: =+U7-T7 -> -556.00132 | W7: =+IFERROR(HLOOKUP($B7,'[3]12월'!$F$6:$CC$57,16,),)/1000 -> 32.938006 | X7: =+U7-W7 -> 18.590143 | Y7: =+[5]안양!$Q$85 -> 101843.22 | Z7: =+[5]안양!$R$85 -> 96402.081 | AA7: =+[6]안양!$Q$85 -> 95433.123 | AB7: =+[5]안양!$Q$89 -> 80543.283 | AC7: =+[5]안양!$R$89 -> 82908.854 | AD7: =+[6]안양!$Q$89 -> 80364.232 | AE7: =+Y7-AB7 -> 21299.936 | AF7: =+Z7-AC7 -> 13493.227 | AG7: =+AA7-AD7 -> 15068.891
B8: 인천 | G8: =+I8 -> 인천 | H8: 직영 | I8: 인천 | J8: =+IFERROR(HLOOKUP($B8,'[1]12월'!$D$6:$BN$259,2,),)/1000 -> 36 | K8: =+IFERROR(HLOOKUP($B8,'[2]12월'!$F$6:$CP$99,2,),)/1000 -> 30.362 | L8: =+K8-J8 -> -5.638 | M8: =+IFERROR(HLOOKUP($B8,'[3]12월'!$F$6:$CC$57,2,),)/1000 -> 27.74 | N8: =+K8-M8 -> 2.622 | O8: =+IFERROR(HLOOKUP($B8,'[1]12월'!$D$6:$BN$259,3,),)/1000 -> 3835.5608 | P8: =+IFERROR(HLOOKUP($B8,'[2]12월'!$F$6:$CP$99,3,),)/1000 -> 2969.3944 | Q8: =+P8-O8 -> -866.16644 | R8: =+IFERROR(HLOOKUP($B8,'[3]12월'!$F$6:$CC$57,3,),)/1000 -> 2752.5621 | S8: =+P8-R8 -> 216.83234 | T8: =+IFERROR(HLOOKUP($B8,'[1]12월'!$D$6:$BN$259,16,),)/1000 -> 577.09052 | U8: =+IFERROR(HLOOKUP($B8,'[2]12월'!$F$6:$CP$99,16,),)/1000 -> -49.54122 | V8: =+U8-T8 -> -626.63174 | W8: =+IFERROR(HLOOKUP($B8,'[3]12월'!$F$6:$CC$57,16,),)/1000 -> -86.728501 | X8: =+U8-W8 -> 37.187281 | Y8: =+[5]인천!$Q$85 -> 106543.36 | Z8: =+[5]인천!$R$85 -> 97799.697 | AA8: =+[6]인천!$Q$85 -> 99227.183 | AB8: =+[5]인천!$Q$89 -> 82512.19 | AC8: =+[5]인천!$R$89 -> 86503.735 | AD8: =+[6]인천!$Q$89 -> 82946.13 | AE8: =+Y8-AB8 -> 24031.167 | AF8: =+Z8-AC8 -> 11295.962 | AG8: =+AA8-AD8 -> 16281.053
B9: 파주 | G9: =+I9 -> 파주 | I9: 파주 | J9: =+IFERROR(HLOOKUP($B9,'[1]12월'!$D$6:$BN$259,2,),)/1000 -> 22 | K9: =+IFERROR(HLOOKUP($B9,'[2]12월'!$F$6:$CP$99,2,),)/1000 -> 16.303 | L9: =+K9-J9 -> -5.697 | M9: =+IFERROR(HLOOKUP($B9,'[3]12월'!$F$6:$CC$57,2,),)/1000 -> 23.44 | N9: =+K9-M9 -> -7.137 | O9: =+IFERROR(HLOOKUP($B9,'[1]12월'!$D$6:$BN$259,3,),)/1000 -> 2212.4212 | P9: =+IFERROR(HLOOKUP($B9,'[2]12월'!$F$6:$CP$99,3,),)/1000 -> 1513.0633 | Q9: =+P9-O9 -> -699.3579 | R9: =+IFERROR(HLOOKUP($B9,'[3]12월'!$F$6:$CC$57,3,),)/1000 -> 2319.5423 | S9: =+P9-R9 -> -806.479 | T9: =+IFERROR(HLOOKUP($B9,'[1]12월'!$D$6:$BN$259,16,),)/1000 -> 273.09847 | U9: =+IFERROR(HLOOKUP($B9,'[2]12월'!$F$6:$CP$99,16,),)/1000 -> -160.22943 | V9: =+U9-T9 -> -433.3279 | W9: =+IFERROR(HLOOKUP($B9,'[3]12월'!$F$6:$CC$57,16,),)/1000 -> -76.952821 | X9: =+U9-W9 -> -83.276605 | Y9: =+[5]파주!$Q$85 -> 100564.6 | Z9: =+[5]파주!$R$85 -> 92808.89 | AA9: =+[6]파주!$Q$85 -> 98896.411 | AB9: =+[5]파주!$Q$89 -> 78672.484 | AC9: =+[5]파주!$R$89 -> 85217.769 | AD9: =+[6]파주!$Q$89 -> 84926.888 | AE9: =+Y9-AB9 -> 21892.118 | AF9: =+Z9-AC9 -> 7591.1217 | AG9: =+AA9-AD9 -> 13969.523
B10: 김포 | G10: =+I10 -> 김포 | I10: 김포 | J10: =+IFERROR(HLOOKUP($B10,'[1]12월'!$D$6:$BN$259,2,),)/1000 -> 13.5 | K10: =+IFERROR(HLOOKUP($B10,'[2]12월'!$F$6:$CP$99,2,),)/1000 -> 13.4185 | L10: =+K10-J10 -> -0.0815 | M10: =+IFERROR(HLOOKUP($B10,'[3]12월'!$F$6:$CC$57,2,),)/1000 -> 12.924 | N10: =+K10-M10 -> 0.4945 | O10: =+IFERROR(HLOOKUP($B10,'[1]12월'!$D$6:$BN$259,3,),)/1000 -> 1296.1935 | P10: =+IFERROR(HLOOKUP($B10,'[2]12월'!$F$6:$CP$99,3,),)/1000 -> 1247.6161 | Q10: =+P10-O10 -> -48.577354 | R10: =+IFERROR(HLOOKUP($B10,'[3]12월'!$F$6:$CC$57,3,),)/1000 -> 1223.3612 | S10: =+P10-R10 -> 24.254966 | T10: =+IFERROR(HLOOKUP($B10,'[1]12월'!$D$6:$BN$259,16,),)/1000 -> 147.2032 | U10: =+IFERROR(HLOOKUP($B10,'[2]12월'!$F$6:$CP$99,16,),)/1000 -> -46.29355 | V10: =+U10-T10 -> -193.49675 | W10: =+IFERROR(HLOOKUP($B10,'[3]12월'!$F$6:$CC$57,16,),)/1000 -> -72.352114 | X10: =+U10-W10 -> 26.058564 | Y10: =+[5]김포!$Q$85 -> 96014.333 | Z10: =+[5]김포!$R$85 -> 93010.903 | AA10: =+[6]김포!$Q$85 -> 94658.092 | AB10: =+[5]김포!$Q$89 -> 73421.333 | AC10: =+[5]김포!$R$89 -> 79168.533 | AD10: =+[6]김포!$Q$89 -> 77549.906 | AE10: =+Y10-AB10 -> 22593 | AF10: =+Z10-AC10 -> 13842.37 | AG10: =+AA10-AD10 -> 17108.186
B11: 부산 | G11: =+I11 -> 부산 | I11: 부산 | J11: =+IFERROR(HLOOKUP($B11,'[1]12월'!$D$6:$BN$259,2,),)/1000 -> 24 | K11: =+IFERROR(HLOOKUP($B11,'[2]12월'!$F$6:$CP$99,2,),)/1000 -> 17.339 | L11: =+K11-J11 -> -6.661 | M11: =+IFERROR(HLOOKUP($B11,'[3]12월'!$F$6:$CC$57,2,),)/1000 -> 20.362 | N11: =+K11-M11 -> -3.023 | O11: =+IFERROR(HLOOKUP($B11,'[1]12월'!$D$6:$BN$259,3,),)/1000 -> 2582.4103 | P11: =+IFERROR(HLOOKUP($B11,'[2]12월'!$F$6:$CP$99,3,),)/1000 -> 1980.4694 | Q11: =+P11-O11 -> -601.9409 | R11: =+IFERROR(HLOOKUP($B11,'[3]12월'!$F$6:$CC$57,3,),)/1000 -> 2088.935 | S11: =+P11-R11 -> -108.4656 | T11: =+IFERROR(HLOOKUP($B11,'[1]12월'!$D$6:$BN$259,16,),)/1000 -> 351.02035 | U11: =+IFERROR(HLOOKUP($B11,'[2]12월'!$F$6:$CP$99,16,),)/1000 -> 92.183809 | V11: =+U11-T11 -> -258.83654 | W11: =+IFERROR(HLOOKUP($B11,'[3]12월'!$F$6:$CC$57,16,),)/1000 -> -64.129509 | X11: =+U11-W11 -> 156.31332 | Y11: =+[5]부산!$Q$85 -> 107600.43 | Z11: =+[5]부산!$R$85 -> 114220.51 | AA11: =+[6]부산!$Q$85 -> 102589.87 | AB11: =+[5]부산!$Q$89 -> 82245.678 | AC11: =+[5]부산!$R$89 -> 90394.221 | AD11: =+[6]부산!$Q$89 -> 84012.412 | AE11: =+Y11-AB11 -> 25354.751 | AF11: =+Z11-AC11 -> 23826.288 | AG11: =+AA11-AD11 -> 18577.461
B12: 서부산 | G12: =+I12 -> 서부산 | I12: 서부산 | J12: =+IFERROR(HLOOKUP($B12,'[1]12월'!$D$6:$BN$259,2,),)/1000 -> 26 | K12: =+IFERROR(HLOOKUP($B12,'[2]12월'!$F$6:$CP$99,2,),)/1000 -> 24.067 | L12: =+K12-J12 -> -1.933 | M12: =+IFERROR(HLOOKUP($B12,'[3]12월'!$F$6:$CC$57,2,),)/1000 -> 21.623 | N12: =+K12-M12 -> 2.444 | O12: =+IFERROR(HLOOKUP($B12,'[1]12월'!$D$6:$BN$259,3,),)/1000 -> 2719.0035 | P12: =+IFERROR(HLOOKUP($B12,'[2]12월'!$F$6:$CP$99,3,),)/1000 -> 2361.636 | Q12: =+P12-O12 -> -357.36752 | R12: =+IFERROR(HLOOKUP($B12,'[3]12월'!$F$6:$CC$57,3,),)/1000 -> 2070.2657 | S12: =+P12-R12 -> 291.3703 | T12: =+IFERROR(HLOOKUP($B12,'[1]12월'!$D$6:$BN$259,16,),)/1000 -> 500.34998 | U12: =+IFERROR(HLOOKUP($B12,'[2]12월'!$F$6:$CP$99,16,),)/1000 -> 163.09231 | V12: =+U12-T12 -> -337.25767 | W12: =+IFERROR(HLOOKUP($B12,'[3]12월'!$F$6:$CC$57,16,),)/1000 -> -32.57263 | X12: =+U12-W12 -> 195.66494 | Y12: =+[5]서부산!$Q$85 -> 104577.06 | Z12: =+[5]서부산!$R$85 -> 98127.561 | AA12: =+[6]서부산!$Q$85 -> 95743.685 | AB12: =+[5]서부산!$Q$89 -> 77522.344 | AC12: =+[5]서부산!$R$89 -> 78950.52 | AD12: =+[6]서부산!$Q$89 -> 80776.028 | AE12: =+Y12-AB12 -> 27054.715 | AF12: =+Z12-AC12 -> 19177.041 | AG12: =+AA12-AD12 -> 14967.657
B13: 김해 | G13: =+I13 -> 김해 | I13: 김해 | J13: =+IFERROR(HLOOKUP($B13,'[1]12월'!$D$6:$BN$259,2,),)/1000 -> 14 | K13: =+IFERROR(HLOOKUP($B13,'[2]12월'!$F$6:$CP$99,2,),)/1000 -> 12.184 | L13: =+K13-J13 -> -1.816 | M13: =+IFERROR(HLOOKUP($B13,'[3]12월'!$F$6:$CC$57,2,),)/1000 -> 12.437 | N13: =+K13-M13 -> -0.253 | O13: =+IFERROR(HLOOKUP($B13,'[1]12월'!$D$6:$BN$259,3,),)/1000 -> 1414.0056 | P13: =+IFERROR(HLOOKUP($B13,'[2]12월'!$F$6:$CP$99,3,),)/1000 -> 1145.9621 | Q13: =+P13-O13 -> -268.0435 | R13: =+IFERROR(HLOOKUP($B13,'[3]12월'!$F$6:$CC$57,3,),)/1000 -> 1240.7524 | S13: =+P13-R13 -> -94.7903 | T13: =+IFERROR(HLOOKUP($B13,'[1]12월'!$D$6:$BN$259,16,),)/1000 -> 187.05963 | U13: =+IFERROR(HLOOKUP($B13,'[2]12월'!$F$6:$CP$99,16,),)/1000 -> -58.225946 | V13: =+U13-T13 -> -245.28558 | W13: =+IFERROR(HLOOKUP($B13,'[3]12월'!$F$6:$CC$57,16,),)/1000 -> -41.18773 | X13: =+U13-W13 -> -17.038216 | Y13: =+[5]김해!$Q$85 -> 101000.4 | Z13: =+[5]김해!$R$85 -> 94036.649 | AA13: =+[6]김해!$Q$85 -> 99762.998 | AB13: =+[5]김해!$Q$89 -> 77306.919 | AC13: =+[5]김해!$R$89 -> 80796.704 | AD13: =+[6]김해!$Q$89 -> 81505.826 | AE13: =+Y13-AB13 -> 23693.481 | AF13: =+Z13-AC13 -> 13239.945 | AG13: =+AA13-AD13 -> 18257.171
B14: 정관 | G14: =+I14 -> 정관 | I14: 정관 | J14: =+IFERROR(HLOOKUP($B14,'[1]12월'!$D$6:$BN$259,2,),)/1000 -> 19 | K14: =+IFERROR(HLOOKUP($B14,'[2]12월'!$F$6:$CP$99,2,),)/1000 -> 22.034 | L14: =+K14-J14 -> 3.034 | M14: =+IFERROR(HLOOKUP($B14,'[3]12월'!$F$6:$CC$57,2,),)/1000 -> 19.458 | N14: =+K14-M14 -> 2.576 | O14: =+IFERROR(HLOOKUP($B14,'[1]12월'!$D$6:$BN$259,3,),)/1000 -> 1976 | P14: =+IFERROR(HLOOKUP($B14,'[2]12월'!$F$6:$CP$99,3,),)/1000 -> 2288.9945 | Q14: =+P14-O14 -> 312.9945 | R14: =+IFERROR(HLOOKUP($B14,'[3]12월'!$F$6:$CC$57,3,),)/1000 -> 1970.3819 | S14: =+P14-R14 -> 318.6126 | T14: =+IFERROR(HLOOKUP($B14,'[1]12월'!$D$6:$BN$259,16,),)/1000 -> 274.98355 | U14: =+IFERROR(HLOOKUP($B14,'[2]12월'!$F$6:$CP$99,16,),)/1000 -> 101.28182 | V14: =+U14-T14 -> -173.70174 | W14: =+IFERROR(HLOOKUP($B14,'[3]12월'!$F$6:$CC$57,16,),)/1000 -> 23.55043 | X14: =+U14-W14 -> 77.731387 | Y14: =+[5]정관!$Q$85 -> 104000 | Z14: =+[5]정관!$R$85 -> 103884.66 | AA14: =+[6]정관!$Q$85 -> 101263.33 | AB14: =+[5]정관!$Q$89 -> 79201.727 | AC14: =+[5]정관!$R$89 -> 86215.634 | AD14: =+[6]정관!$Q$89 -> 81557.376 | AE14: =+Y14-AB14 -> 24798.273 | AF14: =+Z14-AC14 -> 17669.022 | AG14: =+AA14-AD14 -> 19705.955
B15: 양산 | G15: =+I15 -> 양산 | I15: 양산 | J15: =+IFERROR(HLOOKUP($B15,'[1]12월'!$D$6:$BN$259,2,),)/1000 -> 12 | K15: =+IFERROR(HLOOKUP($B15,'[2]12월'!$F$6:$CP$99,2,),)/1000 -> 10.174 | L15: =+K15-J15 -> -1.826 | M15: =+IFERROR(HLOOKUP($B15,'[3]12월'!$F$6:$CC$57,2,),)/1000 -> 12.654 | N15: =+K15-M15 -> -2.48 | O15: =+IFERROR(HLOOKUP($B15,'[1]12월'!$D$6:$BN$259,3,),)/1000 -> 1166.5218 | P15: =+IFERROR(HLOOKUP($B15,'[2]12월'!$F$6:$CP$99,3,),)/1000 -> 958.2302 | Q15: =+P15-O15 -> -208.29163 | R15: =+IFERROR(HLOOKUP($B15,'[3]12월'!$F$6:$CC$57,3,),)/1000 -> 1163.1534 | S15: =+P15-R15 -> -204.92321 | T15: =+IFERROR(HLOOKUP($B15,'[1]12월'!$D$6:$BN$259,16,),)/1000 -> 159.93477 | U15: =+IFERROR(HLOOKUP($B15,'[2]12월'!$F$6:$CP$99,16,),)/1000 -> -28.828367 | V15: =+U15-T15 -> -188.76314 | W15: =+IFERROR(HLOOKUP($B15,'[3]12월'!$F$6:$CC$57,16,),)/1000 -> -41.122997 | X15: =+U15-W15 -> 12.29463 | Y15: =+[5]양산!$Q$85 -> 97210.153 | Z15: =+[5]양산!$R$85 -> 94184.215 | AA15: =+[6]양산!$Q$85 -> 91919.82 | AB15: =+[5]양산!$Q$89 -> 72466.137 | AC15: =+[5]양산!$R$89 -> 78064.419 | AD15: =+[6]양산!$Q$89 -> 73068.839 | AE15: =+Y15-AB15 -> 24744.015 | AF15: =+Z15-AC15 -> 16119.796 | AG15: =+AA15-AD15 -> 18850.981
B16: 창원 | G16: =+I16 -> 창원 | I16: 창원 | J16: =+IFERROR(HLOOKUP($B16,'[1]12월'!$D$6:$BN$259,2,),)/1000 -> 15 | K16: =+IFERROR(HLOOKUP($B16,'[2]12월'!$F$6:$CP$99,2,),)/1000 -> 12.315 | L16: =+K16-J16 -> -2.685 | M16: =+IFERROR(HLOOKUP($B16,'[3]12월'!$F$6:$CC$57,2,),)/1000 -> 19.115 | N16: =+K16-M16 -> -6.8 | O16: =+IFERROR(HLOOKUP($B16,'[1]12월'!$D$6:$BN$259,3,),)/1000 -> 1523.358 | P16: =+IFERROR(HLOOKUP($B16,'[2]12월'!$F$6:$CP$99,3,),)/1000 -> 1261.8106 | Q16: =+P16-O16 -> -261.54745 | R16: =+IFERROR(HLOOKUP($B16,'[3]12월'!$F$6:$CC$57,3,),)/1000 -> 1861.5654 | S16: =+P16-R16 -> -599.75485 | T16: =+IFERROR(HLOOKUP($B16,'[1]12월'!$D$6:$BN$259,16,),)/1000 -> 245.30851 | U16: =+IFERROR(HLOOKUP($B16,'[2]12월'!$F$6:$CP$99,16,),)/1000 -> 72.758357 | V16: =+U16-T16 -> -172.55015 | W16: =+IFERROR(HLOOKUP($B16,'[3]12월'!$F$6:$CC$57,16,),)/1000 -> 121.08234 | X16: =+U16-W16 -> -48.323983 | Y16: =+[5]창원!$Q$85 -> 101557.2 | Z16: =+[5]창원!$R$85 -> 102461.27 | AA16: =+[6]창원!$Q$85 -> 97387.675 | AB16: =+[5]창원!$Q$89 -> 72797.601 | AC16: =+[5]창원!$R$89 -> 76573.527 | AD16: =+[6]창원!$Q$89 -> 72941.793 | AE16: =+Y16-AB16 -> 28759.599 | AF16: =+Z16-AC16 -> 25887.744 | AG16: =+AA16-AD16 -> 24445.881
B17: 대구 | G17: =+I17 -> 대구 | I17: 대구 | J17: =+IFERROR(HLOOKUP($B17,'[1]12월'!$D$6:$BN$259,2,),)/1000 -> 16 | K17: =+IFERROR(HLOOKUP($B17,'[2]12월'!$F$6:$CP$99,2,),)/1000 -> 18.708 | L17: =+K17-J17 -> 2.708 | M17: =+IFERROR(HLOOKUP($B17,'[3]12월'!$F$6:$CC$57,2,),)/1000 -> 17.634 | N17: =+K17-M17 -> 1.074 | O17: =+IFERROR(HLOOKUP($B17,'[1]12월'!$D$6:$BN$259,3,),)/1000 -> 1564.16 | P17: =+IFERROR(HLOOKUP($B17,'[2]12월'!$F$6:$CP$99,3,),)/1000 -> 1801.6908 | Q17: =+P17-O17 -> 237.53076 | R17: =+IFERROR(HLOOKUP($B17,'[3]12월'!$F$6:$CC$57,3,),)/1000 -> 1703.1217 | S17: =+P17-R17 -> 98.569064 | T17: =+IFERROR(HLOOKUP($B17,'[1]12월'!$D$6:$BN$259,16,),)/1000 -> 246.00736 | U17: =+IFERROR(HLOOKUP($B17,'[2]12월'!$F$6:$CP$99,16,),)/1000 -> 168.03998 | V17: =+U17-T17 -> -77.967379 | W17: =+IFERROR(HLOOKUP($B17,'[3]12월'!$F$6:$CC$57,16,),)/1000 -> 67.193584 | X17: =+U17-W17 -> 100.8464 | Y17: =+[5]대구!$Q$85 -> 97760 | Z17: =+[5]대구!$R$85 -> 96305.899 | AA17: =+[6]대구!$Q$85 -> 96581.7 | AB17: =+[5]대구!$Q$89 -> 72183.97 | AC17: =+[5]대구!$R$89 -> 73764.096 | AD17: =+[6]대구!$Q$89 -> 72751.844 | AE17: =+Y17-AB17 -> 25576.03 | AF17: =+Z17-AC17 -> 22541.803 | AG17: =+AA17-AD17 -> 23829.856
B18: 울산 | G18: =+I18 -> 울산 | I18: 울산 | J18: =+IFERROR(HLOOKUP($B18,'[1]12월'!$D$6:$BN$259,2,),)/1000 -> 12 | K18: =+IFERROR(HLOOKUP($B18,'[2]12월'!$F$6:$CP$99,2,),)/1000 -> 12.451 | L18: =+K18-J18 -> 0.451 | M18: =+IFERROR(HLOOKUP($B18,'[3]12월'!$F$6:$CC$57,2,),)/1000 -> 6.727 | N18: =+K18-M18 -> 5.724 | O18: =+IFERROR(HLOOKUP($B18,'[1]12월'!$D$6:$BN$259,3,),)/1000 -> 1215.1903 | P18: =+IFERROR(HLOOKUP($B18,'[2]12월'!$F$6:$CP$99,3,),)/1000 -> 1273.3891 | Q18: =+P18-O18 -> 58.1988 | R18: =+IFERROR(HLOOKUP($B18,'[3]12월'!$F$6:$CC$57,3,),)/1000 -> 673.84925 | S18: =+P18-R18 -> 599.53985 | T18: =+IFERROR(HLOOKUP($B18,'[1]12월'!$D$6:$BN$259,16,),)/1000 -> 108.93391 | U18: =+IFERROR(HLOOKUP($B18,'[2]12월'!$F$6:$CP$99,16,),)/1000 -> 24.366226 | V18: =+U18-T18 -> -84.567688 | W18: =+IFERROR(HLOOKUP($B18,'[3]12월'!$F$6:$CC$57,16,),)/1000 -> -94.482644 | X18: =+U18-W18 -> 118.84887 | Y18: =+[5]울산!$Q$85 -> 101265.86 | Z18: =+[5]울산!$R$85 -> 102272.03 | AA18: =+[6]울산!$Q$85 -> 100170.84 | AB18: =+[5]울산!$Q$89 -> 80550.789 | AC18: =+[5]울산!$R$89 -> 84277.211 | AD18: =+[6]울산!$Q$89 -> 81166.341 | AE18: =+Y18-AB18 -> 20715.07 | AF18: =+Z18-AC18 -> 17994.823 | AG18: =+AA18-AD18 -> 19004.5
B19: 아산 | G19: =+I19 -> 아산 | I19: 아산 | J19: =+IFERROR(HLOOKUP($B19,'[1]12월'!$D$6:$BN$259,2,),)/1000 -> 27 | K19: =+IFERROR(HLOOKUP($B19,'[2]12월'!$F$6:$CP$99,2,),)/1000 -> 22.732 | L19: =+K19-J19 -> -4.268 | M19: =+IFERROR(HLOOKUP($B19,'[3]12월'!$F$6:$CC$57,2,),)/1000 -> 21.023 | N19: =+K19-M19 -> 1.709 | O19: =+IFERROR(HLOOKUP($B19,'[1]12월'!$D$6:$BN$259,3,),)/1000 -> 2727 | P19: =+IFERROR(HLOOKUP($B19,'[2]12월'!$F$6:$CP$99,3,),)/1000 -> 2299.4823 | Q19: =+P19-O19 -> -427.5177 | R19: =+IFERROR(HLOOKUP($B19,'[3]12월'!$F$6:$CC$57,3,),)/1000 -> 2021.2951 | S19: =+P19-R19 -> 278.1872 | T19: =+IFERROR(HLOOKUP($B19,'[1]12월'!$D$6:$BN$259,16,),)/1000 -> 380.38225 | U19: =+IFERROR(HLOOKUP($B19,'[2]12월'!$F$6:$CP$99,16,),)/1000 -> 58.469241 | V19: =+U19-T19 -> -321.91301 | W19: =+IFERROR(HLOOKUP($B19,'[3]12월'!$F$6:$CC$57,16,),)/1000 -> 8.618231 | X19: =+U19-W19 -> 49.85101 | Y19: =+[5]아산!$Q$85 -> 101000 | Z19: =+[5]아산!$R$85 -> 101156.18 | AA19: =+[6]아산!$Q$85 -> 95785.019 | AB19: =+[5]아산!$Q$89 -> 79449.486 | AC19: =+[5]아산!$R$89 -> 85004.174 | AD19: =+[6]아산!$Q$89 -> 77943.486 | AE19: =+Y19-AB19 -> 21550.514 | AF19: =+Z19-AC19 -> 16152.007 | AG19: =+AA19-AD19 -> 17841.534
B20: 전주 | G20: =+I20 -> 전주 | I20: 전주 | J20: =+IFERROR(HLOOKUP($B20,'[1]12월'!$D$6:$BN$259,2,),)/1000 -> 11 | K20: =+IFERROR(HLOOKUP($B20,'[2]12월'!$F$6:$CP$99,2,),)/1000 -> 10.326 | L20: =+K20-J20 -> -0.674 | M20: =+IFERROR(HLOOKUP($B20,'[3]12월'!$F$6:$CC$57,2,),)/1000 -> 11.59 | N20: =+K20-M20 -> -1.264 | O20: =+IFERROR(HLOOKUP($B20,'[1]12월'!$D$6:$BN$259,3,),)/1000 -> 1127.8313 | P20: =+IFERROR(HLOOKUP($B20,'[2]12월'!$F$6:$CP$99,3,),)/1000 -> 1002.0519 | Q20: =+P20-O20 -> -125.77933 | R20: =+IFERROR(HLOOKUP($B20,'[3]12월'!$F$6:$CC$57,3,),)/1000 -> 1081.6514 | S20: =+P20-R20 -> -79.599472 | T20: =+IFERROR(HLOOKUP($B20,'[1]12월'!$D$6:$BN$259,16,),)/1000 -> 185.50495 | U20: =+IFERROR(HLOOKUP($B20,'[2]12월'!$F$6:$CP$99,16,),)/1000 -> 10.653327 | V20: =+U20-T20 -> -174.85162 | W20: =+IFERROR(HLOOKUP($B20,'[3]12월'!$F$6:$CC$57,16,),)/1000 -> 36.652521 | X20: =+U20-W20 -> -25.999194 | Y20: =+[5]전주!$Q$85 -> 102530.11 | Z20: =+[5]전주!$R$85 -> 97041.635 | AA20: =+[6]전주!$Q$85 -> 93361.374 | AB20: =+[5]전주!$Q$89 -> 73002.694 | AC20: =+[5]전주!$R$89 -> 74828.153 | AD20: =+[6]전주!$Q$89 -> 68175.181 | AE20: =+Y20-AB20 -> 29527.421 | AF20: =+Z20-AC20 -> 22213.483 | AG20: =+AA20-AD20 -> 25186.194
B21: 군산 | G21: =+I21 -> 군산 | I21: 군산 | J21: =+IFERROR(HLOOKUP($B21,'[1]12월'!$D$6:$BN$259,2,),)/1000 -> 7 | K21: =+IFERROR(HLOOKUP($B21,'[2]12월'!$F$6:$CP$99,2,),)/1000 -> 5.608 | L21: =+K21-J21 -> -1.392 | M21: =+IFERROR(HLOOKUP($B21,'[3]12월'!$F$6:$CC$57,2,),)/1000 -> 5.0555 | N21: =+K21-M21 -> 0.5525 | O21: =+IFERROR(HLOOKUP($B21,'[1]12월'!$D$6:$BN$259,3,),)/1000 -> 762.99903 | P21: =+IFERROR(HLOOKUP($B21,'[2]12월'!$F$6:$CP$99,3,),)/1000 -> 597.354 | Q21: =+P21-O21 -> -165.64503 | R21: =+IFERROR(HLOOKUP($B21,'[3]12월'!$F$6:$CC$57,3,),)/1000 -> 527.68332 | S21: =+P21-R21 -> 69.670678 | T21: =+IFERROR(HLOOKUP($B21,'[1]12월'!$D$6:$BN$259,16,),)/1000 -> 192.6416 | U21: =+IFERROR(HLOOKUP($B21,'[2]12월'!$F$6:$CP$99,16,),)/1000 -> 80.152254 | V21: =+U21-T21 -> -112.48935 | W21: =+IFERROR(HLOOKUP($B21,'[3]12월'!$F$6:$CC$57,16,),)/1000 -> 34.121359 | X21: =+U21-W21 -> 46.030895 | Y21: =+[5]군산!$Q$85 -> 108999.86 | Z21: =+[5]군산!$R$85 -> 106518.19 | AA21: =+[6]군산!$Q$85 -> 104623.27 | AB21: =+[5]군산!$Q$89 -> 70884.733 | AC21: =+[5]군산!$R$89 -> 73466.5 | AD21: =+[6]군산!$Q$89 -> 69954.422 | AE21: =+Y21-AB21 -> 38115.129 | AF21: =+Z21-AC21 -> 33051.688 | AG21: =+AA21-AD21 -> 34668.85
B22: 원주 | G22: =+I22 -> 원주 | I22: 원주 | J22: =+IFERROR(HLOOKUP($B22,'[1]12월'!$D$6:$BN$259,2,),)/1000 -> 4 | K22: =+IFERROR(HLOOKUP($B22,'[2]12월'!$F$6:$CP$99,2,),)/1000 -> 4.01 | L22: =+K22-J22 -> 0.01 | M22: =+IFERROR(HLOOKUP($B22,'[3]12월'!$F$6:$CC$57,2,),)/1000 -> 6.189 | N22: =+K22-M22 -> -2.179 | O22: =+IFERROR(HLOOKUP($B22,'[1]12월'!$D$6:$BN$259,3,),)/1000 -> 431.6 | P22: =+IFERROR(HLOOKUP($B22,'[2]12월'!$F$6:$CP$99,3,),)/1000 -> 460.867 | Q22: =+P22-O22 -> 29.267 | R22: =+IFERROR(HLOOKUP($B22,'[3]12월'!$F$6:$CC$57,3,),)/1000 -> 648.47726 | S22: =+P22-R22 -> -187.61025 | T22: =+IFERROR(HLOOKUP($B22,'[1]12월'!$D$6:$BN$259,16,),)/1000 -> 49.390684 | U22: =+IFERROR(HLOOKUP($B22,'[2]12월'!$F$6:$CP$99,16,),)/1000 -> 39.135277 | V22: =+U22-T22 -> -10.255407 | W22: =+IFERROR(HLOOKUP($B22,'[3]12월'!$F$6:$CC$57,16,),)/1000 -> 38.745038 | X22: =+U22-W22 -> 0.390239 | Y22: =+[5]원주!$Q$85 -> 107900 | Z22: =+[5]원주!$R$85 -> 114929.43 | AA22: =+[6]원주!$Q$85 -> 104784.9 | AB22: =+[5]원주!$Q$89 -> 75861.9 | AC22: =+[5]원주!$R$89 -> 76446.968 | AD22: =+[6]원주!$Q$89 -> 75081.703 | AE22: =+Y22-AB22 -> 32038.1 | AF22: =+Z22-AC22 -> 38482.458 | AG22: =+AA22-AD22 -> 29703.198
B23: 제주 | G23: =+I23 -> 제주 | I23: 제주 | J23: =+IFERROR(HLOOKUP($B23,'[1]12월'!$D$6:$BN$259,2,),)/1000 -> 7 | K23: =+IFERROR(HLOOKUP($B23,'[2]12월'!$F$6:$CP$99,2,),)/1000 -> 5.5875 | L23: =+K23-J23 -> -1.4125 | M23: =+IFERROR(HLOOKUP($B23,'[3]12월'!$F$6:$CC$57,2,),)/1000 -> 4.902 | N23: =+K23-M23 -> 0.6855 | O23: =+IFERROR(HLOOKUP($B23,'[1]12월'!$D$6:$BN$259,3,),)/1000 -> 888.3 | P23: =+IFERROR(HLOOKUP($B23,'[2]12월'!$F$6:$CP$99,3,),)/1000 -> 668.43715 | Q23: =+P23-O23 -> -219.86285 | R23: =+IFERROR(HLOOKUP($B23,'[3]12월'!$F$6:$CC$57,3,),)/1000 -> 579.44633 | S23: =+P23-R23 -> 88.990821 | T23: =+IFERROR(HLOOKUP($B23,'[1]12월'!$D$6:$BN$259,16,),)/1000 -> 161.64138 | U23: =+IFERROR(HLOOKUP($B23,'[2]12월'!$F$6:$CP$99,16,),)/1000 -> 49.681543 | V23: =+U23-T23 -> -111.95983 | W23: =+IFERROR(HLOOKUP($B23,'[3]12월'!$F$6:$CC$57,16,),)/1000 -> -5.762215 | X23: =+U23-W23 -> 55.443758 | Y23: =+[5]제주!$Q$85 -> 126900 | Z23: =+[5]제주!$R$85 -> 119630.81 | AA23: =+[6]제주!$Q$85 -> 118206.11 | AB23: =+[5]제주!$Q$89 -> 91213.272 | AC23: =+[5]제주!$R$89 -> 89066.435 | AD23: =+[6]제주!$Q$89 -> 87458.101 | AE23: =+Y23-AB23 -> 35686.728 | AF23: =+Z23-AC23 -> 30564.375 | AG23: =+AA23-AD23 -> 30748.004
G24: =+I24 -> 수도권 | I24: 수도권 | J24: =SUM(J7:J10) -> 113.5 | K24: =SUM(K7:K10) -> 94.7535 | L24: =+K24-J24 -> -18.7465 | M24: =SUM(M7:M10) -> 105.14 | N24: =+K24-M24 -> -10.3865 | O24: =SUM(O7:O10) -> 11621.591 | P24: =SUM(P7:P10) -> 9072.334 | Q24: =+P24-O24 -> -2549.2568 | R24: =SUM(R7:R10) -> 10211.659 | S24: =+P24-R24 -> -1139.3252 | T24: =SUM(T7:T10) -> 1604.9217 | U24: =SUM(U7:U10) -> -204.53605 | V24: =+U24-T24 -> -1809.4577 | W24: =SUM(W7:W10) -> -203.09543 | X24: =+U24-W24 -> -1.440617 | Y24: =+[5]수도권!$Q$85 -> 102392.87 | Z24: =+[5]수도권!$R$85 -> 95753.183 | AA24: =+[6]수도권!$Q$85 -> 97106.847 | AB24: =+[5]수도권!$Q$89 -> 79958.056 | AC24: =+[5]수도권!$R$89 -> 83930.891 | AD24: =+[6]수도권!$Q$89 -> 81709.417 | AE24: =+Y24-AB24 -> 22434.814 | AF24: =+Z24-AC24 -> 11822.292 | AG24: =+AA24-AD24 -> 15397.43
G25: =+I25 -> 영남권 | I25: 영남권 | J25: =SUM(J11:J18) -> 138 | K25: =SUM(K11:K18) -> 129.272 | L25: =+K25-J25 -> -8.728 | M25: =SUM(M11:M18) -> 130.01 | N25: =+K25-M25 -> -0.738 | O25: =SUM(O11:O18) -> 14160.65 | P25: =SUM(P11:P18) -> 13072.183 | Q25: =+P25-O25 -> -1088.4669 | R25: =SUM(R11:R18) -> 12772.025 | S25: =+P25-R25 -> 300.15786 | T25: =SUM(T11:T18) -> 2073.5981 | U25: =SUM(U11:U18) -> 534.66819 | V25: =+U25-T25 -> -1538.9299 | W25: =SUM(W11:W18) -> -61.669156 | X25: =+U25-W25 -> 596.33735 | Y25: =+[5]영남권!$Q$85 -> 102613.4 | Z25: =+[5]영남권!$R$85 -> 101138.02 | AA25: =+[6]영남권!$Q$85 -> 98238.787 | AB25: =+[5]영남권!$Q$89 -> 77244.33 | AC25: =+[5]영남권!$R$89 -> 81325.207 | AD25: =+[6]영남권!$Q$89 -> 78500.132 | AE25: =+Y25-AB25 -> 25369.073 | AF25: =+Z25-AC25 -> 19812.809 | AG25: =+AA25-AD25 -> 19738.655
G26: =+I26 -> 중부권 | I26: 중부권 | J26: =SUM(J19:J23) -> 56 | K26: =SUM(K19:K23) -> 48.2635 | L26: =+K26-J26 -> -7.7365 | M26: =SUM(M19:M23) -> 48.7595 | N26: =+K26-M26 -> -0.496 | O26: =SUM(O19:O23) -> 5937.7303 | P26: =SUM(P19:P23) -> 5028.1924 | Q26: =+P26-O26 -> -909.53791 | R26: =SUM(R19:R23) -> 4858.5534 | S26: =+P26-R26 -> 169.63897 | T26: =SUM(T19:T23) -> 969.56086 | U26: =SUM(U19:U23) -> 238.09164 | V26: =+U26-T26 -> -731.46922 | W26: =SUM(W19:W23) -> 112.37493 | X26: =+U26-W26 -> 125.71671 | Y26: =+[5]중부권!$Q$85 -> 106030.9 | Z26: =+[5]중부권!$R$85 -> 104182.09 | AA26: =+[6]중부권!$Q$85 -> 99522.849 | AB26: =+[5]중부권!$Q$89 -> 78326.775 | AC26: =+[5]중부권!$R$89 -> 81258.436 | AD26: =+[6]중부권!$Q$89 -> 75388.642 | AE26: =+Y26-AB26 -> 27704.123 | AF26: =+Z26-AC26 -> 22923.655 | AG26: =+AA26-AD26 -> 24134.208
G27: =+K27/J27 -> 0.88549268 | H27: 레미콘 계 | J27: =SUM(J24:J26) -> 307.5 | K27: =SUM(K24:K26) -> 272.289 | L27: =+K27-J27 -> -35.211 | M27: =SUM(M24:M26) -> 283.9095 | N27: =+K27-M27 -> -11.6205 | O27: =SUM(O24:O26) -> 31719.971 | P27: =SUM(P24:P26) -> 27172.709 | Q27: =+P27-O27 -> -4547.2616 | R27: =SUM(R24:R26) -> 27842.237 | S27: =+P27-R27 -> -669.52837 | T27: =SUM(T24:T26) -> 4648.0806 | U27: =SUM(U24:U26) -> 568.22379 | V27: =+U27-T27 -> -4079.8568 | W27: =SUM(W24:W26) -> -152.38965 | X27: =+U27-W27 -> 720.61344 | Y27: =+[5]합계!$Q$85 -> 103154.38 | Z27: =+[5]합계!$R$85 -> 99802.99 | AA27: =+[6]합계!$Q$85 -> 98036.161 | AB27: =+[5]합계!$Q$89 -> 78443.11 | AC27: =+[5]합계!$R$89 -> 82213.022 | AD27: =+[6]합계!$Q$89 -> 79164.481 | AE27: =+Y27-AB27 -> 24711.266 | AF27: =+Z27-AC27 -> 17589.968 | AG27: =+AA27-AD27 -> 18871.68
B28: 건자재 | E28: 건자재영업 | G28: 건자재 | H28: 건자재 | J28: =+IFERROR(HLOOKUP($B28,'[1]12월'!$D$6:$BN$259,2,),) -> 8600 | K28: =+IFERROR(HLOOKUP($E28,'[2]12월'!$F$6:$CP$99,2,),) -> 8003.057 | L28: =+K28-J28 -> -596.943 | M28: =+IFERROR(HLOOKUP($E28,'[3]12월'!$F$6:$CC$57,2,),) -> 7811.91 | N28: =+K28-M28 -> 191.147 | O28: =+IFERROR(HLOOKUP($B28,'[1]12월'!$D$6:$BN$259,3,),)/1000 -> 10504.632 | P28: =+IFERROR(HLOOKUP($E28,'[2]12월'!$F$6:$CP$99,3,),)/1000 -> 7445.9016 | Q28: =+P28-O28 -> -3058.73 | R28: =+IFERROR(HLOOKUP($E28,'[3]12월'!$F$6:$CC$57,3,),)/1000 -> 9622.7532 | S28: =+P28-R28 -> -2176.8516 | T28: =+IFERROR(HLOOKUP($B28,'[1]12월'!$D$6:$BN$259,16,),)/1000 -> 139.04025 | U28: =+IFERROR(HLOOKUP($E28,'[2]12월'!$F$6:$CP$99,16,),)/1000 -> -101.10207 | V28: =+U28-T28 -> -240.14232 | W28: =+IFERROR(HLOOKUP($E28,'[3]12월'!$F$6:$CC$57,16,),)/1000 -> -86.633557 | X28: =+U28-W28 -> -14.468516 | Y28: ■ 비고
B29: 부산모래장 | C29: 부산골재 | G29: =+I29 -> 부산모래장 | H29: 골재 | I29: 부산모래장 | J29: =+IFERROR(HLOOKUP($B29,'[1]12월'!$D$6:$BN$259,2,),)/1000 -> 28.532458 | K29: =+IFERROR(HLOOKUP($C29,'[2]12월'!$F$6:$CP$99,2,),)/1000 -> 23.035 | L29: =+K29-J29 -> -5.4974576 | M29: =+IFERROR(HLOOKUP($C29,'[3]12월'!$F$6:$CC$57,2,),)/1000 -> 24.924 | N29: =+K29-M29 -> -1.889 | O29: =+IFERROR(HLOOKUP($B29,'[1]12월'!$D$6:$BN$259,3,),)/1000 -> 811.06468 | P29: =+IFERROR(HLOOKUP($C29,'[2]12월'!$F$6:$CP$99,3,),)/1000 -> 638.333 | Q29: =+P29-O29 -> -172.73168 | R29: =+IFERROR(HLOOKUP($C29,'[3]12월'!$F$6:$CC$57,3,),)/1000 -> 710.713 | S29: =+P29-R29 -> -72.38 | T29: =+IFERROR(HLOOKUP($B29,'[1]12월'!$D$6:$BN$259,21,),)/1000 -> 62.971538 | U29: =+IFERROR(HLOOKUP($C29,'[2]12월'!$F$6:$CP$99,21,),)/1000 -> -21.304281 | V29: =+U29-T29 -> -84.275819 | W29: =+IFERROR(HLOOKUP($C29,'[3]12월'!$F$6:$CC$57,16,),)/1000 -> -21.164563 | X29: =+U29-W29 -> -0.13971837 | Y29: - 1군단가 소급분 : 3.5억
B30: 서부산크라샤 | C30: 서부산골재 | G30: =+I30 -> 서부산CR | I30: 서부산CR | J30: =+IFERROR(HLOOKUP($B30,'[1]12월'!$D$6:$BN$259,2,),)/1000 -> 50.439763 | K30: =+IFERROR(HLOOKUP($C30,'[2]12월'!$F$6:$CP$99,2,),)/1000 -> 1 | L30: =+K30-J30 -> -49.439763 | M30: =+IFERROR(HLOOKUP($C30,'[3]12월'!$F$6:$CC$57,2,),)/1000 -> 25.332 | N30: =+K30-M30 -> -24.332 | O30: =+IFERROR(HLOOKUP($B30,'[1]12월'!$D$6:$BN$259,3,),)/1000 -> 623.24578 | P30: =+IFERROR(HLOOKUP($C30,'[2]12월'!$F$6:$CP$99,3,),)/1000 -> 11.5 | Q30: =+P30-O30 -> -611.74578 | R30: =+IFERROR(HLOOKUP($C30,'[3]12월'!$F$6:$CC$57,3,),)/1000 -> 323.054 | S30: =+P30-R30 -> -311.554 | T30: =+IFERROR(HLOOKUP($B30,'[1]12월'!$D$6:$BN$259,21,),)/1000 -> 138.21488 | U30: =+IFERROR(HLOOKUP($C30,'[2]12월'!$F$6:$CP$99,21,),)/1000 -> -151.79414 | V30: =+U30-T30 -> -290.00903 | W30: =+IFERROR(HLOOKUP($C30,'[3]12월'!$F$6:$CC$57,16,),)/1000 -> -33.388204 | X30: =+U30-W30 -> -118.40594 | Y30: (DL건설 1.3억, 롯데건설 0.4억, 한라 0.6억 등)
B31: 부산크라샤 | C31: 부산크라샤 | G31: =+I31 -> 부산CR | I31: 부산CR | J31: =+IFERROR(HLOOKUP($B31,'[1]12월'!$D$6:$BN$259,2,),)/1000 -> 41.933006 | K31: =+IFERROR(HLOOKUP($C31,'[2]12월'!$F$6:$CP$99,2,),)/1000 -> 35.645 | L31: =+K31-J31 -> -6.2880061 | M31: =+IFERROR(HLOOKUP($C31,'[3]12월'!$F$6:$CC$57,2,),)/1000 -> 19.977 | N31: =+K31-M31 -> 15.668 | O31: =+IFERROR(HLOOKUP($B31,'[1]12월'!$D$6:$BN$259,3,),)/1000 -> 770.37721 | P31: =+IFERROR(HLOOKUP($C31,'[2]12월'!$F$6:$CP$99,3,),)/1000 -> 630.6815 | Q31: =+P31-O31 -> -139.69571 | R31: =+IFERROR(HLOOKUP($C31,'[3]12월'!$F$6:$CC$57,3,),)/1000 -> 367.506 | S31: =+P31-R31 -> 263.1755 | T31: =+IFERROR(HLOOKUP($B31,'[1]12월'!$D$6:$BN$259,21,),)/1000 -> 97.65592 | U31: =+IFERROR(HLOOKUP($C31,'[2]12월'!$F$6:$CP$99,21,),)/1000 -> -294.10381 | V31: =+U31-T31 -> -391.75973 | W31: =+IFERROR(HLOOKUP($C31,'[3]12월'!$F$6:$CC$57,16,),)/1000 -> -356.44776 | X31: =+U31-W31 -> 62.343949
H32: 골재 계 | J32: =SUM(J29:J31) -> 120.90523 | K32: =SUM(K29:K31) -> 59.68 | L32: =+K32-J32 -> -61.225227 | M32: =SUM(M29:M31) -> 70.233 | N32: =+K32-M32 -> -10.553 | O32: =SUM(O29:O31) -> 2204.6877 | P32: =SUM(P29:P31) -> 1280.5145 | Q32: =+P32-O32 -> -924.17317 | R32: =SUM(R29:R31) -> 1401.273 | S32: =+P32-R32 -> -120.7585 | T32: =SUM(T29:T31) -> 298.84234 | U32: =SUM(U29:U31) -> -467.20224 | V32: =+U32-T32 -> -766.04457 | W32: =SUM(W29:W31) -> -411.00052 | X32: =+U32-W32 -> -56.20171 | Y32: ▶ 운반비 소급
B33: 포항임대 | C33: 속초임대 | D33: 강릉임대 | E33: 레미콘임대 계 | G33: =+I33 -> 레미콘임대 | H33: 기타 | I33: 레미콘임대 | L33: =+K33-J33 -> 0 | N33: =+K33-M33 -> 0 | O33: =(IFERROR(HLOOKUP($B33,'[1]12월'!$D$6:$BN$259,3,),)++IFERROR(HLOOKUP($C33,'[1]12월'!$D$6:$BN$259,3,),)+IFERROR(HLOOKUP($D33,'[1]12월'!$D$6:$BN$259,3,),))/1000 -> 90.84 | P33: =+IFERROR(HLOOKUP($E33,'[2]12월'!$F$6:$CP$99,3,),)/1000 -> 90.84 | Q33: =+P33-O33 -> 0 | R33: =+IFERROR(HLOOKUP($E33,'[3]12월'!$F$6:$CC$57,3,),)/1000 -> 90.84 | S33: =+P33-R33 -> 0 | T33: =(IFERROR(HLOOKUP($B33,'[1]12월'!$D$6:$BN$259,21,),)++IFERROR(HLOOKUP($C33,'[1]12월'!$D$6:$BN$259,21,),)+IFERROR(HLOOKUP($D33,'[1]12월'!$D$6:$BN$259,21,),))/1000 -> 75.360275 | U33: =+IFERROR(HLOOKUP($E33,'[2]12월'!$F$6:$CP$99,16,),)/1000 -> 76.068675 | V33: =+U33-T33 -> 0.7084 | W33: =+IFERROR(HLOOKUP($E33,'[3]12월'!$F$6:$CC$57,16,),)/1000 -> 73.170018 | X33: =+U33-W33 -> 2.898657 | Y33: - 파주 : 75백만원
B34: 부동산임대 | C34: 주유소임대 | E34: 임대 계 | G34: =+I34 -> 임대 | I34: 임대 | L34: =+K34-J34 -> 0 | M34: 0 | N34: =+K34-M34 -> 0 | O34: =(+IFERROR(HLOOKUP($B34,'[1]12월'!$D$6:$BN$259,3,),)+IFERROR(HLOOKUP($C34,'[1]12월'!$D$6:$BN$259,3,),))/1000 -> 72.2975 | P34: =+IFERROR(HLOOKUP($E34,'[2]12월'!$F$6:$CP$99,3,),)/1000 -> 72.69194 | Q34: =+P34-O34 -> 0.39443967 | R34: =+IFERROR(HLOOKUP($E34,'[3]12월'!$F$6:$CC$57,3,),)/1000 -> 78.665941 | S34: =+P34-R34 -> -5.974001 | T34: =(+IFERROR(HLOOKUP($B34,'[1]12월'!$D$6:$BN$259,21,),)+IFERROR(HLOOKUP($C34,'[1]12월'!$D$6:$BN$259,21,),))/1000 -> 74.623417 | U34: =+IFERROR(HLOOKUP($E34,'[2]12월'!$F$6:$CP$99,16,),)/1000 -> 75.153125 | V34: =+U34-T34 -> 0.52970767 | W34: =+IFERROR(HLOOKUP($E34,'[3]12월'!$F$6:$CC$57,16,),)/1000 -> 86.623723 | X34: =+U34-W34 -> -11.470598
B35: 공 통 비 | G35: =+I35 -> 공통비 | I35: 공통비 | L35: =+K35-J35 -> 0 | N35: =+K35-M35 -> 0 | Q35: =+P35-O35 -> 0 | S35: =+P35-R35 -> 0 | T35: =-'[1]12월'!$Z$22/1000 -> -1213.1221 | U35: =+-'[2]12월'!$Z$22/1000 -> -2089.6312 | V35: =+U35-T35 -> -876.50913 | W35: =+-'[3]12월'!$Z$22/1000 -> -3008.8593 | X35: =+U35-W35 -> 919.22813
G36: =+I36 -> OPC 소급분 | I36: OPC 소급분 | N36: =+K36-M36 -> 0 | Q36: =+P36-O36 -> 0 | S36: =+P36-R36 -> 0 | T36: =+'[1]12월'!$AS$26/1000 -> 0 | U36: ='[2]12월'!$BD$26/1000 -> 300 | V36: =+U36-T36 -> 300 | W36: ='[3]12월'!$BD$26/1000 -> 1028.9851 | X36: =+U36-W36 -> -728.9851
G37: =+I37 -> 대손 | I37: 대손 | N37: =+K37-M37 -> 0 | Q37: =+P37-O37 -> 0 | S37: =+P37-R37 -> 0 | U37: ='[2]12월'!$BE$26/1000 -> 319.51271 | V37: =+U37-T37 -> 319.51271 | W37: ='[3]12월'!$BE$26/1000 -> -983.77338 | X37: =+U37-W37 -> 1303.2861
G38: =+I38 -> 미운영 공장 | I38: 미운영 공장 | M38: =SUM(M54:M59) -> 0 | N38: =+K38-M38 -> 0 | Q38: =+P38-O38 -> 0 | R38: =+IFERROR(HLOOKUP($I$38,'[3]12월'!$F$6:$BJ$50,3,),)/1000 -> 0 | S38: =+P38-R38 -> 0 | T38: =SUM('[1]12월'!$AM$26:$AQ$26)/1000 -> -3.4117974 | U38: =+'[2]12월'!$BF$26/1000 -> -3.689587 | V38: =+U38-T38 -> -0.27778956 | W38: =+'[3]12월'!$BF$26/1000 -> -6.898677 | X38: =+U38-W38 -> 3.20909
B39: 기타 계 | G39: =+I39 -> 기타 | I39: 기타 | L39: =+K39-J39 -> 0 | N39: =+K39-M39 -> 0 | O39: =IFERROR(HLOOKUP($B39,'[1]12월'!$D$6:$BN$259,3,),)/1000 -> 1.77 | P39: =+('[2]12월'!$F$8-SUM('[2]12월'!$Z$8,'[2]12월'!$AH$8,'[2]12월'!$AN$8,'[2]12월'!$AO$8,'[2]12월'!$BA$8,'[2]12월'!$BD$8,'[2]12월'!$BE$8,'[2]12월'!$BF$8))/1000 -> 1.67985 | Q39: =+P39-O39 -> -0.09015 | R39: =+('[3]12월'!$F$8-SUM('[3]12월'!$Z$8,'[3]12월'!$AH$8,'[3]12월'!$AN$8,'[3]12월'!$AO$8,'[3]12월'!$BA$8,'[3]12월'!$BD$8,'[3]12월'!$BE$8,'[3]12월'!$BF$8))/1000 -> 1.7024 | S39: =+P39-R39 -> -0.02255 | T39: =+('[1]12월'!$E$26-'[1]12월'!$Z$26-'[1]12월'!$AA$26-'[1]12월'!$AE$26-'[1]12월'!$AL$26-'[1]12월'!$AM$26-'[1]12월'!$AN$26-'[1]12월'!$AO$26-'[1]12월'!$AP$26-'[1]12월'!$AQ$26-'[1]12월'!$AS$26)/1000 -> -68.088929 | U39: =+('[2]12월'!$F$26-SUM('[2]12월'!$Z$26,'[2]12월'!$AH$26,'[2]12월'!$AN$26,'[2]12월'!$AO$26,'[2]12월'!$BA$26,'[2]12월'!$BD$26,'[2]12월'!$BE$26,'[2]12월'!$BF$26))/1000 -> 16.456465 | V39: =+U39-T39 -> 84.545394 | W39: =+('[3]12월'!$F$26-SUM('[3]12월'!$Z$26,'[3]12월'!$AH$26,'[3]12월'!$AN$26,'[3]12월'!$AO$26,'[3]12월'!$BA$26,'[3]12월'!$BD$26,'[3]12월'!$BE$26,'[3]12월'!$BF$26))/1000 -> -24.335643 | X39: =+U39-W39 -> 40.792108
N40: =+K40-M40 -> 0 | Q40: =+P40-O40 -> 0 | S40: =+P40-R40 -> 0 | V40: =+U40-T40 -> 0
H41: 기타 계 | J41: =SUM(J33:J40) -> 0 | K41: =SUM(K33:K40) -> 0 | L41: =+K41-J41 -> 0 | M41: =SUM(M33:M40) -> 0 | N41: =+K41-M41 -> 0 | O41: =SUM(O33:O40) -> 164.9075 | P41: =SUM(P33:P40) -> 165.21179 | Q41: =+P41-O41 -> 0.30428967 | R41: =SUM(R33:R40) -> 171.20834 | S41: =+P41-R41 -> -5.996551 | T41: =SUM(T33:T40) -> -1134.6391 | U41: =SUM(U33:U40) -> -1306.1298 | V41: =+U41-T41 -> -171.49071 | W41: =SUM(W33:W40) -> -2835.0882 | X41: =+U41-W41 -> 1528.9584
U42: 19 | V42: 12.4
G43: =+P43/O43 -> 0.80872264 | H43: 합계 | O43: =+O27+O32+O28+O41 -> 44594.197 | P43: =+P27+P32+P28+P41 -> 36064.337 | Q43: =+P43-O43 -> -8529.8605 | R43: =+R27+R32+R28+R41 -> 39037.472 | S43: =+P43-R43 -> -2973.135 | T43: =+T27+T32+T28+T41 -> 3951.3241 | U43: =+U27+U32+U28+U41 -> -1306.2103 | V43: =+U43-T43 -> -5257.5344 | W43: =+W27+W32+W28+W41 -> -3485.1119 | X43: =+U43-W43 -> 2178.9016
G44: =+U43/T43 -> -0.33057535 | P44: =+P43/O43 -> 0.80872264 | T44: =+T43/O43 -> 0.088606238 | U44: =+U43/P43 -> -0.036218892
I46: 확인 | J46: =+'[1]12월'!$Z$7/1000 -> 307.5 | K46: =+'[2]12월'!$AI$7/1000 -> 272.289 | M46: =+'[3]12월'!$Z$7/1000 -> 283.9095 | O46: =+'[1]12월'!$E$8/1000 -> 44594.197 | P46: =+'[2]12월'!$F$8/1000 -> 36064.337 | R46: =+'[3]12월'!$F$8/1000 -> 39037.472 | T46: =+'[1]12월'!$E$26/1000 -> 3951.3241 | U46: =+'[2]12월'!$F$26/1000 -> -1306.2103 | W46: =+'[3]12월'!$F$26/1000 -> -3485.1119
J47: =+J46-J27 -> 0 | K47: =+K46-K27 -> 0 | M47: =+M46-M27 -> 0 | O47: =+O46-O43 -> 0 | P47: =+P46-P43 -> 0 | R47: =+R46-R43 -> 0 | T47: =+T46-T43 -> 4.0927262e-12 | U47: =+U46-U43 -> 0 | W47: =+W46-W43 -> 0
S50: 레미콘 | T50: =(+T27+T35)/100 -> 34.349585 | U50: =(+U27+U35)/100 -> -15.214074 | V50: =+U50-T50 -> -49.563659 | W50: =+U50/T50-1 -> -1.4429187
S51: 건자재 | T51: =+T28/100 -> 1.3904025 | U51: =+U28/100 -> -1.0110207 | V51: =+U51-T51 -> -2.4014232 | Y51: - OPC 소급분 : 삼표 2.5억(총 9.9억 中 1회차) → 8~12월 총 4회 소급예정
S52: 골재 | T52: =+T32/100 -> 2.9884234 | U52: =+U32/100 -> -4.6720224 | V52: =+U52-T52 -> -7.6604457
S53: 임대 | T53: =(T33+T34)/100 -> 1.4998369 | U53: =(U33+U34)/100 -> 1.512218 | V53: =+U53-T53 -> 0.012381077
S54: 기타 | T54: =(T46/100)-T50-T51-T52-T53 -> -0.71500726 | U54: =(U46/100)-U50-U51-U52-U53 -> 6.3227959 | V54: =+U54-T54 -> 7.0378031
T55: =SUM(T53:T54) -> 0.78482966 | U55: =SUM(U53:U54) -> 7.8350139 | V55: =SUM(V53:V54) -> 7.0501842
T56: =SUM(T50:T54) -> 39.513241 | U56: =SUM(U50:U54) -> -13.062103 | V56: =+U56-T56 -> -52.575344
S58: 임대 | T58: =+(T33+T34)/100 -> 1.4998369 | U58: =+(U33+U34)/100 -> 1.512218 | V58: =+U58-T58 -> 0.012381077
S59: =+I36 -> OPC 소급분 | T59: =+T36/100 -> 0 | U59: =+U36/100 -> 3 | V59: =+U59-T59 -> 3
S60: =+I37 -> 대손 | T60: =+T37/100 -> 0 | U60: =+U37/100 -> 3.1951271 | V60: =+U60-T60 -> 3.1951271
S61: =+I38 -> 미운영 공장 | T61: =+T38/100 -> -0.034117974 | U61: =+U38/100 -> -0.03689587 | V61: =+U61-T61 -> -0.0027778956
S62: =+I39 -> 기타 | T62: =+T39/100 -> -0.68088929 | U62: =+U39/100 -> 0.16456465 | V62: =+U62-T62 -> 0.84545394
T63: =SUM(T58:T62) -> 0.78482966 | U63: =SUM(U58:U62) -> 7.8350139 | V63: =SUM(V58:V62) -> 7.0501842

Sheet 사업장별(누계)
H3: □ 사업장별 손익실적(2024-12누계)
AG4: [단위 : 천㎥, 톤, 백만원]
H5: 구분 | J5: 물량 | O5: 매출 | T5: 영업이익(공통비 배부전) | Y5: 판매단가 | AB5: 변동비 | AE5: 공헌이익
A6: 2024년 12월 마감 손익 | J6: 계획 | K6: 실적 | L6: 차이 | M6: 전년 | N6: 차이 | O6: 계획 | P6: 실적 | Q6: 차이 | R6: 전년 | S6: 차이 | T6: 계획 | U6: 실적 | V6: 차이 | W6: 전년 | X6: 차이 | Y6: 계획 | Z6: 실적 | AA6: 전년 | AB6: 계획 | AC6: 실적 | AD6: 전년 | AE6: 계획 | AF6: 실적 | AG6: 전년
B7: 안양 | F7: =+U7/T7 -> 0.5506912 | G7: =+K7/J7 -> 0.893814 | H7: 레미콘 | I7: 안양 | J7: =+'사업장별(당월)'!J7+'[4]사업장별(누계)'!J7 -> 500 | K7: =+'사업장별(당월)'!K7+'[4]사업장별(누계)'!K7 -> 446.907 | L7: =+K7-J7 -> -53.093 | M7: =+'사업장별(당월)'!M7+'[4]사업장별(누계)'!M7 -> 544.765 | N7: =+K7-M7 -> -97.858 | O7: =+'사업장별(당월)'!O7+'[4]사업장별(누계)'!O7 -> 50250.119 | P7: =+'사업장별(당월)'!P7+'[4]사업장별(누계)'!P7 -> 44168.65 | Q7: =+P7-O7 -> -6081.4697 | R7: =+'사업장별(당월)'!R7+'[4]사업장별(누계)'!R7 -> 50719.371 | S7: =+P7-R7 -> -6550.7215 | T7: =+'사업장별(당월)'!T7+'[4]사업장별(누계)'!T7 -> 6989.3154 | U7: =+'사업장별(당월)'!U7+'[4]사업장별(누계)'!U7 -> 3848.9545 | V7: =+U7-T7 -> -3140.3609 | W7: =+'사업장별(당월)'!W7+'[4]사업장별(누계)'!W7 -> 6550.2457 | X7: =+U7-W7 -> -2701.2912 | Y7: =+[11]안양!$Q$85 -> 100500.24 | Z7: =+[11]안양!$R$85 -> 98828.586 | AA7: =+[12]안양!$Q$85 -> 93081.061 | AB7: =+[11]안양!$Q$89 -> 79231.068 | AC7: =+[11]안양!$R$89 -> 81804.462 | AD7: =+[12]안양!$Q$89 -> 74052.677 | AE7: =+Y7-AB7 -> 21269.171 | AF7: =+Z7-AC7 -> 17024.125 | AG7: =+AA7-AD7 -> 19028.384 | AI7: =+U7/T7-1 -> -0.4493088 | AJ7: =+U7/T7 -> 0.5506912 | AK7: =+Z7-Y7 -> -1671.6524 | AL7: =+AC7-AB7 -> 2573.394 | AM7: =+AF7-AE7 -> -4245.0464
B8: 인천 | F8: =+U8/T8 -> 0.36086237 | G8: =+K8/J8 -> 0.86037895 | H8: 직영 | I8: 인천 | J8: =+'사업장별(당월)'!J8+'[4]사업장별(누계)'!J8 -> 380 | K8: =+'사업장별(당월)'!K8+'[4]사업장별(누계)'!K8 -> 326.944 | L8: =+K8-J8 -> -53.056 | M8: =+'사업장별(당월)'!M8+'[4]사업장별(누계)'!M8 -> 437.945 | N8: =+K8-M8 -> -111.001 | O8: =+'사업장별(당월)'!O8+'[4]사업장별(누계)'!O8 -> 39128.8 | P8: =+'사업장별(당월)'!P8+'[4]사업장별(누계)'!P8 -> 32487.436 | Q8: =+P8-O8 -> -6641.3644 | R8: =+'사업장별(당월)'!R8+'[4]사업장별(누계)'!R8 -> 42191.154 | S8: =+P8-R8 -> -9703.718 | T8: =+'사업장별(당월)'!T8+'[4]사업장별(누계)'!T8 -> 4669.8056 | U8: =+'사업장별(당월)'!U8+'[4]사업장별(누계)'!U8 -> 1685.1571 | V8: =+U8-T8 -> -2984.6485 | W8: =+'사업장별(당월)'!W8+'[4]사업장별(누계)'!W8 -> 4579.4671 | X8: =+U8-W8 -> -2894.31 | Y8: =+[11]인천!$Q$85 -> 102970.53 | Z8: =+[11]인천!$R$85 -> 99370.184 | AA8: =+[12]인천!$Q$85 -> 96316.253 | AB8: =+[11]인천!$Q$89 -> 81332.759 | AC8: =+[11]인천!$R$89 -> 83063.772 | AD8: =+[12]인천!$Q$89 -> 77106.068 | AE8: =+Y8-AB8 -> 21637.768 | AF8: =+Z8-AC8 -> 16306.412 | AG8: =+AA8-AD8 -> 19210.184 | AI8: =+U8/T8-1 -> -0.63913763 | AK8: =+Z8-Y8 -> -3600.3423 | AL8: =+AC8-AB8 -> 1731.0131 | AM8: =+AF8-AE8 -> -5331.3555
B9: 파주 | F9: =+U9/T9 -> 0.42226919 | G9: =+K9/J9 -> 0.97362759 | I9: 파주 | J9: =+'사업장별(당월)'!J9+'[4]사업장별(누계)'!J9 -> 290 | K9: =+'사업장별(당월)'!K9+'[4]사업장별(누계)'!K9 -> 282.352 | L9: =+K9-J9 -> -7.648 | M9: =+'사업장별(당월)'!M9+'[4]사업장별(누계)'!M9 -> 319.151 | N9: =+K9-M9 -> -36.799 | O9: =+'사업장별(당월)'!O9+'[4]사업장별(누계)'!O9 -> 28710 | P9: =+'사업장별(당월)'!P9+'[4]사업장별(누계)'!P9 -> 27203.18 | Q9: =+P9-O9 -> -1506.8199 | R9: =+'사업장별(당월)'!R9+'[4]사업장별(누계)'!R9 -> 29900.26 | S9: =+P9-R9 -> -2697.0796 | T9: =+'사업장별(당월)'!T9+'[4]사업장별(누계)'!T9 -> 3820.6954 | U9: =+'사업장별(당월)'!U9+'[4]사업장별(누계)'!U9 -> 1613.3619 | V9: =+U9-T9 -> -2207.3334 | W9: =+'사업장별(당월)'!W9+'[4]사업장별(누계)'!W9 -> 2798.536 | X9: =+U9-W9 -> -1185.1741 | Y9: =+[11]파주!$Q$85 -> 99000 | Z9: =+[11]파주!$R$85 -> 96350.004 | AA9: =+[12]파주!$Q$85 -> 93667.602 | AB9: =+[11]파주!$Q$89 -> 76707.816 | AC9: =+[11]파주!$R$89 -> 80693.655 | AD9: =+[12]파주!$Q$89 -> 75977.981 | AE9: =+Y9-AB9 -> 22292.184 | AF9: =+Z9-AC9 -> 15656.349 | AG9: =+AA9-AD9 -> 17689.621 | AI9: =+U9/T9-1 -> -0.57773081 | AK9: =+Z9-Y9 -> -2649.9959 | AL9: =+AC9-AB9 -> 3985.8389 | AM9: =+AF9-AE9 -> -6635.8348
B10: 김포 | F10: =+U10/T10 -> 0.40571792 | G10: =+K10/J10 -> 0.78575135 | I10: 김포 | J10: =+'사업장별(당월)'!J10+'[4]사업장별(누계)'!J10 -> 185 | K10: =+'사업장별(당월)'!K10+'[4]사업장별(누계)'!K10 -> 145.364 | L10: =+K10-J10 -> -39.636 | M10: =+'사업장별(당월)'!M10+'[4]사업장별(누계)'!M10 -> 192.68068 | N10: =+K10-M10 -> -47.31668 | O10: =+'사업장별(당월)'!O10+'[4]사업장별(누계)'!O10 -> 17729.025 | P10: =+'사업장별(당월)'!P10+'[4]사업장별(누계)'!P10 -> 14094.89 | Q10: =+P10-O10 -> -3634.1358 | R10: =+'사업장별(당월)'!R10+'[4]사업장별(누계)'!R10 -> 17529.715 | S10: =+P10-R10 -> -3434.8253 | T10: =+'사업장별(당월)'!T10+'[4]사업장별(누계)'!T10 -> 2436.1358 | U10: =+'사업장별(당월)'!U10+'[4]사업장별(누계)'!U10 -> 988.38396 | V10: =+U10-T10 -> -1447.7519 | W10: =+'사업장별(당월)'!W10+'[4]사업장별(누계)'!W10 -> 1993.4199 | X10: =+U10-W10 -> -1005.0359 | Y10: =+[11]김포!$Q$85 -> 95832.57 | Z10: =+[11]김포!$R$85 -> 96982.546 | AA10: =+[12]김포!$Q$85 -> 90947.334 | AB10: =+[11]김포!$Q$89 -> 71988.842 | AC10: =+[11]김포!$R$89 -> 76390.145 | AD10: =+[12]김포!$Q$89 -> 69501.601 | AE10: =+Y10-AB10 -> 23843.728 | AF10: =+Z10-AC10 -> 20592.4 | AG10: =+AA10-AD10 -> 21445.732 | AI10: =+U10/T10-1 -> -0.59428208 | AK10: =+Z10-Y10 -> 1149.9753 | AL10: =+AC10-AB10 -> 4401.3034 | AM10: =+AF10-AE10 -> -3251.3282
B11: 부산 | F11: =+U11/T11 -> 0.58068384 | G11: =+K11/J11 -> 0.934806 | I11: 부산 | J11: =+'사업장별(당월)'!J11+'[4]사업장별(누계)'!J11 -> 250 | K11: =+'사업장별(당월)'!K11+'[4]사업장별(누계)'!K11 -> 233.7015 | L11: =+K11-J11 -> -16.2985 | M11: =+'사업장별(당월)'!M11+'[4]사업장별(누계)'!M11 -> 277.287 | N11: =+K11-M11 -> -43.5855 | O11: =+'사업장별(당월)'!O11+'[4]사업장별(누계)'!O11 -> 26900.016 | P11: =+'사업장별(당월)'!P11+'[4]사업장별(누계)'!P11 -> 25325.075 | Q11: =+P11-O11 -> -1574.9411 | R11: =+'사업장별(당월)'!R11+'[4]사업장별(누계)'!R11 -> 28633.863 | S11: =+P11-R11 -> -3308.788 | T11: =+'사업장별(당월)'!T11+'[4]사업장별(누계)'!T11 -> 3992.3074 | U11: =+'사업장별(당월)'!U11+'[4]사업장별(누계)'!U11 -> 2318.2684 | V11: =+U11-T11 -> -1674.039 | W11: =+'사업장별(당월)'!W11+'[4]사업장별(누계)'!W11 -> 4450.033 | X11: =+U11-W11 -> -2131.7646 | Y11: =+[11]부산!$Q$85 -> 107600.07 | Z11: =+[11]부산!$R$85 -> 108365.05 | AA11: =+[12]부산!$Q$85 -> 103264.36 | AB11: =+[11]부산!$Q$89 -> 78876.236 | AC11: =+[11]부산!$R$89 -> 84633.087 | AD11: =+[12]부산!$Q$89 -> 75618.331 | AE11: =+Y11-AB11 -> 28723.829 | AF11: =+Z11-AC11 -> 23731.965 | AG11: =+AA11-AD11 -> 27646.024 | AI11: =+U11/T11-1 -> -0.41931616 | AK11: =+Z11-Y11 -> 764.98678 | AL11: =+AC11-AB11 -> 5756.8517 | AM11: =+AF11-AE11 -> -4991.8649
B12: 서부산 | F12: =+U12/T12 -> 0.48801075 | G12: =+K12/J12 -> 0.8661069 | I12: 서부산 | J12: =+'사업장별(당월)'!J12+'[4]사업장별(누계)'!J12 -> 290 | K12: =+'사업장별(당월)'!K12+'[4]사업장별(누계)'!K12 -> 251.171 | L12: =+K12-J12 -> -38.829 | M12: =+'사업장별(당월)'!M12+'[4]사업장별(누계)'!M12 -> 271.225 | N12: =+K12-M12 -> -20.054 | O12: =+'사업장별(당월)'!O12+'[4]사업장별(누계)'!O12 -> 30159.998 | P12: =+'사업장별(당월)'!P12+'[4]사업장별(누계)'!P12 -> 25076.528 | Q12: =+P12-O12 -> -5083.4698 | R12: =+'사업장별(당월)'!R12+'[4]사업장별(누계)'!R12 -> 27040.177 | S12: =+P12-R12 -> -1963.6485 | T12: =+'사업장별(당월)'!T12+'[4]사업장별(누계)'!T12 -> 5283.843 | U12: =+'사업장별(당월)'!U12+'[4]사업장별(누계)'!U12 -> 2578.5722 | V12: =+U12-T12 -> -2705.2708 | W12: =+'사업장별(당월)'!W12+'[4]사업장별(누계)'!W12 -> 4306.6418 | X12: =+U12-W12 -> -1728.0696 | Y12: =+[11]서부산!$Q$85 -> 103999.99 | Z12: =+[11]서부산!$R$85 -> 99839.195 | AA12: =+[12]서부산!$Q$85 -> 99696.475 | AB12: =+[11]서부산!$Q$89 -> 76888.306 | AC12: =+[11]서부산!$R$89 -> 78610.502 | AD12: =+[12]서부산!$Q$89 -> 74152.25 | AE12: =+Y12-AB12 -> 27111.687 | AF12: =+Z12-AC12 -> 21228.693 | AG12: =+AA12-AD12 -> 25544.226 | AI12: =+U12/T12-1 -> -0.51198925 | AK12: =+Z12-Y12 -> -4160.7976 | AL12: =+AC12-AB12 -> 1722.1962 | AM12: =+AF12-AE12 -> -5882.9939
B13: 김해 | F13: =+U13/T13 -> 0.41126879 | G13: =+K13/J13 -> 1.0948483 | I13: 김해 | J13: =+'사업장별(당월)'!J13+'[4]사업장별(누계)'!J13 -> 145 | K13: =+'사업장별(당월)'!K13+'[4]사업장별(누계)'!K13 -> 158.753 | L13: =+K13-J13 -> 13.753 | M13: =+'사업장별(당월)'!M13+'[4]사업장별(누계)'!M13 -> 160.974 | N13: =+K13-M13 -> -2.221 | O13: =+'사업장별(당월)'!O13+'[4]사업장별(누계)'!O13 -> 14645 | P13: =+'사업장별(당월)'!P13+'[4]사업장별(누계)'!P13 -> 15104.726 | Q13: =+P13-O13 -> 459.7254 | R13: =+'사업장별(당월)'!R13+'[4]사업장별(누계)'!R13 -> 15772.531 | S13: =+P13-R13 -> -667.80519 | T13: =+'사업장별(당월)'!T13+'[4]사업장별(누계)'!T13 -> 1814.6138 | U13: =+'사업장별(당월)'!U13+'[4]사업장별(누계)'!U13 -> 746.29403 | V13: =+U13-T13 -> -1068.3198 | W13: =+'사업장별(당월)'!W13+'[4]사업장별(누계)'!W13 -> 1882.8468 | X13: =+U13-W13 -> -1136.5528 | Y13: =+[11]김해!$Q$85 -> 101000 | Z13: =+[11]김해!$R$85 -> 95215.143 | AA13: =+[12]김해!$Q$85 -> 97994.963 | AB13: =+[11]김해!$Q$89 -> 76602.541 | AC13: =+[11]김해!$R$89 -> 78787.119 | AD13: =+[12]김해!$Q$89 -> 74987.778 | AE13: =+Y13-AB13 -> 24397.46 | AF13: =+Z13-AC13 -> 16428.023 | AG13: =+AA13-AD13 -> 23007.185 | AI13: =+U13/T13-1 -> -0.58873121 | AK13: =+Z13-Y13 -> -5784.8589 | AL13: =+AC13-AB13 -> 2184.5779 | AM13: =+AF13-AE13 -> -7969.4368
B14: 정관 | F14: =+U14/T14 -> 0.6607729 | G14: =+K14/J14 -> 1.1299357 | I14: 정관 | J14: =+'사업장별(당월)'!J14+'[4]사업장별(누계)'!J14 -> 210 | K14: =+'사업장별(당월)'!K14+'[4]사업장별(누계)'!K14 -> 237.2865 | L14: =+K14-J14 -> 27.2865 | M14: =+'사업장별(당월)'!M14+'[4]사업장별(누계)'!M14 -> 230.961 | N14: =+K14-M14 -> 6.3255 | O14: =+'사업장별(당월)'!O14+'[4]사업장별(누계)'!O14 -> 21840 | P14: =+'사업장별(당월)'!P14+'[4]사업장별(누계)'!P14 -> 24033.942 | Q14: =+P14-O14 -> 2193.942 | R14: =+'사업장별(당월)'!R14+'[4]사업장별(누계)'!R14 -> 23250.528 | S14: =+P14-R14 -> 783.41446 | T14: =+'사업장별(당월)'!T14+'[4]사업장별(누계)'!T14 -> 3004.7719 | U14: =+'사업장별(당월)'!U14+'[4]사업장별(누계)'!U14 -> 1985.4719 | V14: =+U14-T14 -> -1019.3001 | W14: =+'사업장별(당월)'!W14+'[4]사업장별(누계)'!W14 -> 3331.2089 | X14: =+U14-W14 -> -1345.7371 | Y14: =+[11]정관!$Q$85 -> 104000 | Z14: =+[11]정관!$R$85 -> 101286.6 | AA14: =+[12]정관!$Q$85 -> 100668.63 | AB14: =+[11]정관!$Q$89 -> 78413.857 | AC14: =+[11]정관!$R$89 -> 82252.166 | AD14: =+[12]정관!$Q$89 -> 75650.673 | AE14: =+Y14-AB14 -> 25586.143 | AF14: =+Z14-AC14 -> 19034.431 | AG14: =+AA14-AD14 -> 25017.957 | AI14: =+U14/T14-1 -> -0.3392271 | AK14: =+Z14-Y14 -> -2713.4035 | AL14: =+AC14-AB14 -> 3838.3084 | AM14: =+AF14-AE14 -> -6551.7119
B15: 양산 | F15: =+U15/T15 -> 0.67273777 | G15: =+K15/J15 -> 1.1321769 | I15: 양산 | J15: =+'사업장별(당월)'!J15+'[4]사업장별(누계)'!J15 -> 130 | K15: =+'사업장별(당월)'!K15+'[4]사업장별(누계)'!K15 -> 147.183 | L15: =+K15-J15 -> 17.183 | M15: =+'사업장별(당월)'!M15+'[4]사업장별(누계)'!M15 -> 162.65 | N15: =+K15-M15 -> -15.467 | O15: =+'사업장별(당월)'!O15+'[4]사업장별(누계)'!O15 -> 12585.777 | P15: =+'사업장별(당월)'!P15+'[4]사업장별(누계)'!P15 -> 13741.865 | Q15: =+P15-O15 -> 1156.0886 | R15: =+'사업장별(당월)'!R15+'[4]사업장별(누계)'!R15 -> 15160.63 | S15: =+P15-R15 -> -1418.7644 | T15: =+'사업장별(당월)'!T15+'[4]사업장별(누계)'!T15 -> 1718.4074 | U15: =+'사업장별(당월)'!U15+'[4]사업장별(누계)'!U15 -> 1156.0376 | V15: =+U15-T15 -> -562.36984 | W15: =+'사업장별(당월)'!W15+'[4]사업장별(누계)'!W15 -> 1989.2199 | X15: =+U15-W15 -> -833.18234 | Y15: =+[11]양산!$Q$85 -> 96813.667 | Z15: =+[11]양산!$R$85 -> 93365.845 | AA15: =+[12]양산!$Q$85 -> 93211.35 | AB15: =+[11]양산!$Q$89 -> 70691.221 | AC15: =+[11]양산!$R$89 -> 73601.938 | AD15: =+[12]양산!$Q$89 -> 69411.931 | AE15: =+Y15-AB15 -> 26122.446 | AF15: =+Z15-AC15 -> 19763.907 | AG15: =+AA15-AD15 -> 23799.419 | AI15: =+U15/T15-1 -> -0.32726223 | AK15: =+Z15-Y15 -> -3447.8212 | AL15: =+AC15-AB15 -> 2910.7173 | AM15: =+AF15-AE15 -> -6358.5385
B16: 창원 | F16: =+U16/T16 -> 0.84389185 | G16: =+K16/J16 -> 1.0334605 | I16: 창원 | J16: =+'사업장별(당월)'!J16+'[4]사업장별(누계)'!J16 -> 190 | K16: =+'사업장별(당월)'!K16+'[4]사업장별(누계)'!K16 -> 196.3575 | L16: =+K16-J16 -> 6.3575 | M16: =+'사업장별(당월)'!M16+'[4]사업장별(누계)'!M16 -> 241.665 | N16: =+K16-M16 -> -45.3075 | O16: =+'사업장별(당월)'!O16+'[4]사업장별(누계)'!O16 -> 19189.978 | P16: =+'사업장별(당월)'!P16+'[4]사업장별(누계)'!P16 -> 19774.515 | Q16: =+P16-O16 -> 584.53735 | R16: =+'사업장별(당월)'!R16+'[4]사업장별(누계)'!R16 -> 23139.02 | S16: =+P16-R16 -> -3364.5042 | T16: =+'사업장별(당월)'!T16+'[4]사업장별(누계)'!T16 -> 3135.0155 | U16: =+'사업장별(당월)'!U16+'[4]사업장별(누계)'!U16 -> 2645.614 | V16: =+U16-T16 -> -489.40149 | W16: =+'사업장별(당월)'!W16+'[4]사업장별(누계)'!W16 -> 4212.6639 | X16: =+U16-W16 -> -1567.0499 | Y16: =+[11]창원!$Q$85 -> 100999.88 | Z16: =+[11]창원!$R$85 -> 100706.7 | AA16: =+[12]창원!$Q$85 -> 95748.327 | AB16: =+[11]창원!$Q$89 -> 72392.836 | AC16: =+[11]창원!$R$89 -> 75043.236 | AD16: =+[12]창원!$Q$89 -> 68422.884 | AE16: =+Y16-AB16 -> 28607.049 | AF16: =+Z16-AC16 -> 25663.462 | AG16: =+AA16-AD16 -> 27325.444 | AI16: =+U16/T16-1 -> -0.15610815 | AK16: =+Z16-Y16 -> -293.18673 | AL16: =+AC16-AB16 -> 2650.4004 | AM16: =+AF16-AE16 -> -2943.5871
B17: 대구 | F17: =+U17/T17 -> 0.79180775 | G17: =+K17/J17 -> 1.0002105 | I17: 대구 | J17: =+'사업장별(당월)'!J17+'[4]사업장별(누계)'!J17 -> 190 | K17: =+'사업장별(당월)'!K17+'[4]사업장별(누계)'!K17 -> 190.04 | L17: =+K17-J17 -> 0.04 | M17: =+'사업장별(당월)'!M17+'[4]사업장별(누계)'!M17 -> 233.6025 | N17: =+K17-M17 -> -43.5625 | O17: =+'사업장별(당월)'!O17+'[4]사업장별(누계)'!O17 -> 18576.78 | P17: =+'사업장별(당월)'!P17+'[4]사업장별(누계)'!P17 -> 18889.929 | Q17: =+P17-O17 -> 313.14852 | R17: =+'사업장별(당월)'!R17+'[4]사업장별(누계)'!R17 -> 21812.109 | S17: =+P17-R17 -> -2922.1801 | T17: =+'사업장별(당월)'!T17+'[4]사업장별(누계)'!T17 -> 3222.374 | U17: =+'사업장별(당월)'!U17+'[4]사업장별(누계)'!U17 -> 2551.5007 | V17: =+U17-T17 -> -670.87329 | W17: =+'사업장별(당월)'!W17+'[4]사업장별(누계)'!W17 -> 3768.1727 | X17: =+U17-W17 -> -1216.672 | Y17: =+[11]대구!$Q$85 -> 97772.526 | Z17: =+[11]대구!$R$85 -> 99399.551 | AA17: =+[12]대구!$Q$85 -> 93371.61 | AB17: =+[11]대구!$Q$89 -> 70028.043 | AC17: =+[11]대구!$R$89 -> 74512.502 | AD17: =+[12]대구!$Q$89 -> 67700.232 | AE17: =+Y17-AB17 -> 27744.484 | AF17: =+Z17-AC17 -> 24887.049 | AG17: =+AA17-AD17 -> 25671.377 | AI17: =+U17/T17-1 -> -0.20819225 | AK17: =+Z17-Y17 -> 1627.0249 | AL17: =+AC17-AB17 -> 4484.4594 | AM17: =+AF17-AE17 -> -2857.4345
B18: 울산 | F18: =+U18/T18 -> 1.878932 | G18: =+K18/J18 -> 1.2201182 | I18: 울산 | J18: =+'사업장별(당월)'!J18+'[4]사업장별(누계)'!J18 -> 110 | K18: =+'사업장별(당월)'!K18+'[4]사업장별(누계)'!K18 -> 134.213 | L18: =+K18-J18 -> 24.213 | M18: =+'사업장별(당월)'!M18+'[4]사업장별(누계)'!M18 -> 99.671 | N18: =+K18-M18 -> 34.542 | O18: =+'사업장별(당월)'!O18+'[4]사업장별(누계)'!O18 -> 11056.96 | P18: =+'사업장별(당월)'!P18+'[4]사업장별(누계)'!P18 -> 13929.268 | Q18: =+P18-O18 -> 2872.3084 | R18: =+'사업장별(당월)'!R18+'[4]사업장별(누계)'!R18 -> 9524.286 | S18: =+P18-R18 -> 4404.9824 | T18: =+'사업장별(당월)'!T18+'[4]사업장별(누계)'!T18 -> 762.35532 | U18: =+'사업장별(당월)'!U18+'[4]사업장별(누계)'!U18 -> 1432.4138 | V18: =+U18-T18 -> 670.05849 | W18: =+'사업장별(당월)'!W18+'[4]사업장별(누계)'!W18 -> 449.68848 | X18: =+U18-W18 -> 982.72533 | Y18: =+[11]울산!$Q$85 -> 100517.82 | Z18: =+[11]울산!$R$85 -> 103784.79 | AA18: =+[12]울산!$Q$85 -> 95568.808 | AB18: =+[11]울산!$Q$89 -> 78953.17 | AC18: =+[11]울산!$R$89 -> 80835.204 | AD18: =+[12]울산!$Q$89 -> 74821.787 | AE18: =+Y18-AB18 -> 21564.649 | AF18: =+Z18-AC18 -> 22949.589 | AG18: =+AA18-AD18 -> 20747.02 | AI18: =+U18/T18-1 -> 0.878932 | AJ18: =+U18/T18 -> 1.878932 | AK18: =+Z18-Y18 -> 3266.9746 | AL18: =+AC18-AB18 -> 1882.0346 | AM18: =+AF18-AE18 -> 1384.94
B19: 아산 | F19: =+U19/T19 -> 1.0077685 | G19: =+K19/J19 -> 1.1340875 | I19: 아산 | J19: =+'사업장별(당월)'!J19+'[4]사업장별(누계)'!J19 -> 280 | K19: =+'사업장별(당월)'!K19+'[4]사업장별(누계)'!K19 -> 317.5445 | L19: =+K19-J19 -> 37.5445 | M19: =+'사업장별(당월)'!M19+'[4]사업장별(누계)'!M19 -> 305.731 | N19: =+K19-M19 -> 11.8135 | O19: =+'사업장별(당월)'!O19+'[4]사업장별(누계)'!O19 -> 28280.023 | P19: =+'사업장별(당월)'!P19+'[4]사업장별(누계)'!P19 -> 32020.142 | Q19: =+P19-O19 -> 3740.119 | R19: =+'사업장별(당월)'!R19+'[4]사업장별(누계)'!R19 -> 29270.653 | S19: =+P19-R19 -> 2749.4894 | T19: =+'사업장별(당월)'!T19+'[4]사업장별(누계)'!T19 -> 4154.4139 | U19: =+'사업장별(당월)'!U19+'[4]사업장별(누계)'!U19 -> 4186.6874 | V19: =+U19-T19 -> 32.273491 | W19: =+'사업장별(당월)'!W19+'[4]사업장별(누계)'!W19 -> 4413.5563 | X19: =+U19-W19 -> -226.86896 | Y19: =+[11]아산!$Q$85 -> 101000.08 | Z19: =+[11]아산!$R$85 -> 100779.84 | AA19: =+[12]아산!$Q$85 -> 95764.347 | AB19: =+[11]아산!$Q$89 -> 77025.019 | AC19: =+[11]아산!$R$89 -> 77860.035 | AD19: =+[12]아산!$Q$89 -> 72036.358 | AE19: =+Y19-AB19 -> 23975.065 | AF19: =+Z19-AC19 -> 22919.805 | AG19: =+AA19-AD19 -> 23727.989 | AI19: =+U19/T19-1 -> 0.0077684823 | AJ19: =+U19/T19 -> 1.0077685
B20: 전주 | F20: =+U20/T20 -> 0.27525903 | G20: =+K20/J20 -> 0.74710357 | I20: 전주 | J20: =+'사업장별(당월)'!J20+'[4]사업장별(누계)'!J20 -> 140 | K20: =+'사업장별(당월)'!K20+'[4]사업장별(누계)'!K20 -> 104.5945 | L20: =+K20-J20 -> -35.4055 | M20: =+'사업장별(당월)'!M20+'[4]사업장별(누계)'!M20 -> 129.7835 | N20: =+K20-M20 -> -25.189 | O20: =+'사업장별(당월)'!O20+'[4]사업장별(누계)'!O20 -> 14349.934 | P20: =+'사업장별(당월)'!P20+'[4]사업장별(누계)'!P20 -> 10098.437 | Q20: =+P20-O20 -> -4251.4969 | R20: =+'사업장별(당월)'!R20+'[4]사업장별(누계)'!R20 -> 12573.946 | S20: =+P20-R20 -> -2475.5088 | T20: =+'사업장별(당월)'!T20+'[4]사업장별(누계)'!T20 -> 2325.1445 | U20: =+'사업장별(당월)'!U20+'[4]사업장별(누계)'!U20 -> 640.01701 | V20: =+U20-T20 -> -1685.1274 | W20: =+'사업장별(당월)'!W20+'[4]사업장별(누계)'!W20 -> 1805.491 | X20: =+U20-W20 -> -1165.474 | Y20: =+[11]전주!$Q$85 -> 102499.53 | Z20: =+[11]전주!$R$85 -> 96550.173 | AA20: =+[12]전주!$Q$85 -> 96959.889 | AB20: =+[11]전주!$Q$89 -> 73490.37 | AC20: =+[11]전주!$R$89 -> 72741.123 | AD20: =+[12]전주!$Q$89 -> 69016.785 | AE20: =+Y20-AB20 -> 29009.16 | AF20: =+Z20-AC20 -> 23809.049 | AG20: =+AA20-AD20 -> 27943.104 | AI20: =+U20/T20-1 -> -0.72474097
B21: 군산 | F21: =+U21/T21 -> 1.3364352 | G21: =+K21/J21 -> 1.2292687 | I21: 군산 | J21: =+'사업장별(당월)'!J21+'[4]사업장별(누계)'!J21 -> 80 | K21: =+'사업장별(당월)'!K21+'[4]사업장별(누계)'!K21 -> 98.3415 | L21: =+K21-J21 -> 18.3415 | M21: =+'사업장별(당월)'!M21+'[4]사업장별(누계)'!M21 -> 94.5315 | N21: =+K21-M21 -> 3.81 | O21: =+'사업장별(당월)'!O21+'[4]사업장별(누계)'!O21 -> 8720.0097 | P21: =+'사업장별(당월)'!P21+'[4]사업장별(누계)'!P21 -> 11049.972 | Q21: =+P21-O21 -> 2329.9621 | R21: =+'사업장별(당월)'!R21+'[4]사업장별(누계)'!R21 -> 9455.6124 | S21: =+P21-R21 -> 1594.3594 | T21: =+'사업장별(당월)'!T21+'[4]사업장별(누계)'!T21 -> 2187.8865 | U21: =+'사업장별(당월)'!U21+'[4]사업장별(누계)'!U21 -> 2923.9684 | V21: =+U21-T21 -> 736.08195 | W21: =+'사업장별(당월)'!W21+'[4]사업장별(누계)'!W21 -> 2178.8395 | X21: =+U21-W21 -> 745.12894 | Y21: =+[11]군산!$Q$85 -> 109000.12 | Z21: =+[11]군산!$R$85 -> 112375.86 | AA21: =+[12]군산!$Q$85 -> 99942.58 | AB21: =+[11]군산!$Q$89 -> 69886.433 | AC21: =+[11]군산!$R$89 -> 72449.184 | AD21: =+[12]군산!$Q$89 -> 65770.95 | AE21: =+Y21-AB21 -> 39113.688 | AF21: =+Z21-AC21 -> 39926.677 | AG21: =+AA21-AD21 -> 34171.63 | AI21: =+U21/T21-1 -> 0.33643517 | AJ21: =+U21/T21 -> 1.3364352
B22: 원주 | F22: =+U22/T22 -> 1.3096612 | G22: =+K22/J22 -> 1.0746833 | I22: 원주 | J22: =+'사업장별(당월)'!J22+'[4]사업장별(누계)'!J22 -> 60 | K22: =+'사업장별(당월)'!K22+'[4]사업장별(누계)'!K22 -> 64.481 | L22: =+K22-J22 -> 4.481 | M22: =+'사업장별(당월)'!M22+'[4]사업장별(누계)'!M22 -> 59.036 | N22: =+K22-M22 -> 5.445 | O22: =+'사업장별(당월)'!O22+'[4]사업장별(누계)'!O22 -> 6474 | P22: =+'사업장별(당월)'!P22+'[4]사업장별(누계)'!P22 -> 7251.5746 | Q22: =+P22-O22 -> 777.57457 | R22: =+'사업장별(당월)'!R22+'[4]사업장별(누계)'!R22 -> 6026.7527 | S22: =+P22-R22 -> 1224.8219 | T22: =+'사업장별(당월)'!T22+'[4]사업장별(누계)'!T22 -> 1044.9435 | U22: =+'사업장별(당월)'!U22+'[4]사업장별(누계)'!U22 -> 1368.5219 | V22: =+U22-T22 -> 323.57845 | W22: =+'사업장별(당월)'!W22+'[4]사업장별(누계)'!W22 -> 911.02585 | X22: =+U22-W22 -> 457.49608 | Y22: =+[11]원주!$Q$85 -> 107900 | Z22: =+[11]원주!$R$85 -> 112465.4 | AA22: =+[12]원주!$Q$85 -> 102089.73 | AB22: =+[11]원주!$Q$89 -> 73463.226 | AC22: =+[11]원주!$R$89 -> 74063.851 | AD22: =+[12]원주!$Q$89 -> 69160.182 | AE22: =+Y22-AB22 -> 34436.774 | AF22: =+Z22-AC22 -> 38401.546 | AG22: =+AA22-AD22 -> 32929.547 | AI22: =+U22/T22-1 -> 0.3096612 | AJ22: =+U22/T22 -> 1.3096612
B23: 제주 | F23: =+U23/T23 -> 0.26002146 | G23: =+K23/J23 -> 0.6142 | I23: 제주 | J23: =+'사업장별(당월)'!J23+'[4]사업장별(누계)'!J23 -> 70 | K23: =+'사업장별(당월)'!K23+'[4]사업장별(누계)'!K23 -> 42.994 | L23: =+K23-J23 -> -27.006 | M23: =+'사업장별(당월)'!M23+'[4]사업장별(누계)'!M23 -> 81.9685 | N23: =+K23-M23 -> -38.9745 | O23: =+'사업장별(당월)'!O23+'[4]사업장별(누계)'!O23 -> 8874.9 | P23: =+'사업장별(당월)'!P23+'[4]사업장별(누계)'!P23 -> 5315.1092 | Q23: =+P23-O23 -> -3559.7908 | R23: =+'사업장별(당월)'!R23+'[4]사업장별(누계)'!R23 -> 9785.5747 | S23: =+P23-R23 -> -4470.4655 | T23: =+'사업장별(당월)'!T23+'[4]사업장별(누계)'!T23 -> 1415.4948 | U23: =+'사업장별(당월)'!U23+'[4]사업장별(누계)'!U23 -> 368.05902 | V23: =+U23-T23 -> -1047.4358 | W23: =+'사업장별(당월)'!W23+'[4]사업장별(누계)'!W23 -> 1769.8158 | X23: =+U23-W23 -> -1401.7568 | Y23: =+[11]제주!$Q$85 -> 126784.29 | Z23: =+[11]제주!$R$85 -> 123624.44 | AA23: =+[12]제주!$Q$85 -> 119419.3 | AB23: =+[11]제주!$Q$89 -> 90825.972 | AC23: =+[11]제주!$R$89 -> 89420.481 | AD23: =+[12]제주!$Q$89 -> 84321.962 | AE23: =+Y23-AB23 -> 35958.313 | AF23: =+Z23-AC23 -> 34203.96 | AG23: =+AA23-AD23 -> 35097.338 | AI23: =+U23/T23-1 -> -0.73997854 | AJ23: =+U23/T23 -> 0.26002146
F24: =+U24/T24 -> 0.45411248 | G24: =+K24/J24 -> 0.88676531 | I24: 수도권 | J24: =SUM(J7:J10) -> 1355 | K24: =SUM(K7:K10) -> 1201.567 | L24: =+K24-J24 -> -153.433 | M24: =SUM(M7:M10) -> 1494.5417 | N24: =+K24-M24 -> -292.97468 | O24: =SUM(O7:O10) -> 135817.94 | P24: =SUM(P7:P10) -> 117954.16 | Q24: =+P24-O24 -> -17863.79 | R24: =SUM(R7:R10) -> 140340.5 | S24: =+P24-R24 -> -22386.344 | T24: =SUM(T7:T10) -> 17915.952 | U24: =SUM(U7:U10) -> 8135.8575 | V24: =+U24-T24 -> -9780.0947 | W24: =SUM(W7:W10) -> 15921.669 | X24: =+U24-W24 -> -7785.8112 | Y24: =+[11]수도권!$Q$85 -> 100234.65 | Z24: =+[11]수도권!$R$85 -> 98175.052 | AA24: =+[12]수도권!$Q$85 -> 93881.756 | AB24: =+[11]수도권!$Q$89 -> 78291.649 | AC24: =+[11]수도권!$R$89 -> 81236.794 | AD24: =+[12]수도권!$Q$89 -> 74767.643 | AE24: =+Y24-AB24 -> 21942.997 | AF24: =+Z24-AC24 -> 16938.258 | AG24: =+AA24-AD24 -> 19114.113 | AI24: =+U24/T24-1 -> -0.54588752 | AK24: =+Z24-Y24 -> -2059.5935 | AL24: =+AC24-AB24 -> 2945.1447 | AM24: =+AF24-AE24 -> -5004.7382
F25: =+U25/T25 -> 0.67211921 | G25: =+K25/J25 -> 1.0222479 | I25: 영남권 | J25: =SUM(J11:J18) -> 1515 | K25: =SUM(K11:K18) -> 1548.7055 | L25: =+K25-J25 -> 33.7055 | M25: =SUM(M11:M18) -> 1678.0355 | N25: =+K25-M25 -> -129.33 | O25: =SUM(O11:O18) -> 154954.51 | P25: =SUM(P11:P18) -> 155875.85 | Q25: =+P25-O25 -> 921.33935 | R25: =SUM(R11:R18) -> 164333.14 | S25: =+P25-R25 -> -8457.2934 | T25: =SUM(T11:T18) -> 22933.688 | U25: =SUM(U11:U18) -> 15414.173 | V25: =+U25-T25 -> -7519.5158 | W25: =SUM(W11:W18) -> 24390.476 | X25: =+U25-W25 -> -8976.3029 | Y25: =+[11]영남권!$Q$85 -> 102280.2 | Z25: =+[11]영남권!$R$85 -> 100664.51 | AA25: =+[12]영남권!$Q$85 -> 97936.196 | AB25: =+[11]영남권!$Q$89 -> 75594.469 | AC25: =+[11]영남권!$R$89 -> 78859.643 | AD25: =+[12]영남권!$Q$89 -> 72543.876 | AE25: =+Y25-AB25 -> 26685.735 | AF25: =+Z25-AC25 -> 21804.868 | AG25: =+AA25-AD25 -> 25392.32 | AI25: =+U25/T25-1 -> -0.32788079 | AK25: =+Z25-Y25 -> -1615.6931 | AL25: =+AC25-AB25 -> 3265.1742 | AM25: =+AF25-AE25 -> -4880.8673
F26: =+U26/T26 -> 0.85256591 | G26: =+K26/J26 -> 0.99675476 | I26: 중부권 | J26: =SUM(J19:J23) -> 630 | K26: =SUM(K19:K23) -> 627.9555 | L26: =+K26-J26 -> -2.0445 | M26: =SUM(M19:M23) -> 671.0505 | N26: =+K26-M26 -> -43.095 | O26: =SUM(O19:O23) -> 66698.867 | P26: =SUM(P19:P23) -> 65735.235 | Q26: =+P26-O26 -> -963.63199 | R26: =SUM(R19:R23) -> 67112.539 | S26: =+P26-R26 -> -1377.3037 | T26: =SUM(T19:T23) -> 11127.883 | U26: =SUM(U19:U23) -> 9487.2538 | V26: =+U26-T26 -> -1640.6293 | W26: =SUM(W19:W23) -> 11078.729 | X26: =+U26-W26 -> -1591.4748 | Y26: =+[11]중부권!$Q$85 -> 105871.22 | Z26: =+[11]중부권!$R$85 -> 104665.49 | AA26: =+[12]중부권!$Q$85 -> 100087.18 | AB26: =+[11]중부권!$Q$89 -> 76527.275 | AC26: =+[11]중부권!$R$89 -> 76562.819 | AD26: =+[12]중부권!$Q$89 -> 71825.071 | AE26: =+Y26-AB26 -> 29343.943 | AF26: =+Z26-AC26 -> 28102.675 | AG26: =+AA26-AD26 -> 28262.113 | AI26: =+U26/T26-1 -> -0.14743409 | AK26: =+Z26-Y26 -> -1205.724 | AL26: =+AC26-AB26 -> 35.543919 | AM26: =+AF26-AE26 -> -1241.2679
F27: =+U27/T27 -> 0.63560711 | G27: =+K27/J27 -> 0.965208 | H27: 레미콘 계 | J27: =SUM(J24:J26) -> 3500 | K27: =SUM(K24:K26) -> 3378.228 | L27: =+K27-J27 -> -121.772 | M27: =SUM(M24:M26) -> 3843.6277 | N27: =+K27-M27 -> -465.39968 | O27: =SUM(O24:O26) -> 357471.32 | P27: =SUM(P24:P26) -> 339565.24 | Q27: =+P27-O27 -> -17906.082 | R27: =SUM(R24:R26) -> 371786.18 | S27: =+P27-R27 -> -32220.942 | T27: =SUM(T24:T26) -> 51977.524 | U27: =SUM(U24:U26) -> 33037.284 | V27: =+U27-T27 -> -18940.24 | W27: =SUM(W24:W26) -> 51390.873 | X27: =+U27-W27 -> -18353.589 | Y27: =+[11]합계!$Q$85 -> 102134.66 | Z27: =+[11]합계!$R$85 -> 100523.03 | AA27: =+[12]합계!$Q$85 -> 96729.942 | AB27: =+[11]합계!$Q$89 -> 76806.568 | AC27: =+[11]합계!$R$89 -> 79276.383 | AD27: =+[12]합계!$Q$89 -> 73284.064 | AE27: =+Y27-AB27 -> 25328.095 | AF27: =+Z27-AC27 -> 21246.651 | AG27: =+AA27-AD27 -> 23445.878 | AI27: =+U27/T27-1 -> -0.36439289 | AK27: =+Z27-Y27 -> -1611.6298 | AL27: =+AC27-AB27 -> 2469.8146 | AM27: =+AF27-AE27 -> -4081.4444
B28: 건자재 | E28: 건자재영업 | G28: =+K28/J28 -> 1.1684912 | H28: 건자재 | J28: =+'사업장별(당월)'!J28+'[4]사업장별(누계)'!J28 -> 90000 | K28: =+'사업장별(당월)'!K28+'[4]사업장별(누계)'!K28 -> 105164.21 | L28: =+K28-J28 -> 15164.211 | M28: =+'사업장별(당월)'!M28+'[4]사업장별(누계)'!M28 -> 96546.947 | N28: =+K28-M28 -> 8617.264 | O28: =+'사업장별(당월)'!O28+'[4]사업장별(누계)'!O28 -> 110033.79 | P28: =+'사업장별(당월)'!P28+'[4]사업장별(누계)'!P28 -> 103999.85 | Q28: =+P28-O28 -> -6033.9467 | R28: =+'사업장별(당월)'!R28+'[4]사업장별(누계)'!R28 -> 118368.38 | S28: =+P28-R28 -> -14368.53 | T28: =+'사업장별(당월)'!T28+'[4]사업장별(누계)'!T28 -> 1300.4307 | U28: =+'사업장별(당월)'!U28+'[4]사업장별(누계)'!U28 -> 500.75828 | V28: =+U28-T28 -> -799.6724 | W28: =+'사업장별(당월)'!W28+'[4]사업장별(누계)'!W28 -> 781.64686 | X28: =+U28-W28 -> -280.88858 | Y28: ■ 비고
B29: 부산모래장 | C29: 부산골재 | G29: =+P28/O28 -> 0.94516279 | H29: 골재 | I29: 부산모래장 | J29: =+'사업장별(당월)'!J29+'[4]사업장별(누계)'!J29 -> 300.00018 | K29: =+'사업장별(당월)'!K29+'[4]사업장별(누계)'!K29 -> 238.353 | L29: =+K29-J29 -> -61.647176 | M29: =+'사업장별(당월)'!M29+'[4]사업장별(누계)'!M29 -> 309.49 | N29: =+K29-M29 -> -71.137 | O29: =+'사업장별(당월)'!O29+'[4]사업장별(누계)'!O29 -> 8721.9064 | P29: =+'사업장별(당월)'!P29+'[4]사업장별(누계)'!P29 -> 6922.5481 | Q29: =+P29-O29 -> -1799.3583 | R29: =+'사업장별(당월)'!R29+'[4]사업장별(누계)'!R29 -> 9008.1724 | S29: =+P29-R29 -> -2085.6243 | T29: =+'사업장별(당월)'!T29+'[4]사업장별(누계)'!T29 -> 504.52215 | U29: =+'사업장별(당월)'!U29+'[4]사업장별(누계)'!U29 -> 339.72439 | V29: =+U29-T29 -> -164.79776 | W29: =+'사업장별(당월)'!W29+'[4]사업장별(누계)'!W29 -> 349.85153 | X29: =+U29-W29 -> -10.127139 | Y29: □ 대손 : 275백만원 | AI29: =+T29/100 -> 5.0452215 | AJ29: =+U29/100 -> 3.3972439 | AK29: =+V29/100 -> -1.6479776
B30: 서부산크라샤 | C30: 서부산골재 | I30: 서부산CR | J30: =+'사업장별(당월)'!J30+'[4]사업장별(누계)'!J30 -> 425.99938 | K30: =+'사업장별(당월)'!K30+'[4]사업장별(누계)'!K30 -> 172.092 | L30: =+K30-J30 -> -253.90738 | M30: =+'사업장별(당월)'!M30+'[4]사업장별(누계)'!M30 -> 398.542 | N30: =+K30-M30 -> -226.45 | O30: =+'사업장별(당월)'!O30+'[4]사업장별(누계)'!O30 -> 5334.5644 | P30: =+'사업장별(당월)'!P30+'[4]사업장별(누계)'!P30 -> 2413.663 | Q30: =+P30-O30 -> -2920.9014 | R30: =+'사업장별(당월)'!R30+'[4]사업장별(누계)'!R30 -> 4805.302 | S30: =+P30-R30 -> -2391.639 | T30: =+'사업장별(당월)'!T30+'[4]사업장별(누계)'!T30 -> 1089.7857 | U30: =+'사업장별(당월)'!U30+'[4]사업장별(누계)'!U30 -> -278.72642 | V30: =+U30-T30 -> -1368.5122 | W30: =+'사업장별(당월)'!W30+'[4]사업장별(누계)'!W30 -> 751.30645 | X30: =+U30-W30 -> -1030.0329 | Y30: - 집합대손 : 574백만원 | AI30: =+T30/100 -> 10.897857 | AJ30: =+U30/100 -> -2.7872642 | AK30: =+V30/100 -> -13.685122
B31: 부산크라샤 | C31: 부산크라샤 | I31: 부산CR | J31: =+'사업장별(당월)'!J31+'[4]사업장별(누계)'!J31 -> 499.99988 | K31: =+'사업장별(당월)'!K31+'[4]사업장별(누계)'!K31 -> 429.666 | L31: =+K31-J31 -> -70.333877 | M31: =+'사업장별(당월)'!M31+'[4]사업장별(누계)'!M31 -> 140.068 | N31: =+K31-M31 -> 289.598 | O31: =+'사업장별(당월)'!O31+'[4]사업장별(누계)'!O31 -> 9023.7827 | P31: =+'사업장별(당월)'!P31+'[4]사업장별(누계)'!P31 -> 7733.933 | Q31: =+P31-O31 -> -1289.8497 | R31: =+'사업장별(당월)'!R31+'[4]사업장별(누계)'!R31 -> 2460.752 | S31: =+P31-R31 -> 5273.181 | T31: =+'사업장별(당월)'!T31+'[4]사업장별(누계)'!T31 -> 510.85123 | U31: =+'사업장별(당월)'!U31+'[4]사업장별(누계)'!U31 -> -822.30434 | V31: =+U31-T31 -> -1333.1556 | W31: =+'사업장별(당월)'!W31+'[4]사업장별(누계)'!W31 -> -620.61894 | X31: =+U31-W31 -> -201.6854 | Y31: - 대손환입 : 319백만원 | AI31: =+T31/100 -> 5.1085123 | AJ31: =+U31/100 -> -8.2230434 | AK31: =+V31/100 -> -13.331556
G32: =+K32/J32 -> 0.68524583 | H32: 골재 계 | J32: =SUM(J29:J31) -> 1225.9994 | K32: =SUM(K29:K31) -> 840.111 | L32: =+K32-J32 -> -385.88844 | M32: =SUM(M29:M31) -> 848.1 | N32: =+K32-M32 -> -7.989 | O32: =SUM(O29:O31) -> 23080.254 | P32: =SUM(P29:P31) -> 17070.144 | Q32: =+P32-O32 -> -6010.1094 | R32: =SUM(R29:R31) -> 16274.226 | S32: =+P32-R32 -> 795.91768 | T32: =SUM(T29:T31) -> 2105.1591 | U32: =SUM(U29:U31) -> -761.30637 | V32: =+U32-T32 -> -2866.4655 | W32: =SUM(W29:W31) -> 480.53905 | X32: =+U32-W32 -> -1241.8454 | AI32: =SUM(AI29:AI31) -> 21.051591 | AJ32: =SUM(AJ29:AJ31) -> -7.6130637 | AK32: =SUM(AK29:AK31) -> -28.664655
B33: 포항임대 | C33: 속초임대 | D33: 강릉임대 | E33: 레미콘임대 계 | H33: 기타 | I33: 레미콘임대 | L33: =+K33-J33 -> 0 | N33: =+K33-M33 -> 0 | O33: =+'사업장별(당월)'!O33+'[4]사업장별(누계)'!O33 -> 1090.08 | P33: =+'사업장별(당월)'!P33+'[4]사업장별(누계)'!P33 -> 1090.08 | Q33: =+P33-O33 -> 0 | R33: =+'사업장별(당월)'!R33+'[4]사업장별(누계)'!R33 -> 1021.33 | S33: =+P33-R33 -> 68.75 | T33: =+'사업장별(당월)'!T33+'[4]사업장별(누계)'!T33 -> 817.57517 | U33: =+'사업장별(당월)'!U33+'[4]사업장별(누계)'!U33 -> 771.41686 | V33: =+U33-T33 -> -46.158314 | W33: =+'사업장별(당월)'!W33+'[4]사업장별(누계)'!W33 -> 691.94446 | X33: =+U33-W33 -> 79.472395
B34: 부동산임대 | C34: 주유소임대 | E34: 임대 계 | I34: 임대 | L34: =+K34-J34 -> 0 | M34: 0 | N34: =+K34-M34 -> 0 | O34: =+'사업장별(당월)'!O34+'[4]사업장별(누계)'!O34 -> 868.17 | P34: =+'사업장별(당월)'!P34+'[4]사업장별(누계)'!P34 -> 875.84247 | Q34: =+P34-O34 -> 7.672466 | R34: =+'사업장별(당월)'!R34+'[4]사업장별(누계)'!R34 -> 1116.1273 | S34: =+P34-R34 -> -240.28482 | T34: =+'사업장별(당월)'!T34+'[4]사업장별(누계)'!T34 -> 795.42736 | U34: =+'사업장별(당월)'!U34+'[4]사업장별(누계)'!U34 -> 800.92319 | V34: =+U34-T34 -> 5.495828 | W34: =+'사업장별(당월)'!W34+'[4]사업장별(누계)'!W34 -> 787.04432 | X34: =+U34-W34 -> 13.87887 | AM34: 16
B35: 공 통 비 | G35: ㎥ | I35: 공통비 | L35: =+K35-J35 -> 0 | N35: =+K35-M35 -> 0 | O35: =+'사업장별(당월)'!O35+'[4]사업장별(누계)'!O35 -> 0 | P35: =+'사업장별(당월)'!P35+'[4]사업장별(누계)'!P35 -> 0 | Q35: =+P35-O35 -> 0 | R35: =+'사업장별(당월)'!R35+'[4]사업장별(누계)'!R35 -> 0 | S35: =+P35-R35 -> 0 | T35: =+'사업장별(당월)'!T35+'[4]사업장별(누계)'!T35 -> -16184.901 | U35: =+'사업장별(당월)'!U35+'[4]사업장별(누계)'!U35 -> -17443.479 | V35: =+U35-T35 -> -1258.5787 | W35: =+'사업장별(당월)'!W35+'[4]사업장별(누계)'!W35 -> -15938.368 | X35: =+U35-W35 -> -1505.1112 | AM35: 1
I36: OPC 소급분 | N36: =+K36-M36 -> 0 | O36: =+'사업장별(당월)'!O36+'[4]사업장별(누계)'!O36 -> 0 | P36: =+'사업장별(당월)'!P36+'[4]사업장별(누계)'!P36 -> 0 | Q36: =+P36-O36 -> 0 | R36: =+'사업장별(당월)'!R36+'[4]사업장별(누계)'!R36 -> 0 | S36: =+P36-R36 -> 0 | T36: =+'사업장별(당월)'!T36+'[4]사업장별(누계)'!T36 -> 1329.7 | U36: =+'사업장별(당월)'!U36+'[4]사업장별(누계)'!U36 -> 1291.7882 | V36: =+U36-T36 -> -37.91176 | W36: =+'사업장별(당월)'!W36+'[4]사업장별(누계)'!W36 -> 1028.9851 | X36: =+U36-W36 -> 262.80314 | AM36: =SUM(AM34:AM35) -> 17
I37: 대손 | N37: =+K37-M37 -> 0 | O37: =+'사업장별(당월)'!O37+'[4]사업장별(누계)'!O37 -> 0 | P37: =+'사업장별(당월)'!P37+'[4]사업장별(누계)'!P37 -> 0 | Q37: =+P37-O37 -> 0 | R37: =+'사업장별(당월)'!R37+'[4]사업장별(누계)'!R37 -> 0 | S37: =+P37-R37 -> 0 | T37: =+'사업장별(당월)'!T37+'[4]사업장별(누계)'!T37 -> 0 | U37: =+'사업장별(당월)'!U37+'[4]사업장별(누계)'!U37 -> -254.34662 | V37: =+U37-T37 -> -254.34662 | W37: =+'사업장별(당월)'!W37+'[4]사업장별(누계)'!W37 -> -2957.9954 | X37: =+U37-W37 -> 2703.6487
I38: 미운영 공장 | M38: =SUM(M54:M57) -> 0 | N38: =+K38-M38 -> 0 | O38: =+'사업장별(당월)'!O38+'[4]사업장별(누계)'!O38 -> 0 | P38: =+'사업장별(당월)'!P38+'[4]사업장별(누계)'!P38 -> 0 | Q38: =+P38-O38 -> 0 | R38: =+'사업장별(당월)'!R38+'[4]사업장별(누계)'!R38 -> 188.626 | S38: =+P38-R38 -> -188.626 | T38: =+'사업장별(당월)'!T38+'[4]사업장별(누계)'!T38 -> -346.52851 | U38: =+'사업장별(당월)'!U38+'[4]사업장별(누계)'!U38 -> -408.81052 | V38: =+U38-T38 -> -62.282012 | W38: =+'사업장별(당월)'!W38+'[4]사업장별(누계)'!W38 -> -142.77903 | X38: =+U38-W38 -> -266.0315
B39: 기타 계 | I39: 기타 | L39: =+K39-J39 -> 0 | N39: =+K39-M39 -> 0 | O39: =+'사업장별(당월)'!O39+'[4]사업장별(누계)'!O39 -> 21.24 | P39: =+'사업장별(당월)'!P39+'[4]사업장별(누계)'!P39 -> 20.98485 | Q39: =+P39-O39 -> -0.25515 | R39: =+'사업장별(당월)'!R39+'[4]사업장별(누계)'!R39 -> -13.0193 | S39: =+P39-R39 -> 34.00415 | T39: =+'사업장별(당월)'!T39+'[4]사업장별(누계)'!T39 -> -780.01738 | U39: =+'사업장별(당월)'!U39+'[4]사업장별(누계)'!U39 -> -216.47604 | V39: =+U39-T39 -> 563.54134 | W39: =+'사업장별(당월)'!W39+'[4]사업장별(누계)'!W39 -> -265.85987 | X39: =+U39-W39 -> 49.383834 | AI39: 118774940 | AJ39: -63907430
N40: =+K40-M40 -> 0 | O40: =+'사업장별(당월)'!O40+'[4]사업장별(누계)'!O40 -> 0 | P40: =+'사업장별(당월)'!P40+'[4]사업장별(누계)'!P40 -> 0 | Q40: =+P40-O40 -> 0 | R40: =+'사업장별(당월)'!R40+'[4]사업장별(누계)'!R40 -> 0 | S40: =+P40-R40 -> 0 | T40: =+'사업장별(당월)'!T40+'[4]사업장별(누계)'!T40 -> 0 | U40: =+'사업장별(당월)'!U40+'[4]사업장별(누계)'!U40 -> 0 | V40: =+U40-T40 -> 0 | W40: =+'사업장별(당월)'!W40+'[4]사업장별(누계)'!W40 -> 0 | AI40: 173503008 | AJ40: -310726527
H41: 기타 계 | J41: =SUM(J33:J40) -> 0 | K41: =SUM(K33:K40) -> 0 | L41: =+K41-J41 -> 0 | M41: =SUM(M33:M40) -> 0 | N41: =+K41-M41 -> 0 | O41: =SUM(O33:O40) -> 1979.49 | P41: =SUM(P33:P40) -> 1986.9073 | Q41: =+P41-O41 -> 7.417316 | R41: =SUM(R33:R40) -> 2313.064 | S41: =+P41-R41 -> -326.15667 | T41: =SUM(T33:T40) -> -14368.744 | U41: =SUM(U33:U40) -> -15458.984 | V41: =+U41-T41 -> -1090.2403 | W41: =SUM(W33:W40) -> -16797.029 | X41: =+U41-W41 -> 1338.0443 | AI41: 786272300
AI42: 95057490
G43: =+P43/O43 -> 0.9392106 | H43: 합계 | O43: =+O27+O32+O28+O41 -> 492564.86 | P43: =+P27+P32+P28+P41 -> 462622.14 | Q43: =+P43-O43 -> -29942.721 | R43: =+R27+R32+R28+R41 -> 508741.85 | S43: =+P43-R43 -> -46119.711 | T43: =+T27+T32+T28+T41 -> 41014.369 | U43: =+U27+U32+U28+U41 -> 17317.751 | V43: =+U43-T43 -> -23696.618 | W43: =+W27+W32+W28+W41 -> 35856.03 | X43: =+U43-W43 -> -18538.279 | AI43: =SUM(AI39:AI42) -> 1173607738 | AJ43: =SUM(AJ39:AJ42) -> -374633957 | AK43: =SUM(AI43:AJ43) -> 798973781
G44: =+U43/T43 -> 0.4222362 | P44: =+P43/O43 -> 0.9392106 | T44: =+T43/O43 -> 0.083266942 | U44: =+U43/P43 -> 0.037433901
I46: 확인 | J46: =+'사업장별(당월)'!J46+'[4]사업장별(누계)'!J46 -> 3500 | K46: =+'사업장별(당월)'!K46+'[4]사업장별(누계)'!K46 -> 3378.228 | M46: =+'사업장별(당월)'!M46+'[4]사업장별(누계)'!M46 -> 3843.6277 | O46: =+'사업장별(당월)'!O46+'[4]사업장별(누계)'!O46 -> 492564.86 | P46: =+'사업장별(당월)'!P46+'[4]사업장별(누계)'!P46 -> 462622.14 | R46: =+'사업장별(당월)'!R46+'[4]사업장별(누계)'!R46 -> 508741.85 | T46: =+'사업장별(당월)'!T46+'[4]사업장별(누계)'!T46 -> 41014.369 | U46: =+'사업장별(당월)'!U46+'[4]사업장별(누계)'!U46 -> 17317.751 | W46: =+'사업장별(당월)'!W46+'[4]사업장별(누계)'!W46 -> 35856.03
J47: =+J46-J27 -> 0 | K47: =+K46-K27 -> 0 | M47: =+M46-M27 -> 0 | O47: =+O46-O43 -> 0 | P47: =+P46-P43 -> 0 | R47: =+R46-R43 -> 0 | T47: =+T46-T43 -> 0 | U47: =+U46-U43 -> 0 | W47: =+W46-W43 -> 0 | Z47: 시그마 5백만원
Z48: 공통 상각비 7천만원
Z49: 회계팀 재고자산평가손실 8.3천만원
S50: 레미콘 | T50: =(+T27+T35)/100 -> 357.92623 | U50: =(+U27+U35)/100 -> 155.93804 | V50: =+U50-T50 -> -201.98819 | W50: =+U50/T50-1 -> -0.5643291
S51: 건자재 | T51: =+T28/100 -> 13.004307 | U51: =+U28/100 -> 5.0075828 | V51: =+U51-T51 -> -7.996724
S52: 골재 | T52: =+T32/100 -> 21.051591 | U52: =+U32/100 -> -7.6130637 | V52: =+U52-T52 -> -28.664655
S53: 임대 | T53: =(T33+T34)/100 -> 16.130025 | U53: =(U33+U34)/100 -> 15.7234 | V53: =+U53-T53 -> -0.40662486
S54: 기타 | T54: =(T46/100)-T50-T51-T52-T53 -> 2.0315411 | U54: =(U46/100)-U50-U51-U52-U53 -> 4.1215505 | V54: =+U54-T54 -> 2.0900094
T55: =SUM(T53:T54) -> 18.161566 | U55: =SUM(U53:U54) -> 19.844951 | V55: =SUM(V53:V54) -> 1.6833846
T56: =SUM(T50:T54) -> 410.14369 | U56: =SUM(U50:U54) -> 173.17751 | V56: =+U56-T56 -> -236.96618
S58: 임대 | T58: =+(T33+T34)/100 -> 16.130025 | U58: =+(U33+U34)/100 -> 15.7234 | V58: =+U58-T58 -> -0.40662486
S59: =+I36 -> OPC 소급분 | T59: =+T36/100 -> 13.297 | U59: =+U36/100 -> 12.917882 | V59: =+U59-T59 -> -0.3791176
S60: =+I37 -> 대손 | T60: =+T37/100 -> 0 | U60: =+U37/100 -> -2.5434662 | V60: =+U60-T60 -> -2.5434662
S61: =+I38 -> 미운영 공장 | T61: =+T38/100 -> -3.4652851 | U61: =+U38/100 -> -4.0881052 | V61: =+U61-T61 -> -0.62282012
S62: =+I39 -> 기타 | T62: =+T39/100 -> -7.8001738 | U62: =+U39/100 -> -2.1647604 | V62: =+U62-T62 -> 5.6354134
T63: =SUM(T58:T62) -> 18.161566 | U63: =SUM(U58:U62) -> 19.844951 | V63: =SUM(V58:V62) -> 1.6833846

Sheet 사업장별(당월)_공장 송부용
H3: □ 사업장별 손익실적(2024-12누계)
AG4: [단위 : 천㎥, 톤, 백만원]
H5: 구분 | J5: 물량 | O5: 매출 | T5: 영업이익(공통비 배부전) | Y5: 판매단가 | AB5: 변동비 | AE5: 공헌이익
A6: 2024년 12월 마감 손익 | J6: 계획 | K6: 실적 | L6: 차이 | M6: 전년 | N6: 차이 | O6: 계획 | P6: 실적 | Q6: 차이 | R6: 전년 | S6: 차이 | T6: 계획 | U6: 실적 | V6: 차이 | W6: 전년 | X6: 차이 | Y6: 계획 | Z6: 실적 | AA6: 전년 | AB6: 계획 | AC6: 실적 | AD6: 전년 | AE6: 계획 | AF6: 실적 | AG6: 전년
B7: 안양 | G7: =+I7 -> 안양 | H7: 레미콘 | I7: 안양 | J7: =+IFERROR(HLOOKUP($B7,'[1]12월'!$D$6:$BN$259,2,),)/1000 -> 42 | K7: =+IFERROR(HLOOKUP($B7,'[2]12월'!$F$6:$CP$99,2,),)/1000 -> 34.67 | L7: =+K7-J7 -> -7.33 | M7: =+IFERROR(HLOOKUP($B7,'[3]12월'!$F$6:$CC$57,2,),)/1000 -> 41.036 | N7: =+K7-M7 -> -6.366 | O7: =+IFERROR(HLOOKUP($B7,'[1]12월'!$D$6:$BN$259,3,),)/1000 -> 4277.4152 | P7: =+IFERROR(HLOOKUP($B7,'[2]12월'!$F$6:$CP$99,3,),)/1000 -> 3342.2601 | Q7: =+P7-O7 -> -935.15506 | R7: =+IFERROR(HLOOKUP($B7,'[3]12월'!$F$6:$CC$57,3,),)/1000 -> 3916.1936 | S7: =+P7-R7 -> -573.93351 | T7: =+IFERROR(HLOOKUP($B7,'[1]12월'!$D$6:$BN$259,16,),)/1000 -> 607.52947 | U7: =+IFERROR(HLOOKUP($B7,'[2]12월'!$F$6:$CP$99,16,),)/1000 -> 51.528149 | V7: =+U7-T7 -> -556.00132 | W7: =+IFERROR(HLOOKUP($B7,'[3]12월'!$F$6:$CC$57,16,),)/1000 -> 32.938006 | X7: =+U7-W7 -> 18.590143 | Y7: =+[5]안양!$Q$85 -> 101843.22 | Z7: =+[5]안양!$R$85 -> 96402.081 | AA7: =+[6]안양!$Q$85 -> 95433.123 | AB7: =+[5]안양!$Q$89 -> 80543.283 | AC7: =+[5]안양!$R$89 -> 82908.854 | AD7: =+[6]안양!$Q$89 -> 80364.232 | AE7: =+Y7-AB7 -> 21299.936 | AF7: =+Z7-AC7 -> 13493.227 | AG7: =+AA7-AD7 -> 15068.891
B8: 인천 | G8: =+I8 -> 인천 | H8: 직영 | I8: 인천 | J8: =+IFERROR(HLOOKUP($B8,'[1]12월'!$D$6:$BN$259,2,),)/1000 -> 36 | K8: =+IFERROR(HLOOKUP($B8,'[2]12월'!$F$6:$CP$99,2,),)/1000 -> 30.362 | L8: =+K8-J8 -> -5.638 | M8: =+IFERROR(HLOOKUP($B8,'[3]12월'!$F$6:$CC$57,2,),)/1000 -> 27.74 | N8: =+K8-M8 -> 2.622 | O8: =+IFERROR(HLOOKUP($B8,'[1]12월'!$D$6:$BN$259,3,),)/1000 -> 3835.5608 | P8: =+IFERROR(HLOOKUP($B8,'[2]12월'!$F$6:$CP$99,3,),)/1000 -> 2969.3944 | Q8: =+P8-O8 -> -866.16644 | R8: =+IFERROR(HLOOKUP($B8,'[3]12월'!$F$6:$CC$57,3,),)/1000 -> 2752.5621 | S8: =+P8-R8 -> 216.83234 | T8: =+IFERROR(HLOOKUP($B8,'[1]12월'!$D$6:$BN$259,16,),)/1000 -> 577.09052 | U8: =+IFERROR(HLOOKUP($B8,'[2]12월'!$F$6:$CP$99,16,),)/1000 -> -49.54122 | V8: =+U8-T8 -> -626.63174 | W8: =+IFERROR(HLOOKUP($B8,'[3]12월'!$F$6:$CC$57,16,),)/1000 -> -86.728501 | X8: =+U8-W8 -> 37.187281 | Y8: =+[5]인천!$Q$85 -> 106543.36 | Z8: =+[5]인천!$R$85 -> 97799.697 | AA8: =+[6]인천!$Q$85 -> 99227.183 | AB8: =+[5]인천!$Q$89 -> 82512.19 | AC8: =+[5]인천!$R$89 -> 86503.735 | AD8: =+[6]인천!$Q$89 -> 82946.13 | AE8: =+Y8-AB8 -> 24031.167 | AF8: =+Z8-AC8 -> 11295.962 | AG8: =+AA8-AD8 -> 16281.053
B9: 파주 | G9: =+I9 -> 파주 | I9: 파주 | J9: =+IFERROR(HLOOKUP($B9,'[1]12월'!$D$6:$BN$259,2,),)/1000 -> 22 | K9: =+IFERROR(HLOOKUP($B9,'[2]12월'!$F$6:$CP$99,2,),)/1000 -> 16.303 | L9: =+K9-J9 -> -5.697 | M9: =+IFERROR(HLOOKUP($B9,'[3]12월'!$F$6:$CC$57,2,),)/1000 -> 23.44 | N9: =+K9-M9 -> -7.137 | O9: =+IFERROR(HLOOKUP($B9,'[1]12월'!$D$6:$BN$259,3,),)/1000 -> 2212.4212 | P9: =+IFERROR(HLOOKUP($B9,'[2]12월'!$F$6:$CP$99,3,),)/1000 -> 1513.0633 | Q9: =+P9-O9 -> -699.3579 | R9: =+IFERROR(HLOOKUP($B9,'[3]12월'!$F$6:$CC$57,3,),)/1000 -> 2319.5423 | S9: =+P9-R9 -> -806.479 | T9: =+IFERROR(HLOOKUP($B9,'[1]12월'!$D$6:$BN$259,16,),)/1000 -> 273.09847 | U9: =+IFERROR(HLOOKUP($B9,'[2]12월'!$F$6:$CP$99,16,),)/1000 -> -160.22943 | V9: =+U9-T9 -> -433.3279 | W9: =+IFERROR(HLOOKUP($B9,'[3]12월'!$F$6:$CC$57,16,),)/1000 -> -76.952821 | X9: =+U9-W9 -> -83.276605 | Y9: =+[5]파주!$Q$85 -> 100564.6 | Z9: =+[5]파주!$R$85 -> 92808.89 | AA9: =+[6]파주!$Q$85 -> 98896.411 | AB9: =+[5]파주!$Q$89 -> 78672.484 | AC9: =+[5]파주!$R$89 -> 85217.769 | AD9: =+[6]파주!$Q$89 -> 84926.888 | AE9: =+Y9-AB9 -> 21892.118 | AF9: =+Z9-AC9 -> 7591.1217 | AG9: =+AA9-AD9 -> 13969.523
B10: 김포 | G10: =+I10 -> 김포 | I10: 김포 | J10: =+IFERROR(HLOOKUP($B10,'[1]12월'!$D$6:$BN$259,2,),)/1000 -> 13.5 | K10: =+IFERROR(HLOOKUP($B10,'[2]12월'!$F$6:$CP$99,2,),)/1000 -> 13.4185 | L10: =+K10-J10 -> -0.0815 | M10: =+IFERROR(HLOOKUP($B10,'[3]12월'!$F$6:$CC$57,2,),)/1000 -> 12.924 | N10: =+K10-M10 -> 0.4945 | O10: =+IFERROR(HLOOKUP($B10,'[1]12월'!$D$6:$BN$259,3,),)/1000 -> 1296.1935 | P10: =+IFERROR(HLOOKUP($B10,'[2]12월'!$F$6:$CP$99,3,),)/1000 -> 1247.6161 | Q10: =+P10-O10 -> -48.577354 | R10: =+IFERROR(HLOOKUP($B10,'[3]12월'!$F$6:$CC$57,3,),)/1000 -> 1223.3612 | S10: =+P10-R10 -> 24.254966 | T10: =+IFERROR(HLOOKUP($B10,'[1]12월'!$D$6:$BN$259,16,),)/1000 -> 147.2032 | U10: =+IFERROR(HLOOKUP($B10,'[2]12월'!$F$6:$CP$99,16,),)/1000 -> -46.29355 | V10: =+U10-T10 -> -193.49675 | W10: =+IFERROR(HLOOKUP($B10,'[3]12월'!$F$6:$CC$57,16,),)/1000 -> -72.352114 | X10: =+U10-W10 -> 26.058564 | Y10: =+[5]김포!$Q$85 -> 96014.333 | Z10: =+[5]김포!$R$85 -> 93010.903 | AA10: =+[6]김포!$Q$85 -> 94658.092 | AB10: =+[5]김포!$Q$89 -> 73421.333 | AC10: =+[5]김포!$R$89 -> 79168.533 | AD10: =+[6]김포!$Q$89 -> 77549.906 | AE10: =+Y10-AB10 -> 22593 | AF10: =+Z10-AC10 -> 13842.37 | AG10: =+AA10-AD10 -> 17108.186
B11: 부산 | G11: =+I11 -> 부산 | I11: 부산 | J11: =+IFERROR(HLOOKUP($B11,'[1]12월'!$D$6:$BN$259,2,),)/1000 -> 24 | K11: =+IFERROR(HLOOKUP($B11,'[2]12월'!$F$6:$CP$99,2,),)/1000 -> 17.339 | L11: =+K11-J11 -> -6.661 | M11: =+IFERROR(HLOOKUP($B11,'[3]12월'!$F$6:$CC$57,2,),)/1000 -> 20.362 | N11: =+K11-M11 -> -3.023 | O11: =+IFERROR(HLOOKUP($B11,'[1]12월'!$D$6:$BN$259,3,),)/1000 -> 2582.4103 | P11: =+IFERROR(HLOOKUP($B11,'[2]12월'!$F$6:$CP$99,3,),)/1000 -> 1980.4694 | Q11: =+P11-O11 -> -601.9409 | R11: =+IFERROR(HLOOKUP($B11,'[3]12월'!$F$6:$CC$57,3,),)/1000 -> 2088.935 | S11: =+P11-R11 -> -108.4656 | T11: =+IFERROR(HLOOKUP($B11,'[1]12월'!$D$6:$BN$259,16,),)/1000 -> 351.02035 | U11: =+IFERROR(HLOOKUP($B11,'[2]12월'!$F$6:$CP$99,16,),)/1000 -> 92.183809 | V11: =+U11-T11 -> -258.83654 | W11: =+IFERROR(HLOOKUP($B11,'[3]12월'!$F$6:$CC$57,16,),)/1000 -> -64.129509 | X11: =+U11-W11 -> 156.31332 | Y11: =+[5]부산!$Q$85 -> 107600.43 | Z11: =+[5]부산!$R$85 -> 114220.51 | AA11: =+[6]부산!$Q$85 -> 102589.87 | AB11: =+[5]부산!$Q$89 -> 82245.678 | AC11: =+[5]부산!$R$89 -> 90394.221 | AD11: =+[6]부산!$Q$89 -> 84012.412 | AE11: =+Y11-AB11 -> 25354.751 | AF11: =+Z11-AC11 -> 23826.288 | AG11: =+AA11-AD11 -> 18577.461
B12: 서부산 | G12: =+I12 -> 서부산 | I12: 서부산 | J12: =+IFERROR(HLOOKUP($B12,'[1]12월'!$D$6:$BN$259,2,),)/1000 -> 26 | K12: =+IFERROR(HLOOKUP($B12,'[2]12월'!$F$6:$CP$99,2,),)/1000 -> 24.067 | L12: =+K12-J12 -> -1.933 | M12: =+IFERROR(HLOOKUP($B12,'[3]12월'!$F$6:$CC$57,2,),)/1000 -> 21.623 | N12: =+K12-M12 -> 2.444 | O12: =+IFERROR(HLOOKUP($B12,'[1]12월'!$D$6:$BN$259,3,),)/1000 -> 2719.0035 | P12: =+IFERROR(HLOOKUP($B12,'[2]12월'!$F$6:$CP$99,3,),)/1000 -> 2361.636 | Q12: =+P12-O12 -> -357.36752 | R12: =+IFERROR(HLOOKUP($B12,'[3]12월'!$F$6:$CC$57,3,),)/1000 -> 2070.2657 | S12: =+P12-R12 -> 291.3703 | T12: =+IFERROR(HLOOKUP($B12,'[1]12월'!$D$6:$BN$259,16,),)/1000 -> 500.34998 | U12: =+IFERROR(HLOOKUP($B12,'[2]12월'!$F$6:$CP$99,16,),)/1000 -> 163.09231 | V12: =+U12-T12 -> -337.25767 | W12: =+IFERROR(HLOOKUP($B12,'[3]12월'!$F$6:$CC$57,16,),)/1000 -> -32.57263 | X12: =+U12-W12 -> 195.66494 | Y12: =+[5]서부산!$Q$85 -> 104577.06 | Z12: =+[5]서부산!$R$85 -> 98127.561 | AA12: =+[6]서부산!$Q$85 -> 95743.685 | AB12: =+[5]서부산!$Q$89 -> 77522.344 | AC12: =+[5]서부산!$R$89 -> 78950.52 | AD12: =+[6]서부산!$Q$89 -> 80776.028 | AE12: =+Y12-AB12 -> 27054.715 | AF12: =+Z12-AC12 -> 19177.041 | AG12: =+AA12-AD12 -> 14967.657
B13: 김해 | G13: =+I13 -> 김해 | I13: 김해 | J13: =+IFERROR(HLOOKUP($B13,'[1]12월'!$D$6:$BN$259,2,),)/1000 -> 14 | K13: =+IFERROR(HLOOKUP($B13,'[2]12월'!$F$6:$CP$99,2,),)/1000 -> 12.184 | L13: =+K13-J13 -> -1.816 | M13: =+IFERROR(HLOOKUP($B13,'[3]12월'!$F$6:$CC$57,2,),)/1000 -> 12.437 | N13: =+K13-M13 -> -0.253 | O13: =+IFERROR(HLOOKUP($B13,'[1]12월'!$D$6:$BN$259,3,),)/1000 -> 1414.0056 | P13: =+IFERROR(HLOOKUP($B13,'[2]12월'!$F$6:$CP$99,3,),)/1000 -> 1145.9621 | Q13: =+P13-O13 -> -268.0435 | R13: =+IFERROR(HLOOKUP($B13,'[3]12월'!$F$6:$CC$57,3,),)/1000 -> 1240.7524 | S13: =+P13-R13 -> -94.7903 | T13: =+IFERROR(HLOOKUP($B13,'[1]12월'!$D$6:$BN$259,16,),)/1000 -> 187.05963 | U13: =+IFERROR(HLOOKUP($B13,'[2]12월'!$F$6:$CP$99,16,),)/1000 -> -58.225946 | V13: =+U13-T13 -> -245.28558 | W13: =+IFERROR(HLOOKUP($B13,'[3]12월'!$F$6:$CC$57,16,),)/1000 -> -41.18773 | X13: =+U13-W13 -> -17.038216 | Y13: =+[5]김해!$Q$85 -> 101000.4 | Z13: =+[5]김해!$R$85 -> 94036.649 | AA13: =+[6]김해!$Q$85 -> 99762.998 | AB13: =+[5]김해!$Q$89 -> 77306.919 | AC13: =+[5]김해!$R$89 -> 80796.704 | AD13: =+[6]김해!$Q$89 -> 81505.826 | AE13: =+Y13-AB13 -> 23693.481 | AF13: =+Z13-AC13 -> 13239.945 | AG13: =+AA13-AD13 -> 18257.171
B14: 정관 | G14: =+I14 -> 정관 | I14: 정관 | J14: =+IFERROR(HLOOKUP($B14,'[1]12월'!$D$6:$BN$259,2,),)/1000 -> 19 | K14: =+IFERROR(HLOOKUP($B14,'[2]12월'!$F$6:$CP$99,2,),)/1000 -> 22.034 | L14: =+K14-J14 -> 3.034 | M14: =+IFERROR(HLOOKUP($B14,'[3]12월'!$F$6:$CC$57,2,),)/1000 -> 19.458 | N14: =+K14-M14 -> 2.576 | O14: =+IFERROR(HLOOKUP($B14,'[1]12월'!$D$6:$BN$259,3,),)/1000 -> 1976 | P14: =+IFERROR(HLOOKUP($B14,'[2]12월'!$F$6:$CP$99,3,),)/1000 -> 2288.9945 | Q14: =+P14-O14 -> 312.9945 | R14: =+IFERROR(HLOOKUP($B14,'[3]12월'!$F$6:$CC$57,3,),)/1000 -> 1970.3819 | S14: =+P14-R14 -> 318.6126 | T14: =+IFERROR(HLOOKUP($B14,'[1]12월'!$D$6:$BN$259,16,),)/1000 -> 274.98355 | U14: =+IFERROR(HLOOKUP($B14,'[2]12월'!$F$6:$CP$99,16,),)/1000 -> 101.28182 | V14: =+U14-T14 -> -173.70174 | W14: =+IFERROR(HLOOKUP($B14,'[3]12월'!$F$6:$CC$57,16,),)/1000 -> 23.55043 | X14: =+U14-W14 -> 77.731387 | Y14: =+[5]정관!$Q$85 -> 104000 | Z14: =+[5]정관!$R$85 -> 103884.66 | AA14: =+[6]정관!$Q$85 -> 101263.33 | AB14: =+[5]정관!$Q$89 -> 79201.727 | AC14: =+[5]정관!$R$89 -> 86215.634 | AD14: =+[6]정관!$Q$89 -> 81557.376 | AE14: =+Y14-AB14 -> 24798.273 | AF14: =+Z14-AC14 -> 17669.022 | AG14: =+AA14-AD14 -> 19705.955
B15: 양산 | G15: =+I15 -> 양산 | I15: 양산 | J15: =+IFERROR(HLOOKUP($B15,'[1]12월'!$D$6:$BN$259,2,),)/1000 -> 12 | K15: =+IFERROR(HLOOKUP($B15,'[2]12월'!$F$6:$CP$99,2,),)/1000 -> 10.174 | L15: =+K15-J15 -> -1.826 | M15: =+IFERROR(HLOOKUP($B15,'[3]12월'!$F$6:$CC$57,2,),)/1000 -> 12.654 | N15: =+K15-M15 -> -2.48 | O15: =+IFERROR(HLOOKUP($B15,'[1]12월'!$D$6:$BN$259,3,),)/1000 -> 1166.5218 | P15: =+IFERROR(HLOOKUP($B15,'[2]12월'!$F$6:$CP$99,3,),)/1000 -> 958.2302 | Q15: =+P15-O15 -> -208.29163 | R15: =+IFERROR(HLOOKUP($B15,'[3]12월'!$F$6:$CC$57,3,),)/1000 -> 1163.1534 | S15: =+P15-R15 -> -204.92321 | T15: =+IFERROR(HLOOKUP($B15,'[1]12월'!$D$6:$BN$259,16,),)/1000 -> 159.93477 | U15: =+IFERROR(HLOOKUP($B15,'[2]12월'!$F$6:$CP$99,16,),)/1000 -> -28.828367 | V15: =+U15-T15 -> -188.76314 | W15: =+IFERROR(HLOOKUP($B15,'[3]12월'!$F$6:$CC$57,16,),)/1000 -> -41.122997 | X15: =+U15-W15 -> 12.29463 | Y15: =+[5]양산!$Q$85 -> 97210.153 | Z15: =+[5]양산!$R$85 -> 94184.215 | AA15: =+[6]양산!$Q$85 -> 91919.82 | AB15: =+[5]양산!$Q$89 -> 72466.137 | AC15: =+[5]양산!$R$89 -> 78064.419 | AD15: =+[6]양산!$Q$89 -> 73068.839 | AE15: =+Y15-AB15 -> 24744.015 | AF15: =+Z15-AC15 -> 16119.796 | AG15: =+AA15-AD15 -> 18850.981
B16: 창원 | G16: =+I16 -> 창원 | I16: 창원 | J16: =+IFERROR(HLOOKUP($B16,'[1]12월'!$D$6:$BN$259,2,),)/1000 -> 15 | K16: =+IFERROR(HLOOKUP($B16,'[2]12월'!$F$6:$CP$99,2,),)/1000 -> 12.315 | L16: =+K16-J16 -> -2.685 | M16: =+IFERROR(HLOOKUP($B16,'[3]12월'!$F$6:$CC$57,2,),)/1000 -> 19.115 | N16: =+K16-M16 -> -6.8 | O16: =+IFERROR(HLOOKUP($B16,'[1]12월'!$D$6:$BN$259,3,),)/1000 -> 1523.358 | P16: =+IFERROR(HLOOKUP($B16,'[2]12월'!$F$6:$CP$99,3,),)/1000 -> 1261.8106 | Q16: =+P16-O16 -> -261.54745 | R16: =+IFERROR(HLOOKUP($B16,'[3]12월'!$F$6:$CC$57,3,),)/1000 -> 1861.5654 | S16: =+P16-R16 -> -599.75485 | T16: =+IFERROR(HLOOKUP($B16,'[1]12월'!$D$6:$BN$259,16,),)/1000 -> 245.30851 | U16: =+IFERROR(HLOOKUP($B16,'[2]12월'!$F$6:$CP$99,16,),)/1000 -> 72.758357 | V16: =+U16-T16 -> -172.55015 | W16: =+IFERROR(HLOOKUP($B16,'[3]12월'!$F$6:$CC$57,16,),)/1000 -> 121.08234 | X16: =+U16-W16 -> -48.323983 | Y16: =+[5]창원!$Q$85 -> 101557.2 | Z16: =+[5]창원!$R$85 -> 102461.27 | AA16: =+[6]창원!$Q$85 -> 97387.675 | AB16: =+[5]창원!$Q$89 -> 72797.601 | AC16: =+[5]창원!$R$89 -> 76573.527 | AD16: =+[6]창원!$Q$89 -> 72941.793 | AE16: =+Y16-AB16 -> 28759.599 | AF16: =+Z16-AC16 -> 25887.744 | AG16: =+AA16-AD16 -> 24445.881
B17: 대구 | G17: =+I17 -> 대구 | I17: 대구 | J17: =+IFERROR(HLOOKUP($B17,'[1]12월'!$D$6:$BN$259,2,),)/1000 -> 16 | K17: =+IFERROR(HLOOKUP($B17,'[2]12월'!$F$6:$CP$99,2,),)/1000 -> 18.708 | L17: =+K17-J17 -> 2.708 | M17: =+IFERROR(HLOOKUP($B17,'[3]12월'!$F$6:$CC$57,2,),)/1000 -> 17.634 | N17: =+K17-M17 -> 1.074 | O17: =+IFERROR(HLOOKUP($B17,'[1]12월'!$D$6:$BN$259,3,),)/1000 -> 1564.16 | P17: =+IFERROR(HLOOKUP($B17,'[2]12월'!$F$6:$CP$99,3,),)/1000 -> 1801.6908 | Q17: =+P17-O17 -> 237.53076 | R17: =+IFERROR(HLOOKUP($B17,'[3]12월'!$F$6:$CC$57,3,),)/1000 -> 1703.1217 | S17: =+P17-R17 -> 98.569064 | T17: =+IFERROR(HLOOKUP($B17,'[1]12월'!$D$6:$BN$259,16,),)/1000 -> 246.00736 | U17: =+IFERROR(HLOOKUP($B17,'[2]12월'!$F$6:$CP$99,16,),)/1000 -> 168.03998 | V17: =+U17-T17 -> -77.967379 | W17: =+IFERROR(HLOOKUP($B17,'[3]12월'!$F$6:$CC$57,16,),)/1000 -> 67.193584 | X17: =+U17-W17 -> 100.8464 | Y17: =+[5]대구!$Q$85 -> 97760 | Z17: =+[5]대구!$R$85 -> 96305.899 | AA17: =+[6]대구!$Q$85 -> 96581.7 | AB17: =+[5]대구!$Q$89 -> 72183.97 | AC17: =+[5]대구!$R$89 -> 73764.096 | AD17: =+[6]대구!$Q$89 -> 72751.844 | AE17: =+Y17-AB17 -> 25576.03 | AF17: =+Z17-AC17 -> 22541.803 | AG17: =+AA17-AD17 -> 23829.856
B18: 울산 | G18: =+I18 -> 울산 | I18: 울산 | J18: =+IFERROR(HLOOKUP($B18,'[1]12월'!$D$6:$BN$259,2,),)/1000 -> 12 | K18: =+IFERROR(HLOOKUP($B18,'[2]12월'!$F$6:$CP$99,2,),)/1000 -> 12.451 | L18: =+K18-J18 -> 0.451 | M18: =+IFERROR(HLOOKUP($B18,'[3]12월'!$F$6:$CC$57,2,),)/1000 -> 6.727 | N18: =+K18-M18 -> 5.724 | O18: =+IFERROR(HLOOKUP($B18,'[1]12월'!$D$6:$BN$259,3,),)/1000 -> 1215.1903 | P18: =+IFERROR(HLOOKUP($B18,'[2]12월'!$F$6:$CP$99,3,),)/1000 -> 1273.3891 | Q18: =+P18-O18 -> 58.1988 | R18: =+IFERROR(HLOOKUP($B18,'[3]12월'!$F$6:$CC$57,3,),)/1000 -> 673.84925 | S18: =+P18-R18 -> 599.53985 | T18: =+IFERROR(HLOOKUP($B18,'[1]12월'!$D$6:$BN$259,16,),)/1000 -> 108.93391 | U18: =+IFERROR(HLOOKUP($B18,'[2]12월'!$F$6:$CP$99,16,),)/1000 -> 24.366226 | V18: =+U18-T18 -> -84.567688 | W18: =+IFERROR(HLOOKUP($B18,'[3]12월'!$F$6:$CC$57,16,),)/1000 -> -94.482644 | X18: =+U18-W18 -> 118.84887 | Y18: =+[5]울산!$Q$85 -> 101265.86 | Z18: =+[5]울산!$R$85 -> 102272.03 | AA18: =+[6]울산!$Q$85 -> 100170.84 | AB18: =+[5]울산!$Q$89 -> 80550.789 | AC18: =+[5]울산!$R$89 -> 84277.211 | AD18: =+[6]울산!$Q$89 -> 81166.341 | AE18: =+Y18-AB18 -> 20715.07 | AF18: =+Z18-AC18 -> 17994.823 | AG18: =+AA18-AD18 -> 19004.5
B19: 아산 | G19: =+I19 -> 아산 | I19: 아산 | J19: =+IFERROR(HLOOKUP($B19,'[1]12월'!$D$6:$BN$259,2,),)/1000 -> 27 | K19: =+IFERROR(HLOOKUP($B19,'[2]12월'!$F$6:$CP$99,2,),)/1000 -> 22.732 | L19: =+K19-J19 -> -4.268 | M19: =+IFERROR(HLOOKUP($B19,'[3]12월'!$F$6:$CC$57,2,),)/1000 -> 21.023 | N19: =+K19-M19 -> 1.709 | O19: =+IFERROR(HLOOKUP($B19,'[1]12월'!$D$6:$BN$259,3,),)/1000 -> 2727 | P19: =+IFERROR(HLOOKUP($B19,'[2]12월'!$F$6:$CP$99,3,),)/1000 -> 2299.4823 | Q19: =+P19-O19 -> -427.5177 | R19: =+IFERROR(HLOOKUP($B19,'[3]12월'!$F$6:$CC$57,3,),)/1000 -> 2021.2951 | S19: =+P19-R19 -> 278.1872 | T19: =+IFERROR(HLOOKUP($B19,'[1]12월'!$D$6:$BN$259,16,),)/1000 -> 380.38225 | U19: =+IFERROR(HLOOKUP($B19,'[2]12월'!$F$6:$CP$99,16,),)/1000 -> 58.469241 | V19: =+U19-T19 -> -321.91301 | W19: =+IFERROR(HLOOKUP($B19,'[3]12월'!$F$6:$CC$57,16,),)/1000 -> 8.618231 | X19: =+U19-W19 -> 49.85101 | Y19: =+[5]아산!$Q$85 -> 101000 | Z19: =+[5]아산!$R$85 -> 101156.18 | AA19: =+[6]아산!$Q$85 -> 95785.019 | AB19: =+[5]아산!$Q$89 -> 79449.486 | AC19: =+[5]아산!$R$89 -> 85004.174 | AD19: =+[6]아산!$Q$89 -> 77943.486 | AE19: =+Y19-AB19 -> 21550.514 | AF19: =+Z19-AC19 -> 16152.007 | AG19: =+AA19-AD19 -> 17841.534
B20: 전주 | G20: =+I20 -> 전주 | I20: 전주 | J20: =+IFERROR(HLOOKUP($B20,'[1]12월'!$D$6:$BN$259,2,),)/1000 -> 11 | K20: =+IFERROR(HLOOKUP($B20,'[2]12월'!$F$6:$CP$99,2,),)/1000 -> 10.326 | L20: =+K20-J20 -> -0.674 | M20: =+IFERROR(HLOOKUP($B20,'[3]12월'!$F$6:$CC$57,2,),)/1000 -> 11.59 | N20: =+K20-M20 -> -1.264 | O20: =+IFERROR(HLOOKUP($B20,'[1]12월'!$D$6:$BN$259,3,),)/1000 -> 1127.8313 | P20: =+IFERROR(HLOOKUP($B20,'[2]12월'!$F$6:$CP$99,3,),)/1000 -> 1002.0519 | Q20: =+P20-O20 -> -125.77933 | R20: =+IFERROR(HLOOKUP($B20,'[3]12월'!$F$6:$CC$57,3,),)/1000 -> 1081.6514 | S20: =+P20-R20 -> -79.599472 | T20: =+IFERROR(HLOOKUP($B20,'[1]12월'!$D$6:$BN$259,16,),)/1000 -> 185.50495 | U20: =+IFERROR(HLOOKUP($B20,'[2]12월'!$F$6:$CP$99,16,),)/1000 -> 10.653327 | V20: =+U20-T20 -> -174.85162 | W20: =+IFERROR(HLOOKUP($B20,'[3]12월'!$F$6:$CC$57,16,),)/1000 -> 36.652521 | X20: =+U20-W20 -> -25.999194 | Y20: =+[5]전주!$Q$85 -> 102530.11 | Z20: =+[5]전주!$R$85 -> 97041.635 | AA20: =+[6]전주!$Q$85 -> 93361.374 | AB20: =+[5]전주!$Q$89 -> 73002.694 | AC20: =+[5]전주!$R$89 -> 74828.153 | AD20: =+[6]전주!$Q$89 -> 68175.181 | AE20: =+Y20-AB20 -> 29527.421 | AF20: =+Z20-AC20 -> 22213.483 | AG20: =+AA20-AD20 -> 25186.194
B21: 군산 | G21: =+I21 -> 군산 | I21: 군산 | J21: =+IFERROR(HLOOKUP($B21,'[1]12월'!$D$6:$BN$259,2,),)/1000 -> 7 | K21: =+IFERROR(HLOOKUP($B21,'[2]12월'!$F$6:$CP$99,2,),)/1000 -> 5.608 | L21: =+K21-J21 -> -1.392 | M21: =+IFERROR(HLOOKUP($B21,'[3]12월'!$F$6:$CC$57,2,),)/1000 -> 5.0555 | N21: =+K21-M21 -> 0.5525 | O21: =+IFERROR(HLOOKUP($B21,'[1]12월'!$D$6:$BN$259,3,),)/1000 -> 762.99903 | P21: =+IFERROR(HLOOKUP($B21,'[2]12월'!$F$6:$CP$99,3,),)/1000 -> 597.354 | Q21: =+P21-O21 -> -165.64503 | R21: =+IFERROR(HLOOKUP($B21,'[3]12월'!$F$6:$CC$57,3,),)/1000 -> 527.68332 | S21: =+P21-R21 -> 69.670678 | T21: =+IFERROR(HLOOKUP($B21,'[1]12월'!$D$6:$BN$259,16,),)/1000 -> 192.6416 | U21: =+IFERROR(HLOOKUP($B21,'[2]12월'!$F$6:$CP$99,16,),)/1000 -> 80.152254 | V21: =+U21-T21 -> -112.48935 | W21: =+IFERROR(HLOOKUP($B21,'[3]12월'!$F$6:$CC$57,16,),)/1000 -> 34.121359 | X21: =+U21-W21 -> 46.030895 | Y21: =+[5]군산!$Q$85 -> 108999.86 | Z21: =+[5]군산!$R$85 -> 106518.19 | AA21: =+[6]군산!$Q$85 -> 104623.27 | AB21: =+[5]군산!$Q$89 -> 70884.733 | AC21: =+[5]군산!$R$89 -> 73466.5 | AD21: =+[6]군산!$Q$89 -> 69954.422 | AE21: =+Y21-AB21 -> 38115.129 | AF21: =+Z21-AC21 -> 33051.688 | AG21: =+AA21-AD21 -> 34668.85
B22: 원주 | G22: =+I22 -> 원주 | I22: 원주 | J22: =+IFERROR(HLOOKUP($B22,'[1]12월'!$D$6:$BN$259,2,),)/1000 -> 4 | K22: =+IFERROR(HLOOKUP($B22,'[2]12월'!$F$6:$CP$99,2,),)/1000 -> 4.01 | L22: =+K22-J22 -> 0.01 | M22: =+IFERROR(HLOOKUP($B22,'[3]12월'!$F$6:$CC$57,2,),)/1000 -> 6.189 | N22: =+K22-M22 -> -2.179 | O22: =+IFERROR(HLOOKUP($B22,'[1]12월'!$D$6:$BN$259,3,),)/1000 -> 431.6 | P22: =+IFERROR(HLOOKUP($B22,'[2]12월'!$F$6:$CP$99,3,),)/1000 -> 460.867 | Q22: =+P22-O22 -> 29.267 | R22: =+IFERROR(HLOOKUP($B22,'[3]12월'!$F$6:$CC$57,3,),)/1000 -> 648.47726 | S22: =+P22-R22 -> -187.61025 | T22: =+IFERROR(HLOOKUP($B22,'[1]12월'!$D$6:$BN$259,16,),)/1000 -> 49.390684 | U22: =+IFERROR(HLOOKUP($B22,'[2]12월'!$F$6:$CP$99,16,),)/1000 -> 39.135277 | V22: =+U22-T22 -> -10.255407 | W22: =+IFERROR(HLOOKUP($B22,'[3]12월'!$F$6:$CC$57,16,),)/1000 -> 38.745038 | X22: =+U22-W22 -> 0.390239 | Y22: =+[5]원주!$Q$85 -> 107900 | Z22: =+[5]원주!$R$85 -> 114929.43 | AA22: =+[6]원주!$Q$85 -> 104784.9 | AB22: =+[5]원주!$Q$89 -> 75861.9 | AC22: =+[5]원주!$R$89 -> 76446.968 | AD22: =+[6]원주!$Q$89 -> 75081.703 | AE22: =+Y22-AB22 -> 32038.1 | AF22: =+Z22-AC22 -> 38482.458 | AG22: =+AA22-AD22 -> 29703.198
B23: 제주 | G23: =+I23 -> 제주 | I23: 제주 | J23: =+IFERROR(HLOOKUP($B23,'[1]12월'!$D$6:$BN$259,2,),)/1000 -> 7 | K23: =+IFERROR(HLOOKUP($B23,'[2]12월'!$F$6:$CP$99,2,),)/1000 -> 5.5875 | L23: =+K23-J23 -> -1.4125 | M23: =+IFERROR(HLOOKUP($B23,'[3]12월'!$F$6:$CC$57,2,),)/1000 -> 4.902 | N23: =+K23-M23 -> 0.6855 | O23: =+IFERROR(HLOOKUP($B23,'[1]12월'!$D$6:$BN$259,3,),)/1000 -> 888.3 | P23: =+IFERROR(HLOOKUP($B23,'[2]12월'!$F$6:$CP$99,3,),)/1000 -> 668.43715 | Q23: =+P23-O23 -> -219.86285 | R23: =+IFERROR(HLOOKUP($B23,'[3]12월'!$F$6:$CC$57,3,),)/1000 -> 579.44633 | S23: =+P23-R23 -> 88.990821 | T23: =+IFERROR(HLOOKUP($B23,'[1]12월'!$D$6:$BN$259,16,),)/1000 -> 161.64138 | U23: =+IFERROR(HLOOKUP($B23,'[2]12월'!$F$6:$CP$99,16,),)/1000 -> 49.681543 | V23: =+U23-T23 -> -111.95983 | W23: =+IFERROR(HLOOKUP($B23,'[3]12월'!$F$6:$CC$57,16,),)/1000 -> -5.762215 | X23: =+U23-W23 -> 55.443758 | Y23: =+[5]제주!$Q$85 -> 126900 | Z23: =+[5]제주!$R$85 -> 119630.81 | AA23: =+[6]제주!$Q$85 -> 118206.11 | AB23: =+[5]제주!$Q$89 -> 91213.272 | AC23: =+[5]제주!$R$89 -> 89066.435 | AD23: =+[6]제주!$Q$89 -> 87458.101 | AE23: =+Y23-AB23 -> 35686.728 | AF23: =+Z23-AC23 -> 30564.375 | AG23: =+AA23-AD23 -> 30748.004
G24: =+I24 -> 수도권 | I24: 수도권 | J24: =SUM(J7:J10) -> 113.5 | K24: =SUM(K7:K10) -> 94.7535 | L24: =+K24-J24 -> -18.7465 | M24: =SUM(M7:M10) -> 105.14 | N24: =+K24-M24 -> -10.3865 | O24: =SUM(O7:O10) -> 11621.591 | P24: =SUM(P7:P10) -> 9072.334 | Q24: =+P24-O24 -> -2549.2568 | R24: =SUM(R7:R10) -> 10211.659 | S24: =+P24-R24 -> -1139.3252 | T24: =SUM(T7:T10) -> 1604.9217 | U24: =SUM(U7:U10) -> -204.53605 | V24: =+U24-T24 -> -1809.4577 | W24: =SUM(W7:W10) -> -203.09543 | X24: =+U24-W24 -> -1.440617 | Y24: =+[5]수도권!$Q$85 -> 102392.87 | Z24: =+[5]수도권!$R$85 -> 95753.183 | AA24: =+[6]수도권!$Q$85 -> 97106.847 | AB24: =+[5]수도권!$Q$89 -> 79958.056 | AC24: =+[5]수도권!$R$89 -> 83930.891 | AD24: =+[6]수도권!$Q$89 -> 81709.417 | AE24: =+Y24-AB24 -> 22434.814 | AF24: =+Z24-AC24 -> 11822.292 | AG24: =+AA24-AD24 -> 15397.43
G25: =+I25 -> 영남권 | I25: 영남권 | J25: =SUM(J11:J18) -> 138 | K25: =SUM(K11:K18) -> 129.272 | L25: =+K25-J25 -> -8.728 | M25: =SUM(M11:M18) -> 130.01 | N25: =+K25-M25 -> -0.738 | O25: =SUM(O11:O18) -> 14160.65 | P25: =SUM(P11:P18) -> 13072.183 | Q25: =+P25-O25 -> -1088.4669 | R25: =SUM(R11:R18) -> 12772.025 | S25: =+P25-R25 -> 300.15786 | T25: =SUM(T11:T18) -> 2073.5981 | U25: =SUM(U11:U18) -> 534.66819 | V25: =+U25-T25 -> -1538.9299 | W25: =SUM(W11:W18) -> -61.669156 | X25: =+U25-W25 -> 596.33735 | Y25: =+[5]영남권!$Q$85 -> 102613.4 | Z25: =+[5]영남권!$R$85 -> 101138.02 | AA25: =+[6]영남권!$Q$85 -> 98238.787 | AB25: =+[5]영남권!$Q$89 -> 77244.33 | AC25: =+[5]영남권!$R$89 -> 81325.207 | AD25: =+[6]영남권!$Q$89 -> 78500.132 | AE25: =+Y25-AB25 -> 25369.073 | AF25: =+Z25-AC25 -> 19812.809 | AG25: =+AA25-AD25 -> 19738.655
G26: =+I26 -> 중부권 | I26: 중부권 | J26: =SUM(J19:J23) -> 56 | K26: =SUM(K19:K23) -> 48.2635 | L26: =+K26-J26 -> -7.7365 | M26: =SUM(M19:M23) -> 48.7595 | N26: =+K26-M26 -> -0.496 | O26: =SUM(O19:O23) -> 5937.7303 | P26: =SUM(P19:P23) -> 5028.1924 | Q26: =+P26-O26 -> -909.53791 | R26: =SUM(R19:R23) -> 4858.5534 | S26: =+P26-R26 -> 169.63897 | T26: =SUM(T19:T23) -> 969.56086 | U26: =SUM(U19:U23) -> 238.09164 | V26: =+U26-T26 -> -731.46922 | W26: =SUM(W19:W23) -> 112.37493 | X26: =+U26-W26 -> 125.71671 | Y26: =+[5]중부권!$Q$85 -> 106030.9 | Z26: =+[5]중부권!$R$85 -> 104182.09 | AA26: =+[6]중부권!$Q$85 -> 99522.849 | AB26: =+[5]중부권!$Q$89 -> 78326.775 | AC26: =+[5]중부권!$R$89 -> 81258.436 | AD26: =+[6]중부권!$Q$89 -> 75388.642 | AE26: =+Y26-AB26 -> 27704.123 | AF26: =+Z26-AC26 -> 22923.655 | AG26: =+AA26-AD26 -> 24134.208
G27: =+K27/J27 -> 0.88549268 | H27: 레미콘 계 | J27: =SUM(J24:J26) -> 307.5 | K27: =SUM(K24:K26) -> 272.289 | L27: =+K27-J27 -> -35.211 | M27: =SUM(M24:M26) -> 283.9095 | N27: =+K27-M27 -> -11.6205 | O27: =SUM(O24:O26) -> 31719.971 | P27: =SUM(P24:P26) -> 27172.709 | Q27: =+P27-O27 -> -4547.2616 | R27: =SUM(R24:R26) -> 27842.237 | S27: =+P27-R27 -> -669.52837 | T27: =SUM(T24:T26) -> 4648.0806 | U27: =SUM(U24:U26) -> 568.22379 | V27: =+U27-T27 -> -4079.8568 | W27: =SUM(W24:W26) -> -152.38965 | X27: =+U27-W27 -> 720.61344 | Y27: =+[5]합계!$Q$85 -> 103154.38 | Z27: =+[5]합계!$R$85 -> 99802.99 | AA27: =+[6]합계!$Q$85 -> 98036.161 | AB27: =+[5]합계!$Q$89 -> 78443.11 | AC27: =+[5]합계!$R$89 -> 82213.022 | AD27: =+[6]합계!$Q$89 -> 79164.481 | AE27: =+Y27-AB27 -> 24711.266 | AF27: =+Z27-AC27 -> 17589.968 | AG27: =+AA27-AD27 -> 18871.68
B28: 건자재 | E28: 건자재영업 | G28: 건자재 | H28: 건자재 | J28: =+IFERROR(HLOOKUP($B28,'[1]12월'!$D$6:$BN$259,2,),) -> 8600 | K28: =+IFERROR(HLOOKUP($E28,'[2]12월'!$F$6:$CP$99,2,),) -> 8003.057 | L28: =+K28-J28 -> -596.943 | M28: =+IFERROR(HLOOKUP($E28,'[3]12월'!$F$6:$CC$57,2,),) -> 7811.91 | N28: =+K28-M28 -> 191.147 | O28: =+IFERROR(HLOOKUP($B28,'[1]12월'!$D$6:$BN$259,3,),)/1000 -> 10504.632 | P28: =+IFERROR(HLOOKUP($E28,'[2]12월'!$F$6:$CP$99,3,),)/1000 -> 7445.9016 | Q28: =+P28-O28 -> -3058.73 | R28: =+IFERROR(HLOOKUP($E28,'[3]12월'!$F$6:$CC$57,3,),)/1000 -> 9622.7532 | S28: =+P28-R28 -> -2176.8516 | T28: =+IFERROR(HLOOKUP($B28,'[1]12월'!$D$6:$BN$259,16,),)/1000 -> 139.04025 | U28: =+IFERROR(HLOOKUP($E28,'[2]12월'!$F$6:$CP$99,16,),)/1000 -> -101.10207 | V28: =+U28-T28 -> -240.14232 | W28: =+IFERROR(HLOOKUP($E28,'[3]12월'!$F$6:$CC$57,16,),)/1000 -> -86.633557 | X28: =+U28-W28 -> -14.468516 | Y28: ■ 비고
B29: 부산모래장 | C29: 부산골재 | G29: =+I29 -> 부산모래장 | H29: 골재 | I29: 부산모래장 | J29: =+IFERROR(HLOOKUP($B29,'[1]12월'!$D$6:$BN$259,2,),)/1000 -> 28.532458 | K29: =+IFERROR(HLOOKUP($C29,'[2]12월'!$F$6:$CP$99,2,),)/1000 -> 23.035 | L29: =+K29-J29 -> -5.4974576 | M29: =+IFERROR(HLOOKUP($C29,'[3]12월'!$F$6:$CC$57,2,),)/1000 -> 24.924 | N29: =+K29-M29 -> -1.889 | O29: =+IFERROR(HLOOKUP($B29,'[1]12월'!$D$6:$BN$259,3,),)/1000 -> 811.06468 | P29: =+IFERROR(HLOOKUP($C29,'[2]12월'!$F$6:$CP$99,3,),)/1000 -> 638.333 | Q29: =+P29-O29 -> -172.73168 | R29: =+IFERROR(HLOOKUP($C29,'[3]12월'!$F$6:$CC$57,3,),)/1000 -> 710.713 | S29: =+P29-R29 -> -72.38 | T29: =+IFERROR(HLOOKUP($B29,'[1]12월'!$D$6:$BN$259,21,),)/1000 -> 62.971538 | U29: =+IFERROR(HLOOKUP($C29,'[2]12월'!$F$6:$CP$99,21,),)/1000 -> -21.304281 | V29: =+U29-T29 -> -84.275819 | W29: =+IFERROR(HLOOKUP($C29,'[3]12월'!$F$6:$CC$57,16,),)/1000 -> -21.164563 | X29: =+U29-W29 -> -0.13971837
B30: 서부산크라샤 | C30: 서부산골재 | G30: =+I30 -> 서부산CR | I30: 서부산CR | J30: =+IFERROR(HLOOKUP($B30,'[1]12월'!$D$6:$BN$259,2,),)/1000 -> 50.439763 | K30: =+IFERROR(HLOOKUP($C30,'[2]12월'!$F$6:$CP$99,2,),)/1000 -> 1 | L30: =+K30-J30 -> -49.439763 | M30: =+IFERROR(HLOOKUP($C30,'[3]12월'!$F$6:$CC$57,2,),)/1000 -> 25.332 | N30: =+K30-M30 -> -24.332 | O30: =+IFERROR(HLOOKUP($B30,'[1]12월'!$D$6:$BN$259,3,),)/1000 -> 623.24578 | P30: =+IFERROR(HLOOKUP($C30,'[2]12월'!$F$6:$CP$99,3,),)/1000 -> 11.5 | Q30: =+P30-O30 -> -611.74578 | R30: =+IFERROR(HLOOKUP($C30,'[3]12월'!$F$6:$CC$57,3,),)/1000 -> 323.054 | S30: =+P30-R30 -> -311.554 | T30: =+IFERROR(HLOOKUP($B30,'[1]12월'!$D$6:$BN$259,21,),)/1000 -> 138.21488 | U30: =+IFERROR(HLOOKUP($C30,'[2]12월'!$F$6:$CP$99,21,),)/1000 -> -151.79414 | V30: =+U30-T30 -> -290.00903 | W30: =+IFERROR(HLOOKUP($C30,'[3]12월'!$F$6:$CC$57,16,),)/1000 -> -33.388204 | X30: =+U30-W30 -> -118.40594
B31: 부산크라샤 | C31: 부산크라샤 | G31: =+I31 -> 부산CR | I31: 부산CR | J31: =+IFERROR(HLOOKUP($B31,'[1]12월'!$D$6:$BN$259,2,),)/1000 -> 41.933006 | K31: =+IFERROR(HLOOKUP($C31,'[2]12월'!$F$6:$CP$99,2,),)/1000 -> 35.645 | L31: =+K31-J31 -> -6.2880061 | M31: =+IFERROR(HLOOKUP($C31,'[3]12월'!$F$6:$CC$57,2,),)/1000 -> 19.977 | N31: =+K31-M31 -> 15.668 | O31: =+IFERROR(HLOOKUP($B31,'[1]12월'!$D$6:$BN$259,3,),)/1000 -> 770.37721 | P31: =+IFERROR(HLOOKUP($C31,'[2]12월'!$F$6:$CP$99,3,),)/1000 -> 630.6815 | Q31: =+P31-O31 -> -139.69571 | R31: =+IFERROR(HLOOKUP($C31,'[3]12월'!$F$6:$CC$57,3,),)/1000 -> 367.506 | S31: =+P31-R31 -> 263.1755 | T31: =+IFERROR(HLOOKUP($B31,'[1]12월'!$D$6:$BN$259,21,),)/1000 -> 97.65592 | U31: =+IFERROR(HLOOKUP($C31,'[2]12월'!$F$6:$CP$99,21,),)/1000 -> -294.10381 | V31: =+U31-T31 -> -391.75973 | W31: =+IFERROR(HLOOKUP($C31,'[3]12월'!$F$6:$CC$57,16,),)/1000 -> -356.44776 | X31: =+U31-W31 -> 62.343949
H32: 골재 계 | J32: =SUM(J29:J31) -> 120.90523 | K32: =SUM(K29:K31) -> 59.68 | L32: =+K32-J32 -> -61.225227 | M32: =SUM(M29:M31) -> 70.233 | N32: =+K32-M32 -> -10.553 | O32: =SUM(O29:O31) -> 2204.6877 | P32: =SUM(P29:P31) -> 1280.5145 | Q32: =+P32-O32 -> -924.17317 | R32: =SUM(R29:R31) -> 1401.273 | S32: =+P32-R32 -> -120.7585 | T32: =SUM(T29:T31) -> 298.84234 | U32: =SUM(U29:U31) -> -467.20224 | V32: =+U32-T32 -> -766.04457 | W32: =SUM(W29:W31) -> -411.00052 | X32: =+U32-W32 -> -56.20171
B33: 포항임대 | C33: 속초임대 | D33: 강릉임대 | E33: 레미콘임대 계 | G33: =+I33 -> 레미콘임대 | H33: 기타 | I33: 레미콘임대 | L33: =+K33-J33 -> 0 | N33: =+K33-M33 -> 0 | O33: =(IFERROR(HLOOKUP($B33,'[1]12월'!$D$6:$BN$259,3,),)++IFERROR(HLOOKUP($C33,'[1]12월'!$D$6:$BN$259,3,),)+IFERROR(HLOOKUP($D33,'[1]12월'!$D$6:$BN$259,3,),))/1000 -> 90.84 | P33: =+IFERROR(HLOOKUP($E33,'[2]12월'!$F$6:$CP$99,3,),)/1000 -> 90.84 | Q33: =+P33-O33 -> 0 | R33: =+IFERROR(HLOOKUP($E33,'[3]12월'!$F$6:$CC$57,3,),)/1000 -> 90.84 | S33: =+P33-R33 -> 0 | T33: =(IFERROR(HLOOKUP($B33,'[1]12월'!$D$6:$BN$259,21,),)++IFERROR(HLOOKUP($C33,'[1]12월'!$D$6:$BN$259,21,),)+IFERROR(HLOOKUP($D33,'[1]12월'!$D$6:$BN$259,21,),))/1000 -> 75.360275 | U33: =+IFERROR(HLOOKUP($E33,'[2]12월'!$F$6:$CP$99,16,),)/1000 -> 76.068675 | V33: =+U33-T33 -> 0.7084 | W33: =+IFERROR(HLOOKUP($E33,'[3]12월'!$F$6:$CC$57,16,),)/1000 -> 73.170018 | X33: =+U33-W33 -> 2.898657
B34: 부동산임대 | C34: 주유소임대 | E34: 임대 계 | G34: =+I34 -> 임대 | I34: 임대 | L34: =+K34-J34 -> 0 | M34: 0 | N34: =+K34-M34 -> 0 | O34: =(+IFERROR(HLOOKUP($B34,'[1]12월'!$D$6:$BN$259,3,),)+IFERROR(HLOOKUP($C34,'[1]12월'!$D$6:$BN$259,3,),))/1000 -> 72.2975 | P34: =+IFERROR(HLOOKUP($E34,'[2]12월'!$F$6:$CP$99,3,),)/1000 -> 72.69194 | Q34: =+P34-O34 -> 0.39443967 | R34: =+IFERROR(HLOOKUP($E34,'[3]12월'!$F$6:$CC$57,3,),)/1000 -> 78.665941 | S34: =+P34-R34 -> -5.974001 | T34: =(+IFERROR(HLOOKUP($B34,'[1]12월'!$D$6:$BN$259,21,),)+IFERROR(HLOOKUP($C34,'[1]12월'!$D$6:$BN$259,21,),))/1000 -> 74.623417 | U34: =+IFERROR(HLOOKUP($E34,'[2]12월'!$F$6:$CP$99,16,),)/1000 -> 75.153125 | V34: =+U34-T34 -> 0.52970767 | W34: =+IFERROR(HLOOKUP($E34,'[3]12월'!$F$6:$CC$57,16,),)/1000 -> 86.623723 | X34: =+U34-W34 -> -11.470598
B35: 공 통 비 | G35: =+I35 -> 공통비 | I35: 공통비 | L35: =+K35-J35 -> 0 | N35: =+K35-M35 -> 0 | Q35: =+P35-O35 -> 0 | S35: =+P35-R35 -> 0 | T35: =-'[1]12월'!$Z$22/1000 -> -1213.1221 | U35: =+-'[2]12월'!$Z$22/1000 -> -2089.6312 | V35: =+U35-T35 -> -876.50913 | W35: =+-'[3]12월'!$Z$22/1000 -> -3008.8593 | X35: =+U35-W35 -> 919.22813
G36: =+I36 -> 대손 | I36: 대손 | N36: =+K36-M36 -> 0 | Q36: =+P36-O36 -> 0 | S36: =+P36-R36 -> 0 | U36: ='[2]12월'!$BE$26/1000 -> 319.51271 | V36: =+U36-T36 -> 319.51271 | X36: =+U36-W36 -> 319.51271
G37: =+I37 -> 미운영 공장 | I37: 미운영 공장 | M37: =SUM(M53:M56) -> 0 | N37: =+K37-M37 -> 0 | Q37: =+P37-O37 -> 0 | R37: =+IFERROR(HLOOKUP($I$37,'[3]12월'!$F$6:$BJ$50,3,),)/1000 -> 0 | S37: =+P37-R37 -> 0 | T37: =SUM('[1]12월'!$AM$26:$AQ$26)/1000 -> -3.4117974 | U37: =+'[2]12월'!$BF$26/1000 -> -3.689587 | V37: =+U37-T37 -> -0.27778956 | W37: =+'[3]12월'!$BF$26/1000 -> -6.898677 | X37: =+U37-W37 -> 3.20909
B38: 기타 계 | G38: =+I38 -> 기타 | I38: 기타 | L38: =+K38-J38 -> 0 | N38: =+K38-M38 -> 0 | O38: =IFERROR(HLOOKUP($B38,'[1]12월'!$D$6:$BN$259,3,),)/1000 -> 1.77 | P38: =+('[2]12월'!$F$8-SUM('[2]12월'!$Z$8,'[2]12월'!$AH$8,'[2]12월'!$AN$8,'[2]12월'!$AO$8,'[2]12월'!$BA$8,'[2]12월'!$BD$8,'[2]12월'!$BE$8,'[2]12월'!$BF$8))/1000 -> 1.67985 | Q38: =+P38-O38 -> -0.09015 | R38: =+('[3]12월'!$F$8-SUM('[3]12월'!$Z$8,'[3]12월'!$AH$8,'[3]12월'!$AN$8,'[3]12월'!$AO$8,'[3]12월'!$BA$8,'[3]12월'!$BD$8,'[3]12월'!$BE$8,'[3]12월'!$BF$8))/1000 -> 1.7024 | S38: =+P38-R38 -> -0.02255 | T38: =+('[1]12월'!$E$26-'[1]12월'!$Z$26-'[1]12월'!$AA$26-'[1]12월'!$AE$26-'[1]12월'!$AL$26-'[1]12월'!$AM$26-'[1]12월'!$AN$26-'[1]12월'!$AO$26-'[1]12월'!$AP$26-'[1]12월'!$AQ$26-'[1]12월'!$AS$26)/1000 -> -68.088929 | U38: =+('[2]12월'!$F$26-SUM('[2]12월'!$Z$26,'[2]12월'!$AH$26,'[2]12월'!$AN$26,'[2]12월'!$AO$26,'[2]12월'!$BA$26,'[2]12월'!$BD$26,'[2]12월'!$BE$26,'[2]12월'!$BF$26))/1000+'[2]12월'!$BD$26/1000 -> 316.45647 | V38: =+U38-T38 -> 384.54539 | W38: =+('[3]12월'!$F$26-SUM('[3]12월'!$Z$26,'[3]12월'!$AH$26,'[3]12월'!$AN$26,'[3]12월'!$AO$26,'[3]12월'!$BA$26,'[3]12월'!$BD$26,'[3]12월'!$BE$26,'[3]12월'!$BF$26))/1000+'[3]12월'!$BE$26/1000 -> -1008.109 | X38: =+U38-W38 -> 1324.5655
N39: =+K39-M39 -> 0 | Q39: =+P39-O39 -> 0 | S39: =+P39-R39 -> 0 | V39: =+U39-T39 -> 0
H40: 기타 계 | J40: =SUM(J33:J39) -> 0 | K40: =SUM(K33:K39) -> 0 | L40: =+K40-J40 -> 0 | M40: =SUM(M33:M39) -> 0 | N40: =+K40-M40 -> 0 | O40: =SUM(O33:O39) -> 164.9075 | P40: =SUM(P33:P39) -> 165.21179 | Q40: =+P40-O40 -> 0.30428967 | R40: =SUM(R33:R39) -> 171.20834 | S40: =+P40-R40 -> -5.996551 | T40: =SUM(T33:T39) -> -1134.6391 | U40: =SUM(U33:U39) -> -1306.1298 | V40: =+U40-T40 -> -171.49071 | W40: =SUM(W33:W39) -> -3864.0733 | X40: =+U40-W40 -> 2557.9435
U41: 19 | V41: 12.4
G42: =+P42/O42 -> 0.80872264 | H42: 합계 | O42: =+O27+O32+O28+O40 -> 44594.197 | P42: =+P27+P32+P28+P40 -> 36064.337 | Q42: =+P42-O42 -> -8529.8605 | R42: =+R27+R32+R28+R40 -> 39037.472 | S42: =+P42-R42 -> -2973.135 | T42: =+T27+T32+T28+T40 -> 3951.3241 | U42: =+U27+U32+U28+U40 -> -1306.2103 | V42: =+U42-T42 -> -5257.5344 | W42: =+W27+W32+W28+W40 -> -4514.097 | X42: =+U42-W42 -> 3207.8867
G43: =+U42/T42 -> -0.33057535 | P43: =+P42/O42 -> 0.80872264 | T43: =+T42/O42 -> 0.088606238 | U43: =+U42/P42 -> -0.036218892
I45: 확인 | J45: =+'[1]12월'!$Z$7/1000 -> 307.5 | K45: =+'[2]12월'!$AI$7/1000 -> 272.289 | M45: =+'[3]12월'!$Z$7/1000 -> 283.9095 | O45: =+'[1]12월'!$E$8/1000 -> 44594.197 | P45: =+'[2]12월'!$F$8/1000 -> 36064.337 | R45: =+'[3]12월'!$F$8/1000 -> 39037.472 | T45: =+'[1]12월'!$E$26/1000 -> 3951.3241 | U45: =+'[2]12월'!$F$26/1000 -> -1306.2103 | W45: =+'[3]12월'!$F$26/1000 -> -3485.1119
J46: =+J45-J27 -> 0 | K46: =+K45-K27 -> 0 | M46: =+M45-M27 -> 0 | O46: =+O45-O42 -> 0 | P46: =+P45-P42 -> 0 | R46: =+R45-R42 -> 0 | T46: =+T45-T42 -> 4.0927262e-12 | U46: =+U45-U42 -> 0 | W46: =+W45-W42 -> 1028.9851
Y50: - OPC 소급분 : 삼표 2.5억(총 9.9억 中 1회차) → 8~12월 총 4회 소급예정

Sheet 사업장별(누계)_공장 송부용
H3: □ 사업장별 손익실적(2024-12누계)
AG4: [단위 : 천㎥, 톤, 백만원]
H5: 구분 | J5: 물량 | O5: 매출 | T5: 영업이익(공통비 배부전) | Y5: 판매단가 | AB5: 변동비 | AE5: 공헌이익
A6: 2024년 12월 마감 손익 | J6: 계획 | K6: 실적 | L6: 차이 | M6: 전년 | N6: 차이 | O6: 계획 | P6: 실적 | Q6: 차이 | R6: 전년 | S6: 차이 | T6: 계획 | U6: 실적 | V6: 차이 | W6: 전년 | X6: 차이 | Y6: 계획 | Z6: 실적 | AA6: 전년 | AB6: 계획 | AC6: 실적 | AD6: 전년 | AE6: 계획 | AF6: 실적 | AG6: 전년
B7: 안양 | F7: =+U7/T7 -> 0.5506912 | G7: =+K7/J7 -> 0.893814 | H7: 레미콘 | I7: 안양 | J7: =+'사업장별(당월)'!J7+'[4]사업장별(누계)'!J7 -> 500 | K7: =+'사업장별(당월)'!K7+'[4]사업장별(누계)'!K7 -> 446.907 | L7: =+K7-J7 -> -53.093 | M7: =+'사업장별(당월)'!M7+'[4]사업장별(누계)'!M7 -> 544.765 | N7: =+K7-M7 -> -97.858 | O7: =+'사업장별(당월)'!O7+'[4]사업장별(누계)'!O7 -> 50250.119 | P7: =+'사업장별(당월)'!P7+'[4]사업장별(누계)'!P7 -> 44168.65 | Q7: =+P7-O7 -> -6081.4697 | R7: =+'사업장별(당월)'!R7+'[4]사업장별(누계)'!R7 -> 50719.371 | S7: =+P7-R7 -> -6550.7215 | T7: =+'사업장별(당월)'!T7+'[4]사업장별(누계)'!T7 -> 6989.3154 | U7: =+'사업장별(당월)'!U7+'[4]사업장별(누계)'!U7 -> 3848.9545 | V7: =+U7-T7 -> -3140.3609 | W7: =+'사업장별(당월)'!W7+'[4]사업장별(누계)'!W7 -> 6550.2457 | X7: =+U7-W7 -> -2701.2912 | Y7: =+[11]안양!$Q$85 -> 100500.24 | Z7: =+[11]안양!$R$85 -> 98828.586 | AA7: =+[12]안양!$Q$85 -> 93081.061 | AB7: =+[11]안양!$Q$89 -> 79231.068 | AC7: =+[11]안양!$R$89 -> 81804.462 | AD7: =+[12]안양!$Q$89 -> 74052.677 | AE7: =+Y7-AB7 -> 21269.171 | AF7: =+Z7-AC7 -> 17024.125 | AG7: =+AA7-AD7 -> 19028.384
B8: 인천 | F8: =+U8/T8 -> 0.36086237 | G8: =+K8/J8 -> 0.86037895 | H8: 직영 | I8: 인천 | J8: =+'사업장별(당월)'!J8+'[4]사업장별(누계)'!J8 -> 380 | K8: =+'사업장별(당월)'!K8+'[4]사업장별(누계)'!K8 -> 326.944 | L8: =+K8-J8 -> -53.056 | M8: =+'사업장별(당월)'!M8+'[4]사업장별(누계)'!M8 -> 437.945 | N8: =+K8-M8 -> -111.001 | O8: =+'사업장별(당월)'!O8+'[4]사업장별(누계)'!O8 -> 39128.8 | P8: =+'사업장별(당월)'!P8+'[4]사업장별(누계)'!P8 -> 32487.436 | Q8: =+P8-O8 -> -6641.3644 | R8: =+'사업장별(당월)'!R8+'[4]사업장별(누계)'!R8 -> 42191.154 | S8: =+P8-R8 -> -9703.718 | T8: =+'사업장별(당월)'!T8+'[4]사업장별(누계)'!T8 -> 4669.8056 | U8: =+'사업장별(당월)'!U8+'[4]사업장별(누계)'!U8 -> 1685.1571 | V8: =+U8-T8 -> -2984.6485 | W8: =+'사업장별(당월)'!W8+'[4]사업장별(누계)'!W8 -> 4579.4671 | X8: =+U8-W8 -> -2894.31 | Y8: =+[11]인천!$Q$85 -> 102970.53 | Z8: =+[11]인천!$R$85 -> 99370.184 | AA8: =+[12]인천!$Q$85 -> 96316.253 | AB8: =+[11]인천!$Q$89 -> 81332.759 | AC8: =+[11]인천!$R$89 -> 83063.772 | AD8: =+[12]인천!$Q$89 -> 77106.068 | AE8: =+Y8-AB8 -> 21637.768 | AF8: =+Z8-AC8 -> 16306.412 | AG8: =+AA8-AD8 -> 19210.184
B9: 파주 | F9: =+U9/T9 -> 0.42226919 | G9: =+K9/J9 -> 0.97362759 | I9: 파주 | J9: =+'사업장별(당월)'!J9+'[4]사업장별(누계)'!J9 -> 290 | K9: =+'사업장별(당월)'!K9+'[4]사업장별(누계)'!K9 -> 282.352 | L9: =+K9-J9 -> -7.648 | M9: =+'사업장별(당월)'!M9+'[4]사업장별(누계)'!M9 -> 319.151 | N9: =+K9-M9 -> -36.799 | O9: =+'사업장별(당월)'!O9+'[4]사업장별(누계)'!O9 -> 28710 | P9: =+'사업장별(당월)'!P9+'[4]사업장별(누계)'!P9 -> 27203.18 | Q9: =+P9-O9 -> -1506.8199 | R9: =+'사업장별(당월)'!R9+'[4]사업장별(누계)'!R9 -> 29900.26 | S9: =+P9-R9 -> -2697.0796 | T9: =+'사업장별(당월)'!T9+'[4]사업장별(누계)'!T9 -> 3820.6954 | U9: =+'사업장별(당월)'!U9+'[4]사업장별(누계)'!U9 -> 1613.3619 | V9: =+U9-T9 -> -2207.3334 | W9: =+'사업장별(당월)'!W9+'[4]사업장별(누계)'!W9 -> 2798.536 | X9: =+U9-W9 -> -1185.1741 | Y9: =+[11]파주!$Q$85 -> 99000 | Z9: =+[11]파주!$R$85 -> 96350.004 | AA9: =+[12]파주!$Q$85 -> 93667.602 | AB9: =+[11]파주!$Q$89 -> 76707.816 | AC9: =+[11]파주!$R$89 -> 80693.655 | AD9: =+[12]파주!$Q$89 -> 75977.981 | AE9: =+Y9-AB9 -> 22292.184 | AF9: =+Z9-AC9 -> 15656.349 | AG9: =+AA9-AD9 -> 17689.621
B10: 김포 | F10: =+U10/T10 -> 0.40571792 | G10: =+K10/J10 -> 0.78575135 | I10: 김포 | J10: =+'사업장별(당월)'!J10+'[4]사업장별(누계)'!J10 -> 185 | K10: =+'사업장별(당월)'!K10+'[4]사업장별(누계)'!K10 -> 145.364 | L10: =+K10-J10 -> -39.636 | M10: =+'사업장별(당월)'!M10+'[4]사업장별(누계)'!M10 -> 192.68068 | N10: =+K10-M10 -> -47.31668 | O10: =+'사업장별(당월)'!O10+'[4]사업장별(누계)'!O10 -> 17729.025 | P10: =+'사업장별(당월)'!P10+'[4]사업장별(누계)'!P10 -> 14094.89 | Q10: =+P10-O10 -> -3634.1358 | R10: =+'사업장별(당월)'!R10+'[4]사업장별(누계)'!R10 -> 17529.715 | S10: =+P10-R10 -> -3434.8253 | T10: =+'사업장별(당월)'!T10+'[4]사업장별(누계)'!T10 -> 2436.1358 | U10: =+'사업장별(당월)'!U10+'[4]사업장별(누계)'!U10 -> 988.38396 | V10: =+U10-T10 -> -1447.7519 | W10: =+'사업장별(당월)'!W10+'[4]사업장별(누계)'!W10 -> 1993.4199 | X10: =+U10-W10 -> -1005.0359 | Y10: =+[11]김포!$Q$85 -> 95832.57 | Z10: =+[11]김포!$R$85 -> 96982.546 | AA10: =+[12]김포!$Q$85 -> 90947.334 | AB10: =+[11]김포!$Q$89 -> 71988.842 | AC10: =+[11]김포!$R$89 -> 76390.145 | AD10: =+[12]김포!$Q$89 -> 69501.601 | AE10: =+Y10-AB10 -> 23843.728 | AF10: =+Z10-AC10 -> 20592.4 | AG10: =+AA10-AD10 -> 21445.732
B11: 부산 | F11: =+U11/T11 -> 0.58068384 | G11: =+K11/J11 -> 0.934806 | I11: 부산 | J11: =+'사업장별(당월)'!J11+'[4]사업장별(누계)'!J11 -> 250 | K11: =+'사업장별(당월)'!K11+'[4]사업장별(누계)'!K11 -> 233.7015 | L11: =+K11-J11 -> -16.2985 | M11: =+'사업장별(당월)'!M11+'[4]사업장별(누계)'!M11 -> 277.287 | N11: =+K11-M11 -> -43.5855 | O11: =+'사업장별(당월)'!O11+'[4]사업장별(누계)'!O11 -> 26900.016 | P11: =+'사업장별(당월)'!P11+'[4]사업장별(누계)'!P11 -> 25325.075 | Q11: =+P11-O11 -> -1574.9411 | R11: =+'사업장별(당월)'!R11+'[4]사업장별(누계)'!R11 -> 28633.863 | S11: =+P11-R11 -> -3308.788 | T11: =+'사업장별(당월)'!T11+'[4]사업장별(누계)'!T11 -> 3992.3074 | U11: =+'사업장별(당월)'!U11+'[4]사업장별(누계)'!U11 -> 2318.2684 | V11: =+U11-T11 -> -1674.039 | W11: =+'사업장별(당월)'!W11+'[4]사업장별(누계)'!W11 -> 4450.033 | X11: =+U11-W11 -> -2131.7646 | Y11: =+[11]부산!$Q$85 -> 107600.07 | Z11: =+[11]부산!$R$85 -> 108365.05 | AA11: =+[12]부산!$Q$85 -> 103264.36 | AB11: =+[11]부산!$Q$89 -> 78876.236 | AC11: =+[11]부산!$R$89 -> 84633.087 | AD11: =+[12]부산!$Q$89 -> 75618.331 | AE11: =+Y11-AB11 -> 28723.829 | AF11: =+Z11-AC11 -> 23731.965 | AG11: =+AA11-AD11 -> 27646.024
B12: 서부산 | F12: =+U12/T12 -> 0.48801075 | G12: =+K12/J12 -> 0.8661069 | I12: 서부산 | J12: =+'사업장별(당월)'!J12+'[4]사업장별(누계)'!J12 -> 290 | K12: =+'사업장별(당월)'!K12+'[4]사업장별(누계)'!K12 -> 251.171 | L12: =+K12-J12 -> -38.829 | M12: =+'사업장별(당월)'!M12+'[4]사업장별(누계)'!M12 -> 271.225 | N12: =+K12-M12 -> -20.054 | O12: =+'사업장별(당월)'!O12+'[4]사업장별(누계)'!O12 -> 30159.998 | P12: =+'사업장별(당월)'!P12+'[4]사업장별(누계)'!P12 -> 25076.528 | Q12: =+P12-O12 -> -5083.4698 | R12: =+'사업장별(당월)'!R12+'[4]사업장별(누계)'!R12 -> 27040.177 | S12: =+P12-R12 -> -1963.6485 | T12: =+'사업장별(당월)'!T12+'[4]사업장별(누계)'!T12 -> 5283.843 | U12: =+'사업장별(당월)'!U12+'[4]사업장별(누계)'!U12 -> 2578.5722 | V12: =+U12-T12 -> -2705.2708 | W12: =+'사업장별(당월)'!W12+'[4]사업장별(누계)'!W12 -> 4306.6418 | X12: =+U12-W12 -> -1728.0696 | Y12: =+[11]서부산!$Q$85 -> 103999.99 | Z12: =+[11]서부산!$R$85 -> 99839.195 | AA12: =+[12]서부산!$Q$85 -> 99696.475 | AB12: =+[11]서부산!$Q$89 -> 76888.306 | AC12: =+[11]서부산!$R$89 -> 78610.502 | AD12: =+[12]서부산!$Q$89 -> 74152.25 | AE12: =+Y12-AB12 -> 27111.687 | AF12: =+Z12-AC12 -> 21228.693 | AG12: =+AA12-AD12 -> 25544.226
B13: 김해 | F13: =+U13/T13 -> 0.41126879 | G13: =+K13/J13 -> 1.0948483 | I13: 김해 | J13: =+'사업장별(당월)'!J13+'[4]사업장별(누계)'!J13 -> 145 | K13: =+'사업장별(당월)'!K13+'[4]사업장별(누계)'!K13 -> 158.753 | L13: =+K13-J13 -> 13.753 | M13: =+'사업장별(당월)'!M13+'[4]사업장별(누계)'!M13 -> 160.974 | N13: =+K13-M13 -> -2.221 | O13: =+'사업장별(당월)'!O13+'[4]사업장별(누계)'!O13 -> 14645 | P13: =+'사업장별(당월)'!P13+'[4]사업장별(누계)'!P13 -> 15104.726 | Q13: =+P13-O13 -> 459.7254 | R13: =+'사업장별(당월)'!R13+'[4]사업장별(누계)'!R13 -> 15772.531 | S13: =+P13-R13 -> -667.80519 | T13: =+'사업장별(당월)'!T13+'[4]사업장별(누계)'!T13 -> 1814.6138 | U13: =+'사업장별(당월)'!U13+'[4]사업장별(누계)'!U13 -> 746.29403 | V13: =+U13-T13 -> -1068.3198 | W13: =+'사업장별(당월)'!W13+'[4]사업장별(누계)'!W13 -> 1882.8468 | X13: =+U13-W13 -> -1136.5528 | Y13: =+[11]김해!$Q$85 -> 101000 | Z13: =+[11]김해!$R$85 -> 95215.143 | AA13: =+[12]김해!$Q$85 -> 97994.963 | AB13: =+[11]김해!$Q$89 -> 76602.541 | AC13: =+[11]김해!$R$89 -> 78787.119 | AD13: =+[12]김해!$Q$89 -> 74987.778 | AE13: =+Y13-AB13 -> 24397.46 | AF13: =+Z13-AC13 -> 16428.023 | AG13: =+AA13-AD13 -> 23007.185
B14: 정관 | F14: =+U14/T14 -> 0.6607729 | G14: =+K14/J14 -> 1.1299357 | I14: 정관 | J14: =+'사업장별(당월)'!J14+'[4]사업장별(누계)'!J14 -> 210 | K14: =+'사업장별(당월)'!K14+'[4]사업장별(누계)'!K14 -> 237.2865 | L14: =+K14-J14 -> 27.2865 | M14: =+'사업장별(당월)'!M14+'[4]사업장별(누계)'!M14 -> 230.961 | N14: =+K14-M14 -> 6.3255 | O14: =+'사업장별(당월)'!O14+'[4]사업장별(누계)'!O14 -> 21840 | P14: =+'사업장별(당월)'!P14+'[4]사업장별(누계)'!P14 -> 24033.942 | Q14: =+P14-O14 -> 2193.942 | R14: =+'사업장별(당월)'!R14+'[4]사업장별(누계)'!R14 -> 23250.528 | S14: =+P14-R14 -> 783.41446 | T14: =+'사업장별(당월)'!T14+'[4]사업장별(누계)'!T14 -> 3004.7719 | U14: =+'사업장별(당월)'!U14+'[4]사업장별(누계)'!U14 -> 1985.4719 | V14: =+U14-T14 -> -1019.3001 | W14: =+'사업장별(당월)'!W14+'[4]사업장별(누계)'!W14 -> 3331.2089 | X14: =+U14-W14 -> -1345.7371 | Y14: =+[11]정관!$Q$85 -> 104000 | Z14: =+[11]정관!$R$85 -> 101286.6 | AA14: =+[12]정관!$Q$85 -> 100668.63 | AB14: =+[11]정관!$Q$89 -> 78413.857 | AC14: =+[11]정관!$R$89 -> 82252.166 | AD14: =+[12]정관!$Q$89 -> 75650.673 | AE14: =+Y14-AB14 -> 25586.143 | AF14: =+Z14-AC14 -> 19034.431 | AG14: =+AA14-AD14 -> 25017.957
B15: 양산 | F15: =+U15/T15 -> 0.67273777 | G15: =+K15/J15 -> 1.1321769 | I15: 양산 | J15: =+'사업장별(당월)'!J15+'[4]사업장별(누계)'!J15 -> 130 | K15: =+'사업장별(당월)'!K15+'[4]사업장별(누계)'!K15 -> 147.183 | L15: =+K15-J15 -> 17.183 | M15: =+'사업장별(당월)'!M15+'[4]사업장별(누계)'!M15 -> 162.65 | N15: =+K15-M15 -> -15.467 | O15: =+'사업장별(당월)'!O15+'[4]사업장별(누계)'!O15 -> 12585.777 | P15: =+'사업장별(당월)'!P15+'[4]사업장별(누계)'!P15 -> 13741.865 | Q15: =+P15-O15 -> 1156.0886 | R15: =+'사업장별(당월)'!R15+'[4]사업장별(누계)'!R15 -> 15160.63 | S15: =+P15-R15 -> -1418.7644 | T15: =+'사업장별(당월)'!T15+'[4]사업장별(누계)'!T15 -> 1718.4074 | U15: =+'사업장별(당월)'!U15+'[4]사업장별(누계)'!U15 -> 1156.0376 | V15: =+U15-T15 -> -562.36984 | W15: =+'사업장별(당월)'!W15+'[4]사업장별(누계)'!W15 -> 1989.2199 | X15: =+U15-W15 -> -833.18234 | Y15: =+[11]양산!$Q$85 -> 96813.667 | Z15: =+[11]양산!$R$85 -> 93365.845 | AA15: =+[12]양산!$Q$85 -> 93211.35 | AB15: =+[11]양산!$Q$89 -> 70691.221 | AC15: =+[11]양산!$R$89 -> 73601.938 | AD15: =+[12]양산!$Q$89 -> 69411.931 | AE15: =+Y15-AB15 -> 26122.446 | AF15: =+Z15-AC15 -> 19763.907 | AG15: =+AA15-AD15 -> 23799.419
B16: 창원 | F16: =+U16/T16 -> 0.84389185 | G16: =+K16/J16 -> 1.0334605 | I16: 창원 | J16: =+'사업장별(당월)'!J16+'[4]사업장별(누계)'!J16 -> 190 | K16: =+'사업장별(당월)'!K16+'[4]사업장별(누계)'!K16 -> 196.3575 | L16: =+K16-J16 -> 6.3575 | M16: =+'사업장별(당월)'!M16+'[4]사업장별(누계)'!M16 -> 241.665 | N16: =+K16-M16 -> -45.3075 | O16: =+'사업장별(당월)'!O16+'[4]사업장별(누계)'!O16 -> 19189.978 | P16: =+'사업장별(당월)'!P16+'[4]사업장별(누계)'!P16 -> 19774.515 | Q16: =+P16-O16 -> 584.53735 | R16: =+'사업장별(당월)'!R16+'[4]사업장별(누계)'!R16 -> 23139.02 | S16: =+P16-R16 -> -3364.5042 | T16: =+'사업장별(당월)'!T16+'[4]사업장별(누계)'!T16 -> 3135.0155 | U16: =+'사업장별(당월)'!U16+'[4]사업장별(누계)'!U16 -> 2645.614 | V16: =+U16-T16 -> -489.40149 | W16: =+'사업장별(당월)'!W16+'[4]사업장별(누계)'!W16 -> 4212.6639 | X16: =+U16-W16 -> -1567.0499 | Y16: =+[11]창원!$Q$85 -> 100999.88 | Z16: =+[11]창원!$R$85 -> 100706.7 | AA16: =+[12]창원!$Q$85 -> 95748.327 | AB16: =+[11]창원!$Q$89 -> 72392.836 | AC16: =+[11]창원!$R$89 -> 75043.236 | AD16: =+[12]창원!$Q$89 -> 68422.884 | AE16: =+Y16-AB16 -> 28607.049 | AF16: =+Z16-AC16 -> 25663.462 | AG16: =+AA16-AD16 -> 27325.444
B17: 대구 | F17: =+U17/T17 -> 0.79180775 | G17: =+K17/J17 -> 1.0002105 | I17: 대구 | J17: =+'사업장별(당월)'!J17+'[4]사업장별(누계)'!J17 -> 190 | K17: =+'사업장별(당월)'!K17+'[4]사업장별(누계)'!K17 -> 190.04 | L17: =+K17-J17 -> 0.04 | M17: =+'사업장별(당월)'!M17+'[4]사업장별(누계)'!M17 -> 233.6025 | N17: =+K17-M17 -> -43.5625 | O17: =+'사업장별(당월)'!O17+'[4]사업장별(누계)'!O17 -> 18576.78 | P17: =+'사업장별(당월)'!P17+'[4]사업장별(누계)'!P17 -> 18889.929 | Q17: =+P17-O17 -> 313.14852 | R17: =+'사업장별(당월)'!R17+'[4]사업장별(누계)'!R17 -> 21812.109 | S17: =+P17-R17 -> -2922.1801 | T17: =+'사업장별(당월)'!T17+'[4]사업장별(누계)'!T17 -> 3222.374 | U17: =+'사업장별(당월)'!U17+'[4]사업장별(누계)'!U17 -> 2551.5007 | V17: =+U17-T17 -> -670.87329 | W17: =+'사업장별(당월)'!W17+'[4]사업장별(누계)'!W17 -> 3768.1727 | X17: =+U17-W17 -> -1216.672 | Y17: =+[11]대구!$Q$85 -> 97772.526 | Z17: =+[11]대구!$R$85 -> 99399.551 | AA17: =+[12]대구!$Q$85 -> 93371.61 | AB17: =+[11]대구!$Q$89 -> 70028.043 | AC17: =+[11]대구!$R$89 -> 74512.502 | AD17: =+[12]대구!$Q$89 -> 67700.232 | AE17: =+Y17-AB17 -> 27744.484 | AF17: =+Z17-AC17 -> 24887.049 | AG17: =+AA17-AD17 -> 25671.377
B18: 울산 | F18: =+U18/T18 -> 1.878932 | G18: =+K18/J18 -> 1.2201182 | I18: 울산 | J18: =+'사업장별(당월)'!J18+'[4]사업장별(누계)'!J18 -> 110 | K18: =+'사업장별(당월)'!K18+'[4]사업장별(누계)'!K18 -> 134.213 | L18: =+K18-J18 -> 24.213 | M18: =+'사업장별(당월)'!M18+'[4]사업장별(누계)'!M18 -> 99.671 | N18: =+K18-M18 -> 34.542 | O18: =+'사업장별(당월)'!O18+'[4]사업장별(누계)'!O18 -> 11056.96 | P18: =+'사업장별(당월)'!P18+'[4]사업장별(누계)'!P18 -> 13929.268 | Q18: =+P18-O18 -> 2872.3084 | R18: =+'사업장별(당월)'!R18+'[4]사업장별(누계)'!R18 -> 9524.286 | S18: =+P18-R18 -> 4404.9824 | T18: =+'사업장별(당월)'!T18+'[4]사업장별(누계)'!T18 -> 762.35532 | U18: =+'사업장별(당월)'!U18+'[4]사업장별(누계)'!U18 -> 1432.4138 | V18: =+U18-T18 -> 670.05849 | W18: =+'사업장별(당월)'!W18+'[4]사업장별(누계)'!W18 -> 449.68848 | X18: =+U18-W18 -> 982.72533 | Y18: =+[11]울산!$Q$85 -> 100517.82 | Z18: =+[11]울산!$R$85 -> 103784.79 | AA18: =+[12]울산!$Q$85 -> 95568.808 | AB18: =+[11]울산!$Q$89 -> 78953.17 | AC18: =+[11]울산!$R$89 -> 80835.204 | AD18: =+[12]울산!$Q$89 -> 74821.787 | AE18: =+Y18-AB18 -> 21564.649 | AF18: =+Z18-AC18 -> 22949.589 | AG18: =+AA18-AD18 -> 20747.02
B19: 아산 | F19: =+U19/T19 -> 1.0077685 | G19: =+K19/J19 -> 1.1340875 | I19: 아산 | J19: =+'사업장별(당월)'!J19+'[4]사업장별(누계)'!J19 -> 280 | K19: =+'사업장별(당월)'!K19+'[4]사업장별(누계)'!K19 -> 317.5445 | L19: =+K19-J19 -> 37.5445 | M19: =+'사업장별(당월)'!M19+'[4]사업장별(누계)'!M19 -> 305.731 | N19: =+K19-M19 -> 11.8135 | O19: =+'사업장별(당월)'!O19+'[4]사업장별(누계)'!O19 -> 28280.023 | P19: =+'사업장별(당월)'!P19+'[4]사업장별(누계)'!P19 -> 32020.142 | Q19: =+P19-O19 -> 3740.119 | R19: =+'사업장별(당월)'!R19+'[4]사업장별(누계)'!R19 -> 29270.653 | S19: =+P19-R19 -> 2749.4894 | T19: =+'사업장별(당월)'!T19+'[4]사업장별(누계)'!T19 -> 4154.4139 | U19: =+'사업장별(당월)'!U19+'[4]사업장별(누계)'!U19 -> 4186.6874 | V19: =+U19-T19 -> 32.273491 | W19: =+'사업장별(당월)'!W19+'[4]사업장별(누계)'!W19 -> 4413.5563 | X19: =+U19-W19 -> -226.86896 | Y19: =+[11]아산!$Q$85 -> 101000.08 | Z19: =+[11]아산!$R$85 -> 100779.84 | AA19: =+[12]아산!$Q$85 -> 95764.347 | AB19: =+[11]아산!$Q$89 -> 77025.019 | AC19: =+[11]아산!$R$89 -> 77860.035 | AD19: =+[12]아산!$Q$89 -> 72036.358 | AE19: =+Y19-AB19 -> 23975.065 | AF19: =+Z19-AC19 -> 22919.805 | AG19: =+AA19-AD19 -> 23727.989
B20: 전주 | F20: =+U20/T20 -> 0.27525903 | G20: =+K20/J20 -> 0.74710357 | I20: 전주 | J20: =+'사업장별(당월)'!J20+'[4]사업장별(누계)'!J20 -> 140 | K20: =+'사업장별(당월)'!K20+'[4]사업장별(누계)'!K20 -> 104.5945 | L20: =+K20-J20 -> -35.4055 | M20: =+'사업장별(당월)'!M20+'[4]사업장별(누계)'!M20 -> 129.7835 | N20: =+K20-M20 -> -25.189 | O20: =+'사업장별(당월)'!O20+'[4]사업장별(누계)'!O20 -> 14349.934 | P20: =+'사업장별(당월)'!P20+'[4]사업장별(누계)'!P20 -> 10098.437 | Q20: =+P20-O20 -> -4251.4969 | R20: =+'사업장별(당월)'!R20+'[4]사업장별(누계)'!R20 -> 12573.946 | S20: =+P20-R20 -> -2475.5088 | T20: =+'사업장별(당월)'!T20+'[4]사업장별(누계)'!T20 -> 2325.1445 | U20: =+'사업장별(당월)'!U20+'[4]사업장별(누계)'!U20 -> 640.01701 | V20: =+U20-T20 -> -1685.1274 | W20: =+'사업장별(당월)'!W20+'[4]사업장별(누계)'!W20 -> 1805.491 | X20: =+U20-W20 -> -1165.474 | Y20: =+[11]전주!$Q$85 -> 102499.53 | Z20: =+[11]전주!$R$85 -> 96550.173 | AA20: =+[12]전주!$Q$85 -> 96959.889 | AB20: =+[11]전주!$Q$89 -> 73490.37 | AC20: =+[11]전주!$R$89 -> 72741.123 | AD20: =+[12]전주!$Q$89 -> 69016.785 | AE20: =+Y20-AB20 -> 29009.16 | AF20: =+Z20-AC20 -> 23809.049 | AG20: =+AA20-AD20 -> 27943.104
B21: 군산 | F21: =+U21/T21 -> 1.3364352 | G21: =+K21/J21 -> 1.2292687 | I21: 군산 | J21: =+'사업장별(당월)'!J21+'[4]사업장별(누계)'!J21 -> 80 | K21: =+'사업장별(당월)'!K21+'[4]사업장별(누계)'!K21 -> 98.3415 | L21: =+K21-J21 -> 18.3415 | M21: =+'사업장별(당월)'!M21+'[4]사업장별(누계)'!M21 -> 94.5315 | N21: =+K21-M21 -> 3.81 | O21: =+'사업장별(당월)'!O21+'[4]사업장별(누계)'!O21 -> 8720.0097 | P21: =+'사업장별(당월)'!P21+'[4]사업장별(누계)'!P21 -> 11049.972 | Q21: =+P21-O21 -> 2329.9621 | R21: =+'사업장별(당월)'!R21+'[4]사업장별(누계)'!R21 -> 9455.6124 | S21: =+P21-R21 -> 1594.3594 | T21: =+'사업장별(당월)'!T21+'[4]사업장별(누계)'!T21 -> 2187.8865 | U21: =+'사업장별(당월)'!U21+'[4]사업장별(누계)'!U21 -> 2923.9684 | V21: =+U21-T21 -> 736.08195 | W21: =+'사업장별(당월)'!W21+'[4]사업장별(누계)'!W21 -> 2178.8395 | X21: =+U21-W21 -> 745.12894 | Y21: =+[11]군산!$Q$85 -> 109000.12 | Z21: =+[11]군산!$R$85 -> 112375.86 | AA21: =+[12]군산!$Q$85 -> 99942.58 | AB21: =+[11]군산!$Q$89 -> 69886.433 | AC21: =+[11]군산!$R$89 -> 72449.184 | AD21: =+[12]군산!$Q$89 -> 65770.95 | AE21: =+Y21-AB21 -> 39113.688 | AF21: =+Z21-AC21 -> 39926.677 | AG21: =+AA21-AD21 -> 34171.63
B22: 원주 | F22: =+U22/T22 -> 1.3096612 | G22: =+K22/J22 -> 1.0746833 | I22: 원주 | J22: =+'사업장별(당월)'!J22+'[4]사업장별(누계)'!J22 -> 60 | K22: =+'사업장별(당월)'!K22+'[4]사업장별(누계)'!K22 -> 64.481 | L22: =+K22-J22 -> 4.481 | M22: =+'사업장별(당월)'!M22+'[4]사업장별(누계)'!M22 -> 59.036 | N22: =+K22-M22 -> 5.445 | O22: =+'사업장별(당월)'!O22+'[4]사업장별(누계)'!O22 -> 6474 | P22: =+'사업장별(당월)'!P22+'[4]사업장별(누계)'!P22 -> 7251.5746 | Q22: =+P22-O22 -> 777.57457 | R22: =+'사업장별(당월)'!R22+'[4]사업장별(누계)'!R22 -> 6026.7527 | S22: =+P22-R22 -> 1224.8219 | T22: =+'사업장별(당월)'!T22+'[4]사업장별(누계)'!T22 -> 1044.9435 | U22: =+'사업장별(당월)'!U22+'[4]사업장별(누계)'!U22 -> 1368.5219 | V22: =+U22-T22 -> 323.57845 | W22: =+'사업장별(당월)'!W22+'[4]사업장별(누계)'!W22 -> 911.02585 | X22: =+U22-W22 -> 457.49608 | Y22: =+[11]원주!$Q$85 -> 107900 | Z22: =+[11]원주!$R$85 -> 112465.4 | AA22: =+[12]원주!$Q$85 -> 102089.73 | AB22: =+[11]원주!$Q$89 -> 73463.226 | AC22: =+[11]원주!$R$89 -> 74063.851 | AD22: =+[12]원주!$Q$89 -> 69160.182 | AE22: =+Y22-AB22 -> 34436.774 | AF22: =+Z22-AC22 -> 38401.546 | AG22: =+AA22-AD22 -> 32929.547
B23: 제주 | F23: =+U23/T23 -> 0.26002146 | G23: =+K23/J23 -> 0.6142 | I23: 제주 | J23: =+'사업장별(당월)'!J23+'[4]사업장별(누계)'!J23 -> 70 | K23: =+'사업장별(당월)'!K23+'[4]사업장별(누계)'!K23 -> 42.994 | L23: =+K23-J23 -> -27.006 | M23: =+'사업장별(당월)'!M23+'[4]사업장별(누계)'!M23 -> 81.9685 | N23: =+K23-M23 -> -38.9745 | O23: =+'사업장별(당월)'!O23+'[4]사업장별(누계)'!O23 -> 8874.9 | P23: =+'사업장별(당월)'!P23+'[4]사업장별(누계)'!P23 -> 5315.1092 | Q23: =+P23-O23 -> -3559.7908 | R23: =+'사업장별(당월)'!R23+'[4]사업장별(누계)'!R23 -> 9785.5747 | S23: =+P23-R23 -> -4470.4655 | T23: =+'사업장별(당월)'!T23+'[4]사업장별(누계)'!T23 -> 1415.4948 | U23: =+'사업장별(당월)'!U23+'[4]사업장별(누계)'!U23 -> 368.05902 | V23: =+U23-T23 -> -1047.4358 | W23: =+'사업장별(당월)'!W23+'[4]사업장별(누계)'!W23 -> 1769.8158 | X23: =+U23-W23 -> -1401.7568 | Y23: =+[11]제주!$Q$85 -> 126784.29 | Z23: =+[11]제주!$R$85 -> 123624.44 | AA23: =+[12]제주!$Q$85 -> 119419.3 | AB23: =+[11]제주!$Q$89 -> 90825.972 | AC23: =+[11]제주!$R$89 -> 89420.481 | AD23: =+[12]제주!$Q$89 -> 84321.962 | AE23: =+Y23-AB23 -> 35958.313 | AF23: =+Z23-AC23 -> 34203.96 | AG23: =+AA23-AD23 -> 35097.338
F24: =+U24/T24 -> 0.45411248 | G24: =+K24/J24 -> 0.88676531 | I24: 수도권 | J24: =SUM(J7:J10) -> 1355 | K24: =SUM(K7:K10) -> 1201.567 | L24: =+K24-J24 -> -153.433 | M24: =SUM(M7:M10) -> 1494.5417 | N24: =+K24-M24 -> -292.97468 | O24: =SUM(O7:O10) -> 135817.94 | P24: =SUM(P7:P10) -> 117954.16 | Q24: =+P24-O24 -> -17863.79 | R24: =SUM(R7:R10) -> 140340.5 | S24: =+P24-R24 -> -22386.344 | T24: =SUM(T7:T10) -> 17915.952 | U24: =SUM(U7:U10) -> 8135.8575 | V24: =+U24-T24 -> -9780.0947 | W24: =SUM(W7:W10) -> 15921.669 | X24: =+U24-W24 -> -7785.8112 | Y24: =+[11]수도권!$Q$85 -> 100234.65 | Z24: =+[11]수도권!$R$85 -> 98175.052 | AA24: =+[12]수도권!$Q$85 -> 93881.756 | AB24: =+[11]수도권!$Q$89 -> 78291.649 | AC24: =+[11]수도권!$R$89 -> 81236.794 | AD24: =+[12]수도권!$Q$89 -> 74767.643 | AE24: =+Y24-AB24 -> 21942.997 | AF24: =+Z24-AC24 -> 16938.258 | AG24: =+AA24-AD24 -> 19114.113
F25: =+U25/T25 -> 0.67211921 | G25: =+K25/J25 -> 1.0222479 | I25: 영남권 | J25: =SUM(J11:J18) -> 1515 | K25: =SUM(K11:K18) -> 1548.7055 | L25: =+K25-J25 -> 33.7055 | M25: =SUM(M11:M18) -> 1678.0355 | N25: =+K25-M25 -> -129.33 | O25: =SUM(O11:O18) -> 154954.51 | P25: =SUM(P11:P18) -> 155875.85 | Q25: =+P25-O25 -> 921.33935 | R25: =SUM(R11:R18) -> 164333.14 | S25: =+P25-R25 -> -8457.2934 | T25: =SUM(T11:T18) -> 22933.688 | U25: =SUM(U11:U18) -> 15414.173 | V25: =+U25-T25 -> -7519.5158 | W25: =SUM(W11:W18) -> 24390.476 | X25: =+U25-W25 -> -8976.3029 | Y25: =+[11]영남권!$Q$85 -> 102280.2 | Z25: =+[11]영남권!$R$85 -> 100664.51 | AA25: =+[12]영남권!$Q$85 -> 97936.196 | AB25: =+[11]영남권!$Q$89 -> 75594.469 | AC25: =+[11]영남권!$R$89 -> 78859.643 | AD25: =+[12]영남권!$Q$89 -> 72543.876 | AE25: =+Y25-AB25 -> 26685.735 | AF25: =+Z25-AC25 -> 21804.868 | AG25: =+AA25-AD25 -> 25392.32
F26: =+U26/T26 -> 0.85256591 | G26: =+K26/J26 -> 0.99675476 | I26: 중부권 | J26: =SUM(J19:J23) -> 630 | K26: =SUM(K19:K23) -> 627.9555 | L26: =+K26-J26 -> -2.0445 | M26: =SUM(M19:M23) -> 671.0505 | N26: =+K26-M26 -> -43.095 | O26: =SUM(O19:O23) -> 66698.867 | P26: =SUM(P19:P23) -> 65735.235 | Q26: =+P26-O26 -> -963.63199 | R26: =SUM(R19:R23) -> 67112.539 | S26: =+P26-R26 -> -1377.3037 | T26: =SUM(T19:T23) -> 11127.883 | U26: =SUM(U19:U23) -> 9487.2538 | V26: =+U26-T26 -> -1640.6293 | W26: =SUM(W19:W23) -> 11078.729 | X26: =+U26-W26 -> -1591.4748 | Y26: =+[11]중부권!$Q$85 -> 105871.22 | Z26: =+[11]중부권!$R$85 -> 104665.49 | AA26: =+[12]중부권!$Q$85 -> 100087.18 | AB26: =+[11]중부권!$Q$89 -> 76527.275 | AC26: =+[11]중부권!$R$89 -> 76562.819 | AD26: =+[12]중부권!$Q$89 -> 71825.071 | AE26: =+Y26-AB26 -> 29343.943 | AF26: =+Z26-AC26 -> 28102.675 | AG26: =+AA26-AD26 -> 28262.113
F27: =+U27/T27 -> 0.63560711 | G27: =+K27/J27 -> 0.965208 | H27: 레미콘 계 | J27: =SUM(J24:J26) -> 3500 | K27: =SUM(K24:K26) -> 3378.228 | L27: =+K27-J27 -> -121.772 | M27: =SUM(M24:M26) -> 3843.6277 | N27: =+K27-M27 -> -465.39968 | O27: =SUM(O24:O26) -> 357471.32 | P27: =SUM(P24:P26) -> 339565.24 | Q27: =+P27-O27 -> -17906.082 | R27: =SUM(R24:R26) -> 371786.18 | S27: =+P27-R27 -> -32220.942 | T27: =SUM(T24:T26) -> 51977.524 | U27: =SUM(U24:U26) -> 33037.284 | V27: =+U27-T27 -> -18940.24 | W27: =SUM(W24:W26) -> 51390.873 | X27: =+U27-W27 -> -18353.589 | Y27: =+[11]합계!$Q$85 -> 102134.66 | Z27: =+[11]합계!$R$85 -> 100523.03 | AA27: =+[12]합계!$Q$85 -> 96729.942 | AB27: =+[11]합계!$Q$89 -> 76806.568 | AC27: =+[11]합계!$R$89 -> 79276.383 | AD27: =+[12]합계!$Q$89 -> 73284.064 | AE27: =+Y27-AB27 -> 25328.095 | AF27: =+Z27-AC27 -> 21246.651 | AG27: =+AA27-AD27 -> 23445.878
B28: 건자재 | E28: 건자재영업 | G28: =+K28/J28 -> 1.1684912 | H28: 건자재 | J28: =+'사업장별(당월)'!J28+'[4]사업장별(누계)'!J28 -> 90000 | K28: =+'사업장별(당월)'!K28+'[4]사업장별(누계)'!K28 -> 105164.21 | L28: =+K28-J28 -> 15164.211 | M28: =+'사업장별(당월)'!M28+'[4]사업장별(누계)'!M28 -> 96546.947 | N28: =+K28-M28 -> 8617.264 | O28: =+'사업장별(당월)'!O28+'[4]사업장별(누계)'!O28 -> 110033.79 | P28: =+'사업장별(당월)'!P28+'[4]사업장별(누계)'!P28 -> 103999.85 | Q28: =+P28-O28 -> -6033.9467 | R28: =+'사업장별(당월)'!R28+'[4]사업장별(누계)'!R28 -> 118368.38 | S28: =+P28-R28 -> -14368.53 | T28: =+'사업장별(당월)'!T28+'[4]사업장별(누계)'!T28 -> 1300.4307 | U28: =+'사업장별(당월)'!U28+'[4]사업장별(누계)'!U28 -> 500.75828 | V28: =+U28-T28 -> -799.6724 | W28: =+'사업장별(당월)'!W28+'[4]사업장별(누계)'!W28 -> 781.64686 | X28: =+U28-W28 -> -280.88858 | Y28: ■ 비고
B29: 부산모래장 | C29: 부산골재 | G29: =+P28/O28 -> 0.94516279 | H29: 골재 | I29: 부산모래장 | J29: =+'사업장별(당월)'!J29+'[4]사업장별(누계)'!J29 -> 300.00018 | K29: =+'사업장별(당월)'!K29+'[4]사업장별(누계)'!K29 -> 238.353 | L29: =+K29-J29 -> -61.647176 | M29: =+'사업장별(당월)'!M29+'[4]사업장별(누계)'!M29 -> 309.49 | N29: =+K29-M29 -> -71.137 | O29: =+'사업장별(당월)'!O29+'[4]사업장별(누계)'!O29 -> 8721.9064 | P29: =+'사업장별(당월)'!P29+'[4]사업장별(누계)'!P29 -> 6922.5481 | Q29: =+P29-O29 -> -1799.3583 | R29: =+'사업장별(당월)'!R29+'[4]사업장별(누계)'!R29 -> 9008.1724 | S29: =+P29-R29 -> -2085.6243 | T29: =+'사업장별(당월)'!T29+'[4]사업장별(누계)'!T29 -> 504.52215 | U29: =+'사업장별(당월)'!U29+'[4]사업장별(누계)'!U29 -> 339.72439 | V29: =+U29-T29 -> -164.79776 | W29: =+'사업장별(당월)'!W29+'[4]사업장별(누계)'!W29 -> 349.85153 | X29: =+U29-W29 -> -10.127139
B30: 서부산크라샤 | C30: 서부산골재 | I30: 서부산CR | J30: =+'사업장별(당월)'!J30+'[4]사업장별(누계)'!J30 -> 425.99938 | K30: =+'사업장별(당월)'!K30+'[4]사업장별(누계)'!K30 -> 172.092 | L30: =+K30-J30 -> -253.90738 | M30: =+'사업장별(당월)'!M30+'[4]사업장별(누계)'!M30 -> 398.542 | N30: =+K30-M30 -> -226.45 | O30: =+'사업장별(당월)'!O30+'[4]사업장별(누계)'!O30 -> 5334.5644 | P30: =+'사업장별(당월)'!P30+'[4]사업장별(누계)'!P30 -> 2413.663 | Q30: =+P30-O30 -> -2920.9014 | R30: =+'사업장별(당월)'!R30+'[4]사업장별(누계)'!R30 -> 4805.302 | S30: =+P30-R30 -> -2391.639 | T30: =+'사업장별(당월)'!T30+'[4]사업장별(누계)'!T30 -> 1089.7857 | U30: =+'사업장별(당월)'!U30+'[4]사업장별(누계)'!U30 -> -278.72642 | V30: =+U30-T30 -> -1368.5122 | W30: =+'사업장별(당월)'!W30+'[4]사업장별(누계)'!W30 -> 751.30645 | X30: =+U30-W30 -> -1030.0329
B31: 부산크라샤 | C31: 부산크라샤 | I31: 부산CR | J31: =+'사업장별(당월)'!J31+'[4]사업장별(누계)'!J31 -> 499.99988 | K31: =+'사업장별(당월)'!K31+'[4]사업장별(누계)'!K31 -> 429.666 | L31: =+K31-J31 -> -70.333877 | M31: =+'사업장별(당월)'!M31+'[4]사업장별(누계)'!M31 -> 140.068 | N31: =+K31-M31 -> 289.598 | O31: =+'사업장별(당월)'!O31+'[4]사업장별(누계)'!O31 -> 9023.7827 | P31: =+'사업장별(당월)'!P31+'[4]사업장별(누계)'!P31 -> 7733.933 | Q31: =+P31-O31 -> -1289.8497 | R31: =+'사업장별(당월)'!R31+'[4]사업장별(누계)'!R31 -> 2460.752 | S31: =+P31-R31 -> 5273.181 | T31: =+'사업장별(당월)'!T31+'[4]사업장별(누계)'!T31 -> 510.85123 | U31: =+'사업장별(당월)'!U31+'[4]사업장별(누계)'!U31 -> -822.30434 | V31: =+U31-T31 -> -1333.1556 | W31: =+'사업장별(당월)'!W31+'[4]사업장별(누계)'!W31 -> -620.61894 | X31: =+U31-W31 -> -201.6854
G32: =+K32/J32 -> 0.68524583 | H32: 골재 계 | J32: =SUM(J29:J31) -> 1225.9994 | K32: =SUM(K29:K31) -> 840.111 | L32: =+K32-J32 -> -385.88844 | M32: =SUM(M29:M31) -> 848.1 | N32: =+K32-M32 -> -7.989 | O32: =SUM(O29:O31) -> 23080.254 | P32: =SUM(P29:P31) -> 17070.144 | Q32: =+P32-O32 -> -6010.1094 | R32: =SUM(R29:R31) -> 16274.226 | S32: =+P32-R32 -> 795.91768 | T32: =SUM(T29:T31) -> 2105.1591 | U32: =SUM(U29:U31) -> -761.30637 | V32: =+U32-T32 -> -2866.4655 | W32: =SUM(W29:W31) -> 480.53905 | X32: =+U32-W32 -> -1241.8454
B33: 포항임대 | C33: 속초임대 | D33: 강릉임대 | E33: 레미콘임대 계 | H33: 기타 | I33: 레미콘임대 | L33: =+K33-J33 -> 0 | N33: =+K33-M33 -> 0 | O33: =+'사업장별(당월)'!O33+'[4]사업장별(누계)'!O33 -> 1090.08 | P33: =+'사업장별(당월)'!P33+'[4]사업장별(누계)'!P33 -> 1090.08 | Q33: =+P33-O33 -> 0 | R33: =+'사업장별(당월)'!R33+'[4]사업장별(누계)'!R33 -> 1021.33 | S33: =+P33-R33 -> 68.75 | T33: =+'사업장별(당월)'!T33+'[4]사업장별(누계)'!T33 -> 817.57517 | U33: =+'사업장별(당월)'!U33+'[4]사업장별(누계)'!U33 -> 771.41686 | V33: =+U33-T33 -> -46.158314 | W33: =+'사업장별(당월)'!W33+'[4]사업장별(누계)'!W33 -> 691.94446 | X33: =+U33-W33 -> 79.472395
B34: 부동산임대 | C34: 주유소임대 | E34: 임대 계 | I34: 임대 | L34: =+K34-J34 -> 0 | M34: 0 | N34: =+K34-M34 -> 0 | O34: =+'사업장별(당월)'!O34+'[4]사업장별(누계)'!O34 -> 868.17 | P34: =+'사업장별(당월)'!P34+'[4]사업장별(누계)'!P34 -> 875.84247 | Q34: =+P34-O34 -> 7.672466 | R34: =+'사업장별(당월)'!R34+'[4]사업장별(누계)'!R34 -> 1116.1273 | S34: =+P34-R34 -> -240.28482 | T34: =+'사업장별(당월)'!T34+'[4]사업장별(누계)'!T34 -> 795.42736 | U34: =+'사업장별(당월)'!U34+'[4]사업장별(누계)'!U34 -> 800.92319 | V34: =+U34-T34 -> 5.495828 | W34: =+'사업장별(당월)'!W34+'[4]사업장별(누계)'!W34 -> 787.04432 | X34: =+U34-W34 -> 13.87887
B35: 공 통 비 | G35: ㎥ | I35: 공통비 | L35: =+K35-J35 -> 0 | N35: =+K35-M35 -> 0 | O35: =+'사업장별(당월)'!O35+'[4]사업장별(누계)'!O35 -> 0 | P35: =+'사업장별(당월)'!P35+'[4]사업장별(누계)'!P35 -> 0 | Q35: =+P35-O35 -> 0 | R35: =+'사업장별(당월)'!R35+'[4]사업장별(누계)'!R35 -> 0 | S35: =+P35-R35 -> 0 | T35: =+'사업장별(당월)'!T35+'[4]사업장별(누계)'!T35 -> -16184.901 | U35: =+'사업장별(당월)'!U35+'[4]사업장별(누계)'!U35 -> -17443.479 | V35: =+U35-T35 -> -1258.5787 | W35: =+'사업장별(당월)'!W35+'[4]사업장별(누계)'!W35 -> -15938.368 | X35: =+U35-W35 -> -1505.1112
I36: 대손 | N36: =+K36-M36 -> 0 | O36: =+'사업장별(당월)'!O37+'[4]사업장별(누계)'!O37 -> 0 | P36: =+'사업장별(당월)'!P37+'[4]사업장별(누계)'!P37 -> 0 | Q36: =+P36-O36 -> 0 | R36: =+'사업장별(당월)'!R37+'[4]사업장별(누계)'!R37 -> 0 | S36: =+P36-R36 -> 0 | T36: =+'사업장별(당월)'!T37+'[4]사업장별(누계)'!T37 -> 0 | U36: =+'사업장별(당월)'!U37+'[4]사업장별(누계)'!U37 -> -254.34662 | V36: =+U36-T36 -> -254.34662 | W36: =+'사업장별(당월)'!W37+'[4]사업장별(누계)'!W37 -> -2957.9954 | X36: =+U36-W36 -> 2703.6487
I37: 미운영 공장 | M37: =SUM(M53:M56) -> 0 | N37: =+K37-M37 -> 0 | O37: =+'사업장별(당월)'!O38+'[4]사업장별(누계)'!O38 -> 0 | P37: =+'사업장별(당월)'!P38+'[4]사업장별(누계)'!P38 -> 0 | Q37: =+P37-O37 -> 0 | R37: =+'사업장별(당월)'!R38+'[4]사업장별(누계)'!R38 -> 188.626 | S37: =+P37-R37 -> -188.626 | T37: =+'사업장별(당월)'!T38+'[4]사업장별(누계)'!T38 -> -346.52851 | U37: =+'사업장별(당월)'!U38+'[4]사업장별(누계)'!U38 -> -408.81052 | V37: =+U37-T37 -> -62.282012 | W37: =+'사업장별(당월)'!W38+'[4]사업장별(누계)'!W38 -> -142.77903 | X37: =+U37-W37 -> -266.0315
B38: 기타 계 | I38: 기타 | L38: =+K38-J38 -> 0 | N38: =+K38-M38 -> 0 | O38: =+'사업장별(당월)'!O39+'[4]사업장별(누계)'!O39 -> 21.24 | P38: =+'사업장별(당월)'!P39+'[4]사업장별(누계)'!P39 -> 20.98485 | Q38: =+P38-O38 -> -0.25515 | R38: =+'사업장별(당월)'!R39+'[4]사업장별(누계)'!R39 -> -13.0193 | S38: =+P38-R38 -> 34.00415 | T38: =+'사업장별(당월)'!T39+'[4]사업장별(누계)'!T39++'사업장별(당월)'!T36+'[4]사업장별(누계)'!T36 -> 549.68262 | U38: =+'사업장별(당월)'!U39+'[4]사업장별(누계)'!U39+'사업장별(당월)'!U36+'[4]사업장별(누계)'!U36 -> 1075.3122 | V38: =+U38-T38 -> 525.62958 | W38: =+'사업장별(당월)'!W39+'[4]사업장별(누계)'!W39 -> -265.85987 | X38: =+U38-W38 -> 1341.1721
N39: =+K39-M39 -> 0 | O39: =+'사업장별(당월)'!O40+'[4]사업장별(누계)'!O40 -> 0 | P39: =+'사업장별(당월)'!P40+'[4]사업장별(누계)'!P40 -> 0 | Q39: =+P39-O39 -> 0 | R39: =+'사업장별(당월)'!R40+'[4]사업장별(누계)'!R40 -> 0 | S39: =+P39-R39 -> 0 | T39: =+'사업장별(당월)'!T40+'[4]사업장별(누계)'!T40 -> 0 | U39: =+'사업장별(당월)'!U40+'[4]사업장별(누계)'!U40 -> 0 | V39: =+U39-T39 -> 0 | W39: =+'사업장별(당월)'!W40+'[4]사업장별(누계)'!W40 -> 0
H40: 기타 계 | J40: =SUM(J33:J39) -> 0 | K40: =SUM(K33:K39) -> 0 | L40: =+K40-J40 -> 0 | M40: =SUM(M33:M39) -> 0 | N40: =+K40-M40 -> 0 | O40: =SUM(O33:O39) -> 1979.49 | P40: =SUM(P33:P39) -> 1986.9073 | Q40: =+P40-O40 -> 7.417316 | R40: =SUM(R33:R39) -> 2313.064 | S40: =+P40-R40 -> -326.15667 | T40: =SUM(T33:T39) -> -14368.744 | U40: =SUM(U33:U39) -> -15458.984 | V40: =+U40-T40 -> -1090.2403 | W40: =SUM(W33:W39) -> -17826.014 | X40: =+U40-W40 -> 2367.0294
G42: =+P42/O42 -> 0.9392106 | H42: 합계 | O42: =+O27+O32+O28+O40 -> 492564.86 | P42: =+P27+P32+P28+P40 -> 462622.14 | Q42: =+P42-O42 -> -29942.721 | R42: =+R27+R32+R28+R40 -> 508741.85 | S42: =+P42-R42 -> -46119.711 | T42: =+T27+T32+T28+T40 -> 41014.369 | U42: =+U27+U32+U28+U40 -> 17317.751 | V42: =+U42-T42 -> -23696.618 | W42: =+W27+W32+W28+W40 -> 34827.045 | X42: =+U42-W42 -> -17509.294
G43: =+U42/T42 -> 0.4222362 | P43: =+P42/O42 -> 0.9392106 | T43: =+T42/O42 -> 0.083266942 | U43: =+U42/P42 -> 0.037433901
I45: 확인 | J45: =+'사업장별(당월)'!J46+'[4]사업장별(누계)'!J46 -> 3500 | K45: =+'사업장별(당월)'!K46+'[4]사업장별(누계)'!K46 -> 3378.228 | M45: =+'사업장별(당월)'!M46+'[4]사업장별(누계)'!M46 -> 3843.6277 | O45: =+'사업장별(당월)'!O46+'[4]사업장별(누계)'!O46 -> 492564.86 | P45: =+'사업장별(당월)'!P46+'[4]사업장별(누계)'!P46 -> 462622.14 | R45: =+'사업장별(당월)'!R46+'[4]사업장별(누계)'!R46 -> 508741.85 | T45: =+'사업장별(당월)'!T46+'[4]사업장별(누계)'!T46 -> 41014.369 | U45: =+'사업장별(당월)'!U46+'[4]사업장별(누계)'!U46 -> 17317.751 | W45: =+'사업장별(당월)'!W46+'[4]사업장별(누계)'!W46 -> 35856.03
J46: =+J45-J27 -> 0 | K46: =+K45-K27 -> 0 | M46: =+M45-M27 -> 0 | O46: =+O45-O42 -> 0 | P46: =+P45-P42 -> 0 | R46: =+R45-R42 -> 0 | T46: =+T45-T42 -> 0 | U46: =+U45-U42 -> 0 | W46: =+W45-W42 -> 1028.9851
U47: =+U42-U28 -> 16816.993
S49: 레미콘 | T49: =(+T27+T35)/100 -> 357.92623 | U49: =(+U27+U35)/100 -> 155.93804 | V49: =+U49-T49 -> -201.98819 | W49: =+U49/T49-1 -> -0.5643291
S50: 건자재 | T50: =+T28/100 -> 13.004307 | U50: =+U28/100 -> 5.0075828 | V50: =+U50-T50 -> -7.996724
S51: 골재 | T51: =+T32/100 -> 21.051591 | U51: =+U32/100 -> -7.6130637 | V51: =+U51-T51 -> -28.664655
S52: 임대 | T52: =(T33+T34)/100 -> 16.130025 | U52: =(U33+U34)/100 -> 15.7234 | V52: =+U52-T52 -> -0.40662486
S53: 기타 | T53: =(T45/100)-T49-T50-T51-T52 -> 2.0315411 | U53: =(U45/100)-U49-U50-U51-U52 -> 4.1215505 | V53: =+U53-T53 -> 2.0900094

Sheet 건자재
D6: □ 건자재 손익실적(2024-12)
O7: [단위 : 톤, 천원]
D8: 구분 | F8: 12월 | K8: 11월누계
F9: 계획 | G9: 실적 | H9: 계획대비 | I9: 전년 | J9: 전년대비 | K9: 계획 | L9: 실적 | M9: 계획대비 | N9: 전년 | O9: 전년대비
D10: 판매량 | E10: 철강재 | F10: =+IFERROR(HLOOKUP($F$8,[13]손익!$G$5:$AI$63,2,),) -> 8600 | G10: =+'[7]12월'!$G$8 -> 8003.057 | H10: =+G10-F10 -> -596.943 | I10: =+IFERROR(HLOOKUP($F$8,[8]월별!$E$2:$T$53,2,),) -> 7811.91 | J10: =+G10-I10 -> 191.147 | K10: =+F10+[4]건자재!K10 -> 90000 | L10: =+G10+[4]건자재!L10 -> 105164.21 | M10: =+L10-K10 -> 15164.211 | N10: =+I10+[4]건자재!N10 -> 96546.947 | O10: =+L10-N10 -> 8617.264
D11: 판매단가 | E11: 철강재 | F11: =+F12/F10*1000 -> 977906.98 | G11: =+G12/G10*1000 -> 752238.02 | H11: =+G11-F11 -> -225668.96 | I11: =+I12/I10*1000 -> 951341.43 | J11: =+G11-I11 -> -199103.41 | K11: =+K12/K10*1000 -> 977000 | L11: =+L12/L10*1000 -> 824691.47 | M11: =+L11-K11 -> -152308.53 | N11: =+N12/N10*1000 -> 1015943.5 | O11: =+L11-N11 -> -191252.04
D12: 매출액 | E12: 철강재 | F12: =+IFERROR(HLOOKUP($F$8,[13]손익!$G$5:$AI$63,22,),) -> 8410000 | G12: =+'[7]12월'!$G$9 -> 6020203.7 | H12: =+G12-F12 -> -2389796.3 | I12: =+IFERROR(HLOOKUP($F$8,[8]월별!$E$2:$T$53,5,),) -> 7431793.6 | J12: =+G12-I12 -> -1411589.9 | K12: =+F12+[4]건자재!K12 -> 87930000 | L12: =+G12+[4]건자재!L12 -> 86728028 | M12: =+L12-K12 -> -1201972.2 | N12: =+I12+[4]건자재!N12 -> 98086244 | O12: =+L12-N12 -> -11358216
E13: 기타 | F13: =+IFERROR(HLOOKUP($F$8,[13]손익!$G$5:$AI$63,23,),) -> 2094631.6 | G13: =+'[7]12월'!$J$9 -> 1425697.9 | H13: =+G13-F13 -> -668933.72 | I13: =+IFERROR(HLOOKUP($F$8,[8]월별!$E$2:$T$53,6,),) -> 2190959.5 | J13: =+G13-I13 -> -765261.68 | K13: =+F13+[4]건자재!K13 -> 22103794 | L13: =+G13+[4]건자재!L13 -> 17271819 | M13: =+L13-K13 -> -4831974.6 | N13: =+I13+[4]건자재!N13 -> 20282133 | O13: =+L13-N13 -> -3010313.9
E14: (소계) | F14: =SUM(F12:F13) -> 10504632 | G14: =SUM(G12:G13) -> 7445901.6 | H14: =+G14-F14 -> -3058730 | I14: =SUM(I12:I13) -> 9622753.2 | J14: =+G14-I14 -> -2176851.6 | K14: =SUM(K12:K13) -> 1.1003379e+08 | L14: =SUM(L12:L13) -> 1.0399985e+08 | M14: =+L14-K14 -> -6033946.7 | N14: =SUM(N12:N13) -> 1.1836838e+08 | O14: =+L14-N14 -> -14368530
D15: 매출원가 | E15: 철강재 | F15: =+IFERROR(HLOOKUP($F$8,[13]손익!$G$5:$AI$63,25,),) -> 8213980 | G15: =+'[7]12월'!$G$11 -> 5934990.8 | H15: =+G15-F15 -> -2278989.2 | I15: =+IFERROR(HLOOKUP($F$8,[8]월별!$E$2:$T$53,8,),) -> 7281578.5 | J15: =+G15-I15 -> -1346587.7 | K15: =+F15+[4]건자재!K15 -> 85884165 | L15: =+G15+[4]건자재!L15 -> 84893905 | M15: =+L15-K15 -> -990260.12 | N15: =+I15+[4]건자재!N15 -> 96194484 | O15: =+L15-N15 -> -11300579
E16: 기타 | F16: =+IFERROR(HLOOKUP($F$8,[13]손익!$G$5:$AI$63,26,),) -> 2021780.3 | G16: =+'[7]12월'!$J$11 -> 1375066.2 | H16: =+G16-F16 -> -646714.06 | I16: =+IFERROR(HLOOKUP($F$8,[8]월별!$E$2:$T$53,9,),) -> 2141540.9 | J16: =+G16-I16 -> -766474.68 | K16: =+F16+[4]건자재!K16 -> 21335024 | L16: =+G16+[4]건자재!L16 -> 16809081 | M16: =+L16-K16 -> -4525942.4 | N16: =+I16+[4]건자재!N16 -> 19787405 | O16: =+L16-N16 -> -2978323.8
E17: (소계) | F17: =SUM(F15:F16) -> 10235760 | G17: =SUM(G15:G16) -> 7310057.1 | H17: =+G17-F17 -> -2925703.2 | I17: =SUM(I15:I16) -> 9423119.4 | J17: =+G17-I17 -> -2113062.4 | K17: =SUM(K15:K16) -> 1.0721919e+08 | L17: =SUM(L15:L16) -> 1.0170299e+08 | M17: =+L17-K17 -> -5516202.6 | N17: =SUM(N15:N16) -> 1.1598189e+08 | O17: =+L17-N17 -> -14278903
D18: 매출이익 | E18: 철강재 | F18: =+F12-F15 -> 196020 | G18: =+G12-G15 -> 85212.927 | H18: =+G18-F18 -> -110807.07 | I18: =+I12-I15 -> 150215.13 | J18: =+G18-I18 -> -65002.204 | K18: =+K12-K15 -> 2045835 | L18: =+L12-L15 -> 1834123 | M18: =+L18-K18 -> -211712.04 | N18: =+N12-N15 -> 1891760 | O18: =+L18-N18 -> -57637.028
E19: % | F19: =+F18/F12 -> 0.023307967 | G19: =+G18/G12 -> 0.014154492 | H19: =+G19-F19 -> -0.0091534745 | I19: =+I18/I12 -> 0.0202125 | J19: =+G19-I19 -> -0.0060580081 | K19: =+K18/K12 -> 0.023266633 | L19: =+L18/L12 -> 0.021147984 | M19: =+L19-K19 -> -0.0021186483 | N19: =+N18/N12 -> 0.0192867 | O19: =+L19-N19 -> 0.001861284
E20: 기타 | F20: =+F13-F16 -> 72851.286 | G20: =+G13-G16 -> 50631.625 | H20: =+G20-F20 -> -22219.661 | I20: =+I13-I16 -> 49418.627 | J20: =+G20-I20 -> 1212.998 | K20: =+K13-K16 -> 768769.94 | L20: =+L13-L16 -> 462737.81 | M20: =+L20-K20 -> -306032.14 | N20: =+N13-N16 -> 494727.98 | O20: =+L20-N20 -> -31990.176
E21: % | F21: =+F20/F13 -> 0.03478 | G21: =+G20/G13 -> 0.035513573 | H21: =+G21-F21 -> 0.00073357301 | I21: =+I20/I13 -> 0.0225557 | J21: =+G21-I21 -> 0.012957873 | K21: =+K20/K13 -> 0.03478 | L21: =+L20/L13 -> 0.026791492 | M21: =+L21-K21 -> -0.0079885079 | N21: =+N20/N13 -> 0.024392305 | O21: =+L21-N21 -> 0.0023991868
E22: (소계) | F22: =SUM(F18,F20) -> 268871.29 | G22: =SUM(G18,G20) -> 135844.55 | H22: =+G22-F22 -> -133026.73 | I22: =SUM(I18,I20) -> 199633.76 | J22: =+G22-I22 -> -63789.206 | K22: =+K14-K17 -> 2814604.9 | L22: =+L14-L17 -> 2296860.8 | M22: =+L22-K22 -> -517744.18 | N22: =+N14-N17 -> 2386488 | O22: =+L22-N22 -> -89627.204
E23: % | F23: =+F22/F14 -> 0.025595499 | G23: =+G22/G14 -> 0.018244205 | H23: =+G23-F23 -> -0.0073512944 | I23: =+I22/I14 -> 0.020746013 | J23: =+G23-I23 -> -0.002501808 | K23: =+K22/K14 -> 0.025579459 | L23: =+L22/L14 -> 0.022085232 | M23: =+L23-K23 -> -0.0034942271 | N23: =+N22/N14 -> 0.020161533 | O23: =+L23-N23 -> 0.001923699
D24: 판관비 | E24: 노무비 | F24: =+IFERROR(HLOOKUP($F$8,[13]판매4!$G$4:$U$50,7,),) -> 83504.47 | G24: =+'[7]12월'!$M$19 -> 149560.28 | H24: =+G24-F24 -> 66055.809 | I24: =+IFERROR(HLOOKUP($F$8,[8]월별!$E$2:$T$53,17,),) -> 245571.96 | J24: =+G24-I24 -> -96011.68 | K24: =+F24+[4]건자재!K24 -> 999478.82 | L24: =+G24+[4]건자재!L24 -> 1143789.1 | M24: =+L24-K24 -> 144310.25 | N24: =+I24+[4]건자재!N24 -> 1145142.3 | O24: =+L24-N24 -> -1353.197
E25: 경비 | F25: =+IFERROR(HLOOKUP($F$8,[13]판매4!$G$4:$U$50,31,),)+IFERROR(HLOOKUP($F$8,[13]판매4!$G$4:$U$50,34,),) -> 46326.57 | G25: =+'[7]12월'!$M$37+'[7]12월'!$M$40 -> 87386.346 | H25: =+G25-F25 -> 41059.776 | I25: =+IFERROR(HLOOKUP($F$8,[8]월별!$E$2:$T$53,35,),)+IFERROR(HLOOKUP($F$8,[8]월별!$E$2:$T$53,38,),) -> 40695.356 | J25: =+G25-I25 -> 46690.99 | K25: =+F25+[4]건자재!K25 -> 514695.45 | L25: =+G25+[4]건자재!L25 -> 652313.43 | M25: =+L25-K25 -> 137617.98 | N25: =+I25+[4]건자재!N25 -> 459698.86 | O25: =+L25-N25 -> 192614.57
E26: (소계) | F26: =SUM(F24:F25) -> 129831.04 | G26: =SUM(G24:G25) -> 236946.63 | H26: =+G26-F26 -> 107115.59 | I26: =SUM(I24:I25) -> 286267.32 | J26: =+G26-I26 -> -49320.69 | K26: =SUM(K24:K25) -> 1514174.3 | L26: =SUM(L24:L25) -> 1796102.5 | M26: =+L26-K26 -> 281928.22 | N26: =SUM(N24:N25) -> 1604841.1 | O26: =+L26-N26 -> 191261.38
D27: 영업이익 | F27: =+F22-F26 -> 139040.25 | G27: =+G22-G26 -> -101102.07 | H27: =+G27-F27 -> -240142.32 | I27: =+I22-I26 -> -86633.557 | J27: =+G27-I27 -> -14468.516 | K27: =+K22-K26 -> 1300430.7 | L27: =+L22-L26 -> 500758.27 | M27: =+L27-K27 -> -799672.4 | N27: =+N22-N26 -> 781646.86 | O27: =+L27-N27 -> -280888.58
E28: % | F28: =+F27/F14 -> 0.01323609 | G28: =+G27/G14 -> -0.013578218 | H28: =+G28-F28 -> -0.026814307 | I28: =+I27/I14 -> -0.0090029907 | J28: =+G28-I28 -> -0.004575227 | K28: =+K27/K14 -> 0.011818466 | L28: =+L27/L14 -> 0.0048149905 | M28: =+L28-K28 -> -0.0070034757 | N28: =+N27/N14 -> 0.0066035108 | O28: =+L28-N28 -> -0.0017885203
D29: 철강재 단가 및 마진률
R34: * 공통비
F36: =+IFERROR(HLOOKUP($F$8,[13]손익!$G$5:$AJ$65,17,),) -> 139040.25 | G36: =+'[7]12월'!$M$41 -> -101102.07 | I36: =+IFERROR(HLOOKUP($F$8,[8]월별!$E$2:$T$53,39,),) -> -86633.557 | K36: =+F36+[4]건자재!K36 -> 1300430.7 | L36: =+G36+[4]건자재!L36 -> 500758.28 | N36: =+I36+[4]건자재!N36 -> 781646.86 | S36: 1월 | T36: 2월 | U36: 3월 | V36: 4월 | W36: 5월 | X36: 6월 | Y36: 7월 | Z36: 8월 | AA36: 9월 | AB36: 10월 | AC36: 11월 | AD36: 12월 | AE36: 1월 | AF36: 2월 | AG36: 3월 | AH36: 4월 | AI36: 5월 | AJ36: 6월 | AK36: 7월 | AL36: 8월 | AM36: 9월 | AN36: 10월 | AO36: 11월 | AP36: 12월
F37: =+F27=F36 -> TRUE | G37: =+G27=G36 -> TRUE | I37: =+I27=I36 -> TRUE | K37: =+K27=K36 -> FALSE | L37: =+L27=L36 -> FALSE | N37: =+N27=N36 -> FALSE | R37: 구분 | S37: 1월 | T37: 2월 | U37: 3 | V37: 4월 | W37: 5월 | X37: 6월 | Y37: 7월 | Z37: =+Z36 -> 8월 | AA37: =+AA36 -> 9월 | AB37: =+AB36 -> 10월 | AC37: =+AC36 -> 11월 | AD37: =+AD36 -> 12월 | AE37: =+AE36 -> 1월 | AF37: =+AF36 -> 2월 | AG37: =+AG36 -> 3월 | ... AP37: =+AP36 -> 12월
F38: =+F27-F36 -> 0 | G38: =+G27-G36 -> 0 | I38: =+I27-I36 -> 0 | K38: =+K27-K36 -> 1.2572855e-08 | L38: =+L27-L36 -> -2.2351742e-08 | N38: =+N27-N36 -> 3.608875e-09 | R38: 판매단가 | S38: =+IFERROR(HLOOKUP(S$36,[8]월별!$E$2:$S$67,42,),) -> 1098907.9 | T38: =+IFERROR(HLOOKUP(T$36,[8]월별!$E$2:$S$67,42,),) -> 1027487 | U38: =+IFERROR(HLOOKUP(U$36,[8]월별!$E$2:$S$67,42,),) -> 1030973.4 | V38: =+IFERROR(HLOOKUP(V$36,[8]월별!$E$2:$S$67,42,),) -> 1048311.1 | W38: =+IFERROR(HLOOKUP(W$36,[8]월별!$E$2:$S$67,42,),) -> 1064717.6 | X38: =+IFERROR(HLOOKUP(X$36,[8]월별!$E$2:$S$67,42,),) -> 1043902.1 | Y38: =+IFERROR(HLOOKUP(Y$36,[8]월별!$E$2:$S$67,42,),) -> 1025254.3 | Z38: =+IFERROR(HLOOKUP(Z$36,[8]월별!$E$2:$S$67,42,),) -> 957693.64 | ... AD38: =+IFERROR(HLOOKUP(AD$36,[8]월별!$E$2:$S$67,42,),) -> 951341.43 | AE38: =+IFERROR(HLOOKUP(AE$36,[7]월별!$E$2:$S$67,42,),) -> 920730.85 | AF38: =+IFERROR(HLOOKUP(AF$36,[7]월별!$E$2:$S$67,42,),) -> 886130.89 | AG38: =+IFERROR(HLOOKUP(AG$36,[7]월별!$E$2:$S$67,42,),) -> 873530.52 | AH38: =+IFERROR(HLOOKUP(AH$36,[7]월별!$E$2:$S$67,42,),) -> 853042.91 | AI38: =+IFERROR(HLOOKUP(AI$36,[7]월별!$E$2:$S$67,42,),) -> 811389.31 | AJ38: =+IFERROR(HLOOKUP(AJ$36,[7]월별!$E$2:$S$67,42,),) -> 785072.68 | AK38: =+IFERROR(HLOOKUP(AK$36,[7]월별!$E$2:$S$67,42,),) -> 751049.21 | AL38: =+IFERROR(HLOOKUP(AL$36,[7]월별!$E$2:$S$67,42,),) -> 846014.53 | ... AP38: =+IFERROR(HLOOKUP(AP$36,[7]월별!$E$2:$S$67,42,),) -> 752238.02
R39: 마진률 | S39: =+IFERROR(HLOOKUP(S$36,[8]월별!$E$2:$S$67,43,),) -> 0.0192633 | T39: =+IFERROR(HLOOKUP(T$36,[8]월별!$E$2:$S$67,43,),) -> 0.020328431 | U39: =+IFERROR(HLOOKUP(U$36,[8]월별!$E$2:$S$67,43,),) -> 0.018159702 | V39: =+IFERROR(HLOOKUP(V$36,[8]월별!$E$2:$S$67,43,),) -> 0.02078312 | W39: =+IFERROR(HLOOKUP(W$36,[8]월별!$E$2:$S$67,43,),) -> 0.018530156 | X39: =+IFERROR(HLOOKUP(X$36,[8]월별!$E$2:$S$67,43,),) -> 0.023380889 | Y39: =+IFERROR(HLOOKUP(Y$36,[8]월별!$E$2:$S$67,43,),) -> 0.024066421 | Z39: =+IFERROR(HLOOKUP(Z$36,[8]월별!$E$2:$S$67,43,),) -> 0.027515512 | ... AD39: =+IFERROR(HLOOKUP(AD$36,[8]월별!$E$2:$S$67,43,),) -> 0.020746013 | AE39: =+IFERROR(HLOOKUP(AE$36,[7]월별!$E$2:$S$67,43,),) -> 0 | AF39: =+IFERROR(HLOOKUP(AF$36,[7]월별!$E$2:$S$67,43,),) -> 0 | AG39: =+IFERROR(HLOOKUP(AG$36,[7]월별!$E$2:$S$67,43,),) -> 0 | AH39: =+IFERROR(HLOOKUP(AH$36,[7]월별!$E$2:$S$67,43,),) -> 0 | AI39: =+IFERROR(HLOOKUP(AI$36,[7]월별!$E$2:$S$67,43,),) -> 0 | AJ39: =+IFERROR(HLOOKUP(AJ$36,[7]월별!$E$2:$S$67,43,),) -> 0 | AK39: =+IFERROR(HLOOKUP(AK$36,[7]월별!$E$2:$S$67,43,),) -> 0 | AL39: =+IFERROR(HLOOKUP(AL$36,[7]월별!$E$2:$S$67,43,),) -> 0 | ... AP39: =+IFERROR(HLOOKUP(AP$36,[7]월별!$E$2:$S$67,43,),) -> 0

Sheet 골재사업소(당월)
A1: 12월
D4: □ 2024년 골재사업소 손익(2024-12)
AJ5: [단위 : ㎥, 천원]
A6: 2024년 12월 마감 손익 | D6: 계획 | E6: 구분 | G6: 서부산 쇄석 | J6: 서부산 쇄사 | M6: 혼합석(25mm) | P6: 서부산 소계 | S6: 부산크라샤 쇄석 | V6: 부산크라샤 쇄사 | Y6: 서해사1 | AB6: 부산크라샤 소계 | AE6: 부산 모래 | AH6: 골재사업소 계
G7: 계획 | H7: 실적 | I7: 차이 | J7: 계획 | K7: 실적 | L7: 차이 | M7: 계획 | N7: 실적 | O7: 차이 | P7: 계획 | Q7: 실적 | R7: 차이 | S7: 계획 | T7: 실적 | U7: 차이 | V7: 계획 | W7: 실적 | X7: 차이 | Y7: 계획 | Z7: 실적 | AA7: 차이 | AB7: 계획 | AC7: 실적 | AD7: 차이 | AE7: 계획 | AF7: 실적 | AG7: 차이 | AH7: 계획 | AI7: 실적 | AJ7: 차이
E8: 판매량 | F8: 자가이송 | G8: =+IFERROR(HLOOKUP($A$1,[14]손익요약!$G$5:$AL$106,3,),) -> 16515.467 | H8: =+'[9]서부산크라샤(당월)'!$F$66 -> 0 | I8: =H8-G8 -> -16515.467 | J8: =+IFERROR(HLOOKUP($A$1,[14]손익요약!$G$5:$AL$106,6,),) -> 2313.2967 | K8: =+'[9]서부산크라샤(당월)'!$I$66 -> 0 | L8: =K8-J8 -> -2313.2967 | M8: =+IFERROR(HLOOKUP($A$1,[14]손익요약!$G$5:$AL$106,9,),) -> 0 | O8: =N8-M8 -> 0 | P8: =+G8+J8+M8 -> 18828.763 | Q8: =+H8+K8+N8 -> 0 | R8: =Q8-P8 -> -18828.763 | S8: =+IFERROR(HLOOKUP($A$1,[15]손익요약!$G$5:$AL$106,3,),) -> 13017.87 | T8: =+'[9]부산크라샤(당월)'!$F$66 -> 13960 | U8: =T8-S8 -> 942.13045 | V8: =+IFERROR(HLOOKUP($A$1,[15]손익요약!$G$5:$AL$106,6,),) -> 11509.137 | W8: =+'[9]부산크라샤(당월)'!$I$66 -> 11909 | X8: =W8-V8 -> 399.86349 | Z8: =+'[9]부산크라샤(당월)'!$L$66 -> 0 | AA8: =Z8-Y8 -> 0 | AB8: =+S8+V8+Y8 -> 24527.006 | AC8: =+T8+W8+Z8 -> 25869 | AD8: =AC8-AB8 -> 1341.9939 | AE8: =+IFERROR(HLOOKUP($A$1,[16]손익계획!$G$5:$AX$449,3,),) -> 20399.458 | AF8: =+'[9]부산모래장(당월)'!$R$48 -> 12291 | AG8: =AF8-AE8 -> -8108.4576 | AH8: =+P8+AB8+AE8 -> 63755.227 | AI8: =+Q8+AC8+AF8 -> 38160 | AJ8: =AI8-AH8 -> -25595.227
F9: % | G9: =+G8/G$12 -> 0.83346342 | H9: =+H8/H$12 -> 0 | I9: =+H9-G9 -> -0.83346342 | J9: =+J8/J$12 -> 0.26823018 | K9: =+K8/K$12 -> #DIV/0! | L9: =+K9-J9 -> #DIV/0! | M9: =+M8/M$12 -> 0 | O9: =+N9-M9 -> 0 | P9: =+P8/P$12 -> 0.37329206 | Q9: =+Q8/Q$12 -> 0 | R9: =+Q9-P9 -> -0.37329206 | S9: =+S8/S$12 -> 0.79261891 | T9: =+T8/T$12 -> 0.92474828 | U9: =+T9-S9 -> 0.13212937 | V9: =+V8/V$12 -> 0.45117703 | W9: =+W8/W$12 -> 0.57954158 | X9: =+W9-V9 -> 0.12836455 | Z9: =+Z8/Z$12 -> #DIV/0! | AA9: =+Z9-Y9 -> #DIV/0! | AB9: =+AB8/AB$12 -> 0.58490932 | AC9: =+AC8/AC$12 -> 0.72573994 | AD9: =+AC9-AB9 -> 0.14083062 | AE9: =+AE8/AE$12 -> 0.71495621 | AF9: =+AF8/AF$12 -> 0.53357934 | AG9: =+AF9-AE9 -> -0.18137687 | AH9: =+AH8/AH$12 -> 0.52731572 | AI9: =+AI8/AI$12 -> 0.63941019 | AJ9: =+AI9-AH9 -> 0.11209447
F10: 외부판매 | G10: =+IFERROR(HLOOKUP($A$1,[14]손익요약!$G$5:$AL$106,2,),) -> 3300 | H10: =+'[9]서부산크라샤(당월)'!$F$59 -> 1000 | I10: =H10-G10 -> -2300 | J10: =+IFERROR(HLOOKUP($A$1,[14]손익요약!$G$5:$AL$106,5,),) -> 6311 | K10: =+'[9]서부산크라샤(당월)'!$I$59 -> 0 | L10: =K10-J10 -> -6311 | M10: =+IFERROR(HLOOKUP($A$1,[14]손익요약!$G$5:$AL$106,8,),) -> 22000 | O10: =N10-M10 -> -22000 | P10: =+G10+J10+M10 -> 31611 | Q10: =+H10+K10+N10 -> 1000 | R10: =Q10-P10 -> -30611 | S10: =+IFERROR(HLOOKUP($A$1,[15]손익요약!$G$5:$AL$106,2,),) -> 3406 | T10: =+'[9]부산크라샤(당월)'!$F$59 -> 1136 | U10: =T10-S10 -> -2270 | V10: =+IFERROR(HLOOKUP($A$1,[15]손익요약!$G$5:$AL$106,5,),) -> 14000 | W10: =+'[9]부산크라샤(당월)'!$I$59 -> 8640 | X10: =W10-V10 -> -5360 | Z10: =+'[9]부산크라샤(당월)'!$L$59 -> 0 | AA10: =Z10-Y10 -> 0 | AB10: =+S10+V10+Y10 -> 17406 | AC10: =+T10+W10+Z10 -> 9776 | AD10: =AC10-AB10 -> -7630 | AE10: =+IFERROR(HLOOKUP($A$1,[16]손익계획!$G$5:$AX$449,2,),) -> 8133 | AF10: =+'[9]부산모래장(당월)'!$R$47 -> 10744 | AG10: =AF10-AE10 -> 2611 | AH10: =+P10+AB10+AE10 -> 57150 | AI10: =+Q10+AC10+AF10 -> 21520 | AJ10: =AI10-AH10 -> -35630
F11: % | G11: =+G10/G$12 -> 0.16653658 | H11: =+H10/H$12 -> 1 | I11: =+H11-G11 -> 0.83346342 | J11: =+J10/J$12 -> 0.73176982 | K11: =+K10/K$12 -> #DIV/0! | L11: =+K11-J11 -> #DIV/0! | M11: =+M10/M$12 -> 1 | O11: =+N11-M11 -> -1 | P11: =+P10/P$12 -> 0.62670794 | Q11: =+Q10/Q$12 -> 1 | R11: =+Q11-P11 -> 0.37329206 | S11: =+S10/S$12 -> 0.20738109 | T11: =+T10/T$12 -> 0.075251722 | U11: =+T11-S11 -> -0.13212937 | V11: =+V10/V$12 -> 0.54882297 | W11: =+W10/W$12 -> 0.42045842 | X11: =+W11-V11 -> -0.12836455 | Z11: =+Z10/Z$12 -> #DIV/0! | AA11: =+Z11-Y11 -> #DIV/0! | AB11: =+AB10/AB$12 -> 0.41509068 | AC11: =+AC10/AC$12 -> 0.27426006 | AD11: =+AC11-AB11 -> -0.14083062 | AE11: =+AE10/AE$12 -> 0.28504379 | AF11: =+AF10/AF$12 -> 0.46642066 | AG11: =+AF11-AE11 -> 0.18137687 | AH11: =+AH10/AH$12 -> 0.47268428 | AI11: =+AI10/AI$12 -> 0.36058981 | AJ11: =+AI11-AH11 -> -0.11209447
F12: (소계) | G12: =G8+G10 -> 19815.467 | H12: =H8+H10 -> 1000 | I12: =H12-G12 -> -18815.467 | J12: =J8+J10 -> 8624.2967 | K12: =K8+K10 -> 0 | L12: =K12-J12 -> -8624.2967 | M12: =M8+M10 -> 22000 | O12: =N12-M12 -> -22000 | P12: =P8+P10 -> 50439.763 | Q12: =Q8+Q10 -> 1000 | R12: =Q12-P12 -> -49439.763 | S12: =S8+S10 -> 16423.87 | T12: =T8+T10 -> 15096 | U12: =T12-S12 -> -1327.8695 | V12: =V8+V10 -> 25509.137 | W12: =W8+W10 -> 20549 | X12: =W12-V12 -> -4960.1365 | Z12: =Z8+Z10 -> 0 | AA12: =Z12-Y12 -> 0 | AB12: =AB8+AB10 -> 41933.006 | AC12: =AC8+AC10 -> 35645 | AD12: =AC12-AB12 -> -6288.0061 | AE12: =AE8+AE10 -> 28532.458 | AF12: =AF8+AF10 -> 23035 | AG12: =AF12-AE12 -> -5497.4576 | AH12: =AH8+AH10 -> 120905.23 | AI12: =AI8+AI10 -> 59680 | AJ12: =AI12-AH12 -> -61225.227 | AL12: =+'사업장별(당월)'!J32*1000 -> 120905.23 | AM12: =+'사업장별(당월)'!K32*1000 -> 59680
E13: 매출액 | F13: 자가이송 | G13: =+IFERROR(HLOOKUP($A$1,[14]손익요약!$G$5:$AL$106,15,),) -> 249935.47 | H13: =+'[9]서부산크라샤(당월)'!$F$72 -> 0 | I13: =H13-G13 -> -249935.47 | J13: =+IFERROR(HLOOKUP($A$1,[14]손익요약!$G$5:$AL$106,18,),) -> 42695.317 | K13: =+'[9]서부산크라샤(당월)'!$I$72 -> 0 | L13: =K13-J13 -> -42695.317 | M13: =+IFERROR(HLOOKUP($A$1,[14]손익요약!$G$5:$AL$106,21,),) -> 0 | O13: =N13-M13 -> 0 | P13: =+G13+J13+M13 -> 292630.78 | Q13: =+H13+K13+N13 -> 0 | R13: =Q13-P13 -> -292630.78 | S13: =+IFERROR(HLOOKUP($A$1,[15]손익요약!$G$5:$AL$106,12,),) -> 208285.91 | T13: =+'[9]부산크라샤(당월)'!$F$72 -> 213500 | U13: =T13-S13 -> 5214.0872 | V13: =+IFERROR(HLOOKUP($A$1,[15]손익요약!$G$5:$AL$106,15,),) -> 255219.3 | W13: =+'[9]부산크라샤(당월)'!$I$72 -> 246509.5 | X13: =W13-V13 -> -8709.801 | Z13: =+'[9]부산크라샤(당월)'!$L$72 -> 0 | AA13: =Z13-Y13 -> 0 | AB13: =+S13+V13+Y13 -> 463505.21 | AC13: =+T13+W13+Z13 -> 460009.5 | AD13: =AC13-AB13 -> -3495.7138 | AE13: =+IFERROR(HLOOKUP($A$1,[16]손익계획!$G$5:$AX$449,6,),) -> 579274.18 | AF13: =+'[9]부산모래장(당월)'!$R$54 -> 359040 | AG13: =AF13-AE13 -> -220234.18 | AH13: =+P13+AB13+AE13 -> 1335410.2 | AI13: =+Q13+AC13+AF13 -> 819049.5 | AJ13: =AI13-AH13 -> -516360.67 | AL13: =+AL12=AH12 -> TRUE | AM13: =+AM12=AI12 -> TRUE
F14: 단가 | G14: =+G13/G8*1000 -> 15133.418 | H14: =+H13/H8*1000 -> #DIV/0! | I14: =H14-G14 -> #DIV/0! | J14: =+J13/J8*1000 -> 18456.481 | K14: =+K13/K8*1000 -> #DIV/0! | L14: =K14-J14 -> #DIV/0! | M14: =+M13/M8*1000 -> #DIV/0! | O14: =N14-M14 -> #DIV/0! | P14: =+P13/P8*1000 -> 15541.689 | Q14: =+Q13/Q8*1000 -> #DIV/0! | R14: =Q14-P14 -> #DIV/0! | S14: =+S13/S8*1000 -> 16000 | T14: =+T13/T8*1000 -> 15293.696 | U14: =T14-S14 -> -706.30372 | V14: =+V13/V8*1000 -> 22175.365 | W14: =+W13/W8*1000 -> 20699.429 | X14: =W14-V14 -> -1475.9358 | Z14: =+Z13/Z8*1000 -> #DIV/0! | AA14: =Z14-Y14 -> #DIV/0! | AB14: =+AB13/AB8*1000 -> 18897.749 | AC14: =+AC13/AC8*1000 -> 17782.268 | AD14: =AC14-AB14 -> -1115.481 | AE14: =+AE13/AE8*1000 -> 28396.548 | AF14: =+AF13/AF8*1000 -> 29211.618 | AG14: =AF14-AE14 -> 815.07025 | AH14: =+AH13/AH8*1000 -> 20945.893 | AI14: =+AI13/AI8*1000 -> 21463.561 | AJ14: =AI14-AH14 -> 517.66814
F15: 외부판매 | G15: =+IFERROR(HLOOKUP($A$1,[14]손익요약!$G$5:$AL$106,14,),) -> 37950 | H15: =+'[9]서부산크라샤(당월)'!$F$71 -> 11500 | I15: =H15-G15 -> -26450 | J15: =+IFERROR(HLOOKUP($A$1,[14]손익요약!$G$5:$AL$106,17,),) -> 94665 | K15: =+'[9]서부산크라샤(당월)'!$I$71 -> 0 | L15: =K15-J15 -> -94665 | M15: =+IFERROR(HLOOKUP($A$1,[14]손익요약!$G$5:$AL$106,20,),) -> 198000 | O15: =N15-M15 -> -198000 | P15: =+G15+J15+M15 -> 330615 | Q15: =+H15+K15+N15 -> 11500 | R15: =Q15-P15 -> -319115 | S15: =+IFERROR(HLOOKUP($A$1,[15]손익요약!$G$5:$AL$106,11,),) -> 40872 | T15: =+'[9]부산크라샤(당월)'!$F$71 -> 14768 | U15: =T15-S15 -> -26104 | V15: =+IFERROR(HLOOKUP($A$1,[15]손익요약!$G$5:$AL$106,14,),) -> 266000 | W15: =+'[9]부산크라샤(당월)'!$I$71 -> 155904 | X15: =W15-V15 -> -110096 | Z15: =+'[9]부산크라샤(당월)'!$L$71 -> 0 | AA15: =Z15-Y15 -> 0 | AB15: =+S15+V15+Y15 -> 306872 | AC15: =+T15+W15+Z15 -> 170672 | AD15: =AC15-AB15 -> -136200 | AE15: =+IFERROR(HLOOKUP($A$1,[16]손익계획!$G$5:$AX$449,5,),) -> 231790.5 | AF15: =+'[9]부산모래장(당월)'!$R$53 -> 279293 | AG15: =AF15-AE15 -> 47502.5 | AH15: =+P15+AB15+AE15 -> 869277.5 | AI15: =+Q15+AC15+AF15 -> 461465 | AJ15: =AI15-AH15 -> -407812.5
F16: 단가 | G16: =IFERROR(G15/G10,)*1000 -> 11500 | H16: =IFERROR(H15/H10,)*1000 -> 11500 | I16: =H16-G16 -> 0 | J16: =IFERROR(J15/J10,)*1000 -> 15000 | K16: =IFERROR(K15/K10,)*1000 -> 0 | L16: =K16-J16 -> -15000 | M16: =IFERROR(M15/M10,)*1000 -> 9000 | O16: =N16-M16 -> -9000 | P16: =IFERROR(P15/P10,)*1000 -> 10458.859 | Q16: =IFERROR(Q15/Q10,)*1000 -> 11500 | R16: =Q16-P16 -> 1041.1407 | S16: =IFERROR(S15/S10,)*1000 -> 12000 | T16: =IFERROR(T15/T10,)*1000 -> 13000 | U16: =T16-S16 -> 1000 | V16: =IFERROR(V15/V10,)*1000 -> 19000 | W16: =IFERROR(W15/W10,)*1000 -> 18044.444 | X16: =W16-V16 -> -955.55556 | Z16: =IFERROR(Z15/Z10,)*1000 -> 0 | AA16: =Z16-Y16 -> 0 | AB16: =IFERROR(AB15/AB10,)*1000 -> 17630.242 | AC16: =IFERROR(AC15/AC10,)*1000 -> 17458.265 | AD16: =AC16-AB16 -> -171.97731 | AE16: =IFERROR(AE15/AE10,)*1000 -> 28500 | AF16: =IFERROR(AF15/AF10,)*1000 -> 25995.253 | AG16: =AF16-AE16 -> -2504.7468 | AH16: =IFERROR(AH15/AH10,)*1000 -> 15210.455 | AI16: =IFERROR(AI15/AI10,)*1000 -> 21443.541 | AJ16: =AI16-AH16 -> 6233.0859
F17: (소계) | G17: =G13+G15 -> 287885.47 | H17: =H13+H15 -> 11500 | I17: =H17-G17 -> -276385.47 | J17: =J13+J15 -> 137360.32 | K17: =K13+K15 -> 0 | L17: =K17-J17 -> -137360.32 | M17: =M13+M15 -> 198000 | O17: =N17-M17 -> -198000 | P17: =P13+P15 -> 623245.78 | Q17: =Q13+Q15 -> 11500 | R17: =Q17-P17 -> -611745.78 | S17: =S13+S15 -> 249157.91 | T17: =T13+T15 -> 228268 | U17: =T17-S17 -> -20889.913 | V17: =V13+V15 -> 521219.3 | W17: =W13+W15 -> 402413.5 | X17: =W17-V17 -> -118805.8 | Z17: =Z13+Z15 -> 0 | AA17: =Z17-Y17 -> 0 | AB17: =AB13+AB15 -> 770377.21 | AC17: =AC13+AC15 -> 630681.5 | AD17: =AC17-AB17 -> -139695.71 | AE17: =AE13+AE15 -> 811064.68 | AF17: =AF13+AF15 -> 638333 | AG17: =AF17-AE17 -> -172731.68 | AH17: =AH13+AH15 -> 2204687.7 | AI17: =AI13+AI15 -> 1280514.5 | AJ17: =AI17-AH17 -> -924173.17 | AL17: =+'사업장별(당월)'!O32*1000 -> 2204687.7 | AM17: =+'사업장별(당월)'!P32*1000 -> 1280514.5
E18: 영업이익 | F18: 자가이송 | G18: =+IFERROR(HLOOKUP($A$1,[14]손익요약!$G$5:$AL$106,80,),) -> 68035.862 | H18: =+'[9]서부산크라샤(당월)'!$F$87 -> 0 | I18: =H18-G18 -> -68035.862 | J18: =+IFERROR(HLOOKUP($A$1,[14]손익요약!$G$5:$AL$106,83,),) -> 17090.292 | K18: =+'[9]서부산크라샤(당월)'!$I$87 -> 0 | L18: =K18-J18 -> -17090.292 | M18: =+IFERROR(HLOOKUP($A$1,[14]손익요약!$G$5:$AL$106,86,),) -> 0 | O18: =N18-M18 -> 0 | P18: =+G18+J18+M18 -> 85126.154 | Q18: =+H18+K18+N18 -> 0 | R18: =Q18-P18 -> -85126.154 | S18: =+IFERROR(HLOOKUP($A$1,[15]손익요약!$G$5:$U$95,57,),) -> -48.158525 | T18: =+'[9]부산크라샤(당월)'!$F$87 -> -151311.35 | U18: =T18-S18 -> -151263.19 | V18: =+IFERROR(HLOOKUP($A$1,[15]손익요약!$G$5:$AL$106,60,),) -> 69859.864 | W18: =+'[9]부산크라샤(당월)'!$I$87 -> -61672.105 | X18: =W18-V18 -> -131531.97 | Z18: =+'[9]부산크라샤(당월)'!$L$87 -> 0 | AA18: =Z18-Y18 -> 0 | AB18: =+S18+V18+Y18 -> 69811.706 | AC18: =+T18+W18+Z18 -> -212983.45 | AD18: =AC18-AB18 -> -282795.16 | AE18: =+IFERROR(HLOOKUP($A$1,[16]손익계획!$G$5:$AX$449,25,),) -> 44695.074 | AF18: =+'[9]부산모래장(당월)'!$R$82 -> 28468.382 | AG18: =AF18-AE18 -> -16226.692 | AH18: =+P18+AB18+AE18 -> 199632.93 | AI18: =+Q18+AC18+AF18 -> -184515.07 | AJ18: =AI18-AH18 -> -384148 | AL18: =+AL17=AH17 -> TRUE | AM18: =+AM17=AI17 -> TRUE
F19: 외부판매 | G19: =+IFERROR(HLOOKUP($A$1,[14]손익요약!$G$5:$AL$106,79,),) -> 1801.6457 | H19: =+'[9]서부산크라샤(당월)'!$F$86 -> -151794.14 | I19: =H19-G19 -> -153595.79 | J19: =+IFERROR(HLOOKUP($A$1,[14]손익요약!$G$5:$AL$106,82,),) -> 25170.182 | K19: =+'[9]서부산크라샤(당월)'!$I$86 -> 0 | L19: =K19-J19 -> -25170.182 | M19: =+IFERROR(HLOOKUP($A$1,[14]손익요약!$G$5:$AL$106,85,),) -> 26116.9 | O19: =N19-M19 -> -26116.9 | P19: =+G19+J19+M19 -> 53088.727 | Q19: =+H19+K19+N19 -> -151794.14 | R19: =Q19-P19 -> -204882.87 | S19: =+IFERROR(HLOOKUP($A$1,[15]손익요약!$G$5:$AL$106,56,),) -> -13412.194 | T19: =+'[9]부산크라샤(당월)'!$F$86 -> -14767.635 | U19: =T19-S19 -> -1355.4414 | V19: =+IFERROR(HLOOKUP($A$1,[15]손익요약!$G$5:$AL$106,59,),) -> 41256.408 | W19: =+'[9]부산크라샤(당월)'!$I$86 -> -66352.722 | X19: =W19-V19 -> -107609.13 | Z19: =+'[9]부산크라샤(당월)'!$L$86 -> 0 | AA19: =Z19-Y19 -> 0 | AB19: =+S19+V19+Y19 -> 27844.215 | AC19: =+T19+W19+Z19 -> -81120.357 | AD19: =AC19-AB19 -> -108964.57 | AE19: =+IFERROR(HLOOKUP($A$1,[16]손익계획!$G$5:$AX$449,24,),) -> 18276.464 | AF19: =+'[9]부산모래장(당월)'!$I$81-'[9]부산모래장(당월)'!$R$82 -> -49772.663 | AG19: =AF19-AE19 -> -68049.128 | AH19: =+P19+AB19+AE19 -> 99209.406 | AI19: =+Q19+AC19+AF19 -> -282687.17 | AJ19: =AI19-AH19 -> -381896.57
F20: (소계) | G20: =G18+G19 -> 69837.507 | H20: =H18+H19 -> -151794.14 | I20: =H20-G20 -> -221631.65 | J20: =J18+J19 -> 42260.474 | K20: =K18+K19 -> 0 | L20: =K20-J20 -> -42260.474 | M20: =M18+M19 -> 26116.9 | O20: =N20-M20 -> -26116.9 | P20: =P18+P19 -> 138214.88 | Q20: =Q18+Q19 -> -151794.14 | R20: =Q20-P20 -> -290009.03 | S20: =S18+S19 -> -13460.352 | T20: =T18+T19 -> -166078.98 | U20: =T20-S20 -> -152618.63 | V20: =V18+V19 -> 111116.27 | W20: =W18+W19 -> -128024.83 | X20: =W20-V20 -> -239141.1 | Z20: =Z18+Z19 -> 0 | AA20: =Z20-Y20 -> 0 | AB20: =AB18+AB19 -> 97655.92 | AC20: =AC18+AC19 -> -294103.81 | AD20: =AC20-AB20 -> -391759.73 | AE20: =AE18+AE19 -> 62971.538 | AF20: =AF18+AF19 -> -21304.281 | AG20: =AF20-AE20 -> -84275.819 | AH20: =AH18+AH19 -> 298842.34 | AI20: =AI18+AI19 -> -467202.24 | AJ20: =AI20-AH20 -> -766044.57 | AL20: =+'사업장별(당월)'!T32*1000 -> 298842.34 | AM20: ='사업장별(당월)'!U32*1000 -> -467202.24
E21: 자가이송 | F21: 부산 | G21: =+IFERROR(HLOOKUP($A$1,[14]손익!$G$5:$AB$252,3,),) -> 0 | H21: =+'[9]서부산크라샤(당월)'!$F$60 -> 0 | I21: =H21-G21 -> 0 | J21: =+IFERROR(HLOOKUP($A$1,[14]손익!$G$5:$AB$252,12,),) -> 0 | K21: =+'[9]서부산크라샤(당월)'!$I$60 -> 0 | L21: =K21-J21 -> 0 | O21: =N21-M21 -> 0 | P21: =+G21+J21+M21 -> 0 | Q21: =+H21+K21+N21 -> 0 | R21: =Q21-P21 -> 0 | S21: =+IFERROR(HLOOKUP($A$1,[15]손익!$G$5:$AB$252,3,),) -> 13017.87 | T21: =+'[9]부산크라샤(당월)'!$F$60 -> 8360 | U21: =T21-S21 -> -4657.8695 | V21: =+IFERROR(HLOOKUP($A$1,[15]손익!$G$5:$AB$252,12,),) -> 9136.4268 | W21: =+'[9]부산크라샤(당월)'!$I$60 -> 5845 | X21: =W21-V21 -> -3291.4268 | Z21: =+'[9]부산크라샤(당월)'!$L$60 -> 0 | AA21: =Z21-Y21 -> 0 | AB21: =+S21+V21+Y21 -> 22154.296 | AC21: =+T21+W21+Z21 -> 14205 | AD21: =AC21-AB21 -> -7949.2964 | AE21: =+IFERROR(HLOOKUP($A$1,[16]이송계획!$G$193:$U$216,16,),) -> 5180.4856 | AF21: =+'[9]부산모래장(당월)'!$R$64 -> 3875 | AG21: =AF21-AE21 -> -1305.4856 | AH21: =+P21+AB21+AE21 -> 27334.782 | AI21: =+Q21+AC21+AF21 -> 18080 | AJ21: =AI21-AH21 -> -9254.782 | AL21: =+AL20=AH20 -> TRUE | AM21: =+AM20=AI20 -> TRUE
E22: 물량 | F22: 서부산 | G22: =+IFERROR(HLOOKUP($A$1,[14]손익!$G$5:$AB$252,4,),) -> 14130.133 | H22: =+'[9]서부산크라샤(당월)'!$F$61 -> 0 | I22: =H22-G22 -> -14130.133 | J22: =+IFERROR(HLOOKUP($A$1,[14]손익!$G$5:$AB$252,13,),) -> 1142.2667 | K22: =+'[9]서부산크라샤(당월)'!$I$61 -> 0 | L22: =K22-J22 -> -1142.2667 | O22: =N22-M22 -> 0 | P22: =+G22+J22+M22 -> 15272.4 | Q22: =+H22+K22+N22 -> 0 | R22: =Q22-P22 -> -15272.4 | S22: =+IFERROR(HLOOKUP($A$1,[15]손익!$G$5:$AB$252,4,),) -> 0 | T22: =+'[9]부산크라샤(당월)'!$F$61 -> 5600 | U22: =T22-S22 -> 5600 | V22: =+IFERROR(HLOOKUP($A$1,[15]손익!$G$5:$AB$252,13,),) -> 2372.7097 | W22: =+'[9]부산크라샤(당월)'!$I$61 -> 5296 | X22: =W22-V22 -> 2923.2903 | Z22: =+'[9]부산크라샤(당월)'!$L$61 -> 0 | AA22: =Z22-Y22 -> 0 | AB22: =+S22+V22+Y22 -> 2372.7097 | AC22: =+T22+W22+Z22 -> 10896 | AD22: =AC22-AB22 -> 8523.2903 | AE22: =+IFERROR(HLOOKUP($A$1,[16]이송계획!$G$193:$U$216,17,),) -> 5495.2727 | AF22: =+'[9]부산모래장(당월)'!$R$65 -> 2448 | AG22: =AF22-AE22 -> -3047.2727 | AH22: =+P22+AB22+AE22 -> 23140.382 | AI22: =+Q22+AC22+AF22 -> 13344 | AJ22: =AI22-AH22 -> -9796.3824 | AL22: =+AH20-AL20 -> 0 | AM22: =+AI20-AM20 -> 0
F23: 김해 | G23: =+IFERROR(HLOOKUP($A$1,[14]손익!$G$5:$AB$252,5,),) -> 1549.3333 | H23: =+'[9]서부산크라샤(당월)'!$F$62 -> 0 | I23: =H23-G23 -> -1549.3333 | J23: =+IFERROR(HLOOKUP($A$1,[14]손익!$G$5:$AB$252,14,),) -> 0 | K23: =+'[9]서부산크라샤(당월)'!$I$62 -> 0 | L23: =K23-J23 -> 0 | O23: =N23-M23 -> 0 | P23: =+G23+J23+M23 -> 1549.3333 | Q23: =+H23+K23+N23 -> 0 | R23: =Q23-P23 -> -1549.3333 | S23: =+IFERROR(HLOOKUP($A$1,[15]손익!$G$5:$AB$252,5,),) -> 0 | T23: =+'[9]부산크라샤(당월)'!$F$62 -> 0 | U23: =T23-S23 -> 0 | V23: =+IFERROR(HLOOKUP($A$1,[15]손익!$G$5:$AB$252,14,),) -> 0 | W23: =+'[9]부산크라샤(당월)'!$I$62 -> 0 | X23: =W23-V23 -> 0 | Z23: =+'[9]부산크라샤(당월)'!$L$62 -> 0 | AA23: =Z23-Y23 -> 0 | AB23: =+S23+V23+Y23 -> 0 | AC23: =+T23+W23+Z23 -> 0 | AD23: =AC23-AB23 -> 0 | AE23: =+IFERROR(HLOOKUP($A$1,[16]이송계획!$G$193:$U$216,18,),) -> 3720.2797 | AF23: =+'[9]부산모래장(당월)'!$V$64 -> 0 | AG23: =AF23-AE23 -> -3720.2797 | AH23: =+P23+AB23+AE23 -> 5269.6131 | AI23: =+Q23+AC23+AF23 -> 0 | AJ23: =AI23-AH23 -> -5269.6131
F24: 정관 | G24: =+IFERROR(HLOOKUP($A$1,[14]손익!$G$5:$AB$252,6,),) -> 0 | H24: =+'[9]서부산크라샤(당월)'!$F$63 -> 0 | I24: =H24-G24 -> 0 | J24: =+IFERROR(HLOOKUP($A$1,[14]손익!$G$5:$AB$252,15,),) -> 0 | K24: =+'[9]서부산크라샤(당월)'!$I$63 -> 0 | L24: =K24-J24 -> 0 | O24: =N24-M24 -> 0 | P24: =+G24+J24+M24 -> 0 | Q24: =+H24+K24+N24 -> 0 | R24: =Q24-P24 -> 0 | S24: =+IFERROR(HLOOKUP($A$1,[15]손익!$G$5:$AB$252,6,),) -> 0 | T24: =+'[9]부산크라샤(당월)'!$F$63 -> 0 | U24: =T24-S24 -> 0 | V24: =+IFERROR(HLOOKUP($A$1,[15]손익!$G$5:$AB$252,15,),) -> 0 | W24: =+'[9]부산크라샤(당월)'!$I$63 -> 768 | X24: =W24-V24 -> 768 | Z24: =+'[9]부산크라샤(당월)'!$L$63 -> 0 | AA24: =Z24-Y24 -> 0 | AB24: =+S24+V24+Y24 -> 0 | AC24: =+T24+W24+Z24 -> 768 | AD24: =AC24-AB24 -> 768 | AE24: =+IFERROR(HLOOKUP($A$1,[16]이송계획!$G$193:$U$216,19,),) -> 4400.5594 | AF24: =+'[9]부산모래장(당월)'!$V$65 -> 0 | AG24: =AF24-AE24 -> -4400.5594 | AH24: =+P24+AB24+AE24 -> 4400.5594 | AI24: =+Q24+AC24+AF24 -> 768 | AJ24: =AI24-AH24 -> -3632.5594
F25: 양산 | G25: =+IFERROR(HLOOKUP($A$1,[14]손익!$G$5:$AB$252,7,),) -> 0 | H25: =+'[9]서부산크라샤(당월)'!$F$64 -> 0 | I25: =H25-G25 -> 0 | J25: =+IFERROR(HLOOKUP($A$1,[14]손익!$G$5:$AB$252,16,),) -> 687.03 | K25: =+'[9]서부산크라샤(당월)'!$I$64 -> 0 | L25: =K25-J25 -> -687.03 | O25: =N25-M25 -> 0 | P25: =+G25+J25+M25 -> 687.03 | Q25: =+H25+K25+N25 -> 0 | R25: =Q25-P25 -> -687.03 | S25: =+IFERROR(HLOOKUP($A$1,[15]손익!$G$5:$AB$252,7,),) -> 0 | T25: =+'[9]부산크라샤(당월)'!$F$64 -> 0 | U25: =T25-S25 -> 0 | V25: =+IFERROR(HLOOKUP($A$1,[15]손익!$G$5:$AB$252,16,),) -> 0 | W25: =+'[9]부산크라샤(당월)'!$I$64 -> 0 | X25: =W25-V25 -> 0 | Z25: =+'[9]부산크라샤(당월)'!$L$64 -> 0 | AA25: =Z25-Y25 -> 0 | AB25: =+S25+V25+Y25 -> 0 | AC25: =+T25+W25+Z25 -> 0 | AD25: =AC25-AB25 -> 0 | AE25: =+IFERROR(HLOOKUP($A$1,[16]이송계획!$G$193:$U$216,20,),) -> 1602.8601 | AF25: =+'[9]부산모래장(당월)'!$R$66 -> 1920 | AG25: =AF25-AE25 -> 317.13986 | AH25: =+P25+AB25+AE25 -> 2289.8901 | AI25: =+Q25+AC25+AF25 -> 1920 | AJ25: =AI25-AH25 -> -369.89014
F26: 창원 | G26: =+IFERROR(HLOOKUP($A$1,[14]손익!$G$5:$AB$252,8,),) -> 836 | H26: =+'[9]서부산크라샤(당월)'!$F$65 -> 0 | I26: =H26-G26 -> -836 | J26: =+IFERROR(HLOOKUP($A$1,[14]손익!$G$5:$AB$252,17,),) -> 484 | K26: =+'[9]서부산크라샤(당월)'!$I$65 -> 0 | L26: =K26-J26 -> -484 | O26: =N26-M26 -> 0 | P26: =+G26+J26+M26 -> 1320 | Q26: =+H26+K26+N26 -> 0 | R26: =Q26-P26 -> -1320 | S26: =+IFERROR(HLOOKUP($A$1,[15]손익!$G$5:$AB$252,8,),) -> 0 | T26: =+'[9]부산크라샤(당월)'!$F$65 -> 0 | U26: =T26-S26 -> 0 | V26: =+IFERROR(HLOOKUP($A$1,[15]손익!$G$5:$AB$252,17,),) -> 0 | W26: =+'[9]부산크라샤(당월)'!$I$65 -> 0 | X26: =W26-V26 -> 0 | Z26: =+'[9]부산크라샤(당월)'!$L$65 -> 0 | AA26: =Z26-Y26 -> 0 | AB26: =+S26+V26+Y26 -> 0 | AC26: =+T26+W26+Z26 -> 0 | AD26: =AC26-AB26 -> 0 | AE26: =+IFERROR(HLOOKUP($A$1,[16]이송계획!$G$193:$U$216,21,),) -> 0 | AG26: =AF26-AE26 -> 0 | AH26: =+P26+AB26+AE26 -> 1320 | AI26: =+Q26+AC26+AF26 -> 0 | AJ26: =AI26-AH26 -> -1320
E27: 자가이송 | F27: 부산 | G27: =+IFERROR(HLOOKUP($A$1,[14]손익!$G$5:$AB$252,31,),) -> 0 | H27: =IFERROR(H35/H21,)*1000 -> 0 | I27: =H27-G27 -> 0 | J27: =+IFERROR(HLOOKUP($A$1,[14]손익!$G$5:$AB$252,40,),) -> 0 | K27: =IFERROR(K35/K21,)*1000 -> 0 | L27: =K27-J27 -> 0 | O27: =N27-M27 -> 0 | P27: =+IFERROR(HLOOKUP($A$1,[14]손익!$G$5:$AB$252,48,),) -> 9000 | Q27: =IFERROR(Q35/Q21,)*1000 -> 0 | R27: =Q27-P27 -> -9000 | S27: =+IFERROR(HLOOKUP($A$1,[15]손익!$G$5:$AB$252,30,),) -> 16000 | T27: =IFERROR(T35/T21,)*1000 -> 17500 | U27: =T27-S27 -> 1500 | V27: =+IFERROR(HLOOKUP($A$1,[15]손익!$G$5:$AB$252,39,),) -> 23000 | W27: =IFERROR(W35/W21,)*1000 -> 23500 | X27: =W27-V27 -> 500 | Z27: =IFERROR(Z35/Z21,)*1000 -> 0 | AA27: =Z27-Y27 -> 0 | AB27: =+S27+V27+Y27 -> 39000 | AC27: =+T27+W27+Z27 -> 41000 | AD27: =AC27-AB27 -> 2000 | AE27: =IFERROR(AE35/AE21,)*1000 -> 30500 | AF27: =IFERROR(AF35/AF21,)*1000 -> 32929.032 | AG27: =AF27-AE27 -> 2429.0323 | AH27: =+AH35/AH21*1000 -> 21087.731 | AI27: =IFERROR(AI35/AI21,)*1000 -> 22746.543 | AJ27: =AI27-AH27 -> 1658.8117
E28: 단가 | F28: 서부산 | G28: =+IFERROR(HLOOKUP($A$1,[14]손익!$G$5:$AB$252,32,),) -> 16000 | H28: =IFERROR(H36/H22,)*1000 -> 0 | I28: =H28-G28 -> -16000 | J28: =+IFERROR(HLOOKUP($A$1,[14]손익!$G$5:$AB$252,41,),) -> 22000 | K28: =IFERROR(K36/K22,)*1000 -> 0 | L28: =K28-J28 -> -22000 | O28: =N28-M28 -> 0 | P28: =+IFERROR(HLOOKUP($A$1,[14]손익!$G$5:$AB$252,49,),) -> 10458.859 | Q28: =IFERROR(Q36/Q22,)*1000 -> 0 | R28: =Q28-P28 -> -10458.859 | S28: =+IFERROR(HLOOKUP($A$1,[15]손익!$G$5:$AB$252,31,),) -> 0 | T28: =IFERROR(T36/T22,)*1000 -> 12000 | U28: =T28-S28 -> 12000 | V28: =+IFERROR(HLOOKUP($A$1,[15]손익!$G$5:$AB$252,40,),) -> 19000 | W28: =IFERROR(W36/W22,)*1000 -> 18000 | X28: =W28-V28 -> -1000 | Z28: =IFERROR(Z36/Z22,)*1000 -> 0 | AA28: =Z28-Y28 -> 0 | AB28: =+S28+V28+Y28 -> 19000 | AC28: =+T28+W28+Z28 -> 30000 | AD28: =AC28-AB28 -> 11000 | AE28: =IFERROR(AE36/AE22,)*1000 -> 28000 | AF28: =IFERROR(AF36/AF22,)*1000 -> 27500 | AG28: =AF28-AE28 -> -500 | AH28: =+AH36/AH22*1000 -> 19453.487 | AI28: =IFERROR(AI36/AI22,)*1000 -> 17224.82 | AJ28: =AI28-AH28 -> -2228.6665
F29: 김해 | G29: =+IFERROR(HLOOKUP($A$1,[14]손익!$G$5:$AB$252,33,),) -> 10000 | H29: =IFERROR(H37/H23,)*1000 -> 0 | I29: =H29-G29 -> -10000 | J29: =+IFERROR(HLOOKUP($A$1,[14]손익!$G$5:$AB$252,42,),) -> 0 | K29: =IFERROR(K37/K23,)*1000 -> 0 | L29: =K29-J29 -> 0 | O29: =N29-M29 -> 0 | P29: =+IFERROR(HLOOKUP($A$1,[14]손익!$G$5:$AB$252,50,),) -> 0 | Q29: =IFERROR(Q37/Q23,)*1000 -> 0 | R29: =Q29-P29 -> 0 | S29: =+IFERROR(HLOOKUP($A$1,[15]손익!$G$5:$AB$252,32,),) -> 0 | T29: =IFERROR(T37/T23,)*1000 -> 0 | U29: =T29-S29 -> 0 | V29: =+IFERROR(HLOOKUP($A$1,[15]손익!$G$5:$AB$252,41,),) -> 0 | W29: =IFERROR(W37/W23,)*1000 -> 0 | X29: =W29-V29 -> 0 | Z29: =IFERROR(Z37/Z23,)*1000 -> 0 | AA29: =Z29-Y29 -> 0 | AB29: =+S29+V29+Y29 -> 0 | AC29: =+T29+W29+Z29 -> 0 | AD29: =AC29-AB29 -> 0 | AE29: =IFERROR(AE37/AE23,)*1000 -> 27500 | AF29: =IFERROR(AF37/AF23,)*1000 -> 0 | AG29: =AF29-AE29 -> -27500 | AH29: =+AH37/AH23*1000 -> 22354.777 | AI29: =IFERROR(AI37/AI23,)*1000 -> 0 | AJ29: =AI29-AH29 -> -22354.777
F30: 정관 | G30: =+IFERROR(HLOOKUP($A$1,[14]손익!$G$5:$AB$252,34,),) -> 0 | H30: =IFERROR(H38/H24,)*1000 -> 0 | I30: =H30-G30 -> 0 | J30: =+IFERROR(HLOOKUP($A$1,[14]손익!$G$5:$AB$252,43,),) -> 0 | K30: =IFERROR(K38/K24,)*1000 -> 0 | L30: =K30-J30 -> 0 | O30: =N30-M30 -> 0 | P30: =+IFERROR(HLOOKUP($A$1,[14]손익!$G$5:$AB$252,51,),) -> 16448.757 | Q30: =IFERROR(Q38/Q24,)*1000 -> 0 | R30: =Q30-P30 -> -16448.757 | S30: =+IFERROR(HLOOKUP($A$1,[15]손익!$G$5:$AB$252,33,),) -> 0 | T30: =IFERROR(T38/T24,)*1000 -> 0 | U30: =T30-S30 -> 0 | V30: =+IFERROR(HLOOKUP($A$1,[15]손익!$G$5:$AB$252,42,),) -> 0 | W30: =IFERROR(W38/W24,)*1000 -> 18000 | X30: =W30-V30 -> 18000 | Z30: =IFERROR(Z38/Z24,)*1000 -> 0 | AA30: =Z30-Y30 -> 0 | AB30: =+S30+V30+Y30 -> 0 | AC30: =+T30+W30+Z30 -> 18000 | AD30: =AC30-AB30 -> 18000 | AE30: =IFERROR(AE38/AE24,)*1000 -> 27500 | AF30: =IFERROR(AF38/AF24,)*1000 -> 0 | AG30: =AF30-AE30 -> -27500 | AH30: =+AH38/AH24*1000 -> 27500 | AI30: =IFERROR(AI38/AI24,)*1000 -> 162947.92 | AJ30: =AI30-AH30 -> 135447.92
F31: 양산 | G31: =+IFERROR(HLOOKUP($A$1,[14]손익!$G$5:$AB$252,35,),) -> 0 | H31: =IFERROR(H39/H25,)*1000 -> 0 | I31: =H31-G31 -> 0 | J31: =+IFERROR(HLOOKUP($A$1,[14]손익!$G$5:$AB$252,44,),) -> 15000 | K31: =IFERROR(K39/K25,)*1000 -> 0 | L31: =K31-J31 -> -15000 | O31: =N31-M31 -> 0 | P31: =+IFERROR(HLOOKUP($A$1,[14]손익!$G$5:$AB$252,52,),) -> 10000 | Q31: =IFERROR(Q39/Q25,)*1000 -> 0 | R31: =Q31-P31 -> -10000 | S31: =+IFERROR(HLOOKUP($A$1,[15]손익!$G$5:$AB$252,34,),) -> 0 | T31: =IFERROR(T39/T25,)*1000 -> 0 | U31: =T31-S31 -> 0 | V31: =+IFERROR(HLOOKUP($A$1,[15]손익!$G$5:$AB$252,43,),) -> 0 | W31: =IFERROR(W39/W25,)*1000 -> 0 | X31: =W31-V31 -> 0 | Z31: =IFERROR(Z39/Z25,)*1000 -> 0 | AA31: =Z31-Y31 -> 0 | AB31: =+S31+V31+Y31 -> 0 | AC31: =+T31+W31+Z31 -> 0 | AD31: =AC31-AB31 -> 0 | AE31: =IFERROR(AE39/AE25,)*1000 -> 27500 | AF31: =IFERROR(AF39/AF25,)*1000 -> 0 | AG31: =AF31-AE31 -> -27500 | AH31: =+AH39/AH25*1000 -> 23749.656 | AI31: =IFERROR(AI39/AI25,)*1000 -> 0 | AJ31: =AI31-AH31 -> -23749.656
F32: 창원 | G32: =+IFERROR(HLOOKUP($A$1,[14]손익!$G$5:$AB$252,36,),) -> 10000 | H32: =IFERROR(H40/H26,)*1000 -> 0 | I32: =H32-G32 -> -10000 | J32: =+IFERROR(HLOOKUP($A$1,[14]손익!$G$5:$AB$252,45,),) -> 15000 | K32: =IFERROR(K40/K26,)*1000 -> 0 | L32: =K32-J32 -> -15000 | O32: =N32-M32 -> 0 | P32: =+IFERROR(HLOOKUP($A$1,[14]손익!$G$5:$AB$252,53,),) -> 0 | Q32: =IFERROR(Q40/Q26,)*1000 -> 0 | R32: =Q32-P32 -> 0 | S32: =+IFERROR(HLOOKUP($A$1,[15]손익!$G$5:$AB$252,35,),) -> 0 | T32: =IFERROR(T40/T26,)*1000 -> 0 | U32: =T32-S32 -> 0 | V32: =+IFERROR(HLOOKUP($A$1,[15]손익!$G$5:$AB$252,44,),) -> 0 | W32: =IFERROR(W40/W26,)*1000 -> 0 | X32: =W32-V32 -> 0 | Z32: =IFERROR(Z40/Z26,)*1000 -> 0 | AA32: =Z32-Y32 -> 0 | AB32: =+S32+V32+Y32 -> 0 | AC32: =+T32+W32+Z32 -> 0 | AD32: =AC32-AB32 -> 0 | AE32: =IFERROR(AE40/AE26,)*1000 -> 0 | AF32: =IFERROR(AF40/AF26,)*1000 -> 0 | AG32: =AF32-AE32 -> 0 | AH32: =+AH40/AH26*1000 -> 11833.333 | AI32: =IFERROR(AI40/AI26,)*1000 -> 0 | AJ32: =AI32-AH32 -> -11833.333
E33: * 자가이송 운반비 : 부산 3,500 / 김해 3,500 / 정관 8,000 / 양산 5,000 / 창원 8,000
AF34: * 공통비
E35: 자가이송 | F35: 부산 | G35: =+IFERROR(HLOOKUP($A$1,[14]손익!$G$5:$AB$252,59,),) -> 0 | H35: =+IFERROR(VLOOKUP($F35,'[17]서부산(손익)'!$L$16:$R$29,4,),)/1000 -> 0 | I35: =+H35-G35 -> 0 | J35: =+IFERROR(HLOOKUP($A$1,[14]손익!$G$5:$AB$252,68,),) -> 0 | K35: =+IFERROR(VLOOKUP($F35,'[17]서부산(손익)'!$L$16:$R$29,3,),)/1000 -> 0 | L35: =+K35-J35 -> 0 | O35: =+N35-M35 -> 0 | P35: =SUM(G35,J35,M35) -> 0 | Q35: =SUM(H35,K35,N35) -> 0 | R35: =+Q35-P35 -> 0 | S35: =+IFERROR(HLOOKUP($A$1,[15]손익!$G$5:$AB$252,57,),) -> 208285.91 | T35: =+IFERROR(VLOOKUP($F35,'[17]부산크라샤(손익)'!$L$16:$R$29,3,),)/1000 -> 146300 | U35: =+T35-S35 -> -61985.913 | V35: =+IFERROR(HLOOKUP($A$1,[15]손익!$G$5:$AB$252,66,),) -> 210137.82 | W35: =+IFERROR(VLOOKUP($F35,'[17]부산크라샤(손익)'!$L$16:$R$29,4,),)/1000 -> 137357.5 | X35: =+W35-V35 -> -72780.317 | AA35: =+Z35-Y35 -> 0 | AB35: =SUM(S35,V35) -> 418423.73 | AC35: =SUM(T35,W35) -> 283657.5 | AD35: =+AC35-AB35 -> -134766.23 | AE35: =+IFERROR(HLOOKUP($A$1,[16]이송계획!$G$70:$W$100,16,),)+IFERROR(HLOOKUP($A$1,[16]이송계획!$G$70:$W$100,23,),) -> 158004.81 | AF35: =+'[9]부산모래장(당월)'!R76 -> 127600 | AH35: =+P35+AB35+AE35 -> 576428.54 | AI35: =+Q35+AC35+AF35 -> 411257.5 | AJ35: =+AI35-AH35 -> -165171.04
E36: 매출액 | F36: 서부산 | G36: =+IFERROR(HLOOKUP($A$1,[14]손익!$G$5:$AB$252,60,),) -> 226082.13 | H36: =+IFERROR(VLOOKUP($F36,'[17]서부산(손익)'!$L$16:$R$29,4,),)/1000 -> 0 | I36: =+H36-G36 -> -226082.13 | J36: =+IFERROR(HLOOKUP($A$1,[14]손익!$G$5:$AB$252,69,),) -> 25129.867 | K36: =+IFERROR(VLOOKUP($F36,'[17]서부산(손익)'!$L$16:$R$29,3,),)/1000 -> 0 | L36: =+K36-J36 -> -25129.867 | O36: =+N36-M36 -> 0 | P36: =SUM(G36,J36,M36) -> 251212 | Q36: =SUM(H36,K36,N36) -> 0 | R36: =+Q36-P36 -> -251212 | S36: =+IFERROR(HLOOKUP($A$1,[15]손익!$G$5:$AB$252,58,),) -> 0 | T36: =+IFERROR(VLOOKUP($F36,'[17]부산크라샤(손익)'!$L$16:$R$29,3,),)/1000 -> 67200 | U36: =+T36-S36 -> 67200 | V36: =+IFERROR(HLOOKUP($A$1,[15]손익!$G$5:$AB$252,67,),) -> 45081.484 | W36: =+IFERROR(VLOOKUP($F36,'[17]부산크라샤(손익)'!$L$16:$R$29,4,),)/1000 -> 95328 | X36: =+W36-V36 -> 50246.516 | AA36: =+Z36-Y36 -> 0 | AB36: =SUM(S36,V36) -> 45081.484 | AC36: =SUM(T36,W36) -> 162528 | AD36: =+AC36-AB36 -> 117446.52 | AE36: =+IFERROR(HLOOKUP($A$1,[16]이송계획!$G$70:$W$100,17,),)+IFERROR(HLOOKUP($A$1,[16]이송계획!$G$70:$W$100,24,),) -> 153867.64 | AF36: =+'[9]부산모래장(당월)'!R77 -> 67320 | AH36: =+P36+AB36+AE36 -> 450161.12 | AI36: =+Q36+AC36+AF36 -> 229848 | AJ36: =+AI36-AH36 -> -220313.12
F37: 김해 | G37: =+IFERROR(HLOOKUP($A$1,[14]손익!$G$5:$AB$252,61,),) -> 15493.333 | H37: =+IFERROR(VLOOKUP($F37,'[17]서부산(손익)'!$L$16:$R$29,4,),)/1000 -> 0 | I37: =+H37-G37 -> -15493.333 | J37: =+IFERROR(HLOOKUP($A$1,[14]손익!$G$5:$AB$252,70,),) -> 0 | K37: =+IFERROR(VLOOKUP($F37,'[17]서부산(손익)'!$L$16:$R$29,3,),)/1000 -> 0 | L37: =+K37-J37 -> 0 | O37: =+N37-M37 -> 0 | P37: =SUM(G37,J37,M37) -> 15493.333 | Q37: =SUM(H37,K37,N37) -> 0 | R37: =+Q37-P37 -> -15493.333 | S37: =+IFERROR(HLOOKUP($A$1,[15]손익!$G$5:$AB$252,59,),) -> 0 | T37: =+IFERROR(VLOOKUP($F37,'[17]부산크라샤(손익)'!$L$16:$R$29,3,),)/1000 -> 0 | U37: =+T37-S37 -> 0 | V37: =+IFERROR(HLOOKUP($A$1,[15]손익!$G$5:$AB$252,68,),) -> 0 | W37: =+IFERROR(VLOOKUP($F37,'[17]부산크라샤(손익)'!$L$16:$R$29,4,),)/1000 -> 0 | X37: =+W37-V37 -> 0 | AA37: =+Z37-Y37 -> 0 | AB37: =SUM(S37,V37) -> 0 | AC37: =SUM(T37,W37) -> 0 | AD37: =+AC37-AB37 -> 0 | AE37: =+IFERROR(HLOOKUP($A$1,[16]이송계획!$G$70:$W$100,18,),)+IFERROR(HLOOKUP($A$1,[16]이송계획!$G$70:$W$100,25,),) -> 102307.69 | AF37: =+'[9]부산모래장(당월)'!R78 -> 52800 | AH37: =+P37+AB37+AE37 -> 117801.03 | AI37: =+Q37+AC37+AF37 -> 52800 | AJ37: =+AI37-AH37 -> -65001.026
F38: 정관 | G38: =+IFERROR(HLOOKUP($A$1,[14]손익!$G$5:$AB$252,62,),) -> 0 | H38: =+IFERROR(VLOOKUP($F38,'[17]서부산(손익)'!$L$16:$R$29,4,),)/1000 -> 0 | I38: =+H38-G38 -> 0 | J38: =+IFERROR(HLOOKUP($A$1,[14]손익!$G$5:$AB$252,71,),) -> 0 | K38: =+IFERROR(VLOOKUP($F38,'[17]서부산(손익)'!$L$16:$R$29,3,),)/1000 -> 0 | L38: =+K38-J38 -> 0 | O38: =+N38-M38 -> 0 | P38: =SUM(G38,J38,M38) -> 0 | Q38: =SUM(H38,K38,N38) -> 0 | R38: =+Q38-P38 -> 0 | S38: =+IFERROR(HLOOKUP($A$1,[15]손익!$G$5:$AB$252,60,),) -> 0 | T38: =+IFERROR(VLOOKUP($F38,'[17]부산크라샤(손익)'!$L$16:$R$29,3,),)/1000 -> 0 | U38: =+T38-S38 -> 0 | V38: =+IFERROR(HLOOKUP($A$1,[15]손익!$G$5:$AB$252,69,),) -> 0 | W38: =+IFERROR(VLOOKUP($F38,'[17]부산크라샤(손익)'!$L$16:$R$29,4,),)/1000 -> 13824 | X38: =+W38-V38 -> 13824 | AA38: =+Z38-Y38 -> 0 | AB38: =SUM(S38,V38) -> 0 | AC38: =SUM(T38,W38) -> 13824 | AD38: =+AC38-AB38 -> 13824 | AE38: =+IFERROR(HLOOKUP($A$1,[16]이송계획!$G$70:$W$100,19,),)+IFERROR(HLOOKUP($A$1,[16]이송계획!$G$70:$W$100,26,),) -> 121015.38 | AF38: =+'[9]부산모래장(당월)'!R79 -> 111320 | AH38: =+P38+AB38+AE38 -> 121015.38 | AI38: =+Q38+AC38+AF38 -> 125144 | AJ38: =+AI38-AH38 -> 4128.6154
F39: 양산 | G39: =+IFERROR(HLOOKUP($A$1,[14]손익!$G$5:$AB$252,63,),) -> 0 | H39: =+IFERROR(VLOOKUP($F39,'[17]서부산(손익)'!$L$16:$R$29,4,),)/1000 -> 0 | I39: =+H39-G39 -> 0 | J39: =+IFERROR(HLOOKUP($A$1,[14]손익!$G$5:$AB$252,72,),) -> 10305.45 | K39: =+IFERROR(VLOOKUP($F39,'[17]서부산(손익)'!$L$16:$R$29,3,),)/1000 -> 0 | L39: =+K39-J39 -> -10305.45 | O39: =+N39-M39 -> 0 | P39: =SUM(G39,J39,M39) -> 10305.45 | Q39: =SUM(H39,K39,N39) -> 0 | R39: =+Q39-P39 -> -10305.45 | S39: =+IFERROR(HLOOKUP($A$1,[15]손익!$G$5:$AB$252,61,),) -> 0 | T39: =+IFERROR(VLOOKUP($F39,'[17]부산크라샤(손익)'!$L$16:$R$29,3,),)/1000 -> 0 | U39: =+T39-S39 -> 0 | V39: =+IFERROR(HLOOKUP($A$1,[15]손익!$G$5:$AB$252,70,),) -> 0 | W39: =+IFERROR(VLOOKUP($F39,'[17]부산크라샤(손익)'!$L$16:$R$29,4,),)/1000 -> 0 | X39: =+W39-V39 -> 0 | AA39: =+Z39-Y39 -> 0 | AB39: =SUM(S39,V39) -> 0 | AC39: =SUM(T39,W39) -> 0 | AD39: =+AC39-AB39 -> 0 | AE39: =+IFERROR(HLOOKUP($A$1,[16]이송계획!$G$70:$W$100,20,),)+IFERROR(HLOOKUP($A$1,[16]이송계획!$G$70:$W$100,27,),) -> 44078.654 | AF39: =+'[9]부산모래장(당월)'!R80 -> 0 | AH39: =+P39+AB39+AE39 -> 54384.104 | AI39: =+Q39+AC39+AF39 -> 0 | AJ39: =+AI39-AH39 -> -54384.104
