Workbook

Sheet 표지
A6: 2024년 4월 마감 손익
A24: 건재사업본부

Sheet 손익총괄
C3: □ 건재사업본부 손익실적(2024-04) | Z3: □ 건재부문 실적(4월)
X4: [단위 : 천㎥, 톤, 원/㎥, 원/톤, 백만원] | AK4: (단위 : 천㎥, 천톤, 억원)
C5: 구분 | E5: 4월 | J5: 4월 누계 | P5: 4월 주요지표 | Z5: 구분 | AB5: =+E5 -> 4월 | AG5: =+J5 -> 4월 누계
E6: 계획 | F6: 실적 | G6: 계획대비 | H6: 전년 | I6: 전년대비 | J6: 계획 | K6: 실적 | L6: 계획대비 | M6: 전년 | N6: 전년대비 | AB6: =+E6 -> 계획 | AC6: =+F6 -> 실적 | AD6: =+G6 -> 계획대비 | AE6: =+H6 -> 전년 | AF6: =+I6 -> 전년대비 | AG6: =+J6 -> 계획 | AH6: =+K6 -> 실적 | AI6: =+L6 -> 계획대비 | ... AK6: =+N6 -> 전년대비
C7: 물량 | D7: 레미콘 | E7: =+'[1]4월'!$Z$7/1000 -> 308.5 | F7: =+'[2]4월'!$Z$7/1000 -> 331.0375 | G7: =+F7-E7 -> 22.5375 | H7: =+'[3]4월'!$Z$7/1000 -> 322.7745 | I7: =+F7-H7 -> 8.263 | J7: =+[4]손익총괄!J7+E7 -> 1064.5 | K7: =+[4]손익총괄!K7+F7 -> 1125.966 | L7: =+K7-J7 -> 61.466 | M7: =+[4]손익총괄!M7+H7 -> 1279.6475 | N7: =+K7-M7 -> -153.6815 | Q7: □ 레미콘 | Z7: 물량 | AA7: =+D7 -> 레미콘 | AB7: =+E7 -> 308.5 | AC7: =+F7 -> 331.0375 | AD7: =+AC7-AB7 -> 22.5375 | AE7: =+H7 -> 322.7745 | AF7: =+AC7-AE7 -> 8.263 | AG7: =+J7 -> 1064.5 | AH7: =+K7 -> 1125.966 | AI7: =+AH7-AG7 -> 61.466 | AJ7: =+M7 -> 1279.6475 | AK7: =+AH7-AJ7 -> -153.6815
D8: 철강재 | E8: =+'[1]4월'!$AA$7 -> 7300 | F8: =+'[2]4월'!$AO$7 -> 8574.983 | G8: =+F8-E8 -> 1274.983 | H8: =+'[3]4월'!$AO$7 -> 9357.597 | I8: =+F8-H8 -> -782.614 | J8: =+[4]손익총괄!J8+E8 -> 27900 | K8: =+[4]손익총괄!K8+F8 -> 30310.546 | L8: =+K8-J8 -> 2410.546 | M8: =+[4]손익총괄!M8+H8 -> 34525.302 | N8: =+K8-M8 -> -4214.756 | Q8: 구분 | S8: 계획 | T8: 실적 | U8: 계획대비 | V8: 전년 | W8: 전년대비 | AA8: =+D8 -> 철강재 | AB8: =+E8/1000 -> 7.3 | AC8: =+F8/1000 -> 8.574983 | AD8: =+AC8-AB8 -> 1.274983 | AE8: =+H8/1000 -> 9.357597 | AF8: =+AC8-AE8 -> -0.782614 | AG8: =+J8/1000 -> 27.9 | AH8: =+K8/1000 -> 30.310546 | AI8: =+AH8-AG8 -> 2.410546 | AJ8: =+M8/1000 -> 34.525302 | AK8: =+AH8-AJ8 -> -4.214756
D9: 골재 | E9: =+'[1]4월'!$AE$7/1000 -> 59.030283 | F9: =+'[2]4월'!$AN$7/1000 -> 86.343 | G9: =+F9-E9 -> 27.312717 | H9: =+'[3]4월'!$AN$7/1000 -> 58.239 | I9: =+F9-H9 -> 28.104 | J9: =+[4]손익총괄!J9+E9 -> 259.16836 | K9: =+[4]손익총괄!K9+F9 -> 321.06 | L9: =+K9-J9 -> 61.89164 | M9: =+[4]손익총괄!M9+H9 -> 245.332 | N9: =+K9-M9 -> 75.728 | Q9: 물량 | R9: 수도권 | S9: =+[5]수도권!$T$5/1000 -> 122.5 | T9: =+[5]수도권!$U$5/1000 -> 122.5135 | U9: =+T9-S9 -> 0.0135 | V9: =+[6]수도권!$T$5/1000 -> 122.851 | W9: =+T9-V9 -> -0.3375 | AA9: =+D9 -> 골재 | AB9: =+E9 -> 59.030283 | AC9: =+F9 -> 86.343 | AD9: =+AC9-AB9 -> 27.312717 | AE9: =+H9 -> 58.239 | AF9: =+AC9-AE9 -> 28.104 | AG9: =+J9 -> 259.16836 | AH9: =+K9 -> 321.06 | AI9: =+AH9-AG9 -> 61.89164 | AJ9: =+M9 -> 245.332 | AK9: =+AH9-AJ9 -> 75.728
C10: 매출 | D10: 레미콘 | E10: =+'[1]4월'!$Z$8/1000 -> 31476.892 | F10: =+'[2]4월'!$Z$8/1000 -> 33733.44 | G10: =+F10-E10 -> 2256.5477 | H10: =+'[3]4월'!$Z$8/1000 -> 30531.031 | I10: =+F10-H10 -> 3202.4081 | J10: =+[4]손익총괄!J10+E10 -> 107660.25 | K10: =+[4]손익총괄!K10+F10 -> 114335.88 | L10: =+K10-J10 -> 6675.628 | M10: =+[4]손익총괄!M10+H10 -> 120036.55 | N10: =+K10-M10 -> -5700.668 | R10: 영남권 | S10: =+[5]영남권!$T$5/1000 -> 129.5 | T10: =+[5]영남권!$U$5/1000 -> 147.2215 | U10: =+T10-S10 -> 17.7215 | V10: =+[6]영남권!$T$5/1000 -> 140.756 | W10: =+T10-V10 -> 6.4655 | Z10: 매출액 | AA10: =+D10 -> 레미콘 | AB10: =+E10/100 -> 314.76892 | AC10: =+F10/100 -> 337.3344 | AD10: =+AC10-AB10 -> 22.565477 | AE10: =+H10/100 -> 305.31031 | AF10: =+AC10-AE10 -> 32.024081 | AG10: =+J10/100 -> 1076.6025 | AH10: =+K10/100 -> 1143.3588 | AI10: =+AH10-AG10 -> 66.75628 | AJ10: =+M10/100 -> 1200.3655 | AK10: =+AH10-AJ10 -> -57.00668
D11: 건자재 | E11: =+'[1]4월'!$AA$8/1000 -> 8929.3158 | F11: =+'[2]4월'!$AO$8/1000 -> 8822.0395 | G11: =+F11-E11 -> -107.2763 | H11: =+'[3]4월'!$AO$8/1000 -> 11408.615 | I11: =+F11-H11 -> -2586.5755 | J11: =+[4]손익총괄!J11+E11 -> 34136.773 | K11: =+[4]손익총괄!K11+F11 -> 31755.572 | L11: =+K11-J11 -> -2381.2002 | M11: =+[4]손익총괄!M11+H11 -> 41371.69 | N11: =+K11-M11 -> -9616.1171 | R11: 중부권 | S11: =+[5]중부권!$T$5/1000 -> 56.5 | T11: =+[5]중부권!$U$5/1000 -> 61.3025 | U11: =+T11-S11 -> 4.8025 | V11: =+[6]중부권!$T$5/1000 -> 59.1675 | W11: =+T11-V11 -> 2.135 | AA11: =+D11 -> 건자재 | AB11: =+E11/100 -> 89.293158 | AC11: =+F11/100 -> 88.220395 | AD11: =+AC11-AB11 -> -1.072763 | AE11: =+H11/100 -> 114.08615 | AF11: =+AC11-AE11 -> -25.865755 | AG11: =+J11/100 -> 341.36773 | AH11: =+K11/100 -> 317.55572 | AI11: =+AH11-AG11 -> -23.812002 | AJ11: =+M11/100 -> 413.7169 | AK11: =+AH11-AJ11 -> -96.161171
D12: 골재 | E12: =+'[1]4월'!$AE$8/1000 -> 1289.7261 | F12: =+'[2]4월'!$AN$8/1000 -> 1746.8204 | G12: =+F12-E12 -> 457.0943 | H12: =+'[3]4월'!$AN$8/1000 -> 1117.6776 | I12: =+F12-H12 -> 629.14281 | J12: =+[4]손익총괄!J12+E12 -> 5564.2229 | K12: =+[4]손익총괄!K12+F12 -> 6528.4296 | L12: =+K12-J12 -> 964.20667 | M12: =+[4]손익총괄!M12+H12 -> 4645.3089 | N12: =+K12-M12 -> 1883.1207 | Q12: 계 | S12: =SUM(S9:S11) -> 308.5 | T12: =SUM(T9:T11) -> 331.0375 | U12: =+T12-S12 -> 22.5375 | V12: =SUM(V9:V11) -> 322.7745 | W12: =+T12-V12 -> 8.263 | AA12: =+D12 -> 골재 | AB12: =+E12/100 -> 12.897261 | AC12: =+F12/100 -> 17.468204 | AD12: =+AC12-AB12 -> 4.570943 | AE12: =+H12/100 -> 11.176776 | AF12: =+AC12-AE12 -> 6.2914281 | AG12: =+J12/100 -> 55.642229 | AH12: =+K12/100 -> 65.284296 | AI12: =+AH12-AG12 -> 9.6420667 | AJ12: =+M12/100 -> 46.453089 | AK12: =+AH12-AJ12 -> 18.831207
D13: 기타 | E13: =+'[1]4월'!$E$8/1000-E10-E11-E12 -> 164.9075 | F13: =+'[2]4월'!$F$8/1000-F10-F11-F12 -> 165.79909 | G13: =+F13-E13 -> 0.89159367 | H13: =+'[3]4월'!$F$8/1000-H10-H11-H12 -> 151.66082 | I13: =+F13-H13 -> 14.138273 | J13: =+[4]손익총괄!J13+E13 -> 659.63 | K13: =+[4]손익총괄!K13+F13 -> 659.35363 | L13: =+K13-J13 -> -0.27636933 | M13: =+[4]손익총괄!M13+H13 -> 697.53236 | N13: =+K13-M13 -> -38.178732 | Q13: 판매단가 | R13: 수도권 | S13: =+[5]수도권!$T$61 -> 100360.89 | T13: =+[5]수도권!$U$61 -> 99830.046 | U13: =+T13-S13 -> -530.8434 | V13: =+[6]수도권!$Q$85 -> 90663.317 | W13: =+T13-V13 -> 9166.7287 | AA13: =+D13 -> 기타 | AB13: =+E13/100 -> 1.649075 | AC13: =+F13/100 -> 1.6579909 | AD13: =+AC13-AB13 -> 0.0089159367 | AE13: =+H13/100 -> 1.5166082 | AF13: =+AC13-AE13 -> 0.14138273 | AG13: =+J13/100 -> 6.5963 | AH13: =+K13/100 -> 6.5935363 | AI13: =+AH13-AG13 -> -0.0027636933 | AJ13: =+M13/100 -> 6.9753236 | AK13: =+AH13-AJ13 -> -0.38178732
C14: 계 | E14: =SUM(E10:E13) -> 41860.841 | F14: =SUM(F10:F13) -> 44468.099 | G14: =+F14-E14 -> 2607.2573 | H14: =SUM(H10:H13) -> 43208.985 | I14: =+F14-H14 -> 1259.1137 | J14: =SUM(J10:J13) -> 148020.88 | K14: =SUM(K10:K13) -> 153279.24 | L14: =+K14-J14 -> 5258.3581 | M14: =SUM(M10:M13) -> 166751.08 | N14: =+K14-M14 -> -13471.843 | R14: 영남권 | S14: =+[5]영남권!$T$61 -> 101814.88 | T14: =+[5]영남권!$U$61 -> 101618.83 | U14: =+T14-S14 -> -196.04242 | V14: =+[6]영남권!$Q$85 -> 95926.79 | W14: =+T14-V14 -> 5692.0451 | AA14: 계 | AB14: =SUM(AB10:AB13) -> 418.60841 | AC14: =SUM(AC10:AC13) -> 444.68099 | AD14: =+AC14-AB14 -> 26.072573 | AE14: =SUM(AE10:AE13) -> 432.08985 | AF14: =+AC14-AE14 -> 12.591137 | AG14: =SUM(AG10:AG13) -> 1480.2088 | AH14: =SUM(AH10:AH13) -> 1532.7924 | AI14: =+AH14-AG14 -> 52.583581 | AJ14: =SUM(AJ10:AJ13) -> 1667.5108 | AK14: =+AH14-AJ14 -> -134.71843
C15: 매출원가 | D15: 레미콘 | E15: =+('[1]4월'!$Z$10+'[1]4월'!$Z$19)/1000 -> 25958.207 | F15: =+('[2]4월'!$Z$10+'[2]4월'!$Z$19)/1000 -> 28415.357 | G15: =+F15-E15 -> 2457.1506 | H15: =+('[3]4월'!$Z$10+'[3]4월'!$Z$19)/1000 -> 25278.904 | I15: =+F15-H15 -> 3136.4528 | J15: =+[4]손익총괄!J15+E15 -> 91757.224 | K15: =+[4]손익총괄!K15+F15 -> 99332.256 | L15: =+K15-J15 -> 7575.032 | M15: =+[4]손익총괄!M15+H15 -> 100333.61 | N15: =+K15-M15 -> -1001.3587 | R15: 중부권 | S15: =+[5]중부권!$T$61 -> 106153.21 | T15: =+[5]중부권!$U$61 -> 106728.9 | U15: =+T15-S15 -> 575.69182 | V15: =+[6]중부권!$Q$85 -> 99528.287 | W15: =+T15-V15 -> 7200.6149 | Z15: 영업이익 | AA15: =+D30 -> 레미콘 | AB15: =+E30/100 -> 48.677991 | AC15: =+F30/100 -> 46.352462 | AD15: =+AC15-AB15 -> -2.3255294 | AE15: =+H30/100 -> 45.732553 | AF15: =+AC15-AE15 -> 0.61990848 | AG15: =+J30/100 -> 132.42904 | AH15: =+K30/100 -> 123.48634 | AI15: =+AH15-AG15 -> -8.9427035 | AJ15: =+M30/100 -> 170.39325 | AK15: =+AH15-AJ15 -> -46.906916
D16: 건자재 | E16: =+('[1]4월'!$AA$10+'[1]4월'!$AA$19)/1000 -> 8700.4423 | F16: =+('[2]4월'!$AO$10+'[2]4월'!$AO$19)/1000 -> 8659.0858 | G16: =+F16-E16 -> -41.356498 | H16: =+('[3]4월'!$AO$10+'[3]4월'!$AO$19)/1000 -> 11171.508 | I16: =+F16-H16 -> -2512.4226 | J16: =+[4]손익총괄!J16+E16 -> 33262.448 | K16: =+[4]손익총괄!K16+F16 -> 31058.81 | L16: =+K16-J16 -> -2203.6377 | M16: =+[4]손익총괄!M16+H16 -> 40559.505 | N16: =+K16-M16 -> -9500.6948 | Q16: 계 | S16: =+[5]합계!$T$61 -> 102032.06 | T16: =+[5]합계!$U$61 -> 101892.73 | U16: =+T16-S16 -> -139.33146 | V16: =+[6]합계!$Q$85 -> 94591.926 | W16: =+T16-V16 -> 7300.8073 | AA16: =+D31 -> % | AB16: =+E31 -> 0.15464675 | AC16: =+F31 -> 0.13740805 | AD16: =+AC16-AB16 -> -0.017238702 | AE16: =+H31 -> 0.1497904 | AF16: =+AC16-AE16 -> -0.012382346 | AG16: =+J31 -> 0.12300644 | AH16: =+K31 -> 0.10800314 | AI16: =+AH16-AG16 -> -0.015003301 | AJ16: =+M31 -> 0.14195114 | AK16: =+AH16-AJ16 -> -0.033948007
D17: 골재 | E17: =+('[1]4월'!$AE$10+'[1]4월'!$AE$19)/1000 -> 1154.4604 | F17: =+('[2]4월'!$AN$10+'[2]4월'!$AN$19)/1000 -> 1547.4416 | G17: =+F17-E17 -> 392.98121 | H17: =+('[3]4월'!$AN$10+'[3]4월'!$AN$19)/1000 -> 945.95219 | I17: =+F17-H17 -> 601.4894 | J17: =+[4]손익총괄!J17+E17 -> 5123.3877 | K17: =+[4]손익총괄!K17+F17 -> 5776.7521 | L17: =+K17-J17 -> 653.3644 | M17: =+[4]손익총괄!M17+H17 -> 4101.3853 | N17: =+K17-M17 -> 1675.3667 | Q17: 공헌이익 | R17: 수도권 | S17: =+[5]수도권!$Q$90 -> 22648.608 | T17: =+[5]수도권!$R$90 -> 19731.47 | U17: =+T17-S17 -> -2917.1378 | V17: =+[6]수도권!$Q$90 -> 18498.113 | W17: =+T17-V17 -> 1233.3569 | AA17: =+D32 -> 건자재 | AB17: =+E32/100 -> 1.0736944 | AC17: =+F32/100 -> -0.06182668 | AD17: =+AC17-AB17 -> -1.1355211 | AE17: =+H32/100 -> 1.1639871 | AF17: =+AC17-AE17 -> -1.2258137 | AG17: =+J32/100 -> 3.6770904 | AH17: =+K32/100 -> 1.4258457 | AI17: =+AH17-AG17 -> -2.2512447 | AJ17: =+M32/100 -> 3.2260278 | AK17: =+AH17-AJ17 -> -1.8001821
D18: 기타 | E18: =+('[1]4월'!$E$10+'[1]4월'!$E$19)/1000-E15-E16-E17 -> 65.289347 | F18: =+('[2]4월'!$F$10+'[2]4월'!$F$19)/1000-F15-F16-F17 -> 28.446048 | G18: =+F18-E18 -> -36.843299 | H18: =+('[3]4월'!$F$10+'[3]4월'!$F$19)/1000-H15-H16-H17 -> 24.65423 | I18: =+F18-H18 -> 3.791818 | J18: =+[4]손익총괄!J18+E18 -> 172.61402 | K18: =+[4]손익총괄!K18+F18 -> 99.923078 | L18: =+K18-J18 -> -72.690942 | M18: =+[4]손익총괄!M18+H18 -> 56.103694 | N18: =+K18-M18 -> 43.819384 | R18: 영남권 | S18: =+[5]영남권!$Q$90 -> 26393.369 | T18: =+[5]영남권!$R$90 -> 23376.451 | U18: =+T18-S18 -> -3016.9183 | V18: =+[6]영남권!$Q$90 -> 24977.735 | W18: =+T18-V18 -> -1601.2841 | AA18: =+D33 -> 골재 | AB18: =+E33/100 -> 0.047376714 | AC18: =+F33/100 -> 1.5387745 | AD18: =+AC18-AB18 -> 1.4913977 | AE18: =+H33/100 -> 1.3387515 | AF18: =+AC18-AE18 -> 0.20002296 | AG18: =+J33/100 -> 1.0872357 | AH18: =+K33/100 -> 5.7299814 | AI18: =+AH18-AG18 -> 4.6427457 | AJ18: =+M33/100 -> 4.4935755 | AK18: =+AH18-AJ18 -> 1.2364059
C19: 계 | E19: =SUM(E15:E18) -> 35878.399 | F19: =SUM(F15:F18) -> 38650.331 | G19: =+F19-E19 -> 2771.932 | H19: =SUM(H15:H18) -> 37421.019 | I19: =+F19-H19 -> 1229.3114 | J19: =SUM(J15:J18) -> 130315.67 | K19: =SUM(K15:K18) -> 136267.74 | L19: =+K19-J19 -> 5952.0678 | M19: =SUM(M15:M18) -> 145050.61 | N19: =+K19-M19 -> -8782.8674 | R19: 중부권 | S19: =+[5]중부권!$Q$90 -> 30392.701 | T19: =+[5]중부권!$R$90 -> 31984.708 | U19: =+T19-S19 -> 1592.007 | V19: =+[6]중부권!$Q$90 -> 30457.499 | W19: =+T19-V19 -> 1527.2095 | AA19: =+D34 -> 기타 | AB19: =+E34/100 -> -15.239123 | AC19: =+F34/100 -> -14.805656 | AD19: =+AC19-AB19 -> 0.43346748 | AE19: =+H34/100 -> -12.834429 | AF19: =+AC19-AE19 -> -1.9712268 | AG19: =+J34/100 -> -49.518756 | AH19: =+K34/100 -> -66.10822 | AI19: =+AH19-AG19 -> -16.589464 | AJ19: =+M34/100 -> -42.509068 | AK19: =+AH19-AJ19 -> -23.599153
C20: 매출이익 | D20: 레미콘 | E20: =+E10-E15 -> 5518.6853 | F20: =+F10-F15 -> 5318.0824 | G20: =+F20-E20 -> -200.60286 | H20: =+H10-H15 -> 5252.1271 | I20: =+F20-H20 -> 65.955301 | J20: =+J10-J15 -> 15903.028 | K20: =+K10-K15 -> 15003.624 | L20: =+K20-J20 -> -899.404 | M20: =+M10-M15 -> 19702.933 | N20: =+K20-M20 -> -4699.3093 | Q20: 계 | S20: =+[5]합계!$Q$90 -> 25638.844 | T20: =+[5]합계!$R$90 -> 23604.168 | U20: =+T20-S20 -> -2034.6765 | V20: =+[6]합계!$Q$90 -> 23526.666 | W20: =+T20-V20 -> 77.502164 | AA20: 계 | AB20: =+AB15+AB17+AB18+AB19 -> 34.559939 | AC20: =+AC15+AC17+AC18+AC19 -> 33.023754 | AD20: =+AC20-AB20 -> -1.5361853 | AE20: =+AE15+AE17+AE18+AE19 -> 35.400863 | AF20: =+AC20-AE20 -> -2.3771091 | AG20: =+AG15+AG17+AG18+AG19 -> 87.674611 | AH20: =+AH15+AH17+AH18+AH19 -> 64.533944 | AI20: =+AH20-AG20 -> -23.140667 | AJ20: =+AJ15+AJ17+AJ18+AJ19 -> 135.60379 | AK20: =+AH20-AJ20 -> -71.069845
D21: 건자재 | E21: =+E11-E16 -> 228.8735 | F21: =+F11-F16 -> 162.9537 | G21: =+F21-E21 -> -65.919799 | H21: =+H11-H16 -> 237.10661 | I21: =+F21-H21 -> -74.15291 | J21: =+J11-J16 -> 874.32465 | K21: =+K11-K16 -> 696.76215 | L21: =+K21-J21 -> -177.56251 | M21: =+M11-M16 -> 812.18453 | N21: =+K21-M21 -> -115.42238 | Q21: □ 건자재 | AA21: =+D36 -> % | AB21: =+E36 -> 0.082559112 | AC21: =+F36 -> 0.074263921 | AD21: =+G36 -> -0.0082951911 | AE21: =+H36 -> 0.081929401 | AF21: =+I36 -> -0.0076654804 | AG21: =+J36 -> 0.059231247 | AH21: =+K36 -> 0.042102209 | ... AK21: =+N36 -> -0.039218878
D22: 골재 | E22: =+E12-E17 -> 135.26573 | F22: =+F12-F17 -> 199.37882 | G22: =+F22-E22 -> 64.113084 | H22: =+H12-H17 -> 171.72541 | I22: =+F22-H22 -> 27.653407 | J22: =+J12-J17 -> 440.83526 | K22: =+K12-K17 -> 751.67753 | L22: =+K22-J22 -> 310.84227 | M22: =+M12-M17 -> 543.92359 | N22: =+K22-M22 -> 207.75393 | Q22: 구분 | S22: 계획 | T22: 실적 | U22: 계획대비 | V22: 전년 | W22: 전년대비 | Z22: * 4월누계 기타차이 : 대손 16억
D23: 기타 | E23: =+E13-E18 -> 99.618153 | F23: =+F13-F18 -> 137.35305 | G23: =+F23-E23 -> 37.734893 | H23: =+H13-H18 -> 127.00659 | I23: =+F23-H23 -> 10.346455 | J23: =+J13-J18 -> 487.01598 | K23: =+K13-K18 -> 559.43055 | L23: =+K23-J23 -> 72.414573 | M23: =+M13-M18 -> 641.42867 | N23: =+K23-M23 -> -81.998116 | Q23: 철강재 판매단가 | S23: =+'[7]4월'!$F$10 -> 978767.12 | T23: =+'[7]4월'!$G$10 -> 853042.91 | U23: =+T23-S23 -> -125724.22 | V23: =+'[8]4월'!$G$10 -> 1048311.1 | W23: =+T23-V23 -> -195268.22
C24: 계 | E24: =SUM(E20:E23) -> 5982.4427 | F24: =SUM(F20:F23) -> 5817.768 | G24: =+F24-E24 -> -164.67468 | H24: =SUM(H20:H23) -> 5787.9657 | I24: =+F24-H24 -> 29.802253 | J24: =SUM(J20:J23) -> 17705.204 | K24: =SUM(K20:K23) -> 17011.494 | L24: =+K24-J24 -> -693.70967 | M24: =SUM(M20:M23) -> 21700.47 | N24: =+K24-M24 -> -4688.9758 | Q24: 철강재 마진률 | S24: =+'[7]4월'!$F$15 -> 0.023347096 | T24: =+'[7]4월'!$G$15 -> 0.018146921 | U24: =+T24-S24 -> -0.0052001748 | V24: =+'[8]4월'!$G$15 -> 0.021217441 | W24: =+T24-V24 -> -0.0030705196
C25: 판관비 | D25: 레미콘 | E25: =+('[1]4월'!$Z$13+'[1]4월'!$Z$20)/1000 -> 650.88616 | F25: =+('[2]4월'!$Z$13+'[2]4월'!$Z$20)/1000 -> 682.83624 | G25: =+F25-E25 -> 31.950081 | H25: =+('[3]4월'!$Z$13+'[3]4월'!$Z$20)/1000 -> 678.87179 | I25: =+F25-H25 -> 3.964453 | J25: =+[4]손익총괄!J25+E25 -> 2660.1239 | K25: =+[4]손익총괄!K25+F25 -> 2654.9903 | L25: =+K25-J25 -> -5.133653 | M25: =+[4]손익총괄!M25+H25 -> 2663.6079 | N25: =+K25-M25 -> -8.61763 | Q25: □ 골재
D26: 건자재 | E26: =+('[1]4월'!$AA$13+'[1]4월'!$AA$20)/1000 -> 121.50406 | F26: =+('[2]4월'!$AO$13+'[2]4월'!$AO$20)/1000 -> 169.13637 | G26: =+F26-E26 -> 47.632312 | H26: =+('[3]4월'!$AO$13+'[3]4월'!$AO$20)/1000 -> 120.70791 | I26: =+F26-H26 -> 48.428464 | J26: =+[4]손익총괄!J26+E26 -> 506.61561 | K26: =+[4]손익총괄!K26+F26 -> 554.17758 | L26: =+K26-J26 -> 47.561969 | M26: =+[4]손익총괄!M26+H26 -> 489.58175 | N26: =+K26-M26 -> 64.595831 | Q26: 구분 | S26: 계획 | T26: 실적 | U26: 계획대비 | V26: 전년 | W26: 전년대비
D27: 골재 | E27: =+('[1]4월'!$AE$13+'[1]4월'!$AE$20+'[1]4월'!$AE$22)/1000 -> 130.52806 | F27: =+('[2]4월'!$AN$13+'[2]4월'!$AN$20+'[2]4월'!$AN$22)/1000 -> 45.501372 | G27: =+F27-E27 -> -85.02669 | H27: =+('[3]4월'!$AN$13+'[3]4월'!$AN$20+'[3]4월'!$AN$22)/1000 -> 37.850262 | I27: =+F27-H27 -> 7.6511105 | J27: =+[4]손익총괄!J27+E27 -> 332.11169 | K27: =+[4]손익총괄!K27+F27 -> 178.67939 | L27: =+K27-J27 -> -153.4323 | M27: =+[4]손익총괄!M27+H27 -> 94.566043 | N27: =+K27-M27 -> 84.113345 | Q27: 판매량 | R27: 자가 | S27: =(+'[9]서부산크라샤(당월)'!$N$66+'[9]부산모래장(당월)'!$Q$48+'[9]부산크라샤(당월)'!$N$66)/1000 -> 31.530283 | T27: =(+'[9]서부산크라샤(당월)'!$O$66+'[9]부산모래장(당월)'!$R$48+'[9]부산크라샤(당월)'!$O$66)/1000 -> 51.816 | U27: =+T27-S27 -> 20.285717 | V27: =('[10]부산골재(당월)'!$R$48+'[10]서부산골재(당월)'!$O$66+'[10]부산크라샤(당월)'!$O$66)/1000 -> 32.34 | W27: =+T27-V27 -> 19.476
D28: 기타 | E28: =+('[1]4월'!$E$13+'[1]4월'!$E$20)/1000-E25-E26-E27+('[1]4월'!$E$22/1000) -> 1623.5305 | F28: =+('[2]4월'!$F$13+'[2]4월'!$F$20)/1000-F25-F26-F27+'[2]4월'!$F$22/1000 -> 1617.9186 | G28: =+F28-E28 -> -5.6118551 | H28: =+('[3]4월'!$F$13+'[3]4월'!$F$20)/1000-H25-H26-H27+'[3]4월'!$F$22/1000 -> 1410.4495 | I28: =+F28-H28 -> 207.46914 | J28: =+[4]손익총괄!J28+E28 -> 5438.8916 | K28: =+[4]손익총괄!K28+F28 -> 7170.2526 | L28: =+K28-J28 -> 1731.361 | M28: =+[4]손익총괄!M28+H28 -> 4892.3354 | N28: =+K28-M28 -> 2277.9171 | R28: 외판 | S28: =(+'[9]서부산크라샤(당월)'!$N$59+'[9]부산모래장(당월)'!$Q$47+'[9]부산크라샤(당월)'!$N$59)/1000 -> 27.5 | T28: =(+'[9]서부산크라샤(당월)'!$O$59+'[9]부산모래장(당월)'!$R$47+'[9]부산크라샤(당월)'!$O$59)/1000 -> 34.527 | U28: =+T28-S28 -> 7.027 | V28: =+('[10]부산골재(당월)'!$R$47+'[10]서부산골재(당월)'!$O$59+'[10]부산크라샤(당월)'!$O$59)/1000 -> 25.899 | W28: =+T28-V28 -> 8.628
C29: 계 | E29: =SUM(E25:E28) -> 2526.4488 | F29: =SUM(F25:F28) -> 2515.3926 | G29: =+F29-E29 -> -11.056152 | H29: =SUM(H25:H28) -> 2247.8795 | I29: =+F29-H29 -> 267.51316 | J29: =SUM(J25:J28) -> 8937.7428 | K29: =SUM(K25:K28) -> 10558.1 | L29: =+K29-J29 -> 1620.357 | M29: =SUM(M25:M28) -> 8140.0912 | N29: =+K29-M29 -> 2418.0087 | Q29: 합 계 | S29: =SUM(S27:S28) -> 59.030283 | T29: =SUM(T27:T28) -> 86.343 | U29: =+T29-S29 -> 27.312717 | V29: =SUM(V27:V28) -> 58.239 | W29: =+T29-V29 -> 28.104
C30: 영업이익 | D30: 레미콘 | E30: =+E20-E25 -> 4867.7991 | F30: =+F20-F25 -> 4635.2462 | G30: =+F30-E30 -> -232.55294 | H30: =+H20-H25 -> 4573.2553 | I30: =+F30-H30 -> 61.990848 | J30: =+J20-J25 -> 13242.904 | K30: =+K20-K25 -> 12348.634 | L30: =+K30-J30 -> -894.27035 | M30: =+M20-M25 -> 17039.325 | N30: =+K30-M30 -> -4690.6916 | Q30: □ 기타내역(영업이익)
D31: % | E31: =+E30/E10 -> 0.15464675 | F31: =+F30/F10 -> 0.13740805 | G31: =+F31-E31 -> -0.017238702 | H31: =+H30/H10 -> 0.1497904 | I31: =+F31-H31 -> -0.012382346 | J31: =+J30/J10 -> 0.12300644 | K31: =+K30/K10 -> 0.10800314 | L31: =+K31-J31 -> -0.015003301 | M31: =+M30/M10 -> 0.14195114 | N31: =+K31-M31 -> -0.033948007 | Q31: 구분 | S31: 계획 | T31: 실적 | U31: 계획대비 | V31: 전년 | W31: 전년대비
D32: 건자재 | E32: =+E21-E26 -> 107.36944 | F32: =+F21-F26 -> -6.182668 | G32: =+F32-E32 -> -113.55211 | H32: =+H21-H26 -> 116.39871 | I32: =+F32-H32 -> -122.58137 | J32: =+J21-J26 -> 367.70904 | K32: =+K21-K26 -> 142.58457 | L32: =+K32-J32 -> -225.12447 | M32: =+M21-M26 -> 322.60278 | N32: =+K32-M32 -> -180.01821 | Q32: 레미콘임대 | S32: =+'사업장별(당월)'!T33 -> 72.210526 | T32: =+'사업장별(당월)'!U33 -> 71.958667 | U32: =+T32-S32 -> -0.251859 | V32: =+'사업장별(당월)'!W33 -> 63.066593 | W32: =+T32-V32 -> 8.892074
D33: 골재 | E33: =+E22-E27 -> 4.7376714 | F33: =+F22-F27 -> 153.87745 | G33: =+F33-E33 -> 149.13977 | H33: =+H22-H27 -> 133.87515 | I33: =+F33-H33 -> 20.002296 | J33: =+J22-J27 -> 108.72357 | K33: =+K22-K27 -> 572.99814 | L33: =+K33-J33 -> 464.27457 | M33: =+M22-M27 -> 449.35755 | N33: =+K33-M33 -> 123.64059 | Q33: 임대 | S33: =+'사업장별(당월)'!T34 -> 62.045457 | T33: =+'사업장별(당월)'!U34 -> 63.157758 | U33: =+T33-S33 -> 1.1123007 | V33: =+'사업장별(당월)'!W34 -> 34.773534 | W33: =+T33-V33 -> 28.384224
D34: 기타 | E34: =+E23-E28 -> -1523.9123 | F34: =+F23-F28 -> -1480.5656 | G34: =+F34-E34 -> 43.346748 | H34: =+H23-H28 -> -1283.4429 | I34: =+F34-H34 -> -197.12268 | J34: =+J23-J28 -> -4951.8756 | K34: =+K23-K28 -> -6610.822 | L34: =+K34-J34 -> -1658.9464 | M34: =+M23-M28 -> -4250.9068 | N34: =+K34-M34 -> -2359.9153 | Q34: 공통비 | S34: =+'사업장별(당월)'!T35 -> -1543.1733 | T34: =+'사업장별(당월)'!U35 -> -1567.4228 | U34: =+T34-S34 -> -24.249535 | V34: =+'사업장별(당월)'!W35 -> -1336.3393 | W34: =+T34-V34 -> -231.08351
C35: 계 | E35: =SUM(E30,E32:E34) -> 3455.9939 | F35: =SUM(F30,F32:F34) -> 3302.3754 | G35: =+F35-E35 -> -153.61853 | H35: =SUM(H30,H32:H34) -> 3540.0863 | I35: =+F35-H35 -> -237.71091 | J35: =SUM(J30,J32:J34) -> 8767.4611 | K35: =SUM(K30,K32:K34) -> 6453.3944 | L35: =+K35-J35 -> -2314.0667 | M35: =SUM(M30,M32:M34) -> 13560.379 | N35: =+K35-M35 -> -7106.9845 | Q35: 기타 | S35: =+S36-S32-S33-S34 -> -114.99503 | T35: =+T36-T32-T33-T34 -> -48.259192 | U35: =+T35-S35 -> 66.735841 | V35: =+V36-V32-V33-V34 -> -44.943727 | W35: =+T35-V35 -> -3.315465
D36: % | E36: =+E35/E14 -> 0.082559112 | F36: =+F35/F14 -> 0.074263921 | G36: =+F36-E36 -> -0.0082951911 | H36: =+H35/H14 -> 0.081929401 | I36: =+F36-H36 -> -0.0076654804 | J36: =+J35/J14 -> 0.059231247 | K36: =+K35/K14 -> 0.042102209 | L36: =+K36-J36 -> -0.017129038 | M36: =+M35/M14 -> 0.081321087 | N36: =+K36-M36 -> -0.039218878 | Q36: 합계 | S36: =+'사업장별(당월)'!T41 -> -1523.9123 | T36: =+'사업장별(당월)'!U41 -> -1480.5656 | U36: =+T36-S36 -> 43.346748 | V36: =+'사업장별(당월)'!W41 -> -1283.4429 | W36: =+T36-V36 -> -197.12268
E38: =+'[1]4월'!$E$26/1000 -> 3455.9939 | F38: =+'[2]4월'!$F$26/1000 -> 3302.3754 | H38: =+'[3]4월'!$F$26/1000 -> 3540.0863 | J38: =+[4]손익총괄!J38+E38 -> 8767.4611 | K38: =+[4]손익총괄!K38+F38 -> 6453.3944 | M38: =+[4]손익총괄!M38+H38 -> 13560.379
E39: =+E35=E38 -> TRUE | F39: =+F35=F38 -> TRUE | H39: =+H35=H38 -> FALSE | J39: =+J35=J38 -> FALSE | K39: =+K35=K38 -> TRUE | M39: =+M35=M38 -> TRUE
E40: =+E35-E38 -> 3.6379788e-12 | F40: =+F35-F38 -> 0 | H40: =+H35-H38 -> 0 | J40: =+J35-J38 -> 0 | K40: =+K35-K38 -> 0 | M40: =+M35-M38 -> -2.910383e-11

Sheet 사업장별(당월)
H3: □ 사업장별 손익실적(2024-04)
AG4: [단위 : 천㎥, 톤, 백만원]
H5: 구분 | J5: 물량 | O5: 매출 | T5: 영업이익(공통비 배부전) | Y5: 판매단가 | AB5: 변동비 | AE5: 공헌이익
J6: 계획 | K6: 실적 | L6: 차이 | M6: 전년 | N6: 차이 | O6: 계획 | P6: 실적 | Q6: 차이 | R6: 전년 | S6: 차이 | T6: 계획 | U6: 실적 | V6: 차이 | W6: 전년 | X6: 차이 | Y6: 계획 | Z6: 실적 | AA6: 전년 | AB6: 계획 | AC6: 실적 | AD6: 전년 | AE6: 계획 | AF6: 실적 | AG6: 전년
B7: 안양 | G7: =+I7 -> 안양 | H7: 레미콘 | I7: 안양 | J7: =+IFERROR(HLOOKUP($B7,'[1]4월'!$D$6:$BN$259,2,),)/1000 -> 44 | K7: =+IFERROR(HLOOKUP($B7,'[2]4월'!$F$6:$CP$99,2,),)/1000 -> 46.247 | L7: =+K7-J7 -> 2.247 | M7: =+IFERROR(HLOOKUP($B7,'[3]4월'!$F$6:$CC$57,2,),)/1000 -> 40.841 | N7: =+K7-M7 -> 5.406 | O7: =+IFERROR(HLOOKUP($B7,'[1]4월'!$D$6:$BN$259,3,),)/1000 -> 4438.3754 | P7: =+IFERROR(HLOOKUP($B7,'[2]4월'!$F$6:$CP$99,3,),)/1000 -> 4615.8876 | Q7: =+P7-O7 -> 177.51222 | R7: =+IFERROR(HLOOKUP($B7,'[3]4월'!$F$6:$CC$57,3,),)/1000 -> 3686.7538 | S7: =+P7-R7 -> 929.13377 | T7: =+IFERROR(HLOOKUP($B7,'[1]4월'!$D$6:$BN$259,16,),)/1000 -> 683.70851 | U7: =+IFERROR(HLOOKUP($B7,'[2]4월'!$F$6:$CP$99,16,),)/1000 -> 589.76879 | V7: =+U7-T7 -> -93.939723 | W7: =+IFERROR(HLOOKUP($B7,'[3]4월'!$F$6:$CC$57,16,),)/1000 -> 469.33526 | X7: =+U7-W7 -> 120.43353 | Y7: =+[5]안양!$Q$85 -> 100872.17 | Z7: =+[5]안양!$R$85 -> 99791.14 | AA7: =+[6]안양!$Q$85 -> 90270.899 | AB7: =+[5]안양!$Q$89 -> 78602.538 | AC7: =+[5]안양!$R$89 -> 80207.362 | AD7: =+[6]안양!$Q$89 -> 71529.872 | AE7: =+Y7-AB7 -> 22269.629 | AF7: =+Z7-AC7 -> 19583.777 | AG7: =+AA7-AD7 -> 18741.028
B8: 인천 | G8: =+I8 -> 인천 | H8: 직영 | I8: 인천 | J8: =+IFERROR(HLOOKUP($B8,'[1]4월'!$D$6:$BN$259,2,),)/1000 -> 35 | K8: =+IFERROR(HLOOKUP($B8,'[2]4월'!$F$6:$CP$99,2,),)/1000 -> 30.095 | L8: =+K8-J8 -> -4.905 | M8: =+IFERROR(HLOOKUP($B8,'[3]4월'!$F$6:$CC$57,2,),)/1000 -> 38.927 | N8: =+K8-M8 -> -8.832 | O8: =+IFERROR(HLOOKUP($B8,'[1]4월'!$D$6:$BN$259,3,),)/1000 -> 3585.5504 | P8: =+IFERROR(HLOOKUP($B8,'[2]4월'!$F$6:$CP$99,3,),)/1000 -> 3074.4291 | Q8: =+P8-O8 -> -511.12129 | R8: =+IFERROR(HLOOKUP($B8,'[3]4월'!$F$6:$CC$57,3,),)/1000 -> 3633.2312 | S8: =+P8-R8 -> -558.80208 | T8: =+IFERROR(HLOOKUP($B8,'[1]4월'!$D$6:$BN$259,16,),)/1000 -> 464.55119 | U8: =+IFERROR(HLOOKUP($B8,'[2]4월'!$F$6:$CP$99,16,),)/1000 -> 331.00999 | V8: =+U8-T8 -> -133.54121 | W8: =+IFERROR(HLOOKUP($B8,'[3]4월'!$F$6:$CC$57,16,),)/1000 -> 404.48903 | X8: =+U8-W8 -> -73.479041 | Y8: =+[5]인천!$Q$85 -> 102444.3 | Z8: =+[5]인천!$R$85 -> 102157.47 | AA8: =+[6]인천!$Q$85 -> 93334.478 | AB8: =+[5]인천!$Q$89 -> 81049.736 | AC8: =+[5]인천!$R$89 -> 81515.983 | AD8: =+[6]인천!$Q$89 -> 75539.025 | AE8: =+Y8-AB8 -> 21394.562 | AF8: =+Z8-AC8 -> 20641.489 | AG8: =+AA8-AD8 -> 17795.454
B9: 파주 | G9: =+I9 -> 파주 | I9: 파주 | J9: =+IFERROR(HLOOKUP($B9,'[1]4월'!$D$6:$BN$259,2,),)/1000 -> 27 | K9: =+IFERROR(HLOOKUP($B9,'[2]4월'!$F$6:$CP$99,2,),)/1000 -> 28.573 | L9: =+K9-J9 -> 1.573 | M9: =+IFERROR(HLOOKUP($B9,'[3]4월'!$F$6:$CC$57,2,),)/1000 -> 21.85 | N9: =+K9-M9 -> 6.723 | O9: =+IFERROR(HLOOKUP($B9,'[1]4월'!$D$6:$BN$259,3,),)/1000 -> 2690.0066 | P9: =+IFERROR(HLOOKUP($B9,'[2]4월'!$F$6:$CP$99,3,),)/1000 -> 2775.4874 | Q9: =+P9-O9 -> 85.48075 | R9: =+IFERROR(HLOOKUP($B9,'[3]4월'!$F$6:$CC$57,3,),)/1000 -> 1956.2292 | S9: =+P9-R9 -> 819.2582 | T9: =+IFERROR(HLOOKUP($B9,'[1]4월'!$D$6:$BN$259,16,),)/1000 -> 397.01663 | U9: =+IFERROR(HLOOKUP($B9,'[2]4월'!$F$6:$CP$99,16,),)/1000 -> 232.72628 | V9: =+U9-T9 -> -164.29034 | W9: =+IFERROR(HLOOKUP($B9,'[3]4월'!$F$6:$CC$57,16,),)/1000 -> 177.48992 | X9: =+U9-W9 -> 55.236366 | Y9: =+[5]파주!$Q$85 -> 99629.875 | Z9: =+[5]파주!$R$85 -> 97212.84 | AA9: =+[6]파주!$Q$85 -> 89411.337 | AB9: =+[5]파주!$Q$89 -> 76336.541 | AC9: =+[5]파주!$R$89 -> 81147.556 | AD9: =+[6]파주!$Q$89 -> 71640.462 | AE9: =+Y9-AB9 -> 23293.334 | AF9: =+Z9-AC9 -> 16065.284 | AG9: =+AA9-AD9 -> 17770.875
B10: 김포 | G10: =+I10 -> 김포 | I10: 김포 | J10: =+IFERROR(HLOOKUP($B10,'[1]4월'!$D$6:$BN$259,2,),)/1000 -> 16.5 | K10: =+IFERROR(HLOOKUP($B10,'[2]4월'!$F$6:$CP$99,2,),)/1000 -> 17.5985 | L10: =+K10-J10 -> 1.0985 | M10: =+IFERROR(HLOOKUP($B10,'[3]4월'!$F$6:$CC$57,2,),)/1000 -> 21.233 | N10: =+K10-M10 -> -3.6345 | O10: =+IFERROR(HLOOKUP($B10,'[1]4월'!$D$6:$BN$259,3,),)/1000 -> 1580.2765 | P10: =+IFERROR(HLOOKUP($B10,'[2]4월'!$F$6:$CP$99,3,),)/1000 -> 1762.1677 | Q10: =+P10-O10 -> 181.89122 | R10: =+IFERROR(HLOOKUP($B10,'[3]4월'!$F$6:$CC$57,3,),)/1000 -> 1864.2123 | S10: =+P10-R10 -> -102.04458 | T10: =+IFERROR(HLOOKUP($B10,'[1]4월'!$D$6:$BN$259,16,),)/1000 -> 249.30893 | U10: =+IFERROR(HLOOKUP($B10,'[2]4월'!$F$6:$CP$99,16,),)/1000 -> 272.51274 | V10: =+U10-T10 -> 23.203809 | W10: =+IFERROR(HLOOKUP($B10,'[3]4월'!$F$6:$CC$57,16,),)/1000 -> 260.0762 | X10: =+U10-W10 -> 12.436539 | Y10: =+[5]김포!$Q$85 -> 95774.333 | Z10: =+[5]김포!$R$85 -> 100131.7 | AA10: =+[6]김포!$Q$85 -> 87731.088 | AB10: =+[5]김포!$Q$89 -> 70510.023 | AC10: =+[5]김포!$R$89 -> 75716.071 | AD10: =+[6]김포!$Q$89 -> 67654.393 | AE10: =+Y10-AB10 -> 25264.311 | AF10: =+Z10-AC10 -> 24415.629 | AG10: =+AA10-AD10 -> 20076.695
B11: 부산 | G11: =+I11 -> 부산 | I11: 부산 | J11: =+IFERROR(HLOOKUP($B11,'[1]4월'!$D$6:$BN$259,2,),)/1000 -> 20 | K11: =+IFERROR(HLOOKUP($B11,'[2]4월'!$F$6:$CP$99,2,),)/1000 -> 22.909 | L11: =+K11-J11 -> 2.909 | M11: =+IFERROR(HLOOKUP($B11,'[3]4월'!$F$6:$CC$57,2,),)/1000 -> 24.5985 | N11: =+K11-M11 -> -1.6895 | O11: =+IFERROR(HLOOKUP($B11,'[1]4월'!$D$6:$BN$259,3,),)/1000 -> 2152.0023 | P11: =+IFERROR(HLOOKUP($B11,'[2]4월'!$F$6:$CP$99,3,),)/1000 -> 2386.548 | Q11: =+P11-O11 -> 234.54572 | R11: =+IFERROR(HLOOKUP($B11,'[3]4월'!$F$6:$CC$57,3,),)/1000 -> 2432.1745 | S11: =+P11-R11 -> -45.626522 | T11: =+IFERROR(HLOOKUP($B11,'[1]4월'!$D$6:$BN$259,16,),)/1000 -> 298.6259 | U11: =+IFERROR(HLOOKUP($B11,'[2]4월'!$F$6:$CP$99,16,),)/1000 -> 252.58252 | V11: =+U11-T11 -> -46.043374 | W11: =+IFERROR(HLOOKUP($B11,'[3]4월'!$F$6:$CC$57,16,),)/1000 -> 390.06814 | X11: =+U11-W11 -> -137.48562 | Y11: =+[5]부산!$Q$85 -> 107600.12 | Z11: =+[5]부산!$R$85 -> 104175.13 | AA11: =+[6]부산!$Q$85 -> 98874.913 | AB11: =+[5]부산!$Q$89 -> 79457.789 | AC11: =+[5]부산!$R$89 -> 81975.794 | AD11: =+[6]부산!$Q$89 -> 72722.724 | AE11: =+Y11-AB11 -> 28142.327 | AF11: =+Z11-AC11 -> 22199.335 | AG11: =+AA11-AD11 -> 26152.189
B12: 서부산 | G12: =+I12 -> 서부산 | I12: 서부산 | J12: =+IFERROR(HLOOKUP($B12,'[1]4월'!$D$6:$BN$259,2,),)/1000 -> 26 | K12: =+IFERROR(HLOOKUP($B12,'[2]4월'!$F$6:$CP$99,2,),)/1000 -> 25.12 | L12: =+K12-J12 -> -0.88 | M12: =+IFERROR(HLOOKUP($B12,'[3]4월'!$F$6:$CC$57,2,),)/1000 -> 19.461 | N12: =+K12-M12 -> 5.659 | O12: =+IFERROR(HLOOKUP($B12,'[1]4월'!$D$6:$BN$259,3,),)/1000 -> 2694.4035 | P12: =+IFERROR(HLOOKUP($B12,'[2]4월'!$F$6:$CP$99,3,),)/1000 -> 2565.4978 | Q12: =+P12-O12 -> -128.90574 | R12: =+IFERROR(HLOOKUP($B12,'[3]4월'!$F$6:$CC$57,3,),)/1000 -> 1977.2783 | S12: =+P12-R12 -> 588.2195 | T12: =+IFERROR(HLOOKUP($B12,'[1]4월'!$D$6:$BN$259,16,),)/1000 -> 469.94644 | U12: =+IFERROR(HLOOKUP($B12,'[2]4월'!$F$6:$CP$99,16,),)/1000 -> 358.97475 | V12: =+U12-T12 -> -110.97169 | W12: =+IFERROR(HLOOKUP($B12,'[3]4월'!$F$6:$CC$57,16,),)/1000 -> 304.20605 | X12: =+U12-W12 -> 54.768701 | Y12: =+[5]서부산!$Q$85 -> 103630.91 | Z12: =+[5]서부산!$R$85 -> 102129.69 | AA12: =+[6]서부산!$Q$85 -> 101602.09 | AB12: =+[5]서부산!$Q$89 -> 77500.939 | AC12: =+[5]서부산!$R$89 -> 78340.861 | AD12: =+[6]서부산!$Q$89 -> 75550.553 | AE12: =+Y12-AB12 -> 26129.967 | AF12: =+Z12-AC12 -> 23788.829 | AG12: =+AA12-AD12 -> 26051.539
B13: 김해 | G13: =+I13 -> 김해 | I13: 김해 | J13: =+IFERROR(HLOOKUP($B13,'[1]4월'!$D$6:$BN$259,2,),)/1000 -> 12 | K13: =+IFERROR(HLOOKUP($B13,'[2]4월'!$F$6:$CP$99,2,),)/1000 -> 17.236 | L13: =+K13-J13 -> 5.236 | M13: =+IFERROR(HLOOKUP($B13,'[3]4월'!$F$6:$CC$57,2,),)/1000 -> 14.88 | N13: =+K13-M13 -> 2.356 | O13: =+IFERROR(HLOOKUP($B13,'[1]4월'!$D$6:$BN$259,3,),)/1000 -> 1212.0024 | P13: =+IFERROR(HLOOKUP($B13,'[2]4월'!$F$6:$CP$99,3,),)/1000 -> 1721.9678 | Q13: =+P13-O13 -> 509.9654 | R13: =+IFERROR(HLOOKUP($B13,'[3]4월'!$F$6:$CC$57,3,),)/1000 -> 1389.396 | S13: =+P13-R13 -> 332.5718 | T13: =+IFERROR(HLOOKUP($B13,'[1]4월'!$D$6:$BN$259,16,),)/1000 -> 157.87535 | U13: =+IFERROR(HLOOKUP($B13,'[2]4월'!$F$6:$CP$99,16,),)/1000 -> 209.1524 | V13: =+U13-T13 -> 51.277043 | W13: =+IFERROR(HLOOKUP($B13,'[3]4월'!$F$6:$CC$57,16,),)/1000 -> 174.97551 | X13: =+U13-W13 -> 34.176888 | Y13: =+[5]김해!$Q$85 -> 101000.2 | Z13: =+[5]김해!$R$85 -> 99943.842 | AA13: =+[6]김해!$Q$85 -> 93382.343 | AB13: =+[5]김해!$Q$89 -> 76052.498 | AC13: =+[5]김해!$R$89 -> 79096.377 | AD13: =+[6]김해!$Q$89 -> 71780.878 | AE13: =+Y13-AB13 -> 24947.702 | AF13: =+Z13-AC13 -> 20847.465 | AG13: =+AA13-AD13 -> 21601.465
B14: 정관 | G14: =+I14 -> 정관 | I14: 정관 | J14: =+IFERROR(HLOOKUP($B14,'[1]4월'!$D$6:$BN$259,2,),)/1000 -> 18 | K14: =+IFERROR(HLOOKUP($B14,'[2]4월'!$F$6:$CP$99,2,),)/1000 -> 21.272 | L14: =+K14-J14 -> 3.272 | M14: =+IFERROR(HLOOKUP($B14,'[3]4월'!$F$6:$CC$57,2,),)/1000 -> 18.648 | N14: =+K14-M14 -> 2.624 | O14: =+IFERROR(HLOOKUP($B14,'[1]4월'!$D$6:$BN$259,3,),)/1000 -> 1872 | P14: =+IFERROR(HLOOKUP($B14,'[2]4월'!$F$6:$CP$99,3,),)/1000 -> 2214.5889 | Q14: =+P14-O14 -> 342.5889 | R14: =+IFERROR(HLOOKUP($B14,'[3]4월'!$F$6:$CC$57,3,),)/1000 -> 1832.643 | S14: =+P14-R14 -> 381.94588 | T14: =+IFERROR(HLOOKUP($B14,'[1]4월'!$D$6:$BN$259,16,),)/1000 -> 271.65616 | U14: =+IFERROR(HLOOKUP($B14,'[2]4월'!$F$6:$CP$99,16,),)/1000 -> 247.37615 | V14: =+U14-T14 -> -24.280008 | W14: =+IFERROR(HLOOKUP($B14,'[3]4월'!$F$6:$CC$57,16,),)/1000 -> 247.734 | X14: =+U14-W14 -> -0.357849 | Y14: =+[5]정관!$Q$85 -> 104000 | Z14: =+[5]정관!$R$85 -> 104108.17 | AA14: =+[6]정관!$Q$85 -> 98275.58 | AB14: =+[5]정관!$Q$89 -> 78162.091 | AC14: =+[5]정관!$R$89 -> 82781.134 | AD14: =+[6]정관!$Q$89 -> 74437.102 | AE14: =+Y14-AB14 -> 25837.909 | AF14: =+Z14-AC14 -> 21327.032 | AG14: =+AA14-AD14 -> 23838.478
B15: 양산 | G15: =+I15 -> 양산 | I15: 양산 | J15: =+IFERROR(HLOOKUP($B15,'[1]4월'!$D$6:$BN$259,2,),)/1000 -> 11 | K15: =+IFERROR(HLOOKUP($B15,'[2]4월'!$F$6:$CP$99,2,),)/1000 -> 12.804 | L15: =+K15-J15 -> 1.804 | M15: =+IFERROR(HLOOKUP($B15,'[3]4월'!$F$6:$CC$57,2,),)/1000 -> 14.434 | N15: =+K15-M15 -> -1.63 | O15: =+IFERROR(HLOOKUP($B15,'[1]4월'!$D$6:$BN$259,3,),)/1000 -> 1063.8695 | P15: =+IFERROR(HLOOKUP($B15,'[2]4월'!$F$6:$CP$99,3,),)/1000 -> 1198.3639 | Q15: =+P15-O15 -> 134.49447 | R15: =+IFERROR(HLOOKUP($B15,'[3]4월'!$F$6:$CC$57,3,),)/1000 -> 1350.3968 | S15: =+P15-R15 -> -152.0329 | T15: =+IFERROR(HLOOKUP($B15,'[1]4월'!$D$6:$BN$259,16,),)/1000 -> 155.33144 | U15: =+IFERROR(HLOOKUP($B15,'[2]4월'!$F$6:$CP$99,16,),)/1000 -> 114.7124 | V15: =+U15-T15 -> -40.619042 | W15: =+IFERROR(HLOOKUP($B15,'[3]4월'!$F$6:$CC$57,16,),)/1000 -> 245.54893 | X15: =+U15-W15 -> -130.83654 | Y15: =+[5]양산!$Q$85 -> 96715.406 | Z15: =+[5]양산!$R$85 -> 93592.935 | AA15: =+[6]양산!$Q$85 -> 93556.661 | AB15: =+[5]양산!$Q$89 -> 70432.272 | AC15: =+[5]양산!$R$89 -> 73554.02 | AD15: =+[6]양산!$Q$89 -> 66543.194 | AE15: =+Y15-AB15 -> 26283.134 | AF15: =+Z15-AC15 -> 20038.915 | AG15: =+AA15-AD15 -> 27013.467
B16: 창원 | G16: =+I16 -> 창원 | I16: 창원 | J16: =+IFERROR(HLOOKUP($B16,'[1]4월'!$D$6:$BN$259,2,),)/1000 -> 18 | K16: =+IFERROR(HLOOKUP($B16,'[2]4월'!$F$6:$CP$99,2,),)/1000 -> 19.1115 | L16: =+K16-J16 -> 1.1115 | M16: =+IFERROR(HLOOKUP($B16,'[3]4월'!$F$6:$CC$57,2,),)/1000 -> 22.036 | N16: =+K16-M16 -> -2.9245 | O16: =+IFERROR(HLOOKUP($B16,'[1]4월'!$D$6:$BN$259,3,),)/1000 -> 1793.0035 | P16: =+IFERROR(HLOOKUP($B16,'[2]4월'!$F$6:$CP$99,3,),)/1000 -> 1984.4876 | Q16: =+P16-O16 -> 191.48405 | R16: =+IFERROR(HLOOKUP($B16,'[3]4월'!$F$6:$CC$57,3,),)/1000 -> 2037.4773 | S16: =+P16-R16 -> -52.98975 | T16: =+IFERROR(HLOOKUP($B16,'[1]4월'!$D$6:$BN$259,16,),)/1000 -> 311.08833 | U16: =+IFERROR(HLOOKUP($B16,'[2]4월'!$F$6:$CP$99,16,),)/1000 -> 350.89098 | V16: =+U16-T16 -> 39.802646 | W16: =+IFERROR(HLOOKUP($B16,'[3]4월'!$F$6:$CC$57,16,),)/1000 -> 353.49433 | X16: =+U16-W16 -> -2.603346 | Y16: =+[5]창원!$Q$85 -> 99611.306 | Z16: =+[5]창원!$R$85 -> 103837.35 | AA16: =+[6]창원!$Q$85 -> 92461.304 | AB16: =+[5]창원!$Q$89 -> 71953.106 | AC16: =+[5]창원!$R$89 -> 74909.07 | AD16: =+[6]창원!$Q$89 -> 67635.834 | AE16: =+Y16-AB16 -> 27658.2 | AF16: =+Z16-AC16 -> 28928.282 | AG16: =+AA16-AD16 -> 24825.47
B17: 대구 | G17: =+I17 -> 대구 | I17: 대구 | J17: =+IFERROR(HLOOKUP($B17,'[1]4월'!$D$6:$BN$259,2,),)/1000 -> 16.5 | K17: =+IFERROR(HLOOKUP($B17,'[2]4월'!$F$6:$CP$99,2,),)/1000 -> 17.659 | L17: =+K17-J17 -> 1.159 | M17: =+IFERROR(HLOOKUP($B17,'[3]4월'!$F$6:$CC$57,2,),)/1000 -> 18.676 | N17: =+K17-M17 -> -1.017 | O17: =+IFERROR(HLOOKUP($B17,'[1]4월'!$D$6:$BN$259,3,),)/1000 -> 1613.7 | P17: =+IFERROR(HLOOKUP($B17,'[2]4월'!$F$6:$CP$99,3,),)/1000 -> 1760.5862 | Q17: =+P17-O17 -> 146.8862 | R17: =+IFERROR(HLOOKUP($B17,'[3]4월'!$F$6:$CC$57,3,),)/1000 -> 1734.6949 | S17: =+P17-R17 -> 25.89135 | T17: =+IFERROR(HLOOKUP($B17,'[1]4월'!$D$6:$BN$259,16,),)/1000 -> 287.40753 | U17: =+IFERROR(HLOOKUP($B17,'[2]4월'!$F$6:$CP$99,16,),)/1000 -> 287.68352 | V17: =+U17-T17 -> 0.27599061 | W17: =+IFERROR(HLOOKUP($B17,'[3]4월'!$F$6:$CC$57,16,),)/1000 -> 323.77131 | X17: =+U17-W17 -> -36.087791 | Y17: =+[5]대구!$Q$85 -> 97800 | Z17: =+[5]대구!$R$85 -> 99699.088 | AA17: =+[6]대구!$Q$85 -> 92883.639 | AB17: =+[5]대구!$Q$89 -> 69576.21 | AC17: =+[5]대구!$R$89 -> 73859.704 | AD17: =+[6]대구!$Q$89 -> 66659.106 | AE17: =+Y17-AB17 -> 28223.79 | AF17: =+Z17-AC17 -> 25839.384 | AG17: =+AA17-AD17 -> 26224.534
B18: 울산 | G18: =+I18 -> 울산 | I18: 울산 | J18: =+IFERROR(HLOOKUP($B18,'[1]4월'!$D$6:$BN$259,2,),)/1000 -> 8 | K18: =+IFERROR(HLOOKUP($B18,'[2]4월'!$F$6:$CP$99,2,),)/1000 -> 11.11 | L18: =+K18-J18 -> 3.11 | M18: =+IFERROR(HLOOKUP($B18,'[3]4월'!$F$6:$CC$57,2,),)/1000 -> 8.0225 | N18: =+K18-M18 -> 3.0875 | O18: =+IFERROR(HLOOKUP($B18,'[1]4월'!$D$6:$BN$259,3,),)/1000 -> 784.0454 | P18: =+IFERROR(HLOOKUP($B18,'[2]4월'!$F$6:$CP$99,3,),)/1000 -> 1127.6673 | Q18: =+P18-O18 -> 343.6219 | R18: =+IFERROR(HLOOKUP($B18,'[3]4월'!$F$6:$CC$57,3,),)/1000 -> 747.8462 | S18: =+P18-R18 -> 379.8211 | T18: =+IFERROR(HLOOKUP($B18,'[1]4월'!$D$6:$BN$259,16,),)/1000 -> 31.32769 | U18: =+IFERROR(HLOOKUP($B18,'[2]4월'!$F$6:$CP$99,16,),)/1000 -> 133.17269 | V18: =+U18-T18 -> 101.845 | W18: =+IFERROR(HLOOKUP($B18,'[3]4월'!$F$6:$CC$57,16,),)/1000 -> 40.734841 | X18: =+U18-W18 -> 92.437846 | Y18: =+[5]울산!$Q$85 -> 98005.675 | Z18: =+[5]울산!$R$85 -> 101500.21 | AA18: =+[6]울산!$Q$85 -> 93206.055 | AB18: =+[5]울산!$Q$89 -> 78179.89 | AC18: =+[5]울산!$R$89 -> 78272.849 | AD18: =+[6]울산!$Q$89 -> 71618.607 | AE18: =+Y18-AB18 -> 19825.785 | AF18: =+Z18-AC18 -> 23227.358 | AG18: =+AA18-AD18 -> 21587.448
B19: 아산 | G19: =+I19 -> 아산 | I19: 아산 | J19: =+IFERROR(HLOOKUP($B19,'[1]4월'!$D$6:$BN$259,2,),)/1000 -> 25 | K19: =+IFERROR(HLOOKUP($B19,'[2]4월'!$F$6:$CP$99,2,),)/1000 -> 30.069 | L19: =+K19-J19 -> 5.069 | M19: =+IFERROR(HLOOKUP($B19,'[3]4월'!$F$6:$CC$57,2,),)/1000 -> 26.625 | N19: =+K19-M19 -> 3.444 | O19: =+IFERROR(HLOOKUP($B19,'[1]4월'!$D$6:$BN$259,3,),)/1000 -> 2525.0038 | P19: =+IFERROR(HLOOKUP($B19,'[2]4월'!$F$6:$CP$99,3,),)/1000 -> 3153.8162 | Q19: =+P19-O19 -> 628.8124 | R19: =+IFERROR(HLOOKUP($B19,'[3]4월'!$F$6:$CC$57,3,),)/1000 -> 2530.0268 | S19: =+P19-R19 -> 623.7894 | T19: =+IFERROR(HLOOKUP($B19,'[1]4월'!$D$6:$BN$259,16,),)/1000 -> 411.17384 | U19: =+IFERROR(HLOOKUP($B19,'[2]4월'!$F$6:$CP$99,16,),)/1000 -> 538.83441 | V19: =+U19-T19 -> 127.66057 | W19: =+IFERROR(HLOOKUP($B19,'[3]4월'!$F$6:$CC$57,16,),)/1000 -> 543.39314 | X19: =+U19-W19 -> -4.558721 | Y19: =+[5]아산!$Q$85 -> 101000.15 | Z19: =+[5]아산!$R$85 -> 104707.69 | AA19: =+[6]아산!$Q$85 -> 95032.767 | AB19: =+[5]아산!$Q$89 -> 76085.87 | AC19: =+[5]아산!$R$89 -> 77280.259 | AD19: =+[6]아산!$Q$89 -> 66840.085 | AE19: =+Y19-AB19 -> 24914.282 | AF19: =+Z19-AC19 -> 27427.434 | AG19: =+AA19-AD19 -> 28192.681
B20: 전주 | G20: =+I20 -> 전주 | I20: 전주 | J20: =+IFERROR(HLOOKUP($B20,'[1]4월'!$D$6:$BN$259,2,),)/1000 -> 12 | K20: =+IFERROR(HLOOKUP($B20,'[2]4월'!$F$6:$CP$99,2,),)/1000 -> 9.772 | L20: =+K20-J20 -> -2.228 | M20: =+IFERROR(HLOOKUP($B20,'[3]4월'!$F$6:$CC$57,2,),)/1000 -> 12.6175 | N20: =+K20-M20 -> -2.8455 | O20: =+IFERROR(HLOOKUP($B20,'[1]4월'!$D$6:$BN$259,3,),)/1000 -> 1244.6852 | P20: =+IFERROR(HLOOKUP($B20,'[2]4월'!$F$6:$CP$99,3,),)/1000 -> 934.79442 | Q20: =+P20-O20 -> -309.89082 | R20: =+IFERROR(HLOOKUP($B20,'[3]4월'!$F$6:$CC$57,3,),)/1000 -> 1241.873 | S20: =+P20-R20 -> -307.07863 | T20: =+IFERROR(HLOOKUP($B20,'[1]4월'!$D$6:$BN$259,16,),)/1000 -> 207.03882 | U20: =+IFERROR(HLOOKUP($B20,'[2]4월'!$F$6:$CP$99,16,),)/1000 -> 98.974598 | V20: =+U20-T20 -> -108.06422 | W20: =+IFERROR(HLOOKUP($B20,'[3]4월'!$F$6:$CC$57,16,),)/1000 -> 227.09051 | X20: =+U20-W20 -> -128.11592 | Y20: =+[5]전주!$Q$85 -> 103723.77 | Z20: =+[5]전주!$R$85 -> 95671.078 | AA20: =+[6]전주!$Q$85 -> 98424.652 | AB20: =+[5]전주!$Q$89 -> 73824.767 | AC20: =+[5]전주!$R$89 -> 70537.059 | AD20: =+[6]전주!$Q$89 -> 68767.295 | AE20: =+Y20-AB20 -> 29899.003 | AF20: =+Z20-AC20 -> 25134.02 | AG20: =+AA20-AD20 -> 29657.357
B21: 군산 | G21: =+I21 -> 군산 | I21: 군산 | J21: =+IFERROR(HLOOKUP($B21,'[1]4월'!$D$6:$BN$259,2,),)/1000 -> 7.5 | K21: =+IFERROR(HLOOKUP($B21,'[2]4월'!$F$6:$CP$99,2,),)/1000 -> 10.98 | L21: =+K21-J21 -> 3.48 | M21: =+IFERROR(HLOOKUP($B21,'[3]4월'!$F$6:$CC$57,2,),)/1000 -> 8.262 | N21: =+K21-M21 -> 2.718 | O21: =+IFERROR(HLOOKUP($B21,'[1]4월'!$D$6:$BN$259,3,),)/1000 -> 820.36733 | P21: =+IFERROR(HLOOKUP($B21,'[2]4월'!$F$6:$CP$99,3,),)/1000 -> 1236.6071 | Q21: =+P21-O21 -> 416.23975 | R21: =+IFERROR(HLOOKUP($B21,'[3]4월'!$F$6:$CC$57,3,),)/1000 -> 809.2552 | S21: =+P21-R21 -> 427.35188 | T21: =+IFERROR(HLOOKUP($B21,'[1]4월'!$D$6:$BN$259,16,),)/1000 -> 225.71196 | U21: =+IFERROR(HLOOKUP($B21,'[2]4월'!$F$6:$CP$99,16,),)/1000 -> 393.17557 | V21: =+U21-T21 -> 167.46361 | W21: =+IFERROR(HLOOKUP($B21,'[3]4월'!$F$6:$CC$57,16,),)/1000 -> 170.62543 | X21: =+U21-W21 -> 222.55015 | Y21: =+[5]군산!$Q$85 -> 109382.31 | Z21: =+[5]군산!$R$85 -> 112623.6 | AA21: =+[6]군산!$Q$85 -> 97949.068 | AB21: =+[5]군산!$Q$89 -> 69401.039 | AC21: =+[5]군산!$R$89 -> 69227.207 | AD21: =+[6]군산!$Q$89 -> 65796.147 | AE21: =+Y21-AB21 -> 39981.273 | AF21: =+Z21-AC21 -> 43396.388 | AG21: =+AA21-AD21 -> 32152.921
B22: 원주 | G22: =+I22 -> 원주 | I22: 원주 | J22: =+IFERROR(HLOOKUP($B22,'[1]4월'!$D$6:$BN$259,2,),)/1000 -> 6 | K22: =+IFERROR(HLOOKUP($B22,'[2]4월'!$F$6:$CP$99,2,),)/1000 -> 6.9255 | L22: =+K22-J22 -> 0.9255 | M22: =+IFERROR(HLOOKUP($B22,'[3]4월'!$F$6:$CC$57,2,),)/1000 -> 3.9975 | N22: =+K22-M22 -> 2.928 | O22: =+IFERROR(HLOOKUP($B22,'[1]4월'!$D$6:$BN$259,3,),)/1000 -> 647.4 | P22: =+IFERROR(HLOOKUP($B22,'[2]4월'!$F$6:$CP$99,3,),)/1000 -> 765.70114 | Q22: =+P22-O22 -> 118.30115 | R22: =+IFERROR(HLOOKUP($B22,'[3]4월'!$F$6:$CC$57,3,),)/1000 -> 400.5802 | S22: =+P22-R22 -> 365.12095 | T22: =+IFERROR(HLOOKUP($B22,'[1]4월'!$D$6:$BN$259,16,),)/1000 -> 119.39039 | U22: =+IFERROR(HLOOKUP($B22,'[2]4월'!$F$6:$CP$99,16,),)/1000 -> 170.20888 | V22: =+U22-T22 -> 50.818489 | W22: =+IFERROR(HLOOKUP($B22,'[3]4월'!$F$6:$CC$57,16,),)/1000 -> 55.23525 | X22: =+U22-W22 -> 114.97363 | Y22: =+[5]원주!$Q$85 -> 107900 | Z22: =+[5]원주!$R$85 -> 110562.58 | AA22: =+[6]원주!$Q$85 -> 100207.68 | AB22: =+[5]원주!$Q$89 -> 72445.658 | AC22: =+[5]원주!$R$89 -> 72123.369 | AD22: =+[6]원주!$Q$89 -> 65419.534 | AE22: =+Y22-AB22 -> 35454.342 | AF22: =+Z22-AC22 -> 38439.211 | AG22: =+AA22-AD22 -> 34788.146
B23: 제주 | G23: =+I23 -> 제주 | I23: 제주 | J23: =+IFERROR(HLOOKUP($B23,'[1]4월'!$D$6:$BN$259,2,),)/1000 -> 6 | K23: =+IFERROR(HLOOKUP($B23,'[2]4월'!$F$6:$CP$99,2,),)/1000 -> 3.556 | L23: =+K23-J23 -> -2.444 | M23: =+IFERROR(HLOOKUP($B23,'[3]4월'!$F$6:$CC$57,2,),)/1000 -> 7.6655 | N23: =+K23-M23 -> -4.1095 | O23: =+IFERROR(HLOOKUP($B23,'[1]4월'!$D$6:$BN$259,3,),)/1000 -> 760.2 | P23: =+IFERROR(HLOOKUP($B23,'[2]4월'!$F$6:$CP$99,3,),)/1000 -> 454.84141 | Q23: =+P23-O23 -> -305.35859 | R23: =+IFERROR(HLOOKUP($B23,'[3]4월'!$F$6:$CC$57,3,),)/1000 -> 906.96266 | S23: =+P23-R23 -> -452.12124 | T23: =+IFERROR(HLOOKUP($B23,'[1]4월'!$D$6:$BN$259,16,),)/1000 -> 126.64 | U23: =+IFERROR(HLOOKUP($B23,'[2]4월'!$F$6:$CP$99,16,),)/1000 -> 53.489504 | V23: =+U23-T23 -> -73.150493 | W23: =+IFERROR(HLOOKUP($B23,'[3]4월'!$F$6:$CC$57,16,),)/1000 -> 184.98748 | X23: =+U23-W23 -> -131.49797 | Y23: =+[5]제주!$Q$85 -> 126700 | Z23: =+[5]제주!$R$85 -> 127908.16 | AA23: =+[6]제주!$Q$85 -> 118334.61 | AB23: =+[5]제주!$Q$89 -> 89540.511 | AC23: =+[5]제주!$R$89 -> 87547.524 | AD23: =+[6]제주!$Q$89 -> 82785.858 | AE23: =+Y23-AB23 -> 37159.489 | AF23: =+Z23-AC23 -> 40360.635 | AG23: =+AA23-AD23 -> 35548.749
G24: =+I24 -> 수도권 | I24: 수도권 | J24: =SUM(J7:J10) -> 122.5 | K24: =SUM(K7:K10) -> 122.5135 | L24: =+K24-J24 -> 0.0135 | M24: =SUM(M7:M10) -> 122.851 | N24: =+K24-M24 -> -0.3375 | O24: =SUM(O7:O10) -> 12294.209 | P24: =SUM(P7:P10) -> 12227.972 | Q24: =+P24-O24 -> -66.237096 | R24: =SUM(R7:R10) -> 11140.427 | S24: =+P24-R24 -> 1087.5453 | T24: =SUM(T7:T10) -> 1794.5853 | U24: =SUM(U7:U10) -> 1426.0178 | V24: =+U24-T24 -> -368.56747 | W24: =SUM(W7:W10) -> 1311.3904 | X24: =+U24-W24 -> 114.62739 | Y24: =+[5]수도권!$Q$85 -> 100360.89 | Z24: =+[5]수도권!$R$85 -> 99830.046 | AA24: =+[6]수도권!$Q$85 -> 90663.317 | AB24: =+[5]수도권!$Q$89 -> 77712.281 | AC24: =+[5]수도권!$R$89 -> 80098.575 | AD24: =+[6]수도권!$Q$89 -> 72165.204 | AE24: =+Y24-AB24 -> 22648.608 | AF24: =+Z24-AC24 -> 19731.47 | AG24: =+AA24-AD24 -> 18498.113
G25: =+I25 -> 영남권 | I25: 영남권 | J25: =SUM(J11:J18) -> 129.5 | K25: =SUM(K11:K18) -> 147.2215 | L25: =+K25-J25 -> 17.7215 | M25: =SUM(M11:M18) -> 140.756 | N25: =+K25-M25 -> 6.4655 | O25: =SUM(O11:O18) -> 13185.027 | P25: =SUM(P11:P18) -> 14959.708 | Q25: =+P25-O25 -> 1774.6809 | R25: =SUM(R11:R18) -> 13501.907 | S25: =+P25-R25 -> 1457.8005 | T25: =SUM(T11:T18) -> 1983.2588 | U25: =SUM(U11:U18) -> 1954.5454 | V25: =+U25-T25 -> -28.713438 | W25: =SUM(W11:W18) -> 2080.5331 | X25: =+U25-W25 -> -125.98771 | Y25: =+[5]영남권!$Q$85 -> 101814.88 | Z25: =+[5]영남권!$R$85 -> 101618.83 | AA25: =+[6]영남권!$Q$85 -> 95926.79 | AB25: =+[5]영남권!$Q$89 -> 75421.508 | AC25: =+[5]영남권!$R$89 -> 78242.384 | AD25: =+[6]영남권!$Q$89 -> 70949.055 | AE25: =+Y25-AB25 -> 26393.369 | AF25: =+Z25-AC25 -> 23376.451 | AG25: =+AA25-AD25 -> 24977.735
G26: =+I26 -> 중부권 | I26: 중부권 | J26: =SUM(J19:J23) -> 56.5 | K26: =SUM(K19:K23) -> 61.3025 | L26: =+K26-J26 -> 4.8025 | M26: =SUM(M19:M23) -> 59.1675 | N26: =+K26-M26 -> 2.135 | O26: =SUM(O19:O23) -> 5997.6564 | P26: =SUM(P19:P23) -> 6545.7603 | Q26: =+P26-O26 -> 548.10388 | R26: =SUM(R19:R23) -> 5888.6979 | S26: =+P26-R26 -> 657.06236 | T26: =SUM(T19:T23) -> 1089.955 | U26: =SUM(U19:U23) -> 1254.683 | V26: =+U26-T26 -> 164.72796 | W26: =SUM(W19:W23) -> 1181.3318 | X26: =+U26-W26 -> 73.351166 | Y26: =+[5]중부권!$Q$85 -> 106153.21 | Z26: =+[5]중부권!$R$85 -> 106728.9 | AA26: =+[6]중부권!$Q$85 -> 99528.287 | AB26: =+[5]중부권!$Q$89 -> 75760.509 | AC26: =+[5]중부권!$R$89 -> 74744.194 | AD26: =+[6]중부권!$Q$89 -> 69070.788 | AE26: =+Y26-AB26 -> 30392.701 | AF26: =+Z26-AC26 -> 31984.708 | AG26: =+AA26-AD26 -> 30457.499
G27: =+K27/J27 -> 1.0730551 | H27: 레미콘 계 | J27: =SUM(J24:J26) -> 308.5 | K27: =SUM(K24:K26) -> 331.0375 | L27: =+K27-J27 -> 22.5375 | M27: =SUM(M24:M26) -> 322.7745 | N27: =+K27-M27 -> 8.263 | O27: =SUM(O24:O26) -> 31476.892 | P27: =SUM(P24:P26) -> 33733.44 | Q27: =+P27-O27 -> 2256.5477 | R27: =SUM(R24:R26) -> 30531.031 | S27: =+P27-R27 -> 3202.4081 | T27: =SUM(T24:T26) -> 4867.7991 | U27: =SUM(U24:U26) -> 4635.2462 | V27: =+U27-T27 -> -232.55294 | W27: =SUM(W24:W26) -> 4573.2553 | X27: =+U27-W27 -> 61.990848 | Y27: =+[5]합계!$Q$85 -> 102032.06 | Z27: =+[5]합계!$R$85 -> 101892.73 | AA27: =+[6]합계!$Q$85 -> 94591.926 | AB27: =+[5]합계!$Q$89 -> 76393.22 | AC27: =+[5]합계!$R$89 -> 78288.565 | AD27: =+[6]합계!$Q$89 -> 71065.26 | AE27: =+Y27-AB27 -> 25638.844 | AF27: =+Z27-AC27 -> 23604.168 | AG27: =+AA27-AD27 -> 23526.666
B28: 건자재 | E28: 건자재영업 | G28: 건자재 | H28: 건자재 | J28: =+IFERROR(HLOOKUP($B28,'[1]4월'!$D$6:$BN$259,2,),) -> 7300 | K28: =+IFERROR(HLOOKUP($E28,'[2]4월'!$F$6:$CP$99,2,),) -> 8574.983 | L28: =+K28-J28 -> 1274.983 | M28: =+IFERROR(HLOOKUP($E28,'[3]4월'!$F$6:$CC$57,2,),) -> 9357.597 | N28: =+K28-M28 -> -782.614 | O28: =+IFERROR(HLOOKUP($B28,'[1]4월'!$D$6:$BN$259,3,),)/1000 -> 8929.3158 | P28: =+IFERROR(HLOOKUP($E28,'[2]4월'!$F$6:$CP$99,3,),)/1000 -> 8822.0395 | Q28: =+P28-O28 -> -107.2763 | R28: =+IFERROR(HLOOKUP($E28,'[3]4월'!$F$6:$CC$57,3,),)/1000 -> 11408.615 | S28: =+P28-R28 -> -2586.5755 | T28: =+IFERROR(HLOOKUP($B28,'[1]4월'!$D$6:$BN$259,16,),)/1000 -> 107.36944 | U28: =+IFERROR(HLOOKUP($E28,'[2]4월'!$F$6:$CP$99,16,),)/1000 -> -6.182668 | V28: =+U28-T28 -> -113.55211 | W28: =+IFERROR(HLOOKUP($E28,'[3]4월'!$F$6:$CC$57,16,),)/1000 -> 116.39871 | X28: =+U28-W28 -> -122.58137 | Y28: ■ 비고
B29: 부산모래장 | F29: 부산골재 | G29: =+I29 -> 부산모래장 | H29: 골재 | I29: 부산모래장 | J29: =+IFERROR(HLOOKUP($B29,'[1]4월'!$D$6:$BN$259,2,),)/1000 -> 17.196308 | K29: =+IFERROR(HLOOKUP($F29,'[2]4월'!$F$6:$CP$99,2,),)/1000 -> 20.579 | L29: =+K29-J29 -> 3.3826921 | M29: =+IFERROR(HLOOKUP($F29,'[3]4월'!$F$6:$CC$57,2,),)/1000 -> 22.427 | N29: =+K29-M29 -> -1.848 | O29: =+IFERROR(HLOOKUP($B29,'[1]4월'!$D$6:$BN$259,3,),)/1000 -> 539.08911 | P29: =+IFERROR(HLOOKUP($F29,'[2]4월'!$F$6:$CP$99,3,),)/1000 -> 653.70641 | Q29: =+P29-O29 -> 114.6173 | R29: =+IFERROR(HLOOKUP($F29,'[3]4월'!$F$6:$CC$57,3,),)/1000 -> 695.2956 | S29: =+P29-R29 -> -41.589192 | T29: =+IFERROR(HLOOKUP($B29,'[1]4월'!$D$6:$BN$259,21,),)/1000 -> 33.044389 | U29: =+IFERROR(HLOOKUP($F29,'[2]4월'!$F$6:$CP$99,21,),)/1000 -> 40.624192 | V29: =+U29-T29 -> 7.5798029 | W29: =+IFERROR(HLOOKUP($F29,'[3]4월'!$F$6:$CC$57,16,),)/1000 -> 69.539436 | X29: =+U29-W29 -> -28.915244
B30: 서부산크라샤 | F30: 서부산골재 | G30: =+I30 -> 서부산CR | I30: 서부산CR | J30: =+IFERROR(HLOOKUP($B30,'[1]4월'!$D$6:$BN$259,2,),)/1000 -> 0 | K30: =+IFERROR(HLOOKUP($F30,'[2]4월'!$F$6:$CP$99,2,),)/1000 -> 27.24 | L30: =+K30-J30 -> 27.24 | M30: =+IFERROR(HLOOKUP($F30,'[3]4월'!$F$6:$CC$57,2,),)/1000 -> 35.812 | N30: =+K30-M30 -> -8.572 | O30: =+IFERROR(HLOOKUP($B30,'[1]4월'!$D$6:$BN$259,3,),)/1000 -> 0 | P30: =+IFERROR(HLOOKUP($F30,'[2]4월'!$F$6:$CP$99,3,),)/1000 -> 382.248 | Q30: =+P30-O30 -> 382.248 | R30: =+IFERROR(HLOOKUP($F30,'[3]4월'!$F$6:$CC$57,3,),)/1000 -> 422.382 | S30: =+P30-R30 -> -40.134 | T30: =+IFERROR(HLOOKUP($B30,'[1]4월'!$D$6:$BN$259,21,),)/1000 -> -95.073313 | U30: =+IFERROR(HLOOKUP($F30,'[2]4월'!$F$6:$CP$99,21,),)/1000 -> 61.107316 | V30: =+U30-T30 -> 156.18063 | W30: =+IFERROR(HLOOKUP($F30,'[3]4월'!$F$6:$CC$57,16,),)/1000 -> 91.612904 | X30: =+U30-W30 -> -30.505588
B31: 부산크라샤 | F31: 부산크라샤 | G31: =+I31 -> 부산CR | I31: 부산CR | J31: =+IFERROR(HLOOKUP($B31,'[1]4월'!$D$6:$BN$259,2,),)/1000 -> 41.833975 | K31: =+IFERROR(HLOOKUP($F31,'[2]4월'!$F$6:$CP$99,2,),)/1000 -> 38.524 | L31: =+K31-J31 -> -3.3099753 | M31: =+IFERROR(HLOOKUP($F31,'[3]4월'!$F$6:$CC$57,2,),)/1000 -> 0 | N31: =+K31-M31 -> 38.524 | O31: =+IFERROR(HLOOKUP($B31,'[1]4월'!$D$6:$BN$259,3,),)/1000 -> 750.637 | P31: =+IFERROR(HLOOKUP($F31,'[2]4월'!$F$6:$CP$99,3,),)/1000 -> 710.866 | Q31: =+P31-O31 -> -39.770999 | R31: =+IFERROR(HLOOKUP($F31,'[3]4월'!$F$6:$CC$57,3,),)/1000 -> 0 | S31: =+P31-R31 -> 710.866 | T31: =+IFERROR(HLOOKUP($B31,'[1]4월'!$D$6:$BN$259,21,),)/1000 -> 66.766595 | U31: =+IFERROR(HLOOKUP($F31,'[2]4월'!$F$6:$CP$99,21,),)/1000 -> 52.145938 | V31: =+U31-T31 -> -14.620657 | W31: =+IFERROR(HLOOKUP($F31,'[3]4월'!$F$6:$CC$57,16,),)/1000 -> -27.277191 | X31: =+U31-W31 -> 79.423129
H32: 골재 계 | J32: =SUM(J29:J31) -> 59.030283 | K32: =SUM(K29:K31) -> 86.343 | L32: =+K32-J32 -> 27.312717 | M32: =SUM(M29:M31) -> 58.239 | N32: =+K32-M32 -> 28.104 | O32: =SUM(O29:O31) -> 1289.7261 | P32: =SUM(P29:P31) -> 1746.8204 | Q32: =+P32-O32 -> 457.0943 | R32: =SUM(R29:R31) -> 1117.6776 | S32: =+P32-R32 -> 629.14281 | T32: =SUM(T29:T31) -> 4.7376714 | U32: =SUM(U29:U31) -> 153.87745 | V32: =+U32-T32 -> 149.13977 | W32: =SUM(W29:W31) -> 133.87515 | X32: =+U32-W32 -> 20.002296
B33: 포항임대 | C33: 속초임대 | D33: 강릉임대 | E33: 레미콘임대 계 | G33: =+I33 -> 레미콘임대 | H33: 기타 | I33: 레미콘임대 | L33: =+K33-J33 -> 0 | N33: =+K33-M33 -> 0 | O33: =(IFERROR(HLOOKUP($B33,'[1]4월'!$D$6:$BN$259,3,),)++IFERROR(HLOOKUP($C33,'[1]4월'!$D$6:$BN$259,3,),)+IFERROR(HLOOKUP($D33,'[1]4월'!$D$6:$BN$259,3,),))/1000 -> 90.84 | P33: =+IFERROR(HLOOKUP($E33,'[2]4월'!$F$6:$CP$99,3,),)/1000 -> 90.84 | Q33: =+P33-O33 -> 0 | R33: =+IFERROR(HLOOKUP($E33,'[3]4월'!$F$6:$CC$57,3,),)/1000 -> 78.34 | S33: =+P33-R33 -> 12.5 | T33: =(IFERROR(HLOOKUP($B33,'[1]4월'!$D$6:$BN$259,21,),)++IFERROR(HLOOKUP($C33,'[1]4월'!$D$6:$BN$259,21,),)+IFERROR(HLOOKUP($D33,'[1]4월'!$D$6:$BN$259,21,),))/1000 -> 72.210526 | U33: =+IFERROR(HLOOKUP($E33,'[2]4월'!$F$6:$CP$99,16,),)/1000 -> 71.958667 | V33: =+U33-T33 -> -0.251859 | W33: =+IFERROR(HLOOKUP($E33,'[3]4월'!$F$6:$CC$57,16,),)/1000 -> 63.066593 | X33: =+U33-W33 -> 8.892074
B34: 부동산임대 | C34: 주유소임대 | E34: 임대 계 | G34: =+I34 -> 임대 | I34: 임대 | L34: =+K34-J34 -> 0 | M34: 0 | N34: =+K34-M34 -> 0 | O34: =(+IFERROR(HLOOKUP($B34,'[1]4월'!$D$6:$BN$259,3,),)+IFERROR(HLOOKUP($C34,'[1]4월'!$D$6:$BN$259,3,),))/1000 -> 72.2975 | P34: =+IFERROR(HLOOKUP($E34,'[2]4월'!$F$6:$CP$99,3,),)/1000 -> 73.256694 | Q34: =+P34-O34 -> 0.95919367 | R34: =+IFERROR(HLOOKUP($E34,'[3]4월'!$F$6:$CC$57,3,),)/1000 -> 71.577121 | S34: =+P34-R34 -> 1.679573 | T34: =(+IFERROR(HLOOKUP($B34,'[1]4월'!$D$6:$BN$259,21,),)+IFERROR(HLOOKUP($C34,'[1]4월'!$D$6:$BN$259,21,),))/1000 -> 62.045457 | U34: =+IFERROR(HLOOKUP($E34,'[2]4월'!$F$6:$CP$99,16,),)/1000 -> 63.157758 | V34: =+U34-T34 -> 1.1123007 | W34: =+IFERROR(HLOOKUP($E34,'[3]4월'!$F$6:$CC$57,16,),)/1000 -> 34.773534 | X34: =+U34-W34 -> 28.384224
B35: 공 통 비 | G35: =+I35 -> 공통비 | I35: 공통비 | L35: =+K35-J35 -> 0 | N35: =+K35-M35 -> 0 | Q35: =+P35-O35 -> 0 | S35: =+P35-R35 -> 0 | T35: =-'[1]4월'!$Z$22/1000 -> -1543.1733 | U35: =+-'[2]4월'!$Z$22/1000 -> -1567.4228 | V35: =+U35-T35 -> -24.249535 | W35: =+-'[3]4월'!$Z$22/1000 -> -1336.3393 | X35: =+U35-W35 -> -231.08351
G36: =+I36 -> OPC 소급분 | I36: OPC 소급분 | N36: =+K36-M36 -> 0 | Q36: =+P36-O36 -> 0 | S36: =+P36-R36 -> 0 | T36: =+'[1]4월'!$AS$26/1000 -> 0 | U36: =-'[2]4월'!$BD$26/1000 -> 0 | V36: =+U36-T36 -> 0 | W36: =-'[3]4월'!$BD$26/1000 -> 0 | X36: =+U36-W36 -> 0
G37: =+I37 -> 대손 | I37: 대손 | N37: =+K37-M37 -> 0 | Q37: =+P37-O37 -> 0 | S37: =+P37-R37 -> 0 | U37: ='[2]4월'!$BE$26/1000 -> 0 | V37: =+U37-T37 -> 0 | W37: ='[3]4월'!$BE$26/1000 -> 0 | X37: =+U37-W37 -> 0
G38: =+I38 -> 미운영 공장 | I38: 미운영 공장 | M38: =SUM(M54:M57) -> 0 | N38: =+K38-M38 -> 0 | Q38: =+P38-O38 -> 0 | S38: =+P38-R38 -> 0 | T38: =SUM('[1]4월'!$AM$26:$AQ$26)/1000 -> -35.713225 | U38: =+'[2]4월'!$BF$26/1000 -> -33.797813 | V38: =+U38-T38 -> 1.9154124 | W38: =+'[3]4월'!$BF$26/1000 -> -27.618783 | X38: =+U38-W38 -> -6.17903
B39: 기타 계 | G39: =+I39 -> 기타 | I39: 기타 | L39: =+K39-J39 -> 0 | N39: =+K39-M39 -> 0 | O39: =IFERROR(HLOOKUP($B39,'[1]4월'!$D$6:$BN$259,3,),)/1000 -> 1.77 | P39: =+('[2]4월'!$F$8-SUM('[2]4월'!$Z$8,'[2]4월'!$AH$8,'[2]4월'!$AN$8,'[2]4월'!$AO$8,'[2]4월'!$BA$8,'[2]4월'!$BD$8,'[2]4월'!$BE$8,'[2]4월'!$BF$8))/1000 -> 1.7024 | Q39: =+P39-O39 -> -0.0676 | R39: =+('[3]4월'!$F$8-SUM('[3]4월'!$Z$8,'[3]4월'!$AH$8,'[3]4월'!$AN$8,'[3]4월'!$AO$8,'[3]4월'!$BA$8,'[3]4월'!$BD$8,'[3]4월'!$BE$8,'[3]4월'!$BF$8))/1000 -> 1.7437 | S39: =+P39-R39 -> -0.0413 | T39: =+('[1]4월'!$E$26-'[1]4월'!$Z$26-'[1]4월'!$AA$26-'[1]4월'!$AE$26-'[1]4월'!$AL$26-'[1]4월'!$AM$26-'[1]4월'!$AN$26-'[1]4월'!$AO$26-'[1]4월'!$AP$26-'[1]4월'!$AQ$26-'[1]4월'!$AS$26)/1000 -> -79.281808 | U39: =+('[2]4월'!$F$26-SUM('[2]4월'!$Z$26,'[2]4월'!$AH$26,'[2]4월'!$AN$26,'[2]4월'!$AO$26,'[2]4월'!$BA$26,'[2]4월'!$BD$26,'[2]4월'!$BE$26,'[2]4월'!$BF$26))/1000 -> -14.461379 | V39: =+U39-T39 -> 64.820429 | W39: =+('[3]4월'!$F$26-SUM('[3]4월'!$Z$26,'[3]4월'!$AH$26,'[3]4월'!$AN$26,'[3]4월'!$AO$26,'[3]4월'!$BA$26,'[3]4월'!$BD$26,'[3]4월'!$BE$26,'[3]4월'!$BF$26))/1000 -> -17.324944 | X39: =+U39-W39 -> 2.863565
N40: =+K40-M40 -> 0 | Q40: =+P40-O40 -> 0 | S40: =+P40-R40 -> 0 | V40: =+U40-T40 -> 0
H41: 기타 계 | J41: =SUM(J33:J40) -> 0 | K41: =SUM(K33:K40) -> 0 | L41: =+K41-J41 -> 0 | M41: =SUM(M33:M40) -> 0 | N41: =+K41-M41 -> 0 | O41: =SUM(O33:O40) -> 164.9075 | P41: =SUM(P33:P40) -> 165.79909 | Q41: =+P41-O41 -> 0.89159367 | R41: =SUM(R33:R40) -> 151.66082 | S41: =+P41-R41 -> 14.138273 | T41: =SUM(T33:T40) -> -1523.9123 | U41: =SUM(U33:U40) -> -1480.5656 | V41: =+U41-T41 -> 43.346748 | W41: =SUM(W33:W40) -> -1283.4429 | X41: =+U41-W41 -> -197.12268
U42: 19 | V42: 12.4
G43: =+P43/O43 -> 1.0622839 | H43: 합계 | O43: =+O27+O32+O28+O41 -> 41860.841 | P43: =+P27+P32+P28+P41 -> 44468.099 | Q43: =+P43-O43 -> 2607.2573 | R43: =+R27+R32+R28+R41 -> 43208.985 | S43: =+P43-R43 -> 1259.1137 | T43: =+T27+T32+T28+T41 -> 3455.9939 | U43: =+U27+U32+U28+U41 -> 3302.3754 | V43: =+U43-T43 -> -153.61853 | W43: =+W27+W32+W28+W41 -> 3540.0863 | X43: =+U43-W43 -> -237.71091
G44: =+U43/T43 -> 0.95555011 | T44: =+T43/O43 -> 0.082559112 | U44: =+U43/P43 -> 0.074263921
I46: 확인 | J46: =+'[1]4월'!$Z$7/1000 -> 308.5 | K46: =+'[2]4월'!$AI$7/1000 -> 331.0375 | M46: =+'[3]4월'!$Z$7/1000 -> 322.7745 | O46: =+'[1]4월'!$E$8/1000 -> 41860.841 | P46: =+'[2]4월'!$F$8/1000 -> 44468.099 | R46: =+'[3]4월'!$F$8/1000 -> 43208.985 | T46: =+'[1]4월'!$E$26/1000 -> 3455.9939 | U46: =+'[2]4월'!$F$26/1000 -> 3302.3754 | W46: =+'[3]4월'!$F$26/1000 -> 3540.0863
J47: =+J46-J27 -> 0 | K47: =+K46-K27 -> 0 | M47: =+M46-M27 -> 0 | O47: =+O46-O43 -> 0 | P47: =+P46-P43 -> 0 | R47: =+R46-R43 -> 0 | T47: =+T46-T43 -> -4.5474735e-12 | U47: =+U46-U43 -> 0 | W47: =+W46-W43 -> 0

Sheet 사업장별(누계)
H3: □ 사업장별 손익실적(2024-04누계)
AG4: [단위 : 천㎥, 톤, 백만원]
H5: 구분 | J5: 물량 | O5: 매출 | T5: 영업이익(공통비 배부전) | Y5: 판매단가 | AB5: 변동비 | AE5: 공헌이익
J6: 계획 | K6: 실적 | L6: 차이 | M6: 전년 | N6: 차이 | O6: 계획 | P6: 실적 | Q6: 차이 | R6: 전년 | S6: 차이 | T6: 계획 | U6: 실적 | V6: 차이 | W6: 전년 | X6: 차이 | Y6: 계획 | Z6: 실적 | AA6: 전년 | AB6: 계획 | AC6: 실적 | AD6: 전년 | AE6: 계획 | AF6: 실적 | AG6: 전년
B7: 안양 | H7: 레미콘 | I7: 안양 | J7: =+'사업장별(당월)'!J7+'[4]사업장별(누계)'!J7 -> 158 | K7: =+'사업장별(당월)'!K7+'[4]사업장별(누계)'!K7 -> 170.698 | L7: =+K7-J7 -> 12.698 | M7: =+'사업장별(당월)'!M7+'[4]사업장별(누계)'!M7 -> 174.134 | N7: =+K7-M7 -> -3.436 | O7: =+'사업장별(당월)'!O7+'[4]사업장별(누계)'!O7 -> 15630.926 | P7: =+'사업장별(당월)'!P7+'[4]사업장별(누계)'!P7 -> 16839.669 | Q7: =+P7-O7 -> 1208.7436 | R7: =+'사업장별(당월)'!R7+'[4]사업장별(누계)'!R7 -> 15728.418 | S7: =+P7-R7 -> 1111.2516 | T7: =+'사업장별(당월)'!T7+'[4]사업장별(누계)'!T7 -> 1848.6119 | U7: =+'사업장별(당월)'!U7+'[4]사업장별(누계)'!U7 -> 1780.9296 | V7: =+U7-T7 -> -67.68232 | W7: =+'사업장별(당월)'!W7+'[4]사업장별(누계)'!W7 -> 1863.8714 | X7: =+U7-W7 -> -82.941845 | Y7: =+[11]안양!$Q$85 -> 98929.91 | Z7: =+[11]안양!$R$85 -> 98646.302 | AA7: =+[12]안양!$Q$85 -> 90307.723 | AB7: =+[11]안양!$Q$89 -> 79553.046 | AC7: =+[11]안양!$R$89 -> 81001.251 | AD7: =+[12]안양!$Q$89 -> 73141.489 | AE7: =+Y7-AB7 -> 19376.864 | AF7: =+Z7-AC7 -> 17645.051 | AG7: =+AA7-AD7 -> 17166.234
B8: 인천 | H8: 직영 | I8: 인천 | J8: =+'사업장별(당월)'!J8+'[4]사업장별(누계)'!J8 -> 115 | K8: =+'사업장별(당월)'!K8+'[4]사업장별(누계)'!K8 -> 113.751 | L8: =+K8-J8 -> -1.249 | M8: =+'사업장별(당월)'!M8+'[4]사업장별(누계)'!M8 -> 144.401 | N8: =+K8-M8 -> -30.65 | O8: =+'사업장별(당월)'!O8+'[4]사업장별(누계)'!O8 -> 11543.533 | P8: =+'사업장별(당월)'!P8+'[4]사업장별(누계)'!P8 -> 11517.811 | Q8: =+P8-O8 -> -25.721848 | R8: =+'사업장별(당월)'!R8+'[4]사업장별(누계)'!R8 -> 13186.724 | S8: =+P8-R8 -> -1668.9131 | T8: =+'사업장별(당월)'!T8+'[4]사업장별(누계)'!T8 -> 931.37372 | U8: =+'사업장별(당월)'!U8+'[4]사업장별(누계)'!U8 -> 955.53588 | V8: =+U8-T8 -> 24.16216 | W8: =+'사업장별(당월)'!W8+'[4]사업장별(누계)'!W8 -> 1209.703 | X8: =+U8-W8 -> -254.16712 | Y8: =+[11]인천!$Q$85 -> 100378.55 | Z8: =+[11]인천!$R$85 -> 101254.59 | AA8: =+[12]인천!$Q$85 -> 91315.263 | AB8: =+[11]인천!$Q$89 -> 81749.012 | AC8: =+[11]인천!$R$89 -> 82842.102 | AD8: =+[12]인천!$Q$89 -> 74788.436 | AE8: =+Y8-AB8 -> 18629.535 | AF8: =+Z8-AC8 -> 18412.49 | AG8: =+AA8-AD8 -> 16526.827
B9: 파주 | I9: 파주 | J9: =+'사업장별(당월)'!J9+'[4]사업장별(누계)'!J9 -> 95 | K9: =+'사업장별(당월)'!K9+'[4]사업장별(누계)'!K9 -> 94.777 | L9: =+K9-J9 -> -0.223 | M9: =+'사업장별(당월)'!M9+'[4]사업장별(누계)'!M9 -> 91.731 | N9: =+K9-M9 -> 3.046 | O9: =+'사업장별(당월)'!O9+'[4]사업장별(누계)'!O9 -> 9247.4845 | P9: =+'사업장별(당월)'!P9+'[4]사업장별(누계)'!P9 -> 9538.5462 | Q9: =+P9-O9 -> 291.06169 | R9: =+'사업장별(당월)'!R9+'[4]사업장별(누계)'!R9 -> 8169.5877 | S9: =+P9-R9 -> 1368.9585 | T9: =+'사업장별(당월)'!T9+'[4]사업장별(누계)'!T9 -> 1029.7134 | U9: =+'사업장별(당월)'!U9+'[4]사업장별(누계)'!U9 -> 720.6683 | V9: =+U9-T9 -> -309.04515 | W9: =+'사업장별(당월)'!W9+'[4]사업장별(누계)'!W9 -> 540.21149 | X9: =+U9-W9 -> 180.45681 | Y9: =+[11]파주!$Q$85 -> 97341.942 | Z9: =+[11]파주!$R$85 -> 100686.07 | AA9: =+[12]파주!$Q$85 -> 89012.349 | AB9: =+[11]파주!$Q$89 -> 77060.251 | AC9: =+[11]파주!$R$89 -> 83027.045 | AD9: =+[12]파주!$Q$89 -> 73196.56 | AE9: =+Y9-AB9 -> 20281.691 | AF9: =+Z9-AC9 -> 17659.029 | AG9: =+AA9-AD9 -> 15815.789
B10: 김포 | I10: 김포 | J10: =+'사업장별(당월)'!J10+'[4]사업장별(누계)'!J10 -> 47 | K10: =+'사업장별(당월)'!K10+'[4]사업장별(누계)'!K10 -> 41.1575 | L10: =+K10-J10 -> -5.8425 | M10: =+'사업장별(당월)'!M10+'[4]사업장별(누계)'!M10 -> 63.4485 | N10: =+K10-M10 -> -22.291 | O10: =+'사업장별(당월)'!O10+'[4]사업장별(누계)'!O10 -> 4421.545 | P10: =+'사업장별(당월)'!P10+'[4]사업장별(누계)'!P10 -> 4025.2966 | Q10: =+P10-O10 -> -396.24836 | R10: =+'사업장별(당월)'!R10+'[4]사업장별(누계)'!R10 -> 5500.4497 | S10: =+P10-R10 -> -1475.153 | T10: =+'사업장별(당월)'!T10+'[4]사업장별(누계)'!T10 -> 381.914 | U10: =+'사업장별(당월)'!U10+'[4]사업장별(누계)'!U10 -> 266.92423 | V10: =+U10-T10 -> -114.98977 | W10: =+'사업장별(당월)'!W10+'[4]사업장별(누계)'!W10 -> 626.5073 | X10: =+U10-W10 -> -359.58306 | Y10: =+[11]김포!$Q$85 -> 94075.426 | Z10: =+[11]김포!$R$85 -> 97802.263 | AA10: =+[12]김포!$Q$85 -> 86602.407 | AB10: =+[11]김포!$Q$89 -> 71637.906 | AC10: =+[11]김포!$R$89 -> 76096.809 | AD10: =+[12]김포!$Q$89 -> 66532.407 | AE10: =+Y10-AB10 -> 22437.52 | AF10: =+Z10-AC10 -> 21705.454 | AG10: =+AA10-AD10 -> 20070
B11: 부산 | I11: 부산 | J11: =+'사업장별(당월)'!J11+'[4]사업장별(누계)'!J11 -> 73 | K11: =+'사업장별(당월)'!K11+'[4]사업장별(누계)'!K11 -> 85.017 | L11: =+K11-J11 -> 12.017 | M11: =+'사업장별(당월)'!M11+'[4]사업장별(누계)'!M11 -> 100.9305 | N11: =+K11-M11 -> -15.9135 | O11: =+'사업장별(당월)'!O11+'[4]사업장별(누계)'!O11 -> 7854.8038 | P11: =+'사업장별(당월)'!P11+'[4]사업장별(누계)'!P11 -> 9081.9494 | Q11: =+P11-O11 -> 1227.1457 | R11: =+'사업장별(당월)'!R11+'[4]사업장별(누계)'!R11 -> 10229.169 | S11: =+P11-R11 -> -1147.2197 | T11: =+'사업장별(당월)'!T11+'[4]사업장별(누계)'!T11 -> 1024.3788 | U11: =+'사업장별(당월)'!U11+'[4]사업장별(누계)'!U11 -> 989.91649 | V11: =+U11-T11 -> -34.462322 | W11: =+'사업장별(당월)'!W11+'[4]사업장별(누계)'!W11 -> 1907.0721 | X11: =+U11-W11 -> -917.15558 | Y11: =+[11]부산!$Q$85 -> 107600.05 | Z11: =+[11]부산!$R$85 -> 106825.1 | AA11: =+[12]부산!$Q$85 -> 101348.64 | AB11: =+[11]부산!$Q$89 -> 78762.845 | AC11: =+[11]부산!$R$89 -> 83745.24 | AD11: =+[12]부산!$Q$89 -> 73072.448 | AE11: =+Y11-AB11 -> 28837.206 | AF11: =+Z11-AC11 -> 23079.859 | AG11: =+AA11-AD11 -> 28276.194
B12: 서부산 | I12: 서부산 | J12: =+'사업장별(당월)'!J12+'[4]사업장별(누계)'!J12 -> 90 | K12: =+'사업장별(당월)'!K12+'[4]사업장별(누계)'!K12 -> 88.975 | L12: =+K12-J12 -> -1.025 | M12: =+'사업장별(당월)'!M12+'[4]사업장별(누계)'!M12 -> 88.758 | N12: =+K12-M12 -> 0.217 | O12: =+'사업장별(당월)'!O12+'[4]사업장별(누계)'!O12 -> 9324.2 | P12: =+'사업장별(당월)'!P12+'[4]사업장별(누계)'!P12 -> 8987.0293 | Q12: =+P12-O12 -> -337.1707 | R12: =+'사업장별(당월)'!R12+'[4]사업장별(누계)'!R12 -> 8604.2468 | S12: =+P12-R12 -> 382.78252 | T12: =+'사업장별(당월)'!T12+'[4]사업장별(누계)'!T12 -> 1506.8652 | U12: =+'사업장별(당월)'!U12+'[4]사업장별(누계)'!U12 -> 1022.0486 | V12: =+U12-T12 -> -484.81659 | W12: =+'사업장별(당월)'!W12+'[4]사업장별(누계)'!W12 -> 1446.1648 | X12: =+U12-W12 -> -424.11617 | Y12: =+[11]서부산!$Q$85 -> 103602.22 | Z12: =+[11]서부산!$R$85 -> 101006.23 | AA12: =+[12]서부산!$Q$85 -> 96940.521 | AB12: =+[11]서부산!$Q$89 -> 77879.123 | AC12: =+[11]서부산!$R$89 -> 79548.427 | AD12: =+[12]서부산!$Q$89 -> 71519.543 | AE12: =+Y12-AB12 -> 25723.099 | AF12: =+Z12-AC12 -> 21457.803 | AG12: =+AA12-AD12 -> 25420.978
B13: 김해 | I13: 김해 | J13: =+'사업장별(당월)'!J13+'[4]사업장별(누계)'!J13 -> 45 | K13: =+'사업장별(당월)'!K13+'[4]사업장별(누계)'!K13 -> 52.342 | L13: =+K13-J13 -> 7.342 | M13: =+'사업장별(당월)'!M13+'[4]사업장별(누계)'!M13 -> 53.904 | N13: =+K13-M13 -> -1.562 | O13: =+'사업장별(당월)'!O13+'[4]사업장별(누계)'!O13 -> 4544.9964 | P13: =+'사업장별(당월)'!P13+'[4]사업장별(누계)'!P13 -> 5200.4932 | Q13: =+P13-O13 -> 655.4968 | R13: =+'사업장별(당월)'!R13+'[4]사업장별(누계)'!R13 -> 5108.8739 | S13: =+P13-R13 -> 91.6193 | T13: =+'사업장별(당월)'!T13+'[4]사업장별(누계)'!T13 -> 494.98771 | U13: =+'사업장별(당월)'!U13+'[4]사업장별(누계)'!U13 -> 409.07598 | V13: =+U13-T13 -> -85.911734 | W13: =+'사업장별(당월)'!W13+'[4]사업장별(누계)'!W13 -> 621.1887 | X13: =+U13-W13 -> -212.11272 | Y13: =+[11]김해!$Q$85 -> 100999.92 | Z13: =+[11]김해!$R$85 -> 99460.374 | AA13: =+[12]김해!$Q$85 -> 94787.614 | AB13: =+[11]김해!$Q$89 -> 76484.581 | AC13: =+[11]김해!$R$89 -> 80371.435 | AD13: =+[12]김해!$Q$89 -> 72767.009 | AE13: =+Y13-AB13 -> 24515.339 | AF13: =+Z13-AC13 -> 19088.939 | AG13: =+AA13-AD13 -> 22020.605
B14: 정관 | I14: 정관 | J14: =+'사업장별(당월)'!J14+'[4]사업장별(누계)'!J14 -> 70 | K14: =+'사업장별(당월)'!K14+'[4]사업장별(누계)'!K14 -> 78.4445 | L14: =+K14-J14 -> 8.4445 | M14: =+'사업장별(당월)'!M14+'[4]사업장별(누계)'!M14 -> 80.248 | N14: =+K14-M14 -> -1.8035 | O14: =+'사업장별(당월)'!O14+'[4]사업장별(누계)'!O14 -> 7280 | P14: =+'사업장별(당월)'!P14+'[4]사업장별(누계)'!P14 -> 8063.9056 | Q14: =+P14-O14 -> 783.90565 | R14: =+'사업장별(당월)'!R14+'[4]사업장별(누계)'!R14 -> 7928.6787 | S14: =+P14-R14 -> 135.22691 | T14: =+'사업장별(당월)'!T14+'[4]사업장별(누계)'!T14 -> 968.75995 | U14: =+'사업장별(당월)'!U14+'[4]사업장별(누계)'!U14 -> 785.513 | V14: =+U14-T14 -> -183.24695 | W14: =+'사업장별(당월)'!W14+'[4]사업장별(누계)'!W14 -> 1250.1102 | X14: =+U14-W14 -> -464.59719 | Y14: =+[11]정관!$Q$85 -> 104000 | Z14: =+[11]정관!$R$85 -> 102797.59 | AA14: =+[12]정관!$Q$85 -> 98802.197 | AB14: =+[11]정관!$Q$89 -> 78467 | AC14: =+[11]정관!$R$89 -> 82725.871 | AD14: =+[12]정관!$Q$89 -> 73693.859 | AE14: =+Y14-AB14 -> 25533 | AF14: =+Z14-AC14 -> 20071.721 | AG14: =+AA14-AD14 -> 25108.339
B15: 양산 | I15: 양산 | J15: =+'사업장별(당월)'!J15+'[4]사업장별(누계)'!J15 -> 42 | K15: =+'사업장별(당월)'!K15+'[4]사업장별(누계)'!K15 -> 49.696 | L15: =+K15-J15 -> 7.696 | M15: =+'사업장별(당월)'!M15+'[4]사업장별(누계)'!M15 -> 57.518 | N15: =+K15-M15 -> -7.822 | O15: =+'사업장별(당월)'!O15+'[4]사업장별(누계)'!O15 -> 4051.4254 | P15: =+'사업장별(당월)'!P15+'[4]사업장별(누계)'!P15 -> 4664.9936 | Q15: =+P15-O15 -> 613.56815 | R15: =+'사업장별(당월)'!R15+'[4]사업장별(누계)'!R15 -> 5355.6536 | S15: =+P15-R15 -> -690.66002 | T15: =+'사업장별(당월)'!T15+'[4]사업장별(누계)'!T15 -> 485.11724 | U15: =+'사업장별(당월)'!U15+'[4]사업장별(누계)'!U15 -> 498.47379 | V15: =+U15-T15 -> 13.356553 | W15: =+'사업장별(당월)'!W15+'[4]사업장별(누계)'!W15 -> 885.08945 | X15: =+U15-W15 -> -386.61566 | Y15: =+[11]양산!$Q$85 -> 96462.51 | Z15: =+[11]양산!$R$85 -> 93870.604 | AA15: =+[12]양산!$Q$85 -> 93116.009 | AB15: =+[11]양산!$Q$89 -> 71276.293 | AC15: =+[11]양산!$R$89 -> 72551.281 | AD15: =+[12]양산!$Q$89 -> 67511.844 | AE15: =+Y15-AB15 -> 25186.216 | AF15: =+Z15-AC15 -> 21319.323 | AG15: =+AA15-AD15 -> 25604.166
B16: 창원 | I16: 창원 | J16: =+'사업장별(당월)'!J16+'[4]사업장별(누계)'!J16 -> 64 | K16: =+'사업장별(당월)'!K16+'[4]사업장별(누계)'!K16 -> 70.6025 | L16: =+K16-J16 -> 6.6025 | M16: =+'사업장별(당월)'!M16+'[4]사업장별(누계)'!M16 -> 82.379 | N16: =+K16-M16 -> -11.7765 | O16: =+'사업장별(당월)'!O16+'[4]사업장별(누계)'!O16 -> 6374.854 | P16: =+'사업장별(당월)'!P16+'[4]사업장별(누계)'!P16 -> 7271.7708 | Q16: =+P16-O16 -> 896.91685 | R16: =+'사업장별(당월)'!R16+'[4]사업장별(누계)'!R16 -> 7626.8674 | S16: =+P16-R16 -> -355.09655 | T16: =+'사업장별(당월)'!T16+'[4]사업장별(누계)'!T16 -> 989.51375 | U16: =+'사업장별(당월)'!U16+'[4]사업장별(누계)'!U16 -> 1193.0863 | V16: =+U16-T16 -> 203.57258 | W16: =+'사업장별(당월)'!W16+'[4]사업장별(누계)'!W16 -> 1414.9404 | X16: =+U16-W16 -> -221.85407 | Y16: =+[11]창원!$Q$85 -> 99607.094 | Z16: =+[11]창원!$R$85 -> 102995.94 | AA16: =+[12]창원!$Q$85 -> 92582.665 | AB16: =+[11]창원!$Q$89 -> 72117.823 | AC16: =+[11]창원!$R$89 -> 75262.615 | AD16: =+[12]창원!$Q$89 -> 66679.184 | AE16: =+Y16-AB16 -> 27489.271 | AF16: =+Z16-AC16 -> 27733.325 | AG16: =+AA16-AD16 -> 25903.482
B17: 대구 | I17: 대구 | J17: =+'사업장별(당월)'!J17+'[4]사업장별(누계)'!J17 -> 59.5 | K17: =+'사업장별(당월)'!K17+'[4]사업장별(누계)'!K17 -> 61.9825 | L17: =+K17-J17 -> 2.4825 | M17: =+'사업장별(당월)'!M17+'[4]사업장별(누계)'!M17 -> 82.5735 | N17: =+K17-M17 -> -20.591 | O17: =+'사업장별(당월)'!O17+'[4]사업장별(누계)'!O17 -> 5819.1 | P17: =+'사업장별(당월)'!P17+'[4]사업장별(누계)'!P17 -> 6243.7076 | Q17: =+P17-O17 -> 424.60764 | R17: =+'사업장별(당월)'!R17+'[4]사업장별(누계)'!R17 -> 7518.0582 | S17: =+P17-R17 -> -1274.3506 | T17: =+'사업장별(당월)'!T17+'[4]사업장별(누계)'!T17 -> 897.8183 | U17: =+'사업장별(당월)'!U17+'[4]사업장별(누계)'!U17 -> 907.73586 | V17: =+U17-T17 -> 9.9175557 | W17: =+'사업장별(당월)'!W17+'[4]사업장별(누계)'!W17 -> 1341.7226 | X17: =+U17-W17 -> -433.98671 | Y17: =+[11]대구!$Q$85 -> 97800 | Z17: =+[11]대구!$R$85 -> 100733.39 | AA17: =+[12]대구!$Q$85 -> 91044.049 | AB17: =+[11]대구!$Q$89 -> 70574.642 | AC17: =+[11]대구!$R$89 -> 75016.614 | AD17: =+[12]대구!$Q$89 -> 66287.424 | AE17: =+Y17-AB17 -> 27225.358 | AF17: =+Z17-AC17 -> 25716.781 | AG17: =+AA17-AD17 -> 24756.625
B18: 울산 | I18: 울산 | J18: =+'사업장별(당월)'!J18+'[4]사업장별(누계)'!J18 -> 24 | K18: =+'사업장별(당월)'!K18+'[4]사업장별(누계)'!K18 -> 28.4645 | L18: =+K18-J18 -> 4.4645 | M18: =+'사업장별(당월)'!M18+'[4]사업장별(누계)'!M18 -> 37.962 | N18: =+K18-M18 -> -9.4975 | O18: =+'사업장별(당월)'!O18+'[4]사업장별(누계)'!O18 -> 2349.9204 | P18: =+'사업장별(당월)'!P18+'[4]사업장별(누계)'!P18 -> 2936.2034 | Q18: =+P18-O18 -> 586.28303 | R18: =+'사업장별(당월)'!R18+'[4]사업장별(누계)'!R18 -> 3569.2607 | S18: =+P18-R18 -> -633.05726 | T18: =+'사업장별(당월)'!T18+'[4]사업장별(누계)'!T18 -> -86.137288 | U18: =+'사업장별(당월)'!U18+'[4]사업장별(누계)'!U18 -> 95.296588 | V18: =+U18-T18 -> 181.43388 | W18: =+'사업장별(당월)'!W18+'[4]사업장별(누계)'!W18 -> 266.85729 | X18: =+U18-W18 -> -171.5607 | Y18: =+[11]울산!$Q$85 -> 97913.348 | Z18: =+[11]울산!$R$85 -> 103153.17 | AA18: =+[12]울산!$Q$85 -> 94041.118 | AB18: =+[11]울산!$Q$89 -> 78750.263 | AC18: =+[11]울산!$R$89 -> 82047.019 | AD18: =+[12]울산!$Q$89 -> 73189.617 | AE18: =+Y18-AB18 -> 19163.086 | AF18: =+Z18-AC18 -> 21106.15 | AG18: =+AA18-AD18 -> 20851.5
B19: 아산 | I19: 아산 | J19: =+'사업장별(당월)'!J19+'[4]사업장별(누계)'!J19 -> 79 | K19: =+'사업장별(당월)'!K19+'[4]사업장별(누계)'!K19 -> 98.311 | L19: =+K19-J19 -> 19.311 | M19: =+'사업장별(당월)'!M19+'[4]사업장별(누계)'!M19 -> 105.273 | N19: =+K19-M19 -> -6.962 | O19: =+'사업장별(당월)'!O19+'[4]사업장별(누계)'!O19 -> 7978.9881 | P19: =+'사업장별(당월)'!P19+'[4]사업장별(누계)'!P19 -> 9986.3715 | Q19: =+P19-O19 -> 2007.3834 | R19: =+'사업장별(당월)'!R19+'[4]사업장별(누계)'!R19 -> 9848.3378 | S19: =+P19-R19 -> 138.03361 | T19: =+'사업장별(당월)'!T19+'[4]사업장별(누계)'!T19 -> 1038.6815 | U19: =+'사업장별(당월)'!U19+'[4]사업장별(누계)'!U19 -> 1119.1053 | V19: =+U19-T19 -> 80.423797 | W19: =+'사업장별(당월)'!W19+'[4]사업장별(누계)'!W19 -> 1683.3937 | X19: =+U19-W19 -> -564.28833 | Y19: =+[11]아산!$Q$85 -> 100999.85 | Z19: =+[11]아산!$R$85 -> 101478.36 | AA19: =+[12]아산!$Q$85 -> 93577.28 | AB19: =+[11]아산!$Q$89 -> 76761.711 | AC19: =+[11]아산!$R$89 -> 79552.634 | AD19: =+[12]아산!$Q$89 -> 67826.191 | AE19: =+Y19-AB19 -> 24238.138 | AF19: =+Z19-AC19 -> 21925.726 | AG19: =+AA19-AD19 -> 25751.088
B20: 전주 | I20: 전주 | J20: =+'사업장별(당월)'!J20+'[4]사업장별(누계)'!J20 -> 44 | K20: =+'사업장별(당월)'!K20+'[4]사업장별(누계)'!K20 -> 25.735 | L20: =+K20-J20 -> -18.265 | M20: =+'사업장별(당월)'!M20+'[4]사업장별(누계)'!M20 -> 40.862 | N20: =+K20-M20 -> -15.127 | O20: =+'사업장별(당월)'!O20+'[4]사업장별(누계)'!O20 -> 4504.976 | P20: =+'사업장별(당월)'!P20+'[4]사업장별(누계)'!P20 -> 2477.4563 | Q20: =+P20-O20 -> -2027.5197 | R20: =+'사업장별(당월)'!R20+'[4]사업장별(누계)'!R20 -> 3746.6177 | S20: =+P20-R20 -> -1269.1614 | T20: =+'사업장별(당월)'!T20+'[4]사업장별(누계)'!T20 -> 630.28976 | U20: =+'사업장별(당월)'!U20+'[4]사업장별(누계)'!U20 -> 52.556106 | V20: =+U20-T20 -> -577.73366 | W20: =+'사업장별(당월)'!W20+'[4]사업장별(누계)'!W20 -> 393.71595 | X20: =+U20-W20 -> -341.15985 | Y20: =+[11]전주!$Q$85 -> 102385.82 | Z20: =+[11]전주!$R$85 -> 96272.833 | AA20: =+[12]전주!$Q$85 -> 91771.984 | AB20: =+[11]전주!$Q$89 -> 74422.802 | AC20: =+[11]전주!$R$89 -> 71946.768 | AD20: =+[12]전주!$Q$89 -> 67170.301 | AE20: =+Y20-AB20 -> 27963.017 | AF20: =+Z20-AC20 -> 24326.065 | AG20: =+AA20-AD20 -> 24601.683
B21: 군산 | I21: 군산 | J21: =+'사업장별(당월)'!J21+'[4]사업장별(누계)'!J21 -> 23 | K21: =+'사업장별(당월)'!K21+'[4]사업장별(누계)'!K21 -> 32.875 | L21: =+K21-J21 -> 9.875 | M21: =+'사업장별(당월)'!M21+'[4]사업장별(누계)'!M21 -> 30.3825 | N21: =+K21-M21 -> 2.4925 | O21: =+'사업장별(당월)'!O21+'[4]사업장별(누계)'!O21 -> 2510.6997 | P21: =+'사업장별(당월)'!P21+'[4]사업장별(누계)'!P21 -> 3584.0589 | Q21: =+P21-O21 -> 1073.3592 | R21: =+'사업장별(당월)'!R21+'[4]사업장별(누계)'!R21 -> 2870.7355 | S21: =+P21-R21 -> 713.32338 | T21: =+'사업장별(당월)'!T21+'[4]사업장별(누계)'!T21 -> 581.6913 | U21: =+'사업장별(당월)'!U21+'[4]사업장별(누계)'!U21 -> 968.94533 | V21: =+U21-T21 -> 387.25403 | W21: =+'사업장별(당월)'!W21+'[4]사업장별(누계)'!W21 -> 590.94266 | X21: =+U21-W21 -> 378.00267 | Y21: =+[11]군산!$Q$85 -> 109160.86 | Z21: =+[11]군산!$R$85 -> 109033.51 | AA21: =+[12]군산!$Q$85 -> 94455.399 | AB21: =+[11]군산!$Q$89 -> 69854.826 | AC21: =+[11]군산!$R$89 -> 69903.817 | AD21: =+[12]군산!$Q$89 -> 64091.522 | AE21: =+Y21-AB21 -> 39306.03 | AF21: =+Z21-AC21 -> 39129.689 | AG21: =+AA21-AD21 -> 30363.877
B22: 원주 | I22: 원주 | J22: =+'사업장별(당월)'!J22+'[4]사업장별(누계)'!J22 -> 18 | K22: =+'사업장별(당월)'!K22+'[4]사업장별(누계)'!K22 -> 20.0735 | L22: =+K22-J22 -> 2.0735 | M22: =+'사업장별(당월)'!M22+'[4]사업장별(누계)'!M22 -> 15.724 | N22: =+K22-M22 -> 4.3495 | O22: =+'사업장별(당월)'!O22+'[4]사업장별(누계)'!O22 -> 1942.2 | P22: =+'사업장별(당월)'!P22+'[4]사업장별(누계)'!P22 -> 2234.6113 | Q22: =+P22-O22 -> 292.41134 | R22: =+'사업장별(당월)'!R22+'[4]사업장별(누계)'!R22 -> 1565.8639 | S22: =+P22-R22 -> 668.74743 | T22: =+'사업장별(당월)'!T22+'[4]사업장별(누계)'!T22 -> 251.08144 | U22: =+'사업장별(당월)'!U22+'[4]사업장별(누계)'!U22 -> 405.84467 | V22: =+U22-T22 -> 154.76323 | W22: =+'사업장별(당월)'!W22+'[4]사업장별(누계)'!W22 -> 213.51945 | X22: =+U22-W22 -> 192.32522 | Y22: =+[11]원주!$Q$85 -> 107900 | Z22: =+[11]원주!$R$85 -> 111334.88 | AA22: =+[12]원주!$Q$85 -> 99558.938 | AB22: =+[11]원주!$Q$89 -> 74364.634 | AC22: =+[11]원주!$R$89 -> 73474.146 | AD22: =+[12]원주!$Q$89 -> 65416.66 | AE22: =+Y22-AB22 -> 33535.366 | AF22: =+Z22-AC22 -> 37860.733 | AG22: =+AA22-AD22 -> 34142.279
B23: 제주 | I23: 제주 | J23: =+'사업장별(당월)'!J23+'[4]사업장별(누계)'!J23 -> 18 | K23: =+'사업장별(당월)'!K23+'[4]사업장별(누계)'!K23 -> 13.064 | L23: =+K23-J23 -> -4.936 | M23: =+'사업장별(당월)'!M23+'[4]사업장별(누계)'!M23 -> 29.4185 | N23: =+K23-M23 -> -16.3545 | O23: =+'사업장별(당월)'!O23+'[4]사업장별(누계)'!O23 -> 2280.6 | P23: =+'사업장별(당월)'!P23+'[4]사업장별(누계)'!P23 -> 1682.0056 | Q23: =+P23-O23 -> -598.59436 | R23: =+'사업장별(당월)'!R23+'[4]사업장별(누계)'!R23 -> 3479.0052 | S23: =+P23-R23 -> -1796.9995 | T23: =+'사업장별(당월)'!T23+'[4]사업장별(누계)'!T23 -> 268.24326 | U23: =+'사업장별(당월)'!U23+'[4]사업장별(누계)'!U23 -> 176.97763 | V23: =+U23-T23 -> -91.265628 | W23: =+'사업장별(당월)'!W23+'[4]사업장별(누계)'!W23 -> 784.31496 | X23: =+U23-W23 -> -607.33733 | Y23: =+[11]제주!$Q$85 -> 126700 | Z23: =+[11]제주!$R$85 -> 128751.2 | AA23: =+[12]제주!$Q$85 -> 118274.08 | AB23: =+[11]제주!$Q$89 -> 89803.816 | AC23: =+[11]제주!$R$89 -> 88808.506 | AD23: =+[12]제주!$Q$89 -> 80486.298 | AE23: =+Y23-AB23 -> 36896.184 | AF23: =+Z23-AC23 -> 39942.691 | AG23: =+AA23-AD23 -> 37787.783
I24: 수도권 | J24: =SUM(J7:J10) -> 415 | K24: =SUM(K7:K10) -> 420.3835 | L24: =+K24-J24 -> 5.3835 | M24: =SUM(M7:M10) -> 473.7145 | N24: =+K24-M24 -> -53.331 | O24: =SUM(O7:O10) -> 40843.488 | P24: =SUM(P7:P10) -> 41921.323 | Q24: =+P24-O24 -> 1077.8351 | R24: =SUM(R7:R10) -> 42585.179 | S24: =+P24-R24 -> -663.85609 | T24: =SUM(T7:T10) -> 4191.6131 | U24: =SUM(U7:U10) -> 3724.058 | V24: =+U24-T24 -> -467.55508 | W24: =SUM(W7:W10) -> 4240.2932 | X24: =+U24-W24 -> -516.23522 | Y24: =+[11]수도권!$Q$85 -> 98418.044 | Z24: =+[11]수도권!$R$85 -> 99728.341 | AA24: =+[12]수도권!$Q$85 -> 89881.445 | AB24: =+[11]수도권!$Q$89 -> 78694.514 | AC24: =+[11]수도권!$R$89 -> 81473.81 | AD24: =+[12]수도권!$Q$89 -> 72777.545 | AE24: =+Y24-AB24 -> 19723.53 | AF24: =+Z24-AC24 -> 18254.532 | AG24: =+AA24-AD24 -> 17103.9
I25: 영남권 | J25: =SUM(J11:J18) -> 467.5 | K25: =SUM(K11:K18) -> 515.524 | L25: =+K25-J25 -> 48.024 | M25: =SUM(M11:M18) -> 584.273 | N25: =+K25-M25 -> -68.749 | O25: =SUM(O11:O18) -> 47599.3 | P25: =SUM(P11:P18) -> 52450.053 | Q25: =+P25-O25 -> 4850.7531 | R25: =SUM(R11:R18) -> 55940.808 | S25: =+P25-R25 -> -3490.7554 | T25: =SUM(T11:T18) -> 6281.3037 | U25: =SUM(U11:U18) -> 5901.1467 | V25: =+U25-T25 -> -380.15703 | W25: =SUM(W11:W18) -> 9133.1455 | X25: =+U25-W25 -> -3231.9988 | Y25: =+[11]영남권!$Q$85 -> 101816.68 | Z25: =+[11]영남권!$R$85 -> 101754.44 | AA25: =+[12]영남권!$Q$85 -> 95748.532 | AB25: =+[11]영남권!$Q$89 -> 75704.059 | AC25: =+[11]영남권!$R$89 -> 79144.888 | AD25: =+[12]영남권!$Q$89 -> 70502.849 | AE25: =+Y25-AB25 -> 26112.626 | AF25: =+Z25-AC25 -> 22609.554 | AG25: =+AA25-AD25 -> 25245.684
I26: 중부권 | J26: =SUM(J19:J23) -> 182 | K26: =SUM(K19:K23) -> 190.0585 | L26: =+K26-J26 -> 8.0585 | M26: =SUM(M19:M23) -> 221.66 | N26: =+K26-M26 -> -31.6015 | O26: =SUM(O19:O23) -> 19217.464 | P26: =SUM(P19:P23) -> 19964.504 | Q26: =+P26-O26 -> 747.03987 | R26: =SUM(R19:R23) -> 21510.56 | S26: =+P26-R26 -> -1546.0565 | T26: =SUM(T19:T23) -> 2769.9873 | U26: =SUM(U19:U23) -> 2723.4291 | V26: =+U26-T26 -> -46.558235 | W26: =SUM(W19:W23) -> 3665.8867 | X26: =+U26-W26 -> -942.45762 | Y26: =+[11]중부권!$Q$85 -> 105590.46 | Z26: =+[11]중부권!$R$85 -> 105015.17 | AA26: =+[12]중부권!$Q$85 -> 97213.617 | AB26: =+[11]중부권!$Q$89 -> 76376.217 | AC26: =+[11]중부권!$R$89 -> 76837.745 | AD26: =+[12]중부권!$Q$89 -> 68741.375 | AE26: =+Y26-AB26 -> 29214.243 | AF26: =+Z26-AC26 -> 28177.421 | AG26: =+AA26-AD26 -> 28472.241
H27: 레미콘 계 | J27: =SUM(J24:J26) -> 1064.5 | K27: =SUM(K24:K26) -> 1125.966 | L27: =+K27-J27 -> 61.466 | M27: =SUM(M24:M26) -> 1279.6475 | N27: =+K27-M27 -> -153.6815 | O27: =SUM(O24:O26) -> 107660.25 | P27: =SUM(P24:P26) -> 114335.88 | Q27: =+P27-O27 -> 6675.628 | R27: =SUM(R24:R26) -> 120036.55 | S27: =+P27-R27 -> -5700.668 | T27: =SUM(T24:T26) -> 13242.904 | U27: =SUM(U24:U26) -> 12348.634 | V27: =+U27-T27 -> -894.27035 | W27: =SUM(W24:W26) -> 17039.325 | X27: =+U27-W27 -> -4690.6916 | Y27: =+[11]합계!$Q$85 -> 101136.92 | Z27: =+[11]합계!$R$85 -> 101545.61 | AA27: =+[12]합계!$Q$85 -> 93821.018 | AB27: =+[11]합계!$Q$89 -> 76984.821 | AC27: =+[11]합계!$R$89 -> 79626.842 | AD27: =+[12]합계!$Q$89 -> 71048.909 | AE27: =+Y27-AB27 -> 24152.099 | AF27: =+Z27-AC27 -> 21918.766 | AG27: =+AA27-AD27 -> 22772.109
B28: 건자재 | E28: 건자재영업 | H28: 건자재 | J28: =+'사업장별(당월)'!J28+'[4]사업장별(누계)'!J28 -> 27900 | K28: =+'사업장별(당월)'!K28+'[4]사업장별(누계)'!K28 -> 30310.546 | L28: =+K28-J28 -> 2410.546 | M28: =+'사업장별(당월)'!M28+'[4]사업장별(누계)'!M28 -> 34525.302 | N28: =+K28-M28 -> -4214.756 | O28: =+'사업장별(당월)'!O28+'[4]사업장별(누계)'!O28 -> 34136.773 | P28: =+'사업장별(당월)'!P28+'[4]사업장별(누계)'!P28 -> 31755.572 | Q28: =+P28-O28 -> -2381.2002 | R28: =+'사업장별(당월)'!R28+'[4]사업장별(누계)'!R28 -> 41371.69 | S28: =+P28-R28 -> -9616.1171 | T28: =+'사업장별(당월)'!T28+'[4]사업장별(누계)'!T28 -> 367.70904 | U28: =+'사업장별(당월)'!U28+'[4]사업장별(누계)'!U28 -> 142.58457 | V28: =+U28-T28 -> -225.12447 | W28: =+'사업장별(당월)'!W28+'[4]사업장별(누계)'!W28 -> 322.60278 | X28: =+U28-W28 -> -180.01821 | Y28: ■ 비고
B29: 부산모래장 | H29: 골재 | I29: 부산모래장 | J29: =+'사업장별(당월)'!J29+'[4]사업장별(누계)'!J29 -> 74.727774 | K29: =+'사업장별(당월)'!K29+'[4]사업장별(누계)'!K29 -> 86.685 | L29: =+K29-J29 -> 11.957226 | M29: =+'사업장별(당월)'!M29+'[4]사업장별(누계)'!M29 -> 96.416 | N29: =+K29-M29 -> -9.731 | O29: =+'사업장별(당월)'!O29+'[4]사업장별(누계)'!O29 -> 2316.7264 | P29: =+'사업장별(당월)'!P29+'[4]사업장별(누계)'!P29 -> 2636.4741 | Q29: =+P29-O29 -> 319.74766 | R29: =+'사업장별(당월)'!R29+'[4]사업장별(누계)'!R29 -> 2896.2549 | S29: =+P29-R29 -> -259.78082 | T29: =+'사업장별(당월)'!T29+'[4]사업장별(누계)'!T29 -> 108.00787 | U29: =+'사업장별(당월)'!U29+'[4]사업장별(누계)'!U29 -> 194.37669 | V29: =+U29-T29 -> 86.368814 | W29: =+'사업장별(당월)'!W29+'[4]사업장별(누계)'!W29 -> 169.55755 | X29: =+U29-W29 -> 24.819136 | Y29: - 대손 16억 : 개별 10억(선원건설 7.9억, 송학건설 1억, 계원토건 1.2억) + 집합 9억
B30: 서부산크라샤 | I30: 서부산CR | J30: =+'사업장별(당월)'!J30+'[4]사업장별(누계)'!J30 -> 23.5096 | K30: =+'사업장별(당월)'!K30+'[4]사업장별(누계)'!K30 -> 99.714 | L30: =+K30-J30 -> 76.2044 | M30: =+'사업장별(당월)'!M30+'[4]사업장별(누계)'!M30 -> 148.916 | N30: =+K30-M30 -> -49.202 | O30: =+'사업장별(당월)'!O30+'[4]사업장별(누계)'!O30 -> 366.5198 | P30: =+'사업장별(당월)'!P30+'[4]사업장별(누계)'!P30 -> 1384.362 | Q30: =+P30-O30 -> 1017.8422 | R30: =+'사업장별(당월)'!R30+'[4]사업장별(누계)'!R30 -> 1749.054 | S30: =+P30-R30 -> -364.692 | T30: =+'사업장별(당월)'!T30+'[4]사업장별(누계)'!T30 -> -43.562166 | U30: =+'사업장별(당월)'!U30+'[4]사업장별(누계)'!U30 -> 198.1086 | V30: =+U30-T30 -> 241.67077 | W30: =+'사업장별(당월)'!W30+'[4]사업장별(누계)'!W30 -> 337.50085 | X30: =+U30-W30 -> -139.39225 | Y30: 태영건설 3억 환입
B31: 부산크라샤 | I31: 부산CR | J31: =+'사업장별(당월)'!J31+'[4]사업장별(누계)'!J31 -> 160.93099 | K31: =+'사업장별(당월)'!K31+'[4]사업장별(누계)'!K31 -> 134.661 | L31: =+K31-J31 -> -26.269986 | M31: =+'사업장별(당월)'!M31+'[4]사업장별(누계)'!M31 -> 0 | N31: =+K31-M31 -> 134.661 | O31: =+'사업장별(당월)'!O31+'[4]사업장별(누계)'!O31 -> 2880.9767 | P31: =+'사업장별(당월)'!P31+'[4]사업장별(누계)'!P31 -> 2507.5935 | Q31: =+P31-O31 -> -373.38319 | R31: =+'사업장별(당월)'!R31+'[4]사업장별(누계)'!R31 -> 0 | S31: =+P31-R31 -> 2507.5935 | T31: =+'사업장별(당월)'!T31+'[4]사업장별(누계)'!T31 -> 44.277864 | U31: =+'사업장별(당월)'!U31+'[4]사업장별(누계)'!U31 -> 180.51285 | V31: =+U31-T31 -> 136.23499 | W31: =+'사업장별(당월)'!W31+'[4]사업장별(누계)'!W31 -> -57.700849 | X31: =+U31-W31 -> 238.2137
H32: 골재 계 | J32: =SUM(J29:J31) -> 259.16836 | K32: =SUM(K29:K31) -> 321.06 | L32: =+K32-J32 -> 61.89164 | M32: =SUM(M29:M31) -> 245.332 | N32: =+K32-M32 -> 75.728 | O32: =SUM(O29:O31) -> 5564.2229 | P32: =SUM(P29:P31) -> 6528.4296 | Q32: =+P32-O32 -> 964.20667 | R32: =SUM(R29:R31) -> 4645.3089 | S32: =+P32-R32 -> 1883.1207 | T32: =SUM(T29:T31) -> 108.72357 | U32: =SUM(U29:U31) -> 572.99814 | V32: =+U32-T32 -> 464.27457 | W32: =SUM(W29:W31) -> 449.35755 | X32: =+U32-W32 -> 123.64059
B33: 포항임대 | C33: 속초임대 | D33: 강릉임대 | E33: 레미콘임대 계 | H33: 기타 | I33: 레미콘임대 | L33: =+K33-J33 -> 0 | N33: =+K33-M33 -> 0 | O33: =+'사업장별(당월)'!O33+'[4]사업장별(누계)'!O33 -> 363.36 | P33: =+'사업장별(당월)'!P33+'[4]사업장별(누계)'!P33 -> 363.36 | Q33: =+P33-O33 -> 0 | R33: =+'사업장별(당월)'!R33+'[4]사업장별(누계)'!R33 -> 313.36 | S33: =+P33-R33 -> 50 | T33: =+'사업장별(당월)'!T33+'[4]사업장별(누계)'!T33 -> 291.99185 | U33: =+'사업장별(당월)'!U33+'[4]사업장별(누계)'!U33 -> 290.84226 | V33: =+U33-T33 -> -1.149594 | W33: =+'사업장별(당월)'!W33+'[4]사업장별(누계)'!W33 -> 252.02263 | X33: =+U33-W33 -> 38.819629
B34: 부동산임대 | C34: 주유소임대 | E34: 임대 계 | I34: 임대 | L34: =+K34-J34 -> 0 | M34: 0 | N34: =+K34-M34 -> 0 | O34: =+'사업장별(당월)'!O34+'[4]사업장별(누계)'!O34 -> 289.19 | P34: =+'사업장별(당월)'!P34+'[4]사업장별(누계)'!P34 -> 289.18403 | Q34: =+P34-O34 -> -0.0059693333 | R34: =+'사업장별(당월)'!R34+'[4]사업장별(누계)'!R34 -> 377.27676 | S34: =+P34-R34 -> -88.092732 | T34: =+'사업장별(당월)'!T34+'[4]사업장별(누계)'!T34 -> 260.75979 | U34: =+'사업장별(당월)'!U34+'[4]사업장별(누계)'!U34 -> 261.37135 | V34: =+U34-T34 -> 0.61156167 | W34: =+'사업장별(당월)'!W34+'[4]사업장별(누계)'!W34 -> 224.34974 | X34: =+U34-W34 -> 37.021616
B35: 공 통 비 | I35: 공통비 | L35: =+K35-J35 -> 0 | N35: =+K35-M35 -> 0 | O35: =+'사업장별(당월)'!O35+'[4]사업장별(누계)'!O35 -> 0 | P35: =+'사업장별(당월)'!P35+'[4]사업장별(누계)'!P35 -> 0 | Q35: =+P35-O35 -> 0 | R35: =+'사업장별(당월)'!R35+'[4]사업장별(누계)'!R35 -> 0 | S35: =+P35-R35 -> 0 | T35: =+'사업장별(당월)'!T35+'[4]사업장별(누계)'!T35 -> -5214.7342 | U35: =+'사업장별(당월)'!U35+'[4]사업장별(누계)'!U35 -> -5407.8339 | V35: =+U35-T35 -> -193.09966 | W35: =+'사업장별(당월)'!W35+'[4]사업장별(누계)'!W35 -> -4348.3263 | X35: =+U35-W35 -> -1059.5076
I36: OPC 소급분 | N36: =+K36-M36 -> 0 | O36: =+'사업장별(당월)'!O36+'[4]사업장별(누계)'!O36 -> 0 | P36: =+'사업장별(당월)'!P36+'[4]사업장별(누계)'!P36 -> 0 | Q36: =+P36-O36 -> 0 | R36: =+'사업장별(당월)'!R36+'[4]사업장별(누계)'!R36 -> 0 | S36: =+P36-R36 -> 0 | T36: =+'사업장별(당월)'!T36+'[4]사업장별(누계)'!T36 -> 0 | U36: =+'사업장별(당월)'!U36+'[4]사업장별(누계)'!U36 -> 0 | V36: =+U36-T36 -> 0 | W36: =+'사업장별(당월)'!W36+'[4]사업장별(누계)'!W36 -> 0 | X36: =+U36-W36 -> 0
I37: 대손 | N37: =+K37-M37 -> 0 | O37: =+'사업장별(당월)'!O37+'[4]사업장별(누계)'!O37 -> 0 | P37: =+'사업장별(당월)'!P37+'[4]사업장별(누계)'!P37 -> 0 | Q37: =+P37-O37 -> 0 | R37: =+'사업장별(당월)'!R37+'[4]사업장별(누계)'!R37 -> 0 | S37: =+P37-R37 -> 0 | T37: =+'사업장별(당월)'!T37+'[4]사업장별(누계)'!T37 -> 0 | U37: =+'사업장별(당월)'!U37+'[4]사업장별(누계)'!U37 -> -1595.8425 | V37: =+U37-T37 -> -1595.8425 | W37: =+'사업장별(당월)'!W37+'[4]사업장별(누계)'!W37 -> -278.3528 | X37: =+U37-W37 -> -1317.4897
I38: 미운영 공장 | M38: =SUM(M54:M57) -> 0 | N38: =+K38-M38 -> 0 | O38: =+'사업장별(당월)'!O38+'[4]사업장별(누계)'!O38 -> 0 | P38: =+'사업장별(당월)'!P38+'[4]사업장별(누계)'!P38 -> 0 | Q38: =+P38-O38 -> 0 | R38: =+'사업장별(당월)'!R38+'[4]사업장별(누계)'!R38 -> 0 | S38: =+P38-R38 -> 0 | T38: =+'사업장별(당월)'!T38+'[4]사업장별(누계)'!T38 -> -110.55147 | U38: =+'사업장별(당월)'!U38+'[4]사업장별(누계)'!U38 -> -106.93349 | V38: =+U38-T38 -> 3.6179858 | W38: =+'사업장별(당월)'!W38+'[4]사업장별(누계)'!W38 -> -70.030342 | X38: =+U38-W38 -> -36.903147
B39: 기타 계 | I39: 기타 | L39: =+K39-J39 -> 0 | N39: =+K39-M39 -> 0 | O39: =+'사업장별(당월)'!O39+'[4]사업장별(누계)'!O39 -> 7.08 | P39: =+'사업장별(당월)'!P39+'[4]사업장별(누계)'!P39 -> 6.8096 | Q39: =+P39-O39 -> -0.2704 | R39: =+'사업장별(당월)'!R39+'[4]사업장별(누계)'!R39 -> 6.8956 | S39: =+P39-R39 -> -0.086 | T39: =+'사업장별(당월)'!T39+'[4]사업장별(누계)'!T39 -> -179.34155 | U39: =+'사업장별(당월)'!U39+'[4]사업장별(누계)'!U39 -> -52.425737 | V39: =+U39-T39 -> 126.91582 | W39: =+'사업장별(당월)'!W39+'[4]사업장별(누계)'!W39 -> -30.569701 | X39: =+U39-W39 -> -21.856036
N40: =+K40-M40 -> 0 | O40: =+'사업장별(당월)'!O40+'[4]사업장별(누계)'!O40 -> 0 | P40: =+'사업장별(당월)'!P40+'[4]사업장별(누계)'!P40 -> 0 | Q40: =+P40-O40 -> 0 | R40: =+'사업장별(당월)'!R40+'[4]사업장별(누계)'!R40 -> 0 | S40: =+P40-R40 -> 0 | T40: =+'사업장별(당월)'!T40+'[4]사업장별(누계)'!T40 -> 0 | U40: =+'사업장별(당월)'!U40+'[4]사업장별(누계)'!U40 -> 0 | V40: =+U40-T40 -> 0 | W40: =+'사업장별(당월)'!W40+'[4]사업장별(누계)'!W40 -> 0
H41: 기타 계 | J41: =SUM(J33:J40) -> 0 | K41: =SUM(K33:K40) -> 0 | L41: =+K41-J41 -> 0 | M41: =SUM(M33:M40) -> 0 | N41: =+K41-M41 -> 0 | O41: =SUM(O33:O40) -> 659.63 | P41: =SUM(P33:P40) -> 659.35363 | Q41: =+P41-O41 -> -0.27636933 | R41: =SUM(R33:R40) -> 697.53236 | S41: =+P41-R41 -> -38.178732 | T41: =SUM(T33:T40) -> -4951.8756 | U41: =SUM(U33:U40) -> -6610.822 | V41: =+U41-T41 -> -1658.9464 | W41: =SUM(W33:W40) -> -4250.9068 | X41: =+U41-W41 -> -2359.9153
G43: =+P43/O43 -> 1.0355244 | H43: 합계 | O43: =+O27+O32+O28+O41 -> 148020.88 | P43: =+P27+P32+P28+P41 -> 153279.24 | Q43: =+P43-O43 -> 5258.3581 | R43: =+R27+R32+R28+R41 -> 166751.08 | S43: =+P43-R43 -> -13471.843 | T43: =+T27+T32+T28+T41 -> 8767.4611 | U43: =+U27+U32+U28+U41 -> 6453.3944 | V43: =+U43-T43 -> -2314.0667 | W43: =+W27+W32+W28+W41 -> 13560.379 | X43: =+U43-W43 -> -7106.9845
G44: =+U43/T43 -> 0.73606194 | T44: =+T43/O43 -> 0.059231247 | U44: =+U43/P43 -> 0.042102209
I46: 확인 | J46: =+'사업장별(당월)'!J46+'[4]사업장별(누계)'!J46 -> 1064.5 | K46: =+'사업장별(당월)'!K46+'[4]사업장별(누계)'!K46 -> 1125.966 | M46: =+'사업장별(당월)'!M46+'[4]사업장별(누계)'!M46 -> 1279.6475 | O46: =+'사업장별(당월)'!O46+'[4]사업장별(누계)'!O46 -> 148020.88 | P46: =+'사업장별(당월)'!P46+'[4]사업장별(누계)'!P46 -> 153279.24 | R46: =+'사업장별(당월)'!R46+'[4]사업장별(누계)'!R46 -> 166751.08 | T46: =+'사업장별(당월)'!T46+'[4]사업장별(누계)'!T46 -> 8767.4611 | U46: =+'사업장별(당월)'!U46+'[4]사업장별(누계)'!U46 -> 6453.3944 | W46: =+'사업장별(당월)'!W46+'[4]사업장별(누계)'!W46 -> 13560.379
J47: =+J46-J27 -> 0 | K47: =+K46-K27 -> 0 | M47: =+M46-M27 -> 0 | O47: =+O46-O43 -> 0 | P47: =+P46-P43 -> 0 | R47: =+R46-R43 -> 0 | T47: =+T46-T43 -> 0 | U47: =+U46-U43 -> 0 | W47: =+W46-W43 -> 0

Sheet 영업이익
D4: □ 레미콘 영업이익 차이분석(2024-04)
W5: [단위 : 백만원, 천㎥]
D6: 구분 | E6: 영업이익(공통비 미배부) | H6: 물량 차이 | L6: 판매단가 차이 | P6: 제조원가 차이 | T6: 판관비 등 차이
E7: 계획 | F7: 실적 | G7: 차이 | H7: 계획 | I7: 실적 | J7: 차이 | K7: 손익 | L7: 계획 | M7: 실적 | N7: 차이 | O7: 손익 | P7: 계획 | Q7: 실적 | R7: 차이 | S7: 손익 | T7: 계획 | U7: 실적 | V7: 차이 | W7: 손익
D8: 합계 | E8: =+[5]합계!$H$86/1000 -> 4867.7991 | F8: =+[5]합계!$I$86/1000 -> 4635.2462 | G8: =+F8-E8 -> -232.55294 | H8: =+[5]합계!$T$5/1000 -> 308.5 | I8: =+[5]합계!$U$5/1000 -> 331.0375 | J8: =+I8-H8 -> 22.5375 | K8: =+[5]합계!$M$86/1000 -> 403.04163 | L8: =+[5]합계!$Q$85 -> 102032.06 | M8: =+[5]합계!$R$85 -> 101892.73 | N8: =+M8-L8 -> -139.33146 | O8: =+[5]합계!$K$86/1000 -> -45.905883 | P8: =+[5]합계!$Q$50 -> 83028.32 | Q8: =+[5]합계!$R$50 -> 84717.816 | R8: =+Q8-P8 -> 1689.4961 | S8: =+[5]합계!$L$56/1000 -> -498.54303 | T8: =+([5]합계!$H$80+[5]합계!$H$85)/1000 -> 994.85602 | U8: =+([5]합계!$I$80+[5]합계!$I$85)/1000 -> 1086.0017 | V8: =+U8-T8 -> 91.145653 | W8: =+([5]합계!$L$80+[5]합계!$L$85)/1000 -> -91.145653 | Y8: =+G8-K8-O8-S8-W8 -> 2.1884716e-12 | Z8: =+Y8*1000000 -> 2.1884716e-06
D9: 수도권 | E9: =+[5]수도권!$H$86/1000 -> 1794.5853 | F9: =+[5]수도권!$I$86/1000 -> 1426.0178 | G9: =+F9-E9 -> -368.56747 | H9: =+[5]수도권!$T$5/1000 -> 122.5 | I9: =+[5]수도권!$U$5/1000 -> 122.5135 | J9: =+I9-H9 -> 0.0135 | K9: =+[5]수도권!$M$86/1000 -> -8.182462 | L9: =+[5]수도권!$Q$85 -> 100360.89 | M9: =+[5]수도권!$R$85 -> 99830.046 | N9: =+M9-L9 -> -530.8434 | O9: =+[5]수도권!$K$86/1000 -> -64.742457 | P9: =+[5]수도권!$Q$50 -> 83173.773 | Q9: =+[5]수도권!$R$50 -> 85527.189 | R9: =+Q9-P9 -> 2353.4157 | S9: =+[5]수도권!$L$56/1000 -> -287.02442 | T9: =+([5]수도권!$H$80+[5]수도권!$H$85)/1000 -> 310.83646 | U9: =+([5]수도권!$I$80+[5]수도권!$I$85)/1000 -> 319.45458 | V9: =+U9-T9 -> 8.6181212 | W9: =+([5]수도권!$L$80+[5]수도권!$L$85)/1000 -> -8.6181212 | Y9: =+G9-K9-O9-S9-W9 -> -2.3714364e-12 | Z9: =+Y9*1000000 -> -2.3714364e-06
D10: 영남권 | E10: =+[5]영남권!$H$86/1000 -> 1983.2588 | F10: =+[5]영남권!$I$86/1000 -> 1954.5454 | G10: =+F10-E10 -> -28.713438 | H10: =+[5]영남권!$T$5/1000 -> 129.5 | I10: =+[5]영남권!$U$5/1000 -> 147.2215 | J10: =+I10-H10 -> 17.7215 | K10: =+[5]영남권!$M$86/1000 -> 338.98076 | L10: =+[5]영남권!$Q$85 -> 101814.88 | M10: =+[5]영남권!$R$85 -> 101618.83 | N10: =+M10-L10 -> -196.04242 | O10: =+[5]영남권!$K$86/1000 -> -28.849309 | P10: =+[5]영남권!$Q$50 -> 82630.187 | Q10: =+[5]영남권!$R$50 -> 84914.165 | R10: =+Q10-P10 -> 2283.9788 | S10: =+[5]영남권!$L$56/1000 -> -278.66479 | T10: =+([5]영남권!$H$80+[5]영남권!$H$85)/1000 -> 501.1586 | U10: =+([5]영남권!$I$80+[5]영남권!$I$85)/1000 -> 561.3387 | V10: =+U10-T10 -> 60.180095 | W10: =+([5]영남권!$L$80+[5]영남권!$L$85)/1000 -> -60.180095 | Y10: =+G10-K10-O10-S10-W10 -> -5.0448534e-13 | Z10: =+Y10*1000000 -> -5.0448534e-07
D11: 기타권 | E11: =+[5]중부권!$H$86/1000 -> 1089.955 | F11: =+[5]중부권!$I$86/1000 -> 1254.683 | G11: =+F11-E11 -> 164.72796 | H11: =+[5]중부권!$T$5/1000 -> 56.5 | I11: =+[5]중부권!$U$5/1000 -> 61.3025 | J11: =+I11-H11 -> 4.8025 | K11: =+[5]중부권!$M$86/1000 -> 89.992927 | L11: =+[5]중부권!$Q$85 -> 106153.21 | M11: =+[5]중부권!$R$85 -> 106728.9 | N11: =+M11-L11 -> 575.69182 | O11: =+[5]중부권!$K$86/1000 -> 34.744441 | P11: =+[5]중부권!$Q$50 -> 83625.494 | Q11: =+[5]중부권!$R$50 -> 82602.407 | R11: =+Q11-P11 -> -1023.0873 | S11: =+[5]중부권!$L$56/1000 -> 62.338031 | T11: =+([5]중부권!$H$80+[5]중부권!$H$85)/1000 -> 182.86096 | U11: =+([5]중부권!$I$80+[5]중부권!$I$85)/1000 -> 205.20839 | V11: =+U11-T11 -> 22.347437 | W11: =+([5]중부권!$L$80+[5]중부권!$L$85)/1000 -> -22.347437 | Y11: =+G11-K11-O11-S11-W11 -> 3.9790393e-13 | Z11: =+Y11*1000000 -> 3.9790393e-07
D12: 안양 | E12: =+[5]안양!$H$86/1000 -> 683.70851 | F12: =+[5]안양!$I$86/1000 -> 589.76879 | G12: =+F12-E12 -> -93.939723 | H12: =+[5]안양!$T$5/1000 -> 44 | I12: =+[5]안양!$U$5/1000 -> 46.247 | J12: =+I12-H12 -> 2.247 | K12: =+[5]안양!$M$86/1000 -> 38.510259 | L12: =+[5]안양!$Q$85 -> 100872.17 | M12: =+[5]안양!$R$85 -> 99791.14 | N12: =+M12-L12 -> -1081.0275 | O12: =+[5]안양!$K$86/1000 -> -49.903474 | P12: =+[5]안양!$Q$50 -> 83159.056 | Q12: =+[5]안양!$R$50 -> 84742.933 | R12: =+Q12-P12 -> 1583.8768 | S12: =+[5]안양!$L$56/1000 -> -73.109355 | T12: =+([5]안양!$H$80+[5]안양!$H$85)/1000 -> 95.668372 | U12: =+([5]안양!$I$80+[5]안양!$I$85)/1000 -> 105.10553 | V12: =+U12-T12 -> 9.4371535 | W12: =+([5]안양!$L$80+[5]안양!$L$85)/1000 -> -9.4371535 | Y12: =+G12-K12-O12-S12-W12 -> 8.6330942e-13 | Z12: =+Y12*1000000 -> 8.6330942e-07
D13: 인천 | E13: =+[5]인천!$H$86/1000 -> 464.55119 | F13: =+[5]인천!$I$86/1000 -> 331.00999 | G13: =+F13-E13 -> -133.54121 | H13: =+[5]인천!$T$5/1000 -> 35 | I13: =+[5]인천!$U$5/1000 -> 30.095 | J13: =+I13-H13 -> -4.905 | K13: =+[5]인천!$M$86/1000 -> -78.496187 | L13: =+[5]인천!$Q$85 -> 102444.3 | M13: =+[5]인천!$R$85 -> 102157.47 | N13: =+M13-L13 -> -286.82523 | O13: =+[5]인천!$K$86/1000 -> -8.6320053 | P13: =+[5]인천!$Q$50 -> 86440.998 | Q13: =+[5]인천!$R$50 -> 87950.668 | R13: =+Q13-P13 -> 1509.67 | S13: =+[5]인천!$L$56/1000 -> -45.429031 | T13: =+([5]인천!$H$80+[5]인천!$H$85)/1000 -> 95.564308 | U13: =+([5]인천!$I$80+[5]인천!$I$85)/1000 -> 96.548294 | V13: =+U13-T13 -> 0.98398522 | W13: =+([5]인천!$L$80+[5]인천!$L$85)/1000 -> -0.98398522 | Y13: =+G13-K13-O13-S13-W13 -> 3.6759484e-13 | Z13: =+Y13*1000000 -> 3.6759484e-07
D14: 파주 | E14: =+[5]파주!$H$86/1000 -> 397.01663 | F14: =+[5]파주!$I$86/1000 -> 232.72628 | G14: =+F14-E14 -> -164.29034 | H14: =+[5]파주!$T$5/1000 -> 27 | I14: =+[5]파주!$U$5/1000 -> 28.573 | J14: =+I14-H14 -> 1.573 | K14: =+[5]파주!$M$86/1000 -> 19.800878 | L14: =+[5]파주!$Q$85 -> 99629.875 | M14: =+[5]파주!$R$85 -> 97212.84 | N14: =+M14-L14 -> -2417.0348 | O14: =+[5]파주!$K$86/1000 -> -67.930762 | P14: =+[5]파주!$Q$50 -> 82503.289 | Q14: =+[5]파주!$R$50 -> 86740.857 | R14: =+Q14-P14 -> 4237.5685 | S14: =+[5]파주!$L$56/1000 -> -119.0969 | T14: =+([5]파주!$H$80+[5]파주!$H$85)/1000 -> 65.401208 | U14: =+([5]파주!$I$80+[5]파주!$I$85)/1000 -> 62.464766 | V14: =+U14-T14 -> -2.9364416 | W14: =+([5]파주!$L$80+[5]파주!$L$85)/1000 -> 2.9364416 | Y14: =+G14-K14-O14-S14-W14 -> -1.0569323e-13 | Z14: =+Y14*1000000 -> -1.0569323e-07
D15: 김포 | E15: =+[5]김포!$H$86/1000 -> 249.30893 | F15: =+[5]김포!$I$86/1000 -> 272.51274 | G15: =+F15-E15 -> 23.203809 | H15: =+[5]김포!$T$5/1000 -> 16.5 | I15: =+[5]김포!$U$5/1000 -> 17.5985 | J15: =+I15-H15 -> 1.0985 | K15: =+[5]김포!$M$86/1000 -> 20.206509 | L15: =+[5]김포!$Q$85 -> 95774.333 | M15: =+[5]김포!$R$85 -> 100131.7 | N15: =+M15-L15 -> 4357.3664 | O15: =+[5]김포!$K$86/1000 -> 76.683113 | P15: =+[5]김포!$Q$50 -> 77379.696 | Q15: =+[5]김포!$R$50 -> 81503.138 | R15: =+Q15-P15 -> 4123.4413 | S15: =+[5]김포!$L$56/1000 -> -72.552388 | T15: =+([5]김포!$H$80+[5]김포!$H$85)/1000 -> 54.202576 | U15: =+([5]김포!$I$80+[5]김포!$I$85)/1000 -> 55.336 | V15: =+U15-T15 -> 1.1334241 | W15: =+([5]김포!$L$80+[5]김포!$L$85)/1000 -> -1.1334241 | Y15: =+G15-K15-O15-S15-W15 -> 1.0880186e-13 | Z15: =+Y15*1000000 -> 1.0880186e-07
D16: 부산 | E16: =+[5]부산!$H$86/1000 -> 298.6259 | F16: =+[5]부산!$I$86/1000 -> 252.58252 | G16: =+F16-E16 -> -46.043374 | H16: =+[5]부산!$T$5/1000 -> 20 | I16: =+[5]부산!$U$5/1000 -> 22.909 | J16: =+I16-H16 -> 2.909 | K16: =+[5]부산!$M$86/1000 -> 58.094361 | L16: =+[5]부산!$Q$85 -> 107600.12 | M16: =+[5]부산!$R$85 -> 104175.13 | N16: =+M16-L16 -> -3424.9866 | O16: =+[5]부산!$K$86/1000 -> -78.463018 | P16: =+[5]부산!$Q$50 -> 87629.555 | Q16: =+[5]부산!$R$50 -> 88797.231 | R16: =+Q16-P16 -> 1167.676 | S16: =+[5]부산!$L$56/1000 -> 5.2556815 | T16: =+([5]부산!$H$80+[5]부산!$H$85)/1000 -> 100.78532 | U16: =+([5]부산!$I$80+[5]부산!$I$85)/1000 -> 131.71572 | V16: =+U16-T16 -> 30.930398 | W16: =+([5]부산!$L$80+[5]부산!$L$85)/1000 -> -30.930398 | Y16: =+G16-K16-O16-S16-W16 -> -3.907985e-14 | Z16: =+Y16*1000000 -> -3.907985e-08
D17: 서부산 | E17: =+[5]서부산!$H$86/1000 -> 469.94644 | F17: =+[5]서부산!$I$86/1000 -> 358.97475 | G17: =+F17-E17 -> -110.97169 | H17: =+[5]서부산!$T$5/1000 -> 26 | I17: =+[5]서부산!$U$5/1000 -> 25.12 | J17: =+I17-H17 -> -0.88 | K17: =+[5]서부산!$M$86/1000 -> -18.475748 | L17: =+[5]서부산!$Q$85 -> 103630.91 | M17: =+[5]서부산!$R$85 -> 102129.69 | N17: =+M17-L17 -> -1501.2159 | O17: =+[5]서부산!$K$86/1000 -> -37.710543 | P17: =+[5]서부산!$Q$50 -> 82635.737 | Q17: =+[5]서부산!$R$50 -> 84660.339 | R17: =+Q17-P17 -> 2024.6027 | S17: =+[5]서부산!$L$56/1000 -> -35.702234 | T17: =+([5]서부산!$H$80+[5]서부산!$H$85)/1000 -> 75.927945 | U17: =+([5]서부산!$I$80+[5]서부산!$I$85)/1000 -> 95.011109 | V17: =+U17-T17 -> 19.083164 | W17: =+([5]서부산!$L$80+[5]서부산!$L$85)/1000 -> -19.083164 | Y17: =+G17-K17-O17-S17-W17 -> -2.0605739e-13 | Z17: =+Y17*1000000 -> -2.0605739e-07
D18: 김해 | E18: =+[5]김해!$H$86/1000 -> 157.87535 | F18: =+[5]김해!$I$86/1000 -> 209.1524 | G18: =+F18-E18 -> 51.277043 | H18: =+[5]김해!$T$5/1000 -> 12 | I18: =+[5]김해!$U$5/1000 -> 17.236 | J18: =+I18-H18 -> 5.236 | K18: =+[5]김해!$M$86/1000 -> 89.011226 | L18: =+[5]김해!$Q$85 -> 101000.2 | M18: =+[5]김해!$R$85 -> 99943.842 | N18: =+M18-L18 -> -1056.3579 | O18: =+[5]김해!$K$86/1000 -> -18.140835 | P18: =+[5]김해!$Q$50 -> 83833.503 | Q18: =+[5]김해!$R$50 -> 84859.753 | R18: =+Q18-P18 -> 1026.25 | S18: =+[5]김해!$L$56/1000 -> -13.5375 | T18: =+([5]김해!$H$80+[5]김해!$H$85)/1000 -> 48.125015 | U18: =+([5]김해!$I$80+[5]김해!$I$85)/1000 -> 54.180863 | V18: =+U18-T18 -> 6.0558486 | W18: =+([5]김해!$L$80+[5]김해!$L$85)/1000 -> -6.0558486 | Y18: =+G18-K18-O18-S18-W18 -> -4.2721382e-13 | Z18: =+Y18*1000000 -> -4.2721382e-07
D19: 정관 | E19: =+[5]정관!$H$86/1000 -> 271.65616 | F19: =+[5]정관!$I$86/1000 -> 247.37615 | G19: =+F19-E19 -> -24.280008 | H19: =+[5]정관!$T$5/1000 -> 18 | I19: =+[5]정관!$U$5/1000 -> 21.272 | J19: =+I19-H19 -> 3.272 | K19: =+[5]정관!$M$86/1000 -> 62.193831 | L19: =+[5]정관!$Q$85 -> 104000 | M19: =+[5]정관!$R$85 -> 104108.17 | N19: =+M19-L19 -> 108.16566 | O19: =+[5]정관!$K$86/1000 -> 2.3009 | P19: =+[5]정관!$Q$50 -> 84992.105 | Q19: =+[5]정관!$R$50 -> 89106.988 | R19: =+Q19-P19 -> 4114.883 | S19: =+[5]정관!$L$56/1000 -> -83.342988 | T19: =+([5]정관!$H$80+[5]정관!$H$85)/1000 -> 70.485943 | U19: =+([5]정관!$I$80+[5]정관!$I$85)/1000 -> 75.917695 | V19: =+U19-T19 -> 5.4317512 | W19: =+([5]정관!$L$80+[5]정관!$L$85)/1000 -> -5.4317512 | Y19: =+G19-K19-O19-S19-W19 -> 1.9984014e-13 | Z19: =+Y19*1000000 -> 1.9984014e-07
D20: 양산 | E20: =+[5]양산!$H$86/1000 -> 155.33144 | F20: =+[5]양산!$I$86/1000 -> 114.7124 | G20: =+F20-E20 -> -40.619042 | H20: =+[5]양산!$T$5/1000 -> 11 | I20: =+[5]양산!$U$5/1000 -> 12.804 | J20: =+I20-H20 -> 1.804 | K20: =+[5]양산!$M$86/1000 -> 33.03521 | L20: =+[5]양산!$Q$85 -> 96715.406 | M20: =+[5]양산!$R$85 -> 93592.935 | N20: =+M20-L20 -> -3122.471 | O20: =+[5]양산!$K$86/1000 -> -39.980118 | P20: =+[5]양산!$Q$50 -> 78403.206 | Q20: =+[5]양산!$R$50 -> 81594.23 | R20: =+Q20-P20 -> 3191.0245 | S20: =+[5]양산!$L$56/1000 -> -40.483351 | T20: =+([5]양산!$H$80+[5]양산!$H$85)/1000 -> 46.102768 | U20: =+([5]양산!$I$80+[5]양산!$I$85)/1000 -> 39.293551 | V20: =+U20-T20 -> -6.8092175 | W20: =+([5]양산!$L$80+[5]양산!$L$85)/1000 -> 6.8092175 | Y20: =+G20-K20-O20-S20-W20 -> -2.9576341e-13 | Z20: =+Y20*1000000 -> -2.9576341e-07
D21: 창원 | E21: =+[5]창원!$H$86/1000 -> 311.08833 | F21: =+[5]창원!$I$86/1000 -> 350.89098 | G21: =+F21-E21 -> 39.802646 | H21: =+[5]창원!$T$5/1000 -> 18 | I21: =+[5]창원!$U$5/1000 -> 19.1115 | J21: =+I21-H21 -> 1.1115 | K21: =+[5]창원!$M$86/1000 -> 23.669146 | L21: =+[5]창원!$Q$85 -> 99611.306 | M21: =+[5]창원!$R$85 -> 103837.35 | N21: =+M21-L21 -> 4226.0463 | O21: =+[5]창원!$K$86/1000 -> 80.766084 | P21: =+[5]창원!$Q$50 -> 78316.527 | Q21: =+[5]창원!$R$50 -> 81560.128 | R21: =+Q21-P21 -> 3243.6007 | S21: =+[5]창원!$L$56/1000 -> -61.990087 | T21: =+([5]창원!$H$80+[5]창원!$H$85)/1000 -> 72.217682 | U21: =+([5]창원!$I$80+[5]창원!$I$85)/1000 -> 74.860179 | V21: =+U21-T21 -> 2.6424972 | W21: =+([5]창원!$L$80+[5]창원!$L$85)/1000 -> -2.6424972 | Y21: =+G21-K21-O21-S21-W21 -> 3.2418512e-13 | Z21: =+Y21*1000000 -> 3.2418512e-07
D22: 대구 | E22: =+[5]대구!$H$86/1000 -> 287.40753 | F22: =+[5]대구!$I$86/1000 -> 287.68352 | G22: =+F22-E22 -> 0.27599061 | H22: =+[5]대구!$T$5/1000 -> 16.5 | I22: =+[5]대구!$U$5/1000 -> 17.659 | J22: =+I22-H22 -> 1.159 | K22: =+[5]대구!$M$86/1000 -> 23.63999 | L22: =+[5]대구!$Q$85 -> 97800 | M22: =+[5]대구!$R$85 -> 99699.088 | N22: =+M22-L22 -> 1899.0883 | O22: =+[5]대구!$K$86/1000 -> 33.536 | P22: =+[5]대구!$Q$50 -> 77403.115 | Q22: =+[5]대구!$R$50 -> 80614.388 | R22: =+Q22-P22 -> 3211.2737 | S22: =+[5]대구!$L$56/1000 -> -56.707865 | T22: =+([5]대구!$H$80+[5]대구!$H$85)/1000 -> 49.141082 | U22: =+([5]대구!$I$80+[5]대구!$I$85)/1000 -> 49.333217 | V22: =+U22-T22 -> 0.19213463 | W22: =+([5]대구!$L$80+[5]대구!$L$85)/1000 -> -0.19213463 | Y22: =+G22-K22-O22-S22-W22 -> 1.5462631e-13 | Z22: =+Y22*1000000 -> 1.5462631e-07
D23: 울산 | E23: =+[5]울산!$H$86/1000 -> 31.32769 | F23: =+[5]울산!$I$86/1000 -> 133.17269 | G23: =+F23-E23 -> 101.845 | H23: =+[5]울산!$T$5/1000 -> 8 | I23: =+[5]울산!$U$5/1000 -> 11.11 | J23: =+I23-H23 -> 3.11 | K23: =+[5]울산!$M$86/1000 -> 27.096084 | L23: =+[5]울산!$Q$85 -> 98005.675 | M23: =+[5]울산!$R$85 -> 101500.21 | N23: =+M23-L23 -> 3494.532 | O23: =+[5]울산!$K$86/1000 -> 38.824251 | P23: =+[5]울산!$Q$50 -> 89293.108 | Q23: =+[5]울산!$R$50 -> 85820.725 | R23: =+Q23-P23 -> -3472.383 | S23: =+[5]울산!$L$56/1000 -> 38.57818 | T23: =+([5]울산!$H$80+[5]울산!$H$85)/1000 -> 38.372848 | U23: =+([5]울산!$I$80+[5]울산!$I$85)/1000 -> 41.026366 | V23: =+U23-T23 -> 2.6535182 | W23: =+([5]울산!$L$80+[5]울산!$L$85)/1000 -> -2.6535182 | Y23: =+G23-K23-O23-S23-W23 -> -7.3718809e-14 | Z23: =+Y23*1000000 -> -7.3718809e-08
D24: 아산 | E24: =+[5]아산!$H$86/1000 -> 411.17384 | F24: =+[5]아산!$I$86/1000 -> 538.83441 | G24: =+F24-E24 -> 127.66057 | H24: =+[5]아산!$T$5/1000 -> 25 | I24: =+[5]아산!$U$5/1000 -> 30.069 | J24: =+I24-H24 -> 5.069 | K24: =+[5]아산!$M$86/1000 -> 83.893349 | L24: =+[5]아산!$Q$85 -> 101000.15 | M24: =+[5]아산!$R$85 -> 104707.69 | N24: =+M24-L24 -> 3707.5414 | O24: =+[5]아산!$K$86/1000 -> 108.09337 | P24: =+[5]아산!$Q$50 -> 81576.217 | Q24: =+[5]아산!$R$50 -> 83286.51 | R24: =+Q24-P24 -> 1710.2928 | S24: =+[5]아산!$L$56/1000 -> -49.852074 | T24: =+([5]아산!$H$80+[5]아산!$H$85)/1000 -> 74.424529 | U24: =+([5]아산!$I$80+[5]아산!$I$85)/1000 -> 88.898599 | V24: =+U24-T24 -> 14.47407 | W24: =+([5]아산!$L$80+[5]아산!$L$85)/1000 -> -14.47407 | Y24: =+G24-K24-O24-S24-W24 -> 2.2559732e-13 | Z24: =+Y24*1000000 -> 2.2559732e-07
D25: 전주 | E25: =+[5]전주!$H$86/1000 -> 207.03882 | F25: =+[5]전주!$I$86/1000 -> 98.974598 | G25: =+F25-E25 -> -108.06422 | H25: =+[5]전주!$T$5/1000 -> 12 | I25: =+[5]전주!$U$5/1000 -> 9.772 | J25: =+I25-H25 -> -2.228 | K25: =+[5]전주!$M$86/1000 -> -48.106078 | L25: =+[5]전주!$Q$85 -> 103723.77 | M25: =+[5]전주!$R$85 -> 95671.078 | N25: =+M25-L25 -> -8052.6916 | O25: =+[5]전주!$K$86/1000 -> -78.401006 | P25: =+[5]전주!$Q$50 -> 82467.552 | Q25: =+[5]전주!$R$50 -> 80125.896 | R25: =+Q25-P25 -> -2341.6563 | S25: =+[5]전주!$L$56/1000 -> 22.798356 | T25: =+([5]전주!$H$80+[5]전주!$H$85)/1000 -> 48.035799 | U25: =+([5]전주!$I$80+[5]전주!$I$85)/1000 -> 52.39129 | V25: =+U25-T25 -> 4.3554911 | W25: =+([5]전주!$L$80+[5]전주!$L$85)/1000 -> -4.3554911 | Y25: =+G25-K25-O25-S25-W25 -> 5.2402527e-14 | Z25: =+Y25*1000000 -> 5.2402527e-08
D26: 군산 | E26: =+[5]군산!$H$86/1000 -> 225.71196 | F26: =+[5]군산!$I$86/1000 -> 393.17557 | G26: =+F26-E26 -> 167.46361 | H26: =+[5]군산!$T$5/1000 -> 7.5 | I26: =+[5]군산!$U$5/1000 -> 10.98 | J26: =+I26-H26 -> 3.48 | K26: =+[5]군산!$M$86/1000 -> 114.09829 | L26: =+[5]군산!$Q$85 -> 109382.31 | M26: =+[5]군산!$R$85 -> 112623.6 | N26: =+M26-L26 -> 3241.2844 | O26: =+[5]군산!$K$86/1000 -> 35.589303 | P26: =+[5]군산!$Q$50 -> 76595.447 | Q26: =+[5]군산!$R$50 -> 74748.416 | R26: =+Q26-P26 -> -1847.0307 | S26: =+[5]군산!$L$56/1000 -> 20.280402 | T26: =+([5]군산!$H$80+[5]군산!$H$85)/1000 -> 20.18952 | U26: =+([5]군산!$I$80+[5]군산!$I$85)/1000 -> 22.693902 | V26: =+U26-T26 -> 2.5043828 | W26: =+([5]군산!$L$80+[5]군산!$L$85)/1000 -> -2.5043828 | Y26: =+G26-K26-O26-S26-W26 -> -5.9952043e-14 | Z26: =+Y26*1000000 -> -5.9952043e-08
D27: 원주 | E27: =+[5]원주!$H$86/1000 -> 119.39039 | F27: =+[5]원주!$I$86/1000 -> 170.20888 | G27: =+F27-E27 -> 50.818489 | H27: =+[5]원주!$T$5/1000 -> 6 | I27: =+[5]원주!$U$5/1000 -> 6.9255 | J27: =+I27-H27 -> 0.9255 | K27: =+[5]원주!$M$86/1000 -> 20.775318 | L27: =+[5]원주!$Q$85 -> 107900 | M27: =+[5]원주!$R$85 -> 110562.58 | N27: =+M27-L27 -> 2662.5796 | O27: =+[5]원주!$K$86/1000 -> 18.439695 | P27: =+[5]원주!$Q$50 -> 85452.331 | Q27: =+[5]원주!$R$50 -> 83702.281 | R27: =+Q27-P27 -> -1750.0502 | S27: =+[5]원주!$L$56/1000 -> 12.119988 | T27: =+([5]원주!$H$80+[5]원주!$H$85)/1000 -> 15.295623 | U27: =+([5]원주!$I$80+[5]원주!$I$85)/1000 -> 15.812134 | V27: =+U27-T27 -> 0.51651163 | W27: =+([5]원주!$L$80+[5]원주!$L$85)/1000 -> -0.51651163 | Y27: =+G27-K27-O27-S27-W27 -> -8.0380147e-14 | Z27: =+Y27*1000000 -> -8.0380147e-08
D28: 제주 | E28: =+[5]제주!$H$86/1000 -> 126.64 | F28: =+[5]제주!$I$86/1000 -> 53.489504 | G28: =+F28-E28 -> -73.150493 | H28: =+[5]제주!$T$5/1000 -> 6 | I28: =+[5]제주!$U$5/1000 -> 3.556 | J28: =+I28-H28 -> -2.444 | K28: =+[5]제주!$M$86/1000 -> -61.7336 | L28: =+[5]제주!$Q$85 -> 126700 | M28: =+[5]제주!$R$85 -> 127908.16 | N28: =+M28-L28 -> 1208.1589 | O28: =+[5]제주!$K$86/1000 -> 4.296213 | P28: =+[5]제주!$Q$50 -> 101440.75 | Q28: =+[5]제주!$R$50 -> 105777.61 | R28: =+Q28-P28 -> 4336.8536 | S28: =+[5]제주!$L$56/1000 -> -15.216125 | T28: =+([5]제주!$H$80+[5]제주!$H$85)/1000 -> 24.915485 | U28: =+([5]제주!$I$80+[5]제주!$I$85)/1000 -> 25.412466 | V28: =+U28-T28 -> 0.49698147 | W28: =+([5]제주!$L$80+[5]제주!$L$85)/1000 -> -0.49698147 | Y28: =+G28-K28-O28-S28-W28 -> 6.2339023e-14 | Z28: =+Y28*1000000 -> 6.2339023e-08

Sheet 공헌이익
D4: □ 레미콘 단위당 공헌이익(2024-04)
V5: [단위 : 원/㎥]
D6: 구분 | E6: 판매단가 | H6: 재료비 | K6: 운반비 | N6: 유류비 | Q6: 변동비 계 | T6: 공헌이익
E7: 계획 | F7: 실적 | G7: 차이 | H7: 계획 | I7: 실적 | J7: 차이 | K7: 계획 | L7: 실적 | M7: 차이 | N7: 계획 | O7: 실적 | P7: 차이 | Q7: 계획 | R7: 실적 | S7: 차이 | T7: 계획 | U7: 실적 | V7: 차이
D8: 평균 | E8: =+[5]합계!$Q$85 -> 102032.06 | F8: =+[5]합계!$R$85 -> 101892.73 | G8: =+F8-E8 -> -139.33146 | H8: =+[5]합계!$Q$20 -> 58842.426 | I8: =+[5]합계!$R$20 -> 60825.271 | J8: =+I8-H8 -> 1982.845 | K8: =+[5]합계!$Q$21 -> 17364.311 | L8: =+[5]합계!$R$21 -> 17266.248 | M8: =+L8-K8 -> -98.063409 | N8: =+[5]합계!$Q$22 -> 186.48298 | O8: =+[5]합계!$R$22 -> 197.04647 | P8: =+O8-N8 -> 10.563485 | Q8: =H8+K8+N8 -> 76393.22 | R8: =I8+L8+O8 -> 78288.565 | S8: =+R8-Q8 -> 1895.3451 | T8: =+E8-Q8 -> 25638.844 | U8: =+F8-R8 -> 23604.168 | V8: =+U8-T8 -> -2034.6765
D9: 수도권 | E9: =+[5]수도권!$Q$85 -> 100360.89 | F9: =+[5]수도권!$R$85 -> 99830.046 | G9: =+F9-E9 -> -530.8434 | H9: =+[5]수도권!$Q$20 -> 60280.067 | I9: =+[5]수도권!$R$20 -> 62416.92 | J9: =+I9-H9 -> 2136.8536 | K9: =+[5]수도권!$Q$21 -> 17219.969 | L9: =+[5]수도권!$R$21 -> 17482.009 | M9: =+L9-K9 -> 262.03968 | N9: =+[5]수도권!$Q$22 -> 212.2449 | O9: =+[5]수도권!$R$22 -> 199.64607 | P9: =+O9-N9 -> -12.598824 | Q9: =H9+K9+N9 -> 77712.281 | R9: =I9+L9+O9 -> 80098.575 | S9: =+R9-Q9 -> 2386.2944 | T9: =+E9-Q9 -> 22648.608 | U9: =+F9-R9 -> 19731.47 | V9: =+U9-T9 -> -2917.1378
D10: 영남권 | E10: =+[5]영남권!$Q$85 -> 101814.88 | F10: =+[5]영남권!$R$85 -> 101618.83 | G10: =+F10-E10 -> -196.04242 | H10: =+[5]영남권!$Q$20 -> 57719.048 | I10: =+[5]영남권!$R$20 -> 60470.294 | J10: =+I10-H10 -> 2751.246 | K10: =+[5]영남권!$Q$21 -> 17535.819 | L10: =+[5]영남권!$R$21 -> 17566.871 | M10: =+L10-K10 -> 31.051648 | N10: =+[5]영남권!$Q$22 -> 166.64093 | O10: =+[5]영남권!$R$22 -> 205.21916 | P10: =+O10-N10 -> 38.578237 | Q10: =H10+K10+N10 -> 75421.508 | R10: =I10+L10+O10 -> 78242.384 | S10: =+R10-Q10 -> 2820.8758 | T10: =+E10-Q10 -> 26393.369 | U10: =+F10-R10 -> 23376.451 | V10: =+U10-T10 -> -3016.9183
D11: 기타권 | E11: =+[5]중부권!$Q$85 -> 106153.21 | F11: =+[5]중부권!$R$85 -> 106728.9 | G11: =+F11-E11 -> 575.69182 | H11: =+[5]중부권!$Q$20 -> 58300.242 | I11: =+[5]중부권!$R$20 -> 58477.019 | J11: =+I11-H11 -> 176.77727 | K11: =+[5]중부권!$Q$21 -> 17284.161 | L11: =+[5]중부권!$R$21 -> 16095.36 | M11: =+L11-K11 -> -1188.8005 | N11: =+[5]중부권!$Q$22 -> 176.10619 | O11: =+[5]중부권!$R$22 -> 171.81424 | P11: =+O11-N11 -> -4.2919519 | Q11: =H11+K11+N11 -> 75760.509 | R11: =I11+L11+O11 -> 74744.194 | S11: =+R11-Q11 -> -1016.3152 | T11: =+E11-Q11 -> 30392.701 | U11: =+F11-R11 -> 31984.708 | V11: =+U11-T11 -> 1592.007
D12: 안양 | E12: =+[5]안양!$Q$85 -> 100872.17 | F12: =+[5]안양!$R$85 -> 99791.14 | G12: =+F12-E12 -> -1081.0275 | H12: =+[5]안양!$Q$20 -> 61769.297 | I12: =+[5]안양!$R$20 -> 63640.905 | J12: =+I12-H12 -> 1871.6083 | K12: =+[5]안양!$Q$21 -> 16655.968 | L12: =+[5]안양!$R$21 -> 16349.429 | M12: =+L12-K12 -> -306.53878 | N12: =+[5]안양!$Q$22 -> 177.27273 | O12: =+[5]안양!$R$22 -> 217.02742 | P12: =+O12-N12 -> 39.754694 | Q12: =H12+K12+N12 -> 78602.538 | R12: =I12+L12+O12 -> 80207.362 | S12: =+R12-Q12 -> 1604.8242 | T12: =+E12-Q12 -> 22269.629 | U12: =+F12-R12 -> 19583.777 | V12: =+U12-T12 -> -2685.8517
D13: 인천 | E13: =+[5]인천!$Q$85 -> 102444.3 | F13: =+[5]인천!$R$85 -> 102157.47 | G13: =+F13-E13 -> -286.82523 | H13: =+[5]인천!$Q$20 -> 63540.244 | I13: =+[5]인천!$R$20 -> 63797.105 | J13: =+I13-H13 -> 256.86131 | K13: =+[5]인천!$Q$21 -> 17195.206 | L13: =+[5]인천!$R$21 -> 17404.87 | M13: =+L13-K13 -> 209.66334 | N13: =+[5]인천!$Q$22 -> 314.28571 | O13: =+[5]인천!$R$22 -> 314.00874 | P13: =+O13-N13 -> -0.27697878 | Q13: =H13+K13+N13 -> 81049.736 | R13: =I13+L13+O13 -> 81515.983 | S13: =+R13-Q13 -> 466.24767 | T13: =+E13-Q13 -> 21394.562 | U13: =+F13-R13 -> 20641.489 | V13: =+U13-T13 -> -753.07291
D14: 파주 | E14: =+[5]파주!$Q$85 -> 99629.875 | F14: =+[5]파주!$R$85 -> 97212.84 | G14: =+F14-E14 -> -2417.0348 | H14: =+[5]파주!$Q$20 -> 58008.767 | I14: =+[5]파주!$R$20 -> 61319.339 | J14: =+I14-H14 -> 3310.5726 | K14: =+[5]파주!$Q$21 -> 18125.274 | L14: =+[5]파주!$R$21 -> 19680.728 | M14: =+L14-K14 -> 1555.4539 | N14: =+[5]파주!$Q$22 -> 202.5 | O14: =+[5]파주!$R$22 -> 147.48845 | P14: =+O14-N14 -> -55.011546 | Q14: =H14+K14+N14 -> 76336.541 | R14: =I14+L14+O14 -> 81147.556 | S14: =+R14-Q14 -> 4811.0149 | T14: =+E14-Q14 -> 23293.334 | U14: =+F14-R14 -> 16065.284 | V14: =+U14-T14 -> -7228.0497
D15: 김포 | E15: =+[5]김포!$Q$85 -> 95774.333 | F15: =+[5]김포!$R$85 -> 100131.7 | G15: =+F15-E15 -> 4357.3664 | H15: =+[5]김포!$Q$20 -> 53109.932 | I15: =+[5]김포!$R$20 -> 58600.114 | J15: =+I15-H15 -> 5490.182 | K15: =+[5]김포!$Q$21 -> 17295.09 | L15: =+[5]김포!$R$21 -> 17074.155 | M15: =+L15-K15 -> -220.93596 | N15: =+[5]김포!$Q$22 -> 105 | O15: =+[5]김포!$R$22 -> 41.802391 | P15: =+O15-N15 -> -63.197609 | Q15: =H15+K15+N15 -> 70510.023 | R15: =I15+L15+O15 -> 75716.071 | S15: =+R15-Q15 -> 5206.0484 | T15: =+E15-Q15 -> 25264.311 | U15: =+F15-R15 -> 24415.629 | V15: =+U15-T15 -> -848.68199
D16: 부산 | E16: =+[5]부산!$Q$85 -> 107600.12 | F16: =+[5]부산!$R$85 -> 104175.13 | G16: =+F16-E16 -> -3424.9866 | H16: =+[5]부산!$Q$20 -> 60245.071 | I16: =+[5]부산!$R$20 -> 63366.052 | J16: =+I16-H16 -> 3120.981 | K16: =+[5]부산!$Q$21 -> 19162.718 | L16: =+[5]부산!$R$21 -> 18609.743 | M16: =+L16-K16 -> -552.97528 | N16: =+[5]부산!$Q$22 -> 50 | O16: =+[5]부산!$R$22 -> 0 | P16: =+O16-N16 -> -50 | Q16: =H16+K16+N16 -> 79457.789 | R16: =I16+L16+O16 -> 81975.794 | S16: =+R16-Q16 -> 2518.0058 | T16: =+E16-Q16 -> 28142.327 | U16: =+F16-R16 -> 22199.335 | V16: =+U16-T16 -> -5942.9924
D17: 서부산 | E17: =+[5]서부산!$Q$85 -> 103630.91 | F17: =+[5]서부산!$R$85 -> 102129.69 | G17: =+F17-E17 -> -1501.2159 | H17: =+[5]서부산!$Q$20 -> 61232.959 | I17: =+[5]서부산!$R$20 -> 61557.062 | J17: =+I17-H17 -> 324.10341 | K17: =+[5]서부산!$Q$21 -> 16191.057 | L17: =+[5]서부산!$R$21 -> 16482.104 | M17: =+L17-K17 -> 291.04724 | N17: =+[5]서부산!$Q$22 -> 76.923077 | O17: =+[5]서부산!$R$22 -> 301.69482 | P17: =+O17-N17 -> 224.77174 | Q17: =H17+K17+N17 -> 77500.939 | R17: =I17+L17+O17 -> 78340.861 | S17: =+R17-Q17 -> 839.92239 | T17: =+E17-Q17 -> 26129.967 | U17: =+F17-R17 -> 23788.829 | V17: =+U17-T17 -> -2341.1383
D18: 김해 | E18: =+[5]김해!$Q$85 -> 101000.2 | F18: =+[5]김해!$R$85 -> 99943.842 | G18: =+F18-E18 -> -1056.3579 | H18: =+[5]김해!$Q$20 -> 57930.691 | I18: =+[5]김해!$R$20 -> 60191.454 | J18: =+I18-H18 -> 2260.7636 | K18: =+[5]김해!$Q$21 -> 17742.64 | L18: =+[5]김해!$R$21 -> 18522.684 | M18: =+L18-K18 -> 780.04408 | N18: =+[5]김해!$Q$22 -> 379.16667 | O18: =+[5]김해!$R$22 -> 382.23834 | P18: =+O18-N18 -> 3.0716726 | Q18: =H18+K18+N18 -> 76052.498 | R18: =I18+L18+O18 -> 79096.377 | S18: =+R18-Q18 -> 3043.8793 | T18: =+E18-Q18 -> 24947.702 | U18: =+F18-R18 -> 20847.465 | V18: =+U18-T18 -> -4100.2373
D19: 정관 | E19: =+[5]정관!$Q$85 -> 104000 | F19: =+[5]정관!$R$85 -> 104108.17 | G19: =+F19-E19 -> 108.16566 | H19: =+[5]정관!$Q$20 -> 59334.589 | I19: =+[5]정관!$R$20 -> 63383.611 | J19: =+I19-H19 -> 4049.0229 | K19: =+[5]정관!$Q$21 -> 18577.503 | L19: =+[5]정관!$R$21 -> 19137.002 | M19: =+L19-K19 -> 559.49957 | N19: =+[5]정관!$Q$22 -> 250 | O19: =+[5]정관!$R$22 -> 260.52026 | P19: =+O19-N19 -> 10.520261 | Q19: =H19+K19+N19 -> 78162.091 | R19: =I19+L19+O19 -> 82781.134 | S19: =+R19-Q19 -> 4619.0428 | T19: =+E19-Q19 -> 25837.909 | U19: =+F19-R19 -> 21327.032 | V19: =+U19-T19 -> -4510.8771
D20: 양산 | E20: =+[5]양산!$Q$85 -> 96715.406 | F20: =+[5]양산!$R$85 -> 93592.935 | G20: =+F20-E20 -> -3122.471 | H20: =+[5]양산!$Q$20 -> 53327.795 | I20: =+[5]양산!$R$20 -> 56622.691 | J20: =+I20-H20 -> 3294.8957 | K20: =+[5]양산!$Q$21 -> 17018.113 | L20: =+[5]양산!$R$21 -> 16888.719 | M20: =+L20-K20 -> -129.39467 | N20: =+[5]양산!$Q$22 -> 86.363636 | O20: =+[5]양산!$R$22 -> 42.61059 | P20: =+O20-N20 -> -43.753046 | Q20: =H20+K20+N20 -> 70432.272 | R20: =I20+L20+O20 -> 73554.02 | S20: =+R20-Q20 -> 3121.748 | T20: =+E20-Q20 -> 26283.134 | U20: =+F20-R20 -> 20038.915 | V20: =+U20-T20 -> -6244.219
D21: 창원 | E21: =+[5]창원!$Q$85 -> 99611.306 | F21: =+[5]창원!$R$85 -> 103837.35 | G21: =+F21-E21 -> 4226.0463 | H21: =+[5]창원!$Q$20 -> 55702.154 | I21: =+[5]창원!$R$20 -> 59247.145 | J21: =+I21-H21 -> 3544.9905 | K21: =+[5]창원!$Q$21 -> 16184.285 | L21: =+[5]창원!$R$21 -> 15558.844 | M21: =+L21-K21 -> -625.44139 | N21: =+[5]창원!$Q$22 -> 66.666667 | O21: =+[5]창원!$R$22 -> 103.08181 | P21: =+O21-N21 -> 36.415143 | Q21: =H21+K21+N21 -> 71953.106 | R21: =I21+L21+O21 -> 74909.07 | S21: =+R21-Q21 -> 2955.9643 | T21: =+E21-Q21 -> 27658.2 | U21: =+F21-R21 -> 28928.282 | V21: =+U21-T21 -> 1270.082
D22: 대구 | E22: =+[5]대구!$Q$85 -> 97800 | F22: =+[5]대구!$R$85 -> 99699.088 | G22: =+F22-E22 -> 1899.0883 | H22: =+[5]대구!$Q$20 -> 52503.967 | I22: =+[5]대구!$R$20 -> 56751.205 | J22: =+I22-H22 -> 4247.2384 | K22: =+[5]대구!$Q$21 -> 16751.031 | L22: =+[5]대구!$R$21 -> 16854.981 | M22: =+L22-K22 -> 103.94935 | N22: =+[5]대구!$Q$22 -> 321.21212 | O22: =+[5]대구!$R$22 -> 253.51815 | P22: =+O22-N22 -> -67.693972 | Q22: =H22+K22+N22 -> 69576.21 | R22: =I22+L22+O22 -> 73859.704 | S22: =+R22-Q22 -> 4283.4938 | T22: =+E22-Q22 -> 28223.79 | U22: =+F22-R22 -> 25839.384 | V22: =+U22-T22 -> -2384.4055
D23: 울산 | E23: =+[5]울산!$Q$85 -> 98005.675 | F23: =+[5]울산!$R$85 -> 101500.21 | G23: =+F23-E23 -> 3494.532 | H23: =+[5]울산!$Q$20 -> 57363.433 | I23: =+[5]울산!$R$20 -> 59233.358 | J23: =+I23-H23 -> 1869.9252 | K23: =+[5]울산!$Q$21 -> 20556.457 | L23: =+[5]울산!$R$21 -> 18714.779 | M23: =+L23-K23 -> -1841.6785 | N23: =+[5]울산!$Q$22 -> 260 | O23: =+[5]울산!$R$22 -> 324.7117 | P23: =+O23-N23 -> 64.711701 | Q23: =H23+K23+N23 -> 78179.89 | R23: =I23+L23+O23 -> 78272.849 | S23: =+R23-Q23 -> 92.958377 | T23: =+E23-Q23 -> 19825.785 | U23: =+F23-R23 -> 23227.358 | V23: =+U23-T23 -> 3401.5736
D24: 아산 | E24: =+[5]아산!$Q$85 -> 101000.15 | F24: =+[5]아산!$R$85 -> 104707.69 | G24: =+F24-E24 -> 3707.5414 | H24: =+[5]아산!$Q$20 -> 55949.207 | I24: =+[5]아산!$R$20 -> 58573.498 | J24: =+I24-H24 -> 2624.2912 | K24: =+[5]아산!$Q$21 -> 19936.664 | L24: =+[5]아산!$R$21 -> 18546.525 | M24: =+L24-K24 -> -1390.1383 | N24: =+[5]아산!$Q$22 -> 200 | O24: =+[5]아산!$R$22 -> 160.23631 | P24: =+O24-N24 -> -39.763691 | Q24: =H24+K24+N24 -> 76085.87 | R24: =I24+L24+O24 -> 77280.259 | S24: =+R24-Q24 -> 1194.3893 | T24: =+E24-Q24 -> 24914.282 | U24: =+F24-R24 -> 27427.434 | V24: =+U24-T24 -> 2513.1521
D25: 전주 | E25: =+[5]전주!$Q$85 -> 103723.77 | F25: =+[5]전주!$R$85 -> 95671.078 | G25: =+F25-E25 -> -8052.6916 | H25: =+[5]전주!$Q$20 -> 57081.76 | I25: =+[5]전주!$R$20 -> 55326.618 | J25: =+I25-H25 -> -1755.1426 | K25: =+[5]전주!$Q$21 -> 16493.006 | L25: =+[5]전주!$R$21 -> 14989.478 | M25: =+L25-K25 -> -1503.5287 | N25: =+[5]전주!$Q$22 -> 250 | O25: =+[5]전주!$R$22 -> 220.96323 | P25: =+O25-N25 -> -29.036771 | Q25: =H25+K25+N25 -> 73824.767 | R25: =I25+L25+O25 -> 70537.059 | S25: =+R25-Q25 -> -3287.708 | T25: =+E25-Q25 -> 29899.003 | U25: =+F25-R25 -> 25134.02 | V25: =+U25-T25 -> -4764.9836
D26: 군산 | E26: =+[5]군산!$Q$85 -> 109382.31 | F26: =+[5]군산!$R$85 -> 112623.6 | G26: =+F26-E26 -> 3241.2844 | H26: =+[5]군산!$Q$20 -> 56670.467 | I26: =+[5]군산!$R$20 -> 56712.119 | J26: =+I26-H26 -> 41.65202 | K26: =+[5]군산!$Q$21 -> 12670.572 | L26: =+[5]군산!$R$21 -> 12473.893 | M26: =+L26-K26 -> -196.67904 | N26: =+[5]군산!$Q$22 -> 60 | O26: =+[5]군산!$R$22 -> 41.195537 | P26: =+O26-N26 -> -18.804463 | Q26: =H26+K26+N26 -> 69401.039 | R26: =I26+L26+O26 -> 69227.207 | S26: =+R26-Q26 -> -173.83148 | T26: =+E26-Q26 -> 39981.273 | U26: =+F26-R26 -> 43396.388 | V26: =+U26-T26 -> 3415.1159
D27: 원주 | E27: =+[5]원주!$Q$85 -> 107900 | F27: =+[5]원주!$R$85 -> 110562.58 | G27: =+F27-E27 -> 2662.5796 | H27: =+[5]원주!$Q$20 -> 56419.046 | I27: =+[5]원주!$R$20 -> 58516.332 | J27: =+I27-H27 -> 2097.2859 | K27: =+[5]원주!$Q$21 -> 15776.612 | L27: =+[5]원주!$R$21 -> 13327.024 | M27: =+L27-K27 -> -2449.5878 | N27: =+[5]원주!$Q$22 -> 250 | O27: =+[5]원주!$R$22 -> 280.01271 | P27: =+O27-N27 -> 30.012707 | Q27: =H27+K27+N27 -> 72445.658 | R27: =I27+L27+O27 -> 72123.369 | S27: =+R27-Q27 -> -322.28922 | T27: =+E27-Q27 -> 35454.342 | U27: =+F27-R27 -> 38439.211 | V27: =+U27-T27 -> 2984.8688
D28: 제주 | E28: =+[5]제주!$Q$85 -> 126700 | F28: =+[5]제주!$R$85 -> 127908.16 | G28: =+F28-E28 -> 1208.1589 | H28: =+[5]제주!$Q$20 -> 74451.6 | I28: =+[5]제주!$R$20 -> 71625.183 | J28: =+I28-H28 -> -2826.4175 | K28: =+[5]제주!$Q$21 -> 15088.91 | L28: =+[5]제주!$R$21 -> 15598.238 | M28: =+L28-K28 -> 509.32771 | N28: =+[5]제주!$Q$22 -> 0 | O28: =+[5]제주!$R$22 -> 324.10274 | P28: =+O28-N28 -> 324.10274 | Q28: =H28+K28+N28 -> 89540.511 | R28: =I28+L28+O28 -> 87547.524 | S28: =+R28-Q28 -> -1992.987 | T28: =+E28-Q28 -> 37159.489 | U28: =+F28-R28 -> 40360.635 | V28: =+U28-T28 -> 3201.1459

Sheet 재료비단가
D4: □ 2024년 레미콘 원재료단가(2024-04)
D6: 구분 | E6: OPC (원/톤) | H6: SC (원/톤) | K6: SP (원/톤) | N6: FA (원/톤) | Q6: 자갈 (원/톤) | T6: 모래 (원/톤)
E7: 계획 | F7: 실적 | G7: 차이 | H7: 계획 | I7: 실적 | J7: 차이 | K7: 계획 | L7: 실적 | M7: 차이 | N7: 계획 | O7: 실적 | P7: 차이 | Q7: 계획 | R7: 실적 | S7: 차이 | T7: 계획 | U7: 실적 | V7: 차이
D8: 평균 | E8: =+[5]합계!$G$9 -> 100466.75 | F8: =+[5]합계!$H$9 -> 100357.67 | G8: =+F8-E8 -> -109.08022 | H8: =+[5]합계!$G$10 -> 91255.231 | I8: =+[5]합계!$H$10 -> 92707.379 | J8: =+I8-H8 -> 1452.1476 | K8: =+[5]합계!$G$12 -> 64128.031 | L8: =+[5]합계!$H$12 -> 63874.905 | M8: =+L8-K8 -> -253.12529 | N8: =+[5]합계!$G$13 -> 40439.052 | O8: =+[5]합계!$H$13 -> 40105.188 | P8: =+O8-N8 -> -333.86419 | Q8: =+[5]합계!$G$16 -> 12802.179 | R8: =+[5]합계!$H$16 -> 13322.602 | S8: =+R8-Q8 -> 520.42242 | T8: =+[5]합계!$G$17 -> 15998.04 | U8: =+[5]합계!$H$17 -> 16098.594 | V8: =+U8-T8 -> 100.55431
D9: 수도권 | E9: =+[5]수도권!$G$9 -> 100000 | F9: =+[5]수도권!$H$9 -> 100000.13 | G9: =+F9-E9 -> 0.1265746 | H9: =+[5]수도권!$G$10 -> 92886.386 | I9: =+[5]수도권!$H$10 -> 99992.961 | J9: =+I9-H9 -> 7106.5754 | K9: =+[5]수도권!$G$12 -> 64309.019 | L9: =+[5]수도권!$H$12 -> 63905.335 | M9: =+L9-K9 -> -403.68345 | N9: =+[5]수도권!$G$13 -> 45159.743 | O9: =+[5]수도권!$H$13 -> 44772.615 | P9: =+O9-N9 -> -387.12756 | Q9: =+[5]수도권!$G$16 -> 15362.42 | R9: =+[5]수도권!$H$16 -> 16233.228 | S9: =+R9-Q9 -> 870.80725 | T9: =+[5]수도권!$G$17 -> 14758.697 | U9: =+[5]수도권!$H$17 -> 14887.381 | V9: =+U9-T9 -> 128.68465
D10: 영남권 | E10: =+[5]영남권!$G$9 -> 100000 | F10: =+[5]영남권!$H$9 -> 100001.56 | G10: =+F10-E10 -> 1.5636229 | H10: =+[5]영남권!$G$10 -> 92100 | I10: =+[5]영남권!$H$10 -> 92630.146 | J10: =+I10-H10 -> 530.1461 | K10: =+[5]영남권!$G$12 -> 63765.063 | L10: =+[5]영남권!$H$12 -> 63508.92 | M10: =+L10-K10 -> -256.1431 | N10: =+[5]영남권!$G$13 -> 35365.119 | O10: =+[5]영남권!$H$13 -> 35381.012 | P10: =+O10-N10 -> 15.893248 | Q10: =+[5]영남권!$G$16 -> 10376.952 | R10: =+[5]영남권!$H$16 -> 11033.369 | S10: =+R10-Q10 -> 656.41691 | T10: =+[5]영남권!$G$17 -> 17782.675 | U10: =+[5]영남권!$H$17 -> 17774.018 | V10: =+U10-T10 -> -8.6572913
D11: 기타권 | E11: =+[5]중부권!$G$9 -> 102498.26 | F11: =+[5]중부권!$H$9 -> 101874.19 | G11: =+F11-E11 -> -624.07398 | H11: =+[5]중부권!$G$10 -> 88033.452 | I11: =+[5]중부권!$H$10 -> 90101.719 | J11: =+I11-H11 -> 2068.2665 | K11: =+[5]중부권!$G$12 -> 64704.074 | L11: =+[5]중부권!$H$12 -> 64566.889 | M11: =+L11-K11 -> -137.18558 | N11: =+[5]중부권!$G$13 -> 41161.354 | O11: =+[5]중부권!$H$13 -> 41572.172 | P11: =+O11-N11 -> 410.81792 | Q11: =+[5]중부권!$G$16 -> 12575.27 | R11: =+[5]중부권!$H$16 -> 12774.159 | S11: =+R11-Q11 -> 198.88912 | T11: =+[5]중부권!$G$17 -> 14559.492 | U11: =+[5]중부권!$H$17 -> 14423.889 | V11: =+U11-T11 -> -135.6028
D12: 안양 | E12: =+[5]안양!$G$9 -> 100000 | F12: =+[5]안양!$H$9 -> 100000.35 | G12: =+F12-E12 -> 0.34755745 | H12: =+[5]안양!$G$10 -> 87100 | I12: =+[5]안양!$H$10 -> 81095.141 | J12: =+I12-H12 -> -6004.8589 | K12: =+[5]안양!$G$12 -> 64000 | L12: =+[5]안양!$H$12 -> 63952.272 | M12: =+L12-K12 -> -47.72811 | N12: =+[5]안양!$G$13 -> 45000 | O12: =+[5]안양!$H$13 -> 43631.25 | P12: =+O12-N12 -> -1368.7505 | Q12: =+[5]안양!$G$16 -> 15333.333 | R12: =+[5]안양!$H$16 -> 16706.505 | S12: =+R12-Q12 -> 1373.1717 | T12: =+[5]안양!$G$17 -> 15161.29 | U12: =+[5]안양!$H$17 -> 15762.698 | V12: =+U12-T12 -> 601.4081
D13: 인천 | E13: =+[5]인천!$G$9 -> 100000 | F13: =+[5]인천!$H$9 -> 99999.999 | G13: =+F13-E13 -> -0.0012874109 | H13: =+[5]인천!$G$10 -> 99500 | I13: =+[5]인천!$H$10 -> 102200 | J13: =+I13-H13 -> 2699.9979 | K13: =+[5]인천!$G$12 -> 64500 | L13: =+[5]인천!$H$12 -> 64477.195 | M13: =+L13-K13 -> -22.804944 | N13: =+[5]인천!$G$13 -> 45000 | O13: =+[5]인천!$H$13 -> 44755.385 | P13: =+O13-N13 -> -244.6151 | Q13: =+[5]인천!$G$16 -> 15733.333 | R13: =+[5]인천!$H$16 -> 16053.543 | S13: =+R13-Q13 -> 320.21006 | T13: =+[5]인천!$G$17 -> 15504.035 | U13: =+[5]인천!$H$17 -> 15060.484 | V13: =+U13-T13 -> -443.5506
D14: 파주 | E14: =+[5]파주!$G$9 -> 100000 | F14: =+[5]파주!$H$9 -> 99999.985 | G14: =+F14-E14 -> -0.015101713 | H14: =+[5]파주!$G$10 -> 0 | I14: =+[5]파주!$H$10 -> 98338.357 | J14: =+I14-H14 -> 98338.357 | K14: =+[5]파주!$G$12 -> 64500 | L14: =+[5]파주!$H$12 -> 64519.256 | M14: =+L14-K14 -> 19.255685 | N14: =+[5]파주!$G$13 -> 45000 | O14: =+[5]파주!$H$13 -> 46199.429 | P14: =+O14-N14 -> 1199.4294 | Q14: =+[5]파주!$G$16 -> 15266.667 | R14: =+[5]파주!$H$16 -> 16540.49 | S14: =+R14-Q14 -> 1273.8236 | T14: =+[5]파주!$G$17 -> 13419.355 | U14: =+[5]파주!$H$17 -> 13444.214 | V14: =+U14-T14 -> 24.859439
D15: 김포 | E15: =+[5]김포!$G$9 -> 100000 | F15: =+[5]김포!$H$9 -> 99999.976 | G15: =+F15-E15 -> -0.023797364 | H15: =+[5]김포!$G$10 -> 0 | I15: =+[5]김포!$H$10 -> 0 | J15: =+I15-H15 -> 0 | K15: =+[5]김포!$G$12 -> 64300 | L15: =+[5]김포!$H$12 -> 61862.553 | M15: =+L15-K15 -> -2437.4469 | N15: =+[5]김포!$G$13 -> 46000 | O15: =+[5]김포!$H$13 -> 46368.781 | P15: =+O15-N15 -> 368.78144 | Q15: =+[5]김포!$G$16 -> 14666.667 | R15: =+[5]김포!$H$16 -> 14600 | S15: =+R15-Q15 -> -66.666358 | T15: =+[5]김포!$G$17 -> 14396.989 | U15: =+[5]김포!$H$17 -> 14755.811 | V15: =+U15-T15 -> 358.82225
D16: 부산 | E16: =+[5]부산!$G$9 -> 100000 | F16: =+[5]부산!$H$9 -> 100001.45 | G16: =+F16-E16 -> 1.4503881 | H16: =+[5]부산!$G$10 -> 92100 | I16: =+[5]부산!$H$10 -> 93431.131 | J16: =+I16-H16 -> 1331.1314 | K16: =+[5]부산!$G$12 -> 65000 | L16: =+[5]부산!$H$12 -> 0 | M16: =+L16-K16 -> -65000 | N16: =+[5]부산!$G$13 -> 36500 | O16: =+[5]부산!$H$13 -> 36499.986 | P16: =+O16-N16 -> -0.014195095 | Q16: =+[5]부산!$G$16 -> 10738.44 | R16: =+[5]부산!$H$16 -> 11848.781 | S16: =+R16-Q16 -> 1110.3406 | T16: =+[5]부산!$G$17 -> 18749.207 | U16: =+[5]부산!$H$17 -> 18368.021 | V16: =+U16-T16 -> -381.18629
D17: 서부산 | E17: =+[5]서부산!$G$9 -> 100000 | F17: =+[5]서부산!$H$9 -> 100010.35 | G17: =+F17-E17 -> 10.353653 | H17: =+[5]서부산!$G$10 -> 92100 | I17: =+[5]서부산!$H$10 -> 92109.741 | J17: =+I17-H17 -> 9.7412982 | K17: =+[5]서부산!$G$12 -> 65000 | L17: =+[5]서부산!$H$12 -> 65325.304 | M17: =+L17-K17 -> 325.30428 | N17: =+[5]서부산!$G$13 -> 35200 | O17: =+[5]서부산!$H$13 -> 35328.072 | P17: =+O17-N17 -> 128.07153 | Q17: =+[5]서부산!$G$16 -> 10666.667 | R17: =+[5]서부산!$H$16 -> 11287.219 | S17: =+R17-Q17 -> 620.55251 | T17: =+[5]서부산!$G$17 -> 19013.585 | U17: =+[5]서부산!$H$17 -> 18668.568 | V17: =+U17-T17 -> -345.01706
D18: 김해 | E18: =+[5]김해!$G$9 -> 100000 | F18: =+[5]김해!$H$9 -> 100001.27 | G18: =+F18-E18 -> 1.271592 | H18: =+[5]김해!$G$10 -> 92100 | I18: =+[5]김해!$H$10 -> 92099.879 | J18: =+I18-H18 -> -0.12052825 | K18: =+[5]김해!$G$12 -> 64000 | L18: =+[5]김해!$H$12 -> 62271.117 | M18: =+L18-K18 -> -1728.8829 | N18: =+[5]김해!$G$13 -> 35000 | O18: =+[5]김해!$H$13 -> 34999.957 | P18: =+O18-N18 -> -0.042753239 | Q18: =+[5]김해!$G$16 -> 9533.3333 | R18: =+[5]김해!$H$16 -> 9646.3716 | S18: =+R18-Q18 -> 113.03826 | T18: =+[5]김해!$G$17 -> 17954.927 | U18: =+[5]김해!$H$17 -> 16427.49 | V18: =+U18-T18 -> -1527.4376
D19: 정관 | E19: =+[5]정관!$G$9 -> 100000 | F19: =+[5]정관!$H$9 -> 100033.75 | G19: =+F19-E19 -> 33.749646 | H19: =+[5]정관!$G$10 -> 92100 | I19: =+[5]정관!$H$10 -> 92096.976 | J19: =+I19-H19 -> -3.0242675 | K19: =+[5]정관!$G$12 -> 63500 | L19: =+[5]정관!$H$12 -> 63558.151 | M19: =+L19-K19 -> 58.150595 | N19: =+[5]정관!$G$13 -> 35500 | O19: =+[5]정관!$H$13 -> 35500.002 | P19: =+O19-N19 -> 0.0019513151 | Q19: =+[5]정관!$G$16 -> 10733.333 | R19: =+[5]정관!$H$16 -> 11948.095 | S19: =+R19-Q19 -> 1214.7621 | T19: =+[5]정관!$G$17 -> 18315.171 | U19: =+[5]정관!$H$17 -> 19265.947 | V19: =+U19-T19 -> 950.77591
D20: 양산 | E20: =+[5]양산!$G$9 -> 100000 | F20: =+[5]양산!$H$9 -> 99939.887 | G20: =+F20-E20 -> -60.113172 | H20: =+[5]양산!$G$10 -> 92100 | I20: =+[5]양산!$H$10 -> 0 | J20: =+I20-H20 -> -92100 | K20: =+[5]양산!$G$12 -> 63000 | L20: =+[5]양산!$H$12 -> 63346.66 | M20: =+L20-K20 -> 346.65975 | N20: =+[5]양산!$G$13 -> 36000 | O20: =+[5]양산!$H$13 -> 35999.989 | P20: =+O20-N20 -> -0.011055738 | Q20: =+[5]양산!$G$16 -> 9066.6667 | R20: =+[5]양산!$H$16 -> 9621.6073 | S20: =+R20-Q20 -> 554.94066 | T20: =+[5]양산!$G$17 -> 17371.771 | U20: =+[5]양산!$H$17 -> 17705.78 | V20: =+U20-T20 -> 334.00932
D21: 창원 | E21: =+[5]창원!$G$9 -> 100000 | F21: =+[5]창원!$H$9 -> 99999.809 | G21: =+F21-E21 -> -0.19109482 | H21: =+[5]창원!$G$10 -> 0 | I21: =+[5]창원!$H$10 -> 0 | J21: =+I21-H21 -> 0 | K21: =+[5]창원!$G$12 -> 65000 | L21: =+[5]창원!$H$12 -> 65037.382 | M21: =+L21-K21 -> 37.382076 | N21: =+[5]창원!$G$13 -> 33000 | O21: =+[5]창원!$H$13 -> 32999.999 | P21: =+O21-N21 -> -0.0008819983 | Q21: =+[5]창원!$G$16 -> 10400 | R21: =+[5]창원!$H$16 -> 11236.418 | S21: =+R21-Q21 -> 836.41817 | T21: =+[5]창원!$G$17 -> 17019.617 | U21: =+[5]창원!$H$17 -> 17639.223 | V21: =+U21-T21 -> 619.60609
D22: 대구 | E22: =+[5]대구!$G$9 -> 100000 | F22: =+[5]대구!$H$9 -> 99999.975 | G22: =+F22-E22 -> -0.025160552 | H22: =+[5]대구!$G$10 -> 0 | I22: =+[5]대구!$H$10 -> 0 | J22: =+I22-H22 -> 0 | K22: =+[5]대구!$G$12 -> 62500 | L22: =+[5]대구!$H$12 -> 62822.447 | M22: =+L22-K22 -> 322.44719 | N22: =+[5]대구!$G$13 -> 35500 | O22: =+[5]대구!$H$13 -> 35131.42 | P22: =+O22-N22 -> -368.58049 | Q22: =+[5]대구!$G$16 -> 10466.667 | R22: =+[5]대구!$H$16 -> 10510.855 | S22: =+R22-Q22 -> 44.188423 | T22: =+[5]대구!$G$17 -> 14718.131 | U22: =+[5]대구!$H$17 -> 14692.276 | V22: =+U22-T22 -> -25.855353
D23: 울산 | E23: =+[5]울산!$G$9 -> 100000 | F23: =+[5]울산!$H$9 -> 99999.328 | G23: =+F23-E23 -> -0.67233642 | H23: =+[5]울산!$G$10 -> 0 | I23: =+[5]울산!$H$10 -> 0 | J23: =+I23-H23 -> 0 | K23: =+[5]울산!$G$12 -> 61300 | L23: =+[5]울산!$H$12 -> 61206.838 | M23: =+L23-K23 -> -93.162343 | N23: =+[5]울산!$G$13 -> 37000 | O23: =+[5]울산!$H$13 -> 36999.994 | P23: =+O23-N23 -> -0.0057813546 | Q23: =+[5]울산!$G$16 -> 10546.667 | R23: =+[5]울산!$H$16 -> 10873.7 | S23: =+R23-Q23 -> 327.03296 | T23: =+[5]울산!$G$17 -> 18685.562 | U23: =+[5]울산!$H$17 -> 19211.242 | V23: =+U23-T23 -> 525.68043
D24: 아산 | E24: =+[5]아산!$G$9 -> 100000 | F24: =+[5]아산!$H$9 -> 101215.68 | G24: =+F24-E24 -> 1215.6815 | H24: =+[5]아산!$G$10 -> 87100 | I24: =+[5]아산!$H$10 -> 87100.003 | J24: =+I24-H24 -> 0.0031970315 | K24: =+[5]아산!$G$12 -> 64500 | L24: =+[5]아산!$H$12 -> 64402.773 | M24: =+L24-K24 -> -97.227291 | N24: =+[5]아산!$G$13 -> 42000 | O24: =+[5]아산!$H$13 -> 41650.428 | P24: =+O24-N24 -> -349.57177 | Q24: =+[5]아산!$G$16 -> 10933.333 | R24: =+[5]아산!$H$16 -> 11513.722 | S24: =+R24-Q24 -> 580.38864 | T24: =+[5]아산!$G$17 -> 13742.248 | U24: =+[5]아산!$H$17 -> 13422.8 | V24: =+U24-T24 -> -319.44877
D25: 전주 | E25: =+[5]전주!$G$9 -> 100000 | F25: =+[5]전주!$H$9 -> 99909.921 | G25: =+F25-E25 -> -90.078582 | H25: =+[5]전주!$G$10 -> 93100 | I25: =+[5]전주!$H$10 -> 94103.343 | J25: =+I25-H25 -> 1003.3429 | K25: =+[5]전주!$G$12 -> 65000 | L25: =+[5]전주!$H$12 -> 64920.102 | M25: =+L25-K25 -> -79.898481 | N25: =+[5]전주!$G$13 -> 36000 | O25: =+[5]전주!$H$13 -> 36000.018 | P25: =+O25-N25 -> 0.018208313 | Q25: =+[5]전주!$G$16 -> 12533.333 | R25: =+[5]전주!$H$16 -> 12886.151 | S25: =+R25-Q25 -> 352.81736 | T25: =+[5]전주!$G$17 -> 14400.089 | U25: =+[5]전주!$H$17 -> 14883.592 | V25: =+U25-T25 -> 483.50319
D26: 군산 | E26: =+[5]군산!$G$9 -> 100000 | F26: =+[5]군산!$H$9 -> 100000 | G26: =+F26-E26 -> 0 | H26: =+[5]군산!$G$10 -> 95000 | I26: =+[5]군산!$H$10 -> 94534.532 | J26: =+I26-H26 -> -465.46773 | K26: =+[5]군산!$G$12 -> 64900 | L26: =+[5]군산!$H$12 -> 64890.554 | M26: =+L26-K26 -> -9.4464245 | N26: =+[5]군산!$G$13 -> 37500 | O26: =+[5]군산!$H$13 -> 38782.174 | P26: =+O26-N26 -> 1282.1737 | Q26: =+[5]군산!$G$16 -> 13666.667 | R26: =+[5]군산!$H$16 -> 13963.87 | S26: =+R26-Q26 -> 297.20361 | T26: =+[5]군산!$G$17 -> 14837.33 | U26: =+[5]군산!$H$17 -> 15081.044 | V26: =+U26-T26 -> 243.71405
D27: 원주 | E27: =+[5]원주!$G$9 -> 100000 | F27: =+[5]원주!$H$9 -> 100008.17 | G27: =+F27-E27 -> 8.1742072 | H27: =+[5]원주!$G$10 -> 0 | I27: =+[5]원주!$H$10 -> 0 | J27: =+I27-H27 -> 0 | K27: =+[5]원주!$G$12 -> 64000 | L27: =+[5]원주!$H$12 -> 63767.802 | M27: =+L27-K27 -> -232.19791 | N27: =+[5]원주!$G$13 -> 49000 | O27: =+[5]원주!$H$13 -> 48999.998 | P27: =+O27-N27 -> -0.00194074 | Q27: =+[5]원주!$G$16 -> 13666.667 | R27: =+[5]원주!$H$16 -> 14292.008 | S27: =+R27-Q27 -> 625.34124 | T27: =+[5]원주!$G$17 -> 13419.355 | U27: =+[5]원주!$H$17 -> 14410.53 | V27: =+U27-T27 -> 991.17506
D28: 제주 | E28: =+[5]제주!$G$9 -> 117000 | F28: =+[5]제주!$H$9 -> 116997.18 | G28: =+F28-E28 -> -2.8186609 | H28: =+[5]제주!$G$10 -> 0 | I28: =+[5]제주!$H$10 -> 0 | J28: =+I28-H28 -> 0 | K28: =+[5]제주!$G$12 -> 0 | L28: =+[5]제주!$H$12 -> 0 | M28: =+L28-K28 -> 0 | N28: =+[5]제주!$G$13 -> 0 | O28: =+[5]제주!$H$13 -> 0 | P28: =+O28-N28 -> 0 | Q28: =+[5]제주!$G$16 -> 18143.333 | R28: =+[5]제주!$H$16 -> 17804.665 | S28: =+R28-Q28 -> -338.66799 | T28: =+[5]제주!$G$17 -> 18433.378 | U28: =+[5]제주!$H$17 -> 18337.449 | V28: =+U28-T28 -> -95.929312

Sheet 원단위
D4: □ 레미콘 원재료 원단위(2024-04)
V5: [단위 : kg/㎥]
D6: 구분 | E6: OPC | H6: 분체류 | K6: 분체류 치환률 | N6: 자갈 | Q6: 모래 | T6: 혼화제
E7: 계획 | F7: 실적 | G7: 차이 | H7: 계획 | I7: 실적 | J7: 차이 | K7: 계획 | L7: 실적 | M7: 차이 | N7: 계획 | O7: 실적 | P7: 차이 | Q7: 계획 | R7: 실적 | S7: 차이 | T7: 계획 | U7: 실적 | V7: 차이
D8: 평균 | E8: =+[5]합계!$E$9 -> 242.75861 | F8: =+[5]합계!$F$9 -> 260.22837 | G8: =+F8-E8 -> 17.469754 | H8: =+[5]합계!$E$15 -> 352.06151 | I8: =+[5]합계!$F$15 -> 364.27909 | J8: =+I8-H8 -> 12.217575 | K8: =+([5]합계!$E$10*0.4+[5]합계!$E$11+[5]합계!$E$12+[5]합계!$E$13+[5]합계!$E$14)/[5]합계!$E$15 -> 0.264745 | L8: =+([5]합계!$F$10*0.4+[5]합계!$F$11+[5]합계!$F$12+[5]합계!$F$13+[5]합계!$F$14)/[5]합계!$F$15 -> 0.23643914 | M8: =+L8-K8 -> -0.028305855 | N8: =+[5]합계!$E$16 -> 822.39335 | O8: =+[5]합계!$F$16 -> 820.324 | P8: =+O8-N8 -> -2.0693468 | Q8: =+[5]합계!$E$17 -> 905.34632 | R8: =+[5]합계!$F$17 -> 899.69702 | S8: =+R8-Q8 -> -5.6492944 | T8: =+[5]합계!$E$19 -> 3.1791348 | U8: =+[5]합계!$F$19 -> 6.0192392 | V8: =+U8-T8 -> 2.8401044
D9: 수도권 | E9: =+[5]수도권!$E$9 -> 264.88918 | F9: =+[5]수도권!$F$9 -> 285.27899 | G9: =+F9-E9 -> 20.38981 | H9: =+[5]수도권!$E$15 -> 354.66082 | I9: =+[5]수도권!$F$15 -> 364.30469 | J9: =+I9-H9 -> 9.6438726 | K9: =+([5]수도권!$E$10*0.4+[5]수도권!$E$11+[5]수도권!$E$12+[5]수도권!$E$13+[5]수도권!$E$14)/[5]수도권!$E$15 -> 0.2417267 | L9: =+([5]수도권!$F$10*0.4+[5]수도권!$F$11+[5]수도권!$F$12+[5]수도권!$F$13+[5]수도권!$F$14)/[5]수도권!$F$15 -> 0.21243165 | M9: =+L9-K9 -> -0.029295043 | N9: =+[5]수도권!$E$16 -> 843.38857 | O9: =+[5]수도권!$F$16 -> 845.00973 | P9: =+O9-N9 -> 1.6211537 | Q9: =+[5]수도권!$E$17 -> 889.96976 | R9: =+[5]수도권!$F$17 -> 883.16168 | S9: =+R9-Q9 -> -6.8080779 | T9: =+[5]수도권!$E$19 -> 3.0779193 | U9: =+[5]수도권!$F$19 -> 2.8936295 | V9: =+U9-T9 -> -0.18428982
D10: 영남권 | E10: =+[5]영남권!$E$9 -> 219.6928 | F10: =+[5]영남권!$F$9 -> 235.15959 | G10: =+F10-E10 -> 15.466789 | H10: =+[5]영남권!$E$15 -> 349.2453 | I10: =+[5]영남권!$F$15 -> 366.26408 | J10: =+I10-H10 -> 17.018783 | K10: =+([5]영남권!$E$10*0.4+[5]영남권!$E$11+[5]영남권!$E$12+[5]영남권!$E$13+[5]영남권!$E$14)/[5]영남권!$E$15 -> 0.29702385 | L10: =+([5]영남권!$F$10*0.4+[5]영남권!$F$11+[5]영남권!$F$12+[5]영남권!$F$13+[5]영남권!$F$14)/[5]영남권!$F$15 -> 0.2596664 | M10: =+L10-K10 -> -0.03735745 | N10: =+[5]영남권!$E$16 -> 809.27389 | O10: =+[5]영남권!$F$16 -> 810.03537 | P10: =+O10-N10 -> 0.76147703 | Q10: =+[5]영남권!$E$17 -> 910.55556 | R10: =+[5]영남권!$F$17 -> 904.46661 | S10: =+R10-Q10 -> -6.0889419 | T10: =+[5]영남권!$E$19 -> 3.366738 | U10: =+[5]영남권!$F$19 -> 9.9439608 | V10: =+U10-T10 -> 6.5772228
D11: 기타권 | E11: =+[5]중부권!$E$9 -> 247.64407 | F11: =+[5]중부권!$F$9 -> 270.89638 | G11: =+F11-E11 -> 23.252306 | H11: =+[5]중부권!$E$15 -> 352.88071 | I11: =+[5]중부권!$F$15 -> 359.3747 | J11: =+I11-H11 -> 6.4939943 | K11: =+([5]중부권!$E$10*0.4+[5]중부권!$E$11+[5]중부권!$E$12+[5]중부권!$E$13+[5]중부권!$E$14)/[5]중부권!$E$15 -> 0.24168161 | L11: =+([5]중부권!$F$10*0.4+[5]중부권!$F$11+[5]중부권!$F$12+[5]중부권!$F$13+[5]중부권!$F$14)/[5]중부권!$F$15 -> 0.22774221 | M11: =+L11-K11 -> -0.013939404 | N11: =+[5]중부권!$E$16 -> 806.94301 | O11: =+[5]중부권!$F$16 -> 795.59682 | P11: =+O11-N11 -> -11.346192 | Q11: =+[5]중부권!$E$17 -> 926.74513 | R11: =+[5]중부권!$F$17 -> 921.44796 | S11: =+R11-Q11 -> -5.2971704 | T11: =+[5]중부권!$E$19 -> 2.9685912 | U11: =+[5]중부권!$F$19 -> 2.7401489 | V11: =+U11-T11 -> -0.22844225
D12: 안양 | E12: =+[5]안양!$E$9 -> 273.5 | F12: =+[5]안양!$F$9 -> 289.84731 | G12: =+F12-E12 -> 16.347308 | H12: =+[5]안양!$E$15 -> 365.9 | I12: =+[5]안양!$F$15 -> 369.3581 | J12: =+I12-H12 -> 3.4580961 | K12: =+([5]안양!$E$10*0.4+[5]안양!$E$11+[5]안양!$E$12+[5]안양!$E$13+[5]안양!$E$14)/[5]안양!$E$15 -> 0.23613009 | L12: =+([5]안양!$F$10*0.4+[5]안양!$F$11+[5]안양!$F$12+[5]안양!$F$13+[5]안양!$F$14)/[5]안양!$F$15 -> 0.21416167 | M12: =+L12-K12 -> -0.021968423 | N12: =+[5]안양!$E$16 -> 845 | O12: =+[5]안양!$F$16 -> 863.39784 | P12: =+O12-N12 -> 18.397843 | Q12: =+[5]안양!$E$17 -> 880 | R12: =+[5]안양!$F$17 -> 861.20741 | S12: =+R12-Q12 -> -18.792588 | T12: =+[5]안양!$E$19 -> 3.29 | U12: =+[5]안양!$F$19 -> 2.8778618 | V12: =+U12-T12 -> -0.41213823
D13: 인천 | E13: =+[5]인천!$E$9 -> 280.634 | F13: =+[5]인천!$F$9 -> 283.79715 | G13: =+F13-E13 -> 3.1631518 | H13: =+[5]인천!$E$15 -> 369.481 | I13: =+[5]인천!$F$15 -> 374.18234 | J13: =+I13-H13 -> 4.7013443 | K13: =+([5]인천!$E$10*0.4+[5]인천!$E$11+[5]인천!$E$12+[5]인천!$E$13+[5]인천!$E$14)/[5]인천!$E$15 -> 0.22260306 | L13: =+([5]인천!$F$10*0.4+[5]인천!$F$11+[5]인천!$F$12+[5]인천!$F$13+[5]인천!$F$14)/[5]인천!$F$15 -> 0.22648941 | M13: =+L13-K13 -> 0.0038863503 | N13: =+[5]인천!$E$16 -> 884.274 | O13: =+[5]인천!$F$16 -> 896.44375 | P13: =+O13-N13 -> 12.169752 | Q13: =+[5]인천!$E$17 -> 849.108 | R13: =+[5]인천!$F$17 -> 818.73388 | S13: =+R13-Q13 -> -30.374118 | T13: =+[5]인천!$E$19 -> 3.325 | U13: =+[5]인천!$F$19 -> 3.0635704 | V13: =+U13-T13 -> -0.2614296
D14: 파주 | E14: =+[5]파주!$E$9 -> 267.04574 | F14: =+[5]파주!$F$9 -> 292.15403 | G14: =+F14-E14 -> 25.108288 | H14: =+[5]파주!$E$15 -> 345.6487 | I14: =+[5]파주!$F$15 -> 367.25058 | J14: =+I14-H14 -> 21.601873 | K14: =+([5]파주!$E$10*0.4+[5]파주!$E$11+[5]파주!$E$12+[5]파주!$E$13+[5]파주!$E$14)/[5]파주!$E$15 -> 0.22740708 | L14: =+([5]파주!$F$10*0.4+[5]파주!$F$11+[5]파주!$F$12+[5]파주!$F$13+[5]파주!$F$14)/[5]파주!$F$15 -> 0.20341805 | M14: =+L14-K14 -> -0.023989032 | N14: =+[5]파주!$E$16 -> 869.27815 | O14: =+[5]파주!$F$16 -> 828.04828 | P14: =+O14-N14 -> -41.229871 | Q14: =+[5]파주!$E$17 -> 873.61167 | R14: =+[5]파주!$F$17 -> 905.25429 | S14: =+R14-Q14 -> 31.642622 | T14: =+[5]파주!$E$19 -> 2.7651896 | U14: =+[5]파주!$F$19 -> 2.9067832 | V14: =+U14-T14 -> 0.14159361
D15: 김포 | E15: =+[5]김포!$E$9 -> 205 | F15: =+[5]김포!$F$9 -> 264.8637 | G15: =+F15-E15 -> 59.863698 | H15: =+[5]김포!$E$15 -> 308 | I15: =+[5]김포!$F$15 -> 329.468 | J15: =+I15-H15 -> 21.468 | K15: =+([5]김포!$E$10*0.4+[5]김포!$E$11+[5]김포!$E$12+[5]김포!$E$13+[5]김포!$E$14)/[5]김포!$E$15 -> 0.33441558 | L15: =+([5]김포!$F$10*0.4+[5]김포!$F$11+[5]김포!$F$12+[5]김포!$F$13+[5]김포!$F$14)/[5]김포!$F$15 -> 0.19608673 | M15: =+L15-K15 -> -0.13832886 | N15: =+[5]김포!$E$16 -> 710 | O15: =+[5]김포!$F$16 -> 735.93935 | P15: =+O15-N15 -> 25.939354 | Q15: =+[5]김포!$E$17 -> 1030 | R15: =+[5]김포!$F$17 -> 1015.6066 | S15: =+R15-Q15 -> -14.393402 | T15: =+[5]김포!$E$19 -> 2.5 | U15: =+[5]김포!$F$19 -> 2.6234434 | V15: =+U15-T15 -> 0.1234434
D16: 부산 | E16: =+[5]부산!$E$9 -> 224.11711 | F16: =+[5]부산!$F$9 -> 187.01115 | G16: =+F16-E16 -> -37.105962 | H16: =+[5]부산!$E$15 -> 359.67095 | I16: =+[5]부산!$F$15 -> 370.30098 | J16: =+I16-H16 -> 10.630035 | K16: =+([5]부산!$E$10*0.4+[5]부산!$E$11+[5]부산!$E$12+[5]부산!$E$13+[5]부산!$E$14)/[5]부산!$E$15 -> 0.2787114 | L16: =+([5]부산!$F$10*0.4+[5]부산!$F$11+[5]부산!$F$12+[5]부산!$F$13+[5]부산!$F$14)/[5]부산!$F$15 -> 0.25046369 | M16: =+L16-K16 -> -0.028247718 | N16: =+[5]부산!$E$16 -> 839.86974 | O16: =+[5]부산!$F$16 -> 867.18667 | P16: =+O16-N16 -> 27.316927 | Q16: =+[5]부산!$E$17 -> 887.26013 | R16: =+[5]부산!$F$17 -> 853.27904 | S16: =+R16-Q16 -> -33.981094 | T16: =+[5]부산!$E$19 -> 3.0611594 | U16: =+[5]부산!$F$19 -> 3.4195251 | V16: =+U16-T16 -> 0.35836563
D17: 서부산 | E17: =+[5]서부산!$E$9 -> 225.2 | F17: =+[5]서부산!$F$9 -> 242.97077 | G17: =+F17-E17 -> 17.770766 | H17: =+[5]서부산!$E$15 -> 352.6 | I17: =+[5]서부산!$F$15 -> 355.62295 | J17: =+I17-H17 -> 3.0229507 | K17: =+([5]서부산!$E$10*0.4+[5]서부산!$E$11+[5]서부산!$E$12+[5]서부산!$E$13+[5]서부산!$E$14)/[5]서부산!$E$15 -> 0.28304027 | L17: =+([5]서부산!$F$10*0.4+[5]서부산!$F$11+[5]서부산!$F$12+[5]서부산!$F$13+[5]서부산!$F$14)/[5]서부산!$F$15 -> 0.22314968 | M17: =+L17-K17 -> -0.059890592 | N17: =+[5]서부산!$E$16 -> 820.2 | O17: =+[5]서부산!$F$16 -> 839.5582 | P17: =+O17-N17 -> 19.358203 | Q17: =+[5]서부산!$E$17 -> 911.91 | R17: =+[5]서부산!$F$17 -> 896.8018 | S17: =+R17-Q17 -> -15.108202 | T17: =+[5]서부산!$E$19 -> 4.888 | U17: =+[5]서부산!$F$19 -> 3.258754 | V17: =+U17-T17 -> -1.629246
D18: 김해 | E18: =+[5]김해!$E$9 -> 161.91 | F18: =+[5]김해!$F$9 -> 208.63624 | G18: =+F18-E18 -> 46.726241 | H18: =+[5]김해!$E$15 -> 343 | I18: =+[5]김해!$F$15 -> 363.73845 | J18: =+I18-H18 -> 20.738446 | K18: =+([5]김해!$E$10*0.4+[5]김해!$E$11+[5]김해!$E$12+[5]김해!$E$13+[5]김해!$E$14)/[5]김해!$E$15 -> 0.26768513 | L18: =+([5]김해!$F$10*0.4+[5]김해!$F$11+[5]김해!$F$12+[5]김해!$F$13+[5]김해!$F$14)/[5]김해!$F$15 -> 0.21119543 | M18: =+L18-K18 -> -0.056489702 | N18: =+[5]김해!$E$16 -> 830 | O18: =+[5]김해!$F$16 -> 769.00512 | P18: =+O18-N18 -> -60.994876 | Q18: =+[5]김해!$E$17 -> 890 | R18: =+[5]김해!$F$17 -> 948.40115 | S18: =+R18-Q18 -> 58.401153 | T18: =+[5]김해!$E$19 -> 3.3 | U18: =+[5]김해!$F$19 -> 3.5326617 | V18: =+U18-T18 -> 0.23266174
D19: 정관 | E19: =+[5]정관!$E$9 -> 208.8 | F19: =+[5]정관!$F$9 -> 228.16252 | G19: =+F19-E19 -> 19.362522 | H19: =+[5]정관!$E$15 -> 360.4 | I19: =+[5]정관!$F$15 -> 380.61936 | J19: =+I19-H19 -> 20.21936 | K19: =+([5]정관!$E$10*0.4+[5]정관!$E$11+[5]정관!$E$12+[5]정관!$E$13+[5]정관!$E$14)/[5]정관!$E$15 -> 0.29661487 | L19: =+([5]정관!$F$10*0.4+[5]정관!$F$11+[5]정관!$F$12+[5]정관!$F$13+[5]정관!$F$14)/[5]정관!$F$15 -> 0.27462711 | M19: =+L19-K19 -> -0.021987762 | N19: =+[5]정관!$E$16 -> 795 | O19: =+[5]정관!$F$16 -> 790.8986 | P19: =+O19-N19 -> -4.1014009 | Q19: =+[5]정관!$E$17 -> 920 | R19: =+[5]정관!$F$17 -> 932.27614 | S19: =+R19-Q19 -> 12.276138 | T19: =+[5]정관!$E$19 -> 3.06102 | U19: =+[5]정관!$F$19 -> 2.4740857 | V19: =+U19-T19 -> -0.58693435
D20: 양산 | E20: =+[5]양산!$E$9 -> 224.45684 | F20: =+[5]양산!$F$9 -> 234.87927 | G20: =+F20-E20 -> 10.422429 | H20: =+[5]양산!$E$15 -> 333.6952 | I20: =+[5]양산!$F$15 -> 363.54802 | J20: =+I20-H20 -> 29.852821 | K20: =+([5]양산!$E$10*0.4+[5]양산!$E$11+[5]양산!$E$12+[5]양산!$E$13+[5]양산!$E$14)/[5]양산!$E$15 -> 0.31542852 | L20: =+([5]양산!$F$10*0.4+[5]양산!$F$11+[5]양산!$F$12+[5]양산!$F$13+[5]양산!$F$14)/[5]양산!$F$15 -> 0.35392506 | M20: =+L20-K20 -> 0.038496546 | N20: =+[5]양산!$E$16 -> 793.13636 | O20: =+[5]양산!$F$16 -> 773.79764 | P20: =+O20-N20 -> -19.338722 | Q20: =+[5]양산!$E$17 -> 908.48003 | R20: =+[5]양산!$F$17 -> 925.43307 | S20: =+R20-Q20 -> 16.953042 | T20: =+[5]양산!$E$19 -> 2.4842745 | U20: =+[5]양산!$F$19 -> 3.1928194 | V20: =+U20-T20 -> 0.70854496
D21: 창원 | E21: =+[5]창원!$E$9 -> 239.1 | F21: =+[5]창원!$F$9 -> 268.61194 | G21: =+F21-E21 -> 29.511937 | H21: =+[5]창원!$E$15 -> 342.9 | I21: =+[5]창원!$F$15 -> 362.14687 | J21: =+I21-H21 -> 19.246874 | K21: =+([5]창원!$E$10*0.4+[5]창원!$E$11+[5]창원!$E$12+[5]창원!$E$13+[5]창원!$E$14)/[5]창원!$E$15 -> 0.30271216 | L21: =+([5]창원!$F$10*0.4+[5]창원!$F$11+[5]창원!$F$12+[5]창원!$F$13+[5]창원!$F$14)/[5]창원!$F$15 -> 0.25827901 | M21: =+L21-K21 -> -0.044433149 | N21: =+[5]창원!$E$16 -> 837.7 | O21: =+[5]창원!$F$16 -> 856.7271 | P21: =+O21-N21 -> 19.027101 | Q21: =+[5]창원!$E$17 -> 880.6 | R21: =+[5]창원!$F$17 -> 860.60382 | S21: =+R21-Q21 -> -19.996175 | T21: =+[5]창원!$E$19 -> 3.08 | U21: =+[5]창원!$F$19 -> 3.1980221 | V21: =+U21-T21 -> 0.11802213
D22: 대구 | E22: =+[5]대구!$E$9 -> 233.22 | F22: =+[5]대구!$F$9 -> 285.83635 | G22: =+F22-E22 -> 52.616351 | H22: =+[5]대구!$E$15 -> 338 | I22: =+[5]대구!$F$15 -> 369.1724 | J22: =+I22-H22 -> 31.172398 | K22: =+([5]대구!$E$10*0.4+[5]대구!$E$11+[5]대구!$E$12+[5]대구!$E$13+[5]대구!$E$14)/[5]대구!$E$15 -> 0.31 | L22: =+([5]대구!$F$10*0.4+[5]대구!$F$11+[5]대구!$F$12+[5]대구!$F$13+[5]대구!$F$14)/[5]대구!$F$15 -> 0.22573748 | M22: =+L22-K22 -> -0.084262519 | N22: =+[5]대구!$E$16 -> 773.65296 | O22: =+[5]대구!$F$16 -> 743.69024 | P22: =+O22-N22 -> -29.96272 | Q22: =+[5]대구!$E$17 -> 945.57584 | R22: =+[5]대구!$F$17 -> 938.53502 | S22: =+R22-Q22 -> -7.0408189 | T22: =+[5]대구!$E$19 -> 2.704 | U22: =+[5]대구!$F$19 -> 59.856096 | V22: =+U22-T22 -> 57.152096
D23: 울산 | E23: =+[5]울산!$E$9 -> 223.8 | F23: =+[5]울산!$F$9 -> 235.21828 | G23: =+F23-E23 -> 11.418279 | H23: =+[5]울산!$E$15 -> 355.4 | I23: =+[5]울산!$F$15 -> 363.87041 | J23: =+I23-H23 -> 8.470405 | K23: =+([5]울산!$E$10*0.4+[5]울산!$E$11+[5]울산!$E$12+[5]울산!$E$13+[5]울산!$E$14)/[5]울산!$E$15 -> 0.370287 | L23: =+([5]울산!$F$10*0.4+[5]울산!$F$11+[5]울산!$F$12+[5]울산!$F$13+[5]울산!$F$14)/[5]울산!$F$15 -> 0.35356579 | M23: =+L23-K23 -> -0.016721214 | N23: =+[5]울산!$E$16 -> 730 | O23: =+[5]울산!$F$16 -> 790.18758 | P23: =+O23-N23 -> 60.187579 | Q23: =+[5]울산!$E$17 -> 972 | R23: =+[5]울산!$F$17 -> 905.27957 | S23: =+R23-Q23 -> -66.720432 | T23: =+[5]울산!$E$19 -> 3.2 | U23: =+[5]울산!$F$19 -> 3.0333483 | V23: =+U23-T23 -> -0.16665167
D24: 아산 | E24: =+[5]아산!$E$9 -> 230.7328 | F24: =+[5]아산!$F$9 -> 288.82676 | G24: =+F24-E24 -> 58.093959 | H24: =+[5]아산!$E$15 -> 360.2808 | I24: =+[5]아산!$F$15 -> 378.37552 | J24: =+I24-H24 -> 18.094716 | K24: =+([5]아산!$E$10*0.4+[5]아산!$E$11+[5]아산!$E$12+[5]아산!$E$13+[5]아산!$E$14)/[5]아산!$E$15 -> 0.25183379 | L24: =+([5]아산!$F$10*0.4+[5]아산!$F$11+[5]아산!$F$12+[5]아산!$F$13+[5]아산!$F$14)/[5]아산!$F$15 -> 0.21526904 | M24: =+L24-K24 -> -0.036564756 | N24: =+[5]아산!$E$16 -> 854.9288 | O24: =+[5]아산!$F$16 -> 857.53215 | P24: =+O24-N24 -> 2.6033491 | Q24: =+[5]아산!$E$17 -> 865.6224 | R24: =+[5]아산!$F$17 -> 852.04365 | S24: =+R24-Q24 -> -13.578746 | T24: =+[5]아산!$E$19 -> 2.993816 | U24: =+[5]아산!$F$19 -> 3.3603597 | V24: =+U24-T24 -> 0.36654373
D25: 전주 | E25: =+[5]전주!$E$9 -> 246.81 | F25: =+[5]전주!$F$9 -> 240.24148 | G25: =+F25-E25 -> -6.5685179 | H25: =+[5]전주!$E$15 -> 355.92 | I25: =+[5]전주!$F$15 -> 325.98431 | J25: =+I25-H25 -> -29.935688 | K25: =+([5]전주!$E$10*0.4+[5]전주!$E$11+[5]전주!$E$12+[5]전주!$E$13+[5]전주!$E$14)/[5]전주!$E$15 -> 0.28353001 | L25: =+([5]전주!$F$10*0.4+[5]전주!$F$11+[5]전주!$F$12+[5]전주!$F$13+[5]전주!$F$14)/[5]전주!$F$15 -> 0.24835576 | M25: =+L25-K25 -> -0.035174243 | N25: =+[5]전주!$E$16 -> 764.83 | O25: =+[5]전주!$F$16 -> 651.73223 | P25: =+O25-N25 -> -113.09777 | Q25: =+[5]전주!$E$17 -> 979.82 | R25: =+[5]전주!$F$17 -> 1090.9039 | S25: =+R25-Q25 -> 111.08386 | T25: =+[5]전주!$E$19 -> 3.01 | U25: =+[5]전주!$F$19 -> 1.7948901 | V25: =+U25-T25 -> -1.2151099
D26: 군산 | E26: =+[5]군산!$E$9 -> 219.5 | F26: =+[5]군산!$F$9 -> 231.77232 | G26: =+F26-E26 -> 12.272319 | H26: =+[5]군산!$E$15 -> 339 | I26: =+[5]군산!$F$15 -> 350.26468 | J26: =+I26-H26 -> 11.264676 | K26: =+([5]군산!$E$10*0.4+[5]군산!$E$11+[5]군산!$E$12+[5]군산!$E$13+[5]군산!$E$14)/[5]군산!$E$15 -> 0.32949853 | L26: =+([5]군산!$F$10*0.4+[5]군산!$F$11+[5]군산!$F$12+[5]군산!$F$13+[5]군산!$F$14)/[5]군산!$F$15 -> 0.30765402 | M26: =+L26-K26 -> -0.021844506 | N26: =+[5]군산!$E$16 -> 785 | O26: =+[5]군산!$F$16 -> 793.15483 | P26: =+O26-N26 -> 8.154827 | Q26: =+[5]군산!$E$17 -> 935 | R26: =+[5]군산!$F$17 -> 908.33743 | S26: =+R26-Q26 -> -26.662568 | T26: =+[5]군산!$E$19 -> 2.84 | U26: =+[5]군산!$F$19 -> 2.0731967 | V26: =+U26-T26 -> -0.76680328
D27: 원주 | E27: =+[5]원주!$E$9 -> 259.9 | F27: =+[5]원주!$F$9 -> 265.16296 | G27: =+F27-E27 -> 5.2629557 | H27: =+[5]원주!$E$15 -> 343.5 | I27: =+[5]원주!$F$15 -> 351.02897 | J27: =+I27-H27 -> 7.5289654 | K27: =+([5]원주!$E$10*0.4+[5]원주!$E$11+[5]원주!$E$12+[5]원주!$E$13+[5]원주!$E$14)/[5]원주!$E$15 -> 0.243377 | L27: =+([5]원주!$F$10*0.4+[5]원주!$F$11+[5]원주!$F$12+[5]원주!$F$13+[5]원주!$F$14)/[5]원주!$F$15 -> 0.24461232 | M27: =+L27-K27 -> 0.0012353187 | N27: =+[5]원주!$E$16 -> 815.9 | O27: =+[5]원주!$F$16 -> 808.22251 | P27: =+O27-N27 -> -7.677489 | Q27: =+[5]원주!$E$17 -> 953.4 | R27: =+[5]원주!$F$17 -> 972.42654 | S27: =+R27-Q27 -> 19.02654 | T27: =+[5]원주!$E$19 -> 2.87 | U27: =+[5]원주!$F$19 -> 2.448603 | V27: =+U27-T27 -> -0.42139701
D28: 제주 | E28: =+[5]제주!$E$9 -> 342.7 | F28: =+[5]제주!$F$9 -> 339.45102 | G28: =+F28-E28 -> -3.248981 | H28: =+[5]제주!$E$15 -> 342.7 | I28: =+[5]제주!$F$15 -> 339.45102 | J28: =+I28-H28 -> -3.248981 | K28: =+([5]제주!$E$10*0.4+[5]제주!$E$11+[5]제주!$E$12+[5]제주!$E$13+[5]제주!$E$14)/[5]제주!$E$15 -> 0 | L28: =+([5]제주!$F$10*0.4+[5]제주!$F$11+[5]제주!$F$12+[5]제주!$F$13+[5]제주!$F$14)/[5]제주!$F$15 -> 0 | M28: =+L28-K28 -> 0 | N28: =+[5]제주!$E$16 -> 709.7 | O28: =+[5]제주!$F$16 -> 665.12178 | P28: =+O28-N28 -> -44.578219 | Q28: =+[5]제주!$E$17 -> 1038.3 | R28: =+[5]제주!$F$17 -> 967.63438 | S28: =+R28-Q28 -> -70.665622 | T28: =+[5]제주!$E$19 -> 3.04 | U28: =+[5]제주!$F$19 -> 2.8687346 | V28: =+U28-T28 -> -0.1712654

Sheet 건자재
D6: □ 건자재 손익실적(2024-03)
O7: [단위 : 톤, 천원]
D8: 구분 | F8: 4월 | K8: 4월누계
F9: 계획 | G9: 실적 | H9: 계획대비 | I9: 전년 | J9: 전년대비 | K9: 계획 | L9: 실적 | M9: 계획대비 | N9: 전년 | O9: 전년대비
D10: 판매량 | E10: 철강재 | F10: =+IFERROR(HLOOKUP($F$8,[13]손익!$G$5:$AI$63,2,),) -> 7300 | G10: =+'[7]4월'!$G$8 -> 8574.983 | H10: =+G10-F10 -> 1274.983 | I10: =+IFERROR(HLOOKUP($F$8,[8]월별!$E$2:$T$53,2,),) -> 9357.597 | J10: =+G10-I10 -> -782.614 | K10: =+F10+[4]건자재!K10 -> 27900 | L10: =+G10+[4]건자재!L10 -> 30310.546 | M10: =+L10-K10 -> 2410.546 | N10: =+I10+[4]건자재!N10 -> 34525.302 | O10: =+L10-N10 -> -4214.756
D11: 판매단가 | E11: 철강재 | F11: =+F12/F10*1000 -> 978767.12 | G11: =+G12/G10*1000 -> 853042.91 | H11: =+G11-F11 -> -125724.22 | I11: =+I12/I10*1000 -> 1048311.1 | J11: =+G11-I11 -> -195268.22 | K11: =+K12/K10*1000 -> 977956.99 | L11: =+L12/L10*1000 -> 880502.36 | M11: =+L11-K11 -> -97454.634 | N11: =+N12/N10*1000 -> 1048495.1 | O11: =+L11-N11 -> -167992.73
D12: 매출액 | E12: 철강재 | F12: =+IFERROR(HLOOKUP($F$8,[13]손익!$G$5:$AI$63,22,),) -> 7145000 | G12: =+'[7]4월'!$G$9 -> 7314828.4 | H12: =+G12-F12 -> 169828.43 | I12: =+IFERROR(HLOOKUP($F$8,[8]월별!$E$2:$T$53,5,),) -> 9809673.1 | J12: =+G12-I12 -> -2494844.7 | K12: =+F12+[4]건자재!K12 -> 27285000 | L12: =+G12+[4]건자재!L12 -> 26688507 | M12: =+L12-K12 -> -596492.86 | N12: =+I12+[4]건자재!N12 -> 36199609 | O12: =+L12-N12 -> -9511102.2
E13: 기타 | F13: =+IFERROR(HLOOKUP($F$8,[13]손익!$G$5:$AI$63,23,),) -> 1784315.8 | G13: =+'[7]4월'!$J$9 -> 1507211.1 | H13: =+G13-F13 -> -277104.73 | I13: =+IFERROR(HLOOKUP($F$8,[8]월별!$E$2:$T$53,6,),) -> 1598941.9 | J13: =+G13-I13 -> -91730.845 | K13: =+F13+[4]건자재!K13 -> 6851772.6 | L13: =+G13+[4]건자재!L13 -> 5067065.3 | M13: =+L13-K13 -> -1784707.4 | N13: =+I13+[4]건자재!N13 -> 5172080.3 | O13: =+L13-N13 -> -105014.98
E14: (소계) | F14: =SUM(F12:F13) -> 8929315.8 | G14: =SUM(G12:G13) -> 8822039.5 | H14: =+G14-F14 -> -107276.3 | I14: =SUM(I12:I13) -> 11408615 | J14: =+G14-I14 -> -2586575.5 | K14: =SUM(K12:K13) -> 34136773 | L14: =SUM(L12:L13) -> 31755572 | M14: =+L14-K14 -> -2381200.2 | N14: =SUM(N12:N13) -> 41371690 | O14: =+L14-N14 -> -9616117.1
D15: 매출원가 | E15: 철강재 | F15: =+IFERROR(HLOOKUP($F$8,[13]손익!$G$5:$AI$63,25,),) -> 6978185 | G15: =+'[7]4월'!$G$11 -> 7182086.8 | H15: =+G15-F15 -> 203901.82 | I15: =+IFERROR(HLOOKUP($F$8,[8]월별!$E$2:$T$53,8,),) -> 9601536.9 | J15: =+G15-I15 -> -2419450.1 | K15: =+F15+[4]건자재!K15 -> 26648980 | L15: =+G15+[4]건자재!L15 -> 26089130 | M15: =+L15-K15 -> -559849.82 | N15: =+I15+[4]건자재!N15 -> 35493776 | O15: =+L15-N15 -> -9404645.8
E16: 기타 | F16: =+IFERROR(HLOOKUP($F$8,[13]손익!$G$5:$AI$63,26,),) -> 1722257.3 | G16: =+'[7]4월'!$J$11 -> 1476999 | H16: =+G16-F16 -> -245258.32 | I16: =+IFERROR(HLOOKUP($F$8,[8]월별!$E$2:$T$53,9,),) -> 1569971.4 | J16: =+G16-I16 -> -92972.478 | K16: =+F16+[4]건자재!K16 -> 6613468 | L16: =+G16+[4]건자재!L16 -> 4969680.1 | M16: =+L16-K16 -> -1643787.9 | N16: =+I16+[4]건자재!N16 -> 5065729.1 | O16: =+L16-N16 -> -96048.957
E17: (소계) | F17: =SUM(F15:F16) -> 8700442.3 | G17: =SUM(G15:G16) -> 8659085.8 | H17: =+G17-F17 -> -41356.498 | I17: =SUM(I15:I16) -> 11171508 | J17: =+G17-I17 -> -2512422.6 | K17: =SUM(K15:K16) -> 33262448 | L17: =SUM(L15:L16) -> 31058810 | M17: =+L17-K17 -> -2203637.7 | N17: =SUM(N15:N16) -> 40559505 | O17: =+L17-N17 -> -9500694.8
D18: 매출이익 | E18: 철강재 | F18: =+F12-F15 -> 166815 | G18: =+G12-G15 -> 132741.61 | H18: =+G18-F18 -> -34073.386 | I18: =+I12-I15 -> 208136.16 | J18: =+G18-I18 -> -75394.543 | K18: =+K12-K15 -> 636020 | L18: =+L12-L15 -> 599376.97 | M18: =+L18-K18 -> -36643.033 | N18: =+N12-N15 -> 705833.32 | O18: =+L18-N18 -> -106456.35
E19: % | F19: =+F18/F12 -> 0.023347096 | G19: =+G18/G12 -> 0.018146921 | H19: =+G19-F19 -> -0.0052001748 | I19: =+I18/I12 -> 0.021217441 | J19: =+G19-I19 -> -0.0030705196 | K19: =+K18/K12 -> 0.023310244 | L19: =+L18/L12 -> 0.022458243 | M19: =+L19-K19 -> -0.00085200116 | N19: =+N18/N12 -> 0.019498368 | O19: =+L19-N19 -> 0.0029598741
E20: 기타 | F20: =+F13-F16 -> 62058.503 | G20: =+G13-G16 -> 30212.09 | H20: =+G20-F20 -> -31846.413 | I20: =+I13-I16 -> 28970.457 | J20: =+G20-I20 -> 1241.633 | K20: =+K13-K16 -> 238304.65 | L20: =+L13-L16 -> 97385.18 | M20: =+L20-K20 -> -140919.47 | N20: =+N13-N16 -> 106351.21 | O20: =+L20-N20 -> -8966.027
E21: % | F21: =+F20/F13 -> 0.03478 | G21: =+G20/G13 -> 0.020045029 | H21: =+G21-F21 -> -0.014734971 | I21: =+I20/I13 -> 0.018118518 | J21: =+G21-I21 -> 0.0019265118 | K21: =+K20/K13 -> 0.03478 | L21: =+L20/L13 -> 0.019219247 | M21: =+L21-K21 -> -0.015560753 | N21: =+N20/N13 -> 0.020562559 | O21: =+L21-N21 -> -0.0013433121
E22: (소계) | F22: =SUM(F18,F20) -> 228873.5 | G22: =SUM(G18,G20) -> 162953.7 | H22: =+G22-F22 -> -65919.799 | I22: =SUM(I18,I20) -> 237106.61 | J22: =+G22-I22 -> -74152.91 | K22: =+K14-K17 -> 874324.65 | L22: =+L14-L17 -> 696762.15 | M22: =+L22-K22 -> -177562.51 | N22: =+N14-N17 -> 812184.53 | O22: =+L22-N22 -> -115422.38
E23: % | F23: =+F22/F14 -> 0.025631695 | G23: =+G22/G14 -> 0.018471205 | H23: =+G23-F23 -> -0.00716049 | I23: =+I22/I14 -> 0.02078312 | J23: =+G23-I23 -> -0.0023119145 | K23: =+K22/K14 -> 0.025612399 | L23: =+L22/L14 -> 0.021941414 | M23: =+L23-K23 -> -0.0036709858 | N23: =+N22/N14 -> 0.019631408 | O23: =+L23-N23 -> 0.0023100053
D24: 판관비 | E24: 노무비 | F24: =+IFERROR(HLOOKUP($F$8,[13]판매4!$G$4:$U$50,7,),) -> 83504.47 | G24: =+'[7]4월'!$M$19 -> 90280.525 | H24: =+G24-F24 -> 6776.055 | I24: =+IFERROR(HLOOKUP($F$8,[8]월별!$E$2:$T$53,17,),) -> 84157.857 | J24: =+G24-I24 -> 6122.668 | K24: =+F24+[4]건자재!K24 -> 331443.06 | L24: =+G24+[4]건자재!L24 -> 355065.34 | M24: =+L24-K24 -> 23622.283 | N24: =+I24+[4]건자재!N24 -> 337947.34 | O24: =+L24-N24 -> 17118
E25: 경비 | F25: =+IFERROR(HLOOKUP($F$8,[13]판매4!$G$4:$U$50,31,),)+IFERROR(HLOOKUP($F$8,[13]판매4!$G$4:$U$50,34,),) -> 37999.59 | G25: =+'[7]4월'!$M$37+'[7]4월'!$M$40 -> 78855.847 | H25: =+G25-F25 -> 40856.257 | I25: =+IFERROR(HLOOKUP($F$8,[8]월별!$E$2:$T$53,35,),)+IFERROR(HLOOKUP($F$8,[8]월별!$E$2:$T$53,38,),) -> 36550.051 | J25: =+G25-I25 -> 42305.796 | K25: =+F25+[4]건자재!K25 -> 175172.55 | L25: =+G25+[4]건자재!L25 -> 199112.24 | M25: =+L25-K25 -> 23939.686 | N25: =+I25+[4]건자재!N25 -> 151634.4 | O25: =+L25-N25 -> 47477.831
E26: (소계) | F26: =SUM(F24:F25) -> 121504.06 | G26: =SUM(G24:G25) -> 169136.37 | H26: =+G26-F26 -> 47632.312 | I26: =SUM(I24:I25) -> 120707.91 | J26: =+G26-I26 -> 48428.464 | K26: =SUM(K24:K25) -> 506615.61 | L26: =SUM(L24:L25) -> 554177.58 | M26: =+L26-K26 -> 47561.969 | N26: =SUM(N24:N25) -> 489581.75 | O26: =+L26-N26 -> 64595.831
D27: 영업이익 | F27: =+F22-F26 -> 107369.44 | G27: =+G22-G26 -> -6182.668 | H27: =+G27-F27 -> -113552.11 | I27: =+I22-I26 -> 116398.71 | J27: =+G27-I27 -> -122581.37 | K27: =+K22-K26 -> 367709.04 | L27: =+L22-L26 -> 142584.57 | M27: =+L27-K27 -> -225124.47 | N27: =+N22-N26 -> 322602.78 | O27: =+L27-N27 -> -180018.21
E28: % | F28: =+F27/F14 -> 0.012024375 | G28: =+G27/G14 -> -0.00070082071 | H28: =+G28-F28 -> -0.012725196 | I28: =+I27/I14 -> 0.010202703 | J28: =+G28-I28 -> -0.010903523 | K28: =+K27/K14 -> 0.01077164 | L28: =+L27/L14 -> 0.0044900645 | M28: =+L28-K28 -> -0.006281576 | N28: =+N27/N14 -> 0.0077976699 | O28: =+L28-N28 -> -0.0033076054
D29: 철강재 단가 및 마진률
R34: * 공통비
F36: =+IFERROR(HLOOKUP($F$8,[13]손익!$G$5:$AJ$65,17,),) -> 107369.44 | G36: =+'[7]4월'!$M$41 -> -6182.668 | I36: =+IFERROR(HLOOKUP($F$8,[8]월별!$E$2:$T$53,39,),) -> 116398.71 | K36: =+F36+[4]건자재!K36 -> 367709.04 | L36: =+G36+[4]건자재!L36 -> 142584.57 | N36: =+I36+[4]건자재!N36 -> 322602.78 | S36: 1월 | T36: 2월 | U36: 3월 | V36: 4월 | W36: 5월 | X36: 6월 | Y36: 7월 | Z36: 8월 | AA36: 9월 | AB36: 10월 | AC36: 11월 | AD36: 12월 | AE36: 1월 | AF36: 2월 | AG36: 3월 | AH36: 4월
F37: =+F27=F36 -> TRUE | G37: =+G27=G36 -> TRUE | I37: =+I27=I36 -> TRUE | K37: =+K27=K36 -> FALSE | L37: =+L27=L36 -> FALSE | N37: =+N27=N36 -> FALSE | R37: 구분 | S37: 1월 | T37: 2월 | U37: 3 | V37: 4월 | W37: 5월 | X37: 6월 | Y37: 7월 | Z37: =+Z36 -> 8월 | AA37: =+AA36 -> 9월 | AB37: =+AB36 -> 10월 | AC37: =+AC36 -> 11월 | AD37: =+AD36 -> 12월 | AE37: =+AE36 -> 1월 | AF37: =+AF36 -> 2월 | AG37: =+AG36 -> 3월 | AH37: =+AH36 -> 4월
K38: =+K27-K36 -> 9.8953024e-10 | L38: =+L27-L36 -> -1.8044375e-09 | N38: =+N27-N36 -> 3.6670826e-09 | R38: 판매단가 | S38: =+IFERROR(HLOOKUP(S$36,[8]월별!$E$2:$S$67,42,),) -> 1098907.9 | T38: =+IFERROR(HLOOKUP(T$36,[8]월별!$E$2:$S$67,42,),) -> 1027487 | U38: =+IFERROR(HLOOKUP(U$36,[8]월별!$E$2:$S$67,42,),) -> 1030973.4 | V38: =+IFERROR(HLOOKUP(V$36,[8]월별!$E$2:$S$67,42,),) -> 1048311.1 | W38: =+IFERROR(HLOOKUP(W$36,[8]월별!$E$2:$S$67,42,),) -> 1064717.6 | X38: =+IFERROR(HLOOKUP(X$36,[8]월별!$E$2:$S$67,42,),) -> 1043902.1 | Y38: =+IFERROR(HLOOKUP(Y$36,[8]월별!$E$2:$S$67,42,),) -> 1025254.3 | Z38: =+IFERROR(HLOOKUP(Z$36,[8]월별!$E$2:$S$67,42,),) -> 957693.64 | ... AD38: =+IFERROR(HLOOKUP(AD$36,[8]월별!$E$2:$S$67,42,),) -> 951341.43 | AE38: =+IFERROR(HLOOKUP(AE$36,[7]월별!$E$2:$S$67,42,),) -> 920730.85 | AF38: =+IFERROR(HLOOKUP(AF$36,[7]월별!$E$2:$S$67,42,),) -> 886130.89 | AG38: =+IFERROR(HLOOKUP(AG$36,[7]월별!$E$2:$S$67,42,),) -> 873530.52 | AH38: =+IFERROR(HLOOKUP(AH$36,[7]월별!$E$2:$S$67,42,),) -> 853042.91
R39: 마진률 | S39: =+IFERROR(HLOOKUP(S$36,[8]월별!$E$2:$S$67,43,),) -> 0.0192633 | T39: =+IFERROR(HLOOKUP(T$36,[8]월별!$E$2:$S$67,43,),) -> 0.020328431 | U39: =+IFERROR(HLOOKUP(U$36,[8]월별!$E$2:$S$67,43,),) -> 0.018159702 | V39: =+IFERROR(HLOOKUP(V$36,[8]월별!$E$2:$S$67,43,),) -> 0.02078312 | W39: =+IFERROR(HLOOKUP(W$36,[8]월별!$E$2:$S$67,43,),) -> 0.018530156 | X39: =+IFERROR(HLOOKUP(X$36,[8]월별!$E$2:$S$67,43,),) -> 0.023380889 | Y39: =+IFERROR(HLOOKUP(Y$36,[8]월별!$E$2:$S$67,43,),) -> 0.024066421 | Z39: =+IFERROR(HLOOKUP(Z$36,[8]월별!$E$2:$S$67,43,),) -> 0.027515512 | ... AH39: =+IFERROR(HLOOKUP(AH$36,[8]월별!$E$2:$S$67,43,),) -> 0.02078312

Sheet 골재사업소(당월)
A1: 4월
D4: □ 2024년 골재사업소 손익(2024-04)
AD5: [단위 : ㎥, 천원]
D6: 계획 | E6: 구분 | G6: 서부산 쇄석 | J6: 서부산 쇄사 | M6: 서부산 소계 | P6: 부산크라샤 쇄석 | S6: 부산크라샤 쇄사 | V6: 부산크라샤 소계 | Y6: 부산 모래 | AB6: 골재사업소 계
G7: 계획 | H7: 실적 | I7: 차이 | J7: 계획 | K7: 실적 | L7: 차이 | M7: 계획 | N7: 실적 | O7: 차이 | P7: 계획 | Q7: 실적 | R7: 차이 | S7: 계획 | T7: 실적 | U7: 차이 | V7: 계획 | W7: 실적 | X7: 차이 | Y7: 계획 | Z7: 실적 | AA7: 차이 | AB7: 계획 | AC7: 실적 | AD7: 차이
E8: 판매량 | F8: 자가이송 | G8: =+IFERROR(HLOOKUP($A$1,[14]손익요약!$G$5:$AL$106,3,),) -> 0 | H8: =+'[9]서부산크라샤(당월)'!$F$66 -> 16840 | I8: =H8-G8 -> 16840 | J8: =+IFERROR(HLOOKUP($A$1,[14]손익요약!$G$5:$AL$106,6,),) -> 0 | K8: =+'[9]서부산크라샤(당월)'!$I$66 -> 144 | L8: =K8-J8 -> 144 | M8: =+G8+J8 -> 0 | N8: =+H8+K8 -> 16984 | O8: =N8-M8 -> 16984 | P8: =+IFERROR(HLOOKUP($A$1,[15]손익요약!$G$5:$AL$106,3,),) -> 10863.361 | Q8: =+'[9]부산크라샤(당월)'!$F$66 -> 11476 | R8: =Q8-P8 -> 612.63884 | S8: =+IFERROR(HLOOKUP($A$1,[15]손익요약!$G$5:$AL$106,6,),) -> 9970.6141 | T8: =+'[9]부산크라샤(당월)'!$I$66 -> 12840 | U8: =T8-S8 -> 2869.3859 | V8: =+P8+S8 -> 20833.975 | W8: =+Q8+T8 -> 24316 | X8: =W8-V8 -> 3482.0247 | Y8: =+IFERROR(HLOOKUP($A$1,[16]손익계획!$G$5:$AX$449,3,),) -> 10696.308 | Z8: =+'[9]부산모래장(당월)'!$R$48 -> 10516 | AA8: =Z8-Y8 -> -180.30787 | AB8: =+M8+V8+Y8 -> 31530.283 | AC8: =+N8+W8+Z8 -> 51816 | AD8: =AC8-AB8 -> 20285.717
F9: % | G9: =+G8/G$12 -> #DIV/0! | H9: =+H8/H$12 -> 0.67230917 | I9: =+H9-G9 -> #DIV/0! | J9: =+J8/J$12 -> #DIV/0! | K9: =+K8/K$12 -> 0.065693431 | L9: =+K9-J9 -> #DIV/0! | M9: =+M8/M$12 -> #DIV/0! | N9: =+N8/N$12 -> 0.62349486 | O9: =+N9-M9 -> #DIV/0! | P9: =+P8/P$12 -> 0.64419905 | Q9: =+Q8/Q$12 -> 0.64025887 | R9: =+Q9-P9 -> -0.0039401746 | S9: =+S8/S$12 -> 0.39929391 | T9: =+T8/T$12 -> 0.62330097 | U9: =+T9-S9 -> 0.22400706 | V9: =+V8/V$12 -> 0.49801567 | W9: =+W8/W$12 -> 0.63119095 | X9: =+W9-V9 -> 0.13317528 | Y9: =+Y8/Y$12 -> 0.62201188 | Z9: =+Z8/Z$12 -> 0.51100637 | AA9: =+Z9-Y9 -> -0.11100552 | AB9: =+AB8/AB$12 -> 0.53413742 | AC9: =+AC8/AC$12 -> 0.60011813 | AD9: =+AC9-AB9 -> 0.065980714
F10: 외부판매 | G10: =+IFERROR(HLOOKUP($A$1,[14]손익요약!$G$5:$AL$106,2,),) -> 0 | H10: =+'[9]서부산크라샤(당월)'!$F$59 -> 8208 | I10: =H10-G10 -> 8208 | J10: =+IFERROR(HLOOKUP($A$1,[14]손익요약!$G$5:$AL$106,5,),) -> 0 | K10: =+'[9]서부산크라샤(당월)'!$I$59 -> 2048 | L10: =K10-J10 -> 2048 | M10: =+G10+J10 -> 0 | N10: =+H10+K10 -> 10256 | O10: =N10-M10 -> 10256 | P10: =+IFERROR(HLOOKUP($A$1,[15]손익요약!$G$5:$AL$106,2,),) -> 6000 | Q10: =+'[9]부산크라샤(당월)'!$F$59 -> 6448 | R10: =Q10-P10 -> 448 | S10: =+IFERROR(HLOOKUP($A$1,[15]손익요약!$G$5:$AL$106,5,),) -> 15000 | T10: =+'[9]부산크라샤(당월)'!$I$59 -> 7760 | U10: =T10-S10 -> -7240 | V10: =+P10+S10 -> 21000 | W10: =+Q10+T10 -> 14208 | X10: =W10-V10 -> -6792 | Y10: =+IFERROR(HLOOKUP($A$1,[16]손익계획!$G$5:$AX$449,2,),) -> 6500 | Z10: =+'[9]부산모래장(당월)'!$R$47 -> 10063 | AA10: =Z10-Y10 -> 3563 | AB10: =+M10+V10+Y10 -> 27500 | AC10: =+N10+W10+Z10 -> 34527 | AD10: =AC10-AB10 -> 7027
F11: % | G11: =+G10/G$12 -> #DIV/0! | H11: =+H10/H$12 -> 0.32769083 | I11: =+H11-G11 -> #DIV/0! | J11: =+J10/J$12 -> #DIV/0! | K11: =+K10/K$12 -> 0.93430657 | L11: =+K11-J11 -> #DIV/0! | M11: =+M10/M$12 -> #DIV/0! | N11: =+N10/N$12 -> 0.37650514 | O11: =+N11-M11 -> #DIV/0! | P11: =+P10/P$12 -> 0.35580095 | Q11: =+Q10/Q$12 -> 0.35974113 | R11: =+Q11-P11 -> 0.0039401746 | S11: =+S10/S$12 -> 0.60070609 | T11: =+T10/T$12 -> 0.37669903 | U11: =+T11-S11 -> -0.22400706 | V11: =+V10/V$12 -> 0.50198433 | W11: =+W10/W$12 -> 0.36880905 | X11: =+W11-V11 -> -0.13317528 | Y11: =+Y10/Y$12 -> 0.37798812 | Z11: =+Z10/Z$12 -> 0.48899363 | AA11: =+Z11-Y11 -> 0.11100552 | AB11: =+AB10/AB$12 -> 0.46586258 | AC11: =+AC10/AC$12 -> 0.39988187 | AD11: =+AC11-AB11 -> -0.065980714
F12: (소계) | G12: =G8+G10 -> 0 | H12: =H8+H10 -> 25048 | I12: =H12-G12 -> 25048 | J12: =J8+J10 -> 0 | K12: =K8+K10 -> 2192 | L12: =K12-J12 -> 2192 | M12: =M8+M10 -> 0 | N12: =N8+N10 -> 27240 | O12: =N12-M12 -> 27240 | P12: =P8+P10 -> 16863.361 | Q12: =Q8+Q10 -> 17924 | R12: =Q12-P12 -> 1060.6388 | S12: =S8+S10 -> 24970.614 | T12: =T8+T10 -> 20600 | U12: =T12-S12 -> -4370.6141 | V12: =V8+V10 -> 41833.975 | W12: =W8+W10 -> 38524 | X12: =W12-V12 -> -3309.9753 | Y12: =Y8+Y10 -> 17196.308 | Z12: =Z8+Z10 -> 20579 | AA12: =Z12-Y12 -> 3382.6921 | AB12: =AB8+AB10 -> 59030.283 | AC12: =AC8+AC10 -> 86343 | AD12: =AC12-AB12 -> 27312.717 | AF12: =+'사업장별(당월)'!J32*1000 -> 59030.283 | AG12: =+'사업장별(당월)'!K32*1000 -> 86343
E13: 매출액 | F13: 자가이송 | G13: =+IFERROR(HLOOKUP($A$1,[14]손익요약!$G$5:$AL$106,15,),) -> 0 | H13: =+'[9]서부산크라샤(당월)'!$F$72 -> 270144 | I13: =H13-G13 -> 270144 | J13: =+IFERROR(HLOOKUP($A$1,[14]손익요약!$G$5:$AL$106,18,),) -> 0 | K13: =+'[9]서부산크라샤(당월)'!$I$72 -> 1296 | L13: =K13-J13 -> 1296 | M13: =+G13+J13 -> 0 | N13: =+H13+K13 -> 271440 | O13: =N13-M13 -> 271440 | P13: =+IFERROR(HLOOKUP($A$1,[15]손익요약!$G$5:$AL$106,12,),) -> 173813.78 | Q13: =+'[9]부산크라샤(당월)'!$F$72 -> 200830 | R13: =Q13-P13 -> 27016.221 | S13: =+IFERROR(HLOOKUP($A$1,[15]손익요약!$G$5:$AL$106,15,),) -> 219823.22 | T13: =+'[9]부산크라샤(당월)'!$I$72 -> 286276 | U13: =T13-S13 -> 66452.779 | V13: =+P13+S13 -> 393637 | W13: =+Q13+T13 -> 487106 | X13: =W13-V13 -> 93469.001 | Y13: =+IFERROR(HLOOKUP($A$1,[16]손익계획!$G$5:$AX$449,6,),) -> 334339.11 | Z13: =+'[9]부산모래장(당월)'!$R$54 -> 330200.41 | AA13: =Z13-Y13 -> -4138.7034 | AB13: =+M13+V13+Y13 -> 727976.11 | AC13: =+N13+W13+Z13 -> 1088746.4 | AD13: =AC13-AB13 -> 360770.3 | AF13: =+AF12=AB12 -> TRUE | AG13: =+AG12=AC12 -> TRUE
F14: 단가 | G14: =+G13/G8*1000 -> #DIV/0! | H14: =+H13/H8*1000 -> 16041.805 | I14: =H14-G14 -> #DIV/0! | J14: =+J13/J8*1000 -> #DIV/0! | K14: =+K13/K8*1000 -> 9000 | L14: =K14-J14 -> #DIV/0! | M14: =+M13/M8*1000 -> #DIV/0! | N14: =+N13/N8*1000 -> 15982.101 | O14: =N14-M14 -> #DIV/0! | P14: =+P13/P8*1000 -> 16000 | Q14: =+Q13/Q8*1000 -> 17500 | R14: =Q14-P14 -> 1500 | S14: =+S13/S8*1000 -> 22047.11 | T14: =+T13/T8*1000 -> 22295.639 | U14: =T14-S14 -> 248.52911 | V14: =+V13/V8*1000 -> 18893.994 | W14: =+W13/W8*1000 -> 20032.324 | X14: =W14-V14 -> 1138.3306 | Y14: =+Y13/Y8*1000 -> 31257.432 | Z14: =+Z13/Z8*1000 -> 31399.811 | AA14: =Z14-Y14 -> 142.379 | AB14: =+AB13/AB8*1000 -> 23088.156 | AC14: =+AC13/AC8*1000 -> 21011.78 | AD14: =AC14-AB14 -> -2076.3762
F15: 외부판매 | G15: =+IFERROR(HLOOKUP($A$1,[14]손익요약!$G$5:$AL$106,14,),) -> 0 | H15: =+'[9]서부산크라샤(당월)'!$F$71 -> 94392 | I15: =H15-G15 -> 94392 | J15: =+IFERROR(HLOOKUP($A$1,[14]손익요약!$G$5:$AL$106,17,),) -> 0 | K15: =+'[9]서부산크라샤(당월)'!$I$71 -> 16416 | L15: =K15-J15 -> 16416 | M15: =+G15+J15 -> 0 | N15: =+H15+K15 -> 110808 | O15: =N15-M15 -> 110808 | P15: =+IFERROR(HLOOKUP($A$1,[15]손익요약!$G$5:$AL$106,11,),) -> 72000 | Q15: =+'[9]부산크라샤(당월)'!$F$71 -> 83824 | R15: =Q15-P15 -> 11824 | S15: =+IFERROR(HLOOKUP($A$1,[15]손익요약!$G$5:$AL$106,14,),) -> 285000 | T15: =+'[9]부산크라샤(당월)'!$I$71 -> 139936 | U15: =T15-S15 -> -145064 | V15: =+P15+S15 -> 357000 | W15: =+Q15+T15 -> 223760 | X15: =W15-V15 -> -133240 | Y15: =+IFERROR(HLOOKUP($A$1,[16]손익계획!$G$5:$AX$449,5,),) -> 204750 | Z15: =+'[9]부산모래장(당월)'!$R$53 -> 323506 | AA15: =Z15-Y15 -> 118756 | AB15: =+M15+V15+Y15 -> 561750 | AC15: =+N15+W15+Z15 -> 658074 | AD15: =AC15-AB15 -> 96324
F16: 단가 | G16: =IFERROR(G15/G10,)*1000 -> 0 | H16: =IFERROR(H15/H10,)*1000 -> 11500 | I16: =H16-G16 -> 11500 | J16: =IFERROR(J15/J10,)*1000 -> 0 | K16: =IFERROR(K15/K10,)*1000 -> 8015.625 | L16: =K16-J16 -> 8015.625 | M16: =IFERROR(M15/M10,)*1000 -> 0 | N16: =IFERROR(N15/N10,)*1000 -> 10804.212 | O16: =N16-M16 -> 10804.212 | P16: =IFERROR(P15/P10,)*1000 -> 12000 | Q16: =IFERROR(Q15/Q10,)*1000 -> 13000 | R16: =Q16-P16 -> 1000 | S16: =IFERROR(S15/S10,)*1000 -> 19000 | T16: =IFERROR(T15/T10,)*1000 -> 18032.99 | U16: =T16-S16 -> -967.01031 | V16: =IFERROR(V15/V10,)*1000 -> 17000 | W16: =IFERROR(W15/W10,)*1000 -> 15748.874 | X16: =W16-V16 -> -1251.1261 | Y16: =IFERROR(Y15/Y10,)*1000 -> 31500 | Z16: =IFERROR(Z15/Z10,)*1000 -> 32148.067 | AA16: =Z16-Y16 -> 648.06718 | AB16: =IFERROR(AB15/AB10,)*1000 -> 20427.273 | AC16: =IFERROR(AC15/AC10,)*1000 -> 19059.692 | AD16: =AC16-AB16 -> -1367.5803
F17: (소계) | G17: =G13+G15 -> 0 | H17: =H13+H15 -> 364536 | I17: =H17-G17 -> 364536 | J17: =J13+J15 -> 0 | K17: =K13+K15 -> 17712 | L17: =K17-J17 -> 17712 | M17: =M13+M15 -> 0 | N17: =N13+N15 -> 382248 | O17: =N17-M17 -> 382248 | P17: =P13+P15 -> 245813.78 | Q17: =Q13+Q15 -> 284654 | R17: =Q17-P17 -> 38840.221 | S17: =S13+S15 -> 504823.22 | T17: =T13+T15 -> 426212 | U17: =T17-S17 -> -78611.221 | V17: =V13+V15 -> 750637 | W17: =W13+W15 -> 710866 | X17: =W17-V17 -> -39770.999 | Y17: =Y13+Y15 -> 539089.11 | Z17: =Z13+Z15 -> 653706.41 | AA17: =Z17-Y17 -> 114617.3 | AB17: =AB13+AB15 -> 1289726.1 | AC17: =AC13+AC15 -> 1746820.4 | AD17: =AC17-AB17 -> 457094.3 | AF17: =+'사업장별(당월)'!O32*1000 -> 1289726.1 | AG17: =+'사업장별(당월)'!P32*1000 -> 1746820.4
E18: 영업이익 | F18: 자가이송 | G18: =+IFERROR(HLOOKUP($A$1,[14]손익요약!$G$5:$AL$106,80,),)+[14]손익요약!$J$95 -> -95073.313 | H18: =+'[9]서부산크라샤(당월)'!$F$87 -> 60851.971 | I18: =H18-G18 -> 155925.28 | J18: =+IFERROR(HLOOKUP($A$1,[14]손익요약!$G$5:$AL$106,83,),) -> 0 | K18: =+'[9]서부산크라샤(당월)'!$I$87 -> 572.42598 | L18: =K18-J18 -> 572.42598 | M18: =+G18+J18 -> -95073.313 | N18: =+H18+K18 -> 61424.397 | O18: =N18-M18 -> 156497.71 | P18: =+IFERROR(HLOOKUP($A$1,[15]손익요약!$G$5:$U$95,57,),) -> -3198.0328 | Q18: =+'[9]부산크라샤(당월)'!$F$87 -> 4962.9833 | R18: =Q18-P18 -> 8161.0162 | S18: =+IFERROR(HLOOKUP($A$1,[15]손익요약!$G$5:$AL$106,60,),) -> 55718.018 | T18: =+'[9]부산크라샤(당월)'!$I$87 -> 65421.664 | U18: =T18-S18 -> 9703.6463 | V18: =+P18+S18 -> 52519.985 | W18: =+Q18+T18 -> 70384.647 | X18: =W18-V18 -> 17864.662 | Y18: =+IFERROR(HLOOKUP($A$1,[16]손익계획!$G$5:$AX$449,25,),) -> 20886.632 | Z18: =+'[9]부산모래장(당월)'!$R$82 -> 25390.114 | AA18: =Z18-Y18 -> 4503.482 | AB18: =+M18+V18+Y18 -> -21666.696 | AC18: =+N18+W18+Z18 -> 157199.16 | AD18: =AC18-AB18 -> 178865.85 | AF18: =+AF17=AB17 -> TRUE | AG18: =+AG17=AC17 -> TRUE
F19: 외부판매 | G19: =+IFERROR(HLOOKUP($A$1,[14]손익요약!$G$5:$AL$106,79,),) -> 0 | H19: =+'[9]서부산크라샤(당월)'!$F$86 -> -6502.6373 | I19: =H19-G19 -> -6502.6373 | J19: =+IFERROR(HLOOKUP($A$1,[14]손익요약!$G$5:$AL$106,82,),) -> 0 | K19: =+'[9]서부산크라샤(당월)'!$I$86 -> 6185.5564 | L19: =K19-J19 -> 6185.5564 | M19: =+G19+J19 -> 0 | N19: =+H19+K19 -> -317.08083 | O19: =N19-M19 -> -317.08083 | P19: =+IFERROR(HLOOKUP($A$1,[15]손익요약!$G$5:$AL$106,56,),) -> -25113.452 | Q19: =+'[9]부산크라샤(당월)'!$F$86 -> -25513.158 | R19: =Q19-P19 -> -399.70683 | S19: =+IFERROR(HLOOKUP($A$1,[15]손익요약!$G$5:$AL$106,59,),) -> 39360.062 | T19: =+'[9]부산크라샤(당월)'!$I$86 -> 7274.4487 | U19: =T19-S19 -> -32085.613 | V19: =+P19+S19 -> 14246.61 | W19: =+Q19+T19 -> -18238.71 | X19: =W19-V19 -> -32485.32 | Y19: =+IFERROR(HLOOKUP($A$1,[16]손익계획!$G$5:$AX$449,24,),) -> 12157.757 | Z19: =+'[9]부산모래장(당월)'!$I$81-'[9]부산모래장(당월)'!$R$82 -> 15234.078 | AA19: =Z19-Y19 -> 3076.3208 | AB19: =+M19+V19+Y19 -> 26404.367 | AC19: =+N19+W19+Z19 -> -3321.7128 | AD19: =AC19-AB19 -> -29726.08
F20: (소계) | G20: =G18+G19 -> -95073.313 | H20: =H18+H19 -> 54349.334 | I20: =H20-G20 -> 149422.65 | J20: =J18+J19 -> 0 | K20: =K18+K19 -> 6757.9824 | L20: =K20-J20 -> 6757.9824 | M20: =M18+M19 -> -95073.313 | N20: =N18+N19 -> 61107.316 | O20: =N20-M20 -> 156180.63 | P20: =P18+P19 -> -28311.484 | Q20: =Q18+Q19 -> -20550.175 | R20: =Q20-P20 -> 7761.3093 | S20: =S18+S19 -> 95078.079 | T20: =T18+T19 -> 72696.113 | U20: =T20-S20 -> -22381.967 | V20: =V18+V19 -> 66766.595 | W20: =W18+W19 -> 52145.938 | X20: =W20-V20 -> -14620.657 | Y20: =Y18+Y19 -> 33044.389 | Z20: =Z18+Z19 -> 40624.192 | AA20: =Z20-Y20 -> 7579.8029 | AB20: =AB18+AB19 -> 4737.6714 | AC20: =AC18+AC19 -> 153877.45 | AD20: =AC20-AB20 -> 149139.77 | AF20: =+'사업장별(당월)'!T32*1000 -> 4737.6714 | AG20: ='사업장별(당월)'!U32*1000 -> 153877.45
E21: 자가이송 | F21: 부산 | G21: =+IFERROR(HLOOKUP($A$1,[14]손익!$G$5:$AB$252,3,),) -> 0 | H21: =+'[9]서부산크라샤(당월)'!$F$60 -> 1024 | I21: =H21-G21 -> 1024 | J21: =+IFERROR(HLOOKUP($A$1,[14]손익!$G$5:$AB$252,12,),) -> 0 | K21: =+'[9]서부산크라샤(당월)'!$I$60 -> 0 | L21: =K21-J21 -> 0 | M21: =+G21+J21 -> 0 | N21: =+H21+K21 -> 1024 | O21: =N21-M21 -> 1024 | P21: =+IFERROR(HLOOKUP($A$1,[15]손익!$G$5:$AB$252,3,),) -> 10863.361 | Q21: =+'[9]부산크라샤(당월)'!$F$60 -> 11476 | R21: =Q21-P21 -> 612.63884 | S21: =+IFERROR(HLOOKUP($A$1,[15]손익!$G$5:$AB$252,12,),) -> 7595.3883 | T21: =+'[9]부산크라샤(당월)'!$I$60 -> 8600 | U21: =T21-S21 -> 1004.6117 | V21: =+P21+S21 -> 18458.749 | W21: =+Q21+T21 -> 20076 | X21: =W21-V21 -> 1617.2506 | Y21: =+IFERROR(HLOOKUP($A$1,[16]이송계획!$G$193:$U$216,16,),) -> 4302.182 | Z21: =+'[9]부산모래장(당월)'!$R$64 -> 4900 | AA21: =Z21-Y21 -> 597.818 | AB21: =+M21+V21+Y21 -> 22760.931 | AC21: =+N21+W21+Z21 -> 26000 | AD21: =AC21-AB21 -> 3239.0686 | AF21: =+AF20=AB20 -> FALSE | AG21: =+AG20=AC20 -> TRUE
E22: 물량 | F22: 서부산 | G22: =+IFERROR(HLOOKUP($A$1,[14]손익!$G$5:$AB$252,4,),) -> 0 | H22: =+'[9]서부산크라샤(당월)'!$F$61 -> 13720 | I22: =H22-G22 -> 13720 | J22: =+IFERROR(HLOOKUP($A$1,[14]손익!$G$5:$AB$252,13,),) -> 0 | K22: =+'[9]서부산크라샤(당월)'!$I$61 -> 0 | L22: =K22-J22 -> 0 | M22: =+G22+J22 -> 0 | N22: =+H22+K22 -> 13720 | O22: =N22-M22 -> 13720 | P22: =+IFERROR(HLOOKUP($A$1,[15]손익!$G$5:$AB$252,4,),) -> 0 | Q22: =+'[9]부산크라샤(당월)'!$F$61 -> 0 | R22: =Q22-P22 -> 0 | S22: =+IFERROR(HLOOKUP($A$1,[15]손익!$G$5:$AB$252,13,),) -> 2375.2258 | T22: =+'[9]부산크라샤(당월)'!$I$61 -> 3616 | U22: =T22-S22 -> 1240.7742 | V22: =+P22+S22 -> 2375.2258 | W22: =+Q22+T22 -> 3616 | X22: =W22-V22 -> 1240.7742 | Y22: =+IFERROR(HLOOKUP($A$1,[16]이송계획!$G$193:$U$216,17,),) -> 0 | Z22: =+'[9]부산모래장(당월)'!$R$65 -> 1120 | AA22: =Z22-Y22 -> 1120 | AB22: =+M22+V22+Y22 -> 2375.2258 | AC22: =+N22+W22+Z22 -> 18456 | AD22: =AC22-AB22 -> 16080.774 | AF22: =+AB20-AF20 -> -1.4551915e-11 | AG22: =+AC20-AG20 -> 0
F23: 김해 | G23: =+IFERROR(HLOOKUP($A$1,[14]손익!$G$5:$AB$252,5,),) -> 0 | H23: =+'[9]서부산크라샤(당월)'!$F$62 -> 992 | I23: =H23-G23 -> 992 | J23: =+IFERROR(HLOOKUP($A$1,[14]손익!$G$5:$AB$252,14,),) -> 0 | K23: =+'[9]서부산크라샤(당월)'!$I$62 -> 0 | L23: =K23-J23 -> 0 | M23: =+G23+J23 -> 0 | N23: =+H23+K23 -> 992 | O23: =N23-M23 -> 992 | P23: =+IFERROR(HLOOKUP($A$1,[15]손익!$G$5:$AB$252,5,),) -> 0 | Q23: =+'[9]부산크라샤(당월)'!$F$62 -> 0 | R23: =Q23-P23 -> 0 | S23: =+IFERROR(HLOOKUP($A$1,[15]손익!$G$5:$AB$252,14,),) -> 0 | T23: =+'[9]부산크라샤(당월)'!$I$62 -> 0 | U23: =T23-S23 -> 0 | V23: =+P23+S23 -> 0 | W23: =+Q23+T23 -> 0 | X23: =W23-V23 -> 0 | Y23: =+IFERROR(HLOOKUP($A$1,[16]이송계획!$G$193:$U$216,18,),) -> 1594.4056 | Z23: =+'[9]부산모래장(당월)'!$V$64 -> 0 | AA23: =Z23-Y23 -> -1594.4056 | AB23: =+M23+V23+Y23 -> 1594.4056 | AC23: =+N23+W23+Z23 -> 992 | AD23: =AC23-AB23 -> -602.40559
F24: 정관 | G24: =+IFERROR(HLOOKUP($A$1,[14]손익!$G$5:$AB$252,6,),) -> 0 | H24: =+'[9]서부산크라샤(당월)'!$F$63 -> 0 | I24: =H24-G24 -> 0 | J24: =+IFERROR(HLOOKUP($A$1,[14]손익!$G$5:$AB$252,15,),) -> 0 | K24: =+'[9]서부산크라샤(당월)'!$I$63 -> 0 | L24: =K24-J24 -> 0 | M24: =+G24+J24 -> 0 | N24: =+H24+K24 -> 0 | O24: =N24-M24 -> 0 | P24: =+IFERROR(HLOOKUP($A$1,[15]손익!$G$5:$AB$252,6,),) -> 0 | Q24: =+'[9]부산크라샤(당월)'!$F$63 -> 0 | R24: =Q24-P24 -> 0 | S24: =+IFERROR(HLOOKUP($A$1,[15]손익!$G$5:$AB$252,15,),) -> 0 | T24: =+'[9]부산크라샤(당월)'!$I$63 -> 624 | U24: =T24-S24 -> 624 | V24: =+P24+S24 -> 0 | W24: =+Q24+T24 -> 624 | X24: =W24-V24 -> 624 | Y24: =+IFERROR(HLOOKUP($A$1,[16]이송계획!$G$193:$U$216,19,),) -> 4168.951 | Z24: =+'[9]부산모래장(당월)'!$V$65 -> 0 | AA24: =Z24-Y24 -> -4168.951 | AB24: =+M24+V24+Y24 -> 4168.951 | AC24: =+N24+W24+Z24 -> 624 | AD24: =AC24-AB24 -> -3544.951
F25: 양산 | G25: =+IFERROR(HLOOKUP($A$1,[14]손익!$G$5:$AB$252,7,),) -> 0 | H25: =+'[9]서부산크라샤(당월)'!$F$64 -> 0 | I25: =H25-G25 -> 0 | J25: =+IFERROR(HLOOKUP($A$1,[14]손익!$G$5:$AB$252,16,),) -> 0 | K25: =+'[9]서부산크라샤(당월)'!$I$64 -> 144 | L25: =K25-J25 -> 144 | M25: =+G25+J25 -> 0 | N25: =+H25+K25 -> 144 | O25: =N25-M25 -> 144 | P25: =+IFERROR(HLOOKUP($A$1,[15]손익!$G$5:$AB$252,7,),) -> 0 | Q25: =+'[9]부산크라샤(당월)'!$F$64 -> 0 | R25: =Q25-P25 -> 0 | S25: =+IFERROR(HLOOKUP($A$1,[15]손익!$G$5:$AB$252,16,),) -> 0 | T25: =+'[9]부산크라샤(당월)'!$I$64 -> 0 | U25: =T25-S25 -> 0 | V25: =+P25+S25 -> 0 | W25: =+Q25+T25 -> 0 | X25: =W25-V25 -> 0 | Y25: =+IFERROR(HLOOKUP($A$1,[16]이송계획!$G$193:$U$216,20,),) -> 630.76923 | Z25: =+'[9]부산모래장(당월)'!$R$66 -> 2368 | AA25: =Z25-Y25 -> 1737.2308 | AB25: =+M25+V25+Y25 -> 630.76923 | AC25: =+N25+W25+Z25 -> 2512 | AD25: =AC25-AB25 -> 1881.2308
F26: 창원 | G26: =+IFERROR(HLOOKUP($A$1,[14]손익!$G$5:$AB$252,8,),) -> 0 | H26: =+'[9]서부산크라샤(당월)'!$F$65 -> 1104 | I26: =H26-G26 -> 1104 | J26: =+IFERROR(HLOOKUP($A$1,[14]손익!$G$5:$AB$252,17,),) -> 0 | K26: =+'[9]서부산크라샤(당월)'!$I$65 -> 0 | L26: =K26-J26 -> 0 | M26: =+G26+J26 -> 0 | N26: =+H26+K26 -> 1104 | O26: =N26-M26 -> 1104 | P26: =+IFERROR(HLOOKUP($A$1,[15]손익!$G$5:$AB$252,8,),) -> 0 | Q26: =+'[9]부산크라샤(당월)'!$F$65 -> 0 | R26: =Q26-P26 -> 0 | S26: =+IFERROR(HLOOKUP($A$1,[15]손익!$G$5:$AB$252,17,),) -> 0 | T26: =+'[9]부산크라샤(당월)'!$I$65 -> 0 | U26: =T26-S26 -> 0 | V26: =+P26+S26 -> 0 | W26: =+Q26+T26 -> 0 | X26: =W26-V26 -> 0 | Y26: =+IFERROR(HLOOKUP($A$1,[16]이송계획!$G$193:$U$216,21,),) -> 0 | AA26: =Z26-Y26 -> 0 | AB26: =+M26+V26+Y26 -> 0 | AC26: =+N26+W26+Z26 -> 1104 | AD26: =AC26-AB26 -> 1104
E27: 자가이송 | F27: 부산 | G27: =+IFERROR(HLOOKUP($A$1,[14]손익!$G$5:$AB$252,31,),) -> 0 | H27: =IFERROR(H35/H21,)*1000 -> 12500 | I27: =H27-G27 -> 12500 | J27: =+IFERROR(HLOOKUP($A$1,[14]손익!$G$5:$AB$252,40,),) -> 0 | K27: =IFERROR(K35/K21,)*1000 -> 0 | L27: =K27-J27 -> 0 | M27: =+IFERROR(HLOOKUP($A$1,[14]손익!$G$5:$AB$252,48,),) -> 0 | N27: =IFERROR(N35/N21,)*1000 -> 12500 | O27: =N27-M27 -> 12500 | P27: =+IFERROR(HLOOKUP($A$1,[15]손익!$G$5:$AB$252,30,),) -> 16000 | Q27: =IFERROR(Q35/Q21,)*1000 -> 17500 | R27: =Q27-P27 -> 1500 | S27: =+IFERROR(HLOOKUP($A$1,[15]손익!$G$5:$AB$252,39,),) -> 23000 | T27: =IFERROR(T35/T21,)*1000 -> 23500 | U27: =T27-S27 -> 500 | V27: =+IFERROR(HLOOKUP($A$1,[15]손익!$G$5:$AB$252,48,),) -> 18880.353 | W27: =IFERROR(W35/W21,)*1000 -> 20070.233 | X27: =W27-V27 -> 1189.8799 | Y27: =IFERROR(Y35/Y21,)*1000 -> 32423.997 | Z27: =IFERROR(Z35/Z21,)*1000 -> 33378 | AA27: =Z27-Y27 -> 954.00292 | AB27: =+AB35/AB21*1000 -> 21440.32 | AC27: =IFERROR(AC35/AC21,)*1000 -> 22280.085 | AD27: =AC27-AB27 -> 839.76497
E28: 단가 | F28: 서부산 | G28: =+IFERROR(HLOOKUP($A$1,[14]손익!$G$5:$AB$252,32,),) -> 0 | H28: =IFERROR(H36/H22,)*1000 -> 17000 | I28: =H28-G28 -> 17000 | J28: =+IFERROR(HLOOKUP($A$1,[14]손익!$G$5:$AB$252,41,),) -> 0 | K28: =IFERROR(K36/K22,)*1000 -> 0 | L28: =K28-J28 -> 0 | M28: =+IFERROR(HLOOKUP($A$1,[14]손익!$G$5:$AB$252,49,),) -> 0 | N28: =IFERROR(N36/N22,)*1000 -> 17000 | O28: =N28-M28 -> 17000 | P28: =+IFERROR(HLOOKUP($A$1,[15]손익!$G$5:$AB$252,31,),) -> 0 | Q28: =IFERROR(Q36/Q22,)*1000 -> 0 | R28: =Q28-P28 -> 0 | S28: =+IFERROR(HLOOKUP($A$1,[15]손익!$G$5:$AB$252,40,),) -> 19000 | T28: =IFERROR(T36/T22,)*1000 -> 20000 | U28: =T28-S28 -> 1000 | V28: =+IFERROR(HLOOKUP($A$1,[15]손익!$G$5:$AB$252,49,),) -> 19000 | W28: =IFERROR(W36/W22,)*1000 -> 20000 | X28: =W28-V28 -> 1000 | Y28: =IFERROR(Y36/Y22,)*1000 -> 0 | Z28: =IFERROR(Z36/Z22,)*1000 -> 28000 | AA28: =Z28-Y28 -> 28000 | AB28: =+AB36/AB22*1000 -> 19000 | AC28: =IFERROR(AC36/AC22,)*1000 -> 18255.31 | AD28: =AC28-AB28 -> -744.69007
F29: 김해 | G29: =+IFERROR(HLOOKUP($A$1,[14]손익!$G$5:$AB$252,33,),) -> 0 | H29: =IFERROR(H37/H23,)*1000 -> 11500 | I29: =H29-G29 -> 11500 | J29: =+IFERROR(HLOOKUP($A$1,[14]손익!$G$5:$AB$252,42,),) -> 0 | K29: =IFERROR(K37/K23,)*1000 -> 0 | L29: =K29-J29 -> 0 | M29: =+IFERROR(HLOOKUP($A$1,[14]손익!$G$5:$AB$252,50,),) -> 0 | N29: =IFERROR(N37/N23,)*1000 -> 11500 | O29: =N29-M29 -> 11500 | P29: =+IFERROR(HLOOKUP($A$1,[15]손익!$G$5:$AB$252,32,),) -> 0 | Q29: =IFERROR(Q37/Q23,)*1000 -> 0 | R29: =Q29-P29 -> 0 | S29: =+IFERROR(HLOOKUP($A$1,[15]손익!$G$5:$AB$252,41,),) -> 0 | T29: =IFERROR(T37/T23,)*1000 -> 0 | U29: =T29-S29 -> 0 | V29: =+IFERROR(HLOOKUP($A$1,[15]손익!$G$5:$AB$252,50,),) -> 0 | W29: =IFERROR(W37/W23,)*1000 -> 0 | X29: =W29-V29 -> 0 | Y29: =IFERROR(Y37/Y23,)*1000 -> 27500 | Z29: =IFERROR(Z37/Z23,)*1000 -> 0 | AA29: =Z29-Y29 -> -27500 | AB29: =+AB37/AB23*1000 -> 27500 | AC29: =IFERROR(AC37/AC23,)*1000 -> 82072.129 | AD29: =AC29-AB29 -> 54572.129
F30: 정관 | G30: =+IFERROR(HLOOKUP($A$1,[14]손익!$G$5:$AB$252,34,),) -> 0 | H30: =IFERROR(H38/H24,)*1000 -> 0 | I30: =H30-G30 -> 0 | J30: =+IFERROR(HLOOKUP($A$1,[14]손익!$G$5:$AB$252,43,),) -> 0 | K30: =IFERROR(K38/K24,)*1000 -> 0 | L30: =K30-J30 -> 0 | M30: =+IFERROR(HLOOKUP($A$1,[14]손익!$G$5:$AB$252,51,),) -> 0 | N30: =IFERROR(N38/N24,)*1000 -> 0 | O30: =N30-M30 -> 0 | P30: =+IFERROR(HLOOKUP($A$1,[15]손익!$G$5:$AB$252,33,),) -> 0 | Q30: =IFERROR(Q38/Q24,)*1000 -> 0 | R30: =Q30-P30 -> 0 | S30: =+IFERROR(HLOOKUP($A$1,[15]손익!$G$5:$AB$252,42,),) -> 0 | T30: =IFERROR(T38/T24,)*1000 -> 19000 | U30: =T30-S30 -> 19000 | V30: =+IFERROR(HLOOKUP($A$1,[15]손익!$G$5:$AB$252,51,),) -> 0 | W30: =IFERROR(W38/W24,)*1000 -> 19000 | X30: =W30-V30 -> 19000 | Y30: =IFERROR(Y38/Y24,)*1000 -> 31000 | Z30: =IFERROR(Z38/Z24,)*1000 -> 0 | AA30: =Z30-Y30 -> -31000 | AB30: =+AB38/AB24*1000 -> 31000 | AC30: =IFERROR(AC38/AC24,)*1000 -> 123616.44 | AD30: =AC30-AB30 -> 92616.436
F31: 양산 | G31: =+IFERROR(HLOOKUP($A$1,[14]손익!$G$5:$AB$252,35,),) -> 0 | H31: =IFERROR(H39/H25,)*1000 -> 0 | I31: =H31-G31 -> 0 | J31: =+IFERROR(HLOOKUP($A$1,[14]손익!$G$5:$AB$252,44,),) -> 0 | K31: =IFERROR(K39/K25,)*1000 -> 9000 | L31: =K31-J31 -> 9000 | M31: =+IFERROR(HLOOKUP($A$1,[14]손익!$G$5:$AB$252,52,),) -> 0 | N31: =IFERROR(N39/N25,)*1000 -> 9000 | O31: =N31-M31 -> 9000 | P31: =+IFERROR(HLOOKUP($A$1,[15]손익!$G$5:$AB$252,34,),) -> 0 | Q31: =IFERROR(Q39/Q25,)*1000 -> 0 | R31: =Q31-P31 -> 0 | S31: =+IFERROR(HLOOKUP($A$1,[15]손익!$G$5:$AB$252,43,),) -> 0 | T31: =IFERROR(T39/T25,)*1000 -> 0 | U31: =T31-S31 -> 0 | V31: =+IFERROR(HLOOKUP($A$1,[15]손익!$G$5:$AB$252,52,),) -> 0 | W31: =IFERROR(W39/W25,)*1000 -> 0 | X31: =W31-V31 -> 0 | Y31: =IFERROR(Y39/Y25,)*1000 -> 34500 | Z31: =IFERROR(Z39/Z25,)*1000 -> 0 | AA31: =Z31-Y31 -> -34500 | AB31: =+AB39/AB25*1000 -> 34500 | AC31: =IFERROR(AC39/AC25,)*1000 -> 515.92357 | AD31: =AC31-AB31 -> -33984.076
F32: 창원 | G32: =+IFERROR(HLOOKUP($A$1,[14]손익!$G$5:$AB$252,36,),) -> 0 | H32: =IFERROR(H40/H26,)*1000 -> 11500 | I32: =H32-G32 -> 11500 | J32: =+IFERROR(HLOOKUP($A$1,[14]손익!$G$5:$AB$252,45,),) -> 0 | K32: =IFERROR(K40/K26,)*1000 -> 0 | L32: =K32-J32 -> 0 | M32: =+IFERROR(HLOOKUP($A$1,[14]손익!$G$5:$AB$252,53,),) -> 0 | N32: =IFERROR(N40/N26,)*1000 -> 11500 | O32: =N32-M32 -> 11500 | P32: =+IFERROR(HLOOKUP($A$1,[15]손익!$G$5:$AB$252,35,),) -> 0 | Q32: =IFERROR(Q40/Q26,)*1000 -> 0 | R32: =Q32-P32 -> 0 | S32: =+IFERROR(HLOOKUP($A$1,[15]손익!$G$5:$AB$252,44,),) -> 0 | T32: =IFERROR(T40/T26,)*1000 -> 0 | U32: =T32-S32 -> 0 | V32: =+IFERROR(HLOOKUP($A$1,[15]손익!$G$5:$AB$252,53,),) -> 0 | W32: =IFERROR(W40/W26,)*1000 -> 0 | X32: =W32-V32 -> 0 | Y32: =IFERROR(Y40/Y26,)*1000 -> 0 | Z32: =IFERROR(Z40/Z26,)*1000 -> 0 | AA32: =Z32-Y32 -> 0 | AB32: =+AB40/AB26*1000 -> #DIV/0! | AC32: =IFERROR(AC40/AC26,)*1000 -> 11500 | AD32: =AC32-AB32 -> #DIV/0!
E33: * 자가이송 운반비 : 부산 3,500 / 김해 3,500 / 정관 8,000 / 양산 5,000 / 창원 8,000
Z34: * 공통비
E35: 자가이송 | F35: 부산 | G35: =+IFERROR(HLOOKUP($A$1,[14]손익!$G$5:$AB$252,59,),) -> 0 | H35: =+IFERROR(VLOOKUP($F35,'[17]서부산(손익)'!$L$16:$R$29,4,),)/1000 -> 12800 | I35: =+H35-G35 -> 12800 | J35: =+IFERROR(HLOOKUP($A$1,[14]손익!$G$5:$AB$252,68,),) -> 0 | K35: =+IFERROR(VLOOKUP($F35,'[17]서부산(손익)'!$L$16:$R$29,3,),)/1000 -> 0 | L35: =+K35-J35 -> 0 | M35: =SUM(G35,J35) -> 0 | N35: =SUM(H35,K35) -> 12800 | O35: =+N35-M35 -> 12800 | P35: =+IFERROR(HLOOKUP($A$1,[15]손익!$G$5:$AB$252,57,),) -> 173813.78 | Q35: =+IFERROR(VLOOKUP($F35,'[17]부산크라샤(손익)'!$L$16:$R$29,3,),)/1000 -> 200830 | R35: =+Q35-P35 -> 27016.221 | S35: =+IFERROR(HLOOKUP($A$1,[15]손익!$G$5:$AB$252,66,),) -> 174693.93 | T35: =+IFERROR(VLOOKUP($F35,'[17]부산크라샤(손익)'!$L$16:$R$29,4,),)/1000 -> 202100 | U35: =+T35-S35 -> 27406.07 | V35: =SUM(P35,S35) -> 348507.71 | W35: =SUM(Q35,T35) -> 402930 | X35: =+W35-V35 -> 54422.291 | Y35: =+IFERROR(HLOOKUP($A$1,[16]이송계획!$G$70:$W$100,16,),)+IFERROR(HLOOKUP($A$1,[16]이송계획!$G$70:$W$100,23,),) -> 139493.94 | Z35: =+'[9]부산모래장(당월)'!R76 -> 163552.2 | AB35: =+M35+V35+Y35 -> 488001.65 | AC35: =+N35+W35+Z35 -> 579282.2 | AD35: =+AC35-AB35 -> 91280.554
E36: 매출액 | F36: 서부산 | G36: =+IFERROR(HLOOKUP($A$1,[14]손익!$G$5:$AB$252,60,),) -> 0 | H36: =+IFERROR(VLOOKUP($F36,'[17]서부산(손익)'!$L$16:$R$29,4,),)/1000 -> 233240 | I36: =+H36-G36 -> 233240 | J36: =+IFERROR(HLOOKUP($A$1,[14]손익!$G$5:$AB$252,69,),) -> 0 | K36: =+IFERROR(VLOOKUP($F36,'[17]서부산(손익)'!$L$16:$R$29,3,),)/1000 -> 0 | L36: =+K36-J36 -> 0 | M36: =SUM(G36,J36) -> 0 | N36: =SUM(H36,K36) -> 233240 | O36: =+N36-M36 -> 233240 | P36: =+IFERROR(HLOOKUP($A$1,[15]손익!$G$5:$AB$252,58,),) -> 0 | Q36: =+IFERROR(VLOOKUP($F36,'[17]부산크라샤(손익)'!$L$16:$R$29,3,),)/1000 -> 0 | R36: =+Q36-P36 -> 0 | S36: =+IFERROR(HLOOKUP($A$1,[15]손익!$G$5:$AB$252,67,),) -> 45129.29 | T36: =+IFERROR(VLOOKUP($F36,'[17]부산크라샤(손익)'!$L$16:$R$29,4,),)/1000 -> 72320 | U36: =+T36-S36 -> 27190.71 | V36: =SUM(P36,S36) -> 45129.29 | W36: =SUM(Q36,T36) -> 72320 | X36: =+W36-V36 -> 27190.71 | Y36: =+IFERROR(HLOOKUP($A$1,[16]이송계획!$G$70:$W$100,17,),)+IFERROR(HLOOKUP($A$1,[16]이송계획!$G$70:$W$100,24,),) -> 0 | Z36: =+'[9]부산모래장(당월)'!R77 -> 31360 | AB36: =+M36+V36+Y36 -> 45129.29 | AC36: =+N36+W36+Z36 -> 336920 | AD36: =+AC36-AB36 -> 291790.71
F37: 김해 | G37: =+IFERROR(HLOOKUP($A$1,[14]손익!$G$5:$AB$252,61,),) -> 0 | H37: =+IFERROR(VLOOKUP($F37,'[17]서부산(손익)'!$L$16:$R$29,4,),)/1000 -> 11408 | I37: =+H37-G37 -> 11408 | J37: =+IFERROR(HLOOKUP($A$1,[14]손익!$G$5:$AB$252,70,),) -> 0 | K37: =+IFERROR(VLOOKUP($F37,'[17]서부산(손익)'!$L$16:$R$29,3,),)/1000 -> 0 | L37: =+K37-J37 -> 0 | M37: =SUM(G37,J37) -> 0 | N37: =SUM(H37,K37) -> 11408 | O37: =+N37-M37 -> 11408 | P37: =+IFERROR(HLOOKUP($A$1,[15]손익!$G$5:$AB$252,59,),) -> 0 | Q37: =+IFERROR(VLOOKUP($F37,'[17]부산크라샤(손익)'!$L$16:$R$29,3,),)/1000 -> 0 | R37: =+Q37-P37 -> 0 | S37: =+IFERROR(HLOOKUP($A$1,[15]손익!$G$5:$AB$252,68,),) -> 0 | T37: =+IFERROR(VLOOKUP($F37,'[17]부산크라샤(손익)'!$L$16:$R$29,4,),)/1000 -> 0 | U37: =+T37-S37 -> 0 | V37: =SUM(P37,S37) -> 0 | W37: =SUM(Q37,T37) -> 0 | X37: =+W37-V37 -> 0 | Y37: =+IFERROR(HLOOKUP($A$1,[16]이송계획!$G$70:$W$100,18,),)+IFERROR(HLOOKUP($A$1,[16]이송계획!$G$70:$W$100,25,),) -> 43846.154 | Z37: =+'[9]부산모래장(당월)'!R78 -> 70007.552 | AB37: =+M37+V37+Y37 -> 43846.154 | AC37: =+N37+W37+Z37 -> 81415.552 | AD37: =+AC37-AB37 -> 37569.398
F38: 정관 | G38: =+IFERROR(HLOOKUP($A$1,[14]손익!$G$5:$AB$252,62,),) -> 0 | H38: =+IFERROR(VLOOKUP($F38,'[17]서부산(손익)'!$L$16:$R$29,4,),)/1000 -> 0 | I38: =+H38-G38 -> 0 | J38: =+IFERROR(HLOOKUP($A$1,[14]손익!$G$5:$AB$252,71,),) -> 0 | K38: =+IFERROR(VLOOKUP($F38,'[17]서부산(손익)'!$L$16:$R$29,3,),)/1000 -> 0 | L38: =+K38-J38 -> 0 | M38: =SUM(G38,J38) -> 0 | N38: =SUM(H38,K38) -> 0 | O38: =+N38-M38 -> 0 | P38: =+IFERROR(HLOOKUP($A$1,[15]손익!$G$5:$AB$252,60,),) -> 0 | Q38: =+IFERROR(VLOOKUP($F38,'[17]부산크라샤(손익)'!$L$16:$R$29,3,),)/1000 -> 0 | R38: =+Q38-P38 -> 0 | S38: =+IFERROR(HLOOKUP($A$1,[15]손익!$G$5:$AB$252,69,),) -> 0 | T38: =+IFERROR(VLOOKUP($F38,'[17]부산크라샤(손익)'!$L$16:$R$29,4,),)/1000 -> 11856 | U38: =+T38-S38 -> 11856 | V38: =SUM(P38,S38) -> 0 | W38: =SUM(Q38,T38) -> 11856 | X38: =+W38-V38 -> 11856 | Y38: =+IFERROR(HLOOKUP($A$1,[16]이송계획!$G$70:$W$100,19,),)+IFERROR(HLOOKUP($A$1,[16]이송계획!$G$70:$W$100,26,),) -> 129237.48 | Z38: =+'[9]부산모래장(당월)'!R79 -> 65280.656 | AB38: =+M38+V38+Y38 -> 129237.48 | AC38: =+N38+W38+Z38 -> 77136.656 | AD38: =+AC38-AB38 -> -52100.827
F39: 양산 | G39: =+IFERROR(HLOOKUP($A$1,[14]손익!$G$5:$AB$252,63,),) -> 0 | H39: =+IFERROR(VLOOKUP($F39,'[17]서부산(손익)'!$L$16:$R$29,4,),)/1000 -> 0 | I39: =+H39-G39 -> 0 | J39: =+IFERROR(HLOOKUP($A$1,[14]손익!$G$5:$AB$252,72,),) -> 0 | K39: =+IFERROR(VLOOKUP($F39,'[17]서부산(손익)'!$L$16:$R$29,3,),)/1000 -> 1296 | L39: =+K39-J39 -> 1296 | M39: =SUM(G39,J39) -> 0 | N39: =SUM(H39,K39) -> 1296 | O39: =+N39-M39 -> 1296 | P39: =+IFERROR(HLOOKUP($A$1,[15]손익!$G$5:$AB$252,61,),) -> 0 | Q39: =+IFERROR(VLOOKUP($F39,'[17]부산크라샤(손익)'!$L$16:$R$29,3,),)/1000 -> 0 | R39: =+Q39-P39 -> 0 | S39: =+IFERROR(HLOOKUP($A$1,[15]손익!$G$5:$AB$252,70,),) -> 0 | T39: =+IFERROR(VLOOKUP($F39,'[17]부산크라샤(손익)'!$L$16:$R$29,4,),)/1000 -> 0 | U39: =+T39-S39 -> 0 | V39: =SUM(P39,S39) -> 0 | W39: =SUM(Q39,T39) -> 0 | X39: =+W39-V39 -> 0 | Y39: =+IFERROR(HLOOKUP($A$1,[16]이송계획!$G$70:$W$100,20,),)+IFERROR(HLOOKUP($A$1,[16]이송계획!$G$70:$W$100,27,),) -> 21761.538 | Z39: =+'[9]부산모래장(당월)'!R80 -> 0 | AB39: =+M39+V39+Y39 -> 21761.538 | AC39: =+N39+W39+Z39 -> 1296 | AD39: =+AC39-AB39 -> -20465.538
F40: 창원 | G40: =+IFERROR(HLOOKUP($A$1,[14]손익!$G$5:$AB$252,64,),) -> 0 | H40: =+IFERROR(VLOOKUP($F40,'[17]서부산(손익)'!$L$16:$R$29,4,),)/1000 -> 12696 | I40: =+H40-G40 -> 12696 | J40: =+IFERROR(HLOOKUP($A$1,[14]손익!$G$5:$AB$252,73,),) -> 0 | K40: =+IFERROR(VLOOKUP($F40,'[17]서부산(손익)'!$L$16:$R$29,3,),)/1000 -> 0 | L40: =+K40-J40 -> 0 | M40: =SUM(G40,J40) -> 0 | N40: =SUM(H40,K40) -> 12696 | O40: =+N40-M40 -> 12696 | P40: =+IFERROR(HLOOKUP($A$1,[15]손익!$G$5:$AB$252,62,),) -> 0 | Q40: =+IFERROR(VLOOKUP($F40,'[17]부산크라샤(손익)'!$L$16:$R$29,3,),)/1000 -> 0 | R40: =+Q40-P40 -> 0 | S40: =+IFERROR(HLOOKUP($A$1,[15]손익!$G$5:$AB$252,71,),) -> 0 | T40: =+IFERROR(VLOOKUP($F40,'[17]부산크라샤(손익)'!$L$16:$R$29,4,),)/1000 -> 0 | U40: =+T40-S40 -> 0 | V40: =SUM(P40,S40) -> 0 | W40: =SUM(Q40,T40) -> 0 | X40: =+W40-V40 -> 0 | Y40: =+IFERROR(HLOOKUP($A$1,[16]이송계획!$G$70:$W$100,21,),)+IFERROR(HLOOKUP($A$1,[16]이송계획!$G$70:$W$100,28,),) -> 0 | AB40: =+M40+V40+Y40 -> 0 | AC40: =+N40+W40+Z40 -> 12696 | AD40: =+AC40-AB40 -> 12696
F41: 계 | G41: =SUM(G35:G40) -> 0 | H41: =SUM(H35:H40) -> 270144 | I41: =+H41-G41 -> 270144 | J41: =SUM(J35:J40) -> 0 | K41: =SUM(K35:K40) -> 1296 | L41: =+K41-J41 -> 1296 | M41: =SUM(G41,J41) -> 0 | N41: =SUM(H41,K41) -> 271440 | O41: =+N41-M41 -> 271440 | P41: =SUM(P35:P40) -> 173813.78 | Q41: =SUM(Q35:Q40) -> 200830 | R41: =+Q41-P41 -> 27016.221 | S41: =SUM(S35:S40) -> 219823.22 | T41: =SUM(T35:T40) -> 286276 | U41: =+T41-S41 -> 66452.779 | V41: =SUM(P41,S41) -> 393637 | W41: =SUM(Q41,T41) -> 487106 | X41: =+W41-V41 -> 93469.001 | Y41: =SUM(Y35:Y40) -> 334339.11 | Z41: =SUM(Z35:Z40) -> 330200.41 | AB41: =+M41+V41+Y41 -> 727976.11 | AC41: =+N41+W41+Z41 -> 1088746.4 | AD41: =+AC41-AB41 -> 360770.3
G42: =+G41=G13 -> TRUE | H42: =+H41=H13 -> TRUE | J42: =+J41=J13 -> TRUE | K42: =+K41=K13 -> TRUE | M42: =+M41=M13 -> TRUE | N42: =+N41=N13 -> TRUE | P42: =+P41=P13 -> TRUE | Q42: =+Q41=Q13 -> TRUE | S42: =+S41=S13 -> TRUE | T42: =+T41=T13 -> TRUE | V42: =+V41=V13 -> TRUE | W42: =+W41=W13 -> TRUE | Y42: =+Y41=Y13 -> TRUE | Z42: =+Z41=Z13 -> TRUE | AB42: =+AB41=AB13 -> TRUE | AC42: =+AC41=AC13 -> TRUE

Sheet 골재사업소(누계)
A1: 4월
D4: □ 2024년 골재사업소 손익(2024-04누계)
AD5: [단위 : ㎥, 천원]
D6: 계획 | E6: 구분 | G6: 서부산 쇄석 | J6: 서부산 쇄사 | M6: 서부산 소계 | P6: 부산크라샤 쇄석 | S6: 부산크라샤 쇄사 | V6: 부산크라샤 소계 | Y6: 부산 모래 | AB6: 골재사업소 계
G7: 계획 | H7: 실적 | I7: 차이 | J7: 계획 | K7: 실적 | L7: 차이 | M7: 계획 | N7: 실적 | O7: 차이 | P7: 계획 | Q7: 실적 | R7: 차이 | S7: 계획 | T7: 실적 | U7: 차이 | V7: 계획 | W7: 실적 | X7: 차이 | Y7: 계획 | Z7: 실적 | AA7: 차이 | AB7: 계획 | AC7: 실적 | AD7: 차이
E8: 판매량 | F8: 자가이송 | G8: =+'골재사업소(당월)'!G8+'[4]골재사업소(누계)'!G8 -> 21758 | H8: =+'골재사업소(당월)'!H8+'[4]골재사업소(누계)'!H8 -> 55218 | I8: =H8-G8 -> 33460 | J8: =+'골재사업소(당월)'!J8+'[4]골재사업소(누계)'!J8 -> 1751.6 | K8: =+'골재사업소(당월)'!K8+'[4]골재사업소(누계)'!K8 -> 1808 | L8: =K8-J8 -> 56.4 | M8: =+G8+J8 -> 23509.6 | N8: =+H8+K8 -> 57026 | O8: =N8-M8 -> 33516.4 | P8: =+'골재사업소(당월)'!P8+'[4]골재사업소(누계)'!P8 -> 39851.408 | Q8: =+'골재사업소(당월)'!Q8+'[4]골재사업소(누계)'!Q8 -> 42570 | R8: =Q8-P8 -> 2718.592 | S8: =+'골재사업소(당월)'!S8+'[4]골재사업소(누계)'!S8 -> 36079.578 | T8: =+'골재사업소(당월)'!T8+'[4]골재사업소(누계)'!T8 -> 49259 | U8: =T8-S8 -> 13179.422 | V8: =+P8+S8 -> 75930.986 | W8: =+Q8+T8 -> 91829 | X8: =W8-V8 -> 15898.014 | Y8: =+'골재사업소(당월)'!Y8+'[4]골재사업소(누계)'!Y8 -> 47727.774 | Z8: =+'골재사업소(당월)'!Z8+'[4]골재사업소(누계)'!Z8 -> 50069 | AA8: =Z8-Y8 -> 2341.2262 | AB8: =+M8+V8+Y8 -> 147168.36 | AC8: =+N8+W8+Z8 -> 198924 | AD8: =AC8-AB8 -> 51755.64
F9: % | G9: =+G8/G$12 -> 1 | H9: =+H8/H$12 -> 0.60983368 | I9: =+H9-G9 -> -0.39016632 | J9: =+J8/J$12 -> 1 | K9: =+K8/K$12 -> 0.19720768 | L9: =+K9-J9 -> -0.80279232 | M9: =+M8/M$12 -> 1 | N9: =+N8/N$12 -> 0.57189562 | O9: =+N9-M9 -> -0.42810438 | P9: =+P8/P$12 -> 0.62412732 | Q9: =+Q8/Q$12 -> 0.67176898 | R9: =+Q9-P9 -> 0.047641658 | S9: =+S8/S$12 -> 0.37164952 | T9: =+T8/T$12 -> 0.69095678 | U9: =+T9-S9 -> 0.31930727 | V9: =+V8/V$12 -> 0.47182328 | W9: =+W8/W$12 -> 0.68192721 | X9: =+W9-V9 -> 0.21010393 | Y9: =+Y8/Y$12 -> 0.63868855 | Z9: =+Z8/Z$12 -> 0.57759705 | AA9: =+Z9-Y9 -> -0.061091507 | AB9: =+AB8/AB$12 -> 0.56784848 | AC9: =+AC8/AC$12 -> 0.61958512 | AD9: =+AC9-AB9 -> 0.051736641
F10: 외부판매 | G10: =+'골재사업소(당월)'!G10+'[4]골재사업소(누계)'!G10 -> 0 | H10: =+'골재사업소(당월)'!H10+'[4]골재사업소(누계)'!H10 -> 35328 | I10: =H10-G10 -> 35328 | J10: =+'골재사업소(당월)'!J10+'[4]골재사업소(누계)'!J10 -> 0 | K10: =+'골재사업소(당월)'!K10+'[4]골재사업소(누계)'!K10 -> 7360 | L10: =K10-J10 -> 7360 | M10: =+G10+J10 -> 0 | N10: =+H10+K10 -> 42688 | O10: =N10-M10 -> 42688 | P10: =+'골재사업소(당월)'!P10+'[4]골재사업소(누계)'!P10 -> 24000 | Q10: =+'골재사업소(당월)'!Q10+'[4]골재사업소(누계)'!Q10 -> 20800 | R10: =Q10-P10 -> -3200 | S10: =+'골재사업소(당월)'!S10+'[4]골재사업소(누계)'!S10 -> 61000 | T10: =+'골재사업소(당월)'!T10+'[4]골재사업소(누계)'!T10 -> 22032 | U10: =T10-S10 -> -38968 | V10: =+P10+S10 -> 85000 | W10: =+Q10+T10 -> 42832 | X10: =W10-V10 -> -42168 | Y10: =+'골재사업소(당월)'!Y10+'[4]골재사업소(누계)'!Y10 -> 27000 | Z10: =+'골재사업소(당월)'!Z10+'[4]골재사업소(누계)'!Z10 -> 36616 | AA10: =Z10-Y10 -> 9616 | AB10: =+M10+V10+Y10 -> 112000 | AC10: =+N10+W10+Z10 -> 122136 | AD10: =AC10-AB10 -> 10136
F11: % | G11: =+G10/G$12 -> 0 | H11: =+H10/H$12 -> 0.39016632 | I11: =+H11-G11 -> 0.39016632 | J11: =+J10/J$12 -> 0 | K11: =+K10/K$12 -> 0.80279232 | L11: =+K11-J11 -> 0.80279232 | M11: =+M10/M$12 -> 0 | N11: =+N10/N$12 -> 0.42810438 | O11: =+N11-M11 -> 0.42810438 | P11: =+P10/P$12 -> 0.37587268 | Q11: =+Q10/Q$12 -> 0.32823102 | R11: =+Q11-P11 -> -0.047641658 | S11: =+S10/S$12 -> 0.62835048 | T11: =+T10/T$12 -> 0.30904322 | U11: =+T11-S11 -> -0.31930727 | V11: =+V10/V$12 -> 0.52817672 | W11: =+W10/W$12 -> 0.31807279 | X11: =+W11-V11 -> -0.21010393 | Y11: =+Y10/Y$12 -> 0.36131145 | Z11: =+Z10/Z$12 -> 0.42240295 | AA11: =+Z11-Y11 -> 0.061091507 | AB11: =+AB10/AB$12 -> 0.43215152 | AC11: =+AC10/AC$12 -> 0.38041488 | AD11: =+AC11-AB11 -> -0.051736641
F12: (소계) | G12: =G8+G10 -> 21758 | H12: =H8+H10 -> 90546 | I12: =H12-G12 -> 68788 | J12: =J8+J10 -> 1751.6 | K12: =K8+K10 -> 9168 | L12: =K12-J12 -> 7416.4 | M12: =M8+M10 -> 23509.6 | N12: =N8+N10 -> 99714 | O12: =N12-M12 -> 76204.4 | P12: =P8+P10 -> 63851.408 | Q12: =Q8+Q10 -> 63370 | R12: =Q12-P12 -> -481.40796 | S12: =S8+S10 -> 97079.578 | T12: =T8+T10 -> 71291 | U12: =T12-S12 -> -25788.578 | V12: =V8+V10 -> 160930.99 | W12: =W8+W10 -> 134661 | X12: =W12-V12 -> -26269.986 | Y12: =Y8+Y10 -> 74727.774 | Z12: =Z8+Z10 -> 86685 | AA12: =Z12-Y12 -> 11957.226 | AB12: =AB8+AB10 -> 259168.36 | AC12: =AC8+AC10 -> 321060 | AD12: =AC12-AB12 -> 61891.64 | AF12: =+'골재사업소(당월)'!AF12+'[4]골재사업소(누계)'!AF12 -> 259168.36 | AG12: =+'골재사업소(당월)'!AG12+'[4]골재사업소(누계)'!AG12 -> 321060
E13: 매출액 | F13: 자가이송 | G13: =+'골재사업소(당월)'!G13+'[4]골재사업소(누계)'!G13 -> 348128 | H13: =+'골재사업소(당월)'!H13+'[4]골재사업소(누계)'!H13 -> 893930 | I13: =H13-G13 -> 545802 | J13: =+'골재사업소(당월)'!J13+'[4]골재사업소(누계)'!J13 -> 18391.8 | K13: =+'골재사업소(당월)'!K13+'[4]골재사업소(누계)'!K13 -> 17232 | L13: =K13-J13 -> -1159.8 | M13: =+G13+J13 -> 366519.8 | N13: =+H13+K13 -> 911162 | O13: =N13-M13 -> 544642.2 | P13: =+'골재사업소(당월)'!P13+'[4]골재사업소(누계)'!P13 -> 637622.53 | Q13: =+'골재사업소(당월)'!Q13+'[4]골재사업소(누계)'!Q13 -> 744007 | R13: =Q13-P13 -> 106384.47 | S13: =+'골재사업소(당월)'!S13+'[4]골재사업소(누계)'!S13 -> 796354.16 | T13: =+'골재사업소(당월)'!T13+'[4]골재사업소(누계)'!T13 -> 1091106.5 | U13: =T13-S13 -> 294752.34 | V13: =+P13+S13 -> 1433976.7 | W13: =+Q13+T13 -> 1835113.5 | X13: =W13-V13 -> 401136.81 | Y13: =+'골재사업소(당월)'!Y13+'[4]골재사업소(누계)'!Y13 -> 1469226.4 | Z13: =+'골재사업소(당월)'!Z13+'[4]골재사업소(누계)'!Z13 -> 1507138.1 | AA13: =Z13-Y13 -> 37911.656 | AB13: =+M13+V13+Y13 -> 3269722.9 | AC13: =+N13+W13+Z13 -> 4253413.6 | AD13: =AC13-AB13 -> 983690.67 | AF13: =+AF12=AB12 -> TRUE | AG13: =+AG12=AC12 -> TRUE
F14: 단가 | G14: =+G13/G8*1000 -> 16000 | H14: =+H13/H8*1000 -> 16189.105 | I14: =H14-G14 -> 189.105 | J14: =+J13/J8*1000 -> 10500 | K14: =+K13/K8*1000 -> 9530.9735 | L14: =K14-J14 -> -969.02655 | M14: =+M13/M8*1000 -> 15590.218 | N14: =+N13/N8*1000 -> 15978.01 | O14: =N14-M14 -> 387.79157 | P14: =+P13/P8*1000 -> 16000 | Q14: =+Q13/Q8*1000 -> 17477.261 | R14: =Q14-P14 -> 1477.261 | S14: =+S13/S8*1000 -> 22072.158 | T14: =+T13/T8*1000 -> 22150.399 | U14: =T14-S14 -> 78.240737 | V14: =+V13/V8*1000 -> 18885.264 | W14: =+W13/W8*1000 -> 19984.03 | X14: =W14-V14 -> 1098.7666 | Y14: =+Y13/Y8*1000 -> 30783.469 | Z14: =+Z13/Z8*1000 -> 30101.222 | AA14: =Z14-Y14 -> -682.24665 | AB14: =+AB13/AB8*1000 -> 22217.567 | AC14: =+AC13/AC8*1000 -> 21382.104 | AD14: =AC14-AB14 -> -835.46346
F15: 외부판매 | G15: =+'골재사업소(당월)'!G15+'[4]골재사업소(누계)'!G15 -> 0 | H15: =+'골재사업소(당월)'!H15+'[4]골재사업소(누계)'!H15 -> 414128 | I15: =H15-G15 -> 414128 | J15: =+'골재사업소(당월)'!J15+'[4]골재사업소(누계)'!J15 -> 0 | K15: =+'골재사업소(당월)'!K15+'[4]골재사업소(누계)'!K15 -> 59072 | L15: =K15-J15 -> 59072 | M15: =+G15+J15 -> 0 | N15: =+H15+K15 -> 473200 | O15: =N15-M15 -> 473200 | P15: =+'골재사업소(당월)'!P15+'[4]골재사업소(누계)'!P15 -> 288000 | Q15: =+'골재사업소(당월)'!Q15+'[4]골재사업소(누계)'!Q15 -> 270400 | R15: =Q15-P15 -> -17600 | S15: =+'골재사업소(당월)'!S15+'[4]골재사업소(누계)'!S15 -> 1159000 | T15: =+'골재사업소(당월)'!T15+'[4]골재사업소(누계)'!T15 -> 402080 | U15: =T15-S15 -> -756920 | V15: =+P15+S15 -> 1447000 | W15: =+Q15+T15 -> 672480 | X15: =W15-V15 -> -774520 | Y15: =+'골재사업소(당월)'!Y15+'[4]골재사업소(누계)'!Y15 -> 847500 | Z15: =+'골재사업소(당월)'!Z15+'[4]골재사업소(누계)'!Z15 -> 1129336 | AA15: =Z15-Y15 -> 281836 | AB15: =+M15+V15+Y15 -> 2294500 | AC15: =+N15+W15+Z15 -> 2275016 | AD15: =AC15-AB15 -> -19484
F16: 단가 | G16: =IFERROR(G15/G10,)*1000 -> 0 | H16: =IFERROR(H15/H10,)*1000 -> 11722.373 | I16: =H16-G16 -> 11722.373 | J16: =IFERROR(J15/J10,)*1000 -> 0 | K16: =IFERROR(K15/K10,)*1000 -> 8026.087 | L16: =K16-J16 -> 8026.087 | M16: =IFERROR(M15/M10,)*1000 -> 0 | N16: =IFERROR(N15/N10,)*1000 -> 11085.082 | O16: =N16-M16 -> 11085.082 | P16: =IFERROR(P15/P10,)*1000 -> 12000 | Q16: =IFERROR(Q15/Q10,)*1000 -> 13000 | R16: =Q16-P16 -> 1000 | S16: =IFERROR(S15/S10,)*1000 -> 19000 | T16: =IFERROR(T15/T10,)*1000 -> 18249.818 | U16: =T16-S16 -> -750.18155 | V16: =IFERROR(V15/V10,)*1000 -> 17023.529 | W16: =IFERROR(W15/W10,)*1000 -> 15700.411 | X16: =W16-V16 -> -1323.1185 | Y16: =IFERROR(Y15/Y10,)*1000 -> 31388.889 | Z16: =IFERROR(Z15/Z10,)*1000 -> 30842.692 | AA16: =Z16-Y16 -> -546.19717 | AB16: =IFERROR(AB15/AB10,)*1000 -> 20486.607 | AC16: =IFERROR(AC15/AC10,)*1000 -> 18626.908 | AD16: =AC16-AB16 -> -1859.6994
F17: (소계) | G17: =G13+G15 -> 348128 | H17: =H13+H15 -> 1308058 | I17: =H17-G17 -> 959930 | J17: =J13+J15 -> 18391.8 | K17: =K13+K15 -> 76304 | L17: =K17-J17 -> 57912.2 | M17: =M13+M15 -> 366519.8 | N17: =N13+N15 -> 1384362 | O17: =N17-M17 -> 1017842.2 | P17: =P13+P15 -> 925622.53 | Q17: =Q13+Q15 -> 1014407 | R17: =Q17-P17 -> 88784.473 | S17: =S13+S15 -> 1955354.2 | T17: =T13+T15 -> 1493186.5 | U17: =T17-S17 -> -462167.66 | V17: =V13+V15 -> 2880976.7 | W17: =W13+W15 -> 2507593.5 | X17: =W17-V17 -> -373383.19 | Y17: =Y13+Y15 -> 2316726.4 | Z17: =Z13+Z15 -> 2636474.1 | AA17: =Z17-Y17 -> 319747.66 | AB17: =AB13+AB15 -> 5564222.9 | AC17: =AC13+AC15 -> 6528429.6 | AD17: =AC17-AB17 -> 964206.67 | AF17: =+'골재사업소(당월)'!AF17+'[4]골재사업소(누계)'!AF17 -> 5564222.9 | AG17: =+'골재사업소(당월)'!AG17+'[4]골재사업소(누계)'!AG17 -> 6528429.6
E18: 영업이익 | F18: 자가이송 | G18: =+'골재사업소(당월)'!G18+'[4]골재사업소(누계)'!G18 -> -45595.468 | H18: =+'골재사업소(당월)'!H18+'[4]골재사업소(누계)'!H18 -> 193635.05 | I18: =H18-G18 -> 239230.52 | J18: =+'골재사업소(당월)'!J18+'[4]골재사업소(누계)'!J18 -> 2033.3023 | K18: =+'골재사업소(당월)'!K18+'[4]골재사업소(누계)'!K18 -> 8485.0301 | L18: =K18-J18 -> 6451.7278 | M18: =+G18+J18 -> -43562.166 | N18: =+H18+K18 -> 202120.08 | O18: =N18-M18 -> 245682.25 | P18: =+'골재사업소(당월)'!P18+'[4]골재사업소(누계)'!P18 -> -62133.285 | Q18: =+'골재사업소(당월)'!Q18+'[4]골재사업소(누계)'!Q18 -> 5330.9462 | R18: =Q18-P18 -> 67464.232 | S18: =+'골재사업소(당월)'!S18+'[4]골재사업소(누계)'!S18 -> 157543.3 | T18: =+'골재사업소(당월)'!T18+'[4]골재사업소(누계)'!T18 -> 239662.99 | U18: =T18-S18 -> 82119.69 | V18: =+P18+S18 -> 95410.015 | W18: =+Q18+T18 -> 244993.94 | X18: =W18-V18 -> 149583.92 | Y18: =+'골재사업소(당월)'!Y18+'[4]골재사업소(누계)'!Y18 -> 67275.64 | Z18: =+'골재사업소(당월)'!Z18+'[4]골재사업소(누계)'!Z18 -> 148415.5 | AA18: =Z18-Y18 -> 81139.856 | AB18: =+M18+V18+Y18 -> 119123.49 | AC18: =+N18+W18+Z18 -> 595529.52 | AD18: =AC18-AB18 -> 476406.03 | AF18: =+AF17=AB17 -> FALSE | AG18: =+AG17=AC17 -> TRUE
F19: 외부판매 | G19: =+'골재사업소(당월)'!G19+'[4]골재사업소(누계)'!G19 -> 0 | H19: =+'골재사업소(당월)'!H19+'[4]골재사업소(누계)'!H19 -> -25679.843 | I19: =H19-G19 -> -25679.843 | J19: =+'골재사업소(당월)'!J19+'[4]골재사업소(누계)'!J19 -> 0 | K19: =+'골재사업소(당월)'!K19+'[4]골재사업소(누계)'!K19 -> 21668.361 | L19: =K19-J19 -> 21668.361 | M19: =+G19+J19 -> 0 | N19: =+H19+K19 -> -4011.4826 | O19: =N19-M19 -> -4011.4826 | P19: =+'골재사업소(당월)'!P19+'[4]골재사업소(누계)'!P19 -> -132028.78 | Q19: =+'골재사업소(당월)'!Q19+'[4]골재사업소(누계)'!Q19 -> -87723.209 | R19: =Q19-P19 -> 44305.576 | S19: =+'골재사업소(당월)'!S19+'[4]골재사업소(누계)'!S19 -> 80896.633 | T19: =+'골재사업소(당월)'!T19+'[4]골재사업소(누계)'!T19 -> 23242.123 | U19: =T19-S19 -> -57654.511 | V19: =+P19+S19 -> -51132.151 | W19: =+Q19+T19 -> -64481.086 | X19: =W19-V19 -> -13348.934 | Y19: =+'골재사업소(당월)'!Y19+'[4]골재사업소(누계)'!Y19 -> 40732.234 | Z19: =+'골재사업소(당월)'!Z19+'[4]골재사업소(누계)'!Z19 -> 45961.191 | AA19: =Z19-Y19 -> 5228.9572 | AB19: =+M19+V19+Y19 -> -10399.918 | AC19: =+N19+W19+Z19 -> -22531.377 | AD19: =AC19-AB19 -> -12131.46
F20: (소계) | G20: =G18+G19 -> -45595.468 | H20: =H18+H19 -> 167955.21 | I20: =H20-G20 -> 213550.68 | J20: =J18+J19 -> 2033.3023 | K20: =K18+K19 -> 30153.391 | L20: =K20-J20 -> 28120.088 | M20: =M18+M19 -> -43562.166 | N20: =N18+N19 -> 198108.6 | O20: =N20-M20 -> 241670.77 | P20: =P18+P19 -> -194162.07 | Q20: =Q18+Q19 -> -82392.262 | R20: =Q20-P20 -> 111769.81 | S20: =S18+S19 -> 238439.93 | T20: =T18+T19 -> 262905.11 | U20: =T20-S20 -> 24465.18 | V20: =V18+V19 -> 44277.864 | W20: =W18+W19 -> 180512.85 | X20: =W20-V20 -> 136234.99 | Y20: =Y18+Y19 -> 108007.87 | Z20: =Z18+Z19 -> 194376.69 | AA20: =Z20-Y20 -> 86368.814 | AB20: =AB18+AB19 -> 108723.57 | AC20: =AC18+AC19 -> 572998.14 | AD20: =AC20-AB20 -> 464274.57 | AF20: =+'골재사업소(당월)'!AF20+'[4]골재사업소(누계)'!AF20 -> 108723.57 | AG20: =+'골재사업소(당월)'!AG20+'[4]골재사업소(누계)'!AG20 -> 572998.14
E21: 자가이송 | F21: 부산 | G21: =+'골재사업소(당월)'!G21+'[4]골재사업소(누계)'!G21 -> 0 | H21: =+'골재사업소(당월)'!H21+'[4]골재사업소(누계)'!H21 -> 3888 | I21: =H21-G21 -> 3888 | J21: =+'골재사업소(당월)'!J21+'[4]골재사업소(누계)'!J21 -> 0 | K21: =+'골재사업소(당월)'!K21+'[4]골재사업소(누계)'!K21 -> 0 | L21: =K21-J21 -> 0 | M21: =+G21+J21 -> 0 | N21: =+H21+K21 -> 3888 | O21: =N21-M21 -> 3888 | P21: =+'골재사업소(당월)'!P21+'[4]골재사업소(누계)'!P21 -> 39851.408 | Q21: =+'골재사업소(당월)'!Q21+'[4]골재사업소(누계)'!Q21 -> 42394 | R21: =Q21-P21 -> 2542.592 | S21: =+'골재사업소(당월)'!S21+'[4]골재사업소(누계)'!S21 -> 27710.543 | T21: =+'골재사업소(당월)'!T21+'[4]골재사업소(누계)'!T21 -> 30923 | U21: =T21-S21 -> 3212.457 | V21: =+P21+S21 -> 67561.951 | W21: =+Q21+T21 -> 73317 | X21: =W21-V21 -> 5755.049 | Y21: =+'골재사업소(당월)'!Y21+'[4]골재사업소(누계)'!Y21 -> 15622.284 | Z21: =+'골재사업소(당월)'!Z21+'[4]골재사업소(누계)'!Z21 -> 18133 | AA21: =Z21-Y21 -> 2510.7157 | AB21: =+M21+V21+Y21 -> 83184.235 | AC21: =+N21+W21+Z21 -> 95338 | AD21: =AC21-AB21 -> 12153.765 | AF21: =+AF20=AB20 -> TRUE | AG21: =+AG20=AC20 -> FALSE
E22: 물량 | F22: 서부산 | G22: =+'골재사업소(당월)'!G22+'[4]골재사업소(누계)'!G22 -> 21758 | H22: =+'골재사업소(당월)'!H22+'[4]골재사업소(누계)'!H22 -> 46370 | I22: =H22-G22 -> 24612 | J22: =+'골재사업소(당월)'!J22+'[4]골재사업소(누계)'!J22 -> 1751.6 | K22: =+'골재사업소(당월)'!K22+'[4]골재사업소(누계)'!K22 -> 640 | L22: =K22-J22 -> -1111.6 | M22: =+G22+J22 -> 23509.6 | N22: =+H22+K22 -> 47010 | O22: =N22-M22 -> 23500.4 | P22: =+'골재사업소(당월)'!P22+'[4]골재사업소(누계)'!P22 -> 0 | Q22: =+'골재사업소(당월)'!Q22+'[4]골재사업소(누계)'!Q22 -> 176 | R22: =Q22-P22 -> 176 | S22: =+'골재사업소(당월)'!S22+'[4]골재사업소(누계)'!S22 -> 8369.0355 | T22: =+'골재사업소(당월)'!T22+'[4]골재사업소(누계)'!T22 -> 16032 | U22: =T22-S22 -> 7662.9645 | V22: =+P22+S22 -> 8369.0355 | W22: =+Q22+T22 -> 16208 | X22: =W22-V22 -> 7838.9645 | Y22: =+'골재사업소(당월)'!Y22+'[4]골재사업소(누계)'!Y22 -> 6926.8252 | Z22: =+'골재사업소(당월)'!Z22+'[4]골재사업소(누계)'!Z22 -> 10320 | AA22: =Z22-Y22 -> 3393.1748 | AB22: =+M22+V22+Y22 -> 38805.461 | AC22: =+N22+W22+Z22 -> 73538 | AD22: =AC22-AB22 -> 34732.539 | AF22: =+AB20-AF20 -> 1.891749e-10 | AG22: =+AC20-AG20 -> 9.9998433e-06
F23: 김해 | G23: =+'골재사업소(당월)'!G23+'[4]골재사업소(누계)'!G23 -> 0 | H23: =+'골재사업소(당월)'!H23+'[4]골재사업소(누계)'!H23 -> 3696 | I23: =H23-G23 -> 3696 | J23: =+'골재사업소(당월)'!J23+'[4]골재사업소(누계)'!J23 -> 0 | K23: =+'골재사업소(당월)'!K23+'[4]골재사업소(누계)'!K23 -> 0 | L23: =K23-J23 -> 0 | M23: =+G23+J23 -> 0 | N23: =+H23+K23 -> 3696 | O23: =N23-M23 -> 3696 | P23: =+'골재사업소(당월)'!P23+'[4]골재사업소(누계)'!P23 -> 0 | Q23: =+'골재사업소(당월)'!Q23+'[4]골재사업소(누계)'!Q23 -> 0 | R23: =Q23-P23 -> 0 | S23: =+'골재사업소(당월)'!S23+'[4]골재사업소(누계)'!S23 -> 0 | T23: =+'골재사업소(당월)'!T23+'[4]골재사업소(누계)'!T23 -> 0 | U23: =T23-S23 -> 0 | V23: =+P23+S23 -> 0 | W23: =+Q23+T23 -> 0 | X23: =W23-V23 -> 0 | Y23: =+'골재사업소(당월)'!Y23+'[4]골재사업소(누계)'!Y23 -> 5713.2867 | Z23: =+'골재사업소(당월)'!Z23+'[4]골재사업소(누계)'!Z23 -> 0 | AA23: =Z23-Y23 -> -5713.2867 | AB23: =+M23+V23+Y23 -> 5713.2867 | AC23: =+N23+W23+Z23 -> 3696 | AD23: =AC23-AB23 -> -2017.2867
F24: 정관 | G24: =+'골재사업소(당월)'!G24+'[4]골재사업소(누계)'!G24 -> 0 | H24: =+'골재사업소(당월)'!H24+'[4]골재사업소(누계)'!H24 -> 0 | I24: =H24-G24 -> 0 | J24: =+'골재사업소(당월)'!J24+'[4]골재사업소(누계)'!J24 -> 0 | K24: =+'골재사업소(당월)'!K24+'[4]골재사업소(누계)'!K24 -> 0 | L24: =K24-J24 -> 0 | M24: =+G24+J24 -> 0 | N24: =+H24+K24 -> 0 | O24: =N24-M24 -> 0 | P24: =+'골재사업소(당월)'!P24+'[4]골재사업소(누계)'!P24 -> 0 | Q24: =+'골재사업소(당월)'!Q24+'[4]골재사업소(누계)'!Q24 -> 0 | R24: =Q24-P24 -> 0 | S24: =+'골재사업소(당월)'!S24+'[4]골재사업소(누계)'!S24 -> 0 | T24: =+'골재사업소(당월)'!T24+'[4]골재사업소(누계)'!T24 -> 2064 | U24: =T24-S24 -> 2064 | V24: =+P24+S24 -> 0 | W24: =+Q24+T24 -> 2064 | X24: =W24-V24 -> 2064 | Y24: =+'골재사업소(당월)'!Y24+'[4]골재사업소(누계)'!Y24 -> 16212.587 | Z24: =+'골재사업소(당월)'!Z24+'[4]골재사업소(누계)'!Z24 -> 0 | AA24: =Z24-Y24 -> -16212.587 | AB24: =+M24+V24+Y24 -> 16212.587 | AC24: =+N24+W24+Z24 -> 2064 | AD24: =AC24-AB24 -> -14148.587
F25: 양산 | G25: =+'골재사업소(당월)'!G25+'[4]골재사업소(누계)'!G25 -> 0 | H25: =+'골재사업소(당월)'!H25+'[4]골재사업소(누계)'!H25 -> 0 | I25: =H25-G25 -> 0 | J25: =+'골재사업소(당월)'!J25+'[4]골재사업소(누계)'!J25 -> 0 | K25: =+'골재사업소(당월)'!K25+'[4]골재사업소(누계)'!K25 -> 928 | L25: =K25-J25 -> 928 | M25: =+G25+J25 -> 0 | N25: =+H25+K25 -> 928 | O25: =N25-M25 -> 928 | P25: =+'골재사업소(당월)'!P25+'[4]골재사업소(누계)'!P25 -> 0 | Q25: =+'골재사업소(당월)'!Q25+'[4]골재사업소(누계)'!Q25 -> 0 | R25: =Q25-P25 -> 0 | S25: =+'골재사업소(당월)'!S25+'[4]골재사업소(누계)'!S25 -> 0 | T25: =+'골재사업소(당월)'!T25+'[4]골재사업소(누계)'!T25 -> 240 | U25: =T25-S25 -> 240 | V25: =+P25+S25 -> 0 | W25: =+Q25+T25 -> 240 | X25: =W25-V25 -> 240 | Y25: =+'골재사업소(당월)'!Y25+'[4]골재사업소(누계)'!Y25 -> 3252.7902 | Z25: =+'골재사업소(당월)'!Z25+'[4]골재사업소(누계)'!Z25 -> 8624 | AA25: =Z25-Y25 -> 5371.2098 | AB25: =+M25+V25+Y25 -> 3252.7902 | AC25: =+N25+W25+Z25 -> 9792 | AD25: =AC25-AB25 -> 6539.2098
F26: 창원 | G26: =+'골재사업소(당월)'!G26+'[4]골재사업소(누계)'!G26 -> 0 | H26: =+'골재사업소(당월)'!H26+'[4]골재사업소(누계)'!H26 -> 1264 | I26: =H26-G26 -> 1264 | J26: =+'골재사업소(당월)'!J26+'[4]골재사업소(누계)'!J26 -> 0 | K26: =+'골재사업소(당월)'!K26+'[4]골재사업소(누계)'!K26 -> 240 | L26: =K26-J26 -> 240 | M26: =+G26+J26 -> 0 | N26: =+H26+K26 -> 1504 | O26: =N26-M26 -> 1504 | P26: =+'골재사업소(당월)'!P26+'[4]골재사업소(누계)'!P26 -> 0 | Q26: =+'골재사업소(당월)'!Q26+'[4]골재사업소(누계)'!Q26 -> 0 | R26: =Q26-P26 -> 0 | S26: =+'골재사업소(당월)'!S26+'[4]골재사업소(누계)'!S26 -> 0 | T26: =+'골재사업소(당월)'!T26+'[4]골재사업소(누계)'!T26 -> 0 | U26: =T26-S26 -> 0 | V26: =+P26+S26 -> 0 | W26: =+Q26+T26 -> 0 | X26: =W26-V26 -> 0 | Y26: =+'골재사업소(당월)'!Y26+'[4]골재사업소(누계)'!Y26 -> 0 | Z26: =+'골재사업소(당월)'!Z26+'[4]골재사업소(누계)'!Z26 -> 0 | AA26: =Z26-Y26 -> 0 | AB26: =+M26+V26+Y26 -> 0 | AC26: =+N26+W26+Z26 -> 1504 | AD26: =AC26-AB26 -> 1504
E27: 자가이송 | F27: 부산 | G27: =IFERROR(G35/G21,)*1000 -> 0 | H27: =IFERROR(H35/H21,)*1000 -> 12500 | I27: =H27-G27 -> 12500 | J27: =IFERROR(J35/J21,)*1000 -> 0 | K27: =IFERROR(K35/K21,)*1000 -> 0 | L27: =K27-J27 -> 0 | M27: =+IFERROR(HLOOKUP($A$1,[14]손익!$G$5:$AB$252,48,),) -> 0 | N27: =IFERROR(N35/N21,)*1000 -> 12500 | O27: =N27-M27 -> 12500 | P27: =IFERROR(P35/P21,)*1000 -> 16000 | Q27: =IFERROR(Q35/Q21,)*1000 -> 17500 | R27: =Q27-P27 -> 1500 | S27: =IFERROR(S35/S21,)*1000 -> 23000 | T27: =IFERROR(T35/T21,)*1000 -> 23500 | U27: =T27-S27 -> 500 | V27: =+IFERROR(HLOOKUP($A$1,[15]손익!$G$5:$AB$252,48,),) -> 18880.353 | W27: =IFERROR(W35/W21,)*1000 -> 20030.627 | X27: =W27-V27 -> 1150.2741 | Y27: =IFERROR(Y35/Y21,)*1000 -> 32880.892 | Z27: =IFERROR(Z35/Z21,)*1000 -> 32706.469 | AA27: =Z27-Y27 -> -174.42284 | AB27: =+AB35/AB21*1000 -> 21502.147 | AC27: =IFERROR(AC35/AC21,)*1000 -> 22134.426 | AD27: =AC27-AB27 -> 632.27894
E28: 단가 | F28: 서부산 | G28: =IFERROR(G36/G22,)*1000 -> 16000 | H28: =IFERROR(H36/H22,)*1000 -> 17000 | I28: =H28-G28 -> 1000 | J28: =IFERROR(J36/J22,)*1000 -> 10500 | K28: =IFERROR(K36/K22,)*1000 -> 10500 | L28: =K28-J28 -> 0 | M28: =+IFERROR(HLOOKUP($A$1,[14]손익!$G$5:$AB$252,49,),) -> 0 | N28: =IFERROR(N36/N22,)*1000 -> 16911.508 | O28: =N28-M28 -> 16911.508 | P28: =IFERROR(P36/P22,)*1000 -> 0 | Q28: =IFERROR(Q36/Q22,)*1000 -> 12000 | R28: =Q28-P28 -> 12000 | S28: =IFERROR(S36/S22,)*1000 -> 19000 | T28: =IFERROR(T36/T22,)*1000 -> 20000 | U28: =T28-S28 -> 1000 | V28: =+IFERROR(HLOOKUP($A$1,[15]손익!$G$5:$AB$252,49,),) -> 19000 | W28: =IFERROR(W36/W22,)*1000 -> 19913.129 | X28: =W28-V28 -> 913.12932 | Y28: =IFERROR(Y36/Y22,)*1000 -> 28000 | Z28: =IFERROR(Z36/Z22,)*1000 -> 28009.239 | AA28: =Z28-Y28 -> 9.2387597 | AB28: =+AB36/AB22*1000 -> 18540.756 | AC28: =IFERROR(AC36/AC22,)*1000 -> 19130.481 | AD28: =AC28-AB28 -> 589.7254
