Workbook

Sheet 파워BI용
B2: 구분 | D2: 계획 | E2: 실적 | F2: 차이 | G2: 전년 | H2: 차이 | J2: 캡쳐도구 사용 → PNG 저장 → 파워BI 삽입 → 이미지
B3: 판매량 | C3: 레미콘 | D3: =+'사업장별(누계)_건자재제외'!$J$27 -> 2438.5 | E3: =+'사업장별(누계)_건자재제외'!$K$27 -> 2103.4088 | F3: =+E3/D3 -> 0.86258307 | G3: =+'사업장별(누계)_건자재제외'!$M$27 -> 2528.7135 | H3: =+E3/G3 -> 0.83180986
C4: 골재 | D4: =+'사업장별(누계)_건자재제외'!$J$31 -> 863.24609 | E4: =+'사업장별(누계)_건자재제외'!$K$31 -> 583.443 | F4: =+E4/D4 -> 0.675871 | G4: =+'사업장별(누계)_건자재제외'!$M$31 -> 654.215 | H4: =+E4/G4 -> 0.8918215
B5: 매출액 | C5: 레미콘 | D5: =+'사업장별(누계)_건자재제외'!$O$27 -> 245750.61 | E5: =+'사업장별(누계)_건자재제외'!$P$27 -> 206858.46 | F5: =+E5-D5 -> -38892.152 | G5: =+'사업장별(누계)_건자재제외'!$R$27 -> 255794.31 | H5: =+E5-G5 -> -48935.848
C6: 골재 | D6: =+'사업장별(누계)_건자재제외'!$O$31 -> 15946.555 | E6: =+'사업장별(누계)_건자재제외'!$P$31 -> 12077.289 | F6: =+E6-D6 -> -3869.2662 | G6: =+'사업장별(누계)'!$R$32 -> 13129.786 | H6: =+E6-G6 -> -1052.4966
C7: 기타 | D7: =+D8-D5-D6 -> 1356.4735 | E7: =+E8-E5-E6 -> 1185.8852 | F7: =+E7-D7 -> -170.58829 | G7: =+G8-G5-G6 -> 1489.8753 | H7: =+E7-G7 -> -303.99013
C8: 계 | D8: =+'사업장별(누계)_건자재제외'!$O$42 -> 263053.64 | E8: =+'사업장별(누계)_건자재제외'!$P$42 -> 220121.64 | F8: =+E8-D8 -> -42932.007 | G8: =+'사업장별(누계)_건자재제외'!$R$42 -> 270413.97 | H8: =+E8-G8 -> -50292.334
B9: 영업이익 | C9: 레미콘 | D9: =+('사업장별(누계)_건자재제외'!$T$27+'사업장별(누계)_건자재제외'!$T$34) -> 8603.7624 | E9: =+'사업장별(누계)_건자재제외'!$U$27+'사업장별(누계)_건자재제외'!$U$34 -> -3531.9282 | F9: =+E9-D9 -> -12135.691 | G9: =+'사업장별(누계)_건자재제외'!$W$27+'사업장별(누계)_건자재제외'!$W$34 -> 15240.027 | H9: =+E9-G9 -> -18771.955
C10: (%) | D10: =+D9/D5 -> 0.035010136 | E10: =+E9/E5 -> -0.01707413 | F10: =+E10-D10 -> -0.052084266 | G10: =+G9/G5 -> 0.059579225 | H10: =+E10-G10 -> -0.076653355
C11: 골재 | D11: =+'사업장별(누계)_건자재제외'!$T$31 -> 1514.359 | E11: =+'사업장별(누계)_건자재제외'!$U$31 -> -703.90962 | F11: =+E11-D11 -> -2218.2686 | G11: =+'사업장별(누계)_건자재제외'!$W$31 -> 145.9626 | H11: =+E11-G11 -> -849.87222
C12: 기타 | D12: =+D13-D9-D11 -> 225.70208 | E12: =+E13-E9-E11 -> -1434.6246 | F12: =+E12-D12 -> -1660.3267 | G12: =+G13-G9-G11 -> 547.37753 | H12: =+E12-G12 -> -1982.0021
C13: 계 | D13: =+'사업장별(누계)_건자재제외'!$T$42 -> 10343.823 | E13: =+'사업장별(누계)_건자재제외'!$U$42 -> -5670.4625 | F13: =+E13-D13 -> -16014.286 | G13: =+'사업장별(누계)_건자재제외'!$W$42 -> 15933.367 | H13: =+E13-G13 -> -21603.829
D14: =+D13/D8 -> 0.039322107 | E14: =+E13/E8 -> -0.025760587 | F14: =+E14-D14 -> -0.065082694 | G14: =+G13/G8 -> 0.058922129 | H14: =+E14-G14 -> -0.084682715

Sheet 표지
A6: 2025년 9월 마감 손익
A24: 건재사업본부

Sheet 손익총괄
C3: □ 건재사업본부 손익실적(2025-09)
X4: [단위 : 천㎥, 톤, 원/㎥, 원/톤, 백만원]
C5: 구분 | E5: 9월 | J5: 9월 누계 | P5: 9월 주요지표
E6: 계획 | F6: 실적 | G6: 계획대비 | H6: 전년 | I6: 전년대비 | J6: 계획 | K6: 실적 | L6: 계획대비 | M6: 전년 | N6: 전년대비
C7: 물량 | D7: 레미콘 | E7: =+'[1]9월'!$Z$7/1000 -> 300 | F7: =+'[2]9월'!$Z$7/1000 -> 250.341 | G7: =+F7-E7 -> -49.659 | H7: =+'[3]9월'!$Z$7/1000 -> 236.2843 | I7: =+F7-H7 -> 14.0567 | J7: =+'[1]9월누계'!$Z$7/1000 -> 2438.5 | K7: =+'[2]9월누계'!$Z$7/1000 -> 2103.4088 | L7: =+K7-J7 -> -335.09118 | M7: =+'[3]9월누계'!$Z$7/1000 -> 2528.7135 | N7: =+K7-M7 -> -425.30468 | Q7: □ 레미콘
D8: 철강재 | E8: =+'[1]9월'!$AA$7 -> 12600 | F8: =+'[2]9월'!$AO$7 -> 7943.905 | G8: =+F8-E8 -> -4656.095 | H8: =+'[3]9월'!$AO$7 -> 7354.628 | I8: =+F8-H8 -> 589.277 | J8: =+'[1]9월누계'!$AA$7 -> 100900 | K8: =+'[2]9월누계'!$AO$7 -> 84893.855 | L8: =+K8-J8 -> -16006.145 | M8: =+'[3]9월누계'!$AO$7 -> 77967.344 | N8: =+K8-M8 -> 6926.511 | Q8: 구분 | S8: 계획 | T8: 실적 | U8: 계획대비 | V8: 전년 | W8: 전년대비
D9: 골재 | E9: =+'[1]9월'!$AE$7/1000 -> 104.99566 | F9: =+'[2]9월'!$AN$7/1000 -> 74.273 | G9: =+F9-E9 -> -30.722665 | H9: =+'[3]9월'!$AN$7/1000 -> 46.951 | I9: =+F9-H9 -> 27.322 | J9: =+'[1]9월누계'!$AE$7/1000 -> 863.24609 | K9: =+'[2]9월누계'!$AN$7/1000 -> 583.443 | L9: =+K9-J9 -> -279.80309 | M9: =+'[3]9월누계'!$AN$7/1000 -> 654.215 | N9: =+K9-M9 -> -70.772 | Q9: 물량 | R9: 수도권 | S9: =+[4]수도권!$T$5/1000 -> 113 | T9: =+[4]수도권!$U$5/1000 -> 88.903 | U9: =+T9-S9 -> -24.097 | V9: =+[5]수도권!$T$5/1000 -> 75.6348 | W9: =+T9-V9 -> 13.2682
C10: 매출 | D10: 레미콘 | E10: =+'[1]9월'!$Z$8/1000 -> 30570.517 | F10: =+'[2]9월'!$Z$8/1000 -> 24527.918 | G10: =+F10-E10 -> -6042.5996 | H10: =+'[3]9월'!$Z$8/1000 -> 23619.373 | I10: =+F10-H10 -> 908.54505 | J10: =+'[1]9월누계'!$Z$8/1000 -> 245750.61 | K10: =+'[2]9월누계'!$Z$8/1000 -> 206858.46 | L10: =+K10-J10 -> -38892.152 | M10: =+'[3]9월누계'!$Z$8/1000 -> 255794.31 | N10: =+K10-M10 -> -48935.848 | R10: 영남권 | S10: =+[4]영남권!$T$5/1000 -> 126 | T10: =+[4]영남권!$U$5/1000 -> 110.37 | U10: =+T10-S10 -> -15.63 | V10: =+[5]영남권!$T$5/1000 -> 111.844 | W10: =+T10-V10 -> -1.474
D11: 건자재 | E11: =+'[1]9월'!$AA$8/1000 -> 13712.919 | F11: =+'[2]9월'!$AO$8/1000 -> 7610.2078 | G11: =+F11-E11 -> -6102.7111 | H11: =+'[3]9월'!$AO$8/1000 -> 7720.8259 | I11: =+F11-H11 -> -110.61809 | J11: =+'[1]9월누계'!$AA$8/1000 -> 110204.91 | K11: =+'[2]9월누계'!$AO$8/1000 -> 76897.59 | L11: =+K11-J11 -> -33307.319 | M11: =+'[3]9월누계'!$AO$8/1000 -> 77932.391 | N11: =+K11-M11 -> -1034.8011 | R11: 중부권 | S11: =+[4]중부권!$T$5/1000 -> 61 | T11: =+[4]중부권!$U$5/1000 -> 51.068 | U11: =+T11-S11 -> -9.932 | V11: =+[5]중부권!$T$5/1000 -> 48.8055 | W11: =+T11-V11 -> 2.2625
D12: 골재 | E12: =+'[1]9월'!$AE$8/1000 -> 1923.4901 | F12: =+'[2]9월'!$AN$8/1000 -> 1434.7645 | G12: =+F12-E12 -> -488.72558 | H12: =+'[3]9월'!$AN$8/1000 -> 885.7455 | I12: =+F12-H12 -> 549.019 | J12: =+'[1]9월누계'!$AE$8/1000 -> 15946.555 | K12: =+'[2]9월누계'!$AN$8/1000 -> 12077.289 | L12: =+K12-J12 -> -3869.2662 | M12: =+'[3]9월누계'!$AN$8/1000 -> 13129.786 | N12: =+K12-M12 -> -1052.4966 | Q12: 계 | S12: =SUM(S9:S11) -> 300 | T12: =SUM(T9:T11) -> 250.341 | U12: =+T12-S12 -> -49.659 | V12: =SUM(V9:V11) -> 236.2843 | W12: =+T12-V12 -> 14.0567
D13: 기타 | E13: =+'[1]9월'!$E$8/1000-E10-E11-E12 -> 142.52817 | F13: =+'[2]9월'!$F$8/1000-F10-F11-F12 -> 118.84472 | G13: =+F13-E13 -> -23.683442 | H13: =+'[3]9월'!$F$8/1000-H10-H11-H12 -> 165.97438 | I13: =+F13-H13 -> -47.129656 | J13: =+'[1]9월누계'!$E$8/1000-J10-J11-J12 -> 1356.4735 | K13: =+'[2]9월누계'!$F$8/1000-K10-K11-K12 -> 1185.8852 | L13: =+K13-J13 -> -170.58828 | M13: =+'[3]9월누계'!$F$8/1000-M10-M11-M12 -> 1489.8753 | N13: =+K13-M13 -> -303.99013 | Q13: 판매단가 | R13: 수도권 | S13: =+[4]수도권!$T$61 -> 100156.13 | T13: =+[4]수도권!$U$61 -> 95819.566 | U13: =+T13-S13 -> -4336.5677 | V13: =+[5]수도권!$Q$85 -> 97749.491 | W13: =+T13-V13 -> -1929.9258
C14: 계 | E14: =SUM(E10:E13) -> 46349.454 | F14: =SUM(F10:F13) -> 33691.735 | G14: =+F14-E14 -> -12657.72 | H14: =SUM(H10:H13) -> 32391.918 | I14: =+F14-H14 -> 1299.8163 | J14: =SUM(J10:J13) -> 373258.55 | K14: =SUM(K10:K13) -> 297019.23 | L14: =+K14-J14 -> -76239.326 | M14: =SUM(M10:M13) -> 348346.36 | N14: =+K14-M14 -> -51327.135 | R14: 영남권 | S14: =+[4]영남권!$T$61 -> 100736.67 | T14: =+[4]영남권!$U$61 -> 98462.668 | U14: =+T14-S14 -> -2274.0062 | V14: =+[5]영남권!$Q$85 -> 99624.762 | W14: =+T14-V14 -> -1162.0932
C15: 매출원가 | D15: 레미콘 | E15: =+('[1]9월'!$Z$10+'[1]9월'!$Z$19)/1000 -> 26289.919 | F15: =+('[2]9월'!$Z$10+'[2]9월'!$Z$19)/1000 -> 22729.856 | G15: =+F15-E15 -> -3560.063 | H15: =+('[3]9월'!$Z$10+'[3]9월'!$Z$19)/1000 -> 21000.008 | I15: =+F15-H15 -> 1729.848 | J15: =+('[1]9월누계'!$Z$10+'[1]9월누계'!$Z$19)/1000 -> 217121.59 | K15: =+('[2]9월누계'!$Z$10+'[2]9월누계'!$Z$19)/1000 -> 190033.9 | L15: =+K15-J15 -> -27087.694 | M15: =+('[3]9월누계'!$Z$10+'[3]9월누계'!$Z$19)/1000 -> 221505 | N15: =+K15-M15 -> -31471.101 | R15: 중부권 | S15: =+[4]중부권!$T$61 -> 107541.86 | T15: =+[4]중부권!$U$61 -> 100727.81 | U15: =+T15-S15 -> -6814.0439 | V15: =+[5]중부권!$Q$85 -> 104305.46 | W15: =+T15-V15 -> -3577.6451
D16: 건자재 | E16: =+('[1]9월'!$AA$10+'[1]9월'!$AA$19)/1000 -> 13342.736 | F16: =+('[2]9월'!$AO$10+'[2]9월'!$AO$19)/1000 -> 7426.4884 | G16: =+F16-E16 -> -5916.2479 | H16: =+('[3]9월'!$AO$10+'[3]9월'!$AO$19)/1000 -> 7575.1952 | I16: =+F16-H16 -> -148.70685 | J16: =+('[1]9월누계'!$AA$10+'[1]9월누계'!$AA$19)/1000 -> 107229.38 | K16: =+('[2]9월누계'!$AO$10+'[2]9월누계'!$AO$19)/1000 -> 75591.089 | L16: =+K16-J16 -> -31638.293 | M16: =+('[3]9월누계'!$AO$10+'[3]9월누계'!$AO$19)/1000 -> 76231.984 | N16: =+K16-M16 -> -640.89483 | Q16: 계 | S16: =+[4]합계!$T$61 -> 101901.72 | T16: =+[4]합계!$U$61 -> 97987.042 | U16: =+T16-S16 -> -3914.6823 | V16: =+[5]합계!$Q$85 -> 99989.728 | W16: =+T16-V16 -> -2002.6863
D17: 골재 | E17: =+('[1]9월'!$AE$10+'[1]9월'!$AE$19)/1000 -> 1654.1043 | F17: =+('[2]9월'!$AN$10+'[2]9월'!$AN$19)/1000 -> 1368.6693 | G17: =+F17-E17 -> -285.43501 | H17: =+('[3]9월'!$AN$10+'[3]9월'!$AN$19)/1000 -> 1111.2439 | I17: =+F17-H17 -> 257.42532 | J17: =+('[1]9월누계'!$AE$10+'[1]9월누계'!$AE$19)/1000 -> 13997.065 | K17: =+('[2]9월누계'!$AN$10+'[2]9월누계'!$AN$19)/1000 -> 12347.722 | L17: =+K17-J17 -> -1649.3434 | M17: =+('[3]9월누계'!$AN$10+'[3]9월누계'!$AN$19)/1000 -> 12454.683 | N17: =+K17-M17 -> -106.96128 | Q17: 공헌이익 | R17: 수도권 | S17: =+[4]수도권!$Q$90 -> 19270.25 | T17: =+[4]수도권!$R$90 -> 13424.303 | U17: =+T17-S17 -> -5845.9471 | V17: =+[5]수도권!$Q$90 -> 18269.6 | W17: =+T17-V17 -> -4845.2972
D18: 기타 | E18: =+('[1]9월'!$E$10+'[1]9월'!$E$19)/1000-E15-E16-E17 -> 52.588339 | F18: =+('[2]9월'!$F$10+'[2]9월'!$F$19)/1000-F15-F16-F17 -> 14.196039 | G18: =+F18-E18 -> -38.3923 | H18: =+('[3]9월'!$F$10+'[3]9월'!$F$19)/1000-H15-H16-H17 -> -238.70688 | I18: =+F18-H18 -> 252.90292 | J18: =+('[1]9월누계'!$E$10+'[1]9월누계'!$E$19)/1000-J15-J16-J17 -> 541.24816 | K18: =+('[2]9월누계'!$F$10+'[2]9월누계'!$F$19)/1000-K15-K16-K17 -> 459.4009 | L18: =+K18-J18 -> -81.847259 | M18: =+('[3]9월누계'!$F$10+'[3]9월누계'!$F$19)/1000-M15-M16-M17 -> -109.09169 | N18: =+K18-M18 -> 568.49259 | R18: 영남권 | S18: =+[4]영남권!$Q$90 -> 21855.367 | T18: =+[4]영남권!$R$90 -> 19124.76 | U18: =+T18-S18 -> -2730.6063 | V18: =+[5]영남권!$Q$90 -> 22140.925 | W18: =+T18-V18 -> -3016.1645
C19: 계 | E19: =SUM(E15:E18) -> 41339.348 | F19: =SUM(F15:F18) -> 31539.21 | G19: =+F19-E19 -> -9800.1381 | H19: =SUM(H15:H18) -> 29447.741 | I19: =+F19-H19 -> 2091.4694 | J19: =SUM(J15:J18) -> 338889.29 | K19: =SUM(K15:K18) -> 278432.11 | L19: =+K19-J19 -> -60457.177 | M19: =SUM(M15:M18) -> 310082.57 | N19: =+K19-M19 -> -31650.464 | R19: 중부권 | S19: =+[4]중부권!$Q$90 -> 29751.161 | T19: =+[4]중부권!$R$90 -> 21863.231 | U19: =+T19-S19 -> -7887.9293 | V19: =+[5]중부권!$Q$90 -> 29079.27 | W19: =+T19-V19 -> -7216.039
C20: 매출이익 | D20: 레미콘 | E20: =+E10-E15 -> 4280.5979 | F20: =+F10-F15 -> 1798.0613 | G20: =+F20-E20 -> -2482.5366 | H20: =+H10-H15 -> 2619.3642 | I20: =+F20-H20 -> -821.30294 | J20: =+J10-J15 -> 28629.024 | K20: =+K10-K15 -> 16824.565 | L20: =+K20-J20 -> -11804.459 | M20: =+M10-M15 -> 34289.312 | N20: =+K20-M20 -> -17464.747 | Q20: 계 | S20: =+[4]합계!$Q$90 -> 22487.117 | T20: =+[4]합계!$R$90 -> 17661.851 | U20: =+T20-S20 -> -4825.2668 | V20: =+[5]합계!$Q$90 -> 22332.224 | W20: =+T20-V20 -> -4670.3734
D21: 건자재 | E21: =+E11-E16 -> 370.18261 | F21: =+F11-F16 -> 183.71938 | G21: =+F21-E21 -> -186.46323 | H21: =+H11-H16 -> 145.63062 | I21: =+F21-H21 -> 38.088761 | J21: =+J11-J16 -> 2975.5269 | K21: =+K11-K16 -> 1306.5007 | L21: =+K21-J21 -> -1669.0263 | M21: =+M11-M16 -> 1700.4069 | N21: =+K21-M21 -> -393.90622 | Q21: □ 건자재
D22: 골재 | E22: =+E12-E17 -> 269.38582 | F22: =+F12-F17 -> 66.095246 | G22: =+F22-E22 -> -203.29058 | H22: =+H12-H17 -> -225.49843 | I22: =+F22-H22 -> 291.59368 | J22: =+J12-J17 -> 1949.4901 | K22: =+K12-K17 -> -270.43262 | L22: =+K22-J22 -> -2219.9228 | M22: =+M12-M17 -> 675.10268 | N22: =+K22-M22 -> -945.5353 | Q22: 구분 | S22: 계획 | T22: 실적 | U22: 계획대비 | V22: 전년 | W22: 전년대비
D23: 기타 | E23: =+E13-E18 -> 89.939828 | F23: =+F13-F18 -> 104.64869 | G23: =+F23-E23 -> 14.708858 | H23: =+H13-H18 -> 404.68127 | I23: =+F23-H23 -> -300.03258 | J23: =+J13-J18 -> 815.22534 | K23: =+K13-K18 -> 726.48431 | L23: =+K23-J23 -> -88.741026 | M23: =+M13-M18 -> 1598.967 | N23: =+K23-M23 -> -872.48272 | Q23: 철강재 판매단가 | S23: =+'[6]9월'!$F$10 -> 873809.52 | T23: =+'[6]9월'!$G$10 -> 791593.63 | U23: =+T23-S23 -> -82215.89 | V23: =+'[7]9월'!$G$10 -> 879572.43 | W23: =+T23-V23 -> -87978.795
C24: 계 | E24: =SUM(E20:E23) -> 5010.1062 | F24: =SUM(F20:F23) -> 2152.5246 | G24: =+F24-E24 -> -2857.5816 | H24: =SUM(H20:H23) -> 2944.1777 | I24: =+F24-H24 -> -791.65308 | J24: =SUM(J20:J23) -> 34369.266 | K24: =SUM(K20:K23) -> 18587.117 | L24: =+K24-J24 -> -15782.149 | M24: =SUM(M20:M23) -> 38263.789 | N24: =+K24-M24 -> -19676.671 | Q24: 철강재 마진률 | S24: =+'[6]9월'!$F$15 -> 0.024058583 | T24: =+'[6]9월'!$G$15 -> 0.024112163 | U24: =+T24-S24 -> 5.3580105e-05 | V24: =+'[6]9월'!$G$15 -> 0.024112163 | W24: =+T24-V24 -> 0
C25: 판관비 | D25: 레미콘 | E25: =+('[1]9월'!$Z$13+'[1]9월'!$Z$20)/1000 -> 725.97045 | F25: =+('[2]9월'!$Z$13+'[2]9월'!$Z$20)/1000 -> 819.36919 | G25: =+F25-E25 -> 93.39874 | H25: =+('[3]9월'!$Z$13+'[3]9월'!$Z$20)/1000 -> 886.62886 | I25: =+F25-H25 -> -67.259668 | J25: =+('[1]9월누계'!$Z$13+'[1]9월누계'!$Z$20)/1000 -> 6091.2777 | K25: =+('[2]9월누계'!$Z$13+'[2]9월누계'!$Z$20)/1000 -> 6184.0913 | L25: =+K25-J25 -> 92.81359 | M25: =+('[3]9월누계'!$Z$13+'[3]9월누계'!$Z$20)/1000 -> 6157.4466 | N25: =+K25-M25 -> 26.644682 | Q25: □ 골재
D26: 건자재 | E26: =+('[1]9월'!$AA$13+'[1]9월'!$AA$20)/1000 -> 145.83719 | F26: =+('[2]9월'!$AO$13+'[2]9월'!$AO$20)/1000 -> 170.04674 | G26: =+F26-E26 -> 24.20955 | H26: =+('[3]9월'!$AO$13+'[3]9월'!$AO$20)/1000 -> 161.20982 | I26: =+F26-H26 -> 8.836919 | J26: =+('[1]9월누계'!$AA$13+'[1]9월누계'!$AA$20)/1000 -> 1160.3548 | K26: =+('[2]9월누계'!$AO$13+'[2]9월누계'!$AO$20)/1000 -> 1346.164 | L26: =+K26-J26 -> 185.80919 | M26: =+('[3]9월누계'!$AO$13+'[3]9월누계'!$AO$20)/1000 -> 1260.9085 | N26: =+K26-M26 -> 85.255496 | Q26: 구분 | S26: 계획 | T26: 실적 | U26: 계획대비 | V26: 전년 | W26: 전년대비
D27: 골재 | E27: =+('[1]9월'!$AE$13+'[1]9월'!$AE$20+'[1]9월'!$AE$22)/1000 -> 50.756076 | F27: =+('[2]9월'!$AN$13+'[2]9월'!$AN$20+'[2]9월'!$AN$22)/1000 -> 56.892355 | G27: =+F27-E27 -> 6.1362789 | H27: =+('[3]9월'!$AN$13+'[3]9월'!$AN$20+'[3]9월'!$AN$22)/1000 -> 87.482063 | I27: =+F27-H27 -> -30.589708 | J27: =+('[1]9월누계'!$AE$13+'[1]9월누계'!$AE$20+'[1]9월누계'!$AE$22)/1000 -> 435.13115 | K27: =+('[2]9월누계'!$AN$13+'[2]9월누계'!$AN$20+'[2]9월누계'!$AN$22)/1000 -> 433.477 | L27: =+K27-J27 -> -1.6541447 | M27: =+('[3]9월누계'!$AN$13+'[3]9월누계'!$AN$20+'[3]9월누계'!$AN$22)/1000 -> 529.14008 | N27: =+K27-M27 -> -95.663083 | Q27: 판매량 | R27: 자가 | S27: =+[8]원가손익!$W$10+[9]원가손익!$W$13+[10]손익!$F$10 -> 59995.665 | T27: =+[8]원가손익!$X$10+[9]원가손익!$X$13+[10]손익!$G$10 -> 48433 | U27: =+T27-S27 -> -11562.665 | V27: =+'[11]부산모래장(당월)'!$S$85 -> 32178 | W27: =+T27-V27 -> 16255
D28: 기타 | E28: =+('[1]9월'!$E$13+'[1]9월'!$E$20)/1000-E25-E26-E27+('[1]9월'!$E$22/1000) -> 1316.8819 | F28: =+('[2]9월'!$F$13+'[2]9월'!$F$20)/1000-F25-F26-F27+'[2]9월'!$F$22/1000 -> 1809.6135 | G28: =+F28-E28 -> 492.73155 | H28: =+('[3]9월'!$F$13+'[3]9월'!$F$20)/1000-H25-H26-H27+'[3]9월'!$F$22/1000 -> 979.18979 | I28: =+F28-H28 -> 830.42366 | J28: =+('[1]9월누계'!$E$13+'[1]9월누계'!$E$20)/1000-J25-J26-J27+('[1]9월누계'!$E$22/1000) -> 14523.507 | K28: =+('[2]9월누계'!$F$13+'[2]9월누계'!$F$20)/1000-K25-K26-K27+'[2]9월누계'!$F$22/1000 -> 16333.511 | L28: =+K28-J28 -> 1810.0039 | M28: =+('[3]9월누계'!$F$13+'[3]9월누계'!$F$20)/1000-M25-M26-M27+'[3]9월누계'!$F$22/1000 -> 13943.428 | N28: =+K28-M28 -> 2390.0826 | R28: 외판 | S28: =+[8]원가손익!$W$14+[9]원가손익!$W$15+[10]손익!$F$12 -> 45000 | T28: =+[8]원가손익!$X$14+[9]원가손익!$X$15+[10]손익!$G$12 -> 25840 | U28: =+T28-S28 -> -19160 | V28: =+'[11]부산모래장(당월)'!$S$86 -> 14773 | W28: =+T28-V28 -> 11067
C29: 계 | E29: =SUM(E25:E28) -> 2239.4456 | F29: =SUM(F25:F28) -> 2855.9217 | G29: =+F29-E29 -> 616.47612 | H29: =SUM(H25:H28) -> 2114.5105 | I29: =+F29-H29 -> 741.4112 | J29: =SUM(J25:J28) -> 22210.271 | K29: =SUM(K25:K28) -> 24297.243 | L29: =+K29-J29 -> 2086.9725 | M29: =SUM(M25:M28) -> 21890.923 | N29: =+K29-M29 -> 2406.3197 | Q29: 합 계 | S29: =SUM(S27:S28) -> 104995.66 | T29: =SUM(T27:T28) -> 74273 | U29: =+T29-S29 -> -30722.665 | V29: =SUM(V27:V28) -> 46951 | W29: =+T29-V29 -> 27322
C30: 영업이익 | D30: 레미콘 | E30: =+E20-E25 -> 3554.6275 | F30: =+F20-F25 -> 978.69212 | G30: =+F30-E30 -> -2575.9354 | H30: =+H20-H25 -> 1732.7354 | I30: =+F30-H30 -> -754.04327 | J30: =+J20-J25 -> 22537.746 | K30: =+K20-K25 -> 10640.474 | L30: =+K30-J30 -> -11897.272 | M30: =+M20-M25 -> 28131.865 | N30: =+K30-M30 -> -17491.392 | Q30: □ 기타내역(영업이익)
D31: % | E31: =+E30/E10 -> 0.11627633 | F31: =+F30/F10 -> 0.03990115 | G31: =+F31-E31 -> -0.076375178 | H31: =+H30/H10 -> 0.073360771 | I31: =+F31-H31 -> -0.033459621 | J31: =+J30/J10 -> 0.091709826 | K31: =+K30/K10 -> 0.051438426 | L31: =+K31-J31 -> -0.0402714 | M31: =+M30/M10 -> 0.10997846 | N31: =+K31-M31 -> -0.058540039 | Q31: 구분 | S31: 계획 | T31: 실적 | U31: 계획대비 | V31: 전년 | W31: 전년대비
D32: 건자재 | E32: =+E21-E26 -> 224.34542 | F32: =+F21-F26 -> 13.67264 | G32: =+F32-E32 -> -210.67278 | H32: =+H21-H26 -> -15.579202 | I32: =+F32-H32 -> 29.251842 | J32: =+J21-J26 -> 1815.1721 | K32: =+K21-K26 -> -39.663349 | L32: =+K32-J32 -> -1854.8354 | M32: =+M21-M26 -> 439.49837 | N32: =+K32-M32 -> -479.16172 | Q32: 레미콘임대 | S32: =+'사업장별(당월)'!T33 -> 51.473204 | T32: =+'사업장별(당월)'!U33 -> 25.88862 | U32: =+T32-S32 -> -25.584584 | V32: =+'사업장별(당월)'!W33 -> 76.004227 | W32: =+T32-V32 -> -50.115607
D33: 골재 | E33: =+E22-E27 -> 218.62975 | F33: =+F22-F27 -> 9.202891 | G33: =+F33-E33 -> -209.42686 | H33: =+H22-H27 -> -312.9805 | I33: =+F33-H33 -> 322.18339 | J33: =+J22-J27 -> 1514.359 | K33: =+K22-K27 -> -703.90962 | L33: =+K33-J33 -> -2218.2686 | M33: =+M22-M27 -> 145.9626 | N33: =+K33-M33 -> -849.87222 | Q33: 임대 | S33: =+'사업장별(당월)'!T34 -> 76.533944 | T33: =+'사업장별(당월)'!U34 -> 70.267687 | U33: =+T33-S33 -> -6.266257 | V33: =+'사업장별(당월)'!W34 -> 75.78999 | W33: =+T33-V33 -> -5.522303
D34: 기타 | E34: =+E23-E28 -> -1226.9421 | F34: =+F23-F28 -> -1704.9648 | G34: =+F34-E34 -> -478.02269 | H34: =+H23-H28 -> -574.50853 | I34: =+F34-H34 -> -1130.4562 | J34: =+J23-J28 -> -13708.282 | K34: =+K23-K28 -> -15607.026 | L34: =+K34-J34 -> -1898.7449 | M34: =+M23-M28 -> -12344.461 | N34: =+K34-M34 -> -3262.5653 | Q34: 공통비 | S34: =+'사업장별(당월)'!T35 -> -1279.5789 | T34: =+'사업장별(당월)'!U35 -> -1380.7743 | U34: =+T34-S34 -> -101.19543 | V34: =+'사업장별(당월)'!W35 -> -1368.6461 | W34: =+T34-V34 -> -12.128206
C35: 계 | E35: =SUM(E30,E32:E34) -> 2770.6606 | F35: =SUM(F30,F32:F34) -> -703.39712 | G35: =+F35-E35 -> -3474.0577 | H35: =SUM(H30,H32:H34) -> 829.66716 | I35: =+F35-H35 -> -1533.0643 | J35: =SUM(J30,J32:J34) -> 12158.996 | K35: =SUM(K30,K32:K34) -> -5710.1258 | L35: =+K35-J35 -> -17869.121 | M35: =SUM(M30,M32:M34) -> 16372.865 | N35: =+K35-M35 -> -22082.991 | Q35: 기타 | S35: =+S36-S32-S33-S34 -> -75.370363 | T35: =+T36-T32-T33-T34 -> -420.34679 | U35: =+T35-S35 -> -344.97642 | V35: =+V36-V32-V33-V34 -> 642.34334 | W35: =+T35-V35 -> -1062.6901
D36: % | E36: =+E35/E14 -> 0.059777631 | F36: =+F35/F14 -> -0.020877438 | G36: =+F36-E36 -> -0.080655069 | H36: =+H35/H14 -> 0.0256134 | I36: =+F36-H36 -> -0.046490838 | J36: =+J35/J14 -> 0.032575263 | K36: =+K35/K14 -> -0.019224768 | L36: =+K36-J36 -> -0.051800032 | M36: =+M35/M14 -> 0.047001683 | N36: =+K36-M36 -> -0.066226451 | Q36: 합계 | S36: =+'사업장별(당월)'!T41 -> -1226.9421 | T36: =+'사업장별(당월)'!U41 -> -1704.9648 | U36: =+T36-S36 -> -478.02269 | V36: =+'사업장별(당월)'!W41 -> -574.50853 | W36: =+T36-V36 -> -1130.4562
E38: =+'[1]9월'!$E$26/1000 -> 2770.6606 | F38: =+'[2]9월'!$F$26/1000 -> -703.39712 | H38: =+'[3]9월'!$F$26/1000 -> 829.66716 | J38: =+'[1]9월누계'!$E$26/1000 -> 12158.996 | K38: =+'[2]9월누계'!$F$26/1000 -> -5710.1258 | M38: =+'[3]9월누계'!$F$26/1000 -> 16372.865
E39: =+E35=E38 -> TRUE | F39: =+F35=F38 -> FALSE | H39: =+H35=H38 -> FALSE | J39: =+J35=J38 -> FALSE | K39: =+K35=K38 -> FALSE | M39: =+M35=M38 -> TRUE
E40: =+E35-E38 -> -4.5474735e-12 | F40: =+F35-F38 -> -2.8421709e-12 | H40: =+H35-H38 -> 3.4106051e-12 | J40: =+J35-J38 -> 0 | K40: =+K35-K38 -> 3.4560799e-11 | M40: =+M35-M38 -> 3.2741809e-11

Sheet 레미콘 영업이익
H3: □ 레미콘 영업이익(9월)
H5: 구분 | J5: 9월 | T5: 9월누계
J6: 영업이익(공통비 배부전) | O6: 영업이익(공통비 배부후) | T6: 영업이익(공통비 배부전) | Y6: 영업이익(공통비 배부전)
A7: 2024년 9월 마감 손익 | J7: 계획 | K7: 실적 | L7: 차이 | M7: 전년 | N7: 차이 | O7: 계획 | P7: 실적 | Q7: 차이 | R7: 전년 | S7: 차이 | T7: 계획 | U7: 실적 | V7: 차이 | W7: 전년 | X7: 차이 | Y7: 계획 | Z7: 실적 | AA7: 차이 | AB7: 전년 | AC7: 차이
B8: 안양 | H8: 레미콘 | I8: 안양 | J8: =+[4]안양!$H$86/1000 -> 524.41267 | K8: =+[4]안양!$I$86/1000 -> 252.5489 | L8: =+K8-J8 -> -271.86377 | M8: =+[5]안양!$H$86/1000 -> 202.0324 | N8: =+K8-M8 -> 50.516497 | O8: =+[4]안양!$H$92/1000 -> 351.89691 | P8: =+[4]안양!$I$92/1000 -> 80.499761 | Q8: =+P8-O8 -> -271.39715 | R8: =+[5]안양!$H$92/1000 -> 37.785195 | S8: =+P8-R8 -> 42.714566 | T8: =+[12]안양!$H$86/1000 -> 3111.4304 | U8: =+[12]안양!$I$86/1000 -> 1943.5608 | V8: =+U8-T8 -> -1167.8696 | W8: =+[13]안양!$H$86/1000 -> 3343.7299 | X8: =+U8-W8 -> -1400.1692 | Y8: =+[12]안양!$H$92/1000 -> 1184.3354 | Z8: =+[12]안양!$I$92/1000 -> 49.689828 | AA8: =+Z8-Y8 -> -1134.6455 | AB8: =+[13]안양!$H$92/1000 -> 1669.9229 | AC8: =+Z8-AB8 -> -1620.2331
B9: 인천 | H9: 직영 | I9: 인천 | J9: =+[4]인천!$H$86/1000 -> 387.6129 | K9: =+[4]인천!$I$86/1000 -> -66.326553 | L9: =+K9-J9 -> -453.93946 | M9: =+[5]인천!$H$86/1000 -> -68.39704 | N9: =+K9-M9 -> 2.070487 | O9: =+[4]인천!$H$92/1000 -> 250.07052 | P9: =+[4]인천!$I$92/1000 -> -225.62111 | Q9: =+P9-O9 -> -475.69162 | R9: =+[5]인천!$H$92/1000 -> -171.87698 | S9: =+P9-R9 -> -53.744132 | T9: =+[12]인천!$H$86/1000 -> 1248.016 | U9: =+[12]인천!$I$86/1000 -> 248.33137 | V9: =+U9-T9 -> -999.68461 | W9: =+[13]인천!$H$86/1000 -> 1598.468 | X9: =+U9-W9 -> -1350.1366 | Y9: =+[12]인천!$H$92/1000 -> -142.85933 | Z9: =+[12]인천!$I$92/1000 -> -1343.8872 | AA9: =+Z9-Y9 -> -1201.0279 | AB9: =+[13]인천!$H$92/1000 -> 388.52058 | AC9: =+Z9-AB9 -> -1732.4078
B10: 파주 | I10: 파주 | J10: =+[4]파주!$H$86/1000 -> 132.59526 | K10: =+[4]파주!$I$86/1000 -> -43.489316 | L10: =+K10-J10 -> -176.08458 | M10: =+[5]파주!$H$86/1000 -> 106.24983 | N10: =+K10-M10 -> -149.73915 | O10: =+[4]파주!$H$92/1000 -> 36.714278 | P10: =+[4]파주!$I$92/1000 -> -126.17362 | Q10: =+P10-O10 -> -162.8879 | R10: =+[5]파주!$H$92/1000 -> 2.33302 | S10: =+P10-R10 -> -128.50664 | T10: =+[12]파주!$H$86/1000 -> 924.82778 | U10: =+[12]파주!$I$86/1000 -> -343.23294 | V10: =+U10-T10 -> -1268.0607 | W10: =+[13]파주!$H$86/1000 -> 1620.52 | X10: =+U10-W10 -> -1963.7529 | Y10: =+[12]파주!$H$92/1000 -> -81.036471 | Z10: =+[12]파주!$I$92/1000 -> -1060.9175 | AA10: =+Z10-Y10 -> -979.88104 | AB10: =+[13]파주!$H$92/1000 -> 535.24932 | AC10: =+Z10-AB10 -> -1596.1668
B11: 김포 | I11: 김포 | J11: =+[4]김포!$H$86/1000 -> 110.62527 | K11: =+[4]김포!$I$86/1000 -> -79.489792 | L11: =+K11-J11 -> -190.11506 | M11: =+[5]김포!$H$86/1000 -> 29.041857 | N11: =+K11-M11 -> -108.53165 | O11: =+[4]김포!$H$92/1000 -> 47.502118 | P11: =+[4]김포!$I$92/1000 -> -131.54913 | Q11: =+P11-O11 -> -179.05124 | R11: =+[5]김포!$H$92/1000 -> -25.325467 | S11: =+P11-R11 -> -106.22366 | T11: =+[12]김포!$H$86/1000 -> 771.50592 | U11: =+[12]김포!$I$86/1000 -> -50.408565 | V11: =+U11-T11 -> -821.91449 | W11: =+[13]김포!$H$86/1000 -> 861.13719 | X11: =+U11-W11 -> -911.54576 | Y11: =+[12]김포!$H$92/1000 -> 108.72162 | Z11: =+[12]김포!$I$92/1000 -> -627.03788 | AA11: =+Z11-Y11 -> -735.75951 | AB11: =+[13]김포!$H$92/1000 -> 373.74908 | AC11: =+Z11-AB11 -> -1000.787
B12: 부산 | I12: 부산 | J12: =+[4]부산!$H$86/1000 -> 222.14546 | K12: =+[4]부산!$I$86/1000 -> 155.08344 | L12: =+K12-J12 -> -67.062024 | M12: =+[5]부산!$H$86/1000 -> 167.22155 | N12: =+K12-M12 -> -12.138112 | O12: =+[4]부산!$H$92/1000 -> 124.23661 | P12: =+[4]부산!$I$92/1000 -> 28.96739 | Q12: =+P12-O12 -> -95.269223 | R12: =+[5]부산!$H$92/1000 -> 62.068411 | S12: =+P12-R12 -> -33.101021 | T12: =+[12]부산!$H$86/1000 -> 1630.3157 | U12: =+[12]부산!$I$86/1000 -> 1775.6783 | V12: =+U12-T12 -> 145.36261 | W12: =+[13]부산!$H$86/1000 -> 1993.2543 | X12: =+U12-W12 -> -217.57605 | Y12: =+[12]부산!$H$92/1000 -> 518.08818 | Z12: =+[12]부산!$I$92/1000 -> 427.0529 | AA12: =+Z12-Y12 -> -91.035287 | AB12: =+[13]부산!$H$92/1000 -> 1006.8312 | AC12: =+Z12-AB12 -> -579.77832
B13: 서부산 | I13: 서부산 | J13: =+[4]서부산!$H$86/1000 -> 262.68395 | K13: =+[4]서부산!$I$86/1000 -> 149.85117 | L13: =+K13-J13 -> -112.83278 | M13: =+[5]서부산!$H$86/1000 -> 84.673494 | N13: =+K13-M13 -> 65.177675 | O13: =+[4]서부산!$H$92/1000 -> 172.41147 | P13: =+[4]서부산!$I$92/1000 -> 38.920761 | Q13: =+P13-O13 -> -133.4907 | R13: =+[5]서부산!$H$92/1000 -> 6.5416569 | S13: =+P13-R13 -> 32.379104 | T13: =+[12]서부산!$H$86/1000 -> 1633.6255 | U13: =+[12]서부산!$I$86/1000 -> 1008.0573 | V13: =+U13-T13 -> -625.56821 | W13: =+[13]서부산!$H$86/1000 -> 2157.998 | X13: =+U13-W13 -> -1149.9408 | Y13: =+[12]서부산!$H$92/1000 -> 629.74386 | Z13: =+[12]서부산!$I$92/1000 -> -8.1956009 | AA13: =+Z13-Y13 -> -637.93946 | AB13: =+[13]서부산!$H$92/1000 -> 1184.6448 | AC13: =+Z13-AB13 -> -1192.8404
B14: 김해 | I14: 김해 | J14: =+[4]김해!$H$86/1000 -> 115.18251 | K14: =+[4]김해!$I$86/1000 -> -78.322141 | L14: =+K14-J14 -> -193.50465 | M14: =+[5]김해!$H$86/1000 -> -2.729523 | N14: =+K14-M14 -> -75.592618 | O14: =+[4]김해!$H$92/1000 -> 56.819006 | P14: =+[4]김해!$I$92/1000 -> -119.50721 | Q14: =+P14-O14 -> -176.32621 | R14: =+[5]김해!$H$92/1000 -> -70.157853 | S14: =+P14-R14 -> -49.349355 | T14: =+[12]김해!$H$86/1000 -> 1009.2323 | U14: =+[12]김해!$I$86/1000 -> -308.43197 | V14: =+U14-T14 -> -1317.6643 | W14: =+[13]김해!$H$86/1000 -> 709.65761 | X14: =+U14-W14 -> -1018.0896 | Y14: =+[12]김해!$H$92/1000 -> 321.63806 | Z14: =+[12]김해!$I$92/1000 -> -802.98653 | AA14: =+Z14-Y14 -> -1124.6246 | AB14: =+[13]김해!$H$92/1000 -> 122.68806 | AC14: =+Z14-AB14 -> -925.67458
B15: 정관 | I15: 정관 | J15: =+[4]정관!$H$86/1000 -> 164.10726 | K15: =+[4]정관!$I$86/1000 -> 173.69429 | L15: =+K15-J15 -> 9.5870287 | M15: =+[5]정관!$H$86/1000 -> 103.5454 | N15: =+K15-M15 -> 70.148889 | O15: =+[4]정관!$H$92/1000 -> 80.211189 | P15: =+[4]정관!$I$92/1000 -> 36.773601 | Q15: =+P15-O15 -> -43.437588 | R15: =+[5]정관!$H$92/1000 -> 1.1696044 | S15: =+P15-R15 -> 35.603997 | T15: =+[12]정관!$H$86/1000 -> 1420.3153 | U15: =+[12]정관!$I$86/1000 -> 1637.4455 | V15: =+U15-T15 -> 217.13018 | W15: =+[13]정관!$H$86/1000 -> 1600.251 | X15: =+U15-W15 -> 37.194519 | Y15: =+[12]정관!$H$92/1000 -> 407.22641 | Z15: =+[12]정관!$I$92/1000 -> 252.21251 | AA15: =+Z15-Y15 -> -155.01389 | AB15: =+[13]정관!$H$92/1000 -> 692.99955 | AC15: =+Z15-AB15 -> -440.78704
B16: 양산 | I16: 양산 | J16: =+[4]양산!$H$86/1000 -> 106.81807 | K16: =+[4]양산!$I$86/1000 -> -35.259846 | L16: =+K16-J16 -> -142.07791 | M16: =+[5]양산!$H$86/1000 -> 69.602208 | N16: =+K16-M16 -> -104.86205 | O16: =+[4]양산!$H$92/1000 -> 57.82852 | P16: =+[4]양산!$I$92/1000 -> -68.520147 | Q16: =+P16-O16 -> -126.34867 | R16: =+[5]양산!$H$92/1000 -> 2.5798045 | S16: =+P16-R16 -> -71.099952 | T16: =+[12]양산!$H$86/1000 -> 803.93013 | U16: =+[12]양산!$I$86/1000 -> -32.841495 | V16: =+U16-T16 -> -836.77163 | W16: =+[13]양산!$H$86/1000 -> 933.80031 | X16: =+U16-W16 -> -966.64181 | Y16: =+[12]양산!$H$92/1000 -> 242.3016 | Z16: =+[12]양산!$I$92/1000 -> -457.73681 | AA16: =+Z16-Y16 -> -700.03841 | AB16: =+[13]양산!$H$92/1000 -> 399.43568 | AC16: =+Z16-AB16 -> -857.17249
B17: 창원 | I17: 창원 | J17: =+[4]창원!$H$86/1000 -> 145.2062 | K17: =+[4]창원!$I$86/1000 -> -63.359208 | L17: =+K17-J17 -> -208.56541 | M17: =+[5]창원!$H$86/1000 -> 152.25467 | N17: =+K17-M17 -> -215.61387 | O17: =+[4]창원!$H$92/1000 -> 88.309959 | P17: =+[4]창원!$I$92/1000 -> -98.219376 | Q17: =+P17-O17 -> -186.52934 | R17: =+[5]창원!$H$92/1000 -> 62.692442 | S17: =+P17-R17 -> -160.91182 | T17: =+[12]창원!$H$86/1000 -> 851.69278 | U17: =+[12]창원!$I$86/1000 -> 279.17026 | V17: =+U17-T17 -> -572.52252 | W17: =+[13]창원!$H$86/1000 -> 2362.1912 | X17: =+U17-W17 -> -2083.0209 | Y17: =+[12]창원!$H$92/1000 -> 248.12376 | Z17: =+[12]창원!$I$92/1000 -> -288.16014 | AA17: =+Z17-Y17 -> -536.2839 | AB17: =+[13]창원!$H$92/1000 -> 1543.8577 | AC17: =+Z17-AB17 -> -1832.0178
B18: 대구 | I18: 대구 | J18: =+[4]대구!$H$86/1000 -> 99.040367 | K18: =+[4]대구!$I$86/1000 -> 42.684097 | L18: =+K18-J18 -> -56.35627 | M18: =+[5]대구!$H$86/1000 -> 137.65472 | N18: =+K18-M18 -> -94.970627 | O18: =+[4]대구!$H$92/1000 -> 49.049252 | P18: =+[4]대구!$I$92/1000 -> -23.285742 | Q18: =+P18-O18 -> -72.334994 | R18: =+[5]대구!$H$92/1000 -> 55.660624 | S18: =+P18-R18 -> -78.946366 | T18: =+[12]대구!$H$86/1000 -> 965.08074 | U18: =+[12]대구!$I$86/1000 -> 84.779201 | V18: =+U18-T18 -> -880.30154 | W18: =+[13]대구!$H$86/1000 -> 2116.0697 | X18: =+U18-W18 -> -2031.2905 | Y18: =+[12]대구!$H$92/1000 -> 349.66534 | Z18: =+[12]대구!$I$92/1000 -> -487.65606 | AA18: =+Z18-Y18 -> -837.3214 | AB18: =+[13]대구!$H$92/1000 -> 1394.0252 | AC18: =+Z18-AB18 -> -1881.6812
B19: 울산 | I19: 울산 | J19: =+[4]울산!$H$86/1000 -> 156.77601 | K19: =+[4]울산!$I$86/1000 -> 178.43166 | L19: =+K19-J19 -> 21.655651 | M19: =+[5]울산!$H$86/1000 -> 78.459948 | N19: =+K19-M19 -> 99.971712 | O19: =+[4]울산!$H$92/1000 -> 93.621762 | P19: =+[4]울산!$I$92/1000 -> 94.816607 | Q19: =+P19-O19 -> 1.1948455 | R19: =+[5]울산!$H$92/1000 -> 8.574251 | S19: =+P19-R19 -> 86.242356 | T19: =+[12]울산!$H$86/1000 -> 811.41718 | U19: =+[12]울산!$I$86/1000 -> 884.60064 | V19: =+U19-T19 -> 73.183461 | W19: =+[13]울산!$H$86/1000 -> 1080.4193 | X19: =+U19-W19 -> -195.81871 | Y19: =+[12]울산!$H$92/1000 -> 181.53644 | Z19: =+[12]울산!$I$92/1000 -> 168.09671 | AA19: =+Z19-Y19 -> -13.439735 | AB19: =+[13]울산!$H$92/1000 -> 560.66744 | AC19: =+Z19-AB19 -> -392.57073
B20: 아산 | I20: 아산 | J20: =+[4]아산!$H$86/1000 -> 399.79482 | K20: =+[4]아산!$I$86/1000 -> 79.527224 | L20: =+K20-J20 -> -320.2676 | M20: =+[5]아산!$H$86/1000 -> 256.65218 | N20: =+K20-M20 -> -177.12496 | O20: =+[4]아산!$H$92/1000 -> 293.22904 | P20: =+[4]아산!$I$92/1000 -> -40.808154 | Q20: =+P20-O20 -> -334.03719 | R20: =+[5]아산!$H$92/1000 -> 128.8666 | S20: =+P20-R20 -> -169.67476 | T20: =+[12]아산!$H$86/1000 -> 2582.8281 | U20: =+[12]아산!$I$86/1000 -> 775.93852 | V20: =+U20-T20 -> -1806.8895 | W20: =+[13]아산!$H$86/1000 -> 3364.5258 | X20: =+U20-W20 -> -2588.5873 | Y20: =+[12]아산!$H$92/1000 -> 1480.3216 | Z20: =+[12]아산!$I$92/1000 -> -438.83462 | AA20: =+Z20-Y20 -> -1919.1562 | AB20: =+[13]아산!$H$92/1000 -> 2218.555 | AC20: =+Z20-AB20 -> -2657.3896
B21: 전주 | I21: 전주 | J21: =+[4]전주!$H$86/1000 -> 175.60275 | K21: =+[4]전주!$I$86/1000 -> 174.72593 | L21: =+K21-J21 -> -0.87681845 | M21: =+[5]전주!$H$86/1000 -> 98.002099 | N21: =+K21-M21 -> 76.723833 | O21: =+[4]전주!$H$92/1000 -> 127.50461 | P21: =+[4]전주!$I$92/1000 -> 93.651666 | Q21: =+P21-O21 -> -33.852943 | R21: =+[5]전주!$H$92/1000 -> 42.408032 | S21: =+P21-R21 -> 51.243634 | T21: =+[12]전주!$H$86/1000 -> 996.57497 | U21: =+[12]전주!$I$86/1000 -> 1109.4876 | V21: =+U21-T21 -> 112.91266 | W21: =+[13]전주!$H$86/1000 -> 513.82139 | X21: =+U21-W21 -> 595.66623 | Y21: =+[12]전주!$H$92/1000 -> 490.13136 | Z21: =+[12]전주!$I$92/1000 -> 378.88199 | AA21: =+Z21-Y21 -> -111.24936 | AB21: =+[13]전주!$H$92/1000 -> 167.5324 | AC21: =+Z21-AB21 -> 211.34959
B22: 군산 | I22: 군산 | J22: =+[4]군산!$H$86/1000 -> 232.89281 | K22: =+[4]군산!$I$86/1000 -> 70.14253 | L22: =+K22-J22 -> -162.75028 | M22: =+[5]군산!$H$86/1000 -> 252.01421 | N22: =+K22-M22 -> -181.87168 | O22: =+[4]군산!$H$92/1000 -> 197.30245 | P22: =+[4]군산!$I$92/1000 -> 43.560891 | Q22: =+P22-O22 -> -153.74156 | R22: =+[5]군산!$H$92/1000 -> 201.36668 | S22: =+P22-R22 -> -157.80579 | T22: =+[12]군산!$H$86/1000 -> 1634.8092 | U22: =+[12]군산!$I$86/1000 -> 912.85209 | V22: =+U22-T22 -> -721.9571 | W22: =+[13]군산!$H$86/1000 -> 2422.0773 | X22: =+U22-W22 -> -1509.2252 | Y22: =+[12]군산!$H$92/1000 -> 1261.4879 | Z22: =+[12]군산!$I$92/1000 -> 588.09566 | AA22: =+Z22-Y22 -> -673.39221 | AB22: =+[13]군산!$H$92/1000 -> 1995.2157 | AC22: =+Z22-AB22 -> -1407.12
B23: 원주 | I23: 원주 | J23: =+[4]원주!$H$86/1000 -> 128.61965 | K23: =+[4]원주!$I$86/1000 -> 32.572096 | L23: =+K23-J23 -> -96.047556 | M23: =+[5]원주!$H$86/1000 -> 107.1387 | N23: =+K23-M23 -> -74.566607 | O23: =+[4]원주!$H$92/1000 -> 101.87872 | P23: =+[4]원주!$I$92/1000 -> 11.972985 | Q23: =+P23-O23 -> -89.905737 | R23: =+[5]원주!$H$92/1000 -> 73.635637 | S23: =+P23-R23 -> -61.662652 | T23: =+[12]원주!$H$86/1000 -> 699.09406 | U23: =+[12]원주!$I$86/1000 -> 82.862911 | V23: =+U23-T23 -> -616.23114 | W23: =+[13]원주!$H$86/1000 -> 1128.7028 | X23: =+U23-W23 -> -1045.8399 | Y23: =+[12]원주!$H$92/1000 -> 456.13431 | Z23: =+[12]원주!$I$92/1000 -> -97.829559 | AA23: =+Z23-Y23 -> -553.96387 | AB23: =+[13]원주!$H$92/1000 -> 854.39831 | AC23: =+Z23-AB23 -> -952.22787
B24: 제주 | I24: 제주 | J24: =+[4]제주!$H$86/1000 -> 190.51152 | K24: =+[4]제주!$I$86/1000 -> 35.677639 | L24: =+K24-J24 -> -154.83388 | M24: =+[5]제주!$H$86/1000 -> -40.681329 | N24: =+K24-M24 -> 76.358968 | O24: =+[4]제주!$H$92/1000 -> 146.46221 | P24: =+[4]제주!$I$92/1000 -> 2.4386467 | Q24: =+P24-O24 -> -144.02356 | R24: =+[5]제주!$H$92/1000 -> -54.232353 | S24: =+P24-R24 -> 56.671 | T24: =+[12]제주!$H$86/1000 -> 1443.0501 | U24: =+[12]제주!$I$86/1000 -> 632.62419 | V24: =+U24-T24 -> -810.42593 | W24: =+[13]제주!$H$86/1000 -> 325.24142 | X24: =+U24-W24 -> 307.38277 | Y24: =+[12]제주!$H$92/1000 -> 948.20246 | Z24: =+[12]제주!$I$92/1000 -> 217.28412 | AA24: =+Z24-Y24 -> -730.91834 | AB24: =+[13]제주!$H$92/1000 -> 131.73385 | AC24: =+Z24-AB24 -> 85.550274
I25: 수도권 | J25: =SUM(J8:J11) -> 1155.2461 | K25: =SUM(K8:K11) -> 63.243237 | L25: =+K25-J25 -> -1092.0029 | M25: =SUM(M8:M11) -> 268.92705 | N25: =+K25-M25 -> -205.68381 | O25: =SUM(O8:O11) -> 686.18382 | P25: =SUM(P8:P11) -> -402.84409 | Q25: =+P25-O25 -> -1089.0279 | R25: =SUM(R8:R11) -> -157.08423 | S25: =+P25-R25 -> -245.75986 | T25: =SUM(T8:T11) -> 6055.7801 | U25: =SUM(U8:U11) -> 1798.2506 | V25: =+U25-T25 -> -4257.5294 | W25: =SUM(W8:W11) -> 7423.8551 | X25: =+U25-W25 -> -5625.6045 | Y25: =SUM(Y8:Y11) -> 1069.1612 | Z25: =SUM(Z8:Z11) -> -2982.1528 | AA25: =+Z25-Y25 -> -4051.314 | AB25: =SUM(AB8:AB11) -> 2967.4419 | AC25: =+Z25-AB25 -> -5949.5947
I26: 영남권 | J26: =SUM(J12:J19) -> 1271.9598 | K26: =SUM(K12:K19) -> 522.80346 | L26: =+K26-J26 -> -749.15636 | M26: =SUM(M12:M19) -> 790.68247 | N26: =+K26-M26 -> -267.87901 | O26: =SUM(O12:O19) -> 722.48777 | P26: =SUM(P12:P19) -> -110.05411 | Q26: =+P26-O26 -> -832.54188 | R26: =SUM(R12:R19) -> 129.12894 | S26: =+P26-R26 -> -239.18305 | T26: =SUM(T12:T19) -> 9125.6096 | U26: =SUM(U12:U19) -> 5328.4576 | V26: =+U26-T26 -> -3797.1519 | W26: =SUM(W12:W19) -> 12953.641 | X26: =+U26-W26 -> -7625.1838 | Y26: =SUM(Y12:Y19) -> 2898.3237 | Z26: =SUM(Z12:Z19) -> -1197.373 | AA26: =+Z26-Y26 -> -4095.6967 | AB26: =SUM(AB12:AB19) -> 6905.1496 | AC26: =+Z26-AB26 -> -8102.5226
I27: 중부권 | J27: =SUM(J20:J24) -> 1127.4216 | K27: =SUM(K20:K24) -> 392.64542 | L27: =+K27-J27 -> -734.77614 | M27: =SUM(M20:M24) -> 673.12587 | N27: =+K27-M27 -> -280.48045 | O27: =SUM(O20:O24) -> 866.37703 | P27: =SUM(P20:P24) -> 110.81603 | Q27: =+P27-O27 -> -755.561 | R27: =SUM(R20:R24) -> 392.0446 | S27: =+P27-R27 -> -281.22856 | T27: =SUM(T20:T24) -> 7356.3564 | U27: =SUM(U20:U24) -> 3513.7653 | V27: =+U27-T27 -> -3842.5911 | W27: =SUM(W20:W24) -> 7754.3687 | X27: =+U27-W27 -> -4240.6034 | Y27: =SUM(Y20:Y24) -> 4636.2776 | Z27: =SUM(Z20:Z24) -> 647.59759 | AA27: =+Z27-Y27 -> -3988.68 | AB27: =SUM(AB20:AB24) -> 5367.4352 | AC27: =+Z27-AB27 -> -4719.8376
H28: 레미콘 계 | J28: =SUM(J25:J27) -> 3554.6275 | K28: =SUM(K25:K27) -> 978.69212 | L28: =+K28-J28 -> -2575.9354 | M28: =SUM(M25:M27) -> 1732.7354 | N28: =+K28-M28 -> -754.04327 | O28: =SUM(O25:O27) -> 2275.0486 | P28: =SUM(P25:P27) -> -402.08217 | Q28: =+P28-O28 -> -2677.1308 | R28: =SUM(R25:R27) -> 364.08931 | S28: =+P28-R28 -> -766.17148 | T28: =SUM(T25:T27) -> 22537.746 | U28: =SUM(U25:U27) -> 10640.474 | V28: =+U28-T28 -> -11897.272 | W28: =SUM(W25:W27) -> 28131.865 | X28: =+U28-W28 -> -17491.392 | Y28: =SUM(Y25:Y27) -> 8603.7624 | Z28: =SUM(Z25:Z27) -> -3531.9282 | AA28: =+Z28-Y28 -> -12135.691 | AB28: =SUM(AB25:AB27) -> 15240.027 | AC28: =+Z28-AB28 -> -18771.955

Sheet 사업장별(당월)
H3: □ 사업장별 손익실적(2025-09)
AG4: [단위 : 천㎥, 톤, 백만원]
H5: 구분 | J5: 물량 | O5: 매출 | T5: 영업이익(공통비 배부전) | Y5: 판매단가 | AB5: 변동비 | AE5: 공헌이익
A6: 2024년 9월 마감 손익 | J6: 계획 | K6: 실적 | L6: 차이 | M6: 전년 | N6: 차이 | O6: 계획 | P6: 실적 | Q6: 차이 | R6: 전년 | S6: 차이 | T6: 계획 | U6: 실적 | V6: 차이 | W6: 전년 | X6: 차이 | Y6: 계획 | Z6: 실적 | AA6: 전년 | AB6: 계획 | AC6: 실적 | AD6: 전년 | AE6: 계획 | AF6: 실적 | AG6: 전년
B7: 안양 | G7: =+I7 -> 안양 | H7: 레미콘 | I7: 안양 | J7: =+IFERROR(HLOOKUP($B7,'[1]9월'!$D$6:$BN$259,2,),)/1000 -> 41 | K7: =+IFERROR(HLOOKUP($B7,'[2]9월'!$F$6:$CP$99,2,),)/1000 -> 31.877 | L7: =+K7-J7 -> -9.123 | M7: =+IFERROR(HLOOKUP($B7,'[3]9월'!$F$6:$CC$57,2,),)/1000 -> 28.4 | N7: =+K7-M7 -> 3.477 | O7: =+IFERROR(HLOOKUP($B7,'[1]9월'!$D$6:$BN$259,3,),)/1000 -> 4162.5002 | P7: =+IFERROR(HLOOKUP($B7,'[2]9월'!$F$6:$CP$99,3,),)/1000 -> 3143.5581 | Q7: =+P7-O7 -> -1018.9421 | R7: =+IFERROR(HLOOKUP($B7,'[3]9월'!$F$6:$CC$57,3,),)/1000 -> 2850.3839 | S7: =+P7-R7 -> 293.17421 | T7: =+IFERROR(HLOOKUP($B7,'[1]9월'!$D$6:$BN$259,16,),)/1000 -> 524.41267 | U7: =+IFERROR(HLOOKUP($B7,'[2]9월'!$F$6:$CP$99,16,),)/1000 -> 252.5489 | V7: =+U7-T7 -> -271.86377 | W7: =+IFERROR(HLOOKUP($B7,'[3]9월'!$F$6:$CC$57,16,),)/1000 -> 202.0324 | X7: =+U7-W7 -> 50.516497 | Y7: =+[4]안양!$Q$85 -> 101524.39 | Z7: =+[4]안양!$R$85 -> 98622.172 | AA7: =+[5]안양!$Q$85 -> 100365.63 | AB7: =+[4]안양!$Q$89 -> 81127.527 | AC7: =+[4]안양!$R$89 -> 80246.895 | AD7: =+[5]안양!$Q$89 -> 81650.507 | AE7: =+Y7-AB7 -> 20396.868 | AF7: =+Z7-AC7 -> 18375.277 | AG7: =+AA7-AD7 -> 18715.124
B8: 인천 | G8: =+I8 -> 인천 | H8: 직영 | I8: 인천 | J8: =+IFERROR(HLOOKUP($B8,'[1]9월'!$D$6:$BN$259,2,),)/1000 -> 32 | K8: =+IFERROR(HLOOKUP($B8,'[2]9월'!$F$6:$CP$99,2,),)/1000 -> 30.29 | L8: =+K8-J8 -> -1.71 | M8: =+IFERROR(HLOOKUP($B8,'[3]9월'!$F$6:$CC$57,2,),)/1000 -> 18.327 | N8: =+K8-M8 -> 11.963 | O8: =+IFERROR(HLOOKUP($B8,'[1]9월'!$D$6:$BN$259,3,),)/1000 -> 3318.6545 | P8: =+IFERROR(HLOOKUP($B8,'[2]9월'!$F$6:$CP$99,3,),)/1000 -> 2910.5156 | Q8: =+P8-O8 -> -408.13889 | R8: =+IFERROR(HLOOKUP($B8,'[3]9월'!$F$6:$CC$57,3,),)/1000 -> 1795.8147 | S8: =+P8-R8 -> 1114.7009 | T8: =+IFERROR(HLOOKUP($B8,'[1]9월'!$D$6:$BN$259,16,),)/1000 -> 387.6129 | U8: =+IFERROR(HLOOKUP($B8,'[2]9월'!$F$6:$CP$99,16,),)/1000 -> -66.326553 | V8: =+U8-T8 -> -453.93946 | W8: =+IFERROR(HLOOKUP($B8,'[3]9월'!$F$6:$CC$57,16,),)/1000 -> -68.39704 | X8: =+U8-W8 -> 2.070487 | Y8: =+[4]인천!$Q$85 -> 103707.95 | Z8: =+[4]인천!$R$85 -> 96088.332 | AA8: =+[5]인천!$Q$85 -> 97987.379 | AB8: =+[4]인천!$Q$89 -> 82252.916 | AC8: =+[4]인천!$R$89 -> 86406.049 | AD8: =+[5]인천!$Q$89 -> 82653.877 | AE8: =+Y8-AB8 -> 21455.036 | AF8: =+Z8-AC8 -> 9682.283 | AG8: =+AA8-AD8 -> 15333.502
B9: 파주 | G9: =+I9 -> 파주 | I9: 파주 | J9: =+IFERROR(HLOOKUP($B9,'[1]9월'!$D$6:$BN$259,2,),)/1000 -> 24 | K9: =+IFERROR(HLOOKUP($B9,'[2]9월'!$F$6:$CP$99,2,),)/1000 -> 16.448 | L9: =+K9-J9 -> -7.552 | M9: =+IFERROR(HLOOKUP($B9,'[3]9월'!$F$6:$CC$57,2,),)/1000 -> 19.1078 | N9: =+K9-M9 -> -2.6598 | O9: =+IFERROR(HLOOKUP($B9,'[1]9월'!$D$6:$BN$259,3,),)/1000 -> 2313.4385 | P9: =+IFERROR(HLOOKUP($B9,'[2]9월'!$F$6:$CP$99,3,),)/1000 -> 1510.7481 | Q9: =+P9-O9 -> -802.69035 | R9: =+IFERROR(HLOOKUP($B9,'[3]9월'!$F$6:$CC$57,3,),)/1000 -> 1803.3963 | S9: =+P9-R9 -> -292.6482 | T9: =+IFERROR(HLOOKUP($B9,'[1]9월'!$D$6:$BN$259,16,),)/1000 -> 132.59526 | U9: =+IFERROR(HLOOKUP($B9,'[2]9월'!$F$6:$CP$99,16,),)/1000 -> -43.489316 | V9: =+U9-T9 -> -176.08458 | W9: =+IFERROR(HLOOKUP($B9,'[3]9월'!$F$6:$CC$57,16,),)/1000 -> 106.24983 | X9: =+U9-W9 -> -149.73915 | Y9: =+[4]파주!$Q$85 -> 96393.269 | Z9: =+[4]파주!$R$85 -> 91863.064 | AA9: =+[5]파주!$Q$85 -> 94365.024 | AB9: =+[4]파주!$Q$89 -> 81555.71 | AC9: =+[4]파주!$R$89 -> 79943.314 | AD9: =+[5]파주!$Q$89 -> 75826.434 | AE9: =+Y9-AB9 -> 14837.559 | AF9: =+Z9-AC9 -> 11919.75 | AG9: =+AA9-AD9 -> 18538.59
B10: 김포 | G10: =+I10 -> 김포 | I10: 김포 | J10: =+IFERROR(HLOOKUP($B10,'[1]9월'!$D$6:$BN$259,2,),)/1000 -> 16 | K10: =+IFERROR(HLOOKUP($B10,'[2]9월'!$F$6:$CP$99,2,),)/1000 -> 10.288 | L10: =+K10-J10 -> -5.712 | M10: =+IFERROR(HLOOKUP($B10,'[3]9월'!$F$6:$CC$57,2,),)/1000 -> 9.8 | N10: =+K10-M10 -> 0.488 | O10: =+IFERROR(HLOOKUP($B10,'[1]9월'!$D$6:$BN$259,3,),)/1000 -> 1523.05 | P10: =+IFERROR(HLOOKUP($B10,'[2]9월'!$F$6:$CP$99,3,),)/1000 -> 951.19071 | Q10: =+P10-O10 -> -571.85924 | R10: =+IFERROR(HLOOKUP($B10,'[3]9월'!$F$6:$CC$57,3,),)/1000 -> 943.50309 | S10: =+P10-R10 -> 7.687619 | T10: =+IFERROR(HLOOKUP($B10,'[1]9월'!$D$6:$BN$259,16,),)/1000 -> 110.62527 | U10: =+IFERROR(HLOOKUP($B10,'[2]9월'!$F$6:$CP$99,16,),)/1000 -> -79.489792 | V10: =+U10-T10 -> -190.11506 | W10: =+IFERROR(HLOOKUP($B10,'[3]9월'!$F$6:$CC$57,16,),)/1000 -> 29.041857 | X10: =+U10-W10 -> -108.53165 | Y10: =+[4]김포!$Q$85 -> 95190.622 | Z10: =+[4]김포!$R$85 -> 92479.295 | AA10: =+[5]김포!$Q$85 -> 96275.826 | AB10: =+[4]김포!$Q$89 -> 76527.866 | AC10: =+[4]김포!$R$89 -> 81027.53 | AD10: =+[5]김포!$Q$89 -> 74300.021 | AE10: =+Y10-AB10 -> 18662.755 | AF10: =+Z10-AC10 -> 11451.765 | AG10: =+AA10-AD10 -> 21975.804
B11: 부산 | G11: =+I11 -> 부산 | I11: 부산 | J11: =+IFERROR(HLOOKUP($B11,'[1]9월'!$D$6:$BN$259,2,),)/1000 -> 21 | K11: =+IFERROR(HLOOKUP($B11,'[2]9월'!$F$6:$CP$99,2,),)/1000 -> 20.199 | L11: =+K11-J11 -> -0.801 | M11: =+IFERROR(HLOOKUP($B11,'[3]9월'!$F$6:$CC$57,2,),)/1000 -> 15.517 | N11: =+K11-M11 -> 4.682 | O11: =+IFERROR(HLOOKUP($B11,'[1]9월'!$D$6:$BN$259,3,),)/1000 -> 2261.6974 | P11: =+IFERROR(HLOOKUP($B11,'[2]9월'!$F$6:$CP$99,3,),)/1000 -> 2164.6865 | Q11: =+P11-O11 -> -97.010835 | R11: =+IFERROR(HLOOKUP($B11,'[3]9월'!$F$6:$CC$57,3,),)/1000 -> 1769.7428 | S11: =+P11-R11 -> 394.94373 | T11: =+IFERROR(HLOOKUP($B11,'[1]9월'!$D$6:$BN$259,16,),)/1000 -> 222.14546 | U11: =+IFERROR(HLOOKUP($B11,'[2]9월'!$F$6:$CP$99,16,),)/1000 -> 155.08344 | V11: =+U11-T11 -> -67.062024 | W11: =+IFERROR(HLOOKUP($B11,'[3]9월'!$F$6:$CC$57,16,),)/1000 -> 167.22155 | X11: =+U11-W11 -> -12.138112 | Y11: =+[4]부산!$Q$85 -> 107699.87 | Z11: =+[4]부산!$R$85 -> 107168 | AA11: =+[5]부산!$Q$85 -> 114051.87 | AB11: =+[4]부산!$Q$89 -> 84681.417 | AC11: =+[4]부산!$R$89 -> 85757.042 | AD11: =+[5]부산!$Q$89 -> 84631.159 | AE11: =+Y11-AB11 -> 23018.458 | AF11: =+Z11-AC11 -> 21410.962 | AG11: =+AA11-AD11 -> 29420.706
B12: 서부산 | G12: =+I12 -> 서부산 | I12: 서부산 | J12: =+IFERROR(HLOOKUP($B12,'[1]9월'!$D$6:$BN$259,2,),)/1000 -> 21 | K12: =+IFERROR(HLOOKUP($B12,'[2]9월'!$F$6:$CP$99,2,),)/1000 -> 19.618 | L12: =+K12-J12 -> -1.382 | M12: =+IFERROR(HLOOKUP($B12,'[3]9월'!$F$6:$CC$57,2,),)/1000 -> 13.004 | N12: =+K12-M12 -> 6.614 | O12: =+IFERROR(HLOOKUP($B12,'[1]9월'!$D$6:$BN$259,3,),)/1000 -> 2085.2971 | P12: =+IFERROR(HLOOKUP($B12,'[2]9월'!$F$6:$CP$99,3,),)/1000 -> 1904.0365 | Q12: =+P12-O12 -> -181.26057 | R12: =+IFERROR(HLOOKUP($B12,'[3]9월'!$F$6:$CC$57,3,),)/1000 -> 1314.9703 | S12: =+P12-R12 -> 589.0662 | T12: =+IFERROR(HLOOKUP($B12,'[1]9월'!$D$6:$BN$259,16,),)/1000 -> 262.68395 | U12: =+IFERROR(HLOOKUP($B12,'[2]9월'!$F$6:$CP$99,16,),)/1000 -> 149.85117 | V12: =+U12-T12 -> -112.83278 | W12: =+IFERROR(HLOOKUP($B12,'[3]9월'!$F$6:$CC$57,16,),)/1000 -> 84.673494 | X12: =+U12-W12 -> 65.177675 | Y12: =+[4]서부산!$Q$85 -> 99299.86 | Z12: =+[4]서부산!$R$85 -> 97055.587 | AA12: =+[5]서부산!$Q$85 -> 101120.45 | AB12: =+[4]서부산!$Q$89 -> 77319.895 | AC12: =+[4]서부산!$R$89 -> 77542.314 | AD12: =+[5]서부산!$Q$89 -> 78001.326 | AE12: =+Y12-AB12 -> 21979.965 | AF12: =+Z12-AC12 -> 19513.273 | AG12: =+AA12-AD12 -> 23119.122
B13: 김해 | G13: =+I13 -> 김해 | I13: 김해 | J13: =+IFERROR(HLOOKUP($B13,'[1]9월'!$D$6:$BN$259,2,),)/1000 -> 14 | K13: =+IFERROR(HLOOKUP($B13,'[2]9월'!$F$6:$CP$99,2,),)/1000 -> 7.988 | L13: =+K13-J13 -> -6.012 | M13: =+IFERROR(HLOOKUP($B13,'[3]9월'!$F$6:$CC$57,2,),)/1000 -> 12.705 | N13: =+K13-M13 -> -4.717 | O13: =+IFERROR(HLOOKUP($B13,'[1]9월'!$D$6:$BN$259,3,),)/1000 -> 1348.1986 | P13: =+IFERROR(HLOOKUP($B13,'[2]9월'!$F$6:$CP$99,3,),)/1000 -> 706.9105 | Q13: =+P13-O13 -> -641.2881 | R13: =+IFERROR(HLOOKUP($B13,'[3]9월'!$F$6:$CC$57,3,),)/1000 -> 1134.8287 | S13: =+P13-R13 -> -427.9182 | T13: =+IFERROR(HLOOKUP($B13,'[1]9월'!$D$6:$BN$259,16,),)/1000 -> 115.18251 | U13: =+IFERROR(HLOOKUP($B13,'[2]9월'!$F$6:$CP$99,16,),)/1000 -> -78.322141 | V13: =+U13-T13 -> -193.50465 | W13: =+IFERROR(HLOOKUP($B13,'[3]9월'!$F$6:$CC$57,16,),)/1000 -> -2.729523 | X13: =+U13-W13 -> -75.592618 | Y13: =+[4]김해!$Q$85 -> 96299.9 | Z13: =+[4]김해!$R$85 -> 88617.202 | AA13: =+[5]김해!$Q$85 -> 89286.803 | AB13: =+[4]김해!$Q$89 -> 77194.604 | AC13: =+[4]김해!$R$89 -> 77871.709 | AD13: =+[5]김해!$Q$89 -> 75888.627 | AE13: =+Y13-AB13 -> 19105.296 | AF13: =+Z13-AC13 -> 10745.493 | AG13: =+AA13-AD13 -> 13398.176
B14: 정관 | G14: =+I14 -> 정관 | I14: 정관 | J14: =+IFERROR(HLOOKUP($B14,'[1]9월'!$D$6:$BN$259,2,),)/1000 -> 19 | K14: =+IFERROR(HLOOKUP($B14,'[2]9월'!$F$6:$CP$99,2,),)/1000 -> 23.4405 | L14: =+K14-J14 -> 4.4405 | M14: =+IFERROR(HLOOKUP($B14,'[3]9월'!$F$6:$CC$57,2,),)/1000 -> 16.976 | N14: =+K14-M14 -> 6.4645 | O14: =+IFERROR(HLOOKUP($B14,'[1]9월'!$D$6:$BN$259,3,),)/1000 -> 1938.0018 | P14: =+IFERROR(HLOOKUP($B14,'[2]9월'!$F$6:$CP$99,3,),)/1000 -> 2350.14 | Q14: =+P14-O14 -> 412.13821 | R14: =+IFERROR(HLOOKUP($B14,'[3]9월'!$F$6:$CC$57,3,),)/1000 -> 1722.9997 | S14: =+P14-R14 -> 627.1403 | T14: =+IFERROR(HLOOKUP($B14,'[1]9월'!$D$6:$BN$259,16,),)/1000 -> 164.10726 | U14: =+IFERROR(HLOOKUP($B14,'[2]9월'!$F$6:$CP$99,16,),)/1000 -> 173.69429 | V14: =+U14-T14 -> 9.5870287 | W14: =+IFERROR(HLOOKUP($B14,'[3]9월'!$F$6:$CC$57,16,),)/1000 -> 103.5454 | X14: =+U14-W14 -> 70.148889 | Y14: =+[4]정관!$Q$85 -> 102000.09 | Z14: =+[4]정관!$R$85 -> 100259.81 | AA14: =+[5]정관!$Q$85 -> 101496.21 | AB14: =+[4]정관!$Q$89 -> 82152.96 | AC14: =+[4]정관!$R$89 -> 82090.776 | AD14: =+[5]정관!$Q$89 -> 81278.39 | AE14: =+Y14-AB14 -> 19847.134 | AF14: =+Z14-AC14 -> 18169.03 | AG14: =+AA14-AD14 -> 20217.822
B15: 양산 | G15: =+I15 -> 양산 | I15: 양산 | J15: =+IFERROR(HLOOKUP($B15,'[1]9월'!$D$6:$BN$259,2,),)/1000 -> 12 | K15: =+IFERROR(HLOOKUP($B15,'[2]9월'!$F$6:$CP$99,2,),)/1000 -> 6.061 | L15: =+K15-J15 -> -5.939 | M15: =+IFERROR(HLOOKUP($B15,'[3]9월'!$F$6:$CC$57,2,),)/1000 -> 12.518 | N15: =+K15-M15 -> -6.457 | O15: =+IFERROR(HLOOKUP($B15,'[1]9월'!$D$6:$BN$259,3,),)/1000 -> 1131.66 | P15: =+IFERROR(HLOOKUP($B15,'[2]9월'!$F$6:$CP$99,3,),)/1000 -> 570.8879 | Q15: =+P15-O15 -> -560.7721 | R15: =+IFERROR(HLOOKUP($B15,'[3]9월'!$F$6:$CC$57,3,),)/1000 -> 1127.9969 | S15: =+P15-R15 -> -557.109 | T15: =+IFERROR(HLOOKUP($B15,'[1]9월'!$D$6:$BN$259,16,),)/1000 -> 106.81807 | U15: =+IFERROR(HLOOKUP($B15,'[2]9월'!$F$6:$CP$99,16,),)/1000 -> -35.259846 | V15: =+U15-T15 -> -142.07791 | W15: =+IFERROR(HLOOKUP($B15,'[3]9월'!$F$6:$CC$57,16,),)/1000 -> 69.602208 | X15: =+U15-W15 -> -104.86205 | Y15: =+[4]양산!$Q$85 -> 94305 | Z15: =+[4]양산!$R$85 -> 94190.381 | AA15: =+[5]양산!$Q$85 -> 90109.994 | AB15: =+[4]양산!$Q$89 -> 73438.432 | AC15: =+[4]양산!$R$89 -> 76835.776 | AD15: =+[5]양산!$Q$89 -> 71969.385 | AE15: =+Y15-AB15 -> 20866.568 | AF15: =+Z15-AC15 -> 17354.605 | AG15: =+AA15-AD15 -> 18140.609
B16: 창원 | G16: =+I16 -> 창원 | I16: 창원 | J16: =+IFERROR(HLOOKUP($B16,'[1]9월'!$D$6:$BN$259,2,),)/1000 -> 13 | K16: =+IFERROR(HLOOKUP($B16,'[2]9월'!$F$6:$CP$99,2,),)/1000 -> 6.546 | L16: =+K16-J16 -> -6.454 | M16: =+IFERROR(HLOOKUP($B16,'[3]9월'!$F$6:$CC$57,2,),)/1000 -> 14.953 | N16: =+K16-M16 -> -8.407 | O16: =+IFERROR(HLOOKUP($B16,'[1]9월'!$D$6:$BN$259,3,),)/1000 -> 1314.3049 | P16: =+IFERROR(HLOOKUP($B16,'[2]9월'!$F$6:$CP$99,3,),)/1000 -> 598.3484 | Q16: =+P16-O16 -> -715.95654 | R16: =+IFERROR(HLOOKUP($B16,'[3]9월'!$F$6:$CC$57,3,),)/1000 -> 1507.3454 | S16: =+P16-R16 -> -908.997 | T16: =+IFERROR(HLOOKUP($B16,'[1]9월'!$D$6:$BN$259,16,),)/1000 -> 145.2062 | U16: =+IFERROR(HLOOKUP($B16,'[2]9월'!$F$6:$CP$99,16,),)/1000 -> -63.359208 | V16: =+U16-T16 -> -208.56541 | W16: =+IFERROR(HLOOKUP($B16,'[3]9월'!$F$6:$CC$57,16,),)/1000 -> 152.25467 | X16: =+U16-W16 -> -215.61387 | Y16: =+[4]창원!$Q$85 -> 101100.38 | Z16: =+[4]창원!$R$85 -> 91406.722 | AA16: =+[5]창원!$Q$85 -> 100805.55 | AB16: =+[4]창원!$Q$89 -> 76060.57 | AC16: =+[4]창원!$R$89 -> 71724.152 | AD16: =+[5]창원!$Q$89 -> 74736.793 | AE16: =+Y16-AB16 -> 25039.81 | AF16: =+Z16-AC16 -> 19682.57 | AG16: =+AA16-AD16 -> 26068.757
B17: 대구 | G17: =+I17 -> 대구 | I17: 대구 | J17: =+IFERROR(HLOOKUP($B17,'[1]9월'!$D$6:$BN$259,2,),)/1000 -> 12 | K17: =+IFERROR(HLOOKUP($B17,'[2]9월'!$F$6:$CP$99,2,),)/1000 -> 13.3385 | L17: =+K17-J17 -> 1.3385 | M17: =+IFERROR(HLOOKUP($B17,'[3]9월'!$F$6:$CC$57,2,),)/1000 -> 14.191 | N17: =+K17-M17 -> -0.8525 | O17: =+IFERROR(HLOOKUP($B17,'[1]9월'!$D$6:$BN$259,3,),)/1000 -> 1154.7962 | P17: =+IFERROR(HLOOKUP($B17,'[2]9월'!$F$6:$CP$99,3,),)/1000 -> 1132.3224 | Q17: =+P17-O17 -> -22.473887 | R17: =+IFERROR(HLOOKUP($B17,'[3]9월'!$F$6:$CC$57,3,),)/1000 -> 1379.9727 | S17: =+P17-R17 -> -247.6504 | T17: =+IFERROR(HLOOKUP($B17,'[1]9월'!$D$6:$BN$259,16,),)/1000 -> 99.040367 | U17: =+IFERROR(HLOOKUP($B17,'[2]9월'!$F$6:$CP$99,16,),)/1000 -> 42.684097 | V17: =+U17-T17 -> -56.35627 | W17: =+IFERROR(HLOOKUP($B17,'[3]9월'!$F$6:$CC$57,16,),)/1000 -> 137.65472 | X17: =+U17-W17 -> -94.970627 | Y17: =+[4]대구!$Q$85 -> 96233.02 | Z17: =+[4]대구!$R$85 -> 84891.281 | AA17: =+[5]대구!$Q$85 -> 97242.812 | AB17: =+[4]대구!$Q$89 -> 72550.614 | AC17: =+[4]대구!$R$89 -> 69930.589 | AD17: =+[5]대구!$Q$89 -> 72709.872 | AE17: =+Y17-AB17 -> 23682.406 | AF17: =+Z17-AC17 -> 14960.692 | AG17: =+AA17-AD17 -> 24532.94
B18: 울산 | G18: =+I18 -> 울산 | I18: 울산 | J18: =+IFERROR(HLOOKUP($B18,'[1]9월'!$D$6:$BN$259,2,),)/1000 -> 14 | K18: =+IFERROR(HLOOKUP($B18,'[2]9월'!$F$6:$CP$99,2,),)/1000 -> 13.179 | L18: =+K18-J18 -> -0.821 | M18: =+IFERROR(HLOOKUP($B18,'[3]9월'!$F$6:$CC$57,2,),)/1000 -> 11.98 | N18: =+K18-M18 -> 1.199 | O18: =+IFERROR(HLOOKUP($B18,'[1]9월'!$D$6:$BN$259,3,),)/1000 -> 1458.865 | P18: =+IFERROR(HLOOKUP($B18,'[2]9월'!$F$6:$CP$99,3,),)/1000 -> 1435.1891 | Q18: =+P18-O18 -> -23.6759 | R18: =+IFERROR(HLOOKUP($B18,'[3]9월'!$F$6:$CC$57,3,),)/1000 -> 1176.1866 | S18: =+P18-R18 -> 259.00255 | T18: =+IFERROR(HLOOKUP($B18,'[1]9월'!$D$6:$BN$259,16,),)/1000 -> 156.77601 | U18: =+IFERROR(HLOOKUP($B18,'[2]9월'!$F$6:$CP$99,16,),)/1000 -> 178.43166 | V18: =+U18-T18 -> 21.655651 | W18: =+IFERROR(HLOOKUP($B18,'[3]9월'!$F$6:$CC$57,16,),)/1000 -> 78.459948 | X18: =+U18-W18 -> 99.971712 | Y18: =+[4]울산!$Q$85 -> 104204.64 | Z18: =+[4]울산!$R$85 -> 108899.7 | AA18: =+[5]울산!$Q$85 -> 98179.178 | AB18: =+[4]울산!$Q$89 -> 82480.758 | AC18: =+[4]울산!$R$89 -> 82498.145 | AD18: =+[5]울산!$Q$89 -> 78607.479 | AE18: =+Y18-AB18 -> 21723.885 | AF18: =+Z18-AC18 -> 26401.552 | AG18: =+AA18-AD18 -> 19571.699
B19: 아산 | G19: =+I19 -> 아산 | I19: 아산 | J19: =+IFERROR(HLOOKUP($B19,'[1]9월'!$D$6:$BN$259,2,),)/1000 -> 26 | K19: =+IFERROR(HLOOKUP($B19,'[2]9월'!$F$6:$CP$99,2,),)/1000 -> 23.459 | L19: =+K19-J19 -> -2.541 | M19: =+IFERROR(HLOOKUP($B19,'[3]9월'!$F$6:$CC$57,2,),)/1000 -> 23.352 | N19: =+K19-M19 -> 0.107 | O19: =+IFERROR(HLOOKUP($B19,'[1]9월'!$D$6:$BN$259,3,),)/1000 -> 2678 | P19: =+IFERROR(HLOOKUP($B19,'[2]9월'!$F$6:$CP$99,3,),)/1000 -> 2198.6815 | Q19: =+P19-O19 -> -479.31849 | R19: =+IFERROR(HLOOKUP($B19,'[3]9월'!$F$6:$CC$57,3,),)/1000 -> 2315.0378 | S19: =+P19-R19 -> -116.35625 | T19: =+IFERROR(HLOOKUP($B19,'[1]9월'!$D$6:$BN$259,16,),)/1000 -> 399.79482 | U19: =+IFERROR(HLOOKUP($B19,'[2]9월'!$F$6:$CP$99,16,),)/1000 -> 79.527224 | V19: =+U19-T19 -> -320.2676 | W19: =+IFERROR(HLOOKUP($B19,'[3]9월'!$F$6:$CC$57,16,),)/1000 -> 256.65218 | X19: =+U19-W19 -> -177.12496 | Y19: =+[4]아산!$Q$85 -> 103000 | Z19: =+[4]아산!$R$85 -> 93724.435 | AA19: =+[5]아산!$Q$85 -> 99026.219 | AB19: =+[4]아산!$Q$89 -> 77918.038 | AC19: =+[4]아산!$R$89 -> 79487.178 | AD19: =+[5]아산!$Q$89 -> 76440.336 | AE19: =+Y19-AB19 -> 25081.962 | AF19: =+Z19-AC19 -> 14237.257 | AG19: =+AA19-AD19 -> 22585.883
B20: 전주 | G20: =+I20 -> 전주 | I20: 전주 | J20: =+IFERROR(HLOOKUP($B20,'[1]9월'!$D$6:$BN$259,2,),)/1000 -> 12 | K20: =+IFERROR(HLOOKUP($B20,'[2]9월'!$F$6:$CP$99,2,),)/1000 -> 15.058 | L20: =+K20-J20 -> 3.058 | M20: =+IFERROR(HLOOKUP($B20,'[3]9월'!$F$6:$CC$57,2,),)/1000 -> 10.103 | N20: =+K20-M20 -> 4.955 | O20: =+IFERROR(HLOOKUP($B20,'[1]9월'!$D$6:$BN$259,3,),)/1000 -> 1208.7071 | P20: =+IFERROR(HLOOKUP($B20,'[2]9월'!$F$6:$CP$99,3,),)/1000 -> 1481.3307 | Q20: =+P20-O20 -> 272.6236 | R20: =+IFERROR(HLOOKUP($B20,'[3]9월'!$F$6:$CC$57,3,),)/1000 -> 1007.1744 | S20: =+P20-R20 -> 474.1563 | T20: =+IFERROR(HLOOKUP($B20,'[1]9월'!$D$6:$BN$259,16,),)/1000 -> 175.60275 | U20: =+IFERROR(HLOOKUP($B20,'[2]9월'!$F$6:$CP$99,16,),)/1000 -> 174.72593 | V20: =+U20-T20 -> -0.87681845 | W20: =+IFERROR(HLOOKUP($B20,'[3]9월'!$F$6:$CC$57,16,),)/1000 -> 98.002099 | X20: =+U20-W20 -> 76.723833 | Y20: =+[4]전주!$Q$85 -> 100725.59 | Z20: =+[4]전주!$R$85 -> 98374.997 | AA20: =+[5]전주!$Q$85 -> 99690.626 | AB20: =+[4]전주!$Q$89 -> 73247.442 | AC20: =+[4]전주!$R$89 -> 75716.659 | AD20: =+[5]전주!$Q$89 -> 72859.165 | AE20: =+Y20-AB20 -> 27478.15 | AF20: =+Z20-AC20 -> 22658.338 | AG20: =+AA20-AD20 -> 26831.462
B21: 군산 | G21: =+I21 -> 군산 | I21: 군산 | J21: =+IFERROR(HLOOKUP($B21,'[1]9월'!$D$6:$BN$259,2,),)/1000 -> 8 | K21: =+IFERROR(HLOOKUP($B21,'[2]9월'!$F$6:$CP$99,2,),)/1000 -> 4.3985 | L21: =+K21-J21 -> -3.6015 | M21: =+IFERROR(HLOOKUP($B21,'[3]9월'!$F$6:$CC$57,2,),)/1000 -> 7.883 | N21: =+K21-M21 -> -3.4845 | O21: =+IFERROR(HLOOKUP($B21,'[1]9월'!$D$6:$BN$259,3,),)/1000 -> 894.38615 | P21: =+IFERROR(HLOOKUP($B21,'[2]9월'!$F$6:$CP$99,3,),)/1000 -> 485.6806 | Q21: =+P21-O21 -> -408.70555 | R21: =+IFERROR(HLOOKUP($B21,'[3]9월'!$F$6:$CC$57,3,),)/1000 -> 917.5602 | S21: =+P21-R21 -> -431.8796 | T21: =+IFERROR(HLOOKUP($B21,'[1]9월'!$D$6:$BN$259,16,),)/1000 -> 232.89281 | U21: =+IFERROR(HLOOKUP($B21,'[2]9월'!$F$6:$CP$99,16,),)/1000 -> 70.14253 | V21: =+U21-T21 -> -162.75028 | W21: =+IFERROR(HLOOKUP($B21,'[3]9월'!$F$6:$CC$57,16,),)/1000 -> 252.01421 | X21: =+U21-W21 -> -181.87168 | Y21: =+[4]군산!$Q$85 -> 111798.27 | Z21: =+[4]군산!$R$85 -> 110265.3 | AA21: =+[5]군산!$Q$85 -> 116414.49 | AB21: =+[4]군산!$Q$89 -> 72435.635 | AC21: =+[4]군산!$R$89 -> 72207.09 | AD21: =+[5]군산!$Q$89 -> 72940.628 | AE21: =+Y21-AB21 -> 39362.633 | AF21: =+Z21-AC21 -> 38058.214 | AG21: =+AA21-AD21 -> 43473.867
B22: 원주 | G22: =+I22 -> 원주 | I22: 원주 | J22: =+IFERROR(HLOOKUP($B22,'[1]9월'!$D$6:$BN$259,2,),)/1000 -> 6 | K22: =+IFERROR(HLOOKUP($B22,'[2]9월'!$F$6:$CP$99,2,),)/1000 -> 3.3585 | L22: =+K22-J22 -> -2.6415 | M22: =+IFERROR(HLOOKUP($B22,'[3]9월'!$F$6:$CC$57,2,),)/1000 -> 5.359 | N22: =+K22-M22 -> -2.0005 | O22: =+IFERROR(HLOOKUP($B22,'[1]9월'!$D$6:$BN$259,3,),)/1000 -> 672 | P22: =+IFERROR(HLOOKUP($B22,'[2]9월'!$F$6:$CP$99,3,),)/1000 -> 376.37215 | Q22: =+P22-O22 -> -295.62785 | R22: =+IFERROR(HLOOKUP($B22,'[3]9월'!$F$6:$CC$57,3,),)/1000 -> 606.961 | S22: =+P22-R22 -> -230.58885 | T22: =+IFERROR(HLOOKUP($B22,'[1]9월'!$D$6:$BN$259,16,),)/1000 -> 128.61965 | U22: =+IFERROR(HLOOKUP($B22,'[2]9월'!$F$6:$CP$99,16,),)/1000 -> 32.572096 | V22: =+U22-T22 -> -96.047556 | W22: =+IFERROR(HLOOKUP($B22,'[3]9월'!$F$6:$CC$57,16,),)/1000 -> 107.1387 | X22: =+U22-W22 -> -74.566607 | Y22: =+[4]원주!$Q$85 -> 112000 | Z22: =+[4]원주!$R$85 -> 112065.55 | AA22: =+[5]원주!$Q$85 -> 113260.12 | AB22: =+[4]원주!$Q$89 -> 73072.22 | AC22: =+[4]원주!$R$89 -> 71797.687 | AD22: =+[5]원주!$Q$89 -> 73534.477 | AE22: =+Y22-AB22 -> 38927.78 | AF22: =+Z22-AC22 -> 40267.861 | AG22: =+AA22-AD22 -> 39725.647
B23: 제주 | F23: =+K27-J27 -> -49.659 | G23: =+I23 -> 제주 | I23: 제주 | J23: =+IFERROR(HLOOKUP($B23,'[1]9월'!$D$6:$BN$259,2,),)/1000 -> 9 | K23: =+IFERROR(HLOOKUP($B23,'[2]9월'!$F$6:$CP$99,2,),)/1000 -> 4.794 | L23: =+K23-J23 -> -4.206 | M23: =+IFERROR(HLOOKUP($B23,'[3]9월'!$F$6:$CC$57,2,),)/1000 -> 2.1085 | N23: =+K23-M23 -> 2.6855 | O23: =+IFERROR(HLOOKUP($B23,'[1]9월'!$D$6:$BN$259,3,),)/1000 -> 1106.96 | P23: =+IFERROR(HLOOKUP($B23,'[2]9월'!$F$6:$CP$99,3,),)/1000 -> 607.31897 | Q23: =+P23-O23 -> -499.64103 | R23: =+IFERROR(HLOOKUP($B23,'[3]9월'!$F$6:$CC$57,3,),)/1000 -> 245.49822 | S23: =+P23-R23 -> 361.82075 | T23: =+IFERROR(HLOOKUP($B23,'[1]9월'!$D$6:$BN$259,16,),)/1000 -> 190.51152 | U23: =+IFERROR(HLOOKUP($B23,'[2]9월'!$F$6:$CP$99,16,),)/1000 -> 35.677639 | V23: =+U23-T23 -> -154.83388 | W23: =+IFERROR(HLOOKUP($B23,'[3]9월'!$F$6:$CC$57,16,),)/1000 -> -40.681329 | X23: =+U23-W23 -> 76.358968 | Y23: =+[4]제주!$Q$85 -> 122995.56 | Z23: =+[4]제주!$R$85 -> 126594.93 | AA23: =+[5]제주!$Q$85 -> 116432.64 | AB23: =+[4]제주!$Q$89 -> 91386.196 | AC23: =+[4]제주!$R$89 -> 96807.174 | AD23: =+[5]제주!$Q$89 -> 86083.475 | AE23: =+Y23-AB23 -> 31609.36 | AF23: =+Z23-AC23 -> 29787.753 | AG23: =+AA23-AD23 -> 30349.163
F24: =+K24/J24 -> 0.78675221 | G24: =+I24 -> 수도권 | I24: 수도권 | J24: =SUM(J7:J10) -> 113 | K24: =SUM(K7:K10) -> 88.903 | L24: =+K24-J24 -> -24.097 | M24: =SUM(M7:M10) -> 75.6348 | N24: =+K24-M24 -> 13.2682 | O24: =SUM(O7:O10) -> 11317.643 | P24: =SUM(P7:P10) -> 8516.0125 | Q24: =+P24-O24 -> -2801.6305 | R24: =SUM(R7:R10) -> 7393.098 | S24: =+P24-R24 -> 1122.9145 | T24: =SUM(T7:T10) -> 1155.2461 | U24: =SUM(U7:U10) -> 63.243237 | V24: =+U24-T24 -> -1092.0029 | W24: =SUM(W7:W10) -> 268.92705 | X24: =+U24-W24 -> -205.68381 | Y24: =+[4]수도권!$Q$85 -> 100156.13 | Z24: =+[4]수도권!$R$85 -> 95819.566 | AA24: =+[5]수도권!$Q$85 -> 97749.491 | AB24: =+[4]수도권!$Q$89 -> 80885.883 | AC24: =+[4]수도권!$R$89 -> 82395.263 | AD24: =+[5]수도권!$Q$89 -> 79479.892 | AE24: =+Y24-AB24 -> 19270.25 | AF24: =+Z24-AC24 -> 13424.303 | AG24: =+AA24-AD24 -> 18269.6
F25: =+K25/J25 -> 0.87595238 | G25: =+I25 -> 영남권 | I25: 영남권 | J25: =SUM(J11:J18) -> 126 | K25: =SUM(K11:K18) -> 110.37 | L25: =+K25-J25 -> -15.63 | M25: =SUM(M11:M18) -> 111.844 | N25: =+K25-M25 -> -1.474 | O25: =SUM(O11:O18) -> 12692.821 | P25: =SUM(P11:P18) -> 10862.521 | Q25: =+P25-O25 -> -1830.2997 | R25: =SUM(R11:R18) -> 11134.043 | S25: =+P25-R25 -> -271.52182 | T25: =SUM(T11:T18) -> 1271.9598 | U25: =SUM(U11:U18) -> 522.80346 | V25: =+U25-T25 -> -749.15636 | W25: =SUM(W11:W18) -> 790.68247 | X25: =+U25-W25 -> -267.87901 | Y25: =+[4]영남권!$Q$85 -> 100736.67 | Z25: =+[4]영남권!$R$85 -> 98462.668 | AA25: =+[5]영남권!$Q$85 -> 99624.762 | AB25: =+[4]영남권!$Q$89 -> 78881.308 | AC25: =+[4]영남권!$R$89 -> 79337.908 | AD25: =+[5]영남권!$Q$89 -> 77483.837 | AE25: =+Y25-AB25 -> 21855.367 | AF25: =+Z25-AC25 -> 19124.76 | AG25: =+AA25-AD25 -> 22140.925
F26: =+K26/J26 -> 0.83718033 | G26: =+I26 -> 중부권 | I26: 중부권 | J26: =SUM(J19:J23) -> 61 | K26: =SUM(K19:K23) -> 51.068 | L26: =+K26-J26 -> -9.932 | M26: =SUM(M19:M23) -> 48.8055 | N26: =+K26-M26 -> 2.2625 | O26: =SUM(O19:O23) -> 6560.0532 | P26: =SUM(P19:P23) -> 5149.3839 | Q26: =+P26-O26 -> -1410.6693 | R26: =SUM(R19:R23) -> 5092.2316 | S26: =+P26-R26 -> 57.15235 | T26: =SUM(T19:T23) -> 1127.4216 | U26: =SUM(U19:U23) -> 392.64542 | V26: =+U26-T26 -> -734.77614 | W26: =SUM(W19:W23) -> 673.12587 | X26: =+U26-W26 -> -280.48045 | Y26: =+[4]중부권!$Q$85 -> 107541.86 | Z26: =+[4]중부권!$R$85 -> 100727.81 | AA26: =+[5]중부권!$Q$85 -> 104305.46 | AB26: =+[4]중부권!$Q$89 -> 77790.696 | AC26: =+[4]중부권!$R$89 -> 78864.581 | AD26: =+[5]중부권!$Q$89 -> 75226.187 | AE26: =+Y26-AB26 -> 29751.161 | AF26: =+Z26-AC26 -> 21863.231 | AG26: =+AA26-AD26 -> 29079.27
F27: =+K27/M27 -> 1.0594906 | G27: =+K27/J27 -> 0.83447 | H27: 레미콘 계 | J27: =SUM(J24:J26) -> 300 | K27: =SUM(K24:K26) -> 250.341 | L27: =+K27-J27 -> -49.659 | M27: =SUM(M24:M26) -> 236.2843 | N27: =+K27-M27 -> 14.0567 | O27: =SUM(O24:O26) -> 30570.517 | P27: =SUM(P24:P26) -> 24527.918 | Q27: =+P27-O27 -> -6042.5996 | R27: =SUM(R24:R26) -> 23619.373 | S27: =+P27-R27 -> 908.54505 | T27: =SUM(T24:T26) -> 3554.6275 | U27: =SUM(U24:U26) -> 978.69212 | V27: =+U27-T27 -> -2575.9354 | W27: =SUM(W24:W26) -> 1732.7354 | X27: =+U27-W27 -> -754.04327 | Y27: =+[4]합계!$Q$85 -> 101901.72 | Z27: =+[4]합계!$R$85 -> 97987.042 | AA27: =+[5]합계!$Q$85 -> 99989.728 | AB27: =+[4]합계!$Q$89 -> 79414.607 | AC27: =+[4]합계!$R$89 -> 80325.191 | AD27: =+[5]합계!$Q$89 -> 77657.504 | AE27: =+Y27-AB27 -> 22487.117 | AF27: =+Z27-AC27 -> 17661.851 | AG27: =+AA27-AD27 -> 22332.224 | AI27: =+AF27-AE27 -> -4825.2668 | AJ27: =+AF27-AG27 -> -4670.3734
B28: 건자재 | E28: 건자재영업 | G28: 건자재 | H28: 건자재 | J28: =+IFERROR(HLOOKUP($B28,'[1]9월'!$D$6:$BN$259,2,),) -> 12600 | K28: =+IFERROR(HLOOKUP($E28,'[2]9월'!$F$6:$CP$99,2,),) -> 7943.905 | L28: =+K28-J28 -> -4656.095 | M28: =+IFERROR(HLOOKUP($E28,'[3]9월'!$F$6:$CC$57,2,),) -> 7354.628 | N28: =+K28-M28 -> 589.277 | O28: =+IFERROR(HLOOKUP($B28,'[1]9월'!$D$6:$BN$259,3,),)/1000 -> 13712.919 | P28: =+IFERROR(HLOOKUP($E28,'[2]9월'!$F$6:$CP$99,3,),)/1000 -> 7610.2078 | Q28: =+P28-O28 -> -6102.7111 | R28: =+IFERROR(HLOOKUP($E28,'[3]9월'!$F$6:$CC$57,3,),)/1000 -> 7720.8259 | S28: =+P28-R28 -> -110.61809 | T28: =+IFERROR(HLOOKUP($B28,'[1]9월'!$D$6:$BN$259,16,),)/1000 -> 224.34542 | U28: =+IFERROR(HLOOKUP($E28,'[2]9월'!$F$6:$CP$99,16,),)/1000 -> 13.67264 | V28: =+U28-T28 -> -210.67278 | W28: =+IFERROR(HLOOKUP($E28,'[3]9월'!$F$6:$CC$57,16,),)/1000 -> -15.579202 | X28: =+U28-W28 -> 29.251842 | Y28: ■ 비고
B29: 부산모래장 | C29: 부산골재 | G29: =+I29 -> 부산모래장 | H29: 골재 | I29: 부산모래장 | J29: =+IFERROR(HLOOKUP($B29,'[1]9월'!$D$6:$BN$259,2,),)/1000 -> 22.823313 | K29: =+IFERROR(HLOOKUP($C29,'[2]9월'!$F$6:$CP$99,2,),)/1000 -> 25.944 | L29: =+K29-J29 -> 3.1206874 | M29: =+IFERROR(HLOOKUP($C29,'[3]9월'!$F$6:$CC$57,2,),)/1000 -> 9.143 | N29: =+K29-M29 -> 16.801 | O29: =+IFERROR(HLOOKUP($B29,'[1]9월'!$D$6:$BN$259,3,),)/1000 -> 619.85596 | P29: =+IFERROR(HLOOKUP($C29,'[2]9월'!$F$6:$CP$99,3,),)/1000 -> 725.697 | Q29: =+P29-O29 -> 105.84104 | R29: =+IFERROR(HLOOKUP($C29,'[3]9월'!$F$6:$CC$57,3,),)/1000 -> 251.0855 | S29: =+P29-R29 -> 474.6115 | T29: =+IFERROR(HLOOKUP($B29,'[1]9월'!$D$6:$BN$259,21,),)/1000 -> 59.125904 | U29: =+IFERROR(HLOOKUP($C29,'[2]9월'!$F$6:$CP$99,21,),)/1000 -> 13.892939 | V29: =+U29-T29 -> -45.232965 | W29: =+IFERROR(HLOOKUP($C29,'[3]9월'!$F$6:$CC$57,21,),)/1000 -> -3.6659722 | X29: =+U29-W29 -> 17.558911
B30: 서부산크라샤 | C30: 서부산골재 | G30: =+I30 -> 서부산CR | I30: 서부산CR | J30: =+IFERROR(HLOOKUP($B30,'[1]9월'!$D$6:$BN$259,2,),)/1000 -> 43.768424 | K30: =+IFERROR(HLOOKUP($C30,'[2]9월'!$F$6:$CP$99,2,),)/1000 -> 34.028 | L30: =+K30-J30 -> -9.7404237 | M30: =+IFERROR(HLOOKUP($C30,'[3]9월'!$F$6:$CC$57,2,),)/1000 -> 1.05 | N30: =+K30-M30 -> 32.978 | O30: =+IFERROR(HLOOKUP($B30,'[1]9월'!$D$6:$BN$259,3,),)/1000 -> 649.34918 | P30: =+IFERROR(HLOOKUP($C30,'[2]9월'!$F$6:$CP$99,3,),)/1000 -> 417.92 | Q30: =+P30-O30 -> -231.42918 | R30: =+IFERROR(HLOOKUP($C30,'[3]9월'!$F$6:$CC$57,3,),)/1000 -> 12.075 | S30: =+P30-R30 -> 405.845 | T30: =+IFERROR(HLOOKUP($B30,'[1]9월'!$D$6:$BN$259,21,),)/1000 -> 117.93604 | U30: =+IFERROR(HLOOKUP($C30,'[2]9월'!$F$6:$CP$99,21,),)/1000 -> 93.731074 | V30: =+U30-T30 -> -24.204964 | W30: =+IFERROR(HLOOKUP($C30,'[3]9월'!$F$6:$CC$57,21,),)/1000 -> -87.578777 | X30: =+U30-W30 -> 181.30985
B31: 부산크라샤 | C31: 부산크라샤 | G31: =+I31 -> 부산CR | I31: 부산CR | J31: =+IFERROR(HLOOKUP($B31,'[1]9월'!$D$6:$BN$259,2,),)/1000 -> 38.403928 | K31: =+IFERROR(HLOOKUP($C31,'[2]9월'!$F$6:$CP$99,2,),)/1000 -> 14.301 | L31: =+K31-J31 -> -24.102928 | M31: =+IFERROR(HLOOKUP($C31,'[3]9월'!$F$6:$CC$57,2,),)/1000 -> 36.758 | N31: =+K31-M31 -> -22.457 | O31: =+IFERROR(HLOOKUP($B31,'[1]9월'!$D$6:$BN$259,3,),)/1000 -> 654.28495 | P31: =+IFERROR(HLOOKUP($C31,'[2]9월'!$F$6:$CP$99,3,),)/1000 -> 291.1475 | Q31: =+P31-O31 -> -363.13745 | R31: =+IFERROR(HLOOKUP($C31,'[3]9월'!$F$6:$CC$57,3,),)/1000 -> 622.585 | S31: =+P31-R31 -> -331.4375 | T31: =+IFERROR(HLOOKUP($B31,'[1]9월'!$D$6:$BN$259,21,),)/1000 -> 41.567805 | U31: =+IFERROR(HLOOKUP($C31,'[2]9월'!$F$6:$CP$99,21,),)/1000 -> -98.421121 | V31: =+U31-T31 -> -139.98893 | W31: =+IFERROR(HLOOKUP($C31,'[3]9월'!$F$6:$CC$57,21,),)/1000 -> -221.73575 | X31: =+U31-W31 -> 123.31463
H32: 골재 계 | J32: =SUM(J29:J31) -> 104.99566 | K32: =SUM(K29:K31) -> 74.273 | L32: =+K32-J32 -> -30.722665 | M32: =SUM(M29:M31) -> 46.951 | N32: =+K32-M32 -> 27.322 | O32: =SUM(O29:O31) -> 1923.4901 | P32: =SUM(P29:P31) -> 1434.7645 | Q32: =+P32-O32 -> -488.72558 | R32: =SUM(R29:R31) -> 885.7455 | S32: =+P32-R32 -> 549.019 | T32: =SUM(T29:T31) -> 218.62975 | U32: =SUM(U29:U31) -> 9.202891 | V32: =+U32-T32 -> -209.42686 | W32: =SUM(W29:W31) -> -312.9805 | X32: =+U32-W32 -> 322.18339
B33: 포항임대 | C33: 속초임대 | D33: 강릉임대 | E33: 레미콘임대 계 | G33: =+I33 -> 레미콘임대 | H33: 기타 | I33: 레미콘임대 | L33: =+K33-J33 -> 0 | N33: =+K33-M33 -> 0 | O33: =(IFERROR(HLOOKUP($B33,'[1]9월'!$D$6:$BN$259,3,),)++IFERROR(HLOOKUP($C33,'[1]9월'!$D$6:$BN$259,3,),)+IFERROR(HLOOKUP($D33,'[1]9월'!$D$6:$BN$259,3,),))/1000 -> 66.666667 | P33: =+IFERROR(HLOOKUP($E33,'[2]9월'!$F$6:$CP$99,3,),)/1000 -> 43.34 | Q33: =+P33-O33 -> -23.326667 | R33: =+IFERROR(HLOOKUP($E33,'[3]9월'!$F$6:$CC$57,3,),)/1000 -> 90.84 | S33: =+P33-R33 -> -47.5 | T33: =(IFERROR(HLOOKUP($B33,'[1]9월'!$D$6:$BN$259,21,),)++IFERROR(HLOOKUP($C33,'[1]9월'!$D$6:$BN$259,21,),)+IFERROR(HLOOKUP($D33,'[1]9월'!$D$6:$BN$259,21,),))/1000 -> 51.473204 | U33: =+IFERROR(HLOOKUP($E33,'[2]9월'!$F$6:$CP$99,16,),)/1000 -> 25.88862 | V33: =+U33-T33 -> -25.584584 | W33: =+IFERROR(HLOOKUP($E33,'[3]9월'!$F$6:$CC$57,16,),)/1000 -> 76.004227 | X33: =+U33-W33 -> -50.115607
B34: 부동산임대 | C34: 주유소임대 | E34: 임대 계 | G34: =+I34 -> 임대 | I34: 임대 | L34: =+K34-J34 -> 0 | M34: 0 | N34: =+K34-M34 -> 0 | O34: =(+IFERROR(HLOOKUP($B34,'[1]9월'!$D$6:$BN$259,3,),)+IFERROR(HLOOKUP($C34,'[1]9월'!$D$6:$BN$259,3,),))/1000 -> 74.0915 | P34: =+IFERROR(HLOOKUP($E34,'[2]9월'!$F$6:$CP$99,3,),)/1000 -> 73.807425 | Q34: =+P34-O34 -> -0.284075 | R34: =+IFERROR(HLOOKUP($E34,'[3]9월'!$F$6:$CC$57,3,),)/1000 -> 73.318181 | S34: =+P34-R34 -> 0.489244 | T34: =(+IFERROR(HLOOKUP($B34,'[1]9월'!$D$6:$BN$259,21,),)+IFERROR(HLOOKUP($C34,'[1]9월'!$D$6:$BN$259,21,),))/1000 -> 76.533944 | U34: =+IFERROR(HLOOKUP($E34,'[2]9월'!$F$6:$CP$99,16,),)/1000 -> 70.267687 | V34: =+U34-T34 -> -6.266257 | W34: =+IFERROR(HLOOKUP($E34,'[3]9월'!$F$6:$CC$57,16,),)/1000 -> 75.78999 | X34: =+U34-W34 -> -5.522303
B35: 공 통 비 | G35: =+I35 -> 공통비 | I35: 공통비 | L35: =+K35-J35 -> 0 | N35: =+K35-M35 -> 0 | Q35: =+P35-O35 -> 0 | S35: =+P35-R35 -> 0 | T35: =-'[1]9월'!$Z$22/1000 -> -1279.5789 | U35: =+-'[2]9월'!$Z$22/1000 -> -1380.7743 | V35: =+U35-T35 -> -101.19543 | W35: =+-'[3]9월'!$Z$22/1000 -> -1368.6461 | X35: =+U35-W35 -> -12.128206
G36: =+I36 -> OPC 소급분 | I36: OPC 소급분 | N36: =+K36-M36 -> 0 | Q36: =+P36-O36 -> 0 | S36: =+P36-R36 -> 0 | U36: ='[2]9월'!$BD$26/1000 -> 0 | V36: =+U36-T36 -> 0 | W36: ='[3]9월'!$BD$26/1000 -> 250 | X36: =+U36-W36 -> -250
G37: =+I37 -> 대손 | I37: 대손 | N37: =+K37-M37 -> 0 | Q37: =+P37-O37 -> 0 | S37: =+P37-R37 -> 0 | U37: ='[2]9월'!$BE$26/1000 -> -414.29034 | V37: =+U37-T37 -> -414.29034 | W37: ='[3]9월'!$BE$26/1000 -> 401.64838 | X37: =+U37-W37 -> -815.93872
G38: =+I38 -> 미운영 공장 | I38: 미운영 공장 | M38: =SUM(M54:M59) -> 0 | N38: =+K38-M38 -> 0 | Q38: =+P38-O38 -> 0 | R38: =+IFERROR(HLOOKUP($I$38,'[3]9월'!$F$6:$BJ$50,3,),)/1000 -> 0 | S38: =+P38-R38 -> 0 | T38: =SUM('[1]9월'!$AM$26:$AQ$26)/1000 -> -0.187809 | U38: =+'[2]9월'!$BF$26/1000 -> 0.5325 | V38: =+U38-T38 -> 0.720309 | W38: =+'[3]9월'!$BF$26/1000 -> -3.050165 | X38: =+U38-W38 -> 3.582665
B39: 기타 계 | G39: =+I39 -> 퇴직위로금 | I39: 퇴직위로금 | U39: =+'[2]9월'!$BG$26/1000 -> 0 | V39: =+U39-T39 -> 0 | X39: =+U39-W39 -> 0
G40: =+I40 -> 기타 | I40: 기타 | L40: =+K40-J40 -> 0 | N40: =+K40-M40 -> 0 | O40: =IFERROR(HLOOKUP($B39,'[1]9월'!$D$6:$BN$259,3,),)/1000 -> 1.77 | P40: =+('[2]9월'!$F$8-SUM('[2]9월'!$Z$8,'[2]9월'!$AH$8,'[2]9월'!$AN$8,'[2]9월'!$AO$8,'[2]9월'!$BA$8,'[2]9월'!$BD$8,'[2]9월'!$BE$8,'[2]9월'!$BF$8))/1000 -> 1.6973 | Q40: =+P40-O40 -> -0.0727 | R40: =+('[3]9월'!$F$8-SUM('[3]9월'!$Z$8,'[3]9월'!$AH$8,'[3]9월'!$AN$8,'[3]9월'!$AO$8,'[3]9월'!$BA$8,'[3]9월'!$BD$8,'[3]9월'!$BE$8,'[3]9월'!$BF$8))/1000 -> 1.8162 | S40: =+P40-R40 -> -0.1189 | T40: =+('[1]9월'!$E$26-'[1]9월'!$Z$26-'[1]9월'!$AA$26-'[1]9월'!$AE$26-'[1]9월'!$AL$26-'[1]9월'!$AM$26-'[1]9월'!$AN$26-'[1]9월'!$AO$26-'[1]9월'!$AP$26-'[1]9월'!$AQ$26-'[1]9월'!$AS$26+'[1]9월'!$AS$26)/1000 -> -75.182554 | U40: =+('[2]9월'!$F$26-SUM('[2]9월'!$Z$26,'[2]9월'!$AH$26,'[2]9월'!$AN$26,'[2]9월'!$AO$26,'[2]9월'!$BA$26,'[2]9월'!$BD$26,'[2]9월'!$BE$26,'[2]9월'!$BF$26))/1000-U39 -> -6.588948 | V40: =+U40-T40 -> 68.593606 | W40: =+('[3]9월'!$F$26-SUM('[3]9월'!$Z$26,'[3]9월'!$AH$26,'[3]9월'!$AN$26,'[3]9월'!$AO$26,'[3]9월'!$BA$26,'[3]9월'!$BD$26,'[3]9월'!$BE$26,'[3]9월'!$BF$26))/1000 -> -6.254879 | X40: =+U40-W40 -> -0.334069
H41: 기타 계 | J41: =SUM(J33:J40) -> 0 | K41: =SUM(K33:K40) -> 0 | L41: =+K41-J41 -> 0 | M41: =SUM(M33:M40) -> 0 | N41: =+K41-M41 -> 0 | O41: =SUM(O33:O40) -> 142.52817 | P41: =SUM(P33:P40) -> 118.84472 | Q41: =+P41-O41 -> -23.683442 | R41: =SUM(R33:R40) -> 165.97438 | S41: =+P41-R41 -> -47.129656 | T41: =SUM(T33:T40) -> -1226.9421 | U41: =SUM(U33:U40) -> -1704.9648 | V41: =+U41-T41 -> -478.02269 | W41: =SUM(W33:W40) -> -574.50853 | X41: =+U41-W41 -> -1130.4562
U42: 19 | V42: 12.4
G43: =+P43/O43 -> 0.72690682 | H43: 합계 | O43: =+O27+O32+O28+O41 -> 46349.454 | P43: =+P27+P32+P28+P41 -> 33691.735 | Q43: =+P43-O43 -> -12657.72 | R43: =+R27+R32+R28+R41 -> 32391.918 | S43: =+P43-R43 -> 1299.8163 | T43: =+T27+T32+T28+T41 -> 2770.6606 | U43: =+U27+U32+U28+U41 -> -703.39712 | V43: =+U43-T43 -> -3474.0577 | W43: =+W27+W32+W28+W41 -> 829.66716 | X43: =+U43-W43 -> -1533.0643
G44: =+U43/T43 -> -0.25387344 | P44: =+P43/O43 -> 0.72690682 | R44: =+P43/R43 -> 1.0401278 | T44: =+T43/O43 -> 0.059777631 | U44: =+U43/P43 -> -0.020877438
F46: =+K28/M28 -> 1.0801233 | G46: =+K28/J28 -> 0.63046865 | I46: 확인 | J46: =+'[1]9월'!$Z$7/1000 -> 300 | K46: =+'[2]9월'!$AI$7/1000 -> 250.341 | M46: =+'[3]9월'!$Z$7/1000 -> 236.2843 | O46: =+'[1]9월'!$E$8/1000 -> 46349.454 | P46: =+'[2]9월'!$F$8/1000 -> 33691.735 | R46: =+'[3]9월'!$F$8/1000 -> 32391.918 | T46: =+'[1]9월'!$E$26/1000 -> 2770.6606 | U46: =+'[2]9월'!$F$26/1000 -> -703.39712 | W46: =+'[3]9월'!$F$26/1000 -> 829.66716
F47: =+K32/M32 -> 1.5819258 | G47: =+K32/J32 -> 0.70739111 | J47: =+J46-J27 -> 0 | K47: =+K46-K27 -> 0 | M47: =+M46-M27 -> 0 | O47: =+O46-O43 -> 0 | P47: =+P46-P43 -> 0 | R47: =+R46-R43 -> 0 | T47: =+T46-T43 -> -5.9117156e-12 | U47: =+U46-U43 -> 0 | W47: =+W46-W43 -> -9.094947e-13
O49: =+O43-O28 -> 32636.536 | P49: =+P43-P28 -> 26081.527 | Q49: =+P49-O49 -> -6555.0086
O50: =+O49/100 -> 326.36536 | P50: =+P49/100 -> 260.81527 | Q50: =+P50-O50 -> -65.550086 | S50: 레미콘 | T50: =(+T27+T35)/100 -> 22.750486 | U50: =(+U27+U35)/100 -> -4.0208217 | V50: =+U50-T50 -> -26.771308 | W50: =+U50/T50-1 -> -1.1767356
Q51: =+P50/O50 -> 0.79915121 | S51: 골재 | T51: =+T32/100 -> 2.1862975 | U51: =+U32/100 -> 0.09202891 | V51: =+U51-T51 -> -2.0942686
S52: 임대 | T52: =(T33+T34)/100 -> 1.2800715 | U52: =(U33+U34)/100 -> 0.96156307 | V52: =+U52-T52 -> -0.31850841
S53: 기타 | T53: =((T46-T28)/100)-T50-T51-T52 -> -0.75370363 | U53: =((U46-U28)/100)-U50-U51-U52 -> -4.2034679 | V53: =+U53-T53 -> -3.4497642
T54: =SUM(T52:T53) -> 0.52636785 | U54: =SUM(U52:U53) -> -3.2419048 | V54: =SUM(V52:V53) -> -3.7682726
T55: =SUM(T50:T53) -> 25.463151 | U55: =SUM(U50:U53) -> -7.1706976 | V55: =+U55-T55 -> -32.633849
S58: 임대 | T58: =+(T33+T34)/100 -> 1.2800715 | U58: =+(U33+U34)/100 -> 0.96156307 | V58: =+U58-T58 -> -0.31850841
S59: =+I36 -> OPC 소급분 | T59: =+T36/100 -> 0 | U59: =+U36/100 -> 0 | V59: =+U59-T59 -> 0
S60: =+I37 -> 대손 | T60: =+T37/100 -> 0 | U60: =+U37/100 -> -4.1429034 | V60: =+U60-T60 -> -4.1429034
S61: =+I38 -> 미운영 공장 | T61: =+T38/100 -> -0.00187809 | U61: =+U38/100 -> 0.005325 | V61: =+U61-T61 -> 0.00720309
S62: =+I40 -> 기타 | T62: =+T40/100 -> -0.75182554 | U62: =+U40/100 -> -0.06588948 | V62: =+U62-T62 -> 0.68593606
T63: =SUM(T58:T62) -> 0.52636785 | U63: =SUM(U58:U62) -> -3.2419048 | V63: =SUM(V58:V62) -> -3.7682726
T66: =SUM(T33:T34,T36,T38:T40) -> 52.636785 | U66: =SUM(U33:U34,U36,U38:U40) -> 90.099859 | V66: =+U66-T66 -> 37.463074
T68: =+T43-T28 -> 2546.3151 | U68: =+U43-U28 -> -717.06976
T69: =+T68/100 -> 25.463151 | U69: =+U68/100 -> -7.1706976 | V69: =+U69-T69 -> -32.633849

Sheet 사업장별(누계)
H3: □ 사업장별 손익실적(2025-09누계)
AG4: [단위 : 천㎥, 톤, 백만원]
H5: 구분 | J5: 물량 | O5: 매출 | T5: 영업이익(공통비 배부전) | Y5: 판매단가 | AB5: 변동비 | AE5: 공헌이익
A6: 2024년 9월누계 마감 손익 | J6: 계획 | K6: 실적 | L6: 차이 | M6: 전년 | N6: 차이 | O6: 계획 | P6: 실적 | Q6: 차이 | R6: 전년 | S6: 차이 | T6: 계획 | U6: 실적 | V6: 차이 | W6: 전년 | X6: 차이 | Y6: 계획 | Z6: 실적 | AA6: 전년 | AB6: 계획 | AC6: 실적 | AD6: 전년 | AE6: 계획 | AF6: 실적 | AG6: 전년
B7: 안양 | G7: =+I7 -> 안양 | H7: 레미콘 | I7: 안양 | J7: =+IFERROR(HLOOKUP($B7,'[1]9월누계'!$D$6:$BN$259,2,),)/1000 -> 343 | K7: =+IFERROR(HLOOKUP($B7,'[2]9월누계'!$F$6:$CP$99,2,),)/1000 -> 293.433 | L7: =+K7-J7 -> -49.567 | M7: =+IFERROR(HLOOKUP($B7,'[3]9월누계'!$F$6:$CC$57,2,),)/1000 -> 334.616 | N7: =+K7-M7 -> -41.183 | O7: =+IFERROR(HLOOKUP($B7,'[1]9월누계'!$D$6:$BN$259,3,),)/1000 -> 33933.587 | P7: =+IFERROR(HLOOKUP($B7,'[2]9월누계'!$F$6:$CP$99,3,),)/1000 -> 28252.419 | Q7: =+P7-O7 -> -5681.1681 | R7: =+IFERROR(HLOOKUP($B7,'[3]9월누계'!$F$6:$CC$57,3,),)/1000 -> 33357.438 | S7: =+P7-R7 -> -5105.0193 | T7: =+IFERROR(HLOOKUP($B7,'[1]9월누계'!$D$6:$BN$259,16,),)/1000 -> 3111.4304 | U7: =+IFERROR(HLOOKUP($B7,'[2]9월누계'!$F$6:$CP$99,16,),)/1000 -> 1943.5608 | V7: =+U7-T7 -> -1167.8696 | W7: =+IFERROR(HLOOKUP($B7,'[3]9월누계'!$F$6:$CC$57,16,),)/1000 -> 3343.7299 | X7: =+U7-W7 -> -1400.1692 | Y7: =+[12]안양!$Q$85 -> 98931.74 | Z7: =+[12]안양!$R$85 -> 96270.557 | AA7: =+[13]안양!$Q$85 -> 99684.172 | AB7: =+[12]안양!$Q$89 -> 81672.589 | AC7: =+[12]안양!$R$89 -> 79937.523 | AD7: =+[13]안양!$Q$89 -> 81441.595 | AE7: =+Y7-AB7 -> 17259.151 | AF7: =+Z7-AC7 -> 16333.034 | AG7: =+AA7-AD7 -> 18242.577
B8: 인천 | G8: =+I8 -> 인천 | H8: 직영 | I8: 인천 | J8: =+IFERROR(HLOOKUP($B8,'[1]9월누계'!$D$6:$BN$259,2,),)/1000 -> 250 | K8: =+IFERROR(HLOOKUP($B8,'[2]9월누계'!$F$6:$CP$99,2,),)/1000 -> 245.794 | L8: =+K8-J8 -> -4.206 | M8: =+IFERROR(HLOOKUP($B8,'[3]9월누계'!$F$6:$CC$57,2,),)/1000 -> 240.614 | N8: =+K8-M8 -> 5.18 | O8: =+IFERROR(HLOOKUP($B8,'[1]9월누계'!$D$6:$BN$259,3,),)/1000 -> 24695.04 | P8: =+IFERROR(HLOOKUP($B8,'[2]9월누계'!$F$6:$CP$99,3,),)/1000 -> 23901.609 | Q8: =+P8-O8 -> -793.4305 | R8: =+IFERROR(HLOOKUP($B8,'[3]9월누계'!$F$6:$CC$57,3,),)/1000 -> 24052.031 | S8: =+P8-R8 -> -150.42152 | T8: =+IFERROR(HLOOKUP($B8,'[1]9월누계'!$D$6:$BN$259,16,),)/1000 -> 1248.016 | U8: =+IFERROR(HLOOKUP($B8,'[2]9월누계'!$F$6:$CP$99,16,),)/1000 -> 248.33137 | V8: =+U8-T8 -> -999.68461 | W8: =+IFERROR(HLOOKUP($B8,'[3]9월누계'!$F$6:$CC$57,16,),)/1000 -> 1598.468 | X8: =+U8-W8 -> -1350.1366 | Y8: =+[12]인천!$Q$85 -> 98780.159 | Z8: =+[12]인천!$R$85 -> 97304.328 | AA8: =+[13]인천!$Q$85 -> 99965.701 | AB8: =+[12]인천!$Q$89 -> 82800.8 | AC8: =+[12]인천!$R$89 -> 84427.62 | AD8: =+[13]인천!$Q$89 -> 82345.503 | AE8: =+Y8-AB8 -> 15979.358 | AF8: =+Z8-AC8 -> 12876.708 | AG8: =+AA8-AD8 -> 17620.198
B9: 파주 | G9: =+I9 -> 파주 | I9: 파주 | J9: =+IFERROR(HLOOKUP($B9,'[1]9월누계'!$D$6:$BN$259,2,),)/1000 -> 185 | K9: =+IFERROR(HLOOKUP($B9,'[2]9월누계'!$F$6:$CP$99,2,),)/1000 -> 112.679 | L9: =+K9-J9 -> -72.321 | M9: =+IFERROR(HLOOKUP($B9,'[3]9월누계'!$F$6:$CC$57,2,),)/1000 -> 217.43 | N9: =+K9-M9 -> -104.751 | O9: =+IFERROR(HLOOKUP($B9,'[1]9월누계'!$D$6:$BN$259,3,),)/1000 -> 17869.379 | P9: =+IFERROR(HLOOKUP($B9,'[2]9월누계'!$F$6:$CP$99,3,),)/1000 -> 10469.361 | Q9: =+P9-O9 -> -7400.0181 | R9: =+IFERROR(HLOOKUP($B9,'[3]9월누계'!$F$6:$CC$57,3,),)/1000 -> 21232.173 | S9: =+P9-R9 -> -10762.812 | T9: =+IFERROR(HLOOKUP($B9,'[1]9월누계'!$D$6:$BN$259,16,),)/1000 -> 924.82778 | U9: =+IFERROR(HLOOKUP($B9,'[2]9월누계'!$F$6:$CP$99,16,),)/1000 -> -343.23294 | V9: =+U9-T9 -> -1268.0607 | W9: =+IFERROR(HLOOKUP($B9,'[3]9월누계'!$F$6:$CC$57,16,),)/1000 -> 1620.52 | X9: =+U9-W9 -> -1963.7529 | Y9: =+[12]파주!$Q$85 -> 96591.237 | Z9: =+[12]파주!$R$85 -> 92965.432 | AA9: =+[13]파주!$Q$85 -> 97669.562 | AB9: =+[12]파주!$Q$89 -> 80077.73 | AC9: =+[12]파주!$R$89 -> 78391.691 | AD9: =+[13]파주!$Q$89 -> 80630.911 | AE9: =+Y9-AB9 -> 16513.507 | AF9: =+Z9-AC9 -> 14573.741 | AG9: =+AA9-AD9 -> 17038.65
B10: 김포 | G10: =+I10 -> 김포 | I10: 김포 | J10: =+IFERROR(HLOOKUP($B10,'[1]9월누계'!$D$6:$BN$259,2,),)/1000 -> 125 | K10: =+IFERROR(HLOOKUP($B10,'[2]9월누계'!$F$6:$CP$99,2,),)/1000 -> 89.80032 | L10: =+K10-J10 -> -35.19968 | M10: =+IFERROR(HLOOKUP($B10,'[3]9월누계'!$F$6:$CC$57,2,),)/1000 -> 102.5975 | N10: =+K10-M10 -> -12.79718 | O10: =+IFERROR(HLOOKUP($B10,'[1]9월누계'!$D$6:$BN$259,3,),)/1000 -> 11860.931 | P10: =+IFERROR(HLOOKUP($B10,'[2]9월누계'!$F$6:$CP$99,3,),)/1000 -> 8567.5376 | Q10: =+P10-O10 -> -3293.3936 | R10: =+IFERROR(HLOOKUP($B10,'[3]9월누계'!$F$6:$CC$57,3,),)/1000 -> 10047.479 | S10: =+P10-R10 -> -1479.9416 | T10: =+IFERROR(HLOOKUP($B10,'[1]9월누계'!$D$6:$BN$259,16,),)/1000 -> 771.50592 | U10: =+IFERROR(HLOOKUP($B10,'[2]9월누계'!$F$6:$CP$99,16,),)/1000 -> -50.408565 | V10: =+U10-T10 -> -821.91449 | W10: =+IFERROR(HLOOKUP($B10,'[3]9월누계'!$F$6:$CC$57,16,),)/1000 -> 861.13719 | X10: =+U10-W10 -> -911.54576 | Y10: =+[12]김포!$Q$85 -> 94887.45 | Z10: =+[12]김포!$R$85 -> 95483.473 | AA10: =+[13]김포!$Q$85 -> 97948.634 | AB10: =+[12]김포!$Q$89 -> 76078.519 | AC10: =+[12]김포!$R$89 -> 78322.444 | AD10: =+[13]김포!$Q$89 -> 75397.686 | AE10: =+Y10-AB10 -> 18808.931 | AF10: =+Z10-AC10 -> 17161.029 | AG10: =+AA10-AD10 -> 22550.947
B11: 부산 | G11: =+I11 -> 부산 | I11: 부산 | J11: =+IFERROR(HLOOKUP($B11,'[1]9월누계'!$D$6:$BN$259,2,),)/1000 -> 178 | K11: =+IFERROR(HLOOKUP($B11,'[2]9월누계'!$F$6:$CP$99,2,),)/1000 -> 177.587 | L11: =+K11-J11 -> -0.413 | M11: =+IFERROR(HLOOKUP($B11,'[3]9월누계'!$F$6:$CC$57,2,),)/1000 -> 180.4905 | N11: =+K11-M11 -> -2.9035 | O11: =+IFERROR(HLOOKUP($B11,'[1]9월누계'!$D$6:$BN$259,3,),)/1000 -> 19170.595 | P11: =+IFERROR(HLOOKUP($B11,'[2]9월누계'!$F$6:$CP$99,3,),)/1000 -> 19085.783 | Q11: =+P11-O11 -> -84.812272 | R11: =+IFERROR(HLOOKUP($B11,'[3]9월누계'!$F$6:$CC$57,3,),)/1000 -> 19514.875 | S11: =+P11-R11 -> -429.09179 | T11: =+IFERROR(HLOOKUP($B11,'[1]9월누계'!$D$6:$BN$259,16,),)/1000 -> 1630.3157 | U11: =+IFERROR(HLOOKUP($B11,'[2]9월누계'!$F$6:$CP$99,16,),)/1000 -> 1775.6783 | V11: =+U11-T11 -> 145.36261 | W11: =+IFERROR(HLOOKUP($B11,'[3]9월누계'!$F$6:$CC$57,16,),)/1000 -> 1993.2543 | X11: =+U11-W11 -> -217.57605 | Y11: =+[12]부산!$Q$85 -> 107699.97 | Z11: =+[12]부산!$R$85 -> 107472.86 | AA11: =+[13]부산!$Q$85 -> 108121.34 | AB11: =+[12]부산!$Q$89 -> 84778.082 | AC11: =+[12]부산!$R$89 -> 84504.505 | AD11: =+[13]부산!$Q$89 -> 83970.264 | AE11: =+Y11-AB11 -> 22921.89 | AF11: =+Z11-AC11 -> 22968.356 | AG11: =+AA11-AD11 -> 24151.075
B12: 서부산 | G12: =+I12 -> 서부산 | I12: 서부산 | J12: =+IFERROR(HLOOKUP($B12,'[1]9월누계'!$D$6:$BN$259,2,),)/1000 -> 175 | K12: =+IFERROR(HLOOKUP($B12,'[2]9월누계'!$F$6:$CP$99,2,),)/1000 -> 150.448 | L12: =+K12-J12 -> -24.552 | M12: =+IFERROR(HLOOKUP($B12,'[3]9월누계'!$F$6:$CC$57,2,),)/1000 -> 187.509 | N12: =+K12-M12 -> -37.061 | O12: =+IFERROR(HLOOKUP($B12,'[1]9월누계'!$D$6:$BN$259,3,),)/1000 -> 17377.499 | P12: =+IFERROR(HLOOKUP($B12,'[2]9월누계'!$F$6:$CP$99,3,),)/1000 -> 14719.935 | Q12: =+P12-O12 -> -2657.5639 | R12: =+IFERROR(HLOOKUP($B12,'[3]9월누계'!$F$6:$CC$57,3,),)/1000 -> 18965.682 | S12: =+P12-R12 -> -4245.747 | T12: =+IFERROR(HLOOKUP($B12,'[1]9월누계'!$D$6:$BN$259,16,),)/1000 -> 1633.6255 | U12: =+IFERROR(HLOOKUP($B12,'[2]9월누계'!$F$6:$CP$99,16,),)/1000 -> 1008.0573 | V12: =+U12-T12 -> -625.56821 | W12: =+IFERROR(HLOOKUP($B12,'[3]9월누계'!$F$6:$CC$57,16,),)/1000 -> 2157.998 | X12: =+U12-W12 -> -1149.9408 | Y12: =+[12]서부산!$Q$85 -> 99299.993 | Z12: =+[12]서부산!$R$85 -> 97884.636 | AA12: =+[13]서부산!$Q$85 -> 101146.84 | AB12: =+[12]서부산!$Q$89 -> 78152.267 | AC12: =+[12]서부산!$R$89 -> 77536.31 | AD12: =+[13]서부산!$Q$89 -> 78909.296 | AE12: =+Y12-AB12 -> 21147.726 | AF12: =+Z12-AC12 -> 20348.326 | AG12: =+AA12-AD12 -> 22237.543
B13: 김해 | G13: =+I13 -> 김해 | I13: 김해 | J13: =+IFERROR(HLOOKUP($B13,'[1]9월누계'!$D$6:$BN$259,2,),)/1000 -> 122 | K13: =+IFERROR(HLOOKUP($B13,'[2]9월누계'!$F$6:$CP$99,2,),)/1000 -> 77.292 | L13: =+K13-J13 -> -44.708 | M13: =+IFERROR(HLOOKUP($B13,'[3]9월누계'!$F$6:$CC$57,2,),)/1000 -> 120.628 | N13: =+K13-M13 -> -43.336 | O13: =+IFERROR(HLOOKUP($B13,'[1]9월누계'!$D$6:$BN$259,3,),)/1000 -> 11748.586 | P13: =+IFERROR(HLOOKUP($B13,'[2]9월누계'!$F$6:$CP$99,3,),)/1000 -> 6932.4716 | Q13: =+P13-O13 -> -4816.1142 | R13: =+IFERROR(HLOOKUP($B13,'[3]9월누계'!$F$6:$CC$57,3,),)/1000 -> 11543.275 | S13: =+P13-R13 -> -4610.8033 | T13: =+IFERROR(HLOOKUP($B13,'[1]9월누계'!$D$6:$BN$259,16,),)/1000 -> 1009.2323 | U13: =+IFERROR(HLOOKUP($B13,'[2]9월누계'!$F$6:$CP$99,16,),)/1000 -> -308.43197 | V13: =+U13-T13 -> -1317.6643 | W13: =+IFERROR(HLOOKUP($B13,'[3]9월누계'!$F$6:$CC$57,16,),)/1000 -> 709.65761 | X13: =+U13-W13 -> -1018.0896 | Y13: =+[12]김해!$Q$85 -> 96299.884 | Z13: =+[12]김해!$R$85 -> 89655.117 | AA13: =+[13]김해!$Q$85 -> 95792.183 | AB13: =+[12]김해!$Q$89 -> 76650.364 | AC13: =+[12]김해!$R$89 -> 76602.044 | AD13: =+[13]김해!$Q$89 -> 78786.827 | AE13: =+Y13-AB13 -> 19649.52 | AF13: =+Z13-AC13 -> 13053.073 | AG13: =+AA13-AD13 -> 17005.356
B14: 정관 | G14: =+I14 -> 정관 | I14: 정관 | J14: =+IFERROR(HLOOKUP($B14,'[1]9월누계'!$D$6:$BN$259,2,),)/1000 -> 170 | K14: =+IFERROR(HLOOKUP($B14,'[2]9월누계'!$F$6:$CP$99,2,),)/1000 -> 195.262 | L14: =+K14-J14 -> 25.262 | M14: =+IFERROR(HLOOKUP($B14,'[3]9월누계'!$F$6:$CC$57,2,),)/1000 -> 175.4335 | N14: =+K14-M14 -> 19.8285 | O14: =+IFERROR(HLOOKUP($B14,'[1]9월누계'!$D$6:$BN$259,3,),)/1000 -> 17339.982 | P14: =+IFERROR(HLOOKUP($B14,'[2]9월누계'!$F$6:$CP$99,3,),)/1000 -> 19447.451 | Q14: =+P14-O14 -> 2107.4696 | R14: =+IFERROR(HLOOKUP($B14,'[3]9월누계'!$F$6:$CC$57,3,),)/1000 -> 17795.158 | S14: =+P14-R14 -> 1652.2929 | T14: =+IFERROR(HLOOKUP($B14,'[1]9월누계'!$D$6:$BN$259,16,),)/1000 -> 1420.3153 | U14: =+IFERROR(HLOOKUP($B14,'[2]9월누계'!$F$6:$CP$99,16,),)/1000 -> 1637.4455 | V14: =+U14-T14 -> 217.13018 | W14: =+IFERROR(HLOOKUP($B14,'[3]9월누계'!$F$6:$CC$57,16,),)/1000 -> 1600.251 | X14: =+U14-W14 -> 37.194519 | Y14: =+[12]정관!$Q$85 -> 101999.89 | Z14: =+[12]정관!$R$85 -> 99613.26 | AA14: =+[13]정관!$Q$85 -> 101435.35 | AB14: =+[12]정관!$Q$89 -> 82161.568 | AC14: =+[12]정관!$R$89 -> 81683.467 | AD14: =+[13]정관!$Q$89 -> 81822.969 | AE14: =+Y14-AB14 -> 19838.325 | AF14: =+Z14-AC14 -> 17929.793 | AG14: =+AA14-AD14 -> 19612.38
B15: 양산 | G15: =+I15 -> 양산 | I15: 양산 | J15: =+IFERROR(HLOOKUP($B15,'[1]9월누계'!$D$6:$BN$259,2,),)/1000 -> 102 | K15: =+IFERROR(HLOOKUP($B15,'[2]9월누계'!$F$6:$CP$99,2,),)/1000 -> 64.524 | L15: =+K15-J15 -> -37.476 | M15: =+IFERROR(HLOOKUP($B15,'[3]9월누계'!$F$6:$CC$57,2,),)/1000 -> 112.781 | N15: =+K15-M15 -> -48.257 | O15: =+IFERROR(HLOOKUP($B15,'[1]9월누계'!$D$6:$BN$259,3,),)/1000 -> 9642.7885 | P15: =+IFERROR(HLOOKUP($B15,'[2]9월누계'!$F$6:$CP$99,3,),)/1000 -> 5974.348 | Q15: =+P15-O15 -> -3668.4405 | R15: =+IFERROR(HLOOKUP($B15,'[3]9월누계'!$F$6:$CC$57,3,),)/1000 -> 10439.652 | S15: =+P15-R15 -> -4465.3042 | T15: =+IFERROR(HLOOKUP($B15,'[1]9월누계'!$D$6:$BN$259,16,),)/1000 -> 803.93013 | U15: =+IFERROR(HLOOKUP($B15,'[2]9월누계'!$F$6:$CP$99,16,),)/1000 -> -32.841495 | V15: =+U15-T15 -> -836.77163 | W15: =+IFERROR(HLOOKUP($B15,'[3]9월누계'!$F$6:$CC$57,16,),)/1000 -> 933.80031 | X15: =+U15-W15 -> -966.64181 | Y15: =+[12]양산!$Q$85 -> 94537.142 | Z15: =+[12]양산!$R$85 -> 92573.856 | AA15: =+[13]양산!$Q$85 -> 92565.7 | AB15: =+[12]양산!$Q$89 -> 73816.914 | AC15: =+[12]양산!$R$89 -> 73300.907 | AD15: =+[13]양산!$Q$89 -> 73029.103 | AE15: =+Y15-AB15 -> 20720.228 | AF15: =+Z15-AC15 -> 19272.949 | AG15: =+AA15-AD15 -> 19536.597
B16: 창원 | G16: =+I16 -> 창원 | I16: 창원 | J16: =+IFERROR(HLOOKUP($B16,'[1]9월누계'!$D$6:$BN$259,2,),)/1000 -> 104 | K16: =+IFERROR(HLOOKUP($B16,'[2]9월누계'!$F$6:$CP$99,2,),)/1000 -> 84.364 | L16: =+K16-J16 -> -19.636 | M16: =+IFERROR(HLOOKUP($B16,'[3]9월누계'!$F$6:$CC$57,2,),)/1000 -> 156.0695 | N16: =+K16-M16 -> -71.7055 | O16: =+IFERROR(HLOOKUP($B16,'[1]9월누계'!$D$6:$BN$259,3,),)/1000 -> 10475.229 | P16: =+IFERROR(HLOOKUP($B16,'[2]9월누계'!$F$6:$CP$99,3,),)/1000 -> 8071.3037 | Q16: =+P16-O16 -> -2403.9254 | R16: =+IFERROR(HLOOKUP($B16,'[3]9월누계'!$F$6:$CC$57,3,),)/1000 -> 15834.131 | S16: =+P16-R16 -> -7762.8273 | T16: =+IFERROR(HLOOKUP($B16,'[1]9월누계'!$D$6:$BN$259,16,),)/1000 -> 851.69278 | U16: =+IFERROR(HLOOKUP($B16,'[2]9월누계'!$F$6:$CP$99,16,),)/1000 -> 279.17026 | V16: =+U16-T16 -> -572.52252 | W16: =+IFERROR(HLOOKUP($B16,'[3]9월누계'!$F$6:$CC$57,16,),)/1000 -> 2362.1912 | X16: =+U16-W16 -> -2083.0209 | Y16: =+[12]창원!$Q$85 -> 100723.36 | Z16: =+[12]창원!$R$85 -> 95672.368 | AA16: =+[13]창원!$Q$85 -> 101455.64 | AB16: =+[12]창원!$Q$89 -> 76030.871 | AC16: =+[12]창원!$R$89 -> 73119.146 | AD16: =+[13]창원!$Q$89 -> 74911.761 | AE16: =+Y16-AB16 -> 24692.486 | AF16: =+Z16-AC16 -> 22553.223 | AG16: =+AA16-AD16 -> 26543.878
B17: 대구 | G17: =+I17 -> 대구 | I17: 대구 | J17: =+IFERROR(HLOOKUP($B17,'[1]9월누계'!$D$6:$BN$259,2,),)/1000 -> 109 | K17: =+IFERROR(HLOOKUP($B17,'[2]9월누계'!$F$6:$CP$99,2,),)/1000 -> 91.383 | L17: =+K17-J17 -> -17.617 | M17: =+IFERROR(HLOOKUP($B17,'[3]9월누계'!$F$6:$CC$57,2,),)/1000 -> 140.243 | N17: =+K17-M17 -> -48.86 | O17: =+IFERROR(HLOOKUP($B17,'[1]9월누계'!$D$6:$BN$259,3,),)/1000 -> 10578.097 | P17: =+IFERROR(HLOOKUP($B17,'[2]9월누계'!$F$6:$CP$99,3,),)/1000 -> 8113.8677 | Q17: =+P17-O17 -> -2464.2291 | R17: =+IFERROR(HLOOKUP($B17,'[3]9월누계'!$F$6:$CC$57,3,),)/1000 -> 14137.288 | S17: =+P17-R17 -> -6023.4208 | T17: =+IFERROR(HLOOKUP($B17,'[1]9월누계'!$D$6:$BN$259,16,),)/1000 -> 965.08074 | U17: =+IFERROR(HLOOKUP($B17,'[2]9월누계'!$F$6:$CP$99,16,),)/1000 -> 84.779201 | V17: =+U17-T17 -> -880.30154 | W17: =+IFERROR(HLOOKUP($B17,'[3]9월누계'!$F$6:$CC$57,16,),)/1000 -> 2116.0697 | X17: =+U17-W17 -> -2031.2905 | Y17: =+[12]대구!$Q$85 -> 97046.759 | Z17: =+[12]대구!$R$85 -> 88812.053 | AA17: =+[13]대구!$Q$85 -> 100805.66 | AB17: =+[12]대구!$Q$89 -> 73065.938 | AC17: =+[12]대구!$R$89 -> 72757.336 | AD17: =+[13]대구!$Q$89 -> 74446.445 | AE17: =+Y17-AB17 -> 23980.822 | AF17: =+Z17-AC17 -> 16054.718 | AG17: =+AA17-AD17 -> 26359.217
B18: 울산 | G18: =+I18 -> 울산 | I18: 울산 | J18: =+IFERROR(HLOOKUP($B18,'[1]9월누계'!$D$6:$BN$259,2,),)/1000 -> 107 | K18: =+IFERROR(HLOOKUP($B18,'[2]9월누계'!$F$6:$CP$99,2,),)/1000 -> 100.3595 | L18: =+K18-J18 -> -6.6405 | M18: =+IFERROR(HLOOKUP($B18,'[3]9월누계'!$F$6:$CC$57,2,),)/1000 -> 94.507 | N18: =+K18-M18 -> 5.8525 | O18: =+IFERROR(HLOOKUP($B18,'[1]9월누계'!$D$6:$BN$259,3,),)/1000 -> 10942.672 | P18: =+IFERROR(HLOOKUP($B18,'[2]9월누계'!$F$6:$CP$99,3,),)/1000 -> 10464.858 | Q18: =+P18-O18 -> -477.81353 | R18: =+IFERROR(HLOOKUP($B18,'[3]9월누계'!$F$6:$CC$57,3,),)/1000 -> 9827.7895 | S18: =+P18-R18 -> 637.06893 | T18: =+IFERROR(HLOOKUP($B18,'[1]9월누계'!$D$6:$BN$259,16,),)/1000 -> 811.41718 | U18: =+IFERROR(HLOOKUP($B18,'[2]9월누계'!$F$6:$CP$99,16,),)/1000 -> 884.60064 | V18: =+U18-T18 -> 73.183461 | W18: =+IFERROR(HLOOKUP($B18,'[3]9월누계'!$F$6:$CC$57,16,),)/1000 -> 1080.4193 | X18: =+U18-W18 -> -195.81871 | Y18: =+[12]울산!$Q$85 -> 102267.96 | Z18: =+[12]울산!$R$85 -> 104273.72 | AA18: =+[13]울산!$Q$85 -> 103990.07 | AB18: =+[12]울산!$Q$89 -> 81930.011 | AC18: =+[12]울산!$R$89 -> 82114.199 | AD18: =+[13]울산!$Q$89 -> 80241.741 | AE18: =+Y18-AB18 -> 20337.952 | AF18: =+Z18-AC18 -> 22159.521 | AG18: =+AA18-AD18 -> 23748.329
B19: 아산 | G19: =+I19 -> 아산 | I19: 아산 | J19: =+IFERROR(HLOOKUP($B19,'[1]9월누계'!$D$6:$BN$259,2,),)/1000 -> 198 | K19: =+IFERROR(HLOOKUP($B19,'[2]9월누계'!$F$6:$CP$99,2,),)/1000 -> 188.081 | L19: =+K19-J19 -> -9.919 | M19: =+IFERROR(HLOOKUP($B19,'[3]9월누계'!$F$6:$CC$57,2,),)/1000 -> 231.919 | N19: =+K19-M19 -> -43.838 | O19: =+IFERROR(HLOOKUP($B19,'[1]9월누계'!$D$6:$BN$259,3,),)/1000 -> 20394 | P19: =+IFERROR(HLOOKUP($B19,'[2]9월누계'!$F$6:$CP$99,3,),)/1000 -> 18111.735 | Q19: =+P19-O19 -> -2282.2652 | R19: =+IFERROR(HLOOKUP($B19,'[3]9월누계'!$F$6:$CC$57,3,),)/1000 -> 23496.461 | S19: =+P19-R19 -> -5384.7263 | T19: =+IFERROR(HLOOKUP($B19,'[1]9월누계'!$D$6:$BN$259,16,),)/1000 -> 2582.8281 | U19: =+IFERROR(HLOOKUP($B19,'[2]9월누계'!$F$6:$CP$99,16,),)/1000 -> 775.93852 | V19: =+U19-T19 -> -1806.8895 | W19: =+IFERROR(HLOOKUP($B19,'[3]9월누계'!$F$6:$CC$57,16,),)/1000 -> 3364.5258 | X19: =+U19-W19 -> -2588.5873 | Y19: =+[12]아산!$Q$85 -> 103000 | Z19: =+[12]아산!$R$85 -> 96285.55 | AA19: =+[13]아산!$Q$85 -> 101260.31 | AB19: =+[12]아산!$Q$89 -> 78430.652 | AC19: =+[12]아산!$R$89 -> 80648.05 | AD19: =+[13]아산!$Q$89 -> 76950.847 | AE19: =+Y19-AB19 -> 24569.348 | AF19: =+Z19-AC19 -> 15637.501 | AG19: =+AA19-AD19 -> 24309.459
B20: 전주 | G20: =+I20 -> 전주 | I20: 전주 | J20: =+IFERROR(HLOOKUP($B20,'[1]9월누계'!$D$6:$BN$259,2,),)/1000 -> 95 | K20: =+IFERROR(HLOOKUP($B20,'[2]9월누계'!$F$6:$CP$99,2,),)/1000 -> 113.8885 | L20: =+K20-J20 -> 18.8885 | M20: =+IFERROR(HLOOKUP($B20,'[3]9월누계'!$F$6:$CC$57,2,),)/1000 -> 75.4805 | N20: =+K20-M20 -> 38.408 | O20: =+IFERROR(HLOOKUP($B20,'[1]9월누계'!$D$6:$BN$259,3,),)/1000 -> 9337.692 | P20: =+IFERROR(HLOOKUP($B20,'[2]9월누계'!$F$6:$CP$99,3,),)/1000 -> 11077.997 | Q20: =+P20-O20 -> 1740.3046 | R20: =+IFERROR(HLOOKUP($B20,'[3]9월누계'!$F$6:$CC$57,3,),)/1000 -> 7271.5489 | S20: =+P20-R20 -> 3806.4477 | T20: =+IFERROR(HLOOKUP($B20,'[1]9월누계'!$D$6:$BN$259,16,),)/1000 -> 996.57497 | U20: =+IFERROR(HLOOKUP($B20,'[2]9월누계'!$F$6:$CP$99,16,),)/1000 -> 1109.4876 | V20: =+U20-T20 -> 112.91266 | W20: =+IFERROR(HLOOKUP($B20,'[3]9월누계'!$F$6:$CC$57,16,),)/1000 -> 513.82139 | X20: =+U20-W20 -> 595.66623 | Y20: =+[12]전주!$Q$85 -> 98291.494 | Z20: =+[12]전주!$R$85 -> 97270.562 | AA20: =+[13]전주!$Q$85 -> 96338.476 | AB20: =+[12]전주!$Q$89 -> 73170.209 | AC20: =+[12]전주!$R$89 -> 75316.488 | AD20: =+[13]전주!$Q$89 -> 71733.33 | AE20: =+Y20-AB20 -> 25121.285 | AF20: =+Z20-AC20 -> 21954.074 | AG20: =+AA20-AD20 -> 24605.146
B21: 군산 | G21: =+I21 -> 군산 | I21: 군산 | J21: =+IFERROR(HLOOKUP($B21,'[1]9월누계'!$D$6:$BN$259,2,),)/1000 -> 62.5 | K21: =+IFERROR(HLOOKUP($B21,'[2]9월누계'!$F$6:$CP$99,2,),)/1000 -> 44.5455 | L21: =+K21-J21 -> -17.9545 | M21: =+IFERROR(HLOOKUP($B21,'[3]9월누계'!$F$6:$CC$57,2,),)/1000 -> 76.5635 | N21: =+K21-M21 -> -32.018 | O21: =+IFERROR(HLOOKUP($B21,'[1]9월누계'!$D$6:$BN$259,3,),)/1000 -> 6935.6092 | P21: =+IFERROR(HLOOKUP($B21,'[2]9월누계'!$F$6:$CP$99,3,),)/1000 -> 4899.0927 | Q21: =+P21-O21 -> -2036.5165 | R21: =+IFERROR(HLOOKUP($B21,'[3]9월누계'!$F$6:$CC$57,3,),)/1000 -> 8684.7115 | S21: =+P21-R21 -> -3785.6188 | T21: =+IFERROR(HLOOKUP($B21,'[1]9월누계'!$D$6:$BN$259,16,),)/1000 -> 1634.8092 | U21: =+IFERROR(HLOOKUP($B21,'[2]9월누계'!$F$6:$CP$99,16,),)/1000 -> 912.85209 | V21: =+U21-T21 -> -721.9571 | W21: =+IFERROR(HLOOKUP($B21,'[3]9월누계'!$F$6:$CC$57,16,),)/1000 -> 2422.0773 | X21: =+U21-W21 -> -1509.2252 | Y21: =+[12]군산!$Q$85 -> 110969.75 | Z21: =+[12]군산!$R$85 -> 109962.98 | AA21: =+[13]군산!$Q$85 -> 113449.1 | AB21: =+[12]군산!$Q$89 -> 72593.978 | AC21: =+[12]군산!$R$89 -> 72408.715 | AD21: =+[13]군산!$Q$89 -> 72317.711 | AE21: =+Y21-AB21 -> 38375.769 | AF21: =+Z21-AC21 -> 37554.267 | AG21: =+AA21-AD21 -> 41131.387
B22: 원주 | G22: =+I22 -> 원주 | I22: 원주 | J22: =+IFERROR(HLOOKUP($B22,'[1]9월누계'!$D$6:$BN$259,2,),)/1000 -> 40 | K22: =+IFERROR(HLOOKUP($B22,'[2]9월누계'!$F$6:$CP$99,2,),)/1000 -> 23.686 | L22: =+K22-J22 -> -16.314 | M22: =+IFERROR(HLOOKUP($B22,'[3]9월누계'!$F$6:$CC$57,2,),)/1000 -> 50.373 | N22: =+K22-M22 -> -26.687 | O22: =+IFERROR(HLOOKUP($B22,'[1]9월누계'!$D$6:$BN$259,3,),)/1000 -> 4480 | P22: =+IFERROR(HLOOKUP($B22,'[2]9월누계'!$F$6:$CP$99,3,),)/1000 -> 2579.1359 | Q22: =+P22-O22 -> -1900.8641 | R22: =+IFERROR(HLOOKUP($B22,'[3]9월누계'!$F$6:$CC$57,3,),)/1000 -> 5665.3094 | S22: =+P22-R22 -> -3086.1735 | T22: =+IFERROR(HLOOKUP($B22,'[1]9월누계'!$D$6:$BN$259,16,),)/1000 -> 699.09406 | U22: =+IFERROR(HLOOKUP($B22,'[2]9월누계'!$F$6:$CP$99,16,),)/1000 -> 82.862911 | V22: =+U22-T22 -> -616.23114 | W22: =+IFERROR(HLOOKUP($B22,'[3]9월누계'!$F$6:$CC$57,16,),)/1000 -> 1128.7028 | X22: =+U22-W22 -> -1045.8399 | Y22: =+[12]원주!$Q$85 -> 112000 | Z22: =+[12]원주!$R$85 -> 108890.34 | AA22: =+[13]원주!$Q$85 -> 112473.28 | AB22: =+[12]원주!$Q$89 -> 73330.31 | AC22: =+[12]원주!$R$89 -> 71727.812 | AD22: =+[13]원주!$Q$89 -> 73811.468 | AE22: =+Y22-AB22 -> 38669.69 | AF22: =+Z22-AC22 -> 37162.53 | AG22: =+AA22-AD22 -> 38661.808
B23: 제주 | F23: =+K27-J27 -> -335.09118 | G23: =+I23 -> 제주 | I23: 제주 | J23: =+IFERROR(HLOOKUP($B23,'[1]9월누계'!$D$6:$BN$259,2,),)/1000 -> 73 | K23: =+IFERROR(HLOOKUP($B23,'[2]9월누계'!$F$6:$CP$99,2,),)/1000 -> 50.282 | L23: =+K23-J23 -> -22.718 | M23: =+IFERROR(HLOOKUP($B23,'[3]9월누계'!$F$6:$CC$57,2,),)/1000 -> 31.4585 | N23: =+K23-M23 -> 18.8235 | O23: =+IFERROR(HLOOKUP($B23,'[1]9월누계'!$D$6:$BN$259,3,),)/1000 -> 8968.9285 | P23: =+IFERROR(HLOOKUP($B23,'[2]9월누계'!$F$6:$CP$99,3,),)/1000 -> 6189.5569 | Q23: =+P23-O23 -> -2779.3716 | R23: =+IFERROR(HLOOKUP($B23,'[3]9월누계'!$F$6:$CC$57,3,),)/1000 -> 3929.3066 | S23: =+P23-R23 -> 2260.2503 | T23: =+IFERROR(HLOOKUP($B23,'[1]9월누계'!$D$6:$BN$259,16,),)/1000 -> 1443.0501 | U23: =+IFERROR(HLOOKUP($B23,'[2]9월누계'!$F$6:$CP$99,16,),)/1000 -> 632.62419 | V23: =+U23-T23 -> -810.42593 | W23: =+IFERROR(HLOOKUP($B23,'[3]9월누계'!$F$6:$CC$57,16,),)/1000 -> 325.24142 | X23: =+U23-W23 -> 307.38277 | Y23: =+[12]제주!$Q$85 -> 122862.03 | Z23: =+[12]제주!$R$85 -> 122898.3 | AA23: =+[13]제주!$Q$85 -> 124904.45 | AB23: =+[12]제주!$Q$89 -> 91083.113 | AC23: =+[12]제주!$R$89 -> 92689.849 | AD23: =+[13]제주!$Q$89 -> 89107.933 | AE23: =+Y23-AB23 -> 31778.922 | AF23: =+Z23-AC23 -> 30208.452 | AG23: =+AA23-AD23 -> 35796.514
F24: =+K24/J24 -> 0.8213802 | G24: =+I24 -> 수도권 | I24: 수도권 | J24: =SUM(J7:J10) -> 903 | K24: =SUM(K7:K10) -> 741.70632 | L24: =+K24-J24 -> -161.29368 | M24: =SUM(M7:M10) -> 895.2575 | N24: =+K24-M24 -> -153.55118 | O24: =SUM(O7:O10) -> 88358.937 | P24: =SUM(P7:P10) -> 71190.926 | Q24: =+P24-O24 -> -17168.01 | R24: =SUM(R7:R10) -> 88689.121 | S24: =+P24-R24 -> -17498.194 | T24: =SUM(T7:T10) -> 6055.7801 | U24: =SUM(U7:U10) -> 1798.2506 | V24: =+U24-T24 -> -4257.5294 | W24: =SUM(W7:W10) -> 7423.8551 | X24: =+U24-W24 -> -5625.6045 | Y24: =+[12]수도권!$Q$85 -> 97850.428 | Z24: =+[12]수도권!$R$85 -> 96020.177 | AA24: =+[13]수도권!$Q$85 -> 99076.406 | AB24: =+[12]수도권!$Q$89 -> 80883.824 | AC24: =+[12]수도권!$R$89 -> 80999.559 | AD24: =+[13]수도권!$Q$89 -> 80800.205 | AE24: =+Y24-AB24 -> 16966.604 | AF24: =+Z24-AC24 -> 15020.618 | AG24: =+AA24-AD24 -> 18276.201
F25: =+K25/J25 -> 0.88211762 | G25: =+I25 -> 영남권 | I25: 영남권 | J25: =SUM(J11:J18) -> 1067 | K25: =SUM(K11:K18) -> 941.2195 | L25: =+K25-J25 -> -125.7805 | M25: =SUM(M11:M18) -> 1167.6615 | N25: =+K25-M25 -> -226.442 | O25: =SUM(O11:O18) -> 107275.45 | P25: =SUM(P11:P18) -> 92810.018 | Q25: =+P25-O25 -> -14465.429 | R25: =SUM(R11:R18) -> 118057.85 | S25: =+P25-R25 -> -25247.833 | T25: =SUM(T11:T18) -> 9125.6096 | U25: =SUM(U11:U18) -> 5328.4576 | V25: =+U25-T25 -> -3797.1519 | W25: =SUM(W11:W18) -> 12953.641 | X25: =+U25-W25 -> -7625.1838 | Y25: =+[12]영남권!$Q$85 -> 100539.31 | Z25: =+[12]영남권!$R$85 -> 98629.965 | AA25: =+[13]영남권!$Q$85 -> 101125.79 | AB25: =+[12]영남권!$Q$89 -> 78962.69 | AC25: =+[12]영남권!$R$89 -> 78970.313 | AD25: =+[13]영남권!$Q$89 -> 78591.615 | AE25: =+Y25-AB25 -> 21576.624 | AF25: =+Z25-AC25 -> 19659.653 | AG25: =+AA25-AD25 -> 22534.178
F26: =+K26/J26 -> 0.89750907 | G26: =+I26 -> 중부권 | I26: 중부권 | J26: =SUM(J19:J23) -> 468.5 | K26: =SUM(K19:K23) -> 420.483 | L26: =+K26-J26 -> -48.017 | M26: =SUM(M19:M23) -> 465.7945 | N26: =+K26-M26 -> -45.3115 | O26: =SUM(O19:O23) -> 50116.23 | P26: =SUM(P19:P23) -> 42857.517 | Q26: =+P26-O26 -> -7258.7127 | R26: =SUM(R19:R23) -> 49047.338 | S26: =+P26-R26 -> -6189.8206 | T26: =SUM(T19:T23) -> 7356.3564 | U26: =SUM(U19:U23) -> 3513.7653 | V26: =+U26-T26 -> -3842.5911 | W26: =SUM(W19:W23) -> 7754.3687 | X26: =+U26-W26 -> -4240.6034 | Y26: =+[12]중부권!$Q$85 -> 106971.67 | Z26: =+[12]중부권!$R$85 -> 101814.44 | AA26: =+[13]중부권!$Q$85 -> 105285.09 | AB26: =+[12]중부권!$Q$89 -> 78121.328 | AC26: =+[12]중부권!$R$89 -> 79222.816 | AD26: =+[13]중부권!$Q$89 -> 75825.963 | AE26: =+Y26-AB26 -> 28850.347 | AF26: =+Z26-AC26 -> 22591.629 | AG26: =+AA26-AD26 -> 29459.127
F27: =+K27/M27 -> 0.83180986 | G27: =+K27/J27 -> 0.86258307 | H27: 레미콘 계 | J27: =SUM(J24:J26) -> 2438.5 | K27: =SUM(K24:K26) -> 2103.4088 | L27: =+K27-J27 -> -335.09118 | M27: =SUM(M24:M26) -> 2528.7135 | N27: =+K27-M27 -> -425.30468 | O27: =SUM(O24:O26) -> 245750.61 | P27: =SUM(P24:P26) -> 206858.46 | Q27: =+P27-O27 -> -38892.152 | R27: =SUM(R24:R26) -> 255794.31 | S27: =+P27-R27 -> -48935.848 | T27: =SUM(T24:T26) -> 22537.746 | U27: =SUM(U24:U26) -> 10640.474 | V27: =+U27-T27 -> -11897.272 | W27: =SUM(W24:W26) -> 28131.865 | X27: =+U27-W27 -> -17491.392 | Y27: =+[12]합계!$Q$85 -> 100779.42 | Z27: =+[12]합계!$R$85 -> 98349.367 | AA27: =+[13]합계!$Q$85 -> 101167.05 | AB27: =+[12]합계!$Q$89 -> 79512.457 | AC27: =+[12]합계!$R$89 -> 79731.412 | AD27: =+[13]합계!$Q$89 -> 78862.467 | AE27: =+Y27-AB27 -> 21266.963 | AF27: =+Z27-AC27 -> 18617.955 | AG27: =+AA27-AD27 -> 22304.582 | AJ27: =+P27/O27 -> 0.84174138 | AK27: =+P27/R27 -> 0.80869063
B28: 건자재 | E28: 건자재영업 | G28: 건자재 | H28: 건자재 | J28: =+IFERROR(HLOOKUP($B28,'[1]9월누계'!$D$6:$BN$259,2,),) -> 100900 | K28: =+IFERROR(HLOOKUP($E28,'[2]9월누계'!$F$6:$CP$99,2,),) -> 84893.855 | L28: =+K28-J28 -> -16006.145 | M28: =+IFERROR(HLOOKUP($E28,'[3]9월누계'!$F$6:$CC$57,2,),) -> 77967.344 | N28: =+K28-M28 -> 6926.511 | O28: =+IFERROR(HLOOKUP($B28,'[1]9월누계'!$D$6:$BN$259,3,),)/1000 -> 110204.91 | P28: =+IFERROR(HLOOKUP($E28,'[2]9월누계'!$F$6:$CP$99,3,),)/1000 -> 76897.59 | Q28: =+P28-O28 -> -33307.319 | R28: =+IFERROR(HLOOKUP($E28,'[3]9월누계'!$F$6:$CC$57,3,),)/1000 -> 77932.391 | S28: =+P28-R28 -> -1034.8011 | T28: =+IFERROR(HLOOKUP($B28,'[1]9월누계'!$D$6:$BN$259,16,),)/1000 -> 1815.1721 | U28: =+IFERROR(HLOOKUP($E28,'[2]9월누계'!$F$6:$CP$99,16,),)/1000 -> -39.663349 | V28: =+U28-T28 -> -1854.8354 | W28: =+IFERROR(HLOOKUP($E28,'[3]9월누계'!$F$6:$CC$57,16,),)/1000 -> 439.49837 | X28: =+U28-W28 -> -479.16172 | Y28: ■ 비고 | AJ28: =+P28/O28 -> 0.69776919 | AK28: =+P28/R28 -> 0.98672181
B29: 부산모래장 | C29: 부산골재 | F29: =+K29/J29 -> 1.1795226 | G29: =+I29 -> 부산모래장 | H29: 골재 | I29: 부산모래장 | J29: =+IFERROR(HLOOKUP($B29,'[1]9월누계'!$D$6:$BN$259,2,),)/1000 -> 185.78788 | K29: =+IFERROR(HLOOKUP($C29,'[2]9월누계'!$F$6:$CP$99,2,),)/1000 -> 219.141 | L29: =+K29-J29 -> 33.353121 | M29: =+IFERROR(HLOOKUP($C29,'[3]9월누계'!$F$6:$CC$57,2,),)/1000 -> 169.707 | N29: =+K29-M29 -> 49.434 | O29: =+IFERROR(HLOOKUP($B29,'[1]9월누계'!$D$6:$BN$259,3,),)/1000 -> 5446.7276 | P29: =+IFERROR(HLOOKUP($C29,'[2]9월누계'!$F$6:$CP$99,3,),)/1000 -> 6231.505 | Q29: =+P29-O29 -> 784.77738 | R29: =+IFERROR(HLOOKUP($C29,'[3]9월누계'!$F$6:$CC$57,3,),)/1000 -> 5011.7636 | S29: =+P29-R29 -> 1219.7414 | T29: =+IFERROR(HLOOKUP($B29,'[1]9월누계'!$D$6:$BN$259,21,),)/1000 -> 642.9312 | U29: =+IFERROR(HLOOKUP($C29,'[2]9월누계'!$F$6:$CP$99,21,),)/1000 -> 78.552224 | V29: =+U29-T29 -> -564.37897 | W29: =+IFERROR(HLOOKUP($C29,'[3]9월누계'!$F$6:$CC$57,21,),)/1000 -> 305.22036 | X29: =+U29-W29 -> -226.66814
B30: 서부산크라샤 | C30: 서부산골재 | F30: =+K30/J30 -> 0.46779643 | G30: =+I30 -> 서부산CR | I30: 서부산CR | J30: =+IFERROR(HLOOKUP($B30,'[1]9월누계'!$D$6:$BN$259,2,),)/1000 -> 436.34792 | K30: =+IFERROR(HLOOKUP($C30,'[2]9월누계'!$F$6:$CP$99,2,),)/1000 -> 204.122 | L30: =+K30-J30 -> -232.22592 | M30: =+IFERROR(HLOOKUP($C30,'[3]9월누계'!$F$6:$CC$57,2,),)/1000 -> 168.53 | N30: =+K30-M30 -> 35.592 | O30: =+IFERROR(HLOOKUP($B30,'[1]9월누계'!$D$6:$BN$259,3,),)/1000 -> 6380.3764 | P30: =+IFERROR(HLOOKUP($C30,'[2]9월누계'!$F$6:$CP$99,3,),)/1000 -> 2775.958 | Q30: =+P30-O30 -> -3604.4184 | R30: =+IFERROR(HLOOKUP($C30,'[3]9월누계'!$F$6:$CC$57,3,),)/1000 -> 2372.099 | S30: =+P30-R30 -> 403.859 | T30: =+IFERROR(HLOOKUP($B30,'[1]9월누계'!$D$6:$BN$259,21,),)/1000 -> 1063.1683 | U30: =+IFERROR(HLOOKUP($C30,'[2]9월누계'!$F$6:$CP$99,21,),)/1000 -> 379.88298 | V30: =+U30-T30 -> -683.28533 | W30: =+IFERROR(HLOOKUP($C30,'[3]9월누계'!$F$6:$CC$57,21,),)/1000 -> 27.37499 | X30: =+U30-W30 -> 352.50799
B31: 부산크라샤 | C31: 부산크라샤 | F31: =+K31/J31 -> 0.66434329 | G31: =+I31 -> 부산CR | I31: 부산CR | J31: =+IFERROR(HLOOKUP($B31,'[1]9월누계'!$D$6:$BN$259,2,),)/1000 -> 241.11029 | K31: =+IFERROR(HLOOKUP($C31,'[2]9월누계'!$F$6:$CP$99,2,),)/1000 -> 160.18 | L31: =+K31-J31 -> -80.930285 | M31: =+IFERROR(HLOOKUP($C31,'[3]9월누계'!$F$6:$CC$57,2,),)/1000 -> 315.978 | N31: =+K31-M31 -> -155.798 | O31: =+IFERROR(HLOOKUP($B31,'[1]9월누계'!$D$6:$BN$259,3,),)/1000 -> 4119.4511 | P31: =+IFERROR(HLOOKUP($C31,'[2]9월누계'!$F$6:$CP$99,3,),)/1000 -> 3069.826 | Q31: =+P31-O31 -> -1049.6251 | R31: =+IFERROR(HLOOKUP($C31,'[3]9월누계'!$F$6:$CC$57,3,),)/1000 -> 5745.923 | S31: =+P31-R31 -> -2676.097 | T31: =+IFERROR(HLOOKUP($B31,'[1]9월누계'!$D$6:$BN$259,21,),)/1000 -> -191.74051 | U31: =+IFERROR(HLOOKUP($C31,'[2]9월누계'!$F$6:$CP$99,21,),)/1000 -> -1162.3448 | V31: =+U31-T31 -> -970.60431 | W31: =+IFERROR(HLOOKUP($C31,'[3]9월누계'!$F$6:$CC$57,21,),)/1000 -> -186.63275 | X31: =+U31-W31 -> -975.71207
F32: =+K32/J32 -> 0.675871 | H32: 골재 계 | J32: =SUM(J29:J31) -> 863.24609 | K32: =SUM(K29:K31) -> 583.443 | L32: =+K32-J32 -> -279.80309 | M32: =SUM(M29:M31) -> 654.215 | N32: =+K32-M32 -> -70.772 | O32: =SUM(O29:O31) -> 15946.555 | P32: =SUM(P29:P31) -> 12077.289 | Q32: =+P32-O32 -> -3869.2662 | R32: =SUM(R29:R31) -> 13129.786 | S32: =+P32-R32 -> -1052.4966 | T32: =SUM(T29:T31) -> 1514.359 | U32: =SUM(U29:U31) -> -703.90962 | V32: =+U32-T32 -> -2218.2686 | W32: =SUM(W29:W31) -> 145.9626 | X32: =+U32-W32 -> -849.87222 | AJ32: =+P32/O32 -> 0.75736038 | AK32: =+P32/R32 -> 0.91983901
B33: 포항임대 | C33: 속초임대 | D33: 강릉임대 | E33: 레미콘임대 계 | G33: =+I33 -> 레미콘임대 | H33: 기타 | I33: 레미콘임대 | L33: =+K33-J33 -> 0 | N33: =+K33-M33 -> 0 | O33: =(IFERROR(HLOOKUP($B33,'[1]9월누계'!$D$6:$BN$259,3,),)++IFERROR(HLOOKUP($C33,'[1]9월누계'!$D$6:$BN$259,3,),)+IFERROR(HLOOKUP($D33,'[1]9월누계'!$D$6:$BN$259,3,),))/1000 -> 672.52 | P33: =+IFERROR(HLOOKUP($E33,'[2]9월누계'!$F$6:$CP$99,3,),)/1000 -> 507.56 | Q33: =+P33-O33 -> -164.96 | R33: =+IFERROR(HLOOKUP($E33,'[3]9월누계'!$F$6:$CC$57,3,),)/1000 -> 817.56 | S33: =+P33-R33 -> -310 | T33: =(IFERROR(HLOOKUP($B33,'[1]9월누계'!$D$6:$BN$259,21,),)++IFERROR(HLOOKUP($C33,'[1]9월누계'!$D$6:$BN$259,21,),)+IFERROR(HLOOKUP($D33,'[1]9월누계'!$D$6:$BN$259,21,),))/1000 -> 463.57075 | U33: =+IFERROR(HLOOKUP($E33,'[2]9월누계'!$F$6:$CP$99,16,),)/1000 -> 278.12364 | V33: =+U33-T33 -> -185.4471 | W33: =+IFERROR(HLOOKUP($E33,'[3]9월누계'!$F$6:$CC$57,16,),)/1000 -> 556.78799 | X33: =+U33-W33 -> -278.66434
B34: 부동산임대 | C34: 주유소임대 | E34: 임대 계 | G34: =+I34 -> 임대 | I34: 임대 | L34: =+K34-J34 -> 0 | M34: 0 | N34: =+K34-M34 -> 0 | O34: =(+IFERROR(HLOOKUP($B34,'[1]9월누계'!$D$6:$BN$259,3,),)+IFERROR(HLOOKUP($C34,'[1]9월누계'!$D$6:$BN$259,3,),))/1000 -> 668.0235 | P34: =+IFERROR(HLOOKUP($E34,'[2]9월누계'!$F$6:$CP$99,3,),)/1000 -> 663.18567 | Q34: =+P34-O34 -> -4.837835 | R34: =+IFERROR(HLOOKUP($E34,'[3]9월누계'!$F$6:$CC$57,3,),)/1000 -> 656.64914 | S34: =+P34-R34 -> 6.536524 | T34: =(+IFERROR(HLOOKUP($B34,'[1]9월누계'!$D$6:$BN$259,21,),)+IFERROR(HLOOKUP($C34,'[1]9월누계'!$D$6:$BN$259,21,),))/1000 -> 614.58583 | U34: =+IFERROR(HLOOKUP($E34,'[2]9월누계'!$F$6:$CP$99,16,),)/1000 -> 609.53102 | V34: =+U34-T34 -> -5.054817 | W34: =+IFERROR(HLOOKUP($E34,'[3]9월누계'!$F$6:$CC$57,16,),)/1000 -> 603.40157 | X34: =+U34-W34 -> 6.129449
B35: 공 통 비 | G35: =+I35 -> 공통비 | I35: 공통비 | L35: =+K35-J35 -> 0 | N35: =+K35-M35 -> 0 | Q35: =+P35-O35 -> 0 | S35: =+P35-R35 -> 0 | T35: =-'[1]9월누계'!$Z$22/1000 -> -13933.984 | U35: =+-'[2]9월누계'!$Z$22/1000 -> -14172.402 | V35: =+U35-T35 -> -238.41822 | W35: =+-'[3]9월누계'!$Z$22/1000 -> -12891.839 | X35: =+U35-W35 -> -1280.5632
G36: =+I36 -> OPC 소급분 | I36: OPC 소급분 | N36: =+K36-M36 -> 0 | Q36: =+P36-O36 -> 0 | S36: =+P36-R36 -> 0 | U36: ='[2]9월누계'!$BD$26/1000 -> 0 | V36: =+U36-T36 -> 0 | W36: ='[3]9월누계'!$BD$26/1000 -> 500 | X36: =+U36-W36 -> -500
G37: =+I37 -> 대손 | I37: 대손 | N37: =+K37-M37 -> 0 | Q37: =+P37-O37 -> 0 | S37: =+P37-R37 -> 0 | U37: ='[2]9월누계'!$BE$26/1000 -> -1243.0001 | V37: =+U37-T37 -> -1243.0001 | W37: ='[3]9월누계'!$BE$26/1000 -> -573.85933 | X37: =+U37-W37 -> -669.14074
G38: =+I38 -> 미운영 공장 | I38: 미운영 공장 | M38: =SUM(M54:M59) -> 0 | N38: =+K38-M38 -> 0 | Q38: =+P38-O38 -> 0 | R38: =+IFERROR(HLOOKUP($I$38,'[3]9월누계'!$F$6:$BJ$50,3,),)/1000 -> 0 | S38: =+P38-R38 -> 0 | T38: =SUM('[1]9월누계'!$AM$26:$AQ$26)/1000 -> -252.74784 | U38: =+'[2]9월누계'!$BF$26/1000 -> -252.00262 | V38: =+U38-T38 -> 0.74522 | W38: =+'[3]9월누계'!$BF$26/1000 -> -339.5204 | X38: =+U38-W38 -> 87.51778
B39: 기타 계 | G39: =+I39 -> 퇴직위로금 | I39: 퇴직위로금 | U39: =+'[2]9월누계'!$BG$26/1000 -> -759.34319 | V39: =+U39-T39 -> -759.34319 | X39: =+U39-W39 -> -759.34319
G40: =+I40 -> 기타 | I40: 기타 | L40: =+K40-J40 -> 0 | N40: =+K40-M40 -> 0 | O40: =IFERROR(HLOOKUP($B39,'[1]9월누계'!$D$6:$BN$259,3,),)/1000 -> 15.93 | P40: =+('[2]9월누계'!$F$8-SUM('[2]9월누계'!$Z$8,'[2]9월누계'!$AH$8,'[2]9월누계'!$AN$8,'[2]9월누계'!$AO$8,'[2]9월누계'!$BA$8,'[2]9월누계'!$BD$8,'[2]9월누계'!$BE$8,'[2]9월누계'!$BF$8))/1000 -> 15.13955 | Q40: =+P40-O40 -> -0.79045 | R40: =+('[3]9월누계'!$F$8-SUM('[3]9월누계'!$Z$8,'[3]9월누계'!$AH$8,'[3]9월누계'!$AN$8,'[3]9월누계'!$AO$8,'[3]9월누계'!$BA$8,'[3]9월누계'!$BD$8,'[3]9월누계'!$BE$8,'[3]9월누계'!$BF$8))/1000 -> 15.6662 | S40: =+P40-R40 -> -0.52665 | T40: =+('[1]9월누계'!$E$26-'[1]9월누계'!$Z$26-'[1]9월누계'!$AA$26-'[1]9월누계'!$AE$26-'[1]9월누계'!$AL$26-'[1]9월누계'!$AM$26-'[1]9월누계'!$AN$26-'[1]9월누계'!$AO$26-'[1]9월누계'!$AP$26-'[1]9월누계'!$AQ$26-'[1]9월누계'!$AS$26)/1000+'[1]9월누계'!$AS$26/1000 -> -599.70665 | U40: =+('[2]9월누계'!$F$26-SUM('[2]9월누계'!$Z$26,'[2]9월누계'!$AH$26,'[2]9월누계'!$AN$26,'[2]9월누계'!$AO$26,'[2]9월누계'!$BA$26,'[2]9월누계'!$BD$26,'[2]9월누계'!$BE$26,'[2]9월누계'!$BF$26))/1000-U39 -> -67.933381 | V40: =+U40-T40 -> 531.77327 | W40: =+('[3]9월누계'!$F$26-SUM('[3]9월누계'!$Z$26,'[3]9월누계'!$AH$26,'[3]9월누계'!$AN$26,'[3]9월누계'!$AO$26,'[3]9월누계'!$BA$26,'[3]9월누계'!$BD$26,'[3]9월누계'!$BE$26,'[3]9월누계'!$BF$26))/1000 -> -199.43228 | X40: =+U40-W40 -> 131.4989
H41: 기타 계 | J41: =SUM(J33:J40) -> 0 | K41: =SUM(K33:K40) -> 0 | L41: =+K41-J41 -> 0 | M41: =SUM(M33:M40) -> 0 | N41: =+K41-M41 -> 0 | O41: =SUM(O33:O40) -> 1356.4735 | P41: =SUM(P33:P40) -> 1185.8852 | Q41: =+P41-O41 -> -170.58828 | R41: =SUM(R33:R40) -> 1489.8753 | S41: =+P41-R41 -> -303.99013 | T41: =SUM(T33:T40) -> -13708.282 | U41: =SUM(U33:U40) -> -15607.026 | V41: =+U41-T41 -> -1898.7449 | W41: =SUM(W33:W40) -> -12344.461 | X41: =+U41-W41 -> -3262.5653 | AJ41: =+P41/O41 -> 0.87424134 | AK41: =+P41/R41 -> 0.79596271
U42: 19 | V42: 12.4
G43: =+P43/O43 -> 0.79574661 | H43: 합계 | O43: =+O27+O32+O28+O41 -> 373258.55 | P43: =+P27+P32+P28+P41 -> 297019.23 | Q43: =+P43-O43 -> -76239.326 | R43: =+R27+R32+R28+R41 -> 348346.36 | S43: =+P43-R43 -> -51327.135 | T43: =+T27+T32+T28+T41 -> 12158.996 | U43: =+U27+U32+U28+U41 -> -5710.1258 | V43: =+U43-T43 -> -17869.121 | W43: =+W27+W32+W28+W41 -> 16372.865 | X43: =+U43-W43 -> -22082.991 | AJ43: =+P43/O43 -> 0.79574661 | AK43: =+P43/R43 -> 0.85265488
G44: =+U43/T43 -> -0.46962151 | K44: =+K28/J28 -> 0.84136625 | M44: =+K28/M28 -> 1.0888386 | P44: =+P43/O43 -> 0.79574661 | R44: =+P43/R43 -> 0.85265488 | T44: =+T43/O43 -> 0.032575263 | U44: =+U43/P43 -> -0.019224768 | V44: =+V43/100 -> -178.69121 | X44: =+X43/100 -> -220.82991
K45: =+K32/J32 -> 0.675871 | M45: =+K32/M32 -> 0.8918215
I46: 확인 | J46: =+'[1]9월누계'!$Z$7/1000 -> 2438.5 | K46: =+'[2]9월누계'!$AI$7/1000 -> 2103.4088 | M46: =+'[3]9월누계'!$Z$7/1000 -> 2528.7135 | O46: =+'[1]9월누계'!$E$8/1000 -> 373258.55 | P46: =+'[2]9월누계'!$F$8/1000 -> 297019.23 | R46: =+'[3]9월누계'!$F$8/1000 -> 348346.36 | T46: =+'[1]9월누계'!$E$26/1000 -> 12158.996 | U46: =+'[2]9월누계'!$F$26/1000 -> -5710.1258 | W46: =+'[3]9월누계'!$F$26/1000 -> 16372.865
J47: =+J46-J27 -> 0 | K47: =+K46-K27 -> 0 | M47: =+M46-M27 -> 0 | O47: =+O46-O43 -> 0 | P47: =+P46-P43 -> 0 | R47: =+R46-R43 -> 0 | T47: =+T46-T43 -> 0 | U47: =+U46-U43 -> 0 | W47: =+W46-W43 -> 0
O49: =+O43-O28 -> 263053.64 | P49: =+P43-P28 -> 220121.64 | Q49: =+P49-O49 -> -42932.007
O50: =+O49/100 -> 2630.5364 | P50: =+P49/100 -> 2201.2164 | Q50: =+P50-O50 -> -429.32007 | S50: 레미콘 | T50: =(+T27+T35)/100 -> 86.037624 | U50: =(+U27+U35)/100 -> -35.319282 | V50: =+U50-T50 -> -121.35691 | W50: =+U50/T50-1 -> -1.4105097
Q51: =+P50/O50 -> 0.83679372 | S51: 골재 | T51: =+T32/100 -> 15.14359 | U51: =+U32/100 -> -7.0390962 | V51: =+U51-T51 -> -22.182686 | Y51: - OPC 소급분 : 삼표 2.5억(총 9.9억 中 1회차) → 8~9월누계 총 4회 소급예정
S52: 임대 | T52: =(T33+T34)/100 -> 10.781566 | U52: =(U33+U34)/100 -> 8.8765466 | V52: =+U52-T52 -> -1.9050192
S53: 기타 | T53: =((T46-T28)/100)-T50-T51-T52 -> -8.5245449 | U53: =((U46-U28)/100)-U50-U51-U52 -> -23.222793 | V53: =+U53-T53 -> -14.698248
T54: =SUM(T52:T53) -> 2.2570208 | U54: =SUM(U52:U53) -> -14.346246 | V54: =SUM(V52:V53) -> -16.603267
T55: =SUM(T50:T53) -> 103.43823 | U55: =SUM(U50:U53) -> -56.704625 | V55: =+U55-T55 -> -160.14286
J57: =+J32*1000 -> 863246.09 | K57: =+K32*1000 -> 583443 | L57: =+K57-J57 -> -279803.09
J58: =+T32/100 -> 15.14359 | K58: =+U32/100 -> -7.0390962 | L58: =+K58-J58 -> -22.182686 | S58: 임대 | T58: =+(T33+T34)/100 -> 10.781566 | U58: =+(U33+U34)/100 -> 8.8765466 | V58: =+U58-T58 -> -1.9050192
S59: =+I36 -> OPC 소급분 | T59: =+T36/100 -> 0 | U59: =+U36/100 -> 0 | V59: =+U59-T59 -> 0
S60: =+I37 -> 대손 | T60: =+T37/100 -> 0 | U60: =+U37/100 -> -12.430001 | V60: =+U60-T60 -> -12.430001
S61: =+I38 -> 미운영 공장 | T61: =+T38/100 -> -2.5274784 | U61: =+U38/100 -> -2.5200262 | V61: =+U61-T61 -> 0.0074522
S62: =+I40 -> 기타 | T62: =+T40/100 -> -5.9970665 | U62: =+U40/100 -> -0.67933381 | V62: =+U62-T62 -> 5.3177327
T63: =SUM(T58:T62) -> 2.2570208 | U63: =SUM(U58:U62) -> -6.7528142 | V63: =SUM(V58:V62) -> -9.009835
T69: =SUM(T33:T34,T36,T38:T39,T40,Y37) -> 225.70208 | U69: =SUM(U33:U34,U36,U38:U39,U40,Z37) -> -191.62454 | V69: =+U69-T69 -> -417.32662
T71: =+T43-T28 -> 10343.823 | U71: =+U43-U28 -> -5670.4625 | V71: =+U71-T71 -> -16014.286
T72: =+T71/100 -> 103.43823 | U72: =+U71/100 -> -56.704625 | V72: =+U72-T72 -> -160.14286
U75: =+U71-U37-U39 -> -3668.1192
U76: =+U75/100 -> -36.681192

Sheet 사업장별(당월)_건자재제외
H3: □ 사업장별 손익실적(2025-09)_건자재 제외
AG4: [단위 : 천㎥, 톤, 백만원]
H5: 구분 | J5: 물량 | O5: 매출 | T5: 영업이익(공통비 배부전) | Y5: 판매단가 | AB5: 변동비 | AE5: 공헌이익
A6: 2024년 9월 마감 손익 | J6: 계획 | K6: 실적 | L6: 차이 | M6: 전년 | N6: 차이 | O6: 계획 | P6: 실적 | Q6: 차이 | R6: 전년 | S6: 차이 | T6: 계획 | U6: 실적 | V6: 차이 | W6: 전년 | X6: 차이 | Y6: 계획 | Z6: 실적 | AA6: 전년 | AB6: 계획 | AC6: 실적 | AD6: 전년 | AE6: 계획 | AF6: 실적 | AG6: 전년
B7: 안양 | G7: =+I7 -> 안양 | H7: 레미콘 | I7: 안양 | J7: =+IFERROR(HLOOKUP($B7,'[1]9월'!$D$6:$BN$259,2,),)/1000 -> 41 | K7: =+IFERROR(HLOOKUP($B7,'[2]9월'!$F$6:$CP$99,2,),)/1000 -> 31.877 | L7: =+K7-J7 -> -9.123 | M7: =+IFERROR(HLOOKUP($B7,'[3]9월'!$F$6:$CC$57,2,),)/1000 -> 28.4 | N7: =+K7-M7 -> 3.477 | O7: =+IFERROR(HLOOKUP($B7,'[1]9월'!$D$6:$BN$259,3,),)/1000 -> 4162.5002 | P7: =+IFERROR(HLOOKUP($B7,'[2]9월'!$F$6:$CP$99,3,),)/1000 -> 3143.5581 | Q7: =+P7-O7 -> -1018.9421 | R7: =+IFERROR(HLOOKUP($B7,'[3]9월'!$F$6:$CC$57,3,),)/1000 -> 2850.3839 | S7: =+P7-R7 -> 293.17421 | T7: =+IFERROR(HLOOKUP($B7,'[1]9월'!$D$6:$BN$259,16,),)/1000 -> 524.41267 | U7: =+IFERROR(HLOOKUP($B7,'[2]9월'!$F$6:$CP$99,16,),)/1000 -> 252.5489 | V7: =+U7-T7 -> -271.86377 | W7: =+IFERROR(HLOOKUP($B7,'[3]9월'!$F$6:$CC$57,16,),)/1000 -> 202.0324 | X7: =+U7-W7 -> 50.516497 | Y7: =+[4]안양!$Q$85 -> 101524.39 | Z7: =+[4]안양!$R$85 -> 98622.172 | AA7: =+[5]안양!$Q$85 -> 100365.63 | AB7: =+[4]안양!$Q$89 -> 81127.527 | AC7: =+[4]안양!$R$89 -> 80246.895 | AD7: =+[5]안양!$Q$89 -> 81650.507 | AE7: =+Y7-AB7 -> 20396.868 | AF7: =+Z7-AC7 -> 18375.277 | AG7: =+AA7-AD7 -> 18715.124
B8: 인천 | G8: =+I8 -> 인천 | H8: 직영 | I8: 인천 | J8: =+IFERROR(HLOOKUP($B8,'[1]9월'!$D$6:$BN$259,2,),)/1000 -> 32 | K8: =+IFERROR(HLOOKUP($B8,'[2]9월'!$F$6:$CP$99,2,),)/1000 -> 30.29 | L8: =+K8-J8 -> -1.71 | M8: =+IFERROR(HLOOKUP($B8,'[3]9월'!$F$6:$CC$57,2,),)/1000 -> 18.327 | N8: =+K8-M8 -> 11.963 | O8: =+IFERROR(HLOOKUP($B8,'[1]9월'!$D$6:$BN$259,3,),)/1000 -> 3318.6545 | P8: =+IFERROR(HLOOKUP($B8,'[2]9월'!$F$6:$CP$99,3,),)/1000 -> 2910.5156 | Q8: =+P8-O8 -> -408.13889 | R8: =+IFERROR(HLOOKUP($B8,'[3]9월'!$F$6:$CC$57,3,),)/1000 -> 1795.8147 | S8: =+P8-R8 -> 1114.7009 | T8: =+IFERROR(HLOOKUP($B8,'[1]9월'!$D$6:$BN$259,16,),)/1000 -> 387.6129 | U8: =+IFERROR(HLOOKUP($B8,'[2]9월'!$F$6:$CP$99,16,),)/1000 -> -66.326553 | V8: =+U8-T8 -> -453.93946 | W8: =+IFERROR(HLOOKUP($B8,'[3]9월'!$F$6:$CC$57,16,),)/1000 -> -68.39704 | X8: =+U8-W8 -> 2.070487 | Y8: =+[4]인천!$Q$85 -> 103707.95 | Z8: =+[4]인천!$R$85 -> 96088.332 | AA8: =+[5]인천!$Q$85 -> 97987.379 | AB8: =+[4]인천!$Q$89 -> 82252.916 | AC8: =+[4]인천!$R$89 -> 86406.049 | AD8: =+[5]인천!$Q$89 -> 82653.877 | AE8: =+Y8-AB8 -> 21455.036 | AF8: =+Z8-AC8 -> 9682.283 | AG8: =+AA8-AD8 -> 15333.502
B9: 파주 | G9: =+I9 -> 파주 | I9: 파주 | J9: =+IFERROR(HLOOKUP($B9,'[1]9월'!$D$6:$BN$259,2,),)/1000 -> 24 | K9: =+IFERROR(HLOOKUP($B9,'[2]9월'!$F$6:$CP$99,2,),)/1000 -> 16.448 | L9: =+K9-J9 -> -7.552 | M9: =+IFERROR(HLOOKUP($B9,'[3]9월'!$F$6:$CC$57,2,),)/1000 -> 19.1078 | N9: =+K9-M9 -> -2.6598 | O9: =+IFERROR(HLOOKUP($B9,'[1]9월'!$D$6:$BN$259,3,),)/1000 -> 2313.4385 | P9: =+IFERROR(HLOOKUP($B9,'[2]9월'!$F$6:$CP$99,3,),)/1000 -> 1510.7481 | Q9: =+P9-O9 -> -802.69035 | R9: =+IFERROR(HLOOKUP($B9,'[3]9월'!$F$6:$CC$57,3,),)/1000 -> 1803.3963 | S9: =+P9-R9 -> -292.6482 | T9: =+IFERROR(HLOOKUP($B9,'[1]9월'!$D$6:$BN$259,16,),)/1000 -> 132.59526 | U9: =+IFERROR(HLOOKUP($B9,'[2]9월'!$F$6:$CP$99,16,),)/1000 -> -43.489316 | V9: =+U9-T9 -> -176.08458 | W9: =+IFERROR(HLOOKUP($B9,'[3]9월'!$F$6:$CC$57,16,),)/1000 -> 106.24983 | X9: =+U9-W9 -> -149.73915 | Y9: =+[4]파주!$Q$85 -> 96393.269 | Z9: =+[4]파주!$R$85 -> 91863.064 | AA9: =+[5]파주!$Q$85 -> 94365.024 | AB9: =+[4]파주!$Q$89 -> 81555.71 | AC9: =+[4]파주!$R$89 -> 79943.314 | AD9: =+[5]파주!$Q$89 -> 75826.434 | AE9: =+Y9-AB9 -> 14837.559 | AF9: =+Z9-AC9 -> 11919.75 | AG9: =+AA9-AD9 -> 18538.59
B10: 김포 | G10: =+I10 -> 김포 | I10: 김포 | J10: =+IFERROR(HLOOKUP($B10,'[1]9월'!$D$6:$BN$259,2,),)/1000 -> 16 | K10: =+IFERROR(HLOOKUP($B10,'[2]9월'!$F$6:$CP$99,2,),)/1000 -> 10.288 | L10: =+K10-J10 -> -5.712 | M10: =+IFERROR(HLOOKUP($B10,'[3]9월'!$F$6:$CC$57,2,),)/1000 -> 9.8 | N10: =+K10-M10 -> 0.488 | O10: =+IFERROR(HLOOKUP($B10,'[1]9월'!$D$6:$BN$259,3,),)/1000 -> 1523.05 | P10: =+IFERROR(HLOOKUP($B10,'[2]9월'!$F$6:$CP$99,3,),)/1000 -> 951.19071 | Q10: =+P10-O10 -> -571.85924 | R10: =+IFERROR(HLOOKUP($B10,'[3]9월'!$F$6:$CC$57,3,),)/1000 -> 943.50309 | S10: =+P10-R10 -> 7.687619 | T10: =+IFERROR(HLOOKUP($B10,'[1]9월'!$D$6:$BN$259,16,),)/1000 -> 110.62527 | U10: =+IFERROR(HLOOKUP($B10,'[2]9월'!$F$6:$CP$99,16,),)/1000 -> -79.489792 | V10: =+U10-T10 -> -190.11506 | W10: =+IFERROR(HLOOKUP($B10,'[3]9월'!$F$6:$CC$57,16,),)/1000 -> 29.041857 | X10: =+U10-W10 -> -108.53165 | Y10: =+[4]김포!$Q$85 -> 95190.622 | Z10: =+[4]김포!$R$85 -> 92479.295 | AA10: =+[5]김포!$Q$85 -> 96275.826 | AB10: =+[4]김포!$Q$89 -> 76527.866 | AC10: =+[4]김포!$R$89 -> 81027.53 | AD10: =+[5]김포!$Q$89 -> 74300.021 | AE10: =+Y10-AB10 -> 18662.755 | AF10: =+Z10-AC10 -> 11451.765 | AG10: =+AA10-AD10 -> 21975.804
B11: 부산 | G11: =+I11 -> 부산 | I11: 부산 | J11: =+IFERROR(HLOOKUP($B11,'[1]9월'!$D$6:$BN$259,2,),)/1000 -> 21 | K11: =+IFERROR(HLOOKUP($B11,'[2]9월'!$F$6:$CP$99,2,),)/1000 -> 20.199 | L11: =+K11-J11 -> -0.801 | M11: =+IFERROR(HLOOKUP($B11,'[3]9월'!$F$6:$CC$57,2,),)/1000 -> 15.517 | N11: =+K11-M11 -> 4.682 | O11: =+IFERROR(HLOOKUP($B11,'[1]9월'!$D$6:$BN$259,3,),)/1000 -> 2261.6974 | P11: =+IFERROR(HLOOKUP($B11,'[2]9월'!$F$6:$CP$99,3,),)/1000 -> 2164.6865 | Q11: =+P11-O11 -> -97.010835 | R11: =+IFERROR(HLOOKUP($B11,'[3]9월'!$F$6:$CC$57,3,),)/1000 -> 1769.7428 | S11: =+P11-R11 -> 394.94373 | T11: =+IFERROR(HLOOKUP($B11,'[1]9월'!$D$6:$BN$259,16,),)/1000 -> 222.14546 | U11: =+IFERROR(HLOOKUP($B11,'[2]9월'!$F$6:$CP$99,16,),)/1000 -> 155.08344 | V11: =+U11-T11 -> -67.062024 | W11: =+IFERROR(HLOOKUP($B11,'[3]9월'!$F$6:$CC$57,16,),)/1000 -> 167.22155 | X11: =+U11-W11 -> -12.138112 | Y11: =+[4]부산!$Q$85 -> 107699.87 | Z11: =+[4]부산!$R$85 -> 107168 | AA11: =+[5]부산!$Q$85 -> 114051.87 | AB11: =+[4]부산!$Q$89 -> 84681.417 | AC11: =+[4]부산!$R$89 -> 85757.042 | AD11: =+[5]부산!$Q$89 -> 84631.159 | AE11: =+Y11-AB11 -> 23018.458 | AF11: =+Z11-AC11 -> 21410.962 | AG11: =+AA11-AD11 -> 29420.706
B12: 서부산 | G12: =+I12 -> 서부산 | I12: 서부산 | J12: =+IFERROR(HLOOKUP($B12,'[1]9월'!$D$6:$BN$259,2,),)/1000 -> 21 | K12: =+IFERROR(HLOOKUP($B12,'[2]9월'!$F$6:$CP$99,2,),)/1000 -> 19.618 | L12: =+K12-J12 -> -1.382 | M12: =+IFERROR(HLOOKUP($B12,'[3]9월'!$F$6:$CC$57,2,),)/1000 -> 13.004 | N12: =+K12-M12 -> 6.614 | O12: =+IFERROR(HLOOKUP($B12,'[1]9월'!$D$6:$BN$259,3,),)/1000 -> 2085.2971 | P12: =+IFERROR(HLOOKUP($B12,'[2]9월'!$F$6:$CP$99,3,),)/1000 -> 1904.0365 | Q12: =+P12-O12 -> -181.26057 | R12: =+IFERROR(HLOOKUP($B12,'[3]9월'!$F$6:$CC$57,3,),)/1000 -> 1314.9703 | S12: =+P12-R12 -> 589.0662 | T12: =+IFERROR(HLOOKUP($B12,'[1]9월'!$D$6:$BN$259,16,),)/1000 -> 262.68395 | U12: =+IFERROR(HLOOKUP($B12,'[2]9월'!$F$6:$CP$99,16,),)/1000 -> 149.85117 | V12: =+U12-T12 -> -112.83278 | W12: =+IFERROR(HLOOKUP($B12,'[3]9월'!$F$6:$CC$57,16,),)/1000 -> 84.673494 | X12: =+U12-W12 -> 65.177675 | Y12: =+[4]서부산!$Q$85 -> 99299.86 | Z12: =+[4]서부산!$R$85 -> 97055.587 | AA12: =+[5]서부산!$Q$85 -> 101120.45 | AB12: =+[4]서부산!$Q$89 -> 77319.895 | AC12: =+[4]서부산!$R$89 -> 77542.314 | AD12: =+[5]서부산!$Q$89 -> 78001.326 | AE12: =+Y12-AB12 -> 21979.965 | AF12: =+Z12-AC12 -> 19513.273 | AG12: =+AA12-AD12 -> 23119.122
B13: 김해 | G13: =+I13 -> 김해 | I13: 김해 | J13: =+IFERROR(HLOOKUP($B13,'[1]9월'!$D$6:$BN$259,2,),)/1000 -> 14 | K13: =+IFERROR(HLOOKUP($B13,'[2]9월'!$F$6:$CP$99,2,),)/1000 -> 7.988 | L13: =+K13-J13 -> -6.012 | M13: =+IFERROR(HLOOKUP($B13,'[3]9월'!$F$6:$CC$57,2,),)/1000 -> 12.705 | N13: =+K13-M13 -> -4.717 | O13: =+IFERROR(HLOOKUP($B13,'[1]9월'!$D$6:$BN$259,3,),)/1000 -> 1348.1986 | P13: =+IFERROR(HLOOKUP($B13,'[2]9월'!$F$6:$CP$99,3,),)/1000 -> 706.9105 | Q13: =+P13-O13 -> -641.2881 | R13: =+IFERROR(HLOOKUP($B13,'[3]9월'!$F$6:$CC$57,3,),)/1000 -> 1134.8287 | S13: =+P13-R13 -> -427.9182 | T13: =+IFERROR(HLOOKUP($B13,'[1]9월'!$D$6:$BN$259,16,),)/1000 -> 115.18251 | U13: =+IFERROR(HLOOKUP($B13,'[2]9월'!$F$6:$CP$99,16,),)/1000 -> -78.322141 | V13: =+U13-T13 -> -193.50465 | W13: =+IFERROR(HLOOKUP($B13,'[3]9월'!$F$6:$CC$57,16,),)/1000 -> -2.729523 | X13: =+U13-W13 -> -75.592618 | Y13: =+[4]김해!$Q$85 -> 96299.9 | Z13: =+[4]김해!$R$85 -> 88617.202 | AA13: =+[5]김해!$Q$85 -> 89286.803 | AB13: =+[4]김해!$Q$89 -> 77194.604 | AC13: =+[4]김해!$R$89 -> 77871.709 | AD13: =+[5]김해!$Q$89 -> 75888.627 | AE13: =+Y13-AB13 -> 19105.296 | AF13: =+Z13-AC13 -> 10745.493 | AG13: =+AA13-AD13 -> 13398.176
B14: 정관 | G14: =+I14 -> 정관 | I14: 정관 | J14: =+IFERROR(HLOOKUP($B14,'[1]9월'!$D$6:$BN$259,2,),)/1000 -> 19 | K14: =+IFERROR(HLOOKUP($B14,'[2]9월'!$F$6:$CP$99,2,),)/1000 -> 23.4405 | L14: =+K14-J14 -> 4.4405 | M14: =+IFERROR(HLOOKUP($B14,'[3]9월'!$F$6:$CC$57,2,),)/1000 -> 16.976 | N14: =+K14-M14 -> 6.4645 | O14: =+IFERROR(HLOOKUP($B14,'[1]9월'!$D$6:$BN$259,3,),)/1000 -> 1938.0018 | P14: =+IFERROR(HLOOKUP($B14,'[2]9월'!$F$6:$CP$99,3,),)/1000 -> 2350.14 | Q14: =+P14-O14 -> 412.13821 | R14: =+IFERROR(HLOOKUP($B14,'[3]9월'!$F$6:$CC$57,3,),)/1000 -> 1722.9997 | S14: =+P14-R14 -> 627.1403 | T14: =+IFERROR(HLOOKUP($B14,'[1]9월'!$D$6:$BN$259,16,),)/1000 -> 164.10726 | U14: =+IFERROR(HLOOKUP($B14,'[2]9월'!$F$6:$CP$99,16,),)/1000 -> 173.69429 | V14: =+U14-T14 -> 9.5870287 | W14: =+IFERROR(HLOOKUP($B14,'[3]9월'!$F$6:$CC$57,16,),)/1000 -> 103.5454 | X14: =+U14-W14 -> 70.148889 | Y14: =+[4]정관!$Q$85 -> 102000.09 | Z14: =+[4]정관!$R$85 -> 100259.81 | AA14: =+[5]정관!$Q$85 -> 101496.21 | AB14: =+[4]정관!$Q$89 -> 82152.96 | AC14: =+[4]정관!$R$89 -> 82090.776 | AD14: =+[5]정관!$Q$89 -> 81278.39 | AE14: =+Y14-AB14 -> 19847.134 | AF14: =+Z14-AC14 -> 18169.03 | AG14: =+AA14-AD14 -> 20217.822
B15: 양산 | G15: =+I15 -> 양산 | I15: 양산 | J15: =+IFERROR(HLOOKUP($B15,'[1]9월'!$D$6:$BN$259,2,),)/1000 -> 12 | K15: =+IFERROR(HLOOKUP($B15,'[2]9월'!$F$6:$CP$99,2,),)/1000 -> 6.061 | L15: =+K15-J15 -> -5.939 | M15: =+IFERROR(HLOOKUP($B15,'[3]9월'!$F$6:$CC$57,2,),)/1000 -> 12.518 | N15: =+K15-M15 -> -6.457 | O15: =+IFERROR(HLOOKUP($B15,'[1]9월'!$D$6:$BN$259,3,),)/1000 -> 1131.66 | P15: =+IFERROR(HLOOKUP($B15,'[2]9월'!$F$6:$CP$99,3,),)/1000 -> 570.8879 | Q15: =+P15-O15 -> -560.7721 | R15: =+IFERROR(HLOOKUP($B15,'[3]9월'!$F$6:$CC$57,3,),)/1000 -> 1127.9969 | S15: =+P15-R15 -> -557.109 | T15: =+IFERROR(HLOOKUP($B15,'[1]9월'!$D$6:$BN$259,16,),)/1000 -> 106.81807 | U15: =+IFERROR(HLOOKUP($B15,'[2]9월'!$F$6:$CP$99,16,),)/1000 -> -35.259846 | V15: =+U15-T15 -> -142.07791 | W15: =+IFERROR(HLOOKUP($B15,'[3]9월'!$F$6:$CC$57,16,),)/1000 -> 69.602208 | X15: =+U15-W15 -> -104.86205 | Y15: =+[4]양산!$Q$85 -> 94305 | Z15: =+[4]양산!$R$85 -> 94190.381 | AA15: =+[5]양산!$Q$85 -> 90109.994 | AB15: =+[4]양산!$Q$89 -> 73438.432 | AC15: =+[4]양산!$R$89 -> 76835.776 | AD15: =+[5]양산!$Q$89 -> 71969.385 | AE15: =+Y15-AB15 -> 20866.568 | AF15: =+Z15-AC15 -> 17354.605 | AG15: =+AA15-AD15 -> 18140.609
B16: 창원 | G16: =+I16 -> 창원 | I16: 창원 | J16: =+IFERROR(HLOOKUP($B16,'[1]9월'!$D$6:$BN$259,2,),)/1000 -> 13 | K16: =+IFERROR(HLOOKUP($B16,'[2]9월'!$F$6:$CP$99,2,),)/1000 -> 6.546 | L16: =+K16-J16 -> -6.454 | M16: =+IFERROR(HLOOKUP($B16,'[3]9월'!$F$6:$CC$57,2,),)/1000 -> 14.953 | N16: =+K16-M16 -> -8.407 | O16: =+IFERROR(HLOOKUP($B16,'[1]9월'!$D$6:$BN$259,3,),)/1000 -> 1314.3049 | P16: =+IFERROR(HLOOKUP($B16,'[2]9월'!$F$6:$CP$99,3,),)/1000 -> 598.3484 | Q16: =+P16-O16 -> -715.95654 | R16: =+IFERROR(HLOOKUP($B16,'[3]9월'!$F$6:$CC$57,3,),)/1000 -> 1507.3454 | S16: =+P16-R16 -> -908.997 | T16: =+IFERROR(HLOOKUP($B16,'[1]9월'!$D$6:$BN$259,16,),)/1000 -> 145.2062 | U16: =+IFERROR(HLOOKUP($B16,'[2]9월'!$F$6:$CP$99,16,),)/1000 -> -63.359208 | V16: =+U16-T16 -> -208.56541 | W16: =+IFERROR(HLOOKUP($B16,'[3]9월'!$F$6:$CC$57,16,),)/1000 -> 152.25467 | X16: =+U16-W16 -> -215.61387 | Y16: =+[4]창원!$Q$85 -> 101100.38 | Z16: =+[4]창원!$R$85 -> 91406.722 | AA16: =+[5]창원!$Q$85 -> 100805.55 | AB16: =+[4]창원!$Q$89 -> 76060.57 | AC16: =+[4]창원!$R$89 -> 71724.152 | AD16: =+[5]창원!$Q$89 -> 74736.793 | AE16: =+Y16-AB16 -> 25039.81 | AF16: =+Z16-AC16 -> 19682.57 | AG16: =+AA16-AD16 -> 26068.757
B17: 대구 | G17: =+I17 -> 대구 | I17: 대구 | J17: =+IFERROR(HLOOKUP($B17,'[1]9월'!$D$6:$BN$259,2,),)/1000 -> 12 | K17: =+IFERROR(HLOOKUP($B17,'[2]9월'!$F$6:$CP$99,2,),)/1000 -> 13.3385 | L17: =+K17-J17 -> 1.3385 | M17: =+IFERROR(HLOOKUP($B17,'[3]9월'!$F$6:$CC$57,2,),)/1000 -> 14.191 | N17: =+K17-M17 -> -0.8525 | O17: =+IFERROR(HLOOKUP($B17,'[1]9월'!$D$6:$BN$259,3,),)/1000 -> 1154.7962 | P17: =+IFERROR(HLOOKUP($B17,'[2]9월'!$F$6:$CP$99,3,),)/1000 -> 1132.3224 | Q17: =+P17-O17 -> -22.473887 | R17: =+IFERROR(HLOOKUP($B17,'[3]9월'!$F$6:$CC$57,3,),)/1000 -> 1379.9727 | S17: =+P17-R17 -> -247.6504 | T17: =+IFERROR(HLOOKUP($B17,'[1]9월'!$D$6:$BN$259,16,),)/1000 -> 99.040367 | U17: =+IFERROR(HLOOKUP($B17,'[2]9월'!$F$6:$CP$99,16,),)/1000 -> 42.684097 | V17: =+U17-T17 -> -56.35627 | W17: =+IFERROR(HLOOKUP($B17,'[3]9월'!$F$6:$CC$57,16,),)/1000 -> 137.65472 | X17: =+U17-W17 -> -94.970627 | Y17: =+[4]대구!$Q$85 -> 96233.02 | Z17: =+[4]대구!$R$85 -> 84891.281 | AA17: =+[5]대구!$Q$85 -> 97242.812 | AB17: =+[4]대구!$Q$89 -> 72550.614 | AC17: =+[4]대구!$R$89 -> 69930.589 | AD17: =+[5]대구!$Q$89 -> 72709.872 | AE17: =+Y17-AB17 -> 23682.406 | AF17: =+Z17-AC17 -> 14960.692 | AG17: =+AA17-AD17 -> 24532.94
B18: 울산 | G18: =+I18 -> 울산 | I18: 울산 | J18: =+IFERROR(HLOOKUP($B18,'[1]9월'!$D$6:$BN$259,2,),)/1000 -> 14 | K18: =+IFERROR(HLOOKUP($B18,'[2]9월'!$F$6:$CP$99,2,),)/1000 -> 13.179 | L18: =+K18-J18 -> -0.821 | M18: =+IFERROR(HLOOKUP($B18,'[3]9월'!$F$6:$CC$57,2,),)/1000 -> 11.98 | N18: =+K18-M18 -> 1.199 | O18: =+IFERROR(HLOOKUP($B18,'[1]9월'!$D$6:$BN$259,3,),)/1000 -> 1458.865 | P18: =+IFERROR(HLOOKUP($B18,'[2]9월'!$F$6:$CP$99,3,),)/1000 -> 1435.1891 | Q18: =+P18-O18 -> -23.6759 | R18: =+IFERROR(HLOOKUP($B18,'[3]9월'!$F$6:$CC$57,3,),)/1000 -> 1176.1866 | S18: =+P18-R18 -> 259.00255 | T18: =+IFERROR(HLOOKUP($B18,'[1]9월'!$D$6:$BN$259,16,),)/1000 -> 156.77601 | U18: =+IFERROR(HLOOKUP($B18,'[2]9월'!$F$6:$CP$99,16,),)/1000 -> 178.43166 | V18: =+U18-T18 -> 21.655651 | W18: =+IFERROR(HLOOKUP($B18,'[3]9월'!$F$6:$CC$57,16,),)/1000 -> 78.459948 | X18: =+U18-W18 -> 99.971712 | Y18: =+[4]울산!$Q$85 -> 104204.64 | Z18: =+[4]울산!$R$85 -> 108899.7 | AA18: =+[5]울산!$Q$85 -> 98179.178 | AB18: =+[4]울산!$Q$89 -> 82480.758 | AC18: =+[4]울산!$R$89 -> 82498.145 | AD18: =+[5]울산!$Q$89 -> 78607.479 | AE18: =+Y18-AB18 -> 21723.885 | AF18: =+Z18-AC18 -> 26401.552 | AG18: =+AA18-AD18 -> 19571.699
B19: 아산 | G19: =+I19 -> 아산 | I19: 아산 | J19: =+IFERROR(HLOOKUP($B19,'[1]9월'!$D$6:$BN$259,2,),)/1000 -> 26 | K19: =+IFERROR(HLOOKUP($B19,'[2]9월'!$F$6:$CP$99,2,),)/1000 -> 23.459 | L19: =+K19-J19 -> -2.541 | M19: =+IFERROR(HLOOKUP($B19,'[3]9월'!$F$6:$CC$57,2,),)/1000 -> 23.352 | N19: =+K19-M19 -> 0.107 | O19: =+IFERROR(HLOOKUP($B19,'[1]9월'!$D$6:$BN$259,3,),)/1000 -> 2678 | P19: =+IFERROR(HLOOKUP($B19,'[2]9월'!$F$6:$CP$99,3,),)/1000 -> 2198.6815 | Q19: =+P19-O19 -> -479.31849 | R19: =+IFERROR(HLOOKUP($B19,'[3]9월'!$F$6:$CC$57,3,),)/1000 -> 2315.0378 | S19: =+P19-R19 -> -116.35625 | T19: =+IFERROR(HLOOKUP($B19,'[1]9월'!$D$6:$BN$259,16,),)/1000 -> 399.79482 | U19: =+IFERROR(HLOOKUP($B19,'[2]9월'!$F$6:$CP$99,16,),)/1000 -> 79.527224 | V19: =+U19-T19 -> -320.2676 | W19: =+IFERROR(HLOOKUP($B19,'[3]9월'!$F$6:$CC$57,16,),)/1000 -> 256.65218 | X19: =+U19-W19 -> -177.12496 | Y19: =+[4]아산!$Q$85 -> 103000 | Z19: =+[4]아산!$R$85 -> 93724.435 | AA19: =+[5]아산!$Q$85 -> 99026.219 | AB19: =+[4]아산!$Q$89 -> 77918.038 | AC19: =+[4]아산!$R$89 -> 79487.178 | AD19: =+[5]아산!$Q$89 -> 76440.336 | AE19: =+Y19-AB19 -> 25081.962 | AF19: =+Z19-AC19 -> 14237.257 | AG19: =+AA19-AD19 -> 22585.883
B20: 전주 | G20: =+I20 -> 전주 | I20: 전주 | J20: =+IFERROR(HLOOKUP($B20,'[1]9월'!$D$6:$BN$259,2,),)/1000 -> 12 | K20: =+IFERROR(HLOOKUP($B20,'[2]9월'!$F$6:$CP$99,2,),)/1000 -> 15.058 | L20: =+K20-J20 -> 3.058 | M20: =+IFERROR(HLOOKUP($B20,'[3]9월'!$F$6:$CC$57,2,),)/1000 -> 10.103 | N20: =+K20-M20 -> 4.955 | O20: =+IFERROR(HLOOKUP($B20,'[1]9월'!$D$6:$BN$259,3,),)/1000 -> 1208.7071 | P20: =+IFERROR(HLOOKUP($B20,'[2]9월'!$F$6:$CP$99,3,),)/1000 -> 1481.3307 | Q20: =+P20-O20 -> 272.6236 | R20: =+IFERROR(HLOOKUP($B20,'[3]9월'!$F$6:$CC$57,3,),)/1000 -> 1007.1744 | S20: =+P20-R20 -> 474.1563 | T20: =+IFERROR(HLOOKUP($B20,'[1]9월'!$D$6:$BN$259,16,),)/1000 -> 175.60275 | U20: =+IFERROR(HLOOKUP($B20,'[2]9월'!$F$6:$CP$99,16,),)/1000 -> 174.72593 | V20: =+U20-T20 -> -0.87681845 | W20: =+IFERROR(HLOOKUP($B20,'[3]9월'!$F$6:$CC$57,16,),)/1000 -> 98.002099 | X20: =+U20-W20 -> 76.723833 | Y20: =+[4]전주!$Q$85 -> 100725.59 | Z20: =+[4]전주!$R$85 -> 98374.997 | AA20: =+[5]전주!$Q$85 -> 99690.626 | AB20: =+[4]전주!$Q$89 -> 73247.442 | AC20: =+[4]전주!$R$89 -> 75716.659 | AD20: =+[5]전주!$Q$89 -> 72859.165 | AE20: =+Y20-AB20 -> 27478.15 | AF20: =+Z20-AC20 -> 22658.338 | AG20: =+AA20-AD20 -> 26831.462
B21: 군산 | G21: =+I21 -> 군산 | I21: 군산 | J21: =+IFERROR(HLOOKUP($B21,'[1]9월'!$D$6:$BN$259,2,),)/1000 -> 8 | K21: =+IFERROR(HLOOKUP($B21,'[2]9월'!$F$6:$CP$99,2,),)/1000 -> 4.3985 | L21: =+K21-J21 -> -3.6015 | M21: =+IFERROR(HLOOKUP($B21,'[3]9월'!$F$6:$CC$57,2,),)/1000 -> 7.883 | N21: =+K21-M21 -> -3.4845 | O21: =+IFERROR(HLOOKUP($B21,'[1]9월'!$D$6:$BN$259,3,),)/1000 -> 894.38615 | P21: =+IFERROR(HLOOKUP($B21,'[2]9월'!$F$6:$CP$99,3,),)/1000 -> 485.6806 | Q21: =+P21-O21 -> -408.70555 | R21: =+IFERROR(HLOOKUP($B21,'[3]9월'!$F$6:$CC$57,3,),)/1000 -> 917.5602 | S21: =+P21-R21 -> -431.8796 | T21: =+IFERROR(HLOOKUP($B21,'[1]9월'!$D$6:$BN$259,16,),)/1000 -> 232.89281 | U21: =+IFERROR(HLOOKUP($B21,'[2]9월'!$F$6:$CP$99,16,),)/1000 -> 70.14253 | V21: =+U21-T21 -> -162.75028 | W21: =+IFERROR(HLOOKUP($B21,'[3]9월'!$F$6:$CC$57,16,),)/1000 -> 252.01421 | X21: =+U21-W21 -> -181.87168 | Y21: =+[4]군산!$Q$85 -> 111798.27 | Z21: =+[4]군산!$R$85 -> 110265.3 | AA21: =+[5]군산!$Q$85 -> 116414.49 | AB21: =+[4]군산!$Q$89 -> 72435.635 | AC21: =+[4]군산!$R$89 -> 72207.09 | AD21: =+[5]군산!$Q$89 -> 72940.628 | AE21: =+Y21-AB21 -> 39362.633 | AF21: =+Z21-AC21 -> 38058.214 | AG21: =+AA21-AD21 -> 43473.867
B22: 원주 | G22: =+I22 -> 원주 | I22: 원주 | J22: =+IFERROR(HLOOKUP($B22,'[1]9월'!$D$6:$BN$259,2,),)/1000 -> 6 | K22: =+IFERROR(HLOOKUP($B22,'[2]9월'!$F$6:$CP$99,2,),)/1000 -> 3.3585 | L22: =+K22-J22 -> -2.6415 | M22: =+IFERROR(HLOOKUP($B22,'[3]9월'!$F$6:$CC$57,2,),)/1000 -> 5.359 | N22: =+K22-M22 -> -2.0005 | O22: =+IFERROR(HLOOKUP($B22,'[1]9월'!$D$6:$BN$259,3,),)/1000 -> 672 | P22: =+IFERROR(HLOOKUP($B22,'[2]9월'!$F$6:$CP$99,3,),)/1000 -> 376.37215 | Q22: =+P22-O22 -> -295.62785 | R22: =+IFERROR(HLOOKUP($B22,'[3]9월'!$F$6:$CC$57,3,),)/1000 -> 606.961 | S22: =+P22-R22 -> -230.58885 | T22: =+IFERROR(HLOOKUP($B22,'[1]9월'!$D$6:$BN$259,16,),)/1000 -> 128.61965 | U22: =+IFERROR(HLOOKUP($B22,'[2]9월'!$F$6:$CP$99,16,),)/1000 -> 32.572096 | V22: =+U22-T22 -> -96.047556 | W22: =+IFERROR(HLOOKUP($B22,'[3]9월'!$F$6:$CC$57,16,),)/1000 -> 107.1387 | X22: =+U22-W22 -> -74.566607 | Y22: =+[4]원주!$Q$85 -> 112000 | Z22: =+[4]원주!$R$85 -> 112065.55 | AA22: =+[5]원주!$Q$85 -> 113260.12 | AB22: =+[4]원주!$Q$89 -> 73072.22 | AC22: =+[4]원주!$R$89 -> 71797.687 | AD22: =+[5]원주!$Q$89 -> 73534.477 | AE22: =+Y22-AB22 -> 38927.78 | AF22: =+Z22-AC22 -> 40267.861 | AG22: =+AA22-AD22 -> 39725.647
B23: 제주 | G23: =+I23 -> 제주 | I23: 제주 | J23: =+IFERROR(HLOOKUP($B23,'[1]9월'!$D$6:$BN$259,2,),)/1000 -> 9 | K23: =+IFERROR(HLOOKUP($B23,'[2]9월'!$F$6:$CP$99,2,),)/1000 -> 4.794 | L23: =+K23-J23 -> -4.206 | M23: =+IFERROR(HLOOKUP($B23,'[3]9월'!$F$6:$CC$57,2,),)/1000 -> 2.1085 | N23: =+K23-M23 -> 2.6855 | O23: =+IFERROR(HLOOKUP($B23,'[1]9월'!$D$6:$BN$259,3,),)/1000 -> 1106.96 | P23: =+IFERROR(HLOOKUP($B23,'[2]9월'!$F$6:$CP$99,3,),)/1000 -> 607.31897 | Q23: =+P23-O23 -> -499.64103 | R23: =+IFERROR(HLOOKUP($B23,'[3]9월'!$F$6:$CC$57,3,),)/1000 -> 245.49822 | S23: =+P23-R23 -> 361.82075 | T23: =+IFERROR(HLOOKUP($B23,'[1]9월'!$D$6:$BN$259,16,),)/1000 -> 190.51152 | U23: =+IFERROR(HLOOKUP($B23,'[2]9월'!$F$6:$CP$99,16,),)/1000 -> 35.677639 | V23: =+U23-T23 -> -154.83388 | W23: =+IFERROR(HLOOKUP($B23,'[3]9월'!$F$6:$CC$57,16,),)/1000 -> -40.681329 | X23: =+U23-W23 -> 76.358968 | Y23: =+[4]제주!$Q$85 -> 122995.56 | Z23: =+[4]제주!$R$85 -> 126594.93 | AA23: =+[5]제주!$Q$85 -> 116432.64 | AB23: =+[4]제주!$Q$89 -> 91386.196 | AC23: =+[4]제주!$R$89 -> 96807.174 | AD23: =+[5]제주!$Q$89 -> 86083.475 | AE23: =+Y23-AB23 -> 31609.36 | AF23: =+Z23-AC23 -> 29787.753 | AG23: =+AA23-AD23 -> 30349.163
F24: =+K24/J24 -> 0.78675221 | G24: =+I24 -> 수도권 | I24: 수도권 | J24: =SUM(J7:J10) -> 113 | K24: =SUM(K7:K10) -> 88.903 | L24: =+K24-J24 -> -24.097 | M24: =SUM(M7:M10) -> 75.6348 | N24: =+K24-M24 -> 13.2682 | O24: =SUM(O7:O10) -> 11317.643 | P24: =SUM(P7:P10) -> 8516.0125 | Q24: =+P24-O24 -> -2801.6305 | R24: =SUM(R7:R10) -> 7393.098 | S24: =+P24-R24 -> 1122.9145 | T24: =SUM(T7:T10) -> 1155.2461 | U24: =SUM(U7:U10) -> 63.243237 | V24: =+U24-T24 -> -1092.0029 | W24: =SUM(W7:W10) -> 268.92705 | X24: =+U24-W24 -> -205.68381 | Y24: =+[4]수도권!$Q$85 -> 100156.13 | Z24: =+[4]수도권!$R$85 -> 95819.566 | AA24: =+[5]수도권!$Q$85 -> 97749.491 | AB24: =+[4]수도권!$Q$89 -> 80885.883 | AC24: =+[4]수도권!$R$89 -> 82395.263 | AD24: =+[5]수도권!$Q$89 -> 79479.892 | AE24: =+Y24-AB24 -> 19270.25 | AF24: =+Z24-AC24 -> 13424.303 | AG24: =+AA24-AD24 -> 18269.6
F25: =+K25/J25 -> 0.87595238 | G25: =+I25 -> 영남권 | I25: 영남권 | J25: =SUM(J11:J18) -> 126 | K25: =SUM(K11:K18) -> 110.37 | L25: =+K25-J25 -> -15.63 | M25: =SUM(M11:M18) -> 111.844 | N25: =+K25-M25 -> -1.474 | O25: =SUM(O11:O18) -> 12692.821 | P25: =SUM(P11:P18) -> 10862.521 | Q25: =+P25-O25 -> -1830.2997 | R25: =SUM(R11:R18) -> 11134.043 | S25: =+P25-R25 -> -271.52182 | T25: =SUM(T11:T18) -> 1271.9598 | U25: =SUM(U11:U18) -> 522.80346 | V25: =+U25-T25 -> -749.15636 | W25: =SUM(W11:W18) -> 790.68247 | X25: =+U25-W25 -> -267.87901 | Y25: =+[4]영남권!$Q$85 -> 100736.67 | Z25: =+[4]영남권!$R$85 -> 98462.668 | AA25: =+[5]영남권!$Q$85 -> 99624.762 | AB25: =+[4]영남권!$Q$89 -> 78881.308 | AC25: =+[4]영남권!$R$89 -> 79337.908 | AD25: =+[5]영남권!$Q$89 -> 77483.837 | AE25: =+Y25-AB25 -> 21855.367 | AF25: =+Z25-AC25 -> 19124.76 | AG25: =+AA25-AD25 -> 22140.925
F26: =+K26/J26 -> 0.83718033 | G26: =+I26 -> 중부권 | I26: 중부권 | J26: =SUM(J19:J23) -> 61 | K26: =SUM(K19:K23) -> 51.068 | L26: =+K26-J26 -> -9.932 | M26: =SUM(M19:M23) -> 48.8055 | N26: =+K26-M26 -> 2.2625 | O26: =SUM(O19:O23) -> 6560.0532 | P26: =SUM(P19:P23) -> 5149.3839 | Q26: =+P26-O26 -> -1410.6693 | R26: =SUM(R19:R23) -> 5092.2316 | S26: =+P26-R26 -> 57.15235 | T26: =SUM(T19:T23) -> 1127.4216 | U26: =SUM(U19:U23) -> 392.64542 | V26: =+U26-T26 -> -734.77614 | W26: =SUM(W19:W23) -> 673.12587 | X26: =+U26-W26 -> -280.48045 | Y26: =+[4]중부권!$Q$85 -> 107541.86 | Z26: =+[4]중부권!$R$85 -> 100727.81 | AA26: =+[5]중부권!$Q$85 -> 104305.46 | AB26: =+[4]중부권!$Q$89 -> 77790.696 | AC26: =+[4]중부권!$R$89 -> 78864.581 | AD26: =+[5]중부권!$Q$89 -> 75226.187 | AE26: =+Y26-AB26 -> 29751.161 | AF26: =+Z26-AC26 -> 21863.231 | AG26: =+AA26-AD26 -> 29079.27
F27: =+K27/M27 -> 1.0594906 | G27: =+K27/J27 -> 0.83447 | H27: 레미콘 계 | J27: =SUM(J24:J26) -> 300 | K27: =SUM(K24:K26) -> 250.341 | L27: =+K27-J27 -> -49.659 | M27: =SUM(M24:M26) -> 236.2843 | N27: =+K27-M27 -> 14.0567 | O27: =SUM(O24:O26) -> 30570.517 | P27: =SUM(P24:P26) -> 24527.918 | Q27: =+P27-O27 -> -6042.5996 | R27: =SUM(R24:R26) -> 23619.373 | S27: =+P27-R27 -> 908.54505 | T27: =SUM(T24:T26) -> 3554.6275 | U27: =SUM(U24:U26) -> 978.69212 | V27: =+U27-T27 -> -2575.9354 | W27: =SUM(W24:W26) -> 1732.7354 | X27: =+U27-W27 -> -754.04327 | Y27: =+[4]합계!$Q$85 -> 101901.72 | Z27: =+[4]합계!$R$85 -> 97987.042 | AA27: =+[5]합계!$Q$85 -> 99989.728 | AB27: =+[4]합계!$Q$89 -> 79414.607 | AC27: =+[4]합계!$R$89 -> 80325.191 | AD27: =+[5]합계!$Q$89 -> 77657.504 | AE27: =+Y27-AB27 -> 22487.117 | AF27: =+Z27-AC27 -> 17661.851 | AG27: =+AA27-AD27 -> 22332.224 | AI27: =+AF27-AE27 -> -4825.2668 | AJ27: =+AF27-AG27 -> -4670.3734
B28: 부산모래장 | C28: 부산골재 | G28: =+I28 -> 부산모래장 | H28: 골재 | I28: 부산모래장 | J28: =+IFERROR(HLOOKUP($B28,'[1]9월'!$D$6:$BN$259,2,),)/1000 -> 22.823313 | K28: =+IFERROR(HLOOKUP($C28,'[2]9월'!$F$6:$CP$99,2,),)/1000 -> 25.944 | L28: =+K28-J28 -> 3.1206874 | M28: =+IFERROR(HLOOKUP($C28,'[3]9월'!$F$6:$CC$57,2,),)/1000 -> 9.143 | N28: =+K28-M28 -> 16.801 | O28: =+IFERROR(HLOOKUP($B28,'[1]9월'!$D$6:$BN$259,3,),)/1000 -> 619.85596 | P28: =+IFERROR(HLOOKUP($C28,'[2]9월'!$F$6:$CP$99,3,),)/1000 -> 725.697 | Q28: =+P28-O28 -> 105.84104 | R28: =+IFERROR(HLOOKUP($C28,'[3]9월'!$F$6:$CC$57,3,),)/1000 -> 251.0855 | S28: =+P28-R28 -> 474.6115 | T28: =+IFERROR(HLOOKUP($B28,'[1]9월'!$D$6:$BN$259,21,),)/1000 -> 59.125904 | U28: =+IFERROR(HLOOKUP($C28,'[2]9월'!$F$6:$CP$99,21,),)/1000 -> 13.892939 | V28: =+U28-T28 -> -45.232965 | W28: =+IFERROR(HLOOKUP($C28,'[3]9월'!$F$6:$CC$57,21,),)/1000 -> -3.6659722 | X28: =+U28-W28 -> 17.558911 | Y28: ■ 비고
B29: 서부산크라샤 | C29: 서부산골재 | G29: =+I29 -> 서부산CR | I29: 서부산CR | J29: =+IFERROR(HLOOKUP($B29,'[1]9월'!$D$6:$BN$259,2,),)/1000 -> 43.768424 | K29: =+IFERROR(HLOOKUP($C29,'[2]9월'!$F$6:$CP$99,2,),)/1000 -> 34.028 | L29: =+K29-J29 -> -9.7404237 | M29: =+IFERROR(HLOOKUP($C29,'[3]9월'!$F$6:$CC$57,2,),)/1000 -> 1.05 | N29: =+K29-M29 -> 32.978 | O29: =+IFERROR(HLOOKUP($B29,'[1]9월'!$D$6:$BN$259,3,),)/1000 -> 649.34918 | P29: =+IFERROR(HLOOKUP($C29,'[2]9월'!$F$6:$CP$99,3,),)/1000 -> 417.92 | Q29: =+P29-O29 -> -231.42918 | R29: =+IFERROR(HLOOKUP($C29,'[3]9월'!$F$6:$CC$57,3,),)/1000 -> 12.075 | S29: =+P29-R29 -> 405.845 | T29: =+IFERROR(HLOOKUP($B29,'[1]9월'!$D$6:$BN$259,21,),)/1000 -> 117.93604 | U29: =+IFERROR(HLOOKUP($C29,'[2]9월'!$F$6:$CP$99,21,),)/1000 -> 93.731074 | V29: =+U29-T29 -> -24.204964 | W29: =+IFERROR(HLOOKUP($C29,'[3]9월'!$F$6:$CC$57,21,),)/1000 -> -87.578777 | X29: =+U29-W29 -> 181.30985 | Y29: - 판매단가 소급 2.5억(단위당 1,021원/㎥)
B30: 부산크라샤 | C30: 부산크라샤 | G30: =+I30 -> 부산CR | I30: 부산CR | J30: =+IFERROR(HLOOKUP($B30,'[1]9월'!$D$6:$BN$259,2,),)/1000 -> 38.403928 | K30: =+IFERROR(HLOOKUP($C30,'[2]9월'!$F$6:$CP$99,2,),)/1000 -> 14.301 | L30: =+K30-J30 -> -24.102928 | M30: =+IFERROR(HLOOKUP($C30,'[3]9월'!$F$6:$CC$57,2,),)/1000 -> 36.758 | N30: =+K30-M30 -> -22.457 | O30: =+IFERROR(HLOOKUP($B30,'[1]9월'!$D$6:$BN$259,3,),)/1000 -> 654.28495 | P30: =+IFERROR(HLOOKUP($C30,'[2]9월'!$F$6:$CP$99,3,),)/1000 -> 291.1475 | Q30: =+P30-O30 -> -363.13745 | R30: =+IFERROR(HLOOKUP($C30,'[3]9월'!$F$6:$CC$57,3,),)/1000 -> 622.585 | S30: =+P30-R30 -> -331.4375 | T30: =+IFERROR(HLOOKUP($B30,'[1]9월'!$D$6:$BN$259,21,),)/1000 -> 41.567805 | U30: =+IFERROR(HLOOKUP($C30,'[2]9월'!$F$6:$CP$99,21,),)/1000 -> -98.421121 | V30: =+U30-T30 -> -139.98893 | W30: =+IFERROR(HLOOKUP($C30,'[3]9월'!$F$6:$CC$57,21,),)/1000 -> -221.73575 | X30: =+U30-W30 -> 123.31463 | Y30: - 건재 임금인상 소급분 255백만원
G31: =+K31/J31 -> 0.70739111 | H31: 골재 계 | J31: =SUM(J28:J30) -> 104.99566 | K31: =SUM(K28:K30) -> 74.273 | L31: =+K31-J31 -> -30.722665 | M31: =SUM(M28:M30) -> 46.951 | N31: =+K31-M31 -> 27.322 | O31: =SUM(O28:O30) -> 1923.4901 | P31: =SUM(P28:P30) -> 1434.7645 | Q31: =+P31-O31 -> -488.72558 | R31: =SUM(R28:R30) -> 885.7455 | S31: =+P31-R31 -> 549.019 | T31: =SUM(T28:T30) -> 218.62975 | U31: =SUM(U28:U30) -> 9.202891 | V31: =+U31-T31 -> -209.42686 | W31: =SUM(W28:W30) -> -312.9805 | X31: =+U31-W31 -> 322.18339 | Y31: - 경비 복리후생(학자금) 120백만원
B32: 포항임대 | C32: 속초임대 | D32: 강릉임대 | E32: 레미콘임대 계 | G32: =+I32 -> 레미콘임대 | H32: 기타 | I32: 레미콘임대 | L32: =+K32-J32 -> 0 | N32: =+K32-M32 -> 0 | O32: =(IFERROR(HLOOKUP($B32,'[1]9월'!$D$6:$BN$259,3,),)++IFERROR(HLOOKUP($C32,'[1]9월'!$D$6:$BN$259,3,),)+IFERROR(HLOOKUP($D32,'[1]9월'!$D$6:$BN$259,3,),))/1000 -> 66.666667 | P32: =+IFERROR(HLOOKUP($E32,'[2]9월'!$F$6:$CP$99,3,),)/1000 -> 43.34 | Q32: =+P32-O32 -> -23.326667 | R32: =+IFERROR(HLOOKUP($E32,'[3]9월'!$F$6:$CC$57,3,),)/1000 -> 90.84 | S32: =+P32-R32 -> -47.5 | T32: =(IFERROR(HLOOKUP($B32,'[1]9월'!$D$6:$BN$259,21,),)++IFERROR(HLOOKUP($C32,'[1]9월'!$D$6:$BN$259,21,),)+IFERROR(HLOOKUP($D32,'[1]9월'!$D$6:$BN$259,21,),))/1000 -> 51.473204 | U32: =+IFERROR(HLOOKUP($E32,'[2]9월'!$F$6:$CP$99,16,),)/1000 -> 25.88862 | V32: =+U32-T32 -> -25.584584 | W32: =+IFERROR(HLOOKUP($E32,'[3]9월'!$F$6:$CC$57,16,),)/1000 -> 76.004227 | X32: =+U32-W32 -> -50.115607
B33: 부동산임대 | C33: 주유소임대 | E33: 임대 계 | G33: =+I33 -> 임대 | I33: 임대 | L33: =+K33-J33 -> 0 | M33: 0 | N33: =+K33-M33 -> 0 | O33: =(+IFERROR(HLOOKUP($B33,'[1]9월'!$D$6:$BN$259,3,),)+IFERROR(HLOOKUP($C33,'[1]9월'!$D$6:$BN$259,3,),))/1000 -> 74.0915 | P33: =+IFERROR(HLOOKUP($E33,'[2]9월'!$F$6:$CP$99,3,),)/1000 -> 73.807425 | Q33: =+P33-O33 -> -0.284075 | R33: =+IFERROR(HLOOKUP($E33,'[3]9월'!$F$6:$CC$57,3,),)/1000 -> 73.318181 | S33: =+P33-R33 -> 0.489244 | T33: =(+IFERROR(HLOOKUP($B33,'[1]9월'!$D$6:$BN$259,21,),)+IFERROR(HLOOKUP($C33,'[1]9월'!$D$6:$BN$259,21,),))/1000 -> 76.533944 | U33: =+IFERROR(HLOOKUP($E33,'[2]9월'!$F$6:$CP$99,16,),)/1000 -> 70.267687 | V33: =+U33-T33 -> -6.266257 | W33: =+IFERROR(HLOOKUP($E33,'[3]9월'!$F$6:$CC$57,16,),)/1000 -> 75.78999 | X33: =+U33-W33 -> -5.522303
B34: 공 통 비 | G34: =+I34 -> 공통비 | I34: 공통비 | L34: =+K34-J34 -> 0 | N34: =+K34-M34 -> 0 | Q34: =+P34-O34 -> 0 | S34: =+P34-R34 -> 0 | T34: =-'[1]9월'!$Z$22/1000 -> -1279.5789 | U34: =+-'[2]9월'!$Z$22/1000 -> -1380.7743 | V34: =+U34-T34 -> -101.19543 | W34: =+-'[3]9월'!$Z$22/1000 -> -1368.6461 | X34: =+U34-W34 -> -12.128206
G35: =+I35 -> OPC 소급분 | I35: OPC 소급분 | N35: =+K35-M35 -> 0 | Q35: =+P35-O35 -> 0 | S35: =+P35-R35 -> 0 | U35: ='[2]9월'!$BD$26/1000 -> 0 | V35: =+U35-T35 -> 0 | W35: =+'[3]9월'!$BD$26/1000 -> 250 | X35: =+U35-W35 -> -250
G36: =+I36 -> 대손 | I36: 대손 | N36: =+K36-M36 -> 0 | Q36: =+P36-O36 -> 0 | S36: =+P36-R36 -> 0 | U36: ='[2]9월'!$BE$26/1000 -> -414.29034 | V36: =+U36-T36 -> -414.29034 | W36: ='[3]9월'!$BE$26/1000 -> 401.64838 | X36: =+U36-W36 -> -815.93872
G37: =+I37 -> 미운영 공장 | I37: 미운영 공장 | M37: =SUM(M53:M58) -> 0 | N37: =+K37-M37 -> 0 | Q37: =+P37-O37 -> 0 | R37: =+IFERROR(HLOOKUP($I$37,'[3]9월'!$F$6:$BJ$50,3,),)/1000 -> 0 | S37: =+P37-R37 -> 0 | T37: =SUM('[1]9월'!$AM$26:$AQ$26)/1000 -> -0.187809 | U37: =+'[2]9월'!$BF$26/1000 -> 0.5325 | V37: =+U37-T37 -> 0.720309 | W37: =+'[3]9월'!$BF$26/1000 -> -3.050165 | X37: =+U37-W37 -> 3.582665
B38: 기타 계 | G38: =+I38 -> 퇴직위로금 | I38: 퇴직위로금 | U38: =+'[2]9월'!$BG$26/1000 -> 0 | V38: =+U38-T38 -> 0 | X38: =+U38-W38 -> 0
G39: =+I39 -> 기타 | I39: 기타 | L39: =+K39-J39 -> 0 | N39: =+K39-M39 -> 0 | O39: =IFERROR(HLOOKUP($B38,'[1]9월'!$D$6:$BN$259,3,),)/1000 -> 1.77 | P39: =+('[2]9월'!$F$8-SUM('[2]9월'!$Z$8,'[2]9월'!$AH$8,'[2]9월'!$AN$8,'[2]9월'!$AO$8,'[2]9월'!$BA$8,'[2]9월'!$BD$8,'[2]9월'!$BE$8,'[2]9월'!$BF$8))/1000 -> 1.6973 | Q39: =+P39-O39 -> -0.0727 | R39: =+('[3]9월'!$F$8-SUM('[3]9월'!$Z$8,'[3]9월'!$AH$8,'[3]9월'!$AN$8,'[3]9월'!$AO$8,'[3]9월'!$BA$8,'[3]9월'!$BD$8,'[3]9월'!$BE$8,'[3]9월'!$BF$8))/1000 -> 1.8162 | S39: =+P39-R39 -> -0.1189 | T39: =+('[1]9월'!$E$26-'[1]9월'!$Z$26-'[1]9월'!$AA$26-'[1]9월'!$AE$26-'[1]9월'!$AL$26-'[1]9월'!$AM$26-'[1]9월'!$AN$26-'[1]9월'!$AO$26-'[1]9월'!$AP$26-'[1]9월'!$AQ$26-'[1]9월'!$AS$26+'[1]9월'!$AS$26)/1000 -> -75.182554 | U39: =+('[2]9월'!$F$26-SUM('[2]9월'!$Z$26,'[2]9월'!$AH$26,'[2]9월'!$AN$26,'[2]9월'!$AO$26,'[2]9월'!$BA$26,'[2]9월'!$BD$26,'[2]9월'!$BE$26,'[2]9월'!$BF$26))/1000-U38 -> -6.588948 | V39: =+U39-T39 -> 68.593606 | W39: =+('[3]9월'!$F$26-SUM('[3]9월'!$Z$26,'[3]9월'!$AH$26,'[3]9월'!$AN$26,'[3]9월'!$AO$26,'[3]9월'!$BA$26,'[3]9월'!$BD$26,'[3]9월'!$BE$26,'[3]9월'!$BF$26))/1000 -> -6.254879 | X39: =+U39-W39 -> -0.334069
H40: 기타 계 | J40: =SUM(J32:J39) -> 0 | K40: =SUM(K32:K39) -> 0 | L40: =+K40-J40 -> 0 | M40: =SUM(M32:M39) -> 0 | N40: =+K40-M40 -> 0 | O40: =SUM(O32:O39) -> 142.52817 | P40: =SUM(P32:P39) -> 118.84472 | Q40: =+P40-O40 -> -23.683442 | R40: =SUM(R32:R39) -> 165.97438 | S40: =+P40-R40 -> -47.129656 | T40: =SUM(T32:T39) -> -1226.9421 | U40: =SUM(U32:U39) -> -1704.9648 | V40: =+U40-T40 -> -478.02269 | W40: =SUM(W32:W39) -> -574.50853 | X40: =+U40-W40 -> -1130.4562
U41: 19 | V41: 12.4
G42: =+P42/O42 -> 0.79915121 | H42: 합계 | O42: =+O27+O31+O40 -> 32636.536 | P42: =+P27+P31+P40 -> 26081.527 | Q42: =+P42-O42 -> -6555.0086 | R42: =+R27+R31+R40 -> 24671.093 | S42: =+P42-R42 -> 1410.4344 | T42: =+T27+T31+T40 -> 2546.3151 | U42: =+U27+U31+U40 -> -717.06976 | V42: =+U42-T42 -> -3263.3849 | W42: =+W27+W31+W40 -> 845.24636 | X42: =+U42-W42 -> -1562.3161
G43: =+U42/T42 -> -0.28161077 | P43: =+P42/O42 -> 0.79915121 | R43: =+P42/R42 -> 1.0571695 | T43: =+T42/O42 -> 0.078020387 | U43: =+U42/P42 -> -0.027493396
F45: =+#REF!/#REF! -> #REF! | G45: =+#REF!/#REF! -> #REF! | I45: 확인 | J45: =+'[1]9월'!$Z$7/1000 -> 300 | K45: =+'[2]9월'!$AI$7/1000 -> 250.341 | M45: =+'[3]9월'!$Z$7/1000 -> 236.2843 | O45: =('[1]9월'!$E$8-'[1]9월'!$AA$8)/1000 -> 32636.536 | P45: =('[2]9월'!$F$8-'[2]9월'!$AO$8)/1000 -> 26081.527 | R45: =('[3]9월'!$F$8-'[3]9월'!$AO$8)/1000 -> 24671.093 | T45: =('[1]9월'!$E$26-'[1]9월'!$AA$26)/1000 -> 2546.3151 | U45: =('[2]9월'!$F$26-'[2]9월'!$AO$26)/1000 -> -717.06976 | W45: =('[3]9월'!$F$26-'[3]9월'!$AO$26)/1000 -> 845.24636
F46: =+K31/M31 -> 1.5819258 | G46: =+K31/J31 -> 0.70739111 | J46: =+J45-J27 -> 0 | K46: =+K45-K27 -> 0 | M46: =+M45-M27 -> 0 | O46: =+O45-O42 -> 0 | P46: =+P45-P42 -> 0 | R46: =+R45-R42 -> 0 | T46: =+T45-T42 -> -5.9117156e-12 | U46: =+U45-U42 -> 0 | W46: =+W45-W42 -> -9.094947e-13
T48: =+(T27+T34)/100 -> 22.750486 | U48: =+(U27+U34)/100 -> -4.0208217 | V48: =+U48-T48 -> -26.771308
T49: =+T31/100 -> 2.1862975 | U49: =+U31/100 -> 0.09202891 | V49: =+U49-T49 -> -2.0942686
T50: =+(T32+T33)/100 -> 1.2800715 | U50: =+(U32+U33)/100 -> 0.96156307 | V50: =+U50-T50 -> -0.31850841
T51: =+T42/100-T48-T49-T50 -> -0.75370363 | U51: =+U42/100-U48-U49-U50 -> -4.2034679 | V51: =+U51-T51 -> -3.4497642
T52: =+SUM(T48:T51) -> 25.463151 | U52: =+SUM(U48:U51) -> -7.1706976 | V52: =+U52-T52 -> -32.633849

Sheet 사업장별(누계)_건자재제외
H3: □ 사업장별 손익실적(2025-09누계)_건자재 제외
AG4: [단위 : 천㎥, 톤, 백만원]
H5: 구분 | J5: 물량 | O5: 매출 | T5: 영업이익(공통비 배부전) | Y5: 판매단가 | AB5: 변동비 | AE5: 공헌이익
A6: 2024년 9월누계 마감 손익 | J6: 계획 | K6: 실적 | L6: 차이 | M6: 전년 | N6: 차이 | O6: 계획 | P6: 실적 | Q6: 차이 | R6: 전년 | S6: 차이 | T6: 계획 | U6: 실적 | V6: 차이 | W6: 전년 | X6: 차이 | Y6: 계획 | Z6: 실적 | AA6: 전년 | AB6: 계획 | AC6: 실적 | AD6: 전년 | AE6: 계획 | AF6: 실적 | AG6: 전년
B7: 안양 | G7: =+I7 -> 안양 | H7: 레미콘 | I7: 안양 | J7: =+IFERROR(HLOOKUP($B7,'[1]9월누계'!$D$6:$BN$259,2,),)/1000 -> 343 | K7: =+IFERROR(HLOOKUP($B7,'[2]9월누계'!$F$6:$CP$99,2,),)/1000 -> 293.433 | L7: =+K7-J7 -> -49.567 | M7: =+IFERROR(HLOOKUP($B7,'[3]9월누계'!$F$6:$CC$57,2,),)/1000 -> 334.616 | N7: =+K7-M7 -> -41.183 | O7: =+IFERROR(HLOOKUP($B7,'[1]9월누계'!$D$6:$BN$259,3,),)/1000 -> 33933.587 | P7: =+IFERROR(HLOOKUP($B7,'[2]9월누계'!$F$6:$CP$99,3,),)/1000 -> 28252.419 | Q7: =+P7-O7 -> -5681.1681 | R7: =+IFERROR(HLOOKUP($B7,'[3]9월누계'!$F$6:$CC$57,3,),)/1000 -> 33357.438 | S7: =+P7-R7 -> -5105.0193 | T7: =+IFERROR(HLOOKUP($B7,'[1]9월누계'!$D$6:$BN$259,16,),)/1000 -> 3111.4304 | U7: =+IFERROR(HLOOKUP($B7,'[2]9월누계'!$F$6:$CP$99,16,),)/1000 -> 1943.5608 | V7: =+U7-T7 -> -1167.8696 | W7: =+IFERROR(HLOOKUP($B7,'[3]9월누계'!$F$6:$CC$57,16,),)/1000 -> 3343.7299 | X7: =+U7-W7 -> -1400.1692 | Y7: =+[12]안양!$Q$85 -> 98931.74 | Z7: =+[12]안양!$R$85 -> 96270.557 | AA7: =+[13]안양!$Q$85 -> 99684.172 | AB7: =+[12]안양!$Q$89 -> 81672.589 | AC7: =+[12]안양!$R$89 -> 79937.523 | AD7: =+[13]안양!$Q$89 -> 81441.595 | AE7: =+Y7-AB7 -> 17259.151 | AF7: =+Z7-AC7 -> 16333.034 | AG7: =+AA7-AD7 -> 18242.577 | AI7: =+K7/J7 -> 0.8554898
B8: 인천 | G8: =+I8 -> 인천 | H8: 직영 | I8: 인천 | J8: =+IFERROR(HLOOKUP($B8,'[1]9월누계'!$D$6:$BN$259,2,),)/1000 -> 250 | K8: =+IFERROR(HLOOKUP($B8,'[2]9월누계'!$F$6:$CP$99,2,),)/1000 -> 245.794 | L8: =+K8-J8 -> -4.206 | M8: =+IFERROR(HLOOKUP($B8,'[3]9월누계'!$F$6:$CC$57,2,),)/1000 -> 240.614 | N8: =+K8-M8 -> 5.18 | O8: =+IFERROR(HLOOKUP($B8,'[1]9월누계'!$D$6:$BN$259,3,),)/1000 -> 24695.04 | P8: =+IFERROR(HLOOKUP($B8,'[2]9월누계'!$F$6:$CP$99,3,),)/1000 -> 23901.609 | Q8: =+P8-O8 -> -793.4305 | R8: =+IFERROR(HLOOKUP($B8,'[3]9월누계'!$F$6:$CC$57,3,),)/1000 -> 24052.031 | S8: =+P8-R8 -> -150.42152 | T8: =+IFERROR(HLOOKUP($B8,'[1]9월누계'!$D$6:$BN$259,16,),)/1000 -> 1248.016 | U8: =+IFERROR(HLOOKUP($B8,'[2]9월누계'!$F$6:$CP$99,16,),)/1000 -> 248.33137 | V8: =+U8-T8 -> -999.68461 | W8: =+IFERROR(HLOOKUP($B8,'[3]9월누계'!$F$6:$CC$57,16,),)/1000 -> 1598.468 | X8: =+U8-W8 -> -1350.1366 | Y8: =+[12]인천!$Q$85 -> 98780.159 | Z8: =+[12]인천!$R$85 -> 97304.328 | AA8: =+[13]인천!$Q$85 -> 99965.701 | AB8: =+[12]인천!$Q$89 -> 82800.8 | AC8: =+[12]인천!$R$89 -> 84427.62 | AD8: =+[13]인천!$Q$89 -> 82345.503 | AE8: =+Y8-AB8 -> 15979.358 | AF8: =+Z8-AC8 -> 12876.708 | AG8: =+AA8-AD8 -> 17620.198 | AI8: =+K8/J8 -> 0.983176
B9: 파주 | G9: =+I9 -> 파주 | I9: 파주 | J9: =+IFERROR(HLOOKUP($B9,'[1]9월누계'!$D$6:$BN$259,2,),)/1000 -> 185 | K9: =+IFERROR(HLOOKUP($B9,'[2]9월누계'!$F$6:$CP$99,2,),)/1000 -> 112.679 | L9: =+K9-J9 -> -72.321 | M9: =+IFERROR(HLOOKUP($B9,'[3]9월누계'!$F$6:$CC$57,2,),)/1000 -> 217.43 | N9: =+K9-M9 -> -104.751 | O9: =+IFERROR(HLOOKUP($B9,'[1]9월누계'!$D$6:$BN$259,3,),)/1000 -> 17869.379 | P9: =+IFERROR(HLOOKUP($B9,'[2]9월누계'!$F$6:$CP$99,3,),)/1000 -> 10469.361 | Q9: =+P9-O9 -> -7400.0181 | R9: =+IFERROR(HLOOKUP($B9,'[3]9월누계'!$F$6:$CC$57,3,),)/1000 -> 21232.173 | S9: =+P9-R9 -> -10762.812 | T9: =+IFERROR(HLOOKUP($B9,'[1]9월누계'!$D$6:$BN$259,16,),)/1000 -> 924.82778 | U9: =+IFERROR(HLOOKUP($B9,'[2]9월누계'!$F$6:$CP$99,16,),)/1000 -> -343.23294 | V9: =+U9-T9 -> -1268.0607 | W9: =+IFERROR(HLOOKUP($B9,'[3]9월누계'!$F$6:$CC$57,16,),)/1000 -> 1620.52 | X9: =+U9-W9 -> -1963.7529 | Y9: =+[12]파주!$Q$85 -> 96591.237 | Z9: =+[12]파주!$R$85 -> 92965.432 | AA9: =+[13]파주!$Q$85 -> 97669.562 | AB9: =+[12]파주!$Q$89 -> 80077.73 | AC9: =+[12]파주!$R$89 -> 78391.691 | AD9: =+[13]파주!$Q$89 -> 80630.911 | AE9: =+Y9-AB9 -> 16513.507 | AF9: =+Z9-AC9 -> 14573.741 | AG9: =+AA9-AD9 -> 17038.65 | AI9: =+K9/J9 -> 0.60907568
B10: 김포 | G10: =+I10 -> 김포 | I10: 김포 | J10: =+IFERROR(HLOOKUP($B10,'[1]9월누계'!$D$6:$BN$259,2,),)/1000 -> 125 | K10: =+IFERROR(HLOOKUP($B10,'[2]9월누계'!$F$6:$CP$99,2,),)/1000 -> 89.80032 | L10: =+K10-J10 -> -35.19968 | M10: =+IFERROR(HLOOKUP($B10,'[3]9월누계'!$F$6:$CC$57,2,),)/1000 -> 102.5975 | N10: =+K10-M10 -> -12.79718 | O10: =+IFERROR(HLOOKUP($B10,'[1]9월누계'!$D$6:$BN$259,3,),)/1000 -> 11860.931 | P10: =+IFERROR(HLOOKUP($B10,'[2]9월누계'!$F$6:$CP$99,3,),)/1000 -> 8567.5376 | Q10: =+P10-O10 -> -3293.3936 | R10: =+IFERROR(HLOOKUP($B10,'[3]9월누계'!$F$6:$CC$57,3,),)/1000 -> 10047.479 | S10: =+P10-R10 -> -1479.9416 | T10: =+IFERROR(HLOOKUP($B10,'[1]9월누계'!$D$6:$BN$259,16,),)/1000 -> 771.50592 | U10: =+IFERROR(HLOOKUP($B10,'[2]9월누계'!$F$6:$CP$99,16,),)/1000 -> -50.408565 | V10: =+U10-T10 -> -821.91449 | W10: =+IFERROR(HLOOKUP($B10,'[3]9월누계'!$F$6:$CC$57,16,),)/1000 -> 861.13719 | X10: =+U10-W10 -> -911.54576 | Y10: =+[12]김포!$Q$85 -> 94887.45 | Z10: =+[12]김포!$R$85 -> 95483.473 | AA10: =+[13]김포!$Q$85 -> 97948.634 | AB10: =+[12]김포!$Q$89 -> 76078.519 | AC10: =+[12]김포!$R$89 -> 78322.444 | AD10: =+[13]김포!$Q$89 -> 75397.686 | AE10: =+Y10-AB10 -> 18808.931 | AF10: =+Z10-AC10 -> 17161.029 | AG10: =+AA10-AD10 -> 22550.947 | AI10: =+K10/J10 -> 0.71840256
B11: 부산 | G11: =+I11 -> 부산 | I11: 부산 | J11: =+IFERROR(HLOOKUP($B11,'[1]9월누계'!$D$6:$BN$259,2,),)/1000 -> 178 | K11: =+IFERROR(HLOOKUP($B11,'[2]9월누계'!$F$6:$CP$99,2,),)/1000 -> 177.587 | L11: =+K11-J11 -> -0.413 | M11: =+IFERROR(HLOOKUP($B11,'[3]9월누계'!$F$6:$CC$57,2,),)/1000 -> 180.4905 | N11: =+K11-M11 -> -2.9035 | O11: =+IFERROR(HLOOKUP($B11,'[1]9월누계'!$D$6:$BN$259,3,),)/1000 -> 19170.595 | P11: =+IFERROR(HLOOKUP($B11,'[2]9월누계'!$F$6:$CP$99,3,),)/1000 -> 19085.783 | Q11: =+P11-O11 -> -84.812272 | R11: =+IFERROR(HLOOKUP($B11,'[3]9월누계'!$F$6:$CC$57,3,),)/1000 -> 19514.875 | S11: =+P11-R11 -> -429.09179 | T11: =+IFERROR(HLOOKUP($B11,'[1]9월누계'!$D$6:$BN$259,16,),)/1000 -> 1630.3157 | U11: =+IFERROR(HLOOKUP($B11,'[2]9월누계'!$F$6:$CP$99,16,),)/1000 -> 1775.6783 | V11: =+U11-T11 -> 145.36261 | W11: =+IFERROR(HLOOKUP($B11,'[3]9월누계'!$F$6:$CC$57,16,),)/1000 -> 1993.2543 | X11: =+U11-W11 -> -217.57605 | Y11: =+[12]부산!$Q$85 -> 107699.97 | Z11: =+[12]부산!$R$85 -> 107472.86 | AA11: =+[13]부산!$Q$85 -> 108121.34 | AB11: =+[12]부산!$Q$89 -> 84778.082 | AC11: =+[12]부산!$R$89 -> 84504.505 | AD11: =+[13]부산!$Q$89 -> 83970.264 | AE11: =+Y11-AB11 -> 22921.89 | AF11: =+Z11-AC11 -> 22968.356 | AG11: =+AA11-AD11 -> 24151.075 | AI11: =+K11/J11 -> 0.99767978
B12: 서부산 | G12: =+I12 -> 서부산 | I12: 서부산 | J12: =+IFERROR(HLOOKUP($B12,'[1]9월누계'!$D$6:$BN$259,2,),)/1000 -> 175 | K12: =+IFERROR(HLOOKUP($B12,'[2]9월누계'!$F$6:$CP$99,2,),)/1000 -> 150.448 | L12: =+K12-J12 -> -24.552 | M12: =+IFERROR(HLOOKUP($B12,'[3]9월누계'!$F$6:$CC$57,2,),)/1000 -> 187.509 | N12: =+K12-M12 -> -37.061 | O12: =+IFERROR(HLOOKUP($B12,'[1]9월누계'!$D$6:$BN$259,3,),)/1000 -> 17377.499 | P12: =+IFERROR(HLOOKUP($B12,'[2]9월누계'!$F$6:$CP$99,3,),)/1000 -> 14719.935 | Q12: =+P12-O12 -> -2657.5639 | R12: =+IFERROR(HLOOKUP($B12,'[3]9월누계'!$F$6:$CC$57,3,),)/1000 -> 18965.682 | S12: =+P12-R12 -> -4245.747 | T12: =+IFERROR(HLOOKUP($B12,'[1]9월누계'!$D$6:$BN$259,16,),)/1000 -> 1633.6255 | U12: =+IFERROR(HLOOKUP($B12,'[2]9월누계'!$F$6:$CP$99,16,),)/1000 -> 1008.0573 | V12: =+U12-T12 -> -625.56821 | W12: =+IFERROR(HLOOKUP($B12,'[3]9월누계'!$F$6:$CC$57,16,),)/1000 -> 2157.998 | X12: =+U12-W12 -> -1149.9408 | Y12: =+[12]서부산!$Q$85 -> 99299.993 | Z12: =+[12]서부산!$R$85 -> 97884.636 | AA12: =+[13]서부산!$Q$85 -> 101146.84 | AB12: =+[12]서부산!$Q$89 -> 78152.267 | AC12: =+[12]서부산!$R$89 -> 77536.31 | AD12: =+[13]서부산!$Q$89 -> 78909.296 | AE12: =+Y12-AB12 -> 21147.726 | AF12: =+Z12-AC12 -> 20348.326 | AG12: =+AA12-AD12 -> 22237.543 | AI12: =+K12/J12 -> 0.85970286
B13: 김해 | G13: =+I13 -> 김해 | I13: 김해 | J13: =+IFERROR(HLOOKUP($B13,'[1]9월누계'!$D$6:$BN$259,2,),)/1000 -> 122 | K13: =+IFERROR(HLOOKUP($B13,'[2]9월누계'!$F$6:$CP$99,2,),)/1000 -> 77.292 | L13: =+K13-J13 -> -44.708 | M13: =+IFERROR(HLOOKUP($B13,'[3]9월누계'!$F$6:$CC$57,2,),)/1000 -> 120.628 | N13: =+K13-M13 -> -43.336 | O13: =+IFERROR(HLOOKUP($B13,'[1]9월누계'!$D$6:$BN$259,3,),)/1000 -> 11748.586 | P13: =+IFERROR(HLOOKUP($B13,'[2]9월누계'!$F$6:$CP$99,3,),)/1000 -> 6932.4716 | Q13: =+P13-O13 -> -4816.1142 | R13: =+IFERROR(HLOOKUP($B13,'[3]9월누계'!$F$6:$CC$57,3,),)/1000 -> 11543.275 | S13: =+P13-R13 -> -4610.8033 | T13: =+IFERROR(HLOOKUP($B13,'[1]9월누계'!$D$6:$BN$259,16,),)/1000 -> 1009.2323 | U13: =+IFERROR(HLOOKUP($B13,'[2]9월누계'!$F$6:$CP$99,16,),)/1000 -> -308.43197 | V13: =+U13-T13 -> -1317.6643 | W13: =+IFERROR(HLOOKUP($B13,'[3]9월누계'!$F$6:$CC$57,16,),)/1000 -> 709.65761 | X13: =+U13-W13 -> -1018.0896 | Y13: =+[12]김해!$Q$85 -> 96299.884 | Z13: =+[12]김해!$R$85 -> 89655.117 | AA13: =+[13]김해!$Q$85 -> 95792.183 | AB13: =+[12]김해!$Q$89 -> 76650.364 | AC13: =+[12]김해!$R$89 -> 76602.044 | AD13: =+[13]김해!$Q$89 -> 78786.827 | AE13: =+Y13-AB13 -> 19649.52 | AF13: =+Z13-AC13 -> 13053.073 | AG13: =+AA13-AD13 -> 17005.356 | AI13: =+K13/J13 -> 0.63354098
B14: 정관 | G14: =+I14 -> 정관 | I14: 정관 | J14: =+IFERROR(HLOOKUP($B14,'[1]9월누계'!$D$6:$BN$259,2,),)/1000 -> 170 | K14: =+IFERROR(HLOOKUP($B14,'[2]9월누계'!$F$6:$CP$99,2,),)/1000 -> 195.262 | L14: =+K14-J14 -> 25.262 | M14: =+IFERROR(HLOOKUP($B14,'[3]9월누계'!$F$6:$CC$57,2,),)/1000 -> 175.4335 | N14: =+K14-M14 -> 19.8285 | O14: =+IFERROR(HLOOKUP($B14,'[1]9월누계'!$D$6:$BN$259,3,),)/1000 -> 17339.982 | P14: =+IFERROR(HLOOKUP($B14,'[2]9월누계'!$F$6:$CP$99,3,),)/1000 -> 19447.451 | Q14: =+P14-O14 -> 2107.4696 | R14: =+IFERROR(HLOOKUP($B14,'[3]9월누계'!$F$6:$CC$57,3,),)/1000 -> 17795.158 | S14: =+P14-R14 -> 1652.2929 | T14: =+IFERROR(HLOOKUP($B14,'[1]9월누계'!$D$6:$BN$259,16,),)/1000 -> 1420.3153 | U14: =+IFERROR(HLOOKUP($B14,'[2]9월누계'!$F$6:$CP$99,16,),)/1000 -> 1637.4455 | V14: =+U14-T14 -> 217.13018 | W14: =+IFERROR(HLOOKUP($B14,'[3]9월누계'!$F$6:$CC$57,16,),)/1000 -> 1600.251 | X14: =+U14-W14 -> 37.194519 | Y14: =+[12]정관!$Q$85 -> 101999.89 | Z14: =+[12]정관!$R$85 -> 99613.26 | AA14: =+[13]정관!$Q$85 -> 101435.35 | AB14: =+[12]정관!$Q$89 -> 82161.568 | AC14: =+[12]정관!$R$89 -> 81683.467 | AD14: =+[13]정관!$Q$89 -> 81822.969 | AE14: =+Y14-AB14 -> 19838.325 | AF14: =+Z14-AC14 -> 17929.793 | AG14: =+AA14-AD14 -> 19612.38 | AI14: =+K14/J14 -> 1.1486
B15: 양산 | G15: =+I15 -> 양산 | I15: 양산 | J15: =+IFERROR(HLOOKUP($B15,'[1]9월누계'!$D$6:$BN$259,2,),)/1000 -> 102 | K15: =+IFERROR(HLOOKUP($B15,'[2]9월누계'!$F$6:$CP$99,2,),)/1000 -> 64.524 | L15: =+K15-J15 -> -37.476 | M15: =+IFERROR(HLOOKUP($B15,'[3]9월누계'!$F$6:$CC$57,2,),)/1000 -> 112.781 | N15: =+K15-M15 -> -48.257 | O15: =+IFERROR(HLOOKUP($B15,'[1]9월누계'!$D$6:$BN$259,3,),)/1000 -> 9642.7885 | P15: =+IFERROR(HLOOKUP($B15,'[2]9월누계'!$F$6:$CP$99,3,),)/1000 -> 5974.348 | Q15: =+P15-O15 -> -3668.4405 | R15: =+IFERROR(HLOOKUP($B15,'[3]9월누계'!$F$6:$CC$57,3,),)/1000 -> 10439.652 | S15: =+P15-R15 -> -4465.3042 | T15: =+IFERROR(HLOOKUP($B15,'[1]9월누계'!$D$6:$BN$259,16,),)/1000 -> 803.93013 | U15: =+IFERROR(HLOOKUP($B15,'[2]9월누계'!$F$6:$CP$99,16,),)/1000 -> -32.841495 | V15: =+U15-T15 -> -836.77163 | W15: =+IFERROR(HLOOKUP($B15,'[3]9월누계'!$F$6:$CC$57,16,),)/1000 -> 933.80031 | X15: =+U15-W15 -> -966.64181 | Y15: =+[12]양산!$Q$85 -> 94537.142 | Z15: =+[12]양산!$R$85 -> 92573.856 | AA15: =+[13]양산!$Q$85 -> 92565.7 | AB15: =+[12]양산!$Q$89 -> 73816.914 | AC15: =+[12]양산!$R$89 -> 73300.907 | AD15: =+[13]양산!$Q$89 -> 73029.103 | AE15: =+Y15-AB15 -> 20720.228 | AF15: =+Z15-AC15 -> 19272.949 | AG15: =+AA15-AD15 -> 19536.597 | AI15: =+K15/J15 -> 0.63258824
B16: 창원 | G16: =+I16 -> 창원 | I16: 창원 | J16: =+IFERROR(HLOOKUP($B16,'[1]9월누계'!$D$6:$BN$259,2,),)/1000 -> 104 | K16: =+IFERROR(HLOOKUP($B16,'[2]9월누계'!$F$6:$CP$99,2,),)/1000 -> 84.364 | L16: =+K16-J16 -> -19.636 | M16: =+IFERROR(HLOOKUP($B16,'[3]9월누계'!$F$6:$CC$57,2,),)/1000 -> 156.0695 | N16: =+K16-M16 -> -71.7055 | O16: =+IFERROR(HLOOKUP($B16,'[1]9월누계'!$D$6:$BN$259,3,),)/1000 -> 10475.229 | P16: =+IFERROR(HLOOKUP($B16,'[2]9월누계'!$F$6:$CP$99,3,),)/1000 -> 8071.3037 | Q16: =+P16-O16 -> -2403.9254 | R16: =+IFERROR(HLOOKUP($B16,'[3]9월누계'!$F$6:$CC$57,3,),)/1000 -> 15834.131 | S16: =+P16-R16 -> -7762.8273 | T16: =+IFERROR(HLOOKUP($B16,'[1]9월누계'!$D$6:$BN$259,16,),)/1000 -> 851.69278 | U16: =+IFERROR(HLOOKUP($B16,'[2]9월누계'!$F$6:$CP$99,16,),)/1000 -> 279.17026 | V16: =+U16-T16 -> -572.52252 | W16: =+IFERROR(HLOOKUP($B16,'[3]9월누계'!$F$6:$CC$57,16,),)/1000 -> 2362.1912 | X16: =+U16-W16 -> -2083.0209 | Y16: =+[12]창원!$Q$85 -> 100723.36 | Z16: =+[12]창원!$R$85 -> 95672.368 | AA16: =+[13]창원!$Q$85 -> 101455.64 | AB16: =+[12]창원!$Q$89 -> 76030.871 | AC16: =+[12]창원!$R$89 -> 73119.146 | AD16: =+[13]창원!$Q$89 -> 74911.761 | AE16: =+Y16-AB16 -> 24692.486 | AF16: =+Z16-AC16 -> 22553.223 | AG16: =+AA16-AD16 -> 26543.878 | AI16: =+K16/J16 -> 0.81119231
B17: 대구 | G17: =+I17 -> 대구 | I17: 대구 | J17: =+IFERROR(HLOOKUP($B17,'[1]9월누계'!$D$6:$BN$259,2,),)/1000 -> 109 | K17: =+IFERROR(HLOOKUP($B17,'[2]9월누계'!$F$6:$CP$99,2,),)/1000 -> 91.383 | L17: =+K17-J17 -> -17.617 | M17: =+IFERROR(HLOOKUP($B17,'[3]9월누계'!$F$6:$CC$57,2,),)/1000 -> 140.243 | N17: =+K17-M17 -> -48.86 | O17: =+IFERROR(HLOOKUP($B17,'[1]9월누계'!$D$6:$BN$259,3,),)/1000 -> 10578.097 | P17: =+IFERROR(HLOOKUP($B17,'[2]9월누계'!$F$6:$CP$99,3,),)/1000 -> 8113.8677 | Q17: =+P17-O17 -> -2464.2291 | R17: =+IFERROR(HLOOKUP($B17,'[3]9월누계'!$F$6:$CC$57,3,),)/1000 -> 14137.288 | S17: =+P17-R17 -> -6023.4208 | T17: =+IFERROR(HLOOKUP($B17,'[1]9월누계'!$D$6:$BN$259,16,),)/1000 -> 965.08074 | U17: =+IFERROR(HLOOKUP($B17,'[2]9월누계'!$F$6:$CP$99,16,),)/1000 -> 84.779201 | V17: =+U17-T17 -> -880.30154 | W17: =+IFERROR(HLOOKUP($B17,'[3]9월누계'!$F$6:$CC$57,16,),)/1000 -> 2116.0697 | X17: =+U17-W17 -> -2031.2905 | Y17: =+[12]대구!$Q$85 -> 97046.759 | Z17: =+[12]대구!$R$85 -> 88812.053 | AA17: =+[13]대구!$Q$85 -> 100805.66 | AB17: =+[12]대구!$Q$89 -> 73065.938 | AC17: =+[12]대구!$R$89 -> 72757.336 | AD17: =+[13]대구!$Q$89 -> 74446.445 | AE17: =+Y17-AB17 -> 23980.822 | AF17: =+Z17-AC17 -> 16054.718 | AG17: =+AA17-AD17 -> 26359.217 | AI17: =+K17/J17 -> 0.83837615
B18: 울산 | G18: =+I18 -> 울산 | I18: 울산 | J18: =+IFERROR(HLOOKUP($B18,'[1]9월누계'!$D$6:$BN$259,2,),)/1000 -> 107 | K18: =+IFERROR(HLOOKUP($B18,'[2]9월누계'!$F$6:$CP$99,2,),)/1000 -> 100.3595 | L18: =+K18-J18 -> -6.6405 | M18: =+IFERROR(HLOOKUP($B18,'[3]9월누계'!$F$6:$CC$57,2,),)/1000 -> 94.507 | N18: =+K18-M18 -> 5.8525 | O18: =+IFERROR(HLOOKUP($B18,'[1]9월누계'!$D$6:$BN$259,3,),)/1000 -> 10942.672 | P18: =+IFERROR(HLOOKUP($B18,'[2]9월누계'!$F$6:$CP$99,3,),)/1000 -> 10464.858 | Q18: =+P18-O18 -> -477.81353 | R18: =+IFERROR(HLOOKUP($B18,'[3]9월누계'!$F$6:$CC$57,3,),)/1000 -> 9827.7895 | S18: =+P18-R18 -> 637.06893 | T18: =+IFERROR(HLOOKUP($B18,'[1]9월누계'!$D$6:$BN$259,16,),)/1000 -> 811.41718 | U18: =+IFERROR(HLOOKUP($B18,'[2]9월누계'!$F$6:$CP$99,16,),)/1000 -> 884.60064 | V18: =+U18-T18 -> 73.183461 | W18: =+IFERROR(HLOOKUP($B18,'[3]9월누계'!$F$6:$CC$57,16,),)/1000 -> 1080.4193 | X18: =+U18-W18 -> -195.81871 | Y18: =+[12]울산!$Q$85 -> 102267.96 | Z18: =+[12]울산!$R$85 -> 104273.72 | AA18: =+[13]울산!$Q$85 -> 103990.07 | AB18: =+[12]울산!$Q$89 -> 81930.011 | AC18: =+[12]울산!$R$89 -> 82114.199 | AD18: =+[13]울산!$Q$89 -> 80241.741 | AE18: =+Y18-AB18 -> 20337.952 | AF18: =+Z18-AC18 -> 22159.521 | AG18: =+AA18-AD18 -> 23748.329 | AI18: =+K18/J18 -> 0.93793925
B19: 아산 | G19: =+I19 -> 아산 | I19: 아산 | J19: =+IFERROR(HLOOKUP($B19,'[1]9월누계'!$D$6:$BN$259,2,),)/1000 -> 198 | K19: =+IFERROR(HLOOKUP($B19,'[2]9월누계'!$F$6:$CP$99,2,),)/1000 -> 188.081 | L19: =+K19-J19 -> -9.919 | M19: =+IFERROR(HLOOKUP($B19,'[3]9월누계'!$F$6:$CC$57,2,),)/1000 -> 231.919 | N19: =+K19-M19 -> -43.838 | O19: =+IFERROR(HLOOKUP($B19,'[1]9월누계'!$D$6:$BN$259,3,),)/1000 -> 20394 | P19: =+IFERROR(HLOOKUP($B19,'[2]9월누계'!$F$6:$CP$99,3,),)/1000 -> 18111.735 | Q19: =+P19-O19 -> -2282.2652 | R19: =+IFERROR(HLOOKUP($B19,'[3]9월누계'!$F$6:$CC$57,3,),)/1000 -> 23496.461 | S19: =+P19-R19 -> -5384.7263 | T19: =+IFERROR(HLOOKUP($B19,'[1]9월누계'!$D$6:$BN$259,16,),)/1000 -> 2582.8281 | U19: =+IFERROR(HLOOKUP($B19,'[2]9월누계'!$F$6:$CP$99,16,),)/1000 -> 775.93852 | V19: =+U19-T19 -> -1806.8895 | W19: =+IFERROR(HLOOKUP($B19,'[3]9월누계'!$F$6:$CC$57,16,),)/1000 -> 3364.5258 | X19: =+U19-W19 -> -2588.5873 | Y19: =+[12]아산!$Q$85 -> 103000 | Z19: =+[12]아산!$R$85 -> 96285.55 | AA19: =+[13]아산!$Q$85 -> 101260.31 | AB19: =+[12]아산!$Q$89 -> 78430.652 | AC19: =+[12]아산!$R$89 -> 80648.05 | AD19: =+[13]아산!$Q$89 -> 76950.847 | AE19: =+Y19-AB19 -> 24569.348 | AF19: =+Z19-AC19 -> 15637.501 | AG19: =+AA19-AD19 -> 24309.459 | AI19: =+K19/J19 -> 0.94990404
B20: 전주 | G20: =+I20 -> 전주 | I20: 전주 | J20: =+IFERROR(HLOOKUP($B20,'[1]9월누계'!$D$6:$BN$259,2,),)/1000 -> 95 | K20: =+IFERROR(HLOOKUP($B20,'[2]9월누계'!$F$6:$CP$99,2,),)/1000 -> 113.8885 | L20: =+K20-J20 -> 18.8885 | M20: =+IFERROR(HLOOKUP($B20,'[3]9월누계'!$F$6:$CC$57,2,),)/1000 -> 75.4805 | N20: =+K20-M20 -> 38.408 | O20: =+IFERROR(HLOOKUP($B20,'[1]9월누계'!$D$6:$BN$259,3,),)/1000 -> 9337.692 | P20: =+IFERROR(HLOOKUP($B20,'[2]9월누계'!$F$6:$CP$99,3,),)/1000 -> 11077.997 | Q20: =+P20-O20 -> 1740.3046 | R20: =+IFERROR(HLOOKUP($B20,'[3]9월누계'!$F$6:$CC$57,3,),)/1000 -> 7271.5489 | S20: =+P20-R20 -> 3806.4477 | T20: =+IFERROR(HLOOKUP($B20,'[1]9월누계'!$D$6:$BN$259,16,),)/1000 -> 996.57497 | U20: =+IFERROR(HLOOKUP($B20,'[2]9월누계'!$F$6:$CP$99,16,),)/1000 -> 1109.4876 | V20: =+U20-T20 -> 112.91266 | W20: =+IFERROR(HLOOKUP($B20,'[3]9월누계'!$F$6:$CC$57,16,),)/1000 -> 513.82139 | X20: =+U20-W20 -> 595.66623 | Y20: =+[12]전주!$Q$85 -> 98291.494 | Z20: =+[12]전주!$R$85 -> 97270.562 | AA20: =+[13]전주!$Q$85 -> 96338.476 | AB20: =+[12]전주!$Q$89 -> 73170.209 | AC20: =+[12]전주!$R$89 -> 75316.488 | AD20: =+[13]전주!$Q$89 -> 71733.33 | AE20: =+Y20-AB20 -> 25121.285 | AF20: =+Z20-AC20 -> 21954.074 | AG20: =+AA20-AD20 -> 24605.146 | AI20: =+K20/J20 -> 1.1988263
B21: 군산 | G21: =+I21 -> 군산 | I21: 군산 | J21: =+IFERROR(HLOOKUP($B21,'[1]9월누계'!$D$6:$BN$259,2,),)/1000 -> 62.5 | K21: =+IFERROR(HLOOKUP($B21,'[2]9월누계'!$F$6:$CP$99,2,),)/1000 -> 44.5455 | L21: =+K21-J21 -> -17.9545 | M21: =+IFERROR(HLOOKUP($B21,'[3]9월누계'!$F$6:$CC$57,2,),)/1000 -> 76.5635 | N21: =+K21-M21 -> -32.018 | O21: =+IFERROR(HLOOKUP($B21,'[1]9월누계'!$D$6:$BN$259,3,),)/1000 -> 6935.6092 | P21: =+IFERROR(HLOOKUP($B21,'[2]9월누계'!$F$6:$CP$99,3,),)/1000 -> 4899.0927 | Q21: =+P21-O21 -> -2036.5165 | R21: =+IFERROR(HLOOKUP($B21,'[3]9월누계'!$F$6:$CC$57,3,),)/1000 -> 8684.7115 | S21: =+P21-R21 -> -3785.6188 | T21: =+IFERROR(HLOOKUP($B21,'[1]9월누계'!$D$6:$BN$259,16,),)/1000 -> 1634.8092 | U21: =+IFERROR(HLOOKUP($B21,'[2]9월누계'!$F$6:$CP$99,16,),)/1000 -> 912.85209 | V21: =+U21-T21 -> -721.9571 | W21: =+IFERROR(HLOOKUP($B21,'[3]9월누계'!$F$6:$CC$57,16,),)/1000 -> 2422.0773 | X21: =+U21-W21 -> -1509.2252 | Y21: =+[12]군산!$Q$85 -> 110969.75 | Z21: =+[12]군산!$R$85 -> 109962.98 | AA21: =+[13]군산!$Q$85 -> 113449.1 | AB21: =+[12]군산!$Q$89 -> 72593.978 | AC21: =+[12]군산!$R$89 -> 72408.715 | AD21: =+[13]군산!$Q$89 -> 72317.711 | AE21: =+Y21-AB21 -> 38375.769 | AF21: =+Z21-AC21 -> 37554.267 | AG21: =+AA21-AD21 -> 41131.387 | AI21: =+K21/J21 -> 0.712728
B22: 원주 | G22: =+I22 -> 원주 | I22: 원주 | J22: =+IFERROR(HLOOKUP($B22,'[1]9월누계'!$D$6:$BN$259,2,),)/1000 -> 40 | K22: =+IFERROR(HLOOKUP($B22,'[2]9월누계'!$F$6:$CP$99,2,),)/1000 -> 23.686 | L22: =+K22-J22 -> -16.314 | M22: =+IFERROR(HLOOKUP($B22,'[3]9월누계'!$F$6:$CC$57,2,),)/1000 -> 50.373 | N22: =+K22-M22 -> -26.687 | O22: =+IFERROR(HLOOKUP($B22,'[1]9월누계'!$D$6:$BN$259,3,),)/1000 -> 4480 | P22: =+IFERROR(HLOOKUP($B22,'[2]9월누계'!$F$6:$CP$99,3,),)/1000 -> 2579.1359 | Q22: =+P22-O22 -> -1900.8641 | R22: =+IFERROR(HLOOKUP($B22,'[3]9월누계'!$F$6:$CC$57,3,),)/1000 -> 5665.3094 | S22: =+P22-R22 -> -3086.1735 | T22: =+IFERROR(HLOOKUP($B22,'[1]9월누계'!$D$6:$BN$259,16,),)/1000 -> 699.09406 | U22: =+IFERROR(HLOOKUP($B22,'[2]9월누계'!$F$6:$CP$99,16,),)/1000 -> 82.862911 | V22: =+U22-T22 -> -616.23114 | W22: =+IFERROR(HLOOKUP($B22,'[3]9월누계'!$F$6:$CC$57,16,),)/1000 -> 1128.7028 | X22: =+U22-W22 -> -1045.8399 | Y22: =+[12]원주!$Q$85 -> 112000 | Z22: =+[12]원주!$R$85 -> 108890.34 | AA22: =+[13]원주!$Q$85 -> 112473.28 | AB22: =+[12]원주!$Q$89 -> 73330.31 | AC22: =+[12]원주!$R$89 -> 71727.812 | AD22: =+[13]원주!$Q$89 -> 73811.468 | AE22: =+Y22-AB22 -> 38669.69 | AF22: =+Z22-AC22 -> 37162.53 | AG22: =+AA22-AD22 -> 38661.808 | AI22: =+K22/J22 -> 0.59215
B23: 제주 | G23: =+I23 -> 제주 | I23: 제주 | J23: =+IFERROR(HLOOKUP($B23,'[1]9월누계'!$D$6:$BN$259,2,),)/1000 -> 73 | K23: =+IFERROR(HLOOKUP($B23,'[2]9월누계'!$F$6:$CP$99,2,),)/1000 -> 50.282 | L23: =+K23-J23 -> -22.718 | M23: =+IFERROR(HLOOKUP($B23,'[3]9월누계'!$F$6:$CC$57,2,),)/1000 -> 31.4585 | N23: =+K23-M23 -> 18.8235 | O23: =+IFERROR(HLOOKUP($B23,'[1]9월누계'!$D$6:$BN$259,3,),)/1000 -> 8968.9285 | P23: =+IFERROR(HLOOKUP($B23,'[2]9월누계'!$F$6:$CP$99,3,),)/1000 -> 6189.5569 | Q23: =+P23-O23 -> -2779.3716 | R23: =+IFERROR(HLOOKUP($B23,'[3]9월누계'!$F$6:$CC$57,3,),)/1000 -> 3929.3066 | S23: =+P23-R23 -> 2260.2503 | T23: =+IFERROR(HLOOKUP($B23,'[1]9월누계'!$D$6:$BN$259,16,),)/1000 -> 1443.0501 | U23: =+IFERROR(HLOOKUP($B23,'[2]9월누계'!$F$6:$CP$99,16,),)/1000 -> 632.62419 | V23: =+U23-T23 -> -810.42593 | W23: =+IFERROR(HLOOKUP($B23,'[3]9월누계'!$F$6:$CC$57,16,),)/1000 -> 325.24142 | X23: =+U23-W23 -> 307.38277 | Y23: =+[12]제주!$Q$85 -> 122862.03 | Z23: =+[12]제주!$R$85 -> 122898.3 | AA23: =+[13]제주!$Q$85 -> 124904.45 | AB23: =+[12]제주!$Q$89 -> 91083.113 | AC23: =+[12]제주!$R$89 -> 92689.849 | AD23: =+[13]제주!$Q$89 -> 89107.933 | AE23: =+Y23-AB23 -> 31778.922 | AF23: =+Z23-AC23 -> 30208.452 | AG23: =+AA23-AD23 -> 35796.514 | AI23: =+K23/J23 -> 0.68879452
F24: =+K24/J24 -> 0.8213802 | G24: =+I24 -> 수도권 | I24: 수도권 | J24: =SUM(J7:J10) -> 903 | K24: =SUM(K7:K10) -> 741.70632 | L24: =+K24-J24 -> -161.29368 | M24: =SUM(M7:M10) -> 895.2575 | N24: =+K24-M24 -> -153.55118 | O24: =SUM(O7:O10) -> 88358.937 | P24: =SUM(P7:P10) -> 71190.926 | Q24: =+P24-O24 -> -17168.01 | R24: =SUM(R7:R10) -> 88689.121 | S24: =+P24-R24 -> -17498.194 | T24: =SUM(T7:T10) -> 6055.7801 | U24: =SUM(U7:U10) -> 1798.2506 | V24: =+U24-T24 -> -4257.5294 | W24: =SUM(W7:W10) -> 7423.8551 | X24: =+U24-W24 -> -5625.6045 | Y24: =+[12]수도권!$Q$85 -> 97850.428 | Z24: =+[12]수도권!$R$85 -> 96020.177 | AA24: =+[13]수도권!$Q$85 -> 99076.406 | AB24: =+[12]수도권!$Q$89 -> 80883.824 | AC24: =+[12]수도권!$R$89 -> 80999.559 | AD24: =+[13]수도권!$Q$89 -> 80800.205 | AE24: =+Y24-AB24 -> 16966.604 | AF24: =+Z24-AC24 -> 15020.618 | AG24: =+AA24-AD24 -> 18276.201 | AI24: =+K24/J24 -> 0.8213802 | AK24: =+U24/T24 -> 0.29694781
F25: =+K25/J25 -> 0.88211762 | G25: =+I25 -> 영남권 | I25: 영남권 | J25: =SUM(J11:J18) -> 1067 | K25: =SUM(K11:K18) -> 941.2195 | L25: =+K25-J25 -> -125.7805 | M25: =SUM(M11:M18) -> 1167.6615 | N25: =+K25-M25 -> -226.442 | O25: =SUM(O11:O18) -> 107275.45 | P25: =SUM(P11:P18) -> 92810.018 | Q25: =+P25-O25 -> -14465.429 | R25: =SUM(R11:R18) -> 118057.85 | S25: =+P25-R25 -> -25247.833 | T25: =SUM(T11:T18) -> 9125.6096 | U25: =SUM(U11:U18) -> 5328.4576 | V25: =+U25-T25 -> -3797.1519 | W25: =SUM(W11:W18) -> 12953.641 | X25: =+U25-W25 -> -7625.1838 | Y25: =+[12]영남권!$Q$85 -> 100539.31 | Z25: =+[12]영남권!$R$85 -> 98629.965 | AA25: =+[13]영남권!$Q$85 -> 101125.79 | AB25: =+[12]영남권!$Q$89 -> 78962.69 | AC25: =+[12]영남권!$R$89 -> 78970.313 | AD25: =+[13]영남권!$Q$89 -> 78591.615 | AE25: =+Y25-AB25 -> 21576.624 | AF25: =+Z25-AC25 -> 19659.653 | AG25: =+AA25-AD25 -> 22534.178 | AI25: =+K25/J25 -> 0.88211762 | AK25: =+U25/T25 -> 0.58390156
F26: =+K26/J26 -> 0.89750907 | G26: =+I26 -> 중부권 | I26: 중부권 | J26: =SUM(J19:J23) -> 468.5 | K26: =SUM(K19:K23) -> 420.483 | L26: =+K26-J26 -> -48.017 | M26: =SUM(M19:M23) -> 465.7945 | N26: =+K26-M26 -> -45.3115 | O26: =SUM(O19:O23) -> 50116.23 | P26: =SUM(P19:P23) -> 42857.517 | Q26: =+P26-O26 -> -7258.7127 | R26: =SUM(R19:R23) -> 49047.338 | S26: =+P26-R26 -> -6189.8206 | T26: =SUM(T19:T23) -> 7356.3564 | U26: =SUM(U19:U23) -> 3513.7653 | V26: =+U26-T26 -> -3842.5911 | W26: =SUM(W19:W23) -> 7754.3687 | X26: =+U26-W26 -> -4240.6034 | Y26: =+[12]중부권!$Q$85 -> 106971.67 | Z26: =+[12]중부권!$R$85 -> 101814.44 | AA26: =+[13]중부권!$Q$85 -> 105285.09 | AB26: =+[12]중부권!$Q$89 -> 78121.328 | AC26: =+[12]중부권!$R$89 -> 79222.816 | AD26: =+[13]중부권!$Q$89 -> 75825.963 | AE26: =+Y26-AB26 -> 28850.347 | AF26: =+Z26-AC26 -> 22591.629 | AG26: =+AA26-AD26 -> 29459.127 | AI26: =+K26/J26 -> 0.89750907 | AK26: =+U26/T26 -> 0.47765023
F27: =+K27/M27 -> 0.83180986 | G27: =+K27/J27 -> 0.86258307 | H27: 레미콘 계 | J27: =SUM(J24:J26) -> 2438.5 | K27: =SUM(K24:K26) -> 2103.4088 | L27: =+K27-J27 -> -335.09118 | M27: =SUM(M24:M26) -> 2528.7135 | N27: =+K27-M27 -> -425.30468 | O27: =SUM(O24:O26) -> 245750.61 | P27: =SUM(P24:P26) -> 206858.46 | Q27: =+P27-O27 -> -38892.152 | R27: =SUM(R24:R26) -> 255794.31 | S27: =+P27-R27 -> -48935.848 | T27: =SUM(T24:T26) -> 22537.746 | U27: =SUM(U24:U26) -> 10640.474 | V27: =+U27-T27 -> -11897.272 | W27: =SUM(W24:W26) -> 28131.865 | X27: =+U27-W27 -> -17491.392 | Y27: =+[12]합계!$Q$85 -> 100779.42 | Z27: =+[12]합계!$R$85 -> 98349.367 | AA27: =+[13]합계!$Q$85 -> 101167.05 | AB27: =+[12]합계!$Q$89 -> 79512.457 | AC27: =+[12]합계!$R$89 -> 79731.412 | AD27: =+[13]합계!$Q$89 -> 78862.467 | AE27: =+Y27-AB27 -> 21266.963 | AF27: =+Z27-AC27 -> 18617.955 | AG27: =+AA27-AD27 -> 22304.582 | AI27: =+K27/J27 -> 0.86258307 | AK27: =+U27/T27 -> 0.47211791
B28: 부산모래장 | C28: 부산골재 | G28: =+I28 -> 부산모래장 | H28: 골재 | I28: 부산모래장 | J28: =+IFERROR(HLOOKUP($B28,'[1]9월누계'!$D$6:$BN$259,2,),)/1000 -> 185.78788 | K28: =+IFERROR(HLOOKUP($C28,'[2]9월누계'!$F$6:$CP$99,2,),)/1000 -> 219.141 | L28: =+K28-J28 -> 33.353121 | M28: =+IFERROR(HLOOKUP($C28,'[3]9월누계'!$F$6:$CC$57,2,),)/1000 -> 169.707 | N28: =+K28-M28 -> 49.434 | O28: =+IFERROR(HLOOKUP($B28,'[1]9월누계'!$D$6:$BN$259,3,),)/1000 -> 5446.7276 | P28: =+IFERROR(HLOOKUP($C28,'[2]9월누계'!$F$6:$CP$99,3,),)/1000 -> 6231.505 | Q28: =+P28-O28 -> 784.77738 | R28: =+IFERROR(HLOOKUP($C28,'[3]9월누계'!$F$6:$CC$57,3,),)/1000 -> 5011.7636 | S28: =+P28-R28 -> 1219.7414 | T28: =+IFERROR(HLOOKUP($B28,'[1]9월누계'!$D$6:$BN$259,21,),)/1000 -> 642.9312 | U28: =+IFERROR(HLOOKUP($C28,'[2]9월누계'!$F$6:$CP$99,21,),)/1000 -> 78.552224 | V28: =+U28-T28 -> -564.37897 | W28: =+IFERROR(HLOOKUP($C28,'[3]9월누계'!$F$6:$CC$57,21,),)/1000 -> 305.22036 | X28: =+U28-W28 -> -226.66814 | Y28: ■ 비고
B29: 서부산크라샤 | C29: 서부산골재 | G29: =+I29 -> 서부산CR | I29: 서부산CR | J29: =+IFERROR(HLOOKUP($B29,'[1]9월누계'!$D$6:$BN$259,2,),)/1000 -> 436.34792 | K29: =+IFERROR(HLOOKUP($C29,'[2]9월누계'!$F$6:$CP$99,2,),)/1000 -> 204.122 | L29: =+K29-J29 -> -232.22592 | M29: =+IFERROR(HLOOKUP($C29,'[3]9월누계'!$F$6:$CC$57,2,),)/1000 -> 168.53 | N29: =+K29-M29 -> 35.592 | O29: =+IFERROR(HLOOKUP($B29,'[1]9월누계'!$D$6:$BN$259,3,),)/1000 -> 6380.3764 | P29: =+IFERROR(HLOOKUP($C29,'[2]9월누계'!$F$6:$CP$99,3,),)/1000 -> 2775.958 | Q29: =+P29-O29 -> -3604.4184 | R29: =+IFERROR(HLOOKUP($C29,'[3]9월누계'!$F$6:$CC$57,3,),)/1000 -> 2372.099 | S29: =+P29-R29 -> 403.859 | T29: =+IFERROR(HLOOKUP($B29,'[1]9월누계'!$D$6:$BN$259,21,),)/1000 -> 1063.1683 | U29: =+IFERROR(HLOOKUP($C29,'[2]9월누계'!$F$6:$CP$99,21,),)/1000 -> 379.88298 | V29: =+U29-T29 -> -683.28533 | W29: =+IFERROR(HLOOKUP($C29,'[3]9월누계'!$F$6:$CC$57,21,),)/1000 -> 27.37499 | X29: =+U29-W29 -> 352.50799 | Y29: - 1군 판매단가 인하
B30: 부산크라샤 | C30: 부산크라샤 | G30: =+I30 -> 부산CR | I30: 부산CR | J30: =+IFERROR(HLOOKUP($B30,'[1]9월누계'!$D$6:$BN$259,2,),)/1000 -> 241.11029 | K30: =+IFERROR(HLOOKUP($C30,'[2]9월누계'!$F$6:$CP$99,2,),)/1000 -> 160.18 | L30: =+K30-J30 -> -80.930285 | M30: =+IFERROR(HLOOKUP($C30,'[3]9월누계'!$F$6:$CC$57,2,),)/1000 -> 315.978 | N30: =+K30-M30 -> -155.798 | O30: =+IFERROR(HLOOKUP($B30,'[1]9월누계'!$D$6:$BN$259,3,),)/1000 -> 4119.4511 | P30: =+IFERROR(HLOOKUP($C30,'[2]9월누계'!$F$6:$CP$99,3,),)/1000 -> 3069.826 | Q30: =+P30-O30 -> -1049.6251 | R30: =+IFERROR(HLOOKUP($C30,'[3]9월누계'!$F$6:$CC$57,3,),)/1000 -> 5745.923 | S30: =+P30-R30 -> -2676.097 | T30: =+IFERROR(HLOOKUP($B30,'[1]9월누계'!$D$6:$BN$259,21,),)/1000 -> -191.74051 | U30: =+IFERROR(HLOOKUP($C30,'[2]9월누계'!$F$6:$CP$99,21,),)/1000 -> -1162.3448 | V30: =+U30-T30 -> -970.60431 | W30: =+IFERROR(HLOOKUP($C30,'[3]9월누계'!$F$6:$CC$57,21,),)/1000 -> -186.63275 | X30: =+U30-W30 -> -975.71207 | Y30: · 천안 아산지역 2,600원/㎥↓, 창원 2,900원/㎥↓(4/1), 울산 ,1900원/㎥↓(7/1)
H31: 골재 계 | J31: =SUM(J28:J30) -> 863.24609 | K31: =SUM(K28:K30) -> 583.443 | L31: =+K31-J31 -> -279.80309 | M31: =SUM(M28:M30) -> 654.215 | N31: =+K31-M31 -> -70.772 | O31: =SUM(O28:O30) -> 15946.555 | P31: =SUM(P28:P30) -> 12077.289 | Q31: =+P31-O31 -> -3869.2662 | R31: =SUM(R28:R30) -> 13129.786 | S31: =+P31-R31 -> -1052.4966 | T31: =SUM(T28:T30) -> 1514.359 | U31: =SUM(U28:U30) -> -703.90962 | V31: =+U31-T31 -> -2218.2686 | W31: =SUM(W28:W30) -> 145.9626 | X31: =+U31-W31 -> -849.87222 | Y31: - 1군 판가 소급분(마이너스 계산서) : 11.7억(559원/㎥)
B32: 포항임대 | C32: 속초임대 | D32: 강릉임대 | E32: 레미콘임대 계 | G32: =+I32 -> 레미콘임대 | H32: 기타 | I32: 레미콘임대 | L32: =+K32-J32 -> 0 | N32: =+K32-M32 -> 0 | O32: =(IFERROR(HLOOKUP($B32,'[1]9월누계'!$D$6:$BN$259,3,),)++IFERROR(HLOOKUP($C32,'[1]9월누계'!$D$6:$BN$259,3,),)+IFERROR(HLOOKUP($D32,'[1]9월누계'!$D$6:$BN$259,3,),))/1000 -> 672.52 | P32: =+IFERROR(HLOOKUP($E32,'[2]9월누계'!$F$6:$CP$99,3,),)/1000 -> 507.56 | Q32: =+P32-O32 -> -164.96 | R32: =+IFERROR(HLOOKUP($E32,'[3]9월누계'!$F$6:$CC$57,3,),)/1000 -> 817.56 | S32: =+P32-R32 -> -310 | T32: =(IFERROR(HLOOKUP($B32,'[1]9월누계'!$D$6:$BN$259,21,),)++IFERROR(HLOOKUP($C32,'[1]9월누계'!$D$6:$BN$259,21,),)+IFERROR(HLOOKUP($D32,'[1]9월누계'!$D$6:$BN$259,21,),))/1000 -> 463.57075 | U32: =+IFERROR(HLOOKUP($E32,'[2]9월누계'!$F$6:$CP$99,16,),)/1000 -> 278.12364 | V32: =+U32-T32 -> -185.4471 | W32: =+IFERROR(HLOOKUP($E32,'[3]9월누계'!$F$6:$CC$57,16,),)/1000 -> 556.78799 | X32: =+U32-W32 -> -278.66434
B33: 부동산임대 | C33: 주유소임대 | E33: 임대 계 | G33: =+I33 -> 임대 | I33: 임대 | L33: =+K33-J33 -> 0 | M33: 0 | N33: =+K33-M33 -> 0 | O33: =(+IFERROR(HLOOKUP($B33,'[1]9월누계'!$D$6:$BN$259,3,),)+IFERROR(HLOOKUP($C33,'[1]9월누계'!$D$6:$BN$259,3,),))/1000 -> 668.0235 | P33: =+IFERROR(HLOOKUP($E33,'[2]9월누계'!$F$6:$CP$99,3,),)/1000 -> 663.18567 | Q33: =+P33-O33 -> -4.837835 | R33: =+IFERROR(HLOOKUP($E33,'[3]9월누계'!$F$6:$CC$57,3,),)/1000 -> 656.64914 | S33: =+P33-R33 -> 6.536524 | T33: =(+IFERROR(HLOOKUP($B33,'[1]9월누계'!$D$6:$BN$259,21,),)+IFERROR(HLOOKUP($C33,'[1]9월누계'!$D$6:$BN$259,21,),))/1000 -> 614.58583 | U33: =+IFERROR(HLOOKUP($E33,'[2]9월누계'!$F$6:$CP$99,16,),)/1000 -> 609.53102 | V33: =+U33-T33 -> -5.054817 | W33: =+IFERROR(HLOOKUP($E33,'[3]9월누계'!$F$6:$CC$57,16,),)/1000 -> 603.40157 | X33: =+U33-W33 -> 6.129449 | Y33: - 운반비 협상
B34: 공 통 비 | G34: =+I34 -> 공통비 | I34: 공통비 | L34: =+K34-J34 -> 0 | N34: =+K34-M34 -> 0 | Q34: =+P34-O34 -> 0 | S34: =+P34-R34 -> 0 | T34: =-'[1]9월누계'!$Z$22/1000 -> -13933.984 | U34: =+-'[2]9월누계'!$Z$22/1000 -> -14172.402 | V34: =+U34-T34 -> -238.41822 | W34: =+-'[3]9월누계'!$Z$22/1000 -> -12891.839 | X34: =+U34-W34 -> -1280.5632 | Y34: · 부산권 4천원, 창원 3.5천원 / 제주 협상完 500원/㎥ 인상
G35: =+I35 -> OPC 소급분 | I35: OPC 소급분 | N35: =+K35-M35 -> 0 | Q35: =+P35-O35 -> 0 | S35: =+P35-R35 -> 0 | U35: ='[2]9월누계'!$BD$26/1000 -> 0 | V35: =+U35-T35 -> 0 | W35: ='[3]9월누계'!$BD$26/1000 -> 500 | X35: =+U35-W35 -> -500 | Y35: 원주 2천원/회(1년), 군산 2개년 합의, 7/15 (25년 2.5천원. 26년 3.5천원)
G36: =+I36 -> 대손 | I36: 대손 | N36: =+K36-M36 -> 0 | Q36: =+P36-O36 -> 0 | S36: =+P36-R36 -> 0 | U36: ='[2]9월누계'!$BE$26/1000 -> -1243.0001 | V36: =+U36-T36 -> -1243.0001 | W36: ='[3]9월누계'!$BE$26/1000 -> -573.85933 | X36: =+U36-W36 -> -669.14074 | Y36: 인천, 김포3,300원/회 ↑, 군산 25년 2.5천원. 26년 3.5천원
G37: =+I37 -> 미운영 공장 | I37: 미운영 공장 | Q37: =+P37-O37 -> 0 | R37: =+IFERROR(HLOOKUP($I$37,'[3]9월누계'!$F$6:$BJ$50,3,),)/1000 -> 0 | S37: =+P37-R37 -> 0 | T37: =SUM('[1]9월누계'!$AM$26:$AQ$26)/1000 -> -252.74784 | U37: =+'[2]9월누계'!$BF$26/1000 -> -252.00262 | V37: =+U37-T37 -> 0.74522 | W37: =+'[3]9월누계'!$BF$26/1000 -> -339.5204 | X37: =+U37-W37 -> 87.51778
B38: 기타 계 | G38: =+I38 -> 퇴직위로금 | I38: 퇴직위로금 | U38: =+'[2]9월누계'!$BG$26/1000 -> -759.34319 | V38: =+U38-T38 -> -759.34319 | X38: =+U38-W38 -> -759.34319
G39: =+I39 -> 기타 | I39: 기타 | L39: =+K39-J39 -> 0 | N39: =+K39-M39 -> 0 | O39: =IFERROR(HLOOKUP($B38,'[1]9월누계'!$D$6:$BN$259,3,),)/1000 -> 15.93 | P39: =+('[2]9월누계'!$F$8-SUM('[2]9월누계'!$Z$8,'[2]9월누계'!$AH$8,'[2]9월누계'!$AN$8,'[2]9월누계'!$AO$8,'[2]9월누계'!$BA$8,'[2]9월누계'!$BD$8,'[2]9월누계'!$BE$8,'[2]9월누계'!$BF$8))/1000 -> 15.13955 | Q39: =+P39-O39 -> -0.79045 | R39: =+('[3]9월누계'!$F$8-SUM('[3]9월누계'!$Z$8,'[3]9월누계'!$AH$8,'[3]9월누계'!$AN$8,'[3]9월누계'!$AO$8,'[3]9월누계'!$BA$8,'[3]9월누계'!$BD$8,'[3]9월누계'!$BE$8,'[3]9월누계'!$BF$8))/1000 -> 15.6662 | S39: =+P39-R39 -> -0.52665 | T39: =+('[1]9월누계'!$E$26-'[1]9월누계'!$Z$26-'[1]9월누계'!$AA$26-'[1]9월누계'!$AE$26-'[1]9월누계'!$AL$26-'[1]9월누계'!$AM$26-'[1]9월누계'!$AN$26-'[1]9월누계'!$AO$26-'[1]9월누계'!$AP$26-'[1]9월누계'!$AQ$26-'[1]9월누계'!$AS$26)/1000+'[1]9월누계'!$AS$26/1000 -> -599.70665 | U39: =+('[2]9월누계'!$F$26-SUM('[2]9월누계'!$Z$26,'[2]9월누계'!$AH$26,'[2]9월누계'!$AN$26,'[2]9월누계'!$AO$26,'[2]9월누계'!$BA$26,'[2]9월누계'!$BD$26,'[2]9월누계'!$BE$26,'[2]9월누계'!$BF$26))/1000-U38 -> -67.933381 | V39: =+U39-T39 -> 531.77327 | W39: =+('[3]9월누계'!$F$26-SUM('[3]9월누계'!$Z$26,'[3]9월누계'!$AH$26,'[3]9월누계'!$AN$26,'[3]9월누계'!$AO$26,'[3]9월누계'!$BA$26,'[3]9월누계'!$BD$26,'[3]9월누계'!$BE$26,'[3]9월누계'!$BF$26))/1000 -> -199.43228 | X39: =+U39-W39 -> 131.4989
H40: 기타 계 | J40: =SUM(J32:J39) -> 0 | K40: =SUM(K32:K39) -> 0 | L40: =+K40-J40 -> 0 | M40: =SUM(M32:M39) -> 0 | N40: =+K40-M40 -> 0 | O40: =SUM(O32:O39) -> 1356.4735 | P40: =SUM(P32:P39) -> 1185.8852 | Q40: =+P40-O40 -> -170.58828 | R40: =SUM(R32:R39) -> 1489.8753 | S40: =+P40-R40 -> -303.99013 | T40: =SUM(T32:T39) -> -13708.282 | U40: =SUM(U32:U39) -> -15607.026 | V40: =+U40-T40 -> -1898.7449 | W40: =SUM(W32:W39) -> -12344.461 | X40: =+U40-W40 -> -3262.5653
U41: 19 | V41: 12.4
G42: =+P42/O42 -> 0.83679372 | H42: 합계 | O42: =+O27+O31+O40 -> 263053.64 | P42: =+P27+P31+P40 -> 220121.64 | Q42: =+P42-O42 -> -42932.007 | R42: =+R27+R31+R40 -> 270413.97 | S42: =+P42-R42 -> -50292.334 | T42: =+T27+T31+T40 -> 10343.823 | U42: =+U27+U31+U40 -> -5670.4625 | V42: =+U42-T42 -> -16014.286 | W42: =+W27+W31+W40 -> 15933.367 | X42: =+U42-W42 -> -21603.829
G43: =+U42/T42 -> -0.54819791 | P43: =+P42/O42 -> 0.83679372 | R43: =+P42/R42 -> 0.81401725 | T43: =+T42/O42 -> 0.039322107 | U43: =+U42/P42 -> -0.025760587 | V43: =+V42/100 -> -160.14286 | X43: =+X42/100 -> -216.03829
K44: =+K31/J31 -> 0.675871 | M44: =+K31/M31 -> 0.8918215
I45: 확인 | J45: =+'[1]9월누계'!$Z$7/1000 -> 2438.5 | K45: =+'[2]9월누계'!$AI$7/1000 -> 2103.4088 | M45: =+'[3]9월누계'!$Z$7/1000 -> 2528.7135 | O45: =('[1]9월누계'!$E$8-'[1]9월누계'!$AA$8)/1000 -> 263053.64 | P45: =('[2]9월누계'!$F$8-'[2]9월누계'!$AO$8)/1000 -> 220121.64 | R45: =('[3]9월누계'!$F$8-'[3]9월누계'!$AO$8)/1000 -> 270413.97 | T45: =('[1]9월누계'!$E$26-'[1]9월누계'!$AA$26)/1000 -> 10343.823 | U45: =('[2]9월누계'!$F$26-'[2]9월누계'!$AO$26)/1000 -> -5670.4625 | W45: =('[3]9월누계'!$F$26-'[3]9월누계'!$AO$26)/1000 -> 15933.367
J46: =+J45-J27 -> 0 | K46: =+K45-K27 -> 0 | M46: =+M45-M27 -> 0 | O46: =+O45-O42 -> 0 | P46: =+P45-P42 -> 0 | R46: =+R45-R42 -> 0 | T46: =+T45-T42 -> 0 | U46: =+U45-U42 -> 0 | W46: =+W45-W42 -> 0
T48: =+(T27+T34)/100 -> 86.037624 | U48: =+(U27+U34)/100 -> -35.319282 | V48: =+U48-T48 -> -121.35691
T49: =+T31/100 -> 15.14359 | U49: =+U31/100 -> -7.0390962 | V49: =+U49-T49 -> -22.182686
T50: =+(T32+T33)/100 -> 10.781566 | U50: =+(U32+U33)/100 -> 8.8765466 | V50: =+U50-T50 -> -1.9050192
T51: =+T42/100-T48-T49-T50 -> -8.524545 | U51: =+U42/100-U48-U49-U50 -> -23.222793 | V51: =+U51-T51 -> -14.698248
T52: =+SUM(T48:T51) -> 103.43823 | U52: =+SUM(U48:U51) -> -56.704625 | V52: =+U52-T52 -> -160.14286

Sheet 영업이익
D4: □ 레미콘 영업이익 차이분석(2025-09)
W5: [단위 : 백만원, 천㎥]
A6: 2024년 12월 마감 손익 | D6: 구분 | E6: 영업이익(공통비 미배부) | H6: 물량 차이 | L6: 판매단가 차이 | P6: 제조원가 차이 | T6: 판관비 등 차이
E7: 계획 | F7: 실적 | G7: 차이 | H7: 계획 | I7: 실적 | J7: 차이 | K7: 손익 | L7: 계획 | M7: 실적 | N7: 차이 | O7: 손익 | P7: 계획 | Q7: 실적 | R7: 차이 | S7: 손익 | T7: 계획 | U7: 실적 | V7: 차이 | W7: 손익
D8: 합계 | E8: =+[4]합계!$H$86/1000 -> 3554.6275 | F8: =+[4]합계!$I$86/1000 -> 978.69212 | G8: =+F8-E8 -> -2575.9354 | H8: =+[4]합계!$T$5/1000 -> 300 | I8: =+[4]합계!$U$5/1000 -> 250.341 | J8: =+I8-H8 -> -49.659 | K8: =+[4]합계!$M$86/1000 -> -781.4004 | L8: =+[4]합계!$Q$85 -> 101901.72 | M8: =+[4]합계!$R$85 -> 97987.042 | N8: =+M8-L8 -> -3914.6823 | O8: =+[4]합계!$K$86/1000 -> -975.16693 | P8: =+[4]합계!$Q$50 -> 86561.106 | Q8: =+[4]합계!$R$50 -> 89434.879 | R8: =+Q8-P8 -> 2873.7732 | S8: =+[4]합계!$L$56/1000 -> -645.21393 | T8: =+([4]합계!$H$80+[4]합계!$H$85)/1000 -> 1047.5582 | U8: =+([4]합계!$I$80+[4]합계!$I$85)/1000 -> 1221.7123 | V8: =+U8-T8 -> 174.15411 | W8: =+([4]합계!$L$80+[4]합계!$L$85)/1000 -> -174.15411 | Y8: =+G8-K8-O8-S8-W8 -> 5.1159077e-13 | Z8: =+Y8*1000000 -> 5.1159077e-07
D9: 수도권 | E9: =+[4]수도권!$H$86/1000 -> 1155.2461 | F9: =+[4]수도권!$I$86/1000 -> 63.243237 | G9: =+F9-E9 -> -1092.0029 | H9: =+[4]수도권!$T$5/1000 -> 113 | I9: =+[4]수도권!$U$5/1000 -> 88.903 | J9: =+I9-H9 -> -24.097 | K9: =+[4]수도권!$M$86/1000 -> -323.40069 | L9: =+[4]수도권!$Q$85 -> 100156.13 | M9: =+[4]수도권!$R$85 -> 95819.566 | N9: =+M9-L9 -> -4336.5677 | O9: =+[4]수도권!$K$86/1000 -> -383.11407 | P9: =+[4]수도권!$Q$50 -> 86966.935 | Q9: =+[4]수도권!$R$50 -> 90735.833 | R9: =+Q9-P9 -> 3768.8983 | S9: =+[4]수도권!$L$56/1000 -> -332.81865 | T9: =+([4]수도권!$H$80+[4]수도권!$H$85)/1000 -> 335.13334 | U9: =+([4]수도권!$I$80+[4]수도권!$I$85)/1000 -> 387.80279 | V9: =+U9-T9 -> 52.669447 | W9: =+([4]수도권!$L$80+[4]수도권!$L$85)/1000 -> -52.669447 | Y9: =+G9-K9-O9-S9-W9 -> 1.3855583e-12 | Z9: =+Y9*1000000 -> 1.3855583e-06
D10: 영남권 | E10: =+[4]영남권!$H$86/1000 -> 1271.9598 | F10: =+[4]영남권!$I$86/1000 -> 522.80346 | G10: =+F10-E10 -> -749.15636 | H10: =+[4]영남권!$T$5/1000 -> 126 | I10: =+[4]영남권!$U$5/1000 -> 110.37 | J10: =+I10-H10 -> -15.63 | K10: =+[4]영남권!$M$86/1000 -> -231.17741 | L10: =+[4]영남권!$Q$85 -> 100736.67 | M10: =+[4]영남권!$R$85 -> 98462.668 | N10: =+M10-L10 -> -2274.0062 | O10: =+[4]영남권!$K$86/1000 -> -250.0952 | P10: =+[4]영남권!$Q$50 -> 86609.308 | Q10: =+[4]영남권!$R$50 -> 88782.938 | R10: =+Q10-P10 -> 2173.6303 | S10: =+[4]영남권!$L$56/1000 -> -168.70033 | T10: =+([4]영남권!$H$80+[4]영남권!$H$85)/1000 -> 508.08836 | U10: =+([4]영남권!$I$80+[4]영남권!$I$85)/1000 -> 607.27179 | V10: =+U10-T10 -> 99.183426 | W10: =+([4]영남권!$L$80+[4]영남권!$L$85)/1000 -> -99.183426 | Y10: =+G10-K10-O10-S10-W10 -> 8.2422957e-13 | Z10: =+Y10*1000000 -> 8.2422957e-07
D11: 기타권 | E11: =+[4]중부권!$H$86/1000 -> 1127.4216 | F11: =+[4]중부권!$I$86/1000 -> 392.64542 | G11: =+F11-E11 -> -734.77614 | H11: =+[4]중부권!$T$5/1000 -> 61 | I11: =+[4]중부권!$U$5/1000 -> 51.068 | J11: =+I11-H11 -> -9.932 | K11: =+[4]중부권!$M$86/1000 -> -220.68565 | L11: =+[4]중부권!$Q$85 -> 107541.86 | M11: =+[4]중부권!$R$85 -> 100727.81 | N11: =+M11-L11 -> -6814.0439 | O11: =+[4]중부권!$K$86/1000 -> -346.01715 | P11: =+[4]중부권!$Q$50 -> 85709.758 | Q11: =+[4]중부권!$R$50 -> 88585.141 | R11: =+Q11-P11 -> 2875.3837 | S11: =+[4]중부권!$L$56/1000 -> -145.7721 | T11: =+([4]중부권!$H$80+[4]중부권!$H$85)/1000 -> 204.33647 | U11: =+([4]중부권!$I$80+[4]중부권!$I$85)/1000 -> 226.63771 | V11: =+U11-T11 -> 22.301239 | W11: =+([4]중부권!$L$80+[4]중부권!$L$85)/1000 -> -22.301239 | Y11: =+G11-K11-O11-S11-W11 -> -1.3500312e-12 | Z11: =+Y11*1000000 -> -1.3500312e-06
D12: 안양 | E12: =+[4]안양!$H$86/1000 -> 524.41267 | F12: =+[4]안양!$I$86/1000 -> 252.5489 | G12: =+F12-E12 -> -271.86377 | H12: =+[4]안양!$T$5/1000 -> 41 | I12: =+[4]안양!$U$5/1000 -> 31.877 | J12: =+I12-H12 -> -9.123 | K12: =+[4]안양!$M$86/1000 -> -140.20802 | L12: =+[4]안양!$Q$85 -> 101524.39 | M12: =+[4]안양!$R$85 -> 98622.172 | N12: =+M12-L12 -> -2902.2229 | O12: =+[4]안양!$K$86/1000 -> -92.456116 | P12: =+[4]안양!$Q$50 -> 86180.435 | Q12: =+[4]안양!$R$50 -> 87109.196 | R12: =+Q12-P12 -> 928.76034 | S12: =+[4]안양!$L$56/1000 -> -29.656167 | T12: =+([4]안양!$H$80+[4]안양!$H$85)/1000 -> 104.68967 | U12: =+([4]안양!$I$80+[4]안양!$I$85)/1000 -> 114.23313 | V12: =+U12-T12 -> 9.5434677 | W12: =+([4]안양!$L$80+[4]안양!$L$85)/1000 -> -9.5434677 | Y12: =+G12-K12-O12-S12-W12 -> 7.3363537e-13 | Z12: =+Y12*1000000 -> 7.3363537e-07
D13: 인천 | E13: =+[4]인천!$H$86/1000 -> 387.6129 | F13: =+[4]인천!$I$86/1000 -> -66.326553 | G13: =+F13-E13 -> -453.93946 | H13: =+[4]인천!$T$5/1000 -> 32 | I13: =+[4]인천!$U$5/1000 -> 30.29 | J13: =+I13-H13 -> -1.71 | K13: =+[4]인천!$M$86/1000 -> -26.249293 | L13: =+[4]인천!$Q$85 -> 103707.95 | M13: =+[4]인천!$R$85 -> 96088.332 | N13: =+M13-L13 -> -7619.62 | O13: =+[4]인천!$K$86/1000 -> -230.79829 | P13: =+[4]인천!$Q$50 -> 88357.489 | Q13: =+[4]인천!$R$50 -> 94307.209 | R13: =+Q13-P13 -> 5949.7204 | S13: =+[4]인천!$L$56/1000 -> -180.21163 | T13: =+([4]인천!$H$80+[4]인천!$H$85)/1000 -> 103.60193 | U13: =+([4]인천!$I$80+[4]인천!$I$85)/1000 -> 120.28217 | V13: =+U13-T13 -> 16.680242 | W13: =+([4]인천!$L$80+[4]인천!$L$85)/1000 -> -16.680242 | Y13: =+G13-K13-O13-S13-W13 -> 2.1316282e-13 | Z13: =+Y13*1000000 -> 2.1316282e-07
D14: 파주 | E14: =+[4]파주!$H$86/1000 -> 132.59526 | F14: =+[4]파주!$I$86/1000 -> -43.489316 | G14: =+F14-E14 -> -176.08458 | H14: =+[4]파주!$T$5/1000 -> 24 | I14: =+[4]파주!$U$5/1000 -> 16.448 | J14: =+I14-H14 -> -7.552 | K14: =+[4]파주!$M$86/1000 -> -66.700024 | L14: =+[4]파주!$Q$85 -> 96393.269 | M14: =+[4]파주!$R$85 -> 91863.064 | N14: =+M14-L14 -> -4530.2049 | O14: =+[4]파주!$K$86/1000 -> -72.890997 | P14: =+[4]파주!$Q$50 -> 87869.22 | Q14: =+[4]파주!$R$50 -> 89248.124 | R14: =+Q14-P14 -> 1378.9035 | S14: =+[4]파주!$L$56/1000 -> -22.186556 | T14: =+([4]파주!$H$80+[4]파주!$H$85)/1000 -> 71.981906 | U14: =+([4]파주!$I$80+[4]파주!$I$85)/1000 -> 86.288904 | V14: =+U14-T14 -> 14.306998 | W14: =+([4]파주!$L$80+[4]파주!$L$85)/1000 -> -14.306998 | Y14: =+G14-K14-O14-S14-W14 -> 1.936229e-13 | Z14: =+Y14*1000000 -> 1.936229e-07
D15: 김포 | E15: =+[4]김포!$H$86/1000 -> 110.62527 | F15: =+[4]김포!$I$86/1000 -> -79.489792 | G15: =+F15-E15 -> -190.11506 | H15: =+[4]김포!$T$5/1000 -> 16 | I15: =+[4]김포!$U$5/1000 -> 10.288 | J15: =+I15-H15 -> -5.712 | K15: =+[4]김포!$M$86/1000 -> -59.967891 | L15: =+[4]김포!$Q$85 -> 95190.622 | M15: =+[4]김포!$R$85 -> 92479.295 | N15: =+M15-L15 -> -2711.327 | O15: =+[4]김포!$K$86/1000 -> -27.406093 | P15: =+[4]김포!$Q$50 -> 84847.803 | Q15: =+[4]김포!$R$50 -> 93810.962 | R15: =+Q15-P15 -> 8963.1589 | S15: =+[4]김포!$L$56/1000 -> -90.602337 | T15: =+([4]김포!$H$80+[4]김포!$H$85)/1000 -> 54.859839 | U15: =+([4]김포!$I$80+[4]김포!$I$85)/1000 -> 66.998579 | V15: =+U15-T15 -> 12.138739 | W15: =+([4]김포!$L$80+[4]김포!$L$85)/1000 -> -12.138739 | Y15: =+G15-K15-O15-S15-W15 -> 0 | Z15: =+Y15*1000000 -> 0
D16: 부산 | E16: =+[4]부산!$H$86/1000 -> 222.14546 | F16: =+[4]부산!$I$86/1000 -> 155.08344 | G16: =+F16-E16 -> -67.062024 | H16: =+[4]부산!$T$5/1000 -> 21 | I16: =+[4]부산!$U$5/1000 -> 20.199 | J16: =+I16-H16 -> -0.801 | K16: =+[4]부산!$M$86/1000 -> -12.148158 | L16: =+[4]부산!$Q$85 -> 107699.87 | M16: =+[4]부산!$R$85 -> 107168 | N16: =+M16-L16 -> -531.86966 | O16: =+[4]부산!$K$86/1000 -> -10.743235 | P16: =+[4]부산!$Q$50 -> 92533.635 | Q16: =+[4]부산!$R$50 -> 93318.705 | R16: =+Q16-P16 -> 785.07003 | S16: =+[4]부산!$L$56/1000 -> 32.448784 | T16: =+([4]부산!$H$80+[4]부산!$H$85)/1000 -> 96.345565 | U16: =+([4]부산!$I$80+[4]부산!$I$85)/1000 -> 172.96498 | V16: =+U16-T16 -> 76.619415 | W16: =+([4]부산!$L$80+[4]부산!$L$85)/1000 -> -76.619415 | Y16: =+G16-K16-O16-S16-W16 -> -3.6948222e-13 | Z16: =+Y16*1000000 -> -3.6948222e-07
D17: 서부산 | E17: =+[4]서부산!$H$86/1000 -> 262.68395 | F17: =+[4]서부산!$I$86/1000 -> 149.85117 | G17: =+F17-E17 -> -112.83278 | H17: =+[4]서부산!$T$5/1000 -> 21 | I17: =+[4]서부산!$U$5/1000 -> 19.618 | J17: =+I17-H17 -> -1.382 | K17: =+[4]서부산!$M$86/1000 -> -20.754279 | L17: =+[4]서부산!$Q$85 -> 99299.86 | M17: =+[4]서부산!$R$85 -> 97055.587 | N17: =+M17-L17 -> -2244.2738 | O17: =+[4]서부산!$K$86/1000 -> -44.028163 | P17: =+[4]서부산!$Q$50 -> 84282.292 | Q17: =+[4]서부산!$R$50 -> 85552.305 | R17: =+Q17-P17 -> 1270.0125 | S17: =+[4]서부산!$L$56/1000 -> -13.589037 | T17: =+([4]서부산!$H$80+[4]서부산!$H$85)/1000 -> 52.684986 | U17: =+([4]서부산!$I$80+[4]서부산!$I$85)/1000 -> 87.146286 | V17: =+U17-T17 -> 34.4613 | W17: =+([4]서부산!$L$80+[4]서부산!$L$85)/1000 -> -34.4613 | Y17: =+G17-K17-O17-S17-W17 -> -1.1368684e-13 | Z17: =+Y17*1000000 -> -1.1368684e-07
D18: 김해 | E18: =+[4]김해!$H$86/1000 -> 115.18251 | F18: =+[4]김해!$I$86/1000 -> -78.322141 | G18: =+F18-E18 -> -193.50465 | H18: =+[4]김해!$T$5/1000 -> 14 | I18: =+[4]김해!$U$5/1000 -> 7.988 | J18: =+I18-H18 -> -6.012 | K18: =+[4]김해!$M$86/1000 -> -81.462583 | L18: =+[4]김해!$Q$85 -> 96299.9 | M18: =+[4]김해!$R$85 -> 88617.202 | N18: =+M18-L18 -> -7682.6981 | O18: =+[4]김해!$K$86/1000 -> -58.37314 | P18: =+[4]김해!$Q$50 -> 84334.017 | Q18: =+[4]김해!$R$50 -> 91788.874 | R18: =+Q18-P18 -> 7454.8567 | S18: =+[4]김해!$L$56/1000 -> -54.119317 | T18: =+([4]김해!$H$80+[4]김해!$H$85)/1000 -> 52.339855 | U18: =+([4]김해!$I$80+[4]김해!$I$85)/1000 -> 51.889462 | V18: =+U18-T18 -> -0.45039302 | W18: =+([4]김해!$L$80+[4]김해!$L$85)/1000 -> 0.45039302 | Y18: =+G18-K18-O18-S18-W18 -> -8.4210416e-14 | Z18: =+Y18*1000000 -> -8.4210416e-08
D19: 정관 | E19: =+[4]정관!$H$86/1000 -> 164.10726 | F19: =+[4]정관!$I$86/1000 -> 173.69429 | G19: =+F19-E19 -> 9.5870287 | H19: =+[4]정관!$T$5/1000 -> 19 | I19: =+[4]정관!$U$5/1000 -> 23.4405 | J19: =+I19-H19 -> 4.4405 | K19: =+[4]정관!$M$86/1000 -> 57.32168 | L19: =+[4]정관!$Q$85 -> 102000.09 | M19: =+[4]정관!$R$85 -> 100259.81 | N19: =+M19-L19 -> -1740.2876 | O19: =+[4]정관!$K$86/1000 -> -40.793212 | P19: =+[4]정관!$Q$50 -> 89091.26 | Q19: =+[4]정관!$R$50 -> 89800.263 | R19: =+Q19-P19 -> 709.00325 | S19: =+[4]정관!$L$56/1000 -> -10.386348 | T19: =+([4]정관!$H$80+[4]정관!$H$85)/1000 -> 81.160594 | U19: =+([4]정관!$I$80+[4]정관!$I$85)/1000 -> 77.715685 | V19: =+U19-T19 -> -3.4449096 | W19: =+([4]정관!$L$80+[4]정관!$L$85)/1000 -> 3.4449096 | Y19: =+G19-K19-O19-S19-W19 -> -3.4239278e-13 | Z19: =+Y19*1000000 -> -3.4239278e-07
D20: 양산 | E20: =+[4]양산!$H$86/1000 -> 106.81807 | F20: =+[4]양산!$I$86/1000 -> -35.259846 | G20: =+F20-E20 -> -142.07791 | H20: =+[4]양산!$T$5/1000 -> 12 | I20: =+[4]양산!$U$5/1000 -> 6.061 | J20: =+I20-H20 -> -5.939 | K20: =+[4]양산!$M$86/1000 -> -72.932217 | L20: =+[4]양산!$Q$85 -> 94305 | M20: =+[4]양산!$R$85 -> 94190.381 | N20: =+M20-L20 -> -114.61887 | O20: =+[4]양산!$K$86/1000 -> -0.694705 | P20: =+[4]양산!$Q$50 -> 82024.782 | Q20: =+[4]양산!$R$50 -> 92181.013 | R20: =+Q20-P20 -> 10156.231 | S20: =+[4]양산!$L$56/1000 -> -61.149291 | T20: =+([4]양산!$H$80+[4]양산!$H$85)/1000 -> 40.544553 | U20: =+([4]양산!$I$80+[4]양산!$I$85)/1000 -> 47.846253 | V20: =+U20-T20 -> 7.3017 | W20: =+([4]양산!$L$80+[4]양산!$L$85)/1000 -> -7.3017 | Y20: =+G20-K20-O20-S20-W20 -> 1.1546319e-14 | Z20: =+Y20*1000000 -> 1.1546319e-08
D21: 창원 | E21: =+[4]창원!$H$86/1000 -> 145.2062 | F21: =+[4]창원!$I$86/1000 -> -63.359208 | G21: =+F21-E21 -> -208.56541 | H21: =+[4]창원!$T$5/1000 -> 13 | I21: =+[4]창원!$U$5/1000 -> 6.546 | J21: =+I21-H21 -> -6.454 | K21: =+[4]창원!$M$86/1000 -> -106.93885 | L21: =+[4]창원!$Q$85 -> 101100.38 | M21: =+[4]창원!$R$85 -> 91406.722 | N21: =+M21-L21 -> -9693.6586 | O21: =+[4]창원!$K$86/1000 -> -63.454689 | P21: =+[4]창원!$Q$50 -> 84530.989 | Q21: =+[4]창원!$R$50 -> 91218.369 | R21: =+Q21-P21 -> 6687.3804 | S21: =+[4]창원!$L$56/1000 -> -43.154706 | T21: =+([4]창원!$H$80+[4]창원!$H$85)/1000 -> 70.195885 | U21: =+([4]창원!$I$80+[4]창원!$I$85)/1000 -> 65.21305 | V21: =+U21-T21 -> -4.9828355 | W21: =+([4]창원!$L$80+[4]창원!$L$85)/1000 -> 4.9828355 | Y21: =+G21-K21-O21-S21-W21 -> -1.6520119e-13 | Z21: =+Y21*1000000 -> -1.6520119e-07
D22: 대구 | E22: =+[4]대구!$H$86/1000 -> 99.040367 | F22: =+[4]대구!$I$86/1000 -> 42.684097 | G22: =+F22-E22 -> -56.35627 | H22: =+[4]대구!$T$5/1000 -> 12 | I22: =+[4]대구!$U$5/1000 -> 13.3385 | J22: =+I22-H22 -> 1.3385 | K22: =+[4]대구!$M$86/1000 -> 18.002495 | L22: =+[4]대구!$Q$85 -> 96233.02 | M22: =+[4]대구!$R$85 -> 84891.281 | N22: =+M22-L22 -> -11341.739 | O22: =+[4]대구!$K$86/1000 -> -151.28178 | P22: =+[4]대구!$Q$50 -> 82783.266 | Q22: =+[4]대구!$R$50 -> 77593.74 | R22: =+Q22-P22 -> -5189.5265 | S22: =+[4]대구!$L$56/1000 -> 69.220493 | T22: =+([4]대구!$H$80+[4]대구!$H$85)/1000 -> 62.356676 | U22: =+([4]대구!$I$80+[4]대구!$I$85)/1000 -> 54.65415 | V22: =+U22-T22 -> -7.7025267 | W22: =+([4]대구!$L$80+[4]대구!$L$85)/1000 -> 7.7025267 | Y22: =+G22-K22-O22-S22-W22 -> 7.8159701e-14 | Z22: =+Y22*1000000 -> 7.8159701e-08
D23: 울산 | E23: =+[4]울산!$H$86/1000 -> 156.77601 | F23: =+[4]울산!$I$86/1000 -> 178.43166 | G23: =+F23-E23 -> 21.655651 | H23: =+[4]울산!$T$5/1000 -> 14 | I23: =+[4]울산!$U$5/1000 -> 13.179 | J23: =+I23-H23 -> -0.821 | K23: =+[4]울산!$M$86/1000 -> -12.270212 | L23: =+[4]울산!$Q$85 -> 104204.64 | M23: =+[4]울산!$R$85 -> 108899.7 | N23: =+M23-L23 -> 4695.0536 | O23: =+[4]울산!$K$86/1000 -> 61.876112 | P23: =+[4]울산!$Q$50 -> 89259.196 | Q23: =+[4]울산!$R$50 -> 91598.919 | R23: =+Q23-P23 -> 2339.723 | S23: =+[4]울산!$L$56/1000 -> -30.568572 | T23: =+([4]울산!$H$80+[4]울산!$H$85)/1000 -> 52.460244 | U23: =+([4]울산!$I$80+[4]울산!$I$85)/1000 -> 49.84192 | V23: =+U23-T23 -> -2.6183236 | W23: =+([4]울산!$L$80+[4]울산!$L$85)/1000 -> 2.6183236 | Y23: =+G23-K23-O23-S23-W23 -> -3.7747583e-14 | Z23: =+Y23*1000000 -> -3.7747583e-08
D24: 아산 | E24: =+[4]아산!$H$86/1000 -> 399.79482 | F24: =+[4]아산!$I$86/1000 -> 79.527224 | G24: =+F24-E24 -> -320.2676 | H24: =+[4]아산!$T$5/1000 -> 26 | I24: =+[4]아산!$U$5/1000 -> 23.459 | J24: =+I24-H24 -> -2.541 | K24: =+[4]아산!$M$86/1000 -> -46.274624 | L24: =+[4]아산!$Q$85 -> 103000 | M24: =+[4]아산!$R$85 -> 93724.435 | N24: =+M24-L24 -> -9275.5654 | O24: =+[4]아산!$K$86/1000 -> -217.59549 | P24: =+[4]아산!$Q$50 -> 84788.814 | Q24: =+[4]아산!$R$50 -> 86790.108 | R24: =+Q24-P24 -> 2001.2942 | S24: =+[4]아산!$L$56/1000 -> -46.948351 | T24: =+([4]아산!$H$80+[4]아산!$H$85)/1000 -> 73.69601 | U24: =+([4]아산!$I$80+[4]아산!$I$85)/1000 -> 83.145147 | V24: =+U24-T24 -> 9.449137 | W24: =+([4]아산!$L$80+[4]아산!$L$85)/1000 -> -9.449137 | Y24: =+G24-K24-O24-S24-W24 -> -3.0198066e-13 | Z24: =+Y24*1000000 -> -3.0198066e-07
D25: 전주 | E25: =+[4]전주!$H$86/1000 -> 175.60275 | F25: =+[4]전주!$I$86/1000 -> 174.72593 | G25: =+F25-E25 -> -0.87681845 | H25: =+[4]전주!$T$5/1000 -> 12 | I25: =+[4]전주!$U$5/1000 -> 15.058 | J25: =+I25-H25 -> 3.058 | K25: =+[4]전주!$M$86/1000 -> 59.426865 | L25: =+[4]전주!$Q$85 -> 100725.59 | M25: =+[4]전주!$R$85 -> 98374.997 | N25: =+M25-L25 -> -2350.5947 | O25: =+[4]전주!$K$86/1000 -> -35.395255 | P25: =+[4]전주!$Q$50 -> 81292.346 | Q25: =+[4]전주!$R$50 -> 82789.021 | R25: =+Q25-P25 -> 1496.6757 | S25: =+[4]전주!$L$56/1000 -> -22.568122 | T25: =+([4]전주!$H$80+[4]전주!$H$85)/1000 -> 57.596198 | U25: =+([4]전주!$I$80+[4]전주!$I$85)/1000 -> 59.936504 | V25: =+U25-T25 -> 2.3403063 | W25: =+([4]전주!$L$80+[4]전주!$L$85)/1000 -> -2.3403063 | Y25: =+G25-K25-O25-S25-W25 -> -2.1715962e-13 | Z25: =+Y25*1000000 -> -2.1715962e-07
D26: 군산 | E26: =+[4]군산!$H$86/1000 -> 232.89281 | F26: =+[4]군산!$I$86/1000 -> 70.14253 | G26: =+F26-E26 -> -162.75028 | H26: =+[4]군산!$T$5/1000 -> 8 | I26: =+[4]군산!$U$5/1000 -> 4.3985 | J26: =+I26-H26 -> -3.6015 | K26: =+[4]군산!$M$86/1000 -> -119.20745 | L26: =+[4]군산!$Q$85 -> 111798.27 | M26: =+[4]군산!$R$85 -> 110265.3 | N26: =+M26-L26 -> -1532.9651 | O26: =+[4]군산!$K$86/1000 -> -6.4484175 | P26: =+[4]군산!$Q$50 -> 79731.352 | Q26: =+[4]군산!$R$50 -> 87683.543 | R26: =+Q26-P26 -> 7952.1913 | S26: =+[4]군산!$L$56/1000 -> -33.5143 | T26: =+([4]군산!$H$80+[4]군산!$H$85)/1000 -> 23.64253 | U26: =+([4]군산!$I$80+[4]군산!$I$85)/1000 -> 27.222639 | V26: =+U26-T26 -> 3.5801096 | W26: =+([4]군산!$L$80+[4]군산!$L$85)/1000 -> -3.5801096 | Y26: =+G26-K26-O26-S26-W26 -> 1.7763568e-14 | Z26: =+Y26*1000000 -> 1.7763568e-08
D27: 원주 | E27: =+[4]원주!$H$86/1000 -> 128.61965 | F27: =+[4]원주!$I$86/1000 -> 32.572096 | G27: =+F27-E27 -> -96.047556 | H27: =+[4]원주!$T$5/1000 -> 6 | I27: =+[4]원주!$U$5/1000 -> 3.3585 | J27: =+I27-H27 -> -2.6415 | K27: =+[4]원주!$M$86/1000 -> -65.680034 | L27: =+[4]원주!$Q$85 -> 112000 | M27: =+[4]원주!$R$85 -> 112065.55 | N27: =+M27-L27 -> 65.548608 | O27: =+[4]원주!$K$86/1000 -> 0.220145 | P27: =+[4]원주!$Q$50 -> 87135.327 | Q27: =+[4]원주!$R$50 -> 94907.329 | R27: =+Q27-P27 -> 7772.0018 | S27: =+[4]원주!$L$56/1000 -> -26.102273 | T27: =+([4]원주!$H$80+[4]원주!$H$85)/1000 -> 20.568388 | U27: =+([4]원주!$I$80+[4]원주!$I$85)/1000 -> 25.053781 | V27: =+U27-T27 -> 4.4853937 | W27: =+([4]원주!$L$80+[4]원주!$L$85)/1000 -> -4.4853937 | Y27: =+G27-K27-O27-S27-W27 -> 1.687539e-14 | Z27: =+Y27*1000000 -> 1.687539e-08
D28: 제주 | E28: =+[4]제주!$H$86/1000 -> 190.51152 | F28: =+[4]제주!$I$86/1000 -> 35.677639 | G28: =+F28-E28 -> -154.83388 | H28: =+[4]제주!$T$5/1000 -> 9 | I28: =+[4]제주!$U$5/1000 -> 4.794 | J28: =+I28-H28 -> -4.206 | K28: =+[4]제주!$M$86/1000 -> -104.84685 | L28: =+[4]제주!$Q$85 -> 122995.56 | M28: =+[4]제주!$R$85 -> 126594.93 | N28: =+M28-L28 -> 3599.3716 | O28: =+[4]제주!$K$86/1000 -> 16.909848 | P28: =+[4]제주!$Q$50 -> 98623.903 | Q28: =+[4]제주!$R$50 -> 112350.45 | R28: =+Q28-P28 -> 13726.544 | S28: =+[4]제주!$L$56/1000 -> -64.450591 | T28: =+([4]제주!$H$80+[4]제주!$H$85)/1000 -> 28.833347 | U28: =+([4]제주!$I$80+[4]제주!$I$85)/1000 -> 31.279639 | V28: =+U28-T28 -> 2.4462928 | W28: =+([4]제주!$L$80+[4]제주!$L$85)/1000 -> -2.4462928 | Y28: =+G28-K28-O28-S28-W28 -> 1.3455903e-13 | Z28: =+Y28*1000000 -> 1.3455903e-07
Y35: · 집합대손 2.2억 // 개별대손 3억(삼정이앤시) → 안양 2.9억, 양산 0.1억

Sheet 공헌이익
D4: □ 레미콘 단위당 공헌이익(2025-09)
V5: [단위 : 원/㎥]
A6: 2024년 12월 마감 손익 | D6: 구분 | E6: 판매단가 | H6: 재료비 | K6: 운반비 | N6: 유류비 | Q6: 변동비 계 | T6: 공헌이익
E7: 계획 | F7: 실적 | G7: 차이 | H7: 계획 | I7: 실적 | J7: 차이 | K7: 계획 | L7: 실적 | M7: 차이 | N7: 계획 | O7: 실적 | P7: 차이 | Q7: 계획 | R7: 실적 | S7: 차이 | T7: 계획 | U7: 실적 | V7: 차이
D8: 평균 | E8: =+[4]합계!$Q$85 -> 101901.72 | F8: =+[4]합계!$R$85 -> 97987.042 | G8: =+F8-E8 -> -3914.6823 | H8: =+[4]합계!$Q$20 -> 60350.744 | I8: =+[4]합계!$R$20 -> 60449.76 | J8: =+I8-H8 -> 99.016207 | K8: =+[4]합계!$Q$21 -> 18860.13 | L8: =+[4]합계!$R$21 -> 19670.463 | M8: =+L8-K8 -> 810.33391 | N8: =+[4]합계!$Q$22 -> 203.73333 | O8: =+[4]합계!$R$22 -> 204.96778 | P8: =+O8-N8 -> 1.2344453 | Q8: =H8+K8+N8 -> 79414.607 | R8: =I8+L8+O8 -> 80325.191 | S8: =+R8-Q8 -> 910.58456 | T8: =+E8-Q8 -> 22487.117 | U8: =+F8-R8 -> 17661.851 | V8: =+U8-T8 -> -4825.2668
D9: 수도권 | E9: =+[4]수도권!$Q$85 -> 100156.13 | F9: =+[4]수도권!$R$85 -> 95819.566 | G9: =+F9-E9 -> -4336.5677 | H9: =+[4]수도권!$Q$20 -> 61922.106 | I9: =+[4]수도권!$R$20 -> 62043.781 | J9: =+I9-H9 -> 121.67561 | K9: =+[4]수도권!$Q$21 -> 18734.574 | L9: =+[4]수도권!$R$21 -> 20125.955 | M9: =+L9-K9 -> 1391.3811 | N9: =+[4]수도권!$Q$22 -> 229.20354 | O9: =+[4]수도권!$R$22 -> 225.52634 | P9: =+O9-N9 -> -3.6771967 | Q9: =H9+K9+N9 -> 80885.883 | R9: =I9+L9+O9 -> 82395.263 | S9: =+R9-Q9 -> 1509.3795 | T9: =+E9-Q9 -> 19270.25 | U9: =+F9-R9 -> 13424.303 | V9: =+U9-T9 -> -5845.9471
D10: 영남권 | E10: =+[4]영남권!$Q$85 -> 100736.67 | F10: =+[4]영남권!$R$85 -> 98462.668 | G10: =+F10-E10 -> -2274.0062 | H10: =+[4]영남권!$Q$20 -> 59276.739 | I10: =+[4]영남권!$R$20 -> 59246.668 | J10: =+I10-H10 -> -30.070841 | K10: =+[4]영남권!$Q$21 -> 19405.997 | L10: =+[4]영남권!$R$21 -> 19914.042 | M10: =+L10-K10 -> 508.04426 | N10: =+[4]영남권!$Q$22 -> 198.57143 | O10: =+[4]영남권!$R$22 -> 177.19815 | P10: =+O10-N10 -> -21.373275 | Q10: =H10+K10+N10 -> 78881.308 | R10: =I10+L10+O10 -> 79337.908 | S10: =+R10-Q10 -> 456.60014 | T10: =+E10-Q10 -> 21855.367 | U10: =+F10-R10 -> 19124.76 | V10: =+U10-T10 -> -2730.6063
D11: 기타권 | E11: =+[4]중부권!$Q$85 -> 107541.86 | F11: =+[4]중부권!$R$85 -> 100727.81 | G11: =+F11-E11 -> -6814.0439 | H11: =+[4]중부권!$Q$20 -> 59658.298 | I11: =+[4]중부권!$R$20 -> 60284.599 | J11: =+I11-H11 -> 626.30174 | K11: =+[4]중부권!$Q$21 -> 17965.185 | L11: =+[4]중부권!$R$21 -> 18350.595 | M11: =+L11-K11 -> 385.40985 | N11: =+[4]중부권!$Q$22 -> 167.21311 | O11: =+[4]중부권!$R$22 -> 229.38695 | P11: =+O11-N11 -> 62.173839 | Q11: =H11+K11+N11 -> 77790.696 | R11: =I11+L11+O11 -> 78864.581 | S11: =+R11-Q11 -> 1073.8854 | T11: =+E11-Q11 -> 29751.161 | U11: =+F11-R11 -> 21863.231 | V11: =+U11-T11 -> -7887.9293
D12: 안양 | E12: =+[4]안양!$Q$85 -> 101524.39 | F12: =+[4]안양!$R$85 -> 98622.172 | G12: =+F12-E12 -> -2902.2229 | H12: =+[4]안양!$Q$20 -> 62997.506 | I12: =+[4]안양!$R$20 -> 60886.718 | J12: =+I12-H12 -> -2110.788 | K12: =+[4]안양!$Q$21 -> 17934.899 | L12: =+[4]안양!$R$21 -> 19205.97 | M12: =+L12-K12 -> 1271.0708 | N12: =+[4]안양!$Q$22 -> 195.12195 | O12: =+[4]안양!$R$22 -> 154.20741 | P12: =+O12-N12 -> -40.91454 | Q12: =H12+K12+N12 -> 81127.527 | R12: =I12+L12+O12 -> 80246.895 | S12: =+R12-Q12 -> -880.63175 | T12: =+E12-Q12 -> 20396.868 | U12: =+F12-R12 -> 18375.277 | V12: =+U12-T12 -> -2021.5912
D13: 인천 | E13: =+[4]인천!$Q$85 -> 103707.95 | F13: =+[4]인천!$R$85 -> 96088.332 | G13: =+F13-E13 -> -7619.62 | H13: =+[4]인천!$Q$20 -> 63512.901 | I13: =+[4]인천!$R$20 -> 65364.575 | J13: =+I13-H13 -> 1851.6742 | K13: =+[4]인천!$Q$21 -> 18365.015 | L13: =+[4]인천!$R$21 -> 20679.619 | M13: =+L13-K13 -> 2314.6034 | N13: =+[4]인천!$Q$22 -> 375 | O13: =+[4]인천!$R$22 -> 361.85548 | P13: =+O13-N13 -> -13.144518 | Q13: =H13+K13+N13 -> 82252.916 | R13: =I13+L13+O13 -> 86406.049 | S13: =+R13-Q13 -> 4153.1331 | T13: =+E13-Q13 -> 21455.036 | U13: =+F13-R13 -> 9682.283 | V13: =+U13-T13 -> -11772.753
D14: 파주 | E14: =+[4]파주!$Q$85 -> 96393.269 | F14: =+[4]파주!$R$85 -> 91863.064 | G14: =+F14-E14 -> -4530.2049 | H14: =+[4]파주!$Q$20 -> 60798.643 | I14: =+[4]파주!$R$20 -> 59082.816 | J14: =+I14-H14 -> -1715.8268 | K14: =+[4]파주!$Q$21 -> 20554.567 | L14: =+[4]파주!$R$21 -> 20656.885 | M14: =+L14-K14 -> 102.31756 | N14: =+[4]파주!$Q$22 -> 202.5 | O14: =+[4]파주!$R$22 -> 203.61361 | P14: =+O14-N14 -> 1.1136109 | Q14: =H14+K14+N14 -> 81555.71 | R14: =I14+L14+O14 -> 79943.314 | S14: =+R14-Q14 -> -1612.3957 | T14: =+E14-Q14 -> 14837.559 | U14: =+F14-R14 -> 11919.75 | V14: =+U14-T14 -> -2917.8093
D15: 김포 | E15: =+[4]김포!$Q$85 -> 95190.622 | F15: =+[4]김포!$R$85 -> 92479.295 | G15: =+F15-E15 -> -2711.327 | H15: =+[4]김포!$Q$20 -> 57669.995 | I15: =+[4]김포!$R$20 -> 60433.177 | J15: =+I15-H15 -> 2763.182 | K15: =+[4]김포!$Q$21 -> 18792.871 | L15: =+[4]김포!$R$21 -> 20518.418 | M15: =+L15-K15 -> 1725.5469 | N15: =+[4]김포!$Q$22 -> 65 | O15: =+[4]김포!$R$22 -> 75.934843 | P15: =+O15-N15 -> 10.934843 | Q15: =H15+K15+N15 -> 76527.866 | R15: =I15+L15+O15 -> 81027.53 | S15: =+R15-Q15 -> 4499.6637 | T15: =+E15-Q15 -> 18662.755 | U15: =+F15-R15 -> 11451.765 | V15: =+U15-T15 -> -7210.9907
D16: 부산 | E16: =+[4]부산!$Q$85 -> 107699.87 | F16: =+[4]부산!$R$85 -> 107168 | G16: =+F16-E16 -> -531.86966 | H16: =+[4]부산!$Q$20 -> 63880.519 | I16: =+[4]부산!$R$20 -> 63670.936 | J16: =+I16-H16 -> -209.58274 | K16: =+[4]부산!$Q$21 -> 20705.659 | L16: =+[4]부산!$R$21 -> 22086.106 | M16: =+L16-K16 -> 1380.4464 | N16: =+[4]부산!$Q$22 -> 95.238095 | O16: =+[4]부산!$R$22 -> 0 | P16: =+O16-N16 -> -95.238095 | Q16: =H16+K16+N16 -> 84681.417 | R16: =I16+L16+O16 -> 85757.042 | S16: =+R16-Q16 -> 1075.6256 | T16: =+E16-Q16 -> 23018.458 | U16: =+F16-R16 -> 21410.962 | V16: =+U16-T16 -> -1607.4952
D17: 서부산 | E17: =+[4]서부산!$Q$85 -> 99299.86 | F17: =+[4]서부산!$R$85 -> 97055.587 | G17: =+F17-E17 -> -2244.2738 | H17: =+[4]서부산!$Q$20 -> 59485.289 | I17: =+[4]서부산!$R$20 -> 60265.377 | J17: =+I17-H17 -> 780.08764 | K17: =+[4]서부산!$Q$21 -> 17691.749 | L17: =+[4]서부산!$R$21 -> 17146.211 | M17: =+L17-K17 -> -545.53754 | N17: =+[4]서부산!$Q$22 -> 142.85714 | O17: =+[4]서부산!$R$22 -> 130.72617 | P17: =+O17-N17 -> -12.130972 | Q17: =H17+K17+N17 -> 77319.895 | R17: =I17+L17+O17 -> 77542.314 | S17: =+R17-Q17 -> 222.41913 | T17: =+E17-Q17 -> 21979.965 | U17: =+F17-R17 -> 19513.273 | V17: =+U17-T17 -> -2466.6929
D18: 김해 | E18: =+[4]김해!$Q$85 -> 96299.9 | F18: =+[4]김해!$R$85 -> 88617.202 | G18: =+F18-E18 -> -7682.6981 | H18: =+[4]김해!$Q$20 -> 56532.734 | I18: =+[4]김해!$R$20 -> 54267.077 | J18: =+I18-H18 -> -2265.6576 | K18: =+[4]김해!$Q$21 -> 20304.727 | L18: =+[4]김해!$R$21 -> 23133.127 | M18: =+L18-K18 -> 2828.4 | N18: =+[4]김해!$Q$22 -> 357.14286 | O18: =+[4]김해!$R$22 -> 471.5054 | P18: =+O18-N18 -> 114.36254 | Q18: =H18+K18+N18 -> 77194.604 | R18: =I18+L18+O18 -> 77871.709 | S18: =+R18-Q18 -> 677.10495 | T18: =+E18-Q18 -> 19105.296 | U18: =+F18-R18 -> 10745.493 | V18: =+U18-T18 -> -8359.8031
