Workbook

Sheet 표지
A6: 2025년 3월 마감 손익
A24: 건재사업본부

Sheet 손익총괄
C3: □ 건재사업본부 손익실적(2025-03)
X4: [단위 : 천㎥, 톤, 원/㎥, 원/톤, 백만원]
C5: 구분 | E5: 3월 | J5: 3월 누계 | P5: 3월 주요지표
A6: 2024년 12월 마감 손익 | E6: 계획 | F6: 실적 | G6: 계획대비 | H6: 전년 | I6: 전년대비 | J6: 계획 | K6: 실적 | L6: 계획대비 | M6: 전년 | N6: 전년대비
A7: =+F7/E7 -> 0.97409158 | B7: =+K7/J7 -> 0.92586351 | C7: 물량 | D7: 레미콘 | E7: =+'[1]3월'!$Z$7/1000 -> 273 | F7: =+'[2]3월'!$Z$7/1000 -> 265.927 | G7: =+F7-E7 -> -7.073 | H7: =+'[3]3월'!$Z$7/1000 -> 298.4865 | I7: =+F7-H7 -> -32.5595 | J7: =+'[1]3월누계'!$Z$7/1000 -> 707 | K7: =+'[2]3월누계'!$Z$7/1000 -> 654.5855 | L7: =+K7-J7 -> -52.4145 | M7: =+'[3]3월누계'!$Z$7/1000 -> 794.9285 | N7: =+K7-M7 -> -140.343 | Q7: □ 레미콘
D8: 철강재 | E8: =+'[1]3월'!$AA$7 -> 10200 | F8: =+'[2]3월'!$AO$7 -> 15762.77 | G8: =+F8-E8 -> 5562.77 | H8: =+'[3]3월'!$AO$7 -> 8665.068 | I8: =+F8-H8 -> 7097.702 | J8: =+'[1]3월누계'!$AA$7 -> 30200 | K8: =+'[2]3월누계'!$AO$7 -> 34222.795 | L8: =+K8-J8 -> 4022.795 | M8: =+'[3]3월누계'!$AO$7 -> 21735.563 | N8: =+K8-M8 -> 12487.232 | Q8: 구분 | S8: 계획 | T8: 실적 | U8: 계획대비 | V8: 전년 | W8: 전년대비
D9: 골재 | E9: =+'[1]3월'!$AE$7/1000 -> 78.27623 | F9: =+'[2]3월'!$AN$7/1000 -> 61.211 | G9: =+F9-E9 -> -17.06523 | H9: =+'[3]3월'!$AN$7/1000 -> 84.928 | I9: =+F9-H9 -> -23.717 | J9: =+'[1]3월누계'!$AE$7/1000 -> 243.46672 | K9: =+'[2]3월누계'!$AN$7/1000 -> 167.4 | L9: =+K9-J9 -> -76.066716 | M9: =+'[3]3월누계'!$AN$7/1000 -> 234.717 | N9: =+K9-M9 -> -67.317 | Q9: 물량 | R9: 수도권 | S9: =+[4]수도권!$T$5/1000 -> 101 | T9: =+[4]수도권!$U$5/1000 -> 93.47 | U9: =+T9-S9 -> -7.53 | V9: =+[5]수도권!$T$5/1000 -> 110.047 | W9: =+T9-V9 -> -16.577
C10: 매출 | D10: 레미콘 | E10: =+'[1]3월'!$Z$8/1000 -> 27398.711 | F10: =+'[2]3월'!$Z$8/1000 -> 25879.148 | G10: =+F10-E10 -> -1519.563 | H10: =+'[3]3월'!$Z$8/1000 -> 30505.252 | I10: =+F10-H10 -> -4626.1043 | J10: =+'[1]3월누계'!$Z$8/1000 -> 71035.473 | K10: =+'[2]3월누계'!$Z$8/1000 -> 64876.307 | L10: =+K10-J10 -> -6159.1659 | M10: =+'[3]3월누계'!$Z$8/1000 -> 80602.44 | N10: =+K10-M10 -> -15726.133 | R10: 영남권 | S10: =+[4]영남권!$T$5/1000 -> 120.5 | T10: =+[4]영남권!$U$5/1000 -> 117.338 | U10: =+T10-S10 -> -3.162 | V10: =+[5]영남권!$T$5/1000 -> 134.5 | W10: =+T10-V10 -> -17.162
D11: 건자재 | E11: =+'[1]3월'!$AA$8/1000 -> 11165.946 | F11: =+'[2]3월'!$AO$8/1000 -> 12535.229 | G11: =+F11-E11 -> 1369.2831 | H11: =+'[3]3월'!$AO$8/1000 -> 8759.9178 | I11: =+F11-H11 -> 3775.3109 | J11: =+'[1]3월누계'!$AA$8/1000 -> 33063.214 | K11: =+'[2]3월누계'!$AO$8/1000 -> 28292.343 | L11: =+K11-J11 -> -4770.8704 | M11: =+'[3]3월누계'!$AO$8/1000 -> 22933.533 | N11: =+K11-M11 -> 5358.8106 | R11: 중부권 | S11: =+[4]중부권!$T$5/1000 -> 51.5 | T11: =+[4]중부권!$U$5/1000 -> 55.119 | U11: =+T11-S11 -> 3.619 | V11: =+[5]중부권!$T$5/1000 -> 53.9395 | W11: =+T11-V11 -> 1.1795
D12: 골재 | E12: =+'[1]3월'!$AE$8/1000 -> 1269.7349 | F12: =+'[2]3월'!$AN$8/1000 -> 1283.417 | G12: =+F12-E12 -> 13.682068 | H12: =+'[3]3월'!$AN$8/1000 -> 1765.0027 | I12: =+F12-H12 -> -481.58567 | J12: =+'[1]3월누계'!$AE$8/1000 -> 4504.8187 | K12: =+'[2]3월누계'!$AN$8/1000 -> 3577.7485 | L12: =+K12-J12 -> -927.0702 | M12: =+'[3]3월누계'!$AN$8/1000 -> 4781.6092 | N12: =+K12-M12 -> -1203.8607 | Q12: 계 | S12: =SUM(S9:S11) -> 273 | T12: =SUM(T9:T11) -> 265.927 | U12: =+T12-S12 -> -7.073 | V12: =SUM(V9:V11) -> 298.4865 | W12: =+T12-V12 -> -32.5595
D13: 기타 | E13: =+'[1]3월'!$E$8/1000-E10-E11-E12 -> 166.7015 | F13: =+'[2]3월'!$F$8/1000-F10-F11-F12 -> 141.06233 | G13: =+F13-E13 -> -25.639173 | H13: =+'[3]3월'!$F$8/1000-H10-H11-H12 -> 164.55387 | I13: =+F13-H13 -> -23.491541 | J13: =+'[1]3월누계'!$E$8/1000-J10-J11-J12 -> 500.1045 | K13: =+'[2]3월누계'!$F$8/1000-K10-K11-K12 -> 472.83429 | L13: =+K13-J13 -> -27.270206 | M13: =+'[3]3월누계'!$F$8/1000-M10-M11-M12 -> 493.55454 | N13: =+K13-M13 -> -20.720244 | Q13: 판매단가 | R13: 수도권 | S13: =+[4]수도권!$T$61 -> 97002.569 | T13: =+[4]수도권!$U$61 -> 93007.036 | U13: =+T13-S13 -> -3995.5331 | V13: =+[5]수도권!$Q$85 -> 101292.86 | W13: =+T13-V13 -> -8285.8283
A14: =+F14/E14 -> 0.99594419 | B14: =+K14/J14 -> 0.89107256 | C14: 계 | E14: =SUM(E10:E13) -> 40001.093 | F14: =SUM(F10:F13) -> 39838.856 | G14: =+F14-E14 -> -162.237 | H14: =SUM(H10:H13) -> 41194.726 | I14: =+F14-H14 -> -1355.8707 | J14: =SUM(J10:J13) -> 109103.61 | K14: =SUM(K10:K13) -> 97219.234 | L14: =+K14-J14 -> -11884.377 | M14: =SUM(M10:M13) -> 108811.14 | N14: =+K14-M14 -> -11591.903 | R14: 영남권 | S14: =+[4]영남권!$T$61 -> 100667.16 | T14: =+[4]영남권!$U$61 -> 98256.721 | U14: =+T14-S14 -> -2410.4355 | V14: =+[5]영남권!$Q$85 -> 101364.13 | W14: =+T14-V14 -> -3107.4046
C15: 매출원가 | D15: 레미콘 | E15: =+('[1]3월'!$Z$10+'[1]3월'!$Z$19)/1000 -> 24508.882 | F15: =+('[2]3월'!$Z$10+'[2]3월'!$Z$19)/1000 -> 23517.883 | G15: =+F15-E15 -> -990.99855 | H15: =+('[3]3월'!$Z$10+'[3]3월'!$Z$19)/1000 -> 26174.702 | I15: =+F15-H15 -> -2656.819 | J15: =+('[1]3월누계'!$Z$10+'[1]3월누계'!$Z$19)/1000 -> 64667.198 | K15: =+('[2]3월누계'!$Z$10+'[2]3월누계'!$Z$19)/1000 -> 60218.076 | L15: =+K15-J15 -> -4449.1222 | M15: =+('[3]3월누계'!$Z$10+'[3]3월누계'!$Z$19)/1000 -> 70916.899 | N15: =+K15-M15 -> -10698.823 | R15: 중부권 | S15: =+[4]중부권!$T$61 -> 106234.15 | T15: =+[4]중부권!$U$61 -> 102574.02 | U15: =+T15-S15 -> -3660.1367 | V15: =+[5]중부권!$Q$85 -> 106231.06 | W15: =+T15-V15 -> -3657.0489
D16: 건자재 | E16: =+('[1]3월'!$AA$10+'[1]3월'!$AA$19)/1000 -> 10864.469 | F16: =+('[2]3월'!$AO$10+'[2]3월'!$AO$19)/1000 -> 12498.384 | G16: =+F16-E16 -> 1633.9153 | H16: =+('[3]3월'!$AO$10+'[3]3월'!$AO$19)/1000 -> 8596.6222 | I16: =+F16-H16 -> 3901.7619 | J16: =+('[1]3월누계'!$AA$10+'[1]3월누계'!$AA$19)/1000 -> 32170.12 | K16: =+('[2]3월누계'!$AO$10+'[2]3월누계'!$AO$19)/1000 -> 27959.927 | L16: =+K16-J16 -> -4210.1925 | M16: =+('[3]3월누계'!$AO$10+'[3]3월누계'!$AO$19)/1000 -> 22399.724 | N16: =+K16-M16 -> 5560.2029 | Q16: 계 | S16: =+[4]합계!$T$61 -> 100361.58 | T16: =+[4]합계!$U$61 -> 97314.829 | U16: =+T16-S16 -> -3046.7487 | V16: =+[5]합계!$Q$85 -> 102216.11 | W16: =+T16-V16 -> -4901.2824
D17: 골재 | E17: =+('[1]3월'!$AE$10+'[1]3월'!$AE$19)/1000 -> 1212.6048 | F17: =+('[2]3월'!$AN$10+'[2]3월'!$AN$19)/1000 -> 1364.7504 | G17: =+F17-E17 -> 152.14559 | H17: =+('[3]3월'!$AN$10+'[3]3월'!$AN$19)/1000 -> 1564.4598 | I17: =+F17-H17 -> -199.70936 | J17: =+('[1]3월누계'!$AE$10+'[1]3월누계'!$AE$19)/1000 -> 3999.7427 | K17: =+('[2]3월누계'!$AN$10+'[2]3월누계'!$AN$19)/1000 -> 3941.0665 | L17: =+K17-J17 -> -58.6762 | M17: =+('[3]3월누계'!$AN$10+'[3]3월누계'!$AN$19)/1000 -> 4229.3105 | N17: =+K17-M17 -> -288.24398 | Q17: 공헌이익 | R17: 수도권 | S17: =+[4]수도권!$Q$90 -> 15550.625 | T17: =+[4]수도권!$R$90 -> 12300.18 | U17: =+T17-S17 -> -3250.4445 | V17: =+[5]수도권!$Q$90 -> 19077.909 | W17: =+T17-V17 -> -6777.7289
D18: 기타 | E18: =+('[1]3월'!$E$10+'[1]3월'!$E$19)/1000-E15-E16-E17 -> 52.494339 | F18: =+('[2]3월'!$F$10+'[2]3월'!$F$19)/1000-F15-F16-F17 -> 22.176476 | G18: =+F18-E18 -> -30.317863 | H18: =+('[3]3월'!$F$10+'[3]3월'!$F$19)/1000-H15-H16-H17 -> 14.536916 | I18: =+F18-H18 -> 7.63956 | J18: =+('[1]3월누계'!$E$10+'[1]3월누계'!$E$19)/1000-J15-J16-J17 -> 109.3829 | K18: =+('[2]3월누계'!$F$10+'[2]3월누계'!$F$19)/1000-K15-K16-K17 -> 381.60009 | L18: =+K18-J18 -> 272.21719 | M18: =+('[3]3월누계'!$F$10+'[3]3월누계'!$F$19)/1000-M15-M16-M17 -> 71.47703 | N18: =+K18-M18 -> 310.12306 | R18: 영남권 | S18: =+[4]영남권!$Q$90 -> 21640.406 | T18: =+[4]영남권!$R$90 -> 20424.307 | U18: =+T18-S18 -> -1216.0995 | V18: =+[5]영남권!$Q$90 -> 22198.4 | W18: =+T18-V18 -> -1774.0929
C19: 계 | E19: =SUM(E15:E18) -> 36638.45 | F19: =SUM(F15:F18) -> 37403.194 | G19: =+F19-E19 -> 764.74448 | H19: =SUM(H15:H18) -> 36350.321 | I19: =+F19-H19 -> 1052.8731 | J19: =SUM(J15:J18) -> 100946.44 | K19: =SUM(K15:K18) -> 92500.67 | L19: =+K19-J19 -> -8445.7738 | M19: =SUM(M15:M18) -> 97617.411 | N19: =+K19-M19 -> -5116.741 | R19: 중부권 | S19: =+[4]중부권!$Q$90 -> 27345.93 | T19: =+[4]중부권!$R$90 -> 21953.416 | U19: =+T19-S19 -> -5392.5136 | V19: =+[5]중부권!$Q$90 -> 29414.592 | W19: =+T19-V19 -> -7461.1758
C20: 매출이익 | D20: 레미콘 | E20: =+E10-E15 -> 2889.8289 | F20: =+F10-F15 -> 2361.2644 | G20: =+F20-E20 -> -528.56448 | H20: =+H10-H15 -> 4330.5497 | I20: =+F20-H20 -> -1969.2853 | J20: =+J10-J15 -> 6368.2752 | K20: =+K10-K15 -> 4658.2316 | L20: =+K20-J20 -> -1710.0436 | M20: =+M10-M15 -> 9685.5416 | N20: =+K20-M20 -> -5027.31 | Q20: 계 | S20: =+[4]합계!$Q$90 -> 20463.727 | T20: =+[4]합계!$R$90 -> 17907.066 | U20: =+T20-S20 -> -2556.6607 | V20: =+[5]합계!$Q$90 -> 22348.202 | W20: =+T20-V20 -> -4441.1361
D21: 건자재 | E21: =+E11-E16 -> 301.47673 | F21: =+F11-F16 -> 36.844564 | G21: =+F21-E21 -> -264.63216 | H21: =+H11-H16 -> 163.29556 | I21: =+F21-H21 -> -126.45099 | J21: =+J11-J16 -> 893.09396 | K21: =+K11-K16 -> 332.4161 | L21: =+K21-J21 -> -560.67786 | M21: =+M11-M16 -> 533.80844 | N21: =+K21-M21 -> -201.39234 | Q21: □ 건자재
D22: 골재 | E22: =+E12-E17 -> 57.130083 | F22: =+F12-F17 -> -81.333441 | G22: =+F22-E22 -> -138.46352 | H22: =+H12-H17 -> 200.54287 | I22: =+F22-H22 -> -281.87631 | J22: =+J12-J17 -> 505.07601 | K22: =+K12-K17 -> -363.31799 | L22: =+K22-J22 -> -868.394 | M22: =+M12-M17 -> 552.29871 | N22: =+K22-M22 -> -915.6167 | Q22: 구분 | S22: 계획 | T22: 실적 | U22: 계획대비 | V22: 전년 | W22: 전년대비
D23: 기타 | E23: =+E13-E18 -> 114.20716 | F23: =+F13-F18 -> 118.88585 | G23: =+F23-E23 -> 4.67869 | H23: =+H13-H18 -> 150.01695 | I23: =+F23-H23 -> -31.131101 | J23: =+J13-J18 -> 390.7216 | K23: =+K13-K18 -> 91.234206 | L23: =+K23-J23 -> -299.4874 | M23: =+M13-M18 -> 422.07751 | N23: =+K23-M23 -> -330.8433 | Q23: 철강재 판매단가 | S23: =+'[6]3월'!$F$10 -> 872058.82 | T23: =+'[6]3월'!$G$10 -> 736140.84 | U23: =+T23-S23 -> -135917.98 | V23: =+'[6]3월'!$G$10 -> 736140.84 | W23: =+T23-V23 -> 0
C24: 계 | E24: =SUM(E20:E23) -> 3362.6428 | F24: =SUM(F20:F23) -> 2435.6614 | G24: =+F24-E24 -> -926.98148 | H24: =SUM(H20:H23) -> 4844.4051 | I24: =+F24-H24 -> -2408.7437 | J24: =SUM(J20:J23) -> 8157.1668 | K24: =SUM(K20:K23) -> 4718.5639 | L24: =+K24-J24 -> -3438.6029 | M24: =SUM(M20:M23) -> 11193.726 | N24: =+K24-M24 -> -6475.1624 | Q24: 철강재 마진률 | S24: =+'[6]3월'!$F$15 -> 0.02394688 | T24: =+'[6]3월'!$G$15 -> 0.0014844908 | U24: =+T24-S24 -> -0.022462389 | V24: =+'[6]3월'!$G$15 -> 0.0014844908 | W24: =+T24-V24 -> 0
C25: 판관비 | D25: 레미콘 | E25: =+('[1]3월'!$Z$13+'[1]3월'!$Z$20)/1000 -> 683.8664 | F25: =+('[2]3월'!$Z$13+'[2]3월'!$Z$20)/1000 -> 668.37766 | G25: =+F25-E25 -> -15.48874 | H25: =+('[3]3월'!$Z$13+'[3]3월'!$Z$20)/1000 -> 638.65116 | I25: =+F25-H25 -> 29.726496 | J25: =+('[1]3월누계'!$Z$13+'[1]3월누계'!$Z$20)/1000 -> 2044.4603 | K25: =+('[2]3월누계'!$Z$13+'[2]3월누계'!$Z$20)/1000 -> 2000.234 | L25: =+K25-J25 -> -44.226358 | M25: =+('[3]3월누계'!$Z$13+'[3]3월누계'!$Z$20)/1000 -> 1972.154 | N25: =+K25-M25 -> 28.079915 | Q25: □ 골재
D26: 건자재 | E26: =+('[1]3월'!$AA$13+'[1]3월'!$AA$20)/1000 -> 136.58177 | F26: =+('[2]3월'!$AO$13+'[2]3월'!$AO$20)/1000 -> 155.71491 | G26: =+F26-E26 -> 19.133144 | H26: =+('[3]3월'!$AO$13+'[3]3월'!$AO$20)/1000 -> 131.64021 | I26: =+F26-H26 -> 24.0747 | J26: =+('[1]3월누계'!$AA$13+'[1]3월누계'!$AA$20)/1000 -> 389.21692 | K26: =+('[2]3월누계'!$AO$13+'[2]3월누계'!$AO$20)/1000 -> 438.72749 | L26: =+K26-J26 -> 49.510561 | M26: =+('[3]3월누계'!$AO$13+'[3]3월누계'!$AO$20)/1000 -> 385.04121 | N26: =+K26-M26 -> 53.686278 | Q26: 구분 | S26: 계획 | T26: 실적 | U26: 계획대비 | V26: 전년 | W26: 전년대비
D27: 골재 | E27: =+('[1]3월'!$AE$13+'[1]3월'!$AE$20+'[1]3월'!$AE$22)/1000 -> 46.973995 | F27: =+('[2]3월'!$AN$13+'[2]3월'!$AN$20+'[2]3월'!$AN$22)/1000 -> 45.48203 | G27: =+F27-E27 -> -1.4919647 | H27: =+('[3]3월'!$AN$13+'[3]3월'!$AN$20+'[3]3월'!$AN$22)/1000 -> 44.675271 | I27: =+F27-H27 -> 0.80675916 | J27: =+('[1]3월누계'!$AE$13+'[1]3월누계'!$AE$20+'[1]3월누계'!$AE$22)/1000 -> 143.84778 | K27: =+('[2]3월누계'!$AN$13+'[2]3월누계'!$AN$20+'[2]3월누계'!$AN$22)/1000 -> 141.72707 | L27: =+K27-J27 -> -2.1207043 | M27: =+('[3]3월누계'!$AN$13+'[3]3월누계'!$AN$20+'[3]3월누계'!$AN$22)/1000 -> 133.17802 | N27: =+K27-M27 -> 8.5490589 | Q27: 판매량 | R27: 자가 | S27: =(+'[7]서부산크라샤(당월)'!$W$66+'[7]부산모래장(당월)'!$Q$48+'[7]부산크라샤(당월)'!$T$66)/1000 -> 50.27613 | T27: =(+'[7]서부산크라샤(당월)'!$X$66+'[7]부산모래장(당월)'!$R$48+'[7]부산크라샤(당월)'!$U$66)/1000 -> 38.83 | U27: =+T27-S27 -> -11.44613 | V27: =+[8]손익총괄!$V$27 -> 34.244 | W27: =+T27-V27 -> 4.586
D28: 기타 | E28: =+('[1]3월'!$E$13+'[1]3월'!$E$20)/1000-E25-E26-E27+('[1]3월'!$E$22/1000) -> 1431.6335 | F28: =+('[2]3월'!$F$13+'[2]3월'!$F$20)/1000-F25-F26-F27+'[2]3월'!$F$22/1000 -> 1876.0986 | G28: =+F28-E28 -> 444.4651 | H28: =+('[3]3월'!$F$13+'[3]3월'!$F$20)/1000-H25-H26-H27+'[3]3월'!$F$22/1000 -> 3152.7443 | I28: =+F28-H28 -> -1276.6458 | J28: =+('[1]3월누계'!$E$13+'[1]3월누계'!$E$20)/1000-J25-J26-J27+('[1]3월누계'!$E$22/1000) -> 4531.2796 | K28: =+('[2]3월누계'!$F$13+'[2]3월누계'!$F$20)/1000-K25-K26-K27+'[2]3월누계'!$F$22/1000 -> 5347.2188 | L28: =+K28-J28 -> 815.93929 | M28: =+('[3]3월누계'!$F$13+'[3]3월누계'!$F$20)/1000-M25-M26-M27+'[3]3월누계'!$F$22/1000 -> 5552.3339 | N28: =+K28-M28 -> -205.11509 | R28: 외판 | S28: =(+'[7]서부산크라샤(당월)'!$W$59+'[7]부산모래장(당월)'!$Q$47+'[7]부산크라샤(당월)'!$T$59)/1000 -> 28 | T28: =(+'[7]서부산크라샤(당월)'!$X$59+'[7]부산모래장(당월)'!$R$47+'[7]부산크라샤(당월)'!$U$59)/1000 -> 17.491 | U28: =+T28-S28 -> -10.509 | V28: =+[8]손익총괄!$V$28 -> 22.216 | W28: =+T28-V28 -> -4.725
C29: 계 | E29: =SUM(E25:E28) -> 2299.0556 | F29: =SUM(F25:F28) -> 2745.6732 | G29: =+F29-E29 -> 446.61754 | H29: =SUM(H25:H28) -> 3967.711 | I29: =+F29-H29 -> -1222.0378 | J29: =SUM(J25:J28) -> 7108.8046 | K29: =SUM(K25:K28) -> 7927.9074 | L29: =+K29-J29 -> 819.10279 | M29: =SUM(M25:M28) -> 8042.7072 | N29: =+K29-M29 -> -114.79984 | Q29: 합 계 | S29: =SUM(S27:S28) -> 78.27613 | T29: =SUM(T27:T28) -> 56.321 | U29: =+T29-S29 -> -21.95513 | V29: =SUM(V27:V28) -> 56.46 | W29: =+T29-V29 -> -0.139
C30: 영업이익 | D30: 레미콘 | E30: =+E20-E25 -> 2205.9625 | F30: =+F20-F25 -> 1692.8867 | G30: =+F30-E30 -> -513.07574 | H30: =+H20-H25 -> 3691.8986 | I30: =+F30-H30 -> -1999.0118 | J30: =+J20-J25 -> 4323.8149 | K30: =+K20-K25 -> 2657.9976 | L30: =+K30-J30 -> -1665.8173 | M30: =+M20-M25 -> 7713.3876 | N30: =+K30-M30 -> -5055.3899 | Q30: □ 기타내역(영업이익)
D31: % | E31: =+E30/E10 -> 0.080513368 | F31: =+F30/F10 -> 0.065415089 | G31: =+F31-E31 -> -0.01509828 | H31: =+H30/H10 -> 0.12102501 | I31: =+F31-H31 -> -0.055609926 | J31: =+J30/J10 -> 0.06086839 | K31: =+K30/K10 -> 0.040970236 | L31: =+K31-J31 -> -0.019898154 | M31: =+M30/M10 -> 0.0956967 | N31: =+K31-M31 -> -0.054726464 | Q31: 구분 | S31: 계획 | T31: 실적 | U31: 계획대비 | V31: 전년 | W31: 전년대비
D32: 건자재 | E32: =+E21-E26 -> 164.89496 | F32: =+F21-F26 -> -118.87035 | G32: =+F32-E32 -> -283.76531 | H32: =+H21-H26 -> 31.655346 | I32: =+F32-H32 -> -150.52569 | J32: =+J21-J26 -> 503.87703 | K32: =+K21-K26 -> -106.31139 | L32: =+K32-J32 -> -610.18842 | M32: =+M21-M26 -> 148.76724 | N32: =+K32-M32 -> -255.07862 | Q32: 레미콘임대 | S32: =+'사업장별(당월)'!T33 -> 75.717537 | T32: =+'사업장별(당월)'!U33 -> 46.568992 | U32: =+T32-S32 -> -29.148545 | V32: =+'사업장별(당월)'!W33 -> 75.121657 | W32: =+T32-V32 -> -28.552665
D33: 골재 | E33: =+E22-E27 -> 10.156088 | F33: =+F22-F27 -> -126.81547 | G33: =+F33-E33 -> -136.97156 | H33: =+H22-H27 -> 155.8676 | I33: =+F33-H33 -> -282.68307 | J33: =+J22-J27 -> 361.22823 | K33: =+K22-K27 -> -505.04506 | L33: =+K33-J33 -> -866.27329 | M33: =+M22-M27 -> 419.12069 | N33: =+K33-M33 -> -924.16575 | Q33: 임대 | S33: =+'사업장별(당월)'!T34 -> 76.556944 | T33: =+'사업장별(당월)'!U34 -> 76.003665 | U33: =+T33-S33 -> -0.553279 | V33: =+'사업장별(당월)'!W34 -> 74.495595 | W33: =+T33-V33 -> 1.50807
D34: 기타 | E34: =+E23-E28 -> -1317.4263 | F34: =+F23-F28 -> -1757.2127 | G34: =+F34-E34 -> -439.78641 | H34: =+H23-H28 -> -3002.7274 | I34: =+F34-H34 -> 1245.5147 | J34: =+J23-J28 -> -4140.5579 | K34: =+K23-K28 -> -5255.9846 | L34: =+K34-J34 -> -1115.4267 | M34: =+M23-M28 -> -5130.2564 | N34: =+K34-M34 -> -125.72821 | Q34: 공통비 | S34: =+'사업장별(당월)'!T35 -> -1394.3694 | T34: =+'사업장별(당월)'!U35 -> -1338.7445 | U34: =+T34-S34 -> 55.624936 | V34: =+'사업장별(당월)'!W35 -> -1237.7949 | W34: =+T34-V34 -> -100.94957
C35: 계 | E35: =SUM(E30,E32:E34) -> 1063.5872 | F35: =SUM(F30,F32:F34) -> -310.01179 | G35: =+F35-E35 -> -1373.599 | H35: =SUM(H30,H32:H34) -> 876.69411 | I35: =+F35-H35 -> -1186.7059 | J35: =SUM(J30,J32:J34) -> 1048.3622 | K35: =SUM(K30,K32:K34) -> -3209.3435 | L35: =+K35-J35 -> -4257.7057 | M35: =SUM(M30,M32:M34) -> 3151.0191 | N35: =+K35-M35 -> -6360.3625 | Q35: 기타 | S35: =+S36-S32-S33-S34 -> -75.331363 | T35: =+T36-T32-T33-T34 -> -541.04088 | U35: =+T35-S35 -> -465.70952 | V35: =+V36-V32-V33-V34 -> -1914.5497 | W35: =+T35-V35 -> 1373.5089
D36: % | E36: =+E35/E14 -> 0.026588954 | F36: =+F35/F14 -> -0.0077816439 | G36: =+F36-E36 -> -0.034370598 | H36: =+H35/H14 -> 0.021281707 | I36: =+F36-H36 -> -0.029063351 | J36: =+J35/J14 -> 0.0096088683 | K36: =+K35/K14 -> -0.033011405 | L36: =+K36-J36 -> -0.042620273 | M36: =+M35/M14 -> 0.028958608 | N36: =+K36-M36 -> -0.061970013 | Q36: 합계 | S36: =+'사업장별(당월)'!T41 -> -1317.4263 | T36: =+'사업장별(당월)'!U41 -> -1757.2127 | U36: =+T36-S36 -> -439.78641 | V36: =+'사업장별(당월)'!W41 -> -3002.7274 | W36: =+T36-V36 -> 1245.5147
E38: =+'[1]3월'!$E$26/1000 -> 1063.5872 | F38: =+'[2]3월'!$F$26/1000 -> -310.01179 | H38: =+'[3]3월'!$F$26/1000 -> 876.69411 | J38: =+'[1]3월누계'!$E$26/1000 -> 1048.3622 | K38: =+'[2]3월누계'!$F$26/1000 -> -3209.3435 | M38: =+'[3]3월누계'!$F$26/1000 -> 3151.0191
E39: =+E35=E38 -> TRUE | F39: =+F35=F38 -> FALSE | H39: =+H35=H38 -> FALSE | J39: =+J35=J38 -> TRUE | K39: =+K35=K38 -> TRUE | M39: =+M35=M38 -> FALSE
E40: =+E35-E38 -> 0 | F40: =+F35-F38 -> 5.4001248e-12 | H40: =+H35-H38 -> 1.1368684e-12 | J40: =+J35-J38 -> 0 | K40: =+K35-K38 -> 0 | M40: =+M35-M38 -> -8.1854523e-12

Sheet 사업장별(당월)
H3: □ 사업장별 손익실적(2025-03)
AG4: [단위 : 천㎥, 톤, 백만원]
H5: 구분 | J5: 물량 | O5: 매출 | T5: 영업이익(공통비 배부전) | Y5: 판매단가 | AB5: 변동비 | AE5: 공헌이익
A6: 2024년 3월 마감 손익 | J6: 계획 | K6: 실적 | L6: 차이 | M6: 전년 | N6: 차이 | O6: 계획 | P6: 실적 | Q6: 차이 | R6: 전년 | S6: 차이 | T6: 계획 | U6: 실적 | V6: 차이 | W6: 전년 | X6: 차이 | Y6: 계획 | Z6: 실적 | AA6: 전년 | AB6: 계획 | AC6: 실적 | AD6: 전년 | AE6: 계획 | AF6: 실적 | AG6: 전년
B7: 안양 | G7: =+I7 -> 안양 | H7: 레미콘 | I7: 안양 | J7: =+IFERROR(HLOOKUP($B7,'[1]3월'!$D$6:$BN$259,2,),)/1000 -> 38 | K7: =+IFERROR(HLOOKUP($B7,'[2]3월'!$F$6:$CP$99,2,),)/1000 -> 38.108 | L7: =+K7-J7 -> 0.108 | M7: =+IFERROR(HLOOKUP($B7,'[3]3월'!$F$6:$CC$57,2,),)/1000 -> 40.978 | N7: =+K7-M7 -> -2.87 | O7: =+IFERROR(HLOOKUP($B7,'[1]3월'!$D$6:$BN$259,3,),)/1000 -> 3708.2155 | P7: =+IFERROR(HLOOKUP($B7,'[2]3월'!$F$6:$CP$99,3,),)/1000 -> 3546.3356 | Q7: =+P7-O7 -> -161.87988 | R7: =+IFERROR(HLOOKUP($B7,'[3]3월'!$F$6:$CC$57,3,),)/1000 -> 4078.3749 | S7: =+P7-R7 -> -532.03928 | T7: =+IFERROR(HLOOKUP($B7,'[1]3월'!$D$6:$BN$259,16,),)/1000 -> 264.43407 | U7: =+IFERROR(HLOOKUP($B7,'[2]3월'!$F$6:$CP$99,16,),)/1000 -> 190.6149 | V7: =+U7-T7 -> -73.819167 | W7: =+IFERROR(HLOOKUP($B7,'[3]3월'!$F$6:$CC$57,16,),)/1000 -> 402.62876 | X7: =+U7-W7 -> -212.01386 | Y7: =+[4]안양!$Q$85 -> 97584.619 | Z7: =+[4]안양!$R$85 -> 93013.191 | AA7: =+[5]안양!$Q$85 -> 99525.963 | AB7: =+[4]안양!$Q$89 -> 82379.79 | AC7: =+[4]안양!$R$89 -> 80028.849 | AD7: =+[5]안양!$Q$89 -> 82835.122 | AE7: =+Y7-AB7 -> 15204.829 | AF7: =+Z7-AC7 -> 12984.342 | AG7: =+AA7-AD7 -> 16690.841 | AJ7: 190.6149 | AK7: =+U7-AJ7 -> 0
B8: 인천 | G8: =+I8 -> 인천 | H8: 직영 | I8: 인천 | J8: =+IFERROR(HLOOKUP($B8,'[1]3월'!$D$6:$BN$259,2,),)/1000 -> 30 | K8: =+IFERROR(HLOOKUP($B8,'[2]3월'!$F$6:$CP$99,2,),)/1000 -> 32.763 | L8: =+K8-J8 -> 2.763 | M8: =+IFERROR(HLOOKUP($B8,'[3]3월'!$F$6:$CC$57,2,),)/1000 -> 31.816 | N8: =+K8-M8 -> 0.947 | O8: =+IFERROR(HLOOKUP($B8,'[1]3월'!$D$6:$BN$259,3,),)/1000 -> 2930.5965 | P8: =+IFERROR(HLOOKUP($B8,'[2]3월'!$F$6:$CP$99,3,),)/1000 -> 3135.3549 | Q8: =+P8-O8 -> 204.75844 | R8: =+IFERROR(HLOOKUP($B8,'[3]3월'!$F$6:$CC$57,3,),)/1000 -> 3319.8121 | S8: =+P8-R8 -> -184.45716 | T8: =+IFERROR(HLOOKUP($B8,'[1]3월'!$D$6:$BN$259,16,),)/1000 -> 93.223035 | U8: =+IFERROR(HLOOKUP($B8,'[2]3월'!$F$6:$CP$99,16,),)/1000 -> 97.876781 | V8: =+U8-T8 -> 4.6537461 | W8: =+IFERROR(HLOOKUP($B8,'[3]3월'!$F$6:$CC$57,16,),)/1000 -> 383.64319 | X8: =+U8-W8 -> -285.76641 | Y8: =+[4]인천!$Q$85 -> 97686.55 | Z8: =+[4]인천!$R$85 -> 95722.432 | AA8: =+[5]인천!$Q$85 -> 104344.11 | AB8: =+[4]인천!$Q$89 -> 83596.748 | AC8: =+[4]인천!$R$89 -> 84108.984 | AD8: =+[5]인천!$Q$89 -> 83563.84 | AE8: =+Y8-AB8 -> 14089.802 | AF8: =+Z8-AC8 -> 11613.448 | AG8: =+AA8-AD8 -> 20780.267 | AJ8: 97.876781 | AK8: =+U8-AJ8 -> 0
B9: 파주 | G9: =+I9 -> 파주 | I9: 파주 | J9: =+IFERROR(HLOOKUP($B9,'[1]3월'!$D$6:$BN$259,2,),)/1000 -> 18 | K9: =+IFERROR(HLOOKUP($B9,'[2]3월'!$F$6:$CP$99,2,),)/1000 -> 10.788 | L9: =+K9-J9 -> -7.212 | M9: =+IFERROR(HLOOKUP($B9,'[3]3월'!$F$6:$CC$57,2,),)/1000 -> 24.852 | N9: =+K9-M9 -> -14.064 | O9: =+IFERROR(HLOOKUP($B9,'[1]3월'!$D$6:$BN$259,3,),)/1000 -> 1740.7232 | P9: =+IFERROR(HLOOKUP($B9,'[2]3월'!$F$6:$CP$99,3,),)/1000 -> 908.57352 | Q9: =+P9-O9 -> -832.14971 | R9: =+IFERROR(HLOOKUP($B9,'[3]3월'!$F$6:$CC$57,3,),)/1000 -> 2542.437 | S9: =+P9-R9 -> -1633.8635 | T9: =+IFERROR(HLOOKUP($B9,'[1]3월'!$D$6:$BN$259,16,),)/1000 -> 61.356914 | U9: =+IFERROR(HLOOKUP($B9,'[2]3월'!$F$6:$CP$99,16,),)/1000 -> -148.3122 | V9: =+U9-T9 -> -209.66911 | W9: =+IFERROR(HLOOKUP($B9,'[3]3월'!$F$6:$CC$57,16,),)/1000 -> 246.07782 | X9: =+U9-W9 -> -394.39002 | Y9: =+[4]파주!$Q$85 -> 96706.846 | Z9: =+[4]파주!$R$85 -> 84220.756 | AA9: =+[5]파주!$Q$85 -> 102308.19 | AB9: =+[4]파주!$Q$89 -> 79798.662 | AC9: =+[4]파주!$R$89 -> 77980.048 | AD9: =+[5]파주!$Q$89 -> 83204.708 | AE9: =+Y9-AB9 -> 16908.184 | AF9: =+Z9-AC9 -> 6240.708 | AG9: =+AA9-AD9 -> 19103.481 | AJ9: -150.17249 | AK9: =+U9-AJ9 -> 1.860294
B10: 김포 | G10: =+I10 -> 김포 | I10: 김포 | J10: =+IFERROR(HLOOKUP($B10,'[1]3월'!$D$6:$BN$259,2,),)/1000 -> 15 | K10: =+IFERROR(HLOOKUP($B10,'[2]3월'!$F$6:$CP$99,2,),)/1000 -> 11.811 | L10: =+K10-J10 -> -3.189 | M10: =+IFERROR(HLOOKUP($B10,'[3]3월'!$F$6:$CC$57,2,),)/1000 -> 12.401 | N10: =+K10-M10 -> -0.59 | O10: =+IFERROR(HLOOKUP($B10,'[1]3월'!$D$6:$BN$259,3,),)/1000 -> 1417.7242 | P10: =+IFERROR(HLOOKUP($B10,'[2]3월'!$F$6:$CP$99,3,),)/1000 -> 1104.7602 | Q10: =+P10-O10 -> -312.96403 | R10: =+IFERROR(HLOOKUP($B10,'[3]3월'!$F$6:$CC$57,3,),)/1000 -> 1206.2439 | S10: =+P10-R10 -> -101.48377 | T10: =+IFERROR(HLOOKUP($B10,'[1]3월'!$D$6:$BN$259,16,),)/1000 -> 86.308698 | U10: =+IFERROR(HLOOKUP($B10,'[2]3월'!$F$6:$CP$99,16,),)/1000 -> 38.862012 | V10: =+U10-T10 -> -47.446686 | W10: =+IFERROR(HLOOKUP($B10,'[3]3월'!$F$6:$CC$57,16,),)/1000 -> 115.38405 | X10: =+U10-W10 -> -76.52204 | Y10: =+[4]김포!$Q$85 -> 94514.947 | Z10: =+[4]김포!$R$85 -> 93540.988 | AA10: =+[5]김포!$Q$85 -> 97269.892 | AB10: =+[4]김포!$Q$89 -> 76795.731 | AC10: =+[4]김포!$R$89 -> 75925.281 | AD10: =+[5]김포!$Q$89 -> 74721.474 | AE10: =+Y10-AB10 -> 17719.216 | AF10: =+Z10-AC10 -> 17615.707 | AG10: =+AA10-AD10 -> 22548.418 | AJ10: 38.862012 | AK10: =+U10-AJ10 -> 0
B11: 부산 | G11: =+I11 -> 부산 | I11: 부산 | J11: =+IFERROR(HLOOKUP($B11,'[1]3월'!$D$6:$BN$259,2,),)/1000 -> 21 | K11: =+IFERROR(HLOOKUP($B11,'[2]3월'!$F$6:$CP$99,2,),)/1000 -> 23.72 | L11: =+K11-J11 -> 2.72 | M11: =+IFERROR(HLOOKUP($B11,'[3]3월'!$F$6:$CC$57,2,),)/1000 -> 21.643 | N11: =+K11-M11 -> 2.077 | O11: =+IFERROR(HLOOKUP($B11,'[1]3월'!$D$6:$BN$259,3,),)/1000 -> 2261.7028 | P11: =+IFERROR(HLOOKUP($B11,'[2]3월'!$F$6:$CP$99,3,),)/1000 -> 2548.5624 | Q11: =+P11-O11 -> 286.85964 | R11: =+IFERROR(HLOOKUP($B11,'[3]3월'!$F$6:$CC$57,3,),)/1000 -> 2301.5966 | S11: =+P11-R11 -> 246.96578 | T11: =+IFERROR(HLOOKUP($B11,'[1]3월'!$D$6:$BN$259,16,),)/1000 -> 206.37935 | U11: =+IFERROR(HLOOKUP($B11,'[2]3월'!$F$6:$CP$99,16,),)/1000 -> 403.32277 | V11: =+U11-T11 -> 196.94342 | W11: =+IFERROR(HLOOKUP($B11,'[3]3월'!$F$6:$CC$57,16,),)/1000 -> 237.07459 | X11: =+U11-W11 -> 166.24818 | Y11: =+[4]부산!$Q$85 -> 107700.13 | Z11: =+[4]부산!$R$85 -> 107443.61 | AA11: =+[5]부산!$Q$85 -> 106343.7 | AB11: =+[4]부산!$Q$89 -> 84760.712 | AC11: =+[4]부산!$R$89 -> 80237.381 | AD11: =+[5]부산!$Q$89 -> 84400.455 | AE11: =+Y11-AB11 -> 22939.421 | AF11: =+Z11-AC11 -> 27206.229 | AG11: =+AA11-AD11 -> 21943.243 | AJ11: 431.4712 | AK11: =+U11-AJ11 -> -28.148422 | AL11: =199422/1000000 -> 0.199422 | AM11: =+AK11+AL11 -> -27.949
B12: 서부산 | G12: =+I12 -> 서부산 | I12: 서부산 | J12: =+IFERROR(HLOOKUP($B12,'[1]3월'!$D$6:$BN$259,2,),)/1000 -> 20 | K12: =+IFERROR(HLOOKUP($B12,'[2]3월'!$F$6:$CP$99,2,),)/1000 -> 17.535 | L12: =+K12-J12 -> -2.465 | M12: =+IFERROR(HLOOKUP($B12,'[3]3월'!$F$6:$CC$57,2,),)/1000 -> 23.104 | N12: =+K12-M12 -> -5.569 | O12: =+IFERROR(HLOOKUP($B12,'[1]3월'!$D$6:$BN$259,3,),)/1000 -> 1986.0058 | P12: =+IFERROR(HLOOKUP($B12,'[2]3월'!$F$6:$CP$99,3,),)/1000 -> 1689.652 | Q12: =+P12-O12 -> -296.35373 | R12: =+IFERROR(HLOOKUP($B12,'[3]3월'!$F$6:$CC$57,3,),)/1000 -> 2353.7109 | S12: =+P12-R12 -> -664.05888 | T12: =+IFERROR(HLOOKUP($B12,'[1]3월'!$D$6:$BN$259,16,),)/1000 -> 183.74819 | U12: =+IFERROR(HLOOKUP($B12,'[2]3월'!$F$6:$CP$99,16,),)/1000 -> 146.35766 | V12: =+U12-T12 -> -37.390532 | W12: =+IFERROR(HLOOKUP($B12,'[3]3월'!$F$6:$CC$57,16,),)/1000 -> 346.17788 | X12: =+U12-W12 -> -199.82023 | Y12: =+[4]서부산!$Q$85 -> 99300.288 | Z12: =+[4]서부산!$R$85 -> 96358.826 | AA12: =+[5]서부산!$Q$85 -> 101874.61 | AB12: =+[4]서부산!$Q$89 -> 78861.631 | AC12: =+[4]서부산!$R$89 -> 75437.947 | AD12: =+[5]서부산!$Q$89 -> 78936.836 | AE12: =+Y12-AB12 -> 20438.656 | AF12: =+Z12-AC12 -> 20920.879 | AG12: =+AA12-AD12 -> 22937.771 | AJ12: 144.86001 | AK12: =+U12-AJ12 -> 1.497645
B13: 김해 | G13: =+I13 -> 김해 | I13: 김해 | J13: =+IFERROR(HLOOKUP($B13,'[1]3월'!$D$6:$BN$259,2,),)/1000 -> 13 | K13: =+IFERROR(HLOOKUP($B13,'[2]3월'!$F$6:$CP$99,2,),)/1000 -> 12.503 | L13: =+K13-J13 -> -0.497 | M13: =+IFERROR(HLOOKUP($B13,'[3]3월'!$F$6:$CC$57,2,),)/1000 -> 14.128 | N13: =+K13-M13 -> -1.625 | O13: =+IFERROR(HLOOKUP($B13,'[1]3월'!$D$6:$BN$259,3,),)/1000 -> 1251.8957 | P13: =+IFERROR(HLOOKUP($B13,'[2]3월'!$F$6:$CP$99,3,),)/1000 -> 1140.8359 | Q13: =+P13-O13 -> -111.05985 | R13: =+IFERROR(HLOOKUP($B13,'[3]3월'!$F$6:$CC$57,3,),)/1000 -> 1362.6295 | S13: =+P13-R13 -> -221.7936 | T13: =+IFERROR(HLOOKUP($B13,'[1]3월'!$D$6:$BN$259,16,),)/1000 -> 101.5797 | U13: =+IFERROR(HLOOKUP($B13,'[2]3월'!$F$6:$CP$99,16,),)/1000 -> 55.355958 | V13: =+U13-T13 -> -46.223738 | W13: =+IFERROR(HLOOKUP($B13,'[3]3월'!$F$6:$CC$57,16,),)/1000 -> 100.67253 | X13: =+U13-W13 -> -45.316569 | Y13: =+[4]김해!$Q$85 -> 96299.673 | Z13: =+[4]김해!$R$85 -> 91228.592 | AA13: =+[5]김해!$Q$85 -> 96687.289 | AB13: =+[4]김해!$Q$89 -> 75819.874 | AC13: =+[4]김해!$R$89 -> 75407.766 | AD13: =+[5]김해!$Q$89 -> 79530.474 | AE13: =+Y13-AB13 -> 20479.799 | AF13: =+Z13-AC13 -> 15820.827 | AG13: =+AA13-AD13 -> 17156.814 | AJ13: 55.355958 | AK13: =+U13-AJ13 -> 0
B14: 정관 | G14: =+I14 -> 정관 | I14: 정관 | J14: =+IFERROR(HLOOKUP($B14,'[1]3월'!$D$6:$BN$259,2,),)/1000 -> 20 | K14: =+IFERROR(HLOOKUP($B14,'[2]3월'!$F$6:$CP$99,2,),)/1000 -> 19.81 | L14: =+K14-J14 -> -0.19 | M14: =+IFERROR(HLOOKUP($B14,'[3]3월'!$F$6:$CC$57,2,),)/1000 -> 20.677 | N14: =+K14-M14 -> -0.867 | O14: =+IFERROR(HLOOKUP($B14,'[1]3월'!$D$6:$BN$259,3,),)/1000 -> 2039.9916 | P14: =+IFERROR(HLOOKUP($B14,'[2]3월'!$F$6:$CP$99,3,),)/1000 -> 1937.8749 | Q14: =+P14-O14 -> -102.11673 | R14: =+IFERROR(HLOOKUP($B14,'[3]3월'!$F$6:$CC$57,3,),)/1000 -> 2137.7737 | S14: =+P14-R14 -> -199.89881 | T14: =+IFERROR(HLOOKUP($B14,'[1]3월'!$D$6:$BN$259,16,),)/1000 -> 175.64322 | U14: =+IFERROR(HLOOKUP($B14,'[2]3월'!$F$6:$CP$99,16,),)/1000 -> 121.8508 | V14: =+U14-T14 -> -53.792416 | W14: =+IFERROR(HLOOKUP($B14,'[3]3월'!$F$6:$CC$57,16,),)/1000 -> 246.30266 | X14: =+U14-W14 -> -124.45186 | Y14: =+[4]정관!$Q$85 -> 101999.58 | Z14: =+[4]정관!$R$85 -> 97823.064 | AA14: =+[5]정관!$Q$85 -> 103388.97 | AB14: =+[4]정관!$Q$89 -> 81893.772 | AC14: =+[4]정관!$R$89 -> 82325.942 | AD14: =+[5]정관!$Q$89 -> 82316.125 | AE14: =+Y14-AB14 -> 20105.809 | AF14: =+Z14-AC14 -> 15497.121 | AG14: =+AA14-AD14 -> 21072.843 | AJ14: 121.8508 | AK14: =+U14-AJ14 -> 0
B15: 양산 | G15: =+I15 -> 양산 | I15: 양산 | J15: =+IFERROR(HLOOKUP($B15,'[1]3월'!$D$6:$BN$259,2,),)/1000 -> 11 | K15: =+IFERROR(HLOOKUP($B15,'[2]3월'!$F$6:$CP$99,2,),)/1000 -> 9.625 | L15: =+K15-J15 -> -1.375 | M15: =+IFERROR(HLOOKUP($B15,'[3]3월'!$F$6:$CC$57,2,),)/1000 -> 13.47 | N15: =+K15-M15 -> -3.845 | O15: =+IFERROR(HLOOKUP($B15,'[1]3월'!$D$6:$BN$259,3,),)/1000 -> 1043.0943 | P15: =+IFERROR(HLOOKUP($B15,'[2]3월'!$F$6:$CP$99,3,),)/1000 -> 913.03398 | Q15: =+P15-O15 -> -130.06027 | R15: =+IFERROR(HLOOKUP($B15,'[3]3월'!$F$6:$CC$57,3,),)/1000 -> 1230.1273 | S15: =+P15-R15 -> -317.0933 | T15: =+IFERROR(HLOOKUP($B15,'[1]3월'!$D$6:$BN$259,16,),)/1000 -> 83.657618 | U15: =+IFERROR(HLOOKUP($B15,'[2]3월'!$F$6:$CP$99,16,),)/1000 -> 64.674861 | V15: =+U15-T15 -> -18.982757 | W15: =+IFERROR(HLOOKUP($B15,'[3]3월'!$F$6:$CC$57,16,),)/1000 -> 132.96661 | X15: =+U15-W15 -> -68.291748 | Y15: =+[4]양산!$Q$85 -> 94826.75 | Z15: =+[4]양산!$R$85 -> 94860.673 | AA15: =+[5]양산!$Q$85 -> 91323.48 | AB15: =+[4]양산!$Q$89 -> 74283.706 | AC15: =+[4]양산!$R$89 -> 72164.361 | AD15: =+[5]양산!$Q$89 -> 71355.878 | AE15: =+Y15-AB15 -> 20543.044 | AF15: =+Z15-AC15 -> 22696.312 | AG15: =+AA15-AD15 -> 19967.603 | AJ15: 64.674861 | AK15: =+U15-AJ15 -> 0
B16: 창원 | G16: =+I16 -> 창원 | I16: 창원 | J16: =+IFERROR(HLOOKUP($B16,'[1]3월'!$D$6:$BN$259,2,),)/1000 -> 11 | K16: =+IFERROR(HLOOKUP($B16,'[2]3월'!$F$6:$CP$99,2,),)/1000 -> 10.865 | L16: =+K16-J16 -> -0.135 | M16: =+IFERROR(HLOOKUP($B16,'[3]3월'!$F$6:$CC$57,2,),)/1000 -> 18.723 | N16: =+K16-M16 -> -7.858 | O16: =+IFERROR(HLOOKUP($B16,'[1]3월'!$D$6:$BN$259,3,),)/1000 -> 1100.0049 | P16: =+IFERROR(HLOOKUP($B16,'[2]3월'!$F$6:$CP$99,3,),)/1000 -> 1063.0202 | Q16: =+P16-O16 -> -36.984719 | R16: =+IFERROR(HLOOKUP($B16,'[3]3월'!$F$6:$CC$57,3,),)/1000 -> 1905.079 | S16: =+P16-R16 -> -842.05877 | T16: =+IFERROR(HLOOKUP($B16,'[1]3월'!$D$6:$BN$259,16,),)/1000 -> 59.751358 | U16: =+IFERROR(HLOOKUP($B16,'[2]3월'!$F$6:$CP$99,16,),)/1000 -> 89.749104 | V16: =+U16-T16 -> 29.997746 | W16: =+IFERROR(HLOOKUP($B16,'[3]3월'!$F$6:$CC$57,16,),)/1000 -> 321.83747 | X16: =+U16-W16 -> -232.08836 | Y16: =+[4]창원!$Q$85 -> 100000.45 | Z16: =+[4]창원!$R$85 -> 97838.954 | AA16: =+[5]창원!$Q$85 -> 101750.73 | AB16: =+[4]창원!$Q$89 -> 75686.622 | AC16: =+[4]창원!$R$89 -> 73565.78 | AD16: =+[5]창원!$Q$89 -> 74990.256 | AE16: =+Y16-AB16 -> 24313.827 | AF16: =+Z16-AC16 -> 24273.173 | AG16: =+AA16-AD16 -> 26760.478 | AJ16: 89.749104 | AK16: =+U16-AJ16 -> 0
B17: 대구 | G17: =+I17 -> 대구 | I17: 대구 | J17: =+IFERROR(HLOOKUP($B17,'[1]3월'!$D$6:$BN$259,2,),)/1000 -> 12.5 | K17: =+IFERROR(HLOOKUP($B17,'[2]3월'!$F$6:$CP$99,2,),)/1000 -> 11.223 | L17: =+K17-J17 -> -1.277 | M17: =+IFERROR(HLOOKUP($B17,'[3]3월'!$F$6:$CC$57,2,),)/1000 -> 15.572 | N17: =+K17-M17 -> -4.349 | O17: =+IFERROR(HLOOKUP($B17,'[1]3월'!$D$6:$BN$259,3,),)/1000 -> 1228.2853 | P17: =+IFERROR(HLOOKUP($B17,'[2]3월'!$F$6:$CP$99,3,),)/1000 -> 978.89496 | Q17: =+P17-O17 -> -249.39032 | R17: =+IFERROR(HLOOKUP($B17,'[3]3월'!$F$6:$CC$57,3,),)/1000 -> 1576.5958 | S17: =+P17-R17 -> -597.70088 | T17: =+IFERROR(HLOOKUP($B17,'[1]3월'!$D$6:$BN$259,16,),)/1000 -> 123.11139 | U17: =+IFERROR(HLOOKUP($B17,'[2]3월'!$F$6:$CP$99,16,),)/1000 -> -23.079407 | V17: =+U17-T17 -> -146.1908 | W17: =+IFERROR(HLOOKUP($B17,'[3]3월'!$F$6:$CC$57,16,),)/1000 -> 198.15277 | X17: =+U17-W17 -> -221.23218 | Y17: =+[4]대구!$Q$85 -> 98262.823 | Z17: =+[4]대구!$R$85 -> 87222.219 | AA17: =+[5]대구!$Q$85 -> 101245.56 | AB17: =+[4]대구!$Q$89 -> 72963.433 | AC17: =+[4]대구!$R$89 -> 74076.489 | AD17: =+[5]대구!$Q$89 -> 77193.44 | AE17: =+Y17-AB17 -> 25299.389 | AF17: =+Z17-AC17 -> 13145.73 | AG17: =+AA17-AD17 -> 24052.119 | AJ17: -23.079407 | AK17: =+U17-AJ17 -> 0
B18: 울산 | G18: =+I18 -> 울산 | I18: 울산 | J18: =+IFERROR(HLOOKUP($B18,'[1]3월'!$D$6:$BN$259,2,),)/1000 -> 12 | K18: =+IFERROR(HLOOKUP($B18,'[2]3월'!$F$6:$CP$99,2,),)/1000 -> 12.057 | L18: =+K18-J18 -> 0.057 | M18: =+IFERROR(HLOOKUP($B18,'[3]3월'!$F$6:$CC$57,2,),)/1000 -> 7.183 | N18: =+K18-M18 -> 4.874 | O18: =+IFERROR(HLOOKUP($B18,'[1]3월'!$D$6:$BN$259,3,),)/1000 -> 1219.412 | P18: =+IFERROR(HLOOKUP($B18,'[2]3월'!$F$6:$CP$99,3,),)/1000 -> 1257.1629 | Q18: =+P18-O18 -> 37.7509 | R18: =+IFERROR(HLOOKUP($B18,'[3]3월'!$F$6:$CC$57,3,),)/1000 -> 760.20834 | S18: =+P18-R18 -> 496.95456 | T18: =+IFERROR(HLOOKUP($B18,'[1]3월'!$D$6:$BN$259,16,),)/1000 -> 67.742901 | U18: =+IFERROR(HLOOKUP($B18,'[2]3월'!$F$6:$CP$99,16,),)/1000 -> 108.61426 | V18: =+U18-T18 -> 40.871358 | W18: =+IFERROR(HLOOKUP($B18,'[3]3월'!$F$6:$CC$57,16,),)/1000 -> 30.862733 | X18: =+U18-W18 -> 77.751526 | Y18: =+[4]울산!$Q$85 -> 101617.67 | Z18: =+[4]울산!$R$85 -> 104268.3 | AA18: =+[5]울산!$Q$85 -> 105834.38 | AB18: =+[4]울산!$Q$89 -> 81688.791 | AC18: =+[4]울산!$R$89 -> 83859.972 | AD18: =+[5]울산!$Q$89 -> 83954.888 | AE18: =+Y18-AB18 -> 19928.876 | AF18: =+Z18-AC18 -> 20408.329 | AG18: =+AA18-AD18 -> 21879.491 | AJ18: 106.69987 | AK18: =+U18-AJ18 -> 1.914392
B19: 아산 | G19: =+I19 -> 아산 | I19: 아산 | J19: =+IFERROR(HLOOKUP($B19,'[1]3월'!$D$6:$BN$259,2,),)/1000 -> 23 | K19: =+IFERROR(HLOOKUP($B19,'[2]3월'!$F$6:$CP$99,2,),)/1000 -> 23.404 | L19: =+K19-J19 -> 0.404 | M19: =+IFERROR(HLOOKUP($B19,'[3]3월'!$F$6:$CC$57,2,),)/1000 -> 27.772 | N19: =+K19-M19 -> -4.368 | O19: =+IFERROR(HLOOKUP($B19,'[1]3월'!$D$6:$BN$259,3,),)/1000 -> 2369 | P19: =+IFERROR(HLOOKUP($B19,'[2]3월'!$F$6:$CP$99,3,),)/1000 -> 2354.1826 | Q19: =+P19-O19 -> -14.817356 | R19: =+IFERROR(HLOOKUP($B19,'[3]3월'!$F$6:$CC$57,3,),)/1000 -> 2853.2172 | S19: =+P19-R19 -> -499.03456 | T19: =+IFERROR(HLOOKUP($B19,'[1]3월'!$D$6:$BN$259,16,),)/1000 -> 259.49035 | U19: =+IFERROR(HLOOKUP($B19,'[2]3월'!$F$6:$CP$99,16,),)/1000 -> 139.57025 | V19: =+U19-T19 -> -119.9201 | W19: =+IFERROR(HLOOKUP($B19,'[3]3월'!$F$6:$CC$57,16,),)/1000 -> 386.52773 | X19: =+U19-W19 -> -246.95749 | Y19: =+[4]아산!$Q$85 -> 103000 | Z19: =+[4]아산!$R$85 -> 100519.81 | AA19: =+[5]아산!$Q$85 -> 102685.24 | AB19: =+[4]아산!$Q$89 -> 80205.648 | AC19: =+[4]아산!$R$89 -> 84239.872 | AD19: =+[5]아산!$Q$89 -> 79375.617 | AE19: =+Y19-AB19 -> 22794.352 | AF19: =+Z19-AC19 -> 16279.937 | AG19: =+AA19-AD19 -> 23309.621 | AJ19: 139.57025 | AK19: =+U19-AJ19 -> 0
B20: 전주 | G20: =+I20 -> 전주 | I20: 전주 | J20: =+IFERROR(HLOOKUP($B20,'[1]3월'!$D$6:$BN$259,2,),)/1000 -> 10 | K20: =+IFERROR(HLOOKUP($B20,'[2]3월'!$F$6:$CP$99,2,),)/1000 -> 17.8155 | L20: =+K20-J20 -> 7.8155 | M20: =+IFERROR(HLOOKUP($B20,'[3]3월'!$F$6:$CC$57,2,),)/1000 -> 7.133 | N20: =+K20-M20 -> 10.6825 | O20: =+IFERROR(HLOOKUP($B20,'[1]3월'!$D$6:$BN$259,3,),)/1000 -> 970.52091 | P20: =+IFERROR(HLOOKUP($B20,'[2]3월'!$F$6:$CP$99,3,),)/1000 -> 1722.0858 | Q20: =+P20-O20 -> 751.56488 | R20: =+IFERROR(HLOOKUP($B20,'[3]3월'!$F$6:$CC$57,3,),)/1000 -> 668.37119 | S20: =+P20-R20 -> 1053.7146 | T20: =+IFERROR(HLOOKUP($B20,'[1]3월'!$D$6:$BN$259,16,),)/1000 -> 72.293371 | U20: =+IFERROR(HLOOKUP($B20,'[2]3월'!$F$6:$CP$99,16,),)/1000 -> 206.10743 | V20: =+U20-T20 -> 133.81406 | W20: =+IFERROR(HLOOKUP($B20,'[3]3월'!$F$6:$CC$57,16,),)/1000 -> 10.43893 | X20: =+U20-W20 -> 195.6685 | Y20: =+[4]전주!$Q$85 -> 97052.091 | Z20: =+[4]전주!$R$85 -> 96662.221 | AA20: =+[5]전주!$Q$85 -> 93701.275 | AB20: =+[4]전주!$Q$89 -> 73874.501 | AC20: =+[4]전주!$R$89 -> 75942.791 | AD20: =+[5]전주!$Q$89 -> 71268.039 | AE20: =+Y20-AB20 -> 23177.59 | AF20: =+Z20-AC20 -> 20719.429 | AG20: =+AA20-AD20 -> 22433.236 | AJ20: 206.10743 | AK20: =+U20-AJ20 -> 0
B21: 군산 | G21: =+I21 -> 군산 | I21: 군산 | J21: =+IFERROR(HLOOKUP($B21,'[1]3월'!$D$6:$BN$259,2,),)/1000 -> 7.5 | K21: =+IFERROR(HLOOKUP($B21,'[2]3월'!$F$6:$CP$99,2,),)/1000 -> 5.4375 | L21: =+K21-J21 -> -2.0625 | M21: =+IFERROR(HLOOKUP($B21,'[3]3월'!$F$6:$CC$57,2,),)/1000 -> 8.978 | N21: =+K21-M21 -> -3.5405 | O21: =+IFERROR(HLOOKUP($B21,'[1]3월'!$D$6:$BN$259,3,),)/1000 -> 823.78044 | P21: =+IFERROR(HLOOKUP($B21,'[2]3월'!$F$6:$CP$99,3,),)/1000 -> 622.1095 | Q21: =+P21-O21 -> -201.67094 | R21: =+IFERROR(HLOOKUP($B21,'[3]3월'!$F$6:$CC$57,3,),)/1000 -> 1017.8315 | S21: =+P21-R21 -> -395.72205 | T21: =+IFERROR(HLOOKUP($B21,'[1]3월'!$D$6:$BN$259,16,),)/1000 -> 194.05781 | U21: =+IFERROR(HLOOKUP($B21,'[2]3월'!$F$6:$CP$99,16,),)/1000 -> 131.89843 | V21: =+U21-T21 -> -62.159381 | W21: =+IFERROR(HLOOKUP($B21,'[3]3월'!$F$6:$CC$57,16,),)/1000 -> 313.98711 | X21: =+U21-W21 -> -182.08868 | Y21: =+[4]군산!$Q$85 -> 109837.39 | Z21: =+[4]군산!$R$85 -> 114410.94 | AA21: =+[5]군산!$Q$85 -> 113442.55 | AB21: =+[4]군산!$Q$89 -> 72839.442 | AC21: =+[4]군산!$R$89 -> 74829.89 | AD21: =+[5]군산!$Q$89 -> 70413.769 | AE21: =+Y21-AB21 -> 36997.95 | AF21: =+Z21-AC21 -> 39581.053 | AG21: =+AA21-AD21 -> 43028.785 | AJ21: 131.89843 | AK21: =+U21-AJ21 -> 0
B22: 원주 | G22: =+I22 -> 원주 | I22: 원주 | J22: =+IFERROR(HLOOKUP($B22,'[1]3월'!$D$6:$BN$259,2,),)/1000 -> 4 | K22: =+IFERROR(HLOOKUP($B22,'[2]3월'!$F$6:$CP$99,2,),)/1000 -> 2.4635 | L22: =+K22-J22 -> -1.5365 | M22: =+IFERROR(HLOOKUP($B22,'[3]3월'!$F$6:$CC$57,2,),)/1000 -> 6.2085 | N22: =+K22-M22 -> -3.745 | O22: =+IFERROR(HLOOKUP($B22,'[1]3월'!$D$6:$BN$259,3,),)/1000 -> 448 | P22: =+IFERROR(HLOOKUP($B22,'[2]3월'!$F$6:$CP$99,3,),)/1000 -> 229.70775 | Q22: =+P22-O22 -> -218.29225 | R22: =+IFERROR(HLOOKUP($B22,'[3]3월'!$F$6:$CC$57,3,),)/1000 -> 692.2704 | S22: =+P22-R22 -> -462.56265 | T22: =+IFERROR(HLOOKUP($B22,'[1]3월'!$D$6:$BN$259,16,),)/1000 -> 44.706408 | U22: =+IFERROR(HLOOKUP($B22,'[2]3월'!$F$6:$CP$99,16,),)/1000 -> -35.664611 | V22: =+U22-T22 -> -80.371019 | W22: =+IFERROR(HLOOKUP($B22,'[3]3월'!$F$6:$CC$57,16,),)/1000 -> 145.91854 | X22: =+U22-W22 -> -181.58316 | Y22: =+[4]원주!$Q$85 -> 112000 | Z22: =+[4]원주!$R$85 -> 93244.471 | AA22: =+[5]원주!$Q$85 -> 111513.97 | AB22: =+[4]원주!$Q$89 -> 74815.932 | AC22: =+[4]원주!$R$89 -> 72003.515 | AD22: =+[5]원주!$Q$89 -> 73875.972 | AE22: =+Y22-AB22 -> 37184.068 | AF22: =+Z22-AC22 -> 21240.956 | AG22: =+AA22-AD22 -> 37637.994 | AJ22: -35.664611 | AK22: =+U22-AJ22 -> 0
B23: 제주 | G23: =+I23 -> 제주 | I23: 제주 | J23: =+IFERROR(HLOOKUP($B23,'[1]3월'!$D$6:$BN$259,2,),)/1000 -> 7 | K23: =+IFERROR(HLOOKUP($B23,'[2]3월'!$F$6:$CP$99,2,),)/1000 -> 5.9985 | L23: =+K23-J23 -> -1.0015 | M23: =+IFERROR(HLOOKUP($B23,'[3]3월'!$F$6:$CC$57,2,),)/1000 -> 3.848 | N23: =+K23-M23 -> 2.1505 | O23: =+IFERROR(HLOOKUP($B23,'[1]3월'!$D$6:$BN$259,3,),)/1000 -> 859.7575 | P23: =+IFERROR(HLOOKUP($B23,'[2]3월'!$F$6:$CP$99,3,),)/1000 -> 727.00038 | Q23: =+P23-O23 -> -132.75712 | R23: =+IFERROR(HLOOKUP($B23,'[3]3월'!$F$6:$CC$57,3,),)/1000 -> 498.9725 | S23: =+P23-R23 -> 228.02788 | T23: =+IFERROR(HLOOKUP($B23,'[1]3월'!$D$6:$BN$259,16,),)/1000 -> 128.4781 | U23: =+IFERROR(HLOOKUP($B23,'[2]3월'!$F$6:$CP$99,16,),)/1000 -> 105.08774 | V23: =+U23-T23 -> -23.390365 | W23: =+IFERROR(HLOOKUP($B23,'[3]3월'!$F$6:$CC$57,16,),)/1000 -> 73.24519 | X23: =+U23-W23 -> 31.842548 | Y23: =+[4]제주!$Q$85 -> 122822.5 | Z23: =+[4]제주!$R$85 -> 121197.03 | AA23: =+[5]제주!$Q$85 -> 129670.61 | AB23: =+[4]제주!$Q$89 -> 90529.859 | AC23: =+[4]제주!$R$89 -> 89275.848 | AD23: =+[5]제주!$Q$89 -> 88327.903 | AE23: =+Y23-AB23 -> 32292.641 | AF23: =+Z23-AC23 -> 31921.182 | AG23: =+AA23-AD23 -> 41342.705 | AJ23: 104.00225 | AK23: =+U23-AJ23 -> 1.08549
G24: =+I24 -> 수도권 | I24: 수도권 | J24: =SUM(J7:J10) -> 101 | K24: =SUM(K7:K10) -> 93.47 | L24: =+K24-J24 -> -7.53 | M24: =SUM(M7:M10) -> 110.047 | N24: =+K24-M24 -> -16.577 | O24: =SUM(O7:O10) -> 9797.2594 | P24: =SUM(P7:P10) -> 8695.0243 | Q24: =+P24-O24 -> -1102.2352 | R24: =SUM(R7:R10) -> 11146.868 | S24: =+P24-R24 -> -2451.8437 | T24: =SUM(T7:T10) -> 505.32272 | U24: =SUM(U7:U10) -> 179.04149 | V24: =+U24-T24 -> -326.28122 | W24: =SUM(W7:W10) -> 1147.7338 | X24: =+U24-W24 -> -968.69233 | Y24: =+[4]수도권!$Q$85 -> 97002.569 | Z24: =+[4]수도권!$R$85 -> 93007.036 | AA24: =+[5]수도권!$Q$85 -> 101292.86 | AB24: =+[4]수도권!$Q$89 -> 81451.944 | AC24: =+[4]수도권!$R$89 -> 80706.855 | AD24: =+[5]수도권!$Q$89 -> 82214.955 | AE24: =+Y24-AB24 -> 15550.625 | AF24: =+Z24-AC24 -> 12300.18 | AG24: =+AA24-AD24 -> 19077.909 | AJ24: 177.1812 | AK24: =+U24-AJ24 -> 1.860294
G25: =+I25 -> 영남권 | I25: 영남권 | J25: =SUM(J11:J18) -> 120.5 | K25: =SUM(K11:K18) -> 117.338 | L25: =+K25-J25 -> -3.162 | M25: =SUM(M11:M18) -> 134.5 | N25: =+K25-M25 -> -17.162 | O25: =SUM(O11:O18) -> 12130.392 | P25: =SUM(P11:P18) -> 11529.037 | Q25: =+P25-O25 -> -601.35508 | R25: =SUM(R11:R18) -> 13627.721 | S25: =+P25-R25 -> -2098.6839 | T25: =SUM(T11:T18) -> 1001.6137 | U25: =SUM(U11:U18) -> 966.84601 | V25: =+U25-T25 -> -34.767716 | W25: =SUM(W11:W18) -> 1614.0472 | X25: =+U25-W25 -> -647.20124 | Y25: =+[4]영남권!$Q$85 -> 100667.16 | Z25: =+[4]영남권!$R$85 -> 98256.721 | AA25: =+[5]영남권!$Q$85 -> 101364.13 | AB25: =+[4]영남권!$Q$89 -> 79026.75 | AC25: =+[4]영남권!$R$89 -> 77832.414 | AD25: =+[5]영남권!$Q$89 -> 79165.726 | AE25: =+Y25-AB25 -> 21640.406 | AF25: =+Z25-AC25 -> 20424.307 | AG25: =+AA25-AD25 -> 22198.4 | AJ25: 991.58239 | AK25: =+U25-AJ25 -> -24.736385
G26: =+I26 -> 중부권 | I26: 중부권 | J26: =SUM(J19:J23) -> 51.5 | K26: =SUM(K19:K23) -> 55.119 | L26: =+K26-J26 -> 3.619 | M26: =SUM(M19:M23) -> 53.9395 | N26: =+K26-M26 -> 1.1795 | O26: =SUM(O19:O23) -> 5471.0588 | P26: =SUM(P19:P23) -> 5655.0861 | Q26: =+P26-O26 -> 184.02722 | R26: =SUM(R19:R23) -> 5730.6628 | S26: =+P26-R26 -> -75.576772 | T26: =SUM(T19:T23) -> 699.02604 | U26: =SUM(U19:U23) -> 546.99923 | V26: =+U26-T26 -> -152.02681 | W26: =SUM(W19:W23) -> 930.1175 | X26: =+U26-W26 -> -383.11827 | Y26: =+[4]중부권!$Q$85 -> 106234.15 | Z26: =+[4]중부권!$R$85 -> 102574.02 | AA26: =+[5]중부권!$Q$85 -> 106231.06 | AB26: =+[4]중부권!$Q$89 -> 78888.223 | AC26: =+[4]중부권!$R$89 -> 80620.6 | AD26: =+[5]중부권!$Q$89 -> 76816.473 | AE26: =+Y26-AB26 -> 27345.93 | AF26: =+Z26-AC26 -> 21953.416 | AG26: =+AA26-AD26 -> 29414.592 | AJ26: 545.91374 | AK26: =+U26-AJ26 -> 1.08549
F27: =+K27/M27 -> 0.89091801 | G27: =+K27/J27 -> 0.97409158 | H27: 레미콘 계 | J27: =SUM(J24:J26) -> 273 | K27: =SUM(K24:K26) -> 265.927 | L27: =+K27-J27 -> -7.073 | M27: =SUM(M24:M26) -> 298.4865 | N27: =+K27-M27 -> -32.5595 | O27: =SUM(O24:O26) -> 27398.711 | P27: =SUM(P24:P26) -> 25879.148 | Q27: =+P27-O27 -> -1519.563 | R27: =SUM(R24:R26) -> 30505.252 | S27: =+P27-R27 -> -4626.1043 | T27: =SUM(T24:T26) -> 2205.9625 | U27: =SUM(U24:U26) -> 1692.8867 | V27: =+U27-T27 -> -513.07574 | W27: =SUM(W24:W26) -> 3691.8986 | X27: =+U27-W27 -> -1999.0118 | Y27: =+[4]합계!$Q$85 -> 100361.58 | Z27: =+[4]합계!$R$85 -> 97314.829 | AA27: =+[5]합계!$Q$85 -> 102216.11 | AB27: =+[4]합계!$Q$89 -> 79897.851 | AC27: =+[4]합계!$R$89 -> 79407.763 | AD27: =+[5]합계!$Q$89 -> 79867.909 | AE27: =+Y27-AB27 -> 20463.727 | AF27: =+Z27-AC27 -> 17907.066 | AG27: =+AA27-AD27 -> 22348.202 | AJ27: 1714.6773 | AK27: =+U27-AJ27 -> -21.790601
B28: 건자재 | E28: 건자재영업 | G28: 건자재 | H28: 건자재 | J28: =+IFERROR(HLOOKUP($B28,'[1]3월'!$D$6:$BN$259,2,),) -> 10200 | K28: =+IFERROR(HLOOKUP($E28,'[2]3월'!$F$6:$CP$99,2,),) -> 15762.77 | L28: =+K28-J28 -> 5562.77 | M28: =+IFERROR(HLOOKUP($E28,'[3]3월'!$F$6:$CC$57,2,),) -> 8665.068 | N28: =+K28-M28 -> 7097.702 | O28: =+IFERROR(HLOOKUP($B28,'[1]3월'!$D$6:$BN$259,3,),)/1000 -> 11165.946 | P28: =+IFERROR(HLOOKUP($E28,'[2]3월'!$F$6:$CP$99,3,),)/1000 -> 12535.229 | Q28: =+P28-O28 -> 1369.2831 | R28: =+IFERROR(HLOOKUP($E28,'[3]3월'!$F$6:$CC$57,3,),)/1000 -> 8759.9178 | S28: =+P28-R28 -> 3775.3109 | T28: =+IFERROR(HLOOKUP($B28,'[1]3월'!$D$6:$BN$259,16,),)/1000 -> 164.89496 | U28: =+IFERROR(HLOOKUP($E28,'[2]3월'!$F$6:$CP$99,16,),)/1000 -> -118.87035 | V28: =+U28-T28 -> -283.76531 | W28: =+IFERROR(HLOOKUP($E28,'[3]3월'!$F$6:$CC$57,16,),)/1000 -> 31.655346 | X28: =+U28-W28 -> -150.52569 | Y28: ■ 비고 | AJ28: -118.87035 | AK28: =+U28-AJ28 -> 0
B29: 부산모래장 | C29: 부산골재 | G29: =+I29 -> 부산모래장 | H29: 골재 | I29: 부산모래장 | J29: =+IFERROR(HLOOKUP($B29,'[1]3월'!$D$6:$BN$259,2,),)/1000 -> 14.476033 | K29: =+IFERROR(HLOOKUP($C29,'[2]3월'!$F$6:$CP$99,2,),)/1000 -> 23.849 | L29: =+K29-J29 -> 9.3729673 | M29: =+IFERROR(HLOOKUP($C29,'[3]3월'!$F$6:$CC$57,2,),)/1000 -> 20.278 | N29: =+K29-M29 -> 3.571 | O29: =+IFERROR(HLOOKUP($B29,'[1]3월'!$D$6:$BN$259,3,),)/1000 -> 328.11643 | P29: =+IFERROR(HLOOKUP($C29,'[2]3월'!$F$6:$CP$99,3,),)/1000 -> 728.01 | Q29: =+P29-O29 -> 399.89357 | R29: =+IFERROR(HLOOKUP($C29,'[3]3월'!$F$6:$CC$57,3,),)/1000 -> 667.14967 | S29: =+P29-R29 -> 60.860328 | T29: =+IFERROR(HLOOKUP($B29,'[1]3월'!$D$6:$BN$259,21,),)/1000 -> -18.125732 | U29: =+IFERROR(HLOOKUP($C29,'[2]3월'!$F$6:$CP$99,21,),)/1000 -> 19.852408 | V29: =+U29-T29 -> 37.978141 | W29: =+IFERROR(HLOOKUP($C29,'[3]3월'!$F$6:$CC$57,21,),)/1000 -> 62.624016 | X29: =+U29-W29 -> -42.771607 | Y29: - 수도권/부산권 1군 판매단가 인하(3/1자) | AJ29: -6.290804 | AK29: =+U29-AJ29 -> 26.143213
B30: 서부산크라샤 | C30: 서부산골재 | G30: =+I30 -> 서부산CR | I30: 서부산CR | J30: =+IFERROR(HLOOKUP($B30,'[1]3월'!$D$6:$BN$259,2,),)/1000 -> 63.800097 | K30: =+IFERROR(HLOOKUP($C30,'[2]3월'!$F$6:$CP$99,2,),)/1000 -> 32.472 | L30: =+K30-J30 -> -31.328097 | M30: =+IFERROR(HLOOKUP($C30,'[3]3월'!$F$6:$CC$57,2,),)/1000 -> 21.556 | N30: =+K30-M30 -> 10.916 | O30: =+IFERROR(HLOOKUP($B30,'[1]3월'!$D$6:$BN$259,3,),)/1000 -> 941.6185 | P30: =+IFERROR(HLOOKUP($C30,'[2]3월'!$F$6:$CP$99,3,),)/1000 -> 461.312 | Q30: =+P30-O30 -> -480.3065 | R30: =+IFERROR(HLOOKUP($C30,'[3]3월'!$F$6:$CC$57,3,),)/1000 -> 310.084 | S30: =+P30-R30 -> 151.228 | T30: =+IFERROR(HLOOKUP($B30,'[1]3월'!$D$6:$BN$259,21,),)/1000 -> 251.76465 | U30: =+IFERROR(HLOOKUP($C30,'[2]3월'!$F$6:$CP$99,21,),)/1000 -> 165.9782 | V30: =+U30-T30 -> -85.786457 | W30: =+IFERROR(HLOOKUP($C30,'[3]3월'!$F$6:$CC$57,21,),)/1000 -> 45.27456 | X30: =+U30-W30 -> 120.70364 | Y30: · 수도권 2,300원(2.1% ↓) | AJ30: 162.33834 | AK30: =+U30-AJ30 -> 3.6398584
B31: 부산크라샤 | C31: 부산크라샤 | G31: =+I31 -> 부산CR | I31: 부산CR | J31: =+IFERROR(HLOOKUP($B31,'[1]3월'!$D$6:$BN$259,2,),)/1000 -> 0.0001 | K31: =+IFERROR(HLOOKUP($C31,'[2]3월'!$F$6:$CP$99,2,),)/1000 -> 4.89 | L31: =+K31-J31 -> 4.8899 | M31: =+IFERROR(HLOOKUP($C31,'[3]3월'!$F$6:$CC$57,2,),)/1000 -> 43.094 | N31: =+K31-M31 -> -38.204 | O31: =+IFERROR(HLOOKUP($B31,'[1]3월'!$D$6:$BN$259,3,),)/1000 -> 0 | P31: =+IFERROR(HLOOKUP($C31,'[2]3월'!$F$6:$CP$99,3,),)/1000 -> 94.095 | Q31: =+P31-O31 -> 94.095 | R31: =+IFERROR(HLOOKUP($C31,'[3]3월'!$F$6:$CC$57,3,),)/1000 -> 787.769 | S31: =+P31-R31 -> -693.674 | T31: =+IFERROR(HLOOKUP($B31,'[1]3월'!$D$6:$BN$259,21,),)/1000 -> -223.48283 | U31: =+IFERROR(HLOOKUP($C31,'[2]3월'!$F$6:$CP$99,21,),)/1000 -> -312.64607 | V31: =+U31-T31 -> -89.163243 | W31: =+IFERROR(HLOOKUP($C31,'[3]3월'!$F$6:$CC$57,21,),)/1000 -> 47.96902 | X31: =+U31-W31 -> -360.61509 | Y31: · 부산권 1,900원(1.7% ↓) | AJ31: -313.93526 | AK31: =+U31-AJ31 -> 1.2891882
H32: 골재 계 | J32: =SUM(J29:J31) -> 78.27623 | K32: =SUM(K29:K31) -> 61.211 | L32: =+K32-J32 -> -17.06523 | M32: =SUM(M29:M31) -> 84.928 | N32: =+K32-M32 -> -23.717 | O32: =SUM(O29:O31) -> 1269.7349 | P32: =SUM(P29:P31) -> 1283.417 | Q32: =+P32-O32 -> 13.682068 | R32: =SUM(R29:R31) -> 1765.0027 | S32: =+P32-R32 -> -481.58567 | T32: =SUM(T29:T31) -> 10.156088 | U32: =SUM(U29:U31) -> -126.81547 | V32: =+U32-T32 -> -136.97156 | W32: =SUM(W29:W31) -> 155.8676 | X32: =+U32-W32 -> -282.68307 | Y32: - 1군 판가 소급분(마이너스 계산서) : 4.9억 | AJ32: -157.88773 | AK32: =+U32-AJ32 -> 31.072259 | AL32: =283175/1000000 -> 0.283175 | AM32: =+AK32-AL32 -> 30.789084
B33: 포항임대 | C33: 속초임대 | D33: 강릉임대 | E33: 레미콘임대 계 | G33: =+I33 -> 레미콘임대 | H33: 기타 | I33: 레미콘임대 | L33: =+K33-J33 -> 0 | N33: =+K33-M33 -> 0 | O33: =(IFERROR(HLOOKUP($B33,'[1]3월'!$D$6:$BN$259,3,),)++IFERROR(HLOOKUP($C33,'[1]3월'!$D$6:$BN$259,3,),)+IFERROR(HLOOKUP($D33,'[1]3월'!$D$6:$BN$259,3,),))/1000 -> 90.84 | P33: =+IFERROR(HLOOKUP($E33,'[2]3월'!$F$6:$CP$99,3,),)/1000 -> 65.84 | Q33: =+P33-O33 -> -25 | R33: =+IFERROR(HLOOKUP($E33,'[3]3월'!$F$6:$CC$57,3,),)/1000 -> 90.84 | S33: =+P33-R33 -> -25 | T33: =(IFERROR(HLOOKUP($B33,'[1]3월'!$D$6:$BN$259,21,),)++IFERROR(HLOOKUP($C33,'[1]3월'!$D$6:$BN$259,21,),)+IFERROR(HLOOKUP($D33,'[1]3월'!$D$6:$BN$259,21,),))/1000 -> 75.717537 | U33: =+IFERROR(HLOOKUP($E33,'[2]3월'!$F$6:$CP$99,16,),)/1000 -> 46.568992 | V33: =+U33-T33 -> -29.148545 | W33: =+IFERROR(HLOOKUP($E33,'[3]3월'!$F$6:$CC$57,16,),)/1000 -> 75.121657 | X33: =+U33-W33 -> -28.552665 | Y33: · GS(4.4억), 라인산업(0.2억), 호반건설(0.1억), 계룡건설산업(0.1억) | AJ33: 46.568992 | AK33: =+U33-AJ33 -> 0
B34: 부동산임대 | C34: 주유소임대 | E34: 임대 계 | G34: =+I34 -> 임대 | I34: 임대 | L34: =+K34-J34 -> 0 | M34: 0 | N34: =+K34-M34 -> 0 | O34: =(+IFERROR(HLOOKUP($B34,'[1]3월'!$D$6:$BN$259,3,),)+IFERROR(HLOOKUP($C34,'[1]3월'!$D$6:$BN$259,3,),))/1000 -> 74.0915 | P34: =+IFERROR(HLOOKUP($E34,'[2]3월'!$F$6:$CP$99,3,),)/1000 -> 73.542477 | Q34: =+P34-O34 -> -0.549023 | R34: =+IFERROR(HLOOKUP($E34,'[3]3월'!$F$6:$CC$57,3,),)/1000 -> 72.011468 | S34: =+P34-R34 -> 1.531009 | T34: =(+IFERROR(HLOOKUP($B34,'[1]3월'!$D$6:$BN$259,21,),)+IFERROR(HLOOKUP($C34,'[1]3월'!$D$6:$BN$259,21,),))/1000 -> 76.556944 | U34: =+IFERROR(HLOOKUP($E34,'[2]3월'!$F$6:$CP$99,16,),)/1000 -> 76.003665 | V34: =+U34-T34 -> -0.553279 | W34: =+IFERROR(HLOOKUP($E34,'[3]3월'!$F$6:$CC$57,16,),)/1000 -> 74.495595 | X34: =+U34-W34 -> 1.50807 | AJ34: 76.003665 | AK34: =+U34-AJ34 -> 0
B35: 공 통 비 | G35: =+I35 -> 공통비 | I35: 공통비 | L35: =+K35-J35 -> 0 | N35: =+K35-M35 -> 0 | Q35: =+P35-O35 -> 0 | S35: =+P35-R35 -> 0 | T35: =-'[1]3월'!$Z$22/1000 -> -1394.3694 | U35: =+-'[2]3월'!$Z$22/1000 -> -1338.7445 | V35: =+U35-T35 -> 55.624936 | W35: =+-'[3]3월'!$Z$22/1000 -> -1237.7949 | X35: =+U35-W35 -> -100.94957 | Y35: - 대손 : 5.2억 | AJ35: -1338.9314 | AK35: =+U35-AJ35 -> 0.1868979
G36: =+I36 -> OPC 소급분 | I36: OPC 소급분 | N36: =+K36-M36 -> 0 | Q36: =+P36-O36 -> 0 | S36: =+P36-R36 -> 0 | U36: ='[2]3월'!$BD$26/1000 -> 0 | V36: =+U36-T36 -> 0 | W36: =-'[3]3월'!$BD$26/1000 -> 0 | X36: =+U36-W36 -> 0 | Y36: · 집합대손 2.2억 // 개별대손 3억(삼정이앤시) → 안양 2.9억, 양산 0.1억 | AJ36: 0 | AK36: =+U36-AJ36 -> 0
G37: =+I37 -> 대손 | I37: 대손 | N37: =+K37-M37 -> 0 | Q37: =+P37-O37 -> 0 | S37: =+P37-R37 -> 0 | U37: ='[2]3월'!$BE$26/1000 -> -522.39605 | V37: =+U37-T37 -> -522.39605 | W37: ='[3]3월'!$BE$26/1000 -> -1906.5691 | X37: =+U37-W37 -> 1384.173 | AJ37: -522.40025 | AK37: =+U37-AJ37 -> 0.004194 | AO37: =+AK32+AK11 -> 2.9238371 | AP37: =+AO37*1000000 -> 2923837.1 | AQ37: =199422+283175 -> 482597
G38: =+I38 -> 미운영 공장 | I38: 미운영 공장 | M38: =SUM(M54:M59) -> 0 | N38: =+K38-M38 -> 0 | Q38: =+P38-O38 -> 0 | R38: =+IFERROR(HLOOKUP($I$38,'[3]3월'!$F$6:$BJ$50,3,),)/1000 -> 0 | S38: =+P38-R38 -> 0 | T38: =SUM('[1]3월'!$AM$26:$AQ$26)/1000 -> -0.148809 | U38: =+'[2]3월'!$BF$26/1000 -> -7.533661 | V38: =+U38-T38 -> -7.384852 | W38: =+'[3]3월'!$BF$26/1000 -> -1.614152 | X38: =+U38-W38 -> -5.919509 | AJ38: -7.533661 | AK38: =+U38-AJ38 -> 0 | AQ38: =+AP37-AQ37 -> 2441240.1
B39: 기타 계 | G39: =+I39 -> 퇴직위로금 | I39: 퇴직위로금 | U39: =+'[2]3월'!$BG$26/1000 -> 0 | V39: =+U39-T39 -> 0 | X39: =+U39-W39 -> 0 | AJ39: 0 | AK39: =+U39-AJ39 -> 0
G40: =+I40 -> 기타 | I40: 기타 | L40: =+K40-J40 -> 0 | N40: =+K40-M40 -> 0 | O40: =IFERROR(HLOOKUP($B39,'[1]3월'!$D$6:$BN$259,3,),)/1000 -> 1.77 | P40: =+('[2]3월'!$F$8-SUM('[2]3월'!$Z$8,'[2]3월'!$AH$8,'[2]3월'!$AN$8,'[2]3월'!$AO$8,'[2]3월'!$BA$8,'[2]3월'!$BD$8,'[2]3월'!$BE$8,'[2]3월'!$BF$8))/1000 -> 1.67985 | Q40: =+P40-O40 -> -0.09015 | R40: =+('[3]3월'!$F$8-SUM('[3]3월'!$Z$8,'[3]3월'!$AH$8,'[3]3월'!$AN$8,'[3]3월'!$AO$8,'[3]3월'!$BA$8,'[3]3월'!$BD$8,'[3]3월'!$BE$8,'[3]3월'!$BF$8))/1000 -> 1.7024 | S40: =+P40-R40 -> -0.02255 | T40: =+('[1]3월'!$E$26-'[1]3월'!$Z$26-'[1]3월'!$AA$26-'[1]3월'!$AE$26-'[1]3월'!$AL$26-'[1]3월'!$AM$26-'[1]3월'!$AN$26-'[1]3월'!$AO$26-'[1]3월'!$AP$26-'[1]3월'!$AQ$26-'[1]3월'!$AS$26+'[1]3월'!$AS$26)/1000 -> -75.182554 | U40: =+('[2]3월'!$F$26-SUM('[2]3월'!$Z$26,'[2]3월'!$AH$26,'[2]3월'!$AN$26,'[2]3월'!$AO$26,'[2]3월'!$BA$26,'[2]3월'!$BD$26,'[2]3월'!$BE$26,'[2]3월'!$BF$26))/1000-U39 -> -11.11117 | V40: =+U40-T40 -> 64.071384 | W40: =+('[3]3월'!$F$26-SUM('[3]3월'!$Z$26,'[3]3월'!$AH$26,'[3]3월'!$AN$26,'[3]3월'!$AO$26,'[3]3월'!$BA$26,'[3]3월'!$BD$26,'[3]3월'!$BE$26,'[3]3월'!$BF$26))/1000 -> -6.366509 | X40: =+U40-W40 -> -4.744661 | AJ40: -11.111171 | AK40: =+U40-AJ40 -> 1.0000035e-06
H41: 기타 계 | J41: =SUM(J33:J40) -> 0 | K41: =SUM(K33:K40) -> 0 | L41: =+K41-J41 -> 0 | M41: =SUM(M33:M40) -> 0 | N41: =+K41-M41 -> 0 | O41: =SUM(O33:O40) -> 166.7015 | P41: =SUM(P33:P40) -> 141.06233 | Q41: =+P41-O41 -> -25.639173 | R41: =SUM(R33:R40) -> 164.55387 | S41: =+P41-R41 -> -23.491541 | T41: =SUM(T33:T40) -> -1317.4263 | U41: =SUM(U33:U40) -> -1757.2127 | V41: =+U41-T41 -> -439.78641 | W41: =SUM(W33:W40) -> -3002.7274 | X41: =+U41-W41 -> 1245.5147 | AJ41: -1757.4038 | AK41: =+U41-AJ41 -> 0.1910929
U42: 19 | V42: 12.4 | AJ42: 19 | AK42: =+U42-AJ42 -> 0 | AO42: 10121748
G43: =+P43/O43 -> 0.99594419 | H43: 합계 | O43: =+O27+O32+O28+O41 -> 40001.093 | P43: =+P27+P32+P28+P41 -> 39838.856 | Q43: =+P43-O43 -> -162.237 | R43: =+R27+R32+R28+R41 -> 41194.726 | S43: =+P43-R43 -> -1355.8707 | T43: =+T27+T32+T28+T41 -> 1063.5872 | U43: =+U27+U32+U28+U41 -> -310.01179 | V43: =+U43-T43 -> -1373.599 | W43: =+W27+W32+W28+W41 -> 876.69411 | X43: =+U43-W43 -> -1186.7059 | AJ43: -319.48454 | AK43: =+U43-AJ43 -> 9.472751 | AO43: =+AK43*1000000 -> 9472751
G44: =+U43/T43 -> -0.29147754 | P44: =+P43/O43 -> 0.99594419 | T44: =+T43/O43 -> 0.026588954 | U44: =+U43/P43 -> -0.0077816439 | AJ44: -0.0080512561 | AK44: =+U44-AJ44 -> 0.00026961219 | AO44: =+AO43-AO42 -> -648997.01
F46: =+K28/M28 -> 1.8191167 | G46: =+K28/J28 -> 1.5453696 | I46: 확인 | J46: =+'[1]3월'!$Z$7/1000 -> 273 | K46: =+'[2]3월'!$AI$7/1000 -> 265.927 | M46: =+'[3]3월'!$Z$7/1000 -> 298.4865 | O46: =+'[1]3월'!$E$8/1000 -> 40001.093 | P46: =+'[2]3월'!$F$8/1000 -> 39838.856 | R46: =+'[3]3월'!$F$8/1000 -> 41194.726 | T46: =+'[1]3월'!$E$26/1000 -> 1063.5872 | U46: =+'[2]3월'!$F$26/1000 -> -310.01179 | W46: =+'[3]3월'!$F$26/1000 -> 876.69411 | AJ46: -319.48454
F47: =+K32/M32 -> 0.72073992 | G47: =+K32/J32 -> 0.78198708 | J47: =+J46-J27 -> 0 | K47: =+K46-K27 -> 0 | M47: =+M46-M27 -> 0 | O47: =+O46-O43 -> 0 | P47: =+P46-P43 -> 0 | R47: =+R46-R43 -> 0 | T47: =+T46-T43 -> 6.5938366e-12 | U47: =+U46-U43 -> 0 | W47: =+W46-W43 -> 0 | AJ47: -7.3896445e-13
S50: 레미콘 | T50: =(+T27+T35)/100 -> 8.1159306 | U50: =(+U27+U35)/100 -> 3.5414225 | V50: =+U50-T50 -> -4.5745081 | W50: =+U50/T50-1 -> -0.56364554
S51: 건자재 | T51: =+T28/100 -> 1.6489496 | U51: =+U28/100 -> -1.1887035 | V51: =+U51-T51 -> -2.8376531 | Y51: - OPC 소급분 : 삼표 2.5억(총 9.9억 中 1회차) → 8~3월 총 4회 소급예정
S52: 골재 | T52: =+T32/100 -> 0.10156088 | U52: =+U32/100 -> -1.2681547 | V52: =+U52-T52 -> -1.3697156
S53: 임대 | T53: =(T33+T34)/100 -> 1.5227448 | U53: =(U33+U34)/100 -> 1.2257266 | V53: =+U53-T53 -> -0.29701824
S54: 기타 | T54: =(T46/100)-T50-T51-T52-T53 -> -0.75331363 | U54: =(U46/100)-U50-U51-U52-U53 -> -5.4104088 | V54: =+U54-T54 -> -4.6570952
T55: =SUM(T53:T54) -> 0.76943118 | U55: =SUM(U53:U54) -> -4.1846822 | V55: =SUM(V53:V54) -> -4.9541134
T56: =SUM(T50:T54) -> 10.635872 | U56: =SUM(U50:U54) -> -3.1001179 | V56: =+U56-T56 -> -13.73599
S58: 임대 | T58: =+(T33+T34)/100 -> 1.5227448 | U58: =+(U33+U34)/100 -> 1.2257266 | V58: =+U58-T58 -> -0.29701824
S59: =+I36 -> OPC 소급분 | T59: =+T36/100 -> 0 | U59: =+U36/100 -> 0 | V59: =+U59-T59 -> 0
S60: =+I37 -> 대손 | T60: =+T37/100 -> 0 | U60: =+U37/100 -> -5.2239605 | V60: =+U60-T60 -> -5.2239605
S61: =+I38 -> 미운영 공장 | T61: =+T38/100 -> -0.00148809 | U61: =+U38/100 -> -0.07533661 | V61: =+U61-T61 -> -0.07384852
S62: =+I40 -> 기타 | T62: =+T40/100 -> -0.75182554 | U62: =+U40/100 -> -0.1111117 | V62: =+U62-T62 -> 0.64071384
T63: =SUM(T58:T62) -> 0.76943118 | U63: =SUM(U58:U62) -> -4.1846822 | V63: =SUM(V58:V62) -> -4.9541134
T66: =SUM(T33:T34,T36,T38:T40) -> 76.943118 | U66: =SUM(U33:U34,U36,U38:U40) -> 103.92783 | V66: =+U66-T66 -> 26.984708

Sheet 사업장별(누계)
H3: □ 사업장별 손익실적(2025-03누계)
AG4: [단위 : 천㎥, 톤, 백만원]
H5: 구분 | J5: 물량 | O5: 매출 | T5: 영업이익(공통비 배부전) | Y5: 판매단가 | AB5: 변동비 | AE5: 공헌이익
A6: 2024년 3월누계 마감 손익 | J6: 계획 | K6: 실적 | L6: 차이 | M6: 전년 | N6: 차이 | O6: 계획 | P6: 실적 | Q6: 차이 | R6: 전년 | S6: 차이 | T6: 계획 | U6: 실적 | V6: 차이 | W6: 전년 | X6: 차이 | Y6: 계획 | Z6: 실적 | AA6: 전년 | AB6: 계획 | AC6: 실적 | AD6: 전년 | AE6: 계획 | AF6: 실적 | AG6: 전년
B7: 안양 | G7: =+I7 -> 안양 | H7: 레미콘 | I7: 안양 | J7: =+IFERROR(HLOOKUP($B7,'[1]3월누계'!$D$6:$BN$259,2,),)/1000 -> 100 | K7: =+IFERROR(HLOOKUP($B7,'[2]3월누계'!$F$6:$CP$99,2,),)/1000 -> 100.21 | L7: =+K7-J7 -> 0.21 | M7: =+IFERROR(HLOOKUP($B7,'[3]3월누계'!$F$6:$CC$57,2,),)/1000 -> 124.451 | N7: =+K7-M7 -> -24.241 | O7: =+IFERROR(HLOOKUP($B7,'[1]3월누계'!$D$6:$BN$259,3,),)/1000 -> 9806.5635 | P7: =+IFERROR(HLOOKUP($B7,'[2]3월누계'!$F$6:$CP$99,3,),)/1000 -> 9634.6382 | Q7: =+P7-O7 -> -171.92534 | R7: =+IFERROR(HLOOKUP($B7,'[3]3월누계'!$F$6:$CC$57,3,),)/1000 -> 12223.782 | S7: =+P7-R7 -> -2589.1436 | T7: =+IFERROR(HLOOKUP($B7,'[1]3월누계'!$D$6:$BN$259,16,),)/1000 -> 590.36839 | U7: =+IFERROR(HLOOKUP($B7,'[2]3월누계'!$F$6:$CP$99,16,),)/1000 -> 544.25705 | V7: =+U7-T7 -> -46.111346 | W7: =+IFERROR(HLOOKUP($B7,'[3]3월누계'!$F$6:$CC$57,16,),)/1000 -> 1191.1608 | X7: =+U7-W7 -> -646.90376 | Y7: =+[9]안양!$Q$85 -> 98065.635 | Z7: =+[9]안양!$R$85 -> 96121.69 | AA7: =+[10]안양!$Q$85 -> 98221.644 | AB7: =+[9]안양!$Q$89 -> 82667.864 | AC7: =+[9]안양!$R$89 -> 81579.544 | AD7: =+[10]안양!$Q$89 -> 81295.712 | AE7: =+Y7-AB7 -> 15397.771 | AF7: =+Z7-AC7 -> 14542.146 | AG7: =+AA7-AD7 -> 16925.932
B8: 인천 | G8: =+I8 -> 인천 | H8: 직영 | I8: 인천 | J8: =+IFERROR(HLOOKUP($B8,'[1]3월누계'!$D$6:$BN$259,2,),)/1000 -> 80 | K8: =+IFERROR(HLOOKUP($B8,'[2]3월누계'!$F$6:$CP$99,2,),)/1000 -> 70.152 | L8: =+K8-J8 -> -9.848 | M8: =+IFERROR(HLOOKUP($B8,'[3]3월누계'!$F$6:$CC$57,2,),)/1000 -> 83.656 | N8: =+K8-M8 -> -13.504 | O8: =+IFERROR(HLOOKUP($B8,'[1]3월누계'!$D$6:$BN$259,3,),)/1000 -> 7807.7827 | P8: =+IFERROR(HLOOKUP($B8,'[2]3월누계'!$F$6:$CP$99,3,),)/1000 -> 6832.7286 | Q8: =+P8-O8 -> -975.05408 | R8: =+IFERROR(HLOOKUP($B8,'[3]3월누계'!$F$6:$CC$57,3,),)/1000 -> 8443.3819 | S8: =+P8-R8 -> -1610.6533 | T8: =+IFERROR(HLOOKUP($B8,'[1]3월누계'!$D$6:$BN$259,16,),)/1000 -> 182.09957 | U8: =+IFERROR(HLOOKUP($B8,'[2]3월누계'!$F$6:$CP$99,16,),)/1000 -> -78.653321 | V8: =+U8-T8 -> -260.7529 | W8: =+IFERROR(HLOOKUP($B8,'[3]3월누계'!$F$6:$CC$57,16,),)/1000 -> 624.52589 | X8: =+U8-W8 -> -703.17922 | Y8: =+[9]인천!$Q$85 -> 97597.284 | Z8: =+[9]인천!$R$85 -> 97415.809 | AA8: =+[10]인천!$Q$85 -> 100929.78 | AB8: =+[9]인천!$Q$89 -> 83639.421 | AC8: =+[9]인천!$R$89 -> 85798.574 | AD8: =+[10]인천!$Q$89 -> 83319.257 | AE8: =+Y8-AB8 -> 13957.863 | AF8: =+Z8-AC8 -> 11617.235 | AG8: =+AA8-AD8 -> 17610.527
B9: 파주 | G9: =+I9 -> 파주 | I9: 파주 | J9: =+IFERROR(HLOOKUP($B9,'[1]3월누계'!$D$6:$BN$259,2,),)/1000 -> 48 | K9: =+IFERROR(HLOOKUP($B9,'[2]3월누계'!$F$6:$CP$99,2,),)/1000 -> 29.676 | L9: =+K9-J9 -> -18.324 | M9: =+IFERROR(HLOOKUP($B9,'[3]3월누계'!$F$6:$CC$57,2,),)/1000 -> 66.204 | N9: =+K9-M9 -> -36.528 | O9: =+IFERROR(HLOOKUP($B9,'[1]3월누계'!$D$6:$BN$259,3,),)/1000 -> 4634.3497 | P9: =+IFERROR(HLOOKUP($B9,'[2]3월누계'!$F$6:$CP$99,3,),)/1000 -> 2727.1971 | Q9: =+P9-O9 -> -1907.1526 | R9: =+IFERROR(HLOOKUP($B9,'[3]3월누계'!$F$6:$CC$57,3,),)/1000 -> 6763.0588 | S9: =+P9-R9 -> -4035.8617 | T9: =+IFERROR(HLOOKUP($B9,'[1]3월누계'!$D$6:$BN$259,16,),)/1000 -> 70.484947 | U9: =+IFERROR(HLOOKUP($B9,'[2]3월누계'!$F$6:$CP$99,16,),)/1000 -> -297.59622 | V9: =+U9-T9 -> -368.08116 | W9: =+IFERROR(HLOOKUP($B9,'[3]3월누계'!$F$6:$CC$57,16,),)/1000 -> 487.94201 | X9: =+U9-W9 -> -785.53823 | Y9: =+[9]파주!$Q$85 -> 96548.953 | Z9: =+[9]파주!$R$85 -> 91899.081 | AA9: =+[10]파주!$Q$85 -> 102161.74 | AB9: =+[9]파주!$Q$89 -> 79548.376 | AC9: =+[9]파주!$R$89 -> 79518.799 | AD9: =+[10]파주!$Q$89 -> 83825.434 | AE9: =+Y9-AB9 -> 17000.577 | AF9: =+Z9-AC9 -> 12380.281 | AG9: =+AA9-AD9 -> 18336.304
B10: 김포 | G10: =+I10 -> 김포 | I10: 김포 | J10: =+IFERROR(HLOOKUP($B10,'[1]3월누계'!$D$6:$BN$259,2,),)/1000 -> 32 | K10: =+IFERROR(HLOOKUP($B10,'[2]3월누계'!$F$6:$CP$99,2,),)/1000 -> 24.6 | L10: =+K10-J10 -> -7.4 | M10: =+IFERROR(HLOOKUP($B10,'[3]3월누계'!$F$6:$CC$57,2,),)/1000 -> 23.559 | N10: =+K10-M10 -> 1.041 | O10: =+IFERROR(HLOOKUP($B10,'[1]3월누계'!$D$6:$BN$259,3,),)/1000 -> 3055.7491 | P10: =+IFERROR(HLOOKUP($B10,'[2]3월누계'!$F$6:$CP$99,3,),)/1000 -> 2335.9572 | Q10: =+P10-O10 -> -719.79196 | R10: =+IFERROR(HLOOKUP($B10,'[3]3월누계'!$F$6:$CC$57,3,),)/1000 -> 2263.1289 | S10: =+P10-R10 -> 72.828245 | T10: =+IFERROR(HLOOKUP($B10,'[1]3월누계'!$D$6:$BN$259,16,),)/1000 -> 78.701387 | U10: =+IFERROR(HLOOKUP($B10,'[2]3월누계'!$F$6:$CP$99,16,),)/1000 -> -115.34376 | V10: =+U10-T10 -> -194.04515 | W10: =+IFERROR(HLOOKUP($B10,'[3]3월누계'!$F$6:$CC$57,16,),)/1000 -> -5.58851 | X10: =+U10-W10 -> -109.75525 | Y10: =+[9]김포!$Q$85 -> 95492.16 | Z10: =+[9]김포!$R$85 -> 94978.777 | AA10: =+[10]김포!$Q$85 -> 96062.181 | AB10: =+[9]김포!$Q$89 -> 76961.82 | AC10: =+[9]김포!$R$89 -> 79532.124 | AD10: =+[10]김포!$Q$89 -> 76381.196 | AE10: =+Y10-AB10 -> 18530.34 | AF10: =+Z10-AC10 -> 15446.653 | AG10: =+AA10-AD10 -> 19680.985
B11: 부산 | G11: =+I11 -> 부산 | I11: 부산 | J11: =+IFERROR(HLOOKUP($B11,'[1]3월누계'!$D$6:$BN$259,2,),)/1000 -> 57 | K11: =+IFERROR(HLOOKUP($B11,'[2]3월누계'!$F$6:$CP$99,2,),)/1000 -> 54.348 | L11: =+K11-J11 -> -2.652 | M11: =+IFERROR(HLOOKUP($B11,'[3]3월누계'!$F$6:$CC$57,2,),)/1000 -> 62.108 | N11: =+K11-M11 -> -7.76 | O11: =+IFERROR(HLOOKUP($B11,'[1]3월누계'!$D$6:$BN$259,3,),)/1000 -> 6138.9052 | P11: =+IFERROR(HLOOKUP($B11,'[2]3월누계'!$F$6:$CP$99,3,),)/1000 -> 5788.9015 | Q11: =+P11-O11 -> -350.0037 | R11: =+IFERROR(HLOOKUP($B11,'[3]3월누계'!$F$6:$CC$57,3,),)/1000 -> 6695.4014 | S11: =+P11-R11 -> -906.49989 | T11: =+IFERROR(HLOOKUP($B11,'[1]3월누계'!$D$6:$BN$259,16,),)/1000 -> 469.98429 | U11: =+IFERROR(HLOOKUP($B11,'[2]3월누계'!$F$6:$CP$99,16,),)/1000 -> 563.56659 | V11: =+U11-T11 -> 93.582296 | W11: =+IFERROR(HLOOKUP($B11,'[3]3월누계'!$F$6:$CC$57,16,),)/1000 -> 737.33397 | X11: =+U11-W11 -> -173.76738 | Y11: =+[9]부산!$Q$85 -> 107700.09 | Z11: =+[9]부산!$R$85 -> 106515.45 | AA11: =+[10]부산!$Q$85 -> 107802.56 | AB11: =+[9]부산!$Q$89 -> 84877.701 | AC11: =+[9]부산!$R$89 -> 82661.996 | AD11: =+[10]부산!$Q$89 -> 84406.225 | AE11: =+Y11-AB11 -> 22822.39 | AF11: =+Z11-AC11 -> 23853.451 | AG11: =+AA11-AD11 -> 23396.335
B12: 서부산 | G12: =+I12 -> 서부산 | I12: 서부산 | J12: =+IFERROR(HLOOKUP($B12,'[1]3월누계'!$D$6:$BN$259,2,),)/1000 -> 54 | K12: =+IFERROR(HLOOKUP($B12,'[2]3월누계'!$F$6:$CP$99,2,),)/1000 -> 47.831 | L12: =+K12-J12 -> -6.169 | M12: =+IFERROR(HLOOKUP($B12,'[3]3월누계'!$F$6:$CC$57,2,),)/1000 -> 63.855 | N12: =+K12-M12 -> -16.024 | O12: =+IFERROR(HLOOKUP($B12,'[1]3월누계'!$D$6:$BN$259,3,),)/1000 -> 5362.2157 | P12: =+IFERROR(HLOOKUP($B12,'[2]3월누계'!$F$6:$CP$99,3,),)/1000 -> 4610.2614 | Q12: =+P12-O12 -> -751.95427 | R12: =+IFERROR(HLOOKUP($B12,'[3]3월누계'!$F$6:$CC$57,3,),)/1000 -> 6421.5315 | S12: =+P12-R12 -> -1811.2701 | T12: =+IFERROR(HLOOKUP($B12,'[1]3월누계'!$D$6:$BN$259,16,),)/1000 -> 392.84324 | U12: =+IFERROR(HLOOKUP($B12,'[2]3월누계'!$F$6:$CP$99,16,),)/1000 -> 259.01918 | V12: =+U12-T12 -> -133.82406 | W12: =+IFERROR(HLOOKUP($B12,'[3]3월누계'!$F$6:$CC$57,16,),)/1000 -> 663.07388 | X12: =+U12-W12 -> -404.0547 | Y12: =+[9]서부산!$Q$85 -> 99300.29 | Z12: =+[9]서부산!$R$85 -> 96386.474 | AA12: =+[10]서부산!$Q$85 -> 100564.27 | AB12: =+[9]서부산!$Q$89 -> 78811.909 | AC12: =+[9]서부산!$R$89 -> 77069.977 | AD12: =+[10]서부산!$Q$89 -> 80023.775 | AE12: =+Y12-AB12 -> 20488.381 | AF12: =+Z12-AC12 -> 19316.496 | AG12: =+AA12-AD12 -> 20540.495
B13: 김해 | G13: =+I13 -> 김해 | I13: 김해 | J13: =+IFERROR(HLOOKUP($B13,'[1]3월누계'!$D$6:$BN$259,2,),)/1000 -> 37 | K13: =+IFERROR(HLOOKUP($B13,'[2]3월누계'!$F$6:$CP$99,2,),)/1000 -> 22.3 | L13: =+K13-J13 -> -14.7 | M13: =+IFERROR(HLOOKUP($B13,'[3]3월누계'!$F$6:$CC$57,2,),)/1000 -> 35.106 | N13: =+K13-M13 -> -12.806 | O13: =+IFERROR(HLOOKUP($B13,'[1]3월누계'!$D$6:$BN$259,3,),)/1000 -> 3563.1023 | P13: =+IFERROR(HLOOKUP($B13,'[2]3월누계'!$F$6:$CP$99,3,),)/1000 -> 2086.9458 | Q13: =+P13-O13 -> -1476.1565 | R13: =+IFERROR(HLOOKUP($B13,'[3]3월누계'!$F$6:$CC$57,3,),)/1000 -> 3478.5254 | S13: =+P13-R13 -> -1391.5796 | T13: =+IFERROR(HLOOKUP($B13,'[1]3월누계'!$D$6:$BN$259,16,),)/1000 -> 244.32998 | U13: =+IFERROR(HLOOKUP($B13,'[2]3월누계'!$F$6:$CP$99,16,),)/1000 -> -82.619591 | V13: =+U13-T13 -> -326.94958 | W13: =+IFERROR(HLOOKUP($B13,'[3]3월누계'!$F$6:$CC$57,16,),)/1000 -> 199.92358 | X13: =+U13-W13 -> -282.54317 | Y13: =+[9]김해!$Q$85 -> 96300.064 | Z13: =+[9]김해!$R$85 -> 93571.632 | AA13: =+[10]김해!$Q$85 -> 99220.304 | AB13: =+[9]김해!$Q$89 -> 76606.669 | AC13: =+[9]김해!$R$89 -> 77226.543 | AD13: =+[10]김해!$Q$89 -> 81004.577 | AE13: =+Y13-AB13 -> 19693.395 | AF13: =+Z13-AC13 -> 16345.089 | AG13: =+AA13-AD13 -> 18215.727
B14: 정관 | G14: =+I14 -> 정관 | I14: 정관 | J14: =+IFERROR(HLOOKUP($B14,'[1]3월누계'!$D$6:$BN$259,2,),)/1000 -> 56 | K14: =+IFERROR(HLOOKUP($B14,'[2]3월누계'!$F$6:$CP$99,2,),)/1000 -> 54.343 | L14: =+K14-J14 -> -1.657 | M14: =+IFERROR(HLOOKUP($B14,'[3]3월누계'!$F$6:$CC$57,2,),)/1000 -> 57.1725 | N14: =+K14-M14 -> -2.8295 | O14: =+IFERROR(HLOOKUP($B14,'[1]3월누계'!$D$6:$BN$259,3,),)/1000 -> 5711.9881 | P14: =+IFERROR(HLOOKUP($B14,'[2]3월누계'!$F$6:$CP$99,3,),)/1000 -> 5511.6251 | Q14: =+P14-O14 -> -200.36306 | R14: =+IFERROR(HLOOKUP($B14,'[3]3월누계'!$F$6:$CC$57,3,),)/1000 -> 5849.3167 | S14: =+P14-R14 -> -337.69166 | T14: =+IFERROR(HLOOKUP($B14,'[1]3월누계'!$D$6:$BN$259,16,),)/1000 -> 441.86328 | U14: =+IFERROR(HLOOKUP($B14,'[2]3월누계'!$F$6:$CP$99,16,),)/1000 -> 367.07069 | V14: =+U14-T14 -> -74.792589 | W14: =+IFERROR(HLOOKUP($B14,'[3]3월누계'!$F$6:$CC$57,16,),)/1000 -> 538.13685 | X14: =+U14-W14 -> -171.06616 | Y14: =+[9]정관!$Q$85 -> 101999.79 | Z14: =+[9]정관!$R$85 -> 101422.91 | AA14: =+[10]정관!$Q$85 -> 102309.97 | AB14: =+[9]정관!$Q$89 -> 81925.895 | AC14: =+[9]정관!$R$89 -> 84140.343 | AD14: =+[10]정관!$Q$89 -> 82705.317 | AE14: =+Y14-AB14 -> 20073.893 | AF14: =+Z14-AC14 -> 17282.565 | AG14: =+AA14-AD14 -> 19604.652
B15: 양산 | G15: =+I15 -> 양산 | I15: 양산 | J15: =+IFERROR(HLOOKUP($B15,'[1]3월누계'!$D$6:$BN$259,2,),)/1000 -> 31 | K15: =+IFERROR(HLOOKUP($B15,'[2]3월누계'!$F$6:$CP$99,2,),)/1000 -> 23.639 | L15: =+K15-J15 -> -7.361 | M15: =+IFERROR(HLOOKUP($B15,'[3]3월누계'!$F$6:$CC$57,2,),)/1000 -> 36.892 | N15: =+K15-M15 -> -13.253 | O15: =+IFERROR(HLOOKUP($B15,'[1]3월누계'!$D$6:$BN$259,3,),)/1000 -> 2935.1242 | P15: =+IFERROR(HLOOKUP($B15,'[2]3월누계'!$F$6:$CP$99,3,),)/1000 -> 2244.0184 | Q15: =+P15-O15 -> -691.10587 | R15: =+IFERROR(HLOOKUP($B15,'[3]3월누계'!$F$6:$CC$57,3,),)/1000 -> 3466.6296 | S15: =+P15-R15 -> -1222.6112 | T15: =+IFERROR(HLOOKUP($B15,'[1]3월누계'!$D$6:$BN$259,16,),)/1000 -> 179.74585 | U15: =+IFERROR(HLOOKUP($B15,'[2]3월누계'!$F$6:$CP$99,16,),)/1000 -> 47.353373 | V15: =+U15-T15 -> -132.39248 | W15: =+IFERROR(HLOOKUP($B15,'[3]3월누계'!$F$6:$CC$57,16,),)/1000 -> 383.7614 | X15: =+U15-W15 -> -336.40802 | Y15: =+[9]양산!$Q$85 -> 94681.427 | Z15: =+[9]양산!$R$85 -> 94928.651 | AA15: =+[10]양산!$Q$85 -> 93966.974 | AB15: =+[9]양산!$Q$89 -> 74375.677 | AC15: =+[9]양산!$R$89 -> 73681.734 | AD15: =+[10]양산!$Q$89 -> 72203.263 | AE15: =+Y15-AB15 -> 20305.751 | AF15: =+Z15-AC15 -> 21246.917 | AG15: =+AA15-AD15 -> 21763.711
B16: 창원 | G16: =+I16 -> 창원 | I16: 창원 | J16: =+IFERROR(HLOOKUP($B16,'[1]3월누계'!$D$6:$BN$259,2,),)/1000 -> 25 | K16: =+IFERROR(HLOOKUP($B16,'[2]3월누계'!$F$6:$CP$99,2,),)/1000 -> 30.799 | L16: =+K16-J16 -> 5.799 | M16: =+IFERROR(HLOOKUP($B16,'[3]3월누계'!$F$6:$CC$57,2,),)/1000 -> 51.491 | N16: =+K16-M16 -> -20.692 | O16: =+IFERROR(HLOOKUP($B16,'[1]3월누계'!$D$6:$BN$259,3,),)/1000 -> 2500.0094 | P16: =+IFERROR(HLOOKUP($B16,'[2]3월누계'!$F$6:$CP$99,3,),)/1000 -> 3064.3449 | Q16: =+P16-O16 -> 564.33558 | R16: =+IFERROR(HLOOKUP($B16,'[3]3월누계'!$F$6:$CC$57,3,),)/1000 -> 5287.2833 | S16: =+P16-R16 -> -2222.9384 | T16: =+IFERROR(HLOOKUP($B16,'[1]3월누계'!$D$6:$BN$259,16,),)/1000 -> 28.75672 | U16: =+IFERROR(HLOOKUP($B16,'[2]3월누계'!$F$6:$CP$99,16,),)/1000 -> 205.70844 | V16: =+U16-T16 -> 176.95172 | W16: =+IFERROR(HLOOKUP($B16,'[3]3월누계'!$F$6:$CC$57,16,),)/1000 -> 842.19535 | X16: =+U16-W16 -> -636.4869 | Y16: =+[9]창원!$Q$85 -> 100000.37 | Z16: =+[9]창원!$R$85 -> 99494.949 | AA16: =+[10]창원!$Q$85 -> 102683.64 | AB16: =+[9]창원!$Q$89 -> 75743.024 | AC16: =+[9]창원!$R$89 -> 75101.481 | AD16: =+[10]창원!$Q$89 -> 75393.809 | AE16: =+Y16-AB16 -> 24257.35 | AF16: =+Z16-AC16 -> 24393.468 | AG16: =+AA16-AD16 -> 27289.831
B17: 대구 | G17: =+I17 -> 대구 | I17: 대구 | J17: =+IFERROR(HLOOKUP($B17,'[1]3월누계'!$D$6:$BN$259,2,),)/1000 -> 33.5 | K17: =+IFERROR(HLOOKUP($B17,'[2]3월누계'!$F$6:$CP$99,2,),)/1000 -> 30.19 | L17: =+K17-J17 -> -3.31 | M17: =+IFERROR(HLOOKUP($B17,'[3]3월누계'!$F$6:$CC$57,2,),)/1000 -> 44.3235 | N17: =+K17-M17 -> -14.1335 | O17: =+IFERROR(HLOOKUP($B17,'[1]3월누계'!$D$6:$BN$259,3,),)/1000 -> 3266.8162 | P17: =+IFERROR(HLOOKUP($B17,'[2]3월누계'!$F$6:$CP$99,3,),)/1000 -> 2793.4751 | Q17: =+P17-O17 -> -473.34105 | R17: =+IFERROR(HLOOKUP($B17,'[3]3월누계'!$F$6:$CC$57,3,),)/1000 -> 4483.1214 | S17: =+P17-R17 -> -1689.6463 | T17: =+IFERROR(HLOOKUP($B17,'[1]3월누계'!$D$6:$BN$259,16,),)/1000 -> 211.93472 | U17: =+IFERROR(HLOOKUP($B17,'[2]3월누계'!$F$6:$CP$99,16,),)/1000 -> 10.470324 | V17: =+U17-T17 -> -201.4644 | W17: =+IFERROR(HLOOKUP($B17,'[3]3월누계'!$F$6:$CC$57,16,),)/1000 -> 620.05234 | X17: =+U17-W17 -> -609.58202 | Y17: =+[9]대구!$Q$85 -> 97516.901 | Z17: =+[9]대구!$R$85 -> 92529.815 | AA17: =+[10]대구!$Q$85 -> 101145.47 | AB17: =+[9]대구!$Q$89 -> 74097.961 | AC17: =+[9]대구!$R$89 -> 75856.146 | AD17: =+[10]대구!$Q$89 -> 75477.477 | AE17: =+Y17-AB17 -> 23418.94 | AF17: =+Z17-AC17 -> 16673.669 | AG17: =+AA17-AD17 -> 25667.997
B18: 울산 | G18: =+I18 -> 울산 | I18: 울산 | J18: =+IFERROR(HLOOKUP($B18,'[1]3월누계'!$D$6:$BN$259,2,),)/1000 -> 29 | K18: =+IFERROR(HLOOKUP($B18,'[2]3월누계'!$F$6:$CP$99,2,),)/1000 -> 30.905 | L18: =+K18-J18 -> 1.905 | M18: =+IFERROR(HLOOKUP($B18,'[3]3월누계'!$F$6:$CC$57,2,),)/1000 -> 17.3545 | N18: =+K18-M18 -> 13.5505 | O18: =+IFERROR(HLOOKUP($B18,'[1]3월누계'!$D$6:$BN$259,3,),)/1000 -> 2950.014 | P18: =+IFERROR(HLOOKUP($B18,'[2]3월누계'!$F$6:$CP$99,3,),)/1000 -> 3283.2608 | Q18: =+P18-O18 -> 333.2468 | R18: =+IFERROR(HLOOKUP($B18,'[3]3월누계'!$F$6:$CC$57,3,),)/1000 -> 1808.5361 | S18: =+P18-R18 -> 1474.7247 | T18: =+IFERROR(HLOOKUP($B18,'[1]3월누계'!$D$6:$BN$259,16,),)/1000 -> 84.392458 | U18: =+IFERROR(HLOOKUP($B18,'[2]3월누계'!$F$6:$CP$99,16,),)/1000 -> 244.35527 | V18: =+U18-T18 -> 159.96281 | W18: =+IFERROR(HLOOKUP($B18,'[3]3월누계'!$F$6:$CC$57,16,),)/1000 -> -37.876099 | X18: =+U18-W18 -> 282.23137 | Y18: =+[9]울산!$Q$85 -> 101724.62 | Z18: =+[9]울산!$R$85 -> 106237.2 | AA18: =+[10]울산!$Q$85 -> 104211.36 | AB18: =+[9]울산!$Q$89 -> 82273.252 | AC18: =+[9]울산!$R$89 -> 84747.177 | AD18: =+[10]울산!$Q$89 -> 84458.858 | AE18: =+Y18-AB18 -> 19451.368 | AF18: =+Z18-AC18 -> 21490.027 | AG18: =+AA18-AD18 -> 19752.504
B19: 아산 | G19: =+I19 -> 아산 | I19: 아산 | J19: =+IFERROR(HLOOKUP($B19,'[1]3월누계'!$D$6:$BN$259,2,),)/1000 -> 54 | K19: =+IFERROR(HLOOKUP($B19,'[2]3월누계'!$F$6:$CP$99,2,),)/1000 -> 58.167 | L19: =+K19-J19 -> 4.167 | M19: =+IFERROR(HLOOKUP($B19,'[3]3월누계'!$F$6:$CC$57,2,),)/1000 -> 68.242 | N19: =+K19-M19 -> -10.075 | O19: =+IFERROR(HLOOKUP($B19,'[1]3월누계'!$D$6:$BN$259,3,),)/1000 -> 5562 | P19: =+IFERROR(HLOOKUP($B19,'[2]3월누계'!$F$6:$CP$99,3,),)/1000 -> 5856.491 | Q19: =+P19-O19 -> 294.49098 | R19: =+IFERROR(HLOOKUP($B19,'[3]3월누계'!$F$6:$CC$57,3,),)/1000 -> 6832.5553 | S19: =+P19-R19 -> -976.06427 | T19: =+IFERROR(HLOOKUP($B19,'[1]3월누계'!$D$6:$BN$259,16,),)/1000 -> 465.86729 | U19: =+IFERROR(HLOOKUP($B19,'[2]3월누계'!$F$6:$CP$99,16,),)/1000 -> 180.486 | V19: =+U19-T19 -> -285.38129 | W19: =+IFERROR(HLOOKUP($B19,'[3]3월누계'!$F$6:$CC$57,16,),)/1000 -> 580.27093 | X19: =+U19-W19 -> -399.78493 | Y19: =+[9]아산!$Q$85 -> 103000 | Z19: =+[9]아산!$R$85 -> 100656.63 | AA19: =+[10]아산!$Q$85 -> 100095.72 | AB19: =+[9]아산!$Q$89 -> 79740.313 | AC19: =+[9]아산!$R$89 -> 85238.065 | AD19: =+[10]아산!$Q$89 -> 80525.585 | AE19: =+Y19-AB19 -> 23259.687 | AF19: =+Z19-AC19 -> 15418.57 | AG19: =+AA19-AD19 -> 19570.131
B20: 전주 | G20: =+I20 -> 전주 | I20: 전주 | J20: =+IFERROR(HLOOKUP($B20,'[1]3월누계'!$D$6:$BN$259,2,),)/1000 -> 24 | K20: =+IFERROR(HLOOKUP($B20,'[2]3월누계'!$F$6:$CP$99,2,),)/1000 -> 42.942 | L20: =+K20-J20 -> 18.942 | M20: =+IFERROR(HLOOKUP($B20,'[3]3월누계'!$F$6:$CC$57,2,),)/1000 -> 15.963 | N20: =+K20-M20 -> 26.979 | O20: =+IFERROR(HLOOKUP($B20,'[1]3월누계'!$D$6:$BN$259,3,),)/1000 -> 2326.5975 | P20: =+IFERROR(HLOOKUP($B20,'[2]3월누계'!$F$6:$CP$99,3,),)/1000 -> 4141.4108 | Q20: =+P20-O20 -> 1814.8133 | R20: =+IFERROR(HLOOKUP($B20,'[3]3월누계'!$F$6:$CC$57,3,),)/1000 -> 1542.6619 | S20: =+P20-R20 -> 2598.7489 | T20: =+IFERROR(HLOOKUP($B20,'[1]3월누계'!$D$6:$BN$259,16,),)/1000 -> 89.939933 | U20: =+IFERROR(HLOOKUP($B20,'[2]3월누계'!$F$6:$CP$99,16,),)/1000 -> 458.992 | V20: =+U20-T20 -> 369.05207 | W20: =+IFERROR(HLOOKUP($B20,'[3]3월누계'!$F$6:$CC$57,16,),)/1000 -> -46.418492 | X20: =+U20-W20 -> 505.41049 | Y20: =+[9]전주!$Q$85 -> 96941.565 | Z20: =+[9]전주!$R$85 -> 96441.965 | AA20: =+[10]전주!$Q$85 -> 96639.85 | AB20: =+[9]전주!$Q$89 -> 73738.702 | AC20: =+[9]전주!$R$89 -> 74930.6 | AD20: =+[10]전주!$Q$89 -> 72806.242 | AE20: =+Y20-AB20 -> 23202.863 | AF20: =+Z20-AC20 -> 21511.364 | AG20: =+AA20-AD20 -> 23833.608
B21: 군산 | G21: =+I21 -> 군산 | I21: 군산 | J21: =+IFERROR(HLOOKUP($B21,'[1]3월누계'!$D$6:$BN$259,2,),)/1000 -> 17.5 | K21: =+IFERROR(HLOOKUP($B21,'[2]3월누계'!$F$6:$CP$99,2,),)/1000 -> 11.959 | L21: =+K21-J21 -> -5.541 | M21: =+IFERROR(HLOOKUP($B21,'[3]3월누계'!$F$6:$CC$57,2,),)/1000 -> 21.895 | N21: =+K21-M21 -> -9.936 | O21: =+IFERROR(HLOOKUP($B21,'[1]3월누계'!$D$6:$BN$259,3,),)/1000 -> 1938.9829 | P21: =+IFERROR(HLOOKUP($B21,'[2]3월누계'!$F$6:$CP$99,3,),)/1000 -> 1330.5415 | Q21: =+P21-O21 -> -608.44139 | R21: =+IFERROR(HLOOKUP($B21,'[3]3월누계'!$F$6:$CC$57,3,),)/1000 -> 2347.4518 | S21: =+P21-R21 -> -1016.9103 | T21: =+IFERROR(HLOOKUP($B21,'[1]3월누계'!$D$6:$BN$259,16,),)/1000 -> 397.86675 | U21: =+IFERROR(HLOOKUP($B21,'[2]3월누계'!$F$6:$CP$99,16,),)/1000 -> 199.82253 | V21: =+U21-T21 -> -198.04422 | W21: =+IFERROR(HLOOKUP($B21,'[3]3월누계'!$F$6:$CC$57,16,),)/1000 -> 575.76975 | X21: =+U21-W21 -> -375.94722 | Y21: =+[9]군산!$Q$85 -> 110799.02 | Z21: =+[9]군산!$R$85 -> 111258.59 | AA21: =+[10]군산!$Q$85 -> 107228.68 | AB21: =+[9]군산!$Q$89 -> 73426.793 | AC21: =+[9]군산!$R$89 -> 74140.042 | AD21: =+[10]군산!$Q$89 -> 70243.965 | AE21: =+Y21-AB21 -> 37372.231 | AF21: =+Z21-AC21 -> 37118.552 | AG21: =+AA21-AD21 -> 36984.715
B22: 원주 | G22: =+I22 -> 원주 | I22: 원주 | J22: =+IFERROR(HLOOKUP($B22,'[1]3월누계'!$D$6:$BN$259,2,),)/1000 -> 8 | K22: =+IFERROR(HLOOKUP($B22,'[2]3월누계'!$F$6:$CP$99,2,),)/1000 -> 5.8695 | L22: =+K22-J22 -> -2.1305 | M22: =+IFERROR(HLOOKUP($B22,'[3]3월누계'!$F$6:$CC$57,2,),)/1000 -> 13.148 | N22: =+K22-M22 -> -7.2785 | O22: =+IFERROR(HLOOKUP($B22,'[1]3월누계'!$D$6:$BN$259,3,),)/1000 -> 896 | P22: =+IFERROR(HLOOKUP($B22,'[2]3월누계'!$F$6:$CP$99,3,),)/1000 -> 616.55765 | Q22: =+P22-O22 -> -279.44235 | R22: =+IFERROR(HLOOKUP($B22,'[3]3월누계'!$F$6:$CC$57,3,),)/1000 -> 1468.9102 | S22: =+P22-R22 -> -852.35255 | T22: =+IFERROR(HLOOKUP($B22,'[1]3월누계'!$D$6:$BN$259,16,),)/1000 -> 9.444782 | U22: =+IFERROR(HLOOKUP($B22,'[2]3월누계'!$F$6:$CP$99,16,),)/1000 -> -76.211322 | V22: =+U22-T22 -> -85.656104 | W22: =+IFERROR(HLOOKUP($B22,'[3]3월누계'!$F$6:$CC$57,16,),)/1000 -> 235.63579 | X22: =+U22-W22 -> -311.84711 | Y22: =+[9]원주!$Q$85 -> 112000 | Z22: =+[9]원주!$R$85 -> 105044.32 | AA22: =+[10]원주!$Q$85 -> 111742.7 | AB22: =+[9]원주!$Q$89 -> 75159.682 | AC22: =+[9]원주!$R$89 -> 74215.892 | AD22: =+[10]원주!$Q$89 -> 74187.437 | AE22: =+Y22-AB22 -> 36840.318 | AF22: =+Z22-AC22 -> 30828.431 | AG22: =+AA22-AD22 -> 37555.263
B23: 제주 | G23: =+I23 -> 제주 | I23: 제주 | J23: =+IFERROR(HLOOKUP($B23,'[1]3월누계'!$D$6:$BN$259,2,),)/1000 -> 21 | K23: =+IFERROR(HLOOKUP($B23,'[2]3월누계'!$F$6:$CP$99,2,),)/1000 -> 16.655 | L23: =+K23-J23 -> -4.345 | M23: =+IFERROR(HLOOKUP($B23,'[3]3월누계'!$F$6:$CC$57,2,),)/1000 -> 9.508 | N23: =+K23-M23 -> 7.147 | O23: =+IFERROR(HLOOKUP($B23,'[1]3월누계'!$D$6:$BN$259,3,),)/1000 -> 2579.2725 | P23: =+IFERROR(HLOOKUP($B23,'[2]3월누계'!$F$6:$CP$99,3,),)/1000 -> 2017.9522 | Q23: =+P23-O23 -> -561.32029 | R23: =+IFERROR(HLOOKUP($B23,'[3]3월누계'!$F$6:$CC$57,3,),)/1000 -> 1227.1642 | S23: =+P23-R23 -> 790.78799 | T23: =+IFERROR(HLOOKUP($B23,'[1]3월누계'!$D$6:$BN$259,16,),)/1000 -> 385.19129 | U23: =+IFERROR(HLOOKUP($B23,'[2]3월누계'!$F$6:$CP$99,16,),)/1000 -> 227.32039 | V23: =+U23-T23 -> -157.8709 | W23: =+IFERROR(HLOOKUP($B23,'[3]3월누계'!$F$6:$CC$57,16,),)/1000 -> 123.48812 | X23: =+U23-W23 -> 103.83227 | Y23: =+[9]제주!$Q$85 -> 122822.5 | Z23: =+[9]제주!$R$85 -> 120747.77 | AA23: =+[10]제주!$Q$85 -> 129066.49 | AB23: =+[9]제주!$Q$89 -> 90529.859 | AC23: =+[9]제주!$R$89 -> 89839.102 | AD23: =+[10]제주!$Q$89 -> 89281.988 | AE23: =+Y23-AB23 -> 32292.641 | AF23: =+Z23-AC23 -> 30908.667 | AG23: =+AA23-AD23 -> 39784.506
G24: =+I24 -> 수도권 | I24: 수도권 | J24: =SUM(J7:J10) -> 260 | K24: =SUM(K7:K10) -> 224.638 | L24: =+K24-J24 -> -35.362 | M24: =SUM(M7:M10) -> 297.87 | N24: =+K24-M24 -> -73.232 | O24: =SUM(O7:O10) -> 25304.445 | P24: =SUM(P7:P10) -> 21530.521 | Q24: =+P24-O24 -> -3773.924 | R24: =SUM(R7:R10) -> 29693.352 | S24: =+P24-R24 -> -8162.8304 | T24: =SUM(T7:T10) -> 921.6543 | U24: =SUM(U7:U10) -> 52.663745 | V24: =+U24-T24 -> -868.99056 | W24: =SUM(W7:W10) -> 2298.0402 | X24: =+U24-W24 -> -2245.3765 | Y24: =+[9]수도권!$Q$85 -> 97324.789 | Z24: =+[9]수도권!$R$85 -> 95841.129 | AA24: =+[10]수도권!$Q$85 -> 99686.691 | AB24: =+[9]수도권!$Q$89 -> 81688.617 | AC24: =+[9]수도권!$R$89 -> 82402.306 | AD24: =+[10]수도권!$Q$89 -> 82036.997 | AE24: =+Y24-AB24 -> 15636.172 | AF24: =+Z24-AC24 -> 13438.824 | AG24: =+AA24-AD24 -> 17649.694
G25: =+I25 -> 영남권 | I25: 영남권 | J25: =SUM(J11:J18) -> 322.5 | K25: =SUM(K11:K18) -> 294.355 | L25: =+K25-J25 -> -28.145 | M25: =SUM(M11:M18) -> 368.3025 | N25: =+K25-M25 -> -73.9475 | O25: =SUM(O11:O18) -> 32428.175 | P25: =SUM(P11:P18) -> 29382.833 | Q25: =+P25-O25 -> -3045.3421 | R25: =SUM(R11:R18) -> 37490.346 | S25: =+P25-R25 -> -8107.5125 | T25: =SUM(T11:T18) -> 2053.8506 | U25: =SUM(U11:U18) -> 1614.9243 | V25: =+U25-T25 -> -438.92627 | W25: =SUM(W11:W18) -> 3946.6013 | X25: =+U25-W25 -> -2331.677 | Y25: =+[9]영남권!$Q$85 -> 100552.48 | Z25: =+[9]영남권!$R$85 -> 99826.055 | AA25: =+[10]영남권!$Q$85 -> 101808.7 | AB25: =+[9]영남권!$Q$89 -> 79328.981 | AC25: =+[9]영남권!$R$89 -> 79584.765 | AD25: =+[10]영남권!$Q$89 -> 79506.665 | AE25: =+Y25-AB25 -> 21223.5 | AF25: =+Z25-AC25 -> 20241.29 | AG25: =+AA25-AD25 -> 22302.037
G26: =+I26 -> 중부권 | I26: 중부권 | J26: =SUM(J19:J23) -> 124.5 | K26: =SUM(K19:K23) -> 135.5925 | L26: =+K26-J26 -> 11.0925 | M26: =SUM(M19:M23) -> 128.756 | N26: =+K26-M26 -> 6.8365 | O26: =SUM(O19:O23) -> 13302.853 | P26: =SUM(P19:P23) -> 13962.953 | Q26: =+P26-O26 -> 660.10025 | R26: =SUM(R19:R23) -> 13418.743 | S26: =+P26-R26 -> 544.20981 | T26: =SUM(T19:T23) -> 1348.31 | U26: =SUM(U19:U23) -> 990.4096 | V26: =+U26-T26 -> -357.90045 | W26: =SUM(W19:W23) -> 1468.7461 | X26: =+U26-W26 -> -478.3365 | Y26: =+[9]중부권!$Q$85 -> 106850.22 | Z26: =+[9]중부권!$R$85 -> 102812.83 | AA26: =+[10]중부권!$Q$85 -> 104210.42 | AB26: =+[9]중부권!$Q$89 -> 79221.519 | AC26: =+[9]중부권!$R$89 -> 81030.271 | AD26: =+[10]중부권!$Q$89 -> 77821.036 | AE26: =+Y26-AB26 -> 27628.706 | AF26: =+Z26-AC26 -> 21782.564 | AG26: =+AA26-AD26 -> 26389.379
F27: =+K27/M27 -> 0.82345205 | G27: =+K27/J27 -> 0.92586351 | H27: 레미콘 계 | J27: =SUM(J24:J26) -> 707 | K27: =SUM(K24:K26) -> 654.5855 | L27: =+K27-J27 -> -52.4145 | M27: =SUM(M24:M26) -> 794.9285 | N27: =+K27-M27 -> -140.343 | O27: =SUM(O24:O26) -> 71035.473 | P27: =SUM(P24:P26) -> 64876.307 | Q27: =+P27-O27 -> -6159.1659 | R27: =SUM(R24:R26) -> 80602.44 | S27: =+P27-R27 -> -15726.133 | T27: =SUM(T24:T26) -> 4323.8149 | U27: =SUM(U24:U26) -> 2657.9976 | V27: =+U27-T27 -> -1665.8173 | W27: =SUM(W24:W26) -> 7713.3876 | X27: =+U27-W27 -> -5055.3899 | Y27: =+[9]합계!$Q$85 -> 100474.5 | Z27: =+[9]합계!$R$85 -> 99077.049 | AA27: =+[10]합계!$Q$85 -> 101401.59 | AB27: =+[9]합계!$Q$89 -> 80177.816 | AC27: =+[9]합계!$R$89 -> 80839.18 | AD27: =+[10]합계!$Q$89 -> 80182.546 | AE27: =+Y27-AB27 -> 20296.686 | AF27: =+Z27-AC27 -> 18237.869 | AG27: =+AA27-AD27 -> 21219.043
B28: 건자재 | E28: 건자재영업 | G28: 건자재 | H28: 건자재 | J28: =+IFERROR(HLOOKUP($B28,'[1]3월누계'!$D$6:$BN$259,2,),) -> 30200 | K28: =+IFERROR(HLOOKUP($E28,'[2]3월누계'!$F$6:$CP$99,2,),) -> 34222.795 | L28: =+K28-J28 -> 4022.795 | M28: =+IFERROR(HLOOKUP($E28,'[3]3월누계'!$F$6:$CC$57,2,),) -> 21735.563 | N28: =+K28-M28 -> 12487.232 | O28: =+IFERROR(HLOOKUP($B28,'[1]3월누계'!$D$6:$BN$259,3,),)/1000 -> 33063.214 | P28: =+IFERROR(HLOOKUP($E28,'[2]3월누계'!$F$6:$CP$99,3,),)/1000 -> 28292.343 | Q28: =+P28-O28 -> -4770.8704 | R28: =+IFERROR(HLOOKUP($E28,'[3]3월누계'!$F$6:$CC$57,3,),)/1000 -> 22933.533 | S28: =+P28-R28 -> 5358.8106 | T28: =+IFERROR(HLOOKUP($B28,'[1]3월누계'!$D$6:$BN$259,16,),)/1000 -> 503.87703 | U28: =+IFERROR(HLOOKUP($E28,'[2]3월누계'!$F$6:$CP$99,16,),)/1000 -> -106.31139 | V28: =+U28-T28 -> -610.18842 | W28: =+IFERROR(HLOOKUP($E28,'[3]3월누계'!$F$6:$CC$57,16,),)/1000 -> 148.76724 | X28: =+U28-W28 -> -255.07862 | Y28: ■ 비고
B29: 부산모래장 | C29: 부산골재 | G29: =+I29 -> 부산모래장 | H29: 골재 | I29: 부산모래장 | J29: =+IFERROR(HLOOKUP($B29,'[1]3월누계'!$D$6:$BN$259,2,),)/1000 -> 50.844356 | K29: =+IFERROR(HLOOKUP($C29,'[2]3월누계'!$F$6:$CP$99,2,),)/1000 -> 69.002 | L29: =+K29-J29 -> 18.157644 | M29: =+IFERROR(HLOOKUP($C29,'[3]3월누계'!$F$6:$CC$57,2,),)/1000 -> 66.106 | N29: =+K29-M29 -> 2.896 | O29: =+IFERROR(HLOOKUP($B29,'[1]3월누계'!$D$6:$BN$259,3,),)/1000 -> 1537.3818 | P29: =+IFERROR(HLOOKUP($C29,'[2]3월누계'!$F$6:$CP$99,3,),)/1000 -> 1979.7385 | Q29: =+P29-O29 -> 442.35675 | R29: =+IFERROR(HLOOKUP($C29,'[3]3월누계'!$F$6:$CC$57,3,),)/1000 -> 1982.7677 | S29: =+P29-R29 -> -3.029172 | T29: =+IFERROR(HLOOKUP($B29,'[1]3월누계'!$D$6:$BN$259,21,),)/1000 -> 194.18363 | U29: =+IFERROR(HLOOKUP($C29,'[2]3월누계'!$F$6:$CP$99,21,),)/1000 -> 22.441963 | V29: =+U29-T29 -> -171.74167 | W29: =+IFERROR(HLOOKUP($C29,'[3]3월누계'!$F$6:$CC$57,21,),)/1000 -> 153.7525 | X29: =+U29-W29 -> -131.31053 | Y29: * 참고(전년 3월 실적)
B30: 서부산크라샤 | C30: 서부산골재 | G30: =+I30 -> 서부산CR | I30: 서부산CR | J30: =+IFERROR(HLOOKUP($B30,'[1]3월누계'!$D$6:$BN$259,2,),)/1000 -> 145.93562 | K30: =+IFERROR(HLOOKUP($C30,'[2]3월누계'!$F$6:$CP$99,2,),)/1000 -> 46.422 | L30: =+K30-J30 -> -99.513618 | M30: =+IFERROR(HLOOKUP($C30,'[3]3월누계'!$F$6:$CC$57,2,),)/1000 -> 72.474 | N30: =+K30-M30 -> -26.052 | O30: =+IFERROR(HLOOKUP($B30,'[1]3월누계'!$D$6:$BN$259,3,),)/1000 -> 2133.3899 | P30: =+IFERROR(HLOOKUP($C30,'[2]3월누계'!$F$6:$CP$99,3,),)/1000 -> 651.814 | Q30: =+P30-O30 -> -1481.5759 | R30: =+IFERROR(HLOOKUP($C30,'[3]3월누계'!$F$6:$CC$57,3,),)/1000 -> 1002.114 | S30: =+P30-R30 -> -350.3 | T30: =+IFERROR(HLOOKUP($B30,'[1]3월누계'!$D$6:$BN$259,21,),)/1000 -> 418.99731 | U30: =+IFERROR(HLOOKUP($C30,'[2]3월누계'!$F$6:$CP$99,21,),)/1000 -> 49.399873 | V30: =+U30-T30 -> -369.59743 | W30: =+IFERROR(HLOOKUP($C30,'[3]3월누계'!$F$6:$CC$57,21,),)/1000 -> 137.00128 | X30: =+U30-W30 -> -87.601411 | Y30: - 대손 19억 : 개별 10억(선원건설 7.9억, 송학건설 1억, 계원토건 1.2억) + 집합 9억
B31: 부산크라샤 | C31: 부산크라샤 | G31: =+I31 -> 부산CR | I31: 부산CR | J31: =+IFERROR(HLOOKUP($B31,'[1]3월누계'!$D$6:$BN$259,2,),)/1000 -> 46.686742 | K31: =+IFERROR(HLOOKUP($C31,'[2]3월누계'!$F$6:$CP$99,2,),)/1000 -> 51.976 | L31: =+K31-J31 -> 5.2892578 | M31: =+IFERROR(HLOOKUP($C31,'[3]3월누계'!$F$6:$CC$57,2,),)/1000 -> 96.137 | N31: =+K31-M31 -> -44.161 | O31: =+IFERROR(HLOOKUP($B31,'[1]3월누계'!$D$6:$BN$259,3,),)/1000 -> 834.04706 | P31: =+IFERROR(HLOOKUP($C31,'[2]3월누계'!$F$6:$CP$99,3,),)/1000 -> 946.196 | Q31: =+P31-O31 -> 112.14894 | R31: =+IFERROR(HLOOKUP($C31,'[3]3월누계'!$F$6:$CC$57,3,),)/1000 -> 1796.7275 | S31: =+P31-R31 -> -850.5315 | T31: =+IFERROR(HLOOKUP($B31,'[1]3월누계'!$D$6:$BN$259,21,),)/1000 -> -251.95271 | U31: =+IFERROR(HLOOKUP($C31,'[2]3월누계'!$F$6:$CP$99,21,),)/1000 -> -576.8869 | V31: =+U31-T31 -> -324.93419 | W31: =+IFERROR(HLOOKUP($C31,'[3]3월누계'!$F$6:$CC$57,21,),)/1000 -> 128.36691 | X31: =+U31-W31 -> -705.25381
H32: 골재 계 | J32: =SUM(J29:J31) -> 243.46672 | K32: =SUM(K29:K31) -> 167.4 | L32: =+K32-J32 -> -76.066716 | M32: =SUM(M29:M31) -> 234.717 | N32: =+K32-M32 -> -67.317 | O32: =SUM(O29:O31) -> 4504.8187 | P32: =SUM(P29:P31) -> 3577.7485 | Q32: =+P32-O32 -> -927.0702 | R32: =SUM(R29:R31) -> 4781.6092 | S32: =+P32-R32 -> -1203.8607 | T32: =SUM(T29:T31) -> 361.22823 | U32: =SUM(U29:U31) -> -505.04506 | V32: =+U32-T32 -> -866.27329 | W32: =SUM(W29:W31) -> 419.12069 | X32: =+U32-W32 -> -924.16575
B33: 포항임대 | C33: 속초임대 | D33: 강릉임대 | E33: 레미콘임대 계 | G33: =+I33 -> 레미콘임대 | H33: 기타 | I33: 레미콘임대 | L33: =+K33-J33 -> 0 | N33: =+K33-M33 -> 0 | O33: =(IFERROR(HLOOKUP($B33,'[1]3월누계'!$D$6:$BN$259,3,),)++IFERROR(HLOOKUP($C33,'[1]3월누계'!$D$6:$BN$259,3,),)+IFERROR(HLOOKUP($D33,'[1]3월누계'!$D$6:$BN$259,3,),))/1000 -> 272.52 | P33: =+IFERROR(HLOOKUP($E33,'[2]3월누계'!$F$6:$CP$99,3,),)/1000 -> 247.52 | Q33: =+P33-O33 -> -25 | R33: =+IFERROR(HLOOKUP($E33,'[3]3월누계'!$F$6:$CC$57,3,),)/1000 -> 272.52 | S33: =+P33-R33 -> -25 | T33: =(IFERROR(HLOOKUP($B33,'[1]3월누계'!$D$6:$BN$259,21,),)++IFERROR(HLOOKUP($C33,'[1]3월누계'!$D$6:$BN$259,21,),)+IFERROR(HLOOKUP($D33,'[1]3월누계'!$D$6:$BN$259,21,),))/1000 -> 220.76398 | U33: =+IFERROR(HLOOKUP($E33,'[2]3월누계'!$F$6:$CP$99,16,),)/1000 -> 191.40522 | V33: =+U33-T33 -> -29.358758 | W33: =+IFERROR(HLOOKUP($E33,'[3]3월누계'!$F$6:$CC$57,16,),)/1000 -> 218.88359 | X33: =+U33-W33 -> -27.478369
B34: 부동산임대 | C34: 주유소임대 | E34: 임대 계 | G34: =+I34 -> 임대 | I34: 임대 | L34: =+K34-J34 -> 0 | M34: 0 | N34: =+K34-M34 -> 0 | O34: =(+IFERROR(HLOOKUP($B34,'[1]3월누계'!$D$6:$BN$259,3,),)+IFERROR(HLOOKUP($C34,'[1]3월누계'!$D$6:$BN$259,3,),))/1000 -> 222.2745 | P34: =+IFERROR(HLOOKUP($E34,'[2]3월누계'!$F$6:$CP$99,3,),)/1000 -> 220.27474 | Q34: =+P34-O34 -> -1.999756 | R34: =+IFERROR(HLOOKUP($E34,'[3]3월누계'!$F$6:$CC$57,3,),)/1000 -> 215.92734 | S34: =+P34-R34 -> 4.347406 | T34: =(+IFERROR(HLOOKUP($B34,'[1]3월누계'!$D$6:$BN$259,21,),)+IFERROR(HLOOKUP($C34,'[1]3월누계'!$D$6:$BN$259,21,),))/1000 -> 204.48494 | U34: =+IFERROR(HLOOKUP($E34,'[2]3월누계'!$F$6:$CP$99,16,),)/1000 -> 202.50428 | V34: =+U34-T34 -> -1.980661 | W34: =+IFERROR(HLOOKUP($E34,'[3]3월누계'!$F$6:$CC$57,16,),)/1000 -> 198.21359 | X34: =+U34-W34 -> 4.290689
B35: 공 통 비 | G35: =+I35 -> 공통비 | I35: 공통비 | L35: =+K35-J35 -> 0 | N35: =+K35-M35 -> 0 | Q35: =+P35-O35 -> 0 | S35: =+P35-R35 -> 0 | T35: =-'[1]3월누계'!$Z$22/1000 -> -4381.861 | U35: =+-'[2]3월누계'!$Z$22/1000 -> -4252.8326 | V35: =+U35-T35 -> 129.02846 | W35: =+-'[3]3월누계'!$Z$22/1000 -> -3840.411 | X35: =+U35-W35 -> -412.42154
G36: =+I36 -> OPC 소급분 | I36: OPC 소급분 | N36: =+K36-M36 -> 0 | Q36: =+P36-O36 -> 0 | S36: =+P36-R36 -> 0 | T36: =+'[1]3월누계'!$AS$26/1000 -> -68.33563 | U36: ='[2]3월누계'!$BD$26/1000 -> 0 | V36: =+U36-T36 -> 68.33563 | W36: =-'[3]3월누계'!$BD$26/1000 -> 0 | X36: =+U36-W36 -> 0
G37: =+I37 -> 대손 | I37: 대손 | N37: =+K37-M37 -> 0 | Q37: =+P37-O37 -> 0 | S37: =+P37-R37 -> 0 | U37: ='[2]3월누계'!$BE$26/1000 -> -522.39605 | V37: =+U37-T37 -> -522.39605 | W37: ='[3]3월누계'!$BE$26/1000 -> -1595.8425 | X37: =+U37-W37 -> 1073.4465
G38: =+I38 -> 미운영 공장 | I38: 미운영 공장 | M38: =SUM(M54:M59) -> 0 | N38: =+K38-M38 -> 0 | Q38: =+P38-O38 -> 0 | R38: =+IFERROR(HLOOKUP($I$38,'[3]3월누계'!$F$6:$BJ$50,3,),)/1000 -> 0 | S38: =+P38-R38 -> 0 | T38: =SUM('[1]3월누계'!$AM$26:$AQ$26)/1000 -> -75.157801 | U38: =+'[2]3월누계'!$BF$26/1000 -> -72.190982 | V38: =+U38-T38 -> 2.966819 | W38: =+'[3]3월누계'!$BF$26/1000 -> -73.135676 | X38: =+U38-W38 -> 0.944694
B39: 기타 계 | G39: =+I39 -> 퇴직위로금 | I39: 퇴직위로금 | U39: =+'[2]3월누계'!$BG$26/1000 -> -759.34319 | V39: =+U39-T39 -> -759.34319 | X39: =+U39-W39 -> -759.34319
G40: =+I40 -> 기타 | I40: 기타 | L40: =+K40-J40 -> 0 | N40: =+K40-M40 -> 0 | O40: =IFERROR(HLOOKUP($B39,'[1]3월누계'!$D$6:$BN$259,3,),)/1000 -> 5.31 | P40: =+('[2]3월누계'!$F$8-SUM('[2]3월누계'!$Z$8,'[2]3월누계'!$AH$8,'[2]3월누계'!$AN$8,'[2]3월누계'!$AO$8,'[2]3월누계'!$BA$8,'[2]3월누계'!$BD$8,'[2]3월누계'!$BE$8,'[2]3월누계'!$BF$8))/1000 -> 5.03955 | Q40: =+P40-O40 -> -0.27045 | R40: =+('[3]3월누계'!$F$8-SUM('[3]3월누계'!$Z$8,'[3]3월누계'!$AH$8,'[3]3월누계'!$AN$8,'[3]3월누계'!$AO$8,'[3]3월누계'!$BA$8,'[3]3월누계'!$BD$8,'[3]3월누계'!$BE$8,'[3]3월누계'!$BF$8))/1000 -> 5.1072 | S40: =+P40-R40 -> -0.06765 | T40: =+('[1]3월누계'!$E$26-'[1]3월누계'!$Z$26-'[1]3월누계'!$AA$26-'[1]3월누계'!$AE$26-'[1]3월누계'!$AL$26-'[1]3월누계'!$AM$26-'[1]3월누계'!$AN$26-'[1]3월누계'!$AO$26-'[1]3월누계'!$AP$26-'[1]3월누계'!$AQ$26-'[1]3월누계'!$AS$26)/1000 -> -40.452414 | U40: =+('[2]3월누계'!$F$26-SUM('[2]3월누계'!$Z$26,'[2]3월누계'!$AH$26,'[2]3월누계'!$AN$26,'[2]3월누계'!$AO$26,'[2]3월누계'!$BA$26,'[2]3월누계'!$BD$26,'[2]3월누계'!$BE$26,'[2]3월누계'!$BF$26))/1000-U39 -> -43.131352 | V40: =+U40-T40 -> -2.678938 | W40: =+('[3]3월누계'!$F$26-SUM('[3]3월누계'!$Z$26,'[3]3월누계'!$AH$26,'[3]3월누계'!$AN$26,'[3]3월누계'!$AO$26,'[3]3월누계'!$BA$26,'[3]3월누계'!$BD$26,'[3]3월누계'!$BE$26,'[3]3월누계'!$BF$26))/1000 -> -37.964358 | X40: =+U40-W40 -> -5.166994
H41: 기타 계 | J41: =SUM(J33:J40) -> 0 | K41: =SUM(K33:K40) -> 0 | L41: =+K41-J41 -> 0 | M41: =SUM(M33:M40) -> 0 | N41: =+K41-M41 -> 0 | O41: =SUM(O33:O40) -> 500.1045 | P41: =SUM(P33:P40) -> 472.83429 | Q41: =+P41-O41 -> -27.270206 | R41: =SUM(R33:R40) -> 493.55454 | S41: =+P41-R41 -> -20.720244 | T41: =SUM(T33:T40) -> -4140.5579 | U41: =SUM(U33:U40) -> -5255.9846 | V41: =+U41-T41 -> -1115.4267 | W41: =SUM(W33:W40) -> -5130.2564 | X41: =+U41-W41 -> -125.72821
U42: 19 | V42: 12.4
G43: =+P43/O43 -> 0.89107256 | H43: 합계 | O43: =+O27+O32+O28+O41 -> 109103.61 | P43: =+P27+P32+P28+P41 -> 97219.234 | Q43: =+P43-O43 -> -11884.377 | R43: =+R27+R32+R28+R41 -> 108811.14 | S43: =+P43-R43 -> -11591.903 | T43: =+T27+T32+T28+T41 -> 1048.3622 | U43: =+U27+U32+U28+U41 -> -3209.3435 | V43: =+U43-T43 -> -4257.7057 | W43: =+W27+W32+W28+W41 -> 3151.0191 | X43: =+U43-W43 -> -6360.3625
G44: =+U43/T43 -> -3.0612925 | K44: =+K28/J28 -> 1.1332051 | M44: =+K28/M28 -> 1.5745069 | P44: =+P43/O43 -> 0.89107256 | T44: =+T43/O43 -> 0.0096088683 | U44: =+U43/P43 -> -0.033011405
K45: =+K32/J32 -> 0.68756832 | M45: =+K32/M32 -> 0.7131993
I46: 확인 | J46: =+'[1]3월누계'!$Z$7/1000 -> 707 | K46: =+'[2]3월누계'!$AI$7/1000 -> 654.5855 | M46: =+'[3]3월누계'!$Z$7/1000 -> 794.9285 | O46: =+'[1]3월누계'!$E$8/1000 -> 109103.61 | P46: =+'[2]3월누계'!$F$8/1000 -> 97219.234 | R46: =+'[3]3월누계'!$F$8/1000 -> 108811.14 | T46: =+'[1]3월누계'!$E$26/1000 -> 1048.3622 | U46: =+'[2]3월누계'!$F$26/1000 -> -3209.3435 | W46: =+'[3]3월누계'!$F$26/1000 -> 3151.0191
J47: =+J46-J27 -> 0 | K47: =+K46-K27 -> 0 | M47: =+M46-M27 -> 0 | O47: =+O46-O43 -> 0 | P47: =+P46-P43 -> 0 | R47: =+R46-R43 -> 0 | T47: =+T46-T43 -> -7.730705e-12 | U47: =+U46-U43 -> 0 | W47: =+W46-W43 -> 0
S50: 레미콘 | T50: =(+T27+T35)/100 -> -0.58046121 | U50: =(+U27+U35)/100 -> -15.948349 | V50: =+U50-T50 -> -15.367888 | W50: =+U50/T50-1 -> 26.475306
S51: 건자재 | T51: =+T28/100 -> 5.0387703 | U51: =+U28/100 -> -1.0631139 | V51: =+U51-T51 -> -6.1018842 | Y51: - OPC 소급분 : 삼표 2.5억(총 9.9억 中 1회차) → 8~3월누계 총 4회 소급예정
S52: 골재 | T52: =+T32/100 -> 3.6122823 | U52: =+U32/100 -> -5.0504506 | V52: =+U52-T52 -> -8.6627329
S53: 임대 | T53: =(T33+T34)/100 -> 4.2524892 | U53: =(U33+U34)/100 -> 3.939095 | V53: =+U53-T53 -> -0.31339419
S54: 기타 | T54: =(T46/100)-T50-T51-T52-T53 -> -1.8394585 | U54: =(U46/100)-U50-U51-U52-U53 -> -13.970616 | V54: =+U54-T54 -> -12.131157
T55: =SUM(T53:T54) -> 2.4130308 | U55: =SUM(U53:U54) -> -10.031521 | V55: =SUM(V53:V54) -> -12.444551
T56: =SUM(T50:T54) -> 10.483622 | U56: =SUM(U50:U54) -> -32.093435 | V56: =+U56-T56 -> -42.577057
J57: =+J32*1000 -> 243466.72 | K57: =+K32*1000 -> 167400 | L57: =+K57-J57 -> -76066.716
J58: =+T32/100 -> 3.6122823 | K58: =+U32/100 -> -5.0504506 | L58: =+K58-J58 -> -8.6627329 | S58: 임대 | T58: =+(T33+T34)/100 -> 4.2524892 | U58: =+(U33+U34)/100 -> 3.939095 | V58: =+U58-T58 -> -0.31339419
S59: =+I36 -> OPC 소급분 | T59: =+T36/100 -> -0.6833563 | U59: =+U36/100 -> 0 | V59: =+U59-T59 -> 0.6833563
S60: =+I37 -> 대손 | T60: =+T37/100 -> 0 | U60: =+U37/100 -> -5.2239605 | V60: =+U60-T60 -> -5.2239605
S61: =+I38 -> 미운영 공장 | T61: =+T38/100 -> -0.75157801 | U61: =+U38/100 -> -0.72190982 | V61: =+U61-T61 -> 0.02966819
S62: =+I40 -> 기타 | T62: =+T40/100 -> -0.40452414 | U62: =+U40/100 -> -0.43131352 | V62: =+U62-T62 -> -0.02678938
T63: =SUM(T58:T62) -> 2.4130308 | U63: =SUM(U58:U62) -> -2.4380888 | V63: =SUM(V58:V62) -> -4.8511196
T69: =SUM(T33:T34,T36,T38:T39,T40,Y37) -> 241.30308 | U69: =SUM(U33:U34,U36,U38:U39,U40,Z37) -> -480.75602 | V69: =+U69-T69 -> -722.0591

Sheet 영업이익
D4: □ 레미콘 영업이익 차이분석(2025-03)
W5: [단위 : 백만원, 천㎥]
A6: 2024년 12월 마감 손익 | D6: 구분 | E6: 영업이익(공통비 미배부) | H6: 물량 차이 | L6: 판매단가 차이 | P6: 제조원가 차이 | T6: 판관비 등 차이
E7: 계획 | F7: 실적 | G7: 차이 | H7: 계획 | I7: 실적 | J7: 차이 | K7: 손익 | L7: 계획 | M7: 실적 | N7: 차이 | O7: 손익 | P7: 계획 | Q7: 실적 | R7: 차이 | S7: 손익 | T7: 계획 | U7: 실적 | V7: 차이 | W7: 손익
D8: 합계 | E8: =+[4]합계!$H$86/1000 -> 2205.9625 | F8: =+[4]합계!$I$86/1000 -> 1692.8867 | G8: =+F8-E8 -> -513.07574 | H8: =+[4]합계!$T$5/1000 -> 273 | I8: =+[4]합계!$U$5/1000 -> 265.927 | J8: =+I8-H8 -> -7.073 | K8: =+[4]합계!$M$86/1000 -> -90.897097 | L8: =+[4]합계!$Q$85 -> 100361.58 | M8: =+[4]합계!$R$85 -> 97314.829 | N8: =+M8-L8 -> -3046.7487 | O8: =+[4]합계!$K$86/1000 -> -807.38842 | P8: =+[4]합계!$Q$50 -> 88615.89 | Q8: =+[4]합계!$R$50 -> 87042.59 | R8: =+Q8-P8 -> -1573.3006 | S8: =+[4]합계!$L$56/1000 -> 455.4406 | T8: =+([4]합계!$H$80+[4]합계!$H$85)/1000 -> 1000.6101 | U8: =+([4]합계!$I$80+[4]합계!$I$85)/1000 -> 1070.8409 | V8: =+U8-T8 -> 70.230836 | W8: =+([4]합계!$L$80+[4]합계!$L$85)/1000 -> -70.230836 | Y8: =+G8-K8-O8-S8-W8 -> 2.4868996e-12 | Z8: =+Y8*1000000 -> 2.4868996e-06
D9: 수도권 | E9: =+[4]수도권!$H$86/1000 -> 505.32272 | F9: =+[4]수도권!$I$86/1000 -> 179.04149 | G9: =+F9-E9 -> -326.28122 | H9: =+[4]수도권!$T$5/1000 -> 101 | I9: =+[4]수도권!$U$5/1000 -> 93.47 | J9: =+I9-H9 -> -7.53 | K9: =+[4]수도권!$M$86/1000 -> -65.586008 | L9: =+[4]수도권!$Q$85 -> 97002.569 | M9: =+[4]수도권!$R$85 -> 93007.036 | N9: =+M9-L9 -> -3995.5331 | O9: =+[4]수도권!$K$86/1000 -> -370.59369 | P9: =+[4]수도권!$Q$50 -> 88804.374 | Q9: =+[4]수도권!$R$50 -> 87521.901 | R9: =+Q9-P9 -> -1282.4727 | S9: =+[4]수도권!$L$56/1000 -> 117.36122 | T9: =+([4]수도권!$H$80+[4]수도권!$H$85)/1000 -> 322.69493 | U9: =+([4]수도권!$I$80+[4]수도권!$I$85)/1000 -> 330.15768 | V9: =+U9-T9 -> 7.4627442 | W9: =+([4]수도권!$L$80+[4]수도권!$L$85)/1000 -> -7.4627442 | Y9: =+G9-K9-O9-S9-W9 -> -3.0322411e-12 | Z9: =+Y9*1000000 -> -3.0322411e-06
D10: 영남권 | E10: =+[4]영남권!$H$86/1000 -> 1001.6137 | F10: =+[4]영남권!$I$86/1000 -> 966.84601 | G10: =+F10-E10 -> -34.767716 | H10: =+[4]영남권!$T$5/1000 -> 120.5 | I10: =+[4]영남권!$U$5/1000 -> 117.338 | J10: =+I10-H10 -> -3.162 | K10: =+[4]영남권!$M$86/1000 -> -39.569189 | L10: =+[4]영남권!$Q$85 -> 100667.16 | M10: =+[4]영남권!$R$85 -> 98256.721 | N10: =+M10-L10 -> -2410.4355 | O10: =+[4]영남권!$K$86/1000 -> -282.69347 | P10: =+[4]영남권!$Q$50 -> 88340.274 | Q10: =+[4]영남권!$R$50 -> 85764.318 | R10: =+Q10-P10 -> -2575.9557 | S10: =+[4]영남권!$L$56/1000 -> 344.35895 | T10: =+([4]영남권!$H$80+[4]영남권!$H$85)/1000 -> 483.77565 | U10: =+([4]영남권!$I$80+[4]영남권!$I$85)/1000 -> 540.63966 | V10: =+U10-T10 -> 56.864008 | W10: =+([4]영남권!$L$80+[4]영남권!$L$85)/1000 -> -56.864008 | Y10: =+G10-K10-O10-S10-W10 -> 0 | Z10: =+Y10*1000000 -> 0
D11: 기타권 | E11: =+[4]중부권!$H$86/1000 -> 699.02604 | F11: =+[4]중부권!$I$86/1000 -> 546.99923 | G11: =+F11-E11 -> -152.02681 | H11: =+[4]중부권!$T$5/1000 -> 51.5 | I11: =+[4]중부권!$U$5/1000 -> 55.119 | J11: =+I11-H11 -> 3.619 | K11: =+[4]중부권!$M$86/1000 -> 61.062938 | L11: =+[4]중부권!$Q$85 -> 106234.15 | M11: =+[4]중부권!$R$85 -> 102574.02 | N11: =+M11-L11 -> -3660.1367 | O11: =+[4]중부권!$K$86/1000 -> -201.19405 | P11: =+[4]중부권!$Q$50 -> 88891.132 | Q11: =+[4]중부권!$R$50 -> 88996.642 | R11: =+Q11-P11 -> 105.51049 | S11: =+[4]중부권!$L$56/1000 -> -5.991606 | T11: =+([4]중부권!$H$80+[4]중부권!$H$85)/1000 -> 194.13951 | U11: =+([4]중부권!$I$80+[4]중부권!$I$85)/1000 -> 200.0436 | V11: =+U11-T11 -> 5.9040834 | W11: =+([4]중부권!$L$80+[4]중부권!$L$85)/1000 -> -5.9040834 | Y11: =+G11-K11-O11-S11-W11 -> -7.5139894e-13 | Z11: =+Y11*1000000 -> -7.5139894e-07
D12: 안양 | E12: =+[4]안양!$H$86/1000 -> 264.43407 | F12: =+[4]안양!$I$86/1000 -> 190.6149 | G12: =+F12-E12 -> -73.819167 | H12: =+[4]안양!$T$5/1000 -> 38 | I12: =+[4]안양!$U$5/1000 -> 38.108 | J12: =+I12-H12 -> 0.108 | K12: =+[4]안양!$M$86/1000 -> -0.76514143 | L12: =+[4]안양!$Q$85 -> 97584.619 | M12: =+[4]안양!$R$85 -> 93013.191 | N12: =+M12-L12 -> -4571.428 | O12: =+[4]안양!$K$86/1000 -> -172.80912 | P12: =+[4]안양!$Q$50 -> 88018.248 | Q12: =+[4]안양!$R$50 -> 85394.732 | R12: =+Q12-P12 -> -2623.5158 | S12: =+[4]안양!$L$56/1000 -> 97.728104 | T12: =+([4]안양!$H$80+[4]안양!$H$85)/1000 -> 99.088023 | U12: =+([4]안양!$I$80+[4]안양!$I$85)/1000 -> 97.06103 | V12: =+U12-T12 -> -2.0269922 | W12: =+([4]안양!$L$80+[4]안양!$L$85)/1000 -> 2.0269922 | Y12: =+G12-K12-O12-S12-W12 -> -5.7376326e-13 | Z12: =+Y12*1000000 -> -5.7376326e-07
D13: 인천 | E13: =+[4]인천!$H$86/1000 -> 93.223035 | F13: =+[4]인천!$I$86/1000 -> 97.876781 | G13: =+F13-E13 -> 4.6537461 | H13: =+[4]인천!$T$5/1000 -> 30 | I13: =+[4]인천!$U$5/1000 -> 32.763 | J13: =+I13-H13 -> 2.763 | K13: =+[4]인천!$M$86/1000 -> 17.185371 | L13: =+[4]인천!$Q$85 -> 97686.55 | M13: =+[4]인천!$R$85 -> 95722.432 | N13: =+M13-L13 -> -1964.1175 | O13: =+[4]인천!$K$86/1000 -> -63.902563 | P13: =+[4]인천!$Q$50 -> 91144.628 | Q13: =+[4]인천!$R$50 -> 89310.621 | R13: =+Q13-P13 -> -1834.0076 | S13: =+[4]인천!$L$56/1000 -> 59.669437 | T13: =+([4]인천!$H$80+[4]인천!$H$85)/1000 -> 103.03461 | U13: =+([4]인천!$I$80+[4]인천!$I$85)/1000 -> 111.33311 | V13: =+U13-T13 -> 8.2984991 | W13: =+([4]인천!$L$80+[4]인천!$L$85)/1000 -> -8.2984991 | Y13: =+G13-K13-O13-S13-W13 -> 1.0658141e-13 | Z13: =+Y13*1000000 -> 1.0658141e-07
D14: 파주 | E14: =+[4]파주!$H$86/1000 -> 61.356914 | F14: =+[4]파주!$I$86/1000 -> -148.3122 | G14: =+F14-E14 -> -209.66911 | H14: =+[4]파주!$T$5/1000 -> 18 | I14: =+[4]파주!$U$5/1000 -> 10.788 | J14: =+I14-H14 -> -7.212 | K14: =+[4]파주!$M$86/1000 -> -51.874063 | L14: =+[4]파주!$Q$85 -> 96706.846 | M14: =+[4]파주!$R$85 -> 84220.756 | N14: =+M14-L14 -> -12486.09 | O14: =+[4]파주!$K$86/1000 -> -134.69994 | P14: =+[4]파주!$Q$50 -> 89514.103 | Q14: =+[4]파주!$R$50 -> 91559.962 | R14: =+Q14-P14 -> 2045.8598 | S14: =+[4]파주!$L$56/1000 -> -22.070731 | T14: =+([4]파주!$H$80+[4]파주!$H$85)/1000 -> 68.112462 | U14: =+([4]파주!$I$80+[4]파주!$I$85)/1000 -> 69.136846 | V14: =+U14-T14 -> 1.0243837 | W14: =+([4]파주!$L$80+[4]파주!$L$85)/1000 -> -1.0243837 | Y14: =+G14-K14-O14-S14-W14 -> -7.283063e-14 | Z14: =+Y14*1000000 -> -7.283063e-08
D15: 김포 | E15: =+[4]김포!$H$86/1000 -> 86.308698 | F15: =+[4]김포!$I$86/1000 -> 38.862012 | G15: =+F15-E15 -> -47.446686 | H15: =+[4]김포!$T$5/1000 -> 15 | I15: =+[4]김포!$U$5/1000 -> 11.811 | J15: =+I15-H15 -> -3.189 | K15: =+[4]김포!$M$86/1000 -> -30.902319 | L15: =+[4]김포!$Q$85 -> 94514.947 | M15: =+[4]김포!$R$85 -> 93540.988 | N15: =+M15-L15 -> -973.95845 | O15: =+[4]김포!$K$86/1000 -> -11.324215 | P15: =+[4]김포!$Q$50 -> 85263.711 | Q15: =+[4]김포!$R$50 -> 85698.328 | R15: =+Q15-P15 -> 434.61712 | S15: =+[4]김포!$L$56/1000 -> -5.0532993 | T15: =+([4]김포!$H$80+[4]김포!$H$85)/1000 -> 52.459839 | U15: =+([4]김포!$I$80+[4]김포!$I$85)/1000 -> 52.626693 | V15: =+U15-T15 -> 0.16685358 | W15: =+([4]김포!$L$80+[4]김포!$L$85)/1000 -> -0.16685358 | Y15: =+G15-K15-O15-S15-W15 -> -1.050271e-13 | Z15: =+Y15*1000000 -> -1.050271e-07
D16: 부산 | E16: =+[4]부산!$H$86/1000 -> 206.37935 | F16: =+[4]부산!$I$86/1000 -> 403.32277 | G16: =+F16-E16 -> 196.94342 | H16: =+[4]부산!$T$5/1000 -> 21 | I16: =+[4]부산!$U$5/1000 -> 23.72 | J16: =+I16-H16 -> 2.72 | K16: =+[4]부산!$M$86/1000 -> 38.681735 | L16: =+[4]부산!$Q$85 -> 107700.13 | M16: =+[4]부산!$R$85 -> 107443.61 | N16: =+M16-L16 -> -256.52254 | O16: =+[4]부산!$K$86/1000 -> -6.0847147 | P16: =+[4]부산!$Q$50 -> 93478.906 | Q16: =+[4]부산!$R$50 -> 86261.358 | R16: =+Q16-P16 -> -7217.5477 | S16: =+[4]부산!$L$56/1000 -> 242.90237 | T16: =+([4]부산!$H$80+[4]부산!$H$85)/1000 -> 92.266398 | U16: =+([4]부산!$I$80+[4]부산!$I$85)/1000 -> 170.82237 | V16: =+U16-T16 -> 78.55597 | W16: =+([4]부산!$L$80+[4]부산!$L$85)/1000 -> -78.55597 | Y16: =+G16-K16-O16-S16-W16 -> 4.1211479e-13 | Z16: =+Y16*1000000 -> 4.1211479e-07
D17: 서부산 | E17: =+[4]서부산!$H$86/1000 -> 183.74819 | F17: =+[4]서부산!$I$86/1000 -> 146.35766 | G17: =+F17-E17 -> -37.390532 | H17: =+[4]서부산!$T$5/1000 -> 20 | I17: =+[4]서부산!$U$5/1000 -> 17.535 | J17: =+I17-H17 -> -2.465 | K17: =+[4]서부산!$M$86/1000 -> -28.667246 | L17: =+[4]서부산!$Q$85 -> 99300.288 | M17: =+[4]서부산!$R$85 -> 96358.826 | N17: =+M17-L17 -> -2941.4614 | O17: =+[4]서부산!$K$86/1000 -> -51.578525 | P17: =+[4]서부산!$Q$50 -> 87670.573 | Q17: =+[4]서부산!$R$50 -> 82113.293 | R17: =+Q17-P17 -> -5557.2805 | S17: =+[4]서부산!$L$56/1000 -> 66.110695 | T17: =+([4]서부산!$H$80+[4]서부산!$H$85)/1000 -> 48.846097 | U17: =+([4]서부산!$I$80+[4]서부산!$I$85)/1000 -> 72.101553 | V17: =+U17-T17 -> 23.255457 | W17: =+([4]서부산!$L$80+[4]서부산!$L$85)/1000 -> -23.255457 | Y17: =+G17-K17-O17-S17-W17 -> 6.0396133e-14 | Z17: =+Y17*1000000 -> 6.0396133e-08
D18: 김해 | E18: =+[4]김해!$H$86/1000 -> 101.5797 | F18: =+[4]김해!$I$86/1000 -> 55.355958 | G18: =+F18-E18 -> -46.223738 | H18: =+[4]김해!$T$5/1000 -> 13 | I18: =+[4]김해!$U$5/1000 -> 12.503 | J18: =+I18-H18 -> -0.497 | K18: =+[4]김해!$M$86/1000 -> -6.3411699 | L18: =+[4]김해!$Q$85 -> 96299.673 | M18: =+[4]김해!$R$85 -> 91228.592 | N18: =+M18-L18 -> -5071.081 | O18: =+[4]김해!$K$86/1000 -> -63.104532 | P18: =+[4]김해!$Q$50 -> 84650.626 | Q18: =+[4]김해!$R$50 -> 82834.449 | R18: =+Q18-P18 -> -1816.1776 | S18: =+[4]김해!$L$56/1000 -> 25.009639 | T18: =+([4]김해!$H$80+[4]김해!$H$85)/1000 -> 49.857911 | U18: =+([4]김해!$I$80+[4]김해!$I$85)/1000 -> 51.645586 | V18: =+U18-T18 -> 1.7876752 | W18: =+([4]김해!$L$80+[4]김해!$L$85)/1000 -> -1.7876752 | Y18: =+G18-K18-O18-S18-W18 -> -2.0516921e-13 | Z18: =+Y18*1000000 -> -2.0516921e-07
D19: 정관 | E19: =+[4]정관!$H$86/1000 -> 175.64322 | F19: =+[4]정관!$I$86/1000 -> 121.8508 | G19: =+F19-E19 -> -53.792416 | H19: =+[4]정관!$T$5/1000 -> 20 | I19: =+[4]정관!$U$5/1000 -> 19.81 | J19: =+I19-H19 -> -0.19 | K19: =+[4]정관!$M$86/1000 -> -2.4039154 | L19: =+[4]정관!$Q$85 -> 101999.58 | M19: =+[4]정관!$R$85 -> 97823.064 | N19: =+M19-L19 -> -4176.5173 | O19: =+[4]정관!$K$86/1000 -> -82.736808 | P19: =+[4]정관!$Q$50 -> 89347.394 | Q19: =+[4]정관!$R$50 -> 88995.021 | R19: =+Q19-P19 -> -352.37322 | S19: =+[4]정관!$L$56/1000 -> 11.949614 | T19: =+([4]정관!$H$80+[4]정관!$H$85)/1000 -> 77.40051 | U19: =+([4]정관!$I$80+[4]정관!$I$85)/1000 -> 58.001817 | V19: =+U19-T19 -> -19.398693 | W19: =+([4]정관!$L$80+[4]정관!$L$85)/1000 -> 19.398693 | Y19: =+G19-K19-O19-S19-W19 -> 5.0803806e-13 | Z19: =+Y19*1000000 -> 5.0803806e-07
D20: 양산 | E20: =+[4]양산!$H$86/1000 -> 83.657618 | F20: =+[4]양산!$I$86/1000 -> 64.674861 | G20: =+F20-E20 -> -18.982757 | H20: =+[4]양산!$T$5/1000 -> 11 | I20: =+[4]양산!$U$5/1000 -> 9.625 | J20: =+I20-H20 -> -1.375 | K20: =+[4]양산!$M$86/1000 -> -15.19541 | L20: =+[4]양산!$Q$85 -> 94826.75 | M20: =+[4]양산!$R$85 -> 94860.673 | N20: =+M20-L20 -> 33.922935 | O20: =+[4]양산!$K$86/1000 -> 0.32650825 | P20: =+[4]양산!$Q$50 -> 83775.543 | Q20: =+[4]양산!$R$50 -> 83412.228 | R20: =+Q20-P20 -> -363.31468 | S20: =+[4]양산!$L$56/1000 -> 3.4969071 | T20: =+([4]양산!$H$80+[4]양산!$H$85)/1000 -> 37.905665 | U20: =+([4]양산!$I$80+[4]양산!$I$85)/1000 -> 45.516426 | V20: =+U20-T20 -> 7.6107617 | W20: =+([4]양산!$L$80+[4]양산!$L$85)/1000 -> -7.6107617 | Y20: =+G20-K20-O20-S20-W20 -> 3.9968029e-14 | Z20: =+Y20*1000000 -> 3.9968029e-08
D21: 창원 | E21: =+[4]창원!$H$86/1000 -> 59.751358 | F21: =+[4]창원!$I$86/1000 -> 89.749104 | G21: =+F21-E21 -> 29.997746 | H21: =+[4]창원!$T$5/1000 -> 11 | I21: =+[4]창원!$U$5/1000 -> 10.865 | J21: =+I21-H21 -> -0.135 | K21: =+[4]창원!$M$86/1000 -> -1.5594889 | L21: =+[4]창원!$Q$85 -> 100000.45 | M21: =+[4]창원!$R$85 -> 97838.954 | N21: =+M21-L21 -> -2161.4964 | O21: =+[4]창원!$K$86/1000 -> -23.484659 | P21: =+[4]창원!$Q$50 -> 88448.68 | Q21: =+[4]창원!$R$50 -> 84292.159 | R21: =+Q21-P21 -> -4156.521 | S21: =+[4]창원!$L$56/1000 -> 45.16059 | T21: =+([4]창원!$H$80+[4]창원!$H$85)/1000 -> 67.318107 | U21: =+([4]창원!$I$80+[4]창원!$I$85)/1000 -> 57.436804 | V21: =+U21-T21 -> -9.8813035 | W21: =+([4]창원!$L$80+[4]창원!$L$85)/1000 -> 9.8813035 | Y21: =+G21-K21-O21-S21-W21 -> 2.6645353e-14 | Z21: =+Y21*1000000 -> 2.6645353e-08
D22: 대구 | E22: =+[4]대구!$H$86/1000 -> 123.11139 | F22: =+[4]대구!$I$86/1000 -> -23.079407 | G22: =+F22-E22 -> -146.1908 | H22: =+[4]대구!$T$5/1000 -> 12.5 | I22: =+[4]대구!$U$5/1000 -> 11.223 | J22: =+I22-H22 -> -1.277 | K22: =+[4]대구!$M$86/1000 -> -18.69629 | L22: =+[4]대구!$Q$85 -> 98262.823 | M22: =+[4]대구!$R$85 -> 87222.219 | N22: =+M22-L22 -> -11040.604 | O22: =+[4]대구!$K$86/1000 -> -123.9087 | P22: =+[4]대구!$Q$50 -> 83622.031 | Q22: =+[4]대구!$R$50 -> 85202.654 | R22: =+Q22-P22 -> 1580.6226 | S22: =+[4]대구!$L$56/1000 -> -17.739303 | T22: =+([4]대구!$H$80+[4]대구!$H$85)/1000 -> 59.898495 | U22: =+([4]대구!$I$80+[4]대구!$I$85)/1000 -> 45.745005 | V22: =+U22-T22 -> -14.15349 | W22: =+([4]대구!$L$80+[4]대구!$L$85)/1000 -> 14.15349 | Y22: =+G22-K22-O22-S22-W22 -> 0 | Z22: =+Y22*1000000 -> 0
D23: 울산 | E23: =+[4]울산!$H$86/1000 -> 67.742901 | F23: =+[4]울산!$I$86/1000 -> 108.61426 | G23: =+F23-E23 -> 40.871358 | H23: =+[4]울산!$T$5/1000 -> 12 | I23: =+[4]울산!$U$5/1000 -> 12.057 | J23: =+I23-H23 -> 0.057 | K23: =+[4]울산!$M$86/1000 -> 0.56062049 | L23: =+[4]울산!$Q$85 -> 101617.67 | M23: =+[4]울산!$R$85 -> 104268.3 | N23: =+M23-L23 -> 2650.6339 | O23: =+[4]울산!$K$86/1000 -> 31.958693 | P23: =+[4]울산!$Q$50 -> 91782.219 | Q23: =+[4]울산!$R$50 -> 91997.749 | R23: =+Q23-P23 -> 215.53009 | S23: =+[4]울산!$L$56/1000 -> -2.5603239 | T23: =+([4]울산!$H$80+[4]울산!$H$85)/1000 -> 50.282466 | U23: =+([4]울산!$I$80+[4]울산!$I$85)/1000 -> 39.370098 | V23: =+U23-T23 -> -10.912368 | W23: =+([4]울산!$L$80+[4]울산!$L$85)/1000 -> 10.912368 | Y23: =+G23-K23-O23-S23-W23 -> -1.5099033e-13 | Z23: =+Y23*1000000 -> -1.5099033e-07
D24: 아산 | E24: =+[4]아산!$H$86/1000 -> 259.49035 | F24: =+[4]아산!$I$86/1000 -> 139.57025 | G24: =+F24-E24 -> -119.9201 | H24: =+[4]아산!$T$5/1000 -> 23 | I24: =+[4]아산!$U$5/1000 -> 23.404 | J24: =+I24-H24 -> 0.404 | K24: =+[4]아산!$M$86/1000 -> 4.5386755 | L24: =+[4]아산!$Q$85 -> 103000 | M24: =+[4]아산!$R$85 -> 100519.81 | N24: =+M24-L24 -> -2480.1908 | O24: =+[4]아산!$K$86/1000 -> -57.674356 | P24: =+[4]아산!$Q$50 -> 88674.506 | Q24: =+[4]아산!$R$50 -> 91470.787 | R24: =+Q24-P24 -> 2796.2813 | S24: =+[4]아산!$L$56/1000 -> -65.149001 | T24: =+([4]아산!$H$80+[4]아산!$H$85)/1000 -> 69.99601 | U24: =+([4]아산!$I$80+[4]아산!$I$85)/1000 -> 71.631432 | V24: =+U24-T24 -> 1.6354213 | W24: =+([4]아산!$L$80+[4]아산!$L$85)/1000 -> -1.6354213 | Y24: =+G24-K24-O24-S24-W24 -> 4.1744386e-14 | Z24: =+Y24*1000000 -> 4.1744386e-08
D25: 전주 | E25: =+[4]전주!$H$86/1000 -> 72.293371 | F25: =+[4]전주!$I$86/1000 -> 206.10743 | G25: =+F25-E25 -> 133.81406 | H25: =+[4]전주!$T$5/1000 -> 10 | I25: =+[4]전주!$U$5/1000 -> 17.8155 | J25: =+I25-H25 -> 7.8155 | K25: =+[4]전주!$M$86/1000 -> 99.852433 | L25: =+[4]전주!$Q$85 -> 97052.091 | M25: =+[4]전주!$R$85 -> 96662.221 | N25: =+M25-L25 -> -389.87046 | O25: =+[4]전주!$K$86/1000 -> -6.9457372 | P25: =+[4]전주!$Q$50 -> 84275.886 | Q25: =+[4]전주!$R$50 -> 81717.028 | R25: =+Q25-P25 -> -2558.8576 | S25: =+[4]전주!$L$56/1000 -> 45.620841 | T25: =+([4]전주!$H$80+[4]전주!$H$85)/1000 -> 55.468683 | U25: =+([4]전주!$I$80+[4]전주!$I$85)/1000 -> 60.182158 | V25: =+U25-T25 -> 4.713475 | W25: =+([4]전주!$L$80+[4]전주!$L$85)/1000 -> -4.713475 | Y25: =+G25-K25-O25-S25-W25 -> 6.1284311e-14 | Z25: =+Y25*1000000 -> 6.1284311e-08
D26: 군산 | E26: =+[4]군산!$H$86/1000 -> 194.05781 | F26: =+[4]군산!$I$86/1000 -> 131.89843 | G26: =+F26-E26 -> -62.159381 | H26: =+[4]군산!$T$5/1000 -> 7.5 | I26: =+[4]군산!$U$5/1000 -> 5.4375 | J26: =+I26-H26 -> -2.0625 | K26: =+[4]군산!$M$86/1000 -> -59.460058 | L26: =+[4]군산!$Q$85 -> 109837.39 | M26: =+[4]군산!$R$85 -> 114410.94 | N26: =+M26-L26 -> 4573.5505 | O26: =+[4]군산!$K$86/1000 -> 24.868681 | P26: =+[4]군산!$Q$50 -> 81008.273 | Q26: =+[4]군산!$R$50 -> 86051.521 | R26: =+Q26-P26 -> 5043.2484 | S26: =+[4]군산!$L$56/1000 -> -27.422655 | T26: =+([4]군산!$H$80+[4]군산!$H$85)/1000 -> 22.160585 | U26: =+([4]군산!$I$80+[4]군산!$I$85)/1000 -> 22.305935 | V26: =+U26-T26 -> 0.14534963 | W26: =+([4]군산!$L$80+[4]군산!$L$85)/1000 -> -0.14534963 | Y26: =+G26-K26-O26-S26-W26 -> -1.110223e-15 | Z26: =+Y26*1000000 -> -1.110223e-09
D27: 원주 | E27: =+[4]원주!$H$86/1000 -> 44.706408 | F27: =+[4]원주!$I$86/1000 -> -35.664611 | G27: =+F27-E27 -> -80.371019 | H27: =+[4]원주!$T$5/1000 -> 4 | I27: =+[4]원주!$U$5/1000 -> 2.4635 | J27: =+I27-H27 -> -1.5365 | K27: =+[4]원주!$M$86/1000 -> -24.534305 | L27: =+[4]원주!$Q$85 -> 112000 | M27: =+[4]원주!$R$85 -> 93244.471 | N27: =+M27-L27 -> -18755.529 | O27: =+[4]원주!$K$86/1000 -> -46.204246 | P27: =+[4]원주!$Q$50 -> 96032.343 | Q27: =+[4]원주!$R$50 -> 99985.769 | R27: =+Q27-P27 -> 3953.4267 | S27: =+[4]원주!$L$56/1000 -> -9.7392634 | T27: =+([4]원주!$H$80+[4]원주!$H$85)/1000 -> 19.164221 | U27: =+([4]원주!$I$80+[4]원주!$I$85)/1000 -> 19.057425 | V27: =+U27-T27 -> -0.10679594 | W27: =+([4]원주!$L$80+[4]원주!$L$85)/1000 -> 0.10679594 | Y27: =+G27-K27-O27-S27-W27 -> -3.1044611e-14 | Z27: =+Y27*1000000 -> -3.1044611e-08
D28: 제주 | E28: =+[4]제주!$H$86/1000 -> 128.4781 | F28: =+[4]제주!$I$86/1000 -> 105.08774 | G28: =+F28-E28 -> -23.390365 | H28: =+[4]제주!$T$5/1000 -> 7 | I28: =+[4]제주!$U$5/1000 -> 5.9985 | J28: =+I28-H28 -> -1.0015 | K28: =+[4]제주!$M$86/1000 -> -22.294551 | L28: =+[4]제주!$Q$85 -> 122822.5 | M28: =+[4]제주!$R$85 -> 121197.03 | N28: =+M28-L28 -> -1625.4702 | O28: =+[4]제주!$K$86/1000 -> -9.7503832 | P28: =+[4]제주!$Q$50 -> 100561.34 | Q28: =+[4]제주!$R$50 -> 99199.134 | R28: =+Q28-P28 -> -1362.2066 | S28: =+[4]제주!$L$56/1000 -> 8.1712029 | T28: =+([4]제주!$H$80+[4]제주!$H$85)/1000 -> 27.350013 | U28: =+([4]제주!$I$80+[4]제주!$I$85)/1000 -> 26.866647 | V28: =+U28-T28 -> -0.48336664 | W28: =+([4]제주!$L$80+[4]제주!$L$85)/1000 -> 0.48336664 | Y28: =+G28-K28-O28-S28-W28 -> -9.6589403e-15 | Z28: =+Y28*1000000 -> -9.6589403e-09
Y35: · 집합대손 2.2억 // 개별대손 3억(삼정이앤시) → 안양 2.9억, 양산 0.1억

Sheet 공헌이익
D4: □ 레미콘 단위당 공헌이익(2025-03)
V5: [단위 : 원/㎥]
A6: 2024년 12월 마감 손익 | D6: 구분 | E6: 판매단가 | H6: 재료비 | K6: 운반비 | N6: 유류비 | Q6: 변동비 계 | T6: 공헌이익
E7: 계획 | F7: 실적 | G7: 차이 | H7: 계획 | I7: 실적 | J7: 차이 | K7: 계획 | L7: 실적 | M7: 차이 | N7: 계획 | O7: 실적 | P7: 차이 | Q7: 계획 | R7: 실적 | S7: 차이 | T7: 계획 | U7: 실적 | V7: 차이
D8: 평균 | E8: =+[4]합계!$Q$85 -> 100361.58 | F8: =+[4]합계!$R$85 -> 97314.829 | G8: =+F8-E8 -> -3046.7487 | H8: =+[4]합계!$Q$20 -> 61390.669 | I8: =+[4]합계!$R$20 -> 60680.449 | J8: =+I8-H8 -> -710.21951 | K8: =+[4]합계!$Q$21 -> 18282.813 | L8: =+[4]합계!$R$21 -> 18511.424 | M8: =+L8-K8 -> 228.61014 | N8: =+[4]합계!$Q$22 -> 224.36813 | O8: =+[4]합계!$R$22 -> 215.88948 | P8: =+O8-N8 -> -8.4786527 | Q8: =H8+K8+N8 -> 79897.851 | R8: =I8+L8+O8 -> 79407.763 | S8: =+R8-Q8 -> -490.08802 | T8: =+E8-Q8 -> 20463.727 | U8: =+F8-R8 -> 17907.066 | V8: =+U8-T8 -> -2556.6607
D9: 수도권 | E9: =+[4]수도권!$Q$85 -> 97002.569 | F9: =+[4]수도권!$R$85 -> 93007.036 | G9: =+F9-E9 -> -3995.5331 | H9: =+[4]수도권!$Q$20 -> 63212.224 | I9: =+[4]수도권!$R$20 -> 61614.887 | J9: =+I9-H9 -> -1597.3362 | K9: =+[4]수도권!$Q$21 -> 17972.963 | L9: =+[4]수도권!$R$21 -> 18841.889 | M9: =+L9-K9 -> 868.92604 | N9: =+[4]수도권!$Q$22 -> 266.75743 | O9: =+[4]수도권!$R$22 -> 250.07897 | P9: =+O9-N9 -> -16.678456 | Q9: =H9+K9+N9 -> 81451.944 | R9: =I9+L9+O9 -> 80706.855 | S9: =+R9-Q9 -> -745.08858 | T9: =+E9-Q9 -> 15550.625 | U9: =+F9-R9 -> 12300.18 | V9: =+U9-T9 -> -3250.4445
D10: 영남권 | E10: =+[4]영남권!$Q$85 -> 100667.16 | F10: =+[4]영남권!$R$85 -> 98256.721 | G10: =+F10-E10 -> -2410.4355 | H10: =+[4]영남권!$Q$20 -> 60000.556 | I10: =+[4]영남권!$R$20 -> 58836.457 | J10: =+I10-H10 -> -1164.0999 | K10: =+[4]영남권!$Q$21 -> 18823.206 | L10: =+[4]영남권!$R$21 -> 18805.025 | M10: =+L10-K10 -> -18.181074 | N10: =+[4]영남권!$Q$22 -> 202.98755 | O10: =+[4]영남권!$R$22 -> 190.93249 | P10: =+O10-N10 -> -12.055059 | Q10: =H10+K10+N10 -> 79026.75 | R10: =I10+L10+O10 -> 77832.414 | S10: =+R10-Q10 -> -1194.3361 | T10: =+E10-Q10 -> 21640.406 | U10: =+F10-R10 -> 20424.307 | V10: =+U10-T10 -> -1216.0995
D11: 기타권 | E11: =+[4]중부권!$Q$85 -> 106234.15 | F11: =+[4]중부권!$R$85 -> 102574.02 | G11: =+F11-E11 -> -3660.1367 | H11: =+[4]중부권!$Q$20 -> 61070.893 | I11: =+[4]중부권!$R$20 -> 63089.26 | J11: =+I11-H11 -> 2018.3676 | K11: =+[4]중부권!$Q$21 -> 17626.068 | L11: =+[4]중부권!$R$21 -> 17319.2 | M11: =+L11-K11 -> -306.86791 | N11: =+[4]중부권!$Q$22 -> 191.26214 | O11: =+[4]중부권!$R$22 -> 212.13936 | P11: =+O11-N11 -> 20.877228 | Q11: =H11+K11+N11 -> 78888.223 | R11: =I11+L11+O11 -> 80620.6 | S11: =+R11-Q11 -> 1732.377 | T11: =+E11-Q11 -> 27345.93 | U11: =+F11-R11 -> 21953.416 | V11: =+U11-T11 -> -5392.5136
D12: 안양 | E12: =+[4]안양!$Q$85 -> 97584.619 | F12: =+[4]안양!$R$85 -> 93013.191 | G12: =+F12-E12 -> -4571.428 | H12: =+[4]안양!$Q$20 -> 64736.641 | I12: =+[4]안양!$R$20 -> 61347.244 | J12: =+I12-H12 -> -3389.3974 | K12: =+[4]안양!$Q$21 -> 17445.781 | L12: =+[4]안양!$R$21 -> 18379.748 | M12: =+L12-K12 -> 933.9673 | N12: =+[4]안양!$Q$22 -> 197.36842 | O12: =+[4]안양!$R$22 -> 301.85714 | P12: =+O12-N12 -> 104.48872 | Q12: =H12+K12+N12 -> 82379.79 | R12: =I12+L12+O12 -> 80028.849 | S12: =+R12-Q12 -> -2350.9414 | T12: =+E12-Q12 -> 15204.829 | U12: =+F12-R12 -> 12984.342 | V12: =+U12-T12 -> -2220.4867
D13: 인천 | E13: =+[4]인천!$Q$85 -> 97686.55 | F13: =+[4]인천!$R$85 -> 95722.432 | G13: =+F13-E13 -> -1964.1175 | H13: =+[4]인천!$Q$20 -> 65311.192 | I13: =+[4]인천!$R$20 -> 64005.563 | J13: =+I13-H13 -> -1305.6291 | K13: =+[4]인천!$Q$21 -> 17885.556 | L13: =+[4]인천!$R$21 -> 19830.971 | M13: =+L13-K13 -> 1945.4152 | N13: =+[4]인천!$Q$22 -> 400 | O13: =+[4]인천!$R$22 -> 272.45056 | P13: =+O13-N13 -> -127.54944 | Q13: =H13+K13+N13 -> 83596.748 | R13: =I13+L13+O13 -> 84108.984 | S13: =+R13-Q13 -> 512.23661 | T13: =+E13-Q13 -> 14089.802 | U13: =+F13-R13 -> 11613.448 | V13: =+U13-T13 -> -2476.3541
D14: 파주 | E14: =+[4]파주!$Q$85 -> 96706.846 | F14: =+[4]파주!$R$85 -> 84220.756 | G14: =+F14-E14 -> -12486.09 | H14: =+[4]파주!$Q$20 -> 60523.913 | I14: =+[4]파주!$R$20 -> 60017.848 | J14: =+I14-H14 -> -506.06474 | K14: =+[4]파주!$Q$21 -> 18970.998 | L14: =+[4]파주!$R$21 -> 17745.587 | M14: =+L14-K14 -> -1225.4111 | N14: =+[4]파주!$Q$22 -> 303.75 | O14: =+[4]파주!$R$22 -> 216.61207 | P14: =+O14-N14 -> -87.137931 | Q14: =H14+K14+N14 -> 79798.662 | R14: =I14+L14+O14 -> 77980.048 | S14: =+R14-Q14 -> -1818.6137 | T14: =+E14-Q14 -> 16908.184 | U14: =+F14-R14 -> 6240.708 | V14: =+U14-T14 -> -10667.476
D15: 김포 | E15: =+[4]김포!$Q$85 -> 94514.947 | F15: =+[4]김포!$R$85 -> 93540.988 | G15: =+F15-E15 -> -973.95845 | H15: =+[4]김포!$Q$20 -> 58378.402 | I15: =+[4]김포!$R$20 -> 57278.764 | J15: =+I15-H15 -> -1099.6372 | K15: =+[4]김포!$Q$21 -> 18285.663 | L15: =+[4]김포!$R$21 -> 18596.632 | M15: =+L15-K15 -> 310.96912 | N15: =+[4]김포!$Q$22 -> 131.66667 | O15: =+[4]김포!$R$22 -> 49.884751 | P15: =+O15-N15 -> -81.781916 | Q15: =H15+K15+N15 -> 76795.731 | R15: =I15+L15+O15 -> 75925.281 | S15: =+R15-Q15 -> -870.45001 | T15: =+E15-Q15 -> 17719.216 | U15: =+F15-R15 -> 17615.707 | V15: =+U15-T15 -> -103.50844
D16: 부산 | E16: =+[4]부산!$Q$85 -> 107700.13 | F16: =+[4]부산!$R$85 -> 107443.61 | G16: =+F16-E16 -> -256.52254 | H16: =+[4]부산!$Q$20 -> 64597.681 | I16: =+[4]부산!$R$20 -> 60662.475 | J16: =+I16-H16 -> -3935.2053 | K16: =+[4]부산!$Q$21 -> 20067.793 | L16: =+[4]부산!$R$21 -> 19574.906 | M16: =+L16-K16 -> -492.88716 | N16: =+[4]부산!$Q$22 -> 95.238095 | O16: =+[4]부산!$R$22 -> 0 | P16: =+O16-N16 -> -95.238095 | Q16: =H16+K16+N16 -> 84760.712 | R16: =I16+L16+O16 -> 80237.381 | S16: =+R16-Q16 -> -4523.3305 | T16: =+E16-Q16 -> 22939.421 | U16: =+F16-R16 -> 27206.229 | V16: =+U16-T16 -> 4266.808
D17: 서부산 | E17: =+[4]서부산!$Q$85 -> 99300.288 | F17: =+[4]서부산!$R$85 -> 96358.826 | G17: =+F17-E17 -> -2941.4614 | H17: =+[4]서부산!$Q$20 -> 61628.937 | I17: =+[4]서부산!$R$20 -> 58564.969 | J17: =+I17-H17 -> -3063.9678 | K17: =+[4]서부산!$Q$21 -> 17082.694 | L17: =+[4]서부산!$R$21 -> 16623.375 | M17: =+L17-K17 -> -459.31924 | N17: =+[4]서부산!$Q$22 -> 150 | O17: =+[4]서부산!$R$22 -> 249.60307 | P17: =+O17-N17 -> 99.603069 | Q17: =H17+K17+N17 -> 78861.631 | R17: =I17+L17+O17 -> 75437.947 | S17: =+R17-Q17 -> -3423.684 | T17: =+E17-Q17 -> 20438.656 | U17: =+F17-R17 -> 20920.879 | V17: =+U17-T17 -> 482.22265
D18: 김해 | E18: =+[4]김해!$Q$85 -> 96299.673 | F18: =+[4]김해!$R$85 -> 91228.592 | G18: =+F18-E18 -> -5071.081 | H18: =+[4]김해!$Q$20 -> 55632.897 | I18: =+[4]김해!$R$20 -> 55527.701 | J18: =+I18-H18 -> -105.19602 | K18: =+[4]김해!$Q$21 -> 19802.361 | L18: =+[4]김해!$R$21 -> 19479.793 | M18: =+L18-K18 -> -322.56865 | N18: =+[4]김해!$Q$22 -> 384.61538 | O18: =+[4]김해!$R$22 -> 400.27146 | P18: =+O18-N18 -> 15.656072 | Q18: =H18+K18+N18 -> 75819.874 | R18: =I18+L18+O18 -> 75407.766 | S18: =+R18-Q18 -> -412.10859 | T18: =+E18-Q18 -> 20479.799 | U18: =+F18-R18 -> 15820.827 | V18: =+U18-T18 -> -4658.9724
D19: 정관 | E19: =+[4]정관!$Q$85 -> 101999.58 | F19: =+[4]정관!$R$85 -> 97823.064 | G19: =+F19-E19 -> -4176.5173 | H19: =+[4]정관!$Q$20 -> 62690.332 | I19: =+[4]정관!$R$20 -> 62656.923 | J19: =+I19-H19 -> -33.409449 | K19: =+[4]정관!$Q$21 -> 19003.44 | L19: =+[4]정관!$R$21 -> 19412.51 | M19: =+L19-K19 -> 409.06984 | N19: =+[4]정관!$Q$22 -> 200 | O19: =+[4]정관!$R$22 -> 256.50984 | P19: =+O19-N19 -> 56.509838 | Q19: =H19+K19+N19 -> 81893.772 | R19: =I19+L19+O19 -> 82325.942 | S19: =+R19-Q19 -> 432.17023 | T19: =+E19-Q19 -> 20105.809 | U19: =+F19-R19 -> 15497.121 | V19: =+U19-T19 -> -4608.6875
D20: 양산 | E20: =+[4]양산!$Q$85 -> 94826.75 | F20: =+[4]양산!$R$85 -> 94860.673 | G20: =+F20-E20 -> 33.922935 | H20: =+[4]양산!$Q$20 -> 56481.629 | I20: =+[4]양산!$R$20 -> 54535.105 | J20: =+I20-H20 -> -1946.5236 | K20: =+[4]양산!$Q$21 -> 17729.35 | L20: =+[4]양산!$R$21 -> 17595.567 | M20: =+L20-K20 -> -133.78337 | N20: =+[4]양산!$Q$22 -> 72.727273 | O20: =+[4]양산!$R$22 -> 33.688623 | P20: =+O20-N20 -> -39.038649 | Q20: =H20+K20+N20 -> 74283.706 | R20: =I20+L20+O20 -> 72164.361 | S20: =+R20-Q20 -> -2119.3456 | T20: =+E20-Q20 -> 20543.044 | U20: =+F20-R20 -> 22696.312 | V20: =+U20-T20 -> 2153.2686
D21: 창원 | E21: =+[4]창원!$Q$85 -> 100000.45 | F21: =+[4]창원!$R$85 -> 97838.954 | G21: =+F21-E21 -> -2161.4964 | H21: =+[4]창원!$Q$20 -> 57790.052 | I21: =+[4]창원!$R$20 -> 56404.446 | J21: =+I21-H21 -> -1385.6054 | K21: =+[4]창원!$Q$21 -> 17760.207 | L21: =+[4]창원!$R$21 -> 17095.487 | M21: =+L21-K21 -> -664.72048 | N21: =+[4]창원!$Q$22 -> 136.36364 | O21: =+[4]창원!$R$22 -> 65.847492 | P21: =+O21-N21 -> -70.516144 | Q21: =H21+K21+N21 -> 75686.622 | R21: =I21+L21+O21 -> 73565.78 | S21: =+R21-Q21 -> -2120.842 | T21: =+E21-Q21 -> 24313.827 | U21: =+F21-R21 -> 24273.173 | V21: =+U21-T21 -> -40.65442
D22: 대구 | E22: =+[4]대구!$Q$85 -> 98262.823 | F22: =+[4]대구!$R$85 -> 87222.219 | G22: =+F22-E22 -> -11040.604 | H22: =+[4]대구!$Q$20 -> 54318.429 | I22: =+[4]대구!$R$20 -> 55281.956 | J22: =+I22-H22 -> 963.52763 | K22: =+[4]대구!$Q$21 -> 18261.004 | L22: =+[4]대구!$R$21 -> 18464.773 | M22: =+L22-K22 -> 203.76901 | N22: =+[4]대구!$Q$22 -> 384 | O22: =+[4]대구!$R$22 -> 329.75942 | P22: =+O22-N22 -> -54.240577 | Q22: =H22+K22+N22 -> 72963.433 | R22: =I22+L22+O22 -> 74076.489 | S22: =+R22-Q22 -> 1113.0561 | T22: =+E22-Q22 -> 25299.389 | U22: =+F22-R22 -> 13145.73 | V22: =+U22-T22 -> -12153.66
D23: 울산 | E23: =+[4]울산!$Q$85 -> 101617.67 | F23: =+[4]울산!$R$85 -> 104268.3 | G23: =+F23-E23 -> 2650.6339 | H23: =+[4]울산!$Q$20 -> 60661.156 | I23: =+[4]울산!$R$20 -> 61734.023 | J23: =+I23-H23 -> 1072.8669 | K23: =+[4]울산!$Q$21 -> 20747.635 | L23: =+[4]울산!$R$21 -> 21866.874 | M23: =+L23-K23 -> 1119.2387 | N23: =+[4]울산!$Q$22 -> 280 | O23: =+[4]울산!$R$22 -> 259.0752 | P23: =+O23-N23 -> -20.924803 | Q23: =H23+K23+N23 -> 81688.791 | R23: =I23+L23+O23 -> 83859.972 | S23: =+R23-Q23 -> 2171.1808 | T23: =+E23-Q23 -> 19928.876 | U23: =+F23-R23 -> 20408.329 | V23: =+U23-T23 -> 479.45312
D24: 아산 | E24: =+[4]아산!$Q$85 -> 103000 | F24: =+[4]아산!$R$85 -> 100519.81 | G24: =+F24-E24 -> -2480.1908 | H24: =+[4]아산!$Q$20 -> 59783.489 | I24: =+[4]아산!$R$20 -> 64087.74 | J24: =+I24-H24 -> 4304.2507 | K24: =+[4]아산!$Q$21 -> 20313.463 | L24: =+[4]아산!$R$21 -> 19951.253 | M24: =+L24-K24 -> -362.20967 | N24: =+[4]아산!$Q$22 -> 108.69565 | O24: =+[4]아산!$R$22 -> 200.879 | P24: =+O24-N24 -> 92.183344 | Q24: =H24+K24+N24 -> 80205.648 | R24: =I24+L24+O24 -> 84239.872 | S24: =+R24-Q24 -> 4034.2244 | T24: =+E24-Q24 -> 22794.352 | U24: =+F24-R24 -> 16279.937 | V24: =+U24-T24 -> -6514.4152
D25: 전주 | E25: =+[4]전주!$Q$85 -> 97052.091 | F25: =+[4]전주!$R$85 -> 96662.221 | G25: =+F25-E25 -> -389.87046 | H25: =+[4]전주!$Q$20 -> 57347.583 | I25: =+[4]전주!$R$20 -> 60037.023 | J25: =+I25-H25 -> 2689.4397 | K25: =+[4]전주!$Q$21 -> 16226.918 | L25: =+[4]전주!$R$21 -> 15719.809 | M25: =+L25-K25 -> -507.10833 | N25: =+[4]전주!$Q$22 -> 300 | O25: =+[4]전주!$R$22 -> 185.95929 | P25: =+O25-N25 -> -114.04071 | Q25: =H25+K25+N25 -> 73874.501 | R25: =I25+L25+O25 -> 75942.791 | S25: =+R25-Q25 -> 2068.2906 | T25: =+E25-Q25 -> 23177.59 | U25: =+F25-R25 -> 20719.429 | V25: =+U25-T25 -> -2458.1611
D26: 군산 | E26: =+[4]군산!$Q$85 -> 109837.39 | F26: =+[4]군산!$R$85 -> 114410.94 | G26: =+F26-E26 -> 4573.5505 | H26: =+[4]군산!$Q$20 -> 59172.997 | I26: =+[4]군산!$R$20 -> 60632.064 | J26: =+I26-H26 -> 1459.0669 | K26: =+[4]군산!$Q$21 -> 13606.445 | L26: =+[4]군산!$R$21 -> 14117.014 | M26: =+L26-K26 -> 510.56875 | N26: =+[4]군산!$Q$22 -> 60 | O26: =+[4]군산!$R$22 -> 80.812138 | P26: =+O26-N26 -> 20.812138 | Q26: =H26+K26+N26 -> 72839.442 | R26: =I26+L26+O26 -> 74829.89 | S26: =+R26-Q26 -> 1990.4478 | T26: =+E26-Q26 -> 36997.95 | U26: =+F26-R26 -> 39581.053 | V26: =+U26-T26 -> 2583.1027
D27: 원주 | E27: =+[4]원주!$Q$85 -> 112000 | F27: =+[4]원주!$R$85 -> 93244.471 | G27: =+F27-E27 -> -18755.529 | H27: =+[4]원주!$Q$20 -> 59673.633 | I27: =+[4]원주!$R$20 -> 56592.181 | J27: =+I27-H27 -> -3081.4519 | K27: =+[4]원주!$Q$21 -> 14792.299 | L27: =+[4]원주!$R$21 -> 14915.384 | M27: =+L27-K27 -> 123.08536 | N27: =+[4]원주!$Q$22 -> 350 | O27: =+[4]원주!$R$22 -> 495.94967 | P27: =+O27-N27 -> 145.94967 | Q27: =H27+K27+N27 -> 74815.932 | R27: =I27+L27+O27 -> 72003.515 | S27: =+R27-Q27 -> -2812.4169 | T27: =+E27-Q27 -> 37184.068 | U27: =+F27-R27 -> 21240.956 | V27: =+U27-T27 -> -15943.112
D28: 제주 | E28: =+[4]제주!$Q$85 -> 122822.5 | F28: =+[4]제주!$R$85 -> 121197.03 | G28: =+F28-E28 -> -1625.4702 | H28: =+[4]제주!$Q$20 -> 73451.84 | I28: =+[4]제주!$R$20 -> 73186.472 | J28: =+I28-H28 -> -265.36752 | K28: =+[4]제주!$Q$21 -> 16720.876 | L28: =+[4]제주!$R$21 -> 15753.22 | M28: =+L28-K28 -> -967.65632 | N28: =+[4]제주!$Q$22 -> 357.14286 | O28: =+[4]제주!$R$22 -> 336.15554 | P28: =+O28-N28 -> -20.987318 | Q28: =H28+K28+N28 -> 90529.859 | R28: =I28+L28+O28 -> 89275.848 | S28: =+R28-Q28 -> -1254.0112 | T28: =+E28-Q28 -> 32292.641 | U28: =+F28-R28 -> 31921.182 | V28: =+U28-T28 -> -371.45909

Sheet 재료비단가
D4: □ 레미콘 원재료단가(2025-03)
A6: 2024년 12월 마감 손익 | D6: 구분 | E6: OPC (원/톤) | H6: SC (원/톤) | K6: SP (원/톤) | N6: FA (원/톤) | Q6: 자갈 (원/톤) | T6: 모래 (원/톤)
E7: 계획 | F7: 실적 | G7: 차이 | H7: 계획 | I7: 실적 | J7: 차이 | K7: 계획 | L7: 실적 | M7: 차이 | N7: 계획 | O7: 실적 | P7: 차이 | Q7: 계획 | R7: 실적 | S7: 차이 | T7: 계획 | U7: 실적 | V7: 차이
D8: 평균 | E8: =+[4]합계!$G$9 -> 100556.88 | F8: =+[4]합계!$H$9 -> 100174.36 | G8: =+F8-E8 -> -382.5213 | H8: =+[4]합계!$G$10 -> 92828.731 | I8: =+[4]합계!$H$10 -> 93682.015 | J8: =+I8-H8 -> 853.28462 | K8: =+[4]합계!$G$12 -> 63488.043 | L8: =+[4]합계!$H$12 -> 62807.168 | M8: =+L8-K8 -> -680.87486 | N8: =+[4]합계!$G$13 -> 40428.186 | O8: =+[4]합계!$H$13 -> 36052.937 | P8: =+O8-N8 -> -4375.2487 | Q8: =+[4]합계!$G$16 -> 13234.664 | R8: =+[4]합계!$H$16 -> 12866.342 | S8: =+R8-Q8 -> -368.32268 | T8: =+[4]합계!$G$17 -> 15832.906 | U8: =+[4]합계!$H$17 -> 15616.301 | V8: =+U8-T8 -> -216.6047
D9: 수도권 | E9: =+[4]수도권!$G$9 -> 100000 | F9: =+[4]수도권!$H$9 -> 99810.904 | G9: =+F9-E9 -> -189.09617 | H9: =+[4]수도권!$G$10 -> 98000 | I9: =+[4]수도권!$H$10 -> 98653.431 | J9: =+I9-H9 -> 653.43148 | K9: =+[4]수도권!$G$12 -> 64180.351 | L9: =+[4]수도권!$H$12 -> 63174.834 | M9: =+L9-K9 -> -1005.5165 | N9: =+[4]수도권!$G$13 -> 47376.959 | O9: =+[4]수도권!$H$13 -> 38521.203 | P9: =+O9-N9 -> -8855.7562 | Q9: =+[4]수도권!$G$16 -> 15789.2 | R9: =+[4]수도권!$H$16 -> 15489.143 | S9: =+R9-Q9 -> -300.05673 | T9: =+[4]수도권!$G$17 -> 14254.116 | U9: =+[4]수도권!$H$17 -> 14015.153 | V9: =+U9-T9 -> -238.96343
D10: 영남권 | E10: =+[4]영남권!$G$9 -> 100000 | F10: =+[4]영남권!$H$9 -> 99405.784 | G10: =+F10-E10 -> -594.21583 | H10: =+[4]영남권!$G$10 -> 92409.499 | I10: =+[4]영남권!$H$10 -> 92127.391 | J10: =+I10-H10 -> -282.10757 | K10: =+[4]영남권!$G$12 -> 62425.209 | L10: =+[4]영남권!$H$12 -> 62081.136 | M10: =+L10-K10 -> -344.07261 | N10: =+[4]영남권!$G$13 -> 35524.726 | O10: =+[4]영남권!$H$13 -> 34052.574 | P10: =+O10-N10 -> -1472.1516 | Q10: =+[4]영남권!$G$16 -> 10984.579 | R10: =+[4]영남권!$H$16 -> 10564.524 | S10: =+R10-Q10 -> -420.05471 | T10: =+[4]영남권!$G$17 -> 17613 | U10: =+[4]영남권!$H$17 -> 17387.719 | V10: =+U10-T10 -> -225.28099
D11: 기타권 | E11: =+[4]중부권!$G$9 -> 102612.67 | F11: =+[4]중부권!$H$9 -> 101856.75 | G11: =+F11-E11 -> -755.9213 | H11: =+[4]중부권!$G$10 -> 94200 | I11: =+[4]중부권!$H$10 -> 100418.96 | J11: =+I11-H11 -> 6218.9597 | K11: =+[4]중부권!$G$12 -> 64646.889 | L11: =+[4]중부권!$H$12 -> 63898.742 | M11: =+L11-K11 -> -748.14692 | N11: =+[4]중부권!$G$13 -> 41589.678 | O11: =+[4]중부권!$H$13 -> 37293.868 | P11: =+O11-N11 -> -4295.8099 | Q11: =+[4]중부권!$G$16 -> 13070.689 | R11: =+[4]중부권!$H$16 -> 13367.42 | S11: =+R11-Q11 -> 296.73087 | T11: =+[4]중부권!$G$17 -> 14626.301 | U11: =+[4]중부권!$H$17 -> 14585.503 | V11: =+U11-T11 -> -40.797885
D12: 안양 | E12: =+[4]안양!$G$9 -> 100000 | F12: =+[4]안양!$H$9 -> 99631.29 | G12: =+F12-E12 -> -368.70955 | H12: =+[4]안양!$G$10 -> 0 | I12: =+[4]안양!$H$10 -> 102199.95 | J12: =+I12-H12 -> 102199.95 | K12: =+[4]안양!$G$12 -> 64100 | L12: =+[4]안양!$H$12 -> 62857.054 | M12: =+L12-K12 -> -1242.9456 | N12: =+[4]안양!$G$13 -> 46100 | O12: =+[4]안양!$H$13 -> 38574.42 | P12: =+O12-N12 -> -7525.5804 | Q12: =+[4]안양!$G$16 -> 15800 | R12: =+[4]안양!$H$16 -> 15491.829 | S12: =+R12-Q12 -> -308.17054 | T12: =+[4]안양!$G$17 -> 15032.258 | U12: =+[4]안양!$H$17 -> 14889.63 | V12: =+U12-T12 -> -142.62816
D13: 인천 | E13: =+[4]인천!$G$9 -> 100000 | F13: =+[4]인천!$H$9 -> 99909.488 | G13: =+F13-E13 -> -90.511579 | H13: =+[4]인천!$G$10 -> 98000 | I13: =+[4]인천!$H$10 -> 98509.827 | J13: =+I13-H13 -> 509.82702 | K13: =+[4]인천!$G$12 -> 64400 | L13: =+[4]인천!$H$12 -> 64196.315 | M13: =+L13-K13 -> -203.68538 | N13: =+[4]인천!$G$13 -> 47600 | O13: =+[4]인천!$H$13 -> 38586.06 | P13: =+O13-N13 -> -9013.9404 | Q13: =+[4]인천!$G$16 -> 16000 | R13: =+[4]인천!$H$16 -> 15515.296 | S13: =+R13-Q13 -> -484.70397 | T13: =+[4]인천!$G$17 -> 14318.131 | U13: =+[4]인천!$H$17 -> 13575.508 | V13: =+U13-T13 -> -742.62318
D14: 파주 | E14: =+[4]파주!$G$9 -> 100000 | F14: =+[4]파주!$H$9 -> 99999.999 | G14: =+F14-E14 -> -0.0010377598 | H14: =+[4]파주!$G$10 -> 0 | I14: =+[4]파주!$H$10 -> 99049.935 | J14: =+I14-H14 -> 99049.935 | K14: =+[4]파주!$G$12 -> 64300 | L14: =+[4]파주!$H$12 -> 63313.148 | M14: =+L14-K14 -> -986.85247 | N14: =+[4]파주!$G$13 -> 48200 | O14: =+[4]파주!$H$13 -> 37862.437 | P14: =+O14-N14 -> -10337.563 | Q14: =+[4]파주!$G$16 -> 16333.333 | R14: =+[4]파주!$H$16 -> 16181.281 | S14: =+R14-Q14 -> -152.05211 | T14: =+[4]파주!$G$17 -> 12580.645 | U14: =+[4]파주!$H$17 -> 12131.979 | V14: =+U14-T14 -> -448.66652
D15: 김포 | E15: =+[4]김포!$G$9 -> 100000 | F15: =+[4]김포!$H$9 -> 100000 | G15: =+F15-E15 -> 0 | H15: =+[4]김포!$G$10 -> 0 | I15: =+[4]김포!$H$10 -> 0 | J15: =+I15-H15 -> 0 | K15: =+[4]김포!$G$12 -> 63800 | L15: =+[4]김포!$H$12 -> 62462.697 | M15: =+L15-K15 -> -1337.3031 | N15: =+[4]김포!$G$13 -> 47600 | O15: =+[4]김포!$H$13 -> 38757.43 | P15: =+O15-N15 -> -8842.5699 | Q15: =+[4]김포!$G$16 -> 14600 | R15: =+[4]김포!$H$16 -> 14693.816 | S15: =+R15-Q15 -> 93.81631 | T15: =+[4]김포!$G$17 -> 14148.064 | U15: =+[4]김포!$H$17 -> 14154.335 | V15: =+U15-T15 -> 6.2708363
D16: 부산 | E16: =+[4]부산!$G$9 -> 100000 | F16: =+[4]부산!$H$9 -> 100000 | G16: =+F16-E16 -> 0 | H16: =+[4]부산!$G$10 -> 92900 | I16: =+[4]부산!$H$10 -> 92152.053 | J16: =+I16-H16 -> -747.94701 | K16: =+[4]부산!$G$12 -> 0 | L16: =+[4]부산!$H$12 -> 0 | M16: =+L16-K16 -> 0 | N16: =+[4]부산!$G$13 -> 36500 | O16: =+[4]부산!$H$13 -> 34505.185 | P16: =+O16-N16 -> -1994.8148 | Q16: =+[4]부산!$G$16 -> 11711.807 | R16: =+[4]부산!$H$16 -> 9346.8021 | S16: =+R16-Q16 -> -2365.0046 | T16: =+[4]부산!$G$17 -> 18098.129 | U16: =+[4]부산!$H$17 -> 17665.963 | V16: =+U16-T16 -> -432.16597
D17: 서부산 | E17: =+[4]서부산!$G$9 -> 100000 | F17: =+[4]서부산!$H$9 -> 96357.86 | G17: =+F17-E17 -> -3642.1402 | H17: =+[4]서부산!$G$10 -> 92100 | I17: =+[4]서부산!$H$10 -> 92099.993 | J17: =+I17-H17 -> -0.006959864 | K17: =+[4]서부산!$G$12 -> 65000 | L17: =+[4]서부산!$H$12 -> 63877.046 | M17: =+L17-K17 -> -1122.9542 | N17: =+[4]서부산!$G$13 -> 35300 | O17: =+[4]서부산!$H$13 -> 33792.604 | P17: =+O17-N17 -> -1507.3956 | Q17: =+[4]서부산!$G$16 -> 11333.333 | R17: =+[4]서부산!$H$16 -> 11185.356 | S17: =+R17-Q17 -> -147.977 | T17: =+[4]서부산!$G$17 -> 17725.388 | U17: =+[4]서부산!$H$17 -> 17911.389 | V17: =+U17-T17 -> 186.00055
D18: 김해 | E18: =+[4]김해!$G$9 -> 100000 | F18: =+[4]김해!$H$9 -> 100000 | G18: =+F18-E18 -> 0 | H18: =+[4]김해!$G$10 -> 92100 | I18: =+[4]김해!$H$10 -> 92099.997 | J18: =+I18-H18 -> -0.0026969444 | K18: =+[4]김해!$G$12 -> 64000 | L18: =+[4]김해!$H$12 -> 63090.388 | M18: =+L18-K18 -> -909.61236 | N18: =+[4]김해!$G$13 -> 35000 | O18: =+[4]김해!$H$13 -> 33079.779 | P18: =+O18-N18 -> -1920.2211 | Q18: =+[4]김해!$G$16 -> 9066.6667 | R18: =+[4]김해!$H$16 -> 9113.0933 | S18: =+R18-Q18 -> 46.426593 | T18: =+[4]김해!$G$17 -> 15222.173 | U18: =+[4]김해!$H$17 -> 15524.567 | V18: =+U18-T18 -> 302.39465
D19: 정관 | E19: =+[4]정관!$G$9 -> 100000 | F19: =+[4]정관!$H$9 -> 100018.95 | G19: =+F19-E19 -> 18.94867 | H19: =+[4]정관!$G$10 -> 92100 | I19: =+[4]정관!$H$10 -> 92099.996 | J19: =+I19-H19 -> -0.0036774675 | K19: =+[4]정관!$G$12 -> 62000 | L19: =+[4]정관!$H$12 -> 62038.005 | M19: =+L19-K19 -> 38.005468 | N19: =+[4]정관!$G$13 -> 35500 | O19: =+[4]정관!$H$13 -> 35078.46 | P19: =+O19-N19 -> -421.53953 | Q19: =+[4]정관!$G$16 -> 11362.369 | R19: =+[4]정관!$H$16 -> 11230.035 | S19: =+R19-Q19 -> -132.33392 | T19: =+[4]정관!$G$17 -> 19360.055 | U19: =+[4]정관!$H$17 -> 18744.474 | V19: =+U19-T19 -> -615.58096
D20: 양산 | E20: =+[4]양산!$G$9 -> 100000 | F20: =+[4]양산!$H$9 -> 99915.735 | G20: =+F20-E20 -> -84.265256 | H20: =+[4]양산!$G$10 -> 0 | I20: =+[4]양산!$H$10 -> 0 | J20: =+I20-H20 -> 0 | K20: =+[4]양산!$G$12 -> 62200 | L20: =+[4]양산!$H$12 -> 62015.315 | M20: =+L20-K20 -> -184.68502 | N20: =+[4]양산!$G$13 -> 36000 | O20: =+[4]양산!$H$13 -> 34022.499 | P20: =+O20-N20 -> -1977.5006 | Q20: =+[4]양산!$G$16 -> 9600 | R20: =+[4]양산!$H$16 -> 9463.7068 | S20: =+R20-Q20 -> -136.2932 | T20: =+[4]양산!$G$17 -> 17917.707 | U20: =+[4]양산!$H$17 -> 16609.138 | V20: =+U20-T20 -> -1308.5694
D21: 창원 | E21: =+[4]창원!$G$9 -> 100000 | F21: =+[4]창원!$H$9 -> 100000 | G21: =+F21-E21 -> 0.00036656194 | H21: =+[4]창원!$G$10 -> 0 | I21: =+[4]창원!$H$10 -> 0 | J21: =+I21-H21 -> 0 | K21: =+[4]창원!$G$12 -> 64500 | L21: =+[4]창원!$H$12 -> 63336.236 | M21: =+L21-K21 -> -1163.7636 | N21: =+[4]창원!$G$13 -> 33000 | O21: =+[4]창원!$H$13 -> 31017.713 | P21: =+O21-N21 -> -1982.2866 | Q21: =+[4]창원!$G$16 -> 11000 | R21: =+[4]창원!$H$16 -> 11389.61 | S21: =+R21-Q21 -> 389.60987 | T21: =+[4]창원!$G$17 -> 17410.408 | U21: =+[4]창원!$H$17 -> 16846.607 | V21: =+U21-T21 -> -563.80102
D22: 대구 | E22: =+[4]대구!$G$9 -> 100000 | F22: =+[4]대구!$H$9 -> 100000 | G22: =+F22-E22 -> 0 | H22: =+[4]대구!$G$10 -> 0 | I22: =+[4]대구!$H$10 -> 0 | J22: =+I22-H22 -> 0 | K22: =+[4]대구!$G$12 -> 61400 | L22: =+[4]대구!$H$12 -> 60781.533 | M22: =+L22-K22 -> -618.46703 | N22: =+[4]대구!$G$13 -> 35300 | O22: =+[4]대구!$H$13 -> 34418.397 | P22: =+O22-N22 -> -881.60334 | Q22: =+[4]대구!$G$16 -> 11133.333 | R22: =+[4]대구!$H$16 -> 11133.254 | S22: =+R22-Q22 -> -0.079310209 | T22: =+[4]대구!$G$17 -> 14763.293 | U22: =+[4]대구!$H$17 -> 14822.824 | V22: =+U22-T22 -> 59.531166
D23: 울산 | E23: =+[4]울산!$G$9 -> 100000 | F23: =+[4]울산!$H$9 -> 100000 | G23: =+F23-E23 -> 0 | H23: =+[4]울산!$G$10 -> 0 | I23: =+[4]울산!$H$10 -> 0 | J23: =+I23-H23 -> 0 | K23: =+[4]울산!$G$12 -> 60200 | L23: =+[4]울산!$H$12 -> 60200.022 | M23: =+L23-K23 -> 0.021651263 | N23: =+[4]울산!$G$13 -> 37000 | O23: =+[4]울산!$H$13 -> 35001.074 | P23: =+O23-N23 -> -1998.9256 | Q23: =+[4]울산!$G$16 -> 11533.333 | R23: =+[4]울산!$H$16 -> 12429.566 | S23: =+R23-Q23 -> 896.23251 | T23: =+[4]울산!$G$17 -> 19459.844 | U23: =+[4]울산!$H$17 -> 19545.624 | V23: =+U23-T23 -> 85.779572
D24: 아산 | E24: =+[4]아산!$G$9 -> 100000 | F24: =+[4]아산!$H$9 -> 99923.406 | G24: =+F24-E24 -> -76.593906 | H24: =+[4]아산!$G$10 -> 0 | I24: =+[4]아산!$H$10 -> 0 | J24: =+I24-H24 -> 0 | K24: =+[4]아산!$G$12 -> 64300 | L24: =+[4]아산!$H$12 -> 63851.48 | M24: =+L24-K24 -> -448.52028 | N24: =+[4]아산!$G$13 -> 42900 | O24: =+[4]아산!$H$13 -> 38552.757 | P24: =+O24-N24 -> -4347.2434 | Q24: =+[4]아산!$G$16 -> 11400 | R24: =+[4]아산!$H$16 -> 11199.543 | S24: =+R24-Q24 -> -200.45738 | T24: =+[4]아산!$G$17 -> 13225.806 | U24: =+[4]아산!$H$17 -> 13006.316 | V24: =+U24-T24 -> -219.49062
D25: 전주 | E25: =+[4]전주!$G$9 -> 100000 | F25: =+[4]전주!$H$9 -> 99994.272 | G25: =+F25-E25 -> -5.7279462 | H25: =+[4]전주!$G$10 -> 0 | I25: =+[4]전주!$H$10 -> 97488.887 | J25: =+I25-H25 -> 97488.887 | K25: =+[4]전주!$G$12 -> 65000 | L25: =+[4]전주!$H$12 -> 64144.28 | M25: =+L25-K25 -> -855.7198 | N25: =+[4]전주!$G$13 -> 36000 | O25: =+[4]전주!$H$13 -> 34037.622 | P25: =+O25-N25 -> -1962.3784 | Q25: =+[4]전주!$G$16 -> 13333.333 | R25: =+[4]전주!$H$16 -> 14130.812 | S25: =+R25-Q25 -> 797.47849 | T25: =+[4]전주!$G$17 -> 15310.302 | U25: =+[4]전주!$H$17 -> 15486.362 | V25: =+U25-T25 -> 176.05969
D26: 군산 | E26: =+[4]군산!$G$9 -> 100000 | F26: =+[4]군산!$H$9 -> 100000 | G26: =+F26-E26 -> 0 | H26: =+[4]군산!$G$10 -> 94200 | I26: =+[4]군산!$H$10 -> 0 | J26: =+I26-H26 -> -94200 | K26: =+[4]군산!$G$12 -> 64900 | L26: =+[4]군산!$H$12 -> 63579.565 | M26: =+L26-K26 -> -1320.435 | N26: =+[4]군산!$G$13 -> 39300 | O26: =+[4]군산!$H$13 -> 36226.619 | P26: =+O26-N26 -> -3073.3811 | Q26: =+[4]군산!$G$16 -> 14200 | R26: =+[4]군산!$H$16 -> 14602.971 | S26: =+R26-Q26 -> 402.97094 | T26: =+[4]군산!$G$17 -> 15212.903 | U26: =+[4]군산!$H$17 -> 15324.584 | V26: =+U26-T26 -> 111.68061
D27: 원주 | E27: =+[4]원주!$G$9 -> 100000 | F27: =+[4]원주!$H$9 -> 100000 | G27: =+F27-E27 -> 0 | H27: =+[4]원주!$G$10 -> 0 | I27: =+[4]원주!$H$10 -> 0 | J27: =+I27-H27 -> 0 | K27: =+[4]원주!$G$12 -> 64000 | L27: =+[4]원주!$H$12 -> 63061.707 | M27: =+L27-K27 -> -938.29262 | N27: =+[4]원주!$G$13 -> 49000 | O27: =+[4]원주!$H$13 -> 46431.926 | P27: =+O27-N27 -> -2568.0743 | Q27: =+[4]원주!$G$16 -> 13666.667 | R27: =+[4]원주!$H$16 -> 13542.809 | S27: =+R27-Q27 -> -123.85809 | T27: =+[4]원주!$G$17 -> 13806.452 | U27: =+[4]원주!$H$17 -> 13463.152 | V27: =+U27-T27 -> -343.29945
D28: 제주 | E28: =+[4]제주!$G$9 -> 117000 | F28: =+[4]제주!$H$9 -> 117000 | G28: =+F28-E28 -> 0.00058980842 | H28: =+[4]제주!$G$10 -> 0 | I28: =+[4]제주!$H$10 -> 117000 | J28: =+I28-H28 -> 117000 | K28: =+[4]제주!$G$12 -> 0 | L28: =+[4]제주!$H$12 -> 0 | M28: =+L28-K28 -> 0 | N28: =+[4]제주!$G$13 -> 0 | O28: =+[4]제주!$H$13 -> 0 | P28: =+O28-N28 -> 0 | Q28: =+[4]제주!$G$16 -> 17666.667 | R28: =+[4]제주!$H$16 -> 18105.194 | S28: =+R28-Q28 -> 438.52686 | T28: =+[4]제주!$G$17 -> 17535.713 | U28: =+[4]제주!$H$17 -> 18070.372 | V28: =+U28-T28 -> 534.65903

Sheet 원단위
D4: □ 레미콘 원재료 원단위(2025-03)
V5: [단위 : kg/㎥]
A6: 2024년 12월 마감 손익 | D6: 구분 | E6: OPC | H6: 분체류 | K6: 분체류 치환률 | N6: 자갈 | Q6: 모래 | T6: 혼화제
E7: 계획 | F7: 실적 | G7: 차이 | H7: 계획 | I7: 실적 | J7: 차이 | K7: 계획 | L7: 실적 | M7: 차이 | N7: 계획 | O7: 실적 | P7: 차이 | Q7: 계획 | R7: 실적 | S7: 차이 | T7: 계획 | U7: 실적 | V7: 차이
D8: 평균 | E8: =+[4]합계!$E$9 -> 274.74445 | F8: =+[4]합계!$F$9 -> 264.62344 | G8: =+F8-E8 -> -10.12101 | H8: =+[4]합계!$E$15 -> 364.8522 | I8: =+[4]합계!$F$15 -> 368.14543 | J8: =+I8-H8 -> 3.2932264 | K8: =+([4]합계!$E$10*0.4+[4]합계!$E$11+[4]합계!$E$12+[4]합계!$E$13+[4]합계!$E$14)/[4]합계!$E$15 -> 0.19793755 | L8: =+([4]합계!$F$10*0.4+[4]합계!$F$11+[4]합계!$F$12+[4]합계!$F$13+[4]합계!$F$14)/[4]합계!$F$15 -> 0.21180481 | M8: =+L8-K8 -> 0.013867264 | N8: =+[4]합계!$E$16 -> 823.73894 | O8: =+[4]합계!$F$16 -> 809.0124 | P8: =+O8-N8 -> -14.726541 | Q8: =+[4]합계!$E$17 -> 900.20772 | R8: =+[4]합계!$F$17 -> 901.36402 | S8: =+R8-Q8 -> 1.1562997 | T8: =+[4]합계!$E$19 -> 3.0886353 | U8: =+[4]합계!$F$19 -> 3.0380124 | V8: =+U8-T8 -> -0.050622923
D9: 수도권 | E9: =+[4]수도권!$E$9 -> 303.52351 | F9: =+[4]수도권!$F$9 -> 282.83143 | G9: =+F9-E9 -> -20.69208 | H9: =+[4]수도권!$E$15 -> 370.13535 | I9: =+[4]수도권!$F$15 -> 367.15871 | J9: =+I9-H9 -> -2.9766332 | K9: =+([4]수도권!$E$10*0.4+[4]수도권!$E$11+[4]수도권!$E$12+[4]수도권!$E$13+[4]수도권!$E$14)/[4]수도권!$E$15 -> 0.17069739 | L9: =+([4]수도권!$F$10*0.4+[4]수도권!$F$11+[4]수도권!$F$12+[4]수도권!$F$13+[4]수도권!$F$14)/[4]수도권!$F$15 -> 0.18809386 | M9: =+L9-K9 -> 0.017396464 | N9: =+[4]수도권!$E$16 -> 862.90232 | O9: =+[4]수도권!$F$16 -> 832.56941 | P9: =+O9-N9 -> -30.332909 | Q9: =+[4]수도권!$E$17 -> 871.56111 | R9: =+[4]수도권!$F$17 -> 880.79942 | S9: =+R9-Q9 -> 9.2383099 | T9: =+[4]수도권!$E$19 -> 3.1881188 | U9: =+[4]수도권!$F$19 -> 3.0287295 | V9: =+U9-T9 -> -0.15938929
D10: 영남권 | E10: =+[4]영남권!$E$9 -> 235.37145 | F10: =+[4]영남권!$F$9 -> 223.18041 | G10: =+F10-E10 -> -12.191037 | H10: =+[4]영남권!$E$15 -> 361.14798 | I10: =+[4]영남권!$F$15 -> 363.23828 | J10: =+I10-H10 -> 2.0903041 | K10: =+([4]영남권!$E$10*0.4+[4]영남권!$E$11+[4]영남권!$E$12+[4]영남권!$E$13+[4]영남권!$E$14)/[4]영남권!$E$15 -> 0.24542084 | L10: =+([4]영남권!$F$10*0.4+[4]영남권!$F$11+[4]영남권!$F$12+[4]영남권!$F$13+[4]영남권!$F$14)/[4]영남권!$F$15 -> 0.26437171 | M10: =+L10-K10 -> 0.018950869 | N10: =+[4]영남권!$E$16 -> 795.8262 | O10: =+[4]영남권!$F$16 -> 816.48492 | P10: =+O10-N10 -> 20.658719 | Q10: =+[4]영남권!$E$17 -> 914.96593 | R10: =+[4]영남권!$F$17 -> 883.79014 | S10: =+R10-Q10 -> -31.175797 | T10: =+[4]영남권!$E$19 -> 3.1747754 | U10: =+[4]영남권!$F$19 -> 3.1250006 | V10: =+U10-T10 -> -0.049774769
D11: 기타권 | E11: =+[4]중부권!$E$9 -> 310.42913 | F11: =+[4]중부권!$F$9 -> 323.47374 | G11: =+F11-E11 -> 13.04461 | H11: =+[4]중부권!$E$15 -> 363.15825 | I11: =+[4]중부권!$F$15 -> 380.41673 | J11: =+I11-H11 -> 17.258479 | K11: =+([4]중부권!$E$10*0.4+[4]중부권!$E$11+[4]중부권!$E$12+[4]중부권!$E$13+[4]중부권!$E$14)/[4]중부권!$E$15 -> 0.14189968 | L11: =+([4]중부권!$F$10*0.4+[4]중부권!$F$11+[4]중부권!$F$12+[4]중부권!$F$13+[4]중부권!$F$14)/[4]중부권!$F$15 -> 0.14193344 | M11: =+L11-K11 -> 3.376745e-05 | N11: =+[4]중부권!$E$16 -> 812.2435 | O11: =+[4]중부권!$F$16 -> 753.11071 | P11: =+O11-N11 -> -59.132781 | Q11: =+[4]중부권!$E$17 -> 921.85709 | R11: =+[4]중부권!$F$17 -> 974.04931 | S11: =+R11-Q11 -> 52.192225 | T11: =+[4]중부권!$E$19 -> 2.6919806 | U11: =+[4]중부권!$F$19 -> 2.8656602 | V11: =+U11-T11 -> 0.17367966
D12: 안양 | E12: =+[4]안양!$E$9 -> 320 | F12: =+[4]안양!$F$9 -> 295.70207 | G12: =+F12-E12 -> -24.297935 | H12: =+[4]안양!$E$15 -> 372 | I12: =+[4]안양!$F$15 -> 357.00279 | J12: =+I12-H12 -> -14.997207 | K12: =+([4]안양!$E$10*0.4+[4]안양!$E$11+[4]안양!$E$12+[4]안양!$E$13+[4]안양!$E$14)/[4]안양!$E$15 -> 0.13978495 | L12: =+([4]안양!$F$10*0.4+[4]안양!$F$11+[4]안양!$F$12+[4]안양!$F$13+[4]안양!$F$14)/[4]안양!$F$15 -> 0.17035571 | M12: =+L12-K12 -> 0.03057076 | N12: =+[4]안양!$E$16 -> 848 | O12: =+[4]안양!$F$16 -> 854.32017 | P12: =+O12-N12 -> 6.3201743 | Q12: =+[4]안양!$E$17 -> 873 | R12: =+[4]안양!$F$17 -> 876.3479 | S12: =+R12-Q12 -> 3.3479007 | T12: =+[4]안양!$E$19 -> 3.38 | U12: =+[4]안양!$F$19 -> 2.9959242 | V12: =+U12-T12 -> -0.38407579
D13: 인천 | E13: =+[4]인천!$E$9 -> 308 | F13: =+[4]인천!$F$9 -> 283.66362 | G13: =+F13-E13 -> -24.336375 | H13: =+[4]인천!$E$15 -> 385 | I13: =+[4]인천!$F$15 -> 386.32388 | J13: =+I13-H13 -> 1.3238783 | K13: =+([4]인천!$E$10*0.4+[4]인천!$E$11+[4]인천!$E$12+[4]인천!$E$13+[4]인천!$E$14)/[4]인천!$E$15 -> 0.17 | L13: =+([4]인천!$F$10*0.4+[4]인천!$F$11+[4]인천!$F$12+[4]인천!$F$13+[4]인천!$F$14)/[4]인천!$F$15 -> 0.17447692 | M13: =+L13-K13 -> 0.0044769201 | N13: =+[4]인천!$E$16 -> 904.67982 | O13: =+[4]인천!$F$16 -> 856.55549 | P13: =+O13-N13 -> -48.124324 | Q13: =+[4]인천!$E$17 -> 835.08906 | R13: =+[4]인천!$F$17 -> 850.67655 | S13: =+R13-Q13 -> 15.587483 | T13: =+[4]인천!$E$19 -> 3.33 | U13: =+[4]인천!$F$19 -> 3.189203 | V13: =+U13-T13 -> -0.14079705
D14: 파주 | E14: =+[4]파주!$E$9 -> 293.38194 | F14: =+[4]파주!$F$9 -> 267.96833 | G14: =+F14-E14 -> -25.413611 | H14: =+[4]파주!$E$15 -> 366.53722 | I14: =+[4]파주!$F$15 -> 363.36822 | J14: =+I14-H14 -> -3.1690066 | K14: =+([4]파주!$E$10*0.4+[4]파주!$E$11+[4]파주!$E$12+[4]파주!$E$13+[4]파주!$E$14)/[4]파주!$E$15 -> 0.19958485 | L14: =+([4]파주!$F$10*0.4+[4]파주!$F$11+[4]파주!$F$12+[4]파주!$F$13+[4]파주!$F$14)/[4]파주!$F$15 -> 0.19832487 | M14: =+L14-K14 -> -0.0012599837 | N14: =+[4]파주!$E$16 -> 864.65222 | O14: =+[4]파주!$F$16 -> 794.60928 | P14: =+O14-N14 -> -70.04294 | Q14: =+[4]파주!$E$17 -> 859.77778 | R14: =+[4]파주!$F$17 -> 905.77035 | S14: =+R14-Q14 -> 45.99257 | T14: =+[4]파주!$E$19 -> 2.87 | U14: =+[4]파주!$F$19 -> 2.9223077 | V14: =+U14-T14 -> 0.052307749
D15: 김포 | E15: =+[4]김포!$E$9 -> 265 | F15: =+[4]김포!$F$9 -> 252.37276 | G15: =+F15-E15 -> -12.627236 | H15: =+[4]김포!$E$15 -> 340 | I15: =+[4]김포!$F$15 -> 350.12577 | J15: =+I15-H15 -> 10.125769 | K15: =+([4]김포!$E$10*0.4+[4]김포!$E$11+[4]김포!$E$12+[4]김포!$E$13+[4]김포!$E$14)/[4]김포!$E$15 -> 0.22058824 | L15: =+([4]김포!$F$10*0.4+[4]김포!$F$11+[4]김포!$F$12+[4]김포!$F$13+[4]김포!$F$14)/[4]김포!$F$15 -> 0.27919397 | M15: =+L15-K15 -> 0.058605739 | N15: =+[4]김포!$E$16 -> 815 | O15: =+[4]김포!$F$16 -> 729.82799 | P15: =+O15-N15 -> -85.172013 | Q15: =+[4]김포!$E$17 -> 955 | R15: =+[4]김포!$F$17 -> 956.41997 | S15: =+R15-Q15 -> 1.4199708 | T15: =+[4]김포!$E$19 -> 2.8 | U15: =+[4]김포!$F$19 -> 2.78528 | V15: =+U15-T15 -> -0.014720048
D16: 부산 | E16: =+[4]부산!$E$9 -> 221.40699 | F16: =+[4]부산!$F$9 -> 160.17744 | G16: =+F16-E16 -> -61.229553 | H16: =+[4]부산!$E$15 -> 381.73619 | I16: =+[4]부산!$F$15 -> 388.50833 | J16: =+I16-H16 -> 6.7721426 | K16: =+([4]부산!$E$10*0.4+[4]부산!$E$11+[4]부산!$E$12+[4]부산!$E$13+[4]부산!$E$14)/[4]부산!$E$15 -> 0.204 | L16: =+([4]부산!$F$10*0.4+[4]부산!$F$11+[4]부산!$F$12+[4]부산!$F$13+[4]부산!$F$14)/[4]부산!$F$15 -> 0.28908871 | M16: =+L16-K16 -> 0.08508871 | N16: =+[4]부산!$E$16 -> 820 | O16: =+[4]부산!$F$16 -> 921.63073 | P16: =+O16-N16 -> 101.63073 | Q16: =+[4]부산!$E$17 -> 900.03714 | R16: =+[4]부산!$F$17 -> 800.34451 | S16: =+R16-Q16 -> -99.692635 | T16: =+[4]부산!$E$19 -> 3.2477522 | U16: =+[4]부산!$F$19 -> 3.2539025 | V16: =+U16-T16 -> 0.0061502634
D17: 서부산 | E17: =+[4]서부산!$E$9 -> 251 | F17: =+[4]서부산!$F$9 -> 224.96869 | G17: =+F17-E17 -> -26.031313 | H17: =+[4]서부산!$E$15 -> 364 | I17: =+[4]서부산!$F$15 -> 349.37158 | J17: =+I17-H17 -> -14.628422 | K17: =+([4]서부산!$E$10*0.4+[4]서부산!$E$11+[4]서부산!$E$12+[4]서부산!$E$13+[4]서부산!$E$14)/[4]서부산!$E$15 -> 0.21153846 | L17: =+([4]서부산!$F$10*0.4+[4]서부산!$F$11+[4]서부산!$F$12+[4]서부산!$F$13+[4]서부산!$F$14)/[4]서부산!$F$15 -> 0.25752476 | M17: =+L17-K17 -> 0.0459863 | N17: =+[4]서부산!$E$16 -> 820 | O17: =+[4]서부산!$F$16 -> 869.80203 | P17: =+O17-N17 -> 49.802032 | Q17: =+[4]서부산!$E$17 -> 912.33 | R17: =+[4]서부산!$F$17 -> 883.78952 | S17: =+R17-Q17 -> -28.540485 | T17: =+[4]서부산!$E$19 -> 3.2 | U17: =+[4]서부산!$F$19 -> 3.4566639 | V17: =+U17-T17 -> 0.25666387
D18: 김해 | E18: =+[4]김해!$E$9 -> 159.8 | F18: =+[4]김해!$F$9 -> 167.90743 | G18: =+F18-E18 -> 8.1074317 | H18: =+[4]김해!$E$15 -> 340 | I18: =+[4]김해!$F$15 -> 354.93814 | J18: =+I18-H18 -> 14.938136 | K18: =+([4]김해!$E$10*0.4+[4]김해!$E$11+[4]김해!$E$12+[4]김해!$E$13+[4]김해!$E$14)/[4]김해!$E$15 -> 0.26 | L18: =+([4]김해!$F$10*0.4+[4]김해!$F$11+[4]김해!$F$12+[4]김해!$F$13+[4]김해!$F$14)/[4]김해!$F$15 -> 0.27509199 | M18: =+L18-K18 -> 0.015091985 | N18: =+[4]김해!$E$16 -> 770 | O18: =+[4]김해!$F$16 -> 829.79749 | P18: =+O18-N18 -> 59.797493 | Q18: =+[4]김해!$E$17 -> 950 | R18: =+[4]김해!$F$17 -> 846.58309 | S18: =+R18-Q18 -> -103.41691 | T18: =+[4]김해!$E$19 -> 3.3 | U18: =+[4]김해!$F$19 -> 3.2354468 | V18: =+U18-T18 -> -0.064553198
D19: 정관 | E19: =+[4]정관!$E$9 -> 240.49796 | F19: =+[4]정관!$F$9 -> 236.35749 | G19: =+F19-E19 -> -4.1404736 | H19: =+[4]정관!$E$15 -> 364.39085 | I19: =+[4]정관!$F$15 -> 376.78891 | J19: =+I19-H19 -> 12.398067 | K19: =+([4]정관!$E$10*0.4+[4]정관!$E$11+[4]정관!$E$12+[4]정관!$E$13+[4]정관!$E$14)/[4]정관!$E$15 -> 0.226 | L19: =+([4]정관!$F$10*0.4+[4]정관!$F$11+[4]정관!$F$12+[4]정관!$F$13+[4]정관!$F$14)/[4]정관!$F$15 -> 0.27763535 | M19: =+L19-K19 -> 0.051635354 | N19: =+[4]정관!$E$16 -> 787.6159 | O19: =+[4]정관!$F$16 -> 794.63853 | P19: =+O19-N19 -> 7.0226329 | Q19: =+[4]정관!$E$17 -> 916.48294 | R19: =+[4]정관!$F$17 -> 919.13631 | S19: =+R19-Q19 -> 2.653377 | T19: =+[4]정관!$E$19 -> 3.0973222 | U19: =+[4]정관!$F$19 -> 3.4217687 | V19: =+U19-T19 -> 0.32444653
D20: 양산 | E20: =+[4]양산!$E$9 -> 266.5367 | F20: =+[4]양산!$F$9 -> 260.04956 | G20: =+F20-E20 -> -6.4871353 | H20: =+[4]양산!$E$15 -> 357.71407 | I20: =+[4]양산!$F$15 -> 349.12111 | J20: =+I20-H20 -> -8.5929609 | K20: =+([4]양산!$E$10*0.4+[4]양산!$E$11+[4]양산!$E$12+[4]양산!$E$13+[4]양산!$E$14)/[4]양산!$E$15 -> 0.25488897 | L20: =+([4]양산!$F$10*0.4+[4]양산!$F$11+[4]양산!$F$12+[4]양산!$F$13+[4]양산!$F$14)/[4]양산!$F$15 -> 0.25513079 | M20: =+L20-K20 -> 0.00024182252 | N20: =+[4]양산!$E$16 -> 772.6 | O20: =+[4]양산!$F$16 -> 746.75221 | P20: =+O20-N20 -> -25.847792 | Q20: =+[4]양산!$E$17 -> 879.72198 | R20: =+[4]양산!$F$17 -> 854.85143 | S20: =+R20-Q20 -> -24.87055 | T20: =+[4]양산!$E$19 -> 3.0635173 | U20: =+[4]양산!$F$19 -> 2.726506 | V20: =+U20-T20 -> -0.33701133
D21: 창원 | E21: =+[4]창원!$E$9 -> 255.7 | F21: =+[4]창원!$F$9 -> 251.08625 | G21: =+F21-E21 -> -4.6137533 | H21: =+[4]창원!$E$15 -> 356.5 | I21: =+[4]창원!$F$15 -> 341.20205 | J21: =+I21-H21 -> -15.297946 | K21: =+([4]창원!$E$10*0.4+[4]창원!$E$11+[4]창원!$E$12+[4]창원!$E$13+[4]창원!$E$14)/[4]창원!$E$15 -> 0.28274895 | L21: =+([4]창원!$F$10*0.4+[4]창원!$F$11+[4]창원!$F$12+[4]창원!$F$13+[4]창원!$F$14)/[4]창원!$F$15 -> 0.26411273 | M21: =+L21-K21 -> -0.018636213 | N21: =+[4]창원!$E$16 -> 840.6 | O21: =+[4]창원!$F$16 -> 805.27059 | P21: =+O21-N21 -> -35.329406 | Q21: =+[4]창원!$E$17 -> 887.9 | R21: =+[4]창원!$F$17 -> 922.20663 | S21: =+R21-Q21 -> 34.306627 | T21: =+[4]창원!$E$19 -> 3.08 | U21: =+[4]창원!$F$19 -> 2.4939669 | V21: =+U21-T21 -> -0.58603313
D22: 대구 | E22: =+[4]대구!$E$9 -> 241.5 | F22: =+[4]대구!$F$9 -> 272.08973 | G22: =+F22-E22 -> 30.589734 | H22: =+[4]대구!$E$15 -> 345 | I22: =+[4]대구!$F$15 -> 338.54818 | J22: =+I22-H22 -> -6.4518159 | K22: =+([4]대구!$E$10*0.4+[4]대구!$E$11+[4]대구!$E$12+[4]대구!$E$13+[4]대구!$E$14)/[4]대구!$E$15 -> 0.3 | L22: =+([4]대구!$F$10*0.4+[4]대구!$F$11+[4]대구!$F$12+[4]대구!$F$13+[4]대구!$F$14)/[4]대구!$F$15 -> 0.19630426 | M22: =+L22-K22 -> -0.10369574 | N22: =+[4]대구!$E$16 -> 734.13913 | O22: =+[4]대구!$F$16 -> 643.749 | P22: =+O22-N22 -> -90.390132 | Q22: =+[4]대구!$E$17 -> 973.16117 | R22: =+[4]대구!$F$17 -> 1042.9961 | S22: =+R22-Q22 -> 69.834908 | T22: =+[4]대구!$E$19 -> 3.105 | U22: =+[4]대구!$F$19 -> 2.8885147 | V22: =+U22-T22 -> -0.21648534
D23: 울산 | E23: =+[4]울산!$E$9 -> 253.5 | F23: =+[4]울산!$F$9 -> 279.61491 | G23: =+F23-E23 -> 26.114913 | H23: =+[4]울산!$E$15 -> 362.1 | I23: =+[4]울산!$F$15 -> 375.81334 | J23: =+I23-H23 -> 13.713345 | K23: =+([4]울산!$E$10*0.4+[4]울산!$E$11+[4]울산!$E$12+[4]울산!$E$13+[4]울산!$E$14)/[4]울산!$E$15 -> 0.29991715 | L23: =+([4]울산!$F$10*0.4+[4]울산!$F$11+[4]울산!$F$12+[4]울산!$F$13+[4]울산!$F$14)/[4]울산!$F$15 -> 0.25597397 | M23: =+L23-K23 -> -0.043943184 | N23: =+[4]울산!$E$16 -> 799.4 | O23: =+[4]울산!$F$16 -> 773.78468 | P23: =+O23-N23 -> -25.615321 | Q23: =+[4]울산!$E$17 -> 901.5 | R23: =+[4]울산!$F$17 -> 868.72505 | S23: =+R23-Q23 -> -32.774948 | T23: =+[4]울산!$E$19 -> 3.26 | U23: =+[4]울산!$F$19 -> 2.8513292 | V23: =+U23-T23 -> -0.40867081
D24: 아산 | E24: =+[4]아산!$E$9 -> 328.46087 | F24: =+[4]아산!$F$9 -> 368.40249 | G24: =+F24-E24 -> 39.941619 | H24: =+[4]아산!$E$15 -> 386.53478 | I24: =+[4]아산!$F$15 -> 417.40744 | J24: =+I24-H24 -> 30.872654 | K24: =+([4]아산!$E$10*0.4+[4]아산!$E$11+[4]아산!$E$12+[4]아산!$E$13+[4]아산!$E$14)/[4]아산!$E$15 -> 0.1502424 | L24: =+([4]아산!$F$10*0.4+[4]아산!$F$11+[4]아산!$F$12+[4]아산!$F$13+[4]아산!$F$14)/[4]아산!$F$15 -> 0.11740315 | M24: =+L24-K24 -> -0.03283925 | N24: =+[4]아산!$E$16 -> 872 | O24: =+[4]아산!$F$16 -> 733.82352 | P24: =+O24-N24 -> -138.17648 | Q24: =+[4]아산!$E$17 -> 873 | R24: =+[4]아산!$F$17 -> 1014.6167 | S24: =+R24-Q24 -> 141.61673 | T24: =+[4]아산!$E$19 -> 2.8 | U24: =+[4]아산!$F$19 -> 3.3214693 | V24: =+U24-T24 -> 0.52146928
D25: 전주 | E25: =+[4]전주!$E$9 -> 275.78 | F25: =+[4]전주!$F$9 -> 278.34555 | G25: =+F25-E25 -> 2.5655502 | H25: =+[4]전주!$E$15 -> 333.32 | I25: =+[4]전주!$F$15 -> 358.21144 | J25: =+I25-H25 -> 24.891442 | K25: =+([4]전주!$E$10*0.4+[4]전주!$E$11+[4]전주!$E$12+[4]전주!$E$13+[4]전주!$E$14)/[4]전주!$E$15 -> 0.17262691 | L25: =+([4]전주!$F$10*0.4+[4]전주!$F$11+[4]전주!$F$12+[4]전주!$F$13+[4]전주!$F$14)/[4]전주!$F$15 -> 0.20137906 | M25: =+L25-K25 -> 0.028752157 | N25: =+[4]전주!$E$16 -> 740.82 | O25: =+[4]전주!$F$16 -> 742.91469 | P25: =+O25-N25 -> 2.0946926 | Q25: =+[4]전주!$E$17 -> 992.3 | R25: =+[4]전주!$F$17 -> 969.40288 | S25: =+R25-Q25 -> -22.897124 | T25: =+[4]전주!$E$19 -> 2.25 | U25: =+[4]전주!$F$19 -> 2.2349976 | V25: =+U25-T25 -> -0.015002383
D26: 군산 | E26: =+[4]군산!$E$9 -> 258.2 | F26: =+[4]군산!$F$9 -> 291.42989 | G26: =+F26-E26 -> 33.229887 | H26: =+[4]군산!$E$15 -> 350.1 | I26: =+[4]군산!$F$15 -> 361.40139 | J26: =+I26-H26 -> 11.30139 | K26: =+([4]군산!$E$10*0.4+[4]군산!$E$11+[4]군산!$E$12+[4]군산!$E$13+[4]군산!$E$14)/[4]군산!$E$15 -> 0.23901742 | L26: =+([4]군산!$F$10*0.4+[4]군산!$F$11+[4]군산!$F$12+[4]군산!$F$13+[4]군산!$F$14)/[4]군산!$F$15 -> 0.19361161 | M26: =+L26-K26 -> -0.045405818 | N26: =+[4]군산!$E$16 -> 810 | O26: =+[4]군산!$F$16 -> 858.52414 | P26: =+O26-N26 -> 48.524138 | Q26: =+[4]군산!$E$17 -> 905 | R26: =+[4]군산!$F$17 -> 805.4446 | S26: =+R26-Q26 -> -99.555402 | T26: =+[4]군산!$E$19 -> 2.83 | U26: =+[4]군산!$F$19 -> 2.9691402 | V26: =+U26-T26 -> 0.13914023
D27: 원주 | E27: =+[4]원주!$E$9 -> 320.3 | F27: =+[4]원주!$F$9 -> 278.90401 | G27: =+F27-E27 -> -41.395994 | H27: =+[4]원주!$E$15 -> 349.1 | I27: =+[4]원주!$F$15 -> 338.29066 | J27: =+I27-H27 -> -10.809344 | K27: =+([4]원주!$E$10*0.4+[4]원주!$E$11+[4]원주!$E$12+[4]원주!$E$13+[4]원주!$E$14)/[4]원주!$E$15 -> 0.082497852 | L27: =+([4]원주!$F$10*0.4+[4]원주!$F$11+[4]원주!$F$12+[4]원주!$F$13+[4]원주!$F$14)/[4]원주!$F$15 -> 0.17554919 | M27: =+L27-K27 -> 0.093051334 | N27: =+[4]원주!$E$16 -> 837.86 | O27: =+[4]원주!$F$16 -> 829.79704 | P27: =+O27-N27 -> -8.0629633 | Q27: =+[4]원주!$E$17 -> 921.01 | R27: =+[4]원주!$F$17 -> 919.99797 | S27: =+R27-Q27 -> -1.0120296 | T27: =+[4]원주!$E$19 -> 2.938 | U27: =+[4]원주!$F$19 -> 2.8941953 | V27: =+U27-T27 -> -0.043804749
D28: 제주 | E28: =+[4]제주!$E$9 -> 351 | F28: =+[4]제주!$F$9 -> 330.69851 | G28: =+F28-E28 -> -20.301494 | H28: =+[4]제주!$E$15 -> 351 | I28: =+[4]제주!$F$15 -> 337.46737 | J28: =+I28-H28 -> -13.532635 | K28: =+([4]제주!$E$10*0.4+[4]제주!$E$11+[4]제주!$E$12+[4]제주!$E$13+[4]제주!$E$14)/[4]제주!$E$15 -> 0 | L28: =+([4]제주!$F$10*0.4+[4]제주!$F$11+[4]제주!$F$12+[4]제주!$F$13+[4]제주!$F$14)/[4]제주!$F$15 -> 0.0080231271 | M28: =+L28-K28 -> 0.0080231271 | N28: =+[4]제주!$E$16 -> 705.7 | O28: =+[4]제주!$F$16 -> 731.2053 | P28: =+O28-N28 -> 25.505301 | Q28: =+[4]제주!$E$17 -> 1000.3 | R28: =+[4]제주!$F$17 -> 1005.5122 | S28: =+R28-Q28 -> 5.2122114 | T28: =+[4]제주!$E$19 -> 2.68 | U28: =+[4]제주!$F$19 -> 2.8669317 | V28: =+U28-T28 -> 0.18693173

Sheet 건자재
D6: □ 건자재 손익실적(2025-03)
O7: [단위 : 톤, 천원]
D8: 구분 | F8: 3월 | K8: 3월누계
F9: 계획 | G9: 실적 | H9: 계획대비 | I9: 전년 | J9: 전년대비 | K9: 계획 | L9: 실적 | M9: 계획대비 | N9: 전년 | O9: 전년대비
D10: 판매량 | E10: 철강재 | F10: =+IFERROR(HLOOKUP($F$8,[11]손익!$G$5:$AI$63,2,),) -> 10200 | G10: =+'[6]3월'!$G$8 -> 15762.77 | H10: =+G10-F10 -> 5562.77 | I10: =+IFERROR(HLOOKUP($F$8,[12]월별!$E$2:$T$53,2,),) -> 8665.068 | J10: =+G10-I10 -> 7097.702 | K10: =+F10+[13]건자재!K10 -> 30200 | L10: =+G10+[13]건자재!L10 -> 34222.795 | M10: =+L10-K10 -> 4022.795 | N10: =+I10+[13]건자재!N10 -> 21735.563 | O10: =+L10-N10 -> 12487.232
D11: 판매단가 | E11: 철강재 | F11: =+F12/F10*1000 -> 872058.82 | G11: =+G12/G10*1000 -> 736140.84 | H11: =+G11-F11 -> -135917.98 | I11: =+I12/I10*1000 -> 873530.52 | J11: =+G11-I11 -> -137389.68 | K11: =+K12/K10*1000 -> 872350.99 | L11: =+L12/L10*1000 -> 743744.95 | M11: =+L11-K11 -> -128606.04 | N11: =+N12/N10*1000 -> 891335.49 | O11: =+L11-N11 -> -147590.54
D12: 매출액 | E12: 철강재 | F12: =+IFERROR(HLOOKUP($F$8,[11]손익!$G$5:$AI$63,22,),) -> 8895000 | G12: =+'[6]3월'!$G$9 -> 11603619 | H12: =+G12-F12 -> 2708618.7 | I12: =+IFERROR(HLOOKUP($F$8,[12]월별!$E$2:$T$53,5,),) -> 7569201.4 | J12: =+G12-I12 -> 4034417.4 | K12: =+F12+[13]건자재!K12 -> 26345000 | L12: =+G12+[13]건자재!L12 -> 25453031 | M12: =+L12-K12 -> -891968.95 | N12: =+I12+[13]건자재!N12 -> 19373679 | O12: =+L12-N12 -> 6079352.3
E13: 기타 | F13: =+IFERROR(HLOOKUP($F$8,[11]손익!$G$5:$AI$63,23,),) -> 2270945.5 | G13: =+'[6]3월'!$J$9 -> 931609.94 | H13: =+G13-F13 -> -1339335.6 | I13: =+IFERROR(HLOOKUP($F$8,[12]월별!$E$2:$T$53,6,),) -> 1190716.4 | J13: =+G13-I13 -> -259106.46 | K13: =+F13+[13]건자재!K13 -> 6718213.9 | L13: =+G13+[13]건자재!L13 -> 2839312.4 | M13: =+L13-K13 -> -3878901.5 | N13: =+I13+[13]건자재!N13 -> 3559854.2 | O13: =+L13-N13 -> -720541.78
E14: (소계) | F14: =SUM(F12:F13) -> 11165946 | G14: =SUM(G12:G13) -> 12535229 | H14: =+G14-F14 -> 1369283.1 | I14: =SUM(I12:I13) -> 8759917.8 | J14: =+G14-I14 -> 3775310.9 | K14: =SUM(K12:K13) -> 33063214 | L14: =SUM(L12:L13) -> 28292343 | M14: =+L14-K14 -> -4770870.4 | N14: =SUM(N12:N13) -> 22933533 | O14: =+L14-N14 -> 5358810.6
D15: 매출원가 | E15: 철강재 | F15: =+IFERROR(HLOOKUP($F$8,[11]손익!$G$5:$AI$63,25,),) -> 8681992.5 | G15: =+'[6]3월'!$G$11 -> 11586393 | H15: =+G15-F15 -> 2904400.8 | I15: =+IFERROR(HLOOKUP($F$8,[12]월별!$E$2:$T$53,8,),) -> 7426923.1 | J15: =+G15-I15 -> 4159470.2 | K15: =+F15+[13]건자재!K15 -> 25713628 | L15: =+G15+[13]건자재!L15 -> 25205806 | M15: =+L15-K15 -> -507821.19 | N15: =+I15+[13]건자재!N15 -> 18907043 | O15: =+L15-N15 -> 6298763
E16: 기타 | F16: =+IFERROR(HLOOKUP($F$8,[11]손익!$G$5:$AI$63,26,),) -> 2182476.3 | G16: =+'[6]3월'!$J$11 -> 911990.84 | H16: =+G16-F16 -> -1270485.5 | I16: =+IFERROR(HLOOKUP($F$8,[12]월별!$E$2:$T$53,9,),) -> 1169699.1 | J16: =+G16-I16 -> -257708.28 | K16: =+F16+[13]건자재!K16 -> 6456492.4 | L16: =+G16+[13]건자재!L16 -> 2754121.1 | M16: =+L16-K16 -> -3702371.4 | N16: =+I16+[13]건자재!N16 -> 3492681.1 | O16: =+L16-N16 -> -738560.05
E17: (소계) | F17: =SUM(F15:F16) -> 10864469 | G17: =SUM(G15:G16) -> 12498384 | H17: =+G17-F17 -> 1633915.3 | I17: =SUM(I15:I16) -> 8596622.2 | J17: =+G17-I17 -> 3901761.9 | K17: =SUM(K15:K16) -> 32170120 | L17: =SUM(L15:L16) -> 27959927 | M17: =+L17-K17 -> -4210192.5 | N17: =SUM(N15:N16) -> 22399724 | O17: =+L17-N17 -> 5560202.9
D18: 매출이익 | E18: 철강재 | F18: =+F12-F15 -> 213007.5 | G18: =+G12-G15 -> 17225.465 | H18: =+G18-F18 -> -195782.04 | I18: =+I12-I15 -> 142278.28 | J18: =+G18-I18 -> -125052.82 | K18: =+K12-K15 -> 631372.5 | L18: =+L12-L15 -> 247224.74 | M18: =+L18-K18 -> -384147.76 | N18: =+N12-N15 -> 466635.35 | O18: =+L18-N18 -> -219410.62
E19: % | F19: =+F18/F12 -> 0.02394688 | G19: =+G18/G12 -> 0.0014844908 | H19: =+G19-F19 -> -0.022462389 | I19: =+I18/I12 -> 0.018797 | J19: =+G19-I19 -> -0.017312509 | K19: =+K18/K12 -> 0.023965553 | L19: =+L18/L12 -> 0.0097129783 | M19: =+L19-K19 -> -0.014252575 | N19: =+N18/N12 -> 0.024086048 | O19: =+L19-N19 -> -0.01437307
E20: 기타 | F20: =+F13-F16 -> 88469.226 | G20: =+G13-G16 -> 19619.099 | H20: =+G20-F20 -> -68850.127 | I20: =+I13-I16 -> 21017.278 | J20: =+G20-I20 -> -1398.179 | K20: =+K13-K16 -> 261721.46 | L20: =+L13-L16 -> 85191.362 | M20: =+L20-K20 -> -176530.1 | N20: =+N13-N16 -> 67173.09 | O20: =+L20-N20 -> 18018.272
E21: % | F21: =+F20/F13 -> 0.038957 | G21: =+G20/G13 -> 0.021059349 | H21: =+G21-F21 -> -0.017897651 | I21: =+I20/I13 -> 0.017650952 | J21: =+G21-I21 -> 0.0034083971 | K21: =+K20/K13 -> 0.038957 | L21: =+L20/L13 -> 0.030004222 | M21: =+L21-K21 -> -0.0089527776 | N21: =+N20/N13 -> 0.018869618 | O21: =+L21-N21 -> 0.011134604
E22: (소계) | F22: =SUM(F18,F20) -> 301476.73 | G22: =SUM(G18,G20) -> 36844.564 | H22: =+G22-F22 -> -264632.16 | I22: =SUM(I18,I20) -> 163295.56 | J22: =+G22-I22 -> -126450.99 | K22: =SUM(K18,K20) -> 893093.96 | L22: =SUM(L18,L20) -> 332416.1 | M22: =+L22-K22 -> -560677.86 | N22: =SUM(N18,N20) -> 533808.44 | O22: =+L22-N22 -> -201392.34
E23: % | F23: =+F22/F14 -> 0.026999659 | G23: =+G22/G14 -> 0.0029392814 | H23: =+G23-F23 -> -0.024060378 | I23: =+I22/I14 -> 0.01864122 | J23: =+G23-I23 -> -0.015701939 | K23: =+K22/K14 -> 0.02701171 | L23: =+L22/L14 -> 0.011749331 | M23: =+L23-K23 -> -0.01526238 | N23: =+N22/N14 -> 0.023276328 | O23: =+L23-N23 -> -0.011526998
D24: 판관비 | E24: 노무비 | F24: =+IFERROR(HLOOKUP($F$8,[11]판매4!$G$4:$U$50,7,),) -> 89090.29 | G24: =+'[6]3월'!$M$19 -> 93738.437 | H24: =+G24-F24 -> 4648.147 | I24: =+IFERROR(HLOOKUP($F$8,[12]월별!$E$2:$T$53,17,),) -> 87921.888 | J24: =+G24-I24 -> 5816.549 | K24: =+F24+[13]건자재!K24 -> 264094.85 | L24: =+G24+[13]건자재!L24 -> 283915.68 | M24: =+L24-K24 -> 19820.827 | N24: =+I24+[13]건자재!N24 -> 264784.82 | O24: =+L24-N24 -> 19130.859
E25: 경비 | F25: =+IFERROR(HLOOKUP($F$8,[11]판매4!$G$4:$U$50,31,),)+IFERROR(HLOOKUP($F$8,[11]판매4!$G$4:$U$50,34,),) -> 47491.478 | G25: =+'[6]3월'!$M$37+'[6]3월'!$M$40 -> 61976.475 | H25: =+G25-F25 -> 14484.997 | I25: =+IFERROR(HLOOKUP($F$8,[12]월별!$E$2:$T$53,35,),)+IFERROR(HLOOKUP($F$8,[12]월별!$E$2:$T$53,38,),) -> 43718.324 | J25: =+G25-I25 -> 18258.151 | K25: =+F25+[13]건자재!K25 -> 125122.07 | L25: =+G25+[13]건자재!L25 -> 154811.81 | M25: =+L25-K25 -> 29689.734 | N25: =+I25+[13]건자재!N25 -> 120256.39 | O25: =+L25-N25 -> 34555.419
E26: (소계) | F26: =SUM(F24:F25) -> 136581.77 | G26: =SUM(G24:G25) -> 155714.91 | H26: =+G26-F26 -> 19133.144 | I26: =SUM(I24:I25) -> 131640.21 | J26: =+G26-I26 -> 24074.7 | K26: =SUM(K24:K25) -> 389216.92 | L26: =SUM(L24:L25) -> 438727.48 | M26: =+L26-K26 -> 49510.561 | N26: =SUM(N24:N25) -> 385041.21 | O26: =+L26-N26 -> 53686.278
D27: 영업이익 | F27: =+F22-F26 -> 164894.96 | G27: =+G22-G26 -> -118870.35 | H27: =+G27-F27 -> -283765.31 | I27: =+I22-I26 -> 31655.346 | J27: =+G27-I27 -> -150525.69 | K27: =+K22-K26 -> 503877.03 | L27: =+L22-L26 -> -106311.39 | M27: =+L27-K27 -> -610188.42 | N27: =+N22-N26 -> 148767.24 | O27: =+L27-N27 -> -255078.62
E28: % | F28: =+F27/F14 -> 0.014767666 | G28: =+G27/G14 -> -0.0094829022 | H28: =+G28-F28 -> -0.024250569 | I28: =+I27/I14 -> 0.0036136579 | J28: =+G28-I28 -> -0.01309656 | K28: =+K27/K14 -> 0.015239808 | L28: =+L27/L14 -> -0.0037576027 | M28: =+L28-K28 -> -0.018997411 | N28: =+N27/N14 -> 0.006486887 | O28: =+L28-N28 -> -0.01024449
D29: 철강재 단가 및 마진률
R34: * 공통비
F36: =+IFERROR(HLOOKUP($F$8,[11]손익!$G$5:$AJ$65,17,),) -> 164894.96 | G36: =+'[6]3월'!$M$41 -> -118870.35 | I36: =+IFERROR(HLOOKUP($F$8,[12]월별!$E$2:$T$53,39,),) -> 31655.346 | S36: 1월 | T36: 2월 | U36: 3월 | V36: 4월 | W36: 5월 | X36: 6월 | Y36: 7월 | Z36: 8월 | AA36: 9월 | AB36: 10월 | AC36: 11월 | AD36: 1월 | AE36: 1월 | AF36: 2월 | AG36: 3월 | AH36: 4월 | AI36: 5월 | AJ36: 6월 | AK36: 7월 | AL36: 8월 | AM36: 9월 | AN36: 10월 | AO36: 11월 | AP36: 12월 | AQ36: 1월 | AR36: 2월 | AS36: 3월
F37: =+F27=F36 -> TRUE | G37: =+G27=G36 -> TRUE | I37: =+I27=I36 -> TRUE | R37: 구분 | S37: 1월 | T37: 2월 | U37: 3 | V37: 4월 | W37: 5월 | X37: 6월 | Y37: 7월 | Z37: =+Z36 -> 8월 | AA37: =+AA36 -> 9월 | AB37: =+AB36 -> 10월 | AC37: =+AC36 -> 11월 | AD37: =+AD36 -> 1월 | AE37: =+AE36 -> 1월 | AF37: =+AF36 -> 2월 | AG37: =+AG36 -> 3월 | ... AS37: =+AS36 -> 3월
F38: =+F27-F36 -> 0 | G38: =+G27-G36 -> 0 | I38: =+I27-I36 -> 0 | R38: 판매단가 | S38: =+IFERROR(HLOOKUP(S$36,[12]월별!$E$2:$S$67,42,),) -> 920730.85 | T38: =+IFERROR(HLOOKUP(T$36,[12]월별!$E$2:$S$67,42,),) -> 886130.89 | U38: =+IFERROR(HLOOKUP(U$36,[12]월별!$E$2:$S$67,42,),) -> 873530.52 | V38: =+IFERROR(HLOOKUP(V$36,[12]월별!$E$2:$S$67,42,),) -> 853042.91 | W38: =+IFERROR(HLOOKUP(W$36,[12]월별!$E$2:$S$67,42,),) -> 811389.31 | X38: =+IFERROR(HLOOKUP(X$36,[12]월별!$E$2:$S$67,42,),) -> 785072.68 | Y38: =+IFERROR(HLOOKUP(Y$36,[12]월별!$E$2:$S$67,42,),) -> 751049.21 | Z38: =+IFERROR(HLOOKUP(Z$36,[12]월별!$E$2:$S$67,42,),) -> 846014.53 | ... AP38: =+IFERROR(HLOOKUP(AP$36,[12]월별!$E$2:$S$67,42,),) -> 752238.02 | AQ38: =+IFERROR(HLOOKUP(AQ$36,[6]월별!$E$2:$S$67,43,),) -> 756420.01 | AR38: =+IFERROR(HLOOKUP(AR$36,[6]월별!$E$2:$S$67,43,),) -> 744684.73 | AS38: =+IFERROR(HLOOKUP(AS$36,[6]월별!$E$2:$S$67,43,),) -> 736140.84
R39: 마진률 | S39: =+IFERROR(HLOOKUP(S$36,[12]월별!$E$2:$S$67,43,),) -> 0 | T39: =+IFERROR(HLOOKUP(T$36,[12]월별!$E$2:$S$67,43,),) -> 0 | U39: =+IFERROR(HLOOKUP(U$36,[12]월별!$E$2:$S$67,43,),) -> 0 | V39: =+IFERROR(HLOOKUP(V$36,[12]월별!$E$2:$S$67,43,),) -> 0 | W39: =+IFERROR(HLOOKUP(W$36,[12]월별!$E$2:$S$67,43,),) -> 0 | X39: =+IFERROR(HLOOKUP(X$36,[12]월별!$E$2:$S$67,43,),) -> 0 | Y39: =+IFERROR(HLOOKUP(Y$36,[12]월별!$E$2:$S$67,43,),) -> 0 | Z39: =+IFERROR(HLOOKUP(Z$36,[12]월별!$E$2:$S$67,43,),) -> 0 | ... AD39: =+IFERROR(HLOOKUP(AD$36,[12]월별!$E$2:$S$67,43,),) -> 0 | AE39: =+IFERROR(HLOOKUP(AE$36,[12]월별!$E$2:$S$67,51,),) -> 0.027823179 | AF39: =+IFERROR(HLOOKUP(AF$36,[12]월별!$E$2:$S$67,51,),) -> 0.027130154 | AG39: =+IFERROR(HLOOKUP(AG$36,[12]월별!$E$2:$S$67,51,),) -> 0.018797 | AH39: =+IFERROR(HLOOKUP(AH$36,[12]월별!$E$2:$S$67,51,),) -> 0.018146921 | AI39: =+IFERROR(HLOOKUP(AI$36,[12]월별!$E$2:$S$67,51,),) -> 0.025679336 | AJ39: =+IFERROR(HLOOKUP(AJ$36,[12]월별!$E$2:$S$67,51,),) -> 0.037059976 | AK39: =+IFERROR(HLOOKUP(AK$36,[12]월별!$E$2:$S$67,51,),) -> 0.0082866316 | AL39: =+IFERROR(HLOOKUP(AL$36,[12]월별!$E$2:$S$67,51,),) -> 0.018929258 | ... AP39: =+IFERROR(HLOOKUP(AP$36,[12]월별!$E$2:$S$67,51,),) -> 0.014154492 | AQ39: =+IFERROR(HLOOKUP(AQ$36,[6]월별!$E$2:$S$67,49,),) -> 0.017727214 | AR39: =+IFERROR(HLOOKUP(AR$36,[6]월별!$E$2:$S$67,49,),) -> 0.015585145 | AS39: =+IFERROR(HLOOKUP(AS$36,[6]월별!$E$2:$S$67,49,),) -> 0.0014844908

Sheet 골재사업소(당월)
A1: 3월 | AN1: 부산 세척사 - 창원공장
AL2: 하천사 | AO2: 세척사
D4: □ 골재사업소 손익(2025-03)
AV5: [단위 : ㎥, 천원]
D6: 계획 | E6: 구분 | G6: 쇄석25mm | J6: 쇄사(습식) | M6: 혼합석(40mm) | P6: 쇄석40mm | S6: 쇄사2 | V6: 서부산 소계 | Y6: 부산크라샤 쇄석 | AB6: 부산크라샤 쇄사(습식) | AE6: 40혼합석 | AH6: 부산크라샤 소계 | AK6: 부산 하천사 | AN6: 부산 세척사 | AQ6: 부산모래장 소계 | AT6: 골재사업소 계
G7: 계획 | H7: 실적 | I7: 차이 | J7: 계획 | K7: 실적 | L7: 차이 | M7: 계획 | N7: 실적 | O7: 차이 | P7: 계획 | Q7: 실적 | R7: 차이 | S7: 계획 | T7: 실적 | U7: 차이 | V7: 계획 | W7: 실적 | X7: 차이 | Y7: 계획 | Z7: 실적 | AA7: 차이 | AB7: 계획 | AC7: 실적 | AD7: 차이 | AE7: 계획 | AF7: 실적 | AG7: 차이 | AH7: 계획 | AI7: 실적 | AJ7: 차이 | AK7: 계획 | AL7: 실적 | AM7: 차이 | AN7: 계획 | AO7: 실적 | AP7: 차이 | AQ7: 계획 | AR7: 실적 | AS7: 차이 | AT7: 계획 | AU7: 실적 | AV7: 차이
E8: 판매량 | F8: 자가이송 | G8: =+IFERROR(HLOOKUP($A$1,[14]물량!$G$5:$R$83,59,),) -> 24056.493 | H8: =+'[7]서부산크라샤(당월)'!$F$66 -> 19104 | I8: =H8-G8 -> -4952.4931 | J8: =+IFERROR(HLOOKUP($A$1,[14]물량!$G$5:$R$83,62,),) -> 16743.604 | K8: =+'[7]서부산크라샤(당월)'!$I$66 -> 7896 | L8: =K8-J8 -> -8847.604 | M8: =+IFERROR(HLOOKUP($A$1,[14]물량!$G$5:$R$83,68,),) -> 0 | N8: =+'[7]서부산크라샤(당월)'!$L$66 -> 0 | O8: =N8-M8 -> 0 | Q8: =+'[7]서부산크라샤(당월)'!$U$66 -> 0 | R8: =Q8-P8 -> 0 | T8: =+'[7]서부산크라샤(당월)'!$R$66 -> 0 | U8: =T8-S8 -> 0 | V8: =+G8+J8+M8+P8+S8 -> 40800.097 | W8: =+H8+K8+N8+Q8+T8 -> 27000 | X8: =W8-V8 -> -13800.097 | Y8: =+IFERROR(HLOOKUP($A$1,[15]물량!$G$5:$R$109,59,),) -> 0.1 | Z8: =+'[7]부산크라샤(당월)'!$F$66 -> 3470 | AA8: =Z8-Y8 -> 3469.9 | AB8: =+IFERROR(HLOOKUP($A$1,[15]물량!$G$5:$R$109,62,),) -> 0 | AC8: =+'[7]부산크라샤(당월)'!$I$66 -> 1420 | AD8: =AC8-AB8 -> 1420 | AF8: =+'[7]부산크라샤(당월)'!$L$66 -> 0 | AG8: =AF8-AE8 -> 0 | AH8: =+Y8+AB8+AE8 -> 0.1 | AI8: =+Z8+AC8+AF8 -> 4890 | AJ8: =AI8-AH8 -> 4889.9 | AK8: =+IFERROR(HLOOKUP($A$1,[16]판매계획!$G$6:$R$92,7,),) -> 5114.4942 | AL8: =+'[17]부산모래장(손익)'!$E$38 -> 0 | AM8: =AL8-AK8 -> -5114.4942 | AN8: =+IFERROR(HLOOKUP($A$1,[16]판매계획!$G$6:$R$92,8,),) -> 4361.5385 | AO8: =+IFERROR(HLOOKUP($AN$6,'[17]부산모래장(손익)'!$C$35:$K$53,4,),) -> 11830 | AP8: =AO8-AN8 -> 7468.4615 | AQ8: =AK8+AN8 -> 9476.0327 | AR8: =AL8+AO8 -> 11830 | AS8: =AR8-AQ8 -> 2353.9673 | AT8: =+V8+AH8+AQ8 -> 50276.23 | AU8: =+W8+AI8+AR8 -> 43720 | AV8: =AU8-AT8 -> -6556.2298
F9: % | G9: =+G8/G$12 -> 0.68622075 | H9: =+H8/H$12 -> 0.9212963 | I9: =+H9-G9 -> 0.23507554 | J9: =+J8/J$12 -> 0.70518376 | K9: =+K8/K$12 -> 1 | L9: =+K9-J9 -> 0.29481624 | M9: =+M8/M$12 -> 0 | N9: =+N8/N$12 -> 0 | O9: =+N9-M9 -> 0 | Q9: =+Q8/Q$12 -> 0 | R9: =+Q9-P9 -> 0 | T9: =+T8/T$12 -> 0 | U9: =+T9-S9 -> 0 | V9: =+V8/V$12 -> 0.63949898 | W9: =+W8/W$12 -> 0.83148559 | X9: =+W9-V9 -> 0.19198661 | Y9: =+Y8/Y$12 -> 1 | Z9: =+Z8/Z$12 -> 1 | AA9: =+Z9-Y9 -> 0 | AB9: =+AB8/AB$12 -> #DIV/0! | AC9: =+AC8/AC$12 -> 1 | AD9: =+AC9-AB9 -> #DIV/0! | AE9: =+AE8/AE$12 -> #DIV/0! | AF9: =+AF8/AF$12 -> #DIV/0! | AG9: =+AF9-AE9 -> #DIV/0! | AH9: =+AH8/AH$12 -> 1 | AI9: =+AI8/AI$12 -> 1 | AJ9: =+AI9-AH9 -> 0 | AK9: =+AK8/AK$12 -> 0.50565991 | AL9: =IFERROR(AL8/AL$12,) -> 0 | AM9: =+AL9-AK9 -> -0.50565991 | AN9: =+AN8/AN$12 -> 1 | AO9: =+AO8/AO$12 -> 0.49603757 | AP9: =+AO9-AN9 -> -0.50396243 | AQ9: =+AQ8/AQ$12 -> 0.6546015 | AR9: =+AR8/AR$12 -> 0.49603757 | AS9: =+AR9-AQ9 -> -0.15856393 | AT9: =+AT8/AT$12 -> 0.64229243 | AU9: =+AU8/AU$12 -> 0.71425071 | AV9: =+AU9-AT9 -> 0.071958277
F10: 외부판매 | G10: =+IFERROR(HLOOKUP($A$1,[14]물량!$G$5:$R$83,60,),) -> 11000 | H10: =+'[7]서부산크라샤(당월)'!$F$59 -> 1632 | I10: =H10-G10 -> -9368 | J10: =+IFERROR(HLOOKUP($A$1,[14]물량!$G$5:$R$83,63,),) -> 7000 | K10: =+'[7]서부산크라샤(당월)'!$I$59 -> 0 | L10: =K10-J10 -> -7000 | M10: =+IFERROR(HLOOKUP($A$1,[14]물량!$G$5:$R$83,69,),) -> 5000 | N10: =+'[7]서부산크라샤(당월)'!$L$59 -> 2208 | O10: =N10-M10 -> -2792 | Q10: =+'[7]서부산크라샤(당월)'!$U$59 -> 976 | R10: =Q10-P10 -> 976 | T10: =+'[7]서부산크라샤(당월)'!$R$59 -> 656 | U10: =T10-S10 -> 656 | V10: =+G10+J10+M10+P10+S10 -> 23000 | W10: =+H10+K10+N10+Q10+T10 -> 5472 | X10: =W10-V10 -> -17528 | Y10: =+IFERROR(HLOOKUP($A$1,[15]물량!$G$5:$R$109,60,),) -> 0 | Z10: =+'[7]부산크라샤(당월)'!$F$59 -> 0 | AA10: =Z10-Y10 -> 0 | AB10: =+IFERROR(HLOOKUP($A$1,[15]물량!$G$5:$R$109,63,),) -> 0 | AC10: =+'[7]부산크라샤(당월)'!$I$59 -> 0 | AD10: =AC10-AB10 -> 0 | AE10: =+IFERROR(HLOOKUP($A$1,[15]물량!$G$5:$R$109,66,),) -> 0 | AF10: =+'[7]부산크라샤(당월)'!$L$59 -> 0 | AG10: =AF10-AE10 -> 0 | AH10: =+Y10+AB10+AE10 -> 0 | AI10: =+Z10+AC10+AF10 -> 0 | AJ10: =AI10-AH10 -> 0 | AK10: =+IFERROR(HLOOKUP($A$1,[16]판매계획!$G$6:$R$92,2,),) -> 5000 | AL10: =+'[17]부산모래장(손익)'!$E$37 -> 0 | AM10: =AL10-AK10 -> -5000 | AN10: =+IFERROR(HLOOKUP($A$1,[16]판매계획!$G$6:$R$92,3,),) -> 0 | AO10: =+IFERROR(HLOOKUP($AN$6,'[17]부산모래장(손익)'!$C$35:$K$53,3,),) -> 12019 | AP10: =AO10-AN10 -> 12019 | AQ10: =AK10+AN10 -> 5000 | AR10: =AL10+AO10 -> 12019 | AS10: =AR10-AQ10 -> 7019 | AT10: =+V10+AH10+AQ10 -> 28000 | AU10: =+W10+AI10+AR10 -> 17491 | AV10: =AU10-AT10 -> -10509
F11: % | G11: =+G10/G$12 -> 0.31377925 | H11: =+H10/H$12 -> 0.078703704 | I11: =+H11-G11 -> -0.23507554 | J11: =+J10/J$12 -> 0.29481624 | K11: =+K10/K$12 -> 0 | L11: =+K11-J11 -> -0.29481624 | M11: =+M10/M$12 -> 1 | N11: =+N10/N$12 -> 1 | O11: =+N11-M11 -> 0 | Q11: =+Q10/Q$12 -> 1 | R11: =+Q11-P11 -> 1 | T11: =+T10/T$12 -> 1 | U11: =+T11-S11 -> 1 | V11: =+V10/V$12 -> 0.36050102 | W11: =+W10/W$12 -> 0.16851441 | X11: =+W11-V11 -> -0.19198661 | Y11: =+Y10/Y$12 -> 0 | Z11: =+Z10/Z$12 -> 0 | AA11: =+Z11-Y11 -> 0 | AB11: =+AB10/AB$12 -> #DIV/0! | AC11: =+AC10/AC$12 -> 0 | AD11: =+AC11-AB11 -> #DIV/0! | AE11: =+AE10/AE$12 -> #DIV/0! | AF11: =+AF10/AF$12 -> #DIV/0! | AG11: =+AF11-AE11 -> #DIV/0! | AH11: =+AH10/AH$12 -> 0 | AI11: =+AI10/AI$12 -> 0 | AJ11: =+AI11-AH11 -> 0 | AK11: =+AK10/AK$12 -> 0.49434009 | AL11: =IFERROR(AL10/AL$12,) -> 0 | AM11: =+AL11-AK11 -> -0.49434009 | AN11: =+AN10/AN$12 -> 0 | AO11: =+AO10/AO$12 -> 0.50396243 | AP11: =+AO11-AN11 -> 0.50396243 | AQ11: =+AQ10/AQ$12 -> 0.3453985 | AR11: =+AR10/AR$12 -> 0.50396243 | AS11: =+AR11-AQ11 -> 0.15856393 | AT11: =+AT10/AT$12 -> 0.35770757 | AU11: =+AU10/AU$12 -> 0.28574929 | AV11: =+AU11-AT11 -> -0.071958277
F12: (소계) | G12: =G8+G10 -> 35056.493 | H12: =H8+H10 -> 20736 | I12: =H12-G12 -> -14320.493 | J12: =J8+J10 -> 23743.604 | K12: =K8+K10 -> 7896 | L12: =K12-J12 -> -15847.604 | M12: =M8+M10 -> 5000 | N12: =N8+N10 -> 2208 | O12: =N12-M12 -> -2792 | Q12: =Q8+Q10 -> 976 | R12: =Q12-P12 -> 976 | T12: =T8+T10 -> 656 | U12: =T12-S12 -> 656 | V12: =V8+V10 -> 63800.097 | W12: =W8+W10 -> 32472 | X12: =W12-V12 -> -31328.097 | Y12: =Y8+Y10 -> 0.1 | Z12: =Z8+Z10 -> 3470 | AA12: =Z12-Y12 -> 3469.9 | AB12: =AB8+AB10 -> 0 | AC12: =AC8+AC10 -> 1420 | AD12: =AC12-AB12 -> 1420 | AE12: =AE8+AE10 -> 0 | AF12: =AF8+AF10 -> 0 | AG12: =AF12-AE12 -> 0 | AH12: =AH8+AH10 -> 0.1 | AI12: =AI8+AI10 -> 4890 | AJ12: =AI12-AH12 -> 4889.9 | AK12: =AK8+AK10 -> 10114.494 | AL12: =AL8+AL10 -> 0 | AM12: =AL12-AK12 -> -10114.494 | AN12: =AN8+AN10 -> 4361.5385 | AO12: =AO8+AO10 -> 23849 | AP12: =AO12-AN12 -> 19487.462 | AQ12: =AQ8+AQ10 -> 14476.033 | AR12: =AR8+AR10 -> 23849 | AS12: =AR12-AQ12 -> 9372.9673 | AT12: =AT8+AT10 -> 78276.23 | AU12: =AU8+AU10 -> 61211 | AV12: =AU12-AT12 -> -17065.23 | AX12: =+'사업장별(당월)'!J32*1000 -> 78276.23 | AY12: =+'사업장별(당월)'!K32*1000 -> 61211 | AZ12: =+AY12-AU12 -> 0
E13: 매출액 | F13: 자가이송 | G13: =+IFERROR(HLOOKUP($A$1,[14]매출!$G$5:$R$149,115,),) -> 334133.3 | H13: =+'[7]서부산크라샤(당월)'!$F$72 -> 274800 | I13: =H13-G13 -> -59333.297 | J13: =+IFERROR(HLOOKUP($A$1,[14]매출!$G$5:$R$149,118,),) -> 330985.2 | K13: =+'[7]서부산크라샤(당월)'!$I$72 -> 132336 | L13: =K13-J13 -> -198649.2 | M13: =+IFERROR(HLOOKUP($A$1,[14]매출!$G$5:$R$149,124,),) -> 0 | N13: =+'[7]서부산크라샤(당월)'!$L$72 -> 0 | O13: =N13-M13 -> 0 | Q13: =+'[7]서부산크라샤(당월)'!$U$72 -> 0 | R13: =Q13-P13 -> 0 | T13: =+'[7]서부산크라샤(당월)'!$R$72 -> 0 | U13: =T13-S13 -> 0 | V13: =+G13+J13+M13+P13+S13 -> 665118.5 | W13: =+H13+K13+N13+Q13+T13 -> 407136 | X13: =W13-V13 -> -257982.5 | Y13: =+IFERROR(HLOOKUP($A$1,[15]매출!$G$5:$R$144,115,),) -> 0 | Z13: =+'[7]부산크라샤(당월)'!$F$72 -> 60725 | AA13: =Z13-Y13 -> 60725 | AB13: =+IFERROR(HLOOKUP($A$1,[15]매출!$G$5:$R$144,118,),) -> 0 | AC13: =+'[7]부산크라샤(당월)'!$I$72 -> 33370 | AD13: =AC13-AB13 -> 33370 | AF13: =+'[7]부산크라샤(당월)'!$L$72 -> 0 | AG13: =AF13-AE13 -> 0 | AH13: =+Y13+AB13+AE13 -> 0 | AI13: =+Z13+AC13+AF13 -> 94095 | AJ13: =AI13-AH13 -> 94095 | AK13: =+IFERROR(HLOOKUP($A$1,[16]판매계획!$G$6:$R$92,43,),) -> 10044.755 | AL13: =+'[17]부산모래장(손익)'!$E$41/1000 -> 0 | AM13: =AL13-AK13 -> -10044.755 | AN13: =+IFERROR(HLOOKUP($A$1,[16]판매계획!$G$6:$R$92,44,),) -> 143071.68 | AO13: =+IFERROR(HLOOKUP($AN$6,'[17]부산모래장(손익)'!$C$35:$K$53,7,),)/1000 -> 375447 | AP13: =AO13-AN13 -> 232375.32 | AQ13: =AK13+AN13 -> 153116.43 | AR13: =AL13+AO13 -> 375447 | AS13: =AR13-AQ13 -> 222330.57 | AT13: =+V13+AH13+AQ13 -> 818234.93 | AU13: =+W13+AI13+AR13 -> 876678 | AV13: =AU13-AT13 -> 58443.068 | AX13: =+AX12=AT12 -> TRUE | AY13: =+AY12=AU12 -> TRUE
F14: 단가 | G14: =+G13/G8*1000 -> 13889.526 | H14: =+H13/H8*1000 -> 14384.422 | I14: =H14-G14 -> 494.89566 | J14: =+J13/J8*1000 -> 19767.859 | K14: =+K13/K8*1000 -> 16759.878 | L14: =K14-J14 -> -3007.9804 | M14: =+M13/M8*1000 -> #DIV/0! | N14: =+N13/N8*1000 -> #DIV/0! | O14: =N14-M14 -> #DIV/0! | Q14: =+Q13/Q8*1000 -> #DIV/0! | R14: =Q14-P14 -> #DIV/0! | T14: =+T13/T8*1000 -> #DIV/0! | U14: =T14-S14 -> #DIV/0! | V14: =+V13/V8*1000 -> 16301.885 | W14: =+W13/W8*1000 -> 15079.111 | X14: =W14-V14 -> -1222.7741 | Y14: =+Y13/Y8*1000 -> 0 | Z14: =+Z13/Z8*1000 -> 17500 | AA14: =Z14-Y14 -> 17500 | AB14: =+AB13/AB8*1000 -> #DIV/0! | AC14: =+AC13/AC8*1000 -> 23500 | AD14: =AC14-AB14 -> #DIV/0! | AE14: =+AE13/AE8*1000 -> #DIV/0! | AF14: =+AF13/AF8*1000 -> #DIV/0! | AG14: =AF14-AE14 -> #DIV/0! | AH14: =+AH13/AH8*1000 -> 0 | AI14: =+AI13/AI8*1000 -> 19242.331 | AJ14: =AI14-AH14 -> 19242.331 | AK14: =+AK13/AK8*1000 -> 1963.9782 | AL14: =IFERROR(AL13/AL8*1000,) -> 0 | AM14: =AL14-AK14 -> -1963.9782 | AN14: =+AN13/AN8*1000 -> 32803.03 | AO14: =+AO13/AO8*1000 -> 31736.855 | AP14: =AO14-AN14 -> -1066.1749 | AQ14: =+AQ13/AQ8*1000 -> 16158.285 | AR14: =+AR13/AR8*1000 -> 31736.855 | AS14: =AR14-AQ14 -> 15578.571 | AT14: =+AT13/AT8*1000 -> 16274.787 | AU14: =+AU13/AU8*1000 -> 20052.104 | AV14: =AU14-AT14 -> 3777.3173
F15: 외부판매 | G15: =+IFERROR(HLOOKUP($A$1,[14]매출!$G$5:$R$149,116,),) -> 126500 | H15: =+'[7]서부산크라샤(당월)'!$F$71 -> 18768 | I15: =H15-G15 -> -107732 | J15: =+IFERROR(HLOOKUP($A$1,[14]매출!$G$5:$R$149,119,),) -> 105000 | K15: =+'[7]서부산크라샤(당월)'!$I$71 -> 0 | L15: =K15-J15 -> -105000 | M15: =+IFERROR(HLOOKUP($A$1,[14]매출!$G$5:$R$149,125,),) -> 45000 | N15: =+'[7]서부산크라샤(당월)'!$L$71 -> 18768 | O15: =N15-M15 -> -26232 | Q15: =+'[7]서부산크라샤(당월)'!$U$71 -> 10736 | R15: =Q15-P15 -> 10736 | T15: =+'[7]서부산크라샤(당월)'!$R$71 -> 5904 | U15: =T15-S15 -> 5904 | V15: =+G15+J15+M15+P15+S15 -> 276500 | W15: =+H15+K15+N15+Q15+T15 -> 54176 | X15: =W15-V15 -> -222324 | Y15: =+IFERROR(HLOOKUP($A$1,[15]매출!$G$5:$R$144,116,),) -> 0 | Z15: =+'[7]부산크라샤(당월)'!$F$71 -> 0 | AA15: =Z15-Y15 -> 0 | AB15: =+IFERROR(HLOOKUP($A$1,[15]매출!$G$5:$R$144,119,),) -> 0 | AC15: =+'[7]부산크라샤(당월)'!$I$71 -> 0 | AD15: =AC15-AB15 -> 0 | AE15: =+IFERROR(HLOOKUP($A$1,[15]매출!$G$5:$R$144,122,),) -> 0 | AF15: =+'[7]부산크라샤(당월)'!$L$71 -> 0 | AG15: =AF15-AE15 -> 0 | AH15: =+Y15+AB15+AE15 -> 0 | AI15: =+Z15+AC15+AF15 -> 0 | AJ15: =AI15-AH15 -> 0 | AK15: =+IFERROR(HLOOKUP($A$1,[16]판매계획!$G$6:$R$92,38,),) -> 175000 | AL15: =+'[17]부산모래장(손익)'!$E$40/1000 -> 0 | AM15: =AL15-AK15 -> -175000 | AN15: =+IFERROR(HLOOKUP($A$1,[16]판매계획!$G$6:$R$92,39,),) -> 0 | AO15: =+IFERROR(HLOOKUP($AN$6,'[17]부산모래장(손익)'!$C$35:$K$53,6,),)/1000 -> 352563 | AP15: =AO15-AN15 -> 352563 | AQ15: =AK15+AN15 -> 175000 | AR15: =AL15+AO15 -> 352563 | AS15: =AR15-AQ15 -> 177563 | AT15: =+V15+AH15+AQ15 -> 451500 | AU15: =+W15+AI15+AR15 -> 406739 | AV15: =AU15-AT15 -> -44761
F16: 단가 | G16: =IFERROR(G15/G10,)*1000 -> 11500 | H16: =IFERROR(H15/H10,)*1000 -> 11500 | I16: =H16-G16 -> 0 | J16: =IFERROR(J15/J10,)*1000 -> 15000 | K16: =IFERROR(K15/K10,)*1000 -> 0 | L16: =K16-J16 -> -15000 | M16: =IFERROR(M15/M10,)*1000 -> 9000 | N16: =IFERROR(N15/N10,)*1000 -> 8500 | O16: =N16-M16 -> -500 | Q16: =IFERROR(Q15/Q10,)*1000 -> 11000 | R16: =Q16-P16 -> 11000 | T16: =IFERROR(T15/T10,)*1000 -> 9000 | U16: =T16-S16 -> 9000 | V16: =IFERROR(V15/V10,)*1000 -> 12021.739 | W16: =IFERROR(W15/W10,)*1000 -> 9900.5848 | X16: =W16-V16 -> -2121.1543 | Y16: =IFERROR(Y15/Y10,)*1000 -> 0 | Z16: =IFERROR(Z15/Z10,)*1000 -> 0 | AA16: =Z16-Y16 -> 0 | AB16: =IFERROR(AB15/AB10,)*1000 -> 0 | AC16: =IFERROR(AC15/AC10,)*1000 -> 0 | AD16: =AC16-AB16 -> 0 | AE16: =IFERROR(AE15/AE10,)*1000 -> 0 | AF16: =IFERROR(AF15/AF10,)*1000 -> 0 | AG16: =AF16-AE16 -> 0 | AH16: =IFERROR(AH15/AH10,)*1000 -> 0 | AI16: =IFERROR(AI15/AI10,)*1000 -> 0 | AJ16: =AI16-AH16 -> 0 | AK16: =IFERROR(AK15/AK10,)*1000 -> 35000 | AL16: =IFERROR(AL15/AL10,)*1000 -> 0 | AM16: =AL16-AK16 -> -35000 | AN16: =IFERROR(AN15/AN10,)*1000 -> 0 | AO16: =IFERROR(AO15/AO10,)*1000 -> 29333.805 | AP16: =AO16-AN16 -> 29333.805 | AQ16: =IFERROR(AQ15/AQ10,)*1000 -> 35000 | AR16: =IFERROR(AR15/AR10,)*1000 -> 29333.805 | AS16: =AR16-AQ16 -> -5666.1952 | AT16: =IFERROR(AT15/AT10,)*1000 -> 16125 | AU16: =IFERROR(AU15/AU10,)*1000 -> 23254.188 | AV16: =AU16-AT16 -> 7129.1879 | AX16: =+AX17-AT17 -> 0
F17: (소계) | G17: =G13+G15 -> 460633.3 | H17: =H13+H15 -> 293568 | I17: =H17-G17 -> -167065.3 | J17: =J13+J15 -> 435985.2 | K17: =K13+K15 -> 132336 | L17: =K17-J17 -> -303649.2 | M17: =M13+M15 -> 45000 | N17: =N13+N15 -> 18768 | O17: =N17-M17 -> -26232 | Q17: =Q13+Q15 -> 10736 | R17: =Q17-P17 -> 10736 | T17: =T13+T15 -> 5904 | U17: =T17-S17 -> 5904 | V17: =V13+V15 -> 941618.5 | W17: =W13+W15 -> 461312 | X17: =W17-V17 -> -480306.5 | Y17: =Y13+Y15 -> 0 | Z17: =Z13+Z15 -> 60725 | AA17: =Z17-Y17 -> 60725 | AB17: =AB13+AB15 -> 0 | AC17: =AC13+AC15 -> 33370 | AD17: =AC17-AB17 -> 33370 | AE17: =AE13+AE15 -> 0 | AF17: =AF13+AF15 -> 0 | AG17: =AF17-AE17 -> 0 | AH17: =AH13+AH15 -> 0 | AI17: =AI13+AI15 -> 94095 | AJ17: =AI17-AH17 -> 94095 | AK17: =AK13+AK15 -> 185044.76 | AL17: =AL13+AL15 -> 0 | AM17: =AL17-AK17 -> -185044.76 | AN17: =AN13+AN15 -> 143071.68 | AO17: =AO13+AO15 -> 728010 | AP17: =AO17-AN17 -> 584938.32 | AQ17: =AQ13+AQ15 -> 328116.43 | AR17: =AR13+AR15 -> 728010 | AS17: =AR17-AQ17 -> 399893.57 | AT17: =AT13+AT15 -> 1269734.9 | AU17: =AU13+AU15 -> 1283417 | AV17: =AU17-AT17 -> 13682.068 | AX17: =+'사업장별(당월)'!O32*1000 -> 1269734.9 | AY17: =+'사업장별(당월)'!P32*1000 -> 1283417
E18: 영업이익 | F18: 자가이송 | G18: =+IFERROR(HLOOKUP($A$1,[14]손익!$G$5:$R$132,115,),) -> 89338.68 | H18: =+'[7]서부산크라샤(당월)'!$F$87 -> 97514.109 | I18: =H18-G18 -> 8175.4291 | J18: =+IFERROR(HLOOKUP($A$1,[14]손익!$G$5:$R$132,117,),) -> 88496.96 | K18: =+'[7]서부산크라샤(당월)'!$I$87 -> 60894.968 | L18: =K18-J18 -> -27601.992 | M18: =+IFERROR(HLOOKUP($A$1,[14]손익!$G$5:$R$132,119,),) -> 0 | N18: =+'[7]서부산크라샤(당월)'!$L$87 -> 0 | O18: =N18-M18 -> 0 | Q18: =+'[7]서부산크라샤(당월)'!$U$87 -> 0 | R18: =Q18-P18 -> 0 | T18: =+'[7]서부산크라샤(당월)'!$R$87 -> 0 | U18: =T18-S18 -> 0 | V18: =+G18+J18+M18+P18+S18 -> 177835.64 | W18: =+H18+K18+N18+Q18+T18 -> 158409.08 | X18: =W18-V18 -> -19426.562 | Y18: =+IFERROR(HLOOKUP($A$1,[15]손익!$G$5:$R$147,115,),) -> -60852.63 | Z18: =+'[7]부산크라샤(당월)'!$F$87 -> -311765.7 | AA18: =Z18-Y18 -> -250913.07 | AB18: =+IFERROR(HLOOKUP($A$1,[15]손익!$G$5:$R$147,117,),) -> -60252.65 | AC18: =+'[7]부산크라샤(당월)'!$I$87 -> -880.37281 | AD18: =AC18-AB18 -> 59372.277 | AE18: =+IFERROR(HLOOKUP($A$1,[15]손익!$G$5:$R$147,119,),) -> 0 | AF18: =+'[7]부산크라샤(당월)'!$L$87 -> 0 | AG18: =AF18-AE18 -> 0 | AH18: =+Y18+AB18+AE18 -> -121105.28 | AI18: =+Z18+AC18+AF18 -> -312646.07 | AJ18: =AI18-AH18 -> -191540.79 | AK18: =+IFERROR(HLOOKUP($A$1,[16]판매계획!$G$42:$S$72,25,),) -> -1634.3793 | AL18: =+'[17]부산모래장(손익)'!$E$55/1000 -> 0 | AM18: =AL18-AK18 -> 1634.3793 | AN18: =+IFERROR(HLOOKUP($A$1,[16]판매계획!$G$42:$S$72,26,),) -> -23279.153 | AO18: =+IFERROR(HLOOKUP($AN$6,'[17]부산모래장(손익)'!$C$35:$K$100,21,),)/1000 -> 10238.221 | AP18: =AO18-AN18 -> 33517.374 | AQ18: =AK18+AN18 -> -24913.532 | AR18: =AL18+AO18 -> 10238.221 | AS18: =AR18-AQ18 -> 35151.754 | AT18: =+V18+AH18+AQ18 -> 31816.827 | AU18: =+W18+AI18+AR18 -> -143998.78 | AV18: =AU18-AT18 -> -175815.6 | AX18: =+AX17=AT17 -> TRUE | AY18: =+AY17=AU17 -> TRUE
F19: 외부판매 | G19: =+IFERROR(HLOOKUP($A$1,[14]손익!$G$5:$R$132,116,),) -> 33822.858 | H19: =+'[7]서부산크라샤(당월)'!$F$86 -> 3789.7953 | I19: =H19-G19 -> -30033.062 | J19: =+IFERROR(HLOOKUP($A$1,[14]손익!$G$5:$R$132,118,),) -> 28074.309 | K19: =+'[7]서부산크라샤(당월)'!$I$86 -> 0 | L19: =K19-J19 -> -28074.309 | M19: =+IFERROR(HLOOKUP($A$1,[14]손익!$G$5:$R$132,120,),) -> 12031.847 | N19: =+'[7]서부산크라샤(당월)'!$L$86 -> 1434.1683 | O19: =N19-M19 -> -10597.678 | Q19: =+'[7]서부산크라샤(당월)'!$U$86 -> 2159.3171 | R19: =Q19-P19 -> 2159.3171 | T19: =+'[7]서부산크라샤(당월)'!$R$86 -> 185.83768 | U19: =T19-S19 -> 185.83768 | V19: =+G19+J19+M19+P19+S19 -> 73929.013 | W19: =+H19+K19+N19+Q19+T19 -> 7569.1184 | X19: =W19-V19 -> -66359.895 | Y19: =+IFERROR(HLOOKUP($A$1,[15]손익!$G$5:$R$147,116,),) -> -40027.314 | Z19: =+'[7]부산크라샤(당월)'!$F$86 -> 0 | AA19: =Z19-Y19 -> 40027.314 | AB19: =+IFERROR(HLOOKUP($A$1,[15]손익!$G$5:$R$147,118,),) -> -48494.63 | AC19: =+'[7]부산크라샤(당월)'!$I$86 -> 0 | AD19: =AC19-AB19 -> 48494.63 | AE19: =+IFERROR(HLOOKUP($A$1,[15]손익!$G$5:$R$147,120,),) -> -13855.609 | AF19: =+'[7]부산크라샤(당월)'!$L$86 -> 0 | AG19: =AF19-AE19 -> 13855.609 | AH19: =+Y19+AB19+AE19 -> -102377.55 | AI19: =+Z19+AC19+AF19 -> 0 | AJ19: =AI19-AH19 -> 102377.55 | AK19: =+IFERROR(HLOOKUP($A$1,[16]판매계획!$G$42:$S$72,23,),) -> 6787.8002 | AL19: =+'[17]부산모래장(손익)'!$E$54/1000 -> 0 | AM19: =AL19-AK19 -> -6787.8002 | AN19: =+IFERROR(HLOOKUP($A$1,[16]판매계획!$G$42:$S$72,24,),) -> 0 | AO19: =+IFERROR(HLOOKUP($AN$6,'[17]부산모래장(손익)'!$C$35:$K$100,20,),)/1000 -> 9614.1878 | AP19: =AO19-AN19 -> 9614.1878 | AQ19: =AK19+AN19 -> 6787.8002 | AR19: =AL19+AO19 -> 9614.1878 | AS19: =AR19-AQ19 -> 2826.3876 | AT19: =+V19+AH19+AQ19 -> -21660.739 | AU19: =+W19+AI19+AR19 -> 17183.306 | AV19: =AU19-AT19 -> 38844.045
F20: (소계) | G20: =G18+G19 -> 123161.54 | H20: =H18+H19 -> 101303.9 | I20: =H20-G20 -> -21857.633 | J20: =J18+J19 -> 116571.27 | K20: =K18+K19 -> 60894.968 | L20: =K20-J20 -> -55676.3 | M20: =M18+M19 -> 12031.847 | N20: =N18+N19 -> 1434.1683 | O20: =N20-M20 -> -10597.678 | Q20: =Q18+Q19 -> 2159.3171 | R20: =Q20-P20 -> 2159.3171 | T20: =T18+T19 -> 185.83768 | U20: =T20-S20 -> 185.83768 | V20: =V18+V19 -> 251764.65 | W20: =W18+W19 -> 165978.2 | X20: =W20-V20 -> -85786.457 | Y20: =Y18+Y19 -> -100879.94 | Z20: =Z18+Z19 -> -311765.7 | AA20: =Z20-Y20 -> -210885.76 | AB20: =AB18+AB19 -> -108747.28 | AC20: =AC18+AC19 -> -880.37281 | AD20: =AC20-AB20 -> 107866.91 | AE20: =AE18+AE19 -> -13855.609 | AF20: =AF18+AF19 -> 0 | AG20: =AF20-AE20 -> 13855.609 | AH20: =AH18+AH19 -> -223482.83 | AI20: =AI18+AI19 -> -312646.07 | AJ20: =AI20-AH20 -> -89163.243 | AK20: =AK18+AK19 -> 5153.4209 | AL20: =AL18+AL19 -> 0 | AM20: =AL20-AK20 -> -5153.4209 | AN20: =AN18+AN19 -> -23279.153 | AO20: =AO18+AO19 -> 19852.409 | AP20: =AO20-AN20 -> 43131.562 | AQ20: =AQ18+AQ19 -> -18125.732 | AR20: =AR18+AR19 -> 19852.409 | AS20: =AR20-AQ20 -> 37978.141 | AT20: =AT18+AT19 -> 10156.088 | AU20: =AU18+AU19 -> -126815.47 | AV20: =AU20-AT20 -> -136971.56 | AX20: =+'사업장별(당월)'!T32*1000 -> 10156.088 | AY20: ='사업장별(당월)'!U32*1000 -> -126815.47
E21: 자가이송 | F21: 부산 | G21: =+IFERROR(HLOOKUP($A$1,[14]물량!$G$5:$R$83,2,),) -> 11160.626 | H21: =+'[7]서부산크라샤(당월)'!$F$60 -> 11104 | I21: =H21-G21 -> -56.6264 | J21: =+IFERROR(HLOOKUP($A$1,[14]물량!$G$5:$R$83,10,),) -> 8108.6148 | K21: =+'[7]서부산크라샤(당월)'!$I$60 -> 6896 | L21: =K21-J21 -> -1212.6148 | N21: =+'[7]서부산크라샤(당월)'!$L$60 -> 0 | O21: =N21-M21 -> 0 | Q21: =+'[7]서부산크라샤(당월)'!$U$60 -> 0 | R21: =Q21-P21 -> 0 | T21: =+'[7]서부산크라샤(당월)'!$R$60 -> 0 | U21: =T21-S21 -> 0 | V21: =+G21+J21+M21+P21+S21 -> 19269.241 | W21: =+H21+K21+N21+Q21+T21 -> 18000 | X21: =W21-V21 -> -1269.2412 | Y21: =+IFERROR(HLOOKUP($A$1,[15]물량!$G$5:$R$97,2,),) -> 0.1 | Z21: =+'[7]부산크라샤(당월)'!$F$60 -> 3470 | AA21: =Z21-Y21 -> 3469.9 | AB21: =+IFERROR(HLOOKUP($A$1,[15]물량!$G$5:$R$97,10,),) -> 0 | AC21: =+'[7]부산크라샤(당월)'!$I$60 -> 1420 | AD21: =AC21-AB21 -> 1420 | AF21: =+'[7]부산크라샤(당월)'!$L$60 -> 0 | AG21: =AF21-AE21 -> 0 | AH21: =+Y21+AB21+AE21 -> 0.1 | AI21: =+Z21+AC21+AF21 -> 4890 | AJ21: =AI21-AH21 -> 4889.9 | AK21: =+IFERROR(HLOOKUP($A$1,[16]이송계획!$G$6:$R$318,2,),) -> 264.33566 | AL21: =+'[17]부산모래장(손익)'!$P$38 -> 0 | AM21: =AL21-AK21 -> -264.33566 | AN21: =+IFERROR(HLOOKUP($A$1,[16]이송계획!$G$6:$R$318,9,),) -> 4361.5385 | AO21: =+'[17]부산모래장(손익)'!$O$38 -> 0 | AP21: =AO21-AN21 -> -4361.5385 | AQ21: =AK21+AN21 -> 4625.8741 | AR21: =AL21+AO21 -> 0 | AS21: =AR21-AQ21 -> -4625.8741 | AT21: =+V21+AH21+AQ21 -> 23895.215 | AU21: =+W21+AI21+AR21 -> 22890 | AV21: =AU21-AT21 -> -1005.2153 | AX21: =+AX20=AT20 -> TRUE | AY21: =+AY20=AU20 -> FALSE
E22: 물량 | F22: 서부산 | G22: =+IFERROR(HLOOKUP($A$1,[14]물량!$G$5:$R$83,3,),) -> 10944.467 | H22: =+'[7]서부산크라샤(당월)'!$F$61 -> 8000 | I22: =H22-G22 -> -2944.4667 | J22: =+IFERROR(HLOOKUP($A$1,[14]물량!$G$5:$R$83,11,),) -> 7136 | K22: =+'[7]서부산크라샤(당월)'!$I$61 -> 1000 | L22: =K22-J22 -> -6136 | N22: =+'[7]서부산크라샤(당월)'!$L$61 -> 0 | O22: =N22-M22 -> 0 | Q22: =+'[7]서부산크라샤(당월)'!$U$61 -> 0 | R22: =Q22-P22 -> 0 | T22: =+'[7]서부산크라샤(당월)'!$R$61 -> 0 | U22: =T22-S22 -> 0 | V22: =+G22+J22+M22+P22+S22 -> 18080.467 | W22: =+H22+K22+N22+Q22+T22 -> 9000 | X22: =W22-V22 -> -9080.4667 | Y22: =+IFERROR(HLOOKUP($A$1,[15]물량!$G$5:$R$97,3,),) -> 0 | Z22: =+'[7]부산크라샤(당월)'!$F$61 -> 0 | AA22: =Z22-Y22 -> 0 | AB22: =+IFERROR(HLOOKUP($A$1,[15]물량!$G$5:$R$97,11,),) -> 0 | AC22: =+'[7]부산크라샤(당월)'!$I$61 -> 0 | AD22: =AC22-AB22 -> 0 | AF22: =+'[7]부산크라샤(당월)'!$L$61 -> 0 | AG22: =AF22-AE22 -> 0 | AH22: =+Y22+AB22+AE22 -> 0 | AI22: =+Z22+AC22+AF22 -> 0 | AJ22: =AI22-AH22 -> 0 | AK22: =+IFERROR(HLOOKUP($A$1,[16]이송계획!$G$6:$R$318,3,),) -> 0 | AL22: =+'[17]부산모래장(손익)'!$P$39 -> 0 | AM22: =AL22-AK22 -> 0 | AN22: =+IFERROR(HLOOKUP($A$1,[16]이송계획!$G$6:$R$318,10,),) -> 0 | AO22: =+'[17]부산모래장(손익)'!$O$39 -> 2528 | AP22: =AO22-AN22 -> 2528 | AQ22: =AK22+AN22 -> 0 | AR22: =AL22+AO22 -> 2528 | AS22: =AR22-AQ22 -> 2528 | AT22: =+V22+AH22+AQ22 -> 18080.467 | AU22: =+W22+AI22+AR22 -> 11528 | AV22: =AU22-AT22 -> -6552.4667 | AX22: =+AT20-AX20 -> -1.8189894e-11 | AY22: =+AU20-AY20 -> 0.00054109118
F23: 김해 | G23: =+IFERROR(HLOOKUP($A$1,[14]물량!$G$5:$R$83,4,),) -> 1334.6667 | H23: =+'[7]서부산크라샤(당월)'!$F$62 -> 0 | I23: =H23-G23 -> -1334.6667 | J23: =+IFERROR(HLOOKUP($A$1,[14]물량!$G$5:$R$83,12,),) -> 1152.6667 | K23: =+'[7]서부산크라샤(당월)'!$I$62 -> 0 | L23: =K23-J23 -> -1152.6667 | N23: =+'[7]서부산크라샤(당월)'!$L$62 -> 0 | O23: =N23-M23 -> 0 | Q23: =+'[7]서부산크라샤(당월)'!$U$62 -> 0 | R23: =Q23-P23 -> 0 | T23: =+'[7]서부산크라샤(당월)'!$R$62 -> 0 | U23: =T23-S23 -> 0 | V23: =+G23+J23+M23+P23+S23 -> 2487.3333 | W23: =+H23+K23+N23+Q23+T23 -> 0 | X23: =W23-V23 -> -2487.3333 | Y23: =+IFERROR(HLOOKUP($A$1,[15]물량!$G$5:$R$97,4,),) -> 0 | Z23: =+'[7]부산크라샤(당월)'!$F$62 -> 0 | AA23: =Z23-Y23 -> 0 | AB23: =+IFERROR(HLOOKUP($A$1,[15]물량!$G$5:$R$97,12,),) -> 0 | AC23: =+'[7]부산크라샤(당월)'!$I$62 -> 0 | AD23: =AC23-AB23 -> 0 | AF23: =+'[7]부산크라샤(당월)'!$L$62 -> 0 | AG23: =AF23-AE23 -> 0 | AH23: =+Y23+AB23+AE23 -> 0 | AI23: =+Z23+AC23+AF23 -> 0 | AJ23: =AI23-AH23 -> 0 | AK23: =+IFERROR(HLOOKUP($A$1,[16]이송계획!$G$6:$R$318,4,),) -> 0 | AL23: =+'[17]부산모래장(손익)'!$P$40 -> 0 | AM23: =AL23-AK23 -> 0 | AN23: =+IFERROR(HLOOKUP($A$1,[16]이송계획!$G$6:$R$318,11,),) -> 0 | AO23: =+'[17]부산모래장(손익)'!$O$40 -> 1536 | AP23: =AO23-AN23 -> 1536 | AQ23: =AK23+AN23 -> 0 | AR23: =AL23+AO23 -> 1536 | AS23: =AR23-AQ23 -> 1536 | AT23: =+V23+AH23+AQ23 -> 2487.3333 | AU23: =+W23+AI23+AR23 -> 1536 | AV23: =AU23-AT23 -> -951.33333
F24: 정관 | G24: =+IFERROR(HLOOKUP($A$1,[14]물량!$G$5:$R$83,5,),) -> 0 | H24: =+'[7]서부산크라샤(당월)'!$F$63 -> 0 | I24: =H24-G24 -> 0 | J24: =+IFERROR(HLOOKUP($A$1,[14]물량!$G$5:$R$83,13,),) -> 0 | K24: =+'[7]서부산크라샤(당월)'!$I$63 -> 0 | L24: =K24-J24 -> 0 | N24: =+'[7]서부산크라샤(당월)'!$L$63 -> 0 | O24: =N24-M24 -> 0 | Q24: =+'[7]서부산크라샤(당월)'!$U$63 -> 0 | R24: =Q24-P24 -> 0 | T24: =+'[7]서부산크라샤(당월)'!$R$63 -> 0 | U24: =T24-S24 -> 0 | V24: =+G24+J24+M24+P24+S24 -> 0 | W24: =+H24+K24+N24+Q24+T24 -> 0 | X24: =W24-V24 -> 0 | Y24: =+IFERROR(HLOOKUP($A$1,[15]물량!$G$5:$R$97,5,),) -> 0 | Z24: =+'[7]부산크라샤(당월)'!$F$63 -> 0 | AA24: =Z24-Y24 -> 0 | AB24: =+IFERROR(HLOOKUP($A$1,[15]물량!$G$5:$R$97,13,),) -> 0 | AC24: =+'[7]부산크라샤(당월)'!$I$63 -> 0 | AD24: =AC24-AB24 -> 0 | AF24: =+'[7]부산크라샤(당월)'!$L$63 -> 0 | AG24: =AF24-AE24 -> 0 | AH24: =+Y24+AB24+AE24 -> 0 | AI24: =+Z24+AC24+AF24 -> 0 | AJ24: =AI24-AH24 -> 0 | AK24: =+IFERROR(HLOOKUP($A$1,[16]이송계획!$G$6:$R$318,5,),) -> 4850.1585 | AL24: =+'[17]부산모래장(손익)'!$P$41 -> 0 | AM24: =AL24-AK24 -> -4850.1585 | AN24: =+IFERROR(HLOOKUP($A$1,[16]이송계획!$G$6:$R$318,12,),) -> 0 | AO24: =+'[17]부산모래장(손익)'!$O$41 -> 3200 | AP24: =AO24-AN24 -> 3200 | AQ24: =AK24+AN24 -> 4850.1585 | AR24: =AL24+AO24 -> 3200 | AS24: =AR24-AQ24 -> -1650.1585 | AT24: =+V24+AH24+AQ24 -> 4850.1585 | AU24: =+W24+AI24+AR24 -> 3200 | AV24: =AU24-AT24 -> -1650.1585
F25: 양산 | G25: =+IFERROR(HLOOKUP($A$1,[14]물량!$G$5:$R$83,6,),) -> 0 | H25: =+'[7]서부산크라샤(당월)'!$F$64 -> 0 | I25: =H25-G25 -> 0 | J25: =+IFERROR(HLOOKUP($A$1,[14]물량!$G$5:$R$83,14,),) -> 0 | K25: =+'[7]서부산크라샤(당월)'!$I$64 -> 0 | L25: =K25-J25 -> 0 | N25: =+'[7]서부산크라샤(당월)'!$L$64 -> 0 | O25: =N25-M25 -> 0 | Q25: =+'[7]서부산크라샤(당월)'!$U$64 -> 0 | R25: =Q25-P25 -> 0 | T25: =+'[7]서부산크라샤(당월)'!$R$64 -> 0 | U25: =T25-S25 -> 0 | V25: =+G25+J25+M25+P25+S25 -> 0 | W25: =+H25+K25+N25+Q25+T25 -> 0 | X25: =W25-V25 -> 0 | Y25: =+IFERROR(HLOOKUP($A$1,[15]물량!$G$5:$R$97,6,),) -> 0 | Z25: =+'[7]부산크라샤(당월)'!$F$64 -> 0 | AA25: =Z25-Y25 -> 0 | AB25: =+IFERROR(HLOOKUP($A$1,[15]물량!$G$5:$R$97,14,),) -> 0 | AC25: =+'[7]부산크라샤(당월)'!$I$64 -> 0 | AD25: =AC25-AB25 -> 0 | AF25: =+'[7]부산크라샤(당월)'!$L$64 -> 0 | AG25: =AF25-AE25 -> 0 | AH25: =+Y25+AB25+AE25 -> 0 | AI25: =+Z25+AC25+AF25 -> 0 | AJ25: =AI25-AH25 -> 0 | AK25: =+IFERROR(HLOOKUP($A$1,[16]이송계획!$G$6:$R$318,6,),) -> 0 | AL25: =+'[17]부산모래장(손익)'!$P$42 -> 0 | AM25: =AL25-AK25 -> 0 | AN25: =+IFERROR(HLOOKUP($A$1,[16]이송계획!$G$6:$R$318,13,),) -> 0 | AO25: =+'[17]부산모래장(손익)'!$O$42 -> 0 | AP25: =AO25-AN25 -> 0 | AQ25: =AK25+AN25 -> 0 | AR25: =AL25+AO25 -> 0 | AS25: =AR25-AQ25 -> 0 | AT25: =+V25+AH25+AQ25 -> 0 | AU25: =+W25+AI25+AR25 -> 0 | AV25: =AU25-AT25 -> 0
F26: 창원 | G26: =+IFERROR(HLOOKUP($A$1,[14]물량!$G$5:$R$83,7,),) -> 616.73333 | H26: =+'[7]서부산크라샤(당월)'!$F$65 -> 0 | I26: =H26-G26 -> -616.73333 | J26: =+IFERROR(HLOOKUP($A$1,[14]물량!$G$5:$R$83,15,),) -> 346.32258 | K26: =+'[7]서부산크라샤(당월)'!$I$65 -> 0 | L26: =K26-J26 -> -346.32258 | N26: =+'[7]서부산크라샤(당월)'!$L$65 -> 0 | O26: =N26-M26 -> 0 | Q26: =+'[7]서부산크라샤(당월)'!$U$65 -> 0 | R26: =Q26-P26 -> 0 | T26: =+'[7]서부산크라샤(당월)'!$R$65 -> 0 | U26: =T26-S26 -> 0 | V26: =+G26+J26+M26+P26+S26 -> 963.05591 | W26: =+H26+K26+N26+Q26+T26 -> 0 | X26: =W26-V26 -> -963.05591 | Y26: =+IFERROR(HLOOKUP($A$1,[15]물량!$G$5:$R$97,7,),) -> 0 | Z26: =+'[7]부산크라샤(당월)'!$F$65 -> 0 | AA26: =Z26-Y26 -> 0 | AB26: =+IFERROR(HLOOKUP($A$1,[15]물량!$G$5:$R$97,15,),) -> 0 | AC26: =+'[7]부산크라샤(당월)'!$I$65 -> 0 | AD26: =AC26-AB26 -> 0 | AF26: =+'[7]부산크라샤(당월)'!$L$65 -> 0 | AG26: =AF26-AE26 -> 0 | AH26: =+Y26+AB26+AE26 -> 0 | AI26: =+Z26+AC26+AF26 -> 0 | AJ26: =AI26-AH26 -> 0 | AK26: =+IFERROR(HLOOKUP($A$1,[16]이송계획!$G$6:$R$318,7,),) -> 0 | AL26: =+'[17]부산모래장(손익)'!$P$43 -> 0 | AM26: =AL26-AK26 -> 0 | AN26: =+IFERROR(HLOOKUP($A$1,[16]이송계획!$G$6:$R$318,14,),) -> 0 | AO26: =+'[17]부산모래장(손익)'!$O$43 -> 0 | AP26: =AO26-AN26 -> 0 | AQ26: =AK26+AN26 -> 0 | AR26: =AL26+AO26 -> 0 | AS26: =AR26-AQ26 -> 0 | AT26: =+V26+AH26+AQ26 -> 963.05591 | AU26: =+W26+AI26+AR26 -> 0 | AV26: =AU26-AT26 -> -963.05591
E27: 자가이송 | F27: 부산 | G27: =+IFERROR(HLOOKUP($A$1,[14]매출!$G$5:$R$170,2,),) -> 12500 | H27: =IFERROR(H35/H21,)*1000 -> 12500 | I27: =H27-G27 -> 0 | J27: =+IFERROR(HLOOKUP($A$1,[14]매출!$G$5:$R$170,10,),) -> 18500 | K27: =IFERROR(K35/K21,)*1000 -> 16000 | L27: =K27-J27 -> -2500 | N27: =IFERROR(N35/N21,)*1000 -> 0 | O27: =N27-M27 -> 0 | Q27: =IFERROR(Q35/Q21,)*1000 -> 0 | R27: =Q27-P27 -> 0 | T27: =IFERROR(T35/T21,)*1000 -> 0 | U27: =T27-S27 -> 0 | V27: =+IFERROR(HLOOKUP($A$1,[14]매출!$G$5:$R$170,50,),) -> 15024.837 | W27: =IFERROR(W35/W21,)*1000 -> 13840.889 | X27: =W27-V27 -> -1183.9479 | Y27: =+IFERROR(HLOOKUP($A$1,[15]매출!$G$5:$R$164,2,),) -> 0 | Z27: =IFERROR(Z35/Z21,)*1000 -> 17500 | AA27: =Z27-Y27 -> 17500 | AB27: =+IFERROR(HLOOKUP($A$1,[15]매출!$G$5:$R$164,10,),) -> 0 | AC27: =IFERROR(AC35/AC21,)*1000 -> 23500 | AD27: =AC27-AB27 -> 23500 | AF27: =IFERROR(AF35/AF21,)*1000 -> 0 | AG27: =AF27-AE27 -> 0 | AH27: =+IFERROR(HLOOKUP($A$1,[15]매출!$G$5:$R$164,50,),) -> 0 | AI27: =+Z27+AC27+AF27 -> 41000 | AJ27: =AI27-AH27 -> 41000 | AK27: =+IFERROR(HLOOKUP($A$1,[16]이송계획!$G$6:$R$318,34,),) -> 38000 | AL27: =+'[17]부산모래장(손익)'!$P$46 -> 0 | AM27: =AL27-AK27 -> -38000 | AN27: =+IFERROR(HLOOKUP($A$1,[16]이송계획!$G$6:$R$318,41,),) -> 30500 | AO27: =+IFERROR(INDEX('[17]부산모래장(손익)'!$O$46:$S$51,MATCH($F27,'[17]부산모래장(손익)'!$M$46:$M$51,),MATCH($AN$6,'[17]부산모래장(손익)'!$O$37:$S$37,)),) -> 34500 | AP27: =AO27-AN27 -> 4000 | AQ27: =IFERROR(AQ35/AQ21,)*1000 -> 2171.4286 | AR27: =IFERROR(AR35/AR21,)*1000 -> 0 | AS27: =AR27-AQ27 -> -2171.4286 | AT27: =IFERROR(AT35/AT21,)*1000 -> 12536.483 | AU27: =IFERROR(AU35/AU21,)*1000 -> 21876.715 | AV27: =AU27-AT27 -> 9340.2318
E28: 단가 | F28: 서부산 | G28: =+IFERROR(HLOOKUP($A$1,[14]매출!$G$5:$R$170,3,),) -> 16000 | H28: =IFERROR(H36/H22,)*1000 -> 17000 | I28: =H28-G28 -> 1000 | J28: =+IFERROR(HLOOKUP($A$1,[14]매출!$G$5:$R$170,11,),) -> 22000 | K28: =IFERROR(K36/K22,)*1000 -> 22000 | L28: =K28-J28 -> 0 | N28: =IFERROR(N36/N22,)*1000 -> 0 | O28: =N28-M28 -> 0 | Q28: =IFERROR(Q36/Q22,)*1000 -> 0 | R28: =Q28-P28 -> 0 | T28: =IFERROR(T36/T22,)*1000 -> 0 | U28: =T28-S28 -> 0 | V28: =+IFERROR(HLOOKUP($A$1,[14]매출!$G$5:$R$170,51,),) -> 18368.08 | W28: =IFERROR(W36/W22,)*1000 -> 17555.556 | X28: =W28-V28 -> -812.52491 | Y28: =+IFERROR(HLOOKUP($A$1,[15]매출!$G$5:$R$164,3,),) -> 0 | Z28: =IFERROR(Z36/Z22,)*1000 -> 0 | AA28: =Z28-Y28 -> 0 | AB28: =+IFERROR(HLOOKUP($A$1,[15]매출!$G$5:$R$164,11,),) -> 0 | AC28: =IFERROR(AC36/AC22,)*1000 -> 0 | AD28: =AC28-AB28 -> 0 | AF28: =IFERROR(AF36/AF22,)*1000 -> 0 | AG28: =AF28-AE28 -> 0 | AH28: =+IFERROR(HLOOKUP($A$1,[15]매출!$G$5:$R$164,51,),) -> 0 | AI28: =+Z28+AC28+AF28 -> 0 | AJ28: =AI28-AH28 -> 0 | AK28: =+IFERROR(HLOOKUP($A$1,[16]이송계획!$G$6:$R$318,35,),) -> 0 | AL28: =+'[17]부산모래장(손익)'!$P$47 -> 0 | AM28: =AL28-AK28 -> 0 | AN28: =+IFERROR(HLOOKUP($A$1,[16]이송계획!$G$6:$R$318,42,),) -> 0 | AO28: =+IFERROR(INDEX('[17]부산모래장(손익)'!$O$46:$S$51,MATCH($F28,'[17]부산모래장(손익)'!$M$46:$M$51,),MATCH($AN$6,'[17]부산모래장(손익)'!$O$37:$S$37,)),) -> 30000 | AP28: =AO28-AN28 -> 30000 | AQ28: =IFERROR(AQ36/AQ22,)*1000 -> 0 | AR28: =IFERROR(AR36/AR22,)*1000 -> 30000 | AS28: =AR28-AQ28 -> 30000 | AT28: =IFERROR(AT36/AT22,)*1000 -> 18923.639 | AU28: =IFERROR(AU36/AU22,)*1000 -> 20284.525 | AV28: =AU28-AT28 -> 1360.8858
F29: 김해 | G29: =+IFERROR(HLOOKUP($A$1,[14]매출!$G$5:$R$170,4,),) -> 10000 | H29: =IFERROR(H37/H23,)*1000 -> 0 | I29: =H29-G29 -> -10000 | J29: =+IFERROR(HLOOKUP($A$1,[14]매출!$G$5:$R$170,12,),) -> 16000 | K29: =IFERROR(K37/K23,)*1000 -> 0 | L29: =K29-J29 -> -16000 | N29: =IFERROR(N37/N23,)*1000 -> 0 | O29: =N29-M29 -> 0 | Q29: =IFERROR(Q37/Q23,)*1000 -> 0 | R29: =Q29-P29 -> 0 | T29: =IFERROR(T37/T23,)*1000 -> 0 | U29: =T29-S29 -> 0 | V29: =+IFERROR(HLOOKUP($A$1,[14]매출!$G$5:$R$170,52,),) -> 12780.488 | W29: =IFERROR(W37/W23,)*1000 -> 0 | X29: =W29-V29 -> -12780.488 | Y29: =+IFERROR(HLOOKUP($A$1,[15]매출!$G$5:$R$164,4,),) -> 0 | Z29: =IFERROR(Z37/Z23,)*1000 -> 0 | AA29: =Z29-Y29 -> 0 | AB29: =+IFERROR(HLOOKUP($A$1,[15]매출!$G$5:$R$164,12,),) -> 0 | AC29: =IFERROR(AC37/AC23,)*1000 -> 0 | AD29: =AC29-AB29 -> 0 | AF29: =IFERROR(AF37/AF23,)*1000 -> 0 | AG29: =AF29-AE29 -> 0 | AH29: =+IFERROR(HLOOKUP($A$1,[15]매출!$G$5:$R$164,52,),) -> 0 | AI29: =+Z29+AC29+AF29 -> 0 | AJ29: =AI29-AH29 -> 0 | AK29: =+IFERROR(HLOOKUP($A$1,[16]이송계획!$G$6:$R$318,36,),) -> 0 | AL29: =+'[17]부산모래장(손익)'!$P$48 -> 0 | AM29: =AL29-AK29 -> 0 | AN29: =+IFERROR(HLOOKUP($A$1,[16]이송계획!$G$6:$R$318,43,),) -> 0 | AO29: =+IFERROR(INDEX('[17]부산모래장(손익)'!$O$46:$S$51,MATCH($F29,'[17]부산모래장(손익)'!$M$46:$M$51,),MATCH($AN$6,'[17]부산모래장(손익)'!$O$37:$S$37,)),) -> 30000 | AP29: =AO29-AN29 -> 30000 | AQ29: =IFERROR(AQ37/AQ23,)*1000 -> 0 | AR29: =IFERROR(AR37/AR23,)*1000 -> 30000 | AS29: =AR29-AQ29 -> 30000 | AT29: =IFERROR(AT37/AT23,)*1000 -> 66262.231 | AU29: =IFERROR(AU37/AU23,)*1000 -> 30000 | AV29: =AU29-AT29 -> -36262.231
F30: 정관 | G30: =+IFERROR(HLOOKUP($A$1,[14]매출!$G$5:$R$170,5,),) -> 0 | H30: =IFERROR(H38/H24,)*1000 -> 0 | I30: =H30-G30 -> 0 | J30: =+IFERROR(HLOOKUP($A$1,[14]매출!$G$5:$R$170,13,),) -> 0 | K30: =IFERROR(K38/K24,)*1000 -> 0 | L30: =K30-J30 -> 0 | N30: =IFERROR(N38/N24,)*1000 -> 0 | O30: =N30-M30 -> 0 | Q30: =IFERROR(Q38/Q24,)*1000 -> 0 | R30: =Q30-P30 -> 0 | T30: =IFERROR(T38/T24,)*1000 -> 0 | U30: =T30-S30 -> 0 | V30: =+IFERROR(HLOOKUP($A$1,[14]매출!$G$5:$R$170,53,),) -> 0 | W30: =IFERROR(W38/W24,)*1000 -> 0 | X30: =W30-V30 -> 0 | Y30: =+IFERROR(HLOOKUP($A$1,[15]매출!$G$5:$R$164,5,),) -> 0 | Z30: =IFERROR(Z38/Z24,)*1000 -> 0 | AA30: =Z30-Y30 -> 0 | AB30: =+IFERROR(HLOOKUP($A$1,[15]매출!$G$5:$R$164,13,),) -> 0 | AC30: =IFERROR(AC38/AC24,)*1000 -> 0 | AD30: =AC30-AB30 -> 0 | AF30: =IFERROR(AF38/AF24,)*1000 -> 0 | AG30: =AF30-AE30 -> 0 | AH30: =+IFERROR(HLOOKUP($A$1,[15]매출!$G$5:$R$164,53,),) -> 0 | AI30: =+Z30+AC30+AF30 -> 0 | AJ30: =AI30-AH30 -> 0 | AK30: =+IFERROR(HLOOKUP($A$1,[16]이송계획!$G$6:$R$318,37,),) -> 0 | AL30: =+'[17]부산모래장(손익)'!$P$49 -> 0 | AM30: =AL30-AK30 -> 0 | AN30: =+IFERROR(HLOOKUP($A$1,[16]이송계획!$G$6:$R$318,44,),) -> 0 | AO30: =+IFERROR(INDEX('[17]부산모래장(손익)'!$O$46:$S$51,MATCH($F30,'[17]부산모래장(손익)'!$M$46:$M$51,),MATCH($AN$6,'[17]부산모래장(손익)'!$O$37:$S$37,)),) -> 30000 | AP30: =AO30-AN30 -> 30000 | AQ30: =IFERROR(AQ38/AQ24,)*1000 -> 0 | AR30: =IFERROR(AR38/AR24,)*1000 -> 30000 | AS30: =AR30-AQ30 -> 30000 | AT30: =IFERROR(AT38/AT24,)*1000 -> 0 | AU30: =IFERROR(AU38/AU24,)*1000 -> 30000 | AV30: =AU30-AT30 -> 30000
F31: 양산 | G31: =+IFERROR(HLOOKUP($A$1,[14]매출!$G$5:$R$170,6,),) -> 0 | H31: =IFERROR(H39/H25,)*1000 -> 0 | I31: =H31-G31 -> 0 | J31: =+IFERROR(HLOOKUP($A$1,[14]매출!$G$5:$R$170,14,),) -> 0 | K31: =IFERROR(K39/K25,)*1000 -> 0 | L31: =K31-J31 -> 0 | N31: =IFERROR(N39/N25,)*1000 -> 0 | O31: =N31-M31 -> 0 | Q31: =IFERROR(Q39/Q25,)*1000 -> 0 | R31: =Q31-P31 -> 0 | T31: =IFERROR(T39/T25,)*1000 -> 0 | U31: =T31-S31 -> 0 | V31: =+IFERROR(HLOOKUP($A$1,[14]매출!$G$5:$R$170,54,),) -> 0 | W31: =IFERROR(W39/W25,)*1000 -> 0 | X31: =W31-V31 -> 0 | Y31: =+IFERROR(HLOOKUP($A$1,[15]매출!$G$5:$R$164,6,),) -> 0 | Z31: =IFERROR(Z39/Z25,)*1000 -> 0 | AA31: =Z31-Y31 -> 0 | AB31: =+IFERROR(HLOOKUP($A$1,[15]매출!$G$5:$R$164,14,),) -> 0 | AC31: =IFERROR(AC39/AC25,)*1000 -> 0 | AD31: =AC31-AB31 -> 0 | AF31: =IFERROR(AF39/AF25,)*1000 -> 0 | AG31: =AF31-AE31 -> 0 | AH31: =+IFERROR(HLOOKUP($A$1,[15]매출!$G$5:$R$164,54,),) -> 0 | AI31: =+Z31+AC31+AF31 -> 0 | AJ31: =AI31-AH31 -> 0 | AK31: =+IFERROR(HLOOKUP($A$1,[16]이송계획!$G$6:$R$318,38,),) -> 0 | AL31: =+'[17]부산모래장(손익)'!$P$50 -> 0 | AM31: =AL31-AK31 -> 0 | AN31: =+IFERROR(HLOOKUP($A$1,[16]이송계획!$G$6:$R$318,45,),) -> 0 | AO31: =+IFERROR(INDEX('[17]부산모래장(손익)'!$O$46:$S$51,MATCH($F31,'[17]부산모래장(손익)'!$M$46:$M$51,),MATCH($AN$6,'[17]부산모래장(손익)'!$O$37:$S$37,)),) -> 0 | AP31: =AO31-AN31 -> 0 | AQ31: =IFERROR(AQ39/AQ25,)*1000 -> 0 | AR31: =IFERROR(AR39/AR25,)*1000 -> 0 | AS31: =AR31-AQ31 -> 0 | AT31: =IFERROR(AT39/AT25,)*1000 -> 0 | AU31: =IFERROR(AU39/AU25,)*1000 -> 0 | AV31: =AU31-AT31 -> 0
F32: 창원 | G32: =+IFERROR(HLOOKUP($A$1,[14]매출!$G$5:$R$170,7,),) -> 10000 | H32: =IFERROR(H40/H26,)*1000 -> 0 | I32: =H32-G32 -> -10000 | J32: =+IFERROR(HLOOKUP($A$1,[14]매출!$G$5:$R$170,15,),) -> 16000 | K32: =IFERROR(K40/K26,)*1000 -> 0 | L32: =K32-J32 -> -16000 | N32: =IFERROR(N40/N26,)*1000 -> 0 | O32: =N32-M32 -> 0 | Q32: =IFERROR(Q40/Q26,)*1000 -> 0 | R32: =Q32-P32 -> 0 | T32: =IFERROR(T40/T26,)*1000 -> 0 | U32: =T32-S32 -> 0 | V32: =+IFERROR(HLOOKUP($A$1,[14]매출!$G$5:$R$170,55,),) -> 12157.648 | W32: =IFERROR(W40/W26,)*1000 -> 0 | X32: =W32-V32 -> -12157.648 | Y32: =+IFERROR(HLOOKUP($A$1,[15]매출!$G$5:$R$164,7,),) -> 0 | Z32: =IFERROR(Z40/Z26,)*1000 -> 0 | AA32: =Z32-Y32 -> 0 | AB32: =+IFERROR(HLOOKUP($A$1,[15]매출!$G$5:$R$164,15,),) -> 0 | AC32: =IFERROR(AC40/AC26,)*1000 -> 0 | AD32: =AC32-AB32 -> 0 | AF32: =IFERROR(AF40/AF26,)*1000 -> 0 | AG32: =AF32-AE32 -> 0 | AH32: =+IFERROR(HLOOKUP($A$1,[15]매출!$G$5:$R$164,55,),) -> 0 | AI32: =+Z32+AC32+AF32 -> 0 | AJ32: =AI32-AH32 -> 0 | AK32: =+IFERROR(HLOOKUP($A$1,[16]이송계획!$G$6:$R$318,39,),) -> 0 | AL32: =+'[17]부산모래장(손익)'!$P$51 -> 0 | AM32: =AL32-AK32 -> 0 | AN32: =+IFERROR(HLOOKUP($A$1,[16]이송계획!$G$6:$R$318,46,),) -> 0 | AO32: =+IFERROR(INDEX('[17]부산모래장(손익)'!$O$46:$S$51,MATCH($F32,'[17]부산모래장(손익)'!$M$46:$M$51,),MATCH($AN$6,'[17]부산모래장(손익)'!$O$37:$S$37,)),) -> 0 | AP32: =AO32-AN32 -> 0 | AQ32: =IFERROR(AQ40/AQ26,)*1000 -> 0 | AR32: =IFERROR(AR40/AR26,)*1000 -> 0 | AS32: =AR32-AQ32 -> 0 | AT32: =IFERROR(AT40/AT26,)*1000 -> 12157.648 | AU32: =IFERROR(AU40/AU26,)*1000 -> 0 | AV32: =AU32-AT32 -> -12157.648
E35: 자가이송 | F35: 부산 | G35: =+IFERROR(HLOOKUP($A$1,[14]매출!$G$5:$R$149,58,),) -> 139507.83 | H35: =+IFERROR(VLOOKUP($F35,'[17]서부산(손익)'!$O$16:$X$29,3,),)/1000 -> 138800 | I35: =+H35-G35 -> -707.83 | J35: =+IFERROR(HLOOKUP($A$1,[14]매출!$G$5:$R$149,66,),) -> 150009.37 | K35: =+IFERROR(VLOOKUP($F35,'[17]서부산(손익)'!$O$16:$X$29,4,),)/1000 -> 110336 | L35: =+K35-J35 -> -39673.374 | O35: =+N35-M35 -> 0 | V35: =SUM(G35,J35,M35) -> 289517.2 | W35: =SUM(H35,K35,N35) -> 249136 | X35: =+W35-V35 -> -40381.204 | Y35: =+IFERROR(HLOOKUP($A$1,[15]매출!$G$5:$R$170,58,),) -> 0 | Z35: =+IFERROR(VLOOKUP($F35,'[17]부산크라샤(손익)'!$L$16:$R$29,3,),)/1000 -> 60725 | AA35: =+Z35-Y35 -> 60725 | AB35: =+IFERROR(HLOOKUP($A$1,[15]매출!$G$5:$R$170,66,),) -> 0 | AC35: =+IFERROR(VLOOKUP($F35,'[17]부산크라샤(손익)'!$L$16:$R$29,4,),)/1000 -> 33370 | AD35: =+AC35-AB35 -> 33370 | AG35: =+AF35-AE35 -> 0 | AH35: =SUM(Y35,AB35) -> 0 | AI35: =SUM(Z35,AC35) -> 94095 | AJ35: =+AI35-AH35 -> 94095 | AK35: =+IFERROR(HLOOKUP($A$1,[16]이송계획!$G$70:$R$100,2,),) -> 10044.755 | AL35: =+'[17]부산모래장(손익)'!$P16/1000 -> 0 | AN35: =+IFERROR(HLOOKUP($A$1,[16]이송계획!$G$70:$R$100,9,),) -> 0 | AO35: =+IFERROR(INDEX('[17]부산모래장(손익)'!$O$16:$S$21,MATCH($F35,'[17]부산모래장(손익)'!$M$16:$M$21,),MATCH($AN$6,'[17]부산모래장(손익)'!$O$15:$S$15,)),)/1000 -> 157527 | AQ35: =+AK35+AN35 -> 10044.755 | AR35: =+AL35+AO35 -> 157527 | AT35: =+V35+AH35+AQ35 -> 299561.96 | AU35: =+W35+AI35+AR35 -> 500758 | AV35: =+AU35-AT35 -> 201196.04 | AX35: =+IFERROR(INDEX('[17]부산모래장(손익)'!$O$16:$U$21,MATCH($F35,'[17]부산모래장(손익)'!$M$16:$M$21,),MATCH($AL$2,'[17]부산모래장(손익)'!$O$15:$S$15,)),) -> 0
E36: 매출액 | F36: 서부산 | G36: =+IFERROR(HLOOKUP($A$1,[14]매출!$G$5:$R$149,59,),) -> 175111.47 | H36: =+IFERROR(VLOOKUP($F36,'[17]서부산(손익)'!$O$16:$X$29,3,),)/1000 -> 136000 | I36: =+H36-G36 -> -39111.467 | J36: =+IFERROR(HLOOKUP($A$1,[14]매출!$G$5:$R$149,67,),) -> 156992 | K36: =+IFERROR(VLOOKUP($F36,'[17]서부산(손익)'!$O$16:$X$29,4,),)/1000 -> 22000 | L36: =+K36-J36 -> -134992 | O36: =+N36-M36 -> 0 | V36: =SUM(G36,J36,M36) -> 332103.47 | W36: =SUM(H36,K36,N36) -> 158000 | X36: =+W36-V36 -> -174103.47 | Y36: =+IFERROR(HLOOKUP($A$1,[15]매출!$G$5:$R$170,59,),) -> 0 | Z36: =+IFERROR(VLOOKUP($F36,'[17]부산크라샤(손익)'!$L$16:$R$29,3,),)/1000 -> 0 | AA36: =+Z36-Y36 -> 0 | AB36: =+IFERROR(HLOOKUP($A$1,[15]매출!$G$5:$R$170,67,),) -> 0 | AC36: =+IFERROR(VLOOKUP($F36,'[17]부산크라샤(손익)'!$L$16:$R$29,4,),)/1000 -> 0 | AD36: =+AC36-AB36 -> 0 | AG36: =+AF36-AE36 -> 0 | AH36: =SUM(Y36,AB36) -> 0 | AI36: =SUM(Z36,AC36) -> 0 | AJ36: =+AI36-AH36 -> 0 | AK36: =+IFERROR(HLOOKUP($A$1,[16]이송계획!$G$70:$R$100,3,),) -> 0 | AL36: =+'[17]부산모래장(손익)'!$P17/1000 -> 0 | AN36: =+IFERROR(HLOOKUP($A$1,[16]이송계획!$G$70:$R$100,10,),) -> 10044.755 | AO36: =+IFERROR(INDEX('[17]부산모래장(손익)'!$O$16:$S$21,MATCH($F36,'[17]부산모래장(손익)'!$M$16:$M$21,),MATCH($AN$6,'[17]부산모래장(손익)'!$O$15:$S$15,)),)/1000 -> 75840 | AQ36: =+AK36+AN36 -> 10044.755 | AR36: =+AL36+AO36 -> 75840 | AT36: =+V36+AH36+AQ36 -> 342148.22 | AU36: =+W36+AI36+AR36 -> 233840 | AV36: =+AU36-AT36 -> -108308.22 | AX36: =+IFERROR(INDEX('[17]부산모래장(손익)'!$O$16:$U$21,MATCH($F36,'[17]부산모래장(손익)'!$M$16:$M$21,),MATCH($AL$2,'[17]부산모래장(손익)'!$O$15:$S$15,)),) -> 0
F37: 김해 | G37: =+IFERROR(HLOOKUP($A$1,[14]매출!$G$5:$R$149,60,),) -> 13346.667 | H37: =+IFERROR(VLOOKUP($F37,'[17]서부산(손익)'!$O$16:$X$29,3,),)/1000 -> 0 | I37: =+H37-G37 -> -13346.667 | J37: =+IFERROR(HLOOKUP($A$1,[14]매출!$G$5:$R$149,68,),) -> 18442.667 | K37: =+IFERROR(VLOOKUP($F37,'[17]서부산(손익)'!$O$16:$X$29,4,),)/1000 -> 0 | L37: =+K37-J37 -> -18442.667 | O37: =+N37-M37 -> 0 | V37: =SUM(G37,J37,M37) -> 31789.333 | W37: =SUM(H37,K37,N37) -> 0 | X37: =+W37-V37 -> -31789.333 | Y37: =+IFERROR(HLOOKUP($A$1,[15]매출!$G$5:$R$170,60,),) -> 0 | Z37: =+IFERROR(VLOOKUP($F37,'[17]부산크라샤(손익)'!$L$16:$R$29,3,),)/1000 -> 0 | AA37: =+Z37-Y37 -> 0 | AB37: =+IFERROR(HLOOKUP($A$1,[15]매출!$G$5:$R$170,68,),) -> 0 | AC37: =+IFERROR(VLOOKUP($F37,'[17]부산크라샤(손익)'!$L$16:$R$29,4,),)/1000 -> 0 | AD37: =+AC37-AB37 -> 0 | AG37: =+AF37-AE37 -> 0 | AH37: =SUM(Y37,AB37) -> 0 | AI37: =SUM(Z37,AC37) -> 0 | AJ37: =+AI37-AH37 -> 0 | AK37: =+IFERROR(HLOOKUP($A$1,[16]이송계획!$G$70:$R$100,4,),) -> 0 | AL37: =+'[17]부산모래장(손익)'!$P18/1000 -> 0 | AN37: =+IFERROR(HLOOKUP($A$1,[16]이송계획!$G$70:$R$100,11,),) -> 133026.92 | AO37: =+IFERROR(INDEX('[17]부산모래장(손익)'!$O$16:$S$21,MATCH($F37,'[17]부산모래장(손익)'!$M$16:$M$21,),MATCH($AN$6,'[17]부산모래장(손익)'!$O$15:$S$15,)),)/1000 -> 46080 | AQ37: =+AK37+AN37 -> 133026.92 | AR37: =+AL37+AO37 -> 46080 | AT37: =+V37+AH37+AQ37 -> 164816.26 | AU37: =+W37+AI37+AR37 -> 46080 | AV37: =+AU37-AT37 -> -118736.26 | AX37: =+IFERROR(INDEX('[17]부산모래장(손익)'!$O$16:$U$21,MATCH($F37,'[17]부산모래장(손익)'!$M$16:$M$21,),MATCH($AL$2,'[17]부산모래장(손익)'!$O$15:$S$15,)),) -> 0
