Workbook

Sheet 표지
A6: 2025년 6월 마감 손익
A24: 건재사업본부

Sheet 손익총괄
C3: □ 건재사업본부 손익실적(2025-05)
X4: [단위 : 천㎥, 톤, 원/㎥, 원/톤, 백만원]
C5: 구분 | E5: 6월 | J5: 6월 누계 | P5: 6월 주요지표
A6: 2024년 12월 마감 손익 | E6: 계획 | F6: 실적 | G6: 계획대비 | H6: 전년 | I6: 전년대비 | J6: 계획 | K6: 실적 | L6: 계획대비 | M6: 전년 | N6: 전년대비
A7: =+F7/E7 -> 0.87389655 | B7: =+K7/J7 -> 0.90199874 | C7: 물량 | D7: 레미콘 | E7: =+'[1]6월'!$Z$7/1000 -> 290 | F7: =+'[2]6월'!$Z$7/1000 -> 253.43 | G7: =+F7-E7 -> -36.57 | H7: =+'[3]6월'!$Z$7/1000 -> 305.1537 | I7: =+F7-H7 -> -51.7237 | J7: =+'[1]6월누계'!$Z$7/1000 -> 1583 | K7: =+'[2]6월누계'!$Z$7/1000 -> 1427.864 | L7: =+K7-J7 -> -155.136 | M7: =+'[3]6월누계'!$Z$7/1000 -> 1778.2487 | N7: =+K7-M7 -> -350.3847 | Q7: □ 레미콘
D8: 철강재 | E8: =+'[1]6월'!$AA$7 -> 10200 | F8: =+'[2]6월'!$AO$7 -> 6733.593 | G8: =+F8-E8 -> -3466.407 | H8: =+'[3]6월'!$AO$7 -> 7982.061 | I8: =+F8-H8 -> -1248.468 | J8: =+'[1]6월누계'!$AA$7 -> 62200 | K8: =+'[2]6월누계'!$AO$7 -> 62336.339 | L8: =+K8-J8 -> 136.339 | M8: =+'[3]6월누계'!$AO$7 -> 48080.048 | N8: =+K8-M8 -> 14256.291 | Q8: 구분 | S8: 계획 | T8: 실적 | U8: 계획대비 | V8: 전년 | W8: 전년대비
D9: 골재 | E9: =+'[1]6월'!$AE$7/1000 -> 112.56103 | F9: =+'[2]6월'!$AN$7/1000 -> 71.2 | G9: =+F9-E9 -> -41.361032 | H9: =+'[3]6월'!$AN$7/1000 -> 76.324 | I9: =+F9-H9 -> -5.124 | J9: =+'[1]6월누계'!$AE$7/1000 -> 556.7591 | K9: =+'[2]6월누계'!$AN$7/1000 -> 376.314 | L9: =+K9-J9 -> -180.4451 | M9: =+'[3]6월누계'!$AN$7/1000 -> 496.699 | N9: =+K9-M9 -> -120.385 | Q9: 물량 | R9: 수도권 | S9: =+[4]수도권!$T$5/1000 -> 106 | T9: =+[4]수도권!$U$5/1000 -> 95.1235 | U9: =+T9-S9 -> -10.8765 | V9: =+[5]수도권!$T$5/1000 -> 107.2852 | W9: =+T9-V9 -> -12.1617
C10: 매출 | D10: 레미콘 | E10: =+'[1]6월'!$Z$8/1000 -> 29166.334 | F10: =+'[2]6월'!$Z$8/1000 -> 24731.186 | G10: =+F10-E10 -> -4435.1477 | H10: =+'[3]6월'!$Z$8/1000 -> 30777.038 | I10: =+F10-H10 -> -6045.8514 | J10: =+'[1]6월누계'!$Z$8/1000 -> 159052.3 | K10: =+'[2]6월누계'!$Z$8/1000 -> 140669.68 | L10: =+K10-J10 -> -18382.628 | M10: =+'[3]6월누계'!$Z$8/1000 -> 180238.86 | N10: =+K10-M10 -> -39569.186 | R10: 영남권 | S10: =+[4]영남권!$T$5/1000 -> 126.5 | T10: =+[4]영남권!$U$5/1000 -> 109.2535 | U10: =+T10-S10 -> -17.2465 | V10: =+[5]영남권!$T$5/1000 -> 137.792 | W10: =+T10-V10 -> -28.5385
D11: 건자재 | E11: =+'[1]6월'!$AA$8/1000 -> 11165.946 | F11: =+'[2]6월'!$AO$8/1000 -> 7056.4882 | G11: =+F11-E11 -> -4109.4574 | H11: =+'[3]6월'!$AO$8/1000 -> 7873.3448 | I11: =+F11-H11 -> -816.85662 | J11: =+'[1]6월누계'!$AA$8/1000 -> 68084.919 | K11: =+'[2]6월누계'!$AO$8/1000 -> 55521.441 | L11: =+K11-J11 -> -12563.477 | M11: =+'[3]6월누계'!$AO$8/1000 -> 49403.738 | N11: =+K11-M11 -> 6117.7034 | R11: 중부권 | S11: =+[4]중부권!$T$5/1000 -> 57.5 | T11: =+[4]중부권!$U$5/1000 -> 49.053 | U11: =+T11-S11 -> -8.447 | V11: =+[5]중부권!$T$5/1000 -> 60.0765 | W11: =+T11-V11 -> -11.0235
D12: 골재 | E12: =+'[1]6월'!$AE$8/1000 -> 2031.1208 | F12: =+'[2]6월'!$AN$8/1000 -> 1485.765 | G12: =+F12-E12 -> -545.35584 | H12: =+'[3]6월'!$AN$8/1000 -> 1476.999 | I12: =+F12-H12 -> 8.766 | J12: =+'[1]6월누계'!$AE$8/1000 -> 10345.78 | K12: =+'[2]6월누계'!$AN$8/1000 -> 7980.206 | L12: =+K12-J12 -> -2365.5739 | M12: =+'[3]6월누계'!$AN$8/1000 -> 9981.2066 | N12: =+K12-M12 -> -2001.0006 | Q12: 계 | S12: =SUM(S9:S11) -> 290 | T12: =SUM(T9:T11) -> 253.43 | U12: =+T12-S12 -> -36.57 | V12: =SUM(V9:V11) -> 305.1537 | W12: =+T12-V12 -> -51.7237
D13: 기타 | E13: =+'[1]6월'!$E$8/1000-E10-E11-E12 -> 142.52817 | F13: =+'[2]6월'!$F$8/1000-F10-F11-F12 -> 118.80441 | G13: =+F13-E13 -> -23.723755 | H13: =+'[3]6월'!$F$8/1000-H10-H11-H12 -> 166.17921 | I13: =+F13-H13 -> -47.3748 | J13: =+'[1]6월누계'!$E$8/1000-J10-J11-J12 -> 927.689 | K13: =+'[2]6월누계'!$F$8/1000-K10-K11-K12 -> 828.91605 | L13: =+K13-J13 -> -98.772949 | M13: =+'[3]6월누계'!$F$8/1000-M10-M11-M12 -> 991.75998 | N13: =+K13-M13 -> -162.84393 | Q13: 판매단가 | R13: 수도권 | S13: =+[4]수도권!$T$61 -> 97357.075 | T13: =+[4]수도권!$U$61 -> 95549.029 | U13: =+T13-S13 -> -1808.0453 | V13: =+[5]수도권!$Q$85 -> 97972.586 | W13: =+T13-V13 -> -2423.5562
A14: =+F14/E14 -> 0.78559027 | B14: =+K14/J14 -> 0.85986177 | C14: 계 | E14: =SUM(E10:E13) -> 42505.929 | F14: =SUM(F10:F13) -> 33392.244 | G14: =+F14-E14 -> -9113.6847 | H14: =SUM(H10:H13) -> 40293.561 | I14: =+F14-H14 -> -6901.3168 | J14: =SUM(J10:J13) -> 238410.69 | K14: =SUM(K10:K13) -> 205000.24 | L14: =+K14-J14 -> -33410.452 | M14: =SUM(M10:M13) -> 240615.57 | N14: =+K14-M14 -> -35615.327 | R14: 영남권 | S14: =+[4]영남권!$T$61 -> 100502.78 | T14: =+[4]영남권!$U$61 -> 97932.156 | U14: =+T14-S14 -> -2570.6226 | V14: =+[5]영남권!$Q$85 -> 100840.36 | W14: =+T14-V14 -> -2908.2004
C15: 매출원가 | D15: 레미콘 | E15: =+('[1]6월'!$Z$10+'[1]6월'!$Z$19)/1000 -> 25817.69 | F15: =+('[2]6월'!$Z$10+'[2]6월'!$Z$19)/1000 -> 22710.577 | G15: =+F15-E15 -> -3107.1134 | H15: =+('[3]6월'!$Z$10+'[3]6월'!$Z$19)/1000 -> 26624.109 | I15: =+F15-H15 -> -3913.5322 | J15: =+('[1]6월누계'!$Z$10+'[1]6월누계'!$Z$19)/1000 -> 141956.08 | K15: =+('[2]6월누계'!$Z$10+'[2]6월누계'!$Z$19)/1000 -> 128942.62 | L15: =+K15-J15 -> -13013.463 | M15: =+('[3]6월누계'!$Z$10+'[3]6월누계'!$Z$19)/1000 -> 155350.49 | N15: =+K15-M15 -> -26407.867 | R15: 중부권 | S15: =+[4]중부권!$T$61 -> 106658.83 | T15: =+[4]중부권!$U$61 -> 100796.99 | U15: =+T15-S15 -> -5861.8411 | V15: =+[5]중부권!$Q$85 -> 106050.93 | W15: =+T15-V15 -> -5253.9364
D16: 건자재 | E16: =+('[1]6월'!$AA$10+'[1]6월'!$AA$19)/1000 -> 10864.469 | F16: =+('[2]6월'!$AO$10+'[2]6월'!$AO$19)/1000 -> 6881.4304 | G16: =+F16-E16 -> -3983.0385 | H16: =+('[3]6월'!$AO$10+'[3]6월'!$AO$19)/1000 -> 7592.3476 | I16: =+F16-H16 -> -710.91722 | J16: =+('[1]6월누계'!$AA$10+'[1]6월누계'!$AA$19)/1000 -> 66245.576 | K16: =+('[2]6월누계'!$AO$10+'[2]6월누계'!$AO$19)/1000 -> 54662.529 | L16: =+K16-J16 -> -11583.047 | M16: =+('[3]6월누계'!$AO$10+'[3]6월누계'!$AO$19)/1000 -> 48171.056 | N16: =+K16-M16 -> 6491.4728 | Q16: 계 | S16: =+[4]합계!$T$61 -> 100573.57 | T16: =+[4]합계!$U$61 -> 97599.047 | U16: =+T16-S16 -> -2974.5188 | V16: =+[5]합계!$Q$85 -> 100861.45 | W16: =+T16-V16 -> -3262.4069
D17: 골재 | E17: =+('[1]6월'!$AE$10+'[1]6월'!$AE$19)/1000 -> 1911.7528 | F17: =+('[2]6월'!$AN$10+'[2]6월'!$AN$19)/1000 -> 1529.7349 | G17: =+F17-E17 -> -382.01786 | H17: =+('[3]6월'!$AN$10+'[3]6월'!$AN$19)/1000 -> 1456.8969 | I17: =+F17-H17 -> 72.838035 | J17: =+('[1]6월누계'!$AE$10+'[1]6월누계'!$AE$19)/1000 -> 9054.698 | K17: =+('[2]6월누계'!$AN$10+'[2]6월누계'!$AN$19)/1000 -> 8223.8617 | L17: =+K17-J17 -> -830.83622 | M17: =+('[3]6월누계'!$AN$10+'[3]6월누계'!$AN$19)/1000 -> 8992.6372 | N17: =+K17-M17 -> -768.77548 | Q17: 공헌이익 | R17: 수도권 | S17: =+[4]수도권!$Q$90 -> 16889.229 | T17: =+[4]수도권!$R$90 -> 16301.599 | U17: =+T17-S17 -> -587.62971 | V17: =+[5]수도권!$Q$90 -> 17945.084 | W17: =+T17-V17 -> -1643.4847
D18: 기타 | E18: =+('[1]6월'!$E$10+'[1]6월'!$E$19)/1000-E15-E16-E17 -> 105.96253 | F18: =+('[2]6월'!$F$10+'[2]6월'!$F$19)/1000-F15-F16-F17 -> -16.020748 | G18: =+F18-E18 -> -121.98328 | H18: =+('[3]6월'!$F$10+'[3]6월'!$F$19)/1000-H15-H16-H17 -> 194.15654 | I18: =+F18-H18 -> -210.17729 | J18: =+('[1]6월누계'!$E$10+'[1]6월누계'!$E$19)/1000-J15-J16-J17 -> 351.90862 | K18: =+('[2]6월누계'!$F$10+'[2]6월누계'!$F$19)/1000-K15-K16-K17 -> 406.66855 | L18: =+K18-J18 -> 54.759926 | M18: =+('[3]6월누계'!$F$10+'[3]6월누계'!$F$19)/1000-M15-M16-M17 -> 325.56325 | N18: =+K18-M18 -> 81.105297 | R18: 영남권 | S18: =+[4]영남권!$Q$90 -> 21901.963 | T18: =+[4]영남권!$R$90 -> 19516.974 | U18: =+T18-S18 -> -2384.9888 | V18: =+[5]영남권!$Q$90 -> 22708.372 | W18: =+T18-V18 -> -3191.3984
C19: 계 | E19: =SUM(E15:E18) -> 38699.874 | F19: =SUM(F15:F18) -> 31105.721 | G19: =+F19-E19 -> -7594.153 | H19: =SUM(H15:H18) -> 35867.51 | I19: =+F19-H19 -> -4761.7886 | J19: =SUM(J15:J18) -> 217608.27 | K19: =SUM(K15:K18) -> 192235.68 | L19: =+K19-J19 -> -25372.586 | M19: =SUM(M15:M18) -> 212839.74 | N19: =+K19-M19 -> -20604.064 | R19: 중부권 | S19: =+[4]중부권!$Q$90 -> 29080.826 | T19: =+[4]중부권!$R$90 -> 22568.423 | U19: =+T19-S19 -> -6512.4031 | V19: =+[5]중부권!$Q$90 -> 30006.058 | W19: =+T19-V19 -> -7437.6352
C20: 매출이익 | D20: 레미콘 | E20: =+E10-E15 -> 3348.6439 | F20: =+F10-F15 -> 2020.6096 | G20: =+F20-E20 -> -1328.0343 | H20: =+H10-H15 -> 4152.9289 | I20: =+F20-H20 -> -2132.3193 | J20: =+J10-J15 -> 17096.22 | K20: =+K10-K15 -> 11727.055 | L20: =+K20-J20 -> -5369.1651 | M20: =+M10-M15 -> 24888.374 | N20: =+K20-M20 -> -13161.319 | Q20: 계 | S20: =+[4]합계!$Q$90 -> 21493.117 | T20: =+[4]합계!$R$90 -> 18909.89 | U20: =+T20-S20 -> -2583.2276 | V20: =+[5]합계!$Q$90 -> 22476.76 | W20: =+T20-V20 -> -3566.8706
D21: 건자재 | E21: =+E11-E16 -> 301.47673 | F21: =+F11-F16 -> 175.0578 | G21: =+F21-E21 -> -126.41892 | H21: =+H11-H16 -> 280.9972 | I21: =+F21-H21 -> -105.93939 | J21: =+J11-J16 -> 1839.3428 | K21: =+K11-K16 -> 858.91249 | L21: =+K21-J21 -> -980.4303 | M21: =+M11-M16 -> 1232.6819 | N21: =+K21-M21 -> -373.76941 | Q21: □ 건자재
D22: 골재 | E22: =+E12-E17 -> 119.36806 | F22: =+F12-F17 -> -43.969915 | G22: =+F22-E22 -> -163.33797 | H22: =+H12-H17 -> 20.10212 | I22: =+F22-H22 -> -64.072035 | J22: =+J12-J17 -> 1291.0819 | K22: =+K12-K17 -> -243.65574 | L22: =+K22-J22 -> -1534.7377 | M22: =+M12-M17 -> 988.56936 | N22: =+K22-M22 -> -1232.2251 | Q22: 구분 | S22: 계획 | T22: 실적 | U22: 계획대비 | V22: 전년 | W22: 전년대비
D23: 기타 | E23: =+E13-E18 -> 36.565638 | F23: =+F13-F18 -> 134.82516 | G23: =+F23-E23 -> 98.259522 | H23: =+H13-H18 -> -27.977325 | I23: =+F23-H23 -> 162.80249 | J23: =+J13-J18 -> 575.78038 | K23: =+K13-K18 -> 422.2475 | L23: =+K23-J23 -> -153.53287 | M23: =+M13-M18 -> 666.19673 | N23: =+K23-M23 -> -243.94923 | Q23: 철강재 판매단가 | S23: =+'[6]6월'!$F$10 -> 872058.82 | T23: =+'[6]6월'!$G$10 -> 779915.73 | U23: =+T23-S23 -> -92143.098 | V23: =+'[7]6월'!$G$10 -> 785072.68 | W23: =+T23-V23 -> -5156.9519
C24: 계 | E24: =SUM(E20:E23) -> 3806.0543 | F24: =SUM(F20:F23) -> 2286.5227 | G24: =+F24-E24 -> -1519.5317 | H24: =SUM(H20:H23) -> 4426.0509 | I24: =+F24-H24 -> -2139.5282 | J24: =SUM(J20:J23) -> 20802.425 | K24: =SUM(K20:K23) -> 12764.559 | L24: =+K24-J24 -> -8037.866 | M24: =SUM(M20:M23) -> 27775.822 | N24: =+K24-M24 -> -15011.262 | Q24: 철강재 마진률 | S24: =+'[6]6월'!$F$15 -> 0.02394688 | T24: =+'[6]6월'!$G$15 -> 0.025690431 | U24: =+T24-S24 -> 0.0017435505 | V24: =+'[6]6월'!$G$15 -> 0.025690431 | W24: =+T24-V24 -> 0
C25: 판관비 | D25: 레미콘 | E25: =+('[1]6월'!$Z$13+'[1]6월'!$Z$20)/1000 -> 688.69596 | F25: =+('[2]6월'!$Z$13+'[2]6월'!$Z$20)/1000 -> 694.4757 | G25: =+F25-E25 -> 5.779745 | H25: =+('[3]6월'!$Z$13+'[3]6월'!$Z$20)/1000 -> 642.48265 | I25: =+F25-H25 -> 51.993052 | J25: =+('[1]6월누계'!$Z$13+'[1]6월누계'!$Z$20)/1000 -> 4053.1778 | K25: =+('[2]6월누계'!$Z$13+'[2]6월누계'!$Z$20)/1000 -> 4022.9415 | L25: =+K25-J25 -> -30.236311 | M25: =+('[3]6월누계'!$Z$13+'[3]6월누계'!$Z$20)/1000 -> 3966.5114 | N25: =+K25-M25 -> 56.430019 | Q25: □ 골재
D26: 건자재 | E26: =+('[1]6월'!$AA$13+'[1]6월'!$AA$20)/1000 -> 133.61733 | F26: =+('[2]6월'!$AO$13+'[2]6월'!$AO$20)/1000 -> 139.41173 | G26: =+F26-E26 -> 5.794407 | H26: =+('[3]6월'!$AO$13+'[3]6월'!$AO$20)/1000 -> 130.82736 | I26: =+F26-H26 -> 8.584376 | J26: =+('[1]6월누계'!$AA$13+'[1]6월누계'!$AA$20)/1000 -> 769.93695 | K26: =+('[2]6월누계'!$AO$13+'[2]6월누계'!$AO$20)/1000 -> 883.58662 | L26: =+K26-J26 -> 113.64967 | M26: =+('[3]6월누계'!$AO$13+'[3]6월누계'!$AO$20)/1000 -> 817.55946 | N26: =+K26-M26 -> 66.027157 | Q26: 구분 | S26: 계획 | T26: 실적 | U26: 계획대비 | V26: 전년 | W26: 전년대비
D27: 골재 | E27: =+('[1]6월'!$AE$13+'[1]6월'!$AE$20+'[1]6월'!$AE$22)/1000 -> 53.284008 | F27: =+('[2]6월'!$AN$13+'[2]6월'!$AN$20+'[2]6월'!$AN$22)/1000 -> 48.576527 | G27: =+F27-E27 -> -4.7074808 | H27: =+('[3]6월'!$AN$13+'[3]6월'!$AN$20+'[3]6월'!$AN$22)/1000 -> 44.161082 | I27: =+F27-H27 -> 4.4154443 | J27: =+('[1]6월누계'!$AE$13+'[1]6월누계'!$AE$20+'[1]6월누계'!$AE$22)/1000 -> 290.67866 | K27: =+('[2]6월누계'!$AN$13+'[2]6월누계'!$AN$20+'[2]6월누계'!$AN$22)/1000 -> 283.17803 | L27: =+K27-J27 -> -7.5006309 | M27: =+('[3]6월누계'!$AN$13+'[3]6월누계'!$AN$20+'[3]6월누계'!$AN$22)/1000 -> 268.05111 | N27: =+K27-M27 -> 15.126925 | Q27: 판매량 | R27: 자가 | S27: =('[8]부산모래장(당월)'!$Q$48+[9]원가손익!$W$13+[10]손익!$F$10)/1000 -> 60.236782 | T27: =('[8]부산모래장(당월)'!$R$48+[9]원가손익!$X$13+[10]손익!$G$10)/1000 -> 43.506 | U27: =+T27-S27 -> -16.730782 | V27: =+[11]손익총괄!$V$27 -> 46.66 | W27: =+T27-V27 -> -3.154
D28: 기타 | E28: =+('[1]6월'!$E$13+'[1]6월'!$E$20)/1000-E25-E26-E27+('[1]6월'!$E$22/1000) -> 2691.733 | F28: =+('[2]6월'!$F$13+'[2]6월'!$F$20)/1000-F25-F26-F27+'[2]6월'!$F$22/1000 -> 3213.6692 | G28: =+F28-E28 -> 521.93621 | H28: =+('[3]6월'!$F$13+'[3]6월'!$F$20)/1000-H25-H26-H27+'[3]6월'!$F$22/1000 -> 1932.9306 | I28: =+F28-H28 -> 1280.7385 | J28: =+('[1]6월누계'!$E$13+'[1]6월누계'!$E$20)/1000-J25-J26-J27+('[1]6월누계'!$E$22/1000) -> 10368.916 | K28: =+('[2]6월누계'!$F$13+'[2]6월누계'!$F$20)/1000-K25-K26-K27+'[2]6월누계'!$F$22/1000 -> 11741.177 | L28: =+K28-J28 -> 1372.2608 | M28: =+('[3]6월누계'!$F$13+'[3]6월누계'!$F$20)/1000-M25-M26-M27+'[3]6월누계'!$F$22/1000 -> 10377.364 | N28: =+K28-M28 -> 1363.8129 | R28: 외판 | S28: =('[8]부산모래장(당월)'!$Q$47+[9]원가손익!$W$15+[10]손익!$F$12)/1000 -> 55.5 | T28: =('[8]부산모래장(당월)'!$R$47+[9]원가손익!$X$15+[10]손익!$G$12)/1000 -> 26.183 | U28: =+T28-S28 -> -29.317 | V28: =+[11]손익총괄!$V$28 -> 17.913 | W28: =+T28-V28 -> 8.27
C29: 계 | E29: =SUM(E25:E28) -> 3567.3303 | F29: =SUM(F25:F28) -> 4096.1331 | G29: =+F29-E29 -> 528.80288 | H29: =SUM(H25:H28) -> 2750.4017 | I29: =+F29-H29 -> 1345.7314 | J29: =SUM(J25:J28) -> 15482.709 | K29: =SUM(K25:K28) -> 16930.883 | L29: =+K29-J29 -> 1448.1735 | M29: =SUM(M25:M28) -> 15429.486 | N29: =+K29-M29 -> 1501.397 | Q29: 합 계 | S29: =SUM(S27:S28) -> 115.73678 | T29: =SUM(T27:T28) -> 69.689 | U29: =+T29-S29 -> -46.047782 | V29: =SUM(V27:V28) -> 64.573 | W29: =+T29-V29 -> 5.116
C30: 영업이익 | D30: 레미콘 | E30: =+E20-E25 -> 2659.948 | F30: =+F20-F25 -> 1326.1339 | G30: =+F30-E30 -> -1333.814 | H30: =+H20-H25 -> 3510.4462 | I30: =+F30-H30 -> -2184.3123 | J30: =+J20-J25 -> 13043.042 | K30: =+K20-K25 -> 7704.1135 | L30: =+K30-J30 -> -5338.9288 | M30: =+M20-M25 -> 20921.862 | N30: =+K30-M30 -> -13217.749 | Q30: □ 기타내역(영업이익)
D31: % | E31: =+E30/E10 -> 0.091199256 | F31: =+F30/F10 -> 0.05362193 | G31: =+F31-E31 -> -0.037577326 | H31: =+H30/H10 -> 0.11406056 | I31: =+F31-H31 -> -0.060438633 | J31: =+J30/J10 -> 0.082004737 | K31: =+K30/K10 -> 0.054767408 | L31: =+K31-J31 -> -0.027237329 | M31: =+M30/M10 -> 0.11607853 | N31: =+K31-M31 -> -0.061311122 | Q31: 구분 | S31: 계획 | T31: 실적 | U31: 계획대비 | V31: 전년 | W31: 전년대비
D32: 건자재 | E32: =+E21-E26 -> 167.8594 | F32: =+F21-F26 -> 35.646069 | G32: =+F32-E32 -> -132.21333 | H32: =+H21-H26 -> 150.16984 | I32: =+F32-H32 -> -114.52377 | J32: =+J21-J26 -> 1069.4058 | K32: =+K21-K26 -> -24.674131 | L32: =+K32-J32 -> -1094.08 | M32: =+M21-M26 -> 415.12243 | N32: =+K32-M32 -> -439.79657 | Q32: 레미콘임대 | S32: =+'사업장별(당월)'!T33 -> -1.9239863 | T32: =+'사업장별(당월)'!U33 -> -32.2143 | U32: =+T32-S32 -> -30.290314 | V32: =+'사업장별(당월)'!W33 -> -23.482855 | W32: =+T32-V32 -> -8.731445
D33: 골재 | E33: =+E22-E27 -> 66.08405 | F33: =+F22-F27 -> -92.546442 | G33: =+F33-E33 -> -158.63049 | H33: =+H22-H27 -> -24.058962 | I33: =+F33-H33 -> -68.487479 | J33: =+J22-J27 -> 1000.4033 | K33: =+K22-K27 -> -526.83377 | L33: =+K33-J33 -> -1527.2371 | M33: =+M22-M27 -> 720.51825 | N33: =+K33-M33 -> -1247.352 | Q33: 임대 | S33: =+'사업장별(당월)'!T34 -> 76.556944 | T33: =+'사업장별(당월)'!U34 -> 73.218889 | U33: =+T33-S33 -> -3.338055 | V33: =+'사업장별(당월)'!W34 -> 76.100837 | W33: =+T33-V33 -> -2.881948
D34: 기타 | E34: =+E23-E28 -> -2655.1673 | F34: =+F23-F28 -> -3078.844 | G34: =+F34-E34 -> -423.67669 | H34: =+H23-H28 -> -1960.908 | I34: =+F34-H34 -> -1117.9361 | J34: =+J23-J28 -> -9793.1354 | K34: =+K23-K28 -> -11318.929 | L34: =+K34-J34 -> -1525.7936 | M34: =+M23-M28 -> -9711.1669 | N34: =+K34-M34 -> -1607.7621 | Q34: 공통비 | S34: =+'사업장별(당월)'!T35 -> -2607.3115 | T34: =+'사업장별(당월)'!U35 -> -2809.4658 | U34: =+T34-S34 -> -202.15433 | V34: =+'사업장별(당월)'!W35 -> -2487.3998 | W34: =+T34-V34 -> -322.06597
C35: 계 | E35: =SUM(E30,E32:E34) -> 238.72408 | F35: =SUM(F30,F32:F34) -> -1809.6105 | G35: =+F35-E35 -> -2048.3345 | H35: =SUM(H30,H32:H34) -> 1675.6492 | I35: =+F35-H35 -> -3485.2596 | J35: =SUM(J30,J32:J34) -> 5319.716 | K35: =SUM(K30,K32:K34) -> -4166.3234 | L35: =+K35-J35 -> -9486.0394 | M35: =SUM(M30,M32:M34) -> 12346.336 | N35: =+K35-M35 -> -16512.659 | Q35: 기타 | S35: =+S36-S32-S33-S34 -> -122.4888 | T35: =+T36-T32-T33-T34 -> -310.3828 | U35: =+T35-S35 -> -187.89399 | V35: =+V36-V32-V33-V34 -> 473.8739 | W35: =+T35-V35 -> -784.2567
D36: % | E36: =+E35/E14 -> 0.0056162538 | F36: =+F35/F14 -> -0.054192538 | G36: =+F36-E36 -> -0.059808792 | H36: =+H35/H14 -> 0.041586028 | I36: =+F36-H36 -> -0.095778567 | J36: =+J35/J14 -> 0.022313244 | K36: =+K35/K14 -> -0.020323505 | L36: =+K36-J36 -> -0.04263675 | M36: =+M35/M14 -> 0.051311459 | N36: =+K36-M36 -> -0.071634965 | Q36: 합계 | S36: =+'사업장별(당월)'!T41 -> -2655.1673 | T36: =+'사업장별(당월)'!U41 -> -3078.844 | U36: =+T36-S36 -> -423.67669 | V36: =+'사업장별(당월)'!W41 -> -1960.908 | W36: =+T36-V36 -> -1117.9361
E38: =+'[1]6월'!$E$26/1000 -> 238.72408 | F38: =+'[2]6월'!$F$26/1000 -> -1809.6105 | H38: =+'[3]6월'!$F$26/1000 -> 1675.6492 | J38: =+'[1]6월누계'!$E$26/1000 -> 5319.716 | K38: =+'[2]6월누계'!$F$26/1000 -> -4166.3234 | M38: =+'[3]6월누계'!$F$26/1000 -> 12346.336
E39: =+E35=E38 -> FALSE | F39: =+F35=F38 -> TRUE | H39: =+H35=H38 -> FALSE | J39: =+J35=J38 -> FALSE | K39: =+K35=K38 -> TRUE | M39: =+M35=M38 -> TRUE
E40: =+E35-E38 -> 1.3642421e-12 | F40: =+F35-F38 -> 0 | H40: =+H35-H38 -> -6.8212103e-12 | J40: =+J35-J38 -> 0 | K40: =+K35-K38 -> 0 | M40: =+M35-M38 -> 0

Sheet 사업장별(당월)
H3: □ 사업장별 손익실적(2025-06)
AG4: [단위 : 천㎥, 톤, 백만원]
H5: 구분 | J5: 물량 | O5: 매출 | T5: 영업이익(공통비 배부전) | Y5: 판매단가 | AB5: 변동비 | AE5: 공헌이익
A6: 2024년 6월 마감 손익 | J6: 계획 | K6: 실적 | L6: 차이 | M6: 전년 | N6: 차이 | O6: 계획 | P6: 실적 | Q6: 차이 | R6: 전년 | S6: 차이 | T6: 계획 | U6: 실적 | V6: 차이 | W6: 전년 | X6: 차이 | Y6: 계획 | Z6: 실적 | AA6: 전년 | AB6: 계획 | AC6: 실적 | AD6: 전년 | AE6: 계획 | AF6: 실적 | AG6: 전년
B7: 안양 | G7: =+I7 -> 안양 | H7: 레미콘 | I7: 안양 | J7: =+IFERROR(HLOOKUP($B7,'[1]6월'!$D$6:$BN$259,2,),)/1000 -> 42 | K7: =+IFERROR(HLOOKUP($B7,'[2]6월'!$F$6:$CP$99,2,),)/1000 -> 34.536 | L7: =+K7-J7 -> -7.464 | M7: =+IFERROR(HLOOKUP($B7,'[3]6월'!$F$6:$CC$57,2,),)/1000 -> 35.374 | N7: =+K7-M7 -> -0.838 | O7: =+IFERROR(HLOOKUP($B7,'[1]6월'!$D$6:$BN$259,3,),)/1000 -> 4133.2121 | P7: =+IFERROR(HLOOKUP($B7,'[2]6월'!$F$6:$CP$99,3,),)/1000 -> 3316.1411 | Q7: =+P7-O7 -> -817.07098 | R7: =+IFERROR(HLOOKUP($B7,'[3]6월'!$F$6:$CC$57,3,),)/1000 -> 3552.1473 | S7: =+P7-R7 -> -236.00619 | T7: =+IFERROR(HLOOKUP($B7,'[1]6월'!$D$6:$BN$259,16,),)/1000 -> 348.62122 | U7: =+IFERROR(HLOOKUP($B7,'[2]6월'!$F$6:$CP$99,16,),)/1000 -> 223.43829 | V7: =+U7-T7 -> -125.18293 | W7: =+IFERROR(HLOOKUP($B7,'[3]6월'!$F$6:$CC$57,16,),)/1000 -> 326.98677 | X7: =+U7-W7 -> -103.54848 | Y7: =+[4]안양!$Q$85 -> 98409.811 | Z7: =+[4]안양!$R$85 -> 96027.028 | AA7: =+[5]안양!$Q$85 -> 100399.7 | AB7: =+[4]안양!$Q$89 -> 81464.438 | AC7: =+[4]안양!$R$89 -> 77852.534 | AD7: =+[5]안양!$Q$89 -> 81293.291 | AE7: =+Y7-AB7 -> 16945.373 | AF7: =+Z7-AC7 -> 18174.494 | AG7: =+AA7-AD7 -> 19106.408
B8: 인천 | G8: =+I8 -> 인천 | H8: 직영 | I8: 인천 | J8: =+IFERROR(HLOOKUP($B8,'[1]6월'!$D$6:$BN$259,2,),)/1000 -> 25 | K8: =+IFERROR(HLOOKUP($B8,'[2]6월'!$F$6:$CP$99,2,),)/1000 -> 31.384 | L8: =+K8-J8 -> 6.384 | M8: =+IFERROR(HLOOKUP($B8,'[3]6월'!$F$6:$CC$57,2,),)/1000 -> 28.969 | N8: =+K8-M8 -> 2.415 | O8: =+IFERROR(HLOOKUP($B8,'[1]6월'!$D$6:$BN$259,3,),)/1000 -> 2453.0911 | P8: =+IFERROR(HLOOKUP($B8,'[2]6월'!$F$6:$CP$99,3,),)/1000 -> 3030.343 | Q8: =+P8-O8 -> 577.25188 | R8: =+IFERROR(HLOOKUP($B8,'[3]6월'!$F$6:$CC$57,3,),)/1000 -> 2858.2985 | S8: =+P8-R8 -> 172.04452 | T8: =+IFERROR(HLOOKUP($B8,'[1]6월'!$D$6:$BN$259,16,),)/1000 -> 34.119049 | U8: =+IFERROR(HLOOKUP($B8,'[2]6월'!$F$6:$CP$99,16,),)/1000 -> 58.69906 | V8: =+U8-T8 -> 24.580011 | W8: =+IFERROR(HLOOKUP($B8,'[3]6월'!$F$6:$CC$57,16,),)/1000 -> 173.72608 | X8: =+U8-W8 -> -115.02702 | Y8: =+[4]인천!$Q$85 -> 98123.644 | Z8: =+[4]인천!$R$85 -> 96556.939 | AA8: =+[5]인천!$Q$85 -> 98667.488 | AB8: =+[4]인천!$Q$89 -> 82366.592 | AC8: =+[4]인천!$R$89 -> 83278.753 | AD8: =+[5]인천!$Q$89 -> 81685.367 | AE8: =+Y8-AB8 -> 15757.052 | AF8: =+Z8-AC8 -> 13278.186 | AG8: =+AA8-AD8 -> 16982.12
B9: 파주 | G9: =+I9 -> 파주 | I9: 파주 | J9: =+IFERROR(HLOOKUP($B9,'[1]6월'!$D$6:$BN$259,2,),)/1000 -> 23 | K9: =+IFERROR(HLOOKUP($B9,'[2]6월'!$F$6:$CP$99,2,),)/1000 -> 16.752 | L9: =+K9-J9 -> -6.248 | M9: =+IFERROR(HLOOKUP($B9,'[3]6월'!$F$6:$CC$57,2,),)/1000 -> 31.1242 | N9: =+K9-M9 -> -14.3722 | O9: =+IFERROR(HLOOKUP($B9,'[1]6월'!$D$6:$BN$259,3,),)/1000 -> 2219.0674 | P9: =+IFERROR(HLOOKUP($B9,'[2]6월'!$F$6:$CP$99,3,),)/1000 -> 1552.3683 | Q9: =+P9-O9 -> -666.69908 | R9: =+IFERROR(HLOOKUP($B9,'[3]6월'!$F$6:$CC$57,3,),)/1000 -> 2951.5883 | S9: =+P9-R9 -> -1399.22 | T9: =+IFERROR(HLOOKUP($B9,'[1]6월'!$D$6:$BN$259,16,),)/1000 -> 151.09665 | U9: =+IFERROR(HLOOKUP($B9,'[2]6월'!$F$6:$CP$99,16,),)/1000 -> 52.434515 | V9: =+U9-T9 -> -98.662136 | W9: =+IFERROR(HLOOKUP($B9,'[3]6월'!$F$6:$CC$57,16,),)/1000 -> 256.19066 | X9: =+U9-W9 -> -203.75615 | Y9: =+[4]파주!$Q$85 -> 96481.19 | Z9: =+[4]파주!$R$85 -> 92654.579 | AA9: =+[5]파주!$Q$85 -> 94837.488 | AB9: =+[4]파주!$Q$89 -> 79787.647 | AC9: =+[4]파주!$R$89 -> 76912.383 | AD9: =+[5]파주!$Q$89 -> 79548.98 | AE9: =+Y9-AB9 -> 16693.543 | AF9: =+Z9-AC9 -> 15742.196 | AG9: =+AA9-AD9 -> 15288.508
B10: 김포 | G10: =+I10 -> 김포 | I10: 김포 | J10: =+IFERROR(HLOOKUP($B10,'[1]6월'!$D$6:$BN$259,2,),)/1000 -> 16 | K10: =+IFERROR(HLOOKUP($B10,'[2]6월'!$F$6:$CP$99,2,),)/1000 -> 12.4515 | L10: =+K10-J10 -> -3.5485 | M10: =+IFERROR(HLOOKUP($B10,'[3]6월'!$F$6:$CC$57,2,),)/1000 -> 11.818 | N10: =+K10-M10 -> 0.6335 | O10: =+IFERROR(HLOOKUP($B10,'[1]6월'!$D$6:$BN$259,3,),)/1000 -> 1514.4794 | P10: =+IFERROR(HLOOKUP($B10,'[2]6월'!$F$6:$CP$99,3,),)/1000 -> 1188.4695 | Q10: =+P10-O10 -> -326.00992 | R10: =+IFERROR(HLOOKUP($B10,'[3]6월'!$F$6:$CC$57,3,),)/1000 -> 1148.841 | S10: =+P10-R10 -> 39.628444 | T10: =+IFERROR(HLOOKUP($B10,'[1]6월'!$D$6:$BN$259,16,),)/1000 -> 117.21328 | U10: =+IFERROR(HLOOKUP($B10,'[2]6월'!$F$6:$CP$99,16,),)/1000 -> 44.420114 | V10: =+U10-T10 -> -72.793166 | W10: =+IFERROR(HLOOKUP($B10,'[3]6월'!$F$6:$CC$57,16,),)/1000 -> 109.51813 | X10: =+U10-W10 -> -65.098017 | Y10: =+[4]김포!$Q$85 -> 94654.961 | Z10: =+[4]김포!$R$85 -> 95523.649 | AA10: =+[5]김포!$Q$85 -> 97204.532 | AB10: =+[4]김포!$Q$89 -> 75862.787 | AC10: =+[4]김포!$R$89 -> 75944.515 | AD10: =+[5]김포!$Q$89 -> 73416.58 | AE10: =+Y10-AB10 -> 18792.174 | AF10: =+Z10-AC10 -> 19579.135 | AG10: =+AA10-AD10 -> 23787.951
B11: 부산 | G11: =+I11 -> 부산 | I11: 부산 | J11: =+IFERROR(HLOOKUP($B11,'[1]6월'!$D$6:$BN$259,2,),)/1000 -> 20 | K11: =+IFERROR(HLOOKUP($B11,'[2]6월'!$F$6:$CP$99,2,),)/1000 -> 22.418 | L11: =+K11-J11 -> 2.418 | M11: =+IFERROR(HLOOKUP($B11,'[3]6월'!$F$6:$CC$57,2,),)/1000 -> 18.738 | N11: =+K11-M11 -> 3.68 | O11: =+IFERROR(HLOOKUP($B11,'[1]6월'!$D$6:$BN$259,3,),)/1000 -> 2153.9997 | P11: =+IFERROR(HLOOKUP($B11,'[2]6월'!$F$6:$CP$99,3,),)/1000 -> 2477.2466 | Q11: =+P11-O11 -> 323.24685 | R11: =+IFERROR(HLOOKUP($B11,'[3]6월'!$F$6:$CC$57,3,),)/1000 -> 1988.3392 | S11: =+P11-R11 -> 488.90745 | T11: =+IFERROR(HLOOKUP($B11,'[1]6월'!$D$6:$BN$259,16,),)/1000 -> 135.90221 | U11: =+IFERROR(HLOOKUP($B11,'[2]6월'!$F$6:$CP$99,16,),)/1000 -> 265.89067 | V11: =+U11-T11 -> 129.98846 | W11: =+IFERROR(HLOOKUP($B11,'[3]6월'!$F$6:$CC$57,16,),)/1000 -> 118.63264 | X11: =+U11-W11 -> 147.25803 | Y11: =+[4]부산!$Q$85 -> 107699.99 | Z11: =+[4]부산!$R$85 -> 110502.57 | AA11: =+[5]부산!$Q$85 -> 106112.67 | AB11: =+[4]부산!$Q$89 -> 84806.942 | AC11: =+[4]부산!$R$89 -> 85372.301 | AD11: =+[5]부산!$Q$89 -> 82775.926 | AE11: =+Y11-AB11 -> 22893.045 | AF11: =+Z11-AC11 -> 25130.268 | AG11: =+AA11-AD11 -> 23336.741
B12: 서부산 | G12: =+I12 -> 서부산 | I12: 서부산 | J12: =+IFERROR(HLOOKUP($B12,'[1]6월'!$D$6:$BN$259,2,),)/1000 -> 20 | K12: =+IFERROR(HLOOKUP($B12,'[2]6월'!$F$6:$CP$99,2,),)/1000 -> 13.691 | L12: =+K12-J12 -> -6.309 | M12: =+IFERROR(HLOOKUP($B12,'[3]6월'!$F$6:$CC$57,2,),)/1000 -> 23.641 | N12: =+K12-M12 -> -9.95 | O12: =+IFERROR(HLOOKUP($B12,'[1]6월'!$D$6:$BN$259,3,),)/1000 -> 1985.997 | P12: =+IFERROR(HLOOKUP($B12,'[2]6월'!$F$6:$CP$99,3,),)/1000 -> 1357.6603 | Q12: =+P12-O12 -> -628.33674 | R12: =+IFERROR(HLOOKUP($B12,'[3]6월'!$F$6:$CC$57,3,),)/1000 -> 2359.6325 | S12: =+P12-R12 -> -1001.9722 | T12: =+IFERROR(HLOOKUP($B12,'[1]6월'!$D$6:$BN$259,16,),)/1000 -> 191.23259 | U12: =+IFERROR(HLOOKUP($B12,'[2]6월'!$F$6:$CP$99,16,),)/1000 -> 41.622446 | V12: =+U12-T12 -> -149.61014 | W12: =+IFERROR(HLOOKUP($B12,'[3]6월'!$F$6:$CC$57,16,),)/1000 -> 278.69374 | X12: =+U12-W12 -> -237.07129 | Y12: =+[4]서부산!$Q$85 -> 99299.852 | Z12: =+[4]서부산!$R$85 -> 99164.436 | AA12: =+[5]서부산!$Q$85 -> 99811.027 | AB12: =+[4]서부산!$Q$89 -> 77397.349 | AC12: =+[4]서부산!$R$89 -> 77248.845 | AD12: =+[5]서부산!$Q$89 -> 77851.89 | AE12: =+Y12-AB12 -> 21902.503 | AF12: =+Z12-AC12 -> 21915.592 | AG12: =+AA12-AD12 -> 21959.137
B13: 김해 | G13: =+I13 -> 김해 | I13: 김해 | J13: =+IFERROR(HLOOKUP($B13,'[1]6월'!$D$6:$BN$259,2,),)/1000 -> 15 | K13: =+IFERROR(HLOOKUP($B13,'[2]6월'!$F$6:$CP$99,2,),)/1000 -> 12.166 | L13: =+K13-J13 -> -2.834 | M13: =+IFERROR(HLOOKUP($B13,'[3]6월'!$F$6:$CC$57,2,),)/1000 -> 12.699 | N13: =+K13-M13 -> -0.533 | O13: =+IFERROR(HLOOKUP($B13,'[1]6월'!$D$6:$BN$259,3,),)/1000 -> 1444.4978 | P13: =+IFERROR(HLOOKUP($B13,'[2]6월'!$F$6:$CP$99,3,),)/1000 -> 1046.7147 | Q13: =+P13-O13 -> -397.7831 | R13: =+IFERROR(HLOOKUP($B13,'[3]6월'!$F$6:$CC$57,3,),)/1000 -> 1187.9416 | S13: =+P13-R13 -> -141.2269 | T13: =+IFERROR(HLOOKUP($B13,'[1]6월'!$D$6:$BN$259,16,),)/1000 -> 136.56194 | U13: =+IFERROR(HLOOKUP($B13,'[2]6월'!$F$6:$CP$99,16,),)/1000 -> 3.598305 | V13: =+U13-T13 -> -132.96364 | W13: =+IFERROR(HLOOKUP($B13,'[3]6월'!$F$6:$CC$57,16,),)/1000 -> 58.544437 | X13: =+U13-W13 -> -54.946132 | Y13: =+[4]김해!$Q$85 -> 96299.853 | Z13: =+[4]김해!$R$85 -> 86036.06 | AA13: =+[5]김해!$Q$85 -> 93546.074 | AB13: =+[4]김해!$Q$89 -> 76676.718 | AC13: =+[4]김해!$R$89 -> 73045.404 | AD13: =+[5]김해!$Q$89 -> 77602.809 | AE13: =+Y13-AB13 -> 19623.135 | AF13: =+Z13-AC13 -> 12990.656 | AG13: =+AA13-AD13 -> 15943.266
B14: 정관 | G14: =+I14 -> 정관 | I14: 정관 | J14: =+IFERROR(HLOOKUP($B14,'[1]6월'!$D$6:$BN$259,2,),)/1000 -> 19 | K14: =+IFERROR(HLOOKUP($B14,'[2]6월'!$F$6:$CP$99,2,),)/1000 -> 25.1725 | L14: =+K14-J14 -> 6.1725 | M14: =+IFERROR(HLOOKUP($B14,'[3]6월'!$F$6:$CC$57,2,),)/1000 -> 19.584 | N14: =+K14-M14 -> 5.5885 | O14: =+IFERROR(HLOOKUP($B14,'[1]6월'!$D$6:$BN$259,3,),)/1000 -> 1937.9914 | P14: =+IFERROR(HLOOKUP($B14,'[2]6월'!$F$6:$CP$99,3,),)/1000 -> 2514.551 | Q14: =+P14-O14 -> 576.5596 | R14: =+IFERROR(HLOOKUP($B14,'[3]6월'!$F$6:$CC$57,3,),)/1000 -> 1952.774 | S14: =+P14-R14 -> 561.77698 | T14: =+IFERROR(HLOOKUP($B14,'[1]6월'!$D$6:$BN$259,16,),)/1000 -> 142.30579 | U14: =+IFERROR(HLOOKUP($B14,'[2]6월'!$F$6:$CP$99,16,),)/1000 -> 254.99888 | V14: =+U14-T14 -> 112.69309 | W14: =+IFERROR(HLOOKUP($B14,'[3]6월'!$F$6:$CC$57,16,),)/1000 -> 142.38129 | X14: =+U14-W14 -> 112.61759 | Y14: =+[4]정관!$Q$85 -> 101999.55 | Z14: =+[4]정관!$R$85 -> 99892.779 | AA14: =+[5]정관!$Q$85 -> 99712.725 | AB14: =+[4]정관!$Q$89 -> 82319.876 | AC14: =+[4]정관!$R$89 -> 80753.318 | AD14: =+[5]정관!$Q$89 -> 80844.669 | AE14: =+Y14-AB14 -> 19679.67 | AF14: =+Z14-AC14 -> 19139.461 | AG14: =+AA14-AD14 -> 18868.056
B15: 양산 | G15: =+I15 -> 양산 | I15: 양산 | J15: =+IFERROR(HLOOKUP($B15,'[1]6월'!$D$6:$BN$259,2,),)/1000 -> 12 | K15: =+IFERROR(HLOOKUP($B15,'[2]6월'!$F$6:$CP$99,2,),)/1000 -> 9.065 | L15: =+K15-J15 -> -2.935 | M15: =+IFERROR(HLOOKUP($B15,'[3]6월'!$F$6:$CC$57,2,),)/1000 -> 12.081 | N15: =+K15-M15 -> -3.016 | O15: =+IFERROR(HLOOKUP($B15,'[1]6월'!$D$6:$BN$259,3,),)/1000 -> 1133.46 | P15: =+IFERROR(HLOOKUP($B15,'[2]6월'!$F$6:$CP$99,3,),)/1000 -> 825.0472 | Q15: =+P15-O15 -> -308.4128 | R15: =+IFERROR(HLOOKUP($B15,'[3]6월'!$F$6:$CC$57,3,),)/1000 -> 1127.2838 | S15: =+P15-R15 -> -302.2366 | T15: =+IFERROR(HLOOKUP($B15,'[1]6월'!$D$6:$BN$259,16,),)/1000 -> 102.04454 | U15: =+IFERROR(HLOOKUP($B15,'[2]6월'!$F$6:$CP$99,16,),)/1000 -> 22.080589 | V15: =+U15-T15 -> -79.963948 | W15: =+IFERROR(HLOOKUP($B15,'[3]6월'!$F$6:$CC$57,16,),)/1000 -> 79.077275 | X15: =+U15-W15 -> -56.996686 | Y15: =+[4]양산!$Q$85 -> 94455 | Z15: =+[4]양산!$R$85 -> 91014.584 | AA15: =+[5]양산!$Q$85 -> 93310.471 | AB15: =+[4]양산!$Q$89 -> 73138.031 | AC15: =+[4]양산!$R$89 -> 72380.167 | AD15: =+[5]양산!$Q$89 -> 74393.84 | AE15: =+Y15-AB15 -> 21316.969 | AF15: =+Z15-AC15 -> 18634.416 | AG15: =+AA15-AD15 -> 18916.631
B16: 창원 | G16: =+I16 -> 창원 | I16: 창원 | J16: =+IFERROR(HLOOKUP($B16,'[1]6월'!$D$6:$BN$259,2,),)/1000 -> 14 | K16: =+IFERROR(HLOOKUP($B16,'[2]6월'!$F$6:$CP$99,2,),)/1000 -> 8.634 | L16: =+K16-J16 -> -5.366 | M16: =+IFERROR(HLOOKUP($B16,'[3]6월'!$F$6:$CC$57,2,),)/1000 -> 20.596 | N16: =+K16-M16 -> -11.962 | O16: =+IFERROR(HLOOKUP($B16,'[1]6월'!$D$6:$BN$259,3,),)/1000 -> 1415.4014 | P16: =+IFERROR(HLOOKUP($B16,'[2]6월'!$F$6:$CP$99,3,),)/1000 -> 810.1545 | Q16: =+P16-O16 -> -605.24693 | R16: =+IFERROR(HLOOKUP($B16,'[3]6월'!$F$6:$CC$57,3,),)/1000 -> 2041.9576 | S16: =+P16-R16 -> -1231.8031 | T16: =+IFERROR(HLOOKUP($B16,'[1]6월'!$D$6:$BN$259,16,),)/1000 -> 110.79062 | U16: =+IFERROR(HLOOKUP($B16,'[2]6월'!$F$6:$CP$99,16,),)/1000 -> -32.809767 | V16: =+U16-T16 -> -143.60039 | W16: =+IFERROR(HLOOKUP($B16,'[3]6월'!$F$6:$CC$57,16,),)/1000 -> 281.4937 | X16: =+U16-W16 -> -314.30347 | Y16: =+[4]창원!$Q$85 -> 101100.1 | Z16: =+[4]창원!$R$85 -> 93833.044 | AA16: =+[5]창원!$Q$85 -> 99143.406 | AB16: =+[4]창원!$Q$89 -> 76221.409 | AC16: =+[4]창원!$R$89 -> 72275.631 | AD16: =+[5]창원!$Q$89 -> 74759.318 | AE16: =+Y16-AB16 -> 24878.693 | AF16: =+Z16-AC16 -> 21557.412 | AG16: =+AA16-AD16 -> 24384.088
B17: 대구 | G17: =+I17 -> 대구 | I17: 대구 | J17: =+IFERROR(HLOOKUP($B17,'[1]6월'!$D$6:$BN$259,2,),)/1000 -> 13 | K17: =+IFERROR(HLOOKUP($B17,'[2]6월'!$F$6:$CP$99,2,),)/1000 -> 9.731 | L17: =+K17-J17 -> -3.269 | M17: =+IFERROR(HLOOKUP($B17,'[3]6월'!$F$6:$CC$57,2,),)/1000 -> 15.957 | N17: =+K17-M17 -> -6.226 | O17: =+IFERROR(HLOOKUP($B17,'[1]6월'!$D$6:$BN$259,3,),)/1000 -> 1267.2631 | P17: =+IFERROR(HLOOKUP($B17,'[2]6월'!$F$6:$CP$99,3,),)/1000 -> 840.0075 | Q17: =+P17-O17 -> -427.25556 | R17: =+IFERROR(HLOOKUP($B17,'[3]6월'!$F$6:$CC$57,3,),)/1000 -> 1689.6666 | S17: =+P17-R17 -> -849.65907 | T17: =+IFERROR(HLOOKUP($B17,'[1]6월'!$D$6:$BN$259,16,),)/1000 -> 126.71723 | U17: =+IFERROR(HLOOKUP($B17,'[2]6월'!$F$6:$CP$99,16,),)/1000 -> -2.303044 | V17: =+U17-T17 -> -129.02027 | W17: =+IFERROR(HLOOKUP($B17,'[3]6월'!$F$6:$CC$57,16,),)/1000 -> 285.78178 | X17: =+U17-W17 -> -288.08483 | Y17: =+[4]대구!$Q$85 -> 97481.774 | Z17: =+[4]대구!$R$85 -> 86322.834 | AA17: =+[5]대구!$Q$85 -> 105888.74 | AB17: =+[4]대구!$Q$89 -> 72123.552 | AC17: =+[4]대구!$R$89 -> 70519.348 | AD17: =+[5]대구!$Q$89 -> 76495.675 | AE17: =+Y17-AB17 -> 25358.222 | AF17: =+Z17-AC17 -> 15803.487 | AG17: =+AA17-AD17 -> 29393.061
B18: 울산 | G18: =+I18 -> 울산 | I18: 울산 | J18: =+IFERROR(HLOOKUP($B18,'[1]6월'!$D$6:$BN$259,2,),)/1000 -> 13.5 | K18: =+IFERROR(HLOOKUP($B18,'[2]6월'!$F$6:$CP$99,2,),)/1000 -> 8.376 | L18: =+K18-J18 -> -5.124 | M18: =+IFERROR(HLOOKUP($B18,'[3]6월'!$F$6:$CC$57,2,),)/1000 -> 14.496 | N18: =+K18-M18 -> -6.12 | O18: =+IFERROR(HLOOKUP($B18,'[1]6월'!$D$6:$BN$259,3,),)/1000 -> 1374.991 | P18: =+IFERROR(HLOOKUP($B18,'[2]6월'!$F$6:$CP$99,3,),)/1000 -> 828.049 | Q18: =+P18-O18 -> -546.942 | R18: =+IFERROR(HLOOKUP($B18,'[3]6월'!$F$6:$CC$57,3,),)/1000 -> 1547.3991 | S18: =+P18-R18 -> -719.35015 | T18: =+IFERROR(HLOOKUP($B18,'[1]6월'!$D$6:$BN$259,16,),)/1000 -> 115.7246 | U18: =+IFERROR(HLOOKUP($B18,'[2]6월'!$F$6:$CP$99,16,),)/1000 -> -38.647879 | V18: =+U18-T18 -> -154.37248 | W18: =+IFERROR(HLOOKUP($B18,'[3]6월'!$F$6:$CC$57,16,),)/1000 -> 273.46478 | X18: =+U18-W18 -> -312.11265 | Y18: =+[4]울산!$Q$85 -> 101851.19 | Z18: =+[4]울산!$R$85 -> 98859.718 | AA18: =+[5]울산!$Q$85 -> 106746.63 | AB18: =+[4]울산!$Q$89 -> 81653.824 | AC18: =+[4]울산!$R$89 -> 84325.735 | AD18: =+[5]울산!$Q$89 -> 79098.881 | AE18: =+Y18-AB18 -> 20197.361 | AF18: =+Z18-AC18 -> 14533.983 | AG18: =+AA18-AD18 -> 27647.749
B19: 아산 | G19: =+I19 -> 아산 | I19: 아산 | J19: =+IFERROR(HLOOKUP($B19,'[1]6월'!$D$6:$BN$259,2,),)/1000 -> 24 | K19: =+IFERROR(HLOOKUP($B19,'[2]6월'!$F$6:$CP$99,2,),)/1000 -> 22.926 | L19: =+K19-J19 -> -1.074 | M19: =+IFERROR(HLOOKUP($B19,'[3]6월'!$F$6:$CC$57,2,),)/1000 -> 30.673 | N19: =+K19-M19 -> -7.747 | O19: =+IFERROR(HLOOKUP($B19,'[1]6월'!$D$6:$BN$259,3,),)/1000 -> 2472 | P19: =+IFERROR(HLOOKUP($B19,'[2]6월'!$F$6:$CP$99,3,),)/1000 -> 2159.1979 | Q19: =+P19-O19 -> -312.80213 | R19: =+IFERROR(HLOOKUP($B19,'[3]6월'!$F$6:$CC$57,3,),)/1000 -> 3094.9295 | S19: =+P19-R19 -> -935.73159 | T19: =+IFERROR(HLOOKUP($B19,'[1]6월'!$D$6:$BN$259,16,),)/1000 -> 346.68497 | U19: =+IFERROR(HLOOKUP($B19,'[2]6월'!$F$6:$CP$99,16,),)/1000 -> 102.05387 | V19: =+U19-T19 -> -244.6311 | W19: =+IFERROR(HLOOKUP($B19,'[3]6월'!$F$6:$CC$57,16,),)/1000 -> 517.15088 | X19: =+U19-W19 -> -415.09701 | Y19: =+[4]아산!$Q$85 -> 103000 | Z19: =+[4]아산!$R$85 -> 94181.186 | AA19: =+[5]아산!$Q$85 -> 100900.77 | AB19: =+[4]아산!$Q$89 -> 77429.805 | AC19: =+[4]아산!$R$89 -> 78981.571 | AD19: =+[5]아산!$Q$89 -> 75826.368 | AE19: =+Y19-AB19 -> 25570.195 | AF19: =+Z19-AC19 -> 15199.615 | AG19: =+AA19-AD19 -> 25074.407
B20: 전주 | G20: =+I20 -> 전주 | I20: 전주 | J20: =+IFERROR(HLOOKUP($B20,'[1]6월'!$D$6:$BN$259,2,),)/1000 -> 12 | K20: =+IFERROR(HLOOKUP($B20,'[2]6월'!$F$6:$CP$99,2,),)/1000 -> 11.656 | L20: =+K20-J20 -> -0.344 | M20: =+IFERROR(HLOOKUP($B20,'[3]6월'!$F$6:$CC$57,2,),)/1000 -> 7.9935 | N20: =+K20-M20 -> 3.6625 | O20: =+IFERROR(HLOOKUP($B20,'[1]6월'!$D$6:$BN$259,3,),)/1000 -> 1162.9867 | P20: =+IFERROR(HLOOKUP($B20,'[2]6월'!$F$6:$CP$99,3,),)/1000 -> 1115.7701 | Q20: =+P20-O20 -> -47.21658 | R20: =+IFERROR(HLOOKUP($B20,'[3]6월'!$F$6:$CC$57,3,),)/1000 -> 745.8426 | S20: =+P20-R20 -> 369.92755 | T20: =+IFERROR(HLOOKUP($B20,'[1]6월'!$D$6:$BN$259,16,),)/1000 -> 123.74469 | U20: =+IFERROR(HLOOKUP($B20,'[2]6월'!$F$6:$CP$99,16,),)/1000 -> 88.636493 | V20: =+U20-T20 -> -35.108196 | W20: =+IFERROR(HLOOKUP($B20,'[3]6월'!$F$6:$CC$57,16,),)/1000 -> 26.426647 | X20: =+U20-W20 -> 62.209846 | Y20: =+[4]전주!$Q$85 -> 96915.561 | Z20: =+[4]전주!$R$85 -> 95711.808 | AA20: =+[5]전주!$Q$85 -> 93306.136 | AB20: =+[4]전주!$Q$89 -> 73196.209 | AC20: =+[4]전주!$R$89 -> 74839.857 | AD20: =+[5]전주!$Q$89 -> 69399.752 | AE20: =+Y20-AB20 -> 23719.352 | AF20: =+Z20-AC20 -> 20871.951 | AG20: =+AA20-AD20 -> 23906.384
B21: 군산 | G21: =+I21 -> 군산 | I21: 군산 | J21: =+IFERROR(HLOOKUP($B21,'[1]6월'!$D$6:$BN$259,2,),)/1000 -> 6.5 | K21: =+IFERROR(HLOOKUP($B21,'[2]6월'!$F$6:$CP$99,2,),)/1000 -> 5.354 | L21: =+K21-J21 -> -1.146 | M21: =+IFERROR(HLOOKUP($B21,'[3]6월'!$F$6:$CC$57,2,),)/1000 -> 10.45 | N21: =+K21-M21 -> -5.096 | O21: =+IFERROR(HLOOKUP($B21,'[1]6월'!$D$6:$BN$259,3,),)/1000 -> 718.93599 | P21: =+IFERROR(HLOOKUP($B21,'[2]6월'!$F$6:$CP$99,3,),)/1000 -> 593.4438 | Q21: =+P21-O21 -> -125.49219 | R21: =+IFERROR(HLOOKUP($B21,'[3]6월'!$F$6:$CC$57,3,),)/1000 -> 1231.4346 | S21: =+P21-R21 -> -637.9908 | T21: =+IFERROR(HLOOKUP($B21,'[1]6월'!$D$6:$BN$259,16,),)/1000 -> 157.64927 | U21: =+IFERROR(HLOOKUP($B21,'[2]6월'!$F$6:$CP$99,16,),)/1000 -> 117.55183 | V21: =+U21-T21 -> -40.097437 | W21: =+IFERROR(HLOOKUP($B21,'[3]6월'!$F$6:$CC$57,16,),)/1000 -> 359.65576 | X21: =+U21-W21 -> -242.10393 | Y21: =+[4]군산!$Q$85 -> 110605.54 | Z21: =+[4]군산!$R$85 -> 110841.2 | AA21: =+[5]군산!$Q$85 -> 117840.63 | AB21: =+[4]군산!$Q$89 -> 71663.023 | AC21: =+[4]군산!$R$89 -> 72455.982 | AD21: =+[5]군산!$Q$89 -> 75736.722 | AE21: =+Y21-AB21 -> 38942.513 | AF21: =+Z21-AC21 -> 38385.221 | AG21: =+AA21-AD21 -> 42103.909
B22: 원주 | G22: =+I22 -> 원주 | I22: 원주 | J22: =+IFERROR(HLOOKUP($B22,'[1]6월'!$D$6:$BN$259,2,),)/1000 -> 6 | K22: =+IFERROR(HLOOKUP($B22,'[2]6월'!$F$6:$CP$99,2,),)/1000 -> 4.028 | L22: =+K22-J22 -> -1.972 | M22: =+IFERROR(HLOOKUP($B22,'[3]6월'!$F$6:$CC$57,2,),)/1000 -> 6.349 | N22: =+K22-M22 -> -2.321 | O22: =+IFERROR(HLOOKUP($B22,'[1]6월'!$D$6:$BN$259,3,),)/1000 -> 672 | P22: =+IFERROR(HLOOKUP($B22,'[2]6월'!$F$6:$CP$99,3,),)/1000 -> 434.3115 | Q22: =+P22-O22 -> -237.6885 | R22: =+IFERROR(HLOOKUP($B22,'[3]6월'!$F$6:$CC$57,3,),)/1000 -> 730.5149 | S22: =+P22-R22 -> -296.2034 | T22: =+IFERROR(HLOOKUP($B22,'[1]6월'!$D$6:$BN$259,16,),)/1000 -> 137.76133 | U22: =+IFERROR(HLOOKUP($B22,'[2]6월'!$F$6:$CP$99,16,),)/1000 -> 61.353452 | V22: =+U22-T22 -> -76.407875 | W22: =+IFERROR(HLOOKUP($B22,'[3]6월'!$F$6:$CC$57,16,),)/1000 -> 157.5276 | X22: =+U22-W22 -> -96.17415 | Y22: =+[4]원주!$Q$85 -> 112000 | Z22: =+[4]원주!$R$85 -> 107831.65 | AA22: =+[5]원주!$Q$85 -> 115059.84 | AB22: =+[4]원주!$Q$89 -> 72629.999 | AC22: =+[4]원주!$R$89 -> 69838.045 | AD22: =+[5]원주!$Q$89 -> 75609.7 | AE22: =+Y22-AB22 -> 39370.001 | AF22: =+Z22-AC22 -> 37993.606 | AG22: =+AA22-AD22 -> 39450.137
B23: 제주 | F23: =+K27-J27 -> -36.57 | G23: =+I23 -> 제주 | I23: 제주 | J23: =+IFERROR(HLOOKUP($B23,'[1]6월'!$D$6:$BN$259,2,),)/1000 -> 9 | K23: =+IFERROR(HLOOKUP($B23,'[2]6월'!$F$6:$CP$99,2,),)/1000 -> 5.089 | L23: =+K23-J23 -> -3.911 | M23: =+IFERROR(HLOOKUP($B23,'[3]6월'!$F$6:$CC$57,2,),)/1000 -> 4.611 | N23: =+K23-M23 -> 0.478 | O23: =+IFERROR(HLOOKUP($B23,'[1]6월'!$D$6:$BN$259,3,),)/1000 -> 1106.96 | P23: =+IFERROR(HLOOKUP($B23,'[2]6월'!$F$6:$CP$99,3,),)/1000 -> 641.71046 | Q23: =+P23-O23 -> -465.24954 | R23: =+IFERROR(HLOOKUP($B23,'[3]6월'!$F$6:$CC$57,3,),)/1000 -> 568.44685 | S23: =+P23-R23 -> 73.263612 | T23: =+IFERROR(HLOOKUP($B23,'[1]6월'!$D$6:$BN$259,16,),)/1000 -> 181.77801 | U23: =+IFERROR(HLOOKUP($B23,'[2]6월'!$F$6:$CP$99,16,),)/1000 -> 63.116116 | V23: =+U23-T23 -> -118.66189 | W23: =+IFERROR(HLOOKUP($B23,'[3]6월'!$F$6:$CC$57,16,),)/1000 -> 65.194074 | X23: =+U23-W23 -> -2.077958 | Y23: =+[4]제주!$Q$85 -> 122995.56 | Z23: =+[4]제주!$R$85 -> 126097.56 | AA23: =+[5]제주!$Q$85 -> 123280.6 | AB23: =+[4]제주!$Q$89 -> 91386.196 | AC23: =+[4]제주!$R$89 -> 95299.243 | AD23: =+[5]제주!$Q$89 -> 90143.963 | AE23: =+Y23-AB23 -> 31609.36 | AF23: =+Z23-AC23 -> 30798.312 | AG23: =+AA23-AD23 -> 33136.637
F24: =+K24/J24 -> 0.89739151 | G24: =+I24 -> 수도권 | I24: 수도권 | J24: =SUM(J7:J10) -> 106 | K24: =SUM(K7:K10) -> 95.1235 | L24: =+K24-J24 -> -10.8765 | M24: =SUM(M7:M10) -> 107.2852 | N24: =+K24-M24 -> -12.1617 | O24: =SUM(O7:O10) -> 10319.85 | P24: =SUM(P7:P10) -> 9087.3218 | Q24: =+P24-O24 -> -1232.5281 | R24: =SUM(R7:R10) -> 10510.875 | S24: =+P24-R24 -> -1423.5532 | T24: =SUM(T7:T10) -> 651.0502 | U24: =SUM(U7:U10) -> 378.99198 | V24: =+U24-T24 -> -272.05822 | W24: =SUM(W7:W10) -> 866.42165 | X24: =+U24-W24 -> -487.42966 | Y24: =+[4]수도권!$Q$85 -> 97357.075 | Z24: =+[4]수도권!$R$85 -> 95549.029 | AA24: =+[5]수도권!$Q$85 -> 97972.586 | AB24: =+[4]수도권!$Q$89 -> 80467.846 | AC24: =+[4]수도권!$R$89 -> 79247.43 | AD24: =+[5]수도권!$Q$89 -> 80027.502 | AE24: =+Y24-AB24 -> 16889.229 | AF24: =+Z24-AC24 -> 16301.599 | AG24: =+AA24-AD24 -> 17945.084
F25: =+K25/J25 -> 0.86366403 | G25: =+I25 -> 영남권 | I25: 영남권 | J25: =SUM(J11:J18) -> 126.5 | K25: =SUM(K11:K18) -> 109.2535 | L25: =+K25-J25 -> -17.2465 | M25: =SUM(M11:M18) -> 137.792 | N25: =+K25-M25 -> -28.5385 | O25: =SUM(O11:O18) -> 12713.601 | P25: =SUM(P11:P18) -> 10699.431 | Q25: =+P25-O25 -> -2014.1707 | R25: =SUM(R11:R18) -> 13894.994 | S25: =+P25-R25 -> -3195.5636 | T25: =SUM(T11:T18) -> 1061.2795 | U25: =SUM(U11:U18) -> 514.43019 | V25: =+U25-T25 -> -546.84931 | W25: =SUM(W11:W18) -> 1518.0696 | X25: =+U25-W25 -> -1003.6394 | Y25: =+[4]영남권!$Q$85 -> 100502.78 | Z25: =+[4]영남권!$R$85 -> 97932.156 | AA25: =+[5]영남권!$Q$85 -> 100840.36 | AB25: =+[4]영남권!$Q$89 -> 78600.815 | AC25: =+[4]영남권!$R$89 -> 78415.182 | AD25: =+[5]영남권!$Q$89 -> 78131.984 | AE25: =+Y25-AB25 -> 21901.963 | AF25: =+Z25-AC25 -> 19516.974 | AG25: =+AA25-AD25 -> 22708.372
F26: =+K26/J26 -> 0.85309565 | G26: =+I26 -> 중부권 | I26: 중부권 | J26: =SUM(J19:J23) -> 57.5 | K26: =SUM(K19:K23) -> 49.053 | L26: =+K26-J26 -> -8.447 | M26: =SUM(M19:M23) -> 60.0765 | N26: =+K26-M26 -> -11.0235 | O26: =SUM(O19:O23) -> 6132.8827 | P26: =SUM(P19:P23) -> 4944.4338 | Q26: =+P26-O26 -> -1188.4489 | R26: =SUM(R19:R23) -> 6371.1684 | S26: =+P26-R26 -> -1426.7346 | T26: =SUM(T19:T23) -> 947.61825 | U26: =SUM(U19:U23) -> 432.71176 | V26: =+U26-T26 -> -514.9065 | W26: =SUM(W19:W23) -> 1125.955 | X26: =+U26-W26 -> -693.24321 | Y26: =+[4]중부권!$Q$85 -> 106658.83 | Z26: =+[4]중부권!$R$85 -> 100796.99 | AA26: =+[5]중부권!$Q$85 -> 106050.93 | AB26: =+[4]중부권!$Q$89 -> 77578.004 | AC26: =+[4]중부권!$R$89 -> 78228.566 | AD26: =+[5]중부권!$Q$89 -> 76044.867 | AE26: =+Y26-AB26 -> 29080.826 | AF26: =+Z26-AC26 -> 22568.423 | AG26: =+AA26-AD26 -> 30006.058
F27: =+K27/M27 -> 0.83049952 | G27: =+K27/J27 -> 0.87389655 | H27: 레미콘 계 | J27: =SUM(J24:J26) -> 290 | K27: =SUM(K24:K26) -> 253.43 | L27: =+K27-J27 -> -36.57 | M27: =SUM(M24:M26) -> 305.1537 | N27: =+K27-M27 -> -51.7237 | O27: =SUM(O24:O26) -> 29166.334 | P27: =SUM(P24:P26) -> 24731.186 | Q27: =+P27-O27 -> -4435.1477 | R27: =SUM(R24:R26) -> 30777.038 | S27: =+P27-R27 -> -6045.8514 | T27: =SUM(T24:T26) -> 2659.948 | U27: =SUM(U24:U26) -> 1326.1339 | V27: =+U27-T27 -> -1333.814 | W27: =SUM(W24:W26) -> 3510.4462 | X27: =+U27-W27 -> -2184.3123 | Y27: =+[4]합계!$Q$85 -> 100573.57 | Z27: =+[4]합계!$R$85 -> 97599.047 | AA27: =+[5]합계!$Q$85 -> 100861.45 | AB27: =+[4]합계!$Q$89 -> 79080.448 | AC27: =+[4]합계!$R$89 -> 78689.157 | AD27: =+[5]합계!$Q$89 -> 78384.694 | AE27: =+Y27-AB27 -> 21493.117 | AF27: =+Z27-AC27 -> 18909.89 | AG27: =+AA27-AD27 -> 22476.76 | AI27: =+AF27-AE27 -> -2583.2276 | AJ27: =+AF27-AG27 -> -3566.8706
B28: 건자재 | E28: 건자재영업 | G28: 건자재 | H28: 건자재 | J28: =+IFERROR(HLOOKUP($B28,'[1]6월'!$D$6:$BN$259,2,),) -> 10200 | K28: =+IFERROR(HLOOKUP($E28,'[2]6월'!$F$6:$CP$99,2,),) -> 6733.593 | L28: =+K28-J28 -> -3466.407 | M28: =+IFERROR(HLOOKUP($E28,'[3]6월'!$F$6:$CC$57,2,),) -> 7982.061 | N28: =+K28-M28 -> -1248.468 | O28: =+IFERROR(HLOOKUP($B28,'[1]6월'!$D$6:$BN$259,3,),)/1000 -> 11165.946 | P28: =+IFERROR(HLOOKUP($E28,'[2]6월'!$F$6:$CP$99,3,),)/1000 -> 7056.4882 | Q28: =+P28-O28 -> -4109.4574 | R28: =+IFERROR(HLOOKUP($E28,'[3]6월'!$F$6:$CC$57,3,),)/1000 -> 7873.3448 | S28: =+P28-R28 -> -816.85662 | T28: =+IFERROR(HLOOKUP($B28,'[1]6월'!$D$6:$BN$259,16,),)/1000 -> 167.8594 | U28: =+IFERROR(HLOOKUP($E28,'[2]6월'!$F$6:$CP$99,16,),)/1000 -> 35.646069 | V28: =+U28-T28 -> -132.21333 | W28: =+IFERROR(HLOOKUP($E28,'[3]6월'!$F$6:$CC$57,16,),)/1000 -> 150.16984 | X28: =+U28-W28 -> -114.52377 | Y28: ■ 비고
B29: 부산모래장 | C29: 부산골재 | G29: =+I29 -> 부산모래장 | H29: 골재 | I29: 부산모래장 | J29: =+IFERROR(HLOOKUP($B29,'[1]6월'!$D$6:$BN$259,2,),)/1000 -> 24.456225 | K29: =+IFERROR(HLOOKUP($C29,'[2]6월'!$F$6:$CP$99,2,),)/1000 -> 27.089 | L29: =+K29-J29 -> 2.6327751 | M29: =+IFERROR(HLOOKUP($C29,'[3]6월'!$F$6:$CC$57,2,),)/1000 -> 18.49 | N29: =+K29-M29 -> 8.599 | O29: =+IFERROR(HLOOKUP($B29,'[1]6월'!$D$6:$BN$259,3,),)/1000 -> 663.60657 | P29: =+IFERROR(HLOOKUP($C29,'[2]6월'!$F$6:$CP$99,3,),)/1000 -> 759.9665 | Q29: =+P29-O29 -> 96.359929 | R29: =+IFERROR(HLOOKUP($C29,'[3]6월'!$F$6:$CC$57,3,),)/1000 -> 536.244 | S29: =+P29-R29 -> 223.7225 | T29: =+IFERROR(HLOOKUP($B29,'[1]6월'!$D$6:$BN$259,21,),)/1000 -> -4.2897891 | U29: =+IFERROR(HLOOKUP($C29,'[2]6월'!$F$6:$CP$99,21,),)/1000 -> -51.607761 | V29: =+U29-T29 -> -47.317972 | W29: =+IFERROR(HLOOKUP($C29,'[3]6월'!$F$6:$CC$57,21,),)/1000 -> -53.966539 | X29: =+U29-W29 -> 2.3587775 | Y29: - 6월 판가 1군 마이너스 계산서 0.8억
B30: 서부산크라샤 | C30: 서부산골재 | G30: =+I30 -> 서부산CR | I30: 서부산CR | J30: =+IFERROR(HLOOKUP($B30,'[1]6월'!$D$6:$BN$259,2,),)/1000 -> 47.619138 | K30: =+IFERROR(HLOOKUP($C30,'[2]6월'!$F$6:$CP$99,2,),)/1000 -> 24.568 | L30: =+K30-J30 -> -23.051138 | M30: =+IFERROR(HLOOKUP($C30,'[3]6월'!$F$6:$CC$57,2,),)/1000 -> 24.944 | N30: =+K30-M30 -> -0.376 | O30: =+IFERROR(HLOOKUP($B30,'[1]6월'!$D$6:$BN$259,3,),)/1000 -> 687.6158 | P30: =+IFERROR(HLOOKUP($C30,'[2]6월'!$F$6:$CP$99,3,),)/1000 -> 339.352 | Q30: =+P30-O30 -> -348.2638 | R30: =+IFERROR(HLOOKUP($C30,'[3]6월'!$F$6:$CC$57,3,),)/1000 -> 344.552 | S30: =+P30-R30 -> -5.2 | T30: =+IFERROR(HLOOKUP($B30,'[1]6월'!$D$6:$BN$259,21,),)/1000 -> 22.68311 | U30: =+IFERROR(HLOOKUP($C30,'[2]6월'!$F$6:$CP$99,21,),)/1000 -> 22.764294 | V30: =+U30-T30 -> 0.081183755 | W30: =+IFERROR(HLOOKUP($C30,'[3]6월'!$F$6:$CC$57,21,),)/1000 -> 23.263172 | X30: =+U30-W30 -> -0.49887744 | Y30: - 운반비 : 2개년 합의 인상 적용(6/1) → 인천, 김포 3,300원/회 ↑
B31: 부산크라샤 | C31: 부산크라샤 | G31: =+I31 -> 부산CR | I31: 부산CR | J31: =+IFERROR(HLOOKUP($B31,'[1]6월'!$D$6:$BN$259,2,),)/1000 -> 40.485669 | K31: =+IFERROR(HLOOKUP($C31,'[2]6월'!$F$6:$CP$99,2,),)/1000 -> 19.543 | L31: =+K31-J31 -> -20.942669 | M31: =+IFERROR(HLOOKUP($C31,'[3]6월'!$F$6:$CC$57,2,),)/1000 -> 32.89 | N31: =+K31-M31 -> -13.347 | O31: =+IFERROR(HLOOKUP($B31,'[1]6월'!$D$6:$BN$259,3,),)/1000 -> 679.89846 | P31: =+IFERROR(HLOOKUP($C31,'[2]6월'!$F$6:$CP$99,3,),)/1000 -> 386.4465 | Q31: =+P31-O31 -> -293.45196 | R31: =+IFERROR(HLOOKUP($C31,'[3]6월'!$F$6:$CC$57,3,),)/1000 -> 596.203 | S31: =+P31-R31 -> -209.7565 | T31: =+IFERROR(HLOOKUP($B31,'[1]6월'!$D$6:$BN$259,21,),)/1000 -> 47.690728 | U31: =+IFERROR(HLOOKUP($C31,'[2]6월'!$F$6:$CP$99,21,),)/1000 -> -63.702975 | V31: =+U31-T31 -> -111.3937 | W31: =+IFERROR(HLOOKUP($C31,'[3]6월'!$F$6:$CC$57,21,),)/1000 -> 6.6444047 | X31: =+U31-W31 -> -70.347379 | Y31: - 세금과공과 : 18.4억 선반영(건축물 0.9억, 토지세 6.3억, 종합부동산세 11.3억)
H32: 골재 계 | J32: =SUM(J29:J31) -> 112.56103 | K32: =SUM(K29:K31) -> 71.2 | L32: =+K32-J32 -> -41.361032 | M32: =SUM(M29:M31) -> 76.324 | N32: =+K32-M32 -> -5.124 | O32: =SUM(O29:O31) -> 2031.1208 | P32: =SUM(P29:P31) -> 1485.765 | Q32: =+P32-O32 -> -545.35584 | R32: =SUM(R29:R31) -> 1476.999 | S32: =+P32-R32 -> 8.766 | T32: =SUM(T29:T31) -> 66.08405 | U32: =SUM(U29:U31) -> -92.546442 | V32: =+U32-T32 -> -158.63049 | W32: =SUM(W29:W31) -> -24.058962 | X32: =+U32-W32 -> -68.487479
B33: 포항임대 | C33: 속초임대 | D33: 강릉임대 | E33: 레미콘임대 계 | G33: =+I33 -> 레미콘임대 | H33: 기타 | I33: 레미콘임대 | L33: =+K33-J33 -> 0 | N33: =+K33-M33 -> 0 | O33: =(IFERROR(HLOOKUP($B33,'[1]6월'!$D$6:$BN$259,3,),)++IFERROR(HLOOKUP($C33,'[1]6월'!$D$6:$BN$259,3,),)+IFERROR(HLOOKUP($D33,'[1]6월'!$D$6:$BN$259,3,),))/1000 -> 66.666667 | P33: =+IFERROR(HLOOKUP($E33,'[2]6월'!$F$6:$CP$99,3,),)/1000 -> 43.34 | Q33: =+P33-O33 -> -23.326667 | R33: =+IFERROR(HLOOKUP($E33,'[3]6월'!$F$6:$CC$57,3,),)/1000 -> 90.84 | S33: =+P33-R33 -> -47.5 | T33: =(IFERROR(HLOOKUP($B33,'[1]6월'!$D$6:$BN$259,21,),)++IFERROR(HLOOKUP($C33,'[1]6월'!$D$6:$BN$259,21,),)+IFERROR(HLOOKUP($D33,'[1]6월'!$D$6:$BN$259,21,),))/1000 -> -1.9239863 | U33: =+IFERROR(HLOOKUP($E33,'[2]6월'!$F$6:$CP$99,16,),)/1000 -> -32.2143 | V33: =+U33-T33 -> -30.290314 | W33: =+IFERROR(HLOOKUP($E33,'[3]6월'!$F$6:$CC$57,16,),)/1000 -> -23.482855 | X33: =+U33-W33 -> -8.731445
B34: 부동산임대 | C34: 주유소임대 | E34: 임대 계 | G34: =+I34 -> 임대 | I34: 임대 | L34: =+K34-J34 -> 0 | M34: 0 | N34: =+K34-M34 -> 0 | O34: =(+IFERROR(HLOOKUP($B34,'[1]6월'!$D$6:$BN$259,3,),)+IFERROR(HLOOKUP($C34,'[1]6월'!$D$6:$BN$259,3,),))/1000 -> 74.0915 | P34: =+IFERROR(HLOOKUP($E34,'[2]6월'!$F$6:$CP$99,3,),)/1000 -> 73.777012 | Q34: =+P34-O34 -> -0.314488 | R34: =+IFERROR(HLOOKUP($E34,'[3]6월'!$F$6:$CC$57,3,),)/1000 -> 73.635212 | S34: =+P34-R34 -> 0.1418 | T34: =(+IFERROR(HLOOKUP($B34,'[1]6월'!$D$6:$BN$259,21,),)+IFERROR(HLOOKUP($C34,'[1]6월'!$D$6:$BN$259,21,),))/1000 -> 76.556944 | U34: =+IFERROR(HLOOKUP($E34,'[2]6월'!$F$6:$CP$99,16,),)/1000 -> 73.218889 | V34: =+U34-T34 -> -3.338055 | W34: =+IFERROR(HLOOKUP($E34,'[3]6월'!$F$6:$CC$57,16,),)/1000 -> 76.100837 | X34: =+U34-W34 -> -2.881948
B35: 공 통 비 | G35: =+I35 -> 공통비 | I35: 공통비 | L35: =+K35-J35 -> 0 | N35: =+K35-M35 -> 0 | Q35: =+P35-O35 -> 0 | S35: =+P35-R35 -> 0 | T35: =-'[1]6월'!$Z$22/1000 -> -2607.3115 | U35: =+-'[2]6월'!$Z$22/1000 -> -2809.4658 | V35: =+U35-T35 -> -202.15433 | W35: =+-'[3]6월'!$Z$22/1000 -> -2487.3998 | X35: =+U35-W35 -> -322.06597
G36: =+I36 -> OPC 소급분 | I36: OPC 소급분 | N36: =+K36-M36 -> 0 | Q36: =+P36-O36 -> 0 | S36: =+P36-R36 -> 0 | U36: ='[2]6월'!$BD$26/1000 -> 0 | V36: =+U36-T36 -> 0 | W36: =-'[3]6월'!$BD$26/1000 -> 0 | X36: =+U36-W36 -> 0
G37: =+I37 -> 대손 | I37: 대손 | N37: =+K37-M37 -> 0 | Q37: =+P37-O37 -> 0 | S37: =+P37-R37 -> 0 | U37: ='[2]6월'!$BE$26/1000 -> -306.31368 | V37: =+U37-T37 -> -306.31368 | W37: ='[3]6월'!$BE$26/1000 -> 620.33483 | X37: =+U37-W37 -> -926.64852
G38: =+I38 -> 미운영 공장 | I38: 미운영 공장 | M38: =SUM(M54:M59) -> 0 | N38: =+K38-M38 -> 0 | Q38: =+P38-O38 -> 0 | R38: =+IFERROR(HLOOKUP($I$38,'[3]6월'!$F$6:$BJ$50,3,),)/1000 -> 0 | S38: =+P38-R38 -> 0 | T38: =SUM('[1]6월'!$AM$26:$AQ$26)/1000 -> -47.306249 | U38: =+'[2]6월'!$BF$26/1000 -> -47.528175 | V38: =+U38-T38 -> -0.221926 | W38: =+'[3]6월'!$BF$26/1000 -> -56.104233 | X38: =+U38-W38 -> 8.576058
B39: 기타 계 | G39: =+I39 -> 퇴직위로금 | I39: 퇴직위로금 | U39: =+'[2]6월'!$BG$26/1000 -> 0 | V39: =+U39-T39 -> 0 | X39: =+U39-W39 -> 0
G40: =+I40 -> 기타 | I40: 기타 | L40: =+K40-J40 -> 0 | N40: =+K40-M40 -> 0 | O40: =IFERROR(HLOOKUP($B39,'[1]6월'!$D$6:$BN$259,3,),)/1000 -> 1.77 | P40: =+('[2]6월'!$F$8-SUM('[2]6월'!$Z$8,'[2]6월'!$AH$8,'[2]6월'!$AN$8,'[2]6월'!$AO$8,'[2]6월'!$BA$8,'[2]6월'!$BD$8,'[2]6월'!$BE$8,'[2]6월'!$BF$8))/1000 -> 1.6874 | Q40: =+P40-O40 -> -0.0826 | R40: =+('[3]6월'!$F$8-SUM('[3]6월'!$Z$8,'[3]6월'!$AH$8,'[3]6월'!$AN$8,'[3]6월'!$AO$8,'[3]6월'!$BA$8,'[3]6월'!$BD$8,'[3]6월'!$BE$8,'[3]6월'!$BF$8))/1000 -> 1.704 | S40: =+P40-R40 -> -0.0166 | T40: =+('[1]6월'!$E$26-'[1]6월'!$Z$26-'[1]6월'!$AA$26-'[1]6월'!$AE$26-'[1]6월'!$AL$26-'[1]6월'!$AM$26-'[1]6월'!$AN$26-'[1]6월'!$AO$26-'[1]6월'!$AP$26-'[1]6월'!$AQ$26-'[1]6월'!$AS$26+'[1]6월'!$AS$26)/1000 -> -75.182554 | U40: =+('[2]6월'!$F$26-SUM('[2]6월'!$Z$26,'[2]6월'!$AH$26,'[2]6월'!$AN$26,'[2]6월'!$AO$26,'[2]6월'!$BA$26,'[2]6월'!$BD$26,'[2]6월'!$BE$26,'[2]6월'!$BF$26))/1000-U39 -> 43.45906 | V40: =+U40-T40 -> 118.64161 | W40: =+('[3]6월'!$F$26-SUM('[3]6월'!$Z$26,'[3]6월'!$AH$26,'[3]6월'!$AN$26,'[3]6월'!$AO$26,'[3]6월'!$BA$26,'[3]6월'!$BD$26,'[3]6월'!$BE$26,'[3]6월'!$BF$26))/1000 -> -90.356696 | X40: =+U40-W40 -> 133.81576
H41: 기타 계 | J41: =SUM(J33:J40) -> 0 | K41: =SUM(K33:K40) -> 0 | L41: =+K41-J41 -> 0 | M41: =SUM(M33:M40) -> 0 | N41: =+K41-M41 -> 0 | O41: =SUM(O33:O40) -> 142.52817 | P41: =SUM(P33:P40) -> 118.80441 | Q41: =+P41-O41 -> -23.723755 | R41: =SUM(R33:R40) -> 166.17921 | S41: =+P41-R41 -> -47.3748 | T41: =SUM(T33:T40) -> -2655.1673 | U41: =SUM(U33:U40) -> -3078.844 | V41: =+U41-T41 -> -423.67669 | W41: =SUM(W33:W40) -> -1960.908 | X41: =+U41-W41 -> -1117.9361
U42: 19 | V42: 12.4
G43: =+P43/O43 -> 0.78559027 | H43: 합계 | O43: =+O27+O32+O28+O41 -> 42505.929 | P43: =+P27+P32+P28+P41 -> 33392.244 | Q43: =+P43-O43 -> -9113.6847 | R43: =+R27+R32+R28+R41 -> 40293.561 | S43: =+P43-R43 -> -6901.3168 | T43: =+T27+T32+T28+T41 -> 238.72408 | U43: =+U27+U32+U28+U41 -> -1809.6105 | V43: =+U43-T43 -> -2048.3345 | W43: =+W27+W32+W28+W41 -> 1675.6492 | X43: =+U43-W43 -> -3485.2596
G44: =+U43/T43 -> -7.5803432 | P44: =+P43/O43 -> 0.78559027 | R44: =+P43/R43 -> 0.82872408 | T44: =+T43/O43 -> 0.0056162538 | U44: =+U43/P43 -> -0.054192538
F46: =+K28/M28 -> 0.84359077 | G46: =+K28/J28 -> 0.66015618 | I46: 확인 | J46: =+'[1]6월'!$Z$7/1000 -> 290 | K46: =+'[2]6월'!$AI$7/1000 -> 253.43 | M46: =+'[3]6월'!$Z$7/1000 -> 305.1537 | O46: =+'[1]6월'!$E$8/1000 -> 42505.929 | P46: =+'[2]6월'!$F$8/1000 -> 33392.244 | R46: =+'[3]6월'!$F$8/1000 -> 40293.561 | T46: =+'[1]6월'!$E$26/1000 -> 238.72408 | U46: =+'[2]6월'!$F$26/1000 -> -1809.6105 | W46: =+'[3]6월'!$F$26/1000 -> 1675.6492
F47: =+K32/M32 -> 0.93286515 | G47: =+K32/J32 -> 0.63254573 | J47: =+J46-J27 -> 0 | K47: =+K46-K27 -> 0 | M47: =+M46-M27 -> 0 | O47: =+O46-O43 -> 0 | P47: =+P46-P43 -> 0 | R47: =+R46-R43 -> 0 | T47: =+T46-T43 -> 1.8189894e-12 | U47: =+U46-U43 -> 0 | W47: =+W46-W43 -> 0
O49: =+O43-O28 -> 31339.983 | P49: =+P43-P28 -> 26335.756 | Q49: =+P49-O49 -> -5004.2273
O50: =+O49/100 -> 313.39983 | P50: =+P49/100 -> 263.35756 | Q50: =+P50-O50 -> -50.042273 | S50: 레미콘 | T50: =(+T27+T35)/100 -> 0.5263648 | U50: =(+U27+U35)/100 -> -14.833319 | V50: =+U50-T50 -> -15.359684 | W50: =+U50/T50-1 -> -29.180682
Q51: =+P50/O50 -> 0.84032451 | S51: 골재 | T51: =+T32/100 -> 0.6608405 | U51: =+U32/100 -> -0.92546442 | V51: =+U51-T51 -> -1.5863049
S52: 임대 | T52: =(T33+T34)/100 -> 0.74632958 | U52: =(U33+U34)/100 -> 0.41004589 | V52: =+U52-T52 -> -0.33628369
S53: 기타 | T53: =((T46-T28)/100)-T50-T51-T52 -> -1.224888 | U53: =((U46-U28)/100)-U50-U51-U52 -> -3.103828 | V53: =+U53-T53 -> -1.8789399
T54: =SUM(T52:T53) -> -0.47855845 | U54: =SUM(U52:U53) -> -2.6937821 | V54: =SUM(V52:V53) -> -2.2152236
T55: =SUM(T50:T53) -> 0.70864684 | U55: =SUM(U50:U53) -> -18.452565 | V55: =+U55-T55 -> -19.161212
S58: 임대 | T58: =+(T33+T34)/100 -> 0.74632958 | U58: =+(U33+U34)/100 -> 0.41004589 | V58: =+U58-T58 -> -0.33628369
S59: =+I36 -> OPC 소급분 | T59: =+T36/100 -> 0 | U59: =+U36/100 -> 0 | V59: =+U59-T59 -> 0
S60: =+I37 -> 대손 | T60: =+T37/100 -> 0 | U60: =+U37/100 -> -3.0631368 | V60: =+U60-T60 -> -3.0631368
S61: =+I38 -> 미운영 공장 | T61: =+T38/100 -> -0.47306249 | U61: =+U38/100 -> -0.47528175 | V61: =+U61-T61 -> -0.00221926
S62: =+I40 -> 기타 | T62: =+T40/100 -> -0.75182554 | U62: =+U40/100 -> 0.4345906 | V62: =+U62-T62 -> 1.1864161
T63: =SUM(T58:T62) -> -0.47855845 | U63: =SUM(U58:U62) -> -2.6937821 | V63: =SUM(V58:V62) -> -2.2152236
T66: =SUM(T33:T34,T36,T38:T40) -> -47.855845 | U66: =SUM(U33:U34,U36,U38:U40) -> 36.935474 | V66: =+U66-T66 -> 84.791319
T68: =+T43-T28 -> 70.864684 | U68: =+U43-U28 -> -1845.2565
T69: =+T68/100 -> 0.70864684 | U69: =+U68/100 -> -18.452565 | V69: =+U69-T69 -> -19.161212

Sheet 사업장별(누계)
H3: □ 사업장별 손익실적(2025-06누계)
AG4: [단위 : 천㎥, 톤, 백만원]
H5: 구분 | J5: 물량 | O5: 매출 | T5: 영업이익(공통비 배부전) | Y5: 판매단가 | AB5: 변동비 | AE5: 공헌이익
A6: 2024년 6월누계 마감 손익 | J6: 계획 | K6: 실적 | L6: 차이 | M6: 전년 | N6: 차이 | O6: 계획 | P6: 실적 | Q6: 차이 | R6: 전년 | S6: 차이 | T6: 계획 | U6: 실적 | V6: 차이 | W6: 전년 | X6: 차이 | Y6: 계획 | Z6: 실적 | AA6: 전년 | AB6: 계획 | AC6: 실적 | AD6: 전년 | AE6: 계획 | AF6: 실적 | AG6: 전년
B7: 안양 | G7: =+I7 -> 안양 | H7: 레미콘 | I7: 안양 | J7: =+IFERROR(HLOOKUP($B7,'[1]6월누계'!$D$6:$BN$259,2,),)/1000 -> 224 | K7: =+IFERROR(HLOOKUP($B7,'[2]6월누계'!$F$6:$CP$99,2,),)/1000 -> 206.31 | L7: =+K7-J7 -> -17.69 | M7: =+IFERROR(HLOOKUP($B7,'[3]6월누계'!$F$6:$CC$57,2,),)/1000 -> 246.678 | N7: =+K7-M7 -> -40.368 | O7: =+IFERROR(HLOOKUP($B7,'[1]6월누계'!$D$6:$BN$259,3,),)/1000 -> 21978.082 | P7: =+IFERROR(HLOOKUP($B7,'[2]6월누계'!$F$6:$CP$99,3,),)/1000 -> 19791.05 | Q7: =+P7-O7 -> -2187.0323 | R7: =+IFERROR(HLOOKUP($B7,'[3]6월누계'!$F$6:$CC$57,3,),)/1000 -> 24515.111 | S7: =+P7-R7 -> -4724.0613 | T7: =+IFERROR(HLOOKUP($B7,'[1]6월누계'!$D$6:$BN$259,16,),)/1000 -> 1715.1776 | U7: =+IFERROR(HLOOKUP($B7,'[2]6월누계'!$F$6:$CP$99,16,),)/1000 -> 1331.2237 | V7: =+U7-T7 -> -383.95386 | W7: =+IFERROR(HLOOKUP($B7,'[3]6월누계'!$F$6:$CC$57,16,),)/1000 -> 2578.081 | X7: =+U7-W7 -> -1246.8573 | Y7: =+[12]안양!$Q$85 -> 98116.439 | Z7: =+[12]안양!$R$85 -> 95915.634 | AA7: =+[13]안양!$Q$85 -> 99374.66 | AB7: =+[12]안양!$Q$89 -> 81994.735 | AC7: =+[12]안양!$R$89 -> 80146.083 | AD7: =+[13]안양!$Q$89 -> 81333.041 | AE7: =+Y7-AB7 -> 16121.703 | AF7: =+Z7-AC7 -> 15769.551 | AG7: =+AA7-AD7 -> 18041.619
B8: 인천 | G8: =+I8 -> 인천 | H8: 직영 | I8: 인천 | J8: =+IFERROR(HLOOKUP($B8,'[1]6월누계'!$D$6:$BN$259,2,),)/1000 -> 160 | K8: =+IFERROR(HLOOKUP($B8,'[2]6월누계'!$F$6:$CP$99,2,),)/1000 -> 167.21 | L8: =+K8-J8 -> 7.21 | M8: =+IFERROR(HLOOKUP($B8,'[3]6월누계'!$F$6:$CC$57,2,),)/1000 -> 172.876 | N8: =+K8-M8 -> -5.666 | O8: =+IFERROR(HLOOKUP($B8,'[1]6월누계'!$D$6:$BN$259,3,),)/1000 -> 15668.025 | P8: =+IFERROR(HLOOKUP($B8,'[2]6월누계'!$F$6:$CP$99,3,),)/1000 -> 16360.022 | Q8: =+P8-O8 -> 691.99706 | R8: =+IFERROR(HLOOKUP($B8,'[3]6월누계'!$F$6:$CC$57,3,),)/1000 -> 17322.638 | S8: =+P8-R8 -> -962.61591 | T8: =+IFERROR(HLOOKUP($B8,'[1]6월누계'!$D$6:$BN$259,16,),)/1000 -> 505.30049 | U8: =+IFERROR(HLOOKUP($B8,'[2]6월누계'!$F$6:$CP$99,16,),)/1000 -> 363.18738 | V8: =+U8-T8 -> -142.11312 | W8: =+IFERROR(HLOOKUP($B8,'[3]6월누계'!$F$6:$CC$57,16,),)/1000 -> 1395.4453 | X8: =+U8-W8 -> -1032.2579 | Y8: =+[12]인천!$Q$85 -> 97925.153 | Z8: =+[12]인천!$R$85 -> 97908.548 | AA8: =+[13]인천!$Q$85 -> 100202.67 | AB8: =+[12]인천!$Q$89 -> 83093.761 | AC8: =+[12]인천!$R$89 -> 84330.164 | AD8: =+[13]인천!$Q$89 -> 82122.86 | AE8: =+Y8-AB8 -> 14831.393 | AF8: =+Z8-AC8 -> 13578.385 | AG8: =+AA8-AD8 -> 18079.815
B9: 파주 | G9: =+I9 -> 파주 | I9: 파주 | J9: =+IFERROR(HLOOKUP($B9,'[1]6월누계'!$D$6:$BN$259,2,),)/1000 -> 117 | K9: =+IFERROR(HLOOKUP($B9,'[2]6월누계'!$F$6:$CP$99,2,),)/1000 -> 71.445 | L9: =+K9-J9 -> -45.555 | M9: =+IFERROR(HLOOKUP($B9,'[3]6월누계'!$F$6:$CC$57,2,),)/1000 -> 154.5102 | N9: =+K9-M9 -> -83.0652 | O9: =+IFERROR(HLOOKUP($B9,'[1]6월누계'!$D$6:$BN$259,3,),)/1000 -> 11265.953 | P9: =+IFERROR(HLOOKUP($B9,'[2]6월누계'!$F$6:$CP$99,3,),)/1000 -> 6609.1095 | Q9: =+P9-O9 -> -4656.8433 | R9: =+IFERROR(HLOOKUP($B9,'[3]6월누계'!$F$6:$CC$57,3,),)/1000 -> 15237.953 | S9: =+P9-R9 -> -8628.844 | T9: =+IFERROR(HLOOKUP($B9,'[1]6월누계'!$D$6:$BN$259,16,),)/1000 -> 490.84019 | U9: =+IFERROR(HLOOKUP($B9,'[2]6월누계'!$F$6:$CP$99,16,),)/1000 -> -289.15135 | V9: =+U9-T9 -> -779.99154 | W9: =+IFERROR(HLOOKUP($B9,'[3]6월누계'!$F$6:$CC$57,16,),)/1000 -> 1231.0106 | X9: =+U9-W9 -> -1520.162 | Y9: =+[12]파주!$Q$85 -> 96290.195 | Z9: =+[12]파주!$R$85 -> 92528.644 | AA9: =+[13]파주!$Q$85 -> 98647.485 | AB9: =+[12]파주!$Q$89 -> 79765.343 | AC9: =+[12]파주!$R$89 -> 78198.297 | AD9: =+[13]파주!$Q$89 -> 81669.229 | AE9: =+Y9-AB9 -> 16524.852 | AF9: =+Z9-AC9 -> 14330.347 | AG9: =+AA9-AD9 -> 16978.256
B10: 김포 | G10: =+I10 -> 김포 | I10: 김포 | J10: =+IFERROR(HLOOKUP($B10,'[1]6월누계'!$D$6:$BN$259,2,),)/1000 -> 80 | K10: =+IFERROR(HLOOKUP($B10,'[2]6월누계'!$F$6:$CP$99,2,),)/1000 -> 60.317 | L10: =+K10-J10 -> -19.683 | M10: =+IFERROR(HLOOKUP($B10,'[3]6월누계'!$F$6:$CC$57,2,),)/1000 -> 73.7185 | N10: =+K10-M10 -> -13.4015 | O10: =+IFERROR(HLOOKUP($B10,'[1]6월누계'!$D$6:$BN$259,3,),)/1000 -> 7602.8149 | P10: =+IFERROR(HLOOKUP($B10,'[2]6월누계'!$F$6:$CP$99,3,),)/1000 -> 5751.4316 | Q10: =+P10-O10 -> -1851.3833 | R10: =+IFERROR(HLOOKUP($B10,'[3]6월누계'!$F$6:$CC$57,3,),)/1000 -> 7287.6592 | S10: =+P10-R10 -> -1536.2276 | T10: =+IFERROR(HLOOKUP($B10,'[1]6월누계'!$D$6:$BN$259,16,),)/1000 -> 437.19888 | U10: =+IFERROR(HLOOKUP($B10,'[2]6월누계'!$F$6:$CP$99,16,),)/1000 -> 24.870536 | V10: =+U10-T10 -> -412.32835 | W10: =+IFERROR(HLOOKUP($B10,'[3]6월누계'!$F$6:$CC$57,16,),)/1000 -> 731.09263 | X10: =+U10-W10 -> -706.2221 | Y10: =+[12]김포!$Q$85 -> 95035.186 | Z10: =+[12]김포!$R$85 -> 95412.079 | AA10: =+[13]김포!$Q$85 -> 98880.551 | AB10: =+[12]김포!$Q$89 -> 76355.259 | AC10: =+[12]김포!$R$89 -> 77741.284 | AD10: =+[13]김포!$Q$89 -> 75884.503 | AE10: =+Y10-AB10 -> 18679.927 | AF10: =+Z10-AC10 -> 17670.795 | AG10: =+AA10-AD10 -> 22996.047
B11: 부산 | G11: =+I11 -> 부산 | I11: 부산 | J11: =+IFERROR(HLOOKUP($B11,'[1]6월누계'!$D$6:$BN$259,2,),)/1000 -> 119 | K11: =+IFERROR(HLOOKUP($B11,'[2]6월누계'!$F$6:$CP$99,2,),)/1000 -> 118.044 | L11: =+K11-J11 -> -0.956 | M11: =+IFERROR(HLOOKUP($B11,'[3]6월누계'!$F$6:$CC$57,2,),)/1000 -> 131.8815 | N11: =+K11-M11 -> -13.8375 | O11: =+IFERROR(HLOOKUP($B11,'[1]6월누계'!$D$6:$BN$259,3,),)/1000 -> 12816.29 | P11: =+IFERROR(HLOOKUP($B11,'[2]6월누계'!$F$6:$CP$99,3,),)/1000 -> 12692.231 | Q11: =+P11-O11 -> -124.05974 | R11: =+IFERROR(HLOOKUP($B11,'[3]6월누계'!$F$6:$CC$57,3,),)/1000 -> 14056.407 | S11: =+P11-R11 -> -1364.1761 | T11: =+IFERROR(HLOOKUP($B11,'[1]6월누계'!$D$6:$BN$259,16,),)/1000 -> 1067.5707 | U11: =+IFERROR(HLOOKUP($B11,'[2]6월누계'!$F$6:$CP$99,16,),)/1000 -> 1250.1005 | V11: =+U11-T11 -> 182.52984 | W11: =+IFERROR(HLOOKUP($B11,'[3]6월누계'!$F$6:$CC$57,16,),)/1000 -> 1520.4732 | X11: =+U11-W11 -> -270.37273 | Y11: =+[12]부산!$Q$85 -> 107699.92 | Z11: =+[12]부산!$R$85 -> 107521.18 | AA11: =+[13]부산!$Q$85 -> 106583.61 | AB11: =+[12]부산!$Q$89 -> 84767.207 | AC11: =+[12]부산!$R$89 -> 84010.362 | AD11: =+[13]부산!$Q$89 -> 83433.784 | AE11: =+Y11-AB11 -> 22932.713 | AF11: =+Z11-AC11 -> 23510.822 | AG11: =+AA11-AD11 -> 23149.829
B12: 서부산 | G12: =+I12 -> 서부산 | I12: 서부산 | J12: =+IFERROR(HLOOKUP($B12,'[1]6월누계'!$D$6:$BN$259,2,),)/1000 -> 117 | K12: =+IFERROR(HLOOKUP($B12,'[2]6월누계'!$F$6:$CP$99,2,),)/1000 -> 98.061 | L12: =+K12-J12 -> -18.939 | M12: =+IFERROR(HLOOKUP($B12,'[3]6월누계'!$F$6:$CC$57,2,),)/1000 -> 136.592 | N12: =+K12-M12 -> -38.531 | O12: =+IFERROR(HLOOKUP($B12,'[1]6월누계'!$D$6:$BN$259,3,),)/1000 -> 11618.112 | P12: =+IFERROR(HLOOKUP($B12,'[2]6월누계'!$F$6:$CP$99,3,),)/1000 -> 9516.7303 | Q12: =+P12-O12 -> -2101.3817 | R12: =+IFERROR(HLOOKUP($B12,'[3]6월누계'!$F$6:$CC$57,3,),)/1000 -> 13806.266 | S12: =+P12-R12 -> -4289.5355 | T12: =+IFERROR(HLOOKUP($B12,'[1]6월누계'!$D$6:$BN$259,16,),)/1000 -> 1011.3887 | U12: =+IFERROR(HLOOKUP($B12,'[2]6월누계'!$F$6:$CP$99,16,),)/1000 -> 545.51652 | V12: =+U12-T12 -> -465.87217 | W12: =+IFERROR(HLOOKUP($B12,'[3]6월누계'!$F$6:$CC$57,16,),)/1000 -> 1660.9628 | X12: =+U12-W12 -> -1115.4463 | Y12: =+[12]서부산!$Q$85 -> 99300.103 | Z12: =+[12]서부산!$R$85 -> 97110.84 | AA12: =+[13]서부산!$Q$85 -> 101076.68 | AB12: =+[12]서부산!$Q$89 -> 78532.439 | AC12: =+[12]서부산!$R$89 -> 77298.57 | AD12: =+[13]서부산!$Q$89 -> 79083.398 | AE12: =+Y12-AB12 -> 20767.664 | AF12: =+Z12-AC12 -> 19812.271 | AG12: =+AA12-AD12 -> 21993.282
B13: 김해 | G13: =+I13 -> 김해 | I13: 김해 | J13: =+IFERROR(HLOOKUP($B13,'[1]6월누계'!$D$6:$BN$259,2,),)/1000 -> 82 | K13: =+IFERROR(HLOOKUP($B13,'[2]6월누계'!$F$6:$CP$99,2,),)/1000 -> 54.569 | L13: =+K13-J13 -> -27.431 | M13: =+IFERROR(HLOOKUP($B13,'[3]6월누계'!$F$6:$CC$57,2,),)/1000 -> 79.309 | N13: =+K13-M13 -> -24.74 | O13: =+IFERROR(HLOOKUP($B13,'[1]6월누계'!$D$6:$BN$259,3,),)/1000 -> 7896.5957 | P13: =+IFERROR(HLOOKUP($B13,'[2]6월누계'!$F$6:$CP$99,3,),)/1000 -> 4860.4094 | Q13: =+P13-O13 -> -3036.1863 | R13: =+IFERROR(HLOOKUP($B13,'[3]6월누계'!$F$6:$CC$57,3,),)/1000 -> 7717.5713 | S13: =+P13-R13 -> -2857.1619 | T13: =+IFERROR(HLOOKUP($B13,'[1]6월누계'!$D$6:$BN$259,16,),)/1000 -> 677.03534 | U13: =+IFERROR(HLOOKUP($B13,'[2]6월누계'!$F$6:$CP$99,16,),)/1000 -> -172.84912 | V13: =+U13-T13 -> -849.88446 | W13: =+IFERROR(HLOOKUP($B13,'[3]6월누계'!$F$6:$CC$57,16,),)/1000 -> 543.83888 | X13: =+U13-W13 -> -716.68801 | Y13: =+[12]김해!$Q$85 -> 96299.948 | Z13: =+[12]김해!$R$85 -> 89066.239 | AA13: =+[13]김해!$Q$85 -> 97399.068 | AB13: =+[12]김해!$Q$89 -> 76540.997 | AC13: =+[12]김해!$R$89 -> 76004.672 | AD13: =+[13]김해!$Q$89 -> 79402.427 | AE13: =+Y13-AB13 -> 19758.951 | AF13: =+Z13-AC13 -> 13061.567 | AG13: =+AA13-AD13 -> 17996.641
B14: 정관 | G14: =+I14 -> 정관 | I14: 정관 | J14: =+IFERROR(HLOOKUP($B14,'[1]6월누계'!$D$6:$BN$259,2,),)/1000 -> 114 | K14: =+IFERROR(HLOOKUP($B14,'[2]6월누계'!$F$6:$CP$99,2,),)/1000 -> 126.5825 | L14: =+K14-J14 -> 12.5825 | M14: =+IFERROR(HLOOKUP($B14,'[3]6월누계'!$F$6:$CC$57,2,),)/1000 -> 122.3435 | N14: =+K14-M14 -> 4.239 | O14: =+IFERROR(HLOOKUP($B14,'[1]6월누계'!$D$6:$BN$259,3,),)/1000 -> 11627.967 | P14: =+IFERROR(HLOOKUP($B14,'[2]6월누계'!$F$6:$CP$99,3,),)/1000 -> 12731.543 | Q14: =+P14-O14 -> 1103.5756 | R14: =+IFERROR(HLOOKUP($B14,'[3]6월누계'!$F$6:$CC$57,3,),)/1000 -> 12481.763 | S14: =+P14-R14 -> 249.77952 | T14: =+IFERROR(HLOOKUP($B14,'[1]6월누계'!$D$6:$BN$259,16,),)/1000 -> 936.78088 | U14: =+IFERROR(HLOOKUP($B14,'[2]6월누계'!$F$6:$CP$99,16,),)/1000 -> 1103.9443 | V14: =+U14-T14 -> 167.16341 | W14: =+IFERROR(HLOOKUP($B14,'[3]6월누계'!$F$6:$CC$57,16,),)/1000 -> 1241.081 | X14: =+U14-W14 -> -137.1367 | Y14: =+[12]정관!$Q$85 -> 101999.71 | Z14: =+[12]정관!$R$85 -> 100608.18 | AA14: =+[13]정관!$Q$85 -> 102022.28 | AB14: =+[12]정관!$Q$89 -> 82098.472 | AC14: =+[12]정관!$R$89 -> 82460.201 | AD14: =+[13]정관!$Q$89 -> 82011.464 | AE14: =+Y14-AB14 -> 19901.24 | AF14: =+Z14-AC14 -> 18147.976 | AG14: =+AA14-AD14 -> 20010.819
B15: 양산 | G15: =+I15 -> 양산 | I15: 양산 | J15: =+IFERROR(HLOOKUP($B15,'[1]6월누계'!$D$6:$BN$259,2,),)/1000 -> 67 | K15: =+IFERROR(HLOOKUP($B15,'[2]6월누계'!$F$6:$CP$99,2,),)/1000 -> 47.718 | L15: =+K15-J15 -> -19.282 | M15: =+IFERROR(HLOOKUP($B15,'[3]6월누계'!$F$6:$CC$57,2,),)/1000 -> 76.345 | N15: =+K15-M15 -> -28.627 | O15: =+IFERROR(HLOOKUP($B15,'[1]6월누계'!$D$6:$BN$259,3,),)/1000 -> 6335.4743 | P15: =+IFERROR(HLOOKUP($B15,'[2]6월누계'!$F$6:$CP$99,3,),)/1000 -> 4432.3893 | Q15: =+P15-O15 -> -1903.0849 | R15: =+IFERROR(HLOOKUP($B15,'[3]6월누계'!$F$6:$CC$57,3,),)/1000 -> 7154.8031 | S15: =+P15-R15 -> -2722.4138 | T15: =+IFERROR(HLOOKUP($B15,'[1]6월누계'!$D$6:$BN$259,16,),)/1000 -> 493.92542 | U15: =+IFERROR(HLOOKUP($B15,'[2]6월누계'!$F$6:$CP$99,16,),)/1000 -> 81.269667 | V15: =+U15-T15 -> -412.65576 | W15: =+IFERROR(HLOOKUP($B15,'[3]6월누계'!$F$6:$CC$57,16,),)/1000 -> 729.8913 | X15: =+U15-W15 -> -648.62164 | Y15: =+[12]양산!$Q$85 -> 94559.317 | Z15: =+[12]양산!$R$85 -> 92887.157 | AA15: =+[13]양산!$Q$85 -> 93716.722 | AB15: =+[12]양산!$Q$89 -> 74010.706 | AC15: =+[12]양산!$R$89 -> 72884.071 | AD15: =+[13]양산!$Q$89 -> 73101.326 | AE15: =+Y15-AB15 -> 20548.611 | AF15: =+Z15-AC15 -> 20003.085 | AG15: =+AA15-AD15 -> 20615.396
B16: 창원 | G16: =+I16 -> 창원 | I16: 창원 | J16: =+IFERROR(HLOOKUP($B16,'[1]6월누계'!$D$6:$BN$259,2,),)/1000 -> 65 | K16: =+IFERROR(HLOOKUP($B16,'[2]6월누계'!$F$6:$CP$99,2,),)/1000 -> 60.725 | L16: =+K16-J16 -> -4.275 | M16: =+IFERROR(HLOOKUP($B16,'[3]6월누계'!$F$6:$CC$57,2,),)/1000 -> 111.367 | N16: =+K16-M16 -> -50.642 | O16: =+IFERROR(HLOOKUP($B16,'[1]6월누계'!$D$6:$BN$259,3,),)/1000 -> 6532.3142 | P16: =+IFERROR(HLOOKUP($B16,'[2]6월누계'!$F$6:$CP$99,3,),)/1000 -> 5935.4815 | Q16: =+P16-O16 -> -596.8327 | R16: =+IFERROR(HLOOKUP($B16,'[3]6월누계'!$F$6:$CC$57,3,),)/1000 -> 11303.832 | S16: =+P16-R16 -> -5368.3502 | T16: =+IFERROR(HLOOKUP($B16,'[1]6월누계'!$D$6:$BN$259,16,),)/1000 -> 411.62315 | U16: =+IFERROR(HLOOKUP($B16,'[2]6월누계'!$F$6:$CP$99,16,),)/1000 -> 324.18237 | V16: =+U16-T16 -> -87.440778 | W16: =+IFERROR(HLOOKUP($B16,'[3]6월누계'!$F$6:$CC$57,16,),)/1000 -> 1783.9063 | X16: =+U16-W16 -> -1459.724 | Y16: =+[12]창원!$Q$85 -> 100497.14 | Z16: =+[12]창원!$R$85 -> 97743.623 | AA16: =+[13]창원!$Q$85 -> 101500.73 | AB16: =+[12]창원!$Q$89 -> 76013.051 | AC16: =+[12]창원!$R$89 -> 74212.748 | AD16: =+[13]창원!$Q$89 -> 74971.176 | AE16: =+Y16-AB16 -> 24484.091 | AF16: =+Z16-AC16 -> 23530.876 | AG16: =+AA16-AD16 -> 26529.554
B17: 대구 | G17: =+I17 -> 대구 | I17: 대구 | J17: =+IFERROR(HLOOKUP($B17,'[1]6월누계'!$D$6:$BN$259,2,),)/1000 -> 72 | K17: =+IFERROR(HLOOKUP($B17,'[2]6월누계'!$F$6:$CP$99,2,),)/1000 -> 60.051 | L17: =+K17-J17 -> -11.949 | M17: =+IFERROR(HLOOKUP($B17,'[3]6월누계'!$F$6:$CC$57,2,),)/1000 -> 98.7345 | N17: =+K17-M17 -> -38.6835 | O17: =+IFERROR(HLOOKUP($B17,'[1]6월누계'!$D$6:$BN$259,3,),)/1000 -> 7022.343 | P17: =+IFERROR(HLOOKUP($B17,'[2]6월누계'!$F$6:$CP$99,3,),)/1000 -> 5406.336 | Q17: =+P17-O17 -> -1616.007 | R17: =+IFERROR(HLOOKUP($B17,'[3]6월누계'!$F$6:$CC$57,3,),)/1000 -> 10024.105 | S17: =+P17-R17 -> -4617.7689 | T17: =+IFERROR(HLOOKUP($B17,'[1]6월누계'!$D$6:$BN$259,16,),)/1000 -> 614.22499 | U17: =+IFERROR(HLOOKUP($B17,'[2]6월누계'!$F$6:$CP$99,16,),)/1000 -> 36.807618 | V17: =+U17-T17 -> -577.41737 | W17: =+IFERROR(HLOOKUP($B17,'[3]6월누계'!$F$6:$CC$57,16,),)/1000 -> 1597.3059 | X17: =+U17-W17 -> -1560.4983 | Y17: =+[12]대구!$Q$85 -> 97532.542 | Z17: =+[12]대구!$R$85 -> 90029.076 | AA17: =+[13]대구!$Q$85 -> 101525.86 | AB17: =+[12]대구!$Q$89 -> 73336.771 | AC17: =+[12]대구!$R$89 -> 73493.795 | AD17: =+[13]대구!$Q$89 -> 74888.901 | AE17: =+Y17-AB17 -> 24195.771 | AF17: =+Z17-AC17 -> 16535.281 | AG17: =+AA17-AD17 -> 26636.957
B18: 울산 | G18: =+I18 -> 울산 | I18: 울산 | J18: =+IFERROR(HLOOKUP($B18,'[1]6월누계'!$D$6:$BN$259,2,),)/1000 -> 69 | K18: =+IFERROR(HLOOKUP($B18,'[2]6월누계'!$F$6:$CP$99,2,),)/1000 -> 64.612 | L18: =+K18-J18 -> -4.388 | M18: =+IFERROR(HLOOKUP($B18,'[3]6월누계'!$F$6:$CC$57,2,),)/1000 -> 54.8775 | N18: =+K18-M18 -> 9.7345 | O18: =+IFERROR(HLOOKUP($B18,'[1]6월누계'!$D$6:$BN$259,3,),)/1000 -> 7014.833 | P18: =+IFERROR(HLOOKUP($B18,'[2]6월누계'!$F$6:$CP$99,3,),)/1000 -> 6742.3707 | Q18: =+P18-O18 -> -272.4623 | R18: =+IFERROR(HLOOKUP($B18,'[3]6월누계'!$F$6:$CC$57,3,),)/1000 -> 5724.7484 | S18: =+P18-R18 -> 1017.6223 | T18: =+IFERROR(HLOOKUP($B18,'[1]6월누계'!$D$6:$BN$259,16,),)/1000 -> 430.12181 | U18: =+IFERROR(HLOOKUP($B18,'[2]6월누계'!$F$6:$CP$99,16,),)/1000 -> 492.0327 | V18: =+U18-T18 -> 61.910891 | W18: =+IFERROR(HLOOKUP($B18,'[3]6월누계'!$F$6:$CC$57,16,),)/1000 -> 556.29892 | X18: =+U18-W18 -> -64.266224 | Y18: =+[12]울산!$Q$85 -> 101664.25 | Z18: =+[12]울산!$R$85 -> 104351.68 | AA18: =+[13]울산!$Q$85 -> 104318.68 | AB18: =+[12]울산!$Q$89 -> 81969.865 | AC18: =+[12]울산!$R$89 -> 83274.017 | AD18: =+[13]울산!$Q$89 -> 80462.833 | AE18: =+Y18-AB18 -> 19694.381 | AF18: =+Z18-AC18 -> 21077.662 | AG18: =+AA18-AD18 -> 23855.848
B19: 아산 | G19: =+I19 -> 아산 | I19: 아산 | J19: =+IFERROR(HLOOKUP($B19,'[1]6월누계'!$D$6:$BN$259,2,),)/1000 -> 127 | K19: =+IFERROR(HLOOKUP($B19,'[2]6월누계'!$F$6:$CP$99,2,),)/1000 -> 126.91 | L19: =+K19-J19 -> -0.09 | M19: =+IFERROR(HLOOKUP($B19,'[3]6월누계'!$F$6:$CC$57,2,),)/1000 -> 161.621 | N19: =+K19-M19 -> -34.711 | O19: =+IFERROR(HLOOKUP($B19,'[1]6월누계'!$D$6:$BN$259,3,),)/1000 -> 13081 | P19: =+IFERROR(HLOOKUP($B19,'[2]6월누계'!$F$6:$CP$99,3,),)/1000 -> 12415.238 | Q19: =+P19-O19 -> -665.76208 | R19: =+IFERROR(HLOOKUP($B19,'[3]6월누계'!$F$6:$CC$57,3,),)/1000 -> 16452.683 | S19: =+P19-R19 -> -4037.445 | T19: =+IFERROR(HLOOKUP($B19,'[1]6월누계'!$D$6:$BN$259,16,),)/1000 -> 1528.6994 | U19: =+IFERROR(HLOOKUP($B19,'[2]6월누계'!$F$6:$CP$99,16,),)/1000 -> 596.28176 | V19: =+U19-T19 -> -932.41762 | W19: =+IFERROR(HLOOKUP($B19,'[3]6월누계'!$F$6:$CC$57,16,),)/1000 -> 2317.5862 | X19: =+U19-W19 -> -1721.3044 | Y19: =+[12]아산!$Q$85 -> 103000 | Z19: =+[12]아산!$R$85 -> 97811.162 | AA19: =+[13]아산!$Q$85 -> 101738.18 | AB19: =+[12]아산!$Q$89 -> 78806.858 | AC19: =+[12]아산!$R$89 -> 81703.765 | AD19: =+[13]아산!$Q$89 -> 77956.41 | AE19: =+Y19-AB19 -> 24193.142 | AF19: =+Z19-AC19 -> 16107.398 | AG19: =+AA19-AD19 -> 23781.769
B20: 전주 | G20: =+I20 -> 전주 | I20: 전주 | J20: =+IFERROR(HLOOKUP($B20,'[1]6월누계'!$D$6:$BN$259,2,),)/1000 -> 59 | K20: =+IFERROR(HLOOKUP($B20,'[2]6월누계'!$F$6:$CP$99,2,),)/1000 -> 85.6415 | L20: =+K20-J20 -> 26.6415 | M20: =+IFERROR(HLOOKUP($B20,'[3]6월누계'!$F$6:$CC$57,2,),)/1000 -> 47.924 | N20: =+K20-M20 -> 37.7175 | O20: =+IFERROR(HLOOKUP($B20,'[1]6월누계'!$D$6:$BN$259,3,),)/1000 -> 5719.5339 | P20: =+IFERROR(HLOOKUP($B20,'[2]6월누계'!$F$6:$CP$99,3,),)/1000 -> 8296.2542 | Q20: =+P20-O20 -> 2576.7204 | R20: =+IFERROR(HLOOKUP($B20,'[3]6월누계'!$F$6:$CC$57,3,),)/1000 -> 4592.3413 | S20: =+P20-R20 -> 3703.9129 | T20: =+IFERROR(HLOOKUP($B20,'[1]6월누계'!$D$6:$BN$259,16,),)/1000 -> 461.82907 | U20: =+IFERROR(HLOOKUP($B20,'[2]6월누계'!$F$6:$CP$99,16,),)/1000 -> 939.984 | V20: =+U20-T20 -> 478.15494 | W20: =+IFERROR(HLOOKUP($B20,'[3]6월누계'!$F$6:$CC$57,16,),)/1000 -> 288.78858 | X20: =+U20-W20 -> 651.19543 | Y20: =+[12]전주!$Q$85 -> 96941.252 | Z20: =+[12]전주!$R$85 -> 96871.45 | AA20: =+[13]전주!$Q$85 -> 95827.775 | AB20: =+[12]전주!$Q$89 -> 73350.281 | AC20: =+[12]전주!$R$89 -> 75076.48 | AD20: =+[13]전주!$Q$89 -> 71176.351 | AE20: =+Y20-AB20 -> 23590.971 | AF20: =+Z20-AC20 -> 21794.97 | AG20: =+AA20-AD20 -> 24651.424
B21: 군산 | G21: =+I21 -> 군산 | I21: 군산 | J21: =+IFERROR(HLOOKUP($B21,'[1]6월누계'!$D$6:$BN$259,2,),)/1000 -> 40 | K21: =+IFERROR(HLOOKUP($B21,'[2]6월누계'!$F$6:$CP$99,2,),)/1000 -> 30.587 | L21: =+K21-J21 -> -9.413 | M21: =+IFERROR(HLOOKUP($B21,'[3]6월누계'!$F$6:$CC$57,2,),)/1000 -> 54.056 | N21: =+K21-M21 -> -23.469 | O21: =+IFERROR(HLOOKUP($B21,'[1]6월누계'!$D$6:$BN$259,3,),)/1000 -> 4424.9174 | P21: =+IFERROR(HLOOKUP($B21,'[2]6월누계'!$F$6:$CP$99,3,),)/1000 -> 3326.3601 | Q21: =+P21-O21 -> -1098.5574 | R21: =+IFERROR(HLOOKUP($B21,'[3]6월누계'!$F$6:$CC$57,3,),)/1000 -> 6033.5481 | S21: =+P21-R21 -> -2707.188 | T21: =+IFERROR(HLOOKUP($B21,'[1]6월누계'!$D$6:$BN$259,16,),)/1000 -> 994.99819 | U21: =+IFERROR(HLOOKUP($B21,'[2]6월누계'!$F$6:$CP$99,16,),)/1000 -> 621.78917 | V21: =+U21-T21 -> -373.20903 | W21: =+IFERROR(HLOOKUP($B21,'[3]6월누계'!$F$6:$CC$57,16,),)/1000 -> 1678.0764 | X21: =+U21-W21 -> -1056.2872 | Y21: =+[12]군산!$Q$85 -> 110622.94 | Z21: =+[12]군산!$R$85 -> 108750.78 | AA21: =+[13]군산!$Q$85 -> 111626.94 | AB21: =+[12]군산!$Q$89 -> 72694.053 | AC21: =+[12]군산!$R$89 -> 72078.926 | AD21: =+[13]군산!$Q$89 -> 71723.876 | AE21: =+Y21-AB21 -> 37928.882 | AF21: =+Z21-AC21 -> 36671.853 | AG21: =+AA21-AD21 -> 39903.061
B22: 원주 | G22: =+I22 -> 원주 | I22: 원주 | J22: =+IFERROR(HLOOKUP($B22,'[1]6월누계'!$D$6:$BN$259,2,),)/1000 -> 25 | K22: =+IFERROR(HLOOKUP($B22,'[2]6월누계'!$F$6:$CP$99,2,),)/1000 -> 14.1475 | L22: =+K22-J22 -> -10.8525 | M22: =+IFERROR(HLOOKUP($B22,'[3]6월누계'!$F$6:$CC$57,2,),)/1000 -> 34.0235 | N22: =+K22-M22 -> -19.876 | O22: =+IFERROR(HLOOKUP($B22,'[1]6월누계'!$D$6:$BN$259,3,),)/1000 -> 2800 | P22: =+IFERROR(HLOOKUP($B22,'[2]6월누계'!$F$6:$CP$99,3,),)/1000 -> 1525.3031 | Q22: =+P22-O22 -> -1274.6969 | R22: =+IFERROR(HLOOKUP($B22,'[3]6월누계'!$F$6:$CC$57,3,),)/1000 -> 3813.9594 | S22: =+P22-R22 -> -2288.6564 | T22: =+IFERROR(HLOOKUP($B22,'[1]6월누계'!$D$6:$BN$259,16,),)/1000 -> 392.3965 | U22: =+IFERROR(HLOOKUP($B22,'[2]6월누계'!$F$6:$CP$99,16,),)/1000 -> -23.984468 | V22: =+U22-T22 -> -416.38097 | W22: =+IFERROR(HLOOKUP($B22,'[3]6월누계'!$F$6:$CC$57,16,),)/1000 -> 774.71565 | X22: =+U22-W22 -> -798.70012 | Y22: =+[12]원주!$Q$85 -> 112000 | Z22: =+[12]원주!$R$85 -> 107816.74 | AA22: =+[13]원주!$Q$85 -> 112106.46 | AB22: =+[12]원주!$Q$89 -> 73477.164 | AC22: =+[12]원주!$R$89 -> 72490.736 | AD22: =+[13]원주!$Q$89 -> 73510.955 | AE22: =+Y22-AB22 -> 38522.836 | AF22: =+Z22-AC22 -> 35326.006 | AG22: =+AA22-AD22 -> 38595.509
B23: 제주 | F23: =+K27-J27 -> -155.136 | G23: =+I23 -> 제주 | I23: 제주 | J23: =+IFERROR(HLOOKUP($B23,'[1]6월누계'!$D$6:$BN$259,2,),)/1000 -> 46 | K23: =+IFERROR(HLOOKUP($B23,'[2]6월누계'!$F$6:$CP$99,2,),)/1000 -> 34.9335 | L23: =+K23-J23 -> -11.0665 | M23: =+IFERROR(HLOOKUP($B23,'[3]6월누계'!$F$6:$CC$57,2,),)/1000 -> 21.3915 | N23: =+K23-M23 -> 13.542 | O23: =+IFERROR(HLOOKUP($B23,'[1]6월누계'!$D$6:$BN$259,3,),)/1000 -> 5648.0485 | P23: =+IFERROR(HLOOKUP($B23,'[2]6월누계'!$F$6:$CP$99,3,),)/1000 -> 4277.4172 | Q23: =+P23-O23 -> -1370.6313 | R23: =+IFERROR(HLOOKUP($B23,'[3]6월누계'!$F$6:$CC$57,3,),)/1000 -> 2713.473 | S23: =+P23-R23 -> 1563.9442 | T23: =+IFERROR(HLOOKUP($B23,'[1]6월누계'!$D$6:$BN$259,16,),)/1000 -> 873.93114 | U23: =+IFERROR(HLOOKUP($B23,'[2]6월누계'!$F$6:$CP$99,16,),)/1000 -> 478.90829 | V23: =+U23-T23 -> -395.02285 | W23: =+IFERROR(HLOOKUP($B23,'[3]6월누계'!$F$6:$CC$57,16,),)/1000 -> 293.3074 | X23: =+U23-W23 -> 185.60089 | Y23: =+[12]제주!$Q$85 -> 122783.66 | Z23: =+[12]제주!$R$85 -> 122124.27 | AA23: =+[13]제주!$Q$85 -> 126848.19 | AB23: =+[12]제주!$Q$89 -> 90905.216 | AC23: =+[12]제주!$R$89 -> 91381.087 | AD23: =+[13]제주!$Q$89 -> 89031.394 | AE23: =+Y23-AB23 -> 31878.447 | AF23: =+Z23-AC23 -> 30743.18 | AG23: =+AA23-AD23 -> 37816.795
F24: =+K24/J24 -> 0.86967642 | G24: =+I24 -> 수도권 | I24: 수도권 | J24: =SUM(J7:J10) -> 581 | K24: =SUM(K7:K10) -> 505.282 | L24: =+K24-J24 -> -75.718 | M24: =SUM(M7:M10) -> 647.7827 | N24: =+K24-M24 -> -142.5007 | O24: =SUM(O7:O10) -> 56514.875 | P24: =SUM(P7:P10) -> 48511.613 | Q24: =+P24-O24 -> -8003.2619 | R24: =SUM(R7:R10) -> 64363.361 | S24: =+P24-R24 -> -15851.749 | T24: =SUM(T7:T10) -> 3148.5171 | U24: =SUM(U7:U10) -> 1430.1303 | V24: =+U24-T24 -> -1718.3869 | W24: =SUM(W7:W10) -> 5935.6295 | X24: =+U24-W24 -> -4505.4993 | Y24: =+[12]수도권!$Q$85 -> 97271.729 | Z24: =+[12]수도권!$R$85 -> 96036.833 | AA24: =+[13]수도권!$Q$85 -> 99368.533 | AB24: =+[12]수도권!$Q$89 -> 81071.925 | AC24: =+[12]수도권!$R$89 -> 80969.682 | AD24: =+[13]수도권!$Q$89 -> 81006.472 | AE24: =+Y24-AB24 -> 16199.804 | AF24: =+Z24-AC24 -> 15067.151 | AG24: =+AA24-AD24 -> 18362.061
F25: =+K25/J25 -> 0.89413121 | G25: =+I25 -> 영남권 | I25: 영남권 | J25: =SUM(J11:J18) -> 705 | K25: =SUM(K11:K18) -> 630.3625 | L25: =+K25-J25 -> -74.6375 | M25: =SUM(M11:M18) -> 811.45 | N25: =+K25-M25 -> -181.0875 | O25: =SUM(O11:O18) -> 70863.93 | P25: =SUM(P11:P18) -> 62317.491 | Q25: =+P25-O25 -> -8546.4392 | R25: =SUM(R11:R18) -> 82269.495 | S25: =+P25-R25 -> -19952.005 | T25: =SUM(T11:T18) -> 5642.6709 | U25: =SUM(U11:U18) -> 3661.0045 | V25: =+U25-T25 -> -1981.6664 | W25: =SUM(W11:W18) -> 9633.7583 | X25: =+U25-W25 -> -5972.7538 | Y25: =+[12]영남권!$Q$85 -> 100516.21 | Z25: =+[12]영남권!$R$85 -> 98882.758 | AA25: =+[13]영남권!$Q$85 -> 101399.66 | AB25: =+[12]영남권!$Q$89 -> 79073.637 | AC25: =+[12]영남권!$R$89 -> 79085.486 | AD25: =+[13]영남권!$Q$89 -> 78722.808 | AE25: =+Y25-AB25 -> 21442.575 | AF25: =+Z25-AC25 -> 19797.272 | AG25: =+AA25-AD25 -> 22676.848
F26: =+K26/J26 -> 0.98390404 | G26: =+I26 -> 중부권 | I26: 중부권 | J26: =SUM(J19:J23) -> 297 | K26: =SUM(K19:K23) -> 292.2195 | L26: =+K26-J26 -> -4.7805 | M26: =SUM(M19:M23) -> 319.016 | N26: =+K26-M26 -> -26.7965 | O26: =SUM(O19:O23) -> 31673.5 | P26: =SUM(P19:P23) -> 29840.573 | Q26: =+P26-O26 -> -1832.9273 | R26: =SUM(R19:R23) -> 33606.005 | S26: =+P26-R26 -> -3765.4322 | T26: =SUM(T19:T23) -> 4251.8543 | U26: =SUM(U19:U23) -> 2612.9787 | V26: =+U26-T26 -> -1638.8755 | W26: =SUM(W19:W23) -> 5352.4742 | X26: =+U26-W26 -> -2739.4955 | Y26: =+[12]중부권!$Q$85 -> 106644.78 | Z26: =+[12]중부권!$R$85 -> 101982.32 | AA26: =+[13]중부권!$Q$85 -> 105326.68 | AB26: =+[12]중부권!$Q$89 -> 78324.811 | AC26: =+[12]중부권!$R$89 -> 79410.654 | AD26: =+[13]중부권!$Q$89 -> 76149.192 | AE26: =+Y26-AB26 -> 28319.97 | AF26: =+Z26-AC26 -> 22571.67 | AG26: =+AA26-AD26 -> 29177.484
F27: =+K27/M27 -> 0.8029608 | G27: =+K27/J27 -> 0.90199874 | H27: 레미콘 계 | J27: =SUM(J24:J26) -> 1583 | K27: =SUM(K24:K26) -> 1427.864 | L27: =+K27-J27 -> -155.136 | M27: =SUM(M24:M26) -> 1778.2487 | N27: =+K27-M27 -> -350.3847 | O27: =SUM(O24:O26) -> 159052.3 | P27: =SUM(P24:P26) -> 140669.68 | Q27: =+P27-O27 -> -18382.628 | R27: =SUM(R24:R26) -> 180238.86 | S27: =+P27-R27 -> -39569.186 | T27: =SUM(T24:T26) -> 13043.042 | U27: =SUM(U24:U26) -> 7704.1135 | V27: =+U27-T27 -> -5338.9288 | W27: =SUM(W24:W26) -> 20921.862 | X27: =+U27-W27 -> -13217.749 | Y27: =+[12]합계!$Q$85 -> 100475.24 | Z27: =+[12]합계!$R$85 -> 98512.772 | AA27: =+[13]합계!$Q$85 -> 101364.6 | AB27: =+[12]합계!$Q$89 -> 79666.564 | AC27: =+[12]합계!$R$89 -> 79813.463 | AD27: =+[13]합계!$Q$89 -> 79091.934 | AE27: =+Y27-AB27 -> 20808.675 | AF27: =+Z27-AC27 -> 18699.309 | AG27: =+AA27-AD27 -> 22272.662 | AJ27: =+P27/O27 -> 0.88442401 | AK27: =+P27/R27 -> 0.78046252
B28: 건자재 | E28: 건자재영업 | G28: 건자재 | H28: 건자재 | J28: =+IFERROR(HLOOKUP($B28,'[1]6월누계'!$D$6:$BN$259,2,),) -> 62200 | K28: =+IFERROR(HLOOKUP($E28,'[2]6월누계'!$F$6:$CP$99,2,),) -> 62336.339 | L28: =+K28-J28 -> 136.339 | M28: =+IFERROR(HLOOKUP($E28,'[3]6월누계'!$F$6:$CC$57,2,),) -> 48080.048 | N28: =+K28-M28 -> 14256.291 | O28: =+IFERROR(HLOOKUP($B28,'[1]6월누계'!$D$6:$BN$259,3,),)/1000 -> 68084.919 | P28: =+IFERROR(HLOOKUP($E28,'[2]6월누계'!$F$6:$CP$99,3,),)/1000 -> 55521.441 | Q28: =+P28-O28 -> -12563.477 | R28: =+IFERROR(HLOOKUP($E28,'[3]6월누계'!$F$6:$CC$57,3,),)/1000 -> 49403.738 | S28: =+P28-R28 -> 6117.7034 | T28: =+IFERROR(HLOOKUP($B28,'[1]6월누계'!$D$6:$BN$259,16,),)/1000 -> 1069.4058 | U28: =+IFERROR(HLOOKUP($E28,'[2]6월누계'!$F$6:$CP$99,16,),)/1000 -> -24.674131 | V28: =+U28-T28 -> -1094.08 | W28: =+IFERROR(HLOOKUP($E28,'[3]6월누계'!$F$6:$CC$57,16,),)/1000 -> 415.12243 | X28: =+U28-W28 -> -439.79657 | Y28: ■ 비고 | AJ28: =+P28/O28 -> 0.81547342 | AK28: =+P28/R28 -> 1.1238308
B29: 부산모래장 | C29: 부산골재 | F29: =+K29/J29 -> 1.248977 | G29: =+I29 -> 부산모래장 | H29: 골재 | I29: 부산모래장 | J29: =+IFERROR(HLOOKUP($B29,'[1]6월누계'!$D$6:$BN$259,2,),)/1000 -> 118.20154 | K29: =+IFERROR(HLOOKUP($C29,'[2]6월누계'!$F$6:$CP$99,2,),)/1000 -> 147.631 | L29: =+K29-J29 -> 29.429462 | M29: =+IFERROR(HLOOKUP($C29,'[3]6월누계'!$F$6:$CC$57,2,),)/1000 -> 131.088 | N29: =+K29-M29 -> 16.543 | O29: =+IFERROR(HLOOKUP($B29,'[1]6월누계'!$D$6:$BN$259,3,),)/1000 -> 3612.8232 | P29: =+IFERROR(HLOOKUP($C29,'[2]6월누계'!$F$6:$CP$99,3,),)/1000 -> 4222.6345 | Q29: =+P29-O29 -> 609.81127 | R29: =+IFERROR(HLOOKUP($C29,'[3]6월누계'!$F$6:$CC$57,3,),)/1000 -> 3921.2801 | S29: =+P29-R29 -> 301.35442 | T29: =+IFERROR(HLOOKUP($B29,'[1]6월누계'!$D$6:$BN$259,21,),)/1000 -> 492.81298 | U29: =+IFERROR(HLOOKUP($C29,'[2]6월누계'!$F$6:$CP$99,21,),)/1000 -> 26.321416 | V29: =+U29-T29 -> -466.49156 | W29: =+IFERROR(HLOOKUP($C29,'[3]6월누계'!$F$6:$CC$57,21,),)/1000 -> 183.33354 | X29: =+U29-W29 -> -157.01213 | Y29: - 1군 판매단가 인하
B30: 서부산크라샤 | C30: 서부산골재 | F30: =+K30/J30 -> 0.38206827 | G30: =+I30 -> 서부산CR | I30: 서부산CR | J30: =+IFERROR(HLOOKUP($B30,'[1]6월누계'!$D$6:$BN$259,2,),)/1000 -> 309.98125 | K30: =+IFERROR(HLOOKUP($C30,'[2]6월누계'!$F$6:$CP$99,2,),)/1000 -> 118.434 | L30: =+K30-J30 -> -191.54725 | M30: =+IFERROR(HLOOKUP($C30,'[3]6월누계'!$F$6:$CC$57,2,),)/1000 -> 151.232 | N30: =+K30-M30 -> -32.798 | O30: =+IFERROR(HLOOKUP($B30,'[1]6월누계'!$D$6:$BN$259,3,),)/1000 -> 4520.7285 | P30: =+IFERROR(HLOOKUP($C30,'[2]6월누계'!$F$6:$CP$99,3,),)/1000 -> 1672.87 | Q30: =+P30-O30 -> -2847.8585 | R30: =+IFERROR(HLOOKUP($C30,'[3]6월누계'!$F$6:$CC$57,3,),)/1000 -> 2098.744 | S30: =+P30-R30 -> -425.874 | T30: =+IFERROR(HLOOKUP($B30,'[1]6월누계'!$D$6:$BN$259,21,),)/1000 -> 817.28844 | U30: =+IFERROR(HLOOKUP($C30,'[2]6월누계'!$F$6:$CP$99,21,),)/1000 -> 207.22026 | V30: =+U30-T30 -> -610.06817 | W30: =+IFERROR(HLOOKUP($C30,'[3]6월누계'!$F$6:$CC$57,21,),)/1000 -> 269.85782 | X30: =+U30-W30 -> -62.637557 | Y30: · 수도권 2,300원(2.1%↓, 3/1), 부산권 1,900원(1.7%↓, 3/1), 대구권 4,900원/㎥↓(5/1부)
B31: 부산크라샤 | C31: 부산크라샤 | F31: =+K31/J31 -> 0.85745965 | G31: =+I31 -> 부산CR | I31: 부산CR | J31: =+IFERROR(HLOOKUP($B31,'[1]6월누계'!$D$6:$BN$259,2,),)/1000 -> 128.57631 | K31: =+IFERROR(HLOOKUP($C31,'[2]6월누계'!$F$6:$CP$99,2,),)/1000 -> 110.249 | L31: =+K31-J31 -> -18.327313 | M31: =+IFERROR(HLOOKUP($C31,'[3]6월누계'!$F$6:$CC$57,2,),)/1000 -> 214.379 | N31: =+K31-M31 -> -104.13 | O31: =+IFERROR(HLOOKUP($B31,'[1]6월누계'!$D$6:$BN$259,3,),)/1000 -> 2212.2282 | P31: =+IFERROR(HLOOKUP($C31,'[2]6월누계'!$F$6:$CP$99,3,),)/1000 -> 2084.7015 | Q31: =+P31-O31 -> -127.52669 | R31: =+IFERROR(HLOOKUP($C31,'[3]6월누계'!$F$6:$CC$57,3,),)/1000 -> 3961.1825 | S31: =+P31-R31 -> -1876.481 | T31: =+IFERROR(HLOOKUP($B31,'[1]6월누계'!$D$6:$BN$259,21,),)/1000 -> -309.69813 | U31: =+IFERROR(HLOOKUP($C31,'[2]6월누계'!$F$6:$CP$99,21,),)/1000 -> -760.37545 | V31: =+U31-T31 -> -450.67732 | W31: =+IFERROR(HLOOKUP($C31,'[3]6월누계'!$F$6:$CC$57,21,),)/1000 -> 267.32689 | X31: =+U31-W31 -> -1027.7023 | Y31: · 천안 아산지역 2,600원/㎥↓, 창원 2,900원/㎥↓(4/1), 대구 4,900(5/1)
F32: =+K32/J32 -> 0.67590094 | H32: 골재 계 | J32: =SUM(J29:J31) -> 556.7591 | K32: =SUM(K29:K31) -> 376.314 | L32: =+K32-J32 -> -180.4451 | M32: =SUM(M29:M31) -> 496.699 | N32: =+K32-M32 -> -120.385 | O32: =SUM(O29:O31) -> 10345.78 | P32: =SUM(P29:P31) -> 7980.206 | Q32: =+P32-O32 -> -2365.5739 | R32: =SUM(R29:R31) -> 9981.2066 | S32: =+P32-R32 -> -2001.0006 | T32: =SUM(T29:T31) -> 1000.4033 | U32: =SUM(U29:U31) -> -526.83377 | V32: =+U32-T32 -> -1527.2371 | W32: =SUM(W29:W31) -> 720.51825 | X32: =+U32-W32 -> -1247.352 | Y32: - 1군 판가 소급분(마이너스 계산서) : 7.2억 | AJ32: =+P32/O32 -> 0.7713489 | AK32: =+P32/R32 -> 0.79952318
B33: 포항임대 | C33: 속초임대 | D33: 강릉임대 | E33: 레미콘임대 계 | G33: =+I33 -> 레미콘임대 | H33: 기타 | I33: 레미콘임대 | L33: =+K33-J33 -> 0 | N33: =+K33-M33 -> 0 | O33: =(IFERROR(HLOOKUP($B33,'[1]6월누계'!$D$6:$BN$259,3,),)++IFERROR(HLOOKUP($C33,'[1]6월누계'!$D$6:$BN$259,3,),)+IFERROR(HLOOKUP($D33,'[1]6월누계'!$D$6:$BN$259,3,),))/1000 -> 472.52 | P33: =+IFERROR(HLOOKUP($E33,'[2]6월누계'!$F$6:$CP$99,3,),)/1000 -> 377.54 | Q33: =+P33-O33 -> -94.98 | R33: =+IFERROR(HLOOKUP($E33,'[3]6월누계'!$F$6:$CC$57,3,),)/1000 -> 545.04 | S33: =+P33-R33 -> -167.5 | T33: =(IFERROR(HLOOKUP($B33,'[1]6월누계'!$D$6:$BN$259,21,),)++IFERROR(HLOOKUP($C33,'[1]6월누계'!$D$6:$BN$259,21,),)+IFERROR(HLOOKUP($D33,'[1]6월누계'!$D$6:$BN$259,21,),))/1000 -> 315.53977 | U33: =+IFERROR(HLOOKUP($E33,'[2]6월누계'!$F$6:$CP$99,16,),)/1000 -> 205.39107 | V33: =+U33-T33 -> -110.1487 | W33: =+IFERROR(HLOOKUP($E33,'[3]6월누계'!$F$6:$CC$57,16,),)/1000 -> 336.29001 | X33: =+U33-W33 -> -130.89894 | Y33: - 운반비 : 영남권 MT운반비 2개년 합의 인상 적용(5/1)
B34: 부동산임대 | C34: 주유소임대 | E34: 임대 계 | G34: =+I34 -> 임대 | I34: 임대 | L34: =+K34-J34 -> 0 | M34: 0 | N34: =+K34-M34 -> 0 | O34: =(+IFERROR(HLOOKUP($B34,'[1]6월누계'!$D$6:$BN$259,3,),)+IFERROR(HLOOKUP($C34,'[1]6월누계'!$D$6:$BN$259,3,),))/1000 -> 444.549 | P34: =+IFERROR(HLOOKUP($E34,'[2]6월누계'!$F$6:$CP$99,3,),)/1000 -> 441.3086 | Q34: =+P34-O34 -> -3.240399 | R34: =+IFERROR(HLOOKUP($E34,'[3]6월누계'!$F$6:$CC$57,3,),)/1000 -> 436.50238 | S34: =+P34-R34 -> 4.806221 | T34: =(+IFERROR(HLOOKUP($B34,'[1]6월누계'!$D$6:$BN$259,21,),)+IFERROR(HLOOKUP($C34,'[1]6월누계'!$D$6:$BN$259,21,),))/1000 -> 408.96989 | U34: =+IFERROR(HLOOKUP($E34,'[2]6월누계'!$F$6:$CP$99,16,),)/1000 -> 405.69263 | V34: =+U34-T34 -> -3.277261 | W34: =+IFERROR(HLOOKUP($E34,'[3]6월누계'!$F$6:$CC$57,16,),)/1000 -> 401.04651 | X34: =+U34-W34 -> 4.646119 | Y34: · 부산권 4천원, 창원 3.5천원 / 제주 협상完 500원/㎥ 인상
B35: 공 통 비 | G35: =+I35 -> 공통비 | I35: 공통비 | L35: =+K35-J35 -> 0 | N35: =+K35-M35 -> 0 | Q35: =+P35-O35 -> 0 | S35: =+P35-R35 -> 0 | T35: =-'[1]6월누계'!$Z$22/1000 -> -9975.9247 | U35: =+-'[2]6월누계'!$Z$22/1000 -> -10123.002 | V35: =+U35-T35 -> -147.07685 | W35: =+-'[3]6월누계'!$Z$22/1000 -> -9052.3439 | X35: =+U35-W35 -> -1070.6577
G36: =+I36 -> OPC 소급분 | I36: OPC 소급분 | N36: =+K36-M36 -> 0 | Q36: =+P36-O36 -> 0 | S36: =+P36-R36 -> 0 | U36: ='[2]6월누계'!$BD$26/1000 -> 0 | V36: =+U36-T36 -> 0 | W36: =-'[3]6월누계'!$BD$26/1000 -> 0 | X36: =+U36-W36 -> 0
G37: =+I37 -> 대손 | I37: 대손 | N37: =+K37-M37 -> 0 | Q37: =+P37-O37 -> 0 | S37: =+P37-R37 -> 0 | U37: ='[2]6월누계'!$BE$26/1000 -> -828.70973 | V37: =+U37-T37 -> -828.70973 | W37: ='[3]6월누계'!$BE$26/1000 -> -975.50771 | X37: =+U37-W37 -> 146.79798
G38: =+I38 -> 미운영 공장 | I38: 미운영 공장 | M38: =SUM(M54:M59) -> 0 | N38: =+K38-M38 -> 0 | Q38: =+P38-O38 -> 0 | R38: =+IFERROR(HLOOKUP($I$38,'[3]6월누계'!$F$6:$BJ$50,3,),)/1000 -> 0 | S38: =+P38-R38 -> 0 | T38: =SUM('[1]6월누계'!$AM$26:$AQ$26)/1000 -> -187.47304 | U38: =+'[2]6월누계'!$BF$26/1000 -> -188.37125 | V38: =+U38-T38 -> -0.898207 | W38: =+'[3]6월누계'!$BF$26/1000 -> -260.98757 | X38: =+U38-W38 -> 72.616322
B39: 기타 계 | G39: =+I39 -> 퇴직위로금 | I39: 퇴직위로금 | U39: =+'[2]6월누계'!$BG$26/1000 -> -759.34319 | V39: =+U39-T39 -> -759.34319 | X39: =+U39-W39 -> -759.34319
G40: =+I40 -> 기타 | I40: 기타 | L40: =+K40-J40 -> 0 | N40: =+K40-M40 -> 0 | O40: =IFERROR(HLOOKUP($B39,'[1]6월누계'!$D$6:$BN$259,3,),)/1000 -> 10.62 | P40: =+('[2]6월누계'!$F$8-SUM('[2]6월누계'!$Z$8,'[2]6월누계'!$AH$8,'[2]6월누계'!$AN$8,'[2]6월누계'!$AO$8,'[2]6월누계'!$BA$8,'[2]6월누계'!$BD$8,'[2]6월누계'!$BE$8,'[2]6월누계'!$BF$8))/1000 -> 10.06745 | Q40: =+P40-O40 -> -0.55255 | R40: =+('[3]6월누계'!$F$8-SUM('[3]6월누계'!$Z$8,'[3]6월누계'!$AH$8,'[3]6월누계'!$AN$8,'[3]6월누계'!$AO$8,'[3]6월누계'!$BA$8,'[3]6월누계'!$BD$8,'[3]6월누계'!$BE$8,'[3]6월누계'!$BF$8))/1000 -> 10.2176 | S40: =+P40-R40 -> -0.15015 | T40: =+('[1]6월누계'!$E$26-'[1]6월누계'!$Z$26-'[1]6월누계'!$AA$26-'[1]6월누계'!$AE$26-'[1]6월누계'!$AL$26-'[1]6월누계'!$AM$26-'[1]6월누계'!$AN$26-'[1]6월누계'!$AO$26-'[1]6월누계'!$AP$26-'[1]6월누계'!$AQ$26-'[1]6월누계'!$AS$26)/1000+'[1]6월누계'!$AS$26/1000 -> -354.24735 | U40: =+('[2]6월누계'!$F$26-SUM('[2]6월누계'!$Z$26,'[2]6월누계'!$AH$26,'[2]6월누계'!$AN$26,'[2]6월누계'!$AO$26,'[2]6월누계'!$BA$26,'[2]6월누계'!$BD$26,'[2]6월누계'!$BE$26,'[2]6월누계'!$BF$26))/1000-U39 -> -30.587045 | V40: =+U40-T40 -> 323.6603 | W40: =+('[3]6월누계'!$F$26-SUM('[3]6월누계'!$Z$26,'[3]6월누계'!$AH$26,'[3]6월누계'!$AN$26,'[3]6월누계'!$AO$26,'[3]6월누계'!$BA$26,'[3]6월누계'!$BD$26,'[3]6월누계'!$BE$26,'[3]6월누계'!$BF$26))/1000 -> -159.66432 | X40: =+U40-W40 -> 129.07727
H41: 기타 계 | J41: =SUM(J33:J40) -> 0 | K41: =SUM(K33:K40) -> 0 | L41: =+K41-J41 -> 0 | M41: =SUM(M33:M40) -> 0 | N41: =+K41-M41 -> 0 | O41: =SUM(O33:O40) -> 927.689 | P41: =SUM(P33:P40) -> 828.91605 | Q41: =+P41-O41 -> -98.772949 | R41: =SUM(R33:R40) -> 991.75998 | S41: =+P41-R41 -> -162.84393 | T41: =SUM(T33:T40) -> -9793.1354 | U41: =SUM(U33:U40) -> -11318.929 | V41: =+U41-T41 -> -1525.7936 | W41: =SUM(W33:W40) -> -9711.1669 | X41: =+U41-W41 -> -1607.7621 | AJ41: =+P41/O41 -> 0.89352795 | AK41: =+P41/R41 -> 0.83580309
U42: 19 | V42: 12.4
G43: =+P43/O43 -> 0.85986177 | H43: 합계 | O43: =+O27+O32+O28+O41 -> 238410.69 | P43: =+P27+P32+P28+P41 -> 205000.24 | Q43: =+P43-O43 -> -33410.452 | R43: =+R27+R32+R28+R41 -> 240615.57 | S43: =+P43-R43 -> -35615.327 | T43: =+T27+T32+T28+T41 -> 5319.716 | U43: =+U27+U32+U28+U41 -> -4166.3234 | V43: =+U43-T43 -> -9486.0394 | W43: =+W27+W32+W28+W41 -> 12346.336 | X43: =+U43-W43 -> -16512.659 | AJ43: =+P43/O43 -> 0.85986177 | AK43: =+P43/R43 -> 0.85198245
G44: =+U43/T43 -> -0.78318531 | K44: =+K28/J28 -> 1.0021919 | M44: =+K28/M28 -> 1.2965116 | P44: =+P43/O43 -> 0.85986177 | R44: =+P43/R43 -> 0.85198245 | T44: =+T43/O43 -> 0.022313244 | U44: =+U43/P43 -> -0.020323505 | V44: =+V43/100 -> -94.860394 | X44: =+X43/100 -> -165.12659
K45: =+K32/J32 -> 0.67590094 | M45: =+K32/M32 -> 0.75762987
I46: 확인 | J46: =+'[1]6월누계'!$Z$7/1000 -> 1583 | K46: =+'[2]6월누계'!$AI$7/1000 -> 1427.864 | M46: =+'[3]6월누계'!$Z$7/1000 -> 1778.2487 | O46: =+'[1]6월누계'!$E$8/1000 -> 238410.69 | P46: =+'[2]6월누계'!$F$8/1000 -> 205000.24 | R46: =+'[3]6월누계'!$F$8/1000 -> 240615.57 | T46: =+'[1]6월누계'!$E$26/1000 -> 5319.716 | U46: =+'[2]6월누계'!$F$26/1000 -> -4166.3234 | W46: =+'[3]6월누계'!$F$26/1000 -> 12346.336
J47: =+J46-J27 -> 0 | K47: =+K46-K27 -> 0 | M47: =+M46-M27 -> 0 | O47: =+O46-O43 -> 0 | P47: =+P46-P43 -> 0 | R47: =+R46-R43 -> 0 | T47: =+T46-T43 -> 3.5470293e-11 | U47: =+U46-U43 -> 0 | W47: =+W46-W43 -> 0
O49: =+O43-O28 -> 170325.77 | P49: =+P43-P28 -> 149478.8 | Q49: =+P49-O49 -> -20846.975
O50: =+O49/100 -> 1703.2577 | P50: =+P49/100 -> 1494.788 | Q50: =+P50-O50 -> -208.46975 | S50: 레미콘 | T50: =(+T27+T35)/100 -> 30.671176 | U50: =(+U27+U35)/100 -> -24.18888 | V50: =+U50-T50 -> -54.860056 | W50: =+U50/T50-1 -> -1.7886519
Q51: =+P50/O50 -> 0.87760528 | S51: 골재 | T51: =+T32/100 -> 10.004033 | U51: =+U32/100 -> -5.2683377 | V51: =+U51-T51 -> -15.272371 | Y51: - OPC 소급분 : 삼표 2.5억(총 9.9억 中 1회차) → 8~6월누계 총 4회 소급예정
S52: 임대 | T52: =(T33+T34)/100 -> 7.2450966 | U52: =(U33+U34)/100 -> 6.110837 | V52: =+U52-T52 -> -1.1342596
S53: 기타 | T53: =((T46-T28)/100)-T50-T51-T52 -> -5.4172039 | U53: =((U46-U28)/100)-U50-U51-U52 -> -18.070112 | V53: =+U53-T53 -> -12.652908
T54: =SUM(T52:T53) -> 1.8278927 | U54: =SUM(U52:U53) -> -11.959275 | V54: =SUM(V52:V53) -> -13.787168
T55: =SUM(T50:T53) -> 42.503102 | U55: =SUM(U50:U53) -> -41.416493 | V55: =+U55-T55 -> -83.919595
J57: =+J32*1000 -> 556759.1 | K57: =+K32*1000 -> 376314 | L57: =+K57-J57 -> -180445.1
J58: =+T32/100 -> 10.004033 | K58: =+U32/100 -> -5.2683377 | L58: =+K58-J58 -> -15.272371 | S58: 임대 | T58: =+(T33+T34)/100 -> 7.2450966 | U58: =+(U33+U34)/100 -> 6.110837 | V58: =+U58-T58 -> -1.1342596
S59: =+I36 -> OPC 소급분 | T59: =+T36/100 -> 0 | U59: =+U36/100 -> 0 | V59: =+U59-T59 -> 0
S60: =+I37 -> 대손 | T60: =+T37/100 -> 0 | U60: =+U37/100 -> -8.2870973 | V60: =+U60-T60 -> -8.2870973
S61: =+I38 -> 미운영 공장 | T61: =+T38/100 -> -1.8747304 | U61: =+U38/100 -> -1.8837125 | V61: =+U61-T61 -> -0.00898207
S62: =+I40 -> 기타 | T62: =+T40/100 -> -3.5424735 | U62: =+U40/100 -> -0.30587045 | V62: =+U62-T62 -> 3.236603
T63: =SUM(T58:T62) -> 1.8278927 | U63: =SUM(U58:U62) -> -4.3658433 | V63: =SUM(V58:V62) -> -6.193736
T69: =SUM(T33:T34,T36,T38:T39,T40,Y37) -> 182.78927 | U69: =SUM(U33:U34,U36,U38:U39,U40,Z37) -> -367.21778 | V69: =+U69-T69 -> -550.00705
T71: =+T43-T28 -> 4250.3102 | U71: =+U43-U28 -> -4141.6493 | V71: =+U71-T71 -> -8391.9595
T72: =+T71/100 -> 42.503102 | U72: =+U71/100 -> -41.416493 | V72: =+U72-T72 -> -83.919595
U75: =+U71-U37-U39 -> -2553.5964
U76: =+U75/100 -> -25.535964

Sheet 사업장별(당월) (2)
H3: □ 사업장별 손익실적(2025-06)
AG4: [단위 : 천㎥, 톤, 백만원]
H5: 구분 | J5: 물량 | O5: 매출 | T5: 영업이익(공통비 배부전) | Y5: 판매단가 | AB5: 변동비 | AE5: 공헌이익
A6: 2024년 6월 마감 손익 | J6: 계획 | K6: 실적 | L6: 차이 | M6: 전년 | N6: 차이 | O6: 계획 | P6: 실적 | Q6: 차이 | R6: 전년 | S6: 차이 | T6: 계획 | U6: 실적 | V6: 차이 | W6: 전년 | X6: 차이 | Y6: 계획 | Z6: 실적 | AA6: 전년 | AB6: 계획 | AC6: 실적 | AD6: 전년 | AE6: 계획 | AF6: 실적 | AG6: 전년
B7: 안양 | G7: =+I7 -> 안양 | H7: 레미콘 | I7: 안양 | J7: =+IFERROR(HLOOKUP($B7,'[1]6월'!$D$6:$BN$259,2,),)/1000 -> 42 | K7: =+IFERROR(HLOOKUP($B7,'[2]6월'!$F$6:$CP$99,2,),)/1000 -> 34.536 | L7: =+K7-J7 -> -7.464 | M7: =+IFERROR(HLOOKUP($B7,'[3]6월'!$F$6:$CC$57,2,),)/1000 -> 35.374 | N7: =+K7-M7 -> -0.838 | O7: =+IFERROR(HLOOKUP($B7,'[1]6월'!$D$6:$BN$259,3,),)/1000 -> 4133.2121 | P7: =+IFERROR(HLOOKUP($B7,'[2]6월'!$F$6:$CP$99,3,),)/1000 -> 3316.1411 | Q7: =+P7-O7 -> -817.07098 | R7: =+IFERROR(HLOOKUP($B7,'[3]6월'!$F$6:$CC$57,3,),)/1000 -> 3552.1473 | S7: =+P7-R7 -> -236.00619 | T7: =+IFERROR(HLOOKUP($B7,'[1]6월'!$D$6:$BN$259,16,),)/1000 -> 348.62122 | U7: =+IFERROR(HLOOKUP($B7,'[2]6월'!$F$6:$CP$99,16,),)/1000 -> 223.43829 | V7: =+U7-T7 -> -125.18293 | W7: =+IFERROR(HLOOKUP($B7,'[3]6월'!$F$6:$CC$57,16,),)/1000 -> 326.98677 | X7: =+U7-W7 -> -103.54848 | Y7: =+[4]안양!$Q$85 -> 98409.811 | Z7: =+[4]안양!$R$85 -> 96027.028 | AA7: =+[5]안양!$Q$85 -> 100399.7 | AB7: =+[4]안양!$Q$89 -> 81464.438 | AC7: =+[4]안양!$R$89 -> 77852.534 | AD7: =+[5]안양!$Q$89 -> 81293.291 | AE7: =+Y7-AB7 -> 16945.373 | AF7: =+Z7-AC7 -> 18174.494 | AG7: =+AA7-AD7 -> 19106.408
B8: 인천 | G8: =+I8 -> 인천 | H8: 직영 | I8: 인천 | J8: =+IFERROR(HLOOKUP($B8,'[1]6월'!$D$6:$BN$259,2,),)/1000 -> 25 | K8: =+IFERROR(HLOOKUP($B8,'[2]6월'!$F$6:$CP$99,2,),)/1000 -> 31.384 | L8: =+K8-J8 -> 6.384 | M8: =+IFERROR(HLOOKUP($B8,'[3]6월'!$F$6:$CC$57,2,),)/1000 -> 28.969 | N8: =+K8-M8 -> 2.415 | O8: =+IFERROR(HLOOKUP($B8,'[1]6월'!$D$6:$BN$259,3,),)/1000 -> 2453.0911 | P8: =+IFERROR(HLOOKUP($B8,'[2]6월'!$F$6:$CP$99,3,),)/1000 -> 3030.343 | Q8: =+P8-O8 -> 577.25188 | R8: =+IFERROR(HLOOKUP($B8,'[3]6월'!$F$6:$CC$57,3,),)/1000 -> 2858.2985 | S8: =+P8-R8 -> 172.04452 | T8: =+IFERROR(HLOOKUP($B8,'[1]6월'!$D$6:$BN$259,16,),)/1000 -> 34.119049 | U8: =+IFERROR(HLOOKUP($B8,'[2]6월'!$F$6:$CP$99,16,),)/1000 -> 58.69906 | V8: =+U8-T8 -> 24.580011 | W8: =+IFERROR(HLOOKUP($B8,'[3]6월'!$F$6:$CC$57,16,),)/1000 -> 173.72608 | X8: =+U8-W8 -> -115.02702 | Y8: =+[4]인천!$Q$85 -> 98123.644 | Z8: =+[4]인천!$R$85 -> 96556.939 | AA8: =+[5]인천!$Q$85 -> 98667.488 | AB8: =+[4]인천!$Q$89 -> 82366.592 | AC8: =+[4]인천!$R$89 -> 83278.753 | AD8: =+[5]인천!$Q$89 -> 81685.367 | AE8: =+Y8-AB8 -> 15757.052 | AF8: =+Z8-AC8 -> 13278.186 | AG8: =+AA8-AD8 -> 16982.12
B9: 파주 | G9: =+I9 -> 파주 | I9: 파주 | J9: =+IFERROR(HLOOKUP($B9,'[1]6월'!$D$6:$BN$259,2,),)/1000 -> 23 | K9: =+IFERROR(HLOOKUP($B9,'[2]6월'!$F$6:$CP$99,2,),)/1000 -> 16.752 | L9: =+K9-J9 -> -6.248 | M9: =+IFERROR(HLOOKUP($B9,'[3]6월'!$F$6:$CC$57,2,),)/1000 -> 31.1242 | N9: =+K9-M9 -> -14.3722 | O9: =+IFERROR(HLOOKUP($B9,'[1]6월'!$D$6:$BN$259,3,),)/1000 -> 2219.0674 | P9: =+IFERROR(HLOOKUP($B9,'[2]6월'!$F$6:$CP$99,3,),)/1000 -> 1552.3683 | Q9: =+P9-O9 -> -666.69908 | R9: =+IFERROR(HLOOKUP($B9,'[3]6월'!$F$6:$CC$57,3,),)/1000 -> 2951.5883 | S9: =+P9-R9 -> -1399.22 | T9: =+IFERROR(HLOOKUP($B9,'[1]6월'!$D$6:$BN$259,16,),)/1000 -> 151.09665 | U9: =+IFERROR(HLOOKUP($B9,'[2]6월'!$F$6:$CP$99,16,),)/1000 -> 52.434515 | V9: =+U9-T9 -> -98.662136 | W9: =+IFERROR(HLOOKUP($B9,'[3]6월'!$F$6:$CC$57,16,),)/1000 -> 256.19066 | X9: =+U9-W9 -> -203.75615 | Y9: =+[4]파주!$Q$85 -> 96481.19 | Z9: =+[4]파주!$R$85 -> 92654.579 | AA9: =+[5]파주!$Q$85 -> 94837.488 | AB9: =+[4]파주!$Q$89 -> 79787.647 | AC9: =+[4]파주!$R$89 -> 76912.383 | AD9: =+[5]파주!$Q$89 -> 79548.98 | AE9: =+Y9-AB9 -> 16693.543 | AF9: =+Z9-AC9 -> 15742.196 | AG9: =+AA9-AD9 -> 15288.508
B10: 김포 | G10: =+I10 -> 김포 | I10: 김포 | J10: =+IFERROR(HLOOKUP($B10,'[1]6월'!$D$6:$BN$259,2,),)/1000 -> 16 | K10: =+IFERROR(HLOOKUP($B10,'[2]6월'!$F$6:$CP$99,2,),)/1000 -> 12.4515 | L10: =+K10-J10 -> -3.5485 | M10: =+IFERROR(HLOOKUP($B10,'[3]6월'!$F$6:$CC$57,2,),)/1000 -> 11.818 | N10: =+K10-M10 -> 0.6335 | O10: =+IFERROR(HLOOKUP($B10,'[1]6월'!$D$6:$BN$259,3,),)/1000 -> 1514.4794 | P10: =+IFERROR(HLOOKUP($B10,'[2]6월'!$F$6:$CP$99,3,),)/1000 -> 1188.4695 | Q10: =+P10-O10 -> -326.00992 | R10: =+IFERROR(HLOOKUP($B10,'[3]6월'!$F$6:$CC$57,3,),)/1000 -> 1148.841 | S10: =+P10-R10 -> 39.628444 | T10: =+IFERROR(HLOOKUP($B10,'[1]6월'!$D$6:$BN$259,16,),)/1000 -> 117.21328 | U10: =+IFERROR(HLOOKUP($B10,'[2]6월'!$F$6:$CP$99,16,),)/1000 -> 44.420114 | V10: =+U10-T10 -> -72.793166 | W10: =+IFERROR(HLOOKUP($B10,'[3]6월'!$F$6:$CC$57,16,),)/1000 -> 109.51813 | X10: =+U10-W10 -> -65.098017 | Y10: =+[4]김포!$Q$85 -> 94654.961 | Z10: =+[4]김포!$R$85 -> 95523.649 | AA10: =+[5]김포!$Q$85 -> 97204.532 | AB10: =+[4]김포!$Q$89 -> 75862.787 | AC10: =+[4]김포!$R$89 -> 75944.515 | AD10: =+[5]김포!$Q$89 -> 73416.58 | AE10: =+Y10-AB10 -> 18792.174 | AF10: =+Z10-AC10 -> 19579.135 | AG10: =+AA10-AD10 -> 23787.951
B11: 부산 | G11: =+I11 -> 부산 | I11: 부산 | J11: =+IFERROR(HLOOKUP($B11,'[1]6월'!$D$6:$BN$259,2,),)/1000 -> 20 | K11: =+IFERROR(HLOOKUP($B11,'[2]6월'!$F$6:$CP$99,2,),)/1000 -> 22.418 | L11: =+K11-J11 -> 2.418 | M11: =+IFERROR(HLOOKUP($B11,'[3]6월'!$F$6:$CC$57,2,),)/1000 -> 18.738 | N11: =+K11-M11 -> 3.68 | O11: =+IFERROR(HLOOKUP($B11,'[1]6월'!$D$6:$BN$259,3,),)/1000 -> 2153.9997 | P11: =+IFERROR(HLOOKUP($B11,'[2]6월'!$F$6:$CP$99,3,),)/1000 -> 2477.2466 | Q11: =+P11-O11 -> 323.24685 | R11: =+IFERROR(HLOOKUP($B11,'[3]6월'!$F$6:$CC$57,3,),)/1000 -> 1988.3392 | S11: =+P11-R11 -> 488.90745 | T11: =+IFERROR(HLOOKUP($B11,'[1]6월'!$D$6:$BN$259,16,),)/1000 -> 135.90221 | U11: =+IFERROR(HLOOKUP($B11,'[2]6월'!$F$6:$CP$99,16,),)/1000 -> 265.89067 | V11: =+U11-T11 -> 129.98846 | W11: =+IFERROR(HLOOKUP($B11,'[3]6월'!$F$6:$CC$57,16,),)/1000 -> 118.63264 | X11: =+U11-W11 -> 147.25803 | Y11: =+[4]부산!$Q$85 -> 107699.99 | Z11: =+[4]부산!$R$85 -> 110502.57 | AA11: =+[5]부산!$Q$85 -> 106112.67 | AB11: =+[4]부산!$Q$89 -> 84806.942 | AC11: =+[4]부산!$R$89 -> 85372.301 | AD11: =+[5]부산!$Q$89 -> 82775.926 | AE11: =+Y11-AB11 -> 22893.045 | AF11: =+Z11-AC11 -> 25130.268 | AG11: =+AA11-AD11 -> 23336.741
B12: 서부산 | G12: =+I12 -> 서부산 | I12: 서부산 | J12: =+IFERROR(HLOOKUP($B12,'[1]6월'!$D$6:$BN$259,2,),)/1000 -> 20 | K12: =+IFERROR(HLOOKUP($B12,'[2]6월'!$F$6:$CP$99,2,),)/1000 -> 13.691 | L12: =+K12-J12 -> -6.309 | M12: =+IFERROR(HLOOKUP($B12,'[3]6월'!$F$6:$CC$57,2,),)/1000 -> 23.641 | N12: =+K12-M12 -> -9.95 | O12: =+IFERROR(HLOOKUP($B12,'[1]6월'!$D$6:$BN$259,3,),)/1000 -> 1985.997 | P12: =+IFERROR(HLOOKUP($B12,'[2]6월'!$F$6:$CP$99,3,),)/1000 -> 1357.6603 | Q12: =+P12-O12 -> -628.33674 | R12: =+IFERROR(HLOOKUP($B12,'[3]6월'!$F$6:$CC$57,3,),)/1000 -> 2359.6325 | S12: =+P12-R12 -> -1001.9722 | T12: =+IFERROR(HLOOKUP($B12,'[1]6월'!$D$6:$BN$259,16,),)/1000 -> 191.23259 | U12: =+IFERROR(HLOOKUP($B12,'[2]6월'!$F$6:$CP$99,16,),)/1000 -> 41.622446 | V12: =+U12-T12 -> -149.61014 | W12: =+IFERROR(HLOOKUP($B12,'[3]6월'!$F$6:$CC$57,16,),)/1000 -> 278.69374 | X12: =+U12-W12 -> -237.07129 | Y12: =+[4]서부산!$Q$85 -> 99299.852 | Z12: =+[4]서부산!$R$85 -> 99164.436 | AA12: =+[5]서부산!$Q$85 -> 99811.027 | AB12: =+[4]서부산!$Q$89 -> 77397.349 | AC12: =+[4]서부산!$R$89 -> 77248.845 | AD12: =+[5]서부산!$Q$89 -> 77851.89 | AE12: =+Y12-AB12 -> 21902.503 | AF12: =+Z12-AC12 -> 21915.592 | AG12: =+AA12-AD12 -> 21959.137
B13: 김해 | G13: =+I13 -> 김해 | I13: 김해 | J13: =+IFERROR(HLOOKUP($B13,'[1]6월'!$D$6:$BN$259,2,),)/1000 -> 15 | K13: =+IFERROR(HLOOKUP($B13,'[2]6월'!$F$6:$CP$99,2,),)/1000 -> 12.166 | L13: =+K13-J13 -> -2.834 | M13: =+IFERROR(HLOOKUP($B13,'[3]6월'!$F$6:$CC$57,2,),)/1000 -> 12.699 | N13: =+K13-M13 -> -0.533 | O13: =+IFERROR(HLOOKUP($B13,'[1]6월'!$D$6:$BN$259,3,),)/1000 -> 1444.4978 | P13: =+IFERROR(HLOOKUP($B13,'[2]6월'!$F$6:$CP$99,3,),)/1000 -> 1046.7147 | Q13: =+P13-O13 -> -397.7831 | R13: =+IFERROR(HLOOKUP($B13,'[3]6월'!$F$6:$CC$57,3,),)/1000 -> 1187.9416 | S13: =+P13-R13 -> -141.2269 | T13: =+IFERROR(HLOOKUP($B13,'[1]6월'!$D$6:$BN$259,16,),)/1000 -> 136.56194 | U13: =+IFERROR(HLOOKUP($B13,'[2]6월'!$F$6:$CP$99,16,),)/1000 -> 3.598305 | V13: =+U13-T13 -> -132.96364 | W13: =+IFERROR(HLOOKUP($B13,'[3]6월'!$F$6:$CC$57,16,),)/1000 -> 58.544437 | X13: =+U13-W13 -> -54.946132 | Y13: =+[4]김해!$Q$85 -> 96299.853 | Z13: =+[4]김해!$R$85 -> 86036.06 | AA13: =+[5]김해!$Q$85 -> 93546.074 | AB13: =+[4]김해!$Q$89 -> 76676.718 | AC13: =+[4]김해!$R$89 -> 73045.404 | AD13: =+[5]김해!$Q$89 -> 77602.809 | AE13: =+Y13-AB13 -> 19623.135 | AF13: =+Z13-AC13 -> 12990.656 | AG13: =+AA13-AD13 -> 15943.266
B14: 정관 | G14: =+I14 -> 정관 | I14: 정관 | J14: =+IFERROR(HLOOKUP($B14,'[1]6월'!$D$6:$BN$259,2,),)/1000 -> 19 | K14: =+IFERROR(HLOOKUP($B14,'[2]6월'!$F$6:$CP$99,2,),)/1000 -> 25.1725 | L14: =+K14-J14 -> 6.1725 | M14: =+IFERROR(HLOOKUP($B14,'[3]6월'!$F$6:$CC$57,2,),)/1000 -> 19.584 | N14: =+K14-M14 -> 5.5885 | O14: =+IFERROR(HLOOKUP($B14,'[1]6월'!$D$6:$BN$259,3,),)/1000 -> 1937.9914 | P14: =+IFERROR(HLOOKUP($B14,'[2]6월'!$F$6:$CP$99,3,),)/1000 -> 2514.551 | Q14: =+P14-O14 -> 576.5596 | R14: =+IFERROR(HLOOKUP($B14,'[3]6월'!$F$6:$CC$57,3,),)/1000 -> 1952.774 | S14: =+P14-R14 -> 561.77698 | T14: =+IFERROR(HLOOKUP($B14,'[1]6월'!$D$6:$BN$259,16,),)/1000 -> 142.30579 | U14: =+IFERROR(HLOOKUP($B14,'[2]6월'!$F$6:$CP$99,16,),)/1000 -> 254.99888 | V14: =+U14-T14 -> 112.69309 | W14: =+IFERROR(HLOOKUP($B14,'[3]6월'!$F$6:$CC$57,16,),)/1000 -> 142.38129 | X14: =+U14-W14 -> 112.61759 | Y14: =+[4]정관!$Q$85 -> 101999.55 | Z14: =+[4]정관!$R$85 -> 99892.779 | AA14: =+[5]정관!$Q$85 -> 99712.725 | AB14: =+[4]정관!$Q$89 -> 82319.876 | AC14: =+[4]정관!$R$89 -> 80753.318 | AD14: =+[5]정관!$Q$89 -> 80844.669 | AE14: =+Y14-AB14 -> 19679.67 | AF14: =+Z14-AC14 -> 19139.461 | AG14: =+AA14-AD14 -> 18868.056
B15: 양산 | G15: =+I15 -> 양산 | I15: 양산 | J15: =+IFERROR(HLOOKUP($B15,'[1]6월'!$D$6:$BN$259,2,),)/1000 -> 12 | K15: =+IFERROR(HLOOKUP($B15,'[2]6월'!$F$6:$CP$99,2,),)/1000 -> 9.065 | L15: =+K15-J15 -> -2.935 | M15: =+IFERROR(HLOOKUP($B15,'[3]6월'!$F$6:$CC$57,2,),)/1000 -> 12.081 | N15: =+K15-M15 -> -3.016 | O15: =+IFERROR(HLOOKUP($B15,'[1]6월'!$D$6:$BN$259,3,),)/1000 -> 1133.46 | P15: =+IFERROR(HLOOKUP($B15,'[2]6월'!$F$6:$CP$99,3,),)/1000 -> 825.0472 | Q15: =+P15-O15 -> -308.4128 | R15: =+IFERROR(HLOOKUP($B15,'[3]6월'!$F$6:$CC$57,3,),)/1000 -> 1127.2838 | S15: =+P15-R15 -> -302.2366 | T15: =+IFERROR(HLOOKUP($B15,'[1]6월'!$D$6:$BN$259,16,),)/1000 -> 102.04454 | U15: =+IFERROR(HLOOKUP($B15,'[2]6월'!$F$6:$CP$99,16,),)/1000 -> 22.080589 | V15: =+U15-T15 -> -79.963948 | W15: =+IFERROR(HLOOKUP($B15,'[3]6월'!$F$6:$CC$57,16,),)/1000 -> 79.077275 | X15: =+U15-W15 -> -56.996686 | Y15: =+[4]양산!$Q$85 -> 94455 | Z15: =+[4]양산!$R$85 -> 91014.584 | AA15: =+[5]양산!$Q$85 -> 93310.471 | AB15: =+[4]양산!$Q$89 -> 73138.031 | AC15: =+[4]양산!$R$89 -> 72380.167 | AD15: =+[5]양산!$Q$89 -> 74393.84 | AE15: =+Y15-AB15 -> 21316.969 | AF15: =+Z15-AC15 -> 18634.416 | AG15: =+AA15-AD15 -> 18916.631
B16: 창원 | G16: =+I16 -> 창원 | I16: 창원 | J16: =+IFERROR(HLOOKUP($B16,'[1]6월'!$D$6:$BN$259,2,),)/1000 -> 14 | K16: =+IFERROR(HLOOKUP($B16,'[2]6월'!$F$6:$CP$99,2,),)/1000 -> 8.634 | L16: =+K16-J16 -> -5.366 | M16: =+IFERROR(HLOOKUP($B16,'[3]6월'!$F$6:$CC$57,2,),)/1000 -> 20.596 | N16: =+K16-M16 -> -11.962 | O16: =+IFERROR(HLOOKUP($B16,'[1]6월'!$D$6:$BN$259,3,),)/1000 -> 1415.4014 | P16: =+IFERROR(HLOOKUP($B16,'[2]6월'!$F$6:$CP$99,3,),)/1000 -> 810.1545 | Q16: =+P16-O16 -> -605.24693 | R16: =+IFERROR(HLOOKUP($B16,'[3]6월'!$F$6:$CC$57,3,),)/1000 -> 2041.9576 | S16: =+P16-R16 -> -1231.8031 | T16: =+IFERROR(HLOOKUP($B16,'[1]6월'!$D$6:$BN$259,16,),)/1000 -> 110.79062 | U16: =+IFERROR(HLOOKUP($B16,'[2]6월'!$F$6:$CP$99,16,),)/1000 -> -32.809767 | V16: =+U16-T16 -> -143.60039 | W16: =+IFERROR(HLOOKUP($B16,'[3]6월'!$F$6:$CC$57,16,),)/1000 -> 281.4937 | X16: =+U16-W16 -> -314.30347 | Y16: =+[4]창원!$Q$85 -> 101100.1 | Z16: =+[4]창원!$R$85 -> 93833.044 | AA16: =+[5]창원!$Q$85 -> 99143.406 | AB16: =+[4]창원!$Q$89 -> 76221.409 | AC16: =+[4]창원!$R$89 -> 72275.631 | AD16: =+[5]창원!$Q$89 -> 74759.318 | AE16: =+Y16-AB16 -> 24878.693 | AF16: =+Z16-AC16 -> 21557.412 | AG16: =+AA16-AD16 -> 24384.088
B17: 대구 | G17: =+I17 -> 대구 | I17: 대구 | J17: =+IFERROR(HLOOKUP($B17,'[1]6월'!$D$6:$BN$259,2,),)/1000 -> 13 | K17: =+IFERROR(HLOOKUP($B17,'[2]6월'!$F$6:$CP$99,2,),)/1000 -> 9.731 | L17: =+K17-J17 -> -3.269 | M17: =+IFERROR(HLOOKUP($B17,'[3]6월'!$F$6:$CC$57,2,),)/1000 -> 15.957 | N17: =+K17-M17 -> -6.226 | O17: =+IFERROR(HLOOKUP($B17,'[1]6월'!$D$6:$BN$259,3,),)/1000 -> 1267.2631 | P17: =+IFERROR(HLOOKUP($B17,'[2]6월'!$F$6:$CP$99,3,),)/1000 -> 840.0075 | Q17: =+P17-O17 -> -427.25556 | R17: =+IFERROR(HLOOKUP($B17,'[3]6월'!$F$6:$CC$57,3,),)/1000 -> 1689.6666 | S17: =+P17-R17 -> -849.65907 | T17: =+IFERROR(HLOOKUP($B17,'[1]6월'!$D$6:$BN$259,16,),)/1000 -> 126.71723 | U17: =+IFERROR(HLOOKUP($B17,'[2]6월'!$F$6:$CP$99,16,),)/1000 -> -2.303044 | V17: =+U17-T17 -> -129.02027 | W17: =+IFERROR(HLOOKUP($B17,'[3]6월'!$F$6:$CC$57,16,),)/1000 -> 285.78178 | X17: =+U17-W17 -> -288.08483 | Y17: =+[4]대구!$Q$85 -> 97481.774 | Z17: =+[4]대구!$R$85 -> 86322.834 | AA17: =+[5]대구!$Q$85 -> 105888.74 | AB17: =+[4]대구!$Q$89 -> 72123.552 | AC17: =+[4]대구!$R$89 -> 70519.348 | AD17: =+[5]대구!$Q$89 -> 76495.675 | AE17: =+Y17-AB17 -> 25358.222 | AF17: =+Z17-AC17 -> 15803.487 | AG17: =+AA17-AD17 -> 29393.061
B18: 울산 | G18: =+I18 -> 울산 | I18: 울산 | J18: =+IFERROR(HLOOKUP($B18,'[1]6월'!$D$6:$BN$259,2,),)/1000 -> 13.5 | K18: =+IFERROR(HLOOKUP($B18,'[2]6월'!$F$6:$CP$99,2,),)/1000 -> 8.376 | L18: =+K18-J18 -> -5.124 | M18: =+IFERROR(HLOOKUP($B18,'[3]6월'!$F$6:$CC$57,2,),)/1000 -> 14.496 | N18: =+K18-M18 -> -6.12 | O18: =+IFERROR(HLOOKUP($B18,'[1]6월'!$D$6:$BN$259,3,),)/1000 -> 1374.991 | P18: =+IFERROR(HLOOKUP($B18,'[2]6월'!$F$6:$CP$99,3,),)/1000 -> 828.049 | Q18: =+P18-O18 -> -546.942 | R18: =+IFERROR(HLOOKUP($B18,'[3]6월'!$F$6:$CC$57,3,),)/1000 -> 1547.3991 | S18: =+P18-R18 -> -719.35015 | T18: =+IFERROR(HLOOKUP($B18,'[1]6월'!$D$6:$BN$259,16,),)/1000 -> 115.7246 | U18: =+IFERROR(HLOOKUP($B18,'[2]6월'!$F$6:$CP$99,16,),)/1000 -> -38.647879 | V18: =+U18-T18 -> -154.37248 | W18: =+IFERROR(HLOOKUP($B18,'[3]6월'!$F$6:$CC$57,16,),)/1000 -> 273.46478 | X18: =+U18-W18 -> -312.11265 | Y18: =+[4]울산!$Q$85 -> 101851.19 | Z18: =+[4]울산!$R$85 -> 98859.718 | AA18: =+[5]울산!$Q$85 -> 106746.63 | AB18: =+[4]울산!$Q$89 -> 81653.824 | AC18: =+[4]울산!$R$89 -> 84325.735 | AD18: =+[5]울산!$Q$89 -> 79098.881 | AE18: =+Y18-AB18 -> 20197.361 | AF18: =+Z18-AC18 -> 14533.983 | AG18: =+AA18-AD18 -> 27647.749
B19: 아산 | G19: =+I19 -> 아산 | I19: 아산 | J19: =+IFERROR(HLOOKUP($B19,'[1]6월'!$D$6:$BN$259,2,),)/1000 -> 24 | K19: =+IFERROR(HLOOKUP($B19,'[2]6월'!$F$6:$CP$99,2,),)/1000 -> 22.926 | L19: =+K19-J19 -> -1.074 | M19: =+IFERROR(HLOOKUP($B19,'[3]6월'!$F$6:$CC$57,2,),)/1000 -> 30.673 | N19: =+K19-M19 -> -7.747 | O19: =+IFERROR(HLOOKUP($B19,'[1]6월'!$D$6:$BN$259,3,),)/1000 -> 2472 | P19: =+IFERROR(HLOOKUP($B19,'[2]6월'!$F$6:$CP$99,3,),)/1000 -> 2159.1979 | Q19: =+P19-O19 -> -312.80213 | R19: =+IFERROR(HLOOKUP($B19,'[3]6월'!$F$6:$CC$57,3,),)/1000 -> 3094.9295 | S19: =+P19-R19 -> -935.73159 | T19: =+IFERROR(HLOOKUP($B19,'[1]6월'!$D$6:$BN$259,16,),)/1000 -> 346.68497 | U19: =+IFERROR(HLOOKUP($B19,'[2]6월'!$F$6:$CP$99,16,),)/1000 -> 102.05387 | V19: =+U19-T19 -> -244.6311 | W19: =+IFERROR(HLOOKUP($B19,'[3]6월'!$F$6:$CC$57,16,),)/1000 -> 517.15088 | X19: =+U19-W19 -> -415.09701 | Y19: =+[4]아산!$Q$85 -> 103000 | Z19: =+[4]아산!$R$85 -> 94181.186 | AA19: =+[5]아산!$Q$85 -> 100900.77 | AB19: =+[4]아산!$Q$89 -> 77429.805 | AC19: =+[4]아산!$R$89 -> 78981.571 | AD19: =+[5]아산!$Q$89 -> 75826.368 | AE19: =+Y19-AB19 -> 25570.195 | AF19: =+Z19-AC19 -> 15199.615 | AG19: =+AA19-AD19 -> 25074.407
B20: 전주 | G20: =+I20 -> 전주 | I20: 전주 | J20: =+IFERROR(HLOOKUP($B20,'[1]6월'!$D$6:$BN$259,2,),)/1000 -> 12 | K20: =+IFERROR(HLOOKUP($B20,'[2]6월'!$F$6:$CP$99,2,),)/1000 -> 11.656 | L20: =+K20-J20 -> -0.344 | M20: =+IFERROR(HLOOKUP($B20,'[3]6월'!$F$6:$CC$57,2,),)/1000 -> 7.9935 | N20: =+K20-M20 -> 3.6625 | O20: =+IFERROR(HLOOKUP($B20,'[1]6월'!$D$6:$BN$259,3,),)/1000 -> 1162.9867 | P20: =+IFERROR(HLOOKUP($B20,'[2]6월'!$F$6:$CP$99,3,),)/1000 -> 1115.7701 | Q20: =+P20-O20 -> -47.21658 | R20: =+IFERROR(HLOOKUP($B20,'[3]6월'!$F$6:$CC$57,3,),)/1000 -> 745.8426 | S20: =+P20-R20 -> 369.92755 | T20: =+IFERROR(HLOOKUP($B20,'[1]6월'!$D$6:$BN$259,16,),)/1000 -> 123.74469 | U20: =+IFERROR(HLOOKUP($B20,'[2]6월'!$F$6:$CP$99,16,),)/1000 -> 88.636493 | V20: =+U20-T20 -> -35.108196 | W20: =+IFERROR(HLOOKUP($B20,'[3]6월'!$F$6:$CC$57,16,),)/1000 -> 26.426647 | X20: =+U20-W20 -> 62.209846 | Y20: =+[4]전주!$Q$85 -> 96915.561 | Z20: =+[4]전주!$R$85 -> 95711.808 | AA20: =+[5]전주!$Q$85 -> 93306.136 | AB20: =+[4]전주!$Q$89 -> 73196.209 | AC20: =+[4]전주!$R$89 -> 74839.857 | AD20: =+[5]전주!$Q$89 -> 69399.752 | AE20: =+Y20-AB20 -> 23719.352 | AF20: =+Z20-AC20 -> 20871.951 | AG20: =+AA20-AD20 -> 23906.384
B21: 군산 | G21: =+I21 -> 군산 | I21: 군산 | J21: =+IFERROR(HLOOKUP($B21,'[1]6월'!$D$6:$BN$259,2,),)/1000 -> 6.5 | K21: =+IFERROR(HLOOKUP($B21,'[2]6월'!$F$6:$CP$99,2,),)/1000 -> 5.354 | L21: =+K21-J21 -> -1.146 | M21: =+IFERROR(HLOOKUP($B21,'[3]6월'!$F$6:$CC$57,2,),)/1000 -> 10.45 | N21: =+K21-M21 -> -5.096 | O21: =+IFERROR(HLOOKUP($B21,'[1]6월'!$D$6:$BN$259,3,),)/1000 -> 718.93599 | P21: =+IFERROR(HLOOKUP($B21,'[2]6월'!$F$6:$CP$99,3,),)/1000 -> 593.4438 | Q21: =+P21-O21 -> -125.49219 | R21: =+IFERROR(HLOOKUP($B21,'[3]6월'!$F$6:$CC$57,3,),)/1000 -> 1231.4346 | S21: =+P21-R21 -> -637.9908 | T21: =+IFERROR(HLOOKUP($B21,'[1]6월'!$D$6:$BN$259,16,),)/1000 -> 157.64927 | U21: =+IFERROR(HLOOKUP($B21,'[2]6월'!$F$6:$CP$99,16,),)/1000 -> 117.55183 | V21: =+U21-T21 -> -40.097437 | W21: =+IFERROR(HLOOKUP($B21,'[3]6월'!$F$6:$CC$57,16,),)/1000 -> 359.65576 | X21: =+U21-W21 -> -242.10393 | Y21: =+[4]군산!$Q$85 -> 110605.54 | Z21: =+[4]군산!$R$85 -> 110841.2 | AA21: =+[5]군산!$Q$85 -> 117840.63 | AB21: =+[4]군산!$Q$89 -> 71663.023 | AC21: =+[4]군산!$R$89 -> 72455.982 | AD21: =+[5]군산!$Q$89 -> 75736.722 | AE21: =+Y21-AB21 -> 38942.513 | AF21: =+Z21-AC21 -> 38385.221 | AG21: =+AA21-AD21 -> 42103.909
B22: 원주 | G22: =+I22 -> 원주 | I22: 원주 | J22: =+IFERROR(HLOOKUP($B22,'[1]6월'!$D$6:$BN$259,2,),)/1000 -> 6 | K22: =+IFERROR(HLOOKUP($B22,'[2]6월'!$F$6:$CP$99,2,),)/1000 -> 4.028 | L22: =+K22-J22 -> -1.972 | M22: =+IFERROR(HLOOKUP($B22,'[3]6월'!$F$6:$CC$57,2,),)/1000 -> 6.349 | N22: =+K22-M22 -> -2.321 | O22: =+IFERROR(HLOOKUP($B22,'[1]6월'!$D$6:$BN$259,3,),)/1000 -> 672 | P22: =+IFERROR(HLOOKUP($B22,'[2]6월'!$F$6:$CP$99,3,),)/1000 -> 434.3115 | Q22: =+P22-O22 -> -237.6885 | R22: =+IFERROR(HLOOKUP($B22,'[3]6월'!$F$6:$CC$57,3,),)/1000 -> 730.5149 | S22: =+P22-R22 -> -296.2034 | T22: =+IFERROR(HLOOKUP($B22,'[1]6월'!$D$6:$BN$259,16,),)/1000 -> 137.76133 | U22: =+IFERROR(HLOOKUP($B22,'[2]6월'!$F$6:$CP$99,16,),)/1000 -> 61.353452 | V22: =+U22-T22 -> -76.407875 | W22: =+IFERROR(HLOOKUP($B22,'[3]6월'!$F$6:$CC$57,16,),)/1000 -> 157.5276 | X22: =+U22-W22 -> -96.17415 | Y22: =+[4]원주!$Q$85 -> 112000 | Z22: =+[4]원주!$R$85 -> 107831.65 | AA22: =+[5]원주!$Q$85 -> 115059.84 | AB22: =+[4]원주!$Q$89 -> 72629.999 | AC22: =+[4]원주!$R$89 -> 69838.045 | AD22: =+[5]원주!$Q$89 -> 75609.7 | AE22: =+Y22-AB22 -> 39370.001 | AF22: =+Z22-AC22 -> 37993.606 | AG22: =+AA22-AD22 -> 39450.137
B23: 제주 | F23: =+K27-J27 -> -36.57 | G23: =+I23 -> 제주 | I23: 제주 | J23: =+IFERROR(HLOOKUP($B23,'[1]6월'!$D$6:$BN$259,2,),)/1000 -> 9 | K23: =+IFERROR(HLOOKUP($B23,'[2]6월'!$F$6:$CP$99,2,),)/1000 -> 5.089 | L23: =+K23-J23 -> -3.911 | M23: =+IFERROR(HLOOKUP($B23,'[3]6월'!$F$6:$CC$57,2,),)/1000 -> 4.611 | N23: =+K23-M23 -> 0.478 | O23: =+IFERROR(HLOOKUP($B23,'[1]6월'!$D$6:$BN$259,3,),)/1000 -> 1106.96 | P23: =+IFERROR(HLOOKUP($B23,'[2]6월'!$F$6:$CP$99,3,),)/1000 -> 641.71046 | Q23: =+P23-O23 -> -465.24954 | R23: =+IFERROR(HLOOKUP($B23,'[3]6월'!$F$6:$CC$57,3,),)/1000 -> 568.44685 | S23: =+P23-R23 -> 73.263612 | T23: =+IFERROR(HLOOKUP($B23,'[1]6월'!$D$6:$BN$259,16,),)/1000 -> 181.77801 | U23: =+IFERROR(HLOOKUP($B23,'[2]6월'!$F$6:$CP$99,16,),)/1000 -> 63.116116 | V23: =+U23-T23 -> -118.66189 | W23: =+IFERROR(HLOOKUP($B23,'[3]6월'!$F$6:$CC$57,16,),)/1000 -> 65.194074 | X23: =+U23-W23 -> -2.077958 | Y23: =+[4]제주!$Q$85 -> 122995.56 | Z23: =+[4]제주!$R$85 -> 126097.56 | AA23: =+[5]제주!$Q$85 -> 123280.6 | AB23: =+[4]제주!$Q$89 -> 91386.196 | AC23: =+[4]제주!$R$89 -> 95299.243 | AD23: =+[5]제주!$Q$89 -> 90143.963 | AE23: =+Y23-AB23 -> 31609.36 | AF23: =+Z23-AC23 -> 30798.312 | AG23: =+AA23-AD23 -> 33136.637
F24: =+K24/J24 -> 0.89739151 | G24: =+I24 -> 수도권 | I24: 수도권 | J24: =SUM(J7:J10) -> 106 | K24: =SUM(K7:K10) -> 95.1235 | L24: =+K24-J24 -> -10.8765 | M24: =SUM(M7:M10) -> 107.2852 | N24: =+K24-M24 -> -12.1617 | O24: =SUM(O7:O10) -> 10319.85 | P24: =SUM(P7:P10) -> 9087.3218 | Q24: =+P24-O24 -> -1232.5281 | R24: =SUM(R7:R10) -> 10510.875 | S24: =+P24-R24 -> -1423.5532 | T24: =SUM(T7:T10) -> 651.0502 | U24: =SUM(U7:U10) -> 378.99198 | V24: =+U24-T24 -> -272.05822 | W24: =SUM(W7:W10) -> 866.42165 | X24: =+U24-W24 -> -487.42966 | Y24: =+[4]수도권!$Q$85 -> 97357.075 | Z24: =+[4]수도권!$R$85 -> 95549.029 | AA24: =+[5]수도권!$Q$85 -> 97972.586 | AB24: =+[4]수도권!$Q$89 -> 80467.846 | AC24: =+[4]수도권!$R$89 -> 79247.43 | AD24: =+[5]수도권!$Q$89 -> 80027.502 | AE24: =+Y24-AB24 -> 16889.229 | AF24: =+Z24-AC24 -> 16301.599 | AG24: =+AA24-AD24 -> 17945.084
F25: =+K25/J25 -> 0.86366403 | G25: =+I25 -> 영남권 | I25: 영남권 | J25: =SUM(J11:J18) -> 126.5 | K25: =SUM(K11:K18) -> 109.2535 | L25: =+K25-J25 -> -17.2465 | M25: =SUM(M11:M18) -> 137.792 | N25: =+K25-M25 -> -28.5385 | O25: =SUM(O11:O18) -> 12713.601 | P25: =SUM(P11:P18) -> 10699.431 | Q25: =+P25-O25 -> -2014.1707 | R25: =SUM(R11:R18) -> 13894.994 | S25: =+P25-R25 -> -3195.5636 | T25: =SUM(T11:T18) -> 1061.2795 | U25: =SUM(U11:U18) -> 514.43019 | V25: =+U25-T25 -> -546.84931 | W25: =SUM(W11:W18) -> 1518.0696 | X25: =+U25-W25 -> -1003.6394 | Y25: =+[4]영남권!$Q$85 -> 100502.78 | Z25: =+[4]영남권!$R$85 -> 97932.156 | AA25: =+[5]영남권!$Q$85 -> 100840.36 | AB25: =+[4]영남권!$Q$89 -> 78600.815 | AC25: =+[4]영남권!$R$89 -> 78415.182 | AD25: =+[5]영남권!$Q$89 -> 78131.984 | AE25: =+Y25-AB25 -> 21901.963 | AF25: =+Z25-AC25 -> 19516.974 | AG25: =+AA25-AD25 -> 22708.372
F26: =+K26/J26 -> 0.85309565 | G26: =+I26 -> 중부권 | I26: 중부권 | J26: =SUM(J19:J23) -> 57.5 | K26: =SUM(K19:K23) -> 49.053 | L26: =+K26-J26 -> -8.447 | M26: =SUM(M19:M23) -> 60.0765 | N26: =+K26-M26 -> -11.0235 | O26: =SUM(O19:O23) -> 6132.8827 | P26: =SUM(P19:P23) -> 4944.4338 | Q26: =+P26-O26 -> -1188.4489 | R26: =SUM(R19:R23) -> 6371.1684 | S26: =+P26-R26 -> -1426.7346 | T26: =SUM(T19:T23) -> 947.61825 | U26: =SUM(U19:U23) -> 432.71176 | V26: =+U26-T26 -> -514.9065 | W26: =SUM(W19:W23) -> 1125.955 | X26: =+U26-W26 -> -693.24321 | Y26: =+[4]중부권!$Q$85 -> 106658.83 | Z26: =+[4]중부권!$R$85 -> 100796.99 | AA26: =+[5]중부권!$Q$85 -> 106050.93 | AB26: =+[4]중부권!$Q$89 -> 77578.004 | AC26: =+[4]중부권!$R$89 -> 78228.566 | AD26: =+[5]중부권!$Q$89 -> 76044.867 | AE26: =+Y26-AB26 -> 29080.826 | AF26: =+Z26-AC26 -> 22568.423 | AG26: =+AA26-AD26 -> 30006.058
F27: =+K27/M27 -> 0.83049952 | G27: =+K27/J27 -> 0.87389655 | H27: 레미콘 계 | J27: =SUM(J24:J26) -> 290 | K27: =SUM(K24:K26) -> 253.43 | L27: =+K27-J27 -> -36.57 | M27: =SUM(M24:M26) -> 305.1537 | N27: =+K27-M27 -> -51.7237 | O27: =SUM(O24:O26) -> 29166.334 | P27: =SUM(P24:P26) -> 24731.186 | Q27: =+P27-O27 -> -4435.1477 | R27: =SUM(R24:R26) -> 30777.038 | S27: =+P27-R27 -> -6045.8514 | T27: =SUM(T24:T26) -> 2659.948 | U27: =SUM(U24:U26) -> 1326.1339 | V27: =+U27-T27 -> -1333.814 | W27: =SUM(W24:W26) -> 3510.4462 | X27: =+U27-W27 -> -2184.3123 | Y27: =+[4]합계!$Q$85 -> 100573.57 | Z27: =+[4]합계!$R$85 -> 97599.047 | AA27: =+[5]합계!$Q$85 -> 100861.45 | AB27: =+[4]합계!$Q$89 -> 79080.448 | AC27: =+[4]합계!$R$89 -> 78689.157 | AD27: =+[5]합계!$Q$89 -> 78384.694 | AE27: =+Y27-AB27 -> 21493.117 | AF27: =+Z27-AC27 -> 18909.89 | AG27: =+AA27-AD27 -> 22476.76 | AI27: =+AF27-AE27 -> -2583.2276 | AJ27: =+AF27-AG27 -> -3566.8706
B28: 부산모래장 | C28: 부산골재 | G28: =+I28 -> 부산모래장 | H28: 골재 | I28: 부산모래장 | J28: =+IFERROR(HLOOKUP($B28,'[1]6월'!$D$6:$BN$259,2,),)/1000 -> 24.456225 | K28: =+IFERROR(HLOOKUP($C28,'[2]6월'!$F$6:$CP$99,2,),)/1000 -> 27.089 | L28: =+K28-J28 -> 2.6327751 | M28: =+IFERROR(HLOOKUP($C28,'[3]6월'!$F$6:$CC$57,2,),)/1000 -> 18.49 | N28: =+K28-M28 -> 8.599 | O28: =+IFERROR(HLOOKUP($B28,'[1]6월'!$D$6:$BN$259,3,),)/1000 -> 663.60657 | P28: =+IFERROR(HLOOKUP($C28,'[2]6월'!$F$6:$CP$99,3,),)/1000 -> 759.9665 | Q28: =+P28-O28 -> 96.359929 | R28: =+IFERROR(HLOOKUP($C28,'[3]6월'!$F$6:$CC$57,3,),)/1000 -> 536.244 | S28: =+P28-R28 -> 223.7225 | T28: =+IFERROR(HLOOKUP($B28,'[1]6월'!$D$6:$BN$259,21,),)/1000 -> -4.2897891 | U28: =+IFERROR(HLOOKUP($C28,'[2]6월'!$F$6:$CP$99,21,),)/1000 -> -51.607761 | V28: =+U28-T28 -> -47.317972 | W28: =+IFERROR(HLOOKUP($C28,'[3]6월'!$F$6:$CC$57,21,),)/1000 -> -53.966539 | X28: =+U28-W28 -> 2.3587775 | Y28: ■ 비고
B29: 서부산크라샤 | C29: 서부산골재 | G29: =+I29 -> 서부산CR | I29: 서부산CR | J29: =+IFERROR(HLOOKUP($B29,'[1]6월'!$D$6:$BN$259,2,),)/1000 -> 47.619138 | K29: =+IFERROR(HLOOKUP($C29,'[2]6월'!$F$6:$CP$99,2,),)/1000 -> 24.568 | L29: =+K29-J29 -> -23.051138 | M29: =+IFERROR(HLOOKUP($C29,'[3]6월'!$F$6:$CC$57,2,),)/1000 -> 24.944 | N29: =+K29-M29 -> -0.376 | O29: =+IFERROR(HLOOKUP($B29,'[1]6월'!$D$6:$BN$259,3,),)/1000 -> 687.6158 | P29: =+IFERROR(HLOOKUP($C29,'[2]6월'!$F$6:$CP$99,3,),)/1000 -> 339.352 | Q29: =+P29-O29 -> -348.2638 | R29: =+IFERROR(HLOOKUP($C29,'[3]6월'!$F$6:$CC$57,3,),)/1000 -> 344.552 | S29: =+P29-R29 -> -5.2 | T29: =+IFERROR(HLOOKUP($B29,'[1]6월'!$D$6:$BN$259,21,),)/1000 -> 22.68311 | U29: =+IFERROR(HLOOKUP($C29,'[2]6월'!$F$6:$CP$99,21,),)/1000 -> 22.764294 | V29: =+U29-T29 -> 0.081183755 | W29: =+IFERROR(HLOOKUP($C29,'[3]6월'!$F$6:$CC$57,21,),)/1000 -> 23.263172 | X29: =+U29-W29 -> -0.49887744 | Y29: - 6월 판가 1군 마이너스 계산서 0.8억
B30: 부산크라샤 | C30: 부산크라샤 | G30: =+I30 -> 부산CR | I30: 부산CR | J30: =+IFERROR(HLOOKUP($B30,'[1]6월'!$D$6:$BN$259,2,),)/1000 -> 40.485669 | K30: =+IFERROR(HLOOKUP($C30,'[2]6월'!$F$6:$CP$99,2,),)/1000 -> 19.543 | L30: =+K30-J30 -> -20.942669 | M30: =+IFERROR(HLOOKUP($C30,'[3]6월'!$F$6:$CC$57,2,),)/1000 -> 32.89 | N30: =+K30-M30 -> -13.347 | O30: =+IFERROR(HLOOKUP($B30,'[1]6월'!$D$6:$BN$259,3,),)/1000 -> 679.89846 | P30: =+IFERROR(HLOOKUP($C30,'[2]6월'!$F$6:$CP$99,3,),)/1000 -> 386.4465 | Q30: =+P30-O30 -> -293.45196 | R30: =+IFERROR(HLOOKUP($C30,'[3]6월'!$F$6:$CC$57,3,),)/1000 -> 596.203 | S30: =+P30-R30 -> -209.7565 | T30: =+IFERROR(HLOOKUP($B30,'[1]6월'!$D$6:$BN$259,21,),)/1000 -> 47.690728 | U30: =+IFERROR(HLOOKUP($C30,'[2]6월'!$F$6:$CP$99,21,),)/1000 -> -63.702975 | V30: =+U30-T30 -> -111.3937 | W30: =+IFERROR(HLOOKUP($C30,'[3]6월'!$F$6:$CC$57,21,),)/1000 -> 6.6444047 | X30: =+U30-W30 -> -70.347379 | Y30: - 운반비 : 2개년 합의 인상 적용(6/1) → 인천, 김포 3,300원/회 ↑
H31: 골재 계 | J31: =SUM(J28:J30) -> 112.56103 | K31: =SUM(K28:K30) -> 71.2 | L31: =+K31-J31 -> -41.361032 | M31: =SUM(M28:M30) -> 76.324 | N31: =+K31-M31 -> -5.124 | O31: =SUM(O28:O30) -> 2031.1208 | P31: =SUM(P28:P30) -> 1485.765 | Q31: =+P31-O31 -> -545.35584 | R31: =SUM(R28:R30) -> 1476.999 | S31: =+P31-R31 -> 8.766 | T31: =SUM(T28:T30) -> 66.08405 | U31: =SUM(U28:U30) -> -92.546442 | V31: =+U31-T31 -> -158.63049 | W31: =SUM(W28:W30) -> -24.058962 | X31: =+U31-W31 -> -68.487479 | Y31: 군산공장 2개년 합의, 7/15 (25년 2.5천원. 26년 3.5천원)
B32: 포항임대 | C32: 속초임대 | D32: 강릉임대 | E32: 레미콘임대 계 | G32: =+I32 -> 레미콘임대 | H32: 기타 | I32: 레미콘임대 | L32: =+K32-J32 -> 0 | N32: =+K32-M32 -> 0 | O32: =(IFERROR(HLOOKUP($B32,'[1]6월'!$D$6:$BN$259,3,),)++IFERROR(HLOOKUP($C32,'[1]6월'!$D$6:$BN$259,3,),)+IFERROR(HLOOKUP($D32,'[1]6월'!$D$6:$BN$259,3,),))/1000 -> 66.666667 | P32: =+IFERROR(HLOOKUP($E32,'[2]6월'!$F$6:$CP$99,3,),)/1000 -> 43.34 | Q32: =+P32-O32 -> -23.326667 | R32: =+IFERROR(HLOOKUP($E32,'[3]6월'!$F$6:$CC$57,3,),)/1000 -> 90.84 | S32: =+P32-R32 -> -47.5 | T32: =(IFERROR(HLOOKUP($B32,'[1]6월'!$D$6:$BN$259,21,),)++IFERROR(HLOOKUP($C32,'[1]6월'!$D$6:$BN$259,21,),)+IFERROR(HLOOKUP($D32,'[1]6월'!$D$6:$BN$259,21,),))/1000 -> -1.9239863 | U32: =+IFERROR(HLOOKUP($E32,'[2]6월'!$F$6:$CP$99,16,),)/1000 -> -32.2143 | V32: =+U32-T32 -> -30.290314 | W32: =+IFERROR(HLOOKUP($E32,'[3]6월'!$F$6:$CC$57,16,),)/1000 -> -23.482855 | X32: =+U32-W32 -> -8.731445 | Y32: - 세금과공과 : 18억 선반영(건축물 0.9억, 토지세 6.4억, 종합부동산세 10.6억)
B33: 부동산임대 | C33: 주유소임대 | E33: 임대 계 | G33: =+I33 -> 임대 | I33: 임대 | L33: =+K33-J33 -> 0 | M33: 0 | N33: =+K33-M33 -> 0 | O33: =(+IFERROR(HLOOKUP($B33,'[1]6월'!$D$6:$BN$259,3,),)+IFERROR(HLOOKUP($C33,'[1]6월'!$D$6:$BN$259,3,),))/1000 -> 74.0915 | P33: =+IFERROR(HLOOKUP($E33,'[2]6월'!$F$6:$CP$99,3,),)/1000 -> 73.777012 | Q33: =+P33-O33 -> -0.314488 | R33: =+IFERROR(HLOOKUP($E33,'[3]6월'!$F$6:$CC$57,3,),)/1000 -> 73.635212 | S33: =+P33-R33 -> 0.1418 | T33: =(+IFERROR(HLOOKUP($B33,'[1]6월'!$D$6:$BN$259,21,),)+IFERROR(HLOOKUP($C33,'[1]6월'!$D$6:$BN$259,21,),))/1000 -> 76.556944 | U33: =+IFERROR(HLOOKUP($E33,'[2]6월'!$F$6:$CP$99,16,),)/1000 -> 73.218889 | V33: =+U33-T33 -> -3.338055 | W33: =+IFERROR(HLOOKUP($E33,'[3]6월'!$F$6:$CC$57,16,),)/1000 -> 76.100837 | X33: =+U33-W33 -> -2.881948 | Y33: - 대손 : 3억 발생(집합대손 5억, 개별대손 2억 환입)
B34: 공 통 비 | G34: =+I34 -> 공통비 | I34: 공통비 | L34: =+K34-J34 -> 0 | N34: =+K34-M34 -> 0 | Q34: =+P34-O34 -> 0 | S34: =+P34-R34 -> 0 | T34: =-'[1]6월'!$Z$22/1000 -> -2607.3115 | U34: =+-'[2]6월'!$Z$22/1000 -> -2809.4658 | V34: =+U34-T34 -> -202.15433 | W34: =+-'[3]6월'!$Z$22/1000 -> -2487.3998 | X34: =+U34-W34 -> -322.06597 | Y34: → 개별대손 : 안양(신일, 삼정이앤시 0.2억), 양산(선원건설 1.6억),
G35: =+I35 -> OPC 소급분 | I35: OPC 소급분 | N35: =+K35-M35 -> 0 | Q35: =+P35-O35 -> 0 | S35: =+P35-R35 -> 0 | U35: ='[2]6월'!$BD$26/1000 -> 0 | V35: =+U35-T35 -> 0 | W35: =-'[3]6월'!$BD$26/1000 -> 0 | X35: =+U35-W35 -> 0
G36: =+I36 -> 대손 | I36: 대손 | N36: =+K36-M36 -> 0 | Q36: =+P36-O36 -> 0 | S36: =+P36-R36 -> 0 | U36: ='[2]6월'!$BE$26/1000 -> -306.31368 | V36: =+U36-T36 -> -306.31368 | W36: ='[3]6월'!$BE$26/1000 -> 620.33483 | X36: =+U36-W36 -> -926.64852
G37: =+I37 -> 미운영 공장 | I37: 미운영 공장 | M37: =SUM(M53:M58) -> 0 | N37: =+K37-M37 -> 0 | Q37: =+P37-O37 -> 0 | R37: =+IFERROR(HLOOKUP($I$37,'[3]6월'!$F$6:$BJ$50,3,),)/1000 -> 0 | S37: =+P37-R37 -> 0 | T37: =SUM('[1]6월'!$AM$26:$AQ$26)/1000 -> -47.306249 | U37: =+'[2]6월'!$BF$26/1000 -> -47.528175 | V37: =+U37-T37 -> -0.221926 | W37: =+'[3]6월'!$BF$26/1000 -> -56.104233 | X37: =+U37-W37 -> 8.576058
B38: 기타 계 | G38: =+I38 -> 퇴직위로금 | I38: 퇴직위로금 | U38: =+'[2]6월'!$BG$26/1000 -> 0 | V38: =+U38-T38 -> 0 | X38: =+U38-W38 -> 0
G39: =+I39 -> 기타 | I39: 기타 | L39: =+K39-J39 -> 0 | N39: =+K39-M39 -> 0 | O39: =IFERROR(HLOOKUP($B38,'[1]6월'!$D$6:$BN$259,3,),)/1000 -> 1.77 | P39: =+('[2]6월'!$F$8-SUM('[2]6월'!$Z$8,'[2]6월'!$AH$8,'[2]6월'!$AN$8,'[2]6월'!$AO$8,'[2]6월'!$BA$8,'[2]6월'!$BD$8,'[2]6월'!$BE$8,'[2]6월'!$BF$8))/1000 -> 1.6874 | Q39: =+P39-O39 -> -0.0826 | R39: =+('[3]6월'!$F$8-SUM('[3]6월'!$Z$8,'[3]6월'!$AH$8,'[3]6월'!$AN$8,'[3]6월'!$AO$8,'[3]6월'!$BA$8,'[3]6월'!$BD$8,'[3]6월'!$BE$8,'[3]6월'!$BF$8))/1000 -> 1.704 | S39: =+P39-R39 -> -0.0166 | T39: =+('[1]6월'!$E$26-'[1]6월'!$Z$26-'[1]6월'!$AA$26-'[1]6월'!$AE$26-'[1]6월'!$AL$26-'[1]6월'!$AM$26-'[1]6월'!$AN$26-'[1]6월'!$AO$26-'[1]6월'!$AP$26-'[1]6월'!$AQ$26-'[1]6월'!$AS$26+'[1]6월'!$AS$26)/1000 -> -75.182554 | U39: =+('[2]6월'!$F$26-SUM('[2]6월'!$Z$26,'[2]6월'!$AH$26,'[2]6월'!$AN$26,'[2]6월'!$AO$26,'[2]6월'!$BA$26,'[2]6월'!$BD$26,'[2]6월'!$BE$26,'[2]6월'!$BF$26))/1000-U38 -> 43.45906 | V39: =+U39-T39 -> 118.64161 | W39: =+('[3]6월'!$F$26-SUM('[3]6월'!$Z$26,'[3]6월'!$AH$26,'[3]6월'!$AN$26,'[3]6월'!$AO$26,'[3]6월'!$BA$26,'[3]6월'!$BD$26,'[3]6월'!$BE$26,'[3]6월'!$BF$26))/1000 -> -90.356696 | X39: =+U39-W39 -> 133.81576
H40: 기타 계 | J40: =SUM(J32:J39) -> 0 | K40: =SUM(K32:K39) -> 0 | L40: =+K40-J40 -> 0 | M40: =SUM(M32:M39) -> 0 | N40: =+K40-M40 -> 0 | O40: =SUM(O32:O39) -> 142.52817 | P40: =SUM(P32:P39) -> 118.80441 | Q40: =+P40-O40 -> -23.723755 | R40: =SUM(R32:R39) -> 166.17921 | S40: =+P40-R40 -> -47.3748 | T40: =SUM(T32:T39) -> -2655.1673 | U40: =SUM(U32:U39) -> -3078.844 | V40: =+U40-T40 -> -423.67669 | W40: =SUM(W32:W39) -> -1960.908 | X40: =+U40-W40 -> -1117.9361
U41: 19 | V41: 12.4
G42: =+P42/O42 -> 0.84032451 | H42: 합계 | O42: =+O27+O31+O40 -> 31339.983 | P42: =+P27+P31+P40 -> 26335.756 | Q42: =+P42-O42 -> -5004.2273 | R42: =+R27+R31+R40 -> 32420.216 | S42: =+P42-R42 -> -6084.4602 | T42: =+T27+T31+T40 -> 70.864684 | U42: =+U27+U31+U40 -> -1845.2565 | V42: =+U42-T42 -> -1916.1212 | W42: =+W27+W31+W40 -> 1525.4793 | X42: =+U42-W42 -> -3370.7359
G43: =+U42/T42 -> -26.039156 | P43: =+P42/O42 -> 0.84032451 | R43: =+P42/R42 -> 0.81232512 | T43: =+T42/O42 -> 0.002261159 | U43: =+U42/P42 -> -0.070066587
F45: =+#REF!/#REF! -> #REF! | G45: =+#REF!/#REF! -> #REF! | I45: 확인 | J45: =+'[1]6월'!$Z$7/1000 -> 290 | K45: =+'[2]6월'!$AI$7/1000 -> 253.43 | M45: =+'[3]6월'!$Z$7/1000 -> 305.1537 | O45: =('[1]6월'!$E$8-'[1]6월'!$AA$8)/1000 -> 31339.983 | P45: =('[2]6월'!$F$8-'[2]6월'!$AO$8)/1000 -> 26335.756 | R45: =('[3]6월'!$F$8-'[3]6월'!$AO$8)/1000 -> 32420.216 | T45: =('[1]6월'!$E$26-'[1]6월'!$AA$26)/1000 -> 70.864684 | U45: =('[2]6월'!$F$26-'[2]6월'!$AO$26)/1000 -> -1845.2565 | W45: =('[3]6월'!$F$26-'[3]6월'!$AO$26)/1000 -> 1525.4793
F46: =+K31/M31 -> 0.93286515 | G46: =+K31/J31 -> 0.63254573 | J46: =+J45-J27 -> 0 | K46: =+K45-K27 -> 0 | M46: =+M45-M27 -> 0 | O46: =+O45-O42 -> 0 | P46: =+P45-P42 -> 0 | R46: =+R45-R42 -> 0 | T46: =+T45-T42 -> 2.0321522e-12 | U46: =+U45-U42 -> 0 | W46: =+W45-W42 -> 0
U48: =-15-1+0.4-3 -> -18.6

Sheet 사업장별(누계) (2)
H3: □ 사업장별 손익실적(2025-06누계)
AG4: [단위 : 천㎥, 톤, 백만원]
H5: 구분 | J5: 물량 | O5: 매출 | T5: 영업이익(공통비 배부전) | Y5: 판매단가 | AB5: 변동비 | AE5: 공헌이익
A6: 2024년 6월누계 마감 손익 | J6: 계획 | K6: 실적 | L6: 차이 | M6: 전년 | N6: 차이 | O6: 계획 | P6: 실적 | Q6: 차이 | R6: 전년 | S6: 차이 | T6: 계획 | U6: 실적 | V6: 차이 | W6: 전년 | X6: 차이 | Y6: 계획 | Z6: 실적 | AA6: 전년 | AB6: 계획 | AC6: 실적 | AD6: 전년 | AE6: 계획 | AF6: 실적 | AG6: 전년
B7: 안양 | G7: =+I7 -> 안양 | H7: 레미콘 | I7: 안양 | J7: =+IFERROR(HLOOKUP($B7,'[1]6월누계'!$D$6:$BN$259,2,),)/1000 -> 224 | K7: =+IFERROR(HLOOKUP($B7,'[2]6월누계'!$F$6:$CP$99,2,),)/1000 -> 206.31 | L7: =+K7-J7 -> -17.69 | M7: =+IFERROR(HLOOKUP($B7,'[3]6월누계'!$F$6:$CC$57,2,),)/1000 -> 246.678 | N7: =+K7-M7 -> -40.368 | O7: =+IFERROR(HLOOKUP($B7,'[1]6월누계'!$D$6:$BN$259,3,),)/1000 -> 21978.082 | P7: =+IFERROR(HLOOKUP($B7,'[2]6월누계'!$F$6:$CP$99,3,),)/1000 -> 19791.05 | Q7: =+P7-O7 -> -2187.0323 | R7: =+IFERROR(HLOOKUP($B7,'[3]6월누계'!$F$6:$CC$57,3,),)/1000 -> 24515.111 | S7: =+P7-R7 -> -4724.0613 | T7: =+IFERROR(HLOOKUP($B7,'[1]6월누계'!$D$6:$BN$259,16,),)/1000 -> 1715.1776 | U7: =+IFERROR(HLOOKUP($B7,'[2]6월누계'!$F$6:$CP$99,16,),)/1000 -> 1331.2237 | V7: =+U7-T7 -> -383.95386 | W7: =+IFERROR(HLOOKUP($B7,'[3]6월누계'!$F$6:$CC$57,16,),)/1000 -> 2578.081 | X7: =+U7-W7 -> -1246.8573 | Y7: =+[12]안양!$Q$85 -> 98116.439 | Z7: =+[12]안양!$R$85 -> 95915.634 | AA7: =+[13]안양!$Q$85 -> 99374.66 | AB7: =+[12]안양!$Q$89 -> 81994.735 | AC7: =+[12]안양!$R$89 -> 80146.083 | AD7: =+[13]안양!$Q$89 -> 81333.041 | AE7: =+Y7-AB7 -> 16121.703 | AF7: =+Z7-AC7 -> 15769.551 | AG7: =+AA7-AD7 -> 18041.619
B8: 인천 | G8: =+I8 -> 인천 | H8: 직영 | I8: 인천 | J8: =+IFERROR(HLOOKUP($B8,'[1]6월누계'!$D$6:$BN$259,2,),)/1000 -> 160 | K8: =+IFERROR(HLOOKUP($B8,'[2]6월누계'!$F$6:$CP$99,2,),)/1000 -> 167.21 | L8: =+K8-J8 -> 7.21 | M8: =+IFERROR(HLOOKUP($B8,'[3]6월누계'!$F$6:$CC$57,2,),)/1000 -> 172.876 | N8: =+K8-M8 -> -5.666 | O8: =+IFERROR(HLOOKUP($B8,'[1]6월누계'!$D$6:$BN$259,3,),)/1000 -> 15668.025 | P8: =+IFERROR(HLOOKUP($B8,'[2]6월누계'!$F$6:$CP$99,3,),)/1000 -> 16360.022 | Q8: =+P8-O8 -> 691.99706 | R8: =+IFERROR(HLOOKUP($B8,'[3]6월누계'!$F$6:$CC$57,3,),)/1000 -> 17322.638 | S8: =+P8-R8 -> -962.61591 | T8: =+IFERROR(HLOOKUP($B8,'[1]6월누계'!$D$6:$BN$259,16,),)/1000 -> 505.30049 | U8: =+IFERROR(HLOOKUP($B8,'[2]6월누계'!$F$6:$CP$99,16,),)/1000 -> 363.18738 | V8: =+U8-T8 -> -142.11312 | W8: =+IFERROR(HLOOKUP($B8,'[3]6월누계'!$F$6:$CC$57,16,),)/1000 -> 1395.4453 | X8: =+U8-W8 -> -1032.2579 | Y8: =+[12]인천!$Q$85 -> 97925.153 | Z8: =+[12]인천!$R$85 -> 97908.548 | AA8: =+[13]인천!$Q$85 -> 100202.67 | AB8: =+[12]인천!$Q$89 -> 83093.761 | AC8: =+[12]인천!$R$89 -> 84330.164 | AD8: =+[13]인천!$Q$89 -> 82122.86 | AE8: =+Y8-AB8 -> 14831.393 | AF8: =+Z8-AC8 -> 13578.385 | AG8: =+AA8-AD8 -> 18079.815
B9: 파주 | G9: =+I9 -> 파주 | I9: 파주 | J9: =+IFERROR(HLOOKUP($B9,'[1]6월누계'!$D$6:$BN$259,2,),)/1000 -> 117 | K9: =+IFERROR(HLOOKUP($B9,'[2]6월누계'!$F$6:$CP$99,2,),)/1000 -> 71.445 | L9: =+K9-J9 -> -45.555 | M9: =+IFERROR(HLOOKUP($B9,'[3]6월누계'!$F$6:$CC$57,2,),)/1000 -> 154.5102 | N9: =+K9-M9 -> -83.0652 | O9: =+IFERROR(HLOOKUP($B9,'[1]6월누계'!$D$6:$BN$259,3,),)/1000 -> 11265.953 | P9: =+IFERROR(HLOOKUP($B9,'[2]6월누계'!$F$6:$CP$99,3,),)/1000 -> 6609.1095 | Q9: =+P9-O9 -> -4656.8433 | R9: =+IFERROR(HLOOKUP($B9,'[3]6월누계'!$F$6:$CC$57,3,),)/1000 -> 15237.953 | S9: =+P9-R9 -> -8628.844 | T9: =+IFERROR(HLOOKUP($B9,'[1]6월누계'!$D$6:$BN$259,16,),)/1000 -> 490.84019 | U9: =+IFERROR(HLOOKUP($B9,'[2]6월누계'!$F$6:$CP$99,16,),)/1000 -> -289.15135 | V9: =+U9-T9 -> -779.99154 | W9: =+IFERROR(HLOOKUP($B9,'[3]6월누계'!$F$6:$CC$57,16,),)/1000 -> 1231.0106 | X9: =+U9-W9 -> -1520.162 | Y9: =+[12]파주!$Q$85 -> 96290.195 | Z9: =+[12]파주!$R$85 -> 92528.644 | AA9: =+[13]파주!$Q$85 -> 98647.485 | AB9: =+[12]파주!$Q$89 -> 79765.343 | AC9: =+[12]파주!$R$89 -> 78198.297 | AD9: =+[13]파주!$Q$89 -> 81669.229 | AE9: =+Y9-AB9 -> 16524.852 | AF9: =+Z9-AC9 -> 14330.347 | AG9: =+AA9-AD9 -> 16978.256
B10: 김포 | G10: =+I10 -> 김포 | I10: 김포 | J10: =+IFERROR(HLOOKUP($B10,'[1]6월누계'!$D$6:$BN$259,2,),)/1000 -> 80 | K10: =+IFERROR(HLOOKUP($B10,'[2]6월누계'!$F$6:$CP$99,2,),)/1000 -> 60.317 | L10: =+K10-J10 -> -19.683 | M10: =+IFERROR(HLOOKUP($B10,'[3]6월누계'!$F$6:$CC$57,2,),)/1000 -> 73.7185 | N10: =+K10-M10 -> -13.4015 | O10: =+IFERROR(HLOOKUP($B10,'[1]6월누계'!$D$6:$BN$259,3,),)/1000 -> 7602.8149 | P10: =+IFERROR(HLOOKUP($B10,'[2]6월누계'!$F$6:$CP$99,3,),)/1000 -> 5751.4316 | Q10: =+P10-O10 -> -1851.3833 | R10: =+IFERROR(HLOOKUP($B10,'[3]6월누계'!$F$6:$CC$57,3,),)/1000 -> 7287.6592 | S10: =+P10-R10 -> -1536.2276 | T10: =+IFERROR(HLOOKUP($B10,'[1]6월누계'!$D$6:$BN$259,16,),)/1000 -> 437.19888 | U10: =+IFERROR(HLOOKUP($B10,'[2]6월누계'!$F$6:$CP$99,16,),)/1000 -> 24.870536 | V10: =+U10-T10 -> -412.32835 | W10: =+IFERROR(HLOOKUP($B10,'[3]6월누계'!$F$6:$CC$57,16,),)/1000 -> 731.09263 | X10: =+U10-W10 -> -706.2221 | Y10: =+[12]김포!$Q$85 -> 95035.186 | Z10: =+[12]김포!$R$85 -> 95412.079 | AA10: =+[13]김포!$Q$85 -> 98880.551 | AB10: =+[12]김포!$Q$89 -> 76355.259 | AC10: =+[12]김포!$R$89 -> 77741.284 | AD10: =+[13]김포!$Q$89 -> 75884.503 | AE10: =+Y10-AB10 -> 18679.927 | AF10: =+Z10-AC10 -> 17670.795 | AG10: =+AA10-AD10 -> 22996.047
B11: 부산 | G11: =+I11 -> 부산 | I11: 부산 | J11: =+IFERROR(HLOOKUP($B11,'[1]6월누계'!$D$6:$BN$259,2,),)/1000 -> 119 | K11: =+IFERROR(HLOOKUP($B11,'[2]6월누계'!$F$6:$CP$99,2,),)/1000 -> 118.044 | L11: =+K11-J11 -> -0.956 | M11: =+IFERROR(HLOOKUP($B11,'[3]6월누계'!$F$6:$CC$57,2,),)/1000 -> 131.8815 | N11: =+K11-M11 -> -13.8375 | O11: =+IFERROR(HLOOKUP($B11,'[1]6월누계'!$D$6:$BN$259,3,),)/1000 -> 12816.29 | P11: =+IFERROR(HLOOKUP($B11,'[2]6월누계'!$F$6:$CP$99,3,),)/1000 -> 12692.231 | Q11: =+P11-O11 -> -124.05974 | R11: =+IFERROR(HLOOKUP($B11,'[3]6월누계'!$F$6:$CC$57,3,),)/1000 -> 14056.407 | S11: =+P11-R11 -> -1364.1761 | T11: =+IFERROR(HLOOKUP($B11,'[1]6월누계'!$D$6:$BN$259,16,),)/1000 -> 1067.5707 | U11: =+IFERROR(HLOOKUP($B11,'[2]6월누계'!$F$6:$CP$99,16,),)/1000 -> 1250.1005 | V11: =+U11-T11 -> 182.52984 | W11: =+IFERROR(HLOOKUP($B11,'[3]6월누계'!$F$6:$CC$57,16,),)/1000 -> 1520.4732 | X11: =+U11-W11 -> -270.37273 | Y11: =+[12]부산!$Q$85 -> 107699.92 | Z11: =+[12]부산!$R$85 -> 107521.18 | AA11: =+[13]부산!$Q$85 -> 106583.61 | AB11: =+[12]부산!$Q$89 -> 84767.207 | AC11: =+[12]부산!$R$89 -> 84010.362 | AD11: =+[13]부산!$Q$89 -> 83433.784 | AE11: =+Y11-AB11 -> 22932.713 | AF11: =+Z11-AC11 -> 23510.822 | AG11: =+AA11-AD11 -> 23149.829
B12: 서부산 | G12: =+I12 -> 서부산 | I12: 서부산 | J12: =+IFERROR(HLOOKUP($B12,'[1]6월누계'!$D$6:$BN$259,2,),)/1000 -> 117 | K12: =+IFERROR(HLOOKUP($B12,'[2]6월누계'!$F$6:$CP$99,2,),)/1000 -> 98.061 | L12: =+K12-J12 -> -18.939 | M12: =+IFERROR(HLOOKUP($B12,'[3]6월누계'!$F$6:$CC$57,2,),)/1000 -> 136.592 | N12: =+K12-M12 -> -38.531 | O12: =+IFERROR(HLOOKUP($B12,'[1]6월누계'!$D$6:$BN$259,3,),)/1000 -> 11618.112 | P12: =+IFERROR(HLOOKUP($B12,'[2]6월누계'!$F$6:$CP$99,3,),)/1000 -> 9516.7303 | Q12: =+P12-O12 -> -2101.3817 | R12: =+IFERROR(HLOOKUP($B12,'[3]6월누계'!$F$6:$CC$57,3,),)/1000 -> 13806.266 | S12: =+P12-R12 -> -4289.5355 | T12: =+IFERROR(HLOOKUP($B12,'[1]6월누계'!$D$6:$BN$259,16,),)/1000 -> 1011.3887 | U12: =+IFERROR(HLOOKUP($B12,'[2]6월누계'!$F$6:$CP$99,16,),)/1000 -> 545.51652 | V12: =+U12-T12 -> -465.87217 | W12: =+IFERROR(HLOOKUP($B12,'[3]6월누계'!$F$6:$CC$57,16,),)/1000 -> 1660.9628 | X12: =+U12-W12 -> -1115.4463 | Y12: =+[12]서부산!$Q$85 -> 99300.103 | Z12: =+[12]서부산!$R$85 -> 97110.84 | AA12: =+[13]서부산!$Q$85 -> 101076.68 | AB12: =+[12]서부산!$Q$89 -> 78532.439 | AC12: =+[12]서부산!$R$89 -> 77298.57 | AD12: =+[13]서부산!$Q$89 -> 79083.398 | AE12: =+Y12-AB12 -> 20767.664 | AF12: =+Z12-AC12 -> 19812.271 | AG12: =+AA12-AD12 -> 21993.282
B13: 김해 | G13: =+I13 -> 김해 | I13: 김해 | J13: =+IFERROR(HLOOKUP($B13,'[1]6월누계'!$D$6:$BN$259,2,),)/1000 -> 82 | K13: =+IFERROR(HLOOKUP($B13,'[2]6월누계'!$F$6:$CP$99,2,),)/1000 -> 54.569 | L13: =+K13-J13 -> -27.431 | M13: =+IFERROR(HLOOKUP($B13,'[3]6월누계'!$F$6:$CC$57,2,),)/1000 -> 79.309 | N13: =+K13-M13 -> -24.74 | O13: =+IFERROR(HLOOKUP($B13,'[1]6월누계'!$D$6:$BN$259,3,),)/1000 -> 7896.5957 | P13: =+IFERROR(HLOOKUP($B13,'[2]6월누계'!$F$6:$CP$99,3,),)/1000 -> 4860.4094 | Q13: =+P13-O13 -> -3036.1863 | R13: =+IFERROR(HLOOKUP($B13,'[3]6월누계'!$F$6:$CC$57,3,),)/1000 -> 7717.5713 | S13: =+P13-R13 -> -2857.1619 | T13: =+IFERROR(HLOOKUP($B13,'[1]6월누계'!$D$6:$BN$259,16,),)/1000 -> 677.03534 | U13: =+IFERROR(HLOOKUP($B13,'[2]6월누계'!$F$6:$CP$99,16,),)/1000 -> -172.84912 | V13: =+U13-T13 -> -849.88446 | W13: =+IFERROR(HLOOKUP($B13,'[3]6월누계'!$F$6:$CC$57,16,),)/1000 -> 543.83888 | X13: =+U13-W13 -> -716.68801 | Y13: =+[12]김해!$Q$85 -> 96299.948 | Z13: =+[12]김해!$R$85 -> 89066.239 | AA13: =+[13]김해!$Q$85 -> 97399.068 | AB13: =+[12]김해!$Q$89 -> 76540.997 | AC13: =+[12]김해!$R$89 -> 76004.672 | AD13: =+[13]김해!$Q$89 -> 79402.427 | AE13: =+Y13-AB13 -> 19758.951 | AF13: =+Z13-AC13 -> 13061.567 | AG13: =+AA13-AD13 -> 17996.641
B14: 정관 | G14: =+I14 -> 정관 | I14: 정관 | J14: =+IFERROR(HLOOKUP($B14,'[1]6월누계'!$D$6:$BN$259,2,),)/1000 -> 114 | K14: =+IFERROR(HLOOKUP($B14,'[2]6월누계'!$F$6:$CP$99,2,),)/1000 -> 126.5825 | L14: =+K14-J14 -> 12.5825 | M14: =+IFERROR(HLOOKUP($B14,'[3]6월누계'!$F$6:$CC$57,2,),)/1000 -> 122.3435 | N14: =+K14-M14 -> 4.239 | O14: =+IFERROR(HLOOKUP($B14,'[1]6월누계'!$D$6:$BN$259,3,),)/1000 -> 11627.967 | P14: =+IFERROR(HLOOKUP($B14,'[2]6월누계'!$F$6:$CP$99,3,),)/1000 -> 12731.543 | Q14: =+P14-O14 -> 1103.5756 | R14: =+IFERROR(HLOOKUP($B14,'[3]6월누계'!$F$6:$CC$57,3,),)/1000 -> 12481.763 | S14: =+P14-R14 -> 249.77952 | T14: =+IFERROR(HLOOKUP($B14,'[1]6월누계'!$D$6:$BN$259,16,),)/1000 -> 936.78088 | U14: =+IFERROR(HLOOKUP($B14,'[2]6월누계'!$F$6:$CP$99,16,),)/1000 -> 1103.9443 | V14: =+U14-T14 -> 167.16341 | W14: =+IFERROR(HLOOKUP($B14,'[3]6월누계'!$F$6:$CC$57,16,),)/1000 -> 1241.081 | X14: =+U14-W14 -> -137.1367 | Y14: =+[12]정관!$Q$85 -> 101999.71 | Z14: =+[12]정관!$R$85 -> 100608.18 | AA14: =+[13]정관!$Q$85 -> 102022.28 | AB14: =+[12]정관!$Q$89 -> 82098.472 | AC14: =+[12]정관!$R$89 -> 82460.201 | AD14: =+[13]정관!$Q$89 -> 82011.464 | AE14: =+Y14-AB14 -> 19901.24 | AF14: =+Z14-AC14 -> 18147.976 | AG14: =+AA14-AD14 -> 20010.819
B15: 양산 | G15: =+I15 -> 양산 | I15: 양산 | J15: =+IFERROR(HLOOKUP($B15,'[1]6월누계'!$D$6:$BN$259,2,),)/1000 -> 67 | K15: =+IFERROR(HLOOKUP($B15,'[2]6월누계'!$F$6:$CP$99,2,),)/1000 -> 47.718 | L15: =+K15-J15 -> -19.282 | M15: =+IFERROR(HLOOKUP($B15,'[3]6월누계'!$F$6:$CC$57,2,),)/1000 -> 76.345 | N15: =+K15-M15 -> -28.627 | O15: =+IFERROR(HLOOKUP($B15,'[1]6월누계'!$D$6:$BN$259,3,),)/1000 -> 6335.4743 | P15: =+IFERROR(HLOOKUP($B15,'[2]6월누계'!$F$6:$CP$99,3,),)/1000 -> 4432.3893 | Q15: =+P15-O15 -> -1903.0849 | R15: =+IFERROR(HLOOKUP($B15,'[3]6월누계'!$F$6:$CC$57,3,),)/1000 -> 7154.8031 | S15: =+P15-R15 -> -2722.4138 | T15: =+IFERROR(HLOOKUP($B15,'[1]6월누계'!$D$6:$BN$259,16,),)/1000 -> 493.92542 | U15: =+IFERROR(HLOOKUP($B15,'[2]6월누계'!$F$6:$CP$99,16,),)/1000 -> 81.269667 | V15: =+U15-T15 -> -412.65576 | W15: =+IFERROR(HLOOKUP($B15,'[3]6월누계'!$F$6:$CC$57,16,),)/1000 -> 729.8913 | X15: =+U15-W15 -> -648.62164 | Y15: =+[12]양산!$Q$85 -> 94559.317 | Z15: =+[12]양산!$R$85 -> 92887.157 | AA15: =+[13]양산!$Q$85 -> 93716.722 | AB15: =+[12]양산!$Q$89 -> 74010.706 | AC15: =+[12]양산!$R$89 -> 72884.071 | AD15: =+[13]양산!$Q$89 -> 73101.326 | AE15: =+Y15-AB15 -> 20548.611 | AF15: =+Z15-AC15 -> 20003.085 | AG15: =+AA15-AD15 -> 20615.396
B16: 창원 | G16: =+I16 -> 창원 | I16: 창원 | J16: =+IFERROR(HLOOKUP($B16,'[1]6월누계'!$D$6:$BN$259,2,),)/1000 -> 65 | K16: =+IFERROR(HLOOKUP($B16,'[2]6월누계'!$F$6:$CP$99,2,),)/1000 -> 60.725 | L16: =+K16-J16 -> -4.275 | M16: =+IFERROR(HLOOKUP($B16,'[3]6월누계'!$F$6:$CC$57,2,),)/1000 -> 111.367 | N16: =+K16-M16 -> -50.642 | O16: =+IFERROR(HLOOKUP($B16,'[1]6월누계'!$D$6:$BN$259,3,),)/1000 -> 6532.3142 | P16: =+IFERROR(HLOOKUP($B16,'[2]6월누계'!$F$6:$CP$99,3,),)/1000 -> 5935.4815 | Q16: =+P16-O16 -> -596.8327 | R16: =+IFERROR(HLOOKUP($B16,'[3]6월누계'!$F$6:$CC$57,3,),)/1000 -> 11303.832 | S16: =+P16-R16 -> -5368.3502 | T16: =+IFERROR(HLOOKUP($B16,'[1]6월누계'!$D$6:$BN$259,16,),)/1000 -> 411.62315 | U16: =+IFERROR(HLOOKUP($B16,'[2]6월누계'!$F$6:$CP$99,16,),)/1000 -> 324.18237 | V16: =+U16-T16 -> -87.440778 | W16: =+IFERROR(HLOOKUP($B16,'[3]6월누계'!$F$6:$CC$57,16,),)/1000 -> 1783.9063 | X16: =+U16-W16 -> -1459.724 | Y16: =+[12]창원!$Q$85 -> 100497.14 | Z16: =+[12]창원!$R$85 -> 97743.623 | AA16: =+[13]창원!$Q$85 -> 101500.73 | AB16: =+[12]창원!$Q$89 -> 76013.051 | AC16: =+[12]창원!$R$89 -> 74212.748 | AD16: =+[13]창원!$Q$89 -> 74971.176 | AE16: =+Y16-AB16 -> 24484.091 | AF16: =+Z16-AC16 -> 23530.876 | AG16: =+AA16-AD16 -> 26529.554
B17: 대구 | G17: =+I17 -> 대구 | I17: 대구 | J17: =+IFERROR(HLOOKUP($B17,'[1]6월누계'!$D$6:$BN$259,2,),)/1000 -> 72 | K17: =+IFERROR(HLOOKUP($B17,'[2]6월누계'!$F$6:$CP$99,2,),)/1000 -> 60.051 | L17: =+K17-J17 -> -11.949 | M17: =+IFERROR(HLOOKUP($B17,'[3]6월누계'!$F$6:$CC$57,2,),)/1000 -> 98.7345 | N17: =+K17-M17 -> -38.6835 | O17: =+IFERROR(HLOOKUP($B17,'[1]6월누계'!$D$6:$BN$259,3,),)/1000 -> 7022.343 | P17: =+IFERROR(HLOOKUP($B17,'[2]6월누계'!$F$6:$CP$99,3,),)/1000 -> 5406.336 | Q17: =+P17-O17 -> -1616.007 | R17: =+IFERROR(HLOOKUP($B17,'[3]6월누계'!$F$6:$CC$57,3,),)/1000 -> 10024.105 | S17: =+P17-R17 -> -4617.7689 | T17: =+IFERROR(HLOOKUP($B17,'[1]6월누계'!$D$6:$BN$259,16,),)/1000 -> 614.22499 | U17: =+IFERROR(HLOOKUP($B17,'[2]6월누계'!$F$6:$CP$99,16,),)/1000 -> 36.807618 | V17: =+U17-T17 -> -577.41737 | W17: =+IFERROR(HLOOKUP($B17,'[3]6월누계'!$F$6:$CC$57,16,),)/1000 -> 1597.3059 | X17: =+U17-W17 -> -1560.4983 | Y17: =+[12]대구!$Q$85 -> 97532.542 | Z17: =+[12]대구!$R$85 -> 90029.076 | AA17: =+[13]대구!$Q$85 -> 101525.86 | AB17: =+[12]대구!$Q$89 -> 73336.771 | AC17: =+[12]대구!$R$89 -> 73493.795 | AD17: =+[13]대구!$Q$89 -> 74888.901 | AE17: =+Y17-AB17 -> 24195.771 | AF17: =+Z17-AC17 -> 16535.281 | AG17: =+AA17-AD17 -> 26636.957
B18: 울산 | G18: =+I18 -> 울산 | I18: 울산 | J18: =+IFERROR(HLOOKUP($B18,'[1]6월누계'!$D$6:$BN$259,2,),)/1000 -> 69 | K18: =+IFERROR(HLOOKUP($B18,'[2]6월누계'!$F$6:$CP$99,2,),)/1000 -> 64.612 | L18: =+K18-J18 -> -4.388 | M18: =+IFERROR(HLOOKUP($B18,'[3]6월누계'!$F$6:$CC$57,2,),)/1000 -> 54.8775 | N18: =+K18-M18 -> 9.7345 | O18: =+IFERROR(HLOOKUP($B18,'[1]6월누계'!$D$6:$BN$259,3,),)/1000 -> 7014.833 | P18: =+IFERROR(HLOOKUP($B18,'[2]6월누계'!$F$6:$CP$99,3,),)/1000 -> 6742.3707 | Q18: =+P18-O18 -> -272.4623 | R18: =+IFERROR(HLOOKUP($B18,'[3]6월누계'!$F$6:$CC$57,3,),)/1000 -> 5724.7484 | S18: =+P18-R18 -> 1017.6223 | T18: =+IFERROR(HLOOKUP($B18,'[1]6월누계'!$D$6:$BN$259,16,),)/1000 -> 430.12181 | U18: =+IFERROR(HLOOKUP($B18,'[2]6월누계'!$F$6:$CP$99,16,),)/1000 -> 492.0327 | V18: =+U18-T18 -> 61.910891 | W18: =+IFERROR(HLOOKUP($B18,'[3]6월누계'!$F$6:$CC$57,16,),)/1000 -> 556.29892 | X18: =+U18-W18 -> -64.266224 | Y18: =+[12]울산!$Q$85 -> 101664.25 | Z18: =+[12]울산!$R$85 -> 104351.68 | AA18: =+[13]울산!$Q$85 -> 104318.68 | AB18: =+[12]울산!$Q$89 -> 81969.865 | AC18: =+[12]울산!$R$89 -> 83274.017 | AD18: =+[13]울산!$Q$89 -> 80462.833 | AE18: =+Y18-AB18 -> 19694.381 | AF18: =+Z18-AC18 -> 21077.662 | AG18: =+AA18-AD18 -> 23855.848
B19: 아산 | G19: =+I19 -> 아산 | I19: 아산 | J19: =+IFERROR(HLOOKUP($B19,'[1]6월누계'!$D$6:$BN$259,2,),)/1000 -> 127 | K19: =+IFERROR(HLOOKUP($B19,'[2]6월누계'!$F$6:$CP$99,2,),)/1000 -> 126.91 | L19: =+K19-J19 -> -0.09 | M19: =+IFERROR(HLOOKUP($B19,'[3]6월누계'!$F$6:$CC$57,2,),)/1000 -> 161.621 | N19: =+K19-M19 -> -34.711 | O19: =+IFERROR(HLOOKUP($B19,'[1]6월누계'!$D$6:$BN$259,3,),)/1000 -> 13081 | P19: =+IFERROR(HLOOKUP($B19,'[2]6월누계'!$F$6:$CP$99,3,),)/1000 -> 12415.238 | Q19: =+P19-O19 -> -665.76208 | R19: =+IFERROR(HLOOKUP($B19,'[3]6월누계'!$F$6:$CC$57,3,),)/1000 -> 16452.683 | S19: =+P19-R19 -> -4037.445 | T19: =+IFERROR(HLOOKUP($B19,'[1]6월누계'!$D$6:$BN$259,16,),)/1000 -> 1528.6994 | U19: =+IFERROR(HLOOKUP($B19,'[2]6월누계'!$F$6:$CP$99,16,),)/1000 -> 596.28176 | V19: =+U19-T19 -> -932.41762 | W19: =+IFERROR(HLOOKUP($B19,'[3]6월누계'!$F$6:$CC$57,16,),)/1000 -> 2317.5862 | X19: =+U19-W19 -> -1721.3044 | Y19: =+[12]아산!$Q$85 -> 103000 | Z19: =+[12]아산!$R$85 -> 97811.162 | AA19: =+[13]아산!$Q$85 -> 101738.18 | AB19: =+[12]아산!$Q$89 -> 78806.858 | AC19: =+[12]아산!$R$89 -> 81703.765 | AD19: =+[13]아산!$Q$89 -> 77956.41 | AE19: =+Y19-AB19 -> 24193.142 | AF19: =+Z19-AC19 -> 16107.398 | AG19: =+AA19-AD19 -> 23781.769
B20: 전주 | G20: =+I20 -> 전주 | I20: 전주 | J20: =+IFERROR(HLOOKUP($B20,'[1]6월누계'!$D$6:$BN$259,2,),)/1000 -> 59 | K20: =+IFERROR(HLOOKUP($B20,'[2]6월누계'!$F$6:$CP$99,2,),)/1000 -> 85.6415 | L20: =+K20-J20 -> 26.6415 | M20: =+IFERROR(HLOOKUP($B20,'[3]6월누계'!$F$6:$CC$57,2,),)/1000 -> 47.924 | N20: =+K20-M20 -> 37.7175 | O20: =+IFERROR(HLOOKUP($B20,'[1]6월누계'!$D$6:$BN$259,3,),)/1000 -> 5719.5339 | P20: =+IFERROR(HLOOKUP($B20,'[2]6월누계'!$F$6:$CP$99,3,),)/1000 -> 8296.2542 | Q20: =+P20-O20 -> 2576.7204 | R20: =+IFERROR(HLOOKUP($B20,'[3]6월누계'!$F$6:$CC$57,3,),)/1000 -> 4592.3413 | S20: =+P20-R20 -> 3703.9129 | T20: =+IFERROR(HLOOKUP($B20,'[1]6월누계'!$D$6:$BN$259,16,),)/1000 -> 461.82907 | U20: =+IFERROR(HLOOKUP($B20,'[2]6월누계'!$F$6:$CP$99,16,),)/1000 -> 939.984 | V20: =+U20-T20 -> 478.15494 | W20: =+IFERROR(HLOOKUP($B20,'[3]6월누계'!$F$6:$CC$57,16,),)/1000 -> 288.78858 | X20: =+U20-W20 -> 651.19543 | Y20: =+[12]전주!$Q$85 -> 96941.252 | Z20: =+[12]전주!$R$85 -> 96871.45 | AA20: =+[13]전주!$Q$85 -> 95827.775 | AB20: =+[12]전주!$Q$89 -> 73350.281 | AC20: =+[12]전주!$R$89 -> 75076.48 | AD20: =+[13]전주!$Q$89 -> 71176.351 | AE20: =+Y20-AB20 -> 23590.971 | AF20: =+Z20-AC20 -> 21794.97 | AG20: =+AA20-AD20 -> 24651.424
B21: 군산 | G21: =+I21 -> 군산 | I21: 군산 | J21: =+IFERROR(HLOOKUP($B21,'[1]6월누계'!$D$6:$BN$259,2,),)/1000 -> 40 | K21: =+IFERROR(HLOOKUP($B21,'[2]6월누계'!$F$6:$CP$99,2,),)/1000 -> 30.587 | L21: =+K21-J21 -> -9.413 | M21: =+IFERROR(HLOOKUP($B21,'[3]6월누계'!$F$6:$CC$57,2,),)/1000 -> 54.056 | N21: =+K21-M21 -> -23.469 | O21: =+IFERROR(HLOOKUP($B21,'[1]6월누계'!$D$6:$BN$259,3,),)/1000 -> 4424.9174 | P21: =+IFERROR(HLOOKUP($B21,'[2]6월누계'!$F$6:$CP$99,3,),)/1000 -> 3326.3601 | Q21: =+P21-O21 -> -1098.5574 | R21: =+IFERROR(HLOOKUP($B21,'[3]6월누계'!$F$6:$CC$57,3,),)/1000 -> 6033.5481 | S21: =+P21-R21 -> -2707.188 | T21: =+IFERROR(HLOOKUP($B21,'[1]6월누계'!$D$6:$BN$259,16,),)/1000 -> 994.99819 | U21: =+IFERROR(HLOOKUP($B21,'[2]6월누계'!$F$6:$CP$99,16,),)/1000 -> 621.78917 | V21: =+U21-T21 -> -373.20903 | W21: =+IFERROR(HLOOKUP($B21,'[3]6월누계'!$F$6:$CC$57,16,),)/1000 -> 1678.0764 | X21: =+U21-W21 -> -1056.2872 | Y21: =+[12]군산!$Q$85 -> 110622.94 | Z21: =+[12]군산!$R$85 -> 108750.78 | AA21: =+[13]군산!$Q$85 -> 111626.94 | AB21: =+[12]군산!$Q$89 -> 72694.053 | AC21: =+[12]군산!$R$89 -> 72078.926 | AD21: =+[13]군산!$Q$89 -> 71723.876 | AE21: =+Y21-AB21 -> 37928.882 | AF21: =+Z21-AC21 -> 36671.853 | AG21: =+AA21-AD21 -> 39903.061
B22: 원주 | G22: =+I22 -> 원주 | I22: 원주 | J22: =+IFERROR(HLOOKUP($B22,'[1]6월누계'!$D$6:$BN$259,2,),)/1000 -> 25 | K22: =+IFERROR(HLOOKUP($B22,'[2]6월누계'!$F$6:$CP$99,2,),)/1000 -> 14.1475 | L22: =+K22-J22 -> -10.8525 | M22: =+IFERROR(HLOOKUP($B22,'[3]6월누계'!$F$6:$CC$57,2,),)/1000 -> 34.0235 | N22: =+K22-M22 -> -19.876 | O22: =+IFERROR(HLOOKUP($B22,'[1]6월누계'!$D$6:$BN$259,3,),)/1000 -> 2800 | P22: =+IFERROR(HLOOKUP($B22,'[2]6월누계'!$F$6:$CP$99,3,),)/1000 -> 1525.3031 | Q22: =+P22-O22 -> -1274.6969 | R22: =+IFERROR(HLOOKUP($B22,'[3]6월누계'!$F$6:$CC$57,3,),)/1000 -> 3813.9594 | S22: =+P22-R22 -> -2288.6564 | T22: =+IFERROR(HLOOKUP($B22,'[1]6월누계'!$D$6:$BN$259,16,),)/1000 -> 392.3965 | U22: =+IFERROR(HLOOKUP($B22,'[2]6월누계'!$F$6:$CP$99,16,),)/1000 -> -23.984468 | V22: =+U22-T22 -> -416.38097 | W22: =+IFERROR(HLOOKUP($B22,'[3]6월누계'!$F$6:$CC$57,16,),)/1000 -> 774.71565 | X22: =+U22-W22 -> -798.70012 | Y22: =+[12]원주!$Q$85 -> 112000 | Z22: =+[12]원주!$R$85 -> 107816.74 | AA22: =+[13]원주!$Q$85 -> 112106.46 | AB22: =+[12]원주!$Q$89 -> 73477.164 | AC22: =+[12]원주!$R$89 -> 72490.736 | AD22: =+[13]원주!$Q$89 -> 73510.955 | AE22: =+Y22-AB22 -> 38522.836 | AF22: =+Z22-AC22 -> 35326.006 | AG22: =+AA22-AD22 -> 38595.509
B23: 제주 | F23: =+K27-J27 -> -155.136 | G23: =+I23 -> 제주 | I23: 제주 | J23: =+IFERROR(HLOOKUP($B23,'[1]6월누계'!$D$6:$BN$259,2,),)/1000 -> 46 | K23: =+IFERROR(HLOOKUP($B23,'[2]6월누계'!$F$6:$CP$99,2,),)/1000 -> 34.9335 | L23: =+K23-J23 -> -11.0665 | M23: =+IFERROR(HLOOKUP($B23,'[3]6월누계'!$F$6:$CC$57,2,),)/1000 -> 21.3915 | N23: =+K23-M23 -> 13.542 | O23: =+IFERROR(HLOOKUP($B23,'[1]6월누계'!$D$6:$BN$259,3,),)/1000 -> 5648.0485 | P23: =+IFERROR(HLOOKUP($B23,'[2]6월누계'!$F$6:$CP$99,3,),)/1000 -> 4277.4172 | Q23: =+P23-O23 -> -1370.6313 | R23: =+IFERROR(HLOOKUP($B23,'[3]6월누계'!$F$6:$CC$57,3,),)/1000 -> 2713.473 | S23: =+P23-R23 -> 1563.9442 | T23: =+IFERROR(HLOOKUP($B23,'[1]6월누계'!$D$6:$BN$259,16,),)/1000 -> 873.93114 | U23: =+IFERROR(HLOOKUP($B23,'[2]6월누계'!$F$6:$CP$99,16,),)/1000 -> 478.90829 | V23: =+U23-T23 -> -395.02285 | W23: =+IFERROR(HLOOKUP($B23,'[3]6월누계'!$F$6:$CC$57,16,),)/1000 -> 293.3074 | X23: =+U23-W23 -> 185.60089 | Y23: =+[12]제주!$Q$85 -> 122783.66 | Z23: =+[12]제주!$R$85 -> 122124.27 | AA23: =+[13]제주!$Q$85 -> 126848.19 | AB23: =+[12]제주!$Q$89 -> 90905.216 | AC23: =+[12]제주!$R$89 -> 91381.087 | AD23: =+[13]제주!$Q$89 -> 89031.394 | AE23: =+Y23-AB23 -> 31878.447 | AF23: =+Z23-AC23 -> 30743.18 | AG23: =+AA23-AD23 -> 37816.795
F24: =+K24/J24 -> 0.86967642 | G24: =+I24 -> 수도권 | I24: 수도권 | J24: =SUM(J7:J10) -> 581 | K24: =SUM(K7:K10) -> 505.282 | L24: =+K24-J24 -> -75.718 | M24: =SUM(M7:M10) -> 647.7827 | N24: =+K24-M24 -> -142.5007 | O24: =SUM(O7:O10) -> 56514.875 | P24: =SUM(P7:P10) -> 48511.613 | Q24: =+P24-O24 -> -8003.2619 | R24: =SUM(R7:R10) -> 64363.361 | S24: =+P24-R24 -> -15851.749 | T24: =SUM(T7:T10) -> 3148.5171 | U24: =SUM(U7:U10) -> 1430.1303 | V24: =+U24-T24 -> -1718.3869 | W24: =SUM(W7:W10) -> 5935.6295 | X24: =+U24-W24 -> -4505.4993 | Y24: =+[12]수도권!$Q$85 -> 97271.729 | Z24: =+[12]수도권!$R$85 -> 96036.833 | AA24: =+[13]수도권!$Q$85 -> 99368.533 | AB24: =+[12]수도권!$Q$89 -> 81071.925 | AC24: =+[12]수도권!$R$89 -> 80969.682 | AD24: =+[13]수도권!$Q$89 -> 81006.472 | AE24: =+Y24-AB24 -> 16199.804 | AF24: =+Z24-AC24 -> 15067.151 | AG24: =+AA24-AD24 -> 18362.061
F25: =+K25/J25 -> 0.89413121 | G25: =+I25 -> 영남권 | I25: 영남권 | J25: =SUM(J11:J18) -> 705 | K25: =SUM(K11:K18) -> 630.3625 | L25: =+K25-J25 -> -74.6375 | M25: =SUM(M11:M18) -> 811.45 | N25: =+K25-M25 -> -181.0875 | O25: =SUM(O11:O18) -> 70863.93 | P25: =SUM(P11:P18) -> 62317.491 | Q25: =+P25-O25 -> -8546.4392 | R25: =SUM(R11:R18) -> 82269.495 | S25: =+P25-R25 -> -19952.005 | T25: =SUM(T11:T18) -> 5642.6709 | U25: =SUM(U11:U18) -> 3661.0045 | V25: =+U25-T25 -> -1981.6664 | W25: =SUM(W11:W18) -> 9633.7583 | X25: =+U25-W25 -> -5972.7538 | Y25: =+[12]영남권!$Q$85 -> 100516.21 | Z25: =+[12]영남권!$R$85 -> 98882.758 | AA25: =+[13]영남권!$Q$85 -> 101399.66 | AB25: =+[12]영남권!$Q$89 -> 79073.637 | AC25: =+[12]영남권!$R$89 -> 79085.486 | AD25: =+[13]영남권!$Q$89 -> 78722.808 | AE25: =+Y25-AB25 -> 21442.575 | AF25: =+Z25-AC25 -> 19797.272 | AG25: =+AA25-AD25 -> 22676.848
F26: =+K26/J26 -> 0.98390404 | G26: =+I26 -> 중부권 | I26: 중부권 | J26: =SUM(J19:J23) -> 297 | K26: =SUM(K19:K23) -> 292.2195 | L26: =+K26-J26 -> -4.7805 | M26: =SUM(M19:M23) -> 319.016 | N26: =+K26-M26 -> -26.7965 | O26: =SUM(O19:O23) -> 31673.5 | P26: =SUM(P19:P23) -> 29840.573 | Q26: =+P26-O26 -> -1832.9273 | R26: =SUM(R19:R23) -> 33606.005 | S26: =+P26-R26 -> -3765.4322 | T26: =SUM(T19:T23) -> 4251.8543 | U26: =SUM(U19:U23) -> 2612.9787 | V26: =+U26-T26 -> -1638.8755 | W26: =SUM(W19:W23) -> 5352.4742 | X26: =+U26-W26 -> -2739.4955 | Y26: =+[12]중부권!$Q$85 -> 106644.78 | Z26: =+[12]중부권!$R$85 -> 101982.32 | AA26: =+[13]중부권!$Q$85 -> 105326.68 | AB26: =+[12]중부권!$Q$89 -> 78324.811 | AC26: =+[12]중부권!$R$89 -> 79410.654 | AD26: =+[13]중부권!$Q$89 -> 76149.192 | AE26: =+Y26-AB26 -> 28319.97 | AF26: =+Z26-AC26 -> 22571.67 | AG26: =+AA26-AD26 -> 29177.484
F27: =+K27/M27 -> 0.8029608 | G27: =+K27/J27 -> 0.90199874 | H27: 레미콘 계 | J27: =SUM(J24:J26) -> 1583 | K27: =SUM(K24:K26) -> 1427.864 | L27: =+K27-J27 -> -155.136 | M27: =SUM(M24:M26) -> 1778.2487 | N27: =+K27-M27 -> -350.3847 | O27: =SUM(O24:O26) -> 159052.3 | P27: =SUM(P24:P26) -> 140669.68 | Q27: =+P27-O27 -> -18382.628 | R27: =SUM(R24:R26) -> 180238.86 | S27: =+P27-R27 -> -39569.186 | T27: =SUM(T24:T26) -> 13043.042 | U27: =SUM(U24:U26) -> 7704.1135 | V27: =+U27-T27 -> -5338.9288 | W27: =SUM(W24:W26) -> 20921.862 | X27: =+U27-W27 -> -13217.749 | Y27: =+[12]합계!$Q$85 -> 100475.24 | Z27: =+[12]합계!$R$85 -> 98512.772 | AA27: =+[13]합계!$Q$85 -> 101364.6 | AB27: =+[12]합계!$Q$89 -> 79666.564 | AC27: =+[12]합계!$R$89 -> 79813.463 | AD27: =+[13]합계!$Q$89 -> 79091.934 | AE27: =+Y27-AB27 -> 20808.675 | AF27: =+Z27-AC27 -> 18699.309 | AG27: =+AA27-AD27 -> 22272.662 | AI27: =+AF27-AE27 -> -2109.3663 | AJ27: =+AF27-AG27 -> -3573.3526
B28: 부산모래장 | C28: 부산골재 | G28: =+I28 -> 부산모래장 | H28: 골재 | I28: 부산모래장 | J28: =+IFERROR(HLOOKUP($B28,'[1]6월누계'!$D$6:$BN$259,2,),)/1000 -> 118.20154 | K28: =+IFERROR(HLOOKUP($C28,'[2]6월누계'!$F$6:$CP$99,2,),)/1000 -> 147.631 | L28: =+K28-J28 -> 29.429462 | M28: =+IFERROR(HLOOKUP($C28,'[3]6월누계'!$F$6:$CC$57,2,),)/1000 -> 131.088 | N28: =+K28-M28 -> 16.543 | O28: =+IFERROR(HLOOKUP($B28,'[1]6월누계'!$D$6:$BN$259,3,),)/1000 -> 3612.8232 | P28: =+IFERROR(HLOOKUP($C28,'[2]6월누계'!$F$6:$CP$99,3,),)/1000 -> 4222.6345 | Q28: =+P28-O28 -> 609.81127 | R28: =+IFERROR(HLOOKUP($C28,'[3]6월누계'!$F$6:$CC$57,3,),)/1000 -> 3921.2801 | S28: =+P28-R28 -> 301.35442 | T28: =+IFERROR(HLOOKUP($B28,'[1]6월누계'!$D$6:$BN$259,21,),)/1000 -> 492.81298 | U28: =+IFERROR(HLOOKUP($C28,'[2]6월누계'!$F$6:$CP$99,21,),)/1000 -> 26.321416 | V28: =+U28-T28 -> -466.49156 | W28: =+IFERROR(HLOOKUP($C28,'[3]6월누계'!$F$6:$CC$57,21,),)/1000 -> 183.33354 | X28: =+U28-W28 -> -157.01213 | Y28: ■ 비고
B29: 서부산크라샤 | C29: 서부산골재 | G29: =+I29 -> 서부산CR | I29: 서부산CR | J29: =+IFERROR(HLOOKUP($B29,'[1]6월누계'!$D$6:$BN$259,2,),)/1000 -> 309.98125 | K29: =+IFERROR(HLOOKUP($C29,'[2]6월누계'!$F$6:$CP$99,2,),)/1000 -> 118.434 | L29: =+K29-J29 -> -191.54725 | M29: =+IFERROR(HLOOKUP($C29,'[3]6월누계'!$F$6:$CC$57,2,),)/1000 -> 151.232 | N29: =+K29-M29 -> -32.798 | O29: =+IFERROR(HLOOKUP($B29,'[1]6월누계'!$D$6:$BN$259,3,),)/1000 -> 4520.7285 | P29: =+IFERROR(HLOOKUP($C29,'[2]6월누계'!$F$6:$CP$99,3,),)/1000 -> 1672.87 | Q29: =+P29-O29 -> -2847.8585 | R29: =+IFERROR(HLOOKUP($C29,'[3]6월누계'!$F$6:$CC$57,3,),)/1000 -> 2098.744 | S29: =+P29-R29 -> -425.874 | T29: =+IFERROR(HLOOKUP($B29,'[1]6월누계'!$D$6:$BN$259,21,),)/1000 -> 817.28844 | U29: =+IFERROR(HLOOKUP($C29,'[2]6월누계'!$F$6:$CP$99,21,),)/1000 -> 207.22026 | V29: =+U29-T29 -> -610.06817 | W29: =+IFERROR(HLOOKUP($C29,'[3]6월누계'!$F$6:$CC$57,21,),)/1000 -> 269.85782 | X29: =+U29-W29 -> -62.637557 | Y29: - 1군 판매단가 인하
B30: 부산크라샤 | C30: 부산크라샤 | G30: =+I30 -> 부산CR | I30: 부산CR | J30: =+IFERROR(HLOOKUP($B30,'[1]6월누계'!$D$6:$BN$259,2,),)/1000 -> 128.57631 | K30: =+IFERROR(HLOOKUP($C30,'[2]6월누계'!$F$6:$CP$99,2,),)/1000 -> 110.249 | L30: =+K30-J30 -> -18.327313 | M30: =+IFERROR(HLOOKUP($C30,'[3]6월누계'!$F$6:$CC$57,2,),)/1000 -> 214.379 | N30: =+K30-M30 -> -104.13 | O30: =+IFERROR(HLOOKUP($B30,'[1]6월누계'!$D$6:$BN$259,3,),)/1000 -> 2212.2282 | P30: =+IFERROR(HLOOKUP($C30,'[2]6월누계'!$F$6:$CP$99,3,),)/1000 -> 2084.7015 | Q30: =+P30-O30 -> -127.52669 | R30: =+IFERROR(HLOOKUP($C30,'[3]6월누계'!$F$6:$CC$57,3,),)/1000 -> 3961.1825 | S30: =+P30-R30 -> -1876.481 | T30: =+IFERROR(HLOOKUP($B30,'[1]6월누계'!$D$6:$BN$259,21,),)/1000 -> -309.69813 | U30: =+IFERROR(HLOOKUP($C30,'[2]6월누계'!$F$6:$CP$99,21,),)/1000 -> -760.37545 | V30: =+U30-T30 -> -450.67732 | W30: =+IFERROR(HLOOKUP($C30,'[3]6월누계'!$F$6:$CC$57,21,),)/1000 -> 267.32689 | X30: =+U30-W30 -> -1027.7023 | Y30: · 수도권 2,300원(2.1%↓, 3/1), 부산권 1,900원(1.7%↓, 3/1), 대구권 4,900원/㎥↓(5/1부)
H31: 골재 계 | J31: =SUM(J28:J30) -> 556.7591 | K31: =SUM(K28:K30) -> 376.314 | L31: =+K31-J31 -> -180.4451 | M31: =SUM(M28:M30) -> 496.699 | N31: =+K31-M31 -> -120.385 | O31: =SUM(O28:O30) -> 10345.78 | P31: =SUM(P28:P30) -> 7980.206 | Q31: =+P31-O31 -> -2365.5739 | R31: =SUM(R28:R30) -> 9981.2066 | S31: =+P31-R31 -> -2001.0006 | T31: =SUM(T28:T30) -> 1000.4033 | U31: =SUM(U28:U30) -> -526.83377 | V31: =+U31-T31 -> -1527.2371 | W31: =SUM(W28:W30) -> 720.51825 | X31: =+U31-W31 -> -1247.352 | Y31: · 천안 아산지역 2,600원/㎥↓, 창원 2,900원/㎥↓(4/1), 울산 ,1900원/㎥↓(7/1)
B32: 포항임대 | C32: 속초임대 | D32: 강릉임대 | E32: 레미콘임대 계 | G32: =+I32 -> 레미콘임대 | H32: 기타 | I32: 레미콘임대 | L32: =+K32-J32 -> 0 | N32: =+K32-M32 -> 0 | O32: =(IFERROR(HLOOKUP($B32,'[1]6월누계'!$D$6:$BN$259,3,),)++IFERROR(HLOOKUP($C32,'[1]6월누계'!$D$6:$BN$259,3,),)+IFERROR(HLOOKUP($D32,'[1]6월누계'!$D$6:$BN$259,3,),))/1000 -> 472.52 | P32: =+IFERROR(HLOOKUP($E32,'[2]6월누계'!$F$6:$CP$99,3,),)/1000 -> 377.54 | Q32: =+P32-O32 -> -94.98 | R32: =+IFERROR(HLOOKUP($E32,'[3]6월누계'!$F$6:$CC$57,3,),)/1000 -> 545.04 | S32: =+P32-R32 -> -167.5 | T32: =(IFERROR(HLOOKUP($B32,'[1]6월누계'!$D$6:$BN$259,21,),)++IFERROR(HLOOKUP($C32,'[1]6월누계'!$D$6:$BN$259,21,),)+IFERROR(HLOOKUP($D32,'[1]6월누계'!$D$6:$BN$259,21,),))/1000 -> 315.53977 | U32: =+IFERROR(HLOOKUP($E32,'[2]6월누계'!$F$6:$CP$99,16,),)/1000 -> 205.39107 | V32: =+U32-T32 -> -110.1487 | W32: =+IFERROR(HLOOKUP($E32,'[3]6월누계'!$F$6:$CC$57,16,),)/1000 -> 336.29001 | X32: =+U32-W32 -> -130.89894 | Y32: - 1군 판가 소급분(마이너스 계산서) : 7.2억
B33: 부동산임대 | C33: 주유소임대 | E33: 임대 계 | G33: =+I33 -> 임대 | I33: 임대 | L33: =+K33-J33 -> 0 | M33: 0 | N33: =+K33-M33 -> 0 | O33: =(+IFERROR(HLOOKUP($B33,'[1]6월누계'!$D$6:$BN$259,3,),)+IFERROR(HLOOKUP($C33,'[1]6월누계'!$D$6:$BN$259,3,),))/1000 -> 444.549 | P33: =+IFERROR(HLOOKUP($E33,'[2]6월누계'!$F$6:$CP$99,3,),)/1000 -> 441.3086 | Q33: =+P33-O33 -> -3.240399 | R33: =+IFERROR(HLOOKUP($E33,'[3]6월누계'!$F$6:$CC$57,3,),)/1000 -> 436.50238 | S33: =+P33-R33 -> 4.806221 | T33: =(+IFERROR(HLOOKUP($B33,'[1]6월누계'!$D$6:$BN$259,21,),)+IFERROR(HLOOKUP($C33,'[1]6월누계'!$D$6:$BN$259,21,),))/1000 -> 408.96989 | U33: =+IFERROR(HLOOKUP($E33,'[2]6월누계'!$F$6:$CP$99,16,),)/1000 -> 405.69263 | V33: =+U33-T33 -> -3.277261 | W33: =+IFERROR(HLOOKUP($E33,'[3]6월누계'!$F$6:$CC$57,16,),)/1000 -> 401.04651 | X33: =+U33-W33 -> 4.646119
B34: 공 통 비 | G34: =+I34 -> 공통비 | I34: 공통비 | L34: =+K34-J34 -> 0 | N34: =+K34-M34 -> 0 | Q34: =+P34-O34 -> 0 | S34: =+P34-R34 -> 0 | T34: =-'[1]6월누계'!$Z$22/1000 -> -9975.9247 | U34: =+-'[2]6월누계'!$Z$22/1000 -> -10123.002 | V34: =+U34-T34 -> -147.07685 | W34: =+-'[3]6월누계'!$Z$22/1000 -> -9052.3439 | X34: =+U34-W34 -> -1070.6577 | Y34: - 운반비 : 영남권 MT운반비 2개년 합의 인상 적용(5/1)
G35: =+I35 -> OPC 소급분 | I35: OPC 소급분 | N35: =+K35-M35 -> 0 | Q35: =+P35-O35 -> 0 | S35: =+P35-R35 -> 0 | U35: ='[2]6월누계'!$BD$26/1000 -> 0 | V35: =+U35-T35 -> 0 | W35: =-'[3]6월누계'!$BD$26/1000 -> 0 | X35: =+U35-W35 -> 0 | Y35: · 부산권 4천원, 창원 3.5천원 / 제주 협상完 500원/㎥ 인상
G36: =+I36 -> 대손 | I36: 대손 | N36: =+K36-M36 -> 0 | Q36: =+P36-O36 -> 0 | S36: =+P36-R36 -> 0 | U36: ='[2]6월누계'!$BE$26/1000 -> -828.70973 | V36: =+U36-T36 -> -828.70973 | W36: ='[3]6월누계'!$BE$26/1000 -> -975.50771 | X36: =+U36-W36 -> 146.79798 | Y36: 원주 2천원/회(1년), 군산 2개년 합의, 7/15 (25년 2.5천원. 26년 3.5천원)
G37: =+I37 -> 미운영 공장 | I37: 미운영 공장 | Q37: =+P37-O37 -> 0 | R37: =+IFERROR(HLOOKUP($I$37,'[3]6월누계'!$F$6:$BJ$50,3,),)/1000 -> 0 | S37: =+P37-R37 -> 0 | T37: =SUM('[1]6월누계'!$AM$26:$AQ$26)/1000 -> -187.47304 | U37: =+'[2]6월누계'!$BF$26/1000 -> -188.37125 | V37: =+U37-T37 -> -0.898207 | W37: =+'[3]6월누계'!$BF$26/1000 -> -260.98757 | X37: =+U37-W37 -> 72.616322
B38: 기타 계 | G38: =+I38 -> 퇴직위로금 | I38: 퇴직위로금 | U38: =+'[2]6월누계'!$BG$26/1000 -> -759.34319 | V38: =+U38-T38 -> -759.34319 | X38: =+U38-W38 -> -759.34319
G39: =+I39 -> 기타 | I39: 기타 | L39: =+K39-J39 -> 0 | N39: =+K39-M39 -> 0 | O39: =IFERROR(HLOOKUP($B38,'[1]6월누계'!$D$6:$BN$259,3,),)/1000 -> 10.62 | P39: =+('[2]6월누계'!$F$8-SUM('[2]6월누계'!$Z$8,'[2]6월누계'!$AH$8,'[2]6월누계'!$AN$8,'[2]6월누계'!$AO$8,'[2]6월누계'!$BA$8,'[2]6월누계'!$BD$8,'[2]6월누계'!$BE$8,'[2]6월누계'!$BF$8))/1000 -> 10.06745 | Q39: =+P39-O39 -> -0.55255 | R39: =+('[3]6월누계'!$F$8-SUM('[3]6월누계'!$Z$8,'[3]6월누계'!$AH$8,'[3]6월누계'!$AN$8,'[3]6월누계'!$AO$8,'[3]6월누계'!$BA$8,'[3]6월누계'!$BD$8,'[3]6월누계'!$BE$8,'[3]6월누계'!$BF$8))/1000 -> 10.2176 | S39: =+P39-R39 -> -0.15015 | T39: =+('[1]6월누계'!$E$26-'[1]6월누계'!$Z$26-'[1]6월누계'!$AA$26-'[1]6월누계'!$AE$26-'[1]6월누계'!$AL$26-'[1]6월누계'!$AM$26-'[1]6월누계'!$AN$26-'[1]6월누계'!$AO$26-'[1]6월누계'!$AP$26-'[1]6월누계'!$AQ$26-'[1]6월누계'!$AS$26)/1000+'[1]6월누계'!$AS$26/1000 -> -354.24735 | U39: =+('[2]6월누계'!$F$26-SUM('[2]6월누계'!$Z$26,'[2]6월누계'!$AH$26,'[2]6월누계'!$AN$26,'[2]6월누계'!$AO$26,'[2]6월누계'!$BA$26,'[2]6월누계'!$BD$26,'[2]6월누계'!$BE$26,'[2]6월누계'!$BF$26))/1000-U38 -> -30.587045 | V39: =+U39-T39 -> 323.6603 | W39: =+('[3]6월누계'!$F$26-SUM('[3]6월누계'!$Z$26,'[3]6월누계'!$AH$26,'[3]6월누계'!$AN$26,'[3]6월누계'!$AO$26,'[3]6월누계'!$BA$26,'[3]6월누계'!$BD$26,'[3]6월누계'!$BE$26,'[3]6월누계'!$BF$26))/1000 -> -159.66432 | X39: =+U39-W39 -> 129.07727
H40: 기타 계 | J40: =SUM(J32:J39) -> 0 | K40: =SUM(K32:K39) -> 0 | L40: =+K40-J40 -> 0 | M40: =SUM(M32:M39) -> 0 | N40: =+K40-M40 -> 0 | O40: =SUM(O32:O39) -> 927.689 | P40: =SUM(P32:P39) -> 828.91605 | Q40: =+P40-O40 -> -98.772949 | R40: =SUM(R32:R39) -> 991.75998 | S40: =+P40-R40 -> -162.84393 | T40: =SUM(T32:T39) -> -9793.1354 | U40: =SUM(U32:U39) -> -11318.929 | V40: =+U40-T40 -> -1525.7936 | W40: =SUM(W32:W39) -> -9711.1669 | X40: =+U40-W40 -> -1607.7621
U41: 19 | V41: 12.4
G42: =+P42/O42 -> 0.87760528 | H42: 합계 | O42: =+O27+O31+O40 -> 170325.77 | P42: =+P27+P31+P40 -> 149478.8 | Q42: =+P42-O42 -> -20846.975 | R42: =+R27+R31+R40 -> 191211.83 | S42: =+P42-R42 -> -41733.03 | T42: =+T27+T31+T40 -> 4250.3102 | U42: =+U27+U31+U40 -> -4141.6493 | V42: =+U42-T42 -> -8391.9595 | W42: =+W27+W31+W40 -> 11931.213 | X42: =+U42-W42 -> -16072.863
G43: =+U42/T42 -> -0.9744346 | P43: =+P42/O42 -> 0.87760528 | R43: =+P42/R42 -> 0.78174452 | T43: =+T42/O42 -> 0.024954005 | U43: =+U42/P42 -> -0.027707269 | V43: =+V42/100 -> -83.919595 | X43: =+X42/100 -> -160.72863
K44: =+K31/J31 -> 0.67590094 | M44: =+K31/M31 -> 0.75762987
I45: 확인 | J45: =+'[1]6월누계'!$Z$7/1000 -> 1583 | K45: =+'[2]6월누계'!$AI$7/1000 -> 1427.864 | M45: =+'[3]6월누계'!$Z$7/1000 -> 1778.2487 | O45: =('[1]6월누계'!$E$8-'[1]6월누계'!$AA$8)/1000 -> 170325.77 | P45: =('[2]6월누계'!$F$8-'[2]6월누계'!$AO$8)/1000 -> 149478.8 | R45: =('[3]6월누계'!$F$8-'[3]6월누계'!$AO$8)/1000 -> 191211.83 | T45: =('[1]6월누계'!$E$26-'[1]6월누계'!$AA$26)/1000 -> 4250.3102 | U45: =('[2]6월누계'!$F$26-'[2]6월누계'!$AO$26)/1000 -> -4141.6493 | W45: =('[3]6월누계'!$F$26-'[3]6월누계'!$AO$26)/1000 -> 11931.213
J46: =+J45-J27 -> 0 | K46: =+K45-K27 -> 0 | M46: =+M45-M27 -> 0 | O46: =+O45-O42 -> 0 | P46: =+P45-P42 -> 0 | R46: =+R45-R42 -> 0 | T46: =+T45-T42 -> 3.4560799e-11 | U46: =+U45-U42 -> 0 | W46: =+W45-W42 -> 0
T48: =+T27+T34 -> 3067.1176 | U48: =+U27+U34 -> -2418.888
T49: =+T48/O27 -> 0.019283704 | U49: =+U48/P27 -> -0.017195518 | V49: =+U49-T49 -> -0.036479223

Sheet 영업이익
D4: □ 레미콘 영업이익 차이분석(2025-06)
W5: [단위 : 백만원, 천㎥]
A6: 2024년 12월 마감 손익 | D6: 구분 | E6: 영업이익(공통비 미배부) | H6: 물량 차이 | L6: 판매단가 차이 | P6: 제조원가 차이 | T6: 판관비 등 차이
E7: 계획 | F7: 실적 | G7: 차이 | H7: 계획 | I7: 실적 | J7: 차이 | K7: 손익 | L7: 계획 | M7: 실적 | N7: 차이 | O7: 손익 | P7: 계획 | Q7: 실적 | R7: 차이 | S7: 손익 | T7: 계획 | U7: 실적 | V7: 차이 | W7: 손익
D8: 합계 | E8: =+[4]합계!$H$86/1000 -> 2659.948 | F8: =+[4]합계!$I$86/1000 -> 1326.1339 | G8: =+F8-E8 -> -1333.814 | H8: =+[4]합계!$T$5/1000 -> 290 | I8: =+[4]합계!$U$5/1000 -> 253.43 | J8: =+I8-H8 -> -36.57 | K8: =+[4]합계!$M$86/1000 -> -471.2814 | L8: =+[4]합계!$Q$85 -> 100573.57 | M8: =+[4]합계!$R$85 -> 97599.047 | N8: =+M8-L8 -> -2974.5188 | O8: =+[4]합계!$K$86/1000 -> -751.07492 | P8: =+[4]합계!$Q$50 -> 87920.42 | Q8: =+[4]합계!$R$50 -> 88338.113 | R8: =+Q8-P8 -> 417.69224 | S8: =+[4]합계!$L$56/1000 -> -17.89031 | T8: =+([4]합계!$H$80+[4]합계!$H$85)/1000 -> 1009.4642 | U8: =+([4]합계!$I$80+[4]합계!$I$85)/1000 -> 1103.0316 | V8: =+U8-T8 -> 93.567408 | W8: =+([4]합계!$L$80+[4]합계!$L$85)/1000 -> -93.567408 | Y8: =+G8-K8-O8-S8-W8 -> 0 | Z8: =+Y8*1000000 -> 0
D9: 수도권 | E9: =+[4]수도권!$H$86/1000 -> 651.0502 | F9: =+[4]수도권!$I$86/1000 -> 378.99198 | G9: =+F9-E9 -> -272.05822 | H9: =+[4]수도권!$T$5/1000 -> 106 | I9: =+[4]수도권!$U$5/1000 -> 95.1235 | J9: =+I9-H9 -> -10.8765 | K9: =+[4]수도권!$M$86/1000 -> -104.81853 | L9: =+[4]수도권!$Q$85 -> 97357.075 | M9: =+[4]수도권!$R$85 -> 95549.029 | N9: =+M9-L9 -> -1808.0453 | O9: =+[4]수도권!$K$86/1000 -> -170.36578 | P9: =+[4]수도권!$Q$50 -> 88189.645 | Q9: =+[4]수도권!$R$50 -> 88034.461 | R9: =+Q9-P9 -> -155.18368 | S9: =+[4]수도권!$L$56/1000 -> 14.677524 | T9: =+([4]수도권!$H$80+[4]수도권!$H$85)/1000 -> 320.69735 | U9: =+([4]수도권!$I$80+[4]수도권!$I$85)/1000 -> 332.24878 | V9: =+U9-T9 -> 11.551431 | W9: =+([4]수도권!$L$80+[4]수도권!$L$85)/1000 -> -11.551431 | Y9: =+G9-K9-O9-S9-W9 -> 7.8514972e-13 | Z9: =+Y9*1000000 -> 7.8514972e-07
D10: 영남권 | E10: =+[4]영남권!$H$86/1000 -> 1061.2795 | F10: =+[4]영남권!$I$86/1000 -> 514.43019 | G10: =+F10-E10 -> -546.84931 | H10: =+[4]영남권!$T$5/1000 -> 126.5 | I10: =+[4]영남권!$U$5/1000 -> 109.2535 | J10: =+I10-H10 -> -17.2465 | K10: =+[4]영남권!$M$86/1000 -> -211.65442 | L10: =+[4]영남권!$Q$85 -> 100502.78 | M10: =+[4]영남권!$R$85 -> 97932.156 | N10: =+M10-L10 -> -2570.6226 | O10: =+[4]영남권!$K$86/1000 -> -280.84951 | P10: =+[4]영남권!$Q$50 -> 88230.467 | Q10: =+[4]영남권!$R$50 -> 88776.517 | R10: =+Q10-P10 -> 546.05049 | S10: =+[4]영남권!$L$56/1000 -> 28.208129 | T10: =+([4]영남권!$H$80+[4]영남권!$H$85)/1000 -> 491.16792 | U10: =+([4]영남권!$I$80+[4]영남권!$I$85)/1000 -> 573.72143 | V10: =+U10-T10 -> 82.553508 | W10: =+([4]영남권!$L$80+[4]영남권!$L$85)/1000 -> -82.553508 | Y10: =+G10-K10-O10-S10-W10 -> 4.0643044e-12 | Z10: =+Y10*1000000 -> 4.0643044e-06
D11: 기타권 | E11: =+[4]중부권!$H$86/1000 -> 947.61825 | F11: =+[4]중부권!$I$86/1000 -> 432.71176 | G11: =+F11-E11 -> -514.9065 | H11: =+[4]중부권!$T$5/1000 -> 57.5 | I11: =+[4]중부권!$U$5/1000 -> 49.053 | J11: =+I11-H11 -> -8.447 | K11: =+[4]중부권!$M$86/1000 -> -168.77549 | L11: =+[4]중부권!$Q$85 -> 106658.83 | M11: =+[4]중부권!$R$85 -> 100796.99 | N11: =+M11-L11 -> -5861.8411 | O11: =+[4]중부권!$K$86/1000 -> -287.36504 | P11: =+[4]중부권!$Q$50 -> 86742.009 | Q11: =+[4]중부권!$R$50 -> 87942.439 | R11: =+Q11-P11 -> 1200.4305 | S11: =+[4]중부권!$L$56/1000 -> -59.303497 | T11: =+([4]중부권!$H$80+[4]중부권!$H$85)/1000 -> 197.59897 | U11: =+([4]중부권!$I$80+[4]중부권!$I$85)/1000 -> 197.06144 | V11: =+U11-T11 -> -0.5375302 | W11: =+([4]중부권!$L$80+[4]중부권!$L$85)/1000 -> 0.5375302 | Y11: =+G11-K11-O11-S11-W11 -> 1.1276535e-12 | Z11: =+Y11*1000000 -> 1.1276535e-06
D12: 안양 | E12: =+[4]안양!$H$86/1000 -> 348.62122 | F12: =+[4]안양!$I$86/1000 -> 223.43829 | G12: =+F12-E12 -> -125.18293 | H12: =+[4]안양!$T$5/1000 -> 42 | I12: =+[4]안양!$U$5/1000 -> 34.536 | J12: =+I12-H12 -> -7.464 | K12: =+[4]안양!$M$86/1000 -> -83.176888 | L12: =+[4]안양!$Q$85 -> 98409.811 | M12: =+[4]안양!$R$85 -> 96027.028 | N12: =+M12-L12 -> -2382.7832 | O12: =+[4]안양!$K$86/1000 -> -81.29103 | P12: =+[4]안양!$Q$50 -> 87763.453 | Q12: =+[4]안양!$R$50 -> 86669.555 | R12: =+Q12-P12 -> -1093.8982 | S12: =+[4]안양!$L$56/1000 -> 37.319405 | T12: =+([4]안양!$H$80+[4]안양!$H$85)/1000 -> 98.525823 | U12: =+([4]안양!$I$80+[4]안양!$I$85)/1000 -> 96.560239 | V12: =+U12-T12 -> -1.965584 | W12: =+([4]안양!$L$80+[4]안양!$L$85)/1000 -> 1.965584 | Y12: =+G12-K12-O12-S12-W12 -> 3.9301895e-14 | Z12: =+Y12*1000000 -> 3.9301895e-08
D13: 인천 | E13: =+[4]인천!$H$86/1000 -> 34.119049 | F13: =+[4]인천!$I$86/1000 -> 58.69906 | G13: =+F13-E13 -> 24.580011 | H13: =+[4]인천!$T$5/1000 -> 25 | I13: =+[4]인천!$U$5/1000 -> 31.384 | J13: =+I13-H13 -> 6.384 | K13: =+[4]인천!$M$86/1000 -> 33.771061 | L13: =+[4]인천!$Q$85 -> 98123.644 | M13: =+[4]인천!$R$85 -> 96556.939 | N13: =+M13-L13 -> -1566.7049 | O13: =+[4]인천!$K$86/1000 -> -49.169466 | P13: =+[4]인천!$Q$50 -> 92833.691 | Q13: =+[4]인천!$R$50 -> 91330.772 | R13: =+Q13-P13 -> -1502.9188 | S13: =+[4]인천!$L$56/1000 -> 47.202923 | T13: =+([4]인천!$H$80+[4]인천!$H$85)/1000 -> 98.129778 | U13: =+([4]인천!$I$80+[4]인천!$I$85)/1000 -> 105.35428 | V13: =+U13-T13 -> 7.2245064 | W13: =+([4]인천!$L$80+[4]인천!$L$85)/1000 -> -7.2245064 | Y13: =+G13-K13-O13-S13-W13 -> 5.6665783e-13 | Z13: =+Y13*1000000 -> 5.6665783e-07
D14: 파주 | E14: =+[4]파주!$H$86/1000 -> 151.09665 | F14: =+[4]파주!$I$86/1000 -> 52.434515 | G14: =+F14-E14 -> -98.662136 | H14: =+[4]파주!$T$5/1000 -> 23 | I14: =+[4]파주!$U$5/1000 -> 16.752 | J14: =+I14-H14 -> -6.248 | K14: =+[4]파주!$M$86/1000 -> -61.555927 | L14: =+[4]파주!$Q$85 -> 96481.19 | M14: =+[4]파주!$R$85 -> 92654.579 | N14: =+M14-L14 -> -3826.6112 | O14: =+[4]파주!$K$86/1000 -> -62.966888 | P14: =+[4]파주!$Q$50 -> 86879.949 | Q14: =+[4]파주!$R$50 -> 85381.493 | R14: =+Q14-P14 -> -1498.4558 | S14: =+[4]파주!$L$56/1000 -> 24.657103 | T14: =+([4]파주!$H$80+[4]파주!$H$85)/1000 -> 69.731906 | U14: =+([4]파주!$I$80+[4]파주!$I$85)/1000 -> 68.528332 | V14: =+U14-T14 -> -1.2035743 | W14: =+([4]파주!$L$80+[4]파주!$L$85)/1000 -> 1.2035743 | Y14: =+G14-K14-O14-S14-W14 -> 2.3336888e-13 | Z14: =+Y14*1000000 -> 2.3336888e-07
D15: 김포 | E15: =+[4]김포!$H$86/1000 -> 117.21328 | F15: =+[4]김포!$I$86/1000 -> 44.420114 | G15: =+F15-E15 -> -72.793166 | H15: =+[4]김포!$T$5/1000 -> 16 | I15: =+[4]김포!$U$5/1000 -> 12.4515 | J15: =+I15-H15 -> -3.5485 | K15: =+[4]김포!$M$86/1000 -> -38.899247 | L15: =+[4]김포!$Q$85 -> 94654.961 | M15: =+[4]김포!$R$85 -> 95523.649 | N15: =+M15-L15 -> 868.6881 | O15: =+[4]김포!$K$86/1000 -> 10.660106 | P15: =+[4]김포!$Q$50 -> 83934.766 | Q15: =+[4]김포!$R$50 -> 86954.606 | R15: =+Q15-P15 -> 3019.84 | S15: =+[4]김포!$L$56/1000 -> -37.057943 | T15: =+([4]김포!$H$80+[4]김포!$H$85)/1000 -> 54.309839 | U15: =+([4]김포!$I$80+[4]김포!$I$85)/1000 -> 61.805922 | V15: =+U15-T15 -> 7.4960826 | W15: =+([4]김포!$L$80+[4]김포!$L$85)/1000 -> -7.4960826 | Y15: =+G15-K15-O15-S15-W15 -> 1.2168044e-13 | Z15: =+Y15*1000000 -> 1.2168044e-07
D16: 부산 | E16: =+[4]부산!$H$86/1000 -> 135.90221 | F16: =+[4]부산!$I$86/1000 -> 265.89067 | G16: =+F16-E16 -> 129.98846 | H16: =+[4]부산!$T$5/1000 -> 20 | I16: =+[4]부산!$U$5/1000 -> 22.418 | J16: =+I16-H16 -> 2.418 | K16: =+[4]부산!$M$86/1000 -> 27.881689 | L16: =+[4]부산!$Q$85 -> 107699.99 | M16: =+[4]부산!$R$85 -> 110502.57 | N16: =+M16-L16 -> 2802.5821 | O16: =+[4]부산!$K$86/1000 -> 62.828285 | P16: =+[4]부산!$Q$50 -> 96169.099 | Q16: =+[4]부산!$R$50 -> 94106.59 | R16: =+Q16-P16 -> -2062.5088 | S16: =+[4]부산!$L$56/1000 -> 114.41075 | T16: =+([4]부산!$H$80+[4]부산!$H$85)/1000 -> 94.715565 | U16: =+([4]부산!$I$80+[4]부산!$I$85)/1000 -> 169.84783 | V16: =+U16-T16 -> 75.132263 | W16: =+([4]부산!$L$80+[4]부산!$L$85)/1000 -> -75.132263 | Y16: =+G16-K16-O16-S16-W16 -> 0 | Z16: =+Y16*1000000 -> 0
D17: 서부산 | E17: =+[4]서부산!$H$86/1000 -> 191.23259 | F17: =+[4]서부산!$I$86/1000 -> 41.622446 | G17: =+F17-E17 -> -149.61014 | H17: =+[4]서부산!$T$5/1000 -> 20 | I17: =+[4]서부산!$U$5/1000 -> 13.691 | J17: =+I17-H17 -> -6.309 | K17: =+[4]서부산!$M$86/1000 -> -77.738733 | L17: =+[4]서부산!$Q$85 -> 99299.852 | M17: =+[4]서부산!$R$85 -> 99164.436 | N17: =+M17-L17 -> -135.41561 | O17: =+[4]서부산!$K$86/1000 -> -1.8539751 | P17: =+[4]서부산!$Q$50 -> 86977.973 | Q17: =+[4]서부산!$R$50 -> 90598.523 | R17: =+Q17-P17 -> 3620.5492 | S17: =+[4]서부산!$L$56/1000 -> -39.367971 | T17: =+([4]서부산!$H$80+[4]서부산!$H$85)/1000 -> 55.204986 | U17: =+([4]서부산!$I$80+[4]서부산!$I$85)/1000 -> 85.85445 | V17: =+U17-T17 -> 30.649464 | W17: =+([4]서부산!$L$80+[4]서부산!$L$85)/1000 -> -30.649464 | Y17: =+G17-K17-O17-S17-W17 -> -3.907985e-14 | Z17: =+Y17*1000000 -> -3.907985e-08
D18: 김해 | E18: =+[4]김해!$H$86/1000 -> 136.56194 | F18: =+[4]김해!$I$86/1000 -> 3.598305 | G18: =+F18-E18 -> -132.96364 | H18: =+[4]김해!$T$5/1000 -> 15 | I18: =+[4]김해!$U$5/1000 -> 12.166 | J18: =+I18-H18 -> -2.834 | K18: =+[4]김해!$M$86/1000 -> -35.680399 | L18: =+[4]김해!$Q$85 -> 96299.853 | M18: =+[4]김해!$R$85 -> 86036.06 | N18: =+M18-L18 -> -10263.794 | O18: =+[4]김해!$K$86/1000 -> -124.86932 | P18: =+[4]김해!$Q$50 -> 83709.734 | Q18: =+[4]김해!$R$50 -> 81679.37 | R18: =+Q18-P18 -> -2030.3634 | S18: =+[4]김해!$L$56/1000 -> 27.536789 | T18: =+([4]김해!$H$80+[4]김해!$H$85)/1000 -> 52.289855 | U18: =+([4]김해!$I$80+[4]김해!$I$85)/1000 -> 52.240566 | V18: =+U18-T18 -> -0.049289714 | W18: =+([4]김해!$L$80+[4]김해!$L$85)/1000 -> 0.049289714 | Y18: =+G18-K18-O18-S18-W18 -> 1.0291767e-13 | Z18: =+Y18*1000000 -> 1.0291767e-07
D19: 정관 | E19: =+[4]정관!$H$86/1000 -> 142.30579 | F19: =+[4]정관!$I$86/1000 -> 254.99888 | G19: =+F19-E19 -> 112.69309 | H19: =+[4]정관!$T$5/1000 -> 19 | I19: =+[4]정관!$U$5/1000 -> 25.1725 | J19: =+I19-H19 -> 6.1725 | K19: =+[4]정관!$M$86/1000 -> 70.230243 | L19: =+[4]정관!$Q$85 -> 101999.55 | M19: =+[4]정관!$R$85 -> 99892.779 | N19: =+M19-L19 -> -2106.7671 | O19: =+[4]정관!$K$86/1000 -> -53.032595 | P19: =+[4]정관!$Q$50 -> 90621.621 | Q19: =+[4]정관!$R$50 -> 87157.787 | R19: =+Q19-P19 -> -3463.8344 | S19: =+[4]정관!$L$56/1000 -> 91.827581 | T19: =+([4]정관!$H$80+[4]정관!$H$85)/1000 -> 73.874793 | U19: =+([4]정관!$I$80+[4]정관!$I$85)/1000 -> 70.206932 | V19: =+U19-T19 -> -3.6678617 | W19: =+([4]정관!$L$80+[4]정관!$L$85)/1000 -> 3.6678617 | Y19: =+G19-K19-O19-S19-W19 -> 3.3928416e-13 | Z19: =+Y19*1000000 -> 3.3928416e-07
D20: 양산 | E20: =+[4]양산!$H$86/1000 -> 102.04454 | F20: =+[4]양산!$I$86/1000 -> 22.080589 | G20: =+F20-E20 -> -79.963948 | H20: =+[4]양산!$T$5/1000 -> 12 | I20: =+[4]양산!$U$5/1000 -> 9.065 | J20: =+I20-H20 -> -2.935 | K20: =+[4]양산!$M$86/1000 -> -34.757175 | L20: =+[4]양산!$Q$85 -> 94455 | M20: =+[4]양산!$R$85 -> 91014.584 | N20: =+M20-L20 -> -3440.4164 | O20: =+[4]양산!$K$86/1000 -> -31.187375 | P20: =+[4]양산!$Q$50 -> 82612.692 | Q20: =+[4]양산!$R$50 -> 84068.782 | R20: =+Q20-P20 -> 1456.0909 | S20: =+[4]양산!$L$56/1000 -> -12.743794 | T20: =+([4]양산!$H$80+[4]양산!$H$85)/1000 -> 40.063165 | U20: =+([4]양산!$I$80+[4]양산!$I$85)/1000 -> 41.338768 | V20: =+U20-T20 -> 1.2756037 | W20: =+([4]양산!$L$80+[4]양산!$L$85)/1000 -> -1.2756037 | Y20: =+G20-K20-O20-S20-W20 -> 4.6629367e-14 | Z20: =+Y20*1000000 -> 4.6629367e-08
D21: 창원 | E21: =+[4]창원!$H$86/1000 -> 110.79062 | F21: =+[4]창원!$I$86/1000 -> -32.809767 | G21: =+F21-E21 -> -143.60039 | H21: =+[4]창원!$T$5/1000 -> 14 | I21: =+[4]창원!$U$5/1000 -> 8.634 | J21: =+I21-H21 -> -5.366 | K21: =+[4]창원!$M$86/1000 -> -68.947928 | L21: =+[4]창원!$Q$85 -> 101100.1 | M21: =+[4]창원!$R$85 -> 93833.044 | N21: =+M21-L21 -> -7267.0586 | O21: =+[4]창원!$K$86/1000 -> -62.743784 | P21: =+[4]창원!$Q$50 -> 88251.066 | Q21: =+[4]창원!$R$50 -> 90719.149 | R21: =+Q21-P21 -> 2468.0829 | S21: =+[4]창원!$L$56/1000 -> -21.309434 | T21: =+([4]창원!$H$80+[4]창원!$H$85)/1000 -> 69.095885 | U21: =+([4]창원!$I$80+[4]창원!$I$85)/1000 -> 59.695128 | V21: =+U21-T21 -> -9.4007569 | W21: =+([4]창원!$L$80+[4]창원!$L$85)/1000 -> 9.4007569 | Y21: =+G21-K21-O21-S21-W21 -> 4.7961635e-14 | Z21: =+Y21*1000000 -> 4.7961635e-08
D22: 대구 | E22: =+[4]대구!$H$86/1000 -> 126.71723 | F22: =+[4]대구!$I$86/1000 -> -2.303044 | G22: =+F22-E22 -> -129.02027 | H22: =+[4]대구!$T$5/1000 -> 13 | I22: =+[4]대구!$U$5/1000 -> 9.731 | J22: =+I22-H22 -> -3.269 | K22: =+[4]대구!$M$86/1000 -> -45.453793 | L22: =+[4]대구!$Q$85 -> 97481.774 | M22: =+[4]대구!$R$85 -> 86322.834 | N22: =+M22-L22 -> -11158.94 | O22: =+[4]대구!$K$86/1000 -> -108.58764 | P22: =+[4]대구!$Q$50 -> 83577.279 | Q22: =+[4]대구!$R$50 -> 81961.243 | R22: =+Q22-P22 -> -1616.0357 | S22: =+[4]대구!$L$56/1000 -> 15.725636 | T22: =+([4]대구!$H$80+[4]대구!$H$85)/1000 -> 54.041206 | U22: =+([4]대구!$I$80+[4]대구!$I$85)/1000 -> 44.745677 | V22: =+U22-T22 -> -9.2955291 | W22: =+([4]대구!$L$80+[4]대구!$L$85)/1000 -> 9.2955291 | Y22: =+G22-K22-O22-S22-W22 -> 5.5067062e-14 | Z22: =+Y22*1000000 -> 5.5067062e-08
D23: 울산 | E23: =+[4]울산!$H$86/1000 -> 115.7246 | F23: =+[4]울산!$I$86/1000 -> -38.647879 | G23: =+F23-E23 -> -154.37248 | H23: =+[4]울산!$T$5/1000 -> 13.5 | I23: =+[4]울산!$U$5/1000 -> 8.376 | J23: =+I23-H23 -> -5.124 | K23: =+[4]울산!$M$86/1000 -> -63.616192 | L23: =+[4]울산!$Q$85 -> 101851.19 | M23: =+[4]울산!$R$85 -> 98859.718 | N23: =+M23-L23 -> -2991.4669 | O23: =+[4]울산!$K$86/1000 -> -25.056527 | P23: =+[4]울산!$Q$50 -> 89435.847 | Q23: =+[4]울산!$R$50 -> 97549.009 | R23: =+Q23-P23 -> 8113.1618 | S23: =+[4]울산!$L$56/1000 -> -67.790143 | T23: =+([4]울산!$H$80+[4]울산!$H$85)/1000 -> 51.882466 | U23: =+([4]울산!$I$80+[4]울산!$I$85)/1000 -> 49.792081 | V23: =+U23-T23 -> -2.0903852 | W23: =+([4]울산!$L$80+[4]울산!$L$85)/1000 -> 2.0903852 | Y23: =+G23-K23-O23-S23-W23 -> 1.6608936e-13 | Z23: =+Y23*1000000 -> 1.6608936e-07
D24: 아산 | E24: =+[4]아산!$H$86/1000 -> 346.68497 | F24: =+[4]아산!$I$86/1000 -> 102.05387 | G24: =+F24-E24 -> -244.6311 | H24: =+[4]아산!$T$5/1000 -> 24 | I24: =+[4]아산!$U$5/1000 -> 22.926 | J24: =+I24-H24 -> -1.074 | K24: =+[4]아산!$M$86/1000 -> -18.756111 | L24: =+[4]아산!$Q$85 -> 103000 | M24: =+[4]아산!$R$85 -> 94181.186 | N24: =+M24-L24 -> -8818.8139 | O24: =+[4]아산!$K$86/1000 -> -202.18013 | P24: =+[4]아산!$Q$50 -> 85536.209 | Q24: =+[4]아산!$R$50 -> 86292.4 | R24: =+Q24-P24 -> 756.19076 | S24: =+[4]아산!$L$56/1000 -> -17.547763 | T24: =+([4]아산!$H$80+[4]아산!$H$85)/1000 -> 72.44601 | U24: =+([4]아산!$I$80+[4]아산!$I$85)/1000 -> 78.593108 | V24: =+U24-T24 -> 6.1470976 | W24: =+([4]아산!$L$80+[4]아산!$L$85)/1000 -> -6.1470976 | Y24: =+G24-K24-O24-S24-W24 -> -3.5527137e-14 | Z24: =+Y24*1000000 -> -3.5527137e-08
D25: 전주 | E25: =+[4]전주!$H$86/1000 -> 123.74469 | F25: =+[4]전주!$I$86/1000 -> 88.636493 | G25: =+F25-E25 -> -35.108196 | H25: =+[4]전주!$T$5/1000 -> 12 | I25: =+[4]전주!$U$5/1000 -> 11.656 | J25: =+I25-H25 -> -0.344 | K25: =+[4]전주!$M$86/1000 -> -5.3345976 | L25: =+[4]전주!$Q$85 -> 96915.561 | M25: =+[4]전주!$R$85 -> 95711.808 | N25: =+M25-L25 -> -1203.7529 | O25: =+[4]전주!$K$86/1000 -> -14.002054 | P25: =+[4]전주!$Q$50 -> 82282.415 | Q25: =+[4]전주!$R$50 -> 83844.382 | R25: =+Q25-P25 -> 1561.9664 | S25: =+[4]전주!$L$56/1000 -> -18.30231 | T25: =+([4]전주!$H$80+[4]전주!$H$85)/1000 -> 51.853058 | U25: =+([4]전주!$I$80+[4]전주!$I$85)/1000 -> 49.322293 | V25: =+U25-T25 -> -2.5307648 | W25: =+([4]전주!$L$80+[4]전주!$L$85)/1000 -> 2.5307648 | Y25: =+G25-K25-O25-S25-W25 -> -1.0214052e-13 | Z25: =+Y25*1000000 -> -1.0214052e-07
D26: 군산 | E26: =+[4]군산!$H$86/1000 -> 157.64927 | F26: =+[4]군산!$I$86/1000 -> 117.55183 | G26: =+F26-E26 -> -40.097437 | H26: =+[4]군산!$T$5/1000 -> 6.5 | I26: =+[4]군산!$U$5/1000 -> 5.354 | J26: =+I26-H26 -> -1.146 | K26: =+[4]군산!$M$86/1000 -> -32.537901 | L26: =+[4]군산!$Q$85 -> 110605.54 | M26: =+[4]군산!$R$85 -> 110841.2 | N26: =+M26-L26 -> 235.66607 | O26: =+[4]군산!$K$86/1000 -> 1.2617561 | P26: =+[4]군산!$Q$50 -> 82212.953 | Q26: =+[4]군산!$R$50 -> 84140.492 | R26: =+Q26-P26 -> 1927.5397 | S26: =+[4]군산!$L$56/1000 -> -10.320047 | T26: =+([4]군산!$H$80+[4]군산!$H$85)/1000 -> 26.90253 | U26: =+([4]군산!$I$80+[4]군산!$I$85)/1000 -> 25.403774 | V26: =+U26-T26 -> -1.4987553 | W26: =+([4]군산!$L$80+[4]군산!$L$85)/1000 -> 1.4987553 | Y26: =+G26-K26-O26-S26-W26 -> 3.1086245e-14 | Z26: =+Y26*1000000 -> 3.1086245e-08
D27: 원주 | E27: =+[4]원주!$H$86/1000 -> 137.76133 | F27: =+[4]원주!$I$86/1000 -> 61.353452 | G27: =+F27-E27 -> -76.407875 | H27: =+[4]원주!$T$5/1000 -> 6 | I27: =+[4]원주!$U$5/1000 -> 4.028 | J27: =+I27-H27 -> -1.972 | K27: =+[4]원주!$M$86/1000 -> -51.35593 | L27: =+[4]원주!$Q$85 -> 112000 | M27: =+[4]원주!$R$85 -> 107831.65 | N27: =+M27-L27 -> -4168.3491 | O27: =+[4]원주!$K$86/1000 -> -16.7651 | P27: =+[4]원주!$Q$50 -> 86031.886 | Q27: =+[4]원주!$R$50 -> 88598.477 | R27: =+Q27-P27 -> 2566.5915 | S27: =+[4]원주!$L$56/1000 -> -10.322827 | T27: =+([4]원주!$H$80+[4]원주!$H$85)/1000 -> 18.047358 | U27: =+([4]원주!$I$80+[4]원주!$I$85)/1000 -> 16.011376 | V27: =+U27-T27 -> -2.0359822 | W27: =+([4]원주!$L$80+[4]원주!$L$85)/1000 -> 2.0359822 | Y27: =+G27-K27-O27-S27-W27 -> 3.5083048e-14 | Z27: =+Y27*1000000 -> 3.5083048e-08
D28: 제주 | E28: =+[4]제주!$H$86/1000 -> 181.77801 | F28: =+[4]제주!$I$86/1000 -> 63.116116 | G28: =+F28-E28 -> -118.66189 | H28: =+[4]제주!$T$5/1000 -> 9 | I28: =+[4]제주!$U$5/1000 -> 5.089 | J28: =+I28-H28 -> -3.911 | K28: =+[4]제주!$M$86/1000 -> -91.312298 | L28: =+[4]제주!$Q$85 -> 122995.56 | M28: =+[4]제주!$R$85 -> 126097.56 | N28: =+M28-L28 -> 3101.9998 | O28: =+[4]제주!$K$86/1000 -> 15.786077 | P28: =+[4]제주!$Q$50 -> 99647.998 | Q28: =+[4]제주!$R$50 -> 108245.92 | R28: =+Q28-P28 -> 8597.9178 | S28: =+[4]제주!$L$56/1000 -> -43.754794 | T28: =+([4]제주!$H$80+[4]제주!$H$85)/1000 -> 28.350013 | U28: =+([4]제주!$I$80+[4]제주!$I$85)/1000 -> 27.730888 | V28: =+U28-T28 -> -0.61912541 | W28: =+([4]제주!$L$80+[4]제주!$L$85)/1000 -> 0.61912541 | Y28: =+G28-K28-O28-S28-W28 -> 8.8928864e-14 | Z28: =+Y28*1000000 -> 8.8928864e-08
Y35: · 집합대손 2.2억 // 개별대손 3억(삼정이앤시) → 안양 2.9억, 양산 0.1억

Sheet 공헌이익
D4: □ 레미콘 단위당 공헌이익(2025-06)
V5: [단위 : 원/㎥]
A6: 2024년 12월 마감 손익 | D6: 구분 | E6: 판매단가 | H6: 재료비 | K6: 운반비 | N6: 유류비 | Q6: 변동비 계 | T6: 공헌이익
E7: 계획 | F7: 실적 | G7: 차이 | H7: 계획 | I7: 실적 | J7: 차이 | K7: 계획 | L7: 실적 | M7: 차이 | N7: 계획 | O7: 실적 | P7: 차이 | Q7: 계획 | R7: 실적 | S7: 차이 | T7: 계획 | U7: 실적 | V7: 차이
D8: 평균 | E8: =+[4]합계!$Q$85 -> 100573.57 | F8: =+[4]합계!$R$85 -> 97599.047 | G8: =+F8-E8 -> -2974.5188 | H8: =+[4]합계!$Q$20 -> 60188.165 | I8: =+[4]합계!$R$20 -> 59871.032 | J8: =+I8-H8 -> -317.13312 | K8: =+[4]합계!$Q$21 -> 18681.18 | L8: =+[4]합계!$R$21 -> 18625.267 | M8: =+L8-K8 -> -55.912902 | N8: =+[4]합계!$Q$22 -> 211.10345 | O8: =+[4]합계!$R$22 -> 192.85827 | P8: =+O8-N8 -> -18.245178 | Q8: =H8+K8+N8 -> 79080.448 | R8: =I8+L8+O8 -> 78689.157 | S8: =+R8-Q8 -> -391.2912 | T8: =+E8-Q8 -> 21493.117 | U8: =+F8-R8 -> 18909.89 | V8: =+U8-T8 -> -2583.2276
D9: 수도권 | E9: =+[4]수도권!$Q$85 -> 97357.075 | F9: =+[4]수도권!$R$85 -> 95549.029 | G9: =+F9-E9 -> -1808.0453 | H9: =+[4]수도권!$Q$20 -> 61699.043 | I9: =+[4]수도권!$R$20 -> 60337.448 | J9: =+I9-H9 -> -1361.5954 | K9: =+[4]수도권!$Q$21 -> 18514.935 | L9: =+[4]수도권!$R$21 -> 18704.797 | M9: =+L9-K9 -> 189.86236 | N9: =+[4]수도권!$Q$22 -> 253.86792 | O9: =+[4]수도권!$R$22 -> 205.18542 | P9: =+O9-N9 -> -48.682505 | Q9: =H9+K9+N9 -> 80467.846 | R9: =I9+L9+O9 -> 79247.43 | S9: =+R9-Q9 -> -1220.4156 | T9: =+E9-Q9 -> 16889.229 | U9: =+F9-R9 -> 16301.599 | V9: =+U9-T9 -> -587.62971
D10: 영남권 | E10: =+[4]영남권!$Q$85 -> 100502.78 | F10: =+[4]영남권!$R$85 -> 97932.156 | G10: =+F10-E10 -> -2570.6226 | H10: =+[4]영남권!$Q$20 -> 59150.693 | I10: =+[4]영남권!$R$20 -> 59295.778 | J10: =+I10-H10 -> 145.08465 | K10: =+[4]영남권!$Q$21 -> 19256.763 | L10: =+[4]영남권!$R$21 -> 18951.175 | M10: =+L10-K10 -> -305.58738 | N10: =+[4]영남권!$Q$22 -> 193.35968 | O10: =+[4]영남권!$R$22 -> 168.22864 | P10: =+O10-N10 -> -25.131044 | Q10: =H10+K10+N10 -> 78600.815 | R10: =I10+L10+O10 -> 78415.182 | S10: =+R10-Q10 -> -185.63377 | T10: =+E10-Q10 -> 21901.963 | U10: =+F10-R10 -> 19516.974 | V10: =+U10-T10 -> -2384.9888
D11: 기타권 | E11: =+[4]중부권!$Q$85 -> 106658.83 | F11: =+[4]중부권!$R$85 -> 100796.99 | G11: =+F11-E11 -> -5861.8411 | H11: =+[4]중부권!$Q$20 -> 59685.334 | I11: =+[4]중부권!$R$20 -> 60259.639 | J11: =+I11-H11 -> 574.30528 | K11: =+[4]중부권!$Q$21 -> 17721.366 | L11: =+[4]중부권!$R$21 -> 17744.75 | M11: =+L11-K11 -> 23.38419 | N11: =+[4]중부권!$Q$22 -> 171.30435 | O11: =+[4]중부권!$R$22 -> 224.1769 | P11: =+O11-N11 -> 52.872548 | Q11: =H11+K11+N11 -> 77578.004 | R11: =I11+L11+O11 -> 78228.566 | S11: =+R11-Q11 -> 650.56202 | T11: =+E11-Q11 -> 29080.826 | U11: =+F11-R11 -> 22568.423 | V11: =+U11-T11 -> -6512.4031
D12: 안양 | E12: =+[4]안양!$Q$85 -> 98409.811 | F12: =+[4]안양!$R$85 -> 96027.028 | G12: =+F12-E12 -> -2382.7832 | H12: =+[4]안양!$Q$20 -> 63825.706 | I12: =+[4]안양!$R$20 -> 60051.658 | J12: =+I12-H12 -> -3774.0473 | K12: =+[4]안양!$Q$21 -> 17443.494 | L12: =+[4]안양!$R$21 -> 17625.844 | M12: =+L12-K12 -> 182.3493 | N12: =+[4]안양!$Q$22 -> 195.2381 | O12: =+[4]안양!$R$22 -> 175.03169 | P12: =+O12-N12 -> -20.206409 | Q12: =H12+K12+N12 -> 81464.438 | R12: =I12+L12+O12 -> 77852.534 | S12: =+R12-Q12 -> -3611.9044 | T12: =+E12-Q12 -> 16945.373 | U12: =+F12-R12 -> 18174.494 | V12: =+U12-T12 -> 1229.1213
D13: 인천 | E13: =+[4]인천!$Q$85 -> 98123.644 | F13: =+[4]인천!$R$85 -> 96556.939 | G13: =+F13-E13 -> -1566.7049 | H13: =+[4]인천!$Q$20 -> 63512.901 | I13: =+[4]인천!$R$20 -> 63311.011 | J13: =+I13-H13 -> -201.89055 | K13: =+[4]인천!$Q$21 -> 18373.691 | L13: =+[4]인천!$R$21 -> 19649.527 | M13: =+L13-K13 -> 1275.836 | N13: =+[4]인천!$Q$22 -> 480 | O13: =+[4]인천!$R$22 -> 318.21586 | P13: =+O13-N13 -> -161.78414 | Q13: =H13+K13+N13 -> 82366.592 | R13: =I13+L13+O13 -> 83278.753 | S13: =+R13-Q13 -> 912.16126 | T13: =+E13-Q13 -> 15757.052 | U13: =+F13-R13 -> 13278.186 | V13: =+U13-T13 -> -2478.8662
D14: 파주 | E14: =+[4]파주!$Q$85 -> 96481.19 | F14: =+[4]파주!$R$85 -> 92654.579 | G14: =+F14-E14 -> -3826.6112 | H14: =+[4]파주!$Q$20 -> 59190.447 | I14: =+[4]파주!$R$20 -> 57416.654 | J14: =+I14-H14 -> -1773.7932 | K14: =+[4]파주!$Q$21 -> 20350.679 | L14: =+[4]파주!$R$21 -> 19338.473 | M14: =+L14-K14 -> -1012.2055 | N14: =+[4]파주!$Q$22 -> 246.52174 | O14: =+[4]파주!$R$22 -> 157.25682 | P14: =+O14-N14 -> -89.264917 | Q14: =H14+K14+N14 -> 79787.647 | R14: =I14+L14+O14 -> 76912.383 | S14: =+R14-Q14 -> -2875.2636 | T14: =+E14-Q14 -> 16693.543 | U14: =+F14-R14 -> 15742.196 | V14: =+U14-T14 -> -951.34764
D15: 김포 | E15: =+[4]김포!$Q$85 -> 94654.961 | F15: =+[4]김포!$R$85 -> 95523.649 | G15: =+F15-E15 -> 868.6881 | H15: =+[4]김포!$Q$20 -> 56888.509 | I15: =+[4]김포!$R$20 -> 57442.246 | J15: =+I15-H15 -> 553.73674 | K15: =+[4]김포!$Q$21 -> 18909.278 | L15: =+[4]김포!$R$21 -> 18438.113 | M15: =+L15-K15 -> -471.16558 | N15: =+[4]김포!$Q$22 -> 65 | O15: =+[4]김포!$R$22 -> 64.156542 | P15: =+O15-N15 -> -0.84345842 | Q15: =H15+K15+N15 -> 75862.787 | R15: =I15+L15+O15 -> 75944.515 | S15: =+R15-Q15 -> 81.727705 | T15: =+E15-Q15 -> 18792.174 | U15: =+F15-R15 -> 19579.135 | V15: =+U15-T15 -> 786.96039
D16: 부산 | E16: =+[4]부산!$Q$85 -> 107699.99 | F16: =+[4]부산!$R$85 -> 110502.57 | G16: =+F16-E16 -> 2802.5821 | H16: =+[4]부산!$Q$20 -> 63999.95 | I16: =+[4]부산!$R$20 -> 64242.227 | J16: =+I16-H16 -> 242.27715 | K16: =+[4]부산!$Q$21 -> 20706.993 | L16: =+[4]부산!$R$21 -> 21130.075 | M16: =+L16-K16 -> 423.08194 | N16: =+[4]부산!$Q$22 -> 100 | O16: =+[4]부산!$R$22 -> 0 | P16: =+O16-N16 -> -100 | Q16: =H16+K16+N16 -> 84806.942 | R16: =I16+L16+O16 -> 85372.301 | S16: =+R16-Q16 -> 565.35909 | T16: =+E16-Q16 -> 22893.045 | U16: =+F16-R16 -> 25130.268 | V16: =+U16-T16 -> 2237.223
D17: 서부산 | E17: =+[4]서부산!$Q$85 -> 99299.852 | F17: =+[4]서부산!$R$85 -> 99164.436 | G17: =+F17-E17 -> -135.41561 | H17: =+[4]서부산!$Q$20 -> 59554.089 | I17: =+[4]서부산!$R$20 -> 59645.954 | J17: =+I17-H17 -> 91.8653 | K17: =+[4]서부산!$Q$21 -> 17693.26 | L17: =+[4]서부산!$R$21 -> 17500.574 | M17: =+L17-K17 -> -192.68662 | N17: =+[4]서부산!$Q$22 -> 150 | O17: =+[4]서부산!$R$22 -> 102.31665 | P17: =+O17-N17 -> -47.683345 | Q17: =H17+K17+N17 -> 77397.349 | R17: =I17+L17+O17 -> 77248.845 | S17: =+R17-Q17 -> -148.50467 | T17: =+E17-Q17 -> 21902.503 | U17: =+F17-R17 -> 21915.592 | V17: =+U17-T17 -> 13.089059
D18: 김해 | E18: =+[4]김해!$Q$85 -> 96299.853 | F18: =+[4]김해!$R$85 -> 86036.06 | G18: =+F18-E18 -> -10263.794 | H18: =+[4]김해!$Q$20 -> 56040.074 | I18: =+[4]김해!$R$20 -> 55210.741 | J18: =+I18-H18 -> -829.3331 | K18: =+[4]김해!$Q$21 -> 20303.31 | L18: =+[4]김해!$R$21 -> 17472.273 | M18: =+L18-K18 -> -2831.0371 | N18: =+[4]김해!$Q$22 -> 333.33333 | O18: =+[4]김해!$R$22 -> 362.38904 | P18: =+O18-N18 -> 29.055702 | Q18: =H18+K18+N18 -> 76676.718 | R18: =I18+L18+O18 -> 73045.404 | S18: =+R18-Q18 -> -3631.3145 | T18: =+E18-Q18 -> 19623.135 | U18: =+F18-R18 -> 12990.656 | V18: =+U18-T18 -> -6632.4793
D19: 정관 | E19: =+[4]정관!$Q$85 -> 101999.55 | F19: =+[4]정관!$R$85 -> 99892.779 | G19: =+F19-E19 -> -2106.7671 | H19: =+[4]정관!$Q$20 -> 62495.344 | I19: =+[4]정관!$R$20 -> 63038.733 | J19: =+I19-H19 -> 543.38916 | K19: =+[4]정관!$Q$21 -> 19614.006 | L19: =+[4]정관!$R$21 -> 17454.863 | M19: =+L19-K19 -> -2159.1426 | N19: =+[4]정관!$Q$22 -> 210.52632 | O19: =+[4]정관!$R$22 -> 259.72168 | P19: =+O19-N19 -> 49.195365 | Q19: =H19+K19+N19 -> 82319.876 | R19: =I19+L19+O19 -> 80753.318 | S19: =+R19-Q19 -> -1566.5581 | T19: =+E19-Q19 -> 19679.67 | U19: =+F19-R19 -> 19139.461 | V19: =+U19-T19 -> -540.20904
D20: 양산 | E20: =+[4]양산!$Q$85 -> 94455 | F20: =+[4]양산!$R$85 -> 91014.584 | G20: =+F20-E20 -> -3440.4164 | H20: =+[4]양산!$Q$20 -> 54975.714 | I20: =+[4]양산!$R$20 -> 51737.319 | J20: =+I20-H20 -> -3238.3953 | K20: =+[4]양산!$Q$21 -> 18095.65 | L20: =+[4]양산!$R$21 -> 20612.269 | M20: =+L20-K20 -> 2516.6199 | N20: =+[4]양산!$Q$22 -> 66.666667 | O20: =+[4]양산!$R$22 -> 30.578599 | P20: =+O20-N20 -> -36.088068 | Q20: =H20+K20+N20 -> 73138.031 | R20: =I20+L20+O20 -> 72380.167 | S20: =+R20-Q20 -> -757.8635 | T20: =+E20-Q20 -> 21316.969 | U20: =+F20-R20 -> 18634.416 | V20: =+U20-T20 -> -2682.5529
D21: 창원 | E21: =+[4]창원!$Q$85 -> 101100.1 | F21: =+[4]창원!$R$85 -> 93833.044 | G21: =+F21-E21 -> -7267.0586 | H21: =+[4]창원!$Q$20 -> 57814.719 | I21: =+[4]창원!$R$20 -> 54217.871 | J21: =+I21-H21 -> -3596.8471 | K21: =+[4]창원!$Q$21 -> 18299.548 | L21: =+[4]창원!$R$21 -> 17965.338 | M21: =+L21-K21 -> -334.2103 | N21: =+[4]창원!$Q$22 -> 107.14286 | O21: =+[4]창원!$R$22 -> 92.422516 | P21: =+O21-N21 -> -14.720342 | Q21: =H21+K21+N21 -> 76221.409 | R21: =I21+L21+O21 -> 72275.631 | S21: =+R21-Q21 -> -3945.7778 | T21: =+E21-Q21 -> 24878.693 | U21: =+F21-R21 -> 21557.412 | V21: =+U21-T21 -> -3321.2808
D22: 대구 | E22: =+[4]대구!$Q$85 -> 97481.774 | F22: =+[4]대구!$R$85 -> 86322.834 | G22: =+F22-E22 -> -11158.94 | H22: =+[4]대구!$Q$20 -> 53494.537 | I22: =+[4]대구!$R$20 -> 53590.512 | J22: =+I22-H22 -> 95.975127 | K22: =+[4]대구!$Q$21 -> 18259.784 | L22: =+[4]대구!$R$21 -> 16692.737 | M22: =+L22-K22 -> -1567.0471 | N22: =+[4]대구!$Q$22 -> 369.23077 | O22: =+[4]대구!$R$22 -> 236.09814 | P22: =+O22-N22 -> -133.13263 | Q22: =H22+K22+N22 -> 72123.552 | R22: =I22+L22+O22 -> 70519.348 | S22: =+R22-Q22 -> -1604.2046 | T22: =+E22-Q22 -> 25358.222 | U22: =+F22-R22 -> 15803.487 | V22: =+U22-T22 -> -9554.735
D23: 울산 | E23: =+[4]울산!$Q$85 -> 101851.19 | F23: =+[4]울산!$R$85 -> 98859.718 | G23: =+F23-E23 -> -2991.4669 | H23: =+[4]울산!$Q$20 -> 60661.156 | I23: =+[4]울산!$R$20 -> 60081.932 | J23: =+I23-H23 -> -579.22454 | K23: =+[4]울산!$Q$21 -> 20743.779 | L23: =+[4]울산!$R$21 -> 23921.884 | M23: =+L23-K23 -> 3178.1049 | N23: =+[4]울산!$Q$22 -> 248.88889 | O23: =+[4]울산!$R$22 -> 321.91911 | P23: =+O23-N23 -> 73.03022 | Q23: =H23+K23+N23 -> 81653.824 | R23: =I23+L23+O23 -> 84325.735 | S23: =+R23-Q23 -> 2671.9106 | T23: =+E23-Q23 -> 20197.361 | U23: =+F23-R23 -> 14533.983 | V23: =+U23-T23 -> -5663.3776
D24: 아산 | E24: =+[4]아산!$Q$85 -> 103000 | F24: =+[4]아산!$R$85 -> 94181.186 | G24: =+F24-E24 -> -8818.8139 | H24: =+[4]아산!$Q$20 -> 57104.637 | I24: =+[4]아산!$R$20 -> 57919.55 | J24: =+I24-H24 -> 814.91238 | K24: =+[4]아산!$Q$21 -> 20221.001 | L24: =+[4]아산!$R$21 -> 20878.804 | M24: =+L24-K24 -> 657.80362 | N24: =+[4]아산!$Q$22 -> 104.16667 | O24: =+[4]아산!$R$22 -> 183.21702 | P24: =+O24-N24 -> 79.050353 | Q24: =H24+K24+N24 -> 77429.805 | R24: =I24+L24+O24 -> 78981.571 | S24: =+R24-Q24 -> 1551.7664 | T24: =+E24-Q24 -> 25570.195 | U24: =+F24-R24 -> 15199.615 | V24: =+U24-T24 -> -10370.58
D25: 전주 | E25: =+[4]전주!$Q$85 -> 96915.561 | F25: =+[4]전주!$R$85 -> 95711.808 | G25: =+F25-E25 -> -1203.7529 | H25: =+[4]전주!$Q$20 -> 56295.341 | I25: =+[4]전주!$R$20 -> 59749.388 | J25: =+I25-H25 -> 3454.0475 | K25: =+[4]전주!$Q$21 -> 16650.868 | L25: =+[4]전주!$R$21 -> 14821.81 | M25: =+L25-K25 -> -1829.0572 | N25: =+[4]전주!$Q$22 -> 250 | O25: =+[4]전주!$R$22 -> 268.65763 | P25: =+O25-N25 -> 18.657628 | Q25: =H25+K25+N25 -> 73196.209 | R25: =I25+L25+O25 -> 74839.857 | S25: =+R25-Q25 -> 1643.6479 | T25: =+E25-Q25 -> 23719.352 | U25: =+F25-R25 -> 20871.951 | V25: =+U25-T25 -> -2847.4008
D26: 군산 | E26: =+[4]군산!$Q$85 -> 110605.54 | F26: =+[4]군산!$R$85 -> 110841.2 | G26: =+F26-E26 -> 235.66607 | H26: =+[4]군산!$Q$20 -> 57983.417 | I26: =+[4]군산!$R$20 -> 58919.27 | J26: =+I26-H26 -> 935.85266 | K26: =+[4]군산!$Q$21 -> 13610.375 | L26: =+[4]군산!$R$21 -> 13466.762 | M26: =+L26-K26 -> -143.61299 | N26: =+[4]군산!$Q$22 -> 69.230769 | O26: =+[4]군산!$R$22 -> 69.949944 | P26: =+O26-N26 -> 0.71917474 | Q26: =H26+K26+N26 -> 71663.023 | R26: =I26+L26+O26 -> 72455.982 | S26: =+R26-Q26 -> 792.95884 | T26: =+E26-Q26 -> 38942.513 | U26: =+F26-R26 -> 38385.221 | V26: =+U26-T26 -> -557.29277
D27: 원주 | E27: =+[4]원주!$Q$85 -> 112000 | F27: =+[4]원주!$R$85 -> 107831.65 | G27: =+F27-E27 -> -4168.3491 | H27: =+[4]원주!$Q$20 -> 57608.533 | I27: =+[4]원주!$R$20 -> 54858.363 | J27: =+I27-H27 -> -2750.1706 | K27: =+[4]원주!$Q$21 -> 14788.132 | L27: =+[4]원주!$R$21 -> 14589.279 | M27: =+L27-K27 -> -198.85321 | N27: =+[4]원주!$Q$22 -> 233.33333 | O27: =+[4]원주!$R$22 -> 390.40278 | P27: =+O27-N27 -> 157.06945 | Q27: =H27+K27+N27 -> 72629.999 | R27: =I27+L27+O27 -> 69838.045 | S27: =+R27-Q27 -> -2791.9543 | T27: =+E27-Q27 -> 39370.001 | U27: =+F27-R27 -> 37993.606 | V27: =+U27-T27 -> -1376.3947
D28: 제주 | E28: =+[4]제주!$Q$85 -> 122995.56 | F28: =+[4]제주!$R$85 -> 126097.56 | G28: =+F28-E28 -> 3101.9998 | H28: =+[4]제주!$Q$20 -> 73700.875 | I28: =+[4]제주!$R$20 -> 77654.743 | J28: =+I28-H28 -> 3953.8681 | K28: =+[4]제주!$Q$21 -> 17407.543 | L28: =+[4]제주!$R$21 -> 17306.68 | M28: =+L28-K28 -> -100.86306 | N28: =+[4]제주!$Q$22 -> 277.77778 | O28: =+[4]제주!$R$22 -> 337.82 | P28: =+O28-N28 -> 60.042226 | Q28: =H28+K28+N28 -> 91386.196 | R28: =I28+L28+O28 -> 95299.243 | S28: =+R28-Q28 -> 3913.0472 | T28: =+E28-Q28 -> 31609.36 | U28: =+F28-R28 -> 30798.312 | V28: =+U28-T28 -> -811.04749

Sheet 재료비단가
D4: □ 레미콘 원재료단가(2025-06)
A6: 2024년 12월 마감 손익 | D6: 구분 | E6: OPC (원/톤) | H6: SC (원/톤) | K6: SP (원/톤) | N6: FA (원/톤) | Q6: 자갈 (원/톤) | T6: 모래 (원/톤)
E7: 계획 | F7: 실적 | G7: 차이 | H7: 계획 | I7: 실적 | J7: 차이 | K7: 계획 | L7: 실적 | M7: 차이 | N7: 계획 | O7: 실적 | P7: 차이 | Q7: 계획 | R7: 실적 | S7: 차이 | T7: 계획 | U7: 실적 | V7: 차이
D8: 평균 | E8: =+[4]합계!$G$9 -> 100629.53 | F8: =+[4]합계!$H$9 -> 100394.86 | G8: =+F8-E8 -> -234.66403 | H8: =+[4]합계!$G$10 -> 93759.393 | I8: =+[4]합계!$H$10 -> 94320.155 | J8: =+I8-H8 -> 560.76142 | K8: =+[4]합계!$G$12 -> 63626.163 | L8: =+[4]합계!$H$12 -> 61759.48 | M8: =+L8-K8 -> -1866.683 | N8: =+[4]합계!$G$13 -> 41068.77 | O8: =+[4]합계!$H$13 -> 40451.942 | P8: =+O8-N8 -> -616.82818 | Q8: =+[4]합계!$G$16 -> 13234.967 | R8: =+[4]합계!$H$16 -> 13006.939 | S8: =+R8-Q8 -> -228.02833 | T8: =+[4]합계!$G$17 -> 15815.856 | U8: =+[4]합계!$H$17 -> 15410.243 | V8: =+U8-T8 -> -405.6138
D9: 수도권 | E9: =+[4]수도권!$G$9 -> 100000 | F9: =+[4]수도권!$H$9 -> 99872.905 | G9: =+F9-E9 -> -127.09462 | H9: =+[4]수도권!$G$10 -> 98000 | I9: =+[4]수도권!$H$10 -> 100612.82 | J9: =+I9-H9 -> 2612.8169 | K9: =+[4]수도권!$G$12 -> 64154.389 | L9: =+[4]수도권!$H$12 -> 62135.364 | M9: =+L9-K9 -> -2019.0248 | N9: =+[4]수도권!$G$13 -> 47101.642 | O9: =+[4]수도권!$H$13 -> 45507.045 | P9: =+O9-N9 -> -1594.5974 | Q9: =+[4]수도권!$G$16 -> 15798.105 | R9: =+[4]수도권!$H$16 -> 15181.985 | S9: =+R9-Q9 -> -616.11993 | T9: =+[4]수도권!$G$17 -> 14166.886 | U9: =+[4]수도권!$H$17 -> 13647.159 | V9: =+U9-T9 -> -519.727
D10: 영남권 | E10: =+[4]영남권!$G$9 -> 100000 | F10: =+[4]영남권!$H$9 -> 100021.47 | G10: =+F10-E10 -> 21.472568 | H10: =+[4]영남권!$G$10 -> 92458.909 | I10: =+[4]영남권!$H$10 -> 92515.51 | J10: =+I10-H10 -> 56.601208 | K10: =+[4]영남권!$G$12 -> 62657.74 | L10: =+[4]영남권!$H$12 -> 61013.161 | M10: =+L10-K10 -> -1644.5792 | N10: =+[4]영남권!$G$13 -> 35504.535 | O10: =+[4]영남권!$H$13 -> 35538.449 | P10: =+O10-N10 -> 33.914135 | Q10: =+[4]영남권!$G$16 -> 10943.041 | R10: =+[4]영남권!$H$16 -> 11096.712 | S10: =+R10-Q10 -> 153.6707 | T10: =+[4]영남권!$G$17 -> 17650.913 | U10: =+[4]영남권!$H$17 -> 17403.3 | V10: =+U10-T10 -> -247.61291
D11: 기타권 | E11: =+[4]중부권!$G$9 -> 103068.48 | F11: =+[4]중부권!$H$9 -> 101912.41 | G11: =+F11-E11 -> -1156.0646 | H11: =+[4]중부권!$G$10 -> 97937.001 | I11: =+[4]중부권!$H$10 -> 98566.21 | J11: =+I11-H11 -> 629.20905 | K11: =+[4]중부권!$G$12 -> 64551.274 | L11: =+[4]중부권!$H$12 -> 62363.275 | M11: =+L11-K11 -> -2187.9991 | N11: =+[4]중부권!$G$13 -> 42216.376 | O11: =+[4]중부권!$H$13 -> 40688.737 | P11: =+O11-N11 -> -1527.6385 | Q11: =+[4]중부권!$G$16 -> 13198.59 | R11: =+[4]중부권!$H$16 -> 13035.089 | S11: =+R11-Q11 -> -163.50043 | T11: =+[4]중부권!$G$17 -> 14700.571 | U11: =+[4]중부권!$H$17 -> 14533.623 | V11: =+U11-T11 -> -166.94792
D12: 안양 | E12: =+[4]안양!$G$9 -> 100000 | F12: =+[4]안양!$H$9 -> 99565.36 | G12: =+F12-E12 -> -434.64042 | H12: =+[4]안양!$G$10 -> 0 | I12: =+[4]안양!$H$10 -> 0 | J12: =+I12-H12 -> 0 | K12: =+[4]안양!$G$12 -> 64100 | L12: =+[4]안양!$H$12 -> 62032.676 | M12: =+L12-K12 -> -2067.3237 | N12: =+[4]안양!$G$13 -> 46100 | O12: =+[4]안양!$H$13 -> 44833.456 | P12: =+O12-N12 -> -1266.5436 | Q12: =+[4]안양!$G$16 -> 15800 | R12: =+[4]안양!$H$16 -> 15042.177 | S12: =+R12-Q12 -> -757.82328 | T12: =+[4]안양!$G$17 -> 15032.258 | U12: =+[4]안양!$H$17 -> 14538.514 | V12: =+U12-T12 -> -493.74361
D13: 인천 | E13: =+[4]인천!$G$9 -> 100000 | F13: =+[4]인천!$H$9 -> 99811.452 | G13: =+F13-E13 -> -188.54842 | H13: =+[4]인천!$G$10 -> 98000 | I13: =+[4]인천!$H$10 -> 100641.09 | J13: =+I13-H13 -> 2641.0896 | K13: =+[4]인천!$G$12 -> 64400 | L13: =+[4]인천!$H$12 -> 62336.213 | M13: =+L13-K13 -> -2063.7869 | N13: =+[4]인천!$G$13 -> 47600 | O13: =+[4]인천!$H$13 -> 45244.967 | P13: =+O13-N13 -> -2355.0327 | Q13: =+[4]인천!$G$16 -> 16000 | R13: =+[4]인천!$H$16 -> 15263.638 | S13: =+R13-Q13 -> -736.36233 | T13: =+[4]인천!$G$17 -> 14318.131 | U13: =+[4]인천!$H$17 -> 13572.855 | V13: =+U13-T13 -> -745.27674
D14: 파주 | E14: =+[4]파주!$G$9 -> 100000 | F14: =+[4]파주!$H$9 -> 100588.92 | G14: =+F14-E14 -> 588.91795 | H14: =+[4]파주!$G$10 -> 0 | I14: =+[4]파주!$H$10 -> 99049.934 | J14: =+I14-H14 -> 99049.934 | K14: =+[4]파주!$G$12 -> 64300 | L14: =+[4]파주!$H$12 -> 62177.249 | M14: =+L14-K14 -> -2122.7511 | N14: =+[4]파주!$G$13 -> 48200 | O14: =+[4]파주!$H$13 -> 46432.439 | P14: =+O14-N14 -> -1767.5609 | Q14: =+[4]파주!$G$16 -> 16333.333 | R14: =+[4]파주!$H$16 -> 15710.848 | S14: =+R14-Q14 -> -622.48521 | T14: =+[4]파주!$G$17 -> 12580.645 | U14: =+[4]파주!$H$17 -> 11741.642 | V14: =+U14-T14 -> -839.00318
D15: 김포 | E15: =+[4]김포!$G$9 -> 100000 | F15: =+[4]김포!$H$9 -> 100000 | G15: =+F15-E15 -> 0 | H15: =+[4]김포!$G$10 -> 0 | I15: =+[4]김포!$H$10 -> 0 | J15: =+I15-H15 -> 0 | K15: =+[4]김포!$G$12 -> 63800 | L15: =+[4]김포!$H$12 -> 61874.591 | M15: =+L15-K15 -> -1925.4089 | N15: =+[4]김포!$G$13 -> 47600 | O15: =+[4]김포!$H$13 -> 46391.156 | P15: =+O15-N15 -> -1208.844 | Q15: =+[4]김포!$G$16 -> 14600 | R15: =+[4]김포!$H$16 -> 14634.842 | S15: =+R15-Q15 -> 34.841919 | T15: =+[4]김포!$G$17 -> 13955.222 | U15: =+[4]김포!$H$17 -> 14051.293 | V15: =+U15-T15 -> 96.071073
D16: 부산 | E16: =+[4]부산!$G$9 -> 100000 | F16: =+[4]부산!$H$9 -> 100000 | G16: =+F16-E16 -> 0.0015874751 | H16: =+[4]부산!$G$10 -> 92900 | I16: =+[4]부산!$H$10 -> 92968.607 | J16: =+I16-H16 -> 68.607179 | K16: =+[4]부산!$G$12 -> 0 | L16: =+[4]부산!$H$12 -> 0 | M16: =+L16-K16 -> 0 | N16: =+[4]부산!$G$13 -> 36500 | O16: =+[4]부산!$H$13 -> 36474.59 | P16: =+O16-N16 -> -25.409587 | Q16: =+[4]부산!$G$16 -> 11711.807 | R16: =+[4]부산!$H$16 -> 11723.287 | S16: =+R16-Q16 -> 11.4804 | T16: =+[4]부산!$G$17 -> 18098.229 | U16: =+[4]부산!$H$17 -> 18188.566 | V16: =+U16-T16 -> 90.336433
D17: 서부산 | E17: =+[4]서부산!$G$9 -> 100000 | F17: =+[4]서부산!$H$9 -> 100078.96 | G17: =+F17-E17 -> 78.958217 | H17: =+[4]서부산!$G$10 -> 92100 | I17: =+[4]서부산!$H$10 -> 92099.997 | J17: =+I17-H17 -> -0.0031706944 | K17: =+[4]서부산!$G$12 -> 65000 | L17: =+[4]서부산!$H$12 -> 63000.669 | M17: =+L17-K17 -> -1999.3314 | N17: =+[4]서부산!$G$13 -> 35300 | O17: =+[4]서부산!$H$13 -> 35228.296 | P17: =+O17-N17 -> -71.703959 | Q17: =+[4]서부산!$G$16 -> 11333.333 | R17: =+[4]서부산!$H$16 -> 11385.834 | S17: =+R17-Q17 -> 52.500234 | T17: =+[4]서부산!$G$17 -> 17716.324 | U17: =+[4]서부산!$H$17 -> 16295.743 | V17: =+U17-T17 -> -1420.5814
D18: 김해 | E18: =+[4]김해!$G$9 -> 100000 | F18: =+[4]김해!$H$9 -> 100000 | G18: =+F18-E18 -> 0 | H18: =+[4]김해!$G$10 -> 92100 | I18: =+[4]김해!$H$10 -> 92100.005 | J18: =+I18-H18 -> 0.004856485 | K18: =+[4]김해!$G$12 -> 64000 | L18: =+[4]김해!$H$12 -> 62135.29 | M18: =+L18-K18 -> -1864.7097 | N18: =+[4]김해!$G$13 -> 35000 | O18: =+[4]김해!$H$13 -> 34862.645 | P18: =+O18-N18 -> -137.35495 | Q18: =+[4]김해!$G$16 -> 9066.6667 | R18: =+[4]김해!$H$16 -> 9066.2119 | S18: =+R18-Q18 -> -0.45471939 | T18: =+[4]김해!$G$17 -> 15880.191 | U18: =+[4]김해!$H$17 -> 16409.955 | V18: =+U18-T18 -> 529.76433
D19: 정관 | E19: =+[4]정관!$G$9 -> 100000 | F19: =+[4]정관!$H$9 -> 100034.19 | G19: =+F19-E19 -> 34.188125 | H19: =+[4]정관!$G$10 -> 92100 | I19: =+[4]정관!$H$10 -> 92100 | J19: =+I19-H19 -> -0.000112575 | K19: =+[4]정관!$G$12 -> 62000 | L19: =+[4]정관!$H$12 -> 61123.466 | M19: =+L19-K19 -> -876.5336 | N19: =+[4]정관!$G$13 -> 35500 | O19: =+[4]정관!$H$13 -> 35496.908 | P19: =+O19-N19 -> -3.0919502 | Q19: =+[4]정관!$G$16 -> 11362.369 | R19: =+[4]정관!$H$16 -> 11380.917 | S19: =+R19-Q19 -> 18.547754 | T19: =+[4]정관!$G$17 -> 19374.201 | U19: =+[4]정관!$H$17 -> 18353.916 | V19: =+U19-T19 -> -1020.2853
D20: 양산 | E20: =+[4]양산!$G$9 -> 100000 | F20: =+[4]양산!$H$9 -> 100022.04 | G20: =+F20-E20 -> 22.035264 | H20: =+[4]양산!$G$10 -> 0 | I20: =+[4]양산!$H$10 -> 0 | J20: =+I20-H20 -> 0 | K20: =+[4]양산!$G$12 -> 62200 | L20: =+[4]양산!$H$12 -> 61187.093 | M20: =+L20-K20 -> -1012.9066 | N20: =+[4]양산!$G$13 -> 36000 | O20: =+[4]양산!$H$13 -> 35962.893 | P20: =+O20-N20 -> -37.106989 | Q20: =+[4]양산!$G$16 -> 9600 | R20: =+[4]양산!$H$16 -> 9383.7183 | S20: =+R20-Q20 -> -216.28169 | T20: =+[4]양산!$G$17 -> 17974.86 | U20: =+[4]양산!$H$17 -> 16874.685 | V20: =+U20-T20 -> -1100.175
D21: 창원 | E21: =+[4]창원!$G$9 -> 100000 | F21: =+[4]창원!$H$9 -> 100000 | G21: =+F21-E21 -> 0.0010516413 | H21: =+[4]창원!$G$10 -> 0 | I21: =+[4]창원!$H$10 -> 0 | J21: =+I21-H21 -> 0 | K21: =+[4]창원!$G$12 -> 64500 | L21: =+[4]창원!$H$12 -> 63000.749 | M21: =+L21-K21 -> -1499.2509 | N21: =+[4]창원!$G$13 -> 33000 | O21: =+[4]창원!$H$13 -> 32874.772 | P21: =+O21-N21 -> -125.22825 | Q21: =+[4]창원!$G$16 -> 11000 | R21: =+[4]창원!$H$16 -> 11399.848 | S21: =+R21-Q21 -> 399.84834 | T21: =+[4]창원!$G$17 -> 17410.437 | U21: =+[4]창원!$H$17 -> 16925.804 | V21: =+U21-T21 -> -484.63308
D22: 대구 | E22: =+[4]대구!$G$9 -> 100000 | F22: =+[4]대구!$H$9 -> 100000 | G22: =+F22-E22 -> 0 | H22: =+[4]대구!$G$10 -> 0 | I22: =+[4]대구!$H$10 -> 96500.019 | J22: =+I22-H22 -> 96500.019 | K22: =+[4]대구!$G$12 -> 61400 | L22: =+[4]대구!$H$12 -> 59449.117 | M22: =+L22-K22 -> -1950.8827 | N22: =+[4]대구!$G$13 -> 35300 | O22: =+[4]대구!$H$13 -> 34426.159 | P22: =+O22-N22 -> -873.8415 | Q22: =+[4]대구!$G$16 -> 11133.333 | R22: =+[4]대구!$H$16 -> 10973.845 | S22: =+R22-Q22 -> -159.48879 | T22: =+[4]대구!$G$17 -> 14763.293 | U22: =+[4]대구!$H$17 -> 14795.3 | V22: =+U22-T22 -> 32.007455
D23: 울산 | E23: =+[4]울산!$G$9 -> 100000 | F23: =+[4]울산!$H$9 -> 100000 | G23: =+F23-E23 -> 0.00048176407 | H23: =+[4]울산!$G$10 -> 0 | I23: =+[4]울산!$H$10 -> 0 | J23: =+I23-H23 -> 0 | K23: =+[4]울산!$G$12 -> 60200 | L23: =+[4]울산!$H$12 -> 59207.838 | M23: =+L23-K23 -> -992.16172 | N23: =+[4]울산!$G$13 -> 37000 | O23: =+[4]울산!$H$13 -> 36986.419 | P23: =+O23-N23 -> -13.581354 | Q23: =+[4]울산!$G$16 -> 11533.333 | R23: =+[4]울산!$H$16 -> 12295.239 | S23: =+R23-Q23 -> 761.90601 | T23: =+[4]울산!$G$17 -> 19459.844 | U23: =+[4]울산!$H$17 -> 19876.814 | V23: =+U23-T23 -> 416.97014
D24: 아산 | E24: =+[4]아산!$G$9 -> 100000 | F24: =+[4]아산!$H$9 -> 99858.22 | G24: =+F24-E24 -> -141.78023 | H24: =+[4]아산!$G$10 -> 86800 | I24: =+[4]아산!$H$10 -> 86600.006 | J24: =+I24-H24 -> -199.99431 | K24: =+[4]아산!$G$12 -> 64300 | L24: =+[4]아산!$H$12 -> 62162.681 | M24: =+L24-K24 -> -2137.319 | N24: =+[4]아산!$G$13 -> 42900 | O24: =+[4]아산!$H$13 -> 40446.585 | P24: =+O24-N24 -> -2453.4146 | Q24: =+[4]아산!$G$16 -> 11400 | R24: =+[4]아산!$H$16 -> 10851.438 | S24: =+R24-Q24 -> -548.56198 | T24: =+[4]아산!$G$17 -> 13225.806 | U24: =+[4]아산!$H$17 -> 12607.446 | V24: =+U24-T24 -> -618.36089
D25: 전주 | E25: =+[4]전주!$G$9 -> 100000 | F25: =+[4]전주!$H$9 -> 100000 | G25: =+F25-E25 -> 0 | H25: =+[4]전주!$G$10 -> 96800 | I25: =+[4]전주!$H$10 -> 97497.605 | J25: =+I25-H25 -> 697.60519 | K25: =+[4]전주!$G$12 -> 65000 | L25: =+[4]전주!$H$12 -> 62038.22 | M25: =+L25-K25 -> -2961.7798 | N25: =+[4]전주!$G$13 -> 36000 | O25: =+[4]전주!$H$13 -> 35995.115 | P25: =+O25-N25 -> -4.8853206 | Q25: =+[4]전주!$G$16 -> 13333.333 | R25: =+[4]전주!$H$16 -> 14719.625 | S25: =+R25-Q25 -> 1386.2918 | T25: =+[4]전주!$G$17 -> 15310.27 | U25: =+[4]전주!$H$17 -> 16024.065 | V25: =+U25-T25 -> 713.79518
D26: 군산 | E26: =+[4]군산!$G$9 -> 100000 | F26: =+[4]군산!$H$9 -> 100000 | G26: =+F26-E26 -> 0 | H26: =+[4]군산!$G$10 -> 94200 | I26: =+[4]군산!$H$10 -> 93126.95 | J26: =+I26-H26 -> -1073.0503 | K26: =+[4]군산!$G$12 -> 64900 | L26: =+[4]군산!$H$12 -> 63586.976 | M26: =+L26-K26 -> -1313.0238 | N26: =+[4]군산!$G$13 -> 39300 | O26: =+[4]군산!$H$13 -> 35329.411 | P26: =+O26-N26 -> -3970.5889 | Q26: =+[4]군산!$G$16 -> 14200 | R26: =+[4]군산!$H$16 -> 15211.251 | S26: =+R26-Q26 -> 1011.2508 | T26: =+[4]군산!$G$17 -> 15212.903 | U26: =+[4]군산!$H$17 -> 15414.528 | V26: =+U26-T26 -> 201.62486
D27: 원주 | E27: =+[4]원주!$G$9 -> 100000 | F27: =+[4]원주!$H$9 -> 100000 | G27: =+F27-E27 -> 0 | H27: =+[4]원주!$G$10 -> 0 | I27: =+[4]원주!$H$10 -> 0 | J27: =+I27-H27 -> 0 | K27: =+[4]원주!$G$12 -> 64000 | L27: =+[4]원주!$H$12 -> 62075.867 | M27: =+L27-K27 -> -1924.1331 | N27: =+[4]원주!$G$13 -> 49000 | O27: =+[4]원주!$H$13 -> 48940.229 | P27: =+O27-N27 -> -59.77076 | Q27: =+[4]원주!$G$16 -> 13666.667 | R27: =+[4]원주!$H$16 -> 12508.869 | S27: =+R27-Q27 -> -1157.7979 | T27: =+[4]원주!$G$17 -> 13806.452 | U27: =+[4]원주!$H$17 -> 12069.998 | V27: =+U27-T27 -> -1736.4532
D28: 제주 | E28: =+[4]제주!$G$9 -> 117000 | F28: =+[4]제주!$H$9 -> 117000 | G28: =+F28-E28 -> -0.00075549351 | H28: =+[4]제주!$G$10 -> 117000 | I28: =+[4]제주!$H$10 -> 117000 | J28: =+I28-H28 -> 0.0049920605 | K28: =+[4]제주!$G$12 -> 0 | L28: =+[4]제주!$H$12 -> 0 | M28: =+L28-K28 -> 0 | N28: =+[4]제주!$G$13 -> 0 | O28: =+[4]제주!$H$13 -> 0 | P28: =+O28-N28 -> 0 | Q28: =+[4]제주!$G$16 -> 17666.667 | R28: =+[4]제주!$H$16 -> 18101.7 | S28: =+R28-Q28 -> 435.0336 | T28: =+[4]제주!$G$17 -> 17551.555 | U28: =+[4]제주!$H$17 -> 19837.416 | V28: =+U28-T28 -> 2285.8613

Sheet 원단위
D4: □ 레미콘 원재료 원단위(2025-06)
V5: [단위 : kg/㎥]
A6: 2024년 12월 마감 손익 | D6: 구분 | E6: OPC | H6: 분체류 | K6: 분체류 치환률 | N6: 자갈 | Q6: 모래 | T6: 혼화제
E7: 계획 | F7: 실적 | G7: 차이 | H7: 계획 | I7: 실적 | J7: 차이 | K7: 계획 | L7: 실적 | M7: 차이 | N7: 계획 | O7: 실적 | P7: 차이 | Q7: 계획 | R7: 실적 | S7: 차이 | T7: 계획 | U7: 실적 | V7: 차이
D8: 평균 | E8: =+[4]합계!$E$9 -> 243.87741 | F8: =+[4]합계!$F$9 -> 237.40952 | G8: =+F8-E8 -> -6.4678932 | H8: =+[4]합계!$E$15 -> 363.96176 | I8: =+[4]합계!$F$15 -> 366.17599 | J8: =+I8-H8 -> 2.2142259 | K8: =+([4]합계!$E$10*0.4+[4]합계!$E$11+[4]합계!$E$12+[4]합계!$E$13+[4]합계!$E$14)/[4]합계!$E$15 -> 0.27155448 | L8: =+([4]합계!$F$10*0.4+[4]합계!$F$11+[4]합계!$F$12+[4]합계!$F$13+[4]합계!$F$14)/[4]합계!$F$15 -> 0.26874648 | M8: =+L8-K8 -> -0.0028080019 | N8: =+[4]합계!$E$16 -> 821.20984 | O8: =+[4]합계!$F$16 -> 809.28021 | P8: =+O8-N8 -> -11.929635 | Q8: =+[4]합계!$E$17 -> 900.87358 | R8: =+[4]합계!$F$17 -> 911.36678 | S8: =+R8-Q8 -> 10.493199 | T8: =+[4]합계!$E$19 -> 3.1230083 | U8: =+[4]합계!$F$19 -> 2.9705618 | V8: =+U8-T8 -> -0.15244647
