Workbook

Sheet 표지
A6: 2025년 4월 마감 손익
A24: 건재사업본부

Sheet 손익총괄
C3: □ 건재사업본부 손익실적(2025-04)
X4: [단위 : 천㎥, 톤, 원/㎥, 원/톤, 백만원]
C5: 구분 | E5: 4월 | J5: 4월 누계 | P5: 4월 주요지표
A6: 2024년 12월 마감 손익 | E6: 계획 | F6: 실적 | G6: 계획대비 | H6: 전년 | I6: 전년대비 | J6: 계획 | K6: 실적 | L6: 계획대비 | M6: 전년 | N6: 전년대비
A7: =+F7/E7 -> 0.93689679 | B7: =+K7/J7 -> 0.92911571 | C7: 물량 | D7: 레미콘 | E7: =+'[1]4월'!$Z$7/1000 -> 295.5 | F7: =+'[2]4월'!$Z$7/1000 -> 276.853 | G7: =+F7-E7 -> -18.647 | H7: =+'[3]4월'!$Z$7/1000 -> 331.0375 | I7: =+F7-H7 -> -54.1845 | J7: =+'[1]4월누계'!$Z$7/1000 -> 1002.5 | K7: =+'[2]4월누계'!$Z$7/1000 -> 931.4385 | L7: =+K7-J7 -> -71.0615 | M7: =+'[3]4월누계'!$Z$7/1000 -> 1125.966 | N7: =+K7-M7 -> -194.5275 | Q7: □ 레미콘
D8: 철강재 | E8: =+'[1]4월'!$AA$7 -> 11100 | F8: =+'[2]4월'!$AO$7 -> 11123.665 | G8: =+F8-E8 -> 23.665 | H8: =+'[3]4월'!$AO$7 -> 8574.983 | I8: =+F8-H8 -> 2548.682 | J8: =+'[1]4월누계'!$AA$7 -> 41300 | K8: =+'[2]4월누계'!$AO$7 -> 45346.46 | L8: =+K8-J8 -> 4046.46 | M8: =+'[3]4월누계'!$AO$7 -> 30310.546 | N8: =+K8-M8 -> 15035.914 | Q8: 구분 | S8: 계획 | T8: 실적 | U8: 계획대비 | V8: 전년 | W8: 전년대비
D9: 골재 | E9: =+'[1]4월'!$AE$7/1000 -> 84.994573 | F9: =+'[2]4월'!$AN$7/1000 -> 68.025 | G9: =+F9-E9 -> -16.969573 | H9: =+'[3]4월'!$AN$7/1000 -> 86.343 | I9: =+F9-H9 -> -18.318 | J9: =+'[1]4월누계'!$AE$7/1000 -> 328.46129 | K9: =+'[2]4월누계'!$AN$7/1000 -> 235.425 | L9: =+K9-J9 -> -93.036289 | M9: =+'[3]4월누계'!$AN$7/1000 -> 321.06 | N9: =+K9-M9 -> -85.635 | Q9: 물량 | R9: 수도권 | S9: =+[4]수도권!$T$5/1000 -> 110 | T9: =+[4]수도권!$U$5/1000 -> 99.752 | U9: =+T9-S9 -> -10.248 | V9: =+[5]수도권!$T$5/1000 -> 122.5135 | W9: =+T9-V9 -> -22.7615
C10: 매출 | D10: 레미콘 | E10: =+'[1]4월'!$Z$8/1000 -> 29678.682 | F10: =+'[2]4월'!$Z$8/1000 -> 27262.254 | G10: =+F10-E10 -> -2416.4278 | H10: =+'[3]4월'!$Z$8/1000 -> 33733.44 | I10: =+F10-H10 -> -6471.1854 | J10: =+'[1]4월누계'!$Z$8/1000 -> 100714.16 | K10: =+'[2]4월누계'!$Z$8/1000 -> 92138.562 | L10: =+K10-J10 -> -8575.5937 | M10: =+'[3]4월누계'!$Z$8/1000 -> 114335.88 | N10: =+K10-M10 -> -22197.318 | R10: 영남권 | S10: =+[4]영남권!$T$5/1000 -> 128.5 | T10: =+[4]영남권!$U$5/1000 -> 119.871 | U10: =+T10-S10 -> -8.629 | V10: =+[5]영남권!$T$5/1000 -> 147.2215 | W10: =+T10-V10 -> -27.3505
D11: 건자재 | E11: =+'[1]4월'!$AA$8/1000 -> 12145.191 | F11: =+'[2]4월'!$AO$8/1000 -> 10147.504 | G11: =+F11-E11 -> -1997.6868 | H11: =+'[3]4월'!$AO$8/1000 -> 8822.0395 | I11: =+F11-H11 -> 1325.4647 | J11: =+'[1]4월누계'!$AA$8/1000 -> 45208.405 | K11: =+'[2]4월누계'!$AO$8/1000 -> 38439.848 | L11: =+K11-J11 -> -6768.5572 | M11: =+'[3]4월누계'!$AO$8/1000 -> 31755.572 | N11: =+K11-M11 -> 6684.2753 | R11: 중부권 | S11: =+[4]중부권!$T$5/1000 -> 57 | T11: =+[4]중부권!$U$5/1000 -> 57.23 | U11: =+T11-S11 -> 0.23 | V11: =+[5]중부권!$T$5/1000 -> 61.3025 | W11: =+T11-V11 -> -4.0725
D12: 골재 | E12: =+'[1]4월'!$AE$8/1000 -> 1722.1224 | F12: =+'[2]4월'!$AN$8/1000 -> 1449.066 | G12: =+F12-E12 -> -273.05639 | H12: =+'[3]4월'!$AN$8/1000 -> 1746.8204 | I12: =+F12-H12 -> -297.75441 | J12: =+'[1]4월누계'!$AE$8/1000 -> 6226.9411 | K12: =+'[2]4월누계'!$AN$8/1000 -> 5026.8145 | L12: =+K12-J12 -> -1200.1266 | M12: =+'[3]4월누계'!$AN$8/1000 -> 6528.4296 | N12: =+K12-M12 -> -1501.6151 | Q12: 계 | S12: =SUM(S9:S11) -> 295.5 | T12: =SUM(T9:T11) -> 276.853 | U12: =+T12-S12 -> -18.647 | V12: =SUM(V9:V11) -> 331.0375 | W12: =+T12-V12 -> -54.1845
D13: 기타 | E13: =+'[1]4월'!$E$8/1000-E10-E11-E12 -> 142.52817 | F13: =+'[2]4월'!$F$8/1000-F10-F11-F12 -> 118.48886 | G13: =+F13-E13 -> -24.039303 | H13: =+'[3]4월'!$F$8/1000-H10-H11-H12 -> 165.79909 | I13: =+F13-H13 -> -47.31023 | J13: =+'[1]4월누계'!$E$8/1000-J10-J11-J12 -> 642.63267 | K13: =+'[2]4월누계'!$F$8/1000-K10-K11-K12 -> 591.32316 | L13: =+K13-J13 -> -51.309509 | M13: =+'[3]4월누계'!$F$8/1000-M10-M11-M12 -> 659.35363 | N13: =+K13-M13 -> -68.030474 | Q13: 판매단가 | R13: 수도권 | S13: =+[4]수도권!$T$61 -> 97316.07 | T13: =+[4]수도권!$U$61 -> 96454.113 | U13: =+T13-S13 -> -861.95694 | V13: =+[5]수도권!$Q$85 -> 99830.046 | W13: =+T13-V13 -> -3375.9322
A14: =+F14/E14 -> 0.89216366 | B14: =+K14/J14 -> 0.89138455 | C14: 계 | E14: =SUM(E10:E13) -> 43688.524 | F14: =SUM(F10:F13) -> 38977.313 | G14: =+F14-E14 -> -4711.2103 | H14: =SUM(H10:H13) -> 44468.099 | I14: =+F14-H14 -> -5490.7853 | J14: =SUM(J10:J13) -> 152792.13 | K14: =SUM(K10:K13) -> 136196.55 | L14: =+K14-J14 -> -16595.587 | M14: =SUM(M10:M13) -> 153279.24 | N14: =+K14-M14 -> -17082.689 | R14: 영남권 | S14: =+[4]영남권!$T$61 -> 100478.01 | T14: =+[4]영남권!$U$61 -> 98385.129 | U14: =+T14-S14 -> -2092.8788 | V14: =+[5]영남권!$Q$85 -> 101618.83 | W14: =+T14-V14 -> -3233.7061
C15: 매출원가 | D15: 레미콘 | E15: =+('[1]4월'!$Z$10+'[1]4월'!$Z$19)/1000 -> 25988.679 | F15: =+('[2]4월'!$Z$10+'[2]4월'!$Z$19)/1000 -> 24425.138 | G15: =+F15-E15 -> -1563.5409 | H15: =+('[3]4월'!$Z$10+'[3]4월'!$Z$19)/1000 -> 28415.357 | I15: =+F15-H15 -> -3990.2195 | J15: =+('[1]4월누계'!$Z$10+'[1]4월누계'!$Z$19)/1000 -> 90655.877 | K15: =+('[2]4월누계'!$Z$10+'[2]4월누계'!$Z$19)/1000 -> 84643.214 | L15: =+K15-J15 -> -6012.6631 | M15: =+('[3]4월누계'!$Z$10+'[3]4월누계'!$Z$19)/1000 -> 99332.256 | N15: =+K15-M15 -> -14689.042 | R15: 중부권 | S15: =+[4]중부권!$T$61 -> 106359.48 | T15: =+[4]중부권!$U$61 -> 102148.63 | U15: =+T15-S15 -> -4210.8499 | V15: =+[5]중부권!$Q$85 -> 106728.9 | W15: =+T15-V15 -> -4580.2728
D16: 건자재 | E16: =+('[1]4월'!$AA$10+'[1]4월'!$AA$19)/1000 -> 11817.137 | F16: =+('[2]4월'!$AO$10+'[2]4월'!$AO$19)/1000 -> 9979.7604 | G16: =+F16-E16 -> -1837.3765 | H16: =+('[3]4월'!$AO$10+'[3]4월'!$AO$19)/1000 -> 8659.0858 | I16: =+F16-H16 -> 1320.6746 | J16: =+('[1]4월누계'!$AA$10+'[1]4월누계'!$AA$19)/1000 -> 43987.257 | K16: =+('[2]4월누계'!$AO$10+'[2]4월누계'!$AO$19)/1000 -> 37939.688 | L16: =+K16-J16 -> -6047.569 | M16: =+('[3]4월누계'!$AO$10+'[3]4월누계'!$AO$19)/1000 -> 31058.81 | N16: =+K16-M16 -> 6880.8775 | Q16: 계 | S16: =+[4]합계!$T$61 -> 100435.47 | T16: =+[4]합계!$U$61 -> 98470.346 | U16: =+T16-S16 -> -1965.126 | V16: =+[5]합계!$Q$85 -> 101892.73 | W16: =+T16-V16 -> -3422.3869
D17: 골재 | E17: =+('[1]4월'!$AE$10+'[1]4월'!$AE$19)/1000 -> 1401.3031 | F17: =+('[2]4월'!$AN$10+'[2]4월'!$AN$19)/1000 -> 1346.1014 | G17: =+F17-E17 -> -55.201637 | H17: =+('[3]4월'!$AN$10+'[3]4월'!$AN$19)/1000 -> 1547.4416 | I17: =+F17-H17 -> -201.34016 | J17: =+('[1]4월누계'!$AE$10+'[1]4월누계'!$AE$19)/1000 -> 5401.0458 | K17: =+('[2]4월누계'!$AN$10+'[2]4월누계'!$AN$19)/1000 -> 5287.1679 | L17: =+K17-J17 -> -113.87784 | M17: =+('[3]4월누계'!$AN$10+'[3]4월누계'!$AN$19)/1000 -> 5776.7521 | N17: =+K17-M17 -> -489.58414 | Q17: 공헌이익 | R17: 수도권 | S17: =+[4]수도권!$Q$90 -> 16623.918 | T17: =+[4]수도권!$R$90 -> 16372.588 | U17: =+T17-S17 -> -251.33 | V17: =+[5]수도권!$Q$90 -> 19731.47 | W17: =+T17-V17 -> -3358.8819
D18: 기타 | E18: =+('[1]4월'!$E$10+'[1]4월'!$E$19)/1000-E15-E16-E17 -> 68.281599 | F18: =+('[2]4월'!$F$10+'[2]4월'!$F$19)/1000-F15-F16-F17 -> 22.623855 | G18: =+F18-E18 -> -45.657744 | H18: =+('[3]4월'!$F$10+'[3]4월'!$F$19)/1000-H15-H16-H17 -> 28.446048 | I18: =+F18-H18 -> -5.822193 | J18: =+('[1]4월누계'!$E$10+'[1]4월누계'!$E$19)/1000-J15-J16-J17 -> 177.6645 | K18: =+('[2]4월누계'!$F$10+'[2]4월누계'!$F$19)/1000-K15-K16-K17 -> 404.22394 | L18: =+K18-J18 -> 226.55945 | M18: =+('[3]4월누계'!$F$10+'[3]4월누계'!$F$19)/1000-M15-M16-M17 -> 99.923078 | N18: =+K18-M18 -> 304.30087 | R18: 영남권 | S18: =+[4]영남권!$Q$90 -> 21632.131 | T18: =+[4]영남권!$R$90 -> 19312.771 | U18: =+T18-S18 -> -2319.3605 | V18: =+[5]영남권!$Q$90 -> 23376.451 | W18: =+T18-V18 -> -4063.6801
C19: 계 | E19: =SUM(E15:E18) -> 39275.4 | F19: =SUM(F15:F18) -> 35773.623 | G19: =+F19-E19 -> -3501.7768 | H19: =SUM(H15:H18) -> 38650.331 | I19: =+F19-H19 -> -2876.7073 | J19: =SUM(J15:J18) -> 140221.84 | K19: =SUM(K15:K18) -> 128274.29 | L19: =+K19-J19 -> -11947.551 | M19: =SUM(M15:M18) -> 136267.74 | N19: =+K19-M19 -> -7993.4483 | R19: 중부권 | S19: =+[4]중부권!$Q$90 -> 28532.277 | T19: =+[4]중부권!$R$90 -> 24648.008 | U19: =+T19-S19 -> -3884.269 | V19: =+[5]중부권!$Q$90 -> 31984.708 | W19: =+T19-V19 -> -7336.7006
C20: 매출이익 | D20: 레미콘 | E20: =+E10-E15 -> 3690.0035 | F20: =+F10-F15 -> 2837.1165 | G20: =+F20-E20 -> -852.88693 | H20: =+H10-H15 -> 5318.0824 | I20: =+F20-H20 -> -2480.9659 | J20: =+J10-J15 -> 10058.279 | K20: =+K10-K15 -> 7495.3481 | L20: =+K20-J20 -> -2562.9306 | M20: =+M10-M15 -> 15003.624 | N20: =+K20-M20 -> -7508.2759 | Q20: 계 | S20: =+[4]합계!$Q$90 -> 21098.815 | T20: =+[4]합계!$R$90 -> 19361.122 | U20: =+T20-S20 -> -1737.693 | V20: =+[5]합계!$Q$90 -> 23604.168 | W20: =+T20-V20 -> -4243.0462
D21: 건자재 | E21: =+E11-E16 -> 328.05416 | F21: =+F11-F16 -> 167.74386 | G21: =+F21-E21 -> -160.3103 | H21: =+H11-H16 -> 162.9537 | I21: =+F21-H21 -> 4.790155 | J21: =+J11-J16 -> 1221.1481 | K21: =+K11-K16 -> 500.15996 | L21: =+K21-J21 -> -720.98816 | M21: =+M11-M16 -> 696.76215 | N21: =+K21-M21 -> -196.60219 | Q21: □ 건자재
D22: 골재 | E22: =+E12-E17 -> 320.81933 | F22: =+F12-F17 -> 102.96457 | G22: =+F22-E22 -> -217.85476 | H22: =+H12-H17 -> 199.37882 | I22: =+F22-H22 -> -96.414246 | J22: =+J12-J17 -> 825.89534 | K22: =+K12-K17 -> -260.35342 | L22: =+K22-J22 -> -1086.2488 | M22: =+M12-M17 -> 751.67753 | N22: =+K22-M22 -> -1012.0309 | Q22: 구분 | S22: 계획 | T22: 실적 | U22: 계획대비 | V22: 전년 | W22: 전년대비
D23: 기타 | E23: =+E13-E18 -> 74.246568 | F23: =+F13-F18 -> 95.865009 | G23: =+F23-E23 -> 21.618441 | H23: =+H13-H18 -> 137.35305 | I23: =+F23-H23 -> -41.488037 | J23: =+J13-J18 -> 464.96817 | K23: =+K13-K18 -> 187.09921 | L23: =+K23-J23 -> -277.86896 | M23: =+M13-M18 -> 559.43055 | N23: =+K23-M23 -> -372.33134 | Q23: 철강재 판매단가 | S23: =+'[6]4월'!$F$10 -> 872522.52 | T23: =+'[6]4월'!$G$10 -> 800210.93 | U23: =+T23-S23 -> -72311.59 | V23: =+'[6]4월'!$G$10 -> 800210.93 | W23: =+T23-V23 -> 0
C24: 계 | E24: =SUM(E20:E23) -> 4413.1235 | F24: =SUM(F20:F23) -> 3203.69 | G24: =+F24-E24 -> -1209.4336 | H24: =SUM(H20:H23) -> 5817.768 | I24: =+F24-H24 -> -2614.078 | J24: =SUM(J20:J23) -> 12570.29 | K24: =SUM(K20:K23) -> 7922.2539 | L24: =+K24-J24 -> -4648.0364 | M24: =SUM(M20:M23) -> 17011.494 | N24: =+K24-M24 -> -9089.2404 | Q24: 철강재 마진률 | S24: =+'[6]4월'!$F$15 -> 0.02397651 | T24: =+'[6]4월'!$G$15 -> 0.014249312 | U24: =+T24-S24 -> -0.0097271979 | V24: =+'[6]4월'!$G$15 -> 0.014249312 | W24: =+T24-V24 -> 0
C25: 판관비 | D25: 레미콘 | E25: =+('[1]4월'!$Z$13+'[1]4월'!$Z$20)/1000 -> 658.80674 | F25: =+('[2]4월'!$Z$13+'[2]4월'!$Z$20)/1000 -> 671.44764 | G25: =+F25-E25 -> 12.640902 | H25: =+('[3]4월'!$Z$13+'[3]4월'!$Z$20)/1000 -> 682.83624 | I25: =+F25-H25 -> -11.388596 | J25: =+('[1]4월누계'!$Z$13+'[1]4월누계'!$Z$20)/1000 -> 2703.2671 | K25: =+('[2]4월누계'!$Z$13+'[2]4월누계'!$Z$20)/1000 -> 2671.6816 | L25: =+K25-J25 -> -31.585456 | M25: =+('[3]4월누계'!$Z$13+'[3]4월누계'!$Z$20)/1000 -> 2654.9903 | N25: =+K25-M25 -> 16.691319 | Q25: □ 골재
D26: 건자재 | E26: =+('[1]4월'!$AA$13+'[1]4월'!$AA$20)/1000 -> 122.86235 | F26: =+('[2]4월'!$AO$13+'[2]4월'!$AO$20)/1000 -> 168.0154 | G26: =+F26-E26 -> 45.153057 | H26: =+('[3]4월'!$AO$13+'[3]4월'!$AO$20)/1000 -> 169.13637 | I26: =+F26-H26 -> -1.120967 | J26: =+('[1]4월누계'!$AA$13+'[1]4월누계'!$AA$20)/1000 -> 512.07927 | K26: =+('[2]4월누계'!$AO$13+'[2]4월누계'!$AO$20)/1000 -> 606.74289 | L26: =+K26-J26 -> 94.663618 | M26: =+('[3]4월누계'!$AO$13+'[3]4월누계'!$AO$20)/1000 -> 554.17758 | N26: =+K26-M26 -> 52.565311 | Q26: 구분 | S26: 계획 | T26: 실적 | U26: 계획대비 | V26: 전년 | W26: 전년대비
D27: 골재 | E27: =+('[1]4월'!$AE$13+'[1]4월'!$AE$20+'[1]4월'!$AE$22)/1000 -> 46.61091 | F27: =+('[2]4월'!$AN$13+'[2]4월'!$AN$20+'[2]4월'!$AN$22)/1000 -> 45.658013 | G27: =+F27-E27 -> -0.95289703 | H27: =+('[3]4월'!$AN$13+'[3]4월'!$AN$20+'[3]4월'!$AN$22)/1000 -> 45.501372 | I27: =+F27-H27 -> 0.15664074 | J27: =+('[1]4월누계'!$AE$13+'[1]4월누계'!$AE$20+'[1]4월누계'!$AE$22)/1000 -> 190.45869 | K27: =+('[2]4월누계'!$AN$13+'[2]4월누계'!$AN$20+'[2]4월누계'!$AN$22)/1000 -> 187.38509 | L27: =+K27-J27 -> -3.0736014 | M27: =+('[3]4월누계'!$AN$13+'[3]4월누계'!$AN$20+'[3]4월누계'!$AN$22)/1000 -> 178.67939 | N27: =+K27-M27 -> 8.7056996 | Q27: 판매량 | R27: 자가 | S27: =(+'[7]서부산크라샤(당월)'!$Z$66+'[7]부산모래장(당월)'!$Q$48+'[7]부산크라샤(당월)'!$T$66)/1000 -> 53.994473 | T27: =(+'[7]서부산크라샤(당월)'!$AA$66+'[7]부산모래장(당월)'!$R$48+'[7]부산크라샤(당월)'!$U$66)/1000 -> 29.139 | U27: =+T27-S27 -> -24.855473 | V27: =+[8]손익총괄!$V$27 -> 32.34 | W27: =+T27-V27 -> -3.201
D28: 기타 | E28: =+('[1]4월'!$E$13+'[1]4월'!$E$20)/1000-E25-E26-E27+('[1]4월'!$E$22/1000) -> 1750.4842 | F28: =+('[2]4월'!$F$13+'[2]4월'!$F$20)/1000-F25-F26-F27+'[2]4월'!$F$22/1000 -> 1711.0197 | G28: =+F28-E28 -> -39.464529 | H28: =+('[3]4월'!$F$13+'[3]4월'!$F$20)/1000-H25-H26-H27+'[3]4월'!$F$22/1000 -> 1617.9186 | I28: =+F28-H28 -> 93.101074 | J28: =+('[1]4월누계'!$E$13+'[1]4월누계'!$E$20)/1000-J25-J26-J27+('[1]4월누계'!$E$22/1000) -> 6281.7638 | K28: =+('[2]4월누계'!$F$13+'[2]4월누계'!$F$20)/1000-K25-K26-K27+'[2]4월누계'!$F$22/1000 -> 7058.2386 | L28: =+K28-J28 -> 776.47476 | M28: =+('[3]4월누계'!$F$13+'[3]4월누계'!$F$20)/1000-M25-M26-M27+'[3]4월누계'!$F$22/1000 -> 7170.2526 | N28: =+K28-M28 -> -112.01402 | R28: 외판 | S28: =(+'[7]서부산크라샤(당월)'!$Z$59+'[7]부산모래장(당월)'!$Q$47+'[7]부산크라샤(당월)'!$T$59)/1000 -> 31 | T28: =(+'[7]서부산크라샤(당월)'!$AA$59+'[7]부산모래장(당월)'!$R$47+'[7]부산크라샤(당월)'!$U$59)/1000 -> 23.326 | U28: =+T28-S28 -> -7.674 | V28: =+[8]손익총괄!$V$28 -> 25.899 | W28: =+T28-V28 -> -2.573
C29: 계 | E29: =SUM(E25:E28) -> 2578.7642 | F29: =SUM(F25:F28) -> 2596.1408 | G29: =+F29-E29 -> 17.376533 | H29: =SUM(H25:H28) -> 2515.3926 | I29: =+F29-H29 -> 80.748152 | J29: =SUM(J25:J28) -> 9687.5688 | K29: =SUM(K25:K28) -> 10524.048 | L29: =+K29-J29 -> 836.47932 | M29: =SUM(M25:M28) -> 10558.1 | N29: =+K29-M29 -> -34.051688 | Q29: 합 계 | S29: =SUM(S27:S28) -> 84.994473 | T29: =SUM(T27:T28) -> 52.465 | U29: =+T29-S29 -> -32.529473 | V29: =SUM(V27:V28) -> 58.239 | W29: =+T29-V29 -> -5.774
C30: 영업이익 | D30: 레미콘 | E30: =+E20-E25 -> 3031.1967 | F30: =+F20-F25 -> 2165.6689 | G30: =+F30-E30 -> -865.52784 | H30: =+H20-H25 -> 4635.2462 | I30: =+F30-H30 -> -2469.5773 | J30: =+J20-J25 -> 7355.0116 | K30: =+K20-K25 -> 4823.6665 | L30: =+K30-J30 -> -2531.3451 | M30: =+M20-M25 -> 12348.634 | N30: =+K30-M30 -> -7524.9672 | Q30: □ 기타내역(영업이익)
D31: % | E31: =+E30/E10 -> 0.1021338 | F31: =+F30/F10 -> 0.079438364 | G31: =+F31-E31 -> -0.02269544 | H31: =+H30/H10 -> 0.13740805 | I31: =+F31-H31 -> -0.057969686 | J31: =+J30/J10 -> 0.073028579 | K31: =+K30/K10 -> 0.05235231 | L31: =+K31-J31 -> -0.020676269 | M31: =+M30/M10 -> 0.10800314 | N31: =+K31-M31 -> -0.055650828 | Q31: 구분 | S31: 계획 | T31: 실적 | U31: 계획대비 | V31: 전년 | W31: 전년대비
D32: 건자재 | E32: =+E21-E26 -> 205.19181 | F32: =+F21-F26 -> -0.271546 | G32: =+F32-E32 -> -205.46336 | H32: =+H21-H26 -> -6.182668 | I32: =+F32-H32 -> 5.911122 | J32: =+J21-J26 -> 709.06885 | K32: =+K21-K26 -> -106.58293 | L32: =+K32-J32 -> -815.65178 | M32: =+M21-M26 -> 142.58457 | N32: =+K32-M32 -> -249.1675 | Q32: 레미콘임대 | S32: =+'사업장별(당월)'!T33 -> 48.349888 | T32: =+'사업장별(당월)'!U33 -> 23.021931 | U32: =+T32-S32 -> -25.327957 | V32: =+'사업장별(당월)'!W33 -> 71.958667 | W32: =+T32-V32 -> -48.936736
D33: 골재 | E33: =+E22-E27 -> 274.20842 | F33: =+F22-F27 -> 57.306559 | G33: =+F33-E33 -> -216.90186 | H33: =+H22-H27 -> 153.87745 | I33: =+F33-H33 -> -96.570887 | J33: =+J22-J27 -> 635.43665 | K33: =+K22-K27 -> -447.7385 | L33: =+K33-J33 -> -1083.1752 | M33: =+M22-M27 -> 572.99814 | N33: =+K33-M33 -> -1020.7366 | Q33: 임대 | S33: =+'사업장별(당월)'!T34 -> 63.964 | T33: =+'사업장별(당월)'!U34 -> 63.367074 | U33: =+T33-S33 -> -0.596926 | V33: =+'사업장별(당월)'!W34 -> 63.157758 | W33: =+T33-V33 -> 0.209316
D34: 기타 | E34: =+E23-E28 -> -1676.2377 | F34: =+F23-F28 -> -1615.1547 | G34: =+F34-E34 -> 61.08297 | H34: =+H23-H28 -> -1480.5656 | I34: =+F34-H34 -> -134.58911 | J34: =+J23-J28 -> -5816.7956 | K34: =+K23-K28 -> -6871.1393 | L34: =+K34-J34 -> -1054.3437 | M34: =+M23-M28 -> -6610.822 | N34: =+K34-M34 -> -260.31732 | Q34: 공통비 | S34: =+'사업장별(당월)'!T35 -> -1670.9087 | T34: =+'사업장별(당월)'!U35 -> -1654.8985 | U34: =+T34-S34 -> 16.010214 | V34: =+'사업장별(당월)'!W35 -> -1567.4228 | W34: =+T34-V34 -> -87.475651
C35: 계 | E35: =SUM(E30,E32:E34) -> 1834.3593 | F35: =SUM(F30,F32:F34) -> 607.54919 | G35: =+F35-E35 -> -1226.8101 | H35: =SUM(H30,H32:H34) -> 3302.3754 | I35: =+F35-H35 -> -2694.8262 | J35: =SUM(J30,J32:J34) -> 2882.7215 | K35: =SUM(K30,K32:K34) -> -2601.7943 | L35: =+K35-J35 -> -5484.5158 | M35: =SUM(M30,M32:M34) -> 6453.3944 | N35: =+K35-M35 -> -9055.1887 | Q35: 기타 | S35: =+S36-S32-S33-S34 -> -117.64287 | T35: =+T36-T32-T33-T34 -> -46.645232 | U35: =+T35-S35 -> 70.997639 | V35: =+V36-V32-V33-V34 -> -48.259192 | W35: =+T35-V35 -> 1.61396
D36: % | E36: =+E35/E14 -> 0.041987211 | F36: =+F35/F14 -> 0.015587252 | G36: =+F36-E36 -> -0.02639996 | H36: =+H35/H14 -> 0.074263921 | I36: =+F36-H36 -> -0.058676669 | J36: =+J35/J14 -> 0.01886695 | K36: =+K35/K14 -> -0.019103232 | L36: =+K36-J36 -> -0.037970182 | M36: =+M35/M14 -> 0.042102209 | N36: =+K36-M36 -> -0.061205441 | Q36: 합계 | S36: =+'사업장별(당월)'!T41 -> -1676.2377 | T36: =+'사업장별(당월)'!U41 -> -1615.1547 | U36: =+T36-S36 -> 61.08297 | V36: =+'사업장별(당월)'!W41 -> -1480.5656 | W36: =+T36-V36 -> -134.58911
E38: =+'[1]4월'!$E$26/1000 -> 1834.3593 | F38: =+'[2]4월'!$F$26/1000 -> 607.54919 | H38: =+'[3]4월'!$F$26/1000 -> 3302.3754 | J38: =+'[1]4월누계'!$E$26/1000 -> 2882.7215 | K38: =+'[2]4월누계'!$F$26/1000 -> -2601.7943 | M38: =+'[3]4월누계'!$F$26/1000 -> 6453.3944
E39: =+E35=E38 -> TRUE | F39: =+F35=F38 -> FALSE | H39: =+H35=H38 -> TRUE | J39: =+J35=J38 -> FALSE | K39: =+K35=K38 -> FALSE | M39: =+M35=M38 -> FALSE
E40: =+E35-E38 -> 0 | F40: =+F35-F38 -> 3.4106051e-12 | H40: =+H35-H38 -> 0 | J40: =+J35-J38 -> -9.5496944e-12 | K40: =+K35-K38 -> -6.3664629e-12 | M40: =+M35-M38 -> 2.1827873e-11

Sheet 사업장별(당월)
H3: □ 사업장별 손익실적(2025-04)
AG4: [단위 : 천㎥, 톤, 백만원]
H5: 구분 | J5: 물량 | O5: 매출 | T5: 영업이익(공통비 배부전) | Y5: 판매단가 | AB5: 변동비 | AE5: 공헌이익
A6: 2024년 4월 마감 손익 | J6: 계획 | K6: 실적 | L6: 차이 | M6: 전년 | N6: 차이 | O6: 계획 | P6: 실적 | Q6: 차이 | R6: 전년 | S6: 차이 | T6: 계획 | U6: 실적 | V6: 차이 | W6: 전년 | X6: 차이 | Y6: 계획 | Z6: 실적 | AA6: 전년 | AB6: 계획 | AC6: 실적 | AD6: 전년 | AE6: 계획 | AF6: 실적 | AG6: 전년
B7: 안양 | G7: =+I7 -> 안양 | H7: 레미콘 | I7: 안양 | J7: =+IFERROR(HLOOKUP($B7,'[1]4월'!$D$6:$BN$259,2,),)/1000 -> 42 | K7: =+IFERROR(HLOOKUP($B7,'[2]4월'!$F$6:$CP$99,2,),)/1000 -> 40.25 | L7: =+K7-J7 -> -1.75 | M7: =+IFERROR(HLOOKUP($B7,'[3]4월'!$F$6:$CC$57,2,),)/1000 -> 46.247 | N7: =+K7-M7 -> -5.997 | O7: =+IFERROR(HLOOKUP($B7,'[1]4월'!$D$6:$BN$259,3,),)/1000 -> 4118.15 | P7: =+IFERROR(HLOOKUP($B7,'[2]4월'!$F$6:$CP$99,3,),)/1000 -> 3841.7711 | Q7: =+P7-O7 -> -276.37893 | R7: =+IFERROR(HLOOKUP($B7,'[3]4월'!$F$6:$CC$57,3,),)/1000 -> 4615.8876 | S7: =+P7-R7 -> -774.11647 | T7: =+IFERROR(HLOOKUP($B7,'[1]4월'!$D$6:$BN$259,16,),)/1000 -> 413.70969 | U7: =+IFERROR(HLOOKUP($B7,'[2]4월'!$F$6:$CP$99,16,),)/1000 -> 321.01658 | V7: =+U7-T7 -> -92.693111 | W7: =+IFERROR(HLOOKUP($B7,'[3]4월'!$F$6:$CC$57,16,),)/1000 -> 589.76879 | X7: =+U7-W7 -> -268.75221 | Y7: =+[4]안양!$Q$85 -> 98051.191 | Z7: =+[4]안양!$R$85 -> 95439.9 | AA7: =+[5]안양!$Q$85 -> 99791.14 | AB7: =+[4]안양!$Q$89 -> 81257.915 | AC7: =+[4]안양!$R$89 -> 79659.206 | AD7: =+[5]안양!$Q$89 -> 80207.362 | AE7: =+Y7-AB7 -> 16793.277 | AF7: =+Z7-AC7 -> 15780.694 | AG7: =+AA7-AD7 -> 19583.777
B8: 인천 | G8: =+I8 -> 인천 | H8: 직영 | I8: 인천 | J8: =+IFERROR(HLOOKUP($B8,'[1]4월'!$D$6:$BN$259,2,),)/1000 -> 30 | K8: =+IFERROR(HLOOKUP($B8,'[2]4월'!$F$6:$CP$99,2,),)/1000 -> 33.57 | L8: =+K8-J8 -> 3.57 | M8: =+IFERROR(HLOOKUP($B8,'[3]4월'!$F$6:$CC$57,2,),)/1000 -> 30.095 | N8: =+K8-M8 -> 3.475 | O8: =+IFERROR(HLOOKUP($B8,'[1]4월'!$D$6:$BN$259,3,),)/1000 -> 2954.0596 | P8: =+IFERROR(HLOOKUP($B8,'[2]4월'!$F$6:$CP$99,3,),)/1000 -> 3322.1847 | Q8: =+P8-O8 -> 368.12512 | R8: =+IFERROR(HLOOKUP($B8,'[3]4월'!$F$6:$CC$57,3,),)/1000 -> 3074.4291 | S8: =+P8-R8 -> 247.75559 | T8: =+IFERROR(HLOOKUP($B8,'[1]4월'!$D$6:$BN$259,16,),)/1000 -> 185.05259 | U8: =+IFERROR(HLOOKUP($B8,'[2]4월'!$F$6:$CP$99,16,),)/1000 -> 222.53657 | V8: =+U8-T8 -> 37.483983 | W8: =+IFERROR(HLOOKUP($B8,'[3]4월'!$F$6:$CC$57,16,),)/1000 -> 331.00999 | X8: =+U8-W8 -> -108.47342 | Y8: =+[4]인천!$Q$85 -> 98468.654 | Z8: =+[4]인천!$R$85 -> 98978.103 | AA8: =+[5]인천!$Q$85 -> 102157.47 | AB8: =+[4]인천!$Q$89 -> 82591.236 | AC8: =+[4]인천!$R$89 -> 82750.98 | AD8: =+[5]인천!$Q$89 -> 81515.983 | AE8: =+Y8-AB8 -> 15877.418 | AF8: =+Z8-AC8 -> 16227.123 | AG8: =+AA8-AD8 -> 20641.489
B9: 파주 | G9: =+I9 -> 파주 | I9: 파주 | J9: =+IFERROR(HLOOKUP($B9,'[1]4월'!$D$6:$BN$259,2,),)/1000 -> 22 | K9: =+IFERROR(HLOOKUP($B9,'[2]4월'!$F$6:$CP$99,2,),)/1000 -> 13.605 | L9: =+K9-J9 -> -8.395 | M9: =+IFERROR(HLOOKUP($B9,'[3]4월'!$F$6:$CC$57,2,),)/1000 -> 28.573 | N9: =+K9-M9 -> -14.968 | O9: =+IFERROR(HLOOKUP($B9,'[1]4월'!$D$6:$BN$259,3,),)/1000 -> 2112.8558 | P9: =+IFERROR(HLOOKUP($B9,'[2]4월'!$F$6:$CP$99,3,),)/1000 -> 1269.8888 | Q9: =+P9-O9 -> -842.96696 | R9: =+IFERROR(HLOOKUP($B9,'[3]4월'!$F$6:$CC$57,3,),)/1000 -> 2775.4874 | S9: =+P9-R9 -> -1505.5986 | T9: =+IFERROR(HLOOKUP($B9,'[1]4월'!$D$6:$BN$259,16,),)/1000 -> 121.37226 | U9: =+IFERROR(HLOOKUP($B9,'[2]4월'!$F$6:$CP$99,16,),)/1000 -> -15.154132 | V9: =+U9-T9 -> -136.52639 | W9: =+IFERROR(HLOOKUP($B9,'[3]4월'!$F$6:$CC$57,16,),)/1000 -> 232.72628 | X9: =+U9-W9 -> -247.88042 | Y9: =+[4]파주!$Q$85 -> 96038.898 | Z9: =+[4]파주!$R$85 -> 93525.185 | AA9: =+[5]파주!$Q$85 -> 97212.84 | AB9: =+[4]파주!$Q$89 -> 79787.253 | AC9: =+[4]파주!$R$89 -> 78035.926 | AD9: =+[5]파주!$Q$89 -> 81147.556 | AE9: =+Y9-AB9 -> 16251.646 | AF9: =+Z9-AC9 -> 15489.259 | AG9: =+AA9-AD9 -> 16065.284
B10: 김포 | G10: =+I10 -> 김포 | I10: 김포 | J10: =+IFERROR(HLOOKUP($B10,'[1]4월'!$D$6:$BN$259,2,),)/1000 -> 16 | K10: =+IFERROR(HLOOKUP($B10,'[2]4월'!$F$6:$CP$99,2,),)/1000 -> 12.327 | L10: =+K10-J10 -> -3.673 | M10: =+IFERROR(HLOOKUP($B10,'[3]4월'!$F$6:$CC$57,2,),)/1000 -> 17.5985 | N10: =+K10-M10 -> -5.2715 | O10: =+IFERROR(HLOOKUP($B10,'[1]4월'!$D$6:$BN$259,3,),)/1000 -> 1519.7024 | P10: =+IFERROR(HLOOKUP($B10,'[2]4월'!$F$6:$CP$99,3,),)/1000 -> 1182.47 | Q10: =+P10-O10 -> -337.23239 | R10: =+IFERROR(HLOOKUP($B10,'[3]4월'!$F$6:$CC$57,3,),)/1000 -> 1762.1677 | S10: =+P10-R10 -> -579.69775 | T10: =+IFERROR(HLOOKUP($B10,'[1]4월'!$D$6:$BN$259,16,),)/1000 -> 109.18153 | U10: =+IFERROR(HLOOKUP($B10,'[2]4월'!$F$6:$CP$99,16,),)/1000 -> 64.83259 | V10: =+U10-T10 -> -44.348936 | W10: =+IFERROR(HLOOKUP($B10,'[3]4월'!$F$6:$CC$57,16,),)/1000 -> 272.51274 | X10: =+U10-W10 -> -207.68015 | Y10: =+[4]김포!$Q$85 -> 94981.397 | Z10: =+[4]김포!$R$85 -> 96085.257 | AA10: =+[5]김포!$Q$85 -> 100131.7 | AB10: =+[4]김포!$Q$89 -> 76890.48 | AC10: =+[4]김포!$R$89 -> 76364.794 | AD10: =+[5]김포!$Q$89 -> 75716.071 | AE10: =+Y10-AB10 -> 18090.917 | AF10: =+Z10-AC10 -> 19720.464 | AG10: =+AA10-AD10 -> 24415.629
B11: 부산 | G11: =+I11 -> 부산 | I11: 부산 | J11: =+IFERROR(HLOOKUP($B11,'[1]4월'!$D$6:$BN$259,2,),)/1000 -> 21 | K11: =+IFERROR(HLOOKUP($B11,'[2]4월'!$F$6:$CP$99,2,),)/1000 -> 20.499 | L11: =+K11-J11 -> -0.501 | M11: =+IFERROR(HLOOKUP($B11,'[3]4월'!$F$6:$CC$57,2,),)/1000 -> 22.909 | N11: =+K11-M11 -> -2.41 | O11: =+IFERROR(HLOOKUP($B11,'[1]4월'!$D$6:$BN$259,3,),)/1000 -> 2261.6911 | P11: =+IFERROR(HLOOKUP($B11,'[2]4월'!$F$6:$CP$99,3,),)/1000 -> 2136.8245 | Q11: =+P11-O11 -> -124.86659 | R11: =+IFERROR(HLOOKUP($B11,'[3]4월'!$F$6:$CC$57,3,),)/1000 -> 2386.548 | S11: =+P11-R11 -> -249.72353 | T11: =+IFERROR(HLOOKUP($B11,'[1]4월'!$D$6:$BN$259,16,),)/1000 -> 236.95571 | U11: =+IFERROR(HLOOKUP($B11,'[2]4월'!$F$6:$CP$99,16,),)/1000 -> 112.51179 | V11: =+U11-T11 -> -124.44392 | W11: =+IFERROR(HLOOKUP($B11,'[3]4월'!$F$6:$CC$57,16,),)/1000 -> 252.58252 | X11: =+U11-W11 -> -140.07073 | Y11: =+[4]부산!$Q$85 -> 107699.58 | Z11: =+[4]부산!$R$85 -> 104240.43 | AA11: =+[5]부산!$Q$85 -> 104175.13 | AB11: =+[4]부산!$Q$89 -> 84183.56 | AC11: =+[4]부산!$R$89 -> 86169.896 | AD11: =+[5]부산!$Q$89 -> 81975.794 | AE11: =+Y11-AB11 -> 23516.016 | AF11: =+Z11-AC11 -> 18070.53 | AG11: =+AA11-AD11 -> 22199.335
B12: 서부산 | G12: =+I12 -> 서부산 | I12: 서부산 | J12: =+IFERROR(HLOOKUP($B12,'[1]4월'!$D$6:$BN$259,2,),)/1000 -> 22 | K12: =+IFERROR(HLOOKUP($B12,'[2]4월'!$F$6:$CP$99,2,),)/1000 -> 19.392 | L12: =+K12-J12 -> -2.608 | M12: =+IFERROR(HLOOKUP($B12,'[3]4월'!$F$6:$CC$57,2,),)/1000 -> 25.12 | N12: =+K12-M12 -> -5.728 | O12: =+IFERROR(HLOOKUP($B12,'[1]4월'!$D$6:$BN$259,3,),)/1000 -> 2184.6009 | P12: =+IFERROR(HLOOKUP($B12,'[2]4월'!$F$6:$CP$99,3,),)/1000 -> 1895.2186 | Q12: =+P12-O12 -> -289.38235 | R12: =+IFERROR(HLOOKUP($B12,'[3]4월'!$F$6:$CC$57,3,),)/1000 -> 2565.4978 | S12: =+P12-R12 -> -670.2792 | T12: =+IFERROR(HLOOKUP($B12,'[1]4월'!$D$6:$BN$259,16,),)/1000 -> 210.32021 | U12: =+IFERROR(HLOOKUP($B12,'[2]4월'!$F$6:$CP$99,16,),)/1000 -> 155.86617 | V12: =+U12-T12 -> -54.45404 | W12: =+IFERROR(HLOOKUP($B12,'[3]4월'!$F$6:$CC$57,16,),)/1000 -> 358.97475 | X12: =+U12-W12 -> -203.10859 | Y12: =+[4]서부산!$Q$85 -> 99300.043 | Z12: =+[4]서부산!$R$85 -> 97731.982 | AA12: =+[5]서부산!$Q$85 -> 102129.69 | AB12: =+[4]서부산!$Q$89 -> 78928.445 | AC12: =+[4]서부산!$R$89 -> 77327.458 | AD12: =+[5]서부산!$Q$89 -> 78340.861 | AE12: =+Y12-AB12 -> 20371.598 | AF12: =+Z12-AC12 -> 20404.524 | AG12: =+AA12-AD12 -> 23788.829
B13: 김해 | G13: =+I13 -> 김해 | I13: 김해 | J13: =+IFERROR(HLOOKUP($B13,'[1]4월'!$D$6:$BN$259,2,),)/1000 -> 15 | K13: =+IFERROR(HLOOKUP($B13,'[2]4월'!$F$6:$CP$99,2,),)/1000 -> 11.975 | L13: =+K13-J13 -> -3.025 | M13: =+IFERROR(HLOOKUP($B13,'[3]4월'!$F$6:$CC$57,2,),)/1000 -> 17.236 | N13: =+K13-M13 -> -5.261 | O13: =+IFERROR(HLOOKUP($B13,'[1]4월'!$D$6:$BN$259,3,),)/1000 -> 1444.4978 | P13: =+IFERROR(HLOOKUP($B13,'[2]4월'!$F$6:$CP$99,3,),)/1000 -> 1030.4699 | Q13: =+P13-O13 -> -414.0279 | R13: =+IFERROR(HLOOKUP($B13,'[3]4월'!$F$6:$CC$57,3,),)/1000 -> 1721.9678 | S13: =+P13-R13 -> -691.4979 | T13: =+IFERROR(HLOOKUP($B13,'[1]4월'!$D$6:$BN$259,16,),)/1000 -> 150.40606 | U13: =+IFERROR(HLOOKUP($B13,'[2]4월'!$F$6:$CP$99,16,),)/1000 -> -22.904841 | V13: =+U13-T13 -> -173.3109 | W13: =+IFERROR(HLOOKUP($B13,'[3]4월'!$F$6:$CC$57,16,),)/1000 -> 209.1524 | X13: =+U13-W13 -> -232.05724 | Y13: =+[4]김해!$Q$85 -> 96299.853 | Z13: =+[4]김해!$R$85 -> 86017.766 | AA13: =+[5]김해!$Q$85 -> 99943.842 | AB13: =+[4]김해!$Q$89 -> 75958.305 | AC13: =+[4]김해!$R$89 -> 75417.831 | AD13: =+[5]김해!$Q$89 -> 79096.377 | AE13: =+Y13-AB13 -> 20341.548 | AF13: =+Z13-AC13 -> 10599.936 | AG13: =+AA13-AD13 -> 20847.465
B14: 정관 | G14: =+I14 -> 정관 | I14: 정관 | J14: =+IFERROR(HLOOKUP($B14,'[1]4월'!$D$6:$BN$259,2,),)/1000 -> 20 | K14: =+IFERROR(HLOOKUP($B14,'[2]4월'!$F$6:$CP$99,2,),)/1000 -> 23.6285 | L14: =+K14-J14 -> 3.6285 | M14: =+IFERROR(HLOOKUP($B14,'[3]4월'!$F$6:$CC$57,2,),)/1000 -> 21.272 | N14: =+K14-M14 -> 2.3565 | O14: =+IFERROR(HLOOKUP($B14,'[1]4월'!$D$6:$BN$259,3,),)/1000 -> 2039.9953 | P14: =+IFERROR(HLOOKUP($B14,'[2]4월'!$F$6:$CP$99,3,),)/1000 -> 2450.8407 | Q14: =+P14-O14 -> 410.84542 | R14: =+IFERROR(HLOOKUP($B14,'[3]4월'!$F$6:$CC$57,3,),)/1000 -> 2214.5889 | S14: =+P14-R14 -> 236.2518 | T14: =+IFERROR(HLOOKUP($B14,'[1]4월'!$D$6:$BN$259,16,),)/1000 -> 180.25227 | U14: =+IFERROR(HLOOKUP($B14,'[2]4월'!$F$6:$CP$99,16,),)/1000 -> 280.09121 | V14: =+U14-T14 -> 99.838939 | W14: =+IFERROR(HLOOKUP($B14,'[3]4월'!$F$6:$CC$57,16,),)/1000 -> 247.37615 | X14: =+U14-W14 -> 32.715061 | Y14: =+[4]정관!$Q$85 -> 101999.76 | Z14: =+[4]정관!$R$85 -> 103723.92 | AA14: =+[5]정관!$Q$85 -> 104108.17 | AB14: =+[4]정관!$Q$89 -> 82026.06 | AC14: =+[4]정관!$R$89 -> 83859.793 | AD14: =+[5]정관!$Q$89 -> 82781.134 | AE14: =+Y14-AB14 -> 19973.704 | AF14: =+Z14-AC14 -> 19864.129 | AG14: =+AA14-AD14 -> 21327.032
B15: 양산 | G15: =+I15 -> 양산 | I15: 양산 | J15: =+IFERROR(HLOOKUP($B15,'[1]4월'!$D$6:$BN$259,2,),)/1000 -> 12 | K15: =+IFERROR(HLOOKUP($B15,'[2]4월'!$F$6:$CP$99,2,),)/1000 -> 6.277 | L15: =+K15-J15 -> -5.723 | M15: =+IFERROR(HLOOKUP($B15,'[3]4월'!$F$6:$CC$57,2,),)/1000 -> 12.804 | N15: =+K15-M15 -> -6.527 | O15: =+IFERROR(HLOOKUP($B15,'[1]4월'!$D$6:$BN$259,3,),)/1000 -> 1133.46 | P15: =+IFERROR(HLOOKUP($B15,'[2]4월'!$F$6:$CP$99,3,),)/1000 -> 579.56165 | Q15: =+P15-O15 -> -553.89835 | R15: =+IFERROR(HLOOKUP($B15,'[3]4월'!$F$6:$CC$57,3,),)/1000 -> 1198.3639 | S15: =+P15-R15 -> -618.8023 | T15: =+IFERROR(HLOOKUP($B15,'[1]4월'!$D$6:$BN$259,16,),)/1000 -> 107.58257 | U15: =+IFERROR(HLOOKUP($B15,'[2]4월'!$F$6:$CP$99,16,),)/1000 -> -26.417206 | V15: =+U15-T15 -> -133.99978 | W15: =+IFERROR(HLOOKUP($B15,'[3]4월'!$F$6:$CC$57,16,),)/1000 -> 114.7124 | X15: =+U15-W15 -> -141.1296 | Y15: =+[4]양산!$Q$85 -> 94455 | Z15: =+[4]양산!$R$85 -> 92330.994 | AA15: =+[5]양산!$Q$85 -> 93592.935 | AB15: =+[4]양산!$Q$89 -> 73683.516 | AC15: =+[4]양산!$R$89 -> 72880.116 | AD15: =+[5]양산!$Q$89 -> 73554.02 | AE15: =+Y15-AB15 -> 20771.484 | AF15: =+Z15-AC15 -> 19450.879 | AG15: =+AA15-AD15 -> 20038.915
B16: 창원 | G16: =+I16 -> 창원 | I16: 창원 | J16: =+IFERROR(HLOOKUP($B16,'[1]4월'!$D$6:$BN$259,2,),)/1000 -> 13 | K16: =+IFERROR(HLOOKUP($B16,'[2]4월'!$F$6:$CP$99,2,),)/1000 -> 12.462 | L16: =+K16-J16 -> -0.538 | M16: =+IFERROR(HLOOKUP($B16,'[3]4월'!$F$6:$CC$57,2,),)/1000 -> 19.1115 | N16: =+K16-M16 -> -6.6495 | O16: =+IFERROR(HLOOKUP($B16,'[1]4월'!$D$6:$BN$259,3,),)/1000 -> 1300.0008 | P16: =+IFERROR(HLOOKUP($B16,'[2]4월'!$F$6:$CP$99,3,),)/1000 -> 1202.3307 | Q16: =+P16-O16 -> -97.670077 | R16: =+IFERROR(HLOOKUP($B16,'[3]4월'!$F$6:$CC$57,3,),)/1000 -> 1984.4876 | S16: =+P16-R16 -> -782.15685 | T16: =+IFERROR(HLOOKUP($B16,'[1]4월'!$D$6:$BN$259,16,),)/1000 -> 133.4246 | U16: =+IFERROR(HLOOKUP($B16,'[2]4월'!$F$6:$CP$99,16,),)/1000 -> 126.42044 | V16: =+U16-T16 -> -7.0041638 | W16: =+IFERROR(HLOOKUP($B16,'[3]4월'!$F$6:$CC$57,16,),)/1000 -> 350.89098 | X16: =+U16-W16 -> -224.47054 | Y16: =+[4]창원!$Q$85 -> 100000.06 | Z16: =+[4]창원!$R$85 -> 96479.754 | AA16: =+[5]창원!$Q$85 -> 103837.35 | AB16: =+[4]창원!$Q$89 -> 75916.258 | AC16: =+[4]창원!$R$89 -> 72322.007 | AD16: =+[5]창원!$Q$89 -> 74909.07 | AE16: =+Y16-AB16 -> 24083.802 | AF16: =+Z16-AC16 -> 24157.748 | AG16: =+AA16-AD16 -> 28928.282
B17: 대구 | G17: =+I17 -> 대구 | I17: 대구 | J17: =+IFERROR(HLOOKUP($B17,'[1]4월'!$D$6:$BN$259,2,),)/1000 -> 12.5 | K17: =+IFERROR(HLOOKUP($B17,'[2]4월'!$F$6:$CP$99,2,),)/1000 -> 11.7315 | L17: =+K17-J17 -> -0.7685 | M17: =+IFERROR(HLOOKUP($B17,'[3]4월'!$F$6:$CC$57,2,),)/1000 -> 17.659 | N17: =+K17-M17 -> -5.9275 | O17: =+IFERROR(HLOOKUP($B17,'[1]4월'!$D$6:$BN$259,3,),)/1000 -> 1221.1001 | P17: =+IFERROR(HLOOKUP($B17,'[2]4월'!$F$6:$CP$99,3,),)/1000 -> 1058.2244 | Q17: =+P17-O17 -> -162.87565 | R17: =+IFERROR(HLOOKUP($B17,'[3]4월'!$F$6:$CC$57,3,),)/1000 -> 1760.5862 | S17: =+P17-R17 -> -702.36175 | T17: =+IFERROR(HLOOKUP($B17,'[1]4월'!$D$6:$BN$259,16,),)/1000 -> 123.74206 | U17: =+IFERROR(HLOOKUP($B17,'[2]4월'!$F$6:$CP$99,16,),)/1000 -> 50.698716 | V17: =+U17-T17 -> -73.043346 | W17: =+IFERROR(HLOOKUP($B17,'[3]4월'!$F$6:$CC$57,16,),)/1000 -> 287.68352 | X17: =+U17-W17 -> -236.9848 | Y17: =+[4]대구!$Q$85 -> 97688.008 | Z17: =+[4]대구!$R$85 -> 90203.678 | AA17: =+[5]대구!$Q$85 -> 99699.088 | AB17: =+[4]대구!$Q$89 -> 72963.433 | AC17: =+[4]대구!$R$89 -> 72248.873 | AD17: =+[5]대구!$Q$89 -> 73859.704 | AE17: =+Y17-AB17 -> 24724.575 | AF17: =+Z17-AC17 -> 17954.805 | AG17: =+AA17-AD17 -> 25839.384
B18: 울산 | G18: =+I18 -> 울산 | I18: 울산 | J18: =+IFERROR(HLOOKUP($B18,'[1]4월'!$D$6:$BN$259,2,),)/1000 -> 13 | K18: =+IFERROR(HLOOKUP($B18,'[2]4월'!$F$6:$CP$99,2,),)/1000 -> 13.906 | L18: =+K18-J18 -> 0.906 | M18: =+IFERROR(HLOOKUP($B18,'[3]4월'!$F$6:$CC$57,2,),)/1000 -> 11.11 | N18: =+K18-M18 -> 2.796 | O18: =+IFERROR(HLOOKUP($B18,'[1]4월'!$D$6:$BN$259,3,),)/1000 -> 1326.078 | P18: =+IFERROR(HLOOKUP($B18,'[2]4월'!$F$6:$CP$99,3,),)/1000 -> 1439.8668 | Q18: =+P18-O18 -> 113.7888 | R18: =+IFERROR(HLOOKUP($B18,'[3]4월'!$F$6:$CC$57,3,),)/1000 -> 1127.6673 | S18: =+P18-R18 -> 312.1995 | T18: =+IFERROR(HLOOKUP($B18,'[1]4월'!$D$6:$BN$259,16,),)/1000 -> 114.98218 | U18: =+IFERROR(HLOOKUP($B18,'[2]4월'!$F$6:$CP$99,16,),)/1000 -> 174.90096 | V18: =+U18-T18 -> 59.918781 | W18: =+IFERROR(HLOOKUP($B18,'[3]4월'!$F$6:$CC$57,16,),)/1000 -> 133.17269 | X18: =+U18-W18 -> 41.728269 | Y18: =+[4]울산!$Q$85 -> 102006 | Z18: =+[4]울산!$R$85 -> 103542.84 | AA18: =+[5]울산!$Q$85 -> 101500.21 | AB18: =+[4]울산!$Q$89 -> 81874.025 | AC18: =+[4]울산!$R$89 -> 80692.96 | AD18: =+[5]울산!$Q$89 -> 78272.849 | AE18: =+Y18-AB18 -> 20131.975 | AF18: =+Z18-AC18 -> 22849.885 | AG18: =+AA18-AD18 -> 23227.358
B19: 아산 | G19: =+I19 -> 아산 | I19: 아산 | J19: =+IFERROR(HLOOKUP($B19,'[1]4월'!$D$6:$BN$259,2,),)/1000 -> 25 | K19: =+IFERROR(HLOOKUP($B19,'[2]4월'!$F$6:$CP$99,2,),)/1000 -> 23.173 | L19: =+K19-J19 -> -1.827 | M19: =+IFERROR(HLOOKUP($B19,'[3]4월'!$F$6:$CC$57,2,),)/1000 -> 30.069 | N19: =+K19-M19 -> -6.896 | O19: =+IFERROR(HLOOKUP($B19,'[1]4월'!$D$6:$BN$259,3,),)/1000 -> 2575 | P19: =+IFERROR(HLOOKUP($B19,'[2]4월'!$F$6:$CP$99,3,),)/1000 -> 2210.5821 | Q19: =+P19-O19 -> -364.41793 | R19: =+IFERROR(HLOOKUP($B19,'[3]4월'!$F$6:$CC$57,3,),)/1000 -> 3153.8162 | S19: =+P19-R19 -> -943.23413 | T19: =+IFERROR(HLOOKUP($B19,'[1]4월'!$D$6:$BN$259,16,),)/1000 -> 367.52539 | U19: =+IFERROR(HLOOKUP($B19,'[2]4월'!$F$6:$CP$99,16,),)/1000 -> 177.27361 | V19: =+U19-T19 -> -190.25178 | W19: =+IFERROR(HLOOKUP($B19,'[3]4월'!$F$6:$CC$57,16,),)/1000 -> 538.83441 | X19: =+U19-W19 -> -361.5608 | Y19: =+[4]아산!$Q$85 -> 103000 | Z19: =+[4]아산!$R$85 -> 95394.73 | AA19: =+[5]아산!$Q$85 -> 104707.69 | AB19: =+[4]아산!$Q$89 -> 78535.543 | AC19: =+[4]아산!$R$89 -> 77222.153 | AD19: =+[5]아산!$Q$89 -> 77280.259 | AE19: =+Y19-AB19 -> 24464.457 | AF19: =+Z19-AC19 -> 18172.577 | AG19: =+AA19-AD19 -> 27427.434
B20: 전주 | G20: =+I20 -> 전주 | I20: 전주 | J20: =+IFERROR(HLOOKUP($B20,'[1]4월'!$D$6:$BN$259,2,),)/1000 -> 11 | K20: =+IFERROR(HLOOKUP($B20,'[2]4월'!$F$6:$CP$99,2,),)/1000 -> 17.106 | L20: =+K20-J20 -> 6.106 | M20: =+IFERROR(HLOOKUP($B20,'[3]4월'!$F$6:$CC$57,2,),)/1000 -> 9.772 | N20: =+K20-M20 -> 7.334 | O20: =+IFERROR(HLOOKUP($B20,'[1]4월'!$D$6:$BN$259,3,),)/1000 -> 1067.6502 | P20: =+IFERROR(HLOOKUP($B20,'[2]4월'!$F$6:$CP$99,3,),)/1000 -> 1690.8336 | Q20: =+P20-O20 -> 623.18337 | R20: =+IFERROR(HLOOKUP($B20,'[3]4월'!$F$6:$CC$57,3,),)/1000 -> 934.79442 | S20: =+P20-R20 -> 756.03913 | T20: =+IFERROR(HLOOKUP($B20,'[1]4월'!$D$6:$BN$259,16,),)/1000 -> 113.79379 | U20: =+IFERROR(HLOOKUP($B20,'[2]4월'!$F$6:$CP$99,16,),)/1000 -> 227.34832 | V20: =+U20-T20 -> 113.55453 | W20: =+IFERROR(HLOOKUP($B20,'[3]4월'!$F$6:$CC$57,16,),)/1000 -> 98.974598 | X20: =+U20-W20 -> 128.37372 | Y20: =+[4]전주!$Q$85 -> 97059.107 | Z20: =+[4]전주!$R$85 -> 98858.36 | AA20: =+[5]전주!$Q$85 -> 95671.078 | AB20: =+[4]전주!$Q$89 -> 72864.539 | AC20: =+[4]전주!$R$89 -> 76136.612 | AD20: =+[5]전주!$Q$89 -> 70537.059 | AE20: =+Y20-AB20 -> 24194.568 | AF20: =+Z20-AC20 -> 22721.748 | AG20: =+AA20-AD20 -> 25134.02
B21: 군산 | G21: =+I21 -> 군산 | I21: 군산 | J21: =+IFERROR(HLOOKUP($B21,'[1]4월'!$D$6:$BN$259,2,),)/1000 -> 8 | K21: =+IFERROR(HLOOKUP($B21,'[2]4월'!$F$6:$CP$99,2,),)/1000 -> 7.043 | L21: =+K21-J21 -> -0.957 | M21: =+IFERROR(HLOOKUP($B21,'[3]4월'!$F$6:$CC$57,2,),)/1000 -> 10.98 | N21: =+K21-M21 -> -3.937 | O21: =+IFERROR(HLOOKUP($B21,'[1]4월'!$D$6:$BN$259,3,),)/1000 -> 878.93212 | P21: =+IFERROR(HLOOKUP($B21,'[2]4월'!$F$6:$CP$99,3,),)/1000 -> 750.89675 | Q21: =+P21-O21 -> -128.03537 | R21: =+IFERROR(HLOOKUP($B21,'[3]4월'!$F$6:$CC$57,3,),)/1000 -> 1236.6071 | S21: =+P21-R21 -> -485.71033 | T21: =+IFERROR(HLOOKUP($B21,'[1]4월'!$D$6:$BN$259,16,),)/1000 -> 219.11095 | U21: =+IFERROR(HLOOKUP($B21,'[2]4월'!$F$6:$CP$99,16,),)/1000 -> 173.95167 | V21: =+U21-T21 -> -45.15928 | W21: =+IFERROR(HLOOKUP($B21,'[3]4월'!$F$6:$CC$57,16,),)/1000 -> 393.17557 | X21: =+U21-W21 -> -219.2239 | Y21: =+[4]군산!$Q$85 -> 109866.52 | Z21: =+[4]군산!$R$85 -> 106616.04 | AA21: =+[5]군산!$Q$85 -> 112623.6 | AB21: =+[4]군산!$Q$89 -> 72311.475 | AC21: =+[4]군산!$R$89 -> 69387.862 | AD21: =+[5]군산!$Q$89 -> 69227.207 | AE21: =+Y21-AB21 -> 37555.04 | AF21: =+Z21-AC21 -> 37228.175 | AG21: =+AA21-AD21 -> 43396.388
B22: 원주 | G22: =+I22 -> 원주 | I22: 원주 | J22: =+IFERROR(HLOOKUP($B22,'[1]4월'!$D$6:$BN$259,2,),)/1000 -> 5 | K22: =+IFERROR(HLOOKUP($B22,'[2]4월'!$F$6:$CP$99,2,),)/1000 -> 2.5685 | L22: =+K22-J22 -> -2.4315 | M22: =+IFERROR(HLOOKUP($B22,'[3]4월'!$F$6:$CC$57,2,),)/1000 -> 6.9255 | N22: =+K22-M22 -> -4.357 | O22: =+IFERROR(HLOOKUP($B22,'[1]4월'!$D$6:$BN$259,3,),)/1000 -> 560 | P22: =+IFERROR(HLOOKUP($B22,'[2]4월'!$F$6:$CP$99,3,),)/1000 -> 290.20385 | Q22: =+P22-O22 -> -269.79615 | R22: =+IFERROR(HLOOKUP($B22,'[3]4월'!$F$6:$CC$57,3,),)/1000 -> 765.70114 | S22: =+P22-R22 -> -475.4973 | T22: =+IFERROR(HLOOKUP($B22,'[1]4월'!$D$6:$BN$259,16,),)/1000 -> 97.265946 | U22: =+IFERROR(HLOOKUP($B22,'[2]4월'!$F$6:$CP$99,16,),)/1000 -> 14.251573 | V22: =+U22-T22 -> -83.014373 | W22: =+IFERROR(HLOOKUP($B22,'[3]4월'!$F$6:$CC$57,16,),)/1000 -> 170.20888 | X22: =+U22-W22 -> -155.95731 | Y22: =+[4]원주!$Q$85 -> 112000 | Z22: =+[4]원주!$R$85 -> 112985.73 | AA22: =+[5]원주!$Q$85 -> 110562.58 | AB22: =+[4]원주!$Q$89 -> 72748.332 | AC22: =+[4]원주!$R$89 -> 73010.818 | AD22: =+[5]원주!$Q$89 -> 72123.369 | AE22: =+Y22-AB22 -> 39251.668 | AF22: =+Z22-AC22 -> 39974.913 | AG22: =+AA22-AD22 -> 38439.211
B23: 제주 | G23: =+I23 -> 제주 | I23: 제주 | J23: =+IFERROR(HLOOKUP($B23,'[1]4월'!$D$6:$BN$259,2,),)/1000 -> 8 | K23: =+IFERROR(HLOOKUP($B23,'[2]4월'!$F$6:$CP$99,2,),)/1000 -> 7.3395 | L23: =+K23-J23 -> -0.6605 | M23: =+IFERROR(HLOOKUP($B23,'[3]4월'!$F$6:$CC$57,2,),)/1000 -> 3.556 | N23: =+K23-M23 -> 3.7835 | O23: =+IFERROR(HLOOKUP($B23,'[1]4월'!$D$6:$BN$259,3,),)/1000 -> 980.908 | P23: =+IFERROR(HLOOKUP($B23,'[2]4월'!$F$6:$CP$99,3,),)/1000 -> 910.08608 | Q23: =+P23-O23 -> -70.821919 | R23: =+IFERROR(HLOOKUP($B23,'[3]4월'!$F$6:$CC$57,3,),)/1000 -> 454.84141 | S23: =+P23-R23 -> 455.24467 | T23: =+IFERROR(HLOOKUP($B23,'[1]4월'!$D$6:$BN$259,16,),)/1000 -> 146.51892 | U23: =+IFERROR(HLOOKUP($B23,'[2]4월'!$F$6:$CP$99,16,),)/1000 -> 128.44487 | V23: =+U23-T23 -> -18.07405 | W23: =+IFERROR(HLOOKUP($B23,'[3]4월'!$F$6:$CC$57,16,),)/1000 -> 53.489504 | X23: =+U23-W23 -> 74.955367 | Y23: =+[4]제주!$Q$85 -> 122613.5 | Z23: =+[4]제주!$R$85 -> 123584.35 | AA23: =+[5]제주!$Q$85 -> 127908.16 | AB23: =+[4]제주!$Q$89 -> 91127.321 | AC23: =+[4]제주!$R$89 -> 91260.284 | AD23: =+[5]제주!$Q$89 -> 87547.524 | AE23: =+Y23-AB23 -> 31486.179 | AF23: =+Z23-AC23 -> 32324.069 | AG23: =+AA23-AD23 -> 40360.635
F24: =+K24/J24 -> 0.90683636 | G24: =+I24 -> 수도권 | I24: 수도권 | J24: =SUM(J7:J10) -> 110 | K24: =SUM(K7:K10) -> 99.752 | L24: =+K24-J24 -> -10.248 | M24: =SUM(M7:M10) -> 122.5135 | N24: =+K24-M24 -> -22.7615 | O24: =SUM(O7:O10) -> 10704.768 | P24: =SUM(P7:P10) -> 9616.3146 | Q24: =+P24-O24 -> -1088.4532 | R24: =SUM(R7:R10) -> 12227.972 | S24: =+P24-R24 -> -2611.6572 | T24: =SUM(T7:T10) -> 829.31606 | U24: =SUM(U7:U10) -> 593.23161 | V24: =+U24-T24 -> -236.08445 | W24: =SUM(W7:W10) -> 1426.0178 | X24: =+U24-W24 -> -832.78619 | Y24: =+[4]수도권!$Q$85 -> 97316.07 | Z24: =+[4]수도권!$R$85 -> 96454.113 | AA24: =+[5]수도권!$Q$85 -> 99830.046 | AB24: =+[4]수도권!$Q$89 -> 80692.152 | AC24: =+[4]수도권!$R$89 -> 80081.525 | AD24: =+[5]수도권!$Q$89 -> 80098.575 | AE24: =+Y24-AB24 -> 16623.918 | AF24: =+Z24-AC24 -> 16372.588 | AG24: =+AA24-AD24 -> 19731.47
F25: =+K25/J25 -> 0.93284825 | G25: =+I25 -> 영남권 | I25: 영남권 | J25: =SUM(J11:J18) -> 128.5 | K25: =SUM(K11:K18) -> 119.871 | L25: =+K25-J25 -> -8.629 | M25: =SUM(M11:M18) -> 147.2215 | N25: =+K25-M25 -> -27.3505 | O25: =SUM(O11:O18) -> 12911.424 | P25: =SUM(P11:P18) -> 11793.337 | Q25: =+P25-O25 -> -1118.0867 | R25: =SUM(R11:R18) -> 14959.708 | S25: =+P25-R25 -> -3166.3702 | T25: =SUM(T11:T18) -> 1257.6657 | U25: =SUM(U11:U18) -> 851.16723 | V25: =+U25-T25 -> -406.49843 | W25: =SUM(W11:W18) -> 1954.5454 | X25: =+U25-W25 -> -1103.3782 | Y25: =+[4]영남권!$Q$85 -> 100478.01 | Z25: =+[4]영남권!$R$85 -> 98385.129 | AA25: =+[5]영남권!$Q$85 -> 101618.83 | AB25: =+[4]영남권!$Q$89 -> 78845.876 | AC25: =+[4]영남권!$R$89 -> 79072.358 | AD25: =+[5]영남권!$Q$89 -> 78242.384 | AE25: =+Y25-AB25 -> 21632.131 | AF25: =+Z25-AC25 -> 19312.771 | AG25: =+AA25-AD25 -> 23376.451
F26: =+K26/J26 -> 1.0040351 | G26: =+I26 -> 중부권 | I26: 중부권 | J26: =SUM(J19:J23) -> 57 | K26: =SUM(K19:K23) -> 57.23 | L26: =+K26-J26 -> 0.23 | M26: =SUM(M19:M23) -> 61.3025 | N26: =+K26-M26 -> -4.0725 | O26: =SUM(O19:O23) -> 6062.4903 | P26: =SUM(P19:P23) -> 5852.6023 | Q26: =+P26-O26 -> -209.888 | R26: =SUM(R19:R23) -> 6545.7603 | S26: =+P26-R26 -> -693.15796 | T26: =SUM(T19:T23) -> 944.21499 | U26: =SUM(U19:U23) -> 721.27004 | V26: =+U26-T26 -> -222.94495 | W26: =SUM(W19:W23) -> 1254.683 | X26: =+U26-W26 -> -533.41293 | Y26: =+[4]중부권!$Q$85 -> 106359.48 | Z26: =+[4]중부권!$R$85 -> 102148.63 | AA26: =+[5]중부권!$Q$85 -> 106728.9 | AB26: =+[4]중부권!$Q$89 -> 77827.202 | AC26: =+[4]중부권!$R$89 -> 77500.622 | AD26: =+[5]중부권!$Q$89 -> 74744.194 | AE26: =+Y26-AB26 -> 28532.277 | AF26: =+Z26-AC26 -> 24648.008 | AG26: =+AA26-AD26 -> 31984.708
F27: =+K27/M27 -> 0.83631915 | G27: =+K27/J27 -> 0.93689679 | H27: 레미콘 계 | J27: =SUM(J24:J26) -> 295.5 | K27: =SUM(K24:K26) -> 276.853 | L27: =+K27-J27 -> -18.647 | M27: =SUM(M24:M26) -> 331.0375 | N27: =+K27-M27 -> -54.1845 | O27: =SUM(O24:O26) -> 29678.682 | P27: =SUM(P24:P26) -> 27262.254 | Q27: =+P27-O27 -> -2416.4278 | R27: =SUM(R24:R26) -> 33733.44 | S27: =+P27-R27 -> -6471.1854 | T27: =SUM(T24:T26) -> 3031.1967 | U27: =SUM(U24:U26) -> 2165.6689 | V27: =+U27-T27 -> -865.52784 | W27: =SUM(W24:W26) -> 4635.2462 | X27: =+U27-W27 -> -2469.5773 | Y27: =+[4]합계!$Q$85 -> 100435.47 | Z27: =+[4]합계!$R$85 -> 98470.346 | AA27: =+[5]합계!$Q$85 -> 101892.73 | AB27: =+[4]합계!$Q$89 -> 79336.658 | AC27: =+[4]합계!$R$89 -> 79109.225 | AD27: =+[5]합계!$Q$89 -> 78288.565 | AE27: =+Y27-AB27 -> 21098.815 | AF27: =+Z27-AC27 -> 19361.122 | AG27: =+AA27-AD27 -> 23604.168 | AI27: =+AF27-AE27 -> -1737.693 | AJ27: =+AF27-AG27 -> -4243.0462
B28: 건자재 | E28: 건자재영업 | G28: 건자재 | H28: 건자재 | J28: =+IFERROR(HLOOKUP($B28,'[1]4월'!$D$6:$BN$259,2,),) -> 11100 | K28: =+IFERROR(HLOOKUP($E28,'[2]4월'!$F$6:$CP$99,2,),) -> 11123.665 | L28: =+K28-J28 -> 23.665 | M28: =+IFERROR(HLOOKUP($E28,'[3]4월'!$F$6:$CC$57,2,),) -> 8574.983 | N28: =+K28-M28 -> 2548.682 | O28: =+IFERROR(HLOOKUP($B28,'[1]4월'!$D$6:$BN$259,3,),)/1000 -> 12145.191 | P28: =+IFERROR(HLOOKUP($E28,'[2]4월'!$F$6:$CP$99,3,),)/1000 -> 10147.504 | Q28: =+P28-O28 -> -1997.6868 | R28: =+IFERROR(HLOOKUP($E28,'[3]4월'!$F$6:$CC$57,3,),)/1000 -> 8822.0395 | S28: =+P28-R28 -> 1325.4647 | T28: =+IFERROR(HLOOKUP($B28,'[1]4월'!$D$6:$BN$259,16,),)/1000 -> 205.19181 | U28: =+IFERROR(HLOOKUP($E28,'[2]4월'!$F$6:$CP$99,16,),)/1000 -> -0.271546 | V28: =+U28-T28 -> -205.46336 | W28: =+IFERROR(HLOOKUP($E28,'[3]4월'!$F$6:$CC$57,16,),)/1000 -> -6.182668 | X28: =+U28-W28 -> 5.911122 | Y28: ■ 비고
B29: 부산모래장 | C29: 부산골재 | G29: =+I29 -> 부산모래장 | H29: 골재 | I29: 부산모래장 | J29: =+IFERROR(HLOOKUP($B29,'[1]4월'!$D$6:$BN$259,2,),)/1000 -> 17.946228 | K29: =+IFERROR(HLOOKUP($C29,'[2]4월'!$F$6:$CP$99,2,),)/1000 -> 25.409 | L29: =+K29-J29 -> 7.4627717 | M29: =+IFERROR(HLOOKUP($C29,'[3]4월'!$F$6:$CC$57,2,),)/1000 -> 20.579 | N29: =+K29-M29 -> 4.83 | O29: =+IFERROR(HLOOKUP($B29,'[1]4월'!$D$6:$BN$259,3,),)/1000 -> 733.57402 | P29: =+IFERROR(HLOOKUP($C29,'[2]4월'!$F$6:$CP$99,3,),)/1000 -> 749.494 | Q29: =+P29-O29 -> 15.919978 | R29: =+IFERROR(HLOOKUP($C29,'[3]4월'!$F$6:$CC$57,3,),)/1000 -> 653.70641 | S29: =+P29-R29 -> 95.787592 | T29: =+IFERROR(HLOOKUP($B29,'[1]4월'!$D$6:$BN$259,21,),)/1000 -> 232.34492 | U29: =+IFERROR(HLOOKUP($C29,'[2]4월'!$F$6:$CP$99,21,),)/1000 -> -18.692086 | V29: =+U29-T29 -> -251.037 | W29: =+IFERROR(HLOOKUP($C29,'[3]4월'!$F$6:$CC$57,21,),)/1000 -> 40.624192 | X29: =+U29-W29 -> -59.316278 | Y29: - 1군 소급분 : 76백만원(단위당 : 275원/㎥↓) → 롯데 등
B30: 서부산크라샤 | C30: 서부산골재 | G30: =+I30 -> 서부산CR | I30: 서부산CR | J30: =+IFERROR(HLOOKUP($B30,'[1]4월'!$D$6:$BN$259,2,),)/1000 -> 67.048245 | K30: =+IFERROR(HLOOKUP($C30,'[2]4월'!$F$6:$CP$99,2,),)/1000 -> 27.056 | L30: =+K30-J30 -> -39.992245 | M30: =+IFERROR(HLOOKUP($C30,'[3]4월'!$F$6:$CC$57,2,),)/1000 -> 27.24 | N30: =+K30-M30 -> -0.184 | O30: =+IFERROR(HLOOKUP($B30,'[1]4월'!$D$6:$BN$259,3,),)/1000 -> 988.54837 | P30: =+IFERROR(HLOOKUP($C30,'[2]4월'!$F$6:$CP$99,3,),)/1000 -> 390.312 | Q30: =+P30-O30 -> -598.23637 | R30: =+IFERROR(HLOOKUP($C30,'[3]4월'!$F$6:$CC$57,3,),)/1000 -> 382.248 | S30: =+P30-R30 -> 8.064 | T30: =+IFERROR(HLOOKUP($B30,'[1]4월'!$D$6:$BN$259,21,),)/1000 -> 238.82367 | U30: =+IFERROR(HLOOKUP($C30,'[2]4월'!$F$6:$CP$99,21,),)/1000 -> 105.22194 | V30: =+U30-T30 -> -133.60172 | W30: =+IFERROR(HLOOKUP($C30,'[3]4월'!$F$6:$CC$57,21,),)/1000 -> 61.107316 | X30: =+U30-W30 -> 44.114629 | Y30: - 1군 단가협상 : 천안 아산지역 2,600원/㎥↓, 창원 2,900원/㎥↓(4/1)
B31: 부산크라샤 | C31: 부산크라샤 | G31: =+I31 -> 부산CR | I31: 부산CR | J31: =+IFERROR(HLOOKUP($B31,'[1]4월'!$D$6:$BN$259,2,),)/1000 -> 0.0001 | K31: =+IFERROR(HLOOKUP($C31,'[2]4월'!$F$6:$CP$99,2,),)/1000 -> 15.56 | L31: =+K31-J31 -> 15.5599 | M31: =+IFERROR(HLOOKUP($C31,'[3]4월'!$F$6:$CC$57,2,),)/1000 -> 38.524 | N31: =+K31-M31 -> -22.964 | O31: =+IFERROR(HLOOKUP($B31,'[1]4월'!$D$6:$BN$259,3,),)/1000 -> 0 | P31: =+IFERROR(HLOOKUP($C31,'[2]4월'!$F$6:$CP$99,3,),)/1000 -> 309.26 | Q31: =+P31-O31 -> 309.26 | R31: =+IFERROR(HLOOKUP($C31,'[3]4월'!$F$6:$CC$57,3,),)/1000 -> 710.866 | S31: =+P31-R31 -> -401.606 | T31: =+IFERROR(HLOOKUP($B31,'[1]4월'!$D$6:$BN$259,21,),)/1000 -> -196.96017 | U31: =+IFERROR(HLOOKUP($C31,'[2]4월'!$F$6:$CP$99,21,),)/1000 -> -29.2233 | V31: =+U31-T31 -> 167.73687 | W31: =+IFERROR(HLOOKUP($C31,'[3]4월'!$F$6:$CC$57,21,),)/1000 -> 52.145938 | X31: =+U31-W31 -> -81.369237
H32: 골재 계 | J32: =SUM(J29:J31) -> 84.994573 | K32: =SUM(K29:K31) -> 68.025 | L32: =+K32-J32 -> -16.969573 | M32: =SUM(M29:M31) -> 86.343 | N32: =+K32-M32 -> -18.318 | O32: =SUM(O29:O31) -> 1722.1224 | P32: =SUM(P29:P31) -> 1449.066 | Q32: =+P32-O32 -> -273.05639 | R32: =SUM(R29:R31) -> 1746.8204 | S32: =+P32-R32 -> -297.75441 | T32: =SUM(T29:T31) -> 274.20842 | U32: =SUM(U29:U31) -> 57.306559 | V32: =+U32-T32 -> -216.90186 | W32: =SUM(W29:W31) -> 153.87745 | X32: =+U32-W32 -> -96.570887 | Y32: - 판매단가 : 대구권 단가협상 4,900원/㎥↓(5/1부)
B33: 포항임대 | C33: 속초임대 | D33: 강릉임대 | E33: 레미콘임대 계 | G33: =+I33 -> 레미콘임대 | H33: 기타 | I33: 레미콘임대 | L33: =+K33-J33 -> 0 | N33: =+K33-M33 -> 0 | O33: =(IFERROR(HLOOKUP($B33,'[1]4월'!$D$6:$BN$259,3,),)++IFERROR(HLOOKUP($C33,'[1]4월'!$D$6:$BN$259,3,),)+IFERROR(HLOOKUP($D33,'[1]4월'!$D$6:$BN$259,3,),))/1000 -> 66.666667 | P33: =+IFERROR(HLOOKUP($E33,'[2]4월'!$F$6:$CP$99,3,),)/1000 -> 43.34 | Q33: =+P33-O33 -> -23.326667 | R33: =+IFERROR(HLOOKUP($E33,'[3]4월'!$F$6:$CC$57,3,),)/1000 -> 90.84 | S33: =+P33-R33 -> -47.5 | T33: =(IFERROR(HLOOKUP($B33,'[1]4월'!$D$6:$BN$259,21,),)++IFERROR(HLOOKUP($C33,'[1]4월'!$D$6:$BN$259,21,),)+IFERROR(HLOOKUP($D33,'[1]4월'!$D$6:$BN$259,21,),))/1000 -> 48.349888 | U33: =+IFERROR(HLOOKUP($E33,'[2]4월'!$F$6:$CP$99,16,),)/1000 -> 23.021931 | V33: =+U33-T33 -> -25.327957 | W33: =+IFERROR(HLOOKUP($E33,'[3]4월'!$F$6:$CC$57,16,),)/1000 -> 71.958667 | X33: =+U33-W33 -> -48.936736 | Y33: - 운반비 : 영남권 MT운반비 2개년 합의 인상 적용(5/1)
B34: 부동산임대 | C34: 주유소임대 | E34: 임대 계 | G34: =+I34 -> 임대 | I34: 임대 | L34: =+K34-J34 -> 0 | M34: 0 | N34: =+K34-M34 -> 0 | O34: =(+IFERROR(HLOOKUP($B34,'[1]4월'!$D$6:$BN$259,3,),)+IFERROR(HLOOKUP($C34,'[1]4월'!$D$6:$BN$259,3,),))/1000 -> 74.0915 | P34: =+IFERROR(HLOOKUP($E34,'[2]4월'!$F$6:$CP$99,3,),)/1000 -> 73.488214 | Q34: =+P34-O34 -> -0.603286 | R34: =+IFERROR(HLOOKUP($E34,'[3]4월'!$F$6:$CC$57,3,),)/1000 -> 73.256694 | S34: =+P34-R34 -> 0.23152 | T34: =(+IFERROR(HLOOKUP($B34,'[1]4월'!$D$6:$BN$259,21,),)+IFERROR(HLOOKUP($C34,'[1]4월'!$D$6:$BN$259,21,),))/1000 -> 63.964 | U34: =+IFERROR(HLOOKUP($E34,'[2]4월'!$F$6:$CP$99,16,),)/1000 -> 63.367074 | V34: =+U34-T34 -> -0.596926 | W34: =+IFERROR(HLOOKUP($E34,'[3]4월'!$F$6:$CC$57,16,),)/1000 -> 63.157758 | X34: =+U34-W34 -> 0.209316 | Y34: → 부산권 4천원, 창원 3.5천원 / 제주 협상完 500원/㎥ 인상
B35: 공 통 비 | G35: =+I35 -> 공통비 | I35: 공통비 | L35: =+K35-J35 -> 0 | N35: =+K35-M35 -> 0 | Q35: =+P35-O35 -> 0 | S35: =+P35-R35 -> 0 | T35: =-'[1]4월'!$Z$22/1000 -> -1670.9087 | U35: =+-'[2]4월'!$Z$22/1000 -> -1654.8985 | V35: =+U35-T35 -> 16.010214 | W35: =+-'[3]4월'!$Z$22/1000 -> -1567.4228 | X35: =+U35-W35 -> -87.475651
G36: =+I36 -> OPC 소급분 | I36: OPC 소급분 | N36: =+K36-M36 -> 0 | Q36: =+P36-O36 -> 0 | S36: =+P36-R36 -> 0 | U36: ='[2]4월'!$BD$26/1000 -> 0 | V36: =+U36-T36 -> 0 | W36: =-'[3]4월'!$BD$26/1000 -> 0 | X36: =+U36-W36 -> 0
G37: =+I37 -> 대손 | I37: 대손 | N37: =+K37-M37 -> 0 | Q37: =+P37-O37 -> 0 | S37: =+P37-R37 -> 0 | U37: ='[2]4월'!$BE$26/1000 -> 0 | V37: =+U37-T37 -> 0 | W37: ='[3]4월'!$BE$26/1000 -> 0 | X37: =+U37-W37 -> 0
G38: =+I38 -> 미운영 공장 | I38: 미운영 공장 | M38: =SUM(M54:M59) -> 0 | N38: =+K38-M38 -> 0 | Q38: =+P38-O38 -> 0 | R38: =+IFERROR(HLOOKUP($I$38,'[3]4월'!$F$6:$BJ$50,3,),)/1000 -> 0 | S38: =+P38-R38 -> 0 | T38: =SUM('[1]4월'!$AM$26:$AQ$26)/1000 -> -32.504496 | U38: =+'[2]4월'!$BF$26/1000 -> -31.15242 | V38: =+U38-T38 -> 1.352076 | W38: =+'[3]4월'!$BF$26/1000 -> -33.797813 | X38: =+U38-W38 -> 2.645393
B39: 기타 계 | G39: =+I39 -> 퇴직위로금 | I39: 퇴직위로금 | U39: =+'[2]4월'!$BG$26/1000 -> 0 | V39: =+U39-T39 -> 0 | X39: =+U39-W39 -> 0
G40: =+I40 -> 기타 | I40: 기타 | L40: =+K40-J40 -> 0 | N40: =+K40-M40 -> 0 | O40: =IFERROR(HLOOKUP($B39,'[1]4월'!$D$6:$BN$259,3,),)/1000 -> 1.77 | P40: =+('[2]4월'!$F$8-SUM('[2]4월'!$Z$8,'[2]4월'!$AH$8,'[2]4월'!$AN$8,'[2]4월'!$AO$8,'[2]4월'!$BA$8,'[2]4월'!$BD$8,'[2]4월'!$BE$8,'[2]4월'!$BF$8))/1000 -> 1.66065 | Q40: =+P40-O40 -> -0.10935 | R40: =+('[3]4월'!$F$8-SUM('[3]4월'!$Z$8,'[3]4월'!$AH$8,'[3]4월'!$AN$8,'[3]4월'!$AO$8,'[3]4월'!$BA$8,'[3]4월'!$BD$8,'[3]4월'!$BE$8,'[3]4월'!$BF$8))/1000 -> 1.7024 | S40: =+P40-R40 -> -0.04175 | T40: =+('[1]4월'!$E$26-'[1]4월'!$Z$26-'[1]4월'!$AA$26-'[1]4월'!$AE$26-'[1]4월'!$AL$26-'[1]4월'!$AM$26-'[1]4월'!$AN$26-'[1]4월'!$AO$26-'[1]4월'!$AP$26-'[1]4월'!$AQ$26-'[1]4월'!$AS$26+'[1]4월'!$AS$26)/1000 -> -85.138375 | U40: =+('[2]4월'!$F$26-SUM('[2]4월'!$Z$26,'[2]4월'!$AH$26,'[2]4월'!$AN$26,'[2]4월'!$AO$26,'[2]4월'!$BA$26,'[2]4월'!$BD$26,'[2]4월'!$BE$26,'[2]4월'!$BF$26))/1000-U39 -> -15.492812 | V40: =+U40-T40 -> 69.645563 | W40: =+('[3]4월'!$F$26-SUM('[3]4월'!$Z$26,'[3]4월'!$AH$26,'[3]4월'!$AN$26,'[3]4월'!$AO$26,'[3]4월'!$BA$26,'[3]4월'!$BD$26,'[3]4월'!$BE$26,'[3]4월'!$BF$26))/1000 -> -14.461379 | X40: =+U40-W40 -> -1.031433
H41: 기타 계 | J41: =SUM(J33:J40) -> 0 | K41: =SUM(K33:K40) -> 0 | L41: =+K41-J41 -> 0 | M41: =SUM(M33:M40) -> 0 | N41: =+K41-M41 -> 0 | O41: =SUM(O33:O40) -> 142.52817 | P41: =SUM(P33:P40) -> 118.48886 | Q41: =+P41-O41 -> -24.039303 | R41: =SUM(R33:R40) -> 165.79909 | S41: =+P41-R41 -> -47.31023 | T41: =SUM(T33:T40) -> -1676.2377 | U41: =SUM(U33:U40) -> -1615.1547 | V41: =+U41-T41 -> 61.08297 | W41: =SUM(W33:W40) -> -1480.5656 | X41: =+U41-W41 -> -134.58911
U42: 19 | V42: 12.4
G43: =+P43/O43 -> 0.89216366 | H43: 합계 | O43: =+O27+O32+O28+O41 -> 43688.524 | P43: =+P27+P32+P28+P41 -> 38977.313 | Q43: =+P43-O43 -> -4711.2103 | R43: =+R27+R32+R28+R41 -> 44468.099 | S43: =+P43-R43 -> -5490.7853 | T43: =+T27+T32+T28+T41 -> 1834.3593 | U43: =+U27+U32+U28+U41 -> 607.54919 | V43: =+U43-T43 -> -1226.8101 | W43: =+W27+W32+W28+W41 -> 3302.3754 | X43: =+U43-W43 -> -2694.8262
G44: =+U43/T43 -> 0.33120512 | P44: =+P43/O43 -> 0.89216366 | R44: =+P43/R43 -> 0.87652305 | T44: =+T43/O43 -> 0.041987211 | U44: =+U43/P43 -> 0.015587252
F46: =+K28/M28 -> 1.297223 | G46: =+K28/J28 -> 1.002132 | I46: 확인 | J46: =+'[1]4월'!$Z$7/1000 -> 295.5 | K46: =+'[2]4월'!$AI$7/1000 -> 276.853 | M46: =+'[3]4월'!$Z$7/1000 -> 331.0375 | O46: =+'[1]4월'!$E$8/1000 -> 43688.524 | P46: =+'[2]4월'!$F$8/1000 -> 38977.313 | R46: =+'[3]4월'!$F$8/1000 -> 44468.099 | T46: =+'[1]4월'!$E$26/1000 -> 1834.3593 | U46: =+'[2]4월'!$F$26/1000 -> 607.54919 | W46: =+'[3]4월'!$F$26/1000 -> 3302.3754
F47: =+K32/M32 -> 0.78784615 | G47: =+K32/J32 -> 0.80034522 | J47: =+J46-J27 -> 0 | K47: =+K46-K27 -> 0 | M47: =+M46-M27 -> 0 | O47: =+O46-O43 -> 0 | P47: =+P46-P43 -> 0 | R47: =+R46-R43 -> 0 | T47: =+T46-T43 -> 3.8653525e-12 | U47: =+U46-U43 -> 0 | W47: =+W46-W43 -> 0
P49: =+P46/100 -> 389.77313
S50: 레미콘 | T50: =(+T27+T35)/100 -> 13.60288 | U50: =(+U27+U35)/100 -> 5.107704 | V50: =+U50-T50 -> -8.4951762 | W50: =+U50/T50-1 -> -0.62451305
S51: 건자재 | T51: =+T28/100 -> 2.0519181 | U51: =+U28/100 -> -0.00271546 | V51: =+U51-T51 -> -2.0546336 | Y51: - OPC 소급분 : 삼표 2.5억(총 9.9억 中 1회차) → 8~4월 총 4회 소급예정
S52: 골재 | T52: =+T32/100 -> 2.7420842 | U52: =+U32/100 -> 0.57306559 | V52: =+U52-T52 -> -2.1690186
S53: 임대 | T53: =(T33+T34)/100 -> 1.1231389 | U53: =(U33+U34)/100 -> 0.86389005 | V53: =+U53-T53 -> -0.25924883
S54: 기타 | T54: =(T46/100)-T50-T51-T52-T53 -> -1.1764287 | U54: =(U46/100)-U50-U51-U52-U53 -> -0.46645232 | V54: =+U54-T54 -> 0.70997639
T55: =SUM(T53:T54) -> -0.053289833 | U55: =SUM(U53:U54) -> 0.39743773 | V55: =SUM(V53:V54) -> 0.45072756
T56: =SUM(T50:T54) -> 18.343593 | U56: =SUM(U50:U54) -> 6.0754919 | V56: =+U56-T56 -> -12.268101
S58: 임대 | T58: =+(T33+T34)/100 -> 1.1231389 | U58: =+(U33+U34)/100 -> 0.86389005 | V58: =+U58-T58 -> -0.25924883
S59: =+I36 -> OPC 소급분 | T59: =+T36/100 -> 0 | U59: =+U36/100 -> 0 | V59: =+U59-T59 -> 0
S60: =+I37 -> 대손 | T60: =+T37/100 -> 0 | U60: =+U37/100 -> 0 | V60: =+U60-T60 -> 0
S61: =+I38 -> 미운영 공장 | T61: =+T38/100 -> -0.32504496 | U61: =+U38/100 -> -0.3115242 | V61: =+U61-T61 -> 0.01352076
S62: =+I40 -> 기타 | T62: =+T40/100 -> -0.85138375 | U62: =+U40/100 -> -0.15492812 | V62: =+U62-T62 -> 0.69645563
T63: =SUM(T58:T62) -> -0.053289833 | U63: =SUM(U58:U62) -> 0.39743773 | V63: =SUM(V58:V62) -> 0.45072756
T66: =SUM(T33:T34,T36,T38:T40) -> -5.3289833 | U66: =SUM(U33:U34,U36,U38:U40) -> 39.743773 | V66: =+U66-T66 -> 45.072756

Sheet 사업장별(누계)
H3: □ 사업장별 손익실적(2025-04누계)
AG4: [단위 : 천㎥, 톤, 백만원]
H5: 구분 | J5: 물량 | O5: 매출 | T5: 영업이익(공통비 배부전) | Y5: 판매단가 | AB5: 변동비 | AE5: 공헌이익
A6: 2024년 4월누계 마감 손익 | J6: 계획 | K6: 실적 | L6: 차이 | M6: 전년 | N6: 차이 | O6: 계획 | P6: 실적 | Q6: 차이 | R6: 전년 | S6: 차이 | T6: 계획 | U6: 실적 | V6: 차이 | W6: 전년 | X6: 차이 | Y6: 계획 | Z6: 실적 | AA6: 전년 | AB6: 계획 | AC6: 실적 | AD6: 전년 | AE6: 계획 | AF6: 실적 | AG6: 전년
B7: 안양 | G7: =+I7 -> 안양 | H7: 레미콘 | I7: 안양 | J7: =+IFERROR(HLOOKUP($B7,'[1]4월누계'!$D$6:$BN$259,2,),)/1000 -> 142 | K7: =+IFERROR(HLOOKUP($B7,'[2]4월누계'!$F$6:$CP$99,2,),)/1000 -> 140.46 | L7: =+K7-J7 -> -1.54 | M7: =+IFERROR(HLOOKUP($B7,'[3]4월누계'!$F$6:$CC$57,2,),)/1000 -> 170.698 | N7: =+K7-M7 -> -30.238 | O7: =+IFERROR(HLOOKUP($B7,'[1]4월누계'!$D$6:$BN$259,3,),)/1000 -> 13924.714 | P7: =+IFERROR(HLOOKUP($B7,'[2]4월누계'!$F$6:$CP$99,3,),)/1000 -> 13476.409 | Q7: =+P7-O7 -> -448.30427 | R7: =+IFERROR(HLOOKUP($B7,'[3]4월누계'!$F$6:$CC$57,3,),)/1000 -> 16839.669 | S7: =+P7-R7 -> -3363.2601 | T7: =+IFERROR(HLOOKUP($B7,'[1]4월누계'!$D$6:$BN$259,16,),)/1000 -> 1004.0781 | U7: =+IFERROR(HLOOKUP($B7,'[2]4월누계'!$F$6:$CP$99,16,),)/1000 -> 865.27363 | V7: =+U7-T7 -> -138.80446 | W7: =+IFERROR(HLOOKUP($B7,'[3]4월누계'!$F$6:$CC$57,16,),)/1000 -> 1780.9296 | X7: =+U7-W7 -> -915.65596 | Y7: =+[9]안양!$Q$85 -> 98061.363 | Z7: =+[9]안양!$R$85 -> 95926.124 | AA7: =+[10]안양!$Q$85 -> 98646.302 | AB7: =+[9]안양!$Q$89 -> 82250.837 | AC7: =+[9]안양!$R$89 -> 81028.978 | AD7: =+[10]안양!$Q$89 -> 81001.251 | AE7: =+Y7-AB7 -> 15810.526 | AF7: =+Z7-AC7 -> 14897.146 | AG7: =+AA7-AD7 -> 17645.051
B8: 인천 | G8: =+I8 -> 인천 | H8: 직영 | I8: 인천 | J8: =+IFERROR(HLOOKUP($B8,'[1]4월누계'!$D$6:$BN$259,2,),)/1000 -> 110 | K8: =+IFERROR(HLOOKUP($B8,'[2]4월누계'!$F$6:$CP$99,2,),)/1000 -> 103.722 | L8: =+K8-J8 -> -6.278 | M8: =+IFERROR(HLOOKUP($B8,'[3]4월누계'!$F$6:$CC$57,2,),)/1000 -> 113.751 | N8: =+K8-M8 -> -10.029 | O8: =+IFERROR(HLOOKUP($B8,'[1]4월누계'!$D$6:$BN$259,3,),)/1000 -> 10761.842 | P8: =+IFERROR(HLOOKUP($B8,'[2]4월누계'!$F$6:$CP$99,3,),)/1000 -> 10154.913 | Q8: =+P8-O8 -> -606.92896 | R8: =+IFERROR(HLOOKUP($B8,'[3]4월누계'!$F$6:$CC$57,3,),)/1000 -> 11517.811 | S8: =+P8-R8 -> -1362.8977 | T8: =+IFERROR(HLOOKUP($B8,'[1]4월누계'!$D$6:$BN$259,16,),)/1000 -> 367.15216 | U8: =+IFERROR(HLOOKUP($B8,'[2]4월누계'!$F$6:$CP$99,16,),)/1000 -> 143.88325 | V8: =+U8-T8 -> -223.26891 | W8: =+IFERROR(HLOOKUP($B8,'[3]4월누계'!$F$6:$CC$57,16,),)/1000 -> 955.53588 | X8: =+U8-W8 -> -811.65263 | Y8: =+[9]인천!$Q$85 -> 97834.93 | Z8: =+[9]인천!$R$85 -> 97920.696 | AA8: =+[10]인천!$Q$85 -> 101254.59 | AB8: =+[9]인천!$Q$89 -> 83353.552 | AC8: =+[9]인천!$R$89 -> 84814.027 | AD8: =+[10]인천!$Q$89 -> 82842.102 | AE8: =+Y8-AB8 -> 14481.378 | AF8: =+Z8-AC8 -> 13106.669 | AG8: =+AA8-AD8 -> 18412.49
B9: 파주 | G9: =+I9 -> 파주 | I9: 파주 | J9: =+IFERROR(HLOOKUP($B9,'[1]4월누계'!$D$6:$BN$259,2,),)/1000 -> 70 | K9: =+IFERROR(HLOOKUP($B9,'[2]4월누계'!$F$6:$CP$99,2,),)/1000 -> 43.281 | L9: =+K9-J9 -> -26.719 | M9: =+IFERROR(HLOOKUP($B9,'[3]4월누계'!$F$6:$CC$57,2,),)/1000 -> 94.777 | N9: =+K9-M9 -> -51.496 | O9: =+IFERROR(HLOOKUP($B9,'[1]4월누계'!$D$6:$BN$259,3,),)/1000 -> 6747.2055 | P9: =+IFERROR(HLOOKUP($B9,'[2]4월누계'!$F$6:$CP$99,3,),)/1000 -> 3997.0859 | Q9: =+P9-O9 -> -2750.1196 | R9: =+IFERROR(HLOOKUP($B9,'[3]4월누계'!$F$6:$CC$57,3,),)/1000 -> 9538.5462 | S9: =+P9-R9 -> -5541.4603 | T9: =+IFERROR(HLOOKUP($B9,'[1]4월누계'!$D$6:$BN$259,16,),)/1000 -> 191.85721 | U9: =+IFERROR(HLOOKUP($B9,'[2]4월누계'!$F$6:$CP$99,16,),)/1000 -> -312.75035 | V9: =+U9-T9 -> -504.60755 | W9: =+IFERROR(HLOOKUP($B9,'[3]4월누계'!$F$6:$CC$57,16,),)/1000 -> 720.6683 | X9: =+U9-W9 -> -1033.4186 | Y9: =+[9]파주!$Q$85 -> 96388.65 | Z9: =+[9]파주!$R$85 -> 92404.744 | AA9: =+[10]파주!$Q$85 -> 100686.07 | AB9: =+[9]파주!$Q$89 -> 79623.451 | AC9: =+[9]파주!$R$89 -> 79057.74 | AD9: =+[10]파주!$Q$89 -> 83027.045 | AE9: =+Y9-AB9 -> 16765.199 | AF9: =+Z9-AC9 -> 13347.004 | AG9: =+AA9-AD9 -> 17659.029
B10: 김포 | G10: =+I10 -> 김포 | I10: 김포 | J10: =+IFERROR(HLOOKUP($B10,'[1]4월누계'!$D$6:$BN$259,2,),)/1000 -> 48 | K10: =+IFERROR(HLOOKUP($B10,'[2]4월누계'!$F$6:$CP$99,2,),)/1000 -> 36.927 | L10: =+K10-J10 -> -11.073 | M10: =+IFERROR(HLOOKUP($B10,'[3]4월누계'!$F$6:$CC$57,2,),)/1000 -> 41.1575 | N10: =+K10-M10 -> -4.2305 | O10: =+IFERROR(HLOOKUP($B10,'[1]4월누계'!$D$6:$BN$259,3,),)/1000 -> 4575.4515 | P10: =+IFERROR(HLOOKUP($B10,'[2]4월누계'!$F$6:$CP$99,3,),)/1000 -> 3518.4271 | Q10: =+P10-O10 -> -1057.0243 | R10: =+IFERROR(HLOOKUP($B10,'[3]4월누계'!$F$6:$CC$57,3,),)/1000 -> 4025.2966 | S10: =+P10-R10 -> -506.86951 | T10: =+IFERROR(HLOOKUP($B10,'[1]4월누계'!$D$6:$BN$259,16,),)/1000 -> 187.88291 | U10: =+IFERROR(HLOOKUP($B10,'[2]4월누계'!$F$6:$CP$99,16,),)/1000 -> -50.511174 | V10: =+U10-T10 -> -238.39409 | W10: =+IFERROR(HLOOKUP($B10,'[3]4월누계'!$F$6:$CC$57,16,),)/1000 -> 266.92423 | X10: =+U10-W10 -> -317.43541 | Y10: =+[9]김포!$Q$85 -> 95321.906 | Z10: =+[9]김포!$R$85 -> 95344.508 | AA10: =+[10]김포!$Q$85 -> 97802.263 | AB10: =+[9]김포!$Q$89 -> 76938.04 | AC10: =+[9]김포!$R$89 -> 78484.915 | AD10: =+[10]김포!$Q$89 -> 76096.809 | AE10: =+Y10-AB10 -> 18383.866 | AF10: =+Z10-AC10 -> 16859.593 | AG10: =+AA10-AD10 -> 21705.454
B11: 부산 | G11: =+I11 -> 부산 | I11: 부산 | J11: =+IFERROR(HLOOKUP($B11,'[1]4월누계'!$D$6:$BN$259,2,),)/1000 -> 78 | K11: =+IFERROR(HLOOKUP($B11,'[2]4월누계'!$F$6:$CP$99,2,),)/1000 -> 74.847 | L11: =+K11-J11 -> -3.153 | M11: =+IFERROR(HLOOKUP($B11,'[3]4월누계'!$F$6:$CC$57,2,),)/1000 -> 85.017 | N11: =+K11-M11 -> -10.17 | O11: =+IFERROR(HLOOKUP($B11,'[1]4월누계'!$D$6:$BN$259,3,),)/1000 -> 8400.5963 | P11: =+IFERROR(HLOOKUP($B11,'[2]4월누계'!$F$6:$CP$99,3,),)/1000 -> 7925.726 | Q11: =+P11-O11 -> -474.87029 | R11: =+IFERROR(HLOOKUP($B11,'[3]4월누계'!$F$6:$CC$57,3,),)/1000 -> 9081.9494 | S11: =+P11-R11 -> -1156.2234 | T11: =+IFERROR(HLOOKUP($B11,'[1]4월누계'!$D$6:$BN$259,16,),)/1000 -> 706.94001 | U11: =+IFERROR(HLOOKUP($B11,'[2]4월누계'!$F$6:$CP$99,16,),)/1000 -> 676.07838 | V11: =+U11-T11 -> -30.861624 | W11: =+IFERROR(HLOOKUP($B11,'[3]4월누계'!$F$6:$CC$57,16,),)/1000 -> 989.91649 | X11: =+U11-W11 -> -313.83811 | Y11: =+[9]부산!$Q$85 -> 107699.95 | Z11: =+[9]부산!$R$85 -> 105892.37 | AA11: =+[10]부산!$Q$85 -> 106825.1 | AB11: =+[9]부산!$Q$89 -> 84690.817 | AC11: =+[9]부산!$R$89 -> 83622.631 | AD11: =+[10]부산!$Q$89 -> 83745.24 | AE11: =+Y11-AB11 -> 23009.136 | AF11: =+Z11-AC11 -> 22269.737 | AG11: =+AA11-AD11 -> 23079.859
B12: 서부산 | G12: =+I12 -> 서부산 | I12: 서부산 | J12: =+IFERROR(HLOOKUP($B12,'[1]4월누계'!$D$6:$BN$259,2,),)/1000 -> 76 | K12: =+IFERROR(HLOOKUP($B12,'[2]4월누계'!$F$6:$CP$99,2,),)/1000 -> 67.223 | L12: =+K12-J12 -> -8.777 | M12: =+IFERROR(HLOOKUP($B12,'[3]4월누계'!$F$6:$CC$57,2,),)/1000 -> 88.975 | N12: =+K12-M12 -> -21.752 | O12: =+IFERROR(HLOOKUP($B12,'[1]4월누계'!$D$6:$BN$259,3,),)/1000 -> 7546.8166 | P12: =+IFERROR(HLOOKUP($B12,'[2]4월누계'!$F$6:$CP$99,3,),)/1000 -> 6505.48 | Q12: =+P12-O12 -> -1041.3366 | R12: =+IFERROR(HLOOKUP($B12,'[3]4월누계'!$F$6:$CC$57,3,),)/1000 -> 8987.0293 | S12: =+P12-R12 -> -2481.5493 | T12: =+IFERROR(HLOOKUP($B12,'[1]4월누계'!$D$6:$BN$259,16,),)/1000 -> 603.16345 | U12: =+IFERROR(HLOOKUP($B12,'[2]4월누계'!$F$6:$CP$99,16,),)/1000 -> 414.88535 | V12: =+U12-T12 -> -188.2781 | W12: =+IFERROR(HLOOKUP($B12,'[3]4월누계'!$F$6:$CC$57,16,),)/1000 -> 1022.0486 | X12: =+U12-W12 -> -607.16329 | Y12: =+[9]서부산!$Q$85 -> 99300.219 | Z12: =+[9]서부산!$R$85 -> 96774.616 | AA12: =+[10]서부산!$Q$85 -> 101006.23 | AB12: =+[9]서부산!$Q$89 -> 78845.643 | AC12: =+[9]서부산!$R$89 -> 77141.006 | AD12: =+[10]서부산!$Q$89 -> 79548.427 | AE12: =+Y12-AB12 -> 20454.576 | AF12: =+Z12-AC12 -> 19633.61 | AG12: =+AA12-AD12 -> 21457.803
B13: 김해 | G13: =+I13 -> 김해 | I13: 김해 | J13: =+IFERROR(HLOOKUP($B13,'[1]4월누계'!$D$6:$BN$259,2,),)/1000 -> 52 | K13: =+IFERROR(HLOOKUP($B13,'[2]4월누계'!$F$6:$CP$99,2,),)/1000 -> 34.275 | L13: =+K13-J13 -> -17.725 | M13: =+IFERROR(HLOOKUP($B13,'[3]4월누계'!$F$6:$CC$57,2,),)/1000 -> 52.342 | N13: =+K13-M13 -> -18.067 | O13: =+IFERROR(HLOOKUP($B13,'[1]4월누계'!$D$6:$BN$259,3,),)/1000 -> 5007.6001 | P13: =+IFERROR(HLOOKUP($B13,'[2]4월누계'!$F$6:$CP$99,3,),)/1000 -> 3117.4157 | Q13: =+P13-O13 -> -1890.1844 | R13: =+IFERROR(HLOOKUP($B13,'[3]4월누계'!$F$6:$CC$57,3,),)/1000 -> 5200.4932 | S13: =+P13-R13 -> -2083.0775 | T13: =+IFERROR(HLOOKUP($B13,'[1]4월누계'!$D$6:$BN$259,16,),)/1000 -> 394.73605 | U13: =+IFERROR(HLOOKUP($B13,'[2]4월누계'!$F$6:$CP$99,16,),)/1000 -> -105.52443 | V13: =+U13-T13 -> -500.26048 | W13: =+IFERROR(HLOOKUP($B13,'[3]4월누계'!$F$6:$CC$57,16,),)/1000 -> 409.07598 | X13: =+U13-W13 -> -514.60041 | Y13: =+[9]김해!$Q$85 -> 96300.003 | Z13: =+[9]김해!$R$85 -> 90917.487 | AA13: =+[10]김해!$Q$85 -> 99460.374 | AB13: =+[9]김해!$Q$89 -> 76419.641 | AC13: =+[9]김해!$R$89 -> 76591.029 | AD13: =+[10]김해!$Q$89 -> 80371.435 | AE13: =+Y13-AB13 -> 19880.362 | AF13: =+Z13-AC13 -> 14326.458 | AG13: =+AA13-AD13 -> 19088.939
B14: 정관 | G14: =+I14 -> 정관 | I14: 정관 | J14: =+IFERROR(HLOOKUP($B14,'[1]4월누계'!$D$6:$BN$259,2,),)/1000 -> 76 | K14: =+IFERROR(HLOOKUP($B14,'[2]4월누계'!$F$6:$CP$99,2,),)/1000 -> 77.9715 | L14: =+K14-J14 -> 1.9715 | M14: =+IFERROR(HLOOKUP($B14,'[3]4월누계'!$F$6:$CC$57,2,),)/1000 -> 78.4445 | N14: =+K14-M14 -> -0.473 | O14: =+IFERROR(HLOOKUP($B14,'[1]4월누계'!$D$6:$BN$259,3,),)/1000 -> 7751.9834 | P14: =+IFERROR(HLOOKUP($B14,'[2]4월누계'!$F$6:$CP$99,3,),)/1000 -> 7962.4658 | Q14: =+P14-O14 -> 210.48236 | R14: =+IFERROR(HLOOKUP($B14,'[3]4월누계'!$F$6:$CC$57,3,),)/1000 -> 8063.9057 | S14: =+P14-R14 -> -101.43986 | T14: =+IFERROR(HLOOKUP($B14,'[1]4월누계'!$D$6:$BN$259,16,),)/1000 -> 622.11555 | U14: =+IFERROR(HLOOKUP($B14,'[2]4월누계'!$F$6:$CP$99,16,),)/1000 -> 647.1619 | V14: =+U14-T14 -> 25.04635 | W14: =+IFERROR(HLOOKUP($B14,'[3]4월누계'!$F$6:$CC$57,16,),)/1000 -> 785.513 | X14: =+U14-W14 -> -138.3511 | Y14: =+[9]정관!$Q$85 -> 101999.78 | Z14: =+[9]정관!$R$85 -> 102120.21 | AA14: =+[10]정관!$Q$85 -> 102797.59 | AB14: =+[9]정관!$Q$89 -> 81952.254 | AC14: =+[9]정관!$R$89 -> 84055.178 | AD14: =+[10]정관!$Q$89 -> 82725.871 | AE14: =+Y14-AB14 -> 20047.528 | AF14: =+Z14-AC14 -> 18065.03 | AG14: =+AA14-AD14 -> 20071.721
B15: 양산 | G15: =+I15 -> 양산 | I15: 양산 | J15: =+IFERROR(HLOOKUP($B15,'[1]4월누계'!$D$6:$BN$259,2,),)/1000 -> 43 | K15: =+IFERROR(HLOOKUP($B15,'[2]4월누계'!$F$6:$CP$99,2,),)/1000 -> 29.916 | L15: =+K15-J15 -> -13.084 | M15: =+IFERROR(HLOOKUP($B15,'[3]4월누계'!$F$6:$CC$57,2,),)/1000 -> 49.696 | N15: =+K15-M15 -> -19.78 | O15: =+IFERROR(HLOOKUP($B15,'[1]4월누계'!$D$6:$BN$259,3,),)/1000 -> 4068.5842 | P15: =+IFERROR(HLOOKUP($B15,'[2]4월누계'!$F$6:$CP$99,3,),)/1000 -> 2823.58 | Q15: =+P15-O15 -> -1245.0042 | R15: =+IFERROR(HLOOKUP($B15,'[3]4월누계'!$F$6:$CC$57,3,),)/1000 -> 4664.9936 | S15: =+P15-R15 -> -1841.4135 | T15: =+IFERROR(HLOOKUP($B15,'[1]4월누계'!$D$6:$BN$259,16,),)/1000 -> 287.32842 | U15: =+IFERROR(HLOOKUP($B15,'[2]4월누계'!$F$6:$CP$99,16,),)/1000 -> 20.936167 | V15: =+U15-T15 -> -266.39225 | W15: =+IFERROR(HLOOKUP($B15,'[3]4월누계'!$F$6:$CC$57,16,),)/1000 -> 498.47379 | X15: =+U15-W15 -> -477.53763 | Y15: =+[9]양산!$Q$85 -> 94618.238 | Z15: =+[9]양산!$R$85 -> 94383.608 | AA15: =+[10]양산!$Q$85 -> 93870.604 | AB15: =+[9]양산!$Q$89 -> 74182.516 | AC15: =+[9]양산!$R$89 -> 73513.549 | AD15: =+[10]양산!$Q$89 -> 72551.281 | AE15: =+Y15-AB15 -> 20435.723 | AF15: =+Z15-AC15 -> 20870.06 | AG15: =+AA15-AD15 -> 21319.323
B16: 창원 | G16: =+I16 -> 창원 | I16: 창원 | J16: =+IFERROR(HLOOKUP($B16,'[1]4월누계'!$D$6:$BN$259,2,),)/1000 -> 38 | K16: =+IFERROR(HLOOKUP($B16,'[2]4월누계'!$F$6:$CP$99,2,),)/1000 -> 43.261 | L16: =+K16-J16 -> 5.261 | M16: =+IFERROR(HLOOKUP($B16,'[3]4월누계'!$F$6:$CC$57,2,),)/1000 -> 70.6025 | N16: =+K16-M16 -> -27.3415 | O16: =+IFERROR(HLOOKUP($B16,'[1]4월누계'!$D$6:$BN$259,3,),)/1000 -> 3800.0101 | P16: =+IFERROR(HLOOKUP($B16,'[2]4월누계'!$F$6:$CP$99,3,),)/1000 -> 4266.6756 | Q16: =+P16-O16 -> 466.6655 | R16: =+IFERROR(HLOOKUP($B16,'[3]4월누계'!$F$6:$CC$57,3,),)/1000 -> 7271.7708 | S16: =+P16-R16 -> -3005.0952 | T16: =+IFERROR(HLOOKUP($B16,'[1]4월누계'!$D$6:$BN$259,16,),)/1000 -> 162.18132 | U16: =+IFERROR(HLOOKUP($B16,'[2]4월누계'!$F$6:$CP$99,16,),)/1000 -> 332.12888 | V16: =+U16-T16 -> 169.94756 | W16: =+IFERROR(HLOOKUP($B16,'[3]4월누계'!$F$6:$CC$57,16,),)/1000 -> 1193.0863 | X16: =+U16-W16 -> -860.95745 | Y16: =+[9]창원!$Q$85 -> 100000.27 | Z16: =+[9]창원!$R$85 -> 98626.375 | AA16: =+[10]창원!$Q$85 -> 102995.94 | AB16: =+[9]창원!$Q$89 -> 75802.288 | AC16: =+[9]창원!$R$89 -> 74300.811 | AD16: =+[10]창원!$Q$89 -> 75262.615 | AE16: =+Y16-AB16 -> 24197.978 | AF16: =+Z16-AC16 -> 24325.565 | AG16: =+AA16-AD16 -> 27733.325
B17: 대구 | G17: =+I17 -> 대구 | I17: 대구 | J17: =+IFERROR(HLOOKUP($B17,'[1]4월누계'!$D$6:$BN$259,2,),)/1000 -> 46 | K17: =+IFERROR(HLOOKUP($B17,'[2]4월누계'!$F$6:$CP$99,2,),)/1000 -> 41.9215 | L17: =+K17-J17 -> -4.0785 | M17: =+IFERROR(HLOOKUP($B17,'[3]4월누계'!$F$6:$CC$57,2,),)/1000 -> 61.9825 | N17: =+K17-M17 -> -20.061 | O17: =+IFERROR(HLOOKUP($B17,'[1]4월누계'!$D$6:$BN$259,3,),)/1000 -> 4487.9163 | P17: =+IFERROR(HLOOKUP($B17,'[2]4월누계'!$F$6:$CP$99,3,),)/1000 -> 3851.6996 | Q17: =+P17-O17 -> -636.2167 | R17: =+IFERROR(HLOOKUP($B17,'[3]4월누계'!$F$6:$CC$57,3,),)/1000 -> 6243.7076 | S17: =+P17-R17 -> -2392.0081 | T17: =+IFERROR(HLOOKUP($B17,'[1]4월누계'!$D$6:$BN$259,16,),)/1000 -> 335.67678 | U17: =+IFERROR(HLOOKUP($B17,'[2]4월누계'!$F$6:$CP$99,16,),)/1000 -> 61.16904 | V17: =+U17-T17 -> -274.50774 | W17: =+IFERROR(HLOOKUP($B17,'[3]4월누계'!$F$6:$CC$57,16,),)/1000 -> 907.73586 | X17: =+U17-W17 -> -846.56682 | Y17: =+[9]대구!$Q$85 -> 97563.397 | Z17: =+[9]대구!$R$85 -> 91878.859 | AA17: =+[10]대구!$Q$85 -> 100733.39 | AB17: =+[9]대구!$Q$89 -> 73789.665 | AC17: =+[9]대구!$R$89 -> 74846.671 | AD17: =+[10]대구!$Q$89 -> 75016.614 | AE17: =+Y17-AB17 -> 23773.732 | AF17: =+Z17-AC17 -> 17032.188 | AG17: =+AA17-AD17 -> 25716.781
B18: 울산 | G18: =+I18 -> 울산 | I18: 울산 | J18: =+IFERROR(HLOOKUP($B18,'[1]4월누계'!$D$6:$BN$259,2,),)/1000 -> 42 | K18: =+IFERROR(HLOOKUP($B18,'[2]4월누계'!$F$6:$CP$99,2,),)/1000 -> 44.811 | L18: =+K18-J18 -> 2.811 | M18: =+IFERROR(HLOOKUP($B18,'[3]4월누계'!$F$6:$CC$57,2,),)/1000 -> 28.4645 | N18: =+K18-M18 -> 16.3465 | O18: =+IFERROR(HLOOKUP($B18,'[1]4월누계'!$D$6:$BN$259,3,),)/1000 -> 4276.092 | P18: =+IFERROR(HLOOKUP($B18,'[2]4월누계'!$F$6:$CP$99,3,),)/1000 -> 4723.1276 | Q18: =+P18-O18 -> 447.0356 | R18: =+IFERROR(HLOOKUP($B18,'[3]4월누계'!$F$6:$CC$57,3,),)/1000 -> 2936.2034 | S18: =+P18-R18 -> 1786.9242 | T18: =+IFERROR(HLOOKUP($B18,'[1]4월누계'!$D$6:$BN$259,16,),)/1000 -> 199.37463 | U18: =+IFERROR(HLOOKUP($B18,'[2]4월누계'!$F$6:$CP$99,16,),)/1000 -> 419.25622 | V18: =+U18-T18 -> 219.88159 | W18: =+IFERROR(HLOOKUP($B18,'[3]4월누계'!$F$6:$CC$57,16,),)/1000 -> 95.296588 | X18: =+U18-W18 -> 323.95963 | Y18: =+[9]울산!$Q$85 -> 101811.71 | Z18: =+[9]울산!$R$85 -> 105401.08 | AA18: =+[10]울산!$Q$85 -> 103153.17 | AB18: =+[9]울산!$Q$89 -> 82149.682 | AC18: =+[9]울산!$R$89 -> 83489.312 | AD18: =+[10]울산!$Q$89 -> 82047.019 | AE18: =+Y18-AB18 -> 19662.032 | AF18: =+Z18-AC18 -> 21911.764 | AG18: =+AA18-AD18 -> 21106.15
B19: 아산 | G19: =+I19 -> 아산 | I19: 아산 | J19: =+IFERROR(HLOOKUP($B19,'[1]4월누계'!$D$6:$BN$259,2,),)/1000 -> 79 | K19: =+IFERROR(HLOOKUP($B19,'[2]4월누계'!$F$6:$CP$99,2,),)/1000 -> 81.34 | L19: =+K19-J19 -> 2.34 | M19: =+IFERROR(HLOOKUP($B19,'[3]4월누계'!$F$6:$CC$57,2,),)/1000 -> 98.311 | N19: =+K19-M19 -> -16.971 | O19: =+IFERROR(HLOOKUP($B19,'[1]4월누계'!$D$6:$BN$259,3,),)/1000 -> 8137 | P19: =+IFERROR(HLOOKUP($B19,'[2]4월누계'!$F$6:$CP$99,3,),)/1000 -> 8067.0731 | Q19: =+P19-O19 -> -69.926949 | R19: =+IFERROR(HLOOKUP($B19,'[3]4월누계'!$F$6:$CC$57,3,),)/1000 -> 9986.3715 | S19: =+P19-R19 -> -1919.2984 | T19: =+IFERROR(HLOOKUP($B19,'[1]4월누계'!$D$6:$BN$259,16,),)/1000 -> 833.39268 | U19: =+IFERROR(HLOOKUP($B19,'[2]4월누계'!$F$6:$CP$99,16,),)/1000 -> 357.75961 | V19: =+U19-T19 -> -475.63307 | W19: =+IFERROR(HLOOKUP($B19,'[3]4월누계'!$F$6:$CC$57,16,),)/1000 -> 1119.1053 | X19: =+U19-W19 -> -761.34573 | Y19: =+[9]아산!$Q$85 -> 103000 | Z19: =+[9]아산!$R$85 -> 99154.798 | AA19: =+[10]아산!$Q$85 -> 101478.36 | AB19: =+[9]아산!$Q$89 -> 79359.056 | AC19: =+[9]아산!$R$89 -> 82952.716 | AD19: =+[10]아산!$Q$89 -> 79552.634 | AE19: =+Y19-AB19 -> 23640.944 | AF19: =+Z19-AC19 -> 16202.082 | AG19: =+AA19-AD19 -> 21925.726
B20: 전주 | G20: =+I20 -> 전주 | I20: 전주 | J20: =+IFERROR(HLOOKUP($B20,'[1]4월누계'!$D$6:$BN$259,2,),)/1000 -> 35 | K20: =+IFERROR(HLOOKUP($B20,'[2]4월누계'!$F$6:$CP$99,2,),)/1000 -> 60.048 | L20: =+K20-J20 -> 25.048 | M20: =+IFERROR(HLOOKUP($B20,'[3]4월누계'!$F$6:$CC$57,2,),)/1000 -> 25.735 | N20: =+K20-M20 -> 34.313 | O20: =+IFERROR(HLOOKUP($B20,'[1]4월누계'!$D$6:$BN$259,3,),)/1000 -> 3394.2477 | P20: =+IFERROR(HLOOKUP($B20,'[2]4월누계'!$F$6:$CP$99,3,),)/1000 -> 5832.2444 | Q20: =+P20-O20 -> 2437.9967 | R20: =+IFERROR(HLOOKUP($B20,'[3]4월누계'!$F$6:$CC$57,3,),)/1000 -> 2477.4563 | S20: =+P20-R20 -> 3354.788 | T20: =+IFERROR(HLOOKUP($B20,'[1]4월누계'!$D$6:$BN$259,16,),)/1000 -> 203.73372 | U20: =+IFERROR(HLOOKUP($B20,'[2]4월누계'!$F$6:$CP$99,16,),)/1000 -> 686.34032 | V20: =+U20-T20 -> 482.60659 | W20: =+IFERROR(HLOOKUP($B20,'[3]4월누계'!$F$6:$CC$57,16,),)/1000 -> 52.556106 | X20: =+U20-W20 -> 633.78421 | Y20: =+[9]전주!$Q$85 -> 96978.507 | Z20: =+[9]전주!$R$85 -> 97128.153 | AA20: =+[10]전주!$Q$85 -> 96272.833 | AB20: =+[9]전주!$Q$89 -> 73463.965 | AC20: =+[9]전주!$R$89 -> 75272.977 | AD20: =+[10]전주!$Q$89 -> 71946.768 | AE20: =+Y20-AB20 -> 23514.542 | AF20: =+Z20-AC20 -> 21855.176 | AG20: =+AA20-AD20 -> 24326.065
B21: 군산 | G21: =+I21 -> 군산 | I21: 군산 | J21: =+IFERROR(HLOOKUP($B21,'[1]4월누계'!$D$6:$BN$259,2,),)/1000 -> 25.5 | K21: =+IFERROR(HLOOKUP($B21,'[2]4월누계'!$F$6:$CP$99,2,),)/1000 -> 19.002 | L21: =+K21-J21 -> -6.498 | M21: =+IFERROR(HLOOKUP($B21,'[3]4월누계'!$F$6:$CC$57,2,),)/1000 -> 32.875 | N21: =+K21-M21 -> -13.873 | O21: =+IFERROR(HLOOKUP($B21,'[1]4월누계'!$D$6:$BN$259,3,),)/1000 -> 2817.915 | P21: =+IFERROR(HLOOKUP($B21,'[2]4월누계'!$F$6:$CP$99,3,),)/1000 -> 2081.4383 | Q21: =+P21-O21 -> -736.47677 | R21: =+IFERROR(HLOOKUP($B21,'[3]4월누계'!$F$6:$CC$57,3,),)/1000 -> 3584.0589 | S21: =+P21-R21 -> -1502.6206 | T21: =+IFERROR(HLOOKUP($B21,'[1]4월누계'!$D$6:$BN$259,16,),)/1000 -> 616.9777 | U21: =+IFERROR(HLOOKUP($B21,'[2]4월누계'!$F$6:$CP$99,16,),)/1000 -> 373.7742 | V21: =+U21-T21 -> -243.2035 | W21: =+IFERROR(HLOOKUP($B21,'[3]4월누계'!$F$6:$CC$57,16,),)/1000 -> 968.94533 | X21: =+U21-W21 -> -595.17112 | Y21: =+[9]군산!$Q$85 -> 110506.47 | Z21: =+[9]군산!$R$85 -> 109537.85 | AA21: =+[10]군산!$Q$85 -> 109033.51 | AB21: =+[9]군산!$Q$89 -> 73076.889 | AC21: =+[9]군산!$R$89 -> 72378.669 | AD21: =+[10]군산!$Q$89 -> 69903.817 | AE21: =+Y21-AB21 -> 37429.583 | AF21: =+Z21-AC21 -> 37159.183 | AG21: =+AA21-AD21 -> 39129.689
B22: 원주 | G22: =+I22 -> 원주 | I22: 원주 | J22: =+IFERROR(HLOOKUP($B22,'[1]4월누계'!$D$6:$BN$259,2,),)/1000 -> 13 | K22: =+IFERROR(HLOOKUP($B22,'[2]4월누계'!$F$6:$CP$99,2,),)/1000 -> 8.438 | L22: =+K22-J22 -> -4.562 | M22: =+IFERROR(HLOOKUP($B22,'[3]4월누계'!$F$6:$CC$57,2,),)/1000 -> 20.0735 | N22: =+K22-M22 -> -11.6355 | O22: =+IFERROR(HLOOKUP($B22,'[1]4월누계'!$D$6:$BN$259,3,),)/1000 -> 1456 | P22: =+IFERROR(HLOOKUP($B22,'[2]4월누계'!$F$6:$CP$99,3,),)/1000 -> 906.7615 | Q22: =+P22-O22 -> -549.2385 | R22: =+IFERROR(HLOOKUP($B22,'[3]4월누계'!$F$6:$CC$57,3,),)/1000 -> 2234.6113 | S22: =+P22-R22 -> -1327.8498 | T22: =+IFERROR(HLOOKUP($B22,'[1]4월누계'!$D$6:$BN$259,16,),)/1000 -> 106.71073 | U22: =+IFERROR(HLOOKUP($B22,'[2]4월누계'!$F$6:$CP$99,16,),)/1000 -> -61.959749 | V22: =+U22-T22 -> -168.67048 | W22: =+IFERROR(HLOOKUP($B22,'[3]4월누계'!$F$6:$CC$57,16,),)/1000 -> 405.84467 | X22: =+U22-W22 -> -467.80442 | Y22: =+[9]원주!$Q$85 -> 112000 | Z22: =+[9]원주!$R$85 -> 107461.66 | AA22: =+[10]원주!$Q$85 -> 111334.88 | AB22: =+[9]원주!$Q$89 -> 74232.24 | AC22: =+[9]원주!$R$89 -> 73849.071 | AD22: =+[10]원주!$Q$89 -> 73474.146 | AE22: =+Y22-AB22 -> 37767.76 | AF22: =+Z22-AC22 -> 33612.591 | AG22: =+AA22-AD22 -> 37860.733
B23: 제주 | G23: =+I23 -> 제주 | I23: 제주 | J23: =+IFERROR(HLOOKUP($B23,'[1]4월누계'!$D$6:$BN$259,2,),)/1000 -> 29 | K23: =+IFERROR(HLOOKUP($B23,'[2]4월누계'!$F$6:$CP$99,2,),)/1000 -> 23.9945 | L23: =+K23-J23 -> -5.0055 | M23: =+IFERROR(HLOOKUP($B23,'[3]4월누계'!$F$6:$CC$57,2,),)/1000 -> 13.064 | N23: =+K23-M23 -> 10.9305 | O23: =+IFERROR(HLOOKUP($B23,'[1]4월누계'!$D$6:$BN$259,3,),)/1000 -> 3560.1805 | P23: =+IFERROR(HLOOKUP($B23,'[2]4월누계'!$F$6:$CP$99,3,),)/1000 -> 2928.0383 | Q23: =+P23-O23 -> -632.1422 | R23: =+IFERROR(HLOOKUP($B23,'[3]4월누계'!$F$6:$CC$57,3,),)/1000 -> 1682.0056 | S23: =+P23-R23 -> 1246.0327 | T23: =+IFERROR(HLOOKUP($B23,'[1]4월누계'!$D$6:$BN$259,16,),)/1000 -> 531.71021 | U23: =+IFERROR(HLOOKUP($B23,'[2]4월누계'!$F$6:$CP$99,16,),)/1000 -> 355.76526 | V23: =+U23-T23 -> -175.94495 | W23: =+IFERROR(HLOOKUP($B23,'[3]4월누계'!$F$6:$CC$57,16,),)/1000 -> 176.97763 | X23: =+U23-W23 -> 178.78763 | Y23: =+[9]제주!$Q$85 -> 122764.84 | Z23: =+[9]제주!$R$85 -> 121628.84 | AA23: =+[10]제주!$Q$85 -> 128751.2 | AB23: =+[9]제주!$Q$89 -> 90694.676 | AC23: =+[9]제주!$R$89 -> 90280.535 | AD23: =+[10]제주!$Q$89 -> 88808.506 | AE23: =+Y23-AB23 -> 32070.169 | AF23: =+Z23-AC23 -> 31348.305 | AG23: =+AA23-AD23 -> 39942.691
F24: =+K24/J24 -> 0.87672973 | G24: =+I24 -> 수도권 | I24: 수도권 | J24: =SUM(J7:J10) -> 370 | K24: =SUM(K7:K10) -> 324.39 | L24: =+K24-J24 -> -45.61 | M24: =SUM(M7:M10) -> 420.3835 | N24: =+K24-M24 -> -95.9935 | O24: =SUM(O7:O10) -> 36009.213 | P24: =SUM(P7:P10) -> 31146.836 | Q24: =+P24-O24 -> -4862.3771 | R24: =SUM(R7:R10) -> 41921.323 | S24: =+P24-R24 -> -10774.488 | T24: =SUM(T7:T10) -> 1750.9704 | U24: =SUM(U7:U10) -> 645.89535 | V24: =+U24-T24 -> -1105.075 | W24: =SUM(W7:W10) -> 3724.058 | X24: =+U24-W24 -> -3078.1626 | Y24: =+[9]수도권!$Q$85 -> 97322.197 | Z24: =+[9]수도권!$R$85 -> 96029.099 | AA24: =+[10]수도권!$Q$85 -> 99728.341 | AB24: =+[9]수도권!$Q$89 -> 81392.371 | AC24: =+[9]수도권!$R$89 -> 81690.859 | AD24: =+[10]수도권!$Q$89 -> 81473.81 | AE24: =+Y24-AB24 -> 15929.826 | AF24: =+Z24-AC24 -> 14338.241 | AG24: =+AA24-AD24 -> 18254.532
F25: =+K25/J25 -> 0.9184612 | G25: =+I25 -> 영남권 | I25: 영남권 | J25: =SUM(J11:J18) -> 451 | K25: =SUM(K11:K18) -> 414.226 | L25: =+K25-J25 -> -36.774 | M25: =SUM(M11:M18) -> 515.524 | N25: =+K25-M25 -> -101.298 | O25: =SUM(O11:O18) -> 45339.599 | P25: =SUM(P11:P18) -> 41176.17 | Q25: =+P25-O25 -> -4163.4288 | R25: =SUM(R11:R18) -> 52450.053 | S25: =+P25-R25 -> -11273.883 | T25: =SUM(T11:T18) -> 3311.5162 | U25: =SUM(U11:U18) -> 2466.0915 | V25: =+U25-T25 -> -845.4247 | W25: =SUM(W11:W18) -> 5901.1467 | X25: =+U25-W25 -> -3435.0552 | Y25: =+[9]영남권!$Q$85 -> 100531.26 | Z25: =+[9]영남권!$R$85 -> 99408.906 | AA25: =+[10]영남권!$Q$85 -> 101754.44 | AB25: =+[9]영남권!$Q$89 -> 79191.334 | AC25: =+[9]영남권!$R$89 -> 79437.509 | AD25: =+[10]영남권!$Q$89 -> 79144.888 | AE25: =+Y25-AB25 -> 21339.928 | AF25: =+Z25-AC25 -> 19971.397 | AG25: =+AA25-AD25 -> 22609.554
F26: =+K26/J26 -> 1.0623829 | G26: =+I26 -> 중부권 | I26: 중부권 | J26: =SUM(J19:J23) -> 181.5 | K26: =SUM(K19:K23) -> 192.8225 | L26: =+K26-J26 -> 11.3225 | M26: =SUM(M19:M23) -> 190.0585 | N26: =+K26-M26 -> 2.764 | O26: =SUM(O19:O23) -> 19365.343 | P26: =SUM(P19:P23) -> 19815.556 | Q26: =+P26-O26 -> 450.21225 | R26: =SUM(R19:R23) -> 19964.504 | S26: =+P26-R26 -> -148.94815 | T26: =SUM(T19:T23) -> 2292.525 | U26: =SUM(U19:U23) -> 1711.6796 | V26: =+U26-T26 -> -580.8454 | W26: =SUM(W19:W23) -> 2723.4291 | X26: =+U26-W26 -> -1011.7494 | Y26: =+[9]중부권!$Q$85 -> 106696.11 | Z26: =+[9]중부권!$R$85 -> 102615.38 | AA26: =+[10]중부권!$Q$85 -> 105015.17 | AB26: =+[9]중부권!$Q$89 -> 78783.634 | AC26: =+[9]중부권!$R$89 -> 79981.591 | AD26: =+[10]중부권!$Q$89 -> 76837.745 | AE26: =+Y26-AB26 -> 27912.472 | AF26: =+Z26-AC26 -> 22633.79 | AG26: =+AA26-AD26 -> 28177.421
F27: =+K27/M27 -> 0.82723501 | G27: =+K27/J27 -> 0.92911571 | H27: 레미콘 계 | J27: =SUM(J24:J26) -> 1002.5 | K27: =SUM(K24:K26) -> 931.4385 | L27: =+K27-J27 -> -71.0615 | M27: =SUM(M24:M26) -> 1125.966 | N27: =+K27-M27 -> -194.5275 | O27: =SUM(O24:O26) -> 100714.16 | P27: =SUM(P24:P26) -> 92138.562 | Q27: =+P27-O27 -> -8575.5937 | R27: =SUM(R24:R26) -> 114335.88 | S27: =+P27-R27 -> -22197.318 | T27: =SUM(T24:T26) -> 7355.0116 | U27: =SUM(U24:U26) -> 4823.6665 | V27: =+U27-T27 -> -2531.3451 | W27: =SUM(W24:W26) -> 12348.634 | X27: =+U27-W27 -> -7524.9672 | Y27: =+[9]합계!$Q$85 -> 100463 | Z27: =+[9]합계!$R$85 -> 98896.82 | AA27: =+[10]합계!$Q$85 -> 101545.61 | AB27: =+[9]합계!$Q$89 -> 79929.874 | AC27: =+[9]합계!$R$89 -> 80327.119 | AD27: =+[10]합계!$Q$89 -> 79626.842 | AE27: =+Y27-AB27 -> 20533.124 | AF27: =+Z27-AC27 -> 18569.701 | AG27: =+AA27-AD27 -> 21918.766 | AI27: =+AF27-AE27 -> -1963.4234 | AJ27: =+AF27-AG27 -> -3349.0652
B28: 건자재 | E28: 건자재영업 | G28: 건자재 | H28: 건자재 | J28: =+IFERROR(HLOOKUP($B28,'[1]4월누계'!$D$6:$BN$259,2,),) -> 41300 | K28: =+IFERROR(HLOOKUP($E28,'[2]4월누계'!$F$6:$CP$99,2,),) -> 45346.46 | L28: =+K28-J28 -> 4046.46 | M28: =+IFERROR(HLOOKUP($E28,'[3]4월누계'!$F$6:$CC$57,2,),) -> 30310.546 | N28: =+K28-M28 -> 15035.914 | O28: =+IFERROR(HLOOKUP($B28,'[1]4월누계'!$D$6:$BN$259,3,),)/1000 -> 45208.405 | P28: =+IFERROR(HLOOKUP($E28,'[2]4월누계'!$F$6:$CP$99,3,),)/1000 -> 38439.848 | Q28: =+P28-O28 -> -6768.5572 | R28: =+IFERROR(HLOOKUP($E28,'[3]4월누계'!$F$6:$CC$57,3,),)/1000 -> 31755.572 | S28: =+P28-R28 -> 6684.2753 | T28: =+IFERROR(HLOOKUP($B28,'[1]4월누계'!$D$6:$BN$259,16,),)/1000 -> 709.06885 | U28: =+IFERROR(HLOOKUP($E28,'[2]4월누계'!$F$6:$CP$99,16,),)/1000 -> -106.58293 | V28: =+U28-T28 -> -815.65178 | W28: =+IFERROR(HLOOKUP($E28,'[3]4월누계'!$F$6:$CC$57,16,),)/1000 -> 142.58457 | X28: =+U28-W28 -> -249.1675 | Y28: ■ 비고
B29: 부산모래장 | C29: 부산골재 | G29: =+I29 -> 부산모래장 | H29: 골재 | I29: 부산모래장 | J29: =+IFERROR(HLOOKUP($B29,'[1]4월누계'!$D$6:$BN$259,2,),)/1000 -> 68.790584 | K29: =+IFERROR(HLOOKUP($C29,'[2]4월누계'!$F$6:$CP$99,2,),)/1000 -> 94.411 | L29: =+K29-J29 -> 25.620416 | M29: =+IFERROR(HLOOKUP($C29,'[3]4월누계'!$F$6:$CC$57,2,),)/1000 -> 86.685 | N29: =+K29-M29 -> 7.726 | O29: =+IFERROR(HLOOKUP($B29,'[1]4월누계'!$D$6:$BN$259,3,),)/1000 -> 2270.9558 | P29: =+IFERROR(HLOOKUP($C29,'[2]4월누계'!$F$6:$CP$99,3,),)/1000 -> 2729.2325 | Q29: =+P29-O29 -> 458.27673 | R29: =+IFERROR(HLOOKUP($C29,'[3]4월누계'!$F$6:$CC$57,3,),)/1000 -> 2636.4741 | S29: =+P29-R29 -> 92.75842 | T29: =+IFERROR(HLOOKUP($B29,'[1]4월누계'!$D$6:$BN$259,21,),)/1000 -> 426.52855 | U29: =+IFERROR(HLOOKUP($C29,'[2]4월누계'!$F$6:$CP$99,21,),)/1000 -> 3.7498764 | V29: =+U29-T29 -> -422.77867 | W29: =+IFERROR(HLOOKUP($C29,'[3]4월누계'!$F$6:$CC$57,21,),)/1000 -> 194.37669 | X29: =+U29-W29 -> -190.62681 | Y29: - 수도권/부산권 1군 판매단가 인하(3/1자)
B30: 서부산크라샤 | C30: 서부산골재 | G30: =+I30 -> 서부산CR | I30: 서부산CR | J30: =+IFERROR(HLOOKUP($B30,'[1]4월누계'!$D$6:$BN$259,2,),)/1000 -> 212.98386 | K30: =+IFERROR(HLOOKUP($C30,'[2]4월누계'!$F$6:$CP$99,2,),)/1000 -> 73.478 | L30: =+K30-J30 -> -139.50586 | M30: =+IFERROR(HLOOKUP($C30,'[3]4월누계'!$F$6:$CC$57,2,),)/1000 -> 99.714 | N30: =+K30-M30 -> -26.236 | O30: =+IFERROR(HLOOKUP($B30,'[1]4월누계'!$D$6:$BN$259,3,),)/1000 -> 3121.9383 | P30: =+IFERROR(HLOOKUP($C30,'[2]4월누계'!$F$6:$CP$99,3,),)/1000 -> 1042.126 | Q30: =+P30-O30 -> -2079.8123 | R30: =+IFERROR(HLOOKUP($C30,'[3]4월누계'!$F$6:$CC$57,3,),)/1000 -> 1384.362 | S30: =+P30-R30 -> -342.236 | T30: =+IFERROR(HLOOKUP($B30,'[1]4월누계'!$D$6:$BN$259,21,),)/1000 -> 657.82097 | U30: =+IFERROR(HLOOKUP($C30,'[2]4월누계'!$F$6:$CP$99,21,),)/1000 -> 154.62182 | V30: =+U30-T30 -> -503.19915 | W30: =+IFERROR(HLOOKUP($C30,'[3]4월누계'!$F$6:$CC$57,21,),)/1000 -> 198.1086 | X30: =+U30-W30 -> -43.486782 | Y30: · 수도권 2,300원(2.1% ↓)
B31: 부산크라샤 | C31: 부산크라샤 | G31: =+I31 -> 부산CR | I31: 부산CR | J31: =+IFERROR(HLOOKUP($B31,'[1]4월누계'!$D$6:$BN$259,2,),)/1000 -> 46.686842 | K31: =+IFERROR(HLOOKUP($C31,'[2]4월누계'!$F$6:$CP$99,2,),)/1000 -> 67.536 | L31: =+K31-J31 -> 20.849158 | M31: =+IFERROR(HLOOKUP($C31,'[3]4월누계'!$F$6:$CC$57,2,),)/1000 -> 134.661 | N31: =+K31-M31 -> -67.125 | O31: =+IFERROR(HLOOKUP($B31,'[1]4월누계'!$D$6:$BN$259,3,),)/1000 -> 834.04706 | P31: =+IFERROR(HLOOKUP($C31,'[2]4월누계'!$F$6:$CP$99,3,),)/1000 -> 1255.456 | Q31: =+P31-O31 -> 421.40894 | R31: =+IFERROR(HLOOKUP($C31,'[3]4월누계'!$F$6:$CC$57,3,),)/1000 -> 2507.5935 | S31: =+P31-R31 -> -1252.1375 | T31: =+IFERROR(HLOOKUP($B31,'[1]4월누계'!$D$6:$BN$259,21,),)/1000 -> -448.91287 | U31: =+IFERROR(HLOOKUP($C31,'[2]4월누계'!$F$6:$CP$99,21,),)/1000 -> -606.1102 | V31: =+U31-T31 -> -157.19733 | W31: =+IFERROR(HLOOKUP($C31,'[3]4월누계'!$F$6:$CC$57,21,),)/1000 -> 180.51285 | X31: =+U31-W31 -> -786.62305 | Y31: · 부산권 1,900원(1.7% ↓)
H32: 골재 계 | J32: =SUM(J29:J31) -> 328.46129 | K32: =SUM(K29:K31) -> 235.425 | L32: =+K32-J32 -> -93.036289 | M32: =SUM(M29:M31) -> 321.06 | N32: =+K32-M32 -> -85.635 | O32: =SUM(O29:O31) -> 6226.9411 | P32: =SUM(P29:P31) -> 5026.8145 | Q32: =+P32-O32 -> -1200.1266 | R32: =SUM(R29:R31) -> 6528.4296 | S32: =+P32-R32 -> -1501.6151 | T32: =SUM(T29:T31) -> 635.43665 | U32: =SUM(U29:U31) -> -447.7385 | V32: =+U32-T32 -> -1083.1752 | W32: =SUM(W29:W31) -> 572.99814 | X32: =+U32-W32 -> -1020.7366 | Y32: - 1군 판가 소급분(마이너스 계산서) : 4.9억
B33: 포항임대 | C33: 속초임대 | D33: 강릉임대 | E33: 레미콘임대 계 | G33: =+I33 -> 레미콘임대 | H33: 기타 | I33: 레미콘임대 | L33: =+K33-J33 -> 0 | N33: =+K33-M33 -> 0 | O33: =(IFERROR(HLOOKUP($B33,'[1]4월누계'!$D$6:$BN$259,3,),)++IFERROR(HLOOKUP($C33,'[1]4월누계'!$D$6:$BN$259,3,),)+IFERROR(HLOOKUP($D33,'[1]4월누계'!$D$6:$BN$259,3,),))/1000 -> 339.18667 | P33: =+IFERROR(HLOOKUP($E33,'[2]4월누계'!$F$6:$CP$99,3,),)/1000 -> 290.86 | Q33: =+P33-O33 -> -48.326667 | R33: =+IFERROR(HLOOKUP($E33,'[3]4월누계'!$F$6:$CC$57,3,),)/1000 -> 363.36 | S33: =+P33-R33 -> -72.5 | T33: =(IFERROR(HLOOKUP($B33,'[1]4월누계'!$D$6:$BN$259,21,),)++IFERROR(HLOOKUP($C33,'[1]4월누계'!$D$6:$BN$259,21,),)+IFERROR(HLOOKUP($D33,'[1]4월누계'!$D$6:$BN$259,21,),))/1000 -> 269.11387 | U33: =+IFERROR(HLOOKUP($E33,'[2]4월누계'!$F$6:$CP$99,16,),)/1000 -> 214.42715 | V33: =+U33-T33 -> -54.686715 | W33: =+IFERROR(HLOOKUP($E33,'[3]4월누계'!$F$6:$CC$57,16,),)/1000 -> 290.84226 | X33: =+U33-W33 -> -76.415105 | Y33: · GS(4.4억), 라인산업(0.2억), 호반건설(0.1억), 계룡건설산업(0.1억)
B34: 부동산임대 | C34: 주유소임대 | E34: 임대 계 | G34: =+I34 -> 임대 | I34: 임대 | L34: =+K34-J34 -> 0 | M34: 0 | N34: =+K34-M34 -> 0 | O34: =(+IFERROR(HLOOKUP($B34,'[1]4월누계'!$D$6:$BN$259,3,),)+IFERROR(HLOOKUP($C34,'[1]4월누계'!$D$6:$BN$259,3,),))/1000 -> 296.366 | P34: =+IFERROR(HLOOKUP($E34,'[2]4월누계'!$F$6:$CP$99,3,),)/1000 -> 293.76296 | Q34: =+P34-O34 -> -2.603042 | R34: =+IFERROR(HLOOKUP($E34,'[3]4월누계'!$F$6:$CC$57,3,),)/1000 -> 289.18403 | S34: =+P34-R34 -> 4.578926 | T34: =(+IFERROR(HLOOKUP($B34,'[1]4월누계'!$D$6:$BN$259,21,),)+IFERROR(HLOOKUP($C34,'[1]4월누계'!$D$6:$BN$259,21,),))/1000 -> 268.44894 | U34: =+IFERROR(HLOOKUP($E34,'[2]4월누계'!$F$6:$CP$99,16,),)/1000 -> 265.87136 | V34: =+U34-T34 -> -2.577587 | W34: =+IFERROR(HLOOKUP($E34,'[3]4월누계'!$F$6:$CC$57,16,),)/1000 -> 261.37135 | X34: =+U34-W34 -> 4.500005
B35: 공 통 비 | G35: =+I35 -> 공통비 | I35: 공통비 | L35: =+K35-J35 -> 0 | N35: =+K35-M35 -> 0 | Q35: =+P35-O35 -> 0 | S35: =+P35-R35 -> 0 | T35: =-'[1]4월누계'!$Z$22/1000 -> -6052.7697 | U35: =+-'[2]4월누계'!$Z$22/1000 -> -5907.7311 | V35: =+U35-T35 -> 145.03867 | W35: =+-'[3]4월누계'!$Z$22/1000 -> -5407.8339 | X35: =+U35-W35 -> -499.89719 | Y35: - 대손 : 5.2억
G36: =+I36 -> OPC 소급분 | I36: OPC 소급분 | N36: =+K36-M36 -> 0 | Q36: =+P36-O36 -> 0 | S36: =+P36-R36 -> 0 | T36: =+'[1]4월누계'!$AS$26/1000 -> -136.67126 | U36: ='[2]4월누계'!$BD$26/1000 -> 0 | V36: =+U36-T36 -> 136.67126 | W36: =-'[3]4월누계'!$BD$26/1000 -> 0 | X36: =+U36-W36 -> 0 | Y36: · 집합대손 2.2억 // 개별대손 3억(삼정이앤시) → 안양 2.9억, 양산 0.1억
G37: =+I37 -> 대손 | I37: 대손 | N37: =+K37-M37 -> 0 | Q37: =+P37-O37 -> 0 | S37: =+P37-R37 -> 0 | U37: ='[2]4월누계'!$BE$26/1000 -> -522.39605 | V37: =+U37-T37 -> -522.39605 | W37: ='[3]4월누계'!$BE$26/1000 -> -1595.8425 | X37: =+U37-W37 -> 1073.4465
G38: =+I38 -> 미운영 공장 | I38: 미운영 공장 | M38: =SUM(M54:M59) -> 0 | N38: =+K38-M38 -> 0 | Q38: =+P38-O38 -> 0 | R38: =+IFERROR(HLOOKUP($I$38,'[3]4월누계'!$F$6:$BJ$50,3,),)/1000 -> 0 | S38: =+P38-R38 -> 0 | T38: =SUM('[1]4월누계'!$AM$26:$AQ$26)/1000 -> -107.6623 | U38: =+'[2]4월누계'!$BF$26/1000 -> -103.3434 | V38: =+U38-T38 -> 4.318895 | W38: =+'[3]4월누계'!$BF$26/1000 -> -106.93349 | X38: =+U38-W38 -> 3.590087
B39: 기타 계 | G39: =+I39 -> 퇴직위로금 | I39: 퇴직위로금 | U39: =+'[2]4월누계'!$BG$26/1000 -> -759.34319 | V39: =+U39-T39 -> -759.34319 | X39: =+U39-W39 -> -759.34319
G40: =+I40 -> 기타 | I40: 기타 | L40: =+K40-J40 -> 0 | N40: =+K40-M40 -> 0 | O40: =IFERROR(HLOOKUP($B39,'[1]4월누계'!$D$6:$BN$259,3,),)/1000 -> 7.08 | P40: =+('[2]4월누계'!$F$8-SUM('[2]4월누계'!$Z$8,'[2]4월누계'!$AH$8,'[2]4월누계'!$AN$8,'[2]4월누계'!$AO$8,'[2]4월누계'!$BA$8,'[2]4월누계'!$BD$8,'[2]4월누계'!$BE$8,'[2]4월누계'!$BF$8))/1000 -> 6.7002 | Q40: =+P40-O40 -> -0.3798 | R40: =+('[3]4월누계'!$F$8-SUM('[3]4월누계'!$Z$8,'[3]4월누계'!$AH$8,'[3]4월누계'!$AN$8,'[3]4월누계'!$AO$8,'[3]4월누계'!$BA$8,'[3]4월누계'!$BD$8,'[3]4월누계'!$BE$8,'[3]4월누계'!$BF$8))/1000 -> 6.8096 | S40: =+P40-R40 -> -0.1094 | T40: =+('[1]4월누계'!$E$26-'[1]4월누계'!$Z$26-'[1]4월누계'!$AA$26-'[1]4월누계'!$AE$26-'[1]4월누계'!$AL$26-'[1]4월누계'!$AM$26-'[1]4월누계'!$AN$26-'[1]4월누계'!$AO$26-'[1]4월누계'!$AP$26-'[1]4월누계'!$AQ$26-'[1]4월누계'!$AS$26)/1000 -> -57.255159 | U40: =+('[2]4월누계'!$F$26-SUM('[2]4월누계'!$Z$26,'[2]4월누계'!$AH$26,'[2]4월누계'!$AN$26,'[2]4월누계'!$AO$26,'[2]4월누계'!$BA$26,'[2]4월누계'!$BD$26,'[2]4월누계'!$BE$26,'[2]4월누계'!$BF$26))/1000-U39 -> -58.624164 | V40: =+U40-T40 -> -1.369005 | W40: =+('[3]4월누계'!$F$26-SUM('[3]4월누계'!$Z$26,'[3]4월누계'!$AH$26,'[3]4월누계'!$AN$26,'[3]4월누계'!$AO$26,'[3]4월누계'!$BA$26,'[3]4월누계'!$BD$26,'[3]4월누계'!$BE$26,'[3]4월누계'!$BF$26))/1000 -> -52.425737 | X40: =+U40-W40 -> -6.198427
H41: 기타 계 | J41: =SUM(J33:J40) -> 0 | K41: =SUM(K33:K40) -> 0 | L41: =+K41-J41 -> 0 | M41: =SUM(M33:M40) -> 0 | N41: =+K41-M41 -> 0 | O41: =SUM(O33:O40) -> 642.63267 | P41: =SUM(P33:P40) -> 591.32316 | Q41: =+P41-O41 -> -51.309509 | R41: =SUM(R33:R40) -> 659.35363 | S41: =+P41-R41 -> -68.030474 | T41: =SUM(T33:T40) -> -5816.7956 | U41: =SUM(U33:U40) -> -6871.1393 | V41: =+U41-T41 -> -1054.3437 | W41: =SUM(W33:W40) -> -6610.822 | X41: =+U41-W41 -> -260.31732
U42: 19 | V42: 12.4
G43: =+P43/O43 -> 0.89138455 | H43: 합계 | O43: =+O27+O32+O28+O41 -> 152792.13 | P43: =+P27+P32+P28+P41 -> 136196.55 | Q43: =+P43-O43 -> -16595.587 | R43: =+R27+R32+R28+R41 -> 153279.24 | S43: =+P43-R43 -> -17082.689 | T43: =+T27+T32+T28+T41 -> 2882.7215 | U43: =+U27+U32+U28+U41 -> -2601.7943 | V43: =+U43-T43 -> -5484.5158 | W43: =+W27+W32+W28+W41 -> 6453.3944 | X43: =+U43-W43 -> -9055.1887
G44: =+U43/T43 -> -0.90254792 | K44: =+K28/J28 -> 1.0979772 | M44: =+K28/M28 -> 1.4960621 | P44: =+P43/O43 -> 0.89138455 | R44: =+P43/R43 -> 0.88855184 | T44: =+T43/O43 -> 0.01886695 | U44: =+U43/P43 -> -0.019103232 | V44: =+V43/100 -> -54.845158 | X44: =+X43/100 -> -90.551887
K45: =+K32/J32 -> 0.71675113 | M45: =+K32/M32 -> 0.73327415
I46: 확인 | J46: =+'[1]4월누계'!$Z$7/1000 -> 1002.5 | K46: =+'[2]4월누계'!$AI$7/1000 -> 931.4385 | M46: =+'[3]4월누계'!$Z$7/1000 -> 1125.966 | O46: =+'[1]4월누계'!$E$8/1000 -> 152792.13 | P46: =+'[2]4월누계'!$F$8/1000 -> 136196.55 | R46: =+'[3]4월누계'!$F$8/1000 -> 153279.24 | T46: =+'[1]4월누계'!$E$26/1000 -> 2882.7215 | U46: =+'[2]4월누계'!$F$26/1000 -> -2601.7943 | W46: =+'[3]4월누계'!$F$26/1000 -> 6453.3944
J47: =+J46-J27 -> 0 | K47: =+K46-K27 -> 0 | M47: =+M46-M27 -> 0 | O47: =+O46-O43 -> 0 | P47: =+P46-P43 -> 0 | R47: =+R46-R43 -> 0 | T47: =+T46-T43 -> -5.9117156e-12 | U47: =+U46-U43 -> 0 | W47: =+W46-W43 -> 0
P49: =+P43/100 -> 1361.9655
S50: 레미콘 | T50: =(+T27+T35)/100 -> 13.022419 | U50: =(+U27+U35)/100 -> -10.840645 | V50: =+U50-T50 -> -23.863064 | W50: =+U50/T50-1 -> -1.8324602
S51: 건자재 | T51: =+T28/100 -> 7.0906885 | U51: =+U28/100 -> -1.0658293 | V51: =+U51-T51 -> -8.1565178 | Y51: - OPC 소급분 : 삼표 2.5억(총 9.9억 中 1회차) → 8~4월누계 총 4회 소급예정
S52: 골재 | T52: =+T32/100 -> 6.3543665 | U52: =+U32/100 -> -4.477385 | V52: =+U52-T52 -> -10.831752
S53: 임대 | T53: =(T33+T34)/100 -> 5.3756281 | U53: =(U33+U34)/100 -> 4.8029851 | V53: =+U53-T53 -> -0.57264302
S54: 기타 | T54: =(T46/100)-T50-T51-T52-T53 -> -3.0158872 | U54: =(U46/100)-U50-U51-U52-U53 -> -14.437068 | V54: =+U54-T54 -> -11.421181
T55: =SUM(T53:T54) -> 2.3597409 | U55: =SUM(U53:U54) -> -9.634083 | V55: =SUM(V53:V54) -> -11.993824
T56: =SUM(T50:T54) -> 28.827215 | U56: =SUM(U50:U54) -> -26.017943 | V56: =+U56-T56 -> -54.845158
J57: =+J32*1000 -> 328461.29 | K57: =+K32*1000 -> 235425 | L57: =+K57-J57 -> -93036.289
J58: =+T32/100 -> 6.3543665 | K58: =+U32/100 -> -4.477385 | L58: =+K58-J58 -> -10.831752 | S58: 임대 | T58: =+(T33+T34)/100 -> 5.3756281 | U58: =+(U33+U34)/100 -> 4.8029851 | V58: =+U58-T58 -> -0.57264302
S59: =+I36 -> OPC 소급분 | T59: =+T36/100 -> -1.3667126 | U59: =+U36/100 -> 0 | V59: =+U59-T59 -> 1.3667126
S60: =+I37 -> 대손 | T60: =+T37/100 -> 0 | U60: =+U37/100 -> -5.2239605 | V60: =+U60-T60 -> -5.2239605
S61: =+I38 -> 미운영 공장 | T61: =+T38/100 -> -1.076623 | U61: =+U38/100 -> -1.033434 | V61: =+U61-T61 -> 0.04318895
S62: =+I40 -> 기타 | T62: =+T40/100 -> -0.57255159 | U62: =+U40/100 -> -0.58624164 | V62: =+U62-T62 -> -0.01369005
T63: =SUM(T58:T62) -> 2.3597409 | U63: =SUM(U58:U62) -> -2.0406511 | V63: =SUM(V58:V62) -> -4.400392
T69: =SUM(T33:T34,T36,T38:T39,T40,Y37) -> 235.97409 | U69: =SUM(U33:U34,U36,U38:U39,U40,Z37) -> -441.01225 | V69: =+U69-T69 -> -676.98634

Sheet 영업이익
D4: □ 레미콘 영업이익 차이분석(2025-04)
W5: [단위 : 백만원, 천㎥]
A6: 2024년 12월 마감 손익 | D6: 구분 | E6: 영업이익(공통비 미배부) | H6: 물량 차이 | L6: 판매단가 차이 | P6: 제조원가 차이 | T6: 판관비 등 차이
E7: 계획 | F7: 실적 | G7: 차이 | H7: 계획 | I7: 실적 | J7: 차이 | K7: 손익 | L7: 계획 | M7: 실적 | N7: 차이 | O7: 손익 | P7: 계획 | Q7: 실적 | R7: 차이 | S7: 손익 | T7: 계획 | U7: 실적 | V7: 차이 | W7: 손익
D8: 합계 | E8: =+[4]합계!$H$86/1000 -> 3031.1967 | F8: =+[4]합계!$I$86/1000 -> 2165.6689 | G8: =+F8-E8 -> -865.52784 | H8: =+[4]합계!$T$5/1000 -> 295.5 | I8: =+[4]합계!$U$5/1000 -> 276.853 | J8: =+I8-H8 -> -18.647 | K8: =+[4]합계!$M$86/1000 -> -270.04135 | L8: =+[4]합계!$Q$85 -> 100435.47 | M8: =+[4]합계!$R$85 -> 98470.346 | N8: =+M8-L8 -> -1965.126 | O8: =+[4]합계!$K$86/1000 -> -541.6752 | P8: =+[4]합계!$Q$50 -> 86719.354 | Q8: =+[4]합계!$R$50 -> 86860.521 | R8: =+Q8-P8 -> 141.16706 | S8: =+[4]합계!$L$56/1000 -> 23.831965 | T8: =+([4]합계!$H$80+[4]합계!$H$85)/1000 -> 1021.9163 | U8: =+([4]합계!$I$80+[4]합계!$I$85)/1000 -> 1099.5596 | V8: =+U8-T8 -> 77.643251 | W8: =+([4]합계!$L$80+[4]합계!$L$85)/1000 -> -77.643251 | Y8: =+G8-K8-O8-S8-W8 -> -1.0103918e-11 | Z8: =+Y8*1000000 -> -1.0103918e-05
D9: 수도권 | E9: =+[4]수도권!$H$86/1000 -> 829.31606 | F9: =+[4]수도권!$I$86/1000 -> 593.23161 | G9: =+F9-E9 -> -236.08445 | H9: =+[4]수도권!$T$5/1000 -> 110 | I9: =+[4]수도권!$U$5/1000 -> 99.752 | J9: =+I9-H9 -> -10.248 | K9: =+[4]수도권!$M$86/1000 -> -114.22273 | L9: =+[4]수도권!$Q$85 -> 97316.07 | M9: =+[4]수도권!$R$85 -> 96454.113 | N9: =+M9-L9 -> -861.95694 | O9: =+[4]수도권!$K$86/1000 -> -85.210478 | P9: =+[4]수도권!$Q$50 -> 86898.783 | Q9: =+[4]수도권!$R$50 -> 87093.954 | R9: =+Q9-P9 -> 195.1707 | S9: =+[4]수도권!$L$56/1000 -> -19.569798 | T9: =+([4]수도권!$H$80+[4]수도권!$H$85)/1000 -> 316.58556 | U9: =+([4]수도권!$I$80+[4]수도권!$I$85)/1000 -> 333.66701 | V9: =+U9-T9 -> 17.081445 | W9: =+([4]수도권!$L$80+[4]수도권!$L$85)/1000 -> -17.081445 | Y9: =+G9-K9-O9-S9-W9 -> -1.2398971e-12 | Z9: =+Y9*1000000 -> -1.2398971e-06
D10: 영남권 | E10: =+[4]영남권!$H$86/1000 -> 1257.6657 | F10: =+[4]영남권!$I$86/1000 -> 851.16723 | G10: =+F10-E10 -> -406.49843 | H10: =+[4]영남권!$T$5/1000 -> 128.5 | I10: =+[4]영남권!$U$5/1000 -> 119.871 | J10: =+I10-H10 -> -8.629 | K10: =+[4]영남권!$M$86/1000 -> -118.98328 | L10: =+[4]영남권!$Q$85 -> 100478.01 | M10: =+[4]영남권!$R$85 -> 98385.129 | N10: =+M10-L10 -> -2092.8788 | O10: =+[4]영남권!$K$86/1000 -> -250.77502 | P10: =+[4]영남권!$Q$50 -> 86752.794 | Q10: =+[4]영남권!$R$50 -> 87176.629 | R10: =+Q10-P10 -> 423.83433 | S10: =+[4]영남권!$L$56/1000 -> 12.0018 | T10: =+([4]영남권!$H$80+[4]영남권!$H$85)/1000 -> 506.02425 | U10: =+([4]영남권!$I$80+[4]영남권!$I$85)/1000 -> 554.76619 | V10: =+U10-T10 -> 48.741933 | W10: =+([4]영남권!$L$80+[4]영남권!$L$85)/1000 -> -48.741933 | Y10: =+G10-K10-O10-S10-W10 -> -4.2632564e-13 | Z10: =+Y10*1000000 -> -4.2632564e-07
D11: 기타권 | E11: =+[4]중부권!$H$86/1000 -> 944.21499 | F11: =+[4]중부권!$I$86/1000 -> 721.27004 | G11: =+F11-E11 -> -222.94495 | H11: =+[4]중부권!$T$5/1000 -> 57 | I11: =+[4]중부권!$U$5/1000 -> 57.23 | J11: =+I11-H11 -> 0.23 | K11: =+[4]중부권!$M$86/1000 -> -0.38382411 | L11: =+[4]중부권!$Q$85 -> 106359.48 | M11: =+[4]중부권!$R$85 -> 102148.63 | N11: =+M11-L11 -> -4210.8499 | O11: =+[4]중부권!$K$86/1000 -> -239.86685 | P11: =+[4]중부권!$Q$50 -> 86297.698 | Q11: =+[4]중부권!$R$50 -> 85786.311 | R11: =+Q11-P11 -> -511.38684 | S11: =+[4]중부권!$L$56/1000 -> 29.125596 | T11: =+([4]중부권!$H$80+[4]중부권!$H$85)/1000 -> 199.30652 | U11: =+([4]중부권!$I$80+[4]중부권!$I$85)/1000 -> 211.12639 | V11: =+U11-T11 -> 11.819873 | W11: =+([4]중부권!$L$80+[4]중부권!$L$85)/1000 -> -11.819873 | Y11: =+G11-K11-O11-S11-W11 -> 7.407408e-13 | Z11: =+Y11*1000000 -> 7.407408e-07
D12: 안양 | E12: =+[4]안양!$H$86/1000 -> 413.70969 | F12: =+[4]안양!$I$86/1000 -> 321.01658 | G12: =+F12-E12 -> -92.693111 | H12: =+[4]안양!$T$5/1000 -> 42 | I12: =+[4]안양!$U$5/1000 -> 40.25 | J12: =+I12-H12 -> -1.75 | K12: =+[4]안양!$M$86/1000 -> -23.041063 | L12: =+[4]안양!$Q$85 -> 98051.191 | M12: =+[4]안양!$R$85 -> 95439.9 | N12: =+M12-L12 -> -2611.2915 | O12: =+[4]안양!$K$86/1000 -> -104.52478 | P12: =+[4]안양!$Q$50 -> 85910.084 | Q12: =+[4]안양!$R$50 -> 84951.312 | R12: =+Q12-P12 -> -958.77256 | S12: =+[4]안양!$L$56/1000 -> 38.377743 | T12: =+([4]안양!$H$80+[4]안양!$H$85)/1000 -> 96.216795 | U12: =+([4]안양!$I$80+[4]안양!$I$85)/1000 -> 99.721808 | V12: =+U12-T12 -> 3.5050136 | W12: =+([4]안양!$L$80+[4]안양!$L$85)/1000 -> -3.5050136 | Y12: =+G12-K12-O12-S12-W12 -> 1.1857182e-13 | Z12: =+Y12*1000000 -> 1.1857182e-07
D13: 인천 | E13: =+[4]인천!$H$86/1000 -> 185.05259 | F13: =+[4]인천!$I$86/1000 -> 222.53657 | G13: =+F13-E13 -> 37.483983 | H13: =+[4]인천!$T$5/1000 -> 30 | I13: =+[4]인천!$U$5/1000 -> 33.57 | J13: =+I13-H13 -> 3.57 | K13: =+[4]인천!$M$86/1000 -> 31.798221 | L13: =+[4]인천!$Q$85 -> 98468.654 | M13: =+[4]인천!$R$85 -> 98978.103 | N13: =+M13-L13 -> 509.44962 | O13: =+[4]인천!$K$86/1000 -> 17.008994 | P13: =+[4]인천!$Q$50 -> 89126.043 | Q13: =+[4]인천!$R$50 -> 89170.258 | R13: =+Q13-P13 -> 44.215231 | S13: =+[4]인천!$L$56/1000 -> -1.4762156 | T13: =+([4]인천!$H$80+[4]인천!$H$85)/1000 -> 95.225723 | U13: =+([4]인천!$I$80+[4]인천!$I$85)/1000 -> 105.07274 | V13: =+U13-T13 -> 9.8470164 | W13: =+([4]인천!$L$80+[4]인천!$L$85)/1000 -> -9.8470164 | Y13: =+G13-K13-O13-S13-W13 -> -2.8421709e-13 | Z13: =+Y13*1000000 -> -2.8421709e-07
D14: 파주 | E14: =+[4]파주!$H$86/1000 -> 121.37226 | F14: =+[4]파주!$I$86/1000 -> -15.154132 | G14: =+F14-E14 -> -136.52639 | H14: =+[4]파주!$T$5/1000 -> 22 | I14: =+[4]파주!$U$5/1000 -> 13.605 | J14: =+I14-H14 -> -8.395 | K14: =+[4]파주!$M$86/1000 -> -74.962325 | L14: =+[4]파주!$Q$85 -> 96038.898 | M14: =+[4]파주!$R$85 -> 93525.185 | N14: =+M14-L14 -> -2513.7134 | O14: =+[4]파주!$K$86/1000 -> -33.666164 | P14: =+[4]파주!$Q$50 -> 87308.014 | Q14: =+[4]파주!$R$50 -> 89209.262 | R14: =+Q14-P14 -> 1901.2485 | S14: =+[4]파주!$L$56/1000 -> -25.463449 | T14: =+([4]파주!$H$80+[4]파주!$H$85)/1000 -> 70.707205 | U14: =+([4]파주!$I$80+[4]파주!$I$85)/1000 -> 73.141658 | V14: =+U14-T14 -> 2.4344522 | W14: =+([4]파주!$L$80+[4]파주!$L$85)/1000 -> -2.4344522 | Y14: =+G14-K14-O14-S14-W14 -> -4.7517545e-14 | Z14: =+Y14*1000000 -> -4.7517545e-08
D15: 김포 | E15: =+[4]김포!$H$86/1000 -> 109.18153 | F15: =+[4]김포!$I$86/1000 -> 64.83259 | G15: =+F15-E15 -> -44.348936 | H15: =+[4]김포!$T$5/1000 -> 16 | I15: =+[4]김포!$U$5/1000 -> 12.327 | J15: =+I15-H15 -> -3.673 | K15: =+[4]김포!$M$86/1000 -> -39.786562 | L15: =+[4]김포!$Q$85 -> 94981.397 | M15: =+[4]김포!$R$85 -> 96085.257 | N15: =+M15-L15 -> 1103.8603 | O15: =+[4]김포!$K$86/1000 -> 13.300413 | P15: =+[4]김포!$Q$50 -> 84755.312 | Q15: =+[4]김포!$R$50 -> 86108.361 | R15: =+Q15-P15 -> 1353.0493 | S15: =+[4]김포!$L$56/1000 -> -16.567824 | T15: =+([4]김포!$H$80+[4]김포!$H$85)/1000 -> 54.435839 | U15: =+([4]김포!$I$80+[4]김포!$I$85)/1000 -> 55.730802 | V15: =+U15-T15 -> 1.2949628 | W15: =+([4]김포!$L$80+[4]김포!$L$85)/1000 -> -1.2949628 | Y15: =+G15-K15-O15-S15-W15 -> 7.7715612e-15 | Z15: =+Y15*1000000 -> 7.7715612e-09
D16: 부산 | E16: =+[4]부산!$H$86/1000 -> 236.95571 | F16: =+[4]부산!$I$86/1000 -> 112.51179 | G16: =+F16-E16 -> -124.44392 | H16: =+[4]부산!$T$5/1000 -> 21 | I16: =+[4]부산!$U$5/1000 -> 20.499 | J16: =+I16-H16 -> -0.501 | K16: =+[4]부산!$M$86/1000 -> -7.8713532 | L16: =+[4]부산!$Q$85 -> 107699.58 | M16: =+[4]부산!$R$85 -> 104240.43 | N16: =+M16-L16 -> -3459.1492 | O16: =+[4]부산!$K$86/1000 -> -70.9091 | P16: =+[4]부산!$Q$50 -> 91988.292 | Q16: =+[4]부산!$R$50 -> 93740.019 | R16: =+Q16-P16 -> 1751.7268 | S16: =+[4]부산!$L$56/1000 -> 20.514439 | T16: =+([4]부산!$H$80+[4]부산!$H$85)/1000 -> 92.981249 | U16: =+([4]부산!$I$80+[4]부산!$I$85)/1000 -> 159.15916 | V16: =+U16-T16 -> 66.177907 | W16: =+([4]부산!$L$80+[4]부산!$L$85)/1000 -> -66.177907 | Y16: =+G16-K16-O16-S16-W16 -> 2.7000624e-13 | Z16: =+Y16*1000000 -> 2.7000624e-07
D17: 서부산 | E17: =+[4]서부산!$H$86/1000 -> 210.32021 | F17: =+[4]서부산!$I$86/1000 -> 155.86617 | G17: =+F17-E17 -> -54.45404 | H17: =+[4]서부산!$T$5/1000 -> 22 | I17: =+[4]서부산!$U$5/1000 -> 19.392 | J17: =+I17-H17 -> -2.608 | K17: =+[4]서부산!$M$86/1000 -> -33.995434 | L17: =+[4]서부산!$Q$85 -> 99300.043 | M17: =+[4]서부산!$R$85 -> 97731.982 | N17: =+M17-L17 -> -1568.0608 | O17: =+[4]서부산!$K$86/1000 -> -30.407836 | P17: =+[4]서부산!$Q$50 -> 86264.984 | Q17: =+[4]서부산!$R$50 -> 85126.263 | R17: =+Q17-P17 -> -1138.7215 | S17: =+[4]서부산!$L$56/1000 -> 21.6846 | T17: =+([4]서부산!$H$80+[4]서부산!$H$85)/1000 -> 76.451091 | U17: =+([4]서부산!$I$80+[4]서부산!$I$85)/1000 -> 88.186461 | V17: =+U17-T17 -> 11.73537 | W17: =+([4]서부산!$L$80+[4]서부산!$L$85)/1000 -> -11.73537 | Y17: =+G17-K17-O17-S17-W17 -> 2.4158453e-13 | Z17: =+Y17*1000000 -> 2.4158453e-07
D18: 김해 | E18: =+[4]김해!$H$86/1000 -> 150.40606 | F18: =+[4]김해!$I$86/1000 -> -22.904841 | G18: =+F18-E18 -> -173.3109 | H18: =+[4]김해!$T$5/1000 -> 15 | I18: =+[4]김해!$U$5/1000 -> 11.975 | J18: =+I18-H18 -> -3.025 | K18: =+[4]김해!$M$86/1000 -> -41.151599 | L18: =+[4]김해!$Q$85 -> 96299.853 | M18: =+[4]김해!$R$85 -> 86017.766 | N18: =+M18-L18 -> -10282.087 | O18: =+[4]김해!$K$86/1000 -> -122.63445 | P18: =+[4]김해!$Q$50 -> 82872.584 | Q18: =+[4]김해!$R$50 -> 83483.86 | R18: =+Q18-P18 -> 611.27565 | S18: =+[4]김해!$L$56/1000 -> -3.8363982 | T18: =+([4]김해!$H$80+[4]김해!$H$85)/1000 -> 51.00298 | U18: =+([4]김해!$I$80+[4]김해!$I$85)/1000 -> 56.691435 | V18: =+U18-T18 -> 5.6884545 | W18: =+([4]김해!$L$80+[4]김해!$L$85)/1000 -> -5.6884545 | Y18: =+G18-K18-O18-S18-W18 -> 1.0480505e-13 | Z18: =+Y18*1000000 -> 1.0480505e-07
D19: 정관 | E19: =+[4]정관!$H$86/1000 -> 180.25227 | F19: =+[4]정관!$I$86/1000 -> 280.09121 | G19: =+F19-E19 -> 99.838939 | H19: =+[4]정관!$T$5/1000 -> 20 | I19: =+[4]정관!$U$5/1000 -> 23.6285 | J19: =+I19-H19 -> 3.6285 | K19: =+[4]정관!$M$86/1000 -> 46.304021 | L19: =+[4]정관!$Q$85 -> 101999.76 | M19: =+[4]정관!$R$85 -> 103723.92 | N19: =+M19-L19 -> 1724.1584 | O19: =+[4]정관!$K$86/1000 -> 40.739277 | P19: =+[4]정관!$Q$50 -> 89238.562 | Q19: =+[4]정관!$R$50 -> 89324.063 | R19: =+Q19-P19 -> 85.500566 | S19: =+[4]정관!$L$56/1000 -> 2.3868138 | T19: =+([4]정관!$H$80+[4]정관!$H$85)/1000 -> 74.971765 | U19: =+([4]정관!$I$80+[4]정관!$I$85)/1000 -> 64.562937 | V19: =+U19-T19 -> -10.408828 | W19: =+([4]정관!$L$80+[4]정관!$L$85)/1000 -> 10.408828 | Y19: =+G19-K19-O19-S19-W19 -> 1.1723955e-13 | Z19: =+Y19*1000000 -> 1.1723955e-07
D20: 양산 | E20: =+[4]양산!$H$86/1000 -> 107.58257 | F20: =+[4]양산!$I$86/1000 -> -26.417206 | G20: =+F20-E20 -> -133.99978 | H20: =+[4]양산!$T$5/1000 -> 12 | I20: =+[4]양산!$U$5/1000 -> 6.277 | J20: =+I20-H20 -> -5.723 | K20: =+[4]양산!$M$86/1000 -> -69.872871 | L20: =+[4]양산!$Q$85 -> 94455 | M20: =+[4]양산!$R$85 -> 92330.994 | N20: =+M20-L20 -> -2124.0059 | O20: =+[4]양산!$K$86/1000 -> -13.332385 | P20: =+[4]양산!$Q$50 -> 82245.866 | Q20: =+[4]양산!$R$50 -> 89948.672 | R20: =+Q20-P20 -> 7702.8059 | S20: =+[4]양산!$L$56/1000 -> -48.288905 | T20: =+([4]양산!$H$80+[4]양산!$H$85)/1000 -> 38.927034 | U20: =+([4]양산!$I$80+[4]양산!$I$85)/1000 -> 41.432647 | V20: =+U20-T20 -> 2.5056138 | W20: =+([4]양산!$L$80+[4]양산!$L$85)/1000 -> -2.5056138 | Y20: =+G20-K20-O20-S20-W20 -> -4.7073456e-14 | Z20: =+Y20*1000000 -> -4.7073456e-08
D21: 창원 | E21: =+[4]창원!$H$86/1000 -> 133.4246 | F21: =+[4]창원!$I$86/1000 -> 126.42044 | G21: =+F21-E21 -> -7.0041638 | H21: =+[4]창원!$T$5/1000 -> 13 | I21: =+[4]창원!$U$5/1000 -> 12.462 | J21: =+I21-H21 -> -0.538 | K21: =+[4]창원!$M$86/1000 -> -8.3264392 | L21: =+[4]창원!$Q$85 -> 100000.06 | M21: =+[4]창원!$R$85 -> 96479.754 | N21: =+M21-L21 -> -3520.3053 | O21: =+[4]창원!$K$86/1000 -> -43.870045 | P21: =+[4]창원!$Q$50 -> 84523.407 | Q21: =+[4]창원!$R$50 -> 81404.429 | R21: =+Q21-P21 -> -3118.9778 | S21: =+[4]창원!$L$56/1000 -> 38.868728 | T21: =+([4]창원!$H$80+[4]창원!$H$85)/1000 -> 67.771885 | U21: =+([4]창원!$I$80+[4]창원!$I$85)/1000 -> 61.448293 | V21: =+U21-T21 -> -6.3235922 | W21: =+([4]창원!$L$80+[4]창원!$L$85)/1000 -> 6.3235922 | Y21: =+G21-K21-O21-S21-W21 -> 0 | Z21: =+Y21*1000000 -> 0
D22: 대구 | E22: =+[4]대구!$H$86/1000 -> 123.74206 | F22: =+[4]대구!$I$86/1000 -> 50.698716 | G22: =+F22-E22 -> -73.043346 | H22: =+[4]대구!$T$5/1000 -> 12.5 | I22: =+[4]대구!$U$5/1000 -> 11.7315 | J22: =+I22-H22 -> -0.7685 | K22: =+[4]대구!$M$86/1000 -> -10.851883 | L22: =+[4]대구!$Q$85 -> 97688.008 | M22: =+[4]대구!$R$85 -> 90203.678 | N22: =+M22-L22 -> -7484.3299 | O22: =+[4]대구!$K$86/1000 -> -87.802416 | P22: =+[4]대구!$Q$50 -> 83567.145 | Q22: =+[4]대구!$R$50 -> 82121.647 | R22: =+Q22-P22 -> -1445.4973 | S22: =+[4]대구!$L$56/1000 -> 16.957833 | T22: =+([4]대구!$H$80+[4]대구!$H$85)/1000 -> 52.768728 | U22: =+([4]대구!$I$80+[4]대구!$I$85)/1000 -> 44.115608 | V22: =+U22-T22 -> -8.6531203 | W22: =+([4]대구!$L$80+[4]대구!$L$85)/1000 -> 8.6531203 | Y22: =+G22-K22-O22-S22-W22 -> 1.4033219e-13 | Z22: =+Y22*1000000 -> 1.4033219e-07
D23: 울산 | E23: =+[4]울산!$H$86/1000 -> 114.98218 | F23: =+[4]울산!$I$86/1000 -> 174.90096 | G23: =+F23-E23 -> 59.918781 | H23: =+[4]울산!$T$5/1000 -> 13 | I23: =+[4]울산!$U$5/1000 -> 13.906 | J23: =+I23-H23 -> 0.906 | K23: =+[4]울산!$M$86/1000 -> 11.578101 | L23: =+[4]울산!$Q$85 -> 102006 | M23: =+[4]울산!$R$85 -> 103542.84 | N23: =+M23-L23 -> 1536.8448 | O23: =+[4]울산!$K$86/1000 -> 21.371364 | P23: =+[4]울산!$Q$50 -> 89226.639 | Q23: =+[4]울산!$R$50 -> 88145.766 | R23: =+Q23-P23 -> -1080.8726 | S23: =+[4]울산!$L$56/1000 -> 14.989443 | T23: =+([4]울산!$H$80+[4]울산!$H$85)/1000 -> 51.149522 | U23: =+([4]울산!$I$80+[4]울산!$I$85)/1000 -> 39.169649 | V23: =+U23-T23 -> -11.979873 | W23: =+([4]울산!$L$80+[4]울산!$L$85)/1000 -> 11.979873 | Y23: =+G23-K23-O23-S23-W23 -> 1.4921397e-13 | Z23: =+Y23*1000000 -> 1.4921397e-07
D24: 아산 | E24: =+[4]아산!$H$86/1000 -> 367.52539 | F24: =+[4]아산!$I$86/1000 -> 177.27361 | G24: =+F24-E24 -> -190.25178 | H24: =+[4]아산!$T$5/1000 -> 25 | I24: =+[4]아산!$U$5/1000 -> 23.173 | J24: =+I24-H24 -> -1.827 | K24: =+[4]아산!$M$86/1000 -> -32.80824 | L24: =+[4]아산!$Q$85 -> 103000 | M24: =+[4]아산!$R$85 -> 95394.73 | N24: =+M24-L24 -> -7605.2704 | O24: =+[4]아산!$K$86/1000 -> -176.23693 | P24: =+[4]아산!$Q$50 -> 85042.562 | Q24: =+[4]아산!$R$50 -> 83980.342 | R24: =+Q24-P24 -> -1062.22 | S24: =+[4]아산!$L$56/1000 -> 24.589741 | T24: =+([4]아산!$H$80+[4]아산!$H$85)/1000 -> 81.410573 | U24: =+([4]아산!$I$80+[4]아산!$I$85)/1000 -> 87.206923 | V24: =+U24-T24 -> 5.7963496 | W24: =+([4]아산!$L$80+[4]아산!$L$85)/1000 -> -5.7963496 | Y24: =+G24-K24-O24-S24-W24 -> 3.3217873e-13 | Z24: =+Y24*1000000 -> 3.3217873e-07
D25: 전주 | E25: =+[4]전주!$H$86/1000 -> 113.79379 | F25: =+[4]전주!$I$86/1000 -> 227.34832 | G25: =+F25-E25 -> 113.55453 | H25: =+[4]전주!$T$5/1000 -> 11 | I25: =+[4]전주!$U$5/1000 -> 17.106 | J25: =+I25-H25 -> 6.106 | K25: =+[4]전주!$M$86/1000 -> 90.400849 | L25: =+[4]전주!$Q$85 -> 97059.107 | M25: =+[4]전주!$R$85 -> 98858.36 | N25: =+M25-L25 -> 1799.2527 | O25: =+[4]전주!$K$86/1000 -> 30.642174 | P25: =+[4]전주!$Q$50 -> 82124.616 | Q25: =+[4]전주!$R$50 -> 82374.94 | R25: =+Q25-P25 -> 250.3238 | S25: =+[4]전주!$L$56/1000 -> -4.1792787 | T25: =+([4]전주!$H$80+[4]전주!$H$85)/1000 -> 50.485613 | U25: =+([4]전주!$I$80+[4]전주!$I$85)/1000 -> 53.79483 | V25: =+U25-T25 -> 3.3092171 | W25: =+([4]전주!$L$80+[4]전주!$L$85)/1000 -> -3.3092171 | Y25: =+G25-K25-O25-S25-W25 -> 7.283063e-14 | Z25: =+Y25*1000000 -> 7.283063e-08
D26: 군산 | E26: =+[4]군산!$H$86/1000 -> 219.11095 | F26: =+[4]군산!$I$86/1000 -> 173.95167 | G26: =+F26-E26 -> -45.15928 | H26: =+[4]군산!$T$5/1000 -> 8 | I26: =+[4]군산!$U$5/1000 -> 7.043 | J26: =+I26-H26 -> -0.957 | K26: =+[4]군산!$M$86/1000 -> -28.896446 | L26: =+[4]군산!$Q$85 -> 109866.52 | M26: =+[4]군산!$R$85 -> 106616.04 | N26: =+M26-L26 -> -3250.4783 | O26: =+[4]군산!$K$86/1000 -> -22.893119 | P26: =+[4]군산!$Q$50 -> 79671.692 | Q26: =+[4]군산!$R$50 -> 78680.621 | R26: =+Q26-P26 -> -991.07078 | S26: =+[4]군산!$L$56/1000 -> 6.9801117 | T26: =+([4]군산!$H$80+[4]군산!$H$85)/1000 -> 22.447641 | U26: =+([4]군산!$I$80+[4]군산!$I$85)/1000 -> 22.797467 | V26: =+U26-T26 -> 0.34982637 | W26: =+([4]군산!$L$80+[4]군산!$L$85)/1000 -> -0.34982637 | Y26: =+G26-K26-O26-S26-W26 -> 2.2593039e-14 | Z26: =+Y26*1000000 -> 2.2593039e-08
D27: 원주 | E27: =+[4]원주!$H$86/1000 -> 97.265946 | F27: =+[4]원주!$I$86/1000 -> 14.251573 | G27: =+F27-E27 -> -83.014373 | H27: =+[4]원주!$T$5/1000 -> 5 | I27: =+[4]원주!$U$5/1000 -> 2.5685 | J27: =+I27-H27 -> -2.4315 | K27: =+[4]원주!$M$86/1000 -> -55.780135 | L27: =+[4]원주!$Q$85 -> 112000 | M27: =+[4]원주!$R$85 -> 112985.73 | N27: =+M27-L27 -> 985.73097 | O27: =+[4]원주!$K$86/1000 -> 2.53185 | P27: =+[4]원주!$Q$50 -> 89059.373 | Q27: =+[4]원주!$R$50 -> 100881.33 | R27: =+Q27-P27 -> 11821.953 | S27: =+[4]원주!$L$56/1000 -> -30.364688 | T27: =+([4]원주!$H$80+[4]원주!$H$85)/1000 -> 17.437191 | U27: =+([4]원주!$I$80+[4]원주!$I$85)/1000 -> 16.83859 | V27: =+U27-T27 -> -0.59860088 | W27: =+([4]원주!$L$80+[4]원주!$L$85)/1000 -> 0.59860088 | Y27: =+G27-K27-O27-S27-W27 -> 0 | Z27: =+Y27*1000000 -> 0
D28: 제주 | E28: =+[4]제주!$H$86/1000 -> 146.51892 | F28: =+[4]제주!$I$86/1000 -> 128.44487 | G28: =+F28-E28 -> -18.07405 | H28: =+[4]제주!$T$5/1000 -> 8 | I28: =+[4]제주!$U$5/1000 -> 7.3395 | J28: =+I28-H28 -> -0.6605 | K28: =+[4]제주!$M$86/1000 -> -18.513975 | L28: =+[4]제주!$Q$85 -> 122613.5 | M28: =+[4]제주!$R$85 -> 123584.35 | N28: =+M28-L28 -> 970.85306 | O28: =+[4]제주!$K$86/1000 -> 6.9406285 | P28: =+[4]제주!$Q$50 -> 100857.95 | Q28: =+[4]제주!$R$50 -> 101352.79 | R28: =+Q28-P28 -> 494.84026 | S28: =+[4]제주!$L$56/1000 -> -3.537623 | T28: =+([4]제주!$H$80+[4]제주!$H$85)/1000 -> 27.525499 | U28: =+([4]제주!$I$80+[4]제주!$I$85)/1000 -> 30.48858 | V28: =+U28-T28 -> 2.9630808 | W28: =+([4]제주!$L$80+[4]제주!$L$85)/1000 -> -2.9630808 | Y28: =+G28-K28-O28-S28-W28 -> 0 | Z28: =+Y28*1000000 -> 0
Y35: · 집합대손 2.2억 // 개별대손 3억(삼정이앤시) → 안양 2.9억, 양산 0.1억

Sheet 공헌이익
D4: □ 레미콘 단위당 공헌이익(2025-04)
V5: [단위 : 원/㎥]
A6: 2024년 12월 마감 손익 | D6: 구분 | E6: 판매단가 | H6: 재료비 | K6: 운반비 | N6: 유류비 | Q6: 변동비 계 | T6: 공헌이익
E7: 계획 | F7: 실적 | G7: 차이 | H7: 계획 | I7: 실적 | J7: 차이 | K7: 계획 | L7: 실적 | M7: 차이 | N7: 계획 | O7: 실적 | P7: 차이 | Q7: 계획 | R7: 실적 | S7: 차이 | T7: 계획 | U7: 실적 | V7: 차이
D8: 평균 | E8: =+[4]합계!$Q$85 -> 100435.47 | F8: =+[4]합계!$R$85 -> 98470.346 | G8: =+F8-E8 -> -1965.126 | H8: =+[4]합계!$Q$20 -> 60804.331 | I8: =+[4]합계!$R$20 -> 60716.649 | J8: =+I8-H8 -> -87.681996 | K8: =+[4]합계!$Q$21 -> 18325.059 | L8: =+[4]합계!$R$21 -> 18177.727 | M8: =+L8-K8 -> -147.33234 | N8: =+[4]합계!$Q$22 -> 207.26734 | O8: =+[4]합계!$R$22 -> 214.8486 | P8: =+O8-N8 -> 7.5812594 | Q8: =H8+K8+N8 -> 79336.658 | R8: =I8+L8+O8 -> 79109.225 | S8: =+R8-Q8 -> -227.43308 | T8: =+E8-Q8 -> 21098.815 | U8: =+F8-R8 -> 19361.122 | V8: =+U8-T8 -> -1737.693
D9: 수도권 | E9: =+[4]수도권!$Q$85 -> 97316.07 | F9: =+[4]수도권!$R$85 -> 96454.113 | G9: =+F9-E9 -> -861.95694 | H9: =+[4]수도권!$Q$20 -> 62383.845 | I9: =+[4]수도권!$R$20 -> 61373.968 | J9: =+I9-H9 -> -1009.8777 | K9: =+[4]수도권!$Q$21 -> 18069.147 | L9: =+[4]수도권!$R$21 -> 18460.465 | M9: =+L9-K9 -> 391.31714 | N9: =+[4]수도권!$Q$22 -> 239.15909 | O9: =+[4]수도권!$R$22 -> 247.09272 | P9: =+O9-N9 -> 7.9336287 | Q9: =H9+K9+N9 -> 80692.152 | R9: =I9+L9+O9 -> 80081.525 | S9: =+R9-Q9 -> -610.62695 | T9: =+E9-Q9 -> 16623.918 | U9: =+F9-R9 -> 16372.588 | V9: =+U9-T9 -> -251.33
D10: 영남권 | E10: =+[4]영남권!$Q$85 -> 100478.01 | F10: =+[4]영남권!$R$85 -> 98385.129 | G10: =+F10-E10 -> -2092.8788 | H10: =+[4]영남권!$Q$20 -> 59827.222 | I10: =+[4]영남권!$R$20 -> 60173.324 | J10: =+I10-H10 -> 346.10177 | K10: =+[4]영남권!$Q$21 -> 18826.125 | L10: =+[4]영남권!$R$21 -> 18708.768 | M10: =+L10-K10 -> -117.3575 | N10: =+[4]영남권!$Q$22 -> 192.52918 | O10: =+[4]영남권!$R$22 -> 190.26659 | P10: =+O10-N10 -> -2.2625941 | Q10: =H10+K10+N10 -> 78845.876 | R10: =I10+L10+O10 -> 79072.358 | S10: =+R10-Q10 -> 226.48168 | T10: =+E10-Q10 -> 21632.131 | U10: =+F10-R10 -> 19312.771 | V10: =+U10-T10 -> -2319.3605
D11: 기타권 | E11: =+[4]중부권!$Q$85 -> 106359.48 | F11: =+[4]중부권!$R$85 -> 102148.63 | G11: =+F11-E11 -> -4210.8499 | H11: =+[4]중부권!$Q$20 -> 59958.926 | I11: =+[4]중부권!$R$20 -> 60726.733 | J11: =+I11-H11 -> 767.80694 | K11: =+[4]중부권!$Q$21 -> 17689.33 | L11: =+[4]중부권!$R$21 -> 16562.929 | M11: =+L11-K11 -> -1126.4005 | N11: =+[4]중부권!$Q$22 -> 178.94737 | O11: =+[4]중부권!$R$22 -> 210.96005 | P11: =+O11-N11 -> 32.01268 | Q11: =H11+K11+N11 -> 77827.202 | R11: =I11+L11+O11 -> 77500.622 | S11: =+R11-Q11 -> -326.58093 | T11: =+E11-Q11 -> 28532.277 | U11: =+F11-R11 -> 24648.008 | V11: =+U11-T11 -> -3884.269
D12: 안양 | E12: =+[4]안양!$Q$85 -> 98051.191 | F12: =+[4]안양!$R$85 -> 95439.9 | G12: =+F12-E12 -> -2611.2915 | H12: =+[4]안양!$Q$20 -> 63628.706 | I12: =+[4]안양!$R$20 -> 61546.482 | J12: =+I12-H12 -> -2082.2239 | K12: =+[4]안양!$Q$21 -> 17443.494 | L12: =+[4]안양!$R$21 -> 17893.452 | M12: =+L12-K12 -> 449.95742 | N12: =+[4]안양!$Q$22 -> 185.71429 | O12: =+[4]안양!$R$22 -> 219.27206 | P12: =+O12-N12 -> 33.557774 | Q12: =H12+K12+N12 -> 81257.915 | R12: =I12+L12+O12 -> 79659.206 | S12: =+R12-Q12 -> -1598.7087 | T12: =+E12-Q12 -> 16793.277 | U12: =+F12-R12 -> 15780.694 | V12: =+U12-T12 -> -1012.5829
D13: 인천 | E13: =+[4]인천!$Q$85 -> 98468.654 | F13: =+[4]인천!$R$85 -> 98978.103 | G13: =+F13-E13 -> 509.44962 | H13: =+[4]인천!$Q$20 -> 64305.68 | I13: =+[4]인천!$R$20 -> 63361.561 | J13: =+I13-H13 -> -944.11903 | K13: =+[4]인천!$Q$21 -> 17885.556 | L13: =+[4]인천!$R$21 -> 19031.295 | M13: =+L13-K13 -> 1145.7388 | N13: =+[4]인천!$Q$22 -> 400 | O13: =+[4]인천!$R$22 -> 358.12421 | P13: =+O13-N13 -> -41.87579 | Q13: =H13+K13+N13 -> 82591.236 | R13: =I13+L13+O13 -> 82750.98 | S13: =+R13-Q13 -> 159.74395 | T13: =+E13-Q13 -> 15877.418 | U13: =+F13-R13 -> 16227.123 | V13: =+U13-T13 -> 349.70567
D14: 파주 | E14: =+[4]파주!$Q$85 -> 96038.898 | F14: =+[4]파주!$R$85 -> 93525.185 | G14: =+F14-E14 -> -2513.7134 | H14: =+[4]파주!$Q$20 -> 60266.206 | I14: =+[4]파주!$R$20 -> 59178.081 | J14: =+I14-H14 -> -1088.125 | K14: =+[4]파주!$Q$21 -> 19272.524 | L14: =+[4]파주!$R$21 -> 18659.228 | M14: =+L14-K14 -> -613.29599 | N14: =+[4]파주!$Q$22 -> 248.52273 | O14: =+[4]파주!$R$22 -> 198.61667 | P14: =+O14-N14 -> -49.906062 | Q14: =H14+K14+N14 -> 79787.253 | R14: =I14+L14+O14 -> 78035.926 | S14: =+R14-Q14 -> -1751.327 | T14: =+E14-Q14 -> 16251.646 | U14: =+F14-R14 -> 15489.259 | V14: =+U14-T14 -> -762.3864
D15: 김포 | E15: =+[4]김포!$Q$85 -> 94981.397 | F15: =+[4]김포!$R$85 -> 96085.257 | G15: =+F15-E15 -> 1103.8603 | H15: =+[4]김포!$Q$20 -> 58424.402 | I15: =+[4]김포!$R$20 -> 57737.512 | J15: =+I15-H15 -> -686.88995 | K15: =+[4]김포!$Q$21 -> 18401.078 | L15: =+[4]김포!$R$21 -> 18541.397 | M15: =+L15-K15 -> 140.31882 | N15: =+[4]김포!$Q$22 -> 65 | O15: =+[4]김포!$R$22 -> 85.885158 | P15: =+O15-N15 -> 20.885158 | Q15: =H15+K15+N15 -> 76890.48 | R15: =I15+L15+O15 -> 76364.794 | S15: =+R15-Q15 -> -525.68597 | T15: =+E15-Q15 -> 18090.917 | U15: =+F15-R15 -> 19720.464 | V15: =+U15-T15 -> 1629.5463
D16: 부산 | E16: =+[4]부산!$Q$85 -> 107699.58 | F16: =+[4]부산!$R$85 -> 104240.43 | G16: =+F16-E16 -> -3459.1492 | H16: =+[4]부산!$Q$20 -> 64020.529 | I16: =+[4]부산!$R$20 -> 66659.796 | J16: =+I16-H16 -> 2639.2664 | K16: =+[4]부산!$Q$21 -> 20067.793 | L16: =+[4]부산!$R$21 -> 19510.101 | M16: =+L16-K16 -> -557.69205 | N16: =+[4]부산!$Q$22 -> 95.238095 | O16: =+[4]부산!$R$22 -> 0 | P16: =+O16-N16 -> -95.238095 | Q16: =H16+K16+N16 -> 84183.56 | R16: =I16+L16+O16 -> 86169.896 | S16: =+R16-Q16 -> 1986.3363 | T16: =+E16-Q16 -> 23516.016 | U16: =+F16-R16 -> 18070.53 | V16: =+U16-T16 -> -5445.4855
D17: 서부산 | E17: =+[4]서부산!$Q$85 -> 99300.043 | F17: =+[4]서부산!$R$85 -> 97731.982 | G17: =+F17-E17 -> -1568.0608 | H17: =+[4]서부산!$Q$20 -> 61712.273 | I17: =+[4]서부산!$R$20 -> 60348.672 | J17: =+I17-H17 -> -1363.601 | K17: =+[4]서부산!$Q$21 -> 17079.808 | L17: =+[4]서부산!$R$21 -> 16747.36 | M17: =+L17-K17 -> -332.44812 | N17: =+[4]서부산!$Q$22 -> 136.36364 | O17: =+[4]서부산!$R$22 -> 231.4259 | P17: =+O17-N17 -> 95.062266 | Q17: =H17+K17+N17 -> 78928.445 | R17: =I17+L17+O17 -> 77327.458 | S17: =+R17-Q17 -> -1600.9869 | T17: =+E17-Q17 -> 20371.598 | U17: =+F17-R17 -> 20404.524 | V17: =+U17-T17 -> 32.926021
D18: 김해 | E18: =+[4]김해!$Q$85 -> 96299.853 | F18: =+[4]김해!$R$85 -> 86017.766 | G18: =+F18-E18 -> -10282.087 | H18: =+[4]김해!$Q$20 -> 55825.661 | I18: =+[4]김해!$R$20 -> 56317.352 | J18: =+I18-H18 -> 491.69117 | K18: =+[4]김해!$Q$21 -> 19799.31 | L18: =+[4]김해!$R$21 -> 18737.226 | M18: =+L18-K18 -> -1062.0841 | N18: =+[4]김해!$Q$22 -> 333.33333 | O18: =+[4]김해!$R$22 -> 363.25195 | P18: =+O18-N18 -> 29.918616 | Q18: =H18+K18+N18 -> 75958.305 | R18: =I18+L18+O18 -> 75417.831 | S18: =+R18-Q18 -> -540.4743 | T18: =+E18-Q18 -> 20341.548 | U18: =+F18-R18 -> 10599.936 | V18: =+U18-T18 -> -9741.6126
D19: 정관 | E19: =+[4]정관!$Q$85 -> 101999.76 | F19: =+[4]정관!$R$85 -> 103723.92 | G19: =+F19-E19 -> 1724.1584 | H19: =+[4]정관!$Q$20 -> 62822.62 | I19: =+[4]정관!$R$20 -> 63335.249 | J19: =+I19-H19 -> 512.62945 | K19: =+[4]정관!$Q$21 -> 19003.44 | L19: =+[4]정관!$R$21 -> 20268.393 | M19: =+L19-K19 -> 1264.953 | N19: =+[4]정관!$Q$22 -> 200 | O19: =+[4]정관!$R$22 -> 256.15135 | P19: =+O19-N19 -> 56.151347 | Q19: =H19+K19+N19 -> 82026.06 | R19: =I19+L19+O19 -> 83859.793 | S19: =+R19-Q19 -> 1833.7338 | T19: =+E19-Q19 -> 19973.704 | U19: =+F19-R19 -> 19864.129 | V19: =+U19-T19 -> -109.57543
D20: 양산 | E20: =+[4]양산!$Q$85 -> 94455 | F20: =+[4]양산!$R$85 -> 92330.994 | G20: =+F20-E20 -> -2124.0059 | H20: =+[4]양산!$Q$20 -> 55998.314 | I20: =+[4]양산!$R$20 -> 53375.907 | J20: =+I20-H20 -> -2622.4078 | K20: =+[4]양산!$Q$21 -> 17618.535 | L20: =+[4]양산!$R$21 -> 19455.299 | M20: =+L20-K20 -> 1836.7632 | N20: =+[4]양산!$Q$22 -> 66.666667 | O20: =+[4]양산!$R$22 -> 48.910307 | P20: =+O20-N20 -> -17.756359 | Q20: =H20+K20+N20 -> 73683.516 | R20: =I20+L20+O20 -> 72880.116 | S20: =+R20-Q20 -> -803.40094 | T20: =+E20-Q20 -> 20771.484 | U20: =+F20-R20 -> 19450.879 | V20: =+U20-T20 -> -1320.605
D21: 창원 | E21: =+[4]창원!$Q$85 -> 100000.06 | F21: =+[4]창원!$R$85 -> 96479.754 | G21: =+F21-E21 -> -3520.3053 | H21: =+[4]창원!$Q$20 -> 57809.176 | I21: =+[4]창원!$R$20 -> 55742.923 | J21: =+I21-H21 -> -2066.2524 | K21: =+[4]창원!$Q$21 -> 17991.698 | L21: =+[4]창원!$R$21 -> 16494.908 | M21: =+L21-K21 -> -1496.79 | N21: =+[4]창원!$Q$22 -> 115.38462 | O21: =+[4]창원!$R$22 -> 84.175895 | P21: =+O21-N21 -> -31.208721 | Q21: =H21+K21+N21 -> 75916.258 | R21: =I21+L21+O21 -> 72322.007 | S21: =+R21-Q21 -> -3594.2511 | T21: =+E21-Q21 -> 24083.802 | U21: =+F21-R21 -> 24157.748 | V21: =+U21-T21 -> 73.945795
D22: 대구 | E22: =+[4]대구!$Q$85 -> 97688.008 | F22: =+[4]대구!$R$85 -> 90203.678 | G22: =+F22-E22 -> -7484.3299 | H22: =+[4]대구!$Q$20 -> 54318.429 | I22: =+[4]대구!$R$20 -> 53501.488 | J22: =+I22-H22 -> -816.94041 | K22: =+[4]대구!$Q$21 -> 18261.004 | L22: =+[4]대구!$R$21 -> 18463.936 | M22: =+L22-K22 -> 202.93192 | N22: =+[4]대구!$Q$22 -> 384 | O22: =+[4]대구!$R$22 -> 283.44883 | P22: =+O22-N22 -> -100.55117 | Q22: =H22+K22+N22 -> 72963.433 | R22: =I22+L22+O22 -> 72248.873 | S22: =+R22-Q22 -> -714.55965 | T22: =+E22-Q22 -> 24724.575 | U22: =+F22-R22 -> 17954.805 | V22: =+U22-T22 -> -6769.7702
D23: 울산 | E23: =+[4]울산!$Q$85 -> 102006 | F23: =+[4]울산!$R$85 -> 103542.84 | G23: =+F23-E23 -> 1536.8448 | H23: =+[4]울산!$Q$20 -> 60721.553 | I23: =+[4]울산!$R$20 -> 60927.637 | J23: =+I23-H23 -> 206.08414 | K23: =+[4]울산!$Q$21 -> 20872.472 | L23: =+[4]울산!$R$21 -> 19534.125 | M23: =+L23-K23 -> -1338.3472 | N23: =+[4]울산!$Q$22 -> 280 | O23: =+[4]울산!$R$22 -> 231.19816 | P23: =+O23-N23 -> -48.801839 | Q23: =H23+K23+N23 -> 81874.025 | R23: =I23+L23+O23 -> 80692.96 | S23: =+R23-Q23 -> -1181.0649 | T23: =+E23-Q23 -> 20131.975 | U23: =+F23-R23 -> 22849.885 | V23: =+U23-T23 -> 2717.9097
D24: 아산 | E24: =+[4]아산!$Q$85 -> 103000 | F24: =+[4]아산!$R$85 -> 95394.73 | G24: =+F24-E24 -> -7605.2704 | H24: =+[4]아산!$Q$20 -> 58124.357 | I24: =+[4]아산!$R$20 -> 57645.158 | J24: =+I24-H24 -> -479.19903 | K24: =+[4]아산!$Q$21 -> 20311.187 | L24: =+[4]아산!$R$21 -> 19386.51 | M24: =+L24-K24 -> -924.67621 | N24: =+[4]아산!$Q$22 -> 100 | O24: =+[4]아산!$R$22 -> 190.48459 | P24: =+O24-N24 -> 90.484589 | Q24: =H24+K24+N24 -> 78535.543 | R24: =I24+L24+O24 -> 77222.153 | S24: =+R24-Q24 -> -1313.3907 | T24: =+E24-Q24 -> 24464.457 | U24: =+F24-R24 -> 18172.577 | V24: =+U24-T24 -> -6291.8797
D25: 전주 | E25: =+[4]전주!$Q$85 -> 97059.107 | F25: =+[4]전주!$R$85 -> 98858.36 | G25: =+F25-E25 -> 1799.2527 | H25: =+[4]전주!$Q$20 -> 56367.812 | I25: =+[4]전주!$R$20 -> 61111.499 | J25: =+I25-H25 -> 4743.6874 | K25: =+[4]전주!$Q$21 -> 16223.999 | L25: =+[4]전주!$R$21 -> 14767.506 | M25: =+L25-K25 -> -1456.4931 | N25: =+[4]전주!$Q$22 -> 272.72727 | O25: =+[4]전주!$R$22 -> 257.6059 | P25: =+O25-N25 -> -15.121368 | Q25: =H25+K25+N25 -> 72864.539 | R25: =I25+L25+O25 -> 76136.612 | S25: =+R25-Q25 -> 3272.073 | T25: =+E25-Q25 -> 24194.568 | U25: =+F25-R25 -> 22721.748 | V25: =+U25-T25 -> -1472.8202
D26: 군산 | E26: =+[4]군산!$Q$85 -> 109866.52 | F26: =+[4]군산!$R$85 -> 106616.04 | G26: =+F26-E26 -> -3250.4783 | H26: =+[4]군산!$Q$20 -> 58650.377 | I26: =+[4]군산!$R$20 -> 55482.44 | J26: =+I26-H26 -> -3167.9373 | K26: =+[4]군산!$Q$21 -> 13604.848 | L26: =+[4]군산!$R$21 -> 13856.719 | M26: =+L26-K26 -> 251.87128 | N26: =+[4]군산!$Q$22 -> 56.25 | O26: =+[4]군산!$R$22 -> 48.7024 | P26: =+O26-N26 -> -7.5476005 | Q26: =H26+K26+N26 -> 72311.475 | R26: =I26+L26+O26 -> 69387.862 | S26: =+R26-Q26 -> -2923.6136 | T26: =+E26-Q26 -> 37555.04 | U26: =+F26-R26 -> 37228.175 | V26: =+U26-T26 -> -326.86472
D27: 원주 | E27: =+[4]원주!$Q$85 -> 112000 | F27: =+[4]원주!$R$85 -> 112985.73 | G27: =+F27-E27 -> 985.73097 | H27: =+[4]원주!$Q$20 -> 57608.533 | I27: =+[4]원주!$R$20 -> 57622.565 | J27: =+I27-H27 -> 14.031977 | K27: =+[4]원주!$Q$21 -> 14789.799 | L27: =+[4]원주!$R$21 -> 15079.802 | M27: =+L27-K27 -> 290.00298 | N27: =+[4]원주!$Q$22 -> 350 | O27: =+[4]원주!$R$22 -> 308.45046 | P27: =+O27-N27 -> -41.549543 | Q27: =H27+K27+N27 -> 72748.332 | R27: =I27+L27+O27 -> 73010.818 | S27: =+R27-Q27 -> 262.48542 | T27: =+E27-Q27 -> 39251.668 | U27: =+F27-R27 -> 39974.913 | V27: =+U27-T27 -> 723.24555
D28: 제주 | E28: =+[4]제주!$Q$85 -> 122613.5 | F28: =+[4]제주!$R$85 -> 123584.35 | G28: =+F28-E28 -> 970.85306 | H28: =+[4]제주!$Q$20 -> 73407.278 | I28: =+[4]제주!$R$20 -> 76090.674 | J28: =+I28-H28 -> 2683.3959 | K28: =+[4]제주!$Q$21 -> 17407.543 | L28: =+[4]제주!$R$21 -> 14878.546 | M28: =+L28-K28 -> -2528.9973 | N28: =+[4]제주!$Q$22 -> 312.5 | O28: =+[4]제주!$R$22 -> 291.06406 | P28: =+O28-N28 -> -21.435935 | Q28: =H28+K28+N28 -> 91127.321 | R28: =I28+L28+O28 -> 91260.284 | S28: =+R28-Q28 -> 132.96266 | T28: =+E28-Q28 -> 31486.179 | U28: =+F28-R28 -> 32324.069 | V28: =+U28-T28 -> 837.89039

Sheet 재료비단가
D4: □ 레미콘 원재료단가(2025-04)
A6: 2024년 12월 마감 손익 | D6: 구분 | E6: OPC (원/톤) | H6: SC (원/톤) | K6: SP (원/톤) | N6: FA (원/톤) | Q6: 자갈 (원/톤) | T6: 모래 (원/톤)
E7: 계획 | F7: 실적 | G7: 차이 | H7: 계획 | I7: 실적 | J7: 차이 | K7: 계획 | L7: 실적 | M7: 차이 | N7: 계획 | O7: 실적 | P7: 차이 | Q7: 계획 | R7: 실적 | S7: 차이 | T7: 계획 | U7: 실적 | V7: 차이
D8: 평균 | E8: =+[4]합계!$G$9 -> 100505.43 | F8: =+[4]합계!$H$9 -> 100622.76 | G8: =+F8-E8 -> 117.32271 | H8: =+[4]합계!$G$10 -> 93807.146 | I8: =+[4]합계!$H$10 -> 94372.597 | J8: =+I8-H8 -> 565.45167 | K8: =+[4]합계!$G$12 -> 63679.651 | L8: =+[4]합계!$H$12 -> 62044.464 | M8: =+L8-K8 -> -1635.1871 | N8: =+[4]합계!$G$13 -> 40941.853 | O8: =+[4]합계!$H$13 -> 39013.826 | P8: =+O8-N8 -> -1928.0273 | Q8: =+[4]합계!$G$16 -> 13248.191 | R8: =+[4]합계!$H$16 -> 13397.284 | S8: =+R8-Q8 -> 149.0933 | T8: =+[4]합계!$G$17 -> 15813.391 | U8: =+[4]합계!$H$17 -> 15775.336 | V8: =+U8-T8 -> -38.055783
D9: 수도권 | E9: =+[4]수도권!$G$9 -> 100000 | F9: =+[4]수도권!$H$9 -> 99805.375 | G9: =+F9-E9 -> -194.62509 | H9: =+[4]수도권!$G$10 -> 98000 | I9: =+[4]수도권!$H$10 -> 99492.036 | J9: =+I9-H9 -> 1492.0363 | K9: =+[4]수도권!$G$12 -> 64180.024 | L9: =+[4]수도권!$H$12 -> 62307.356 | M9: =+L9-K9 -> -1872.6679 | N9: =+[4]수도권!$G$13 -> 47161.122 | O9: =+[4]수도권!$H$13 -> 44849.508 | P9: =+O9-N9 -> -2311.6136 | Q9: =+[4]수도권!$G$16 -> 15800.12 | R9: =+[4]수도권!$H$16 -> 15338.43 | S9: =+R9-Q9 -> -461.69058 | T9: =+[4]수도권!$G$17 -> 14221.066 | U9: =+[4]수도권!$H$17 -> 13855.33 | V9: =+U9-T9 -> -365.73636
D10: 영남권 | E10: =+[4]영남권!$G$9 -> 100000 | F10: =+[4]영남권!$H$9 -> 100516.79 | G10: =+F10-E10 -> 516.78606 | H10: =+[4]영남권!$G$10 -> 92435.407 | I10: =+[4]영남권!$H$10 -> 92495.046 | J10: =+I10-H10 -> 59.63916 | K10: =+[4]영남권!$G$12 -> 62721.584 | L10: =+[4]영남권!$H$12 -> 61379.253 | M10: =+L10-K10 -> -1342.3314 | N10: =+[4]영남권!$G$13 -> 35526.72 | O10: =+[4]영남권!$H$13 -> 34432.186 | P10: =+O10-N10 -> -1094.534 | Q10: =+[4]영남권!$G$16 -> 10954.423 | R10: =+[4]영남권!$H$16 -> 11699.192 | S10: =+R10-Q10 -> 744.76862 | T10: =+[4]영남권!$G$17 -> 17638.753 | U10: =+[4]영남권!$H$17 -> 17882.012 | V10: =+U10-T10 -> 243.25924
D11: 기타권 | E11: =+[4]중부권!$G$9 -> 102563.37 | F11: =+[4]중부권!$H$9 -> 102160.6 | G11: =+F11-E11 -> -402.77607 | H11: =+[4]중부권!$G$10 -> 98220.903 | I11: =+[4]중부권!$H$10 -> 103273.19 | J11: =+I11-H11 -> 5052.2845 | K11: =+[4]중부권!$G$12 -> 64586.565 | L11: =+[4]중부권!$H$12 -> 62981.854 | M11: =+L11-K11 -> -1604.711 | N11: =+[4]중부권!$G$13 -> 42110.968 | O11: =+[4]중부권!$H$13 -> 40003.304 | P11: =+O11-N11 -> -2107.6638 | Q11: =+[4]중부권!$G$16 -> 13107.049 | R11: =+[4]중부권!$H$16 -> 13439.106 | S11: =+R11-Q11 -> 332.0567 | T11: =+[4]중부권!$G$17 -> 14642.314 | U11: =+[4]중부권!$H$17 -> 14724.327 | V11: =+U11-T11 -> 82.013128
D12: 안양 | E12: =+[4]안양!$G$9 -> 100000 | F12: =+[4]안양!$H$9 -> 99615.439 | G12: =+F12-E12 -> -384.56103 | H12: =+[4]안양!$G$10 -> 0 | I12: =+[4]안양!$H$10 -> 102200 | J12: =+I12-H12 -> 102200 | K12: =+[4]안양!$G$12 -> 64100 | L12: =+[4]안양!$H$12 -> 62104.884 | M12: =+L12-K12 -> -1995.1161 | N12: =+[4]안양!$G$13 -> 46100 | O12: =+[4]안양!$H$13 -> 44379.654 | P12: =+O12-N12 -> -1720.3456 | Q12: =+[4]안양!$G$16 -> 15800 | R12: =+[4]안양!$H$16 -> 15459.441 | S12: =+R12-Q12 -> -340.55942 | T12: =+[4]안양!$G$17 -> 15032.258 | U12: =+[4]안양!$H$17 -> 14802.401 | V12: =+U12-T12 -> -229.85684
D13: 인천 | E13: =+[4]인천!$G$9 -> 100000 | F13: =+[4]인천!$H$9 -> 99903.065 | G13: =+F13-E13 -> -96.935243 | H13: =+[4]인천!$G$10 -> 98000 | I13: =+[4]인천!$H$10 -> 99331.213 | J13: =+I13-H13 -> 1331.2133 | K13: =+[4]인천!$G$12 -> 64400 | L13: =+[4]인천!$H$12 -> 62562.478 | M13: =+L13-K13 -> -1837.5219 | N13: =+[4]인천!$G$13 -> 47600 | O13: =+[4]인천!$H$13 -> 44569.286 | P13: =+O13-N13 -> -3030.7136 | Q13: =+[4]인천!$G$16 -> 16000 | R13: =+[4]인천!$H$16 -> 15261.252 | S13: =+R13-Q13 -> -738.74814 | T13: =+[4]인천!$G$17 -> 14318.131 | U13: =+[4]인천!$H$17 -> 13461.835 | V13: =+U13-T13 -> -856.29616
D14: 파주 | E14: =+[4]파주!$G$9 -> 100000 | F14: =+[4]파주!$H$9 -> 100000 | G14: =+F14-E14 -> 0 | H14: =+[4]파주!$G$10 -> 0 | I14: =+[4]파주!$H$10 -> 99049.852 | J14: =+I14-H14 -> 99049.852 | K14: =+[4]파주!$G$12 -> 64300 | L14: =+[4]파주!$H$12 -> 62567.401 | M14: =+L14-K14 -> -1732.5985 | N14: =+[4]파주!$G$13 -> 48200 | O14: =+[4]파주!$H$13 -> 46073.848 | P14: =+O14-N14 -> -2126.1517 | Q14: =+[4]파주!$G$16 -> 16333.333 | R14: =+[4]파주!$H$16 -> 15770.514 | S14: =+R14-Q14 -> -562.81929 | T14: =+[4]파주!$G$17 -> 12580.645 | U14: =+[4]파주!$H$17 -> 11817.3 | V14: =+U14-T14 -> -763.34548
D15: 김포 | E15: =+[4]김포!$G$9 -> 100000 | F15: =+[4]김포!$H$9 -> 100000 | G15: =+F15-E15 -> 0 | H15: =+[4]김포!$G$10 -> 0 | I15: =+[4]김포!$H$10 -> 0 | J15: =+I15-H15 -> 0 | K15: =+[4]김포!$G$12 -> 63800 | L15: =+[4]김포!$H$12 -> 61995.131 | M15: =+L15-K15 -> -1804.8692 | N15: =+[4]김포!$G$13 -> 47600 | O15: =+[4]김포!$H$13 -> 45057.635 | P15: =+O15-N15 -> -2542.3649 | Q15: =+[4]김포!$G$16 -> 14600 | R15: =+[4]김포!$H$16 -> 14591.028 | S15: =+R15-Q15 -> -8.9719146 | T15: =+[4]김포!$G$17 -> 14148.064 | U15: =+[4]김포!$H$17 -> 14184.126 | V15: =+U15-T15 -> 36.061689
D16: 부산 | E16: =+[4]부산!$G$9 -> 100000 | F16: =+[4]부산!$H$9 -> 100000 | G16: =+F16-E16 -> 0.00052458061 | H16: =+[4]부산!$G$10 -> 92900 | I16: =+[4]부산!$H$10 -> 93089.132 | J16: =+I16-H16 -> 189.13234 | K16: =+[4]부산!$G$12 -> 0 | L16: =+[4]부산!$H$12 -> 0 | M16: =+L16-K16 -> 0 | N16: =+[4]부산!$G$13 -> 36500 | O16: =+[4]부산!$H$13 -> 35334.297 | P16: =+O16-N16 -> -1165.7035 | Q16: =+[4]부산!$G$16 -> 11711.807 | R16: =+[4]부산!$H$16 -> 14511.753 | S16: =+R16-Q16 -> 2799.9464 | T16: =+[4]부산!$G$17 -> 18098.229 | U16: =+[4]부산!$H$17 -> 19230.082 | V16: =+U16-T16 -> 1131.8526
D17: 서부산 | E17: =+[4]서부산!$G$9 -> 100000 | F17: =+[4]서부산!$H$9 -> 103046.08 | G17: =+F17-E17 -> 3046.083 | H17: =+[4]서부산!$G$10 -> 92100 | I17: =+[4]서부산!$H$10 -> 92100.005 | J17: =+I17-H17 -> 0.0048437497 | K17: =+[4]서부산!$G$12 -> 65000 | L17: =+[4]서부산!$H$12 -> 63115.854 | M17: =+L17-K17 -> -1884.1459 | N17: =+[4]서부산!$G$13 -> 35300 | O17: =+[4]서부산!$H$13 -> 33341.047 | P17: =+O17-N17 -> -1958.9529 | Q17: =+[4]서부산!$G$16 -> 11333.333 | R17: =+[4]서부산!$H$16 -> 11262.716 | S17: =+R17-Q17 -> -70.617043 | T17: =+[4]서부산!$G$17 -> 17728.315 | U17: =+[4]서부산!$H$17 -> 18288.465 | V17: =+U17-T17 -> 560.15014
D18: 김해 | E18: =+[4]김해!$G$9 -> 100000 | F18: =+[4]김해!$H$9 -> 100000 | G18: =+F18-E18 -> 0 | H18: =+[4]김해!$G$10 -> 92100 | I18: =+[4]김해!$H$10 -> 92099.999 | J18: =+I18-H18 -> -0.0011326605 | K18: =+[4]김해!$G$12 -> 64000 | L18: =+[4]김해!$H$12 -> 62793.317 | M18: =+L18-K18 -> -1206.6834 | N18: =+[4]김해!$G$13 -> 35000 | O18: =+[4]김해!$H$13 -> 33676.901 | P18: =+O18-N18 -> -1323.0993 | Q18: =+[4]김해!$G$16 -> 9066.6667 | R18: =+[4]김해!$H$16 -> 9106.2546 | S18: =+R18-Q18 -> 39.587913 | T18: =+[4]김해!$G$17 -> 15626.219 | U18: =+[4]김해!$H$17 -> 16043.391 | V18: =+U18-T18 -> 417.17258
D19: 정관 | E19: =+[4]정관!$G$9 -> 100000 | F19: =+[4]정관!$H$9 -> 100001.65 | G19: =+F19-E19 -> 1.6467213 | H19: =+[4]정관!$G$10 -> 92100 | I19: =+[4]정관!$H$10 -> 92100.001 | J19: =+I19-H19 -> 0.00095553917 | K19: =+[4]정관!$G$12 -> 62000 | L19: =+[4]정관!$H$12 -> 61123.34 | M19: =+L19-K19 -> -876.65963 | N19: =+[4]정관!$G$13 -> 35500 | O19: =+[4]정관!$H$13 -> 35416.172 | P19: =+O19-N19 -> -83.828309 | Q19: =+[4]정관!$G$16 -> 11362.369 | R19: =+[4]정관!$H$16 -> 11187.914 | S19: =+R19-Q19 -> -174.45443 | T19: =+[4]정관!$G$17 -> 19360.103 | U19: =+[4]정관!$H$17 -> 18492.697 | V19: =+U19-T19 -> -867.40587
D20: 양산 | E20: =+[4]양산!$G$9 -> 100000 | F20: =+[4]양산!$H$9 -> 99981.527 | G20: =+F20-E20 -> -18.473207 | H20: =+[4]양산!$G$10 -> 0 | I20: =+[4]양산!$H$10 -> 0 | J20: =+I20-H20 -> 0 | K20: =+[4]양산!$G$12 -> 62200 | L20: =+[4]양산!$H$12 -> 61308.641 | M20: =+L20-K20 -> -891.35912 | N20: =+[4]양산!$G$13 -> 36000 | O20: =+[4]양산!$H$13 -> 34731.646 | P20: =+O20-N20 -> -1268.3545 | Q20: =+[4]양산!$G$16 -> 9600 | R20: =+[4]양산!$H$16 -> 9435.0199 | S20: =+R20-Q20 -> -164.98006 | T20: =+[4]양산!$G$17 -> 17915.868 | U20: =+[4]양산!$H$17 -> 17118.407 | V20: =+U20-T20 -> -797.46076
D21: 창원 | E21: =+[4]창원!$G$9 -> 100000 | F21: =+[4]창원!$H$9 -> 100000 | G21: =+F21-E21 -> 0.0018061111 | H21: =+[4]창원!$G$10 -> 0 | I21: =+[4]창원!$H$10 -> 0 | J21: =+I21-H21 -> 0 | K21: =+[4]창원!$G$12 -> 64500 | L21: =+[4]창원!$H$12 -> 63034.548 | M21: =+L21-K21 -> -1465.4524 | N21: =+[4]창원!$G$13 -> 33000 | O21: =+[4]창원!$H$13 -> 31764.815 | P21: =+O21-N21 -> -1235.1853 | Q21: =+[4]창원!$G$16 -> 11000 | R21: =+[4]창원!$H$16 -> 11397.847 | S21: =+R21-Q21 -> 397.84749 | T21: =+[4]창원!$G$17 -> 17410.403 | U21: =+[4]창원!$H$17 -> 16995.778 | V21: =+U21-T21 -> -414.62424
D22: 대구 | E22: =+[4]대구!$G$9 -> 100000 | F22: =+[4]대구!$H$9 -> 100000 | G22: =+F22-E22 -> 0 | H22: =+[4]대구!$G$10 -> 0 | I22: =+[4]대구!$H$10 -> 0 | J22: =+I22-H22 -> 0 | K22: =+[4]대구!$G$12 -> 61400 | L22: =+[4]대구!$H$12 -> 60446.604 | M22: =+L22-K22 -> -953.39626 | N22: =+[4]대구!$G$13 -> 35300 | O22: =+[4]대구!$H$13 -> 34441.025 | P22: =+O22-N22 -> -858.97524 | Q22: =+[4]대구!$G$16 -> 11133.333 | R22: =+[4]대구!$H$16 -> 11133.303 | S22: =+R22-Q22 -> -0.030494572 | T22: =+[4]대구!$G$17 -> 14763.293 | U22: =+[4]대구!$H$17 -> 14700.069 | V22: =+U22-T22 -> -63.223839
D23: 울산 | E23: =+[4]울산!$G$9 -> 100000 | F23: =+[4]울산!$H$9 -> 100000 | G23: =+F23-E23 -> 0 | H23: =+[4]울산!$G$10 -> 0 | I23: =+[4]울산!$H$10 -> 0 | J23: =+I23-H23 -> 0 | K23: =+[4]울산!$G$12 -> 60200 | L23: =+[4]울산!$H$12 -> 59398.042 | M23: =+L23-K23 -> -801.95782 | N23: =+[4]울산!$G$13 -> 37000 | O23: =+[4]울산!$H$13 -> 35895.448 | P23: =+O23-N23 -> -1104.552 | Q23: =+[4]울산!$G$16 -> 11533.333 | R23: =+[4]울산!$H$16 -> 12365.341 | S23: =+R23-Q23 -> 832.00735 | T23: =+[4]울산!$G$17 -> 19459.844 | U23: =+[4]울산!$H$17 -> 20039.883 | V23: =+U23-T23 -> 580.03836
D24: 아산 | E24: =+[4]아산!$G$9 -> 100000 | F24: =+[4]아산!$H$9 -> 99821.591 | G24: =+F24-E24 -> -178.40925 | H24: =+[4]아산!$G$10 -> 86800 | I24: =+[4]아산!$H$10 -> 86600.013 | J24: =+I24-H24 -> -199.98683 | K24: =+[4]아산!$G$12 -> 64300 | L24: =+[4]아산!$H$12 -> 62526.024 | M24: =+L24-K24 -> -1773.9757 | N24: =+[4]아산!$G$13 -> 42900 | O24: =+[4]아산!$H$13 -> 41549.411 | P24: =+O24-N24 -> -1350.5891 | Q24: =+[4]아산!$G$16 -> 11400 | R24: =+[4]아산!$H$16 -> 10948.479 | S24: =+R24-Q24 -> -451.52119 | T24: =+[4]아산!$G$17 -> 13225.806 | U24: =+[4]아산!$H$17 -> 12715.194 | V24: =+U24-T24 -> -510.61288
D25: 전주 | E25: =+[4]전주!$G$9 -> 100000 | F25: =+[4]전주!$H$9 -> 99999.942 | G25: =+F25-E25 -> -0.058325123 | H25: =+[4]전주!$G$10 -> 96800 | I25: =+[4]전주!$H$10 -> 97493.261 | J25: =+I25-H25 -> 693.26127 | K25: =+[4]전주!$G$12 -> 65000 | L25: =+[4]전주!$H$12 -> 63395.174 | M25: =+L25-K25 -> -1604.826 | N25: =+[4]전주!$G$13 -> 36000 | O25: =+[4]전주!$H$13 -> 34900.514 | P25: =+O25-N25 -> -1099.4856 | Q25: =+[4]전주!$G$16 -> 13333.333 | R25: =+[4]전주!$H$16 -> 14564.904 | S25: =+R25-Q25 -> 1231.5712 | T25: =+[4]전주!$G$17 -> 15310.021 | U25: =+[4]전주!$H$17 -> 15420.579 | V25: =+U25-T25 -> 110.55787
D26: 군산 | E26: =+[4]군산!$G$9 -> 100000 | F26: =+[4]군산!$H$9 -> 100000 | G26: =+F26-E26 -> 0 | H26: =+[4]군산!$G$10 -> 94200 | I26: =+[4]군산!$H$10 -> 0 | J26: =+I26-H26 -> -94200 | K26: =+[4]군산!$G$12 -> 64900 | L26: =+[4]군산!$H$12 -> 63505.196 | M26: =+L26-K26 -> -1394.8042 | N26: =+[4]군산!$G$13 -> 39300 | O26: =+[4]군산!$H$13 -> 36407.296 | P26: =+O26-N26 -> -2892.704 | Q26: =+[4]군산!$G$16 -> 14200 | R26: =+[4]군산!$H$16 -> 14741.113 | S26: =+R26-Q26 -> 541.11261 | T26: =+[4]군산!$G$17 -> 15212.903 | U26: =+[4]군산!$H$17 -> 15426.235 | V26: =+U26-T26 -> 213.33192
D27: 원주 | E27: =+[4]원주!$G$9 -> 100000 | F27: =+[4]원주!$H$9 -> 100000 | G27: =+F27-E27 -> 0 | H27: =+[4]원주!$G$10 -> 0 | I27: =+[4]원주!$H$10 -> 0 | J27: =+I27-H27 -> 0 | K27: =+[4]원주!$G$12 -> 64000 | L27: =+[4]원주!$H$12 -> 62433.749 | M27: =+L27-K27 -> -1566.2509 | N27: =+[4]원주!$G$13 -> 49000 | O27: =+[4]원주!$H$13 -> 48280.627 | P27: =+O27-N27 -> -719.37315 | Q27: =+[4]원주!$G$16 -> 13666.667 | R27: =+[4]원주!$H$16 -> 13544.15 | S27: =+R27-Q27 -> -122.51672 | T27: =+[4]원주!$G$17 -> 13806.452 | U27: =+[4]원주!$H$17 -> 13408.314 | V27: =+U27-T27 -> -398.13781
D28: 제주 | E28: =+[4]제주!$G$9 -> 117000 | F28: =+[4]제주!$H$9 -> 117000 | G28: =+F28-E28 -> -0.002514522 | H28: =+[4]제주!$G$10 -> 117000 | I28: =+[4]제주!$H$10 -> 116999.99 | J28: =+I28-H28 -> -0.0058264363 | K28: =+[4]제주!$G$12 -> 0 | L28: =+[4]제주!$H$12 -> 0 | M28: =+L28-K28 -> 0 | N28: =+[4]제주!$G$13 -> 0 | O28: =+[4]제주!$H$13 -> 0 | P28: =+O28-N28 -> 0 | Q28: =+[4]제주!$G$16 -> 17666.667 | R28: =+[4]제주!$H$16 -> 17802.712 | S28: =+R28-Q28 -> 136.04495 | T28: =+[4]제주!$G$17 -> 17544.785 | U28: =+[4]제주!$H$17 -> 19139.497 | V28: =+U28-T28 -> 1594.7119

Sheet 원단위
D4: □ 레미콘 원재료 원단위(2025-04)
V5: [단위 : kg/㎥]
A6: 2024년 12월 마감 손익 | D6: 구분 | E6: OPC | H6: 분체류 | K6: 분체류 치환률 | N6: 자갈 | Q6: 모래 | T6: 혼화제
E7: 계획 | F7: 실적 | G7: 차이 | H7: 계획 | I7: 실적 | J7: 차이 | K7: 계획 | L7: 실적 | M7: 차이 | N7: 계획 | O7: 실적 | P7: 차이 | Q7: 계획 | R7: 실적 | S7: 차이 | T7: 계획 | U7: 실적 | V7: 차이
D8: 평균 | E8: =+[4]합계!$E$9 -> 256.23635 | F8: =+[4]합계!$F$9 -> 250.71595 | G8: =+F8-E8 -> -5.5204068 | H8: =+[4]합계!$E$15 -> 365.99209 | I8: =+[4]합계!$F$15 -> 368.77856 | J8: =+I8-H8 -> 2.7864649 | K8: =+([4]합계!$E$10*0.4+[4]합계!$E$11+[4]합계!$E$12+[4]합계!$E$13+[4]합계!$E$14)/[4]합계!$E$15 -> 0.2428803 | L8: =+([4]합계!$F$10*0.4+[4]합계!$F$11+[4]합계!$F$12+[4]합계!$F$13+[4]합계!$F$14)/[4]합계!$F$15 -> 0.25335059 | M8: =+L8-K8 -> 0.010470286 | N8: =+[4]합계!$E$16 -> 822.88509 | O8: =+[4]합계!$F$16 -> 811.07395 | P8: =+O8-N8 -> -11.81114 | Q8: =+[4]합계!$E$17 -> 899.43014 | R8: =+[4]합계!$F$17 -> 906.62499 | S8: =+R8-Q8 -> 7.1948516 | T8: =+[4]합계!$E$19 -> 3.095703 | U8: =+[4]합계!$F$19 -> 2.806745 | V8: =+U8-T8 -> -0.28895797
D9: 수도권 | E9: =+[4]수도권!$E$9 -> 283.81145 | F9: =+[4]수도권!$F$9 -> 273.05463 | G9: =+F9-E9 -> -10.756821 | H9: =+[4]수도권!$E$15 -> 371.12018 | I9: =+[4]수도권!$F$15 -> 371.50004 | J9: =+I9-H9 -> 0.37986258 | K9: =+([4]수도권!$E$10*0.4+[4]수도권!$E$11+[4]수도권!$E$12+[4]수도권!$E$13+[4]수도권!$E$14)/[4]수도권!$E$15 -> 0.22507191 | L9: =+([4]수도권!$F$10*0.4+[4]수도권!$F$11+[4]수도권!$F$12+[4]수도권!$F$13+[4]수도권!$F$14)/[4]수도권!$F$15 -> 0.2345361 | M9: =+L9-K9 -> 0.0094641934 | N9: =+[4]수도권!$E$16 -> 859.67697 | O9: =+[4]수도권!$F$16 -> 852.62639 | P9: =+O9-N9 -> -7.0505819 | Q9: =+[4]수도권!$E$17 -> 872.83427 | R9: =+[4]수도권!$F$17 -> 886.0984 | S9: =+R9-Q9 -> 13.264127 | T9: =+[4]수도권!$E$19 -> 3.18 | U9: =+[4]수도권!$F$19 -> 2.8922151 | V9: =+U9-T9 -> -0.28778492
D10: 영남권 | E10: =+[4]영남권!$E$9 -> 230.10803 | F10: =+[4]영남권!$F$9 -> 216.96807 | G10: =+F10-E10 -> -13.139968 | H10: =+[4]영남권!$E$15 -> 363.27886 | I10: =+[4]영남권!$F$15 -> 370.06202 | J10: =+I10-H10 -> 6.783168 | K10: =+([4]영남권!$E$10*0.4+[4]영남권!$E$11+[4]영남권!$E$12+[4]영남권!$E$13+[4]영남권!$E$14)/[4]영남권!$E$15 -> 0.2661648 | L10: =+([4]영남권!$F$10*0.4+[4]영남권!$F$11+[4]영남권!$F$12+[4]영남권!$F$13+[4]영남권!$F$14)/[4]영남권!$F$15 -> 0.29652063 | M10: =+L10-K10 -> 0.030355825 | N10: =+[4]영남권!$E$16 -> 796.59632 | O10: =+[4]영남권!$F$16 -> 807.26491 | P10: =+O10-N10 -> 10.668587 | Q10: =+[4]영남권!$E$17 -> 913.39437 | R10: =+[4]영남권!$F$17 -> 891.33165 | S10: =+R10-Q10 -> -22.062718 | T10: =+[4]영남권!$E$19 -> 3.2032703 | U10: =+[4]영남권!$F$19 -> 2.818313 | V10: =+U10-T10 -> -0.38495735
D11: 기타권 | E11: =+[4]중부권!$E$9 -> 261.92456 | F11: =+[4]중부권!$F$9 -> 283.41661 | G11: =+F11-E11 -> 21.492048 | H11: =+[4]중부권!$E$15 -> 362.21246 | I11: =+[4]중부권!$F$15 -> 361.34018 | J11: =+I11-H11 -> -0.872277 | K11: =+([4]중부권!$E$10*0.4+[4]중부권!$E$11+[4]중부권!$E$12+[4]중부권!$E$13+[4]중부권!$E$14)/[4]중부권!$E$15 -> 0.22544576 | L11: =+([4]중부권!$F$10*0.4+[4]중부권!$F$11+[4]중부권!$F$12+[4]중부권!$F$13+[4]중부권!$F$14)/[4]중부권!$F$15 -> 0.19329915 | M11: =+L11-K11 -> -0.032146609 | N11: =+[4]중부권!$E$16 -> 811.14825 | O11: =+[4]중부권!$F$16 -> 747.05716 | P11: =+O11-N11 -> -64.09109 | Q11: =+[4]중부권!$E$17 -> 919.27474 | R11: =+[4]중부권!$F$17 -> 974.61206 | S11: =+R11-Q11 -> 55.337328 | T11: =+[4]중부권!$E$19 -> 2.6905263 | U11: =+[4]중부권!$F$19 -> 2.6339874 | V11: =+U11-T11 -> -0.056538879
D12: 안양 | E12: =+[4]안양!$E$9 -> 290 | F12: =+[4]안양!$F$9 -> 286.41234 | G12: =+F12-E12 -> -3.5876614 | H12: =+[4]안양!$E$15 -> 376 | I12: =+[4]안양!$F$15 -> 359.58222 | J12: =+I12-H12 -> -16.417783 | K12: =+([4]안양!$E$10*0.4+[4]안양!$E$11+[4]안양!$E$12+[4]안양!$E$13+[4]안양!$E$14)/[4]안양!$E$15 -> 0.2287234 | L12: =+([4]안양!$F$10*0.4+[4]안양!$F$11+[4]안양!$F$12+[4]안양!$F$13+[4]안양!$F$14)/[4]안양!$F$15 -> 0.19900691 | M12: =+L12-K12 -> -0.029716495 | N12: =+[4]안양!$E$16 -> 845 | O12: =+[4]안양!$F$16 -> 862.49725 | P12: =+O12-N12 -> 17.497252 | Q12: =+[4]안양!$E$17 -> 875 | R12: =+[4]안양!$F$17 -> 887.49838 | S12: =+R12-Q12 -> 12.498376 | T12: =+[4]안양!$E$19 -> 3.38 | U12: =+[4]안양!$F$19 -> 2.9105484 | V12: =+U12-T12 -> -0.46945163
D13: 인천 | E13: =+[4]인천!$E$9 -> 281.05 | F13: =+[4]인천!$F$9 -> 261.20721 | G13: =+F13-E13 -> -19.842789 | H13: =+[4]인천!$E$15 -> 385 | I13: =+[4]인천!$F$15 -> 395.90574 | J13: =+I13-H13 -> 10.905741 | K13: =+([4]인천!$E$10*0.4+[4]인천!$E$11+[4]인천!$E$12+[4]인천!$E$13+[4]인천!$E$14)/[4]인천!$E$15 -> 0.234 | L13: =+([4]인천!$F$10*0.4+[4]인천!$F$11+[4]인천!$F$12+[4]인천!$F$13+[4]인천!$F$14)/[4]인천!$F$15 -> 0.2618221 | M13: =+L13-K13 -> 0.0278221 | N13: =+[4]인천!$E$16 -> 903.10223 | O13: =+[4]인천!$F$16 -> 913.88969 | P13: =+O13-N13 -> 10.787455 | Q13: =+[4]인천!$E$17 -> 833.63283 | R13: =+[4]인천!$F$17 -> 807.21748 | S13: =+R13-Q13 -> -26.41535 | T13: =+[4]인천!$E$19 -> 3.33 | U13: =+[4]인천!$F$19 -> 2.8979139 | V13: =+U13-T13 -> -0.43208614
D14: 파주 | E14: =+[4]파주!$E$9 -> 290.89818 | F14: =+[4]파주!$F$9 -> 284.61981 | G14: =+F14-E14 -> -6.2783692 | H14: =+[4]파주!$E$15 -> 363.32818 | I14: =+[4]파주!$F$15 -> 361.86434 | J14: =+I14-H14 -> -1.4638393 | K14: =+([4]파주!$E$10*0.4+[4]파주!$E$11+[4]파주!$E$12+[4]파주!$E$13+[4]파주!$E$14)/[4]파주!$E$15 -> 0.19935145 | L14: =+([4]파주!$F$10*0.4+[4]파주!$F$11+[4]파주!$F$12+[4]파주!$F$13+[4]파주!$F$14)/[4]파주!$F$15 -> 0.20977734 | M14: =+L14-K14 -> 0.010425886 | N14: =+[4]파주!$E$16 -> 864.60909 | O14: =+[4]파주!$F$16 -> 795.92108 | P14: =+O14-N14 -> -68.688014 | Q14: =+[4]파주!$E$17 -> 862.39932 | R14: =+[4]파주!$F$17 -> 987.50217 | S14: =+R14-Q14 -> 125.10285 | T14: =+[4]파주!$E$19 -> 2.87 | U14: =+[4]파주!$F$19 -> 2.9671501 | V14: =+U14-T14 -> 0.097150078
D15: 김포 | E15: =+[4]김포!$E$9 -> 263 | F15: =+[4]김포!$F$9 -> 248.67447 | G15: =+F15-E15 -> -14.325527 | H15: =+[4]김포!$E$15 -> 343 | I15: =+[4]김포!$F$15 -> 354.19198 | J15: =+I15-H15 -> 11.191983 | K15: =+([4]김포!$E$10*0.4+[4]김포!$E$11+[4]김포!$E$12+[4]김포!$E$13+[4]김포!$E$14)/[4]김포!$E$15 -> 0.23323615 | L15: =+([4]김포!$F$10*0.4+[4]김포!$F$11+[4]김포!$F$12+[4]김포!$F$13+[4]김포!$F$14)/[4]김포!$F$15 -> 0.2979105 | M15: =+L15-K15 -> 0.064674344 | N15: =+[4]김포!$E$16 -> 810 | O15: =+[4]김포!$F$16 -> 713.23549 | P15: =+O15-N15 -> -96.764511 | Q15: =+[4]김포!$E$17 -> 955 | R15: =+[4]김포!$F$17 -> 987.21434 | S15: =+R15-Q15 -> 32.214345 | T15: =+[4]김포!$E$19 -> 2.8 | U15: =+[4]김포!$F$19 -> 2.7323715 | V15: =+U15-T15 -> -0.067628524
D16: 부산 | E16: =+[4]부산!$E$9 -> 194.0176 | F16: =+[4]부산!$F$9 -> 185.69817 | G16: =+F16-E16 -> -8.3194324 | H16: =+[4]부산!$E$15 -> 380.42667 | I16: =+[4]부산!$F$15 -> 383.13113 | J16: =+I16-H16 -> 2.7044643 | K16: =+([4]부산!$E$10*0.4+[4]부산!$E$11+[4]부산!$E$12+[4]부산!$E$13+[4]부산!$E$14)/[4]부산!$E$15 -> 0.244 | L16: =+([4]부산!$F$10*0.4+[4]부산!$F$11+[4]부산!$F$12+[4]부산!$F$13+[4]부산!$F$14)/[4]부산!$F$15 -> 0.2496401 | M16: =+L16-K16 -> 0.0056401008 | N16: =+[4]부산!$E$16 -> 820 | O16: =+[4]부산!$F$16 -> 907.77946 | P16: =+O16-N16 -> 87.779455 | Q16: =+[4]부산!$E$17 -> 900 | R16: =+[4]부산!$F$17 -> 812.25707 | S16: =+R16-Q16 -> -87.742925 | T16: =+[4]부산!$E$19 -> 3.4280247 | U16: =+[4]부산!$F$19 -> 2.6736428 | V16: =+U16-T16 -> -0.75438191
D17: 서부산 | E17: =+[4]서부산!$E$9 -> 249 | F17: =+[4]서부산!$F$9 -> 221.00463 | G17: =+F17-E17 -> -27.995374 | H17: =+[4]서부산!$E$15 -> 379 | I17: =+[4]서부산!$F$15 -> 355.69083 | J17: =+I17-H17 -> -23.309171 | K17: =+([4]서부산!$E$10*0.4+[4]서부산!$E$11+[4]서부산!$E$12+[4]서부산!$E$13+[4]서부산!$E$14)/[4]서부산!$E$15 -> 0.26860158 | L17: =+([4]서부산!$F$10*0.4+[4]서부산!$F$11+[4]서부산!$F$12+[4]서부산!$F$13+[4]서부산!$F$14)/[4]서부산!$F$15 -> 0.27261993 | M17: =+L17-K17 -> 0.0040183425 | N17: =+[4]서부산!$E$16 -> 817 | O17: =+[4]서부산!$F$16 -> 825.21618 | P17: =+O17-N17 -> 8.2161813 | Q17: =+[4]서부산!$E$17 -> 906.05 | R17: =+[4]서부산!$F$17 -> 904.90016 | S17: =+R17-Q17 -> -1.149841 | T17: =+[4]서부산!$E$19 -> 3.2 | U17: =+[4]서부산!$F$19 -> 3.14098 | V17: =+U17-T17 -> -0.059019978
D18: 김해 | E18: =+[4]김해!$E$9 -> 159.8 | F18: =+[4]김해!$F$9 -> 136.36204 | G18: =+F18-E18 -> -23.43796 | H18: =+[4]김해!$E$15 -> 340 | I18: =+[4]김해!$F$15 -> 362.99994 | J18: =+I18-H18 -> 22.99994 | K18: =+([4]김해!$E$10*0.4+[4]김해!$E$11+[4]김해!$E$12+[4]김해!$E$13+[4]김해!$E$14)/[4]김해!$E$15 -> 0.272 | L18: =+([4]김해!$F$10*0.4+[4]김해!$F$11+[4]김해!$F$12+[4]김해!$F$13+[4]김해!$F$14)/[4]김해!$F$15 -> 0.32494979 | M18: =+L18-K18 -> 0.052949786 | N18: =+[4]김해!$E$16 -> 770 | O18: =+[4]김해!$F$16 -> 796.34443 | P18: =+O18-N18 -> 26.344429 | Q18: =+[4]김해!$E$17 -> 950 | R18: =+[4]김해!$F$17 -> 877.81504 | S18: =+R18-Q18 -> -72.184958 | T18: =+[4]김해!$E$19 -> 3.3 | U18: =+[4]김해!$F$19 -> 3.2530854 | V18: =+U18-T18 -> -0.046914564
D19: 정관 | E19: =+[4]정관!$E$9 -> 247.45661 | F19: =+[4]정관!$F$9 -> 246.5402 | G19: =+F19-E19 -> -0.91640415 | H19: =+[4]정관!$E$15 -> 363.90678 | I19: =+[4]정관!$F$15 -> 393.65526 | J19: =+I19-H19 -> 29.748481 | K19: =+([4]정관!$E$10*0.4+[4]정관!$E$11+[4]정관!$E$12+[4]정관!$E$13+[4]정관!$E$14)/[4]정관!$E$15 -> 0.212 | L19: =+([4]정관!$F$10*0.4+[4]정관!$F$11+[4]정관!$F$12+[4]정관!$F$13+[4]정관!$F$14)/[4]정관!$F$15 -> 0.25714807 | M19: =+L19-K19 -> 0.045148073 | N19: =+[4]정관!$E$16 -> 788.2894 | O19: =+[4]정관!$F$16 -> 798.42105 | P19: =+O19-N19 -> 10.131646 | Q19: =+[4]정관!$E$17 -> 916.76078 | R19: =+[4]정관!$F$17 -> 921.91515 | S19: =+R19-Q19 -> 5.1543728 | T19: =+[4]정관!$E$19 -> 3.0932076 | U19: =+[4]정관!$F$19 -> 2.5817894 | V19: =+U19-T19 -> -0.51141818
D20: 양산 | E20: =+[4]양산!$E$9 -> 251.91088 | F20: =+[4]양산!$F$9 -> 220.66068 | G20: =+F20-E20 -> -31.250204 | H20: =+[4]양산!$E$15 -> 358.96979 | I20: =+[4]양산!$F$15 -> 358.8135 | J20: =+I20-H20 -> -0.15628596 | K20: =+([4]양산!$E$10*0.4+[4]양산!$E$11+[4]양산!$E$12+[4]양산!$E$13+[4]양산!$E$14)/[4]양산!$E$15 -> 0.29823932 | L20: =+([4]양산!$F$10*0.4+[4]양산!$F$11+[4]양산!$F$12+[4]양산!$F$13+[4]양산!$F$14)/[4]양산!$F$15 -> 0.38502683 | M20: =+L20-K20 -> 0.086787505 | N20: =+[4]양산!$E$16 -> 777.4 | O20: =+[4]양산!$F$16 -> 743.55233 | P20: =+O20-N20 -> -33.847666 | Q20: =+[4]양산!$E$17 -> 879.88719 | R20: =+[4]양산!$F$17 -> 864.6296 | S20: =+R20-Q20 -> -15.25759 | T20: =+[4]양산!$E$19 -> 3.042089 | U20: =+[4]양산!$F$19 -> 2.2563486 | V20: =+U20-T20 -> -0.78574047
D21: 창원 | E21: =+[4]창원!$E$9 -> 255.9 | F21: =+[4]창원!$F$9 -> 222.14565 | G21: =+F21-E21 -> -33.754348 | H21: =+[4]창원!$E$15 -> 356.8 | I21: =+[4]창원!$F$15 -> 347.81121 | J21: =+I21-H21 -> -8.9887891 | K21: =+([4]창원!$E$10*0.4+[4]창원!$E$11+[4]창원!$E$12+[4]창원!$E$13+[4]창원!$E$14)/[4]창원!$E$15 -> 0.28279148 | L21: =+([4]창원!$F$10*0.4+[4]창원!$F$11+[4]창원!$F$12+[4]창원!$F$13+[4]창원!$F$14)/[4]창원!$F$15 -> 0.36130394 | M21: =+L21-K21 -> 0.078512456 | N21: =+[4]창원!$E$16 -> 843.1 | O21: =+[4]창원!$F$16 -> 800.72179 | P21: =+O21-N21 -> -42.378206 | Q21: =+[4]창원!$E$17 -> 885.9 | R21: =+[4]창원!$F$17 -> 920.61587 | S21: =+R21-Q21 -> 34.715872 | T21: =+[4]창원!$E$19 -> 3.08 | U21: =+[4]창원!$F$19 -> 2.5920799 | V21: =+U21-T21 -> -0.48792008
D22: 대구 | E22: =+[4]대구!$E$9 -> 241.5 | F22: =+[4]대구!$F$9 -> 244.29093 | G22: =+F22-E22 -> 2.7909295 | H22: =+[4]대구!$E$15 -> 345 | I22: =+[4]대구!$F$15 -> 348.08015 | J22: =+I22-H22 -> 3.0801492 | K22: =+([4]대구!$E$10*0.4+[4]대구!$E$11+[4]대구!$E$12+[4]대구!$E$13+[4]대구!$E$14)/[4]대구!$E$15 -> 0.3 | L22: =+([4]대구!$F$10*0.4+[4]대구!$F$11+[4]대구!$F$12+[4]대구!$F$13+[4]대구!$F$14)/[4]대구!$F$15 -> 0.29817621 | M22: =+L22-K22 -> -0.0018237901 | N22: =+[4]대구!$E$16 -> 734.13913 | O22: =+[4]대구!$F$16 -> 693.22721 | P22: =+O22-N22 -> -40.911921 | Q22: =+[4]대구!$E$17 -> 973.16117 | R22: =+[4]대구!$F$17 -> 962.09223 | S22: =+R22-Q22 -> -11.068941 | T22: =+[4]대구!$E$19 -> 3.105 | U22: =+[4]대구!$F$19 -> 2.8223288 | V22: =+U22-T22 -> -0.28267123
D23: 울산 | E23: =+[4]울산!$E$9 -> 254 | F23: =+[4]울산!$F$9 -> 246.64564 | G23: =+F23-E23 -> -7.3543584 | H23: =+[4]울산!$E$15 -> 362.9 | I23: =+[4]울산!$F$15 -> 380.96089 | J23: =+I23-H23 -> 18.060887 | K23: =+([4]울산!$E$10*0.4+[4]울산!$E$11+[4]울산!$E$12+[4]울산!$E$13+[4]울산!$E$14)/[4]울산!$E$15 -> 0.30008267 | L23: =+([4]울산!$F$10*0.4+[4]울산!$F$11+[4]울산!$F$12+[4]울산!$F$13+[4]울산!$F$14)/[4]울산!$F$15 -> 0.35256965 | M23: =+L23-K23 -> 0.052486979 | N23: =+[4]울산!$E$16 -> 799 | O23: =+[4]울산!$F$16 -> 788.17237 | P23: =+O23-N23 -> -10.827633 | Q23: =+[4]울산!$E$17 -> 901 | R23: =+[4]울산!$F$17 -> 874.0421 | S23: =+R23-Q23 -> -26.957896 | T23: =+[4]울산!$E$19 -> 3.27 | U23: =+[4]울산!$F$19 -> 3.0480421 | V23: =+U23-T23 -> -0.2219579
D24: 아산 | E24: =+[4]아산!$E$9 -> 272.168 | F24: =+[4]아산!$F$9 -> 290.38148 | G24: =+F24-E24 -> 18.213476 | H24: =+[4]아산!$E$15 -> 384.332 | I24: =+[4]아산!$F$15 -> 376.29229 | J24: =+I24-H24 -> -8.0397096 | K24: =+([4]아산!$E$10*0.4+[4]아산!$E$11+[4]아산!$E$12+[4]아산!$E$13+[4]아산!$E$14)/[4]아산!$E$15 -> 0.23866865 | L24: =+([4]아산!$F$10*0.4+[4]아산!$F$11+[4]아산!$F$12+[4]아산!$F$13+[4]아산!$F$14)/[4]아산!$F$15 -> 0.21403854 | M24: =+L24-K24 -> -0.024630114 | N24: =+[4]아산!$E$16 -> 870 | O24: =+[4]아산!$F$16 -> 786.08314 | P24: =+O24-N24 -> -83.916862 | Q24: =+[4]아산!$E$17 -> 867 | R24: =+[4]아산!$F$17 -> 948.12433 | S24: =+R24-Q24 -> 81.124326 | T24: =+[4]아산!$E$19 -> 2.8 | U24: =+[4]아산!$F$19 -> 3.1157068 | V24: =+U24-T24 -> 0.31570677
D25: 전주 | E25: =+[4]전주!$E$9 -> 223.2 | F25: =+[4]전주!$F$9 -> 290.84513 | G25: =+F25-E25 -> 67.645132 | H25: =+[4]전주!$E$15 -> 334.51 | I25: =+[4]전주!$F$15 -> 359.49287 | J25: =+I25-H25 -> 24.982869 | K25: =+([4]전주!$E$10*0.4+[4]전주!$E$11+[4]전주!$E$12+[4]전주!$E$13+[4]전주!$E$14)/[4]전주!$E$15 -> 0.27603958 | L25: =+([4]전주!$F$10*0.4+[4]전주!$F$11+[4]전주!$F$12+[4]전주!$F$13+[4]전주!$F$14)/[4]전주!$F$15 -> 0.16976196 | M25: =+L25-K25 -> -0.10627762 | N25: =+[4]전주!$E$16 -> 740.45 | O25: =+[4]전주!$F$16 -> 615.01776 | P25: =+O25-N25 -> -125.43224 | Q25: =+[4]전주!$E$17 -> 991.51 | R25: =+[4]전주!$F$17 -> 1095.1175 | S25: =+R25-Q25 -> 103.60754 | T25: =+[4]전주!$E$19 -> 2.25 | U25: =+[4]전주!$F$19 -> 1.9433158 | V25: =+U25-T25 -> -0.30668418
D26: 군산 | E26: =+[4]군산!$E$9 -> 260.2 | F26: =+[4]군산!$F$9 -> 229.91055 | G26: =+F26-E26 -> -30.289446 | H26: =+[4]군산!$E$15 -> 348.9 | I26: =+[4]군산!$F$15 -> 327.55794 | J26: =+I26-H26 -> -21.342057 | K26: =+([4]군산!$E$10*0.4+[4]군산!$E$11+[4]군산!$E$12+[4]군산!$E$13+[4]군산!$E$14)/[4]군산!$E$15 -> 0.24958441 | L26: =+([4]군산!$F$10*0.4+[4]군산!$F$11+[4]군산!$F$12+[4]군산!$F$13+[4]군산!$F$14)/[4]군산!$F$15 -> 0.29810722 | M26: =+L26-K26 -> 0.048522816 | N26: =+[4]군산!$E$16 -> 810 | O26: =+[4]군산!$F$16 -> 878.00937 | P26: =+O26-N26 -> 68.009371 | Q26: =+[4]군산!$E$17 -> 905 | R26: =+[4]군산!$F$17 -> 780.04969 | S26: =+R26-Q26 -> -124.95031 | T26: =+[4]군산!$E$19 -> 2.79 | U26: =+[4]군산!$F$19 -> 2.5748474 | V26: =+U26-T26 -> -0.21515263
D27: 원주 | E27: =+[4]원주!$E$9 -> 267.5 | F27: =+[4]원주!$F$9 -> 279.99222 | G27: =+F27-E27 -> 12.492217 | H27: =+[4]원주!$E$15 -> 353.4 | I27: =+[4]원주!$F$15 -> 376.46566 | J27: =+I27-H27 -> 23.065657 | K27: =+([4]원주!$E$10*0.4+[4]원주!$E$11+[4]원주!$E$12+[4]원주!$E$13+[4]원주!$E$14)/[4]원주!$E$15 -> 0.24306735 | L27: =+([4]원주!$F$10*0.4+[4]원주!$F$11+[4]원주!$F$12+[4]원주!$F$13+[4]원주!$F$14)/[4]원주!$F$15 -> 0.25626093 | M27: =+L27-K27 -> 0.013193585 | N27: =+[4]원주!$E$16 -> 837.86 | O27: =+[4]원주!$F$16 -> 726.81332 | P27: =+O27-N27 -> -111.04668 | Q27: =+[4]원주!$E$17 -> 921.01 | R27: =+[4]원주!$F$17 -> 962.72338 | S27: =+R27-Q27 -> 41.713379 | T27: =+[4]원주!$E$19 -> 2.938 | U27: =+[4]원주!$F$19 -> 2.4944909 | V27: =+U27-T27 -> -0.44350905
D28: 제주 | E28: =+[4]제주!$E$9 -> 281.4 | F28: =+[4]제주!$F$9 -> 297.05749 | G28: =+F28-E28 -> 15.657493 | H28: =+[4]제주!$E$15 -> 350 | I28: =+[4]제주!$F$15 -> 345.07302 | J28: =+I28-H28 -> -4.92698 | K28: =+([4]제주!$E$10*0.4+[4]제주!$E$11+[4]제주!$E$12+[4]제주!$E$13+[4]제주!$E$14)/[4]제주!$E$15 -> 0.0784 | L28: =+([4]제주!$F$10*0.4+[4]제주!$F$11+[4]제주!$F$12+[4]제주!$F$13+[4]제주!$F$14)/[4]제주!$F$15 -> 0.055658396 | M28: =+L28-K28 -> -0.022741604 | N28: =+[4]제주!$E$16 -> 708.9 | O28: =+[4]제주!$F$16 -> 813.34662 | P28: =+O28-N28 -> 104.44662 | Q28: =+[4]제주!$E$17 -> 996.5 | R28: =+[4]제주!$F$17 -> 969.33627 | S28: =+R28-Q28 -> -27.163729 | T28: =+[4]제주!$E$19 -> 2.7 | U28: =+[4]제주!$F$19 -> 2.8252035 | V28: =+U28-T28 -> 0.12520352

Sheet 건자재
D6: □ 건자재 손익실적(2025-04)
O7: [단위 : 톤, 천원]
D8: 구분 | F8: 4월 | K8: 4월누계
F9: 계획 | G9: 실적 | H9: 계획대비 | I9: 전년 | J9: 전년대비 | K9: 계획 | L9: 실적 | M9: 계획대비 | N9: 전년 | O9: 전년대비
D10: 판매량 | E10: 철강재 | F10: =+IFERROR(HLOOKUP($F$8,[11]손익!$G$5:$AI$63,2,),) -> 11100 | G10: =+'[6]4월'!$G$8 -> 11123.665 | H10: =+G10-F10 -> 23.665 | I10: =+IFERROR(HLOOKUP($F$8,[12]월별!$E$2:$T$53,2,),) -> 8574.983 | J10: =+G10-I10 -> 2548.682 | K10: =+F10+[13]건자재!K10 -> 41300 | L10: =+G10+[13]건자재!L10 -> 45346.46 | M10: =+L10-K10 -> 4046.46 | N10: =+I10+[13]건자재!N10 -> 30310.546 | O10: =+L10-N10 -> 15035.914
D11: 판매단가 | E11: 철강재 | F11: =+F12/F10*1000 -> 872522.52 | G11: =+G12/G10*1000 -> 800210.93 | H11: =+G11-F11 -> -72311.59 | I11: =+I12/I10*1000 -> 853042.91 | J11: =+G11-I11 -> -52831.976 | K11: =+K12/K10*1000 -> 872397.09 | L11: =+L12/L10*1000 -> 757596.28 | M11: =+L11-K11 -> -114800.81 | N11: =+N12/N10*1000 -> 880502.36 | O11: =+L11-N11 -> -122906.08
D12: 매출액 | E12: 철강재 | F12: =+IFERROR(HLOOKUP($F$8,[11]손익!$G$5:$AI$63,22,),) -> 9685000 | G12: =+'[6]4월'!$G$9 -> 8901278.3 | H12: =+G12-F12 -> -783721.66 | I12: =+IFERROR(HLOOKUP($F$8,[12]월별!$E$2:$T$53,5,),) -> 7314828.4 | J12: =+G12-I12 -> 1586449.9 | K12: =+F12+[13]건자재!K12 -> 36030000 | L12: =+G12+[13]건자재!L12 -> 34354309 | M12: =+L12-K12 -> -1675690.6 | N12: =+I12+[13]건자재!N12 -> 26688507 | O12: =+L12-N12 -> 7665802.2
E13: 기타 | F13: =+IFERROR(HLOOKUP($F$8,[11]손익!$G$5:$AI$63,23,),) -> 2460191 | G13: =+'[6]4월'!$J$9 -> 1246225.9 | H13: =+G13-F13 -> -1213965.1 | I13: =+IFERROR(HLOOKUP($F$8,[12]월별!$E$2:$T$53,6,),) -> 1507211.1 | J13: =+G13-I13 -> -260985.18 | K13: =+F13+[13]건자재!K13 -> 9178404.9 | L13: =+G13+[13]건자재!L13 -> 4085538.3 | M13: =+L13-K13 -> -5092866.6 | N13: =+I13+[13]건자재!N13 -> 5067065.3 | O13: =+L13-N13 -> -981526.96
E14: (소계) | F14: =SUM(F12:F13) -> 12145191 | G14: =SUM(G12:G13) -> 10147504 | H14: =+G14-F14 -> -1997686.8 | I14: =SUM(I12:I13) -> 8822039.5 | J14: =+G14-I14 -> 1325464.7 | K14: =SUM(K12:K13) -> 45208405 | L14: =SUM(L12:L13) -> 38439848 | M14: =+L14-K14 -> -6768557.2 | N14: =SUM(N12:N13) -> 31755572 | O14: =+L14-N14 -> 6684275.3
D15: 매출원가 | E15: 철강재 | F15: =+IFERROR(HLOOKUP($F$8,[11]손익!$G$5:$AI$63,25,),) -> 9452787.5 | G15: =+'[6]4월'!$G$11 -> 8774441.2 | H15: =+G15-F15 -> -678346.25 | I15: =+IFERROR(HLOOKUP($F$8,[12]월별!$E$2:$T$53,8,),) -> 7182086.8 | J15: =+G15-I15 -> 1592354.4 | K15: =+F15+[13]건자재!K15 -> 35166415 | L15: =+G15+[13]건자재!L15 -> 33980248 | M15: =+L15-K15 -> -1186167.4 | N15: =+I15+[13]건자재!N15 -> 26089130 | O15: =+L15-N15 -> 7891117.4
E16: 기타 | F16: =+IFERROR(HLOOKUP($F$8,[11]손익!$G$5:$AI$63,26,),) -> 2364349.3 | G16: =+'[6]4월'!$J$11 -> 1205319.1 | H16: =+G16-F16 -> -1159030.2 | I16: =+IFERROR(HLOOKUP($F$8,[12]월별!$E$2:$T$53,9,),) -> 1476999 | J16: =+G16-I16 -> -271679.86 | K16: =+F16+[13]건자재!K16 -> 8820841.8 | L16: =+G16+[13]건자재!L16 -> 3959440.2 | M16: =+L16-K16 -> -4861401.6 | N16: =+I16+[13]건자재!N16 -> 4969680.1 | O16: =+L16-N16 -> -1010239.9
E17: (소계) | F17: =SUM(F15:F16) -> 11817137 | G17: =SUM(G15:G16) -> 9979760.4 | H17: =+G17-F17 -> -1837376.5 | I17: =SUM(I15:I16) -> 8659085.8 | J17: =+G17-I17 -> 1320674.6 | K17: =SUM(K15:K16) -> 43987257 | L17: =SUM(L15:L16) -> 37939688 | M17: =+L17-K17 -> -6047569 | N17: =SUM(N15:N16) -> 31058810 | O17: =+L17-N17 -> 6880877.5
D18: 매출이익 | E18: 철강재 | F18: =+F12-F15 -> 232212.5 | G18: =+G12-G15 -> 126837.09 | H18: =+G18-F18 -> -105375.41 | I18: =+I12-I15 -> 132741.61 | J18: =+G18-I18 -> -5904.52 | K18: =+K12-K15 -> 863585 | L18: =+L12-L15 -> 374061.83 | M18: =+L18-K18 -> -489523.17 | N18: =+N12-N15 -> 599376.97 | O18: =+L18-N18 -> -225315.14
E19: % | F19: =+F18/F12 -> 0.02397651 | G19: =+G18/G12 -> 0.014249312 | H19: =+G19-F19 -> -0.0097271979 | I19: =+I18/I12 -> 0.018146921 | J19: =+G19-I19 -> -0.0038976088 | K19: =+K18/K12 -> 0.023968498 | L19: =+L18/L12 -> 0.010888353 | M19: =+L19-K19 -> -0.013080146 | N19: =+N18/N12 -> 0.022458243 | O19: =+L19-N19 -> -0.01156989
E20: 기타 | F20: =+F13-F16 -> 95841.661 | G20: =+G13-G16 -> 40906.765 | H20: =+G20-F20 -> -54934.896 | I20: =+I13-I16 -> 30212.09 | J20: =+G20-I20 -> 10694.675 | K20: =+K13-K16 -> 357563.12 | L20: =+L13-L16 -> 126098.13 | M20: =+L20-K20 -> -231464.99 | N20: =+N13-N16 -> 97385.18 | O20: =+L20-N20 -> 28712.947
E21: % | F21: =+F20/F13 -> 0.038957 | G21: =+G20/G13 -> 0.032824519 | H21: =+G21-F21 -> -0.006132481 | I21: =+I20/I13 -> 0.020045029 | J21: =+G21-I21 -> 0.01277949 | K21: =+K20/K13 -> 0.038957 | L21: =+L20/L13 -> 0.030864507 | M21: =+L21-K21 -> -0.0080924928 | N21: =+N20/N13 -> 0.019219247 | O21: =+L21-N21 -> 0.01164526
E22: (소계) | F22: =SUM(F18,F20) -> 328054.16 | G22: =SUM(G18,G20) -> 167743.86 | H22: =+G22-F22 -> -160310.3 | I22: =SUM(I18,I20) -> 162953.7 | J22: =+G22-I22 -> 4790.155 | K22: =SUM(K18,K20) -> 1221148.1 | L22: =SUM(L18,L20) -> 500159.96 | M22: =+L22-K22 -> -720988.16 | N22: =SUM(N18,N20) -> 696762.15 | O22: =+L22-N22 -> -196602.19
E23: % | F23: =+F22/F14 -> 0.027011033 | G23: =+G22/G14 -> 0.016530553 | H23: =+G23-F23 -> -0.01048048 | I23: =+I22/I14 -> 0.018471205 | J23: =+G23-I23 -> -0.0019406522 | K23: =+K22/K14 -> 0.027011529 | L23: =+L22/L14 -> 0.013011497 | M23: =+L23-K23 -> -0.014000032 | N23: =+N22/N14 -> 0.021941414 | O23: =+L23-N23 -> -0.0089299167
D24: 판관비 | E24: 노무비 | F24: =+IFERROR(HLOOKUP($F$8,[11]판매4!$G$4:$U$50,7,),) -> 89090.29 | G24: =+'[6]4월'!$M$19 -> 94794.215 | H24: =+G24-F24 -> 5703.925 | I24: =+IFERROR(HLOOKUP($F$8,[12]월별!$E$2:$T$53,17,),) -> 90280.525 | J24: =+G24-I24 -> 4513.69 | K24: =+F24+[13]건자재!K24 -> 353185.14 | L24: =+G24+[13]건자재!L24 -> 378709.89 | M24: =+L24-K24 -> 25524.752 | N24: =+I24+[13]건자재!N24 -> 355065.34 | O24: =+L24-N24 -> 23644.549
E25: 경비 | F25: =+IFERROR(HLOOKUP($F$8,[11]판매4!$G$4:$U$50,31,),)+IFERROR(HLOOKUP($F$8,[11]판매4!$G$4:$U$50,34,),) -> 33772.058 | G25: =+'[6]4월'!$M$37+'[6]4월'!$M$40 -> 73221.19 | H25: =+G25-F25 -> 39449.132 | I25: =+IFERROR(HLOOKUP($F$8,[12]월별!$E$2:$T$53,35,),)+IFERROR(HLOOKUP($F$8,[12]월별!$E$2:$T$53,38,),) -> 78855.847 | J25: =+G25-I25 -> -5634.657 | K25: =+F25+[13]건자재!K25 -> 158894.13 | L25: =+G25+[13]건자재!L25 -> 228033 | M25: =+L25-K25 -> 69138.866 | N25: =+I25+[13]건자재!N25 -> 199112.24 | O25: =+L25-N25 -> 28920.762
E26: (소계) | F26: =SUM(F24:F25) -> 122862.35 | G26: =SUM(G24:G25) -> 168015.4 | H26: =+G26-F26 -> 45153.057 | I26: =SUM(I24:I25) -> 169136.37 | J26: =+G26-I26 -> -1120.967 | K26: =SUM(K24:K25) -> 512079.27 | L26: =SUM(L24:L25) -> 606742.89 | M26: =+L26-K26 -> 94663.618 | N26: =SUM(N24:N25) -> 554177.58 | O26: =+L26-N26 -> 52565.311
D27: 영업이익 | F27: =+F22-F26 -> 205191.81 | G27: =+G22-G26 -> -271.546 | H27: =+G27-F27 -> -205463.36 | I27: =+I22-I26 -> -6182.668 | J27: =+G27-I27 -> 5911.122 | K27: =+K22-K26 -> 709068.85 | L27: =+L22-L26 -> -106582.93 | M27: =+L27-K27 -> -815651.78 | N27: =+N22-N26 -> 142584.57 | O27: =+L27-N27 -> -249167.5
E28: % | F28: =+F27/F14 -> 0.016894902 | G28: =+G27/G14 -> -2.675988e-05 | H28: =+G28-F28 -> -0.016921662 | I28: =+I27/I14 -> -0.00070082071 | J28: =+G28-I28 -> 0.00067406083 | K28: =+K27/K14 -> 0.015684447 | L28: =+L27/L14 -> -0.0027727199 | M28: =+L28-K28 -> -0.018457167 | N28: =+N27/N14 -> 0.0044900645 | O28: =+L28-N28 -> -0.0072627844
D29: 철강재 단가 및 마진률
R34: * 공통비
F36: =+IFERROR(HLOOKUP($F$8,[11]손익!$G$5:$AJ$65,17,),) -> 205191.81 | G36: =+'[6]4월'!$M$41 -> -271.546 | I36: =+IFERROR(HLOOKUP($F$8,[12]월별!$E$2:$T$53,39,),) -> -6182.668 | S36: 1월 | T36: 2월 | U36: 3월 | V36: 4월 | W36: 5월 | X36: 6월 | Y36: 7월 | Z36: 8월 | AA36: 9월 | AB36: 10월 | AC36: 11월 | AD36: 1월 | AE36: 1월 | AF36: 2월 | AG36: 3월 | AH36: 4월 | AI36: 5월 | AJ36: 6월 | AK36: 7월 | AL36: 8월 | AM36: 9월 | AN36: 10월 | AO36: 11월 | AP36: 12월 | AQ36: 1월 | AR36: 2월 | AS36: 3월 | AT36: 4월
F37: =+F27=F36 -> TRUE | G37: =+G27=G36 -> FALSE | I37: =+I27=I36 -> TRUE | R37: 구분 | S37: 1월 | T37: 2월 | U37: 3 | V37: 4월 | W37: 5월 | X37: 6월 | Y37: 7월 | Z37: =+Z36 -> 8월 | AA37: =+AA36 -> 9월 | AB37: =+AB36 -> 10월 | AC37: =+AC36 -> 11월 | AD37: =+AD36 -> 1월 | AE37: =+AE36 -> 1월 | AF37: =+AF36 -> 2월 | AG37: =+AG36 -> 3월 | ... AT37: =+AT36 -> 4월
F38: =+F27-F36 -> 0 | G38: =+G27-G36 -> -1.2732926e-11 | I38: =+I27-I36 -> 0 | R38: 판매단가 | S38: =+IFERROR(HLOOKUP(S$36,[12]월별!$E$2:$S$67,42,),) -> 920730.85 | T38: =+IFERROR(HLOOKUP(T$36,[12]월별!$E$2:$S$67,42,),) -> 886130.89 | U38: =+IFERROR(HLOOKUP(U$36,[12]월별!$E$2:$S$67,42,),) -> 873530.52 | V38: =+IFERROR(HLOOKUP(V$36,[12]월별!$E$2:$S$67,42,),) -> 853042.91 | W38: =+IFERROR(HLOOKUP(W$36,[12]월별!$E$2:$S$67,42,),) -> 811389.31 | X38: =+IFERROR(HLOOKUP(X$36,[12]월별!$E$2:$S$67,42,),) -> 785072.68 | Y38: =+IFERROR(HLOOKUP(Y$36,[12]월별!$E$2:$S$67,42,),) -> 751049.21 | Z38: =+IFERROR(HLOOKUP(Z$36,[12]월별!$E$2:$S$67,42,),) -> 846014.53 | ... AP38: =+IFERROR(HLOOKUP(AP$36,[12]월별!$E$2:$S$67,42,),) -> 752238.02 | AQ38: =+IFERROR(HLOOKUP(AQ$36,[6]월별!$E$2:$S$67,43,),) -> 756420.01 | AR38: =+IFERROR(HLOOKUP(AR$36,[6]월별!$E$2:$S$67,43,),) -> 744684.73 | AS38: =+IFERROR(HLOOKUP(AS$36,[6]월별!$E$2:$S$67,43,),) -> 736140.84 | AT38: =+IFERROR(HLOOKUP(AT$36,[6]월별!$E$2:$S$67,43,),) -> 800210.93
R39: 마진률 | S39: =+IFERROR(HLOOKUP(S$36,[12]월별!$E$2:$S$67,43,),) -> 0 | T39: =+IFERROR(HLOOKUP(T$36,[12]월별!$E$2:$S$67,43,),) -> 0 | U39: =+IFERROR(HLOOKUP(U$36,[12]월별!$E$2:$S$67,43,),) -> 0 | V39: =+IFERROR(HLOOKUP(V$36,[12]월별!$E$2:$S$67,43,),) -> 0 | W39: =+IFERROR(HLOOKUP(W$36,[12]월별!$E$2:$S$67,43,),) -> 0 | X39: =+IFERROR(HLOOKUP(X$36,[12]월별!$E$2:$S$67,43,),) -> 0 | Y39: =+IFERROR(HLOOKUP(Y$36,[12]월별!$E$2:$S$67,43,),) -> 0 | Z39: =+IFERROR(HLOOKUP(Z$36,[12]월별!$E$2:$S$67,43,),) -> 0 | ... AD39: =+IFERROR(HLOOKUP(AD$36,[12]월별!$E$2:$S$67,43,),) -> 0 | AE39: =+IFERROR(HLOOKUP(AE$36,[12]월별!$E$2:$S$67,51,),) -> 0.027823179 | AF39: =+IFERROR(HLOOKUP(AF$36,[12]월별!$E$2:$S$67,51,),) -> 0.027130154 | AG39: =+IFERROR(HLOOKUP(AG$36,[12]월별!$E$2:$S$67,51,),) -> 0.018797 | AH39: =+IFERROR(HLOOKUP(AH$36,[12]월별!$E$2:$S$67,51,),) -> 0.018146921 | AI39: =+IFERROR(HLOOKUP(AI$36,[12]월별!$E$2:$S$67,51,),) -> 0.025679336 | AJ39: =+IFERROR(HLOOKUP(AJ$36,[12]월별!$E$2:$S$67,51,),) -> 0.037059976 | AK39: =+IFERROR(HLOOKUP(AK$36,[12]월별!$E$2:$S$67,51,),) -> 0.0082866316 | AL39: =+IFERROR(HLOOKUP(AL$36,[12]월별!$E$2:$S$67,51,),) -> 0.018929258 | ... AP39: =+IFERROR(HLOOKUP(AP$36,[12]월별!$E$2:$S$67,51,),) -> 0.014154492 | AQ39: =+IFERROR(HLOOKUP(AQ$36,[6]월별!$E$2:$S$67,49,),) -> 0.017727214 | AR39: =+IFERROR(HLOOKUP(AR$36,[6]월별!$E$2:$S$67,49,),) -> 0.015585145 | AS39: =+IFERROR(HLOOKUP(AS$36,[6]월별!$E$2:$S$67,49,),) -> 0.0014844908 | AT39: =+IFERROR(HLOOKUP(AT$36,[6]월별!$E$2:$S$67,49,),) -> 0.014249312

Sheet 골재사업소(당월)
A1: 4월 | AN1: 부산 세척사 - 창원공장
AL2: 하천사 | AO2: 세척사
D4: □ 골재사업소 손익(2025-04)
AV5: [단위 : ㎥, 천원]
D6: 계획 | E6: 구분 | G6: 쇄석25mm | J6: 쇄사(습식) | M6: 혼합석(40mm) | P6: 쇄석40mm | S6: 쇄사2 | V6: 서부산 소계 | Y6: 부산크라샤 쇄석 | AB6: 부산크라샤 쇄사(습식) | AE6: 40혼합석 | AH6: 부산크라샤 소계 | AK6: 부산 하천사 | AN6: 부산 세척사 | AQ6: 부산모래장 소계 | AT6: 골재사업소 계
G7: 계획 | H7: 실적 | I7: 차이 | J7: 계획 | K7: 실적 | L7: 차이 | M7: 계획 | N7: 실적 | O7: 차이 | P7: 계획 | Q7: 실적 | R7: 차이 | S7: 계획 | T7: 실적 | U7: 차이 | V7: 계획 | W7: 실적 | X7: 차이 | Y7: 계획 | Z7: 실적 | AA7: 차이 | AB7: 계획 | AC7: 실적 | AD7: 차이 | AE7: 계획 | AF7: 실적 | AG7: 차이 | AH7: 계획 | AI7: 실적 | AJ7: 차이 | AK7: 계획 | AL7: 실적 | AM7: 차이 | AN7: 계획 | AO7: 실적 | AP7: 차이 | AQ7: 계획 | AR7: 실적 | AS7: 차이 | AT7: 계획 | AU7: 실적 | AV7: 차이
E8: 판매량 | F8: 자가이송 | G8: =+IFERROR(HLOOKUP($A$1,[14]물량!$G$5:$R$83,59,),) -> 25419.693 | H8: =+'[7]서부산크라샤(당월)'!$F$66 -> 10696 | I8: =H8-G8 -> -14723.693 | J8: =+IFERROR(HLOOKUP($A$1,[14]물량!$G$5:$R$83,62,),) -> 17628.552 | K8: =+'[7]서부산크라샤(당월)'!$I$66 -> 3832 | L8: =K8-J8 -> -13796.552 | M8: =+IFERROR(HLOOKUP($A$1,[14]물량!$G$5:$R$83,68,),) -> 0 | N8: =+'[7]서부산크라샤(당월)'!$L$66 -> 0 | O8: =N8-M8 -> 0 | Q8: =+'[7]서부산크라샤(당월)'!$U$66 -> 0 | R8: =Q8-P8 -> 0 | T8: =+'[7]서부산크라샤(당월)'!$R$66 -> 0 | U8: =T8-S8 -> 0 | V8: =+G8+J8+M8+P8+S8 -> 43048.245 | W8: =+H8+K8+N8+Q8+T8 -> 14528 | X8: =W8-V8 -> -28520.245 | Y8: =+IFERROR(HLOOKUP($A$1,[15]물량!$G$5:$R$109,59,),) -> 0.1 | Z8: =+'[7]부산크라샤(당월)'!$F$66 -> 7000 | AA8: =Z8-Y8 -> 6999.9 | AB8: =+IFERROR(HLOOKUP($A$1,[15]물량!$G$5:$R$109,62,),) -> 0 | AC8: =+'[7]부산크라샤(당월)'!$I$66 -> 7616 | AD8: =AC8-AB8 -> 7616 | AF8: =+'[7]부산크라샤(당월)'!$L$66 -> 0 | AG8: =AF8-AE8 -> 0 | AH8: =+Y8+AB8+AE8 -> 0.1 | AI8: =+Z8+AC8+AF8 -> 14616 | AJ8: =AI8-AH8 -> 14615.9 | AK8: =+IFERROR(HLOOKUP($A$1,[16]판매계획!$G$6:$R$92,7,),) -> 5116.1584 | AL8: =+'[17]부산모래장(손익)'!$E$38 -> 300 | AM8: =AL8-AK8 -> -4816.1584 | AN8: =+IFERROR(HLOOKUP($A$1,[16]판매계획!$G$6:$R$92,8,),) -> 5830.0699 | AO8: =+IFERROR(HLOOKUP($AN$6,'[17]부산모래장(손익)'!$C$35:$K$53,4,),) -> 13447 | AP8: =AO8-AN8 -> 7616.9301 | AQ8: =AK8+AN8 -> 10946.228 | AR8: =AL8+AO8 -> 13747 | AS8: =AR8-AQ8 -> 2800.7717 | AT8: =+V8+AH8+AQ8 -> 53994.573 | AU8: =+W8+AI8+AR8 -> 42891 | AV8: =AU8-AT8 -> -11103.573
F9: % | G9: =+G8/G$12 -> 0.6979656 | H9: =+H8/H$12 -> 0.86761843 | I9: =+H9-G9 -> 0.16965283 | J9: =+J8/J$12 -> 0.71577703 | K9: =+K8/K$12 -> 1 | L9: =+K9-J9 -> 0.28422297 | M9: =+M8/M$12 -> 0 | N9: =+N8/N$12 -> 0 | O9: =+N9-M9 -> 0 | Q9: =+Q8/Q$12 -> 0 | R9: =+Q9-P9 -> 0 | T9: =+T8/T$12 -> 0 | U9: =+T9-S9 -> 0 | V9: =+V8/V$12 -> 0.64204879 | W9: =+W8/W$12 -> 0.63719298 | X9: =+W9-V9 -> -0.0048558122 | Y9: =+Y8/Y$12 -> 1 | Z9: =+Z8/Z$12 -> 1 | AA9: =+Z9-Y9 -> 0 | AB9: =+AB8/AB$12 -> #DIV/0! | AC9: =+AC8/AC$12 -> 0.89642185 | AD9: =+AC9-AB9 -> #DIV/0! | AE9: =+AE8/AE$12 -> #DIV/0! | AF9: =+AF8/AF$12 -> #DIV/0! | AG9: =+AF9-AE9 -> #DIV/0! | AH9: =+AH8/AH$12 -> 1 | AI9: =+AI8/AI$12 -> 0.94321115 | AJ9: =+AI9-AH9 -> -0.056788849 | AK9: =+AK8/AK$12 -> 0.71894948 | AL9: =IFERROR(AL8/AL$12,) -> 1 | AM9: =+AL9-AK9 -> 0.28105052 | AN9: =+AN8/AN$12 -> 0.53832246 | AO9: =+AO8/AO$12 -> 0.53554502 | AP9: =+AO9-AN9 -> -0.0027774403 | AQ9: =+AQ8/AQ$12 -> 0.6099459 | AR9: =+AR8/AR$12 -> 0.54102877 | AS9: =+AR9-AQ9 -> -0.068917128 | AT9: =+AT8/AT$12 -> 0.63527083 | AU9: =+AU8/AU$12 -> 0.67327525 | AV9: =+AU9-AT9 -> 0.038004422
F10: 외부판매 | G10: =+IFERROR(HLOOKUP($A$1,[14]물량!$G$5:$R$83,60,),) -> 11000 | H10: =+'[7]서부산크라샤(당월)'!$F$59 -> 1632 | I10: =H10-G10 -> -9368 | J10: =+IFERROR(HLOOKUP($A$1,[14]물량!$G$5:$R$83,63,),) -> 7000 | K10: =+'[7]서부산크라샤(당월)'!$I$59 -> 0 | L10: =K10-J10 -> -7000 | M10: =+IFERROR(HLOOKUP($A$1,[14]물량!$G$5:$R$83,69,),) -> 6000 | N10: =+'[7]서부산크라샤(당월)'!$L$59 -> 4848 | O10: =N10-M10 -> -1152 | Q10: =+'[7]서부산크라샤(당월)'!$U$59 -> 896 | R10: =Q10-P10 -> 896 | T10: =+'[7]서부산크라샤(당월)'!$R$59 -> 896 | U10: =T10-S10 -> 896 | V10: =+G10+J10+M10+P10+S10 -> 24000 | W10: =+H10+K10+N10+Q10+T10 -> 8272 | X10: =W10-V10 -> -15728 | Y10: =+IFERROR(HLOOKUP($A$1,[15]물량!$G$5:$R$109,60,),) -> 0 | Z10: =+'[7]부산크라샤(당월)'!$F$59 -> 0 | AA10: =Z10-Y10 -> 0 | AB10: =+IFERROR(HLOOKUP($A$1,[15]물량!$G$5:$R$109,63,),) -> 0 | AC10: =+'[7]부산크라샤(당월)'!$I$59 -> 880 | AD10: =AC10-AB10 -> 880 | AE10: =+IFERROR(HLOOKUP($A$1,[15]물량!$G$5:$R$109,66,),) -> 0 | AF10: =+'[7]부산크라샤(당월)'!$L$59 -> 0 | AG10: =AF10-AE10 -> 0 | AH10: =+Y10+AB10+AE10 -> 0 | AI10: =+Z10+AC10+AF10 -> 880 | AJ10: =AI10-AH10 -> 880 | AK10: =+IFERROR(HLOOKUP($A$1,[16]판매계획!$G$6:$R$92,2,),) -> 2000 | AL10: =+'[17]부산모래장(손익)'!$E$37 -> 0 | AM10: =AL10-AK10 -> -2000 | AN10: =+IFERROR(HLOOKUP($A$1,[16]판매계획!$G$6:$R$92,3,),) -> 5000 | AO10: =+IFERROR(HLOOKUP($AN$6,'[17]부산모래장(손익)'!$C$35:$K$53,3,),) -> 11662 | AP10: =AO10-AN10 -> 6662 | AQ10: =AK10+AN10 -> 7000 | AR10: =AL10+AO10 -> 11662 | AS10: =AR10-AQ10 -> 4662 | AT10: =+V10+AH10+AQ10 -> 31000 | AU10: =+W10+AI10+AR10 -> 20814 | AV10: =AU10-AT10 -> -10186
F11: % | G11: =+G10/G$12 -> 0.3020344 | H11: =+H10/H$12 -> 0.13238157 | I11: =+H11-G11 -> -0.16965283 | J11: =+J10/J$12 -> 0.28422297 | K11: =+K10/K$12 -> 0 | L11: =+K11-J11 -> -0.28422297 | M11: =+M10/M$12 -> 1 | N11: =+N10/N$12 -> 1 | O11: =+N11-M11 -> 0 | Q11: =+Q10/Q$12 -> 1 | R11: =+Q11-P11 -> 1 | T11: =+T10/T$12 -> 1 | U11: =+T11-S11 -> 1 | V11: =+V10/V$12 -> 0.35795121 | W11: =+W10/W$12 -> 0.36280702 | X11: =+W11-V11 -> 0.0048558122 | Y11: =+Y10/Y$12 -> 0 | Z11: =+Z10/Z$12 -> 0 | AA11: =+Z11-Y11 -> 0 | AB11: =+AB10/AB$12 -> #DIV/0! | AC11: =+AC10/AC$12 -> 0.10357815 | AD11: =+AC11-AB11 -> #DIV/0! | AE11: =+AE10/AE$12 -> #DIV/0! | AF11: =+AF10/AF$12 -> #DIV/0! | AG11: =+AF11-AE11 -> #DIV/0! | AH11: =+AH10/AH$12 -> 0 | AI11: =+AI10/AI$12 -> 0.056788849 | AJ11: =+AI11-AH11 -> 0.056788849 | AK11: =+AK10/AK$12 -> 0.28105052 | AL11: =IFERROR(AL10/AL$12,) -> 0 | AM11: =+AL11-AK11 -> -0.28105052 | AN11: =+AN10/AN$12 -> 0.46167754 | AO11: =+AO10/AO$12 -> 0.46445498 | AP11: =+AO11-AN11 -> 0.0027774403 | AQ11: =+AQ10/AQ$12 -> 0.3900541 | AR11: =+AR10/AR$12 -> 0.45897123 | AS11: =+AR11-AQ11 -> 0.068917128 | AT11: =+AT10/AT$12 -> 0.36472917 | AU11: =+AU10/AU$12 -> 0.32672475 | AV11: =+AU11-AT11 -> -0.038004422
F12: (소계) | G12: =G8+G10 -> 36419.693 | H12: =H8+H10 -> 12328 | I12: =H12-G12 -> -24091.693 | J12: =J8+J10 -> 24628.552 | K12: =K8+K10 -> 3832 | L12: =K12-J12 -> -20796.552 | M12: =M8+M10 -> 6000 | N12: =N8+N10 -> 4848 | O12: =N12-M12 -> -1152 | Q12: =Q8+Q10 -> 896 | R12: =Q12-P12 -> 896 | T12: =T8+T10 -> 896 | U12: =T12-S12 -> 896 | V12: =V8+V10 -> 67048.245 | W12: =W8+W10 -> 22800 | X12: =W12-V12 -> -44248.245 | Y12: =Y8+Y10 -> 0.1 | Z12: =Z8+Z10 -> 7000 | AA12: =Z12-Y12 -> 6999.9 | AB12: =AB8+AB10 -> 0 | AC12: =AC8+AC10 -> 8496 | AD12: =AC12-AB12 -> 8496 | AE12: =AE8+AE10 -> 0 | AF12: =AF8+AF10 -> 0 | AG12: =AF12-AE12 -> 0 | AH12: =AH8+AH10 -> 0.1 | AI12: =AI8+AI10 -> 15496 | AJ12: =AI12-AH12 -> 15495.9 | AK12: =AK8+AK10 -> 7116.1584 | AL12: =AL8+AL10 -> 300 | AM12: =AL12-AK12 -> -6816.1584 | AN12: =AN8+AN10 -> 10830.07 | AO12: =AO8+AO10 -> 25109 | AP12: =AO12-AN12 -> 14278.93 | AQ12: =AQ8+AQ10 -> 17946.228 | AR12: =AR8+AR10 -> 25409 | AS12: =AR12-AQ12 -> 7462.7717 | AT12: =AT8+AT10 -> 84994.573 | AU12: =AU8+AU10 -> 63705 | AV12: =AU12-AT12 -> -21289.573 | AX12: =+'사업장별(당월)'!J32*1000 -> 84994.573 | AY12: =+'사업장별(당월)'!K32*1000 -> 68025 | AZ12: =+AY12-AU12 -> 4320
E13: 매출액 | F13: 자가이송 | G13: =+IFERROR(HLOOKUP($A$1,[14]매출!$G$5:$R$149,115,),) -> 354029.3 | H13: =+'[7]서부산크라샤(당월)'!$F$72 -> 176000 | I13: =H13-G13 -> -178029.3 | J13: =+IFERROR(HLOOKUP($A$1,[14]매출!$G$5:$R$149,118,),) -> 349019.08 | K13: =+'[7]서부산크라샤(당월)'!$I$72 -> 74912 | L13: =K13-J13 -> -274107.08 | M13: =+IFERROR(HLOOKUP($A$1,[14]매출!$G$5:$R$149,124,),) -> 0 | N13: =+'[7]서부산크라샤(당월)'!$L$72 -> 0 | O13: =N13-M13 -> 0 | Q13: =+'[7]서부산크라샤(당월)'!$U$72 -> 0 | R13: =Q13-P13 -> 0 | T13: =+'[7]서부산크라샤(당월)'!$R$72 -> 0 | U13: =T13-S13 -> 0 | V13: =+G13+J13+M13+P13+S13 -> 703048.37 | W13: =+H13+K13+N13+Q13+T13 -> 250912 | X13: =W13-V13 -> -452136.37 | Y13: =+IFERROR(HLOOKUP($A$1,[15]매출!$G$5:$R$144,115,),) -> 0 | Z13: =+'[7]부산크라샤(당월)'!$F$72 -> 122500 | AA13: =Z13-Y13 -> 122500 | AB13: =+IFERROR(HLOOKUP($A$1,[15]매출!$G$5:$R$144,118,),) -> 0 | AC13: =+'[7]부산크라샤(당월)'!$I$72 -> 170088 | AD13: =AC13-AB13 -> 170088 | AF13: =+'[7]부산크라샤(당월)'!$L$72 -> 0 | AG13: =AF13-AE13 -> 0 | AH13: =+Y13+AB13+AE13 -> 0 | AI13: =+Z13+AC13+AF13 -> 292588 | AJ13: =AI13-AH13 -> 292588 | AK13: =+IFERROR(HLOOKUP($A$1,[16]판매계획!$G$6:$R$92,43,),) -> 177432.64 | AL13: =+'[17]부산모래장(손익)'!$E$41/1000 -> 11400 | AM13: =AL13-AK13 -> -166032.64 | AN13: =+IFERROR(HLOOKUP($A$1,[16]판매계획!$G$6:$R$92,44,),) -> 348641.38 | AO13: =+IFERROR(HLOOKUP($AN$6,'[17]부산모래장(손익)'!$C$35:$K$53,7,),)/1000 -> 402097.5 | AP13: =AO13-AN13 -> 53456.119 | AQ13: =AK13+AN13 -> 526074.02 | AR13: =AL13+AO13 -> 413497.5 | AS13: =AR13-AQ13 -> -112576.52 | AT13: =+V13+AH13+AQ13 -> 1229122.4 | AU13: =+W13+AI13+AR13 -> 956997.5 | AV13: =AU13-AT13 -> -272124.89 | AX13: =+AX12=AT12 -> TRUE | AY13: =+AY12=AU12 -> FALSE
F14: 단가 | G14: =+G13/G8*1000 -> 13927.363 | H14: =+H13/H8*1000 -> 16454.749 | I14: =H14-G14 -> 2527.3863 | J14: =+J13/J8*1000 -> 19798.511 | K14: =+K13/K8*1000 -> 19549.061 | L14: =K14-J14 -> -249.45062 | M14: =+M13/M8*1000 -> #DIV/0! | N14: =+N13/N8*1000 -> #DIV/0! | O14: =N14-M14 -> #DIV/0! | Q14: =+Q13/Q8*1000 -> #DIV/0! | R14: =Q14-P14 -> #DIV/0! | T14: =+T13/T8*1000 -> #DIV/0! | U14: =T14-S14 -> #DIV/0! | V14: =+V13/V8*1000 -> 16331.639 | W14: =+W13/W8*1000 -> 17270.925 | X14: =W14-V14 -> 939.28656 | Y14: =+Y13/Y8*1000 -> 0 | Z14: =+Z13/Z8*1000 -> 17500 | AA14: =Z14-Y14 -> 17500 | AB14: =+AB13/AB8*1000 -> #DIV/0! | AC14: =+AC13/AC8*1000 -> 22332.983 | AD14: =AC14-AB14 -> #DIV/0! | AE14: =+AE13/AE8*1000 -> #DIV/0! | AF14: =+AF13/AF8*1000 -> #DIV/0! | AG14: =AF14-AE14 -> #DIV/0! | AH14: =+AH13/AH8*1000 -> 0 | AI14: =+AI13/AI8*1000 -> 20018.336 | AJ14: =AI14-AH14 -> 20018.336 | AK14: =+AK13/AK8*1000 -> 34680.834 | AL14: =IFERROR(AL13/AL8*1000,) -> 38000 | AM14: =AL14-AK14 -> 3319.1661 | AN14: =+AN13/AN8*1000 -> 59800.549 | AO14: =+AO13/AO8*1000 -> 29902.395 | AP14: =AO14-AN14 -> -29898.154 | AQ14: =+AQ13/AQ8*1000 -> 48059.844 | AR14: =+AR13/AR8*1000 -> 30079.108 | AS14: =AR14-AQ14 -> -17980.735 | AT14: =+AT13/AT8*1000 -> 22763.814 | AU14: =+AU13/AU8*1000 -> 22312.315 | AV14: =AU14-AT14 -> -451.49863
F15: 외부판매 | G15: =+IFERROR(HLOOKUP($A$1,[14]매출!$G$5:$R$149,116,),) -> 126500 | H15: =+'[7]서부산크라샤(당월)'!$F$71 -> 57776 | I15: =H15-G15 -> -68724 | J15: =+IFERROR(HLOOKUP($A$1,[14]매출!$G$5:$R$149,119,),) -> 105000 | K15: =+'[7]서부산크라샤(당월)'!$I$71 -> 0 | L15: =K15-J15 -> -105000 | M15: =+IFERROR(HLOOKUP($A$1,[14]매출!$G$5:$R$149,125,),) -> 54000 | N15: =+'[7]서부산크라샤(당월)'!$L$71 -> 41208 | O15: =N15-M15 -> -12792 | Q15: =+'[7]서부산크라샤(당월)'!$U$71 -> 9856 | R15: =Q15-P15 -> 9856 | T15: =+'[7]서부산크라샤(당월)'!$R$71 -> 8960 | U15: =T15-S15 -> 8960 | V15: =+G15+J15+M15+P15+S15 -> 285500 | W15: =+H15+K15+N15+Q15+T15 -> 117800 | X15: =W15-V15 -> -167700 | Y15: =+IFERROR(HLOOKUP($A$1,[15]매출!$G$5:$R$144,116,),) -> 0 | Z15: =+'[7]부산크라샤(당월)'!$F$71 -> 832 | AA15: =Z15-Y15 -> 832 | AB15: =+IFERROR(HLOOKUP($A$1,[15]매출!$G$5:$R$144,119,),) -> 0 | AC15: =+'[7]부산크라샤(당월)'!$I$71 -> 15840 | AD15: =AC15-AB15 -> 15840 | AE15: =+IFERROR(HLOOKUP($A$1,[15]매출!$G$5:$R$144,122,),) -> 0 | AF15: =+'[7]부산크라샤(당월)'!$L$71 -> 0 | AG15: =AF15-AE15 -> 0 | AH15: =+Y15+AB15+AE15 -> 0 | AI15: =+Z15+AC15+AF15 -> 16672 | AJ15: =AI15-AH15 -> 16672 | AK15: =+IFERROR(HLOOKUP($A$1,[16]판매계획!$G$6:$R$92,38,),) -> 70000 | AL15: =+'[17]부산모래장(손익)'!$E$40/1000 -> 0 | AM15: =AL15-AK15 -> -70000 | AN15: =+IFERROR(HLOOKUP($A$1,[16]판매계획!$G$6:$R$92,39,),) -> 137500 | AO15: =+IFERROR(HLOOKUP($AN$6,'[17]부산모래장(손익)'!$C$35:$K$53,6,),)/1000 -> 335996.5 | AP15: =AO15-AN15 -> 198496.5 | AQ15: =AK15+AN15 -> 207500 | AR15: =AL15+AO15 -> 335996.5 | AS15: =AR15-AQ15 -> 128496.5 | AT15: =+V15+AH15+AQ15 -> 493000 | AU15: =+W15+AI15+AR15 -> 470468.5 | AV15: =AU15-AT15 -> -22531.5
F16: 단가 | G16: =IFERROR(G15/G10,)*1000 -> 11500 | H16: =IFERROR(H15/H10,)*1000 -> 35401.961 | I16: =H16-G16 -> 23901.961 | J16: =IFERROR(J15/J10,)*1000 -> 15000 | K16: =IFERROR(K15/K10,)*1000 -> 0 | L16: =K16-J16 -> -15000 | M16: =IFERROR(M15/M10,)*1000 -> 9000 | N16: =IFERROR(N15/N10,)*1000 -> 8500 | O16: =N16-M16 -> -500 | Q16: =IFERROR(Q15/Q10,)*1000 -> 11000 | R16: =Q16-P16 -> 11000 | T16: =IFERROR(T15/T10,)*1000 -> 10000 | U16: =T16-S16 -> 10000 | V16: =IFERROR(V15/V10,)*1000 -> 11895.833 | W16: =IFERROR(W15/W10,)*1000 -> 14240.812 | X16: =W16-V16 -> 2344.979 | Y16: =IFERROR(Y15/Y10,)*1000 -> 0 | Z16: =IFERROR(Z15/Z10,)*1000 -> 0 | AA16: =Z16-Y16 -> 0 | AB16: =IFERROR(AB15/AB10,)*1000 -> 0 | AC16: =IFERROR(AC15/AC10,)*1000 -> 18000 | AD16: =AC16-AB16 -> 18000 | AE16: =IFERROR(AE15/AE10,)*1000 -> 0 | AF16: =IFERROR(AF15/AF10,)*1000 -> 0 | AG16: =AF16-AE16 -> 0 | AH16: =IFERROR(AH15/AH10,)*1000 -> 0 | AI16: =IFERROR(AI15/AI10,)*1000 -> 18945.455 | AJ16: =AI16-AH16 -> 18945.455 | AK16: =IFERROR(AK15/AK10,)*1000 -> 35000 | AL16: =IFERROR(AL15/AL10,)*1000 -> 0 | AM16: =AL16-AK16 -> -35000 | AN16: =IFERROR(AN15/AN10,)*1000 -> 27500 | AO16: =IFERROR(AO15/AO10,)*1000 -> 28811.224 | AP16: =AO16-AN16 -> 1311.2245 | AQ16: =IFERROR(AQ15/AQ10,)*1000 -> 29642.857 | AR16: =IFERROR(AR15/AR10,)*1000 -> 28811.224 | AS16: =AR16-AQ16 -> -831.63265 | AT16: =IFERROR(AT15/AT10,)*1000 -> 15903.226 | AU16: =IFERROR(AU15/AU10,)*1000 -> 22603.464 | AV16: =AU16-AT16 -> 6700.2382 | AX16: =+AX17-AT17 -> 0
F17: (소계) | G17: =G13+G15 -> 480529.3 | H17: =H13+H15 -> 233776 | I17: =H17-G17 -> -246753.3 | J17: =J13+J15 -> 454019.08 | K17: =K13+K15 -> 74912 | L17: =K17-J17 -> -379107.08 | M17: =M13+M15 -> 54000 | N17: =N13+N15 -> 41208 | O17: =N17-M17 -> -12792 | Q17: =Q13+Q15 -> 9856 | R17: =Q17-P17 -> 9856 | T17: =T13+T15 -> 8960 | U17: =T17-S17 -> 8960 | V17: =V13+V15 -> 988548.37 | W17: =W13+W15 -> 368712 | X17: =W17-V17 -> -619836.37 | Y17: =Y13+Y15 -> 0 | Z17: =Z13+Z15 -> 123332 | AA17: =Z17-Y17 -> 123332 | AB17: =AB13+AB15 -> 0 | AC17: =AC13+AC15 -> 185928 | AD17: =AC17-AB17 -> 185928 | AE17: =AE13+AE15 -> 0 | AF17: =AF13+AF15 -> 0 | AG17: =AF17-AE17 -> 0 | AH17: =AH13+AH15 -> 0 | AI17: =AI13+AI15 -> 309260 | AJ17: =AI17-AH17 -> 309260 | AK17: =AK13+AK15 -> 247432.64 | AL17: =AL13+AL15 -> 11400 | AM17: =AL17-AK17 -> -236032.64 | AN17: =AN13+AN15 -> 486141.38 | AO17: =AO13+AO15 -> 738094 | AP17: =AO17-AN17 -> 251952.62 | AQ17: =AQ13+AQ15 -> 733574.02 | AR17: =AR13+AR15 -> 749494 | AS17: =AR17-AQ17 -> 15919.978 | AT17: =AT13+AT15 -> 1722122.4 | AU17: =AU13+AU15 -> 1427466 | AV17: =AU17-AT17 -> -294656.39 | AX17: =+'사업장별(당월)'!O32*1000 -> 1722122.4 | AY17: =+'사업장별(당월)'!P32*1000 -> 1449066
E18: 영업이익 | F18: 자가이송 | G18: =+IFERROR(HLOOKUP($A$1,[14]손익!$G$5:$R$132,115,),) -> 85530.033 | H18: =+'[7]서부산크라샤(당월)'!$F$87 -> 60832.53 | I18: =H18-G18 -> -24697.503 | J18: =+IFERROR(HLOOKUP($A$1,[14]손익!$G$5:$R$132,117,),) -> 84319.612 | K18: =+'[7]서부산크라샤(당월)'!$I$87 -> 32517.849 | L18: =K18-J18 -> -51801.763 | M18: =+IFERROR(HLOOKUP($A$1,[14]손익!$G$5:$R$132,119,),) -> 0 | N18: =+'[7]서부산크라샤(당월)'!$L$87 -> 0 | O18: =N18-M18 -> 0 | Q18: =+'[7]서부산크라샤(당월)'!$U$87 -> 0 | R18: =Q18-P18 -> 0 | T18: =+'[7]서부산크라샤(당월)'!$R$87 -> 0 | U18: =T18-S18 -> 0 | V18: =+G18+J18+M18+P18+S18 -> 169849.64 | W18: =+H18+K18+N18+Q18+T18 -> 93350.379 | X18: =W18-V18 -> -76499.266 | Y18: =+IFERROR(HLOOKUP($A$1,[15]손익!$G$5:$R$147,115,),) -> -53630.715 | Z18: =+'[7]부산크라샤(당월)'!$F$87 -> -29278.31 | AA18: =Z18-Y18 -> 24352.405 | AB18: =+IFERROR(HLOOKUP($A$1,[15]손익!$G$5:$R$147,117,),) -> -53101.94 | AC18: =+'[7]부산크라샤(당월)'!$I$87 -> 3849.6913 | AD18: =AC18-AB18 -> 56951.631 | AE18: =+IFERROR(HLOOKUP($A$1,[15]손익!$G$5:$R$147,119,),) -> 0 | AF18: =+'[7]부산크라샤(당월)'!$L$87 -> 0 | AG18: =AF18-AE18 -> 0 | AH18: =+Y18+AB18+AE18 -> -106732.65 | AI18: =+Z18+AC18+AF18 -> -25428.618 | AJ18: =AI18-AH18 -> 81304.036 | AK18: =+IFERROR(HLOOKUP($A$1,[16]판매계획!$G$42:$S$72,25,),) -> 77095.899 | AL18: =+'[17]부산모래장(손익)'!$E$55/1000 -> 2510.472 | AM18: =AL18-AK18 -> -74585.427 | AN18: =+IFERROR(HLOOKUP($A$1,[16]판매계획!$G$42:$S$72,26,),) -> 151487.46 | AO18: =+IFERROR(HLOOKUP($AN$6,'[17]부산모래장(손익)'!$C$35:$K$100,21,),)/1000 -> -11550.691 | AP18: =AO18-AN18 -> -163038.15 | AQ18: =AK18+AN18 -> 228583.36 | AR18: =AL18+AO18 -> -9040.2188 | AS18: =AR18-AQ18 -> -237623.58 | AT18: =+V18+AH18+AQ18 -> 291700.35 | AU18: =+W18+AI18+AR18 -> 58881.542 | AV18: =AU18-AT18 -> -232818.81 | AX18: =+AX17=AT17 -> TRUE | AY18: =+AY17=AU17 -> FALSE
F19: 외부판매 | G19: =+IFERROR(HLOOKUP($A$1,[14]손익!$G$5:$R$132,116,),) -> 30561.169 | H19: =+'[7]서부산크라샤(당월)'!$F$86 -> 4465.2142 | I19: =H19-G19 -> -26095.955 | J19: =+IFERROR(HLOOKUP($A$1,[14]손익!$G$5:$R$132,118,),) -> 25366.978 | K19: =+'[7]서부산크라샤(당월)'!$I$86 -> 0 | L19: =K19-J19 -> -25366.978 | M19: =+IFERROR(HLOOKUP($A$1,[14]손익!$G$5:$R$132,120,),) -> 13045.874 | N19: =+'[7]서부산크라샤(당월)'!$L$86 -> -7761.5256 | O19: =N19-M19 -> -20807.4 | Q19: =+'[7]서부산크라샤(당월)'!$U$86 -> 189.15843 | R19: =Q19-P19 -> 189.15843 | T19: =+'[7]서부산크라샤(당월)'!$R$86 -> -754.93888 | U19: =T19-S19 -> -754.93888 | V19: =+G19+J19+M19+P19+S19 -> 68974.022 | W19: =+H19+K19+N19+Q19+T19 -> -3862.0918 | X19: =W19-V19 -> -72836.113 | Y19: =+IFERROR(HLOOKUP($A$1,[15]손익!$G$5:$R$147,116,),) -> -35276.921 | Z19: =+'[7]부산크라샤(당월)'!$F$86 -> -546.61258 | AA19: =Z19-Y19 -> 34730.309 | AB19: =+IFERROR(HLOOKUP($A$1,[15]손익!$G$5:$R$147,118,),) -> -42739.347 | AC19: =+'[7]부산크라샤(당월)'!$I$86 -> -3248.0687 | AD19: =AC19-AB19 -> 39491.278 | AE19: =+IFERROR(HLOOKUP($A$1,[15]손익!$G$5:$R$147,120,),) -> -12211.242 | AF19: =+'[7]부산크라샤(당월)'!$L$86 -> 0 | AG19: =AF19-AE19 -> 12211.242 | AH19: =+Y19+AB19+AE19 -> -90227.51 | AI19: =+Z19+AC19+AF19 -> -3794.6813 | AJ19: =AI19-AH19 -> 86432.829 | AK19: =+IFERROR(HLOOKUP($A$1,[16]판매계획!$G$42:$S$72,23,),) -> 1268.9587 | AL19: =+'[17]부산모래장(손익)'!$E$54/1000 -> 0 | AM19: =AL19-AK19 -> -1268.9587 | AN19: =+IFERROR(HLOOKUP($A$1,[16]판매계획!$G$42:$S$72,24,),) -> 2492.5974 | AO19: =+IFERROR(HLOOKUP($AN$6,'[17]부산모래장(손익)'!$C$35:$K$100,20,),)/1000 -> -9651.8672 | AP19: =AO19-AN19 -> -12144.465 | AQ19: =AK19+AN19 -> 3761.5561 | AR19: =AL19+AO19 -> -9651.8672 | AS19: =AR19-AQ19 -> -13413.423 | AT19: =+V19+AH19+AQ19 -> -17491.933 | AU19: =+W19+AI19+AR19 -> -17308.64 | AV19: =AU19-AT19 -> 183.29259
F20: (소계) | G20: =G18+G19 -> 116091.2 | H20: =H18+H19 -> 65297.744 | I20: =H20-G20 -> -50793.458 | J20: =J18+J19 -> 109686.59 | K20: =K18+K19 -> 32517.849 | L20: =K20-J20 -> -77168.741 | M20: =M18+M19 -> 13045.874 | N20: =N18+N19 -> -7761.5256 | O20: =N20-M20 -> -20807.4 | Q20: =Q18+Q19 -> 189.15843 | R20: =Q20-P20 -> 189.15843 | T20: =T18+T19 -> -754.93888 | U20: =T20-S20 -> -754.93888 | V20: =V18+V19 -> 238823.67 | W20: =W18+W19 -> 89488.287 | X20: =W20-V20 -> -149335.38 | Y20: =Y18+Y19 -> -88907.636 | Z20: =Z18+Z19 -> -29824.922 | AA20: =Z20-Y20 -> 59082.714 | AB20: =AB18+AB19 -> -95841.287 | AC20: =AC18+AC19 -> 601.62258 | AD20: =AC20-AB20 -> 96442.91 | AE20: =AE18+AE19 -> -12211.242 | AF20: =AF18+AF19 -> 0 | AG20: =AF20-AE20 -> 12211.242 | AH20: =AH18+AH19 -> -196960.17 | AI20: =AI18+AI19 -> -29223.3 | AJ20: =AI20-AH20 -> 167736.87 | AK20: =AK18+AK19 -> 78364.857 | AL20: =AL18+AL19 -> 2510.472 | AM20: =AL20-AK20 -> -75854.385 | AN20: =AN18+AN19 -> 153980.06 | AO20: =AO18+AO19 -> -21202.558 | AP20: =AO20-AN20 -> -175182.62 | AQ20: =AQ18+AQ19 -> 232344.92 | AR20: =AR18+AR19 -> -18692.086 | AS20: =AR20-AQ20 -> -251037 | AT20: =AT18+AT19 -> 274208.42 | AU20: =AU18+AU19 -> 41572.901 | AV20: =AU20-AT20 -> -232635.52 | AX20: =+'사업장별(당월)'!T32*1000 -> 274208.42 | AY20: ='사업장별(당월)'!U32*1000 -> 57306.559
E21: 자가이송 | F21: 부산 | G21: =+IFERROR(HLOOKUP($A$1,[14]물량!$G$5:$R$83,2,),) -> 11160.626 | H21: =+'[7]서부산크라샤(당월)'!$F$60 -> 1296 | I21: =H21-G21 -> -9864.6264 | J21: =+IFERROR(HLOOKUP($A$1,[14]물량!$G$5:$R$83,10,),) -> 8108.1 | K21: =+'[7]서부산크라샤(당월)'!$I$60 -> 432 | L21: =K21-J21 -> -7676.1 | N21: =+'[7]서부산크라샤(당월)'!$L$60 -> 0 | O21: =N21-M21 -> 0 | Q21: =+'[7]서부산크라샤(당월)'!$U$60 -> 0 | R21: =Q21-P21 -> 0 | T21: =+'[7]서부산크라샤(당월)'!$R$60 -> 0 | U21: =T21-S21 -> 0 | V21: =+G21+J21+M21+P21+S21 -> 19268.726 | W21: =+H21+K21+N21+Q21+T21 -> 1728 | X21: =W21-V21 -> -17540.726 | Y21: =+IFERROR(HLOOKUP($A$1,[15]물량!$G$5:$R$97,2,),) -> 0.1 | Z21: =+'[7]부산크라샤(당월)'!$F$60 -> 7000 | AA21: =Z21-Y21 -> 6999.9 | AB21: =+IFERROR(HLOOKUP($A$1,[15]물량!$G$5:$R$97,10,),) -> 0 | AC21: =+'[7]부산크라샤(당월)'!$I$60 -> 6000 | AD21: =AC21-AB21 -> 6000 | AF21: =+'[7]부산크라샤(당월)'!$L$60 -> 0 | AG21: =AF21-AE21 -> 0 | AH21: =+Y21+AB21+AE21 -> 0.1 | AI21: =+Z21+AC21+AF21 -> 13000 | AJ21: =AI21-AH21 -> 12999.9 | AK21: =+IFERROR(HLOOKUP($A$1,[16]이송계획!$G$6:$R$318,2,),) -> 264.33566 | AL21: =+'[17]부산모래장(손익)'!$P$38 -> (주)동양건재부문_EJ1_부산레미콘 | AM21: =AL21-AK21 -> #VALUE! | AN21: =+IFERROR(HLOOKUP($A$1,[16]이송계획!$G$6:$R$318,9,),) -> 4361.5385 | AO21: =+'[17]부산모래장(손익)'!$O$38 -> 부산 | AP21: =AO21-AN21 -> #VALUE! | AQ21: =AK21+AN21 -> 4625.8741 | AR21: =AL21+AO21 -> #VALUE! | AS21: =AR21-AQ21 -> #VALUE! | AT21: =+V21+AH21+AQ21 -> 23894.701 | AU21: =+W21+AI21+AR21 -> #VALUE! | AV21: =AU21-AT21 -> #VALUE! | AX21: =+AX20=AT20 -> TRUE | AY21: =+AY20=AU20 -> FALSE
E22: 물량 | F22: 서부산 | G22: =+IFERROR(HLOOKUP($A$1,[14]물량!$G$5:$R$83,3,),) -> 11988.467 | H22: =+'[7]서부산크라샤(당월)'!$F$61 -> 9400 | I22: =H22-G22 -> -2588.4667 | J22: =+IFERROR(HLOOKUP($A$1,[14]물량!$G$5:$R$83,11,),) -> 7782 | K22: =+'[7]서부산크라샤(당월)'!$I$61 -> 3400 | L22: =K22-J22 -> -4382 | N22: =+'[7]서부산크라샤(당월)'!$L$61 -> 0 | O22: =N22-M22 -> 0 | Q22: =+'[7]서부산크라샤(당월)'!$U$61 -> 0 | R22: =Q22-P22 -> 0 | T22: =+'[7]서부산크라샤(당월)'!$R$61 -> 0 | U22: =T22-S22 -> 0 | V22: =+G22+J22+M22+P22+S22 -> 19770.467 | W22: =+H22+K22+N22+Q22+T22 -> 12800 | X22: =W22-V22 -> -6970.4667 | Y22: =+IFERROR(HLOOKUP($A$1,[15]물량!$G$5:$R$97,3,),) -> 0 | Z22: =+'[7]부산크라샤(당월)'!$F$61 -> 0 | AA22: =Z22-Y22 -> 0 | AB22: =+IFERROR(HLOOKUP($A$1,[15]물량!$G$5:$R$97,11,),) -> 0 | AC22: =+'[7]부산크라샤(당월)'!$I$61 -> 1600 | AD22: =AC22-AB22 -> 1600 | AF22: =+'[7]부산크라샤(당월)'!$L$61 -> 0 | AG22: =AF22-AE22 -> 0 | AH22: =+Y22+AB22+AE22 -> 0 | AI22: =+Z22+AC22+AF22 -> 1600 | AJ22: =AI22-AH22 -> 1600 | AK22: =+IFERROR(HLOOKUP($A$1,[16]이송계획!$G$6:$R$318,3,),) -> 0 | AL22: =+'[17]부산모래장(손익)'!$P$39 -> (주)동양건재부문_EK1_서부산레미콘 | AM22: =AL22-AK22 -> #VALUE! | AN22: =+IFERROR(HLOOKUP($A$1,[16]이송계획!$G$6:$R$318,10,),) -> 0 | AO22: =+'[17]부산모래장(손익)'!$O$39 -> 서부산 | AP22: =AO22-AN22 -> #VALUE! | AQ22: =AK22+AN22 -> 0 | AR22: =AL22+AO22 -> #VALUE! | AS22: =AR22-AQ22 -> #VALUE! | AT22: =+V22+AH22+AQ22 -> 19770.467 | AU22: =+W22+AI22+AR22 -> #VALUE! | AV22: =AU22-AT22 -> #VALUE! | AX22: =+AT20-AX20 -> 0 | AY22: =+AU20-AY20 -> -15733.657
F23: 김해 | G23: =+IFERROR(HLOOKUP($A$1,[14]물량!$G$5:$R$83,4,),) -> 1540 | H23: =+'[7]서부산크라샤(당월)'!$F$62 -> 0 | I23: =H23-G23 -> -1540 | J23: =+IFERROR(HLOOKUP($A$1,[14]물량!$G$5:$R$83,12,),) -> 1330 | K23: =+'[7]서부산크라샤(당월)'!$I$62 -> 0 | L23: =K23-J23 -> -1330 | N23: =+'[7]서부산크라샤(당월)'!$L$62 -> 0 | O23: =N23-M23 -> 0 | Q23: =+'[7]서부산크라샤(당월)'!$U$62 -> 0 | R23: =Q23-P23 -> 0 | T23: =+'[7]서부산크라샤(당월)'!$R$62 -> 0 | U23: =T23-S23 -> 0 | V23: =+G23+J23+M23+P23+S23 -> 2870 | W23: =+H23+K23+N23+Q23+T23 -> 0 | X23: =W23-V23 -> -2870 | Y23: =+IFERROR(HLOOKUP($A$1,[15]물량!$G$5:$R$97,4,),) -> 0 | Z23: =+'[7]부산크라샤(당월)'!$F$62 -> 0 | AA23: =Z23-Y23 -> 0 | AB23: =+IFERROR(HLOOKUP($A$1,[15]물량!$G$5:$R$97,12,),) -> 0 | AC23: =+'[7]부산크라샤(당월)'!$I$62 -> 0 | AD23: =AC23-AB23 -> 0 | AF23: =+'[7]부산크라샤(당월)'!$L$62 -> 0 | AG23: =AF23-AE23 -> 0 | AH23: =+Y23+AB23+AE23 -> 0 | AI23: =+Z23+AC23+AF23 -> 0 | AJ23: =AI23-AH23 -> 0 | AK23: =+IFERROR(HLOOKUP($A$1,[16]이송계획!$G$6:$R$318,4,),) -> 0 | AL23: =+'[17]부산모래장(손익)'!$P$40 -> (주)동양건재부문_EL1_김해레미콘 | AM23: =AL23-AK23 -> #VALUE! | AN23: =+IFERROR(HLOOKUP($A$1,[16]이송계획!$G$6:$R$318,11,),) -> 1468.5315 | AO23: =+'[17]부산모래장(손익)'!$O$40 -> 김해 | AP23: =AO23-AN23 -> #VALUE! | AQ23: =AK23+AN23 -> 1468.5315 | AR23: =AL23+AO23 -> #VALUE! | AS23: =AR23-AQ23 -> #VALUE! | AT23: =+V23+AH23+AQ23 -> 4338.5315 | AU23: =+W23+AI23+AR23 -> #VALUE! | AV23: =AU23-AT23 -> #VALUE!
F24: 정관 | G24: =+IFERROR(HLOOKUP($A$1,[14]물량!$G$5:$R$83,5,),) -> 0 | H24: =+'[7]서부산크라샤(당월)'!$F$63 -> 0 | I24: =H24-G24 -> 0 | J24: =+IFERROR(HLOOKUP($A$1,[14]물량!$G$5:$R$83,13,),) -> 0 | K24: =+'[7]서부산크라샤(당월)'!$I$63 -> 0 | L24: =K24-J24 -> 0 | N24: =+'[7]서부산크라샤(당월)'!$L$63 -> 0 | O24: =N24-M24 -> 0 | Q24: =+'[7]서부산크라샤(당월)'!$U$63 -> 0 | R24: =Q24-P24 -> 0 | T24: =+'[7]서부산크라샤(당월)'!$R$63 -> 0 | U24: =T24-S24 -> 0 | V24: =+G24+J24+M24+P24+S24 -> 0 | W24: =+H24+K24+N24+Q24+T24 -> 0 | X24: =W24-V24 -> 0 | Y24: =+IFERROR(HLOOKUP($A$1,[15]물량!$G$5:$R$97,5,),) -> 0 | Z24: =+'[7]부산크라샤(당월)'!$F$63 -> 0 | AA24: =Z24-Y24 -> 0 | AB24: =+IFERROR(HLOOKUP($A$1,[15]물량!$G$5:$R$97,13,),) -> 0 | AC24: =+'[7]부산크라샤(당월)'!$I$63 -> 16 | AD24: =AC24-AB24 -> 16 | AF24: =+'[7]부산크라샤(당월)'!$L$63 -> 0 | AG24: =AF24-AE24 -> 0 | AH24: =+Y24+AB24+AE24 -> 0 | AI24: =+Z24+AC24+AF24 -> 16 | AJ24: =AI24-AH24 -> 16 | AK24: =+IFERROR(HLOOKUP($A$1,[16]이송계획!$G$6:$R$318,5,),) -> 4851.8228 | AL24: =+'[17]부산모래장(손익)'!$P$41 -> (주)동양건재부문_EM1_정관레미콘 | AM24: =AL24-AK24 -> #VALUE! | AN24: =+IFERROR(HLOOKUP($A$1,[16]이송계획!$G$6:$R$318,12,),) -> 0 | AO24: =+'[17]부산모래장(손익)'!$O$41 -> 정관 | AP24: =AO24-AN24 -> #VALUE! | AQ24: =AK24+AN24 -> 4851.8228 | AR24: =AL24+AO24 -> #VALUE! | AS24: =AR24-AQ24 -> #VALUE! | AT24: =+V24+AH24+AQ24 -> 4851.8228 | AU24: =+W24+AI24+AR24 -> #VALUE! | AV24: =AU24-AT24 -> #VALUE!
F25: 양산 | G25: =+IFERROR(HLOOKUP($A$1,[14]물량!$G$5:$R$83,6,),) -> 0 | H25: =+'[7]서부산크라샤(당월)'!$F$64 -> 0 | I25: =H25-G25 -> 0 | J25: =+IFERROR(HLOOKUP($A$1,[14]물량!$G$5:$R$83,14,),) -> 0 | K25: =+'[7]서부산크라샤(당월)'!$I$64 -> 0 | L25: =K25-J25 -> 0 | N25: =+'[7]서부산크라샤(당월)'!$L$64 -> 0 | O25: =N25-M25 -> 0 | Q25: =+'[7]서부산크라샤(당월)'!$U$64 -> 0 | R25: =Q25-P25 -> 0 | T25: =+'[7]서부산크라샤(당월)'!$R$64 -> 0 | U25: =T25-S25 -> 0 | V25: =+G25+J25+M25+P25+S25 -> 0 | W25: =+H25+K25+N25+Q25+T25 -> 0 | X25: =W25-V25 -> 0 | Y25: =+IFERROR(HLOOKUP($A$1,[15]물량!$G$5:$R$97,6,),) -> 0 | Z25: =+'[7]부산크라샤(당월)'!$F$64 -> 0 | AA25: =Z25-Y25 -> 0 | AB25: =+IFERROR(HLOOKUP($A$1,[15]물량!$G$5:$R$97,14,),) -> 0 | AC25: =+'[7]부산크라샤(당월)'!$I$64 -> 0 | AD25: =AC25-AB25 -> 0 | AF25: =+'[7]부산크라샤(당월)'!$L$64 -> 0 | AG25: =AF25-AE25 -> 0 | AH25: =+Y25+AB25+AE25 -> 0 | AI25: =+Z25+AC25+AF25 -> 0 | AJ25: =AI25-AH25 -> 0 | AK25: =+IFERROR(HLOOKUP($A$1,[16]이송계획!$G$6:$R$318,6,),) -> 0 | AL25: =+'[17]부산모래장(손익)'!$P$42 -> (주)동양건재부문_EN1_양산레미콘 | AM25: =AL25-AK25 -> #VALUE! | AN25: =+IFERROR(HLOOKUP($A$1,[16]이송계획!$G$6:$R$318,13,),) -> 0 | AO25: =+'[17]부산모래장(손익)'!$O$42 -> 양산 | AP25: =AO25-AN25 -> #VALUE! | AQ25: =AK25+AN25 -> 0 | AR25: =AL25+AO25 -> #VALUE! | AS25: =AR25-AQ25 -> #VALUE! | AT25: =+V25+AH25+AQ25 -> 0 | AU25: =+W25+AI25+AR25 -> #VALUE! | AV25: =AU25-AT25 -> #VALUE!
F26: 창원 | G26: =+IFERROR(HLOOKUP($A$1,[14]물량!$G$5:$R$83,7,),) -> 730.6 | H26: =+'[7]서부산크라샤(당월)'!$F$65 -> 0 | I26: =H26-G26 -> -730.6 | J26: =+IFERROR(HLOOKUP($A$1,[14]물량!$G$5:$R$83,15,),) -> 408.45161 | K26: =+'[7]서부산크라샤(당월)'!$I$65 -> 0 | L26: =K26-J26 -> -408.45161 | N26: =+'[7]서부산크라샤(당월)'!$L$65 -> 0 | O26: =N26-M26 -> 0 | Q26: =+'[7]서부산크라샤(당월)'!$U$65 -> 0 | R26: =Q26-P26 -> 0 | T26: =+'[7]서부산크라샤(당월)'!$R$65 -> 0 | U26: =T26-S26 -> 0 | V26: =+G26+J26+M26+P26+S26 -> 1139.0516 | W26: =+H26+K26+N26+Q26+T26 -> 0 | X26: =W26-V26 -> -1139.0516 | Y26: =+IFERROR(HLOOKUP($A$1,[15]물량!$G$5:$R$97,7,),) -> 0 | Z26: =+'[7]부산크라샤(당월)'!$F$65 -> 0 | AA26: =Z26-Y26 -> 0 | AB26: =+IFERROR(HLOOKUP($A$1,[15]물량!$G$5:$R$97,15,),) -> 0 | AC26: =+'[7]부산크라샤(당월)'!$I$65 -> 0 | AD26: =AC26-AB26 -> 0 | AF26: =+'[7]부산크라샤(당월)'!$L$65 -> 0 | AG26: =AF26-AE26 -> 0 | AH26: =+Y26+AB26+AE26 -> 0 | AI26: =+Z26+AC26+AF26 -> 0 | AJ26: =AI26-AH26 -> 0 | AK26: =+IFERROR(HLOOKUP($A$1,[16]이송계획!$G$6:$R$318,7,),) -> 0 | AL26: =+'[17]부산모래장(손익)'!$P$43 -> (주)동양건재부문_EH1_창원레미콘 | AM26: =AL26-AK26 -> #VALUE! | AN26: =+IFERROR(HLOOKUP($A$1,[16]이송계획!$G$6:$R$318,14,),) -> 0 | AO26: =+'[17]부산모래장(손익)'!$O$43 -> 창원 | AP26: =AO26-AN26 -> #VALUE! | AQ26: =AK26+AN26 -> 0 | AR26: =AL26+AO26 -> #VALUE! | AS26: =AR26-AQ26 -> #VALUE! | AT26: =+V26+AH26+AQ26 -> 1139.0516 | AU26: =+W26+AI26+AR26 -> #VALUE! | AV26: =AU26-AT26 -> #VALUE!
E27: 자가이송 | F27: 부산 | G27: =+IFERROR(HLOOKUP($A$1,[14]매출!$G$5:$R$170,2,),) -> 12500 | H27: =IFERROR(H35/H21,)*1000 -> 0 | I27: =H27-G27 -> -12500 | J27: =+IFERROR(HLOOKUP($A$1,[14]매출!$G$5:$R$170,10,),) -> 18500 | K27: =IFERROR(K35/K21,)*1000 -> 0 | L27: =K27-J27 -> -18500 | N27: =IFERROR(N35/N21,)*1000 -> 0 | O27: =N27-M27 -> 0 | Q27: =IFERROR(Q35/Q21,)*1000 -> 0 | R27: =Q27-P27 -> 0 | T27: =IFERROR(T35/T21,)*1000 -> 0 | U27: =T27-S27 -> 0 | V27: =+IFERROR(HLOOKUP($A$1,[14]매출!$G$5:$R$170,50,),) -> 15024.744 | W27: =IFERROR(W35/W21,)*1000 -> 0 | X27: =W27-V27 -> -15024.744 | Y27: =+IFERROR(HLOOKUP($A$1,[15]매출!$G$5:$R$164,2,),) -> 0 | Z27: =IFERROR(Z35/Z21,)*1000 -> 17500 | AA27: =Z27-Y27 -> 17500 | AB27: =+IFERROR(HLOOKUP($A$1,[15]매출!$G$5:$R$164,10,),) -> 0 | AC27: =IFERROR(AC35/AC21,)*1000 -> 23500 | AD27: =AC27-AB27 -> 23500 | AF27: =IFERROR(AF35/AF21,)*1000 -> 0 | AG27: =AF27-AE27 -> 0 | AH27: =+IFERROR(HLOOKUP($A$1,[15]매출!$G$5:$R$164,50,),) -> 0 | AI27: =+Z27+AC27+AF27 -> 41000 | AJ27: =AI27-AH27 -> 41000 | AK27: =+IFERROR(HLOOKUP($A$1,[16]이송계획!$G$6:$R$318,34,),) -> 38000 | AL27: =+'[17]부산모래장(손익)'!$P$46 -> 0 | AM27: =AL27-AK27 -> -38000 | AN27: =+IFERROR(HLOOKUP($A$1,[16]이송계획!$G$6:$R$318,41,),) -> 30500 | AO27: =+IFERROR(INDEX('[17]부산모래장(손익)'!$O$46:$S$51,MATCH($F27,'[17]부산모래장(손익)'!$M$46:$M$51,),MATCH($AN$6,'[17]부산모래장(손익)'!$O$37:$S$37,)),) -> 0 | AP27: =AO27-AN27 -> -30500 | AQ27: =IFERROR(AQ35/AQ21,)*1000 -> 2171.4286 | AR27: =IFERROR(AR35/AR21,)*1000 -> 0 | AS27: =AR27-AQ27 -> -2171.4286 | AT27: =IFERROR(AT35/AT21,)*1000 -> 12536.354 | AU27: =IFERROR(AU35/AU21,)*1000 -> 0 | AV27: =AU27-AT27 -> -12536.354
E28: 단가 | F28: 서부산 | G28: =+IFERROR(HLOOKUP($A$1,[14]매출!$G$5:$R$170,3,),) -> 16000 | H28: =IFERROR(H36/H22,)*1000 -> 0 | I28: =H28-G28 -> -16000 | J28: =+IFERROR(HLOOKUP($A$1,[14]매출!$G$5:$R$170,11,),) -> 22000 | K28: =IFERROR(K36/K22,)*1000 -> 0 | L28: =K28-J28 -> -22000 | N28: =IFERROR(N36/N22,)*1000 -> 0 | O28: =N28-M28 -> 0 | Q28: =IFERROR(Q36/Q22,)*1000 -> 0 | R28: =Q28-P28 -> 0 | T28: =IFERROR(T36/T22,)*1000 -> 0 | U28: =T28-S28 -> 0 | V28: =+IFERROR(HLOOKUP($A$1,[14]매출!$G$5:$R$170,51,),) -> 18361.704 | W28: =IFERROR(W36/W22,)*1000 -> 0 | X28: =W28-V28 -> -18361.704 | Y28: =+IFERROR(HLOOKUP($A$1,[15]매출!$G$5:$R$164,3,),) -> 0 | Z28: =IFERROR(Z36/Z22,)*1000 -> 0 | AA28: =Z28-Y28 -> 0 | AB28: =+IFERROR(HLOOKUP($A$1,[15]매출!$G$5:$R$164,11,),) -> 0 | AC28: =IFERROR(AC36/AC22,)*1000 -> 18000 | AD28: =AC28-AB28 -> 18000 | AF28: =IFERROR(AF36/AF22,)*1000 -> 0 | AG28: =AF28-AE28 -> 0 | AH28: =+IFERROR(HLOOKUP($A$1,[15]매출!$G$5:$R$164,51,),) -> 0 | AI28: =+Z28+AC28+AF28 -> 18000 | AJ28: =AI28-AH28 -> 18000 | AK28: =+IFERROR(HLOOKUP($A$1,[16]이송계획!$G$6:$R$318,35,),) -> 0 | AL28: =+'[17]부산모래장(손익)'!$P$47 -> 0 | AM28: =AL28-AK28 -> 0 | AN28: =+IFERROR(HLOOKUP($A$1,[16]이송계획!$G$6:$R$318,42,),) -> 26500 | AO28: =+IFERROR(INDEX('[17]부산모래장(손익)'!$O$46:$S$51,MATCH($F28,'[17]부산모래장(손익)'!$M$46:$M$51,),MATCH($AN$6,'[17]부산모래장(손익)'!$O$37:$S$37,)),) -> 0 | AP28: =AO28-AN28 -> -26500 | AQ28: =IFERROR(AQ36/AQ22,)*1000 -> 0 | AR28: =IFERROR(AR36/AR22,)*1000 -> 0 | AS28: =AR28-AQ28 -> 0 | AT28: =IFERROR(AT36/AT22,)*1000 -> 27336.335 | AU28: =IFERROR(AU36/AU22,)*1000 -> 0 | AV28: =AU28-AT28 -> -27336.335
F29: 김해 | G29: =+IFERROR(HLOOKUP($A$1,[14]매출!$G$5:$R$170,4,),) -> 10000 | H29: =IFERROR(H37/H23,)*1000 -> 0 | I29: =H29-G29 -> -10000 | J29: =+IFERROR(HLOOKUP($A$1,[14]매출!$G$5:$R$170,12,),) -> 16000 | K29: =IFERROR(K37/K23,)*1000 -> 0 | L29: =K29-J29 -> -16000 | N29: =IFERROR(N37/N23,)*1000 -> 0 | O29: =N29-M29 -> 0 | Q29: =IFERROR(Q37/Q23,)*1000 -> 0 | R29: =Q29-P29 -> 0 | T29: =IFERROR(T37/T23,)*1000 -> 0 | U29: =T29-S29 -> 0 | V29: =+IFERROR(HLOOKUP($A$1,[14]매출!$G$5:$R$170,52,),) -> 12780.488 | W29: =IFERROR(W37/W23,)*1000 -> 0 | X29: =W29-V29 -> -12780.488 | Y29: =+IFERROR(HLOOKUP($A$1,[15]매출!$G$5:$R$164,4,),) -> 0 | Z29: =IFERROR(Z37/Z23,)*1000 -> 0 | AA29: =Z29-Y29 -> 0 | AB29: =+IFERROR(HLOOKUP($A$1,[15]매출!$G$5:$R$164,12,),) -> 0 | AC29: =IFERROR(AC37/AC23,)*1000 -> 0 | AD29: =AC29-AB29 -> 0 | AF29: =IFERROR(AF37/AF23,)*1000 -> 0 | AG29: =AF29-AE29 -> 0 | AH29: =+IFERROR(HLOOKUP($A$1,[15]매출!$G$5:$R$164,52,),) -> 0 | AI29: =+Z29+AC29+AF29 -> 0 | AJ29: =AI29-AH29 -> 0 | AK29: =+IFERROR(HLOOKUP($A$1,[16]이송계획!$G$6:$R$318,36,),) -> 0 | AL29: =+'[17]부산모래장(손익)'!$P$48 -> 0 | AM29: =AL29-AK29 -> 0 | AN29: =+IFERROR(HLOOKUP($A$1,[16]이송계획!$G$6:$R$318,43,),) -> 26000 | AO29: =+IFERROR(INDEX('[17]부산모래장(손익)'!$O$46:$S$51,MATCH($F29,'[17]부산모래장(손익)'!$M$46:$M$51,),MATCH($AN$6,'[17]부산모래장(손익)'!$O$37:$S$37,)),) -> 0 | AP29: =AO29-AN29 -> -26000 | AQ29: =IFERROR(AQ37/AQ23,)*1000 -> 90585 | AR29: =IFERROR(AR37/AR23,)*1000 -> 0 | AS29: =AR29-AQ29 -> -90585 | AT29: =IFERROR(AT37/AT23,)*1000 -> 39116.213 | AU29: =IFERROR(AU37/AU23,)*1000 -> 0 | AV29: =AU29-AT29 -> -39116.213
F30: 정관 | G30: =+IFERROR(HLOOKUP($A$1,[14]매출!$G$5:$R$170,5,),) -> 0 | H30: =IFERROR(H38/H24,)*1000 -> 0 | I30: =H30-G30 -> 0 | J30: =+IFERROR(HLOOKUP($A$1,[14]매출!$G$5:$R$170,13,),) -> 0 | K30: =IFERROR(K38/K24,)*1000 -> 0 | L30: =K30-J30 -> 0 | N30: =IFERROR(N38/N24,)*1000 -> 0 | O30: =N30-M30 -> 0 | Q30: =IFERROR(Q38/Q24,)*1000 -> 0 | R30: =Q30-P30 -> 0 | T30: =IFERROR(T38/T24,)*1000 -> 0 | U30: =T30-S30 -> 0 | V30: =+IFERROR(HLOOKUP($A$1,[14]매출!$G$5:$R$170,53,),) -> 0 | W30: =IFERROR(W38/W24,)*1000 -> 0 | X30: =W30-V30 -> 0 | Y30: =+IFERROR(HLOOKUP($A$1,[15]매출!$G$5:$R$164,5,),) -> 0 | Z30: =IFERROR(Z38/Z24,)*1000 -> 0 | AA30: =Z30-Y30 -> 0 | AB30: =+IFERROR(HLOOKUP($A$1,[15]매출!$G$5:$R$164,13,),) -> 0 | AC30: =IFERROR(AC38/AC24,)*1000 -> 18000 | AD30: =AC30-AB30 -> 18000 | AF30: =IFERROR(AF38/AF24,)*1000 -> 0 | AG30: =AF30-AE30 -> 0 | AH30: =+IFERROR(HLOOKUP($A$1,[15]매출!$G$5:$R$164,53,),) -> 0 | AI30: =+Z30+AC30+AF30 -> 18000 | AJ30: =AI30-AH30 -> 18000 | AK30: =+IFERROR(HLOOKUP($A$1,[16]이송계획!$G$6:$R$318,37,),) -> 34500 | AL30: =+'[17]부산모래장(손익)'!$P$49 -> 0 | AM30: =AL30-AK30 -> -34500 | AN30: =+IFERROR(HLOOKUP($A$1,[16]이송계획!$G$6:$R$318,44,),) -> 26000 | AO30: =+IFERROR(INDEX('[17]부산모래장(손익)'!$O$46:$S$51,MATCH($F30,'[17]부산모래장(손익)'!$M$46:$M$51,),MATCH($AN$6,'[17]부산모래장(손익)'!$O$37:$S$37,)),) -> 0 | AP30: =AO30-AN30 -> -26000 | AQ30: =IFERROR(AQ38/AQ24,)*1000 -> 34500 | AR30: =IFERROR(AR38/AR24,)*1000 -> 0 | AS30: =AR30-AQ30 -> -34500 | AT30: =IFERROR(AT38/AT24,)*1000 -> 34500 | AU30: =IFERROR(AU38/AU24,)*1000 -> 0 | AV30: =AU30-AT30 -> -34500
F31: 양산 | G31: =+IFERROR(HLOOKUP($A$1,[14]매출!$G$5:$R$170,6,),) -> 0 | H31: =IFERROR(H39/H25,)*1000 -> 0 | I31: =H31-G31 -> 0 | J31: =+IFERROR(HLOOKUP($A$1,[14]매출!$G$5:$R$170,14,),) -> 0 | K31: =IFERROR(K39/K25,)*1000 -> 0 | L31: =K31-J31 -> 0 | N31: =IFERROR(N39/N25,)*1000 -> 0 | O31: =N31-M31 -> 0 | Q31: =IFERROR(Q39/Q25,)*1000 -> 0 | R31: =Q31-P31 -> 0 | T31: =IFERROR(T39/T25,)*1000 -> 0 | U31: =T31-S31 -> 0 | V31: =+IFERROR(HLOOKUP($A$1,[14]매출!$G$5:$R$170,54,),) -> 0 | W31: =IFERROR(W39/W25,)*1000 -> 0 | X31: =W31-V31 -> 0 | Y31: =+IFERROR(HLOOKUP($A$1,[15]매출!$G$5:$R$164,6,),) -> 0 | Z31: =IFERROR(Z39/Z25,)*1000 -> 0 | AA31: =Z31-Y31 -> 0 | AB31: =+IFERROR(HLOOKUP($A$1,[15]매출!$G$5:$R$164,14,),) -> 0 | AC31: =IFERROR(AC39/AC25,)*1000 -> 0 | AD31: =AC31-AB31 -> 0 | AF31: =IFERROR(AF39/AF25,)*1000 -> 0 | AG31: =AF31-AE31 -> 0 | AH31: =+IFERROR(HLOOKUP($A$1,[15]매출!$G$5:$R$164,54,),) -> 0 | AI31: =+Z31+AC31+AF31 -> 0 | AJ31: =AI31-AH31 -> 0 | AK31: =+IFERROR(HLOOKUP($A$1,[16]이송계획!$G$6:$R$318,38,),) -> 0 | AL31: =+'[17]부산모래장(손익)'!$P$50 -> 0 | AM31: =AL31-AK31 -> 0 | AN31: =+IFERROR(HLOOKUP($A$1,[16]이송계획!$G$6:$R$318,45,),) -> 26000 | AO31: =+IFERROR(INDEX('[17]부산모래장(손익)'!$O$46:$S$51,MATCH($F31,'[17]부산모래장(손익)'!$M$46:$M$51,),MATCH($AN$6,'[17]부산모래장(손익)'!$O$37:$S$37,)),) -> 0 | AP31: =AO31-AN31 -> -26000 | AQ31: =IFERROR(AQ39/AQ25,)*1000 -> 0 | AR31: =IFERROR(AR39/AR25,)*1000 -> 0 | AS31: =AR31-AQ31 -> 0 | AT31: =IFERROR(AT39/AT25,)*1000 -> 0 | AU31: =IFERROR(AU39/AU25,)*1000 -> 0 | AV31: =AU31-AT31 -> 0
F32: 창원 | G32: =+IFERROR(HLOOKUP($A$1,[14]매출!$G$5:$R$170,7,),) -> 10000 | H32: =IFERROR(H40/H26,)*1000 -> 0 | I32: =H32-G32 -> -10000 | J32: =+IFERROR(HLOOKUP($A$1,[14]매출!$G$5:$R$170,15,),) -> 16000 | K32: =IFERROR(K40/K26,)*1000 -> 0 | L32: =K32-J32 -> -16000 | N32: =IFERROR(N40/N26,)*1000 -> 0 | O32: =N32-M32 -> 0 | Q32: =IFERROR(Q40/Q26,)*1000 -> 0 | R32: =Q32-P32 -> 0 | T32: =IFERROR(T40/T26,)*1000 -> 0 | U32: =T32-S32 -> 0 | V32: =+IFERROR(HLOOKUP($A$1,[14]매출!$G$5:$R$170,55,),) -> 12151.535 | W32: =IFERROR(W40/W26,)*1000 -> 0 | X32: =W32-V32 -> -12151.535 | Y32: =+IFERROR(HLOOKUP($A$1,[15]매출!$G$5:$R$164,7,),) -> 0 | Z32: =IFERROR(Z40/Z26,)*1000 -> 0 | AA32: =Z32-Y32 -> 0 | AB32: =+IFERROR(HLOOKUP($A$1,[15]매출!$G$5:$R$164,15,),) -> 0 | AC32: =IFERROR(AC40/AC26,)*1000 -> 0 | AD32: =AC32-AB32 -> 0 | AF32: =IFERROR(AF40/AF26,)*1000 -> 0 | AG32: =AF32-AE32 -> 0 | AH32: =+IFERROR(HLOOKUP($A$1,[15]매출!$G$5:$R$164,55,),) -> 0 | AI32: =+Z32+AC32+AF32 -> 0 | AJ32: =AI32-AH32 -> 0 | AK32: =+IFERROR(HLOOKUP($A$1,[16]이송계획!$G$6:$R$318,39,),) -> 0 | AL32: =+'[17]부산모래장(손익)'!$P$51 -> 0 | AM32: =AL32-AK32 -> 0 | AN32: =+IFERROR(HLOOKUP($A$1,[16]이송계획!$G$6:$R$318,46,),) -> 0 | AO32: =+IFERROR(INDEX('[17]부산모래장(손익)'!$O$46:$S$51,MATCH($F32,'[17]부산모래장(손익)'!$M$46:$M$51,),MATCH($AN$6,'[17]부산모래장(손익)'!$O$37:$S$37,)),) -> 0 | AP32: =AO32-AN32 -> 0 | AQ32: =IFERROR(AQ40/AQ26,)*1000 -> 0 | AR32: =IFERROR(AR40/AR26,)*1000 -> 0 | AS32: =AR32-AQ32 -> 0 | AT32: =IFERROR(AT40/AT26,)*1000 -> 12151.535 | AU32: =IFERROR(AU40/AU26,)*1000 -> 0 | AV32: =AU32-AT32 -> -12151.535
E35: 자가이송 | F35: 부산 | G35: =+IFERROR(HLOOKUP($A$1,[14]매출!$G$5:$R$149,58,),) -> 139507.83 | H35: =+IFERROR(VLOOKUP($F35,'[17]서부산(손익)'!$O$16:$X$29,3,),)/1000 -> 0 | I35: =+H35-G35 -> -139507.83 | J35: =+IFERROR(HLOOKUP($A$1,[14]매출!$G$5:$R$149,66,),) -> 149999.85 | K35: =+IFERROR(VLOOKUP($F35,'[17]서부산(손익)'!$O$16:$X$29,4,),)/1000 -> 0 | L35: =+K35-J35 -> -149999.85 | O35: =+N35-M35 -> 0 | V35: =SUM(G35,J35,M35) -> 289507.68 | W35: =SUM(H35,K35,N35) -> 0 | X35: =+W35-V35 -> -289507.68 | Y35: =+IFERROR(HLOOKUP($A$1,[15]매출!$G$5:$R$170,58,),) -> 0 | Z35: =+IFERROR(VLOOKUP($F35,'[17]부산크라샤(손익)'!$L$16:$R$29,3,),)/1000 -> 122500 | AA35: =+Z35-Y35 -> 122500 | AB35: =+IFERROR(HLOOKUP($A$1,[15]매출!$G$5:$R$170,66,),) -> 0 | AC35: =+IFERROR(VLOOKUP($F35,'[17]부산크라샤(손익)'!$L$16:$R$29,4,),)/1000 -> 141000 | AD35: =+AC35-AB35 -> 141000 | AG35: =+AF35-AE35 -> 0 | AH35: =SUM(Y35,AB35) -> 0 | AI35: =SUM(Z35,AC35) -> 263500 | AJ35: =+AI35-AH35 -> 263500 | AK35: =+IFERROR(HLOOKUP($A$1,[16]이송계획!$G$70:$R$100,2,),) -> 10044.755 | AL35: =+'[17]부산모래장(손익)'!$P16/1000 -> #VALUE! | AN35: =+IFERROR(HLOOKUP($A$1,[16]이송계획!$G$70:$R$100,9,),) -> 0 | AO35: =+IFERROR(INDEX('[17]부산모래장(손익)'!$O$16:$S$21,MATCH($F35,'[17]부산모래장(손익)'!$M$16:$M$21,),MATCH($AN$6,'[17]부산모래장(손익)'!$O$15:$S$15,)),)/1000 -> 0 | AQ35: =+AK35+AN35 -> 10044.755 | AR35: =+AL35+AO35 -> #VALUE! | AT35: =+V35+AH35+AQ35 -> 299552.44 | AU35: =+W35+AI35+AR35 -> #VALUE! | AV35: =+AU35-AT35 -> #VALUE! | AX35: =+IFERROR(INDEX('[17]부산모래장(손익)'!$O$16:$U$21,MATCH($F35,'[17]부산모래장(손익)'!$M$16:$M$21,),MATCH($AL$2,'[17]부산모래장(손익)'!$O$15:$S$15,)),) -> 0
E36: 매출액 | F36: 서부산 | G36: =+IFERROR(HLOOKUP($A$1,[14]매출!$G$5:$R$149,59,),) -> 191815.47 | H36: =+IFERROR(VLOOKUP($F36,'[17]서부산(손익)'!$O$16:$X$29,3,),)/1000 -> 0 | I36: =+H36-G36 -> -191815.47 | J36: =+IFERROR(HLOOKUP($A$1,[14]매출!$G$5:$R$149,67,),) -> 171204 | K36: =+IFERROR(VLOOKUP($F36,'[17]서부산(손익)'!$O$16:$X$29,4,),)/1000 -> 0 | L36: =+K36-J36 -> -171204 | O36: =+N36-M36 -> 0 | V36: =SUM(G36,J36,M36) -> 363019.47 | W36: =SUM(H36,K36,N36) -> 0 | X36: =+W36-V36 -> -363019.47 | Y36: =+IFERROR(HLOOKUP($A$1,[15]매출!$G$5:$R$170,59,),) -> 0 | Z36: =+IFERROR(VLOOKUP($F36,'[17]부산크라샤(손익)'!$L$16:$R$29,3,),)/1000 -> 0 | AA36: =+Z36-Y36 -> 0 | AB36: =+IFERROR(HLOOKUP($A$1,[15]매출!$G$5:$R$170,67,),) -> 0 | AC36: =+IFERROR(VLOOKUP($F36,'[17]부산크라샤(손익)'!$L$16:$R$29,4,),)/1000 -> 28800 | AD36: =+AC36-AB36 -> 28800 | AG36: =+AF36-AE36 -> 0 | AH36: =SUM(Y36,AB36) -> 0 | AI36: =SUM(Z36,AC36) -> 28800 | AJ36: =+AI36-AH36 -> 28800 | AK36: =+IFERROR(HLOOKUP($A$1,[16]이송계획!$G$70:$R$100,3,),) -> 0 | AL36: =+'[17]부산모래장(손익)'!$P17/1000 -> #VALUE! | AN36: =+IFERROR(HLOOKUP($A$1,[16]이송계획!$G$70:$R$100,10,),) -> 177432.64 | AO36: =+IFERROR(INDEX('[17]부산모래장(손익)'!$O$16:$S$21,MATCH($F36,'[17]부산모래장(손익)'!$M$16:$M$21,),MATCH($AN$6,'[17]부산모래장(손익)'!$O$15:$S$15,)),)/1000 -> 0 | AQ36: =+AK36+AN36 -> 177432.64 | AR36: =+AL36+AO36 -> #VALUE! | AT36: =+V36+AH36+AQ36 -> 540452.11 | AU36: =+W36+AI36+AR36 -> #VALUE! | AV36: =+AU36-AT36 -> #VALUE! | AX36: =+IFERROR(INDEX('[17]부산모래장(손익)'!$O$16:$U$21,MATCH($F36,'[17]부산모래장(손익)'!$M$16:$M$21,),MATCH($AL$2,'[17]부산모래장(손익)'!$O$15:$S$15,)),) -> 0
F37: 김해 | G37: =+IFERROR(HLOOKUP($A$1,[14]매출!$G$5:$R$149,60,),) -> 15400 | H37: =+IFERROR(VLOOKUP($F37,'[17]서부산(손익)'!$O$16:$X$29,3,),)/1000 -> 0 | I37: =+H37-G37 -> -15400 | J37: =+IFERROR(HLOOKUP($A$1,[14]매출!$G$5:$R$149,68,),) -> 21280 | K37: =+IFERROR(VLOOKUP($F37,'[17]서부산(손익)'!$O$16:$X$29,4,),)/1000 -> 0 | L37: =+K37-J37 -> -21280 | O37: =+N37-M37 -> 0 | V37: =SUM(G37,J37,M37) -> 36680 | W37: =SUM(H37,K37,N37) -> 0 | X37: =+W37-V37 -> -36680 | Y37: =+IFERROR(HLOOKUP($A$1,[15]매출!$G$5:$R$170,60,),) -> 0 | Z37: =+IFERROR(VLOOKUP($F37,'[17]부산크라샤(손익)'!$L$16:$R$29,3,),)/1000 -> 0 | AA37: =+Z37-Y37 -> 0 | AB37: =+IFERROR(HLOOKUP($A$1,[15]매출!$G$5:$R$170,68,),) -> 0 | AC37: =+IFERROR(VLOOKUP($F37,'[17]부산크라샤(손익)'!$L$16:$R$29,4,),)/1000 -> 0 | AD37: =+AC37-AB37 -> 0 | AG37: =+AF37-AE37 -> 0 | AH37: =SUM(Y37,AB37) -> 0 | AI37: =SUM(Z37,AC37) -> 0 | AJ37: =+AI37-AH37 -> 0 | AK37: =+IFERROR(HLOOKUP($A$1,[16]이송계획!$G$70:$R$100,4,),) -> 0 | AL37: =+'[17]부산모래장(손익)'!$P18/1000 -> #VALUE! | AN37: =+IFERROR(HLOOKUP($A$1,[16]이송계획!$G$70:$R$100,11,),) -> 133026.92 | AO37: =+IFERROR(INDEX('[17]부산모래장(손익)'!$O$16:$S$21,MATCH($F37,'[17]부산모래장(손익)'!$M$16:$M$21,),MATCH($AN$6,'[17]부산모래장(손익)'!$O$15:$S$15,)),)/1000 -> 0 | AQ37: =+AK37+AN37 -> 133026.92 | AR37: =+AL37+AO37 -> #VALUE! | AT37: =+V37+AH37+AQ37 -> 169706.92 | AU37: =+W37+AI37+AR37 -> #VALUE! | AV37: =+AU37-AT37 -> #VALUE! | AX37: =+IFERROR(INDEX('[17]부산모래장(손익)'!$O$16:$U$21,MATCH($F37,'[17]부산모래장(손익)'!$M$16:$M$21,),MATCH($AL$2,'[17]부산모래장(손익)'!$O$15:$S$15,)),) -> 0
