Workbook

Sheet 표지
A6: 2025년 5월 마감 손익
A24: 건재사업본부

Sheet 손익총괄
C3: □ 건재사업본부 손익실적(2025-05)
X4: [단위 : 천㎥, 톤, 원/㎥, 원/톤, 백만원]
C5: 구분 | E5: 5월 | J5: 5월 누계 | P5: 5월 주요지표
A6: 2024년 12월 마감 손익 | E6: 계획 | F6: 실적 | G6: 계획대비 | H6: 전년 | I6: 전년대비 | J6: 계획 | K6: 실적 | L6: 계획대비 | M6: 전년 | N6: 전년대비
A7: =+F7/E7 -> 0.83647332 | B7: =+K7/J7 -> 0.90830162 | C7: 물량 | D7: 레미콘 | E7: =+'[1]5월'!$Z$7/1000 -> 290.5 | F7: =+'[2]5월'!$Z$7/1000 -> 242.9955 | G7: =+F7-E7 -> -47.5045 | H7: =+'[3]5월'!$Z$7/1000 -> 347.129 | I7: =+F7-H7 -> -104.1335 | J7: =+'[1]5월누계'!$Z$7/1000 -> 1293 | K7: =+'[2]5월누계'!$Z$7/1000 -> 1174.434 | L7: =+K7-J7 -> -118.566 | M7: =+'[3]5월누계'!$Z$7/1000 -> 1473.095 | N7: =+K7-M7 -> -298.661 | Q7: □ 레미콘
D8: 철강재 | E8: =+'[1]5월'!$AA$7 -> 10700 | F8: =+'[2]5월'!$AO$7 -> 10256.286 | G8: =+F8-E8 -> -443.714 | H8: =+'[3]5월'!$AO$7 -> 9787.441 | I8: =+F8-H8 -> 468.845 | J8: =+'[1]5월누계'!$AA$7 -> 52000 | K8: =+'[2]5월누계'!$AO$7 -> 55602.746 | L8: =+K8-J8 -> 3602.746 | M8: =+'[3]5월누계'!$AO$7 -> 40097.987 | N8: =+K8-M8 -> 15504.759 | Q8: 구분 | S8: 계획 | T8: 실적 | U8: 계획대비 | V8: 전년 | W8: 전년대비
D9: 골재 | E9: =+'[1]5월'!$AE$7/1000 -> 115.73678 | F9: =+'[2]5월'!$AN$7/1000 -> 69.689 | G9: =+F9-E9 -> -46.047782 | H9: =+'[3]5월'!$AN$7/1000 -> 99.315 | I9: =+F9-H9 -> -29.626 | J9: =+'[1]5월누계'!$AE$7/1000 -> 444.19807 | K9: =+'[2]5월누계'!$AN$7/1000 -> 305.114 | L9: =+K9-J9 -> -139.08407 | M9: =+'[3]5월누계'!$AN$7/1000 -> 420.375 | N9: =+K9-M9 -> -115.261 | Q9: 물량 | R9: 수도권 | S9: =+[4]수도권!$T$5/1000 -> 105 | T9: =+[4]수도권!$U$5/1000 -> 85.7685 | U9: =+T9-S9 -> -19.2315 | V9: =+[5]수도권!$T$5/1000 -> 120.114 | W9: =+T9-V9 -> -34.3455
C10: 매출 | D10: 레미콘 | E10: =+'[1]5월'!$Z$8/1000 -> 29171.815 | F10: =+'[2]5월'!$Z$8/1000 -> 23799.928 | G10: =+F10-E10 -> -5371.8869 | H10: =+'[3]5월'!$Z$8/1000 -> 35125.944 | I10: =+F10-H10 -> -11326.016 | J10: =+'[1]5월누계'!$Z$8/1000 -> 129885.97 | K10: =+'[2]5월누계'!$Z$8/1000 -> 115938.49 | L10: =+K10-J10 -> -13947.481 | M10: =+'[3]5월누계'!$Z$8/1000 -> 149461.82 | N10: =+K10-M10 -> -33523.334 | R10: 영남권 | S10: =+[4]영남권!$T$5/1000 -> 127.5 | T10: =+[4]영남권!$U$5/1000 -> 106.883 | U10: =+T10-S10 -> -20.617 | V10: =+[5]영남권!$T$5/1000 -> 158.134 | W10: =+T10-V10 -> -51.251
D11: 건자재 | E11: =+'[1]5월'!$AA$8/1000 -> 11710.568 | F11: =+'[2]5월'!$AO$8/1000 -> 10025.106 | G11: =+F11-E11 -> -1685.4627 | H11: =+'[3]5월'!$AO$8/1000 -> 9774.8209 | I11: =+F11-H11 -> 250.28473 | J11: =+'[1]5월누계'!$AA$8/1000 -> 56918.973 | K11: =+'[2]5월누계'!$AO$8/1000 -> 48464.953 | L11: =+K11-J11 -> -8454.0199 | M11: =+'[3]5월누계'!$AO$8/1000 -> 41530.393 | N11: =+K11-M11 -> 6934.56 | R11: 중부권 | S11: =+[4]중부권!$T$5/1000 -> 58 | T11: =+[4]중부권!$U$5/1000 -> 50.344 | U11: =+T11-S11 -> -7.656 | V11: =+[5]중부권!$T$5/1000 -> 68.881 | W11: =+T11-V11 -> -18.537
D12: 골재 | E12: =+'[1]5월'!$AE$8/1000 -> 2087.718 | F12: =+'[2]5월'!$AN$8/1000 -> 1467.6265 | G12: =+F12-E12 -> -620.09148 | H12: =+'[3]5월'!$AN$8/1000 -> 1975.778 | I12: =+F12-H12 -> -508.1515 | J12: =+'[1]5월누계'!$AE$8/1000 -> 8314.6591 | K12: =+'[2]5월누계'!$AN$8/1000 -> 6494.441 | L12: =+K12-J12 -> -1820.2181 | M12: =+'[3]5월누계'!$AN$8/1000 -> 8504.2076 | N12: =+K12-M12 -> -2009.7666 | Q12: 계 | S12: =SUM(S9:S11) -> 290.5 | T12: =SUM(T9:T11) -> 242.9955 | U12: =+T12-S12 -> -47.5045 | V12: =SUM(V9:V11) -> 347.129 | W12: =+T12-V12 -> -104.1335
D13: 기타 | E13: =+'[1]5월'!$E$8/1000-E10-E11-E12 -> 142.52817 | F13: =+'[2]5월'!$F$8/1000-F10-F11-F12 -> 118.78848 | G13: =+F13-E13 -> -23.739686 | H13: =+'[3]5월'!$F$8/1000-H10-H11-H12 -> 166.22714 | I13: =+F13-H13 -> -47.438655 | J13: =+'[1]5월누계'!$E$8/1000-J10-J11-J12 -> 785.16083 | K13: =+'[2]5월누계'!$F$8/1000-K10-K11-K12 -> 710.11164 | L13: =+K13-J13 -> -75.049194 | M13: =+'[3]5월누계'!$F$8/1000-M10-M11-M12 -> 825.58077 | N13: =+K13-M13 -> -115.46913 | Q13: 판매단가 | R13: 수도권 | S13: =+[4]수도권!$T$61 -> 97007.731 | T13: =+[4]수도권!$U$61 -> 96609.726 | U13: =+T13-S13 -> -398.00433 | V13: =+[5]수도권!$Q$85 -> 99353.382 | W13: =+T13-V13 -> -2743.6558
A14: =+F14/E14 -> 0.82137066 | B14: =+K14/J14 -> 0.87597664 | C14: 계 | E14: =SUM(E10:E13) -> 43112.629 | F14: =SUM(F10:F13) -> 35411.449 | G14: =+F14-E14 -> -7701.1807 | H14: =SUM(H10:H13) -> 47042.77 | I14: =+F14-H14 -> -11631.321 | J14: =SUM(J10:J13) -> 195904.76 | K14: =SUM(K10:K13) -> 171608 | L14: =+K14-J14 -> -24296.768 | M14: =SUM(M10:M13) -> 200322.01 | N14: =+K14-M14 -> -28714.01 | R14: 영남권 | S14: =+[4]영남권!$T$61 -> 100476.31 | T14: =+[4]영남권!$U$61 -> 97803.84 | U14: =+T14-S14 -> -2672.4683 | V14: =+[5]영남권!$Q$85 -> 100729.73 | W14: =+T14-V14 -> -2925.8925
C15: 매출원가 | D15: 레미콘 | E15: =+('[1]5월'!$Z$10+'[1]5월'!$Z$19)/1000 -> 25482.517 | F15: =+('[2]5월'!$Z$10+'[2]5월'!$Z$19)/1000 -> 21588.831 | G15: =+F15-E15 -> -3893.6866 | H15: =+('[3]5월'!$Z$10+'[3]5월'!$Z$19)/1000 -> 29394.123 | I15: =+F15-H15 -> -7805.2924 | J15: =+('[1]5월누계'!$Z$10+'[1]5월누계'!$Z$19)/1000 -> 116138.39 | K15: =+('[2]5월누계'!$Z$10+'[2]5월누계'!$Z$19)/1000 -> 106232.04 | L15: =+K15-J15 -> -9906.3498 | M15: =+('[3]5월누계'!$Z$10+'[3]5월누계'!$Z$19)/1000 -> 128726.38 | N15: =+K15-M15 -> -22494.335 | R15: 중부권 | S15: =+[4]중부권!$T$61 -> 106470.24 | T15: =+[4]중부권!$U$61 -> 100717.64 | U15: =+T15-S15 -> -5752.5952 | V15: =+[5]중부권!$Q$85 -> 105549.17 | W15: =+T15-V15 -> -4831.5317
D16: 건자재 | E16: =+('[1]5월'!$AA$10+'[1]5월'!$AA$19)/1000 -> 11393.85 | F16: =+('[2]5월'!$AO$10+'[2]5월'!$AO$19)/1000 -> 9841.4109 | G16: =+F16-E16 -> -1552.4394 | H16: =+('[3]5월'!$AO$10+'[3]5월'!$AO$19)/1000 -> 9519.8983 | I16: =+F16-H16 -> 321.51255 | J16: =+('[1]5월누계'!$AA$10+'[1]5월누계'!$AA$19)/1000 -> 55381.107 | K16: =+('[2]5월누계'!$AO$10+'[2]5월누계'!$AO$19)/1000 -> 47781.099 | L16: =+K16-J16 -> -7600.0085 | M16: =+('[3]5월누계'!$AO$10+'[3]5월누계'!$AO$19)/1000 -> 40578.709 | N16: =+K16-M16 -> 7202.39 | Q16: 계 | S16: =+[4]합계!$T$61 -> 100419.33 | T16: =+[4]합계!$U$61 -> 97989.576 | U16: =+T16-S16 -> -2429.7523 | V16: =+[5]합계!$Q$85 -> 101219.55 | W16: =+T16-V16 -> -3229.9778
D17: 골재 | E17: =+('[1]5월'!$AE$10+'[1]5월'!$AE$19)/1000 -> 1741.8994 | F17: =+('[2]5월'!$AN$10+'[2]5월'!$AN$19)/1000 -> 1406.9589 | G17: =+F17-E17 -> -334.94052 | H17: =+('[3]5월'!$AN$10+'[3]5월'!$AN$19)/1000 -> 1758.9883 | I17: =+F17-H17 -> -352.02938 | J17: =+('[1]5월누계'!$AE$10+'[1]5월누계'!$AE$19)/1000 -> 7142.9452 | K17: =+('[2]5월누계'!$AN$10+'[2]5월누계'!$AN$19)/1000 -> 6694.1268 | L17: =+K17-J17 -> -448.81836 | M17: =+('[3]5월누계'!$AN$10+'[3]5월누계'!$AN$19)/1000 -> 7535.7403 | N17: =+K17-M17 -> -841.61352 | Q17: 공헌이익 | R17: 수도권 | S17: =+[4]수도권!$Q$90 -> 16455.164 | T17: =+[4]수도권!$R$90 -> 16471.138 | U17: =+T17-S17 -> 15.973569 | V17: =+[5]수도권!$Q$90 -> 19119.781 | W17: =+T17-V17 -> -2648.6429
D18: 기타 | E18: =+('[1]5월'!$E$10+'[1]5월'!$E$19)/1000-E15-E16-E17 -> 68.281599 | F18: =+('[2]5월'!$F$10+'[2]5월'!$F$19)/1000-F15-F16-F17 -> 18.465355 | G18: =+F18-E18 -> -49.816244 | H18: =+('[3]5월'!$F$10+'[3]5월'!$F$19)/1000-H15-H16-H17 -> 31.483638 | I18: =+F18-H18 -> -13.018283 | J18: =+('[1]5월누계'!$E$10+'[1]5월누계'!$E$19)/1000-J15-J16-J17 -> 245.9461 | K18: =+('[2]5월누계'!$F$10+'[2]5월누계'!$F$19)/1000-K15-K16-K17 -> 422.6893 | L18: =+K18-J18 -> 176.7432 | M18: =+('[3]5월누계'!$F$10+'[3]5월누계'!$F$19)/1000-M15-M16-M17 -> 131.40672 | N18: =+K18-M18 -> 291.28258 | R18: 영남권 | S18: =+[4]영남권!$Q$90 -> 21349.881 | T18: =+[4]영남권!$R$90 -> 19421.045 | U18: =+T18-S18 -> -1928.8354 | V18: =+[5]영남권!$Q$90 -> 22869.321 | W18: =+T18-V18 -> -3448.2755
C19: 계 | E19: =SUM(E15:E18) -> 38686.549 | F19: =SUM(F15:F18) -> 32855.666 | G19: =+F19-E19 -> -5830.8829 | H19: =SUM(H15:H18) -> 40704.493 | I19: =+F19-H19 -> -7848.8275 | J19: =SUM(J15:J18) -> 178908.39 | K19: =SUM(K15:K18) -> 161129.96 | L19: =+K19-J19 -> -17778.433 | M19: =SUM(M15:M18) -> 176972.23 | N19: =+K19-M19 -> -15842.276 | R19: 중부권 | S19: =+[4]중부권!$Q$90 -> 28840.861 | T19: =+[4]중부권!$R$90 -> 22337.894 | U19: =+T19-S19 -> -6502.9669 | V19: =+[5]중부권!$Q$90 -> 31197.021 | W19: =+T19-V19 -> -8859.1268
C20: 매출이익 | D20: 레미콘 | E20: =+E10-E15 -> 3689.2975 | F20: =+F10-F15 -> 2211.0972 | G20: =+F20-E20 -> -1478.2002 | H20: =+H10-H15 -> 5731.8206 | I20: =+F20-H20 -> -3520.7234 | J20: =+J10-J15 -> 13747.576 | K20: =+K10-K15 -> 9706.4454 | L20: =+K20-J20 -> -4041.1308 | M20: =+M10-M15 -> 20735.445 | N20: =+K20-M20 -> -11028.999 | Q20: 계 | S20: =+[4]합계!$Q$90 -> 21076.324 | T20: =+[4]합계!$R$90 -> 18989.722 | U20: =+T20-S20 -> -2086.6015 | V20: =+[5]합계!$Q$90 -> 23245.012 | W20: =+T20-V20 -> -4255.2898
D21: 건자재 | E21: =+E11-E16 -> 316.71794 | F21: =+F11-F16 -> 183.69473 | G21: =+F21-E21 -> -133.02321 | H21: =+H11-H16 -> 254.92255 | I21: =+F21-H21 -> -71.227825 | J21: =+J11-J16 -> 1537.8661 | K21: =+K11-K16 -> 683.85469 | L21: =+K21-J21 -> -854.01138 | M21: =+M11-M16 -> 951.6847 | N21: =+K21-M21 -> -267.83001 | Q21: □ 건자재
D22: 골재 | E22: =+E12-E17 -> 345.81855 | F22: =+F12-F17 -> 60.667594 | G22: =+F22-E22 -> -285.15095 | H22: =+H12-H17 -> 216.78972 | I22: =+F22-H22 -> -156.12212 | J22: =+J12-J17 -> 1171.7139 | K22: =+K12-K17 -> -199.68582 | L22: =+K22-J22 -> -1371.3997 | M22: =+M12-M17 -> 968.46724 | N22: =+K22-M22 -> -1168.1531 | Q22: 구분 | S22: 계획 | T22: 실적 | U22: 계획대비 | V22: 전년 | W22: 전년대비
D23: 기타 | E23: =+E13-E18 -> 74.246568 | F23: =+F13-F18 -> 100.32313 | G23: =+F23-E23 -> 26.076558 | H23: =+H13-H18 -> 134.7435 | I23: =+F23-H23 -> -34.420372 | J23: =+J13-J18 -> 539.21474 | K23: =+K13-K18 -> 287.42234 | L23: =+K23-J23 -> -251.7924 | M23: =+M13-M18 -> 694.17405 | N23: =+K23-M23 -> -406.75171 | Q23: 철강재 판매단가 | S23: =+'[6]5월'!$F$10 -> 873364.49 | T23: =+'[6]5월'!$G$10 -> 798001.53 | U23: =+T23-S23 -> -75362.96 | V23: =+'[6]5월'!$G$10 -> 798001.53 | W23: =+T23-V23 -> 0
C24: 계 | E24: =SUM(E20:E23) -> 4426.0805 | F24: =SUM(F20:F23) -> 2555.7827 | G24: =+F24-E24 -> -1870.2979 | H24: =SUM(H20:H23) -> 6338.2764 | I24: =+F24-H24 -> -3782.4937 | J24: =SUM(J20:J23) -> 16996.371 | K24: =SUM(K20:K23) -> 10478.037 | L24: =+K24-J24 -> -6518.3343 | M24: =SUM(M20:M23) -> 23349.771 | N24: =+K24-M24 -> -12871.734 | Q24: 철강재 마진률 | S24: =+'[6]5월'!$F$15 -> 0.02403023 | T24: =+'[6]5월'!$G$15 -> 0.016605664 | U24: =+T24-S24 -> -0.0074245662 | V24: =+'[6]5월'!$G$15 -> 0.016605664 | W24: =+T24-V24 -> 0
C25: 판관비 | D25: 레미콘 | E25: =+('[1]5월'!$Z$13+'[1]5월'!$Z$20)/1000 -> 661.21474 | F25: =+('[2]5월'!$Z$13+'[2]5월'!$Z$20)/1000 -> 656.78414 | G25: =+F25-E25 -> -4.4306 | H25: =+('[3]5월'!$Z$13+'[3]5월'!$Z$20)/1000 -> 669.0385 | I25: =+F25-H25 -> -12.254352 | J25: =+('[1]5월누계'!$Z$13+'[1]5월누계'!$Z$20)/1000 -> 3364.4818 | K25: =+('[2]5월누계'!$Z$13+'[2]5월누계'!$Z$20)/1000 -> 3328.4658 | L25: =+K25-J25 -> -36.016056 | M25: =+('[3]5월누계'!$Z$13+'[3]5월누계'!$Z$20)/1000 -> 3324.0288 | N25: =+K25-M25 -> 4.436967 | Q25: □ 골재
D26: 건자재 | E26: =+('[1]5월'!$AA$13+'[1]5월'!$AA$20)/1000 -> 124.24035 | F26: =+('[2]5월'!$AO$13+'[2]5월'!$AO$20)/1000 -> 137.432 | G26: =+F26-E26 -> 13.191649 | H26: =+('[3]5월'!$AO$13+'[3]5월'!$AO$20)/1000 -> 132.55453 | I26: =+F26-H26 -> 4.87747 | J26: =+('[1]5월누계'!$AA$13+'[1]5월누계'!$AA$20)/1000 -> 636.31962 | K26: =+('[2]5월누계'!$AO$13+'[2]5월누계'!$AO$20)/1000 -> 744.17489 | L26: =+K26-J26 -> 107.85527 | M26: =+('[3]5월누계'!$AO$13+'[3]5월누계'!$AO$20)/1000 -> 686.73211 | N26: =+K26-M26 -> 57.442781 | Q26: 구분 | S26: 계획 | T26: 실적 | U26: 계획대비 | V26: 전년 | W26: 전년대비
D27: 골재 | E27: =+('[1]5월'!$AE$13+'[1]5월'!$AE$20+'[1]5월'!$AE$22)/1000 -> 46.935969 | F27: =+('[2]5월'!$AN$13+'[2]5월'!$AN$20+'[2]5월'!$AN$22)/1000 -> 47.21642 | G27: =+F27-E27 -> 0.28045128 | H27: =+('[3]5월'!$AN$13+'[3]5월'!$AN$20+'[3]5월'!$AN$22)/1000 -> 45.210639 | I27: =+F27-H27 -> 2.0057812 | J27: =+('[1]5월누계'!$AE$13+'[1]5월누계'!$AE$20+'[1]5월누계'!$AE$22)/1000 -> 237.39466 | K27: =+('[2]5월누계'!$AN$13+'[2]5월누계'!$AN$20+'[2]5월누계'!$AN$22)/1000 -> 234.60151 | L27: =+K27-J27 -> -2.7931501 | M27: =+('[3]5월누계'!$AN$13+'[3]5월누계'!$AN$20+'[3]5월누계'!$AN$22)/1000 -> 223.89003 | N27: =+K27-M27 -> 10.711481 | Q27: 판매량 | R27: 자가 | S27: =(+'[7]서부산크라샤(당월)'!$Z$66+'[7]부산모래장(당월)'!$Q$48+'[7]부산크라샤(당월)'!$T$66)/1000 -> 40.83298 | T27: =(+'[7]서부산크라샤(당월)'!$AA$66+'[7]부산모래장(당월)'!$R$48+'[7]부산크라샤(당월)'!$U$66)/1000 -> 21.936 | U27: =+T27-S27 -> -18.89698 | V27: =+[8]손익총괄!$V$27 -> 41.968 | W27: =+T27-V27 -> -20.032
D28: 기타 | E28: =+('[1]5월'!$E$13+'[1]5월'!$E$20)/1000-E25-E26-E27+('[1]5월'!$E$22/1000) -> 1395.419 | F28: =+('[2]5월'!$F$13+'[2]5월'!$F$20)/1000-F25-F26-F27+'[2]5월'!$F$22/1000 -> 1469.2688 | G28: =+F28-E28 -> 73.849784 | H28: =+('[3]5월'!$F$13+'[3]5월'!$F$20)/1000-H25-H26-H27+'[3]5월'!$F$22/1000 -> 1274.1805 | I28: =+F28-H28 -> 195.08837 | J28: =+('[1]5월누계'!$E$13+'[1]5월누계'!$E$20)/1000-J25-J26-J27+('[1]5월누계'!$E$22/1000) -> 7677.1828 | K28: =+('[2]5월누계'!$F$13+'[2]5월누계'!$F$20)/1000-K25-K26-K27+'[2]5월누계'!$F$22/1000 -> 8527.5074 | L28: =+K28-J28 -> 850.32455 | M28: =+('[3]5월누계'!$F$13+'[3]5월누계'!$F$20)/1000-M25-M26-M27+'[3]5월누계'!$F$22/1000 -> 8444.433 | N28: =+K28-M28 -> 83.074356 | R28: 외판 | S28: =(+'[7]서부산크라샤(당월)'!$Z$59+'[7]부산모래장(당월)'!$Q$47+'[7]부산크라샤(당월)'!$T$59)/1000 -> 33.5 | T28: =(+'[7]서부산크라샤(당월)'!$AA$59+'[7]부산모래장(당월)'!$R$47+'[7]부산크라샤(당월)'!$U$59)/1000 -> 24.583 | U28: =+T28-S28 -> -8.917 | V28: =+[8]손익총괄!$V$28 -> 25.59 | W28: =+T28-V28 -> -1.007
C29: 계 | E29: =SUM(E25:E28) -> 2227.8101 | F29: =SUM(F25:F28) -> 2310.7014 | G29: =+F29-E29 -> 82.891284 | H29: =SUM(H25:H28) -> 2120.9841 | I29: =+F29-H29 -> 189.71727 | J29: =SUM(J25:J28) -> 11915.379 | K29: =SUM(K25:K28) -> 12834.75 | L29: =+K29-J29 -> 919.37061 | M29: =SUM(M25:M28) -> 12679.084 | N29: =+K29-M29 -> 155.66558 | Q29: 합 계 | S29: =SUM(S27:S28) -> 74.33298 | T29: =SUM(T27:T28) -> 46.519 | U29: =+T29-S29 -> -27.81398 | V29: =SUM(V27:V28) -> 67.558 | W29: =+T29-V29 -> -21.039
C30: 영업이익 | D30: 레미콘 | E30: =+E20-E25 -> 3028.0827 | F30: =+F20-F25 -> 1554.3131 | G30: =+F30-E30 -> -1473.7696 | H30: =+H20-H25 -> 5062.7821 | I30: =+F30-H30 -> -3508.469 | J30: =+J20-J25 -> 10383.094 | K30: =+K20-K25 -> 6377.9796 | L30: =+K30-J30 -> -4005.1148 | M30: =+M20-M25 -> 17411.416 | N30: =+K30-M30 -> -11033.436 | Q30: □ 기타내역(영업이익)
D31: % | E31: =+E30/E10 -> 0.10380166 | F31: =+F30/F10 -> 0.065307471 | G31: =+F31-E31 -> -0.038494187 | H31: =+H30/H10 -> 0.14413227 | I31: =+F31-H31 -> -0.078824802 | J31: =+J30/J10 -> 0.079940076 | K31: =+K30/K10 -> 0.055011753 | L31: =+K31-J31 -> -0.024928323 | M31: =+M30/M10 -> 0.11649407 | N31: =+K31-M31 -> -0.061482314 | Q31: 구분 | S31: 계획 | T31: 실적 | U31: 계획대비 | V31: 전년 | W31: 전년대비
D32: 건자재 | E32: =+E21-E26 -> 192.4776 | F32: =+F21-F26 -> 46.262732 | G32: =+F32-E32 -> -146.21486 | H32: =+H21-H26 -> 122.36803 | I32: =+F32-H32 -> -76.105295 | J32: =+J21-J26 -> 901.54644 | K32: =+K21-K26 -> -60.3202 | L32: =+K32-J32 -> -961.86664 | M32: =+M21-M26 -> 264.95259 | N32: =+K32-M32 -> -325.2728 | Q32: 레미콘임대 | S32: =+'사업장별(당월)'!T33 -> 48.349888 | T32: =+'사업장별(당월)'!U33 -> 23.178219 | U32: =+T32-S32 -> -25.171669 | V32: =+'사업장별(당월)'!W33 -> 68.93061 | W32: =+T32-V32 -> -45.752391
D33: 골재 | E33: =+E22-E27 -> 298.88258 | F33: =+F22-F27 -> 13.451174 | G33: =+F33-E33 -> -285.43141 | H33: =+H22-H27 -> 171.57908 | I33: =+F33-H33 -> -158.1279 | J33: =+J22-J27 -> 934.31923 | K33: =+K22-K27 -> -434.28733 | L33: =+K33-J33 -> -1368.6066 | M33: =+M22-M27 -> 744.57722 | N33: =+K33-M33 -> -1178.8645 | Q33: 임대 | S33: =+'사업장별(당월)'!T34 -> 63.964 | T33: =+'사업장별(당월)'!U34 -> 66.602381 | U33: =+T33-S33 -> 2.638381 | V33: =+'사업장별(당월)'!W34 -> 63.574319 | W33: =+T33-V33 -> 3.028062
D34: 기타 | E34: =+E23-E28 -> -1321.1725 | F34: =+F23-F28 -> -1368.9457 | G34: =+F34-E34 -> -47.773225 | H34: =+H23-H28 -> -1139.437 | I34: =+F34-H34 -> -229.50875 | J34: =+J23-J28 -> -7137.9681 | K34: =+K23-K28 -> -8240.085 | L34: =+K34-J34 -> -1102.1169 | M34: =+M23-M28 -> -7750.259 | N34: =+K34-M34 -> -489.82607 | Q34: 공통비 | S34: =+'사업장별(당월)'!T35 -> -1315.8435 | T34: =+'사업장별(당월)'!U35 -> -1405.8047 | U34: =+T34-S34 -> -89.961196 | V34: =+'사업장별(당월)'!W35 -> -1157.1102 | W34: =+T34-V34 -> -248.69454
C35: 계 | E35: =SUM(E30,E32:E34) -> 2198.2704 | F35: =SUM(F30,F32:F34) -> 245.08131 | G35: =+F35-E35 -> -1953.1891 | H35: =SUM(H30,H32:H34) -> 4217.2923 | I35: =+F35-H35 -> -3972.2109 | J35: =SUM(J30,J32:J34) -> 5080.9919 | K35: =SUM(K30,K32:K34) -> -2356.713 | L35: =+K35-J35 -> -7437.7049 | M35: =SUM(M30,M32:M34) -> 10670.687 | N35: =+K35-M35 -> -13027.4 | Q35: 기타 | S35: =+S36-S32-S33-S34 -> -117.64287 | T35: =+T36-T32-T33-T34 -> -52.921613 | U35: =+T35-S35 -> 64.721258 | V35: =+V36-V32-V33-V34 -> -114.83173 | W35: =+T35-V35 -> 61.91012
D36: % | E36: =+E35/E14 -> 0.050989014 | F36: =+F35/F14 -> 0.0069209625 | G36: =+F36-E36 -> -0.044068051 | H36: =+H35/H14 -> 0.089648043 | I36: =+F36-H36 -> -0.082727081 | J36: =+J35/J14 -> 0.025936031 | K36: =+K35/K14 -> -0.013733119 | L36: =+K36-J36 -> -0.039669149 | M36: =+M35/M14 -> 0.053267671 | N36: =+K36-M36 -> -0.06700079 | Q36: 합계 | S36: =+'사업장별(당월)'!T41 -> -1321.1725 | T36: =+'사업장별(당월)'!U41 -> -1368.9457 | U36: =+T36-S36 -> -47.773225 | V36: =+'사업장별(당월)'!W41 -> -1139.437 | W36: =+T36-V36 -> -229.50875
E38: =+'[1]5월'!$E$26/1000 -> 2198.2704 | F38: =+'[2]5월'!$F$26/1000 -> 245.08131 | H38: =+'[3]5월'!$F$26/1000 -> 4217.2923 | J38: =+'[1]5월누계'!$E$26/1000 -> 5080.9919 | K38: =+'[2]5월누계'!$F$26/1000 -> -2356.713 | M38: =+'[3]5월누계'!$F$26/1000 -> 10670.687
E39: =+E35=E38 -> FALSE | F39: =+F35=F38 -> FALSE | H39: =+H35=H38 -> FALSE | J39: =+J35=J38 -> TRUE | K39: =+K35=K38 -> FALSE | M39: =+M35=M38 -> TRUE
E40: =+E35-E38 -> 0 | F40: =+F35-F38 -> 1.9895197e-12 | H40: =+H35-H38 -> 0 | J40: =+J35-J38 -> 0 | K40: =+K35-K38 -> 5.9117156e-12 | M40: =+M35-M38 -> -1.8189894e-11

Sheet 사업장별(당월)
H3: □ 사업장별 손익실적(2025-05)
AG4: [단위 : 천㎥, 톤, 백만원]
H5: 구분 | J5: 물량 | O5: 매출 | T5: 영업이익(공통비 배부전) | Y5: 판매단가 | AB5: 변동비 | AE5: 공헌이익
A6: 2024년 5월 마감 손익 | J6: 계획 | K6: 실적 | L6: 차이 | M6: 전년 | N6: 차이 | O6: 계획 | P6: 실적 | Q6: 차이 | R6: 전년 | S6: 차이 | T6: 계획 | U6: 실적 | V6: 차이 | W6: 전년 | X6: 차이 | Y6: 계획 | Z6: 실적 | AA6: 전년 | AB6: 계획 | AC6: 실적 | AD6: 전년 | AE6: 계획 | AF6: 실적 | AG6: 전년
B7: 안양 | G7: =+I7 -> 안양 | H7: 레미콘 | I7: 안양 | J7: =+IFERROR(HLOOKUP($B7,'[1]5월'!$D$6:$BN$259,2,),)/1000 -> 40 | K7: =+IFERROR(HLOOKUP($B7,'[2]5월'!$F$6:$CP$99,2,),)/1000 -> 31.314 | L7: =+K7-J7 -> -8.686 | M7: =+IFERROR(HLOOKUP($B7,'[3]5월'!$F$6:$CC$57,2,),)/1000 -> 40.606 | N7: =+K7-M7 -> -9.292 | O7: =+IFERROR(HLOOKUP($B7,'[1]5월'!$D$6:$BN$259,3,),)/1000 -> 3920.1566 | P7: =+IFERROR(HLOOKUP($B7,'[2]5월'!$F$6:$CP$99,3,),)/1000 -> 2998.4996 | Q7: =+P7-O7 -> -921.65703 | R7: =+IFERROR(HLOOKUP($B7,'[3]5월'!$F$6:$CC$57,3,),)/1000 -> 4123.2946 | S7: =+P7-R7 -> -1124.795 | T7: =+IFERROR(HLOOKUP($B7,'[1]5월'!$D$6:$BN$259,16,),)/1000 -> 362.47826 | U7: =+IFERROR(HLOOKUP($B7,'[2]5월'!$F$6:$CP$99,16,),)/1000 -> 242.51179 | V7: =+U7-T7 -> -119.96647 | W7: =+IFERROR(HLOOKUP($B7,'[3]5월'!$F$6:$CC$57,16,),)/1000 -> 470.16461 | X7: =+U7-W7 -> -227.65282 | Y7: =+[4]안양!$Q$85 -> 98003.916 | Z7: =+[4]안양!$R$85 -> 95747.281 | AA7: =+[5]안양!$Q$85 -> 101543.97 | AB7: =+[4]안양!$Q$89 -> 81642.386 | AC7: =+[4]안양!$R$89 -> 78706.317 | AD7: =+[5]안양!$Q$89 -> 82761.713 | AE7: =+Y7-AB7 -> 16361.53 | AF7: =+Z7-AC7 -> 17040.964 | AG7: =+AA7-AD7 -> 18782.261
B8: 인천 | G8: =+I8 -> 인천 | H8: 직영 | I8: 인천 | J8: =+IFERROR(HLOOKUP($B8,'[1]5월'!$D$6:$BN$259,2,),)/1000 -> 25 | K8: =+IFERROR(HLOOKUP($B8,'[2]5월'!$F$6:$CP$99,2,),)/1000 -> 32.104 | L8: =+K8-J8 -> 7.104 | M8: =+IFERROR(HLOOKUP($B8,'[3]5월'!$F$6:$CC$57,2,),)/1000 -> 30.156 | N8: =+K8-M8 -> 1.948 | O8: =+IFERROR(HLOOKUP($B8,'[1]5월'!$D$6:$BN$259,3,),)/1000 -> 2453.0911 | P8: =+IFERROR(HLOOKUP($B8,'[2]5월'!$F$6:$CP$99,3,),)/1000 -> 3174.7652 | Q8: =+P8-O8 -> 721.67414 | R8: =+IFERROR(HLOOKUP($B8,'[3]5월'!$F$6:$CC$57,3,),)/1000 -> 2946.528 | S8: =+P8-R8 -> 228.23728 | T8: =+IFERROR(HLOOKUP($B8,'[1]5월'!$D$6:$BN$259,16,),)/1000 -> 104.02928 | U8: =+IFERROR(HLOOKUP($B8,'[2]5월'!$F$6:$CP$99,16,),)/1000 -> 160.60507 | V8: =+U8-T8 -> 56.575783 | W8: =+IFERROR(HLOOKUP($B8,'[3]5월'!$F$6:$CC$57,16,),)/1000 -> 266.18334 | X8: =+U8-W8 -> -105.57827 | Y8: =+[4]인천!$Q$85 -> 98123.644 | Z8: =+[4]인천!$R$85 -> 99229.134 | AA8: =+[5]인천!$Q$85 -> 97709.509 | AB8: =+[4]인천!$Q$89 -> 82677.846 | AC8: =+[4]인천!$R$89 -> 83784.72 | AD8: =+[5]인천!$Q$89 -> 79830.372 | AE8: =+Y8-AB8 -> 15445.798 | AF8: =+Z8-AC8 -> 15444.414 | AG8: =+AA8-AD8 -> 17879.137
B9: 파주 | G9: =+I9 -> 파주 | I9: 파주 | J9: =+IFERROR(HLOOKUP($B9,'[1]5월'!$D$6:$BN$259,2,),)/1000 -> 24 | K9: =+IFERROR(HLOOKUP($B9,'[2]5월'!$F$6:$CP$99,2,),)/1000 -> 11.412 | L9: =+K9-J9 -> -12.588 | M9: =+IFERROR(HLOOKUP($B9,'[3]5월'!$F$6:$CC$57,2,),)/1000 -> 28.609 | N9: =+K9-M9 -> -17.197 | O9: =+IFERROR(HLOOKUP($B9,'[1]5월'!$D$6:$BN$259,3,),)/1000 -> 2299.6799 | P9: =+IFERROR(HLOOKUP($B9,'[2]5월'!$F$6:$CP$99,3,),)/1000 -> 1059.6553 | Q9: =+P9-O9 -> -1240.0247 | R9: =+IFERROR(HLOOKUP($B9,'[3]5월'!$F$6:$CC$57,3,),)/1000 -> 2747.819 | S9: =+P9-R9 -> -1688.1637 | T9: =+IFERROR(HLOOKUP($B9,'[1]5월'!$D$6:$BN$259,16,),)/1000 -> 147.88633 | U9: =+IFERROR(HLOOKUP($B9,'[2]5월'!$F$6:$CP$99,16,),)/1000 -> -28.835518 | V9: =+U9-T9 -> -176.72185 | W9: =+IFERROR(HLOOKUP($B9,'[3]5월'!$F$6:$CC$57,16,),)/1000 -> 254.15168 | X9: =+U9-W9 -> -282.9872 | Y9: =+[4]파주!$Q$85 -> 95819.998 | Z9: =+[4]파주!$R$85 -> 92818.058 | AA9: =+[5]파주!$Q$85 -> 95934.038 | AB9: =+[4]파주!$Q$89 -> 80157.82 | AC9: =+[4]파주!$R$89 -> 76791.949 | AD9: =+[5]파주!$Q$89 -> 79393.119 | AE9: =+Y9-AB9 -> 15662.178 | AF9: =+Z9-AC9 -> 16026.109 | AG9: =+AA9-AD9 -> 16540.919
B10: 김포 | G10: =+I10 -> 김포 | I10: 김포 | J10: =+IFERROR(HLOOKUP($B10,'[1]5월'!$D$6:$BN$259,2,),)/1000 -> 16 | K10: =+IFERROR(HLOOKUP($B10,'[2]5월'!$F$6:$CP$99,2,),)/1000 -> 10.9385 | L10: =+K10-J10 -> -5.0615 | M10: =+IFERROR(HLOOKUP($B10,'[3]5월'!$F$6:$CC$57,2,),)/1000 -> 20.743 | N10: =+K10-M10 -> -9.8045 | O10: =+IFERROR(HLOOKUP($B10,'[1]5월'!$D$6:$BN$259,3,),)/1000 -> 1512.884 | P10: =+IFERROR(HLOOKUP($B10,'[2]5월'!$F$6:$CP$99,3,),)/1000 -> 1044.535 | Q10: =+P10-O10 -> -468.34905 | R10: =+IFERROR(HLOOKUP($B10,'[3]5월'!$F$6:$CC$57,3,),)/1000 -> 2113.5216 | S10: =+P10-R10 -> -1068.9866 | T10: =+IFERROR(HLOOKUP($B10,'[1]5월'!$D$6:$BN$259,16,),)/1000 -> 132.10269 | U10: =+IFERROR(HLOOKUP($B10,'[2]5월'!$F$6:$CP$99,16,),)/1000 -> 30.961596 | V10: =+U10-T10 -> -101.14109 | W10: =+IFERROR(HLOOKUP($B10,'[3]5월'!$F$6:$CC$57,16,),)/1000 -> 354.65027 | X10: =+U10-W10 -> -323.68867 | Y10: =+[4]김포!$Q$85 -> 94555.252 | Z10: =+[4]김포!$R$85 -> 95512.758 | AA10: =+[5]김포!$Q$85 -> 102058.93 | AB10: =+[4]김포!$Q$89 -> 75099.387 | AC10: =+[4]김포!$R$89 -> 77274.195 | AD10: =+[5]김포!$Q$89 -> 76893.344 | AE10: =+Y10-AB10 -> 19455.865 | AF10: =+Z10-AC10 -> 18238.563 | AG10: =+AA10-AD10 -> 25165.586
B11: 부산 | G11: =+I11 -> 부산 | I11: 부산 | J11: =+IFERROR(HLOOKUP($B11,'[1]5월'!$D$6:$BN$259,2,),)/1000 -> 21 | K11: =+IFERROR(HLOOKUP($B11,'[2]5월'!$F$6:$CP$99,2,),)/1000 -> 20.779 | L11: =+K11-J11 -> -0.221 | M11: =+IFERROR(HLOOKUP($B11,'[3]5월'!$F$6:$CC$57,2,),)/1000 -> 28.1265 | N11: =+K11-M11 -> -7.3475 | O11: =+IFERROR(HLOOKUP($B11,'[1]5월'!$D$6:$BN$259,3,),)/1000 -> 2261.6944 | P11: =+IFERROR(HLOOKUP($B11,'[2]5월'!$F$6:$CP$99,3,),)/1000 -> 2289.2581 | Q11: =+P11-O11 -> 27.563698 | R11: =+IFERROR(HLOOKUP($B11,'[3]5월'!$F$6:$CC$57,3,),)/1000 -> 2986.1182 | S11: =+P11-R11 -> -696.86011 | T11: =+IFERROR(HLOOKUP($B11,'[1]5월'!$D$6:$BN$259,16,),)/1000 -> 224.72844 | U11: =+IFERROR(HLOOKUP($B11,'[2]5월'!$F$6:$CP$99,16,),)/1000 -> 308.13145 | V11: =+U11-T11 -> 83.40301 | W11: =+IFERROR(HLOOKUP($B11,'[3]5월'!$F$6:$CC$57,16,),)/1000 -> 411.9241 | X11: =+U11-W11 -> -103.79266 | Y11: =+[4]부산!$Q$85 -> 107699.73 | Z11: =+[4]부산!$R$85 -> 110171.72 | AA11: =+[5]부산!$Q$85 -> 106167.43 | AB11: =+[4]부산!$Q$89 -> 85013.096 | AC11: =+[4]부산!$R$89 -> 83925.996 | AD11: =+[5]부산!$Q$89 -> 82923.267 | AE11: =+Y11-AB11 -> 22686.637 | AF11: =+Z11-AC11 -> 26245.72 | AG11: =+AA11-AD11 -> 23244.162
B12: 서부산 | G12: =+I12 -> 서부산 | I12: 서부산 | J12: =+IFERROR(HLOOKUP($B12,'[1]5월'!$D$6:$BN$259,2,),)/1000 -> 21 | K12: =+IFERROR(HLOOKUP($B12,'[2]5월'!$F$6:$CP$99,2,),)/1000 -> 17.147 | L12: =+K12-J12 -> -3.853 | M12: =+IFERROR(HLOOKUP($B12,'[3]5월'!$F$6:$CC$57,2,),)/1000 -> 23.976 | N12: =+K12-M12 -> -6.829 | O12: =+IFERROR(HLOOKUP($B12,'[1]5월'!$D$6:$BN$259,3,),)/1000 -> 2085.2984 | P12: =+IFERROR(HLOOKUP($B12,'[2]5월'!$F$6:$CP$99,3,),)/1000 -> 1653.59 | Q12: =+P12-O12 -> -431.70839 | R12: =+IFERROR(HLOOKUP($B12,'[3]5월'!$F$6:$CC$57,3,),)/1000 -> 2459.604 | S12: =+P12-R12 -> -806.014 | T12: =+IFERROR(HLOOKUP($B12,'[1]5월'!$D$6:$BN$259,16,),)/1000 -> 216.99265 | U12: =+IFERROR(HLOOKUP($B12,'[2]5월'!$F$6:$CP$99,16,),)/1000 -> 89.008721 | V12: =+U12-T12 -> -127.98392 | W12: =+IFERROR(HLOOKUP($B12,'[3]5월'!$F$6:$CC$57,16,),)/1000 -> 360.2204 | X12: =+U12-W12 -> -271.21168 | Y12: =+[4]서부산!$Q$85 -> 99299.923 | Z12: =+[4]서부산!$R$85 -> 96775.187 | AA12: =+[5]서부산!$Q$85 -> 102586.09 | AB12: =+[4]서부산!$Q$89 -> 78479.974 | AC12: =+[4]서부산!$R$89 -> 78037.415 | AD12: =+[5]서부산!$Q$89 -> 78582.596 | AE12: =+Y12-AB12 -> 20819.949 | AF12: =+Z12-AC12 -> 18737.772 | AG12: =+AA12-AD12 -> 24003.49
B13: 김해 | G13: =+I13 -> 김해 | I13: 김해 | J13: =+IFERROR(HLOOKUP($B13,'[1]5월'!$D$6:$BN$259,2,),)/1000 -> 15 | K13: =+IFERROR(HLOOKUP($B13,'[2]5월'!$F$6:$CP$99,2,),)/1000 -> 8.128 | L13: =+K13-J13 -> -6.872 | M13: =+IFERROR(HLOOKUP($B13,'[3]5월'!$F$6:$CC$57,2,),)/1000 -> 14.268 | N13: =+K13-M13 -> -6.14 | O13: =+IFERROR(HLOOKUP($B13,'[1]5월'!$D$6:$BN$259,3,),)/1000 -> 1444.4978 | P13: =+IFERROR(HLOOKUP($B13,'[2]5월'!$F$6:$CP$99,3,),)/1000 -> 696.279 | Q13: =+P13-O13 -> -748.2188 | R13: =+IFERROR(HLOOKUP($B13,'[3]5월'!$F$6:$CC$57,3,),)/1000 -> 1329.1365 | S13: =+P13-R13 -> -632.8575 | T13: =+IFERROR(HLOOKUP($B13,'[1]5월'!$D$6:$BN$259,16,),)/1000 -> 145.73735 | U13: =+IFERROR(HLOOKUP($B13,'[2]5월'!$F$6:$CP$99,16,),)/1000 -> -70.922998 | V13: =+U13-T13 -> -216.66035 | W13: =+IFERROR(HLOOKUP($B13,'[3]5월'!$F$6:$CC$57,16,),)/1000 -> 76.218467 | X13: =+U13-W13 -> -147.14147 | Y13: =+[4]김해!$Q$85 -> 96299.853 | Z13: =+[4]김해!$R$85 -> 85822.552 | AA13: =+[5]김해!$Q$85 -> 93214.324 | AB13: =+[4]김해!$Q$89 -> 76825.978 | AC13: =+[4]김해!$R$89 -> 78014.983 | AD13: =+[5]김해!$Q$89 -> 77424.481 | AE13: =+Y13-AB13 -> 19473.875 | AF13: =+Z13-AC13 -> 7807.5691 | AG13: =+AA13-AD13 -> 15789.844
B14: 정관 | G14: =+I14 -> 정관 | I14: 정관 | J14: =+IFERROR(HLOOKUP($B14,'[1]5월'!$D$6:$BN$259,2,),)/1000 -> 19 | K14: =+IFERROR(HLOOKUP($B14,'[2]5월'!$F$6:$CP$99,2,),)/1000 -> 23.4385 | L14: =+K14-J14 -> 4.4385 | M14: =+IFERROR(HLOOKUP($B14,'[3]5월'!$F$6:$CC$57,2,),)/1000 -> 24.315 | N14: =+K14-M14 -> -0.8765 | O14: =+IFERROR(HLOOKUP($B14,'[1]5월'!$D$6:$BN$259,3,),)/1000 -> 1937.9924 | P14: =+IFERROR(HLOOKUP($B14,'[2]5월'!$F$6:$CP$99,3,),)/1000 -> 2254.526 | Q14: =+P14-O14 -> 316.53359 | R14: =+IFERROR(HLOOKUP($B14,'[3]5월'!$F$6:$CC$57,3,),)/1000 -> 2465.0836 | S14: =+P14-R14 -> -210.5576 | T14: =+IFERROR(HLOOKUP($B14,'[1]5월'!$D$6:$BN$259,16,),)/1000 -> 172.35954 | U14: =+IFERROR(HLOOKUP($B14,'[2]5월'!$F$6:$CP$99,16,),)/1000 -> 201.7835 | V14: =+U14-T14 -> 29.423965 | W14: =+IFERROR(HLOOKUP($B14,'[3]5월'!$F$6:$CC$57,16,),)/1000 -> 313.18669 | X14: =+U14-W14 -> -111.40319 | Y14: =+[4]정관!$Q$85 -> 101999.6 | Z14: =+[4]정관!$R$85 -> 96261.012 | AA14: =+[5]정관!$Q$85 -> 101381.19 | AB14: =+[4]정관!$Q$89 -> 82461.938 | AC14: =+[4]정관!$R$89 -> 78911.617 | AD14: =+[5]정관!$Q$89 -> 80646.065 | AE14: =+Y14-AB14 -> 19537.662 | AF14: =+Z14-AC14 -> 17349.395 | AG14: =+AA14-AD14 -> 20735.124
B15: 양산 | G15: =+I15 -> 양산 | I15: 양산 | J15: =+IFERROR(HLOOKUP($B15,'[1]5월'!$D$6:$BN$259,2,),)/1000 -> 12 | K15: =+IFERROR(HLOOKUP($B15,'[2]5월'!$F$6:$CP$99,2,),)/1000 -> 8.737 | L15: =+K15-J15 -> -3.263 | M15: =+IFERROR(HLOOKUP($B15,'[3]5월'!$F$6:$CC$57,2,),)/1000 -> 14.568 | N15: =+K15-M15 -> -5.831 | O15: =+IFERROR(HLOOKUP($B15,'[1]5월'!$D$6:$BN$259,3,),)/1000 -> 1133.43 | P15: =+IFERROR(HLOOKUP($B15,'[2]5월'!$F$6:$CP$99,3,),)/1000 -> 783.76212 | Q15: =+P15-O15 -> -349.66788 | R15: =+IFERROR(HLOOKUP($B15,'[3]5월'!$F$6:$CC$57,3,),)/1000 -> 1362.5258 | S15: =+P15-R15 -> -578.76366 | T15: =+IFERROR(HLOOKUP($B15,'[1]5월'!$D$6:$BN$259,16,),)/1000 -> 104.55247 | U15: =+IFERROR(HLOOKUP($B15,'[2]5월'!$F$6:$CP$99,16,),)/1000 -> 38.252911 | V15: =+U15-T15 -> -66.299555 | W15: =+IFERROR(HLOOKUP($B15,'[3]5월'!$F$6:$CC$57,16,),)/1000 -> 152.34023 | X15: =+U15-W15 -> -114.08732 | Y15: =+[4]양산!$Q$85 -> 94452.5 | Z15: =+[4]양산!$R$85 -> 89706.091 | AA15: =+[5]양산!$Q$85 -> 93528.678 | AB15: =+[4]양산!$Q$89 -> 74267.729 | AC15: =+[4]양산!$R$89 -> 71251.382 | AD15: =+[5]양산!$Q$89 -> 73905.509 | AE15: =+Y15-AB15 -> 20184.771 | AF15: =+Z15-AC15 -> 18454.709 | AG15: =+AA15-AD15 -> 19623.169
B16: 창원 | G16: =+I16 -> 창원 | I16: 창원 | J16: =+IFERROR(HLOOKUP($B16,'[1]5월'!$D$6:$BN$259,2,),)/1000 -> 13 | K16: =+IFERROR(HLOOKUP($B16,'[2]5월'!$F$6:$CP$99,2,),)/1000 -> 8.83 | L16: =+K16-J16 -> -4.17 | M16: =+IFERROR(HLOOKUP($B16,'[3]5월'!$F$6:$CC$57,2,),)/1000 -> 20.1685 | N16: =+K16-M16 -> -11.3385 | O16: =+IFERROR(HLOOKUP($B16,'[1]5월'!$D$6:$BN$259,3,),)/1000 -> 1316.9027 | P16: =+IFERROR(HLOOKUP($B16,'[2]5월'!$F$6:$CP$99,3,),)/1000 -> 858.6514 | Q16: =+P16-O16 -> -458.25126 | R16: =+IFERROR(HLOOKUP($B16,'[3]5월'!$F$6:$CC$57,3,),)/1000 -> 1990.1033 | S16: =+P16-R16 -> -1131.4519 | T16: =+IFERROR(HLOOKUP($B16,'[1]5월'!$D$6:$BN$259,16,),)/1000 -> 138.6512 | U16: =+IFERROR(HLOOKUP($B16,'[2]5월'!$F$6:$CP$99,16,),)/1000 -> 24.863254 | V16: =+U16-T16 -> -113.78795 | W16: =+IFERROR(HLOOKUP($B16,'[3]5월'!$F$6:$CC$57,16,),)/1000 -> 309.32629 | X16: =+U16-W16 -> -284.46304 | Y16: =+[4]창원!$Q$85 -> 101300.2 | Z16: =+[4]창원!$R$85 -> 97242.514 | AA16: =+[5]창원!$Q$85 -> 98673.838 | AB16: =+[4]창원!$Q$89 -> 76404.741 | AC16: =+[4]창원!$R$89 -> 75675.416 | AD16: =+[5]창원!$Q$89 -> 74167.145 | AE16: =+Y16-AB16 -> 24895.464 | AF16: =+Z16-AC16 -> 21567.098 | AG16: =+AA16-AD16 -> 24506.693
B17: 대구 | G17: =+I17 -> 대구 | I17: 대구 | J17: =+IFERROR(HLOOKUP($B17,'[1]5월'!$D$6:$BN$259,2,),)/1000 -> 13 | K17: =+IFERROR(HLOOKUP($B17,'[2]5월'!$F$6:$CP$99,2,),)/1000 -> 8.3985 | L17: =+K17-J17 -> -4.6015 | M17: =+IFERROR(HLOOKUP($B17,'[3]5월'!$F$6:$CC$57,2,),)/1000 -> 20.795 | N17: =+K17-M17 -> -12.3965 | O17: =+IFERROR(HLOOKUP($B17,'[1]5월'!$D$6:$BN$259,3,),)/1000 -> 1267.1637 | P17: =+IFERROR(HLOOKUP($B17,'[2]5월'!$F$6:$CP$99,3,),)/1000 -> 714.62896 | Q17: =+P17-O17 -> -552.53474 | R17: =+IFERROR(HLOOKUP($B17,'[3]5월'!$F$6:$CC$57,3,),)/1000 -> 2090.7307 | S17: =+P17-R17 -> -1376.1017 | T17: =+IFERROR(HLOOKUP($B17,'[1]5월'!$D$6:$BN$259,16,),)/1000 -> 151.83098 | U17: =+IFERROR(HLOOKUP($B17,'[2]5월'!$F$6:$CP$99,16,),)/1000 -> -22.058378 | V17: =+U17-T17 -> -173.88935 | W17: =+IFERROR(HLOOKUP($B17,'[3]5월'!$F$6:$CC$57,16,),)/1000 -> 403.78828 | X17: =+U17-W17 -> -425.84666 | Y17: =+[4]대구!$Q$85 -> 97474.131 | Z17: =+[4]대구!$R$85 -> 85090.071 | AA17: =+[5]대구!$Q$85 -> 100540.07 | AB17: =+[4]대구!$Q$89 -> 72947.443 | AC17: =+[4]대구!$R$89 -> 70269.761 | AD17: =+[5]대구!$Q$89 -> 73272.696 | AE17: =+Y17-AB17 -> 24526.687 | AF17: =+Z17-AC17 -> 14820.31 | AG17: =+AA17-AD17 -> 27267.372
B18: 울산 | G18: =+I18 -> 울산 | I18: 울산 | J18: =+IFERROR(HLOOKUP($B18,'[1]5월'!$D$6:$BN$259,2,),)/1000 -> 13.5 | K18: =+IFERROR(HLOOKUP($B18,'[2]5월'!$F$6:$CP$99,2,),)/1000 -> 11.425 | L18: =+K18-J18 -> -2.075 | M18: =+IFERROR(HLOOKUP($B18,'[3]5월'!$F$6:$CC$57,2,),)/1000 -> 11.917 | N18: =+K18-M18 -> -0.492 | O18: =+IFERROR(HLOOKUP($B18,'[1]5월'!$D$6:$BN$259,3,),)/1000 -> 1363.75 | P18: =+IFERROR(HLOOKUP($B18,'[2]5월'!$F$6:$CP$99,3,),)/1000 -> 1191.1941 | Q18: =+P18-O18 -> -172.5559 | R18: =+IFERROR(HLOOKUP($B18,'[3]5월'!$F$6:$CC$57,3,),)/1000 -> 1241.1459 | S18: =+P18-R18 -> -49.95175 | T18: =+IFERROR(HLOOKUP($B18,'[1]5월'!$D$6:$BN$259,16,),)/1000 -> 115.02258 | U18: =+IFERROR(HLOOKUP($B18,'[2]5월'!$F$6:$CP$99,16,),)/1000 -> 111.42436 | V18: =+U18-T18 -> -3.598221 | W18: =+IFERROR(HLOOKUP($B18,'[3]5월'!$F$6:$CC$57,16,),)/1000 -> 187.53756 | X18: =+U18-W18 -> -76.113204 | Y18: =+[4]울산!$Q$85 -> 101018.52 | Z18: =+[4]울산!$R$85 -> 104262.07 | AA18: =+[5]울산!$Q$85 -> 104149.19 | AB18: =+[4]울산!$Q$89 -> 81726.476 | AC18: =+[4]울산!$R$89 -> 81655.985 | AD18: =+[5]울산!$Q$89 -> 78333.912 | AE18: =+Y18-AB18 -> 19292.043 | AF18: =+Z18-AC18 -> 22606.081 | AG18: =+AA18-AD18 -> 25815.274
B19: 아산 | G19: =+I19 -> 아산 | I19: 아산 | J19: =+IFERROR(HLOOKUP($B19,'[1]5월'!$D$6:$BN$259,2,),)/1000 -> 24 | K19: =+IFERROR(HLOOKUP($B19,'[2]5월'!$F$6:$CP$99,2,),)/1000 -> 22.644 | L19: =+K19-J19 -> -1.356 | M19: =+IFERROR(HLOOKUP($B19,'[3]5월'!$F$6:$CC$57,2,),)/1000 -> 32.637 | N19: =+K19-M19 -> -9.993 | O19: =+IFERROR(HLOOKUP($B19,'[1]5월'!$D$6:$BN$259,3,),)/1000 -> 2472 | P19: =+IFERROR(HLOOKUP($B19,'[2]5월'!$F$6:$CP$99,3,),)/1000 -> 2188.967 | Q19: =+P19-O19 -> -283.033 | R19: =+IFERROR(HLOOKUP($B19,'[3]5월'!$F$6:$CC$57,3,),)/1000 -> 3371.382 | S19: =+P19-R19 -> -1182.415 | T19: =+IFERROR(HLOOKUP($B19,'[1]5월'!$D$6:$BN$259,16,),)/1000 -> 348.62173 | U19: =+IFERROR(HLOOKUP($B19,'[2]5월'!$F$6:$CP$99,16,),)/1000 -> 136.46828 | V19: =+U19-T19 -> -212.15345 | W19: =+IFERROR(HLOOKUP($B19,'[3]5월'!$F$6:$CC$57,16,),)/1000 -> 681.32996 | X19: =+U19-W19 -> -544.86168 | Y19: =+[4]아산!$Q$85 -> 103000 | Z19: =+[4]아산!$R$85 -> 96668.742 | AA19: =+[5]아산!$Q$85 -> 103299.38 | AB19: =+[4]아산!$Q$89 -> 78366.26 | AC19: =+[4]아산!$R$89 -> 79974.966 | AD19: =+[5]아산!$Q$89 -> 75203.707 | AE19: =+Y19-AB19 -> 24633.74 | AF19: =+Z19-AC19 -> 16693.777 | AG19: =+AA19-AD19 -> 28095.677
B20: 전주 | G20: =+I20 -> 전주 | I20: 전주 | J20: =+IFERROR(HLOOKUP($B20,'[1]5월'!$D$6:$BN$259,2,),)/1000 -> 12 | K20: =+IFERROR(HLOOKUP($B20,'[2]5월'!$F$6:$CP$99,2,),)/1000 -> 13.9375 | L20: =+K20-J20 -> 1.9375 | M20: =+IFERROR(HLOOKUP($B20,'[3]5월'!$F$6:$CC$57,2,),)/1000 -> 14.1955 | N20: =+K20-M20 -> -0.258 | O20: =+IFERROR(HLOOKUP($B20,'[1]5월'!$D$6:$BN$259,3,),)/1000 -> 1162.2994 | P20: =+IFERROR(HLOOKUP($B20,'[2]5월'!$F$6:$CP$99,3,),)/1000 -> 1348.2397 | Q20: =+P20-O20 -> 185.9403 | R20: =+IFERROR(HLOOKUP($B20,'[3]5월'!$F$6:$CC$57,3,),)/1000 -> 1369.0424 | S20: =+P20-R20 -> -20.80265 | T20: =+IFERROR(HLOOKUP($B20,'[1]5월'!$D$6:$BN$259,16,),)/1000 -> 134.35065 | U20: =+IFERROR(HLOOKUP($B20,'[2]5월'!$F$6:$CP$99,16,),)/1000 -> 165.00719 | V20: =+U20-T20 -> 30.656538 | W20: =+IFERROR(HLOOKUP($B20,'[3]5월'!$F$6:$CC$57,16,),)/1000 -> 209.80582 | X20: =+U20-W20 -> -44.79863 | Y20: =+[4]전주!$Q$85 -> 96858.283 | Z20: =+[4]전주!$R$85 -> 96734.687 | AA20: =+[5]전주!$Q$85 -> 96441.996 | AB20: =+[4]전주!$Q$89 -> 73172.774 | AC20: =+[4]전주!$R$89 -> 74428.278 | AD20: =+[5]전주!$Q$89 -> 70782.447 | AE20: =+Y20-AB20 -> 23685.51 | AF20: =+Z20-AC20 -> 22306.409 | AG20: =+AA20-AD20 -> 25659.549
B21: 군산 | G21: =+I21 -> 군산 | I21: 군산 | J21: =+IFERROR(HLOOKUP($B21,'[1]5월'!$D$6:$BN$259,2,),)/1000 -> 8 | K21: =+IFERROR(HLOOKUP($B21,'[2]5월'!$F$6:$CP$99,2,),)/1000 -> 6.231 | L21: =+K21-J21 -> -1.769 | M21: =+IFERROR(HLOOKUP($B21,'[3]5월'!$F$6:$CC$57,2,),)/1000 -> 10.731 | N21: =+K21-M21 -> -4.5 | O21: =+IFERROR(HLOOKUP($B21,'[1]5월'!$D$6:$BN$259,3,),)/1000 -> 888.0664 | P21: =+IFERROR(HLOOKUP($B21,'[2]5월'!$F$6:$CP$99,3,),)/1000 -> 651.478 | Q21: =+P21-O21 -> -236.5884 | R21: =+IFERROR(HLOOKUP($B21,'[3]5월'!$F$6:$CC$57,3,),)/1000 -> 1218.0546 | S21: =+P21-R21 -> -566.5766 | T21: =+IFERROR(HLOOKUP($B21,'[1]5월'!$D$6:$BN$259,16,),)/1000 -> 220.37123 | U21: =+IFERROR(HLOOKUP($B21,'[2]5월'!$F$6:$CP$99,16,),)/1000 -> 130.46313 | V21: =+U21-T21 -> -89.908091 | W21: =+IFERROR(HLOOKUP($B21,'[3]5월'!$F$6:$CC$57,16,),)/1000 -> 349.47533 | X21: =+U21-W21 -> -219.01219 | Y21: =+[4]군산!$Q$85 -> 111008.3 | Z21: =+[4]군산!$R$85 -> 104554.33 | AA21: =+[5]군산!$Q$85 -> 113508.02 | AB21: =+[4]군산!$Q$89 -> 72311.475 | AC21: =+[4]군산!$R$89 -> 70840.843 | AD21: =+[5]군산!$Q$89 -> 73381.874 | AE21: =+Y21-AB21 -> 38696.825 | AF21: =+Z21-AC21 -> 33713.482 | AG21: =+AA21-AD21 -> 40126.149
B22: 원주 | G22: =+I22 -> 원주 | I22: 원주 | J22: =+IFERROR(HLOOKUP($B22,'[1]5월'!$D$6:$BN$259,2,),)/1000 -> 6 | K22: =+IFERROR(HLOOKUP($B22,'[2]5월'!$F$6:$CP$99,2,),)/1000 -> 1.6815 | L22: =+K22-J22 -> -4.3185 | M22: =+IFERROR(HLOOKUP($B22,'[3]5월'!$F$6:$CC$57,2,),)/1000 -> 7.601 | N22: =+K22-M22 -> -5.9195 | O22: =+IFERROR(HLOOKUP($B22,'[1]5월'!$D$6:$BN$259,3,),)/1000 -> 672 | P22: =+IFERROR(HLOOKUP($B22,'[2]5월'!$F$6:$CP$99,3,),)/1000 -> 184.23005 | Q22: =+P22-O22 -> -487.76995 | R22: =+IFERROR(HLOOKUP($B22,'[3]5월'!$F$6:$CC$57,3,),)/1000 -> 848.8332 | S22: =+P22-R22 -> -664.60315 | T22: =+IFERROR(HLOOKUP($B22,'[1]5월'!$D$6:$BN$259,16,),)/1000 -> 147.92445 | U22: =+IFERROR(HLOOKUP($B22,'[2]5월'!$F$6:$CP$99,16,),)/1000 -> -23.378171 | V22: =+U22-T22 -> -171.30262 | W22: =+IFERROR(HLOOKUP($B22,'[3]5월'!$F$6:$CC$57,16,),)/1000 -> 211.34338 | X22: =+U22-W22 -> -234.72155 | Y22: =+[4]원주!$Q$85 -> 112000 | Z22: =+[4]원주!$R$85 -> 109562.92 | AA22: =+[5]원주!$Q$85 -> 111673.89 | AB22: =+[4]원주!$Q$89 -> 72688.332 | AC22: =+[4]원주!$R$89 -> 72019.425 | AD22: =+[5]원주!$Q$89 -> 71854.954 | AE22: =+Y22-AB22 -> 39311.668 | AF22: =+Z22-AC22 -> 37543.495 | AG22: =+AA22-AD22 -> 39818.931
B23: 제주 | G23: =+I23 -> 제주 | I23: 제주 | J23: =+IFERROR(HLOOKUP($B23,'[1]5월'!$D$6:$BN$259,2,),)/1000 -> 8 | K23: =+IFERROR(HLOOKUP($B23,'[2]5월'!$F$6:$CP$99,2,),)/1000 -> 5.85 | L23: =+K23-J23 -> -2.15 | M23: =+IFERROR(HLOOKUP($B23,'[3]5월'!$F$6:$CC$57,2,),)/1000 -> 3.7165 | N23: =+K23-M23 -> 2.1335 | O23: =+IFERROR(HLOOKUP($B23,'[1]5월'!$D$6:$BN$259,3,),)/1000 -> 980.908 | P23: =+IFERROR(HLOOKUP($B23,'[2]5월'!$F$6:$CP$99,3,),)/1000 -> 707.66847 | Q23: =+P23-O23 -> -273.23953 | R23: =+IFERROR(HLOOKUP($B23,'[3]5월'!$F$6:$CC$57,3,),)/1000 -> 463.02055 | S23: =+P23-R23 -> 244.64792 | T23: =+IFERROR(HLOOKUP($B23,'[1]5월'!$D$6:$BN$259,16,),)/1000 -> 160.44292 | U23: =+IFERROR(HLOOKUP($B23,'[2]5월'!$F$6:$CP$99,16,),)/1000 -> 60.026911 | V23: =+U23-T23 -> -100.41601 | W23: =+IFERROR(HLOOKUP($B23,'[3]5월'!$F$6:$CC$57,16,),)/1000 -> 51.135698 | X23: =+U23-W23 -> 8.891213 | Y23: =+[4]제주!$Q$85 -> 122613.5 | Z23: =+[4]제주!$R$85 -> 120514.24 | AA23: =+[5]제주!$Q$85 -> 124585.11 | AB23: =+[4]제주!$Q$89 -> 91127.321 | AC23: =+[4]제주!$R$89 -> 92365.438 | AD23: =+[5]제주!$Q$89 -> 88417.978 | AE23: =+Y23-AB23 -> 31486.179 | AF23: =+Z23-AC23 -> 28148.799 | AG23: =+AA23-AD23 -> 36167.129
F24: =+K24/J24 -> 0.81684286 | G24: =+I24 -> 수도권 | I24: 수도권 | J24: =SUM(J7:J10) -> 105 | K24: =SUM(K7:K10) -> 85.7685 | L24: =+K24-J24 -> -19.2315 | M24: =SUM(M7:M10) -> 120.114 | N24: =+K24-M24 -> -34.3455 | O24: =SUM(O7:O10) -> 10185.812 | P24: =SUM(P7:P10) -> 8277.4551 | Q24: =+P24-O24 -> -1908.3566 | R24: =SUM(R7:R10) -> 11931.163 | S24: =+P24-R24 -> -3653.708 | T24: =SUM(T7:T10) -> 746.49657 | U24: =SUM(U7:U10) -> 405.24294 | V24: =+U24-T24 -> -341.25363 | W24: =SUM(W7:W10) -> 1345.1499 | X24: =+U24-W24 -> -939.90696 | Y24: =+[4]수도권!$Q$85 -> 97007.731 | Z24: =+[4]수도권!$R$85 -> 96609.726 | AA24: =+[5]수도권!$Q$85 -> 99353.382 | AB24: =+[4]수도권!$Q$89 -> 80552.566 | AC24: =+[4]수도권!$R$89 -> 80138.588 | AD24: =+[5]수도권!$Q$89 -> 80233.601 | AE24: =+Y24-AB24 -> 16455.164 | AF24: =+Z24-AC24 -> 16471.138 | AG24: =+AA24-AD24 -> 19119.781
F25: =+K25/J25 -> 0.83829804 | G25: =+I25 -> 영남권 | I25: 영남권 | J25: =SUM(J11:J18) -> 127.5 | K25: =SUM(K11:K18) -> 106.883 | L25: =+K25-J25 -> -20.617 | M25: =SUM(M11:M18) -> 158.134 | N25: =+K25-M25 -> -51.251 | O25: =SUM(O11:O18) -> 12810.729 | P25: =SUM(P11:P18) -> 10441.89 | Q25: =+P25-O25 -> -2368.8397 | R25: =SUM(R11:R18) -> 15924.448 | S25: =+P25-R25 -> -5482.5583 | T25: =SUM(T11:T18) -> 1269.8752 | U25: =SUM(U11:U18) -> 680.48282 | V25: =+U25-T25 -> -589.39238 | W25: =SUM(W11:W18) -> 2214.542 | X25: =+U25-W25 -> -1534.0592 | Y25: =+[4]영남권!$Q$85 -> 100476.31 | Z25: =+[4]영남권!$R$85 -> 97803.84 | AA25: =+[5]영남권!$Q$85 -> 100729.73 | AB25: =+[4]영남권!$Q$89 -> 79126.428 | AC25: =+[4]영남권!$R$89 -> 78382.795 | AD25: =+[5]영남권!$Q$89 -> 77860.412 | AE25: =+Y25-AB25 -> 21349.881 | AF25: =+Z25-AC25 -> 19421.045 | AG25: =+AA25-AD25 -> 22869.321
F26: =+K26/J26 -> 0.868 | G26: =+I26 -> 중부권 | I26: 중부권 | J26: =SUM(J19:J23) -> 58 | K26: =SUM(K19:K23) -> 50.344 | L26: =+K26-J26 -> -7.656 | M26: =SUM(M19:M23) -> 68.881 | N26: =+K26-M26 -> -18.537 | O26: =SUM(O19:O23) -> 6175.2738 | P26: =SUM(P19:P23) -> 5080.5832 | Q26: =+P26-O26 -> -1094.6906 | R26: =SUM(R19:R23) -> 7270.3327 | S26: =+P26-R26 -> -2189.7495 | T26: =SUM(T19:T23) -> 1011.711 | U26: =SUM(U19:U23) -> 468.58735 | V26: =+U26-T26 -> -543.12363 | W26: =SUM(W19:W23) -> 1503.0902 | X26: =+U26-W26 -> -1034.5028 | Y26: =+[4]중부권!$Q$85 -> 106470.24 | Z26: =+[4]중부권!$R$85 -> 100717.64 | AA26: =+[5]중부권!$Q$85 -> 105549.17 | AB26: =+[4]중부권!$Q$89 -> 77629.377 | AC26: =+[4]중부권!$R$89 -> 78379.749 | AD26: =+[5]중부권!$Q$89 -> 74352.154 | AE26: =+Y26-AB26 -> 28840.861 | AF26: =+Z26-AC26 -> 22337.894 | AG26: =+AA26-AD26 -> 31197.021
F27: =+K27/M27 -> 0.70001498 | G27: =+K27/J27 -> 0.83647332 | H27: 레미콘 계 | J27: =SUM(J24:J26) -> 290.5 | K27: =SUM(K24:K26) -> 242.9955 | L27: =+K27-J27 -> -47.5045 | M27: =SUM(M24:M26) -> 347.129 | N27: =+K27-M27 -> -104.1335 | O27: =SUM(O24:O26) -> 29171.815 | P27: =SUM(P24:P26) -> 23799.928 | Q27: =+P27-O27 -> -5371.8869 | R27: =SUM(R24:R26) -> 35125.944 | S27: =+P27-R27 -> -11326.016 | T27: =SUM(T24:T26) -> 3028.0827 | U27: =SUM(U24:U26) -> 1554.3131 | V27: =+U27-T27 -> -1473.7696 | W27: =SUM(W24:W26) -> 5062.7821 | X27: =+U27-W27 -> -3508.469 | Y27: =+[4]합계!$Q$85 -> 100419.33 | Z27: =+[4]합계!$R$85 -> 97989.576 | AA27: =+[5]합계!$Q$85 -> 101219.55 | AB27: =+[4]합계!$Q$89 -> 79343.005 | AC27: =+[4]합계!$R$89 -> 78999.854 | AD27: =+[5]합계!$Q$89 -> 77974.542 | AE27: =+Y27-AB27 -> 21076.324 | AF27: =+Z27-AC27 -> 18989.722 | AG27: =+AA27-AD27 -> 23245.012 | AI27: =+AF27-AE27 -> -2086.6015 | AJ27: =+AF27-AG27 -> -4255.2898
B28: 건자재 | E28: 건자재영업 | G28: 건자재 | H28: 건자재 | J28: =+IFERROR(HLOOKUP($B28,'[1]5월'!$D$6:$BN$259,2,),) -> 10700 | K28: =+IFERROR(HLOOKUP($E28,'[2]5월'!$F$6:$CP$99,2,),) -> 10256.286 | L28: =+K28-J28 -> -443.714 | M28: =+IFERROR(HLOOKUP($E28,'[3]5월'!$F$6:$CC$57,2,),) -> 9787.441 | N28: =+K28-M28 -> 468.845 | O28: =+IFERROR(HLOOKUP($B28,'[1]5월'!$D$6:$BN$259,3,),)/1000 -> 11710.568 | P28: =+IFERROR(HLOOKUP($E28,'[2]5월'!$F$6:$CP$99,3,),)/1000 -> 10025.106 | Q28: =+P28-O28 -> -1685.4627 | R28: =+IFERROR(HLOOKUP($E28,'[3]5월'!$F$6:$CC$57,3,),)/1000 -> 9774.8209 | S28: =+P28-R28 -> 250.28473 | T28: =+IFERROR(HLOOKUP($B28,'[1]5월'!$D$6:$BN$259,16,),)/1000 -> 192.4776 | U28: =+IFERROR(HLOOKUP($E28,'[2]5월'!$F$6:$CP$99,16,),)/1000 -> 46.262732 | V28: =+U28-T28 -> -146.21486 | W28: =+IFERROR(HLOOKUP($E28,'[3]5월'!$F$6:$CC$57,16,),)/1000 -> 122.36803 | X28: =+U28-W28 -> -76.105295 | Y28: ■ 비고
B29: 부산모래장 | C29: 부산골재 | G29: =+I29 -> 부산모래장 | H29: 골재 | I29: 부산모래장 | J29: =+IFERROR(HLOOKUP($B29,'[1]5월'!$D$6:$BN$259,2,),)/1000 -> 24.954729 | K29: =+IFERROR(HLOOKUP($C29,'[2]5월'!$F$6:$CP$99,2,),)/1000 -> 26.131 | L29: =+K29-J29 -> 1.1762714 | M29: =+IFERROR(HLOOKUP($C29,'[3]5월'!$F$6:$CC$57,2,),)/1000 -> 25.913 | N29: =+K29-M29 -> 0.218 | O29: =+IFERROR(HLOOKUP($B29,'[1]5월'!$D$6:$BN$259,3,),)/1000 -> 678.26088 | P29: =+IFERROR(HLOOKUP($C29,'[2]5월'!$F$6:$CP$99,3,),)/1000 -> 733.4355 | Q29: =+P29-O29 -> 55.174616 | R29: =+IFERROR(HLOOKUP($C29,'[3]5월'!$F$6:$CC$57,3,),)/1000 -> 748.562 | S29: =+P29-R29 -> -15.1265 | T29: =+IFERROR(HLOOKUP($B29,'[1]5월'!$D$6:$BN$259,21,),)/1000 -> 70.574216 | U29: =+IFERROR(HLOOKUP($C29,'[2]5월'!$F$6:$CP$99,21,),)/1000 -> 74.179301 | V29: =+U29-T29 -> 3.6050852 | W29: =+IFERROR(HLOOKUP($C29,'[3]5월'!$F$6:$CC$57,21,),)/1000 -> 42.923393 | X29: =+U29-W29 -> 31.255908 | Y29: - 판매단가 : 대구권 단가협상 4,900원/㎥↓(5/1부)
B30: 서부산크라샤 | C30: 서부산골재 | G30: =+I30 -> 서부산CR | I30: 서부산CR | J30: =+IFERROR(HLOOKUP($B30,'[1]5월'!$D$6:$BN$259,2,),)/1000 -> 49.378252 | K30: =+IFERROR(HLOOKUP($C30,'[2]5월'!$F$6:$CP$99,2,),)/1000 -> 20.388 | L30: =+K30-J30 -> -28.990252 | M30: =+IFERROR(HLOOKUP($C30,'[3]5월'!$F$6:$CC$57,2,),)/1000 -> 26.574 | N30: =+K30-M30 -> -6.186 | O30: =+IFERROR(HLOOKUP($B30,'[1]5월'!$D$6:$BN$259,3,),)/1000 -> 711.17443 | P30: =+IFERROR(HLOOKUP($C30,'[2]5월'!$F$6:$CP$99,3,),)/1000 -> 291.392 | Q30: =+P30-O30 -> -419.78243 | R30: =+IFERROR(HLOOKUP($C30,'[3]5월'!$F$6:$CC$57,3,),)/1000 -> 369.83 | S30: =+P30-R30 -> -78.438 | T30: =+IFERROR(HLOOKUP($B30,'[1]5월'!$D$6:$BN$259,21,),)/1000 -> 136.78435 | U30: =+IFERROR(HLOOKUP($C30,'[2]5월'!$F$6:$CP$99,21,),)/1000 -> 29.834151 | V30: =+U30-T30 -> -106.9502 | W30: =+IFERROR(HLOOKUP($C30,'[3]5월'!$F$6:$CC$57,21,),)/1000 -> 48.486048 | X30: =+U30-W30 -> -18.651897 | Y30: - 1군 판가 소급분(마이너스 계산서) : 0.8억
B31: 부산크라샤 | C31: 부산크라샤 | G31: =+I31 -> 부산CR | I31: 부산CR | J31: =+IFERROR(HLOOKUP($B31,'[1]5월'!$D$6:$BN$259,2,),)/1000 -> 41.403802 | K31: =+IFERROR(HLOOKUP($C31,'[2]5월'!$F$6:$CP$99,2,),)/1000 -> 23.17 | L31: =+K31-J31 -> -18.233802 | M31: =+IFERROR(HLOOKUP($C31,'[3]5월'!$F$6:$CC$57,2,),)/1000 -> 46.828 | N31: =+K31-M31 -> -23.658 | O31: =+IFERROR(HLOOKUP($B31,'[1]5월'!$D$6:$BN$259,3,),)/1000 -> 698.28267 | P31: =+IFERROR(HLOOKUP($C31,'[2]5월'!$F$6:$CP$99,3,),)/1000 -> 442.799 | Q31: =+P31-O31 -> -255.48367 | R31: =+IFERROR(HLOOKUP($C31,'[3]5월'!$F$6:$CC$57,3,),)/1000 -> 857.386 | S31: =+P31-R31 -> -414.587 | T31: =+IFERROR(HLOOKUP($B31,'[1]5월'!$D$6:$BN$259,21,),)/1000 -> 91.524011 | U31: =+IFERROR(HLOOKUP($C31,'[2]5월'!$F$6:$CP$99,21,),)/1000 -> -90.562278 | V31: =+U31-T31 -> -182.08629 | W31: =+IFERROR(HLOOKUP($C31,'[3]5월'!$F$6:$CC$57,21,),)/1000 -> 80.169636 | X31: =+U31-W31 -> -170.73191 | Y31: - 운반비 : 영남권 MT운반비 2개년 합의 인상 적용(5/1)
H32: 골재 계 | J32: =SUM(J29:J31) -> 115.73678 | K32: =SUM(K29:K31) -> 69.689 | L32: =+K32-J32 -> -46.047782 | M32: =SUM(M29:M31) -> 99.315 | N32: =+K32-M32 -> -29.626 | O32: =SUM(O29:O31) -> 2087.718 | P32: =SUM(P29:P31) -> 1467.6265 | Q32: =+P32-O32 -> -620.09148 | R32: =SUM(R29:R31) -> 1975.778 | S32: =+P32-R32 -> -508.1515 | T32: =SUM(T29:T31) -> 298.88258 | U32: =SUM(U29:U31) -> 13.451174 | V32: =+U32-T32 -> -285.43141 | W32: =SUM(W29:W31) -> 171.57908 | X32: =+U32-W32 -> -158.1279 | Y32: → 부산권 4천원, 창원 3.5천원 / 제주 협상完 500원/㎥ 인상
B33: 포항임대 | C33: 속초임대 | D33: 강릉임대 | E33: 레미콘임대 계 | G33: =+I33 -> 레미콘임대 | H33: 기타 | I33: 레미콘임대 | L33: =+K33-J33 -> 0 | N33: =+K33-M33 -> 0 | O33: =(IFERROR(HLOOKUP($B33,'[1]5월'!$D$6:$BN$259,3,),)++IFERROR(HLOOKUP($C33,'[1]5월'!$D$6:$BN$259,3,),)+IFERROR(HLOOKUP($D33,'[1]5월'!$D$6:$BN$259,3,),))/1000 -> 66.666667 | P33: =+IFERROR(HLOOKUP($E33,'[2]5월'!$F$6:$CP$99,3,),)/1000 -> 43.34 | Q33: =+P33-O33 -> -23.326667 | R33: =+IFERROR(HLOOKUP($E33,'[3]5월'!$F$6:$CC$57,3,),)/1000 -> 90.84 | S33: =+P33-R33 -> -47.5 | T33: =(IFERROR(HLOOKUP($B33,'[1]5월'!$D$6:$BN$259,21,),)++IFERROR(HLOOKUP($C33,'[1]5월'!$D$6:$BN$259,21,),)+IFERROR(HLOOKUP($D33,'[1]5월'!$D$6:$BN$259,21,),))/1000 -> 48.349888 | U33: =+IFERROR(HLOOKUP($E33,'[2]5월'!$F$6:$CP$99,16,),)/1000 -> 23.178219 | V33: =+U33-T33 -> -25.171669 | W33: =+IFERROR(HLOOKUP($E33,'[3]5월'!$F$6:$CC$57,16,),)/1000 -> 68.93061 | X33: =+U33-W33 -> -45.752391
B34: 부동산임대 | C34: 주유소임대 | E34: 임대 계 | G34: =+I34 -> 임대 | I34: 임대 | L34: =+K34-J34 -> 0 | M34: 0 | N34: =+K34-M34 -> 0 | O34: =(+IFERROR(HLOOKUP($B34,'[1]5월'!$D$6:$BN$259,3,),)+IFERROR(HLOOKUP($C34,'[1]5월'!$D$6:$BN$259,3,),))/1000 -> 74.0915 | P34: =+IFERROR(HLOOKUP($E34,'[2]5월'!$F$6:$CP$99,3,),)/1000 -> 73.768631 | Q34: =+P34-O34 -> -0.322869 | R34: =+IFERROR(HLOOKUP($E34,'[3]5월'!$F$6:$CC$57,3,),)/1000 -> 73.683136 | S34: =+P34-R34 -> 0.085495 | T34: =(+IFERROR(HLOOKUP($B34,'[1]5월'!$D$6:$BN$259,21,),)+IFERROR(HLOOKUP($C34,'[1]5월'!$D$6:$BN$259,21,),))/1000 -> 63.964 | U34: =+IFERROR(HLOOKUP($E34,'[2]5월'!$F$6:$CP$99,16,),)/1000 -> 66.602381 | V34: =+U34-T34 -> 2.638381 | W34: =+IFERROR(HLOOKUP($E34,'[3]5월'!$F$6:$CC$57,16,),)/1000 -> 63.574319 | X34: =+U34-W34 -> 3.028062
B35: 공 통 비 | G35: =+I35 -> 공통비 | I35: 공통비 | L35: =+K35-J35 -> 0 | N35: =+K35-M35 -> 0 | Q35: =+P35-O35 -> 0 | S35: =+P35-R35 -> 0 | T35: =-'[1]5월'!$Z$22/1000 -> -1315.8435 | U35: =+-'[2]5월'!$Z$22/1000 -> -1405.8047 | V35: =+U35-T35 -> -89.961196 | W35: =+-'[3]5월'!$Z$22/1000 -> -1157.1102 | X35: =+U35-W35 -> -248.69454
G36: =+I36 -> OPC 소급분 | I36: OPC 소급분 | N36: =+K36-M36 -> 0 | Q36: =+P36-O36 -> 0 | S36: =+P36-R36 -> 0 | U36: ='[2]5월'!$BD$26/1000 -> 0 | V36: =+U36-T36 -> 0 | W36: =-'[3]5월'!$BD$26/1000 -> 0 | X36: =+U36-W36 -> 0
G37: =+I37 -> 대손 | I37: 대손 | N37: =+K37-M37 -> 0 | Q37: =+P37-O37 -> 0 | S37: =+P37-R37 -> 0 | U37: ='[2]5월'!$BE$26/1000 -> 0 | V37: =+U37-T37 -> 0 | W37: ='[3]5월'!$BE$26/1000 -> 0 | X37: =+U37-W37 -> 0
G38: =+I38 -> 미운영 공장 | I38: 미운영 공장 | M38: =SUM(M54:M59) -> 0 | N38: =+K38-M38 -> 0 | Q38: =+P38-O38 -> 0 | R38: =+IFERROR(HLOOKUP($I$38,'[3]5월'!$F$6:$BJ$50,3,),)/1000 -> 0 | S38: =+P38-R38 -> 0 | T38: =SUM('[1]5월'!$AM$26:$AQ$26)/1000 -> -32.504496 | U38: =+'[2]5월'!$BF$26/1000 -> -37.499672 | V38: =+U38-T38 -> -4.995176 | W38: =+'[3]5월'!$BF$26/1000 -> -97.949849 | X38: =+U38-W38 -> 60.450177
B39: 기타 계 | G39: =+I39 -> 퇴직위로금 | I39: 퇴직위로금 | U39: =+'[2]5월'!$BG$26/1000 -> 0 | V39: =+U39-T39 -> 0 | X39: =+U39-W39 -> 0
G40: =+I40 -> 기타 | I40: 기타 | L40: =+K40-J40 -> 0 | N40: =+K40-M40 -> 0 | O40: =IFERROR(HLOOKUP($B39,'[1]5월'!$D$6:$BN$259,3,),)/1000 -> 1.77 | P40: =+('[2]5월'!$F$8-SUM('[2]5월'!$Z$8,'[2]5월'!$AH$8,'[2]5월'!$AN$8,'[2]5월'!$AO$8,'[2]5월'!$BA$8,'[2]5월'!$BD$8,'[2]5월'!$BE$8,'[2]5월'!$BF$8))/1000 -> 1.67985 | Q40: =+P40-O40 -> -0.09015 | R40: =+('[3]5월'!$F$8-SUM('[3]5월'!$Z$8,'[3]5월'!$AH$8,'[3]5월'!$AN$8,'[3]5월'!$AO$8,'[3]5월'!$BA$8,'[3]5월'!$BD$8,'[3]5월'!$BE$8,'[3]5월'!$BF$8))/1000 -> 1.704 | S40: =+P40-R40 -> -0.02415 | T40: =+('[1]5월'!$E$26-'[1]5월'!$Z$26-'[1]5월'!$AA$26-'[1]5월'!$AE$26-'[1]5월'!$AL$26-'[1]5월'!$AM$26-'[1]5월'!$AN$26-'[1]5월'!$AO$26-'[1]5월'!$AP$26-'[1]5월'!$AQ$26-'[1]5월'!$AS$26+'[1]5월'!$AS$26)/1000 -> -85.138375 | U40: =+('[2]5월'!$F$26-SUM('[2]5월'!$Z$26,'[2]5월'!$AH$26,'[2]5월'!$AN$26,'[2]5월'!$AO$26,'[2]5월'!$BA$26,'[2]5월'!$BD$26,'[2]5월'!$BE$26,'[2]5월'!$BF$26))/1000-U39 -> -15.421941 | V40: =+U40-T40 -> 69.716434 | W40: =+('[3]5월'!$F$26-SUM('[3]5월'!$Z$26,'[3]5월'!$AH$26,'[3]5월'!$AN$26,'[3]5월'!$AO$26,'[3]5월'!$BA$26,'[3]5월'!$BD$26,'[3]5월'!$BE$26,'[3]5월'!$BF$26))/1000 -> -16.881884 | X40: =+U40-W40 -> 1.459943
H41: 기타 계 | J41: =SUM(J33:J40) -> 0 | K41: =SUM(K33:K40) -> 0 | L41: =+K41-J41 -> 0 | M41: =SUM(M33:M40) -> 0 | N41: =+K41-M41 -> 0 | O41: =SUM(O33:O40) -> 142.52817 | P41: =SUM(P33:P40) -> 118.78848 | Q41: =+P41-O41 -> -23.739686 | R41: =SUM(R33:R40) -> 166.22714 | S41: =+P41-R41 -> -47.438655 | T41: =SUM(T33:T40) -> -1321.1725 | U41: =SUM(U33:U40) -> -1368.9457 | V41: =+U41-T41 -> -47.773225 | W41: =SUM(W33:W40) -> -1139.437 | X41: =+U41-W41 -> -229.50875
U42: 19 | V42: 12.4
G43: =+P43/O43 -> 0.82137066 | H43: 합계 | O43: =+O27+O32+O28+O41 -> 43112.629 | P43: =+P27+P32+P28+P41 -> 35411.449 | Q43: =+P43-O43 -> -7701.1807 | R43: =+R27+R32+R28+R41 -> 47042.77 | S43: =+P43-R43 -> -11631.321 | T43: =+T27+T32+T28+T41 -> 2198.2704 | U43: =+U27+U32+U28+U41 -> 245.08131 | V43: =+U43-T43 -> -1953.1891 | W43: =+W27+W32+W28+W41 -> 4217.2923 | X43: =+U43-W43 -> -3972.2109
G44: =+U43/T43 -> 0.11148824 | P44: =+P43/O43 -> 0.82137066 | R44: =+P43/R43 -> 0.75275008 | T44: =+T43/O43 -> 0.050989014 | U44: =+U43/P43 -> 0.0069209625
F46: =+K28/M28 -> 1.0479027 | G46: =+K28/J28 -> 0.9585314 | I46: 확인 | J46: =+'[1]5월'!$Z$7/1000 -> 290.5 | K46: =+'[2]5월'!$AI$7/1000 -> 242.9955 | M46: =+'[3]5월'!$Z$7/1000 -> 347.129 | O46: =+'[1]5월'!$E$8/1000 -> 43112.629 | P46: =+'[2]5월'!$F$8/1000 -> 35411.449 | R46: =+'[3]5월'!$F$8/1000 -> 47042.77 | T46: =+'[1]5월'!$E$26/1000 -> 2198.2704 | U46: =+'[2]5월'!$F$26/1000 -> 245.08131 | W46: =+'[3]5월'!$F$26/1000 -> 4217.2923
F47: =+K32/M32 -> 0.70169662 | G47: =+K32/J32 -> 0.60213356 | J47: =+J46-J27 -> 0 | K47: =+K46-K27 -> 0 | M47: =+M46-M27 -> 0 | O47: =+O46-O43 -> 0 | P47: =+P46-P43 -> 0 | R47: =+R46-R43 -> 0 | T47: =+T46-T43 -> -9.5496944e-12 | U47: =+U46-U43 -> -6.2527761e-13 | W47: =+W46-W43 -> 0
O49: =+O43-O28 -> 31402.061 | P49: =+P43-P28 -> 25386.343 | Q49: =+P49-O49 -> -6015.718
O50: =+O49/100 -> 314.02061 | P50: =+P49/100 -> 253.86343 | Q50: =+P50-O50 -> -60.15718 | S50: 레미콘 | T50: =(+T27+T35)/100 -> 17.122393 | U50: =(+U27+U35)/100 -> 1.4850841 | V50: =+U50-T50 -> -15.637308 | W50: =+U50/T50-1 -> -0.91326655
Q51: =+P50/O50 -> 0.8084292 | S51: 건자재 | T51: =+T28/100 -> 1.924776 | U51: =+U28/100 -> 0.46262732 | V51: =+U51-T51 -> -1.4621486
S52: 골재 | T52: =+T32/100 -> 2.9888258 | U52: =+U32/100 -> 0.13451174 | V52: =+U52-T52 -> -2.8543141
S53: 임대 | T53: =(T33+T34)/100 -> 1.1231389 | U53: =(U33+U34)/100 -> 0.897806 | V53: =+U53-T53 -> -0.22533288
S54: 기타 | T54: =(T46/100)-T50-T51-T52-T53 -> -1.1764287 | U54: =(U46/100)-U50-U51-U52-U53 -> -0.52921613 | V54: =+U54-T54 -> 0.64721258
T55: =SUM(T53:T54) -> -0.053289833 | U55: =SUM(U53:U54) -> 0.36858987 | V55: =SUM(V53:V54) -> 0.4218797
T56: =SUM(T50:T54) -> 21.982704 | U56: =SUM(U50:U54) -> 2.4508131 | V56: =+U56-T56 -> -19.531891
S58: 임대 | T58: =+(T33+T34)/100 -> 1.1231389 | U58: =+(U33+U34)/100 -> 0.897806 | V58: =+U58-T58 -> -0.22533288
S59: =+I36 -> OPC 소급분 | T59: =+T36/100 -> 0 | U59: =+U36/100 -> 0 | V59: =+U59-T59 -> 0
S60: =+I37 -> 대손 | T60: =+T37/100 -> 0 | U60: =+U37/100 -> 0 | V60: =+U60-T60 -> 0
S61: =+I38 -> 미운영 공장 | T61: =+T38/100 -> -0.32504496 | U61: =+U38/100 -> -0.37499672 | V61: =+U61-T61 -> -0.04995176
S62: =+I40 -> 기타 | T62: =+T40/100 -> -0.85138375 | U62: =+U40/100 -> -0.15421941 | V62: =+U62-T62 -> 0.69716434
T63: =SUM(T58:T62) -> -0.053289833 | U63: =SUM(U58:U62) -> 0.36858987 | V63: =SUM(V58:V62) -> 0.4218797
T66: =SUM(T33:T34,T36,T38:T40) -> -5.3289833 | U66: =SUM(U33:U34,U36,U38:U40) -> 36.858987 | V66: =+U66-T66 -> 42.18797
T68: =+T43-T28 -> 2005.7928 | U68: =+U43-U28 -> 198.81858
T69: =+T68/100 -> 20.057928 | U69: =+U68/100 -> 1.9881858 | V69: =+U69-T69 -> -18.069743

Sheet 사업장별(누계)
H3: □ 사업장별 손익실적(2025-05누계)
AG4: [단위 : 천㎥, 톤, 백만원]
H5: 구분 | J5: 물량 | O5: 매출 | T5: 영업이익(공통비 배부전) | Y5: 판매단가 | AB5: 변동비 | AE5: 공헌이익
A6: 2024년 5월누계 마감 손익 | J6: 계획 | K6: 실적 | L6: 차이 | M6: 전년 | N6: 차이 | O6: 계획 | P6: 실적 | Q6: 차이 | R6: 전년 | S6: 차이 | T6: 계획 | U6: 실적 | V6: 차이 | W6: 전년 | X6: 차이 | Y6: 계획 | Z6: 실적 | AA6: 전년 | AB6: 계획 | AC6: 실적 | AD6: 전년 | AE6: 계획 | AF6: 실적 | AG6: 전년
B7: 안양 | G7: =+I7 -> 안양 | H7: 레미콘 | I7: 안양 | J7: =+IFERROR(HLOOKUP($B7,'[1]5월누계'!$D$6:$BN$259,2,),)/1000 -> 182 | K7: =+IFERROR(HLOOKUP($B7,'[2]5월누계'!$F$6:$CP$99,2,),)/1000 -> 171.774 | L7: =+K7-J7 -> -10.226 | M7: =+IFERROR(HLOOKUP($B7,'[3]5월누계'!$F$6:$CC$57,2,),)/1000 -> 211.304 | N7: =+K7-M7 -> -39.53 | O7: =+IFERROR(HLOOKUP($B7,'[1]5월누계'!$D$6:$BN$259,3,),)/1000 -> 17844.87 | P7: =+IFERROR(HLOOKUP($B7,'[2]5월누계'!$F$6:$CP$99,3,),)/1000 -> 16474.909 | Q7: =+P7-O7 -> -1369.9613 | R7: =+IFERROR(HLOOKUP($B7,'[3]5월누계'!$F$6:$CC$57,3,),)/1000 -> 20962.964 | S7: =+P7-R7 -> -4488.0551 | T7: =+IFERROR(HLOOKUP($B7,'[1]5월누계'!$D$6:$BN$259,16,),)/1000 -> 1366.5563 | U7: =+IFERROR(HLOOKUP($B7,'[2]5월누계'!$F$6:$CP$99,16,),)/1000 -> 1107.7854 | V7: =+U7-T7 -> -258.77093 | W7: =+IFERROR(HLOOKUP($B7,'[3]5월누계'!$F$6:$CC$57,16,),)/1000 -> 2251.0942 | X7: =+U7-W7 -> -1143.3088 | Y7: =+[9]안양!$Q$85 -> 98048.737 | Z7: =+[9]안양!$R$85 -> 95893.386 | AA7: =+[10]안양!$Q$85 -> 99203.365 | AB7: =+[9]안양!$Q$89 -> 82117.112 | AC7: =+[9]안양!$R$89 -> 80603.98 | AD7: =+[10]안양!$Q$89 -> 81339.683 | AE7: =+Y7-AB7 -> 15931.626 | AF7: =+Z7-AC7 -> 15289.407 | AG7: =+AA7-AD7 -> 17863.682
B8: 인천 | G8: =+I8 -> 인천 | H8: 직영 | I8: 인천 | J8: =+IFERROR(HLOOKUP($B8,'[1]5월누계'!$D$6:$BN$259,2,),)/1000 -> 135 | K8: =+IFERROR(HLOOKUP($B8,'[2]5월누계'!$F$6:$CP$99,2,),)/1000 -> 135.826 | L8: =+K8-J8 -> 0.826 | M8: =+IFERROR(HLOOKUP($B8,'[3]5월누계'!$F$6:$CC$57,2,),)/1000 -> 143.907 | N8: =+K8-M8 -> -8.081 | O8: =+IFERROR(HLOOKUP($B8,'[1]5월누계'!$D$6:$BN$259,3,),)/1000 -> 13214.933 | P8: =+IFERROR(HLOOKUP($B8,'[2]5월누계'!$F$6:$CP$99,3,),)/1000 -> 13329.679 | Q8: =+P8-O8 -> 114.74518 | R8: =+IFERROR(HLOOKUP($B8,'[3]5월누계'!$F$6:$CC$57,3,),)/1000 -> 14464.339 | S8: =+P8-R8 -> -1134.6604 | T8: =+IFERROR(HLOOKUP($B8,'[1]5월누계'!$D$6:$BN$259,16,),)/1000 -> 471.18145 | U8: =+IFERROR(HLOOKUP($B8,'[2]5월누계'!$F$6:$CP$99,16,),)/1000 -> 304.48832 | V8: =+U8-T8 -> -166.69313 | W8: =+IFERROR(HLOOKUP($B8,'[3]5월누계'!$F$6:$CC$57,16,),)/1000 -> 1221.7192 | X8: =+U8-W8 -> -917.2309 | Y8: =+[9]인천!$Q$85 -> 97888.396 | Z8: =+[9]인천!$R$85 -> 98223.973 | AA8: =+[10]인천!$Q$85 -> 100511.71 | AB8: =+[9]인천!$Q$89 -> 83228.421 | AC8: =+[9]인천!$R$89 -> 84575.512 | AD8: =+[10]인천!$Q$89 -> 82210.921 | AE8: =+Y8-AB8 -> 14659.974 | AF8: =+Z8-AC8 -> 13648.461 | AG8: =+AA8-AD8 -> 18300.792
B9: 파주 | G9: =+I9 -> 파주 | I9: 파주 | J9: =+IFERROR(HLOOKUP($B9,'[1]5월누계'!$D$6:$BN$259,2,),)/1000 -> 94 | K9: =+IFERROR(HLOOKUP($B9,'[2]5월누계'!$F$6:$CP$99,2,),)/1000 -> 54.693 | L9: =+K9-J9 -> -39.307 | M9: =+IFERROR(HLOOKUP($B9,'[3]5월누계'!$F$6:$CC$57,2,),)/1000 -> 123.386 | N9: =+K9-M9 -> -68.693 | O9: =+IFERROR(HLOOKUP($B9,'[1]5월누계'!$D$6:$BN$259,3,),)/1000 -> 9046.8854 | P9: =+IFERROR(HLOOKUP($B9,'[2]5월누계'!$F$6:$CP$99,3,),)/1000 -> 5056.7412 | Q9: =+P9-O9 -> -3990.1443 | R9: =+IFERROR(HLOOKUP($B9,'[3]5월누계'!$F$6:$CC$57,3,),)/1000 -> 12286.365 | S9: =+P9-R9 -> -7229.624 | T9: =+IFERROR(HLOOKUP($B9,'[1]5월누계'!$D$6:$BN$259,16,),)/1000 -> 339.74354 | U9: =+IFERROR(HLOOKUP($B9,'[2]5월누계'!$F$6:$CP$99,16,),)/1000 -> -341.58587 | V9: =+U9-T9 -> -681.3294 | W9: =+IFERROR(HLOOKUP($B9,'[3]5월누계'!$F$6:$CC$57,16,),)/1000 -> 974.81997 | X9: =+U9-W9 -> -1316.4058 | Y9: =+[9]파주!$Q$85 -> 96243.462 | Z9: =+[9]파주!$R$85 -> 92490.514 | AA9: =+[10]파주!$Q$85 -> 99613.277 | AB9: =+[9]파주!$Q$89 -> 79759.886 | AC9: =+[9]파주!$R$89 -> 78587.599 | AD9: =+[10]파주!$Q$89 -> 82206.609 | AE9: =+Y9-AB9 -> 16483.576 | AF9: =+Z9-AC9 -> 13902.915 | AG9: =+AA9-AD9 -> 17406.667
B10: 김포 | G10: =+I10 -> 김포 | I10: 김포 | J10: =+IFERROR(HLOOKUP($B10,'[1]5월누계'!$D$6:$BN$259,2,),)/1000 -> 64 | K10: =+IFERROR(HLOOKUP($B10,'[2]5월누계'!$F$6:$CP$99,2,),)/1000 -> 47.8655 | L10: =+K10-J10 -> -16.1345 | M10: =+IFERROR(HLOOKUP($B10,'[3]5월누계'!$F$6:$CC$57,2,),)/1000 -> 61.9005 | N10: =+K10-M10 -> -14.035 | O10: =+IFERROR(HLOOKUP($B10,'[1]5월누계'!$D$6:$BN$259,3,),)/1000 -> 6088.3355 | P10: =+IFERROR(HLOOKUP($B10,'[2]5월누계'!$F$6:$CP$99,3,),)/1000 -> 4562.9621 | Q10: =+P10-O10 -> -1525.3734 | R10: =+IFERROR(HLOOKUP($B10,'[3]5월누계'!$F$6:$CC$57,3,),)/1000 -> 6138.8182 | S10: =+P10-R10 -> -1575.8561 | T10: =+IFERROR(HLOOKUP($B10,'[1]5월누계'!$D$6:$BN$259,16,),)/1000 -> 319.9856 | U10: =+IFERROR(HLOOKUP($B10,'[2]5월누계'!$F$6:$CP$99,16,),)/1000 -> -19.549578 | V10: =+U10-T10 -> -339.53518 | W10: =+IFERROR(HLOOKUP($B10,'[3]5월누계'!$F$6:$CC$57,16,),)/1000 -> 621.5745 | X10: =+U10-W10 -> -641.12408 | Y10: =+[9]김포!$Q$85 -> 95130.242 | Z10: =+[9]김포!$R$85 -> 95383.145 | AA10: =+[10]김포!$Q$85 -> 99202.658 | AB10: =+[9]김포!$Q$89 -> 76478.377 | AC10: =+[9]김포!$R$89 -> 78207.019 | AD10: =+[10]김포!$Q$89 -> 76358.732 | AE10: =+Y10-AB10 -> 18651.866 | AF10: =+Z10-AC10 -> 17176.126 | AG10: =+AA10-AD10 -> 22843.926
B11: 부산 | G11: =+I11 -> 부산 | I11: 부산 | J11: =+IFERROR(HLOOKUP($B11,'[1]5월누계'!$D$6:$BN$259,2,),)/1000 -> 99 | K11: =+IFERROR(HLOOKUP($B11,'[2]5월누계'!$F$6:$CP$99,2,),)/1000 -> 95.626 | L11: =+K11-J11 -> -3.374 | M11: =+IFERROR(HLOOKUP($B11,'[3]5월누계'!$F$6:$CC$57,2,),)/1000 -> 113.1435 | N11: =+K11-M11 -> -17.5175 | O11: =+IFERROR(HLOOKUP($B11,'[1]5월누계'!$D$6:$BN$259,3,),)/1000 -> 10662.291 | P11: =+IFERROR(HLOOKUP($B11,'[2]5월누계'!$F$6:$CP$99,3,),)/1000 -> 10214.984 | Q11: =+P11-O11 -> -447.30659 | R11: =+IFERROR(HLOOKUP($B11,'[3]5월누계'!$F$6:$CC$57,3,),)/1000 -> 12068.068 | S11: =+P11-R11 -> -1853.0835 | T11: =+IFERROR(HLOOKUP($B11,'[1]5월누계'!$D$6:$BN$259,16,),)/1000 -> 931.66845 | U11: =+IFERROR(HLOOKUP($B11,'[2]5월누계'!$F$6:$CP$99,16,),)/1000 -> 984.20983 | V11: =+U11-T11 -> 52.541386 | W11: =+IFERROR(HLOOKUP($B11,'[3]5월누계'!$F$6:$CC$57,16,),)/1000 -> 1401.8406 | X11: =+U11-W11 -> -417.63076 | Y11: =+[9]부산!$Q$85 -> 107699.91 | Z11: =+[9]부산!$R$85 -> 106822.25 | AA11: =+[10]부산!$Q$85 -> 106661.61 | AB11: =+[9]부산!$Q$89 -> 84759.179 | AC11: =+[9]부산!$R$89 -> 83688.464 | AD11: =+[10]부산!$Q$89 -> 83541.955 | AE11: =+Y11-AB11 -> 22940.727 | AF11: =+Z11-AC11 -> 23133.782 | AG11: =+AA11-AD11 -> 23119.653
B12: 서부산 | G12: =+I12 -> 서부산 | I12: 서부산 | J12: =+IFERROR(HLOOKUP($B12,'[1]5월누계'!$D$6:$BN$259,2,),)/1000 -> 97 | K12: =+IFERROR(HLOOKUP($B12,'[2]5월누계'!$F$6:$CP$99,2,),)/1000 -> 84.37 | L12: =+K12-J12 -> -12.63 | M12: =+IFERROR(HLOOKUP($B12,'[3]5월누계'!$F$6:$CC$57,2,),)/1000 -> 112.951 | N12: =+K12-M12 -> -28.581 | O12: =+IFERROR(HLOOKUP($B12,'[1]5월누계'!$D$6:$BN$259,3,),)/1000 -> 9632.115 | P12: =+IFERROR(HLOOKUP($B12,'[2]5월누계'!$F$6:$CP$99,3,),)/1000 -> 8159.07 | Q12: =+P12-O12 -> -1473.045 | R12: =+IFERROR(HLOOKUP($B12,'[3]5월누계'!$F$6:$CC$57,3,),)/1000 -> 11446.633 | S12: =+P12-R12 -> -3287.5633 | T12: =+IFERROR(HLOOKUP($B12,'[1]5월누계'!$D$6:$BN$259,16,),)/1000 -> 820.1561 | U12: =+IFERROR(HLOOKUP($B12,'[2]5월누계'!$F$6:$CP$99,16,),)/1000 -> 503.89407 | V12: =+U12-T12 -> -316.26203 | W12: =+IFERROR(HLOOKUP($B12,'[3]5월누계'!$F$6:$CC$57,16,),)/1000 -> 1382.269 | X12: =+U12-W12 -> -878.37497 | Y12: =+[9]서부산!$Q$85 -> 99300.155 | Z12: =+[9]서부산!$R$85 -> 96774.728 | AA12: =+[10]서부산!$Q$85 -> 101341.58 | AB12: =+[9]서부산!$Q$89 -> 78766.478 | AC12: =+[9]서부산!$R$89 -> 77306.216 | AD12: =+[10]서부산!$Q$89 -> 79342.203 | AE12: =+Y12-AB12 -> 20533.677 | AF12: =+Z12-AC12 -> 19468.513 | AG12: =+AA12-AD12 -> 21999.382
B13: 김해 | G13: =+I13 -> 김해 | I13: 김해 | J13: =+IFERROR(HLOOKUP($B13,'[1]5월누계'!$D$6:$BN$259,2,),)/1000 -> 67 | K13: =+IFERROR(HLOOKUP($B13,'[2]5월누계'!$F$6:$CP$99,2,),)/1000 -> 42.403 | L13: =+K13-J13 -> -24.597 | M13: =+IFERROR(HLOOKUP($B13,'[3]5월누계'!$F$6:$CC$57,2,),)/1000 -> 66.61 | N13: =+K13-M13 -> -24.207 | O13: =+IFERROR(HLOOKUP($B13,'[1]5월누계'!$D$6:$BN$259,3,),)/1000 -> 6452.0979 | P13: =+IFERROR(HLOOKUP($B13,'[2]5월누계'!$F$6:$CP$99,3,),)/1000 -> 3813.6947 | Q13: =+P13-O13 -> -2638.4032 | R13: =+IFERROR(HLOOKUP($B13,'[3]5월누계'!$F$6:$CC$57,3,),)/1000 -> 6529.6297 | S13: =+P13-R13 -> -2715.935 | T13: =+IFERROR(HLOOKUP($B13,'[1]5월누계'!$D$6:$BN$259,16,),)/1000 -> 540.4734 | U13: =+IFERROR(HLOOKUP($B13,'[2]5월누계'!$F$6:$CP$99,16,),)/1000 -> -176.44743 | V13: =+U13-T13 -> -716.92083 | W13: =+IFERROR(HLOOKUP($B13,'[3]5월누계'!$F$6:$CC$57,16,),)/1000 -> 485.29445 | X13: =+U13-W13 -> -661.74188 | Y13: =+[9]김해!$Q$85 -> 96299.969 | Z13: =+[9]김해!$R$85 -> 89944.965 | AA13: =+[10]김해!$Q$85 -> 98145.406 | AB13: =+[9]김해!$Q$89 -> 76510.612 | AC13: =+[9]김해!$R$89 -> 76862.834 | AD13: =+[10]김해!$Q$89 -> 79751.019 | AE13: =+Y13-AB13 -> 19789.358 | AF13: =+Z13-AC13 -> 13082.13 | AG13: =+AA13-AD13 -> 18394.387
B14: 정관 | G14: =+I14 -> 정관 | I14: 정관 | J14: =+IFERROR(HLOOKUP($B14,'[1]5월누계'!$D$6:$BN$259,2,),)/1000 -> 95 | K14: =+IFERROR(HLOOKUP($B14,'[2]5월누계'!$F$6:$CP$99,2,),)/1000 -> 101.41 | L14: =+K14-J14 -> 6.41 | M14: =+IFERROR(HLOOKUP($B14,'[3]5월누계'!$F$6:$CC$57,2,),)/1000 -> 102.7595 | N14: =+K14-M14 -> -1.3495 | O14: =+IFERROR(HLOOKUP($B14,'[1]5월누계'!$D$6:$BN$259,3,),)/1000 -> 9689.9758 | P14: =+IFERROR(HLOOKUP($B14,'[2]5월누계'!$F$6:$CP$99,3,),)/1000 -> 10216.992 | Q14: =+P14-O14 -> 527.01595 | R14: =+IFERROR(HLOOKUP($B14,'[3]5월누계'!$F$6:$CC$57,3,),)/1000 -> 10528.989 | S14: =+P14-R14 -> -311.99746 | T14: =+IFERROR(HLOOKUP($B14,'[1]5월누계'!$D$6:$BN$259,16,),)/1000 -> 794.47509 | U14: =+IFERROR(HLOOKUP($B14,'[2]5월누계'!$F$6:$CP$99,16,),)/1000 -> 848.94541 | V14: =+U14-T14 -> 54.470316 | W14: =+IFERROR(HLOOKUP($B14,'[3]5월누계'!$F$6:$CC$57,16,),)/1000 -> 1098.6997 | X14: =+U14-W14 -> -249.75428 | Y14: =+[9]정관!$Q$85 -> 101999.75 | Z14: =+[9]정관!$R$85 -> 100786.57 | AA14: =+[10]정관!$Q$85 -> 102462.44 | AB14: =+[9]정관!$Q$89 -> 82054.191 | AC14: =+[9]정관!$R$89 -> 82885.372 | AD14: =+[10]정관!$Q$89 -> 82233.768 | AE14: =+Y14-AB14 -> 19945.555 | AF14: =+Z14-AC14 -> 17901.195 | AG14: =+AA14-AD14 -> 20228.673
B15: 양산 | G15: =+I15 -> 양산 | I15: 양산 | J15: =+IFERROR(HLOOKUP($B15,'[1]5월누계'!$D$6:$BN$259,2,),)/1000 -> 55 | K15: =+IFERROR(HLOOKUP($B15,'[2]5월누계'!$F$6:$CP$99,2,),)/1000 -> 38.653 | L15: =+K15-J15 -> -16.347 | M15: =+IFERROR(HLOOKUP($B15,'[3]5월누계'!$F$6:$CC$57,2,),)/1000 -> 64.264 | N15: =+K15-M15 -> -25.611 | O15: =+IFERROR(HLOOKUP($B15,'[1]5월누계'!$D$6:$BN$259,3,),)/1000 -> 5202.0143 | P15: =+IFERROR(HLOOKUP($B15,'[2]5월누계'!$F$6:$CP$99,3,),)/1000 -> 3607.3421 | Q15: =+P15-O15 -> -1594.6721 | R15: =+IFERROR(HLOOKUP($B15,'[3]5월누계'!$F$6:$CC$57,3,),)/1000 -> 6027.5193 | S15: =+P15-R15 -> -2420.1772 | T15: =+IFERROR(HLOOKUP($B15,'[1]5월누계'!$D$6:$BN$259,16,),)/1000 -> 391.88089 | U15: =+IFERROR(HLOOKUP($B15,'[2]5월누계'!$F$6:$CP$99,16,),)/1000 -> 59.189078 | V15: =+U15-T15 -> -332.69181 | W15: =+IFERROR(HLOOKUP($B15,'[3]5월누계'!$F$6:$CC$57,16,),)/1000 -> 650.81403 | X15: =+U15-W15 -> -591.62495 | Y15: =+[9]양산!$Q$85 -> 94582.077 | Z15: =+[9]양산!$R$85 -> 93326.317 | AA15: =+[10]양산!$Q$85 -> 93793.093 | AB15: =+[9]양산!$Q$89 -> 74201.108 | AC15: =+[9]양산!$R$89 -> 73002.242 | AD15: =+[10]양산!$Q$89 -> 72858.369 | AE15: =+Y15-AB15 -> 20380.97 | AF15: =+Z15-AC15 -> 20324.075 | AG15: =+AA15-AD15 -> 20934.724
B16: 창원 | G16: =+I16 -> 창원 | I16: 창원 | J16: =+IFERROR(HLOOKUP($B16,'[1]5월누계'!$D$6:$BN$259,2,),)/1000 -> 51 | K16: =+IFERROR(HLOOKUP($B16,'[2]5월누계'!$F$6:$CP$99,2,),)/1000 -> 52.091 | L16: =+K16-J16 -> 1.091 | M16: =+IFERROR(HLOOKUP($B16,'[3]5월누계'!$F$6:$CC$57,2,),)/1000 -> 90.771 | N16: =+K16-M16 -> -38.68 | O16: =+IFERROR(HLOOKUP($B16,'[1]5월누계'!$D$6:$BN$259,3,),)/1000 -> 5116.9128 | P16: =+IFERROR(HLOOKUP($B16,'[2]5월누계'!$F$6:$CP$99,3,),)/1000 -> 5125.327 | Q16: =+P16-O16 -> 8.4142369 | R16: =+IFERROR(HLOOKUP($B16,'[3]5월누계'!$F$6:$CC$57,3,),)/1000 -> 9261.8741 | S16: =+P16-R16 -> -4136.5471 | T16: =+IFERROR(HLOOKUP($B16,'[1]5월누계'!$D$6:$BN$259,16,),)/1000 -> 300.83252 | U16: =+IFERROR(HLOOKUP($B16,'[2]5월누계'!$F$6:$CP$99,16,),)/1000 -> 356.99214 | V16: =+U16-T16 -> 56.159611 | W16: =+IFERROR(HLOOKUP($B16,'[3]5월누계'!$F$6:$CC$57,16,),)/1000 -> 1502.4126 | X16: =+U16-W16 -> -1145.4205 | Y16: =+[9]창원!$Q$85 -> 100331.62 | Z16: =+[9]창원!$R$85 -> 98391.796 | AA16: =+[10]창원!$Q$85 -> 102035.61 | AB16: =+[9]창원!$Q$89 -> 75955.855 | AC16: =+[9]창원!$R$89 -> 74533.822 | AD16: =+[10]창원!$Q$89 -> 75019.241 | AE16: =+Y16-AB16 -> 24375.769 | AF16: =+Z16-AC16 -> 23857.974 | AG16: =+AA16-AD16 -> 27016.367
B17: 대구 | G17: =+I17 -> 대구 | I17: 대구 | J17: =+IFERROR(HLOOKUP($B17,'[1]5월누계'!$D$6:$BN$259,2,),)/1000 -> 59 | K17: =+IFERROR(HLOOKUP($B17,'[2]5월누계'!$F$6:$CP$99,2,),)/1000 -> 50.32 | L17: =+K17-J17 -> -8.68 | M17: =+IFERROR(HLOOKUP($B17,'[3]5월누계'!$F$6:$CC$57,2,),)/1000 -> 82.7775 | N17: =+K17-M17 -> -32.4575 | O17: =+IFERROR(HLOOKUP($B17,'[1]5월누계'!$D$6:$BN$259,3,),)/1000 -> 5755.08 | P17: =+IFERROR(HLOOKUP($B17,'[2]5월누계'!$F$6:$CP$99,3,),)/1000 -> 4566.3285 | Q17: =+P17-O17 -> -1188.7514 | R17: =+IFERROR(HLOOKUP($B17,'[3]5월누계'!$F$6:$CC$57,3,),)/1000 -> 8334.4383 | S17: =+P17-R17 -> -3768.1098 | T17: =+IFERROR(HLOOKUP($B17,'[1]5월누계'!$D$6:$BN$259,16,),)/1000 -> 487.50776 | U17: =+IFERROR(HLOOKUP($B17,'[2]5월누계'!$F$6:$CP$99,16,),)/1000 -> 39.110662 | V17: =+U17-T17 -> -448.3971 | W17: =+IFERROR(HLOOKUP($B17,'[3]5월누계'!$F$6:$CC$57,16,),)/1000 -> 1311.5241 | X17: =+U17-W17 -> -1272.4135 | Y17: =+[9]대구!$Q$85 -> 97543.728 | Z17: =+[9]대구!$R$85 -> 90745.798 | AA17: =+[10]대구!$Q$85 -> 100684.83 | AB17: =+[9]대구!$Q$89 -> 73604.091 | AC17: =+[9]대구!$R$89 -> 74066.554 | AD17: =+[10]대구!$Q$89 -> 74578.546 | AE17: =+Y17-AB17 -> 23939.638 | AF17: =+Z17-AC17 -> 16679.244 | AG17: =+AA17-AD17 -> 26106.282
B18: 울산 | G18: =+I18 -> 울산 | I18: 울산 | J18: =+IFERROR(HLOOKUP($B18,'[1]5월누계'!$D$6:$BN$259,2,),)/1000 -> 55.5 | K18: =+IFERROR(HLOOKUP($B18,'[2]5월누계'!$F$6:$CP$99,2,),)/1000 -> 56.236 | L18: =+K18-J18 -> 0.736 | M18: =+IFERROR(HLOOKUP($B18,'[3]5월누계'!$F$6:$CC$57,2,),)/1000 -> 40.3815 | N18: =+K18-M18 -> 15.8545 | O18: =+IFERROR(HLOOKUP($B18,'[1]5월누계'!$D$6:$BN$259,3,),)/1000 -> 5639.842 | P18: =+IFERROR(HLOOKUP($B18,'[2]5월누계'!$F$6:$CP$99,3,),)/1000 -> 5914.3217 | Q18: =+P18-O18 -> 274.4797 | R18: =+IFERROR(HLOOKUP($B18,'[3]5월누계'!$F$6:$CC$57,3,),)/1000 -> 4177.3492 | S18: =+P18-R18 -> 1736.9725 | T18: =+IFERROR(HLOOKUP($B18,'[1]5월누계'!$D$6:$BN$259,16,),)/1000 -> 314.39721 | U18: =+IFERROR(HLOOKUP($B18,'[2]5월누계'!$F$6:$CP$99,16,),)/1000 -> 530.68058 | V18: =+U18-T18 -> 216.28337 | W18: =+IFERROR(HLOOKUP($B18,'[3]5월누계'!$F$6:$CC$57,16,),)/1000 -> 282.83415 | X18: =+U18-W18 -> 247.84643 | Y18: =+[9]울산!$Q$85 -> 101618.77 | Z18: =+[9]울산!$R$85 -> 105169.67 | AA18: =+[10]울산!$Q$85 -> 103447.1 | AB18: =+[9]울산!$Q$89 -> 82046.74 | AC18: =+[9]울산!$R$89 -> 83117.168 | AD18: =+[10]울산!$Q$89 -> 80952.083 | AE18: =+Y18-AB18 -> 19572.035 | AF18: =+Z18-AC18 -> 22052.505 | AG18: =+AA18-AD18 -> 22495.021
B19: 아산 | G19: =+I19 -> 아산 | I19: 아산 | J19: =+IFERROR(HLOOKUP($B19,'[1]5월누계'!$D$6:$BN$259,2,),)/1000 -> 103 | K19: =+IFERROR(HLOOKUP($B19,'[2]5월누계'!$F$6:$CP$99,2,),)/1000 -> 103.984 | L19: =+K19-J19 -> 0.984 | M19: =+IFERROR(HLOOKUP($B19,'[3]5월누계'!$F$6:$CC$57,2,),)/1000 -> 130.948 | N19: =+K19-M19 -> -26.964 | O19: =+IFERROR(HLOOKUP($B19,'[1]5월누계'!$D$6:$BN$259,3,),)/1000 -> 10609 | P19: =+IFERROR(HLOOKUP($B19,'[2]5월누계'!$F$6:$CP$99,3,),)/1000 -> 10256.04 | Q19: =+P19-O19 -> -352.95995 | R19: =+IFERROR(HLOOKUP($B19,'[3]5월누계'!$F$6:$CC$57,3,),)/1000 -> 13357.753 | S19: =+P19-R19 -> -3101.7134 | T19: =+IFERROR(HLOOKUP($B19,'[1]5월누계'!$D$6:$BN$259,16,),)/1000 -> 1182.0144 | U19: =+IFERROR(HLOOKUP($B19,'[2]5월누계'!$F$6:$CP$99,16,),)/1000 -> 494.22789 | V19: =+U19-T19 -> -687.78653 | W19: =+IFERROR(HLOOKUP($B19,'[3]5월누계'!$F$6:$CC$57,16,),)/1000 -> 1800.4353 | X19: =+U19-W19 -> -1306.2074 | Y19: =+[9]아산!$Q$85 -> 103000 | Z19: =+[9]아산!$R$85 -> 98612.642 | AA19: =+[10]아산!$Q$85 -> 101935.93 | AB19: =+[9]아산!$Q$89 -> 79127.725 | AC19: =+[9]아산!$R$89 -> 82304.015 | AD19: =+[10]아산!$Q$89 -> 78459.871 | AE19: =+Y19-AB19 -> 23872.275 | AF19: =+Z19-AC19 -> 16308.627 | AG19: =+AA19-AD19 -> 23476.062
B20: 전주 | G20: =+I20 -> 전주 | I20: 전주 | J20: =+IFERROR(HLOOKUP($B20,'[1]5월누계'!$D$6:$BN$259,2,),)/1000 -> 47 | K20: =+IFERROR(HLOOKUP($B20,'[2]5월누계'!$F$6:$CP$99,2,),)/1000 -> 73.9855 | L20: =+K20-J20 -> 26.9855 | M20: =+IFERROR(HLOOKUP($B20,'[3]5월누계'!$F$6:$CC$57,2,),)/1000 -> 39.9305 | N20: =+K20-M20 -> 34.055 | O20: =+IFERROR(HLOOKUP($B20,'[1]5월누계'!$D$6:$BN$259,3,),)/1000 -> 4556.5471 | P20: =+IFERROR(HLOOKUP($B20,'[2]5월누계'!$F$6:$CP$99,3,),)/1000 -> 7180.4841 | Q20: =+P20-O20 -> 2623.937 | R20: =+IFERROR(HLOOKUP($B20,'[3]5월누계'!$F$6:$CC$57,3,),)/1000 -> 3846.4987 | S20: =+P20-R20 -> 3333.9854 | T20: =+IFERROR(HLOOKUP($B20,'[1]5월누계'!$D$6:$BN$259,16,),)/1000 -> 338.08438 | U20: =+IFERROR(HLOOKUP($B20,'[2]5월누계'!$F$6:$CP$99,16,),)/1000 -> 851.34751 | V20: =+U20-T20 -> 513.26313 | W20: =+IFERROR(HLOOKUP($B20,'[3]5월누계'!$F$6:$CC$57,16,),)/1000 -> 262.36193 | X20: =+U20-W20 -> 588.98558 | Y20: =+[9]전주!$Q$85 -> 96947.811 | Z20: =+[9]전주!$R$85 -> 97053.955 | AA20: =+[10]전주!$Q$85 -> 96333.026 | AB20: =+[9]전주!$Q$89 -> 73389.618 | AC20: =+[9]전주!$R$89 -> 75113.771 | AD20: =+[10]전주!$Q$89 -> 71532.535 | AE20: =+Y20-AB20 -> 23558.193 | AF20: =+Z20-AC20 -> 21940.185 | AG20: =+AA20-AD20 -> 24800.491
B21: 군산 | G21: =+I21 -> 군산 | I21: 군산 | J21: =+IFERROR(HLOOKUP($B21,'[1]5월누계'!$D$6:$BN$259,2,),)/1000 -> 33.5 | K21: =+IFERROR(HLOOKUP($B21,'[2]5월누계'!$F$6:$CP$99,2,),)/1000 -> 25.233 | L21: =+K21-J21 -> -8.267 | M21: =+IFERROR(HLOOKUP($B21,'[3]5월누계'!$F$6:$CC$57,2,),)/1000 -> 43.606 | N21: =+K21-M21 -> -18.373 | O21: =+IFERROR(HLOOKUP($B21,'[1]5월누계'!$D$6:$BN$259,3,),)/1000 -> 3705.9814 | P21: =+IFERROR(HLOOKUP($B21,'[2]5월누계'!$F$6:$CP$99,3,),)/1000 -> 2732.9163 | Q21: =+P21-O21 -> -973.06517 | R21: =+IFERROR(HLOOKUP($B21,'[3]5월누계'!$F$6:$CC$57,3,),)/1000 -> 4802.1135 | S21: =+P21-R21 -> -2069.1972 | T21: =+IFERROR(HLOOKUP($B21,'[1]5월누계'!$D$6:$BN$259,16,),)/1000 -> 837.34893 | U21: =+IFERROR(HLOOKUP($B21,'[2]5월누계'!$F$6:$CP$99,16,),)/1000 -> 504.23734 | V21: =+U21-T21 -> -333.11159 | W21: =+IFERROR(HLOOKUP($B21,'[3]5월누계'!$F$6:$CC$57,16,),)/1000 -> 1318.4207 | X21: =+U21-W21 -> -814.18331 | Y21: =+[9]군산!$Q$85 -> 110626.31 | Z21: =+[9]군산!$R$85 -> 108307.23 | AA21: =+[10]군산!$Q$85 -> 110136.01 | AB21: =+[9]군산!$Q$89 -> 72894.104 | AC21: =+[9]군산!$R$89 -> 71998.921 | AD21: =+[10]군산!$Q$89 -> 70761.154 | AE21: =+Y21-AB21 -> 37732.208 | AF21: =+Z21-AC21 -> 36308.307 | AG21: =+AA21-AD21 -> 39374.851
B22: 원주 | G22: =+I22 -> 원주 | I22: 원주 | J22: =+IFERROR(HLOOKUP($B22,'[1]5월누계'!$D$6:$BN$259,2,),)/1000 -> 19 | K22: =+IFERROR(HLOOKUP($B22,'[2]5월누계'!$F$6:$CP$99,2,),)/1000 -> 10.1195 | L22: =+K22-J22 -> -8.8805 | M22: =+IFERROR(HLOOKUP($B22,'[3]5월누계'!$F$6:$CC$57,2,),)/1000 -> 27.6745 | N22: =+K22-M22 -> -17.555 | O22: =+IFERROR(HLOOKUP($B22,'[1]5월누계'!$D$6:$BN$259,3,),)/1000 -> 2128 | P22: =+IFERROR(HLOOKUP($B22,'[2]5월누계'!$F$6:$CP$99,3,),)/1000 -> 1090.9916 | Q22: =+P22-O22 -> -1037.0084 | R22: =+IFERROR(HLOOKUP($B22,'[3]5월누계'!$F$6:$CC$57,3,),)/1000 -> 3083.4445 | S22: =+P22-R22 -> -1992.453 | T22: =+IFERROR(HLOOKUP($B22,'[1]5월누계'!$D$6:$BN$259,16,),)/1000 -> 254.63517 | U22: =+IFERROR(HLOOKUP($B22,'[2]5월누계'!$F$6:$CP$99,16,),)/1000 -> -85.33792 | V22: =+U22-T22 -> -339.97309 | W22: =+IFERROR(HLOOKUP($B22,'[3]5월누계'!$F$6:$CC$57,16,),)/1000 -> 617.18805 | X22: =+U22-W22 -> -702.52597 | Y22: =+[9]원주!$Q$85 -> 112000 | Z22: =+[9]원주!$R$85 -> 107810.82 | AA22: =+[10]원주!$Q$85 -> 111428.1 | AB22: =+[9]원주!$Q$89 -> 73744.69 | AC22: =+[9]원주!$R$89 -> 73545.049 | AD22: =+[10]원주!$Q$89 -> 73028.892 | AE22: =+Y22-AB22 -> 38255.31 | AF22: =+Z22-AC22 -> 34265.767 | AG22: =+AA22-AD22 -> 38399.208
B23: 제주 | G23: =+I23 -> 제주 | I23: 제주 | J23: =+IFERROR(HLOOKUP($B23,'[1]5월누계'!$D$6:$BN$259,2,),)/1000 -> 37 | K23: =+IFERROR(HLOOKUP($B23,'[2]5월누계'!$F$6:$CP$99,2,),)/1000 -> 29.8445 | L23: =+K23-J23 -> -7.1555 | M23: =+IFERROR(HLOOKUP($B23,'[3]5월누계'!$F$6:$CC$57,2,),)/1000 -> 16.7805 | N23: =+K23-M23 -> 13.064 | O23: =+IFERROR(HLOOKUP($B23,'[1]5월누계'!$D$6:$BN$259,3,),)/1000 -> 4541.0885 | P23: =+IFERROR(HLOOKUP($B23,'[2]5월누계'!$F$6:$CP$99,3,),)/1000 -> 3635.7068 | Q23: =+P23-O23 -> -905.38173 | R23: =+IFERROR(HLOOKUP($B23,'[3]5월누계'!$F$6:$CC$57,3,),)/1000 -> 2145.0262 | S23: =+P23-R23 -> 1490.6806 | T23: =+IFERROR(HLOOKUP($B23,'[1]5월누계'!$D$6:$BN$259,16,),)/1000 -> 692.15313 | U23: =+IFERROR(HLOOKUP($B23,'[2]5월누계'!$F$6:$CP$99,16,),)/1000 -> 415.79217 | V23: =+U23-T23 -> -276.36096 | W23: =+IFERROR(HLOOKUP($B23,'[3]5월누계'!$F$6:$CC$57,16,),)/1000 -> 228.11333 | X23: =+U23-W23 -> 187.67885 | Y23: =+[9]제주!$Q$85 -> 122732.12 | Z23: =+[9]제주!$R$85 -> 121414.6 | AA23: =+[10]제주!$Q$85 -> 127828.5 | AB23: =+[9]제주!$Q$89 -> 90788.221 | AC23: =+[9]제주!$R$89 -> 90681.271 | AD23: =+[10]제주!$Q$89 -> 88722.121 | AE23: =+Y23-AB23 -> 31943.901 | AF23: =+Z23-AC23 -> 30733.333 | AG23: =+AA23-AD23 -> 39106.381
F24: =+K24/J24 -> 0.86349158 | G24: =+I24 -> 수도권 | I24: 수도권 | J24: =SUM(J7:J10) -> 475 | K24: =SUM(K7:K10) -> 410.1585 | L24: =+K24-J24 -> -64.8415 | M24: =SUM(M7:M10) -> 540.4975 | N24: =+K24-M24 -> -130.339 | O24: =SUM(O7:O10) -> 46195.025 | P24: =SUM(P7:P10) -> 39424.291 | Q24: =+P24-O24 -> -6770.7338 | R24: =SUM(R7:R10) -> 53852.486 | S24: =+P24-R24 -> -14428.196 | T24: =SUM(T7:T10) -> 2497.4669 | U24: =SUM(U7:U10) -> 1051.1383 | V24: =+U24-T24 -> -1446.3286 | W24: =SUM(W7:W10) -> 5069.2079 | X24: =+U24-W24 -> -4018.0696 | Y24: =+[9]수도권!$Q$85 -> 97252.683 | Z24: =+[9]수도권!$R$85 -> 96149.777 | AA24: =+[10]수도권!$Q$85 -> 99645.837 | AB24: =+[9]수도권!$Q$89 -> 81206.73 | AC24: =+[9]수도권!$R$89 -> 81368.339 | AD24: =+[10]수도권!$Q$89 -> 81200.927 | AE24: =+Y24-AB24 -> 16045.954 | AF24: =+Z24-AC24 -> 14781.438 | AG24: =+AA24-AD24 -> 18444.91
F25: =+K25/J25 -> 0.90079343 | G25: =+I25 -> 영남권 | I25: 영남권 | J25: =SUM(J11:J18) -> 578.5 | K25: =SUM(K11:K18) -> 521.109 | L25: =+K25-J25 -> -57.391 | M25: =SUM(M11:M18) -> 673.658 | N25: =+K25-M25 -> -152.549 | O25: =SUM(O11:O18) -> 58150.329 | P25: =SUM(P11:P18) -> 51618.06 | Q25: =+P25-O25 -> -6532.2685 | R25: =SUM(R11:R18) -> 68374.501 | S25: =+P25-R25 -> -16756.441 | T25: =SUM(T11:T18) -> 4581.3914 | U25: =SUM(U11:U18) -> 3146.5743 | V25: =+U25-T25 -> -1434.8171 | W25: =SUM(W11:W18) -> 8115.6887 | X25: =+U25-W25 -> -4969.1144 | Y25: =+[9]영남권!$Q$85 -> 100519.15 | Z25: =+[9]영남권!$R$85 -> 99082.683 | AA25: =+[10]영남권!$Q$85 -> 101514.24 | AB25: =+[9]영남권!$Q$89 -> 79177.029 | AC25: =+[9]영남권!$R$89 -> 79225.148 | AD25: =+[10]영남권!$Q$89 -> 78843.798 | AE25: =+Y25-AB25 -> 21342.122 | AF25: =+Z25-AC25 -> 19857.534 | AG25: =+AA25-AD25 -> 22670.438
F26: =+K26/J26 -> 1.015309 | G26: =+I26 -> 중부권 | I26: 중부권 | J26: =SUM(J19:J23) -> 239.5 | K26: =SUM(K19:K23) -> 243.1665 | L26: =+K26-J26 -> 3.6665 | M26: =SUM(M19:M23) -> 258.9395 | N26: =+K26-M26 -> -15.773 | O26: =SUM(O19:O23) -> 25540.617 | P26: =SUM(P19:P23) -> 24896.139 | Q26: =+P26-O26 -> -644.47832 | R26: =SUM(R19:R23) -> 27234.836 | S26: =+P26-R26 -> -2338.6976 | T26: =SUM(T19:T23) -> 3304.236 | U26: =SUM(U19:U23) -> 2180.267 | V26: =+U26-T26 -> -1123.969 | W26: =SUM(W19:W23) -> 4226.5193 | X26: =+U26-W26 -> -2046.2523 | Y26: =+[9]중부권!$Q$85 -> 106641.41 | Z26: =+[9]중부권!$R$85 -> 102222.85 | AA26: =+[10]중부권!$Q$85 -> 105157.87 | AB26: =+[9]중부권!$Q$89 -> 78504.107 | AC26: =+[9]중부권!$R$89 -> 79650.46 | AD26: =+[10]중부권!$Q$89 -> 76173.542 | AE26: =+Y26-AB26 -> 28137.301 | AF26: =+Z26-AC26 -> 22572.391 | AG26: =+AA26-AD26 -> 28984.329
F27: =+K27/M27 -> 0.79725612 | G27: =+K27/J27 -> 0.90830162 | H27: 레미콘 계 | J27: =SUM(J24:J26) -> 1293 | K27: =SUM(K24:K26) -> 1174.434 | L27: =+K27-J27 -> -118.566 | M27: =SUM(M24:M26) -> 1473.095 | N27: =+K27-M27 -> -298.661 | O27: =SUM(O24:O26) -> 129885.97 | P27: =SUM(P24:P26) -> 115938.49 | Q27: =+P27-O27 -> -13947.481 | R27: =SUM(R24:R26) -> 149461.82 | S27: =+P27-R27 -> -33523.334 | T27: =SUM(T24:T26) -> 10383.094 | U27: =SUM(U24:U26) -> 6377.9796 | V27: =+U27-T27 -> -4005.1148 | W27: =SUM(W24:W26) -> 17411.416 | X27: =+U27-W27 -> -11033.436 | Y27: =+[9]합계!$Q$85 -> 100453.19 | Z27: =+[9]합계!$R$85 -> 98710.299 | AA27: =+[10]합계!$Q$85 -> 101469.02 | AB27: =+[9]합계!$Q$89 -> 79798.021 | AC27: =+[9]합계!$R$89 -> 80055.456 | AD27: =+[10]합계!$Q$89 -> 79238.722 | AE27: =+Y27-AB27 -> 20655.165 | AF27: =+Z27-AC27 -> 18654.843 | AG27: =+AA27-AD27 -> 22230.294 | AI27: =+AF27-AE27 -> -2000.3226 | AJ27: =+AF27-AG27 -> -3575.4514
B28: 건자재 | E28: 건자재영업 | G28: 건자재 | H28: 건자재 | J28: =+IFERROR(HLOOKUP($B28,'[1]5월누계'!$D$6:$BN$259,2,),) -> 52000 | K28: =+IFERROR(HLOOKUP($E28,'[2]5월누계'!$F$6:$CP$99,2,),) -> 55602.746 | L28: =+K28-J28 -> 3602.746 | M28: =+IFERROR(HLOOKUP($E28,'[3]5월누계'!$F$6:$CC$57,2,),) -> 40097.987 | N28: =+K28-M28 -> 15504.759 | O28: =+IFERROR(HLOOKUP($B28,'[1]5월누계'!$D$6:$BN$259,3,),)/1000 -> 56918.973 | P28: =+IFERROR(HLOOKUP($E28,'[2]5월누계'!$F$6:$CP$99,3,),)/1000 -> 48464.953 | Q28: =+P28-O28 -> -8454.0199 | R28: =+IFERROR(HLOOKUP($E28,'[3]5월누계'!$F$6:$CC$57,3,),)/1000 -> 41530.393 | S28: =+P28-R28 -> 6934.56 | T28: =+IFERROR(HLOOKUP($B28,'[1]5월누계'!$D$6:$BN$259,16,),)/1000 -> 901.54644 | U28: =+IFERROR(HLOOKUP($E28,'[2]5월누계'!$F$6:$CP$99,16,),)/1000 -> -60.3202 | V28: =+U28-T28 -> -961.86664 | W28: =+IFERROR(HLOOKUP($E28,'[3]5월누계'!$F$6:$CC$57,16,),)/1000 -> 264.95259 | X28: =+U28-W28 -> -325.2728 | Y28: ■ 비고
B29: 부산모래장 | C29: 부산골재 | G29: =+I29 -> 부산모래장 | H29: 골재 | I29: 부산모래장 | J29: =+IFERROR(HLOOKUP($B29,'[1]5월누계'!$D$6:$BN$259,2,),)/1000 -> 93.745313 | K29: =+IFERROR(HLOOKUP($C29,'[2]5월누계'!$F$6:$CP$99,2,),)/1000 -> 120.542 | L29: =+K29-J29 -> 26.796687 | M29: =+IFERROR(HLOOKUP($C29,'[3]5월누계'!$F$6:$CC$57,2,),)/1000 -> 112.598 | N29: =+K29-M29 -> 7.944 | O29: =+IFERROR(HLOOKUP($B29,'[1]5월누계'!$D$6:$BN$259,3,),)/1000 -> 2949.2167 | P29: =+IFERROR(HLOOKUP($C29,'[2]5월누계'!$F$6:$CP$99,3,),)/1000 -> 3462.668 | Q29: =+P29-O29 -> 513.45134 | R29: =+IFERROR(HLOOKUP($C29,'[3]5월누계'!$F$6:$CC$57,3,),)/1000 -> 3385.0361 | S29: =+P29-R29 -> 77.63192 | T29: =+IFERROR(HLOOKUP($B29,'[1]5월누계'!$D$6:$BN$259,21,),)/1000 -> 497.10277 | U29: =+IFERROR(HLOOKUP($C29,'[2]5월누계'!$F$6:$CP$99,21,),)/1000 -> 77.929177 | V29: =+U29-T29 -> -419.17359 | W29: =+IFERROR(HLOOKUP($C29,'[3]5월누계'!$F$6:$CC$57,21,),)/1000 -> 237.30008 | X29: =+U29-W29 -> -159.3709 | Y29: - 1군 판매단가 인하
B30: 서부산크라샤 | C30: 서부산골재 | G30: =+I30 -> 서부산CR | I30: 서부산CR | J30: =+IFERROR(HLOOKUP($B30,'[1]5월누계'!$D$6:$BN$259,2,),)/1000 -> 262.36211 | K30: =+IFERROR(HLOOKUP($C30,'[2]5월누계'!$F$6:$CP$99,2,),)/1000 -> 93.866 | L30: =+K30-J30 -> -168.49611 | M30: =+IFERROR(HLOOKUP($C30,'[3]5월누계'!$F$6:$CC$57,2,),)/1000 -> 126.288 | N30: =+K30-M30 -> -32.422 | O30: =+IFERROR(HLOOKUP($B30,'[1]5월누계'!$D$6:$BN$259,3,),)/1000 -> 3833.1127 | P30: =+IFERROR(HLOOKUP($C30,'[2]5월누계'!$F$6:$CP$99,3,),)/1000 -> 1333.518 | Q30: =+P30-O30 -> -2499.5947 | R30: =+IFERROR(HLOOKUP($C30,'[3]5월누계'!$F$6:$CC$57,3,),)/1000 -> 1754.192 | S30: =+P30-R30 -> -420.674 | T30: =+IFERROR(HLOOKUP($B30,'[1]5월누계'!$D$6:$BN$259,21,),)/1000 -> 794.60533 | U30: =+IFERROR(HLOOKUP($C30,'[2]5월누계'!$F$6:$CP$99,21,),)/1000 -> 184.45597 | V30: =+U30-T30 -> -610.14936 | W30: =+IFERROR(HLOOKUP($C30,'[3]5월누계'!$F$6:$CC$57,21,),)/1000 -> 246.59465 | X30: =+U30-W30 -> -62.138679 | Y30: · 수도권 2,300원(2.1%↓, 3/1), 부산권 1,900원(1.7%↓, 3/1), 대구권 4,900원/㎥↓(5/1부)
B31: 부산크라샤 | C31: 부산크라샤 | G31: =+I31 -> 부산CR | I31: 부산CR | J31: =+IFERROR(HLOOKUP($B31,'[1]5월누계'!$D$6:$BN$259,2,),)/1000 -> 88.090644 | K31: =+IFERROR(HLOOKUP($C31,'[2]5월누계'!$F$6:$CP$99,2,),)/1000 -> 90.706 | L31: =+K31-J31 -> 2.6153561 | M31: =+IFERROR(HLOOKUP($C31,'[3]5월누계'!$F$6:$CC$57,2,),)/1000 -> 181.489 | N31: =+K31-M31 -> -90.783 | O31: =+IFERROR(HLOOKUP($B31,'[1]5월누계'!$D$6:$BN$259,3,),)/1000 -> 1532.3297 | P31: =+IFERROR(HLOOKUP($C31,'[2]5월누계'!$F$6:$CP$99,3,),)/1000 -> 1698.255 | Q31: =+P31-O31 -> 165.92528 | R31: =+IFERROR(HLOOKUP($C31,'[3]5월누계'!$F$6:$CC$57,3,),)/1000 -> 3364.9795 | S31: =+P31-R31 -> -1666.7245 | T31: =+IFERROR(HLOOKUP($B31,'[1]5월누계'!$D$6:$BN$259,21,),)/1000 -> -357.38886 | U31: =+IFERROR(HLOOKUP($C31,'[2]5월누계'!$F$6:$CP$99,21,),)/1000 -> -696.67248 | V31: =+U31-T31 -> -339.28362 | W31: =+IFERROR(HLOOKUP($C31,'[3]5월누계'!$F$6:$CC$57,21,),)/1000 -> 260.68249 | X31: =+U31-W31 -> -957.35496 | Y31: · 천안 아산지역 2,600원/㎥↓, 창원 2,900원/㎥↓(4/1)
H32: 골재 계 | J32: =SUM(J29:J31) -> 444.19807 | K32: =SUM(K29:K31) -> 305.114 | L32: =+K32-J32 -> -139.08407 | M32: =SUM(M29:M31) -> 420.375 | N32: =+K32-M32 -> -115.261 | O32: =SUM(O29:O31) -> 8314.6591 | P32: =SUM(P29:P31) -> 6494.441 | Q32: =+P32-O32 -> -1820.2181 | R32: =SUM(R29:R31) -> 8504.2076 | S32: =+P32-R32 -> -2009.7666 | T32: =SUM(T29:T31) -> 934.31923 | U32: =SUM(U29:U31) -> -434.28733 | V32: =+U32-T32 -> -1368.6066 | W32: =SUM(W29:W31) -> 744.57722 | X32: =+U32-W32 -> -1178.8645 | Y32: - 1군 판가 소급분(마이너스 계산서) : 6.4억
B33: 포항임대 | C33: 속초임대 | D33: 강릉임대 | E33: 레미콘임대 계 | G33: =+I33 -> 레미콘임대 | H33: 기타 | I33: 레미콘임대 | L33: =+K33-J33 -> 0 | N33: =+K33-M33 -> 0 | O33: =(IFERROR(HLOOKUP($B33,'[1]5월누계'!$D$6:$BN$259,3,),)++IFERROR(HLOOKUP($C33,'[1]5월누계'!$D$6:$BN$259,3,),)+IFERROR(HLOOKUP($D33,'[1]5월누계'!$D$6:$BN$259,3,),))/1000 -> 405.85333 | P33: =+IFERROR(HLOOKUP($E33,'[2]5월누계'!$F$6:$CP$99,3,),)/1000 -> 334.2 | Q33: =+P33-O33 -> -71.653333 | R33: =+IFERROR(HLOOKUP($E33,'[3]5월누계'!$F$6:$CC$57,3,),)/1000 -> 454.2 | S33: =+P33-R33 -> -120 | T33: =(IFERROR(HLOOKUP($B33,'[1]5월누계'!$D$6:$BN$259,21,),)++IFERROR(HLOOKUP($C33,'[1]5월누계'!$D$6:$BN$259,21,),)+IFERROR(HLOOKUP($D33,'[1]5월누계'!$D$6:$BN$259,21,),))/1000 -> 317.46375 | U33: =+IFERROR(HLOOKUP($E33,'[2]5월누계'!$F$6:$CP$99,16,),)/1000 -> 237.60537 | V33: =+U33-T33 -> -79.858383 | W33: =+IFERROR(HLOOKUP($E33,'[3]5월누계'!$F$6:$CC$57,16,),)/1000 -> 359.77287 | X33: =+U33-W33 -> -122.1675 | Y33: · 3월 : 4.9억 - GS(4.4억), 라인산업(0.2억), 호반건설(0.1억), 계룡건설산업(0.1억)
B34: 부동산임대 | C34: 주유소임대 | E34: 임대 계 | G34: =+I34 -> 임대 | I34: 임대 | L34: =+K34-J34 -> 0 | M34: 0 | N34: =+K34-M34 -> 0 | O34: =(+IFERROR(HLOOKUP($B34,'[1]5월누계'!$D$6:$BN$259,3,),)+IFERROR(HLOOKUP($C34,'[1]5월누계'!$D$6:$BN$259,3,),))/1000 -> 370.4575 | P34: =+IFERROR(HLOOKUP($E34,'[2]5월누계'!$F$6:$CP$99,3,),)/1000 -> 367.53159 | Q34: =+P34-O34 -> -2.925911 | R34: =+IFERROR(HLOOKUP($E34,'[3]5월누계'!$F$6:$CC$57,3,),)/1000 -> 362.86717 | S34: =+P34-R34 -> 4.664421 | T34: =(+IFERROR(HLOOKUP($B34,'[1]5월누계'!$D$6:$BN$259,21,),)+IFERROR(HLOOKUP($C34,'[1]5월누계'!$D$6:$BN$259,21,),))/1000 -> 332.41294 | U34: =+IFERROR(HLOOKUP($E34,'[2]5월누계'!$F$6:$CP$99,16,),)/1000 -> 332.47374 | V34: =+U34-T34 -> 0.060794 | W34: =+IFERROR(HLOOKUP($E34,'[3]5월누계'!$F$6:$CC$57,16,),)/1000 -> 324.94567 | X34: =+U34-W34 -> 7.528067 | Y34: · 4월 : 0.8억 - 롯데 등, · 5월 : 0.8억 - 롯데 등
B35: 공 통 비 | G35: =+I35 -> 공통비 | I35: 공통비 | L35: =+K35-J35 -> 0 | N35: =+K35-M35 -> 0 | Q35: =+P35-O35 -> 0 | S35: =+P35-R35 -> 0 | T35: =-'[1]5월누계'!$Z$22/1000 -> -7368.6132 | U35: =+-'[2]5월누계'!$Z$22/1000 -> -7313.5357 | V35: =+U35-T35 -> 55.077477 | W35: =+-'[3]5월누계'!$Z$22/1000 -> -6564.944 | X35: =+U35-W35 -> -748.59173
G36: =+I36 -> OPC 소급분 | I36: OPC 소급분 | N36: =+K36-M36 -> 0 | Q36: =+P36-O36 -> 0 | S36: =+P36-R36 -> 0 | T36: =+'[1]5월누계'!$AS$26/1000 -> -205.00689 | U36: ='[2]5월누계'!$BD$26/1000 -> 0 | V36: =+U36-T36 -> 205.00689 | W36: =-'[3]5월누계'!$BD$26/1000 -> 0 | X36: =+U36-W36 -> 0 | Y36: - 대손 : 5.2억
G37: =+I37 -> 대손 | I37: 대손 | N37: =+K37-M37 -> 0 | Q37: =+P37-O37 -> 0 | S37: =+P37-R37 -> 0 | U37: ='[2]5월누계'!$BE$26/1000 -> -522.39605 | V37: =+U37-T37 -> -522.39605 | W37: ='[3]5월누계'!$BE$26/1000 -> -1595.8425 | X37: =+U37-W37 -> 1073.4465 | Y37: · 집합대손 2.2억 // 개별대손 3억(삼정이앤시) → 안양 2.9억, 양산 0.1억
G38: =+I38 -> 미운영 공장 | I38: 미운영 공장 | M38: =SUM(M54:M59) -> 0 | N38: =+K38-M38 -> 0 | Q38: =+P38-O38 -> 0 | R38: =+IFERROR(HLOOKUP($I$38,'[3]5월누계'!$F$6:$BJ$50,3,),)/1000 -> 0 | S38: =+P38-R38 -> 0 | T38: =SUM('[1]5월누계'!$AM$26:$AQ$26)/1000 -> -140.16679 | U38: =+'[2]5월누계'!$BF$26/1000 -> -140.84307 | V38: =+U38-T38 -> -0.676281 | W38: =+'[3]5월누계'!$BF$26/1000 -> -204.88334 | X38: =+U38-W38 -> 64.040264 | Y38: - 운반비 : 영남권 MT운반비 2개년 합의 인상 적용(5/1)
B39: 기타 계 | G39: =+I39 -> 퇴직위로금 | I39: 퇴직위로금 | U39: =+'[2]5월누계'!$BG$26/1000 -> -759.34319 | V39: =+U39-T39 -> -759.34319 | X39: =+U39-W39 -> -759.34319 | Y39: · 부산권 4천원, 창원 3.5천원 / 제주 협상完 500원/㎥ 인상
G40: =+I40 -> 기타 | I40: 기타 | L40: =+K40-J40 -> 0 | N40: =+K40-M40 -> 0 | O40: =IFERROR(HLOOKUP($B39,'[1]5월누계'!$D$6:$BN$259,3,),)/1000 -> 8.85 | P40: =+('[2]5월누계'!$F$8-SUM('[2]5월누계'!$Z$8,'[2]5월누계'!$AH$8,'[2]5월누계'!$AN$8,'[2]5월누계'!$AO$8,'[2]5월누계'!$BA$8,'[2]5월누계'!$BD$8,'[2]5월누계'!$BE$8,'[2]5월누계'!$BF$8))/1000 -> 8.38005 | Q40: =+P40-O40 -> -0.46995 | R40: =+('[3]5월누계'!$F$8-SUM('[3]5월누계'!$Z$8,'[3]5월누계'!$AH$8,'[3]5월누계'!$AN$8,'[3]5월누계'!$AO$8,'[3]5월누계'!$BA$8,'[3]5월누계'!$BD$8,'[3]5월누계'!$BE$8,'[3]5월누계'!$BF$8))/1000 -> 8.5136 | S40: =+P40-R40 -> -0.13355 | T40: =+('[1]5월누계'!$E$26-'[1]5월누계'!$Z$26-'[1]5월누계'!$AA$26-'[1]5월누계'!$AE$26-'[1]5월누계'!$AL$26-'[1]5월누계'!$AM$26-'[1]5월누계'!$AN$26-'[1]5월누계'!$AO$26-'[1]5월누계'!$AP$26-'[1]5월누계'!$AQ$26-'[1]5월누계'!$AS$26)/1000 -> -74.057904 | U40: =+('[2]5월누계'!$F$26-SUM('[2]5월누계'!$Z$26,'[2]5월누계'!$AH$26,'[2]5월누계'!$AN$26,'[2]5월누계'!$AO$26,'[2]5월누계'!$BA$26,'[2]5월누계'!$BD$26,'[2]5월누계'!$BE$26,'[2]5월누계'!$BF$26))/1000-U39 -> -74.046105 | V40: =+U40-T40 -> 0.011799 | W40: =+('[3]5월누계'!$F$26-SUM('[3]5월누계'!$Z$26,'[3]5월누계'!$AH$26,'[3]5월누계'!$AN$26,'[3]5월누계'!$AO$26,'[3]5월누계'!$BA$26,'[3]5월누계'!$BD$26,'[3]5월누계'!$BE$26,'[3]5월누계'!$BF$26))/1000 -> -69.307621 | X40: =+U40-W40 -> -4.738484
H41: 기타 계 | J41: =SUM(J33:J40) -> 0 | K41: =SUM(K33:K40) -> 0 | L41: =+K41-J41 -> 0 | M41: =SUM(M33:M40) -> 0 | N41: =+K41-M41 -> 0 | O41: =SUM(O33:O40) -> 785.16083 | P41: =SUM(P33:P40) -> 710.11164 | Q41: =+P41-O41 -> -75.049194 | R41: =SUM(R33:R40) -> 825.58077 | S41: =+P41-R41 -> -115.46913 | T41: =SUM(T33:T40) -> -7137.9681 | U41: =SUM(U33:U40) -> -8240.085 | V41: =+U41-T41 -> -1102.1169 | W41: =SUM(W33:W40) -> -7750.259 | X41: =+U41-W41 -> -489.82607
U42: 19 | V42: 12.4
G43: =+P43/O43 -> 0.87597664 | H43: 합계 | O43: =+O27+O32+O28+O41 -> 195904.76 | P43: =+P27+P32+P28+P41 -> 171608 | Q43: =+P43-O43 -> -24296.768 | R43: =+R27+R32+R28+R41 -> 200322.01 | S43: =+P43-R43 -> -28714.01 | T43: =+T27+T32+T28+T41 -> 5080.9919 | U43: =+U27+U32+U28+U41 -> -2356.713 | V43: =+U43-T43 -> -7437.7049 | W43: =+W27+W32+W28+W41 -> 10670.687 | X43: =+U43-W43 -> -13027.4
G44: =+U43/T43 -> -0.46382931 | K44: =+K28/J28 -> 1.0692836 | M44: =+K28/M28 -> 1.3866718 | P44: =+P43/O43 -> 0.87597664 | R44: =+P43/R43 -> 0.85666073 | T44: =+T43/O43 -> 0.025936031 | U44: =+U43/P43 -> -0.013733119 | V44: =+V43/100 -> -74.377049 | X44: =+X43/100 -> -130.274
K45: =+K32/J32 -> 0.68688727 | M45: =+K32/M32 -> 0.72581386
I46: 확인 | J46: =+'[1]5월누계'!$Z$7/1000 -> 1293 | K46: =+'[2]5월누계'!$AI$7/1000 -> 1174.434 | M46: =+'[3]5월누계'!$Z$7/1000 -> 1473.095 | O46: =+'[1]5월누계'!$E$8/1000 -> 195904.76 | P46: =+'[2]5월누계'!$F$8/1000 -> 171608 | R46: =+'[3]5월누계'!$F$8/1000 -> 200322.01 | T46: =+'[1]5월누계'!$E$26/1000 -> 5080.9919 | U46: =+'[2]5월누계'!$F$26/1000 -> -2356.713 | W46: =+'[3]5월누계'!$F$26/1000 -> 10670.687
J47: =+J46-J27 -> 0 | K47: =+K46-K27 -> 0 | M47: =+M46-M27 -> 0 | O47: =+O46-O43 -> 0 | P47: =+P46-P43 -> 0 | R47: =+R46-R43 -> 0 | T47: =+T46-T43 -> 1.6370905e-11 | U47: =+U46-U43 -> 0 | W47: =+W46-W43 -> 0
O49: =+O43-O28 -> 138985.79 | P49: =+P43-P28 -> 123143.04 | Q49: =+P49-O49 -> -15842.748
O50: =+O49/100 -> 1389.8579 | P50: =+P49/100 -> 1231.4304 | Q50: =+P50-O50 -> -158.42748 | S50: 레미콘 | T50: =(+T27+T35)/100 -> 30.144812 | U50: =(+U27+U35)/100 -> -9.3555613 | V50: =+U50-T50 -> -39.500373 | W50: =+U50/T50-1 -> -1.3103539
Q51: =+P50/O50 -> 0.88601174 | S51: 건자재 | T51: =+T28/100 -> 9.0154644 | U51: =+U28/100 -> -0.603202 | V51: =+U51-T51 -> -9.6186664 | Y51: - OPC 소급분 : 삼표 2.5억(총 9.9억 中 1회차) → 8~5월누계 총 4회 소급예정
S52: 골재 | T52: =+T32/100 -> 9.3431923 | U52: =+U32/100 -> -4.3428733 | V52: =+U52-T52 -> -13.686066
S53: 임대 | T53: =(T33+T34)/100 -> 6.498767 | U53: =(U33+U34)/100 -> 5.7007911 | V53: =+U53-T53 -> -0.79797589
S54: 기타 | T54: =(T46/100)-T50-T51-T52-T53 -> -4.1923159 | U54: =(U46/100)-U50-U51-U52-U53 -> -14.966284 | V54: =+U54-T54 -> -10.773968
T55: =SUM(T53:T54) -> 2.3064511 | U55: =SUM(U53:U54) -> -9.2654931 | V55: =SUM(V53:V54) -> -11.571944
T56: =SUM(T50:T54) -> 50.809919 | U56: =SUM(U50:U54) -> -23.56713 | V56: =+U56-T56 -> -74.377049
J57: =+J32*1000 -> 444198.07 | K57: =+K32*1000 -> 305114 | L57: =+K57-J57 -> -139084.07
J58: =+T32/100 -> 9.3431923 | K58: =+U32/100 -> -4.3428733 | L58: =+K58-J58 -> -13.686066 | S58: 임대 | T58: =+(T33+T34)/100 -> 6.498767 | U58: =+(U33+U34)/100 -> 5.7007911 | V58: =+U58-T58 -> -0.79797589
S59: =+I36 -> OPC 소급분 | T59: =+T36/100 -> -2.0500689 | U59: =+U36/100 -> 0 | V59: =+U59-T59 -> 2.0500689
S60: =+I37 -> 대손 | T60: =+T37/100 -> 0 | U60: =+U37/100 -> -5.2239605 | V60: =+U60-T60 -> -5.2239605
S61: =+I38 -> 미운영 공장 | T61: =+T38/100 -> -1.4016679 | U61: =+U38/100 -> -1.4084307 | V61: =+U61-T61 -> -0.00676281
S62: =+I40 -> 기타 | T62: =+T40/100 -> -0.74057904 | U62: =+U40/100 -> -0.74046105 | V62: =+U62-T62 -> 0.00011799
T63: =SUM(T58:T62) -> 2.3064511 | U63: =SUM(U58:U62) -> -1.6720612 | V63: =SUM(V58:V62) -> -3.9785123
T69: =SUM(T33:T34,T36,T38:T39,T40,Y37) -> 230.64511 | U69: =SUM(U33:U34,U36,U38:U39,U40,Z37) -> -404.15326 | V69: =+U69-T69 -> -634.79837
T71: =+T43-T28 -> 4179.4455 | U71: =+U43-U28 -> -2296.3928 | V71: =+U71-T71 -> -6475.8383
T72: =+T71/100 -> 41.794455 | U72: =+U71/100 -> -22.963928 | V72: =+U72-T72 -> -64.758383
U75: =+U71-U37-U39 -> -1014.6535
U76: =+U75/100 -> -10.146535

Sheet 영업이익
D4: □ 레미콘 영업이익 차이분석(2025-05)
W5: [단위 : 백만원, 천㎥]
A6: 2024년 12월 마감 손익 | D6: 구분 | E6: 영업이익(공통비 미배부) | H6: 물량 차이 | L6: 판매단가 차이 | P6: 제조원가 차이 | T6: 판관비 등 차이
E7: 계획 | F7: 실적 | G7: 차이 | H7: 계획 | I7: 실적 | J7: 차이 | K7: 손익 | L7: 계획 | M7: 실적 | N7: 차이 | O7: 손익 | P7: 계획 | Q7: 실적 | R7: 차이 | S7: 손익 | T7: 계획 | U7: 실적 | V7: 차이 | W7: 손익
D8: 합계 | E8: =+[4]합계!$H$86/1000 -> 3028.0827 | F8: =+[4]합계!$I$86/1000 -> 1554.3131 | G8: =+F8-E8 -> -1473.7696 | H8: =+[4]합계!$T$5/1000 -> 290.5 | I8: =+[4]합계!$U$5/1000 -> 242.9955 | J8: =+I8-H8 -> -47.5045 | K8: =+[4]합계!$M$86/1000 -> -697.81896 | L8: =+[4]합계!$Q$85 -> 100419.33 | M8: =+[4]합계!$R$85 -> 97989.576 | N8: =+M8-L8 -> -2429.7523 | O8: =+[4]합계!$K$86/1000 -> -583.47099 | P8: =+[4]합계!$Q$50 -> 86464.518 | Q8: =+[4]합계!$R$50 -> 87342.973 | R8: =+Q8-P8 -> 878.45491 | S8: =+[4]합계!$L$56/1000 -> -137.02353 | T8: =+([4]합계!$H$80+[4]합계!$H$85)/1000 -> 1025.7896 | U8: =+([4]합계!$I$80+[4]합계!$I$85)/1000 -> 1081.2458 | V8: =+U8-T8 -> 55.456158 | W8: =+([4]합계!$L$80+[4]합계!$L$85)/1000 -> -55.456158 | Y8: =+G8-K8-O8-S8-W8 -> 5.4214411e-12 | Z8: =+Y8*1000000 -> 5.4214411e-06
D9: 수도권 | E9: =+[4]수도권!$H$86/1000 -> 746.49657 | F9: =+[4]수도권!$I$86/1000 -> 405.24294 | G9: =+F9-E9 -> -341.25363 | H9: =+[4]수도권!$T$5/1000 -> 105 | I9: =+[4]수도권!$U$5/1000 -> 85.7685 | J9: =+I9-H9 -> -19.2315 | K9: =+[4]수도권!$M$86/1000 -> -204.88053 | L9: =+[4]수도권!$Q$85 -> 97007.731 | M9: =+[4]수도권!$R$85 -> 96609.726 | N9: =+M9-L9 -> -398.00433 | O9: =+[4]수도권!$K$86/1000 -> -33.664599 | P9: =+[4]수도권!$Q$50 -> 86876.551 | Q9: =+[4]수도권!$R$50 -> 87946.306 | R9: =+Q9-P9 -> 1069.755 | S9: =+[4]수도권!$L$56/1000 -> -90.483542 | T9: =+([4]수도권!$H$80+[4]수도권!$H$85)/1000 -> 317.27728 | U9: =+([4]수도권!$I$80+[4]수도권!$I$85)/1000 -> 329.50225 | V9: =+U9-T9 -> 12.224961 | W9: =+([4]수도권!$L$80+[4]수도권!$L$85)/1000 -> -12.224961 | Y9: =+G9-K9-O9-S9-W9 -> -5.0803806e-13 | Z9: =+Y9*1000000 -> -5.0803806e-07
D10: 영남권 | E10: =+[4]영남권!$H$86/1000 -> 1269.8752 | F10: =+[4]영남권!$I$86/1000 -> 680.48282 | G10: =+F10-E10 -> -589.39238 | H10: =+[4]영남권!$T$5/1000 -> 127.5 | I10: =+[4]영남권!$U$5/1000 -> 106.883 | J10: =+I10-H10 -> -20.617 | K10: =+[4]영남권!$M$86/1000 -> -302.55952 | L10: =+[4]영남권!$Q$85 -> 100476.31 | M10: =+[4]영남권!$R$85 -> 97803.84 | N10: =+M10-L10 -> -2672.4683 | O10: =+[4]영남권!$K$86/1000 -> -282.16454 | P10: =+[4]영남권!$Q$50 -> 86533.526 | Q10: =+[4]영남권!$R$50 -> 86910.652 | R10: =+Q10-P10 -> 377.12652 | S10: =+[4]영남권!$L$56/1000 -> 34.541565 | T10: =+([4]영남권!$H$80+[4]영남권!$H$85)/1000 -> 507.82964 | U10: =+([4]영남권!$I$80+[4]영남권!$I$85)/1000 -> 547.03952 | V10: =+U10-T10 -> 39.20988 | W10: =+([4]영남권!$L$80+[4]영남권!$L$85)/1000 -> -39.20988 | Y10: =+G10-K10-O10-S10-W10 -> -1.3997692e-12 | Z10: =+Y10*1000000 -> -1.3997692e-06
D11: 기타권 | E11: =+[4]중부권!$H$86/1000 -> 1011.711 | F11: =+[4]중부권!$I$86/1000 -> 468.58735 | G11: =+F11-E11 -> -543.12363 | H11: =+[4]중부권!$T$5/1000 -> 58 | I11: =+[4]중부권!$U$5/1000 -> 50.344 | J11: =+I11-H11 -> -7.656 | K11: =+[4]중부권!$M$86/1000 -> -167.84336 | L11: =+[4]중부권!$Q$85 -> 106470.24 | M11: =+[4]중부권!$R$85 -> 100717.64 | N11: =+M11-L11 -> -5752.5952 | O11: =+[4]중부권!$K$86/1000 -> -287.46006 | P11: =+[4]중부권!$Q$50 -> 85566.899 | Q11: =+[4]중부권!$R$50 -> 87237.592 | R11: =+Q11-P11 -> 1670.6933 | S11: =+[4]중부권!$L$56/1000 -> -83.798897 | T11: =+([4]중부권!$H$80+[4]중부권!$H$85)/1000 -> 200.68268 | U11: =+([4]중부권!$I$80+[4]중부권!$I$85)/1000 -> 204.704 | V11: =+U11-T11 -> 4.0213172 | W11: =+([4]중부권!$L$80+[4]중부권!$L$85)/1000 -> -4.0213172 | Y11: =+G11-K11-O11-S11-W11 -> -5.9863225e-13 | Z11: =+Y11*1000000 -> -5.9863225e-07
D12: 안양 | E12: =+[4]안양!$H$86/1000 -> 362.47826 | F12: =+[4]안양!$I$86/1000 -> 242.51179 | G12: =+F12-E12 -> -119.96647 | H12: =+[4]안양!$T$5/1000 -> 40 | I12: =+[4]안양!$U$5/1000 -> 31.314 | J12: =+I12-H12 -> -8.686 | K12: =+[4]안양!$M$86/1000 -> -99.899508 | L12: =+[4]안양!$Q$85 -> 98003.916 | M12: =+[4]안양!$R$85 -> 95747.281 | N12: =+M12-L12 -> -2256.6343 | O12: =+[4]안양!$K$86/1000 -> -70.560443 | P12: =+[4]안양!$Q$50 -> 86517.989 | Q12: =+[4]안양!$R$50 -> 84821.734 | R12: =+Q12-P12 -> -1696.2555 | S12: =+[4]안양!$L$56/1000 -> 53.038542 | T12: =+([4]안양!$H$80+[4]안양!$H$85)/1000 -> 96.958795 | U12: =+([4]안양!$I$80+[4]안양!$I$85)/1000 -> 99.503854 | V12: =+U12-T12 -> 2.5450597 | W12: =+([4]안양!$L$80+[4]안양!$L$85)/1000 -> -2.5450597 | Y12: =+G12-K12-O12-S12-W12 -> 1.9984014e-13 | Z12: =+Y12*1000000 -> 1.9984014e-07
D13: 인천 | E13: =+[4]인천!$H$86/1000 -> 104.02928 | F13: =+[4]인천!$I$86/1000 -> 160.60507 | G13: =+F13-E13 -> 56.575783 | H13: =+[4]인천!$T$5/1000 -> 25 | I13: =+[4]인천!$U$5/1000 -> 32.104 | J13: =+I13-H13 -> 7.104 | K13: =+[4]인천!$M$86/1000 -> 50.531022 | L13: =+[4]인천!$Q$85 -> 98123.644 | M13: =+[4]인천!$R$85 -> 99229.134 | N13: =+M13-L13 -> 1105.4903 | O13: =+[4]인천!$K$86/1000 -> 34.459237 | P13: =+[4]인천!$Q$50 -> 90121.615 | Q13: =+[4]인천!$R$50 -> 90823.234 | R13: =+Q13-P13 -> 701.6192 | S13: =+[4]인천!$L$56/1000 -> -21.870109 | T13: =+([4]인천!$H$80+[4]인천!$H$85)/1000 -> 96.021445 | U13: =+([4]인천!$I$80+[4]인천!$I$85)/1000 -> 102.56581 | V13: =+U13-T13 -> 6.5443668 | W13: =+([4]인천!$L$80+[4]인천!$L$85)/1000 -> -6.5443668 | Y13: =+G13-K13-O13-S13-W13 -> -2.5579538e-13 | Z13: =+Y13*1000000 -> -2.5579538e-07
D14: 파주 | E14: =+[4]파주!$H$86/1000 -> 147.88633 | F14: =+[4]파주!$I$86/1000 -> -28.835518 | G14: =+F14-E14 -> -176.72185 | H14: =+[4]파주!$T$5/1000 -> 24 | I14: =+[4]파주!$U$5/1000 -> 11.412 | J14: =+I14-H14 -> -12.588 | K14: =+[4]파주!$M$86/1000 -> -115.90274 | L14: =+[4]파주!$Q$85 -> 95819.998 | M14: =+[4]파주!$R$85 -> 92818.058 | N14: =+M14-L14 -> -3001.94 | O14: =+[4]파주!$K$86/1000 -> -33.85588 | P14: =+[4]파주!$Q$50 -> 86689.85 | Q14: =+[4]파주!$R$50 -> 88799.678 | R14: =+Q14-P14 -> 2109.8282 | S14: =+[4]파주!$L$56/1000 -> -23.794646 | T14: =+([4]파주!$H$80+[4]파주!$H$85)/1000 -> 71.237205 | U14: =+([4]파주!$I$80+[4]파주!$I$85)/1000 -> 74.405795 | V14: =+U14-T14 -> 3.1685895 | W14: =+([4]파주!$L$80+[4]파주!$L$85)/1000 -> -3.1685895 | Y14: =+G14-K14-O14-S14-W14 -> 8.1268325e-14 | Z14: =+Y14*1000000 -> 8.1268325e-08
D15: 김포 | E15: =+[4]김포!$H$86/1000 -> 132.10269 | F15: =+[4]김포!$I$86/1000 -> 30.961596 | G15: =+F15-E15 -> -101.14109 | H15: =+[4]김포!$T$5/1000 -> 16 | I15: =+[4]김포!$U$5/1000 -> 10.9385 | J15: =+I15-H15 -> -5.0615 | K15: =+[4]김포!$M$86/1000 -> -59.242641 | L15: =+[4]김포!$Q$85 -> 94555.252 | M15: =+[4]김포!$R$85 -> 95512.758 | N15: =+M15-L15 -> 957.50596 | O15: =+[4]김포!$K$86/1000 -> 10.404739 | P15: =+[4]김포!$Q$50 -> 82982.594 | Q15: =+[4]김포!$R$50 -> 87798.886 | R15: =+Q15-P15 -> 4816.2925 | S15: =+[4]김포!$L$56/1000 -> -52.336246 | T15: =+([4]김포!$H$80+[4]김포!$H$85)/1000 -> 53.059839 | U15: =+([4]김포!$I$80+[4]김포!$I$85)/1000 -> 53.026784 | V15: =+U15-T15 -> -0.033055014 | W15: =+([4]김포!$L$80+[4]김포!$L$85)/1000 -> 0.033055014 | Y15: =+G15-K15-O15-S15-W15 -> 1.3432311e-13 | Z15: =+Y15*1000000 -> 1.3432311e-07
D16: 부산 | E16: =+[4]부산!$H$86/1000 -> 224.72844 | F16: =+[4]부산!$I$86/1000 -> 308.13145 | G16: =+F16-E16 -> 83.40301 | H16: =+[4]부산!$T$5/1000 -> 21 | I16: =+[4]부산!$U$5/1000 -> 20.779 | J16: =+I16-H16 -> -0.221 | K16: =+[4]부산!$M$86/1000 -> -3.3534788 | L16: =+[4]부산!$Q$85 -> 107699.73 | M16: =+[4]부산!$R$85 -> 110171.72 | N16: =+M16-L16 -> 2471.9832 | O16: =+[4]부산!$K$86/1000 -> 51.365339 | P16: =+[4]부산!$Q$50 -> 92525.621 | Q16: =+[4]부산!$R$50 -> 90670.849 | R16: =+Q16-P16 -> -1854.7726 | S16: =+[4]부산!$L$56/1000 -> 87.736596 | T16: =+([4]부산!$H$80+[4]부산!$H$85)/1000 -> 93.927915 | U16: =+([4]부산!$I$80+[4]부산!$I$85)/1000 -> 146.27336 | V16: =+U16-T16 -> 52.345446 | W16: =+([4]부산!$L$80+[4]부산!$L$85)/1000 -> -52.345446 | Y16: =+G16-K16-O16-S16-W16 -> -1.2079227e-13 | Z16: =+Y16*1000000 -> -1.2079227e-07
D17: 서부산 | E17: =+[4]서부산!$H$86/1000 -> 216.99265 | F17: =+[4]서부산!$I$86/1000 -> 89.008721 | G17: =+F17-E17 -> -127.98392 | H17: =+[4]서부산!$T$5/1000 -> 21 | I17: =+[4]서부산!$U$5/1000 -> 17.147 | J17: =+I17-H17 -> -3.853 | K17: =+[4]서부산!$M$86/1000 -> -62.360281 | L17: =+[4]서부산!$Q$85 -> 99299.923 | M17: =+[4]서부산!$R$85 -> 96775.187 | N17: =+M17-L17 -> -2524.736 | O17: =+[4]서부산!$K$86/1000 -> -41.473837 | P17: =+[4]서부산!$Q$50 -> 85301.174 | Q17: =+[4]서부산!$R$50 -> 86582.444 | R17: =+Q17-P17 -> 1281.2706 | S17: =+[4]서부산!$L$56/1000 -> -2.3174895 | T17: =+([4]서부산!$H$80+[4]서부산!$H$85)/1000 -> 76.981091 | U17: =+([4]서부산!$I$80+[4]서부산!$I$85)/1000 -> 98.813407 | V17: =+U17-T17 -> 21.832317 | W17: =+([4]서부산!$L$80+[4]서부산!$L$85)/1000 -> -21.832317 | Y17: =+G17-K17-O17-S17-W17 -> -3.5882408e-13 | Z17: =+Y17*1000000 -> -3.5882408e-07
D18: 김해 | E18: =+[4]김해!$H$86/1000 -> 145.73735 | F18: =+[4]김해!$I$86/1000 -> -70.922998 | G18: =+F18-E18 -> -216.66035 | H18: =+[4]김해!$T$5/1000 -> 15 | I18: =+[4]김해!$U$5/1000 -> 8.128 | J18: =+I18-H18 -> -6.872 | K18: =+[4]김해!$M$86/1000 -> -91.806904 | L18: =+[4]김해!$Q$85 -> 96299.853 | M18: =+[4]김해!$R$85 -> 85822.552 | N18: =+M18-L18 -> -10477.301 | O18: =+[4]김해!$K$86/1000 -> -83.902225 | P18: =+[4]김해!$Q$50 -> 83130.102 | Q18: =+[4]김해!$R$50 -> 89173.913 | R18: =+Q18-P18 -> 6043.8115 | S18: =+[4]김해!$L$56/1000 -> -46.992675 | T18: =+([4]김해!$H$80+[4]김해!$H$85)/1000 -> 51.808924 | U18: =+([4]김해!$I$80+[4]김해!$I$85)/1000 -> 45.76747 | V18: =+U18-T18 -> -6.0414543 | W18: =+([4]김해!$L$80+[4]김해!$L$85)/1000 -> 6.0414543 | Y18: =+G18-K18-O18-S18-W18 -> -1.4299673e-13 | Z18: =+Y18*1000000 -> -1.4299673e-07
D19: 정관 | E19: =+[4]정관!$H$86/1000 -> 172.35954 | F19: =+[4]정관!$I$86/1000 -> 201.7835 | G19: =+F19-E19 -> 29.423965 | H19: =+[4]정관!$T$5/1000 -> 19 | I19: =+[4]정관!$U$5/1000 -> 23.4385 | J19: =+I19-H19 -> 4.4385 | K19: =+[4]정관!$M$86/1000 -> 52.438869 | L19: =+[4]정관!$Q$85 -> 101999.6 | M19: =+[4]정관!$R$85 -> 96261.012 | N19: =+M19-L19 -> -5738.5885 | O19: =+[4]정관!$K$86/1000 -> -131.85842 | P19: =+[4]정관!$Q$50 -> 89093.888 | Q19: =+[4]정관!$R$50 -> 84568.527 | R19: =+Q19-P19 -> -4525.3616 | S19: =+[4]정관!$L$56/1000 -> 107.04234 | T19: =+([4]정관!$H$80+[4]정관!$H$85)/1000 -> 72.848987 | U19: =+([4]정관!$I$80+[4]정관!$I$85)/1000 -> 71.047812 | V19: =+U19-T19 -> -1.8011749 | W19: =+([4]정관!$L$80+[4]정관!$L$85)/1000 -> 1.8011749 | Y19: =+G19-K19-O19-S19-W19 -> 1.1635137e-13 | Z19: =+Y19*1000000 -> 1.1635137e-07
D20: 양산 | E20: =+[4]양산!$H$86/1000 -> 104.55247 | F20: =+[4]양산!$I$86/1000 -> 38.252911 | G20: =+F20-E20 -> -66.299555 | H20: =+[4]양산!$T$5/1000 -> 12 | I20: =+[4]양산!$U$5/1000 -> 8.737 | J20: =+I20-H20 -> -3.263 | K20: =+[4]양산!$M$86/1000 -> -39.116043 | L20: =+[4]양산!$Q$85 -> 94452.5 | M20: =+[4]양산!$R$85 -> 89706.091 | N20: =+M20-L20 -> -4746.4087 | O20: =+[4]양산!$K$86/1000 -> -41.469372 | P20: =+[4]양산!$Q$50 -> 82464.745 | Q20: =+[4]양산!$R$50 -> 80892.5 | R20: =+Q20-P20 -> -1572.2458 | S20: =+[4]양산!$L$56/1000 -> 14.26309 | T20: =+([4]양산!$H$80+[4]양산!$H$85)/1000 -> 39.300589 | U20: =+([4]양산!$I$80+[4]양산!$I$85)/1000 -> 39.277818 | V20: =+U20-T20 -> -0.022771042 | W20: =+([4]양산!$L$80+[4]양산!$L$85)/1000 -> 0.022771042 | Y20: =+G20-K20-O20-S20-W20 -> -6.2443106e-14 | Z20: =+Y20*1000000 -> -6.2443106e-08
D21: 창원 | E21: =+[4]창원!$H$86/1000 -> 138.6512 | F21: =+[4]창원!$I$86/1000 -> 24.863254 | G21: =+F21-E21 -> -113.78795 | H21: =+[4]창원!$T$5/1000 -> 13 | I21: =+[4]창원!$U$5/1000 -> 8.83 | J21: =+I21-H21 -> -4.17 | K21: =+[4]창원!$M$86/1000 -> -66.350182 | L21: =+[4]창원!$Q$85 -> 101300.2 | M21: =+[4]창원!$R$85 -> 97242.514 | N21: =+M21-L21 -> -4057.6907 | O21: =+[4]창원!$K$86/1000 -> -35.829409 | P21: =+[4]창원!$Q$50 -> 85388.89 | Q21: =+[4]창원!$R$50 -> 87698.602 | R21: =+Q21-P21 -> 2309.7121 | S21: =+[4]창원!$L$56/1000 -> -20.394749 | T21: =+([4]창원!$H$80+[4]창원!$H$85)/1000 -> 68.195885 | U21: =+([4]창원!$I$80+[4]창원!$I$85)/1000 -> 59.409495 | V21: =+U21-T21 -> -8.7863901 | W21: =+([4]창원!$L$80+[4]창원!$L$85)/1000 -> 8.7863901 | Y21: =+G21-K21-O21-S21-W21 -> -2.4336089e-13 | Z21: =+Y21*1000000 -> -2.4336089e-07
D22: 대구 | E22: =+[4]대구!$H$86/1000 -> 151.83098 | F22: =+[4]대구!$I$86/1000 -> -22.058378 | G22: =+F22-E22 -> -173.88935 | H22: =+[4]대구!$T$5/1000 -> 13 | I22: =+[4]대구!$U$5/1000 -> 8.3985 | J22: =+I22-H22 -> -4.6015 | K22: =+[4]대구!$M$86/1000 -> -72.570506 | L22: =+[4]대구!$Q$85 -> 97474.131 | M22: =+[4]대구!$R$85 -> 85090.071 | N22: =+M22-L22 -> -12384.06 | O22: =+[4]대구!$K$86/1000 -> -104.00753 | P22: =+[4]대구!$Q$50 -> 81703.077 | Q22: =+[4]대구!$R$50 -> 82776.544 | R22: =+Q22-P22 -> 1073.4679 | S22: =+[4]대구!$L$56/1000 -> -6.6551693 | T22: =+([4]대구!$H$80+[4]대구!$H$85)/1000 -> 53.192728 | U22: =+([4]대구!$I$80+[4]대구!$I$85)/1000 -> 43.84888 | V22: =+U22-T22 -> -9.3438481 | W22: =+([4]대구!$L$80+[4]대구!$L$85)/1000 -> 9.3438481 | Y22: =+G22-K22-O22-S22-W22 -> 3.0198066e-14 | Z22: =+Y22*1000000 -> 3.0198066e-08
D23: 울산 | E23: =+[4]울산!$H$86/1000 -> 115.02258 | F23: =+[4]울산!$I$86/1000 -> 111.42436 | G23: =+F23-E23 -> -3.598221 | H23: =+[4]울산!$T$5/1000 -> 13.5 | I23: =+[4]울산!$U$5/1000 -> 11.425 | J23: =+I23-H23 -> -2.075 | K23: =+[4]울산!$M$86/1000 -> -25.606437 | L23: =+[4]울산!$Q$85 -> 101018.52 | M23: =+[4]울산!$R$85 -> 104262.07 | N23: =+M23-L23 -> 3243.5471 | O23: =+[4]울산!$K$86/1000 -> 37.057526 | P23: =+[4]울산!$Q$50 -> 88678.067 | Q23: =+[4]울산!$R$50 -> 90780.608 | R23: =+Q23-P23 -> 2102.5411 | S23: =+[4]울산!$L$56/1000 -> -24.021553 | T23: =+([4]울산!$H$80+[4]울산!$H$85)/1000 -> 51.573522 | U23: =+([4]울산!$I$80+[4]울산!$I$85)/1000 -> 42.601278 | V23: =+U23-T23 -> -8.972244 | W23: =+([4]울산!$L$80+[4]울산!$L$85)/1000 -> 8.972244 | Y23: =+G23-K23-O23-S23-W23 -> 7.4606987e-14 | Z23: =+Y23*1000000 -> 7.4606987e-08
D24: 아산 | E24: =+[4]아산!$H$86/1000 -> 348.62173 | F24: =+[4]아산!$I$86/1000 -> 136.46828 | G24: =+F24-E24 -> -212.15345 | H24: =+[4]아산!$T$5/1000 -> 24 | I24: =+[4]아산!$U$5/1000 -> 22.644 | J24: =+I24-H24 -> -1.356 | K24: =+[4]아산!$M$86/1000 -> -24.32677 | L24: =+[4]아산!$Q$85 -> 103000 | M24: =+[4]아산!$R$85 -> 96668.742 | N24: =+M24-L24 -> -6331.2577 | O24: =+[4]아산!$K$86/1000 -> -143.365 | P24: =+[4]아산!$Q$50 -> 85059.904 | Q24: =+[4]아산!$R$50 -> 86894.137 | R24: =+Q24-P24 -> 1834.2328 | S24: =+[4]아산!$L$56/1000 -> -41.841699 | T24: =+([4]아산!$H$80+[4]아산!$H$85)/1000 -> 81.940573 | U24: =+([4]아산!$I$80+[4]아산!$I$85)/1000 -> 84.560557 | V24: =+U24-T24 -> 2.6199836 | W24: =+([4]아산!$L$80+[4]아산!$L$85)/1000 -> -2.6199836 | Y24: =+G24-K24-O24-S24-W24 -> -1.0524914e-13 | Z24: =+Y24*1000000 -> -1.0524914e-07
D25: 전주 | E25: =+[4]전주!$H$86/1000 -> 134.35065 | F25: =+[4]전주!$I$86/1000 -> 165.00719 | G25: =+F25-E25 -> 30.656538 | H25: =+[4]전주!$T$5/1000 -> 12 | I25: =+[4]전주!$U$5/1000 -> 13.9375 | J25: =+I25-H25 -> 1.9375 | K25: =+[4]전주!$M$86/1000 -> 29.894699 | L25: =+[4]전주!$Q$85 -> 96858.283 | M25: =+[4]전주!$R$85 -> 96734.687 | N25: =+M25-L25 -> -123.59634 | O25: =+[4]전주!$K$86/1000 -> -1.722624 | P25: =+[4]전주!$Q$50 -> 81428.761 | Q25: =+[4]전주!$R$50 -> 81318.652 | R25: =+Q25-P25 -> -110.10931 | S25: =+[4]전주!$L$56/1000 -> 1.5346545 | T25: =+([4]전주!$H$80+[4]전주!$H$85)/1000 -> 50.803613 | U25: =+([4]전주!$I$80+[4]전주!$I$85)/1000 -> 49.853805 | V25: =+U25-T25 -> -0.94980843 | W25: =+([4]전주!$L$80+[4]전주!$L$85)/1000 -> 0.94980843 | Y25: =+G25-K25-O25-S25-W25 -> 1.9551027e-13 | Z25: =+Y25*1000000 -> 1.9551027e-07
D26: 군산 | E26: =+[4]군산!$H$86/1000 -> 220.37123 | F26: =+[4]군산!$I$86/1000 -> 130.46313 | G26: =+F26-E26 -> -89.908091 | H26: =+[4]군산!$T$5/1000 -> 8 | I26: =+[4]군산!$U$5/1000 -> 6.231 | J26: =+I26-H26 -> -1.769 | K26: =+[4]군산!$M$86/1000 -> -53.716761 | L26: =+[4]군산!$Q$85 -> 111008.3 | M26: =+[4]군산!$R$85 -> 104554.33 | N26: =+M26-L26 -> -6453.9749 | O26: =+[4]군산!$K$86/1000 -> -40.214717 | P26: =+[4]군산!$Q$50 -> 80642.692 | Q26: =+[4]군산!$R$50 -> 79925.181 | R26: =+Q26-P26 -> -717.51113 | S26: =+[4]군산!$L$56/1000 -> 4.4708129 | T26: =+([4]군산!$H$80+[4]군산!$H$85)/1000 -> 22.553641 | U26: =+([4]군산!$I$80+[4]군산!$I$85)/1000 -> 23.001066 | V26: =+U26-T26 -> 0.44742528 | W26: =+([4]군산!$L$80+[4]군산!$L$85)/1000 -> -0.44742528 | Y26: =+G26-K26-O26-S26-W26 -> -6.511458e-14 | Z26: =+Y26*1000000 -> -6.511458e-08
D27: 원주 | E27: =+[4]원주!$H$86/1000 -> 147.92445 | F27: =+[4]원주!$I$86/1000 -> -23.378171 | G27: =+F27-E27 -> -171.30262 | H27: =+[4]원주!$T$5/1000 -> 6 | I27: =+[4]원주!$U$5/1000 -> 1.6815 | J27: =+I27-H27 -> -4.3185 | K27: =+[4]원주!$M$86/1000 -> -119.17031 | L27: =+[4]원주!$Q$85 -> 112000 | M27: =+[4]원주!$R$85 -> 109562.92 | N27: =+M27-L27 -> -2437.08 | O27: =+[4]원주!$K$86/1000 -> -4.09795 | P27: =+[4]원주!$Q$50 -> 84404.699 | Q27: =+[4]원주!$R$50 -> 111486.02 | R27: =+Q27-P27 -> 27081.321 | S27: =+[4]원주!$L$56/1000 -> -45.537244 | T27: =+([4]원주!$H$80+[4]원주!$H$85)/1000 -> 17.647358 | U27: =+([4]원주!$I$80+[4]원주!$I$85)/1000 -> 20.144475 | V27: =+U27-T27 -> 2.4971176 | W27: =+([4]원주!$L$80+[4]원주!$L$85)/1000 -> -2.4971176 | Y27: =+G27-K27-O27-S27-W27 -> 2.9309888e-14 | Z27: =+Y27*1000000 -> 2.9309888e-08
D28: 제주 | E28: =+[4]제주!$H$86/1000 -> 160.44292 | F28: =+[4]제주!$I$86/1000 -> 60.026911 | G28: =+F28-E28 -> -100.41601 | H28: =+[4]제주!$T$5/1000 -> 8 | I28: =+[4]제주!$U$5/1000 -> 5.85 | J28: =+I28-H28 -> -2.15 | K28: =+[4]제주!$M$86/1000 -> -59.359161 | L28: =+[4]제주!$Q$85 -> 122613.5 | M28: =+[4]제주!$R$85 -> 120514.24 | N28: =+M28-L28 -> -2099.2635 | O28: =+[4]제주!$K$86/1000 -> -11.496617 | P28: =+[4]제주!$Q$50 -> 99090.947 | Q28: =+[4]제주!$R$50 -> 104596.95 | R28: =+Q28-P28 -> 5506.0036 | S28: =+[4]제주!$L$56/1000 -> -30.153633 | T28: =+([4]제주!$H$80+[4]제주!$H$85)/1000 -> 27.737499 | U28: =+([4]제주!$I$80+[4]제주!$I$85)/1000 -> 27.144098 | V28: =+U28-T28 -> -0.59340085 | W28: =+([4]제주!$L$80+[4]제주!$L$85)/1000 -> 0.59340085 | Y28: =+G28-K28-O28-S28-W28 -> -1.7652546e-14 | Z28: =+Y28*1000000 -> -1.7652546e-08
Y35: · 집합대손 2.2억 // 개별대손 3억(삼정이앤시) → 안양 2.9억, 양산 0.1억

Sheet 공헌이익
D4: □ 레미콘 단위당 공헌이익(2025-05)
V5: [단위 : 원/㎥]
A6: 2024년 12월 마감 손익 | D6: 구분 | E6: 판매단가 | H6: 재료비 | K6: 운반비 | N6: 유류비 | Q6: 변동비 계 | T6: 공헌이익
E7: 계획 | F7: 실적 | G7: 차이 | H7: 계획 | I7: 실적 | J7: 차이 | K7: 계획 | L7: 실적 | M7: 차이 | N7: 계획 | O7: 실적 | P7: 차이 | Q7: 계획 | R7: 실적 | S7: 차이 | T7: 계획 | U7: 실적 | V7: 차이
D8: 평균 | E8: =+[4]합계!$Q$85 -> 100419.33 | F8: =+[4]합계!$R$85 -> 97989.576 | G8: =+F8-E8 -> -2429.7523 | H8: =+[4]합계!$Q$20 -> 60461.605 | I8: =+[4]합계!$R$20 -> 60090.275 | J8: =+I8-H8 -> -371.33023 | K8: =+[4]합계!$Q$21 -> 18668.491 | L8: =+[4]합계!$R$21 -> 18634.736 | M8: =+L8-K8 -> -33.754323 | N8: =+[4]합계!$Q$22 -> 212.90878 | O8: =+[4]합계!$R$22 -> 274.84257 | P8: =+O8-N8 -> 61.933791 | Q8: =H8+K8+N8 -> 79343.005 | R8: =I8+L8+O8 -> 78999.854 | S8: =+R8-Q8 -> -343.15076 | T8: =+E8-Q8 -> 21076.324 | U8: =+F8-R8 -> 18989.722 | V8: =+U8-T8 -> -2086.6015
D9: 수도권 | E9: =+[4]수도권!$Q$85 -> 97007.731 | F9: =+[4]수도권!$R$85 -> 96609.726 | G9: =+F9-E9 -> -398.00433 | H9: =+[4]수도권!$Q$20 -> 61843.348 | I9: =+[4]수도권!$R$20 -> 60964.374 | J9: =+I9-H9 -> -878.97426 | K9: =+[4]수도권!$Q$21 -> 18452.932 | L9: =+[4]수도권!$R$21 -> 18980.384 | M9: =+L9-K9 -> 527.45111 | N9: =+[4]수도권!$Q$22 -> 256.28571 | O9: =+[4]수도권!$R$22 -> 193.83096 | P9: =+O9-N9 -> -62.454754 | Q9: =H9+K9+N9 -> 80552.566 | R9: =I9+L9+O9 -> 80138.588 | S9: =+R9-Q9 -> -413.9779 | T9: =+E9-Q9 -> 16455.164 | U9: =+F9-R9 -> 16471.138 | V9: =+U9-T9 -> 15.973569
D10: 영남권 | E10: =+[4]영남권!$Q$85 -> 100476.31 | F10: =+[4]영남권!$R$85 -> 97803.84 | G10: =+F10-E10 -> -2672.4683 | H10: =+[4]영남권!$Q$20 -> 59626.462 | I10: =+[4]영남권!$R$20 -> 59249.106 | J10: =+I10-H10 -> -377.3558 | K10: =+[4]영남권!$Q$21 -> 19305.927 | L10: =+[4]영남권!$R$21 -> 18771.562 | M10: =+L10-K10 -> -534.3648 | N10: =+[4]영남권!$Q$22 -> 194.03922 | O10: =+[4]영남권!$R$22 -> 362.12699 | P10: =+O10-N10 -> 168.08778 | Q10: =H10+K10+N10 -> 79126.428 | R10: =I10+L10+O10 -> 78382.795 | S10: =+R10-Q10 -> -743.63282 | T10: =+E10-Q10 -> 21349.881 | U10: =+F10-R10 -> 19421.045 | V10: =+U10-T10 -> -1928.8354
D11: 기타권 | E11: =+[4]중부권!$Q$85 -> 106470.24 | F11: =+[4]중부권!$R$85 -> 100717.64 | G11: =+F11-E11 -> -5752.5952 | H11: =+[4]중부권!$Q$20 -> 59796.05 | I11: =+[4]중부권!$R$20 -> 60392.53 | J11: =+I11-H11 -> 596.48043 | K11: =+[4]중부권!$Q$21 -> 17657.465 | L11: =+[4]중부권!$R$21 -> 17760.135 | M11: =+L11-K11 -> 102.67017 | N11: =+[4]중부권!$Q$22 -> 175.86207 | O11: =+[4]중부권!$R$22 -> 227.08315 | P11: =+O11-N11 -> 51.22108 | Q11: =H11+K11+N11 -> 77629.377 | R11: =I11+L11+O11 -> 78379.749 | S11: =+R11-Q11 -> 750.37168 | T11: =+E11-Q11 -> 28840.861 | U11: =+F11-R11 -> 22337.894 | V11: =+U11-T11 -> -6502.9669
D12: 안양 | E12: =+[4]안양!$Q$85 -> 98003.916 | F12: =+[4]안양!$R$85 -> 95747.281 | G12: =+F12-E12 -> -2256.6343 | H12: =+[4]안양!$Q$20 -> 63992.806 | I12: =+[4]안양!$R$20 -> 60769.051 | J12: =+I12-H12 -> -3223.7549 | K12: =+[4]안양!$Q$21 -> 17444.58 | L12: =+[4]안양!$R$21 -> 17755.478 | M12: =+L12-K12 -> 310.89794 | N12: =+[4]안양!$Q$22 -> 205 | O12: =+[4]안양!$R$22 -> 181.78825 | P12: =+O12-N12 -> -23.21175 | Q12: =H12+K12+N12 -> 81642.386 | R12: =I12+L12+O12 -> 78706.317 | S12: =+R12-Q12 -> -2936.0687 | T12: =+E12-Q12 -> 16361.53 | U12: =+F12-R12 -> 17040.964 | V12: =+U12-T12 -> 679.43436
D13: 인천 | E13: =+[4]인천!$Q$85 -> 98123.644 | F13: =+[4]인천!$R$85 -> 99229.134 | G13: =+F13-E13 -> 1105.4903 | H13: =+[4]인천!$Q$20 -> 64305.68 | I13: =+[4]인천!$R$20 -> 63632.089 | J13: =+I13-H13 -> -673.59116 | K13: =+[4]인천!$Q$21 -> 17892.166 | L13: =+[4]인천!$R$21 -> 19894.558 | M13: =+L13-K13 -> 2002.392 | N13: =+[4]인천!$Q$22 -> 480 | O13: =+[4]인천!$R$22 -> 258.07363 | P13: =+O13-N13 -> -221.92637 | Q13: =H13+K13+N13 -> 82677.846 | R13: =I13+L13+O13 -> 83784.72 | S13: =+R13-Q13 -> 1106.8745 | T13: =+E13-Q13 -> 15445.798 | U13: =+F13-R13 -> 15444.414 | V13: =+U13-T13 -> -1.3842206
D14: 파주 | E14: =+[4]파주!$Q$85 -> 95819.998 | F14: =+[4]파주!$R$85 -> 92818.058 | G14: =+F14-E14 -> -3001.94 | H14: =+[4]파주!$Q$20 -> 59169.349 | I14: =+[4]파주!$R$20 -> 56616.013 | J14: =+I14-H14 -> -2553.3355 | K14: =+[4]파주!$Q$21 -> 20752.221 | L14: =+[4]파주!$R$21 -> 19974.61 | M14: =+L14-K14 -> -777.61032 | N14: =+[4]파주!$Q$22 -> 236.25 | O14: =+[4]파주!$R$22 -> 201.32506 | P14: =+O14-N14 -> -34.924942 | Q14: =H14+K14+N14 -> 80157.82 | R14: =I14+L14+O14 -> 76791.949 | S14: =+R14-Q14 -> -3365.8708 | T14: =+E14-Q14 -> 15662.178 | U14: =+F14-R14 -> 16026.109 | V14: =+U14-T14 -> 363.93077
D15: 김포 | E15: =+[4]김포!$Q$85 -> 94555.252 | F15: =+[4]김포!$R$85 -> 95512.758 | G15: =+F15-E15 -> 957.50596 | H15: =+[4]김포!$Q$20 -> 56633.309 | I15: =+[4]김포!$R$20 -> 58386.986 | J15: =+I15-H15 -> 1753.6776 | K15: =+[4]김포!$Q$21 -> 18401.078 | L15: =+[4]김포!$R$21 -> 18850.785 | M15: =+L15-K15 -> 449.70714 | N15: =+[4]김포!$Q$22 -> 65 | O15: =+[4]김포!$R$22 -> 36.422859 | P15: =+O15-N15 -> -28.577141 | Q15: =H15+K15+N15 -> 75099.387 | R15: =I15+L15+O15 -> 77274.195 | S15: =+R15-Q15 -> 2174.8076 | T15: =+E15-Q15 -> 19455.865 | U15: =+F15-R15 -> 18238.563 | V15: =+U15-T15 -> -1217.3017
D16: 부산 | E16: =+[4]부산!$Q$85 -> 107699.73 | F16: =+[4]부산!$R$85 -> 110171.72 | G16: =+F16-E16 -> 2471.9832 | H16: =+[4]부산!$Q$20 -> 64212.198 | I16: =+[4]부산!$R$20 -> 63597.697 | J16: =+I16-H16 -> -614.50167 | K16: =+[4]부산!$Q$21 -> 20705.659 | L16: =+[4]부산!$R$21 -> 20328.3 | M16: =+L16-K16 -> -377.35986 | N16: =+[4]부산!$Q$22 -> 95.238095 | O16: =+[4]부산!$R$22 -> 0 | P16: =+O16-N16 -> -95.238095 | Q16: =H16+K16+N16 -> 85013.096 | R16: =I16+L16+O16 -> 83925.996 | S16: =+R16-Q16 -> -1087.0996 | T16: =+E16-Q16 -> 22686.637 | U16: =+F16-R16 -> 26245.72 | V16: =+U16-T16 -> 3559.0829
D17: 서부산 | E17: =+[4]서부산!$Q$85 -> 99299.923 | F17: =+[4]서부산!$R$85 -> 96775.187 | G17: =+F17-E17 -> -2524.736 | H17: =+[4]서부산!$Q$20 -> 60645.368 | I17: =+[4]서부산!$R$20 -> 59504.381 | J17: =+I17-H17 -> -1140.9873 | K17: =+[4]서부산!$Q$21 -> 17691.749 | L17: =+[4]서부산!$R$21 -> 17213.561 | M17: =+L17-K17 -> -478.18716 | N17: =+[4]서부산!$Q$22 -> 142.85714 | O17: =+[4]서부산!$R$22 -> 1319.4729 | P17: =+O17-N17 -> 1176.6158 | Q17: =H17+K17+N17 -> 78479.974 | R17: =I17+L17+O17 -> 78037.415 | S17: =+R17-Q17 -> -442.55867 | T17: =+E17-Q17 -> 20819.949 | U17: =+F17-R17 -> 18737.772 | V17: =+U17-T17 -> -2082.1773
D18: 김해 | E18: =+[4]김해!$Q$85 -> 96299.853 | F18: =+[4]김해!$R$85 -> 85822.552 | G18: =+F18-E18 -> -10477.301 | H18: =+[4]김해!$Q$20 -> 56189.334 | I18: =+[4]김해!$R$20 -> 56761.321 | J18: =+I18-H18 -> 571.9865 | K18: =+[4]김해!$Q$21 -> 20303.31 | L18: =+[4]김해!$R$21 -> 20746.955 | M18: =+L18-K18 -> 443.64495 | N18: =+[4]김해!$Q$22 -> 333.33333 | O18: =+[4]김해!$R$22 -> 506.70704 | P18: =+O18-N18 -> 173.37371 | Q18: =H18+K18+N18 -> 76825.978 | R18: =I18+L18+O18 -> 78014.983 | S18: =+R18-Q18 -> 1189.0052 | T18: =+E18-Q18 -> 19473.875 | U18: =+F18-R18 -> 7807.5691 | V18: =+U18-T18 -> -11666.306
D19: 정관 | E19: =+[4]정관!$Q$85 -> 101999.6 | F19: =+[4]정관!$R$85 -> 96261.012 | G19: =+F19-E19 -> -5738.5885 | H19: =+[4]정관!$Q$20 -> 62637.407 | I19: =+[4]정관!$R$20 -> 60664.1 | J19: =+I19-H19 -> -1973.307 | K19: =+[4]정관!$Q$21 -> 19614.006 | L19: =+[4]정관!$R$21 -> 17972.935 | M19: =+L19-K19 -> -1641.0709 | N19: =+[4]정관!$Q$22 -> 210.52632 | O19: =+[4]정관!$R$22 -> 274.58298 | P19: =+O19-N19 -> 64.056668 | Q19: =H19+K19+N19 -> 82461.938 | R19: =I19+L19+O19 -> 78911.617 | S19: =+R19-Q19 -> -3550.3211 | T19: =+E19-Q19 -> 19537.662 | U19: =+F19-R19 -> 17349.395 | V19: =+U19-T19 -> -2188.2674
D20: 양산 | E20: =+[4]양산!$Q$85 -> 94452.5 | F20: =+[4]양산!$R$85 -> 89706.091 | G20: =+F20-E20 -> -4746.4087 | H20: =+[4]양산!$Q$20 -> 55987.527 | I20: =+[4]양산!$R$20 -> 52192.718 | J20: =+I20-H20 -> -3794.8088 | K20: =+[4]양산!$Q$21 -> 18213.535 | L20: =+[4]양산!$R$21 -> 19029.382 | M20: =+L20-K20 -> 815.84629 | N20: =+[4]양산!$Q$22 -> 66.666667 | O20: =+[4]양산!$R$22 -> 29.282591 | P20: =+O20-N20 -> -37.384075 | Q20: =H20+K20+N20 -> 74267.729 | R20: =I20+L20+O20 -> 71251.382 | S20: =+R20-Q20 -> -3016.3466 | T20: =+E20-Q20 -> 20184.771 | U20: =+F20-R20 -> 18454.709 | V20: =+U20-T20 -> -1730.0621
D21: 창원 | E21: =+[4]창원!$Q$85 -> 101300.2 | F21: =+[4]창원!$R$85 -> 97242.514 | G21: =+F21-E21 -> -4057.6907 | H21: =+[4]창원!$Q$20 -> 57809.176 | I21: =+[4]창원!$R$20 -> 57399.465 | J21: =+I21-H21 -> -409.71029 | K21: =+[4]창원!$Q$21 -> 18480.181 | L21: =+[4]창원!$R$21 -> 18183.742 | M21: =+L21-K21 -> -296.43906 | N21: =+[4]창원!$Q$22 -> 115.38462 | O21: =+[4]창원!$R$22 -> 92.20906 | P21: =+O21-N21 -> -23.175555 | Q21: =H21+K21+N21 -> 76404.741 | R21: =I21+L21+O21 -> 75675.416 | S21: =+R21-Q21 -> -729.32491 | T21: =+E21-Q21 -> 24895.464 | U21: =+F21-R21 -> 21567.098 | V21: =+U21-T21 -> -3328.3658
D22: 대구 | E22: =+[4]대구!$Q$85 -> 97474.131 | F22: =+[4]대구!$R$85 -> 85090.071 | G22: =+F22-E22 -> -12384.06 | H22: =+[4]대구!$Q$20 -> 54318.429 | I22: =+[4]대구!$R$20 -> 52970.772 | J22: =+I22-H22 -> -1347.6569 | K22: =+[4]대구!$Q$21 -> 18259.784 | L22: =+[4]대구!$R$21 -> 17018.614 | M22: =+L22-K22 -> -1241.17 | N22: =+[4]대구!$Q$22 -> 369.23077 | O22: =+[4]대구!$R$22 -> 280.37499 | P22: =+O22-N22 -> -88.855776 | Q22: =H22+K22+N22 -> 72947.443 | R22: =I22+L22+O22 -> 70269.761 | S22: =+R22-Q22 -> -2677.6826 | T22: =+E22-Q22 -> 24526.687 | U22: =+F22-R22 -> 14820.31 | V22: =+U22-T22 -> -9706.3773
D23: 울산 | E23: =+[4]울산!$Q$85 -> 101018.52 | F23: =+[4]울산!$R$85 -> 104262.07 | G23: =+F23-E23 -> 3243.5471 | H23: =+[4]울산!$Q$20 -> 60585.561 | I23: =+[4]울산!$R$20 -> 61428.235 | J23: =+I23-H23 -> 842.67451 | K23: =+[4]울산!$Q$21 -> 20871.285 | L23: =+[4]울산!$R$21 -> 19988.467 | M23: =+L23-K23 -> -882.81799 | N23: =+[4]울산!$Q$22 -> 269.62963 | O23: =+[4]울산!$R$22 -> 239.2821 | P23: =+O23-N23 -> -30.347529 | Q23: =H23+K23+N23 -> 81726.476 | R23: =I23+L23+O23 -> 81655.985 | S23: =+R23-Q23 -> -70.491011 | T23: =+E23-Q23 -> 19292.043 | U23: =+F23-R23 -> 22606.081 | V23: =+U23-T23 -> 3314.0381
D24: 아산 | E24: =+[4]아산!$Q$85 -> 103000 | F24: =+[4]아산!$R$85 -> 96668.742 | G24: =+F24-E24 -> -6331.2577 | H24: =+[4]아산!$Q$20 -> 57949.816 | I24: =+[4]아산!$R$20 -> 58662.072 | J24: =+I24-H24 -> 712.2559 | K24: =+[4]아산!$Q$21 -> 20312.277 | L24: =+[4]아산!$R$21 -> 21135.942 | M24: =+L24-K24 -> 823.66426 | N24: =+[4]아산!$Q$22 -> 104.16667 | O24: =+[4]아산!$R$22 -> 176.95243 | P24: =+O24-N24 -> 72.785765 | Q24: =H24+K24+N24 -> 78366.26 | R24: =I24+L24+O24 -> 79974.966 | S24: =+R24-Q24 -> 1608.7059 | T24: =+E24-Q24 -> 24633.74 | U24: =+F24-R24 -> 16693.777 | V24: =+U24-T24 -> -7939.9637
D25: 전주 | E25: =+[4]전주!$Q$85 -> 96858.283 | F25: =+[4]전주!$R$85 -> 96734.687 | G25: =+F25-E25 -> -123.59634 | H25: =+[4]전주!$Q$20 -> 56271.906 | I25: =+[4]전주!$R$20 -> 58992.16 | J25: =+I25-H25 -> 2720.254 | K25: =+[4]전주!$Q$21 -> 16650.868 | L25: =+[4]전주!$R$21 -> 15149.997 | M25: =+L25-K25 -> -1500.8701 | N25: =+[4]전주!$Q$22 -> 250 | O25: =+[4]전주!$R$22 -> 286.12097 | P25: =+O25-N25 -> 36.120969 | Q25: =H25+K25+N25 -> 73172.774 | R25: =I25+L25+O25 -> 74428.278 | S25: =+R25-Q25 -> 1255.5049 | T25: =+E25-Q25 -> 23685.51 | U25: =+F25-R25 -> 22306.409 | V25: =+U25-T25 -> -1379.1012
D26: 군산 | E26: =+[4]군산!$Q$85 -> 111008.3 | F26: =+[4]군산!$R$85 -> 104554.33 | G26: =+F26-E26 -> -6453.9749 | H26: =+[4]군산!$Q$20 -> 58650.377 | I26: =+[4]군산!$R$20 -> 57024.063 | J26: =+I26-H26 -> -1626.3147 | K26: =+[4]군산!$Q$21 -> 13604.848 | L26: =+[4]군산!$R$21 -> 13775.183 | M26: =+L26-K26 -> 170.33478 | N26: =+[4]군산!$Q$22 -> 56.25 | O26: =+[4]군산!$R$22 -> 41.597817 | P26: =+O26-N26 -> -14.652183 | Q26: =H26+K26+N26 -> 72311.475 | R26: =I26+L26+O26 -> 70840.843 | S26: =+R26-Q26 -> -1470.6321 | T26: =+E26-Q26 -> 38696.825 | U26: =+F26-R26 -> 33713.482 | V26: =+U26-T26 -> -4983.3428
D27: 원주 | E27: =+[4]원주!$Q$85 -> 112000 | F27: =+[4]원주!$R$85 -> 109562.92 | G27: =+F27-E27 -> -2437.08 | H27: =+[4]원주!$Q$20 -> 57608.533 | I27: =+[4]원주!$R$20 -> 56934.234 | J27: =+I27-H27 -> -674.29961 | K27: =+[4]원주!$Q$21 -> 14788.132 | L27: =+[4]원주!$R$21 -> 14618.369 | M27: =+L27-K27 -> -169.76287 | N27: =+[4]원주!$Q$22 -> 291.66667 | O27: =+[4]원주!$R$22 -> 466.82189 | P27: =+O27-N27 -> 175.15522 | Q27: =H27+K27+N27 -> 72688.332 | R27: =I27+L27+O27 -> 72019.425 | S27: =+R27-Q27 -> -668.90726 | T27: =+E27-Q27 -> 39311.668 | U27: =+F27-R27 -> 37543.495 | V27: =+U27-T27 -> -1768.1727
D28: 제주 | E28: =+[4]제주!$Q$85 -> 122613.5 | F28: =+[4]제주!$R$85 -> 120514.24 | G28: =+F28-E28 -> -2099.2635 | H28: =+[4]제주!$Q$20 -> 73407.278 | I28: =+[4]제주!$R$20 -> 76011.514 | J28: =+I28-H28 -> 2604.2357 | K28: =+[4]제주!$Q$21 -> 17407.543 | L28: =+[4]제주!$R$21 -> 15932.216 | M28: =+L28-K28 -> -1475.3268 | N28: =+[4]제주!$Q$22 -> 312.5 | O28: =+[4]제주!$R$22 -> 421.70766 | P28: =+O28-N28 -> 109.20766 | Q28: =H28+K28+N28 -> 91127.321 | R28: =I28+L28+O28 -> 92365.438 | S28: =+R28-Q28 -> 1238.1166 | T28: =+E28-Q28 -> 31486.179 | U28: =+F28-R28 -> 28148.799 | V28: =+U28-T28 -> -3337.3802

Sheet 재료비단가
D4: □ 레미콘 원재료단가(2025-05)
A6: 2024년 12월 마감 손익 | D6: 구분 | E6: OPC (원/톤) | H6: SC (원/톤) | K6: SP (원/톤) | N6: FA (원/톤) | Q6: 자갈 (원/톤) | T6: 모래 (원/톤)
E7: 계획 | F7: 실적 | G7: 차이 | H7: 계획 | I7: 실적 | J7: 차이 | K7: 계획 | L7: 실적 | M7: 차이 | N7: 계획 | O7: 실적 | P7: 차이 | Q7: 계획 | R7: 실적 | S7: 차이 | T7: 계획 | U7: 실적 | V7: 차이
D8: 평균 | E8: =+[4]합계!$G$9 -> 100521.88 | F8: =+[4]합계!$H$9 -> 100470.1 | G8: =+F8-E8 -> -51.777698 | H8: =+[4]합계!$G$10 -> 93823.791 | I8: =+[4]합계!$H$10 -> 93792.101 | J8: =+I8-H8 -> -31.689468 | K8: =+[4]합계!$G$12 -> 63662.357 | L8: =+[4]합계!$H$12 -> 61913.498 | M8: =+L8-K8 -> -1748.859 | N8: =+[4]합계!$G$13 -> 40910.186 | O8: =+[4]합계!$H$13 -> 40145.17 | P8: =+O8-N8 -> -765.01637 | Q8: =+[4]합계!$G$16 -> 13216.709 | R8: =+[4]합계!$H$16 -> 13073.785 | S8: =+R8-Q8 -> -142.92391 | T8: =+[4]합계!$G$17 -> 15810.113 | U8: =+[4]합계!$H$17 -> 15577.36 | V8: =+U8-T8 -> -232.7534
D9: 수도권 | E9: =+[4]수도권!$G$9 -> 100000 | F9: =+[4]수도권!$H$9 -> 99779.456 | G9: =+F9-E9 -> -220.54373 | H9: =+[4]수도권!$G$10 -> 98000 | I9: =+[4]수도권!$H$10 -> 101403.09 | J9: =+I9-H9 -> 3403.0898 | K9: =+[4]수도권!$G$12 -> 64156.872 | L9: =+[4]수도권!$H$12 -> 62182.266 | M9: =+L9-K9 -> -1974.6053 | N9: =+[4]수도권!$G$13 -> 47190.999 | O9: =+[4]수도권!$H$13 -> 45744.158 | P9: =+O9-N9 -> -1446.8406 | Q9: =+[4]수도권!$G$16 -> 15803.343 | R9: =+[4]수도권!$H$16 -> 15253.706 | S9: =+R9-Q9 -> -549.63786 | T9: =+[4]수도권!$G$17 -> 14135.327 | U9: =+[4]수도권!$H$17 -> 13839.885 | V9: =+U9-T9 -> -295.44275
D10: 영남권 | E10: =+[4]영남권!$G$9 -> 100000 | F10: =+[4]영남권!$H$9 -> 100085.73 | G10: =+F10-E10 -> 85.734533 | H10: =+[4]영남권!$G$10 -> 92441.657 | I10: =+[4]영남권!$H$10 -> 92331.304 | J10: =+I10-H10 -> -110.35308 | K10: =+[4]영남권!$G$12 -> 62657.875 | L10: =+[4]영남권!$H$12 -> 61187.482 | M10: =+L10-K10 -> -1470.3923 | N10: =+[4]영남권!$G$13 -> 35534.742 | O10: =+[4]영남권!$H$13 -> 35453.525 | P10: =+O10-N10 -> -81.216923 | Q10: =+[4]영남권!$G$16 -> 10951.613 | R10: =+[4]영남권!$H$16 -> 11207.67 | S10: =+R10-Q10 -> 256.05706 | T10: =+[4]영남권!$G$17 -> 17656.491 | U10: =+[4]영남권!$H$17 -> 17479.915 | V10: =+U10-T10 -> -176.57638
D11: 기타권 | E11: =+[4]중부권!$G$9 -> 102538.63 | F11: =+[4]중부권!$H$9 -> 102141.87 | G11: =+F11-E11 -> -396.75964 | H11: =+[4]중부권!$G$10 -> 98436.075 | I11: =+[4]중부권!$H$10 -> 94808.317 | J11: =+I11-H11 -> -3627.7573 | K11: =+[4]중부권!$G$12 -> 64588.919 | L11: =+[4]중부권!$H$12 -> 62742.2 | M11: =+L11-K11 -> -1846.7187 | N11: =+[4]중부권!$G$13 -> 42158.17 | O11: =+[4]중부권!$H$13 -> 39804.305 | P11: =+O11-N11 -> -2353.8659 | Q11: =+[4]중부권!$G$16 -> 13152.321 | R11: =+[4]중부권!$H$16 -> 13231.586 | S11: =+R11-Q11 -> 79.264446 | T11: =+[4]중부권!$G$17 -> 14662.238 | U11: =+[4]중부권!$H$17 -> 14625.143 | V11: =+U11-T11 -> -37.094645
D12: 안양 | E12: =+[4]안양!$G$9 -> 100000 | F12: =+[4]안양!$H$9 -> 99580.647 | G12: =+F12-E12 -> -419.35266 | H12: =+[4]안양!$G$10 -> 0 | I12: =+[4]안양!$H$10 -> 102200.02 | J12: =+I12-H12 -> 102200.02 | K12: =+[4]안양!$G$12 -> 64100 | L12: =+[4]안양!$H$12 -> 62024.807 | M12: =+L12-K12 -> -2075.1933 | N12: =+[4]안양!$G$13 -> 46100 | O12: =+[4]안양!$H$13 -> 45243.824 | P12: =+O12-N12 -> -856.17613 | Q12: =+[4]안양!$G$16 -> 15800 | R12: =+[4]안양!$H$16 -> 15132.749 | S12: =+R12-Q12 -> -667.25144 | T12: =+[4]안양!$G$17 -> 15032.258 | U12: =+[4]안양!$H$17 -> 14622.595 | V12: =+U12-T12 -> -409.66268
D13: 인천 | E13: =+[4]인천!$G$9 -> 100000 | F13: =+[4]인천!$H$9 -> 99840.291 | G13: =+F13-E13 -> -159.70861 | H13: =+[4]인천!$G$10 -> 98000 | I13: =+[4]인천!$H$10 -> 101376.44 | J13: =+I13-H13 -> 3376.4351 | K13: =+[4]인천!$G$12 -> 64400 | L13: =+[4]인천!$H$12 -> 62373.067 | M13: =+L13-K13 -> -2026.9332 | N13: =+[4]인천!$G$13 -> 47600 | O13: =+[4]인천!$H$13 -> 45520.015 | P13: =+O13-N13 -> -2079.9847 | Q13: =+[4]인천!$G$16 -> 16000 | R13: =+[4]인천!$H$16 -> 15425.004 | S13: =+R13-Q13 -> -574.99612 | T13: =+[4]인천!$G$17 -> 14318.131 | U13: =+[4]인천!$H$17 -> 13727.605 | V13: =+U13-T13 -> -590.52634
D14: 파주 | E14: =+[4]파주!$G$9 -> 100000 | F14: =+[4]파주!$H$9 -> 100000 | G14: =+F14-E14 -> 0 | H14: =+[4]파주!$G$10 -> 0 | I14: =+[4]파주!$H$10 -> 99050.094 | J14: =+I14-H14 -> 99050.094 | K14: =+[4]파주!$G$12 -> 64300 | L14: =+[4]파주!$H$12 -> 62286.658 | M14: =+L14-K14 -> -2013.3416 | N14: =+[4]파주!$G$13 -> 48200 | O14: =+[4]파주!$H$13 -> 46848.647 | P14: =+O14-N14 -> -1351.3526 | Q14: =+[4]파주!$G$16 -> 16333.333 | R14: =+[4]파주!$H$16 -> 15700.22 | S14: =+R14-Q14 -> -633.1129 | T14: =+[4]파주!$G$17 -> 12580.645 | U14: =+[4]파주!$H$17 -> 11642.666 | V14: =+U14-T14 -> -937.97958
D15: 김포 | E15: =+[4]김포!$G$9 -> 100000 | F15: =+[4]김포!$H$9 -> 100000 | G15: =+F15-E15 -> 0 | H15: =+[4]김포!$G$10 -> 0 | I15: =+[4]김포!$H$10 -> 0 | J15: =+I15-H15 -> 0 | K15: =+[4]김포!$G$12 -> 63800 | L15: =+[4]김포!$H$12 -> 61884.049 | M15: =+L15-K15 -> -1915.9515 | N15: =+[4]김포!$G$13 -> 47600 | O15: =+[4]김포!$H$13 -> 46735.816 | P15: =+O15-N15 -> -864.18356 | Q15: =+[4]김포!$G$16 -> 14600 | R15: =+[4]김포!$H$16 -> 14602.309 | S15: =+R15-Q15 -> 2.3094547 | T15: =+[4]김포!$G$17 -> 13955.222 | U15: =+[4]김포!$H$17 -> 14265.661 | V15: =+U15-T15 -> 310.43848
D16: 부산 | E16: =+[4]부산!$G$9 -> 100000 | F16: =+[4]부산!$H$9 -> 100000 | G16: =+F16-E16 -> 0.00054024454 | H16: =+[4]부산!$G$10 -> 92900 | I16: =+[4]부산!$H$10 -> 92513.642 | J16: =+I16-H16 -> -386.35778 | K16: =+[4]부산!$G$12 -> 0 | L16: =+[4]부산!$H$12 -> 0 | M16: =+L16-K16 -> 0 | N16: =+[4]부산!$G$13 -> 36500 | O16: =+[4]부산!$H$13 -> 36299.094 | P16: =+O16-N16 -> -200.90631 | Q16: =+[4]부산!$G$16 -> 11711.807 | R16: =+[4]부산!$H$16 -> 11772.647 | S16: =+R16-Q16 -> 60.840335 | T16: =+[4]부산!$G$17 -> 18098.229 | U16: =+[4]부산!$H$17 -> 18373.872 | V16: =+U16-T16 -> 275.6433
D17: 서부산 | E17: =+[4]서부산!$G$9 -> 100000 | F17: =+[4]서부산!$H$9 -> 100465.36 | G17: =+F17-E17 -> 465.36327 | H17: =+[4]서부산!$G$10 -> 92100 | I17: =+[4]서부산!$H$10 -> 92100.004 | J17: =+I17-H17 -> 0.0037675848 | K17: =+[4]서부산!$G$12 -> 65000 | L17: =+[4]서부산!$H$12 -> 63007.418 | M17: =+L17-K17 -> -1992.582 | N17: =+[4]서부산!$G$13 -> 35300 | O17: =+[4]서부산!$H$13 -> 34911.911 | P17: =+O17-N17 -> -388.08874 | Q17: =+[4]서부산!$G$16 -> 11333.333 | R17: =+[4]서부산!$H$16 -> 11327.588 | S17: =+R17-Q17 -> -5.7451376 | T17: =+[4]서부산!$G$17 -> 17714.682 | U17: =+[4]서부산!$H$17 -> 15687.161 | V17: =+U17-T17 -> -2027.5201
D18: 김해 | E18: =+[4]김해!$G$9 -> 100000 | F18: =+[4]김해!$H$9 -> 100000 | G18: =+F18-E18 -> 0 | H18: =+[4]김해!$G$10 -> 92100 | I18: =+[4]김해!$H$10 -> 92100 | J18: =+I18-H18 -> 0.0002437256 | K18: =+[4]김해!$G$12 -> 64000 | L18: =+[4]김해!$H$12 -> 62369.861 | M18: =+L18-K18 -> -1630.1395 | N18: =+[4]김해!$G$13 -> 35000 | O18: =+[4]김해!$H$13 -> 34490.515 | P18: =+O18-N18 -> -509.48458 | Q18: =+[4]김해!$G$16 -> 9066.6667 | R18: =+[4]김해!$H$16 -> 9072.9321 | S18: =+R18-Q18 -> 6.2654203 | T18: =+[4]김해!$G$17 -> 15880.191 | U18: =+[4]김해!$H$17 -> 17278.759 | V18: =+U18-T18 -> 1398.5684
D19: 정관 | E19: =+[4]정관!$G$9 -> 100000 | F19: =+[4]정관!$H$9 -> 100025 | G19: =+F19-E19 -> 25.004579 | H19: =+[4]정관!$G$10 -> 92100 | I19: =+[4]정관!$H$10 -> 92100.006 | J19: =+I19-H19 -> 0.0060684296 | K19: =+[4]정관!$G$12 -> 62000 | L19: =+[4]정관!$H$12 -> 61104.898 | M19: =+L19-K19 -> -895.10194 | N19: =+[4]정관!$G$13 -> 35500 | O19: =+[4]정관!$H$13 -> 35486.567 | P19: =+O19-N19 -> -13.432839 | Q19: =+[4]정관!$G$16 -> 11362.369 | R19: =+[4]정관!$H$16 -> 11325.327 | S19: =+R19-Q19 -> -37.042459 | T19: =+[4]정관!$G$17 -> 19373.72 | U19: =+[4]정관!$H$17 -> 18484.108 | V19: =+U19-T19 -> -889.61205
D20: 양산 | E20: =+[4]양산!$G$9 -> 100000 | F20: =+[4]양산!$H$9 -> 99996.925 | G20: =+F20-E20 -> -3.0750033 | H20: =+[4]양산!$G$10 -> 0 | I20: =+[4]양산!$H$10 -> 0 | J20: =+I20-H20 -> 0 | K20: =+[4]양산!$G$12 -> 62200 | L20: =+[4]양산!$H$12 -> 61513.807 | M20: =+L20-K20 -> -686.19329 | N20: =+[4]양산!$G$13 -> 36000 | O20: =+[4]양산!$H$13 -> 35712.208 | P20: =+O20-N20 -> -287.79241 | Q20: =+[4]양산!$G$16 -> 9600 | R20: =+[4]양산!$H$16 -> 9398.2028 | S20: =+R20-Q20 -> -201.79724 | T20: =+[4]양산!$G$17 -> 17974.86 | U20: =+[4]양산!$H$17 -> 17257.042 | V20: =+U20-T20 -> -717.81793
D21: 창원 | E21: =+[4]창원!$G$9 -> 100000 | F21: =+[4]창원!$H$9 -> 100000 | G21: =+F21-E21 -> 0.003977227 | H21: =+[4]창원!$G$10 -> 0 | I21: =+[4]창원!$H$10 -> 0 | J21: =+I21-H21 -> 0 | K21: =+[4]창원!$G$12 -> 64500 | L21: =+[4]창원!$H$12 -> 63005.77 | M21: =+L21-K21 -> -1494.23 | N21: =+[4]창원!$G$13 -> 33000 | O21: =+[4]창원!$H$13 -> 32450.624 | P21: =+O21-N21 -> -549.3755 | Q21: =+[4]창원!$G$16 -> 11000 | R21: =+[4]창원!$H$16 -> 11399.426 | S21: =+R21-Q21 -> 399.42592 | T21: =+[4]창원!$G$17 -> 17410.403 | U21: =+[4]창원!$H$17 -> 17019.472 | V21: =+U21-T21 -> -390.93033
D22: 대구 | E22: =+[4]대구!$G$9 -> 100000 | F22: =+[4]대구!$H$9 -> 100000 | G22: =+F22-E22 -> 0 | H22: =+[4]대구!$G$10 -> 0 | I22: =+[4]대구!$H$10 -> 96499.994 | J22: =+I22-H22 -> 96499.994 | K22: =+[4]대구!$G$12 -> 61400 | L22: =+[4]대구!$H$12 -> 59947.952 | M22: =+L22-K22 -> -1452.0483 | N22: =+[4]대구!$G$13 -> 35300 | O22: =+[4]대구!$H$13 -> 34617.145 | P22: =+O22-N22 -> -682.85482 | Q22: =+[4]대구!$G$16 -> 11133.333 | R22: =+[4]대구!$H$16 -> 11026.799 | S22: =+R22-Q22 -> -106.53461 | T22: =+[4]대구!$G$17 -> 14763.293 | U22: =+[4]대구!$H$17 -> 14718.71 | V22: =+U22-T22 -> -44.582491
D23: 울산 | E23: =+[4]울산!$G$9 -> 100000 | F23: =+[4]울산!$H$9 -> 100000 | G23: =+F23-E23 -> 0 | H23: =+[4]울산!$G$10 -> 0 | I23: =+[4]울산!$H$10 -> 0 | J23: =+I23-H23 -> 0 | K23: =+[4]울산!$G$12 -> 60200 | L23: =+[4]울산!$H$12 -> 59230.808 | M23: =+L23-K23 -> -969.19171 | N23: =+[4]울산!$G$13 -> 37000 | O23: =+[4]울산!$H$13 -> 36894.936 | P23: =+O23-N23 -> -105.06355 | Q23: =+[4]울산!$G$16 -> 11533.333 | R23: =+[4]울산!$H$16 -> 12379.949 | S23: =+R23-Q23 -> 846.61554 | T23: =+[4]울산!$G$17 -> 19459.674 | U23: =+[4]울산!$H$17 -> 19527.302 | V23: =+U23-T23 -> 67.628377
D24: 아산 | E24: =+[4]아산!$G$9 -> 100000 | F24: =+[4]아산!$H$9 -> 99876.154 | G24: =+F24-E24 -> -123.84612 | H24: =+[4]아산!$G$10 -> 86800 | I24: =+[4]아산!$H$10 -> 86600.029 | J24: =+I24-H24 -> -199.97109 | K24: =+[4]아산!$G$12 -> 64300 | L24: =+[4]아산!$H$12 -> 62265.828 | M24: =+L24-K24 -> -2034.1723 | N24: =+[4]아산!$G$13 -> 42900 | O24: =+[4]아산!$H$13 -> 41056.941 | P24: =+O24-N24 -> -1843.059 | Q24: =+[4]아산!$G$16 -> 11400 | R24: =+[4]아산!$H$16 -> 10855.505 | S24: =+R24-Q24 -> -544.4955 | T24: =+[4]아산!$G$17 -> 13225.806 | U24: =+[4]아산!$H$17 -> 12632.516 | V24: =+U24-T24 -> -593.29054
D25: 전주 | E25: =+[4]전주!$G$9 -> 100000 | F25: =+[4]전주!$H$9 -> 99999.998 | G25: =+F25-E25 -> -0.0019807835 | H25: =+[4]전주!$G$10 -> 96800 | I25: =+[4]전주!$H$10 -> 97496.154 | J25: =+I25-H25 -> 696.15404 | K25: =+[4]전주!$G$12 -> 65000 | L25: =+[4]전주!$H$12 -> 62970.486 | M25: =+L25-K25 -> -2029.5141 | N25: =+[4]전주!$G$13 -> 36000 | O25: =+[4]전주!$H$13 -> 35966.725 | P25: =+O25-N25 -> -33.275307 | Q25: =+[4]전주!$G$16 -> 13333.333 | R25: =+[4]전주!$H$16 -> 14735.329 | S25: =+R25-Q25 -> 1401.9959 | T25: =+[4]전주!$G$17 -> 15310.491 | U25: =+[4]전주!$H$17 -> 15601.585 | V25: =+U25-T25 -> 291.09397
D26: 군산 | E26: =+[4]군산!$G$9 -> 100000 | F26: =+[4]군산!$H$9 -> 99999.999 | G26: =+F26-E26 -> -0.0006772544 | H26: =+[4]군산!$G$10 -> 94200 | I26: =+[4]군산!$H$10 -> 0 | J26: =+I26-H26 -> -94200 | K26: =+[4]군산!$G$12 -> 64900 | L26: =+[4]군산!$H$12 -> 63408.661 | M26: =+L26-K26 -> -1491.3388 | N26: =+[4]군산!$G$13 -> 39300 | O26: =+[4]군산!$H$13 -> 36065.992 | P26: =+O26-N26 -> -3234.0079 | Q26: =+[4]군산!$G$16 -> 14200 | R26: =+[4]군산!$H$16 -> 15384.112 | S26: =+R26-Q26 -> 1184.1123 | T26: =+[4]군산!$G$17 -> 15212.903 | U26: =+[4]군산!$H$17 -> 15617.827 | V26: =+U26-T26 -> 404.92356
D27: 원주 | E27: =+[4]원주!$G$9 -> 100000 | F27: =+[4]원주!$H$9 -> 100000 | G27: =+F27-E27 -> 0 | H27: =+[4]원주!$G$10 -> 0 | I27: =+[4]원주!$H$10 -> 0 | J27: =+I27-H27 -> 0 | K27: =+[4]원주!$G$12 -> 64000 | L27: =+[4]원주!$H$12 -> 62207.944 | M27: =+L27-K27 -> -1792.0558 | N27: =+[4]원주!$G$13 -> 49000 | O27: =+[4]원주!$H$13 -> 48730.501 | P27: =+O27-N27 -> -269.49857 | Q27: =+[4]원주!$G$16 -> 13666.667 | R27: =+[4]원주!$H$16 -> 13264.796 | S27: =+R27-Q27 -> -401.87029 | T27: =+[4]원주!$G$17 -> 13806.452 | U27: =+[4]원주!$H$17 -> 12644.342 | V27: =+U27-T27 -> -1162.1096
D28: 제주 | E28: =+[4]제주!$G$9 -> 117000 | F28: =+[4]제주!$H$9 -> 117000 | G28: =+F28-E28 -> 0.0038578856 | H28: =+[4]제주!$G$10 -> 117000 | I28: =+[4]제주!$H$10 -> 0 | J28: =+I28-H28 -> -117000 | K28: =+[4]제주!$G$12 -> 0 | L28: =+[4]제주!$H$12 -> 0 | M28: =+L28-K28 -> 0 | N28: =+[4]제주!$G$13 -> 0 | O28: =+[4]제주!$H$13 -> 0 | P28: =+O28-N28 -> 0 | Q28: =+[4]제주!$G$16 -> 17666.667 | R28: =+[4]제주!$H$16 -> 17782.494 | S28: =+R28-Q28 -> 115.82722 | T28: =+[4]제주!$G$17 -> 17544.785 | U28: =+[4]제주!$H$17 -> 19149.072 | V28: =+U28-T28 -> 1604.2867

Sheet 원단위
D4: □ 레미콘 원재료 원단위(2025-05)
V5: [단위 : kg/㎥]
A6: 2024년 12월 마감 손익 | D6: 구분 | E6: OPC | H6: 분체류 | K6: 분체류 치환률 | N6: 자갈 | Q6: 모래 | T6: 혼화제
E7: 계획 | F7: 실적 | G7: 차이 | H7: 계획 | I7: 실적 | J7: 차이 | K7: 계획 | L7: 실적 | M7: 차이 | N7: 계획 | O7: 실적 | P7: 차이 | Q7: 계획 | R7: 실적 | S7: 차이 | T7: 계획 | U7: 실적 | V7: 차이
D8: 평균 | E8: =+[4]합계!$E$9 -> 252.43251 | F8: =+[4]합계!$F$9 -> 246.29029 | G8: =+F8-E8 -> -6.1422198 | H8: =+[4]합계!$E$15 -> 363.5349 | I8: =+[4]합계!$F$15 -> 366.94731 | J8: =+I8-H8 -> 3.4124103 | K8: =+([4]합계!$E$10*0.4+[4]합계!$E$11+[4]합계!$E$12+[4]합계!$E$13+[4]합계!$E$14)/[4]합계!$E$15 -> 0.24838972 | L8: =+([4]합계!$F$10*0.4+[4]합계!$F$11+[4]합계!$F$12+[4]합계!$F$13+[4]합계!$F$14)/[4]합계!$F$15 -> 0.26248294 | M8: =+L8-K8 -> 0.014093215 | N8: =+[4]합계!$E$16 -> 821.22911 | O8: =+[4]합계!$F$16 -> 802.75156 | P8: =+O8-N8 -> -18.477549 | Q8: =+[4]합계!$E$17 -> 901.20575 | R8: =+[4]합계!$F$17 -> 914.99933 | S8: =+R8-Q8 -> 13.793573 | T8: =+[4]합계!$E$19 -> 3.0839801 | U8: =+[4]합계!$F$19 -> 2.9429991 | V8: =+U8-T8 -> -0.14098105
D9: 수도권 | E9: =+[4]수도권!$E$9 -> 277.34333 | F9: =+[4]수도권!$F$9 -> 260.0437 | G9: =+F9-E9 -> -17.299633 | H9: =+[4]수도권!$E$15 -> 368.52876 | I9: =+[4]수도권!$F$15 -> 374.22449 | J9: =+I9-H9 -> 5.6957269 | K9: =+([4]수도권!$E$10*0.4+[4]수도권!$E$11+[4]수도권!$E$12+[4]수도권!$E$13+[4]수도권!$E$14)/[4]수도권!$E$15 -> 0.23847644 | L9: =+([4]수도권!$F$10*0.4+[4]수도권!$F$11+[4]수도권!$F$12+[4]수도권!$F$13+[4]수도권!$F$14)/[4]수도권!$F$15 -> 0.27752048 | M9: =+L9-K9 -> 0.039044032 | N9: =+[4]수도권!$E$16 -> 857.86334 | O9: =+[4]수도권!$F$16 -> 835.74072 | P9: =+O9-N9 -> -22.122623 | Q9: =+[4]수도권!$E$17 -> 874.10739 | R9: =+[4]수도권!$F$17 -> 898.62998 | S9: =+R9-Q9 -> 24.522593 | T9: =+[4]수도권!$E$19 -> 3.1631429 | U9: =+[4]수도권!$F$19 -> 3.1028297 | V9: =+U9-T9 -> -0.060313109
D10: 영남권 | E10: =+[4]영남권!$E$9 -> 228.51257 | F10: =+[4]영남권!$F$9 -> 216.08333 | G10: =+F10-E10 -> -12.429237 | H10: =+[4]영남권!$E$15 -> 361.03788 | I10: =+[4]영남권!$F$15 -> 364.54694 | J10: =+I10-H10 -> 3.5090571 | K10: =+([4]영남권!$E$10*0.4+[4]영남권!$E$11+[4]영남권!$E$12+[4]영남권!$E$13+[4]영남권!$E$14)/[4]영남권!$E$15 -> 0.26659681 | L10: =+([4]영남권!$F$10*0.4+[4]영남권!$F$11+[4]영남권!$F$12+[4]영남권!$F$13+[4]영남권!$F$14)/[4]영남권!$F$15 -> 0.2847843 | M10: =+L10-K10 -> 0.018187493 | N10: =+[4]영남권!$E$16 -> 796.29212 | O10: =+[4]영남권!$F$16 -> 809.35018 | P10: =+O10-N10 -> 13.058057 | Q10: =+[4]영남권!$E$17 -> 913.84075 | R10: =+[4]영남권!$F$17 -> 890.69963 | S10: =+R10-Q10 -> -23.141116 | T10: =+[4]영남권!$E$19 -> 3.2010842 | U10: =+[4]영남권!$F$19 -> 2.8598968 | V10: =+U10-T10 -> -0.34118733
D11: 기타권 | E11: =+[4]중부권!$E$9 -> 259.91793 | F11: =+[4]중부권!$F$9 -> 286.98575 | G11: =+F11-E11 -> 27.06782 | H11: =+[4]중부권!$E$15 -> 359.98345 | I11: =+[4]중부권!$F$15 -> 359.71701 | J11: =+I11-H11 -> -0.26643856 | K11: =+([4]중부권!$E$10*0.4+[4]중부권!$E$11+[4]중부권!$E$12+[4]중부권!$E$13+[4]중부권!$E$14)/[4]중부권!$E$15 -> 0.22662076 | L11: =+([4]중부권!$F$10*0.4+[4]중부권!$F$11+[4]중부권!$F$12+[4]중부권!$F$13+[4]중부권!$F$14)/[4]중부권!$F$15 -> 0.18815228 | M11: =+L11-K11 -> -0.038468482 | N11: =+[4]중부권!$E$16 -> 809.7269 | O11: =+[4]중부권!$F$16 -> 732.95854 | P11: =+O11-N11 -> -76.768356 | Q11: =+[4]중부권!$E$17 -> 922.48793 | R11: =+[4]중부권!$F$17 -> 994.15492 | S11: =+R11-Q11 -> 71.666985 | T11: =+[4]중부권!$E$19 -> 2.6832414 | U11: =+[4]중부권!$F$19 -> 2.8485358 | V11: =+U11-T11 -> 0.16529438
D12: 안양 | E12: =+[4]안양!$E$9 -> 293 | F12: =+[4]안양!$F$9 -> 276.24313 | G12: =+F12-E12 -> -16.756871 | H12: =+[4]안양!$E$15 -> 380 | I12: =+[4]안양!$F$15 -> 359.97206 | J12: =+I12-H12 -> -20.027943 | K12: =+([4]안양!$E$10*0.4+[4]안양!$E$11+[4]안양!$E$12+[4]안양!$E$13+[4]안양!$E$14)/[4]안양!$E$15 -> 0.22894737 | L12: =+([4]안양!$F$10*0.4+[4]안양!$F$11+[4]안양!$F$12+[4]안양!$F$13+[4]안양!$F$14)/[4]안양!$F$15 -> 0.22944382 | M12: =+L12-K12 -> 0.0004964536 | N12: =+[4]안양!$E$16 -> 845 | O12: =+[4]안양!$F$16 -> 857.76465 | P12: =+O12-N12 -> 12.764648 | Q12: =+[4]안양!$E$17 -> 875 | R12: =+[4]안양!$F$17 -> 879.5268 | S12: =+R12-Q12 -> 4.5268006 | T12: =+[4]안양!$E$19 -> 3.38 | U12: =+[4]안양!$F$19 -> 3.1892222 | V12: =+U12-T12 -> -0.19077779
D13: 인천 | E13: =+[4]인천!$E$9 -> 281.05 | F13: =+[4]인천!$F$9 -> 246.82455 | G13: =+F13-E13 -> -34.225449 | H13: =+[4]인천!$E$15 -> 385 | I13: =+[4]인천!$F$15 -> 406.44276 | J13: =+I13-H13 -> 21.442763 | K13: =+([4]인천!$E$10*0.4+[4]인천!$E$11+[4]인천!$E$12+[4]인천!$E$13+[4]인천!$E$14)/[4]인천!$E$15 -> 0.234 | L13: =+([4]인천!$F$10*0.4+[4]인천!$F$11+[4]인천!$F$12+[4]인천!$F$13+[4]인천!$F$14)/[4]인천!$F$15 -> 0.32678666 | M13: =+L13-K13 -> 0.092786658 | N13: =+[4]인천!$E$16 -> 903.10223 | O13: =+[4]인천!$F$16 -> 855.88961 | P13: =+O13-N13 -> -47.212623 | Q13: =+[4]인천!$E$17 -> 833.63283 | R13: =+[4]인천!$F$17 -> 877.52558 | S13: =+R13-Q13 -> 43.892755 | T13: =+[4]인천!$E$19 -> 3.33 | U13: =+[4]인천!$F$19 -> 3.1436913 | V13: =+U13-T13 -> -0.18630875
D14: 파주 | E14: =+[4]파주!$E$9 -> 272.95 | F14: =+[4]파주!$F$9 -> 265.33464 | G14: =+F14-E14 -> -7.6153609 | H14: =+[4]파주!$E$15 -> 353.27167 | I14: =+[4]파주!$F$15 -> 342.18878 | J14: =+I14-H14 -> -11.082885 | K14: =+([4]파주!$E$10*0.4+[4]파주!$E$11+[4]파주!$E$12+[4]파주!$E$13+[4]파주!$E$14)/[4]파주!$E$15 -> 0.22736515 | L14: =+([4]파주!$F$10*0.4+[4]파주!$F$11+[4]파주!$F$12+[4]파주!$F$13+[4]파주!$F$14)/[4]파주!$F$15 -> 0.22393156 | M14: =+L14-K14 -> -0.0034335918 | N14: =+[4]파주!$E$16 -> 870.75396 | O14: =+[4]파주!$F$16 -> 797.25572 | P14: =+O14-N14 -> -73.498239 | Q14: =+[4]파주!$E$17 -> 870.85229 | R14: =+[4]파주!$F$17 -> 928.3091 | S14: =+R14-Q14 -> 57.456806 | T14: =+[4]파주!$E$19 -> 2.87 | U14: =+[4]파주!$F$19 -> 2.90892 | V14: =+U14-T14 -> 0.038920021
D15: 김포 | E15: =+[4]김포!$E$9 -> 239 | F15: =+[4]김포!$F$9 -> 245.85875 | G15: =+F15-E15 -> 6.8587457 | H15: =+[4]김포!$E$15 -> 337 | I15: =+[4]김포!$F$15 -> 356.06481 | J15: =+I15-H15 -> 19.064815 | K15: =+([4]김포!$E$10*0.4+[4]김포!$E$11+[4]김포!$E$12+[4]김포!$E$13+[4]김포!$E$14)/[4]김포!$E$15 -> 0.29080119 | L15: =+([4]김포!$F$10*0.4+[4]김포!$F$11+[4]김포!$F$12+[4]김포!$F$13+[4]김포!$F$14)/[4]김포!$F$15 -> 0.30951126 | M15: =+L15-K15 -> 0.018710072 | N15: =+[4]김포!$E$16 -> 800 | O15: =+[4]김포!$F$16 -> 754.51203 | P15: =+O15-N15 -> -45.487968 | Q15: =+[4]김포!$E$17 -> 940 | R15: =+[4]김포!$F$17 -> 983.33456 | S15: =+R15-Q15 -> 43.33456 | T15: =+[4]김포!$E$19 -> 2.8 | U15: =+[4]김포!$F$19 -> 2.9382782 | V15: =+U15-T15 -> 0.13827819
D16: 부산 | E16: =+[4]부산!$E$9 -> 194.99291 | F16: =+[4]부산!$F$9 -> 178.16195 | G16: =+F16-E16 -> -16.830967 | H16: =+[4]부산!$E$15 -> 382.33905 | I16: =+[4]부산!$F$15 -> 387.51483 | J16: =+I16-H16 -> 5.1757866 | K16: =+([4]부산!$E$10*0.4+[4]부산!$E$11+[4]부산!$E$12+[4]부산!$E$13+[4]부산!$E$14)/[4]부산!$E$15 -> 0.244 | L16: =+([4]부산!$F$10*0.4+[4]부산!$F$11+[4]부산!$F$12+[4]부산!$F$13+[4]부산!$F$14)/[4]부산!$F$15 -> 0.27350384 | M16: =+L16-K16 -> 0.029503837 | N16: =+[4]부산!$E$16 -> 820 | O16: =+[4]부산!$F$16 -> 894.43116 | P16: =+O16-N16 -> 74.431156 | Q16: =+[4]부산!$E$17 -> 900 | R16: =+[4]부산!$F$17 -> 824.89436 | S16: =+R16-Q16 -> -75.105635 | T16: =+[4]부산!$E$19 -> 3.4452572 | U16: =+[4]부산!$F$19 -> 2.9642981 | V16: =+U16-T16 -> -0.48095907
D17: 서부산 | E17: =+[4]서부산!$E$9 -> 239 | F17: =+[4]서부산!$F$9 -> 239.83187 | G17: =+F17-E17 -> 0.83187185 | H17: =+[4]서부산!$E$15 -> 368 | I17: =+[4]서부산!$F$15 -> 364.59728 | J17: =+I17-H17 -> -3.4027165 | K17: =+([4]서부산!$E$10*0.4+[4]서부산!$E$11+[4]서부산!$E$12+[4]서부산!$E$13+[4]서부산!$E$14)/[4]서부산!$E$15 -> 0.27391304 | L17: =+([4]서부산!$F$10*0.4+[4]서부산!$F$11+[4]서부산!$F$12+[4]서부산!$F$13+[4]서부산!$F$14)/[4]서부산!$F$15 -> 0.22683406 | M17: =+L17-K17 -> -0.047078981 | N17: =+[4]서부산!$E$16 -> 818 | O17: =+[4]서부산!$F$16 -> 811.11583 | P17: =+O17-N17 -> -6.8841696 | Q17: =+[4]서부산!$E$17 -> 906 | R17: =+[4]서부산!$F$17 -> 919.47879 | S17: =+R17-Q17 -> 13.478794 | T17: =+[4]서부산!$E$19 -> 3.2 | U17: =+[4]서부산!$F$19 -> 3.4046575 | V17: =+U17-T17 -> 0.20465748
D18: 김해 | E18: =+[4]김해!$E$9 -> 163.2 | F18: =+[4]김해!$F$9 -> 130.35091 | G18: =+F18-E18 -> -32.84909 | H18: =+[4]김해!$E$15 -> 340 | I18: =+[4]김해!$F$15 -> 369.28599 | J18: =+I18-H18 -> 29.285993 | K18: =+([4]김해!$E$10*0.4+[4]김해!$E$11+[4]김해!$E$12+[4]김해!$E$13+[4]김해!$E$14)/[4]김해!$E$15 -> 0.262 | L18: =+([4]김해!$F$10*0.4+[4]김해!$F$11+[4]김해!$F$12+[4]김해!$F$13+[4]김해!$F$14)/[4]김해!$F$15 -> 0.38396182 | M18: =+L18-K18 -> 0.12196182 | N18: =+[4]김해!$E$16 -> 770 | O18: =+[4]김해!$F$16 -> 781.46853 | P18: =+O18-N18 -> 11.468531 | Q18: =+[4]김해!$E$17 -> 950 | R18: =+[4]김해!$F$17 -> 887.76474 | S18: =+R18-Q18 -> -62.235265 | T18: =+[4]김해!$E$19 -> 3.3 | U18: =+[4]김해!$F$19 -> 3.317033 | V18: =+U18-T18 -> 0.017032967
D19: 정관 | E19: =+[4]정관!$E$9 -> 245.80111 | F19: =+[4]정관!$F$9 -> 221.15992 | G19: =+F19-E19 -> -24.641189 | H19: =+[4]정관!$E$15 -> 361.47222 | I19: =+[4]정관!$F$15 -> 353.85326 | J19: =+I19-H19 -> -7.6189581 | K19: =+([4]정관!$E$10*0.4+[4]정관!$E$11+[4]정관!$E$12+[4]정관!$E$13+[4]정관!$E$14)/[4]정관!$E$15 -> 0.212 | L19: =+([4]정관!$F$10*0.4+[4]정관!$F$11+[4]정관!$F$12+[4]정관!$F$13+[4]정관!$F$14)/[4]정관!$F$15 -> 0.2445845 | M19: =+L19-K19 -> 0.032584503 | N19: =+[4]정관!$E$16 -> 788.25195 | O19: =+[4]정관!$F$16 -> 830.57454 | P19: =+O19-N19 -> 42.322595 | Q19: =+[4]정관!$E$17 -> 919.05021 | R19: =+[4]정관!$F$17 -> 920.14406 | S19: =+R19-Q19 -> 1.0938539 | T19: =+[4]정관!$E$19 -> 3.0725139 | U19: =+[4]정관!$F$19 -> 2.2498827 | V19: =+U19-T19 -> -0.82263113
D20: 양산 | E20: =+[4]양산!$E$9 -> 251.91088 | F20: =+[4]양산!$F$9 -> 202.89356 | G20: =+F20-E20 -> -49.017322 | H20: =+[4]양산!$E$15 -> 358.96979 | I20: =+[4]양산!$F$15 -> 355.10698 | J20: =+I20-H20 -> -3.8628074 | K20: =+([4]양산!$E$10*0.4+[4]양산!$E$11+[4]양산!$E$12+[4]양산!$E$13+[4]양산!$E$14)/[4]양산!$E$15 -> 0.29823932 | L20: =+([4]양산!$F$10*0.4+[4]양산!$F$11+[4]양산!$F$12+[4]양산!$F$13+[4]양산!$F$14)/[4]양산!$F$15 -> 0.42864103 | M20: =+L20-K20 -> 0.1304017 | N20: =+[4]양산!$E$16 -> 775.2 | O20: =+[4]양산!$F$16 -> 733.51322 | P20: =+O20-N20 -> -41.68678 | Q20: =+[4]양산!$E$17 -> 877.88719 | R20: =+[4]양산!$F$17 -> 877.44249 | S20: =+R20-Q20 -> -0.44470402 | T20: =+[4]양산!$E$19 -> 3.035839 | U20: =+[4]양산!$F$19 -> 2.6213643 | V20: =+U20-T20 -> -0.41447473
D21: 창원 | E21: =+[4]창원!$E$9 -> 255.9 | F21: =+[4]창원!$F$9 -> 256.27215 | G21: =+F21-E21 -> 0.37215289 | H21: =+[4]창원!$E$15 -> 356.8 | I21: =+[4]창원!$F$15 -> 346.66358 | J21: =+I21-H21 -> -10.136418 | K21: =+([4]창원!$E$10*0.4+[4]창원!$E$11+[4]창원!$E$12+[4]창원!$E$13+[4]창원!$E$14)/[4]창원!$E$15 -> 0.28279148 | L21: =+([4]창원!$F$10*0.4+[4]창원!$F$11+[4]창원!$F$12+[4]창원!$F$13+[4]창원!$F$14)/[4]창원!$F$15 -> 0.26074683 | M21: =+L21-K21 -> -0.022044652 | N21: =+[4]창원!$E$16 -> 843.1 | O21: =+[4]창원!$F$16 -> 771.13703 | P21: =+O21-N21 -> -71.962967 | Q21: =+[4]창원!$E$17 -> 885.9 | R21: =+[4]창원!$F$17 -> 918.52435 | S21: =+R21-Q21 -> 32.624349 | T21: =+[4]창원!$E$19 -> 3.08 | U21: =+[4]창원!$F$19 -> 2.738205 | V21: =+U21-T21 -> -0.34179502
D22: 대구 | E22: =+[4]대구!$E$9 -> 241.5 | F22: =+[4]대구!$F$9 -> 230.38034 | G22: =+F22-E22 -> -11.119662 | H22: =+[4]대구!$E$15 -> 345 | I22: =+[4]대구!$F$15 -> 336.807 | J22: =+I22-H22 -> -8.1930017 | K22: =+([4]대구!$E$10*0.4+[4]대구!$E$11+[4]대구!$E$12+[4]대구!$E$13+[4]대구!$E$14)/[4]대구!$E$15 -> 0.3 | L22: =+([4]대구!$F$10*0.4+[4]대구!$F$11+[4]대구!$F$12+[4]대구!$F$13+[4]대구!$F$14)/[4]대구!$F$15 -> 0.29994888 | M22: =+L22-K22 -> -5.1115322e-05 | N22: =+[4]대구!$E$16 -> 734.13913 | O22: =+[4]대구!$F$16 -> 726.47588 | P22: =+O22-N22 -> -7.6632485 | Q22: =+[4]대구!$E$17 -> 973.16117 | R22: =+[4]대구!$F$17 -> 948.52557 | S22: =+R22-Q22 -> -24.635601 | T22: =+[4]대구!$E$19 -> 3.105 | U22: =+[4]대구!$F$19 -> 2.8042898 | V22: =+U22-T22 -> -0.30071022
D23: 울산 | E23: =+[4]울산!$E$9 -> 252.9 | F23: =+[4]울산!$F$9 -> 268.92018 | G23: =+F23-E23 -> 16.020177 | H23: =+[4]울산!$E$15 -> 361.2 | I23: =+[4]울산!$F$15 -> 382.84653 | J23: =+I23-H23 -> 21.646531 | K23: =+([4]울산!$E$10*0.4+[4]울산!$E$11+[4]울산!$E$12+[4]울산!$E$13+[4]울산!$E$14)/[4]울산!$E$15 -> 0.29983389 | L23: =+([4]울산!$F$10*0.4+[4]울산!$F$11+[4]울산!$F$12+[4]울산!$F$13+[4]울산!$F$14)/[4]울산!$F$15 -> 0.29757708 | M23: =+L23-K23 -> -0.0022568028 | N23: =+[4]울산!$E$16 -> 799.7 | O23: =+[4]울산!$F$16 -> 778.91834 | P23: =+O23-N23 -> -20.781663 | Q23: =+[4]울산!$E$17 -> 901.8 | R23: =+[4]울산!$F$17 -> 856.72823 | S23: =+R23-Q23 -> -45.071772 | T23: =+[4]울산!$E$19 -> 3.25 | U23: =+[4]울산!$F$19 -> 3.1093085 | V23: =+U23-T23 -> -0.14069147
D24: 아산 | E24: =+[4]아산!$E$9 -> 270.66667 | F24: =+[4]아산!$F$9 -> 309.21212 | G24: =+F24-E24 -> 38.545455 | H24: =+[4]아산!$E$15 -> 382.05833 | I24: =+[4]아산!$F$15 -> 381.66478 | J24: =+I24-H24 -> -0.39355132 | K24: =+([4]아산!$E$10*0.4+[4]아산!$E$11+[4]아산!$E$12+[4]아산!$E$13+[4]아산!$E$14)/[4]아산!$E$15 -> 0.23851506 | L24: =+([4]아산!$F$10*0.4+[4]아산!$F$11+[4]아산!$F$12+[4]아산!$F$13+[4]아산!$F$14)/[4]아산!$F$15 -> 0.18263403 | M24: =+L24-K24 -> -0.05588103 | N24: =+[4]아산!$E$16 -> 870 | O24: =+[4]아산!$F$16 -> 780.76882 | P24: =+O24-N24 -> -89.23118 | Q24: =+[4]아산!$E$17 -> 869 | R24: =+[4]아산!$F$17 -> 958.23528 | S24: =+R24-Q24 -> 89.235284 | T24: =+[4]아산!$E$19 -> 2.8 | U24: =+[4]아산!$F$19 -> 3.1252374 | V24: =+U24-T24 -> 0.3252374
D25: 전주 | E25: =+[4]전주!$E$9 -> 220.12 | F25: =+[4]전주!$F$9 -> 253.55732 | G25: =+F25-E25 -> 33.437318 | H25: =+[4]전주!$E$15 -> 333.17 | I25: =+[4]전주!$F$15 -> 340.46947 | J25: =+I25-H25 -> 7.2994737 | K25: =+([4]전주!$E$10*0.4+[4]전주!$E$11+[4]전주!$E$12+[4]전주!$E$13+[4]전주!$E$14)/[4]전주!$E$15 -> 0.27839241 | L25: =+([4]전주!$F$10*0.4+[4]전주!$F$11+[4]전주!$F$12+[4]전주!$F$13+[4]전주!$F$14)/[4]전주!$F$15 -> 0.21519853 | M25: =+L25-K25 -> -0.063193881 | N25: =+[4]전주!$E$16 -> 742.15 | O25: =+[4]전주!$F$16 -> 611.27462 | P25: =+O25-N25 -> -130.87538 | Q25: =+[4]전주!$E$17 -> 992.52 | R25: =+[4]전주!$F$17 -> 1101.4407 | S25: =+R25-Q25 -> 108.92072 | T25: =+[4]전주!$E$19 -> 2.24 | U25: =+[4]전주!$F$19 -> 2.3922152 | V25: =+U25-T25 -> 0.15221525
D26: 군산 | E26: =+[4]군산!$E$9 -> 260.2 | F26: =+[4]군산!$F$9 -> 236.96838 | G26: =+F26-E26 -> -23.231616 | H26: =+[4]군산!$E$15 -> 348.9 | I26: =+[4]군산!$F$15 -> 334.67824 | J26: =+I26-H26 -> -14.221759 | K26: =+([4]군산!$E$10*0.4+[4]군산!$E$11+[4]군산!$E$12+[4]군산!$E$13+[4]군산!$E$14)/[4]군산!$E$15 -> 0.24958441 | L26: =+([4]군산!$F$10*0.4+[4]군산!$F$11+[4]군산!$F$12+[4]군산!$F$13+[4]군산!$F$14)/[4]군산!$F$15 -> 0.29195163 | M26: =+L26-K26 -> 0.042367219 | N26: =+[4]군산!$E$16 -> 810 | O26: =+[4]군산!$F$16 -> 881.05521 | P26: =+O26-N26 -> 71.055208 | Q26: =+[4]군산!$E$17 -> 905 | R26: =+[4]군산!$F$17 -> 796.76858 | S26: =+R26-Q26 -> -108.23142 | T26: =+[4]군산!$E$19 -> 2.79 | U26: =+[4]군산!$F$19 -> 2.5701573 | V26: =+U26-T26 -> -0.21984272
D27: 원주 | E27: =+[4]원주!$E$9 -> 267.5 | F27: =+[4]원주!$F$9 -> 279.26615 | G27: =+F27-E27 -> 11.766149 | H27: =+[4]원주!$E$15 -> 353.4 | I27: =+[4]원주!$F$15 -> 382.52872 | J27: =+I27-H27 -> 29.128724 | K27: =+([4]원주!$E$10*0.4+[4]원주!$E$11+[4]원주!$E$12+[4]원주!$E$13+[4]원주!$E$14)/[4]원주!$E$15 -> 0.24306735 | L27: =+([4]원주!$F$10*0.4+[4]원주!$F$11+[4]원주!$F$12+[4]원주!$F$13+[4]원주!$F$14)/[4]원주!$F$15 -> 0.26994724 | M27: =+L27-K27 -> 0.026879899 | N27: =+[4]원주!$E$16 -> 837.86 | O27: =+[4]원주!$F$16 -> 664.88849 | P27: =+O27-N27 -> -172.97151 | Q27: =+[4]원주!$E$17 -> 921.01 | R27: =+[4]원주!$F$17 -> 1035.1383 | S27: =+R27-Q27 -> 114.12827 | T27: =+[4]원주!$E$19 -> 2.938 | U27: =+[4]원주!$F$19 -> 2.2992269 | V27: =+U27-T27 -> -0.63877312
D28: 제주 | E28: =+[4]제주!$E$9 -> 281.4 | F28: =+[4]제주!$F$9 -> 339.36474 | G28: =+F28-E28 -> 57.964738 | H28: =+[4]제주!$E$15 -> 350 | I28: =+[4]제주!$F$15 -> 339.36474 | J28: =+I28-H28 -> -10.635262 | K28: =+([4]제주!$E$10*0.4+[4]제주!$E$11+[4]제주!$E$12+[4]제주!$E$13+[4]제주!$E$14)/[4]제주!$E$15 -> 0.0784 | L28: =+([4]제주!$F$10*0.4+[4]제주!$F$11+[4]제주!$F$12+[4]제주!$F$13+[4]제주!$F$14)/[4]제주!$F$15 -> 0 | M28: =+L28-K28 -> -0.0784 | N28: =+[4]제주!$E$16 -> 708.9 | O28: =+[4]제주!$F$16 -> 697.19894 | P28: =+O28-N28 -> -11.701059 | Q28: =+[4]제주!$E$17 -> 996.5 | R28: =+[4]제주!$F$17 -> 1081.7502 | S28: =+R28-Q28 -> 85.250205 | T28: =+[4]제주!$E$19 -> 2.7 | U28: =+[4]제주!$F$19 -> 3.3502419 | V28: =+U28-T28 -> 0.65024194

Sheet 건자재
D6: □ 건자재 손익실적(2025-05)
O7: [단위 : 톤, 천원]
D8: 구분 | F8: 5월 | K8: 5월누계
F9: 계획 | G9: 실적 | H9: 계획대비 | I9: 전년 | J9: 전년대비 | K9: 계획 | L9: 실적 | M9: 계획대비 | N9: 전년 | O9: 전년대비
D10: 판매량 | E10: 철강재 | F10: =+IFERROR(HLOOKUP($F$8,[11]손익!$G$5:$AI$63,2,),) -> 10700 | G10: =+'[6]5월'!$G$8 -> 10256.286 | H10: =+G10-F10 -> -443.714 | I10: =+IFERROR(HLOOKUP($F$8,[12]월별!$E$2:$T$53,2,),) -> 9787.441 | J10: =+G10-I10 -> 468.845 | K10: =+F10+[13]건자재!K10 -> 52000 | L10: =+G10+[13]건자재!L10 -> 55602.746 | M10: =+L10-K10 -> 3602.746 | N10: =+I10+[13]건자재!N10 -> 40097.987 | O10: =+L10-N10 -> 15504.759
D11: 판매단가 | E11: 철강재 | F11: =+F12/F10*1000 -> 873364.49 | G11: =+G12/G10*1000 -> 798001.53 | H11: =+G11-F11 -> -75362.96 | I11: =+I12/I10*1000 -> 811389.31 | J11: =+G11-I11 -> -13387.782 | K11: =+K12/K10*1000 -> 872596.15 | L11: =+L12/L10*1000 -> 765049.29 | M11: =+L11-K11 -> -107546.87 | N11: =+N12/N10*1000 -> 863632.68 | O11: =+L11-N11 -> -98583.395
D12: 매출액 | E12: 철강재 | F12: =+IFERROR(HLOOKUP($F$8,[11]손익!$G$5:$AI$63,22,),) -> 9345000 | G12: =+'[6]5월'!$G$9 -> 8184531.9 | H12: =+G12-F12 -> -1160468.1 | I12: =+IFERROR(HLOOKUP($F$8,[12]월별!$E$2:$T$53,5,),) -> 7941425 | J12: =+G12-I12 -> 243106.9 | K12: =+F12+[13]건자재!K12 -> 45375000 | L12: =+G12+[13]건자재!L12 -> 42538841 | M12: =+L12-K12 -> -2836158.7 | N12: =+I12+[13]건자재!N12 -> 34629932 | O12: =+L12-N12 -> 7908909.1
E13: 기타 | F13: =+IFERROR(HLOOKUP($F$8,[11]손익!$G$5:$AI$63,23,),) -> 2365568.3 | G13: =+'[6]5월'!$J$9 -> 1840573.7 | H13: =+G13-F13 -> -524994.54 | I13: =+IFERROR(HLOOKUP($F$8,[12]월별!$E$2:$T$53,6,),) -> 1833395.9 | J13: =+G13-I13 -> 7177.827 | K13: =+F13+[13]건자재!K13 -> 11543973 | L13: =+G13+[13]건자재!L13 -> 5926112.1 | M13: =+L13-K13 -> -5617861.1 | N13: =+I13+[13]건자재!N13 -> 6900461.2 | O13: =+L13-N13 -> -974349.13
E14: (소계) | F14: =SUM(F12:F13) -> 11710568 | G14: =SUM(G12:G13) -> 10025106 | H14: =+G14-F14 -> -1685462.7 | I14: =SUM(I12:I13) -> 9774820.9 | J14: =+G14-I14 -> 250284.73 | K14: =SUM(K12:K13) -> 56918973 | L14: =SUM(L12:L13) -> 48464953 | M14: =+L14-K14 -> -8454019.9 | N14: =SUM(N12:N13) -> 41530393 | O14: =+L14-N14 -> 6934560
D15: 매출원가 | E15: 철강재 | F15: =+IFERROR(HLOOKUP($F$8,[11]손익!$G$5:$AI$63,25,),) -> 9120437.5 | G15: =+'[6]5월'!$G$11 -> 8048622.3 | H15: =+G15-F15 -> -1071815.2 | I15: =+IFERROR(HLOOKUP($F$8,[12]월별!$E$2:$T$53,8,),) -> 7737494.5 | J15: =+G15-I15 -> 311127.83 | K15: =+F15+[13]건자재!K15 -> 44286852 | L15: =+G15+[13]건자재!L15 -> 42028870 | M15: =+L15-K15 -> -2257982.6 | N15: =+I15+[13]건자재!N15 -> 33826625 | O15: =+L15-N15 -> 8202245.2
E16: 기타 | F16: =+IFERROR(HLOOKUP($F$8,[11]손익!$G$5:$AI$63,26,),) -> 2273412.8 | G16: =+'[6]5월'!$J$11 -> 1792788.6 | H16: =+G16-F16 -> -480624.24 | I16: =+IFERROR(HLOOKUP($F$8,[12]월별!$E$2:$T$53,9,),) -> 1782403.9 | J16: =+G16-I16 -> 10384.72 | K16: =+F16+[13]건자재!K16 -> 11094255 | L16: =+G16+[13]건자재!L16 -> 5752228.8 | M16: =+L16-K16 -> -5342025.8 | N16: =+I16+[13]건자재!N16 -> 6752084 | O16: =+L16-N16 -> -999855.19
E17: (소계) | F17: =SUM(F15:F16) -> 11393850 | G17: =SUM(G15:G16) -> 9841410.9 | H17: =+G17-F17 -> -1552439.4 | I17: =SUM(I15:I16) -> 9519898.3 | J17: =+G17-I17 -> 321512.55 | K17: =SUM(K15:K16) -> 55381107 | L17: =SUM(L15:L16) -> 47781099 | M17: =+L17-K17 -> -7600008.5 | N17: =SUM(N15:N16) -> 40578709 | O17: =+L17-N17 -> 7202390
D18: 매출이익 | E18: 철강재 | F18: =+F12-F15 -> 224562.5 | G18: =+G12-G15 -> 135909.58 | H18: =+G18-F18 -> -88652.915 | I18: =+I12-I15 -> 203930.52 | J18: =+G18-I18 -> -68020.932 | K18: =+K12-K15 -> 1088147.5 | L18: =+L12-L15 -> 509971.42 | M18: =+L18-K18 -> -578176.08 | N18: =+N12-N15 -> 803307.48 | O18: =+L18-N18 -> -293336.07
E19: % | F19: =+F18/F12 -> 0.02403023 | G19: =+G18/G12 -> 0.016605664 | H19: =+G19-F19 -> -0.0074245662 | I19: =+I18/I12 -> 0.025679336 | J19: =+G19-I19 -> -0.0090736717 | K19: =+K18/K12 -> 0.023981212 | L19: =+L18/L12 -> 0.011988371 | M19: =+L19-K19 -> -0.011992841 | N19: =+N18/N12 -> 0.023196912 | O19: =+L19-N19 -> -0.011208541
E20: 기타 | F20: =+F13-F16 -> 92155.443 | G20: =+G13-G16 -> 47785.144 | H20: =+G20-F20 -> -44370.299 | I20: =+I13-I16 -> 50992.037 | J20: =+G20-I20 -> -3206.893 | K20: =+K13-K16 -> 449718.56 | L20: =+L13-L16 -> 173883.27 | M20: =+L20-K20 -> -275835.29 | N20: =+N13-N16 -> 148377.22 | O20: =+L20-N20 -> 25506.054
E21: % | F21: =+F20/F13 -> 0.038957 | G21: =+G20/G13 -> 0.025962092 | H21: =+G21-F21 -> -0.012994908 | I21: =+I20/I13 -> 0.027812889 | J21: =+G21-I21 -> -0.0018507974 | K21: =+K20/K13 -> 0.038957 | L21: =+L20/L13 -> 0.02934188 | M21: =+L21-K21 -> -0.0096151196 | N21: =+N20/N13 -> 0.021502507 | O21: =+L21-N21 -> 0.0078393731
E22: (소계) | F22: =SUM(F18,F20) -> 316717.94 | G22: =SUM(G18,G20) -> 183694.73 | H22: =+G22-F22 -> -133023.21 | I22: =SUM(I18,I20) -> 254922.55 | J22: =+G22-I22 -> -71227.825 | K22: =SUM(K18,K20) -> 1537866.1 | L22: =SUM(L18,L20) -> 683854.69 | M22: =+L22-K22 -> -854011.38 | N22: =SUM(N18,N20) -> 951684.7 | O22: =+L22-N22 -> -267830.01
E23: % | F23: =+F22/F14 -> 0.02704548 | G23: =+G22/G14 -> 0.018323471 | H23: =+G23-F23 -> -0.0087220096 | I23: =+I22/I14 -> 0.026079512 | J23: =+G23-I23 -> -0.0077560408 | K23: =+K22/K14 -> 0.027018514 | L23: =+L22/L14 -> 0.014110293 | M23: =+L23-K23 -> -0.012908221 | N23: =+N22/N14 -> 0.022915379 | O23: =+L23-N23 -> -0.0088050861
D24: 판관비 | E24: 노무비 | F24: =+IFERROR(HLOOKUP($F$8,[11]판매4!$G$4:$U$50,7,),) -> 89090.29 | G24: =+'[6]5월'!$M$19 -> 94794.215 | H24: =+G24-F24 -> 5703.925 | I24: =+IFERROR(HLOOKUP($F$8,[12]월별!$E$2:$T$53,17,),) -> 89750.495 | J24: =+G24-I24 -> 5043.72 | K24: =+F24+[13]건자재!K24 -> 442275.43 | L24: =+G24+[13]건자재!L24 -> 473504.11 | M24: =+L24-K24 -> 31228.677 | N24: =+I24+[13]건자재!N24 -> 444815.84 | O24: =+L24-N24 -> 28688.269
E25: 경비 | F25: =+IFERROR(HLOOKUP($F$8,[11]판매4!$G$4:$U$50,31,),)+IFERROR(HLOOKUP($F$8,[11]판매4!$G$4:$U$50,34,),) -> 35150.058 | G25: =+'[6]5월'!$M$37+'[6]5월'!$M$40 -> 42637.782 | H25: =+G25-F25 -> 7487.724 | I25: =+IFERROR(HLOOKUP($F$8,[12]월별!$E$2:$T$53,35,),)+IFERROR(HLOOKUP($F$8,[12]월별!$E$2:$T$53,38,),) -> 42804.032 | J25: =+G25-I25 -> -166.25 | K25: =+F25+[13]건자재!K25 -> 194044.19 | L25: =+G25+[13]건자재!L25 -> 270670.78 | M25: =+L25-K25 -> 76626.59 | N25: =+I25+[13]건자재!N25 -> 241916.27 | O25: =+L25-N25 -> 28754.512
E26: (소계) | F26: =SUM(F24:F25) -> 124240.35 | G26: =SUM(G24:G25) -> 137432 | H26: =+G26-F26 -> 13191.649 | I26: =SUM(I24:I25) -> 132554.53 | J26: =+G26-I26 -> 4877.47 | K26: =SUM(K24:K25) -> 636319.62 | L26: =SUM(L24:L25) -> 744174.89 | M26: =+L26-K26 -> 107855.27 | N26: =SUM(N24:N25) -> 686732.11 | O26: =+L26-N26 -> 57442.781
D27: 영업이익 | F27: =+F22-F26 -> 192477.6 | G27: =+G22-G26 -> 46262.732 | H27: =+G27-F27 -> -146214.86 | I27: =+I22-I26 -> 122368.03 | J27: =+G27-I27 -> -76105.295 | K27: =+K22-K26 -> 901546.44 | L27: =+L22-L26 -> -60320.2 | M27: =+L27-K27 -> -961866.64 | N27: =+N22-N26 -> 264952.6 | O27: =+L27-N27 -> -325272.8
E28: % | F28: =+F27/F14 -> 0.01643623 | G28: =+G27/G14 -> 0.0046146877 | H28: =+G28-F28 -> -0.011821542 | I28: =+I27/I14 -> 0.012518698 | J28: =+G28-I28 -> -0.0079040099 | K28: =+K27/K14 -> 0.01583912 | L28: =+L27/L14 -> -0.0012446148 | M28: =+L28-K28 -> -0.017083735 | N28: =+N27/N14 -> 0.0063797276 | O28: =+L28-N28 -> -0.0076243424
D29: 철강재 단가 및 마진률
R34: * 공통비
F36: =+IFERROR(HLOOKUP($F$8,[11]손익!$G$5:$AJ$65,17,),) -> 192477.6 | G36: =+'[6]5월'!$M$41 -> 46262.732 | I36: =+IFERROR(HLOOKUP($F$8,[12]월별!$E$2:$T$53,39,),) -> 122368.03 | S36: 1월 | T36: 2월 | U36: 3월 | V36: 4월 | W36: 5월 | X36: 6월 | Y36: 7월 | Z36: 8월 | AA36: 9월 | AB36: 10월 | AC36: 11월 | AD36: 1월 | AE36: 1월 | AF36: 2월 | AG36: 3월 | AH36: 4월 | AI36: 5월 | AJ36: 6월 | AK36: 7월 | AL36: 8월 | AM36: 9월 | AN36: 10월 | AO36: 11월 | AP36: 12월 | AQ36: 1월 | AR36: 2월 | AS36: 3월 | AT36: 4월 | AU36: 5월
F37: =+F27=F36 -> TRUE | G37: =+G27=G36 -> TRUE | I37: =+I27=I36 -> TRUE | R37: 구분 | S37: 1월 | T37: 2월 | U37: 3 | V37: 4월 | W37: 5월 | X37: 6월 | Y37: 7월 | Z37: =+Z36 -> 8월 | AA37: =+AA36 -> 9월 | AB37: =+AB36 -> 10월 | AC37: =+AC36 -> 11월 | AD37: =+AD36 -> 1월 | AE37: =+AE36 -> 1월 | AF37: =+AF36 -> 2월 | AG37: =+AG36 -> 3월 | ... AU37: =+AU36 -> 5월
F38: =+F27-F36 -> 0 | G38: =+G27-G36 -> 0 | I38: =+I27-I36 -> 0 | R38: 판매단가 | S38: =+IFERROR(HLOOKUP(S$36,[12]월별!$E$2:$S$67,42,),) -> 920730.85 | T38: =+IFERROR(HLOOKUP(T$36,[12]월별!$E$2:$S$67,42,),) -> 886130.89 | U38: =+IFERROR(HLOOKUP(U$36,[12]월별!$E$2:$S$67,42,),) -> 873530.52 | V38: =+IFERROR(HLOOKUP(V$36,[12]월별!$E$2:$S$67,42,),) -> 853042.91 | W38: =+IFERROR(HLOOKUP(W$36,[12]월별!$E$2:$S$67,42,),) -> 811389.31 | X38: =+IFERROR(HLOOKUP(X$36,[12]월별!$E$2:$S$67,42,),) -> 785072.68 | Y38: =+IFERROR(HLOOKUP(Y$36,[12]월별!$E$2:$S$67,42,),) -> 751049.21 | Z38: =+IFERROR(HLOOKUP(Z$36,[12]월별!$E$2:$S$67,42,),) -> 846014.53 | ... AP38: =+IFERROR(HLOOKUP(AP$36,[12]월별!$E$2:$S$67,42,),) -> 752238.02 | AQ38: =+IFERROR(HLOOKUP(AQ$36,[6]월별!$E$2:$S$67,43,),) -> 756420.01 | AR38: =+IFERROR(HLOOKUP(AR$36,[6]월별!$E$2:$S$67,43,),) -> 744684.73 | AS38: =+IFERROR(HLOOKUP(AS$36,[6]월별!$E$2:$S$67,43,),) -> 736140.84 | AT38: =+IFERROR(HLOOKUP(AT$36,[6]월별!$E$2:$S$67,43,),) -> 800210.93 | AU38: =+IFERROR(HLOOKUP(AU$36,[6]월별!$E$2:$S$67,43,),) -> 798001.53
R39: 마진률 | S39: =+IFERROR(HLOOKUP(S$36,[12]월별!$E$2:$S$67,43,),) -> 0 | T39: =+IFERROR(HLOOKUP(T$36,[12]월별!$E$2:$S$67,43,),) -> 0 | U39: =+IFERROR(HLOOKUP(U$36,[12]월별!$E$2:$S$67,43,),) -> 0 | V39: =+IFERROR(HLOOKUP(V$36,[12]월별!$E$2:$S$67,43,),) -> 0 | W39: =+IFERROR(HLOOKUP(W$36,[12]월별!$E$2:$S$67,43,),) -> 0 | X39: =+IFERROR(HLOOKUP(X$36,[12]월별!$E$2:$S$67,43,),) -> 0 | Y39: =+IFERROR(HLOOKUP(Y$36,[12]월별!$E$2:$S$67,43,),) -> 0 | Z39: =+IFERROR(HLOOKUP(Z$36,[12]월별!$E$2:$S$67,43,),) -> 0 | ... AD39: =+IFERROR(HLOOKUP(AD$36,[12]월별!$E$2:$S$67,43,),) -> 0 | AE39: =+IFERROR(HLOOKUP(AE$36,[12]월별!$E$2:$S$67,51,),) -> 0.027823179 | AF39: =+IFERROR(HLOOKUP(AF$36,[12]월별!$E$2:$S$67,51,),) -> 0.027130154 | AG39: =+IFERROR(HLOOKUP(AG$36,[12]월별!$E$2:$S$67,51,),) -> 0.018797 | AH39: =+IFERROR(HLOOKUP(AH$36,[12]월별!$E$2:$S$67,51,),) -> 0.018146921 | AI39: =+IFERROR(HLOOKUP(AI$36,[12]월별!$E$2:$S$67,51,),) -> 0.025679336 | AJ39: =+IFERROR(HLOOKUP(AJ$36,[12]월별!$E$2:$S$67,51,),) -> 0.037059976 | AK39: =+IFERROR(HLOOKUP(AK$36,[12]월별!$E$2:$S$67,51,),) -> 0.0082866316 | AL39: =+IFERROR(HLOOKUP(AL$36,[12]월별!$E$2:$S$67,51,),) -> 0.018929258 | ... AP39: =+IFERROR(HLOOKUP(AP$36,[12]월별!$E$2:$S$67,51,),) -> 0.014154492 | AQ39: =+IFERROR(HLOOKUP(AQ$36,[6]월별!$E$2:$S$67,49,),) -> 0.017727214 | AR39: =+IFERROR(HLOOKUP(AR$36,[6]월별!$E$2:$S$67,49,),) -> 0.015585145 | AS39: =+IFERROR(HLOOKUP(AS$36,[6]월별!$E$2:$S$67,49,),) -> 0.0014844908 | AT39: =+IFERROR(HLOOKUP(AT$36,[6]월별!$E$2:$S$67,49,),) -> 0.014249312 | AU39: =+IFERROR(HLOOKUP(AU$36,[6]월별!$E$2:$S$67,49,),) -> 0.016605664

Sheet 골재사업소(당월)
A1: 4월 | AN1: 부산 세척사 - 창원공장
AL2: 하천사 | AO2: 세척사
D4: □ 골재사업소 손익(2025-04)
AV5: [단위 : ㎥, 천원]
D6: 계획 | E6: 구분 | G6: 쇄석25mm | J6: 쇄사(습식) | M6: 혼합석(40mm) | P6: 쇄석40mm | S6: 쇄사2 | V6: 서부산 소계 | Y6: 부산크라샤 쇄석 | AB6: 부산크라샤 쇄사(습식) | AE6: 40혼합석 | AH6: 부산크라샤 소계 | AK6: 부산 하천사 | AN6: 부산 세척사 | AQ6: 부산모래장 소계 | AT6: 골재사업소 계
G7: 계획 | H7: 실적 | I7: 차이 | J7: 계획 | K7: 실적 | L7: 차이 | M7: 계획 | N7: 실적 | O7: 차이 | P7: 계획 | Q7: 실적 | R7: 차이 | S7: 계획 | T7: 실적 | U7: 차이 | V7: 계획 | W7: 실적 | X7: 차이 | Y7: 계획 | Z7: 실적 | AA7: 차이 | AB7: 계획 | AC7: 실적 | AD7: 차이 | AE7: 계획 | AF7: 실적 | AG7: 차이 | AH7: 계획 | AI7: 실적 | AJ7: 차이 | AK7: 계획 | AL7: 실적 | AM7: 차이 | AN7: 계획 | AO7: 실적 | AP7: 차이 | AQ7: 계획 | AR7: 실적 | AS7: 차이 | AT7: 계획 | AU7: 실적 | AV7: 차이
E8: 판매량 | F8: 자가이송 | G8: =+IFERROR(HLOOKUP($A$1,[14]물량!$G$5:$R$83,59,),) -> 25419.693 | H8: =+'[15]서부산크라샤(당월)'!$F$66 -> 10696 | I8: =H8-G8 -> -14723.693 | J8: =+IFERROR(HLOOKUP($A$1,[14]물량!$G$5:$R$83,62,),) -> 17628.552 | K8: =+'[15]서부산크라샤(당월)'!$I$66 -> 3832 | L8: =K8-J8 -> -13796.552 | M8: =+IFERROR(HLOOKUP($A$1,[14]물량!$G$5:$R$83,68,),) -> 0 | N8: =+'[15]서부산크라샤(당월)'!$L$66 -> 0 | O8: =N8-M8 -> 0 | Q8: =+'[15]서부산크라샤(당월)'!$U$66 -> 0 | R8: =Q8-P8 -> 0 | T8: =+'[15]서부산크라샤(당월)'!$R$66 -> 0 | U8: =T8-S8 -> 0 | V8: =+G8+J8+M8+P8+S8 -> 43048.245 | W8: =+H8+K8+N8+Q8+T8 -> 14528 | X8: =W8-V8 -> -28520.245 | Y8: =+IFERROR(HLOOKUP($A$1,[16]물량!$G$5:$R$109,59,),) -> 0.1 | Z8: =+'[15]부산크라샤(당월)'!$F$66 -> 7000 | AA8: =Z8-Y8 -> 6999.9 | AB8: =+IFERROR(HLOOKUP($A$1,[16]물량!$G$5:$R$109,62,),) -> 0 | AC8: =+'[15]부산크라샤(당월)'!$I$66 -> 7616 | AD8: =AC8-AB8 -> 7616 | AF8: =+'[15]부산크라샤(당월)'!$L$66 -> 0 | AG8: =AF8-AE8 -> 0 | AH8: =+Y8+AB8+AE8 -> 0.1 | AI8: =+Z8+AC8+AF8 -> 14616 | AJ8: =AI8-AH8 -> 14615.9 | AK8: =+IFERROR(HLOOKUP($A$1,[17]판매계획!$G$6:$R$92,7,),) -> 5116.1584 | AL8: =+'[18]부산모래장(손익)'!$E$38 -> 300 | AM8: =AL8-AK8 -> -4816.1584 | AN8: =+IFERROR(HLOOKUP($A$1,[17]판매계획!$G$6:$R$92,8,),) -> 5830.0699 | AO8: =+IFERROR(HLOOKUP($AN$6,'[18]부산모래장(손익)'!$C$35:$K$53,4,),) -> 13447 | AP8: =AO8-AN8 -> 7616.9301 | AQ8: =AK8+AN8 -> 10946.228 | AR8: =AL8+AO8 -> 13747 | AS8: =AR8-AQ8 -> 2800.7717 | AT8: =+V8+AH8+AQ8 -> 53994.573 | AU8: =+W8+AI8+AR8 -> 42891 | AV8: =AU8-AT8 -> -11103.573
F9: % | G9: =+G8/G$12 -> 0.6979656 | H9: =+H8/H$12 -> 0.68040712 | I9: =+H9-G9 -> -0.017558479 | J9: =+J8/J$12 -> 0.71577703 | K9: =+K8/K$12 -> 1 | L9: =+K9-J9 -> 0.28422297 | M9: =+M8/M$12 -> 0 | N9: =+N8/N$12 -> 0 | O9: =+N9-M9 -> 0 | Q9: =+Q8/Q$12 -> 0 | R9: =+Q9-P9 -> 0 | T9: =+T8/T$12 -> 0 | U9: =+T9-S9 -> 0 | V9: =+V8/V$12 -> 0.64204879 | W9: =+W8/W$12 -> 0.55467318 | X9: =+W9-V9 -> -0.087375612 | Y9: =+Y8/Y$12 -> 1 | Z9: =+Z8/Z$12 -> 0.99093998 | AA9: =+Z9-Y9 -> -0.0090600227 | AB9: =+AB8/AB$12 -> #DIV/0! | AC9: =+AC8/AC$12 -> 0.89642185 | AD9: =+AC9-AB9 -> #DIV/0! | AE9: =+AE8/AE$12 -> #DIV/0! | AF9: =+AF8/AF$12 -> #DIV/0! | AG9: =+AF9-AE9 -> #DIV/0! | AH9: =+AH8/AH$12 -> 1 | AI9: =+AI8/AI$12 -> 0.93933162 | AJ9: =+AI9-AH9 -> -0.06066838 | AK9: =+AK8/AK$12 -> 0.71894948 | AL9: =IFERROR(AL8/AL$12,) -> 1 | AM9: =+AL9-AK9 -> 0.28105052 | AN9: =+AN8/AN$12 -> 0.53832246 | AO9: =+AO8/AO$12 -> 0.53554502 | AP9: =+AO9-AN9 -> -0.0027774403 | AQ9: =+AQ8/AQ$12 -> 0.6099459 | AR9: =+AR8/AR$12 -> 0.54102877 | AS9: =+AR9-AQ9 -> -0.068917128 | AT9: =+AT8/AT$12 -> 0.63527083 | AU9: =+AU8/AU$12 -> 0.63862956 | AV9: =+AU9-AT9 -> 0.0033587309
F10: 외부판매 | G10: =+IFERROR(HLOOKUP($A$1,[14]물량!$G$5:$R$83,60,),) -> 11000 | H10: =+'[15]서부산크라샤(당월)'!$F$59 -> 5024 | I10: =H10-G10 -> -5976 | J10: =+IFERROR(HLOOKUP($A$1,[14]물량!$G$5:$R$83,63,),) -> 7000 | K10: =+'[15]서부산크라샤(당월)'!$I$59 -> 0 | L10: =K10-J10 -> -7000 | M10: =+IFERROR(HLOOKUP($A$1,[14]물량!$G$5:$R$83,69,),) -> 6000 | N10: =+'[15]서부산크라샤(당월)'!$L$59 -> 4848 | O10: =N10-M10 -> -1152 | Q10: =+'[15]서부산크라샤(당월)'!$U$59 -> 896 | R10: =Q10-P10 -> 896 | T10: =+'[15]서부산크라샤(당월)'!$R$59 -> 896 | U10: =T10-S10 -> 896 | V10: =+G10+J10+M10+P10+S10 -> 24000 | W10: =+H10+K10+N10+Q10+T10 -> 11664 | X10: =W10-V10 -> -12336 | Y10: =+IFERROR(HLOOKUP($A$1,[16]물량!$G$5:$R$109,60,),) -> 0 | Z10: =+'[15]부산크라샤(당월)'!$F$59 -> 64 | AA10: =Z10-Y10 -> 64 | AB10: =+IFERROR(HLOOKUP($A$1,[16]물량!$G$5:$R$109,63,),) -> 0 | AC10: =+'[15]부산크라샤(당월)'!$I$59 -> 880 | AD10: =AC10-AB10 -> 880 | AE10: =+IFERROR(HLOOKUP($A$1,[16]물량!$G$5:$R$109,66,),) -> 0 | AF10: =+'[15]부산크라샤(당월)'!$L$59 -> 0 | AG10: =AF10-AE10 -> 0 | AH10: =+Y10+AB10+AE10 -> 0 | AI10: =+Z10+AC10+AF10 -> 944 | AJ10: =AI10-AH10 -> 944 | AK10: =+IFERROR(HLOOKUP($A$1,[17]판매계획!$G$6:$R$92,2,),) -> 2000 | AL10: =+'[18]부산모래장(손익)'!$E$37 -> 0 | AM10: =AL10-AK10 -> -2000 | AN10: =+IFERROR(HLOOKUP($A$1,[17]판매계획!$G$6:$R$92,3,),) -> 5000 | AO10: =+IFERROR(HLOOKUP($AN$6,'[18]부산모래장(손익)'!$C$35:$K$53,3,),) -> 11662 | AP10: =AO10-AN10 -> 6662 | AQ10: =AK10+AN10 -> 7000 | AR10: =AL10+AO10 -> 11662 | AS10: =AR10-AQ10 -> 4662 | AT10: =+V10+AH10+AQ10 -> 31000 | AU10: =+W10+AI10+AR10 -> 24270 | AV10: =AU10-AT10 -> -6730
F11: % | G11: =+G10/G$12 -> 0.3020344 | H11: =+H10/H$12 -> 0.31959288 | I11: =+H11-G11 -> 0.017558479 | J11: =+J10/J$12 -> 0.28422297 | K11: =+K10/K$12 -> 0 | L11: =+K11-J11 -> -0.28422297 | M11: =+M10/M$12 -> 1 | N11: =+N10/N$12 -> 1 | O11: =+N11-M11 -> 0 | Q11: =+Q10/Q$12 -> 1 | R11: =+Q11-P11 -> 1 | T11: =+T10/T$12 -> 1 | U11: =+T11-S11 -> 1 | V11: =+V10/V$12 -> 0.35795121 | W11: =+W10/W$12 -> 0.44532682 | X11: =+W11-V11 -> 0.087375612 | Y11: =+Y10/Y$12 -> 0 | Z11: =+Z10/Z$12 -> 0.0090600227 | AA11: =+Z11-Y11 -> 0.0090600227 | AB11: =+AB10/AB$12 -> #DIV/0! | AC11: =+AC10/AC$12 -> 0.10357815 | AD11: =+AC11-AB11 -> #DIV/0! | AE11: =+AE10/AE$12 -> #DIV/0! | AF11: =+AF10/AF$12 -> #DIV/0! | AG11: =+AF11-AE11 -> #DIV/0! | AH11: =+AH10/AH$12 -> 0 | AI11: =+AI10/AI$12 -> 0.06066838 | AJ11: =+AI11-AH11 -> 0.06066838 | AK11: =+AK10/AK$12 -> 0.28105052 | AL11: =IFERROR(AL10/AL$12,) -> 0 | AM11: =+AL11-AK11 -> -0.28105052 | AN11: =+AN10/AN$12 -> 0.46167754 | AO11: =+AO10/AO$12 -> 0.46445498 | AP11: =+AO11-AN11 -> 0.0027774403 | AQ11: =+AQ10/AQ$12 -> 0.3900541 | AR11: =+AR10/AR$12 -> 0.45897123 | AS11: =+AR11-AQ11 -> 0.068917128 | AT11: =+AT10/AT$12 -> 0.36472917 | AU11: =+AU10/AU$12 -> 0.36137044 | AV11: =+AU11-AT11 -> -0.0033587309
F12: (소계) | G12: =G8+G10 -> 36419.693 | H12: =H8+H10 -> 15720 | I12: =H12-G12 -> -20699.693 | J12: =J8+J10 -> 24628.552 | K12: =K8+K10 -> 3832 | L12: =K12-J12 -> -20796.552 | M12: =M8+M10 -> 6000 | N12: =N8+N10 -> 4848 | O12: =N12-M12 -> -1152 | Q12: =Q8+Q10 -> 896 | R12: =Q12-P12 -> 896 | T12: =T8+T10 -> 896 | U12: =T12-S12 -> 896 | V12: =V8+V10 -> 67048.245 | W12: =W8+W10 -> 26192 | X12: =W12-V12 -> -40856.245 | Y12: =Y8+Y10 -> 0.1 | Z12: =Z8+Z10 -> 7064 | AA12: =Z12-Y12 -> 7063.9 | AB12: =AB8+AB10 -> 0 | AC12: =AC8+AC10 -> 8496 | AD12: =AC12-AB12 -> 8496 | AE12: =AE8+AE10 -> 0 | AF12: =AF8+AF10 -> 0 | AG12: =AF12-AE12 -> 0 | AH12: =AH8+AH10 -> 0.1 | AI12: =AI8+AI10 -> 15560 | AJ12: =AI12-AH12 -> 15559.9 | AK12: =AK8+AK10 -> 7116.1584 | AL12: =AL8+AL10 -> 300 | AM12: =AL12-AK12 -> -6816.1584 | AN12: =AN8+AN10 -> 10830.07 | AO12: =AO8+AO10 -> 25109 | AP12: =AO12-AN12 -> 14278.93 | AQ12: =AQ8+AQ10 -> 17946.228 | AR12: =AR8+AR10 -> 25409 | AS12: =AR12-AQ12 -> 7462.7717 | AT12: =AT8+AT10 -> 84994.573 | AU12: =AU8+AU10 -> 67161 | AV12: =AU12-AT12 -> -17833.573 | AX12: =+'사업장별(당월)'!J32*1000 -> 115736.78 | AY12: =+'사업장별(당월)'!K32*1000 -> 69689 | AZ12: =+AY12-AU12 -> 2528
E13: 매출액 | F13: 자가이송 | G13: =+IFERROR(HLOOKUP($A$1,[14]매출!$G$5:$R$149,115,),) -> 354029.3 | H13: =+'[15]서부산크라샤(당월)'!$F$72 -> 176000 | I13: =H13-G13 -> -178029.3 | J13: =+IFERROR(HLOOKUP($A$1,[14]매출!$G$5:$R$149,118,),) -> 349019.08 | K13: =+'[15]서부산크라샤(당월)'!$I$72 -> 74912 | L13: =K13-J13 -> -274107.08 | M13: =+IFERROR(HLOOKUP($A$1,[14]매출!$G$5:$R$149,124,),) -> 0 | N13: =+'[15]서부산크라샤(당월)'!$L$72 -> 0 | O13: =N13-M13 -> 0 | Q13: =+'[15]서부산크라샤(당월)'!$U$72 -> 0 | R13: =Q13-P13 -> 0 | T13: =+'[15]서부산크라샤(당월)'!$R$72 -> 0 | U13: =T13-S13 -> 0 | V13: =+G13+J13+M13+P13+S13 -> 703048.37 | W13: =+H13+K13+N13+Q13+T13 -> 250912 | X13: =W13-V13 -> -452136.37 | Y13: =+IFERROR(HLOOKUP($A$1,[16]매출!$G$5:$R$144,115,),) -> 0 | Z13: =+'[15]부산크라샤(당월)'!$F$72 -> 122500 | AA13: =Z13-Y13 -> 122500 | AB13: =+IFERROR(HLOOKUP($A$1,[16]매출!$G$5:$R$144,118,),) -> 0 | AC13: =+'[15]부산크라샤(당월)'!$I$72 -> 170088 | AD13: =AC13-AB13 -> 170088 | AF13: =+'[15]부산크라샤(당월)'!$L$72 -> 0 | AG13: =AF13-AE13 -> 0 | AH13: =+Y13+AB13+AE13 -> 0 | AI13: =+Z13+AC13+AF13 -> 292588 | AJ13: =AI13-AH13 -> 292588 | AK13: =+IFERROR(HLOOKUP($A$1,[17]판매계획!$G$6:$R$92,43,),) -> 177432.64 | AL13: =+'[18]부산모래장(손익)'!$E$41/1000 -> 11400 | AM13: =AL13-AK13 -> -166032.64 | AN13: =+IFERROR(HLOOKUP($A$1,[17]판매계획!$G$6:$R$92,44,),) -> 348641.38 | AO13: =+IFERROR(HLOOKUP($AN$6,'[18]부산모래장(손익)'!$C$35:$K$53,7,),)/1000 -> 402097.5 | AP13: =AO13-AN13 -> 53456.119 | AQ13: =AK13+AN13 -> 526074.02 | AR13: =AL13+AO13 -> 413497.5 | AS13: =AR13-AQ13 -> -112576.52 | AT13: =+V13+AH13+AQ13 -> 1229122.4 | AU13: =+W13+AI13+AR13 -> 956997.5 | AV13: =AU13-AT13 -> -272124.89 | AX13: =+AX12=AT12 -> FALSE | AY13: =+AY12=AU12 -> FALSE
F14: 단가 | G14: =+G13/G8*1000 -> 13927.363 | H14: =+H13/H8*1000 -> 16454.749 | I14: =H14-G14 -> 2527.3863 | J14: =+J13/J8*1000 -> 19798.511 | K14: =+K13/K8*1000 -> 19549.061 | L14: =K14-J14 -> -249.45062 | M14: =+M13/M8*1000 -> #DIV/0! | N14: =+N13/N8*1000 -> #DIV/0! | O14: =N14-M14 -> #DIV/0! | Q14: =+Q13/Q8*1000 -> #DIV/0! | R14: =Q14-P14 -> #DIV/0! | T14: =+T13/T8*1000 -> #DIV/0! | U14: =T14-S14 -> #DIV/0! | V14: =+V13/V8*1000 -> 16331.639 | W14: =+W13/W8*1000 -> 17270.925 | X14: =W14-V14 -> 939.28656 | Y14: =+Y13/Y8*1000 -> 0 | Z14: =+Z13/Z8*1000 -> 17500 | AA14: =Z14-Y14 -> 17500 | AB14: =+AB13/AB8*1000 -> #DIV/0! | AC14: =+AC13/AC8*1000 -> 22332.983 | AD14: =AC14-AB14 -> #DIV/0! | AE14: =+AE13/AE8*1000 -> #DIV/0! | AF14: =+AF13/AF8*1000 -> #DIV/0! | AG14: =AF14-AE14 -> #DIV/0! | AH14: =+AH13/AH8*1000 -> 0 | AI14: =+AI13/AI8*1000 -> 20018.336 | AJ14: =AI14-AH14 -> 20018.336 | AK14: =+AK13/AK8*1000 -> 34680.834 | AL14: =IFERROR(AL13/AL8*1000,) -> 38000 | AM14: =AL14-AK14 -> 3319.1661 | AN14: =+AN13/AN8*1000 -> 59800.549 | AO14: =+AO13/AO8*1000 -> 29902.395 | AP14: =AO14-AN14 -> -29898.154 | AQ14: =+AQ13/AQ8*1000 -> 48059.844 | AR14: =+AR13/AR8*1000 -> 30079.108 | AS14: =AR14-AQ14 -> -17980.735 | AT14: =+AT13/AT8*1000 -> 22763.814 | AU14: =+AU13/AU8*1000 -> 22312.315 | AV14: =AU14-AT14 -> -451.49863
F15: 외부판매 | G15: =+IFERROR(HLOOKUP($A$1,[14]매출!$G$5:$R$149,116,),) -> 126500 | H15: =+'[15]서부산크라샤(당월)'!$F$71 -> 57776 | I15: =H15-G15 -> -68724 | J15: =+IFERROR(HLOOKUP($A$1,[14]매출!$G$5:$R$149,119,),) -> 105000 | K15: =+'[15]서부산크라샤(당월)'!$I$71 -> 0 | L15: =K15-J15 -> -105000 | M15: =+IFERROR(HLOOKUP($A$1,[14]매출!$G$5:$R$149,125,),) -> 54000 | N15: =+'[15]서부산크라샤(당월)'!$L$71 -> 41208 | O15: =N15-M15 -> -12792 | Q15: =+'[15]서부산크라샤(당월)'!$U$71 -> 9856 | R15: =Q15-P15 -> 9856 | T15: =+'[15]서부산크라샤(당월)'!$R$71 -> 8960 | U15: =T15-S15 -> 8960 | V15: =+G15+J15+M15+P15+S15 -> 285500 | W15: =+H15+K15+N15+Q15+T15 -> 117800 | X15: =W15-V15 -> -167700 | Y15: =+IFERROR(HLOOKUP($A$1,[16]매출!$G$5:$R$144,116,),) -> 0 | Z15: =+'[15]부산크라샤(당월)'!$F$71 -> 832 | AA15: =Z15-Y15 -> 832 | AB15: =+IFERROR(HLOOKUP($A$1,[16]매출!$G$5:$R$144,119,),) -> 0 | AC15: =+'[15]부산크라샤(당월)'!$I$71 -> 15840 | AD15: =AC15-AB15 -> 15840 | AE15: =+IFERROR(HLOOKUP($A$1,[16]매출!$G$5:$R$144,122,),) -> 0 | AF15: =+'[15]부산크라샤(당월)'!$L$71 -> 0 | AG15: =AF15-AE15 -> 0 | AH15: =+Y15+AB15+AE15 -> 0 | AI15: =+Z15+AC15+AF15 -> 16672 | AJ15: =AI15-AH15 -> 16672 | AK15: =+IFERROR(HLOOKUP($A$1,[17]판매계획!$G$6:$R$92,38,),) -> 70000 | AL15: =+'[18]부산모래장(손익)'!$E$40/1000 -> 0 | AM15: =AL15-AK15 -> -70000 | AN15: =+IFERROR(HLOOKUP($A$1,[17]판매계획!$G$6:$R$92,39,),) -> 137500 | AO15: =+IFERROR(HLOOKUP($AN$6,'[18]부산모래장(손익)'!$C$35:$K$53,6,),)/1000 -> 335996.5 | AP15: =AO15-AN15 -> 198496.5 | AQ15: =AK15+AN15 -> 207500 | AR15: =AL15+AO15 -> 335996.5 | AS15: =AR15-AQ15 -> 128496.5 | AT15: =+V15+AH15+AQ15 -> 493000 | AU15: =+W15+AI15+AR15 -> 470468.5 | AV15: =AU15-AT15 -> -22531.5
F16: 단가 | G16: =IFERROR(G15/G10,)*1000 -> 11500 | H16: =IFERROR(H15/H10,)*1000 -> 11500 | I16: =H16-G16 -> 0 | J16: =IFERROR(J15/J10,)*1000 -> 15000 | K16: =IFERROR(K15/K10,)*1000 -> 0 | L16: =K16-J16 -> -15000 | M16: =IFERROR(M15/M10,)*1000 -> 9000 | N16: =IFERROR(N15/N10,)*1000 -> 8500 | O16: =N16-M16 -> -500 | Q16: =IFERROR(Q15/Q10,)*1000 -> 11000 | R16: =Q16-P16 -> 11000 | T16: =IFERROR(T15/T10,)*1000 -> 10000 | U16: =T16-S16 -> 10000 | V16: =IFERROR(V15/V10,)*1000 -> 11895.833 | W16: =IFERROR(W15/W10,)*1000 -> 10099.451 | X16: =W16-V16 -> -1796.382 | Y16: =IFERROR(Y15/Y10,)*1000 -> 0 | Z16: =IFERROR(Z15/Z10,)*1000 -> 13000 | AA16: =Z16-Y16 -> 13000 | AB16: =IFERROR(AB15/AB10,)*1000 -> 0 | AC16: =IFERROR(AC15/AC10,)*1000 -> 18000 | AD16: =AC16-AB16 -> 18000 | AE16: =IFERROR(AE15/AE10,)*1000 -> 0 | AF16: =IFERROR(AF15/AF10,)*1000 -> 0 | AG16: =AF16-AE16 -> 0 | AH16: =IFERROR(AH15/AH10,)*1000 -> 0 | AI16: =IFERROR(AI15/AI10,)*1000 -> 17661.017 | AJ16: =AI16-AH16 -> 17661.017 | AK16: =IFERROR(AK15/AK10,)*1000 -> 35000 | AL16: =IFERROR(AL15/AL10,)*1000 -> 0 | AM16: =AL16-AK16 -> -35000 | AN16: =IFERROR(AN15/AN10,)*1000 -> 27500 | AO16: =IFERROR(AO15/AO10,)*1000 -> 28811.224 | AP16: =AO16-AN16 -> 1311.2245 | AQ16: =IFERROR(AQ15/AQ10,)*1000 -> 29642.857 | AR16: =IFERROR(AR15/AR10,)*1000 -> 28811.224 | AS16: =AR16-AQ16 -> -831.63265 | AT16: =IFERROR(AT15/AT10,)*1000 -> 15903.226 | AU16: =IFERROR(AU15/AU10,)*1000 -> 19384.775 | AV16: =AU16-AT16 -> 3481.5496 | AX16: =+AX17-AT17 -> 365595.58
F17: (소계) | G17: =G13+G15 -> 480529.3 | H17: =H13+H15 -> 233776 | I17: =H17-G17 -> -246753.3 | J17: =J13+J15 -> 454019.08 | K17: =K13+K15 -> 74912 | L17: =K17-J17 -> -379107.08 | M17: =M13+M15 -> 54000 | N17: =N13+N15 -> 41208 | O17: =N17-M17 -> -12792 | Q17: =Q13+Q15 -> 9856 | R17: =Q17-P17 -> 9856 | T17: =T13+T15 -> 8960 | U17: =T17-S17 -> 8960 | V17: =V13+V15 -> 988548.37 | W17: =W13+W15 -> 368712 | X17: =W17-V17 -> -619836.37 | Y17: =Y13+Y15 -> 0 | Z17: =Z13+Z15 -> 123332 | AA17: =Z17-Y17 -> 123332 | AB17: =AB13+AB15 -> 0 | AC17: =AC13+AC15 -> 185928 | AD17: =AC17-AB17 -> 185928 | AE17: =AE13+AE15 -> 0 | AF17: =AF13+AF15 -> 0 | AG17: =AF17-AE17 -> 0 | AH17: =AH13+AH15 -> 0 | AI17: =AI13+AI15 -> 309260 | AJ17: =AI17-AH17 -> 309260 | AK17: =AK13+AK15 -> 247432.64 | AL17: =AL13+AL15 -> 11400 | AM17: =AL17-AK17 -> -236032.64 | AN17: =AN13+AN15 -> 486141.38 | AO17: =AO13+AO15 -> 738094 | AP17: =AO17-AN17 -> 251952.62 | AQ17: =AQ13+AQ15 -> 733574.02 | AR17: =AR13+AR15 -> 749494 | AS17: =AR17-AQ17 -> 15919.978 | AT17: =AT13+AT15 -> 1722122.4 | AU17: =AU13+AU15 -> 1427466 | AV17: =AU17-AT17 -> -294656.39 | AX17: =+'사업장별(당월)'!O32*1000 -> 2087718 | AY17: =+'사업장별(당월)'!P32*1000 -> 1467626.5
E18: 영업이익 | F18: 자가이송 | G18: =+IFERROR(HLOOKUP($A$1,[14]손익!$G$5:$R$132,115,),) -> 85530.033 | H18: =+'[15]서부산크라샤(당월)'!$F$87 -> 60832.53 | I18: =H18-G18 -> -24697.503 | J18: =+IFERROR(HLOOKUP($A$1,[14]손익!$G$5:$R$132,117,),) -> 84319.612 | K18: =+'[15]서부산크라샤(당월)'!$I$87 -> 32517.849 | L18: =K18-J18 -> -51801.763 | M18: =+IFERROR(HLOOKUP($A$1,[14]손익!$G$5:$R$132,119,),) -> 0 | N18: =+'[15]서부산크라샤(당월)'!$L$87 -> 0 | O18: =N18-M18 -> 0 | Q18: =+'[15]서부산크라샤(당월)'!$U$87 -> 0 | R18: =Q18-P18 -> 0 | T18: =+'[15]서부산크라샤(당월)'!$R$87 -> 0 | U18: =T18-S18 -> 0 | V18: =+G18+J18+M18+P18+S18 -> 169849.64 | W18: =+H18+K18+N18+Q18+T18 -> 93350.379 | X18: =W18-V18 -> -76499.266 | Y18: =+IFERROR(HLOOKUP($A$1,[16]손익!$G$5:$R$147,115,),) -> -53630.715 | Z18: =+'[15]부산크라샤(당월)'!$F$87 -> -29278.31 | AA18: =Z18-Y18 -> 24352.405 | AB18: =+IFERROR(HLOOKUP($A$1,[16]손익!$G$5:$R$147,117,),) -> -53101.94 | AC18: =+'[15]부산크라샤(당월)'!$I$87 -> 3849.6913 | AD18: =AC18-AB18 -> 56951.631 | AE18: =+IFERROR(HLOOKUP($A$1,[16]손익!$G$5:$R$147,119,),) -> 0 | AF18: =+'[15]부산크라샤(당월)'!$L$87 -> 0 | AG18: =AF18-AE18 -> 0 | AH18: =+Y18+AB18+AE18 -> -106732.65 | AI18: =+Z18+AC18+AF18 -> -25428.618 | AJ18: =AI18-AH18 -> 81304.036 | AK18: =+IFERROR(HLOOKUP($A$1,[17]판매계획!$G$42:$S$72,25,),) -> 77095.899 | AL18: =+'[18]부산모래장(손익)'!$E$55/1000 -> 2510.472 | AM18: =AL18-AK18 -> -74585.427 | AN18: =+IFERROR(HLOOKUP($A$1,[17]판매계획!$G$42:$S$72,26,),) -> 151487.46 | AO18: =+IFERROR(HLOOKUP($AN$6,'[18]부산모래장(손익)'!$C$35:$K$100,21,),)/1000 -> -11550.691 | AP18: =AO18-AN18 -> -163038.15 | AQ18: =AK18+AN18 -> 228583.36 | AR18: =AL18+AO18 -> -9040.2188 | AS18: =AR18-AQ18 -> -237623.58 | AT18: =+V18+AH18+AQ18 -> 291700.35 | AU18: =+W18+AI18+AR18 -> 58881.542 | AV18: =AU18-AT18 -> -232818.81 | AX18: =+AX17=AT17 -> FALSE | AY18: =+AY17=AU17 -> FALSE
F19: 외부판매 | G19: =+IFERROR(HLOOKUP($A$1,[14]손익!$G$5:$R$132,116,),) -> 30561.169 | H19: =+'[15]서부산크라샤(당월)'!$F$86 -> 4465.2142 | I19: =H19-G19 -> -26095.955 | J19: =+IFERROR(HLOOKUP($A$1,[14]손익!$G$5:$R$132,118,),) -> 25366.978 | K19: =+'[15]서부산크라샤(당월)'!$I$86 -> 0 | L19: =K19-J19 -> -25366.978 | M19: =+IFERROR(HLOOKUP($A$1,[14]손익!$G$5:$R$132,120,),) -> 13045.874 | N19: =+'[15]서부산크라샤(당월)'!$L$86 -> -7761.5256 | O19: =N19-M19 -> -20807.4 | Q19: =+'[15]서부산크라샤(당월)'!$U$86 -> 189.15843 | R19: =Q19-P19 -> 189.15843 | T19: =+'[15]서부산크라샤(당월)'!$R$86 -> -754.93888 | U19: =T19-S19 -> -754.93888 | V19: =+G19+J19+M19+P19+S19 -> 68974.022 | W19: =+H19+K19+N19+Q19+T19 -> -3862.0918 | X19: =W19-V19 -> -72836.113 | Y19: =+IFERROR(HLOOKUP($A$1,[16]손익!$G$5:$R$147,116,),) -> -35276.921 | Z19: =+'[15]부산크라샤(당월)'!$F$86 -> -546.61258 | AA19: =Z19-Y19 -> 34730.309 | AB19: =+IFERROR(HLOOKUP($A$1,[16]손익!$G$5:$R$147,118,),) -> -42739.347 | AC19: =+'[15]부산크라샤(당월)'!$I$86 -> -3248.0687 | AD19: =AC19-AB19 -> 39491.278 | AE19: =+IFERROR(HLOOKUP($A$1,[16]손익!$G$5:$R$147,120,),) -> -12211.242 | AF19: =+'[15]부산크라샤(당월)'!$L$86 -> 0 | AG19: =AF19-AE19 -> 12211.242 | AH19: =+Y19+AB19+AE19 -> -90227.51 | AI19: =+Z19+AC19+AF19 -> -3794.6813 | AJ19: =AI19-AH19 -> 86432.829 | AK19: =+IFERROR(HLOOKUP($A$1,[17]판매계획!$G$42:$S$72,23,),) -> 1268.9587 | AL19: =+'[18]부산모래장(손익)'!$E$54/1000 -> 0 | AM19: =AL19-AK19 -> -1268.9587 | AN19: =+IFERROR(HLOOKUP($A$1,[17]판매계획!$G$42:$S$72,24,),) -> 2492.5974 | AO19: =+IFERROR(HLOOKUP($AN$6,'[18]부산모래장(손익)'!$C$35:$K$100,20,),)/1000 -> -9651.8672 | AP19: =AO19-AN19 -> -12144.465 | AQ19: =AK19+AN19 -> 3761.5561 | AR19: =AL19+AO19 -> -9651.8672 | AS19: =AR19-AQ19 -> -13413.423 | AT19: =+V19+AH19+AQ19 -> -17491.933 | AU19: =+W19+AI19+AR19 -> -17308.64 | AV19: =AU19-AT19 -> 183.29259
F20: (소계) | G20: =G18+G19 -> 116091.2 | H20: =H18+H19 -> 65297.744 | I20: =H20-G20 -> -50793.458 | J20: =J18+J19 -> 109686.59 | K20: =K18+K19 -> 32517.849 | L20: =K20-J20 -> -77168.741 | M20: =M18+M19 -> 13045.874 | N20: =N18+N19 -> -7761.5256 | O20: =N20-M20 -> -20807.4 | Q20: =Q18+Q19 -> 189.15843 | R20: =Q20-P20 -> 189.15843 | T20: =T18+T19 -> -754.93888 | U20: =T20-S20 -> -754.93888 | V20: =V18+V19 -> 238823.67 | W20: =W18+W19 -> 89488.287 | X20: =W20-V20 -> -149335.38 | Y20: =Y18+Y19 -> -88907.636 | Z20: =Z18+Z19 -> -29824.922 | AA20: =Z20-Y20 -> 59082.714 | AB20: =AB18+AB19 -> -95841.287 | AC20: =AC18+AC19 -> 601.62258 | AD20: =AC20-AB20 -> 96442.91 | AE20: =AE18+AE19 -> -12211.242 | AF20: =AF18+AF19 -> 0 | AG20: =AF20-AE20 -> 12211.242 | AH20: =AH18+AH19 -> -196960.17 | AI20: =AI18+AI19 -> -29223.3 | AJ20: =AI20-AH20 -> 167736.87 | AK20: =AK18+AK19 -> 78364.857 | AL20: =AL18+AL19 -> 2510.472 | AM20: =AL20-AK20 -> -75854.385 | AN20: =AN18+AN19 -> 153980.06 | AO20: =AO18+AO19 -> -21202.558 | AP20: =AO20-AN20 -> -175182.62 | AQ20: =AQ18+AQ19 -> 232344.92 | AR20: =AR18+AR19 -> -18692.086 | AS20: =AR20-AQ20 -> -251037 | AT20: =AT18+AT19 -> 274208.42 | AU20: =AU18+AU19 -> 41572.901 | AV20: =AU20-AT20 -> -232635.52 | AX20: =+'사업장별(당월)'!T32*1000 -> 298882.58 | AY20: ='사업장별(당월)'!U32*1000 -> 13451.174
E21: 자가이송 | F21: 부산 | G21: =+IFERROR(HLOOKUP($A$1,[14]물량!$G$5:$R$83,2,),) -> 11160.626 | H21: =+'[15]서부산크라샤(당월)'!$F$60 -> 1296 | I21: =H21-G21 -> -9864.6264 | J21: =+IFERROR(HLOOKUP($A$1,[14]물량!$G$5:$R$83,10,),) -> 8108.1 | K21: =+'[15]서부산크라샤(당월)'!$I$60 -> 432 | L21: =K21-J21 -> -7676.1 | N21: =+'[15]서부산크라샤(당월)'!$L$60 -> 0 | O21: =N21-M21 -> 0 | Q21: =+'[15]서부산크라샤(당월)'!$U$60 -> 0 | R21: =Q21-P21 -> 0 | T21: =+'[15]서부산크라샤(당월)'!$R$60 -> 0 | U21: =T21-S21 -> 0 | V21: =+G21+J21+M21+P21+S21 -> 19268.726 | W21: =+H21+K21+N21+Q21+T21 -> 1728 | X21: =W21-V21 -> -17540.726 | Y21: =+IFERROR(HLOOKUP($A$1,[16]물량!$G$5:$R$97,2,),) -> 0.1 | Z21: =+'[15]부산크라샤(당월)'!$F$60 -> 7000 | AA21: =Z21-Y21 -> 6999.9 | AB21: =+IFERROR(HLOOKUP($A$1,[16]물량!$G$5:$R$97,10,),) -> 0 | AC21: =+'[15]부산크라샤(당월)'!$I$60 -> 6000 | AD21: =AC21-AB21 -> 6000 | AF21: =+'[15]부산크라샤(당월)'!$L$60 -> 0 | AG21: =AF21-AE21 -> 0 | AH21: =+Y21+AB21+AE21 -> 0.1 | AI21: =+Z21+AC21+AF21 -> 13000 | AJ21: =AI21-AH21 -> 12999.9 | AK21: =+IFERROR(HLOOKUP($A$1,[17]이송계획!$G$6:$R$318,2,),) -> 264.33566 | AL21: =+'[18]부산모래장(손익)'!$P$38 -> (주)동양건재부문_EJ1_부산레미콘 | AM21: =AL21-AK21 -> #VALUE! | AN21: =+IFERROR(HLOOKUP($A$1,[17]이송계획!$G$6:$R$318,9,),) -> 4361.5385 | AO21: =+'[18]부산모래장(손익)'!$O$38 -> 부산 | AP21: =AO21-AN21 -> #VALUE! | AQ21: =AK21+AN21 -> 4625.8741 | AR21: =AL21+AO21 -> #VALUE! | AS21: =AR21-AQ21 -> #VALUE! | AT21: =+V21+AH21+AQ21 -> 23894.701 | AU21: =+W21+AI21+AR21 -> #VALUE! | AV21: =AU21-AT21 -> #VALUE! | AX21: =+AX20=AT20 -> FALSE | AY21: =+AY20=AU20 -> FALSE
E22: 물량 | F22: 서부산 | G22: =+IFERROR(HLOOKUP($A$1,[14]물량!$G$5:$R$83,3,),) -> 11988.467 | H22: =+'[15]서부산크라샤(당월)'!$F$61 -> 9400 | I22: =H22-G22 -> -2588.4667 | J22: =+IFERROR(HLOOKUP($A$1,[14]물량!$G$5:$R$83,11,),) -> 7782 | K22: =+'[15]서부산크라샤(당월)'!$I$61 -> 3400 | L22: =K22-J22 -> -4382 | N22: =+'[15]서부산크라샤(당월)'!$L$61 -> 0 | O22: =N22-M22 -> 0 | Q22: =+'[15]서부산크라샤(당월)'!$U$61 -> 0 | R22: =Q22-P22 -> 0 | T22: =+'[15]서부산크라샤(당월)'!$R$61 -> 0 | U22: =T22-S22 -> 0 | V22: =+G22+J22+M22+P22+S22 -> 19770.467 | W22: =+H22+K22+N22+Q22+T22 -> 12800 | X22: =W22-V22 -> -6970.4667 | Y22: =+IFERROR(HLOOKUP($A$1,[16]물량!$G$5:$R$97,3,),) -> 0 | Z22: =+'[15]부산크라샤(당월)'!$F$61 -> 0 | AA22: =Z22-Y22 -> 0 | AB22: =+IFERROR(HLOOKUP($A$1,[16]물량!$G$5:$R$97,11,),) -> 0 | AC22: =+'[15]부산크라샤(당월)'!$I$61 -> 1600 | AD22: =AC22-AB22 -> 1600 | AF22: =+'[15]부산크라샤(당월)'!$L$61 -> 0 | AG22: =AF22-AE22 -> 0 | AH22: =+Y22+AB22+AE22 -> 0 | AI22: =+Z22+AC22+AF22 -> 1600 | AJ22: =AI22-AH22 -> 1600 | AK22: =+IFERROR(HLOOKUP($A$1,[17]이송계획!$G$6:$R$318,3,),) -> 0 | AL22: =+'[18]부산모래장(손익)'!$P$39 -> (주)동양건재부문_EK1_서부산레미콘 | AM22: =AL22-AK22 -> #VALUE! | AN22: =+IFERROR(HLOOKUP($A$1,[17]이송계획!$G$6:$R$318,10,),) -> 0 | AO22: =+'[18]부산모래장(손익)'!$O$39 -> 서부산 | AP22: =AO22-AN22 -> #VALUE! | AQ22: =AK22+AN22 -> 0 | AR22: =AL22+AO22 -> #VALUE! | AS22: =AR22-AQ22 -> #VALUE! | AT22: =+V22+AH22+AQ22 -> 19770.467 | AU22: =+W22+AI22+AR22 -> #VALUE! | AV22: =AU22-AT22 -> #VALUE! | AX22: =+AT20-AX20 -> -24674.161 | AY22: =+AU20-AY20 -> 28121.727
F23: 김해 | G23: =+IFERROR(HLOOKUP($A$1,[14]물량!$G$5:$R$83,4,),) -> 1540 | H23: =+'[15]서부산크라샤(당월)'!$F$62 -> 0 | I23: =H23-G23 -> -1540 | J23: =+IFERROR(HLOOKUP($A$1,[14]물량!$G$5:$R$83,12,),) -> 1330 | K23: =+'[15]서부산크라샤(당월)'!$I$62 -> 0 | L23: =K23-J23 -> -1330 | N23: =+'[15]서부산크라샤(당월)'!$L$62 -> 0 | O23: =N23-M23 -> 0 | Q23: =+'[15]서부산크라샤(당월)'!$U$62 -> 0 | R23: =Q23-P23 -> 0 | T23: =+'[15]서부산크라샤(당월)'!$R$62 -> 0 | U23: =T23-S23 -> 0 | V23: =+G23+J23+M23+P23+S23 -> 2870 | W23: =+H23+K23+N23+Q23+T23 -> 0 | X23: =W23-V23 -> -2870 | Y23: =+IFERROR(HLOOKUP($A$1,[16]물량!$G$5:$R$97,4,),) -> 0 | Z23: =+'[15]부산크라샤(당월)'!$F$62 -> 0 | AA23: =Z23-Y23 -> 0 | AB23: =+IFERROR(HLOOKUP($A$1,[16]물량!$G$5:$R$97,12,),) -> 0 | AC23: =+'[15]부산크라샤(당월)'!$I$62 -> 0 | AD23: =AC23-AB23 -> 0 | AF23: =+'[15]부산크라샤(당월)'!$L$62 -> 0 | AG23: =AF23-AE23 -> 0 | AH23: =+Y23+AB23+AE23 -> 0 | AI23: =+Z23+AC23+AF23 -> 0 | AJ23: =AI23-AH23 -> 0 | AK23: =+IFERROR(HLOOKUP($A$1,[17]이송계획!$G$6:$R$318,4,),) -> 0 | AL23: =+'[18]부산모래장(손익)'!$P$40 -> (주)동양건재부문_EL1_김해레미콘 | AM23: =AL23-AK23 -> #VALUE! | AN23: =+IFERROR(HLOOKUP($A$1,[17]이송계획!$G$6:$R$318,11,),) -> 1468.5315 | AO23: =+'[18]부산모래장(손익)'!$O$40 -> 김해 | AP23: =AO23-AN23 -> #VALUE! | AQ23: =AK23+AN23 -> 1468.5315 | AR23: =AL23+AO23 -> #VALUE! | AS23: =AR23-AQ23 -> #VALUE! | AT23: =+V23+AH23+AQ23 -> 4338.5315 | AU23: =+W23+AI23+AR23 -> #VALUE! | AV23: =AU23-AT23 -> #VALUE!
F24: 정관 | G24: =+IFERROR(HLOOKUP($A$1,[14]물량!$G$5:$R$83,5,),) -> 0 | H24: =+'[15]서부산크라샤(당월)'!$F$63 -> 0 | I24: =H24-G24 -> 0 | J24: =+IFERROR(HLOOKUP($A$1,[14]물량!$G$5:$R$83,13,),) -> 0 | K24: =+'[15]서부산크라샤(당월)'!$I$63 -> 0 | L24: =K24-J24 -> 0 | N24: =+'[15]서부산크라샤(당월)'!$L$63 -> 0 | O24: =N24-M24 -> 0 | Q24: =+'[15]서부산크라샤(당월)'!$U$63 -> 0 | R24: =Q24-P24 -> 0 | T24: =+'[15]서부산크라샤(당월)'!$R$63 -> 0 | U24: =T24-S24 -> 0 | V24: =+G24+J24+M24+P24+S24 -> 0 | W24: =+H24+K24+N24+Q24+T24 -> 0 | X24: =W24-V24 -> 0 | Y24: =+IFERROR(HLOOKUP($A$1,[16]물량!$G$5:$R$97,5,),) -> 0 | Z24: =+'[15]부산크라샤(당월)'!$F$63 -> 0 | AA24: =Z24-Y24 -> 0 | AB24: =+IFERROR(HLOOKUP($A$1,[16]물량!$G$5:$R$97,13,),) -> 0 | AC24: =+'[15]부산크라샤(당월)'!$I$63 -> 16 | AD24: =AC24-AB24 -> 16 | AF24: =+'[15]부산크라샤(당월)'!$L$63 -> 0 | AG24: =AF24-AE24 -> 0 | AH24: =+Y24+AB24+AE24 -> 0 | AI24: =+Z24+AC24+AF24 -> 16 | AJ24: =AI24-AH24 -> 16 | AK24: =+IFERROR(HLOOKUP($A$1,[17]이송계획!$G$6:$R$318,5,),) -> 4851.8228 | AL24: =+'[18]부산모래장(손익)'!$P$41 -> (주)동양건재부문_EM1_정관레미콘 | AM24: =AL24-AK24 -> #VALUE! | AN24: =+IFERROR(HLOOKUP($A$1,[17]이송계획!$G$6:$R$318,12,),) -> 0 | AO24: =+'[18]부산모래장(손익)'!$O$41 -> 정관 | AP24: =AO24-AN24 -> #VALUE! | AQ24: =AK24+AN24 -> 4851.8228 | AR24: =AL24+AO24 -> #VALUE! | AS24: =AR24-AQ24 -> #VALUE! | AT24: =+V24+AH24+AQ24 -> 4851.8228 | AU24: =+W24+AI24+AR24 -> #VALUE! | AV24: =AU24-AT24 -> #VALUE!
F25: 양산 | G25: =+IFERROR(HLOOKUP($A$1,[14]물량!$G$5:$R$83,6,),) -> 0 | H25: =+'[15]서부산크라샤(당월)'!$F$64 -> 0 | I25: =H25-G25 -> 0 | J25: =+IFERROR(HLOOKUP($A$1,[14]물량!$G$5:$R$83,14,),) -> 0 | K25: =+'[15]서부산크라샤(당월)'!$I$64 -> 0 | L25: =K25-J25 -> 0 | N25: =+'[15]서부산크라샤(당월)'!$L$64 -> 0 | O25: =N25-M25 -> 0 | Q25: =+'[15]서부산크라샤(당월)'!$U$64 -> 0 | R25: =Q25-P25 -> 0 | T25: =+'[15]서부산크라샤(당월)'!$R$64 -> 0 | U25: =T25-S25 -> 0 | V25: =+G25+J25+M25+P25+S25 -> 0 | W25: =+H25+K25+N25+Q25+T25 -> 0 | X25: =W25-V25 -> 0 | Y25: =+IFERROR(HLOOKUP($A$1,[16]물량!$G$5:$R$97,6,),) -> 0 | Z25: =+'[15]부산크라샤(당월)'!$F$64 -> 0 | AA25: =Z25-Y25 -> 0 | AB25: =+IFERROR(HLOOKUP($A$1,[16]물량!$G$5:$R$97,14,),) -> 0 | AC25: =+'[15]부산크라샤(당월)'!$I$64 -> 0 | AD25: =AC25-AB25 -> 0 | AF25: =+'[15]부산크라샤(당월)'!$L$64 -> 0 | AG25: =AF25-AE25 -> 0 | AH25: =+Y25+AB25+AE25 -> 0 | AI25: =+Z25+AC25+AF25 -> 0 | AJ25: =AI25-AH25 -> 0 | AK25: =+IFERROR(HLOOKUP($A$1,[17]이송계획!$G$6:$R$318,6,),) -> 0 | AL25: =+'[18]부산모래장(손익)'!$P$42 -> (주)동양건재부문_EN1_양산레미콘 | AM25: =AL25-AK25 -> #VALUE! | AN25: =+IFERROR(HLOOKUP($A$1,[17]이송계획!$G$6:$R$318,13,),) -> 0 | AO25: =+'[18]부산모래장(손익)'!$O$42 -> 양산 | AP25: =AO25-AN25 -> #VALUE! | AQ25: =AK25+AN25 -> 0 | AR25: =AL25+AO25 -> #VALUE! | AS25: =AR25-AQ25 -> #VALUE! | AT25: =+V25+AH25+AQ25 -> 0 | AU25: =+W25+AI25+AR25 -> #VALUE! | AV25: =AU25-AT25 -> #VALUE!
F26: 창원 | G26: =+IFERROR(HLOOKUP($A$1,[14]물량!$G$5:$R$83,7,),) -> 730.6 | H26: =+'[15]서부산크라샤(당월)'!$F$65 -> 0 | I26: =H26-G26 -> -730.6 | J26: =+IFERROR(HLOOKUP($A$1,[14]물량!$G$5:$R$83,15,),) -> 408.45161 | K26: =+'[15]서부산크라샤(당월)'!$I$65 -> 0 | L26: =K26-J26 -> -408.45161 | N26: =+'[15]서부산크라샤(당월)'!$L$65 -> 0 | O26: =N26-M26 -> 0 | Q26: =+'[15]서부산크라샤(당월)'!$U$65 -> 0 | R26: =Q26-P26 -> 0 | T26: =+'[15]서부산크라샤(당월)'!$R$65 -> 0 | U26: =T26-S26 -> 0 | V26: =+G26+J26+M26+P26+S26 -> 1139.0516 | W26: =+H26+K26+N26+Q26+T26 -> 0 | X26: =W26-V26 -> -1139.0516 | Y26: =+IFERROR(HLOOKUP($A$1,[16]물량!$G$5:$R$97,7,),) -> 0 | Z26: =+'[15]부산크라샤(당월)'!$F$65 -> 0 | AA26: =Z26-Y26 -> 0 | AB26: =+IFERROR(HLOOKUP($A$1,[16]물량!$G$5:$R$97,15,),) -> 0 | AC26: =+'[15]부산크라샤(당월)'!$I$65 -> 0 | AD26: =AC26-AB26 -> 0 | AF26: =+'[15]부산크라샤(당월)'!$L$65 -> 0 | AG26: =AF26-AE26 -> 0 | AH26: =+Y26+AB26+AE26 -> 0 | AI26: =+Z26+AC26+AF26 -> 0 | AJ26: =AI26-AH26 -> 0 | AK26: =+IFERROR(HLOOKUP($A$1,[17]이송계획!$G$6:$R$318,7,),) -> 0 | AL26: =+'[18]부산모래장(손익)'!$P$43 -> (주)동양건재부문_EH1_창원레미콘 | AM26: =AL26-AK26 -> #VALUE! | AN26: =+IFERROR(HLOOKUP($A$1,[17]이송계획!$G$6:$R$318,14,),) -> 0 | AO26: =+'[18]부산모래장(손익)'!$O$43 -> 창원 | AP26: =AO26-AN26 -> #VALUE! | AQ26: =AK26+AN26 -> 0 | AR26: =AL26+AO26 -> #VALUE! | AS26: =AR26-AQ26 -> #VALUE! | AT26: =+V26+AH26+AQ26 -> 1139.0516 | AU26: =+W26+AI26+AR26 -> #VALUE! | AV26: =AU26-AT26 -> #VALUE!
E27: 자가이송 | F27: 부산 | G27: =+IFERROR(HLOOKUP($A$1,[14]매출!$G$5:$R$170,2,),) -> 12500 | H27: =IFERROR(H35/H21,)*1000 -> 0 | I27: =H27-G27 -> -12500 | J27: =+IFERROR(HLOOKUP($A$1,[14]매출!$G$5:$R$170,10,),) -> 18500 | K27: =IFERROR(K35/K21,)*1000 -> 0 | L27: =K27-J27 -> -18500 | N27: =IFERROR(N35/N21,)*1000 -> 0 | O27: =N27-M27 -> 0 | Q27: =IFERROR(Q35/Q21,)*1000 -> 0 | R27: =Q27-P27 -> 0 | T27: =IFERROR(T35/T21,)*1000 -> 0 | U27: =T27-S27 -> 0 | V27: =+IFERROR(HLOOKUP($A$1,[14]매출!$G$5:$R$170,50,),) -> 15024.744 | W27: =IFERROR(W35/W21,)*1000 -> 0 | X27: =W27-V27 -> -15024.744 | Y27: =+IFERROR(HLOOKUP($A$1,[16]매출!$G$5:$R$164,2,),) -> 0 | Z27: =IFERROR(Z35/Z21,)*1000 -> 17500 | AA27: =Z27-Y27 -> 17500 | AB27: =+IFERROR(HLOOKUP($A$1,[16]매출!$G$5:$R$164,10,),) -> 0 | AC27: =IFERROR(AC35/AC21,)*1000 -> 23500 | AD27: =AC27-AB27 -> 23500 | AF27: =IFERROR(AF35/AF21,)*1000 -> 0 | AG27: =AF27-AE27 -> 0 | AH27: =+IFERROR(HLOOKUP($A$1,[16]매출!$G$5:$R$164,50,),) -> 0 | AI27: =+Z27+AC27+AF27 -> 41000 | AJ27: =AI27-AH27 -> 41000 | AK27: =+IFERROR(HLOOKUP($A$1,[17]이송계획!$G$6:$R$318,34,),) -> 38000 | AL27: =+'[18]부산모래장(손익)'!$P$46 -> 0 | AM27: =AL27-AK27 -> -38000 | AN27: =+IFERROR(HLOOKUP($A$1,[17]이송계획!$G$6:$R$318,41,),) -> 30500 | AO27: =+IFERROR(INDEX('[18]부산모래장(손익)'!$O$46:$S$51,MATCH($F27,'[18]부산모래장(손익)'!$M$46:$M$51,),MATCH($AN$6,'[18]부산모래장(손익)'!$O$37:$S$37,)),) -> 0 | AP27: =AO27-AN27 -> -30500 | AQ27: =IFERROR(AQ35/AQ21,)*1000 -> 2171.4286 | AR27: =IFERROR(AR35/AR21,)*1000 -> 0 | AS27: =AR27-AQ27 -> -2171.4286 | AT27: =IFERROR(AT35/AT21,)*1000 -> 12536.354 | AU27: =IFERROR(AU35/AU21,)*1000 -> 0 | AV27: =AU27-AT27 -> -12536.354
E28: 단가 | F28: 서부산 | G28: =+IFERROR(HLOOKUP($A$1,[14]매출!$G$5:$R$170,3,),) -> 16000 | H28: =IFERROR(H36/H22,)*1000 -> 0 | I28: =H28-G28 -> -16000 | J28: =+IFERROR(HLOOKUP($A$1,[14]매출!$G$5:$R$170,11,),) -> 22000 | K28: =IFERROR(K36/K22,)*1000 -> 0 | L28: =K28-J28 -> -22000 | N28: =IFERROR(N36/N22,)*1000 -> 0 | O28: =N28-M28 -> 0 | Q28: =IFERROR(Q36/Q22,)*1000 -> 0 | R28: =Q28-P28 -> 0 | T28: =IFERROR(T36/T22,)*1000 -> 0 | U28: =T28-S28 -> 0 | V28: =+IFERROR(HLOOKUP($A$1,[14]매출!$G$5:$R$170,51,),) -> 18361.704 | W28: =IFERROR(W36/W22,)*1000 -> 0 | X28: =W28-V28 -> -18361.704 | Y28: =+IFERROR(HLOOKUP($A$1,[16]매출!$G$5:$R$164,3,),) -> 0 | Z28: =IFERROR(Z36/Z22,)*1000 -> 0 | AA28: =Z28-Y28 -> 0 | AB28: =+IFERROR(HLOOKUP($A$1,[16]매출!$G$5:$R$164,11,),) -> 0 | AC28: =IFERROR(AC36/AC22,)*1000 -> 18000 | AD28: =AC28-AB28 -> 18000 | AF28: =IFERROR(AF36/AF22,)*1000 -> 0 | AG28: =AF28-AE28 -> 0 | AH28: =+IFERROR(HLOOKUP($A$1,[16]매출!$G$5:$R$164,51,),) -> 0 | AI28: =+Z28+AC28+AF28 -> 18000 | AJ28: =AI28-AH28 -> 18000 | AK28: =+IFERROR(HLOOKUP($A$1,[17]이송계획!$G$6:$R$318,35,),) -> 0 | AL28: =+'[18]부산모래장(손익)'!$P$47 -> 0 | AM28: =AL28-AK28 -> 0 | AN28: =+IFERROR(HLOOKUP($A$1,[17]이송계획!$G$6:$R$318,42,),) -> 26500 | AO28: =+IFERROR(INDEX('[18]부산모래장(손익)'!$O$46:$S$51,MATCH($F28,'[18]부산모래장(손익)'!$M$46:$M$51,),MATCH($AN$6,'[18]부산모래장(손익)'!$O$37:$S$37,)),) -> 0 | AP28: =AO28-AN28 -> -26500 | AQ28: =IFERROR(AQ36/AQ22,)*1000 -> 0 | AR28: =IFERROR(AR36/AR22,)*1000 -> 0 | AS28: =AR28-AQ28 -> 0 | AT28: =IFERROR(AT36/AT22,)*1000 -> 27336.335 | AU28: =IFERROR(AU36/AU22,)*1000 -> 0 | AV28: =AU28-AT28 -> -27336.335
F29: 김해 | G29: =+IFERROR(HLOOKUP($A$1,[14]매출!$G$5:$R$170,4,),) -> 10000 | H29: =IFERROR(H37/H23,)*1000 -> 0 | I29: =H29-G29 -> -10000 | J29: =+IFERROR(HLOOKUP($A$1,[14]매출!$G$5:$R$170,12,),) -> 16000 | K29: =IFERROR(K37/K23,)*1000 -> 0 | L29: =K29-J29 -> -16000 | N29: =IFERROR(N37/N23,)*1000 -> 0 | O29: =N29-M29 -> 0 | Q29: =IFERROR(Q37/Q23,)*1000 -> 0 | R29: =Q29-P29 -> 0 | T29: =IFERROR(T37/T23,)*1000 -> 0 | U29: =T29-S29 -> 0 | V29: =+IFERROR(HLOOKUP($A$1,[14]매출!$G$5:$R$170,52,),) -> 12780.488 | W29: =IFERROR(W37/W23,)*1000 -> 0 | X29: =W29-V29 -> -12780.488 | Y29: =+IFERROR(HLOOKUP($A$1,[16]매출!$G$5:$R$164,4,),) -> 0 | Z29: =IFERROR(Z37/Z23,)*1000 -> 0 | AA29: =Z29-Y29 -> 0 | AB29: =+IFERROR(HLOOKUP($A$1,[16]매출!$G$5:$R$164,12,),) -> 0 | AC29: =IFERROR(AC37/AC23,)*1000 -> 0 | AD29: =AC29-AB29 -> 0 | AF29: =IFERROR(AF37/AF23,)*1000 -> 0 | AG29: =AF29-AE29 -> 0 | AH29: =+IFERROR(HLOOKUP($A$1,[16]매출!$G$5:$R$164,52,),) -> 0 | AI29: =+Z29+AC29+AF29 -> 0 | AJ29: =AI29-AH29 -> 0 | AK29: =+IFERROR(HLOOKUP($A$1,[17]이송계획!$G$6:$R$318,36,),) -> 0 | AL29: =+'[18]부산모래장(손익)'!$P$48 -> 0 | AM29: =AL29-AK29 -> 0 | AN29: =+IFERROR(HLOOKUP($A$1,[17]이송계획!$G$6:$R$318,43,),) -> 26000 | AO29: =+IFERROR(INDEX('[18]부산모래장(손익)'!$O$46:$S$51,MATCH($F29,'[18]부산모래장(손익)'!$M$46:$M$51,),MATCH($AN$6,'[18]부산모래장(손익)'!$O$37:$S$37,)),) -> 0 | AP29: =AO29-AN29 -> -26000 | AQ29: =IFERROR(AQ37/AQ23,)*1000 -> 90585 | AR29: =IFERROR(AR37/AR23,)*1000 -> 0 | AS29: =AR29-AQ29 -> -90585 | AT29: =IFERROR(AT37/AT23,)*1000 -> 39116.213 | AU29: =IFERROR(AU37/AU23,)*1000 -> 0 | AV29: =AU29-AT29 -> -39116.213
F30: 정관 | G30: =+IFERROR(HLOOKUP($A$1,[14]매출!$G$5:$R$170,5,),) -> 0 | H30: =IFERROR(H38/H24,)*1000 -> 0 | I30: =H30-G30 -> 0 | J30: =+IFERROR(HLOOKUP($A$1,[14]매출!$G$5:$R$170,13,),) -> 0 | K30: =IFERROR(K38/K24,)*1000 -> 0 | L30: =K30-J30 -> 0 | N30: =IFERROR(N38/N24,)*1000 -> 0 | O30: =N30-M30 -> 0 | Q30: =IFERROR(Q38/Q24,)*1000 -> 0 | R30: =Q30-P30 -> 0 | T30: =IFERROR(T38/T24,)*1000 -> 0 | U30: =T30-S30 -> 0 | V30: =+IFERROR(HLOOKUP($A$1,[14]매출!$G$5:$R$170,53,),) -> 0 | W30: =IFERROR(W38/W24,)*1000 -> 0 | X30: =W30-V30 -> 0 | Y30: =+IFERROR(HLOOKUP($A$1,[16]매출!$G$5:$R$164,5,),) -> 0 | Z30: =IFERROR(Z38/Z24,)*1000 -> 0 | AA30: =Z30-Y30 -> 0 | AB30: =+IFERROR(HLOOKUP($A$1,[16]매출!$G$5:$R$164,13,),) -> 0 | AC30: =IFERROR(AC38/AC24,)*1000 -> 18000 | AD30: =AC30-AB30 -> 18000 | AF30: =IFERROR(AF38/AF24,)*1000 -> 0 | AG30: =AF30-AE30 -> 0 | AH30: =+IFERROR(HLOOKUP($A$1,[16]매출!$G$5:$R$164,53,),) -> 0 | AI30: =+Z30+AC30+AF30 -> 18000 | AJ30: =AI30-AH30 -> 18000 | AK30: =+IFERROR(HLOOKUP($A$1,[17]이송계획!$G$6:$R$318,37,),) -> 34500 | AL30: =+'[18]부산모래장(손익)'!$P$49 -> 0 | AM30: =AL30-AK30 -> -34500 | AN30: =+IFERROR(HLOOKUP($A$1,[17]이송계획!$G$6:$R$318,44,),) -> 26000 | AO30: =+IFERROR(INDEX('[18]부산모래장(손익)'!$O$46:$S$51,MATCH($F30,'[18]부산모래장(손익)'!$M$46:$M$51,),MATCH($AN$6,'[18]부산모래장(손익)'!$O$37:$S$37,)),) -> 0 | AP30: =AO30-AN30 -> -26000 | AQ30: =IFERROR(AQ38/AQ24,)*1000 -> 34500 | AR30: =IFERROR(AR38/AR24,)*1000 -> 0 | AS30: =AR30-AQ30 -> -34500 | AT30: =IFERROR(AT38/AT24,)*1000 -> 34500 | AU30: =IFERROR(AU38/AU24,)*1000 -> 0 | AV30: =AU30-AT30 -> -34500
F31: 양산 | G31: =+IFERROR(HLOOKUP($A$1,[14]매출!$G$5:$R$170,6,),) -> 0 | H31: =IFERROR(H39/H25,)*1000 -> 0 | I31: =H31-G31 -> 0 | J31: =+IFERROR(HLOOKUP($A$1,[14]매출!$G$5:$R$170,14,),) -> 0 | K31: =IFERROR(K39/K25,)*1000 -> 0 | L31: =K31-J31 -> 0 | N31: =IFERROR(N39/N25,)*1000 -> 0 | O31: =N31-M31 -> 0 | Q31: =IFERROR(Q39/Q25,)*1000 -> 0 | R31: =Q31-P31 -> 0 | T31: =IFERROR(T39/T25,)*1000 -> 0 | U31: =T31-S31 -> 0 | V31: =+IFERROR(HLOOKUP($A$1,[14]매출!$G$5:$R$170,54,),) -> 0 | W31: =IFERROR(W39/W25,)*1000 -> 0 | X31: =W31-V31 -> 0 | Y31: =+IFERROR(HLOOKUP($A$1,[16]매출!$G$5:$R$164,6,),) -> 0 | Z31: =IFERROR(Z39/Z25,)*1000 -> 0 | AA31: =Z31-Y31 -> 0 | AB31: =+IFERROR(HLOOKUP($A$1,[16]매출!$G$5:$R$164,14,),) -> 0 | AC31: =IFERROR(AC39/AC25,)*1000 -> 0 | AD31: =AC31-AB31 -> 0 | AF31: =IFERROR(AF39/AF25,)*1000 -> 0 | AG31: =AF31-AE31 -> 0 | AH31: =+IFERROR(HLOOKUP($A$1,[16]매출!$G$5:$R$164,54,),) -> 0 | AI31: =+Z31+AC31+AF31 -> 0 | AJ31: =AI31-AH31 -> 0 | AK31: =+IFERROR(HLOOKUP($A$1,[17]이송계획!$G$6:$R$318,38,),) -> 0 | AL31: =+'[18]부산모래장(손익)'!$P$50 -> 0 | AM31: =AL31-AK31 -> 0 | AN31: =+IFERROR(HLOOKUP($A$1,[17]이송계획!$G$6:$R$318,45,),) -> 26000 | AO31: =+IFERROR(INDEX('[18]부산모래장(손익)'!$O$46:$S$51,MATCH($F31,'[18]부산모래장(손익)'!$M$46:$M$51,),MATCH($AN$6,'[18]부산모래장(손익)'!$O$37:$S$37,)),) -> 0 | AP31: =AO31-AN31 -> -26000 | AQ31: =IFERROR(AQ39/AQ25,)*1000 -> 0 | AR31: =IFERROR(AR39/AR25,)*1000 -> 0 | AS31: =AR31-AQ31 -> 0 | AT31: =IFERROR(AT39/AT25,)*1000 -> 0 | AU31: =IFERROR(AU39/AU25,)*1000 -> 0 | AV31: =AU31-AT31 -> 0
F32: 창원 | G32: =+IFERROR(HLOOKUP($A$1,[14]매출!$G$5:$R$170,7,),) -> 10000 | H32: =IFERROR(H40/H26,)*1000 -> 0 | I32: =H32-G32 -> -10000 | J32: =+IFERROR(HLOOKUP($A$1,[14]매출!$G$5:$R$170,15,),) -> 16000 | K32: =IFERROR(K40/K26,)*1000 -> 0 | L32: =K32-J32 -> -16000 | N32: =IFERROR(N40/N26,)*1000 -> 0 | O32: =N32-M32 -> 0 | Q32: =IFERROR(Q40/Q26,)*1000 -> 0 | R32: =Q32-P32 -> 0 | T32: =IFERROR(T40/T26,)*1000 -> 0 | U32: =T32-S32 -> 0 | V32: =+IFERROR(HLOOKUP($A$1,[14]매출!$G$5:$R$170,55,),) -> 12151.535 | W32: =IFERROR(W40/W26,)*1000 -> 0 | X32: =W32-V32 -> -12151.535 | Y32: =+IFERROR(HLOOKUP($A$1,[16]매출!$G$5:$R$164,7,),) -> 0 | Z32: =IFERROR(Z40/Z26,)*1000 -> 0 | AA32: =Z32-Y32 -> 0 | AB32: =+IFERROR(HLOOKUP($A$1,[16]매출!$G$5:$R$164,15,),) -> 0 | AC32: =IFERROR(AC40/AC26,)*1000 -> 0 | AD32: =AC32-AB32 -> 0 | AF32: =IFERROR(AF40/AF26,)*1000 -> 0 | AG32: =AF32-AE32 -> 0 | AH32: =+IFERROR(HLOOKUP($A$1,[16]매출!$G$5:$R$164,55,),) -> 0 | AI32: =+Z32+AC32+AF32 -> 0 | AJ32: =AI32-AH32 -> 0 | AK32: =+IFERROR(HLOOKUP($A$1,[17]이송계획!$G$6:$R$318,39,),) -> 0 | AL32: =+'[18]부산모래장(손익)'!$P$51 -> 0 | AM32: =AL32-AK32 -> 0 | AN32: =+IFERROR(HLOOKUP($A$1,[17]이송계획!$G$6:$R$318,46,),) -> 0 | AO32: =+IFERROR(INDEX('[18]부산모래장(손익)'!$O$46:$S$51,MATCH($F32,'[18]부산모래장(손익)'!$M$46:$M$51,),MATCH($AN$6,'[18]부산모래장(손익)'!$O$37:$S$37,)),) -> 0 | AP32: =AO32-AN32 -> 0 | AQ32: =IFERROR(AQ40/AQ26,)*1000 -> 0 | AR32: =IFERROR(AR40/AR26,)*1000 -> 0 | AS32: =AR32-AQ32 -> 0 | AT32: =IFERROR(AT40/AT26,)*1000 -> 12151.535 | AU32: =IFERROR(AU40/AU26,)*1000 -> 0 | AV32: =AU32-AT32 -> -12151.535
E35: 자가이송 | F35: 부산 | G35: =+IFERROR(HLOOKUP($A$1,[14]매출!$G$5:$R$149,58,),) -> 139507.83 | H35: =+IFERROR(VLOOKUP($F35,'[18]서부산(손익)'!$O$16:$X$29,3,),)/1000 -> 0 | I35: =+H35-G35 -> -139507.83 | J35: =+IFERROR(HLOOKUP($A$1,[14]매출!$G$5:$R$149,66,),) -> 149999.85 | K35: =+IFERROR(VLOOKUP($F35,'[18]서부산(손익)'!$O$16:$X$29,4,),)/1000 -> 0 | L35: =+K35-J35 -> -149999.85 | O35: =+N35-M35 -> 0 | V35: =SUM(G35,J35,M35) -> 289507.68 | W35: =SUM(H35,K35,N35) -> 0 | X35: =+W35-V35 -> -289507.68 | Y35: =+IFERROR(HLOOKUP($A$1,[16]매출!$G$5:$R$170,58,),) -> 0 | Z35: =+IFERROR(VLOOKUP($F35,'[18]부산크라샤(손익)'!$L$16:$R$29,3,),)/1000 -> 122500 | AA35: =+Z35-Y35 -> 122500 | AB35: =+IFERROR(HLOOKUP($A$1,[16]매출!$G$5:$R$170,66,),) -> 0 | AC35: =+IFERROR(VLOOKUP($F35,'[18]부산크라샤(손익)'!$L$16:$R$29,4,),)/1000 -> 141000 | AD35: =+AC35-AB35 -> 141000 | AG35: =+AF35-AE35 -> 0 | AH35: =SUM(Y35,AB35) -> 0 | AI35: =SUM(Z35,AC35) -> 263500 | AJ35: =+AI35-AH35 -> 263500 | AK35: =+IFERROR(HLOOKUP($A$1,[17]이송계획!$G$70:$R$100,2,),) -> 10044.755 | AL35: =+'[18]부산모래장(손익)'!$P16/1000 -> #VALUE! | AN35: =+IFERROR(HLOOKUP($A$1,[17]이송계획!$G$70:$R$100,9,),) -> 0 | AO35: =+IFERROR(INDEX('[18]부산모래장(손익)'!$O$16:$S$21,MATCH($F35,'[18]부산모래장(손익)'!$M$16:$M$21,),MATCH($AN$6,'[18]부산모래장(손익)'!$O$15:$S$15,)),)/1000 -> 0 | AQ35: =+AK35+AN35 -> 10044.755 | AR35: =+AL35+AO35 -> #VALUE! | AT35: =+V35+AH35+AQ35 -> 299552.44 | AU35: =+W35+AI35+AR35 -> #VALUE! | AV35: =+AU35-AT35 -> #VALUE! | AX35: =+IFERROR(INDEX('[18]부산모래장(손익)'!$O$16:$U$21,MATCH($F35,'[18]부산모래장(손익)'!$M$16:$M$21,),MATCH($AL$2,'[18]부산모래장(손익)'!$O$15:$S$15,)),) -> 0
E36: 매출액 | F36: 서부산 | G36: =+IFERROR(HLOOKUP($A$1,[14]매출!$G$5:$R$149,59,),) -> 191815.47 | H36: =+IFERROR(VLOOKUP($F36,'[18]서부산(손익)'!$O$16:$X$29,3,),)/1000 -> 0 | I36: =+H36-G36 -> -191815.47 | J36: =+IFERROR(HLOOKUP($A$1,[14]매출!$G$5:$R$149,67,),) -> 171204 | K36: =+IFERROR(VLOOKUP($F36,'[18]서부산(손익)'!$O$16:$X$29,4,),)/1000 -> 0 | L36: =+K36-J36 -> -171204 | O36: =+N36-M36 -> 0 | V36: =SUM(G36,J36,M36) -> 363019.47 | W36: =SUM(H36,K36,N36) -> 0 | X36: =+W36-V36 -> -363019.47 | Y36: =+IFERROR(HLOOKUP($A$1,[16]매출!$G$5:$R$170,59,),) -> 0 | Z36: =+IFERROR(VLOOKUP($F36,'[18]부산크라샤(손익)'!$L$16:$R$29,3,),)/1000 -> 0 | AA36: =+Z36-Y36 -> 0 | AB36: =+IFERROR(HLOOKUP($A$1,[16]매출!$G$5:$R$170,67,),) -> 0 | AC36: =+IFERROR(VLOOKUP($F36,'[18]부산크라샤(손익)'!$L$16:$R$29,4,),)/1000 -> 28800 | AD36: =+AC36-AB36 -> 28800 | AG36: =+AF36-AE36 -> 0 | AH36: =SUM(Y36,AB36) -> 0 | AI36: =SUM(Z36,AC36) -> 28800 | AJ36: =+AI36-AH36 -> 28800 | AK36: =+IFERROR(HLOOKUP($A$1,[17]이송계획!$G$70:$R$100,3,),) -> 0 | AL36: =+'[18]부산모래장(손익)'!$P17/1000 -> #VALUE! | AN36: =+IFERROR(HLOOKUP($A$1,[17]이송계획!$G$70:$R$100,10,),) -> 177432.64 | AO36: =+IFERROR(INDEX('[18]부산모래장(손익)'!$O$16:$S$21,MATCH($F36,'[18]부산모래장(손익)'!$M$16:$M$21,),MATCH($AN$6,'[18]부산모래장(손익)'!$O$15:$S$15,)),)/1000 -> 0 | AQ36: =+AK36+AN36 -> 177432.64 | AR36: =+AL36+AO36 -> #VALUE! | AT36: =+V36+AH36+AQ36 -> 540452.11 | AU36: =+W36+AI36+AR36 -> #VALUE! | AV36: =+AU36-AT36 -> #VALUE! | AX36: =+IFERROR(INDEX('[18]부산모래장(손익)'!$O$16:$U$21,MATCH($F36,'[18]부산모래장(손익)'!$M$16:$M$21,),MATCH($AL$2,'[18]부산모래장(손익)'!$O$15:$S$15,)),) -> 0
