Workbook

Sheet 파워BI용
B2: 구분 | D2: 계획 | E2: 실적 | F2: 차이 | G2: 전년 | H2: 차이 | J2: 캡쳐도구 사용 → PNG 저장 → 파워BI 삽입 → 이미지
B3: 판매량 | C3: 레미콘 | D3: =+'사업장별(누계)_건자재제외'!$J$27 -> 3025 | E3: =+'사업장별(누계)_건자재제외'!$K$27 -> 2577.7873 | F3: =+E3/D3 -> 0.8521611 | G3: =+'사업장별(누계)_건자재제외'!$M$27 -> 3105.939 | H3: =+E3/G3 -> 0.82995427
C4: 골재 | D4: =+'사업장별(누계)_건자재제외'!$J$31 -> 1085.452 | E4: =+'사업장별(누계)_건자재제외'!$K$31 -> 719.006 | F4: =+E4/D4 -> 0.66240237 | G4: =+'사업장별(누계)_건자재제외'!$M$31 -> 780.431 | H4: =+E4/G4 -> 0.92129349
B5: 매출액 | C5: 레미콘 | D5: =+'사업장별(누계)_건자재제외'!$O$27 -> 305492.88 | E5: =+'사업장별(누계)_건자재제외'!$P$27 -> 253858.57 | F5: =+E5-D5 -> -51634.319 | G5: =+'사업장별(누계)_건자재제외'!$R$27 -> 312392.53 | H5: =+E5-G5 -> -58533.964
C6: 골재 | D6: =+'사업장별(누계)_건자재제외'!$O$31 -> 19974.039 | E6: =+'사업장별(누계)_건자재제외'!$P$31 -> 14723.488 | F6: =+E6-D6 -> -5250.5513 | G6: =+'사업장별(누계)'!$R$32 -> 15789.63 | H6: =+E6-G6 -> -1066.1421
C7: 기타 | D7: =+D8-D5-D6 -> 1642.0298 | E7: =+E8-E5-E6 -> 1424.043 | F7: =+E7-D7 -> -217.98679 | G7: =+G8-G5-G6 -> 1821.6955 | H7: =+E7-G7 -> -397.65249
C8: 계 | D8: =+'사업장별(누계)_건자재제외'!$O$42 -> 327108.95 | E8: =+'사업장별(누계)_건자재제외'!$P$42 -> 270006.1 | F8: =+E8-D8 -> -57102.857 | G8: =+'사업장별(누계)_건자재제외'!$R$42 -> 330003.85 | H8: =+E8-G8 -> -59997.759
B9: 영업이익 | C9: 레미콘 | D9: =+('사업장별(누계)_건자재제외'!$T$27+'사업장별(누계)_건자재제외'!$T$34) -> 12736.117 | E9: =+'사업장별(누계)_건자재제외'!$U$27+'사업장별(누계)_건자재제외'!$U$34 -> -4251.4595 | F9: =+E9-D9 -> -16987.577 | G9: =+'사업장별(누계)_건자재제외'!$W$27+'사업장별(누계)_건자재제외'!$W$34 -> 17115.212 | H9: =+E9-G9 -> -21366.671
C10: (%) | D10: =+D9/D5 -> 0.04169039 | E10: =+E9/E5 -> -0.016747355 | F10: =+E10-D10 -> -0.058437745 | G10: =+G9/G5 -> 0.05478752 | H10: =+E10-G10 -> -0.071534875
C11: 골재 | D11: =+'사업장별(누계)_건자재제외'!$T$31 -> 2024.1749 | E11: =+'사업장별(누계)_건자재제외'!$U$31 -> -1005.8875 | F11: =+E11-D11 -> -3030.0624 | G11: =+'사업장별(누계)_건자재제외'!$W$31 -> -294.10414 | H11: =+E11-G11 -> -711.7834
C12: 기타 | D12: =+D13-D9-D11 -> 215.27812 | E12: =+E13-E9-E11 -> -449.93439 | F12: =+E12-D12 -> -665.21251 | G12: =+G13-G9-G11 -> 1200.9937 | H12: =+E12-G12 -> -1650.9281
C13: 계 | D13: =+'사업장별(누계)_건자재제외'!$T$42 -> 14975.57 | E13: =+'사업장별(누계)_건자재제외'!$U$42 -> -5707.2814 | F13: =+E13-D13 -> -20682.852 | G13: =+'사업장별(누계)_건자재제외'!$W$42 -> 18022.101 | H13: =+E13-G13 -> -23729.383
D14: =+D13/D8 -> 0.045781598 | E14: =+E13/E8 -> -0.021137602 | F14: =+E14-D14 -> -0.0669192 | G14: =+G13/G8 -> 0.054611791 | H14: =+E14-G14 -> -0.075749393

Sheet 표지
A6: 2025년 11월 마감 손익
A24: 건재사업본부

Sheet 손익총괄
C3: □ 건재사업본부 손익실적(2025-11)
X4: [단위 : 천㎥, 톤, 원/㎥, 원/톤, 백만원]
C5: 구분 | E5: 11월 | J5: 11월 누계 | P5: 11월 주요지표
E6: 계획 | F6: 실적 | G6: 계획대비 | H6: 전년 | I6: 전년대비 | J6: 계획 | K6: 실적 | L6: 계획대비 | M6: 전년 | N6: 전년대비
C7: 물량 | D7: 레미콘 | E7: =+'[1]11월'!$Z$7/1000 -> 310.5 | F7: =+'[2]11월'!$Z$7/1000 -> 259.0905 | G7: =+F7-E7 -> -51.4095 | H7: =+'[3]11월'!$Z$7/1000 -> 280.6685 | I7: =+F7-H7 -> -21.578 | J7: =+'[1]11월누계'!$Z$7/1000 -> 3025 | K7: =+'[2]11월누계'!$Z$7/1000 -> 2577.7873 | L7: =+K7-J7 -> -447.21268 | M7: =+'[3]11월누계'!$Z$7/1000 -> 3105.939 | N7: =+K7-M7 -> -528.15168 | Q7: □ 레미콘
D8: 철강재 | E8: =+'[1]11월'!$AA$7 -> 12600 | F8: =+'[2]11월'!$AO$7 -> 9321.418 | G8: =+F8-E8 -> -3278.582 | H8: =+'[3]11월'!$AO$7 -> 10221.802 | I8: =+F8-H8 -> -900.384 | J8: =+'[1]11월누계'!$AA$7 -> 124500 | K8: =+'[2]11월누계'!$AO$7 -> 100870.89 | L8: =+K8-J8 -> -23629.108 | M8: =+'[3]11월누계'!$AO$7 -> 97161.154 | N8: =+K8-M8 -> 3709.738 | Q8: 구분 | S8: 계획 | T8: 실적 | U8: 계획대비 | V8: 전년 | W8: 전년대비
D9: 골재 | E9: =+'[1]11월'!$AE$7/1000 -> 113.98827 | F9: =+'[2]11월'!$AN$7/1000 -> 68.974 | G9: =+F9-E9 -> -45.014273 | H9: =+'[3]11월'!$AN$7/1000 -> 66.126 | I9: =+F9-H9 -> 2.848 | J9: =+'[1]11월누계'!$AE$7/1000 -> 1085.452 | K9: =+'[2]11월누계'!$AN$7/1000 -> 719.006 | L9: =+K9-J9 -> -366.44604 | M9: =+'[3]11월누계'!$AN$7/1000 -> 780.431 | N9: =+K9-M9 -> -61.425 | Q9: 물량 | R9: 수도권 | S9: =+[4]수도권!$T$5/1000 -> 112 | T9: =+[4]수도권!$U$5/1000 -> 92.7095 | U9: =+T9-S9 -> -19.2905 | V9: =+[5]수도권!$T$5/1000 -> 107.646 | W9: =+T9-V9 -> -14.9365
C10: 매출 | D10: 레미콘 | E10: =+'[1]11월'!$Z$8/1000 -> 31674.938 | F10: =+'[2]11월'!$Z$8/1000 -> 25856.152 | G10: =+F10-E10 -> -5818.7863 | H10: =+'[3]11월'!$Z$8/1000 -> 28069.669 | I10: =+F10-H10 -> -2213.5171 | J10: =+'[1]11월누계'!$Z$8/1000 -> 305492.88 | K10: =+'[2]11월누계'!$Z$8/1000 -> 253858.57 | L10: =+K10-J10 -> -51634.319 | M10: =+'[3]11월누계'!$Z$8/1000 -> 312392.53 | N10: =+K10-M10 -> -58533.964 | R10: 영남권 | S10: =+[4]영남권!$T$5/1000 -> 138 | T10: =+[4]영남권!$U$5/1000 -> 114.7065 | U10: =+T10-S10 -> -23.2935 | V10: =+[5]영남권!$T$5/1000 -> 121.551 | W10: =+T10-V10 -> -6.8445
D11: 건자재 | E11: =+'[1]11월'!$AA$8/1000 -> 13712.919 | F11: =+'[2]11월'!$AO$8/1000 -> 8458.8501 | G11: =+F11-E11 -> -5254.0687 | H11: =+'[3]11월'!$AO$8/1000 -> 9942.869 | I11: =+F11-H11 -> -1484.0189 | J11: =+'[1]11월누계'!$AA$8/1000 -> 135896.4 | K11: =+'[2]11월누계'!$AO$8/1000 -> 92280.217 | L11: =+K11-J11 -> -43616.18 | M11: =+'[3]11월누계'!$AO$8/1000 -> 96553.945 | N11: =+K11-M11 -> -4273.7287 | R11: 중부권 | S11: =+[4]중부권!$T$5/1000 -> 60.5 | T11: =+[4]중부권!$U$5/1000 -> 51.6745 | U11: =+T11-S11 -> -8.8255 | V11: =+[5]중부권!$T$5/1000 -> 51.4715 | W11: =+T11-V11 -> 0.203
D12: 골재 | E12: =+'[1]11월'!$AE$8/1000 -> 2080.8241 | F12: =+'[2]11월'!$AN$8/1000 -> 1385.2927 | G12: =+F12-E12 -> -695.53142 | H12: =+'[3]11월'!$AN$8/1000 -> 1414.0255 | I12: =+F12-H12 -> -28.7328 | J12: =+'[1]11월누계'!$AE$8/1000 -> 19974.039 | K12: =+'[2]11월누계'!$AN$8/1000 -> 14723.488 | L12: =+K12-J12 -> -5250.5513 | M12: =+'[3]11월누계'!$AN$8/1000 -> 15789.63 | N12: =+K12-M12 -> -1066.1421 | Q12: 계 | S12: =SUM(S9:S11) -> 310.5 | T12: =SUM(T9:T11) -> 259.0905 | U12: =+T12-S12 -> -51.4095 | V12: =SUM(V9:V11) -> 280.6685 | W12: =+T12-V12 -> -21.578
D13: 기타 | E13: =+'[1]11월'!$E$8/1000-E10-E11-E12 -> 142.52817 | F13: =+'[2]11월'!$F$8/1000-F10-F11-F12 -> 118.87862 | G13: =+F13-E13 -> -23.649543 | H13: =+'[3]11월'!$F$8/1000-H10-H11-H12 -> 165.32457 | I13: =+F13-H13 -> -46.445944 | J13: =+'[1]11월누계'!$E$8/1000-J10-J11-J12 -> 1642.0298 | K13: =+'[2]11월누계'!$F$8/1000-K10-K11-K12 -> 1424.043 | L13: =+K13-J13 -> -217.98679 | M13: =+'[3]11월누계'!$F$8/1000-M10-M11-M12 -> 1821.6955 | N13: =+K13-M13 -> -397.65249 | Q13: 판매단가 | R13: 수도권 | S13: =+[4]수도권!$T$61 -> 100966.5 | T13: =+[4]수도권!$U$61 -> 96297.03 | U13: =+T13-S13 -> -4669.4658 | V13: =+[5]수도권!$Q$85 -> 97363.141 | W13: =+T13-V13 -> -1066.1113
C14: 계 | E14: =SUM(E10:E13) -> 47611.21 | F14: =SUM(F10:F13) -> 35819.174 | G14: =+F14-E14 -> -11792.036 | H14: =SUM(H10:H13) -> 39591.888 | I14: =+F14-H14 -> -3772.7147 | J14: =SUM(J10:J13) -> 463005.35 | K14: =SUM(K10:K13) -> 362286.31 | L14: =+K14-J14 -> -100719.04 | M14: =SUM(M10:M13) -> 426557.8 | N14: =+K14-M14 -> -64271.487 | R14: 영남권 | S14: =+[4]영남권!$T$61 -> 100479.54 | T14: =+[4]영남권!$U$61 -> 100200.79 | U14: =+T14-S14 -> -278.74975 | V14: =+[5]영남권!$Q$85 -> 100718.16 | W14: =+T14-V14 -> -517.36985
C15: 매출원가 | D15: 레미콘 | E15: =+('[1]11월'!$Z$10+'[1]11월'!$Z$19)/1000 -> 27214.256 | F15: =+('[2]11월'!$Z$10+'[2]11월'!$Z$19)/1000 -> 23785.614 | G15: =+F15-E15 -> -3428.6421 | H15: =+('[3]11월'!$Z$10+'[3]11월'!$Z$19)/1000 -> 25171.805 | I15: =+F15-H15 -> -1386.1907 | J15: =+('[1]11월누계'!$Z$10+'[1]11월누계'!$Z$19)/1000 -> 268751.54 | K15: =+('[2]11월누계'!$Z$10+'[2]11월누계'!$Z$19)/1000 -> 233693.1 | L15: =+K15-J15 -> -35058.436 | M15: =+('[3]11월누계'!$Z$10+'[3]11월누계'!$Z$19)/1000 -> 272340.29 | N15: =+K15-M15 -> -38647.185 | R15: 중부권 | S15: =+[4]중부권!$T$61 -> 107446.52 | T15: =+[4]중부권!$U$61 -> 105331.24 | U15: =+T15-S15 -> -2115.2813 | V15: =+[5]중부권!$Q$85 -> 103847.09 | W15: =+T15-V15 -> 1484.1533
D16: 건자재 | E16: =+('[1]11월'!$AA$10+'[1]11월'!$AA$19)/1000 -> 13342.736 | F16: =+('[2]11월'!$AO$10+'[2]11월'!$AO$19)/1000 -> 8288.3784 | G16: =+F16-E16 -> -5054.3579 | H16: =+('[3]11월'!$AO$10+'[3]11월'!$AO$19)/1000 -> 9692.7755 | I16: =+F16-H16 -> -1404.3971 | J16: =+('[1]11월누계'!$AA$10+'[1]11월누계'!$AA$19)/1000 -> 132227.72 | K16: =+('[2]11월누계'!$AO$10+'[2]11월누계'!$AO$19)/1000 -> 90673.09 | L16: =+K16-J16 -> -41554.635 | M16: =+('[3]11월누계'!$AO$10+'[3]11월누계'!$AO$19)/1000 -> 94392.929 | N16: =+K16-M16 -> -3719.8392 | Q16: 계 | S16: =+[4]합계!$T$61 -> 102012.68 | T16: =+[4]합계!$U$61 -> 99838.666 | U16: =+T16-S16 -> -2174.0175 | V16: =+[5]합계!$Q$85 -> 100000.5 | W16: =+T16-V16 -> -161.83157
D17: 골재 | E17: =+('[1]11월'!$AE$10+'[1]11월'!$AE$19)/1000 -> 1734.0287 | F17: =+('[2]11월'!$AN$10+'[2]11월'!$AN$19)/1000 -> 1516.4555 | G17: =+F17-E17 -> -217.57316 | H17: =+('[3]11월'!$AN$10+'[3]11월'!$AN$19)/1000 -> 1633.277 | I17: =+F17-H17 -> -116.82141 | J17: =+('[1]11월누계'!$AE$10+'[1]11월누계'!$AE$19)/1000 -> 17421.107 | K17: =+('[2]11월누계'!$AN$10+'[2]11월누계'!$AN$19)/1000 -> 15197.668 | L17: =+K17-J17 -> -2223.4387 | M17: =+('[3]11월누계'!$AN$10+'[3]11월누계'!$AN$19)/1000 -> 15409.91 | N17: =+K17-M17 -> -212.24157 | Q17: 공헌이익 | R17: 수도권 | S17: =+[4]수도권!$Q$90 -> 19349.831 | T17: =+[4]수도권!$R$90 -> 13250.906 | U17: =+T17-S17 -> -6098.925 | V17: =+[5]수도권!$Q$90 -> 14160.07 | W17: =+T17-V17 -> -909.16442
D18: 기타 | E18: =+('[1]11월'!$E$10+'[1]11월'!$E$19)/1000-E15-E16-E17 -> 68.375599 | F18: =+('[2]11월'!$F$10+'[2]11월'!$F$19)/1000-F15-F16-F17 -> -378.92085 | G18: =+F18-E18 -> -447.29644 | H18: =+('[3]11월'!$F$10+'[3]11월'!$F$19)/1000-H15-H16-H17 -> -208.79434 | I18: =+F18-H18 -> -170.1265 | J18: =+('[1]11월누계'!$E$10+'[1]11월누계'!$E$19)/1000-J15-J16-J17 -> 677.99936 | K18: =+('[2]11월누계'!$F$10+'[2]11월누계'!$F$19)/1000-K15-K16-K17 -> -397.43886 | L18: =+K18-J18 -> -1075.4382 | M18: =+('[3]11월누계'!$F$10+'[3]11월누계'!$F$19)/1000-M15-M16-M17 -> -538.6119 | N18: =+K18-M18 -> 141.17304 | R18: 영남권 | S18: =+[4]영남권!$Q$90 -> 21091.445 | T18: =+[4]영남권!$R$90 -> 18098.237 | U18: =+T18-S18 -> -2993.208 | V18: =+[5]영남권!$Q$90 -> 21227.896 | W18: =+T18-V18 -> -3129.6589
C19: 계 | E19: =SUM(E15:E18) -> 42359.397 | F19: =SUM(F15:F18) -> 33211.527 | G19: =+F19-E19 -> -9147.8696 | H19: =SUM(H15:H18) -> 36289.063 | I19: =+F19-H19 -> -3077.5356 | J19: =SUM(J15:J18) -> 419078.37 | K19: =SUM(K15:K18) -> 339166.42 | L19: =+K19-J19 -> -79911.948 | M19: =SUM(M15:M18) -> 381604.51 | N19: =+K19-M19 -> -42438.093 | R19: 중부권 | S19: =+[4]중부권!$Q$90 -> 29091.365 | T19: =+[4]중부권!$R$90 -> 23719.354 | U19: =+T19-S19 -> -5372.0106 | V19: =+[5]중부권!$Q$90 -> 23600.464 | W19: =+T19-V19 -> 118.89012
C20: 매출이익 | D20: 레미콘 | E20: =+E10-E15 -> 4460.6819 | F20: =+F10-F15 -> 2070.5377 | G20: =+F20-E20 -> -2390.1442 | H20: =+H10-H15 -> 2897.8641 | I20: =+F20-H20 -> -827.32641 | J20: =+J10-J15 -> 36741.347 | K20: =+K10-K15 -> 20165.464 | L20: =+K20-J20 -> -16575.883 | M20: =+M10-M15 -> 40052.242 | N20: =+K20-M20 -> -19886.779 | Q20: 계 | S20: =+[4]합계!$Q$90 -> 22021.99 | T20: =+[4]합계!$R$90 -> 17498.384 | U20: =+T20-S20 -> -4523.6063 | V20: =+[5]합계!$Q$90 -> 18957.932 | W20: =+T20-V20 -> -1459.5482
D21: 건자재 | E21: =+E11-E16 -> 370.18261 | F21: =+F11-F16 -> 170.47174 | G21: =+F21-E21 -> -199.71087 | H21: =+H11-H16 -> 250.09354 | I21: =+F21-H21 -> -79.621802 | J21: =+J11-J16 -> 3668.6714 | K21: =+K11-K16 -> 1607.1268 | L21: =+K21-J21 -> -2061.5447 | M21: =+M11-M16 -> 2161.0162 | N21: =+K21-M21 -> -553.88947 | Q21: □ 건자재
D22: 골재 | E22: =+E12-E17 -> 346.79542 | F22: =+F12-F17 -> -131.16285 | G22: =+F22-E22 -> -477.95826 | H22: =+H12-H17 -> -219.25146 | I22: =+F22-H22 -> 88.08861 | J22: =+J12-J17 -> 2552.9318 | K22: =+K12-K17 -> -474.18078 | L22: =+K22-J22 -> -3027.1126 | M22: =+M12-M17 -> 379.71974 | N22: =+K22-M22 -> -853.90051 | Q22: 구분 | S22: 계획 | T22: 실적 | U22: 계획대비 | V22: 전년 | W22: 전년대비
D23: 기타 | E23: =+E13-E18 -> 74.152568 | F23: =+F13-F18 -> 497.79947 | G23: =+F23-E23 -> 423.6469 | H23: =+H13-H18 -> 374.11891 | I23: =+F23-H23 -> 123.68056 | J23: =+J13-J18 -> 964.03047 | K23: =+K13-K18 -> 1821.4819 | L23: =+K23-J23 -> 857.45143 | M23: =+M13-M18 -> 2360.3074 | N23: =+K23-M23 -> -538.82552 | Q23: 철강재 판매단가 | S23: =+'[6]11월'!$F$10 -> 873809.52 | T23: =+'[6]11월'!$G$10 -> 746100.56 | U23: =+T23-S23 -> -127708.96 | V23: =+'[7]11월'!$G$10 -> 798803.69 | W23: =+T23-V23 -> -52703.129
C24: 계 | E24: =SUM(E20:E23) -> 5251.8125 | F24: =SUM(F20:F23) -> 2607.6461 | G24: =+F24-E24 -> -2644.1664 | H24: =SUM(H20:H23) -> 3302.8251 | I24: =+F24-H24 -> -695.17904 | J24: =SUM(J20:J23) -> 43926.981 | K24: =SUM(K20:K23) -> 23119.892 | L24: =+K24-J24 -> -20807.089 | M24: =SUM(M20:M23) -> 44953.286 | N24: =+K24-M24 -> -21833.394 | Q24: 철강재 마진률 | S24: =+'[6]11월'!$F$15 -> 0.024058583 | T24: =+'[6]11월'!$G$15 -> 0.017646524 | U24: =+T24-S24 -> -0.0064120592 | V24: =+'[6]11월'!$G$15 -> 0.017646524 | W24: =+T24-V24 -> 0
C25: 판관비 | D25: 레미콘 | E25: =+('[1]11월'!$Z$13+'[1]11월'!$Z$20)/1000 -> 651.01474 | F25: =+('[2]11월'!$Z$13+'[2]11월'!$Z$20)/1000 -> 696.21834 | G25: =+F25-E25 -> 45.203599 | H25: =+('[3]11월'!$Z$13+'[3]11월'!$Z$20)/1000 -> 701.94071 | I25: =+F25-H25 -> -5.722366 | J25: =+('[1]11월누계'!$Z$13+'[1]11월누계'!$Z$20)/1000 -> 7401.3032 | K25: =+('[2]11월누계'!$Z$13+'[2]11월누계'!$Z$20)/1000 -> 7598.8117 | L25: =+K25-J25 -> 197.50847 | M25: =+('[3]11월누계'!$Z$13+'[3]11월누계'!$Z$20)/1000 -> 7583.1822 | N25: =+K25-M25 -> 15.629427 | Q25: □ 골재
D26: 건자재 | E26: =+('[1]11월'!$AA$13+'[1]11월'!$AA$20)/1000 -> 122.29035 | F26: =+('[2]11월'!$AO$13+'[2]11월'!$AO$20)/1000 -> 147.48019 | G26: =+F26-E26 -> 25.189844 | H26: =+('[3]11월'!$AO$13+'[3]11월'!$AO$20)/1000 -> 131.73689 | I26: =+F26-H26 -> 15.743301 | J26: =+('[1]11월누계'!$AA$13+'[1]11월누계'!$AA$20)/1000 -> 1405.5465 | K26: =+('[2]11월누계'!$AO$13+'[2]11월누계'!$AO$20)/1000 -> 1660.8853 | L26: =+K26-J26 -> 255.33881 | M26: =+('[3]11월누계'!$AO$13+'[3]11월누계'!$AO$20)/1000 -> 1559.1559 | N26: =+K26-M26 -> 101.72947 | Q26: 구분 | S26: 계획 | T26: 실적 | U26: 계획대비 | V26: 전년 | W26: 전년대비
D27: 골재 | E27: =+('[1]11월'!$AE$13+'[1]11월'!$AE$20+'[1]11월'!$AE$22)/1000 -> 46.796279 | F27: =+('[2]11월'!$AN$13+'[2]11월'!$AN$20+'[2]11월'!$AN$22)/1000 -> 48.191646 | G27: =+F27-E27 -> 1.3953664 | H27: =+('[3]11월'!$AN$13+'[3]11월'!$AN$20+'[3]11월'!$AN$22)/1000 -> 70.857428 | I27: =+F27-H27 -> -22.665782 | J27: =+('[1]11월누계'!$AE$13+'[1]11월누계'!$AE$20+'[1]11월누계'!$AE$22)/1000 -> 528.75698 | K27: =+('[2]11월누계'!$AN$13+'[2]11월누계'!$AN$20+'[2]11월누계'!$AN$22)/1000 -> 531.70676 | L27: =+K27-J27 -> 2.9497848 | M27: =+('[3]11월누계'!$AN$13+'[3]11월누계'!$AN$20+'[3]11월누계'!$AN$22)/1000 -> 673.82387 | N27: =+K27-M27 -> -142.11711 | Q27: 판매량 | R27: 자가 | S27: =+[8]원가손익!$W$10+[9]원가손익!$W$13+[10]손익!$F$10 -> 63988.273 | T27: =+[8]원가손익!$X$10+[9]원가손익!$X$13+[10]손익!$G$10 -> 52956 | U27: =+T27-S27 -> -11032.273 | V27: =+'[11]부산모래장(당월)'!$S$85 -> 36922 | W27: =+T27-V27 -> 16034
D28: 기타 | E28: =+('[1]11월'!$E$13+'[1]11월'!$E$20)/1000-E25-E26-E27+('[1]11월'!$E$22/1000) -> 1377.0047 | F28: =+('[2]11월'!$F$13+'[2]11월'!$F$20)/1000-F25-F26-F27+'[2]11월'!$F$22/1000 -> 1329.0822 | G28: =+F28-E28 -> -47.922485 | H28: =+('[3]11월'!$F$13+'[3]11월'!$F$20)/1000-H25-H26-H27+'[3]11월'!$F$22/1000 -> 1321.429 | I28: =+F28-H28 -> 7.6531284 | J28: =+('[1]11월누계'!$E$13+'[1]11월누계'!$E$20)/1000-J25-J26-J27+('[1]11월누계'!$E$22/1000) -> 17352.679 | K28: =+('[2]11월누계'!$F$13+'[2]11월누계'!$F$20)/1000-K25-K26-K27+'[2]11월누계'!$F$22/1000 -> 19089.528 | L28: =+K28-J28 -> 1736.8491 | M28: =+('[3]11월누계'!$F$13+'[3]11월누계'!$F$20)/1000-M25-M26-M27+'[3]11월누계'!$F$22/1000 -> 16513.162 | N28: =+K28-M28 -> 2576.3659 | R28: 외판 | S28: =+[8]원가손익!$W$14+[9]원가손익!$W$15+[10]손익!$F$12 -> 50000 | T28: =+[8]원가손익!$X$14+[9]원가손익!$X$15+[10]손익!$G$12 -> 16018 | U28: =+T28-S28 -> -33982 | V28: =+'[11]부산모래장(당월)'!$S$86 -> 29204 | W28: =+T28-V28 -> -13186
C29: 계 | E29: =SUM(E25:E28) -> 2197.106 | F29: =SUM(F25:F28) -> 2220.9723 | G29: =+F29-E29 -> 23.866324 | H29: =SUM(H25:H28) -> 2225.9641 | I29: =+F29-H29 -> -4.991719 | J29: =SUM(J25:J28) -> 26688.286 | K29: =SUM(K25:K28) -> 28880.932 | L29: =+K29-J29 -> 2192.6461 | M29: =SUM(M25:M28) -> 26329.324 | N29: =+K29-M29 -> 2551.6077 | Q29: 합 계 | S29: =SUM(S27:S28) -> 113988.27 | T29: =SUM(T27:T28) -> 68974 | U29: =+T29-S29 -> -45014.273 | V29: =SUM(V27:V28) -> 66126 | W29: =+T29-V29 -> 2848
C30: 영업이익 | D30: 레미콘 | E30: =+E20-E25 -> 3809.6671 | F30: =+F20-F25 -> 1374.3194 | G30: =+F30-E30 -> -2435.3478 | H30: =+H20-H25 -> 2195.9234 | I30: =+F30-H30 -> -821.60404 | J30: =+J20-J25 -> 29340.044 | K30: =+K20-K25 -> 12566.652 | L30: =+K30-J30 -> -16773.392 | M30: =+M20-M25 -> 32469.06 | N30: =+K30-M30 -> -19902.408 | Q30: □ 기타내역(영업이익)
D31: % | E31: =+E30/E10 -> 0.12027386 | F31: =+F30/F10 -> 0.053152509 | G31: =+F31-E31 -> -0.067121352 | H31: =+H30/H10 -> 0.078231182 | I31: =+F31-H31 -> -0.025078673 | J31: =+J30/J10 -> 0.096041661 | K31: =+K30/K10 -> 0.049502573 | L31: =+K31-J31 -> -0.046539088 | M31: =+M30/M10 -> 0.10393674 | N31: =+K31-M31 -> -0.054434164 | Q31: 구분 | S31: 계획 | T31: 실적 | U31: 계획대비 | V31: 전년 | W31: 전년대비
D32: 건자재 | E32: =+E21-E26 -> 247.89226 | F32: =+F21-F26 -> 22.991546 | G32: =+F32-E32 -> -224.90072 | H32: =+H21-H26 -> 118.35665 | I32: =+F32-H32 -> -95.365103 | J32: =+J21-J26 -> 2263.1249 | K32: =+K21-K26 -> -53.758588 | L32: =+K32-J32 -> -2316.8835 | M32: =+M21-M26 -> 601.86035 | N32: =+K32-M32 -> -655.61894 | Q32: 레미콘임대 | S32: =+'사업장별(당월)'!T33 -> 48.278888 | T32: =+'사업장별(당월)'!U33 -> 23.549857 | U32: =+T32-S32 -> -24.729031 | V32: =+'사업장별(당월)'!W33 -> 67.392238 | W32: =+T32-V32 -> -43.842381
D33: 골재 | E33: =+E22-E27 -> 299.99914 | F33: =+F22-F27 -> -179.35449 | G33: =+F33-E33 -> -479.35363 | H33: =+H22-H27 -> -290.10889 | I33: =+F33-H33 -> 110.75439 | J33: =+J22-J27 -> 2024.1749 | K33: =+K22-K27 -> -1005.8875 | L33: =+K33-J33 -> -3030.0624 | M33: =+M22-M27 -> -294.10414 | N33: =+K33-M33 -> -711.7834 | Q33: 임대 | S33: =+'사업장별(당월)'!T34 -> 63.941 | T33: =+'사업장별(당월)'!U34 -> 66.61316 | U33: =+T33-S33 -> 2.67216 | V33: =+'사업장별(당월)'!W34 -> 58.662833 | W33: =+T33-V33 -> 7.950327
D34: 기타 | E34: =+E23-E28 -> -1302.8521 | F34: =+F23-F28 -> -831.2827 | G34: =+F34-E34 -> 471.56939 | H34: =+H23-H28 -> -947.31013 | I34: =+F34-H34 -> 116.02743 | J34: =+J23-J28 -> -16388.648 | K34: =+K23-K28 -> -17268.046 | L34: =+K34-J34 -> -879.39763 | M34: =+M23-M28 -> -14152.855 | N34: =+K34-M34 -> -3115.1915 | Q34: 공통비 | S34: =+'사업장별(당월)'!T35 -> -1297.3901 | T34: =+'사업장별(당월)'!U35 -> -1271.3905 | U34: =+T34-S34 -> 25.999644 | V34: =+'사업장별(당월)'!W35 -> -1265.4311 | W34: =+T34-V34 -> -5.9593684
C35: 계 | E35: =SUM(E30,E32:E34) -> 3054.7064 | F35: =SUM(F30,F32:F34) -> 386.67371 | G35: =+F35-E35 -> -2668.0327 | H35: =SUM(H30,H32:H34) -> 1076.861 | I35: =+F35-H35 -> -690.18732 | J35: =SUM(J30,J32:J34) -> 17238.695 | K35: =SUM(K30,K32:K34) -> -5761.04 | L35: =+K35-J35 -> -22999.735 | M35: =SUM(M30,M32:M34) -> 18623.962 | N35: =+K35-M35 -> -24385.002 | Q35: 기타 | S35: =+S36-S32-S33-S34 -> -117.68187 | T35: =+T36-T32-T33-T34 -> 349.94474 | U35: =+T35-S35 -> 467.62661 | V35: =+V36-V32-V33-V34 -> 192.06589 | W35: =+T35-V35 -> 157.87885
D36: % | E36: =+E35/E14 -> 0.064159396 | F36: =+F35/F14 -> 0.01079516 | G36: =+F36-E36 -> -0.053364236 | H36: =+H35/H14 -> 0.027199032 | I36: =+F36-H36 -> -0.016403872 | J36: =+J35/J14 -> 0.037232173 | K36: =+K35/K14 -> -0.015901898 | L36: =+K36-J36 -> -0.053134071 | M36: =+M35/M14 -> 0.043661051 | N36: =+K36-M36 -> -0.059562949 | Q36: 합계 | S36: =+'사업장별(당월)'!T41 -> -1302.8521 | T36: =+'사업장별(당월)'!U41 -> -831.2827 | U36: =+T36-S36 -> 471.56939 | V36: =+'사업장별(당월)'!W41 -> -947.31013 | W36: =+T36-V36 -> 116.02743
E38: =+'[1]11월'!$E$26/1000 -> 3054.7064 | F38: =+'[2]11월'!$F$26/1000 -> 386.67371 | H38: =+'[3]11월'!$F$26/1000 -> 1076.861 | J38: =+'[1]11월누계'!$E$26/1000 -> 17238.695 | K38: =+'[2]11월누계'!$F$26/1000 -> -5761.04 | M38: =+'[3]11월누계'!$F$26/1000 -> 18623.962
E39: =+E35=E38 -> TRUE | F39: =+F35=F38 -> FALSE | H39: =+H35=H38 -> TRUE | J39: =+J35=J38 -> TRUE | K39: =+K35=K38 -> FALSE | M39: =+M35=M38 -> TRUE
E40: =+E35-E38 -> -5.0022209e-12 | F40: =+F35-F38 -> -6.7075234e-12 | H40: =+H35-H38 -> 1.8189894e-12 | J40: =+J35-J38 -> 0 | K40: =+K35-K38 -> 7.2759576e-12 | M40: =+M35-M38 -> 0

Sheet 레미콘 영업이익
H3: □ 레미콘 영업이익(11월)
H5: 구분 | J5: 11월 | T5: 11월누계
J6: 영업이익(공통비 배부전) | O6: 영업이익(공통비 배부후) | T6: 영업이익(공통비 배부전) | Y6: 영업이익(공통비 배부전)
A7: 2024년 11월 마감 손익 | J7: 계획 | K7: 실적 | L7: 차이 | M7: 전년 | N7: 차이 | O7: 계획 | P7: 실적 | Q7: 차이 | R7: 전년 | S7: 차이 | T7: 계획 | U7: 실적 | V7: 차이 | W7: 전년 | X7: 차이 | Y7: 계획 | Z7: 실적 | AA7: 차이 | AB7: 전년 | AC7: 차이
B8: 안양 | H8: 레미콘 | I8: 안양 | J8: =+[4]안양!$H$86/1000 -> 574.41974 | K8: =+[4]안양!$I$86/1000 -> 194.12147 | L8: =+K8-J8 -> -380.29827 | M8: =+[5]안양!$H$86/1000 -> 302.27516 | N8: =+K8-M8 -> -108.15369 | O8: =+[4]안양!$H$92/1000 -> 400.3266 | P8: =+[4]안양!$I$92/1000 -> 51.345576 | Q8: =+P8-O8 -> -348.98102 | R8: =+[5]안양!$H$92/1000 -> 131.7323 | S8: =+P8-R8 -> -80.386721 | T8: =+[12]안양!$H$86/1000 -> 4101.4598 | U8: =+[12]안양!$I$86/1000 -> 2371.0141 | V8: =+U8-T8 -> -1730.4458 | W8: =+[13]안양!$H$86/1000 -> 3797.4263 | X8: =+U8-W8 -> -1426.4123 | Y8: =+[12]안양!$H$92/1000 -> 1825.8684 | Z8: =+[12]안양!$I$92/1000 -> 155.13322 | AA8: =+Z8-Y8 -> -1670.7352 | AB8: =+[13]안양!$H$92/1000 -> 1798.8048 | AC8: =+Z8-AB8 -> -1643.6716
B9: 인천 | H9: 직영 | I9: 인천 | J9: =+[4]인천!$H$86/1000 -> 376.01935 | K9: =+[4]인천!$I$86/1000 -> 27.814643 | L9: =+K9-J9 -> -348.2047 | M9: =+[5]인천!$H$86/1000 -> 72.336657 | N9: =+K9-M9 -> -44.522014 | O9: =+[4]인천!$H$92/1000 -> 240.26126 | P9: =+[4]인천!$I$92/1000 -> -122.68243 | Q9: =+P9-O9 -> -362.94369 | R9: =+[5]인천!$H$92/1000 -> -58.611021 | S9: =+P9-R9 -> -64.07141 | T9: =+[12]인천!$H$86/1000 -> 1861.5286 | U9: =+[12]인천!$I$86/1000 -> 171.9589 | V9: =+U9-T9 -> -1689.5697 | W9: =+[13]인천!$H$86/1000 -> 1734.6983 | X9: =+U9-W9 -> -1562.7394 | Y9: =+[12]인천!$H$92/1000 -> 202.98967 | Z9: =+[12]인천!$I$92/1000 -> -1725.277 | AA9: =+Z9-Y9 -> -1928.2667 | AB9: =+[13]인천!$H$92/1000 -> 286.6128 | AC9: =+Z9-AB9 -> -2011.8898
B10: 파주 | I10: 파주 | J10: =+[4]파주!$H$86/1000 -> 141.18347 | K10: =+[4]파주!$I$86/1000 -> -44.1742 | L10: =+K10-J10 -> -185.35767 | M10: =+[5]파주!$H$86/1000 -> 79.622709 | N10: =+K10-M10 -> -123.79691 | O10: =+[4]파주!$H$92/1000 -> 50.670355 | P10: =+[4]파주!$I$92/1000 -> -114.00405 | Q10: =+P10-O10 -> -164.6744 | R10: =+[5]파주!$H$92/1000 -> -16.514878 | S10: =+P10-R10 -> -97.489171 | T10: =+[12]파주!$H$86/1000 -> 1156.2851 | U10: =+[12]파주!$I$86/1000 -> -449.69631 | V10: =+U10-T10 -> -1605.9815 | W10: =+[13]파주!$H$86/1000 -> 1773.5914 | X10: =+U10-W10 -> -2223.2877 | Y10: =+[12]파주!$H$92/1000 -> -39.012798 | Z10: =+[12]파주!$I$92/1000 -> -1318.3337 | AA10: =+Z10-Y10 -> -1279.321 | AB10: =+[13]파주!$H$92/1000 -> 494.8456 | AC10: =+Z10-AB10 -> -1813.1793
B11: 김포 | I11: 김포 | J11: =+[4]김포!$H$86/1000 -> 127.85874 | K11: =+[4]김포!$I$86/1000 -> 18.980567 | L11: =+K11-J11 -> -108.87818 | M11: =+[5]김포!$H$86/1000 -> 98.878248 | N11: =+K11-M11 -> -79.897681 | O11: =+[4]김포!$H$92/1000 -> 65.251848 | P11: =+[4]김포!$I$92/1000 -> -44.355784 | Q11: =+P11-O11 -> -109.60763 | R11: =+[5]김포!$H$92/1000 -> 24.530153 | S11: =+P11-R11 -> -68.885938 | T11: =+[12]김포!$H$86/1000 -> 983.84341 | U11: =+[12]김포!$I$86/1000 -> -25.577626 | V11: =+U11-T11 -> -1009.421 | W11: =+[13]김포!$H$86/1000 -> 1034.6775 | X11: =+U11-W11 -> -1060.2551 | Y11: =+[12]김포!$H$92/1000 -> 193.31269 | Z11: =+[12]김포!$I$92/1000 -> -723.90308 | AA11: =+Z11-Y11 -> -917.21577 | AB11: =+[13]김포!$H$92/1000 -> 424.80253 | AC11: =+Z11-AB11 -> -1148.7056
B12: 부산 | I12: 부산 | J12: =+[4]부산!$H$86/1000 -> 216.01864 | K12: =+[4]부산!$I$86/1000 -> 221.31097 | L12: =+K12-J12 -> 5.2923312 | M12: =+[5]부산!$H$86/1000 -> 175.17909 | N12: =+K12-M12 -> 46.131882 | O12: =+[4]부산!$H$92/1000 -> 121.57358 | P12: =+[4]부산!$I$92/1000 -> 95.197447 | Q12: =+P12-O12 -> -26.376137 | R12: =+[5]부산!$H$92/1000 -> 78.619485 | S12: =+P12-R12 -> 16.577962 | T12: =+[12]부산!$H$86/1000 -> 2012.6822 | U12: =+[12]부산!$I$86/1000 -> 2110.6866 | V12: =+U12-T12 -> 98.004476 | W12: =+[13]부산!$H$86/1000 -> 2226.0846 | X12: =+U12-W12 -> -115.39797 | Y12: =+[12]부산!$H$92/1000 -> 704.29076 | Z12: =+[12]부산!$I$92/1000 -> 505.12796 | AA12: =+Z12-Y12 -> -199.1628 | AB12: =+[13]부산!$H$92/1000 -> 1068.7468 | AC12: =+Z12-AB12 -> -563.61887
B13: 서부산 | I13: 서부산 | J13: =+[4]서부산!$H$86/1000 -> 264.26867 | K13: =+[4]서부산!$I$86/1000 -> 229.39877 | L13: =+K13-J13 -> -34.869894 | M13: =+[5]서부산!$H$86/1000 -> 124.8758 | N13: =+K13-M13 -> 104.52298 | O13: =+[4]서부산!$H$92/1000 -> 168.89696 | P13: =+[4]서부산!$I$92/1000 -> 111.14895 | Q13: =+P13-O13 -> -57.748014 | R13: =+[5]서부산!$H$92/1000 -> 38.294669 | S13: =+P13-R13 -> 72.854279 | T13: =+[12]서부산!$H$86/1000 -> 2076.6131 | U13: =+[12]서부산!$I$86/1000 -> 1420.0661 | V13: =+U13-T13 -> -656.54702 | W13: =+[13]서부산!$H$86/1000 -> 2415.4799 | X13: =+U13-W13 -> -995.41379 | Y13: =+[12]서부산!$H$92/1000 -> 883.5741 | Z13: =+[12]서부산!$I$92/1000 -> 148.07634 | AA13: =+Z13-Y13 -> -735.49776 | AB13: =+[13]서부산!$H$92/1000 -> 1275.3172 | AC13: =+Z13-AB13 -> -1127.2409
B14: 김해 | I14: 김해 | J14: =+[4]김해!$H$86/1000 -> 152.44152 | K14: =+[4]김해!$I$86/1000 -> -38.756984 | L14: =+K14-J14 -> -191.1985 | M14: =+[5]김해!$H$86/1000 -> 84.464322 | N14: =+K14-M14 -> -123.22131 | O14: =+[4]김해!$H$92/1000 -> 88.100233 | P14: =+[4]김해!$I$92/1000 -> -74.986139 | Q14: =+P14-O14 -> -163.08637 | R14: =+[5]김해!$H$92/1000 -> 30.15737 | S14: =+P14-R14 -> -105.14351 | T14: =+[12]김해!$H$86/1000 -> 1308.7789 | U14: =+[12]김해!$I$86/1000 -> -385.88006 | V14: =+U14-T14 -> -1694.6589 | W14: =+[13]김해!$H$86/1000 -> 804.51998 | X14: =+U14-W14 -> -1190.4 | Y14: =+[12]김해!$H$92/1000 -> 480.25237 | Z14: =+[12]김해!$I$92/1000 -> -959.05882 | AA14: =+Z14-Y14 -> -1439.3112 | AB14: =+[13]김해!$H$92/1000 -> 110.17571 | AC14: =+Z14-AB14 -> -1069.2345
B15: 정관 | I15: 정관 | J15: =+[4]정관!$H$86/1000 -> 217.22613 | K15: =+[4]정관!$I$86/1000 -> 103.48471 | L15: =+K15-J15 -> -113.74142 | M15: =+[5]정관!$H$86/1000 -> 141.17147 | N15: =+K15-M15 -> -37.686762 | O15: =+[4]정관!$H$92/1000 -> 127.77965 | P15: =+[4]정관!$I$92/1000 -> 5.0160422 | Q15: =+P15-O15 -> -122.76361 | R15: =+[5]정관!$H$92/1000 -> 57.158828 | S15: =+P15-R15 -> -52.142786 | T15: =+[12]정관!$H$86/1000 -> 1778.5087 | U15: =+[12]정관!$I$86/1000 -> 1811.1652 | V15: =+U15-T15 -> 32.656528 | W15: =+[13]정관!$H$86/1000 -> 1884.1901 | X15: =+U15-W15 -> -73.02484 | Y15: =+[12]정관!$H$92/1000 -> 584.70782 | Z15: =+[12]정관!$I$92/1000 -> 205.8367 | AA15: =+Z15-Y15 -> -378.87112 | AB15: =+[13]정관!$H$92/1000 -> 801.66866 | AC15: =+Z15-AB15 -> -595.83196
B16: 양산 | I16: 양산 | J16: =+[4]양산!$H$86/1000 -> 119.63528 | K16: =+[4]양산!$I$86/1000 -> -7.408493 | L16: =+K16-J16 -> -127.04377 | M16: =+[5]양산!$H$86/1000 -> 98.711031 | N16: =+K16-M16 -> -106.11952 | O16: =+[4]양산!$H$92/1000 -> 68.581341 | P16: =+[4]양산!$I$92/1000 -> -50.825524 | Q16: =+P16-O16 -> -119.40686 | R16: =+[5]양산!$H$92/1000 -> 51.143188 | S16: =+P16-R16 -> -101.96871 | T16: =+[12]양산!$H$86/1000 -> 1035.1134 | U16: =+[12]양산!$I$86/1000 -> -116.98529 | V16: =+U16-T16 -> -1152.0987 | W16: =+[13]양산!$H$86/1000 -> 1184.866 | X16: =+U16-W16 -> -1301.8512 | Y16: =+[12]양산!$H$92/1000 -> 366.13287 | Z16: =+[12]양산!$I$92/1000 -> -608.65097 | AA16: =+Z16-Y16 -> -974.78384 | AB16: =+[13]양산!$H$92/1000 -> 546.6356 | AC16: =+Z16-AB16 -> -1155.2866
B17: 창원 | I17: 창원 | J17: =+[4]창원!$H$86/1000 -> 275.53524 | K17: =+[4]창원!$I$86/1000 -> 95.80599 | L17: =+K17-J17 -> -179.72925 | M17: =+[5]창원!$H$86/1000 -> 134.08562 | N17: =+K17-M17 -> -38.279632 | O17: =+[4]창원!$H$92/1000 -> 196.19393 | P17: =+[4]창원!$I$92/1000 -> 34.36706 | Q17: =+P17-O17 -> -161.82687 | R17: =+[5]창원!$H$92/1000 -> 73.371842 | S17: =+P17-R17 -> -39.004783 | T17: =+[12]창원!$H$86/1000 -> 1379.1645 | U17: =+[12]창원!$I$86/1000 -> 332.37587 | V17: =+U17-T17 -> -1046.7887 | W17: =+[13]창원!$H$86/1000 -> 2572.8557 | X17: =+U17-W17 -> -2240.4798 | Y17: =+[12]창원!$H$92/1000 -> 606.68888 | Z17: =+[12]창원!$I$92/1000 -> -342.9065 | AA17: =+Z17-Y17 -> -949.59538 | AB17: =+[13]창원!$H$92/1000 -> 1635.421 | AC17: =+Z17-AB17 -> -1978.3275
B18: 대구 | I18: 대구 | J18: =+[4]대구!$H$86/1000 -> 122.69105 | K18: =+[4]대구!$I$86/1000 -> -68.392861 | L18: =+K18-J18 -> -191.08391 | M18: =+[5]대구!$H$86/1000 -> 166.75688 | N18: =+K18-M18 -> -235.14975 | O18: =+[4]대구!$H$92/1000 -> 73.957617 | P18: =+[4]대구!$I$92/1000 -> -97.321036 | Q18: =+P18-O18 -> -171.27865 | R18: =+[5]대구!$H$92/1000 -> 98.478441 | S18: =+P18-R18 -> -195.79948 | T18: =+[12]대구!$H$86/1000 -> 1200.6712 | U18: =+[12]대구!$I$86/1000 -> -44.250532 | V18: =+U18-T18 -> -1244.9217 | W18: =+[13]대구!$H$86/1000 -> 2383.4607 | X18: =+U18-W18 -> -2427.7113 | Y18: =+[12]대구!$H$92/1000 -> 478.51076 | Z18: =+[12]대구!$I$92/1000 -> -685.6439 | AA18: =+Z18-Y18 -> -1164.1547 | AB18: =+[13]대구!$H$92/1000 -> 1530.1144 | AC18: =+Z18-AB18 -> -2215.7583
B19: 울산 | I19: 울산 | J19: =+[4]울산!$H$86/1000 -> 117.51597 | K19: =+[4]울산!$I$86/1000 -> 92.955994 | L19: =+K19-J19 -> -24.559978 | M19: =+[5]울산!$H$86/1000 -> 169.85775 | N19: =+K19-M19 -> -76.901755 | O19: =+[4]울산!$H$92/1000 -> 61.219128 | P19: =+[4]울산!$I$92/1000 -> 21.078289 | Q19: =+P19-O19 -> -40.140839 | R19: =+[5]울산!$H$92/1000 -> 105.16452 | S19: =+P19-R19 -> -84.086235 | T19: =+[12]울산!$H$86/1000 -> 1064.7617 | U19: =+[12]울산!$I$86/1000 -> 1009.1216 | V19: =+U19-T19 -> -55.640065 | W19: =+[13]울산!$H$86/1000 -> 1408.0476 | X19: =+U19-W19 -> -398.92595 | Y19: =+[12]울산!$H$92/1000 -> 313.82481 | Z19: =+[12]울산!$I$92/1000 -> 159.57888 | AA19: =+Z19-Y19 -> -154.24594 | AB19: =+[13]울산!$H$92/1000 -> 762.50831 | AC19: =+Z19-AB19 -> -602.92943
B20: 아산 | I20: 아산 | J20: =+[4]아산!$H$86/1000 -> 389.43541 | K20: =+[4]아산!$I$86/1000 -> 175.51435 | L20: =+K20-J20 -> -213.92106 | M20: =+[5]아산!$H$86/1000 -> 245.55114 | N20: =+K20-M20 -> -70.036791 | O20: =+[4]아산!$H$92/1000 -> 284.22355 | P20: =+[4]아산!$I$92/1000 -> 59.428512 | Q20: =+P20-O20 -> -224.79504 | R20: =+[5]아산!$H$92/1000 -> 124.43852 | S20: =+P20-R20 -> -65.01001 | T20: =+[12]아산!$H$86/1000 -> 3254.013 | U20: =+[12]아산!$I$86/1000 -> 1019.9201 | V20: =+U20-T20 -> -2234.0929 | W20: =+[13]아산!$H$86/1000 -> 4128.2181 | X20: =+U20-W20 -> -3108.298 | Y20: =+[12]아산!$H$92/1000 -> 1944.5982 | Z20: =+[12]아산!$I$92/1000 -> -438.16024 | AA20: =+Z20-Y20 -> -2382.7585 | AB20: =+[13]아산!$H$92/1000 -> 2724.742 | AC20: =+Z20-AB20 -> -3162.9023
B21: 전주 | I21: 전주 | J21: =+[4]전주!$H$86/1000 -> 177.68968 | K21: =+[4]전주!$I$86/1000 -> 186.91676 | L21: =+K21-J21 -> 9.2270822 | M21: =+[5]전주!$H$86/1000 -> 64.246477 | N21: =+K21-M21 -> 122.67029 | O21: =+[4]전주!$H$92/1000 -> 130.13993 | P21: =+[4]전주!$I$92/1000 -> 111.59418 | Q21: =+P21-O21 -> -18.545753 | R21: =+[5]전주!$H$92/1000 -> 25.257746 | S21: =+P21-R21 -> 86.336436 | T21: =+[12]전주!$H$86/1000 -> 1352.8966 | U21: =+[12]전주!$I$86/1000 -> 1412.7517 | V21: =+U21-T21 -> 59.855104 | W21: =+[13]전주!$H$86/1000 -> 629.36368 | X21: =+U21-W21 -> 783.38801 | Y21: =+[12]전주!$H$92/1000 -> 742.01667 | Z21: =+[12]전주!$I$92/1000 -> 519.70107 | AA21: =+Z21-Y21 -> -222.31559 | AB21: =+[13]전주!$H$92/1000 -> 207.31771 | AC21: =+Z21-AB21 -> 312.38336
B22: 군산 | I22: 군산 | J22: =+[4]군산!$H$86/1000 -> 207.99971 | K22: =+[4]군산!$I$86/1000 -> 88.643465 | L22: =+K22-J22 -> -119.35624 | M22: =+[5]군산!$H$86/1000 -> 153.19348 | N22: =+K22-M22 -> -64.550012 | O22: =+[4]군산!$H$92/1000 -> 175.26336 | P22: =+[4]군산!$I$92/1000 -> 65.80578 | Q22: =+P22-O22 -> -109.45757 | R22: =+[5]군산!$H$92/1000 -> 120.19144 | S22: =+P22-R22 -> -54.385657 | T22: =+[12]군산!$H$86/1000 -> 2047.8773 | U22: =+[12]군산!$I$86/1000 -> 1041.032 | V22: =+U22-T22 -> -1006.8452 | W22: =+[13]군산!$H$86/1000 -> 2843.8162 | X22: =+U22-W22 -> -1802.7842 | Y22: =+[12]군산!$H$92/1000 -> 1602.6618 | Z22: =+[12]군산!$I$92/1000 -> 669.82685 | AA22: =+Z22-Y22 -> -932.83497 | AB22: =+[13]군산!$H$92/1000 -> 2343.918 | AC22: =+Z22-AB22 -> -1674.0912
B23: 원주 | I23: 원주 | J23: =+[4]원주!$H$86/1000 -> 145.42812 | K23: =+[4]원주!$I$86/1000 -> 57.96605 | L23: =+K23-J23 -> -87.462072 | M23: =+[5]원주!$H$86/1000 -> 96.375569 | N23: =+K23-M23 -> -38.409519 | O23: =+[4]원주!$H$92/1000 -> 119.02694 | P23: =+[4]원주!$I$92/1000 -> 37.523736 | Q23: =+P23-O23 -> -81.503202 | R23: =+[5]원주!$H$92/1000 -> 73.879351 | S23: =+P23-R23 -> -36.355615 | T23: =+[12]원주!$H$86/1000 -> 948.38752 | U23: =+[12]원주!$I$86/1000 -> 226.23234 | V23: =+U23-T23 -> -722.15518 | W23: =+[13]원주!$H$86/1000 -> 1329.3867 | X23: =+U23-W23 -> -1103.1543 | Y23: =+[12]원주!$H$92/1000 -> 652.69742 | Z23: =+[12]원주!$I$92/1000 -> -4.8779387 | AA23: =+Z23-Y23 -> -657.57536 | AB23: =+[13]원주!$H$92/1000 -> 1008.4779 | AC23: =+Z23-AB23 -> -1013.3558
B24: 제주 | I24: 제주 | J24: =+[4]제주!$H$86/1000 -> 184.3004 | K24: =+[4]제주!$I$86/1000 -> 40.13815 | L24: =+K24-J24 -> -144.16225 | M24: =+[5]제주!$H$86/1000 -> -11.658004 | N24: =+K24-M24 -> 51.796154 | O24: =+[4]제주!$H$92/1000 -> 140.81073 | P24: =+[4]제주!$I$92/1000 -> 14.598285 | Q24: =+P24-O24 -> -126.21245 | R24: =+[5]제주!$H$92/1000 -> -26.79965 | S24: =+P24-R24 -> 41.397935 | T24: =+[12]제주!$H$86/1000 -> 1777.4591 | U24: =+[12]제주!$I$86/1000 -> 662.71735 | V24: =+U24-T24 -> -1114.7418 | W24: =+[13]제주!$H$86/1000 -> 318.37748 | X24: =+U24-W24 -> 344.33987 | Y24: =+[12]제주!$H$92/1000 -> 1193.003 | Z24: =+[12]제주!$I$92/1000 -> 192.07166 | AA24: =+Z24-Y24 -> -1000.9314 | AB24: =+[13]제주!$H$92/1000 -> 95.102791 | AC24: =+Z24-AB24 -> 96.968867
I25: 수도권 | J25: =SUM(J8:J11) -> 1219.4813 | K25: =SUM(K8:K11) -> 196.74248 | L25: =+K25-J25 -> -1022.7388 | M25: =SUM(M8:M11) -> 553.11277 | N25: =+K25-M25 -> -356.37029 | O25: =SUM(O8:O11) -> 756.51006 | P25: =SUM(P8:P11) -> -229.69669 | Q25: =+P25-O25 -> -986.20674 | R25: =SUM(R8:R11) -> 81.136551 | S25: =+P25-R25 -> -310.83324 | T25: =SUM(T8:T11) -> 8103.1169 | U25: =SUM(U8:U11) -> 2067.6991 | V25: =+U25-T25 -> -6035.4179 | W25: =SUM(W8:W11) -> 8340.3936 | X25: =+U25-W25 -> -6272.6945 | Y25: =SUM(Y8:Y11) -> 2183.158 | Z25: =SUM(Z8:Z11) -> -3612.3806 | AA25: =+Z25-Y25 -> -5795.5386 | AB25: =SUM(AB8:AB11) -> 3005.0657 | AC25: =+Z25-AB25 -> -6617.4463
I26: 영남권 | J26: =SUM(J12:J19) -> 1485.3325 | K26: =SUM(K12:K19) -> 628.3981 | L26: =+K26-J26 -> -856.9344 | M26: =SUM(M12:M19) -> 1095.102 | N26: =+K26-M26 -> -466.70387 | O26: =SUM(O12:O19) -> 906.30245 | P26: =SUM(P12:P19) -> 43.675087 | Q26: =+P26-O26 -> -862.62736 | R26: =SUM(R12:R19) -> 532.38835 | S26: =+P26-R26 -> -488.71326 | T26: =SUM(T12:T19) -> 11856.294 | U26: =SUM(U12:U19) -> 6136.2996 | V26: =+U26-T26 -> -5719.994 | W26: =SUM(W12:W19) -> 14879.504 | X26: =+U26-W26 -> -8743.2049 | Y26: =SUM(Y12:Y19) -> 4417.9824 | Z26: =SUM(Z12:Z19) -> -1577.6403 | AA26: =+Z26-Y26 -> -5995.6227 | AB26: =SUM(AB12:AB19) -> 7730.5877 | AC26: =+Z26-AB26 -> -9308.228
I27: 중부권 | J27: =SUM(J20:J24) -> 1104.8533 | K27: =SUM(K20:K24) -> 549.17878 | L27: =+K27-J27 -> -555.67454 | M27: =SUM(M20:M24) -> 547.70866 | N27: =+K27-M27 -> 1.470117 | O27: =SUM(O20:O24) -> 849.46451 | P27: =SUM(P20:P24) -> 288.9505 | Q27: =+P27-O27 -> -560.51402 | R27: =SUM(R20:R24) -> 316.96741 | S27: =+P27-R27 -> -28.016912 | T27: =SUM(T20:T24) -> 9380.6335 | U27: =SUM(U20:U24) -> 4362.6535 | V27: =+U27-T27 -> -5017.98 | W27: =SUM(W20:W24) -> 9249.1621 | X27: =+U27-W27 -> -4886.5086 | Y27: =SUM(Y20:Y24) -> 6134.9772 | Z27: =SUM(Z20:Z24) -> 938.5614 | AA27: =+Z27-Y27 -> -5196.4158 | AB27: =SUM(AB20:AB24) -> 6379.5584 | AC27: =+Z27-AB27 -> -5440.997
H28: 레미콘 계 | J28: =SUM(J25:J27) -> 3809.6671 | K28: =SUM(K25:K27) -> 1374.3194 | L28: =+K28-J28 -> -2435.3478 | M28: =SUM(M25:M27) -> 2195.9234 | N28: =+K28-M28 -> -821.60404 | O28: =SUM(O25:O27) -> 2512.277 | P28: =SUM(P25:P27) -> 102.92889 | Q28: =+P28-O28 -> -2409.3481 | R28: =SUM(R25:R27) -> 930.49231 | S28: =+P28-R28 -> -827.56341 | T28: =SUM(T25:T27) -> 29340.044 | U28: =SUM(U25:U27) -> 12566.652 | V28: =+U28-T28 -> -16773.392 | W28: =SUM(W25:W27) -> 32469.06 | X28: =+U28-W28 -> -19902.408 | Y28: =SUM(Y25:Y27) -> 12736.117 | Z28: =SUM(Z25:Z27) -> -4251.4595 | AA28: =+Z28-Y28 -> -16987.577 | AB28: =SUM(AB25:AB27) -> 17115.212 | AC28: =+Z28-AB28 -> -21366.671

Sheet 사업장별(당월)
H3: □ 사업장별 손익실적(2025-11)
AG4: [단위 : 천㎥, 톤, 백만원]
H5: 구분 | J5: 물량 | O5: 매출 | T5: 영업이익(공통비 배부전) | Y5: 판매단가 | AB5: 변동비 | AE5: 공헌이익
A6: 2024년 11월 마감 손익 | J6: 계획 | K6: 실적 | L6: 차이 | M6: 전년 | N6: 차이 | O6: 계획 | P6: 실적 | Q6: 차이 | R6: 전년 | S6: 차이 | T6: 계획 | U6: 실적 | V6: 차이 | W6: 전년 | X6: 차이 | Y6: 계획 | Z6: 실적 | AA6: 전년 | AB6: 계획 | AC6: 실적 | AD6: 전년 | AE6: 계획 | AF6: 실적 | AG6: 전년
B7: 안양 | G7: =+I7 -> 안양 | H7: 레미콘 | I7: 안양 | J7: =+IFERROR(HLOOKUP($B7,'[1]11월'!$D$6:$BN$259,2,),)/1000 -> 41 | K7: =+IFERROR(HLOOKUP($B7,'[2]11월'!$F$6:$CP$99,2,),)/1000 -> 30.651 | L7: =+K7-J7 -> -10.349 | M7: =+IFERROR(HLOOKUP($B7,'[3]11월'!$F$6:$CC$57,2,),)/1000 -> 38.566 | N7: =+K7-M7 -> -7.915 | O7: =+IFERROR(HLOOKUP($B7,'[1]11월'!$D$6:$BN$259,3,),)/1000 -> 4252.2908 | P7: =+IFERROR(HLOOKUP($B7,'[2]11월'!$F$6:$CP$99,3,),)/1000 -> 2986.4414 | Q7: =+P7-O7 -> -1265.8494 | R7: =+IFERROR(HLOOKUP($B7,'[3]11월'!$F$6:$CC$57,3,),)/1000 -> 3786.5243 | S7: =+P7-R7 -> -800.08287 | T7: =+IFERROR(HLOOKUP($B7,'[1]11월'!$D$6:$BN$259,16,),)/1000 -> 574.41974 | U7: =+IFERROR(HLOOKUP($B7,'[2]11월'!$F$6:$CP$99,16,),)/1000 -> 194.12147 | V7: =+U7-T7 -> -380.29827 | W7: =+IFERROR(HLOOKUP($B7,'[3]11월'!$F$6:$CC$57,16,),)/1000 -> 302.27516 | X7: =+U7-W7 -> -108.15369 | Y7: =+[4]안양!$Q$85 -> 103714.41 | Z7: =+[4]안양!$R$85 -> 97433.734 | AA7: =+[5]안양!$Q$85 -> 98187.636 | AB7: =+[4]안양!$Q$89 -> 82850.095 | AC7: =+[4]안양!$R$89 -> 80972.182 | AD7: =+[5]안양!$Q$89 -> 83030.588 | AE7: =+Y7-AB7 -> 20864.314 | AF7: =+Z7-AC7 -> 16461.552 | AG7: =+AA7-AD7 -> 15157.048
B8: 인천 | G8: =+I8 -> 인천 | H8: 직영 | I8: 인천 | J8: =+IFERROR(HLOOKUP($B8,'[1]11월'!$D$6:$BN$259,2,),)/1000 -> 32 | K8: =+IFERROR(HLOOKUP($B8,'[2]11월'!$F$6:$CP$99,2,),)/1000 -> 31.7615 | L8: =+K8-J8 -> -0.2385 | M8: =+IFERROR(HLOOKUP($B8,'[3]11월'!$F$6:$CC$57,2,),)/1000 -> 29.507 | N8: =+K8-M8 -> 2.2545 | O8: =+IFERROR(HLOOKUP($B8,'[1]11월'!$D$6:$BN$259,3,),)/1000 -> 3315.9426 | P8: =+IFERROR(HLOOKUP($B8,'[2]11월'!$F$6:$CP$99,3,),)/1000 -> 3147.9453 | Q8: =+P8-O8 -> -167.99733 | R8: =+IFERROR(HLOOKUP($B8,'[3]11월'!$F$6:$CC$57,3,),)/1000 -> 2907.4014 | S8: =+P8-R8 -> 240.54382 | T8: =+IFERROR(HLOOKUP($B8,'[1]11월'!$D$6:$BN$259,16,),)/1000 -> 376.01935 | U8: =+IFERROR(HLOOKUP($B8,'[2]11월'!$F$6:$CP$99,16,),)/1000 -> 27.814643 | V8: =+U8-T8 -> -348.2047 | W8: =+IFERROR(HLOOKUP($B8,'[3]11월'!$F$6:$CC$57,16,),)/1000 -> 72.336657 | X8: =+U8-W8 -> -44.522014 | Y8: =+[4]인천!$Q$85 -> 103623.21 | Z8: =+[4]인천!$R$85 -> 99336.673 | AA8: =+[5]인천!$Q$85 -> 98532.601 | AB8: =+[4]인천!$Q$89 -> 83045.695 | AC8: =+[4]인천!$R$89 -> 87990.314 | AD8: =+[5]인천!$Q$89 -> 85841.298 | AE8: =+Y8-AB8 -> 20577.511 | AF8: =+Z8-AC8 -> 11346.359 | AG8: =+AA8-AD8 -> 12691.303
B9: 파주 | G9: =+I9 -> 파주 | I9: 파주 | J9: =+IFERROR(HLOOKUP($B9,'[1]11월'!$D$6:$BN$259,2,),)/1000 -> 23 | K9: =+IFERROR(HLOOKUP($B9,'[2]11월'!$F$6:$CP$99,2,),)/1000 -> 16.408 | L9: =+K9-J9 -> -6.592 | M9: =+IFERROR(HLOOKUP($B9,'[3]11월'!$F$6:$CC$57,2,),)/1000 -> 22.349 | N9: =+K9-M9 -> -5.941 | O9: =+IFERROR(HLOOKUP($B9,'[1]11월'!$D$6:$BN$259,3,),)/1000 -> 2210.8171 | P9: =+IFERROR(HLOOKUP($B9,'[2]11월'!$F$6:$CP$99,3,),)/1000 -> 1460.63 | Q9: =+P9-O9 -> -750.18708 | R9: =+IFERROR(HLOOKUP($B9,'[3]11월'!$F$6:$CC$57,3,),)/1000 -> 2134.5209 | S9: =+P9-R9 -> -673.89093 | T9: =+IFERROR(HLOOKUP($B9,'[1]11월'!$D$6:$BN$259,16,),)/1000 -> 141.18347 | U9: =+IFERROR(HLOOKUP($B9,'[2]11월'!$F$6:$CP$99,16,),)/1000 -> -44.1742 | V9: =+U9-T9 -> -185.35767 | W9: =+IFERROR(HLOOKUP($B9,'[3]11월'!$F$6:$CC$57,16,),)/1000 -> 79.622709 | X9: =+U9-W9 -> -123.79691 | Y9: =+[4]파주!$Q$85 -> 96122.482 | Z9: =+[4]파주!$R$85 -> 89118.992 | AA9: =+[5]파주!$Q$85 -> 95512.912 | AB9: =+[4]파주!$Q$89 -> 80492.007 | AC9: =+[4]파주!$R$89 -> 79049.85 | AD9: =+[5]파주!$Q$89 -> 81942.563 | AE9: =+Y9-AB9 -> 15630.475 | AF9: =+Z9-AC9 -> 10069.142 | AG9: =+AA9-AD9 -> 13570.349
B10: 김포 | G10: =+I10 -> 김포 | I10: 김포 | J10: =+IFERROR(HLOOKUP($B10,'[1]11월'!$D$6:$BN$259,2,),)/1000 -> 16 | K10: =+IFERROR(HLOOKUP($B10,'[2]11월'!$F$6:$CP$99,2,),)/1000 -> 13.889 | L10: =+K10-J10 -> -2.111 | M10: =+IFERROR(HLOOKUP($B10,'[3]11월'!$F$6:$CC$57,2,),)/1000 -> 17.224 | N10: =+K10-M10 -> -3.335 | O10: =+IFERROR(HLOOKUP($B10,'[1]11월'!$D$6:$BN$259,3,),)/1000 -> 1529.1971 | P10: =+IFERROR(HLOOKUP($B10,'[2]11월'!$F$6:$CP$99,3,),)/1000 -> 1324.8056 | Q10: =+P10-O10 -> -204.39144 | R10: =+IFERROR(HLOOKUP($B10,'[3]11월'!$F$6:$CC$57,3,),)/1000 -> 1650.7338 | S10: =+P10-R10 -> -325.92819 | T10: =+IFERROR(HLOOKUP($B10,'[1]11월'!$D$6:$BN$259,16,),)/1000 -> 127.85874 | U10: =+IFERROR(HLOOKUP($B10,'[2]11월'!$F$6:$CP$99,16,),)/1000 -> 18.980567 | V10: =+U10-T10 -> -108.87818 | W10: =+IFERROR(HLOOKUP($B10,'[3]11월'!$F$6:$CC$57,16,),)/1000 -> 98.878248 | X10: =+U10-W10 -> -79.897681 | Y10: =+[4]김포!$Q$85 -> 95574.816 | Z10: =+[4]김포!$R$85 -> 95300.794 | AA10: =+[5]김포!$Q$85 -> 95901.216 | AB10: =+[4]김포!$Q$89 -> 77214.635 | AC10: =+[4]김포!$R$89 -> 81097.926 | AD10: =+[5]김포!$Q$89 -> 80686.638 | AE10: =+Y10-AB10 -> 18360.181 | AF10: =+Z10-AC10 -> 14202.868 | AG10: =+AA10-AD10 -> 15214.577
B11: 부산 | G11: =+I11 -> 부산 | I11: 부산 | J11: =+IFERROR(HLOOKUP($B11,'[1]11월'!$D$6:$BN$259,2,),)/1000 -> 21 | K11: =+IFERROR(HLOOKUP($B11,'[2]11월'!$F$6:$CP$99,2,),)/1000 -> 22.523 | L11: =+K11-J11 -> 1.523 | M11: =+IFERROR(HLOOKUP($B11,'[3]11월'!$F$6:$CC$57,2,),)/1000 -> 19.12 | N11: =+K11-M11 -> 3.403 | O11: =+IFERROR(HLOOKUP($B11,'[1]11월'!$D$6:$BN$259,3,),)/1000 -> 2261.6992 | P11: =+IFERROR(HLOOKUP($B11,'[2]11월'!$F$6:$CP$99,3,),)/1000 -> 2478.8493 | Q11: =+P11-O11 -> 217.15001 | R11: =+IFERROR(HLOOKUP($B11,'[3]11월'!$F$6:$CC$57,3,),)/1000 -> 2100.75 | S11: =+P11-R11 -> 378.09924 | T11: =+IFERROR(HLOOKUP($B11,'[1]11월'!$D$6:$BN$259,16,),)/1000 -> 216.01864 | U11: =+IFERROR(HLOOKUP($B11,'[2]11월'!$F$6:$CP$99,16,),)/1000 -> 221.31097 | V11: =+U11-T11 -> 5.2923312 | W11: =+IFERROR(HLOOKUP($B11,'[3]11월'!$F$6:$CC$57,16,),)/1000 -> 175.17909 | X11: =+U11-W11 -> 46.131882 | Y11: =+[4]부산!$Q$85 -> 107699.96 | Z11: =+[4]부산!$R$85 -> 110058.57 | AA11: =+[5]부산!$Q$85 -> 109871.86 | AB11: =+[4]부산!$Q$89 -> 85567.362 | AC11: =+[4]부산!$R$89 -> 88858.859 | AD11: =+[5]부산!$Q$89 -> 86400.778 | AE11: =+Y11-AB11 -> 22132.602 | AF11: =+Z11-AC11 -> 21199.714 | AG11: =+AA11-AD11 -> 23471.085
B12: 서부산 | G12: =+I12 -> 서부산 | I12: 서부산 | J12: =+IFERROR(HLOOKUP($B12,'[1]11월'!$D$6:$BN$259,2,),)/1000 -> 23 | K12: =+IFERROR(HLOOKUP($B12,'[2]11월'!$F$6:$CP$99,2,),)/1000 -> 22.517 | L12: =+K12-J12 -> -0.483 | M12: =+IFERROR(HLOOKUP($B12,'[3]11월'!$F$6:$CC$57,2,),)/1000 -> 19.932 | N12: =+K12-M12 -> 2.585 | O12: =+IFERROR(HLOOKUP($B12,'[1]11월'!$D$6:$BN$259,3,),)/1000 -> 2283.8899 | P12: =+IFERROR(HLOOKUP($B12,'[2]11월'!$F$6:$CP$99,3,),)/1000 -> 2324.2827 | Q12: =+P12-O12 -> 40.392836 | R12: =+IFERROR(HLOOKUP($B12,'[3]11월'!$F$6:$CC$57,3,),)/1000 -> 1883.6583 | S12: =+P12-R12 -> 440.62441 | T12: =+IFERROR(HLOOKUP($B12,'[1]11월'!$D$6:$BN$259,16,),)/1000 -> 264.26867 | U12: =+IFERROR(HLOOKUP($B12,'[2]11월'!$F$6:$CP$99,16,),)/1000 -> 229.39877 | V12: =+U12-T12 -> -34.869894 | W12: =+IFERROR(HLOOKUP($B12,'[3]11월'!$F$6:$CC$57,16,),)/1000 -> 124.8758 | X12: =+U12-W12 -> 104.52298 | Y12: =+[4]서부산!$Q$85 -> 99299.559 | Z12: =+[4]서부산!$R$85 -> 103223.46 | AA12: =+[5]서부산!$Q$85 -> 94504.229 | AB12: =+[4]서부산!$Q$89 -> 78372.822 | AC12: =+[4]서부산!$R$89 -> 82592.91 | AD12: =+[5]서부산!$Q$89 -> 77003.708 | AE12: =+Y12-AB12 -> 20926.737 | AF12: =+Z12-AC12 -> 20630.552 | AG12: =+AA12-AD12 -> 17500.521
B13: 김해 | G13: =+I13 -> 김해 | I13: 김해 | J13: =+IFERROR(HLOOKUP($B13,'[1]11월'!$D$6:$BN$259,2,),)/1000 -> 16 | K13: =+IFERROR(HLOOKUP($B13,'[2]11월'!$F$6:$CP$99,2,),)/1000 -> 7.546 | L13: =+K13-J13 -> -8.454 | M13: =+IFERROR(HLOOKUP($B13,'[3]11월'!$F$6:$CC$57,2,),)/1000 -> 12.286 | N13: =+K13-M13 -> -4.74 | O13: =+IFERROR(HLOOKUP($B13,'[1]11월'!$D$6:$BN$259,3,),)/1000 -> 1540.7967 | P13: =+IFERROR(HLOOKUP($B13,'[2]11월'!$F$6:$CP$99,3,),)/1000 -> 712.1093 | Q13: =+P13-O13 -> -828.6874 | R13: =+IFERROR(HLOOKUP($B13,'[3]11월'!$F$6:$CC$57,3,),)/1000 -> 1181.5016 | S13: =+P13-R13 -> -469.3923 | T13: =+IFERROR(HLOOKUP($B13,'[1]11월'!$D$6:$BN$259,16,),)/1000 -> 152.44152 | U13: =+IFERROR(HLOOKUP($B13,'[2]11월'!$F$6:$CP$99,16,),)/1000 -> -38.756984 | V13: =+U13-T13 -> -191.1985 | W13: =+IFERROR(HLOOKUP($B13,'[3]11월'!$F$6:$CC$57,16,),)/1000 -> 84.464322 | X13: =+U13-W13 -> -123.22131 | Y13: =+[4]김해!$Q$85 -> 96299.794 | Z13: =+[4]김해!$R$85 -> 94411.974 | AA13: =+[5]김해!$Q$85 -> 96166.498 | AB13: =+[4]김해!$Q$89 -> 77604.526 | AC13: =+[4]김해!$R$89 -> 80826.376 | AD13: =+[5]김해!$Q$89 -> 77299.138 | AE13: =+Y13-AB13 -> 18695.268 | AF13: =+Z13-AC13 -> 13585.598 | AG13: =+AA13-AD13 -> 18867.36
B14: 정관 | G14: =+I14 -> 정관 | I14: 정관 | J14: =+IFERROR(HLOOKUP($B14,'[1]11월'!$D$6:$BN$259,2,),)/1000 -> 21 | K14: =+IFERROR(HLOOKUP($B14,'[2]11월'!$F$6:$CP$99,2,),)/1000 -> 19.745 | L14: =+K14-J14 -> -1.255 | M14: =+IFERROR(HLOOKUP($B14,'[3]11월'!$F$6:$CC$57,2,),)/1000 -> 18.063 | N14: =+K14-M14 -> 1.682 | O14: =+IFERROR(HLOOKUP($B14,'[1]11월'!$D$6:$BN$259,3,),)/1000 -> 2141.9971 | P14: =+IFERROR(HLOOKUP($B14,'[2]11월'!$F$6:$CP$99,3,),)/1000 -> 1935.4703 | Q14: =+P14-O14 -> -206.52677 | R14: =+IFERROR(HLOOKUP($B14,'[3]11월'!$F$6:$CC$57,3,),)/1000 -> 1827.7784 | S14: =+P14-R14 -> 107.69189 | T14: =+IFERROR(HLOOKUP($B14,'[1]11월'!$D$6:$BN$259,16,),)/1000 -> 217.22613 | U14: =+IFERROR(HLOOKUP($B14,'[2]11월'!$F$6:$CP$99,16,),)/1000 -> 103.48471 | V14: =+U14-T14 -> -113.74142 | W14: =+IFERROR(HLOOKUP($B14,'[3]11월'!$F$6:$CC$57,16,),)/1000 -> 141.17147 | X14: =+U14-W14 -> -37.686762 | Y14: =+[4]정관!$Q$85 -> 101999.86 | Z14: =+[4]정관!$R$85 -> 98023.312 | AA14: =+[5]정관!$Q$85 -> 101189.08 | AB14: =+[4]정관!$Q$89 -> 82449.919 | AC14: =+[4]정관!$R$89 -> 81988.449 | AD14: =+[5]정관!$Q$89 -> 82675.659 | AE14: =+Y14-AB14 -> 19549.942 | AF14: =+Z14-AC14 -> 16034.863 | AG14: =+AA14-AD14 -> 18513.424
B15: 양산 | G15: =+I15 -> 양산 | I15: 양산 | J15: =+IFERROR(HLOOKUP($B15,'[1]11월'!$D$6:$BN$259,2,),)/1000 -> 13 | K15: =+IFERROR(HLOOKUP($B15,'[2]11월'!$F$6:$CP$99,2,),)/1000 -> 9.445 | L15: =+K15-J15 -> -3.555 | M15: =+IFERROR(HLOOKUP($B15,'[3]11월'!$F$6:$CC$57,2,),)/1000 -> 10.32 | N15: =+K15-M15 -> -0.875 | O15: =+IFERROR(HLOOKUP($B15,'[1]11월'!$D$6:$BN$259,3,),)/1000 -> 1222.6012 | P15: =+IFERROR(HLOOKUP($B15,'[2]11월'!$F$6:$CP$99,3,),)/1000 -> 853.392 | Q15: =+P15-O15 -> -369.20925 | R15: =+IFERROR(HLOOKUP($B15,'[3]11월'!$F$6:$CC$57,3,),)/1000 -> 1034.8856 | S15: =+P15-R15 -> -181.4936 | T15: =+IFERROR(HLOOKUP($B15,'[1]11월'!$D$6:$BN$259,16,),)/1000 -> 119.63528 | U15: =+IFERROR(HLOOKUP($B15,'[2]11월'!$F$6:$CP$99,16,),)/1000 -> -7.408493 | V15: =+U15-T15 -> -127.04377 | W15: =+IFERROR(HLOOKUP($B15,'[3]11월'!$F$6:$CC$57,16,),)/1000 -> 98.711031 | X15: =+U15-W15 -> -106.11952 | Y15: =+[4]양산!$Q$85 -> 94046.25 | Z15: =+[4]양산!$R$85 -> 90353.838 | AA15: =+[5]양산!$Q$85 -> 100279.61 | AB15: =+[4]양산!$Q$89 -> 74328.036 | AC15: =+[4]양산!$R$89 -> 76357.628 | AD15: =+[5]양산!$Q$89 -> 76706.995 | AE15: =+Y15-AB15 -> 19718.214 | AF15: =+Z15-AC15 -> 13996.21 | AG15: =+AA15-AD15 -> 23572.618
B16: 창원 | G16: =+I16 -> 창원 | I16: 창원 | J16: =+IFERROR(HLOOKUP($B16,'[1]11월'!$D$6:$BN$259,2,),)/1000 -> 19 | K16: =+IFERROR(HLOOKUP($B16,'[2]11월'!$F$6:$CP$99,2,),)/1000 -> 12.547 | L16: =+K16-J16 -> -6.453 | M16: =+IFERROR(HLOOKUP($B16,'[3]11월'!$F$6:$CC$57,2,),)/1000 -> 13.393 | N16: =+K16-M16 -> -0.846 | O16: =+IFERROR(HLOOKUP($B16,'[1]11월'!$D$6:$BN$259,3,),)/1000 -> 1900.0061 | P16: =+IFERROR(HLOOKUP($B16,'[2]11월'!$F$6:$CP$99,3,),)/1000 -> 1207.625 | Q16: =+P16-O16 -> -692.38107 | R16: =+IFERROR(HLOOKUP($B16,'[3]11월'!$F$6:$CC$57,3,),)/1000 -> 1320.8885 | S16: =+P16-R16 -> -113.2635 | T16: =+IFERROR(HLOOKUP($B16,'[1]11월'!$D$6:$BN$259,16,),)/1000 -> 275.53524 | U16: =+IFERROR(HLOOKUP($B16,'[2]11월'!$F$6:$CP$99,16,),)/1000 -> 95.80599 | V16: =+U16-T16 -> -179.72925 | W16: =+IFERROR(HLOOKUP($B16,'[3]11월'!$F$6:$CC$57,16,),)/1000 -> 134.08562 | X16: =+U16-W16 -> -38.279632 | Y16: =+[4]창원!$Q$85 -> 100000.32 | Z16: =+[4]창원!$R$85 -> 96248.107 | AA16: =+[5]창원!$Q$85 -> 98625.289 | AB16: =+[4]창원!$Q$89 -> 76084.263 | AC16: =+[4]창원!$R$89 -> 74573.52 | AD16: =+[5]창원!$Q$89 -> 75355.289 | AE16: =+Y16-AB16 -> 23916.056 | AF16: =+Z16-AC16 -> 21674.587 | AG16: =+AA16-AD16 -> 23270
B17: 대구 | G17: =+I17 -> 대구 | I17: 대구 | J17: =+IFERROR(HLOOKUP($B17,'[1]11월'!$D$6:$BN$259,2,),)/1000 -> 12 | K17: =+IFERROR(HLOOKUP($B17,'[2]11월'!$F$6:$CP$99,2,),)/1000 -> 6.8825 | L17: =+K17-J17 -> -5.1175 | M17: =+IFERROR(HLOOKUP($B17,'[3]11월'!$F$6:$CC$57,2,),)/1000 -> 15.449 | N17: =+K17-M17 -> -8.5665 | O17: =+IFERROR(HLOOKUP($B17,'[1]11월'!$D$6:$BN$259,3,),)/1000 -> 1167.0317 | P17: =+IFERROR(HLOOKUP($B17,'[2]11월'!$F$6:$CP$99,3,),)/1000 -> 568.60345 | Q17: =+P17-O17 -> -598.42823 | R17: =+IFERROR(HLOOKUP($B17,'[3]11월'!$F$6:$CC$57,3,),)/1000 -> 1485.4652 | S17: =+P17-R17 -> -916.8618 | T17: =+IFERROR(HLOOKUP($B17,'[1]11월'!$D$6:$BN$259,16,),)/1000 -> 122.69105 | U17: =+IFERROR(HLOOKUP($B17,'[2]11월'!$F$6:$CP$99,16,),)/1000 -> -68.392861 | V17: =+U17-T17 -> -191.08391 | W17: =+IFERROR(HLOOKUP($B17,'[3]11월'!$F$6:$CC$57,16,),)/1000 -> 166.75688 | X17: =+U17-W17 -> -235.14975 | Y17: =+[4]대구!$Q$85 -> 97252.64 | Z17: =+[4]대구!$R$85 -> 82615.83 | AA17: =+[5]대구!$Q$85 -> 96152.842 | AB17: =+[4]대구!$Q$89 -> 73374.505 | AC17: =+[4]대구!$R$89 -> 72469.451 | AD17: =+[5]대구!$Q$89 -> 74152.653 | AE17: =+Y17-AB17 -> 23878.135 | AF17: =+Z17-AC17 -> 10146.379 | AG17: =+AA17-AD17 -> 22000.188
B18: 울산 | G18: =+I18 -> 울산 | I18: 울산 | J18: =+IFERROR(HLOOKUP($B18,'[1]11월'!$D$6:$BN$259,2,),)/1000 -> 13 | K18: =+IFERROR(HLOOKUP($B18,'[2]11월'!$F$6:$CP$99,2,),)/1000 -> 13.501 | L18: =+K18-J18 -> 0.501 | M18: =+IFERROR(HLOOKUP($B18,'[3]11월'!$F$6:$CC$57,2,),)/1000 -> 12.988 | N18: =+K18-M18 -> 0.513 | O18: =+IFERROR(HLOOKUP($B18,'[1]11월'!$D$6:$BN$259,3,),)/1000 -> 1348.1545 | P18: =+IFERROR(HLOOKUP($B18,'[2]11월'!$F$6:$CP$99,3,),)/1000 -> 1412.8064 | Q18: =+P18-O18 -> 64.6519 | R18: =+IFERROR(HLOOKUP($B18,'[3]11월'!$F$6:$CC$57,3,),)/1000 -> 1407.4653 | S18: =+P18-R18 -> 5.3411 | T18: =+IFERROR(HLOOKUP($B18,'[1]11월'!$D$6:$BN$259,16,),)/1000 -> 117.51597 | U18: =+IFERROR(HLOOKUP($B18,'[2]11월'!$F$6:$CP$99,16,),)/1000 -> 92.955994 | V18: =+U18-T18 -> -24.559978 | W18: =+IFERROR(HLOOKUP($B18,'[3]11월'!$F$6:$CC$57,16,),)/1000 -> 169.85775 | X18: =+U18-W18 -> -76.901755 | Y18: =+[4]울산!$Q$85 -> 103704.19 | Z18: =+[4]울산!$R$85 -> 104644.57 | AA18: =+[5]울산!$Q$85 -> 108366.59 | AB18: =+[4]울산!$Q$89 -> 83891.327 | AC18: =+[4]울산!$R$89 -> 86810.408 | AD18: =+[5]울산!$Q$89 -> 83931.342 | AE18: =+Y18-AB18 -> 19812.865 | AF18: =+Z18-AC18 -> 17834.166 | AG18: =+AA18-AD18 -> 24435.25
B19: 아산 | G19: =+I19 -> 아산 | I19: 아산 | J19: =+IFERROR(HLOOKUP($B19,'[1]11월'!$D$6:$BN$259,2,),)/1000 -> 26 | K19: =+IFERROR(HLOOKUP($B19,'[2]11월'!$F$6:$CP$99,2,),)/1000 -> 23.862 | L19: =+K19-J19 -> -2.138 | M19: =+IFERROR(HLOOKUP($B19,'[3]11월'!$F$6:$CC$57,2,),)/1000 -> 27.751 | N19: =+K19-M19 -> -3.889 | O19: =+IFERROR(HLOOKUP($B19,'[1]11월'!$D$6:$BN$259,3,),)/1000 -> 2678 | P19: =+IFERROR(HLOOKUP($B19,'[2]11월'!$F$6:$CP$99,3,),)/1000 -> 2428.1659 | Q19: =+P19-O19 -> -249.83413 | R19: =+IFERROR(HLOOKUP($B19,'[3]11월'!$F$6:$CC$57,3,),)/1000 -> 2807.1351 | S19: =+P19-R19 -> -378.96927 | T19: =+IFERROR(HLOOKUP($B19,'[1]11월'!$D$6:$BN$259,16,),)/1000 -> 389.43541 | U19: =+IFERROR(HLOOKUP($B19,'[2]11월'!$F$6:$CP$99,16,),)/1000 -> 175.51435 | V19: =+U19-T19 -> -213.92106 | W19: =+IFERROR(HLOOKUP($B19,'[3]11월'!$F$6:$CC$57,16,),)/1000 -> 245.55114 | X19: =+U19-W19 -> -70.036791 | Y19: =+[4]아산!$Q$85 -> 103000 | Z19: =+[4]아산!$R$85 -> 101758.69 | AA19: =+[5]아산!$Q$85 -> 100993.94 | AB19: =+[4]아산!$Q$89 -> 78637.252 | AC19: =+[4]아산!$R$89 -> 84413.805 | AD19: =+[5]아산!$Q$89 -> 82819.722 | AE19: =+Y19-AB19 -> 24362.748 | AF19: =+Z19-AC19 -> 17344.885 | AG19: =+AA19-AD19 -> 18174.222
B20: 전주 | G20: =+I20 -> 전주 | I20: 전주 | J20: =+IFERROR(HLOOKUP($B20,'[1]11월'!$D$6:$BN$259,2,),)/1000 -> 12 | K20: =+IFERROR(HLOOKUP($B20,'[2]11월'!$F$6:$CP$99,2,),)/1000 -> 15.8015 | L20: =+K20-J20 -> 3.8015 | M20: =+IFERROR(HLOOKUP($B20,'[3]11월'!$F$6:$CC$57,2,),)/1000 -> 9.1185 | N20: =+K20-M20 -> 6.683 | O20: =+IFERROR(HLOOKUP($B20,'[1]11월'!$D$6:$BN$259,3,),)/1000 -> 1210.3029 | P20: =+IFERROR(HLOOKUP($B20,'[2]11월'!$F$6:$CP$99,3,),)/1000 -> 1575.5214 | Q20: =+P20-O20 -> 365.21851 | R20: =+IFERROR(HLOOKUP($B20,'[3]11월'!$F$6:$CC$57,3,),)/1000 -> 903.67658 | S20: =+P20-R20 -> 671.84481 | T20: =+IFERROR(HLOOKUP($B20,'[1]11월'!$D$6:$BN$259,16,),)/1000 -> 177.68968 | U20: =+IFERROR(HLOOKUP($B20,'[2]11월'!$F$6:$CP$99,16,),)/1000 -> 186.91676 | V20: =+U20-T20 -> 9.2270822 | W20: =+IFERROR(HLOOKUP($B20,'[3]11월'!$F$6:$CC$57,16,),)/1000 -> 64.246477 | X20: =+U20-W20 -> 122.67029 | Y20: =+[4]전주!$Q$85 -> 100858.57 | Z20: =+[4]전주!$R$85 -> 99707.078 | AA20: =+[5]전주!$Q$85 -> 99117.984 | AB20: =+[4]전주!$Q$89 -> 73900.108 | AC20: =+[4]전주!$R$89 -> 77143.633 | AD20: =+[5]전주!$Q$89 -> 76865.183 | AE20: =+Y20-AB20 -> 26958.466 | AF20: =+Z20-AC20 -> 22563.444 | AG20: =+AA20-AD20 -> 22252.801
B21: 군산 | G21: =+I21 -> 군산 | I21: 군산 | J21: =+IFERROR(HLOOKUP($B21,'[1]11월'!$D$6:$BN$259,2,),)/1000 -> 7.5 | K21: =+IFERROR(HLOOKUP($B21,'[2]11월'!$F$6:$CP$99,2,),)/1000 -> 4.213 | L21: =+K21-J21 -> -3.287 | M21: =+IFERROR(HLOOKUP($B21,'[3]11월'!$F$6:$CC$57,2,),)/1000 -> 7.147 | N21: =+K21-M21 -> -2.934 | O21: =+IFERROR(HLOOKUP($B21,'[1]11월'!$D$6:$BN$259,3,),)/1000 -> 833.2516 | P21: =+IFERROR(HLOOKUP($B21,'[2]11월'!$F$6:$CP$99,3,),)/1000 -> 477.69554 | Q21: =+P21-O21 -> -355.55606 | R21: =+IFERROR(HLOOKUP($B21,'[3]11월'!$F$6:$CC$57,3,),)/1000 -> 764.9177 | S21: =+P21-R21 -> -287.22216 | T21: =+IFERROR(HLOOKUP($B21,'[1]11월'!$D$6:$BN$259,16,),)/1000 -> 207.99971 | U21: =+IFERROR(HLOOKUP($B21,'[2]11월'!$F$6:$CP$99,16,),)/1000 -> 88.643465 | V21: =+U21-T21 -> -119.35624 | W21: =+IFERROR(HLOOKUP($B21,'[3]11월'!$F$6:$CC$57,16,),)/1000 -> 153.19348 | X21: =+U21-W21 -> -64.550012 | Y21: =+[4]군산!$Q$85 -> 111100.21 | Z21: =+[4]군산!$R$85 -> 113386.08 | AA21: =+[5]군산!$Q$85 -> 107026.4 | AB21: =+[4]군산!$Q$89 -> 72961.062 | AC21: =+[4]군산!$R$89 -> 71279.945 | AD21: =+[5]군산!$Q$89 -> 73409.949 | AE21: =+Y21-AB21 -> 38139.151 | AF21: =+Z21-AC21 -> 42106.131 | AG21: =+AA21-AD21 -> 33616.454
B22: 원주 | G22: =+I22 -> 원주 | I22: 원주 | J22: =+IFERROR(HLOOKUP($B22,'[1]11월'!$D$6:$BN$259,2,),)/1000 -> 6 | K22: =+IFERROR(HLOOKUP($B22,'[2]11월'!$F$6:$CP$99,2,),)/1000 -> 3.611 | L22: =+K22-J22 -> -2.389 | M22: =+IFERROR(HLOOKUP($B22,'[3]11월'!$F$6:$CC$57,2,),)/1000 -> 4.554 | N22: =+K22-M22 -> -0.943 | O22: =+IFERROR(HLOOKUP($B22,'[1]11월'!$D$6:$BN$259,3,),)/1000 -> 672 | P22: =+IFERROR(HLOOKUP($B22,'[2]11월'!$F$6:$CP$99,3,),)/1000 -> 427.5916 | Q22: =+P22-O22 -> -244.4084 | R22: =+IFERROR(HLOOKUP($B22,'[3]11월'!$F$6:$CC$57,3,),)/1000 -> 521.4149 | S22: =+P22-R22 -> -93.8233 | T22: =+IFERROR(HLOOKUP($B22,'[1]11월'!$D$6:$BN$259,16,),)/1000 -> 145.42812 | U22: =+IFERROR(HLOOKUP($B22,'[2]11월'!$F$6:$CP$99,16,),)/1000 -> 57.96605 | V22: =+U22-T22 -> -87.462072 | W22: =+IFERROR(HLOOKUP($B22,'[3]11월'!$F$6:$CC$57,16,),)/1000 -> 96.375569 | X22: =+U22-W22 -> -38.409519 | Y22: =+[4]원주!$Q$85 -> 112000 | Z22: =+[4]원주!$R$85 -> 118413.63 | AA22: =+[5]원주!$Q$85 -> 114496.03 | AB22: =+[4]원주!$Q$89 -> 73238.886 | AC22: =+[4]원주!$R$89 -> 77803.148 | AD22: =+[5]원주!$Q$89 -> 74946.434 | AE22: =+Y22-AB22 -> 38761.114 | AF22: =+Z22-AC22 -> 40610.477 | AG22: =+AA22-AD22 -> 39549.592
B23: 제주 | F23: =+K27-J27 -> -51.4095 | G23: =+I23 -> 제주 | I23: 제주 | J23: =+IFERROR(HLOOKUP($B23,'[1]11월'!$D$6:$BN$259,2,),)/1000 -> 9 | K23: =+IFERROR(HLOOKUP($B23,'[2]11월'!$F$6:$CP$99,2,),)/1000 -> 4.187 | L23: =+K23-J23 -> -4.813 | M23: =+IFERROR(HLOOKUP($B23,'[3]11월'!$F$6:$CC$57,2,),)/1000 -> 2.901 | N23: =+K23-M23 -> 1.286 | O23: =+IFERROR(HLOOKUP($B23,'[1]11월'!$D$6:$BN$259,3,),)/1000 -> 1106.96 | P23: =+IFERROR(HLOOKUP($B23,'[2]11월'!$F$6:$CP$99,3,),)/1000 -> 534.21702 | Q23: =+P23-O23 -> -572.74298 | R23: =+IFERROR(HLOOKUP($B23,'[3]11월'!$F$6:$CC$57,3,),)/1000 -> 350.95144 | S23: =+P23-R23 -> 183.26558 | T23: =+IFERROR(HLOOKUP($B23,'[1]11월'!$D$6:$BN$259,16,),)/1000 -> 184.3004 | U23: =+IFERROR(HLOOKUP($B23,'[2]11월'!$F$6:$CP$99,16,),)/1000 -> 40.13815 | V23: =+U23-T23 -> -144.16225 | W23: =+IFERROR(HLOOKUP($B23,'[3]11월'!$F$6:$CC$57,16,),)/1000 -> -11.658004 | X23: =+U23-W23 -> 51.796154 | Y23: =+[4]제주!$Q$85 -> 122995.56 | Z23: =+[4]제주!$R$85 -> 127614.34 | AA23: =+[5]제주!$Q$85 -> 120976.02 | AB23: =+[4]제주!$Q$89 -> 91386.196 | AC23: =+[4]제주!$R$89 -> 96237.592 | AD23: =+[5]제주!$Q$89 -> 91677.915 | AE23: =+Y23-AB23 -> 31609.36 | AF23: =+Z23-AC23 -> 31376.749 | AG23: =+AA23-AD23 -> 29298.106
F24: =+K24/J24 -> 0.82776339 | G24: =+I24 -> 수도권 | I24: 수도권 | J24: =SUM(J7:J10) -> 112 | K24: =SUM(K7:K10) -> 92.7095 | L24: =+K24-J24 -> -19.2905 | M24: =SUM(M7:M10) -> 107.646 | N24: =+K24-M24 -> -14.9365 | O24: =SUM(O7:O10) -> 11308.247 | P24: =SUM(P7:P10) -> 8919.8223 | Q24: =+P24-O24 -> -2388.4252 | R24: =SUM(R7:R10) -> 10479.18 | S24: =+P24-R24 -> -1559.3582 | T24: =SUM(T7:T10) -> 1219.4813 | U24: =SUM(U7:U10) -> 196.74248 | V24: =+U24-T24 -> -1022.7388 | W24: =SUM(W7:W10) -> 553.11277 | X24: =+U24-W24 -> -356.37029 | Y24: =+[4]수도권!$Q$85 -> 100966.5 | Z24: =+[4]수도권!$R$85 -> 96297.03 | AA24: =+[5]수도권!$Q$85 -> 97363.141 | AB24: =+[4]수도권!$Q$89 -> 81616.665 | AC24: =+[4]수도권!$R$89 -> 83046.124 | AD24: =+[5]수도권!$Q$89 -> 83203.071 | AE24: =+Y24-AB24 -> 19349.831 | AF24: =+Z24-AC24 -> 13250.906 | AG24: =+AA24-AD24 -> 14160.07
F25: =+K25/J25 -> 0.83120652 | G25: =+I25 -> 영남권 | I25: 영남권 | J25: =SUM(J11:J18) -> 138 | K25: =SUM(K11:K18) -> 114.7065 | L25: =+K25-J25 -> -23.2935 | M25: =SUM(M11:M18) -> 121.551 | N25: =+K25-M25 -> -6.8445 | O25: =SUM(O11:O18) -> 13866.176 | P25: =SUM(P11:P18) -> 11493.138 | Q25: =+P25-O25 -> -2373.038 | R25: =SUM(R11:R18) -> 12242.393 | S25: =+P25-R25 -> -749.25455 | T25: =SUM(T11:T18) -> 1485.3325 | U25: =SUM(U11:U18) -> 628.3981 | V25: =+U25-T25 -> -856.9344 | W25: =SUM(W11:W18) -> 1095.102 | X25: =+U25-W25 -> -466.70387 | Y25: =+[4]영남권!$Q$85 -> 100479.54 | Z25: =+[4]영남권!$R$85 -> 100200.79 | AA25: =+[5]영남권!$Q$85 -> 100718.16 | AB25: =+[4]영남권!$Q$89 -> 79388.094 | AC25: =+[4]영남권!$R$89 -> 82102.552 | AD25: =+[5]영남권!$Q$89 -> 79490.263 | AE25: =+Y25-AB25 -> 21091.445 | AF25: =+Z25-AC25 -> 18098.237 | AG25: =+AA25-AD25 -> 21227.896
F26: =+K26/J26 -> 0.85412397 | G26: =+I26 -> 중부권 | I26: 중부권 | J26: =SUM(J19:J23) -> 60.5 | K26: =SUM(K19:K23) -> 51.6745 | L26: =+K26-J26 -> -8.8255 | M26: =SUM(M19:M23) -> 51.4715 | N26: =+K26-M26 -> 0.203 | O26: =SUM(O19:O23) -> 6500.5145 | P26: =SUM(P19:P23) -> 5443.1914 | Q26: =+P26-O26 -> -1057.3231 | R26: =SUM(R19:R23) -> 5348.0958 | S26: =+P26-R26 -> 95.095657 | T26: =SUM(T19:T23) -> 1104.8533 | U26: =SUM(U19:U23) -> 549.17878 | V26: =+U26-T26 -> -555.67454 | W26: =SUM(W19:W23) -> 547.70866 | X26: =+U26-W26 -> 1.470117 | Y26: =+[4]중부권!$Q$85 -> 107446.52 | Z26: =+[4]중부권!$R$85 -> 105331.24 | AA26: =+[5]중부권!$Q$85 -> 103847.09 | AB26: =+[4]중부권!$Q$89 -> 78355.155 | AC26: =+[4]중부권!$R$89 -> 81611.885 | AD26: =+[5]중부권!$Q$89 -> 80246.621 | AE26: =+Y26-AB26 -> 29091.365 | AF26: =+Z26-AC26 -> 23719.354 | AG26: =+AA26-AD26 -> 23600.464
F27: =+K27/M27 -> 0.92311927 | G27: =+K27/J27 -> 0.83442995 | H27: 레미콘 계 | J27: =SUM(J24:J26) -> 310.5 | K27: =SUM(K24:K26) -> 259.0905 | L27: =+K27-J27 -> -51.4095 | M27: =SUM(M24:M26) -> 280.6685 | N27: =+K27-M27 -> -21.578 | O27: =SUM(O24:O26) -> 31674.938 | P27: =SUM(P24:P26) -> 25856.152 | Q27: =+P27-O27 -> -5818.7863 | R27: =SUM(R24:R26) -> 28069.669 | S27: =+P27-R27 -> -2213.5171 | T27: =SUM(T24:T26) -> 3809.6671 | U27: =SUM(U24:U26) -> 1374.3194 | V27: =+U27-T27 -> -2435.3478 | W27: =SUM(W24:W26) -> 2195.9234 | X27: =+U27-W27 -> -821.60404 | Y27: =+[4]합계!$Q$85 -> 102012.68 | Z27: =+[4]합계!$R$85 -> 99838.666 | AA27: =+[5]합계!$Q$85 -> 100000.5 | AB27: =+[4]합계!$Q$89 -> 79990.693 | AC27: =+[4]합계!$R$89 -> 82340.282 | AD27: =+[5]합계!$Q$89 -> 81042.566 | AE27: =+Y27-AB27 -> 22021.99 | AF27: =+Z27-AC27 -> 17498.384 | AG27: =+AA27-AD27 -> 18957.932 | AI27: =+AF27-AE27 -> -4523.6063 | AJ27: =+AF27-AG27 -> -1459.5482
B28: 건자재 | E28: 건자재영업 | G28: 건자재 | H28: 건자재 | J28: =+IFERROR(HLOOKUP($B28,'[1]11월'!$D$6:$BN$259,2,),) -> 12600 | K28: =+IFERROR(HLOOKUP($E28,'[2]11월'!$F$6:$CP$99,2,),) -> 9321.418 | L28: =+K28-J28 -> -3278.582 | M28: =+IFERROR(HLOOKUP($E28,'[3]11월'!$F$6:$CC$57,2,),) -> 10221.802 | N28: =+K28-M28 -> -900.384 | O28: =+IFERROR(HLOOKUP($B28,'[1]11월'!$D$6:$BN$259,3,),)/1000 -> 13712.919 | P28: =+IFERROR(HLOOKUP($E28,'[2]11월'!$F$6:$CP$99,3,),)/1000 -> 8458.8501 | Q28: =+P28-O28 -> -5254.0687 | R28: =+IFERROR(HLOOKUP($E28,'[3]11월'!$F$6:$CC$57,3,),)/1000 -> 9942.869 | S28: =+P28-R28 -> -1484.0189 | T28: =+IFERROR(HLOOKUP($B28,'[1]11월'!$D$6:$BN$259,16,),)/1000 -> 247.89226 | U28: =+IFERROR(HLOOKUP($E28,'[2]11월'!$F$6:$CP$99,16,),)/1000 -> 22.991546 | V28: =+U28-T28 -> -224.90072 | W28: =+IFERROR(HLOOKUP($E28,'[3]11월'!$F$6:$CC$57,16,),)/1000 -> 118.35665 | X28: =+U28-W28 -> -95.365103 | Y28: ■ 비고
B29: 부산모래장 | C29: 부산골재 | G29: =+I29 -> 부산모래장 | H29: 골재 | I29: 부산모래장 | J29: =+IFERROR(HLOOKUP($B29,'[1]11월'!$D$6:$BN$259,2,),)/1000 -> 25.170766 | K29: =+IFERROR(HLOOKUP($C29,'[2]11월'!$F$6:$CP$99,2,),)/1000 -> 19.89 | L29: =+K29-J29 -> -5.2807659 | M29: =+IFERROR(HLOOKUP($C29,'[3]11월'!$F$6:$CC$57,2,),)/1000 -> 25.492 | N29: =+K29-M29 -> -5.602 | O29: =+IFERROR(HLOOKUP($B29,'[1]11월'!$D$6:$BN$259,3,),)/1000 -> 681.40999 | P29: =+IFERROR(HLOOKUP($C29,'[2]11월'!$F$6:$CP$99,3,),)/1000 -> 572.1097 | Q29: =+P29-O29 -> -109.30029 | R29: =+IFERROR(HLOOKUP($C29,'[3]11월'!$F$6:$CC$57,3,),)/1000 -> 701.3415 | S29: =+P29-R29 -> -129.2318 | T29: =+IFERROR(HLOOKUP($B29,'[1]11월'!$D$6:$BN$259,21,),)/1000 -> 69.080692 | U29: =+IFERROR(HLOOKUP($C29,'[2]11월'!$F$6:$CP$99,21,),)/1000 -> 29.967814 | V29: =+U29-T29 -> -39.112877 | W29: =+IFERROR(HLOOKUP($C29,'[3]11월'!$F$6:$CC$57,21,),)/1000 -> 1.8739536 | X29: =+U29-W29 -> 28.093861
B30: 서부산크라샤 | C30: 서부산골재 | G30: =+I30 -> 서부산CR | I30: 서부산CR | J30: =+IFERROR(HLOOKUP($B30,'[1]11월'!$D$6:$BN$259,2,),)/1000 -> 49.399434 | K30: =+IFERROR(HLOOKUP($C30,'[2]11월'!$F$6:$CP$99,2,),)/1000 -> 27.786 | L30: =+K30-J30 -> -21.613434 | M30: =+IFERROR(HLOOKUP($C30,'[3]11월'!$F$6:$CC$57,2,),)/1000 -> 1.202 | N30: =+K30-M30 -> 26.584 | O30: =+IFERROR(HLOOKUP($B30,'[1]11월'!$D$6:$BN$259,3,),)/1000 -> 726.87175 | P30: =+IFERROR(HLOOKUP($C30,'[2]11월'!$F$6:$CP$99,3,),)/1000 -> 395.912 | Q30: =+P30-O30 -> -330.95975 | R30: =+IFERROR(HLOOKUP($C30,'[3]11월'!$F$6:$CC$57,3,),)/1000 -> 14.424 | S30: =+P30-R30 -> 381.488 | T30: =+IFERROR(HLOOKUP($B30,'[1]11월'!$D$6:$BN$259,21,),)/1000 -> 145.02568 | U30: =+IFERROR(HLOOKUP($C30,'[2]11월'!$F$6:$CP$99,21,),)/1000 -> -139.95796 | V30: =+U30-T30 -> -284.98364 | W30: =+IFERROR(HLOOKUP($C30,'[3]11월'!$F$6:$CC$57,21,),)/1000 -> -70.358755 | X30: =+U30-W30 -> -69.59921
B31: 부산크라샤 | C31: 부산크라샤 | G31: =+I31 -> 부산CR | I31: 부산CR | J31: =+IFERROR(HLOOKUP($B31,'[1]11월'!$D$6:$BN$259,2,),)/1000 -> 39.418073 | K31: =+IFERROR(HLOOKUP($C31,'[2]11월'!$F$6:$CP$99,2,),)/1000 -> 21.298 | L31: =+K31-J31 -> -18.120073 | M31: =+IFERROR(HLOOKUP($C31,'[3]11월'!$F$6:$CC$57,2,),)/1000 -> 39.432 | N31: =+K31-M31 -> -18.134 | O31: =+IFERROR(HLOOKUP($B31,'[1]11월'!$D$6:$BN$259,3,),)/1000 -> 672.54239 | P31: =+IFERROR(HLOOKUP($C31,'[2]11월'!$F$6:$CP$99,3,),)/1000 -> 417.271 | Q31: =+P31-O31 -> -255.27139 | R31: =+IFERROR(HLOOKUP($C31,'[3]11월'!$F$6:$CC$57,3,),)/1000 -> 698.26 | S31: =+P31-R31 -> -280.989 | T31: =+IFERROR(HLOOKUP($B31,'[1]11월'!$D$6:$BN$259,21,),)/1000 -> 85.892767 | U31: =+IFERROR(HLOOKUP($C31,'[2]11월'!$F$6:$CP$99,21,),)/1000 -> -69.364344 | V31: =+U31-T31 -> -155.25711 | W31: =+IFERROR(HLOOKUP($C31,'[3]11월'!$F$6:$CC$57,21,),)/1000 -> -221.62408 | X31: =+U31-W31 -> 152.25974
H32: 골재 계 | J32: =SUM(J29:J31) -> 113.98827 | K32: =SUM(K29:K31) -> 68.974 | L32: =+K32-J32 -> -45.014273 | M32: =SUM(M29:M31) -> 66.126 | N32: =+K32-M32 -> 2.848 | O32: =SUM(O29:O31) -> 2080.8241 | P32: =SUM(P29:P31) -> 1385.2927 | Q32: =+P32-O32 -> -695.53142 | R32: =SUM(R29:R31) -> 1414.0255 | S32: =+P32-R32 -> -28.7328 | T32: =SUM(T29:T31) -> 299.99914 | U32: =SUM(U29:U31) -> -179.35449 | V32: =+U32-T32 -> -479.35363 | W32: =SUM(W29:W31) -> -290.10889 | X32: =+U32-W32 -> 110.75439
B33: 포항임대 | C33: 속초임대 | D33: 강릉임대 | E33: 레미콘임대 계 | G33: =+I33 -> 레미콘임대 | H33: 기타 | I33: 레미콘임대 | L33: =+K33-J33 -> 0 | N33: =+K33-M33 -> 0 | O33: =(IFERROR(HLOOKUP($B33,'[1]11월'!$D$6:$BN$259,3,),)++IFERROR(HLOOKUP($C33,'[1]11월'!$D$6:$BN$259,3,),)+IFERROR(HLOOKUP($D33,'[1]11월'!$D$6:$BN$259,3,),))/1000 -> 66.666667 | P33: =+IFERROR(HLOOKUP($E33,'[2]11월'!$F$6:$CP$99,3,),)/1000 -> 43.34 | Q33: =+P33-O33 -> -23.326667 | R33: =+IFERROR(HLOOKUP($E33,'[3]11월'!$F$6:$CC$57,3,),)/1000 -> 90.84 | S33: =+P33-R33 -> -47.5 | T33: =(IFERROR(HLOOKUP($B33,'[1]11월'!$D$6:$BN$259,21,),)++IFERROR(HLOOKUP($C33,'[1]11월'!$D$6:$BN$259,21,),)+IFERROR(HLOOKUP($D33,'[1]11월'!$D$6:$BN$259,21,),))/1000 -> 48.278888 | U33: =+IFERROR(HLOOKUP($E33,'[2]11월'!$F$6:$CP$99,16,),)/1000 -> 23.549857 | V33: =+U33-T33 -> -24.729031 | W33: =+IFERROR(HLOOKUP($E33,'[3]11월'!$F$6:$CC$57,16,),)/1000 -> 67.392238 | X33: =+U33-W33 -> -43.842381
B34: 부동산임대 | C34: 주유소임대 | E34: 임대 계 | G34: =+I34 -> 임대 | I34: 임대 | L34: =+K34-J34 -> 0 | M34: 0 | N34: =+K34-M34 -> 0 | O34: =(+IFERROR(HLOOKUP($B34,'[1]11월'!$D$6:$BN$259,3,),)+IFERROR(HLOOKUP($C34,'[1]11월'!$D$6:$BN$259,3,),))/1000 -> 74.0915 | P34: =+IFERROR(HLOOKUP($E34,'[2]11월'!$F$6:$CP$99,3,),)/1000 -> 73.849324 | Q34: =+P34-O34 -> -0.242176 | R34: =+IFERROR(HLOOKUP($E34,'[3]11월'!$F$6:$CC$57,3,),)/1000 -> 72.663968 | S34: =+P34-R34 -> 1.185356 | T34: =(+IFERROR(HLOOKUP($B34,'[1]11월'!$D$6:$BN$259,21,),)+IFERROR(HLOOKUP($C34,'[1]11월'!$D$6:$BN$259,21,),))/1000 -> 63.941 | U34: =+IFERROR(HLOOKUP($E34,'[2]11월'!$F$6:$CP$99,16,),)/1000 -> 66.61316 | V34: =+U34-T34 -> 2.67216 | W34: =+IFERROR(HLOOKUP($E34,'[3]11월'!$F$6:$CC$57,16,),)/1000 -> 58.662833 | X34: =+U34-W34 -> 7.950327
B35: 공 통 비 | G35: =+I35 -> 공통비 | I35: 공통비 | L35: =+K35-J35 -> 0 | N35: =+K35-M35 -> 0 | Q35: =+P35-O35 -> 0 | S35: =+P35-R35 -> 0 | T35: =-'[1]11월'!$Z$22/1000 -> -1297.3901 | U35: =+-'[2]11월'!$Z$22/1000 -> -1271.3905 | V35: =+U35-T35 -> 25.999644 | W35: =+-'[3]11월'!$Z$22/1000 -> -1265.4311 | X35: =+U35-W35 -> -5.9593684
G36: =+I36 -> OPC 소급분 | I36: OPC 소급분 | N36: =+K36-M36 -> 0 | Q36: =+P36-O36 -> 0 | S36: =+P36-R36 -> 0 | U36: ='[2]11월'!$BD$26/1000 -> 398.31045 | V36: =+U36-T36 -> 398.31045 | W36: ='[3]11월'!$BD$26/1000 -> 241.78824 | X36: =+U36-W36 -> 156.52221
G37: =+I37 -> 대손 | I37: 대손 | N37: =+K37-M37 -> 0 | Q37: =+P37-O37 -> 0 | S37: =+P37-R37 -> 0 | U37: ='[2]11월'!$BE$26/1000 -> 0 | V37: =+U37-T37 -> 0 | W37: ='[3]11월'!$BE$26/1000 -> 0 | X37: =+U37-W37 -> 0
G38: =+I38 -> 미운영 공장 | I38: 미운영 공장 | M38: =SUM(M54:M59) -> 0 | N38: =+K38-M38 -> 0 | Q38: =+P38-O38 -> 0 | R38: =+IFERROR(HLOOKUP($I$38,'[3]11월'!$F$6:$BJ$50,3,),)/1000 -> 0 | S38: =+P38-R38 -> 0 | T38: =SUM('[1]11월'!$AM$26:$AQ$26)/1000 -> -32.543496 | U38: =+'[2]11월'!$BF$26/1000 -> -32.970108 | V38: =+U38-T38 -> -0.426612 | W38: =+'[3]11월'!$BF$26/1000 -> -32.976668 | X38: =+U38-W38 -> 0.00656
B39: 기타 계 | G39: =+I39 -> 퇴직위로금 | I39: 퇴직위로금 | U39: =+'[2]11월'!$BG$26/1000 -> 0 | V39: =+U39-T39 -> 0 | X39: =+U39-W39 -> 0
G40: =+I40 -> 기타 | I40: 기타 | L40: =+K40-J40 -> 0 | N40: =+K40-M40 -> 0 | O40: =IFERROR(HLOOKUP($B39,'[1]11월'!$D$6:$BN$259,3,),)/1000 -> 1.77 | P40: =+('[2]11월'!$F$8-SUM('[2]11월'!$Z$8,'[2]11월'!$AH$8,'[2]11월'!$AN$8,'[2]11월'!$AO$8,'[2]11월'!$BA$8,'[2]11월'!$BD$8,'[2]11월'!$BE$8,'[2]11월'!$BF$8))/1000 -> 1.6893 | Q40: =+P40-O40 -> -0.0807 | R40: =+('[3]11월'!$F$8-SUM('[3]11월'!$Z$8,'[3]11월'!$AH$8,'[3]11월'!$AN$8,'[3]11월'!$AO$8,'[3]11월'!$BA$8,'[3]11월'!$BD$8,'[3]11월'!$BE$8,'[3]11월'!$BF$8))/1000 -> 1.8206 | S40: =+P40-R40 -> -0.1313 | T40: =+('[1]11월'!$E$26-'[1]11월'!$Z$26-'[1]11월'!$AA$26-'[1]11월'!$AE$26-'[1]11월'!$AL$26-'[1]11월'!$AM$26-'[1]11월'!$AN$26-'[1]11월'!$AO$26-'[1]11월'!$AP$26-'[1]11월'!$AQ$26-'[1]11월'!$AS$26+'[1]11월'!$AS$26)/1000 -> -85.138375 | U40: =+('[2]11월'!$F$26-SUM('[2]11월'!$Z$26,'[2]11월'!$AH$26,'[2]11월'!$AN$26,'[2]11월'!$AO$26,'[2]11월'!$BA$26,'[2]11월'!$BD$26,'[2]11월'!$BE$26,'[2]11월'!$BF$26))/1000-U39 -> -15.395599 | V40: =+U40-T40 -> 69.742776 | W40: =+('[3]11월'!$F$26-SUM('[3]11월'!$Z$26,'[3]11월'!$AH$26,'[3]11월'!$AN$26,'[3]11월'!$AO$26,'[3]11월'!$BA$26,'[3]11월'!$BD$26,'[3]11월'!$BE$26,'[3]11월'!$BF$26))/1000 -> -16.745684 | X40: =+U40-W40 -> 1.350085
H41: 기타 계 | J41: =SUM(J33:J40) -> 0 | K41: =SUM(K33:K40) -> 0 | L41: =+K41-J41 -> 0 | M41: =SUM(M33:M40) -> 0 | N41: =+K41-M41 -> 0 | O41: =SUM(O33:O40) -> 142.52817 | P41: =SUM(P33:P40) -> 118.87862 | Q41: =+P41-O41 -> -23.649543 | R41: =SUM(R33:R40) -> 165.32457 | S41: =+P41-R41 -> -46.445944 | T41: =SUM(T33:T40) -> -1302.8521 | U41: =SUM(U33:U40) -> -831.2827 | V41: =+U41-T41 -> 471.56939 | W41: =SUM(W33:W40) -> -947.31013 | X41: =+U41-W41 -> 116.02743
U42: 19 | V42: 12.4
G43: =+P43/O43 -> 0.75232648 | H43: 합계 | O43: =+O27+O32+O28+O41 -> 47611.21 | P43: =+P27+P32+P28+P41 -> 35819.174 | Q43: =+P43-O43 -> -11792.036 | R43: =+R27+R32+R28+R41 -> 39591.888 | S43: =+P43-R43 -> -3772.7147 | T43: =+T27+T32+T28+T41 -> 3054.7064 | U43: =+U27+U32+U28+U41 -> 386.67371 | V43: =+U43-T43 -> -2668.0327 | W43: =+W27+W32+W28+W41 -> 1076.861 | X43: =+U43-W43 -> -690.18732
G44: =+U43/T43 -> 0.12658294 | P44: =+P43/O43 -> 0.75232648 | R44: =+P43/R43 -> 0.90470991 | T44: =+T43/O43 -> 0.064159396 | U44: =+U43/P43 -> 0.01079516
F46: =+K28/M28 -> 0.91191534 | G46: =+K28/J28 -> 0.73979508 | I46: 확인 | J46: =+'[1]11월'!$Z$7/1000 -> 310.5 | K46: =+'[2]11월'!$AI$7/1000 -> 259.0905 | M46: =+'[3]11월'!$Z$7/1000 -> 280.6685 | O46: =+'[1]11월'!$E$8/1000 -> 47611.21 | P46: =+'[2]11월'!$F$8/1000 -> 35819.174 | R46: =+'[3]11월'!$F$8/1000 -> 39591.888 | T46: =+'[1]11월'!$E$26/1000 -> 3054.7064 | U46: =+'[2]11월'!$F$26/1000 -> 386.67371 | W46: =+'[3]11월'!$F$26/1000 -> 1076.861
F47: =+K32/M32 -> 1.0430693 | G47: =+K32/J32 -> 0.60509733 | J47: =+J46-J27 -> 0 | K47: =+K46-K27 -> 0 | M47: =+M46-M27 -> 0 | O47: =+O46-O43 -> 0 | P47: =+P46-P43 -> 0 | R47: =+R46-R43 -> 0 | T47: =+T46-T43 -> 0 | U47: =+U46-U43 -> 0 | W47: =+W46-W43 -> 0
O49: =+O43-O28 -> 33898.291 | P49: =+P43-P28 -> 27360.323 | Q49: =+P49-O49 -> -6537.9672
O50: =+O49/100 -> 338.98291 | P50: =+P49/100 -> 273.60323 | Q50: =+P50-O50 -> -65.379672 | S50: 레미콘 | T50: =(+T27+T35)/100 -> 25.12277 | U50: =(+U27+U35)/100 -> 1.0292889 | V50: =+U50-T50 -> -24.093481 | W50: =+U50/T50-1 -> -0.95902964
Q51: =+P50/O50 -> 0.80712988 | S51: 골재 | T51: =+T32/100 -> 2.9999914 | U51: =+U32/100 -> -1.7935449 | V51: =+U51-T51 -> -4.7935363
S52: 임대 | T52: =(T33+T34)/100 -> 1.1221989 | U52: =(U33+U34)/100 -> 0.90163017 | V52: =+U52-T52 -> -0.22056871
S53: 기타 | T53: =((T46-T28)/100)-T50-T51-T52 -> -1.1768187 | U53: =((U46-U28)/100)-U50-U51-U52 -> 3.4994474 | V53: =+U53-T53 -> 4.6762661
T54: =SUM(T52:T53) -> -0.054619833 | U54: =SUM(U52:U53) -> 4.4010776 | V54: =SUM(V52:V53) -> 4.4556974
T55: =SUM(T50:T53) -> 28.068142 | U55: =SUM(U50:U53) -> 3.6368216 | V55: =+U55-T55 -> -24.43132
S58: 임대 | T58: =+(T33+T34)/100 -> 1.1221989 | U58: =+(U33+U34)/100 -> 0.90163017 | V58: =+U58-T58 -> -0.22056871
S59: =+I36 -> OPC 소급분 | T59: =+T36/100 -> 0 | U59: =+U36/100 -> 3.9831045 | V59: =+U59-T59 -> 3.9831045
S60: =+I37 -> 대손 | T60: =+T37/100 -> 0 | U60: =+U37/100 -> 0 | V60: =+U60-T60 -> 0
S61: =+I38 -> 미운영 공장 | T61: =+T38/100 -> -0.32543496 | U61: =+U38/100 -> -0.32970108 | V61: =+U61-T61 -> -0.00426612
S62: =+I40 -> 기타 | T62: =+T40/100 -> -0.85138375 | U62: =+U40/100 -> -0.15395599 | V62: =+U62-T62 -> 0.69742776
T63: =SUM(T58:T62) -> -0.054619833 | U63: =SUM(U58:U62) -> 4.4010776 | V63: =SUM(V58:V62) -> 4.4556974
T66: =SUM(T33:T34,T36,T38:T40) -> -5.4619833 | U66: =SUM(U33:U34,U36,U38:U40) -> 440.10776 | V66: =+U66-T66 -> 445.56974
T68: =+T43-T28 -> 2806.8142 | U68: =+U43-U28 -> 363.68216
T69: =+T68/100 -> 28.068142 | U69: =+U68/100 -> 3.6368216 | V69: =+U69-T69 -> -24.43132

Sheet 사업장별(누계)
H3: □ 사업장별 손익실적(2025-11누계)
AG4: [단위 : 천㎥, 톤, 백만원]
H5: 구분 | J5: 물량 | O5: 매출 | T5: 영업이익(공통비 배부전) | Y5: 판매단가 | AB5: 변동비 | AE5: 공헌이익
A6: 2024년 11월누계 마감 손익 | J6: 계획 | K6: 실적 | L6: 차이 | M6: 전년 | N6: 차이 | O6: 계획 | P6: 실적 | Q6: 차이 | R6: 전년 | S6: 차이 | T6: 계획 | U6: 실적 | V6: 차이 | W6: 전년 | X6: 차이 | Y6: 계획 | Z6: 실적 | AA6: 전년 | AB6: 계획 | AC6: 실적 | AD6: 전년 | AE6: 계획 | AF6: 실적 | AG6: 전년
B7: 안양 | G7: =+I7 -> 안양 | H7: 레미콘 | I7: 안양 | J7: =+IFERROR(HLOOKUP($B7,'[1]11월누계'!$D$6:$BN$259,2,),)/1000 -> 419 | K7: =+IFERROR(HLOOKUP($B7,'[2]11월누계'!$F$6:$CP$99,2,),)/1000 -> 353.095 | L7: =+K7-J7 -> -65.905 | M7: =+IFERROR(HLOOKUP($B7,'[3]11월누계'!$F$6:$CC$57,2,),)/1000 -> 412.237 | N7: =+K7-M7 -> -59.142 | O7: =+IFERROR(HLOOKUP($B7,'[1]11월누계'!$D$6:$BN$259,3,),)/1000 -> 41747.831 | P7: =+IFERROR(HLOOKUP($B7,'[2]11월누계'!$F$6:$CP$99,3,),)/1000 -> 34071.986 | Q7: =+P7-O7 -> -7675.8448 | R7: =+IFERROR(HLOOKUP($B7,'[3]11월누계'!$F$6:$CC$57,3,),)/1000 -> 40826.39 | S7: =+P7-R7 -> -6754.4033 | T7: =+IFERROR(HLOOKUP($B7,'[1]11월누계'!$D$6:$BN$259,16,),)/1000 -> 4101.4598 | U7: =+IFERROR(HLOOKUP($B7,'[2]11월누계'!$F$6:$CP$99,16,),)/1000 -> 2371.0141 | V7: =+U7-T7 -> -1730.4458 | W7: =+IFERROR(HLOOKUP($B7,'[3]11월누계'!$F$6:$CC$57,16,),)/1000 -> 3797.4263 | X7: =+U7-W7 -> -1426.4123 | Y7: =+[12]안양!$Q$85 -> 99636.828 | Z7: =+[12]안양!$R$85 -> 96486.394 | AA7: =+[13]안양!$Q$85 -> 99032.751 | AB7: =+[12]안양!$Q$89 -> 81782.731 | AC7: =+[12]안양!$R$89 -> 79943.51 | AD7: =+[13]안양!$Q$89 -> 81711.511 | AE7: =+Y7-AB7 -> 17854.097 | AF7: =+Z7-AC7 -> 16542.883 | AG7: =+AA7-AD7 -> 17321.24
B8: 인천 | G8: =+I8 -> 인천 | H8: 직영 | I8: 인천 | J8: =+IFERROR(HLOOKUP($B8,'[1]11월누계'!$D$6:$BN$259,2,),)/1000 -> 308 | K8: =+IFERROR(HLOOKUP($B8,'[2]11월누계'!$F$6:$CP$99,2,),)/1000 -> 303.8525 | L8: =+K8-J8 -> -4.1475 | M8: =+IFERROR(HLOOKUP($B8,'[3]11월누계'!$F$6:$CC$57,2,),)/1000 -> 296.582 | N8: =+K8-M8 -> 7.2705 | O8: =+IFERROR(HLOOKUP($B8,'[1]11월누계'!$D$6:$BN$259,3,),)/1000 -> 30704.975 | P8: =+IFERROR(HLOOKUP($B8,'[2]11월누계'!$F$6:$CP$99,3,),)/1000 -> 29492.033 | Q8: =+P8-O8 -> -1212.9429 | R8: =+IFERROR(HLOOKUP($B8,'[3]11월누계'!$F$6:$CC$57,3,),)/1000 -> 29518.041 | S8: =+P8-R8 -> -26.008636 | T8: =+IFERROR(HLOOKUP($B8,'[1]11월누계'!$D$6:$BN$259,16,),)/1000 -> 1861.5286 | U8: =+IFERROR(HLOOKUP($B8,'[2]11월누계'!$F$6:$CP$99,16,),)/1000 -> 171.9589 | V8: =+U8-T8 -> -1689.5697 | W8: =+IFERROR(HLOOKUP($B8,'[3]11월누계'!$F$6:$CC$57,16,),)/1000 -> 1734.6983 | X8: =+U8-W8 -> -1562.7394 | Y8: =+[12]인천!$Q$85 -> 99691.479 | Z8: =+[12]인천!$R$85 -> 97129.294 | AA8: =+[13]인천!$Q$85 -> 99531.02 | AB8: =+[12]인천!$Q$89 -> 82854.826 | AC8: =+[12]인천!$R$89 -> 84821.261 | AD8: =+[13]인천!$Q$89 -> 82712.025 | AE8: =+Y8-AB8 -> 16836.653 | AF8: =+Z8-AC8 -> 12308.033 | AG8: =+AA8-AD8 -> 16818.996
B9: 파주 | G9: =+I9 -> 파주 | I9: 파주 | J9: =+IFERROR(HLOOKUP($B9,'[1]11월누계'!$D$6:$BN$259,2,),)/1000 -> 229 | K9: =+IFERROR(HLOOKUP($B9,'[2]11월누계'!$F$6:$CP$99,2,),)/1000 -> 143.264 | L9: =+K9-J9 -> -85.736 | M9: =+IFERROR(HLOOKUP($B9,'[3]11월누계'!$F$6:$CC$57,2,),)/1000 -> 266.049 | N9: =+K9-M9 -> -122.785 | O9: =+IFERROR(HLOOKUP($B9,'[1]11월누계'!$D$6:$BN$259,3,),)/1000 -> 22100.516 | P9: =+IFERROR(HLOOKUP($B9,'[2]11월누계'!$F$6:$CP$99,3,),)/1000 -> 13212.29 | Q9: =+P9-O9 -> -8888.2258 | R9: =+IFERROR(HLOOKUP($B9,'[3]11월누계'!$F$6:$CC$57,3,),)/1000 -> 25690.117 | S9: =+P9-R9 -> -12477.826 | T9: =+IFERROR(HLOOKUP($B9,'[1]11월누계'!$D$6:$BN$259,16,),)/1000 -> 1156.2851 | U9: =+IFERROR(HLOOKUP($B9,'[2]11월누계'!$F$6:$CP$99,16,),)/1000 -> -449.69631 | V9: =+U9-T9 -> -1605.9815 | W9: =+IFERROR(HLOOKUP($B9,'[3]11월누계'!$F$6:$CC$57,16,),)/1000 -> 1773.5914 | X9: =+U9-W9 -> -2223.2877 | Y9: =+[12]파주!$Q$85 -> 96508.805 | Z9: =+[12]파주!$R$85 -> 92270.884 | AA9: =+[13]파주!$Q$85 -> 96569.207 | AB9: =+[12]파주!$Q$89 -> 80245.599 | AC9: =+[12]파주!$R$89 -> 78575.271 | AD9: =+[13]파주!$Q$89 -> 80413.641 | AE9: =+Y9-AB9 -> 16263.205 | AF9: =+Z9-AC9 -> 13695.612 | AG9: =+AA9-AD9 -> 16155.566
B10: 김포 | G10: =+I10 -> 김포 | I10: 김포 | J10: =+IFERROR(HLOOKUP($B10,'[1]11월누계'!$D$6:$BN$259,2,),)/1000 -> 155 | K10: =+IFERROR(HLOOKUP($B10,'[2]11월누계'!$F$6:$CP$99,2,),)/1000 -> 113.22582 | L10: =+K10-J10 -> -41.77418 | M10: =+IFERROR(HLOOKUP($B10,'[3]11월누계'!$F$6:$CC$57,2,),)/1000 -> 131.9455 | N10: =+K10-M10 -> -18.71968 | O10: =+IFERROR(HLOOKUP($B10,'[1]11월누계'!$D$6:$BN$259,3,),)/1000 -> 14720.516 | P10: =+IFERROR(HLOOKUP($B10,'[2]11월누계'!$F$6:$CP$99,3,),)/1000 -> 10814.828 | Q10: =+P10-O10 -> -3905.6881 | R10: =+IFERROR(HLOOKUP($B10,'[3]11월누계'!$F$6:$CC$57,3,),)/1000 -> 12847.274 | S10: =+P10-R10 -> -2032.446 | T10: =+IFERROR(HLOOKUP($B10,'[1]11월누계'!$D$6:$BN$259,16,),)/1000 -> 983.84341 | U10: =+IFERROR(HLOOKUP($B10,'[2]11월누계'!$F$6:$CP$99,16,),)/1000 -> -25.577626 | V10: =+U10-T10 -> -1009.421 | W10: =+IFERROR(HLOOKUP($B10,'[3]11월누계'!$F$6:$CC$57,16,),)/1000 -> 1034.6775 | X10: =+U10-W10 -> -1060.2551 | Y10: =+[12]김포!$Q$85 -> 94971.069 | Z10: =+[12]김포!$R$85 -> 95572.593 | AA10: =+[13]김포!$Q$85 -> 97387.555 | AB10: =+[12]김포!$Q$89 -> 76279.894 | AC10: =+[12]김포!$R$89 -> 78652.114 | AD10: =+[13]김포!$Q$89 -> 76106.664 | AE10: =+Y10-AB10 -> 18691.175 | AF10: =+Z10-AC10 -> 16920.478 | AG10: =+AA10-AD10 -> 21280.891
B11: 부산 | G11: =+I11 -> 부산 | I11: 부산 | J11: =+IFERROR(HLOOKUP($B11,'[1]11월누계'!$D$6:$BN$259,2,),)/1000 -> 218 | K11: =+IFERROR(HLOOKUP($B11,'[2]11월누계'!$F$6:$CP$99,2,),)/1000 -> 217.822 | L11: =+K11-J11 -> -0.178 | M11: =+IFERROR(HLOOKUP($B11,'[3]11월누계'!$F$6:$CC$57,2,),)/1000 -> 216.3625 | N11: =+K11-M11 -> 1.4595 | O11: =+IFERROR(HLOOKUP($B11,'[1]11월누계'!$D$6:$BN$259,3,),)/1000 -> 23478.595 | P11: =+IFERROR(HLOOKUP($B11,'[2]11월누계'!$F$6:$CP$99,3,),)/1000 -> 23506.794 | Q11: =+P11-O11 -> 28.199446 | R11: =+IFERROR(HLOOKUP($B11,'[3]11월누계'!$F$6:$CC$57,3,),)/1000 -> 23344.606 | S11: =+P11-R11 -> 162.18839 | T11: =+IFERROR(HLOOKUP($B11,'[1]11월누계'!$D$6:$BN$259,16,),)/1000 -> 2012.6822 | U11: =+IFERROR(HLOOKUP($B11,'[2]11월누계'!$F$6:$CP$99,16,),)/1000 -> 2110.6866 | V11: =+U11-T11 -> 98.004476 | W11: =+IFERROR(HLOOKUP($B11,'[3]11월누계'!$F$6:$CC$57,16,),)/1000 -> 2226.0846 | X11: =+U11-W11 -> -115.39797 | Y11: =+[12]부산!$Q$85 -> 107699.98 | Z11: =+[12]부산!$R$85 -> 107917.45 | AA11: =+[13]부산!$Q$85 -> 107895.8 | AB11: =+[12]부산!$Q$89 -> 84904.665 | AC11: =+[12]부산!$R$89 -> 85303.181 | AD11: =+[13]부산!$Q$89 -> 84173.331 | AE11: =+Y11-AB11 -> 22795.311 | AF11: =+Z11-AC11 -> 22614.267 | AG11: =+AA11-AD11 -> 23722.472
B12: 서부산 | G12: =+I12 -> 서부산 | I12: 서부산 | J12: =+IFERROR(HLOOKUP($B12,'[1]11월누계'!$D$6:$BN$259,2,),)/1000 -> 217 | K12: =+IFERROR(HLOOKUP($B12,'[2]11월누계'!$F$6:$CP$99,2,),)/1000 -> 193.53 | L12: =+K12-J12 -> -23.47 | M12: =+IFERROR(HLOOKUP($B12,'[3]11월누계'!$F$6:$CC$57,2,),)/1000 -> 227.104 | N12: =+K12-M12 -> -33.574 | O12: =+IFERROR(HLOOKUP($B12,'[1]11월누계'!$D$6:$BN$259,3,),)/1000 -> 21548.096 | P12: =+IFERROR(HLOOKUP($B12,'[2]11월누계'!$F$6:$CP$99,3,),)/1000 -> 19085.363 | Q12: =+P12-O12 -> -2462.7329 | R12: =+IFERROR(HLOOKUP($B12,'[3]11월누계'!$F$6:$CC$57,3,),)/1000 -> 22714.892 | S12: =+P12-R12 -> -3629.529 | T12: =+IFERROR(HLOOKUP($B12,'[1]11월누계'!$D$6:$BN$259,16,),)/1000 -> 2076.6131 | U12: =+IFERROR(HLOOKUP($B12,'[2]11월누계'!$F$6:$CP$99,16,),)/1000 -> 1420.0661 | V12: =+U12-T12 -> -656.54702 | W12: =+IFERROR(HLOOKUP($B12,'[3]11월누계'!$F$6:$CC$57,16,),)/1000 -> 2415.4799 | X12: =+U12-W12 -> -995.41379 | Y12: =+[12]서부산!$Q$85 -> 99299.981 | Z12: =+[12]서부산!$R$85 -> 98654.11 | AA12: =+[13]서부산!$Q$85 -> 100020.63 | AB12: =+[12]서부산!$Q$89 -> 78166.815 | AC12: =+[12]서부산!$R$89 -> 78265.168 | AD12: =+[13]서부산!$Q$89 -> 78572.216 | AE12: =+Y12-AB12 -> 21133.166 | AF12: =+Z12-AC12 -> 20388.942 | AG12: =+AA12-AD12 -> 21448.415
B13: 김해 | G13: =+I13 -> 김해 | I13: 김해 | J13: =+IFERROR(HLOOKUP($B13,'[1]11월누계'!$D$6:$BN$259,2,),)/1000 -> 154 | K13: =+IFERROR(HLOOKUP($B13,'[2]11월누계'!$F$6:$CP$99,2,),)/1000 -> 91.359 | L13: =+K13-J13 -> -62.641 | M13: =+IFERROR(HLOOKUP($B13,'[3]11월누계'!$F$6:$CC$57,2,),)/1000 -> 146.569 | N13: =+K13-M13 -> -55.21 | O13: =+IFERROR(HLOOKUP($B13,'[1]11월누계'!$D$6:$BN$259,3,),)/1000 -> 14830.179 | P13: =+IFERROR(HLOOKUP($B13,'[2]11월누계'!$F$6:$CP$99,3,),)/1000 -> 8273.9816 | Q13: =+P13-O13 -> -6556.1976 | R13: =+IFERROR(HLOOKUP($B13,'[3]11월누계'!$F$6:$CC$57,3,),)/1000 -> 13958.763 | S13: =+P13-R13 -> -5684.7819 | T13: =+IFERROR(HLOOKUP($B13,'[1]11월누계'!$D$6:$BN$259,16,),)/1000 -> 1308.7789 | U13: =+IFERROR(HLOOKUP($B13,'[2]11월누계'!$F$6:$CP$99,16,),)/1000 -> -385.88006 | V13: =+U13-T13 -> -1694.6589 | W13: =+IFERROR(HLOOKUP($B13,'[3]11월누계'!$F$6:$CC$57,16,),)/1000 -> 804.51998 | X13: =+U13-W13 -> -1190.4 | Y13: =+[12]김해!$Q$85 -> 96299.865 | Z13: =+[12]김해!$R$85 -> 90549.981 | AA13: =+[13]김해!$Q$85 -> 95311.762 | AB13: =+[12]김해!$Q$89 -> 76846.476 | AC13: =+[12]김해!$R$89 -> 77271.731 | AD13: =+[13]김해!$Q$89 -> 78622.376 | AE13: =+Y13-AB13 -> 19453.389 | AF13: =+Z13-AC13 -> 13278.25 | AG13: =+AA13-AD13 -> 16689.387
B14: 정관 | G14: =+I14 -> 정관 | I14: 정관 | J14: =+IFERROR(HLOOKUP($B14,'[1]11월누계'!$D$6:$BN$259,2,),)/1000 -> 209 | K14: =+IFERROR(HLOOKUP($B14,'[2]11월누계'!$F$6:$CP$99,2,),)/1000 -> 233.1435 | L14: =+K14-J14 -> 24.1435 | M14: =+IFERROR(HLOOKUP($B14,'[3]11월누계'!$F$6:$CC$57,2,),)/1000 -> 215.2525 | N14: =+K14-M14 -> 17.891 | O14: =+IFERROR(HLOOKUP($B14,'[1]11월누계'!$D$6:$BN$259,3,),)/1000 -> 21317.986 | P14: =+IFERROR(HLOOKUP($B14,'[2]11월누계'!$F$6:$CP$99,3,),)/1000 -> 23188.605 | Q14: =+P14-O14 -> 1870.6189 | R14: =+IFERROR(HLOOKUP($B14,'[3]11월누계'!$F$6:$CC$57,3,),)/1000 -> 21744.947 | S14: =+P14-R14 -> 1443.6578 | T14: =+IFERROR(HLOOKUP($B14,'[1]11월누계'!$D$6:$BN$259,16,),)/1000 -> 1778.5087 | U14: =+IFERROR(HLOOKUP($B14,'[2]11월누계'!$F$6:$CP$99,16,),)/1000 -> 1811.1652 | V14: =+U14-T14 -> 32.656528 | W14: =+IFERROR(HLOOKUP($B14,'[3]11월누계'!$F$6:$CC$57,16,),)/1000 -> 1884.1901 | X14: =+U14-W14 -> -73.02484 | Y14: =+[12]정관!$Q$85 -> 101999.93 | Z14: =+[12]정관!$R$85 -> 99474.248 | AA14: =+[13]정관!$Q$85 -> 101020.65 | AB14: =+[12]정관!$Q$89 -> 82223.653 | AC14: =+[12]정관!$R$89 -> 81876.886 | AD14: =+[13]정관!$Q$89 -> 81846.37 | AE14: =+Y14-AB14 -> 19776.282 | AF14: =+Z14-AC14 -> 17597.361 | AG14: =+AA14-AD14 -> 19174.28
B15: 양산 | G15: =+I15 -> 양산 | I15: 양산 | J15: =+IFERROR(HLOOKUP($B15,'[1]11월누계'!$D$6:$BN$259,2,),)/1000 -> 127 | K15: =+IFERROR(HLOOKUP($B15,'[2]11월누계'!$F$6:$CP$99,2,),)/1000 -> 77.765 | L15: =+K15-J15 -> -49.235 | M15: =+IFERROR(HLOOKUP($B15,'[3]11월누계'!$F$6:$CC$57,2,),)/1000 -> 137.009 | N15: =+K15-M15 -> -59.244 | O15: =+IFERROR(HLOOKUP($B15,'[1]11월누계'!$D$6:$BN$259,3,),)/1000 -> 11997.95 | P15: =+IFERROR(HLOOKUP($B15,'[2]11월누계'!$F$6:$CP$99,3,),)/1000 -> 7174.4458 | Q15: =+P15-O15 -> -4823.5039 | R15: =+IFERROR(HLOOKUP($B15,'[3]11월누계'!$F$6:$CC$57,3,),)/1000 -> 12783.635 | S15: =+P15-R15 -> -5609.1892 | T15: =+IFERROR(HLOOKUP($B15,'[1]11월누계'!$D$6:$BN$259,16,),)/1000 -> 1035.1134 | U15: =+IFERROR(HLOOKUP($B15,'[2]11월누계'!$F$6:$CP$99,16,),)/1000 -> -116.98529 | V15: =+U15-T15 -> -1152.0987 | W15: =+IFERROR(HLOOKUP($B15,'[3]11월누계'!$F$6:$CC$57,16,),)/1000 -> 1184.866 | X15: =+U15-W15 -> -1301.8512 | Y15: =+[12]양산!$Q$85 -> 94472.045 | Z15: =+[12]양산!$R$85 -> 92243.113 | AA15: =+[13]양산!$Q$85 -> 93305.075 | AB15: =+[12]양산!$Q$89 -> 73833.065 | AC15: =+[12]양산!$R$89 -> 73840.834 | AD15: =+[13]양산!$Q$89 -> 73270.586 | AE15: =+Y15-AB15 -> 20638.98 | AF15: =+Z15-AC15 -> 18402.279 | AG15: =+AA15-AD15 -> 20034.489
B16: 창원 | G16: =+I16 -> 창원 | I16: 창원 | J16: =+IFERROR(HLOOKUP($B16,'[1]11월누계'!$D$6:$BN$259,2,),)/1000 -> 141 | K16: =+IFERROR(HLOOKUP($B16,'[2]11월누계'!$F$6:$CP$99,2,),)/1000 -> 104.474 | L16: =+K16-J16 -> -36.526 | M16: =+IFERROR(HLOOKUP($B16,'[3]11월누계'!$F$6:$CC$57,2,),)/1000 -> 184.0425 | N16: =+K16-M16 -> -79.5685 | O16: =+IFERROR(HLOOKUP($B16,'[1]11월누계'!$D$6:$BN$259,3,),)/1000 -> 14177.04 | P16: =+IFERROR(HLOOKUP($B16,'[2]11월누계'!$F$6:$CP$99,3,),)/1000 -> 9969.4654 | Q16: =+P16-O16 -> -4207.5744 | R16: =+IFERROR(HLOOKUP($B16,'[3]11월누계'!$F$6:$CC$57,3,),)/1000 -> 18512.705 | S16: =+P16-R16 -> -8543.2394 | T16: =+IFERROR(HLOOKUP($B16,'[1]11월누계'!$D$6:$BN$259,16,),)/1000 -> 1379.1645 | U16: =+IFERROR(HLOOKUP($B16,'[2]11월누계'!$F$6:$CP$99,16,),)/1000 -> 332.37587 | V16: =+U16-T16 -> -1046.7887 | W16: =+IFERROR(HLOOKUP($B16,'[3]11월누계'!$F$6:$CC$57,16,),)/1000 -> 2572.8557 | X16: =+U16-W16 -> -2240.4798 | Y16: =+[12]창원!$Q$85 -> 100546.38 | Z16: =+[12]창원!$R$85 -> 95425.325 | AA16: =+[13]창원!$Q$85 -> 100589.29 | AB16: =+[12]창원!$Q$89 -> 76035.893 | AC16: =+[12]창원!$R$89 -> 73250.783 | AD16: =+[13]창원!$Q$89 -> 74940.844 | AE16: =+Y16-AB16 -> 24510.489 | AF16: =+Z16-AC16 -> 22174.542 | AG16: =+AA16-AD16 -> 25648.448
B17: 대구 | G17: =+I17 -> 대구 | I17: 대구 | J17: =+IFERROR(HLOOKUP($B17,'[1]11월누계'!$D$6:$BN$259,2,),)/1000 -> 133 | K17: =+IFERROR(HLOOKUP($B17,'[2]11월누계'!$F$6:$CP$99,2,),)/1000 -> 105.1445 | L17: =+K17-J17 -> -27.8555 | M17: =+IFERROR(HLOOKUP($B17,'[3]11월누계'!$F$6:$CC$57,2,),)/1000 -> 171.332 | N17: =+K17-M17 -> -66.1875 | O17: =+IFERROR(HLOOKUP($B17,'[1]11월누계'!$D$6:$BN$259,3,),)/1000 -> 12912.16 | P17: =+IFERROR(HLOOKUP($B17,'[2]11월누계'!$F$6:$CP$99,3,),)/1000 -> 9276.7591 | Q17: =+P17-O17 -> -3635.401 | R17: =+IFERROR(HLOOKUP($B17,'[3]11월누계'!$F$6:$CC$57,3,),)/1000 -> 17088.238 | S17: =+P17-R17 -> -7811.4786 | T17: =+IFERROR(HLOOKUP($B17,'[1]11월누계'!$D$6:$BN$259,16,),)/1000 -> 1200.6712 | U17: =+IFERROR(HLOOKUP($B17,'[2]11월누계'!$F$6:$CP$99,16,),)/1000 -> -44.250532 | V17: =+U17-T17 -> -1244.9217 | W17: =+IFERROR(HLOOKUP($B17,'[3]11월누계'!$F$6:$CC$57,16,),)/1000 -> 2383.4607 | X17: =+U17-W17 -> -2427.7113 | Y17: =+[12]대구!$Q$85 -> 97083.911 | Z17: =+[12]대구!$R$85 -> 88247.535 | AA17: =+[13]대구!$Q$85 -> 99737.352 | AB17: =+[12]대구!$Q$89 -> 73121.619 | AC17: =+[12]대구!$R$89 -> 72869.097 | AD17: =+[13]대구!$Q$89 -> 74594.203 | AE17: =+Y17-AB17 -> 23962.292 | AF17: =+Z17-AC17 -> 15378.438 | AG17: =+AA17-AD17 -> 25143.149
B18: 울산 | G18: =+I18 -> 울산 | I18: 울산 | J18: =+IFERROR(HLOOKUP($B18,'[1]11월누계'!$D$6:$BN$259,2,),)/1000 -> 132.5 | K18: =+IFERROR(HLOOKUP($B18,'[2]11월누계'!$F$6:$CP$99,2,),)/1000 -> 122.4325 | L18: =+K18-J18 -> -10.0675 | M18: =+IFERROR(HLOOKUP($B18,'[3]11월누계'!$F$6:$CC$57,2,),)/1000 -> 121.762 | N18: =+K18-M18 -> 0.6705 | O18: =+IFERROR(HLOOKUP($B18,'[1]11월누계'!$D$6:$BN$259,3,),)/1000 -> 13593.603 | P18: =+IFERROR(HLOOKUP($B18,'[2]11월누계'!$F$6:$CP$99,3,),)/1000 -> 12785.668 | Q18: =+P18-O18 -> -807.93513 | R18: =+IFERROR(HLOOKUP($B18,'[3]11월누계'!$F$6:$CC$57,3,),)/1000 -> 12655.879 | S18: =+P18-R18 -> 129.78903 | T18: =+IFERROR(HLOOKUP($B18,'[1]11월누계'!$D$6:$BN$259,16,),)/1000 -> 1064.7617 | U18: =+IFERROR(HLOOKUP($B18,'[2]11월누계'!$F$6:$CP$99,16,),)/1000 -> 1009.1216 | V18: =+U18-T18 -> -55.640065 | W18: =+IFERROR(HLOOKUP($B18,'[3]11월누계'!$F$6:$CC$57,16,),)/1000 -> 1408.0476 | X18: =+U18-W18 -> -398.92595 | Y18: =+[12]울산!$Q$85 -> 102593.23 | Z18: =+[12]울산!$R$85 -> 104430.35 | AA18: =+[13]울산!$Q$85 -> 103939.48 | AB18: =+[12]울산!$Q$89 -> 82109.359 | AC18: =+[12]울산!$R$89 -> 82860.827 | AD18: =+[13]울산!$Q$89 -> 80482.903 | AE18: =+Y18-AB18 -> 20483.875 | AF18: =+Z18-AC18 -> 21569.519 | AG18: =+AA18-AD18 -> 23456.58
B19: 아산 | G19: =+I19 -> 아산 | I19: 아산 | J19: =+IFERROR(HLOOKUP($B19,'[1]11월누계'!$D$6:$BN$259,2,),)/1000 -> 245 | K19: =+IFERROR(HLOOKUP($B19,'[2]11월누계'!$F$6:$CP$99,2,),)/1000 -> 232.838 | L19: =+K19-J19 -> -12.162 | M19: =+IFERROR(HLOOKUP($B19,'[3]11월누계'!$F$6:$CC$57,2,),)/1000 -> 294.8125 | N19: =+K19-M19 -> -61.9745 | O19: =+IFERROR(HLOOKUP($B19,'[1]11월누계'!$D$6:$BN$259,3,),)/1000 -> 25235 | P19: =+IFERROR(HLOOKUP($B19,'[2]11월누계'!$F$6:$CP$99,3,),)/1000 -> 22550.87 | Q19: =+P19-O19 -> -2684.1305 | R19: =+IFERROR(HLOOKUP($B19,'[3]11월누계'!$F$6:$CC$57,3,),)/1000 -> 29720.66 | S19: =+P19-R19 -> -7169.7906 | T19: =+IFERROR(HLOOKUP($B19,'[1]11월누계'!$D$6:$BN$259,16,),)/1000 -> 3254.013 | U19: =+IFERROR(HLOOKUP($B19,'[2]11월누계'!$F$6:$CP$99,16,),)/1000 -> 1019.9201 | V19: =+U19-T19 -> -2234.0929 | W19: =+IFERROR(HLOOKUP($B19,'[3]11월누계'!$F$6:$CC$57,16,),)/1000 -> 4128.2181 | X19: =+U19-W19 -> -3108.298 | Y19: =+[12]아산!$Q$85 -> 103000 | Z19: =+[12]아산!$R$85 -> 96842.873 | AA19: =+[13]아산!$Q$85 -> 100750.65 | AB19: =+[12]아산!$Q$89 -> 78416.992 | AC19: =+[12]아산!$R$89 -> 81101.341 | AD19: =+[13]아산!$Q$89 -> 77303.283 | AE19: =+Y19-AB19 -> 24583.008 | AF19: =+Z19-AC19 -> 15741.533 | AG19: =+AA19-AD19 -> 23447.363
B20: 전주 | G20: =+I20 -> 전주 | I20: 전주 | J20: =+IFERROR(HLOOKUP($B20,'[1]11월누계'!$D$6:$BN$259,2,),)/1000 -> 119 | K20: =+IFERROR(HLOOKUP($B20,'[2]11월누계'!$F$6:$CP$99,2,),)/1000 -> 143.8495 | L20: =+K20-J20 -> 24.8495 | M20: =+IFERROR(HLOOKUP($B20,'[3]11월누계'!$F$6:$CC$57,2,),)/1000 -> 94.2685 | N20: =+K20-M20 -> 49.581 | O20: =+IFERROR(HLOOKUP($B20,'[1]11월누계'!$D$6:$BN$259,3,),)/1000 -> 11757.926 | P20: =+IFERROR(HLOOKUP($B20,'[2]11월누계'!$F$6:$CP$99,3,),)/1000 -> 14030.649 | Q20: =+P20-O20 -> 2272.7233 | R20: =+IFERROR(HLOOKUP($B20,'[3]11월누계'!$F$6:$CC$57,3,),)/1000 -> 9096.3854 | S20: =+P20-R20 -> 4934.2636 | T20: =+IFERROR(HLOOKUP($B20,'[1]11월누계'!$D$6:$BN$259,16,),)/1000 -> 1352.8966 | U20: =+IFERROR(HLOOKUP($B20,'[2]11월누계'!$F$6:$CP$99,16,),)/1000 -> 1412.7517 | V20: =+U20-T20 -> 59.855104 | W20: =+IFERROR(HLOOKUP($B20,'[3]11월누계'!$F$6:$CC$57,16,),)/1000 -> 629.36368 | X20: =+U20-W20 -> 783.38801 | Y20: =+[12]전주!$Q$85 -> 98806.098 | Z20: =+[12]전주!$R$85 -> 97537.199 | AA20: =+[13]전주!$Q$85 -> 96496.299 | AB20: =+[12]전주!$Q$89 -> 73242.607 | AC20: =+[12]전주!$R$89 -> 75742.001 | AD20: =+[13]전주!$Q$89 -> 72512.447 | AE20: =+Y20-AB20 -> 25563.492 | AF20: =+Z20-AC20 -> 21795.198 | AG20: =+AA20-AD20 -> 23983.852
B21: 군산 | G21: =+I21 -> 군산 | I21: 군산 | J21: =+IFERROR(HLOOKUP($B21,'[1]11월누계'!$D$6:$BN$259,2,),)/1000 -> 77.5 | K21: =+IFERROR(HLOOKUP($B21,'[2]11월누계'!$F$6:$CP$99,2,),)/1000 -> 52.211 | L21: =+K21-J21 -> -25.289 | M21: =+IFERROR(HLOOKUP($B21,'[3]11월누계'!$F$6:$CC$57,2,),)/1000 -> 92.7335 | N21: =+K21-M21 -> -40.5225 | O21: =+IFERROR(HLOOKUP($B21,'[1]11월누계'!$D$6:$BN$259,3,),)/1000 -> 8601.7146 | P21: =+IFERROR(HLOOKUP($B21,'[2]11월누계'!$F$6:$CP$99,3,),)/1000 -> 5750.005 | Q21: =+P21-O21 -> -2851.7096 | R21: =+IFERROR(HLOOKUP($B21,'[3]11월누계'!$F$6:$CC$57,3,),)/1000 -> 10452.618 | S21: =+P21-R21 -> -4702.6128 | T21: =+IFERROR(HLOOKUP($B21,'[1]11월누계'!$D$6:$BN$259,16,),)/1000 -> 2047.8773 | U21: =+IFERROR(HLOOKUP($B21,'[2]11월누계'!$F$6:$CP$99,16,),)/1000 -> 1041.032 | V21: =+U21-T21 -> -1006.8452 | W21: =+IFERROR(HLOOKUP($B21,'[3]11월누계'!$F$6:$CC$57,16,),)/1000 -> 2843.8162 | X21: =+U21-W21 -> -1802.7842 | Y21: =+[12]군산!$Q$85 -> 110989.87 | Z21: =+[12]군산!$R$85 -> 110116.6 | AA21: =+[13]군산!$Q$85 -> 112730.49 | AB21: =+[12]군산!$Q$89 -> 72654.646 | AC21: =+[12]군산!$R$89 -> 72333.97 | AD21: =+[13]군산!$Q$89 -> 72387.6 | AE21: =+Y21-AB21 -> 38335.219 | AF21: =+Z21-AC21 -> 37782.629 | AG21: =+AA21-AD21 -> 40342.89
B22: 원주 | G22: =+I22 -> 원주 | I22: 원주 | J22: =+IFERROR(HLOOKUP($B22,'[1]11월누계'!$D$6:$BN$259,2,),)/1000 -> 51 | K22: =+IFERROR(HLOOKUP($B22,'[2]11월누계'!$F$6:$CP$99,2,),)/1000 -> 31.592 | L22: =+K22-J22 -> -19.408 | M22: =+IFERROR(HLOOKUP($B22,'[3]11월누계'!$F$6:$CC$57,2,),)/1000 -> 60.471 | N22: =+K22-M22 -> -28.879 | O22: =+IFERROR(HLOOKUP($B22,'[1]11월누계'!$D$6:$BN$259,3,),)/1000 -> 5712 | P22: =+IFERROR(HLOOKUP($B22,'[2]11월누계'!$F$6:$CP$99,3,),)/1000 -> 3480.5457 | Q22: =+P22-O22 -> -2231.4543 | R22: =+IFERROR(HLOOKUP($B22,'[3]11월누계'!$F$6:$CC$57,3,),)/1000 -> 6790.7076 | S22: =+P22-R22 -> -3310.1619 | T22: =+IFERROR(HLOOKUP($B22,'[1]11월누계'!$D$6:$BN$259,16,),)/1000 -> 948.38752 | U22: =+IFERROR(HLOOKUP($B22,'[2]11월누계'!$F$6:$CP$99,16,),)/1000 -> 226.23234 | V22: =+U22-T22 -> -722.15518 | W22: =+IFERROR(HLOOKUP($B22,'[3]11월누계'!$F$6:$CC$57,16,),)/1000 -> 1329.3867 | X22: =+U22-W22 -> -1103.1543 | Y22: =+[12]원주!$Q$85 -> 112000 | Z22: =+[12]원주!$R$85 -> 110173.28 | AA22: =+[13]원주!$Q$85 -> 112301.91 | AB22: =+[12]원주!$Q$89 -> 73293.271 | AC22: =+[12]원주!$R$89 -> 72244.01 | AD22: =+[13]원주!$Q$89 -> 73905.733 | AE22: =+Y22-AB22 -> 38706.729 | AF22: =+Z22-AC22 -> 37929.266 | AG22: =+AA22-AD22 -> 38396.177
B23: 제주 | F23: =+K27-J27 -> -447.21268 | G23: =+I23 -> 제주 | I23: 제주 | J23: =+IFERROR(HLOOKUP($B23,'[1]11월누계'!$D$6:$BN$259,2,),)/1000 -> 90 | K23: =+IFERROR(HLOOKUP($B23,'[2]11월누계'!$F$6:$CP$99,2,),)/1000 -> 58.189 | L23: =+K23-J23 -> -31.811 | M23: =+IFERROR(HLOOKUP($B23,'[3]11월누계'!$F$6:$CC$57,2,),)/1000 -> 37.4065 | N23: =+K23-M23 -> 20.7825 | O23: =+IFERROR(HLOOKUP($B23,'[1]11월누계'!$D$6:$BN$259,3,),)/1000 -> 11056.797 | P23: =+IFERROR(HLOOKUP($B23,'[2]11월누계'!$F$6:$CP$99,3,),)/1000 -> 7194.2769 | Q23: =+P23-O23 -> -3862.5196 | R23: =+IFERROR(HLOOKUP($B23,'[3]11월누계'!$F$6:$CC$57,3,),)/1000 -> 4646.6721 | S23: =+P23-R23 -> 2547.6048 | T23: =+IFERROR(HLOOKUP($B23,'[1]11월누계'!$D$6:$BN$259,16,),)/1000 -> 1777.4591 | U23: =+IFERROR(HLOOKUP($B23,'[2]11월누계'!$F$6:$CP$99,16,),)/1000 -> 662.71735 | V23: =+U23-T23 -> -1114.7418 | W23: =+IFERROR(HLOOKUP($B23,'[3]11월누계'!$F$6:$CC$57,16,),)/1000 -> 318.37748 | X23: =+U23-W23 -> 344.33987 | Y23: =+[12]제주!$Q$85 -> 122853.29 | Z23: =+[12]제주!$R$85 -> 123467.34 | AA23: =+[13]제주!$Q$85 -> 124220.98 | AB23: =+[12]제주!$Q$89 -> 91117.351 | AC23: =+[12]제주!$R$89 -> 93360.744 | AD23: =+[13]제주!$Q$89 -> 89473.328 | AE23: =+Y23-AB23 -> 31735.944 | AF23: =+Z23-AC23 -> 30106.594 | AG23: =+AA23-AD23 -> 34747.652
F24: =+K24/J24 -> 0.82217581 | G24: =+I24 -> 수도권 | I24: 수도권 | J24: =SUM(J7:J10) -> 1111 | K24: =SUM(K7:K10) -> 913.43732 | L24: =+K24-J24 -> -197.56268 | M24: =SUM(M7:M10) -> 1106.8135 | N24: =+K24-M24 -> -193.37618 | O24: =SUM(O7:O10) -> 109273.84 | P24: =SUM(P7:P10) -> 87591.137 | Q24: =+P24-O24 -> -21682.702 | R24: =SUM(R7:R10) -> 108881.82 | S24: =+P24-R24 -> -21290.684 | T24: =SUM(T7:T10) -> 8103.1169 | U24: =SUM(U7:U10) -> 2067.6991 | V24: =+U24-T24 -> -6035.4179 | W24: =SUM(W7:W10) -> 8340.3936 | X24: =+U24-W24 -> -6272.6945 | Y24: =+[12]수도권!$Q$85 -> 98356.29 | Z24: =+[12]수도권!$R$85 -> 95931.409 | AA24: =+[13]수도권!$Q$85 -> 98382.993 | AB24: =+[12]수도권!$Q$89 -> 80995.388 | AC24: =+[12]수도권!$R$89 -> 81195.504 | AD24: =+[13]수도권!$Q$89 -> 81005.534 | AE24: =+Y24-AB24 -> 17360.902 | AF24: =+Z24-AC24 -> 14735.905 | AG24: =+AA24-AD24 -> 17377.458
F25: =+K25/J25 -> 0.86043597 | G25: =+I25 -> 영남권 | I25: 영남권 | J25: =SUM(J11:J18) -> 1331.5 | K25: =SUM(K11:K18) -> 1145.6705 | L25: =+K25-J25 -> -185.8295 | M25: =SUM(M11:M18) -> 1419.4335 | N25: =+K25-M25 -> -273.763 | O25: =SUM(O11:O18) -> 133855.61 | P25: =SUM(P11:P18) -> 113261.08 | Q25: =+P25-O25 -> -20594.527 | R25: =SUM(R11:R18) -> 142803.67 | S25: =+P25-R25 -> -29542.583 | T25: =SUM(T11:T18) -> 11856.294 | U25: =SUM(U11:U18) -> 6136.2996 | V25: =+U25-T25 -> -5719.994 | W25: =SUM(W11:W18) -> 14879.504 | X25: =+U25-W25 -> -8743.2049 | Y25: =+[12]영남권!$Q$85 -> 100529.94 | Z25: =+[12]영남권!$R$85 -> 98880.71 | AA25: =+[13]영남권!$Q$85 -> 100621.44 | AB25: =+[12]영남권!$Q$89 -> 79003.411 | AC25: =+[12]영남권!$R$89 -> 79496.799 | AD25: =+[13]영남권!$Q$89 -> 78632.623 | AE25: =+Y25-AB25 -> 21526.524 | AF25: =+Z25-AC25 -> 19383.911 | AG25: =+AA25-AD25 -> 21988.812
F26: =+K26/J26 -> 0.89043691 | G26: =+I26 -> 중부권 | I26: 중부권 | J26: =SUM(J19:J23) -> 582.5 | K26: =SUM(K19:K23) -> 518.6795 | L26: =+K26-J26 -> -63.8205 | M26: =SUM(M19:M23) -> 579.692 | N26: =+K26-M26 -> -61.0125 | O26: =SUM(O19:O23) -> 62363.437 | P26: =SUM(P19:P23) -> 53006.346 | Q26: =+P26-O26 -> -9357.0907 | R26: =SUM(R19:R23) -> 60707.043 | S26: =+P26-R26 -> -7700.6969 | T26: =SUM(T19:T23) -> 9380.6335 | U26: =SUM(U19:U23) -> 4362.6535 | V26: =+U26-T26 -> -5017.98 | W26: =SUM(W19:W23) -> 9249.1621 | X26: =+U26-W26 -> -4886.5086 | Y26: =+[12]중부권!$Q$85 -> 107061.69 | Z26: =+[12]중부권!$R$85 -> 102100.28 | AA26: =+[13]중부권!$Q$85 -> 104705.88 | AB26: =+[12]중부권!$Q$89 -> 78106.93 | AC26: =+[12]중부권!$R$89 -> 79527.053 | AD26: =+[13]중부권!$Q$89 -> 76169.705 | AE26: =+Y26-AB26 -> 28954.764 | AF26: =+Z26-AC26 -> 22573.222 | AG26: =+AA26-AD26 -> 28536.173
F27: =+K27/M27 -> 0.82995427 | G27: =+K27/J27 -> 0.8521611 | H27: 레미콘 계 | J27: =SUM(J24:J26) -> 3025 | K27: =SUM(K24:K26) -> 2577.7873 | L27: =+K27-J27 -> -447.21268 | M27: =SUM(M24:M26) -> 3105.939 | N27: =+K27-M27 -> -528.15168 | O27: =SUM(O24:O26) -> 305492.88 | P27: =SUM(P24:P26) -> 253858.57 | Q27: =+P27-O27 -> -51634.319 | R27: =SUM(R24:R26) -> 312392.53 | S27: =+P27-R27 -> -58533.964 | T27: =SUM(T24:T26) -> 29340.044 | U27: =SUM(U24:U26) -> 12566.652 | V27: =+U27-T27 -> -16773.392 | W27: =SUM(W24:W26) -> 32469.06 | X27: =+U27-W27 -> -19902.408 | Y27: =+[12]합계!$Q$85 -> 100989.38 | Z27: =+[12]합계!$R$85 -> 98487.388 | AA27: =+[13]합계!$Q$85 -> 100586.23 | AB27: =+[12]합계!$Q$89 -> 79562.382 | AC27: =+[12]합계!$R$89 -> 80101.036 | AD27: =+[13]합계!$Q$89 -> 79017.06 | AE27: =+Y27-AB27 -> 21427.001 | AF27: =+Z27-AC27 -> 18386.353 | AG27: =+AA27-AD27 -> 21569.169 | AJ27: =+P27/O27 -> 0.83098029 | AK27: =+P27/R27 -> 0.81262688
B28: 건자재 | E28: 건자재영업 | G28: 건자재 | H28: 건자재 | J28: =+IFERROR(HLOOKUP($B28,'[1]11월누계'!$D$6:$BN$259,2,),) -> 124500 | K28: =+IFERROR(HLOOKUP($E28,'[2]11월누계'!$F$6:$CP$99,2,),) -> 100870.89 | L28: =+K28-J28 -> -23629.108 | M28: =+IFERROR(HLOOKUP($E28,'[3]11월누계'!$F$6:$CC$57,2,),) -> 97161.154 | N28: =+K28-M28 -> 3709.738 | O28: =+IFERROR(HLOOKUP($B28,'[1]11월누계'!$D$6:$BN$259,3,),)/1000 -> 135896.4 | P28: =+IFERROR(HLOOKUP($E28,'[2]11월누계'!$F$6:$CP$99,3,),)/1000 -> 92280.217 | Q28: =+P28-O28 -> -43616.18 | R28: =+IFERROR(HLOOKUP($E28,'[3]11월누계'!$F$6:$CC$57,3,),)/1000 -> 96553.945 | S28: =+P28-R28 -> -4273.7287 | T28: =+IFERROR(HLOOKUP($B28,'[1]11월누계'!$D$6:$BN$259,16,),)/1000 -> 2263.1249 | U28: =+IFERROR(HLOOKUP($E28,'[2]11월누계'!$F$6:$CP$99,16,),)/1000 -> -53.758588 | V28: =+U28-T28 -> -2316.8835 | W28: =+IFERROR(HLOOKUP($E28,'[3]11월누계'!$F$6:$CC$57,16,),)/1000 -> 601.86035 | X28: =+U28-W28 -> -655.61894 | Y28: ■ 비고 | AJ28: =+P28/O28 -> 0.6790483 | AK28: =+P28/R28 -> 0.9557374
B29: 부산모래장 | C29: 부산골재 | F29: =+K29/J29 -> 1.1043603 | G29: =+I29 -> 부산모래장 | H29: 골재 | I29: 부산모래장 | J29: =+IFERROR(HLOOKUP($B29,'[1]11월누계'!$D$6:$BN$259,2,),)/1000 -> 233.87295 | K29: =+IFERROR(HLOOKUP($C29,'[2]11월누계'!$F$6:$CP$99,2,),)/1000 -> 258.28 | L29: =+K29-J29 -> 24.407048 | M29: =+IFERROR(HLOOKUP($C29,'[3]11월누계'!$F$6:$CC$57,2,),)/1000 -> 215.318 | N29: =+K29-M29 -> 42.962 | O29: =+IFERROR(HLOOKUP($B29,'[1]11월누계'!$D$6:$BN$259,3,),)/1000 -> 6748.4619 | P29: =+IFERROR(HLOOKUP($C29,'[2]11월누계'!$F$6:$CP$99,3,),)/1000 -> 7351.7481 | Q29: =+P29-O29 -> 603.28623 | R29: =+IFERROR(HLOOKUP($C29,'[3]11월누계'!$F$6:$CC$57,3,),)/1000 -> 6284.2151 | S29: =+P29-R29 -> 1067.533 | T29: =+IFERROR(HLOOKUP($B29,'[1]11월누계'!$D$6:$BN$259,21,),)/1000 -> 762.58579 | U29: =+IFERROR(HLOOKUP($C29,'[2]11월누계'!$F$6:$CP$99,21,),)/1000 -> 124.33492 | V29: =+U29-T29 -> -638.25087 | W29: =+IFERROR(HLOOKUP($C29,'[3]11월누계'!$F$6:$CC$57,21,),)/1000 -> 361.02867 | X29: =+U29-W29 -> -236.69375
B30: 서부산크라샤 | C30: 서부산골재 | F30: =+K30/J30 -> 0.49692075 | G30: =+I30 -> 서부산CR | I30: 서부산CR | J30: =+IFERROR(HLOOKUP($B30,'[1]11월누계'!$D$6:$BN$259,2,),)/1000 -> 531.48917 | K30: =+IFERROR(HLOOKUP($C30,'[2]11월누계'!$F$6:$CP$99,2,),)/1000 -> 264.108 | L30: =+K30-J30 -> -267.38117 | M30: =+IFERROR(HLOOKUP($C30,'[3]11월누계'!$F$6:$CC$57,2,),)/1000 -> 171.092 | N30: =+K30-M30 -> 93.016 | O30: =+IFERROR(HLOOKUP($B30,'[1]11월누계'!$D$6:$BN$259,3,),)/1000 -> 7767.1768 | P30: =+IFERROR(HLOOKUP($C30,'[2]11월누계'!$F$6:$CP$99,3,),)/1000 -> 3587.558 | Q30: =+P30-O30 -> -4179.6188 | R30: =+IFERROR(HLOOKUP($C30,'[3]11월누계'!$F$6:$CC$57,3,),)/1000 -> 2402.163 | S30: =+P30-R30 -> 1185.395 | T30: =+IFERROR(HLOOKUP($B30,'[1]11월누계'!$D$6:$BN$259,21,),)/1000 -> 1289.8228 | U30: =+IFERROR(HLOOKUP($C30,'[2]11월누계'!$F$6:$CP$99,21,),)/1000 -> 202.97821 | V30: =+U30-T30 -> -1086.8446 | W30: =+IFERROR(HLOOKUP($C30,'[3]11월누계'!$F$6:$CC$57,21,),)/1000 -> -126.93228 | X30: =+U30-W30 -> 329.91049
B31: 부산크라샤 | C31: 부산크라샤 | F31: =+K31/J31 -> 0.61425866 | G31: =+I31 -> 부산CR | I31: 부산CR | J31: =+IFERROR(HLOOKUP($B31,'[1]11월누계'!$D$6:$BN$259,2,),)/1000 -> 320.08991 | K31: =+IFERROR(HLOOKUP($C31,'[2]11월누계'!$F$6:$CP$99,2,),)/1000 -> 196.618 | L31: =+K31-J31 -> -123.47191 | M31: =+IFERROR(HLOOKUP($C31,'[3]11월누계'!$F$6:$CC$57,2,),)/1000 -> 394.021 | N31: =+K31-M31 -> -197.403 | O31: =+IFERROR(HLOOKUP($B31,'[1]11월누계'!$D$6:$BN$259,3,),)/1000 -> 5458.4001 | P31: =+IFERROR(HLOOKUP($C31,'[2]11월누계'!$F$6:$CP$99,3,),)/1000 -> 3784.1814 | Q31: =+P31-O31 -> -1674.2187 | R31: =+IFERROR(HLOOKUP($C31,'[3]11월누계'!$F$6:$CC$57,3,),)/1000 -> 7103.2515 | S31: =+P31-R31 -> -3319.0701 | T31: =+IFERROR(HLOOKUP($B31,'[1]11월누계'!$D$6:$BN$259,21,),)/1000 -> -28.233735 | U31: =+IFERROR(HLOOKUP($C31,'[2]11월누계'!$F$6:$CP$99,21,),)/1000 -> -1333.2007 | V31: =+U31-T31 -> -1304.9669 | W31: =+IFERROR(HLOOKUP($C31,'[3]11월누계'!$F$6:$CC$57,21,),)/1000 -> -528.20053 | X31: =+U31-W31 -> -805.00013
F32: =+K32/J32 -> 0.66240237 | H32: 골재 계 | J32: =SUM(J29:J31) -> 1085.452 | K32: =SUM(K29:K31) -> 719.006 | L32: =+K32-J32 -> -366.44604 | M32: =SUM(M29:M31) -> 780.431 | N32: =+K32-M32 -> -61.425 | O32: =SUM(O29:O31) -> 19974.039 | P32: =SUM(P29:P31) -> 14723.488 | Q32: =+P32-O32 -> -5250.5513 | R32: =SUM(R29:R31) -> 15789.63 | S32: =+P32-R32 -> -1066.1421 | T32: =SUM(T29:T31) -> 2024.1749 | U32: =SUM(U29:U31) -> -1005.8875 | V32: =+U32-T32 -> -3030.0624 | W32: =SUM(W29:W31) -> -294.10414 | X32: =+U32-W32 -> -711.7834 | AJ32: =+P32/O32 -> 0.73713122 | AK32: =+P32/R32 -> 0.93247833
B33: 포항임대 | C33: 속초임대 | D33: 강릉임대 | E33: 레미콘임대 계 | G33: =+I33 -> 레미콘임대 | H33: 기타 | I33: 레미콘임대 | L33: =+K33-J33 -> 0 | N33: =+K33-M33 -> 0 | O33: =(IFERROR(HLOOKUP($B33,'[1]11월누계'!$D$6:$BN$259,3,),)++IFERROR(HLOOKUP($C33,'[1]11월누계'!$D$6:$BN$259,3,),)+IFERROR(HLOOKUP($D33,'[1]11월누계'!$D$6:$BN$259,3,),))/1000 -> 805.85333 | P33: =+IFERROR(HLOOKUP($E33,'[2]11월누계'!$F$6:$CP$99,3,),)/1000 -> 594.24 | Q33: =+P33-O33 -> -211.61333 | R33: =+IFERROR(HLOOKUP($E33,'[3]11월누계'!$F$6:$CC$57,3,),)/1000 -> 999.24 | S33: =+P33-R33 -> -405 | T33: =(IFERROR(HLOOKUP($B33,'[1]11월누계'!$D$6:$BN$259,21,),)++IFERROR(HLOOKUP($C33,'[1]11월누계'!$D$6:$BN$259,21,),)+IFERROR(HLOOKUP($D33,'[1]11월누계'!$D$6:$BN$259,21,),))/1000 -> 560.12852 | U33: =+IFERROR(HLOOKUP($E33,'[2]11월누계'!$F$6:$CP$99,16,),)/1000 -> 325.2656 | V33: =+U33-T33 -> -234.86292 | W33: =+IFERROR(HLOOKUP($E33,'[3]11월누계'!$F$6:$CC$57,16,),)/1000 -> 695.34818 | X33: =+U33-W33 -> -370.08258
B34: 부동산임대 | C34: 주유소임대 | E34: 임대 계 | G34: =+I34 -> 임대 | I34: 임대 | L34: =+K34-J34 -> 0 | M34: 0 | N34: =+K34-M34 -> 0 | O34: =(+IFERROR(HLOOKUP($B34,'[1]11월누계'!$D$6:$BN$259,3,),)+IFERROR(HLOOKUP($C34,'[1]11월누계'!$D$6:$BN$259,3,),))/1000 -> 816.7065 | P34: =+IFERROR(HLOOKUP($E34,'[2]11월누계'!$F$6:$CP$99,3,),)/1000 -> 811.27929 | Q34: =+P34-O34 -> -5.427207 | R34: =+IFERROR(HLOOKUP($E34,'[3]11월누계'!$F$6:$CC$57,3,),)/1000 -> 803.15053 | S34: =+P34-R34 -> 8.128763 | T34: =(+IFERROR(HLOOKUP($B34,'[1]11월누계'!$D$6:$BN$259,21,),)+IFERROR(HLOOKUP($C34,'[1]11월누계'!$D$6:$BN$259,21,),))/1000 -> 742.96783 | U34: =+IFERROR(HLOOKUP($E34,'[2]11월누계'!$F$6:$CP$99,16,),)/1000 -> 743.13901 | V34: =+U34-T34 -> 0.171178 | W34: =+IFERROR(HLOOKUP($E34,'[3]11월누계'!$F$6:$CC$57,16,),)/1000 -> 725.77006 | X34: =+U34-W34 -> 17.368946
B35: 공 통 비 | G35: =+I35 -> 공통비 | I35: 공통비 | L35: =+K35-J35 -> 0 | N35: =+K35-M35 -> 0 | Q35: =+P35-O35 -> 0 | S35: =+P35-R35 -> 0 | T35: =-'[1]11월누계'!$Z$22/1000 -> -16603.926 | U35: =+-'[2]11월누계'!$Z$22/1000 -> -16818.112 | V35: =+U35-T35 -> -214.18512 | W35: =+-'[3]11월누계'!$Z$22/1000 -> -15353.848 | X35: =+U35-W35 -> -1464.2634
G36: =+I36 -> OPC 소급분 | I36: OPC 소급분 | N36: =+K36-M36 -> 0 | Q36: =+P36-O36 -> 0 | S36: =+P36-R36 -> 0 | U36: ='[2]11월누계'!$BD$26/1000 -> 895.54377 | V36: =+U36-T36 -> 895.54377 | W36: ='[3]11월누계'!$BD$26/1000 -> 991.78824 | X36: =+U36-W36 -> -96.24447
G37: =+I37 -> 대손 | I37: 대손 | N37: =+K37-M37 -> 0 | Q37: =+P37-O37 -> 0 | S37: =+P37-R37 -> 0 | U37: ='[2]11월누계'!$BE$26/1000 -> -1243.0001 | V37: =+U37-T37 -> -1243.0001 | W37: ='[3]11월누계'!$BE$26/1000 -> -573.85933 | X37: =+U37-W37 -> -669.14074
G38: =+I38 -> 미운영 공장 | I38: 미운영 공장 | M38: =SUM(M54:M59) -> 0 | N38: =+K38-M38 -> 0 | Q38: =+P38-O38 -> 0 | R38: =+IFERROR(HLOOKUP($I$38,'[3]11월누계'!$F$6:$BJ$50,3,),)/1000 -> 0 | S38: =+P38-R38 -> 0 | T38: =SUM('[1]11월누계'!$AM$26:$AQ$26)/1000 -> -317.83484 | U38: =+'[2]11월누계'!$BF$26/1000 -> -316.47909 | V38: =+U38-T38 -> 1.355746 | W38: =+'[3]11월누계'!$BF$26/1000 -> -405.12094 | X38: =+U38-W38 -> 88.641848
B39: 기타 계 | G39: =+I39 -> 퇴직위로금 | I39: 퇴직위로금 | U39: =+'[2]11월누계'!$BG$26/1000 -> -759.34319 | V39: =+U39-T39 -> -759.34319 | X39: =+U39-W39 -> -759.34319
G40: =+I40 -> 기타 | I40: 기타 | L40: =+K40-J40 -> 0 | N40: =+K40-M40 -> 0 | O40: =IFERROR(HLOOKUP($B39,'[1]11월누계'!$D$6:$BN$259,3,),)/1000 -> 19.47 | P40: =+('[2]11월누계'!$F$8-SUM('[2]11월누계'!$Z$8,'[2]11월누계'!$AH$8,'[2]11월누계'!$AN$8,'[2]11월누계'!$AO$8,'[2]11월누계'!$BA$8,'[2]11월누계'!$BD$8,'[2]11월누계'!$BE$8,'[2]11월누계'!$BF$8))/1000 -> 18.52375 | Q40: =+P40-O40 -> -0.94625 | R40: =+('[3]11월누계'!$F$8-SUM('[3]11월누계'!$Z$8,'[3]11월누계'!$AH$8,'[3]11월누계'!$AN$8,'[3]11월누계'!$AO$8,'[3]11월누계'!$BA$8,'[3]11월누계'!$BD$8,'[3]11월누계'!$BE$8,'[3]11월누계'!$BF$8))/1000 -> 19.305 | S40: =+P40-R40 -> -0.78125 | T40: =+('[1]11월누계'!$E$26-'[1]11월누계'!$Z$26-'[1]11월누계'!$AA$26-'[1]11월누계'!$AE$26-'[1]11월누계'!$AL$26-'[1]11월누계'!$AM$26-'[1]11월누계'!$AN$26-'[1]11월누계'!$AO$26-'[1]11월누계'!$AP$26-'[1]11월누계'!$AQ$26-'[1]11월누계'!$AS$26)/1000+'[1]11월누계'!$AS$26/1000 -> -769.9834 | U40: =+('[2]11월누계'!$F$26-SUM('[2]11월누계'!$Z$26,'[2]11월누계'!$AH$26,'[2]11월누계'!$AN$26,'[2]11월누계'!$AO$26,'[2]11월누계'!$BA$26,'[2]11월누계'!$BD$26,'[2]11월누계'!$BE$26,'[2]11월누계'!$BF$26))/1000-U39 -> -95.060421 | V40: =+U40-T40 -> 674.92298 | W40: =+('[3]11월누계'!$F$26-SUM('[3]11월누계'!$Z$26,'[3]11월누계'!$AH$26,'[3]11월누계'!$AN$26,'[3]11월누계'!$AO$26,'[3]11월누계'!$BA$26,'[3]11월누계'!$BD$26,'[3]11월누계'!$BE$26,'[3]11월누계'!$BF$26))/1000 -> -232.93251 | X40: =+U40-W40 -> 137.87209
H41: 기타 계 | J41: =SUM(J33:J40) -> 0 | K41: =SUM(K33:K40) -> 0 | L41: =+K41-J41 -> 0 | M41: =SUM(M33:M40) -> 0 | N41: =+K41-M41 -> 0 | O41: =SUM(O33:O40) -> 1642.0298 | P41: =SUM(P33:P40) -> 1424.043 | Q41: =+P41-O41 -> -217.98679 | R41: =SUM(R33:R40) -> 1821.6955 | S41: =+P41-R41 -> -397.65249 | T41: =SUM(T33:T40) -> -16388.648 | U41: =SUM(U33:U40) -> -17268.046 | V41: =+U41-T41 -> -879.39763 | W41: =SUM(W33:W40) -> -14152.855 | X41: =+U41-W41 -> -3115.1915 | AJ41: =+P41/O41 -> 0.86724554 | AK41: =+P41/R41 -> 0.78171298
U42: 19 | V42: 12.4
G43: =+P43/O43 -> 0.7824668 | H43: 합계 | O43: =+O27+O32+O28+O41 -> 463005.35 | P43: =+P27+P32+P28+P41 -> 362286.31 | Q43: =+P43-O43 -> -100719.04 | R43: =+R27+R32+R28+R41 -> 426557.8 | S43: =+P43-R43 -> -64271.487 | T43: =+T27+T32+T28+T41 -> 17238.695 | U43: =+U27+U32+U28+U41 -> -5761.04 | V43: =+U43-T43 -> -22999.735 | W43: =+W27+W32+W28+W41 -> 18623.962 | X43: =+U43-W43 -> -24385.002 | AJ43: =+P43/O43 -> 0.7824668 | AK43: =+P43/R43 -> 0.84932526
G44: =+U43/T43 -> -0.33419234 | K44: =+K28/J28 -> 0.81020797 | M44: =+K28/M28 -> 1.0381813 | P44: =+P43/O43 -> 0.7824668 | R44: =+P43/R43 -> 0.84932526 | T44: =+T43/O43 -> 0.037232173 | U44: =+U43/P43 -> -0.015901898 | V44: =+V43/100 -> -229.99735 | X44: =+X43/100 -> -243.85002
K45: =+K32/J32 -> 0.66240237 | M45: =+K32/M32 -> 0.92129349
I46: 확인 | J46: =+'[1]11월누계'!$Z$7/1000 -> 3025 | K46: =+'[2]11월누계'!$AI$7/1000 -> 2577.7873 | M46: =+'[3]11월누계'!$Z$7/1000 -> 3105.939 | O46: =+'[1]11월누계'!$E$8/1000 -> 463005.35 | P46: =+'[2]11월누계'!$F$8/1000 -> 362286.31 | R46: =+'[3]11월누계'!$F$8/1000 -> 426557.8 | T46: =+'[1]11월누계'!$E$26/1000 -> 17238.695 | U46: =+'[2]11월누계'!$F$26/1000 -> -5761.04 | W46: =+'[3]11월누계'!$F$26/1000 -> 18623.962
J47: =+J46-J27 -> 0 | K47: =+K46-K27 -> 0 | M47: =+M46-M27 -> 0 | O47: =+O46-O43 -> 0 | P47: =+P46-P43 -> 0 | R47: =+R46-R43 -> 0 | T47: =+T46-T43 -> -6.9121597e-11 | U47: =+U46-U43 -> 0 | W47: =+W46-W43 -> 0
O49: =+O43-O28 -> 327108.95 | P49: =+P43-P28 -> 270006.1 | Q49: =+P49-O49 -> -57102.857
O50: =+O49/100 -> 3271.0895 | P50: =+P49/100 -> 2700.061 | Q50: =+P50-O50 -> -571.02857 | S50: 레미콘 | T50: =(+T27+T35)/100 -> 127.36117 | U50: =(+U27+U35)/100 -> -42.514595 | V50: =+U50-T50 -> -169.87577 | W50: =+U50/T50-1 -> -1.3338113
Q51: =+P50/O50 -> 0.82543169 | S51: 골재 | T51: =+T32/100 -> 20.241749 | U51: =+U32/100 -> -10.058875 | V51: =+U51-T51 -> -30.300624 | Y51: - OPC 소급분 : 삼표 2.5억(총 9.9억 中 1회차) → 8~11월누계 총 4회 소급예정
S52: 임대 | T52: =(T33+T34)/100 -> 13.030964 | U52: =(U33+U34)/100 -> 10.684046 | V52: =+U52-T52 -> -2.3469174
S53: 기타 | T53: =((T46-T28)/100)-T50-T51-T52 -> -10.878182 | U53: =((U46-U28)/100)-U50-U51-U52 -> -15.18339 | V53: =+U53-T53 -> -4.3052076
T54: =SUM(T52:T53) -> 2.1527812 | U54: =SUM(U52:U53) -> -4.4993439 | V54: =SUM(V52:V53) -> -6.6521251
T55: =SUM(T50:T53) -> 149.7557 | U55: =SUM(U50:U53) -> -57.072814 | V55: =+U55-T55 -> -206.82852
J57: =+J32*1000 -> 1085452 | K57: =+K32*1000 -> 719006 | L57: =+K57-J57 -> -366446.04
J58: =+T32/100 -> 20.241749 | K58: =+U32/100 -> -10.058875 | L58: =+K58-J58 -> -30.300624 | S58: 임대 | T58: =+(T33+T34)/100 -> 13.030964 | U58: =+(U33+U34)/100 -> 10.684046 | V58: =+U58-T58 -> -2.3469174
S59: =+I36 -> OPC 소급분 | T59: =+T36/100 -> 0 | U59: =+U36/100 -> 8.9554377 | V59: =+U59-T59 -> 8.9554377
S60: =+I37 -> 대손 | T60: =+T37/100 -> 0 | U60: =+U37/100 -> -12.430001 | V60: =+U60-T60 -> -12.430001
S61: =+I38 -> 미운영 공장 | T61: =+T38/100 -> -3.1783484 | U61: =+U38/100 -> -3.1647909 | V61: =+U61-T61 -> 0.01355746
S62: =+I40 -> 기타 | T62: =+T40/100 -> -7.699834 | U62: =+U40/100 -> -0.95060421 | V62: =+U62-T62 -> 6.7492298
T63: =SUM(T58:T62) -> 2.1527812 | U63: =SUM(U58:U62) -> 3.094088 | V63: =SUM(V58:V62) -> 0.94130681
T69: =SUM(T33:T34,T36,T38:T39,T40,Y37) -> 215.27812 | U69: =SUM(U33:U34,U36,U38:U39,U40,Z37) -> 793.06568 | V69: =+U69-T69 -> 577.78756
T71: =+T43-T28 -> 14975.57 | U71: =+U43-U28 -> -5707.2814 | V71: =+U71-T71 -> -20682.852
T72: =+T71/100 -> 149.7557 | U72: =+U71/100 -> -57.072814 | V72: =+U72-T72 -> -206.82852
U75: =+U71-U37-U39 -> -3704.9382
U76: =+U75/100 -> -37.049382

Sheet 사업장별(당월)_건자재제외
H3: □ 사업장별 손익실적(2025-11)_건자재 제외
AG4: [단위 : 천㎥, 톤, 백만원]
H5: 구분 | J5: 물량 | O5: 매출 | T5: 영업이익(공통비 배부전) | Y5: 판매단가 | AB5: 변동비 | AE5: 공헌이익
A6: 2024년 11월 마감 손익 | J6: 계획 | K6: 실적 | L6: 차이 | M6: 전년 | N6: 차이 | O6: 계획 | P6: 실적 | Q6: 차이 | R6: 전년 | S6: 차이 | T6: 계획 | U6: 실적 | V6: 차이 | W6: 전년 | X6: 차이 | Y6: 계획 | Z6: 실적 | AA6: 전년 | AB6: 계획 | AC6: 실적 | AD6: 전년 | AE6: 계획 | AF6: 실적 | AG6: 전년
B7: 안양 | F7: =+K7/J7 -> 0.74758537 | G7: =+I7 -> 안양 | H7: 레미콘 | I7: 안양 | J7: =+IFERROR(HLOOKUP($B7,'[1]11월'!$D$6:$BN$259,2,),)/1000 -> 41 | K7: =+IFERROR(HLOOKUP($B7,'[2]11월'!$F$6:$CP$99,2,),)/1000 -> 30.651 | L7: =+K7-J7 -> -10.349 | M7: =+IFERROR(HLOOKUP($B7,'[3]11월'!$F$6:$CC$57,2,),)/1000 -> 38.566 | N7: =+K7-M7 -> -7.915 | O7: =+IFERROR(HLOOKUP($B7,'[1]11월'!$D$6:$BN$259,3,),)/1000 -> 4252.2908 | P7: =+IFERROR(HLOOKUP($B7,'[2]11월'!$F$6:$CP$99,3,),)/1000 -> 2986.4414 | Q7: =+P7-O7 -> -1265.8494 | R7: =+IFERROR(HLOOKUP($B7,'[3]11월'!$F$6:$CC$57,3,),)/1000 -> 3786.5243 | S7: =+P7-R7 -> -800.08287 | T7: =+IFERROR(HLOOKUP($B7,'[1]11월'!$D$6:$BN$259,16,),)/1000 -> 574.41974 | U7: =+IFERROR(HLOOKUP($B7,'[2]11월'!$F$6:$CP$99,16,),)/1000 -> 194.12147 | V7: =+U7-T7 -> -380.29827 | W7: =+IFERROR(HLOOKUP($B7,'[3]11월'!$F$6:$CC$57,16,),)/1000 -> 302.27516 | X7: =+U7-W7 -> -108.15369 | Y7: =+[4]안양!$Q$85 -> 103714.41 | Z7: =+[4]안양!$R$85 -> 97433.734 | AA7: =+[5]안양!$Q$85 -> 98187.636 | AB7: =+[4]안양!$Q$89 -> 82850.095 | AC7: =+[4]안양!$R$89 -> 80972.182 | AD7: =+[5]안양!$Q$89 -> 83030.588 | AE7: =+Y7-AB7 -> 20864.314 | AF7: =+Z7-AC7 -> 16461.552 | AG7: =+AA7-AD7 -> 15157.048
B8: 인천 | F8: =+K8/J8 -> 0.99254688 | G8: =+I8 -> 인천 | H8: 직영 | I8: 인천 | J8: =+IFERROR(HLOOKUP($B8,'[1]11월'!$D$6:$BN$259,2,),)/1000 -> 32 | K8: =+IFERROR(HLOOKUP($B8,'[2]11월'!$F$6:$CP$99,2,),)/1000 -> 31.7615 | L8: =+K8-J8 -> -0.2385 | M8: =+IFERROR(HLOOKUP($B8,'[3]11월'!$F$6:$CC$57,2,),)/1000 -> 29.507 | N8: =+K8-M8 -> 2.2545 | O8: =+IFERROR(HLOOKUP($B8,'[1]11월'!$D$6:$BN$259,3,),)/1000 -> 3315.9426 | P8: =+IFERROR(HLOOKUP($B8,'[2]11월'!$F$6:$CP$99,3,),)/1000 -> 3147.9453 | Q8: =+P8-O8 -> -167.99733 | R8: =+IFERROR(HLOOKUP($B8,'[3]11월'!$F$6:$CC$57,3,),)/1000 -> 2907.4014 | S8: =+P8-R8 -> 240.54382 | T8: =+IFERROR(HLOOKUP($B8,'[1]11월'!$D$6:$BN$259,16,),)/1000 -> 376.01935 | U8: =+IFERROR(HLOOKUP($B8,'[2]11월'!$F$6:$CP$99,16,),)/1000 -> 27.814643 | V8: =+U8-T8 -> -348.2047 | W8: =+IFERROR(HLOOKUP($B8,'[3]11월'!$F$6:$CC$57,16,),)/1000 -> 72.336657 | X8: =+U8-W8 -> -44.522014 | Y8: =+[4]인천!$Q$85 -> 103623.21 | Z8: =+[4]인천!$R$85 -> 99336.673 | AA8: =+[5]인천!$Q$85 -> 98532.601 | AB8: =+[4]인천!$Q$89 -> 83045.695 | AC8: =+[4]인천!$R$89 -> 87990.314 | AD8: =+[5]인천!$Q$89 -> 85841.298 | AE8: =+Y8-AB8 -> 20577.511 | AF8: =+Z8-AC8 -> 11346.359 | AG8: =+AA8-AD8 -> 12691.303
B9: 파주 | F9: =+K9/J9 -> 0.7133913 | G9: =+I9 -> 파주 | I9: 파주 | J9: =+IFERROR(HLOOKUP($B9,'[1]11월'!$D$6:$BN$259,2,),)/1000 -> 23 | K9: =+IFERROR(HLOOKUP($B9,'[2]11월'!$F$6:$CP$99,2,),)/1000 -> 16.408 | L9: =+K9-J9 -> -6.592 | M9: =+IFERROR(HLOOKUP($B9,'[3]11월'!$F$6:$CC$57,2,),)/1000 -> 22.349 | N9: =+K9-M9 -> -5.941 | O9: =+IFERROR(HLOOKUP($B9,'[1]11월'!$D$6:$BN$259,3,),)/1000 -> 2210.8171 | P9: =+IFERROR(HLOOKUP($B9,'[2]11월'!$F$6:$CP$99,3,),)/1000 -> 1460.63 | Q9: =+P9-O9 -> -750.18708 | R9: =+IFERROR(HLOOKUP($B9,'[3]11월'!$F$6:$CC$57,3,),)/1000 -> 2134.5209 | S9: =+P9-R9 -> -673.89093 | T9: =+IFERROR(HLOOKUP($B9,'[1]11월'!$D$6:$BN$259,16,),)/1000 -> 141.18347 | U9: =+IFERROR(HLOOKUP($B9,'[2]11월'!$F$6:$CP$99,16,),)/1000 -> -44.1742 | V9: =+U9-T9 -> -185.35767 | W9: =+IFERROR(HLOOKUP($B9,'[3]11월'!$F$6:$CC$57,16,),)/1000 -> 79.622709 | X9: =+U9-W9 -> -123.79691 | Y9: =+[4]파주!$Q$85 -> 96122.482 | Z9: =+[4]파주!$R$85 -> 89118.992 | AA9: =+[5]파주!$Q$85 -> 95512.912 | AB9: =+[4]파주!$Q$89 -> 80492.007 | AC9: =+[4]파주!$R$89 -> 79049.85 | AD9: =+[5]파주!$Q$89 -> 81942.563 | AE9: =+Y9-AB9 -> 15630.475 | AF9: =+Z9-AC9 -> 10069.142 | AG9: =+AA9-AD9 -> 13570.349
B10: 김포 | F10: =+K10/J10 -> 0.8680625 | G10: =+I10 -> 김포 | I10: 김포 | J10: =+IFERROR(HLOOKUP($B10,'[1]11월'!$D$6:$BN$259,2,),)/1000 -> 16 | K10: =+IFERROR(HLOOKUP($B10,'[2]11월'!$F$6:$CP$99,2,),)/1000 -> 13.889 | L10: =+K10-J10 -> -2.111 | M10: =+IFERROR(HLOOKUP($B10,'[3]11월'!$F$6:$CC$57,2,),)/1000 -> 17.224 | N10: =+K10-M10 -> -3.335 | O10: =+IFERROR(HLOOKUP($B10,'[1]11월'!$D$6:$BN$259,3,),)/1000 -> 1529.1971 | P10: =+IFERROR(HLOOKUP($B10,'[2]11월'!$F$6:$CP$99,3,),)/1000 -> 1324.8056 | Q10: =+P10-O10 -> -204.39144 | R10: =+IFERROR(HLOOKUP($B10,'[3]11월'!$F$6:$CC$57,3,),)/1000 -> 1650.7338 | S10: =+P10-R10 -> -325.92819 | T10: =+IFERROR(HLOOKUP($B10,'[1]11월'!$D$6:$BN$259,16,),)/1000 -> 127.85874 | U10: =+IFERROR(HLOOKUP($B10,'[2]11월'!$F$6:$CP$99,16,),)/1000 -> 18.980567 | V10: =+U10-T10 -> -108.87818 | W10: =+IFERROR(HLOOKUP($B10,'[3]11월'!$F$6:$CC$57,16,),)/1000 -> 98.878248 | X10: =+U10-W10 -> -79.897681 | Y10: =+[4]김포!$Q$85 -> 95574.816 | Z10: =+[4]김포!$R$85 -> 95300.794 | AA10: =+[5]김포!$Q$85 -> 95901.216 | AB10: =+[4]김포!$Q$89 -> 77214.635 | AC10: =+[4]김포!$R$89 -> 81097.926 | AD10: =+[5]김포!$Q$89 -> 80686.638 | AE10: =+Y10-AB10 -> 18360.181 | AF10: =+Z10-AC10 -> 14202.868 | AG10: =+AA10-AD10 -> 15214.577
B11: 부산 | F11: =+K11/J11 -> 1.0725238 | G11: =+I11 -> 부산 | I11: 부산 | J11: =+IFERROR(HLOOKUP($B11,'[1]11월'!$D$6:$BN$259,2,),)/1000 -> 21 | K11: =+IFERROR(HLOOKUP($B11,'[2]11월'!$F$6:$CP$99,2,),)/1000 -> 22.523 | L11: =+K11-J11 -> 1.523 | M11: =+IFERROR(HLOOKUP($B11,'[3]11월'!$F$6:$CC$57,2,),)/1000 -> 19.12 | N11: =+K11-M11 -> 3.403 | O11: =+IFERROR(HLOOKUP($B11,'[1]11월'!$D$6:$BN$259,3,),)/1000 -> 2261.6992 | P11: =+IFERROR(HLOOKUP($B11,'[2]11월'!$F$6:$CP$99,3,),)/1000 -> 2478.8493 | Q11: =+P11-O11 -> 217.15001 | R11: =+IFERROR(HLOOKUP($B11,'[3]11월'!$F$6:$CC$57,3,),)/1000 -> 2100.75 | S11: =+P11-R11 -> 378.09924 | T11: =+IFERROR(HLOOKUP($B11,'[1]11월'!$D$6:$BN$259,16,),)/1000 -> 216.01864 | U11: =+IFERROR(HLOOKUP($B11,'[2]11월'!$F$6:$CP$99,16,),)/1000 -> 221.31097 | V11: =+U11-T11 -> 5.2923312 | W11: =+IFERROR(HLOOKUP($B11,'[3]11월'!$F$6:$CC$57,16,),)/1000 -> 175.17909 | X11: =+U11-W11 -> 46.131882 | Y11: =+[4]부산!$Q$85 -> 107699.96 | Z11: =+[4]부산!$R$85 -> 110058.57 | AA11: =+[5]부산!$Q$85 -> 109871.86 | AB11: =+[4]부산!$Q$89 -> 85567.362 | AC11: =+[4]부산!$R$89 -> 88858.859 | AD11: =+[5]부산!$Q$89 -> 86400.778 | AE11: =+Y11-AB11 -> 22132.602 | AF11: =+Z11-AC11 -> 21199.714 | AG11: =+AA11-AD11 -> 23471.085
B12: 서부산 | F12: =+K12/J12 -> 0.979 | G12: =+I12 -> 서부산 | I12: 서부산 | J12: =+IFERROR(HLOOKUP($B12,'[1]11월'!$D$6:$BN$259,2,),)/1000 -> 23 | K12: =+IFERROR(HLOOKUP($B12,'[2]11월'!$F$6:$CP$99,2,),)/1000 -> 22.517 | L12: =+K12-J12 -> -0.483 | M12: =+IFERROR(HLOOKUP($B12,'[3]11월'!$F$6:$CC$57,2,),)/1000 -> 19.932 | N12: =+K12-M12 -> 2.585 | O12: =+IFERROR(HLOOKUP($B12,'[1]11월'!$D$6:$BN$259,3,),)/1000 -> 2283.8899 | P12: =+IFERROR(HLOOKUP($B12,'[2]11월'!$F$6:$CP$99,3,),)/1000 -> 2324.2827 | Q12: =+P12-O12 -> 40.392836 | R12: =+IFERROR(HLOOKUP($B12,'[3]11월'!$F$6:$CC$57,3,),)/1000 -> 1883.6583 | S12: =+P12-R12 -> 440.62441 | T12: =+IFERROR(HLOOKUP($B12,'[1]11월'!$D$6:$BN$259,16,),)/1000 -> 264.26867 | U12: =+IFERROR(HLOOKUP($B12,'[2]11월'!$F$6:$CP$99,16,),)/1000 -> 229.39877 | V12: =+U12-T12 -> -34.869894 | W12: =+IFERROR(HLOOKUP($B12,'[3]11월'!$F$6:$CC$57,16,),)/1000 -> 124.8758 | X12: =+U12-W12 -> 104.52298 | Y12: =+[4]서부산!$Q$85 -> 99299.559 | Z12: =+[4]서부산!$R$85 -> 103223.46 | AA12: =+[5]서부산!$Q$85 -> 94504.229 | AB12: =+[4]서부산!$Q$89 -> 78372.822 | AC12: =+[4]서부산!$R$89 -> 82592.91 | AD12: =+[5]서부산!$Q$89 -> 77003.708 | AE12: =+Y12-AB12 -> 20926.737 | AF12: =+Z12-AC12 -> 20630.552 | AG12: =+AA12-AD12 -> 17500.521
B13: 김해 | F13: =+K13/J13 -> 0.471625 | G13: =+I13 -> 김해 | I13: 김해 | J13: =+IFERROR(HLOOKUP($B13,'[1]11월'!$D$6:$BN$259,2,),)/1000 -> 16 | K13: =+IFERROR(HLOOKUP($B13,'[2]11월'!$F$6:$CP$99,2,),)/1000 -> 7.546 | L13: =+K13-J13 -> -8.454 | M13: =+IFERROR(HLOOKUP($B13,'[3]11월'!$F$6:$CC$57,2,),)/1000 -> 12.286 | N13: =+K13-M13 -> -4.74 | O13: =+IFERROR(HLOOKUP($B13,'[1]11월'!$D$6:$BN$259,3,),)/1000 -> 1540.7967 | P13: =+IFERROR(HLOOKUP($B13,'[2]11월'!$F$6:$CP$99,3,),)/1000 -> 712.1093 | Q13: =+P13-O13 -> -828.6874 | R13: =+IFERROR(HLOOKUP($B13,'[3]11월'!$F$6:$CC$57,3,),)/1000 -> 1181.5016 | S13: =+P13-R13 -> -469.3923 | T13: =+IFERROR(HLOOKUP($B13,'[1]11월'!$D$6:$BN$259,16,),)/1000 -> 152.44152 | U13: =+IFERROR(HLOOKUP($B13,'[2]11월'!$F$6:$CP$99,16,),)/1000 -> -38.756984 | V13: =+U13-T13 -> -191.1985 | W13: =+IFERROR(HLOOKUP($B13,'[3]11월'!$F$6:$CC$57,16,),)/1000 -> 84.464322 | X13: =+U13-W13 -> -123.22131 | Y13: =+[4]김해!$Q$85 -> 96299.794 | Z13: =+[4]김해!$R$85 -> 94411.974 | AA13: =+[5]김해!$Q$85 -> 96166.498 | AB13: =+[4]김해!$Q$89 -> 77604.526 | AC13: =+[4]김해!$R$89 -> 80826.376 | AD13: =+[5]김해!$Q$89 -> 77299.138 | AE13: =+Y13-AB13 -> 18695.268 | AF13: =+Z13-AC13 -> 13585.598 | AG13: =+AA13-AD13 -> 18867.36
B14: 정관 | F14: =+K14/J14 -> 0.9402381 | G14: =+I14 -> 정관 | I14: 정관 | J14: =+IFERROR(HLOOKUP($B14,'[1]11월'!$D$6:$BN$259,2,),)/1000 -> 21 | K14: =+IFERROR(HLOOKUP($B14,'[2]11월'!$F$6:$CP$99,2,),)/1000 -> 19.745 | L14: =+K14-J14 -> -1.255 | M14: =+IFERROR(HLOOKUP($B14,'[3]11월'!$F$6:$CC$57,2,),)/1000 -> 18.063 | N14: =+K14-M14 -> 1.682 | O14: =+IFERROR(HLOOKUP($B14,'[1]11월'!$D$6:$BN$259,3,),)/1000 -> 2141.9971 | P14: =+IFERROR(HLOOKUP($B14,'[2]11월'!$F$6:$CP$99,3,),)/1000 -> 1935.4703 | Q14: =+P14-O14 -> -206.52677 | R14: =+IFERROR(HLOOKUP($B14,'[3]11월'!$F$6:$CC$57,3,),)/1000 -> 1827.7784 | S14: =+P14-R14 -> 107.69189 | T14: =+IFERROR(HLOOKUP($B14,'[1]11월'!$D$6:$BN$259,16,),)/1000 -> 217.22613 | U14: =+IFERROR(HLOOKUP($B14,'[2]11월'!$F$6:$CP$99,16,),)/1000 -> 103.48471 | V14: =+U14-T14 -> -113.74142 | W14: =+IFERROR(HLOOKUP($B14,'[3]11월'!$F$6:$CC$57,16,),)/1000 -> 141.17147 | X14: =+U14-W14 -> -37.686762 | Y14: =+[4]정관!$Q$85 -> 101999.86 | Z14: =+[4]정관!$R$85 -> 98023.312 | AA14: =+[5]정관!$Q$85 -> 101189.08 | AB14: =+[4]정관!$Q$89 -> 82449.919 | AC14: =+[4]정관!$R$89 -> 81988.449 | AD14: =+[5]정관!$Q$89 -> 82675.659 | AE14: =+Y14-AB14 -> 19549.942 | AF14: =+Z14-AC14 -> 16034.863 | AG14: =+AA14-AD14 -> 18513.424
B15: 양산 | F15: =+K15/J15 -> 0.72653846 | G15: =+I15 -> 양산 | I15: 양산 | J15: =+IFERROR(HLOOKUP($B15,'[1]11월'!$D$6:$BN$259,2,),)/1000 -> 13 | K15: =+IFERROR(HLOOKUP($B15,'[2]11월'!$F$6:$CP$99,2,),)/1000 -> 9.445 | L15: =+K15-J15 -> -3.555 | M15: =+IFERROR(HLOOKUP($B15,'[3]11월'!$F$6:$CC$57,2,),)/1000 -> 10.32 | N15: =+K15-M15 -> -0.875 | O15: =+IFERROR(HLOOKUP($B15,'[1]11월'!$D$6:$BN$259,3,),)/1000 -> 1222.6012 | P15: =+IFERROR(HLOOKUP($B15,'[2]11월'!$F$6:$CP$99,3,),)/1000 -> 853.392 | Q15: =+P15-O15 -> -369.20925 | R15: =+IFERROR(HLOOKUP($B15,'[3]11월'!$F$6:$CC$57,3,),)/1000 -> 1034.8856 | S15: =+P15-R15 -> -181.4936 | T15: =+IFERROR(HLOOKUP($B15,'[1]11월'!$D$6:$BN$259,16,),)/1000 -> 119.63528 | U15: =+IFERROR(HLOOKUP($B15,'[2]11월'!$F$6:$CP$99,16,),)/1000 -> -7.408493 | V15: =+U15-T15 -> -127.04377 | W15: =+IFERROR(HLOOKUP($B15,'[3]11월'!$F$6:$CC$57,16,),)/1000 -> 98.711031 | X15: =+U15-W15 -> -106.11952 | Y15: =+[4]양산!$Q$85 -> 94046.25 | Z15: =+[4]양산!$R$85 -> 90353.838 | AA15: =+[5]양산!$Q$85 -> 100279.61 | AB15: =+[4]양산!$Q$89 -> 74328.036 | AC15: =+[4]양산!$R$89 -> 76357.628 | AD15: =+[5]양산!$Q$89 -> 76706.995 | AE15: =+Y15-AB15 -> 19718.214 | AF15: =+Z15-AC15 -> 13996.21 | AG15: =+AA15-AD15 -> 23572.618
B16: 창원 | F16: =+K16/J16 -> 0.66036842 | G16: =+I16 -> 창원 | I16: 창원 | J16: =+IFERROR(HLOOKUP($B16,'[1]11월'!$D$6:$BN$259,2,),)/1000 -> 19 | K16: =+IFERROR(HLOOKUP($B16,'[2]11월'!$F$6:$CP$99,2,),)/1000 -> 12.547 | L16: =+K16-J16 -> -6.453 | M16: =+IFERROR(HLOOKUP($B16,'[3]11월'!$F$6:$CC$57,2,),)/1000 -> 13.393 | N16: =+K16-M16 -> -0.846 | O16: =+IFERROR(HLOOKUP($B16,'[1]11월'!$D$6:$BN$259,3,),)/1000 -> 1900.0061 | P16: =+IFERROR(HLOOKUP($B16,'[2]11월'!$F$6:$CP$99,3,),)/1000 -> 1207.625 | Q16: =+P16-O16 -> -692.38107 | R16: =+IFERROR(HLOOKUP($B16,'[3]11월'!$F$6:$CC$57,3,),)/1000 -> 1320.8885 | S16: =+P16-R16 -> -113.2635 | T16: =+IFERROR(HLOOKUP($B16,'[1]11월'!$D$6:$BN$259,16,),)/1000 -> 275.53524 | U16: =+IFERROR(HLOOKUP($B16,'[2]11월'!$F$6:$CP$99,16,),)/1000 -> 95.80599 | V16: =+U16-T16 -> -179.72925 | W16: =+IFERROR(HLOOKUP($B16,'[3]11월'!$F$6:$CC$57,16,),)/1000 -> 134.08562 | X16: =+U16-W16 -> -38.279632 | Y16: =+[4]창원!$Q$85 -> 100000.32 | Z16: =+[4]창원!$R$85 -> 96248.107 | AA16: =+[5]창원!$Q$85 -> 98625.289 | AB16: =+[4]창원!$Q$89 -> 76084.263 | AC16: =+[4]창원!$R$89 -> 74573.52 | AD16: =+[5]창원!$Q$89 -> 75355.289 | AE16: =+Y16-AB16 -> 23916.056 | AF16: =+Z16-AC16 -> 21674.587 | AG16: =+AA16-AD16 -> 23270
B17: 대구 | F17: =+K17/J17 -> 0.57354167 | G17: =+I17 -> 대구 | I17: 대구 | J17: =+IFERROR(HLOOKUP($B17,'[1]11월'!$D$6:$BN$259,2,),)/1000 -> 12 | K17: =+IFERROR(HLOOKUP($B17,'[2]11월'!$F$6:$CP$99,2,),)/1000 -> 6.8825 | L17: =+K17-J17 -> -5.1175 | M17: =+IFERROR(HLOOKUP($B17,'[3]11월'!$F$6:$CC$57,2,),)/1000 -> 15.449 | N17: =+K17-M17 -> -8.5665 | O17: =+IFERROR(HLOOKUP($B17,'[1]11월'!$D$6:$BN$259,3,),)/1000 -> 1167.0317 | P17: =+IFERROR(HLOOKUP($B17,'[2]11월'!$F$6:$CP$99,3,),)/1000 -> 568.60345 | Q17: =+P17-O17 -> -598.42823 | R17: =+IFERROR(HLOOKUP($B17,'[3]11월'!$F$6:$CC$57,3,),)/1000 -> 1485.4652 | S17: =+P17-R17 -> -916.8618 | T17: =+IFERROR(HLOOKUP($B17,'[1]11월'!$D$6:$BN$259,16,),)/1000 -> 122.69105 | U17: =+IFERROR(HLOOKUP($B17,'[2]11월'!$F$6:$CP$99,16,),)/1000 -> -68.392861 | V17: =+U17-T17 -> -191.08391 | W17: =+IFERROR(HLOOKUP($B17,'[3]11월'!$F$6:$CC$57,16,),)/1000 -> 166.75688 | X17: =+U17-W17 -> -235.14975 | Y17: =+[4]대구!$Q$85 -> 97252.64 | Z17: =+[4]대구!$R$85 -> 82615.83 | AA17: =+[5]대구!$Q$85 -> 96152.842 | AB17: =+[4]대구!$Q$89 -> 73374.505 | AC17: =+[4]대구!$R$89 -> 72469.451 | AD17: =+[5]대구!$Q$89 -> 74152.653 | AE17: =+Y17-AB17 -> 23878.135 | AF17: =+Z17-AC17 -> 10146.379 | AG17: =+AA17-AD17 -> 22000.188
B18: 울산 | F18: =+K18/J18 -> 1.0385385 | G18: =+I18 -> 울산 | I18: 울산 | J18: =+IFERROR(HLOOKUP($B18,'[1]11월'!$D$6:$BN$259,2,),)/1000 -> 13 | K18: =+IFERROR(HLOOKUP($B18,'[2]11월'!$F$6:$CP$99,2,),)/1000 -> 13.501 | L18: =+K18-J18 -> 0.501 | M18: =+IFERROR(HLOOKUP($B18,'[3]11월'!$F$6:$CC$57,2,),)/1000 -> 12.988 | N18: =+K18-M18 -> 0.513 | O18: =+IFERROR(HLOOKUP($B18,'[1]11월'!$D$6:$BN$259,3,),)/1000 -> 1348.1545 | P18: =+IFERROR(HLOOKUP($B18,'[2]11월'!$F$6:$CP$99,3,),)/1000 -> 1412.8064 | Q18: =+P18-O18 -> 64.6519 | R18: =+IFERROR(HLOOKUP($B18,'[3]11월'!$F$6:$CC$57,3,),)/1000 -> 1407.4653 | S18: =+P18-R18 -> 5.3411 | T18: =+IFERROR(HLOOKUP($B18,'[1]11월'!$D$6:$BN$259,16,),)/1000 -> 117.51597 | U18: =+IFERROR(HLOOKUP($B18,'[2]11월'!$F$6:$CP$99,16,),)/1000 -> 92.955994 | V18: =+U18-T18 -> -24.559978 | W18: =+IFERROR(HLOOKUP($B18,'[3]11월'!$F$6:$CC$57,16,),)/1000 -> 169.85775 | X18: =+U18-W18 -> -76.901755 | Y18: =+[4]울산!$Q$85 -> 103704.19 | Z18: =+[4]울산!$R$85 -> 104644.57 | AA18: =+[5]울산!$Q$85 -> 108366.59 | AB18: =+[4]울산!$Q$89 -> 83891.327 | AC18: =+[4]울산!$R$89 -> 86810.408 | AD18: =+[5]울산!$Q$89 -> 83931.342 | AE18: =+Y18-AB18 -> 19812.865 | AF18: =+Z18-AC18 -> 17834.166 | AG18: =+AA18-AD18 -> 24435.25
B19: 아산 | F19: =+K19/J19 -> 0.91776923 | G19: =+I19 -> 아산 | I19: 아산 | J19: =+IFERROR(HLOOKUP($B19,'[1]11월'!$D$6:$BN$259,2,),)/1000 -> 26 | K19: =+IFERROR(HLOOKUP($B19,'[2]11월'!$F$6:$CP$99,2,),)/1000 -> 23.862 | L19: =+K19-J19 -> -2.138 | M19: =+IFERROR(HLOOKUP($B19,'[3]11월'!$F$6:$CC$57,2,),)/1000 -> 27.751 | N19: =+K19-M19 -> -3.889 | O19: =+IFERROR(HLOOKUP($B19,'[1]11월'!$D$6:$BN$259,3,),)/1000 -> 2678 | P19: =+IFERROR(HLOOKUP($B19,'[2]11월'!$F$6:$CP$99,3,),)/1000 -> 2428.1659 | Q19: =+P19-O19 -> -249.83413 | R19: =+IFERROR(HLOOKUP($B19,'[3]11월'!$F$6:$CC$57,3,),)/1000 -> 2807.1351 | S19: =+P19-R19 -> -378.96927 | T19: =+IFERROR(HLOOKUP($B19,'[1]11월'!$D$6:$BN$259,16,),)/1000 -> 389.43541 | U19: =+IFERROR(HLOOKUP($B19,'[2]11월'!$F$6:$CP$99,16,),)/1000 -> 175.51435 | V19: =+U19-T19 -> -213.92106 | W19: =+IFERROR(HLOOKUP($B19,'[3]11월'!$F$6:$CC$57,16,),)/1000 -> 245.55114 | X19: =+U19-W19 -> -70.036791 | Y19: =+[4]아산!$Q$85 -> 103000 | Z19: =+[4]아산!$R$85 -> 101758.69 | AA19: =+[5]아산!$Q$85 -> 100993.94 | AB19: =+[4]아산!$Q$89 -> 78637.252 | AC19: =+[4]아산!$R$89 -> 84413.805 | AD19: =+[5]아산!$Q$89 -> 82819.722 | AE19: =+Y19-AB19 -> 24362.748 | AF19: =+Z19-AC19 -> 17344.885 | AG19: =+AA19-AD19 -> 18174.222
B20: 전주 | F20: =+K20/J20 -> 1.3167917 | G20: =+I20 -> 전주 | I20: 전주 | J20: =+IFERROR(HLOOKUP($B20,'[1]11월'!$D$6:$BN$259,2,),)/1000 -> 12 | K20: =+IFERROR(HLOOKUP($B20,'[2]11월'!$F$6:$CP$99,2,),)/1000 -> 15.8015 | L20: =+K20-J20 -> 3.8015 | M20: =+IFERROR(HLOOKUP($B20,'[3]11월'!$F$6:$CC$57,2,),)/1000 -> 9.1185 | N20: =+K20-M20 -> 6.683 | O20: =+IFERROR(HLOOKUP($B20,'[1]11월'!$D$6:$BN$259,3,),)/1000 -> 1210.3029 | P20: =+IFERROR(HLOOKUP($B20,'[2]11월'!$F$6:$CP$99,3,),)/1000 -> 1575.5214 | Q20: =+P20-O20 -> 365.21851 | R20: =+IFERROR(HLOOKUP($B20,'[3]11월'!$F$6:$CC$57,3,),)/1000 -> 903.67658 | S20: =+P20-R20 -> 671.84481 | T20: =+IFERROR(HLOOKUP($B20,'[1]11월'!$D$6:$BN$259,16,),)/1000 -> 177.68968 | U20: =+IFERROR(HLOOKUP($B20,'[2]11월'!$F$6:$CP$99,16,),)/1000 -> 186.91676 | V20: =+U20-T20 -> 9.2270822 | W20: =+IFERROR(HLOOKUP($B20,'[3]11월'!$F$6:$CC$57,16,),)/1000 -> 64.246477 | X20: =+U20-W20 -> 122.67029 | Y20: =+[4]전주!$Q$85 -> 100858.57 | Z20: =+[4]전주!$R$85 -> 99707.078 | AA20: =+[5]전주!$Q$85 -> 99117.984 | AB20: =+[4]전주!$Q$89 -> 73900.108 | AC20: =+[4]전주!$R$89 -> 77143.633 | AD20: =+[5]전주!$Q$89 -> 76865.183 | AE20: =+Y20-AB20 -> 26958.466 | AF20: =+Z20-AC20 -> 22563.444 | AG20: =+AA20-AD20 -> 22252.801
B21: 군산 | F21: =+K21/J21 -> 0.56173333 | G21: =+I21 -> 군산 | I21: 군산 | J21: =+IFERROR(HLOOKUP($B21,'[1]11월'!$D$6:$BN$259,2,),)/1000 -> 7.5 | K21: =+IFERROR(HLOOKUP($B21,'[2]11월'!$F$6:$CP$99,2,),)/1000 -> 4.213 | L21: =+K21-J21 -> -3.287 | M21: =+IFERROR(HLOOKUP($B21,'[3]11월'!$F$6:$CC$57,2,),)/1000 -> 7.147 | N21: =+K21-M21 -> -2.934 | O21: =+IFERROR(HLOOKUP($B21,'[1]11월'!$D$6:$BN$259,3,),)/1000 -> 833.2516 | P21: =+IFERROR(HLOOKUP($B21,'[2]11월'!$F$6:$CP$99,3,),)/1000 -> 477.69554 | Q21: =+P21-O21 -> -355.55606 | R21: =+IFERROR(HLOOKUP($B21,'[3]11월'!$F$6:$CC$57,3,),)/1000 -> 764.9177 | S21: =+P21-R21 -> -287.22216 | T21: =+IFERROR(HLOOKUP($B21,'[1]11월'!$D$6:$BN$259,16,),)/1000 -> 207.99971 | U21: =+IFERROR(HLOOKUP($B21,'[2]11월'!$F$6:$CP$99,16,),)/1000 -> 88.643465 | V21: =+U21-T21 -> -119.35624 | W21: =+IFERROR(HLOOKUP($B21,'[3]11월'!$F$6:$CC$57,16,),)/1000 -> 153.19348 | X21: =+U21-W21 -> -64.550012 | Y21: =+[4]군산!$Q$85 -> 111100.21 | Z21: =+[4]군산!$R$85 -> 113386.08 | AA21: =+[5]군산!$Q$85 -> 107026.4 | AB21: =+[4]군산!$Q$89 -> 72961.062 | AC21: =+[4]군산!$R$89 -> 71279.945 | AD21: =+[5]군산!$Q$89 -> 73409.949 | AE21: =+Y21-AB21 -> 38139.151 | AF21: =+Z21-AC21 -> 42106.131 | AG21: =+AA21-AD21 -> 33616.454
B22: 원주 | F22: =+K22/J22 -> 0.60183333 | G22: =+I22 -> 원주 | I22: 원주 | J22: =+IFERROR(HLOOKUP($B22,'[1]11월'!$D$6:$BN$259,2,),)/1000 -> 6 | K22: =+IFERROR(HLOOKUP($B22,'[2]11월'!$F$6:$CP$99,2,),)/1000 -> 3.611 | L22: =+K22-J22 -> -2.389 | M22: =+IFERROR(HLOOKUP($B22,'[3]11월'!$F$6:$CC$57,2,),)/1000 -> 4.554 | N22: =+K22-M22 -> -0.943 | O22: =+IFERROR(HLOOKUP($B22,'[1]11월'!$D$6:$BN$259,3,),)/1000 -> 672 | P22: =+IFERROR(HLOOKUP($B22,'[2]11월'!$F$6:$CP$99,3,),)/1000 -> 427.5916 | Q22: =+P22-O22 -> -244.4084 | R22: =+IFERROR(HLOOKUP($B22,'[3]11월'!$F$6:$CC$57,3,),)/1000 -> 521.4149 | S22: =+P22-R22 -> -93.8233 | T22: =+IFERROR(HLOOKUP($B22,'[1]11월'!$D$6:$BN$259,16,),)/1000 -> 145.42812 | U22: =+IFERROR(HLOOKUP($B22,'[2]11월'!$F$6:$CP$99,16,),)/1000 -> 57.96605 | V22: =+U22-T22 -> -87.462072 | W22: =+IFERROR(HLOOKUP($B22,'[3]11월'!$F$6:$CC$57,16,),)/1000 -> 96.375569 | X22: =+U22-W22 -> -38.409519 | Y22: =+[4]원주!$Q$85 -> 112000 | Z22: =+[4]원주!$R$85 -> 118413.63 | AA22: =+[5]원주!$Q$85 -> 114496.03 | AB22: =+[4]원주!$Q$89 -> 73238.886 | AC22: =+[4]원주!$R$89 -> 77803.148 | AD22: =+[5]원주!$Q$89 -> 74946.434 | AE22: =+Y22-AB22 -> 38761.114 | AF22: =+Z22-AC22 -> 40610.477 | AG22: =+AA22-AD22 -> 39549.592
B23: 제주 | F23: =+K23/J23 -> 0.46522222 | G23: =+I23 -> 제주 | I23: 제주 | J23: =+IFERROR(HLOOKUP($B23,'[1]11월'!$D$6:$BN$259,2,),)/1000 -> 9 | K23: =+IFERROR(HLOOKUP($B23,'[2]11월'!$F$6:$CP$99,2,),)/1000 -> 4.187 | L23: =+K23-J23 -> -4.813 | M23: =+IFERROR(HLOOKUP($B23,'[3]11월'!$F$6:$CC$57,2,),)/1000 -> 2.901 | N23: =+K23-M23 -> 1.286 | O23: =+IFERROR(HLOOKUP($B23,'[1]11월'!$D$6:$BN$259,3,),)/1000 -> 1106.96 | P23: =+IFERROR(HLOOKUP($B23,'[2]11월'!$F$6:$CP$99,3,),)/1000 -> 534.21702 | Q23: =+P23-O23 -> -572.74298 | R23: =+IFERROR(HLOOKUP($B23,'[3]11월'!$F$6:$CC$57,3,),)/1000 -> 350.95144 | S23: =+P23-R23 -> 183.26558 | T23: =+IFERROR(HLOOKUP($B23,'[1]11월'!$D$6:$BN$259,16,),)/1000 -> 184.3004 | U23: =+IFERROR(HLOOKUP($B23,'[2]11월'!$F$6:$CP$99,16,),)/1000 -> 40.13815 | V23: =+U23-T23 -> -144.16225 | W23: =+IFERROR(HLOOKUP($B23,'[3]11월'!$F$6:$CC$57,16,),)/1000 -> -11.658004 | X23: =+U23-W23 -> 51.796154 | Y23: =+[4]제주!$Q$85 -> 122995.56 | Z23: =+[4]제주!$R$85 -> 127614.34 | AA23: =+[5]제주!$Q$85 -> 120976.02 | AB23: =+[4]제주!$Q$89 -> 91386.196 | AC23: =+[4]제주!$R$89 -> 96237.592 | AD23: =+[5]제주!$Q$89 -> 91677.915 | AE23: =+Y23-AB23 -> 31609.36 | AF23: =+Z23-AC23 -> 31376.749 | AG23: =+AA23-AD23 -> 29298.106
F24: =+K24/J24 -> 0.82776339 | G24: =+I24 -> 수도권 | I24: 수도권 | J24: =SUM(J7:J10) -> 112 | K24: =SUM(K7:K10) -> 92.7095 | L24: =+K24-J24 -> -19.2905 | M24: =SUM(M7:M10) -> 107.646 | N24: =+K24-M24 -> -14.9365 | O24: =SUM(O7:O10) -> 11308.247 | P24: =SUM(P7:P10) -> 8919.8223 | Q24: =+P24-O24 -> -2388.4252 | R24: =SUM(R7:R10) -> 10479.18 | S24: =+P24-R24 -> -1559.3582 | T24: =SUM(T7:T10) -> 1219.4813 | U24: =SUM(U7:U10) -> 196.74248 | V24: =+U24-T24 -> -1022.7388 | W24: =SUM(W7:W10) -> 553.11277 | X24: =+U24-W24 -> -356.37029 | Y24: =+[4]수도권!$Q$85 -> 100966.5 | Z24: =+[4]수도권!$R$85 -> 96297.03 | AA24: =+[5]수도권!$Q$85 -> 97363.141 | AB24: =+[4]수도권!$Q$89 -> 81616.665 | AC24: =+[4]수도권!$R$89 -> 83046.124 | AD24: =+[5]수도권!$Q$89 -> 83203.071 | AE24: =+Y24-AB24 -> 19349.831 | AF24: =+Z24-AC24 -> 13250.906 | AG24: =+AA24-AD24 -> 14160.07
F25: =+K25/J25 -> 0.83120652 | G25: =+I25 -> 영남권 | I25: 영남권 | J25: =SUM(J11:J18) -> 138 | K25: =SUM(K11:K18) -> 114.7065 | L25: =+K25-J25 -> -23.2935 | M25: =SUM(M11:M18) -> 121.551 | N25: =+K25-M25 -> -6.8445 | O25: =SUM(O11:O18) -> 13866.176 | P25: =SUM(P11:P18) -> 11493.138 | Q25: =+P25-O25 -> -2373.038 | R25: =SUM(R11:R18) -> 12242.393 | S25: =+P25-R25 -> -749.25455 | T25: =SUM(T11:T18) -> 1485.3325 | U25: =SUM(U11:U18) -> 628.3981 | V25: =+U25-T25 -> -856.9344 | W25: =SUM(W11:W18) -> 1095.102 | X25: =+U25-W25 -> -466.70387 | Y25: =+[4]영남권!$Q$85 -> 100479.54 | Z25: =+[4]영남권!$R$85 -> 100200.79 | AA25: =+[5]영남권!$Q$85 -> 100718.16 | AB25: =+[4]영남권!$Q$89 -> 79388.094 | AC25: =+[4]영남권!$R$89 -> 82102.552 | AD25: =+[5]영남권!$Q$89 -> 79490.263 | AE25: =+Y25-AB25 -> 21091.445 | AF25: =+Z25-AC25 -> 18098.237 | AG25: =+AA25-AD25 -> 21227.896
F26: =+K26/J26 -> 0.85412397 | G26: =+I26 -> 중부권 | I26: 중부권 | J26: =SUM(J19:J23) -> 60.5 | K26: =SUM(K19:K23) -> 51.6745 | L26: =+K26-J26 -> -8.8255 | M26: =SUM(M19:M23) -> 51.4715 | N26: =+K26-M26 -> 0.203 | O26: =SUM(O19:O23) -> 6500.5145 | P26: =SUM(P19:P23) -> 5443.1914 | Q26: =+P26-O26 -> -1057.3231 | R26: =SUM(R19:R23) -> 5348.0958 | S26: =+P26-R26 -> 95.095657 | T26: =SUM(T19:T23) -> 1104.8533 | U26: =SUM(U19:U23) -> 549.17878 | V26: =+U26-T26 -> -555.67454 | W26: =SUM(W19:W23) -> 547.70866 | X26: =+U26-W26 -> 1.470117 | Y26: =+[4]중부권!$Q$85 -> 107446.52 | Z26: =+[4]중부권!$R$85 -> 105331.24 | AA26: =+[5]중부권!$Q$85 -> 103847.09 | AB26: =+[4]중부권!$Q$89 -> 78355.155 | AC26: =+[4]중부권!$R$89 -> 81611.885 | AD26: =+[5]중부권!$Q$89 -> 80246.621 | AE26: =+Y26-AB26 -> 29091.365 | AF26: =+Z26-AC26 -> 23719.354 | AG26: =+AA26-AD26 -> 23600.464
F27: =+K27/M27 -> 0.92311927 | G27: =+K27/J27 -> 0.83442995 | H27: 레미콘 계 | J27: =SUM(J24:J26) -> 310.5 | K27: =SUM(K24:K26) -> 259.0905 | L27: =+K27-J27 -> -51.4095 | M27: =SUM(M24:M26) -> 280.6685 | N27: =+K27-M27 -> -21.578 | O27: =SUM(O24:O26) -> 31674.938 | P27: =SUM(P24:P26) -> 25856.152 | Q27: =+P27-O27 -> -5818.7863 | R27: =SUM(R24:R26) -> 28069.669 | S27: =+P27-R27 -> -2213.5171 | T27: =SUM(T24:T26) -> 3809.6671 | U27: =SUM(U24:U26) -> 1374.3194 | V27: =+U27-T27 -> -2435.3478 | W27: =SUM(W24:W26) -> 2195.9234 | X27: =+U27-W27 -> -821.60404 | Y27: =+[4]합계!$Q$85 -> 102012.68 | Z27: =+[4]합계!$R$85 -> 99838.666 | AA27: =+[5]합계!$Q$85 -> 100000.5 | AB27: =+[4]합계!$Q$89 -> 79990.693 | AC27: =+[4]합계!$R$89 -> 82340.282 | AD27: =+[5]합계!$Q$89 -> 81042.566 | AE27: =+Y27-AB27 -> 22021.99 | AF27: =+Z27-AC27 -> 17498.384 | AG27: =+AA27-AD27 -> 18957.932 | AI27: =+AF27-AE27 -> -4523.6063 | AJ27: =+AF27-AG27 -> -1459.5482
B28: 부산모래장 | C28: 부산골재 | F28: =+K28/J28 -> 0.79020242 | G28: =+I28 -> 부산모래장 | H28: 골재 | I28: 부산모래장 | J28: =+IFERROR(HLOOKUP($B28,'[1]11월'!$D$6:$BN$259,2,),)/1000 -> 25.170766 | K28: =+IFERROR(HLOOKUP($C28,'[2]11월'!$F$6:$CP$99,2,),)/1000 -> 19.89 | L28: =+K28-J28 -> -5.2807659 | M28: =+IFERROR(HLOOKUP($C28,'[3]11월'!$F$6:$CC$57,2,),)/1000 -> 25.492 | N28: =+K28-M28 -> -5.602 | O28: =+IFERROR(HLOOKUP($B28,'[1]11월'!$D$6:$BN$259,3,),)/1000 -> 681.40999 | P28: =+IFERROR(HLOOKUP($C28,'[2]11월'!$F$6:$CP$99,3,),)/1000 -> 572.1097 | Q28: =+P28-O28 -> -109.30029 | R28: =+IFERROR(HLOOKUP($C28,'[3]11월'!$F$6:$CC$57,3,),)/1000 -> 701.3415 | S28: =+P28-R28 -> -129.2318 | T28: =+IFERROR(HLOOKUP($B28,'[1]11월'!$D$6:$BN$259,21,),)/1000 -> 69.080692 | U28: =+IFERROR(HLOOKUP($C28,'[2]11월'!$F$6:$CP$99,21,),)/1000 -> 29.967814 | V28: =+U28-T28 -> -39.112877 | W28: =+IFERROR(HLOOKUP($C28,'[3]11월'!$F$6:$CC$57,21,),)/1000 -> 1.8739536 | X28: =+U28-W28 -> 28.093861 | Y28: ■ 비고
B29: 서부산크라샤 | C29: 서부산골재 | F29: =+K29/J29 -> 0.56247608 | G29: =+I29 -> 서부산CR | I29: 서부산CR | J29: =+IFERROR(HLOOKUP($B29,'[1]11월'!$D$6:$BN$259,2,),)/1000 -> 49.399434 | K29: =+IFERROR(HLOOKUP($C29,'[2]11월'!$F$6:$CP$99,2,),)/1000 -> 27.786 | L29: =+K29-J29 -> -21.613434 | M29: =+IFERROR(HLOOKUP($C29,'[3]11월'!$F$6:$CC$57,2,),)/1000 -> 1.202 | N29: =+K29-M29 -> 26.584 | O29: =+IFERROR(HLOOKUP($B29,'[1]11월'!$D$6:$BN$259,3,),)/1000 -> 726.87175 | P29: =+IFERROR(HLOOKUP($C29,'[2]11월'!$F$6:$CP$99,3,),)/1000 -> 395.912 | Q29: =+P29-O29 -> -330.95975 | R29: =+IFERROR(HLOOKUP($C29,'[3]11월'!$F$6:$CC$57,3,),)/1000 -> 14.424 | S29: =+P29-R29 -> 381.488 | T29: =+IFERROR(HLOOKUP($B29,'[1]11월'!$D$6:$BN$259,21,),)/1000 -> 145.02568 | U29: =+IFERROR(HLOOKUP($C29,'[2]11월'!$F$6:$CP$99,21,),)/1000 -> -139.95796 | V29: =+U29-T29 -> -284.98364 | W29: =+IFERROR(HLOOKUP($C29,'[3]11월'!$F$6:$CC$57,21,),)/1000 -> -70.358755 | X29: =+U29-W29 -> -69.59921 | Y29: - 판매단가 소급 2.2억(단위당 834원/㎥)
B30: 부산크라샤 | C30: 부산크라샤 | F30: =+K30/J30 -> 0.54031053 | G30: =+I30 -> 부산CR | I30: 부산CR | J30: =+IFERROR(HLOOKUP($B30,'[1]11월'!$D$6:$BN$259,2,),)/1000 -> 39.418073 | K30: =+IFERROR(HLOOKUP($C30,'[2]11월'!$F$6:$CP$99,2,),)/1000 -> 21.298 | L30: =+K30-J30 -> -18.120073 | M30: =+IFERROR(HLOOKUP($C30,'[3]11월'!$F$6:$CC$57,2,),)/1000 -> 39.432 | N30: =+K30-M30 -> -18.134 | O30: =+IFERROR(HLOOKUP($B30,'[1]11월'!$D$6:$BN$259,3,),)/1000 -> 672.54239 | P30: =+IFERROR(HLOOKUP($C30,'[2]11월'!$F$6:$CP$99,3,),)/1000 -> 417.271 | Q30: =+P30-O30 -> -255.27139 | R30: =+IFERROR(HLOOKUP($C30,'[3]11월'!$F$6:$CC$57,3,),)/1000 -> 698.26 | S30: =+P30-R30 -> -280.989 | T30: =+IFERROR(HLOOKUP($B30,'[1]11월'!$D$6:$BN$259,21,),)/1000 -> 85.892767 | U30: =+IFERROR(HLOOKUP($C30,'[2]11월'!$F$6:$CP$99,21,),)/1000 -> -69.364344 | V30: =+U30-T30 -> -155.25711 | W30: =+IFERROR(HLOOKUP($C30,'[3]11월'!$F$6:$CC$57,21,),)/1000 -> -221.62408 | X30: =+U30-W30 -> 152.25974 | Y30: - 파주공장 운반비 협상 완료
G31: =+K31/J31 -> 0.60509733 | H31: 골재 계 | J31: =SUM(J28:J30) -> 113.98827 | K31: =SUM(K28:K30) -> 68.974 | L31: =+K31-J31 -> -45.014273 | M31: =SUM(M28:M30) -> 66.126 | N31: =+K31-M31 -> 2.848 | O31: =SUM(O28:O30) -> 2080.8241 | P31: =SUM(P28:P30) -> 1385.2927 | Q31: =+P31-O31 -> -695.53142 | R31: =SUM(R28:R30) -> 1414.0255 | S31: =+P31-R31 -> -28.7328 | T31: =SUM(T28:T30) -> 299.99914 | U31: =SUM(U28:U30) -> -179.35449 | V31: =+U31-T31 -> -479.35363 | W31: =SUM(W28:W30) -> -290.10889 | X31: =+U31-W31 -> 110.75439 | Y31: · 71,000원/회 → 74,300원/회(▲3,300원/회)
B32: 포항임대 | C32: 속초임대 | D32: 강릉임대 | E32: 레미콘임대 계 | G32: =+I32 -> 레미콘임대 | H32: 기타 | I32: 레미콘임대 | L32: =+K32-J32 -> 0 | N32: =+K32-M32 -> 0 | O32: =(IFERROR(HLOOKUP($B32,'[1]11월'!$D$6:$BN$259,3,),)++IFERROR(HLOOKUP($C32,'[1]11월'!$D$6:$BN$259,3,),)+IFERROR(HLOOKUP($D32,'[1]11월'!$D$6:$BN$259,3,),))/1000 -> 66.666667 | P32: =+IFERROR(HLOOKUP($E32,'[2]11월'!$F$6:$CP$99,3,),)/1000 -> 43.34 | Q32: =+P32-O32 -> -23.326667 | R32: =+IFERROR(HLOOKUP($E32,'[3]11월'!$F$6:$CC$57,3,),)/1000 -> 90.84 | S32: =+P32-R32 -> -47.5 | T32: =(IFERROR(HLOOKUP($B32,'[1]11월'!$D$6:$BN$259,21,),)++IFERROR(HLOOKUP($C32,'[1]11월'!$D$6:$BN$259,21,),)+IFERROR(HLOOKUP($D32,'[1]11월'!$D$6:$BN$259,21,),))/1000 -> 48.278888 | U32: =+IFERROR(HLOOKUP($E32,'[2]11월'!$F$6:$CP$99,16,),)/1000 -> 23.549857 | V32: =+U32-T32 -> -24.729031 | W32: =+IFERROR(HLOOKUP($E32,'[3]11월'!$F$6:$CC$57,16,),)/1000 -> 67.392238 | X32: =+U32-W32 -> -43.842381 | Y32: → 소급분(5월~11월분) 54백만원 → 26년 1월 지급
B33: 부동산임대 | C33: 주유소임대 | E33: 임대 계 | G33: =+I33 -> 임대 | I33: 임대 | L33: =+K33-J33 -> 0 | M33: 0 | N33: =+K33-M33 -> 0 | O33: =(+IFERROR(HLOOKUP($B33,'[1]11월'!$D$6:$BN$259,3,),)+IFERROR(HLOOKUP($C33,'[1]11월'!$D$6:$BN$259,3,),))/1000 -> 74.0915 | P33: =+IFERROR(HLOOKUP($E33,'[2]11월'!$F$6:$CP$99,3,),)/1000 -> 73.849324 | Q33: =+P33-O33 -> -0.242176 | R33: =+IFERROR(HLOOKUP($E33,'[3]11월'!$F$6:$CC$57,3,),)/1000 -> 72.663968 | S33: =+P33-R33 -> 1.185356 | T33: =(+IFERROR(HLOOKUP($B33,'[1]11월'!$D$6:$BN$259,21,),)+IFERROR(HLOOKUP($C33,'[1]11월'!$D$6:$BN$259,21,),))/1000 -> 63.941 | U33: =+IFERROR(HLOOKUP($E33,'[2]11월'!$F$6:$CP$99,16,),)/1000 -> 66.61316 | V33: =+U33-T33 -> 2.67216 | W33: =+IFERROR(HLOOKUP($E33,'[3]11월'!$F$6:$CC$57,16,),)/1000 -> 58.662833 | X33: =+U33-W33 -> 7.950327
B34: 공 통 비 | G34: =+I34 -> 공통비 | I34: 공통비 | L34: =+K34-J34 -> 0 | N34: =+K34-M34 -> 0 | Q34: =+P34-O34 -> 0 | S34: =+P34-R34 -> 0 | T34: =-'[1]11월'!$Z$22/1000 -> -1297.3901 | U34: =+-'[2]11월'!$Z$22/1000 -> -1271.3905 | V34: =+U34-T34 -> 25.999644 | W34: =+-'[3]11월'!$Z$22/1000 -> -1265.4311 | X34: =+U34-W34 -> -5.9593684
G35: =+I35 -> OPC 소급분 | I35: OPC 소급분 | N35: =+K35-M35 -> 0 | Q35: =+P35-O35 -> 0 | S35: =+P35-R35 -> 0 | U35: ='[2]11월'!$BD$26/1000 -> 398.31045 | V35: =+U35-T35 -> 398.31045 | W35: =+'[3]11월'!$BD$26/1000 -> 241.78824 | X35: =+U35-W35 -> 156.52221
G36: =+I36 -> 대손 | I36: 대손 | N36: =+K36-M36 -> 0 | Q36: =+P36-O36 -> 0 | S36: =+P36-R36 -> 0 | U36: ='[2]11월'!$BE$26/1000 -> 0 | V36: =+U36-T36 -> 0 | W36: ='[3]11월'!$BE$26/1000 -> 0 | X36: =+U36-W36 -> 0
G37: =+I37 -> 미운영 공장 | I37: 미운영 공장 | M37: =SUM(M53:M58) -> 0 | N37: =+K37-M37 -> 0 | Q37: =+P37-O37 -> 0 | R37: =+IFERROR(HLOOKUP($I$37,'[3]11월'!$F$6:$BJ$50,3,),)/1000 -> 0 | S37: =+P37-R37 -> 0 | T37: =SUM('[1]11월'!$AM$26:$AQ$26)/1000 -> -32.543496 | U37: =+'[2]11월'!$BF$26/1000 -> -32.970108 | V37: =+U37-T37 -> -0.426612 | W37: =+'[3]11월'!$BF$26/1000 -> -32.976668 | X37: =+U37-W37 -> 0.00656
B38: 기타 계 | G38: =+I38 -> 퇴직위로금 | I38: 퇴직위로금 | U38: =+'[2]11월'!$BG$26/1000 -> 0 | V38: =+U38-T38 -> 0 | X38: =+U38-W38 -> 0
G39: =+I39 -> 기타 | I39: 기타 | L39: =+K39-J39 -> 0 | N39: =+K39-M39 -> 0 | O39: =IFERROR(HLOOKUP($B38,'[1]11월'!$D$6:$BN$259,3,),)/1000 -> 1.77 | P39: =+('[2]11월'!$F$8-SUM('[2]11월'!$Z$8,'[2]11월'!$AH$8,'[2]11월'!$AN$8,'[2]11월'!$AO$8,'[2]11월'!$BA$8,'[2]11월'!$BD$8,'[2]11월'!$BE$8,'[2]11월'!$BF$8))/1000 -> 1.6893 | Q39: =+P39-O39 -> -0.0807 | R39: =+('[3]11월'!$F$8-SUM('[3]11월'!$Z$8,'[3]11월'!$AH$8,'[3]11월'!$AN$8,'[3]11월'!$AO$8,'[3]11월'!$BA$8,'[3]11월'!$BD$8,'[3]11월'!$BE$8,'[3]11월'!$BF$8))/1000 -> 1.8206 | S39: =+P39-R39 -> -0.1313 | T39: =+('[1]11월'!$E$26-'[1]11월'!$Z$26-'[1]11월'!$AA$26-'[1]11월'!$AE$26-'[1]11월'!$AL$26-'[1]11월'!$AM$26-'[1]11월'!$AN$26-'[1]11월'!$AO$26-'[1]11월'!$AP$26-'[1]11월'!$AQ$26-'[1]11월'!$AS$26+'[1]11월'!$AS$26)/1000 -> -85.138375 | U39: =+('[2]11월'!$F$26-SUM('[2]11월'!$Z$26,'[2]11월'!$AH$26,'[2]11월'!$AN$26,'[2]11월'!$AO$26,'[2]11월'!$BA$26,'[2]11월'!$BD$26,'[2]11월'!$BE$26,'[2]11월'!$BF$26))/1000-U38 -> -15.395599 | V39: =+U39-T39 -> 69.742776 | W39: =+('[3]11월'!$F$26-SUM('[3]11월'!$Z$26,'[3]11월'!$AH$26,'[3]11월'!$AN$26,'[3]11월'!$AO$26,'[3]11월'!$BA$26,'[3]11월'!$BD$26,'[3]11월'!$BE$26,'[3]11월'!$BF$26))/1000 -> -16.745684 | X39: =+U39-W39 -> 1.350085
H40: 기타 계 | J40: =SUM(J32:J39) -> 0 | K40: =SUM(K32:K39) -> 0 | L40: =+K40-J40 -> 0 | M40: =SUM(M32:M39) -> 0 | N40: =+K40-M40 -> 0 | O40: =SUM(O32:O39) -> 142.52817 | P40: =SUM(P32:P39) -> 118.87862 | Q40: =+P40-O40 -> -23.649543 | R40: =SUM(R32:R39) -> 165.32457 | S40: =+P40-R40 -> -46.445944 | T40: =SUM(T32:T39) -> -1302.8521 | U40: =SUM(U32:U39) -> -831.2827 | V40: =+U40-T40 -> 471.56939 | W40: =SUM(W32:W39) -> -947.31013 | X40: =+U40-W40 -> 116.02743
U41: 19 | V41: 12.4
G42: =+P42/O42 -> 0.80712988 | H42: 합계 | O42: =+O27+O31+O40 -> 33898.291 | P42: =+P27+P31+P40 -> 27360.323 | Q42: =+P42-O42 -> -6537.9672 | R42: =+R27+R31+R40 -> 29649.019 | S42: =+P42-R42 -> -2288.6958 | T42: =+T27+T31+T40 -> 2806.8142 | U42: =+U27+U31+U40 -> 363.68216 | V42: =+U42-T42 -> -2443.132 | W42: =+W27+W31+W40 -> 958.50438 | X42: =+U42-W42 -> -594.82222
G43: =+U42/T42 -> 0.12957116 | P43: =+P42/O42 -> 0.80712988 | R43: =+P42/R42 -> 0.92280703 | T43: =+T42/O42 -> 0.082801053 | U43: =+U42/P42 -> 0.013292319
I45: 확인 | J45: =+'[1]11월'!$Z$7/1000 -> 310.5 | K45: =+'[2]11월'!$AI$7/1000 -> 259.0905 | M45: =+'[3]11월'!$Z$7/1000 -> 280.6685 | O45: =('[1]11월'!$E$8-'[1]11월'!$AA$8)/1000 -> 33898.291 | P45: =('[2]11월'!$F$8-'[2]11월'!$AO$8)/1000 -> 27360.323 | R45: =('[3]11월'!$F$8-'[3]11월'!$AO$8)/1000 -> 29649.019 | T45: =('[1]11월'!$E$26-'[1]11월'!$AA$26)/1000 -> 2806.8142 | U45: =('[2]11월'!$F$26-'[2]11월'!$AO$26)/1000 -> 363.68216 | W45: =('[3]11월'!$F$26-'[3]11월'!$AO$26)/1000 -> 958.50438
F46: =+K31/M31 -> 1.0430693 | G46: =+K31/J31 -> 0.60509733 | J46: =+J45-J27 -> 0 | K46: =+K45-K27 -> 0 | M46: =+M45-M27 -> 0 | O46: =+O45-O42 -> 0 | P46: =+P45-P42 -> 0 | R46: =+R45-R42 -> 0 | T46: =+T45-T42 -> 0 | U46: =+U45-U42 -> 0 | W46: =+W45-W42 -> 0
T48: =+(T27+T34)/100 -> 25.12277 | U48: =+(U27+U34)/100 -> 1.0292889 | V48: =+U48-T48 -> -24.093481
T49: =+T31/100 -> 2.9999914 | U49: =+U31/100 -> -1.7935449 | V49: =+U49-T49 -> -4.7935363
T50: =+(T32+T33)/100 -> 1.1221989 | U50: =+(U32+U33)/100 -> 0.90163017 | V50: =+U50-T50 -> -0.22056871
T51: =+T42/100-T48-T49-T50 -> -1.1768187 | U51: =+U42/100-U48-U49-U50 -> 3.4994474 | V51: =+U51-T51 -> 4.6762661
T52: =+SUM(T48:T51) -> 28.068142 | U52: =+SUM(U48:U51) -> 3.6368216 | V52: =+U52-T52 -> -24.43132

Sheet 사업장별(누계)_건자재제외
H3: □ 사업장별 손익실적(2025-11누계)_건자재 제외
AG4: [단위 : 천㎥, 톤, 백만원]
H5: 구분 | J5: 물량 | O5: 매출 | T5: 영업이익(공통비 배부전) | Y5: 판매단가 | AB5: 변동비 | AE5: 공헌이익
A6: 2024년 11월누계 마감 손익 | J6: 계획 | K6: 실적 | L6: 차이 | M6: 전년 | N6: 차이 | O6: 계획 | P6: 실적 | Q6: 차이 | R6: 전년 | S6: 차이 | T6: 계획 | U6: 실적 | V6: 차이 | W6: 전년 | X6: 차이 | Y6: 계획 | Z6: 실적 | AA6: 전년 | AB6: 계획 | AC6: 실적 | AD6: 전년 | AE6: 계획 | AF6: 실적 | AG6: 전년
B7: 안양 | G7: =+I7 -> 안양 | H7: 레미콘 | I7: 안양 | J7: =+IFERROR(HLOOKUP($B7,'[1]11월누계'!$D$6:$BN$259,2,),)/1000 -> 419 | K7: =+IFERROR(HLOOKUP($B7,'[2]11월누계'!$F$6:$CP$99,2,),)/1000 -> 353.095 | L7: =+K7-J7 -> -65.905 | M7: =+IFERROR(HLOOKUP($B7,'[3]11월누계'!$F$6:$CC$57,2,),)/1000 -> 412.237 | N7: =+K7-M7 -> -59.142 | O7: =+IFERROR(HLOOKUP($B7,'[1]11월누계'!$D$6:$BN$259,3,),)/1000 -> 41747.831 | P7: =+IFERROR(HLOOKUP($B7,'[2]11월누계'!$F$6:$CP$99,3,),)/1000 -> 34071.986 | Q7: =+P7-O7 -> -7675.8448 | R7: =+IFERROR(HLOOKUP($B7,'[3]11월누계'!$F$6:$CC$57,3,),)/1000 -> 40826.39 | S7: =+P7-R7 -> -6754.4033 | T7: =+IFERROR(HLOOKUP($B7,'[1]11월누계'!$D$6:$BN$259,16,),)/1000 -> 4101.4598 | U7: =+IFERROR(HLOOKUP($B7,'[2]11월누계'!$F$6:$CP$99,16,),)/1000 -> 2371.0141 | V7: =+U7-T7 -> -1730.4458 | W7: =+IFERROR(HLOOKUP($B7,'[3]11월누계'!$F$6:$CC$57,16,),)/1000 -> 3797.4263 | X7: =+U7-W7 -> -1426.4123 | Y7: =+[12]안양!$Q$85 -> 99636.828 | Z7: =+[12]안양!$R$85 -> 96486.394 | AA7: =+[13]안양!$Q$85 -> 99032.751 | AB7: =+[12]안양!$Q$89 -> 81782.731 | AC7: =+[12]안양!$R$89 -> 79943.51 | AD7: =+[13]안양!$Q$89 -> 81711.511 | AE7: =+Y7-AB7 -> 17854.097 | AF7: =+Z7-AC7 -> 16542.883 | AG7: =+AA7-AD7 -> 17321.24 | AI7: =+K7/J7 -> 0.84270883
B8: 인천 | G8: =+I8 -> 인천 | H8: 직영 | I8: 인천 | J8: =+IFERROR(HLOOKUP($B8,'[1]11월누계'!$D$6:$BN$259,2,),)/1000 -> 308 | K8: =+IFERROR(HLOOKUP($B8,'[2]11월누계'!$F$6:$CP$99,2,),)/1000 -> 303.8525 | L8: =+K8-J8 -> -4.1475 | M8: =+IFERROR(HLOOKUP($B8,'[3]11월누계'!$F$6:$CC$57,2,),)/1000 -> 296.582 | N8: =+K8-M8 -> 7.2705 | O8: =+IFERROR(HLOOKUP($B8,'[1]11월누계'!$D$6:$BN$259,3,),)/1000 -> 30704.975 | P8: =+IFERROR(HLOOKUP($B8,'[2]11월누계'!$F$6:$CP$99,3,),)/1000 -> 29492.033 | Q8: =+P8-O8 -> -1212.9429 | R8: =+IFERROR(HLOOKUP($B8,'[3]11월누계'!$F$6:$CC$57,3,),)/1000 -> 29518.041 | S8: =+P8-R8 -> -26.008636 | T8: =+IFERROR(HLOOKUP($B8,'[1]11월누계'!$D$6:$BN$259,16,),)/1000 -> 1861.5286 | U8: =+IFERROR(HLOOKUP($B8,'[2]11월누계'!$F$6:$CP$99,16,),)/1000 -> 171.9589 | V8: =+U8-T8 -> -1689.5697 | W8: =+IFERROR(HLOOKUP($B8,'[3]11월누계'!$F$6:$CC$57,16,),)/1000 -> 1734.6983 | X8: =+U8-W8 -> -1562.7394 | Y8: =+[12]인천!$Q$85 -> 99691.479 | Z8: =+[12]인천!$R$85 -> 97129.294 | AA8: =+[13]인천!$Q$85 -> 99531.02 | AB8: =+[12]인천!$Q$89 -> 82854.826 | AC8: =+[12]인천!$R$89 -> 84821.261 | AD8: =+[13]인천!$Q$89 -> 82712.025 | AE8: =+Y8-AB8 -> 16836.653 | AF8: =+Z8-AC8 -> 12308.033 | AG8: =+AA8-AD8 -> 16818.996 | AI8: =+K8/J8 -> 0.98653409
B9: 파주 | G9: =+I9 -> 파주 | I9: 파주 | J9: =+IFERROR(HLOOKUP($B9,'[1]11월누계'!$D$6:$BN$259,2,),)/1000 -> 229 | K9: =+IFERROR(HLOOKUP($B9,'[2]11월누계'!$F$6:$CP$99,2,),)/1000 -> 143.264 | L9: =+K9-J9 -> -85.736 | M9: =+IFERROR(HLOOKUP($B9,'[3]11월누계'!$F$6:$CC$57,2,),)/1000 -> 266.049 | N9: =+K9-M9 -> -122.785 | O9: =+IFERROR(HLOOKUP($B9,'[1]11월누계'!$D$6:$BN$259,3,),)/1000 -> 22100.516 | P9: =+IFERROR(HLOOKUP($B9,'[2]11월누계'!$F$6:$CP$99,3,),)/1000 -> 13212.29 | Q9: =+P9-O9 -> -8888.2258 | R9: =+IFERROR(HLOOKUP($B9,'[3]11월누계'!$F$6:$CC$57,3,),)/1000 -> 25690.117 | S9: =+P9-R9 -> -12477.826 | T9: =+IFERROR(HLOOKUP($B9,'[1]11월누계'!$D$6:$BN$259,16,),)/1000 -> 1156.2851 | U9: =+IFERROR(HLOOKUP($B9,'[2]11월누계'!$F$6:$CP$99,16,),)/1000 -> -449.69631 | V9: =+U9-T9 -> -1605.9815 | W9: =+IFERROR(HLOOKUP($B9,'[3]11월누계'!$F$6:$CC$57,16,),)/1000 -> 1773.5914 | X9: =+U9-W9 -> -2223.2877 | Y9: =+[12]파주!$Q$85 -> 96508.805 | Z9: =+[12]파주!$R$85 -> 92270.884 | AA9: =+[13]파주!$Q$85 -> 96569.207 | AB9: =+[12]파주!$Q$89 -> 80245.599 | AC9: =+[12]파주!$R$89 -> 78575.271 | AD9: =+[13]파주!$Q$89 -> 80413.641 | AE9: =+Y9-AB9 -> 16263.205 | AF9: =+Z9-AC9 -> 13695.612 | AG9: =+AA9-AD9 -> 16155.566 | AI9: =+K9/J9 -> 0.62560699
B10: 김포 | G10: =+I10 -> 김포 | I10: 김포 | J10: =+IFERROR(HLOOKUP($B10,'[1]11월누계'!$D$6:$BN$259,2,),)/1000 -> 155 | K10: =+IFERROR(HLOOKUP($B10,'[2]11월누계'!$F$6:$CP$99,2,),)/1000 -> 113.22582 | L10: =+K10-J10 -> -41.77418 | M10: =+IFERROR(HLOOKUP($B10,'[3]11월누계'!$F$6:$CC$57,2,),)/1000 -> 131.9455 | N10: =+K10-M10 -> -18.71968 | O10: =+IFERROR(HLOOKUP($B10,'[1]11월누계'!$D$6:$BN$259,3,),)/1000 -> 14720.516 | P10: =+IFERROR(HLOOKUP($B10,'[2]11월누계'!$F$6:$CP$99,3,),)/1000 -> 10814.828 | Q10: =+P10-O10 -> -3905.6881 | R10: =+IFERROR(HLOOKUP($B10,'[3]11월누계'!$F$6:$CC$57,3,),)/1000 -> 12847.274 | S10: =+P10-R10 -> -2032.446 | T10: =+IFERROR(HLOOKUP($B10,'[1]11월누계'!$D$6:$BN$259,16,),)/1000 -> 983.84341 | U10: =+IFERROR(HLOOKUP($B10,'[2]11월누계'!$F$6:$CP$99,16,),)/1000 -> -25.577626 | V10: =+U10-T10 -> -1009.421 | W10: =+IFERROR(HLOOKUP($B10,'[3]11월누계'!$F$6:$CC$57,16,),)/1000 -> 1034.6775 | X10: =+U10-W10 -> -1060.2551 | Y10: =+[12]김포!$Q$85 -> 94971.069 | Z10: =+[12]김포!$R$85 -> 95572.593 | AA10: =+[13]김포!$Q$85 -> 97387.555 | AB10: =+[12]김포!$Q$89 -> 76279.894 | AC10: =+[12]김포!$R$89 -> 78652.114 | AD10: =+[13]김포!$Q$89 -> 76106.664 | AE10: =+Y10-AB10 -> 18691.175 | AF10: =+Z10-AC10 -> 16920.478 | AG10: =+AA10-AD10 -> 21280.891 | AI10: =+K10/J10 -> 0.73048916
B11: 부산 | G11: =+I11 -> 부산 | I11: 부산 | J11: =+IFERROR(HLOOKUP($B11,'[1]11월누계'!$D$6:$BN$259,2,),)/1000 -> 218 | K11: =+IFERROR(HLOOKUP($B11,'[2]11월누계'!$F$6:$CP$99,2,),)/1000 -> 217.822 | L11: =+K11-J11 -> -0.178 | M11: =+IFERROR(HLOOKUP($B11,'[3]11월누계'!$F$6:$CC$57,2,),)/1000 -> 216.3625 | N11: =+K11-M11 -> 1.4595 | O11: =+IFERROR(HLOOKUP($B11,'[1]11월누계'!$D$6:$BN$259,3,),)/1000 -> 23478.595 | P11: =+IFERROR(HLOOKUP($B11,'[2]11월누계'!$F$6:$CP$99,3,),)/1000 -> 23506.794 | Q11: =+P11-O11 -> 28.199446 | R11: =+IFERROR(HLOOKUP($B11,'[3]11월누계'!$F$6:$CC$57,3,),)/1000 -> 23344.606 | S11: =+P11-R11 -> 162.18839 | T11: =+IFERROR(HLOOKUP($B11,'[1]11월누계'!$D$6:$BN$259,16,),)/1000 -> 2012.6822 | U11: =+IFERROR(HLOOKUP($B11,'[2]11월누계'!$F$6:$CP$99,16,),)/1000 -> 2110.6866 | V11: =+U11-T11 -> 98.004476 | W11: =+IFERROR(HLOOKUP($B11,'[3]11월누계'!$F$6:$CC$57,16,),)/1000 -> 2226.0846 | X11: =+U11-W11 -> -115.39797 | Y11: =+[12]부산!$Q$85 -> 107699.98 | Z11: =+[12]부산!$R$85 -> 107917.45 | AA11: =+[13]부산!$Q$85 -> 107895.8 | AB11: =+[12]부산!$Q$89 -> 84904.665 | AC11: =+[12]부산!$R$89 -> 85303.181 | AD11: =+[13]부산!$Q$89 -> 84173.331 | AE11: =+Y11-AB11 -> 22795.311 | AF11: =+Z11-AC11 -> 22614.267 | AG11: =+AA11-AD11 -> 23722.472 | AI11: =+K11/J11 -> 0.99918349
B12: 서부산 | G12: =+I12 -> 서부산 | I12: 서부산 | J12: =+IFERROR(HLOOKUP($B12,'[1]11월누계'!$D$6:$BN$259,2,),)/1000 -> 217 | K12: =+IFERROR(HLOOKUP($B12,'[2]11월누계'!$F$6:$CP$99,2,),)/1000 -> 193.53 | L12: =+K12-J12 -> -23.47 | M12: =+IFERROR(HLOOKUP($B12,'[3]11월누계'!$F$6:$CC$57,2,),)/1000 -> 227.104 | N12: =+K12-M12 -> -33.574 | O12: =+IFERROR(HLOOKUP($B12,'[1]11월누계'!$D$6:$BN$259,3,),)/1000 -> 21548.096 | P12: =+IFERROR(HLOOKUP($B12,'[2]11월누계'!$F$6:$CP$99,3,),)/1000 -> 19085.363 | Q12: =+P12-O12 -> -2462.7329 | R12: =+IFERROR(HLOOKUP($B12,'[3]11월누계'!$F$6:$CC$57,3,),)/1000 -> 22714.892 | S12: =+P12-R12 -> -3629.529 | T12: =+IFERROR(HLOOKUP($B12,'[1]11월누계'!$D$6:$BN$259,16,),)/1000 -> 2076.6131 | U12: =+IFERROR(HLOOKUP($B12,'[2]11월누계'!$F$6:$CP$99,16,),)/1000 -> 1420.0661 | V12: =+U12-T12 -> -656.54702 | W12: =+IFERROR(HLOOKUP($B12,'[3]11월누계'!$F$6:$CC$57,16,),)/1000 -> 2415.4799 | X12: =+U12-W12 -> -995.41379 | Y12: =+[12]서부산!$Q$85 -> 99299.981 | Z12: =+[12]서부산!$R$85 -> 98654.11 | AA12: =+[13]서부산!$Q$85 -> 100020.63 | AB12: =+[12]서부산!$Q$89 -> 78166.815 | AC12: =+[12]서부산!$R$89 -> 78265.168 | AD12: =+[13]서부산!$Q$89 -> 78572.216 | AE12: =+Y12-AB12 -> 21133.166 | AF12: =+Z12-AC12 -> 20388.942 | AG12: =+AA12-AD12 -> 21448.415 | AI12: =+K12/J12 -> 0.89184332
B13: 김해 | G13: =+I13 -> 김해 | I13: 김해 | J13: =+IFERROR(HLOOKUP($B13,'[1]11월누계'!$D$6:$BN$259,2,),)/1000 -> 154 | K13: =+IFERROR(HLOOKUP($B13,'[2]11월누계'!$F$6:$CP$99,2,),)/1000 -> 91.359 | L13: =+K13-J13 -> -62.641 | M13: =+IFERROR(HLOOKUP($B13,'[3]11월누계'!$F$6:$CC$57,2,),)/1000 -> 146.569 | N13: =+K13-M13 -> -55.21 | O13: =+IFERROR(HLOOKUP($B13,'[1]11월누계'!$D$6:$BN$259,3,),)/1000 -> 14830.179 | P13: =+IFERROR(HLOOKUP($B13,'[2]11월누계'!$F$6:$CP$99,3,),)/1000 -> 8273.9816 | Q13: =+P13-O13 -> -6556.1976 | R13: =+IFERROR(HLOOKUP($B13,'[3]11월누계'!$F$6:$CC$57,3,),)/1000 -> 13958.763 | S13: =+P13-R13 -> -5684.7819 | T13: =+IFERROR(HLOOKUP($B13,'[1]11월누계'!$D$6:$BN$259,16,),)/1000 -> 1308.7789 | U13: =+IFERROR(HLOOKUP($B13,'[2]11월누계'!$F$6:$CP$99,16,),)/1000 -> -385.88006 | V13: =+U13-T13 -> -1694.6589 | W13: =+IFERROR(HLOOKUP($B13,'[3]11월누계'!$F$6:$CC$57,16,),)/1000 -> 804.51998 | X13: =+U13-W13 -> -1190.4 | Y13: =+[12]김해!$Q$85 -> 96299.865 | Z13: =+[12]김해!$R$85 -> 90549.981 | AA13: =+[13]김해!$Q$85 -> 95311.762 | AB13: =+[12]김해!$Q$89 -> 76846.476 | AC13: =+[12]김해!$R$89 -> 77271.731 | AD13: =+[13]김해!$Q$89 -> 78622.376 | AE13: =+Y13-AB13 -> 19453.389 | AF13: =+Z13-AC13 -> 13278.25 | AG13: =+AA13-AD13 -> 16689.387 | AI13: =+K13/J13 -> 0.59324026
B14: 정관 | G14: =+I14 -> 정관 | I14: 정관 | J14: =+IFERROR(HLOOKUP($B14,'[1]11월누계'!$D$6:$BN$259,2,),)/1000 -> 209 | K14: =+IFERROR(HLOOKUP($B14,'[2]11월누계'!$F$6:$CP$99,2,),)/1000 -> 233.1435 | L14: =+K14-J14 -> 24.1435 | M14: =+IFERROR(HLOOKUP($B14,'[3]11월누계'!$F$6:$CC$57,2,),)/1000 -> 215.2525 | N14: =+K14-M14 -> 17.891 | O14: =+IFERROR(HLOOKUP($B14,'[1]11월누계'!$D$6:$BN$259,3,),)/1000 -> 21317.986 | P14: =+IFERROR(HLOOKUP($B14,'[2]11월누계'!$F$6:$CP$99,3,),)/1000 -> 23188.605 | Q14: =+P14-O14 -> 1870.6189 | R14: =+IFERROR(HLOOKUP($B14,'[3]11월누계'!$F$6:$CC$57,3,),)/1000 -> 21744.947 | S14: =+P14-R14 -> 1443.6578 | T14: =+IFERROR(HLOOKUP($B14,'[1]11월누계'!$D$6:$BN$259,16,),)/1000 -> 1778.5087 | U14: =+IFERROR(HLOOKUP($B14,'[2]11월누계'!$F$6:$CP$99,16,),)/1000 -> 1811.1652 | V14: =+U14-T14 -> 32.656528 | W14: =+IFERROR(HLOOKUP($B14,'[3]11월누계'!$F$6:$CC$57,16,),)/1000 -> 1884.1901 | X14: =+U14-W14 -> -73.02484 | Y14: =+[12]정관!$Q$85 -> 101999.93 | Z14: =+[12]정관!$R$85 -> 99474.248 | AA14: =+[13]정관!$Q$85 -> 101020.65 | AB14: =+[12]정관!$Q$89 -> 82223.653 | AC14: =+[12]정관!$R$89 -> 81876.886 | AD14: =+[13]정관!$Q$89 -> 81846.37 | AE14: =+Y14-AB14 -> 19776.282 | AF14: =+Z14-AC14 -> 17597.361 | AG14: =+AA14-AD14 -> 19174.28 | AI14: =+K14/J14 -> 1.1155191
B15: 양산 | G15: =+I15 -> 양산 | I15: 양산 | J15: =+IFERROR(HLOOKUP($B15,'[1]11월누계'!$D$6:$BN$259,2,),)/1000 -> 127 | K15: =+IFERROR(HLOOKUP($B15,'[2]11월누계'!$F$6:$CP$99,2,),)/1000 -> 77.765 | L15: =+K15-J15 -> -49.235 | M15: =+IFERROR(HLOOKUP($B15,'[3]11월누계'!$F$6:$CC$57,2,),)/1000 -> 137.009 | N15: =+K15-M15 -> -59.244 | O15: =+IFERROR(HLOOKUP($B15,'[1]11월누계'!$D$6:$BN$259,3,),)/1000 -> 11997.95 | P15: =+IFERROR(HLOOKUP($B15,'[2]11월누계'!$F$6:$CP$99,3,),)/1000 -> 7174.4458 | Q15: =+P15-O15 -> -4823.5039 | R15: =+IFERROR(HLOOKUP($B15,'[3]11월누계'!$F$6:$CC$57,3,),)/1000 -> 12783.635 | S15: =+P15-R15 -> -5609.1892 | T15: =+IFERROR(HLOOKUP($B15,'[1]11월누계'!$D$6:$BN$259,16,),)/1000 -> 1035.1134 | U15: =+IFERROR(HLOOKUP($B15,'[2]11월누계'!$F$6:$CP$99,16,),)/1000 -> -116.98529 | V15: =+U15-T15 -> -1152.0987 | W15: =+IFERROR(HLOOKUP($B15,'[3]11월누계'!$F$6:$CC$57,16,),)/1000 -> 1184.866 | X15: =+U15-W15 -> -1301.8512 | Y15: =+[12]양산!$Q$85 -> 94472.045 | Z15: =+[12]양산!$R$85 -> 92243.113 | AA15: =+[13]양산!$Q$85 -> 93305.075 | AB15: =+[12]양산!$Q$89 -> 73833.065 | AC15: =+[12]양산!$R$89 -> 73840.834 | AD15: =+[13]양산!$Q$89 -> 73270.586 | AE15: =+Y15-AB15 -> 20638.98 | AF15: =+Z15-AC15 -> 18402.279 | AG15: =+AA15-AD15 -> 20034.489 | AI15: =+K15/J15 -> 0.61232283
B16: 창원 | G16: =+I16 -> 창원 | I16: 창원 | J16: =+IFERROR(HLOOKUP($B16,'[1]11월누계'!$D$6:$BN$259,2,),)/1000 -> 141 | K16: =+IFERROR(HLOOKUP($B16,'[2]11월누계'!$F$6:$CP$99,2,),)/1000 -> 104.474 | L16: =+K16-J16 -> -36.526 | M16: =+IFERROR(HLOOKUP($B16,'[3]11월누계'!$F$6:$CC$57,2,),)/1000 -> 184.0425 | N16: =+K16-M16 -> -79.5685 | O16: =+IFERROR(HLOOKUP($B16,'[1]11월누계'!$D$6:$BN$259,3,),)/1000 -> 14177.04 | P16: =+IFERROR(HLOOKUP($B16,'[2]11월누계'!$F$6:$CP$99,3,),)/1000 -> 9969.4654 | Q16: =+P16-O16 -> -4207.5744 | R16: =+IFERROR(HLOOKUP($B16,'[3]11월누계'!$F$6:$CC$57,3,),)/1000 -> 18512.705 | S16: =+P16-R16 -> -8543.2394 | T16: =+IFERROR(HLOOKUP($B16,'[1]11월누계'!$D$6:$BN$259,16,),)/1000 -> 1379.1645 | U16: =+IFERROR(HLOOKUP($B16,'[2]11월누계'!$F$6:$CP$99,16,),)/1000 -> 332.37587 | V16: =+U16-T16 -> -1046.7887 | W16: =+IFERROR(HLOOKUP($B16,'[3]11월누계'!$F$6:$CC$57,16,),)/1000 -> 2572.8557 | X16: =+U16-W16 -> -2240.4798 | Y16: =+[12]창원!$Q$85 -> 100546.38 | Z16: =+[12]창원!$R$85 -> 95425.325 | AA16: =+[13]창원!$Q$85 -> 100589.29 | AB16: =+[12]창원!$Q$89 -> 76035.893 | AC16: =+[12]창원!$R$89 -> 73250.783 | AD16: =+[13]창원!$Q$89 -> 74940.844 | AE16: =+Y16-AB16 -> 24510.489 | AF16: =+Z16-AC16 -> 22174.542 | AG16: =+AA16-AD16 -> 25648.448 | AI16: =+K16/J16 -> 0.74095035
B17: 대구 | G17: =+I17 -> 대구 | I17: 대구 | J17: =+IFERROR(HLOOKUP($B17,'[1]11월누계'!$D$6:$BN$259,2,),)/1000 -> 133 | K17: =+IFERROR(HLOOKUP($B17,'[2]11월누계'!$F$6:$CP$99,2,),)/1000 -> 105.1445 | L17: =+K17-J17 -> -27.8555 | M17: =+IFERROR(HLOOKUP($B17,'[3]11월누계'!$F$6:$CC$57,2,),)/1000 -> 171.332 | N17: =+K17-M17 -> -66.1875 | O17: =+IFERROR(HLOOKUP($B17,'[1]11월누계'!$D$6:$BN$259,3,),)/1000 -> 12912.16 | P17: =+IFERROR(HLOOKUP($B17,'[2]11월누계'!$F$6:$CP$99,3,),)/1000 -> 9276.7591 | Q17: =+P17-O17 -> -3635.401 | R17: =+IFERROR(HLOOKUP($B17,'[3]11월누계'!$F$6:$CC$57,3,),)/1000 -> 17088.238 | S17: =+P17-R17 -> -7811.4786 | T17: =+IFERROR(HLOOKUP($B17,'[1]11월누계'!$D$6:$BN$259,16,),)/1000 -> 1200.6712 | U17: =+IFERROR(HLOOKUP($B17,'[2]11월누계'!$F$6:$CP$99,16,),)/1000 -> -44.250532 | V17: =+U17-T17 -> -1244.9217 | W17: =+IFERROR(HLOOKUP($B17,'[3]11월누계'!$F$6:$CC$57,16,),)/1000 -> 2383.4607 | X17: =+U17-W17 -> -2427.7113 | Y17: =+[12]대구!$Q$85 -> 97083.911 | Z17: =+[12]대구!$R$85 -> 88247.535 | AA17: =+[13]대구!$Q$85 -> 99737.352 | AB17: =+[12]대구!$Q$89 -> 73121.619 | AC17: =+[12]대구!$R$89 -> 72869.097 | AD17: =+[13]대구!$Q$89 -> 74594.203 | AE17: =+Y17-AB17 -> 23962.292 | AF17: =+Z17-AC17 -> 15378.438 | AG17: =+AA17-AD17 -> 25143.149 | AI17: =+K17/J17 -> 0.79056015
B18: 울산 | G18: =+I18 -> 울산 | I18: 울산 | J18: =+IFERROR(HLOOKUP($B18,'[1]11월누계'!$D$6:$BN$259,2,),)/1000 -> 132.5 | K18: =+IFERROR(HLOOKUP($B18,'[2]11월누계'!$F$6:$CP$99,2,),)/1000 -> 122.4325 | L18: =+K18-J18 -> -10.0675 | M18: =+IFERROR(HLOOKUP($B18,'[3]11월누계'!$F$6:$CC$57,2,),)/1000 -> 121.762 | N18: =+K18-M18 -> 0.6705 | O18: =+IFERROR(HLOOKUP($B18,'[1]11월누계'!$D$6:$BN$259,3,),)/1000 -> 13593.603 | P18: =+IFERROR(HLOOKUP($B18,'[2]11월누계'!$F$6:$CP$99,3,),)/1000 -> 12785.668 | Q18: =+P18-O18 -> -807.93513 | R18: =+IFERROR(HLOOKUP($B18,'[3]11월누계'!$F$6:$CC$57,3,),)/1000 -> 12655.879 | S18: =+P18-R18 -> 129.78903 | T18: =+IFERROR(HLOOKUP($B18,'[1]11월누계'!$D$6:$BN$259,16,),)/1000 -> 1064.7617 | U18: =+IFERROR(HLOOKUP($B18,'[2]11월누계'!$F$6:$CP$99,16,),)/1000 -> 1009.1216 | V18: =+U18-T18 -> -55.640065 | W18: =+IFERROR(HLOOKUP($B18,'[3]11월누계'!$F$6:$CC$57,16,),)/1000 -> 1408.0476 | X18: =+U18-W18 -> -398.92595 | Y18: =+[12]울산!$Q$85 -> 102593.23 | Z18: =+[12]울산!$R$85 -> 104430.35 | AA18: =+[13]울산!$Q$85 -> 103939.48 | AB18: =+[12]울산!$Q$89 -> 82109.359 | AC18: =+[12]울산!$R$89 -> 82860.827 | AD18: =+[13]울산!$Q$89 -> 80482.903 | AE18: =+Y18-AB18 -> 20483.875 | AF18: =+Z18-AC18 -> 21569.519 | AG18: =+AA18-AD18 -> 23456.58 | AI18: =+K18/J18 -> 0.92401887
B19: 아산 | G19: =+I19 -> 아산 | I19: 아산 | J19: =+IFERROR(HLOOKUP($B19,'[1]11월누계'!$D$6:$BN$259,2,),)/1000 -> 245 | K19: =+IFERROR(HLOOKUP($B19,'[2]11월누계'!$F$6:$CP$99,2,),)/1000 -> 232.838 | L19: =+K19-J19 -> -12.162 | M19: =+IFERROR(HLOOKUP($B19,'[3]11월누계'!$F$6:$CC$57,2,),)/1000 -> 294.8125 | N19: =+K19-M19 -> -61.9745 | O19: =+IFERROR(HLOOKUP($B19,'[1]11월누계'!$D$6:$BN$259,3,),)/1000 -> 25235 | P19: =+IFERROR(HLOOKUP($B19,'[2]11월누계'!$F$6:$CP$99,3,),)/1000 -> 22550.87 | Q19: =+P19-O19 -> -2684.1305 | R19: =+IFERROR(HLOOKUP($B19,'[3]11월누계'!$F$6:$CC$57,3,),)/1000 -> 29720.66 | S19: =+P19-R19 -> -7169.7906 | T19: =+IFERROR(HLOOKUP($B19,'[1]11월누계'!$D$6:$BN$259,16,),)/1000 -> 3254.013 | U19: =+IFERROR(HLOOKUP($B19,'[2]11월누계'!$F$6:$CP$99,16,),)/1000 -> 1019.9201 | V19: =+U19-T19 -> -2234.0929 | W19: =+IFERROR(HLOOKUP($B19,'[3]11월누계'!$F$6:$CC$57,16,),)/1000 -> 4128.2181 | X19: =+U19-W19 -> -3108.298 | Y19: =+[12]아산!$Q$85 -> 103000 | Z19: =+[12]아산!$R$85 -> 96842.873 | AA19: =+[13]아산!$Q$85 -> 100750.65 | AB19: =+[12]아산!$Q$89 -> 78416.992 | AC19: =+[12]아산!$R$89 -> 81101.341 | AD19: =+[13]아산!$Q$89 -> 77303.283 | AE19: =+Y19-AB19 -> 24583.008 | AF19: =+Z19-AC19 -> 15741.533 | AG19: =+AA19-AD19 -> 23447.363 | AI19: =+K19/J19 -> 0.95035918
B20: 전주 | G20: =+I20 -> 전주 | I20: 전주 | J20: =+IFERROR(HLOOKUP($B20,'[1]11월누계'!$D$6:$BN$259,2,),)/1000 -> 119 | K20: =+IFERROR(HLOOKUP($B20,'[2]11월누계'!$F$6:$CP$99,2,),)/1000 -> 143.8495 | L20: =+K20-J20 -> 24.8495 | M20: =+IFERROR(HLOOKUP($B20,'[3]11월누계'!$F$6:$CC$57,2,),)/1000 -> 94.2685 | N20: =+K20-M20 -> 49.581 | O20: =+IFERROR(HLOOKUP($B20,'[1]11월누계'!$D$6:$BN$259,3,),)/1000 -> 11757.926 | P20: =+IFERROR(HLOOKUP($B20,'[2]11월누계'!$F$6:$CP$99,3,),)/1000 -> 14030.649 | Q20: =+P20-O20 -> 2272.7233 | R20: =+IFERROR(HLOOKUP($B20,'[3]11월누계'!$F$6:$CC$57,3,),)/1000 -> 9096.3854 | S20: =+P20-R20 -> 4934.2636 | T20: =+IFERROR(HLOOKUP($B20,'[1]11월누계'!$D$6:$BN$259,16,),)/1000 -> 1352.8966 | U20: =+IFERROR(HLOOKUP($B20,'[2]11월누계'!$F$6:$CP$99,16,),)/1000 -> 1412.7517 | V20: =+U20-T20 -> 59.855104 | W20: =+IFERROR(HLOOKUP($B20,'[3]11월누계'!$F$6:$CC$57,16,),)/1000 -> 629.36368 | X20: =+U20-W20 -> 783.38801 | Y20: =+[12]전주!$Q$85 -> 98806.098 | Z20: =+[12]전주!$R$85 -> 97537.199 | AA20: =+[13]전주!$Q$85 -> 96496.299 | AB20: =+[12]전주!$Q$89 -> 73242.607 | AC20: =+[12]전주!$R$89 -> 75742.001 | AD20: =+[13]전주!$Q$89 -> 72512.447 | AE20: =+Y20-AB20 -> 25563.492 | AF20: =+Z20-AC20 -> 21795.198 | AG20: =+AA20-AD20 -> 23983.852 | AI20: =+K20/J20 -> 1.2088193
B21: 군산 | G21: =+I21 -> 군산 | I21: 군산 | J21: =+IFERROR(HLOOKUP($B21,'[1]11월누계'!$D$6:$BN$259,2,),)/1000 -> 77.5 | K21: =+IFERROR(HLOOKUP($B21,'[2]11월누계'!$F$6:$CP$99,2,),)/1000 -> 52.211 | L21: =+K21-J21 -> -25.289 | M21: =+IFERROR(HLOOKUP($B21,'[3]11월누계'!$F$6:$CC$57,2,),)/1000 -> 92.7335 | N21: =+K21-M21 -> -40.5225 | O21: =+IFERROR(HLOOKUP($B21,'[1]11월누계'!$D$6:$BN$259,3,),)/1000 -> 8601.7146 | P21: =+IFERROR(HLOOKUP($B21,'[2]11월누계'!$F$6:$CP$99,3,),)/1000 -> 5750.005 | Q21: =+P21-O21 -> -2851.7096 | R21: =+IFERROR(HLOOKUP($B21,'[3]11월누계'!$F$6:$CC$57,3,),)/1000 -> 10452.618 | S21: =+P21-R21 -> -4702.6128 | T21: =+IFERROR(HLOOKUP($B21,'[1]11월누계'!$D$6:$BN$259,16,),)/1000 -> 2047.8773 | U21: =+IFERROR(HLOOKUP($B21,'[2]11월누계'!$F$6:$CP$99,16,),)/1000 -> 1041.032 | V21: =+U21-T21 -> -1006.8452 | W21: =+IFERROR(HLOOKUP($B21,'[3]11월누계'!$F$6:$CC$57,16,),)/1000 -> 2843.8162 | X21: =+U21-W21 -> -1802.7842 | Y21: =+[12]군산!$Q$85 -> 110989.87 | Z21: =+[12]군산!$R$85 -> 110116.6 | AA21: =+[13]군산!$Q$85 -> 112730.49 | AB21: =+[12]군산!$Q$89 -> 72654.646 | AC21: =+[12]군산!$R$89 -> 72333.97 | AD21: =+[13]군산!$Q$89 -> 72387.6 | AE21: =+Y21-AB21 -> 38335.219 | AF21: =+Z21-AC21 -> 37782.629 | AG21: =+AA21-AD21 -> 40342.89 | AI21: =+K21/J21 -> 0.67369032
B22: 원주 | G22: =+I22 -> 원주 | I22: 원주 | J22: =+IFERROR(HLOOKUP($B22,'[1]11월누계'!$D$6:$BN$259,2,),)/1000 -> 51 | K22: =+IFERROR(HLOOKUP($B22,'[2]11월누계'!$F$6:$CP$99,2,),)/1000 -> 31.592 | L22: =+K22-J22 -> -19.408 | M22: =+IFERROR(HLOOKUP($B22,'[3]11월누계'!$F$6:$CC$57,2,),)/1000 -> 60.471 | N22: =+K22-M22 -> -28.879 | O22: =+IFERROR(HLOOKUP($B22,'[1]11월누계'!$D$6:$BN$259,3,),)/1000 -> 5712 | P22: =+IFERROR(HLOOKUP($B22,'[2]11월누계'!$F$6:$CP$99,3,),)/1000 -> 3480.5457 | Q22: =+P22-O22 -> -2231.4543 | R22: =+IFERROR(HLOOKUP($B22,'[3]11월누계'!$F$6:$CC$57,3,),)/1000 -> 6790.7076 | S22: =+P22-R22 -> -3310.1619 | T22: =+IFERROR(HLOOKUP($B22,'[1]11월누계'!$D$6:$BN$259,16,),)/1000 -> 948.38752 | U22: =+IFERROR(HLOOKUP($B22,'[2]11월누계'!$F$6:$CP$99,16,),)/1000 -> 226.23234 | V22: =+U22-T22 -> -722.15518 | W22: =+IFERROR(HLOOKUP($B22,'[3]11월누계'!$F$6:$CC$57,16,),)/1000 -> 1329.3867 | X22: =+U22-W22 -> -1103.1543 | Y22: =+[12]원주!$Q$85 -> 112000 | Z22: =+[12]원주!$R$85 -> 110173.28 | AA22: =+[13]원주!$Q$85 -> 112301.91 | AB22: =+[12]원주!$Q$89 -> 73293.271 | AC22: =+[12]원주!$R$89 -> 72244.01 | AD22: =+[13]원주!$Q$89 -> 73905.733 | AE22: =+Y22-AB22 -> 38706.729 | AF22: =+Z22-AC22 -> 37929.266 | AG22: =+AA22-AD22 -> 38396.177 | AI22: =+K22/J22 -> 0.61945098
B23: 제주 | G23: =+I23 -> 제주 | I23: 제주 | J23: =+IFERROR(HLOOKUP($B23,'[1]11월누계'!$D$6:$BN$259,2,),)/1000 -> 90 | K23: =+IFERROR(HLOOKUP($B23,'[2]11월누계'!$F$6:$CP$99,2,),)/1000 -> 58.189 | L23: =+K23-J23 -> -31.811 | M23: =+IFERROR(HLOOKUP($B23,'[3]11월누계'!$F$6:$CC$57,2,),)/1000 -> 37.4065 | N23: =+K23-M23 -> 20.7825 | O23: =+IFERROR(HLOOKUP($B23,'[1]11월누계'!$D$6:$BN$259,3,),)/1000 -> 11056.797 | P23: =+IFERROR(HLOOKUP($B23,'[2]11월누계'!$F$6:$CP$99,3,),)/1000 -> 7194.2769 | Q23: =+P23-O23 -> -3862.5196 | R23: =+IFERROR(HLOOKUP($B23,'[3]11월누계'!$F$6:$CC$57,3,),)/1000 -> 4646.6721 | S23: =+P23-R23 -> 2547.6048 | T23: =+IFERROR(HLOOKUP($B23,'[1]11월누계'!$D$6:$BN$259,16,),)/1000 -> 1777.4591 | U23: =+IFERROR(HLOOKUP($B23,'[2]11월누계'!$F$6:$CP$99,16,),)/1000 -> 662.71735 | V23: =+U23-T23 -> -1114.7418 | W23: =+IFERROR(HLOOKUP($B23,'[3]11월누계'!$F$6:$CC$57,16,),)/1000 -> 318.37748 | X23: =+U23-W23 -> 344.33987 | Y23: =+[12]제주!$Q$85 -> 122853.29 | Z23: =+[12]제주!$R$85 -> 123467.34 | AA23: =+[13]제주!$Q$85 -> 124220.98 | AB23: =+[12]제주!$Q$89 -> 91117.351 | AC23: =+[12]제주!$R$89 -> 93360.744 | AD23: =+[13]제주!$Q$89 -> 89473.328 | AE23: =+Y23-AB23 -> 31735.944 | AF23: =+Z23-AC23 -> 30106.594 | AG23: =+AA23-AD23 -> 34747.652 | AI23: =+K23/J23 -> 0.64654444
F24: =+K24/J24 -> 0.82217581 | G24: =+I24 -> 수도권 | I24: 수도권 | J24: =SUM(J7:J10) -> 1111 | K24: =SUM(K7:K10) -> 913.43732 | L24: =+K24-J24 -> -197.56268 | M24: =SUM(M7:M10) -> 1106.8135 | N24: =+K24-M24 -> -193.37618 | O24: =SUM(O7:O10) -> 109273.84 | P24: =SUM(P7:P10) -> 87591.137 | Q24: =+P24-O24 -> -21682.702 | R24: =SUM(R7:R10) -> 108881.82 | S24: =+P24-R24 -> -21290.684 | T24: =SUM(T7:T10) -> 8103.1169 | U24: =SUM(U7:U10) -> 2067.6991 | V24: =+U24-T24 -> -6035.4179 | W24: =SUM(W7:W10) -> 8340.3936 | X24: =+U24-W24 -> -6272.6945 | Y24: =+[12]수도권!$Q$85 -> 98356.29 | Z24: =+[12]수도권!$R$85 -> 95931.409 | AA24: =+[13]수도권!$Q$85 -> 98382.993 | AB24: =+[12]수도권!$Q$89 -> 80995.388 | AC24: =+[12]수도권!$R$89 -> 81195.504 | AD24: =+[13]수도권!$Q$89 -> 81005.534 | AE24: =+Y24-AB24 -> 17360.902 | AF24: =+Z24-AC24 -> 14735.905 | AG24: =+AA24-AD24 -> 17377.458 | AI24: =+K24/J24 -> 0.82217581 | AK24: =+U24/T24 -> 0.2551733
F25: =+K25/J25 -> 0.86043597 | G25: =+I25 -> 영남권 | I25: 영남권 | J25: =SUM(J11:J18) -> 1331.5 | K25: =SUM(K11:K18) -> 1145.6705 | L25: =+K25-J25 -> -185.8295 | M25: =SUM(M11:M18) -> 1419.4335 | N25: =+K25-M25 -> -273.763 | O25: =SUM(O11:O18) -> 133855.61 | P25: =SUM(P11:P18) -> 113261.08 | Q25: =+P25-O25 -> -20594.527 | R25: =SUM(R11:R18) -> 142803.67 | S25: =+P25-R25 -> -29542.583 | T25: =SUM(T11:T18) -> 11856.294 | U25: =SUM(U11:U18) -> 6136.2996 | V25: =+U25-T25 -> -5719.994 | W25: =SUM(W11:W18) -> 14879.504 | X25: =+U25-W25 -> -8743.2049 | Y25: =+[12]영남권!$Q$85 -> 100529.94 | Z25: =+[12]영남권!$R$85 -> 98880.71 | AA25: =+[13]영남권!$Q$85 -> 100621.44 | AB25: =+[12]영남권!$Q$89 -> 79003.411 | AC25: =+[12]영남권!$R$89 -> 79496.799 | AD25: =+[13]영남권!$Q$89 -> 78632.623 | AE25: =+Y25-AB25 -> 21526.524 | AF25: =+Z25-AC25 -> 19383.911 | AG25: =+AA25-AD25 -> 21988.812 | AI25: =+K25/J25 -> 0.86043597 | AK25: =+U25/T25 -> 0.51755631
F26: =+K26/J26 -> 0.89043691 | G26: =+I26 -> 중부권 | I26: 중부권 | J26: =SUM(J19:J23) -> 582.5 | K26: =SUM(K19:K23) -> 518.6795 | L26: =+K26-J26 -> -63.8205 | M26: =SUM(M19:M23) -> 579.692 | N26: =+K26-M26 -> -61.0125 | O26: =SUM(O19:O23) -> 62363.437 | P26: =SUM(P19:P23) -> 53006.346 | Q26: =+P26-O26 -> -9357.0907 | R26: =SUM(R19:R23) -> 60707.043 | S26: =+P26-R26 -> -7700.6969 | T26: =SUM(T19:T23) -> 9380.6335 | U26: =SUM(U19:U23) -> 4362.6535 | V26: =+U26-T26 -> -5017.98 | W26: =SUM(W19:W23) -> 9249.1621 | X26: =+U26-W26 -> -4886.5086 | Y26: =+[12]중부권!$Q$85 -> 107061.69 | Z26: =+[12]중부권!$R$85 -> 102100.28 | AA26: =+[13]중부권!$Q$85 -> 104705.88 | AB26: =+[12]중부권!$Q$89 -> 78106.93 | AC26: =+[12]중부권!$R$89 -> 79527.053 | AD26: =+[13]중부권!$Q$89 -> 76169.705 | AE26: =+Y26-AB26 -> 28954.764 | AF26: =+Z26-AC26 -> 22573.222 | AG26: =+AA26-AD26 -> 28536.173 | AI26: =+K26/J26 -> 0.89043691 | AK26: =+U26/T26 -> 0.46507024
F27: =+K27/M27 -> 0.82995427 | G27: =+K27/J27 -> 0.8521611 | H27: 레미콘 계 | J27: =SUM(J24:J26) -> 3025 | K27: =SUM(K24:K26) -> 2577.7873 | L27: =+K27-J27 -> -447.21268 | M27: =SUM(M24:M26) -> 3105.939 | N27: =+K27-M27 -> -528.15168 | O27: =SUM(O24:O26) -> 305492.88 | P27: =SUM(P24:P26) -> 253858.57 | Q27: =+P27-O27 -> -51634.319 | R27: =SUM(R24:R26) -> 312392.53 | S27: =+P27-R27 -> -58533.964 | T27: =SUM(T24:T26) -> 29340.044 | U27: =SUM(U24:U26) -> 12566.652 | V27: =+U27-T27 -> -16773.392 | W27: =SUM(W24:W26) -> 32469.06 | X27: =+U27-W27 -> -19902.408 | Y27: =+[12]합계!$Q$85 -> 100989.38 | Z27: =+[12]합계!$R$85 -> 98487.388 | AA27: =+[13]합계!$Q$85 -> 100586.23 | AB27: =+[12]합계!$Q$89 -> 79562.382 | AC27: =+[12]합계!$R$89 -> 80101.036 | AD27: =+[13]합계!$Q$89 -> 79017.06 | AE27: =+Y27-AB27 -> 21427.001 | AF27: =+Z27-AC27 -> 18386.353 | AG27: =+AA27-AD27 -> 21569.169 | AI27: =+K27/J27 -> 0.8521611 | AK27: =+U27/T27 -> 0.42831061
B28: 부산모래장 | C28: 부산골재 | G28: =+I28 -> 부산모래장 | H28: 골재 | I28: 부산모래장 | J28: =+IFERROR(HLOOKUP($B28,'[1]11월누계'!$D$6:$BN$259,2,),)/1000 -> 233.87295 | K28: =+IFERROR(HLOOKUP($C28,'[2]11월누계'!$F$6:$CP$99,2,),)/1000 -> 258.28 | L28: =+K28-J28 -> 24.407048 | M28: =+IFERROR(HLOOKUP($C28,'[3]11월누계'!$F$6:$CC$57,2,),)/1000 -> 215.318 | N28: =+K28-M28 -> 42.962 | O28: =+IFERROR(HLOOKUP($B28,'[1]11월누계'!$D$6:$BN$259,3,),)/1000 -> 6748.4619 | P28: =+IFERROR(HLOOKUP($C28,'[2]11월누계'!$F$6:$CP$99,3,),)/1000 -> 7351.7481 | Q28: =+P28-O28 -> 603.28623 | R28: =+IFERROR(HLOOKUP($C28,'[3]11월누계'!$F$6:$CC$57,3,),)/1000 -> 6284.2151 | S28: =+P28-R28 -> 1067.533 | T28: =+IFERROR(HLOOKUP($B28,'[1]11월누계'!$D$6:$BN$259,21,),)/1000 -> 762.58579 | U28: =+IFERROR(HLOOKUP($C28,'[2]11월누계'!$F$6:$CP$99,21,),)/1000 -> 124.33492 | V28: =+U28-T28 -> -638.25087 | W28: =+IFERROR(HLOOKUP($C28,'[3]11월누계'!$F$6:$CC$57,21,),)/1000 -> 361.02867 | X28: =+U28-W28 -> -236.69375 | Y28: ■ 비고
B29: 서부산크라샤 | C29: 서부산골재 | G29: =+I29 -> 서부산CR | I29: 서부산CR | J29: =+IFERROR(HLOOKUP($B29,'[1]11월누계'!$D$6:$BN$259,2,),)/1000 -> 531.48917 | K29: =+IFERROR(HLOOKUP($C29,'[2]11월누계'!$F$6:$CP$99,2,),)/1000 -> 264.108 | L29: =+K29-J29 -> -267.38117 | M29: =+IFERROR(HLOOKUP($C29,'[3]11월누계'!$F$6:$CC$57,2,),)/1000 -> 171.092 | N29: =+K29-M29 -> 93.016 | O29: =+IFERROR(HLOOKUP($B29,'[1]11월누계'!$D$6:$BN$259,3,),)/1000 -> 7767.1768 | P29: =+IFERROR(HLOOKUP($C29,'[2]11월누계'!$F$6:$CP$99,3,),)/1000 -> 3587.558 | Q29: =+P29-O29 -> -4179.6188 | R29: =+IFERROR(HLOOKUP($C29,'[3]11월누계'!$F$6:$CC$57,3,),)/1000 -> 2402.163 | S29: =+P29-R29 -> 1185.395 | T29: =+IFERROR(HLOOKUP($B29,'[1]11월누계'!$D$6:$BN$259,21,),)/1000 -> 1289.8228 | U29: =+IFERROR(HLOOKUP($C29,'[2]11월누계'!$F$6:$CP$99,21,),)/1000 -> 202.97821 | V29: =+U29-T29 -> -1086.8446 | W29: =+IFERROR(HLOOKUP($C29,'[3]11월누계'!$F$6:$CC$57,21,),)/1000 -> -126.93228 | X29: =+U29-W29 -> 329.91049 | Y29: - 1군 판매단가 인하
B30: 부산크라샤 | C30: 부산크라샤 | G30: =+I30 -> 부산CR | I30: 부산CR | J30: =+IFERROR(HLOOKUP($B30,'[1]11월누계'!$D$6:$BN$259,2,),)/1000 -> 320.08991 | K30: =+IFERROR(HLOOKUP($C30,'[2]11월누계'!$F$6:$CP$99,2,),)/1000 -> 196.618 | L30: =+K30-J30 -> -123.47191 | M30: =+IFERROR(HLOOKUP($C30,'[3]11월누계'!$F$6:$CC$57,2,),)/1000 -> 394.021 | N30: =+K30-M30 -> -197.403 | O30: =+IFERROR(HLOOKUP($B30,'[1]11월누계'!$D$6:$BN$259,3,),)/1000 -> 5458.4001 | P30: =+IFERROR(HLOOKUP($C30,'[2]11월누계'!$F$6:$CP$99,3,),)/1000 -> 3784.1814 | Q30: =+P30-O30 -> -1674.2187 | R30: =+IFERROR(HLOOKUP($C30,'[3]11월누계'!$F$6:$CC$57,3,),)/1000 -> 7103.2515 | S30: =+P30-R30 -> -3319.0701 | T30: =+IFERROR(HLOOKUP($B30,'[1]11월누계'!$D$6:$BN$259,21,),)/1000 -> -28.233735 | U30: =+IFERROR(HLOOKUP($C30,'[2]11월누계'!$F$6:$CP$99,21,),)/1000 -> -1333.2007 | V30: =+U30-T30 -> -1304.9669 | W30: =+IFERROR(HLOOKUP($C30,'[3]11월누계'!$F$6:$CC$57,21,),)/1000 -> -528.20053 | X30: =+U30-W30 -> -805.00013 | Y30: · 천안 아산지역 2,600원/㎥↓, 창원 2,900원/㎥↓(4/1), 울산 ,1900원/㎥↓(7/1)
H31: 골재 계 | J31: =SUM(J28:J30) -> 1085.452 | K31: =SUM(K28:K30) -> 719.006 | L31: =+K31-J31 -> -366.44604 | M31: =SUM(M28:M30) -> 780.431 | N31: =+K31-M31 -> -61.425 | O31: =SUM(O28:O30) -> 19974.039 | P31: =SUM(P28:P30) -> 14723.488 | Q31: =+P31-O31 -> -5250.5513 | R31: =SUM(R28:R30) -> 15789.63 | S31: =+P31-R31 -> -1066.1421 | T31: =SUM(T28:T30) -> 2024.1749 | U31: =SUM(U28:U30) -> -1005.8875 | V31: =+U31-T31 -> -3030.0624 | W31: =SUM(W28:W30) -> -294.10414 | X31: =+U31-W31 -> -711.7834 | Y31: - 1군 판가 소급분(마이너스 계산서) : 16.1억(625원/㎥)
B32: 포항임대 | C32: 속초임대 | D32: 강릉임대 | E32: 레미콘임대 계 | G32: =+I32 -> 레미콘임대 | H32: 기타 | I32: 레미콘임대 | L32: =+K32-J32 -> 0 | N32: =+K32-M32 -> 0 | O32: =(IFERROR(HLOOKUP($B32,'[1]11월누계'!$D$6:$BN$259,3,),)++IFERROR(HLOOKUP($C32,'[1]11월누계'!$D$6:$BN$259,3,),)+IFERROR(HLOOKUP($D32,'[1]11월누계'!$D$6:$BN$259,3,),))/1000 -> 805.85333 | P32: =+IFERROR(HLOOKUP($E32,'[2]11월누계'!$F$6:$CP$99,3,),)/1000 -> 594.24 | Q32: =+P32-O32 -> -211.61333 | R32: =+IFERROR(HLOOKUP($E32,'[3]11월누계'!$F$6:$CC$57,3,),)/1000 -> 999.24 | S32: =+P32-R32 -> -405 | T32: =(IFERROR(HLOOKUP($B32,'[1]11월누계'!$D$6:$BN$259,21,),)++IFERROR(HLOOKUP($C32,'[1]11월누계'!$D$6:$BN$259,21,),)+IFERROR(HLOOKUP($D32,'[1]11월누계'!$D$6:$BN$259,21,),))/1000 -> 560.12852 | U32: =+IFERROR(HLOOKUP($E32,'[2]11월누계'!$F$6:$CP$99,16,),)/1000 -> 325.2656 | V32: =+U32-T32 -> -234.86292 | W32: =+IFERROR(HLOOKUP($E32,'[3]11월누계'!$F$6:$CC$57,16,),)/1000 -> 695.34818 | X32: =+U32-W32 -> -370.08258
B33: 부동산임대 | C33: 주유소임대 | E33: 임대 계 | G33: =+I33 -> 임대 | I33: 임대 | L33: =+K33-J33 -> 0 | M33: 0 | N33: =+K33-M33 -> 0 | O33: =(+IFERROR(HLOOKUP($B33,'[1]11월누계'!$D$6:$BN$259,3,),)+IFERROR(HLOOKUP($C33,'[1]11월누계'!$D$6:$BN$259,3,),))/1000 -> 816.7065 | P33: =+IFERROR(HLOOKUP($E33,'[2]11월누계'!$F$6:$CP$99,3,),)/1000 -> 811.27929 | Q33: =+P33-O33 -> -5.427207 | R33: =+IFERROR(HLOOKUP($E33,'[3]11월누계'!$F$6:$CC$57,3,),)/1000 -> 803.15053 | S33: =+P33-R33 -> 8.128763 | T33: =(+IFERROR(HLOOKUP($B33,'[1]11월누계'!$D$6:$BN$259,21,),)+IFERROR(HLOOKUP($C33,'[1]11월누계'!$D$6:$BN$259,21,),))/1000 -> 742.96783 | U33: =+IFERROR(HLOOKUP($E33,'[2]11월누계'!$F$6:$CP$99,16,),)/1000 -> 743.13901 | V33: =+U33-T33 -> 0.171178 | W33: =+IFERROR(HLOOKUP($E33,'[3]11월누계'!$F$6:$CC$57,16,),)/1000 -> 725.77006 | X33: =+U33-W33 -> 17.368946 | Y33: - 운반비 협상
B34: 공 통 비 | G34: =+I34 -> 공통비 | I34: 공통비 | L34: =+K34-J34 -> 0 | N34: =+K34-M34 -> 0 | Q34: =+P34-O34 -> 0 | S34: =+P34-R34 -> 0 | T34: =-'[1]11월누계'!$Z$22/1000 -> -16603.926 | U34: =+-'[2]11월누계'!$Z$22/1000 -> -16818.112 | V34: =+U34-T34 -> -214.18512 | W34: =+-'[3]11월누계'!$Z$22/1000 -> -15353.848 | X34: =+U34-W34 -> -1464.2634 | Y34: · 부산권 4천원, 창원 3.5천원 / 제주 협상完 500원/㎥ 인상
G35: =+I35 -> OPC 소급분 | I35: OPC 소급분 | N35: =+K35-M35 -> 0 | Q35: =+P35-O35 -> 0 | S35: =+P35-R35 -> 0 | U35: ='[2]11월누계'!$BD$26/1000 -> 895.54377 | V35: =+U35-T35 -> 895.54377 | W35: ='[3]11월누계'!$BD$26/1000 -> 991.78824 | X35: =+U35-W35 -> -96.24447 | Y35: 원주 2천원/회(1년), 군산 2개년 합의, 7/15 (25년 2.5천원. 26년 3.5천원)
G36: =+I36 -> 대손 | I36: 대손 | N36: =+K36-M36 -> 0 | Q36: =+P36-O36 -> 0 | S36: =+P36-R36 -> 0 | U36: ='[2]11월누계'!$BE$26/1000 -> -1243.0001 | V36: =+U36-T36 -> -1243.0001 | W36: ='[3]11월누계'!$BE$26/1000 -> -573.85933 | X36: =+U36-W36 -> -669.14074 | Y36: 인천, 김포3,300원/회 ↑, 군산 25년 2.5천원. 26년 3.5천원
G37: =+I37 -> 미운영 공장 | I37: 미운영 공장 | Q37: =+P37-O37 -> 0 | R37: =+IFERROR(HLOOKUP($I$37,'[3]11월누계'!$F$6:$BJ$50,3,),)/1000 -> 0 | S37: =+P37-R37 -> 0 | T37: =SUM('[1]11월누계'!$AM$26:$AQ$26)/1000 -> -317.83484 | U37: =+'[2]11월누계'!$BF$26/1000 -> -316.47909 | V37: =+U37-T37 -> 1.355746 | W37: =+'[3]11월누계'!$BF$26/1000 -> -405.12094 | X37: =+U37-W37 -> 88.641848
B38: 기타 계 | G38: =+I38 -> 퇴직위로금 | I38: 퇴직위로금 | U38: =+'[2]11월누계'!$BG$26/1000 -> -759.34319 | V38: =+U38-T38 -> -759.34319 | X38: =+U38-W38 -> -759.34319
G39: =+I39 -> 기타 | I39: 기타 | L39: =+K39-J39 -> 0 | N39: =+K39-M39 -> 0 | O39: =IFERROR(HLOOKUP($B38,'[1]11월누계'!$D$6:$BN$259,3,),)/1000 -> 19.47 | P39: =+('[2]11월누계'!$F$8-SUM('[2]11월누계'!$Z$8,'[2]11월누계'!$AH$8,'[2]11월누계'!$AN$8,'[2]11월누계'!$AO$8,'[2]11월누계'!$BA$8,'[2]11월누계'!$BD$8,'[2]11월누계'!$BE$8,'[2]11월누계'!$BF$8))/1000 -> 18.52375 | Q39: =+P39-O39 -> -0.94625 | R39: =+('[3]11월누계'!$F$8-SUM('[3]11월누계'!$Z$8,'[3]11월누계'!$AH$8,'[3]11월누계'!$AN$8,'[3]11월누계'!$AO$8,'[3]11월누계'!$BA$8,'[3]11월누계'!$BD$8,'[3]11월누계'!$BE$8,'[3]11월누계'!$BF$8))/1000 -> 19.305 | S39: =+P39-R39 -> -0.78125 | T39: =+('[1]11월누계'!$E$26-'[1]11월누계'!$Z$26-'[1]11월누계'!$AA$26-'[1]11월누계'!$AE$26-'[1]11월누계'!$AL$26-'[1]11월누계'!$AM$26-'[1]11월누계'!$AN$26-'[1]11월누계'!$AO$26-'[1]11월누계'!$AP$26-'[1]11월누계'!$AQ$26-'[1]11월누계'!$AS$26)/1000+'[1]11월누계'!$AS$26/1000 -> -769.9834 | U39: =+('[2]11월누계'!$F$26-SUM('[2]11월누계'!$Z$26,'[2]11월누계'!$AH$26,'[2]11월누계'!$AN$26,'[2]11월누계'!$AO$26,'[2]11월누계'!$BA$26,'[2]11월누계'!$BD$26,'[2]11월누계'!$BE$26,'[2]11월누계'!$BF$26))/1000-U38 -> -95.060421 | V39: =+U39-T39 -> 674.92298 | W39: =+('[3]11월누계'!$F$26-SUM('[3]11월누계'!$Z$26,'[3]11월누계'!$AH$26,'[3]11월누계'!$AN$26,'[3]11월누계'!$AO$26,'[3]11월누계'!$BA$26,'[3]11월누계'!$BD$26,'[3]11월누계'!$BE$26,'[3]11월누계'!$BF$26))/1000 -> -232.93251 | X39: =+U39-W39 -> 137.87209
H40: 기타 계 | J40: =SUM(J32:J39) -> 0 | K40: =SUM(K32:K39) -> 0 | L40: =+K40-J40 -> 0 | M40: =SUM(M32:M39) -> 0 | N40: =+K40-M40 -> 0 | O40: =SUM(O32:O39) -> 1642.0298 | P40: =SUM(P32:P39) -> 1424.043 | Q40: =+P40-O40 -> -217.98679 | R40: =SUM(R32:R39) -> 1821.6955 | S40: =+P40-R40 -> -397.65249 | T40: =SUM(T32:T39) -> -16388.648 | U40: =SUM(U32:U39) -> -17268.046 | V40: =+U40-T40 -> -879.39763 | W40: =SUM(W32:W39) -> -14152.855 | X40: =+U40-W40 -> -3115.1915
U41: 19 | V41: 12.4
G42: =+P42/O42 -> 0.82543169 | H42: 합계 | O42: =+O27+O31+O40 -> 327108.95 | P42: =+P27+P31+P40 -> 270006.1 | Q42: =+P42-O42 -> -57102.857 | R42: =+R27+R31+R40 -> 330003.85 | S42: =+P42-R42 -> -59997.759 | T42: =+T27+T31+T40 -> 14975.57 | U42: =+U27+U31+U40 -> -5707.2814 | V42: =+U42-T42 -> -20682.852 | W42: =+W27+W31+W40 -> 18022.101 | X42: =+U42-W42 -> -23729.383
G43: =+U42/T42 -> -0.38110611 | P43: =+P42/O42 -> 0.82543169 | R43: =+P42/R42 -> 0.81819073 | T43: =+T42/O42 -> 0.045781598 | U43: =+U42/P42 -> -0.021137602 | V43: =+V42/100 -> -206.82852 | X43: =+X42/100 -> -237.29383
K44: =+K31/J31 -> 0.66240237 | M44: =+K31/M31 -> 0.92129349
I45: 확인 | J45: =+'[1]11월누계'!$Z$7/1000 -> 3025 | K45: =+'[2]11월누계'!$AI$7/1000 -> 2577.7873 | M45: =+'[3]11월누계'!$Z$7/1000 -> 3105.939 | O45: =('[1]11월누계'!$E$8-'[1]11월누계'!$AA$8)/1000 -> 327108.95 | P45: =('[2]11월누계'!$F$8-'[2]11월누계'!$AO$8)/1000 -> 270006.1 | R45: =('[3]11월누계'!$F$8-'[3]11월누계'!$AO$8)/1000 -> 330003.85 | T45: =('[1]11월누계'!$E$26-'[1]11월누계'!$AA$26)/1000 -> 14975.57 | U45: =('[2]11월누계'!$F$26-'[2]11월누계'!$AO$26)/1000 -> -5707.2814 | W45: =('[3]11월누계'!$F$26-'[3]11월누계'!$AO$26)/1000 -> 18022.101
J46: =+J45-J27 -> 0 | K46: =+K45-K27 -> 0 | M46: =+M45-M27 -> 0 | O46: =+O45-O42 -> 0 | P46: =+P45-P42 -> 0 | R46: =+R45-R42 -> 0 | T46: =+T45-T42 -> -6.9121597e-11 | U46: =+U45-U42 -> 0 | W46: =+W45-W42 -> 0
T48: =+(T27+T34)/100 -> 127.36117 | U48: =+(U27+U34)/100 -> -42.514595 | V48: =+U48-T48 -> -169.87577
T49: =+T31/100 -> 20.241749 | U49: =+U31/100 -> -10.058875 | V49: =+U49-T49 -> -30.300624
T50: =+(T32+T33)/100 -> 13.030964 | U50: =+(U32+U33)/100 -> 10.684046 | V50: =+U50-T50 -> -2.3469174
T51: =+T42/100-T48-T49-T50 -> -10.878182 | U51: =+U42/100-U48-U49-U50 -> -15.18339 | V51: =+U51-T51 -> -4.3052076
T52: =+SUM(T48:T51) -> 149.7557 | U52: =+SUM(U48:U51) -> -57.072814 | V52: =+U52-T52 -> -206.82852

Sheet 영업이익
D4: □ 레미콘 영업이익 차이분석(2025-11)
W5: [단위 : 백만원, 천㎥]
A6: 2024년 12월 마감 손익 | D6: 구분 | E6: 영업이익(공통비 미배부) | H6: 물량 차이 | L6: 판매단가 차이 | P6: 제조원가 차이 | T6: 판관비 등 차이
E7: 계획 | F7: 실적 | G7: 차이 | H7: 계획 | I7: 실적 | J7: 차이 | K7: 손익 | L7: 계획 | M7: 실적 | N7: 차이 | O7: 손익 | P7: 계획 | Q7: 실적 | R7: 차이 | S7: 손익 | T7: 계획 | U7: 실적 | V7: 차이 | W7: 손익
D8: 합계 | E8: =+[4]합계!$H$86/1000 -> 3809.6671 | F8: =+[4]합계!$I$86/1000 -> 1374.3194 | G8: =+F8-E8 -> -2435.3478 | H8: =+[4]합계!$T$5/1000 -> 310.5 | I8: =+[4]합계!$U$5/1000 -> 259.0905 | J8: =+I8-H8 -> -51.4095 | K8: =+[4]합계!$M$86/1000 -> -810.95566 | L8: =+[4]합계!$Q$85 -> 102012.68 | M8: =+[4]합계!$R$85 -> 99838.666 | N8: =+M8-L8 -> -2174.0175 | O8: =+[4]합계!$K$86/1000 -> -561.25849 | P8: =+[4]합계!$Q$50 -> 86466.755 | Q8: =+[4]합계!$R$50 -> 90424.007 | R8: =+Q8-P8 -> 3957.2521 | S8: =+[4]합계!$L$56/1000 -> -881.11392 | T8: =+([4]합계!$H$80+[4]합계!$H$85)/1000 -> 1017.3438 | U8: =+([4]합계!$I$80+[4]합계!$I$85)/1000 -> 1199.3635 | V8: =+U8-T8 -> 182.01969 | W8: =+([4]합계!$L$80+[4]합계!$L$85)/1000 -> -182.01969 | Y8: =+G8-K8-O8-S8-W8 -> -5.087486e-12 | Z8: =+Y8*1000000 -> -5.087486e-06
D9: 수도권 | E9: =+[4]수도권!$H$86/1000 -> 1219.4813 | F9: =+[4]수도권!$I$86/1000 -> 196.74248 | G9: =+F9-E9 -> -1022.7388 | H9: =+[4]수도권!$T$5/1000 -> 112 | I9: =+[4]수도권!$U$5/1000 -> 92.7095 | J9: =+I9-H9 -> -19.2905 | K9: =+[4]수도권!$M$86/1000 -> -273.60339 | L9: =+[4]수도권!$Q$85 -> 100966.5 | M9: =+[4]수도권!$R$85 -> 96297.03 | N9: =+M9-L9 -> -4669.4658 | O9: =+[4]수도권!$K$86/1000 -> -428.8414 | P9: =+[4]수도권!$Q$50 -> 87269.941 | Q9: =+[4]수도권!$R$50 -> 90415.412 | R9: =+Q9-P9 -> 3145.4719 | S9: =+[4]수도권!$L$56/1000 -> -290.59636 | T9: =+([4]수도권!$H$80+[4]수도권!$H$85)/1000 -> 314.53284 | U9: =+([4]수도권!$I$80+[4]수도권!$I$85)/1000 -> 344.23051 | V9: =+U9-T9 -> 29.697673 | W9: =+([4]수도권!$L$80+[4]수도권!$L$85)/1000 -> -29.697673 | Y9: =+G9-K9-O9-S9-W9 -> -1.0587087e-12 | Z9: =+Y9*1000000 -> -1.0587087e-06
D10: 영남권 | E10: =+[4]영남권!$H$86/1000 -> 1485.3325 | F10: =+[4]영남권!$I$86/1000 -> 628.3981 | G10: =+F10-E10 -> -856.9344 | H10: =+[4]영남권!$T$5/1000 -> 138 | I10: =+[4]영남권!$U$5/1000 -> 114.7065 | J10: =+I10-H10 -> -23.2935 | K10: =+[4]영남권!$M$86/1000 -> -336.17234 | L10: =+[4]영남권!$Q$85 -> 100479.54 | M10: =+[4]영남권!$R$85 -> 100200.79 | N10: =+M10-L10 -> -278.74975 | O10: =+[4]영남권!$K$86/1000 -> -31.963816 | P10: =+[4]영남권!$Q$50 -> 86067.112 | Q10: =+[4]영남권!$R$50 -> 90373.124 | R10: =+Q10-P10 -> 4306.0118 | S10: =+[4]영남권!$L$56/1000 -> -351.54476 | T10: =+([4]영남권!$H$80+[4]영남권!$H$85)/1000 -> 503.58242 | U10: =+([4]영남권!$I$80+[4]영남권!$I$85)/1000 -> 640.8359 | V10: =+U10-T10 -> 137.25348 | W10: =+([4]영남권!$L$80+[4]영남권!$L$85)/1000 -> -137.25348 | Y10: =+G10-K10-O10-S10-W10 -> -1.7053026e-12 | Z10: =+Y10*1000000 -> -1.7053026e-06
D11: 기타권 | E11: =+[4]중부권!$H$86/1000 -> 1104.8533 | F11: =+[4]중부권!$I$86/1000 -> 549.17877 | G11: =+F11-E11 -> -555.67454 | H11: =+[4]중부권!$T$5/1000 -> 60.5 | I11: =+[4]중부권!$U$5/1000 -> 51.6745 | J11: =+I11-H11 -> -8.8255 | K11: =+[4]중부권!$M$86/1000 -> -190.57917 | L11: =+[4]중부권!$Q$85 -> 107446.52 | M11: =+[4]중부권!$R$85 -> 105331.24 | N11: =+M11-L11 -> -2115.2813 | O11: =+[4]중부권!$K$86/1000 -> -109.27226 | P11: =+[4]중부권!$Q$50 -> 85891.449 | Q11: =+[4]중부권!$R$50 -> 90552.299 | R11: =+Q11-P11 -> 4660.85 | S11: =+[4]중부권!$L$56/1000 -> -240.75458 | T11: =+([4]중부권!$H$80+[4]중부권!$H$85)/1000 -> 199.22852 | U11: =+([4]중부권!$I$80+[4]중부권!$I$85)/1000 -> 214.29706 | V11: =+U11-T11 -> 15.06854 | W11: =+([4]중부권!$L$80+[4]중부권!$L$85)/1000 -> -15.06854 | Y11: =+G11-K11-O11-S11-W11 -> 8.3488771e-14 | Z11: =+Y11*1000000 -> 8.3488771e-08
D12: 안양 | E12: =+[4]안양!$H$86/1000 -> 574.41974 | F12: =+[4]안양!$I$86/1000 -> 194.12147 | G12: =+F12-E12 -> -380.29827 | H12: =+[4]안양!$T$5/1000 -> 41 | I12: =+[4]안양!$U$5/1000 -> 30.651 | J12: =+I12-H12 -> -10.349 | K12: =+[4]안양!$M$86/1000 -> -169.28838 | L12: =+[4]안양!$Q$85 -> 103714.41 | M12: =+[4]안양!$R$85 -> 97433.734 | N12: =+M12-L12 -> -6280.6748 | O12: =+[4]안양!$K$86/1000 -> -192.50896 | P12: =+[4]안양!$Q$50 -> 87356.464 | Q12: =+[4]안양!$R$50 -> 87806.152 | R12: =+Q12-P12 -> 449.68855 | S12: =+[4]안양!$L$56/1000 -> -13.769209 | T12: =+([4]안양!$H$80+[4]안양!$H$85)/1000 -> 96.256017 | U12: =+([4]안양!$I$80+[4]안양!$I$85)/1000 -> 100.98774 | V12: =+U12-T12 -> 4.7317261 | W12: =+([4]안양!$L$80+[4]안양!$L$85)/1000 -> -4.7317261 | Y12: =+G12-K12-O12-S12-W12 -> 4.1744386e-13 | Z12: =+Y12*1000000 -> 4.1744386e-07
D13: 인천 | E13: =+[4]인천!$H$86/1000 -> 376.01935 | F13: =+[4]인천!$I$86/1000 -> 27.814643 | G13: =+F13-E13 -> -348.2047 | H13: =+[4]인천!$T$5/1000 -> 32 | I13: =+[4]인천!$U$5/1000 -> 31.7615 | J13: =+I13-H13 -> -0.2385 | K13: =+[4]인천!$M$86/1000 -> -9.6507937 | L13: =+[4]인천!$Q$85 -> 103623.21 | M13: =+[4]인천!$R$85 -> 99336.673 | N13: =+M13-L13 -> -4286.5335 | O13: =+[4]인천!$K$86/1000 -> -134.01204 | P13: =+[4]인천!$Q$50 -> 88893.546 | Q13: =+[4]인천!$R$50 -> 94864.672 | R13: =+Q13-P13 -> 5971.1261 | S13: =+[4]인천!$L$56/1000 -> -188.77104 | T13: =+([4]인천!$H$80+[4]인천!$H$85)/1000 -> 95.329778 | U13: =+([4]인천!$I$80+[4]인천!$I$85)/1000 -> 111.10061 | V13: =+U13-T13 -> 15.770828 | W13: =+([4]인천!$L$80+[4]인천!$L$85)/1000 -> -15.770828 | Y13: =+G13-K13-O13-S13-W13 -> -9.5923269e-14 | Z13: =+Y13*1000000 -> -9.5923269e-08
D14: 파주 | E14: =+[4]파주!$H$86/1000 -> 141.18347 | F14: =+[4]파주!$I$86/1000 -> -44.1742 | G14: =+F14-E14 -> -185.35767 | H14: =+[4]파주!$T$5/1000 -> 23 | I14: =+[4]파주!$U$5/1000 -> 16.408 | J14: =+I14-H14 -> -6.592 | K14: =+[4]파주!$M$86/1000 -> -61.722139 | L14: =+[4]파주!$Q$85 -> 96122.482 | M14: =+[4]파주!$R$85 -> 89118.992 | N14: =+M14-L14 -> -7003.4899 | O14: =+[4]파주!$K$86/1000 -> -113.35849 | P14: =+[4]파주!$Q$50 -> 86919.409 | Q14: =+[4]파주!$R$50 -> 87152.563 | R14: =+Q14-P14 -> 233.15472 | S14: =+[4]파주!$L$56/1000 -> -3.7738416 | T14: =+([4]파주!$H$80+[4]파주!$H$85)/1000 -> 70.487205 | U14: =+([4]파주!$I$80+[4]파주!$I$85)/1000 -> 76.99041 | V14: =+U14-T14 -> 6.5032044 | W14: =+([4]파주!$L$80+[4]파주!$L$85)/1000 -> -6.5032044 | Y14: =+G14-K14-O14-S14-W14 -> 4.8849813e-13 | Z14: =+Y14*1000000 -> 4.8849813e-07
D15: 김포 | E15: =+[4]김포!$H$86/1000 -> 127.85874 | F15: =+[4]김포!$I$86/1000 -> 18.980567 | G15: =+F15-E15 -> -108.87818 | H15: =+[4]김포!$T$5/1000 -> 16 | I15: =+[4]김포!$U$5/1000 -> 13.889 | J15: =+I15-H15 -> -2.111 | K15: =+[4]김포!$M$86/1000 -> -25.14047 | L15: =+[4]김포!$Q$85 -> 95574.816 | M15: =+[4]김포!$R$85 -> 95300.794 | N15: =+M15-L15 -> -274.02175 | O15: =+[4]김포!$K$86/1000 -> -3.7647849 | P15: =+[4]김포!$Q$50 -> 84304.904 | Q15: =+[4]김포!$R$50 -> 89924.798 | R15: =+Q15-P15 -> 5619.8937 | S15: =+[4]김포!$L$56/1000 -> -77.281007 | T15: =+([4]김포!$H$80+[4]김포!$H$85)/1000 -> 52.459839 | U15: =+([4]김포!$I$80+[4]김포!$I$85)/1000 -> 55.151754 | V15: =+U15-T15 -> 2.6919146 | W15: =+([4]김포!$L$80+[4]김포!$L$85)/1000 -> -2.6919146 | Y15: =+G15-K15-O15-S15-W15 -> 4.8849813e-14 | Z15: =+Y15*1000000 -> 4.8849813e-08
D16: 부산 | E16: =+[4]부산!$H$86/1000 -> 216.01864 | F16: =+[4]부산!$I$86/1000 -> 221.31097 | G16: =+F16-E16 -> 5.2923312 | H16: =+[4]부산!$T$5/1000 -> 21 | I16: =+[4]부산!$U$5/1000 -> 22.523 | J16: =+I16-H16 -> 1.523 | K16: =+[4]부산!$M$86/1000 -> 22.430861 | L16: =+[4]부산!$Q$85 -> 107699.96 | M16: =+[4]부산!$R$85 -> 110058.57 | N16: =+M16-L16 -> 2358.6095 | O16: =+[4]부산!$K$86/1000 -> 53.122961 | P16: =+[4]부산!$Q$50 -> 92971.887 | Q16: =+[4]부산!$R$50 -> 95216.911 | R16: =+Q16-P16 -> 2245.0238 | S16: =+[4]부산!$L$56/1000 -> 18.132634 | T16: =+([4]부산!$H$80+[4]부산!$H$85)/1000 -> 93.270971 | U16: =+([4]부산!$I$80+[4]부산!$I$85)/1000 -> 181.6651 | V16: =+U16-T16 -> 88.394125 | W16: =+([4]부산!$L$80+[4]부산!$L$85)/1000 -> -88.394125 | Y16: =+G16-K16-O16-S16-W16 -> -3.2684966e-13 | Z16: =+Y16*1000000 -> -3.2684966e-07
D17: 서부산 | E17: =+[4]서부산!$H$86/1000 -> 264.26867 | F17: =+[4]서부산!$I$86/1000 -> 229.39877 | G17: =+F17-E17 -> -34.869894 | H17: =+[4]서부산!$T$5/1000 -> 23 | I17: =+[4]서부산!$U$5/1000 -> 22.517 | J17: =+I17-H17 -> -0.483 | K17: =+[4]서부산!$M$86/1000 -> -7.1504949 | L17: =+[4]서부산!$Q$85 -> 99299.559 | M17: =+[4]서부산!$R$85 -> 103223.46 | N17: =+M17-L17 -> 3923.903 | O17: =+[4]서부산!$K$86/1000 -> 88.354523 | P17: =+[4]서부산!$Q$50 -> 84495.222 | Q17: =+[4]서부산!$R$50 -> 89279.964 | R17: =+Q17-P17 -> 4784.7418 | S17: =+[4]서부산!$L$56/1000 -> -48.735882 | T17: =+([4]서부산!$H$80+[4]서부산!$H$85)/1000 -> 76.231091 | U17: =+([4]서부산!$I$80+[4]서부산!$I$85)/1000 -> 143.56913 | V17: =+U17-T17 -> 67.33804 | W17: =+([4]서부산!$L$80+[4]서부산!$L$85)/1000 -> -67.33804 | Y17: =+G17-K17-O17-S17-W17 -> 0 | Z17: =+Y17*1000000 -> 0
D18: 김해 | E18: =+[4]김해!$H$86/1000 -> 152.44152 | F18: =+[4]김해!$I$86/1000 -> -38.756984 | G18: =+F18-E18 -> -191.1985 | H18: =+[4]김해!$T$5/1000 -> 16 | I18: =+[4]김해!$U$5/1000 -> 7.546 | J18: =+I18-H18 -> -8.454 | K18: =+[4]김해!$M$86/1000 -> -107.99627 | L18: =+[4]김해!$Q$85 -> 96299.794 | M18: =+[4]김해!$R$85 -> 94411.974 | N18: =+M18-L18 -> -1887.8199 | O18: =+[4]김해!$K$86/1000 -> -14.173751 | P18: =+[4]김해!$Q$50 -> 83571.641 | Q18: =+[4]김해!$R$50 -> 93658.703 | R18: =+Q18-P18 -> 10087.062 | S18: =+[4]김해!$L$56/1000 -> -72.140501 | T18: =+([4]김해!$H$80+[4]김해!$H$85)/1000 -> 51.208924 | U18: =+([4]김해!$I$80+[4]김해!$I$85)/1000 -> 48.096902 | V18: =+U18-T18 -> -3.1120228 | W18: =+([4]김해!$L$80+[4]김해!$L$85)/1000 -> 3.1120228 | Y18: =+G18-K18-O18-S18-W18 -> -1.3011814e-13 | Z18: =+Y18*1000000 -> -1.3011814e-07
D19: 정관 | E19: =+[4]정관!$H$86/1000 -> 217.22613 | F19: =+[4]정관!$I$86/1000 -> 103.48471 | G19: =+F19-E19 -> -113.74142 | H19: =+[4]정관!$T$5/1000 -> 21 | I19: =+[4]정관!$U$5/1000 -> 19.745 | J19: =+I19-H19 -> -1.255 | K19: =+[4]정관!$M$86/1000 -> -17.293525 | L19: =+[4]정관!$Q$85 -> 101999.86 | M19: =+[4]정관!$R$85 -> 98023.312 | N19: =+M19-L19 -> -3976.5484 | O19: =+[4]정관!$K$86/1000 -> -78.516948 | P19: =+[4]정관!$Q$50 -> 88220.159 | Q19: =+[4]정관!$R$50 -> 89423.265 | R19: =+Q19-P19 -> 1203.106 | S19: =+[4]정관!$L$56/1000 -> -16.407388 | T19: =+([4]정관!$H$80+[4]정관!$H$85)/1000 -> 72.147598 | U19: =+([4]정관!$I$80+[4]정관!$I$85)/1000 -> 73.67116 | V19: =+U19-T19 -> 1.5235618 | W19: =+([4]정관!$L$80+[4]정관!$L$85)/1000 -> -1.5235618 | Y19: =+G19-K19-O19-S19-W19 -> 2.7000624e-13 | Z19: =+Y19*1000000 -> 2.7000624e-07
D20: 양산 | E20: =+[4]양산!$H$86/1000 -> 119.63528 | F20: =+[4]양산!$I$86/1000 -> -7.408493 | G20: =+F20-E20 -> -127.04377 | H20: =+[4]양산!$T$5/1000 -> 13 | I20: =+[4]양산!$U$5/1000 -> 9.445 | J20: =+I20-H20 -> -3.555 | K20: =+[4]양산!$M$86/1000 -> -43.451832 | L20: =+[4]양산!$Q$85 -> 94046.25 | M20: =+[4]양산!$R$85 -> 90353.838 | N20: =+M20-L20 -> -3692.412 | O20: =+[4]양산!$K$86/1000 -> -34.874831 | P20: =+[4]양산!$Q$50 -> 81823.513 | Q20: =+[4]양산!$R$50 -> 86954.616 | R20: =+Q20-P20 -> 5131.1035 | S20: =+[4]양산!$L$56/1000 -> -48.149887 | T20: =+([4]양산!$H$80+[4]양산!$H$85)/1000 -> 39.260311 | U20: =+([4]양산!$I$80+[4]양산!$I$85)/1000 -> 39.827531 | V20: =+U20-T20 -> 0.56721912 | W20: =+([4]양산!$L$80+[4]양산!$L$85)/1000 -> -0.56721912 | Y20: =+G20-K20-O20-S20-W20 -> -3.4416914e-14 | Z20: =+Y20*1000000 -> -3.4416914e-08
D21: 창원 | E21: =+[4]창원!$H$86/1000 -> 275.53524 | F21: =+[4]창원!$I$86/1000 -> 95.80599 | G21: =+F21-E21 -> -179.72925 | H21: =+[4]창원!$T$5/1000 -> 19 | I21: =+[4]창원!$U$5/1000 -> 12.547 | J21: =+I21-H21 -> -6.453 | K21: =+[4]창원!$M$86/1000 -> -116.53817 | L21: =+[4]창원!$Q$85 -> 100000.32 | M21: =+[4]창원!$R$85 -> 96248.107 | N21: =+M21-L21 -> -3752.2122 | O21: =+[4]창원!$K$86/1000 -> -47.079006 | P21: =+[4]창원!$Q$50 -> 81940.786 | Q21: =+[4]창원!$R$50 -> 83911.911 | R21: =+Q21-P21 -> 1971.1251 | S21: =+[4]창원!$L$56/1000 -> -21.46595 | T21: =+([4]창원!$H$80+[4]창원!$H$85)/1000 -> 67.595885 | U21: =+([4]창원!$I$80+[4]창원!$I$85)/1000 -> 62.242014 | V21: =+U21-T21 -> -5.3538717 | W21: =+([4]창원!$L$80+[4]창원!$L$85)/1000 -> 5.3538717 | Y21: =+G21-K21-O21-S21-W21 -> 1.4299673e-13 | Z21: =+Y21*1000000 -> 1.4299673e-07
D22: 대구 | E22: =+[4]대구!$H$86/1000 -> 122.69105 | F22: =+[4]대구!$I$86/1000 -> -68.392861 | G22: =+F22-E22 -> -191.08391 | H22: =+[4]대구!$T$5/1000 -> 12 | I22: =+[4]대구!$U$5/1000 -> 6.8825 | J22: =+I22-H22 -> -5.1175 | K22: =+[4]대구!$M$86/1000 -> -74.761298 | L22: =+[4]대구!$Q$85 -> 97252.64 | M22: =+[4]대구!$R$85 -> 82615.83 | N22: =+M22-L22 -> -14636.81 | O22: =+[4]대구!$K$86/1000 -> -100.73785 | P22: =+[4]대구!$Q$50 -> 82643.691 | Q22: =+[4]대구!$R$50 -> 86161.366 | R22: =+Q22-P22 -> 3517.6751 | S22: =+[4]대구!$L$56/1000 -> -24.21039 | T22: =+([4]대구!$H$80+[4]대구!$H$85)/1000 -> 52.616339 | U22: =+([4]대구!$I$80+[4]대구!$I$85)/1000 -> 43.990719 | V22: =+U22-T22 -> -8.6256205 | W22: =+([4]대구!$L$80+[4]대구!$L$85)/1000 -> 8.6256205 | Y22: =+G22-K22-O22-S22-W22 -> 7.8159701e-14 | Z22: =+Y22*1000000 -> 7.8159701e-08
D23: 울산 | E23: =+[4]울산!$H$86/1000 -> 117.51597 | F23: =+[4]울산!$I$86/1000 -> 92.955994 | G23: =+F23-E23 -> -24.559978 | H23: =+[4]울산!$T$5/1000 -> 13 | I23: =+[4]울산!$U$5/1000 -> 13.501 | J23: =+I23-H23 -> 0.501 | K23: =+[4]울산!$M$86/1000 -> 6.504031 | L23: =+[4]울산!$Q$85 -> 103704.19 | M23: =+[4]울산!$R$85 -> 104644.57 | N23: =+M23-L23 -> 940.38217 | O23: =+[4]울산!$K$86/1000 -> 12.6961 | P23: =+[4]울산!$Q$50 -> 90722.094 | Q23: =+[4]울산!$R$50 -> 94220.953 | R23: =+Q23-P23 -> 3498.8583 | S23: =+[4]울산!$L$56/1000 -> -47.238058 | T23: =+([4]울산!$H$80+[4]울산!$H$85)/1000 -> 51.2513 | U23: =+([4]울산!$I$80+[4]울산!$I$85)/1000 -> 47.77335 | V23: =+U23-T23 -> -3.4779495 | W23: =+([4]울산!$L$80+[4]울산!$L$85)/1000 -> 3.4779495 | Y23: =+G23-K23-O23-S23-W23 -> 7.5495166e-14 | Z23: =+Y23*1000000 -> 7.5495166e-08
D24: 아산 | E24: =+[4]아산!$H$86/1000 -> 389.43541 | F24: =+[4]아산!$I$86/1000 -> 175.51435 | G24: =+F24-E24 -> -213.92106 | H24: =+[4]아산!$T$5/1000 -> 26 | I24: =+[4]아산!$U$5/1000 -> 23.862 | J24: =+I24-H24 -> -2.138 | K24: =+[4]아산!$M$86/1000 -> -38.699937 | L24: =+[4]아산!$Q$85 -> 103000 | M24: =+[4]아산!$R$85 -> 101758.69 | N24: =+M24-L24 -> -1241.3098 | O24: =+[4]아산!$K$86/1000 -> -29.620135 | P24: =+[4]아산!$Q$50 -> 84899.001 | Q24: =+[4]아산!$R$50 -> 90645.512 | R24: =+Q24-P24 -> 5746.5118 | S24: =+[4]아산!$L$56/1000 -> -137.07313 | T24: =+([4]아산!$H$80+[4]아산!$H$85)/1000 -> 81.190573 | U24: =+([4]아산!$I$80+[4]아산!$I$85)/1000 -> 89.718438 | V24: =+U24-T24 -> 8.5278649 | W24: =+([4]아산!$L$80+[4]아산!$L$85)/1000 -> -8.5278649 | Y24: =+G24-K24-O24-S24-W24 -> -2.0072832e-13 | Z24: =+Y24*1000000 -> -2.0072832e-07
D25: 전주 | E25: =+[4]전주!$H$86/1000 -> 177.68968 | F25: =+[4]전주!$I$86/1000 -> 186.91676 | G25: =+F25-E25 -> 9.2270822 | H25: =+[4]전주!$T$5/1000 -> 12 | I25: =+[4]전주!$U$5/1000 -> 15.8015 | J25: =+I25-H25 -> 3.8015 | K25: =+[4]전주!$M$86/1000 -> 72.248375 | L25: =+[4]전주!$Q$85 -> 100858.57 | M25: =+[4]전주!$R$85 -> 99707.078 | N25: =+M25-L25 -> -1151.4957 | O25: =+[4]전주!$K$86/1000 -> -18.19536 | P25: =+[4]전주!$Q$50 -> 81853.345 | Q25: =+[4]전주!$R$50 -> 84437.345 | R25: =+Q25-P25 -> 2584 | S25: =+[4]전주!$L$56/1000 -> -40.828269 | T25: =+([4]전주!$H$80+[4]전주!$H$85)/1000 -> 50.373058 | U25: =+([4]전주!$I$80+[4]전주!$I$85)/1000 -> 54.370722 | V25: =+U25-T25 -> 3.9976643 | W25: =+([4]전주!$L$80+[4]전주!$L$85)/1000 -> -3.9976643 | Y25: =+G25-K25-O25-S25-W25 -> -3.6415315e-14 | Z25: =+Y25*1000000 -> -3.6415315e-08
D26: 군산 | E26: =+[4]군산!$H$86/1000 -> 207.99971 | F26: =+[4]군산!$I$86/1000 -> 88.643465 | G26: =+F26-E26 -> -119.35624 | H26: =+[4]군산!$T$5/1000 -> 7.5 | I26: =+[4]군산!$U$5/1000 -> 4.213 | J26: =+I26-H26 -> -3.287 | K26: =+[4]군산!$M$86/1000 -> -101.08463 | L26: =+[4]군산!$Q$85 -> 111100.21 | M26: =+[4]군산!$R$85 -> 113386.08 | N26: =+M26-L26 -> 2285.8631 | O26: =+[4]군산!$K$86/1000 -> 9.6303412 | P26: =+[4]군산!$Q$50 -> 80347.36 | Q26: =+[4]군산!$R$50 -> 87196.624 | R26: =+Q26-P26 -> 6849.2643 | S26: =+[4]군산!$L$56/1000 -> -28.855952 | T26: =+([4]군산!$H$80+[4]군산!$H$85)/1000 -> 22.646696 | U26: =+([4]군산!$I$80+[4]군산!$I$85)/1000 -> 21.692698 | V26: =+U26-T26 -> -0.95399868 | W26: =+([4]군산!$L$80+[4]군산!$L$85)/1000 -> 0.95399868 | Y26: =+G26-K26-O26-S26-W26 -> -8.2711615e-14 | Z26: =+Y26*1000000 -> -8.2711615e-08
D27: 원주 | E27: =+[4]원주!$H$86/1000 -> 145.42812 | F27: =+[4]원주!$I$86/1000 -> 57.96605 | G27: =+F27-E27 -> -87.462072 | H27: =+[4]원주!$T$5/1000 -> 6 | I27: =+[4]원주!$U$5/1000 -> 3.611 | J27: =+I27-H27 -> -2.389 | K27: =+[4]원주!$M$86/1000 -> -64.871495 | L27: =+[4]원주!$Q$85 -> 112000 | M27: =+[4]원주!$R$85 -> 118413.63 | N27: =+M27-L27 -> 6413.625 | O27: =+[4]원주!$K$86/1000 -> 23.1596 | P27: =+[4]원주!$Q$50 -> 84845.753 | Q27: =+[4]원주!$R$50 -> 96955.692 | R27: =+Q27-P27 -> 12109.939 | S27: =+[4]원주!$L$56/1000 -> -43.728988 | T27: =+([4]원주!$H$80+[4]원주!$H$85)/1000 -> 17.497358 | U27: =+([4]원주!$I$80+[4]원주!$I$85)/1000 -> 19.518546 | V27: =+U27-T27 -> 2.0211887 | W27: =+([4]원주!$L$80+[4]원주!$L$85)/1000 -> -2.0211887 | Y27: =+G27-K27-O27-S27-W27 -> -7.6383344e-14 | Z27: =+Y27*1000000 -> -7.6383344e-08
D28: 제주 | E28: =+[4]제주!$H$86/1000 -> 184.3004 | F28: =+[4]제주!$I$86/1000 -> 40.13815 | G28: =+F28-E28 -> -144.16225 | H28: =+[4]제주!$T$5/1000 -> 9 | I28: =+[4]제주!$U$5/1000 -> 4.187 | J28: =+I28-H28 -> -4.813 | K28: =+[4]제주!$M$86/1000 -> -113.65386 | L28: =+[4]제주!$Q$85 -> 122995.56 | M28: =+[4]제주!$R$85 -> 127614.34 | N28: =+M28-L28 -> 4618.7861 | O28: =+[4]제주!$K$86/1000 -> 19.264957 | P28: =+[4]제주!$Q$50 -> 99459.863 | Q28: =+[4]제주!$R$50 -> 111039.23 | R28: =+Q28-P28 -> 11579.365 | S28: =+[4]제주!$L$56/1000 -> -48.297525 | T28: =+([4]제주!$H$80+[4]제주!$H$85)/1000 -> 27.520833 | U28: =+([4]제주!$I$80+[4]제주!$I$85)/1000 -> 28.996653 | V28: =+U28-T28 -> 1.4758207 | W28: =+([4]제주!$L$80+[4]제주!$L$85)/1000 -> -1.4758207 | Y28: =+G28-K28-O28-S28-W28 -> -3.375078e-14 | Z28: =+Y28*1000000 -> -3.375078e-08
Y35: · 집합대손 2.2억 // 개별대손 3억(삼정이앤시) → 안양 2.9억, 양산 0.1억

Sheet 공헌이익
D4: □ 레미콘 단위당 공헌이익(2025-11)
V5: [단위 : 원/㎥]
A6: 2024년 12월 마감 손익 | D6: 구분 | E6: 판매단가 | H6: 재료비 | K6: 운반비 | N6: 유류비 | Q6: 변동비 계 | T6: 공헌이익
E7: 계획 | F7: 실적 | G7: 차이 | H7: 계획 | I7: 실적 | J7: 차이 | K7: 계획 | L7: 실적 | M7: 차이 | N7: 계획 | O7: 실적 | P7: 차이 | Q7: 계획 | R7: 실적 | S7: 차이 | T7: 계획 | U7: 실적 | V7: 차이
D8: 평균 | E8: =+[4]합계!$Q$85 -> 102012.68 | F8: =+[4]합계!$R$85 -> 99838.666 | G8: =+F8-E8 -> -2174.0175 | H8: =+[4]합계!$Q$20 -> 60953.253 | I8: =+[4]합계!$R$20 -> 62603.769 | J8: =+I8-H8 -> 1650.5158 | K8: =+[4]합계!$Q$21 -> 18828.302 | L8: =+[4]합계!$R$21 -> 19494.276 | M8: =+L8-K8 -> 665.97428 | N8: =+[4]합계!$Q$22 -> 209.13849 | O8: =+[4]합계!$R$22 -> 242.2372 | P8: =+O8-N8 -> 33.098714 | Q8: =H8+K8+N8 -> 79990.693 | R8: =I8+L8+O8 -> 82340.282 | S8: =+R8-Q8 -> 2349.5888 | T8: =+E8-Q8 -> 22021.99 | U8: =+F8-R8 -> 17498.384 | V8: =+U8-T8 -> -4523.6063
D9: 수도권 | E9: =+[4]수도권!$Q$85 -> 100966.5 | F9: =+[4]수도권!$R$85 -> 96297.03 | G9: =+F9-E9 -> -4669.4658 | H9: =+[4]수도권!$Q$20 -> 62701.927 | I9: =+[4]수도권!$R$20 -> 63625.169 | J9: =+I9-H9 -> 923.2417 | K9: =+[4]수도권!$Q$21 -> 18676.367 | L9: =+[4]수도권!$R$21 -> 19145.884 | M9: =+L9-K9 -> 469.51702 | N9: =+[4]수도권!$Q$22 -> 238.37054 | O9: =+[4]수도권!$R$22 -> 275.07103 | P9: =+O9-N9 -> 36.700489 | Q9: =H9+K9+N9 -> 81616.665 | R9: =I9+L9+O9 -> 83046.124 | S9: =+R9-Q9 -> 1429.4592 | T9: =+E9-Q9 -> 19349.831 | U9: =+F9-R9 -> 13250.906 | V9: =+U9-T9 -> -6098.925
D10: 영남권 | E10: =+[4]영남권!$Q$85 -> 100479.54 | F10: =+[4]영남권!$R$85 -> 100200.79 | G10: =+F10-E10 -> -278.74975 | H10: =+[4]영남권!$Q$20 -> 59858.045 | I10: =+[4]영남권!$R$20 -> 61665.504 | J10: =+I10-H10 -> 1807.4585 | K10: =+[4]영남권!$Q$21 -> 19334.107 | L10: =+[4]영남권!$R$21 -> 20231.9 | M10: =+L10-K10 -> 897.79369 | N10: =+[4]영남권!$Q$22 -> 195.94203 | O10: =+[4]영남권!$R$22 -> 205.14815 | P10: =+O10-N10 -> 9.2061258 | Q10: =H10+K10+N10 -> 79388.094 | R10: =I10+L10+O10 -> 82102.552 | S10: =+R10-Q10 -> 2714.4583 | T10: =+E10-Q10 -> 21091.445 | U10: =+F10-R10 -> 18098.237 | V10: =+U10-T10 -> -2993.208
D11: 기타권 | E11: =+[4]중부권!$Q$85 -> 107446.52 | F11: =+[4]중부권!$R$85 -> 105331.24 | G11: =+F11-E11 -> -2115.2813 | H11: =+[4]중부권!$Q$20 -> 60214.199 | I11: =+[4]중부권!$R$20 -> 62869.357 | J11: =+I11-H11 -> 2655.1582 | K11: =+[4]중부권!$Q$21 -> 17955.832 | L11: =+[4]중부권!$R$21 -> 18476.369 | M11: =+L11-K11 -> 520.53647 | N11: =+[4]중부권!$Q$22 -> 185.12397 | O11: =+[4]중부권!$R$22 -> 266.15864 | P11: =+O11-N11 -> 81.034675 | Q11: =H11+K11+N11 -> 78355.155 | R11: =I11+L11+O11 -> 81611.885 | S11: =+R11-Q11 -> 3256.7293 | T11: =+E11-Q11 -> 29091.365 | U11: =+F11-R11 -> 23719.354 | V11: =+U11-T11 -> -5372.0106
D12: 안양 | E12: =+[4]안양!$Q$85 -> 103714.41 | F12: =+[4]안양!$R$85 -> 97433.734 | G12: =+F12-E12 -> -6280.6748 | H12: =+[4]안양!$Q$20 -> 64720.074 | I12: =+[4]안양!$R$20 -> 62085.865 | J12: =+I12-H12 -> -2634.2081 | K12: =+[4]안양!$Q$21 -> 17934.899 | L12: =+[4]안양!$R$21 -> 18689.187 | M12: =+L12-K12 -> 754.28817 | N12: =+[4]안양!$Q$22 -> 195.12195 | O12: =+[4]안양!$R$22 -> 197.12898 | P12: =+O12-N12 -> 2.0070316 | Q12: =H12+K12+N12 -> 82850.095 | R12: =I12+L12+O12 -> 80972.182 | S12: =+R12-Q12 -> -1877.9129 | T12: =+E12-Q12 -> 20864.314 | U12: =+F12-R12 -> 16461.552 | V12: =+U12-T12 -> -4402.7619
D13: 인천 | E13: =+[4]인천!$Q$85 -> 103623.21 | F13: =+[4]인천!$R$85 -> 99336.673 | G13: =+F13-E13 -> -4286.5335 | H13: =+[4]인천!$Q$20 -> 64305.68 | I13: =+[4]인천!$R$20 -> 67572.691 | J13: =+I13-H13 -> 3267.0107 | K13: =+[4]인천!$Q$21 -> 18365.015 | L13: =+[4]인천!$R$21 -> 19980.305 | M13: =+L13-K13 -> 1615.2897 | N13: =+[4]인천!$Q$22 -> 375 | O13: =+[4]인천!$R$22 -> 437.31834 | P13: =+O13-N13 -> 62.31834 | Q13: =H13+K13+N13 -> 83045.695 | R13: =I13+L13+O13 -> 87990.314 | S13: =+R13-Q13 -> 4944.6186 | T13: =+E13-Q13 -> 20577.511 | U13: =+F13-R13 -> 11346.359 | V13: =+U13-T13 -> -9231.1521
D14: 파주 | E14: =+[4]파주!$Q$85 -> 96122.482 | F14: =+[4]파주!$R$85 -> 89118.992 | G14: =+F14-E14 -> -7003.4899 | H14: =+[4]파주!$Q$20 -> 59858.277 | I14: =+[4]파주!$R$20 -> 60185.612 | J14: =+I14-H14 -> 327.33535 | K14: =+[4]파주!$Q$21 -> 20431.23 | L14: =+[4]파주!$R$21 -> 18664.354 | M14: =+L14-K14 -> -1766.8768 | N14: =+[4]파주!$Q$22 -> 202.5 | O14: =+[4]파주!$R$22 -> 199.88447 | P14: =+O14-N14 -> -2.6155319 | Q14: =H14+K14+N14 -> 80492.007 | R14: =I14+L14+O14 -> 79049.85 | S14: =+R14-Q14 -> -1442.157 | T14: =+E14-Q14 -> 15630.475 | U14: =+F14-R14 -> 10069.142 | V14: =+U14-T14 -> -5561.3329
D15: 김포 | E15: =+[4]김포!$Q$85 -> 95574.816 | F15: =+[4]김포!$R$85 -> 95300.794 | G15: =+F15-E15 -> -274.02175 | H15: =+[4]김포!$Q$20 -> 58410.671 | I15: =+[4]김포!$R$20 -> 62102.663 | J15: =+I15-H15 -> 3691.9923 | K15: =+[4]김포!$Q$21 -> 18676.464 | L15: =+[4]김포!$R$21 -> 18827.889 | M15: =+L15-K15 -> 151.42444 | N15: =+[4]김포!$Q$22 -> 127.5 | O15: =+[4]김포!$R$22 -> 167.37454 | P15: =+O15-N15 -> 39.874537 | Q15: =H15+K15+N15 -> 77214.635 | R15: =I15+L15+O15 -> 81097.926 | S15: =+R15-Q15 -> 3883.2913 | T15: =+E15-Q15 -> 18360.181 | U15: =+F15-R15 -> 14202.868 | V15: =+U15-T15 -> -4157.3131
