Workbook

Sheet 표지
A6: 2025년 2월 마감 손익
A24: 건재사업본부

Sheet 손익총괄
C3: □ 건재사업본부 손익실적(2025-02)
X4: [단위 : 천㎥, 톤, 원/㎥, 원/톤, 백만원]
C5: 구분 | E5: 2월 | J5: 2월 누계 | P5: 2월 주요지표
A6: 2024년 12월 마감 손익 | E6: 계획 | F6: 실적 | G6: 계획대비 | H6: 전년 | I6: 전년대비 | J6: 계획 | K6: 실적 | L6: 계획대비 | M6: 전년 | N6: 전년대비
A7: =+F7/E7 -> 0.92854185 | B7: =+K7/J7 -> 0.8955265 | C7: 물량 | D7: 레미콘 | E7: =+'[1]2월'!$Z$7/1000 -> 227 | F7: =+'[2]2월'!$Z$7/1000 -> 210.779 | G7: =+F7-E7 -> -16.221 | H7: =+'[3]2월'!$Z$7/1000 -> 217.5565 | I7: =+F7-H7 -> -6.7775 | J7: =+'[1]2월누계'!$Z$7/1000 -> 434 | K7: =+'[2]2월누계'!$Z$7/1000 -> 388.6585 | L7: =+K7-J7 -> -45.3415 | M7: =+'[3]2월누계'!$Z$7/1000 -> 496.442 | N7: =+K7-M7 -> -107.7835 | Q7: □ 레미콘
D8: 철강재 | E8: =+'[1]2월'!$AA$7 -> 10200 | F8: =+'[2]2월'!$AO$7 -> 9724.523 | G8: =+F8-E8 -> -475.477 | H8: =+'[3]2월'!$AO$7 -> 6645.402 | I8: =+F8-H8 -> 3079.121 | J8: =+'[1]2월누계'!$AA$7 -> 20000 | K8: =+'[2]2월누계'!$AO$7 -> 18460.025 | L8: =+K8-J8 -> -1539.975 | M8: =+'[3]2월누계'!$AO$7 -> 13070.495 | N8: =+K8-M8 -> 5389.53 | Q8: 구분 | S8: 계획 | T8: 실적 | U8: 계획대비 | V8: 전년 | W8: 전년대비
D9: 골재 | E9: =+'[1]2월'!$AE$7/1000 -> 74.372195 | F9: =+'[2]2월'!$AN$7/1000 -> 57.937 | G9: =+F9-E9 -> -16.435195 | H9: =+'[3]2월'!$AN$7/1000 -> 65.272 | I9: =+F9-H9 -> -7.335 | J9: =+'[1]2월누계'!$AE$7/1000 -> 165.19049 | K9: =+'[2]2월누계'!$AN$7/1000 -> 106.189 | L9: =+K9-J9 -> -59.001486 | M9: =+'[3]2월누계'!$AN$7/1000 -> 149.789 | N9: =+K9-M9 -> -43.6 | Q9: 물량 | R9: 수도권 | S9: =+[4]수도권!$T$5/1000 -> 83 | T9: =+[4]수도권!$U$5/1000 -> 74.2395 | U9: =+T9-S9 -> -8.7605 | V9: =+[5]수도권!$T$5/1000 -> 85.559 | W9: =+T9-V9 -> -11.3195
C10: 매출 | D10: 레미콘 | E10: =+'[1]2월'!$Z$8/1000 -> 22820.87 | F10: =+'[2]2월'!$Z$8/1000 -> 21022.768 | G10: =+F10-E10 -> -1798.1018 | H10: =+'[3]2월'!$Z$8/1000 -> 22221.543 | I10: =+F10-H10 -> -1198.7749 | J10: =+'[1]2월누계'!$Z$8/1000 -> 43636.763 | K10: =+'[2]2월누계'!$Z$8/1000 -> 38997.16 | L10: =+K10-J10 -> -4639.6028 | M10: =+'[3]2월누계'!$Z$8/1000 -> 50097.188 | N10: =+K10-M10 -> -11100.029 | R10: 영남권 | S10: =+[4]영남권!$T$5/1000 -> 105 | T10: =+[4]영남권!$U$5/1000 -> 95.894 | U10: =+T10-S10 -> -9.106 | V10: =+[5]영남권!$T$5/1000 -> 100.9045 | W10: =+T10-V10 -> -5.0105
D11: 건자재 | E11: =+'[1]2월'!$AA$8/1000 -> 11165.946 | F11: =+'[2]2월'!$AO$8/1000 -> 8276.9951 | G11: =+F11-E11 -> -2888.9504 | H11: =+'[3]2월'!$AO$8/1000 -> 6765.658 | I11: =+F11-H11 -> 1511.3371 | J11: =+'[1]2월누계'!$AA$8/1000 -> 21897.268 | K11: =+'[2]2월누계'!$AO$8/1000 -> 15757.115 | L11: =+K11-J11 -> -6140.1536 | M11: =+'[3]2월누계'!$AO$8/1000 -> 14173.615 | N11: =+K11-M11 -> 1583.4997 | R11: 중부권 | S11: =+[4]중부권!$T$5/1000 -> 39 | T11: =+[4]중부권!$U$5/1000 -> 40.6455 | U11: =+T11-S11 -> 1.6455 | V11: =+[5]중부권!$T$5/1000 -> 31.093 | W11: =+T11-V11 -> 9.5525
D12: 골재 | E12: =+'[1]2월'!$AE$8/1000 -> 1594.8893 | F12: =+'[2]2월'!$AN$8/1000 -> 1242.5835 | G12: =+F12-E12 -> -352.30582 | H12: =+'[3]2월'!$AN$8/1000 -> 1297.0865 | I12: =+F12-H12 -> -54.503 | J12: =+'[1]2월누계'!$AE$8/1000 -> 3235.0838 | K12: =+'[2]2월누계'!$AN$8/1000 -> 2294.3315 | L12: =+K12-J12 -> -940.75227 | M12: =+'[3]2월누계'!$AN$8/1000 -> 3016.6065 | N12: =+K12-M12 -> -722.275 | Q12: 계 | S12: =SUM(S9:S11) -> 227 | T12: =SUM(T9:T11) -> 210.779 | U12: =+T12-S12 -> -16.221 | V12: =SUM(V9:V11) -> 217.5565 | W12: =+T12-V12 -> -6.7775
D13: 기타 | E13: =+'[1]2월'!$E$8/1000-E10-E11-E12 -> 166.7015 | F13: =+'[2]2월'!$F$8/1000-F10-F11-F12 -> 164.51937 | G13: =+F13-E13 -> -2.182132 | H13: =+'[3]2월'!$F$8/1000-H10-H11-H12 -> 164.52516 | I13: =+F13-H13 -> -0.005791 | J13: =+'[1]2월누계'!$E$8/1000-J10-J11-J12 -> 333.403 | K13: =+'[2]2월누계'!$F$8/1000-K10-K11-K12 -> 331.77197 | L13: =+K13-J13 -> -1.631033 | M13: =+'[3]2월누계'!$F$8/1000-M10-M11-M12 -> 329.00067 | N13: =+K13-M13 -> 2.771297 | Q13: 판매단가 | R13: 수도권 | S13: =+[4]수도권!$T$61 -> 97568.732 | T13: =+[4]수도권!$U$61 -> 96965.552 | U13: =+T13-S13 -> -603.17989 | V13: =+[5]수도권!$Q$85 -> 100756.04 | W13: =+T13-V13 -> -3790.4835
A14: =+F14/E14 -> 0.85897161 | B14: =+K14/J14 -> 0.83036595 | C14: 계 | E14: =SUM(E10:E13) -> 35748.406 | F14: =SUM(F10:F13) -> 30706.866 | G14: =+F14-E14 -> -5041.5402 | H14: =SUM(H10:H13) -> 30448.812 | I14: =+F14-H14 -> 258.0535 | J14: =SUM(J10:J13) -> 69102.518 | K14: =SUM(K10:K13) -> 57380.378 | L14: =+K14-J14 -> -11722.14 | M14: =SUM(M10:M13) -> 67616.411 | N14: =+K14-M14 -> -10236.033 | R14: 영남권 | S14: =+[4]영남권!$T$61 -> 100469.22 | T14: =+[4]영남권!$U$61 -> 100787.78 | U14: =+T14-S14 -> 318.56845 | V14: =+[5]영남권!$Q$85 -> 102784.62 | W14: =+T14-V14 -> -1996.8362
C15: 매출원가 | D15: 레미콘 | E15: =+('[1]2월'!$Z$10+'[1]2월'!$Z$19)/1000 -> 20757.627 | F15: =+('[2]2월'!$Z$10+'[2]2월'!$Z$19)/1000 -> 19459.467 | G15: =+F15-E15 -> -1298.1596 | H15: =+('[3]2월'!$Z$10+'[3]2월'!$Z$19)/1000 -> 19862.664 | I15: =+F15-H15 -> -403.1972 | J15: =+('[1]2월누계'!$Z$10+'[1]2월누계'!$Z$19)/1000 -> 40158.316 | K15: =+('[2]2월누계'!$Z$10+'[2]2월누계'!$Z$19)/1000 -> 36700.193 | L15: =+K15-J15 -> -3458.1237 | M15: =+('[3]2월누계'!$Z$10+'[3]2월누계'!$Z$19)/1000 -> 44742.197 | N15: =+K15-M15 -> -8042.004 | R15: 중부권 | S15: =+[4]중부권!$T$61 -> 107010.18 | T15: =+[4]중부권!$U$61 -> 102295.48 | U15: =+T15-S15 -> -4714.7018 | V15: =+[5]중부권!$Q$85 -> 103875.43 | W15: =+T15-V15 -> -1579.9476
D16: 건자재 | E16: =+('[1]2월'!$AA$10+'[1]2월'!$AA$19)/1000 -> 10864.469 | F16: =+('[2]2월'!$AO$10+'[2]2월'!$AO$19)/1000 -> 8127.3341 | G16: =+F16-E16 -> -2737.1347 | H16: =+('[3]2월'!$AO$10+'[3]2월'!$AO$19)/1000 -> 6592.5773 | I16: =+F16-H16 -> 1534.7568 | J16: =+('[1]2월누계'!$AA$10+'[1]2월누계'!$AA$19)/1000 -> 21305.651 | K16: =+('[2]2월누계'!$AO$10+'[2]2월누계'!$AO$19)/1000 -> 15461.543 | L16: =+K16-J16 -> -5844.1079 | M16: =+('[3]2월누계'!$AO$10+'[3]2월누계'!$AO$19)/1000 -> 13803.102 | N16: =+K16-M16 -> 1658.441 | Q16: 계 | S16: =+[4]합계!$T$61 -> 100532.46 | T16: =+[4]합계!$U$61 -> 99735.994 | U16: =+T16-S16 -> -796.47067 | V16: =+[5]합계!$Q$85 -> 102142.73 | W16: =+T16-V16 -> -2406.7354
D17: 골재 | E17: =+('[1]2월'!$AE$10+'[1]2월'!$AE$19)/1000 -> 1271.5348 | F17: =+('[2]2월'!$AN$10+'[2]2월'!$AN$19)/1000 -> 1294.0505 | G17: =+F17-E17 -> 22.51566 | H17: =+('[3]2월'!$AN$10+'[3]2월'!$AN$19)/1000 -> 1171.576 | I17: =+F17-H17 -> 122.47454 | J17: =+('[1]2월누계'!$AE$10+'[1]2월누계'!$AE$19)/1000 -> 2787.1378 | K17: =+('[2]2월누계'!$AN$10+'[2]2월누계'!$AN$19)/1000 -> 2576.316 | L17: =+K17-J17 -> -210.82179 | M17: =+('[3]2월누계'!$AN$10+'[3]2월누계'!$AN$19)/1000 -> 2664.8507 | N17: =+K17-M17 -> -88.534611 | Q17: 공헌이익 | R17: 수도권 | S17: =+[4]수도권!$Q$90 -> 15726.819 | T17: =+[4]수도권!$R$90 -> 14691.292 | U17: =+T17-S17 -> -1035.5275 | V17: =+[5]수도권!$Q$90 -> 19293.33 | W17: =+T17-V17 -> -4602.0378
D18: 기타 | E18: =+('[1]2월'!$E$10+'[1]2월'!$E$19)/1000-E15-E16-E17 -> 28.444279 | F18: =+('[2]2월'!$F$10+'[2]2월'!$F$19)/1000-F15-F16-F17 -> 28.233255 | G18: =+F18-E18 -> -0.211024 | H18: =+('[3]2월'!$F$10+'[3]2월'!$F$19)/1000-H15-H16-H17 -> 28.428296 | I18: =+F18-H18 -> -0.195041 | J18: =+('[1]2월누계'!$E$10+'[1]2월누계'!$E$19)/1000-J15-J16-J17 -> 56.888558 | K18: =+('[2]2월누계'!$F$10+'[2]2월누계'!$F$19)/1000-K15-K16-K17 -> 359.42361 | L18: =+K18-J18 -> 302.53505 | M18: =+('[3]2월누계'!$F$10+'[3]2월누계'!$F$19)/1000-M15-M16-M17 -> 56.940114 | N18: =+K18-M18 -> 302.4835 | R18: 영남권 | S18: =+[4]영남권!$Q$90 -> 20935.914 | T18: =+[4]영남권!$R$90 -> 20101.873 | U18: =+T18-S18 -> -834.04118 | V18: =+[5]영남권!$Q$90 -> 22654.141 | W18: =+T18-V18 -> -2552.2684
C19: 계 | E19: =SUM(E15:E18) -> 32922.075 | F19: =SUM(F15:F18) -> 28909.085 | G19: =+F19-E19 -> -4012.9897 | H19: =SUM(H15:H18) -> 27655.246 | I19: =+F19-H19 -> 1253.8391 | J19: =SUM(J15:J18) -> 64307.994 | K19: =SUM(K15:K18) -> 55097.476 | L19: =+K19-J19 -> -9210.5183 | M19: =SUM(M15:M18) -> 61267.09 | N19: =+K19-M19 -> -6169.6141 | R19: 중부권 | S19: =+[4]중부권!$Q$90 -> 27516.457 | T19: =+[4]중부권!$R$90 -> 22532.494 | U19: =+T19-S19 -> -4983.9635 | V19: =+[5]중부권!$Q$90 -> 26459.748 | W19: =+T19-V19 -> -3927.2545
C20: 매출이익 | D20: 레미콘 | E20: =+E10-E15 -> 2063.2427 | F20: =+F10-F15 -> 1563.3005 | G20: =+F20-E20 -> -499.94218 | H20: =+H10-H15 -> 2358.8782 | I20: =+F20-H20 -> -795.57766 | J20: =+J10-J15 -> 3478.4464 | K20: =+K10-K15 -> 2296.9672 | L20: =+K20-J20 -> -1181.4792 | M20: =+M10-M15 -> 5354.9919 | N20: =+K20-M20 -> -3058.0247 | Q20: 계 | S20: =+[4]합계!$Q$90 -> 20161.845 | T20: =+[4]합계!$R$90 -> 18672.912 | U20: =+T20-S20 -> -1488.933 | V20: =+[5]합계!$Q$90 -> 21876.256 | W20: =+T20-V20 -> -3203.344
D21: 건자재 | E21: =+E11-E16 -> 301.47673 | F21: =+F11-F16 -> 149.66104 | G21: =+F21-E21 -> -151.81568 | H21: =+H11-H16 -> 173.08068 | I21: =+F21-H21 -> -23.419635 | J21: =+J11-J16 -> 591.61723 | K21: =+K11-K16 -> 295.57153 | L21: =+K21-J21 -> -296.0457 | M21: =+M11-M16 -> 370.51289 | N21: =+K21-M21 -> -74.94135 | Q21: □ 건자재
D22: 골재 | E22: =+E12-E17 -> 323.35448 | F22: =+F12-F17 -> -51.467005 | G22: =+F22-E22 -> -374.82149 | H22: =+H12-H17 -> 125.51054 | I22: =+F22-H22 -> -176.97754 | J22: =+J12-J17 -> 447.94593 | K22: =+K12-K17 -> -281.98455 | L22: =+K22-J22 -> -729.93047 | M22: =+M12-M17 -> 351.75584 | N22: =+K22-M22 -> -633.74039 | Q22: 구분 | S22: 계획 | T22: 실적 | U22: 계획대비 | V22: 전년 | W22: 전년대비
D23: 기타 | E23: =+E13-E18 -> 138.25722 | F23: =+F13-F18 -> 136.28611 | G23: =+F23-E23 -> -1.971108 | H23: =+H13-H18 -> 136.09686 | I23: =+F23-H23 -> 0.18925 | J23: =+J13-J18 -> 276.51444 | K23: =+K13-K18 -> -27.651645 | L23: =+K23-J23 -> -304.16609 | M23: =+M13-M18 -> 272.06056 | N23: =+K23-M23 -> -299.7122 | Q23: 철강재 판매단가 | S23: =+'[6]2월'!$F$10 -> 872058.82 | T23: =+'[6]2월'!$G$10 -> 744684.73 | U23: =+T23-S23 -> -127374.09 | V23: =+'[6]2월'!$G$10 -> 744684.73 | W23: =+T23-V23 -> 0
C24: 계 | E24: =SUM(E20:E23) -> 2826.3311 | F24: =SUM(F20:F23) -> 1797.7807 | G24: =+F24-E24 -> -1028.5505 | H24: =SUM(H20:H23) -> 2793.5663 | I24: =+F24-H24 -> -995.78559 | J24: =SUM(J20:J23) -> 4794.524 | K24: =SUM(K20:K23) -> 2282.9025 | L24: =+K24-J24 -> -2511.6214 | M24: =SUM(M20:M23) -> 6349.3212 | N24: =+K24-M24 -> -4066.4186 | Q24: 철강재 마진률 | S24: =+'[6]2월'!$F$15 -> 0.02394688 | T24: =+'[6]2월'!$G$15 -> 0.015585145 | U24: =+T24-S24 -> -0.0083617349 | V24: =+'[6]2월'!$G$15 -> 0.015585145 | W24: =+T24-V24 -> 0
C25: 판관비 | D25: 레미콘 | E25: =+('[1]2월'!$Z$13+'[1]2월'!$Z$20)/1000 -> 688.11536 | F25: =+('[2]2월'!$Z$13+'[2]2월'!$Z$20)/1000 -> 621.32787 | G25: =+F25-E25 -> -66.787489 | H25: =+('[3]2월'!$Z$13+'[3]2월'!$Z$20)/1000 -> 661.97847 | I25: =+F25-H25 -> -40.6506 | J25: =+('[1]2월누계'!$Z$13+'[1]2월누계'!$Z$20)/1000 -> 1360.5939 | K25: =+('[2]2월누계'!$Z$13+'[2]2월누계'!$Z$20)/1000 -> 1331.8563 | L25: =+K25-J25 -> -28.737618 | M25: =+('[3]2월누계'!$Z$13+'[3]2월누계'!$Z$20)/1000 -> 1333.5029 | N25: =+K25-M25 -> -1.646581 | Q25: □ 골재
D26: 건자재 | E26: =+('[1]2월'!$AA$13+'[1]2월'!$AA$20)/1000 -> 129.85597 | F26: =+('[2]2월'!$AO$13+'[2]2월'!$AO$20)/1000 -> 138.79933 | G26: =+F26-E26 -> 8.943362 | H26: =+('[3]2월'!$AO$13+'[3]2월'!$AO$20)/1000 -> 131.236 | I26: =+F26-H26 -> 7.563331 | J26: =+('[1]2월누계'!$AA$13+'[1]2월누계'!$AA$20)/1000 -> 252.63516 | K26: =+('[2]2월누계'!$AO$13+'[2]2월누계'!$AO$20)/1000 -> 283.01257 | L26: =+K26-J26 -> 30.377417 | M26: =+('[3]2월누계'!$AO$13+'[3]2월누계'!$AO$20)/1000 -> 253.40099 | N26: =+K26-M26 -> 29.611578 | Q26: 구분 | S26: 계획 | T26: 실적 | U26: 계획대비 | V26: 전년 | W26: 전년대비
D27: 골재 | E27: =+('[1]2월'!$AE$13+'[1]2월'!$AE$20+'[1]2월'!$AE$22)/1000 -> 49.259851 | F27: =+('[2]2월'!$AN$13+'[2]2월'!$AN$20+'[2]2월'!$AN$22)/1000 -> 46.67513 | G27: =+F27-E27 -> -2.5847208 | H27: =+('[3]2월'!$AN$13+'[3]2월'!$AN$20+'[3]2월'!$AN$22)/1000 -> 46.331173 | I27: =+F27-H27 -> 0.3439575 | J27: =+('[1]2월누계'!$AE$13+'[1]2월누계'!$AE$20+'[1]2월누계'!$AE$22)/1000 -> 96.873784 | K27: =+('[2]2월누계'!$AN$13+'[2]2월누계'!$AN$20+'[2]2월누계'!$AN$22)/1000 -> 96.245044 | L27: =+K27-J27 -> -0.62873962 | M27: =+('[3]2월누계'!$AN$13+'[3]2월누계'!$AN$20+'[3]2월누계'!$AN$22)/1000 -> 88.502744 | N27: =+K27-M27 -> 7.7422997 | Q27: 판매량 | R27: 자가 | S27: =(+'[7]서부산크라샤(당월)'!$N$66+'[7]부산모래장(당월)'!$Q$48+'[7]부산크라샤(당월)'!$N$66)/1000 -> 21.674535 | T27: =(+'[7]서부산크라샤(당월)'!$O$66+'[7]부산모래장(당월)'!$R$48+'[7]부산크라샤(당월)'!$O$66)/1000 -> 24.268 | U27: =+T27-S27 -> 2.593465 | V27: =+'[7]부산모래장(당월)'!$S$85/1000 -> 31.41 | W27: =+T27-V27 -> -7.142
D28: 기타 | E28: =+('[1]2월'!$E$13+'[1]2월'!$E$20)/1000-E25-E26-E27+('[1]2월'!$E$22/1000) -> 1253.8521 | F28: =+('[2]2월'!$F$13+'[2]2월'!$F$20)/1000-F25-F26-F27+'[2]2월'!$F$22/1000 -> 1326.3483 | G28: =+F28-E28 -> 72.496271 | H28: =+('[3]2월'!$F$13+'[3]2월'!$F$20)/1000-H25-H26-H27+'[3]2월'!$F$22/1000 -> 794.7642 | I28: =+F28-H28 -> 531.58414 | J28: =+('[1]2월누계'!$E$13+'[1]2월누계'!$E$20)/1000-J25-J26-J27+('[1]2월누계'!$E$22/1000) -> 3099.6461 | K28: =+('[2]2월누계'!$F$13+'[2]2월누계'!$F$20)/1000-K25-K26-K27+'[2]2월누계'!$F$22/1000 -> 3471.1203 | L28: =+K28-J28 -> 371.47419 | M28: =+('[3]2월누계'!$F$13+'[3]2월누계'!$F$20)/1000-M25-M26-M27+'[3]2월누계'!$F$22/1000 -> 2399.5896 | N28: =+K28-M28 -> 1071.5307 | R28: 외판 | S28: =(+'[7]서부산크라샤(당월)'!$N$59+'[7]부산모래장(당월)'!$Q$47+'[7]부산크라샤(당월)'!$N$59)/1000 -> 7 | T28: =(+'[7]서부산크라샤(당월)'!$O$59+'[7]부산모래장(당월)'!$R$47+'[7]부산크라샤(당월)'!$O$59)/1000 -> 20.719 | U28: =+T28-S28 -> 13.719 | V28: =+'[7]부산모래장(당월)'!$S$86/1000 -> 26.527 | W28: =+T28-V28 -> -5.808
C29: 계 | E29: =SUM(E25:E28) -> 2121.0832 | F29: =SUM(F25:F28) -> 2133.1507 | G29: =+F29-E29 -> 12.067423 | H29: =SUM(H25:H28) -> 1634.3098 | I29: =+F29-H29 -> 498.84083 | J29: =SUM(J25:J28) -> 4809.749 | K29: =SUM(K25:K28) -> 5182.2342 | L29: =+K29-J29 -> 372.48525 | M29: =SUM(M25:M28) -> 4074.9962 | N29: =+K29-M29 -> 1107.238 | Q29: 합 계 | S29: =SUM(S27:S28) -> 28.674535 | T29: =SUM(T27:T28) -> 44.987 | U29: =+T29-S29 -> 16.312465 | V29: =SUM(V27:V28) -> 57.937 | W29: =+T29-V29 -> -12.95
C30: 영업이익 | D30: 레미콘 | E30: =+E20-E25 -> 1375.1273 | F30: =+F20-F25 -> 941.97265 | G30: =+F30-E30 -> -433.15469 | H30: =+H20-H25 -> 1696.8997 | I30: =+F30-H30 -> -754.92706 | J30: =+J20-J25 -> 2117.8524 | K30: =+K20-K25 -> 965.11089 | L30: =+K30-J30 -> -1152.7415 | M30: =+M20-M25 -> 4021.489 | N30: =+K30-M30 -> -3056.3781 | Q30: □ 기타내역(영업이익)
D31: % | E31: =+E30/E10 -> 0.060257447 | F31: =+F30/F10 -> 0.044807261 | G31: =+F31-E31 -> -0.015450186 | H31: =+H30/H10 -> 0.076362822 | I31: =+F31-H31 -> -0.031555561 | J31: =+J30/J10 -> 0.048533674 | K31: =+K30/K10 -> 0.024748235 | L31: =+K31-J31 -> -0.023785439 | M31: =+M30/M10 -> 0.080273746 | N31: =+K31-M31 -> -0.055525511 | Q31: 구분 | S31: 계획 | T31: 실적 | U31: 계획대비 | V31: 전년 | W31: 전년대비
D32: 건자재 | E32: =+E21-E26 -> 171.62076 | F32: =+F21-F26 -> 10.861713 | G32: =+F32-E32 -> -160.75904 | H32: =+H21-H26 -> 41.844679 | I32: =+F32-H32 -> -30.982966 | J32: =+J21-J26 -> 338.98208 | K32: =+K21-K26 -> 12.558962 | L32: =+K32-J32 -> -326.42312 | M32: =+M21-M26 -> 117.11189 | N32: =+K32-M32 -> -104.55293 | Q32: 레미콘임대 | S32: =+'사업장별(당월)'!T33 -> 72.523221 | T32: =+'사업장별(당월)'!U33 -> 72.530954 | U32: =+T32-S32 -> 0.007733 | V32: =+'사업장별(당월)'!W33 -> 71.965353 | W32: =+T32-V32 -> 0.565601
D33: 골재 | E33: =+E22-E27 -> 274.09463 | F33: =+F22-F27 -> -98.142135 | G33: =+F33-E33 -> -372.23676 | H33: =+H22-H27 -> 79.179365 | I33: =+F33-H33 -> -177.3215 | J33: =+J22-J27 -> 351.07214 | K33: =+K22-K27 -> -378.22959 | L33: =+K33-J33 -> -729.30173 | M33: =+M22-M27 -> 263.2531 | N33: =+K33-M33 -> -641.48269 | Q33: 임대 | S33: =+'사업장별(당월)'!T34 -> 63.964 | T33: =+'사업장별(당월)'!U34 -> 61.899625 | U33: =+T33-S33 -> -2.064375 | V33: =+'사업장별(당월)'!W34 -> 61.893705 | W33: =+T33-V33 -> 0.00592
D34: 기타 | E34: =+E23-E28 -> -1115.5948 | F34: =+F23-F28 -> -1190.0622 | G34: =+F34-E34 -> -74.467379 | H34: =+H23-H28 -> -658.66734 | I34: =+F34-H34 -> -531.39489 | J34: =+J23-J28 -> -2823.1317 | K34: =+K23-K28 -> -3498.7719 | L34: =+K34-J34 -> -675.64028 | M34: =+M23-M28 -> -2127.529 | N34: =+K34-M34 -> -1371.2429 | Q34: 공통비 | S34: =+'사업장별(당월)'!T35 -> -1202.7748 | T34: =+'사업장별(당월)'!U35 -> -1276.8971 | U34: =+T34-S34 -> -74.122279 | V34: =+'사업장별(당월)'!W35 -> -1053.317 | W34: =+T34-V34 -> -223.58013
C35: 계 | E35: =SUM(E30,E32:E34) -> 705.24788 | F35: =SUM(F30,F32:F34) -> -335.37 | G35: =+F35-E35 -> -1040.6179 | H35: =SUM(H30,H32:H34) -> 1159.2564 | I35: =+F35-H35 -> -1494.6264 | J35: =SUM(J30,J32:J34) -> -15.225002 | K35: =SUM(K30,K32:K34) -> -2899.3317 | L35: =+K35-J35 -> -2884.1067 | M35: =SUM(M30,M32:M34) -> 2274.325 | N35: =+K35-M35 -> -5173.6566 | Q35: 기타 | S35: =+S36-S32-S33-S34 -> -49.307241 | T35: =+T36-T32-T33-T34 -> -47.595699 | U35: =+T35-S35 -> 1.711542 | V35: =+V36-V32-V33-V34 -> 260.79058 | W35: =+T35-V35 -> -308.38628
D36: % | E36: =+E35/E14 -> 0.019728093 | F36: =+F35/F14 -> -0.010921662 | G36: =+F36-E36 -> -0.030649755 | H36: =+H35/H14 -> 0.038072303 | I36: =+F36-H36 -> -0.048993965 | J36: =+J35/J14 -> -0.00022032486 | K36: =+K35/K14 -> -0.050528278 | L36: =+K36-J36 -> -0.050307953 | M36: =+M35/M14 -> 0.033635695 | N36: =+K36-M36 -> -0.084163972 | Q36: 합계 | S36: =+'사업장별(당월)'!T41 -> -1115.5948 | T36: =+'사업장별(당월)'!U41 -> -1190.0622 | U36: =+T36-S36 -> -74.467379 | V36: =+'사업장별(당월)'!W41 -> -658.66734 | W36: =+T36-V36 -> -531.39489
E38: =+'[1]2월'!$E$26/1000 -> 705.24788 | F38: =+'[2]2월'!$F$26/1000 -> -335.37 | H38: =+'[3]2월'!$F$26/1000 -> 1159.2564 | J38: =+'[1]2월누계'!$E$26/1000 -> -15.225002 | K38: =+'[2]2월누계'!$F$26/1000 -> -2899.3317 | M38: =+'[3]2월누계'!$F$26/1000 -> 2274.325
E39: =+E35=E38 -> FALSE | F39: =+F35=F38 -> FALSE | H39: =+H35=H38 -> TRUE | J39: =+J35=J38 -> FALSE | K39: =+K35=K38 -> TRUE | M39: =+M35=M38 -> TRUE
E40: =+E35-E38 -> -3.524292e-12 | F40: =+F35-F38 -> -2.2737368e-12 | H40: =+H35-H38 -> 0 | J40: =+J35-J38 -> 5.5226934e-12 | K40: =+K35-K38 -> 0 | M40: =+M35-M38 -> 0

Sheet 사업장별(당월)
H3: □ 사업장별 손익실적(2025-02)
AG4: [단위 : 천㎥, 톤, 백만원]
H5: 구분 | J5: 물량 | O5: 매출 | T5: 영업이익(공통비 배부전) | Y5: 판매단가 | AB5: 변동비 | AE5: 공헌이익
A6: 2024년 2월 마감 손익 | J6: 계획 | K6: 실적 | L6: 차이 | M6: 전년 | N6: 차이 | O6: 계획 | P6: 실적 | Q6: 차이 | R6: 전년 | S6: 차이 | T6: 계획 | U6: 실적 | V6: 차이 | W6: 전년 | X6: 차이 | Y6: 계획 | Z6: 실적 | AA6: 전년 | AB6: 계획 | AC6: 실적 | AD6: 전년 | AE6: 계획 | AF6: 실적 | AG6: 전년
B7: 안양 | G7: =+I7 -> 안양 | H7: 레미콘 | I7: 안양 | J7: =+IFERROR(HLOOKUP($B7,'[1]2월'!$D$6:$BN$259,2,),)/1000 -> 32 | K7: =+IFERROR(HLOOKUP($B7,'[2]2월'!$F$6:$CP$99,2,),)/1000 -> 34.905 | L7: =+K7-J7 -> 2.905 | M7: =+IFERROR(HLOOKUP($B7,'[3]2월'!$F$6:$CC$57,2,),)/1000 -> 37.712 | N7: =+K7-M7 -> -2.807 | O7: =+IFERROR(HLOOKUP($B7,'[1]2월'!$D$6:$BN$259,3,),)/1000 -> 3151.7741 | P7: =+IFERROR(HLOOKUP($B7,'[2]2월'!$F$6:$CP$99,3,),)/1000 -> 3382.0325 | Q7: =+P7-O7 -> 230.25843 | R7: =+IFERROR(HLOOKUP($B7,'[3]2월'!$F$6:$CC$57,3,),)/1000 -> 3774.208 | S7: =+P7-R7 -> -392.17547 | T7: =+IFERROR(HLOOKUP($B7,'[1]2월'!$D$6:$BN$259,16,),)/1000 -> 171.79786 | U7: =+IFERROR(HLOOKUP($B7,'[2]2월'!$F$6:$CP$99,16,),)/1000 -> 265.58446 | V7: =+U7-T7 -> 93.786603 | W7: =+IFERROR(HLOOKUP($B7,'[3]2월'!$F$6:$CC$57,16,),)/1000 -> 451.30565 | X7: =+U7-W7 -> -185.72119 | Y7: =+[4]안양!$Q$85 -> 98492.941 | Z7: =+[4]안양!$R$85 -> 96859.207 | AA7: =+[5]안양!$Q$85 -> 100079.76 | AB7: =+[4]안양!$Q$89 -> 83104.865 | AC7: =+[4]안양!$R$89 -> 80767.793 | AD7: =+[5]안양!$Q$89 -> 79851.287 | AE7: =+Y7-AB7 -> 15388.075 | AF7: =+Z7-AC7 -> 16091.414 | AG7: =+AA7-AD7 -> 20228.476
B8: 인천 | G8: =+I8 -> 인천 | H8: 직영 | I8: 인천 | J8: =+IFERROR(HLOOKUP($B8,'[1]2월'!$D$6:$BN$259,2,),)/1000 -> 25 | K8: =+IFERROR(HLOOKUP($B8,'[2]2월'!$F$6:$CP$99,2,),)/1000 -> 21.485 | L8: =+K8-J8 -> -3.515 | M8: =+IFERROR(HLOOKUP($B8,'[3]2월'!$F$6:$CC$57,2,),)/1000 -> 23.5 | N8: =+K8-M8 -> -2.015 | O8: =+IFERROR(HLOOKUP($B8,'[1]2월'!$D$6:$BN$259,3,),)/1000 -> 2443.1979 | P8: =+IFERROR(HLOOKUP($B8,'[2]2월'!$F$6:$CP$99,3,),)/1000 -> 2095.0919 | Q8: =+P8-O8 -> -348.10596 | R8: =+IFERROR(HLOOKUP($B8,'[3]2월'!$F$6:$CC$57,3,),)/1000 -> 2356.7585 | S8: =+P8-R8 -> -261.66661 | T8: =+IFERROR(HLOOKUP($B8,'[1]2월'!$D$6:$BN$259,16,),)/1000 -> 70.245864 | U8: =+IFERROR(HLOOKUP($B8,'[2]2월'!$F$6:$CP$99,16,),)/1000 -> -49.38036 | V8: =+U8-T8 -> -119.62622 | W8: =+IFERROR(HLOOKUP($B8,'[3]2월'!$F$6:$CC$57,16,),)/1000 -> 137.95808 | X8: =+U8-W8 -> -187.33844 | Y8: =+[4]인천!$Q$85 -> 97727.915 | Z8: =+[4]인천!$R$85 -> 97514.168 | AA8: =+[5]인천!$Q$85 -> 100287.6 | AB8: =+[4]인천!$Q$89 -> 83665.025 | AC8: =+[4]인천!$R$89 -> 86203.914 | AD8: =+[5]인천!$Q$89 -> 82090.723 | AE8: =+Y8-AB8 -> 14062.89 | AF8: =+Z8-AC8 -> 11310.254 | AG8: =+AA8-AD8 -> 18196.874
B9: 파주 | G9: =+I9 -> 파주 | I9: 파주 | J9: =+IFERROR(HLOOKUP($B9,'[1]2월'!$D$6:$BN$259,2,),)/1000 -> 16 | K9: =+IFERROR(HLOOKUP($B9,'[2]2월'!$F$6:$CP$99,2,),)/1000 -> 10.445 | L9: =+K9-J9 -> -5.555 | M9: =+IFERROR(HLOOKUP($B9,'[3]2월'!$F$6:$CC$57,2,),)/1000 -> 18.47 | N9: =+K9-M9 -> -8.025 | O9: =+IFERROR(HLOOKUP($B9,'[1]2월'!$D$6:$BN$259,3,),)/1000 -> 1545.8977 | P9: =+IFERROR(HLOOKUP($B9,'[2]2월'!$F$6:$CP$99,3,),)/1000 -> 1017.4518 | Q9: =+P9-O9 -> -528.44585 | R9: =+IFERROR(HLOOKUP($B9,'[3]2월'!$F$6:$CC$57,3,),)/1000 -> 1919.2949 | S9: =+P9-R9 -> -901.84312 | T9: =+IFERROR(HLOOKUP($B9,'[1]2월'!$D$6:$BN$259,16,),)/1000 -> 22.670792 | U9: =+IFERROR(HLOOKUP($B9,'[2]2월'!$F$6:$CP$99,16,),)/1000 -> -42.738868 | V9: =+U9-T9 -> -65.40966 | W9: =+IFERROR(HLOOKUP($B9,'[3]2월'!$F$6:$CC$57,16,),)/1000 -> 125.58788 | X9: =+U9-W9 -> -168.32675 | Y9: =+[4]파주!$Q$85 -> 96618.603 | Z9: =+[4]파주!$R$85 -> 97410.416 | AA9: =+[5]파주!$Q$85 -> 103935.69 | AB9: =+[4]파주!$Q$89 -> 79434.415 | AC9: =+[4]파주!$R$89 -> 80870.416 | AD9: =+[5]파주!$Q$89 -> 84337.303 | AE9: =+Y9-AB9 -> 17184.188 | AF9: =+Z9-AC9 -> 16540.001 | AG9: =+AA9-AD9 -> 19598.387
B10: 김포 | G10: =+I10 -> 김포 | I10: 김포 | J10: =+IFERROR(HLOOKUP($B10,'[1]2월'!$D$6:$BN$259,2,),)/1000 -> 10 | K10: =+IFERROR(HLOOKUP($B10,'[2]2월'!$F$6:$CP$99,2,),)/1000 -> 7.4045 | L10: =+K10-J10 -> -2.5955 | M10: =+IFERROR(HLOOKUP($B10,'[3]2월'!$F$6:$CC$57,2,),)/1000 -> 5.877 | N10: =+K10-M10 -> 1.5275 | O10: =+IFERROR(HLOOKUP($B10,'[1]2월'!$D$6:$BN$259,3,),)/1000 -> 957.33513 | P10: =+IFERROR(HLOOKUP($B10,'[2]2월'!$F$6:$CP$99,3,),)/1000 -> 704.99124 | Q10: =+P10-O10 -> -252.34389 | R10: =+IFERROR(HLOOKUP($B10,'[3]2월'!$F$6:$CC$57,3,),)/1000 -> 570.04139 | S10: =+P10-R10 -> 134.94985 | T10: =+IFERROR(HLOOKUP($B10,'[1]2월'!$D$6:$BN$259,16,),)/1000 -> 26.816095 | U10: =+IFERROR(HLOOKUP($B10,'[2]2월'!$F$6:$CP$99,16,),)/1000 -> -46.86888 | V10: =+U10-T10 -> -73.684975 | W10: =+IFERROR(HLOOKUP($B10,'[3]2월'!$F$6:$CC$57,16,),)/1000 -> -50.621 | X10: =+U10-W10 -> 3.75212 | Y10: =+[4]김포!$Q$85 -> 95733.513 | Z10: =+[4]김포!$R$85 -> 95239.126 | AA10: =+[5]김포!$Q$85 -> 96995.302 | AB10: =+[4]김포!$Q$89 -> 77094.679 | AC10: =+[4]김포!$R$89 -> 79871.523 | AD10: =+[5]김포!$Q$89 -> 80274.495 | AE10: =+Y10-AB10 -> 18638.834 | AF10: =+Z10-AC10 -> 15367.602 | AG10: =+AA10-AD10 -> 16720.807
B11: 부산 | G11: =+I11 -> 부산 | I11: 부산 | J11: =+IFERROR(HLOOKUP($B11,'[1]2월'!$D$6:$BN$259,2,),)/1000 -> 19 | K11: =+IFERROR(HLOOKUP($B11,'[2]2월'!$F$6:$CP$99,2,),)/1000 -> 16.897 | L11: =+K11-J11 -> -2.103 | M11: =+IFERROR(HLOOKUP($B11,'[3]2월'!$F$6:$CC$57,2,),)/1000 -> 16.65 | N11: =+K11-M11 -> 0.247 | O11: =+IFERROR(HLOOKUP($B11,'[1]2월'!$D$6:$BN$259,3,),)/1000 -> 2046.2981 | P11: =+IFERROR(HLOOKUP($B11,'[2]2월'!$F$6:$CP$99,3,),)/1000 -> 1794.1025 | Q11: =+P11-O11 -> -252.19564 | R11: =+IFERROR(HLOOKUP($B11,'[3]2월'!$F$6:$CC$57,3,),)/1000 -> 1875.6439 | S11: =+P11-R11 -> -81.5414 | T11: =+IFERROR(HLOOKUP($B11,'[1]2월'!$D$6:$BN$259,16,),)/1000 -> 171.93637 | U11: =+IFERROR(HLOOKUP($B11,'[2]2월'!$F$6:$CP$99,16,),)/1000 -> 133.31258 | V11: =+U11-T11 -> -38.623789 | W11: =+IFERROR(HLOOKUP($B11,'[3]2월'!$F$6:$CC$57,16,),)/1000 -> 201.44822 | X11: =+U11-W11 -> -68.135646 | Y11: =+[4]부산!$Q$85 -> 107699.9 | Z11: =+[4]부산!$R$85 -> 106178.76 | AA11: =+[5]부산!$Q$85 -> 112651.29 | AB11: =+[4]부산!$Q$89 -> 85055.097 | AC11: =+[4]부산!$R$89 -> 84408.739 | AD11: =+[5]부산!$Q$89 -> 86432.204 | AE11: =+Y11-AB11 -> 22644.805 | AF11: =+Z11-AC11 -> 21770.02 | AG11: =+AA11-AD11 -> 26219.081
B12: 서부산 | G12: =+I12 -> 서부산 | I12: 서부산 | J12: =+IFERROR(HLOOKUP($B12,'[1]2월'!$D$6:$BN$259,2,),)/1000 -> 19 | K12: =+IFERROR(HLOOKUP($B12,'[2]2월'!$F$6:$CP$99,2,),)/1000 -> 17.85 | L12: =+K12-J12 -> -1.15 | M12: =+IFERROR(HLOOKUP($B12,'[3]2월'!$F$6:$CC$57,2,),)/1000 -> 16.841 | N12: =+K12-M12 -> 1.009 | O12: =+IFERROR(HLOOKUP($B12,'[1]2월'!$D$6:$BN$259,3,),)/1000 -> 1886.7074 | P12: =+IFERROR(HLOOKUP($B12,'[2]2월'!$F$6:$CP$99,3,),)/1000 -> 1700.7802 | Q12: =+P12-O12 -> -185.92719 | R12: =+IFERROR(HLOOKUP($B12,'[3]2월'!$F$6:$CC$57,3,),)/1000 -> 1729.3343 | S12: =+P12-R12 -> -28.55412 | T12: =+IFERROR(HLOOKUP($B12,'[1]2월'!$D$6:$BN$259,16,),)/1000 -> 156.91558 | U12: =+IFERROR(HLOOKUP($B12,'[2]2월'!$F$6:$CP$99,16,),)/1000 -> 77.502494 | V12: =+U12-T12 -> -79.41309 | W12: =+IFERROR(HLOOKUP($B12,'[3]2월'!$F$6:$CC$57,16,),)/1000 -> 118.8076 | X12: =+U12-W12 -> -41.305105 | Y12: =+[4]서부산!$Q$85 -> 99300.389 | Z12: =+[4]서부산!$R$85 -> 95281.804 | AA12: =+[5]서부산!$Q$85 -> 102685.96 | AB12: =+[4]서부산!$Q$89 -> 78710.43 | AC12: =+[4]서부산!$R$89 -> 78548.451 | AD12: =+[5]서부산!$Q$89 -> 81711.867 | AE12: =+Y12-AB12 -> 20589.959 | AF12: =+Z12-AC12 -> 16733.353 | AG12: =+AA12-AD12 -> 20974.097
B13: 김해 | G13: =+I13 -> 김해 | I13: 김해 | J13: =+IFERROR(HLOOKUP($B13,'[1]2월'!$D$6:$BN$259,2,),)/1000 -> 12 | K13: =+IFERROR(HLOOKUP($B13,'[2]2월'!$F$6:$CP$99,2,),)/1000 -> 4.58 | L13: =+K13-J13 -> -7.42 | M13: =+IFERROR(HLOOKUP($B13,'[3]2월'!$F$6:$CC$57,2,),)/1000 -> 8.639 | N13: =+K13-M13 -> -4.059 | O13: =+IFERROR(HLOOKUP($B13,'[1]2월'!$D$6:$BN$259,3,),)/1000 -> 1155.6033 | P13: =+IFERROR(HLOOKUP($B13,'[2]2월'!$F$6:$CP$99,3,),)/1000 -> 453.453 | Q13: =+P13-O13 -> -702.1503 | R13: =+IFERROR(HLOOKUP($B13,'[3]2월'!$F$6:$CC$57,3,),)/1000 -> 890.1857 | S13: =+P13-R13 -> -436.7327 | T13: =+IFERROR(HLOOKUP($B13,'[1]2월'!$D$6:$BN$259,16,),)/1000 -> 85.847828 | U13: =+IFERROR(HLOOKUP($B13,'[2]2월'!$F$6:$CP$99,16,),)/1000 -> -73.487828 | V13: =+U13-T13 -> -159.33566 | W13: =+IFERROR(HLOOKUP($B13,'[3]2월'!$F$6:$CC$57,16,),)/1000 -> 16.811886 | X13: =+U13-W13 -> -90.299714 | Y13: =+[4]김해!$Q$85 -> 96300.275 | Z13: =+[4]김해!$R$85 -> 99140.018 | AA13: =+[5]김해!$Q$85 -> 103042.68 | AB13: =+[4]김해!$Q$89 -> 76907.116 | AC13: =+[4]김해!$R$89 -> 83284.996 | AD13: =+[5]김해!$Q$89 -> 83785.984 | AE13: =+Y13-AB13 -> 19393.159 | AF13: =+Z13-AC13 -> 15855.022 | AG13: =+AA13-AD13 -> 19256.695
B14: 정관 | G14: =+I14 -> 정관 | I14: 정관 | J14: =+IFERROR(HLOOKUP($B14,'[1]2월'!$D$6:$BN$259,2,),)/1000 -> 18 | K14: =+IFERROR(HLOOKUP($B14,'[2]2월'!$F$6:$CP$99,2,),)/1000 -> 18.366 | L14: =+K14-J14 -> 0.366 | M14: =+IFERROR(HLOOKUP($B14,'[3]2월'!$F$6:$CC$57,2,),)/1000 -> 14.978 | N14: =+K14-M14 -> 3.388 | O14: =+IFERROR(HLOOKUP($B14,'[1]2월'!$D$6:$BN$259,3,),)/1000 -> 1836.0022 | P14: =+IFERROR(HLOOKUP($B14,'[2]2월'!$F$6:$CP$99,3,),)/1000 -> 1908.4609 | Q14: =+P14-O14 -> 72.458668 | R14: =+IFERROR(HLOOKUP($B14,'[3]2월'!$F$6:$CC$57,3,),)/1000 -> 1493.4374 | S14: =+P14-R14 -> 415.0235 | T14: =+IFERROR(HLOOKUP($B14,'[1]2월'!$D$6:$BN$259,16,),)/1000 -> 135.99039 | U14: =+IFERROR(HLOOKUP($B14,'[2]2월'!$F$6:$CP$99,16,),)/1000 -> 150.8114 | V14: =+U14-T14 -> 14.821004 | W14: =+IFERROR(HLOOKUP($B14,'[3]2월'!$F$6:$CC$57,16,),)/1000 -> 34.868347 | X14: =+U14-W14 -> 115.94305 | Y14: =+[4]정관!$Q$85 -> 102000.12 | Z14: =+[4]정관!$R$85 -> 103912.71 | AA14: =+[5]정관!$Q$85 -> 99708.733 | AB14: =+[4]정관!$Q$89 -> 81964.382 | AC14: =+[4]정관!$R$89 -> 85082.054 | AD14: =+[5]정관!$Q$89 -> 84310.743 | AE14: =+Y14-AB14 -> 20035.742 | AF14: =+Z14-AC14 -> 18830.66 | AG14: =+AA14-AD14 -> 15397.99
B15: 양산 | G15: =+I15 -> 양산 | I15: 양산 | J15: =+IFERROR(HLOOKUP($B15,'[1]2월'!$D$6:$BN$259,2,),)/1000 -> 10 | K15: =+IFERROR(HLOOKUP($B15,'[2]2월'!$F$6:$CP$99,2,),)/1000 -> 8.188 | L15: =+K15-J15 -> -1.812 | M15: =+IFERROR(HLOOKUP($B15,'[3]2월'!$F$6:$CC$57,2,),)/1000 -> 9.558 | N15: =+K15-M15 -> -1.37 | O15: =+IFERROR(HLOOKUP($B15,'[1]2월'!$D$6:$BN$259,3,),)/1000 -> 947.2425 | P15: =+IFERROR(HLOOKUP($B15,'[2]2월'!$F$6:$CP$99,3,),)/1000 -> 791.5705 | Q15: =+P15-O15 -> -155.672 | R15: =+IFERROR(HLOOKUP($B15,'[3]2월'!$F$6:$CC$57,3,),)/1000 -> 924.58643 | S15: =+P15-R15 -> -133.01593 | T15: =+IFERROR(HLOOKUP($B15,'[1]2월'!$D$6:$BN$259,16,),)/1000 -> 56.073825 | U15: =+IFERROR(HLOOKUP($B15,'[2]2월'!$F$6:$CP$99,16,),)/1000 -> 32.887764 | V15: =+U15-T15 -> -23.186061 | W15: =+IFERROR(HLOOKUP($B15,'[3]2월'!$F$6:$CC$57,16,),)/1000 -> 98.534238 | X15: =+U15-W15 -> -65.646474 | Y15: =+[4]양산!$Q$85 -> 94724.25 | Z15: =+[4]양산!$R$85 -> 96674.463 | AA15: =+[5]양산!$Q$85 -> 96734.299 | AB15: =+[4]양산!$Q$89 -> 74373.876 | AC15: =+[4]양산!$R$89 -> 74256.725 | AD15: =+[5]양산!$Q$89 -> 71459.126 | AE15: =+Y15-AB15 -> 20350.374 | AF15: =+Z15-AC15 -> 22417.738 | AG15: =+AA15-AD15 -> 25275.173
B16: 창원 | G16: =+I16 -> 창원 | I16: 창원 | J16: =+IFERROR(HLOOKUP($B16,'[1]2월'!$D$6:$BN$259,2,),)/1000 -> 7 | K16: =+IFERROR(HLOOKUP($B16,'[2]2월'!$F$6:$CP$99,2,),)/1000 -> 10.864 | L16: =+K16-J16 -> 3.864 | M16: =+IFERROR(HLOOKUP($B16,'[3]2월'!$F$6:$CC$57,2,),)/1000 -> 15.453 | N16: =+K16-M16 -> -4.589 | O16: =+IFERROR(HLOOKUP($B16,'[1]2월'!$D$6:$BN$259,3,),)/1000 -> 700.0022 | P16: =+IFERROR(HLOOKUP($B16,'[2]2월'!$F$6:$CP$99,3,),)/1000 -> 1085.93 | Q16: =+P16-O16 -> 385.92785 | R16: =+IFERROR(HLOOKUP($B16,'[3]2월'!$F$6:$CC$57,3,),)/1000 -> 1538.5332 | S16: =+P16-R16 -> -452.60315 | T16: =+IFERROR(HLOOKUP($B16,'[1]2월'!$D$6:$BN$259,16,),)/1000 -> -13.173998 | U16: =+IFERROR(HLOOKUP($B16,'[2]2월'!$F$6:$CP$99,16,),)/1000 -> 108.75022 | V16: =+U16-T16 -> 121.92422 | W16: =+IFERROR(HLOOKUP($B16,'[3]2월'!$F$6:$CC$57,16,),)/1000 -> 220.45765 | X16: =+U16-W16 -> -111.70743 | Y16: =+[4]창원!$Q$85 -> 100000.31 | Z16: =+[4]창원!$R$85 -> 99956.742 | AA16: =+[5]창원!$Q$85 -> 99562.104 | AB16: =+[4]창원!$Q$89 -> 75787.34 | AC16: =+[4]창원!$R$89 -> 74426.787 | AD16: =+[5]창원!$Q$89 -> 73759.236 | AE16: =+Y16-AB16 -> 24212.975 | AF16: =+Z16-AC16 -> 25529.956 | AG16: =+AA16-AD16 -> 25802.869
B17: 대구 | G17: =+I17 -> 대구 | I17: 대구 | J17: =+IFERROR(HLOOKUP($B17,'[1]2월'!$D$6:$BN$259,2,),)/1000 -> 11 | K17: =+IFERROR(HLOOKUP($B17,'[2]2월'!$F$6:$CP$99,2,),)/1000 -> 9.434 | L17: =+K17-J17 -> -1.566 | M17: =+IFERROR(HLOOKUP($B17,'[3]2월'!$F$6:$CC$57,2,),)/1000 -> 13.997 | N17: =+K17-M17 -> -4.563 | O17: =+IFERROR(HLOOKUP($B17,'[1]2월'!$D$6:$BN$259,3,),)/1000 -> 1063.872 | P17: =+IFERROR(HLOOKUP($B17,'[2]2월'!$F$6:$CP$99,3,),)/1000 -> 882.50667 | Q17: =+P17-O17 -> -181.36529 | R17: =+IFERROR(HLOOKUP($B17,'[3]2월'!$F$6:$CC$57,3,),)/1000 -> 1431.9897 | S17: =+P17-R17 -> -549.48303 | T17: =+IFERROR(HLOOKUP($B17,'[1]2월'!$D$6:$BN$259,16,),)/1000 -> 54.453551 | U17: =+IFERROR(HLOOKUP($B17,'[2]2월'!$F$6:$CP$99,16,),)/1000 -> 11.519029 | V17: =+U17-T17 -> -42.934522 | W17: =+IFERROR(HLOOKUP($B17,'[3]2월'!$F$6:$CC$57,16,),)/1000 -> 216.44189 | X17: =+U17-W17 -> -204.92286 | Y17: =+[4]대구!$Q$85 -> 96715.633 | Z17: =+[4]대구!$R$85 -> 93545.333 | AA17: =+[5]대구!$Q$85 -> 102306.9 | AB17: =+[4]대구!$Q$89 -> 74775.887 | AC17: =+[4]대구!$R$89 -> 76356.339 | AD17: =+[5]대구!$Q$89 -> 74620.402 | AE17: =+Y17-AB17 -> 21939.746 | AF17: =+Z17-AC17 -> 17188.994 | AG17: =+AA17-AD17 -> 27686.499
B18: 울산 | G18: =+I18 -> 울산 | I18: 울산 | J18: =+IFERROR(HLOOKUP($B18,'[1]2월'!$D$6:$BN$259,2,),)/1000 -> 9 | K18: =+IFERROR(HLOOKUP($B18,'[2]2월'!$F$6:$CP$99,2,),)/1000 -> 9.715 | L18: =+K18-J18 -> 0.715 | M18: =+IFERROR(HLOOKUP($B18,'[3]2월'!$F$6:$CC$57,2,),)/1000 -> 4.7885 | N18: =+K18-M18 -> 4.9265 | O18: =+IFERROR(HLOOKUP($B18,'[1]2월'!$D$6:$BN$259,3,),)/1000 -> 913.54 | P18: =+IFERROR(HLOOKUP($B18,'[2]2월'!$F$6:$CP$99,3,),)/1000 -> 1047.306 | Q18: =+P18-O18 -> 133.766 | R18: =+IFERROR(HLOOKUP($B18,'[3]2월'!$F$6:$CC$57,3,),)/1000 -> 487.72015 | S18: =+P18-R18 -> 559.58585 | T18: =+IFERROR(HLOOKUP($B18,'[1]2월'!$D$6:$BN$259,16,),)/1000 -> 20.987928 | U18: =+IFERROR(HLOOKUP($B18,'[2]2월'!$F$6:$CP$99,16,),)/1000 -> 78.01652 | V18: =+U18-T18 -> 57.028592 | W18: =+IFERROR(HLOOKUP($B18,'[3]2월'!$F$6:$CC$57,16,),)/1000 -> -66.050997 | X18: =+U18-W18 -> 144.06752 | Y18: =+[4]울산!$Q$85 -> 101504.44 | Z18: =+[4]울산!$R$85 -> 107802.99 | AA18: =+[5]울산!$Q$85 -> 101852.39 | AB18: =+[4]울산!$Q$89 -> 82713.62 | AC18: =+[4]울산!$R$89 -> 85472.134 | AD18: =+[5]울산!$Q$89 -> 86917.518 | AE18: =+Y18-AB18 -> 18790.824 | AF18: =+Z18-AC18 -> 22330.851 | AG18: =+AA18-AD18 -> 14934.868
B19: 아산 | G19: =+I19 -> 아산 | I19: 아산 | J19: =+IFERROR(HLOOKUP($B19,'[1]2월'!$D$6:$BN$259,2,),)/1000 -> 18 | K19: =+IFERROR(HLOOKUP($B19,'[2]2월'!$F$6:$CP$99,2,),)/1000 -> 17.767 | L19: =+K19-J19 -> -0.233 | M19: =+IFERROR(HLOOKUP($B19,'[3]2월'!$F$6:$CC$57,2,),)/1000 -> 17.471 | N19: =+K19-M19 -> 0.296 | O19: =+IFERROR(HLOOKUP($B19,'[1]2월'!$D$6:$BN$259,3,),)/1000 -> 1854 | P19: =+IFERROR(HLOOKUP($B19,'[2]2월'!$F$6:$CP$99,3,),)/1000 -> 1783.0426 | Q19: =+P19-O19 -> -70.9574 | R19: =+IFERROR(HLOOKUP($B19,'[3]2월'!$F$6:$CC$57,3,),)/1000 -> 1754.0612 | S19: =+P19-R19 -> 28.981445 | T19: =+IFERROR(HLOOKUP($B19,'[1]2월'!$D$6:$BN$259,16,),)/1000 -> 176.52372 | U19: =+IFERROR(HLOOKUP($B19,'[2]2월'!$F$6:$CP$99,16,),)/1000 -> 71.697309 | V19: =+U19-T19 -> -104.82641 | W19: =+IFERROR(HLOOKUP($B19,'[3]2월'!$F$6:$CC$57,16,),)/1000 -> 117.15924 | X19: =+U19-W19 -> -45.461929 | Y19: =+[4]아산!$Q$85 -> 103000 | Z19: =+[4]아산!$R$85 -> 100356.99 | AA19: =+[5]아산!$Q$85 -> 100398.44 | AB19: =+[4]아산!$Q$89 -> 79524.888 | AC19: =+[4]아산!$R$89 -> 83852.328 | AD19: =+[5]아산!$Q$89 -> 79376.802 | AE19: =+Y19-AB19 -> 23475.112 | AF19: =+Z19-AC19 -> 16504.66 | AG19: =+AA19-AD19 -> 21021.639
B20: 전주 | G20: =+I20 -> 전주 | I20: 전주 | J20: =+IFERROR(HLOOKUP($B20,'[1]2월'!$D$6:$BN$259,2,),)/1000 -> 7 | K20: =+IFERROR(HLOOKUP($B20,'[2]2월'!$F$6:$CP$99,2,),)/1000 -> 13.0765 | L20: =+K20-J20 -> 6.0765 | M20: =+IFERROR(HLOOKUP($B20,'[3]2월'!$F$6:$CC$57,2,),)/1000 -> 2.263 | N20: =+K20-M20 -> 10.8135 | O20: =+IFERROR(HLOOKUP($B20,'[1]2월'!$D$6:$BN$259,3,),)/1000 -> 678.03832 | P20: =+IFERROR(HLOOKUP($B20,'[2]2월'!$F$6:$CP$99,3,),)/1000 -> 1256.9671 | Q20: =+P20-O20 -> 578.9288 | R20: =+IFERROR(HLOOKUP($B20,'[3]2월'!$F$6:$CC$57,3,),)/1000 -> 226.082 | S20: =+P20-R20 -> 1030.8851 | T20: =+IFERROR(HLOOKUP($B20,'[1]2월'!$D$6:$BN$259,16,),)/1000 -> 12.032137 | U20: =+IFERROR(HLOOKUP($B20,'[2]2월'!$F$6:$CP$99,16,),)/1000 -> 149.1804 | V20: =+U20-T20 -> 137.14827 | W20: =+IFERROR(HLOOKUP($B20,'[3]2월'!$F$6:$CC$57,16,),)/1000 -> -81.422136 | X20: =+U20-W20 -> 230.60254 | Y20: =+[4]전주!$Q$85 -> 96862.617 | Z20: =+[4]전주!$R$85 -> 96124.125 | AA20: =+[5]전주!$Q$85 -> 99903.668 | AB20: =+[4]전주!$Q$89 -> 73679.261 | AC20: =+[4]전주!$R$89 -> 73533.899 | AD20: =+[5]전주!$Q$89 -> 73666.573 | AE20: =+Y20-AB20 -> 23183.356 | AF20: =+Z20-AC20 -> 22590.226 | AG20: =+AA20-AD20 -> 26237.095
B21: 군산 | G21: =+I21 -> 군산 | I21: 군산 | J21: =+IFERROR(HLOOKUP($B21,'[1]2월'!$D$6:$BN$259,2,),)/1000 -> 5 | K21: =+IFERROR(HLOOKUP($B21,'[2]2월'!$F$6:$CP$99,2,),)/1000 -> 3.896 | L21: =+K21-J21 -> -1.104 | M21: =+IFERROR(HLOOKUP($B21,'[3]2월'!$F$6:$CC$57,2,),)/1000 -> 5.554 | N21: =+K21-M21 -> -1.658 | O21: =+IFERROR(HLOOKUP($B21,'[1]2월'!$D$6:$BN$259,3,),)/1000 -> 557.60124 | P21: =+IFERROR(HLOOKUP($B21,'[2]2월'!$F$6:$CP$99,3,),)/1000 -> 414.87225 | Q21: =+P21-O21 -> -142.72899 | R21: =+IFERROR(HLOOKUP($B21,'[3]2월'!$F$6:$CC$57,3,),)/1000 -> 576.85868 | S21: =+P21-R21 -> -161.98643 | T21: =+IFERROR(HLOOKUP($B21,'[1]2월'!$D$6:$BN$259,16,),)/1000 -> 104.6721 | U21: =+IFERROR(HLOOKUP($B21,'[2]2월'!$F$6:$CP$99,16,),)/1000 -> 57.866905 | V21: =+U21-T21 -> -46.805192 | W21: =+IFERROR(HLOOKUP($B21,'[3]2월'!$F$6:$CC$57,16,),)/1000 -> 104.45301 | X21: =+U21-W21 -> -46.586102 | Y21: =+[4]군산!$Q$85 -> 111520.25 | Z21: =+[4]군산!$R$85 -> 106486.72 | AA21: =+[5]군산!$Q$85 -> 103863.64 | AB21: =+[4]군산!$Q$89 -> 73867.306 | AC21: =+[4]군산!$R$89 -> 71564.787 | AD21: =+[5]군산!$Q$89 -> 70822.396 | AE21: =+Y21-AB21 -> 37652.942 | AF21: =+Z21-AC21 -> 34921.93 | AG21: =+AA21-AD21 -> 33041.248
B22: 원주 | G22: =+I22 -> 원주 | I22: 원주 | J22: =+IFERROR(HLOOKUP($B22,'[1]2월'!$D$6:$BN$259,2,),)/1000 -> 2 | K22: =+IFERROR(HLOOKUP($B22,'[2]2월'!$F$6:$CP$99,2,),)/1000 -> 1.228 | L22: =+K22-J22 -> -0.772 | M22: =+IFERROR(HLOOKUP($B22,'[3]2월'!$F$6:$CC$57,2,),)/1000 -> 3.4065 | N22: =+K22-M22 -> -2.1785 | O22: =+IFERROR(HLOOKUP($B22,'[1]2월'!$D$6:$BN$259,3,),)/1000 -> 224 | P22: =+IFERROR(HLOOKUP($B22,'[2]2월'!$F$6:$CP$99,3,),)/1000 -> 138.4771 | Q22: =+P22-O22 -> -85.5229 | R22: =+IFERROR(HLOOKUP($B22,'[3]2월'!$F$6:$CC$57,3,),)/1000 -> 364.3647 | S22: =+P22-R22 -> -225.8876 | T22: =+IFERROR(HLOOKUP($B22,'[1]2월'!$D$6:$BN$259,16,),)/1000 -> -12.698378 | U22: =+IFERROR(HLOOKUP($B22,'[2]2월'!$F$6:$CP$99,16,),)/1000 -> -36.517007 | V22: =+U22-T22 -> -23.818629 | W22: =+IFERROR(HLOOKUP($B22,'[3]2월'!$F$6:$CC$57,16,),)/1000 -> 36.292712 | X22: =+U22-W22 -> -72.809719 | Y22: =+[4]원주!$Q$85 -> 112000 | Z22: =+[4]원주!$R$85 -> 112766.37 | AA22: =+[5]원주!$Q$85 -> 106985.05 | AB22: =+[4]원주!$Q$89 -> 75003.432 | AC22: =+[4]원주!$R$89 -> 75882.36 | AD22: =+[5]원주!$Q$89 -> 72527.647 | AE22: =+Y22-AB22 -> 36996.568 | AF22: =+Z22-AC22 -> 36884.008 | AG22: =+AA22-AD22 -> 34457.401
B23: 제주 | G23: =+I23 -> 제주 | I23: 제주 | J23: =+IFERROR(HLOOKUP($B23,'[1]2월'!$D$6:$BN$259,2,),)/1000 -> 7 | K23: =+IFERROR(HLOOKUP($B23,'[2]2월'!$F$6:$CP$99,2,),)/1000 -> 4.678 | L23: =+K23-J23 -> -2.322 | M23: =+IFERROR(HLOOKUP($B23,'[3]2월'!$F$6:$CC$57,2,),)/1000 -> 2.3985 | N23: =+K23-M23 -> 2.2795 | O23: =+IFERROR(HLOOKUP($B23,'[1]2월'!$D$6:$BN$259,3,),)/1000 -> 859.7575 | P23: =+IFERROR(HLOOKUP($B23,'[2]2월'!$F$6:$CP$99,3,),)/1000 -> 565.73136 | Q23: =+P23-O23 -> -294.02614 | R23: =+IFERROR(HLOOKUP($B23,'[3]2월'!$F$6:$CC$57,3,),)/1000 -> 308.44243 | S23: =+P23-R23 -> 257.28894 | T23: =+IFERROR(HLOOKUP($B23,'[1]2월'!$D$6:$BN$259,16,),)/1000 -> 134.03568 | U23: =+IFERROR(HLOOKUP($B23,'[2]2월'!$F$6:$CP$99,16,),)/1000 -> 53.836508 | V23: =+U23-T23 -> -80.199177 | W23: =+IFERROR(HLOOKUP($B23,'[3]2월'!$F$6:$CC$57,16,),)/1000 -> 14.867436 | X23: =+U23-W23 -> 38.969072 | Y23: =+[4]제주!$Q$85 -> 122822.5 | Z23: =+[4]제주!$R$85 -> 120936.46 | AA23: =+[5]제주!$Q$85 -> 128598.05 | AB23: =+[4]제주!$Q$89 -> 90529.859 | AC23: =+[4]제주!$R$89 -> 89525.331 | AD23: =+[5]제주!$Q$89 -> 88785.068 | AE23: =+Y23-AB23 -> 32292.641 | AF23: =+Z23-AC23 -> 31411.133 | AG23: =+AA23-AD23 -> 39812.983
G24: =+I24 -> 수도권 | I24: 수도권 | J24: =SUM(J7:J10) -> 83 | K24: =SUM(K7:K10) -> 74.2395 | L24: =+K24-J24 -> -8.7605 | M24: =SUM(M7:M10) -> 85.559 | N24: =+K24-M24 -> -11.3195 | O24: =SUM(O7:O10) -> 8098.2048 | P24: =SUM(P7:P10) -> 7199.5675 | Q24: =+P24-O24 -> -898.63727 | R24: =SUM(R7:R10) -> 8620.3028 | S24: =+P24-R24 -> -1420.7353 | T24: =SUM(T7:T10) -> 291.53061 | U24: =SUM(U7:U10) -> 126.59635 | V24: =+U24-T24 -> -164.93426 | W24: =SUM(W7:W10) -> 664.23061 | X24: =+U24-W24 -> -537.63426 | Y24: =+[4]수도권!$Q$85 -> 97568.732 | Z24: =+[4]수도권!$R$85 -> 96965.552 | AA24: =+[5]수도권!$Q$85 -> 100756.04 | AB24: =+[4]수도권!$Q$89 -> 81841.913 | AC24: =+[4]수도권!$R$89 -> 82274.26 | AD24: =+[5]수도권!$Q$89 -> 81462.706 | AE24: =+Y24-AB24 -> 15726.819 | AF24: =+Z24-AC24 -> 14691.292 | AG24: =+AA24-AD24 -> 19293.33
G25: =+I25 -> 영남권 | I25: 영남권 | J25: =SUM(J11:J18) -> 105 | K25: =SUM(K11:K18) -> 95.894 | L25: =+K25-J25 -> -9.106 | M25: =SUM(M11:M18) -> 100.9045 | N25: =+K25-M25 -> -5.0105 | O25: =SUM(O11:O18) -> 10549.268 | P25: =SUM(P11:P18) -> 9664.1098 | Q25: =+P25-O25 -> -885.15791 | R25: =SUM(R11:R18) -> 10371.431 | S25: =+P25-R25 -> -707.32098 | T25: =SUM(T11:T18) -> 669.03148 | U25: =SUM(U11:U18) -> 519.31218 | V25: =+U25-T25 -> -149.7193 | W25: =SUM(W11:W18) -> 841.31884 | X25: =+U25-W25 -> -322.00666 | Y25: =+[4]영남권!$Q$85 -> 100469.22 | Z25: =+[4]영남권!$R$85 -> 100787.78 | AA25: =+[5]영남권!$Q$85 -> 102784.62 | AB25: =+[4]영남권!$Q$89 -> 79533.302 | AC25: =+[4]영남권!$R$89 -> 80685.912 | AD25: =+[5]영남권!$Q$89 -> 80130.48 | AE25: =+Y25-AB25 -> 20935.914 | AF25: =+Z25-AC25 -> 20101.873 | AG25: =+AA25-AD25 -> 22654.141
G26: =+I26 -> 중부권 | I26: 중부권 | J26: =SUM(J19:J23) -> 39 | K26: =SUM(K19:K23) -> 40.6455 | L26: =+K26-J26 -> 1.6455 | M26: =SUM(M19:M23) -> 31.093 | N26: =+K26-M26 -> 9.5525 | O26: =SUM(O19:O23) -> 4173.3971 | P26: =SUM(P19:P23) -> 4159.0904 | Q26: =+P26-O26 -> -14.306627 | R26: =SUM(R19:R23) -> 3229.809 | S26: =+P26-R26 -> 929.28147 | T26: =SUM(T19:T23) -> 414.56526 | U26: =SUM(U19:U23) -> 296.06412 | V26: =+U26-T26 -> -118.50114 | W26: =SUM(W19:W23) -> 191.35026 | X26: =+U26-W26 -> 104.71386 | Y26: =+[4]중부권!$Q$85 -> 107010.18 | Z26: =+[4]중부권!$R$85 -> 102295.48 | AA26: =+[5]중부권!$Q$85 -> 103875.43 | AB26: =+[4]중부권!$Q$89 -> 79493.724 | AC26: =+[4]중부권!$R$89 -> 79762.985 | AD26: =+[5]중부권!$Q$89 -> 77415.679 | AE26: =+Y26-AB26 -> 27516.457 | AF26: =+Z26-AC26 -> 22532.494 | AG26: =+AA26-AD26 -> 26459.748
G27: =+K27/J27 -> 0.92854185 | H27: 레미콘 계 | J27: =SUM(J24:J26) -> 227 | K27: =SUM(K24:K26) -> 210.779 | L27: =+K27-J27 -> -16.221 | M27: =SUM(M24:M26) -> 217.5565 | N27: =+K27-M27 -> -6.7775 | O27: =SUM(O24:O26) -> 22820.87 | P27: =SUM(P24:P26) -> 21022.768 | Q27: =+P27-O27 -> -1798.1018 | R27: =SUM(R24:R26) -> 22221.543 | S27: =+P27-R27 -> -1198.7749 | T27: =SUM(T24:T26) -> 1375.1273 | U27: =SUM(U24:U26) -> 941.97265 | V27: =+U27-T27 -> -433.15469 | W27: =SUM(W24:W26) -> 1696.8997 | X27: =+U27-W27 -> -754.92706 | Y27: =+[4]합계!$Q$85 -> 100532.46 | Z27: =+[4]합계!$R$85 -> 99735.994 | AA27: =+[5]합계!$Q$85 -> 102142.73 | AB27: =+[4]합계!$Q$89 -> 80370.62 | AC27: =+[4]합계!$R$89 -> 81063.082 | AD27: =+[5]합계!$Q$89 -> 80266.474 | AE27: =+Y27-AB27 -> 20161.845 | AF27: =+Z27-AC27 -> 18672.912 | AG27: =+AA27-AD27 -> 21876.256
B28: 건자재 | E28: 건자재영업 | G28: 건자재 | H28: 건자재 | J28: =+IFERROR(HLOOKUP($B28,'[1]2월'!$D$6:$BN$259,2,),) -> 10200 | K28: =+IFERROR(HLOOKUP($E28,'[2]2월'!$F$6:$CP$99,2,),) -> 9724.523 | L28: =+K28-J28 -> -475.477 | M28: =+IFERROR(HLOOKUP($E28,'[3]2월'!$F$6:$CC$57,2,),) -> 6645.402 | N28: =+K28-M28 -> 3079.121 | O28: =+IFERROR(HLOOKUP($B28,'[1]2월'!$D$6:$BN$259,3,),)/1000 -> 11165.946 | P28: =+IFERROR(HLOOKUP($E28,'[2]2월'!$F$6:$CP$99,3,),)/1000 -> 8276.9951 | Q28: =+P28-O28 -> -2888.9504 | R28: =+IFERROR(HLOOKUP($E28,'[3]2월'!$F$6:$CC$57,3,),)/1000 -> 6765.658 | S28: =+P28-R28 -> 1511.3371 | T28: =+IFERROR(HLOOKUP($B28,'[1]2월'!$D$6:$BN$259,16,),)/1000 -> 171.62076 | U28: =+IFERROR(HLOOKUP($E28,'[2]2월'!$F$6:$CP$99,16,),)/1000 -> 10.861713 | V28: =+U28-T28 -> -160.75904 | W28: =+IFERROR(HLOOKUP($E28,'[3]2월'!$F$6:$CC$57,16,),)/1000 -> 41.844679 | X28: =+U28-W28 -> -30.982966 | Y28: ■ 비고
B29: 부산모래장 | C29: 부산골재 | G29: =+I29 -> 부산모래장 | H29: 골재 | I29: 부산모래장 | J29: =+IFERROR(HLOOKUP($B29,'[1]2월'!$D$6:$BN$259,2,),)/1000 -> 16.714188 | K29: =+IFERROR(HLOOKUP($C29,'[2]2월'!$F$6:$CP$99,2,),)/1000 -> 24.573 | L29: =+K29-J29 -> 7.8588118 | M29: =+IFERROR(HLOOKUP($C29,'[3]2월'!$F$6:$CC$57,2,),)/1000 -> 18.623 | N29: =+K29-M29 -> 5.95 | O29: =+IFERROR(HLOOKUP($B29,'[1]2월'!$D$6:$BN$259,3,),)/1000 -> 677.0087 | P29: =+IFERROR(HLOOKUP($C29,'[2]2월'!$F$6:$CP$99,3,),)/1000 -> 679.8605 | Q29: =+P29-O29 -> 2.8517957 | R29: =+IFERROR(HLOOKUP($C29,'[3]2월'!$F$6:$CC$57,3,),)/1000 -> 535.572 | S29: =+P29-R29 -> 144.2885 | T29: =+IFERROR(HLOOKUP($B29,'[1]2월'!$D$6:$BN$259,21,),)/1000 -> 206.49877 | U29: =+IFERROR(HLOOKUP($C29,'[2]2월'!$F$6:$CP$99,21,),)/1000 -> 5.3680995 | V29: =+U29-T29 -> -201.13067 | W29: =+IFERROR(HLOOKUP($C29,'[3]2월'!$F$6:$CC$57,21,),)/1000 -> 33.694013 | X29: =+U29-W29 -> -28.325913
B30: 서부산크라샤 | C30: 서부산골재 | G30: =+I30 -> 서부산CR | I30: 서부산CR | J30: =+IFERROR(HLOOKUP($B30,'[1]2월'!$D$6:$BN$259,2,),)/1000 -> 45.69766 | K30: =+IFERROR(HLOOKUP($C30,'[2]2월'!$F$6:$CP$99,2,),)/1000 -> 12.95 | L30: =+K30-J30 -> -32.74766 | M30: =+IFERROR(HLOOKUP($C30,'[3]2월'!$F$6:$CC$57,2,),)/1000 -> 23.046 | N30: =+K30-M30 -> -10.096 | O30: =+IFERROR(HLOOKUP($B30,'[1]2월'!$D$6:$BN$259,3,),)/1000 -> 664.49243 | P30: =+IFERROR(HLOOKUP($C30,'[2]2월'!$F$6:$CP$99,3,),)/1000 -> 179.002 | Q30: =+P30-O30 -> -485.49043 | R30: =+IFERROR(HLOOKUP($C30,'[3]2월'!$F$6:$CC$57,3,),)/1000 -> 318.718 | S30: =+P30-R30 -> -139.716 | T30: =+IFERROR(HLOOKUP($B30,'[1]2월'!$D$6:$BN$259,21,),)/1000 -> 98.380765 | U30: =+IFERROR(HLOOKUP($C30,'[2]2월'!$F$6:$CP$99,21,),)/1000 -> 2.8212828 | V30: =+U30-T30 -> -95.559482 | W30: =+IFERROR(HLOOKUP($C30,'[3]2월'!$F$6:$CC$57,21,),)/1000 -> 37.250623 | X30: =+U30-W30 -> -34.42934
B31: 부산크라샤 | C31: 부산크라샤 | G31: =+I31 -> 부산CR | I31: 부산CR | J31: =+IFERROR(HLOOKUP($B31,'[1]2월'!$D$6:$BN$259,2,),)/1000 -> 11.960347 | K31: =+IFERROR(HLOOKUP($C31,'[2]2월'!$F$6:$CP$99,2,),)/1000 -> 20.414 | L31: =+K31-J31 -> 8.4536532 | M31: =+IFERROR(HLOOKUP($C31,'[3]2월'!$F$6:$CC$57,2,),)/1000 -> 23.603 | N31: =+K31-M31 -> -3.189 | O31: =+IFERROR(HLOOKUP($B31,'[1]2월'!$D$6:$BN$259,3,),)/1000 -> 253.38819 | P31: =+IFERROR(HLOOKUP($C31,'[2]2월'!$F$6:$CP$99,3,),)/1000 -> 383.721 | Q31: =+P31-O31 -> 130.33281 | R31: =+IFERROR(HLOOKUP($C31,'[3]2월'!$F$6:$CC$57,3,),)/1000 -> 442.7965 | S31: =+P31-R31 -> -59.0755 | T31: =+IFERROR(HLOOKUP($B31,'[1]2월'!$D$6:$BN$259,21,),)/1000 -> -30.784903 | U31: =+IFERROR(HLOOKUP($C31,'[2]2월'!$F$6:$CP$99,21,),)/1000 -> -106.33152 | V31: =+U31-T31 -> -75.546615 | W31: =+IFERROR(HLOOKUP($C31,'[3]2월'!$F$6:$CC$57,21,),)/1000 -> 8.2347302 | X31: =+U31-W31 -> -114.56625
H32: 골재 계 | J32: =SUM(J29:J31) -> 74.372195 | K32: =SUM(K29:K31) -> 57.937 | L32: =+K32-J32 -> -16.435195 | M32: =SUM(M29:M31) -> 65.272 | N32: =+K32-M32 -> -7.335 | O32: =SUM(O29:O31) -> 1594.8893 | P32: =SUM(P29:P31) -> 1242.5835 | Q32: =+P32-O32 -> -352.30582 | R32: =SUM(R29:R31) -> 1297.0865 | S32: =+P32-R32 -> -54.503 | T32: =SUM(T29:T31) -> 274.09463 | U32: =SUM(U29:U31) -> -98.142135 | V32: =+U32-T32 -> -372.23676 | W32: =SUM(W29:W31) -> 79.179365 | X32: =+U32-W32 -> -177.3215
B33: 포항임대 | C33: 속초임대 | D33: 강릉임대 | E33: 레미콘임대 계 | G33: =+I33 -> 레미콘임대 | H33: 기타 | I33: 레미콘임대 | L33: =+K33-J33 -> 0 | N33: =+K33-M33 -> 0 | O33: =(IFERROR(HLOOKUP($B33,'[1]2월'!$D$6:$BN$259,3,),)++IFERROR(HLOOKUP($C33,'[1]2월'!$D$6:$BN$259,3,),)+IFERROR(HLOOKUP($D33,'[1]2월'!$D$6:$BN$259,3,),))/1000 -> 90.84 | P33: =+IFERROR(HLOOKUP($E33,'[2]2월'!$F$6:$CP$99,3,),)/1000 -> 90.84 | Q33: =+P33-O33 -> 0 | R33: =+IFERROR(HLOOKUP($E33,'[3]2월'!$F$6:$CC$57,3,),)/1000 -> 90.84 | S33: =+P33-R33 -> 0 | T33: =(IFERROR(HLOOKUP($B33,'[1]2월'!$D$6:$BN$259,21,),)++IFERROR(HLOOKUP($C33,'[1]2월'!$D$6:$BN$259,21,),)+IFERROR(HLOOKUP($D33,'[1]2월'!$D$6:$BN$259,21,),))/1000 -> 72.523221 | U33: =+IFERROR(HLOOKUP($E33,'[2]2월'!$F$6:$CP$99,16,),)/1000 -> 72.530954 | V33: =+U33-T33 -> 0.007733 | W33: =+IFERROR(HLOOKUP($E33,'[3]2월'!$F$6:$CC$57,16,),)/1000 -> 71.965353 | X33: =+U33-W33 -> 0.565601
B34: 부동산임대 | C34: 주유소임대 | E34: 임대 계 | G34: =+I34 -> 임대 | I34: 임대 | L34: =+K34-J34 -> 0 | M34: 0 | N34: =+K34-M34 -> 0 | O34: =(+IFERROR(HLOOKUP($B34,'[1]2월'!$D$6:$BN$259,3,),)+IFERROR(HLOOKUP($C34,'[1]2월'!$D$6:$BN$259,3,),))/1000 -> 74.0915 | P34: =+IFERROR(HLOOKUP($E34,'[2]2월'!$F$6:$CP$99,3,),)/1000 -> 71.999518 | Q34: =+P34-O34 -> -2.091982 | R34: =+IFERROR(HLOOKUP($E34,'[3]2월'!$F$6:$CC$57,3,),)/1000 -> 71.982759 | S34: =+P34-R34 -> 0.016759 | T34: =(+IFERROR(HLOOKUP($B34,'[1]2월'!$D$6:$BN$259,21,),)+IFERROR(HLOOKUP($C34,'[1]2월'!$D$6:$BN$259,21,),))/1000 -> 63.964 | U34: =+IFERROR(HLOOKUP($E34,'[2]2월'!$F$6:$CP$99,16,),)/1000 -> 61.899625 | V34: =+U34-T34 -> -2.064375 | W34: =+IFERROR(HLOOKUP($E34,'[3]2월'!$F$6:$CC$57,16,),)/1000 -> 61.893705 | X34: =+U34-W34 -> 0.00592
B35: 공 통 비 | G35: =+I35 -> 공통비 | I35: 공통비 | L35: =+K35-J35 -> 0 | N35: =+K35-M35 -> 0 | Q35: =+P35-O35 -> 0 | S35: =+P35-R35 -> 0 | T35: =-'[1]2월'!$Z$22/1000 -> -1202.7748 | U35: =+-'[2]2월'!$Z$22/1000 -> -1276.8971 | V35: =+U35-T35 -> -74.122279 | W35: =+-'[3]2월'!$Z$22/1000 -> -1053.317 | X35: =+U35-W35 -> -223.58013
G36: =+I36 -> OPC 소급분 | I36: OPC 소급분 | N36: =+K36-M36 -> 0 | Q36: =+P36-O36 -> 0 | S36: =+P36-R36 -> 0 | T36: =+'[1]2월'!$AS$26/1000 -> 0 | U36: ='[2]2월'!$BD$26/1000 -> 0 | V36: =+U36-T36 -> 0 | W36: =-'[3]2월'!$BD$26/1000 -> 0 | X36: =+U36-W36 -> 0
G37: =+I37 -> 대손 | I37: 대손 | N37: =+K37-M37 -> 0 | Q37: =+P37-O37 -> 0 | S37: =+P37-R37 -> 0 | U37: ='[2]2월'!$BE$26/1000 -> 0 | V37: =+U37-T37 -> 0 | W37: ='[3]2월'!$BE$26/1000 -> 310.72653 | X37: =+U37-W37 -> -310.72653
G38: =+I38 -> 미운영 공장 | I38: 미운영 공장 | M38: =SUM(M54:M59) -> 0 | N38: =+K38-M38 -> 0 | Q38: =+P38-O38 -> 0 | R38: =+IFERROR(HLOOKUP($I$38,'[3]2월'!$F$6:$BJ$50,3,),)/1000 -> 0 | S38: =+P38-R38 -> 0 | T38: =SUM('[1]2월'!$AM$26:$AQ$26)/1000 -> -32.504496 | U38: =+'[2]2월'!$BF$26/1000 -> -31.585609 | V38: =+U38-T38 -> 0.918887 | W38: =+'[3]2월'!$BF$26/1000 -> -35.452237 | X38: =+U38-W38 -> 3.866628
B39: 기타 계 | G39: =+I39 -> 퇴직금 | I39: 퇴직금 | U39: =+'[2]2월'!$BG$26/1000 -> 0 | V39: =+U39-T39 -> 0 | X39: =+U39-W39 -> 0
G40: =+I40 -> 기타 | I40: 기타 | L40: =+K40-J40 -> 0 | N40: =+K40-M40 -> 0 | O40: =IFERROR(HLOOKUP($B39,'[1]2월'!$D$6:$BN$259,3,),)/1000 -> 1.77 | P40: =+('[2]2월'!$F$8-SUM('[2]2월'!$Z$8,'[2]2월'!$AH$8,'[2]2월'!$AN$8,'[2]2월'!$AO$8,'[2]2월'!$BA$8,'[2]2월'!$BD$8,'[2]2월'!$BE$8,'[2]2월'!$BF$8))/1000 -> 1.67985 | Q40: =+P40-O40 -> -0.09015 | R40: =+('[3]2월'!$F$8-SUM('[3]2월'!$Z$8,'[3]2월'!$AH$8,'[3]2월'!$AN$8,'[3]2월'!$AO$8,'[3]2월'!$BA$8,'[3]2월'!$BD$8,'[3]2월'!$BE$8,'[3]2월'!$BF$8))/1000 -> 1.7024 | S40: =+P40-R40 -> -0.02255 | T40: =+('[1]2월'!$E$26-'[1]2월'!$Z$26-'[1]2월'!$AA$26-'[1]2월'!$AE$26-'[1]2월'!$AL$26-'[1]2월'!$AM$26-'[1]2월'!$AN$26-'[1]2월'!$AO$26-'[1]2월'!$AP$26-'[1]2월'!$AQ$26-'[1]2월'!$AS$26)/1000 -> -16.802745 | U40: =+('[2]2월'!$F$26-SUM('[2]2월'!$Z$26,'[2]2월'!$AH$26,'[2]2월'!$AN$26,'[2]2월'!$AO$26,'[2]2월'!$BA$26,'[2]2월'!$BD$26,'[2]2월'!$BE$26,'[2]2월'!$BF$26))/1000-U39 -> -16.01009 | V40: =+U40-T40 -> 0.792655 | W40: =+('[3]2월'!$F$26-SUM('[3]2월'!$Z$26,'[3]2월'!$AH$26,'[3]2월'!$AN$26,'[3]2월'!$AO$26,'[3]2월'!$BA$26,'[3]2월'!$BD$26,'[3]2월'!$BE$26,'[3]2월'!$BF$26))/1000 -> -14.483713 | X40: =+U40-W40 -> -1.526377
H41: 기타 계 | J41: =SUM(J33:J40) -> 0 | K41: =SUM(K33:K40) -> 0 | L41: =+K41-J41 -> 0 | M41: =SUM(M33:M40) -> 0 | N41: =+K41-M41 -> 0 | O41: =SUM(O33:O40) -> 166.7015 | P41: =SUM(P33:P40) -> 164.51937 | Q41: =+P41-O41 -> -2.182132 | R41: =SUM(R33:R40) -> 164.52516 | S41: =+P41-R41 -> -0.005791 | T41: =SUM(T33:T40) -> -1115.5948 | U41: =SUM(U33:U40) -> -1190.0622 | V41: =+U41-T41 -> -74.467379 | W41: =SUM(W33:W40) -> -658.66734 | X41: =+U41-W41 -> -531.39489
U42: 19 | V42: 12.4
G43: =+P43/O43 -> 0.85897161 | H43: 합계 | O43: =+O27+O32+O28+O41 -> 35748.406 | P43: =+P27+P32+P28+P41 -> 30706.866 | Q43: =+P43-O43 -> -5041.5402 | R43: =+R27+R32+R28+R41 -> 30448.812 | S43: =+P43-R43 -> 258.0535 | T43: =+T27+T32+T28+T41 -> 705.24788 | U43: =+U27+U32+U28+U41 -> -335.37 | V43: =+U43-T43 -> -1040.6179 | W43: =+W27+W32+W28+W41 -> 1159.2564 | X43: =+U43-W43 -> -1494.6264
G44: =+U43/T43 -> -0.47553492 | P44: =+P43/O43 -> 0.85897161 | T44: =+T43/O43 -> 0.019728093 | U44: =+U43/P43 -> -0.010921662
I46: 확인 | J46: =+'[1]2월'!$Z$7/1000 -> 227 | K46: =+'[2]2월'!$AI$7/1000 -> 210.779 | M46: =+'[3]2월'!$Z$7/1000 -> 217.5565 | O46: =+'[1]2월'!$E$8/1000 -> 35748.406 | P46: =+'[2]2월'!$F$8/1000 -> 30706.866 | R46: =+'[3]2월'!$F$8/1000 -> 30448.812 | T46: =+'[1]2월'!$E$26/1000 -> 705.24788 | U46: =+'[2]2월'!$F$26/1000 -> -335.37 | W46: =+'[3]2월'!$F$26/1000 -> 1159.2564
J47: =+J46-J27 -> 0 | K47: =+K46-K27 -> 0 | M47: =+M46-M27 -> 0 | O47: =+O46-O43 -> 0 | P47: =+P46-P43 -> 0 | R47: =+R46-R43 -> 0 | T47: =+T46-T43 -> 2.8421709e-12 | U47: =+U46-U43 -> 0 | W47: =+W46-W43 -> 0
S50: 레미콘 | T50: =(+T27+T35)/100 -> 1.7235252 | U50: =(+U27+U35)/100 -> -3.3492445 | V50: =+U50-T50 -> -5.0727697 | W50: =+U50/T50-1 -> -2.9432525
S51: 건자재 | T51: =+T28/100 -> 1.7162076 | U51: =+U28/100 -> 0.10861713 | V51: =+U51-T51 -> -1.6075904 | Y51: - OPC 소급분 : 삼표 2.5억(총 9.9억 中 1회차) → 8~2월 총 4회 소급예정
S52: 골재 | T52: =+T32/100 -> 2.7409463 | U52: =+U32/100 -> -0.98142135 | V52: =+U52-T52 -> -3.7223676
S53: 임대 | T53: =(T33+T34)/100 -> 1.3648722 | U53: =(U33+U34)/100 -> 1.3443058 | V53: =+U53-T53 -> -0.02056642
S54: 기타 | T54: =(T46/100)-T50-T51-T52-T53 -> -0.49307241 | U54: =(U46/100)-U50-U51-U52-U53 -> -0.47595699 | V54: =+U54-T54 -> 0.01711542
T55: =SUM(T53:T54) -> 0.8717998 | U55: =SUM(U53:U54) -> 0.8683488 | V55: =SUM(V53:V54) -> -0.003451
T56: =SUM(T50:T54) -> 7.0524788 | U56: =SUM(U50:U54) -> -3.3537 | V56: =+U56-T56 -> -10.406179
S58: 임대 | T58: =+(T33+T34)/100 -> 1.3648722 | U58: =+(U33+U34)/100 -> 1.3443058 | V58: =+U58-T58 -> -0.02056642
S59: =+I36 -> OPC 소급분 | T59: =+T36/100 -> 0 | U59: =+U36/100 -> 0 | V59: =+U59-T59 -> 0
S60: =+I37 -> 대손 | T60: =+T37/100 -> 0 | U60: =+U37/100 -> 0 | V60: =+U60-T60 -> 0
S61: =+I38 -> 미운영 공장 | T61: =+T38/100 -> -0.32504496 | U61: =+U38/100 -> -0.31585609 | V61: =+U61-T61 -> 0.00918887
S62: =+I40 -> 기타 | T62: =+T40/100 -> -0.16802745 | U62: =+U40/100 -> -0.1601009 | V62: =+U62-T62 -> 0.00792655
T63: =SUM(T58:T62) -> 0.8717998 | U63: =SUM(U58:U62) -> 0.8683488 | V63: =SUM(V58:V62) -> -0.003451

Sheet 사업장별(누계)
H3: □ 사업장별 손익실적(2025-02누계)
AG4: [단위 : 천㎥, 톤, 백만원]
H5: 구분 | J5: 물량 | O5: 매출 | T5: 영업이익(공통비 배부전) | Y5: 판매단가 | AB5: 변동비 | AE5: 공헌이익
A6: 2024년 2월누계 마감 손익 | J6: 계획 | K6: 실적 | L6: 차이 | M6: 전년 | N6: 차이 | O6: 계획 | P6: 실적 | Q6: 차이 | R6: 전년 | S6: 차이 | T6: 계획 | U6: 실적 | V6: 차이 | W6: 전년 | X6: 차이 | Y6: 계획 | Z6: 실적 | AA6: 전년 | AB6: 계획 | AC6: 실적 | AD6: 전년 | AE6: 계획 | AF6: 실적 | AG6: 전년
B7: 안양 | G7: =+I7 -> 안양 | H7: 레미콘 | I7: 안양 | J7: =+IFERROR(HLOOKUP($B7,'[1]2월누계'!$D$6:$BN$259,2,),)/1000 -> 62 | K7: =+IFERROR(HLOOKUP($B7,'[2]2월누계'!$F$6:$CP$99,2,),)/1000 -> 62.102 | L7: =+K7-J7 -> 0.102 | M7: =+IFERROR(HLOOKUP($B7,'[3]2월누계'!$F$6:$CC$57,2,),)/1000 -> 83.473 | N7: =+K7-M7 -> -21.371 | O7: =+IFERROR(HLOOKUP($B7,'[1]2월누계'!$D$6:$BN$259,3,),)/1000 -> 6098.348 | P7: =+IFERROR(HLOOKUP($B7,'[2]2월누계'!$F$6:$CP$99,3,),)/1000 -> 6088.3026 | Q7: =+P7-O7 -> -10.045462 | R7: =+IFERROR(HLOOKUP($B7,'[3]2월누계'!$F$6:$CC$57,3,),)/1000 -> 8145.4069 | S7: =+P7-R7 -> -2057.1043 | T7: =+IFERROR(HLOOKUP($B7,'[1]2월누계'!$D$6:$BN$259,16,),)/1000 -> 325.93432 | U7: =+IFERROR(HLOOKUP($B7,'[2]2월누계'!$F$6:$CP$99,16,),)/1000 -> 353.64214 | V7: =+U7-T7 -> 27.707821 | W7: =+IFERROR(HLOOKUP($B7,'[3]2월누계'!$F$6:$CC$57,16,),)/1000 -> 788.53204 | X7: =+U7-W7 -> -434.8899 | Y7: =+[8]안양!$Q$85 -> 98219.131 | Z7: =+[8]안양!$R$85 -> 98025.663 | AA7: =+[9]안양!$Q$85 -> 97581.336 | AB7: =+[8]안양!$Q$89 -> 82566.624 | AC7: =+[8]안양!$R$89 -> 82531.062 | AD7: =+[9]안양!$Q$89 -> 80540.048 | AE7: =+Y7-AB7 -> 15652.507 | AF7: =+Z7-AC7 -> 15494.601 | AG7: =+AA7-AD7 -> 17041.289
B8: 인천 | G8: =+I8 -> 인천 | H8: 직영 | I8: 인천 | J8: =+IFERROR(HLOOKUP($B8,'[1]2월누계'!$D$6:$BN$259,2,),)/1000 -> 50 | K8: =+IFERROR(HLOOKUP($B8,'[2]2월누계'!$F$6:$CP$99,2,),)/1000 -> 37.389 | L8: =+K8-J8 -> -12.611 | M8: =+IFERROR(HLOOKUP($B8,'[3]2월누계'!$F$6:$CC$57,2,),)/1000 -> 51.84 | N8: =+K8-M8 -> -14.451 | O8: =+IFERROR(HLOOKUP($B8,'[1]2월누계'!$D$6:$BN$259,3,),)/1000 -> 4877.1862 | P8: =+IFERROR(HLOOKUP($B8,'[2]2월누계'!$F$6:$CP$99,3,),)/1000 -> 3697.3737 | Q8: =+P8-O8 -> -1179.8125 | R8: =+IFERROR(HLOOKUP($B8,'[3]2월누계'!$F$6:$CC$57,3,),)/1000 -> 5123.5698 | S8: =+P8-R8 -> -1426.1961 | T8: =+IFERROR(HLOOKUP($B8,'[1]2월누계'!$D$6:$BN$259,16,),)/1000 -> 88.87654 | U8: =+IFERROR(HLOOKUP($B8,'[2]2월누계'!$F$6:$CP$99,16,),)/1000 -> -176.5301 | V8: =+U8-T8 -> -265.40664 | W8: =+IFERROR(HLOOKUP($B8,'[3]2월누계'!$F$6:$CC$57,16,),)/1000 -> 240.8827 | X8: =+U8-W8 -> -417.41281 | Y8: =+[8]인천!$Q$85 -> 97359.535 | Z8: =+[8]인천!$R$85 -> 98889.345 | AA8: =+[9]인천!$Q$85 -> 98834.295 | AB8: =+[8]인천!$Q$89 -> 83665.025 | AC8: =+[8]인천!$R$89 -> 87267.4 | AD8: =+[9]인천!$Q$89 -> 83169.154 | AE8: =+Y8-AB8 -> 13694.51 | AF8: =+Z8-AC8 -> 11621.945 | AG8: =+AA8-AD8 -> 15665.141
B9: 파주 | G9: =+I9 -> 파주 | I9: 파주 | J9: =+IFERROR(HLOOKUP($B9,'[1]2월누계'!$D$6:$BN$259,2,),)/1000 -> 30 | K9: =+IFERROR(HLOOKUP($B9,'[2]2월누계'!$F$6:$CP$99,2,),)/1000 -> 18.888 | L9: =+K9-J9 -> -11.112 | M9: =+IFERROR(HLOOKUP($B9,'[3]2월누계'!$F$6:$CC$57,2,),)/1000 -> 41.352 | N9: =+K9-M9 -> -22.464 | O9: =+IFERROR(HLOOKUP($B9,'[1]2월누계'!$D$6:$BN$259,3,),)/1000 -> 2893.6265 | P9: =+IFERROR(HLOOKUP($B9,'[2]2월누계'!$F$6:$CP$99,3,),)/1000 -> 1818.6236 | Q9: =+P9-O9 -> -1075.0029 | R9: =+IFERROR(HLOOKUP($B9,'[3]2월누계'!$F$6:$CC$57,3,),)/1000 -> 4220.6218 | S9: =+P9-R9 -> -2401.9982 | T9: =+IFERROR(HLOOKUP($B9,'[1]2월누계'!$D$6:$BN$259,16,),)/1000 -> 9.1280336 | U9: =+IFERROR(HLOOKUP($B9,'[2]2월누계'!$F$6:$CP$99,16,),)/1000 -> -149.28401 | V9: =+U9-T9 -> -158.41205 | W9: =+IFERROR(HLOOKUP($B9,'[3]2월누계'!$F$6:$CC$57,16,),)/1000 -> 241.86419 | X9: =+U9-W9 -> -391.14821 | Y9: =+[8]파주!$Q$85 -> 96266.346 | Z9: =+[8]파주!$R$85 -> 96284.604 | AA9: =+[9]파주!$Q$85 -> 102073.71 | AB9: =+[8]파주!$Q$89 -> 79356.82 | AC9: =+[8]파주!$R$89 -> 80397.388 | AD9: =+[9]파주!$Q$89 -> 84198.573 | AE9: =+Y9-AB9 -> 16909.526 | AF9: =+Z9-AC9 -> 15887.216 | AG9: =+AA9-AD9 -> 17875.138
B10: 김포 | G10: =+I10 -> 김포 | I10: 김포 | J10: =+IFERROR(HLOOKUP($B10,'[1]2월누계'!$D$6:$BN$259,2,),)/1000 -> 17 | K10: =+IFERROR(HLOOKUP($B10,'[2]2월누계'!$F$6:$CP$99,2,),)/1000 -> 12.789 | L10: =+K10-J10 -> -4.211 | M10: =+IFERROR(HLOOKUP($B10,'[3]2월누계'!$F$6:$CC$57,2,),)/1000 -> 11.158 | N10: =+K10-M10 -> 1.631 | O10: =+IFERROR(HLOOKUP($B10,'[1]2월누계'!$D$6:$BN$259,3,),)/1000 -> 1638.0249 | P10: =+IFERROR(HLOOKUP($B10,'[2]2월누계'!$F$6:$CP$99,3,),)/1000 -> 1231.197 | Q10: =+P10-O10 -> -406.82793 | R10: =+IFERROR(HLOOKUP($B10,'[3]2월누계'!$F$6:$CC$57,3,),)/1000 -> 1056.885 | S10: =+P10-R10 -> 174.31201 | T10: =+IFERROR(HLOOKUP($B10,'[1]2월누계'!$D$6:$BN$259,16,),)/1000 -> -7.6073115 | U10: =+IFERROR(HLOOKUP($B10,'[2]2월누계'!$F$6:$CP$99,16,),)/1000 -> -154.20578 | V10: =+U10-T10 -> -146.59846 | W10: =+IFERROR(HLOOKUP($B10,'[3]2월누계'!$F$6:$CC$57,16,),)/1000 -> -120.97256 | X10: =+U10-W10 -> -33.233214 | Y10: =+[8]김포!$Q$85 -> 97241.4 | Z10: =+[8]김포!$R$85 -> 96287.157 | AA10: =+[9]김포!$Q$85 -> 94719.931 | AB10: =+[8]김포!$Q$89 -> 77127.928 | AC10: =+[8]김포!$R$89 -> 82811.251 | AD10: =+[9]김포!$Q$89 -> 78222.841 | AE10: =+Y10-AB10 -> 20113.472 | AF10: =+Z10-AC10 -> 13475.905 | AG10: =+AA10-AD10 -> 16497.091
B11: 부산 | G11: =+I11 -> 부산 | I11: 부산 | J11: =+IFERROR(HLOOKUP($B11,'[1]2월누계'!$D$6:$BN$259,2,),)/1000 -> 36 | K11: =+IFERROR(HLOOKUP($B11,'[2]2월누계'!$F$6:$CP$99,2,),)/1000 -> 30.628 | L11: =+K11-J11 -> -5.372 | M11: =+IFERROR(HLOOKUP($B11,'[3]2월누계'!$F$6:$CC$57,2,),)/1000 -> 40.465 | N11: =+K11-M11 -> -9.837 | O11: =+IFERROR(HLOOKUP($B11,'[1]2월누계'!$D$6:$BN$259,3,),)/1000 -> 3877.2024 | P11: =+IFERROR(HLOOKUP($B11,'[2]2월누계'!$F$6:$CP$99,3,),)/1000 -> 3240.3391 | Q11: =+P11-O11 -> -636.86335 | R11: =+IFERROR(HLOOKUP($B11,'[3]2월누계'!$F$6:$CC$57,3,),)/1000 -> 4393.8048 | S11: =+P11-R11 -> -1153.4657 | T11: =+IFERROR(HLOOKUP($B11,'[1]2월누계'!$D$6:$BN$259,16,),)/1000 -> 263.60494 | U11: =+IFERROR(HLOOKUP($B11,'[2]2월누계'!$F$6:$CP$99,16,),)/1000 -> 160.24382 | V11: =+U11-T11 -> -103.36113 | W11: =+IFERROR(HLOOKUP($B11,'[3]2월누계'!$F$6:$CC$57,16,),)/1000 -> 500.25937 | X11: =+U11-W11 -> -340.01556 | Y11: =+[8]부산!$Q$85 -> 107700.25 | Z11: =+[8]부산!$R$85 -> 105796.63 | AA11: =+[9]부산!$Q$85 -> 108582.84 | AB11: =+[8]부산!$Q$89 -> 84823.952 | AC11: =+[8]부산!$R$89 -> 84537.426 | AD11: =+[9]부산!$Q$89 -> 84409.345 | AE11: =+Y11-AB11 -> 22876.301 | AF11: =+Z11-AC11 -> 21259.201 | AG11: =+AA11-AD11 -> 24173.498
B12: 서부산 | G12: =+I12 -> 서부산 | I12: 서부산 | J12: =+IFERROR(HLOOKUP($B12,'[1]2월누계'!$D$6:$BN$259,2,),)/1000 -> 34 | K12: =+IFERROR(HLOOKUP($B12,'[2]2월누계'!$F$6:$CP$99,2,),)/1000 -> 30.296 | L12: =+K12-J12 -> -3.704 | M12: =+IFERROR(HLOOKUP($B12,'[3]2월누계'!$F$6:$CC$57,2,),)/1000 -> 40.751 | N12: =+K12-M12 -> -10.455 | O12: =+IFERROR(HLOOKUP($B12,'[1]2월누계'!$D$6:$BN$259,3,),)/1000 -> 3376.2099 | P12: =+IFERROR(HLOOKUP($B12,'[2]2월누계'!$F$6:$CP$99,3,),)/1000 -> 2920.6094 | Q12: =+P12-O12 -> -455.60053 | R12: =+IFERROR(HLOOKUP($B12,'[3]2월누계'!$F$6:$CC$57,3,),)/1000 -> 4067.8206 | S12: =+P12-R12 -> -1147.2112 | T12: =+IFERROR(HLOOKUP($B12,'[1]2월누계'!$D$6:$BN$259,16,),)/1000 -> 209.09506 | U12: =+IFERROR(HLOOKUP($B12,'[2]2월누계'!$F$6:$CP$99,16,),)/1000 -> 112.66153 | V12: =+U12-T12 -> -96.433529 | W12: =+IFERROR(HLOOKUP($B12,'[3]2월누계'!$F$6:$CC$57,16,),)/1000 -> 316.896 | X12: =+U12-W12 -> -204.23447 | Y12: =+[8]서부산!$Q$85 -> 99300.169 | Z12: =+[8]서부산!$R$85 -> 96402.476 | AA12: =+[9]서부산!$Q$85 -> 99821.369 | AB12: =+[8]서부산!$Q$89 -> 78874.154 | AC12: =+[8]서부산!$R$89 -> 77993.925 | AD12: =+[9]서부산!$Q$89 -> 80640.022 | AE12: =+Y12-AB12 -> 20426.015 | AF12: =+Z12-AC12 -> 18408.55 | AG12: =+AA12-AD12 -> 19181.347
B13: 김해 | G13: =+I13 -> 김해 | I13: 김해 | J13: =+IFERROR(HLOOKUP($B13,'[1]2월누계'!$D$6:$BN$259,2,),)/1000 -> 24 | K13: =+IFERROR(HLOOKUP($B13,'[2]2월누계'!$F$6:$CP$99,2,),)/1000 -> 9.797 | L13: =+K13-J13 -> -14.203 | M13: =+IFERROR(HLOOKUP($B13,'[3]2월누계'!$F$6:$CC$57,2,),)/1000 -> 20.978 | N13: =+K13-M13 -> -11.181 | O13: =+IFERROR(HLOOKUP($B13,'[1]2월누계'!$D$6:$BN$259,3,),)/1000 -> 2311.2066 | P13: =+IFERROR(HLOOKUP($B13,'[2]2월누계'!$F$6:$CP$99,3,),)/1000 -> 946.1099 | Q13: =+P13-O13 -> -1365.0967 | R13: =+IFERROR(HLOOKUP($B13,'[3]2월누계'!$F$6:$CC$57,3,),)/1000 -> 2115.8959 | S13: =+P13-R13 -> -1169.786 | T13: =+IFERROR(HLOOKUP($B13,'[1]2월누계'!$D$6:$BN$259,16,),)/1000 -> 142.75029 | U13: =+IFERROR(HLOOKUP($B13,'[2]2월누계'!$F$6:$CP$99,16,),)/1000 -> -137.97555 | V13: =+U13-T13 -> -280.72584 | W13: =+IFERROR(HLOOKUP($B13,'[3]2월누계'!$F$6:$CC$57,16,),)/1000 -> 99.251055 | X13: =+U13-W13 -> -237.2266 | Y13: =+[8]김해!$Q$85 -> 96300.275 | Z13: =+[8]김해!$R$85 -> 96617.046 | AA13: =+[9]김해!$Q$85 -> 100865.57 | AB13: =+[8]김해!$Q$89 -> 77158.582 | AC13: =+[8]김해!$R$89 -> 79590.536 | AD13: =+[9]김해!$Q$89 -> 81962.048 | AE13: =+Y13-AB13 -> 19141.693 | AF13: =+Z13-AC13 -> 17026.51 | AG13: =+AA13-AD13 -> 18903.52
B14: 정관 | G14: =+I14 -> 정관 | I14: 정관 | J14: =+IFERROR(HLOOKUP($B14,'[1]2월누계'!$D$6:$BN$259,2,),)/1000 -> 36 | K14: =+IFERROR(HLOOKUP($B14,'[2]2월누계'!$F$6:$CP$99,2,),)/1000 -> 34.533 | L14: =+K14-J14 -> -1.467 | M14: =+IFERROR(HLOOKUP($B14,'[3]2월누계'!$F$6:$CC$57,2,),)/1000 -> 36.4955 | N14: =+K14-M14 -> -1.9625 | O14: =+IFERROR(HLOOKUP($B14,'[1]2월누계'!$D$6:$BN$259,3,),)/1000 -> 3671.9965 | P14: =+IFERROR(HLOOKUP($B14,'[2]2월누계'!$F$6:$CP$99,3,),)/1000 -> 3573.7502 | Q14: =+P14-O14 -> -98.24633 | R14: =+IFERROR(HLOOKUP($B14,'[3]2월누계'!$F$6:$CC$57,3,),)/1000 -> 3711.543 | S14: =+P14-R14 -> -137.79285 | T14: =+IFERROR(HLOOKUP($B14,'[1]2월누계'!$D$6:$BN$259,16,),)/1000 -> 266.22006 | U14: =+IFERROR(HLOOKUP($B14,'[2]2월누계'!$F$6:$CP$99,16,),)/1000 -> 245.21989 | V14: =+U14-T14 -> -21.000173 | W14: =+IFERROR(HLOOKUP($B14,'[3]2월누계'!$F$6:$CC$57,16,),)/1000 -> 291.83419 | X14: =+U14-W14 -> -46.614301 | Y14: =+[8]정관!$Q$85 -> 101999.68 | Z14: =+[8]정관!$R$85 -> 103487.97 | AA14: =+[9]정관!$Q$85 -> 101698.65 | AB14: =+[8]정관!$Q$89 -> 81923.101 | AC14: =+[8]정관!$R$89 -> 85181.27 | AD14: =+[9]정관!$Q$89 -> 82925.775 | AE14: =+Y14-AB14 -> 20076.582 | AF14: =+Z14-AC14 -> 18306.704 | AG14: =+AA14-AD14 -> 18772.874
B15: 양산 | G15: =+I15 -> 양산 | I15: 양산 | J15: =+IFERROR(HLOOKUP($B15,'[1]2월누계'!$D$6:$BN$259,2,),)/1000 -> 20 | K15: =+IFERROR(HLOOKUP($B15,'[2]2월누계'!$F$6:$CP$99,2,),)/1000 -> 14.014 | L15: =+K15-J15 -> -5.986 | M15: =+IFERROR(HLOOKUP($B15,'[3]2월누계'!$F$6:$CC$57,2,),)/1000 -> 23.422 | N15: =+K15-M15 -> -9.408 | O15: =+IFERROR(HLOOKUP($B15,'[1]2월누계'!$D$6:$BN$259,3,),)/1000 -> 1892.03 | P15: =+IFERROR(HLOOKUP($B15,'[2]2월누계'!$F$6:$CP$99,3,),)/1000 -> 1330.9844 | Q15: =+P15-O15 -> -561.0456 | R15: =+IFERROR(HLOOKUP($B15,'[3]2월누계'!$F$6:$CC$57,3,),)/1000 -> 2236.5023 | S15: =+P15-R15 -> -905.51793 | T15: =+IFERROR(HLOOKUP($B15,'[1]2월누계'!$D$6:$BN$259,16,),)/1000 -> 96.088235 | U15: =+IFERROR(HLOOKUP($B15,'[2]2월누계'!$F$6:$CP$99,16,),)/1000 -> -17.321488 | V15: =+U15-T15 -> -113.40972 | W15: =+IFERROR(HLOOKUP($B15,'[3]2월누계'!$F$6:$CC$57,16,),)/1000 -> 250.79479 | X15: =+U15-W15 -> -268.11628 | Y15: =+[8]양산!$Q$85 -> 94478.75 | Z15: =+[8]양산!$R$85 -> 94975.339 | AA15: =+[9]양산!$Q$85 -> 95487.248 | AB15: =+[8]양산!$Q$89 -> 74478.645 | AC15: =+[8]양산!$R$89 -> 74723.737 | AD15: =+[9]양산!$Q$89 -> 72690.595 | AE15: =+Y15-AB15 -> 20000.105 | AF15: =+Z15-AC15 -> 20251.602 | AG15: =+AA15-AD15 -> 22796.653
B16: 창원 | G16: =+I16 -> 창원 | I16: 창원 | J16: =+IFERROR(HLOOKUP($B16,'[1]2월누계'!$D$6:$BN$259,2,),)/1000 -> 14 | K16: =+IFERROR(HLOOKUP($B16,'[2]2월누계'!$F$6:$CP$99,2,),)/1000 -> 19.934 | L16: =+K16-J16 -> 5.934 | M16: =+IFERROR(HLOOKUP($B16,'[3]2월누계'!$F$6:$CC$57,2,),)/1000 -> 32.768 | N16: =+K16-M16 -> -12.834 | O16: =+IFERROR(HLOOKUP($B16,'[1]2월누계'!$D$6:$BN$259,3,),)/1000 -> 1400.0044 | P16: =+IFERROR(HLOOKUP($B16,'[2]2월누계'!$F$6:$CP$99,3,),)/1000 -> 2001.3247 | Q16: =+P16-O16 -> 601.3203 | R16: =+IFERROR(HLOOKUP($B16,'[3]2월누계'!$F$6:$CC$57,3,),)/1000 -> 3382.2043 | S16: =+P16-R16 -> -1380.8796 | T16: =+IFERROR(HLOOKUP($B16,'[1]2월누계'!$D$6:$BN$259,16,),)/1000 -> -30.994638 | U16: =+IFERROR(HLOOKUP($B16,'[2]2월누계'!$F$6:$CP$99,16,),)/1000 -> 115.95934 | V16: =+U16-T16 -> 146.95398 | W16: =+IFERROR(HLOOKUP($B16,'[3]2월누계'!$F$6:$CC$57,16,),)/1000 -> 520.35788 | X16: =+U16-W16 -> -404.39854 | Y16: =+[8]창원!$Q$85 -> 100000.31 | Z16: =+[8]창원!$R$85 -> 100397.55 | AA16: =+[9]창원!$Q$85 -> 103216.68 | AB16: =+[8]창원!$Q$89 -> 75787.34 | AC16: =+[8]창원!$R$89 -> 75938.513 | AD16: =+[9]창원!$Q$89 -> 75624.314 | AE16: =+Y16-AB16 -> 24212.975 | AF16: =+Z16-AC16 -> 24459.034 | AG16: =+AA16-AD16 -> 27592.37
B17: 대구 | G17: =+I17 -> 대구 | I17: 대구 | J17: =+IFERROR(HLOOKUP($B17,'[1]2월누계'!$D$6:$BN$259,2,),)/1000 -> 21 | K17: =+IFERROR(HLOOKUP($B17,'[2]2월누계'!$F$6:$CP$99,2,),)/1000 -> 18.967 | L17: =+K17-J17 -> -2.033 | M17: =+IFERROR(HLOOKUP($B17,'[3]2월누계'!$F$6:$CC$57,2,),)/1000 -> 28.7515 | N17: =+K17-M17 -> -9.7845 | O17: =+IFERROR(HLOOKUP($B17,'[1]2월누계'!$D$6:$BN$259,3,),)/1000 -> 2038.5309 | P17: =+IFERROR(HLOOKUP($B17,'[2]2월누계'!$F$6:$CP$99,3,),)/1000 -> 1814.5802 | Q17: =+P17-O17 -> -223.95073 | R17: =+IFERROR(HLOOKUP($B17,'[3]2월누계'!$F$6:$CC$57,3,),)/1000 -> 2906.5256 | S17: =+P17-R17 -> -1091.9454 | T17: =+IFERROR(HLOOKUP($B17,'[1]2월누계'!$D$6:$BN$259,16,),)/1000 -> 88.823329 | U17: =+IFERROR(HLOOKUP($B17,'[2]2월누계'!$F$6:$CP$99,16,),)/1000 -> 33.549731 | V17: =+U17-T17 -> -55.273598 | W17: =+IFERROR(HLOOKUP($B17,'[3]2월누계'!$F$6:$CC$57,16,),)/1000 -> 421.89957 | X17: =+U17-W17 -> -388.34984 | Y17: =+[8]대구!$Q$85 -> 97465.893 | Z17: =+[8]대구!$R$85 -> 95670.384 | AA17: =+[9]대구!$Q$85 -> 101091.27 | AB17: =+[8]대구!$Q$89 -> 74770.401 | AC17: =+[8]대구!$R$89 -> 76909.191 | AD17: =+[9]대구!$Q$89 -> 74548.295 | AE17: =+Y17-AB17 -> 22695.492 | AF17: =+Z17-AC17 -> 18761.193 | AG17: =+AA17-AD17 -> 26542.974
B18: 울산 | G18: =+I18 -> 울산 | I18: 울산 | J18: =+IFERROR(HLOOKUP($B18,'[1]2월누계'!$D$6:$BN$259,2,),)/1000 -> 17 | K18: =+IFERROR(HLOOKUP($B18,'[2]2월누계'!$F$6:$CP$99,2,),)/1000 -> 18.848 | L18: =+K18-J18 -> 1.848 | M18: =+IFERROR(HLOOKUP($B18,'[3]2월누계'!$F$6:$CC$57,2,),)/1000 -> 10.1715 | N18: =+K18-M18 -> 8.6765 | O18: =+IFERROR(HLOOKUP($B18,'[1]2월누계'!$D$6:$BN$259,3,),)/1000 -> 1730.602 | P18: =+IFERROR(HLOOKUP($B18,'[2]2월누계'!$F$6:$CP$99,3,),)/1000 -> 2026.0979 | Q18: =+P18-O18 -> 295.4959 | R18: =+IFERROR(HLOOKUP($B18,'[3]2월누계'!$F$6:$CC$57,3,),)/1000 -> 1048.3277 | S18: =+P18-R18 -> 977.77015 | T18: =+IFERROR(HLOOKUP($B18,'[1]2월누계'!$D$6:$BN$259,16,),)/1000 -> 16.649557 | U18: =+IFERROR(HLOOKUP($B18,'[2]2월누계'!$F$6:$CP$99,16,),)/1000 -> 135.74101 | V18: =+U18-T18 -> 119.09145 | W18: =+IFERROR(HLOOKUP($B18,'[3]2월누계'!$F$6:$CC$57,16,),)/1000 -> -68.738832 | X18: =+U18-W18 -> 204.47984 | Y18: =+[8]울산!$Q$85 -> 102132.75 | Z18: =+[8]울산!$R$85 -> 107496.71 | AA18: =+[9]울산!$Q$85 -> 103065.21 | AB18: =+[8]울산!$Q$89 -> 82654.53 | AC18: =+[8]울산!$R$89 -> 85315.025 | AD18: =+[9]울산!$Q$89 -> 84815.785 | AE18: =+Y18-AB18 -> 19478.22 | AF18: =+Z18-AC18 -> 22181.681 | AG18: =+AA18-AD18 -> 18249.422
B19: 아산 | G19: =+I19 -> 아산 | I19: 아산 | J19: =+IFERROR(HLOOKUP($B19,'[1]2월누계'!$D$6:$BN$259,2,),)/1000 -> 31 | K19: =+IFERROR(HLOOKUP($B19,'[2]2월누계'!$F$6:$CP$99,2,),)/1000 -> 34.763 | L19: =+K19-J19 -> 3.763 | M19: =+IFERROR(HLOOKUP($B19,'[3]2월누계'!$F$6:$CC$57,2,),)/1000 -> 40.47 | N19: =+K19-M19 -> -5.707 | O19: =+IFERROR(HLOOKUP($B19,'[1]2월누계'!$D$6:$BN$259,3,),)/1000 -> 3193 | P19: =+IFERROR(HLOOKUP($B19,'[2]2월누계'!$F$6:$CP$99,3,),)/1000 -> 3502.3083 | Q19: =+P19-O19 -> 309.30834 | R19: =+IFERROR(HLOOKUP($B19,'[3]2월누계'!$F$6:$CC$57,3,),)/1000 -> 3979.3381 | S19: =+P19-R19 -> -477.02971 | T19: =+IFERROR(HLOOKUP($B19,'[1]2월누계'!$D$6:$BN$259,16,),)/1000 -> 206.37694 | U19: =+IFERROR(HLOOKUP($B19,'[2]2월누계'!$F$6:$CP$99,16,),)/1000 -> 40.915752 | V19: =+U19-T19 -> -165.46119 | W19: =+IFERROR(HLOOKUP($B19,'[3]2월누계'!$F$6:$CC$57,16,),)/1000 -> 193.7432 | X19: =+U19-W19 -> -152.82744 | Y19: =+[8]아산!$Q$85 -> 103000 | Z19: =+[8]아산!$R$85 -> 100748.16 | AA19: =+[9]아산!$Q$85 -> 98328.096 | AB19: =+[8]아산!$Q$89 -> 79215.307 | AC19: =+[8]아산!$R$89 -> 85903.775 | AD19: =+[9]아산!$Q$89 -> 81310.325 | AE19: =+Y19-AB19 -> 23784.693 | AF19: =+Z19-AC19 -> 14844.387 | AG19: =+AA19-AD19 -> 17017.771
B20: 전주 | G20: =+I20 -> 전주 | I20: 전주 | J20: =+IFERROR(HLOOKUP($B20,'[1]2월누계'!$D$6:$BN$259,2,),)/1000 -> 14 | K20: =+IFERROR(HLOOKUP($B20,'[2]2월누계'!$F$6:$CP$99,2,),)/1000 -> 25.1265 | L20: =+K20-J20 -> 11.1265 | M20: =+IFERROR(HLOOKUP($B20,'[3]2월누계'!$F$6:$CC$57,2,),)/1000 -> 8.83 | N20: =+K20-M20 -> 16.2965 | O20: =+IFERROR(HLOOKUP($B20,'[1]2월누계'!$D$6:$BN$259,3,),)/1000 -> 1356.0766 | P20: =+IFERROR(HLOOKUP($B20,'[2]2월누계'!$F$6:$CP$99,3,),)/1000 -> 2419.3251 | Q20: =+P20-O20 -> 1063.2484 | R20: =+IFERROR(HLOOKUP($B20,'[3]2월누계'!$F$6:$CC$57,3,),)/1000 -> 874.29074 | S20: =+P20-R20 -> 1545.0343 | T20: =+IFERROR(HLOOKUP($B20,'[1]2월누계'!$D$6:$BN$259,16,),)/1000 -> 17.646562 | U20: =+IFERROR(HLOOKUP($B20,'[2]2월누계'!$F$6:$CP$99,16,),)/1000 -> 252.88457 | V20: =+U20-T20 -> 235.238 | W20: =+IFERROR(HLOOKUP($B20,'[3]2월누계'!$F$6:$CC$57,16,),)/1000 -> -56.857422 | X20: =+U20-W20 -> 309.74199 | Y20: =+[8]전주!$Q$85 -> 96862.617 | Z20: =+[8]전주!$R$85 -> 96285.796 | AA20: =+[9]전주!$Q$85 -> 99013.673 | AB20: =+[8]전주!$Q$89 -> 73604.145 | AC20: =+[8]전주!$R$89 -> 74212.461 | AD20: =+[9]전주!$Q$89 -> 74049.869 | AE20: =+Y20-AB20 -> 23258.472 | AF20: =+Z20-AC20 -> 22073.335 | AG20: =+AA20-AD20 -> 24963.804
B21: 군산 | G21: =+I21 -> 군산 | I21: 군산 | J21: =+IFERROR(HLOOKUP($B21,'[1]2월누계'!$D$6:$BN$259,2,),)/1000 -> 10 | K21: =+IFERROR(HLOOKUP($B21,'[2]2월누계'!$F$6:$CP$99,2,),)/1000 -> 6.5215 | L21: =+K21-J21 -> -3.4785 | M21: =+IFERROR(HLOOKUP($B21,'[3]2월누계'!$F$6:$CC$57,2,),)/1000 -> 12.917 | N21: =+K21-M21 -> -6.3955 | O21: =+IFERROR(HLOOKUP($B21,'[1]2월누계'!$D$6:$BN$259,3,),)/1000 -> 1115.2025 | P21: =+IFERROR(HLOOKUP($B21,'[2]2월누계'!$F$6:$CP$99,3,),)/1000 -> 708.43203 | Q21: =+P21-O21 -> -406.77045 | R21: =+IFERROR(HLOOKUP($B21,'[3]2월누계'!$F$6:$CC$57,3,),)/1000 -> 1329.6203 | S21: =+P21-R21 -> -621.18823 | T21: =+IFERROR(HLOOKUP($B21,'[1]2월누계'!$D$6:$BN$259,16,),)/1000 -> 203.80894 | U21: =+IFERROR(HLOOKUP($B21,'[2]2월누계'!$F$6:$CP$99,16,),)/1000 -> 67.924105 | V21: =+U21-T21 -> -135.88484 | W21: =+IFERROR(HLOOKUP($B21,'[3]2월누계'!$F$6:$CC$57,16,),)/1000 -> 261.78264 | X21: =+U21-W21 -> -193.85854 | Y21: =+[8]군산!$Q$85 -> 111520.25 | Z21: =+[8]군산!$R$85 -> 108630.23 | AA21: =+[9]군산!$Q$85 -> 102935.69 | AB21: =+[8]군산!$Q$89 -> 73867.306 | AC21: =+[8]군산!$R$89 -> 73564.86 | AD21: =+[9]군산!$Q$89 -> 70126.652 | AE21: =+Y21-AB21 -> 37652.942 | AF21: =+Z21-AC21 -> 35065.367 | AG21: =+AA21-AD21 -> 32809.034
B22: 원주 | G22: =+I22 -> 원주 | I22: 원주 | J22: =+IFERROR(HLOOKUP($B22,'[1]2월누계'!$D$6:$BN$259,2,),)/1000 -> 4 | K22: =+IFERROR(HLOOKUP($B22,'[2]2월누계'!$F$6:$CP$99,2,),)/1000 -> 3.406 | L22: =+K22-J22 -> -0.594 | M22: =+IFERROR(HLOOKUP($B22,'[3]2월누계'!$F$6:$CC$57,2,),)/1000 -> 6.9395 | N22: =+K22-M22 -> -3.5335 | O22: =+IFERROR(HLOOKUP($B22,'[1]2월누계'!$D$6:$BN$259,3,),)/1000 -> 448 | P22: =+IFERROR(HLOOKUP($B22,'[2]2월누계'!$F$6:$CP$99,3,),)/1000 -> 386.8499 | Q22: =+P22-O22 -> -61.1501 | R22: =+IFERROR(HLOOKUP($B22,'[3]2월누계'!$F$6:$CC$57,3,),)/1000 -> 776.6398 | S22: =+P22-R22 -> -389.7899 | T22: =+IFERROR(HLOOKUP($B22,'[1]2월누계'!$D$6:$BN$259,16,),)/1000 -> -35.261626 | U22: =+IFERROR(HLOOKUP($B22,'[2]2월누계'!$F$6:$CP$99,16,),)/1000 -> -40.546711 | V22: =+U22-T22 -> -5.2850852 | W22: =+IFERROR(HLOOKUP($B22,'[3]2월누계'!$F$6:$CC$57,16,),)/1000 -> 89.717246 | X22: =+U22-W22 -> -130.26396 | Y22: =+[8]원주!$Q$85 -> 112000 | Z22: =+[8]원주!$R$85 -> 113578.95 | AA22: =+[9]원주!$Q$85 -> 111948.06 | AB22: =+[8]원주!$Q$89 -> 76003.432 | AC22: =+[8]원주!$R$89 -> 75816.065 | AD22: =+[9]원주!$Q$89 -> 74467.081 | AE22: =+Y22-AB22 -> 35996.568 | AF22: =+Z22-AC22 -> 37762.884 | AG22: =+AA22-AD22 -> 37480.984
B23: 제주 | G23: =+I23 -> 제주 | I23: 제주 | J23: =+IFERROR(HLOOKUP($B23,'[1]2월누계'!$D$6:$BN$259,2,),)/1000 -> 14 | K23: =+IFERROR(HLOOKUP($B23,'[2]2월누계'!$F$6:$CP$99,2,),)/1000 -> 10.6565 | L23: =+K23-J23 -> -3.3435 | M23: =+IFERROR(HLOOKUP($B23,'[3]2월누계'!$F$6:$CC$57,2,),)/1000 -> 5.66 | N23: =+K23-M23 -> 4.9965 | O23: =+IFERROR(HLOOKUP($B23,'[1]2월누계'!$D$6:$BN$259,3,),)/1000 -> 1719.515 | P23: =+IFERROR(HLOOKUP($B23,'[2]2월누계'!$F$6:$CP$99,3,),)/1000 -> 1290.9518 | Q23: =+P23-O23 -> -428.56317 | R23: =+IFERROR(HLOOKUP($B23,'[3]2월누계'!$F$6:$CC$57,3,),)/1000 -> 728.19173 | S23: =+P23-R23 -> 562.76011 | T23: =+IFERROR(HLOOKUP($B23,'[1]2월누계'!$D$6:$BN$259,16,),)/1000 -> 256.71319 | U23: =+IFERROR(HLOOKUP($B23,'[2]2월누계'!$F$6:$CP$99,16,),)/1000 -> 122.23265 | V23: =+U23-T23 -> -134.48053 | W23: =+IFERROR(HLOOKUP($B23,'[3]2월누계'!$F$6:$CC$57,16,),)/1000 -> 50.242933 | X23: =+U23-W23 -> 71.98972 | Y23: =+[8]제주!$Q$85 -> 122822.5 | Z23: =+[8]제주!$R$85 -> 120474.69 | AA23: =+[9]제주!$Q$85 -> 128655.78 | AB23: =+[8]제주!$Q$89 -> 90529.859 | AC23: =+[8]제주!$R$89 -> 90181.471 | AD23: =+[9]제주!$Q$89 -> 89930.058 | AE23: =+Y23-AB23 -> 32292.641 | AF23: =+Z23-AC23 -> 30293.216 | AG23: =+AA23-AD23 -> 38725.724
G24: =+I24 -> 수도권 | I24: 수도권 | J24: =SUM(J7:J10) -> 159 | K24: =SUM(K7:K10) -> 131.168 | L24: =+K24-J24 -> -27.832 | M24: =SUM(M7:M10) -> 187.823 | N24: =+K24-M24 -> -56.655 | O24: =SUM(O7:O10) -> 15507.186 | P24: =SUM(P7:P10) -> 12835.497 | Q24: =+P24-O24 -> -2671.6888 | R24: =SUM(R7:R10) -> 18546.484 | S24: =+P24-R24 -> -5710.9867 | T24: =SUM(T7:T10) -> 416.33159 | U24: =SUM(U7:U10) -> -126.37775 | V24: =+U24-T24 -> -542.70933 | W24: =SUM(W7:W10) -> 1150.3064 | X24: =+U24-W24 -> -1276.6841 | Y24: =+[8]수도권!$Q$85 -> 97486.591 | Z24: =+[8]수도권!$R$85 -> 97851.268 | AA24: =+[9]수도권!$Q$85 -> 98745.596 | AB24: =+[8]수도권!$Q$89 -> 81835.728 | AC24: =+[8]수도권!$R$89 -> 83605.223 | AD24: =+[9]수도권!$Q$89 -> 81932.741 | AE24: =+Y24-AB24 -> 15650.864 | AF24: =+Z24-AC24 -> 14246.045 | AG24: =+AA24-AD24 -> 16812.855
G25: =+I25 -> 영남권 | I25: 영남권 | J25: =SUM(J11:J18) -> 202 | K25: =SUM(K11:K18) -> 177.017 | L25: =+K25-J25 -> -24.983 | M25: =SUM(M11:M18) -> 233.8025 | N25: =+K25-M25 -> -56.7855 | O25: =SUM(O11:O18) -> 20297.783 | P25: =SUM(P11:P18) -> 17853.796 | Q25: =+P25-O25 -> -2443.987 | R25: =SUM(R11:R18) -> 23862.624 | S25: =+P25-R25 -> -6008.8285 | T25: =SUM(T11:T18) -> 1052.2368 | U25: =SUM(U11:U18) -> 648.07827 | V25: =+U25-T25 -> -404.15856 | W25: =SUM(W11:W18) -> 2332.554 | X25: =+U25-W25 -> -1684.4757 | Y25: =+[8]영남권!$Q$85 -> 100500.16 | Z25: =+[8]영남권!$R$85 -> 100867.1 | AA25: =+[9]영남권!$Q$85 -> 102063.5 | AB25: =+[8]영남권!$Q$89 -> 79483.262 | AC25: =+[8]영남권!$R$89 -> 80740.082 | AD25: =+[9]영남권!$Q$89 -> 79702.413 | AE25: =+Y25-AB25 -> 21016.894 | AF25: =+Z25-AC25 -> 20127.015 | AG25: =+AA25-AD25 -> 22361.083
G26: =+I26 -> 중부권 | I26: 중부권 | J26: =SUM(J19:J23) -> 73 | K26: =SUM(K19:K23) -> 80.4735 | L26: =+K26-J26 -> 7.4735 | M26: =SUM(M19:M23) -> 74.8165 | N26: =+K26-M26 -> 5.657 | O26: =SUM(O19:O23) -> 7831.7941 | P26: =SUM(P19:P23) -> 8307.8672 | Q26: =+P26-O26 -> 476.07303 | R26: =SUM(R19:R23) -> 7688.0806 | S26: =+P26-R26 -> 619.78658 | T26: =SUM(T19:T23) -> 649.28401 | U26: =SUM(U19:U23) -> 443.41036 | V26: =+U26-T26 -> -205.87364 | W26: =SUM(W19:W23) -> 538.6286 | X26: =+U26-W26 -> -95.218232 | Y26: =+[8]중부권!$Q$85 -> 107599.91 | Z26: =+[8]중부권!$R$85 -> 102977.58 | AA26: =+[9]중부권!$Q$85 -> 102758.59 | AB26: =+[8]중부권!$Q$89 -> 79414.13 | AC26: =+[8]중부권!$R$89 -> 81312.557 | AD26: =+[9]중부권!$Q$89 -> 78542.727 | AE26: =+Y26-AB26 -> 28185.784 | AF26: =+Z26-AC26 -> 21665.021 | AG26: =+AA26-AD26 -> 24215.861
G27: =+K27/J27 -> 0.8955265 | H27: 레미콘 계 | J27: =SUM(J24:J26) -> 434 | K27: =SUM(K24:K26) -> 388.6585 | L27: =+K27-J27 -> -45.3415 | M27: =SUM(M24:M26) -> 496.442 | N27: =+K27-M27 -> -107.7835 | O27: =SUM(O24:O26) -> 43636.763 | P27: =SUM(P24:P26) -> 38997.16 | Q27: =+P27-O27 -> -4639.6028 | R27: =SUM(R24:R26) -> 50097.188 | S27: =+P27-R27 -> -11100.029 | T27: =SUM(T24:T26) -> 2117.8524 | U27: =SUM(U24:U26) -> 965.11089 | V27: =+U27-T27 -> -1152.7415 | W27: =SUM(W24:W26) -> 4021.489 | X27: =+U27-W27 -> -3056.3781 | Y27: =+[8]합계!$Q$85 -> 100559.87 | Z27: =+[8]합계!$R$85 -> 100282.96 | AA27: =+[9]합계!$Q$85 -> 100912.98 | AB27: =+[8]합계!$Q$89 -> 80335.614 | AC27: =+[8]합계!$R$89 -> 81815.65 | AD27: =+[9]합계!$Q$89 -> 80371.425 | AE27: =+Y27-AB27 -> 20224.256 | AF27: =+Z27-AC27 -> 18467.308 | AG27: =+AA27-AD27 -> 20541.558
B28: 건자재 | E28: 건자재영업 | G28: 건자재 | H28: 건자재 | J28: =+IFERROR(HLOOKUP($B28,'[1]2월누계'!$D$6:$BN$259,2,),) -> 20000 | K28: =+IFERROR(HLOOKUP($E28,'[2]2월누계'!$F$6:$CP$99,2,),) -> 18460.025 | L28: =+K28-J28 -> -1539.975 | M28: =+IFERROR(HLOOKUP($E28,'[3]2월누계'!$F$6:$CC$57,2,),) -> 13070.495 | N28: =+K28-M28 -> 5389.53 | O28: =+IFERROR(HLOOKUP($B28,'[1]2월누계'!$D$6:$BN$259,3,),)/1000 -> 21897.268 | P28: =+IFERROR(HLOOKUP($E28,'[2]2월누계'!$F$6:$CP$99,3,),)/1000 -> 15757.115 | Q28: =+P28-O28 -> -6140.1536 | R28: =+IFERROR(HLOOKUP($E28,'[3]2월누계'!$F$6:$CC$57,3,),)/1000 -> 14173.615 | S28: =+P28-R28 -> 1583.4997 | T28: =+IFERROR(HLOOKUP($B28,'[1]2월누계'!$D$6:$BN$259,16,),)/1000 -> 338.98208 | U28: =+IFERROR(HLOOKUP($E28,'[2]2월누계'!$F$6:$CP$99,16,),)/1000 -> 12.558962 | V28: =+U28-T28 -> -326.42312 | W28: =+IFERROR(HLOOKUP($E28,'[3]2월누계'!$F$6:$CC$57,16,),)/1000 -> 117.11189 | X28: =+U28-W28 -> -104.55293 | Y28: ■ 비고
B29: 부산모래장 | C29: 부산골재 | G29: =+I29 -> 부산모래장 | H29: 골재 | I29: 부산모래장 | J29: =+IFERROR(HLOOKUP($B29,'[1]2월누계'!$D$6:$BN$259,2,),)/1000 -> 36.368323 | K29: =+IFERROR(HLOOKUP($C29,'[2]2월누계'!$F$6:$CP$99,2,),)/1000 -> 45.153 | L29: =+K29-J29 -> 8.7846766 | M29: =+IFERROR(HLOOKUP($C29,'[3]2월누계'!$F$6:$CC$57,2,),)/1000 -> 45.828 | N29: =+K29-M29 -> -0.675 | O29: =+IFERROR(HLOOKUP($B29,'[1]2월누계'!$D$6:$BN$259,3,),)/1000 -> 1209.2653 | P29: =+IFERROR(HLOOKUP($C29,'[2]2월누계'!$F$6:$CP$99,3,),)/1000 -> 1251.7285 | Q29: =+P29-O29 -> 42.463183 | R29: =+IFERROR(HLOOKUP($C29,'[3]2월누계'!$F$6:$CC$57,3,),)/1000 -> 1315.618 | S29: =+P29-R29 -> -63.8895 | T29: =+IFERROR(HLOOKUP($B29,'[1]2월누계'!$D$6:$BN$259,21,),)/1000 -> 212.30936 | U29: =+IFERROR(HLOOKUP($C29,'[2]2월누계'!$F$6:$CP$99,21,),)/1000 -> 2.5895543 | V29: =+U29-T29 -> -209.71981 | W29: =+IFERROR(HLOOKUP($C29,'[3]2월누계'!$F$6:$CC$57,21,),)/1000 -> 91.12848 | X29: =+U29-W29 -> -88.538925
B30: 서부산크라샤 | C30: 서부산골재 | G30: =+I30 -> 서부산CR | I30: 서부산CR | J30: =+IFERROR(HLOOKUP($B30,'[1]2월누계'!$D$6:$BN$259,2,),)/1000 -> 82.13552 | K30: =+IFERROR(HLOOKUP($C30,'[2]2월누계'!$F$6:$CP$99,2,),)/1000 -> 13.95 | L30: =+K30-J30 -> -68.18552 | M30: =+IFERROR(HLOOKUP($C30,'[3]2월누계'!$F$6:$CC$57,2,),)/1000 -> 50.918 | N30: =+K30-M30 -> -36.968 | O30: =+IFERROR(HLOOKUP($B30,'[1]2월누계'!$D$6:$BN$259,3,),)/1000 -> 1191.7714 | P30: =+IFERROR(HLOOKUP($C30,'[2]2월누계'!$F$6:$CP$99,3,),)/1000 -> 190.502 | Q30: =+P30-O30 -> -1001.2694 | R30: =+IFERROR(HLOOKUP($C30,'[3]2월누계'!$F$6:$CC$57,3,),)/1000 -> 692.03 | S30: =+P30-R30 -> -501.528 | T30: =+IFERROR(HLOOKUP($B30,'[1]2월누계'!$D$6:$BN$259,21,),)/1000 -> 167.23265 | U30: =+IFERROR(HLOOKUP($C30,'[2]2월누계'!$F$6:$CP$99,21,),)/1000 -> -116.57832 | V30: =+U30-T30 -> -283.81098 | W30: =+IFERROR(HLOOKUP($C30,'[3]2월누계'!$F$6:$CC$57,21,),)/1000 -> 91.726724 | X30: =+U30-W30 -> -208.30505
B31: 부산크라샤 | C31: 부산크라샤 | G31: =+I31 -> 부산CR | I31: 부산CR | J31: =+IFERROR(HLOOKUP($B31,'[1]2월누계'!$D$6:$BN$259,2,),)/1000 -> 46.686642 | K31: =+IFERROR(HLOOKUP($C31,'[2]2월누계'!$F$6:$CP$99,2,),)/1000 -> 47.086 | L31: =+K31-J31 -> 0.39935783 | M31: =+IFERROR(HLOOKUP($C31,'[3]2월누계'!$F$6:$CC$57,2,),)/1000 -> 53.043 | N31: =+K31-M31 -> -5.957 | O31: =+IFERROR(HLOOKUP($B31,'[1]2월누계'!$D$6:$BN$259,3,),)/1000 -> 834.04706 | P31: =+IFERROR(HLOOKUP($C31,'[2]2월누계'!$F$6:$CP$99,3,),)/1000 -> 852.101 | Q31: =+P31-O31 -> 18.053944 | R31: =+IFERROR(HLOOKUP($C31,'[3]2월누계'!$F$6:$CC$57,3,),)/1000 -> 1008.9585 | S31: =+P31-R31 -> -156.8575 | T31: =+IFERROR(HLOOKUP($B31,'[1]2월누계'!$D$6:$BN$259,21,),)/1000 -> -28.469874 | U31: =+IFERROR(HLOOKUP($C31,'[2]2월누계'!$F$6:$CP$99,21,),)/1000 -> -264.24082 | V31: =+U31-T31 -> -235.77095 | W31: =+IFERROR(HLOOKUP($C31,'[3]2월누계'!$F$6:$CC$57,21,),)/1000 -> 80.397894 | X31: =+U31-W31 -> -344.63872
H32: 골재 계 | J32: =SUM(J29:J31) -> 165.19049 | K32: =SUM(K29:K31) -> 106.189 | L32: =+K32-J32 -> -59.001486 | M32: =SUM(M29:M31) -> 149.789 | N32: =+K32-M32 -> -43.6 | O32: =SUM(O29:O31) -> 3235.0838 | P32: =SUM(P29:P31) -> 2294.3315 | Q32: =+P32-O32 -> -940.75227 | R32: =SUM(R29:R31) -> 3016.6065 | S32: =+P32-R32 -> -722.275 | T32: =SUM(T29:T31) -> 351.07214 | U32: =SUM(U29:U31) -> -378.22959 | V32: =+U32-T32 -> -729.30173 | W32: =SUM(W29:W31) -> 263.2531 | X32: =+U32-W32 -> -641.48269
B33: 포항임대 | C33: 속초임대 | D33: 강릉임대 | E33: 레미콘임대 계 | G33: =+I33 -> 레미콘임대 | H33: 기타 | I33: 레미콘임대 | L33: =+K33-J33 -> 0 | N33: =+K33-M33 -> 0 | O33: =(IFERROR(HLOOKUP($B33,'[1]2월누계'!$D$6:$BN$259,3,),)++IFERROR(HLOOKUP($C33,'[1]2월누계'!$D$6:$BN$259,3,),)+IFERROR(HLOOKUP($D33,'[1]2월누계'!$D$6:$BN$259,3,),))/1000 -> 181.68 | P33: =+IFERROR(HLOOKUP($E33,'[2]2월누계'!$F$6:$CP$99,3,),)/1000 -> 181.68 | Q33: =+P33-O33 -> 0 | R33: =+IFERROR(HLOOKUP($E33,'[3]2월누계'!$F$6:$CC$57,3,),)/1000 -> 181.68 | S33: =+P33-R33 -> 0 | T33: =(IFERROR(HLOOKUP($B33,'[1]2월누계'!$D$6:$BN$259,21,),)++IFERROR(HLOOKUP($C33,'[1]2월누계'!$D$6:$BN$259,21,),)+IFERROR(HLOOKUP($D33,'[1]2월누계'!$D$6:$BN$259,21,),))/1000 -> 145.04644 | U33: =+IFERROR(HLOOKUP($E33,'[2]2월누계'!$F$6:$CP$99,16,),)/1000 -> 144.83623 | V33: =+U33-T33 -> -0.210213 | W33: =+IFERROR(HLOOKUP($E33,'[3]2월누계'!$F$6:$CC$57,16,),)/1000 -> 143.76193 | X33: =+U33-W33 -> 1.074296
B34: 부동산임대 | C34: 주유소임대 | E34: 임대 계 | G34: =+I34 -> 임대 | I34: 임대 | L34: =+K34-J34 -> 0 | M34: 0 | N34: =+K34-M34 -> 0 | O34: =(+IFERROR(HLOOKUP($B34,'[1]2월누계'!$D$6:$BN$259,3,),)+IFERROR(HLOOKUP($C34,'[1]2월누계'!$D$6:$BN$259,3,),))/1000 -> 148.183 | P34: =+IFERROR(HLOOKUP($E34,'[2]2월누계'!$F$6:$CP$99,3,),)/1000 -> 146.73227 | Q34: =+P34-O34 -> -1.450733 | R34: =+IFERROR(HLOOKUP($E34,'[3]2월누계'!$F$6:$CC$57,3,),)/1000 -> 143.91587 | S34: =+P34-R34 -> 2.816397 | T34: =(+IFERROR(HLOOKUP($B34,'[1]2월누계'!$D$6:$BN$259,21,),)+IFERROR(HLOOKUP($C34,'[1]2월누계'!$D$6:$BN$259,21,),))/1000 -> 127.928 | U34: =+IFERROR(HLOOKUP($E34,'[2]2월누계'!$F$6:$CP$99,16,),)/1000 -> 126.50062 | V34: =+U34-T34 -> -1.427382 | W34: =+IFERROR(HLOOKUP($E34,'[3]2월누계'!$F$6:$CC$57,16,),)/1000 -> 123.718 | X34: =+U34-W34 -> 2.782619
B35: 공 통 비 | G35: =+I35 -> 공통비 | I35: 공통비 | L35: =+K35-J35 -> 0 | N35: =+K35-M35 -> 0 | Q35: =+P35-O35 -> 0 | S35: =+P35-R35 -> 0 | T35: =-'[1]2월누계'!$Z$22/1000 -> -2987.4916 | U35: =+-'[2]2월누계'!$Z$22/1000 -> -2914.0881 | V35: =+U35-T35 -> 73.403523 | W35: =+-'[3]2월누계'!$Z$22/1000 -> -2602.6161 | X35: =+U35-W35 -> -311.47197
G36: =+I36 -> OPC 소급분 | I36: OPC 소급분 | N36: =+K36-M36 -> 0 | Q36: =+P36-O36 -> 0 | S36: =+P36-R36 -> 0 | T36: =+'[1]2월누계'!$AS$26/1000 -> 0 | U36: ='[2]2월누계'!$BD$26/1000 -> 0 | V36: =+U36-T36 -> 0 | W36: =-'[3]2월누계'!$BD$26/1000 -> 0 | X36: =+U36-W36 -> 0
G37: =+I37 -> 대손 | I37: 대손 | N37: =+K37-M37 -> 0 | Q37: =+P37-O37 -> 0 | S37: =+P37-R37 -> 0 | U37: ='[2]2월누계'!$BE$26/1000 -> 0 | V37: =+U37-T37 -> 0 | W37: ='[3]2월누계'!$BE$26/1000 -> 310.72653 | X37: =+U37-W37 -> -310.72653
G38: =+I38 -> 미운영 공장 | I38: 미운영 공장 | M38: =SUM(M54:M59) -> 0 | N38: =+K38-M38 -> 0 | Q38: =+P38-O38 -> 0 | R38: =+IFERROR(HLOOKUP($I$38,'[3]2월누계'!$F$6:$BJ$50,3,),)/1000 -> 0 | S38: =+P38-R38 -> 0 | T38: =SUM('[1]2월누계'!$AM$26:$AQ$26)/1000 -> -75.008992 | U38: =+'[2]2월누계'!$BF$26/1000 -> -64.657321 | V38: =+U38-T38 -> 10.351671 | W38: =+'[3]2월누계'!$BF$26/1000 -> -71.521524 | X38: =+U38-W38 -> 6.864203
B39: 기타 계 | G39: =+I39 -> 퇴직금 | I39: 퇴직금 | U39: =+'[2]2월누계'!$BG$26/1000 -> -759.34319 | V39: =+U39-T39 -> -759.34319 | X39: =+U39-W39 -> -759.34319
G40: =+I40 -> 기타 | I40: 기타 | L40: =+K40-J40 -> 0 | N40: =+K40-M40 -> 0 | O40: =IFERROR(HLOOKUP($B39,'[1]2월누계'!$D$6:$BN$259,3,),)/1000 -> 3.54 | P40: =+('[2]2월누계'!$F$8-SUM('[2]2월누계'!$Z$8,'[2]2월누계'!$AH$8,'[2]2월누계'!$AN$8,'[2]2월누계'!$AO$8,'[2]2월누계'!$BA$8,'[2]2월누계'!$BD$8,'[2]2월누계'!$BE$8,'[2]2월누계'!$BF$8))/1000 -> 3.3597 | Q40: =+P40-O40 -> -0.1803 | R40: =+('[3]2월누계'!$F$8-SUM('[3]2월누계'!$Z$8,'[3]2월누계'!$AH$8,'[3]2월누계'!$AN$8,'[3]2월누계'!$AO$8,'[3]2월누계'!$BA$8,'[3]2월누계'!$BD$8,'[3]2월누계'!$BE$8,'[3]2월누계'!$BF$8))/1000 -> 3.4048 | S40: =+P40-R40 -> -0.0451 | T40: =+('[1]2월누계'!$E$26-'[1]2월누계'!$Z$26-'[1]2월누계'!$AA$26-'[1]2월누계'!$AE$26-'[1]2월누계'!$AL$26-'[1]2월누계'!$AM$26-'[1]2월누계'!$AN$26-'[1]2월누계'!$AO$26-'[1]2월누계'!$AP$26-'[1]2월누계'!$AQ$26-'[1]2월누계'!$AS$26)/1000 -> -33.60549 | U40: =+('[2]2월누계'!$F$26-SUM('[2]2월누계'!$Z$26,'[2]2월누계'!$AH$26,'[2]2월누계'!$AN$26,'[2]2월누계'!$AO$26,'[2]2월누계'!$BA$26,'[2]2월누계'!$BD$26,'[2]2월누계'!$BE$26,'[2]2월누계'!$BF$26))/1000-U39 -> -32.020182 | V40: =+U40-T40 -> 1.585308 | W40: =+('[3]2월누계'!$F$26-SUM('[3]2월누계'!$Z$26,'[3]2월누계'!$AH$26,'[3]2월누계'!$AN$26,'[3]2월누계'!$AO$26,'[3]2월누계'!$BA$26,'[3]2월누계'!$BD$26,'[3]2월누계'!$BE$26,'[3]2월누계'!$BF$26))/1000 -> -31.597849 | X40: =+U40-W40 -> -0.422333
H41: 기타 계 | J41: =SUM(J33:J40) -> 0 | K41: =SUM(K33:K40) -> 0 | L41: =+K41-J41 -> 0 | M41: =SUM(M33:M40) -> 0 | N41: =+K41-M41 -> 0 | O41: =SUM(O33:O40) -> 333.403 | P41: =SUM(P33:P40) -> 331.77197 | Q41: =+P41-O41 -> -1.631033 | R41: =SUM(R33:R40) -> 329.00067 | S41: =+P41-R41 -> 2.771297 | T41: =SUM(T33:T40) -> -2823.1317 | U41: =SUM(U33:U40) -> -3498.7719 | V41: =+U41-T41 -> -675.64028 | W41: =SUM(W33:W40) -> -2127.529 | X41: =+U41-W41 -> -1371.2429
U42: 19 | V42: 12.4
G43: =+P43/O43 -> 0.83036595 | H43: 합계 | O43: =+O27+O32+O28+O41 -> 69102.518 | P43: =+P27+P32+P28+P41 -> 57380.378 | Q43: =+P43-O43 -> -11722.14 | R43: =+R27+R32+R28+R41 -> 67616.411 | S43: =+P43-R43 -> -10236.033 | T43: =+T27+T32+T28+T41 -> -15.225002 | U43: =+U27+U32+U28+U41 -> -2899.3317 | V43: =+U43-T43 -> -2884.1067 | W43: =+W27+W32+W28+W41 -> 2274.325 | X43: =+U43-W43 -> -5173.6566
G44: =+U43/T43 -> 190.43226 | P44: =+P43/O43 -> 0.83036595 | T44: =+T43/O43 -> -0.00022032486 | U44: =+U43/P43 -> -0.050528278
I46: 확인 | J46: =+'[1]2월누계'!$Z$7/1000 -> 434 | K46: =+'[2]2월누계'!$AI$7/1000 -> 388.6585 | M46: =+'[3]2월누계'!$Z$7/1000 -> 496.442 | O46: =+'[1]2월누계'!$E$8/1000 -> 69102.518 | P46: =+'[2]2월누계'!$F$8/1000 -> 57380.378 | R46: =+'[3]2월누계'!$F$8/1000 -> 67616.411 | T46: =+'[1]2월누계'!$E$26/1000 -> -15.225002 | U46: =+'[2]2월누계'!$F$26/1000 -> -2899.3317 | W46: =+'[3]2월누계'!$F$26/1000 -> 2274.325
J47: =+J46-J27 -> 0 | K47: =+K46-K27 -> 0 | M47: =+M46-M27 -> 0 | O47: =+O46-O43 -> 0 | P47: =+P46-P43 -> 0 | R47: =+R46-R43 -> 0 | T47: =+T46-T43 -> 4.027001e-12 | U47: =+U46-U43 -> 0 | W47: =+W46-W43 -> 0
S50: 레미콘 | T50: =(+T27+T35)/100 -> -8.6963918 | U50: =(+U27+U35)/100 -> -19.489772 | V50: =+U50-T50 -> -10.79338 | W50: =+U50/T50-1 -> 1.2411331
S51: 건자재 | T51: =+T28/100 -> 3.3898208 | U51: =+U28/100 -> 0.12558962 | V51: =+U51-T51 -> -3.2642312 | Y51: - OPC 소급분 : 삼표 2.5억(총 9.9억 中 1회차) → 8~2월누계 총 4회 소급예정
S52: 골재 | T52: =+T32/100 -> 3.5107214 | U52: =+U32/100 -> -3.7822959 | V52: =+U52-T52 -> -7.2930173
S53: 임대 | T53: =(T33+T34)/100 -> 2.7297444 | U53: =(U33+U34)/100 -> 2.7133685 | V53: =+U53-T53 -> -0.01637595
S54: 기타 | T54: =(T46/100)-T50-T51-T52-T53 -> -1.0861448 | U54: =(U46/100)-U50-U51-U52-U53 -> -8.5602069 | V54: =+U54-T54 -> -7.4740621
T55: =SUM(T53:T54) -> 1.6435996 | U55: =SUM(U53:U54) -> -5.8468384 | V55: =SUM(V53:V54) -> -7.490438
T56: =SUM(T50:T54) -> -0.15225002 | U56: =SUM(U50:U54) -> -28.993317 | V56: =+U56-T56 -> -28.841067
S58: 임대 | T58: =+(T33+T34)/100 -> 2.7297444 | U58: =+(U33+U34)/100 -> 2.7133685 | V58: =+U58-T58 -> -0.01637595
S59: =+I36 -> OPC 소급분 | T59: =+T36/100 -> 0 | U59: =+U36/100 -> 0 | V59: =+U59-T59 -> 0
S60: =+I37 -> 대손 | T60: =+T37/100 -> 0 | U60: =+U37/100 -> 0 | V60: =+U60-T60 -> 0
S61: =+I38 -> 미운영 공장 | T61: =+T38/100 -> -0.75008992 | U61: =+U38/100 -> -0.64657321 | V61: =+U61-T61 -> 0.10351671
S62: =+I40 -> 기타 | T62: =+T40/100 -> -0.3360549 | U62: =+U40/100 -> -0.32020182 | V62: =+U62-T62 -> 0.01585308
T63: =SUM(T58:T62) -> 1.6435996 | U63: =SUM(U58:U62) -> 1.7465934 | V63: =SUM(V58:V62) -> 0.10299384

Sheet 영업이익
D4: □ 레미콘 영업이익 차이분석(2025-02)
W5: [단위 : 백만원, 천㎥]
A6: 2024년 12월 마감 손익 | D6: 구분 | E6: 영업이익(공통비 미배부) | H6: 물량 차이 | L6: 판매단가 차이 | P6: 제조원가 차이 | T6: 판관비 등 차이
E7: 계획 | F7: 실적 | G7: 차이 | H7: 계획 | I7: 실적 | J7: 차이 | K7: 손익 | L7: 계획 | M7: 실적 | N7: 차이 | O7: 손익 | P7: 계획 | Q7: 실적 | R7: 차이 | S7: 손익 | T7: 계획 | U7: 실적 | V7: 차이 | W7: 손익
D8: 합계 | E8: =+[4]합계!$H$86/1000 -> 1375.1273 | F8: =+[4]합계!$I$86/1000 -> 941.97265 | G8: =+F8-E8 -> -433.15469 | H8: =+[4]합계!$T$5/1000 -> 227 | I8: =+[4]합계!$U$5/1000 -> 210.779 | J8: =+I8-H8 -> -16.221 | K8: =+[4]합계!$M$86/1000 -> -178.42849 | L8: =+[4]합계!$Q$85 -> 100532.46 | M8: =+[4]합계!$R$85 -> 99735.994 | N8: =+M8-L8 -> -796.47067 | O8: =+[4]합계!$K$86/1000 -> -167.40061 | P8: =+[4]합계!$Q$50 -> 89862.638 | Q8: =+[4]합계!$R$50 -> 90556.992 | R8: =+Q8-P8 -> 694.35318 | S8: =+[4]합계!$L$56/1000 -> -102.60173 | T8: =+([4]합계!$H$80+[4]합계!$H$85)/1000 -> 1046.9233 | U8: =+([4]합계!$I$80+[4]합계!$I$85)/1000 -> 1031.6471 | V8: =+U8-T8 -> -15.27615 | W8: =+([4]합계!$L$80+[4]합계!$L$85)/1000 -> 15.27615 | Y8: =+G8-K8-O8-S8-W8 -> -4.455103e-12 | Z8: =+Y8*1000000 -> -4.455103e-06
D9: 수도권 | E9: =+[4]수도권!$H$86/1000 -> 291.53061 | F9: =+[4]수도권!$I$86/1000 -> 126.59635 | G9: =+F9-E9 -> -164.93426 | H9: =+[4]수도권!$T$5/1000 -> 83 | I9: =+[4]수도권!$U$5/1000 -> 74.2395 | J9: =+I9-H9 -> -8.7605 | K9: =+[4]수도권!$M$86/1000 -> -67.446678 | L9: =+[4]수도권!$Q$85 -> 97568.732 | M9: =+[4]수도권!$R$85 -> 96965.552 | N9: =+M9-L9 -> -603.17989 | O9: =+[4]수도권!$K$86/1000 -> -44.540311 | P9: =+[4]수도권!$Q$50 -> 90115.663 | Q9: =+[4]수도권!$R$50 -> 91038.578 | R9: =+Q9-P9 -> 922.91488 | S9: =+[4]수도권!$L$56/1000 -> -68.150335 | T9: =+([4]수도권!$H$80+[4]수도권!$H$85)/1000 -> 327.07411 | U9: =+([4]수도권!$I$80+[4]수도권!$I$85)/1000 -> 311.87104 | V9: =+U9-T9 -> -15.20307 | W9: =+([4]수도권!$L$80+[4]수도권!$L$85)/1000 -> 15.20307 | Y9: =+G9-K9-O9-S9-W9 -> 1.1297629e-12 | Z9: =+Y9*1000000 -> 1.1297629e-06
D10: 영남권 | E10: =+[4]영남권!$H$86/1000 -> 669.03148 | F10: =+[4]영남권!$I$86/1000 -> 519.31218 | G10: =+F10-E10 -> -149.7193 | H10: =+[4]영남권!$T$5/1000 -> 105 | I10: =+[4]영남권!$U$5/1000 -> 95.894 | J10: =+I10-H10 -> -9.106 | K10: =+[4]영남권!$M$86/1000 -> -103.81128 | L10: =+[4]영남권!$Q$85 -> 100469.22 | M10: =+[4]영남권!$R$85 -> 100787.78 | N10: =+M10-L10 -> 318.56845 | O10: =+[4]영남권!$K$86/1000 -> 30.505159 | P10: =+[4]영남권!$Q$50 -> 89203.786 | Q10: =+[4]영남권!$R$50 -> 90293.151 | R10: =+Q10-P10 -> 1089.3648 | S10: =+[4]영남권!$L$56/1000 -> -61.26762 | T10: =+([4]영남권!$H$80+[4]영남권!$H$85)/1000 -> 513.83875 | U10: =+([4]영남권!$I$80+[4]영남권!$I$85)/1000 -> 528.98431 | V10: =+U10-T10 -> 15.145564 | W10: =+([4]영남권!$L$80+[4]영남권!$L$85)/1000 -> -15.145564 | Y10: =+G10-K10-O10-S10-W10 -> -5.1514348e-14 | Z10: =+Y10*1000000 -> -5.1514348e-08
D11: 기타권 | E11: =+[4]중부권!$H$86/1000 -> 414.56526 | F11: =+[4]중부권!$I$86/1000 -> 296.06412 | G11: =+F11-E11 -> -118.50114 | H11: =+[4]중부권!$T$5/1000 -> 39 | I11: =+[4]중부권!$U$5/1000 -> 40.6455 | J11: =+I11-H11 -> 1.6455 | K11: =+[4]중부권!$M$86/1000 -> 25.056831 | L11: =+[4]중부권!$Q$85 -> 107010.18 | M11: =+[4]중부권!$R$85 -> 102295.48 | N11: =+M11-L11 -> -4714.7018 | O11: =+[4]중부권!$K$86/1000 -> -191.31553 | P11: =+[4]중부권!$Q$50 -> 91097.984 | Q11: =+[4]중부권!$R$50 -> 90310.995 | R11: =+Q11-P11 -> -786.98925 | S11: =+[4]중부권!$L$56/1000 -> 32.538915 | T11: =+([4]중부권!$H$80+[4]중부권!$H$85)/1000 -> 206.01043 | U11: =+([4]중부권!$I$80+[4]중부권!$I$85)/1000 -> 190.79179 | V11: =+U11-T11 -> -15.218644 | W11: =+([4]중부권!$L$80+[4]중부권!$L$85)/1000 -> 15.218644 | Y11: =+G11-K11-O11-S11-W11 -> 8.2245322e-13 | Z11: =+Y11*1000000 -> 8.2245322e-07
D12: 안양 | E12: =+[4]안양!$H$86/1000 -> 171.79786 | F12: =+[4]안양!$I$86/1000 -> 265.58446 | G12: =+F12-E12 -> 93.786603 | H12: =+[4]안양!$T$5/1000 -> 32 | I12: =+[4]안양!$U$5/1000 -> 34.905 | J12: =+I12-H12 -> 2.905 | K12: =+[4]안양!$M$86/1000 -> 22.19941 | L12: =+[4]안양!$Q$85 -> 98492.941 | M12: =+[4]안양!$R$85 -> 96859.207 | N12: =+M12-L12 -> -1633.7334 | O12: =+[4]안양!$K$86/1000 -> -56.396477 | P12: =+[4]안양!$Q$50 -> 89991.111 | Q12: =+[4]안양!$R$50 -> 86627.361 | R12: =+Q12-P12 -> -3363.7498 | S12: =+[4]안양!$L$56/1000 -> 116.11665 | T12: =+([4]안양!$H$80+[4]안양!$H$85)/1000 -> 100.26069 | U12: =+([4]안양!$I$80+[4]안양!$I$85)/1000 -> 88.393668 | V12: =+U12-T12 -> -11.867022 | W12: =+([4]안양!$L$80+[4]안양!$L$85)/1000 -> 11.867022 | Y12: =+G12-K12-O12-S12-W12 -> 1.4566126e-13 | Z12: =+Y12*1000000 -> 1.4566126e-07
D13: 인천 | E13: =+[4]인천!$H$86/1000 -> 70.245864 | F13: =+[4]인천!$I$86/1000 -> -49.38036 | G13: =+F13-E13 -> -119.62622 | H13: =+[4]인천!$T$5/1000 -> 25 | I13: =+[4]인천!$U$5/1000 -> 21.485 | J13: =+I13-H13 -> -3.515 | K13: =+[4]인천!$M$86/1000 -> -23.722404 | L13: =+[4]인천!$Q$85 -> 97727.915 | M13: =+[4]인천!$R$85 -> 97514.168 | N13: =+M13-L13 -> -213.74625 | O13: =+[4]인천!$K$86/1000 -> -4.5923381 | P13: =+[4]인천!$Q$50 -> 90979.009 | Q13: =+[4]인천!$R$50 -> 95297.957 | R13: =+Q13-P13 -> 4318.948 | S13: =+[4]인천!$L$56/1000 -> -92.79259 | T13: =+([4]인천!$H$80+[4]인천!$H$85)/1000 -> 98.476784 | U13: =+([4]인천!$I$80+[4]인천!$I$85)/1000 -> 96.995676 | V13: =+U13-T13 -> -1.4811082 | W13: =+([4]인천!$L$80+[4]인천!$L$85)/1000 -> 1.4811082 | Y13: =+G13-K13-O13-S13-W13 -> -1.8762769e-13 | Z13: =+Y13*1000000 -> -1.8762769e-07
D14: 파주 | E14: =+[4]파주!$H$86/1000 -> 22.670792 | F14: =+[4]파주!$I$86/1000 -> -42.738868 | G14: =+F14-E14 -> -65.40966 | H14: =+[4]파주!$T$5/1000 -> 16 | I14: =+[4]파주!$U$5/1000 -> 10.445 | J14: =+I14-H14 -> -5.555 | K14: =+[4]파주!$M$86/1000 -> -33.611009 | L14: =+[4]파주!$Q$85 -> 96618.603 | M14: =+[4]파주!$R$85 -> 97410.416 | N14: =+M14-L14 -> 791.81304 | O14: =+[4]파주!$K$86/1000 -> 8.2704872 | P14: =+[4]파주!$Q$50 -> 90568.017 | Q14: =+[4]파주!$R$50 -> 94445.779 | R14: =+Q14-P14 -> 3877.7619 | S14: =+[4]파주!$L$56/1000 -> -40.503226 | T14: =+([4]파주!$H$80+[4]파주!$H$85)/1000 -> 74.138594 | U14: =+([4]파주!$I$80+[4]파주!$I$85)/1000 -> 73.704507 | V14: =+U14-T14 -> -0.43408748 | W14: =+([4]파주!$L$80+[4]파주!$L$85)/1000 -> 0.43408748 | Y14: =+G14-K14-O14-S14-W14 -> -1.0519363e-13 | Z14: =+Y14*1000000 -> -1.0519363e-07
D15: 김포 | E15: =+[4]김포!$H$86/1000 -> 26.816095 | F15: =+[4]김포!$I$86/1000 -> -46.86888 | G15: =+F15-E15 -> -73.684975 | H15: =+[4]김포!$T$5/1000 -> 10 | I15: =+[4]김포!$U$5/1000 -> 7.4045 | J15: =+I15-H15 -> -2.5955 | K15: =+[4]김포!$M$86/1000 -> -21.094436 | L15: =+[4]김포!$Q$85 -> 95733.513 | M15: =+[4]김포!$R$85 -> 95239.126 | N15: =+M15-L15 -> -494.3874 | O15: =+[4]김포!$K$86/1000 -> -3.6547589 | P15: =+[4]김포!$Q$50 -> 87632.099 | Q15: =+[4]김포!$R$50 -> 94443.953 | R15: =+Q15-P15 -> 6811.8537 | S15: =+[4]김포!$L$56/1000 -> -50.356632 | T15: =+([4]김포!$H$80+[4]김포!$H$85)/1000 -> 54.198043 | U15: =+([4]김포!$I$80+[4]김포!$I$85)/1000 -> 52.777191 | V15: =+U15-T15 -> -1.4208521 | W15: =+([4]김포!$L$80+[4]김포!$L$85)/1000 -> 1.4208521 | Y15: =+G15-K15-O15-S15-W15 -> 2.3758773e-14 | Z15: =+Y15*1000000 -> 2.3758773e-08
D16: 부산 | E16: =+[4]부산!$H$86/1000 -> 171.93637 | F16: =+[4]부산!$I$86/1000 -> 133.31258 | G16: =+F16-E16 -> -38.623789 | H16: =+[4]부산!$T$5/1000 -> 19 | I16: =+[4]부산!$U$5/1000 -> 16.897 | J16: =+I16-H16 -> -2.103 | K16: =+[4]부산!$M$86/1000 -> -29.631275 | L16: =+[4]부산!$Q$85 -> 107699.9 | M16: =+[4]부산!$R$85 -> 106178.76 | N16: =+M16-L16 -> -1521.1425 | O16: =+[4]부산!$K$86/1000 -> -25.702745 | P16: =+[4]부산!$Q$50 -> 93609.9 | Q16: =+[4]부산!$R$50 -> 92555.067 | R16: =+Q16-P16 -> -1054.8326 | S16: =+[4]부산!$L$56/1000 -> 54.652777 | T16: =+([4]부산!$H$80+[4]부산!$H$85)/1000 -> 95.77368 | U16: =+([4]부산!$I$80+[4]부산!$I$85)/1000 -> 133.71623 | V16: =+U16-T16 -> 37.942546 | W16: =+([4]부산!$L$80+[4]부산!$L$85)/1000 -> -37.942546 | Y16: =+G16-K16-O16-S16-W16 -> -8.5265128e-14 | Z16: =+Y16*1000000 -> -8.5265128e-08
D17: 서부산 | E17: =+[4]서부산!$H$86/1000 -> 156.91558 | F17: =+[4]서부산!$I$86/1000 -> 77.502494 | G17: =+F17-E17 -> -79.41309 | H17: =+[4]서부산!$T$5/1000 -> 19 | I17: =+[4]서부산!$U$5/1000 -> 17.85 | J17: =+I17-H17 -> -1.15 | K17: =+[4]서부산!$M$86/1000 -> -14.244955 | L17: =+[4]서부산!$Q$85 -> 99300.389 | M17: =+[4]서부산!$R$85 -> 95281.804 | N17: =+M17-L17 -> -4018.5851 | O17: =+[4]서부산!$K$86/1000 -> -71.731744 | P17: =+[4]서부산!$Q$50 -> 86913.471 | Q17: =+[4]서부산!$R$50 -> 85786.824 | R17: =+Q17-P17 -> -1126.6471 | S17: =+[4]서부산!$L$56/1000 -> 24.091725 | T17: =+([4]서부산!$H$80+[4]서부산!$H$85)/1000 -> 78.435854 | U17: =+([4]서부산!$I$80+[4]서부산!$I$85)/1000 -> 95.963969 | V17: =+U17-T17 -> 17.528115 | W17: =+([4]서부산!$L$80+[4]서부산!$L$85)/1000 -> -17.528115 | Y17: =+G17-K17-O17-S17-W17 -> 4.0145665e-13 | Z17: =+Y17*1000000 -> 4.0145665e-07
D18: 김해 | E18: =+[4]김해!$H$86/1000 -> 85.847828 | F18: =+[4]김해!$I$86/1000 -> -73.487828 | G18: =+F18-E18 -> -159.33566 | H18: =+[4]김해!$T$5/1000 -> 12 | I18: =+[4]김해!$U$5/1000 -> 4.58 | J18: =+I18-H18 -> -7.42 | K18: =+[4]김해!$M$86/1000 -> -86.158246 | L18: =+[4]김해!$Q$85 -> 96300.275 | M18: =+[4]김해!$R$85 -> 99140.018 | N18: =+M18-L18 -> 2839.743 | O18: =+[4]김해!$K$86/1000 -> 12.616978 | P18: =+[4]김해!$Q$50 -> 84857.461 | Q18: =+[4]김해!$R$50 -> 104715.14 | R18: =+Q18-P18 -> 19857.676 | S18: =+[4]김해!$L$56/1000 -> -87.082131 | T18: =+([4]김해!$H$80+[4]김해!$H$85)/1000 -> 51.465942 | U18: =+([4]김해!$I$80+[4]김해!$I$85)/1000 -> 50.178198 | V18: =+U18-T18 -> -1.287744 | W18: =+([4]김해!$L$80+[4]김해!$L$85)/1000 -> 1.287744 | Y18: =+G18-K18-O18-S18-W18 -> -4.241052e-14 | Z18: =+Y18*1000000 -> -4.241052e-08
D19: 정관 | E19: =+[4]정관!$H$86/1000 -> 135.99039 | F19: =+[4]정관!$I$86/1000 -> 150.8114 | G19: =+F19-E19 -> 14.821004 | H19: =+[4]정관!$T$5/1000 -> 18 | I19: =+[4]정관!$U$5/1000 -> 18.366 | J19: =+I19-H19 -> 0.366 | K19: =+[4]정관!$M$86/1000 -> 4.2579698 | L19: =+[4]정관!$Q$85 -> 102000.12 | M19: =+[4]정관!$R$85 -> 103912.71 | N19: =+M19-L19 -> 1912.5897 | O19: =+[4]정관!$K$86/1000 -> 35.126623 | P19: =+[4]정관!$Q$50 -> 90366.327 | Q19: =+[4]정관!$R$50 -> 92532.985 | R19: =+Q19-P19 -> 2166.6584 | S19: =+[4]정관!$L$56/1000 -> -34.103596 | T19: =+([4]정관!$H$80+[4]정관!$H$85)/1000 -> 73.417959 | U19: =+([4]정관!$I$80+[4]정관!$I$85)/1000 -> 63.877952 | V19: =+U19-T19 -> -9.540007 | W19: =+([4]정관!$L$80+[4]정관!$L$85)/1000 -> 9.540007 | Y19: =+G19-K19-O19-S19-W19 -> -3.1974423e-14 | Z19: =+Y19*1000000 -> -3.1974423e-08
D20: 양산 | E20: =+[4]양산!$H$86/1000 -> 56.073825 | F20: =+[4]양산!$I$86/1000 -> 32.887764 | G20: =+F20-E20 -> -23.186061 | H20: =+[4]양산!$T$5/1000 -> 10 | I20: =+[4]양산!$U$5/1000 -> 8.188 | J20: =+I20-H20 -> -1.812 | K20: =+[4]양산!$M$86/1000 -> -17.502304 | L20: =+[4]양산!$Q$85 -> 94724.25 | M20: =+[4]양산!$R$85 -> 96674.463 | N20: =+M20-L20 -> 1950.2126 | O20: =+[4]양산!$K$86/1000 -> 15.968341 | P20: =+[4]양산!$Q$50 -> 85065.142 | Q20: =+[4]양산!$R$50 -> 87541.282 | R20: =+Q20-P20 -> 2476.1399 | S20: =+[4]양산!$L$56/1000 -> -20.272901 | T20: =+([4]양산!$H$80+[4]양산!$H$85)/1000 -> 40.517256 | U20: =+([4]양산!$I$80+[4]양산!$I$85)/1000 -> 41.896453 | V20: =+U20-T20 -> 1.3791968 | W20: =+([4]양산!$L$80+[4]양산!$L$85)/1000 -> -1.3791968 | Y20: =+G20-K20-O20-S20-W20 -> 1.8207658e-14 | Z20: =+Y20*1000000 -> 1.8207658e-08
D21: 창원 | E21: =+[4]창원!$H$86/1000 -> -13.173998 | F21: =+[4]창원!$I$86/1000 -> 108.75022 | G21: =+F21-E21 -> 121.92422 | H21: =+[4]창원!$T$5/1000 -> 7 | I21: =+[4]창원!$U$5/1000 -> 10.864 | J21: =+I21-H21 -> 3.864 | K21: =+[4]창원!$M$86/1000 -> 30.759221 | L21: =+[4]창원!$Q$85 -> 100000.31 | M21: =+[4]창원!$R$85 -> 99956.742 | N21: =+M21-L21 -> -43.57211 | O21: =+[4]창원!$K$86/1000 -> -0.4733674 | P21: =+[4]창원!$Q$50 -> 92039.854 | Q21: =+[4]창원!$R$50 -> 84675.033 | R21: =+Q21-P21 -> -7364.8204 | S21: =+[4]창원!$L$56/1000 -> 80.011389 | T21: =+([4]창원!$H$80+[4]창원!$H$85)/1000 -> 68.897224 | U21: =+([4]창원!$I$80+[4]창원!$I$85)/1000 -> 57.270245 | V21: =+U21-T21 -> -11.626979 | W21: =+([4]창원!$L$80+[4]창원!$L$85)/1000 -> 11.626979 | Y21: =+G21-K21-O21-S21-W21 -> 6.0396133e-14 | Z21: =+Y21*1000000 -> 6.0396133e-08
D22: 대구 | E22: =+[4]대구!$H$86/1000 -> 54.453551 | F22: =+[4]대구!$I$86/1000 -> 11.519029 | G22: =+F22-E22 -> -42.934522 | H22: =+[4]대구!$T$5/1000 -> 11 | I22: =+[4]대구!$U$5/1000 -> 9.434 | J22: =+I22-H22 -> -1.566 | K22: =+[4]대구!$M$86/1000 -> -15.355377 | L22: =+[4]대구!$Q$85 -> 96715.633 | M22: =+[4]대구!$R$85 -> 93545.333 | N22: =+M22-L22 -> -3170.3003 | O22: =+[4]대구!$K$86/1000 -> -29.908613 | P22: =+[4]대구!$Q$50 -> 86910.156 | Q22: =+[4]대구!$R$50 -> 87657.325 | R22: =+Q22-P22 -> 747.16958 | S22: =+[4]대구!$L$56/1000 -> -7.0487912 | T22: =+([4]대구!$H$80+[4]대구!$H$85)/1000 -> 53.406698 | U22: =+([4]대구!$I$80+[4]대구!$I$85)/1000 -> 44.028439 | V22: =+U22-T22 -> -9.3782597 | W22: =+([4]대구!$L$80+[4]대구!$L$85)/1000 -> 9.3782597 | Y22: =+G22-K22-O22-S22-W22 -> 1.2079227e-13 | Z22: =+Y22*1000000 -> 1.2079227e-07
D23: 울산 | E23: =+[4]울산!$H$86/1000 -> 20.987928 | F23: =+[4]울산!$I$86/1000 -> 78.01652 | G23: =+F23-E23 -> 57.028592 | H23: =+[4]울산!$T$5/1000 -> 9 | I23: =+[4]울산!$U$5/1000 -> 9.715 | J23: =+I23-H23 -> 0.715 | K23: =+[4]울산!$M$86/1000 -> 5.7924581 | L23: =+[4]울산!$Q$85 -> 101504.44 | M23: =+[4]울산!$R$85 -> 107802.99 | N23: =+M23-L23 -> 6298.5406 | O23: =+[4]울산!$K$86/1000 -> 61.190322 | P23: =+[4]울산!$Q$50 -> 93403.104 | Q23: =+[4]울산!$R$50 -> 95436.781 | R23: =+Q23-P23 -> 2033.6761 | S23: =+[4]울산!$L$56/1000 -> -19.825493 | T23: =+([4]울산!$H$80+[4]울산!$H$85)/1000 -> 51.924132 | U23: =+([4]울산!$I$80+[4]울산!$I$85)/1000 -> 42.052827 | V23: =+U23-T23 -> -9.8713047 | W23: =+([4]울산!$L$80+[4]울산!$L$85)/1000 -> 9.8713047 | Y23: =+G23-K23-O23-S23-W23 -> -5.8619776e-14 | Z23: =+Y23*1000000 -> -5.8619776e-08
D24: 아산 | E24: =+[4]아산!$H$86/1000 -> 176.52372 | F24: =+[4]아산!$I$86/1000 -> 71.697309 | G24: =+F24-E24 -> -104.82641 | H24: =+[4]아산!$T$5/1000 -> 18 | I24: =+[4]아산!$U$5/1000 -> 17.767 | J24: =+I24-H24 -> -0.233 | K24: =+[4]아산!$M$86/1000 -> -3.3682187 | L24: =+[4]아산!$Q$85 -> 103000 | M24: =+[4]아산!$R$85 -> 100356.99 | N24: =+M24-L24 -> -2643.0123 | O24: =+[4]아산!$K$86/1000 -> -46.9584 | P24: =+[4]아산!$Q$50 -> 88544.126 | Q24: =+[4]아산!$R$50 -> 91971.713 | R24: =+Q24-P24 -> 3427.5867 | S24: =+[4]아산!$L$56/1000 -> -60.493162 | T24: =+([4]아산!$H$80+[4]아산!$H$85)/1000 -> 83.682018 | U24: =+([4]아산!$I$80+[4]아산!$I$85)/1000 -> 77.688644 | V24: =+U24-T24 -> -5.9933744 | W24: =+([4]아산!$L$80+[4]아산!$L$85)/1000 -> 5.9933744 | Y24: =+G24-K24-O24-S24-W24 -> -1.4210855e-13 | Z24: =+Y24*1000000 -> -1.4210855e-07
D25: 전주 | E25: =+[4]전주!$H$86/1000 -> 12.032137 | F25: =+[4]전주!$I$86/1000 -> 149.1804 | G25: =+F25-E25 -> 137.14827 | H25: =+[4]전주!$T$5/1000 -> 7 | I25: =+[4]전주!$U$5/1000 -> 13.0765 | J25: =+I25-H25 -> 6.0765 | K25: =+[4]전주!$M$86/1000 -> 55.611281 | L25: =+[4]전주!$Q$85 -> 96862.617 | M25: =+[4]전주!$R$85 -> 96124.125 | N25: =+M25-L25 -> -738.49226 | O25: =+[4]전주!$K$86/1000 -> -9.6568941 | P25: =+[4]전주!$Q$50 -> 87710.757 | Q25: =+[4]전주!$R$50 -> 81015.442 | R25: =+Q25-P25 -> -6695.3147 | S25: =+[4]전주!$L$56/1000 -> 87.551279 | T25: =+([4]전주!$H$80+[4]전주!$H$85)/1000 -> 52.030888 | U25: =+([4]전주!$I$80+[4]전주!$I$85)/1000 -> 48.388286 | V25: =+U25-T25 -> -3.6426021 | W25: =+([4]전주!$L$80+[4]전주!$L$85)/1000 -> 3.6426021 | Y25: =+G25-K25-O25-S25-W25 -> 1.3633539e-13 | Z25: =+Y25*1000000 -> 1.3633539e-07
D26: 군산 | E26: =+[4]군산!$H$86/1000 -> 104.6721 | F26: =+[4]군산!$I$86/1000 -> 57.866905 | G26: =+F26-E26 -> -46.805192 | H26: =+[4]군산!$T$5/1000 -> 5 | I26: =+[4]군산!$U$5/1000 -> 3.896 | J26: =+I26-H26 -> -1.104 | K26: =+[4]군산!$M$86/1000 -> -28.158449 | L26: =+[4]군산!$Q$85 -> 111520.25 | M26: =+[4]군산!$R$85 -> 106486.72 | N26: =+M26-L26 -> -5033.5309 | O26: =+[4]군산!$K$86/1000 -> -19.610636 | P26: =+[4]군산!$Q$50 -> 86014.406 | Q26: =+[4]군산!$R$50 -> 86340.881 | R26: =+Q26-P26 -> 326.47523 | S26: =+[4]군산!$L$56/1000 -> -1.2719445 | T26: =+([4]군산!$H$80+[4]군산!$H$85)/1000 -> 22.857112 | U26: =+([4]군산!$I$80+[4]군산!$I$85)/1000 -> 20.621274 | V26: =+U26-T26 -> -2.2358378 | W26: =+([4]군산!$L$80+[4]군산!$L$85)/1000 -> 2.2358378 | Y26: =+G26-K26-O26-S26-W26 -> -2.0872193e-14 | Z26: =+Y26*1000000 -> -2.0872193e-08
D27: 원주 | E27: =+[4]원주!$H$86/1000 -> -12.698378 | F27: =+[4]원주!$I$86/1000 -> -36.517007 | G27: =+F27-E27 -> -23.818629 | H27: =+[4]원주!$T$5/1000 -> 2 | I27: =+[4]원주!$U$5/1000 -> 1.228 | J27: =+I27-H27 -> -0.772 | K27: =+[4]원주!$M$86/1000 -> -2.3139979 | L27: =+[4]원주!$Q$85 -> 112000 | M27: =+[4]원주!$R$85 -> 112766.37 | N27: =+M27-L27 -> 766.36808 | O27: =+[4]원주!$K$86/1000 -> 0.9411 | P27: =+[4]원주!$Q$50 -> 109002.59 | Q27: =+[4]원주!$R$50 -> 130142.26 | R27: =+Q27-P27 -> 21139.667 | S27: =+[4]원주!$L$56/1000 -> -25.959508 | T27: =+([4]원주!$H$80+[4]원주!$H$85)/1000 -> 18.693191 | U27: =+([4]원주!$I$80+[4]원주!$I$85)/1000 -> 15.179414 | V27: =+U27-T27 -> -3.513777 | W27: =+([4]원주!$L$80+[4]원주!$L$85)/1000 -> 3.513777 | Y27: =+G27-K27-O27-S27-W27 -> 0 | Z27: =+Y27*1000000 -> 0
D28: 제주 | E28: =+[4]제주!$H$86/1000 -> 134.03568 | F28: =+[4]제주!$I$86/1000 -> 53.836508 | G28: =+F28-E28 -> -80.199177 | H28: =+[4]제주!$T$5/1000 -> 7 | I28: =+[4]제주!$U$5/1000 -> 4.678 | J28: =+I28-H28 -> -2.322 | K28: =+[4]제주!$M$86/1000 -> -55.616052 | L28: =+[4]제주!$Q$85 -> 122822.5 | M28: =+[4]제주!$R$85 -> 120936.46 | N28: =+M28-L28 -> -1886.0359 | O28: =+[4]제주!$K$86/1000 -> -8.6965115 | P28: =+[4]제주!$Q$50 -> 99567.799 | Q28: =+[4]제주!$R$50 -> 102976.97 | R28: =+Q28-P28 -> 3409.1688 | S28: =+[4]제주!$L$56/1000 -> -15.719665 | T28: =+([4]제주!$H$80+[4]제주!$H$85)/1000 -> 28.747222 | U28: =+([4]제주!$I$80+[4]제주!$I$85)/1000 -> 28.914169 | V28: =+U28-T28 -> 0.1669477 | W28: =+([4]제주!$L$80+[4]제주!$L$85)/1000 -> -0.1669477 | Y28: =+G28-K28-O28-S28-W28 -> -1.1435297e-13 | Z28: =+Y28*1000000 -> -1.1435297e-07

Sheet 공헌이익
D4: □ 레미콘 단위당 공헌이익(2025-02)
V5: [단위 : 원/㎥]
A6: 2024년 12월 마감 손익 | D6: 구분 | E6: 판매단가 | H6: 재료비 | K6: 운반비 | N6: 유류비 | Q6: 변동비 계 | T6: 공헌이익
E7: 계획 | F7: 실적 | G7: 차이 | H7: 계획 | I7: 실적 | J7: 차이 | K7: 계획 | L7: 실적 | M7: 차이 | N7: 계획 | O7: 실적 | P7: 차이 | Q7: 계획 | R7: 실적 | S7: 차이 | T7: 계획 | U7: 실적 | V7: 차이
D8: 평균 | E8: =+[4]합계!$Q$85 -> 100532.46 | F8: =+[4]합계!$R$85 -> 99735.994 | G8: =+F8-E8 -> -796.47067 | H8: =+[4]합계!$Q$20 -> 61826.371 | I8: =+[4]합계!$R$20 -> 62127.798 | J8: =+I8-H8 -> 301.4262 | K8: =+[4]합계!$Q$21 -> 18221.682 | L8: =+[4]합계!$R$21 -> 18572.107 | M8: =+L8-K8 -> 350.42446 | N8: =+[4]합계!$Q$22 -> 322.56608 | O8: =+[4]합계!$R$22 -> 363.1778 | P8: =+O8-N8 -> 40.61172 | Q8: =H8+K8+N8 -> 80370.62 | R8: =I8+L8+O8 -> 81063.082 | S8: =+R8-Q8 -> 692.46238 | T8: =+E8-Q8 -> 20161.845 | U8: =+F8-R8 -> 18672.912 | V8: =+U8-T8 -> -1488.933
D9: 수도권 | E9: =+[4]수도권!$Q$85 -> 97568.732 | F9: =+[4]수도권!$R$85 -> 96965.552 | G9: =+F9-E9 -> -603.17989 | H9: =+[4]수도권!$Q$20 -> 63564.233 | I9: =+[4]수도권!$R$20 -> 62953.992 | J9: =+I9-H9 -> -610.24125 | K9: =+[4]수도권!$Q$21 -> 17869.216 | L9: =+[4]수도권!$R$21 -> 18773.667 | M9: =+L9-K9 -> 904.45115 | N9: =+[4]수도권!$Q$22 -> 408.46386 | O9: =+[4]수도권!$R$22 -> 546.60158 | P9: =+O9-N9 -> 138.13772 | Q9: =H9+K9+N9 -> 81841.913 | R9: =I9+L9+O9 -> 82274.26 | S9: =+R9-Q9 -> 432.34763 | T9: =+E9-Q9 -> 15726.819 | U9: =+F9-R9 -> 14691.292 | V9: =+U9-T9 -> -1035.5275
D10: 영남권 | E10: =+[4]영남권!$Q$85 -> 100469.22 | F10: =+[4]영남권!$R$85 -> 100787.78 | G10: =+F10-E10 -> 318.56845 | H10: =+[4]영남권!$Q$20 -> 60522.616 | I10: =+[4]영남권!$R$20 -> 61371.408 | J10: =+I10-H10 -> 848.79152 | K10: =+[4]영남권!$Q$21 -> 18745.733 | L10: =+[4]영남권!$R$21 -> 19047.985 | M10: =+L10-K10 -> 302.25131 | N10: =+[4]영남권!$Q$22 -> 264.95238 | O10: =+[4]영남권!$R$22 -> 266.51918 | P10: =+O10-N10 -> 1.5667954 | Q10: =H10+K10+N10 -> 79533.302 | R10: =I10+L10+O10 -> 80685.912 | S10: =+R10-Q10 -> 1152.6096 | T10: =+E10-Q10 -> 20935.914 | U10: =+F10-R10 -> 20101.873 | V10: =+U10-T10 -> -834.04118
D11: 기타권 | E11: =+[4]중부권!$Q$85 -> 107010.18 | F11: =+[4]중부권!$R$85 -> 102295.48 | G11: =+F11-E11 -> -4714.7018 | H11: =+[4]중부권!$Q$20 -> 61637.955 | I11: =+[4]중부권!$R$20 -> 62428.522 | J11: =+I11-H11 -> 790.56669 | K11: =+[4]중부권!$Q$21 -> 17560.897 | L11: =+[4]중부권!$R$21 -> 17074.097 | M11: =+L11-K11 -> -486.80021 | N11: =+[4]중부권!$Q$22 -> 294.87179 | O11: =+[4]중부권!$R$22 -> 260.36707 | P11: =+O11-N11 -> -34.50473 | Q11: =H11+K11+N11 -> 79493.724 | R11: =I11+L11+O11 -> 79762.985 | S11: =+R11-Q11 -> 269.26175 | T11: =+E11-Q11 -> 27516.457 | U11: =+F11-R11 -> 22532.494 | V11: =+U11-T11 -> -4983.9635
D12: 안양 | E12: =+[4]안양!$Q$85 -> 98492.941 | F12: =+[4]안양!$R$85 -> 96859.207 | G12: =+F12-E12 -> -1633.7334 | H12: =+[4]안양!$Q$20 -> 65295.209 | I12: =+[4]안양!$R$20 -> 62170.62 | J12: =+I12-H12 -> -3124.589 | K12: =+[4]안양!$Q$21 -> 17450.281 | L12: =+[4]안양!$R$21 -> 18234.548 | M12: =+L12-K12 -> 784.26666 | N12: =+[4]안양!$Q$22 -> 359.375 | O12: =+[4]안양!$R$22 -> 362.62552 | P12: =+O12-N12 -> 3.2505214 | Q12: =H12+K12+N12 -> 83104.865 | R12: =I12+L12+O12 -> 80767.793 | S12: =+R12-Q12 -> -2337.0719 | T12: =+E12-Q12 -> 15388.075 | U12: =+F12-R12 -> 16091.414 | V12: =+U12-T12 -> 703.33845
D13: 인천 | E13: =+[4]인천!$Q$85 -> 97727.915 | F13: =+[4]인천!$R$85 -> 97514.168 | G13: =+F13-E13 -> -213.74625 | H13: =+[4]인천!$Q$20 -> 65311.192 | I13: =+[4]인천!$R$20 -> 66042.949 | J13: =+I13-H13 -> 731.75758 | K13: =+[4]인천!$Q$21 -> 17753.833 | L13: =+[4]인천!$R$21 -> 19400.539 | M13: =+L13-K13 -> 1646.7062 | N13: =+[4]인천!$Q$22 -> 600 | O13: =+[4]인천!$R$22 -> 760.42574 | P13: =+O13-N13 -> 160.42574 | Q13: =H13+K13+N13 -> 83665.025 | R13: =I13+L13+O13 -> 86203.914 | S13: =+R13-Q13 -> 2538.8895 | T13: =+E13-Q13 -> 14062.89 | U13: =+F13-R13 -> 11310.254 | V13: =+U13-T13 -> -2752.6357
D14: 파주 | E14: =+[4]파주!$Q$85 -> 96618.603 | F14: =+[4]파주!$R$85 -> 97410.416 | G14: =+F14-E14 -> 791.81304 | H14: =+[4]파주!$Q$20 -> 60467.911 | I14: =+[4]파주!$R$20 -> 61528.135 | J14: =+I14-H14 -> 1060.2248 | K14: =+[4]파주!$Q$21 -> 18669.473 | L14: =+[4]파주!$R$21 -> 18878.625 | M14: =+L14-K14 -> 209.15223 | N14: =+[4]파주!$Q$22 -> 297.03125 | O14: =+[4]파주!$R$22 -> 463.65505 | P14: =+O14-N14 -> 166.6238 | Q14: =H14+K14+N14 -> 79434.415 | R14: =I14+L14+O14 -> 80870.416 | S14: =+R14-Q14 -> 1436.0008 | T14: =+E14-Q14 -> 17184.188 | U14: =+F14-R14 -> 16540.001 | V14: =+U14-T14 -> -644.18777
D15: 김포 | E15: =+[4]김포!$Q$85 -> 95733.513 | F15: =+[4]김포!$R$85 -> 95239.126 | G15: =+F15-E15 -> -494.3874 | H15: =+[4]김포!$Q$20 -> 58611.826 | I15: =+[4]김포!$R$20 -> 59649.127 | J15: =+I15-H15 -> 1037.3009 | K15: =+[4]김포!$Q$21 -> 18217.853 | L15: =+[4]김포!$R$21 -> 19320.946 | M15: =+L15-K15 -> 1103.093 | N15: =+[4]김포!$Q$22 -> 265 | O15: =+[4]김포!$R$22 -> 901.45012 | P15: =+O15-N15 -> 636.45012 | Q15: =H15+K15+N15 -> 77094.679 | R15: =I15+L15+O15 -> 79871.523 | S15: =+R15-Q15 -> 2776.844 | T15: =+E15-Q15 -> 18638.834 | U15: =+F15-R15 -> 15367.602 | V15: =+U15-T15 -> -3271.2314
D16: 부산 | E16: =+[4]부산!$Q$85 -> 107699.9 | F16: =+[4]부산!$R$85 -> 106178.76 | G16: =+F16-E16 -> -1521.1425 | H16: =+[4]부산!$Q$20 -> 64721.339 | I16: =+[4]부산!$R$20 -> 64330.919 | J16: =+I16-H16 -> -390.41979 | K16: =+[4]부산!$Q$21 -> 20070.6 | L16: =+[4]부산!$R$21 -> 19898.367 | M16: =+L16-K16 -> -172.2332 | N16: =+[4]부산!$Q$22 -> 263.15789 | O16: =+[4]부산!$R$22 -> 179.45344 | P16: =+O16-N16 -> -83.704451 | Q16: =H16+K16+N16 -> 85055.097 | R16: =I16+L16+O16 -> 84408.739 | S16: =+R16-Q16 -> -646.35744 | T16: =+E16-Q16 -> 22644.805 | U16: =+F16-R16 -> 21770.02 | V16: =+U16-T16 -> -874.78506
D17: 서부산 | E17: =+[4]서부산!$Q$85 -> 99300.389 | F17: =+[4]서부산!$R$85 -> 95281.804 | G17: =+F17-E17 -> -4018.5851 | H17: =+[4]서부산!$Q$20 -> 61468.169 | I17: =+[4]서부산!$R$20 -> 62051.251 | J17: =+I17-H17 -> 583.08137 | K17: =+[4]서부산!$Q$21 -> 17084.365 | L17: =+[4]서부산!$R$21 -> 16212.384 | M17: =+L17-K17 -> -871.98121 | N17: =+[4]서부산!$Q$22 -> 157.89474 | O17: =+[4]서부산!$R$22 -> 284.81612 | P17: =+O17-N17 -> 126.92138 | Q17: =H17+K17+N17 -> 78710.43 | R17: =I17+L17+O17 -> 78548.451 | S17: =+R17-Q17 -> -161.97846 | T17: =+E17-Q17 -> 20589.959 | U17: =+F17-R17 -> 16733.353 | V17: =+U17-T17 -> -3856.6066
D18: 김해 | E18: =+[4]김해!$Q$85 -> 96300.275 | F18: =+[4]김해!$R$85 -> 99140.018 | G18: =+F18-E18 -> 2839.743 | H18: =+[4]김해!$Q$20 -> 56736.181 | I18: =+[4]김해!$R$20 -> 58070.775 | J18: =+I18-H18 -> 1334.5937 | K18: =+[4]김해!$Q$21 -> 19804.268 | L18: =+[4]김해!$R$21 -> 24408.036 | M18: =+L18-K18 -> 4603.7683 | N18: =+[4]김해!$Q$22 -> 366.66667 | O18: =+[4]김해!$R$22 -> 806.18479 | P18: =+O18-N18 -> 439.51812 | Q18: =H18+K18+N18 -> 76907.116 | R18: =I18+L18+O18 -> 83284.996 | S18: =+R18-Q18 -> 6377.8801 | T18: =+E18-Q18 -> 19393.159 | U18: =+F18-R18 -> 15855.022 | V18: =+U18-T18 -> -3538.1371
D19: 정관 | E19: =+[4]정관!$Q$85 -> 102000.12 | F19: =+[4]정관!$R$85 -> 103912.71 | G19: =+F19-E19 -> 1912.5897 | H19: =+[4]정관!$Q$20 -> 62735.414 | I19: =+[4]정관!$R$20 -> 64474.986 | J19: =+I19-H19 -> 1739.5714 | K19: =+[4]정관!$Q$21 -> 19006.745 | L19: =+[4]정관!$R$21 -> 20283.081 | M19: =+L19-K19 -> 1276.3364 | N19: =+[4]정관!$Q$22 -> 222.22222 | O19: =+[4]정관!$R$22 -> 323.98672 | P19: =+O19-N19 -> 101.7645 | Q19: =H19+K19+N19 -> 81964.382 | R19: =I19+L19+O19 -> 85082.054 | S19: =+R19-Q19 -> 3117.6723 | T19: =+E19-Q19 -> 20035.742 | U19: =+F19-R19 -> 18830.66 | V19: =+U19-T19 -> -1205.0826
D20: 양산 | E20: =+[4]양산!$Q$85 -> 94724.25 | F20: =+[4]양산!$R$85 -> 96674.463 | G20: =+F20-E20 -> 1950.2126 | H20: =+[4]양산!$Q$20 -> 56631.153 | I20: =+[4]양산!$R$20 -> 55975.094 | J20: =+I20-H20 -> -656.05897 | K20: =+[4]양산!$Q$21 -> 17602.723 | L20: =+[4]양산!$R$21 -> 18217.28 | M20: =+L20-K20 -> 614.55693 | N20: =+[4]양산!$Q$22 -> 140 | O20: =+[4]양산!$R$22 -> 64.35116 | P20: =+O20-N20 -> -75.64884 | Q20: =H20+K20+N20 -> 74373.876 | R20: =I20+L20+O20 -> 74256.725 | S20: =+R20-Q20 -> -117.15088 | T20: =+E20-Q20 -> 20350.374 | U20: =+F20-R20 -> 22417.738 | V20: =+U20-T20 -> 2067.3635
D21: 창원 | E21: =+[4]창원!$Q$85 -> 100000.31 | F21: =+[4]창원!$R$85 -> 99956.742 | G21: =+F21-E21 -> -43.57211 | H21: =+[4]창원!$Q$20 -> 57730.685 | I21: =+[4]창원!$R$20 -> 57729.784 | J21: =+I21-H21 -> -0.90075708 | K21: =+[4]창원!$Q$21 -> 17628.084 | L21: =+[4]창원!$R$21 -> 16608.605 | M21: =+L21-K21 -> -1019.4788 | N21: =+[4]창원!$Q$22 -> 428.57143 | O21: =+[4]창원!$R$22 -> 88.398012 | P21: =+O21-N21 -> -340.17342 | Q21: =H21+K21+N21 -> 75787.34 | R21: =I21+L21+O21 -> 74426.787 | S21: =+R21-Q21 -> -1360.553 | T21: =+E21-Q21 -> 24212.975 | U21: =+F21-R21 -> 25529.956 | V21: =+U21-T21 -> 1316.9809
D22: 대구 | E22: =+[4]대구!$Q$85 -> 96715.633 | F22: =+[4]대구!$R$85 -> 93545.333 | G22: =+F22-E22 -> -3170.3003 | H22: =+[4]대구!$Q$20 -> 56101.465 | I22: =+[4]대구!$R$20 -> 56795.274 | J22: =+I22-H22 -> 693.8086 | K22: =+[4]대구!$Q$21 -> 18265.331 | L22: =+[4]대구!$R$21 -> 19212.008 | M22: =+L22-K22 -> 946.67688 | N22: =+[4]대구!$Q$22 -> 409.09091 | O22: =+[4]대구!$R$22 -> 349.05766 | P22: =+O22-N22 -> -60.033245 | Q22: =H22+K22+N22 -> 74775.887 | R22: =I22+L22+O22 -> 76356.339 | S22: =+R22-Q22 -> 1580.4522 | T22: =+E22-Q22 -> 21939.746 | U22: =+F22-R22 -> 17188.994 | V22: =+U22-T22 -> -4750.7526
D23: 울산 | E23: =+[4]울산!$Q$85 -> 101504.44 | F23: =+[4]울산!$R$85 -> 107802.99 | G23: =+F23-E23 -> 6298.5406 | H23: =+[4]울산!$Q$20 -> 62184.444 | I23: =+[4]울산!$R$20 -> 63598.38 | J23: =+I23-H23 -> 1413.9366 | K23: =+[4]울산!$Q$21 -> 20249.177 | L23: =+[4]울산!$R$21 -> 21557.321 | M23: =+L23-K23 -> 1308.1448 | N23: =+[4]울산!$Q$22 -> 280 | O23: =+[4]울산!$R$22 -> 316.43296 | P23: =+O23-N23 -> 36.43296 | Q23: =H23+K23+N23 -> 82713.62 | R23: =I23+L23+O23 -> 85472.134 | S23: =+R23-Q23 -> 2758.5144 | T23: =+E23-Q23 -> 18790.824 | U23: =+F23-R23 -> 22330.851 | V23: =+U23-T23 -> 3540.0262
D24: 아산 | E24: =+[4]아산!$Q$85 -> 103000 | F24: =+[4]아산!$R$85 -> 100356.99 | G24: =+F24-E24 -> -2643.0123 | H24: =+[4]아산!$Q$20 -> 59385.119 | I24: =+[4]아산!$R$20 -> 63389.307 | J24: =+I24-H24 -> 4004.1886 | K24: =+[4]아산!$Q$21 -> 19889.77 | L24: =+[4]아산!$R$21 -> 20267.765 | M24: =+L24-K24 -> 377.99553 | N24: =+[4]아산!$Q$22 -> 250 | O24: =+[4]아산!$R$22 -> 195.2551 | P24: =+O24-N24 -> -54.744899 | Q24: =H24+K24+N24 -> 79524.888 | R24: =I24+L24+O24 -> 83852.328 | S24: =+R24-Q24 -> 4327.4392 | T24: =+E24-Q24 -> 23475.112 | U24: =+F24-R24 -> 16504.66 | V24: =+U24-T24 -> -6970.4515
D25: 전주 | E25: =+[4]전주!$Q$85 -> 96862.617 | F25: =+[4]전주!$R$85 -> 96124.125 | G25: =+F25-E25 -> -738.49226 | H25: =+[4]전주!$Q$20 -> 57235.361 | I25: =+[4]전주!$R$20 -> 58832.025 | J25: =+I25-H25 -> 1596.6648 | K25: =+[4]전주!$Q$21 -> 16015.329 | L25: =+[4]전주!$R$21 -> 14475.249 | M25: =+L25-K25 -> -1540.0797 | N25: =+[4]전주!$Q$22 -> 428.57143 | O25: =+[4]전주!$R$22 -> 226.6244 | P25: =+O25-N25 -> -201.94703 | Q25: =H25+K25+N25 -> 73679.261 | R25: =I25+L25+O25 -> 73533.899 | S25: =+R25-Q25 -> -145.3619 | T25: =+E25-Q25 -> 23183.356 | U25: =+F25-R25 -> 22590.226 | V25: =+U25-T25 -> -593.13036
D26: 군산 | E26: =+[4]군산!$Q$85 -> 111520.25 | F26: =+[4]군산!$R$85 -> 106486.72 | G26: =+F26-E26 -> -5033.5309 | H26: =+[4]군산!$Q$20 -> 60158.087 | I26: =+[4]군산!$R$20 -> 57232.127 | J26: =+I26-H26 -> -2925.9601 | K26: =+[4]군산!$Q$21 -> 13619.219 | L26: =+[4]군산!$R$21 -> 14209.42 | M26: =+L26-K26 -> 590.20115 | N26: =+[4]군산!$Q$22 -> 90 | O26: =+[4]군산!$R$22 -> 123.23999 | P26: =+O26-N26 -> 33.23999 | Q26: =H26+K26+N26 -> 73867.306 | R26: =I26+L26+O26 -> 71564.787 | S26: =+R26-Q26 -> -2302.519 | T26: =+E26-Q26 -> 37652.942 | U26: =+F26-R26 -> 34921.93 | V26: =+U26-T26 -> -2731.0119
D27: 원주 | E27: =+[4]원주!$Q$85 -> 112000 | F27: =+[4]원주!$R$85 -> 112766.37 | G27: =+F27-E27 -> 766.36808 | H27: =+[4]원주!$Q$20 -> 59673.633 | I27: =+[4]원주!$R$20 -> 59999.397 | J27: =+I27-H27 -> 325.76406 | K27: =+[4]원주!$Q$21 -> 14804.799 | L27: =+[4]원주!$R$21 -> 14101.694 | M27: =+L27-K27 -> -703.10504 | N27: =+[4]원주!$Q$22 -> 525 | O27: =+[4]원주!$R$22 -> 1781.2687 | P27: =+O27-N27 -> 1256.2687 | Q27: =H27+K27+N27 -> 75003.432 | R27: =I27+L27+O27 -> 75882.36 | S27: =+R27-Q27 -> 878.92776 | T27: =+E27-Q27 -> 36996.568 | U27: =+F27-R27 -> 36884.008 | V27: =+U27-T27 -> -112.55968
D28: 제주 | E28: =+[4]제주!$Q$85 -> 122822.5 | F28: =+[4]제주!$R$85 -> 120936.46 | G28: =+F28-E28 -> -1886.0359 | H28: =+[4]제주!$Q$20 -> 73451.84 | I28: =+[4]제주!$R$20 -> 73938.417 | J28: =+I28-H28 -> 486.57729 | K28: =+[4]제주!$Q$21 -> 16720.876 | L28: =+[4]제주!$R$21 -> 15267.455 | M28: =+L28-K28 -> -1453.4213 | N28: =+[4]제주!$Q$22 -> 357.14286 | O28: =+[4]제주!$R$22 -> 319.45912 | P28: =+O28-N28 -> -37.683738 | Q28: =H28+K28+N28 -> 90529.859 | R28: =I28+L28+O28 -> 89525.331 | S28: =+R28-Q28 -> -1004.5277 | T28: =+E28-Q28 -> 32292.641 | U28: =+F28-R28 -> 31411.133 | V28: =+U28-T28 -> -881.50816

Sheet 재료비단가
D4: □ 레미콘 원재료단가(2025-02)
A6: 2024년 12월 마감 손익 | D6: 구분 | E6: OPC (원/톤) | H6: SC (원/톤) | K6: SP (원/톤) | N6: FA (원/톤) | Q6: 자갈 (원/톤) | T6: 모래 (원/톤)
E7: 계획 | F7: 실적 | G7: 차이 | H7: 계획 | I7: 실적 | J7: 차이 | K7: 계획 | L7: 실적 | M7: 차이 | N7: 계획 | O7: 실적 | P7: 차이 | Q7: 계획 | R7: 실적 | S7: 차이 | T7: 계획 | U7: 실적 | V7: 차이
D8: 평균 | E8: =+[4]합계!$G$9 -> 100651.76 | F8: =+[4]합계!$H$9 -> 100372.07 | G8: =+F8-E8 -> -279.6843 | H8: =+[4]합계!$G$10 -> 92851.253 | I8: =+[4]합계!$H$10 -> 94804.669 | J8: =+I8-H8 -> 1953.4157 | K8: =+[4]합계!$G$12 -> 63737.282 | L8: =+[4]합계!$H$12 -> 63532.472 | M8: =+L8-K8 -> -204.80914 | N8: =+[4]합계!$G$13 -> 40118.372 | O8: =+[4]합계!$H$13 -> 35902.3 | P8: =+O8-N8 -> -4216.0716 | Q8: =+[4]합계!$G$16 -> 13208.392 | R8: =+[4]합계!$H$16 -> 13429.362 | S8: =+R8-Q8 -> 220.97024 | T8: =+[4]합계!$G$17 -> 15926.659 | U8: =+[4]합계!$H$17 -> 15906.872 | V8: =+U8-T8 -> -19.786746
D9: 수도권 | E9: =+[4]수도권!$G$9 -> 100000 | F9: =+[4]수도권!$H$9 -> 99828.19 | G9: =+F9-E9 -> -171.80992 | H9: =+[4]수도권!$G$10 -> 98000 | I9: =+[4]수도권!$H$10 -> 101340.93 | J9: =+I9-H9 -> 3340.9263 | K9: =+[4]수도권!$G$12 -> 64199.607 | L9: =+[4]수도권!$H$12 -> 64163.59 | M9: =+L9-K9 -> -36.016872 | N9: =+[4]수도권!$G$13 -> 47312.194 | O9: =+[4]수도권!$H$13 -> 39110.607 | P9: =+O9-N9 -> -8201.5873 | Q9: =+[4]수도권!$G$16 -> 15830.424 | R9: =+[4]수도권!$H$16 -> 15625.459 | S9: =+R9-Q9 -> -204.96522 | T9: =+[4]수도권!$G$17 -> 14235.496 | U9: =+[4]수도권!$H$17 -> 14147.446 | V9: =+U9-T9 -> -88.050051
D10: 영남권 | E10: =+[4]영남권!$G$9 -> 100000 | F10: =+[4]영남권!$H$9 -> 99995.156 | G10: =+F10-E10 -> -4.843618 | H10: =+[4]영남권!$G$10 -> 92434.137 | I10: =+[4]영남권!$H$10 -> 92523.323 | J10: =+I10-H10 -> 89.185486 | K10: =+[4]영남권!$G$12 -> 62898.753 | L10: =+[4]영남권!$H$12 -> 62746.915 | M10: =+L10-K10 -> -151.83769 | N10: =+[4]영남권!$G$13 -> 35568.721 | O10: =+[4]영남권!$H$13 -> 33561.747 | P10: =+O10-N10 -> -2006.9745 | Q10: =+[4]영남권!$G$16 -> 10971.224 | R10: =+[4]영남권!$H$16 -> 11765.692 | S10: =+R10-Q10 -> 794.4679 | T10: =+[4]영남권!$G$17 -> 17638.975 | U10: =+[4]영남권!$H$17 -> 17719.732 | V10: =+U10-T10 -> 80.757176
D11: 기타권 | E11: =+[4]중부권!$G$9 -> 103405.69 | F11: =+[4]중부권!$H$9 -> 102031.44 | G11: =+F11-E11 -> -1374.2501 | H11: =+[4]중부권!$G$10 -> 94200 | I11: =+[4]중부권!$H$10 -> 97484.932 | J11: =+I11-H11 -> 3284.9321 | K11: =+[4]중부권!$G$12 -> 64589.602 | L11: =+[4]중부권!$H$12 -> 64821.12 | M11: =+L11-K11 -> 231.51826 | N11: =+[4]중부권!$G$13 -> 41525.078 | O11: =+[4]중부권!$H$13 -> 36626.828 | P11: =+O11-N11 -> -4898.2506 | Q11: =+[4]중부권!$G$16 -> 13180.011 | R11: =+[4]중부권!$H$16 -> 13157.615 | S11: =+R11-Q11 -> -22.396317 | T11: =+[4]중부권!$G$17 -> 14742.276 | U11: =+[4]중부권!$H$17 -> 14775.871 | V11: =+U11-T11 -> 33.594689
D12: 안양 | E12: =+[4]안양!$G$9 -> 100000 | F12: =+[4]안양!$H$9 -> 99696.342 | G12: =+F12-E12 -> -303.65778 | H12: =+[4]안양!$G$10 -> 0 | I12: =+[4]안양!$H$10 -> 102200.03 | J12: =+I12-H12 -> 102200.03 | K12: =+[4]안양!$G$12 -> 64100 | L12: =+[4]안양!$H$12 -> 64128.278 | M12: =+L12-K12 -> 28.278486 | N12: =+[4]안양!$G$13 -> 46100 | O12: =+[4]안양!$H$13 -> 38504.902 | P12: =+O12-N12 -> -7595.0978 | Q12: =+[4]안양!$G$16 -> 15800 | R12: =+[4]안양!$H$16 -> 15567.401 | S12: =+R12-Q12 -> -232.59853 | T12: =+[4]안양!$G$17 -> 15032.258 | U12: =+[4]안양!$H$17 -> 14997.034 | V12: =+U12-T12 -> -35.223835
D13: 인천 | E13: =+[4]인천!$G$9 -> 100000 | F13: =+[4]인천!$H$9 -> 99888.856 | G13: =+F13-E13 -> -111.14393 | H13: =+[4]인천!$G$10 -> 98000 | I13: =+[4]인천!$H$10 -> 100926.16 | J13: =+I13-H13 -> 2926.1576 | K13: =+[4]인천!$G$12 -> 64400 | L13: =+[4]인천!$H$12 -> 64508.794 | M13: =+L13-K13 -> 108.79377 | N13: =+[4]인천!$G$13 -> 47600 | O13: =+[4]인천!$H$13 -> 39610.982 | P13: =+O13-N13 -> -7989.0178 | Q13: =+[4]인천!$G$16 -> 16000 | R13: =+[4]인천!$H$16 -> 15782.028 | S13: =+R13-Q13 -> -217.97228 | T13: =+[4]인천!$G$17 -> 14318.131 | U13: =+[4]인천!$H$17 -> 13725.108 | V13: =+U13-T13 -> -593.02335
D14: 파주 | E14: =+[4]파주!$G$9 -> 100000 | F14: =+[4]파주!$H$9 -> 99999.999 | G14: =+F14-E14 -> -0.00063230266 | H14: =+[4]파주!$G$10 -> 0 | I14: =+[4]파주!$H$10 -> 101641.17 | J14: =+I14-H14 -> 101641.17 | K14: =+[4]파주!$G$12 -> 64300 | L14: =+[4]파주!$H$12 -> 64129.876 | M14: =+L14-K14 -> -170.12381 | N14: =+[4]파주!$G$13 -> 48200 | O14: =+[4]파주!$H$13 -> 41289.674 | P14: =+O14-N14 -> -6910.3263 | Q14: =+[4]파주!$G$16 -> 16333.333 | R14: =+[4]파주!$H$16 -> 16166.772 | S14: =+R14-Q14 -> -166.5613 | T14: =+[4]파주!$G$17 -> 12580.645 | U14: =+[4]파주!$H$17 -> 12127.749 | V14: =+U14-T14 -> -452.89581
D15: 김포 | E15: =+[4]김포!$G$9 -> 100000 | F15: =+[4]김포!$H$9 -> 100000 | G15: =+F15-E15 -> 0 | H15: =+[4]김포!$G$10 -> 0 | I15: =+[4]김포!$H$10 -> 0 | J15: =+I15-H15 -> 0 | K15: =+[4]김포!$G$12 -> 63800 | L15: =+[4]김포!$H$12 -> 63832.451 | M15: =+L15-K15 -> 32.451317 | N15: =+[4]김포!$G$13 -> 47600 | O15: =+[4]김포!$H$13 -> 40170.813 | P15: =+O15-N15 -> -7429.1871 | Q15: =+[4]김포!$G$16 -> 14600 | R15: =+[4]김포!$H$16 -> 14610.668 | S15: =+R15-Q15 -> 10.66756 | T15: =+[4]김포!$G$17 -> 14129.661 | U15: =+[4]김포!$H$17 -> 14335.186 | V15: =+U15-T15 -> 205.52485
D16: 부산 | E16: =+[4]부산!$G$9 -> 100000 | F16: =+[4]부산!$H$9 -> 100000 | G16: =+F16-E16 -> 0.00054030109 | H16: =+[4]부산!$G$10 -> 92900 | I16: =+[4]부산!$H$10 -> 92908.765 | J16: =+I16-H16 -> 8.7650062 | K16: =+[4]부산!$G$12 -> 0 | L16: =+[4]부산!$H$12 -> 0 | M16: =+L16-K16 -> 0 | N16: =+[4]부산!$G$13 -> 36500 | O16: =+[4]부산!$H$13 -> 34535.193 | P16: =+O16-N16 -> -1964.8071 | Q16: =+[4]부산!$G$16 -> 11711.817 | R16: =+[4]부산!$H$16 -> 11721.35 | S16: =+R16-Q16 -> 9.5333477 | T16: =+[4]부산!$G$17 -> 18098.118 | U16: =+[4]부산!$H$17 -> 18122.366 | V16: =+U16-T16 -> 24.24793
D17: 서부산 | E17: =+[4]서부산!$G$9 -> 100000 | F17: =+[4]서부산!$H$9 -> 100003.59 | G17: =+F17-E17 -> 3.5919271 | H17: =+[4]서부산!$G$10 -> 92100 | I17: =+[4]서부산!$H$10 -> 92100.004 | J17: =+I17-H17 -> 0.0043988721 | K17: =+[4]서부산!$G$12 -> 65000 | L17: =+[4]서부산!$H$12 -> 64000.641 | M17: =+L17-K17 -> -999.35948 | N17: =+[4]서부산!$G$13 -> 35300 | O17: =+[4]서부산!$H$13 -> 33824.384 | P17: =+O17-N17 -> -1475.6164 | Q17: =+[4]서부산!$G$16 -> 11333.333 | R17: =+[4]서부산!$H$16 -> 14085.974 | S17: =+R17-Q17 -> 2752.641 | T17: =+[4]서부산!$G$17 -> 17729.401 | U17: =+[4]서부산!$H$17 -> 17976.72 | V17: =+U17-T17 -> 247.3187
D18: 김해 | E18: =+[4]김해!$G$9 -> 100000 | F18: =+[4]김해!$H$9 -> 100000 | G18: =+F18-E18 -> 0.0018570791 | H18: =+[4]김해!$G$10 -> 92100 | I18: =+[4]김해!$H$10 -> 92100.015 | J18: =+I18-H18 -> 0.014883094 | K18: =+[4]김해!$G$12 -> 64000 | L18: =+[4]김해!$H$12 -> 0 | M18: =+L18-K18 -> -64000 | N18: =+[4]김해!$G$13 -> 35000 | O18: =+[4]김해!$H$13 -> 33235.122 | P18: =+O18-N18 -> -1764.8784 | Q18: =+[4]김해!$G$16 -> 9066.6667 | R18: =+[4]김해!$H$16 -> 9105.1404 | S18: =+R18-Q18 -> 38.473713 | T18: =+[4]김해!$G$17 -> 15626.219 | U18: =+[4]김해!$H$17 -> 16321.892 | V18: =+U18-T18 -> 695.67333
D19: 정관 | E19: =+[4]정관!$G$9 -> 100000 | F19: =+[4]정관!$H$9 -> 100002.62 | G19: =+F19-E19 -> 2.6200005 | H19: =+[4]정관!$G$10 -> 92100 | I19: =+[4]정관!$H$10 -> 92099.997 | J19: =+I19-H19 -> -0.003139405 | K19: =+[4]정관!$G$12 -> 62000 | L19: =+[4]정관!$H$12 -> 62085.578 | M19: =+L19-K19 -> 85.577982 | N19: =+[4]정관!$G$13 -> 35500 | O19: =+[4]정관!$H$13 -> 33241.524 | P19: =+O19-N19 -> -2258.4764 | Q19: =+[4]정관!$G$16 -> 11362.369 | R19: =+[4]정관!$H$16 -> 11272.562 | S19: =+R19-Q19 -> -89.807101 | T19: =+[4]정관!$G$17 -> 19374.351 | U19: =+[4]정관!$H$17 -> 18806.431 | V19: =+U19-T19 -> -567.9205
D20: 양산 | E20: =+[4]양산!$G$9 -> 100000 | F20: =+[4]양산!$H$9 -> 99915.884 | G20: =+F20-E20 -> -84.116187 | H20: =+[4]양산!$G$10 -> 0 | I20: =+[4]양산!$H$10 -> 0 | J20: =+I20-H20 -> 0 | K20: =+[4]양산!$G$12 -> 62200 | L20: =+[4]양산!$H$12 -> 62117.646 | M20: =+L20-K20 -> -82.353648 | N20: =+[4]양산!$G$13 -> 36000 | O20: =+[4]양산!$H$13 -> 34095.243 | P20: =+O20-N20 -> -1904.7569 | Q20: =+[4]양산!$G$16 -> 9600 | R20: =+[4]양산!$H$16 -> 9449.5599 | S20: =+R20-Q20 -> -150.44006 | T20: =+[4]양산!$G$17 -> 17919.98 | U20: =+[4]양산!$H$17 -> 17207.568 | V20: =+U20-T20 -> -712.41243
D21: 창원 | E21: =+[4]창원!$G$9 -> 100000 | F21: =+[4]창원!$H$9 -> 100000 | G21: =+F21-E21 -> 0 | H21: =+[4]창원!$G$10 -> 0 | I21: =+[4]창원!$H$10 -> 0 | J21: =+I21-H21 -> 0 | K21: =+[4]창원!$G$12 -> 64500 | L21: =+[4]창원!$H$12 -> 63998.27 | M21: =+L21-K21 -> -501.72998 | N21: =+[4]창원!$G$13 -> 33000 | O21: =+[4]창원!$H$13 -> 31056.155 | P21: =+O21-N21 -> -1943.8445 | Q21: =+[4]창원!$G$16 -> 11000 | R21: =+[4]창원!$H$16 -> 11361.626 | S21: =+R21-Q21 -> 361.62648 | T21: =+[4]창원!$G$17 -> 17410.059 | U21: =+[4]창원!$H$17 -> 17024.597 | V21: =+U21-T21 -> -385.46196
D22: 대구 | E22: =+[4]대구!$G$9 -> 100000 | F22: =+[4]대구!$H$9 -> 100000 | G22: =+F22-E22 -> 0 | H22: =+[4]대구!$G$10 -> 0 | I22: =+[4]대구!$H$10 -> 0 | J22: =+I22-H22 -> 0 | K22: =+[4]대구!$G$12 -> 61400 | L22: =+[4]대구!$H$12 -> 60958.377 | M22: =+L22-K22 -> -441.62262 | N22: =+[4]대구!$G$13 -> 35300 | O22: =+[4]대구!$H$13 -> 32570.662 | P22: =+O22-N22 -> -2729.3382 | Q22: =+[4]대구!$G$16 -> 11133.333 | R22: =+[4]대구!$H$16 -> 11133.133 | S22: =+R22-Q22 -> -0.20024435 | T22: =+[4]대구!$G$17 -> 14763.293 | U22: =+[4]대구!$H$17 -> 14600.264 | V22: =+U22-T22 -> -163.02825
D23: 울산 | E23: =+[4]울산!$G$9 -> 100000 | F23: =+[4]울산!$H$9 -> 100000 | G23: =+F23-E23 -> 0.00033834011 | H23: =+[4]울산!$G$10 -> 0 | I23: =+[4]울산!$H$10 -> 0 | J23: =+I23-H23 -> 0 | K23: =+[4]울산!$G$12 -> 60200 | L23: =+[4]울산!$H$12 -> 60200.066 | M23: =+L23-K23 -> 0.065993891 | N23: =+[4]울산!$G$13 -> 37000 | O23: =+[4]울산!$H$13 -> 35006.943 | P23: =+O23-N23 -> -1993.0565 | Q23: =+[4]울산!$G$16 -> 11533.333 | R23: =+[4]울산!$H$16 -> 12126.41 | S23: =+R23-Q23 -> 593.07682 | T23: =+[4]울산!$G$17 -> 19459.674 | U23: =+[4]울산!$H$17 -> 19837.295 | V23: =+U23-T23 -> 377.62027
D24: 아산 | E24: =+[4]아산!$G$9 -> 100000 | F24: =+[4]아산!$H$9 -> 100105.78 | G24: =+F24-E24 -> 105.7809 | H24: =+[4]아산!$G$10 -> 0 | I24: =+[4]아산!$H$10 -> 0 | J24: =+I24-H24 -> 0 | K24: =+[4]아산!$G$12 -> 64300 | L24: =+[4]아산!$H$12 -> 64502.312 | M24: =+L24-K24 -> 202.31188 | N24: =+[4]아산!$G$13 -> 42900 | O24: =+[4]아산!$H$13 -> 38670.43 | P24: =+O24-N24 -> -4229.5698 | Q24: =+[4]아산!$G$16 -> 11400 | R24: =+[4]아산!$H$16 -> 11372.829 | S24: =+R24-Q24 -> -27.171495 | T24: =+[4]아산!$G$17 -> 13225.806 | U24: =+[4]아산!$H$17 -> 13184.49 | V24: =+U24-T24 -> -41.316877
D25: 전주 | E25: =+[4]전주!$G$9 -> 100000 | F25: =+[4]전주!$H$9 -> 99910 | G25: =+F25-E25 -> -90.000368 | H25: =+[4]전주!$G$10 -> 0 | I25: =+[4]전주!$H$10 -> 97484.932 | J25: =+I25-H25 -> 97484.932 | K25: =+[4]전주!$G$12 -> 65000 | L25: =+[4]전주!$H$12 -> 64999.997 | M25: =+L25-K25 -> -0.0034589838 | N25: =+[4]전주!$G$13 -> 36000 | O25: =+[4]전주!$H$13 -> 34142.233 | P25: =+O25-N25 -> -1857.7665 | Q25: =+[4]전주!$G$16 -> 13333.333 | R25: =+[4]전주!$H$16 -> 13384.876 | S25: =+R25-Q25 -> 51.542718 | T25: =+[4]전주!$G$17 -> 15310.503 | U25: =+[4]전주!$H$17 -> 15561.873 | V25: =+U25-T25 -> 251.37053
D26: 군산 | E26: =+[4]군산!$G$9 -> 100000 | F26: =+[4]군산!$H$9 -> 100000 | G26: =+F26-E26 -> 0 | H26: =+[4]군산!$G$10 -> 94200 | I26: =+[4]군산!$H$10 -> 0 | J26: =+I26-H26 -> -94200 | K26: =+[4]군산!$G$12 -> 64900 | L26: =+[4]군산!$H$12 -> 64898.119 | M26: =+L26-K26 -> -1.8807683 | N26: =+[4]군산!$G$13 -> 39300 | O26: =+[4]군산!$H$13 -> 36341.726 | P26: =+O26-N26 -> -2958.2742 | Q26: =+[4]군산!$G$16 -> 14200 | R26: =+[4]군산!$H$16 -> 14273.222 | S26: =+R26-Q26 -> 73.221525 | T26: =+[4]군산!$G$17 -> 15212.903 | U26: =+[4]군산!$H$17 -> 14996.214 | V26: =+U26-T26 -> -216.6891
D27: 원주 | E27: =+[4]원주!$G$9 -> 100000 | F27: =+[4]원주!$H$9 -> 100000.01 | G27: =+F27-E27 -> 0.0050284104 | H27: =+[4]원주!$G$10 -> 0 | I27: =+[4]원주!$H$10 -> 0 | J27: =+I27-H27 -> 0 | K27: =+[4]원주!$G$12 -> 64000 | L27: =+[4]원주!$H$12 -> 64000 | M27: =+L27-K27 -> 0 | N27: =+[4]원주!$G$13 -> 49000 | O27: =+[4]원주!$H$13 -> 47368.138 | P27: =+O27-N27 -> -1631.8621 | Q27: =+[4]원주!$G$16 -> 13666.667 | R27: =+[4]원주!$H$16 -> 13655.63 | S27: =+R27-Q27 -> -11.036771 | T27: =+[4]원주!$G$17 -> 13806.452 | U27: =+[4]원주!$H$17 -> 13679.491 | V27: =+U27-T27 -> -126.96013
D28: 제주 | E28: =+[4]제주!$G$9 -> 117000 | F28: =+[4]제주!$H$9 -> 117000 | G28: =+F28-E28 -> -0.00033182107 | H28: =+[4]제주!$G$10 -> 0 | I28: =+[4]제주!$H$10 -> 0 | J28: =+I28-H28 -> 0 | K28: =+[4]제주!$G$12 -> 0 | L28: =+[4]제주!$H$12 -> 0 | M28: =+L28-K28 -> 0 | N28: =+[4]제주!$G$13 -> 0 | O28: =+[4]제주!$H$13 -> 0 | P28: =+O28-N28 -> 0 | Q28: =+[4]제주!$G$16 -> 17666.667 | R28: =+[4]제주!$H$16 -> 17869.354 | S28: =+R28-Q28 -> 202.68691 | T28: =+[4]제주!$G$17 -> 17535.713 | U28: =+[4]제주!$H$17 -> 18717.019 | V28: =+U28-T28 -> 1181.3064

Sheet 원단위
D4: □ 레미콘 원재료 원단위(2025-02)
V5: [단위 : kg/㎥]
A6: 2024년 12월 마감 손익 | D6: 구분 | E6: OPC | H6: 분체류 | K6: 분체류 치환률 | N6: 자갈 | Q6: 모래 | T6: 혼화제
E7: 계획 | F7: 실적 | G7: 차이 | H7: 계획 | I7: 실적 | J7: 차이 | K7: 계획 | L7: 실적 | M7: 차이 | N7: 계획 | O7: 실적 | P7: 차이 | Q7: 계획 | R7: 실적 | S7: 차이 | T7: 계획 | U7: 실적 | V7: 차이
D8: 평균 | E8: =+[4]합계!$E$9 -> 282.32018 | F8: =+[4]합계!$F$9 -> 286.27817 | G8: =+F8-E8 -> 3.9579959 | H8: =+[4]합계!$E$15 -> 364.64374 | I8: =+[4]합계!$F$15 -> 371.00141 | J8: =+I8-H8 -> 6.3576613 | K8: =+([4]합계!$E$10*0.4+[4]합계!$E$11+[4]합계!$E$12+[4]합계!$E$13+[4]합계!$E$14)/[4]합계!$E$15 -> 0.17607077 | L8: =+([4]합계!$F$10*0.4+[4]합계!$F$11+[4]합계!$F$12+[4]합계!$F$13+[4]합계!$F$14)/[4]합계!$F$15 -> 0.17864438 | M8: =+L8-K8 -> 0.0025736093 | N8: =+[4]합계!$E$16 -> 823.10764 | O8: =+[4]합계!$F$16 -> 811.60011 | P8: =+O8-N8 -> -11.507531 | Q8: =+[4]합계!$E$17 -> 901.06818 | R8: =+[4]합계!$F$17 -> 895.51527 | S8: =+R8-Q8 -> -5.5529135 | T8: =+[4]합계!$E$19 -> 3.1033173 | U8: =+[4]합계!$F$19 -> 2.8565048 | V8: =+U8-T8 -> -0.24681257
D9: 수도권 | E9: =+[4]수도권!$E$9 -> 309.73837 | F9: =+[4]수도권!$F$9 -> 305.47226 | G9: =+F9-E9 -> -4.2661151 | H9: =+[4]수도권!$E$15 -> 371.2141 | I9: =+[4]수도권!$F$15 -> 371.6472 | J9: =+I9-H9 -> 0.43310597 | K9: =+([4]수도권!$E$10*0.4+[4]수도권!$E$11+[4]수도권!$E$12+[4]수도권!$E$13+[4]수도권!$E$14)/[4]수도권!$E$15 -> 0.15623547 | L9: =+([4]수도권!$F$10*0.4+[4]수도권!$F$11+[4]수도권!$F$12+[4]수도권!$F$13+[4]수도권!$F$14)/[4]수도권!$F$15 -> 0.14364338 | M9: =+L9-K9 -> -0.01259209 | N9: =+[4]수도권!$E$16 -> 863.68621 | O9: =+[4]수도권!$F$16 -> 850.77917 | P9: =+O9-N9 -> -12.907044 | Q9: =+[4]수도권!$E$17 -> 869.85448 | R9: =+[4]수도권!$F$17 -> 861.72329 | S9: =+R9-Q9 -> -8.131187 | T9: =+[4]수도권!$E$19 -> 3.2006024 | U9: =+[4]수도권!$F$19 -> 2.9348207 | V9: =+U9-T9 -> -0.26578168
D10: 영남권 | E10: =+[4]영남권!$E$9 -> 248.70396 | F10: =+[4]영남권!$F$9 -> 257.18997 | G10: =+F10-E10 -> 8.4860175 | H10: =+[4]영남권!$E$15 -> 360.51533 | I10: =+[4]영남권!$F$15 -> 369.78636 | J10: =+I10-H10 -> 9.2710224 | K10: =+([4]영남권!$E$10*0.4+[4]영남권!$E$11+[4]영남권!$E$12+[4]영남권!$E$13+[4]영남권!$E$14)/[4]영남권!$E$15 -> 0.21073272 | L10: =+([4]영남권!$F$10*0.4+[4]영남권!$F$11+[4]영남권!$F$12+[4]영남권!$F$13+[4]영남권!$F$14)/[4]영남권!$F$15 -> 0.22517338 | M10: =+L10-K10 -> 0.014440661 | N10: =+[4]영남권!$E$16 -> 796.36266 | O10: =+[4]영남권!$F$16 -> 804.35097 | P10: =+O10-N10 -> 7.9883112 | Q10: =+[4]영남권!$E$17 -> 916.79063 | R10: =+[4]영남권!$F$17 -> 891.26068 | S10: =+R10-Q10 -> -25.529944 | T10: =+[4]영남권!$E$19 -> 3.1742575 | U10: =+[4]영남권!$F$19 -> 2.8814738 | V10: =+U10-T10 -> -0.29278366
D11: 기타권 | E11: =+[4]중부권!$E$9 -> 314.47385 | F11: =+[4]중부권!$F$9 -> 320.66529 | G11: =+F11-E11 -> 6.191441 | H11: =+[4]중부권!$E$15 -> 361.77564 | I11: =+[4]중부권!$F$15 -> 372.72078 | J11: =+I11-H11 -> 10.945135 | K11: =+([4]중부권!$E$10*0.4+[4]중부권!$E$11+[4]중부권!$E$12+[4]중부권!$E$13+[4]중부권!$E$14)/[4]중부권!$E$15 -> 0.12639013 | L11: =+([4]중부권!$F$10*0.4+[4]중부권!$F$11+[4]중부권!$F$12+[4]중부권!$F$13+[4]중부권!$F$14)/[4]중부권!$F$15 -> 0.13212706 | M11: =+L11-K11 -> 0.0057369266 | N11: =+[4]중부권!$E$16 -> 808.75385 | O11: =+[4]중부권!$F$16 -> 757.76306 | P11: =+O11-N11 -> -50.990784 | Q11: =+[4]중부권!$E$17 -> 925.16769 | R11: =+[4]중부권!$F$17 -> 966.95008 | S11: =+R11-Q11 -> 41.782392 | T11: =+[4]중부권!$E$19 -> 2.7052821 | U11: =+[4]중부권!$F$19 -> 2.6549986 | V11: =+U11-T11 -> -0.050283464
D12: 안양 | E12: =+[4]안양!$E$9 -> 325 | F12: =+[4]안양!$F$9 -> 295.62576 | G12: =+F12-E12 -> -29.374243 | H12: =+[4]안양!$E$15 -> 378 | I12: =+[4]안양!$F$15 -> 361.45869 | J12: =+I12-H12 -> -16.541311 | K12: =+([4]안양!$E$10*0.4+[4]안양!$E$11+[4]안양!$E$12+[4]안양!$E$13+[4]안양!$E$14)/[4]안양!$E$15 -> 0.14021164 | L12: =+([4]안양!$F$10*0.4+[4]안양!$F$11+[4]안양!$F$12+[4]안양!$F$13+[4]안양!$F$14)/[4]안양!$F$15 -> 0.17106771 | M12: =+L12-K12 -> 0.030856071 | N12: =+[4]안양!$E$16 -> 848 | O12: =+[4]안양!$F$16 -> 866.6195 | P12: =+O12-N12 -> 18.619496 | Q12: =+[4]안양!$E$17 -> 872 | R12: =+[4]안양!$F$17 -> 861.51976 | S12: =+R12-Q12 -> -10.480243 | T12: =+[4]안양!$E$19 -> 3.39 | U12: =+[4]안양!$F$19 -> 2.9996611 | V12: =+U12-T12 -> -0.39033893
D13: 인천 | E13: =+[4]인천!$E$9 -> 308 | F13: =+[4]인천!$F$9 -> 325.24357 | G13: =+F13-E13 -> 17.243568 | H13: =+[4]인천!$E$15 -> 385 | I13: =+[4]인천!$F$15 -> 392.40067 | J13: =+I13-H13 -> 7.4006651 | K13: =+([4]인천!$E$10*0.4+[4]인천!$E$11+[4]인천!$E$12+[4]인천!$E$13+[4]인천!$E$14)/[4]인천!$E$15 -> 0.17 | L13: =+([4]인천!$F$10*0.4+[4]인천!$F$11+[4]인천!$F$12+[4]인천!$F$13+[4]인천!$F$14)/[4]인천!$F$15 -> 0.11130467 | M13: =+L13-K13 -> -0.058695333 | N13: =+[4]인천!$E$16 -> 904.67982 | O13: =+[4]인천!$F$16 -> 896.58925 | P13: =+O13-N13 -> -8.0905686 | Q13: =+[4]인천!$E$17 -> 835.08906 | R13: =+[4]인천!$F$17 -> 823.79823 | S13: =+R13-Q13 -> -11.29083 | T13: =+[4]인천!$E$19 -> 3.33 | U13: =+[4]인천!$F$19 -> 3.1902583 | V13: =+U13-T13 -> -0.13974168
D14: 파주 | E14: =+[4]파주!$E$9 -> 302.39281 | F14: =+[4]파주!$F$9 -> 302.82834 | G14: =+F14-E14 -> 0.43552929 | H14: =+[4]파주!$E$15 -> 357.48562 | I14: =+[4]파주!$F$15 -> 368.90237 | J14: =+I14-H14 -> 11.416743 | K14: =+([4]파주!$E$10*0.4+[4]파주!$E$11+[4]파주!$E$12+[4]파주!$E$13+[4]파주!$E$14)/[4]파주!$E$15 -> 0.15411197 | L14: =+([4]파주!$F$10*0.4+[4]파주!$F$11+[4]파주!$F$12+[4]파주!$F$13+[4]파주!$F$14)/[4]파주!$F$15 -> 0.10075134 | M14: =+L14-K14 -> -0.053360623 | N14: =+[4]파주!$E$16 -> 864.56 | O14: =+[4]파주!$F$16 -> 773.20924 | P14: =+O14-N14 -> -91.350757 | Q14: =+[4]파주!$E$17 -> 866.66844 | R14: =+[4]파주!$F$17 -> 903.48731 | S14: =+R14-Q14 -> 36.818877 | T14: =+[4]파주!$E$19 -> 2.87 | U14: =+[4]파주!$F$19 -> 2.3438822 | V14: =+U14-T14 -> -0.52611776
D15: 김포 | E15: =+[4]김포!$E$9 -> 277 | F15: =+[4]김포!$F$9 -> 297.72526 | G15: =+F15-E15 -> 20.725265 | H15: =+[4]김포!$E$15 -> 337 | I15: =+[4]김포!$F$15 -> 362.7854 | J15: =+I15-H15 -> 25.785403 | K15: =+([4]김포!$E$10*0.4+[4]김포!$E$11+[4]김포!$E$12+[4]김포!$E$13+[4]김포!$E$14)/[4]김포!$E$15 -> 0.17804154 | L15: =+([4]김포!$F$10*0.4+[4]김포!$F$11+[4]김포!$F$12+[4]김포!$F$13+[4]김포!$F$14)/[4]김포!$F$15 -> 0.17933505 | M15: =+L15-K15 -> 0.001293506 | N15: =+[4]김포!$E$16 -> 810 | O15: =+[4]김포!$F$16 -> 753.27224 | P15: =+O15-N15 -> -56.727765 | Q15: =+[4]김포!$E$17 -> 955 | R15: =+[4]김포!$F$17 -> 913.88705 | S15: =+R15-Q15 -> -41.112952 | T15: =+[4]김포!$E$19 -> 2.8 | U15: =+[4]김포!$F$19 -> 2.724606 | V15: =+U15-T15 -> -0.07539398
D16: 부산 | E16: =+[4]부산!$E$9 -> 222.12657 | F16: =+[4]부산!$F$9 -> 218.83772 | G16: =+F16-E16 -> -3.2888492 | H16: =+[4]부산!$E$15 -> 382.97684 | I16: =+[4]부산!$F$15 -> 388.41735 | J16: =+I16-H16 -> 5.440504 | K16: =+([4]부산!$E$10*0.4+[4]부산!$E$11+[4]부산!$E$12+[4]부산!$E$13+[4]부산!$E$14)/[4]부산!$E$15 -> 0.204 | L16: =+([4]부산!$F$10*0.4+[4]부산!$F$11+[4]부산!$F$12+[4]부산!$F$13+[4]부산!$F$14)/[4]부산!$F$15 -> 0.21031458 | M16: =+L16-K16 -> 0.0063145828 | N16: =+[4]부산!$E$16 -> 819.8124 | O16: =+[4]부산!$F$16 -> 889.71327 | P16: =+O16-N16 -> 69.900872 | Q16: =+[4]부산!$E$17 -> 900.04105 | R16: =+[4]부산!$F$17 -> 829.95093 | S16: =+R16-Q16 -> -70.090122 | T16: =+[4]부산!$E$19 -> 3.2582992 | U16: =+[4]부산!$F$19 -> 2.8321992 | V16: =+U16-T16 -> -0.42609993
D17: 서부산 | E17: =+[4]서부산!$E$9 -> 249 | F17: =+[4]서부산!$F$9 -> 228.4321 | G17: =+F17-E17 -> -20.567896 | H17: =+[4]서부산!$E$15 -> 362 | I17: =+[4]서부산!$F$15 -> 360.35206 | J17: =+I17-H17 -> -1.6479388 | K17: =+([4]서부산!$E$10*0.4+[4]서부산!$E$11+[4]서부산!$E$12+[4]서부산!$E$13+[4]서부산!$E$14)/[4]서부산!$E$15 -> 0.21270718 | L17: =+([4]서부산!$F$10*0.4+[4]서부산!$F$11+[4]서부산!$F$12+[4]서부산!$F$13+[4]서부산!$F$14)/[4]서부산!$F$15 -> 0.28876804 | M17: =+L17-K17 -> 0.076060855 | N17: =+[4]서부산!$E$16 -> 822 | O17: =+[4]서부산!$F$16 -> 844.10266 | P17: =+O17-N17 -> 22.102663 | Q17: =+[4]서부산!$E$17 -> 913.05789 | R17: =+[4]서부산!$F$17 -> 884.49028 | S17: =+R17-Q17 -> -28.56761 | T17: =+[4]서부산!$E$19 -> 3.2 | U17: =+[4]서부산!$F$19 -> 3.1976481 | V17: =+U17-T17 -> -0.0023518822
D18: 김해 | E18: =+[4]김해!$E$9 -> 214.2 | F18: =+[4]김해!$F$9 -> 242.39479 | G18: =+F18-E18 -> 28.194792 | H18: =+[4]김해!$E$15 -> 340 | I18: =+[4]김해!$F$15 -> 356.39435 | J18: =+I18-H18 -> 16.394353 | K18: =+([4]김해!$E$10*0.4+[4]김해!$E$11+[4]김해!$E$12+[4]김해!$E$13+[4]김해!$E$14)/[4]김해!$E$15 -> 0.184 | L18: =+([4]김해!$F$10*0.4+[4]김해!$F$11+[4]김해!$F$12+[4]김해!$F$13+[4]김해!$F$14)/[4]김해!$F$15 -> 0.16510049 | M18: =+L18-K18 -> -0.018899508 | N18: =+[4]김해!$E$16 -> 770 | O18: =+[4]김해!$F$16 -> 817.69075 | P18: =+O18-N18 -> 47.690749 | Q18: =+[4]김해!$E$17 -> 950 | R18: =+[4]김해!$F$17 -> 878.82962 | S18: =+R18-Q18 -> -71.17038 | T18: =+[4]김해!$E$19 -> 3.3 | U18: =+[4]김해!$F$19 -> 3.2271101 | V18: =+U18-T18 -> -0.072889939
D19: 정관 | E19: =+[4]정관!$E$9 -> 240.73858 | F19: =+[4]정관!$F$9 -> 295.21354 | G19: =+F19-E19 -> 54.474951 | H19: =+[4]정관!$E$15 -> 364.75543 | I19: =+[4]정관!$F$15 -> 379.84696 | J19: =+I19-H19 -> 15.091528 | K19: =+([4]정관!$E$10*0.4+[4]정관!$E$11+[4]정관!$E$12+[4]정관!$E$13+[4]정관!$E$14)/[4]정관!$E$15 -> 0.226 | L19: =+([4]정관!$F$10*0.4+[4]정관!$F$11+[4]정관!$F$12+[4]정관!$F$13+[4]정관!$F$14)/[4]정관!$F$15 -> 0.13936217 | M19: =+L19-K19 -> -0.086637833 | N19: =+[4]정관!$E$16 -> 791.12461 | O19: =+[4]정관!$F$16 -> 799.18789 | P19: =+O19-N19 -> 8.0632835 | Q19: =+[4]정관!$E$17 -> 914.21684 | R19: =+[4]정관!$F$17 -> 902.74875 | S19: =+R19-Q19 -> -11.46809 | T19: =+[4]정관!$E$19 -> 3.1004212 | U19: =+[4]정관!$F$19 -> 2.6205585 | V19: =+U19-T19 -> -0.4798627
D20: 양산 | E20: =+[4]양산!$E$9 -> 265.3516 | F20: =+[4]양산!$F$9 -> 218.23701 | G20: =+F20-E20 -> -47.114589 | H20: =+[4]양산!$E$15 -> 356.38522 | I20: =+[4]양산!$F$15 -> 357.58409 | J20: =+I20-H20 -> 1.1988762 | K20: =+([4]양산!$E$10*0.4+[4]양산!$E$11+[4]양산!$E$12+[4]양산!$E$13+[4]양산!$E$14)/[4]양산!$E$15 -> 0.25543602 | L20: =+([4]양산!$F$10*0.4+[4]양산!$F$11+[4]양산!$F$12+[4]양산!$F$13+[4]양산!$F$14)/[4]양산!$F$15 -> 0.38969039 | M20: =+L20-K20 -> 0.13425438 | N20: =+[4]양산!$E$16 -> 780.4 | O20: =+[4]양산!$F$16 -> 757.88889 | P20: =+O20-N20 -> -22.511111 | Q20: =+[4]양산!$E$17 -> 881.07532 | R20: =+[4]양산!$F$17 -> 848.43162 | S20: =+R20-Q20 -> -32.6437 | T20: =+[4]양산!$E$19 -> 3.0603768 | U20: =+[4]양산!$F$19 -> 2.6262418 | V20: =+U20-T20 -> -0.43413508
D21: 창원 | E21: =+[4]창원!$E$9 -> 255 | F21: =+[4]창원!$F$9 -> 262.89498 | G21: =+F21-E21 -> 7.8949825 | H21: =+[4]창원!$E$15 -> 355.7 | I21: =+[4]창원!$F$15 -> 358.28422 | J21: =+I21-H21 -> 2.5842231 | K21: =+([4]창원!$E$10*0.4+[4]창원!$E$11+[4]창원!$E$12+[4]창원!$E$13+[4]창원!$E$14)/[4]창원!$E$15 -> 0.28310374 | L21: =+([4]창원!$F$10*0.4+[4]창원!$F$11+[4]창원!$F$12+[4]창원!$F$13+[4]창원!$F$14)/[4]창원!$F$15 -> 0.26623902 | M21: =+L21-K21 -> -0.016864719 | N21: =+[4]창원!$E$16 -> 831.2 | O21: =+[4]창원!$F$16 -> 805.70186 | P21: =+O21-N21 -> -25.498141 | Q21: =+[4]창원!$E$17 -> 895.2 | R21: =+[4]창원!$F$17 -> 894.26684 | S21: =+R21-Q21 -> -0.93315538 | T21: =+[4]창원!$E$19 -> 3.08 | U21: =+[4]창원!$F$19 -> 2.7227541 | V21: =+U21-T21 -> -0.35724595
D22: 대구 | E22: =+[4]대구!$E$9 -> 290.7 | F22: =+[4]대구!$F$9 -> 295.74349 | G22: =+F22-E22 -> 5.0434863 | H22: =+[4]대구!$E$15 -> 342 | I22: =+[4]대구!$F$15 -> 346.55344 | J22: =+I22-H22 -> 4.5534407 | K22: =+([4]대구!$E$10*0.4+[4]대구!$E$11+[4]대구!$E$12+[4]대구!$E$13+[4]대구!$E$14)/[4]대구!$E$15 -> 0.15 | L22: =+([4]대구!$F$10*0.4+[4]대구!$F$11+[4]대구!$F$12+[4]대구!$F$13+[4]대구!$F$14)/[4]대구!$F$15 -> 0.14661506 | M22: =+L22-K22 -> -0.0033849374 | N22: =+[4]대구!$E$16 -> 736.71821 | O22: =+[4]대구!$F$16 -> 684.98039 | P22: =+O22-N22 -> -51.737821 | Q22: =+[4]대구!$E$17 -> 976.57995 | R22: =+[4]대구!$F$17 -> 1035.9572 | S22: =+R22-Q22 -> 59.377222 | T22: =+[4]대구!$E$19 -> 3.078 | U22: =+[4]대구!$F$19 -> 2.9070924 | V22: =+U22-T22 -> -0.17090757
D23: 울산 | E23: =+[4]울산!$E$9 -> 291.4 | F23: =+[4]울산!$F$9 -> 303.66855 | G23: =+F23-E23 -> 12.268554 | H23: =+[4]울산!$E$15 -> 359.8 | I23: =+[4]울산!$F$15 -> 388.46349 | J23: =+I23-H23 -> 28.663489 | K23: =+([4]울산!$E$10*0.4+[4]울산!$E$11+[4]울산!$E$12+[4]울산!$E$13+[4]울산!$E$14)/[4]울산!$E$15 -> 0.19010561 | L23: =+([4]울산!$F$10*0.4+[4]울산!$F$11+[4]울산!$F$12+[4]울산!$F$13+[4]울산!$F$14)/[4]울산!$F$15 -> 0.21828289 | M23: =+L23-K23 -> 0.02817728 | N23: =+[4]울산!$E$16 -> 801.9 | O23: =+[4]울산!$F$16 -> 735.80931 | P23: =+O23-N23 -> -66.090691 | Q23: =+[4]울산!$E$17 -> 904.3 | R23: =+[4]울산!$F$17 -> 887.37121 | S23: =+R23-Q23 -> -16.928789 | T23: =+[4]울산!$E$19 -> 3.24 | U23: =+[4]울산!$F$19 -> 3.055394 | V23: =+U23-T23 -> -0.18460598
D24: 아산 | E24: =+[4]아산!$E$9 -> 324.53333 | F24: =+[4]아산!$F$9 -> 368.80551 | G24: =+F24-E24 -> 44.272172 | H24: =+[4]아산!$E$15 -> 381.97778 | I24: =+[4]아산!$F$15 -> 406.75424 | J24: =+I24-H24 -> 24.776467 | K24: =+([4]아산!$E$10*0.4+[4]아산!$E$11+[4]아산!$E$12+[4]아산!$E$13+[4]아산!$E$14)/[4]아산!$E$15 -> 0.15038688 | L24: =+([4]아산!$F$10*0.4+[4]아산!$F$11+[4]아산!$F$12+[4]아산!$F$13+[4]아산!$F$14)/[4]아산!$F$15 -> 0.093296481 | M24: =+L24-K24 -> -0.057090394 | N24: =+[4]아산!$E$16 -> 871 | O24: =+[4]아산!$F$16 -> 781.90138 | P24: =+O24-N24 -> -89.098619 | Q24: =+[4]아산!$E$17 -> 876 | R24: =+[4]아산!$F$17 -> 940.80785 | S24: =+R24-Q24 -> 64.807849 | T24: =+[4]아산!$E$19 -> 2.8 | U24: =+[4]아산!$F$19 -> 2.9650584 | V24: =+U24-T24 -> 0.16505842
D25: 전주 | E25: =+[4]전주!$E$9 -> 274.54 | F25: =+[4]전주!$F$9 -> 267.55011 | G25: =+F25-E25 -> -6.989888 | H25: =+[4]전주!$E$15 -> 331.85 | I25: =+[4]전주!$F$15 -> 355.05044 | J25: =+I25-H25 -> 23.200445 | K25: =+([4]전주!$E$10*0.4+[4]전주!$E$11+[4]전주!$E$12+[4]전주!$E$13+[4]전주!$E$14)/[4]전주!$E$15 -> 0.17269851 | L25: =+([4]전주!$F$10*0.4+[4]전주!$F$11+[4]전주!$F$12+[4]전주!$F$13+[4]전주!$F$14)/[4]전주!$F$15 -> 0.22182146 | M25: =+L25-K25 -> 0.049122955 | N25: =+[4]전주!$E$16 -> 742.54 | O25: =+[4]전주!$F$16 -> 655.10496 | P25: =+O25-N25 -> -87.435041 | Q25: =+[4]전주!$E$17 -> 992.06 | R25: =+[4]전주!$F$17 -> 1055.316 | S25: =+R25-Q25 -> 63.256025 | T25: =+[4]전주!$E$19 -> 2.26 | U25: =+[4]전주!$F$19 -> 2.1012465 | V25: =+U25-T25 -> -0.15875349
D26: 군산 | E26: =+[4]군산!$E$9 -> 280.7 | F26: =+[4]군산!$F$9 -> 261.91993 | G26: =+F26-E26 -> -18.780072 | H26: =+[4]군산!$E$15 -> 351.1 | I26: =+[4]군산!$F$15 -> 329.83576 | J26: =+I26-H26 -> -21.264235 | K26: =+([4]군산!$E$10*0.4+[4]군산!$E$11+[4]군산!$E$12+[4]군산!$E$13+[4]군산!$E$14)/[4]군산!$E$15 -> 0.16547992 | L26: =+([4]군산!$F$10*0.4+[4]군산!$F$11+[4]군산!$F$12+[4]군산!$F$13+[4]군산!$F$14)/[4]군산!$F$15 -> 0.20590804 | M26: =+L26-K26 -> 0.040428122 | N26: =+[4]군산!$E$16 -> 810 | O26: =+[4]군산!$F$16 -> 825.90221 | P26: =+O26-N26 -> 15.902207 | Q26: =+[4]군산!$E$17 -> 905 | R26: =+[4]군산!$F$17 -> 880.08085 | S26: =+R26-Q26 -> -24.919148 | T26: =+[4]군산!$E$19 -> 2.93 | U26: =+[4]군산!$F$19 -> 2.6376206 | V26: =+U26-T26 -> -0.29237936
D27: 원주 | E27: =+[4]원주!$E$9 -> 320.3 | F27: =+[4]원주!$F$9 -> 323.89252 | G27: =+F27-E27 -> 3.5925163 | H27: =+[4]원주!$E$15 -> 349.1 | I27: =+[4]원주!$F$15 -> 349.13112 | J27: =+I27-H27 -> 0.031115635 | K27: =+([4]원주!$E$10*0.4+[4]원주!$E$11+[4]원주!$E$12+[4]원주!$E$13+[4]원주!$E$14)/[4]원주!$E$15 -> 0.082497852 | L27: =+([4]원주!$F$10*0.4+[4]원주!$F$11+[4]원주!$F$12+[4]원주!$F$13+[4]원주!$F$14)/[4]원주!$F$15 -> 0.072289745 | M27: =+L27-K27 -> -0.010208107 | N27: =+[4]원주!$E$16 -> 837.86 | O27: =+[4]원주!$F$16 -> 862.33306 | P27: =+O27-N27 -> 24.473062 | Q27: =+[4]원주!$E$17 -> 921.01 | R27: =+[4]원주!$F$17 -> 920.86971 | S27: =+R27-Q27 -> -0.14029316 | T27: =+[4]원주!$E$19 -> 2.938 | U27: =+[4]원주!$F$19 -> 3.0245928 | V27: =+U27-T27 -> 0.086592834
D28: 제주 | E28: =+[4]제주!$E$9 -> 351 | F28: =+[4]제주!$F$9 -> 333.32748 | G28: =+F28-E28 -> -17.672516 | H28: =+[4]제주!$E$15 -> 351 | I28: =+[4]제주!$F$15 -> 333.32748 | J28: =+I28-H28 -> -17.672516 | K28: =+([4]제주!$E$10*0.4+[4]제주!$E$11+[4]제주!$E$12+[4]제주!$E$13+[4]제주!$E$14)/[4]제주!$E$15 -> 0 | L28: =+([4]제주!$F$10*0.4+[4]제주!$F$11+[4]제주!$F$12+[4]제주!$F$13+[4]제주!$F$14)/[4]제주!$F$15 -> 3.6117193e-21 | M28: =+L28-K28 -> 3.6117193e-21 | N28: =+[4]제주!$E$16 -> 705.7 | O28: =+[4]제주!$F$16 -> 869.83518 | P28: =+O28-N28 -> 164.13518 | Q28: =+[4]제주!$E$17 -> 1000.3 | R28: =+[4]제주!$F$17 -> 903.43201 | S28: =+R28-Q28 -> -96.86799 | T28: =+[4]제주!$E$19 -> 2.68 | U28: =+[4]제주!$F$19 -> 2.9388723 | V28: =+U28-T28 -> 0.25887226

Sheet 건자재
D6: □ 건자재 손익실적(2025-02)
O7: [단위 : 톤, 천원]
D8: 구분 | F8: 2월 | K8: 2월누계
F9: 계획 | G9: 실적 | H9: 계획대비 | I9: 전년 | J9: 전년대비 | K9: 계획 | L9: 실적 | M9: 계획대비 | N9: 전년 | O9: 전년대비
D10: 판매량 | E10: 철강재 | F10: =+IFERROR(HLOOKUP($F$8,[10]손익!$G$5:$AI$63,2,),) -> 10200 | G10: =+'[6]2월'!$G$8 -> 9724.523 | H10: =+G10-F10 -> -475.477 | I10: =+IFERROR(HLOOKUP($F$8,[11]월별!$E$2:$T$53,2,),) -> 6645.402 | J10: =+G10-I10 -> 3079.121 | K10: =+F10+[12]건자재!K10 -> 20000 | L10: =+G10+[12]건자재!L10 -> 18460.025 | M10: =+L10-K10 -> -1539.975 | N10: =+I10+[12]건자재!N10 -> 13070.495 | O10: =+L10-N10 -> 5389.53
D11: 판매단가 | E11: 철강재 | F11: =+F12/F10*1000 -> 872058.82 | G11: =+G12/G10*1000 -> 744684.73 | H11: =+G11-F11 -> -127374.09 | I11: =+I12/I10*1000 -> 886130.89 | J11: =+G11-I11 -> -141446.16 | K11: =+K12/K10*1000 -> 872500 | L11: =+L12/L10*1000 -> 750238 | M11: =+L11-K11 -> -122262 | N11: =+N12/N10*1000 -> 903139.27 | O11: =+L11-N11 -> -152901.27
D12: 매출액 | E12: 철강재 | F12: =+IFERROR(HLOOKUP($F$8,[10]손익!$G$5:$AI$63,22,),) -> 8895000 | G12: =+'[6]2월'!$G$9 -> 7241703.8 | H12: =+G12-F12 -> -1653296.2 | I12: =+IFERROR(HLOOKUP($F$8,[11]월별!$E$2:$T$53,5,),) -> 5888696 | J12: =+G12-I12 -> 1353007.8 | K12: =+F12+[12]건자재!K12 -> 17450000 | L12: =+G12+[12]건자재!L12 -> 13849412 | M12: =+L12-K12 -> -3600587.7 | N12: =+I12+[12]건자재!N12 -> 11804477 | O12: =+L12-N12 -> 2044935
E13: 기타 | F13: =+IFERROR(HLOOKUP($F$8,[10]손익!$G$5:$AI$63,23,),) -> 2270945.5 | G13: =+'[6]2월'!$J$9 -> 1035291.3 | H13: =+G13-F13 -> -1235654.2 | I13: =+IFERROR(HLOOKUP($F$8,[11]월별!$E$2:$T$53,6,),) -> 876962.01 | J13: =+G13-I13 -> 158329.32 | K13: =+F13+[12]건자재!K13 -> 4447268.4 | L13: =+G13+[12]건자재!L13 -> 1907702.5 | M13: =+L13-K13 -> -2539565.9 | N13: =+I13+[12]건자재!N13 -> 2369137.8 | O13: =+L13-N13 -> -461435.32
E14: (소계) | F14: =SUM(F12:F13) -> 11165946 | G14: =SUM(G12:G13) -> 8276995.1 | H14: =+G14-F14 -> -2888950.4 | I14: =SUM(I12:I13) -> 6765658 | J14: =+G14-I14 -> 1511337.1 | K14: =SUM(K12:K13) -> 21897268 | L14: =SUM(L12:L13) -> 15757115 | M14: =+L14-K14 -> -6140153.6 | N14: =SUM(N12:N13) -> 14173615 | O14: =+L14-N14 -> 1583499.7
D15: 매출원가 | E15: 철강재 | F15: =+IFERROR(HLOOKUP($F$8,[10]손익!$G$5:$AI$63,25,),) -> 8681992.5 | G15: =+'[6]2월'!$G$11 -> 7128840.8 | H15: =+G15-F15 -> -1553151.7 | I15: =+IFERROR(HLOOKUP($F$8,[11]월별!$E$2:$T$53,8,),) -> 5728934.7 | J15: =+G15-I15 -> 1399906 | K15: =+F15+[12]건자재!K15 -> 17031635 | L15: =+G15+[12]건자재!L15 -> 13619413 | M15: =+L15-K15 -> -3412222 | N15: =+I15+[12]건자재!N15 -> 11480120 | O15: =+L15-N15 -> 2139292.8
E16: 기타 | F16: =+IFERROR(HLOOKUP($F$8,[10]손익!$G$5:$AI$63,26,),) -> 2182476.3 | G16: =+'[6]2월'!$J$11 -> 998493.3 | H16: =+G16-F16 -> -1183983 | I16: =+IFERROR(HLOOKUP($F$8,[11]월별!$E$2:$T$53,9,),) -> 863642.57 | J16: =+G16-I16 -> 134850.73 | K16: =+F16+[12]건자재!K16 -> 4274016.1 | L16: =+G16+[12]건자재!L16 -> 1842130.2 | M16: =+L16-K16 -> -2431885.9 | N16: =+I16+[12]건자재!N16 -> 2322982 | O16: =+L16-N16 -> -480851.77
E17: (소계) | F17: =SUM(F15:F16) -> 10864469 | G17: =SUM(G15:G16) -> 8127334.1 | H17: =+G17-F17 -> -2737134.7 | I17: =SUM(I15:I16) -> 6592577.3 | J17: =+G17-I17 -> 1534756.8 | K17: =SUM(K15:K16) -> 21305651 | L17: =SUM(L15:L16) -> 15461543 | M17: =+L17-K17 -> -5844107.9 | N17: =SUM(N15:N16) -> 13803102 | O17: =+L17-N17 -> 1658441
D18: 매출이익 | E18: 철강재 | F18: =+F12-F15 -> 213007.5 | G18: =+G12-G15 -> 112863.01 | H18: =+G18-F18 -> -100144.49 | I18: =+I12-I15 -> 159761.23 | J18: =+G18-I18 -> -46898.225 | K18: =+K12-K15 -> 418365 | L18: =+L12-L15 -> 229999.27 | M18: =+L18-K18 -> -188365.73 | N18: =+N12-N15 -> 324357.07 | O18: =+L18-N18 -> -94357.801
E19: % | F19: =+F18/F12 -> 0.02394688 | G19: =+G18/G12 -> 0.015585145 | H19: =+G19-F19 -> -0.0083617349 | I19: =+I18/I12 -> 0.027130154 | J19: =+G19-I19 -> -0.011545009 | K19: =+K18/K12 -> 0.023975072 | L19: =+L18/L12 -> 0.01660715 | M19: =+L19-K19 -> -0.0073679213 | N19: =+N18/N12 -> 0.027477462 | O19: =+L19-N19 -> -0.010870311
E20: 기타 | F20: =+F13-F16 -> 88469.226 | G20: =+G13-G16 -> 36798.037 | H20: =+G20-F20 -> -51671.189 | I20: =+I13-I16 -> 13319.447 | J20: =+G20-I20 -> 23478.59 | K20: =+K13-K16 -> 173252.23 | L20: =+L13-L16 -> 65572.263 | M20: =+L20-K20 -> -107679.97 | N20: =+N13-N16 -> 46155.812 | O20: =+L20-N20 -> 19416.451
E21: % | F21: =+F20/F13 -> 0.038957 | G21: =+G20/G13 -> 0.035543654 | H21: =+G21-F21 -> -0.003413346 | I21: =+I20/I13 -> 0.015188169 | J21: =+G21-I21 -> 0.020355485 | K21: =+K20/K13 -> 0.038957 | L21: =+L20/L13 -> 0.034372374 | M21: =+L21-K21 -> -0.0045846264 | N21: =+N20/N13 -> 0.019482114 | O21: =+L21-N21 -> 0.01489026
E22: (소계) | F22: =SUM(F18,F20) -> 301476.73 | G22: =SUM(G18,G20) -> 149661.04 | H22: =+G22-F22 -> -151815.68 | I22: =SUM(I18,I20) -> 173080.68 | J22: =+G22-I22 -> -23419.635 | K22: =SUM(K18,K20) -> 591617.23 | L22: =SUM(L18,L20) -> 295571.53 | M22: =+L22-K22 -> -296045.7 | N22: =SUM(N18,N20) -> 370512.88 | O22: =+L22-N22 -> -74941.35
E23: % | F23: =+F22/F14 -> 0.026999659 | G23: =+G22/G14 -> 0.018081567 | H23: =+G23-F23 -> -0.0089180922 | I23: =+I22/I14 -> 0.025582239 | J23: =+G23-I23 -> -0.0075006717 | K23: =+K22/K14 -> 0.027017856 | L23: =+L22/L14 -> 0.018757973 | M23: =+L23-K23 -> -0.0082598825 | N23: =+N22/N14 -> 0.026141029 | O23: =+L23-N23 -> -0.007383056
D24: 판관비 | E24: 노무비 | F24: =+IFERROR(HLOOKUP($F$8,[10]판매4!$G$4:$U$50,7,),) -> 87502.28 | G24: =+'[6]2월'!$M$19 -> 94794.215 | H24: =+G24-F24 -> 7291.935 | I24: =+IFERROR(HLOOKUP($F$8,[11]월별!$E$2:$T$53,17,),) -> 88470.615 | J24: =+G24-I24 -> 6323.6 | K24: =+F24+[12]건자재!K24 -> 175004.56 | L24: =+G24+[12]건자재!L24 -> 190177.24 | M24: =+L24-K24 -> 15172.68 | N24: =+I24+[12]건자재!N24 -> 176862.93 | O24: =+L24-N24 -> 13314.31
E25: 경비 | F25: =+IFERROR(HLOOKUP($F$8,[10]판매4!$G$4:$U$50,31,),)+IFERROR(HLOOKUP($F$8,[10]판매4!$G$4:$U$50,34,),) -> 42353.688 | G25: =+'[6]2월'!$M$37+'[6]2월'!$M$40 -> 44005.115 | H25: =+G25-F25 -> 1651.427 | I25: =+IFERROR(HLOOKUP($F$8,[11]월별!$E$2:$T$53,35,),)+IFERROR(HLOOKUP($F$8,[11]월별!$E$2:$T$53,38,),) -> 42765.384 | J25: =+G25-I25 -> 1239.731 | K25: =+F25+[12]건자재!K25 -> 77630.596 | L25: =+G25+[12]건자재!L25 -> 92835.333 | M25: =+L25-K25 -> 15204.737 | N25: =+I25+[12]건자재!N25 -> 76538.065 | O25: =+L25-N25 -> 16297.268
E26: (소계) | F26: =SUM(F24:F25) -> 129855.97 | G26: =SUM(G24:G25) -> 138799.33 | H26: =+G26-F26 -> 8943.362 | I26: =SUM(I24:I25) -> 131236 | J26: =+G26-I26 -> 7563.331 | K26: =SUM(K24:K25) -> 252635.16 | L26: =SUM(L24:L25) -> 283012.57 | M26: =+L26-K26 -> 30377.417 | N26: =SUM(N24:N25) -> 253400.99 | O26: =+L26-N26 -> 29611.578
D27: 영업이익 | F27: =+F22-F26 -> 171620.76 | G27: =+G22-G26 -> 10861.713 | H27: =+G27-F27 -> -160759.04 | I27: =+I22-I26 -> 41844.679 | J27: =+G27-I27 -> -30982.966 | K27: =+K22-K26 -> 338982.08 | L27: =+L22-L26 -> 12558.962 | M27: =+L27-K27 -> -326423.12 | N27: =+N22-N26 -> 117111.89 | O27: =+L27-N27 -> -104552.93
E28: % | F28: =+F27/F14 -> 0.015370016 | G28: =+G27/G14 -> 0.0013122773 | H28: =+G28-F28 -> -0.014057738 | I28: =+I27/I14 -> 0.0061848647 | J28: =+G28-I28 -> -0.0048725873 | K28: =+K27/K14 -> 0.015480565 | L28: =+L27/L14 -> 0.00079703437 | M28: =+L28-K28 -> -0.01468353 | N28: =+N27/N14 -> 0.008262669 | O28: =+L28-N28 -> -0.0074656346
D29: 철강재 단가 및 마진률
R34: * 공통비
F36: =+IFERROR(HLOOKUP($F$8,[10]손익!$G$5:$AJ$65,17,),) -> 171620.76 | G36: =+'[6]2월'!$M$41 -> 10861.713 | I36: =+IFERROR(HLOOKUP($F$8,[11]월별!$E$2:$T$53,39,),) -> 41844.679 | S36: 1월 | T36: 2월 | U36: 3월 | V36: 4월 | W36: 5월 | X36: 6월 | Y36: 7월 | Z36: 8월 | AA36: 9월 | AB36: 10월 | AC36: 11월 | AD36: 1월 | AE36: 1월 | AF36: 2월 | AG36: 3월 | AH36: 4월 | AI36: 5월 | AJ36: 6월 | AK36: 7월 | AL36: 8월 | AM36: 9월 | AN36: 10월 | AO36: 11월 | AP36: 12월 | AQ36: 1월 | AR36: 2월
F37: =+F27=F36 -> TRUE | G37: =+G27=G36 -> TRUE | I37: =+I27=I36 -> TRUE | R37: 구분 | S37: 1월 | T37: 2월 | U37: 3 | V37: 4월 | W37: 5월 | X37: 6월 | Y37: 7월 | Z37: =+Z36 -> 8월 | AA37: =+AA36 -> 9월 | AB37: =+AB36 -> 10월 | AC37: =+AC36 -> 11월 | AD37: =+AD36 -> 1월 | AE37: =+AE36 -> 1월 | AF37: =+AF36 -> 2월 | AG37: =+AG36 -> 3월 | ... AR37: =+AR36 -> 2월
F38: =+F27-F36 -> 0 | G38: =+G27-G36 -> 1.4551915e-11 | I38: =+I27-I36 -> 0 | R38: 판매단가 | S38: =+IFERROR(HLOOKUP(S$36,[11]월별!$E$2:$S$67,42,),) -> 920730.85 | T38: =+IFERROR(HLOOKUP(T$36,[11]월별!$E$2:$S$67,42,),) -> 886130.89 | U38: =+IFERROR(HLOOKUP(U$36,[11]월별!$E$2:$S$67,42,),) -> 873530.52 | V38: =+IFERROR(HLOOKUP(V$36,[11]월별!$E$2:$S$67,42,),) -> 853042.91 | W38: =+IFERROR(HLOOKUP(W$36,[11]월별!$E$2:$S$67,42,),) -> 811389.31 | X38: =+IFERROR(HLOOKUP(X$36,[11]월별!$E$2:$S$67,42,),) -> 785072.68 | Y38: =+IFERROR(HLOOKUP(Y$36,[11]월별!$E$2:$S$67,42,),) -> 751049.21 | Z38: =+IFERROR(HLOOKUP(Z$36,[11]월별!$E$2:$S$67,42,),) -> 846014.53 | ... AP38: =+IFERROR(HLOOKUP(AP$36,[11]월별!$E$2:$S$67,42,),) -> 752238.02 | AQ38: =+IFERROR(HLOOKUP(AQ$36,[6]월별!$E$2:$S$67,42,),) -> 756420.01 | AR38: =+IFERROR(HLOOKUP(AR$36,[6]월별!$E$2:$S$67,42,),) -> 744684.73
R39: 마진률 | S39: =+IFERROR(HLOOKUP(S$36,[11]월별!$E$2:$S$67,43,),) -> 0 | T39: =+IFERROR(HLOOKUP(T$36,[11]월별!$E$2:$S$67,43,),) -> 0 | U39: =+IFERROR(HLOOKUP(U$36,[11]월별!$E$2:$S$67,43,),) -> 0 | V39: =+IFERROR(HLOOKUP(V$36,[11]월별!$E$2:$S$67,43,),) -> 0 | W39: =+IFERROR(HLOOKUP(W$36,[11]월별!$E$2:$S$67,43,),) -> 0 | X39: =+IFERROR(HLOOKUP(X$36,[11]월별!$E$2:$S$67,43,),) -> 0 | Y39: =+IFERROR(HLOOKUP(Y$36,[11]월별!$E$2:$S$67,43,),) -> 0 | Z39: =+IFERROR(HLOOKUP(Z$36,[11]월별!$E$2:$S$67,43,),) -> 0 | ... AP39: =+IFERROR(HLOOKUP(AP$36,[11]월별!$E$2:$S$67,43,),) -> 0 | AQ39: =+IFERROR(HLOOKUP(AQ$36,[6]월별!$E$2:$S$67,43,),) -> 0 | AR39: =+IFERROR(HLOOKUP(AR$36,[6]월별!$E$2:$S$67,43,),) -> 0

Sheet 골재사업소(당월)
A1: 2월 | AN1: 부산 세척사 - 창원공장
D4: □ 골재사업소 손익(2025-02)
AV5: [단위 : ㎥, 천원]
D6: 계획 | E6: 구분 | G6: 쇄석25mm | J6: 쇄사(습식) | M6: 혼합석(40mm) | P6: 쇄석40mm | S6: 쇄사2 | V6: 서부산 소계 | Y6: 부산크라샤 쇄석 | AB6: 부산크라샤 쇄사(습식) | AE6: 40혼합석 | AH6: 부산크라샤 소계 | AK6: 부산 하천사 | AN6: 부산 세척사 | AQ6: 부산모래장 소계 | AT6: 골재사업소 계
G7: 계획 | H7: 실적 | I7: 차이 | J7: 계획 | K7: 실적 | L7: 차이 | M7: 계획 | N7: 실적 | O7: 차이 | P7: 계획 | Q7: 실적 | R7: 차이 | S7: 계획 | T7: 실적 | U7: 차이 | V7: 계획 | W7: 실적 | X7: 차이 | Y7: 계획 | Z7: 실적 | AA7: 차이 | AB7: 계획 | AC7: 실적 | AD7: 차이 | AE7: 계획 | AF7: 실적 | AG7: 차이 | AH7: 계획 | AI7: 실적 | AJ7: 차이 | AK7: 계획 | AL7: 실적 | AM7: 차이 | AN7: 계획 | AO7: 실적 | AP7: 차이 | AQ7: 계획 | AR7: 실적 | AS7: 차이 | AT7: 계획 | AU7: 실적 | AV7: 차이
E8: 판매량 | F8: 자가이송 | G8: =+IFERROR(HLOOKUP($A$1,[13]물량!$G$5:$R$83,59,),) -> 17637.467 | H8: =+'[7]서부산크라샤(당월)'!$F$66 -> 4202 | I8: =H8-G8 -> -13435.467 | J8: =+IFERROR(HLOOKUP($A$1,[13]물량!$G$5:$R$83,62,),) -> 8060.1935 | K8: =+'[7]서부산크라샤(당월)'!$I$66 -> 2940 | L8: =K8-J8 -> -5120.1935 | M8: =+IFERROR(HLOOKUP($A$1,[13]물량!$G$5:$R$83,68,),) -> 0 | N8: =+'[7]서부산크라샤(당월)'!$L$66 -> 0 | O8: =N8-M8 -> 0 | Q8: =+'[7]서부산크라샤(당월)'!$O$66 -> 0 | R8: =Q8-P8 -> 0 | T8: =+'[7]서부산크라샤(당월)'!$R$66 -> 0 | U8: =T8-S8 -> 0 | V8: =+G8+J8+M8+P8+S8 -> 25697.66 | W8: =+H8+K8+N8+Q8+T8 -> 7142 | X8: =W8-V8 -> -18555.66 | Y8: =+IFERROR(HLOOKUP($A$1,[14]물량!$G$5:$R$109,59,),) -> 4496.6667 | Z8: =+'[7]부산크라샤(당월)'!$F$66 -> 6952 | AA8: =Z8-Y8 -> 2455.3333 | AB8: =+IFERROR(HLOOKUP($A$1,[14]물량!$G$5:$R$109,62,),) -> 7463.6801 | AC8: =+'[7]부산크라샤(당월)'!$I$66 -> 7414 | AD8: =AC8-AB8 -> -49.680133 | AF8: =+'[7]부산크라샤(당월)'!$L$66 -> 0 | AG8: =AF8-AE8 -> 0 | AH8: =+Y8+AB8+AE8 -> 11960.347 | AI8: =+Z8+AC8+AF8 -> 14366 | AJ8: =AI8-AH8 -> 2405.6532 | AK8: =+IFERROR(HLOOKUP($A$1,[15]판매계획!$G$6:$R$92,7,),) -> 4593.2092 | AL8: =+'[16]부산모래장(손익)'!$E$38 -> 300 | AM8: =AL8-AK8 -> -4293.2092 | AN8: =+IFERROR(HLOOKUP($A$1,[15]판매계획!$G$6:$R$92,8,),) -> 5120.979 | AO8: =SUM('[16]부산모래장(손익)'!$C$38:$D$38) -> 9602 | AP8: =AO8-AN8 -> 4481.021 | AQ8: =AK8+AN8 -> 9714.1882 | AR8: =AL8+AO8 -> 9902 | AS8: =AR8-AQ8 -> 187.81183 | AT8: =+V8+AH8+AQ8 -> 47372.195 | AU8: =+W8+AI8+AR8 -> 31410 | AV8: =AU8-AT8 -> -15962.195
F9: % | G9: =+G8/G$12 -> 0.68795669 | H9: =+H8/H$12 -> 0.74688944 | I9: =+H9-G9 -> 0.058932753 | J9: =+J8/J$12 -> 0.53519854 | K9: =+K8/K$12 -> 1 | L9: =+K9-J9 -> 0.46480146 | M9: =+M8/M$12 -> 0 | N9: =+N8/N$12 -> 0 | O9: =+N9-M9 -> 0 | Q9: =+Q8/Q$12 -> #DIV/0! | R9: =+Q9-P9 -> #DIV/0! | T9: =+T8/T$12 -> 0 | U9: =+T9-S9 -> 0 | V9: =+V8/V$12 -> 0.56234083 | W9: =+W8/W$12 -> 0.55150579 | X9: =+W9-V9 -> -0.010835039 | Y9: =+Y8/Y$12 -> 1 | Z9: =+Z8/Z$12 -> 0.84450923 | AA9: =+Z9-Y9 -> -0.15549077 | AB9: =+AB8/AB$12 -> 1 | AC9: =+AC8/AC$12 -> 0.60860286 | AD9: =+AC9-AB9 -> -0.39139714 | AE9: =+AE8/AE$12 -> #DIV/0! | AF9: =+AF8/AF$12 -> #DIV/0! | AG9: =+AF9-AE9 -> #DIV/0! | AH9: =+AH8/AH$12 -> 1 | AI9: =+AI8/AI$12 -> 0.70373273 | AJ9: =+AI9-AH9 -> -0.29626727 | AK9: =+AK8/AK$12 -> 0.69665758 | AL9: =+AL8/AL$12 -> 1 | AM9: =+AL9-AK9 -> 0.30334242 | AN9: =+AN8/AN$12 -> 0.50597665 | AO9: =+AO8/AO$12 -> 0.39558357 | AP9: =+AO9-AN9 -> -0.11039308 | AQ9: =+AQ8/AQ$12 -> 0.58119414 | AR9: =+AR8/AR$12 -> 0.4029626 | AS9: =+AR9-AQ9 -> -0.17823154 | AT9: =+AT8/AT$12 -> 0.6369611 | AU9: =+AU8/AU$12 -> 0.5421406 | AV9: =+AU9-AT9 -> -0.094820498
F10: 외부판매 | G10: =+IFERROR(HLOOKUP($A$1,[13]물량!$G$5:$R$83,60,),) -> 8000 | H10: =+'[7]서부산크라샤(당월)'!$F$59 -> 1424 | I10: =H10-G10 -> -6576 | J10: =+IFERROR(HLOOKUP($A$1,[13]물량!$G$5:$R$83,63,),) -> 7000 | K10: =+'[7]서부산크라샤(당월)'!$I$59 -> 0 | L10: =K10-J10 -> -7000 | M10: =+IFERROR(HLOOKUP($A$1,[13]물량!$G$5:$R$83,69,),) -> 5000 | N10: =+'[7]서부산크라샤(당월)'!$L$59 -> 3664 | O10: =N10-M10 -> -1336 | Q10: =+'[7]서부산크라샤(당월)'!$O$59 -> 0 | R10: =Q10-P10 -> 0 | T10: =+'[7]서부산크라샤(당월)'!$R$59 -> 720 | U10: =T10-S10 -> 720 | V10: =+G10+J10+M10+P10+S10 -> 20000 | W10: =+H10+K10+N10+Q10+T10 -> 5808 | X10: =W10-V10 -> -14192 | Y10: =+IFERROR(HLOOKUP($A$1,[14]물량!$G$5:$R$109,60,),) -> 0 | Z10: =+'[7]부산크라샤(당월)'!$F$59 -> 1280 | AA10: =Z10-Y10 -> 1280 | AB10: =+IFERROR(HLOOKUP($A$1,[14]물량!$G$5:$R$109,63,),) -> 0 | AC10: =+'[7]부산크라샤(당월)'!$I$59 -> 4768 | AD10: =AC10-AB10 -> 4768 | AE10: =+IFERROR(HLOOKUP($A$1,[14]물량!$G$5:$R$109,66,),) -> 0 | AF10: =+'[7]부산크라샤(당월)'!$L$59 -> 0 | AG10: =AF10-AE10 -> 0 | AH10: =+Y10+AB10+AE10 -> 0 | AI10: =+Z10+AC10+AF10 -> 6048 | AJ10: =AI10-AH10 -> 6048 | AK10: =+IFERROR(HLOOKUP($A$1,[15]판매계획!$G$6:$R$92,2,),) -> 2000 | AL10: =+'[16]부산모래장(손익)'!$E$37 -> 0 | AM10: =AL10-AK10 -> -2000 | AN10: =+IFERROR(HLOOKUP($A$1,[15]판매계획!$G$6:$R$92,3,),) -> 5000 | AO10: =SUM('[16]부산모래장(손익)'!$C$37:$D$37) -> 14671 | AP10: =AO10-AN10 -> 9671 | AQ10: =AK10+AN10 -> 7000 | AR10: =AL10+AO10 -> 14671 | AS10: =AR10-AQ10 -> 7671 | AT10: =+V10+AH10+AQ10 -> 27000 | AU10: =+W10+AI10+AR10 -> 26527 | AV10: =AU10-AT10 -> -473
F11: % | G11: =+G10/G$12 -> 0.31204331 | H11: =+H10/H$12 -> 0.25311056 | I11: =+H11-G11 -> -0.058932753 | J11: =+J10/J$12 -> 0.46480146 | K11: =+K10/K$12 -> 0 | L11: =+K11-J11 -> -0.46480146 | M11: =+M10/M$12 -> 1 | N11: =+N10/N$12 -> 1 | O11: =+N11-M11 -> 0 | Q11: =+Q10/Q$12 -> #DIV/0! | R11: =+Q11-P11 -> #DIV/0! | T11: =+T10/T$12 -> 1 | U11: =+T11-S11 -> 1 | V11: =+V10/V$12 -> 0.43765917 | W11: =+W10/W$12 -> 0.44849421 | X11: =+W11-V11 -> 0.010835039 | Y11: =+Y10/Y$12 -> 0 | Z11: =+Z10/Z$12 -> 0.15549077 | AA11: =+Z11-Y11 -> 0.15549077 | AB11: =+AB10/AB$12 -> 0 | AC11: =+AC10/AC$12 -> 0.39139714 | AD11: =+AC11-AB11 -> 0.39139714 | AE11: =+AE10/AE$12 -> #DIV/0! | AF11: =+AF10/AF$12 -> #DIV/0! | AG11: =+AF11-AE11 -> #DIV/0! | AH11: =+AH10/AH$12 -> 0 | AI11: =+AI10/AI$12 -> 0.29626727 | AJ11: =+AI11-AH11 -> 0.29626727 | AK11: =+AK10/AK$12 -> 0.30334242 | AL11: =+AL10/AL$12 -> 0 | AM11: =+AL11-AK11 -> -0.30334242 | AN11: =+AN10/AN$12 -> 0.49402335 | AO11: =+AO10/AO$12 -> 0.60441643 | AP11: =+AO11-AN11 -> 0.11039308 | AQ11: =+AQ10/AQ$12 -> 0.41880586 | AR11: =+AR10/AR$12 -> 0.5970374 | AS11: =+AR11-AQ11 -> 0.17823154 | AT11: =+AT10/AT$12 -> 0.3630389 | AU11: =+AU10/AU$12 -> 0.4578594 | AV11: =+AU11-AT11 -> 0.094820498
F12: (소계) | G12: =G8+G10 -> 25637.467 | H12: =H8+H10 -> 5626 | I12: =H12-G12 -> -20011.467 | J12: =J8+J10 -> 15060.194 | K12: =K8+K10 -> 2940 | L12: =K12-J12 -> -12120.194 | M12: =M8+M10 -> 5000 | N12: =N8+N10 -> 3664 | O12: =N12-M12 -> -1336 | Q12: =Q8+Q10 -> 0 | R12: =Q12-P12 -> 0 | T12: =T8+T10 -> 720 | U12: =T12-S12 -> 720 | V12: =V8+V10 -> 45697.66 | W12: =W8+W10 -> 12950 | X12: =W12-V12 -> -32747.66 | Y12: =Y8+Y10 -> 4496.6667 | Z12: =Z8+Z10 -> 8232 | AA12: =Z12-Y12 -> 3735.3333 | AB12: =AB8+AB10 -> 7463.6801 | AC12: =AC8+AC10 -> 12182 | AD12: =AC12-AB12 -> 4718.3199 | AE12: =AE8+AE10 -> 0 | AF12: =AF8+AF10 -> 0 | AG12: =AF12-AE12 -> 0 | AH12: =AH8+AH10 -> 11960.347 | AI12: =AI8+AI10 -> 20414 | AJ12: =AI12-AH12 -> 8453.6532 | AK12: =AK8+AK10 -> 6593.2092 | AL12: =AL8+AL10 -> 300 | AM12: =AL12-AK12 -> -6293.2092 | AN12: =AN8+AN10 -> 10120.979 | AO12: =AO8+AO10 -> 24273 | AP12: =AO12-AN12 -> 14152.021 | AQ12: =AQ8+AQ10 -> 16714.188 | AR12: =AR8+AR10 -> 24573 | AS12: =AR12-AQ12 -> 7858.8118 | AT12: =AT8+AT10 -> 74372.195 | AU12: =AU8+AU10 -> 57937 | AV12: =AU12-AT12 -> -16435.195 | AX12: =+'사업장별(당월)'!J32*1000 -> 74372.195 | AY12: =+'사업장별(당월)'!K32*1000 -> 57937
E13: 매출액 | F13: 자가이송 | G13: =+IFERROR(HLOOKUP($A$1,[13]매출!$G$5:$R$149,115,),) -> 252885.33 | H13: =+'[7]서부산크라샤(당월)'!$F$72 -> 63298 | I13: =H13-G13 -> -189587.33 | J13: =+IFERROR(HLOOKUP($A$1,[13]매출!$G$5:$R$149,118,),) -> 169607.1 | K13: =+'[7]서부산크라샤(당월)'!$I$72 -> 61704 | L13: =K13-J13 -> -107903.1 | M13: =+IFERROR(HLOOKUP($A$1,[13]매출!$G$5:$R$149,124,),) -> 0 | N13: =+'[7]서부산크라샤(당월)'!$L$72 -> 0 | O13: =N13-M13 -> 0 | Q13: =+'[7]서부산크라샤(당월)'!$O$72 -> 0 | R13: =Q13-P13 -> 0 | T13: =+'[7]서부산크라샤(당월)'!$R$72 -> 0 | U13: =T13-S13 -> 0 | V13: =+G13+J13+M13+P13+S13 -> 422492.43 | W13: =+H13+K13+N13+Q13+T13 -> 125002 | X13: =W13-V13 -> -297490.43 | Y13: =+IFERROR(HLOOKUP($A$1,[14]매출!$G$5:$R$144,115,),) -> 78691.667 | Z13: =+'[7]부산크라샤(당월)'!$F$72 -> 117524 | AA13: =Z13-Y13 -> 38832.333 | AB13: =+IFERROR(HLOOKUP($A$1,[14]매출!$G$5:$R$144,118,),) -> 174696.52 | AC13: =+'[7]부산크라샤(당월)'!$I$72 -> 163669 | AD13: =AC13-AB13 -> -11027.524 | AF13: =+'[7]부산크라샤(당월)'!$L$72 -> 0 | AG13: =AF13-AE13 -> 0 | AH13: =+Y13+AB13+AE13 -> 253388.19 | AI13: =+Z13+AC13+AF13 -> 281193 | AJ13: =AI13-AH13 -> 27804.81 | AK13: =+IFERROR(HLOOKUP($A$1,[15]판매계획!$G$6:$R$92,43,),) -> 159302.78 | AL13: =+'[16]부산모래장(손익)'!$E$41/1000 -> 11400 | AM13: =AL13-AK13 -> -147902.78 | AN13: =+IFERROR(HLOOKUP($A$1,[15]판매계획!$G$6:$R$92,44,),) -> 310205.93 | AO13: =SUM('[16]부산모래장(손익)'!$C$41:$D$41)/1000 -> 278608 | AP13: =AO13-AN13 -> -31597.926 | AQ13: =AK13+AN13 -> 469508.7 | AR13: =AL13+AO13 -> 290008 | AS13: =AR13-AQ13 -> -179500.7 | AT13: =+V13+AH13+AQ13 -> 1145389.3 | AU13: =+W13+AI13+AR13 -> 696203 | AV13: =AU13-AT13 -> -449186.32 | AX13: =+AX12=AT12 -> TRUE | AY13: =+AY12=AU12 -> TRUE
F14: 단가 | G14: =+G13/G8*1000 -> 14337.962 | H14: =+H13/H8*1000 -> 15063.779 | I14: =H14-G14 -> 725.81678 | J14: =+J13/J8*1000 -> 21042.559 | K14: =+K13/K8*1000 -> 20987.755 | L14: =K14-J14 -> -54.803709 | M14: =+M13/M8*1000 -> #DIV/0! | N14: =+N13/N8*1000 -> #DIV/0! | O14: =N14-M14 -> #DIV/0! | Q14: =+Q13/Q8*1000 -> #DIV/0! | R14: =Q14-P14 -> #DIV/0! | T14: =+T13/T8*1000 -> #DIV/0! | U14: =T14-S14 -> #DIV/0! | V14: =+V13/V8*1000 -> 16440.891 | W14: =+W13/W8*1000 -> 17502.38 | X14: =W14-V14 -> 1061.4893 | Y14: =+Y13/Y8*1000 -> 17500 | Z14: =+Z13/Z8*1000 -> 16905.063 | AA14: =Z14-Y14 -> -594.93671 | AB14: =+AB13/AB8*1000 -> 23406.218 | AC14: =+AC13/AC8*1000 -> 22075.668 | AD14: =AC14-AB14 -> -1330.5503 | AE14: =+AE13/AE8*1000 -> #DIV/0! | AF14: =+AF13/AF8*1000 -> #DIV/0! | AG14: =AF14-AE14 -> #DIV/0! | AH14: =+AH13/AH8*1000 -> 21185.689 | AI14: =+AI13/AI8*1000 -> 19573.507 | AJ14: =AI14-AH14 -> -1612.1823 | AK14: =+AK13/AK8*1000 -> 34682.239 | AL14: =+AL13/AL8*1000 -> 38000 | AM14: =AL14-AK14 -> 3317.7608 | AN14: =+AN13/AN8*1000 -> 60575.512 | AO14: =+AO13/AO8*1000 -> 29015.622 | AP14: =AO14-AN14 -> -31559.89 | AQ14: =+AQ13/AQ8*1000 -> 48332.264 | AR14: =+AR13/AR8*1000 -> 29287.821 | AS14: =AR14-AQ14 -> -19044.443 | AT14: =+AT13/AT8*1000 -> 24178.515 | AU14: =+AU13/AU8*1000 -> 22165.011 | AV14: =AU14-AT14 -> -2013.5037
F15: 외부판매 | G15: =+IFERROR(HLOOKUP($A$1,[13]매출!$G$5:$R$149,116,),) -> 92000 | H15: =+'[7]서부산크라샤(당월)'!$F$71 -> 16376 | I15: =H15-G15 -> -75624 | J15: =+IFERROR(HLOOKUP($A$1,[13]매출!$G$5:$R$149,119,),) -> 105000 | K15: =+'[7]서부산크라샤(당월)'!$I$71 -> 0 | L15: =K15-J15 -> -105000 | M15: =+IFERROR(HLOOKUP($A$1,[13]매출!$G$5:$R$149,125,),) -> 45000 | N15: =+'[7]서부산크라샤(당월)'!$L$71 -> 31144 | O15: =N15-M15 -> -13856 | Q15: =+'[7]서부산크라샤(당월)'!$O$71 -> 0 | R15: =Q15-P15 -> 0 | T15: =+'[7]서부산크라샤(당월)'!$R$71 -> 6480 | U15: =T15-S15 -> 6480 | V15: =+G15+J15+M15+P15+S15 -> 242000 | W15: =+H15+K15+N15+Q15+T15 -> 54000 | X15: =W15-V15 -> -188000 | Y15: =+IFERROR(HLOOKUP($A$1,[14]매출!$G$5:$R$144,116,),) -> 0 | Z15: =+'[7]부산크라샤(당월)'!$F$71 -> 16640 | AA15: =Z15-Y15 -> 16640 | AB15: =+IFERROR(HLOOKUP($A$1,[14]매출!$G$5:$R$144,119,),) -> 0 | AC15: =+'[7]부산크라샤(당월)'!$I$71 -> 85888 | AD15: =AC15-AB15 -> 85888 | AE15: =+IFERROR(HLOOKUP($A$1,[14]매출!$G$5:$R$144,122,),) -> 0 | AF15: =+'[7]부산크라샤(당월)'!$L$71 -> 0 | AG15: =AF15-AE15 -> 0 | AH15: =+Y15+AB15+AE15 -> 0 | AI15: =+Z15+AC15+AF15 -> 102528 | AJ15: =AI15-AH15 -> 102528 | AK15: =+IFERROR(HLOOKUP($A$1,[15]판매계획!$G$6:$R$92,38,),) -> 70000 | AL15: =+'[16]부산모래장(손익)'!$E$40/1000 -> 0 | AM15: =AL15-AK15 -> -70000 | AN15: =+IFERROR(HLOOKUP($A$1,[15]판매계획!$G$6:$R$92,39,),) -> 137500 | AO15: =SUM('[16]부산모래장(손익)'!$C$40:$D$40)/1000 -> 389852.5 | AP15: =AO15-AN15 -> 252352.5 | AQ15: =AK15+AN15 -> 207500 | AR15: =AL15+AO15 -> 389852.5 | AS15: =AR15-AQ15 -> 182352.5 | AT15: =+V15+AH15+AQ15 -> 449500 | AU15: =+W15+AI15+AR15 -> 546380.5 | AV15: =AU15-AT15 -> 96880.5
F16: 단가 | G16: =IFERROR(G15/G10,)*1000 -> 11500 | H16: =IFERROR(H15/H10,)*1000 -> 11500 | I16: =H16-G16 -> 0 | J16: =IFERROR(J15/J10,)*1000 -> 15000 | K16: =IFERROR(K15/K10,)*1000 -> 0 | L16: =K16-J16 -> -15000 | M16: =IFERROR(M15/M10,)*1000 -> 9000 | N16: =IFERROR(N15/N10,)*1000 -> 8500 | O16: =N16-M16 -> -500 | Q16: =IFERROR(Q15/Q10,)*1000 -> 0 | R16: =Q16-P16 -> 0 | T16: =IFERROR(T15/T10,)*1000 -> 9000 | U16: =T16-S16 -> 9000 | V16: =IFERROR(V15/V10,)*1000 -> 12100 | W16: =IFERROR(W15/W10,)*1000 -> 9297.5207 | X16: =W16-V16 -> -2802.4793 | Y16: =IFERROR(Y15/Y10,)*1000 -> 0 | Z16: =IFERROR(Z15/Z10,)*1000 -> 13000 | AA16: =Z16-Y16 -> 13000 | AB16: =IFERROR(AB15/AB10,)*1000 -> 0 | AC16: =IFERROR(AC15/AC10,)*1000 -> 18013.423 | AD16: =AC16-AB16 -> 18013.423 | AE16: =IFERROR(AE15/AE10,)*1000 -> 0 | AF16: =IFERROR(AF15/AF10,)*1000 -> 0 | AG16: =AF16-AE16 -> 0 | AH16: =IFERROR(AH15/AH10,)*1000 -> 0 | AI16: =IFERROR(AI15/AI10,)*1000 -> 16952.381 | AJ16: =AI16-AH16 -> 16952.381 | AK16: =IFERROR(AK15/AK10,)*1000 -> 35000 | AL16: =IFERROR(AL15/AL10,)*1000 -> 0 | AM16: =AL16-AK16 -> -35000 | AN16: =IFERROR(AN15/AN10,)*1000 -> 27500 | AO16: =IFERROR(AO15/AO10,)*1000 -> 26573.001 | AP16: =AO16-AN16 -> -926.99884 | AQ16: =IFERROR(AQ15/AQ10,)*1000 -> 29642.857 | AR16: =IFERROR(AR15/AR10,)*1000 -> 26573.001 | AS16: =AR16-AQ16 -> -3069.856 | AT16: =IFERROR(AT15/AT10,)*1000 -> 16648.148 | AU16: =IFERROR(AU15/AU10,)*1000 -> 20597.146 | AV16: =AU16-AT16 -> 3948.9982
F17: (소계) | G17: =G13+G15 -> 344885.33 | H17: =H13+H15 -> 79674 | I17: =H17-G17 -> -265211.33 | J17: =J13+J15 -> 274607.1 | K17: =K13+K15 -> 61704 | L17: =K17-J17 -> -212903.1 | M17: =M13+M15 -> 45000 | N17: =N13+N15 -> 31144 | O17: =N17-M17 -> -13856 | Q17: =Q13+Q15 -> 0 | R17: =Q17-P17 -> 0 | T17: =T13+T15 -> 6480 | U17: =T17-S17 -> 6480 | V17: =V13+V15 -> 664492.43 | W17: =W13+W15 -> 179002 | X17: =W17-V17 -> -485490.43 | Y17: =Y13+Y15 -> 78691.667 | Z17: =Z13+Z15 -> 134164 | AA17: =Z17-Y17 -> 55472.333 | AB17: =AB13+AB15 -> 174696.52 | AC17: =AC13+AC15 -> 249557 | AD17: =AC17-AB17 -> 74860.476 | AE17: =AE13+AE15 -> 0 | AF17: =AF13+AF15 -> 0 | AG17: =AF17-AE17 -> 0 | AH17: =AH13+AH15 -> 253388.19 | AI17: =AI13+AI15 -> 383721 | AJ17: =AI17-AH17 -> 130332.81 | AK17: =AK13+AK15 -> 229302.78 | AL17: =AL13+AL15 -> 11400 | AM17: =AL17-AK17 -> -217902.78 | AN17: =AN13+AN15 -> 447705.93 | AO17: =AO13+AO15 -> 668460.5 | AP17: =AO17-AN17 -> 220754.57 | AQ17: =AQ13+AQ15 -> 677008.7 | AR17: =AR13+AR15 -> 679860.5 | AS17: =AR17-AQ17 -> 2851.7957 | AT17: =AT13+AT15 -> 1594889.3 | AU17: =AU13+AU15 -> 1242583.5 | AV17: =AU17-AT17 -> -352305.82 | AX17: =+'사업장별(당월)'!O32*1000 -> 1594889.3 | AY17: =+'사업장별(당월)'!P32*1000 -> 1242583.5
E18: 영업이익 | F18: 자가이송 | G18: =+IFERROR(HLOOKUP($A$1,[13]손익!$G$5:$R$132,115,),) -> 37440.686 | H18: =+'[7]서부산크라샤(당월)'!$F$87 -> 6684.5088 | I18: =H18-G18 -> -30756.177 | J18: =+IFERROR(HLOOKUP($A$1,[13]손익!$G$5:$R$132,117,),) -> 25111.01 | K18: =+'[7]서부산크라샤(당월)'!$I$87 -> 21439.204 | L18: =K18-J18 -> -3671.8055 | M18: =+IFERROR(HLOOKUP($A$1,[13]손익!$G$5:$R$132,119,),) -> 0 | N18: =+'[7]서부산크라샤(당월)'!$L$87 -> 0 | O18: =N18-M18 -> 0 | Q18: =+'[7]서부산크라샤(당월)'!$O$87 -> 0 | R18: =Q18-P18 -> 0 | T18: =+'[7]서부산크라샤(당월)'!$R$87 -> 0 | U18: =T18-S18 -> 0 | V18: =+G18+J18+M18+P18+S18 -> 62551.696 | W18: =+H18+K18+N18+Q18+T18 -> 28123.713 | X18: =W18-V18 -> -34427.983 | Y18: =+IFERROR(HLOOKUP($A$1,[14]손익!$G$5:$R$147,115,),) -> -9560.4901 | Z18: =+'[7]부산크라샤(당월)'!$F$87 -> -48998.171 | AA18: =Z18-Y18 -> -39437.681 | AB18: =+IFERROR(HLOOKUP($A$1,[14]손익!$G$5:$R$147,117,),) -> -21224.412 | AC18: =+'[7]부산크라샤(당월)'!$I$87 -> -15129.768 | AD18: =AC18-AB18 -> 6094.6441 | AE18: =+IFERROR(HLOOKUP($A$1,[14]손익!$G$5:$R$147,119,),) -> 0 | AF18: =+'[7]부산크라샤(당월)'!$L$87 -> 0 | AG18: =AF18-AE18 -> 0 | AH18: =+Y18+AB18+AE18 -> -30784.903 | AI18: =+Z18+AC18+AF18 -> -64127.939 | AJ18: =AI18-AH18 -> -33343.037 | AK18: =+IFERROR(HLOOKUP($A$1,[15]판매계획!$G$42:$S$72,25,),) -> 69351.429 | AL18: =+'[16]부산모래장(손익)'!$E$55/1000 -> 2441.453 | AM18: =AL18-AK18 -> -66909.976 | AN18: =+IFERROR(HLOOKUP($A$1,[15]판매계획!$G$42:$S$72,26,),) -> 135046.13 | AO18: =+'[16]부산모래장(손익)'!$C$55/1000 -> 14508.9 | AP18: =AO18-AN18 -> -120537.23 | AQ18: =AK18+AN18 -> 204397.56 | AR18: =AL18+AO18 -> 16950.353 | AS18: =AR18-AQ18 -> -187447.21 | AT18: =+V18+AH18+AQ18 -> 236164.35 | AU18: =+W18+AI18+AR18 -> -19053.873 | AV18: =AU18-AT18 -> -255218.23 | AX18: =+AX17=AT17 -> TRUE | AY18: =+AY17=AU17 -> TRUE
F19: 외부판매 | G19: =+IFERROR(HLOOKUP($A$1,[13]손익!$G$5:$R$132,116,),) -> 13620.968 | H19: =+'[7]서부산크라샤(당월)'!$F$86 -> -2618.9081 | I19: =H19-G19 -> -16239.876 | J19: =+IFERROR(HLOOKUP($A$1,[13]손익!$G$5:$R$132,118,),) -> 15545.67 | K19: =+'[7]서부산크라샤(당월)'!$I$86 -> 0 | L19: =K19-J19 -> -15545.67 | M19: =+IFERROR(HLOOKUP($A$1,[13]손익!$G$5:$R$132,120,),) -> 6662.4302 | N19: =+'[7]서부산크라샤(당월)'!$L$86 -> -19626.969 | O19: =N19-M19 -> -26289.399 | Q19: =+'[7]서부산크라샤(당월)'!$O$86 -> 0 | R19: =Q19-P19 -> 0 | T19: =+'[7]서부산크라샤(당월)'!$R$86 -> -3056.5531 | U19: =T19-S19 -> -3056.5531 | V19: =+G19+J19+M19+P19+S19 -> 35829.069 | W19: =+H19+K19+N19+Q19+T19 -> -25302.43 | X19: =W19-V19 -> -61131.499 | Y19: =+IFERROR(HLOOKUP($A$1,[14]손익!$G$5:$R$147,116,),) -> 0 | Z19: =+'[7]부산크라샤(당월)'!$F$86 -> -13832.25 | AA19: =Z19-Y19 -> -13832.25 | AB19: =+IFERROR(HLOOKUP($A$1,[14]손익!$G$5:$R$147,118,),) -> 0 | AC19: =+'[7]부산크라샤(당월)'!$I$86 -> -28371.328 | AD19: =AC19-AB19 -> -28371.328 | AE19: =+IFERROR(HLOOKUP($A$1,[14]손익!$G$5:$R$147,120,),) -> 0 | AF19: =+'[7]부산크라샤(당월)'!$L$86 -> 0 | AG19: =AF19-AE19 -> 0 | AH19: =+Y19+AB19+AE19 -> 0 | AI19: =+Z19+AC19+AF19 -> -42203.578 | AJ19: =AI19-AH19 -> -42203.578 | AK19: =+IFERROR(HLOOKUP($A$1,[15]판매계획!$G$42:$S$72,23,),) -> 708.84064 | AL19: =+'[16]부산모래장(손익)'!$E$54/1000 -> 0 | AM19: =AL19-AK19 -> -708.84064 | AN19: =+IFERROR(HLOOKUP($A$1,[15]판매계획!$G$42:$S$72,24,),) -> 1392.3655 | AO19: =+'[16]부산모래장(손익)'!$D$54/1000 -> -11582.254 | AP19: =AO19-AN19 -> -12974.62 | AQ19: =AK19+AN19 -> 2101.2062 | AR19: =AL19+AO19 -> -11582.254 | AS19: =AR19-AQ19 -> -13683.46 | AT19: =+V19+AH19+AQ19 -> 37930.275 | AU19: =+W19+AI19+AR19 -> -79088.262 | AV19: =AU19-AT19 -> -117018.54
F20: (소계) | G20: =G18+G19 -> 51061.655 | H20: =H18+H19 -> 4065.6007 | I20: =H20-G20 -> -46996.054 | J20: =J18+J19 -> 40656.68 | K20: =K18+K19 -> 21439.204 | L20: =K20-J20 -> -19217.476 | M20: =M18+M19 -> 6662.4302 | N20: =N18+N19 -> -19626.969 | O20: =N20-M20 -> -26289.399 | Q20: =Q18+Q19 -> 0 | R20: =Q20-P20 -> 0 | T20: =T18+T19 -> -3056.5531 | U20: =T20-S20 -> -3056.5531 | V20: =V18+V19 -> 98380.765 | W20: =W18+W19 -> 2821.2827 | X20: =W20-V20 -> -95559.482 | Y20: =Y18+Y19 -> -9560.4901 | Z20: =Z18+Z19 -> -62830.421 | AA20: =Z20-Y20 -> -53269.931 | AB20: =AB18+AB19 -> -21224.412 | AC20: =AC18+AC19 -> -43501.097 | AD20: =AC20-AB20 -> -22276.684 | AE20: =AE18+AE19 -> 0 | AF20: =AF18+AF19 -> 0 | AG20: =AF20-AE20 -> 0 | AH20: =AH18+AH19 -> -30784.903 | AI20: =AI18+AI19 -> -106331.52 | AJ20: =AI20-AH20 -> -75546.615 | AK20: =AK18+AK19 -> 70060.269 | AL20: =AL18+AL19 -> 2441.453 | AM20: =AL20-AK20 -> -67618.816 | AN20: =AN18+AN19 -> 136438.5 | AO20: =AO18+AO19 -> 2926.646 | AP20: =AO20-AN20 -> -133511.85 | AQ20: =AQ18+AQ19 -> 206498.77 | AR20: =AR18+AR19 -> 5368.099 | AS20: =AR20-AQ20 -> -201130.67 | AT20: =AT18+AT19 -> 274094.63 | AU20: =AU18+AU19 -> -98142.136 | AV20: =AU20-AT20 -> -372236.77 | AX20: =+'사업장별(당월)'!T32*1000 -> 274094.63 | AY20: ='사업장별(당월)'!U32*1000 -> -98142.135
E21: 자가이송 | F21: 부산 | G21: =+IFERROR(HLOOKUP($A$1,[13]물량!$G$5:$R$83,2,),) -> 5598.6667 | H21: =+'[7]서부산크라샤(당월)'!$F$60 -> 1808 | I21: =H21-G21 -> -3790.6667 | J21: =+IFERROR(HLOOKUP($A$1,[13]물량!$G$5:$R$83,10,),) -> 0 | K21: =+'[7]서부산크라샤(당월)'!$I$60 -> 496 | L21: =K21-J21 -> 496 | N21: =+'[7]서부산크라샤(당월)'!$L$60 -> 0 | O21: =N21-M21 -> 0 | Q21: =+'[7]서부산크라샤(당월)'!$O$60 -> 0 | R21: =Q21-P21 -> 0 | T21: =+'[7]서부산크라샤(당월)'!$R$60 -> 0 | U21: =T21-S21 -> 0 | V21: =+G21+J21+M21+P21+S21 -> 5598.6667 | W21: =+H21+K21+N21+Q21+T21 -> 2304 | X21: =W21-V21 -> -3294.6667 | Y21: =+IFERROR(HLOOKUP($A$1,[14]물량!$G$5:$R$97,2,),) -> 4496.6667 | Z21: =+'[7]부산크라샤(당월)'!$F$60 -> 6200 | AA21: =Z21-Y21 -> 1703.3333 | AB21: =+IFERROR(HLOOKUP($A$1,[14]물량!$G$5:$R$97,10,),) -> 7336.4148 | AC21: =+'[7]부산크라샤(당월)'!$I$60 -> 5494 | AD21: =AC21-AB21 -> -1842.4148 | AF21: =+'[7]부산크라샤(당월)'!$L$60 -> 0 | AG21: =AF21-AE21 -> 0 | AH21: =+Y21+AB21+AE21 -> 11833.081 | AI21: =+Z21+AC21+AF21 -> 11694 | AJ21: =AI21-AH21 -> -139.08147 | AK21: =+IFERROR(HLOOKUP($A$1,[15]이송계획!$G$6:$R$318,2,),) -> 239.16084 | AL21: =+'[16]부산모래장(손익)'!$O$38 -> 300 | AM21: =AL21-AK21 -> 60.839161 | AN21: =+IFERROR(HLOOKUP($A$1,[15]이송계획!$G$6:$R$318,9,),) -> 3946.1538 | AO21: =+'[16]부산모래장(손익)'!$N$38 -> 3234 | AP21: =AO21-AN21 -> -712.15385 | AQ21: =AK21+AN21 -> 4185.3147 | AR21: =AL21+AO21 -> 3534 | AS21: =AR21-AQ21 -> -651.31469 | AT21: =+V21+AH21+AQ21 -> 21617.063 | AU21: =+W21+AI21+AR21 -> 17532 | AV21: =AU21-AT21 -> -4085.0628 | AX21: =+AX20=AT20 -> TRUE | AY21: =+AY20=AU20 -> FALSE
E22: 물량 | F22: 서부산 | G22: =+IFERROR(HLOOKUP($A$1,[13]물량!$G$5:$R$83,3,),) -> 10419 | H22: =+'[7]서부산크라샤(당월)'!$F$61 -> 2394 | I22: =H22-G22 -> -8025 | J22: =+IFERROR(HLOOKUP($A$1,[13]물량!$G$5:$R$83,11,),) -> 6774 | K22: =+'[7]서부산크라샤(당월)'!$I$61 -> 2444 | L22: =K22-J22 -> -4330 | N22: =+'[7]서부산크라샤(당월)'!$L$61 -> 0 | O22: =N22-M22 -> 0 | Q22: =+'[7]서부산크라샤(당월)'!$O$61 -> 0 | R22: =Q22-P22 -> 0 | T22: =+'[7]서부산크라샤(당월)'!$R$61 -> 0 | U22: =T22-S22 -> 0 | V22: =+G22+J22+M22+P22+S22 -> 17193 | W22: =+H22+K22+N22+Q22+T22 -> 4838 | X22: =W22-V22 -> -12355 | Y22: =+IFERROR(HLOOKUP($A$1,[14]물량!$G$5:$R$97,3,),) -> 0 | Z22: =+'[7]부산크라샤(당월)'!$F$61 -> 752 | AA22: =Z22-Y22 -> 752 | AB22: =+IFERROR(HLOOKUP($A$1,[14]물량!$G$5:$R$97,11,),) -> 0 | AC22: =+'[7]부산크라샤(당월)'!$I$61 -> 1056 | AD22: =AC22-AB22 -> 1056 | AF22: =+'[7]부산크라샤(당월)'!$L$61 -> 0 | AG22: =AF22-AE22 -> 0 | AH22: =+Y22+AB22+AE22 -> 0 | AI22: =+Z22+AC22+AF22 -> 1808 | AJ22: =AI22-AH22 -> 1808 | AK22: =+IFERROR(HLOOKUP($A$1,[15]이송계획!$G$6:$R$318,3,),) -> 0 | AL22: =+'[16]부산모래장(손익)'!$O$39 -> 0 | AM22: =AL22-AK22 -> 0 | AN22: =+IFERROR(HLOOKUP($A$1,[15]이송계획!$G$6:$R$318,10,),) -> 0 | AO22: =+'[16]부산모래장(손익)'!$N$39 -> 2576 | AP22: =AO22-AN22 -> 2576 | AQ22: =AK22+AN22 -> 0 | AR22: =AL22+AO22 -> 2576 | AS22: =AR22-AQ22 -> 2576 | AT22: =+V22+AH22+AQ22 -> 17193 | AU22: =+W22+AI22+AR22 -> 9222 | AV22: =AU22-AT22 -> -7971 | AX22: =+AT20-AX20 -> 0 | AY22: =+AU20-AY20 -> -0.00055539791
F23: 김해 | G23: =+IFERROR(HLOOKUP($A$1,[13]물량!$G$5:$R$83,4,),) -> 1232 | H23: =+'[7]서부산크라샤(당월)'!$F$62 -> 0 | I23: =H23-G23 -> -1232 | J23: =+IFERROR(HLOOKUP($A$1,[13]물량!$G$5:$R$83,12,),) -> 1064 | K23: =+'[7]서부산크라샤(당월)'!$I$62 -> 0 | L23: =K23-J23 -> -1064 | N23: =+'[7]서부산크라샤(당월)'!$L$62 -> 0 | O23: =N23-M23 -> 0 | Q23: =+'[7]서부산크라샤(당월)'!$O$62 -> 0 | R23: =Q23-P23 -> 0 | T23: =+'[7]서부산크라샤(당월)'!$R$62 -> 0 | U23: =T23-S23 -> 0 | V23: =+G23+J23+M23+P23+S23 -> 2296 | W23: =+H23+K23+N23+Q23+T23 -> 0 | X23: =W23-V23 -> -2296 | Y23: =+IFERROR(HLOOKUP($A$1,[14]물량!$G$5:$R$97,4,),) -> 0 | Z23: =+'[7]부산크라샤(당월)'!$F$62 -> 0 | AA23: =Z23-Y23 -> 0 | AB23: =+IFERROR(HLOOKUP($A$1,[14]물량!$G$5:$R$97,12,),) -> 0 | AC23: =+'[7]부산크라샤(당월)'!$I$62 -> 0 | AD23: =AC23-AB23 -> 0 | AF23: =+'[7]부산크라샤(당월)'!$L$62 -> 0 | AG23: =AF23-AE23 -> 0 | AH23: =+Y23+AB23+AE23 -> 0 | AI23: =+Z23+AC23+AF23 -> 0 | AJ23: =AI23-AH23 -> 0 | AK23: =+IFERROR(HLOOKUP($A$1,[15]이송계획!$G$6:$R$318,4,),) -> 0 | AL23: =+'[16]부산모래장(손익)'!$O$40 -> 0 | AM23: =AL23-AK23 -> 0 | AN23: =+IFERROR(HLOOKUP($A$1,[15]이송계획!$G$6:$R$318,11,),) -> 1174.8252 | AO23: =+'[16]부산모래장(손익)'!$N$40 -> 768 | AP23: =AO23-AN23 -> -406.82517 | AQ23: =AK23+AN23 -> 1174.8252 | AR23: =AL23+AO23 -> 768 | AS23: =AR23-AQ23 -> -406.82517 | AT23: =+V23+AH23+AQ23 -> 3470.8252 | AU23: =+W23+AI23+AR23 -> 768 | AV23: =AU23-AT23 -> -2702.8252
F24: 정관 | G24: =+IFERROR(HLOOKUP($A$1,[13]물량!$G$5:$R$83,5,),) -> 0 | H24: =+'[7]서부산크라샤(당월)'!$F$63 -> 0 | I24: =H24-G24 -> 0 | J24: =+IFERROR(HLOOKUP($A$1,[13]물량!$G$5:$R$83,13,),) -> 0 | K24: =+'[7]서부산크라샤(당월)'!$I$63 -> 0 | L24: =K24-J24 -> 0 | N24: =+'[7]서부산크라샤(당월)'!$L$63 -> 0 | O24: =N24-M24 -> 0 | Q24: =+'[7]서부산크라샤(당월)'!$O$63 -> 0 | R24: =Q24-P24 -> 0 | T24: =+'[7]서부산크라샤(당월)'!$R$63 -> 0 | U24: =T24-S24 -> 0 | V24: =+G24+J24+M24+P24+S24 -> 0 | W24: =+H24+K24+N24+Q24+T24 -> 0 | X24: =W24-V24 -> 0 | Y24: =+IFERROR(HLOOKUP($A$1,[14]물량!$G$5:$R$97,5,),) -> 0 | Z24: =+'[7]부산크라샤(당월)'!$F$63 -> 0 | AA24: =Z24-Y24 -> 0 | AB24: =+IFERROR(HLOOKUP($A$1,[14]물량!$G$5:$R$97,13,),) -> 127.26533 | AC24: =+'[7]부산크라샤(당월)'!$I$63 -> 864 | AD24: =AC24-AB24 -> 736.73467 | AF24: =+'[7]부산크라샤(당월)'!$L$63 -> 0 | AG24: =AF24-AE24 -> 0 | AH24: =+Y24+AB24+AE24 -> 127.26533 | AI24: =+Z24+AC24+AF24 -> 864 | AJ24: =AI24-AH24 -> 736.73467 | AK24: =+IFERROR(HLOOKUP($A$1,[15]이송계획!$G$6:$R$318,5,),) -> 4354.0483 | AL24: =+'[16]부산모래장(손익)'!$O$41 -> 0 | AM24: =AL24-AK24 -> -4354.0483 | AN24: =+IFERROR(HLOOKUP($A$1,[15]이송계획!$G$6:$R$318,12,),) -> 0 | AO24: =+'[16]부산모래장(손익)'!$N$41 -> 3024 | AP24: =AO24-AN24 -> 3024 | AQ24: =AK24+AN24 -> 4354.0483 | AR24: =AL24+AO24 -> 3024 | AS24: =AR24-AQ24 -> -1330.0483 | AT24: =+V24+AH24+AQ24 -> 4481.3136 | AU24: =+W24+AI24+AR24 -> 3888 | AV24: =AU24-AT24 -> -593.31365
F25: 양산 | G25: =+IFERROR(HLOOKUP($A$1,[13]물량!$G$5:$R$83,6,),) -> 0 | H25: =+'[7]서부산크라샤(당월)'!$F$64 -> 0 | I25: =H25-G25 -> 0 | J25: =+IFERROR(HLOOKUP($A$1,[13]물량!$G$5:$R$83,14,),) -> 0 | K25: =+'[7]서부산크라샤(당월)'!$I$64 -> 0 | L25: =K25-J25 -> 0 | N25: =+'[7]서부산크라샤(당월)'!$L$64 -> 0 | O25: =N25-M25 -> 0 | Q25: =+'[7]서부산크라샤(당월)'!$O$64 -> 0 | R25: =Q25-P25 -> 0 | T25: =+'[7]서부산크라샤(당월)'!$R$64 -> 0 | U25: =T25-S25 -> 0 | V25: =+G25+J25+M25+P25+S25 -> 0 | W25: =+H25+K25+N25+Q25+T25 -> 0 | X25: =W25-V25 -> 0 | Y25: =+IFERROR(HLOOKUP($A$1,[14]물량!$G$5:$R$97,6,),) -> 0 | Z25: =+'[7]부산크라샤(당월)'!$F$64 -> 0 | AA25: =Z25-Y25 -> 0 | AB25: =+IFERROR(HLOOKUP($A$1,[14]물량!$G$5:$R$97,14,),) -> 0 | AC25: =+'[7]부산크라샤(당월)'!$I$64 -> 0 | AD25: =AC25-AB25 -> 0 | AF25: =+'[7]부산크라샤(당월)'!$L$64 -> 0 | AG25: =AF25-AE25 -> 0 | AH25: =+Y25+AB25+AE25 -> 0 | AI25: =+Z25+AC25+AF25 -> 0 | AJ25: =AI25-AH25 -> 0 | AK25: =+IFERROR(HLOOKUP($A$1,[15]이송계획!$G$6:$R$318,6,),) -> 0 | AL25: =+'[16]부산모래장(손익)'!$O$42 -> 0 | AM25: =AL25-AK25 -> 0 | AN25: =+IFERROR(HLOOKUP($A$1,[15]이송계획!$G$6:$R$318,13,),) -> 0 | AO25: =+'[16]부산모래장(손익)'!$N$42 -> 0 | AP25: =AO25-AN25 -> 0 | AQ25: =AK25+AN25 -> 0 | AR25: =AL25+AO25 -> 0 | AS25: =AR25-AQ25 -> 0 | AT25: =+V25+AH25+AQ25 -> 0 | AU25: =+W25+AI25+AR25 -> 0 | AV25: =AU25-AT25 -> 0
F26: 창원 | G26: =+IFERROR(HLOOKUP($A$1,[13]물량!$G$5:$R$83,7,),) -> 387.8 | H26: =+'[7]서부산크라샤(당월)'!$F$65 -> 0 | I26: =H26-G26 -> -387.8 | J26: =+IFERROR(HLOOKUP($A$1,[13]물량!$G$5:$R$83,15,),) -> 222.19355 | K26: =+'[7]서부산크라샤(당월)'!$I$65 -> 0 | L26: =K26-J26 -> -222.19355 | N26: =+'[7]서부산크라샤(당월)'!$L$65 -> 0 | O26: =N26-M26 -> 0 | Q26: =+'[7]서부산크라샤(당월)'!$O$65 -> 0 | R26: =Q26-P26 -> 0 | T26: =+'[7]서부산크라샤(당월)'!$R$65 -> 0 | U26: =T26-S26 -> 0 | V26: =+G26+J26+M26+P26+S26 -> 609.99355 | W26: =+H26+K26+N26+Q26+T26 -> 0 | X26: =W26-V26 -> -609.99355 | Y26: =+IFERROR(HLOOKUP($A$1,[14]물량!$G$5:$R$97,7,),) -> 0 | Z26: =+'[7]부산크라샤(당월)'!$F$65 -> 0 | AA26: =Z26-Y26 -> 0 | AB26: =+IFERROR(HLOOKUP($A$1,[14]물량!$G$5:$R$97,15,),) -> 0 | AC26: =+'[7]부산크라샤(당월)'!$I$65 -> 0 | AD26: =AC26-AB26 -> 0 | AF26: =+'[7]부산크라샤(당월)'!$L$65 -> 0 | AG26: =AF26-AE26 -> 0 | AH26: =+Y26+AB26+AE26 -> 0 | AI26: =+Z26+AC26+AF26 -> 0 | AJ26: =AI26-AH26 -> 0 | AK26: =+IFERROR(HLOOKUP($A$1,[15]이송계획!$G$6:$R$318,7,),) -> 0 | AL26: =+'[16]부산모래장(손익)'!$O$43 -> 0 | AM26: =AL26-AK26 -> 0 | AN26: =+IFERROR(HLOOKUP($A$1,[15]이송계획!$G$6:$R$318,14,),) -> 0 | AO26: =+'[16]부산모래장(손익)'!$N$43 -> 0 | AP26: =AO26-AN26 -> 0 | AQ26: =AK26+AN26 -> 0 | AR26: =AL26+AO26 -> 0 | AS26: =AR26-AQ26 -> 0 | AT26: =+V26+AH26+AQ26 -> 609.99355 | AU26: =+W26+AI26+AR26 -> 0 | AV26: =AU26-AT26 -> -609.99355
E27: 자가이송 | F27: 부산 | G27: =+IFERROR(HLOOKUP($A$1,[13]매출!$G$5:$R$170,2,),) -> 12500 | H27: =IFERROR(H35/H21,)*1000 -> 12500 | I27: =H27-G27 -> 0 | J27: =+IFERROR(HLOOKUP($A$1,[13]매출!$G$5:$R$170,10,),) -> 18500 | K27: =IFERROR(K35/K21,)*1000 -> 16000 | L27: =K27-J27 -> -2500 | N27: =IFERROR(N35/N21,)*1000 -> 0 | O27: =N27-M27 -> 0 | Q27: =IFERROR(Q35/Q21,)*1000 -> 0 | R27: =Q27-P27 -> 0 | T27: =IFERROR(T35/T21,)*1000 -> 0 | U27: =T27-S27 -> 0 | V27: =+IFERROR(HLOOKUP($A$1,[13]매출!$G$5:$R$170,50,),) -> 12500 | W27: =IFERROR(W35/W21,)*1000 -> 13253.472 | X27: =W27-V27 -> 753.47222 | Y27: =+IFERROR(HLOOKUP($A$1,[14]매출!$G$5:$R$164,2,),) -> 17500 | Z27: =IFERROR(Z35/Z21,)*1000 -> 17500 | AA27: =Z27-Y27 -> 0 | AB27: =+IFERROR(HLOOKUP($A$1,[14]매출!$G$5:$R$164,10,),) -> 23500 | AC27: =IFERROR(AC35/AC21,)*1000 -> 23500 | AD27: =AC27-AB27 -> 0 | AF27: =IFERROR(AF35/AF21,)*1000 -> 0 | AG27: =AF27-AE27 -> 0 | AH27: =+IFERROR(HLOOKUP($A$1,[14]매출!$G$5:$R$164,50,),) -> 21219.951 | AI27: =+Z27+AC27+AF27 -> 41000 | AJ27: =AI27-AH27 -> 19780.049 | AK27: =+IFERROR(HLOOKUP($A$1,[15]이송계획!$G$6:$R$318,34,),) -> 38000 | AL27: =+'[16]부산모래장(손익)'!$O$46 -> 38000 | AM27: =AL27-AK27 -> 0 | AN27: =+IFERROR(HLOOKUP($A$1,[15]이송계획!$G$6:$R$318,41,),) -> 30500 | AO27: =+'[16]부산모래장(손익)'!$N$46 -> 32000 | AP27: =AO27-AN27 -> 1500 | AQ27: =IFERROR(AQ35/AQ21,)*1000 -> 2171.4286 | AR27: =IFERROR(AR35/AR21,)*1000 -> 32509.338 | AS27: =AR27-AQ27 -> 30337.909 | AT27: =IFERROR(AT35/AT21,)*1000 -> 15273.53 | AU27: =IFERROR(AU35/AU21,)*1000 -> 21847.65 | AV27: =AU27-AT27 -> 6574.1199
E28: 단가 | F28: 서부산 | G28: =+IFERROR(HLOOKUP($A$1,[13]매출!$G$5:$R$170,3,),) -> 16000 | H28: =IFERROR(H36/H22,)*1000 -> 17000 | I28: =H28-G28 -> 1000 | J28: =+IFERROR(HLOOKUP($A$1,[13]매출!$G$5:$R$170,11,),) -> 22000 | K28: =IFERROR(K36/K22,)*1000 -> 22000 | L28: =K28-J28 -> 0 | N28: =IFERROR(N36/N22,)*1000 -> 0 | O28: =N28-M28 -> 0 | Q28: =IFERROR(Q36/Q22,)*1000 -> 0 | R28: =Q28-P28 -> 0 | T28: =IFERROR(T36/T22,)*1000 -> 0 | U28: =T28-S28 -> 0 | V28: =+IFERROR(HLOOKUP($A$1,[13]매출!$G$5:$R$170,51,),) -> 18363.985 | W28: =IFERROR(W36/W22,)*1000 -> 19525.837 | X28: =W28-V28 -> 1161.8518 | Y28: =+IFERROR(HLOOKUP($A$1,[14]매출!$G$5:$R$164,3,),) -> 0 | Z28: =IFERROR(Z36/Z22,)*1000 -> 12000 | AA28: =Z28-Y28 -> 12000 | AB28: =+IFERROR(HLOOKUP($A$1,[14]매출!$G$5:$R$164,11,),) -> 0 | AC28: =IFERROR(AC36/AC22,)*1000 -> 18000 | AD28: =AC28-AB28 -> 18000 | AF28: =IFERROR(AF36/AF22,)*1000 -> 0 | AG28: =AF28-AE28 -> 0 | AH28: =+IFERROR(HLOOKUP($A$1,[14]매출!$G$5:$R$164,51,),) -> 0 | AI28: =+Z28+AC28+AF28 -> 30000 | AJ28: =AI28-AH28 -> 30000 | AK28: =+IFERROR(HLOOKUP($A$1,[15]이송계획!$G$6:$R$318,35,),) -> 0 | AL28: =+'[16]부산모래장(손익)'!$O$47 -> 0 | AM28: =AL28-AK28 -> 0 | AN28: =+IFERROR(HLOOKUP($A$1,[15]이송계획!$G$6:$R$318,42,),) -> 26500 | AO28: =+'[16]부산모래장(손익)'!$N$47 -> 27500 | AP28: =AO28-AN28 -> 1000 | AQ28: =IFERROR(AQ36/AQ22,)*1000 -> 0 | AR28: =IFERROR(AR36/AR22,)*1000 -> 27500 | AS28: =AR28-AQ28 -> 27500 | AT28: =IFERROR(AT36/AT22,)*1000 -> 27629.546 | AU28: =IFERROR(AU36/AU22,)*1000 -> 20964.867 | AV28: =AU28-AT28 -> -6664.679
F29: 김해 | G29: =+IFERROR(HLOOKUP($A$1,[13]매출!$G$5:$R$170,4,),) -> 10000 | H29: =IFERROR(H37/H23,)*1000 -> 0 | I29: =H29-G29 -> -10000 | J29: =+IFERROR(HLOOKUP($A$1,[13]매출!$G$5:$R$170,12,),) -> 16000 | K29: =IFERROR(K37/K23,)*1000 -> 0 | L29: =K29-J29 -> -16000 | N29: =IFERROR(N37/N23,)*1000 -> 0 | O29: =N29-M29 -> 0 | Q29: =IFERROR(Q37/Q23,)*1000 -> 0 | R29: =Q29-P29 -> 0 | T29: =IFERROR(T37/T23,)*1000 -> 0 | U29: =T29-S29 -> 0 | V29: =+IFERROR(HLOOKUP($A$1,[13]매출!$G$5:$R$170,52,),) -> 12780.488 | W29: =IFERROR(W37/W23,)*1000 -> 0 | X29: =W29-V29 -> -12780.488 | Y29: =+IFERROR(HLOOKUP($A$1,[14]매출!$G$5:$R$164,4,),) -> 0 | Z29: =IFERROR(Z37/Z23,)*1000 -> 0 | AA29: =Z29-Y29 -> 0 | AB29: =+IFERROR(HLOOKUP($A$1,[14]매출!$G$5:$R$164,12,),) -> 0 | AC29: =IFERROR(AC37/AC23,)*1000 -> 0 | AD29: =AC29-AB29 -> 0 | AF29: =IFERROR(AF37/AF23,)*1000 -> 0 | AG29: =AF29-AE29 -> 0 | AH29: =+IFERROR(HLOOKUP($A$1,[14]매출!$G$5:$R$164,52,),) -> 0 | AI29: =+Z29+AC29+AF29 -> 0 | AJ29: =AI29-AH29 -> 0 | AK29: =+IFERROR(HLOOKUP($A$1,[15]이송계획!$G$6:$R$318,36,),) -> 0 | AL29: =+'[16]부산모래장(손익)'!$O$48 -> 0 | AM29: =AL29-AK29 -> 0 | AN29: =+IFERROR(HLOOKUP($A$1,[15]이송계획!$G$6:$R$318,43,),) -> 26000 | AO29: =+'[16]부산모래장(손익)'!$N$48 -> 27500 | AP29: =AO29-AN29 -> 1500 | AQ29: =IFERROR(AQ37/AQ23,)*1000 -> 102447.32 | AR29: =IFERROR(AR37/AR23,)*1000 -> 27500 | AS29: =AR29-AQ29 -> -74947.321 | AT29: =IFERROR(AT37/AT23,)*1000 -> 43131.441 | AU29: =IFERROR(AU37/AU23,)*1000 -> 27500 | AV29: =AU29-AT29 -> -15631.441
F30: 정관 | G30: =+IFERROR(HLOOKUP($A$1,[13]매출!$G$5:$R$170,5,),) -> 0 | H30: =IFERROR(H38/H24,)*1000 -> 0 | I30: =H30-G30 -> 0 | J30: =+IFERROR(HLOOKUP($A$1,[13]매출!$G$5:$R$170,13,),) -> 0 | K30: =IFERROR(K38/K24,)*1000 -> 0 | L30: =K30-J30 -> 0 | N30: =IFERROR(N38/N24,)*1000 -> 0 | O30: =N30-M30 -> 0 | Q30: =IFERROR(Q38/Q24,)*1000 -> 0 | R30: =Q30-P30 -> 0 | T30: =IFERROR(T38/T24,)*1000 -> 0 | U30: =T30-S30 -> 0 | V30: =+IFERROR(HLOOKUP($A$1,[13]매출!$G$5:$R$170,53,),) -> 0 | W30: =IFERROR(W38/W24,)*1000 -> 0 | X30: =W30-V30 -> 0 | Y30: =+IFERROR(HLOOKUP($A$1,[14]매출!$G$5:$R$164,5,),) -> 0 | Z30: =IFERROR(Z38/Z24,)*1000 -> 0 | AA30: =Z30-Y30 -> 0 | AB30: =+IFERROR(HLOOKUP($A$1,[14]매출!$G$5:$R$164,13,),) -> 18000 | AC30: =IFERROR(AC38/AC24,)*1000 -> 18000 | AD30: =AC30-AB30 -> 0 | AF30: =IFERROR(AF38/AF24,)*1000 -> 0 | AG30: =AF30-AE30 -> 0 | AH30: =+IFERROR(HLOOKUP($A$1,[14]매출!$G$5:$R$164,53,),) -> 18000 | AI30: =+Z30+AC30+AF30 -> 18000 | AJ30: =AI30-AH30 -> 0 | AK30: =+IFERROR(HLOOKUP($A$1,[15]이송계획!$G$6:$R$318,37,),) -> 34500 | AL30: =+'[16]부산모래장(손익)'!$O$49 -> 0 | AM30: =AL30-AK30 -> -34500 | AN30: =+IFERROR(HLOOKUP($A$1,[15]이송계획!$G$6:$R$318,44,),) -> 26000 | AO30: =+'[16]부산모래장(손익)'!$N$49 -> 27500 | AP30: =AO30-AN30 -> 1500 | AQ30: =IFERROR(AQ38/AQ24,)*1000 -> 34500 | AR30: =IFERROR(AR38/AR24,)*1000 -> 27500 | AS30: =AR30-AQ30 -> -7000 | AT30: =IFERROR(AT38/AT24,)*1000 -> 34031.415 | AU30: =IFERROR(AU38/AU24,)*1000 -> 25388.889 | AV30: =AU30-AT30 -> -8642.5257
F31: 양산 | G31: =+IFERROR(HLOOKUP($A$1,[13]매출!$G$5:$R$170,6,),) -> 0 | H31: =IFERROR(H39/H25,)*1000 -> 0 | I31: =H31-G31 -> 0 | J31: =+IFERROR(HLOOKUP($A$1,[13]매출!$G$5:$R$170,14,),) -> 0 | K31: =IFERROR(K39/K25,)*1000 -> 0 | L31: =K31-J31 -> 0 | N31: =IFERROR(N39/N25,)*1000 -> 0 | O31: =N31-M31 -> 0 | Q31: =IFERROR(Q39/Q25,)*1000 -> 0 | R31: =Q31-P31 -> 0 | T31: =IFERROR(T39/T25,)*1000 -> 0 | U31: =T31-S31 -> 0 | V31: =+IFERROR(HLOOKUP($A$1,[13]매출!$G$5:$R$170,54,),) -> 0 | W31: =IFERROR(W39/W25,)*1000 -> 0 | X31: =W31-V31 -> 0 | Y31: =+IFERROR(HLOOKUP($A$1,[14]매출!$G$5:$R$164,6,),) -> 0 | Z31: =IFERROR(Z39/Z25,)*1000 -> 0 | AA31: =Z31-Y31 -> 0 | AB31: =+IFERROR(HLOOKUP($A$1,[14]매출!$G$5:$R$164,14,),) -> 0 | AC31: =IFERROR(AC39/AC25,)*1000 -> 0 | AD31: =AC31-AB31 -> 0 | AF31: =IFERROR(AF39/AF25,)*1000 -> 0 | AG31: =AF31-AE31 -> 0 | AH31: =+IFERROR(HLOOKUP($A$1,[14]매출!$G$5:$R$164,54,),) -> 0 | AI31: =+Z31+AC31+AF31 -> 0 | AJ31: =AI31-AH31 -> 0 | AK31: =+IFERROR(HLOOKUP($A$1,[15]이송계획!$G$6:$R$318,38,),) -> 0 | AL31: =+'[16]부산모래장(손익)'!$O$50 -> 0 | AM31: =AL31-AK31 -> 0 | AN31: =+IFERROR(HLOOKUP($A$1,[15]이송계획!$G$6:$R$318,45,),) -> 26000 | AO31: =+'[16]부산모래장(손익)'!$N$50 -> 0 | AP31: =AO31-AN31 -> -26000 | AQ31: =IFERROR(AQ39/AQ25,)*1000 -> 0 | AR31: =IFERROR(AR39/AR25,)*1000 -> 0 | AS31: =AR31-AQ31 -> 0 | AT31: =IFERROR(AT39/AT25,)*1000 -> 0 | AU31: =IFERROR(AU39/AU25,)*1000 -> 0 | AV31: =AU31-AT31 -> 0
F32: 창원 | G32: =+IFERROR(HLOOKUP($A$1,[13]매출!$G$5:$R$170,7,),) -> 10000 | H32: =IFERROR(H40/H26,)*1000 -> 0 | I32: =H32-G32 -> -10000 | J32: =+IFERROR(HLOOKUP($A$1,[13]매출!$G$5:$R$170,15,),) -> 16000 | K32: =IFERROR(K40/K26,)*1000 -> 0 | L32: =K32-J32 -> -16000 | N32: =IFERROR(N40/N26,)*1000 -> 0 | O32: =N32-M32 -> 0 | Q32: =IFERROR(Q40/Q26,)*1000 -> 0 | R32: =Q32-P32 -> 0 | T32: =IFERROR(T40/T26,)*1000 -> 0 | U32: =T32-S32 -> 0 | V32: =+IFERROR(HLOOKUP($A$1,[13]매출!$G$5:$R$170,55,),) -> 12185.533 | W32: =IFERROR(W40/W26,)*1000 -> 0 | X32: =W32-V32 -> -12185.533 | Y32: =+IFERROR(HLOOKUP($A$1,[14]매출!$G$5:$R$164,7,),) -> 0 | Z32: =IFERROR(Z40/Z26,)*1000 -> 0 | AA32: =Z32-Y32 -> 0 | AB32: =+IFERROR(HLOOKUP($A$1,[14]매출!$G$5:$R$164,15,),) -> 0 | AC32: =IFERROR(AC40/AC26,)*1000 -> 0 | AD32: =AC32-AB32 -> 0 | AF32: =IFERROR(AF40/AF26,)*1000 -> 0 | AG32: =AF32-AE32 -> 0 | AH32: =+IFERROR(HLOOKUP($A$1,[14]매출!$G$5:$R$164,55,),) -> 0 | AI32: =+Z32+AC32+AF32 -> 0 | AJ32: =AI32-AH32 -> 0 | AK32: =+IFERROR(HLOOKUP($A$1,[15]이송계획!$G$6:$R$318,39,),) -> 0 | AL32: =+'[16]부산모래장(손익)'!$O$51 -> 0 | AM32: =AL32-AK32 -> 0 | AN32: =+IFERROR(HLOOKUP($A$1,[15]이송계획!$G$6:$R$318,46,),) -> 0 | AO32: =+'[16]부산모래장(손익)'!$N$51 -> 0 | AP32: =AO32-AN32 -> 0 | AQ32: =IFERROR(AQ40/AQ26,)*1000 -> 0 | AR32: =IFERROR(AR40/AR26,)*1000 -> 0 | AS32: =AR32-AQ32 -> 0 | AT32: =IFERROR(AT40/AT26,)*1000 -> 12185.533 | AU32: =IFERROR(AU40/AU26,)*1000 -> 0 | AV32: =AU32-AT32 -> -12185.533
E35: 자가이송 | F35: 부산 | G35: =+IFERROR(HLOOKUP($A$1,[13]매출!$G$5:$R$149,58,),) -> 69983.333 | H35: =+IFERROR(VLOOKUP($F35,'[16]서부산(손익)'!$O$16:$X$29,3,),)/1000 -> 22600 | I35: =+H35-G35 -> -47383.333 | J35: =+IFERROR(HLOOKUP($A$1,[13]매출!$G$5:$R$149,66,),) -> 0 | K35: =+IFERROR(VLOOKUP($F35,'[16]서부산(손익)'!$O$16:$X$29,4,),)/1000 -> 7936 | L35: =+K35-J35 -> 7936 | O35: =+N35-M35 -> 0 | V35: =SUM(G35,J35,M35) -> 69983.333 | W35: =SUM(H35,K35,N35) -> 30536 | X35: =+W35-V35 -> -39447.333 | Y35: =+IFERROR(HLOOKUP($A$1,[14]매출!$G$5:$R$170,58,),) -> 78691.667 | Z35: =+IFERROR(VLOOKUP($F35,'[16]부산크라샤(손익)'!$L$16:$R$29,3,),)/1000 -> 108500 | AA35: =+Z35-Y35 -> 29808.333 | AB35: =+IFERROR(HLOOKUP($A$1,[14]매출!$G$5:$R$170,66,),) -> 172405.75 | AC35: =+IFERROR(VLOOKUP($F35,'[16]부산크라샤(손익)'!$L$16:$R$29,4,),)/1000 -> 129109 | AD35: =+AC35-AB35 -> -43296.748 | AG35: =+AF35-AE35 -> 0 | AH35: =SUM(Y35,AB35) -> 251097.41 | AI35: =SUM(Z35,AC35) -> 237609 | AJ35: =+AI35-AH35 -> -13488.414 | AK35: =+IFERROR(HLOOKUP($A$1,[15]이송계획!$G$70:$R$100,2,),) -> 9088.1119 | AL35: =+IFERROR(VLOOKUP($F35,'[16]부산모래장(손익)'!$L$16:$P$26,4,),)/1000 -> 11400 | AN35: =+IFERROR(HLOOKUP($A$1,[15]이송계획!$G$70:$R$100,9,),) -> 0 | AO35: =+IFERROR(VLOOKUP($F35,'[16]부산모래장(손익)'!$L$16:$P$26,3,),)/1000 -> 103488 | AQ35: =+AK35+AN35 -> 9088.1119 | AR35: =+AL35+AO35 -> 114888 | AT35: =+V35+AH35+AQ35 -> 330168.86 | AU35: =+W35+AI35+AR35 -> 383033 | AV35: =+AU35-AT35 -> 52864.14
E36: 매출액 | F36: 서부산 | G36: =+IFERROR(HLOOKUP($A$1,[13]매출!$G$5:$R$149,59,),) -> 166704 | H36: =+IFERROR(VLOOKUP($F36,'[16]서부산(손익)'!$O$16:$X$29,3,),)/1000 -> 40698 | I36: =+H36-G36 -> -126006 | J36: =+IFERROR(HLOOKUP($A$1,[13]매출!$G$5:$R$149,67,),) -> 149028 | K36: =+IFERROR(VLOOKUP($F36,'[16]서부산(손익)'!$O$16:$X$29,4,),)/1000 -> 53768 | L36: =+K36-J36 -> -95260 | O36: =+N36-M36 -> 0 | V36: =SUM(G36,J36,M36) -> 315732 | W36: =SUM(H36,K36,N36) -> 94466 | X36: =+W36-V36 -> -221266 | Y36: =+IFERROR(HLOOKUP($A$1,[14]매출!$G$5:$R$170,59,),) -> 0 | Z36: =+IFERROR(VLOOKUP($F36,'[16]부산크라샤(손익)'!$L$16:$R$29,3,),)/1000 -> 9024 | AA36: =+Z36-Y36 -> 9024 | AB36: =+IFERROR(HLOOKUP($A$1,[14]매출!$G$5:$R$170,67,),) -> 0 | AC36: =+IFERROR(VLOOKUP($F36,'[16]부산크라샤(손익)'!$L$16:$R$29,4,),)/1000 -> 19008 | AD36: =+AC36-AB36 -> 19008 | AG36: =+AF36-AE36 -> 0 | AH36: =SUM(Y36,AB36) -> 0 | AI36: =SUM(Z36,AC36) -> 28032 | AJ36: =+AI36-AH36 -> 28032 | AK36: =+IFERROR(HLOOKUP($A$1,[15]이송계획!$G$70:$R$100,3,),) -> 0 | AL36: =+IFERROR(VLOOKUP($F36,'[16]부산모래장(손익)'!$L$16:$P$26,4,),)/1000 -> 0 | AN36: =+IFERROR(HLOOKUP($A$1,[15]이송계획!$G$70:$R$100,10,),) -> 159302.78 | AO36: =+IFERROR(VLOOKUP($F36,'[16]부산모래장(손익)'!$L$16:$P$26,3,),)/1000 -> 70840 | AQ36: =+AK36+AN36 -> 159302.78 | AR36: =+AL36+AO36 -> 70840 | AT36: =+V36+AH36+AQ36 -> 475034.78 | AU36: =+W36+AI36+AR36 -> 193338 | AV36: =+AU36-AT36 -> -281696.78
F37: 김해 | G37: =+IFERROR(HLOOKUP($A$1,[13]매출!$G$5:$R$149,60,),) -> 12320 | H37: =+IFERROR(VLOOKUP($F37,'[16]서부산(손익)'!$O$16:$X$29,3,),)/1000 -> 0 | I37: =+H37-G37 -> -12320 | J37: =+IFERROR(HLOOKUP($A$1,[13]매출!$G$5:$R$149,68,),) -> 17024 | K37: =+IFERROR(VLOOKUP($F37,'[16]서부산(손익)'!$O$16:$X$29,4,),)/1000 -> 0 | L37: =+K37-J37 -> -17024 | O37: =+N37-M37 -> 0 | V37: =SUM(G37,J37,M37) -> 29344 | W37: =SUM(H37,K37,N37) -> 0 | X37: =+W37-V37 -> -29344 | Y37: =+IFERROR(HLOOKUP($A$1,[14]매출!$G$5:$R$170,60,),) -> 0 | Z37: =+IFERROR(VLOOKUP($F37,'[16]부산크라샤(손익)'!$L$16:$R$29,3,),)/1000 -> 0 | AA37: =+Z37-Y37 -> 0 | AB37: =+IFERROR(HLOOKUP($A$1,[14]매출!$G$5:$R$170,68,),) -> 0 | AC37: =+IFERROR(VLOOKUP($F37,'[16]부산크라샤(손익)'!$L$16:$R$29,4,),)/1000 -> 0 | AD37: =+AC37-AB37 -> 0 | AG37: =+AF37-AE37 -> 0 | AH37: =SUM(Y37,AB37) -> 0 | AI37: =SUM(Z37,AC37) -> 0 | AJ37: =+AI37-AH37 -> 0 | AK37: =+IFERROR(HLOOKUP($A$1,[15]이송계획!$G$70:$R$100,4,),) -> 0 | AL37: =+IFERROR(VLOOKUP($F37,'[16]부산모래장(손익)'!$L$16:$P$26,4,),)/1000 -> 0 | AN37: =+IFERROR(HLOOKUP($A$1,[15]이송계획!$G$70:$R$100,11,),) -> 120357.69 | AO37: =+IFERROR(VLOOKUP($F37,'[16]부산모래장(손익)'!$L$16:$P$26,3,),)/1000 -> 21120 | AQ37: =+AK37+AN37 -> 120357.69 | AR37: =+AL37+AO37 -> 21120 | AT37: =+V37+AH37+AQ37 -> 149701.69 | AU37: =+W37+AI37+AR37 -> 21120 | AV37: =+AU37-AT37 -> -128581.69
F38: 정관 | G38: =+IFERROR(HLOOKUP($A$1,[13]매출!$G$5:$R$149,61,),) -> 0 | H38: =+IFERROR(VLOOKUP($F38,'[16]서부산(손익)'!$O$16:$X$29,3,),)/1000 -> 0 | I38: =+H38-G38 -> 0 | J38: =+IFERROR(HLOOKUP($A$1,[13]매출!$G$5:$R$149,69,),) -> 0 | K38: =+IFERROR(VLOOKUP($F38,'[16]서부산(손익)'!$O$16:$X$29,4,),)/1000 -> 0 | L38: =+K38-J38 -> 0 | O38: =+N38-M38 -> 0 | V38: =SUM(G38,J38,M38) -> 0 | W38: =SUM(H38,K38,N38) -> 0 | X38: =+W38-V38 -> 0 | Y38: =+IFERROR(HLOOKUP($A$1,[14]매출!$G$5:$R$170,61,),) -> 0 | Z38: =+IFERROR(VLOOKUP($F38,'[16]부산크라샤(손익)'!$L$16:$R$29,3,),)/1000 -> 0 | AA38: =+Z38-Y38 -> 0 | AB38: =+IFERROR(HLOOKUP($A$1,[14]매출!$G$5:$R$170,69,),) -> 2290.776 | AC38: =+IFERROR(VLOOKUP($F38,'[16]부산크라샤(손익)'!$L$16:$R$29,4,),)/1000 -> 15552 | AD38: =+AC38-AB38 -> 13261.224 | AG38: =+AF38-AE38 -> 0 | AH38: =SUM(Y38,AB38) -> 2290.776 | AI38: =SUM(Z38,AC38) -> 15552 | AJ38: =+AI38-AH38 -> 13261.224 | AK38: =+IFERROR(HLOOKUP($A$1,[15]이송계획!$G$70:$R$100,5,),) -> 150214.67 | AL38: =+IFERROR(VLOOKUP($F38,'[16]부산모래장(손익)'!$L$16:$P$26,4,),)/1000 -> 0 | AN38: =+IFERROR(HLOOKUP($A$1,[15]이송계획!$G$70:$R$100,12,),) -> 0 | AO38: =+IFERROR(VLOOKUP($F38,'[16]부산모래장(손익)'!$L$16:$P$26,3,),)/1000 -> 83160 | AQ38: =+AK38+AN38 -> 150214.67 | AR38: =+AL38+AO38 -> 83160 | AT38: =+V38+AH38+AQ38 -> 152505.44 | AU38: =+W38+AI38+AR38 -> 98712 | AV38: =+AU38-AT38 -> -53793.443
F39: 양산 | G39: =+IFERROR(HLOOKUP($A$1,[13]매출!$G$5:$R$149,62,),) -> 0 | H39: =+IFERROR(VLOOKUP($F39,'[16]서부산(손익)'!$O$16:$X$29,3,),)/1000 -> 0 | I39: =+H39-G39 -> 0 | J39: =+IFERROR(HLOOKUP($A$1,[13]매출!$G$5:$R$149,70,),) -> 0 | K39: =+IFERROR(VLOOKUP($F39,'[16]서부산(손익)'!$O$16:$X$29,4,),)/1000 -> 0 | L39: =+K39-J39 -> 0 | O39: =+N39-M39 -> 0 | V39: =SUM(G39,J39,M39) -> 0 | W39: =SUM(H39,K39,N39) -> 0 | X39: =+W39-V39 -> 0 | Y39: =+IFERROR(HLOOKUP($A$1,[14]매출!$G$5:$R$170,62,),) -> 0 | Z39: =+IFERROR(VLOOKUP($F39,'[16]부산크라샤(손익)'!$L$16:$R$29,3,),)/1000 -> 0 | AA39: =+Z39-Y39 -> 0 | AB39: =+IFERROR(HLOOKUP($A$1,[14]매출!$G$5:$R$170,70,),) -> 0 | AC39: =+IFERROR(VLOOKUP($F39,'[16]부산크라샤(손익)'!$L$16:$R$29,4,),)/1000 -> 0 | AD39: =+AC39-AB39 -> 0 | AG39: =+AF39-AE39 -> 0 | AH39: =SUM(Y39,AB39) -> 0 | AI39: =SUM(Z39,AC39) -> 0 | AJ39: =+AI39-AH39 -> 0 | AK39: =+IFERROR(HLOOKUP($A$1,[15]이송계획!$G$70:$R$100,6,),) -> 0 | AL39: =+IFERROR(VLOOKUP($F39,'[16]부산모래장(손익)'!$L$16:$P$26,4,),)/1000 -> 0 | AN39: =+IFERROR(HLOOKUP($A$1,[15]이송계획!$G$70:$R$100,13,),) -> 30545.455 | AO39: =+IFERROR(VLOOKUP($F39,'[16]부산모래장(손익)'!$L$16:$P$26,3,),)/1000 -> 0 | AQ39: =+AK39+AN39 -> 30545.455 | AR39: =+AL39+AO39 -> 0 | AT39: =+V39+AH39+AQ39 -> 30545.455 | AU39: =+W39+AI39+AR39 -> 0 | AV39: =+AU39-AT39 -> -30545.455
F40: 창원 | G40: =+IFERROR(HLOOKUP($A$1,[13]매출!$G$5:$R$149,63,),) -> 3878 | H40: =+IFERROR(VLOOKUP($F40,'[16]서부산(손익)'!$O$16:$X$29,3,),)/1000 -> 0 | I40: =+H40-G40 -> -3878 | J40: =+IFERROR(HLOOKUP($A$1,[13]매출!$G$5:$R$149,71,),) -> 3555.0968 | K40: =+IFERROR(VLOOKUP($F40,'[16]서부산(손익)'!$O$16:$X$29,4,),)/1000 -> 0 | L40: =+K40-J40 -> -3555.0968 | O40: =+N40-M40 -> 0 | V40: =SUM(G40,J40,M40) -> 7433.0968 | W40: =SUM(H40,K40,N40) -> 0 | X40: =+W40-V40 -> -7433.0968 | Y40: =+IFERROR(HLOOKUP($A$1,[14]매출!$G$5:$R$170,63,),) -> 0 | Z40: =+IFERROR(VLOOKUP($F40,'[16]부산크라샤(손익)'!$L$16:$R$29,3,),)/1000 -> 0 | AA40: =+Z40-Y40 -> 0 | AB40: =+IFERROR(HLOOKUP($A$1,[14]매출!$G$5:$R$170,71,),) -> 0 | AC40: =+IFERROR(VLOOKUP($F40,'[16]부산크라샤(손익)'!$L$16:$R$29,4,),)/1000 -> 0 | AD40: =+AC40-AB40 -> 0 | AG40: =+AF40-AE40 -> 0 | AH40: =SUM(Y40,AB40) -> 0 | AI40: =SUM(Z40,AC40) -> 0 | AJ40: =+AI40-AH40 -> 0 | AK40: =+IFERROR(HLOOKUP($A$1,[15]이송계획!$G$70:$R$100,7,),) -> 0 | AL40: =+IFERROR(VLOOKUP($F40,'[16]부산모래장(손익)'!$L$16:$P$26,4,),)/1000 -> 0 | AN40: =+IFERROR(HLOOKUP($A$1,[15]이송계획!$G$70:$R$100,14,),) -> 0 | AO40: =+IFERROR(VLOOKUP($F40,'[16]부산모래장(손익)'!$L$16:$P$26,3,),)/1000 -> 0 | AQ40: =+AK40+AN40 -> 0 | AR40: =+AL40+AO40 -> 0 | AT40: =+V40+AH40+AQ40 -> 7433.0968 | AU40: =+W40+AI40+AR40 -> 0 | AV40: =+AU40-AT40 -> -7433.0968
F41: 계 | G41: =SUM(G35:G40) -> 252885.33 | H41: =SUM(H35:H40) -> 63298 | I41: =+H41-G41 -> -189587.33 | J41: =SUM(J35:J40) -> 169607.1 | K41: =SUM(K35:K40) -> 61704 | L41: =+K41-J41 -> -107903.1 | O41: =+N41-M41 -> 0 | V41: =SUM(G41,J41,M41) -> 422492.43 | W41: =SUM(H41,K41,N41) -> 125002 | X41: =+W41-V41 -> -297490.43 | Y41: =SUM(Y35:Y40) -> 78691.667 | Z41: =SUM(Z35:Z40) -> 117524 | AA41: =+Z41-Y41 -> 38832.333 | AB41: =SUM(AB35:AB40) -> 174696.52 | AC41: =SUM(AC35:AC40) -> 163669 | AD41: =+AC41-AB41 -> -11027.524 | AG41: =+AF41-AE41 -> 0 | AH41: =SUM(Y41,AB41) -> 253388.19 | AI41: =SUM(Z41,AC41) -> 281193 | AJ41: =+AI41-AH41 -> 27804.81 | AK41: =SUM(AK35:AK40) -> 159302.78 | AL41: =SUM(AL35:AL40) -> 11400 | AN41: =SUM(AN35:AN40) -> 310205.93 | AO41: =SUM(AO35:AO40) -> 278608 | AQ41: =+AK41+AN41 -> 469508.7 | AR41: =+AL41+AO41 -> 290008 | AT41: =SUM(AT35:AT40) -> 1145389.3 | AU41: =SUM(AU35:AU40) -> 696203 | AV41: =+AU41-AT41 -> -449186.32
G42: =+G41=G13 -> TRUE | H42: =+H41=H13 -> TRUE | J42: =+J41=J13 -> TRUE | K42: =+K41=K13 -> TRUE | V42: =+V41=V13 -> TRUE | W42: =+W41=W13 -> TRUE | Y42: =+Y41=Y13 -> TRUE | Z42: =+Z41=Z13 -> TRUE | AB42: =+AB41=AB13 -> TRUE | AC42: =+AC41=AC13 -> TRUE | AH42: =+AH41=AH13 -> TRUE | AI42: =+AI41=AI13 -> TRUE | AK42: =+AK41=AK13 -> TRUE | AL42: =+AL41=AL13 -> TRUE | AN42: =+AN41=AN13 -> TRUE | AO42: =+AO41=AO13 -> TRUE | AQ42: =+AQ41=AQ13 -> TRUE | AR42: =+AR41=AR13 -> TRUE | AT42: =+AT41=AT13 -> TRUE | AU42: =+AU41=AU13 -> TRUE

Sheet 골재사업소(누계)
A1: 2월 | AN1: 부산 세척사 - 창원공장
D4: □ 골재사업소 손익(2025-02누계)
AV5: [단위 : ㎥, 천원]
