Workbook

Sheet 표지
A6: 2025년 7월 마감 손익
A24: 건재사업본부

Sheet 손익총괄
C3: □ 건재사업본부 손익실적(2025-07)
X4: [단위 : 천㎥, 톤, 원/㎥, 원/톤, 백만원]
C5: 구분 | E5: 7월 | J5: 7월 누계 | P5: 7월 주요지표
E6: 계획 | F6: 실적 | G6: 계획대비 | H6: 전년 | I6: 전년대비 | J6: 계획 | K6: 실적 | L6: 계획대비 | M6: 전년 | N6: 전년대비
C7: 물량 | D7: 레미콘 | E7: =+'[1]7월'!$Z$7/1000 -> 284 | F7: =+'[2]7월'!$Z$7/1000 -> 224.8465 | G7: =+F7-E7 -> -59.1535 | H7: =+'[3]7월'!$Z$7/1000 -> 256.6575 | I7: =+F7-H7 -> -31.811 | J7: =+'[1]7월누계'!$Z$7/1000 -> 1867 | K7: =+'[2]7월누계'!$Z$7/1000 -> 1652.7105 | L7: =+K7-J7 -> -214.2895 | M7: =+'[3]7월누계'!$Z$7/1000 -> 2034.9062 | N7: =+K7-M7 -> -382.1957 | Q7: □ 레미콘
D8: 철강재 | E8: =+'[1]7월'!$AA$7 -> 13500 | F8: =+'[2]7월'!$AO$7 -> 7798.862 | G8: =+F8-E8 -> -5701.138 | H8: =+'[3]7월'!$AO$7 -> 12986.91 | I8: =+F8-H8 -> -5188.048 | J8: =+'[1]7월누계'!$AA$7 -> 75700 | K8: =+'[2]7월누계'!$AO$7 -> 70135.201 | L8: =+K8-J8 -> -5564.799 | M8: =+'[3]7월누계'!$AO$7 -> 61066.958 | N8: =+K8-M8 -> 9068.243 | Q8: 구분 | S8: 계획 | T8: 실적 | U8: 계획대비 | V8: 전년 | W8: 전년대비
D9: 골재 | E9: =+'[1]7월'!$AE$7/1000 -> 106.36044 | F9: =+'[2]7월'!$AN$7/1000 -> 65.769 | G9: =+F9-E9 -> -40.591441 | H9: =+'[3]7월'!$AN$7/1000 -> 60.962 | I9: =+F9-H9 -> 4.807 | J9: =+'[1]7월누계'!$AE$7/1000 -> 663.11954 | K9: =+'[2]7월누계'!$AN$7/1000 -> 442.083 | L9: =+K9-J9 -> -221.03654 | M9: =+'[3]7월누계'!$AN$7/1000 -> 557.661 | N9: =+K9-M9 -> -115.578 | Q9: 물량 | R9: 수도권 | S9: =+[4]수도권!$T$5/1000 -> 107 | T9: =+[4]수도권!$U$5/1000 -> 78.037 | U9: =+T9-S9 -> -28.963 | V9: =+[5]수도권!$T$5/1000 -> 89.348 | W9: =+T9-V9 -> -11.311
C10: 매출 | D10: 레미콘 | E10: =+'[1]7월'!$Z$8/1000 -> 28604.057 | F10: =+'[2]7월'!$Z$8/1000 -> 22210.14 | G10: =+F10-E10 -> -6393.9169 | H10: =+'[3]7월'!$Z$8/1000 -> 26139.233 | I10: =+F10-H10 -> -3929.0934 | J10: =+'[1]7월누계'!$Z$8/1000 -> 187656.36 | K10: =+'[2]7월누계'!$Z$8/1000 -> 162879.82 | L10: =+K10-J10 -> -24776.545 | M10: =+'[3]7월누계'!$Z$8/1000 -> 206378.1 | N10: =+K10-M10 -> -43498.279 | R10: 영남권 | S10: =+[4]영남권!$T$5/1000 -> 121.5 | T10: =+[4]영남권!$U$5/1000 -> 105.781 | U10: =+T10-S10 -> -15.719 | V10: =+[5]영남권!$T$5/1000 -> 118.756 | W10: =+T10-V10 -> -12.975
D11: 건자재 | E11: =+'[1]7월'!$AA$8/1000 -> 14694.152 | F11: =+'[2]7월'!$AO$8/1000 -> 7354.8666 | G11: =+F11-E11 -> -7339.2858 | H11: =+'[3]7월'!$AO$8/1000 -> 11314.649 | I11: =+F11-H11 -> -3959.782 | J11: =+'[1]7월누계'!$AA$8/1000 -> 82779.071 | K11: =+'[2]7월누계'!$AO$8/1000 -> 62876.308 | L11: =+K11-J11 -> -19902.763 | M11: =+'[3]7월누계'!$AO$8/1000 -> 60718.387 | N11: =+K11-M11 -> 2157.9214 | R11: 중부권 | S11: =+[4]중부권!$T$5/1000 -> 55.5 | T11: =+[4]중부권!$U$5/1000 -> 41.0285 | U11: =+T11-S11 -> -14.4715 | V11: =+[5]중부권!$T$5/1000 -> 48.5535 | W11: =+T11-V11 -> -7.525
D12: 골재 | E12: =+'[1]7월'!$AE$8/1000 -> 1964.7695 | F12: =+'[2]7월'!$AN$8/1000 -> 1337.6405 | G12: =+F12-E12 -> -627.12897 | H12: =+'[3]7월'!$AN$8/1000 -> 1241.323 | I12: =+F12-H12 -> 96.3175 | J12: =+'[1]7월누계'!$AE$8/1000 -> 12310.549 | K12: =+'[2]7월누계'!$AN$8/1000 -> 9317.8465 | L12: =+K12-J12 -> -2992.7029 | M12: =+'[3]7월누계'!$AN$8/1000 -> 11222.53 | N12: =+K12-M12 -> -1904.6831 | Q12: 계 | S12: =SUM(S9:S11) -> 284 | T12: =SUM(T9:T11) -> 224.8465 | U12: =+T12-S12 -> -59.1535 | V12: =SUM(V9:V11) -> 256.6575 | W12: =+T12-V12 -> -31.811
D13: 기타 | E13: =+'[1]7월'!$E$8/1000-E10-E11-E12 -> 142.52817 | F13: =+'[2]7월'!$F$8/1000-F10-F11-F12 -> 118.80699 | G13: =+F13-E13 -> -23.721175 | H13: =+'[3]7월'!$F$8/1000-H10-H11-H12 -> 165.44935 | I13: =+F13-H13 -> -46.642361 | J13: =+'[1]7월누계'!$E$8/1000-J10-J11-J12 -> 1070.2172 | K13: =+'[2]7월누계'!$F$8/1000-K10-K11-K12 -> 947.72304 | L13: =+K13-J13 -> -122.49412 | M13: =+'[3]7월누계'!$F$8/1000-M10-M11-M12 -> 1157.2093 | N13: =+K13-M13 -> -209.48629 | Q13: 판매단가 | R13: 수도권 | S13: =+[4]수도권!$T$61 -> 97456.22 | T13: =+[4]수도권!$U$61 -> 96700.299 | U13: =+T13-S13 -> -755.92071 | V13: =+[5]수도권!$Q$85 -> 98771.936 | W13: =+T13-V13 -> -2071.6375
C14: 계 | E14: =SUM(E10:E13) -> 45405.507 | F14: =SUM(F10:F13) -> 31021.454 | G14: =+F14-E14 -> -14384.053 | H14: =SUM(H10:H13) -> 38860.654 | I14: =+F14-H14 -> -7839.2002 | J14: =SUM(J10:J13) -> 283816.2 | K14: =SUM(K10:K13) -> 236021.69 | L14: =+K14-J14 -> -47794.505 | M14: =SUM(M10:M13) -> 279476.22 | N14: =+K14-M14 -> -43454.527 | R14: 영남권 | S14: =+[4]영남권!$T$61 -> 100570.95 | T14: =+[4]영남권!$U$61 -> 98825.474 | U14: =+T14-S14 -> -1745.4752 | V14: =+[5]영남권!$Q$85 -> 102226.32 | W14: =+T14-V14 -> -3400.8451
C15: 매출원가 | D15: 레미콘 | E15: =+('[1]7월'!$Z$10+'[1]7월'!$Z$19)/1000 -> 25037.256 | F15: =+('[2]7월'!$Z$10+'[2]7월'!$Z$19)/1000 -> 20153.952 | G15: =+F15-E15 -> -4883.3041 | H15: =+('[3]7월'!$Z$10+'[3]7월'!$Z$19)/1000 -> 22759.689 | I15: =+F15-H15 -> -2605.7372 | J15: =+('[1]7월누계'!$Z$10+'[1]7월누계'!$Z$19)/1000 -> 166993.34 | K15: =+('[2]7월누계'!$Z$10+'[2]7월누계'!$Z$19)/1000 -> 149096.57 | L15: =+K15-J15 -> -17896.767 | M15: =+('[3]7월누계'!$Z$10+'[3]7월누계'!$Z$19)/1000 -> 178110.18 | N15: =+K15-M15 -> -29013.604 | R15: 중부권 | S15: =+[4]중부권!$T$61 -> 107331.01 | T15: =+[4]중부권!$U$61 -> 102649.88 | U15: =+T15-S15 -> -4681.1328 | V15: =+[5]중부권!$Q$85 -> 106628.96 | W15: =+T15-V15 -> -3979.0821
D16: 건자재 | E16: =+('[1]7월'!$AA$10+'[1]7월'!$AA$19)/1000 -> 14298.333 | F16: =+('[2]7월'!$AO$10+'[2]7월'!$AO$19)/1000 -> 7238.2875 | G16: =+F16-E16 -> -7060.046 | H16: =+('[3]7월'!$AO$10+'[3]7월'!$AO$19)/1000 -> 11193.013 | I16: =+F16-H16 -> -3954.7255 | J16: =+('[1]7월누계'!$AA$10+'[1]7월누계'!$AA$19)/1000 -> 80543.909 | K16: =+('[2]7월누계'!$AO$10+'[2]7월누계'!$AO$19)/1000 -> 61900.816 | L16: =+K16-J16 -> -18643.093 | M16: =+('[3]7월누계'!$AO$10+'[3]7월누계'!$AO$19)/1000 -> 59364.069 | N16: =+K16-M16 -> 2536.7473 | Q16: 계 | S16: =+[4]합계!$T$61 -> 100718.51 | T16: =+[4]합계!$U$61 -> 98789.633 | U16: =+T16-S16 -> -1928.8776 | V16: =+[5]합계!$Q$85 -> 101862.36 | W16: =+T16-V16 -> -3072.7231
D17: 골재 | E17: =+('[1]7월'!$AE$10+'[1]7월'!$AE$19)/1000 -> 1703.7501 | F17: =+('[2]7월'!$AN$10+'[2]7월'!$AN$19)/1000 -> 1388.1363 | G17: =+F17-E17 -> -315.61384 | H17: =+('[3]7월'!$AN$10+'[3]7월'!$AN$19)/1000 -> 1252.1428 | I17: =+F17-H17 -> 135.99348 | J17: =+('[1]7월누계'!$AE$10+'[1]7월누계'!$AE$19)/1000 -> 10758.448 | K17: =+('[2]7월누계'!$AN$10+'[2]7월누계'!$AN$19)/1000 -> 9611.998 | L17: =+K17-J17 -> -1146.4501 | M17: =+('[3]7월누계'!$AN$10+'[3]7월누계'!$AN$19)/1000 -> 10244.78 | N17: =+K17-M17 -> -632.782 | Q17: 공헌이익 | R17: 수도권 | S17: =+[4]수도권!$Q$90 -> 17126.382 | T17: =+[4]수도권!$R$90 -> 16548.722 | U17: =+T17-S17 -> -577.6601 | V17: =+[5]수도권!$Q$90 -> 17992.981 | W17: =+T17-V17 -> -1444.2589
D18: 기타 | E18: =+('[1]7월'!$E$10+'[1]7월'!$E$19)/1000-E15-E16-E17 -> 68.375599 | F18: =+('[2]7월'!$F$10+'[2]7월'!$F$19)/1000-F15-F16-F17 -> 19.214443 | G18: =+F18-E18 -> -49.161156 | H18: =+('[3]7월'!$F$10+'[3]7월'!$F$19)/1000-H15-H16-H17 -> 25.575635 | I18: =+F18-H18 -> -6.361192 | J18: =+('[1]7월누계'!$E$10+'[1]7월누계'!$E$19)/1000-J15-J16-J17 -> 420.28422 | K18: =+('[2]7월누계'!$F$10+'[2]7월누계'!$F$19)/1000-K15-K16-K17 -> 425.88299 | L18: =+K18-J18 -> 5.59877 | M18: =+('[3]7월누계'!$F$10+'[3]7월누계'!$F$19)/1000-M15-M16-M17 -> 351.13889 | N18: =+K18-M18 -> 74.744105 | R18: 영남권 | S18: =+[4]영남권!$Q$90 -> 21769.337 | T18: =+[4]영남권!$R$90 -> 20505.629 | U18: =+T18-S18 -> -1263.7088 | V18: =+[5]영남권!$Q$90 -> 22717.772 | W18: =+T18-V18 -> -2212.1433
C19: 계 | E19: =SUM(E15:E18) -> 41107.715 | F19: =SUM(F15:F18) -> 28799.59 | G19: =+F19-E19 -> -12308.125 | H19: =SUM(H15:H18) -> 35230.421 | I19: =+F19-H19 -> -6430.8304 | J19: =SUM(J15:J18) -> 258715.98 | K19: =SUM(K15:K18) -> 221035.27 | L19: =+K19-J19 -> -37680.712 | M19: =SUM(M15:M18) -> 248070.17 | N19: =+K19-M19 -> -27034.895 | R19: 중부권 | S19: =+[4]중부권!$Q$90 -> 29345.536 | T19: =+[4]중부권!$R$90 -> 23773.356 | U19: =+T19-S19 -> -5572.1797 | V19: =+[5]중부권!$Q$90 -> 30402.808 | W19: =+T19-V19 -> -6629.4519
C20: 매출이익 | D20: 레미콘 | E20: =+E10-E15 -> 3566.8007 | F20: =+F10-F15 -> 2056.1879 | G20: =+F20-E20 -> -1510.6129 | H20: =+H10-H15 -> 3379.544 | I20: =+F20-H20 -> -1323.3562 | J20: =+J10-J15 -> 20663.021 | K20: =+K10-K15 -> 13783.243 | L20: =+K20-J20 -> -6879.778 | M20: =+M10-M15 -> 28267.918 | N20: =+K20-M20 -> -14484.675 | Q20: 계 | S20: =+[4]합계!$Q$90 -> 21500.615 | T20: =+[4]합계!$R$90 -> 19736.082 | U20: =+T20-S20 -> -1764.533 | V20: =+[5]합계!$Q$90 -> 22535.083 | W20: =+T20-V20 -> -2799.001
D21: 건자재 | E21: =+E11-E16 -> 395.81892 | F21: =+F11-F16 -> 116.57918 | G21: =+F21-E21 -> -279.23974 | H21: =+H11-H16 -> 121.6357 | I21: =+F21-H21 -> -5.056518 | J21: =+J11-J16 -> 2235.1617 | K21: =+K11-K16 -> 975.49167 | L21: =+K21-J21 -> -1259.67 | M21: =+M11-M16 -> 1354.3176 | N21: =+K21-M21 -> -378.82593 | Q21: □ 건자재
D22: 골재 | E22: =+E12-E17 -> 261.01937 | F22: =+F12-F17 -> -50.495761 | G22: =+F22-E22 -> -311.51513 | H22: =+H12-H17 -> -10.819778 | I22: =+F22-H22 -> -39.675983 | J22: =+J12-J17 -> 1552.1013 | K22: =+K12-K17 -> -294.1515 | L22: =+K22-J22 -> -1846.2528 | M22: =+M12-M17 -> 977.74958 | N22: =+K22-M22 -> -1271.9011 | Q22: 구분 | S22: 계획 | T22: 실적 | U22: 계획대비 | V22: 전년 | W22: 전년대비
D23: 기타 | E23: =+E13-E18 -> 74.152568 | F23: =+F13-F18 -> 99.592549 | G23: =+F23-E23 -> 25.439981 | H23: =+H13-H18 -> 139.87372 | I23: =+F23-H23 -> -40.281169 | J23: =+J13-J18 -> 649.93294 | K23: =+K13-K18 -> 521.84005 | L23: =+K23-J23 -> -128.09289 | M23: =+M13-M18 -> 806.07045 | N23: =+K23-M23 -> -284.2304 | Q23: 철강재 판매단가 | S23: =+'[6]7월'!$F$10 -> 872222.22 | T23: =+'[6]7월'!$G$10 -> 794077.93 | U23: =+T23-S23 -> -78144.291 | V23: =+'[7]7월'!$G$10 -> 751049.21 | W23: =+T23-V23 -> 43028.722
C24: 계 | E24: =SUM(E20:E23) -> 4297.7916 | F24: =SUM(F20:F23) -> 2221.8638 | G24: =+F24-E24 -> -2075.9278 | H24: =SUM(H20:H23) -> 3630.2337 | I24: =+F24-H24 -> -1408.3698 | J24: =SUM(J20:J23) -> 25100.217 | K24: =SUM(K20:K23) -> 14986.423 | L24: =+K24-J24 -> -10113.794 | M24: =SUM(M20:M23) -> 31406.055 | N24: =+K24-M24 -> -16419.632 | Q24: 철강재 마진률 | S24: =+'[6]7월'!$F$15 -> 0.023957325 | T24: =+'[6]7월'!$G$15 -> 0.013537465 | U24: =+T24-S24 -> -0.01041986 | V24: =+'[6]7월'!$G$15 -> 0.013537465 | W24: =+T24-V24 -> 0
C25: 판관비 | D25: 레미콘 | E25: =+('[1]7월'!$Z$13+'[1]7월'!$Z$20)/1000 -> 661.11474 | F25: =+('[2]7월'!$Z$13+'[2]7월'!$Z$20)/1000 -> 678.98856 | G25: =+F25-E25 -> 17.873822 | H25: =+('[3]7월'!$Z$13+'[3]7월'!$Z$20)/1000 -> 654.54649 | I25: =+F25-H25 -> 24.442074 | J25: =+('[1]7월누계'!$Z$13+'[1]7월누계'!$Z$20)/1000 -> 4714.2925 | K25: =+('[2]7월누계'!$Z$13+'[2]7월누계'!$Z$20)/1000 -> 4701.93 | L25: =+K25-J25 -> -12.362489 | M25: =+('[3]7월누계'!$Z$13+'[3]7월누계'!$Z$20)/1000 -> 4621.0579 | N25: =+K25-M25 -> 80.872093 | Q25: □ 골재
D26: 건자재 | E26: =+('[1]7월'!$AA$13+'[1]7월'!$AA$20)/1000 -> 122.29035 | F26: =+('[2]7월'!$AO$13+'[2]7월'!$AO$20)/1000 -> 163.40207 | G26: =+F26-E26 -> 41.111723 | H26: =+('[3]7월'!$AO$13+'[3]7월'!$AO$20)/1000 -> 161.20531 | I26: =+F26-H26 -> 2.196758 | J26: =+('[1]7월누계'!$AA$13+'[1]7월누계'!$AA$20)/1000 -> 892.2273 | K26: =+('[2]7월누계'!$AO$13+'[2]7월누계'!$AO$20)/1000 -> 1046.9887 | L26: =+K26-J26 -> 154.7614 | M26: =+('[3]7월누계'!$AO$13+'[3]7월누계'!$AO$20)/1000 -> 978.76478 | N26: =+K26-M26 -> 68.223915 | Q26: 구분 | S26: 계획 | T26: 실적 | U26: 계획대비 | V26: 전년 | W26: 전년대비
D27: 골재 | E27: =+('[1]7월'!$AE$13+'[1]7월'!$AE$20+'[1]7월'!$AE$22)/1000 -> 46.912637 | F27: =+('[2]7월'!$AN$13+'[2]7월'!$AN$20+'[2]7월'!$AN$22)/1000 -> 46.779093 | G27: =+F27-E27 -> -0.13354381 | H27: =+('[3]7월'!$AN$13+'[3]7월'!$AN$20+'[3]7월'!$AN$22)/1000 -> 99.736892 | I27: =+F27-H27 -> -52.957799 | J27: =+('[1]7월누계'!$AE$13+'[1]7월누계'!$AE$20+'[1]7월누계'!$AE$22)/1000 -> 337.5913 | K27: =+('[2]7월누계'!$AN$13+'[2]7월누계'!$AN$20+'[2]7월누계'!$AN$22)/1000 -> 329.95713 | L27: =+K27-J27 -> -7.6341747 | M27: =+('[3]7월누계'!$AN$13+'[3]7월누계'!$AN$20+'[3]7월누계'!$AN$22)/1000 -> 367.788 | N27: =+K27-M27 -> -37.830874 | Q27: 판매량 | R27: 자가 | S27: =('[8]부산모래장(당월)'!$Q$48+[9]원가손익!$W$13+[10]손익!$F$10)/1000 -> 58.360441 | T27: =('[8]부산모래장(당월)'!$R$48+[9]원가손익!$X$13+[10]손익!$G$10)/1000 -> 43.82 | U27: =+T27-S27 -> -14.540441 | V27: =+[11]손익총괄!$V$27 -> 35.025 | W27: =+T27-V27 -> 8.795
D28: 기타 | E28: =+('[1]7월'!$E$13+'[1]7월'!$E$20)/1000-E25-E26-E27+('[1]7월'!$E$22/1000) -> 1453.5445 | F28: =+('[2]7월'!$F$13+'[2]7월'!$F$20)/1000-F25-F26-F27+'[2]7월'!$F$22/1000 -> 1410.3215 | G28: =+F28-E28 -> -43.222995 | H28: =+('[3]7월'!$F$13+'[3]7월'!$F$20)/1000-H25-H26-H27+'[3]7월'!$F$22/1000 -> 1394.2481 | I28: =+F28-H28 -> 16.073493 | J28: =+('[1]7월누계'!$E$13+'[1]7월누계'!$E$20)/1000-J25-J26-J27+('[1]7월누계'!$E$22/1000) -> 11822.46 | K28: =+('[2]7월누계'!$F$13+'[2]7월누계'!$F$20)/1000-K25-K26-K27+'[2]7월누계'!$F$22/1000 -> 13151.498 | L28: =+K28-J28 -> 1329.0378 | M28: =+('[3]7월누계'!$F$13+'[3]7월누계'!$F$20)/1000-M25-M26-M27+'[3]7월누계'!$F$22/1000 -> 11771.612 | N28: =+K28-M28 -> 1379.8864 | R28: 외판 | S28: =('[8]부산모래장(당월)'!$Q$47+[9]원가손익!$W$15+[10]손익!$F$12)/1000 -> 48 | T28: =('[8]부산모래장(당월)'!$R$47+[9]원가손익!$X$15+[10]손익!$G$12)/1000 -> 21.949 | U28: =+T28-S28 -> -26.051 | V28: =+[11]손익총괄!$V$28 -> 12.553 | W28: =+T28-V28 -> 9.396
C29: 계 | E29: =SUM(E25:E28) -> 2283.8623 | F29: =SUM(F25:F28) -> 2299.4913 | G29: =+F29-E29 -> 15.629006 | H29: =SUM(H25:H28) -> 2309.7367 | I29: =+F29-H29 -> -10.245474 | J29: =SUM(J25:J28) -> 17766.571 | K29: =SUM(K25:K28) -> 19230.374 | L29: =+K29-J29 -> 1463.8025 | M29: =SUM(M25:M28) -> 17739.222 | N29: =+K29-M29 -> 1491.1515 | Q29: 합 계 | S29: =SUM(S27:S28) -> 106.36044 | T29: =SUM(T27:T28) -> 65.769 | U29: =+T29-S29 -> -40.591441 | V29: =SUM(V27:V28) -> 47.578 | W29: =+T29-V29 -> 18.191
C30: 영업이익 | D30: 레미콘 | E30: =+E20-E25 -> 2905.686 | F30: =+F20-F25 -> 1377.1993 | G30: =+F30-E30 -> -1528.4867 | H30: =+H20-H25 -> 2724.9975 | I30: =+F30-H30 -> -1347.7982 | J30: =+J20-J25 -> 15948.728 | K30: =+K20-K25 -> 9081.3128 | L30: =+K30-J30 -> -6867.4155 | M30: =+M20-M25 -> 23646.86 | N30: =+K30-M30 -> -14565.547 | Q30: □ 기타내역(영업이익)
D31: % | E31: =+E30/E10 -> 0.101583 | F31: =+F30/F10 -> 0.062007682 | G31: =+F31-E31 -> -0.03957532 | H31: =+H30/H10 -> 0.10424933 | I31: =+F31-H31 -> -0.042241646 | J31: =+J30/J10 -> 0.08498901 | K31: =+K30/K10 -> 0.055754685 | L31: =+K31-J31 -> -0.029234325 | M31: =+M30/M10 -> 0.11458028 | N31: =+K31-M31 -> -0.058825594 | Q31: 구분 | S31: 계획 | T31: 실적 | U31: 계획대비 | V31: 전년 | W31: 전년대비
D32: 건자재 | E32: =+E21-E26 -> 273.52857 | F32: =+F21-F26 -> -46.822892 | G32: =+F32-E32 -> -320.35146 | H32: =+H21-H26 -> -39.569616 | I32: =+F32-H32 -> -7.253276 | J32: =+J21-J26 -> 1342.9344 | K32: =+K21-K26 -> -71.497023 | L32: =+K32-J32 -> -1414.4314 | M32: =+M21-M26 -> 375.55282 | N32: =+K32-M32 -> -447.04984 | Q32: 레미콘임대 | S32: =+'사업장별(당월)'!T33 -> 48.278888 | T32: =+'사업장별(당월)'!U33 -> 23.255776 | U32: =+T32-S32 -> -25.023112 | V32: =+'사업장별(당월)'!W33 -> 72.53547 | W32: =+T32-V32 -> -49.279694
D33: 골재 | E33: =+E22-E27 -> 214.10673 | F33: =+F22-F27 -> -97.274854 | G33: =+F33-E33 -> -311.38159 | H33: =+H22-H27 -> -110.55667 | I33: =+F33-H33 -> 13.281816 | J33: =+J22-J27 -> 1214.51 | K33: =+K22-K27 -> -624.10863 | L33: =+K33-J33 -> -1838.6186 | M33: =+M22-M27 -> 609.96158 | N33: =+K33-M33 -> -1234.0702 | Q33: 임대 | S33: =+'사업장별(당월)'!T34 -> 63.941 | T33: =+'사업장별(당월)'!U34 -> 66.530123 | U33: =+T33-S33 -> 2.589123 | V33: =+'사업장별(당월)'!W34 -> 62.661397 | W33: =+T33-V33 -> 3.868726
D34: 기타 | E34: =+E23-E28 -> -1379.392 | F34: =+F23-F28 -> -1310.729 | G34: =+F34-E34 -> 68.662976 | H34: =+H23-H28 -> -1254.3743 | I34: =+F34-H34 -> -56.354662 | J34: =+J23-J28 -> -11172.527 | K34: =+K23-K28 -> -12629.658 | L34: =+K34-J34 -> -1457.1307 | M34: =+M23-M28 -> -10965.541 | N34: =+K34-M34 -> -1664.1168 | Q34: 공통비 | S34: =+'사업장별(당월)'!T35 -> -1373.93 | T34: =+'사업장별(당월)'!U35 -> -1353.2625 | U34: =+T34-S34 -> 20.667534 | V34: =+'사업장별(당월)'!W35 -> -1338.4279 | W34: =+T34-V34 -> -14.834581
C35: 계 | E35: =SUM(E30,E32:E34) -> 2013.9293 | F35: =SUM(F30,F32:F34) -> -77.627447 | G35: =+F35-E35 -> -2091.5568 | H35: =SUM(H30,H32:H34) -> 1320.4969 | I35: =+F35-H35 -> -1398.1244 | J35: =SUM(J30,J32:J34) -> 7333.6453 | K35: =SUM(K30,K32:K34) -> -4243.9509 | L35: =+K35-J35 -> -11577.596 | M35: =SUM(M30,M32:M34) -> 13666.833 | N35: =+K35-M35 -> -17910.784 | Q35: 기타 | S35: =+S36-S32-S33-S34 -> -117.68187 | T35: =+T36-T32-T33-T34 -> -47.25244 | U35: =+T35-S35 -> 70.429431 | V35: =+V36-V32-V33-V34 -> -51.143327 | W35: =+T35-V35 -> 3.890887
D36: % | E36: =+E35/E14 -> 0.044354296 | F36: =+F35/F14 -> -0.0025023794 | G36: =+F36-E36 -> -0.046856676 | H36: =+H35/H14 -> 0.033980305 | I36: =+F36-H36 -> -0.036482685 | J36: =+J35/J14 -> 0.025839418 | K36: =+K35/K14 -> -0.01798119 | L36: =+K36-J36 -> -0.043820608 | M36: =+M35/M14 -> 0.048901594 | N36: =+K36-M36 -> -0.066882784 | Q36: 합계 | S36: =+'사업장별(당월)'!T41 -> -1379.392 | T36: =+'사업장별(당월)'!U41 -> -1310.729 | U36: =+T36-S36 -> 68.662976 | V36: =+'사업장별(당월)'!W41 -> -1254.3743 | W36: =+T36-V36 -> -56.354662
E38: =+'[1]7월'!$E$26/1000 -> 2013.9293 | F38: =+'[2]7월'!$F$26/1000 -> -77.627447 | H38: =+'[3]7월'!$F$26/1000 -> 1320.4969 | J38: =+'[1]7월누계'!$E$26/1000 -> 7333.6453 | K38: =+'[2]7월누계'!$F$26/1000 -> -4243.9509 | M38: =+'[3]7월누계'!$F$26/1000 -> 13666.833
E39: =+E35=E38 -> TRUE | F39: =+F35=F38 -> FALSE | H39: =+H35=H38 -> TRUE | J39: =+J35=J38 -> FALSE | K39: =+K35=K38 -> FALSE | M39: =+M35=M38 -> FALSE
E40: =+E35-E38 -> 0 | F40: =+F35-F38 -> 1.4495072e-12 | H40: =+H35-H38 -> 5.9117156e-12 | J40: =+J35-J38 -> 2.8194336e-11 | K40: =+K35-K38 -> 1.0913936e-11 | M40: =+M35-M38 -> 3.2741809e-11

Sheet 사업장별(당월)
H3: □ 사업장별 손익실적(2025-07)
AG4: [단위 : 천㎥, 톤, 백만원]
H5: 구분 | J5: 물량 | O5: 매출 | T5: 영업이익(공통비 배부전) | Y5: 판매단가 | AB5: 변동비 | AE5: 공헌이익
A6: 2024년 7월 마감 손익 | J6: 계획 | K6: 실적 | L6: 차이 | M6: 전년 | N6: 차이 | O6: 계획 | P6: 실적 | Q6: 차이 | R6: 전년 | S6: 차이 | T6: 계획 | U6: 실적 | V6: 차이 | W6: 전년 | X6: 차이 | Y6: 계획 | Z6: 실적 | AA6: 전년 | AB6: 계획 | AC6: 실적 | AD6: 전년 | AE6: 계획 | AF6: 실적 | AG6: 전년
B7: 안양 | G7: =+I7 -> 안양 | H7: 레미콘 | I7: 안양 | J7: =+IFERROR(HLOOKUP($B7,'[1]7월'!$D$6:$BN$259,2,),)/1000 -> 38 | K7: =+IFERROR(HLOOKUP($B7,'[2]7월'!$F$6:$CP$99,2,),)/1000 -> 31.797 | L7: =+K7-J7 -> -6.203 | M7: =+IFERROR(HLOOKUP($B7,'[3]7월'!$F$6:$CC$57,2,),)/1000 -> 30.154 | N7: =+K7-M7 -> 1.643 | O7: =+IFERROR(HLOOKUP($B7,'[1]7월'!$D$6:$BN$259,3,),)/1000 -> 3742.7249 | P7: =+IFERROR(HLOOKUP($B7,'[2]7월'!$F$6:$CP$99,3,),)/1000 -> 3065.7501 | Q7: =+P7-O7 -> -676.9748 | R7: =+IFERROR(HLOOKUP($B7,'[3]7월'!$F$6:$CC$57,3,),)/1000 -> 3033.8332 | S7: =+P7-R7 -> 31.916851 | T7: =+IFERROR(HLOOKUP($B7,'[1]7월'!$D$6:$BN$259,16,),)/1000 -> 350.33093 | U7: =+IFERROR(HLOOKUP($B7,'[2]7월'!$F$6:$CP$99,16,),)/1000 -> 271.23666 | V7: =+U7-T7 -> -79.094267 | W7: =+IFERROR(HLOOKUP($B7,'[3]7월'!$F$6:$CC$57,16,),)/1000 -> 258.59623 | X7: =+U7-W7 -> 12.640431 | Y7: =+[4]안양!$Q$85 -> 98492.76 | Z7: =+[4]안양!$R$85 -> 96371.938 | AA7: =+[5]안양!$Q$85 -> 100611.3 | AB7: =+[4]안양!$Q$89 -> 81031.53 | AC7: =+[4]안양!$R$89 -> 78315.096 | AD7: =+[5]안양!$Q$89 -> 82629.791 | AE7: =+Y7-AB7 -> 17461.23 | AF7: =+Z7-AC7 -> 18056.842 | AG7: =+AA7-AD7 -> 17981.511
B8: 인천 | G8: =+I8 -> 인천 | H8: 직영 | I8: 인천 | J8: =+IFERROR(HLOOKUP($B8,'[1]7월'!$D$6:$BN$259,2,),)/1000 -> 32 | K8: =+IFERROR(HLOOKUP($B8,'[2]7월'!$F$6:$CP$99,2,),)/1000 -> 25.068 | L8: =+K8-J8 -> -6.932 | M8: =+IFERROR(HLOOKUP($B8,'[3]7월'!$F$6:$CC$57,2,),)/1000 -> 25.908 | N8: =+K8-M8 -> -0.84 | O8: =+IFERROR(HLOOKUP($B8,'[1]7월'!$D$6:$BN$259,3,),)/1000 -> 3128.9993 | P8: =+IFERROR(HLOOKUP($B8,'[2]7월'!$F$6:$CP$99,3,),)/1000 -> 2445.4704 | Q8: =+P8-O8 -> -683.5289 | R8: =+IFERROR(HLOOKUP($B8,'[3]7월'!$F$6:$CC$57,3,),)/1000 -> 2597.1843 | S8: =+P8-R8 -> -151.71385 | T8: =+IFERROR(HLOOKUP($B8,'[1]7월'!$D$6:$BN$259,16,),)/1000 -> 199.14701 | U8: =+IFERROR(HLOOKUP($B8,'[2]7월'!$F$6:$CP$99,16,),)/1000 -> 21.73516 | V8: =+U8-T8 -> -177.41185 | W8: =+IFERROR(HLOOKUP($B8,'[3]7월'!$F$6:$CC$57,16,),)/1000 -> 199.80018 | X8: =+U8-W8 -> -178.06502 | Y8: =+[4]인천!$Q$85 -> 97781.229 | Z8: =+[4]인천!$R$85 -> 97553.472 | AA8: =+[5]인천!$Q$85 -> 100279.7 | AB8: =+[4]인천!$Q$89 -> 82252.916 | AC8: =+[4]인천!$R$89 -> 83904.922 | AD8: =+[5]인천!$Q$89 -> 81647.893 | AE8: =+Y8-AB8 -> 15528.313 | AF8: =+Z8-AC8 -> 13648.55 | AG8: =+AA8-AD8 -> 18631.808
B9: 파주 | G9: =+I9 -> 파주 | I9: 파주 | J9: =+IFERROR(HLOOKUP($B9,'[1]7월'!$D$6:$BN$259,2,),)/1000 -> 22 | K9: =+IFERROR(HLOOKUP($B9,'[2]7월'!$F$6:$CP$99,2,),)/1000 -> 11.935 | L9: =+K9-J9 -> -10.065 | M9: =+IFERROR(HLOOKUP($B9,'[3]7월'!$F$6:$CC$57,2,),)/1000 -> 24.724 | N9: =+K9-M9 -> -12.789 | O9: =+IFERROR(HLOOKUP($B9,'[1]7월'!$D$6:$BN$259,3,),)/1000 -> 2139.9721 | P9: =+IFERROR(HLOOKUP($B9,'[2]7월'!$F$6:$CP$99,3,),)/1000 -> 1126.2308 | Q9: =+P9-O9 -> -1013.7413 | R9: =+IFERROR(HLOOKUP($B9,'[3]7월'!$F$6:$CC$57,3,),)/1000 -> 2369.8819 | S9: =+P9-R9 -> -1243.6511 | T9: =+IFERROR(HLOOKUP($B9,'[1]7월'!$D$6:$BN$259,16,),)/1000 -> 146.87531 | U9: =+IFERROR(HLOOKUP($B9,'[2]7월'!$F$6:$CP$99,16,),)/1000 -> -22.290701 | V9: =+U9-T9 -> -169.16601 | W9: =+IFERROR(HLOOKUP($B9,'[3]7월'!$F$6:$CC$57,16,),)/1000 -> 171.334 | X9: =+U9-W9 -> -193.6247 | Y9: =+[4]파주!$Q$85 -> 97271.457 | Z9: =+[4]파주!$R$85 -> 94629.836 | AA9: =+[5]파주!$Q$85 -> 95898.5 | AB9: =+[4]파주!$Q$89 -> 79794.628 | AC9: =+[4]파주!$R$89 -> 77368.205 | AD9: =+[5]파주!$Q$89 -> 79787.149 | AE9: =+Y9-AB9 -> 17476.83 | AF9: =+Z9-AC9 -> 17261.631 | AG9: =+AA9-AD9 -> 16111.351
B10: 김포 | G10: =+I10 -> 김포 | I10: 김포 | J10: =+IFERROR(HLOOKUP($B10,'[1]7월'!$D$6:$BN$259,2,),)/1000 -> 15 | K10: =+IFERROR(HLOOKUP($B10,'[2]7월'!$F$6:$CP$99,2,),)/1000 -> 9.237 | L10: =+K10-J10 -> -5.763 | M10: =+IFERROR(HLOOKUP($B10,'[3]7월'!$F$6:$CC$57,2,),)/1000 -> 8.562 | N10: =+K10-M10 -> 0.675 | O10: =+IFERROR(HLOOKUP($B10,'[1]7월'!$D$6:$BN$259,3,),)/1000 -> 1416.1192 | P10: =+IFERROR(HLOOKUP($B10,'[2]7월'!$F$6:$CP$99,3,),)/1000 -> 905.93786 | Q10: =+P10-O10 -> -510.18138 | R10: =+IFERROR(HLOOKUP($B10,'[3]7월'!$F$6:$CC$57,3,),)/1000 -> 821.12558 | S10: =+P10-R10 -> 84.812279 | T10: =+IFERROR(HLOOKUP($B10,'[1]7월'!$D$6:$BN$259,16,),)/1000 -> 113.33171 | U10: =+IFERROR(HLOOKUP($B10,'[2]7월'!$F$6:$CP$99,16,),)/1000 -> -8.469041 | V10: =+U10-T10 -> -121.80075 | W10: =+IFERROR(HLOOKUP($B10,'[3]7월'!$F$6:$CC$57,16,),)/1000 -> 32.553125 | X10: =+U10-W10 -> -41.022166 | Y10: =+[4]김포!$Q$85 -> 94407.949 | Z10: =+[4]김포!$R$85 -> 98077.066 | AA10: =+[5]김포!$Q$85 -> 95902.436 | AB10: =+[4]김포!$Q$89 -> 75234.625 | AC10: =+[4]김포!$R$89 -> 79718.483 | AD10: =+[5]김포!$Q$89 -> 74436.951 | AE10: =+Y10-AB10 -> 19173.324 | AF10: =+Z10-AC10 -> 18358.583 | AG10: =+AA10-AD10 -> 21465.485
B11: 부산 | G11: =+I11 -> 부산 | I11: 부산 | J11: =+IFERROR(HLOOKUP($B11,'[1]7월'!$D$6:$BN$259,2,),)/1000 -> 21 | K11: =+IFERROR(HLOOKUP($B11,'[2]7월'!$F$6:$CP$99,2,),)/1000 -> 20.063 | L11: =+K11-J11 -> -0.937 | M11: =+IFERROR(HLOOKUP($B11,'[3]7월'!$F$6:$CC$57,2,),)/1000 -> 17.425 | N11: =+K11-M11 -> 2.638 | O11: =+IFERROR(HLOOKUP($B11,'[1]7월'!$D$6:$BN$259,3,),)/1000 -> 2261.7039 | P11: =+IFERROR(HLOOKUP($B11,'[2]7월'!$F$6:$CP$99,3,),)/1000 -> 2213.7341 | Q11: =+P11-O11 -> -47.969782 | R11: =+IFERROR(HLOOKUP($B11,'[3]7월'!$F$6:$CC$57,3,),)/1000 -> 1927.916 | S11: =+P11-R11 -> 285.8181 | T11: =+IFERROR(HLOOKUP($B11,'[1]7월'!$D$6:$BN$259,16,),)/1000 -> 203.15402 | U11: =+IFERROR(HLOOKUP($B11,'[2]7월'!$F$6:$CP$99,16,),)/1000 -> 219.61332 | V11: =+U11-T11 -> 16.459294 | W11: =+IFERROR(HLOOKUP($B11,'[3]7월'!$F$6:$CC$57,16,),)/1000 -> 190.61798 | X11: =+U11-W11 -> 28.995339 | Y11: =+[4]부산!$Q$85 -> 107700.18 | Z11: =+[4]부산!$R$85 -> 110339.14 | AA11: =+[5]부산!$Q$85 -> 110640.8 | AB11: =+[4]부산!$Q$89 -> 84924.284 | AC11: =+[4]부산!$R$89 -> 86758.587 | AD11: =+[5]부산!$Q$89 -> 84480.701 | AE11: =+Y11-AB11 -> 22775.901 | AF11: =+Z11-AC11 -> 23580.549 | AG11: =+AA11-AD11 -> 26160.103
B12: 서부산 | G12: =+I12 -> 서부산 | I12: 서부산 | J12: =+IFERROR(HLOOKUP($B12,'[1]7월'!$D$6:$BN$259,2,),)/1000 -> 20 | K12: =+IFERROR(HLOOKUP($B12,'[2]7월'!$F$6:$CP$99,2,),)/1000 -> 16.44 | L12: =+K12-J12 -> -3.56 | M12: =+IFERROR(HLOOKUP($B12,'[3]7월'!$F$6:$CC$57,2,),)/1000 -> 20.05 | N12: =+K12-M12 -> -3.61 | O12: =+IFERROR(HLOOKUP($B12,'[1]7월'!$D$6:$BN$259,3,),)/1000 -> 1985.9922 | P12: =+IFERROR(HLOOKUP($B12,'[2]7월'!$F$6:$CP$99,3,),)/1000 -> 1693.0968 | Q12: =+P12-O12 -> -292.89538 | R12: =+IFERROR(HLOOKUP($B12,'[3]7월'!$F$6:$CC$57,3,),)/1000 -> 2059.0346 | S12: =+P12-R12 -> -365.9378 | T12: =+IFERROR(HLOOKUP($B12,'[1]7월'!$D$6:$BN$259,16,),)/1000 -> 206.85424 | U12: =+IFERROR(HLOOKUP($B12,'[2]7월'!$F$6:$CP$99,16,),)/1000 -> 189.74493 | V12: =+U12-T12 -> -17.109305 | W12: =+IFERROR(HLOOKUP($B12,'[3]7월'!$F$6:$CC$57,16,),)/1000 -> 225.63006 | X12: =+U12-W12 -> -35.88513 | Y12: =+[4]서부산!$Q$85 -> 99299.609 | Z12: =+[4]서부산!$R$85 -> 102986.42 | AA12: =+[5]서부산!$Q$85 -> 102695.88 | AB12: =+[4]서부산!$Q$89 -> 77397.349 | AC12: =+[4]서부산!$R$89 -> 78679.176 | AD12: =+[5]서부산!$Q$89 -> 79119.203 | AE12: =+Y12-AB12 -> 21902.26 | AF12: =+Z12-AC12 -> 24307.247 | AG12: =+AA12-AD12 -> 23576.674
B13: 김해 | G13: =+I13 -> 김해 | I13: 김해 | J13: =+IFERROR(HLOOKUP($B13,'[1]7월'!$D$6:$BN$259,2,),)/1000 -> 13 | K13: =+IFERROR(HLOOKUP($B13,'[2]7월'!$F$6:$CP$99,2,),)/1000 -> 7.547 | L13: =+K13-J13 -> -5.453 | M13: =+IFERROR(HLOOKUP($B13,'[3]7월'!$F$6:$CC$57,2,),)/1000 -> 11.781 | N13: =+K13-M13 -> -4.234 | O13: =+IFERROR(HLOOKUP($B13,'[1]7월'!$D$6:$BN$259,3,),)/1000 -> 1251.8957 | P13: =+IFERROR(HLOOKUP($B13,'[2]7월'!$F$6:$CP$99,3,),)/1000 -> 713.887 | Q13: =+P13-O13 -> -538.00875 | R13: =+IFERROR(HLOOKUP($B13,'[3]7월'!$F$6:$CC$57,3,),)/1000 -> 1132.0667 | S13: =+P13-R13 -> -418.1797 | T13: =+IFERROR(HLOOKUP($B13,'[1]7월'!$D$6:$BN$259,16,),)/1000 -> 107.85098 | U13: =+IFERROR(HLOOKUP($B13,'[2]7월'!$F$6:$CP$99,16,),)/1000 -> -5.057841 | V13: =+U13-T13 -> -112.90882 | W13: =+IFERROR(HLOOKUP($B13,'[3]7월'!$F$6:$CC$57,16,),)/1000 -> 38.555588 | X13: =+U13-W13 -> -43.613429 | Y13: =+[4]김해!$Q$85 -> 96299.673 | Z13: =+[4]김해!$R$85 -> 94496.48 | AA13: =+[5]김해!$Q$85 -> 96092.581 | AB13: =+[4]김해!$Q$89 -> 76700.282 | AC13: =+[4]김해!$R$89 -> 77490.149 | AD13: =+[5]김해!$Q$89 -> 80907.956 | AE13: =+Y13-AB13 -> 19599.391 | AF13: =+Z13-AC13 -> 17006.331 | AG13: =+AA13-AD13 -> 15184.626
B14: 정관 | G14: =+I14 -> 정관 | I14: 정관 | J14: =+IFERROR(HLOOKUP($B14,'[1]7월'!$D$6:$BN$259,2,),)/1000 -> 19 | K14: =+IFERROR(HLOOKUP($B14,'[2]7월'!$F$6:$CP$99,2,),)/1000 -> 23.754 | L14: =+K14-J14 -> 4.754 | M14: =+IFERROR(HLOOKUP($B14,'[3]7월'!$F$6:$CC$57,2,),)/1000 -> 17.288 | N14: =+K14-M14 -> 6.466 | O14: =+IFERROR(HLOOKUP($B14,'[1]7월'!$D$6:$BN$259,3,),)/1000 -> 1938.0082 | P14: =+IFERROR(HLOOKUP($B14,'[2]7월'!$F$6:$CP$99,3,),)/1000 -> 2293.0672 | Q14: =+P14-O14 -> 355.05895 | R14: =+IFERROR(HLOOKUP($B14,'[3]7월'!$F$6:$CC$57,3,),)/1000 -> 1737.7844 | S14: =+P14-R14 -> 555.2828 | T14: =+IFERROR(HLOOKUP($B14,'[1]7월'!$D$6:$BN$259,16,),)/1000 -> 166.78418 | U14: =+IFERROR(HLOOKUP($B14,'[2]7월'!$F$6:$CP$99,16,),)/1000 -> 202.85136 | V14: =+U14-T14 -> 36.067174 | W14: =+IFERROR(HLOOKUP($B14,'[3]7월'!$F$6:$CC$57,16,),)/1000 -> 137.84952 | X14: =+U14-W14 -> 65.001843 | Y14: =+[4]정관!$Q$85 -> 102000.43 | Z14: =+[4]정관!$R$85 -> 96533.94 | AA14: =+[5]정관!$Q$85 -> 100519.69 | AB14: =+[4]정관!$Q$89 -> 82328.422 | AC14: =+[4]정관!$R$89 -> 78973.256 | AD14: =+[5]정관!$Q$89 -> 81910.423 | AE14: =+Y14-AB14 -> 19672.012 | AF14: =+Z14-AC14 -> 17560.684 | AG14: =+AA14-AD14 -> 18609.267
B15: 양산 | G15: =+I15 -> 양산 | I15: 양산 | J15: =+IFERROR(HLOOKUP($B15,'[1]7월'!$D$6:$BN$259,2,),)/1000 -> 11 | K15: =+IFERROR(HLOOKUP($B15,'[2]7월'!$F$6:$CP$99,2,),)/1000 -> 6.588 | L15: =+K15-J15 -> -4.412 | M15: =+IFERROR(HLOOKUP($B15,'[3]7월'!$F$6:$CC$57,2,),)/1000 -> 11.07 | N15: =+K15-M15 -> -4.482 | O15: =+IFERROR(HLOOKUP($B15,'[1]7월'!$D$6:$BN$259,3,),)/1000 -> 1043.0943 | P15: =+IFERROR(HLOOKUP($B15,'[2]7월'!$F$6:$CP$99,3,),)/1000 -> 606.3894 | Q15: =+P15-O15 -> -436.70485 | R15: =+IFERROR(HLOOKUP($B15,'[3]7월'!$F$6:$CC$57,3,),)/1000 -> 1022.5878 | S15: =+P15-R15 -> -416.19837 | T15: =+IFERROR(HLOOKUP($B15,'[1]7월'!$D$6:$BN$259,16,),)/1000 -> 84.782211 | U15: =+IFERROR(HLOOKUP($B15,'[2]7월'!$F$6:$CP$99,16,),)/1000 -> -16.390338 | V15: =+U15-T15 -> -101.17255 | W15: =+IFERROR(HLOOKUP($B15,'[3]7월'!$F$6:$CC$57,16,),)/1000 -> 49.592748 | X15: =+U15-W15 -> -65.983086 | Y15: =+[4]양산!$Q$85 -> 94826.75 | Z15: =+[4]양산!$R$85 -> 91860.056 | AA15: =+[5]양산!$Q$85 -> 92374.686 | AB15: =+[4]양산!$Q$89 -> 73664.74 | AC15: =+[4]양산!$R$89 -> 73920.262 | AD15: =+[5]양산!$Q$89 -> 75762.253 | AE15: =+Y15-AB15 -> 21162.01 | AF15: =+Z15-AC15 -> 17939.794 | AG15: =+AA15-AD15 -> 16612.433
B16: 창원 | G16: =+I16 -> 창원 | I16: 창원 | J16: =+IFERROR(HLOOKUP($B16,'[1]7월'!$D$6:$BN$259,2,),)/1000 -> 13 | K16: =+IFERROR(HLOOKUP($B16,'[2]7월'!$F$6:$CP$99,2,),)/1000 -> 10.308 | L16: =+K16-J16 -> -2.692 | M16: =+IFERROR(HLOOKUP($B16,'[3]7월'!$F$6:$CC$57,2,),)/1000 -> 13.4055 | N16: =+K16-M16 -> -3.0975 | O16: =+IFERROR(HLOOKUP($B16,'[1]7월'!$D$6:$BN$259,3,),)/1000 -> 1314.3049 | P16: =+IFERROR(HLOOKUP($B16,'[2]7월'!$F$6:$CP$99,3,),)/1000 -> 905.65475 | Q16: =+P16-O16 -> -408.65019 | R16: =+IFERROR(HLOOKUP($B16,'[3]7월'!$F$6:$CC$57,3,),)/1000 -> 1358.995 | S16: =+P16-R16 -> -453.3403 | T16: =+IFERROR(HLOOKUP($B16,'[1]7월'!$D$6:$BN$259,16,),)/1000 -> 147.05171 | U16: =+IFERROR(HLOOKUP($B16,'[2]7월'!$F$6:$CP$99,16,),)/1000 -> 31.227734 | V16: =+U16-T16 -> -115.82398 | W16: =+IFERROR(HLOOKUP($B16,'[3]7월'!$F$6:$CC$57,16,),)/1000 -> 173.4925 | X16: =+U16-W16 -> -142.26476 | Y16: =+[4]창원!$Q$85 -> 101100.38 | Z16: =+[4]창원!$R$85 -> 87859.405 | AA16: =+[5]창원!$Q$85 -> 101375.93 | AB16: =+[4]창원!$Q$89 -> 76060.57 | AC16: =+[4]창원!$R$89 -> 68889.416 | AD16: =+[5]창원!$Q$89 -> 74138.455 | AE16: =+Y16-AB16 -> 25039.81 | AF16: =+Z16-AC16 -> 18969.989 | AG16: =+AA16-AD16 -> 27237.476
B17: 대구 | G17: =+I17 -> 대구 | I17: 대구 | J17: =+IFERROR(HLOOKUP($B17,'[1]7월'!$D$6:$BN$259,2,),)/1000 -> 12.5 | K17: =+IFERROR(HLOOKUP($B17,'[2]7월'!$F$6:$CP$99,2,),)/1000 -> 8.0065 | L17: =+K17-J17 -> -4.4935 | M17: =+IFERROR(HLOOKUP($B17,'[3]7월'!$F$6:$CC$57,2,),)/1000 -> 12.691 | N17: =+K17-M17 -> -4.6845 | O17: =+IFERROR(HLOOKUP($B17,'[1]7월'!$D$6:$BN$259,3,),)/1000 -> 1198.9511 | P17: =+IFERROR(HLOOKUP($B17,'[2]7월'!$F$6:$CP$99,3,),)/1000 -> 694.6579 | Q17: =+P17-O17 -> -504.29316 | R17: =+IFERROR(HLOOKUP($B17,'[3]7월'!$F$6:$CC$57,3,),)/1000 -> 1308.7025 | S17: =+P17-R17 -> -614.04464 | T17: =+IFERROR(HLOOKUP($B17,'[1]7월'!$D$6:$BN$259,16,),)/1000 -> 121.12418 | U17: =+IFERROR(HLOOKUP($B17,'[2]7월'!$F$6:$CP$99,16,),)/1000 -> -8.611968 | V17: =+U17-T17 -> -129.73615 | W17: =+IFERROR(HLOOKUP($B17,'[3]7월'!$F$6:$CC$57,16,),)/1000 -> 175.5937 | X17: =+U17-W17 -> -184.20567 | Y17: =+[4]대구!$Q$85 -> 95916.085 | Z17: =+[4]대구!$R$85 -> 86761.744 | AA17: =+[5]대구!$Q$85 -> 103120.52 | AB17: =+[4]대구!$Q$89 -> 72533.292 | AC17: =+[4]대구!$R$89 -> 71247.791 | AD17: =+[5]대구!$Q$89 -> 75635.831 | AE17: =+Y17-AB17 -> 23382.793 | AF17: =+Z17-AC17 -> 15513.953 | AG17: =+AA17-AD17 -> 27484.69
B18: 울산 | G18: =+I18 -> 울산 | I18: 울산 | J18: =+IFERROR(HLOOKUP($B18,'[1]7월'!$D$6:$BN$259,2,),)/1000 -> 12 | K18: =+IFERROR(HLOOKUP($B18,'[2]7월'!$F$6:$CP$99,2,),)/1000 -> 13.0745 | L18: =+K18-J18 -> 1.0745 | M18: =+IFERROR(HLOOKUP($B18,'[3]7월'!$F$6:$CC$57,2,),)/1000 -> 15.0455 | N18: =+K18-M18 -> -1.971 | O18: =+IFERROR(HLOOKUP($B18,'[1]7월'!$D$6:$BN$259,3,),)/1000 -> 1225.42 | P18: =+IFERROR(HLOOKUP($B18,'[2]7월'!$F$6:$CP$99,3,),)/1000 -> 1333.2398 | Q18: =+P18-O18 -> 107.81977 | R18: =+IFERROR(HLOOKUP($B18,'[3]7월'!$F$6:$CC$57,3,),)/1000 -> 1592.9121 | S18: =+P18-R18 -> -259.67233 | T18: =+IFERROR(HLOOKUP($B18,'[1]7월'!$D$6:$BN$259,16,),)/1000 -> 101.43202 | U18: =+IFERROR(HLOOKUP($B18,'[2]7월'!$F$6:$CP$99,16,),)/1000 -> 168.08502 | V18: =+U18-T18 -> 66.652996 | W18: =+IFERROR(HLOOKUP($B18,'[3]7월'!$F$6:$CC$57,16,),)/1000 -> 240.50593 | X18: =+U18-W18 -> -72.420912 | Y18: =+[4]울산!$Q$85 -> 102118.33 | Z18: =+[4]울산!$R$85 -> 101972.52 | AA18: =+[5]울산!$Q$85 -> 105872.99 | AB18: =+[4]울산!$Q$89 -> 81327.456 | AC18: =+[4]울산!$R$89 -> 78109.378 | AD18: =+[5]울산!$Q$89 -> 81253.354 | AE18: =+Y18-AB18 -> 20790.877 | AF18: =+Z18-AC18 -> 23863.146 | AG18: =+AA18-AD18 -> 24619.638
B19: 아산 | G19: =+I19 -> 아산 | I19: 아산 | J19: =+IFERROR(HLOOKUP($B19,'[1]7월'!$D$6:$BN$259,2,),)/1000 -> 24 | K19: =+IFERROR(HLOOKUP($B19,'[2]7월'!$F$6:$CP$99,2,),)/1000 -> 19.911 | L19: =+K19-J19 -> -4.089 | M19: =+IFERROR(HLOOKUP($B19,'[3]7월'!$F$6:$CC$57,2,),)/1000 -> 24.195 | N19: =+K19-M19 -> -4.284 | O19: =+IFERROR(HLOOKUP($B19,'[1]7월'!$D$6:$BN$259,3,),)/1000 -> 2472 | P19: =+IFERROR(HLOOKUP($B19,'[2]7월'!$F$6:$CP$99,3,),)/1000 -> 1844.2038 | Q19: =+P19-O19 -> -627.79621 | R19: =+IFERROR(HLOOKUP($B19,'[3]7월'!$F$6:$CC$57,3,),)/1000 -> 2473.766 | S19: =+P19-R19 -> -629.56223 | T19: =+IFERROR(HLOOKUP($B19,'[1]7월'!$D$6:$BN$259,16,),)/1000 -> 353.83816 | U19: =+IFERROR(HLOOKUP($B19,'[2]7월'!$F$6:$CP$99,16,),)/1000 -> 70.33137 | V19: =+U19-T19 -> -283.50679 | W19: =+IFERROR(HLOOKUP($B19,'[3]7월'!$F$6:$CC$57,16,),)/1000 -> 395.11046 | X19: =+U19-W19 -> -324.77909 | Y19: =+[4]아산!$Q$85 -> 103000 | Z19: =+[4]아산!$R$85 -> 92622.359 | AA19: =+[5]아산!$Q$85 -> 102242.86 | AB19: =+[4]아산!$Q$89 -> 77935.242 | AC19: =+[4]아산!$R$89 -> 77514.598 | AD19: =+[5]아산!$Q$89 -> 75710.543 | AE19: =+Y19-AB19 -> 25064.758 | AF19: =+Z19-AC19 -> 15107.761 | AG19: =+AA19-AD19 -> 26532.318
B20: 전주 | G20: =+I20 -> 전주 | I20: 전주 | J20: =+IFERROR(HLOOKUP($B20,'[1]7월'!$D$6:$BN$259,2,),)/1000 -> 12 | K20: =+IFERROR(HLOOKUP($B20,'[2]7월'!$F$6:$CP$99,2,),)/1000 -> 5.565 | L20: =+K20-J20 -> -6.435 | M20: =+IFERROR(HLOOKUP($B20,'[3]7월'!$F$6:$CC$57,2,),)/1000 -> 8.0735 | N20: =+K20-M20 -> -2.5085 | O20: =+IFERROR(HLOOKUP($B20,'[1]7월'!$D$6:$BN$259,3,),)/1000 -> 1204.8425 | P20: =+IFERROR(HLOOKUP($B20,'[2]7월'!$F$6:$CP$99,3,),)/1000 -> 548.22096 | Q20: =+P20-O20 -> -656.62156 | R20: =+IFERROR(HLOOKUP($B20,'[3]7월'!$F$6:$CC$57,3,),)/1000 -> 767.062 | S20: =+P20-R20 -> -218.84104 | T20: =+IFERROR(HLOOKUP($B20,'[1]7월'!$D$6:$BN$259,16,),)/1000 -> 175.46359 | U20: =+IFERROR(HLOOKUP($B20,'[2]7월'!$F$6:$CP$99,16,),)/1000 -> -28.654789 | V20: =+U20-T20 -> -204.11838 | W20: =+IFERROR(HLOOKUP($B20,'[3]7월'!$F$6:$CC$57,16,),)/1000 -> 44.821658 | X20: =+U20-W20 -> -73.476447 | Y20: =+[4]전주!$Q$85 -> 100403.54 | Z20: =+[4]전주!$R$85 -> 98512.302 | AA20: =+[5]전주!$Q$85 -> 95009.847 | AB20: =+[4]전주!$Q$89 -> 72688.918 | AC20: =+[4]전주!$R$89 -> 76945.124 | AD20: =+[5]전주!$Q$89 -> 71872.966 | AE20: =+Y20-AB20 -> 27714.625 | AF20: =+Z20-AC20 -> 21567.178 | AG20: =+AA20-AD20 -> 23136.881
B21: 군산 | G21: =+I21 -> 군산 | I21: 군산 | J21: =+IFERROR(HLOOKUP($B21,'[1]7월'!$D$6:$BN$259,2,),)/1000 -> 6.5 | K21: =+IFERROR(HLOOKUP($B21,'[2]7월'!$F$6:$CP$99,2,),)/1000 -> 5.149 | L21: =+K21-J21 -> -1.351 | M21: =+IFERROR(HLOOKUP($B21,'[3]7월'!$F$6:$CC$57,2,),)/1000 -> 7.211 | N21: =+K21-M21 -> -2.062 | O21: =+IFERROR(HLOOKUP($B21,'[1]7월'!$D$6:$BN$259,3,),)/1000 -> 725.0687 | P21: =+IFERROR(HLOOKUP($B21,'[2]7월'!$F$6:$CP$99,3,),)/1000 -> 602.2503 | Q21: =+P21-O21 -> -122.8184 | R21: =+IFERROR(HLOOKUP($B21,'[3]7월'!$F$6:$CC$57,3,),)/1000 -> 865.03425 | S21: =+P21-R21 -> -262.78395 | T21: =+IFERROR(HLOOKUP($B21,'[1]7월'!$D$6:$BN$259,16,),)/1000 -> 173.50943 | U21: =+IFERROR(HLOOKUP($B21,'[2]7월'!$F$6:$CP$99,16,),)/1000 -> 131.91551 | V21: =+U21-T21 -> -41.593919 | W21: =+IFERROR(HLOOKUP($B21,'[3]7월'!$F$6:$CC$57,16,),)/1000 -> 241.03226 | X21: =+U21-W21 -> -109.11675 | Y21: =+[4]군산!$Q$85 -> 111549.03 | Z21: =+[4]군산!$R$85 -> 116964.52 | AA21: =+[5]군산!$Q$85 -> 119960.37 | AB21: =+[4]군산!$Q$89 -> 72379.463 | AC21: =+[4]군산!$R$89 -> 75340.117 | AD21: =+[5]군산!$Q$89 -> 75163.432 | AE21: =+Y21-AB21 -> 39169.567 | AF21: =+Z21-AC21 -> 41624.4 | AG21: =+AA21-AD21 -> 44796.941
B22: 원주 | G22: =+I22 -> 원주 | I22: 원주 | J22: =+IFERROR(HLOOKUP($B22,'[1]7월'!$D$6:$BN$259,2,),)/1000 -> 4 | K22: =+IFERROR(HLOOKUP($B22,'[2]7월'!$F$6:$CP$99,2,),)/1000 -> 4.105 | L22: =+K22-J22 -> 0.105 | M22: =+IFERROR(HLOOKUP($B22,'[3]7월'!$F$6:$CC$57,2,),)/1000 -> 5.1725 | N22: =+K22-M22 -> -1.0675 | O22: =+IFERROR(HLOOKUP($B22,'[1]7월'!$D$6:$BN$259,3,),)/1000 -> 448 | P22: =+IFERROR(HLOOKUP($B22,'[2]7월'!$F$6:$CP$99,3,),)/1000 -> 443.9354 | Q22: =+P22-O22 -> -4.0646 | R22: =+IFERROR(HLOOKUP($B22,'[3]7월'!$F$6:$CC$57,3,),)/1000 -> 592.47664 | S22: =+P22-R22 -> -148.54124 | T22: =+IFERROR(HLOOKUP($B22,'[1]7월'!$D$6:$BN$259,16,),)/1000 -> 68.202561 | U22: =+IFERROR(HLOOKUP($B22,'[2]7월'!$F$6:$CP$99,16,),)/1000 -> 72.104996 | V22: =+U22-T22 -> 3.9024349 | W22: =+IFERROR(HLOOKUP($B22,'[3]7월'!$F$6:$CC$57,16,),)/1000 -> 120.92349 | X22: =+U22-W22 -> -48.81849 | Y22: =+[4]원주!$Q$85 -> 112000 | Z22: =+[4]원주!$R$85 -> 108145.04 | AA22: =+[5]원주!$Q$85 -> 114543.58 | AB22: =+[4]원주!$Q$89 -> 73134.72 | AC22: =+[4]원주!$R$89 -> 69467.388 | AD22: =+[5]원주!$Q$89 -> 75019.456 | AE22: =+Y22-AB22 -> 38865.28 | AF22: =+Z22-AC22 -> 38677.655 | AG22: =+AA22-AD22 -> 39524.12
B23: 제주 | F23: =+K27-J27 -> -59.1535 | G23: =+I23 -> 제주 | I23: 제주 | J23: =+IFERROR(HLOOKUP($B23,'[1]7월'!$D$6:$BN$259,2,),)/1000 -> 9 | K23: =+IFERROR(HLOOKUP($B23,'[2]7월'!$F$6:$CP$99,2,),)/1000 -> 6.2985 | L23: =+K23-J23 -> -2.7015 | M23: =+IFERROR(HLOOKUP($B23,'[3]7월'!$F$6:$CC$57,2,),)/1000 -> 3.9015 | N23: =+K23-M23 -> 2.397 | O23: =+IFERROR(HLOOKUP($B23,'[1]7월'!$D$6:$BN$259,3,),)/1000 -> 1106.96 | P23: =+IFERROR(HLOOKUP($B23,'[2]7월'!$F$6:$CP$99,3,),)/1000 -> 774.41358 | Q23: =+P23-O23 -> -332.54642 | R23: =+IFERROR(HLOOKUP($B23,'[3]7월'!$F$6:$CC$57,3,),)/1000 -> 478.87041 | S23: =+P23-R23 -> 295.54317 | T23: =+IFERROR(HLOOKUP($B23,'[1]7월'!$D$6:$BN$259,16,),)/1000 -> 185.95373 | U23: =+IFERROR(HLOOKUP($B23,'[2]7월'!$F$6:$CP$99,16,),)/1000 -> 87.827914 | V23: =+U23-T23 -> -98.125816 | W23: =+IFERROR(HLOOKUP($B23,'[3]7월'!$F$6:$CC$57,16,),)/1000 -> 28.988095 | X23: =+U23-W23 -> 58.839819 | Y23: =+[4]제주!$Q$85 -> 122995.56 | Z23: =+[4]제주!$R$85 -> 123104.52 | AA23: =+[5]제주!$Q$85 -> 122740.08 | AB23: =+[4]제주!$Q$89 -> 91386.196 | AC23: =+[4]제주!$R$89 -> 94176.91 | AD23: =+[5]제주!$Q$89 -> 92008.574 | AE23: =+Y23-AB23 -> 31609.36 | AF23: =+Z23-AC23 -> 28927.608 | AG23: =+AA23-AD23 -> 30731.502
F24: =+K24/J24 -> 0.72931776 | G24: =+I24 -> 수도권 | I24: 수도권 | J24: =SUM(J7:J10) -> 107 | K24: =SUM(K7:K10) -> 78.037 | L24: =+K24-J24 -> -28.963 | M24: =SUM(M7:M10) -> 89.348 | N24: =+K24-M24 -> -11.311 | O24: =SUM(O7:O10) -> 10427.816 | P24: =SUM(P7:P10) -> 7543.3891 | Q24: =+P24-O24 -> -2884.4264 | R24: =SUM(R7:R10) -> 8822.025 | S24: =+P24-R24 -> -1278.6358 | T24: =SUM(T7:T10) -> 809.68496 | U24: =SUM(U7:U10) -> 262.21208 | V24: =+U24-T24 -> -547.47288 | W24: =SUM(W7:W10) -> 662.28354 | X24: =+U24-W24 -> -400.07146 | Y24: =+[4]수도권!$Q$85 -> 97456.22 | Z24: =+[4]수도권!$R$85 -> 96700.299 | AA24: =+[5]수도권!$Q$85 -> 98771.936 | AB24: =+[4]수도권!$Q$89 -> 80329.838 | AC24: =+[4]수도권!$R$89 -> 80151.577 | AD24: =+[5]수도권!$Q$89 -> 80778.956 | AE24: =+Y24-AB24 -> 17126.382 | AF24: =+Z24-AC24 -> 16548.722 | AG24: =+AA24-AD24 -> 17992.981
F25: =+K25/J25 -> 0.87062551 | G25: =+I25 -> 영남권 | I25: 영남권 | J25: =SUM(J11:J18) -> 121.5 | K25: =SUM(K11:K18) -> 105.781 | L25: =+K25-J25 -> -15.719 | M25: =SUM(M11:M18) -> 118.756 | N25: =+K25-M25 -> -12.975 | O25: =SUM(O11:O18) -> 12219.37 | P25: =SUM(P11:P18) -> 10453.727 | Q25: =+P25-O25 -> -1765.6434 | R25: =SUM(R11:R18) -> 12139.999 | S25: =+P25-R25 -> -1686.2722 | T25: =SUM(T11:T18) -> 1139.0335 | U25: =SUM(U11:U18) -> 781.46222 | V25: =+U25-T25 -> -357.57133 | W25: =SUM(W11:W18) -> 1231.838 | X25: =+U25-W25 -> -450.37581 | Y25: =+[4]영남권!$Q$85 -> 100570.95 | Z25: =+[4]영남권!$R$85 -> 98825.474 | AA25: =+[5]영남권!$Q$85 -> 102226.32 | AB25: =+[4]영남권!$Q$89 -> 78801.612 | AC25: =+[4]영남권!$R$89 -> 78319.845 | AD25: =+[5]영남권!$Q$89 -> 79508.547 | AE25: =+Y25-AB25 -> 21769.337 | AF25: =+Z25-AC25 -> 20505.629 | AG25: =+AA25-AD25 -> 22717.772
F26: =+K26/J26 -> 0.73925225 | G26: =+I26 -> 중부권 | I26: 중부권 | J26: =SUM(J19:J23) -> 55.5 | K26: =SUM(K19:K23) -> 41.0285 | L26: =+K26-J26 -> -14.4715 | M26: =SUM(M19:M23) -> 48.5535 | N26: =+K26-M26 -> -7.525 | O26: =SUM(O19:O23) -> 5956.8712 | P26: =SUM(P19:P23) -> 4213.024 | Q26: =+P26-O26 -> -1743.8472 | R26: =SUM(R19:R23) -> 5177.2093 | S26: =+P26-R26 -> -964.18529 | T26: =SUM(T19:T23) -> 956.96748 | U26: =SUM(U19:U23) -> 333.525 | V26: =+U26-T26 -> -623.44248 | W26: =SUM(W19:W23) -> 830.87596 | X26: =+U26-W26 -> -497.35096 | Y26: =+[4]중부권!$Q$85 -> 107331.01 | Z26: =+[4]중부권!$R$85 -> 102649.88 | AA26: =+[5]중부권!$Q$85 -> 106628.96 | AB26: =+[4]중부권!$Q$89 -> 77985.477 | AC26: =+[4]중부권!$R$89 -> 78876.524 | AD26: =+[5]중부권!$Q$89 -> 76226.154 | AE26: =+Y26-AB26 -> 29345.536 | AF26: =+Z26-AC26 -> 23773.356 | AG26: =+AA26-AD26 -> 30402.808
F27: =+K27/M27 -> 0.87605661 | G27: =+K27/J27 -> 0.79171303 | H27: 레미콘 계 | J27: =SUM(J24:J26) -> 284 | K27: =SUM(K24:K26) -> 224.8465 | L27: =+K27-J27 -> -59.1535 | M27: =SUM(M24:M26) -> 256.6575 | N27: =+K27-M27 -> -31.811 | O27: =SUM(O24:O26) -> 28604.057 | P27: =SUM(P24:P26) -> 22210.14 | Q27: =+P27-O27 -> -6393.9169 | R27: =SUM(R24:R26) -> 26139.233 | S27: =+P27-R27 -> -3929.0934 | T27: =SUM(T24:T26) -> 2905.686 | U27: =SUM(U24:U26) -> 1377.1993 | V27: =+U27-T27 -> -1528.4867 | W27: =SUM(W24:W26) -> 2724.9975 | X27: =+U27-W27 -> -1347.7982 | Y27: =+[4]합계!$Q$85 -> 100718.51 | Z27: =+[4]합계!$R$85 -> 98789.633 | AA27: =+[5]합계!$Q$85 -> 101862.36 | AB27: =+[4]합계!$Q$89 -> 79217.896 | AC27: =+[4]합계!$R$89 -> 79053.551 | AD27: =+[5]합계!$Q$89 -> 79327.273 | AE27: =+Y27-AB27 -> 21500.615 | AF27: =+Z27-AC27 -> 19736.082 | AG27: =+AA27-AD27 -> 22535.083 | AI27: =+AF27-AE27 -> -1764.533 | AJ27: =+AF27-AG27 -> -2799.001
B28: 건자재 | E28: 건자재영업 | G28: 건자재 | H28: 건자재 | J28: =+IFERROR(HLOOKUP($B28,'[1]7월'!$D$6:$BN$259,2,),) -> 13500 | K28: =+IFERROR(HLOOKUP($E28,'[2]7월'!$F$6:$CP$99,2,),) -> 7798.862 | L28: =+K28-J28 -> -5701.138 | M28: =+IFERROR(HLOOKUP($E28,'[3]7월'!$F$6:$CC$57,2,),) -> 12986.91 | N28: =+K28-M28 -> -5188.048 | O28: =+IFERROR(HLOOKUP($B28,'[1]7월'!$D$6:$BN$259,3,),)/1000 -> 14694.152 | P28: =+IFERROR(HLOOKUP($E28,'[2]7월'!$F$6:$CP$99,3,),)/1000 -> 7354.8666 | Q28: =+P28-O28 -> -7339.2858 | R28: =+IFERROR(HLOOKUP($E28,'[3]7월'!$F$6:$CC$57,3,),)/1000 -> 11314.649 | S28: =+P28-R28 -> -3959.782 | T28: =+IFERROR(HLOOKUP($B28,'[1]7월'!$D$6:$BN$259,16,),)/1000 -> 273.52857 | U28: =+IFERROR(HLOOKUP($E28,'[2]7월'!$F$6:$CP$99,16,),)/1000 -> -46.822892 | V28: =+U28-T28 -> -320.35146 | W28: =+IFERROR(HLOOKUP($E28,'[3]7월'!$F$6:$CC$57,16,),)/1000 -> -39.569616 | X28: =+U28-W28 -> -7.253276 | Y28: ■ 비고
B29: 부산모래장 | C29: 부산골재 | G29: =+I29 -> 부산모래장 | H29: 골재 | I29: 부산모래장 | J29: =+IFERROR(HLOOKUP($B29,'[1]7월'!$D$6:$BN$259,2,),)/1000 -> 24.308476 | K29: =+IFERROR(HLOOKUP($C29,'[2]7월'!$F$6:$CP$99,2,),)/1000 -> 23.993 | L29: =+K29-J29 -> -0.31547635 | M29: =+IFERROR(HLOOKUP($C29,'[3]7월'!$F$6:$CC$57,2,),)/1000 -> 14.977 | N29: =+K29-M29 -> 9.016 | O29: =+IFERROR(HLOOKUP($B29,'[1]7월'!$D$6:$BN$259,3,),)/1000 -> 662.58299 | P29: =+IFERROR(HLOOKUP($C29,'[2]7월'!$F$6:$CP$99,3,),)/1000 -> 674.2855 | Q29: =+P29-O29 -> 11.702515 | R29: =+IFERROR(HLOOKUP($C29,'[3]7월'!$F$6:$CC$57,3,),)/1000 -> 424.8905 | S29: =+P29-R29 -> 249.395 | T29: =+IFERROR(HLOOKUP($B29,'[1]7월'!$D$6:$BN$259,21,),)/1000 -> 50.948055 | U29: =+IFERROR(HLOOKUP($C29,'[2]7월'!$F$6:$CP$99,21,),)/1000 -> 27.624891 | V29: =+U29-T29 -> -23.323163 | W29: =+IFERROR(HLOOKUP($C29,'[3]7월'!$F$6:$CC$57,21,),)/1000 -> 64.377342 | X29: =+U29-W29 -> -36.752451 | Y29: - 7월 판가 1군 마이너스 계산서 0.4억(164원/㎥↓)
B30: 서부산크라샤 | C30: 서부산골재 | G30: =+I30 -> 서부산CR | I30: 서부산CR | J30: =+IFERROR(HLOOKUP($B30,'[1]7월'!$D$6:$BN$259,2,),)/1000 -> 42.648757 | K30: =+IFERROR(HLOOKUP($C30,'[2]7월'!$F$6:$CP$99,2,),)/1000 -> 25.238 | L30: =+K30-J30 -> -17.410757 | M30: =+IFERROR(HLOOKUP($C30,'[3]7월'!$F$6:$CC$57,2,),)/1000 -> 10.47 | N30: =+K30-M30 -> 14.768 | O30: =+IFERROR(HLOOKUP($B30,'[1]7월'!$D$6:$BN$259,3,),)/1000 -> 629.91451 | P30: =+IFERROR(HLOOKUP($C30,'[2]7월'!$F$6:$CP$99,3,),)/1000 -> 333.336 | Q30: =+P30-O30 -> -296.57851 | R30: =+IFERROR(HLOOKUP($C30,'[3]7월'!$F$6:$CC$57,3,),)/1000 -> 168.03 | S30: =+P30-R30 -> 165.306 | T30: =+IFERROR(HLOOKUP($B30,'[1]7월'!$D$6:$BN$259,21,),)/1000 -> 91.000835 | U30: =+IFERROR(HLOOKUP($C30,'[2]7월'!$F$6:$CP$99,21,),)/1000 -> 12.022306 | V30: =+U30-T30 -> -78.978529 | W30: =+IFERROR(HLOOKUP($C30,'[3]7월'!$F$6:$CC$57,21,),)/1000 -> -61.232674 | X30: =+U30-W30 -> 73.25498 | Y30: - 운반비 협상
B31: 부산크라샤 | C31: 부산크라샤 | G31: =+I31 -> 부산CR | I31: 부산CR | J31: =+IFERROR(HLOOKUP($B31,'[1]7월'!$D$6:$BN$259,2,),)/1000 -> 39.403208 | K31: =+IFERROR(HLOOKUP($C31,'[2]7월'!$F$6:$CP$99,2,),)/1000 -> 16.538 | L31: =+K31-J31 -> -22.865208 | M31: =+IFERROR(HLOOKUP($C31,'[3]7월'!$F$6:$CC$57,2,),)/1000 -> 35.515 | N31: =+K31-M31 -> -18.977 | O31: =+IFERROR(HLOOKUP($B31,'[1]7월'!$D$6:$BN$259,3,),)/1000 -> 672.27198 | P31: =+IFERROR(HLOOKUP($C31,'[2]7월'!$F$6:$CP$99,3,),)/1000 -> 330.019 | Q31: =+P31-O31 -> -342.25298 | R31: =+IFERROR(HLOOKUP($C31,'[3]7월'!$F$6:$CC$57,3,),)/1000 -> 648.4025 | S31: =+P31-R31 -> -318.3835 | T31: =+IFERROR(HLOOKUP($B31,'[1]7월'!$D$6:$BN$259,21,),)/1000 -> 72.157845 | U31: =+IFERROR(HLOOKUP($C31,'[2]7월'!$F$6:$CP$99,21,),)/1000 -> -136.92205 | V31: =+U31-T31 -> -209.0799 | W31: =+IFERROR(HLOOKUP($C31,'[3]7월'!$F$6:$CC$57,21,),)/1000 -> -113.70134 | X31: =+U31-W31 -> -23.220714 | Y31: 아산 : 3,600원/회(1년 계약)
H32: 골재 계 | J32: =SUM(J29:J31) -> 106.36044 | K32: =SUM(K29:K31) -> 65.769 | L32: =+K32-J32 -> -40.591441 | M32: =SUM(M29:M31) -> 60.962 | N32: =+K32-M32 -> 4.807 | O32: =SUM(O29:O31) -> 1964.7695 | P32: =SUM(P29:P31) -> 1337.6405 | Q32: =+P32-O32 -> -627.12897 | R32: =SUM(R29:R31) -> 1241.323 | S32: =+P32-R32 -> 96.3175 | T32: =SUM(T29:T31) -> 214.10673 | U32: =SUM(U29:U31) -> -97.274854 | V32: =+U32-T32 -> -311.38159 | W32: =SUM(W29:W31) -> -110.55667 | X32: =+U32-W32 -> 13.281816 | Y32: 원주 : 2,000원/회(1년 계약)
B33: 포항임대 | C33: 속초임대 | D33: 강릉임대 | E33: 레미콘임대 계 | G33: =+I33 -> 레미콘임대 | H33: 기타 | I33: 레미콘임대 | L33: =+K33-J33 -> 0 | N33: =+K33-M33 -> 0 | O33: =(IFERROR(HLOOKUP($B33,'[1]7월'!$D$6:$BN$259,3,),)++IFERROR(HLOOKUP($C33,'[1]7월'!$D$6:$BN$259,3,),)+IFERROR(HLOOKUP($D33,'[1]7월'!$D$6:$BN$259,3,),))/1000 -> 66.666667 | P33: =+IFERROR(HLOOKUP($E33,'[2]7월'!$F$6:$CP$99,3,),)/1000 -> 43.34 | Q33: =+P33-O33 -> -23.326667 | R33: =+IFERROR(HLOOKUP($E33,'[3]7월'!$F$6:$CC$57,3,),)/1000 -> 90.84 | S33: =+P33-R33 -> -47.5 | T33: =(IFERROR(HLOOKUP($B33,'[1]7월'!$D$6:$BN$259,21,),)++IFERROR(HLOOKUP($C33,'[1]7월'!$D$6:$BN$259,21,),)+IFERROR(HLOOKUP($D33,'[1]7월'!$D$6:$BN$259,21,),))/1000 -> 48.278888 | U33: =+IFERROR(HLOOKUP($E33,'[2]7월'!$F$6:$CP$99,16,),)/1000 -> 23.255776 | V33: =+U33-T33 -> -25.023112 | W33: =+IFERROR(HLOOKUP($E33,'[3]7월'!$F$6:$CC$57,16,),)/1000 -> 72.53547 | X33: =+U33-W33 -> -49.279694 | Y33: 대구 : 1,500원/회(1년 계약)
B34: 부동산임대 | C34: 주유소임대 | E34: 임대 계 | G34: =+I34 -> 임대 | I34: 임대 | L34: =+K34-J34 -> 0 | M34: 0 | N34: =+K34-M34 -> 0 | O34: =(+IFERROR(HLOOKUP($B34,'[1]7월'!$D$6:$BN$259,3,),)+IFERROR(HLOOKUP($C34,'[1]7월'!$D$6:$BN$259,3,),))/1000 -> 74.0915 | P34: =+IFERROR(HLOOKUP($E34,'[2]7월'!$F$6:$CP$99,3,),)/1000 -> 73.779592 | Q34: =+P34-O34 -> -0.311908 | R34: =+IFERROR(HLOOKUP($E34,'[3]7월'!$F$6:$CC$57,3,),)/1000 -> 72.793153 | S34: =+P34-R34 -> 0.986439 | T34: =(+IFERROR(HLOOKUP($B34,'[1]7월'!$D$6:$BN$259,21,),)+IFERROR(HLOOKUP($C34,'[1]7월'!$D$6:$BN$259,21,),))/1000 -> 63.941 | U34: =+IFERROR(HLOOKUP($E34,'[2]7월'!$F$6:$CP$99,16,),)/1000 -> 66.530123 | V34: =+U34-T34 -> 2.589123 | W34: =+IFERROR(HLOOKUP($E34,'[3]7월'!$F$6:$CC$57,16,),)/1000 -> 62.661397 | X34: =+U34-W34 -> 3.868726 | Y34: 군산 : 2,500원/회(2년 계약완료, 25년 2,500원, 26년 3,500원)
B35: 공 통 비 | G35: =+I35 -> 공통비 | I35: 공통비 | L35: =+K35-J35 -> 0 | N35: =+K35-M35 -> 0 | Q35: =+P35-O35 -> 0 | S35: =+P35-R35 -> 0 | T35: =-'[1]7월'!$Z$22/1000 -> -1373.93 | U35: =+-'[2]7월'!$Z$22/1000 -> -1353.2625 | V35: =+U35-T35 -> 20.667534 | W35: =+-'[3]7월'!$Z$22/1000 -> -1338.4279 | X35: =+U35-W35 -> -14.834581
G36: =+I36 -> OPC 소급분 | I36: OPC 소급분 | N36: =+K36-M36 -> 0 | Q36: =+P36-O36 -> 0 | S36: =+P36-R36 -> 0 | U36: ='[2]7월'!$BD$26/1000 -> 0 | V36: =+U36-T36 -> 0 | W36: =-'[3]7월'!$BD$26/1000 -> 0 | X36: =+U36-W36 -> 0
G37: =+I37 -> 대손 | I37: 대손 | N37: =+K37-M37 -> 0 | Q37: =+P37-O37 -> 0 | S37: =+P37-R37 -> 0 | U37: ='[2]7월'!$BE$26/1000 -> 0 | V37: =+U37-T37 -> 0 | W37: ='[3]7월'!$BE$26/1000 -> 0 | X37: =+U37-W37 -> 0
G38: =+I38 -> 미운영 공장 | I38: 미운영 공장 | M38: =SUM(M54:M59) -> 0 | N38: =+K38-M38 -> 0 | Q38: =+P38-O38 -> 0 | R38: =+IFERROR(HLOOKUP($I$38,'[3]7월'!$F$6:$BJ$50,3,),)/1000 -> 0 | S38: =+P38-R38 -> 0 | T38: =SUM('[1]7월'!$AM$26:$AQ$26)/1000 -> -32.543496 | U38: =+'[2]7월'!$BF$26/1000 -> -31.873744 | V38: =+U38-T38 -> 0.669752 | W38: =+'[3]7월'!$BF$26/1000 -> -34.386782 | X38: =+U38-W38 -> 2.513038
B39: 기타 계 | G39: =+I39 -> 퇴직위로금 | I39: 퇴직위로금 | U39: =+'[2]7월'!$BG$26/1000 -> 0 | V39: =+U39-T39 -> 0 | X39: =+U39-W39 -> 0
G40: =+I40 -> 기타 | I40: 기타 | L40: =+K40-J40 -> 0 | N40: =+K40-M40 -> 0 | O40: =IFERROR(HLOOKUP($B39,'[1]7월'!$D$6:$BN$259,3,),)/1000 -> 1.77 | P40: =+('[2]7월'!$F$8-SUM('[2]7월'!$Z$8,'[2]7월'!$AH$8,'[2]7월'!$AN$8,'[2]7월'!$AO$8,'[2]7월'!$BA$8,'[2]7월'!$BD$8,'[2]7월'!$BE$8,'[2]7월'!$BF$8))/1000 -> 1.6874 | Q40: =+P40-O40 -> -0.0826 | R40: =+('[3]7월'!$F$8-SUM('[3]7월'!$Z$8,'[3]7월'!$AH$8,'[3]7월'!$AN$8,'[3]7월'!$AO$8,'[3]7월'!$BA$8,'[3]7월'!$BD$8,'[3]7월'!$BE$8,'[3]7월'!$BF$8))/1000 -> 1.8162 | S40: =+P40-R40 -> -0.1288 | T40: =+('[1]7월'!$E$26-'[1]7월'!$Z$26-'[1]7월'!$AA$26-'[1]7월'!$AE$26-'[1]7월'!$AL$26-'[1]7월'!$AM$26-'[1]7월'!$AN$26-'[1]7월'!$AO$26-'[1]7월'!$AP$26-'[1]7월'!$AQ$26-'[1]7월'!$AS$26+'[1]7월'!$AS$26)/1000 -> -85.138375 | U40: =+('[2]7월'!$F$26-SUM('[2]7월'!$Z$26,'[2]7월'!$AH$26,'[2]7월'!$AN$26,'[2]7월'!$AO$26,'[2]7월'!$BA$26,'[2]7월'!$BD$26,'[2]7월'!$BE$26,'[2]7월'!$BF$26))/1000-U39 -> -15.378696 | V40: =+U40-T40 -> 69.759679 | W40: =+('[3]7월'!$F$26-SUM('[3]7월'!$Z$26,'[3]7월'!$AH$26,'[3]7월'!$AN$26,'[3]7월'!$AO$26,'[3]7월'!$BA$26,'[3]7월'!$BD$26,'[3]7월'!$BE$26,'[3]7월'!$BF$26))/1000 -> -16.756545 | X40: =+U40-W40 -> 1.377849
H41: 기타 계 | J41: =SUM(J33:J40) -> 0 | K41: =SUM(K33:K40) -> 0 | L41: =+K41-J41 -> 0 | M41: =SUM(M33:M40) -> 0 | N41: =+K41-M41 -> 0 | O41: =SUM(O33:O40) -> 142.52817 | P41: =SUM(P33:P40) -> 118.80699 | Q41: =+P41-O41 -> -23.721175 | R41: =SUM(R33:R40) -> 165.44935 | S41: =+P41-R41 -> -46.642361 | T41: =SUM(T33:T40) -> -1379.392 | U41: =SUM(U33:U40) -> -1310.729 | V41: =+U41-T41 -> 68.662976 | W41: =SUM(W33:W40) -> -1254.3743 | X41: =+U41-W41 -> -56.354662
U42: 19 | V42: 12.4
G43: =+P43/O43 -> 0.68320907 | H43: 합계 | O43: =+O27+O32+O28+O41 -> 45405.507 | P43: =+P27+P32+P28+P41 -> 31021.454 | Q43: =+P43-O43 -> -14384.053 | R43: =+R27+R32+R28+R41 -> 38860.654 | S43: =+P43-R43 -> -7839.2002 | T43: =+T27+T32+T28+T41 -> 2013.9293 | U43: =+U27+U32+U28+U41 -> -77.627447 | V43: =+U43-T43 -> -2091.5568 | W43: =+W27+W32+W28+W41 -> 1320.4969 | X43: =+U43-W43 -> -1398.1244
G44: =+U43/T43 -> -0.038545269 | P44: =+P43/O43 -> 0.68320907 | R44: =+P43/R43 -> 0.79827411 | T44: =+T43/O43 -> 0.044354296 | U44: =+U43/P43 -> -0.0025023794
F46: =+K28/M28 -> 0.60051714 | G46: =+K28/J28 -> 0.57769348 | I46: 확인 | J46: =+'[1]7월'!$Z$7/1000 -> 284 | K46: =+'[2]7월'!$AI$7/1000 -> 224.8465 | M46: =+'[3]7월'!$Z$7/1000 -> 256.6575 | O46: =+'[1]7월'!$E$8/1000 -> 45405.507 | P46: =+'[2]7월'!$F$8/1000 -> 31021.454 | R46: =+'[3]7월'!$F$8/1000 -> 38860.654 | T46: =+'[1]7월'!$E$26/1000 -> 2013.9293 | U46: =+'[2]7월'!$F$26/1000 -> -77.627447 | W46: =+'[3]7월'!$F$26/1000 -> 1320.4969
F47: =+K32/M32 -> 1.0788524 | G47: =+K32/J32 -> 0.6183596 | J47: =+J46-J27 -> 0 | K47: =+K46-K27 -> 0 | M47: =+M46-M27 -> 0 | O47: =+O46-O43 -> 0 | P47: =+P46-P43 -> 0 | R47: =+R46-R43 -> 0 | T47: =+T46-T43 -> -4.3200998e-12 | U47: =+U46-U43 -> 3.6948222e-13 | W47: =+W46-W43 -> 0
O49: =+O43-O28 -> 30711.355 | P49: =+P43-P28 -> 23666.588 | Q49: =+P49-O49 -> -7044.7671
O50: =+O49/100 -> 307.11355 | P50: =+P49/100 -> 236.66588 | Q50: =+P50-O50 -> -70.447671 | S50: 레미콘 | T50: =(+T27+T35)/100 -> 15.31756 | U50: =(+U27+U35)/100 -> 0.2393684 | V50: =+U50-T50 -> -15.078192 | W50: =+U50/T50-1 -> -0.98437294
Q51: =+P50/O50 -> 0.7706136 | S51: 골재 | T51: =+T32/100 -> 2.1410673 | U51: =+U32/100 -> -0.97274854 | V51: =+U51-T51 -> -3.1138159
S52: 임대 | T52: =(T33+T34)/100 -> 1.1221989 | U52: =(U33+U34)/100 -> 0.89785899 | V52: =+U52-T52 -> -0.22433989
S53: 기타 | T53: =((T46-T28)/100)-T50-T51-T52 -> -1.1768187 | U53: =((U46-U28)/100)-U50-U51-U52 -> -0.4725244 | V53: =+U53-T53 -> 0.70429431
T54: =SUM(T52:T53) -> -0.054619833 | U54: =SUM(U52:U53) -> 0.42533459 | V54: =SUM(V52:V53) -> 0.47995442
T55: =SUM(T50:T53) -> 17.404007 | U55: =SUM(U50:U53) -> -0.30804555 | V55: =+U55-T55 -> -17.712053
S58: 임대 | T58: =+(T33+T34)/100 -> 1.1221989 | U58: =+(U33+U34)/100 -> 0.89785899 | V58: =+U58-T58 -> -0.22433989
S59: =+I36 -> OPC 소급분 | T59: =+T36/100 -> 0 | U59: =+U36/100 -> 0 | V59: =+U59-T59 -> 0
S60: =+I37 -> 대손 | T60: =+T37/100 -> 0 | U60: =+U37/100 -> 0 | V60: =+U60-T60 -> 0
S61: =+I38 -> 미운영 공장 | T61: =+T38/100 -> -0.32543496 | U61: =+U38/100 -> -0.31873744 | V61: =+U61-T61 -> 0.00669752
S62: =+I40 -> 기타 | T62: =+T40/100 -> -0.85138375 | U62: =+U40/100 -> -0.15378696 | V62: =+U62-T62 -> 0.69759679
T63: =SUM(T58:T62) -> -0.054619833 | U63: =SUM(U58:U62) -> 0.42533459 | V63: =SUM(V58:V62) -> 0.47995442
T66: =SUM(T33:T34,T36,T38:T40) -> -5.4619833 | U66: =SUM(U33:U34,U36,U38:U40) -> 42.533459 | V66: =+U66-T66 -> 47.995442
T68: =+T43-T28 -> 1740.4007 | U68: =+U43-U28 -> -30.804555
T69: =+T68/100 -> 17.404007 | U69: =+U68/100 -> -0.30804555 | V69: =+U69-T69 -> -17.712053

Sheet 사업장별(누계)
H3: □ 사업장별 손익실적(2025-07누계)
AG4: [단위 : 천㎥, 톤, 백만원]
H5: 구분 | J5: 물량 | O5: 매출 | T5: 영업이익(공통비 배부전) | Y5: 판매단가 | AB5: 변동비 | AE5: 공헌이익
A6: 2024년 7월누계 마감 손익 | J6: 계획 | K6: 실적 | L6: 차이 | M6: 전년 | N6: 차이 | O6: 계획 | P6: 실적 | Q6: 차이 | R6: 전년 | S6: 차이 | T6: 계획 | U6: 실적 | V6: 차이 | W6: 전년 | X6: 차이 | Y6: 계획 | Z6: 실적 | AA6: 전년 | AB6: 계획 | AC6: 실적 | AD6: 전년 | AE6: 계획 | AF6: 실적 | AG6: 전년
B7: 안양 | G7: =+I7 -> 안양 | H7: 레미콘 | I7: 안양 | J7: =+IFERROR(HLOOKUP($B7,'[1]7월누계'!$D$6:$BN$259,2,),)/1000 -> 262 | K7: =+IFERROR(HLOOKUP($B7,'[2]7월누계'!$F$6:$CP$99,2,),)/1000 -> 238.107 | L7: =+K7-J7 -> -23.893 | M7: =+IFERROR(HLOOKUP($B7,'[3]7월누계'!$F$6:$CC$57,2,),)/1000 -> 276.832 | N7: =+K7-M7 -> -38.725 | O7: =+IFERROR(HLOOKUP($B7,'[1]7월누계'!$D$6:$BN$259,3,),)/1000 -> 25720.807 | P7: =+IFERROR(HLOOKUP($B7,'[2]7월누계'!$F$6:$CP$99,3,),)/1000 -> 22856.8 | Q7: =+P7-O7 -> -2864.0071 | R7: =+IFERROR(HLOOKUP($B7,'[3]7월누계'!$F$6:$CC$57,3,),)/1000 -> 27548.945 | S7: =+P7-R7 -> -4692.1445 | T7: =+IFERROR(HLOOKUP($B7,'[1]7월누계'!$D$6:$BN$259,16,),)/1000 -> 2065.5085 | U7: =+IFERROR(HLOOKUP($B7,'[2]7월누계'!$F$6:$CP$99,16,),)/1000 -> 1602.4604 | V7: =+U7-T7 -> -463.04812 | W7: =+IFERROR(HLOOKUP($B7,'[3]7월누계'!$F$6:$CC$57,16,),)/1000 -> 2836.6772 | X7: =+U7-W7 -> -1234.2168 | Y7: =+[12]안양!$Q$85 -> 98171.02 | Z7: =+[12]안양!$R$85 -> 95976.652 | AA7: =+[13]안양!$Q$85 -> 99509.44 | AB7: =+[12]안양!$Q$89 -> 81855.034 | AC7: =+[12]안양!$R$89 -> 79900.868 | AD7: =+[13]안양!$Q$89 -> 81474.35 | AE7: =+Y7-AB7 -> 16315.986 | AF7: =+Z7-AC7 -> 16075.785 | AG7: =+AA7-AD7 -> 18035.089
B8: 인천 | G8: =+I8 -> 인천 | H8: 직영 | I8: 인천 | J8: =+IFERROR(HLOOKUP($B8,'[1]7월누계'!$D$6:$BN$259,2,),)/1000 -> 192 | K8: =+IFERROR(HLOOKUP($B8,'[2]7월누계'!$F$6:$CP$99,2,),)/1000 -> 192.278 | L8: =+K8-J8 -> 0.278 | M8: =+IFERROR(HLOOKUP($B8,'[3]7월누계'!$F$6:$CC$57,2,),)/1000 -> 198.784 | N8: =+K8-M8 -> -6.506 | O8: =+IFERROR(HLOOKUP($B8,'[1]7월누계'!$D$6:$BN$259,3,),)/1000 -> 18797.024 | P8: =+IFERROR(HLOOKUP($B8,'[2]7월누계'!$F$6:$CP$99,3,),)/1000 -> 18805.492 | Q8: =+P8-O8 -> 8.4681561 | R8: =+IFERROR(HLOOKUP($B8,'[3]7월누계'!$F$6:$CC$57,3,),)/1000 -> 19919.822 | S8: =+P8-R8 -> -1114.3298 | T8: =+IFERROR(HLOOKUP($B8,'[1]7월누계'!$D$6:$BN$259,16,),)/1000 -> 704.44751 | U8: =+IFERROR(HLOOKUP($B8,'[2]7월누계'!$F$6:$CP$99,16,),)/1000 -> 384.92254 | V8: =+U8-T8 -> -319.52497 | W8: =+IFERROR(HLOOKUP($B8,'[3]7월누계'!$F$6:$CC$57,16,),)/1000 -> 1595.2455 | X8: =+U8-W8 -> -1210.3229 | Y8: =+[12]인천!$Q$85 -> 97901.166 | Z8: =+[12]인천!$R$85 -> 97861.93 | AA8: =+[13]인천!$Q$85 -> 100212.69 | AB8: =+[12]인천!$Q$89 -> 82953.62 | AC8: =+[12]인천!$R$89 -> 84274.322 | AD8: =+[13]인천!$Q$89 -> 82061.112 | AE8: =+Y8-AB8 -> 14947.546 | AF8: =+Z8-AC8 -> 13587.608 | AG8: =+AA8-AD8 -> 18151.578
B9: 파주 | G9: =+I9 -> 파주 | I9: 파주 | J9: =+IFERROR(HLOOKUP($B9,'[1]7월누계'!$D$6:$BN$259,2,),)/1000 -> 139 | K9: =+IFERROR(HLOOKUP($B9,'[2]7월누계'!$F$6:$CP$99,2,),)/1000 -> 83.38 | L9: =+K9-J9 -> -55.62 | M9: =+IFERROR(HLOOKUP($B9,'[3]7월누계'!$F$6:$CC$57,2,),)/1000 -> 179.2342 | N9: =+K9-M9 -> -95.8542 | O9: =+IFERROR(HLOOKUP($B9,'[1]7월누계'!$D$6:$BN$259,3,),)/1000 -> 13405.925 | P9: =+IFERROR(HLOOKUP($B9,'[2]7월누계'!$F$6:$CP$99,3,),)/1000 -> 7735.3402 | Q9: =+P9-O9 -> -5670.5846 | R9: =+IFERROR(HLOOKUP($B9,'[3]7월누계'!$F$6:$CC$57,3,),)/1000 -> 17607.835 | S9: =+P9-R9 -> -9872.4951 | T9: =+IFERROR(HLOOKUP($B9,'[1]7월누계'!$D$6:$BN$259,16,),)/1000 -> 637.7155 | U9: =+IFERROR(HLOOKUP($B9,'[2]7월누계'!$F$6:$CP$99,16,),)/1000 -> -311.44205 | V9: =+U9-T9 -> -949.15755 | W9: =+IFERROR(HLOOKUP($B9,'[3]7월누계'!$F$6:$CC$57,16,),)/1000 -> 1402.3446 | X9: =+U9-W9 -> -1713.7867 | Y9: =+[12]파주!$Q$85 -> 96445.503 | Z9: =+[12]파주!$R$85 -> 92821.253 | AA9: =+[13]파주!$Q$85 -> 98269.313 | AB9: =+[12]파주!$Q$89 -> 79769.978 | AC9: =+[12]파주!$R$89 -> 78082.604 | AD9: =+[13]파주!$Q$89 -> 81410.232 | AE9: =+Y9-AB9 -> 16675.525 | AF9: =+Z9-AC9 -> 14738.65 | AG9: =+AA9-AD9 -> 16859.082
B10: 김포 | G10: =+I10 -> 김포 | I10: 김포 | J10: =+IFERROR(HLOOKUP($B10,'[1]7월누계'!$D$6:$BN$259,2,),)/1000 -> 95 | K10: =+IFERROR(HLOOKUP($B10,'[2]7월누계'!$F$6:$CP$99,2,),)/1000 -> 69.554 | L10: =+K10-J10 -> -25.446 | M10: =+IFERROR(HLOOKUP($B10,'[3]7월누계'!$F$6:$CC$57,2,),)/1000 -> 82.2805 | N10: =+K10-M10 -> -12.7265 | O10: =+IFERROR(HLOOKUP($B10,'[1]7월누계'!$D$6:$BN$259,3,),)/1000 -> 9018.9341 | P10: =+IFERROR(HLOOKUP($B10,'[2]7월누계'!$F$6:$CP$99,3,),)/1000 -> 6657.3694 | Q10: =+P10-O10 -> -2361.5647 | R10: =+IFERROR(HLOOKUP($B10,'[3]7월누계'!$F$6:$CC$57,3,),)/1000 -> 8108.7848 | S10: =+P10-R10 -> -1451.4154 | T10: =+IFERROR(HLOOKUP($B10,'[1]7월누계'!$D$6:$BN$259,16,),)/1000 -> 550.53059 | U10: =+IFERROR(HLOOKUP($B10,'[2]7월누계'!$F$6:$CP$99,16,),)/1000 -> 16.401495 | V10: =+U10-T10 -> -534.1291 | W10: =+IFERROR(HLOOKUP($B10,'[3]7월누계'!$F$6:$CC$57,16,),)/1000 -> 763.64576 | X10: =+U10-W10 -> -747.24426 | Y10: =+[12]김포!$Q$85 -> 94936.149 | Z10: =+[12]김포!$R$85 -> 95769.731 | AA10: =+[13]김포!$Q$85 -> 98569.378 | AB10: =+[12]김포!$Q$89 -> 76178.317 | AC10: =+[12]김포!$R$89 -> 78006.543 | AD10: =+[13]김포!$Q$89 -> 75733.317 | AE10: =+Y10-AB10 -> 18757.832 | AF10: =+Z10-AC10 -> 17763.188 | AG10: =+AA10-AD10 -> 22836.061
B11: 부산 | G11: =+I11 -> 부산 | I11: 부산 | J11: =+IFERROR(HLOOKUP($B11,'[1]7월누계'!$D$6:$BN$259,2,),)/1000 -> 140 | K11: =+IFERROR(HLOOKUP($B11,'[2]7월누계'!$F$6:$CP$99,2,),)/1000 -> 138.107 | L11: =+K11-J11 -> -1.893 | M11: =+IFERROR(HLOOKUP($B11,'[3]7월누계'!$F$6:$CC$57,2,),)/1000 -> 149.3065 | N11: =+K11-M11 -> -11.1995 | O11: =+IFERROR(HLOOKUP($B11,'[1]7월누계'!$D$6:$BN$259,3,),)/1000 -> 15077.994 | P11: =+IFERROR(HLOOKUP($B11,'[2]7월누계'!$F$6:$CP$99,3,),)/1000 -> 14905.965 | Q11: =+P11-O11 -> -172.02952 | R11: =+IFERROR(HLOOKUP($B11,'[3]7월누계'!$F$6:$CC$57,3,),)/1000 -> 15984.323 | S11: =+P11-R11 -> -1078.358 | T11: =+IFERROR(HLOOKUP($B11,'[1]7월누계'!$D$6:$BN$259,16,),)/1000 -> 1270.7247 | U11: =+IFERROR(HLOOKUP($B11,'[2]7월누계'!$F$6:$CP$99,16,),)/1000 -> 1469.7138 | V11: =+U11-T11 -> 198.98914 | W11: =+IFERROR(HLOOKUP($B11,'[3]7월누계'!$F$6:$CC$57,16,),)/1000 -> 1711.0912 | X11: =+U11-W11 -> -241.37739 | Y11: =+[12]부산!$Q$85 -> 107699.96 | Z11: =+[12]부산!$R$85 -> 107930.55 | AA11: =+[13]부산!$Q$85 -> 107057.11 | AB11: =+[12]부산!$Q$89 -> 84790.768 | AC11: =+[12]부산!$R$89 -> 84408.626 | AD11: =+[13]부산!$Q$89 -> 83555.495 | AE11: =+Y11-AB11 -> 22909.191 | AF11: =+Z11-AC11 -> 23521.926 | AG11: =+AA11-AD11 -> 23501.618
B12: 서부산 | G12: =+I12 -> 서부산 | I12: 서부산 | J12: =+IFERROR(HLOOKUP($B12,'[1]7월누계'!$D$6:$BN$259,2,),)/1000 -> 137 | K12: =+IFERROR(HLOOKUP($B12,'[2]7월누계'!$F$6:$CP$99,2,),)/1000 -> 114.501 | L12: =+K12-J12 -> -22.499 | M12: =+IFERROR(HLOOKUP($B12,'[3]7월누계'!$F$6:$CC$57,2,),)/1000 -> 156.642 | N12: =+K12-M12 -> -42.141 | O12: =+IFERROR(HLOOKUP($B12,'[1]7월누계'!$D$6:$BN$259,3,),)/1000 -> 13604.104 | P12: =+IFERROR(HLOOKUP($B12,'[2]7월누계'!$F$6:$CP$99,3,),)/1000 -> 11209.827 | Q12: =+P12-O12 -> -2394.2771 | R12: =+IFERROR(HLOOKUP($B12,'[3]7월누계'!$F$6:$CC$57,3,),)/1000 -> 15865.3 | S12: =+P12-R12 -> -4655.4733 | T12: =+IFERROR(HLOOKUP($B12,'[1]7월누계'!$D$6:$BN$259,16,),)/1000 -> 1218.2429 | U12: =+IFERROR(HLOOKUP($B12,'[2]7월누계'!$F$6:$CP$99,16,),)/1000 -> 735.26145 | V12: =+U12-T12 -> -482.98147 | W12: =+IFERROR(HLOOKUP($B12,'[3]7월누계'!$F$6:$CC$57,16,),)/1000 -> 1886.5928 | X12: =+U12-W12 -> -1151.3314 | Y12: =+[12]서부산!$Q$85 -> 99300.031 | Z12: =+[12]서부산!$R$85 -> 97959.792 | AA12: =+[13]서부산!$Q$85 -> 101283.39 | AB12: =+[12]서부산!$Q$89 -> 78366.732 | AC12: =+[12]서부산!$R$89 -> 77494.779 | AD12: =+[13]서부산!$Q$89 -> 79088.307 | AE12: =+Y12-AB12 -> 20933.299 | AF12: =+Z12-AC12 -> 20465.013 | AG12: =+AA12-AD12 -> 22195.087
B13: 김해 | G13: =+I13 -> 김해 | I13: 김해 | J13: =+IFERROR(HLOOKUP($B13,'[1]7월누계'!$D$6:$BN$259,2,),)/1000 -> 95 | K13: =+IFERROR(HLOOKUP($B13,'[2]7월누계'!$F$6:$CP$99,2,),)/1000 -> 62.116 | L13: =+K13-J13 -> -32.884 | M13: =+IFERROR(HLOOKUP($B13,'[3]7월누계'!$F$6:$CC$57,2,),)/1000 -> 91.09 | N13: =+K13-M13 -> -28.974 | O13: =+IFERROR(HLOOKUP($B13,'[1]7월누계'!$D$6:$BN$259,3,),)/1000 -> 9148.4915 | P13: =+IFERROR(HLOOKUP($B13,'[2]7월누계'!$F$6:$CP$99,3,),)/1000 -> 5574.2964 | Q13: =+P13-O13 -> -3574.1951 | R13: =+IFERROR(HLOOKUP($B13,'[3]7월누계'!$F$6:$CC$57,3,),)/1000 -> 8849.638 | S13: =+P13-R13 -> -3275.3416 | T13: =+IFERROR(HLOOKUP($B13,'[1]7월누계'!$D$6:$BN$259,16,),)/1000 -> 784.88632 | U13: =+IFERROR(HLOOKUP($B13,'[2]7월누계'!$F$6:$CP$99,16,),)/1000 -> -177.90697 | V13: =+U13-T13 -> -962.79328 | W13: =+IFERROR(HLOOKUP($B13,'[3]7월누계'!$F$6:$CC$57,16,),)/1000 -> 582.39447 | X13: =+U13-W13 -> -760.30144 | Y13: =+[12]김해!$Q$85 -> 96299.911 | Z13: =+[12]김해!$R$85 -> 89711.732 | AA13: =+[13]김해!$Q$85 -> 97228.123 | AB13: =+[12]김해!$Q$89 -> 76562.794 | AC13: =+[12]김해!$R$89 -> 76181.251 | AD13: =+[13]김해!$Q$89 -> 79599.415 | AE13: =+Y13-AB13 -> 19737.117 | AF13: =+Z13-AC13 -> 13530.481 | AG13: =+AA13-AD13 -> 17628.708
B14: 정관 | G14: =+I14 -> 정관 | I14: 정관 | J14: =+IFERROR(HLOOKUP($B14,'[1]7월누계'!$D$6:$BN$259,2,),)/1000 -> 133 | K14: =+IFERROR(HLOOKUP($B14,'[2]7월누계'!$F$6:$CP$99,2,),)/1000 -> 150.3365 | L14: =+K14-J14 -> 17.3365 | M14: =+IFERROR(HLOOKUP($B14,'[3]7월누계'!$F$6:$CC$57,2,),)/1000 -> 139.6315 | N14: =+K14-M14 -> 10.705 | O14: =+IFERROR(HLOOKUP($B14,'[1]7월누계'!$D$6:$BN$259,3,),)/1000 -> 13565.975 | P14: =+IFERROR(HLOOKUP($B14,'[2]7월누계'!$F$6:$CP$99,3,),)/1000 -> 15024.61 | Q14: =+P14-O14 -> 1458.6345 | R14: =+IFERROR(HLOOKUP($B14,'[3]7월누계'!$F$6:$CC$57,3,),)/1000 -> 14219.548 | S14: =+P14-R14 -> 805.06232 | T14: =+IFERROR(HLOOKUP($B14,'[1]7월누계'!$D$6:$BN$259,16,),)/1000 -> 1103.5651 | U14: =+IFERROR(HLOOKUP($B14,'[2]7월누계'!$F$6:$CP$99,16,),)/1000 -> 1306.7956 | V14: =+U14-T14 -> 203.23058 | W14: =+IFERROR(HLOOKUP($B14,'[3]7월누계'!$F$6:$CC$57,16,),)/1000 -> 1378.9305 | X14: =+U14-W14 -> -72.134852 | Y14: =+[12]정관!$Q$85 -> 101999.82 | Z14: =+[12]정관!$R$85 -> 99962.445 | AA14: =+[13]정관!$Q$85 -> 101836.25 | AB14: =+[12]정관!$Q$89 -> 82131.322 | AC14: =+[12]정관!$R$89 -> 81907.244 | AD14: =+[13]정관!$Q$89 -> 81998.953 | AE14: =+Y14-AB14 -> 19868.493 | AF14: =+Z14-AC14 -> 18055.201 | AG14: =+AA14-AD14 -> 19837.292
B15: 양산 | G15: =+I15 -> 양산 | I15: 양산 | J15: =+IFERROR(HLOOKUP($B15,'[1]7월누계'!$D$6:$BN$259,2,),)/1000 -> 78 | K15: =+IFERROR(HLOOKUP($B15,'[2]7월누계'!$F$6:$CP$99,2,),)/1000 -> 54.306 | L15: =+K15-J15 -> -23.694 | M15: =+IFERROR(HLOOKUP($B15,'[3]7월누계'!$F$6:$CC$57,2,),)/1000 -> 87.415 | N15: =+K15-M15 -> -33.109 | O15: =+IFERROR(HLOOKUP($B15,'[1]7월누계'!$D$6:$BN$259,3,),)/1000 -> 7378.5685 | P15: =+IFERROR(HLOOKUP($B15,'[2]7월누계'!$F$6:$CP$99,3,),)/1000 -> 5038.7787 | Q15: =+P15-O15 -> -2339.7898 | R15: =+IFERROR(HLOOKUP($B15,'[3]7월누계'!$F$6:$CC$57,3,),)/1000 -> 8177.3909 | S15: =+P15-R15 -> -3138.6122 | T15: =+IFERROR(HLOOKUP($B15,'[1]7월누계'!$D$6:$BN$259,16,),)/1000 -> 578.70763 | U15: =+IFERROR(HLOOKUP($B15,'[2]7월누계'!$F$6:$CP$99,16,),)/1000 -> 64.879329 | V15: =+U15-T15 -> -513.82831 | W15: =+IFERROR(HLOOKUP($B15,'[3]7월누계'!$F$6:$CC$57,16,),)/1000 -> 779.48405 | X15: =+U15-W15 -> -714.60472 | Y15: =+[12]양산!$Q$85 -> 94597.032 | Z15: =+[12]양산!$R$85 -> 92764.956 | AA15: =+[13]양산!$Q$85 -> 93546.77 | AB15: =+[12]양산!$Q$89 -> 73961.916 | AC15: =+[12]양산!$R$89 -> 73007.349 | AD15: =+[13]양산!$Q$89 -> 73438.275 | AE15: =+Y15-AB15 -> 20635.116 | AF15: =+Z15-AC15 -> 19757.607 | AG15: =+AA15-AD15 -> 20108.495
B16: 창원 | G16: =+I16 -> 창원 | I16: 창원 | J16: =+IFERROR(HLOOKUP($B16,'[1]7월누계'!$D$6:$BN$259,2,),)/1000 -> 78 | K16: =+IFERROR(HLOOKUP($B16,'[2]7월누계'!$F$6:$CP$99,2,),)/1000 -> 71.033 | L16: =+K16-J16 -> -6.967 | M16: =+IFERROR(HLOOKUP($B16,'[3]7월누계'!$F$6:$CC$57,2,),)/1000 -> 124.7725 | N16: =+K16-M16 -> -53.7395 | O16: =+IFERROR(HLOOKUP($B16,'[1]7월누계'!$D$6:$BN$259,3,),)/1000 -> 7846.6192 | P16: =+IFERROR(HLOOKUP($B16,'[2]7월누계'!$F$6:$CP$99,3,),)/1000 -> 6841.1363 | Q16: =+P16-O16 -> -1005.4829 | R16: =+IFERROR(HLOOKUP($B16,'[3]7월누계'!$F$6:$CC$57,3,),)/1000 -> 12662.827 | S16: =+P16-R16 -> -5821.6905 | T16: =+IFERROR(HLOOKUP($B16,'[1]7월누계'!$D$6:$BN$259,16,),)/1000 -> 558.67486 | U16: =+IFERROR(HLOOKUP($B16,'[2]7월누계'!$F$6:$CP$99,16,),)/1000 -> 355.4101 | V16: =+U16-T16 -> -203.26476 | W16: =+IFERROR(HLOOKUP($B16,'[3]7월누계'!$F$6:$CC$57,16,),)/1000 -> 1957.3988 | X16: =+U16-W16 -> -1601.9887 | Y16: =+[12]창원!$Q$85 -> 100597.68 | Z16: =+[12]창원!$R$85 -> 96309.269 | AA16: =+[13]창원!$Q$85 -> 101487.32 | AB16: =+[12]창원!$Q$89 -> 76020.971 | AC16: =+[12]창원!$R$89 -> 73440.249 | AD16: =+[13]창원!$Q$89 -> 74881.717 | AE16: =+Y16-AB16 -> 24576.711 | AF16: =+Z16-AC16 -> 22869.02 | AG16: =+AA16-AD16 -> 26605.605
B17: 대구 | G17: =+I17 -> 대구 | I17: 대구 | J17: =+IFERROR(HLOOKUP($B17,'[1]7월누계'!$D$6:$BN$259,2,),)/1000 -> 84.5 | K17: =+IFERROR(HLOOKUP($B17,'[2]7월누계'!$F$6:$CP$99,2,),)/1000 -> 68.0575 | L17: =+K17-J17 -> -16.4425 | M17: =+IFERROR(HLOOKUP($B17,'[3]7월누계'!$F$6:$CC$57,2,),)/1000 -> 111.4255 | N17: =+K17-M17 -> -43.368 | O17: =+IFERROR(HLOOKUP($B17,'[1]7월누계'!$D$6:$BN$259,3,),)/1000 -> 8221.2941 | P17: =+IFERROR(HLOOKUP($B17,'[2]7월누계'!$F$6:$CP$99,3,),)/1000 -> 6100.9939 | Q17: =+P17-O17 -> -2120.3002 | R17: =+IFERROR(HLOOKUP($B17,'[3]7월누계'!$F$6:$CC$57,3,),)/1000 -> 11332.807 | S17: =+P17-R17 -> -5231.8135 | T17: =+IFERROR(HLOOKUP($B17,'[1]7월누계'!$D$6:$BN$259,16,),)/1000 -> 735.34917 | U17: =+IFERROR(HLOOKUP($B17,'[2]7월누계'!$F$6:$CP$99,16,),)/1000 -> 28.19565 | V17: =+U17-T17 -> -707.15352 | W17: =+IFERROR(HLOOKUP($B17,'[3]7월누계'!$F$6:$CC$57,16,),)/1000 -> 1772.8996 | X17: =+U17-W17 -> -1744.704 | Y17: =+[12]대구!$Q$85 -> 97293.421 | Z17: =+[12]대구!$R$85 -> 89644.697 | AA17: =+[13]대구!$Q$85 -> 101707.49 | AB17: =+[12]대구!$Q$89 -> 73217.913 | AC17: =+[12]대구!$R$89 -> 73230.4 | AD17: =+[13]대구!$Q$89 -> 74973.944 | AE17: =+Y17-AB17 -> 24075.508 | AF17: =+Z17-AC17 -> 16414.296 | AG17: =+AA17-AD17 -> 26733.541
B18: 울산 | G18: =+I18 -> 울산 | I18: 울산 | J18: =+IFERROR(HLOOKUP($B18,'[1]7월누계'!$D$6:$BN$259,2,),)/1000 -> 81 | K18: =+IFERROR(HLOOKUP($B18,'[2]7월누계'!$F$6:$CP$99,2,),)/1000 -> 77.6865 | L18: =+K18-J18 -> -3.3135 | M18: =+IFERROR(HLOOKUP($B18,'[3]7월누계'!$F$6:$CC$57,2,),)/1000 -> 69.923 | N18: =+K18-M18 -> 7.7635 | O18: =+IFERROR(HLOOKUP($B18,'[1]7월누계'!$D$6:$BN$259,3,),)/1000 -> 8240.253 | P18: =+IFERROR(HLOOKUP($B18,'[2]7월누계'!$F$6:$CP$99,3,),)/1000 -> 8075.6105 | Q18: =+P18-O18 -> -164.64253 | R18: =+IFERROR(HLOOKUP($B18,'[3]7월누계'!$F$6:$CC$57,3,),)/1000 -> 7317.6605 | S18: =+P18-R18 -> 757.94998 | T18: =+IFERROR(HLOOKUP($B18,'[1]7월누계'!$D$6:$BN$259,16,),)/1000 -> 531.55383 | U18: =+IFERROR(HLOOKUP($B18,'[2]7월누계'!$F$6:$CP$99,16,),)/1000 -> 660.11772 | V18: =+U18-T18 -> 128.56389 | W18: =+IFERROR(HLOOKUP($B18,'[3]7월누계'!$F$6:$CC$57,16,),)/1000 -> 796.80486 | X18: =+U18-W18 -> -136.68714 | Y18: =+[12]울산!$Q$85 -> 101731.52 | Z18: =+[12]울산!$R$85 -> 103951.27 | AA18: =+[13]울산!$Q$85 -> 104653.13 | AB18: =+[12]울산!$Q$89 -> 81874.693 | AC18: =+[12]울산!$R$89 -> 82405.224 | AD18: =+[13]울산!$Q$89 -> 80632.856 | AE18: =+Y18-AB18 -> 19856.825 | AF18: =+Z18-AC18 -> 21546.048 | AG18: =+AA18-AD18 -> 24020.27
B19: 아산 | G19: =+I19 -> 아산 | I19: 아산 | J19: =+IFERROR(HLOOKUP($B19,'[1]7월누계'!$D$6:$BN$259,2,),)/1000 -> 151 | K19: =+IFERROR(HLOOKUP($B19,'[2]7월누계'!$F$6:$CP$99,2,),)/1000 -> 146.821 | L19: =+K19-J19 -> -4.179 | M19: =+IFERROR(HLOOKUP($B19,'[3]7월누계'!$F$6:$CC$57,2,),)/1000 -> 185.816 | N19: =+K19-M19 -> -38.995 | O19: =+IFERROR(HLOOKUP($B19,'[1]7월누계'!$D$6:$BN$259,3,),)/1000 -> 15553 | P19: =+IFERROR(HLOOKUP($B19,'[2]7월누계'!$F$6:$CP$99,3,),)/1000 -> 14259.442 | Q19: =+P19-O19 -> -1293.5583 | R19: =+IFERROR(HLOOKUP($B19,'[3]7월누계'!$F$6:$CC$57,3,),)/1000 -> 18926.449 | S19: =+P19-R19 -> -4667.0072 | T19: =+IFERROR(HLOOKUP($B19,'[1]7월누계'!$D$6:$BN$259,16,),)/1000 -> 1882.5375 | U19: =+IFERROR(HLOOKUP($B19,'[2]7월누계'!$F$6:$CP$99,16,),)/1000 -> 666.61313 | V19: =+U19-T19 -> -1215.9244 | W19: =+IFERROR(HLOOKUP($B19,'[3]7월누계'!$F$6:$CC$57,16,),)/1000 -> 2712.6966 | X19: =+U19-W19 -> -2046.0835 | Y19: =+[12]아산!$Q$85 -> 103000 | Z19: =+[12]아산!$R$85 -> 97106.768 | AA19: =+[13]아산!$Q$85 -> 101804.27 | AB19: =+[12]아산!$Q$89 -> 78668.323 | AC19: =+[12]아산!$R$89 -> 81135.814 | AD19: =+[13]아산!$Q$89 -> 77661.375 | AE19: =+Y19-AB19 -> 24331.677 | AF19: =+Z19-AC19 -> 15970.954 | AG19: =+AA19-AD19 -> 24142.896
B20: 전주 | G20: =+I20 -> 전주 | I20: 전주 | J20: =+IFERROR(HLOOKUP($B20,'[1]7월누계'!$D$6:$BN$259,2,),)/1000 -> 71 | K20: =+IFERROR(HLOOKUP($B20,'[2]7월누계'!$F$6:$CP$99,2,),)/1000 -> 91.2065 | L20: =+K20-J20 -> 20.2065 | M20: =+IFERROR(HLOOKUP($B20,'[3]7월누계'!$F$6:$CC$57,2,),)/1000 -> 55.9975 | N20: =+K20-M20 -> 35.209 | O20: =+IFERROR(HLOOKUP($B20,'[1]7월누계'!$D$6:$BN$259,3,),)/1000 -> 6924.3764 | P20: =+IFERROR(HLOOKUP($B20,'[2]7월누계'!$F$6:$CP$99,3,),)/1000 -> 8844.4752 | Q20: =+P20-O20 -> 1920.0988 | R20: =+IFERROR(HLOOKUP($B20,'[3]7월누계'!$F$6:$CC$57,3,),)/1000 -> 5359.4033 | S20: =+P20-R20 -> 3485.0719 | T20: =+IFERROR(HLOOKUP($B20,'[1]7월누계'!$D$6:$BN$259,16,),)/1000 -> 637.29266 | U20: =+IFERROR(HLOOKUP($B20,'[2]7월누계'!$F$6:$CP$99,16,),)/1000 -> 911.32921 | V20: =+U20-T20 -> 274.03655 | W20: =+IFERROR(HLOOKUP($B20,'[3]7월누계'!$F$6:$CC$57,16,),)/1000 -> 333.61023 | X20: =+U20-W20 -> 577.71898 | Y20: =+[12]전주!$Q$85 -> 97526.428 | Z20: =+[12]전주!$R$85 -> 96971.677 | AA20: =+[13]전주!$Q$85 -> 95709.774 | AB20: =+[12]전주!$Q$89 -> 73238.501 | AC20: =+[12]전주!$R$89 -> 75190.545 | AD20: =+[13]전주!$Q$89 -> 71276.829 | AE20: =+Y20-AB20 -> 24287.927 | AF20: =+Z20-AC20 -> 21781.132 | AG20: =+AA20-AD20 -> 24432.944
B21: 군산 | G21: =+I21 -> 군산 | I21: 군산 | J21: =+IFERROR(HLOOKUP($B21,'[1]7월누계'!$D$6:$BN$259,2,),)/1000 -> 46.5 | K21: =+IFERROR(HLOOKUP($B21,'[2]7월누계'!$F$6:$CP$99,2,),)/1000 -> 35.736 | L21: =+K21-J21 -> -10.764 | M21: =+IFERROR(HLOOKUP($B21,'[3]7월누계'!$F$6:$CC$57,2,),)/1000 -> 61.267 | N21: =+K21-M21 -> -25.531 | O21: =+IFERROR(HLOOKUP($B21,'[1]7월누계'!$D$6:$BN$259,3,),)/1000 -> 5149.9861 | P21: =+IFERROR(HLOOKUP($B21,'[2]7월누계'!$F$6:$CP$99,3,),)/1000 -> 3928.6104 | Q21: =+P21-O21 -> -1221.3758 | R21: =+IFERROR(HLOOKUP($B21,'[3]7월누계'!$F$6:$CC$57,3,),)/1000 -> 6898.5823 | S21: =+P21-R21 -> -2969.972 | T21: =+IFERROR(HLOOKUP($B21,'[1]7월누계'!$D$6:$BN$259,16,),)/1000 -> 1168.5076 | U21: =+IFERROR(HLOOKUP($B21,'[2]7월누계'!$F$6:$CP$99,16,),)/1000 -> 753.70468 | V21: =+U21-T21 -> -414.80295 | W21: =+IFERROR(HLOOKUP($B21,'[3]7월누계'!$F$6:$CC$57,16,),)/1000 -> 1919.1087 | X21: =+U21-W21 -> -1165.404 | Y21: =+[12]군산!$Q$85 -> 110752.39 | Z21: =+[12]군산!$R$85 -> 109934.25 | AA21: =+[13]군산!$Q$85 -> 112608.63 | AB21: =+[12]군산!$Q$89 -> 72650.078 | AC21: =+[12]군산!$R$89 -> 72548.812 | AD21: =+[13]군산!$Q$89 -> 72129.022 | AE21: =+Y21-AB21 -> 38102.311 | AF21: =+Z21-AC21 -> 37385.438 | AG21: =+AA21-AD21 -> 40479.609
B22: 원주 | G22: =+I22 -> 원주 | I22: 원주 | J22: =+IFERROR(HLOOKUP($B22,'[1]7월누계'!$D$6:$BN$259,2,),)/1000 -> 29 | K22: =+IFERROR(HLOOKUP($B22,'[2]7월누계'!$F$6:$CP$99,2,),)/1000 -> 18.2525 | L22: =+K22-J22 -> -10.7475 | M22: =+IFERROR(HLOOKUP($B22,'[3]7월누계'!$F$6:$CC$57,2,),)/1000 -> 39.196 | N22: =+K22-M22 -> -20.9435 | O22: =+IFERROR(HLOOKUP($B22,'[1]7월누계'!$D$6:$BN$259,3,),)/1000 -> 3248 | P22: =+IFERROR(HLOOKUP($B22,'[2]7월누계'!$F$6:$CP$99,3,),)/1000 -> 1969.2385 | Q22: =+P22-O22 -> -1278.7615 | R22: =+IFERROR(HLOOKUP($B22,'[3]7월누계'!$F$6:$CC$57,3,),)/1000 -> 4406.4361 | S22: =+P22-R22 -> -2437.1976 | T22: =+IFERROR(HLOOKUP($B22,'[1]7월누계'!$D$6:$BN$259,16,),)/1000 -> 460.59906 | U22: =+IFERROR(HLOOKUP($B22,'[2]7월누계'!$F$6:$CP$99,16,),)/1000 -> 48.120528 | V22: =+U22-T22 -> -412.47853 | W22: =+IFERROR(HLOOKUP($B22,'[3]7월누계'!$F$6:$CC$57,16,),)/1000 -> 895.63914 | X22: =+U22-W22 -> -847.51861 | Y22: =+[12]원주!$Q$85 -> 112000 | Z22: =+[12]원주!$R$85 -> 107890.6 | AA22: =+[13]원주!$Q$85 -> 112428.35 | AB22: =+[12]원주!$Q$89 -> 73429.93 | AC22: =+[12]원주!$R$89 -> 71810.559 | AD22: =+[13]원주!$Q$89 -> 73710.192 | AE22: =+Y22-AB22 -> 38570.07 | AF22: =+Z22-AC22 -> 36080.042 | AG22: =+AA22-AD22 -> 38718.156
B23: 제주 | F23: =+K27-J27 -> -214.2895 | G23: =+I23 -> 제주 | I23: 제주 | J23: =+IFERROR(HLOOKUP($B23,'[1]7월누계'!$D$6:$BN$259,2,),)/1000 -> 55 | K23: =+IFERROR(HLOOKUP($B23,'[2]7월누계'!$F$6:$CP$99,2,),)/1000 -> 41.232 | L23: =+K23-J23 -> -13.768 | M23: =+IFERROR(HLOOKUP($B23,'[3]7월누계'!$F$6:$CC$57,2,),)/1000 -> 25.293 | N23: =+K23-M23 -> 15.939 | O23: =+IFERROR(HLOOKUP($B23,'[1]7월누계'!$D$6:$BN$259,3,),)/1000 -> 6755.0085 | P23: =+IFERROR(HLOOKUP($B23,'[2]7월누계'!$F$6:$CP$99,3,),)/1000 -> 5051.8308 | Q23: =+P23-O23 -> -1703.1777 | R23: =+IFERROR(HLOOKUP($B23,'[3]7월누계'!$F$6:$CC$57,3,),)/1000 -> 3192.3434 | S23: =+P23-R23 -> 1859.4874 | T23: =+IFERROR(HLOOKUP($B23,'[1]7월누계'!$D$6:$BN$259,16,),)/1000 -> 1059.8849 | U23: =+IFERROR(HLOOKUP($B23,'[2]7월누계'!$F$6:$CP$99,16,),)/1000 -> 566.7362 | V23: =+U23-T23 -> -493.14866 | W23: =+IFERROR(HLOOKUP($B23,'[3]7월누계'!$F$6:$CC$57,16,),)/1000 -> 322.29549 | X23: =+U23-W23 -> 244.44071 | Y23: =+[12]제주!$Q$85 -> 122818.34 | Z23: =+[12]제주!$R$85 -> 122276.63 | AA23: =+[13]제주!$Q$85 -> 126214.5 | AB23: =+[12]제주!$Q$89 -> 90983.922 | AC23: =+[12]제주!$R$89 -> 91816.196 | AD23: =+[13]제주!$Q$89 -> 89489.174 | AE23: =+Y23-AB23 -> 31834.415 | AF23: =+Z23-AC23 -> 30460.438 | AG23: =+AA23-AD23 -> 36725.33
F24: =+K24/J24 -> 0.84784738 | G24: =+I24 -> 수도권 | I24: 수도권 | J24: =SUM(J7:J10) -> 688 | K24: =SUM(K7:K10) -> 583.319 | L24: =+K24-J24 -> -104.681 | M24: =SUM(M7:M10) -> 737.1307 | N24: =+K24-M24 -> -153.8117 | O24: =SUM(O7:O10) -> 66942.69 | P24: =SUM(P7:P10) -> 56055.002 | Q24: =+P24-O24 -> -10887.688 | R24: =SUM(R7:R10) -> 73185.386 | S24: =+P24-R24 -> -17130.385 | T24: =SUM(T7:T10) -> 3958.2021 | U24: =SUM(U7:U10) -> 1692.3424 | V24: =+U24-T24 -> -2265.8597 | W24: =SUM(W7:W10) -> 6597.9131 | X24: =+U24-W24 -> -4905.5707 | Y24: =+[12]수도권!$Q$85 -> 97300.422 | Z24: =+[12]수도권!$R$85 -> 96125.581 | AA24: =+[13]수도권!$Q$85 -> 99296.3 | AB24: =+[12]수도권!$Q$89 -> 80956.513 | AC24: =+[12]수도권!$R$89 -> 80860.165 | AD24: =+[13]수도권!$Q$89 -> 80978.927 | AE24: =+Y24-AB24 -> 16343.909 | AF24: =+Z24-AC24 -> 15265.417 | AG24: =+AA24-AD24 -> 18317.373
F25: =+K25/J25 -> 0.89067574 | G25: =+I25 -> 영남권 | I25: 영남권 | J25: =SUM(J11:J18) -> 826.5 | K25: =SUM(K11:K18) -> 736.1435 | L25: =+K25-J25 -> -90.3565 | M25: =SUM(M11:M18) -> 930.206 | N25: =+K25-M25 -> -194.0625 | O25: =SUM(O11:O18) -> 83083.3 | P25: =SUM(P11:P18) -> 72771.218 | Q25: =+P25-O25 -> -10312.083 | R25: =SUM(R11:R18) -> 94409.495 | S25: =+P25-R25 -> -21638.277 | T25: =SUM(T11:T18) -> 6781.7045 | U25: =SUM(U11:U18) -> 4442.4667 | V25: =+U25-T25 -> -2339.2377 | W25: =SUM(W11:W18) -> 10865.596 | X25: =+U25-W25 -> -6423.1296 | Y25: =+[12]영남권!$Q$85 -> 100524.26 | Z25: =+[12]영남권!$R$85 -> 98874.534 | AA25: =+[13]영남권!$Q$85 -> 101505.27 | AB25: =+[12]영남권!$Q$89 -> 79033.648 | AC25: =+[12]영남권!$R$89 -> 78975.929 | AD25: =+[13]영남권!$Q$89 -> 78824.379 | AE25: =+Y25-AB25 -> 21490.611 | AF25: =+Z25-AC25 -> 19898.605 | AG25: =+AA25-AD25 -> 22680.887
F26: =+K26/J26 -> 0.9453844 | G26: =+I26 -> 중부권 | I26: 중부권 | J26: =SUM(J19:J23) -> 352.5 | K26: =SUM(K19:K23) -> 333.248 | L26: =+K26-J26 -> -19.252 | M26: =SUM(M19:M23) -> 367.5695 | N26: =+K26-M26 -> -34.3215 | O26: =SUM(O19:O23) -> 37630.371 | P26: =SUM(P19:P23) -> 34053.597 | Q26: =+P26-O26 -> -3576.7744 | R26: =SUM(R19:R23) -> 38783.214 | S26: =+P26-R26 -> -4729.6175 | T26: =SUM(T19:T23) -> 5208.8218 | U26: =SUM(U19:U23) -> 2946.5037 | V26: =+U26-T26 -> -2262.318 | W26: =SUM(W19:W23) -> 6183.3502 | X26: =+U26-W26 -> -3236.8464 | Y26: =+[12]중부권!$Q$85 -> 106752.83 | Z26: =+[12]중부권!$R$85 -> 102064.7 | AA26: =+[13]중부권!$Q$85 -> 105499.26 | AB26: =+[12]중부권!$Q$89 -> 78271.384 | AC26: =+[12]중부권!$R$89 -> 79344.778 | AD26: =+[13]중부권!$Q$89 -> 76159.404 | AE26: =+Y26-AB26 -> 28481.442 | AF26: =+Z26-AC26 -> 22719.923 | AG26: =+AA26-AD26 -> 29339.851
F27: =+K27/M27 -> 0.81218019 | G27: =+K27/J27 -> 0.88522255 | H27: 레미콘 계 | J27: =SUM(J24:J26) -> 1867 | K27: =SUM(K24:K26) -> 1652.7105 | L27: =+K27-J27 -> -214.2895 | M27: =SUM(M24:M26) -> 2034.9062 | N27: =+K27-M27 -> -382.1957 | O27: =SUM(O24:O26) -> 187656.36 | P27: =SUM(P24:P26) -> 162879.82 | Q27: =+P27-O27 -> -24776.545 | R27: =SUM(R24:R26) -> 206378.1 | S27: =+P27-R27 -> -43498.279 | T27: =SUM(T24:T26) -> 15948.728 | U27: =SUM(U24:U26) -> 9081.3128 | V27: =+U27-T27 -> -6867.4155 | W27: =SUM(W24:W26) -> 23646.86 | X27: =+U27-W27 -> -14565.547 | Y27: =+[12]합계!$Q$85 -> 100512.24 | Z27: =+[12]합계!$R$85 -> 98550.438 | AA27: =+[13]합계!$Q$85 -> 101427.41 | AB27: =+[12]합계!$Q$89 -> 79598.315 | AC27: =+[12]합계!$R$89 -> 79710.197 | AD27: =+[13]합계!$Q$89 -> 79121.804 | AE27: =+Y27-AB27 -> 20913.93 | AF27: =+Z27-AC27 -> 18840.241 | AG27: =+AA27-AD27 -> 22305.608 | AJ27: =+P27/O27 -> 0.86796853 | AK27: =+P27/R27 -> 0.78923016
B28: 건자재 | E28: 건자재영업 | G28: 건자재 | H28: 건자재 | J28: =+IFERROR(HLOOKUP($B28,'[1]7월누계'!$D$6:$BN$259,2,),) -> 75700 | K28: =+IFERROR(HLOOKUP($E28,'[2]7월누계'!$F$6:$CP$99,2,),) -> 70135.201 | L28: =+K28-J28 -> -5564.799 | M28: =+IFERROR(HLOOKUP($E28,'[3]7월누계'!$F$6:$CC$57,2,),) -> 61066.958 | N28: =+K28-M28 -> 9068.243 | O28: =+IFERROR(HLOOKUP($B28,'[1]7월누계'!$D$6:$BN$259,3,),)/1000 -> 82779.071 | P28: =+IFERROR(HLOOKUP($E28,'[2]7월누계'!$F$6:$CP$99,3,),)/1000 -> 62876.308 | Q28: =+P28-O28 -> -19902.763 | R28: =+IFERROR(HLOOKUP($E28,'[3]7월누계'!$F$6:$CC$57,3,),)/1000 -> 60718.387 | S28: =+P28-R28 -> 2157.9214 | T28: =+IFERROR(HLOOKUP($B28,'[1]7월누계'!$D$6:$BN$259,16,),)/1000 -> 1342.9344 | U28: =+IFERROR(HLOOKUP($E28,'[2]7월누계'!$F$6:$CP$99,16,),)/1000 -> -71.497023 | V28: =+U28-T28 -> -1414.4314 | W28: =+IFERROR(HLOOKUP($E28,'[3]7월누계'!$F$6:$CC$57,16,),)/1000 -> 375.55282 | X28: =+U28-W28 -> -447.04984 | Y28: ■ 비고 | AJ28: =+P28/O28 -> 0.75956769 | AK28: =+P28/R28 -> 1.0355398
B29: 부산모래장 | C29: 부산골재 | F29: =+K29/J29 -> 1.2042943 | G29: =+I29 -> 부산모래장 | H29: 골재 | I29: 부산모래장 | J29: =+IFERROR(HLOOKUP($B29,'[1]7월누계'!$D$6:$BN$259,2,),)/1000 -> 142.51001 | K29: =+IFERROR(HLOOKUP($C29,'[2]7월누계'!$F$6:$CP$99,2,),)/1000 -> 171.624 | L29: =+K29-J29 -> 29.113986 | M29: =+IFERROR(HLOOKUP($C29,'[3]7월누계'!$F$6:$CC$57,2,),)/1000 -> 146.065 | N29: =+K29-M29 -> 25.559 | O29: =+IFERROR(HLOOKUP($B29,'[1]7월누계'!$D$6:$BN$259,3,),)/1000 -> 4275.4062 | P29: =+IFERROR(HLOOKUP($C29,'[2]7월누계'!$F$6:$CP$99,3,),)/1000 -> 4896.92 | Q29: =+P29-O29 -> 621.51379 | R29: =+IFERROR(HLOOKUP($C29,'[3]7월누계'!$F$6:$CC$57,3,),)/1000 -> 4346.1706 | S29: =+P29-R29 -> 550.74942 | T29: =+IFERROR(HLOOKUP($B29,'[1]7월누계'!$D$6:$BN$259,21,),)/1000 -> 543.76103 | U29: =+IFERROR(HLOOKUP($C29,'[2]7월누계'!$F$6:$CP$99,21,),)/1000 -> 53.946307 | V29: =+U29-T29 -> -489.81472 | W29: =+IFERROR(HLOOKUP($C29,'[3]7월누계'!$F$6:$CC$57,21,),)/1000 -> 247.71088 | X29: =+U29-W29 -> -193.76458 | Y29: - 1군 판매단가 인하
B30: 서부산크라샤 | C30: 서부산골재 | F30: =+K30/J30 -> 0.40742987 | G30: =+I30 -> 서부산CR | I30: 서부산CR | J30: =+IFERROR(HLOOKUP($B30,'[1]7월누계'!$D$6:$BN$259,2,),)/1000 -> 352.63001 | K30: =+IFERROR(HLOOKUP($C30,'[2]7월누계'!$F$6:$CP$99,2,),)/1000 -> 143.672 | L30: =+K30-J30 -> -208.95801 | M30: =+IFERROR(HLOOKUP($C30,'[3]7월누계'!$F$6:$CC$57,2,),)/1000 -> 161.702 | N30: =+K30-M30 -> -18.03 | O30: =+IFERROR(HLOOKUP($B30,'[1]7월누계'!$D$6:$BN$259,3,),)/1000 -> 5150.643 | P30: =+IFERROR(HLOOKUP($C30,'[2]7월누계'!$F$6:$CP$99,3,),)/1000 -> 2006.206 | Q30: =+P30-O30 -> -3144.437 | R30: =+IFERROR(HLOOKUP($C30,'[3]7월누계'!$F$6:$CC$57,3,),)/1000 -> 2266.774 | S30: =+P30-R30 -> -260.568 | T30: =+IFERROR(HLOOKUP($B30,'[1]7월누계'!$D$6:$BN$259,21,),)/1000 -> 908.28927 | U30: =+IFERROR(HLOOKUP($C30,'[2]7월누계'!$F$6:$CP$99,21,),)/1000 -> 219.24257 | V30: =+U30-T30 -> -689.0467 | W30: =+IFERROR(HLOOKUP($C30,'[3]7월누계'!$F$6:$CC$57,21,),)/1000 -> 208.62515 | X30: =+U30-W30 -> 10.617424 | Y30: · 천안 아산지역 2,600원/㎥↓, 창원 2,900원/㎥↓(4/1), 울산 ,1900원/㎥↓(7/1)
B31: 부산크라샤 | C31: 부산크라샤 | F31: =+K31/J31 -> 0.75477653 | G31: =+I31 -> 부산CR | I31: 부산CR | J31: =+IFERROR(HLOOKUP($B31,'[1]7월누계'!$D$6:$BN$259,2,),)/1000 -> 167.97952 | K31: =+IFERROR(HLOOKUP($C31,'[2]7월누계'!$F$6:$CP$99,2,),)/1000 -> 126.787 | L31: =+K31-J31 -> -41.192521 | M31: =+IFERROR(HLOOKUP($C31,'[3]7월누계'!$F$6:$CC$57,2,),)/1000 -> 249.894 | N31: =+K31-M31 -> -123.107 | O31: =+IFERROR(HLOOKUP($B31,'[1]7월누계'!$D$6:$BN$259,3,),)/1000 -> 2884.5002 | P31: =+IFERROR(HLOOKUP($C31,'[2]7월누계'!$F$6:$CP$99,3,),)/1000 -> 2414.7205 | Q31: =+P31-O31 -> -469.77966 | R31: =+IFERROR(HLOOKUP($C31,'[3]7월누계'!$F$6:$CC$57,3,),)/1000 -> 4609.585 | S31: =+P31-R31 -> -2194.8645 | T31: =+IFERROR(HLOOKUP($B31,'[1]7월누계'!$D$6:$BN$259,21,),)/1000 -> -237.54029 | U31: =+IFERROR(HLOOKUP($C31,'[2]7월누계'!$F$6:$CP$99,21,),)/1000 -> -897.2975 | V31: =+U31-T31 -> -659.75722 | W31: =+IFERROR(HLOOKUP($C31,'[3]7월누계'!$F$6:$CC$57,21,),)/1000 -> 153.62555 | X31: =+U31-W31 -> -1050.9231 | Y31: - 1군 판가 소급분(마이너스 계산서) : 7.5억(457원/㎥)
F32: =+K32/J32 -> 0.66667165 | H32: 골재 계 | J32: =SUM(J29:J31) -> 663.11954 | K32: =SUM(K29:K31) -> 442.083 | L32: =+K32-J32 -> -221.03654 | M32: =SUM(M29:M31) -> 557.661 | N32: =+K32-M32 -> -115.578 | O32: =SUM(O29:O31) -> 12310.549 | P32: =SUM(P29:P31) -> 9317.8465 | Q32: =+P32-O32 -> -2992.7029 | R32: =SUM(R29:R31) -> 11222.53 | S32: =+P32-R32 -> -1904.6831 | T32: =SUM(T29:T31) -> 1214.51 | U32: =SUM(U29:U31) -> -624.10863 | V32: =+U32-T32 -> -1838.6186 | W32: =SUM(W29:W31) -> 609.96158 | X32: =+U32-W32 -> -1234.0702 | AJ32: =+P32/O32 -> 0.75689932 | AK32: =+P32/R32 -> 0.83028041
B33: 포항임대 | C33: 속초임대 | D33: 강릉임대 | E33: 레미콘임대 계 | G33: =+I33 -> 레미콘임대 | H33: 기타 | I33: 레미콘임대 | L33: =+K33-J33 -> 0 | N33: =+K33-M33 -> 0 | O33: =(IFERROR(HLOOKUP($B33,'[1]7월누계'!$D$6:$BN$259,3,),)++IFERROR(HLOOKUP($C33,'[1]7월누계'!$D$6:$BN$259,3,),)+IFERROR(HLOOKUP($D33,'[1]7월누계'!$D$6:$BN$259,3,),))/1000 -> 539.18667 | P33: =+IFERROR(HLOOKUP($E33,'[2]7월누계'!$F$6:$CP$99,3,),)/1000 -> 420.88 | Q33: =+P33-O33 -> -118.30667 | R33: =+IFERROR(HLOOKUP($E33,'[3]7월누계'!$F$6:$CC$57,3,),)/1000 -> 635.88 | S33: =+P33-R33 -> -215 | T33: =(IFERROR(HLOOKUP($B33,'[1]7월누계'!$D$6:$BN$259,21,),)++IFERROR(HLOOKUP($C33,'[1]7월누계'!$D$6:$BN$259,21,),)+IFERROR(HLOOKUP($D33,'[1]7월누계'!$D$6:$BN$259,21,),))/1000 -> 363.81866 | U33: =+IFERROR(HLOOKUP($E33,'[2]7월누계'!$F$6:$CP$99,16,),)/1000 -> 228.64685 | V33: =+U33-T33 -> -135.17181 | W33: =+IFERROR(HLOOKUP($E33,'[3]7월누계'!$F$6:$CC$57,16,),)/1000 -> 408.82548 | X33: =+U33-W33 -> -180.17863 | Y33: - 운반비 협상
B34: 부동산임대 | C34: 주유소임대 | E34: 임대 계 | G34: =+I34 -> 임대 | I34: 임대 | L34: =+K34-J34 -> 0 | M34: 0 | N34: =+K34-M34 -> 0 | O34: =(+IFERROR(HLOOKUP($B34,'[1]7월누계'!$D$6:$BN$259,3,),)+IFERROR(HLOOKUP($C34,'[1]7월누계'!$D$6:$BN$259,3,),))/1000 -> 518.6405 | P34: =+IFERROR(HLOOKUP($E34,'[2]7월누계'!$F$6:$CP$99,3,),)/1000 -> 515.08819 | Q34: =+P34-O34 -> -3.552307 | R34: =+IFERROR(HLOOKUP($E34,'[3]7월누계'!$F$6:$CC$57,3,),)/1000 -> 509.29553 | S34: =+P34-R34 -> 5.79266 | T34: =(+IFERROR(HLOOKUP($B34,'[1]7월누계'!$D$6:$BN$259,21,),)+IFERROR(HLOOKUP($C34,'[1]7월누계'!$D$6:$BN$259,21,),))/1000 -> 472.91089 | U34: =+IFERROR(HLOOKUP($E34,'[2]7월누계'!$F$6:$CP$99,16,),)/1000 -> 472.22275 | V34: =+U34-T34 -> -0.688138 | W34: =+IFERROR(HLOOKUP($E34,'[3]7월누계'!$F$6:$CC$57,16,),)/1000 -> 463.7079 | X34: =+U34-W34 -> 8.514845 | Y34: · 부산권 4천원, 창원 3.5천원 / 제주 협상完 500원/㎥ 인상
B35: 공 통 비 | G35: =+I35 -> 공통비 | I35: 공통비 | L35: =+K35-J35 -> 0 | N35: =+K35-M35 -> 0 | Q35: =+P35-O35 -> 0 | S35: =+P35-R35 -> 0 | T35: =-'[1]7월누계'!$Z$22/1000 -> -11349.855 | U35: =+-'[2]7월누계'!$Z$22/1000 -> -11476.264 | V35: =+U35-T35 -> -126.40932 | W35: =+-'[3]7월누계'!$Z$22/1000 -> -10390.772 | X35: =+U35-W35 -> -1085.4923 | Y35: 원주 2천원/회(1년), 군산 2개년 합의, 7/15 (25년 2.5천원. 26년 3.5천원)
G36: =+I36 -> OPC 소급분 | I36: OPC 소급분 | N36: =+K36-M36 -> 0 | Q36: =+P36-O36 -> 0 | S36: =+P36-R36 -> 0 | U36: ='[2]7월누계'!$BD$26/1000 -> 0 | V36: =+U36-T36 -> 0 | W36: =-'[3]7월누계'!$BD$26/1000 -> 0 | X36: =+U36-W36 -> 0 | Y36: 인천, 김포3,300원/회 ↑, 군산 25년 2.5천원. 26년 3.5천원
G37: =+I37 -> 대손 | I37: 대손 | N37: =+K37-M37 -> 0 | Q37: =+P37-O37 -> 0 | S37: =+P37-R37 -> 0 | U37: ='[2]7월누계'!$BE$26/1000 -> -828.70973 | V37: =+U37-T37 -> -828.70973 | W37: ='[3]7월누계'!$BE$26/1000 -> -975.50771 | X37: =+U37-W37 -> 146.79798
G38: =+I38 -> 미운영 공장 | I38: 미운영 공장 | M38: =SUM(M54:M59) -> 0 | N38: =+K38-M38 -> 0 | Q38: =+P38-O38 -> 0 | R38: =+IFERROR(HLOOKUP($I$38,'[3]7월누계'!$F$6:$BJ$50,3,),)/1000 -> 0 | S38: =+P38-R38 -> 0 | T38: =SUM('[1]7월누계'!$AM$26:$AQ$26)/1000 -> -220.01654 | U38: =+'[2]7월누계'!$BF$26/1000 -> -220.24499 | V38: =+U38-T38 -> -0.228455 | W38: =+'[3]7월누계'!$BF$26/1000 -> -295.37435 | X38: =+U38-W38 -> 75.12936
B39: 기타 계 | G39: =+I39 -> 퇴직위로금 | I39: 퇴직위로금 | U39: =+'[2]7월누계'!$BG$26/1000 -> -759.34319 | V39: =+U39-T39 -> -759.34319 | X39: =+U39-W39 -> -759.34319
G40: =+I40 -> 기타 | I40: 기타 | L40: =+K40-J40 -> 0 | N40: =+K40-M40 -> 0 | O40: =IFERROR(HLOOKUP($B39,'[1]7월누계'!$D$6:$BN$259,3,),)/1000 -> 12.39 | P40: =+('[2]7월누계'!$F$8-SUM('[2]7월누계'!$Z$8,'[2]7월누계'!$AH$8,'[2]7월누계'!$AN$8,'[2]7월누계'!$AO$8,'[2]7월누계'!$BA$8,'[2]7월누계'!$BD$8,'[2]7월누계'!$BE$8,'[2]7월누계'!$BF$8))/1000 -> 11.75485 | Q40: =+P40-O40 -> -0.63515 | R40: =+('[3]7월누계'!$F$8-SUM('[3]7월누계'!$Z$8,'[3]7월누계'!$AH$8,'[3]7월누계'!$AN$8,'[3]7월누계'!$AO$8,'[3]7월누계'!$BA$8,'[3]7월누계'!$BD$8,'[3]7월누계'!$BE$8,'[3]7월누계'!$BF$8))/1000 -> 12.0338 | S40: =+P40-R40 -> -0.27895 | T40: =+('[1]7월누계'!$E$26-'[1]7월누계'!$Z$26-'[1]7월누계'!$AA$26-'[1]7월누계'!$AE$26-'[1]7월누계'!$AL$26-'[1]7월누계'!$AM$26-'[1]7월누계'!$AN$26-'[1]7월누계'!$AO$26-'[1]7월누계'!$AP$26-'[1]7월누계'!$AQ$26-'[1]7월누계'!$AS$26)/1000+'[1]7월누계'!$AS$26/1000 -> -439.38572 | U40: =+('[2]7월누계'!$F$26-SUM('[2]7월누계'!$Z$26,'[2]7월누계'!$AH$26,'[2]7월누계'!$AN$26,'[2]7월누계'!$AO$26,'[2]7월누계'!$BA$26,'[2]7월누계'!$BD$26,'[2]7월누계'!$BE$26,'[2]7월누계'!$BF$26))/1000-U39 -> -45.965741 | V40: =+U40-T40 -> 393.41998 | W40: =+('[3]7월누계'!$F$26-SUM('[3]7월누계'!$Z$26,'[3]7월누계'!$AH$26,'[3]7월누계'!$AN$26,'[3]7월누계'!$AO$26,'[3]7월누계'!$BA$26,'[3]7월누계'!$BD$26,'[3]7월누계'!$BE$26,'[3]7월누계'!$BF$26))/1000 -> -176.42086 | X40: =+U40-W40 -> 130.45512
H41: 기타 계 | J41: =SUM(J33:J40) -> 0 | K41: =SUM(K33:K40) -> 0 | L41: =+K41-J41 -> 0 | M41: =SUM(M33:M40) -> 0 | N41: =+K41-M41 -> 0 | O41: =SUM(O33:O40) -> 1070.2172 | P41: =SUM(P33:P40) -> 947.72304 | Q41: =+P41-O41 -> -122.49412 | R41: =SUM(R33:R40) -> 1157.2093 | S41: =+P41-R41 -> -209.48629 | T41: =SUM(T33:T40) -> -11172.527 | U41: =SUM(U33:U40) -> -12629.658 | V41: =+U41-T41 -> -1457.1307 | W41: =SUM(W33:W40) -> -10965.541 | X41: =+U41-W41 -> -1664.1168 | AJ41: =+P41/O41 -> 0.88554274 | AK41: =+P41/R41 -> 0.81897287
U42: 19 | V42: 12.4
G43: =+P43/O43 -> 0.8316005 | H43: 합계 | O43: =+O27+O32+O28+O41 -> 283816.2 | P43: =+P27+P32+P28+P41 -> 236021.69 | Q43: =+P43-O43 -> -47794.505 | R43: =+R27+R32+R28+R41 -> 279476.22 | S43: =+P43-R43 -> -43454.527 | T43: =+T27+T32+T28+T41 -> 7333.6453 | U43: =+U27+U32+U28+U41 -> -4243.9509 | V43: =+U43-T43 -> -11577.596 | W43: =+W27+W32+W28+W41 -> 13666.833 | X43: =+U43-W43 -> -17910.784 | AJ43: =+P43/O43 -> 0.8316005 | AK43: =+P43/R43 -> 0.8445144
G44: =+U43/T43 -> -0.57869595 | K44: =+K28/J28 -> 0.92648878 | M44: =+K28/M28 -> 1.1484967 | P44: =+P43/O43 -> 0.8316005 | R44: =+P43/R43 -> 0.8445144 | T44: =+T43/O43 -> 0.025839418 | U44: =+U43/P43 -> -0.01798119 | V44: =+V43/100 -> -115.77596 | X44: =+X43/100 -> -179.10784
K45: =+K32/J32 -> 0.66667165 | M45: =+K32/M32 -> 0.79274505
I46: 확인 | J46: =+'[1]7월누계'!$Z$7/1000 -> 1867 | K46: =+'[2]7월누계'!$AI$7/1000 -> 1652.7105 | M46: =+'[3]7월누계'!$Z$7/1000 -> 2034.9062 | O46: =+'[1]7월누계'!$E$8/1000 -> 283816.2 | P46: =+'[2]7월누계'!$F$8/1000 -> 236021.69 | R46: =+'[3]7월누계'!$F$8/1000 -> 279476.22 | T46: =+'[1]7월누계'!$E$26/1000 -> 7333.6453 | U46: =+'[2]7월누계'!$F$26/1000 -> -4243.9509 | W46: =+'[3]7월누계'!$F$26/1000 -> 13666.833
J47: =+J46-J27 -> 0 | K47: =+K46-K27 -> 0 | M47: =+M46-M27 -> 0 | O47: =+O46-O43 -> 0 | P47: =+P46-P43 -> 0 | R47: =+R46-R43 -> 0 | T47: =+T46-T43 -> 0 | U47: =+U46-U43 -> 0 | W47: =+W46-W43 -> 0
O49: =+O43-O28 -> 201037.13 | P49: =+P43-P28 -> 173145.39 | Q49: =+P49-O49 -> -27891.742
O50: =+O49/100 -> 2010.3713 | P50: =+P49/100 -> 1731.4539 | Q50: =+P50-O50 -> -278.91742 | S50: 레미콘 | T50: =(+T27+T35)/100 -> 45.988736 | U50: =(+U27+U35)/100 -> -23.949512 | V50: =+U50-T50 -> -69.938248 | W50: =+U50/T50-1 -> -1.5207691
Q51: =+P50/O50 -> 0.86126074 | S51: 골재 | T51: =+T32/100 -> 12.1451 | U51: =+U32/100 -> -6.2410863 | V51: =+U51-T51 -> -18.386186 | Y51: - OPC 소급분 : 삼표 2.5억(총 9.9억 中 1회차) → 8~7월누계 총 4회 소급예정
S52: 임대 | T52: =(T33+T34)/100 -> 8.3672954 | U52: =(U33+U34)/100 -> 7.008696 | V52: =+U52-T52 -> -1.3585995
S53: 기타 | T53: =((T46-T28)/100)-T50-T51-T52 -> -6.5940226 | U53: =((U46-U28)/100)-U50-U51-U52 -> -18.542637 | V53: =+U53-T53 -> -11.948614
T54: =SUM(T52:T53) -> 1.7732728 | U54: =SUM(U52:U53) -> -11.533941 | V54: =SUM(V52:V53) -> -13.307213
T55: =SUM(T50:T53) -> 59.907109 | U55: =SUM(U50:U53) -> -41.724539 | V55: =+U55-T55 -> -101.63165
J57: =+J32*1000 -> 663119.54 | K57: =+K32*1000 -> 442083 | L57: =+K57-J57 -> -221036.54
J58: =+T32/100 -> 12.1451 | K58: =+U32/100 -> -6.2410863 | L58: =+K58-J58 -> -18.386186 | S58: 임대 | T58: =+(T33+T34)/100 -> 8.3672954 | U58: =+(U33+U34)/100 -> 7.008696 | V58: =+U58-T58 -> -1.3585995
S59: =+I36 -> OPC 소급분 | T59: =+T36/100 -> 0 | U59: =+U36/100 -> 0 | V59: =+U59-T59 -> 0
S60: =+I37 -> 대손 | T60: =+T37/100 -> 0 | U60: =+U37/100 -> -8.2870973 | V60: =+U60-T60 -> -8.2870973
S61: =+I38 -> 미운영 공장 | T61: =+T38/100 -> -2.2001654 | U61: =+U38/100 -> -2.2024499 | V61: =+U61-T61 -> -0.00228455
S62: =+I40 -> 기타 | T62: =+T40/100 -> -4.3938572 | U62: =+U40/100 -> -0.45965741 | V62: =+U62-T62 -> 3.9341998
T63: =SUM(T58:T62) -> 1.7732728 | U63: =SUM(U58:U62) -> -3.9405087 | V63: =SUM(V58:V62) -> -5.7137815
T69: =SUM(T33:T34,T36,T38:T39,T40,Y37) -> 177.32728 | U69: =SUM(U33:U34,U36,U38:U39,U40,Z37) -> -324.68433 | V69: =+U69-T69 -> -502.01161
T71: =+T43-T28 -> 5990.7109 | U71: =+U43-U28 -> -4172.4539 | V71: =+U71-T71 -> -10163.165
T72: =+T71/100 -> 59.907109 | U72: =+U71/100 -> -41.724539 | V72: =+U72-T72 -> -101.63165
U75: =+U71-U37-U39 -> -2584.4009
U76: =+U75/100 -> -25.844009

Sheet 사업장별(당월)_건자재제외
H3: □ 사업장별 손익실적(2025-07)_건자재 제외
AG4: [단위 : 천㎥, 톤, 백만원]
H5: 구분 | J5: 물량 | O5: 매출 | T5: 영업이익(공통비 배부전) | Y5: 판매단가 | AB5: 변동비 | AE5: 공헌이익
A6: 2024년 7월 마감 손익 | J6: 계획 | K6: 실적 | L6: 차이 | M6: 전년 | N6: 차이 | O6: 계획 | P6: 실적 | Q6: 차이 | R6: 전년 | S6: 차이 | T6: 계획 | U6: 실적 | V6: 차이 | W6: 전년 | X6: 차이 | Y6: 계획 | Z6: 실적 | AA6: 전년 | AB6: 계획 | AC6: 실적 | AD6: 전년 | AE6: 계획 | AF6: 실적 | AG6: 전년
B7: 안양 | G7: =+I7 -> 안양 | H7: 레미콘 | I7: 안양 | J7: =+IFERROR(HLOOKUP($B7,'[1]7월'!$D$6:$BN$259,2,),)/1000 -> 38 | K7: =+IFERROR(HLOOKUP($B7,'[2]7월'!$F$6:$CP$99,2,),)/1000 -> 31.797 | L7: =+K7-J7 -> -6.203 | M7: =+IFERROR(HLOOKUP($B7,'[3]7월'!$F$6:$CC$57,2,),)/1000 -> 30.154 | N7: =+K7-M7 -> 1.643 | O7: =+IFERROR(HLOOKUP($B7,'[1]7월'!$D$6:$BN$259,3,),)/1000 -> 3742.7249 | P7: =+IFERROR(HLOOKUP($B7,'[2]7월'!$F$6:$CP$99,3,),)/1000 -> 3065.7501 | Q7: =+P7-O7 -> -676.9748 | R7: =+IFERROR(HLOOKUP($B7,'[3]7월'!$F$6:$CC$57,3,),)/1000 -> 3033.8332 | S7: =+P7-R7 -> 31.916851 | T7: =+IFERROR(HLOOKUP($B7,'[1]7월'!$D$6:$BN$259,16,),)/1000 -> 350.33093 | U7: =+IFERROR(HLOOKUP($B7,'[2]7월'!$F$6:$CP$99,16,),)/1000 -> 271.23666 | V7: =+U7-T7 -> -79.094267 | W7: =+IFERROR(HLOOKUP($B7,'[3]7월'!$F$6:$CC$57,16,),)/1000 -> 258.59623 | X7: =+U7-W7 -> 12.640431 | Y7: =+[4]안양!$Q$85 -> 98492.76 | Z7: =+[4]안양!$R$85 -> 96371.938 | AA7: =+[5]안양!$Q$85 -> 100611.3 | AB7: =+[4]안양!$Q$89 -> 81031.53 | AC7: =+[4]안양!$R$89 -> 78315.096 | AD7: =+[5]안양!$Q$89 -> 82629.791 | AE7: =+Y7-AB7 -> 17461.23 | AF7: =+Z7-AC7 -> 18056.842 | AG7: =+AA7-AD7 -> 17981.511
B8: 인천 | G8: =+I8 -> 인천 | H8: 직영 | I8: 인천 | J8: =+IFERROR(HLOOKUP($B8,'[1]7월'!$D$6:$BN$259,2,),)/1000 -> 32 | K8: =+IFERROR(HLOOKUP($B8,'[2]7월'!$F$6:$CP$99,2,),)/1000 -> 25.068 | L8: =+K8-J8 -> -6.932 | M8: =+IFERROR(HLOOKUP($B8,'[3]7월'!$F$6:$CC$57,2,),)/1000 -> 25.908 | N8: =+K8-M8 -> -0.84 | O8: =+IFERROR(HLOOKUP($B8,'[1]7월'!$D$6:$BN$259,3,),)/1000 -> 3128.9993 | P8: =+IFERROR(HLOOKUP($B8,'[2]7월'!$F$6:$CP$99,3,),)/1000 -> 2445.4704 | Q8: =+P8-O8 -> -683.5289 | R8: =+IFERROR(HLOOKUP($B8,'[3]7월'!$F$6:$CC$57,3,),)/1000 -> 2597.1843 | S8: =+P8-R8 -> -151.71385 | T8: =+IFERROR(HLOOKUP($B8,'[1]7월'!$D$6:$BN$259,16,),)/1000 -> 199.14701 | U8: =+IFERROR(HLOOKUP($B8,'[2]7월'!$F$6:$CP$99,16,),)/1000 -> 21.73516 | V8: =+U8-T8 -> -177.41185 | W8: =+IFERROR(HLOOKUP($B8,'[3]7월'!$F$6:$CC$57,16,),)/1000 -> 199.80018 | X8: =+U8-W8 -> -178.06502 | Y8: =+[4]인천!$Q$85 -> 97781.229 | Z8: =+[4]인천!$R$85 -> 97553.472 | AA8: =+[5]인천!$Q$85 -> 100279.7 | AB8: =+[4]인천!$Q$89 -> 82252.916 | AC8: =+[4]인천!$R$89 -> 83904.922 | AD8: =+[5]인천!$Q$89 -> 81647.893 | AE8: =+Y8-AB8 -> 15528.313 | AF8: =+Z8-AC8 -> 13648.55 | AG8: =+AA8-AD8 -> 18631.808
B9: 파주 | G9: =+I9 -> 파주 | I9: 파주 | J9: =+IFERROR(HLOOKUP($B9,'[1]7월'!$D$6:$BN$259,2,),)/1000 -> 22 | K9: =+IFERROR(HLOOKUP($B9,'[2]7월'!$F$6:$CP$99,2,),)/1000 -> 11.935 | L9: =+K9-J9 -> -10.065 | M9: =+IFERROR(HLOOKUP($B9,'[3]7월'!$F$6:$CC$57,2,),)/1000 -> 24.724 | N9: =+K9-M9 -> -12.789 | O9: =+IFERROR(HLOOKUP($B9,'[1]7월'!$D$6:$BN$259,3,),)/1000 -> 2139.9721 | P9: =+IFERROR(HLOOKUP($B9,'[2]7월'!$F$6:$CP$99,3,),)/1000 -> 1126.2308 | Q9: =+P9-O9 -> -1013.7413 | R9: =+IFERROR(HLOOKUP($B9,'[3]7월'!$F$6:$CC$57,3,),)/1000 -> 2369.8819 | S9: =+P9-R9 -> -1243.6511 | T9: =+IFERROR(HLOOKUP($B9,'[1]7월'!$D$6:$BN$259,16,),)/1000 -> 146.87531 | U9: =+IFERROR(HLOOKUP($B9,'[2]7월'!$F$6:$CP$99,16,),)/1000 -> -22.290701 | V9: =+U9-T9 -> -169.16601 | W9: =+IFERROR(HLOOKUP($B9,'[3]7월'!$F$6:$CC$57,16,),)/1000 -> 171.334 | X9: =+U9-W9 -> -193.6247 | Y9: =+[4]파주!$Q$85 -> 97271.457 | Z9: =+[4]파주!$R$85 -> 94629.836 | AA9: =+[5]파주!$Q$85 -> 95898.5 | AB9: =+[4]파주!$Q$89 -> 79794.628 | AC9: =+[4]파주!$R$89 -> 77368.205 | AD9: =+[5]파주!$Q$89 -> 79787.149 | AE9: =+Y9-AB9 -> 17476.83 | AF9: =+Z9-AC9 -> 17261.631 | AG9: =+AA9-AD9 -> 16111.351
B10: 김포 | G10: =+I10 -> 김포 | I10: 김포 | J10: =+IFERROR(HLOOKUP($B10,'[1]7월'!$D$6:$BN$259,2,),)/1000 -> 15 | K10: =+IFERROR(HLOOKUP($B10,'[2]7월'!$F$6:$CP$99,2,),)/1000 -> 9.237 | L10: =+K10-J10 -> -5.763 | M10: =+IFERROR(HLOOKUP($B10,'[3]7월'!$F$6:$CC$57,2,),)/1000 -> 8.562 | N10: =+K10-M10 -> 0.675 | O10: =+IFERROR(HLOOKUP($B10,'[1]7월'!$D$6:$BN$259,3,),)/1000 -> 1416.1192 | P10: =+IFERROR(HLOOKUP($B10,'[2]7월'!$F$6:$CP$99,3,),)/1000 -> 905.93786 | Q10: =+P10-O10 -> -510.18138 | R10: =+IFERROR(HLOOKUP($B10,'[3]7월'!$F$6:$CC$57,3,),)/1000 -> 821.12558 | S10: =+P10-R10 -> 84.812279 | T10: =+IFERROR(HLOOKUP($B10,'[1]7월'!$D$6:$BN$259,16,),)/1000 -> 113.33171 | U10: =+IFERROR(HLOOKUP($B10,'[2]7월'!$F$6:$CP$99,16,),)/1000 -> -8.469041 | V10: =+U10-T10 -> -121.80075 | W10: =+IFERROR(HLOOKUP($B10,'[3]7월'!$F$6:$CC$57,16,),)/1000 -> 32.553125 | X10: =+U10-W10 -> -41.022166 | Y10: =+[4]김포!$Q$85 -> 94407.949 | Z10: =+[4]김포!$R$85 -> 98077.066 | AA10: =+[5]김포!$Q$85 -> 95902.436 | AB10: =+[4]김포!$Q$89 -> 75234.625 | AC10: =+[4]김포!$R$89 -> 79718.483 | AD10: =+[5]김포!$Q$89 -> 74436.951 | AE10: =+Y10-AB10 -> 19173.324 | AF10: =+Z10-AC10 -> 18358.583 | AG10: =+AA10-AD10 -> 21465.485
B11: 부산 | G11: =+I11 -> 부산 | I11: 부산 | J11: =+IFERROR(HLOOKUP($B11,'[1]7월'!$D$6:$BN$259,2,),)/1000 -> 21 | K11: =+IFERROR(HLOOKUP($B11,'[2]7월'!$F$6:$CP$99,2,),)/1000 -> 20.063 | L11: =+K11-J11 -> -0.937 | M11: =+IFERROR(HLOOKUP($B11,'[3]7월'!$F$6:$CC$57,2,),)/1000 -> 17.425 | N11: =+K11-M11 -> 2.638 | O11: =+IFERROR(HLOOKUP($B11,'[1]7월'!$D$6:$BN$259,3,),)/1000 -> 2261.7039 | P11: =+IFERROR(HLOOKUP($B11,'[2]7월'!$F$6:$CP$99,3,),)/1000 -> 2213.7341 | Q11: =+P11-O11 -> -47.969782 | R11: =+IFERROR(HLOOKUP($B11,'[3]7월'!$F$6:$CC$57,3,),)/1000 -> 1927.916 | S11: =+P11-R11 -> 285.8181 | T11: =+IFERROR(HLOOKUP($B11,'[1]7월'!$D$6:$BN$259,16,),)/1000 -> 203.15402 | U11: =+IFERROR(HLOOKUP($B11,'[2]7월'!$F$6:$CP$99,16,),)/1000 -> 219.61332 | V11: =+U11-T11 -> 16.459294 | W11: =+IFERROR(HLOOKUP($B11,'[3]7월'!$F$6:$CC$57,16,),)/1000 -> 190.61798 | X11: =+U11-W11 -> 28.995339 | Y11: =+[4]부산!$Q$85 -> 107700.18 | Z11: =+[4]부산!$R$85 -> 110339.14 | AA11: =+[5]부산!$Q$85 -> 110640.8 | AB11: =+[4]부산!$Q$89 -> 84924.284 | AC11: =+[4]부산!$R$89 -> 86758.587 | AD11: =+[5]부산!$Q$89 -> 84480.701 | AE11: =+Y11-AB11 -> 22775.901 | AF11: =+Z11-AC11 -> 23580.549 | AG11: =+AA11-AD11 -> 26160.103
B12: 서부산 | G12: =+I12 -> 서부산 | I12: 서부산 | J12: =+IFERROR(HLOOKUP($B12,'[1]7월'!$D$6:$BN$259,2,),)/1000 -> 20 | K12: =+IFERROR(HLOOKUP($B12,'[2]7월'!$F$6:$CP$99,2,),)/1000 -> 16.44 | L12: =+K12-J12 -> -3.56 | M12: =+IFERROR(HLOOKUP($B12,'[3]7월'!$F$6:$CC$57,2,),)/1000 -> 20.05 | N12: =+K12-M12 -> -3.61 | O12: =+IFERROR(HLOOKUP($B12,'[1]7월'!$D$6:$BN$259,3,),)/1000 -> 1985.9922 | P12: =+IFERROR(HLOOKUP($B12,'[2]7월'!$F$6:$CP$99,3,),)/1000 -> 1693.0968 | Q12: =+P12-O12 -> -292.89538 | R12: =+IFERROR(HLOOKUP($B12,'[3]7월'!$F$6:$CC$57,3,),)/1000 -> 2059.0346 | S12: =+P12-R12 -> -365.9378 | T12: =+IFERROR(HLOOKUP($B12,'[1]7월'!$D$6:$BN$259,16,),)/1000 -> 206.85424 | U12: =+IFERROR(HLOOKUP($B12,'[2]7월'!$F$6:$CP$99,16,),)/1000 -> 189.74493 | V12: =+U12-T12 -> -17.109305 | W12: =+IFERROR(HLOOKUP($B12,'[3]7월'!$F$6:$CC$57,16,),)/1000 -> 225.63006 | X12: =+U12-W12 -> -35.88513 | Y12: =+[4]서부산!$Q$85 -> 99299.609 | Z12: =+[4]서부산!$R$85 -> 102986.42 | AA12: =+[5]서부산!$Q$85 -> 102695.88 | AB12: =+[4]서부산!$Q$89 -> 77397.349 | AC12: =+[4]서부산!$R$89 -> 78679.176 | AD12: =+[5]서부산!$Q$89 -> 79119.203 | AE12: =+Y12-AB12 -> 21902.26 | AF12: =+Z12-AC12 -> 24307.247 | AG12: =+AA12-AD12 -> 23576.674
B13: 김해 | G13: =+I13 -> 김해 | I13: 김해 | J13: =+IFERROR(HLOOKUP($B13,'[1]7월'!$D$6:$BN$259,2,),)/1000 -> 13 | K13: =+IFERROR(HLOOKUP($B13,'[2]7월'!$F$6:$CP$99,2,),)/1000 -> 7.547 | L13: =+K13-J13 -> -5.453 | M13: =+IFERROR(HLOOKUP($B13,'[3]7월'!$F$6:$CC$57,2,),)/1000 -> 11.781 | N13: =+K13-M13 -> -4.234 | O13: =+IFERROR(HLOOKUP($B13,'[1]7월'!$D$6:$BN$259,3,),)/1000 -> 1251.8957 | P13: =+IFERROR(HLOOKUP($B13,'[2]7월'!$F$6:$CP$99,3,),)/1000 -> 713.887 | Q13: =+P13-O13 -> -538.00875 | R13: =+IFERROR(HLOOKUP($B13,'[3]7월'!$F$6:$CC$57,3,),)/1000 -> 1132.0667 | S13: =+P13-R13 -> -418.1797 | T13: =+IFERROR(HLOOKUP($B13,'[1]7월'!$D$6:$BN$259,16,),)/1000 -> 107.85098 | U13: =+IFERROR(HLOOKUP($B13,'[2]7월'!$F$6:$CP$99,16,),)/1000 -> -5.057841 | V13: =+U13-T13 -> -112.90882 | W13: =+IFERROR(HLOOKUP($B13,'[3]7월'!$F$6:$CC$57,16,),)/1000 -> 38.555588 | X13: =+U13-W13 -> -43.613429 | Y13: =+[4]김해!$Q$85 -> 96299.673 | Z13: =+[4]김해!$R$85 -> 94496.48 | AA13: =+[5]김해!$Q$85 -> 96092.581 | AB13: =+[4]김해!$Q$89 -> 76700.282 | AC13: =+[4]김해!$R$89 -> 77490.149 | AD13: =+[5]김해!$Q$89 -> 80907.956 | AE13: =+Y13-AB13 -> 19599.391 | AF13: =+Z13-AC13 -> 17006.331 | AG13: =+AA13-AD13 -> 15184.626
B14: 정관 | G14: =+I14 -> 정관 | I14: 정관 | J14: =+IFERROR(HLOOKUP($B14,'[1]7월'!$D$6:$BN$259,2,),)/1000 -> 19 | K14: =+IFERROR(HLOOKUP($B14,'[2]7월'!$F$6:$CP$99,2,),)/1000 -> 23.754 | L14: =+K14-J14 -> 4.754 | M14: =+IFERROR(HLOOKUP($B14,'[3]7월'!$F$6:$CC$57,2,),)/1000 -> 17.288 | N14: =+K14-M14 -> 6.466 | O14: =+IFERROR(HLOOKUP($B14,'[1]7월'!$D$6:$BN$259,3,),)/1000 -> 1938.0082 | P14: =+IFERROR(HLOOKUP($B14,'[2]7월'!$F$6:$CP$99,3,),)/1000 -> 2293.0672 | Q14: =+P14-O14 -> 355.05895 | R14: =+IFERROR(HLOOKUP($B14,'[3]7월'!$F$6:$CC$57,3,),)/1000 -> 1737.7844 | S14: =+P14-R14 -> 555.2828 | T14: =+IFERROR(HLOOKUP($B14,'[1]7월'!$D$6:$BN$259,16,),)/1000 -> 166.78418 | U14: =+IFERROR(HLOOKUP($B14,'[2]7월'!$F$6:$CP$99,16,),)/1000 -> 202.85136 | V14: =+U14-T14 -> 36.067174 | W14: =+IFERROR(HLOOKUP($B14,'[3]7월'!$F$6:$CC$57,16,),)/1000 -> 137.84952 | X14: =+U14-W14 -> 65.001843 | Y14: =+[4]정관!$Q$85 -> 102000.43 | Z14: =+[4]정관!$R$85 -> 96533.94 | AA14: =+[5]정관!$Q$85 -> 100519.69 | AB14: =+[4]정관!$Q$89 -> 82328.422 | AC14: =+[4]정관!$R$89 -> 78973.256 | AD14: =+[5]정관!$Q$89 -> 81910.423 | AE14: =+Y14-AB14 -> 19672.012 | AF14: =+Z14-AC14 -> 17560.684 | AG14: =+AA14-AD14 -> 18609.267
B15: 양산 | G15: =+I15 -> 양산 | I15: 양산 | J15: =+IFERROR(HLOOKUP($B15,'[1]7월'!$D$6:$BN$259,2,),)/1000 -> 11 | K15: =+IFERROR(HLOOKUP($B15,'[2]7월'!$F$6:$CP$99,2,),)/1000 -> 6.588 | L15: =+K15-J15 -> -4.412 | M15: =+IFERROR(HLOOKUP($B15,'[3]7월'!$F$6:$CC$57,2,),)/1000 -> 11.07 | N15: =+K15-M15 -> -4.482 | O15: =+IFERROR(HLOOKUP($B15,'[1]7월'!$D$6:$BN$259,3,),)/1000 -> 1043.0943 | P15: =+IFERROR(HLOOKUP($B15,'[2]7월'!$F$6:$CP$99,3,),)/1000 -> 606.3894 | Q15: =+P15-O15 -> -436.70485 | R15: =+IFERROR(HLOOKUP($B15,'[3]7월'!$F$6:$CC$57,3,),)/1000 -> 1022.5878 | S15: =+P15-R15 -> -416.19837 | T15: =+IFERROR(HLOOKUP($B15,'[1]7월'!$D$6:$BN$259,16,),)/1000 -> 84.782211 | U15: =+IFERROR(HLOOKUP($B15,'[2]7월'!$F$6:$CP$99,16,),)/1000 -> -16.390338 | V15: =+U15-T15 -> -101.17255 | W15: =+IFERROR(HLOOKUP($B15,'[3]7월'!$F$6:$CC$57,16,),)/1000 -> 49.592748 | X15: =+U15-W15 -> -65.983086 | Y15: =+[4]양산!$Q$85 -> 94826.75 | Z15: =+[4]양산!$R$85 -> 91860.056 | AA15: =+[5]양산!$Q$85 -> 92374.686 | AB15: =+[4]양산!$Q$89 -> 73664.74 | AC15: =+[4]양산!$R$89 -> 73920.262 | AD15: =+[5]양산!$Q$89 -> 75762.253 | AE15: =+Y15-AB15 -> 21162.01 | AF15: =+Z15-AC15 -> 17939.794 | AG15: =+AA15-AD15 -> 16612.433
B16: 창원 | G16: =+I16 -> 창원 | I16: 창원 | J16: =+IFERROR(HLOOKUP($B16,'[1]7월'!$D$6:$BN$259,2,),)/1000 -> 13 | K16: =+IFERROR(HLOOKUP($B16,'[2]7월'!$F$6:$CP$99,2,),)/1000 -> 10.308 | L16: =+K16-J16 -> -2.692 | M16: =+IFERROR(HLOOKUP($B16,'[3]7월'!$F$6:$CC$57,2,),)/1000 -> 13.4055 | N16: =+K16-M16 -> -3.0975 | O16: =+IFERROR(HLOOKUP($B16,'[1]7월'!$D$6:$BN$259,3,),)/1000 -> 1314.3049 | P16: =+IFERROR(HLOOKUP($B16,'[2]7월'!$F$6:$CP$99,3,),)/1000 -> 905.65475 | Q16: =+P16-O16 -> -408.65019 | R16: =+IFERROR(HLOOKUP($B16,'[3]7월'!$F$6:$CC$57,3,),)/1000 -> 1358.995 | S16: =+P16-R16 -> -453.3403 | T16: =+IFERROR(HLOOKUP($B16,'[1]7월'!$D$6:$BN$259,16,),)/1000 -> 147.05171 | U16: =+IFERROR(HLOOKUP($B16,'[2]7월'!$F$6:$CP$99,16,),)/1000 -> 31.227734 | V16: =+U16-T16 -> -115.82398 | W16: =+IFERROR(HLOOKUP($B16,'[3]7월'!$F$6:$CC$57,16,),)/1000 -> 173.4925 | X16: =+U16-W16 -> -142.26476 | Y16: =+[4]창원!$Q$85 -> 101100.38 | Z16: =+[4]창원!$R$85 -> 87859.405 | AA16: =+[5]창원!$Q$85 -> 101375.93 | AB16: =+[4]창원!$Q$89 -> 76060.57 | AC16: =+[4]창원!$R$89 -> 68889.416 | AD16: =+[5]창원!$Q$89 -> 74138.455 | AE16: =+Y16-AB16 -> 25039.81 | AF16: =+Z16-AC16 -> 18969.989 | AG16: =+AA16-AD16 -> 27237.476
B17: 대구 | G17: =+I17 -> 대구 | I17: 대구 | J17: =+IFERROR(HLOOKUP($B17,'[1]7월'!$D$6:$BN$259,2,),)/1000 -> 12.5 | K17: =+IFERROR(HLOOKUP($B17,'[2]7월'!$F$6:$CP$99,2,),)/1000 -> 8.0065 | L17: =+K17-J17 -> -4.4935 | M17: =+IFERROR(HLOOKUP($B17,'[3]7월'!$F$6:$CC$57,2,),)/1000 -> 12.691 | N17: =+K17-M17 -> -4.6845 | O17: =+IFERROR(HLOOKUP($B17,'[1]7월'!$D$6:$BN$259,3,),)/1000 -> 1198.9511 | P17: =+IFERROR(HLOOKUP($B17,'[2]7월'!$F$6:$CP$99,3,),)/1000 -> 694.6579 | Q17: =+P17-O17 -> -504.29316 | R17: =+IFERROR(HLOOKUP($B17,'[3]7월'!$F$6:$CC$57,3,),)/1000 -> 1308.7025 | S17: =+P17-R17 -> -614.04464 | T17: =+IFERROR(HLOOKUP($B17,'[1]7월'!$D$6:$BN$259,16,),)/1000 -> 121.12418 | U17: =+IFERROR(HLOOKUP($B17,'[2]7월'!$F$6:$CP$99,16,),)/1000 -> -8.611968 | V17: =+U17-T17 -> -129.73615 | W17: =+IFERROR(HLOOKUP($B17,'[3]7월'!$F$6:$CC$57,16,),)/1000 -> 175.5937 | X17: =+U17-W17 -> -184.20567 | Y17: =+[4]대구!$Q$85 -> 95916.085 | Z17: =+[4]대구!$R$85 -> 86761.744 | AA17: =+[5]대구!$Q$85 -> 103120.52 | AB17: =+[4]대구!$Q$89 -> 72533.292 | AC17: =+[4]대구!$R$89 -> 71247.791 | AD17: =+[5]대구!$Q$89 -> 75635.831 | AE17: =+Y17-AB17 -> 23382.793 | AF17: =+Z17-AC17 -> 15513.953 | AG17: =+AA17-AD17 -> 27484.69
B18: 울산 | G18: =+I18 -> 울산 | I18: 울산 | J18: =+IFERROR(HLOOKUP($B18,'[1]7월'!$D$6:$BN$259,2,),)/1000 -> 12 | K18: =+IFERROR(HLOOKUP($B18,'[2]7월'!$F$6:$CP$99,2,),)/1000 -> 13.0745 | L18: =+K18-J18 -> 1.0745 | M18: =+IFERROR(HLOOKUP($B18,'[3]7월'!$F$6:$CC$57,2,),)/1000 -> 15.0455 | N18: =+K18-M18 -> -1.971 | O18: =+IFERROR(HLOOKUP($B18,'[1]7월'!$D$6:$BN$259,3,),)/1000 -> 1225.42 | P18: =+IFERROR(HLOOKUP($B18,'[2]7월'!$F$6:$CP$99,3,),)/1000 -> 1333.2398 | Q18: =+P18-O18 -> 107.81977 | R18: =+IFERROR(HLOOKUP($B18,'[3]7월'!$F$6:$CC$57,3,),)/1000 -> 1592.9121 | S18: =+P18-R18 -> -259.67233 | T18: =+IFERROR(HLOOKUP($B18,'[1]7월'!$D$6:$BN$259,16,),)/1000 -> 101.43202 | U18: =+IFERROR(HLOOKUP($B18,'[2]7월'!$F$6:$CP$99,16,),)/1000 -> 168.08502 | V18: =+U18-T18 -> 66.652996 | W18: =+IFERROR(HLOOKUP($B18,'[3]7월'!$F$6:$CC$57,16,),)/1000 -> 240.50593 | X18: =+U18-W18 -> -72.420912 | Y18: =+[4]울산!$Q$85 -> 102118.33 | Z18: =+[4]울산!$R$85 -> 101972.52 | AA18: =+[5]울산!$Q$85 -> 105872.99 | AB18: =+[4]울산!$Q$89 -> 81327.456 | AC18: =+[4]울산!$R$89 -> 78109.378 | AD18: =+[5]울산!$Q$89 -> 81253.354 | AE18: =+Y18-AB18 -> 20790.877 | AF18: =+Z18-AC18 -> 23863.146 | AG18: =+AA18-AD18 -> 24619.638
B19: 아산 | G19: =+I19 -> 아산 | I19: 아산 | J19: =+IFERROR(HLOOKUP($B19,'[1]7월'!$D$6:$BN$259,2,),)/1000 -> 24 | K19: =+IFERROR(HLOOKUP($B19,'[2]7월'!$F$6:$CP$99,2,),)/1000 -> 19.911 | L19: =+K19-J19 -> -4.089 | M19: =+IFERROR(HLOOKUP($B19,'[3]7월'!$F$6:$CC$57,2,),)/1000 -> 24.195 | N19: =+K19-M19 -> -4.284 | O19: =+IFERROR(HLOOKUP($B19,'[1]7월'!$D$6:$BN$259,3,),)/1000 -> 2472 | P19: =+IFERROR(HLOOKUP($B19,'[2]7월'!$F$6:$CP$99,3,),)/1000 -> 1844.2038 | Q19: =+P19-O19 -> -627.79621 | R19: =+IFERROR(HLOOKUP($B19,'[3]7월'!$F$6:$CC$57,3,),)/1000 -> 2473.766 | S19: =+P19-R19 -> -629.56223 | T19: =+IFERROR(HLOOKUP($B19,'[1]7월'!$D$6:$BN$259,16,),)/1000 -> 353.83816 | U19: =+IFERROR(HLOOKUP($B19,'[2]7월'!$F$6:$CP$99,16,),)/1000 -> 70.33137 | V19: =+U19-T19 -> -283.50679 | W19: =+IFERROR(HLOOKUP($B19,'[3]7월'!$F$6:$CC$57,16,),)/1000 -> 395.11046 | X19: =+U19-W19 -> -324.77909 | Y19: =+[4]아산!$Q$85 -> 103000 | Z19: =+[4]아산!$R$85 -> 92622.359 | AA19: =+[5]아산!$Q$85 -> 102242.86 | AB19: =+[4]아산!$Q$89 -> 77935.242 | AC19: =+[4]아산!$R$89 -> 77514.598 | AD19: =+[5]아산!$Q$89 -> 75710.543 | AE19: =+Y19-AB19 -> 25064.758 | AF19: =+Z19-AC19 -> 15107.761 | AG19: =+AA19-AD19 -> 26532.318
B20: 전주 | G20: =+I20 -> 전주 | I20: 전주 | J20: =+IFERROR(HLOOKUP($B20,'[1]7월'!$D$6:$BN$259,2,),)/1000 -> 12 | K20: =+IFERROR(HLOOKUP($B20,'[2]7월'!$F$6:$CP$99,2,),)/1000 -> 5.565 | L20: =+K20-J20 -> -6.435 | M20: =+IFERROR(HLOOKUP($B20,'[3]7월'!$F$6:$CC$57,2,),)/1000 -> 8.0735 | N20: =+K20-M20 -> -2.5085 | O20: =+IFERROR(HLOOKUP($B20,'[1]7월'!$D$6:$BN$259,3,),)/1000 -> 1204.8425 | P20: =+IFERROR(HLOOKUP($B20,'[2]7월'!$F$6:$CP$99,3,),)/1000 -> 548.22096 | Q20: =+P20-O20 -> -656.62156 | R20: =+IFERROR(HLOOKUP($B20,'[3]7월'!$F$6:$CC$57,3,),)/1000 -> 767.062 | S20: =+P20-R20 -> -218.84104 | T20: =+IFERROR(HLOOKUP($B20,'[1]7월'!$D$6:$BN$259,16,),)/1000 -> 175.46359 | U20: =+IFERROR(HLOOKUP($B20,'[2]7월'!$F$6:$CP$99,16,),)/1000 -> -28.654789 | V20: =+U20-T20 -> -204.11838 | W20: =+IFERROR(HLOOKUP($B20,'[3]7월'!$F$6:$CC$57,16,),)/1000 -> 44.821658 | X20: =+U20-W20 -> -73.476447 | Y20: =+[4]전주!$Q$85 -> 100403.54 | Z20: =+[4]전주!$R$85 -> 98512.302 | AA20: =+[5]전주!$Q$85 -> 95009.847 | AB20: =+[4]전주!$Q$89 -> 72688.918 | AC20: =+[4]전주!$R$89 -> 76945.124 | AD20: =+[5]전주!$Q$89 -> 71872.966 | AE20: =+Y20-AB20 -> 27714.625 | AF20: =+Z20-AC20 -> 21567.178 | AG20: =+AA20-AD20 -> 23136.881
B21: 군산 | G21: =+I21 -> 군산 | I21: 군산 | J21: =+IFERROR(HLOOKUP($B21,'[1]7월'!$D$6:$BN$259,2,),)/1000 -> 6.5 | K21: =+IFERROR(HLOOKUP($B21,'[2]7월'!$F$6:$CP$99,2,),)/1000 -> 5.149 | L21: =+K21-J21 -> -1.351 | M21: =+IFERROR(HLOOKUP($B21,'[3]7월'!$F$6:$CC$57,2,),)/1000 -> 7.211 | N21: =+K21-M21 -> -2.062 | O21: =+IFERROR(HLOOKUP($B21,'[1]7월'!$D$6:$BN$259,3,),)/1000 -> 725.0687 | P21: =+IFERROR(HLOOKUP($B21,'[2]7월'!$F$6:$CP$99,3,),)/1000 -> 602.2503 | Q21: =+P21-O21 -> -122.8184 | R21: =+IFERROR(HLOOKUP($B21,'[3]7월'!$F$6:$CC$57,3,),)/1000 -> 865.03425 | S21: =+P21-R21 -> -262.78395 | T21: =+IFERROR(HLOOKUP($B21,'[1]7월'!$D$6:$BN$259,16,),)/1000 -> 173.50943 | U21: =+IFERROR(HLOOKUP($B21,'[2]7월'!$F$6:$CP$99,16,),)/1000 -> 131.91551 | V21: =+U21-T21 -> -41.593919 | W21: =+IFERROR(HLOOKUP($B21,'[3]7월'!$F$6:$CC$57,16,),)/1000 -> 241.03226 | X21: =+U21-W21 -> -109.11675 | Y21: =+[4]군산!$Q$85 -> 111549.03 | Z21: =+[4]군산!$R$85 -> 116964.52 | AA21: =+[5]군산!$Q$85 -> 119960.37 | AB21: =+[4]군산!$Q$89 -> 72379.463 | AC21: =+[4]군산!$R$89 -> 75340.117 | AD21: =+[5]군산!$Q$89 -> 75163.432 | AE21: =+Y21-AB21 -> 39169.567 | AF21: =+Z21-AC21 -> 41624.4 | AG21: =+AA21-AD21 -> 44796.941
B22: 원주 | G22: =+I22 -> 원주 | I22: 원주 | J22: =+IFERROR(HLOOKUP($B22,'[1]7월'!$D$6:$BN$259,2,),)/1000 -> 4 | K22: =+IFERROR(HLOOKUP($B22,'[2]7월'!$F$6:$CP$99,2,),)/1000 -> 4.105 | L22: =+K22-J22 -> 0.105 | M22: =+IFERROR(HLOOKUP($B22,'[3]7월'!$F$6:$CC$57,2,),)/1000 -> 5.1725 | N22: =+K22-M22 -> -1.0675 | O22: =+IFERROR(HLOOKUP($B22,'[1]7월'!$D$6:$BN$259,3,),)/1000 -> 448 | P22: =+IFERROR(HLOOKUP($B22,'[2]7월'!$F$6:$CP$99,3,),)/1000 -> 443.9354 | Q22: =+P22-O22 -> -4.0646 | R22: =+IFERROR(HLOOKUP($B22,'[3]7월'!$F$6:$CC$57,3,),)/1000 -> 592.47664 | S22: =+P22-R22 -> -148.54124 | T22: =+IFERROR(HLOOKUP($B22,'[1]7월'!$D$6:$BN$259,16,),)/1000 -> 68.202561 | U22: =+IFERROR(HLOOKUP($B22,'[2]7월'!$F$6:$CP$99,16,),)/1000 -> 72.104996 | V22: =+U22-T22 -> 3.9024349 | W22: =+IFERROR(HLOOKUP($B22,'[3]7월'!$F$6:$CC$57,16,),)/1000 -> 120.92349 | X22: =+U22-W22 -> -48.81849 | Y22: =+[4]원주!$Q$85 -> 112000 | Z22: =+[4]원주!$R$85 -> 108145.04 | AA22: =+[5]원주!$Q$85 -> 114543.58 | AB22: =+[4]원주!$Q$89 -> 73134.72 | AC22: =+[4]원주!$R$89 -> 69467.388 | AD22: =+[5]원주!$Q$89 -> 75019.456 | AE22: =+Y22-AB22 -> 38865.28 | AF22: =+Z22-AC22 -> 38677.655 | AG22: =+AA22-AD22 -> 39524.12
B23: 제주 | F23: =+K27-J27 -> -59.1535 | G23: =+I23 -> 제주 | I23: 제주 | J23: =+IFERROR(HLOOKUP($B23,'[1]7월'!$D$6:$BN$259,2,),)/1000 -> 9 | K23: =+IFERROR(HLOOKUP($B23,'[2]7월'!$F$6:$CP$99,2,),)/1000 -> 6.2985 | L23: =+K23-J23 -> -2.7015 | M23: =+IFERROR(HLOOKUP($B23,'[3]7월'!$F$6:$CC$57,2,),)/1000 -> 3.9015 | N23: =+K23-M23 -> 2.397 | O23: =+IFERROR(HLOOKUP($B23,'[1]7월'!$D$6:$BN$259,3,),)/1000 -> 1106.96 | P23: =+IFERROR(HLOOKUP($B23,'[2]7월'!$F$6:$CP$99,3,),)/1000 -> 774.41358 | Q23: =+P23-O23 -> -332.54642 | R23: =+IFERROR(HLOOKUP($B23,'[3]7월'!$F$6:$CC$57,3,),)/1000 -> 478.87041 | S23: =+P23-R23 -> 295.54317 | T23: =+IFERROR(HLOOKUP($B23,'[1]7월'!$D$6:$BN$259,16,),)/1000 -> 185.95373 | U23: =+IFERROR(HLOOKUP($B23,'[2]7월'!$F$6:$CP$99,16,),)/1000 -> 87.827914 | V23: =+U23-T23 -> -98.125816 | W23: =+IFERROR(HLOOKUP($B23,'[3]7월'!$F$6:$CC$57,16,),)/1000 -> 28.988095 | X23: =+U23-W23 -> 58.839819 | Y23: =+[4]제주!$Q$85 -> 122995.56 | Z23: =+[4]제주!$R$85 -> 123104.52 | AA23: =+[5]제주!$Q$85 -> 122740.08 | AB23: =+[4]제주!$Q$89 -> 91386.196 | AC23: =+[4]제주!$R$89 -> 94176.91 | AD23: =+[5]제주!$Q$89 -> 92008.574 | AE23: =+Y23-AB23 -> 31609.36 | AF23: =+Z23-AC23 -> 28927.608 | AG23: =+AA23-AD23 -> 30731.502
F24: =+K24/J24 -> 0.72931776 | G24: =+I24 -> 수도권 | I24: 수도권 | J24: =SUM(J7:J10) -> 107 | K24: =SUM(K7:K10) -> 78.037 | L24: =+K24-J24 -> -28.963 | M24: =SUM(M7:M10) -> 89.348 | N24: =+K24-M24 -> -11.311 | O24: =SUM(O7:O10) -> 10427.816 | P24: =SUM(P7:P10) -> 7543.3891 | Q24: =+P24-O24 -> -2884.4264 | R24: =SUM(R7:R10) -> 8822.025 | S24: =+P24-R24 -> -1278.6358 | T24: =SUM(T7:T10) -> 809.68496 | U24: =SUM(U7:U10) -> 262.21208 | V24: =+U24-T24 -> -547.47288 | W24: =SUM(W7:W10) -> 662.28354 | X24: =+U24-W24 -> -400.07146 | Y24: =+[4]수도권!$Q$85 -> 97456.22 | Z24: =+[4]수도권!$R$85 -> 96700.299 | AA24: =+[5]수도권!$Q$85 -> 98771.936 | AB24: =+[4]수도권!$Q$89 -> 80329.838 | AC24: =+[4]수도권!$R$89 -> 80151.577 | AD24: =+[5]수도권!$Q$89 -> 80778.956 | AE24: =+Y24-AB24 -> 17126.382 | AF24: =+Z24-AC24 -> 16548.722 | AG24: =+AA24-AD24 -> 17992.981
F25: =+K25/J25 -> 0.87062551 | G25: =+I25 -> 영남권 | I25: 영남권 | J25: =SUM(J11:J18) -> 121.5 | K25: =SUM(K11:K18) -> 105.781 | L25: =+K25-J25 -> -15.719 | M25: =SUM(M11:M18) -> 118.756 | N25: =+K25-M25 -> -12.975 | O25: =SUM(O11:O18) -> 12219.37 | P25: =SUM(P11:P18) -> 10453.727 | Q25: =+P25-O25 -> -1765.6434 | R25: =SUM(R11:R18) -> 12139.999 | S25: =+P25-R25 -> -1686.2722 | T25: =SUM(T11:T18) -> 1139.0335 | U25: =SUM(U11:U18) -> 781.46222 | V25: =+U25-T25 -> -357.57133 | W25: =SUM(W11:W18) -> 1231.838 | X25: =+U25-W25 -> -450.37581 | Y25: =+[4]영남권!$Q$85 -> 100570.95 | Z25: =+[4]영남권!$R$85 -> 98825.474 | AA25: =+[5]영남권!$Q$85 -> 102226.32 | AB25: =+[4]영남권!$Q$89 -> 78801.612 | AC25: =+[4]영남권!$R$89 -> 78319.845 | AD25: =+[5]영남권!$Q$89 -> 79508.547 | AE25: =+Y25-AB25 -> 21769.337 | AF25: =+Z25-AC25 -> 20505.629 | AG25: =+AA25-AD25 -> 22717.772
F26: =+K26/J26 -> 0.73925225 | G26: =+I26 -> 중부권 | I26: 중부권 | J26: =SUM(J19:J23) -> 55.5 | K26: =SUM(K19:K23) -> 41.0285 | L26: =+K26-J26 -> -14.4715 | M26: =SUM(M19:M23) -> 48.5535 | N26: =+K26-M26 -> -7.525 | O26: =SUM(O19:O23) -> 5956.8712 | P26: =SUM(P19:P23) -> 4213.024 | Q26: =+P26-O26 -> -1743.8472 | R26: =SUM(R19:R23) -> 5177.2093 | S26: =+P26-R26 -> -964.18529 | T26: =SUM(T19:T23) -> 956.96748 | U26: =SUM(U19:U23) -> 333.525 | V26: =+U26-T26 -> -623.44248 | W26: =SUM(W19:W23) -> 830.87596 | X26: =+U26-W26 -> -497.35096 | Y26: =+[4]중부권!$Q$85 -> 107331.01 | Z26: =+[4]중부권!$R$85 -> 102649.88 | AA26: =+[5]중부권!$Q$85 -> 106628.96 | AB26: =+[4]중부권!$Q$89 -> 77985.477 | AC26: =+[4]중부권!$R$89 -> 78876.524 | AD26: =+[5]중부권!$Q$89 -> 76226.154 | AE26: =+Y26-AB26 -> 29345.536 | AF26: =+Z26-AC26 -> 23773.356 | AG26: =+AA26-AD26 -> 30402.808
F27: =+K27/M27 -> 0.87605661 | G27: =+K27/J27 -> 0.79171303 | H27: 레미콘 계 | J27: =SUM(J24:J26) -> 284 | K27: =SUM(K24:K26) -> 224.8465 | L27: =+K27-J27 -> -59.1535 | M27: =SUM(M24:M26) -> 256.6575 | N27: =+K27-M27 -> -31.811 | O27: =SUM(O24:O26) -> 28604.057 | P27: =SUM(P24:P26) -> 22210.14 | Q27: =+P27-O27 -> -6393.9169 | R27: =SUM(R24:R26) -> 26139.233 | S27: =+P27-R27 -> -3929.0934 | T27: =SUM(T24:T26) -> 2905.686 | U27: =SUM(U24:U26) -> 1377.1993 | V27: =+U27-T27 -> -1528.4867 | W27: =SUM(W24:W26) -> 2724.9975 | X27: =+U27-W27 -> -1347.7982 | Y27: =+[4]합계!$Q$85 -> 100718.51 | Z27: =+[4]합계!$R$85 -> 98789.633 | AA27: =+[5]합계!$Q$85 -> 101862.36 | AB27: =+[4]합계!$Q$89 -> 79217.896 | AC27: =+[4]합계!$R$89 -> 79053.551 | AD27: =+[5]합계!$Q$89 -> 79327.273 | AE27: =+Y27-AB27 -> 21500.615 | AF27: =+Z27-AC27 -> 19736.082 | AG27: =+AA27-AD27 -> 22535.083 | AI27: =+AF27-AE27 -> -1764.533 | AJ27: =+AF27-AG27 -> -2799.001
B28: 부산모래장 | C28: 부산골재 | G28: =+I28 -> 부산모래장 | H28: 골재 | I28: 부산모래장 | J28: =+IFERROR(HLOOKUP($B28,'[1]7월'!$D$6:$BN$259,2,),)/1000 -> 24.308476 | K28: =+IFERROR(HLOOKUP($C28,'[2]7월'!$F$6:$CP$99,2,),)/1000 -> 23.993 | L28: =+K28-J28 -> -0.31547635 | M28: =+IFERROR(HLOOKUP($C28,'[3]7월'!$F$6:$CC$57,2,),)/1000 -> 14.977 | N28: =+K28-M28 -> 9.016 | O28: =+IFERROR(HLOOKUP($B28,'[1]7월'!$D$6:$BN$259,3,),)/1000 -> 662.58299 | P28: =+IFERROR(HLOOKUP($C28,'[2]7월'!$F$6:$CP$99,3,),)/1000 -> 674.2855 | Q28: =+P28-O28 -> 11.702515 | R28: =+IFERROR(HLOOKUP($C28,'[3]7월'!$F$6:$CC$57,3,),)/1000 -> 424.8905 | S28: =+P28-R28 -> 249.395 | T28: =+IFERROR(HLOOKUP($B28,'[1]7월'!$D$6:$BN$259,21,),)/1000 -> 50.948055 | U28: =+IFERROR(HLOOKUP($C28,'[2]7월'!$F$6:$CP$99,21,),)/1000 -> 27.624891 | V28: =+U28-T28 -> -23.323163 | W28: =+IFERROR(HLOOKUP($C28,'[3]7월'!$F$6:$CC$57,21,),)/1000 -> 64.377342 | X28: =+U28-W28 -> -36.752451 | Y28: ■ 비고
B29: 서부산크라샤 | C29: 서부산골재 | G29: =+I29 -> 서부산CR | I29: 서부산CR | J29: =+IFERROR(HLOOKUP($B29,'[1]7월'!$D$6:$BN$259,2,),)/1000 -> 42.648757 | K29: =+IFERROR(HLOOKUP($C29,'[2]7월'!$F$6:$CP$99,2,),)/1000 -> 25.238 | L29: =+K29-J29 -> -17.410757 | M29: =+IFERROR(HLOOKUP($C29,'[3]7월'!$F$6:$CC$57,2,),)/1000 -> 10.47 | N29: =+K29-M29 -> 14.768 | O29: =+IFERROR(HLOOKUP($B29,'[1]7월'!$D$6:$BN$259,3,),)/1000 -> 629.91451 | P29: =+IFERROR(HLOOKUP($C29,'[2]7월'!$F$6:$CP$99,3,),)/1000 -> 333.336 | Q29: =+P29-O29 -> -296.57851 | R29: =+IFERROR(HLOOKUP($C29,'[3]7월'!$F$6:$CC$57,3,),)/1000 -> 168.03 | S29: =+P29-R29 -> 165.306 | T29: =+IFERROR(HLOOKUP($B29,'[1]7월'!$D$6:$BN$259,21,),)/1000 -> 91.000835 | U29: =+IFERROR(HLOOKUP($C29,'[2]7월'!$F$6:$CP$99,21,),)/1000 -> 12.022306 | V29: =+U29-T29 -> -78.978529 | W29: =+IFERROR(HLOOKUP($C29,'[3]7월'!$F$6:$CC$57,21,),)/1000 -> -61.232674 | X29: =+U29-W29 -> 73.25498 | Y29: - 7월 판가 1군 마이너스 계산서 0.4억(164원/㎥↓)
B30: 부산크라샤 | C30: 부산크라샤 | G30: =+I30 -> 부산CR | I30: 부산CR | J30: =+IFERROR(HLOOKUP($B30,'[1]7월'!$D$6:$BN$259,2,),)/1000 -> 39.403208 | K30: =+IFERROR(HLOOKUP($C30,'[2]7월'!$F$6:$CP$99,2,),)/1000 -> 16.538 | L30: =+K30-J30 -> -22.865208 | M30: =+IFERROR(HLOOKUP($C30,'[3]7월'!$F$6:$CC$57,2,),)/1000 -> 35.515 | N30: =+K30-M30 -> -18.977 | O30: =+IFERROR(HLOOKUP($B30,'[1]7월'!$D$6:$BN$259,3,),)/1000 -> 672.27198 | P30: =+IFERROR(HLOOKUP($C30,'[2]7월'!$F$6:$CP$99,3,),)/1000 -> 330.019 | Q30: =+P30-O30 -> -342.25298 | R30: =+IFERROR(HLOOKUP($C30,'[3]7월'!$F$6:$CC$57,3,),)/1000 -> 648.4025 | S30: =+P30-R30 -> -318.3835 | T30: =+IFERROR(HLOOKUP($B30,'[1]7월'!$D$6:$BN$259,21,),)/1000 -> 72.157845 | U30: =+IFERROR(HLOOKUP($C30,'[2]7월'!$F$6:$CP$99,21,),)/1000 -> -136.92205 | V30: =+U30-T30 -> -209.0799 | W30: =+IFERROR(HLOOKUP($C30,'[3]7월'!$F$6:$CC$57,21,),)/1000 -> -113.70134 | X30: =+U30-W30 -> -23.220714 | Y30: - 운반비 협상
G31: =+K31/J31 -> 0.6183596 | H31: 골재 계 | J31: =SUM(J28:J30) -> 106.36044 | K31: =SUM(K28:K30) -> 65.769 | L31: =+K31-J31 -> -40.591441 | M31: =SUM(M28:M30) -> 60.962 | N31: =+K31-M31 -> 4.807 | O31: =SUM(O28:O30) -> 1964.7695 | P31: =SUM(P28:P30) -> 1337.6405 | Q31: =+P31-O31 -> -627.12897 | R31: =SUM(R28:R30) -> 1241.323 | S31: =+P31-R31 -> 96.3175 | T31: =SUM(T28:T30) -> 214.10673 | U31: =SUM(U28:U30) -> -97.274854 | V31: =+U31-T31 -> -311.38159 | W31: =SUM(W28:W30) -> -110.55667 | X31: =+U31-W31 -> 13.281816 | Y31: 아산 : 3,600원/회(1년 계약)
B32: 포항임대 | C32: 속초임대 | D32: 강릉임대 | E32: 레미콘임대 계 | G32: =+I32 -> 레미콘임대 | H32: 기타 | I32: 레미콘임대 | L32: =+K32-J32 -> 0 | N32: =+K32-M32 -> 0 | O32: =(IFERROR(HLOOKUP($B32,'[1]7월'!$D$6:$BN$259,3,),)++IFERROR(HLOOKUP($C32,'[1]7월'!$D$6:$BN$259,3,),)+IFERROR(HLOOKUP($D32,'[1]7월'!$D$6:$BN$259,3,),))/1000 -> 66.666667 | P32: =+IFERROR(HLOOKUP($E32,'[2]7월'!$F$6:$CP$99,3,),)/1000 -> 43.34 | Q32: =+P32-O32 -> -23.326667 | R32: =+IFERROR(HLOOKUP($E32,'[3]7월'!$F$6:$CC$57,3,),)/1000 -> 90.84 | S32: =+P32-R32 -> -47.5 | T32: =(IFERROR(HLOOKUP($B32,'[1]7월'!$D$6:$BN$259,21,),)++IFERROR(HLOOKUP($C32,'[1]7월'!$D$6:$BN$259,21,),)+IFERROR(HLOOKUP($D32,'[1]7월'!$D$6:$BN$259,21,),))/1000 -> 48.278888 | U32: =+IFERROR(HLOOKUP($E32,'[2]7월'!$F$6:$CP$99,16,),)/1000 -> 23.255776 | V32: =+U32-T32 -> -25.023112 | W32: =+IFERROR(HLOOKUP($E32,'[3]7월'!$F$6:$CC$57,16,),)/1000 -> 72.53547 | X32: =+U32-W32 -> -49.279694 | Y32: 원주 : 2,000원/회(1년 계약)
B33: 부동산임대 | C33: 주유소임대 | E33: 임대 계 | G33: =+I33 -> 임대 | I33: 임대 | L33: =+K33-J33 -> 0 | M33: 0 | N33: =+K33-M33 -> 0 | O33: =(+IFERROR(HLOOKUP($B33,'[1]7월'!$D$6:$BN$259,3,),)+IFERROR(HLOOKUP($C33,'[1]7월'!$D$6:$BN$259,3,),))/1000 -> 74.0915 | P33: =+IFERROR(HLOOKUP($E33,'[2]7월'!$F$6:$CP$99,3,),)/1000 -> 73.779592 | Q33: =+P33-O33 -> -0.311908 | R33: =+IFERROR(HLOOKUP($E33,'[3]7월'!$F$6:$CC$57,3,),)/1000 -> 72.793153 | S33: =+P33-R33 -> 0.986439 | T33: =(+IFERROR(HLOOKUP($B33,'[1]7월'!$D$6:$BN$259,21,),)+IFERROR(HLOOKUP($C33,'[1]7월'!$D$6:$BN$259,21,),))/1000 -> 63.941 | U33: =+IFERROR(HLOOKUP($E33,'[2]7월'!$F$6:$CP$99,16,),)/1000 -> 66.530123 | V33: =+U33-T33 -> 2.589123 | W33: =+IFERROR(HLOOKUP($E33,'[3]7월'!$F$6:$CC$57,16,),)/1000 -> 62.661397 | X33: =+U33-W33 -> 3.868726 | Y33: 대구 : 1,500원/회(1년 계약)
B34: 공 통 비 | G34: =+I34 -> 공통비 | I34: 공통비 | L34: =+K34-J34 -> 0 | N34: =+K34-M34 -> 0 | Q34: =+P34-O34 -> 0 | S34: =+P34-R34 -> 0 | T34: =-'[1]7월'!$Z$22/1000 -> -1373.93 | U34: =+-'[2]7월'!$Z$22/1000 -> -1353.2625 | V34: =+U34-T34 -> 20.667534 | W34: =+-'[3]7월'!$Z$22/1000 -> -1338.4279 | X34: =+U34-W34 -> -14.834581 | Y34: 군산 : 2,500원/회(2년 계약완료, 25년 2,500원, 26년 3,500원)
G35: =+I35 -> OPC 소급분 | I35: OPC 소급분 | N35: =+K35-M35 -> 0 | Q35: =+P35-O35 -> 0 | S35: =+P35-R35 -> 0 | U35: ='[2]7월'!$BD$26/1000 -> 0 | V35: =+U35-T35 -> 0 | W35: =-'[3]7월'!$BD$26/1000 -> 0 | X35: =+U35-W35 -> 0
G36: =+I36 -> 대손 | I36: 대손 | N36: =+K36-M36 -> 0 | Q36: =+P36-O36 -> 0 | S36: =+P36-R36 -> 0 | U36: ='[2]7월'!$BE$26/1000 -> 0 | V36: =+U36-T36 -> 0 | W36: ='[3]7월'!$BE$26/1000 -> 0 | X36: =+U36-W36 -> 0
G37: =+I37 -> 미운영 공장 | I37: 미운영 공장 | M37: =SUM(M53:M58) -> 0 | N37: =+K37-M37 -> 0 | Q37: =+P37-O37 -> 0 | R37: =+IFERROR(HLOOKUP($I$37,'[3]7월'!$F$6:$BJ$50,3,),)/1000 -> 0 | S37: =+P37-R37 -> 0 | T37: =SUM('[1]7월'!$AM$26:$AQ$26)/1000 -> -32.543496 | U37: =+'[2]7월'!$BF$26/1000 -> -31.873744 | V37: =+U37-T37 -> 0.669752 | W37: =+'[3]7월'!$BF$26/1000 -> -34.386782 | X37: =+U37-W37 -> 2.513038
B38: 기타 계 | G38: =+I38 -> 퇴직위로금 | I38: 퇴직위로금 | U38: =+'[2]7월'!$BG$26/1000 -> 0 | V38: =+U38-T38 -> 0 | X38: =+U38-W38 -> 0
G39: =+I39 -> 기타 | I39: 기타 | L39: =+K39-J39 -> 0 | N39: =+K39-M39 -> 0 | O39: =IFERROR(HLOOKUP($B38,'[1]7월'!$D$6:$BN$259,3,),)/1000 -> 1.77 | P39: =+('[2]7월'!$F$8-SUM('[2]7월'!$Z$8,'[2]7월'!$AH$8,'[2]7월'!$AN$8,'[2]7월'!$AO$8,'[2]7월'!$BA$8,'[2]7월'!$BD$8,'[2]7월'!$BE$8,'[2]7월'!$BF$8))/1000 -> 1.6874 | Q39: =+P39-O39 -> -0.0826 | R39: =+('[3]7월'!$F$8-SUM('[3]7월'!$Z$8,'[3]7월'!$AH$8,'[3]7월'!$AN$8,'[3]7월'!$AO$8,'[3]7월'!$BA$8,'[3]7월'!$BD$8,'[3]7월'!$BE$8,'[3]7월'!$BF$8))/1000 -> 1.8162 | S39: =+P39-R39 -> -0.1288 | T39: =+('[1]7월'!$E$26-'[1]7월'!$Z$26-'[1]7월'!$AA$26-'[1]7월'!$AE$26-'[1]7월'!$AL$26-'[1]7월'!$AM$26-'[1]7월'!$AN$26-'[1]7월'!$AO$26-'[1]7월'!$AP$26-'[1]7월'!$AQ$26-'[1]7월'!$AS$26+'[1]7월'!$AS$26)/1000 -> -85.138375 | U39: =+('[2]7월'!$F$26-SUM('[2]7월'!$Z$26,'[2]7월'!$AH$26,'[2]7월'!$AN$26,'[2]7월'!$AO$26,'[2]7월'!$BA$26,'[2]7월'!$BD$26,'[2]7월'!$BE$26,'[2]7월'!$BF$26))/1000-U38 -> -15.378696 | V39: =+U39-T39 -> 69.759679 | W39: =+('[3]7월'!$F$26-SUM('[3]7월'!$Z$26,'[3]7월'!$AH$26,'[3]7월'!$AN$26,'[3]7월'!$AO$26,'[3]7월'!$BA$26,'[3]7월'!$BD$26,'[3]7월'!$BE$26,'[3]7월'!$BF$26))/1000 -> -16.756545 | X39: =+U39-W39 -> 1.377849
H40: 기타 계 | J40: =SUM(J32:J39) -> 0 | K40: =SUM(K32:K39) -> 0 | L40: =+K40-J40 -> 0 | M40: =SUM(M32:M39) -> 0 | N40: =+K40-M40 -> 0 | O40: =SUM(O32:O39) -> 142.52817 | P40: =SUM(P32:P39) -> 118.80699 | Q40: =+P40-O40 -> -23.721175 | R40: =SUM(R32:R39) -> 165.44935 | S40: =+P40-R40 -> -46.642361 | T40: =SUM(T32:T39) -> -1379.392 | U40: =SUM(U32:U39) -> -1310.729 | V40: =+U40-T40 -> 68.662976 | W40: =SUM(W32:W39) -> -1254.3743 | X40: =+U40-W40 -> -56.354662
U41: 19 | V41: 12.4
G42: =+P42/O42 -> 0.7706136 | H42: 합계 | O42: =+O27+O31+O40 -> 30711.355 | P42: =+P27+P31+P40 -> 23666.588 | Q42: =+P42-O42 -> -7044.7671 | R42: =+R27+R31+R40 -> 27546.006 | S42: =+P42-R42 -> -3879.4182 | T42: =+T27+T31+T40 -> 1740.4007 | U42: =+U27+U31+U40 -> -30.804555 | V42: =+U42-T42 -> -1771.2053 | W42: =+W27+W31+W40 -> 1360.0665 | X42: =+U42-W42 -> -1390.8711
G43: =+U42/T42 -> -0.017699691 | P43: =+P42/O42 -> 0.7706136 | R43: =+P42/R42 -> 0.85916585 | T43: =+T42/O42 -> 0.056669618 | U43: =+U42/P42 -> -0.0013016053
F45: =+#REF!/#REF! -> #REF! | G45: =+#REF!/#REF! -> #REF! | I45: 확인 | J45: =+'[1]7월'!$Z$7/1000 -> 284 | K45: =+'[2]7월'!$AI$7/1000 -> 224.8465 | M45: =+'[3]7월'!$Z$7/1000 -> 256.6575 | O45: =('[1]7월'!$E$8-'[1]7월'!$AA$8)/1000 -> 30711.355 | P45: =('[2]7월'!$F$8-'[2]7월'!$AO$8)/1000 -> 23666.588 | R45: =('[3]7월'!$F$8-'[3]7월'!$AO$8)/1000 -> 27546.006 | T45: =('[1]7월'!$E$26-'[1]7월'!$AA$26)/1000 -> 1740.4007 | U45: =('[2]7월'!$F$26-'[2]7월'!$AO$26)/1000 -> -30.804555 | W45: =('[3]7월'!$F$26-'[3]7월'!$AO$26)/1000 -> 1360.0665
F46: =+K31/M31 -> 1.0788524 | G46: =+K31/J31 -> 0.6183596 | J46: =+J45-J27 -> 0 | K46: =+K45-K27 -> 0 | M46: =+M45-M27 -> 0 | O46: =+O45-O42 -> 0 | P46: =+P45-P42 -> 0 | R46: =+R45-R42 -> 0 | T46: =+T45-T42 -> -4.3200998e-12 | U46: =+U45-U42 -> 2.593481e-13 | W46: =+W45-W42 -> 0
U48: =-15-1+0.4-3 -> -18.6

Sheet 사업장별(누계)_건자재제외
H3: □ 사업장별 손익실적(2025-07누계)_건자재 제외
AG4: [단위 : 천㎥, 톤, 백만원]
H5: 구분 | J5: 물량 | O5: 매출 | T5: 영업이익(공통비 배부전) | Y5: 판매단가 | AB5: 변동비 | AE5: 공헌이익
A6: 2024년 7월누계 마감 손익 | J6: 계획 | K6: 실적 | L6: 차이 | M6: 전년 | N6: 차이 | O6: 계획 | P6: 실적 | Q6: 차이 | R6: 전년 | S6: 차이 | T6: 계획 | U6: 실적 | V6: 차이 | W6: 전년 | X6: 차이 | Y6: 계획 | Z6: 실적 | AA6: 전년 | AB6: 계획 | AC6: 실적 | AD6: 전년 | AE6: 계획 | AF6: 실적 | AG6: 전년
B7: 안양 | G7: =+I7 -> 안양 | H7: 레미콘 | I7: 안양 | J7: =+IFERROR(HLOOKUP($B7,'[1]7월누계'!$D$6:$BN$259,2,),)/1000 -> 262 | K7: =+IFERROR(HLOOKUP($B7,'[2]7월누계'!$F$6:$CP$99,2,),)/1000 -> 238.107 | L7: =+K7-J7 -> -23.893 | M7: =+IFERROR(HLOOKUP($B7,'[3]7월누계'!$F$6:$CC$57,2,),)/1000 -> 276.832 | N7: =+K7-M7 -> -38.725 | O7: =+IFERROR(HLOOKUP($B7,'[1]7월누계'!$D$6:$BN$259,3,),)/1000 -> 25720.807 | P7: =+IFERROR(HLOOKUP($B7,'[2]7월누계'!$F$6:$CP$99,3,),)/1000 -> 22856.8 | Q7: =+P7-O7 -> -2864.0071 | R7: =+IFERROR(HLOOKUP($B7,'[3]7월누계'!$F$6:$CC$57,3,),)/1000 -> 27548.945 | S7: =+P7-R7 -> -4692.1445 | T7: =+IFERROR(HLOOKUP($B7,'[1]7월누계'!$D$6:$BN$259,16,),)/1000 -> 2065.5085 | U7: =+IFERROR(HLOOKUP($B7,'[2]7월누계'!$F$6:$CP$99,16,),)/1000 -> 1602.4604 | V7: =+U7-T7 -> -463.04812 | W7: =+IFERROR(HLOOKUP($B7,'[3]7월누계'!$F$6:$CC$57,16,),)/1000 -> 2836.6772 | X7: =+U7-W7 -> -1234.2168 | Y7: =+[12]안양!$Q$85 -> 98171.02 | Z7: =+[12]안양!$R$85 -> 95976.652 | AA7: =+[13]안양!$Q$85 -> 99509.44 | AB7: =+[12]안양!$Q$89 -> 81855.034 | AC7: =+[12]안양!$R$89 -> 79900.868 | AD7: =+[13]안양!$Q$89 -> 81474.35 | AE7: =+Y7-AB7 -> 16315.986 | AF7: =+Z7-AC7 -> 16075.785 | AG7: =+AA7-AD7 -> 18035.089
B8: 인천 | G8: =+I8 -> 인천 | H8: 직영 | I8: 인천 | J8: =+IFERROR(HLOOKUP($B8,'[1]7월누계'!$D$6:$BN$259,2,),)/1000 -> 192 | K8: =+IFERROR(HLOOKUP($B8,'[2]7월누계'!$F$6:$CP$99,2,),)/1000 -> 192.278 | L8: =+K8-J8 -> 0.278 | M8: =+IFERROR(HLOOKUP($B8,'[3]7월누계'!$F$6:$CC$57,2,),)/1000 -> 198.784 | N8: =+K8-M8 -> -6.506 | O8: =+IFERROR(HLOOKUP($B8,'[1]7월누계'!$D$6:$BN$259,3,),)/1000 -> 18797.024 | P8: =+IFERROR(HLOOKUP($B8,'[2]7월누계'!$F$6:$CP$99,3,),)/1000 -> 18805.492 | Q8: =+P8-O8 -> 8.4681561 | R8: =+IFERROR(HLOOKUP($B8,'[3]7월누계'!$F$6:$CC$57,3,),)/1000 -> 19919.822 | S8: =+P8-R8 -> -1114.3298 | T8: =+IFERROR(HLOOKUP($B8,'[1]7월누계'!$D$6:$BN$259,16,),)/1000 -> 704.44751 | U8: =+IFERROR(HLOOKUP($B8,'[2]7월누계'!$F$6:$CP$99,16,),)/1000 -> 384.92254 | V8: =+U8-T8 -> -319.52497 | W8: =+IFERROR(HLOOKUP($B8,'[3]7월누계'!$F$6:$CC$57,16,),)/1000 -> 1595.2455 | X8: =+U8-W8 -> -1210.3229 | Y8: =+[12]인천!$Q$85 -> 97901.166 | Z8: =+[12]인천!$R$85 -> 97861.93 | AA8: =+[13]인천!$Q$85 -> 100212.69 | AB8: =+[12]인천!$Q$89 -> 82953.62 | AC8: =+[12]인천!$R$89 -> 84274.322 | AD8: =+[13]인천!$Q$89 -> 82061.112 | AE8: =+Y8-AB8 -> 14947.546 | AF8: =+Z8-AC8 -> 13587.608 | AG8: =+AA8-AD8 -> 18151.578
B9: 파주 | G9: =+I9 -> 파주 | I9: 파주 | J9: =+IFERROR(HLOOKUP($B9,'[1]7월누계'!$D$6:$BN$259,2,),)/1000 -> 139 | K9: =+IFERROR(HLOOKUP($B9,'[2]7월누계'!$F$6:$CP$99,2,),)/1000 -> 83.38 | L9: =+K9-J9 -> -55.62 | M9: =+IFERROR(HLOOKUP($B9,'[3]7월누계'!$F$6:$CC$57,2,),)/1000 -> 179.2342 | N9: =+K9-M9 -> -95.8542 | O9: =+IFERROR(HLOOKUP($B9,'[1]7월누계'!$D$6:$BN$259,3,),)/1000 -> 13405.925 | P9: =+IFERROR(HLOOKUP($B9,'[2]7월누계'!$F$6:$CP$99,3,),)/1000 -> 7735.3402 | Q9: =+P9-O9 -> -5670.5846 | R9: =+IFERROR(HLOOKUP($B9,'[3]7월누계'!$F$6:$CC$57,3,),)/1000 -> 17607.835 | S9: =+P9-R9 -> -9872.4951 | T9: =+IFERROR(HLOOKUP($B9,'[1]7월누계'!$D$6:$BN$259,16,),)/1000 -> 637.7155 | U9: =+IFERROR(HLOOKUP($B9,'[2]7월누계'!$F$6:$CP$99,16,),)/1000 -> -311.44205 | V9: =+U9-T9 -> -949.15755 | W9: =+IFERROR(HLOOKUP($B9,'[3]7월누계'!$F$6:$CC$57,16,),)/1000 -> 1402.3446 | X9: =+U9-W9 -> -1713.7867 | Y9: =+[12]파주!$Q$85 -> 96445.503 | Z9: =+[12]파주!$R$85 -> 92821.253 | AA9: =+[13]파주!$Q$85 -> 98269.313 | AB9: =+[12]파주!$Q$89 -> 79769.978 | AC9: =+[12]파주!$R$89 -> 78082.604 | AD9: =+[13]파주!$Q$89 -> 81410.232 | AE9: =+Y9-AB9 -> 16675.525 | AF9: =+Z9-AC9 -> 14738.65 | AG9: =+AA9-AD9 -> 16859.082
B10: 김포 | G10: =+I10 -> 김포 | I10: 김포 | J10: =+IFERROR(HLOOKUP($B10,'[1]7월누계'!$D$6:$BN$259,2,),)/1000 -> 95 | K10: =+IFERROR(HLOOKUP($B10,'[2]7월누계'!$F$6:$CP$99,2,),)/1000 -> 69.554 | L10: =+K10-J10 -> -25.446 | M10: =+IFERROR(HLOOKUP($B10,'[3]7월누계'!$F$6:$CC$57,2,),)/1000 -> 82.2805 | N10: =+K10-M10 -> -12.7265 | O10: =+IFERROR(HLOOKUP($B10,'[1]7월누계'!$D$6:$BN$259,3,),)/1000 -> 9018.9341 | P10: =+IFERROR(HLOOKUP($B10,'[2]7월누계'!$F$6:$CP$99,3,),)/1000 -> 6657.3694 | Q10: =+P10-O10 -> -2361.5647 | R10: =+IFERROR(HLOOKUP($B10,'[3]7월누계'!$F$6:$CC$57,3,),)/1000 -> 8108.7848 | S10: =+P10-R10 -> -1451.4154 | T10: =+IFERROR(HLOOKUP($B10,'[1]7월누계'!$D$6:$BN$259,16,),)/1000 -> 550.53059 | U10: =+IFERROR(HLOOKUP($B10,'[2]7월누계'!$F$6:$CP$99,16,),)/1000 -> 16.401495 | V10: =+U10-T10 -> -534.1291 | W10: =+IFERROR(HLOOKUP($B10,'[3]7월누계'!$F$6:$CC$57,16,),)/1000 -> 763.64576 | X10: =+U10-W10 -> -747.24426 | Y10: =+[12]김포!$Q$85 -> 94936.149 | Z10: =+[12]김포!$R$85 -> 95769.731 | AA10: =+[13]김포!$Q$85 -> 98569.378 | AB10: =+[12]김포!$Q$89 -> 76178.317 | AC10: =+[12]김포!$R$89 -> 78006.543 | AD10: =+[13]김포!$Q$89 -> 75733.317 | AE10: =+Y10-AB10 -> 18757.832 | AF10: =+Z10-AC10 -> 17763.188 | AG10: =+AA10-AD10 -> 22836.061
B11: 부산 | G11: =+I11 -> 부산 | I11: 부산 | J11: =+IFERROR(HLOOKUP($B11,'[1]7월누계'!$D$6:$BN$259,2,),)/1000 -> 140 | K11: =+IFERROR(HLOOKUP($B11,'[2]7월누계'!$F$6:$CP$99,2,),)/1000 -> 138.107 | L11: =+K11-J11 -> -1.893 | M11: =+IFERROR(HLOOKUP($B11,'[3]7월누계'!$F$6:$CC$57,2,),)/1000 -> 149.3065 | N11: =+K11-M11 -> -11.1995 | O11: =+IFERROR(HLOOKUP($B11,'[1]7월누계'!$D$6:$BN$259,3,),)/1000 -> 15077.994 | P11: =+IFERROR(HLOOKUP($B11,'[2]7월누계'!$F$6:$CP$99,3,),)/1000 -> 14905.965 | Q11: =+P11-O11 -> -172.02952 | R11: =+IFERROR(HLOOKUP($B11,'[3]7월누계'!$F$6:$CC$57,3,),)/1000 -> 15984.323 | S11: =+P11-R11 -> -1078.358 | T11: =+IFERROR(HLOOKUP($B11,'[1]7월누계'!$D$6:$BN$259,16,),)/1000 -> 1270.7247 | U11: =+IFERROR(HLOOKUP($B11,'[2]7월누계'!$F$6:$CP$99,16,),)/1000 -> 1469.7138 | V11: =+U11-T11 -> 198.98914 | W11: =+IFERROR(HLOOKUP($B11,'[3]7월누계'!$F$6:$CC$57,16,),)/1000 -> 1711.0912 | X11: =+U11-W11 -> -241.37739 | Y11: =+[12]부산!$Q$85 -> 107699.96 | Z11: =+[12]부산!$R$85 -> 107930.55 | AA11: =+[13]부산!$Q$85 -> 107057.11 | AB11: =+[12]부산!$Q$89 -> 84790.768 | AC11: =+[12]부산!$R$89 -> 84408.626 | AD11: =+[13]부산!$Q$89 -> 83555.495 | AE11: =+Y11-AB11 -> 22909.191 | AF11: =+Z11-AC11 -> 23521.926 | AG11: =+AA11-AD11 -> 23501.618
B12: 서부산 | G12: =+I12 -> 서부산 | I12: 서부산 | J12: =+IFERROR(HLOOKUP($B12,'[1]7월누계'!$D$6:$BN$259,2,),)/1000 -> 137 | K12: =+IFERROR(HLOOKUP($B12,'[2]7월누계'!$F$6:$CP$99,2,),)/1000 -> 114.501 | L12: =+K12-J12 -> -22.499 | M12: =+IFERROR(HLOOKUP($B12,'[3]7월누계'!$F$6:$CC$57,2,),)/1000 -> 156.642 | N12: =+K12-M12 -> -42.141 | O12: =+IFERROR(HLOOKUP($B12,'[1]7월누계'!$D$6:$BN$259,3,),)/1000 -> 13604.104 | P12: =+IFERROR(HLOOKUP($B12,'[2]7월누계'!$F$6:$CP$99,3,),)/1000 -> 11209.827 | Q12: =+P12-O12 -> -2394.2771 | R12: =+IFERROR(HLOOKUP($B12,'[3]7월누계'!$F$6:$CC$57,3,),)/1000 -> 15865.3 | S12: =+P12-R12 -> -4655.4733 | T12: =+IFERROR(HLOOKUP($B12,'[1]7월누계'!$D$6:$BN$259,16,),)/1000 -> 1218.2429 | U12: =+IFERROR(HLOOKUP($B12,'[2]7월누계'!$F$6:$CP$99,16,),)/1000 -> 735.26145 | V12: =+U12-T12 -> -482.98147 | W12: =+IFERROR(HLOOKUP($B12,'[3]7월누계'!$F$6:$CC$57,16,),)/1000 -> 1886.5928 | X12: =+U12-W12 -> -1151.3314 | Y12: =+[12]서부산!$Q$85 -> 99300.031 | Z12: =+[12]서부산!$R$85 -> 97959.792 | AA12: =+[13]서부산!$Q$85 -> 101283.39 | AB12: =+[12]서부산!$Q$89 -> 78366.732 | AC12: =+[12]서부산!$R$89 -> 77494.779 | AD12: =+[13]서부산!$Q$89 -> 79088.307 | AE12: =+Y12-AB12 -> 20933.299 | AF12: =+Z12-AC12 -> 20465.013 | AG12: =+AA12-AD12 -> 22195.087
B13: 김해 | G13: =+I13 -> 김해 | I13: 김해 | J13: =+IFERROR(HLOOKUP($B13,'[1]7월누계'!$D$6:$BN$259,2,),)/1000 -> 95 | K13: =+IFERROR(HLOOKUP($B13,'[2]7월누계'!$F$6:$CP$99,2,),)/1000 -> 62.116 | L13: =+K13-J13 -> -32.884 | M13: =+IFERROR(HLOOKUP($B13,'[3]7월누계'!$F$6:$CC$57,2,),)/1000 -> 91.09 | N13: =+K13-M13 -> -28.974 | O13: =+IFERROR(HLOOKUP($B13,'[1]7월누계'!$D$6:$BN$259,3,),)/1000 -> 9148.4915 | P13: =+IFERROR(HLOOKUP($B13,'[2]7월누계'!$F$6:$CP$99,3,),)/1000 -> 5574.2964 | Q13: =+P13-O13 -> -3574.1951 | R13: =+IFERROR(HLOOKUP($B13,'[3]7월누계'!$F$6:$CC$57,3,),)/1000 -> 8849.638 | S13: =+P13-R13 -> -3275.3416 | T13: =+IFERROR(HLOOKUP($B13,'[1]7월누계'!$D$6:$BN$259,16,),)/1000 -> 784.88632 | U13: =+IFERROR(HLOOKUP($B13,'[2]7월누계'!$F$6:$CP$99,16,),)/1000 -> -177.90697 | V13: =+U13-T13 -> -962.79328 | W13: =+IFERROR(HLOOKUP($B13,'[3]7월누계'!$F$6:$CC$57,16,),)/1000 -> 582.39447 | X13: =+U13-W13 -> -760.30144 | Y13: =+[12]김해!$Q$85 -> 96299.911 | Z13: =+[12]김해!$R$85 -> 89711.732 | AA13: =+[13]김해!$Q$85 -> 97228.123 | AB13: =+[12]김해!$Q$89 -> 76562.794 | AC13: =+[12]김해!$R$89 -> 76181.251 | AD13: =+[13]김해!$Q$89 -> 79599.415 | AE13: =+Y13-AB13 -> 19737.117 | AF13: =+Z13-AC13 -> 13530.481 | AG13: =+AA13-AD13 -> 17628.708
B14: 정관 | G14: =+I14 -> 정관 | I14: 정관 | J14: =+IFERROR(HLOOKUP($B14,'[1]7월누계'!$D$6:$BN$259,2,),)/1000 -> 133 | K14: =+IFERROR(HLOOKUP($B14,'[2]7월누계'!$F$6:$CP$99,2,),)/1000 -> 150.3365 | L14: =+K14-J14 -> 17.3365 | M14: =+IFERROR(HLOOKUP($B14,'[3]7월누계'!$F$6:$CC$57,2,),)/1000 -> 139.6315 | N14: =+K14-M14 -> 10.705 | O14: =+IFERROR(HLOOKUP($B14,'[1]7월누계'!$D$6:$BN$259,3,),)/1000 -> 13565.975 | P14: =+IFERROR(HLOOKUP($B14,'[2]7월누계'!$F$6:$CP$99,3,),)/1000 -> 15024.61 | Q14: =+P14-O14 -> 1458.6345 | R14: =+IFERROR(HLOOKUP($B14,'[3]7월누계'!$F$6:$CC$57,3,),)/1000 -> 14219.548 | S14: =+P14-R14 -> 805.06232 | T14: =+IFERROR(HLOOKUP($B14,'[1]7월누계'!$D$6:$BN$259,16,),)/1000 -> 1103.5651 | U14: =+IFERROR(HLOOKUP($B14,'[2]7월누계'!$F$6:$CP$99,16,),)/1000 -> 1306.7956 | V14: =+U14-T14 -> 203.23058 | W14: =+IFERROR(HLOOKUP($B14,'[3]7월누계'!$F$6:$CC$57,16,),)/1000 -> 1378.9305 | X14: =+U14-W14 -> -72.134852 | Y14: =+[12]정관!$Q$85 -> 101999.82 | Z14: =+[12]정관!$R$85 -> 99962.445 | AA14: =+[13]정관!$Q$85 -> 101836.25 | AB14: =+[12]정관!$Q$89 -> 82131.322 | AC14: =+[12]정관!$R$89 -> 81907.244 | AD14: =+[13]정관!$Q$89 -> 81998.953 | AE14: =+Y14-AB14 -> 19868.493 | AF14: =+Z14-AC14 -> 18055.201 | AG14: =+AA14-AD14 -> 19837.292
B15: 양산 | G15: =+I15 -> 양산 | I15: 양산 | J15: =+IFERROR(HLOOKUP($B15,'[1]7월누계'!$D$6:$BN$259,2,),)/1000 -> 78 | K15: =+IFERROR(HLOOKUP($B15,'[2]7월누계'!$F$6:$CP$99,2,),)/1000 -> 54.306 | L15: =+K15-J15 -> -23.694 | M15: =+IFERROR(HLOOKUP($B15,'[3]7월누계'!$F$6:$CC$57,2,),)/1000 -> 87.415 | N15: =+K15-M15 -> -33.109 | O15: =+IFERROR(HLOOKUP($B15,'[1]7월누계'!$D$6:$BN$259,3,),)/1000 -> 7378.5685 | P15: =+IFERROR(HLOOKUP($B15,'[2]7월누계'!$F$6:$CP$99,3,),)/1000 -> 5038.7787 | Q15: =+P15-O15 -> -2339.7898 | R15: =+IFERROR(HLOOKUP($B15,'[3]7월누계'!$F$6:$CC$57,3,),)/1000 -> 8177.3909 | S15: =+P15-R15 -> -3138.6122 | T15: =+IFERROR(HLOOKUP($B15,'[1]7월누계'!$D$6:$BN$259,16,),)/1000 -> 578.70763 | U15: =+IFERROR(HLOOKUP($B15,'[2]7월누계'!$F$6:$CP$99,16,),)/1000 -> 64.879329 | V15: =+U15-T15 -> -513.82831 | W15: =+IFERROR(HLOOKUP($B15,'[3]7월누계'!$F$6:$CC$57,16,),)/1000 -> 779.48405 | X15: =+U15-W15 -> -714.60472 | Y15: =+[12]양산!$Q$85 -> 94597.032 | Z15: =+[12]양산!$R$85 -> 92764.956 | AA15: =+[13]양산!$Q$85 -> 93546.77 | AB15: =+[12]양산!$Q$89 -> 73961.916 | AC15: =+[12]양산!$R$89 -> 73007.349 | AD15: =+[13]양산!$Q$89 -> 73438.275 | AE15: =+Y15-AB15 -> 20635.116 | AF15: =+Z15-AC15 -> 19757.607 | AG15: =+AA15-AD15 -> 20108.495
B16: 창원 | G16: =+I16 -> 창원 | I16: 창원 | J16: =+IFERROR(HLOOKUP($B16,'[1]7월누계'!$D$6:$BN$259,2,),)/1000 -> 78 | K16: =+IFERROR(HLOOKUP($B16,'[2]7월누계'!$F$6:$CP$99,2,),)/1000 -> 71.033 | L16: =+K16-J16 -> -6.967 | M16: =+IFERROR(HLOOKUP($B16,'[3]7월누계'!$F$6:$CC$57,2,),)/1000 -> 124.7725 | N16: =+K16-M16 -> -53.7395 | O16: =+IFERROR(HLOOKUP($B16,'[1]7월누계'!$D$6:$BN$259,3,),)/1000 -> 7846.6192 | P16: =+IFERROR(HLOOKUP($B16,'[2]7월누계'!$F$6:$CP$99,3,),)/1000 -> 6841.1363 | Q16: =+P16-O16 -> -1005.4829 | R16: =+IFERROR(HLOOKUP($B16,'[3]7월누계'!$F$6:$CC$57,3,),)/1000 -> 12662.827 | S16: =+P16-R16 -> -5821.6905 | T16: =+IFERROR(HLOOKUP($B16,'[1]7월누계'!$D$6:$BN$259,16,),)/1000 -> 558.67486 | U16: =+IFERROR(HLOOKUP($B16,'[2]7월누계'!$F$6:$CP$99,16,),)/1000 -> 355.4101 | V16: =+U16-T16 -> -203.26476 | W16: =+IFERROR(HLOOKUP($B16,'[3]7월누계'!$F$6:$CC$57,16,),)/1000 -> 1957.3988 | X16: =+U16-W16 -> -1601.9887 | Y16: =+[12]창원!$Q$85 -> 100597.68 | Z16: =+[12]창원!$R$85 -> 96309.269 | AA16: =+[13]창원!$Q$85 -> 101487.32 | AB16: =+[12]창원!$Q$89 -> 76020.971 | AC16: =+[12]창원!$R$89 -> 73440.249 | AD16: =+[13]창원!$Q$89 -> 74881.717 | AE16: =+Y16-AB16 -> 24576.711 | AF16: =+Z16-AC16 -> 22869.02 | AG16: =+AA16-AD16 -> 26605.605
B17: 대구 | G17: =+I17 -> 대구 | I17: 대구 | J17: =+IFERROR(HLOOKUP($B17,'[1]7월누계'!$D$6:$BN$259,2,),)/1000 -> 84.5 | K17: =+IFERROR(HLOOKUP($B17,'[2]7월누계'!$F$6:$CP$99,2,),)/1000 -> 68.0575 | L17: =+K17-J17 -> -16.4425 | M17: =+IFERROR(HLOOKUP($B17,'[3]7월누계'!$F$6:$CC$57,2,),)/1000 -> 111.4255 | N17: =+K17-M17 -> -43.368 | O17: =+IFERROR(HLOOKUP($B17,'[1]7월누계'!$D$6:$BN$259,3,),)/1000 -> 8221.2941 | P17: =+IFERROR(HLOOKUP($B17,'[2]7월누계'!$F$6:$CP$99,3,),)/1000 -> 6100.9939 | Q17: =+P17-O17 -> -2120.3002 | R17: =+IFERROR(HLOOKUP($B17,'[3]7월누계'!$F$6:$CC$57,3,),)/1000 -> 11332.807 | S17: =+P17-R17 -> -5231.8135 | T17: =+IFERROR(HLOOKUP($B17,'[1]7월누계'!$D$6:$BN$259,16,),)/1000 -> 735.34917 | U17: =+IFERROR(HLOOKUP($B17,'[2]7월누계'!$F$6:$CP$99,16,),)/1000 -> 28.19565 | V17: =+U17-T17 -> -707.15352 | W17: =+IFERROR(HLOOKUP($B17,'[3]7월누계'!$F$6:$CC$57,16,),)/1000 -> 1772.8996 | X17: =+U17-W17 -> -1744.704 | Y17: =+[12]대구!$Q$85 -> 97293.421 | Z17: =+[12]대구!$R$85 -> 89644.697 | AA17: =+[13]대구!$Q$85 -> 101707.49 | AB17: =+[12]대구!$Q$89 -> 73217.913 | AC17: =+[12]대구!$R$89 -> 73230.4 | AD17: =+[13]대구!$Q$89 -> 74973.944 | AE17: =+Y17-AB17 -> 24075.508 | AF17: =+Z17-AC17 -> 16414.296 | AG17: =+AA17-AD17 -> 26733.541
B18: 울산 | G18: =+I18 -> 울산 | I18: 울산 | J18: =+IFERROR(HLOOKUP($B18,'[1]7월누계'!$D$6:$BN$259,2,),)/1000 -> 81 | K18: =+IFERROR(HLOOKUP($B18,'[2]7월누계'!$F$6:$CP$99,2,),)/1000 -> 77.6865 | L18: =+K18-J18 -> -3.3135 | M18: =+IFERROR(HLOOKUP($B18,'[3]7월누계'!$F$6:$CC$57,2,),)/1000 -> 69.923 | N18: =+K18-M18 -> 7.7635 | O18: =+IFERROR(HLOOKUP($B18,'[1]7월누계'!$D$6:$BN$259,3,),)/1000 -> 8240.253 | P18: =+IFERROR(HLOOKUP($B18,'[2]7월누계'!$F$6:$CP$99,3,),)/1000 -> 8075.6105 | Q18: =+P18-O18 -> -164.64253 | R18: =+IFERROR(HLOOKUP($B18,'[3]7월누계'!$F$6:$CC$57,3,),)/1000 -> 7317.6605 | S18: =+P18-R18 -> 757.94998 | T18: =+IFERROR(HLOOKUP($B18,'[1]7월누계'!$D$6:$BN$259,16,),)/1000 -> 531.55383 | U18: =+IFERROR(HLOOKUP($B18,'[2]7월누계'!$F$6:$CP$99,16,),)/1000 -> 660.11772 | V18: =+U18-T18 -> 128.56389 | W18: =+IFERROR(HLOOKUP($B18,'[3]7월누계'!$F$6:$CC$57,16,),)/1000 -> 796.80486 | X18: =+U18-W18 -> -136.68714 | Y18: =+[12]울산!$Q$85 -> 101731.52 | Z18: =+[12]울산!$R$85 -> 103951.27 | AA18: =+[13]울산!$Q$85 -> 104653.13 | AB18: =+[12]울산!$Q$89 -> 81874.693 | AC18: =+[12]울산!$R$89 -> 82405.224 | AD18: =+[13]울산!$Q$89 -> 80632.856 | AE18: =+Y18-AB18 -> 19856.825 | AF18: =+Z18-AC18 -> 21546.048 | AG18: =+AA18-AD18 -> 24020.27
B19: 아산 | G19: =+I19 -> 아산 | I19: 아산 | J19: =+IFERROR(HLOOKUP($B19,'[1]7월누계'!$D$6:$BN$259,2,),)/1000 -> 151 | K19: =+IFERROR(HLOOKUP($B19,'[2]7월누계'!$F$6:$CP$99,2,),)/1000 -> 146.821 | L19: =+K19-J19 -> -4.179 | M19: =+IFERROR(HLOOKUP($B19,'[3]7월누계'!$F$6:$CC$57,2,),)/1000 -> 185.816 | N19: =+K19-M19 -> -38.995 | O19: =+IFERROR(HLOOKUP($B19,'[1]7월누계'!$D$6:$BN$259,3,),)/1000 -> 15553 | P19: =+IFERROR(HLOOKUP($B19,'[2]7월누계'!$F$6:$CP$99,3,),)/1000 -> 14259.442 | Q19: =+P19-O19 -> -1293.5583 | R19: =+IFERROR(HLOOKUP($B19,'[3]7월누계'!$F$6:$CC$57,3,),)/1000 -> 18926.449 | S19: =+P19-R19 -> -4667.0072 | T19: =+IFERROR(HLOOKUP($B19,'[1]7월누계'!$D$6:$BN$259,16,),)/1000 -> 1882.5375 | U19: =+IFERROR(HLOOKUP($B19,'[2]7월누계'!$F$6:$CP$99,16,),)/1000 -> 666.61313 | V19: =+U19-T19 -> -1215.9244 | W19: =+IFERROR(HLOOKUP($B19,'[3]7월누계'!$F$6:$CC$57,16,),)/1000 -> 2712.6966 | X19: =+U19-W19 -> -2046.0835 | Y19: =+[12]아산!$Q$85 -> 103000 | Z19: =+[12]아산!$R$85 -> 97106.768 | AA19: =+[13]아산!$Q$85 -> 101804.27 | AB19: =+[12]아산!$Q$89 -> 78668.323 | AC19: =+[12]아산!$R$89 -> 81135.814 | AD19: =+[13]아산!$Q$89 -> 77661.375 | AE19: =+Y19-AB19 -> 24331.677 | AF19: =+Z19-AC19 -> 15970.954 | AG19: =+AA19-AD19 -> 24142.896
B20: 전주 | G20: =+I20 -> 전주 | I20: 전주 | J20: =+IFERROR(HLOOKUP($B20,'[1]7월누계'!$D$6:$BN$259,2,),)/1000 -> 71 | K20: =+IFERROR(HLOOKUP($B20,'[2]7월누계'!$F$6:$CP$99,2,),)/1000 -> 91.2065 | L20: =+K20-J20 -> 20.2065 | M20: =+IFERROR(HLOOKUP($B20,'[3]7월누계'!$F$6:$CC$57,2,),)/1000 -> 55.9975 | N20: =+K20-M20 -> 35.209 | O20: =+IFERROR(HLOOKUP($B20,'[1]7월누계'!$D$6:$BN$259,3,),)/1000 -> 6924.3764 | P20: =+IFERROR(HLOOKUP($B20,'[2]7월누계'!$F$6:$CP$99,3,),)/1000 -> 8844.4752 | Q20: =+P20-O20 -> 1920.0988 | R20: =+IFERROR(HLOOKUP($B20,'[3]7월누계'!$F$6:$CC$57,3,),)/1000 -> 5359.4033 | S20: =+P20-R20 -> 3485.0719 | T20: =+IFERROR(HLOOKUP($B20,'[1]7월누계'!$D$6:$BN$259,16,),)/1000 -> 637.29266 | U20: =+IFERROR(HLOOKUP($B20,'[2]7월누계'!$F$6:$CP$99,16,),)/1000 -> 911.32921 | V20: =+U20-T20 -> 274.03655 | W20: =+IFERROR(HLOOKUP($B20,'[3]7월누계'!$F$6:$CC$57,16,),)/1000 -> 333.61023 | X20: =+U20-W20 -> 577.71898 | Y20: =+[12]전주!$Q$85 -> 97526.428 | Z20: =+[12]전주!$R$85 -> 96971.677 | AA20: =+[13]전주!$Q$85 -> 95709.774 | AB20: =+[12]전주!$Q$89 -> 73238.501 | AC20: =+[12]전주!$R$89 -> 75190.545 | AD20: =+[13]전주!$Q$89 -> 71276.829 | AE20: =+Y20-AB20 -> 24287.927 | AF20: =+Z20-AC20 -> 21781.132 | AG20: =+AA20-AD20 -> 24432.944
B21: 군산 | G21: =+I21 -> 군산 | I21: 군산 | J21: =+IFERROR(HLOOKUP($B21,'[1]7월누계'!$D$6:$BN$259,2,),)/1000 -> 46.5 | K21: =+IFERROR(HLOOKUP($B21,'[2]7월누계'!$F$6:$CP$99,2,),)/1000 -> 35.736 | L21: =+K21-J21 -> -10.764 | M21: =+IFERROR(HLOOKUP($B21,'[3]7월누계'!$F$6:$CC$57,2,),)/1000 -> 61.267 | N21: =+K21-M21 -> -25.531 | O21: =+IFERROR(HLOOKUP($B21,'[1]7월누계'!$D$6:$BN$259,3,),)/1000 -> 5149.9861 | P21: =+IFERROR(HLOOKUP($B21,'[2]7월누계'!$F$6:$CP$99,3,),)/1000 -> 3928.6104 | Q21: =+P21-O21 -> -1221.3758 | R21: =+IFERROR(HLOOKUP($B21,'[3]7월누계'!$F$6:$CC$57,3,),)/1000 -> 6898.5823 | S21: =+P21-R21 -> -2969.972 | T21: =+IFERROR(HLOOKUP($B21,'[1]7월누계'!$D$6:$BN$259,16,),)/1000 -> 1168.5076 | U21: =+IFERROR(HLOOKUP($B21,'[2]7월누계'!$F$6:$CP$99,16,),)/1000 -> 753.70468 | V21: =+U21-T21 -> -414.80295 | W21: =+IFERROR(HLOOKUP($B21,'[3]7월누계'!$F$6:$CC$57,16,),)/1000 -> 1919.1087 | X21: =+U21-W21 -> -1165.404 | Y21: =+[12]군산!$Q$85 -> 110752.39 | Z21: =+[12]군산!$R$85 -> 109934.25 | AA21: =+[13]군산!$Q$85 -> 112608.63 | AB21: =+[12]군산!$Q$89 -> 72650.078 | AC21: =+[12]군산!$R$89 -> 72548.812 | AD21: =+[13]군산!$Q$89 -> 72129.022 | AE21: =+Y21-AB21 -> 38102.311 | AF21: =+Z21-AC21 -> 37385.438 | AG21: =+AA21-AD21 -> 40479.609
B22: 원주 | G22: =+I22 -> 원주 | I22: 원주 | J22: =+IFERROR(HLOOKUP($B22,'[1]7월누계'!$D$6:$BN$259,2,),)/1000 -> 29 | K22: =+IFERROR(HLOOKUP($B22,'[2]7월누계'!$F$6:$CP$99,2,),)/1000 -> 18.2525 | L22: =+K22-J22 -> -10.7475 | M22: =+IFERROR(HLOOKUP($B22,'[3]7월누계'!$F$6:$CC$57,2,),)/1000 -> 39.196 | N22: =+K22-M22 -> -20.9435 | O22: =+IFERROR(HLOOKUP($B22,'[1]7월누계'!$D$6:$BN$259,3,),)/1000 -> 3248 | P22: =+IFERROR(HLOOKUP($B22,'[2]7월누계'!$F$6:$CP$99,3,),)/1000 -> 1969.2385 | Q22: =+P22-O22 -> -1278.7615 | R22: =+IFERROR(HLOOKUP($B22,'[3]7월누계'!$F$6:$CC$57,3,),)/1000 -> 4406.4361 | S22: =+P22-R22 -> -2437.1976 | T22: =+IFERROR(HLOOKUP($B22,'[1]7월누계'!$D$6:$BN$259,16,),)/1000 -> 460.59906 | U22: =+IFERROR(HLOOKUP($B22,'[2]7월누계'!$F$6:$CP$99,16,),)/1000 -> 48.120528 | V22: =+U22-T22 -> -412.47853 | W22: =+IFERROR(HLOOKUP($B22,'[3]7월누계'!$F$6:$CC$57,16,),)/1000 -> 895.63914 | X22: =+U22-W22 -> -847.51861 | Y22: =+[12]원주!$Q$85 -> 112000 | Z22: =+[12]원주!$R$85 -> 107890.6 | AA22: =+[13]원주!$Q$85 -> 112428.35 | AB22: =+[12]원주!$Q$89 -> 73429.93 | AC22: =+[12]원주!$R$89 -> 71810.559 | AD22: =+[13]원주!$Q$89 -> 73710.192 | AE22: =+Y22-AB22 -> 38570.07 | AF22: =+Z22-AC22 -> 36080.042 | AG22: =+AA22-AD22 -> 38718.156
B23: 제주 | F23: =+K27-J27 -> -214.2895 | G23: =+I23 -> 제주 | I23: 제주 | J23: =+IFERROR(HLOOKUP($B23,'[1]7월누계'!$D$6:$BN$259,2,),)/1000 -> 55 | K23: =+IFERROR(HLOOKUP($B23,'[2]7월누계'!$F$6:$CP$99,2,),)/1000 -> 41.232 | L23: =+K23-J23 -> -13.768 | M23: =+IFERROR(HLOOKUP($B23,'[3]7월누계'!$F$6:$CC$57,2,),)/1000 -> 25.293 | N23: =+K23-M23 -> 15.939 | O23: =+IFERROR(HLOOKUP($B23,'[1]7월누계'!$D$6:$BN$259,3,),)/1000 -> 6755.0085 | P23: =+IFERROR(HLOOKUP($B23,'[2]7월누계'!$F$6:$CP$99,3,),)/1000 -> 5051.8308 | Q23: =+P23-O23 -> -1703.1777 | R23: =+IFERROR(HLOOKUP($B23,'[3]7월누계'!$F$6:$CC$57,3,),)/1000 -> 3192.3434 | S23: =+P23-R23 -> 1859.4874 | T23: =+IFERROR(HLOOKUP($B23,'[1]7월누계'!$D$6:$BN$259,16,),)/1000 -> 1059.8849 | U23: =+IFERROR(HLOOKUP($B23,'[2]7월누계'!$F$6:$CP$99,16,),)/1000 -> 566.7362 | V23: =+U23-T23 -> -493.14866 | W23: =+IFERROR(HLOOKUP($B23,'[3]7월누계'!$F$6:$CC$57,16,),)/1000 -> 322.29549 | X23: =+U23-W23 -> 244.44071 | Y23: =+[12]제주!$Q$85 -> 122818.34 | Z23: =+[12]제주!$R$85 -> 122276.63 | AA23: =+[13]제주!$Q$85 -> 126214.5 | AB23: =+[12]제주!$Q$89 -> 90983.922 | AC23: =+[12]제주!$R$89 -> 91816.196 | AD23: =+[13]제주!$Q$89 -> 89489.174 | AE23: =+Y23-AB23 -> 31834.415 | AF23: =+Z23-AC23 -> 30460.438 | AG23: =+AA23-AD23 -> 36725.33
F24: =+K24/J24 -> 0.84784738 | G24: =+I24 -> 수도권 | I24: 수도권 | J24: =SUM(J7:J10) -> 688 | K24: =SUM(K7:K10) -> 583.319 | L24: =+K24-J24 -> -104.681 | M24: =SUM(M7:M10) -> 737.1307 | N24: =+K24-M24 -> -153.8117 | O24: =SUM(O7:O10) -> 66942.69 | P24: =SUM(P7:P10) -> 56055.002 | Q24: =+P24-O24 -> -10887.688 | R24: =SUM(R7:R10) -> 73185.386 | S24: =+P24-R24 -> -17130.385 | T24: =SUM(T7:T10) -> 3958.2021 | U24: =SUM(U7:U10) -> 1692.3424 | V24: =+U24-T24 -> -2265.8597 | W24: =SUM(W7:W10) -> 6597.9131 | X24: =+U24-W24 -> -4905.5707 | Y24: =+[12]수도권!$Q$85 -> 97300.422 | Z24: =+[12]수도권!$R$85 -> 96125.581 | AA24: =+[13]수도권!$Q$85 -> 99296.3 | AB24: =+[12]수도권!$Q$89 -> 80956.513 | AC24: =+[12]수도권!$R$89 -> 80860.165 | AD24: =+[13]수도권!$Q$89 -> 80978.927 | AE24: =+Y24-AB24 -> 16343.909 | AF24: =+Z24-AC24 -> 15265.417 | AG24: =+AA24-AD24 -> 18317.373
F25: =+K25/J25 -> 0.89067574 | G25: =+I25 -> 영남권 | I25: 영남권 | J25: =SUM(J11:J18) -> 826.5 | K25: =SUM(K11:K18) -> 736.1435 | L25: =+K25-J25 -> -90.3565 | M25: =SUM(M11:M18) -> 930.206 | N25: =+K25-M25 -> -194.0625 | O25: =SUM(O11:O18) -> 83083.3 | P25: =SUM(P11:P18) -> 72771.218 | Q25: =+P25-O25 -> -10312.083 | R25: =SUM(R11:R18) -> 94409.495 | S25: =+P25-R25 -> -21638.277 | T25: =SUM(T11:T18) -> 6781.7045 | U25: =SUM(U11:U18) -> 4442.4667 | V25: =+U25-T25 -> -2339.2377 | W25: =SUM(W11:W18) -> 10865.596 | X25: =+U25-W25 -> -6423.1296 | Y25: =+[12]영남권!$Q$85 -> 100524.26 | Z25: =+[12]영남권!$R$85 -> 98874.534 | AA25: =+[13]영남권!$Q$85 -> 101505.27 | AB25: =+[12]영남권!$Q$89 -> 79033.648 | AC25: =+[12]영남권!$R$89 -> 78975.929 | AD25: =+[13]영남권!$Q$89 -> 78824.379 | AE25: =+Y25-AB25 -> 21490.611 | AF25: =+Z25-AC25 -> 19898.605 | AG25: =+AA25-AD25 -> 22680.887
F26: =+K26/J26 -> 0.9453844 | G26: =+I26 -> 중부권 | I26: 중부권 | J26: =SUM(J19:J23) -> 352.5 | K26: =SUM(K19:K23) -> 333.248 | L26: =+K26-J26 -> -19.252 | M26: =SUM(M19:M23) -> 367.5695 | N26: =+K26-M26 -> -34.3215 | O26: =SUM(O19:O23) -> 37630.371 | P26: =SUM(P19:P23) -> 34053.597 | Q26: =+P26-O26 -> -3576.7744 | R26: =SUM(R19:R23) -> 38783.214 | S26: =+P26-R26 -> -4729.6175 | T26: =SUM(T19:T23) -> 5208.8218 | U26: =SUM(U19:U23) -> 2946.5037 | V26: =+U26-T26 -> -2262.318 | W26: =SUM(W19:W23) -> 6183.3502 | X26: =+U26-W26 -> -3236.8464 | Y26: =+[12]중부권!$Q$85 -> 106752.83 | Z26: =+[12]중부권!$R$85 -> 102064.7 | AA26: =+[13]중부권!$Q$85 -> 105499.26 | AB26: =+[12]중부권!$Q$89 -> 78271.384 | AC26: =+[12]중부권!$R$89 -> 79344.778 | AD26: =+[13]중부권!$Q$89 -> 76159.404 | AE26: =+Y26-AB26 -> 28481.442 | AF26: =+Z26-AC26 -> 22719.923 | AG26: =+AA26-AD26 -> 29339.851
F27: =+K27/M27 -> 0.81218019 | G27: =+K27/J27 -> 0.88522255 | H27: 레미콘 계 | J27: =SUM(J24:J26) -> 1867 | K27: =SUM(K24:K26) -> 1652.7105 | L27: =+K27-J27 -> -214.2895 | M27: =SUM(M24:M26) -> 2034.9062 | N27: =+K27-M27 -> -382.1957 | O27: =SUM(O24:O26) -> 187656.36 | P27: =SUM(P24:P26) -> 162879.82 | Q27: =+P27-O27 -> -24776.545 | R27: =SUM(R24:R26) -> 206378.1 | S27: =+P27-R27 -> -43498.279 | T27: =SUM(T24:T26) -> 15948.728 | U27: =SUM(U24:U26) -> 9081.3128 | V27: =+U27-T27 -> -6867.4155 | W27: =SUM(W24:W26) -> 23646.86 | X27: =+U27-W27 -> -14565.547 | Y27: =+[12]합계!$Q$85 -> 100512.24 | Z27: =+[12]합계!$R$85 -> 98550.438 | AA27: =+[13]합계!$Q$85 -> 101427.41 | AB27: =+[12]합계!$Q$89 -> 79598.315 | AC27: =+[12]합계!$R$89 -> 79710.197 | AD27: =+[13]합계!$Q$89 -> 79121.804 | AE27: =+Y27-AB27 -> 20913.93 | AF27: =+Z27-AC27 -> 18840.241 | AG27: =+AA27-AD27 -> 22305.608 | AI27: =+AF27-AE27 -> -2073.6894 | AJ27: =+AF27-AG27 -> -3465.3676
B28: 부산모래장 | C28: 부산골재 | G28: =+I28 -> 부산모래장 | H28: 골재 | I28: 부산모래장 | J28: =+IFERROR(HLOOKUP($B28,'[1]7월누계'!$D$6:$BN$259,2,),)/1000 -> 142.51001 | K28: =+IFERROR(HLOOKUP($C28,'[2]7월누계'!$F$6:$CP$99,2,),)/1000 -> 171.624 | L28: =+K28-J28 -> 29.113986 | M28: =+IFERROR(HLOOKUP($C28,'[3]7월누계'!$F$6:$CC$57,2,),)/1000 -> 146.065 | N28: =+K28-M28 -> 25.559 | O28: =+IFERROR(HLOOKUP($B28,'[1]7월누계'!$D$6:$BN$259,3,),)/1000 -> 4275.4062 | P28: =+IFERROR(HLOOKUP($C28,'[2]7월누계'!$F$6:$CP$99,3,),)/1000 -> 4896.92 | Q28: =+P28-O28 -> 621.51379 | R28: =+IFERROR(HLOOKUP($C28,'[3]7월누계'!$F$6:$CC$57,3,),)/1000 -> 4346.1706 | S28: =+P28-R28 -> 550.74942 | T28: =+IFERROR(HLOOKUP($B28,'[1]7월누계'!$D$6:$BN$259,21,),)/1000 -> 543.76103 | U28: =+IFERROR(HLOOKUP($C28,'[2]7월누계'!$F$6:$CP$99,21,),)/1000 -> 53.946307 | V28: =+U28-T28 -> -489.81472 | W28: =+IFERROR(HLOOKUP($C28,'[3]7월누계'!$F$6:$CC$57,21,),)/1000 -> 247.71088 | X28: =+U28-W28 -> -193.76458 | Y28: ■ 비고
B29: 서부산크라샤 | C29: 서부산골재 | G29: =+I29 -> 서부산CR | I29: 서부산CR | J29: =+IFERROR(HLOOKUP($B29,'[1]7월누계'!$D$6:$BN$259,2,),)/1000 -> 352.63001 | K29: =+IFERROR(HLOOKUP($C29,'[2]7월누계'!$F$6:$CP$99,2,),)/1000 -> 143.672 | L29: =+K29-J29 -> -208.95801 | M29: =+IFERROR(HLOOKUP($C29,'[3]7월누계'!$F$6:$CC$57,2,),)/1000 -> 161.702 | N29: =+K29-M29 -> -18.03 | O29: =+IFERROR(HLOOKUP($B29,'[1]7월누계'!$D$6:$BN$259,3,),)/1000 -> 5150.643 | P29: =+IFERROR(HLOOKUP($C29,'[2]7월누계'!$F$6:$CP$99,3,),)/1000 -> 2006.206 | Q29: =+P29-O29 -> -3144.437 | R29: =+IFERROR(HLOOKUP($C29,'[3]7월누계'!$F$6:$CC$57,3,),)/1000 -> 2266.774 | S29: =+P29-R29 -> -260.568 | T29: =+IFERROR(HLOOKUP($B29,'[1]7월누계'!$D$6:$BN$259,21,),)/1000 -> 908.28927 | U29: =+IFERROR(HLOOKUP($C29,'[2]7월누계'!$F$6:$CP$99,21,),)/1000 -> 219.24257 | V29: =+U29-T29 -> -689.0467 | W29: =+IFERROR(HLOOKUP($C29,'[3]7월누계'!$F$6:$CC$57,21,),)/1000 -> 208.62515 | X29: =+U29-W29 -> 10.617424 | Y29: - 1군 판매단가 인하
B30: 부산크라샤 | C30: 부산크라샤 | G30: =+I30 -> 부산CR | I30: 부산CR | J30: =+IFERROR(HLOOKUP($B30,'[1]7월누계'!$D$6:$BN$259,2,),)/1000 -> 167.97952 | K30: =+IFERROR(HLOOKUP($C30,'[2]7월누계'!$F$6:$CP$99,2,),)/1000 -> 126.787 | L30: =+K30-J30 -> -41.192521 | M30: =+IFERROR(HLOOKUP($C30,'[3]7월누계'!$F$6:$CC$57,2,),)/1000 -> 249.894 | N30: =+K30-M30 -> -123.107 | O30: =+IFERROR(HLOOKUP($B30,'[1]7월누계'!$D$6:$BN$259,3,),)/1000 -> 2884.5002 | P30: =+IFERROR(HLOOKUP($C30,'[2]7월누계'!$F$6:$CP$99,3,),)/1000 -> 2414.7205 | Q30: =+P30-O30 -> -469.77966 | R30: =+IFERROR(HLOOKUP($C30,'[3]7월누계'!$F$6:$CC$57,3,),)/1000 -> 4609.585 | S30: =+P30-R30 -> -2194.8645 | T30: =+IFERROR(HLOOKUP($B30,'[1]7월누계'!$D$6:$BN$259,21,),)/1000 -> -237.54029 | U30: =+IFERROR(HLOOKUP($C30,'[2]7월누계'!$F$6:$CP$99,21,),)/1000 -> -897.2975 | V30: =+U30-T30 -> -659.75722 | W30: =+IFERROR(HLOOKUP($C30,'[3]7월누계'!$F$6:$CC$57,21,),)/1000 -> 153.62555 | X30: =+U30-W30 -> -1050.9231 | Y30: · 천안 아산지역 2,600원/㎥↓, 창원 2,900원/㎥↓(4/1), 울산 ,1900원/㎥↓(7/1)
H31: 골재 계 | J31: =SUM(J28:J30) -> 663.11954 | K31: =SUM(K28:K30) -> 442.083 | L31: =+K31-J31 -> -221.03654 | M31: =SUM(M28:M30) -> 557.661 | N31: =+K31-M31 -> -115.578 | O31: =SUM(O28:O30) -> 12310.549 | P31: =SUM(P28:P30) -> 9317.8465 | Q31: =+P31-O31 -> -2992.7029 | R31: =SUM(R28:R30) -> 11222.53 | S31: =+P31-R31 -> -1904.6831 | T31: =SUM(T28:T30) -> 1214.51 | U31: =SUM(U28:U30) -> -624.10863 | V31: =+U31-T31 -> -1838.6186 | W31: =SUM(W28:W30) -> 609.96158 | X31: =+U31-W31 -> -1234.0702 | Y31: - 1군 판가 소급분(마이너스 계산서) : 7.5억(457원/㎥)
B32: 포항임대 | C32: 속초임대 | D32: 강릉임대 | E32: 레미콘임대 계 | G32: =+I32 -> 레미콘임대 | H32: 기타 | I32: 레미콘임대 | L32: =+K32-J32 -> 0 | N32: =+K32-M32 -> 0 | O32: =(IFERROR(HLOOKUP($B32,'[1]7월누계'!$D$6:$BN$259,3,),)++IFERROR(HLOOKUP($C32,'[1]7월누계'!$D$6:$BN$259,3,),)+IFERROR(HLOOKUP($D32,'[1]7월누계'!$D$6:$BN$259,3,),))/1000 -> 539.18667 | P32: =+IFERROR(HLOOKUP($E32,'[2]7월누계'!$F$6:$CP$99,3,),)/1000 -> 420.88 | Q32: =+P32-O32 -> -118.30667 | R32: =+IFERROR(HLOOKUP($E32,'[3]7월누계'!$F$6:$CC$57,3,),)/1000 -> 635.88 | S32: =+P32-R32 -> -215 | T32: =(IFERROR(HLOOKUP($B32,'[1]7월누계'!$D$6:$BN$259,21,),)++IFERROR(HLOOKUP($C32,'[1]7월누계'!$D$6:$BN$259,21,),)+IFERROR(HLOOKUP($D32,'[1]7월누계'!$D$6:$BN$259,21,),))/1000 -> 363.81866 | U32: =+IFERROR(HLOOKUP($E32,'[2]7월누계'!$F$6:$CP$99,16,),)/1000 -> 228.64685 | V32: =+U32-T32 -> -135.17181 | W32: =+IFERROR(HLOOKUP($E32,'[3]7월누계'!$F$6:$CC$57,16,),)/1000 -> 408.82548 | X32: =+U32-W32 -> -180.17863
B33: 부동산임대 | C33: 주유소임대 | E33: 임대 계 | G33: =+I33 -> 임대 | I33: 임대 | L33: =+K33-J33 -> 0 | M33: 0 | N33: =+K33-M33 -> 0 | O33: =(+IFERROR(HLOOKUP($B33,'[1]7월누계'!$D$6:$BN$259,3,),)+IFERROR(HLOOKUP($C33,'[1]7월누계'!$D$6:$BN$259,3,),))/1000 -> 518.6405 | P33: =+IFERROR(HLOOKUP($E33,'[2]7월누계'!$F$6:$CP$99,3,),)/1000 -> 515.08819 | Q33: =+P33-O33 -> -3.552307 | R33: =+IFERROR(HLOOKUP($E33,'[3]7월누계'!$F$6:$CC$57,3,),)/1000 -> 509.29553 | S33: =+P33-R33 -> 5.79266 | T33: =(+IFERROR(HLOOKUP($B33,'[1]7월누계'!$D$6:$BN$259,21,),)+IFERROR(HLOOKUP($C33,'[1]7월누계'!$D$6:$BN$259,21,),))/1000 -> 472.91089 | U33: =+IFERROR(HLOOKUP($E33,'[2]7월누계'!$F$6:$CP$99,16,),)/1000 -> 472.22275 | V33: =+U33-T33 -> -0.688138 | W33: =+IFERROR(HLOOKUP($E33,'[3]7월누계'!$F$6:$CC$57,16,),)/1000 -> 463.7079 | X33: =+U33-W33 -> 8.514845 | Y33: - 운반비 협상
B34: 공 통 비 | G34: =+I34 -> 공통비 | I34: 공통비 | L34: =+K34-J34 -> 0 | N34: =+K34-M34 -> 0 | Q34: =+P34-O34 -> 0 | S34: =+P34-R34 -> 0 | T34: =-'[1]7월누계'!$Z$22/1000 -> -11349.855 | U34: =+-'[2]7월누계'!$Z$22/1000 -> -11476.264 | V34: =+U34-T34 -> -126.40932 | W34: =+-'[3]7월누계'!$Z$22/1000 -> -10390.772 | X34: =+U34-W34 -> -1085.4923 | Y34: · 부산권 4천원, 창원 3.5천원 / 제주 협상完 500원/㎥ 인상
G35: =+I35 -> OPC 소급분 | I35: OPC 소급분 | N35: =+K35-M35 -> 0 | Q35: =+P35-O35 -> 0 | S35: =+P35-R35 -> 0 | U35: ='[2]7월누계'!$BD$26/1000 -> 0 | V35: =+U35-T35 -> 0 | W35: =-'[3]7월누계'!$BD$26/1000 -> 0 | X35: =+U35-W35 -> 0 | Y35: 원주 2천원/회(1년), 군산 2개년 합의, 7/15 (25년 2.5천원. 26년 3.5천원)
G36: =+I36 -> 대손 | I36: 대손 | N36: =+K36-M36 -> 0 | Q36: =+P36-O36 -> 0 | S36: =+P36-R36 -> 0 | U36: ='[2]7월누계'!$BE$26/1000 -> -828.70973 | V36: =+U36-T36 -> -828.70973 | W36: ='[3]7월누계'!$BE$26/1000 -> -975.50771 | X36: =+U36-W36 -> 146.79798 | Y36: 인천, 김포3,300원/회 ↑, 군산 25년 2.5천원. 26년 3.5천원
G37: =+I37 -> 미운영 공장 | I37: 미운영 공장 | Q37: =+P37-O37 -> 0 | R37: =+IFERROR(HLOOKUP($I$37,'[3]7월누계'!$F$6:$BJ$50,3,),)/1000 -> 0 | S37: =+P37-R37 -> 0 | T37: =SUM('[1]7월누계'!$AM$26:$AQ$26)/1000 -> -220.01654 | U37: =+'[2]7월누계'!$BF$26/1000 -> -220.24499 | V37: =+U37-T37 -> -0.228455 | W37: =+'[3]7월누계'!$BF$26/1000 -> -295.37435 | X37: =+U37-W37 -> 75.12936
B38: 기타 계 | G38: =+I38 -> 퇴직위로금 | I38: 퇴직위로금 | U38: =+'[2]7월누계'!$BG$26/1000 -> -759.34319 | V38: =+U38-T38 -> -759.34319 | X38: =+U38-W38 -> -759.34319
G39: =+I39 -> 기타 | I39: 기타 | L39: =+K39-J39 -> 0 | N39: =+K39-M39 -> 0 | O39: =IFERROR(HLOOKUP($B38,'[1]7월누계'!$D$6:$BN$259,3,),)/1000 -> 12.39 | P39: =+('[2]7월누계'!$F$8-SUM('[2]7월누계'!$Z$8,'[2]7월누계'!$AH$8,'[2]7월누계'!$AN$8,'[2]7월누계'!$AO$8,'[2]7월누계'!$BA$8,'[2]7월누계'!$BD$8,'[2]7월누계'!$BE$8,'[2]7월누계'!$BF$8))/1000 -> 11.75485 | Q39: =+P39-O39 -> -0.63515 | R39: =+('[3]7월누계'!$F$8-SUM('[3]7월누계'!$Z$8,'[3]7월누계'!$AH$8,'[3]7월누계'!$AN$8,'[3]7월누계'!$AO$8,'[3]7월누계'!$BA$8,'[3]7월누계'!$BD$8,'[3]7월누계'!$BE$8,'[3]7월누계'!$BF$8))/1000 -> 12.0338 | S39: =+P39-R39 -> -0.27895 | T39: =+('[1]7월누계'!$E$26-'[1]7월누계'!$Z$26-'[1]7월누계'!$AA$26-'[1]7월누계'!$AE$26-'[1]7월누계'!$AL$26-'[1]7월누계'!$AM$26-'[1]7월누계'!$AN$26-'[1]7월누계'!$AO$26-'[1]7월누계'!$AP$26-'[1]7월누계'!$AQ$26-'[1]7월누계'!$AS$26)/1000+'[1]7월누계'!$AS$26/1000 -> -439.38572 | U39: =+('[2]7월누계'!$F$26-SUM('[2]7월누계'!$Z$26,'[2]7월누계'!$AH$26,'[2]7월누계'!$AN$26,'[2]7월누계'!$AO$26,'[2]7월누계'!$BA$26,'[2]7월누계'!$BD$26,'[2]7월누계'!$BE$26,'[2]7월누계'!$BF$26))/1000-U38 -> -45.965741 | V39: =+U39-T39 -> 393.41998 | W39: =+('[3]7월누계'!$F$26-SUM('[3]7월누계'!$Z$26,'[3]7월누계'!$AH$26,'[3]7월누계'!$AN$26,'[3]7월누계'!$AO$26,'[3]7월누계'!$BA$26,'[3]7월누계'!$BD$26,'[3]7월누계'!$BE$26,'[3]7월누계'!$BF$26))/1000 -> -176.42086 | X39: =+U39-W39 -> 130.45512
H40: 기타 계 | J40: =SUM(J32:J39) -> 0 | K40: =SUM(K32:K39) -> 0 | L40: =+K40-J40 -> 0 | M40: =SUM(M32:M39) -> 0 | N40: =+K40-M40 -> 0 | O40: =SUM(O32:O39) -> 1070.2172 | P40: =SUM(P32:P39) -> 947.72304 | Q40: =+P40-O40 -> -122.49412 | R40: =SUM(R32:R39) -> 1157.2093 | S40: =+P40-R40 -> -209.48629 | T40: =SUM(T32:T39) -> -11172.527 | U40: =SUM(U32:U39) -> -12629.658 | V40: =+U40-T40 -> -1457.1307 | W40: =SUM(W32:W39) -> -10965.541 | X40: =+U40-W40 -> -1664.1168
U41: 19 | V41: 12.4
G42: =+P42/O42 -> 0.86126074 | H42: 합계 | O42: =+O27+O31+O40 -> 201037.13 | P42: =+P27+P31+P40 -> 173145.39 | Q42: =+P42-O42 -> -27891.742 | R42: =+R27+R31+R40 -> 218757.83 | S42: =+P42-R42 -> -45612.448 | T42: =+T27+T31+T40 -> 5990.7109 | U42: =+U27+U31+U40 -> -4172.4539 | V42: =+U42-T42 -> -10163.165 | W42: =+W27+W31+W40 -> 13291.28 | X42: =+U42-W42 -> -17463.734
G43: =+U42/T42 -> -0.69648726 | P43: =+P42/O42 -> 0.86126074 | R43: =+P42/R42 -> 0.79149342 | T43: =+T42/O42 -> 0.029799028 | U43: =+U42/P42 -> -0.024097979 | V43: =+V42/100 -> -101.63165 | X43: =+X42/100 -> -174.63734
K44: =+K31/J31 -> 0.66667165 | M44: =+K31/M31 -> 0.79274505
I45: 확인 | J45: =+'[1]7월누계'!$Z$7/1000 -> 1867 | K45: =+'[2]7월누계'!$AI$7/1000 -> 1652.7105 | M45: =+'[3]7월누계'!$Z$7/1000 -> 2034.9062 | O45: =('[1]7월누계'!$E$8-'[1]7월누계'!$AA$8)/1000 -> 201037.13 | P45: =('[2]7월누계'!$F$8-'[2]7월누계'!$AO$8)/1000 -> 173145.39 | R45: =('[3]7월누계'!$F$8-'[3]7월누계'!$AO$8)/1000 -> 218757.83 | T45: =('[1]7월누계'!$E$26-'[1]7월누계'!$AA$26)/1000 -> 5990.7109 | U45: =('[2]7월누계'!$F$26-'[2]7월누계'!$AO$26)/1000 -> -4172.4539 | W45: =('[3]7월누계'!$F$26-'[3]7월누계'!$AO$26)/1000 -> 13291.28
J46: =+J45-J27 -> 0 | K46: =+K45-K27 -> 0 | M46: =+M45-M27 -> 0 | O46: =+O45-O42 -> 0 | P46: =+P45-P42 -> 0 | R46: =+R45-R42 -> 0 | T46: =+T45-T42 -> 0 | U46: =+U45-U42 -> 0 | W46: =+W45-W42 -> 0
T48: =+T27+T34 -> 4598.8736 | U48: =+U27+U34 -> -2394.9512
T49: =+T48/O27 -> 0.024506889 | U49: =+U48/P27 -> -0.014703793 | V49: =+U49-T49 -> -0.039210682

Sheet 영업이익
D4: □ 레미콘 영업이익 차이분석(2025-07)
W5: [단위 : 백만원, 천㎥]
A6: 2024년 12월 마감 손익 | D6: 구분 | E6: 영업이익(공통비 미배부) | H6: 물량 차이 | L6: 판매단가 차이 | P6: 제조원가 차이 | T6: 판관비 등 차이
E7: 계획 | F7: 실적 | G7: 차이 | H7: 계획 | I7: 실적 | J7: 차이 | K7: 손익 | L7: 계획 | M7: 실적 | N7: 차이 | O7: 손익 | P7: 계획 | Q7: 실적 | R7: 차이 | S7: 손익 | T7: 계획 | U7: 실적 | V7: 차이 | W7: 손익
D8: 합계 | E8: =+[4]합계!$H$86/1000 -> 2905.686 | F8: =+[4]합계!$I$86/1000 -> 1377.1993 | G8: =+F8-E8 -> -1528.4867 | H8: =+[4]합계!$T$5/1000 -> 284 | I8: =+[4]합계!$U$5/1000 -> 224.8465 | J8: =+I8-H8 -> -59.1535 | K8: =+[4]합계!$M$86/1000 -> -832.36308 | L8: =+[4]합계!$Q$85 -> 100718.51 | M8: =+[4]합계!$R$85 -> 98789.633 | N8: =+M8-L8 -> -1928.8776 | O8: =+[4]합계!$K$86/1000 -> -431.48123 | P8: =+[4]합계!$Q$50 -> 86872.861 | Q8: =+[4]합계!$R$50 -> 87976.032 | R8: =+Q8-P8 -> 1103.1704 | S8: =+[4]합계!$L$56/1000 -> -161.64753 | T8: =+([4]합계!$H$80+[4]합계!$H$85)/1000 -> 1026.4785 | U8: =+([4]합계!$I$80+[4]합계!$I$85)/1000 -> 1129.4734 | V8: =+U8-T8 -> 102.99485 | W8: =+([4]합계!$L$80+[4]합계!$L$85)/1000 -> -102.99485 | Y8: =+G8-K8-O8-S8-W8 -> -1.3216095e-12 | Z8: =+Y8*1000000 -> -1.3216095e-06
D9: 수도권 | E9: =+[4]수도권!$H$86/1000 -> 809.68496 | F9: =+[4]수도권!$I$86/1000 -> 262.21208 | G9: =+F9-E9 -> -547.47288 | H9: =+[4]수도권!$T$5/1000 -> 107 | I9: =+[4]수도권!$U$5/1000 -> 78.037 | J9: =+I9-H9 -> -28.963 | K9: =+[4]수도권!$M$86/1000 -> -309.57861 | L9: =+[4]수도권!$Q$85 -> 97456.22 | M9: =+[4]수도권!$R$85 -> 96700.299 | N9: =+M9-L9 -> -755.92071 | O9: =+[4]수도권!$K$86/1000 -> -58.503728 | P9: =+[4]수도권!$Q$50 -> 86933.234 | Q9: =+[4]수도권!$R$50 -> 88955.508 | R9: =+Q9-P9 -> 2022.2743 | S9: =+[4]수도권!$L$56/1000 -> -156.67678 | T9: =+([4]수도권!$H$80+[4]수도권!$H$85)/1000 -> 316.27451 | U9: =+([4]수도권!$I$80+[4]수도권!$I$85)/1000 -> 338.98827 | V9: =+U9-T9 -> 22.713761 | W9: =+([4]수도권!$L$80+[4]수도권!$L$85)/1000 -> -22.713761 | Y9: =+G9-K9-O9-S9-W9 -> 9.2370556e-13 | Z9: =+Y9*1000000 -> 9.2370556e-07
D10: 영남권 | E10: =+[4]영남권!$H$86/1000 -> 1139.0335 | F10: =+[4]영남권!$I$86/1000 -> 781.46221 | G10: =+F10-E10 -> -357.57133 | H10: =+[4]영남권!$T$5/1000 -> 121.5 | I10: =+[4]영남권!$U$5/1000 -> 105.781 | J10: =+I10-H10 -> -15.719 | K10: =+[4]영남권!$M$86/1000 -> -217.99089 | L10: =+[4]영남권!$Q$85 -> 100570.95 | M10: =+[4]영남권!$R$85 -> 98825.474 | N10: =+M10-L10 -> -1745.4752 | O10: =+[4]영남권!$K$86/1000 -> -183.95738 | P10: =+[4]영남권!$Q$50 -> 86999.784 | Q10: =+[4]영남권!$R$50 -> 86725.996 | R10: =+Q10-P10 -> -273.78795 | S10: =+[4]영남권!$L$56/1000 -> 114.79447 | T10: =+([4]영남권!$H$80+[4]영남권!$H$85)/1000 -> 509.86298 | U10: =+([4]영남권!$I$80+[4]영남권!$I$85)/1000 -> 580.28051 | V10: =+U10-T10 -> 70.417538 | W10: =+([4]영남권!$L$80+[4]영남권!$L$85)/1000 -> -70.417538 | Y10: =+G10-K10-O10-S10-W10 -> 7.9580786e-13 | Z10: =+Y10*1000000 -> 7.9580786e-07
D11: 기타권 | E11: =+[4]중부권!$H$86/1000 -> 956.96748 | F11: =+[4]중부권!$I$86/1000 -> 333.525 | G11: =+F11-E11 -> -623.44248 | H11: =+[4]중부권!$T$5/1000 -> 55.5 | I11: =+[4]중부권!$U$5/1000 -> 41.0285 | J11: =+I11-H11 -> -14.4715 | K11: =+[4]중부권!$M$86/1000 -> -304.22617 | L11: =+[4]중부권!$Q$85 -> 107331.01 | M11: =+[4]중부권!$R$85 -> 102649.88 | N11: =+M11-L11 -> -4681.1328 | O11: =+[4]중부권!$K$86/1000 -> -191.50748 | P11: =+[4]중부권!$Q$50 -> 86478.608 | Q11: =+[4]중부권!$R$50 -> 89362.007 | R11: =+Q11-P11 -> 2883.3994 | S11: =+[4]중부권!$L$56/1000 -> -117.84528 | T11: =+([4]중부권!$H$80+[4]중부권!$H$85)/1000 -> 200.34102 | U11: =+([4]중부권!$I$80+[4]중부권!$I$85)/1000 -> 210.20457 | V11: =+U11-T11 -> 9.8635513 | W11: =+([4]중부권!$L$80+[4]중부권!$L$85)/1000 -> -9.8635513 | Y11: =+G11-K11-O11-S11-W11 -> -5.062617e-13 | Z11: =+Y11*1000000 -> -5.062617e-07
D12: 안양 | E12: =+[4]안양!$H$86/1000 -> 350.33093 | F12: =+[4]안양!$I$86/1000 -> 271.23666 | G12: =+F12-E12 -> -79.094267 | H12: =+[4]안양!$T$5/1000 -> 38 | I12: =+[4]안양!$U$5/1000 -> 31.797 | J12: =+I12-H12 -> -6.203 | K12: =+[4]안양!$M$86/1000 -> -74.105264 | L12: =+[4]안양!$Q$85 -> 98492.76 | M12: =+[4]안양!$R$85 -> 96371.938 | N12: =+M12-L12 -> -2120.8223 | O12: =+[4]안양!$K$86/1000 -> -67.090093 | P12: =+[4]안양!$Q$50 -> 86745.954 | Q12: =+[4]안양!$R$50 -> 84654.684 | R12: =+Q12-P12 -> -2091.2701 | S12: =+[4]안양!$L$56/1000 -> 66.352891 | T12: =+([4]안양!$H$80+[4]안양!$H$85)/1000 -> 96.047684 | U12: =+([4]안양!$I$80+[4]안양!$I$85)/1000 -> 100.29948 | V12: =+U12-T12 -> 4.2518005 | W12: =+([4]안양!$L$80+[4]안양!$L$85)/1000 -> -4.2518005 | Y12: =+G12-K12-O12-S12-W12 -> 2.1227464e-13 | Z12: =+Y12*1000000 -> 2.1227464e-07
D13: 인천 | E13: =+[4]인천!$H$86/1000 -> 199.14701 | F13: =+[4]인천!$I$86/1000 -> 21.73516 | G13: =+F13-E13 -> -177.41185 | H13: =+[4]인천!$T$5/1000 -> 32 | I13: =+[4]인천!$U$5/1000 -> 25.068 | J13: =+I13-H13 -> -6.932 | K13: =+[4]인천!$M$86/1000 -> -63.791035 | L13: =+[4]인천!$Q$85 -> 97781.229 | M13: =+[4]인천!$R$85 -> 97553.472 | N13: =+M13-L13 -> -227.75743 | O13: =+[4]인천!$K$86/1000 -> -5.7094232 | P13: =+[4]인천!$Q$50 -> 88578.83 | Q13: =+[4]인천!$R$50 -> 92575.326 | R13: =+Q13-P13 -> 3996.4969 | S13: =+[4]인천!$L$56/1000 -> -100.21659 | T13: =+([4]인천!$H$80+[4]인천!$H$85)/1000 -> 95.329778 | U13: =+([4]인천!$I$80+[4]인천!$I$85)/1000 -> 103.02458 | V13: =+U13-T13 -> 7.6947992 | W13: =+([4]인천!$L$80+[4]인천!$L$85)/1000 -> -7.6947992 | Y13: =+G13-K13-O13-S13-W13 -> -6.750156e-14 | Z13: =+Y13*1000000 -> -6.750156e-08
D14: 파주 | E14: =+[4]파주!$H$86/1000 -> 146.87531 | F14: =+[4]파주!$I$86/1000 -> -22.290701 | G14: =+F14-E14 -> -169.16601 | H14: =+[4]파주!$T$5/1000 -> 22 | I14: =+[4]파주!$U$5/1000 -> 11.935 | J14: =+I14-H14 -> -10.065 | K14: =+[4]파주!$M$86/1000 -> -102.8958 | L14: =+[4]파주!$Q$85 -> 97271.457 | M14: =+[4]파주!$R$85 -> 94629.836 | N14: =+M14-L14 -> -2641.621 | O14: =+[4]파주!$K$86/1000 -> -30.259769 | P14: =+[4]파주!$Q$50 -> 87391.343 | Q14: =+[4]파주!$R$50 -> 89789.415 | R14: =+Q14-P14 -> 2398.0718 | S14: =+[4]파주!$L$56/1000 -> -27.569605 | T14: =+([4]파주!$H$80+[4]파주!$H$85)/1000 -> 70.487205 | U14: =+([4]파주!$I$80+[4]파주!$I$85)/1000 -> 78.928036 | V14: =+U14-T14 -> 8.4408302 | W14: =+([4]파주!$L$80+[4]파주!$L$85)/1000 -> -8.4408302 | Y14: =+G14-K14-O14-S14-W14 -> -3.9790393e-13 | Z14: =+Y14*1000000 -> -3.9790393e-07
D15: 김포 | E15: =+[4]김포!$H$86/1000 -> 113.33171 | F15: =+[4]김포!$I$86/1000 -> -8.469041 | G15: =+F15-E15 -> -121.80075 | H15: =+[4]김포!$T$5/1000 -> 15 | I15: =+[4]김포!$U$5/1000 -> 9.237 | J15: =+I15-H15 -> -5.763 | K15: =+[4]김포!$M$86/1000 -> -64.446303 | L15: =+[4]김포!$Q$85 -> 94407.949 | M15: =+[4]김포!$R$85 -> 98077.066 | N15: =+M15-L15 -> 3669.1171 | O15: =+[4]김포!$K$86/1000 -> 33.891635 | P15: =+[4]김포!$Q$50 -> 83225.179 | Q15: =+[4]김포!$R$50 -> 92851.653 | R15: =+Q15-P15 -> 9626.4734 | S15: =+[4]김포!$L$56/1000 -> -88.919751 | T15: =+([4]김포!$H$80+[4]김포!$H$85)/1000 -> 54.409839 | U15: =+([4]김포!$I$80+[4]김포!$I$85)/1000 -> 56.73617 | V15: =+U15-T15 -> 2.3263309 | W15: =+([4]김포!$L$80+[4]김포!$L$85)/1000 -> -2.3263309 | Y15: =+G15-K15-O15-S15-W15 -> 1.1501911e-13 | Z15: =+Y15*1000000 -> 1.1501911e-07
D16: 부산 | E16: =+[4]부산!$H$86/1000 -> 203.15402 | F16: =+[4]부산!$I$86/1000 -> 219.61332 | G16: =+F16-E16 -> 16.459294 | H16: =+[4]부산!$T$5/1000 -> 21 | I16: =+[4]부산!$U$5/1000 -> 20.063 | J16: =+I16-H16 -> -0.937 | K16: =+[4]부산!$M$86/1000 -> -13.238273 | L16: =+[4]부산!$Q$85 -> 107700.18 | M16: =+[4]부산!$R$85 -> 110339.14 | N16: =+M16-L16 -> 2638.9519 | O16: =+[4]부산!$K$86/1000 -> 52.945292 | P16: =+[4]부산!$Q$50 -> 93571.825 | Q16: =+[4]부산!$R$50 -> 94098.077 | R16: =+Q16-P16 -> 526.25141 | S16: =+[4]부산!$L$56/1000 -> 62.627544 | T16: =+([4]부산!$H$80+[4]부산!$H$85)/1000 -> 93.541527 | U16: =+([4]부산!$I$80+[4]부산!$I$85)/1000 -> 179.41679 | V16: =+U16-T16 -> 85.875268 | W16: =+([4]부산!$L$80+[4]부산!$L$85)/1000 -> -85.875268 | Y16: =+G16-K16-O16-S16-W16 -> -5.5422333e-13 | Z16: =+Y16*1000000 -> -5.5422333e-07
D17: 서부산 | E17: =+[4]서부산!$H$86/1000 -> 206.85424 | F17: =+[4]서부산!$I$86/1000 -> 189.74493 | G17: =+F17-E17 -> -17.109305 | H17: =+[4]서부산!$T$5/1000 -> 20 | I17: =+[4]서부산!$U$5/1000 -> 16.44 | J17: =+I17-H17 -> -3.56 | K17: =+[4]서부산!$M$86/1000 -> -50.495988 | L17: =+[4]서부산!$Q$85 -> 99299.609 | M17: =+[4]서부산!$R$85 -> 102986.42 | N17: =+M17-L17 -> 3686.8143 | O17: =+[4]서부산!$K$86/1000 -> 60.611226 | P17: =+[4]서부산!$Q$50 -> 85115.343 | Q17: =+[4]서부산!$R$50 -> 85801.704 | R17: =+Q17-P17 -> 686.36082 | S17: =+[4]서부산!$L$56/1000 -> -8.1154812 | T17: =+([4]서부산!$H$80+[4]서부산!$H$85)/1000 -> 76.831091 | U17: =+([4]서부산!$I$80+[4]서부산!$I$85)/1000 -> 95.940152 | V17: =+U17-T17 -> 19.109062 | W17: =+([4]서부산!$L$80+[4]서부산!$L$85)/1000 -> -19.109062 | Y17: =+G17-K17-O17-S17-W17 -> 4.1211479e-13 | Z17: =+Y17*1000000 -> 4.1211479e-07
D18: 김해 | E18: =+[4]김해!$H$86/1000 -> 107.85098 | F18: =+[4]김해!$I$86/1000 -> -5.057841 | G18: =+F18-E18 -> -112.90882 | H18: =+[4]김해!$T$5/1000 -> 13 | I18: =+[4]김해!$U$5/1000 -> 7.547 | J18: =+I18-H18 -> -5.453 | K18: =+[4]김해!$M$86/1000 -> -69.365445 | L18: =+[4]김해!$Q$85 -> 96299.673 | M18: =+[4]김해!$R$85 -> 94496.48 | N18: =+M18-L18 -> -1803.1931 | O18: =+[4]김해!$K$86/1000 -> -13.165113 | P18: =+[4]김해!$Q$50 -> 84018.142 | Q18: =+[4]김해!$R$50 -> 89465.703 | R18: =+Q18-P18 -> 5447.5604 | S18: =+[4]김해!$L$56/1000 -> -37.55326 | T18: =+([4]김해!$H$80+[4]김해!$H$85)/1000 -> 51.808924 | U18: =+([4]김해!$I$80+[4]김해!$I$85)/1000 -> 44.633926 | V18: =+U18-T18 -> -7.1749985 | W18: =+([4]김해!$L$80+[4]김해!$L$85)/1000 -> 7.1749985 | Y18: =+G18-K18-O18-S18-W18 -> 7.0166095e-14 | Z18: =+Y18*1000000 -> 7.0166095e-08
D19: 정관 | E19: =+[4]정관!$H$86/1000 -> 166.78418 | F19: =+[4]정관!$I$86/1000 -> 202.85136 | G19: =+F19-E19 -> 36.067174 | H19: =+[4]정관!$T$5/1000 -> 19 | I19: =+[4]정관!$U$5/1000 -> 23.754 | J19: =+I19-H19 -> 4.754 | K19: =+[4]정관!$M$86/1000 -> 60.559247 | L19: =+[4]정관!$Q$85 -> 102000.43 | M19: =+[4]정관!$R$85 -> 96533.94 | N19: =+M19-L19 -> -5466.4944 | O19: =+[4]정관!$K$86/1000 -> -129.85111 | P19: =+[4]정관!$Q$50 -> 89261.846 | Q19: =+[4]정관!$R$50 -> 85148.182 | R19: =+Q19-P19 -> -4113.664 | S19: =+[4]정관!$L$56/1000 -> 105.35273 | T19: =+([4]정관!$H$80+[4]정관!$H$85)/1000 -> 75.248987 | U19: =+([4]정관!$I$80+[4]정관!$I$85)/1000 -> 75.242683 | V19: =+U19-T19 -> -0.0063043422 | W19: =+([4]정관!$L$80+[4]정관!$L$85)/1000 -> 0.0063043422 | Y19: =+G19-K19-O19-S19-W19 -> -1.2051124e-14 | Z19: =+Y19*1000000 -> -1.2051124e-08
D20: 양산 | E20: =+[4]양산!$H$86/1000 -> 84.782211 | F20: =+[4]양산!$I$86/1000 -> -16.390338 | G20: =+F20-E20 -> -101.17255 | H20: =+[4]양산!$T$5/1000 -> 11 | I20: =+[4]양산!$U$5/1000 -> 6.588 | J20: =+I20-H20 -> -4.412 | K20: =+[4]양산!$M$86/1000 -> -51.536193 | L20: =+[4]양산!$Q$85 -> 94826.75 | M20: =+[4]양산!$R$85 -> 91860.056 | N20: =+M20-L20 -> -2966.6941 | O20: =+[4]양산!$K$86/1000 -> -19.117377 | P20: =+[4]양산!$Q$50 -> 83515.031 | Q20: =+[4]양산!$R$50 -> 88162.695 | R20: =+Q20-P20 -> 4647.6638 | S20: =+[4]양산!$L$56/1000 -> -29.554972 | T20: =+([4]양산!$H$80+[4]양산!$H$85)/1000 -> 39.6467 | U20: =+([4]양산!$I$80+[4]양산!$I$85)/1000 -> 40.610708 | V20: =+U20-T20 -> 0.96400727 | W20: =+([4]양산!$L$80+[4]양산!$L$85)/1000 -> -0.96400727 | Y20: =+G20-K20-O20-S20-W20 -> -8.5376151e-14 | Z20: =+Y20*1000000 -> -8.5376151e-08
D21: 창원 | E21: =+[4]창원!$H$86/1000 -> 147.05171 | F21: =+[4]창원!$I$86/1000 -> 31.227734 | G21: =+F21-E21 -> -115.82398 | H21: =+[4]창원!$T$5/1000 -> 13 | I21: =+[4]창원!$U$5/1000 -> 10.308 | J21: =+I21-H21 -> -2.692 | K21: =+[4]창원!$M$86/1000 -> -44.48998 | L21: =+[4]창원!$Q$85 -> 101100.38 | M21: =+[4]창원!$R$85 -> 87859.405 | N21: =+M21-L21 -> -13240.975 | O21: =+[4]창원!$K$86/1000 -> -136.48797 | P21: =+[4]창원!$Q$50 -> 84573.642 | Q21: =+[4]창원!$R$50 -> 79180.786 | R21: =+Q21-P21 -> -5392.8563 | S21: =+[4]창원!$L$56/1000 -> 55.589564 | T21: =+([4]창원!$H$80+[4]창원!$H$85)/1000 -> 67.795885 | U21: =+([4]창원!$I$80+[4]창원!$I$85)/1000 -> 58.231479 | V21: =+U21-T21 -> -9.5644063 | W21: =+([4]창원!$L$80+[4]창원!$L$85)/1000 -> 9.5644063 | Y21: =+G21-K21-O21-S21-W21 -> -1.5454305e-13 | Z21: =+Y21*1000000 -> -1.5454305e-07
D22: 대구 | E22: =+[4]대구!$H$86/1000 -> 121.12418 | F22: =+[4]대구!$I$86/1000 -> -8.611968 | G22: =+F22-E22 -> -129.73615 | H22: =+[4]대구!$T$5/1000 -> 12.5 | I22: =+[4]대구!$U$5/1000 -> 8.0065 | J22: =+I22-H22 -> -4.4935 | K22: =+[4]대구!$M$86/1000 -> -62.743825 | L22: =+[4]대구!$Q$85 -> 95916.085 | M22: =+[4]대구!$R$85 -> 86761.744 | N22: =+M22-L22 -> -9154.3412 | O22: =+[4]대구!$K$86/1000 -> -73.294233 | P22: =+[4]대구!$Q$50 -> 81952.843 | Q22: =+[4]대구!$R$50 -> 82243.61 | R22: =+Q22-P22 -> 290.76641 | S22: =+[4]대구!$L$56/1000 -> -2.3280109 | T22: =+([4]대구!$H$80+[4]대구!$H$85)/1000 -> 53.416339 | U22: =+([4]대구!$I$80+[4]대구!$I$85)/1000 -> 44.786416 | V22: =+U22-T22 -> -8.629923 | W22: =+([4]대구!$L$80+[4]대구!$L$85)/1000 -> 8.629923 | Y22: =+G22-K22-O22-S22-W22 -> 0 | Z22: =+Y22*1000000 -> 0
D23: 울산 | E23: =+[4]울산!$H$86/1000 -> 101.43202 | F23: =+[4]울산!$I$86/1000 -> 168.08502 | G23: =+F23-E23 -> 66.652996 | H23: =+[4]울산!$T$5/1000 -> 12 | I23: =+[4]울산!$U$5/1000 -> 13.0745 | J23: =+I23-H23 -> 1.0745 | K23: =+[4]울산!$M$86/1000 -> 13.700372 | L23: =+[4]울산!$Q$85 -> 102118.33 | M23: =+[4]울산!$R$85 -> 101972.52 | N23: =+M23-L23 -> -145.80911 | O23: =+[4]울산!$K$86/1000 -> -1.9063812 | P23: =+[4]울산!$Q$50 -> 89367.871 | Q23: =+[4]울산!$R$50 -> 85948.636 | R23: =+Q23-P23 -> -3419.2347 | S23: =+[4]울산!$L$56/1000 -> 44.703839 | T23: =+([4]울산!$H$80+[4]울산!$H$85)/1000 -> 51.573522 | U23: =+([4]울산!$I$80+[4]울산!$I$85)/1000 -> 41.418356 | V23: =+U23-T23 -> -10.155166 | W23: =+([4]울산!$L$80+[4]울산!$L$85)/1000 -> 10.155166 | Y23: =+G23-K23-O23-S23-W23 -> 5.3290705e-14 | Z23: =+Y23*1000000 -> 5.3290705e-08
D24: 아산 | E24: =+[4]아산!$H$86/1000 -> 353.83816 | F24: =+[4]아산!$I$86/1000 -> 70.33137 | G24: =+F24-E24 -> -283.50679 | H24: =+[4]아산!$T$5/1000 -> 24 | I24: =+[4]아산!$U$5/1000 -> 19.911 | J24: =+I24-H24 -> -4.089 | K24: =+[4]아산!$M$86/1000 -> -74.160615 | L24: =+[4]아산!$Q$85 -> 103000 | M24: =+[4]아산!$R$85 -> 92622.359 | N24: =+M24-L24 -> -10377.641 | O24: =+[4]아산!$K$86/1000 -> -206.62921 | P24: =+[4]아산!$Q$50 -> 84863.386 | Q24: =+[4]아산!$R$50 -> 84853.619 | R24: =+Q24-P24 -> -9.767175 | S24: =+[4]아산!$L$56/1000 -> 0.18752289 | T24: =+([4]아산!$H$80+[4]아산!$H$85)/1000 -> 81.440573 | U24: =+([4]아산!$I$80+[4]아산!$I$85)/1000 -> 84.345065 | V24: =+U24-T24 -> 2.9044915 | W24: =+([4]아산!$L$80+[4]아산!$L$85)/1000 -> -2.9044915 | Y24: =+G24-K24-O24-S24-W24 -> 1.7985613e-13 | Z24: =+Y24*1000000 -> 1.7985613e-07
D25: 전주 | E25: =+[4]전주!$H$86/1000 -> 175.46359 | F25: =+[4]전주!$I$86/1000 -> -28.654789 | G25: =+F25-E25 -> -204.11838 | H25: =+[4]전주!$T$5/1000 -> 12 | I25: =+[4]전주!$U$5/1000 -> 5.565 | J25: =+I25-H25 -> -6.435 | K25: =+[4]전주!$M$86/1000 -> -121.2336 | L25: =+[4]전주!$Q$85 -> 100403.54 | M25: =+[4]전주!$R$85 -> 98512.302 | N25: =+M25-L25 -> -1891.2416 | O25: =+[4]전주!$K$86/1000 -> -10.52476 | P25: =+[4]전주!$Q$50 -> 81563.822 | Q25: =+[4]전주!$R$50 -> 94055.429 | R25: =+Q25-P25 -> 12491.607 | S25: =+[4]전주!$L$56/1000 -> -69.515798 | T25: =+([4]전주!$H$80+[4]전주!$H$85)/1000 -> 50.613058 | U25: =+([4]전주!$I$80+[4]전주!$I$85)/1000 -> 53.457279 | V25: =+U25-T25 -> 2.8442214 | W25: =+([4]전주!$L$80+[4]전주!$L$85)/1000 -> -2.8442214 | Y25: =+G25-K25-O25-S25-W25 -> 8.9261931e-14 | Z25: =+Y25*1000000 -> 8.9261931e-08
D26: 군산 | E26: =+[4]군산!$H$86/1000 -> 173.50943 | F26: =+[4]군산!$I$86/1000 -> 131.91551 | G26: =+F26-E26 -> -41.593919 | H26: =+[4]군산!$T$5/1000 -> 6.5 | I26: =+[4]군산!$U$5/1000 -> 5.149 | J26: =+I26-H26 -> -1.351 | K26: =+[4]군산!$M$86/1000 -> -40.781901 | L26: =+[4]군산!$Q$85 -> 111549.03 | M26: =+[4]군산!$R$85 -> 116964.52 | N26: =+M26-L26 -> 5415.4866 | O26: =+[4]군산!$K$86/1000 -> 27.884341 | P26: =+[4]군산!$Q$50 -> 81362.576 | Q26: =+[4]군산!$R$50 -> 86567.629 | R26: =+Q26-P26 -> 5205.0531 | S26: =+[4]군산!$L$56/1000 -> -26.800827 | T26: =+([4]군산!$H$80+[4]군산!$H$85)/1000 -> 22.70253 | U26: =+([4]군산!$I$80+[4]군산!$I$85)/1000 -> 24.598062 | V26: =+U26-T26 -> 1.895532 | W26: =+([4]군산!$L$80+[4]군산!$L$85)/1000 -> -1.895532 | Y26: =+G26-K26-O26-S26-W26 -> -9.0594199e-14 | Z26: =+Y26*1000000 -> -9.0594199e-08
D27: 원주 | E27: =+[4]원주!$H$86/1000 -> 68.202561 | F27: =+[4]원주!$I$86/1000 -> 72.104996 | G27: =+F27-E27 -> 3.9024349 | H27: =+[4]원주!$T$5/1000 -> 4 | I27: =+[4]원주!$U$5/1000 -> 4.105 | J27: =+I27-H27 -> 0.105 | K27: =+[4]원주!$M$86/1000 -> 2.2509354 | L27: =+[4]원주!$Q$85 -> 112000 | M27: =+[4]원주!$R$85 -> 108145.04 | N27: =+M27-L27 -> -3854.9574 | O27: =+[4]원주!$K$86/1000 -> -15.8246 | P27: =+[4]원주!$Q$50 -> 90562.52 | Q27: =+[4]원주!$R$50 -> 85866.311 | R27: =+Q27-P27 -> -4696.2092 | S27: =+[4]원주!$L$56/1000 -> 19.277943 | T27: =+([4]원주!$H$80+[4]원주!$H$85)/1000 -> 17.547358 | U27: =+([4]원주!$I$80+[4]원주!$I$85)/1000 -> 19.349201 | V27: =+U27-T27 -> 1.8018433 | W27: =+([4]원주!$L$80+[4]원주!$L$85)/1000 -> -1.8018433 | Y27: =+G27-K27-O27-S27-W27 -> 3.907985e-14 | Z27: =+Y27*1000000 -> 3.907985e-08
D28: 제주 | E28: =+[4]제주!$H$86/1000 -> 185.95373 | F28: =+[4]제주!$I$86/1000 -> 87.827914 | G28: =+F28-E28 -> -98.125816 | H28: =+[4]제주!$T$5/1000 -> 9 | I28: =+[4]제주!$U$5/1000 -> 6.2985 | J28: =+I28-H28 -> -2.7015 | K28: =+[4]제주!$M$86/1000 -> -67.038697 | L28: =+[4]제주!$Q$85 -> 122995.56 | M28: =+[4]제주!$R$85 -> 123104.52 | N28: =+M28-L28 -> 108.96253 | O28: =+[4]제주!$K$86/1000 -> 0.67344289 | P28: =+[4]제주!$Q$50 -> 99218.752 | Q28: =+[4]제주!$R$50 -> 104289.66 | R28: =+Q28-P28 -> 5070.9105 | S28: =+[4]제주!$L$56/1000 -> -31.343099 | T28: =+([4]제주!$H$80+[4]제주!$H$85)/1000 -> 28.037499 | U28: =+([4]제주!$I$80+[4]제주!$I$85)/1000 -> 28.454963 | V28: =+U28-T28 -> 0.41746324 | W28: =+([4]제주!$L$80+[4]제주!$L$85)/1000 -> -0.41746324 | Y28: =+G28-K28-O28-S28-W28 -> 1.881828e-14 | Z28: =+Y28*1000000 -> 1.881828e-08
Y35: · 집합대손 2.2억 // 개별대손 3억(삼정이앤시) → 안양 2.9억, 양산 0.1억

Sheet 공헌이익
D4: □ 레미콘 단위당 공헌이익(2025-07)
V5: [단위 : 원/㎥]
A6: 2024년 12월 마감 손익 | D6: 구분 | E6: 판매단가 | H6: 재료비 | K6: 운반비 | N6: 유류비 | Q6: 변동비 계 | T6: 공헌이익
E7: 계획 | F7: 실적 | G7: 차이 | H7: 계획 | I7: 실적 | J7: 차이 | K7: 계획 | L7: 실적 | M7: 차이 | N7: 계획 | O7: 실적 | P7: 차이 | Q7: 계획 | R7: 실적 | S7: 차이 | T7: 계획 | U7: 실적 | V7: 차이
D8: 평균 | E8: =+[4]합계!$Q$85 -> 100718.51 | F8: =+[4]합계!$R$85 -> 98789.633 | G8: =+F8-E8 -> -1928.8776 | H8: =+[4]합계!$Q$20 -> 60221.951 | I8: =+[4]합계!$R$20 -> 59808.52 | J8: =+I8-H8 -> -413.43132 | K8: =+[4]합계!$Q$21 -> 18789.035 | L8: =+[4]합계!$R$21 -> 19025.912 | M8: =+L8-K8 -> 236.87706 | N8: =+[4]합계!$Q$22 -> 206.91021 | O8: =+[4]합계!$R$22 -> 219.1199 | P8: =+O8-N8 -> 12.209685 | Q8: =H8+K8+N8 -> 79217.896 | R8: =I8+L8+O8 -> 79053.551 | S8: =+R8-Q8 -> -164.34458 | T8: =+E8-Q8 -> 21500.615 | U8: =+F8-R8 -> 19736.082 | V8: =+U8-T8 -> -1764.533
D9: 수도권 | E9: =+[4]수도권!$Q$85 -> 97456.22 | F9: =+[4]수도권!$R$85 -> 96700.299 | G9: =+F9-E9 -> -755.92071 | H9: =+[4]수도권!$Q$20 -> 61470.078 | I9: =+[4]수도권!$R$20 -> 61039.648 | J9: =+I9-H9 -> -430.42997 | K9: =+[4]수도권!$Q$21 -> 18624.876 | L9: =+[4]수도권!$R$21 -> 18845.705 | M9: =+L9-K9 -> 220.82831 | N9: =+[4]수도권!$Q$22 -> 234.88318 | O9: =+[4]수도권!$R$22 -> 266.22421 | P9: =+O9-N9 -> 31.341036 | Q9: =H9+K9+N9 -> 80329.838 | R9: =I9+L9+O9 -> 80151.577 | S9: =+R9-Q9 -> -178.26062 | T9: =+E9-Q9 -> 17126.382 | U9: =+F9-R9 -> 16548.722 | V9: =+U9-T9 -> -577.6601
D10: 영남권 | E10: =+[4]영남권!$Q$85 -> 100570.95 | F10: =+[4]영남권!$R$85 -> 98825.474 | G10: =+F10-E10 -> -1745.4752 | H10: =+[4]영남권!$Q$20 -> 59292.037 | I10: =+[4]영남권!$R$20 -> 58863.677 | J10: =+I10-H10 -> -428.36014 | K10: =+[4]영남권!$Q$21 -> 19313.855 | L10: =+[4]영남권!$R$21 -> 19280.483 | M10: =+L10-K10 -> -33.371216 | N10: =+[4]영남권!$Q$22 -> 195.72016 | O10: =+[4]영남권!$R$22 -> 175.68512 | P10: =+O10-N10 -> -20.035044 | Q10: =H10+K10+N10 -> 78801.612 | R10: =I10+L10+O10 -> 78319.845 | S10: =+R10-Q10 -> -481.7664 | T10: =+E10-Q10 -> 21769.337 | U10: =+F10-R10 -> 20505.629 | V10: =+U10-T10 -> -1263.7088
D11: 기타권 | E11: =+[4]중부권!$Q$85 -> 107331.01 | F11: =+[4]중부권!$R$85 -> 102649.88 | G11: =+F11-E11 -> -4681.1328 | H11: =+[4]중부권!$Q$20 -> 59851.41 | I11: =+[4]중부권!$R$20 -> 59926.817 | J11: =+I11-H11 -> 75.407271 | K11: =+[4]중부권!$Q$21 -> 17956.59 | L11: =+[4]중부권!$R$21 -> 18707.178 | M11: =+L11-K11 -> 750.58781 | N11: =+[4]중부권!$Q$22 -> 177.47748 | O11: =+[4]중부권!$R$22 -> 242.52928 | P11: =+O11-N11 -> 65.051804 | Q11: =H11+K11+N11 -> 77985.477 | R11: =I11+L11+O11 -> 78876.524 | S11: =+R11-Q11 -> 891.04689 | T11: =+E11-Q11 -> 29345.536 | U11: =+F11-R11 -> 23773.356 | V11: =+U11-T11 -> -5572.1797
D12: 안양 | E12: =+[4]안양!$Q$85 -> 98492.76 | F12: =+[4]안양!$R$85 -> 96371.938 | G12: =+F12-E12 -> -2120.8223 | H12: =+[4]안양!$Q$20 -> 62897.506 | I12: =+[4]안양!$R$20 -> 60038.016 | J12: =+I12-H12 -> -2859.4898 | K12: =+[4]안양!$Q$21 -> 17936.656 | L12: =+[4]안양!$R$21 -> 18077.588 | M12: =+L12-K12 -> 140.93233 | N12: =+[4]안양!$Q$22 -> 197.36842 | O12: =+[4]안양!$R$22 -> 199.49167 | P12: =+O12-N12 -> 2.1232509 | Q12: =H12+K12+N12 -> 81031.53 | R12: =I12+L12+O12 -> 78315.096 | S12: =+R12-Q12 -> -2716.4342 | T12: =+E12-Q12 -> 17461.23 | U12: =+F12-R12 -> 18056.842 | V12: =+U12-T12 -> 595.61193
D13: 인천 | E13: =+[4]인천!$Q$85 -> 97781.229 | F13: =+[4]인천!$R$85 -> 97553.472 | G13: =+F13-E13 -> -227.75743 | H13: =+[4]인천!$Q$20 -> 63512.901 | I13: =+[4]인천!$R$20 -> 64078.761 | J13: =+I13-H13 -> 565.86022 | K13: =+[4]인천!$Q$21 -> 18365.015 | L13: =+[4]인천!$R$21 -> 19388.987 | M13: =+L13-K13 -> 1023.9721 | N13: =+[4]인천!$Q$22 -> 375 | O13: =+[4]인천!$R$22 -> 437.17305 | P13: =+O13-N13 -> 62.173046 | Q13: =H13+K13+N13 -> 82252.916 | R13: =I13+L13+O13 -> 83904.922 | S13: =+R13-Q13 -> 1652.0054 | T13: =+E13-Q13 -> 15528.313 | U13: =+F13-R13 -> 13648.55 | V13: =+U13-T13 -> -1879.7628
D14: 파주 | E14: =+[4]파주!$Q$85 -> 97271.457 | F14: =+[4]파주!$R$85 -> 94629.836 | G14: =+F14-E14 -> -2641.621 | H14: =+[4]파주!$Q$20 -> 59299.168 | I14: =+[4]파주!$R$20 -> 58140.756 | J14: =+I14-H14 -> -1158.4123 | K14: =+[4]파주!$Q$21 -> 20283.755 | L14: =+[4]파주!$R$21 -> 19000.535 | M14: =+L14-K14 -> -1283.2202 | N14: =+[4]파주!$Q$22 -> 211.70455 | O14: =+[4]파주!$R$22 -> 226.91454 | P14: =+O14-N14 -> 15.209992 | Q14: =H14+K14+N14 -> 79794.628 | R14: =I14+L14+O14 -> 77368.205 | S14: =+R14-Q14 -> -2426.4224 | T14: =+E14-Q14 -> 17476.83 | U14: =+F14-R14 -> 17261.631 | V14: =+U14-T14 -> -215.19859
D15: 김포 | E15: =+[4]김포!$Q$85 -> 94407.949 | F15: =+[4]김포!$R$85 -> 98077.066 | G15: =+F15-E15 -> 3669.1171 | H15: =+[4]김포!$Q$20 -> 56679.909 | I15: =+[4]김포!$R$20 -> 59824.145 | J15: =+I15-H15 -> 3144.2364 | K15: =+[4]김포!$Q$21 -> 18489.717 | L15: =+[4]김포!$R$21 -> 19814.453 | M15: =+L15-K15 -> 1324.7362 | N15: =+[4]김포!$Q$22 -> 65 | O15: =+[4]김포!$R$22 -> 79.885461 | P15: =+O15-N15 -> 14.885461 | Q15: =H15+K15+N15 -> 75234.625 | R15: =I15+L15+O15 -> 79718.483 | S15: =+R15-Q15 -> 4483.858 | T15: =+E15-Q15 -> 19173.324 | U15: =+F15-R15 -> 18358.583 | V15: =+U15-T15 -> -814.74088
D16: 부산 | E16: =+[4]부산!$Q$85 -> 107700.18 | F16: =+[4]부산!$R$85 -> 110339.14 | G16: =+F16-E16 -> 2638.9519 | H16: =+[4]부산!$Q$20 -> 64123.387 | I16: =+[4]부산!$R$20 -> 65913.33 | J16: =+I16-H16 -> 1789.943 | K16: =+[4]부산!$Q$21 -> 20705.659 | L16: =+[4]부산!$R$21 -> 20845.258 | M16: =+L16-K16 -> 139.59829 | N16: =+[4]부산!$Q$22 -> 95.238095 | O16: =+[4]부산!$R$22 -> 0 | P16: =+O16-N16 -> -95.238095 | Q16: =H16+K16+N16 -> 84924.284 | R16: =I16+L16+O16 -> 86758.587 | S16: =+R16-Q16 -> 1834.3032 | T16: =+E16-Q16 -> 22775.901 | U16: =+F16-R16 -> 23580.549 | V16: =+U16-T16 -> 804.64868
D17: 서부산 | E17: =+[4]서부산!$Q$85 -> 99299.609 | F17: =+[4]서부산!$R$85 -> 102986.42 | G17: =+F17-E17 -> 3686.8143 | H17: =+[4]서부산!$Q$20 -> 59554.089 | I17: =+[4]서부산!$R$20 -> 61380.483 | J17: =+I17-H17 -> 1826.3936 | K17: =+[4]서부산!$Q$21 -> 17693.26 | L17: =+[4]서부산!$R$21 -> 17207.456 | M17: =+L17-K17 -> -485.80479 | N17: =+[4]서부산!$Q$22 -> 150 | O17: =+[4]서부산!$R$22 -> 91.238299 | P17: =+O17-N17 -> -58.761701 | Q17: =H17+K17+N17 -> 77397.349 | R17: =I17+L17+O17 -> 78679.176 | S17: =+R17-Q17 -> 1281.8271 | T17: =+E17-Q17 -> 21902.26 | U17: =+F17-R17 -> 24307.247 | V17: =+U17-T17 -> 2404.9872
D18: 김해 | E18: =+[4]김해!$Q$85 -> 96299.673 | F18: =+[4]김해!$R$85 -> 94496.48 | G18: =+F18-E18 -> -1803.1931 | H18: =+[4]김해!$Q$20 -> 56040.074 | I18: =+[4]김해!$R$20 -> 55996.777 | J18: =+I18-H18 -> -43.297551 | K18: =+[4]김해!$Q$21 -> 20306.361 | L18: =+[4]김해!$R$21 -> 20927.199 | M18: =+L18-K18 -> 620.83778 | N18: =+[4]김해!$Q$22 -> 353.84615 | O18: =+[4]김해!$R$22 -> 566.17299 | P18: =+O18-N18 -> 212.32684 | Q18: =H18+K18+N18 -> 76700.282 | R18: =I18+L18+O18 -> 77490.149 | S18: =+R18-Q18 -> 789.86706 | T18: =+E18-Q18 -> 19599.391 | U18: =+F18-R18 -> 17006.331 | V18: =+U18-T18 -> -2593.0602
D19: 정관 | E19: =+[4]정관!$Q$85 -> 102000.43 | F19: =+[4]정관!$R$85 -> 96533.94 | G19: =+F19-E19 -> -5466.4944 | H19: =+[4]정관!$Q$20 -> 62503.89 | I19: =+[4]정관!$R$20 -> 60057.795 | J19: =+I19-H19 -> -2446.0953 | K19: =+[4]정관!$Q$21 -> 19614.006 | L19: =+[4]정관!$R$21 -> 18655.097 | M19: =+L19-K19 -> -958.90851 | N19: =+[4]정관!$Q$22 -> 210.52632 | O19: =+[4]정관!$R$22 -> 260.36372 | P19: =+O19-N19 -> 49.837408 | Q19: =H19+K19+N19 -> 82328.422 | R19: =I19+L19+O19 -> 78973.256 | S19: =+R19-Q19 -> -3355.1664 | T19: =+E19-Q19 -> 19672.012 | U19: =+F19-R19 -> 17560.684 | V19: =+U19-T19 -> -2111.3281
D20: 양산 | E20: =+[4]양산!$Q$85 -> 94826.75 | F20: =+[4]양산!$R$85 -> 91860.056 | G20: =+F20-E20 -> -2966.6941 | H20: =+[4]양산!$Q$20 -> 55382.994 | I20: =+[4]양산!$R$20 -> 51408.777 | J20: =+I20-H20 -> -3974.2172 | K20: =+[4]양산!$Q$21 -> 18209.019 | L20: =+[4]양산!$R$21 -> 22466.514 | M20: =+L20-K20 -> 4257.495 | N20: =+[4]양산!$Q$22 -> 72.727273 | O20: =+[4]양산!$R$22 -> 44.971291 | P20: =+O20-N20 -> -27.755982 | Q20: =H20+K20+N20 -> 73664.74 | R20: =I20+L20+O20 -> 73920.262 | S20: =+R20-Q20 -> 255.52178 | T20: =+E20-Q20 -> 21162.01 | U20: =+F20-R20 -> 17939.794 | V20: =+U20-T20 -> -3222.2159
D21: 창원 | E21: =+[4]창원!$Q$85 -> 101100.38 | F21: =+[4]창원!$R$85 -> 87859.405 | G21: =+F21-E21 -> -13240.975 | H21: =+[4]창원!$Q$20 -> 57643.676 | I21: =+[4]창원!$R$20 -> 51666.417 | J21: =+I21-H21 -> -5977.2595 | K21: =+[4]창원!$Q$21 -> 18301.509 | L21: =+[4]창원!$R$21 -> 17134.922 | M21: =+L21-K21 -> -1166.5868 | N21: =+[4]창원!$Q$22 -> 115.38462 | O21: =+[4]창원!$R$22 -> 88.077125 | P21: =+O21-N21 -> -27.307491 | Q21: =H21+K21+N21 -> 76060.57 | R21: =I21+L21+O21 -> 68889.416 | S21: =+R21-Q21 -> -7171.1538 | T21: =+E21-Q21 -> 25039.81 | U21: =+F21-R21 -> 18969.989 | V21: =+U21-T21 -> -6069.8211
D22: 대구 | E22: =+[4]대구!$Q$85 -> 95916.085 | F22: =+[4]대구!$R$85 -> 86761.744 | G22: =+F22-E22 -> -9154.3412 | H22: =+[4]대구!$Q$20 -> 53494.537 | I22: =+[4]대구!$R$20 -> 52880.795 | J22: =+I22-H22 -> -613.74213 | K22: =+[4]대구!$Q$21 -> 18654.754 | L22: =+[4]대구!$R$21 -> 18102.104 | M22: =+L22-K22 -> -552.65065 | N22: =+[4]대구!$Q$22 -> 384 | O22: =+[4]대구!$R$22 -> 264.89165 | P22: =+O22-N22 -> -119.10835 | Q22: =H22+K22+N22 -> 72533.292 | R22: =I22+L22+O22 -> 71247.791 | S22: =+R22-Q22 -> -1285.5011 | T22: =+E22-Q22 -> 23382.793 | U22: =+F22-R22 -> 15513.953 | V22: =+U22-T22 -> -7868.8401
D23: 울산 | E23: =+[4]울산!$Q$85 -> 102118.33 | F23: =+[4]울산!$R$85 -> 101972.52 | G23: =+F23-E23 -> -145.80911 | H23: =+[4]울산!$Q$20 -> 60246.021 | I23: =+[4]울산!$R$20 -> 57197.027 | J23: =+I23-H23 -> -3048.9933 | K23: =+[4]울산!$Q$21 -> 20824.769 | L23: =+[4]울산!$R$21 -> 20649.984 | M23: =+L23-K23 -> -174.78441 | N23: =+[4]울산!$Q$22 -> 256.66667 | O23: =+[4]울산!$R$22 -> 262.36612 | P23: =+O23-N23 -> 5.6994508 | Q23: =H23+K23+N23 -> 81327.456 | R23: =I23+L23+O23 -> 78109.378 | S23: =+R23-Q23 -> -3218.0782 | T23: =+E23-Q23 -> 20790.877 | U23: =+F23-R23 -> 23863.146 | V23: =+U23-T23 -> 3072.2691
D24: 아산 | E24: =+[4]아산!$Q$85 -> 103000 | F24: =+[4]아산!$R$85 -> 92622.359 | G24: =+F24-E24 -> -10377.641 | H24: =+[4]아산!$Q$20 -> 57228.475 | I24: =+[4]아산!$R$20 -> 55289.129 | J24: =+I24-H24 -> -1939.3455 | K24: =+[4]아산!$Q$21 -> 20602.601 | L24: =+[4]아산!$R$21 -> 22048.556 | M24: =+L24-K24 -> 1445.9553 | N24: =+[4]아산!$Q$22 -> 104.16667 | O24: =+[4]아산!$R$22 -> 176.91262 | P24: =+O24-N24 -> 72.745953 | Q24: =H24+K24+N24 -> 77935.242 | R24: =I24+L24+O24 -> 77514.598 | S24: =+R24-Q24 -> -420.64424 | T24: =+E24-Q24 -> 25064.758 | U24: =+F24-R24 -> 15107.761 | V24: =+U24-T24 -> -9956.9967
D25: 전주 | E25: =+[4]전주!$Q$85 -> 100403.54 | F25: =+[4]전주!$R$85 -> 98512.302 | G25: =+F25-E25 -> -1891.2416 | H25: =+[4]전주!$Q$20 -> 56346.574 | I25: =+[4]전주!$R$20 -> 60352.956 | J25: =+I25-H25 -> 4006.3821 | K25: =+[4]전주!$Q$21 -> 16092.344 | L25: =+[4]전주!$R$21 -> 16157.803 | M25: =+L25-K25 -> 65.459203 | N25: =+[4]전주!$Q$22 -> 250 | O25: =+[4]전주!$R$22 -> 434.36478 | P25: =+O25-N25 -> 184.36478 | Q25: =H25+K25+N25 -> 72688.918 | R25: =I25+L25+O25 -> 76945.124 | S25: =+R25-Q25 -> 4256.206 | T25: =+E25-Q25 -> 27714.625 | U25: =+F25-R25 -> 21567.178 | V25: =+U25-T25 -> -6147.4477
D26: 군산 | E26: =+[4]군산!$Q$85 -> 111549.03 | F26: =+[4]군산!$R$85 -> 116964.52 | G26: =+F26-E26 -> 5415.4866 | H26: =+[4]군산!$Q$20 -> 58210.607 | I26: =+[4]군산!$R$20 -> 60459.912 | J26: =+I26-H26 -> 2249.3046 | K26: =+[4]군산!$Q$21 -> 14099.625 | L26: =+[4]군산!$R$21 -> 14816.095 | M26: =+L26-K26 -> 716.46994 | N26: =+[4]군산!$Q$22 -> 69.230769 | O26: =+[4]군산!$R$22 -> 64.109924 | P26: =+O26-N26 -> -5.120845 | Q26: =H26+K26+N26 -> 72379.463 | R26: =I26+L26+O26 -> 75340.117 | S26: =+R26-Q26 -> 2960.6537 | T26: =+E26-Q26 -> 39169.567 | U26: =+F26-R26 -> 41624.4 | V26: =+U26-T26 -> 2454.8329
D27: 원주 | E27: =+[4]원주!$Q$85 -> 112000 | F27: =+[4]원주!$R$85 -> 108145.04 | G27: =+F27-E27 -> -3854.9574 | H27: =+[4]원주!$Q$20 -> 57608.533 | I27: =+[4]원주!$R$20 -> 55094.915 | J27: =+I27-H27 -> -2513.6184 | K27: =+[4]원주!$Q$21 -> 15176.186 | L27: =+[4]원주!$R$21 -> 14080.148 | M27: =+L27-K27 -> -1096.0385 | N27: =+[4]원주!$Q$22 -> 350 | O27: =+[4]원주!$R$22 -> 292.32473 | P27: =+O27-N27 -> -57.675274 | Q27: =H27+K27+N27 -> 73134.72 | R27: =I27+L27+O27 -> 69467.388 | S27: =+R27-Q27 -> -3667.3321 | T27: =+E27-Q27 -> 38865.28 | U27: =+F27-R27 -> 38677.655 | V27: =+U27-T27 -> -187.62527
D28: 제주 | E28: =+[4]제주!$Q$85 -> 122995.56 | F28: =+[4]제주!$R$85 -> 123104.52 | G28: =+F28-E28 -> 108.96253 | H28: =+[4]제주!$Q$20 -> 73700.875 | I28: =+[4]제주!$R$20 -> 77225.284 | J28: =+I28-H28 -> 3524.4092 | K28: =+[4]제주!$Q$21 -> 17407.543 | L28: =+[4]제주!$R$21 -> 16555.073 | M28: =+L28-K28 -> -852.47017 | N28: =+[4]제주!$Q$22 -> 277.77778 | O28: =+[4]제주!$R$22 -> 396.55319 | P28: =+O28-N28 -> 118.77542 | Q28: =H28+K28+N28 -> 91386.196 | R28: =I28+L28+O28 -> 94176.91 | S28: =+R28-Q28 -> 2790.7145 | T28: =+E28-Q28 -> 31609.36 | U28: =+F28-R28 -> 28927.608 | V28: =+U28-T28 -> -2681.7519

Sheet 재료비단가
D4: □ 레미콘 원재료단가(2025-07)
A6: 2024년 12월 마감 손익 | D6: 구분 | E6: OPC (원/톤) | H6: SC (원/톤) | K6: SP (원/톤) | N6: FA (원/톤) | Q6: 자갈 (원/톤) | T6: 모래 (원/톤)
E7: 계획 | F7: 실적 | G7: 차이 | H7: 계획 | I7: 실적 | J7: 차이 | K7: 계획 | L7: 실적 | M7: 차이 | N7: 계획 | O7: 실적 | P7: 차이 | Q7: 계획 | R7: 실적 | S7: 차이 | T7: 계획 | U7: 실적 | V7: 차이
D8: 평균 | E8: =+[4]합계!$G$9 -> 100646.13 | F8: =+[4]합계!$H$9 -> 100363.67 | G8: =+F8-E8 -> -282.46657 | H8: =+[4]합계!$G$10 -> 93852.376 | I8: =+[4]합계!$H$10 -> 95378.561 | J8: =+I8-H8 -> 1526.1852 | K8: =+[4]합계!$G$12 -> 63658.404 | L8: =+[4]합계!$H$12 -> 61607.228 | M8: =+L8-K8 -> -2051.1758 | N8: =+[4]합계!$G$13 -> 41138.921 | O8: =+[4]합계!$H$13 -> 37080.065 | P8: =+O8-N8 -> -4058.8554 | Q8: =+[4]합계!$G$16 -> 13306.918 | R8: =+[4]합계!$H$16 -> 12937.651 | S8: =+R8-Q8 -> -369.2673 | T8: =+[4]합계!$G$17 -> 15808.145 | U8: =+[4]합계!$H$17 -> 15715.1 | V8: =+U8-T8 -> -93.044493
D9: 수도권 | E9: =+[4]수도권!$G$9 -> 100000 | F9: =+[4]수도권!$H$9 -> 99778.998 | G9: =+F9-E9 -> -221.00203 | H9: =+[4]수도권!$G$10 -> 98000 | I9: =+[4]수도권!$H$10 -> 99903.523 | J9: =+I9-H9 -> 1903.5229 | K9: =+[4]수도권!$G$12 -> 64173.792 | L9: =+[4]수도권!$H$12 -> 62073.778 | M9: =+L9-K9 -> -2100.0142 | N9: =+[4]수도권!$G$13 -> 47161.507 | O9: =+[4]수도권!$H$13 -> 41649.4 | P9: =+O9-N9 -> -5512.1071 | Q9: =+[4]수도권!$G$16 -> 15817.228 | R9: =+[4]수도권!$H$16 -> 15150.937 | S9: =+R9-Q9 -> -666.29105 | T9: =+[4]수도권!$G$17 -> 14161.22 | U9: =+[4]수도권!$H$17 -> 13797.268 | V9: =+U9-T9 -> -363.9524
D10: 영남권 | E10: =+[4]영남권!$G$9 -> 100000 | F10: =+[4]영남권!$H$9 -> 100003 | G10: =+F10-E10 -> 3.0020216 | H10: =+[4]영남권!$G$10 -> 92483.486 | I10: =+[4]영남권!$H$10 -> 92367.407 | J10: =+I10-H10 -> -116.07917 | K10: =+[4]영남권!$G$12 -> 62671.584 | L10: =+[4]영남권!$H$12 -> 60933.299 | M10: =+L10-K10 -> -1738.2852 | N10: =+[4]영남권!$G$13 -> 35530.963 | O10: =+[4]영남권!$H$13 -> 33897.355 | P10: =+O10-N10 -> -1633.6086 | Q10: =+[4]영남권!$G$16 -> 10980.663 | R10: =+[4]영남권!$H$16 -> 11137.253 | S10: =+R10-Q10 -> 156.5899 | T10: =+[4]영남권!$G$17 -> 17687.024 | U10: =+[4]영남권!$H$17 -> 17648.129 | V10: =+U10-T10 -> -38.894388
D11: 기타권 | E11: =+[4]중부권!$G$9 -> 103173.81 | F11: =+[4]중부권!$H$9 -> 102297.91 | G11: =+F11-E11 -> -875.89691 | H11: =+[4]중부권!$G$10 -> 97912.657 | I11: =+[4]중부권!$H$10 -> 104993.54 | J11: =+I11-H11 -> 7080.8842 | K11: =+[4]중부권!$G$12 -> 64571.182 | L11: =+[4]중부권!$H$12 -> 62303.425 | M11: =+L11-K11 -> -2267.7576 | N11: =+[4]중부권!$G$13 -> 41894.974 | O11: =+[4]중부권!$H$13 -> 37490.581 | P11: =+O11-N11 -> -4404.393 | Q11: =+[4]중부권!$G$16 -> 13181.033 | R11: =+[4]중부권!$H$16 -> 13207.11 | S11: =+R11-Q11 -> 26.077358 | T11: =+[4]중부권!$G$17 -> 14733.337 | U11: =+[4]중부권!$H$17 -> 14401.946 | V11: =+U11-T11 -> -331.39108
D12: 안양 | E12: =+[4]안양!$G$9 -> 100000 | F12: =+[4]안양!$H$9 -> 99558.252 | G12: =+F12-E12 -> -441.74786 | H12: =+[4]안양!$G$10 -> 0 | I12: =+[4]안양!$H$10 -> 0 | J12: =+I12-H12 -> 0 | K12: =+[4]안양!$G$12 -> 64100 | L12: =+[4]안양!$H$12 -> 62021.185 | M12: =+L12-K12 -> -2078.8146 | N12: =+[4]안양!$G$13 -> 46100 | O12: =+[4]안양!$H$13 -> 40755.15 | P12: =+O12-N12 -> -5344.85 | Q12: =+[4]안양!$G$16 -> 15800 | R12: =+[4]안양!$H$16 -> 15021.557 | S12: =+R12-Q12 -> -778.44334 | T12: =+[4]안양!$G$17 -> 15032.258 | U12: =+[4]안양!$H$17 -> 14499.628 | V12: =+U12-T12 -> -532.6304
D13: 인천 | E13: =+[4]인천!$G$9 -> 100000 | F13: =+[4]인천!$H$9 -> 99743.941 | G13: =+F13-E13 -> -256.0587 | H13: =+[4]인천!$G$10 -> 98000 | I13: =+[4]인천!$H$10 -> 99906.965 | J13: =+I13-H13 -> 1906.965 | K13: =+[4]인천!$G$12 -> 64400 | L13: =+[4]인천!$H$12 -> 62212.099 | M13: =+L13-K13 -> -2187.901 | N13: =+[4]인천!$G$13 -> 47600 | O13: =+[4]인천!$H$13 -> 41519.903 | P13: =+O13-N13 -> -6080.0972 | Q13: =+[4]인천!$G$16 -> 16000 | R13: =+[4]인천!$H$16 -> 15238.408 | S13: =+R13-Q13 -> -761.59244 | T13: =+[4]인천!$G$17 -> 14318.131 | U13: =+[4]인천!$H$17 -> 13700.021 | V13: =+U13-T13 -> -618.11001
D14: 파주 | E14: =+[4]파주!$G$9 -> 100000 | F14: =+[4]파주!$H$9 -> 100290.36 | G14: =+F14-E14 -> 290.36344 | H14: =+[4]파주!$G$10 -> 0 | I14: =+[4]파주!$H$10 -> 99049.966 | J14: =+I14-H14 -> 99049.966 | K14: =+[4]파주!$G$12 -> 64300 | L14: =+[4]파주!$H$12 -> 62127.127 | M14: =+L14-K14 -> -2172.8733 | N14: =+[4]파주!$G$13 -> 48200 | O14: =+[4]파주!$H$13 -> 42787.004 | P14: =+O14-N14 -> -5412.9958 | Q14: =+[4]파주!$G$16 -> 16333.333 | R14: =+[4]파주!$H$16 -> 15712.43 | S14: =+R14-Q14 -> -620.90293 | T14: =+[4]파주!$G$17 -> 12580.645 | U14: =+[4]파주!$H$17 -> 11769.157 | V14: =+U14-T14 -> -811.48819
D15: 김포 | E15: =+[4]김포!$G$9 -> 100000 | F15: =+[4]김포!$H$9 -> 100000 | G15: =+F15-E15 -> 0 | H15: =+[4]김포!$G$10 -> 0 | I15: =+[4]김포!$H$10 -> 0 | J15: =+I15-H15 -> 0 | K15: =+[4]김포!$G$12 -> 63800 | L15: =+[4]김포!$H$12 -> 61862.598 | M15: =+L15-K15 -> -1937.4023 | N15: =+[4]김포!$G$13 -> 47600 | O15: =+[4]김포!$H$13 -> 43396.674 | P15: =+O15-N15 -> -4203.3264 | Q15: =+[4]김포!$G$16 -> 14600 | R15: =+[4]김포!$H$16 -> 14641.115 | S15: =+R15-Q15 -> 41.114516 | T15: =+[4]김포!$G$17 -> 13955.222 | U15: =+[4]김포!$H$17 -> 14268.43 | V15: =+U15-T15 -> 313.20814
D16: 부산 | E16: =+[4]부산!$G$9 -> 100000 | F16: =+[4]부산!$H$9 -> 100000 | G16: =+F16-E16 -> 0.00031727571 | H16: =+[4]부산!$G$10 -> 92900 | I16: =+[4]부산!$H$10 -> 92489.689 | J16: =+I16-H16 -> -410.31104 | K16: =+[4]부산!$G$12 -> 0 | L16: =+[4]부산!$H$12 -> 0 | M16: =+L16-K16 -> 0 | N16: =+[4]부산!$G$13 -> 36500 | O16: =+[4]부산!$H$13 -> 34670.325 | P16: =+O16-N16 -> -1829.6748 | Q16: =+[4]부산!$G$16 -> 11711.807 | R16: =+[4]부산!$H$16 -> 11857.657 | S16: =+R16-Q16 -> 145.8499 | T16: =+[4]부산!$G$17 -> 18098.229 | U16: =+[4]부산!$H$17 -> 18104.252 | V16: =+U16-T16 -> 6.0229703
D17: 서부산 | E17: =+[4]서부산!$G$9 -> 100000 | F17: =+[4]서부산!$H$9 -> 100011.93 | G17: =+F17-E17 -> 11.928062 | H17: =+[4]서부산!$G$10 -> 92100 | I17: =+[4]서부산!$H$10 -> 92099.997 | J17: =+I17-H17 -> -0.0025697956 | K17: =+[4]서부산!$G$12 -> 65000 | L17: =+[4]서부산!$H$12 -> 63000.06 | M17: =+L17-K17 -> -1999.9404 | N17: =+[4]서부산!$G$13 -> 35300 | O17: =+[4]서부산!$H$13 -> 33528.569 | P17: =+O17-N17 -> -1771.4314 | Q17: =+[4]서부산!$G$16 -> 11333.333 | R17: =+[4]서부산!$H$16 -> 10765.111 | S17: =+R17-Q17 -> -568.22245 | T17: =+[4]서부산!$G$17 -> 17716.324 | U17: =+[4]서부산!$H$17 -> 16873.718 | V17: =+U17-T17 -> -842.60577
D18: 김해 | E18: =+[4]김해!$G$9 -> 100000 | F18: =+[4]김해!$H$9 -> 100000 | G18: =+F18-E18 -> 0 | H18: =+[4]김해!$G$10 -> 92100 | I18: =+[4]김해!$H$10 -> 92099.996 | J18: =+I18-H18 -> -0.004274264 | K18: =+[4]김해!$G$12 -> 64000 | L18: =+[4]김해!$H$12 -> 62052.28 | M18: =+L18-K18 -> -1947.7197 | N18: =+[4]김해!$G$13 -> 35000 | O18: =+[4]김해!$H$13 -> 33459.156 | P18: =+O18-N18 -> -1540.8443 | Q18: =+[4]김해!$G$16 -> 9066.6667 | R18: =+[4]김해!$H$16 -> 9046.0657 | S18: =+R18-Q18 -> -20.600991 | T18: =+[4]김해!$G$17 -> 15880.191 | U18: =+[4]김해!$H$17 -> 16939.503 | V18: =+U18-T18 -> 1059.3128
D19: 정관 | E19: =+[4]정관!$G$9 -> 100000 | F19: =+[4]정관!$H$9 -> 100001.75 | G19: =+F19-E19 -> 1.7479105 | H19: =+[4]정관!$G$10 -> 92100 | I19: =+[4]정관!$H$10 -> 92099.997 | J19: =+I19-H19 -> -0.0025515872 | K19: =+[4]정관!$G$12 -> 62000 | L19: =+[4]정관!$H$12 -> 60987.139 | M19: =+L19-K19 -> -1012.8609 | N19: =+[4]정관!$G$13 -> 35500 | O19: =+[4]정관!$H$13 -> 33904.046 | P19: =+O19-N19 -> -1595.9544 | Q19: =+[4]정관!$G$16 -> 11362.369 | R19: =+[4]정관!$H$16 -> 11490.296 | S19: =+R19-Q19 -> 127.92698 | T19: =+[4]정관!$G$17 -> 19374.114 | U19: =+[4]정관!$H$17 -> 18562.988 | V19: =+U19-T19 -> -811.12622
D20: 양산 | E20: =+[4]양산!$G$9 -> 100000 | F20: =+[4]양산!$H$9 -> 100003.25 | G20: =+F20-E20 -> 3.2463014 | H20: =+[4]양산!$G$10 -> 0 | I20: =+[4]양산!$H$10 -> 0 | J20: =+I20-H20 -> 0 | K20: =+[4]양산!$G$12 -> 62200 | L20: =+[4]양산!$H$12 -> 60914.818 | M20: =+L20-K20 -> -1285.1821 | N20: =+[4]양산!$G$13 -> 36000 | O20: =+[4]양산!$H$13 -> 34261.305 | P20: =+O20-N20 -> -1738.6947 | Q20: =+[4]양산!$G$16 -> 9600 | R20: =+[4]양산!$H$16 -> 9420.4161 | S20: =+R20-Q20 -> -179.58392 | T20: =+[4]양산!$G$17 -> 18118.641 | U20: =+[4]양산!$H$17 -> 16744.568 | V20: =+U20-T20 -> -1374.0736
D21: 창원 | E21: =+[4]창원!$G$9 -> 100000 | F21: =+[4]창원!$H$9 -> 100000 | G21: =+F21-E21 -> 0.0010261925 | H21: =+[4]창원!$G$10 -> 0 | I21: =+[4]창원!$H$10 -> 0 | J21: =+I21-H21 -> 0 | K21: =+[4]창원!$G$12 -> 64500 | L21: =+[4]창원!$H$12 -> 63000.085 | M21: =+L21-K21 -> -1499.9146 | N21: =+[4]창원!$G$13 -> 33000 | O21: =+[4]창원!$H$13 -> 31366.059 | P21: =+O21-N21 -> -1633.9412 | Q21: =+[4]창원!$G$16 -> 11000 | R21: =+[4]창원!$H$16 -> 11323.572 | S21: =+R21-Q21 -> 323.57242 | T21: =+[4]창원!$G$17 -> 17410.36 | U21: =+[4]창원!$H$17 -> 16885.147 | V21: =+U21-T21 -> -525.21262
D22: 대구 | E22: =+[4]대구!$G$9 -> 100000 | F22: =+[4]대구!$H$9 -> 100000 | G22: =+F22-E22 -> 0 | H22: =+[4]대구!$G$10 -> 0 | I22: =+[4]대구!$H$10 -> 96500.015 | J22: =+I22-H22 -> 96500.015 | K22: =+[4]대구!$G$12 -> 61400 | L22: =+[4]대구!$H$12 -> 59319.949 | M22: =+L22-K22 -> -2080.0508 | N22: =+[4]대구!$G$13 -> 35300 | O22: =+[4]대구!$H$13 -> 33374.174 | P22: =+O22-N22 -> -1925.8258 | Q22: =+[4]대구!$G$16 -> 11133.333 | R22: =+[4]대구!$H$16 -> 10953.024 | S22: =+R22-Q22 -> -180.30958 | T22: =+[4]대구!$G$17 -> 14763.293 | U22: =+[4]대구!$H$17 -> 14743.464 | V22: =+U22-T22 -> -19.828183
D23: 울산 | E23: =+[4]울산!$G$9 -> 100000 | F23: =+[4]울산!$H$9 -> 100000 | G23: =+F23-E23 -> 0.00032854296 | H23: =+[4]울산!$G$10 -> 0 | I23: =+[4]울산!$H$10 -> 0 | J23: =+I23-H23 -> 0 | K23: =+[4]울산!$G$12 -> 60200 | L23: =+[4]울산!$H$12 -> 59201.044 | M23: =+L23-K23 -> -998.95587 | N23: =+[4]울산!$G$13 -> 37000 | O23: =+[4]울산!$H$13 -> 35168.587 | P23: =+O23-N23 -> -1831.4133 | Q23: =+[4]울산!$G$16 -> 11533.333 | R23: =+[4]울산!$H$16 -> 11677.479 | S23: =+R23-Q23 -> 144.1461 | T23: =+[4]울산!$G$17 -> 19459.674 | U23: =+[4]울산!$H$17 -> 19904.46 | V23: =+U23-T23 -> 444.78673
D24: 아산 | E24: =+[4]아산!$G$9 -> 100000 | F24: =+[4]아산!$H$9 -> 99799.184 | G24: =+F24-E24 -> -200.81583 | H24: =+[4]아산!$G$10 -> 86800 | I24: =+[4]아산!$H$10 -> 86600.005 | J24: =+I24-H24 -> -199.99532 | K24: =+[4]아산!$G$12 -> 64300 | L24: =+[4]아산!$H$12 -> 62150.952 | M24: =+L24-K24 -> -2149.0476 | N24: =+[4]아산!$G$13 -> 42900 | O24: =+[4]아산!$H$13 -> 35616.066 | P24: =+O24-N24 -> -7283.9344 | Q24: =+[4]아산!$G$16 -> 11400 | R24: =+[4]아산!$H$16 -> 10851.009 | S24: =+R24-Q24 -> -548.99085 | T24: =+[4]아산!$G$17 -> 13225.806 | U24: =+[4]아산!$H$17 -> 12575.019 | V24: =+U24-T24 -> -650.78747
D25: 전주 | E25: =+[4]전주!$G$9 -> 100000 | F25: =+[4]전주!$H$9 -> 99999.997 | G25: =+F25-E25 -> -0.0032771545 | H25: =+[4]전주!$G$10 -> 96800 | I25: =+[4]전주!$H$10 -> 97498.703 | J25: =+I25-H25 -> 698.70319 | K25: =+[4]전주!$G$12 -> 65000 | L25: =+[4]전주!$H$12 -> 62000.414 | M25: =+L25-K25 -> -2999.5862 | N25: =+[4]전주!$G$13 -> 36000 | O25: =+[4]전주!$H$13 -> 34752.679 | P25: =+O25-N25 -> -1247.3211 | Q25: =+[4]전주!$G$16 -> 13333.333 | R25: =+[4]전주!$H$16 -> 14927.431 | S25: =+R25-Q25 -> 1594.0977 | T25: =+[4]전주!$G$17 -> 15310.196 | U25: =+[4]전주!$H$17 -> 16193.262 | V25: =+U25-T25 -> 883.06595
D26: 군산 | E26: =+[4]군산!$G$9 -> 100000 | F26: =+[4]군산!$H$9 -> 100000 | G26: =+F26-E26 -> 0 | H26: =+[4]군산!$G$10 -> 94200 | I26: =+[4]군산!$H$10 -> 93108.758 | J26: =+I26-H26 -> -1091.2416 | K26: =+[4]군산!$G$12 -> 64900 | L26: =+[4]군산!$H$12 -> 63422.653 | M26: =+L26-K26 -> -1477.3467 | N26: =+[4]군산!$G$13 -> 39300 | O26: =+[4]군산!$H$13 -> 32059.008 | P26: =+O26-N26 -> -7240.9918 | Q26: =+[4]군산!$G$16 -> 14200 | R26: =+[4]군산!$H$16 -> 15197.004 | S26: =+R26-Q26 -> 997.00352 | T26: =+[4]군산!$G$17 -> 15212.903 | U26: =+[4]군산!$H$17 -> 15380.081 | V26: =+U26-T26 -> 167.17799
D27: 원주 | E27: =+[4]원주!$G$9 -> 100000 | F27: =+[4]원주!$H$9 -> 100000 | G27: =+F27-E27 -> 0 | H27: =+[4]원주!$G$10 -> 0 | I27: =+[4]원주!$H$10 -> 0 | J27: =+I27-H27 -> 0 | K27: =+[4]원주!$G$12 -> 64000 | L27: =+[4]원주!$H$12 -> 62028.286 | M27: =+L27-K27 -> -1971.7136 | N27: =+[4]원주!$G$13 -> 49000 | O27: =+[4]원주!$H$13 -> 45812.922 | P27: =+O27-N27 -> -3187.0784 | Q27: =+[4]원주!$G$16 -> 13666.667 | R27: =+[4]원주!$H$16 -> 12348.755 | S27: =+R27-Q27 -> -1317.9121 | T27: =+[4]원주!$G$17 -> 13806.452 | U27: =+[4]원주!$H$17 -> 12110.421 | V27: =+U27-T27 -> -1696.0306
D28: 제주 | E28: =+[4]제주!$G$9 -> 117000 | F28: =+[4]제주!$H$9 -> 117000 | G28: =+F28-E28 -> -0.00081732968 | H28: =+[4]제주!$G$10 -> 117000 | I28: =+[4]제주!$H$10 -> 117000 | J28: =+I28-H28 -> 0.0024207982 | K28: =+[4]제주!$G$12 -> 0 | L28: =+[4]제주!$H$12 -> 0 | M28: =+L28-K28 -> 0 | N28: =+[4]제주!$G$13 -> 0 | O28: =+[4]제주!$H$13 -> 0 | P28: =+O28-N28 -> 0 | Q28: =+[4]제주!$G$16 -> 17666.667 | R28: =+[4]제주!$H$16 -> 17953.397 | S28: =+R28-Q28 -> 286.73024 | T28: =+[4]제주!$G$17 -> 17551.555 | U28: =+[4]제주!$H$17 -> 19454.111 | V28: =+U28-T28 -> 1902.5553

Sheet 원단위
D4: □ 레미콘 원재료 원단위(2025-07)
V5: [단위 : kg/㎥]
A6: 2024년 12월 마감 손익 | D6: 구분 | E6: OPC | H6: 분체류 | K6: 분체류 치환률 | N6: 자갈 | Q6: 모래 | T6: 혼화제
E7: 계획 | F7: 실적 | G7: 차이 | H7: 계획 | I7: 실적 | J7: 차이 | K7: 계획 | L7: 실적 | M7: 차이 | N7: 계획 | O7: 실적 | P7: 차이 | Q7: 계획 | R7: 실적 | S7: 차이 | T7: 계획 | U7: 실적 | V7: 차이
D8: 평균 | E8: =+[4]합계!$E$9 -> 242.63017 | F8: =+[4]합계!$F$9 -> 231.847 | G8: =+F8-E8 -> -10.783178 | H8: =+[4]합계!$E$15 -> 363.7266 | I8: =+[4]합계!$F$15 -> 366.21153 | J8: =+I8-H8 -> 2.4849256 | K8: =+([4]합계!$E$10*0.4+[4]합계!$E$11+[4]합계!$E$12+[4]합계!$E$13+[4]합계!$E$14)/[4]합계!$E$15 -> 0.27300242 | L8: =+([4]합계!$F$10*0.4+[4]합계!$F$11+[4]합계!$F$12+[4]합계!$F$13+[4]합계!$F$14)/[4]합계!$F$15 -> 0.28294929 | M8: =+L8-K8 -> 0.009946866 | N8: =+[4]합계!$E$16 -> 823.38648 | O8: =+[4]합계!$F$16 -> 804.08334 | P8: =+O8-N8 -> -19.303133 | Q8: =+[4]합계!$E$17 -> 898.91247 | R8: =+[4]합계!$F$17 -> 903.80249 | S8: =+R8-Q8 -> 4.8900171 | T8: =+[4]합계!$E$19 -> 3.1309461 | U8: =+[4]합계!$F$19 -> 3.0129326 | V8: =+U8-T8 -> -0.11801343
