Workbook

Sheet 표지
A6: 2025년 1월 마감 손익
A24: 건재사업본부

Sheet 손익총괄
C3: □ 건재사업본부 손익실적(2025-01) | Z3: □ 건재부문 실적(1월)
X4: [단위 : 천㎥, 톤, 원/㎥, 원/톤, 백만원] | AK4: (단위 : 천㎥, 천톤, 억원)
C5: 구분 | E5: 1월 | J5: 1월 누계 | P5: 1월 주요지표 | Z5: 구분 | AB5: =+E5 -> 1월 | AG5: =+J5 -> 1월 누계
A6: 2024년 11월 마감 손익 | E6: 계획 | F6: 실적 | G6: 계획대비 | H6: 전년 | I6: 전년대비 | J6: 계획 | K6: 실적 | L6: 계획대비 | M6: 전년 | N6: 전년대비 | AB6: =+E6 -> 계획 | AC6: =+F6 -> 실적 | AD6: =+G6 -> 계획대비 | AE6: =+H6 -> 전년 | AF6: =+I6 -> 전년대비 | AG6: =+J6 -> 계획 | AH6: =+K6 -> 실적 | AI6: =+L6 -> 계획대비 | ... AK6: =+N6 -> 전년대비
A7: =+F7/E7 -> 0.85932126 | B7: =+K7/J7 -> 0.85932126 | C7: 물량 | D7: 레미콘 | E7: =+'[1]1월'!$Z$7/1000 -> 207 | F7: =+'[2]1월'!$Z$7/1000 -> 177.8795 | G7: =+F7-E7 -> -29.1205 | H7: =+'[3]1월'!$Z$7/1000 -> 278.8855 | I7: =+F7-H7 -> -101.006 | J7: =+E7 -> 207 | K7: =+F7 -> 177.8795 | L7: =+K7-J7 -> -29.1205 | M7: =+H7 -> 278.8855 | N7: =+K7-M7 -> -101.006 | Q7: □ 레미콘 | Z7: 물량 | AA7: =+D7 -> 레미콘 | AB7: =+E7 -> 207 | AC7: =+F7 -> 177.8795 | AD7: =+AC7-AB7 -> -29.1205 | AE7: =+H7 -> 278.8855 | AF7: =+AC7-AE7 -> -101.006 | AG7: =+J7 -> 207 | AH7: =+K7 -> 177.8795 | AI7: =+AH7-AG7 -> -29.1205 | AJ7: =+M7 -> 278.8855 | AK7: =+AH7-AJ7 -> -101.006
D8: 철강재 | E8: =+'[1]1월'!$AA$7 -> 9800 | F8: =+'[2]1월'!$AO$7 -> 8735.502 | G8: =+F8-E8 -> -1064.498 | H8: =+'[3]1월'!$AO$7 -> 6425.093 | I8: =+F8-H8 -> 2310.409 | J8: =+E8 -> 9800 | K8: =+F8 -> 8735.502 | L8: =+K8-J8 -> -1064.498 | M8: =+H8 -> 6425.093 | N8: =+K8-M8 -> 2310.409 | Q8: 구분 | S8: 계획 | T8: 실적 | U8: 계획대비 | V8: 전년 | W8: 전년대비 | AA8: =+D8 -> 철강재 | AB8: =+E8/1000 -> 9.8 | AC8: =+F8/1000 -> 8.735502 | AD8: =+AC8-AB8 -> -1.064498 | AE8: =+H8/1000 -> 6.425093 | AF8: =+AC8-AE8 -> 2.310409 | AG8: =+J8/1000 -> 9.8 | AH8: =+K8/1000 -> 8.735502 | AI8: =+AH8-AG8 -> -1.064498 | AJ8: =+M8/1000 -> 6.425093 | AK8: =+AH8-AJ8 -> 2.310409
D9: 골재 | E9: =+'[1]1월'!$AE$7/1000 -> 90.818291 | F9: =+'[2]1월'!$AN$7/1000 -> 48.252 | G9: =+F9-E9 -> -42.566291 | H9: =+'[3]1월'!$AN$7/1000 -> 84.517 | I9: =+F9-H9 -> -36.265 | J9: =+E9 -> 90.818291 | K9: =+F9 -> 48.252 | L9: =+K9-J9 -> -42.566291 | M9: =+H9 -> 84.517 | N9: =+K9-M9 -> -36.265 | Q9: 물량 | R9: 수도권 | S9: =+[4]수도권!$T$5/1000 -> 76 | T9: =+[4]수도권!$U$5/1000 -> 56.9285 | U9: =+T9-S9 -> -19.0715 | V9: =+[5]수도권!$T$5/1000 -> 102.264 | W9: =+T9-V9 -> -45.3355 | AA9: =+D9 -> 골재 | AB9: =+E9 -> 90.818291 | AC9: =+F9 -> 48.252 | AD9: =+AC9-AB9 -> -42.566291 | AE9: =+H9 -> 84.517 | AF9: =+AC9-AE9 -> -36.265 | AG9: =+J9 -> 90.818291 | AH9: =+K9 -> 48.252 | AI9: =+AH9-AG9 -> -42.566291 | AJ9: =+M9 -> 84.517 | AK9: =+AH9-AJ9 -> -36.265
C10: 매출 | D10: 레미콘 | E10: =+'[1]1월'!$Z$8/1000 -> 20815.893 | F10: =+'[2]1월'!$Z$8/1000 -> 17974.392 | G10: =+F10-E10 -> -2841.501 | H10: =+'[3]1월'!$Z$8/1000 -> 27875.646 | I10: =+F10-H10 -> -9901.2538 | J10: =+E10 -> 20815.893 | K10: =+F10 -> 17974.392 | L10: =+K10-J10 -> -2841.501 | M10: =+H10 -> 27875.646 | N10: =+K10-M10 -> -9901.2538 | R10: 영남권 | S10: =+[4]영남권!$T$5/1000 -> 97 | T10: =+[4]영남권!$U$5/1000 -> 81.123 | U10: =+T10-S10 -> -15.877 | V10: =+[5]영남권!$T$5/1000 -> 132.898 | W10: =+T10-V10 -> -51.775 | Z10: 매출액 | AA10: =+D10 -> 레미콘 | AB10: =+E10/100 -> 208.15893 | AC10: =+F10/100 -> 179.74392 | AD10: =+AC10-AB10 -> -28.41501 | AE10: =+H10/100 -> 278.75646 | AF10: =+AC10-AE10 -> -99.012538 | AG10: =+J10/100 -> 208.15893 | AH10: =+K10/100 -> 179.74392 | AI10: =+AH10-AG10 -> -28.41501 | AJ10: =+M10/100 -> 278.75646 | AK10: =+AH10-AJ10 -> -99.012538
D11: 건자재 | E11: =+'[1]1월'!$AA$8/1000 -> 10731.323 | F11: =+'[2]1월'!$AO$8/1000 -> 7480.1197 | G11: =+F11-E11 -> -3251.2031 | H11: =+'[3]1월'!$AO$8/1000 -> 7407.9572 | I11: =+F11-H11 -> 72.162517 | J11: =+E11 -> 10731.323 | K11: =+F11 -> 7480.1197 | L11: =+K11-J11 -> -3251.2031 | M11: =+H11 -> 7407.9572 | N11: =+K11-M11 -> 72.162517 | R11: 중부권 | S11: =+[4]중부권!$T$5/1000 -> 34 | T11: =+[4]중부권!$U$5/1000 -> 39.828 | U11: =+T11-S11 -> 5.828 | V11: =+[5]중부권!$T$5/1000 -> 43.7235 | W11: =+T11-V11 -> -3.8955 | AA11: =+D11 -> 건자재 | AB11: =+E11/100 -> 107.31323 | AC11: =+F11/100 -> 74.801197 | AD11: =+AC11-AB11 -> -32.512031 | AE11: =+H11/100 -> 74.079572 | AF11: =+AC11-AE11 -> 0.72162517 | AG11: =+J11/100 -> 107.31323 | AH11: =+K11/100 -> 74.801197 | AI11: =+AH11-AG11 -> -32.512031 | AJ11: =+M11/100 -> 74.079572 | AK11: =+AH11-AJ11 -> 0.72162517
D12: 골재 | E12: =+'[1]1월'!$AE$8/1000 -> 1640.1944 | F12: =+'[2]1월'!$AN$8/1000 -> 1051.748 | G12: =+F12-E12 -> -588.44644 | H12: =+'[3]1월'!$AN$8/1000 -> 1719.52 | I12: =+F12-H12 -> -667.772 | J12: =+E12 -> 1640.1944 | K12: =+F12 -> 1051.748 | L12: =+K12-J12 -> -588.44644 | M12: =+H12 -> 1719.52 | N12: =+K12-M12 -> -667.772 | Q12: 계 | S12: =SUM(S9:S11) -> 207 | T12: =SUM(T9:T11) -> 177.8795 | U12: =+T12-S12 -> -29.1205 | V12: =SUM(V9:V11) -> 278.8855 | W12: =+T12-V12 -> -101.006 | AA12: =+D12 -> 골재 | AB12: =+E12/100 -> 16.401944 | AC12: =+F12/100 -> 10.51748 | AD12: =+AC12-AB12 -> -5.8844644 | AE12: =+H12/100 -> 17.1952 | AF12: =+AC12-AE12 -> -6.67772 | AG12: =+J12/100 -> 16.401944 | AH12: =+K12/100 -> 10.51748 | AI12: =+AH12-AG12 -> -5.8844644 | AJ12: =+M12/100 -> 17.1952 | AK12: =+AH12-AJ12 -> -6.67772
D13: 기타 | E13: =+'[1]1월'!$E$8/1000-E10-E11-E12 -> 166.7015 | F13: =+'[2]1월'!$F$8/1000-F10-F11-F12 -> 167.2526 | G13: =+F13-E13 -> 0.551099 | H13: =+'[3]1월'!$F$8/1000-H10-H11-H12 -> 164.47551 | I13: =+F13-H13 -> 2.777088 | J13: =+E13 -> 166.7015 | K13: =+F13 -> 167.2526 | L13: =+K13-J13 -> 0.551099 | M13: =+H13 -> 164.47551 | N13: =+K13-M13 -> 2.777088 | Q13: 판매단가 | R13: 수도권 | S13: =+[4]수도권!$T$61 -> 97486.591 | T13: =+[4]수도권!$U$61 -> 99000.139 | U13: =+T13-S13 -> 1513.5475 | V13: =+[5]수도권!$Q$85 -> 97064.272 | W13: =+T13-V13 -> 1935.8664 | AA13: =+D13 -> 기타 | AB13: =+E13/100 -> 1.667015 | AC13: =+F13/100 -> 1.672526 | AD13: =+AC13-AB13 -> 0.00551099 | AE13: =+H13/100 -> 1.6447551 | AF13: =+AC13-AE13 -> 0.02777088 | AG13: =+J13/100 -> 1.667015 | AH13: =+K13/100 -> 1.672526 | AI13: =+AH13-AG13 -> 0.00551099 | AJ13: =+M13/100 -> 1.6447551 | AK13: =+AH13-AJ13 -> 0.02777088
A14: =+F14/E14 -> 0.79970687 | B14: =+K14/J14 -> 0.79970687 | C14: 계 | E14: =SUM(E10:E13) -> 33354.112 | F14: =SUM(F10:F13) -> 26673.512 | G14: =+F14-E14 -> -6680.5995 | H14: =SUM(H10:H13) -> 37167.599 | I14: =+F14-H14 -> -10494.086 | J14: =SUM(J10:J13) -> 33354.112 | K14: =SUM(K10:K13) -> 26673.512 | L14: =+K14-J14 -> -6680.5995 | M14: =SUM(M10:M13) -> 37167.599 | N14: =+K14-M14 -> -10494.086 | R14: 영남권 | S14: =+[4]영남권!$T$61 -> 100500.16 | T14: =+[4]영남권!$U$61 -> 100960.81 | U14: =+T14-S14 -> 460.65932 | V14: =+[5]영남권!$Q$85 -> 101515.92 | W14: =+T14-V14 -> -555.10948 | AA14: 계 | AB14: =SUM(AB10:AB13) -> 333.54112 | AC14: =SUM(AC10:AC13) -> 266.73512 | AD14: =+AC14-AB14 -> -66.805995 | AE14: =SUM(AE10:AE13) -> 371.67599 | AF14: =+AC14-AE14 -> -104.94086 | AG14: =SUM(AG10:AG13) -> 333.54112 | AH14: =SUM(AH10:AH13) -> 266.73512 | AI14: =+AH14-AG14 -> -66.805995 | AJ14: =SUM(AJ10:AJ13) -> 371.67599 | AK14: =+AH14-AJ14 -> -104.94086
C15: 매출원가 | D15: 레미콘 | E15: =+('[1]1월'!$Z$10+'[1]1월'!$Z$19)/1000 -> 19400.689 | F15: =+('[2]1월'!$Z$10+'[2]1월'!$Z$19)/1000 -> 17240.725 | G15: =+F15-E15 -> -2159.964 | H15: =+('[3]1월'!$Z$10+'[3]1월'!$Z$19)/1000 -> 24879.532 | I15: =+F15-H15 -> -7638.8068 | J15: =+E15 -> 19400.689 | K15: =+F15 -> 17240.725 | L15: =+K15-J15 -> -2159.964 | M15: =+H15 -> 24879.532 | N15: =+K15-M15 -> -7638.8068 | R15: 중부권 | S15: =+[4]중부권!$T$61 -> 107599.91 | T15: =+[4]중부권!$U$61 -> 103685.34 | U15: =+T15-S15 -> -3914.5715 | V15: =+[5]중부권!$Q$85 -> 101965.11 | W15: =+T15-V15 -> 1720.2292 | Z15: 영업이익 | AA15: =+D30 -> 레미콘 | AB15: =+E30/100 -> 7.4272509 | AC15: =+F30/100 -> 0.23138241 | AD15: =+AC15-AB15 -> -7.1958685 | AE15: =+H30/100 -> 23.245893 | AF15: =+AC15-AE15 -> -23.01451 | AG15: =+J30/100 -> 7.4272509 | AH15: =+K30/100 -> 0.23138241 | AI15: =+AH15-AG15 -> -7.1958685 | AJ15: =+M30/100 -> 23.245893 | AK15: =+AH15-AJ15 -> -23.01451
D16: 건자재 | E16: =+('[1]1월'!$AA$10+'[1]1월'!$AA$19)/1000 -> 10441.182 | F16: =+('[2]1월'!$AO$10+'[2]1월'!$AO$19)/1000 -> 7334.2092 | G16: =+F16-E16 -> -3106.9731 | H16: =+('[3]1월'!$AO$10+'[3]1월'!$AO$19)/1000 -> 7210.525 | I16: =+F16-H16 -> 123.68423 | J16: =+E16 -> 10441.182 | K16: =+F16 -> 7334.2092 | L16: =+K16-J16 -> -3106.9731 | M16: =+H16 -> 7210.525 | N16: =+K16-M16 -> 123.68423 | Q16: 계 | S16: =+[4]합계!$T$61 -> 100559.87 | T16: =+[4]합계!$U$61 -> 100932.18 | U16: =+T16-S16 -> 372.31106 | V16: =+[5]합계!$Q$85 -> 99953.913 | W16: =+T16-V16 -> 978.26829 | AA16: =+D31 -> % | AB16: =+E31 -> 0.035680674 | AC16: =+F31 -> 0.0012872892 | AD16: =+AC16-AB16 -> -0.034393384 | AE16: =+H31 -> 0.083391406 | AF16: =+AC16-AE16 -> -0.082104116 | AG16: =+J31 -> 0.035680674 | AH16: =+K31 -> 0.0012872892 | AI16: =+AH16-AG16 -> -0.034393384 | AJ16: =+M31 -> 0.083391406 | AK16: =+AH16-AJ16 -> -0.082104116
D17: 골재 | E17: =+('[1]1월'!$AE$10+'[1]1월'!$AE$19)/1000 -> 1515.603 | F17: =+('[2]1월'!$AN$10+'[2]1월'!$AN$19)/1000 -> 1282.2655 | G17: =+F17-E17 -> -233.33745 | H17: =+('[3]1월'!$AN$10+'[3]1월'!$AN$19)/1000 -> 1493.2747 | I17: =+F17-H17 -> -211.00915 | J17: =+E17 -> 1515.603 | K17: =+F17 -> 1282.2655 | L17: =+K17-J17 -> -233.33745 | M17: =+H17 -> 1493.2747 | N17: =+K17-M17 -> -211.00915 | Q17: 공헌이익 | R17: 수도권 | S17: =+[4]수도권!$Q$90 -> 15650.864 | T17: =+[4]수도권!$R$90 -> 13670.147 | U17: =+T17-S17 -> -1980.7169 | V17: =+[5]수도권!$Q$90 -> 14738.448 | W17: =+T17-V17 -> -1068.3016 | AA17: =+D32 -> 건자재 | AB17: =+E32/100 -> 1.6736132 | AC17: =+F32/100 -> 0.01697249 | AD17: =+AC17-AB17 -> -1.6566407 | AE17: =+H32/100 -> 0.75267211 | AF17: =+AC17-AE17 -> -0.73569962 | AG17: =+J32/100 -> 1.6736132 | AH17: =+K32/100 -> 0.01697249 | AI17: =+AH17-AG17 -> -1.6566407 | AJ17: =+M32/100 -> 0.75267211 | AK17: =+AH17-AJ17 -> -0.73569962
D18: 기타 | E18: =+('[1]1월'!$E$10+'[1]1월'!$E$19)/1000-E15-E16-E17 -> 28.444279 | F18: =+('[2]1월'!$F$10+'[2]1월'!$F$19)/1000-F15-F16-F17 -> 331.19036 | G18: =+F18-E18 -> 302.74608 | H18: =+('[3]1월'!$F$10+'[3]1월'!$F$19)/1000-H15-H16-H17 -> 28.511818 | I18: =+F18-H18 -> 302.67854 | J18: =+E18 -> 28.444279 | K18: =+F18 -> 331.19036 | L18: =+K18-J18 -> 302.74608 | M18: =+H18 -> 28.511818 | N18: =+K18-M18 -> 302.67854 | R18: 영남권 | S18: =+[4]영남권!$Q$90 -> 21016.894 | T18: =+[4]영남권!$R$90 -> 20157.906 | U18: =+T18-S18 -> -858.98784 | V18: =+[5]영남권!$Q$90 -> 22138.533 | W18: =+T18-V18 -> -1980.6276 | AA18: =+D33 -> 골재 | AB18: =+E33/100 -> 0.76977514 | AC18: =+F33/100 -> -2.8008746 | AD18: =+AC18-AB18 -> -3.5706497 | AE18: =+H33/100 -> 1.8407373 | AF18: =+AC18-AE18 -> -4.6416119 | AG18: =+J33/100 -> 0.76977514 | AH18: =+K33/100 -> -2.8008746 | AI18: =+AH18-AG18 -> -3.5706497 | AJ18: =+M33/100 -> 1.8407373 | AK18: =+AH18-AJ18 -> -4.6416119
C19: 계 | E19: =SUM(E15:E18) -> 31385.919 | F19: =SUM(F15:F18) -> 26188.39 | G19: =+F19-E19 -> -5197.5285 | H19: =SUM(H15:H18) -> 33611.844 | I19: =+F19-H19 -> -7423.4532 | J19: =SUM(J15:J18) -> 31385.919 | K19: =SUM(K15:K18) -> 26188.39 | L19: =+K19-J19 -> -5197.5285 | M19: =SUM(M15:M18) -> 33611.844 | N19: =+K19-M19 -> -7423.4532 | R19: 중부권 | S19: =+[4]중부권!$Q$90 -> 28185.784 | T19: =+[4]중부권!$R$90 -> 20761.141 | U19: =+T19-S19 -> -7424.6432 | V19: =+[5]중부권!$Q$90 -> 22621.219 | W19: =+T19-V19 -> -1860.0788 | AA19: 공통비 | AB19: =+'사업장별(당월)'!T35/100 -> -17.847168 | AC19: =+'사업장별(당월)'!U35/100 -> -16.37191 | AD19: =+AC19-AB19 -> 1.475258 | AE19: =+'사업장별(당월)'!W35/100 -> -15.492991 | AF19: =+AC19-AE19 -> -0.87891838 | AG19: =+AB19 -> -17.847168 | AH19: =+AC19 -> -16.37191 | AI19: =+AH19-AG19 -> 1.475258 | AJ19: =+AE19 -> -15.492991 | AK19: =+AH19-AJ19 -> -0.87891838
C20: 매출이익 | D20: 레미콘 | E20: =+E10-E15 -> 1415.2037 | F20: =+F10-F15 -> 733.66668 | G20: =+F20-E20 -> -681.53698 | H20: =+H10-H15 -> 2996.1137 | I20: =+F20-H20 -> -2262.447 | J20: =+J10-J15 -> 1415.2037 | K20: =+K10-K15 -> 733.66668 | L20: =+K20-J20 -> -681.53698 | M20: =+M10-M15 -> 2996.1137 | N20: =+K20-M20 -> -2262.447 | Q20: 계 | S20: =+[4]합계!$Q$90 -> 20224.256 | T20: =+[4]합계!$R$90 -> 18230.839 | U20: =+T20-S20 -> -1993.4169 | V20: =+[5]합계!$Q$90 -> 19500.633 | W20: =+T20-V20 -> -1269.7937 | AA20: =+'사업장별(당월)'!I34 -> 임대 | AB20: =+('사업장별(당월)'!T33+'사업장별(당월)'!T34)/100 -> 1.3648722 | AC20: =+('사업장별(당월)'!U33+'사업장별(당월)'!U34)/100 -> 1.3690627 | AD20: =+AC20-AB20 -> 0.00419047 | AE20: =+('사업장별(당월)'!W33+'사업장별(당월)'!W34)/100 -> 1.3362087 | AF20: =+AC20-AE20 -> 0.03285394 | AG20: =+AB20 -> 1.3648722 | AH20: =+AC20 -> 1.3690627 | AI20: =+AH20-AG20 -> 0.00419047 | AJ20: =+AE20 -> 1.3362087 | AK20: =+AH20-AJ20 -> 0.03285394
D21: 건자재 | E21: =+E11-E16 -> 290.14051 | F21: =+F11-F16 -> 145.91049 | G21: =+F21-E21 -> -144.23002 | H21: =+H11-H16 -> 197.43221 | I21: =+F21-H21 -> -51.521715 | J21: =+J11-J16 -> 290.14051 | K21: =+K11-K16 -> 145.91049 | L21: =+K21-J21 -> -144.23002 | M21: =+M11-M16 -> 197.43221 | N21: =+K21-M21 -> -51.521715 | Q21: □ 건자재 | AA21: =+'사업장별(당월)'!I37 -> 대손 | AB21: =+'사업장별(당월)'!T37/100 -> 0 | AC21: =+'사업장별(당월)'!U37/100 -> 0 | AD21: =+AC21-AB21 -> 0 | AE21: =+'사업장별(당월)'!W37/100 -> 0 | AF21: =+AC21-AE21 -> 0 | AG21: =+AB21 -> 0 | AH21: =+AC21 -> 0 | AI21: =+AH21-AG21 -> 0 | AJ21: =+AE21 -> 0 | AK21: =+AH21-AJ21 -> 0
D22: 골재 | E22: =+E12-E17 -> 124.59145 | F22: =+F12-F17 -> -230.51754 | G22: =+F22-E22 -> -355.10899 | H22: =+H12-H17 -> 226.2453 | I22: =+F22-H22 -> -456.76285 | J22: =+J12-J17 -> 124.59145 | K22: =+K12-K17 -> -230.51754 | L22: =+K22-J22 -> -355.10899 | M22: =+M12-M17 -> 226.2453 | N22: =+K22-M22 -> -456.76285 | Q22: 구분 | S22: 계획 | T22: 실적 | U22: 계획대비 | V22: 전년 | W22: 전년대비 | AA22: =+D34 -> 기타 | AB22: =+AB26-AB19-AB20-AB21 -> -0.59307241 | AC22: =+AC26-AC19-AC20-AC21 -> -8.0842499 | AD22: =+AC22-AB22 -> -7.4911775 | AE22: =+AE26-AE19-AE20-AE21 -> -0.53183423 | AF22: =+AC22-AE22 -> -7.5524157 | AG22: =+AB22 -> -0.59307241 | AH22: =+AC22 -> -8.0842499 | AI22: =+AH22-AG22 -> -7.4911775 | AJ22: =+AE22 -> -0.53183423 | AK22: =+AH22-AJ22 -> -7.5524157
D23: 기타 | E23: =+E13-E18 -> 138.25722 | F23: =+F13-F18 -> -163.93776 | G23: =+F23-E23 -> -302.19498 | H23: =+H13-H18 -> 135.96369 | I23: =+F23-H23 -> -299.90145 | J23: =+J13-J18 -> 138.25722 | K23: =+K13-K18 -> -163.93776 | L23: =+K23-J23 -> -302.19498 | M23: =+M13-M18 -> 135.96369 | N23: =+K23-M23 -> -299.90145 | Q23: 철강재 판매단가 | S23: =+'[6]1월'!$F$10 -> 872959.18 | T23: =+'[6]1월'!$G$10 -> 756420.01 | U23: =+T23-S23 -> -116539.17 | V23: =+'[6]1월'!$G$10 -> 756420.01 | W23: =+T23-V23 -> 0 | AA23: 계 | AB23: =SUM(AB15,AB17:AB22) -> -7.2047289 | AC23: =SUM(AC15,AC17:AC22) -> -25.639617 | AD23: =+AC23-AB23 -> -18.434888 | AE23: =SUM(AE15,AE17:AE22) -> 11.150685 | AF23: =+AC23-AE23 -> -36.790302 | AG23: =SUM(AG15,AG17:AG22) -> -7.2047289 | AH23: =SUM(AH15,AH17:AH22) -> -25.639617 | AI23: =+AH23-AG23 -> -18.434888 | AJ23: =SUM(AJ15,AJ17:AJ22) -> 11.150685 | AK23: =+AH23-AJ23 -> -36.790302
C24: 계 | E24: =SUM(E20:E23) -> 1968.1928 | F24: =SUM(F20:F23) -> 485.12187 | G24: =+F24-E24 -> -1483.071 | H24: =SUM(H20:H23) -> 3555.7549 | I24: =+F24-H24 -> -3070.633 | J24: =SUM(J20:J23) -> 1968.1928 | K24: =SUM(K20:K23) -> 485.12187 | L24: =+K24-J24 -> -1483.071 | M24: =SUM(M20:M23) -> 3555.7549 | N24: =+K24-M24 -> -3070.633 | Q24: 철강재 마진률 | S24: =+'[6]1월'!$F$15 -> 0.024004383 | T24: =+'[6]1월'!$G$15 -> 0.017727214 | U24: =+T24-S24 -> -0.0062771689 | V24: =+'[6]1월'!$G$15 -> 0.017727214 | W24: =+T24-V24 -> 0 | AA24: =+D36 -> % | AB24: =+E36 -> -0.021600722 | AC24: =+F36 -> -0.096123887 | AD24: =+G36 -> -0.074523165 | AE24: =+H36 -> 0.030001092 | AF24: =+I36 -> -0.12612498 | AG24: =+J36 -> -0.021600722 | AH24: =+K36 -> -0.096123887 | ... AK24: =+N36 -> -0.12612498
C25: 판관비 | D25: 레미콘 | E25: =+('[1]1월'!$Z$13+'[1]1월'!$Z$20)/1000 -> 672.47856 | F25: =+('[2]1월'!$Z$13+'[2]1월'!$Z$20)/1000 -> 710.52843 | G25: =+F25-E25 -> 38.049871 | H25: =+('[3]1월'!$Z$13+'[3]1월'!$Z$20)/1000 -> 671.52442 | I25: =+F25-H25 -> 39.004019 | J25: =+E25 -> 672.47856 | K25: =+F25 -> 710.52843 | L25: =+K25-J25 -> 38.049871 | M25: =+H25 -> 671.52442 | N25: =+K25-M25 -> 39.004019 | Q25: □ 골재
D26: 건자재 | E26: =+('[1]1월'!$AA$13+'[1]1월'!$AA$20)/1000 -> 122.77919 | F26: =+('[2]1월'!$AO$13+'[2]1월'!$AO$20)/1000 -> 144.21324 | G26: =+F26-E26 -> 21.434055 | H26: =+('[3]1월'!$AO$13+'[3]1월'!$AO$20)/1000 -> 122.165 | I26: =+F26-H26 -> 22.048247 | J26: =+E26 -> 122.77919 | K26: =+F26 -> 144.21324 | L26: =+K26-J26 -> 21.434055 | M26: =+H26 -> 122.165 | N26: =+K26-M26 -> 22.048247 | Q26: 구분 | S26: 계획 | T26: 실적 | U26: 계획대비 | V26: 전년 | W26: 전년대비 | AB26: =+'사업장별(당월)'!T41/100 -> -17.075368 | AC26: =+'사업장별(당월)'!U41/100 -> -23.087097 | AD26: =+AC26-AB26 -> -6.011729 | AE26: =+'사업장별(당월)'!W41/100 -> -14.688617 | AF26: =+AE26-AD26 -> -8.6768879 | AG26: =+'사업장별(당월)'!Y41/100 -> 0 | AH26: =+'사업장별(당월)'!Z41/100 -> 0 | AJ26: =+'사업장별(당월)'!AB41/100 -> 0
D27: 골재 | E27: =+('[1]1월'!$AE$13+'[1]1월'!$AE$20+'[1]1월'!$AE$22)/1000 -> 47.613933 | F27: =+('[2]1월'!$AN$13+'[2]1월'!$AN$20+'[2]1월'!$AN$22)/1000 -> 49.569914 | G27: =+F27-E27 -> 1.9559812 | H27: =+('[3]1월'!$AN$13+'[3]1월'!$AN$20+'[3]1월'!$AN$22)/1000 -> 42.171572 | I27: =+F27-H27 -> 7.3983422 | J27: =+E27 -> 47.613933 | K27: =+F27 -> 49.569914 | L27: =+K27-J27 -> 1.9559812 | M27: =+H27 -> 42.171572 | N27: =+K27-M27 -> 7.3983422 | Q27: 판매량 | R27: 자가 | S27: =(+'[7]서부산크라샤(당월)'!$N$66+'[7]부산모래장(당월)'!$Q$48+'[7]부산크라샤(당월)'!$N$66)/1000 -> 46.818291 | T27: =(+'[7]서부산크라샤(당월)'!$O$66+'[7]부산모래장(당월)'!$R$48+'[7]부산크라샤(당월)'!$O$66)/1000 -> 30.26 | U27: =+T27-S27 -> -16.558291 | V27: =+'[7]부산모래장(당월)'!$S$85/1000 -> 30.26 | W27: =+T27-V27 -> 0
D28: 기타 | E28: =+('[1]1월'!$E$13+'[1]1월'!$E$20)/1000-E25-E26-E27+('[1]1월'!$E$22/1000) -> 1845.794 | F28: =+('[2]1월'!$F$13+'[2]1월'!$F$20)/1000-F25-F26-F27+'[2]1월'!$F$22/1000 -> 2144.772 | G28: =+F28-E28 -> 298.97792 | H28: =+('[3]1월'!$F$13+'[3]1월'!$F$20)/1000-H25-H26-H27+'[3]1월'!$F$22/1000 -> 1604.8254 | I28: =+F28-H28 -> 539.94656 | J28: =+E28 -> 1845.794 | K28: =+F28 -> 2144.772 | L28: =+K28-J28 -> 298.97792 | M28: =+H28 -> 1604.8254 | N28: =+K28-M28 -> 539.94656 | R28: 외판 | S28: =(+'[7]서부산크라샤(당월)'!$N$59+'[7]부산모래장(당월)'!$Q$47+'[7]부산크라샤(당월)'!$N$59)/1000 -> 44 | T28: =(+'[7]서부산크라샤(당월)'!$O$59+'[7]부산모래장(당월)'!$R$47+'[7]부산크라샤(당월)'!$O$59)/1000 -> 17.992 | U28: =+T28-S28 -> -26.008 | V28: =+'[7]부산모래장(당월)'!$S$86/1000 -> 17.992 | W28: =+T28-V28 -> 0 | AA28: =365/2.3 -> 158.69565
C29: 계 | E29: =SUM(E25:E28) -> 2688.6657 | F29: =SUM(F25:F28) -> 3049.0835 | G29: =+F29-E29 -> 360.41783 | H29: =SUM(H25:H28) -> 2440.6864 | I29: =+F29-H29 -> 608.39717 | J29: =SUM(J25:J28) -> 2688.6657 | K29: =SUM(K25:K28) -> 3049.0835 | L29: =+K29-J29 -> 360.41783 | M29: =SUM(M25:M28) -> 2440.6864 | N29: =+K29-M29 -> 608.39717 | Q29: 합 계 | S29: =SUM(S27:S28) -> 90.818291 | T29: =SUM(T27:T28) -> 48.252 | U29: =+T29-S29 -> -42.566291 | V29: =SUM(V27:V28) -> 48.252 | W29: =+T29-V29 -> 0
C30: 영업이익 | D30: 레미콘 | E30: =+E20-E25 -> 742.72509 | F30: =+F20-F25 -> 23.138241 | G30: =+F30-E30 -> -719.58685 | H30: =+H20-H25 -> 2324.5893 | I30: =+F30-H30 -> -2301.451 | J30: =+J20-J25 -> 742.72509 | K30: =+K20-K25 -> 23.138241 | L30: =+K30-J30 -> -719.58685 | M30: =+M20-M25 -> 2324.5893 | N30: =+K30-M30 -> -2301.451 | Q30: □ 기타내역(영업이익)
D31: % | E31: =+E30/E10 -> 0.035680674 | F31: =+F30/F10 -> 0.0012872892 | G31: =+F31-E31 -> -0.034393384 | H31: =+H30/H10 -> 0.083391406 | I31: =+F31-H31 -> -0.082104116 | J31: =+J30/J10 -> 0.035680674 | K31: =+K30/K10 -> 0.0012872892 | L31: =+K31-J31 -> -0.034393384 | M31: =+M30/M10 -> 0.083391406 | N31: =+K31-M31 -> -0.082104116 | Q31: 구분 | S31: 계획 | T31: 실적 | U31: 계획대비 | V31: 전년 | W31: 전년대비
D32: 건자재 | E32: =+E21-E26 -> 167.36132 | F32: =+F21-F26 -> 1.697249 | G32: =+F32-E32 -> -165.66407 | H32: =+H21-H26 -> 75.267211 | I32: =+F32-H32 -> -73.569962 | J32: =+J21-J26 -> 167.36132 | K32: =+K21-K26 -> 1.697249 | L32: =+K32-J32 -> -165.66407 | M32: =+M21-M26 -> 75.267211 | N32: =+K32-M32 -> -73.569962 | Q32: 레미콘임대 | S32: =+'사업장별(당월)'!T33 -> 72.523221 | T32: =+'사업장별(당월)'!U33 -> 72.305275 | U32: =+T32-S32 -> -0.217946 | V32: =+'사업장별(당월)'!W33 -> 71.79658 | W32: =+T32-V32 -> 0.508695
D33: 골재 | E33: =+E22-E27 -> 76.977514 | F33: =+F22-F27 -> -280.08746 | G33: =+F33-E33 -> -357.06497 | H33: =+H22-H27 -> 184.07373 | I33: =+F33-H33 -> -464.16119 | J33: =+J22-J27 -> 76.977514 | K33: =+K22-K27 -> -280.08746 | L33: =+K33-J33 -> -357.06497 | M33: =+M22-M27 -> 184.07373 | N33: =+K33-M33 -> -464.16119 | Q33: 임대 | S33: =+'사업장별(당월)'!T34 -> 63.964 | T33: =+'사업장별(당월)'!U34 -> 64.600993 | U33: =+T33-S33 -> 0.636993 | V33: =+'사업장별(당월)'!W34 -> 61.824294 | W33: =+T33-V33 -> 2.776699
D34: 기타 | E34: =+E23-E28 -> -1707.5368 | F34: =+F23-F28 -> -2308.7097 | G34: =+F34-E34 -> -601.1729 | H34: =+H23-H28 -> -1468.8617 | I34: =+F34-H34 -> -839.84801 | J34: =+J23-J28 -> -1707.5368 | K34: =+K23-K28 -> -2308.7097 | L34: =+K34-J34 -> -601.1729 | M34: =+M23-M28 -> -1468.8617 | N34: =+K34-M34 -> -839.84801 | Q34: 공통비 | S34: =+'사업장별(당월)'!T35 -> -1784.7168 | T34: =+'사업장별(당월)'!U35 -> -1637.191 | U34: =+T34-S34 -> 147.5258 | V34: =+'사업장별(당월)'!W35 -> -1549.2991 | W34: =+T34-V34 -> -87.891838
C35: 계 | E35: =SUM(E30,E32:E34) -> -720.47289 | F35: =SUM(F30,F32:F34) -> -2563.9617 | G35: =+F35-E35 -> -1843.4888 | H35: =SUM(H30,H32:H34) -> 1115.0685 | I35: =+F35-H35 -> -3679.0302 | J35: =SUM(J30,J32:J34) -> -720.47289 | K35: =SUM(K30,K32:K34) -> -2563.9617 | L35: =+K35-J35 -> -1843.4888 | M35: =SUM(M30,M32:M34) -> 1115.0685 | N35: =+K35-M35 -> -3679.0302 | Q35: 기타 | S35: =+S36-S32-S33-S34 -> -59.307241 | T35: =+T36-T32-T33-T34 -> -808.42499 | U35: =+T35-S35 -> -749.11775 | V35: =+V36-V32-V33-V34 -> -53.183423 | W35: =+T35-V35 -> -755.24157
D36: % | E36: =+E35/E14 -> -0.021600722 | F36: =+F35/F14 -> -0.096123887 | G36: =+F36-E36 -> -0.074523165 | H36: =+H35/H14 -> 0.030001092 | I36: =+F36-H36 -> -0.12612498 | J36: =+J35/J14 -> -0.021600722 | K36: =+K35/K14 -> -0.096123887 | L36: =+K36-J36 -> -0.074523165 | M36: =+M35/M14 -> 0.030001092 | N36: =+K36-M36 -> -0.12612498 | Q36: 합계 | S36: =+'사업장별(당월)'!T41 -> -1707.5368 | T36: =+'사업장별(당월)'!U41 -> -2308.7097 | U36: =+T36-S36 -> -601.1729 | V36: =+'사업장별(당월)'!W41 -> -1468.8617 | W36: =+T36-V36 -> -839.84801
E38: =+'[1]1월'!$E$26/1000 -> -720.47289 | F38: =+'[2]1월'!$F$26/1000 -> -2563.9617 | H38: =+'[3]1월'!$F$26/1000 -> 1115.0685 | J38: =+E38 -> -720.47289 | K38: =+F38 -> -2563.9617 | M38: =+H38 -> 1115.0685
E39: =+E35=E38 -> FALSE | F39: =+F35=F38 -> TRUE | H39: =+H35=H38 -> TRUE | J39: =+J35=J38 -> FALSE | K39: =+K35=K38 -> TRUE | M39: =+M35=M38 -> TRUE
E40: =+E35-E38 -> -1.8189894e-12 | F40: =+F35-F38 -> 0 | H40: =+H35-H38 -> 4.3200998e-12 | J40: =+J35-J38 -> -1.8189894e-12 | K40: =+K35-K38 -> 0 | M40: =+M35-M38 -> 4.3200998e-12

Sheet 사업장별(당월)
H3: □ 사업장별 손익실적(2025-01)
AG4: [단위 : 천㎥, 톤, 백만원]
H5: 구분 | J5: 물량 | O5: 매출 | T5: 영업이익(공통비 배부전) | Y5: 판매단가 | AB5: 변동비 | AE5: 공헌이익
A6: 2024년 1월 마감 손익 | J6: 계획 | K6: 실적 | L6: 차이 | M6: 전년 | N6: 차이 | O6: 계획 | P6: 실적 | Q6: 차이 | R6: 전년 | S6: 차이 | T6: 계획 | U6: 실적 | V6: 차이 | W6: 전년 | X6: 차이 | Y6: 계획 | Z6: 실적 | AA6: 전년 | AB6: 계획 | AC6: 실적 | AD6: 전년 | AE6: 계획 | AF6: 실적 | AG6: 전년
B7: 안양 | G7: =+I7 -> 안양 | H7: 레미콘 | I7: 안양 | J7: =+IFERROR(HLOOKUP($B7,'[1]1월'!$D$6:$BN$259,2,),)/1000 -> 30 | K7: =+IFERROR(HLOOKUP($B7,'[2]1월'!$F$6:$CP$99,2,),)/1000 -> 27.197 | L7: =+K7-J7 -> -2.803 | M7: =+IFERROR(HLOOKUP($B7,'[3]1월'!$F$6:$CC$57,2,),)/1000 -> 45.761 | N7: =+K7-M7 -> -18.564 | O7: =+IFERROR(HLOOKUP($B7,'[1]1월'!$D$6:$BN$259,3,),)/1000 -> 2946.5739 | P7: =+IFERROR(HLOOKUP($B7,'[2]1월'!$F$6:$CP$99,3,),)/1000 -> 2706.27 | Q7: =+P7-O7 -> -240.30389 | R7: =+IFERROR(HLOOKUP($B7,'[3]1월'!$F$6:$CC$57,3,),)/1000 -> 4371.1989 | S7: =+P7-R7 -> -1664.9289 | T7: =+IFERROR(HLOOKUP($B7,'[1]1월'!$D$6:$BN$259,16,),)/1000 -> 154.13647 | U7: =+IFERROR(HLOOKUP($B7,'[2]1월'!$F$6:$CP$99,16,),)/1000 -> 88.057685 | V7: =+U7-T7 -> -66.078782 | W7: =+IFERROR(HLOOKUP($B7,'[3]1월'!$F$6:$CC$57,16,),)/1000 -> 337.22639 | X7: =+U7-W7 -> -249.16871 | Y7: =+[4]안양!$Q$85 -> 98219.131 | Z7: =+[4]안양!$R$85 -> 99506.197 | AA7: =+[5]안양!$Q$85 -> 95522.364 | AB7: =+[4]안양!$Q$89 -> 82566.624 | AC7: =+[4]안양!$R$89 -> 84769.104 | AD7: =+[5]안양!$Q$89 -> 81107.602 | AE7: =+Y7-AB7 -> 15652.507 | AF7: =+Z7-AC7 -> 14737.092 | AG7: =+AA7-AD7 -> 14414.762
B8: 인천 | G8: =+I8 -> 인천 | H8: 직영 | I8: 인천 | J8: =+IFERROR(HLOOKUP($B8,'[1]1월'!$D$6:$BN$259,2,),)/1000 -> 25 | K8: =+IFERROR(HLOOKUP($B8,'[2]1월'!$F$6:$CP$99,2,),)/1000 -> 15.904 | L8: =+K8-J8 -> -9.096 | M8: =+IFERROR(HLOOKUP($B8,'[3]1월'!$F$6:$CC$57,2,),)/1000 -> 28.34 | N8: =+K8-M8 -> -12.436 | O8: =+IFERROR(HLOOKUP($B8,'[1]1월'!$D$6:$BN$259,3,),)/1000 -> 2433.9884 | P8: =+IFERROR(HLOOKUP($B8,'[2]1월'!$F$6:$CP$99,3,),)/1000 -> 1602.2818 | Q8: =+P8-O8 -> -831.70657 | R8: =+IFERROR(HLOOKUP($B8,'[3]1월'!$F$6:$CC$57,3,),)/1000 -> 2766.8113 | S8: =+P8-R8 -> -1164.5295 | T8: =+IFERROR(HLOOKUP($B8,'[1]1월'!$D$6:$BN$259,16,),)/1000 -> 18.630676 | U8: =+IFERROR(HLOOKUP($B8,'[2]1월'!$F$6:$CP$99,16,),)/1000 -> -127.14974 | V8: =+U8-T8 -> -145.78042 | W8: =+IFERROR(HLOOKUP($B8,'[3]1월'!$F$6:$CC$57,16,),)/1000 -> 102.92462 | X8: =+U8-W8 -> -230.07436 | Y8: =+[4]인천!$Q$85 -> 97359.535 | Z8: =+[4]인천!$R$85 -> 100747.1 | AA8: =+[5]인천!$Q$85 -> 97629.193 | AB8: =+[4]인천!$Q$89 -> 83665.025 | AC8: =+[4]인천!$R$89 -> 88700.837 | AD8: =+[5]인천!$Q$89 -> 84063.445 | AE8: =+Y8-AB8 -> 13694.51 | AF8: =+Z8-AC8 -> 12046.259 | AG8: =+AA8-AD8 -> 13565.748
B9: 파주 | G9: =+I9 -> 파주 | I9: 파주 | J9: =+IFERROR(HLOOKUP($B9,'[1]1월'!$D$6:$BN$259,2,),)/1000 -> 14 | K9: =+IFERROR(HLOOKUP($B9,'[2]1월'!$F$6:$CP$99,2,),)/1000 -> 8.443 | L9: =+K9-J9 -> -5.557 | M9: =+IFERROR(HLOOKUP($B9,'[3]1월'!$F$6:$CC$57,2,),)/1000 -> 22.882 | N9: =+K9-M9 -> -14.439 | O9: =+IFERROR(HLOOKUP($B9,'[1]1월'!$D$6:$BN$259,3,),)/1000 -> 1347.7288 | P9: =+IFERROR(HLOOKUP($B9,'[2]1월'!$F$6:$CP$99,3,),)/1000 -> 801.1718 | Q9: =+P9-O9 -> -546.55704 | R9: =+IFERROR(HLOOKUP($B9,'[3]1월'!$F$6:$CC$57,3,),)/1000 -> 2301.3269 | S9: =+P9-R9 -> -1500.1551 | T9: =+IFERROR(HLOOKUP($B9,'[1]1월'!$D$6:$BN$259,16,),)/1000 -> -13.542758 | U9: =+IFERROR(HLOOKUP($B9,'[2]1월'!$F$6:$CP$99,16,),)/1000 -> -106.54515 | V9: =+U9-T9 -> -93.002389 | W9: =+IFERROR(HLOOKUP($B9,'[3]1월'!$F$6:$CC$57,16,),)/1000 -> 116.27631 | X9: =+U9-W9 -> -222.82146 | Y9: =+[4]파주!$Q$85 -> 96266.346 | Z9: =+[4]파주!$R$85 -> 94891.839 | AA9: =+[5]파주!$Q$85 -> 100573.68 | AB9: =+[4]파주!$Q$89 -> 79356.82 | AC9: =+[4]파주!$R$89 -> 79812.611 | AD9: =+[5]파주!$Q$89 -> 84086.773 | AE9: =+Y9-AB9 -> 16909.526 | AF9: =+Z9-AC9 -> 15079.228 | AG9: =+AA9-AD9 -> 16486.906
B10: 김포 | G10: =+I10 -> 김포 | I10: 김포 | J10: =+IFERROR(HLOOKUP($B10,'[1]1월'!$D$6:$BN$259,2,),)/1000 -> 7 | K10: =+IFERROR(HLOOKUP($B10,'[2]1월'!$F$6:$CP$99,2,),)/1000 -> 5.3845 | L10: =+K10-J10 -> -1.6155 | M10: =+IFERROR(HLOOKUP($B10,'[3]1월'!$F$6:$CC$57,2,),)/1000 -> 5.281 | N10: =+K10-M10 -> 0.1035 | O10: =+IFERROR(HLOOKUP($B10,'[1]1월'!$D$6:$BN$259,3,),)/1000 -> 680.6898 | P10: =+IFERROR(HLOOKUP($B10,'[2]1월'!$F$6:$CP$99,3,),)/1000 -> 526.20577 | Q10: =+P10-O10 -> -154.48403 | R10: =+IFERROR(HLOOKUP($B10,'[3]1월'!$F$6:$CC$57,3,),)/1000 -> 486.8436 | S10: =+P10-R10 -> 39.362166 | T10: =+IFERROR(HLOOKUP($B10,'[1]1월'!$D$6:$BN$259,16,),)/1000 -> -34.423406 | U10: =+IFERROR(HLOOKUP($B10,'[2]1월'!$F$6:$CP$99,16,),)/1000 -> -107.3369 | V10: =+U10-T10 -> -72.91349 | W10: =+IFERROR(HLOOKUP($B10,'[3]1월'!$F$6:$CC$57,16,),)/1000 -> -70.351562 | X10: =+U10-W10 -> -36.985334 | Y10: =+[4]김포!$Q$85 -> 97241.4 | Z10: =+[4]김포!$R$85 -> 97726.022 | AA10: =+[5]김포!$Q$85 -> 92187.767 | AB10: =+[4]김포!$Q$89 -> 77127.928 | AC10: =+[4]김포!$R$89 -> 86838.295 | AD10: =+[5]김포!$Q$89 -> 75942.492 | AE10: =+Y10-AB10 -> 20113.472 | AF10: =+Z10-AC10 -> 10887.727 | AG10: =+AA10-AD10 -> 16245.275
B11: 부산 | G11: =+I11 -> 부산 | I11: 부산 | J11: =+IFERROR(HLOOKUP($B11,'[1]1월'!$D$6:$BN$259,2,),)/1000 -> 17 | K11: =+IFERROR(HLOOKUP($B11,'[2]1월'!$F$6:$CP$99,2,),)/1000 -> 13.731 | L11: =+K11-J11 -> -3.269 | M11: =+IFERROR(HLOOKUP($B11,'[3]1월'!$F$6:$CC$57,2,),)/1000 -> 23.815 | N11: =+K11-M11 -> -10.084 | O11: =+IFERROR(HLOOKUP($B11,'[1]1월'!$D$6:$BN$259,3,),)/1000 -> 1830.9043 | P11: =+IFERROR(HLOOKUP($B11,'[2]1월'!$F$6:$CP$99,3,),)/1000 -> 1446.2366 | Q11: =+P11-O11 -> -384.66771 | R11: =+IFERROR(HLOOKUP($B11,'[3]1월'!$F$6:$CC$57,3,),)/1000 -> 2518.1609 | S11: =+P11-R11 -> -1071.9243 | T11: =+IFERROR(HLOOKUP($B11,'[1]1월'!$D$6:$BN$259,16,),)/1000 -> 91.668576 | U11: =+IFERROR(HLOOKUP($B11,'[2]1월'!$F$6:$CP$99,16,),)/1000 -> 26.931239 | V11: =+U11-T11 -> -64.737337 | W11: =+IFERROR(HLOOKUP($B11,'[3]1월'!$F$6:$CC$57,16,),)/1000 -> 298.81115 | X11: =+U11-W11 -> -271.87991 | Y11: =+[4]부산!$Q$85 -> 107700.25 | Z11: =+[4]부산!$R$85 -> 105326.39 | AA11: =+[5]부산!$Q$85 -> 105738.44 | AB11: =+[4]부산!$Q$89 -> 84823.952 | AC11: =+[4]부산!$R$89 -> 84695.366 | AD11: =+[5]부산!$Q$89 -> 82993.734 | AE11: =+Y11-AB11 -> 22876.301 | AF11: =+Z11-AC11 -> 20631.019 | AG11: =+AA11-AD11 -> 22744.702
B12: 서부산 | G12: =+I12 -> 서부산 | I12: 서부산 | J12: =+IFERROR(HLOOKUP($B12,'[1]1월'!$D$6:$BN$259,2,),)/1000 -> 15 | K12: =+IFERROR(HLOOKUP($B12,'[2]1월'!$F$6:$CP$99,2,),)/1000 -> 12.446 | L12: =+K12-J12 -> -2.554 | M12: =+IFERROR(HLOOKUP($B12,'[3]1월'!$F$6:$CC$57,2,),)/1000 -> 23.91 | N12: =+K12-M12 -> -11.464 | O12: =+IFERROR(HLOOKUP($B12,'[1]1월'!$D$6:$BN$259,3,),)/1000 -> 1489.5025 | P12: =+IFERROR(HLOOKUP($B12,'[2]1월'!$F$6:$CP$99,3,),)/1000 -> 1219.8292 | Q12: =+P12-O12 -> -269.67334 | R12: =+IFERROR(HLOOKUP($B12,'[3]1월'!$F$6:$CC$57,3,),)/1000 -> 2338.4863 | S12: =+P12-R12 -> -1118.6571 | T12: =+IFERROR(HLOOKUP($B12,'[1]1월'!$D$6:$BN$259,16,),)/1000 -> 52.179473 | U12: =+IFERROR(HLOOKUP($B12,'[2]1월'!$F$6:$CP$99,16,),)/1000 -> 35.159033 | V12: =+U12-T12 -> -17.02044 | W12: =+IFERROR(HLOOKUP($B12,'[3]1월'!$F$6:$CC$57,16,),)/1000 -> 198.0884 | X12: =+U12-W12 -> -162.92937 | Y12: =+[4]서부산!$Q$85 -> 99300.169 | Z12: =+[4]서부산!$R$85 -> 98009.738 | AA12: =+[5]서부산!$Q$85 -> 97803.693 | AB12: =+[4]서부산!$Q$89 -> 78874.154 | AC12: =+[4]서부산!$R$89 -> 77288.175 | AD12: =+[5]서부산!$Q$89 -> 79885.068 | AE12: =+Y12-AB12 -> 20426.015 | AF12: =+Z12-AC12 -> 20721.563 | AG12: =+AA12-AD12 -> 17918.625
B13: 김해 | G13: =+I13 -> 김해 | I13: 김해 | J13: =+IFERROR(HLOOKUP($B13,'[1]1월'!$D$6:$BN$259,2,),)/1000 -> 12 | K13: =+IFERROR(HLOOKUP($B13,'[2]1월'!$F$6:$CP$99,2,),)/1000 -> 5.217 | L13: =+K13-J13 -> -6.783 | M13: =+IFERROR(HLOOKUP($B13,'[3]1월'!$F$6:$CC$57,2,),)/1000 -> 12.339 | N13: =+K13-M13 -> -7.122 | O13: =+IFERROR(HLOOKUP($B13,'[1]1월'!$D$6:$BN$259,3,),)/1000 -> 1155.6033 | P13: =+IFERROR(HLOOKUP($B13,'[2]1월'!$F$6:$CP$99,3,),)/1000 -> 492.6569 | Q13: =+P13-O13 -> -662.9464 | R13: =+IFERROR(HLOOKUP($B13,'[3]1월'!$F$6:$CC$57,3,),)/1000 -> 1225.7102 | S13: =+P13-R13 -> -733.0533 | T13: =+IFERROR(HLOOKUP($B13,'[1]1월'!$D$6:$BN$259,16,),)/1000 -> 56.902461 | U13: =+IFERROR(HLOOKUP($B13,'[2]1월'!$F$6:$CP$99,16,),)/1000 -> -64.487721 | V13: =+U13-T13 -> -121.39018 | W13: =+IFERROR(HLOOKUP($B13,'[3]1월'!$F$6:$CC$57,16,),)/1000 -> 82.439169 | X13: =+U13-W13 -> -146.92689 | Y13: =+[4]김해!$Q$85 -> 96300.275 | Z13: =+[4]김해!$R$85 -> 94432.372 | AA13: =+[5]김해!$Q$85 -> 99339.807 | AB13: =+[4]김해!$Q$89 -> 77158.582 | AC13: =+[4]김해!$R$89 -> 76391.455 | AD13: =+[5]김해!$Q$89 -> 80683.799 | AE13: =+Y13-AB13 -> 19141.693 | AF13: =+Z13-AC13 -> 18040.917 | AG13: =+AA13-AD13 -> 18656.008
B14: 정관 | G14: =+I14 -> 정관 | I14: 정관 | J14: =+IFERROR(HLOOKUP($B14,'[1]1월'!$D$6:$BN$259,2,),)/1000 -> 18 | K14: =+IFERROR(HLOOKUP($B14,'[2]1월'!$F$6:$CP$99,2,),)/1000 -> 16.167 | L14: =+K14-J14 -> -1.833 | M14: =+IFERROR(HLOOKUP($B14,'[3]1월'!$F$6:$CC$57,2,),)/1000 -> 21.5175 | N14: =+K14-M14 -> -5.3505 | O14: =+IFERROR(HLOOKUP($B14,'[1]1월'!$D$6:$BN$259,3,),)/1000 -> 1835.9943 | P14: =+IFERROR(HLOOKUP($B14,'[2]1월'!$F$6:$CP$99,3,),)/1000 -> 1665.2893 | Q14: =+P14-O14 -> -170.705 | R14: =+IFERROR(HLOOKUP($B14,'[3]1월'!$F$6:$CC$57,3,),)/1000 -> 2218.1056 | S14: =+P14-R14 -> -552.81635 | T14: =+IFERROR(HLOOKUP($B14,'[1]1월'!$D$6:$BN$259,16,),)/1000 -> 130.22967 | U14: =+IFERROR(HLOOKUP($B14,'[2]1월'!$F$6:$CP$99,16,),)/1000 -> 94.40849 | V14: =+U14-T14 -> -35.821177 | W14: =+IFERROR(HLOOKUP($B14,'[3]1월'!$F$6:$CC$57,16,),)/1000 -> 256.96584 | X14: =+U14-W14 -> -162.55735 | Y14: =+[4]정관!$Q$85 -> 101999.68 | Z14: =+[4]정관!$R$85 -> 103005.46 | AA14: =+[5]정관!$Q$85 -> 103083.8 | AB14: =+[4]정관!$Q$89 -> 81923.101 | AC14: =+[4]정관!$R$89 -> 85293.934 | AD14: =+[5]정관!$Q$89 -> 81962.525 | AE14: =+Y14-AB14 -> 20076.582 | AF14: =+Z14-AC14 -> 17711.527 | AG14: =+AA14-AD14 -> 21121.274
B15: 양산 | G15: =+I15 -> 양산 | I15: 양산 | J15: =+IFERROR(HLOOKUP($B15,'[1]1월'!$D$6:$BN$259,2,),)/1000 -> 10 | K15: =+IFERROR(HLOOKUP($B15,'[2]1월'!$F$6:$CP$99,2,),)/1000 -> 5.826 | L15: =+K15-J15 -> -4.174 | M15: =+IFERROR(HLOOKUP($B15,'[3]1월'!$F$6:$CC$57,2,),)/1000 -> 13.864 | N15: =+K15-M15 -> -8.038 | O15: =+IFERROR(HLOOKUP($B15,'[1]1월'!$D$6:$BN$259,3,),)/1000 -> 944.7875 | P15: =+IFERROR(HLOOKUP($B15,'[2]1월'!$F$6:$CP$99,3,),)/1000 -> 539.4139 | Q15: =+P15-O15 -> -405.3736 | R15: =+IFERROR(HLOOKUP($B15,'[3]1월'!$F$6:$CC$57,3,),)/1000 -> 1311.9159 | S15: =+P15-R15 -> -772.502 | T15: =+IFERROR(HLOOKUP($B15,'[1]1월'!$D$6:$BN$259,16,),)/1000 -> 40.01441 | U15: =+IFERROR(HLOOKUP($B15,'[2]1월'!$F$6:$CP$99,16,),)/1000 -> -50.209252 | V15: =+U15-T15 -> -90.223662 | W15: =+IFERROR(HLOOKUP($B15,'[3]1월'!$F$6:$CC$57,16,),)/1000 -> 152.26055 | X15: =+U15-W15 -> -202.4698 | Y15: =+[4]양산!$Q$85 -> 94478.75 | Z15: =+[4]양산!$R$85 -> 92587.35 | AA15: =+[5]양산!$Q$85 -> 94627.517 | AB15: =+[4]양산!$Q$89 -> 74478.645 | AC15: =+[4]양산!$R$89 -> 75380.246 | AD15: =+[5]양산!$Q$89 -> 73539.584 | AE15: =+Y15-AB15 -> 20000.105 | AF15: =+Z15-AC15 -> 17207.103 | AG15: =+AA15-AD15 -> 21087.933
B16: 창원 | G16: =+I16 -> 창원 | I16: 창원 | J16: =+IFERROR(HLOOKUP($B16,'[1]1월'!$D$6:$BN$259,2,),)/1000 -> 7 | K16: =+IFERROR(HLOOKUP($B16,'[2]1월'!$F$6:$CP$99,2,),)/1000 -> 9.07 | L16: =+K16-J16 -> 2.07 | M16: =+IFERROR(HLOOKUP($B16,'[3]1월'!$F$6:$CC$57,2,),)/1000 -> 17.315 | N16: =+K16-M16 -> -8.245 | O16: =+IFERROR(HLOOKUP($B16,'[1]1월'!$D$6:$BN$259,3,),)/1000 -> 700.0022 | P16: =+IFERROR(HLOOKUP($B16,'[2]1월'!$F$6:$CP$99,3,),)/1000 -> 915.39465 | Q16: =+P16-O16 -> 215.39245 | R16: =+IFERROR(HLOOKUP($B16,'[3]1월'!$F$6:$CC$57,3,),)/1000 -> 1843.6711 | S16: =+P16-R16 -> -928.27645 | T16: =+IFERROR(HLOOKUP($B16,'[1]1월'!$D$6:$BN$259,16,),)/1000 -> -17.82064 | U16: =+IFERROR(HLOOKUP($B16,'[2]1월'!$F$6:$CP$99,16,),)/1000 -> 7.209117 | V16: =+U16-T16 -> 25.029757 | W16: =+IFERROR(HLOOKUP($B16,'[3]1월'!$F$6:$CC$57,16,),)/1000 -> 299.90023 | X16: =+U16-W16 -> -292.69111 | Y16: =+[4]창원!$Q$85 -> 100000.31 | Z16: =+[4]창원!$R$85 -> 100925.54 | AA16: =+[5]창원!$Q$85 -> 106478.26 | AB16: =+[4]창원!$Q$89 -> 75787.34 | AC16: =+[4]창원!$R$89 -> 77749.251 | AD16: =+[5]창원!$Q$89 -> 77287.77 | AE16: =+Y16-AB16 -> 24212.975 | AF16: =+Z16-AC16 -> 23176.289 | AG16: =+AA16-AD16 -> 29190.491
B17: 대구 | G17: =+I17 -> 대구 | I17: 대구 | J17: =+IFERROR(HLOOKUP($B17,'[1]1월'!$D$6:$BN$259,2,),)/1000 -> 10 | K17: =+IFERROR(HLOOKUP($B17,'[2]1월'!$F$6:$CP$99,2,),)/1000 -> 9.533 | L17: =+K17-J17 -> -0.467 | M17: =+IFERROR(HLOOKUP($B17,'[3]1월'!$F$6:$CC$57,2,),)/1000 -> 14.7545 | N17: =+K17-M17 -> -5.2215 | O17: =+IFERROR(HLOOKUP($B17,'[1]1월'!$D$6:$BN$259,3,),)/1000 -> 974.65893 | P17: =+IFERROR(HLOOKUP($B17,'[2]1월'!$F$6:$CP$99,3,),)/1000 -> 932.0735 | Q17: =+P17-O17 -> -42.585435 | R17: =+IFERROR(HLOOKUP($B17,'[3]1월'!$F$6:$CC$57,3,),)/1000 -> 1474.5359 | S17: =+P17-R17 -> -542.4624 | T17: =+IFERROR(HLOOKUP($B17,'[1]1월'!$D$6:$BN$259,16,),)/1000 -> 34.369778 | U17: =+IFERROR(HLOOKUP($B17,'[2]1월'!$F$6:$CP$99,16,),)/1000 -> 22.030702 | V17: =+U17-T17 -> -12.339076 | W17: =+IFERROR(HLOOKUP($B17,'[3]1월'!$F$6:$CC$57,16,),)/1000 -> 205.45768 | X17: =+U17-W17 -> -183.42698 | Y17: =+[4]대구!$Q$85 -> 97465.893 | Z17: =+[4]대구!$R$85 -> 97773.366 | AA17: =+[5]대구!$Q$85 -> 99938.046 | AB17: =+[4]대구!$Q$89 -> 74770.401 | AC17: =+[4]대구!$R$89 -> 77456.301 | AD17: =+[5]대구!$Q$89 -> 74479.86 | AE17: =+Y17-AB17 -> 22695.492 | AF17: =+Z17-AC17 -> 20317.065 | AG17: =+AA17-AD17 -> 25458.186
B18: 울산 | G18: =+I18 -> 울산 | I18: 울산 | J18: =+IFERROR(HLOOKUP($B18,'[1]1월'!$D$6:$BN$259,2,),)/1000 -> 8 | K18: =+IFERROR(HLOOKUP($B18,'[2]1월'!$F$6:$CP$99,2,),)/1000 -> 9.133 | L18: =+K18-J18 -> 1.133 | M18: =+IFERROR(HLOOKUP($B18,'[3]1월'!$F$6:$CC$57,2,),)/1000 -> 5.383 | N18: =+K18-M18 -> 3.75 | O18: =+IFERROR(HLOOKUP($B18,'[1]1월'!$D$6:$BN$259,3,),)/1000 -> 817.062 | P18: =+IFERROR(HLOOKUP($B18,'[2]1월'!$F$6:$CP$99,3,),)/1000 -> 978.7919 | Q18: =+P18-O18 -> 161.7299 | R18: =+IFERROR(HLOOKUP($B18,'[3]1월'!$F$6:$CC$57,3,),)/1000 -> 560.6076 | S18: =+P18-R18 -> 418.1843 | T18: =+IFERROR(HLOOKUP($B18,'[1]1월'!$D$6:$BN$259,16,),)/1000 -> -4.3383708 | U18: =+IFERROR(HLOOKUP($B18,'[2]1월'!$F$6:$CP$99,16,),)/1000 -> 57.724488 | V18: =+U18-T18 -> 62.062859 | W18: =+IFERROR(HLOOKUP($B18,'[3]1월'!$F$6:$CC$57,16,),)/1000 -> -2.687835 | X18: =+U18-W18 -> 60.412323 | Y18: =+[4]울산!$Q$85 -> 102132.75 | Z18: =+[4]울산!$R$85 -> 107170.91 | AA18: =+[5]울산!$Q$85 -> 104144.08 | AB18: =+[4]울산!$Q$89 -> 82654.53 | AC18: =+[4]울산!$R$89 -> 85147.593 | AD18: =+[5]울산!$Q$89 -> 82948.249 | AE18: =+Y18-AB18 -> 19478.22 | AF18: =+Z18-AC18 -> 22023.314 | AG18: =+AA18-AD18 -> 21195.834
B19: 아산 | G19: =+I19 -> 아산 | I19: 아산 | J19: =+IFERROR(HLOOKUP($B19,'[1]1월'!$D$6:$BN$259,2,),)/1000 -> 13 | K19: =+IFERROR(HLOOKUP($B19,'[2]1월'!$F$6:$CP$99,2,),)/1000 -> 16.996 | L19: =+K19-J19 -> 3.996 | M19: =+IFERROR(HLOOKUP($B19,'[3]1월'!$F$6:$CC$57,2,),)/1000 -> 22.999 | N19: =+K19-M19 -> -6.003 | O19: =+IFERROR(HLOOKUP($B19,'[1]1월'!$D$6:$BN$259,3,),)/1000 -> 1339 | P19: =+IFERROR(HLOOKUP($B19,'[2]1월'!$F$6:$CP$99,3,),)/1000 -> 1719.2657 | Q19: =+P19-O19 -> 380.26574 | R19: =+IFERROR(HLOOKUP($B19,'[3]1월'!$F$6:$CC$57,3,),)/1000 -> 2225.2769 | S19: =+P19-R19 -> -506.01116 | T19: =+IFERROR(HLOOKUP($B19,'[1]1월'!$D$6:$BN$259,16,),)/1000 -> 29.853229 | U19: =+IFERROR(HLOOKUP($B19,'[2]1월'!$F$6:$CP$99,16,),)/1000 -> -30.781557 | V19: =+U19-T19 -> -60.634786 | W19: =+IFERROR(HLOOKUP($B19,'[3]1월'!$F$6:$CC$57,16,),)/1000 -> 76.583958 | X19: =+U19-W19 -> -107.36552 | Y19: =+[4]아산!$Q$85 -> 103000 | Z19: =+[4]아산!$R$85 -> 101157.08 | AA19: =+[5]아산!$Q$85 -> 96755.376 | AB19: =+[4]아산!$Q$89 -> 79215.307 | AC19: =+[4]아산!$R$89 -> 88061.244 | AD19: =+[5]아산!$Q$89 -> 82780.119 | AE19: =+Y19-AB19 -> 23784.693 | AF19: =+Z19-AC19 -> 13095.836 | AG19: =+AA19-AD19 -> 13975.257
B20: 전주 | G20: =+I20 -> 전주 | I20: 전주 | J20: =+IFERROR(HLOOKUP($B20,'[1]1월'!$D$6:$BN$259,2,),)/1000 -> 7 | K20: =+IFERROR(HLOOKUP($B20,'[2]1월'!$F$6:$CP$99,2,),)/1000 -> 12.05 | L20: =+K20-J20 -> 5.05 | M20: =+IFERROR(HLOOKUP($B20,'[3]1월'!$F$6:$CC$57,2,),)/1000 -> 6.567 | N20: =+K20-M20 -> 5.483 | O20: =+IFERROR(HLOOKUP($B20,'[1]1월'!$D$6:$BN$259,3,),)/1000 -> 678.03832 | P20: =+IFERROR(HLOOKUP($B20,'[2]1월'!$F$6:$CP$99,3,),)/1000 -> 1162.3579 | Q20: =+P20-O20 -> 484.31962 | R20: =+IFERROR(HLOOKUP($B20,'[3]1월'!$F$6:$CC$57,3,),)/1000 -> 648.20874 | S20: =+P20-R20 -> 514.1492 | T20: =+IFERROR(HLOOKUP($B20,'[1]1월'!$D$6:$BN$259,16,),)/1000 -> 5.6144257 | U20: =+IFERROR(HLOOKUP($B20,'[2]1월'!$F$6:$CP$99,16,),)/1000 -> 103.70416 | V20: =+U20-T20 -> 98.089735 | W20: =+IFERROR(HLOOKUP($B20,'[3]1월'!$F$6:$CC$57,16,),)/1000 -> 24.564714 | X20: =+U20-W20 -> 79.139447 | Y20: =+[4]전주!$Q$85 -> 96862.617 | Z20: =+[4]전주!$R$85 -> 96461.24 | AA20: =+[5]전주!$Q$85 -> 98706.98 | AB20: =+[4]전주!$Q$89 -> 73604.145 | AC20: =+[4]전주!$R$89 -> 74948.096 | AD20: =+[5]전주!$Q$89 -> 74181.954 | AE20: =+Y20-AB20 -> 23258.472 | AF20: =+Z20-AC20 -> 21513.144 | AG20: =+AA20-AD20 -> 24525.026
B21: 군산 | G21: =+I21 -> 군산 | I21: 군산 | J21: =+IFERROR(HLOOKUP($B21,'[1]1월'!$D$6:$BN$259,2,),)/1000 -> 5 | K21: =+IFERROR(HLOOKUP($B21,'[2]1월'!$F$6:$CP$99,2,),)/1000 -> 2.6255 | L21: =+K21-J21 -> -2.3745 | M21: =+IFERROR(HLOOKUP($B21,'[3]1월'!$F$6:$CC$57,2,),)/1000 -> 7.363 | N21: =+K21-M21 -> -4.7375 | O21: =+IFERROR(HLOOKUP($B21,'[1]1월'!$D$6:$BN$259,3,),)/1000 -> 557.60124 | P21: =+IFERROR(HLOOKUP($B21,'[2]1월'!$F$6:$CP$99,3,),)/1000 -> 293.55978 | Q21: =+P21-O21 -> -264.04146 | R21: =+IFERROR(HLOOKUP($B21,'[3]1월'!$F$6:$CC$57,3,),)/1000 -> 752.76158 | S21: =+P21-R21 -> -459.2018 | T21: =+IFERROR(HLOOKUP($B21,'[1]1월'!$D$6:$BN$259,16,),)/1000 -> 99.136846 | U21: =+IFERROR(HLOOKUP($B21,'[2]1월'!$F$6:$CP$99,16,),)/1000 -> 10.0572 | V21: =+U21-T21 -> -89.079646 | W21: =+IFERROR(HLOOKUP($B21,'[3]1월'!$F$6:$CC$57,16,),)/1000 -> 157.32964 | X21: =+U21-W21 -> -147.27244 | Y21: =+[4]군산!$Q$85 -> 111520.25 | Z21: =+[4]군산!$R$85 -> 111811 | AA21: =+[5]군산!$Q$85 -> 102235.72 | AB21: =+[4]군산!$Q$89 -> 73867.306 | AC21: =+[4]군산!$R$89 -> 76532.785 | AD21: =+[5]군산!$Q$89 -> 69601.844 | AE21: =+Y21-AB21 -> 37652.942 | AF21: =+Z21-AC21 -> 35278.214 | AG21: =+AA21-AD21 -> 32633.872
B22: 원주 | G22: =+I22 -> 원주 | I22: 원주 | J22: =+IFERROR(HLOOKUP($B22,'[1]1월'!$D$6:$BN$259,2,),)/1000 -> 2 | K22: =+IFERROR(HLOOKUP($B22,'[2]1월'!$F$6:$CP$99,2,),)/1000 -> 2.178 | L22: =+K22-J22 -> 0.178 | M22: =+IFERROR(HLOOKUP($B22,'[3]1월'!$F$6:$CC$57,2,),)/1000 -> 3.533 | N22: =+K22-M22 -> -1.355 | O22: =+IFERROR(HLOOKUP($B22,'[1]1월'!$D$6:$BN$259,3,),)/1000 -> 224 | P22: =+IFERROR(HLOOKUP($B22,'[2]1월'!$F$6:$CP$99,3,),)/1000 -> 248.3728 | Q22: =+P22-O22 -> 24.3728 | R22: =+IFERROR(HLOOKUP($B22,'[3]1월'!$F$6:$CC$57,3,),)/1000 -> 412.2751 | S22: =+P22-R22 -> -163.9023 | T22: =+IFERROR(HLOOKUP($B22,'[1]1월'!$D$6:$BN$259,16,),)/1000 -> -22.563248 | U22: =+IFERROR(HLOOKUP($B22,'[2]1월'!$F$6:$CP$99,16,),)/1000 -> -4.029704 | V22: =+U22-T22 -> 18.533544 | W22: =+IFERROR(HLOOKUP($B22,'[3]1월'!$F$6:$CC$57,16,),)/1000 -> 53.424534 | X22: =+U22-W22 -> -57.454238 | Y22: =+[4]원주!$Q$85 -> 112000 | Z22: =+[4]원주!$R$85 -> 114037.1 | AA22: =+[5]원주!$Q$85 -> 116692.64 | AB22: =+[4]원주!$Q$89 -> 76003.432 | AC22: =+[4]원주!$R$89 -> 75778.687 | AD22: =+[5]원주!$Q$89 -> 76321.153 | AE22: =+Y22-AB22 -> 35996.568 | AF22: =+Z22-AC22 -> 38258.411 | AG22: =+AA22-AD22 -> 40371.487
B23: 제주 | G23: =+I23 -> 제주 | I23: 제주 | J23: =+IFERROR(HLOOKUP($B23,'[1]1월'!$D$6:$BN$259,2,),)/1000 -> 7 | K23: =+IFERROR(HLOOKUP($B23,'[2]1월'!$F$6:$CP$99,2,),)/1000 -> 5.9785 | L23: =+K23-J23 -> -1.0215 | M23: =+IFERROR(HLOOKUP($B23,'[3]1월'!$F$6:$CC$57,2,),)/1000 -> 3.2615 | N23: =+K23-M23 -> 2.717 | O23: =+IFERROR(HLOOKUP($B23,'[1]1월'!$D$6:$BN$259,3,),)/1000 -> 859.7575 | P23: =+IFERROR(HLOOKUP($B23,'[2]1월'!$F$6:$CP$99,3,),)/1000 -> 725.22047 | Q23: =+P23-O23 -> -134.53703 | R23: =+IFERROR(HLOOKUP($B23,'[3]1월'!$F$6:$CC$57,3,),)/1000 -> 419.7493 | S23: =+P23-R23 -> 305.47117 | T23: =+IFERROR(HLOOKUP($B23,'[1]1월'!$D$6:$BN$259,16,),)/1000 -> 122.6775 | U23: =+IFERROR(HLOOKUP($B23,'[2]1월'!$F$6:$CP$99,16,),)/1000 -> 68.396145 | V23: =+U23-T23 -> -54.281356 | W23: =+IFERROR(HLOOKUP($B23,'[3]1월'!$F$6:$CC$57,16,),)/1000 -> 35.375497 | X23: =+U23-W23 -> 33.020648 | Y23: =+[4]제주!$Q$85 -> 122822.5 | Z23: =+[4]제주!$R$85 -> 120069.69 | AA23: =+[5]제주!$Q$85 -> 128698.24 | AB23: =+[4]제주!$Q$89 -> 90529.859 | AC23: =+[4]제주!$R$89 -> 90756.928 | AD23: =+[5]제주!$Q$89 -> 90773.836 | AE23: =+Y23-AB23 -> 32292.641 | AF23: =+Z23-AC23 -> 29312.767 | AG23: =+AA23-AD23 -> 37924.401
G24: =+I24 -> 수도권 | I24: 수도권 | J24: =SUM(J7:J10) -> 76 | K24: =SUM(K7:K10) -> 56.9285 | L24: =+K24-J24 -> -19.0715 | M24: =SUM(M7:M10) -> 102.264 | N24: =+K24-M24 -> -45.3355 | O24: =SUM(O7:O10) -> 7408.9809 | P24: =SUM(P7:P10) -> 5635.9294 | Q24: =+P24-O24 -> -1773.0515 | R24: =SUM(R7:R10) -> 9926.1808 | S24: =+P24-R24 -> -4290.2514 | T24: =SUM(T7:T10) -> 124.80098 | U24: =SUM(U7:U10) -> -252.9741 | V24: =+U24-T24 -> -377.77508 | W24: =SUM(W7:W10) -> 486.07577 | X24: =+U24-W24 -> -739.04987 | Y24: =+[4]수도권!$Q$85 -> 97486.591 | Z24: =+[4]수도권!$R$85 -> 99000.139 | AA24: =+[5]수도권!$Q$85 -> 97064.272 | AB24: =+[4]수도권!$Q$89 -> 81835.728 | AC24: =+[4]수도권!$R$89 -> 85329.992 | AD24: =+[5]수도권!$Q$89 -> 82325.824 | AE24: =+Y24-AB24 -> 15650.864 | AF24: =+Z24-AC24 -> 13670.147 | AG24: =+AA24-AD24 -> 14738.448
G25: =+I25 -> 영남권 | I25: 영남권 | J25: =SUM(J11:J18) -> 97 | K25: =SUM(K11:K18) -> 81.123 | L25: =+K25-J25 -> -15.877 | M25: =SUM(M11:M18) -> 132.898 | N25: =+K25-M25 -> -51.775 | O25: =SUM(O11:O18) -> 9748.5151 | P25: =SUM(P11:P18) -> 8189.686 | Q25: =+P25-O25 -> -1558.8291 | R25: =SUM(R11:R18) -> 13491.194 | S25: =+P25-R25 -> -5301.5076 | T25: =SUM(T11:T18) -> 383.20535 | U25: =SUM(U11:U18) -> 128.7661 | V25: =+U25-T25 -> -254.43926 | W25: =SUM(W11:W18) -> 1491.2352 | X25: =+U25-W25 -> -1362.4691 | Y25: =+[4]영남권!$Q$85 -> 100500.16 | Z25: =+[4]영남권!$R$85 -> 100960.81 | AA25: =+[5]영남권!$Q$85 -> 101515.92 | AB25: =+[4]영남권!$Q$89 -> 79483.262 | AC25: =+[4]영남권!$R$89 -> 80802.909 | AD25: =+[5]영남권!$Q$89 -> 79377.391 | AE25: =+Y25-AB25 -> 21016.894 | AF25: =+Z25-AC25 -> 20157.906 | AG25: =+AA25-AD25 -> 22138.533
G26: =+I26 -> 중부권 | I26: 중부권 | J26: =SUM(J19:J23) -> 34 | K26: =SUM(K19:K23) -> 39.828 | L26: =+K26-J26 -> 5.828 | M26: =SUM(M19:M23) -> 43.7235 | N26: =+K26-M26 -> -3.8955 | O26: =SUM(O19:O23) -> 3658.3971 | P26: =SUM(P19:P23) -> 4148.7767 | Q26: =+P26-O26 -> 490.37966 | R26: =SUM(R19:R23) -> 4458.2716 | S26: =+P26-R26 -> -309.49489 | T26: =SUM(T19:T23) -> 234.71875 | U26: =SUM(U19:U23) -> 147.34624 | V26: =+U26-T26 -> -87.372509 | W26: =SUM(W19:W23) -> 347.27834 | X26: =+U26-W26 -> -199.9321 | Y26: =+[4]중부권!$Q$85 -> 107599.91 | Z26: =+[4]중부권!$R$85 -> 103685.34 | AA26: =+[5]중부권!$Q$85 -> 101965.11 | AB26: =+[4]중부권!$Q$89 -> 79414.13 | AC26: =+[4]중부권!$R$89 -> 82924.201 | AD26: =+[5]중부권!$Q$89 -> 79343.893 | AE26: =+Y26-AB26 -> 28185.784 | AF26: =+Z26-AC26 -> 20761.141 | AG26: =+AA26-AD26 -> 22621.219
G27: =+K27/J27 -> 0.85932126 | H27: 레미콘 계 | J27: =SUM(J24:J26) -> 207 | K27: =SUM(K24:K26) -> 177.8795 | L27: =+K27-J27 -> -29.1205 | M27: =SUM(M24:M26) -> 278.8855 | N27: =+K27-M27 -> -101.006 | O27: =SUM(O24:O26) -> 20815.893 | P27: =SUM(P24:P26) -> 17974.392 | Q27: =+P27-O27 -> -2841.501 | R27: =SUM(R24:R26) -> 27875.646 | S27: =+P27-R27 -> -9901.2538 | T27: =SUM(T24:T26) -> 742.72509 | U27: =SUM(U24:U26) -> 23.138241 | V27: =+U27-T27 -> -719.58685 | W27: =SUM(W24:W26) -> 2324.5893 | X27: =+U27-W27 -> -2301.451 | Y27: =+[4]합계!$Q$85 -> 100559.87 | Z27: =+[4]합계!$R$85 -> 100932.18 | AA27: =+[5]합계!$Q$85 -> 99953.913 | AB27: =+[4]합계!$Q$89 -> 80335.614 | AC27: =+[4]합계!$R$89 -> 82701.342 | AD27: =+[5]합계!$Q$89 -> 80453.28 | AE27: =+Y27-AB27 -> 20224.256 | AF27: =+Z27-AC27 -> 18230.839 | AG27: =+AA27-AD27 -> 19500.633
B28: 건자재 | E28: 건자재영업 | G28: 건자재 | H28: 건자재 | J28: =+IFERROR(HLOOKUP($B28,'[1]1월'!$D$6:$BN$259,2,),) -> 9800 | K28: =+IFERROR(HLOOKUP($E28,'[2]1월'!$F$6:$CP$99,2,),) -> 8735.502 | L28: =+K28-J28 -> -1064.498 | M28: =+IFERROR(HLOOKUP($E28,'[3]1월'!$F$6:$CC$57,2,),) -> 6425.093 | N28: =+K28-M28 -> 2310.409 | O28: =+IFERROR(HLOOKUP($B28,'[1]1월'!$D$6:$BN$259,3,),)/1000 -> 10731.323 | P28: =+IFERROR(HLOOKUP($E28,'[2]1월'!$F$6:$CP$99,3,),)/1000 -> 7480.1197 | Q28: =+P28-O28 -> -3251.2031 | R28: =+IFERROR(HLOOKUP($E28,'[3]1월'!$F$6:$CC$57,3,),)/1000 -> 7407.9572 | S28: =+P28-R28 -> 72.162517 | T28: =+IFERROR(HLOOKUP($B28,'[1]1월'!$D$6:$BN$259,16,),)/1000 -> 167.36132 | U28: =+IFERROR(HLOOKUP($E28,'[2]1월'!$F$6:$CP$99,16,),)/1000 -> 1.697249 | V28: =+U28-T28 -> -165.66407 | W28: =+IFERROR(HLOOKUP($E28,'[3]1월'!$F$6:$CC$57,16,),)/1000 -> 75.267211 | X28: =+U28-W28 -> -73.569962 | Y28: ■ 비고
B29: 부산모래장 | C29: 부산골재 | G29: =+I29 -> 부산모래장 | H29: 골재 | I29: 부산모래장 | J29: =+IFERROR(HLOOKUP($B29,'[1]1월'!$D$6:$BN$259,2,),)/1000 -> 19.654135 | K29: =+IFERROR(HLOOKUP($C29,'[2]1월'!$F$6:$CP$99,2,),)/1000 -> 20.58 | L29: =+K29-J29 -> 0.92586478 | M29: =+IFERROR(HLOOKUP($C29,'[3]1월'!$F$6:$CC$57,2,),)/1000 -> 27.205 | N29: =+K29-M29 -> -6.625 | O29: =+IFERROR(HLOOKUP($B29,'[1]1월'!$D$6:$BN$259,3,),)/1000 -> 532.25661 | P29: =+IFERROR(HLOOKUP($C29,'[2]1월'!$F$6:$CP$99,3,),)/1000 -> 571.868 | Q29: =+P29-O29 -> 39.611388 | R29: =+IFERROR(HLOOKUP($C29,'[3]1월'!$F$6:$CC$57,3,),)/1000 -> 780.046 | S29: =+P29-R29 -> -208.178 | T29: =+IFERROR(HLOOKUP($B29,'[1]1월'!$D$6:$BN$259,21,),)/1000 -> 5.8105973 | U29: =+IFERROR(HLOOKUP($C29,'[2]1월'!$F$6:$CP$99,21,),)/1000 -> -2.7785453 | V29: =+U29-T29 -> -8.5891425 | W29: =+IFERROR(HLOOKUP($C29,'[3]1월'!$F$6:$CC$57,21,),)/1000 -> 57.434467 | X29: =+U29-W29 -> -60.213012
B30: 서부산크라샤 | C30: 서부산골재 | G30: =+I30 -> 서부산CR | I30: 서부산CR | J30: =+IFERROR(HLOOKUP($B30,'[1]1월'!$D$6:$BN$259,2,),)/1000 -> 36.43786 | K30: =+IFERROR(HLOOKUP($C30,'[2]1월'!$F$6:$CP$99,2,),)/1000 -> 1 | L30: =+K30-J30 -> -35.43786 | M30: =+IFERROR(HLOOKUP($C30,'[3]1월'!$F$6:$CC$57,2,),)/1000 -> 27.872 | N30: =+K30-M30 -> -26.872 | O30: =+IFERROR(HLOOKUP($B30,'[1]1월'!$D$6:$BN$259,3,),)/1000 -> 527.27896 | P30: =+IFERROR(HLOOKUP($C30,'[2]1월'!$F$6:$CP$99,3,),)/1000 -> 11.5 | Q30: =+P30-O30 -> -515.77896 | R30: =+IFERROR(HLOOKUP($C30,'[3]1월'!$F$6:$CC$57,3,),)/1000 -> 373.312 | S30: =+P30-R30 -> -361.812 | T30: =+IFERROR(HLOOKUP($B30,'[1]1월'!$D$6:$BN$259,21,),)/1000 -> 68.851888 | U30: =+IFERROR(HLOOKUP($C30,'[2]1월'!$F$6:$CP$99,21,),)/1000 -> -119.39961 | V30: =+U30-T30 -> -188.25149 | W30: =+IFERROR(HLOOKUP($C30,'[3]1월'!$F$6:$CC$57,21,),)/1000 -> 54.476102 | X30: =+U30-W30 -> -173.87571
B31: 부산크라샤 | C31: 부산크라샤 | G31: =+I31 -> 부산CR | I31: 부산CR | J31: =+IFERROR(HLOOKUP($B31,'[1]1월'!$D$6:$BN$259,2,),)/1000 -> 34.726295 | K31: =+IFERROR(HLOOKUP($C31,'[2]1월'!$F$6:$CP$99,2,),)/1000 -> 26.672 | L31: =+K31-J31 -> -8.0542954 | M31: =+IFERROR(HLOOKUP($C31,'[3]1월'!$F$6:$CC$57,2,),)/1000 -> 29.44 | N31: =+K31-M31 -> -2.768 | O31: =+IFERROR(HLOOKUP($B31,'[1]1월'!$D$6:$BN$259,3,),)/1000 -> 580.65887 | P31: =+IFERROR(HLOOKUP($C31,'[2]1월'!$F$6:$CP$99,3,),)/1000 -> 468.38 | Q31: =+P31-O31 -> -112.27887 | R31: =+IFERROR(HLOOKUP($C31,'[3]1월'!$F$6:$CC$57,3,),)/1000 -> 566.162 | S31: =+P31-R31 -> -97.782 | T31: =+IFERROR(HLOOKUP($B31,'[1]1월'!$D$6:$BN$259,21,),)/1000 -> 2.3150289 | U31: =+IFERROR(HLOOKUP($C31,'[2]1월'!$F$6:$CP$99,21,),)/1000 -> -157.90931 | V31: =+U31-T31 -> -160.22433 | W31: =+IFERROR(HLOOKUP($C31,'[3]1월'!$F$6:$CC$57,21,),)/1000 -> 72.163163 | X31: =+U31-W31 -> -230.07247
H32: 골재 계 | J32: =SUM(J29:J31) -> 90.818291 | K32: =SUM(K29:K31) -> 48.252 | L32: =+K32-J32 -> -42.566291 | M32: =SUM(M29:M31) -> 84.517 | N32: =+K32-M32 -> -36.265 | O32: =SUM(O29:O31) -> 1640.1944 | P32: =SUM(P29:P31) -> 1051.748 | Q32: =+P32-O32 -> -588.44644 | R32: =SUM(R29:R31) -> 1719.52 | S32: =+P32-R32 -> -667.772 | T32: =SUM(T29:T31) -> 76.977514 | U32: =SUM(U29:U31) -> -280.08746 | V32: =+U32-T32 -> -357.06497 | W32: =SUM(W29:W31) -> 184.07373 | X32: =+U32-W32 -> -464.16119
B33: 포항임대 | C33: 속초임대 | D33: 강릉임대 | E33: 레미콘임대 계 | G33: =+I33 -> 레미콘임대 | H33: 기타 | I33: 레미콘임대 | L33: =+K33-J33 -> 0 | N33: =+K33-M33 -> 0 | O33: =(IFERROR(HLOOKUP($B33,'[1]1월'!$D$6:$BN$259,3,),)++IFERROR(HLOOKUP($C33,'[1]1월'!$D$6:$BN$259,3,),)+IFERROR(HLOOKUP($D33,'[1]1월'!$D$6:$BN$259,3,),))/1000 -> 90.84 | P33: =+IFERROR(HLOOKUP($E33,'[2]1월'!$F$6:$CP$99,3,),)/1000 -> 90.84 | Q33: =+P33-O33 -> 0 | R33: =+IFERROR(HLOOKUP($E33,'[3]1월'!$F$6:$CC$57,3,),)/1000 -> 90.84 | S33: =+P33-R33 -> 0 | T33: =(IFERROR(HLOOKUP($B33,'[1]1월'!$D$6:$BN$259,21,),)++IFERROR(HLOOKUP($C33,'[1]1월'!$D$6:$BN$259,21,),)+IFERROR(HLOOKUP($D33,'[1]1월'!$D$6:$BN$259,21,),))/1000 -> 72.523221 | U33: =+IFERROR(HLOOKUP($E33,'[2]1월'!$F$6:$CP$99,16,),)/1000 -> 72.305275 | V33: =+U33-T33 -> -0.217946 | W33: =+IFERROR(HLOOKUP($E33,'[3]1월'!$F$6:$CC$57,16,),)/1000 -> 71.79658 | X33: =+U33-W33 -> 0.508695
B34: 부동산임대 | C34: 주유소임대 | E34: 임대 계 | G34: =+I34 -> 임대 | I34: 임대 | L34: =+K34-J34 -> 0 | M34: 0 | N34: =+K34-M34 -> 0 | O34: =(+IFERROR(HLOOKUP($B34,'[1]1월'!$D$6:$BN$259,3,),)+IFERROR(HLOOKUP($C34,'[1]1월'!$D$6:$BN$259,3,),))/1000 -> 74.0915 | P34: =+IFERROR(HLOOKUP($E34,'[2]1월'!$F$6:$CP$99,3,),)/1000 -> 74.732749 | Q34: =+P34-O34 -> 0.641249 | R34: =+IFERROR(HLOOKUP($E34,'[3]1월'!$F$6:$CC$57,3,),)/1000 -> 71.933111 | S34: =+P34-R34 -> 2.799638 | T34: =(+IFERROR(HLOOKUP($B34,'[1]1월'!$D$6:$BN$259,21,),)+IFERROR(HLOOKUP($C34,'[1]1월'!$D$6:$BN$259,21,),))/1000 -> 63.964 | U34: =+IFERROR(HLOOKUP($E34,'[2]1월'!$F$6:$CP$99,16,),)/1000 -> 64.600993 | V34: =+U34-T34 -> 0.636993 | W34: =+IFERROR(HLOOKUP($E34,'[3]1월'!$F$6:$CC$57,16,),)/1000 -> 61.824294 | X34: =+U34-W34 -> 2.776699
B35: 공 통 비 | G35: =+I35 -> 공통비 | I35: 공통비 | L35: =+K35-J35 -> 0 | N35: =+K35-M35 -> 0 | Q35: =+P35-O35 -> 0 | S35: =+P35-R35 -> 0 | T35: =-'[1]1월'!$Z$22/1000 -> -1784.7168 | U35: =+-'[2]1월'!$Z$22/1000 -> -1637.191 | V35: =+U35-T35 -> 147.5258 | W35: =+-'[3]1월'!$Z$22/1000 -> -1549.2991 | X35: =+U35-W35 -> -87.891838
G36: =+I36 -> OPC 소급분 | I36: OPC 소급분 | N36: =+K36-M36 -> 0 | Q36: =+P36-O36 -> 0 | S36: =+P36-R36 -> 0 | T36: =+'[1]1월'!$AS$26/1000 -> 0 | U36: ='[2]1월'!$BD$26/1000 -> 0 | V36: =+U36-T36 -> 0 | W36: =-'[3]1월'!$BD$26/1000 -> 0 | X36: =+U36-W36 -> 0
G37: =+I37 -> 대손 | I37: 대손 | N37: =+K37-M37 -> 0 | Q37: =+P37-O37 -> 0 | S37: =+P37-R37 -> 0 | U37: ='[2]1월'!$BE$26/1000 -> 0 | V37: =+U37-T37 -> 0 | W37: ='[3]1월'!$BE$26/1000 -> 0 | X37: =+U37-W37 -> 0
G38: =+I38 -> 미운영 공장 | I38: 미운영 공장 | M38: =SUM(M54:M59) -> 0 | N38: =+K38-M38 -> 0 | Q38: =+P38-O38 -> 0 | R38: =+IFERROR(HLOOKUP($I$38,'[3]1월'!$F$6:$BJ$50,3,),)/1000 -> 0 | S38: =+P38-R38 -> 0 | T38: =SUM('[1]1월'!$AM$26:$AQ$26)/1000 -> -42.504496 | U38: =+'[2]1월'!$BF$26/1000 -> -33.071712 | V38: =+U38-T38 -> 9.432784 | W38: =+'[3]1월'!$BF$26/1000 -> -36.069287 | X38: =+U38-W38 -> 2.997575
B39: 기타 계 | G39: =+I39 -> 퇴직금 | I39: 퇴직금 | U39: =+'[2]1월'!$BG$26/1000 -> -759.34319 | V39: =+U39-T39 -> -759.34319 | X39: =+U39-W39 -> -759.34319
G40: =+I40 -> 기타 | I40: 기타 | L40: =+K40-J40 -> 0 | N40: =+K40-M40 -> 0 | O40: =IFERROR(HLOOKUP($B39,'[1]1월'!$D$6:$BN$259,3,),)/1000 -> 1.77 | P40: =+('[2]1월'!$F$8-SUM('[2]1월'!$Z$8,'[2]1월'!$AH$8,'[2]1월'!$AN$8,'[2]1월'!$AO$8,'[2]1월'!$BA$8,'[2]1월'!$BD$8,'[2]1월'!$BE$8,'[2]1월'!$BF$8))/1000 -> 1.67985 | Q40: =+P40-O40 -> -0.09015 | R40: =+('[3]1월'!$F$8-SUM('[3]1월'!$Z$8,'[3]1월'!$AH$8,'[3]1월'!$AN$8,'[3]1월'!$AO$8,'[3]1월'!$BA$8,'[3]1월'!$BD$8,'[3]1월'!$BE$8,'[3]1월'!$BF$8))/1000 -> 1.7024 | S40: =+P40-R40 -> -0.02255 | T40: =+('[1]1월'!$E$26-'[1]1월'!$Z$26-'[1]1월'!$AA$26-'[1]1월'!$AE$26-'[1]1월'!$AL$26-'[1]1월'!$AM$26-'[1]1월'!$AN$26-'[1]1월'!$AO$26-'[1]1월'!$AP$26-'[1]1월'!$AQ$26-'[1]1월'!$AS$26)/1000 -> -16.802745 | U40: =+('[2]1월'!$F$26-SUM('[2]1월'!$Z$26,'[2]1월'!$AH$26,'[2]1월'!$AN$26,'[2]1월'!$AO$26,'[2]1월'!$BA$26,'[2]1월'!$BD$26,'[2]1월'!$BE$26,'[2]1월'!$BF$26))/1000-U39 -> -16.010092 | V40: =+U40-T40 -> 0.792653 | W40: =+('[3]1월'!$F$26-SUM('[3]1월'!$Z$26,'[3]1월'!$AH$26,'[3]1월'!$AN$26,'[3]1월'!$AO$26,'[3]1월'!$BA$26,'[3]1월'!$BD$26,'[3]1월'!$BE$26,'[3]1월'!$BF$26))/1000 -> -17.114136 | X40: =+U40-W40 -> 1.104044
H41: 기타 계 | J41: =SUM(J33:J40) -> 0 | K41: =SUM(K33:K40) -> 0 | L41: =+K41-J41 -> 0 | M41: =SUM(M33:M40) -> 0 | N41: =+K41-M41 -> 0 | O41: =SUM(O33:O40) -> 166.7015 | P41: =SUM(P33:P40) -> 167.2526 | Q41: =+P41-O41 -> 0.551099 | R41: =SUM(R33:R40) -> 164.47551 | S41: =+P41-R41 -> 2.777088 | T41: =SUM(T33:T40) -> -1707.5368 | U41: =SUM(U33:U40) -> -2308.7097 | V41: =+U41-T41 -> -601.1729 | W41: =SUM(W33:W40) -> -1468.8617 | X41: =+U41-W41 -> -839.84801
U42: 19 | V42: 12.4
G43: =+P43/O43 -> 0.79970687 | H43: 합계 | O43: =+O27+O32+O28+O41 -> 33354.112 | P43: =+P27+P32+P28+P41 -> 26673.512 | Q43: =+P43-O43 -> -6680.5995 | R43: =+R27+R32+R28+R41 -> 37167.599 | S43: =+P43-R43 -> -10494.086 | T43: =+T27+T32+T28+T41 -> -720.47289 | U43: =+U27+U32+U28+U41 -> -2563.9617 | V43: =+U43-T43 -> -1843.4888 | W43: =+W27+W32+W28+W41 -> 1115.0685 | X43: =+U43-W43 -> -3679.0302
G44: =+U43/T43 -> 3.5587206 | P44: =+P43/O43 -> 0.79970687 | T44: =+T43/O43 -> -0.021600722 | U44: =+U43/P43 -> -0.096123887
I46: 확인 | J46: =+'[1]1월'!$Z$7/1000 -> 207 | K46: =+'[2]1월'!$AI$7/1000 -> 177.8795 | M46: =+'[3]1월'!$Z$7/1000 -> 278.8855 | O46: =+'[1]1월'!$E$8/1000 -> 33354.112 | P46: =+'[2]1월'!$F$8/1000 -> 26673.512 | R46: =+'[3]1월'!$F$8/1000 -> 37167.599 | T46: =+'[1]1월'!$E$26/1000 -> -720.47289 | U46: =+'[2]1월'!$F$26/1000 -> -2563.9617 | W46: =+'[3]1월'!$F$26/1000 -> 1115.0685
J47: =+J46-J27 -> 0 | K47: =+K46-K27 -> 0 | M47: =+M46-M27 -> 0 | O47: =+O46-O43 -> 0 | P47: =+P46-P43 -> 0 | R47: =+R46-R43 -> 0 | T47: =+T46-T43 -> 4.6611603e-12 | U47: =+U46-U43 -> 0 | W47: =+W46-W43 -> 0
S50: 레미콘 | T50: =(+T27+T35)/100 -> -10.419917 | U50: =(+U27+U35)/100 -> -16.140527 | V50: =+U50-T50 -> -5.7206104 | W50: =+U50/T50-1 -> 0.54900729
S51: 건자재 | T51: =+T28/100 -> 1.6736132 | U51: =+U28/100 -> 0.01697249 | V51: =+U51-T51 -> -1.6566407 | Y51: - OPC 소급분 : 삼표 2.5억(총 9.9억 中 1회차) → 8~1월 총 4회 소급예정
S52: 골재 | T52: =+T32/100 -> 0.76977514 | U52: =+U32/100 -> -2.8008746 | V52: =+U52-T52 -> -3.5706497
S53: 임대 | T53: =(T33+T34)/100 -> 1.3648722 | U53: =(U33+U34)/100 -> 1.3690627 | V53: =+U53-T53 -> 0.00419047
S54: 기타 | T54: =(T46/100)-T50-T51-T52-T53 -> -0.59307241 | U54: =(U46/100)-U50-U51-U52-U53 -> -8.0842499 | V54: =+U54-T54 -> -7.4911775
T55: =SUM(T53:T54) -> 0.7717998 | U55: =SUM(U53:U54) -> -6.7151872 | V55: =SUM(V53:V54) -> -7.486987
T56: =SUM(T50:T54) -> -7.2047289 | U56: =SUM(U50:U54) -> -25.639617 | V56: =+U56-T56 -> -18.434888
S58: 임대 | T58: =+(T33+T34)/100 -> 1.3648722 | U58: =+(U33+U34)/100 -> 1.3690627 | V58: =+U58-T58 -> 0.00419047
S59: =+I36 -> OPC 소급분 | T59: =+T36/100 -> 0 | U59: =+U36/100 -> 0 | V59: =+U59-T59 -> 0
S60: =+I37 -> 대손 | T60: =+T37/100 -> 0 | U60: =+U37/100 -> 0 | V60: =+U60-T60 -> 0
S61: =+I38 -> 미운영 공장 | T61: =+T38/100 -> -0.42504496 | U61: =+U38/100 -> -0.33071712 | V61: =+U61-T61 -> 0.09432784
S62: =+I40 -> 기타 | T62: =+T40/100 -> -0.16802745 | U62: =+U40/100 -> -0.16010092 | V62: =+U62-T62 -> 0.00792653
T63: =SUM(T58:T62) -> 0.7717998 | U63: =SUM(U58:U62) -> 0.87824464 | V63: =SUM(V58:V62) -> 0.10644484

Sheet 영업이익
D4: □ 레미콘 영업이익 차이분석(2025-01)
W5: [단위 : 백만원, 천㎥]
A6: 2024년 12월 마감 손익 | D6: 구분 | E6: 영업이익(공통비 미배부) | H6: 물량 차이 | L6: 판매단가 차이 | P6: 제조원가 차이 | T6: 판관비 등 차이
E7: 계획 | F7: 실적 | G7: 차이 | H7: 계획 | I7: 실적 | J7: 차이 | K7: 손익 | L7: 계획 | M7: 실적 | N7: 차이 | O7: 손익 | P7: 계획 | Q7: 실적 | R7: 차이 | S7: 손익 | T7: 계획 | U7: 실적 | V7: 차이 | W7: 손익
D8: 합계 | E8: =+[4]합계!$H$86/1000 -> 742.72509 | F8: =+[4]합계!$I$86/1000 -> 23.138241 | G8: =+F8-E8 -> -719.58685 | H8: =+[4]합계!$T$5/1000 -> 207 | I8: =+[4]합계!$U$5/1000 -> 177.8795 | J8: =+I8-H8 -> -29.1205 | K8: =+[4]합계!$M$86/1000 -> -255.80367 | L8: =+[4]합계!$Q$85 -> 100559.87 | M8: =+[4]합계!$R$85 -> 100932.18 | N8: =+M8-L8 -> 372.31106 | O8: =+[4]합계!$K$86/1000 -> 65.92605 | P8: =+[4]합계!$Q$50 -> 91988.451 | Q8: =+[4]합계!$R$50 -> 94581.983 | R8: =+Q8-P8 -> 2593.5326 | S8: =+[4]합계!$L$56/1000 -> -453.29121 | T8: =+([4]합계!$H$80+[4]합계!$H$85)/1000 -> 1027.9587 | U8: =+([4]합계!$I$80+[4]합계!$I$85)/1000 -> 1104.3767 | V8: =+U8-T8 -> 76.418013 | W8: =+([4]합계!$L$80+[4]합계!$L$85)/1000 -> -76.418013 | Y8: =+G8-K8-O8-S8-W8 -> -3.5385028e-12 | Z8: =+Y8*1000000 -> -3.5385028e-06
D9: 수도권 | E9: =+[4]수도권!$H$86/1000 -> 124.80098 | F9: =+[4]수도권!$I$86/1000 -> -252.9741 | G9: =+F9-E9 -> -377.77508 | H9: =+[4]수도권!$T$5/1000 -> 76 | I9: =+[4]수도권!$U$5/1000 -> 56.9285 | J9: =+I9-H9 -> -19.0715 | K9: =+[4]수도권!$M$86/1000 -> -111.17822 | L9: =+[4]수도권!$Q$85 -> 97486.591 | M9: =+[4]수도권!$R$85 -> 99000.139 | N9: =+M9-L9 -> 1513.5475 | O9: =+[4]수도권!$K$86/1000 -> 86.163989 | P9: =+[4]수도권!$Q$50 -> 91609.675 | Q9: =+[4]수도권!$R$50 -> 97530.53 | R9: =+Q9-P9 -> 5920.855 | S9: =+[4]수도권!$L$56/1000 -> -333.80223 | T9: =+([4]수도권!$H$80+[4]수도권!$H$85)/1000 -> 318.24465 | U9: =+([4]수도권!$I$80+[4]수도권!$I$85)/1000 -> 337.20327 | V9: =+U9-T9 -> 18.958613 | W9: =+([4]수도권!$L$80+[4]수도권!$L$85)/1000 -> -18.958613 | Y9: =+G9-K9-O9-S9-W9 -> -3.4816594e-13 | Z9: =+Y9*1000000 -> -3.4816594e-07
D10: 영남권 | E10: =+[4]영남권!$H$86/1000 -> 383.20535 | F10: =+[4]영남권!$I$86/1000 -> 128.7661 | G10: =+F10-E10 -> -254.43926 | H10: =+[4]영남권!$T$5/1000 -> 97 | I10: =+[4]영남권!$U$5/1000 -> 81.123 | J10: =+I10-H10 -> -15.877 | K10: =+[4]영남권!$M$86/1000 -> -146.38966 | L10: =+[4]영남권!$Q$85 -> 100500.16 | M10: =+[4]영남권!$R$85 -> 100960.81 | N10: =+M10-L10 -> 460.65932 | O10: =+[4]영남권!$K$86/1000 -> 37.330449 | P10: =+[4]영남권!$Q$50 -> 91317.254 | Q10: =+[4]영남권!$R$50 -> 92540.675 | R10: =+Q10-P10 -> 1223.421 | S10: =+[4]영남권!$L$56/1000 -> -92.046899 | T10: =+([4]영남권!$H$80+[4]영남권!$H$85)/1000 -> 507.53613 | U10: =+([4]영남권!$I$80+[4]영남권!$I$85)/1000 -> 560.86928 | V10: =+U10-T10 -> 53.333145 | W10: =+([4]영남권!$L$80+[4]영남권!$L$85)/1000 -> -53.333145 | Y10: =+G10-K10-O10-S10-W10 -> -6.5369932e-13 | Z10: =+Y10*1000000 -> -6.5369932e-07
D11: 기타권 | E11: =+[4]중부권!$H$86/1000 -> 234.71875 | F11: =+[4]중부권!$I$86/1000 -> 147.34624 | G11: =+F11-E11 -> -87.372509 | H11: =+[4]중부권!$T$5/1000 -> 34 | I11: =+[4]중부권!$U$5/1000 -> 39.828 | J11: =+I11-H11 -> 5.828 | K11: =+[4]중부권!$M$86/1000 -> 65.624453 | L11: =+[4]중부권!$Q$85 -> 107599.91 | M11: =+[4]중부권!$R$85 -> 103685.34 | N11: =+M11-L11 -> -3914.5715 | O11: =+[4]중부권!$K$86/1000 -> -153.08715 | P11: =+[4]중부권!$Q$50 -> 94750.011 | Q11: =+[4]중부권!$R$50 -> 94643.864 | R11: =+Q11-P11 -> -106.14699 | S11: =+[4]중부권!$L$56/1000 -> 4.2164411 | T11: =+([4]중부권!$H$80+[4]중부권!$H$85)/1000 -> 202.17792 | U11: =+([4]중부권!$I$80+[4]중부권!$I$85)/1000 -> 206.30418 | V11: =+U11-T11 -> 4.1262558 | W11: =+([4]중부권!$L$80+[4]중부권!$L$85)/1000 -> -4.1262558 | Y11: =+G11-K11-O11-S11-W11 -> -4.7961635e-13 | Z11: =+Y11*1000000 -> -4.7961635e-07
D12: 안양 | E12: =+[4]안양!$H$86/1000 -> 154.13647 | F12: =+[4]안양!$I$86/1000 -> 88.057685 | G12: =+F12-E12 -> -66.078782 | H12: =+[4]안양!$T$5/1000 -> 30 | I12: =+[4]안양!$U$5/1000 -> 27.197 | J12: =+I12-H12 -> -2.803 | K12: =+[4]안양!$M$86/1000 -> -23.432966 | L12: =+[4]안양!$Q$85 -> 98219.131 | M12: =+[4]안양!$R$85 -> 99506.197 | N12: =+M12-L12 -> 1287.0658 | O12: =+[4]안양!$K$86/1000 -> 35.004329 | P12: =+[4]안양!$Q$50 -> 89859.172 | Q12: =+[4]안양!$R$50 -> 92526.295 | R12: =+Q12-P12 -> 2667.1237 | S12: =+[4]안양!$L$56/1000 -> -72.53775 | T12: =+([4]안양!$H$80+[4]안양!$H$85)/1000 -> 96.662309 | U12: =+([4]안양!$I$80+[4]안양!$I$85)/1000 -> 101.7747 | V12: =+U12-T12 -> 5.1123958 | W12: =+([4]안양!$L$80+[4]안양!$L$85)/1000 -> -5.1123958 | Y12: =+G12-K12-O12-S12-W12 -> 3.5527137e-13 | Z12: =+Y12*1000000 -> 3.5527137e-07
D13: 인천 | E13: =+[4]인천!$H$86/1000 -> 18.630676 | F13: =+[4]인천!$I$86/1000 -> -127.14974 | G13: =+F13-E13 -> -145.78042 | H13: =+[4]인천!$T$5/1000 -> 25 | I13: =+[4]인천!$U$5/1000 -> 15.904 | J13: =+I13-H13 -> -9.096 | K13: =+[4]인천!$M$86/1000 -> -41.509108 | L13: =+[4]인천!$Q$85 -> 97359.535 | M13: =+[4]인천!$R$85 -> 100747.1 | N13: =+M13-L13 -> 3387.5605 | O13: =+[4]인천!$K$86/1000 -> 53.875762 | P13: =+[4]인천!$Q$50 -> 92716.088 | Q13: =+[4]인천!$R$50 -> 102157.96 | R13: =+Q13-P13 -> 9441.8727 | S13: =+[4]인천!$L$56/1000 -> -148.59588 | T13: =+([4]인천!$H$80+[4]인천!$H$85)/1000 -> 95.455482 | U13: =+([4]인천!$I$80+[4]인천!$I$85)/1000 -> 105.00667 | V13: =+U13-T13 -> 9.5511925 | W13: =+([4]인천!$L$80+[4]인천!$L$85)/1000 -> -9.5511925 | Y13: =+G13-K13-O13-S13-W13 -> -5.8619776e-14 | Z13: =+Y13*1000000 -> -5.8619776e-08
D14: 파주 | E14: =+[4]파주!$H$86/1000 -> -13.542758 | F14: =+[4]파주!$I$86/1000 -> -106.54515 | G14: =+F14-E14 -> -93.002389 | H14: =+[4]파주!$T$5/1000 -> 14 | I14: =+[4]파주!$U$5/1000 -> 8.443 | J14: =+I14-H14 -> -5.557 | K14: =+[4]파주!$M$86/1000 -> -22.968016 | L14: =+[4]파주!$Q$85 -> 96266.346 | M14: =+[4]파주!$R$85 -> 94891.839 | N14: =+M14-L14 -> -1374.5064 | O14: =+[4]파주!$K$86/1000 -> -11.604958 | P14: =+[4]파주!$Q$50 -> 92133.178 | Q14: =+[4]파주!$R$50 -> 98645.535 | R14: =+Q14-P14 -> 6512.3574 | S14: =+[4]파주!$L$56/1000 -> -55.011838 | T14: =+([4]파주!$H$80+[4]파주!$H$85)/1000 -> 71.407114 | U14: =+([4]파주!$I$80+[4]파주!$I$85)/1000 -> 74.824691 | V14: =+U14-T14 -> 3.4175772 | W14: =+([4]파주!$L$80+[4]파주!$L$85)/1000 -> -3.4175772 | Y14: =+G14-K14-O14-S14-W14 -> 0 | Z14: =+Y14*1000000 -> 0
D15: 김포 | E15: =+[4]김포!$H$86/1000 -> -34.423406 | F15: =+[4]김포!$I$86/1000 -> -107.3369 | G15: =+F15-E15 -> -72.91349 | H15: =+[4]김포!$T$5/1000 -> 7 | I15: =+[4]김포!$U$5/1000 -> 5.3845 | J15: =+I15-H15 -> -1.6155 | K15: =+[4]김포!$M$86/1000 -> -4.6841061 | L15: =+[4]김포!$Q$85 -> 97241.4 | M15: =+[4]김포!$R$85 -> 97726.022 | N15: =+M15-L15 -> 484.6221 | O15: =+[4]김포!$K$86/1000 -> 2.6094477 | P15: =+[4]김포!$Q$50 -> 94113.351 | Q15: =+[4]김포!$R$50 -> 107336.56 | R15: =+Q15-P15 -> 13223.209 | S15: =+[4]김포!$L$56/1000 -> -69.961384 | T15: =+([4]김포!$H$80+[4]김포!$H$85)/1000 -> 54.719749 | U15: =+([4]김포!$I$80+[4]김포!$I$85)/1000 -> 55.597196 | V15: =+U15-T15 -> 0.87744706 | W15: =+([4]김포!$L$80+[4]김포!$L$85)/1000 -> -0.87744706 | Y15: =+G15-K15-O15-S15-W15 -> 3.1752379e-14 | Z15: =+Y15*1000000 -> 3.1752379e-08
D16: 부산 | E16: =+[4]부산!$H$86/1000 -> 91.668576 | F16: =+[4]부산!$I$86/1000 -> 26.931239 | G16: =+F16-E16 -> -64.737337 | H16: =+[4]부산!$T$5/1000 -> 17 | I16: =+[4]부산!$U$5/1000 -> 13.731 | J16: =+I16-H16 -> -3.269 | K16: =+[4]부산!$M$86/1000 -> -35.533804 | L16: =+[4]부산!$Q$85 -> 107700.25 | M16: =+[4]부산!$R$85 -> 105326.39 | N16: =+M16-L16 -> -2373.8678 | O16: =+[4]부산!$K$86/1000 -> -32.595579 | P16: =+[4]부산!$Q$50 -> 96830.323 | Q16: =+[4]부산!$R$50 -> 96034.97 | R16: =+Q16-P16 -> -795.35258 | S16: =+[4]부산!$L$56/1000 -> 40.888097 | T16: =+([4]부산!$H$80+[4]부산!$H$85)/1000 -> 93.120247 | U16: =+([4]부산!$I$80+[4]부산!$I$85)/1000 -> 130.6163 | V16: =+U16-T16 -> 37.496051 | W16: =+([4]부산!$L$80+[4]부산!$L$85)/1000 -> -37.496051 | Y16: =+G16-K16-O16-S16-W16 -> 0 | Z16: =+Y16*1000000 -> 0
D17: 서부산 | E17: =+[4]서부산!$H$86/1000 -> 52.179473 | F17: =+[4]서부산!$I$86/1000 -> 35.159033 | G17: =+F17-E17 -> -17.02044 | H17: =+[4]서부산!$T$5/1000 -> 15 | I17: =+[4]서부산!$U$5/1000 -> 12.446 | J17: =+I17-H17 -> -2.554 | K17: =+[4]서부산!$M$86/1000 -> -21.935295 | L17: =+[4]서부산!$Q$85 -> 99300.169 | M17: =+[4]서부산!$R$85 -> 98009.738 | N17: =+M17-L17 -> -1290.4313 | O17: =+[4]서부산!$K$86/1000 -> -16.060708 | P17: =+[4]서부산!$Q$50 -> 90711.565 | Q17: =+[4]서부산!$R$50 -> 86878.524 | R17: =+Q17-P17 -> -3833.0414 | S17: =+[4]서부산!$L$56/1000 -> 29.454537 | T17: =+([4]서부산!$H$80+[4]서부산!$H$85)/1000 -> 76.649591 | U17: =+([4]서부산!$I$80+[4]서부산!$I$85)/1000 -> 85.128564 | V17: =+U17-T17 -> 8.4789737 | W17: =+([4]서부산!$L$80+[4]서부산!$L$85)/1000 -> -8.4789737 | Y17: =+G17-K17-O17-S17-W17 -> 7.6383344e-14 | Z17: =+Y17*1000000 -> 7.6383344e-08
D18: 김해 | E18: =+[4]김해!$H$86/1000 -> 56.902461 | F18: =+[4]김해!$I$86/1000 -> -64.487721 | G18: =+F18-E18 -> -121.39018 | H18: =+[4]김해!$T$5/1000 -> 12 | I18: =+[4]김해!$U$5/1000 -> 5.217 | J18: =+I18-H18 -> -6.783 | K18: =+[4]김해!$M$86/1000 -> -61.581999 | L18: =+[4]김해!$Q$85 -> 96300.275 | M18: =+[4]김해!$R$85 -> 94432.372 | N18: =+M18-L18 -> -1867.9031 | O18: =+[4]김해!$K$86/1000 -> -9.584211 | P18: =+[4]김해!$Q$50 -> 87306.39 | Q18: =+[4]김해!$R$50 -> 95642.539 | R18: =+Q18-P18 -> 8336.1493 | S18: =+[4]김해!$L$56/1000 -> -41.260919 | T18: =+([4]김해!$H$80+[4]김해!$H$85)/1000 -> 51.024163 | U18: =+([4]김해!$I$80+[4]김해!$I$85)/1000 -> 59.987216 | V18: =+U18-T18 -> 8.9630531 | W18: =+([4]김해!$L$80+[4]김해!$L$85)/1000 -> -8.9630531 | Y18: =+G18-K18-O18-S18-W18 -> -2.8421709e-14 | Z18: =+Y18*1000000 -> -2.8421709e-08
D19: 정관 | E19: =+[4]정관!$H$86/1000 -> 130.22967 | F19: =+[4]정관!$I$86/1000 -> 94.40849 | G19: =+F19-E19 -> -35.821177 | H19: =+[4]정관!$T$5/1000 -> 18 | I19: =+[4]정관!$U$5/1000 -> 16.167 | J19: =+I19-H19 -> -1.833 | K19: =+[4]정관!$M$86/1000 -> -20.852951 | L19: =+[4]정관!$Q$85 -> 101999.68 | M19: =+[4]정관!$R$85 -> 103005.46 | N19: =+M19-L19 -> 1005.7785 | O19: =+[4]정관!$K$86/1000 -> 16.260421 | P19: =+[4]정관!$Q$50 -> 90623.278 | Q19: =+[4]정관!$R$50 -> 93424.511 | R19: =+Q19-P19 -> 2801.2332 | S19: =+[4]정관!$L$56/1000 -> -38.122169 | T19: =+([4]정관!$H$80+[4]정관!$H$85)/1000 -> 74.545625 | U19: =+([4]정관!$I$80+[4]정관!$I$85)/1000 -> 67.652103 | V19: =+U19-T19 -> -6.8935217 | W19: =+([4]정관!$L$80+[4]정관!$L$85)/1000 -> 6.8935217 | Y19: =+G19-K19-O19-S19-W19 -> 4.2632564e-14 | Z19: =+Y19*1000000 -> 4.2632564e-08
D20: 양산 | E20: =+[4]양산!$H$86/1000 -> 40.01441 | F20: =+[4]양산!$I$86/1000 -> -50.209252 | G20: =+F20-E20 -> -90.223662 | H20: =+[4]양산!$T$5/1000 -> 10 | I20: =+[4]양산!$U$5/1000 -> 5.826 | J20: =+I20-H20 -> -4.174 | K20: =+[4]양산!$M$86/1000 -> -33.387933 | L20: =+[4]양산!$Q$85 -> 94478.75 | M20: =+[4]양산!$R$85 -> 92587.35 | N20: =+M20-L20 -> -1891.4002 | O20: =+[4]양산!$K$86/1000 -> -11.019297 | P20: =+[4]양산!$Q$50 -> 86479.724 | Q20: =+[4]양산!$R$50 -> 92617.4 | R20: =+Q20-P20 -> 6137.6761 | S20: =+[4]양산!$L$56/1000 -> -35.689092 | T20: =+([4]양산!$H$80+[4]양산!$H$85)/1000 -> 39.975847 | U20: =+([4]양산!$I$80+[4]양산!$I$85)/1000 -> 50.103186 | V20: =+U20-T20 -> 10.127339 | W20: =+([4]양산!$L$80+[4]양산!$L$85)/1000 -> -10.127339 | Y20: =+G20-K20-O20-S20-W20 -> 4.4408921e-14 | Z20: =+Y20*1000000 -> 4.4408921e-08
D21: 창원 | E21: =+[4]창원!$H$86/1000 -> -17.82064 | F21: =+[4]창원!$I$86/1000 -> 7.209117 | G21: =+F21-E21 -> 25.029757 | H21: =+[4]창원!$T$5/1000 -> 7 | I21: =+[4]창원!$U$5/1000 -> 9.07 | J21: =+I21-H21 -> 2.07 | K21: =+[4]창원!$M$86/1000 -> 14.712917 | L21: =+[4]창원!$Q$85 -> 100000.31 | M21: =+[4]창원!$R$85 -> 100925.54 | N21: =+M21-L21 -> 925.22568 | O21: =+[4]창원!$K$86/1000 -> 8.3917969 | P21: =+[4]창원!$Q$50 -> 92892.625 | Q21: =+[4]창원!$R$50 -> 91807.38 | R21: =+Q21-P21 -> -1085.2448 | S21: =+[4]창원!$L$56/1000 -> 9.8431655 | T21: =+([4]창원!$H$80+[4]창원!$H$85)/1000 -> 67.574466 | U21: =+([4]창원!$I$80+[4]창원!$I$85)/1000 -> 75.492589 | V21: =+U21-T21 -> 7.9181224 | W21: =+([4]창원!$L$80+[4]창원!$L$85)/1000 -> -7.9181224 | Y21: =+G21-K21-O21-S21-W21 -> 0 | Z21: =+Y21*1000000 -> 0
D22: 대구 | E22: =+[4]대구!$H$86/1000 -> 34.369778 | F22: =+[4]대구!$I$86/1000 -> 22.030702 | G22: =+F22-E22 -> -12.339076 | H22: =+[4]대구!$T$5/1000 -> 10 | I22: =+[4]대구!$U$5/1000 -> 9.533 | J22: =+I22-H22 -> -0.467 | K22: =+[4]대구!$M$86/1000 -> -4.0690055 | L22: =+[4]대구!$Q$85 -> 97465.893 | M22: =+[4]대구!$R$85 -> 97773.366 | N22: =+M22-L22 -> 307.47271 | O22: =+[4]대구!$K$86/1000 -> 2.9311374 | P22: =+[4]대구!$Q$50 -> 88752.82 | Q22: =+[4]대구!$R$50 -> 90351.894 | R22: =+Q22-P22 -> 1599.0748 | S22: =+[4]대구!$L$56/1000 -> -15.243991 | T22: =+([4]대구!$H$80+[4]대구!$H$85)/1000 -> 52.76096 | U22: =+([4]대구!$I$80+[4]대구!$I$85)/1000 -> 48.718178 | V22: =+U22-T22 -> -4.0427826 | W22: =+([4]대구!$L$80+[4]대구!$L$85)/1000 -> 4.0427826 | Y22: =+G22-K22-O22-S22-W22 -> -2.6645353e-14 | Z22: =+Y22*1000000 -> -2.6645353e-08
D23: 울산 | E23: =+[4]울산!$H$86/1000 -> -4.3383708 | F23: =+[4]울산!$I$86/1000 -> 57.724488 | G23: =+F23-E23 -> 62.062859 | H23: =+[4]울산!$T$5/1000 -> 8 | I23: =+[4]울산!$U$5/1000 -> 9.133 | J23: =+I23-H23 -> 1.133 | K23: =+[4]울산!$M$86/1000 -> 6.7338242 | L23: =+[4]울산!$Q$85 -> 102132.75 | M23: =+[4]울산!$R$85 -> 107170.91 | N23: =+M23-L23 -> 5038.1577 | O23: =+[4]울산!$K$86/1000 -> 46.013494 | P23: =+[4]울산!$Q$50 -> 96189.392 | Q23: =+[4]울산!$R$50 -> 96123.538 | R23: =+Q23-P23 -> -65.854401 | S23: =+[4]울산!$L$56/1000 -> 0.60144951 | T23: =+([4]울산!$H$80+[4]울산!$H$85)/1000 -> 51.885232 | U23: =+([4]울산!$I$80+[4]울산!$I$85)/1000 -> 43.171141 | V23: =+U23-T23 -> -8.7140908 | W23: =+([4]울산!$L$80+[4]울산!$L$85)/1000 -> 8.7140908 | Y23: =+G23-K23-O23-S23-W23 -> 1.3500312e-13 | Z23: =+Y23*1000000 -> 1.3500312e-07
D24: 아산 | E24: =+[4]아산!$H$86/1000 -> 29.853229 | F24: =+[4]아산!$I$86/1000 -> -30.781557 | G24: =+F24-E24 -> -60.634786 | H24: =+[4]아산!$T$5/1000 -> 13 | I24: =+[4]아산!$U$5/1000 -> 16.996 | J24: =+I24-H24 -> 3.996 | K24: =+[4]아산!$M$86/1000 -> 34.241788 | L24: =+[4]아산!$Q$85 -> 103000 | M24: =+[4]아산!$R$85 -> 101157.08 | N24: =+M24-L24 -> -1842.9197 | O24: =+[4]아산!$K$86/1000 -> -31.322263 | P24: =+[4]아산!$Q$50 -> 94430.984 | Q24: =+[4]아산!$R$50 -> 98099.972 | R24: =+Q24-P24 -> 3668.988 | S24: =+[4]아산!$L$56/1000 -> -62.352462 | T24: =+([4]아산!$H$80+[4]아산!$H$85)/1000 -> 81.543978 | U24: =+([4]아산!$I$80+[4]아산!$I$85)/1000 -> 82.745827 | V24: =+U24-T24 -> 1.2018486 | W24: =+([4]아산!$L$80+[4]아산!$L$85)/1000 -> -1.2018486 | Y24: =+G24-K24-O24-S24-W24 -> -4.9960036e-14 | Z24: =+Y24*1000000 -> -4.9960036e-08
D25: 전주 | E25: =+[4]전주!$H$86/1000 -> 5.6144257 | F25: =+[4]전주!$I$86/1000 -> 103.70416 | G25: =+F25-E25 -> 98.089735 | H25: =+[4]전주!$T$5/1000 -> 7 | I25: =+[4]전주!$U$5/1000 -> 12.05 | J25: =+I25-H25 -> 5.05 | K25: =+[4]전주!$M$86/1000 -> 40.972217 | L25: =+[4]전주!$Q$85 -> 96862.617 | M25: =+[4]전주!$R$85 -> 96461.24 | N25: =+M25-L25 -> -401.37756 | O25: =+[4]전주!$K$86/1000 -> -4.8365996 | P25: =+[4]전주!$Q$50 -> 88749.307 | Q25: =+[4]전주!$R$50 -> 83438.859 | R25: =+Q25-P25 -> -5310.4479 | S25: =+[4]전주!$L$56/1000 -> 64.143581 | T25: =+([4]전주!$H$80+[4]전주!$H$85)/1000 -> 51.178747 | U25: =+([4]전주!$I$80+[4]전주!$I$85)/1000 -> 53.36821 | V25: =+U25-T25 -> 2.189463 | W25: =+([4]전주!$L$80+[4]전주!$L$85)/1000 -> -2.189463 | Y25: =+G25-K25-O25-S25-W25 -> -4.2632564e-14 | Z25: =+Y25*1000000 -> -4.2632564e-08
D26: 군산 | E26: =+[4]군산!$H$86/1000 -> 99.136846 | F26: =+[4]군산!$I$86/1000 -> 10.0572 | G26: =+F26-E26 -> -89.079646 | H26: =+[4]군산!$T$5/1000 -> 5 | I26: =+[4]군산!$U$5/1000 -> 2.6255 | J26: =+I26-H26 -> -2.3745 | K26: =+[4]군산!$M$86/1000 -> -57.833763 | L26: =+[4]군산!$Q$85 -> 111520.25 | M26: =+[4]군산!$R$85 -> 111811 | N26: =+M26-L26 -> 290.75067 | O26: =+[4]군산!$K$86/1000 -> 0.76336588 | P26: =+[4]군산!$Q$50 -> 87164.062 | Q26: =+[4]군산!$R$50 -> 99256.775 | R26: =+Q26-P26 -> 12092.713 | S26: =+[4]군산!$L$56/1000 -> -31.749423 | T26: =+([4]군산!$H$80+[4]군산!$H$85)/1000 -> 22.644083 | U26: =+([4]군산!$I$80+[4]군산!$I$85)/1000 -> 22.903909 | V26: =+U26-T26 -> 0.25982565 | W26: =+([4]군산!$L$80+[4]군산!$L$85)/1000 -> -0.25982565 | Y26: =+G26-K26-O26-S26-W26 -> 2.7755576e-14 | Z26: =+Y26*1000000 -> 2.7755576e-08
D27: 원주 | E27: =+[4]원주!$H$86/1000 -> -22.563248 | F27: =+[4]원주!$I$86/1000 -> -4.029704 | G27: =+F27-E27 -> 18.533544 | H27: =+[4]원주!$T$5/1000 -> 2 | I27: =+[4]원주!$U$5/1000 -> 2.178 | J27: =+I27-H27 -> 0.178 | K27: =+[4]원주!$M$86/1000 -> -0.39249683 | L27: =+[4]원주!$Q$85 -> 112000 | M27: =+[4]원주!$R$85 -> 114037.1 | N27: =+M27-L27 -> 2037.0983 | O27: =+[4]원주!$K$86/1000 -> 4.4368 | P27: =+[4]원주!$Q$50 -> 114205.04 | Q27: =+[4]원주!$R$50 -> 108020.44 | R27: =+Q27-P27 -> -6184.5944 | S27: =+[4]원주!$L$56/1000 -> 13.470051 | T27: =+([4]원주!$H$80+[4]원주!$H$85)/1000 -> 18.153171 | U27: =+([4]원주!$I$80+[4]원주!$I$85)/1000 -> 17.133982 | V27: =+U27-T27 -> -1.0191892 | W27: =+([4]원주!$L$80+[4]원주!$L$85)/1000 -> 1.0191892 | Y27: =+G27-K27-O27-S27-W27 -> 9.7699626e-15 | Z27: =+Y27*1000000 -> 9.7699626e-09
D28: 제주 | E28: =+[4]제주!$H$86/1000 -> 122.6775 | F28: =+[4]제주!$I$86/1000 -> 68.396145 | G28: =+F28-E28 -> -54.281356 | H28: =+[4]제주!$T$5/1000 -> 7 | I28: =+[4]제주!$U$5/1000 -> 5.9785 | J28: =+I28-H28 -> -1.0215 | K28: =+[4]제주!$M$86/1000 -> -37.671714 | L28: =+[4]제주!$Q$85 -> 122822.5 | M28: =+[4]제주!$R$85 -> 120069.69 | N28: =+M28-L28 -> -2752.8053 | O28: =+[4]제주!$K$86/1000 -> -14.472874 | P28: =+[4]제주!$Q$50 -> 101203.15 | Q28: =+[4]제주!$R$50 -> 101325.35 | R28: =+Q28-P28 -> 122.198 | S28: =+[4]제주!$L$56/1000 -> -0.64246041 | T28: =+([4]제주!$H$80+[4]제주!$H$85)/1000 -> 28.657945 | U28: =+([4]제주!$I$80+[4]제주!$I$85)/1000 -> 30.152253 | V28: =+U28-T28 -> 1.4943078 | W28: =+([4]제주!$L$80+[4]제주!$L$85)/1000 -> -1.4943078 | Y28: =+G28-K28-O28-S28-W28 -> 5.9952043e-15 | Z28: =+Y28*1000000 -> 5.9952043e-09

Sheet 공헌이익
D4: □ 레미콘 단위당 공헌이익(2025-01)
V5: [단위 : 원/㎥]
A6: 2024년 12월 마감 손익 | D6: 구분 | E6: 판매단가 | H6: 재료비 | K6: 운반비 | N6: 유류비 | Q6: 변동비 계 | T6: 공헌이익
E7: 계획 | F7: 실적 | G7: 차이 | H7: 계획 | I7: 실적 | J7: 차이 | K7: 계획 | L7: 실적 | M7: 차이 | N7: 계획 | O7: 실적 | P7: 차이 | Q7: 계획 | R7: 실적 | S7: 차이 | T7: 계획 | U7: 실적 | V7: 차이
D8: 평균 | E8: =+[4]합계!$Q$85 -> 100559.87 | F8: =+[4]합계!$R$85 -> 100932.18 | G8: =+F8-E8 -> 372.31106 | H8: =+[4]합계!$Q$20 -> 61818.793 | I8: =+[4]합계!$R$20 -> 62905.646 | J8: =+I8-H8 -> 1086.853 | K8: =+[4]합계!$Q$21 -> 18143.174 | L8: =+[4]합계!$R$21 -> 19451.975 | M8: =+L8-K8 -> 1308.8014 | N8: =+[4]합계!$Q$22 -> 373.64734 | O8: =+[4]합계!$R$22 -> 343.72091 | P8: =+O8-N8 -> -29.926435 | Q8: =H8+K8+N8 -> 80335.614 | R8: =I8+L8+O8 -> 82701.342 | S8: =+R8-Q8 -> 2365.7279 | T8: =+E8-Q8 -> 20224.256 | U8: =+F8-R8 -> 18230.839 | V8: =+U8-T8 -> -1993.4169
D9: 수도권 | E9: =+[4]수도권!$Q$85 -> 97486.591 | F9: =+[4]수도권!$R$85 -> 99000.139 | G9: =+F9-E9 -> 1513.5475 | H9: =+[4]수도권!$Q$20 -> 63548.575 | I9: =+[4]수도권!$R$20 -> 64936.685 | J9: =+I9-H9 -> 1388.1101 | K9: =+[4]수도권!$Q$21 -> 17826.56 | L9: =+[4]수도권!$R$21 -> 19904.341 | M9: =+L9-K9 -> 2077.7805 | N9: =+[4]수도권!$Q$22 -> 460.59211 | O9: =+[4]수도권!$R$22 -> 488.96596 | P9: =+O9-N9 -> 28.373858 | Q9: =H9+K9+N9 -> 81835.728 | R9: =I9+L9+O9 -> 85329.992 | S9: =+R9-Q9 -> 3494.2644 | T9: =+E9-Q9 -> 15650.864 | U9: =+F9-R9 -> 13670.147 | V9: =+U9-T9 -> -1980.7169
D10: 영남권 | E10: =+[4]영남권!$Q$85 -> 100500.16 | F10: =+[4]영남권!$R$85 -> 100960.81 | G10: =+F10-E10 -> 460.65932 | H10: =+[4]영남권!$Q$20 -> 60409.169 | I10: =+[4]영남권!$R$20 -> 60652.965 | J10: =+I10-H10 -> 243.7963 | K10: =+[4]영남권!$Q$21 -> 18776.774 | L10: =+[4]영남권!$R$21 -> 19890.953 | M10: =+L10-K10 -> 1114.179 | N10: =+[4]영남권!$Q$22 -> 297.31959 | O10: =+[4]영남권!$R$22 -> 258.99142 | P10: =+O10-N10 -> -38.328163 | Q10: =H10+K10+N10 -> 79483.262 | R10: =I10+L10+O10 -> 80802.909 | S10: =+R10-Q10 -> 1319.6472 | T10: =+E10-Q10 -> 21016.894 | U10: =+F10-R10 -> 20157.906 | V10: =+U10-T10 -> -858.98784
D11: 기타권 | E11: =+[4]중부권!$Q$85 -> 107599.91 | F11: =+[4]중부권!$R$85 -> 103685.34 | G11: =+F11-E11 -> -3914.5715 | H11: =+[4]중부권!$Q$20 -> 61973.796 | I11: =+[4]중부권!$R$20 -> 64754.606 | J11: =+I11-H11 -> 2780.8097 | K11: =+[4]중부권!$Q$21 -> 17043.275 | L11: =+[4]중부권!$R$21 -> 17856.593 | M11: =+L11-K11 -> 813.31777 | N11: =+[4]중부권!$Q$22 -> 397.05882 | O11: =+[4]중부권!$R$22 -> 313.00299 | P11: =+O11-N11 -> -84.055834 | Q11: =H11+K11+N11 -> 79414.13 | R11: =I11+L11+O11 -> 82924.201 | S11: =+R11-Q11 -> 3510.0717 | T11: =+E11-Q11 -> 28185.784 | U11: =+F11-R11 -> 20761.141 | V11: =+U11-T11 -> -7424.6432
D12: 안양 | E12: =+[4]안양!$Q$85 -> 98219.131 | F12: =+[4]안양!$R$85 -> 99506.197 | G12: =+F12-E12 -> 1287.0658 | H12: =+[4]안양!$Q$20 -> 64731.109 | I12: =+[4]안양!$R$20 -> 65414.954 | J12: =+I12-H12 -> 683.84534 | K12: =+[4]안양!$Q$21 -> 17452.182 | L12: =+[4]안양!$R$21 -> 19056.941 | M12: =+L12-K12 -> 1604.7594 | N12: =+[4]안양!$Q$22 -> 383.33333 | O12: =+[4]안양!$R$22 -> 297.20903 | P12: =+O12-N12 -> -86.124303 | Q12: =H12+K12+N12 -> 82566.624 | R12: =I12+L12+O12 -> 84769.104 | S12: =+R12-Q12 -> 2202.4804 | T12: =+E12-Q12 -> 15652.507 | U12: =+F12-R12 -> 14737.092 | V12: =+U12-T12 -> -915.41462
D13: 인천 | E13: =+[4]인천!$Q$85 -> 97359.535 | F13: =+[4]인천!$R$85 -> 100747.1 | G13: =+F13-E13 -> 3387.5605 | H13: =+[4]인천!$Q$20 -> 65311.192 | I13: =+[4]인천!$R$20 -> 66879.048 | J13: =+I13-H13 -> 1567.8562 | K13: =+[4]인천!$Q$21 -> 17753.833 | L13: =+[4]인천!$R$21 -> 20880.235 | M13: =+L13-K13 -> 3126.4024 | N13: =+[4]인천!$Q$22 -> 600 | O13: =+[4]인천!$R$22 -> 941.5532 | P13: =+O13-N13 -> 341.5532 | Q13: =H13+K13+N13 -> 83665.025 | R13: =I13+L13+O13 -> 88700.837 | S13: =+R13-Q13 -> 5035.8119 | T13: =+E13-Q13 -> 13694.51 | U13: =+F13-R13 -> 12046.259 | V13: =+U13-T13 -> -1648.2514
D14: 파주 | E14: =+[4]파주!$Q$85 -> 96266.346 | F14: =+[4]파주!$R$85 -> 94891.839 | G14: =+F14-E14 -> -1374.5064 | H14: =+[4]파주!$Q$20 -> 60326.632 | I14: =+[4]파주!$R$20 -> 60548.952 | J14: =+I14-H14 -> 222.31925 | K14: =+[4]파주!$Q$21 -> 18669.473 | L14: =+[4]파주!$R$21 -> 18983.22 | M14: =+L14-K14 -> 313.747 | N14: =+[4]파주!$Q$22 -> 360.71429 | O14: =+[4]파주!$R$22 -> 280.43958 | P14: =+O14-N14 -> -80.274707 | Q14: =H14+K14+N14 -> 79356.82 | R14: =I14+L14+O14 -> 79812.611 | S14: =+R14-Q14 -> 455.79155 | T14: =+E14-Q14 -> 16909.526 | U14: =+F14-R14 -> 15079.228 | V14: =+U14-T14 -> -1830.298
D15: 김포 | E15: =+[4]김포!$Q$85 -> 97241.4 | F15: =+[4]김포!$R$85 -> 97726.022 | G15: =+F15-E15 -> 484.6221 | H15: =+[4]김포!$Q$20 -> 58629.402 | I15: =+[4]김포!$R$20 -> 63658.676 | J15: =+I15-H15 -> 5029.2748 | K15: =+[4]김포!$Q$21 -> 18004.955 | L15: =+[4]김포!$R$21 -> 22734.605 | M15: =+L15-K15 -> 4729.6497 | N15: =+[4]김포!$Q$22 -> 493.57143 | O15: =+[4]김포!$R$22 -> 445.01381 | P15: =+O15-N15 -> -48.557623 | Q15: =H15+K15+N15 -> 77127.928 | R15: =I15+L15+O15 -> 86838.295 | S15: =+R15-Q15 -> 9710.3669 | T15: =+E15-Q15 -> 20113.472 | U15: =+F15-R15 -> 10887.727 | V15: =+U15-T15 -> -9225.7448
D16: 부산 | E16: =+[4]부산!$Q$85 -> 107700.25 | F16: =+[4]부산!$R$85 -> 105326.39 | G16: =+F16-E16 -> -2373.8678 | H16: =+[4]부산!$Q$20 -> 64338.12 | I16: =+[4]부산!$R$20 -> 63439.444 | J16: =+I16-H16 -> -898.67644 | K16: =+[4]부산!$Q$21 -> 20074.067 | L16: =+[4]부산!$R$21 -> 21107.706 | M16: =+L16-K16 -> 1033.6383 | N16: =+[4]부산!$Q$22 -> 411.76471 | O16: =+[4]부산!$R$22 -> 148.21717 | P16: =+O16-N16 -> -263.54754 | Q16: =H16+K16+N16 -> 84823.952 | R16: =I16+L16+O16 -> 84695.366 | S16: =+R16-Q16 -> -128.5857 | T16: =+E16-Q16 -> 22876.301 | U16: =+F16-R16 -> 20631.019 | V16: =+U16-T16 -> -2245.2821
D17: 서부산 | E17: =+[4]서부산!$Q$85 -> 99300.169 | F17: =+[4]서부산!$R$85 -> 98009.738 | G17: =+F17-E17 -> -1290.4313 | H17: =+[4]서부산!$Q$20 -> 61580.876 | I17: =+[4]서부산!$R$20 -> 59596.909 | J17: =+I17-H17 -> -1983.9673 | K17: =+[4]서부산!$Q$21 -> 17093.278 | L17: =+[4]서부산!$R$21 -> 17402.028 | M17: =+L17-K17 -> 308.75012 | N17: =+[4]서부산!$Q$22 -> 200 | O17: =+[4]서부산!$R$22 -> 289.23774 | P17: =+O17-N17 -> 89.237736 | Q17: =H17+K17+N17 -> 78874.154 | R17: =I17+L17+O17 -> 77288.175 | S17: =+R17-Q17 -> -1585.9794 | T17: =+E17-Q17 -> 20426.015 | U17: =+F17-R17 -> 20721.563 | V17: =+U17-T17 -> 295.54815
D18: 김해 | E18: =+[4]김해!$Q$85 -> 96300.275 | F18: =+[4]김해!$R$85 -> 94432.372 | G18: =+F18-E18 -> -1867.9031 | H18: =+[4]김해!$Q$20 -> 57004.314 | I18: =+[4]김해!$R$20 -> 58976.958 | J18: =+I18-H18 -> 1972.6431 | K18: =+[4]김해!$Q$21 -> 19804.268 | L18: =+[4]김해!$R$21 -> 16701.486 | M18: =+L18-K18 -> -3102.7823 | N18: =+[4]김해!$Q$22 -> 350 | O18: =+[4]김해!$R$22 -> 713.01169 | P18: =+O18-N18 -> 363.01169 | Q18: =H18+K18+N18 -> 77158.582 | R18: =I18+L18+O18 -> 76391.455 | S18: =+R18-Q18 -> -767.12752 | T18: =+E18-Q18 -> 19141.693 | U18: =+F18-R18 -> 18040.917 | V18: =+U18-T18 -> -1100.7756
D19: 정관 | E19: =+[4]정관!$Q$85 -> 101999.68 | F19: =+[4]정관!$R$85 -> 103005.46 | G19: =+F19-E19 -> 1005.7785 | H19: =+[4]정관!$Q$20 -> 62694.134 | I19: =+[4]정관!$R$20 -> 64329.901 | J19: =+I19-H19 -> 1635.7669 | K19: =+[4]정관!$Q$21 -> 19006.745 | L19: =+[4]정관!$R$21 -> 20659.662 | M19: =+L19-K19 -> 1652.9168 | N19: =+[4]정관!$Q$22 -> 222.22222 | O19: =+[4]정관!$R$22 -> 304.37141 | P19: =+O19-N19 -> 82.149185 | Q19: =H19+K19+N19 -> 81923.101 | R19: =I19+L19+O19 -> 85293.934 | S19: =+R19-Q19 -> 3370.8329 | T19: =+E19-Q19 -> 20076.582 | U19: =+F19-R19 -> 17711.527 | V19: =+U19-T19 -> -2365.0544
D20: 양산 | E20: =+[4]양산!$Q$85 -> 94478.75 | F20: =+[4]양산!$R$85 -> 92587.35 | G20: =+F20-E20 -> -1891.4002 | H20: =+[4]양산!$Q$20 -> 56606.591 | I20: =+[4]양산!$R$20 -> 55459.97 | J20: =+I20-H20 -> -1146.6213 | K20: =+[4]양산!$Q$21 -> 17732.054 | L20: =+[4]양산!$R$21 -> 19874.797 | M20: =+L20-K20 -> 2142.7432 | N20: =+[4]양산!$Q$22 -> 140 | O20: =+[4]양산!$R$22 -> 45.479231 | P20: =+O20-N20 -> -94.520769 | Q20: =H20+K20+N20 -> 74478.645 | R20: =I20+L20+O20 -> 75380.246 | S20: =+R20-Q20 -> 901.60114 | T20: =+E20-Q20 -> 20000.105 | U20: =+F20-R20 -> 17207.103 | V20: =+U20-T20 -> -2793.0013
D21: 창원 | E21: =+[4]창원!$Q$85 -> 100000.31 | F21: =+[4]창원!$R$85 -> 100925.54 | G21: =+F21-E21 -> 925.22568 | H21: =+[4]창원!$Q$20 -> 57730.685 | I21: =+[4]창원!$R$20 -> 57980.181 | J21: =+I21-H21 -> 249.49606 | K21: =+[4]창원!$Q$21 -> 17628.084 | L21: =+[4]창원!$R$21 -> 19654.774 | M21: =+L21-K21 -> 2026.6901 | N21: =+[4]창원!$Q$22 -> 428.57143 | O21: =+[4]창원!$R$22 -> 114.29636 | P21: =+O21-N21 -> -314.27507 | Q21: =H21+K21+N21 -> 75787.34 | R21: =I21+L21+O21 -> 77749.251 | S21: =+R21-Q21 -> 1961.9111 | T21: =+E21-Q21 -> 24212.975 | U21: =+F21-R21 -> 23176.289 | V21: =+U21-T21 -> -1036.6854
D22: 대구 | E22: =+[4]대구!$Q$85 -> 97465.893 | F22: =+[4]대구!$R$85 -> 97773.366 | G22: =+F22-E22 -> 307.47271 | H22: =+[4]대구!$Q$20 -> 56101.465 | I22: =+[4]대구!$R$20 -> 57238.845 | J22: =+I22-H22 -> 1137.3804 | K22: =+[4]대구!$Q$21 -> 18268.936 | L22: =+[4]대구!$R$21 -> 19940.298 | M22: =+L22-K22 -> 1671.3617 | N22: =+[4]대구!$Q$22 -> 400 | O22: =+[4]대구!$R$22 -> 277.15798 | P22: =+O22-N22 -> -122.84202 | Q22: =H22+K22+N22 -> 74770.401 | R22: =I22+L22+O22 -> 77456.301 | S22: =+R22-Q22 -> 2685.9001 | T22: =+E22-Q22 -> 22695.492 | U22: =+F22-R22 -> 20317.065 | V22: =+U22-T22 -> -2378.4274
D23: 울산 | E23: =+[4]울산!$Q$85 -> 102132.75 | F23: =+[4]울산!$R$85 -> 107170.91 | G23: =+F23-E23 -> 5038.1577 | H23: =+[4]울산!$Q$20 -> 62310.829 | I23: =+[4]울산!$R$20 -> 62122.626 | J23: =+I23-H23 -> -188.20355 | K23: =+[4]울산!$Q$21 -> 20063.701 | L23: =+[4]울산!$R$21 -> 22722.488 | M23: =+L23-K23 -> 2658.787 | N23: =+[4]울산!$Q$22 -> 280 | O23: =+[4]울산!$R$22 -> 302.4798 | P23: =+O23-N23 -> 22.479799 | Q23: =H23+K23+N23 -> 82654.53 | R23: =I23+L23+O23 -> 85147.593 | S23: =+R23-Q23 -> 2493.0633 | T23: =+E23-Q23 -> 19478.22 | U23: =+F23-R23 -> 22023.314 | V23: =+U23-T23 -> 2545.0944
D24: 아산 | E24: =+[4]아산!$Q$85 -> 103000 | F24: =+[4]아산!$R$85 -> 101157.08 | G24: =+F24-E24 -> -1842.9197 | H24: =+[4]아산!$Q$20 -> 59396.997 | I24: =+[4]아산!$R$20 -> 66766.754 | J24: =+I24-H24 -> 7369.7573 | K24: =+[4]아산!$Q$21 -> 19472.156 | L24: =+[4]아산!$R$21 -> 21044.604 | M24: =+L24-K24 -> 1572.4483 | N24: =+[4]아산!$Q$22 -> 346.15385 | O24: =+[4]아산!$R$22 -> 249.88582 | P24: =+O24-N24 -> -96.268028 | Q24: =H24+K24+N24 -> 79215.307 | R24: =I24+L24+O24 -> 88061.244 | S24: =+R24-Q24 -> 8845.9376 | T24: =+E24-Q24 -> 23784.693 | U24: =+F24-R24 -> 13095.836 | V24: =+U24-T24 -> -10688.857
D25: 전주 | E25: =+[4]전주!$Q$85 -> 96862.617 | F25: =+[4]전주!$R$85 -> 96461.24 | G25: =+F25-E25 -> -401.37756 | H25: =+[4]전주!$Q$20 -> 57235.361 | I25: =+[4]전주!$R$20 -> 59026.225 | J25: =+I25-H25 -> 1790.8645 | K25: =+[4]전주!$Q$21 -> 15940.213 | L25: =+[4]전주!$R$21 -> 15672.886 | M25: =+L25-K25 -> -267.32785 | N25: =+[4]전주!$Q$22 -> 428.57143 | O25: =+[4]전주!$R$22 -> 248.98533 | P25: =+O25-N25 -> -179.5861 | Q25: =H25+K25+N25 -> 73604.145 | R25: =I25+L25+O25 -> 74948.096 | S25: =+R25-Q25 -> 1343.9505 | T25: =+E25-Q25 -> 23258.472 | U25: =+F25-R25 -> 21513.144 | V25: =+U25-T25 -> -1745.3281
D26: 군산 | E26: =+[4]군산!$Q$85 -> 111520.25 | F26: =+[4]군산!$R$85 -> 111811 | G26: =+F26-E26 -> 290.75067 | H26: =+[4]군산!$Q$20 -> 60158.087 | I26: =+[4]군산!$R$20 -> 62113.996 | J26: =+I26-H26 -> 1955.9088 | K26: =+[4]군산!$Q$21 -> 13619.219 | L26: =+[4]군산!$R$21 -> 14314.438 | M26: =+L26-K26 -> 695.21887 | N26: =+[4]군산!$Q$22 -> 90 | O26: =+[4]군산!$R$22 -> 104.35079 | P26: =+O26-N26 -> 14.35079 | Q26: =H26+K26+N26 -> 73867.306 | R26: =I26+L26+O26 -> 76532.785 | S26: =+R26-Q26 -> 2665.4784 | T26: =+E26-Q26 -> 37652.942 | U26: =+F26-R26 -> 35278.214 | V26: =+U26-T26 -> -2374.7278
D27: 원주 | E27: =+[4]원주!$Q$85 -> 112000 | F27: =+[4]원주!$R$85 -> 114037.1 | G27: =+F27-E27 -> 2037.0983 | H27: =+[4]원주!$Q$20 -> 59673.633 | I27: =+[4]원주!$R$20 -> 59918.898 | J27: =+I27-H27 -> 245.26474 | K27: =+[4]원주!$Q$21 -> 14804.799 | L27: =+[4]원주!$R$21 -> 14580.633 | M27: =+L27-K27 -> -224.1657 | N27: =+[4]원주!$Q$22 -> 1525 | O27: =+[4]원주!$R$22 -> 1279.1556 | P27: =+O27-N27 -> -245.84435 | Q27: =H27+K27+N27 -> 76003.432 | R27: =I27+L27+O27 -> 75778.687 | S27: =+R27-Q27 -> -224.74531 | T27: =+E27-Q27 -> 35996.568 | U27: =+F27-R27 -> 38258.411 | V27: =+U27-T27 -> 2261.8436
D28: 제주 | E28: =+[4]제주!$Q$85 -> 122822.5 | F28: =+[4]제주!$R$85 -> 120069.69 | G28: =+F28-E28 -> -2752.8053 | H28: =+[4]제주!$Q$20 -> 73451.84 | I28: =+[4]제주!$R$20 -> 74709.566 | J28: =+I28-H28 -> 1257.7258 | K28: =+[4]제주!$Q$21 -> 16720.876 | L28: =+[4]제주!$R$21 -> 15679.349 | M28: =+L28-K28 -> -1041.527 | N28: =+[4]제주!$Q$22 -> 357.14286 | O28: =+[4]제주!$R$22 -> 368.01274 | P28: =+O28-N28 -> 10.869887 | Q28: =H28+K28+N28 -> 90529.859 | R28: =I28+L28+O28 -> 90756.928 | S28: =+R28-Q28 -> 227.0687 | T28: =+E28-Q28 -> 32292.641 | U28: =+F28-R28 -> 29312.767 | V28: =+U28-T28 -> -2979.874

Sheet 재료비단가
D4: □ 레미콘 원재료단가(2025-01)
A6: 2024년 12월 마감 손익 | D6: 구분 | E6: OPC (원/톤) | H6: SC (원/톤) | K6: SP (원/톤) | N6: FA (원/톤) | Q6: 자갈 (원/톤) | T6: 모래 (원/톤)
E7: 계획 | F7: 실적 | G7: 차이 | H7: 계획 | I7: 실적 | J7: 차이 | K7: 계획 | L7: 실적 | M7: 차이 | N7: 계획 | O7: 실적 | P7: 차이 | Q7: 계획 | R7: 실적 | S7: 차이 | T7: 계획 | U7: 실적 | V7: 차이
D8: 평균 | E8: =+[4]합계!$G$9 -> 100717.49 | F8: =+[4]합계!$H$9 -> 100475.8 | G8: =+F8-E8 -> -241.6904 | H8: =+[4]합계!$G$10 -> 92882.768 | I8: =+[4]합계!$H$10 -> 95993.505 | J8: =+I8-H8 -> 3110.7363 | K8: =+[4]합계!$G$12 -> 63711.835 | L8: =+[4]합계!$H$12 -> 63255.133 | M8: =+L8-K8 -> -456.70214 | N8: =+[4]합계!$G$13 -> 39952.632 | O8: =+[4]합계!$H$13 -> 36128.086 | P8: =+O8-N8 -> -3824.5453 | Q8: =+[4]합계!$G$16 -> 13246.909 | R8: =+[4]합계!$H$16 -> 12833.66 | S8: =+R8-Q8 -> -413.24895 | T8: =+[4]합계!$G$17 -> 16014.369 | U8: =+[4]합계!$H$17 -> 15932.277 | V8: =+U8-T8 -> -82.092029
D9: 수도권 | E9: =+[4]수도권!$G$9 -> 100000 | F9: =+[4]수도권!$H$9 -> 99821.117 | G9: =+F9-E9 -> -178.88322 | H9: =+[4]수도권!$G$10 -> 98000 | I9: =+[4]수도권!$H$10 -> 102002.91 | J9: =+I9-H9 -> 4002.9058 | K9: =+[4]수도권!$G$12 -> 64214.524 | L9: =+[4]수도권!$H$12 -> 64236.041 | M9: =+L9-K9 -> 21.516598 | N9: =+[4]수도권!$G$13 -> 47288.291 | O9: =+[4]수도권!$H$13 -> 41094.851 | P9: =+O9-N9 -> -6193.4402 | Q9: =+[4]수도권!$G$16 -> 15863.425 | R9: =+[4]수도권!$H$16 -> 15734.506 | S9: =+R9-Q9 -> -128.91899 | T9: =+[4]수도권!$G$17 -> 14263.953 | U9: =+[4]수도권!$H$17 -> 14233.838 | V9: =+U9-T9 -> -30.115435
D10: 영남권 | E10: =+[4]영남권!$G$9 -> 100000 | F10: =+[4]영남권!$H$9 -> 100006.44 | G10: =+F10-E10 -> 6.4409367 | H10: =+[4]영남권!$G$10 -> 92426.251 | I10: =+[4]영남권!$H$10 -> 93074.094 | J10: =+I10-H10 -> 647.84243 | K10: =+[4]영남권!$G$12 -> 62843.758 | L10: =+[4]영남권!$H$12 -> 62461.591 | M10: =+L10-K10 -> -382.16725 | N10: =+[4]영남권!$G$13 -> 35546.148 | O10: =+[4]영남권!$H$13 -> 33186.343 | P10: =+O10-N10 -> -2359.8052 | Q10: =+[4]영남권!$G$16 -> 10933.988 | R10: =+[4]영남권!$H$16 -> 10660.499 | S10: =+R10-Q10 -> -273.48897 | T10: =+[4]영남권!$G$17 -> 17690.82 | U10: =+[4]영남권!$H$17 -> 17615.843 | V10: =+U10-T10 -> -74.976853
D11: 기타권 | E11: =+[4]중부권!$G$9 -> 103924.89 | F11: =+[4]중부권!$H$9 -> 102111.91 | G11: =+F11-E11 -> -1812.9853 | H11: =+[4]중부권!$G$10 -> 94200 | I11: =+[4]중부권!$H$10 -> 101634.1 | J11: =+I11-H11 -> 7434.0985 | K11: =+[4]중부권!$G$12 -> 64637.502 | L11: =+[4]중부권!$H$12 -> 64836.914 | M11: =+L11-K11 -> 199.41198 | N11: =+[4]중부권!$G$13 -> 41196.158 | O11: =+[4]중부권!$H$13 -> 37076.112 | P11: =+O11-N11 -> -4120.0462 | Q11: =+[4]중부권!$G$16 -> 13465.152 | R11: =+[4]중부권!$H$16 -> 13105.231 | S11: =+R11-Q11 -> -359.92124 | T11: =+[4]중부권!$G$17 -> 14951.09 | U11: =+[4]중부권!$H$17 -> 14828.16 | V11: =+U11-T11 -> -122.93005
D12: 안양 | E12: =+[4]안양!$G$9 -> 100000 | F12: =+[4]안양!$H$9 -> 99706.824 | G12: =+F12-E12 -> -293.17562 | H12: =+[4]안양!$G$10 -> 0 | I12: =+[4]안양!$H$10 -> 102199.99 | J12: =+I12-H12 -> 102199.99 | K12: =+[4]안양!$G$12 -> 64100 | L12: =+[4]안양!$H$12 -> 64189.977 | M12: =+L12-K12 -> 89.97707 | N12: =+[4]안양!$G$13 -> 46100 | O12: =+[4]안양!$H$13 -> 40029.384 | P12: =+O12-N12 -> -6070.6163 | Q12: =+[4]안양!$G$16 -> 15800 | R12: =+[4]안양!$H$16 -> 15709.243 | S12: =+R12-Q12 -> -90.756962 | T12: =+[4]안양!$G$17 -> 15032.258 | U12: =+[4]안양!$H$17 -> 15108.981 | V12: =+U12-T12 -> 76.723017
D13: 인천 | E13: =+[4]인천!$G$9 -> 100000 | F13: =+[4]인천!$H$9 -> 99877.726 | G13: =+F13-E13 -> -122.27422 | H13: =+[4]인천!$G$10 -> 98000 | I13: =+[4]인천!$H$10 -> 102121.56 | J13: =+I13-H13 -> 4121.5627 | K13: =+[4]인천!$G$12 -> 64400 | L13: =+[4]인천!$H$12 -> 64524.156 | M13: =+L13-K13 -> 124.15595 | N13: =+[4]인천!$G$13 -> 47600 | O13: =+[4]인천!$H$13 -> 41325.037 | P13: =+O13-N13 -> -6274.9626 | Q13: =+[4]인천!$G$16 -> 16000 | R13: =+[4]인천!$H$16 -> 15916.355 | S13: =+R13-Q13 -> -83.645084 | T13: =+[4]인천!$G$17 -> 14318.131 | U13: =+[4]인천!$H$17 -> 13990.937 | V13: =+U13-T13 -> -327.19383
D14: 파주 | E14: =+[4]파주!$G$9 -> 100000 | F14: =+[4]파주!$H$9 -> 99999.999 | G14: =+F14-E14 -> -0.0013318535 | H14: =+[4]파주!$G$10 -> 0 | I14: =+[4]파주!$H$10 -> 101725.04 | J14: =+I14-H14 -> 101725.04 | K14: =+[4]파주!$G$12 -> 64300 | L14: =+[4]파주!$H$12 -> 64120.019 | M14: =+L14-K14 -> -179.9806 | N14: =+[4]파주!$G$13 -> 48200 | O14: =+[4]파주!$H$13 -> 43973.346 | P14: =+O14-N14 -> -4226.6538 | Q14: =+[4]파주!$G$16 -> 16333.333 | R14: =+[4]파주!$H$16 -> 16178.531 | S14: =+R14-Q14 -> -154.80282 | T14: =+[4]파주!$G$17 -> 12580.645 | U14: =+[4]파주!$H$17 -> 11990.659 | V14: =+U14-T14 -> -589.98598
D15: 김포 | E15: =+[4]김포!$G$9 -> 100000 | F15: =+[4]김포!$H$9 -> 99999.998 | G15: =+F15-E15 -> -0.0017482436 | H15: =+[4]김포!$G$10 -> 0 | I15: =+[4]김포!$H$10 -> 0 | J15: =+I15-H15 -> 0 | K15: =+[4]김포!$G$12 -> 63800 | L15: =+[4]김포!$H$12 -> 63841.743 | M15: =+L15-K15 -> 41.74275 | N15: =+[4]김포!$G$13 -> 47600 | O15: =+[4]김포!$H$13 -> 42921.086 | P15: =+O15-N15 -> -4678.914 | Q15: =+[4]김포!$G$16 -> 14600 | R15: =+[4]김포!$H$16 -> 14671.296 | S15: =+R15-Q15 -> 71.295913 | T15: =+[4]김포!$G$17 -> 14148.064 | U15: =+[4]김포!$H$17 -> 14484 | V15: =+U15-T15 -> 335.93596
D16: 부산 | E16: =+[4]부산!$G$9 -> 100000 | F16: =+[4]부산!$H$9 -> 100000 | G16: =+F16-E16 -> 0.0025574226 | H16: =+[4]부산!$G$10 -> 92900 | I16: =+[4]부산!$H$10 -> 93277.356 | J16: =+I16-H16 -> 377.35577 | K16: =+[4]부산!$G$12 -> 0 | L16: =+[4]부산!$H$12 -> 0 | M16: =+L16-K16 -> 0 | N16: =+[4]부산!$G$13 -> 36500 | O16: =+[4]부산!$H$13 -> 34633.412 | P16: =+O16-N16 -> -1866.5883 | Q16: =+[4]부산!$G$16 -> 11711.807 | R16: =+[4]부산!$H$16 -> 11722.773 | S16: =+R16-Q16 -> 10.966167 | T16: =+[4]부산!$G$17 -> 18098.115 | U16: =+[4]부산!$H$17 -> 18394.531 | V16: =+U16-T16 -> 296.41613
D17: 서부산 | E17: =+[4]서부산!$G$9 -> 100000 | F17: =+[4]서부산!$H$9 -> 100025.39 | G17: =+F17-E17 -> 25.385349 | H17: =+[4]서부산!$G$10 -> 92100 | I17: =+[4]서부산!$H$10 -> 92099.957 | J17: =+I17-H17 -> -0.042873755 | K17: =+[4]서부산!$G$12 -> 65000 | L17: =+[4]서부산!$H$12 -> 64006.23 | M17: =+L17-K17 -> -993.76977 | N17: =+[4]서부산!$G$13 -> 35300 | O17: =+[4]서부산!$H$13 -> 33860.467 | P17: =+O17-N17 -> -1439.5328 | Q17: =+[4]서부산!$G$16 -> 11333.333 | R17: =+[4]서부산!$H$16 -> 8659.2174 | S17: =+R17-Q17 -> -2674.1159 | T17: =+[4]서부산!$G$17 -> 17717.959 | U17: =+[4]서부산!$H$17 -> 17776.816 | V17: =+U17-T17 -> 58.856256
D18: 김해 | E18: =+[4]김해!$G$9 -> 100000 | F18: =+[4]김해!$H$9 -> 100000 | G18: =+F18-E18 -> 0.00076510503 | H18: =+[4]김해!$G$10 -> 92100 | I18: =+[4]김해!$H$10 -> 92099.994 | J18: =+I18-H18 -> -0.0058927813 | K18: =+[4]김해!$G$12 -> 64000 | L18: =+[4]김해!$H$12 -> 0 | M18: =+L18-K18 -> -64000 | N18: =+[4]김해!$G$13 -> 35000 | O18: =+[4]김해!$H$13 -> 33328.162 | P18: =+O18-N18 -> -1671.838 | Q18: =+[4]김해!$G$16 -> 9066.6667 | R18: =+[4]김해!$H$16 -> 9209.2237 | S18: =+R18-Q18 -> 142.55699 | T18: =+[4]김해!$G$17 -> 15880.191 | U18: =+[4]김해!$H$17 -> 16142.579 | V18: =+U18-T18 -> 262.38792
D19: 정관 | E19: =+[4]정관!$G$9 -> 100000 | F19: =+[4]정관!$H$9 -> 100024.85 | G19: =+F19-E19 -> 24.852369 | H19: =+[4]정관!$G$10 -> 92100 | I19: =+[4]정관!$H$10 -> 92100.003 | J19: =+I19-H19 -> 0.0028626745 | K19: =+[4]정관!$G$12 -> 62000 | L19: =+[4]정관!$H$12 -> 62279.093 | M19: =+L19-K19 -> 279.09253 | N19: =+[4]정관!$G$13 -> 35500 | O19: =+[4]정관!$H$13 -> 32566.065 | P19: =+O19-N19 -> -2933.9347 | Q19: =+[4]정관!$G$16 -> 11362.369 | R19: =+[4]정관!$H$16 -> 11262.611 | S19: =+R19-Q19 -> -99.758244 | T19: =+[4]정관!$G$17 -> 19374.267 | U19: =+[4]정관!$H$17 -> 19184.863 | V19: =+U19-T19 -> -189.40418
D20: 양산 | E20: =+[4]양산!$G$9 -> 100000 | F20: =+[4]양산!$H$9 -> 99941.658 | G20: =+F20-E20 -> -58.341762 | H20: =+[4]양산!$G$10 -> 0 | I20: =+[4]양산!$H$10 -> 102200 | J20: =+I20-H20 -> 102200 | K20: =+[4]양산!$G$12 -> 62200 | L20: =+[4]양산!$H$12 -> 62132.457 | M20: =+L20-K20 -> -67.542666 | N20: =+[4]양산!$G$13 -> 36000 | O20: =+[4]양산!$H$13 -> 34266.563 | P20: =+O20-N20 -> -1733.4368 | Q20: =+[4]양산!$G$16 -> 9600 | R20: =+[4]양산!$H$16 -> 9466.8364 | S20: =+R20-Q20 -> -133.1636 | T20: =+[4]양산!$G$17 -> 18131.294 | U20: =+[4]양산!$H$17 -> 17294.487 | V20: =+U20-T20 -> -836.80765
D21: 창원 | E21: =+[4]창원!$G$9 -> 100000 | F21: =+[4]창원!$H$9 -> 100000 | G21: =+F21-E21 -> 0.00084068537 | H21: =+[4]창원!$G$10 -> 0 | I21: =+[4]창원!$H$10 -> 0 | J21: =+I21-H21 -> 0 | K21: =+[4]창원!$G$12 -> 64500 | L21: =+[4]창원!$H$12 -> 63991.23 | M21: =+L21-K21 -> -508.76997 | N21: =+[4]창원!$G$13 -> 33000 | O21: =+[4]창원!$H$13 -> 31185.105 | P21: =+O21-N21 -> -1814.8953 | Q21: =+[4]창원!$G$16 -> 11000 | R21: =+[4]창원!$H$16 -> 11254.008 | S21: =+R21-Q21 -> 254.00797 | T21: =+[4]창원!$G$17 -> 17410.059 | U21: =+[4]창원!$H$17 -> 17019.33 | V21: =+U21-T21 -> -390.72916
D22: 대구 | E22: =+[4]대구!$G$9 -> 100000 | F22: =+[4]대구!$H$9 -> 100000 | G22: =+F22-E22 -> 0 | H22: =+[4]대구!$G$10 -> 0 | I22: =+[4]대구!$H$10 -> 0 | J22: =+I22-H22 -> 0 | K22: =+[4]대구!$G$12 -> 61400 | L22: =+[4]대구!$H$12 -> 61055.277 | M22: =+L22-K22 -> -344.72302 | N22: =+[4]대구!$G$13 -> 35300 | O22: =+[4]대구!$H$13 -> 30839.609 | P22: =+O22-N22 -> -4460.3908 | Q22: =+[4]대구!$G$16 -> 11133.333 | R22: =+[4]대구!$H$16 -> 11132.888 | S22: =+R22-Q22 -> -0.4448798 | T22: =+[4]대구!$G$17 -> 14763.293 | U22: =+[4]대구!$H$17 -> 14165.161 | V22: =+U22-T22 -> -598.13153
D23: 울산 | E23: =+[4]울산!$G$9 -> 100000 | F23: =+[4]울산!$H$9 -> 100000 | G23: =+F23-E23 -> 0.00074879277 | H23: =+[4]울산!$G$10 -> 0 | I23: =+[4]울산!$H$10 -> 0 | J23: =+I23-H23 -> 0 | K23: =+[4]울산!$G$12 -> 60200 | L23: =+[4]울산!$H$12 -> 60200.165 | M23: =+L23-K23 -> 0.16511408 | N23: =+[4]울산!$G$13 -> 37000 | O23: =+[4]울산!$H$13 -> 35033.983 | P23: =+O23-N23 -> -1966.0168 | Q23: =+[4]울산!$G$16 -> 11533.333 | R23: =+[4]울산!$H$16 -> 11490.643 | S23: =+R23-Q23 -> -42.690693 | T23: =+[4]울산!$G$17 -> 19459.844 | U23: =+[4]울산!$H$17 -> 19453.501 | V23: =+U23-T23 -> -6.3428482
D24: 아산 | E24: =+[4]아산!$G$9 -> 100000 | F24: =+[4]아산!$H$9 -> 99959.949 | G24: =+F24-E24 -> -40.050883 | H24: =+[4]아산!$G$10 -> 0 | I24: =+[4]아산!$H$10 -> 86600.833 | J24: =+I24-H24 -> 86600.833 | K24: =+[4]아산!$G$12 -> 64300 | L24: =+[4]아산!$H$12 -> 64503.66 | M24: =+L24-K24 -> 203.65985 | N24: =+[4]아산!$G$13 -> 42900 | O24: =+[4]아산!$H$13 -> 38938.948 | P24: =+O24-N24 -> -3961.0522 | Q24: =+[4]아산!$G$16 -> 11400 | R24: =+[4]아산!$H$16 -> 11368.855 | S24: =+R24-Q24 -> -31.145178 | T24: =+[4]아산!$G$17 -> 13225.806 | U24: =+[4]아산!$H$17 -> 13145.252 | V24: =+U24-T24 -> -80.554729
D25: 전주 | E25: =+[4]전주!$G$9 -> 100000 | F25: =+[4]전주!$H$9 -> 99910.001 | G25: =+F25-E25 -> -89.999245 | H25: =+[4]전주!$G$10 -> 0 | I25: =+[4]전주!$H$10 -> 97477.616 | J25: =+I25-H25 -> 97477.616 | K25: =+[4]전주!$G$12 -> 65000 | L25: =+[4]전주!$H$12 -> 64999.995 | M25: =+L25-K25 -> -0.0054472362 | N25: =+[4]전주!$G$13 -> 36000 | O25: =+[4]전주!$H$13 -> 34416.825 | P25: =+O25-N25 -> -1583.1749 | Q25: =+[4]전주!$G$16 -> 13333.333 | R25: =+[4]전주!$H$16 -> 13312.314 | S25: =+R25-Q25 -> -21.019111 | T25: =+[4]전주!$G$17 -> 15310.503 | U25: =+[4]전주!$H$17 -> 15470.505 | V25: =+U25-T25 -> 160.00205
D26: 군산 | E26: =+[4]군산!$G$9 -> 100000 | F26: =+[4]군산!$H$9 -> 99999.999 | G26: =+F26-E26 -> -0.0011192316 | H26: =+[4]군산!$G$10 -> 94200 | I26: =+[4]군산!$H$10 -> 0 | J26: =+I26-H26 -> -94200 | K26: =+[4]군산!$G$12 -> 64900 | L26: =+[4]군산!$H$12 -> 64894.067 | M26: =+L26-K26 -> -5.9333295 | N26: =+[4]군산!$G$13 -> 39300 | O26: =+[4]군산!$H$13 -> 37571.82 | P26: =+O26-N26 -> -1728.1798 | Q26: =+[4]군산!$G$16 -> 14200 | R26: =+[4]군산!$H$16 -> 14150.431 | S26: =+R26-Q26 -> -49.568649 | T26: =+[4]군산!$G$17 -> 15212.903 | U26: =+[4]군산!$H$17 -> 15099.699 | V26: =+U26-T26 -> -113.20402
D27: 원주 | E27: =+[4]원주!$G$9 -> 100000 | F27: =+[4]원주!$H$9 -> 100000 | G27: =+F27-E27 -> 0.0014500614 | H27: =+[4]원주!$G$10 -> 0 | I27: =+[4]원주!$H$10 -> 0 | J27: =+I27-H27 -> 0 | K27: =+[4]원주!$G$12 -> 64000 | L27: =+[4]원주!$H$12 -> 63999.932 | M27: =+L27-K27 -> -0.068344013 | N27: =+[4]원주!$G$13 -> 49000 | O27: =+[4]원주!$H$13 -> 46527.062 | P27: =+O27-N27 -> -2472.9384 | Q27: =+[4]원주!$G$16 -> 13666.667 | R27: =+[4]원주!$H$16 -> 13602.204 | S27: =+R27-Q27 -> -64.462353 | T27: =+[4]원주!$G$17 -> 13806.452 | U27: =+[4]원주!$H$17 -> 13680.46 | V27: =+U27-T27 -> -125.99207
D28: 제주 | E28: =+[4]제주!$G$9 -> 117000 | F28: =+[4]제주!$H$9 -> 117000 | G28: =+F28-E28 -> 0.00028946348 | H28: =+[4]제주!$G$10 -> 0 | I28: =+[4]제주!$H$10 -> 117000.02 | J28: =+I28-H28 -> 117000.02 | K28: =+[4]제주!$G$12 -> 0 | L28: =+[4]제주!$H$12 -> 0 | M28: =+L28-K28 -> 0 | N28: =+[4]제주!$G$13 -> 0 | O28: =+[4]제주!$H$13 -> 0 | P28: =+O28-N28 -> 0 | Q28: =+[4]제주!$G$16 -> 17666.667 | R28: =+[4]제주!$H$16 -> 17751.815 | S28: =+R28-Q28 -> 85.148062 | T28: =+[4]제주!$G$17 -> 17535.713 | U28: =+[4]제주!$H$17 -> 18526.269 | V28: =+U28-T28 -> 990.55674

Sheet 원단위
D4: □ 레미콘 원재료 원단위(2025-01)
V5: [단위 : kg/㎥]
A6: 2024년 12월 마감 손익 | D6: 구분 | E6: OPC | H6: 분체류 | K6: 분체류 치환률 | N6: 자갈 | Q6: 모래 | T6: 혼화제
E7: 계획 | F7: 실적 | G7: 차이 | H7: 계획 | I7: 실적 | J7: 차이 | K7: 계획 | L7: 실적 | M7: 차이 | N7: 계획 | O7: 실적 | P7: 차이 | Q7: 계획 | R7: 실적 | S7: 차이 | T7: 계획 | U7: 실적 | V7: 차이
D8: 평균 | E8: =+[4]합계!$E$9 -> 281.23504 | F8: =+[4]합계!$F$9 -> 294.47041 | G8: =+F8-E8 -> 13.235372 | H8: =+[4]합계!$E$15 -> 363.41881 | I8: =+[4]합계!$F$15 -> 376.48318 | J8: =+I8-H8 -> 13.064371 | K8: =+([4]합계!$E$10*0.4+[4]합계!$E$11+[4]합계!$E$12+[4]합계!$E$13+[4]합계!$E$14)/[4]합계!$E$15 -> 0.17610081 | L8: =+([4]합계!$F$10*0.4+[4]합계!$F$11+[4]합계!$F$12+[4]합계!$F$13+[4]합계!$F$14)/[4]합계!$F$15 -> 0.16951754 | M8: =+L8-K8 -> -0.006583264 | N8: =+[4]합계!$E$16 -> 821.53014 | O8: =+[4]합계!$F$16 -> 812.62652 | P8: =+O8-N8 -> -8.9036189 | Q8: =+[4]합계!$E$17 -> 900.88758 | R8: =+[4]합계!$F$17 -> 909.13681 | S8: =+R8-Q8 -> 8.2492255 | T8: =+[4]합계!$E$19 -> 3.1028122 | U8: =+[4]합계!$F$19 -> 3.1749738 | V8: =+U8-T8 -> 0.07216161
D9: 수도권 | E9: =+[4]수도권!$E$9 -> 308.58586 | F9: =+[4]수도권!$F$9 -> 312.80068 | G9: =+F9-E9 -> 4.2148225 | H9: =+[4]수도권!$E$15 -> 370.06322 | I9: =+[4]수도권!$F$15 -> 384.25439 | J9: =+I9-H9 -> 14.191169 | K9: =+([4]수도권!$E$10*0.4+[4]수도권!$E$11+[4]수도권!$E$12+[4]수도권!$E$13+[4]수도권!$E$14)/[4]수도권!$E$15 -> 0.15585993 | L9: =+([4]수도권!$F$10*0.4+[4]수도권!$F$11+[4]수도권!$F$12+[4]수도권!$F$13+[4]수도권!$F$14)/[4]수도권!$F$15 -> 0.14432926 | M9: =+L9-K9 -> -0.011530667 | N9: =+[4]수도권!$E$16 -> 866.21047 | O9: =+[4]수도권!$F$16 -> 847.92068 | P9: =+O9-N9 -> -18.289787 | Q9: =+[4]수도권!$E$17 -> 866.76357 | R9: =+[4]수도권!$F$17 -> 872.23872 | S9: =+R9-Q9 -> 5.4751427 | T9: =+[4]수도권!$E$19 -> 3.2201316 | U9: =+[4]수도권!$F$19 -> 3.1342882 | V9: =+U9-T9 -> -0.085843333
D10: 영남권 | E10: =+[4]영남권!$E$9 -> 248.67059 | F10: =+[4]영남권!$F$9 -> 259.96897 | G10: =+F10-E10 -> 11.298376 | H10: =+[4]영남권!$E$15 -> 359.83545 | I10: =+[4]영남권!$F$15 -> 368.13605 | J10: =+I10-H10 -> 8.3006015 | K10: =+([4]영남권!$E$10*0.4+[4]영남권!$E$11+[4]영남권!$E$12+[4]영남권!$E$13+[4]영남권!$E$14)/[4]영남권!$E$15 -> 0.21111762 | L10: =+([4]영남권!$F$10*0.4+[4]영남권!$F$11+[4]영남권!$F$12+[4]영남권!$F$13+[4]영남권!$F$14)/[4]영남권!$F$15 -> 0.22249767 | M10: =+L10-K10 -> 0.011380048 | N10: =+[4]영남권!$E$16 -> 794.20973 | O10: =+[4]영남권!$F$16 -> 816.54949 | P10: =+O10-N10 -> 22.339758 | Q10: =+[4]영남권!$E$17 -> 916.44493 | R10: =+[4]영남권!$F$17 -> 901.49822 | S10: =+R10-Q10 -> -14.946717 | T10: =+[4]영남권!$E$19 -> 3.1551146 | U10: =+[4]영남권!$F$19 -> 3.1791001 | V10: =+U10-T10 -> 0.023985462
D11: 기타권 | E11: =+[4]중부권!$E$9 -> 313.00235 | F11: =+[4]중부권!$F$9 -> 341.39379 | G11: =+F11-E11 -> 28.391432 | H11: =+[4]중부권!$E$15 -> 358.78971 | I11: =+[4]중부권!$F$15 -> 382.97707 | J11: =+I11-H11 -> 24.187359 | K11: =+([4]중부권!$E$10*0.4+[4]중부권!$E$11+[4]중부권!$E$12+[4]중부권!$E$13+[4]중부권!$E$14)/[4]중부권!$E$15 -> 0.12257467 | L11: =+([4]중부권!$F$10*0.4+[4]중부권!$F$11+[4]중부권!$F$12+[4]중부권!$F$13+[4]중부권!$F$14)/[4]중부권!$F$15 -> 0.09765572 | M11: =+L11-K11 -> -0.024918949 | N11: =+[4]중부권!$E$16 -> 799.6 | O11: =+[4]중부권!$F$16 -> 752.86078 | P11: =+O11-N11 -> -46.739225 | Q11: =+[4]중부권!$E$17 -> 932.78059 | R11: =+[4]중부권!$F$17 -> 979.16626 | S11: =+R11-Q11 -> 46.385674 | T11: =+[4]중부권!$E$19 -> 2.6913529 | U11: =+[4]중부권!$F$19 -> 3.2254157 | V11: =+U11-T11 -> 0.53406271
D12: 안양 | E12: =+[4]안양!$E$9 -> 320 | F12: =+[4]안양!$F$9 -> 321.48164 | G12: =+F12-E12 -> 1.4816417 | H12: =+[4]안양!$E$15 -> 372 | I12: =+[4]안양!$F$15 -> 383.89625 | J12: =+I12-H12 -> 11.896251 | K12: =+([4]안양!$E$10*0.4+[4]안양!$E$11+[4]안양!$E$12+[4]안양!$E$13+[4]안양!$E$14)/[4]안양!$E$15 -> 0.13978495 | L12: =+([4]안양!$F$10*0.4+[4]안양!$F$11+[4]안양!$F$12+[4]안양!$F$13+[4]안양!$F$14)/[4]안양!$F$15 -> 0.14199941 | M12: =+L12-K12 -> 0.0022144592 | N12: =+[4]안양!$E$16 -> 848 | O12: =+[4]안양!$F$16 -> 857.28977 | P12: =+O12-N12 -> 9.2897746 | Q12: =+[4]안양!$E$17 -> 872 | R12: =+[4]안양!$F$17 -> 854.83013 | S12: =+R12-Q12 -> -17.169872 | T12: =+[4]안양!$E$19 -> 3.39 | U12: =+[4]안양!$F$19 -> 3.2102272 | V12: =+U12-T12 -> -0.17977277
D13: 인천 | E13: =+[4]인천!$E$9 -> 308 | F13: =+[4]인천!$F$9 -> 320.72273 | G13: =+F13-E13 -> 12.722733 | H13: =+[4]인천!$E$15 -> 385 | I13: =+[4]인천!$F$15 -> 404.00259 | J13: =+I13-H13 -> 19.002588 | K13: =+([4]인천!$E$10*0.4+[4]인천!$E$11+[4]인천!$E$12+[4]인천!$E$13+[4]인천!$E$14)/[4]인천!$E$15 -> 0.17 | L13: =+([4]인천!$F$10*0.4+[4]인천!$F$11+[4]인천!$F$12+[4]인천!$F$13+[4]인천!$F$14)/[4]인천!$F$15 -> 0.14693169 | M13: =+L13-K13 -> -0.023068309 | N13: =+[4]인천!$E$16 -> 904.67982 | O13: =+[4]인천!$F$16 -> 877.9379 | P13: =+O13-N13 -> -26.741917 | Q13: =+[4]인천!$E$17 -> 835.08906 | R13: =+[4]인천!$F$17 -> 838.08486 | S13: =+R13-Q13 -> 2.995795 | T13: =+[4]인천!$E$19 -> 3.33 | U13: =+[4]인천!$F$19 -> 3.0904222 | V13: =+U13-T13 -> -0.23957779
D14: 파주 | E14: =+[4]파주!$E$9 -> 300.96607 | F14: =+[4]파주!$F$9 -> 266.5996 | G14: =+F14-E14 -> -34.36647 | H14: =+[4]파주!$E$15 -> 355.77179 | I14: =+[4]파주!$F$15 -> 353.55512 | J14: =+I14-H14 -> -2.2166656 | K14: =+([4]파주!$E$10*0.4+[4]파주!$E$11+[4]파주!$E$12+[4]파주!$E$13+[4]파주!$E$14)/[4]파주!$E$15 -> 0.15404739 | L14: =+([4]파주!$F$10*0.4+[4]파주!$F$11+[4]파주!$F$12+[4]파주!$F$13+[4]파주!$F$14)/[4]파주!$F$15 -> 0.14041503 | M14: =+L14-K14 -> -0.013632363 | N14: =+[4]파주!$E$16 -> 864.64286 | O14: =+[4]파주!$F$16 -> 765.35448 | P14: =+O14-N14 -> -99.288377 | Q14: =+[4]파주!$E$17 -> 867.98607 | R14: =+[4]파주!$F$17 -> 967.27601 | S14: =+R14-Q14 -> 99.289938 | T14: =+[4]파주!$E$19 -> 2.87 | U14: =+[4]파주!$F$19 -> 2.9590129 | V14: =+U14-T14 -> 0.089012901
D15: 김포 | E15: =+[4]김포!$E$9 -> 277 | F15: =+[4]김포!$F$9 -> 317.98536 | G15: =+F15-E15 -> 40.985363 | H15: =+[4]김포!$E$15 -> 337 | I15: =+[4]김포!$F$15 -> 375.79192 | J15: =+I15-H15 -> 38.791923 | K15: =+([4]김포!$E$10*0.4+[4]김포!$E$11+[4]김포!$E$12+[4]김포!$E$13+[4]김포!$E$14)/[4]김포!$E$15 -> 0.17804154 | L15: =+([4]김포!$F$10*0.4+[4]김포!$F$11+[4]김포!$F$12+[4]김포!$F$13+[4]김포!$F$14)/[4]김포!$F$15 -> 0.15382598 | M15: =+L15-K15 -> -0.024215566 | N15: =+[4]김포!$E$16 -> 810 | O15: =+[4]김포!$F$16 -> 841.30826 | P15: =+O15-N15 -> 31.308255 | Q15: =+[4]김포!$E$17 -> 955 | R15: =+[4]김포!$F$17 -> 912.06152 | S15: =+R15-Q15 -> -42.938479 | T15: =+[4]김포!$E$19 -> 2.8 | U15: =+[4]김포!$F$19 -> 3.1555638 | V15: =+U15-T15 -> 0.35556379
D16: 부산 | E16: =+[4]부산!$E$9 -> 219.92167 | F16: =+[4]부산!$F$9 -> 198.60185 | G16: =+F16-E16 -> -21.319823 | H16: =+[4]부산!$E$15 -> 379.17529 | I16: =+[4]부산!$F$15 -> 374.06786 | J16: =+I16-H16 -> -5.107436 | K16: =+([4]부산!$E$10*0.4+[4]부산!$E$11+[4]부산!$E$12+[4]부산!$E$13+[4]부산!$E$14)/[4]부산!$E$15 -> 0.204 | L16: =+([4]부산!$F$10*0.4+[4]부산!$F$11+[4]부산!$F$12+[4]부산!$F$13+[4]부산!$F$14)/[4]부산!$F$15 -> 0.22083763 | M16: =+L16-K16 -> 0.016837627 | N16: =+[4]부산!$E$16 -> 820 | O16: =+[4]부산!$F$16 -> 900.08707 | P16: =+O16-N16 -> 80.08707 | Q16: =+[4]부산!$E$17 -> 900.04206 | R16: =+[4]부산!$F$17 -> 820.05514 | S16: =+R16-Q16 -> -79.986914 | T16: =+[4]부산!$E$19 -> 3.2259864 | U16: =+[4]부산!$F$19 -> 3.0687346 | V16: =+U16-T16 -> -0.15725179
D17: 서부산 | E17: =+[4]서부산!$E$9 -> 251 | F17: =+[4]서부산!$F$9 -> 284.62892 | G17: =+F17-E17 -> 33.628915 | H17: =+[4]서부산!$E$15 -> 364 | I17: =+[4]서부산!$F$15 -> 367.32721 | J17: =+I17-H17 -> 3.3272102 | K17: =+([4]서부산!$E$10*0.4+[4]서부산!$E$11+[4]서부산!$E$12+[4]서부산!$E$13+[4]서부산!$E$14)/[4]서부산!$E$15 -> 0.21153846 | L17: =+([4]서부산!$F$10*0.4+[4]서부산!$F$11+[4]서부산!$F$12+[4]서부산!$F$13+[4]서부산!$F$14)/[4]서부산!$F$15 -> 0.20376008 | M17: =+L17-K17 -> -0.007778382 | N17: =+[4]서부산!$E$16 -> 820 | O17: =+[4]서부산!$F$16 -> 820.34333 | P17: =+O17-N17 -> 0.34332884 | Q17: =+[4]서부산!$E$17 -> 910 | R17: =+[4]서부산!$F$17 -> 908.11995 | S17: =+R17-Q17 -> -1.8800539 | T17: =+[4]서부산!$E$19 -> 3.2 | U17: =+[4]서부산!$F$19 -> 3.6556368 | V17: =+U17-T17 -> 0.45563679
D18: 김해 | E18: =+[4]김해!$E$9 -> 217.6 | F18: =+[4]김해!$F$9 -> 254.72813 | G18: =+F18-E18 -> 37.128133 | H18: =+[4]김해!$E$15 -> 340 | I18: =+[4]김해!$F$15 -> 358.7605 | J18: =+I18-H18 -> 18.760499 | K18: =+([4]김해!$E$10*0.4+[4]김해!$E$11+[4]김해!$E$12+[4]김해!$E$13+[4]김해!$E$14)/[4]김해!$E$15 -> 0.18 | L18: =+([4]김해!$F$10*0.4+[4]김해!$F$11+[4]김해!$F$12+[4]김해!$F$13+[4]김해!$F$14)/[4]김해!$F$15 -> 0.15025751 | M18: =+L18-K18 -> -0.029742495 | N18: =+[4]김해!$E$16 -> 770 | O18: =+[4]김해!$F$16 -> 771.1947 | P18: =+O18-N18 -> 1.1946989 | Q18: =+[4]김해!$E$17 -> 950 | R18: =+[4]김해!$F$17 -> 929.92399 | S18: =+R18-Q18 -> -20.076009 | T18: =+[4]김해!$E$19 -> 3.3 | U18: =+[4]김해!$F$19 -> 3.3325668 | V18: =+U18-T18 -> 0.032566751
D19: 정관 | E19: =+[4]정관!$E$9 -> 240.3924 | F19: =+[4]정관!$F$9 -> 270.56617 | G19: =+F19-E19 -> 30.173774 | H19: =+[4]정관!$E$15 -> 364.23091 | I19: =+[4]정관!$F$15 -> 385.99969 | J19: =+I19-H19 -> 21.768779 | K19: =+([4]정관!$E$10*0.4+[4]정관!$E$11+[4]정관!$E$12+[4]정관!$E$13+[4]정관!$E$14)/[4]정관!$E$15 -> 0.226 | L19: =+([4]정관!$F$10*0.4+[4]정관!$F$11+[4]정관!$F$12+[4]정관!$F$13+[4]정관!$F$14)/[4]정관!$F$15 -> 0.22273207 | M19: =+L19-K19 -> -0.0032679314 | N19: =+[4]정관!$E$16 -> 791.29789 | O19: =+[4]정관!$F$16 -> 824.43428 | P19: =+O19-N19 -> 33.136393 | Q19: =+[4]정관!$E$17 -> 914.66308 | R19: =+[4]정관!$F$17 -> 886.45157 | S19: =+R19-Q19 -> -28.211503 | T19: =+[4]정관!$E$19 -> 3.0959627 | U19: =+[4]정관!$F$19 -> 3.0787131 | V19: =+U19-T19 -> -0.017249564
D20: 양산 | E20: =+[4]양산!$E$9 -> 264.5516 | F20: =+[4]양산!$F$9 -> 224.2489 | G20: =+F20-E20 -> -40.302699 | H20: =+[4]양산!$E$15 -> 356.16022 | I20: =+[4]양산!$F$15 -> 353.59145 | J20: =+I20-H20 -> -2.5687697 | K20: =+([4]양산!$E$10*0.4+[4]양산!$E$11+[4]양산!$E$12+[4]양산!$E$13+[4]양산!$E$14)/[4]양산!$E$15 -> 0.25721183 | L20: =+([4]양산!$F$10*0.4+[4]양산!$F$11+[4]양산!$F$12+[4]양산!$F$13+[4]양산!$F$14)/[4]양산!$F$15 -> 0.33557355 | M20: =+L20-K20 -> 0.078361726 | N20: =+[4]양산!$E$16 -> 771.9 | O20: =+[4]양산!$F$16 -> 730.44971 | P20: =+O20-N20 -> -41.450292 | Q20: =+[4]양산!$E$17 -> 882.03086 | R20: =+[4]양산!$F$17 -> 914.80433 | S20: =+R20-Q20 -> 32.773469 | T20: =+[4]양산!$E$19 -> 2.9537018 | U20: =+[4]양산!$F$19 -> 2.7850978 | V20: =+U20-T20 -> -0.168604
D21: 창원 | E21: =+[4]창원!$E$9 -> 255 | F21: =+[4]창원!$F$9 -> 262.29449 | G21: =+F21-E21 -> 7.2944906 | H21: =+[4]창원!$E$15 -> 355.7 | I21: =+[4]창원!$F$15 -> 351.20626 | J21: =+I21-H21 -> -4.4937398 | K21: =+([4]창원!$E$10*0.4+[4]창원!$E$11+[4]창원!$E$12+[4]창원!$E$13+[4]창원!$E$14)/[4]창원!$E$15 -> 0.28310374 | L21: =+([4]창원!$F$10*0.4+[4]창원!$F$11+[4]창원!$F$12+[4]창원!$F$13+[4]창원!$F$14)/[4]창원!$F$15 -> 0.25316112 | M21: =+L21-K21 -> -0.029942621 | N21: =+[4]창원!$E$16 -> 831.2 | O21: =+[4]창원!$F$16 -> 871.66483 | P21: =+O21-N21 -> 40.464829 | Q21: =+[4]창원!$E$17 -> 895.2 | R21: =+[4]창원!$F$17 -> 860.38093 | S21: =+R21-Q21 -> -34.819074 | T21: =+[4]창원!$E$19 -> 3.08 | U21: =+[4]창원!$F$19 -> 2.9208434 | V21: =+U21-T21 -> -0.15915656
D22: 대구 | E22: =+[4]대구!$E$9 -> 290.7 | F22: =+[4]대구!$F$9 -> 283.63307 | G22: =+F22-E22 -> -7.0669317 | H22: =+[4]대구!$E$15 -> 342 | I22: =+[4]대구!$F$15 -> 354.57905 | J22: =+I22-H22 -> 12.579055 | K22: =+([4]대구!$E$10*0.4+[4]대구!$E$11+[4]대구!$E$12+[4]대구!$E$13+[4]대구!$E$14)/[4]대구!$E$15 -> 0.15 | L22: =+([4]대구!$F$10*0.4+[4]대구!$F$11+[4]대구!$F$12+[4]대구!$F$13+[4]대구!$F$14)/[4]대구!$F$15 -> 0.2000851 | M22: =+L22-K22 -> 0.050085103 | N22: =+[4]대구!$E$16 -> 736.71821 | O22: =+[4]대구!$F$16 -> 719.63495 | P22: =+O22-N22 -> -17.083259 | Q22: =+[4]대구!$E$17 -> 976.57995 | R22: =+[4]대구!$F$17 -> 1063.2571 | S22: =+R22-Q22 -> 86.677153 | T22: =+[4]대구!$E$19 -> 3.078 | U22: =+[4]대구!$F$19 -> 3.2043271 | V22: =+U22-T22 -> 0.12632707
D23: 울산 | E23: =+[4]울산!$E$9 -> 292.7 | F23: =+[4]울산!$F$9 -> 292.45221 | G23: =+F23-E23 -> -0.24779372 | H23: =+[4]울산!$E$15 -> 361.3 | I23: =+[4]울산!$F$15 -> 374.36293 | J23: =+I23-H23 -> 13.062927 | K23: =+([4]울산!$E$10*0.4+[4]울산!$E$11+[4]울산!$E$12+[4]울산!$E$13+[4]울산!$E$14)/[4]울산!$E$15 -> 0.18986991 | L23: =+([4]울산!$F$10*0.4+[4]울산!$F$11+[4]울산!$F$12+[4]울산!$F$13+[4]울산!$F$14)/[4]울산!$F$15 -> 0.2188003 | M23: =+L23-K23 -> 0.028930385 | N23: =+[4]울산!$E$16 -> 801.3 | O23: =+[4]울산!$F$16 -> 797.1845 | P23: =+O23-N23 -> -4.1155042 | Q23: =+[4]울산!$E$17 -> 903.5 | R23: =+[4]울산!$F$17 -> 887.82623 | S23: =+R23-Q23 -> -15.673765 | T23: =+[4]울산!$E$19 -> 3.25 | U23: =+[4]울산!$F$19 -> 3.1444268 | V23: =+U23-T23 -> -0.1055732
D24: 아산 | E24: =+[4]아산!$E$9 -> 324.55385 | F24: =+[4]아산!$F$9 -> 404.00747 | G24: =+F24-E24 -> 79.453625 | H24: =+[4]아산!$E$15 -> 381.93846 | I24: =+[4]아산!$F$15 -> 425.36808 | J24: =+I24-H24 -> 43.429616 | K24: =+([4]아산!$E$10*0.4+[4]아산!$E$11+[4]아산!$E$12+[4]아산!$E$13+[4]아산!$E$14)/[4]아산!$E$15 -> 0.15024571 | L24: =+([4]아산!$F$10*0.4+[4]아산!$F$11+[4]아산!$F$12+[4]아산!$F$13+[4]아산!$F$14)/[4]아산!$F$15 -> 0.050117238 | M24: =+L24-K24 -> -0.10012847 | N24: =+[4]아산!$E$16 -> 871 | O24: =+[4]아산!$F$16 -> 798.05415 | P24: =+O24-N24 -> -72.945849 | Q24: =+[4]아산!$E$17 -> 877 | R24: =+[4]아산!$F$17 -> 926.74536 | S24: =+R24-Q24 -> 49.745355 | T24: =+[4]아산!$E$19 -> 2.8 | U24: =+[4]아산!$F$19 -> 3.7067527 | V24: =+U24-T24 -> 0.9067527
D25: 전주 | E25: =+[4]전주!$E$9 -> 274.54 | F25: =+[4]전주!$F$9 -> 266.27741 | G25: =+F25-E25 -> -8.2625949 | H25: =+[4]전주!$E$15 -> 331.85 | I25: =+[4]전주!$F$15 -> 352.53176 | J25: =+I25-H25 -> 20.681758 | K25: =+([4]전주!$E$10*0.4+[4]전주!$E$11+[4]전주!$E$12+[4]전주!$E$13+[4]전주!$E$14)/[4]전주!$E$15 -> 0.17269851 | L25: =+([4]전주!$F$10*0.4+[4]전주!$F$11+[4]전주!$F$12+[4]전주!$F$13+[4]전주!$F$14)/[4]전주!$F$15 -> 0.21463389 | M25: =+L25-K25 -> 0.041935381 | N25: =+[4]전주!$E$16 -> 742.54 | O25: =+[4]전주!$F$16 -> 647.04651 | P25: =+O25-N25 -> -95.49349 | Q25: =+[4]전주!$E$17 -> 992.06 | R25: =+[4]전주!$F$17 -> 1067.0465 | S25: =+R25-Q25 -> 74.98651 | T25: =+[4]전주!$E$19 -> 2.26 | U25: =+[4]전주!$F$19 -> 2.6367062 | V25: =+U25-T25 -> 0.37670618
D26: 군산 | E26: =+[4]군산!$E$9 -> 280.7 | F26: =+[4]군산!$F$9 -> 340.30472 | G26: =+F26-E26 -> 59.604723 | H26: =+[4]군산!$E$15 -> 351.1 | I26: =+[4]군산!$F$15 -> 371.71592 | J26: =+I26-H26 -> 20.615917 | K26: =+([4]군산!$E$10*0.4+[4]군산!$E$11+[4]군산!$E$12+[4]군산!$E$13+[4]군산!$E$14)/[4]군산!$E$15 -> 0.16547992 | L26: =+([4]군산!$F$10*0.4+[4]군산!$F$11+[4]군산!$F$12+[4]군산!$F$13+[4]군산!$F$14)/[4]군산!$F$15 -> 0.084503226 | M26: =+L26-K26 -> -0.080976694 | N26: =+[4]군산!$E$16 -> 810 | O26: =+[4]군산!$F$16 -> 840.60941 | P26: =+O26-N26 -> 30.609408 | Q26: =+[4]군산!$E$17 -> 905 | R26: =+[4]군산!$F$17 -> 851.5578 | S26: =+R26-Q26 -> -53.442201 | T26: =+[4]군산!$E$19 -> 2.93 | U26: =+[4]군산!$F$19 -> 1.8481051 | V26: =+U26-T26 -> -1.0818949
D27: 원주 | E27: =+[4]원주!$E$9 -> 320.3 | F27: =+[4]원주!$F$9 -> 316.63269 | G27: =+F27-E27 -> -3.6673095 | H27: =+[4]원주!$E$15 -> 349.1 | I27: =+[4]원주!$F$15 -> 354.40452 | J27: =+I27-H27 -> 5.3045225 | K27: =+([4]원주!$E$10*0.4+[4]원주!$E$11+[4]원주!$E$12+[4]원주!$E$13+[4]원주!$E$14)/[4]원주!$E$15 -> 0.082497852 | L27: =+([4]원주!$F$10*0.4+[4]원주!$F$11+[4]원주!$F$12+[4]원주!$F$13+[4]원주!$F$14)/[4]원주!$F$15 -> 0.1065783 | M27: =+L27-K27 -> 0.02408045 | N27: =+[4]원주!$E$16 -> 837.86 | O27: =+[4]원주!$F$16 -> 846.90771 | P27: =+O27-N27 -> 9.0477135 | Q27: =+[4]원주!$E$17 -> 921.01 | R27: =+[4]원주!$F$17 -> 936.9674 | S27: =+R27-Q27 -> 15.957401 | T27: =+[4]원주!$E$19 -> 2.938 | U27: =+[4]원주!$F$19 -> 3.0826905 | V27: =+U27-T27 -> 0.14469054
D28: 제주 | E28: =+[4]제주!$E$9 -> 351 | F28: =+[4]제주!$F$9 -> 321.97566 | G28: =+F28-E28 -> -29.02434 | H28: =+[4]제주!$E$15 -> 351 | I28: =+[4]제주!$F$15 -> 333.1515 | J28: =+I28-H28 -> -17.848496 | K28: =+([4]제주!$E$10*0.4+[4]제주!$E$11+[4]제주!$E$12+[4]제주!$E$13+[4]제주!$E$14)/[4]제주!$E$15 -> 0 | L28: =+([4]제주!$F$10*0.4+[4]제주!$F$11+[4]제주!$F$12+[4]제주!$F$13+[4]제주!$F$14)/[4]제주!$F$15 -> 0.013418332 | M28: =+L28-K28 -> 0.013418332 | N28: =+[4]제주!$E$16 -> 705.7 | O28: =+[4]제주!$F$16 -> 766.64384 | P28: =+O28-N28 -> 60.943842 | Q28: =+[4]제주!$E$17 -> 1000.3 | R28: =+[4]제주!$F$17 -> 1028.3357 | S28: =+R28-Q28 -> 28.035711 | T28: =+[4]제주!$E$19 -> 2.68 | U28: =+[4]제주!$F$19 -> 3.7658659 | V28: =+U28-T28 -> 1.0858659

Sheet 건자재
D6: □ 건자재 손익실적(2025-01)
O7: [단위 : 톤, 천원]
D8: 구분 | F8: 1월 | K8: 1월누계
F9: 계획 | G9: 실적 | H9: 계획대비 | I9: 전년 | J9: 전년대비 | K9: 계획 | L9: 실적 | M9: 계획대비 | N9: 전년 | O9: 전년대비
D10: 판매량 | E10: 철강재 | F10: =+IFERROR(HLOOKUP($F$8,[8]손익!$G$5:$AI$63,2,),) -> 9800 | G10: =+'[6]1월'!$G$8 -> 8735.502 | H10: =+G10-F10 -> -1064.498 | I10: =+IFERROR(HLOOKUP($F$8,[9]월별!$E$2:$T$53,2,),) -> 6425.093 | J10: =+G10-I10 -> 2310.409 | K10: =+F10 -> 9800 | L10: =+G10 -> 8735.502 | M10: =+L10-K10 -> -1064.498 | N10: =+I10 -> 6425.093 | O10: =+L10-N10 -> 2310.409
D11: 판매단가 | E11: 철강재 | F11: =+F12/F10*1000 -> 872959.18 | G11: =+G12/G10*1000 -> 756420.01 | H11: =+G11-F11 -> -116539.17 | I11: =+I12/I10*1000 -> 920730.85 | J11: =+G11-I11 -> -164310.84 | K11: =+F11 -> 872959.18 | L11: =+G11 -> 756420.01 | M11: =+L11-K11 -> -116539.17 | N11: =+I11 -> 920730.85 | O11: =+L11-N11 -> -164310.84
D12: 매출액 | E12: 철강재 | F12: =+IFERROR(HLOOKUP($F$8,[8]손익!$G$5:$AI$63,22,),) -> 8555000 | G12: =+'[6]1월'!$G$9 -> 6607708.5 | H12: =+G12-F12 -> -1947291.5 | I12: =+IFERROR(HLOOKUP($F$8,[9]월별!$E$2:$T$53,5,),) -> 5915781.4 | J12: =+G12-I12 -> 691927.16 | K12: =+F12 -> 8555000 | L12: =+G12 -> 6607708.5 | M12: =+L12-K12 -> -1947291.5 | N12: =+I12 -> 5915781.4 | O12: =+L12-N12 -> 691927.16
E13: 기타 | F13: =+IFERROR(HLOOKUP($F$8,[8]손익!$G$5:$AI$63,23,),) -> 2176322.8 | G13: =+'[6]1월'!$J$9 -> 872411.16 | H13: =+G13-F13 -> -1303911.6 | I13: =+IFERROR(HLOOKUP($F$8,[9]월별!$E$2:$T$53,6,),) -> 1492175.8 | J13: =+G13-I13 -> -619764.64 | K13: =+F13 -> 2176322.8 | L13: =+G13 -> 872411.16 | M13: =+L13-K13 -> -1303911.6 | N13: =+I13 -> 1492175.8 | O13: =+L13-N13 -> -619764.64
E14: (소계) | F14: =SUM(F12:F13) -> 10731323 | G14: =SUM(G12:G13) -> 7480119.7 | H14: =+G14-F14 -> -3251203.1 | I14: =SUM(I12:I13) -> 7407957.2 | J14: =+G14-I14 -> 72162.517 | K14: =SUM(K12:K13) -> 10731323 | L14: =SUM(L12:L13) -> 7480119.7 | M14: =+L14-K14 -> -3251203.1 | N14: =SUM(N12:N13) -> 7407957.2 | O14: =+L14-N14 -> 72162.517
D15: 매출원가 | E15: 철강재 | F15: =+IFERROR(HLOOKUP($F$8,[8]손익!$G$5:$AI$63,25,),) -> 8349642.5 | G15: =+'[6]1월'!$G$11 -> 6490572.3 | H15: =+G15-F15 -> -1859070.2 | I15: =+IFERROR(HLOOKUP($F$8,[9]월별!$E$2:$T$53,8,),) -> 5751185.5 | J15: =+G15-I15 -> 739386.74 | K15: =+F15 -> 8349642.5 | L15: =+G15 -> 6490572.3 | M15: =+L15-K15 -> -1859070.2 | N15: =+I15 -> 5751185.5 | O15: =+L15-N15 -> 739386.74
E16: 기타 | F16: =+IFERROR(HLOOKUP($F$8,[8]손익!$G$5:$AI$63,26,),) -> 2091539.8 | G16: =+'[6]1월'!$J$11 -> 843636.94 | H16: =+G16-F16 -> -1247902.9 | I16: =+IFERROR(HLOOKUP($F$8,[9]월별!$E$2:$T$53,9,),) -> 1459339.4 | J16: =+G16-I16 -> -615702.5 | K16: =+F16 -> 2091539.8 | L16: =+G16 -> 843636.94 | M16: =+L16-K16 -> -1247902.9 | N16: =+I16 -> 1459339.4 | O16: =+L16-N16 -> -615702.5
E17: (소계) | F17: =SUM(F15:F16) -> 10441182 | G17: =SUM(G15:G16) -> 7334209.2 | H17: =+G17-F17 -> -3106973.1 | I17: =SUM(I15:I16) -> 7210525 | J17: =+G17-I17 -> 123684.23 | K17: =SUM(K15:K16) -> 10441182 | L17: =SUM(L15:L16) -> 7334209.2 | M17: =+L17-K17 -> -3106973.1 | N17: =SUM(N15:N16) -> 7210525 | O17: =+L17-N17 -> 123684.23
D18: 매출이익 | E18: 철강재 | F18: =+F12-F15 -> 205357.5 | G18: =+G12-G15 -> 117136.27 | H18: =+G18-F18 -> -88221.234 | I18: =+I12-I15 -> 164595.84 | J18: =+G18-I18 -> -47459.576 | K18: =+K12-K15 -> 205357.5 | L18: =+L12-L15 -> 117136.27 | M18: =+L18-K18 -> -88221.234 | N18: =+N12-N15 -> 164595.84 | O18: =+L18-N18 -> -47459.576
E19: % | F19: =+F18/F12 -> 0.024004383 | G19: =+G18/G12 -> 0.017727214 | H19: =+G19-F19 -> -0.0062771689 | I19: =+I18/I12 -> 0.027823179 | J19: =+G19-I19 -> -0.010095964 | K19: =+K18/K12 -> 0.024004383 | L19: =+L18/L12 -> 0.017727214 | M19: =+L19-K19 -> -0.0062771689 | N19: =+N18/N12 -> 0.027823179 | O19: =+L19-N19 -> -0.010095964
E20: 기타 | F20: =+F13-F16 -> 84783.008 | G20: =+G13-G16 -> 28774.226 | H20: =+G20-F20 -> -56008.782 | I20: =+I13-I16 -> 32836.365 | J20: =+G20-I20 -> -4062.139 | K20: =+K13-K16 -> 84783.008 | L20: =+L13-L16 -> 28774.226 | M20: =+L20-K20 -> -56008.782 | N20: =+N13-N16 -> 32836.365 | O20: =+L20-N20 -> -4062.139
E21: % | F21: =+F20/F13 -> 0.038957 | G21: =+G20/G13 -> 0.032982414 | H21: =+G21-F21 -> -0.0059745862 | I21: =+I20/I13 -> 0.022005695 | J21: =+G21-I21 -> 0.010976719 | K21: =+K20/K13 -> 0.038957 | L21: =+L20/L13 -> 0.032982414 | M21: =+L21-K21 -> -0.0059745862 | N21: =+N20/N13 -> 0.022005695 | O21: =+L21-N21 -> 0.010976719
E22: (소계) | F22: =SUM(F18,F20) -> 290140.51 | G22: =SUM(G18,G20) -> 145910.49 | H22: =+G22-F22 -> -144230.02 | I22: =SUM(I18,I20) -> 197432.21 | J22: =+G22-I22 -> -51521.715 | K22: =+K14-K17 -> 290140.51 | L22: =+L14-L17 -> 145910.49 | M22: =+L22-K22 -> -144230.02 | N22: =+N14-N17 -> 197432.21 | O22: =+L22-N22 -> -51521.715
E23: % | F23: =+F22/F14 -> 0.027036789 | G23: =+G22/G14 -> 0.019506438 | H23: =+G23-F23 -> -0.0075303506 | I23: =+I22/I14 -> 0.02665137 | J23: =+G23-I23 -> -0.0071449318 | K23: =+K22/K14 -> 0.027036789 | L23: =+L22/L14 -> 0.019506438 | M23: =+L23-K23 -> -0.0075303506 | N23: =+N22/N14 -> 0.02665137 | O23: =+L23-N23 -> -0.0071449318
D24: 판관비 | E24: 노무비 | F24: =+IFERROR(HLOOKUP($F$8,[8]판매4!$G$4:$U$50,7,),) -> 87502.28 | G24: =+'[6]1월'!$M$19 -> 95383.025 | H24: =+G24-F24 -> 7880.745 | I24: =+IFERROR(HLOOKUP($F$8,[9]월별!$E$2:$T$53,17,),) -> 88392.315 | J24: =+G24-I24 -> 6990.71 | K24: =+F24 -> 87502.28 | L24: =+G24 -> 95383.025 | M24: =+L24-K24 -> 7880.745 | N24: =+I24 -> 88392.315 | O24: =+L24-N24 -> 6990.71
E25: 경비 | F25: =+IFERROR(HLOOKUP($F$8,[8]판매4!$G$4:$U$50,31,),)+IFERROR(HLOOKUP($F$8,[8]판매4!$G$4:$U$50,34,),) -> 35276.908 | G25: =+'[6]1월'!$M$37+'[6]1월'!$M$40 -> 48830.218 | H25: =+G25-F25 -> 13553.31 | I25: =+IFERROR(HLOOKUP($F$8,[9]월별!$E$2:$T$53,35,),)+IFERROR(HLOOKUP($F$8,[9]월별!$E$2:$T$53,38,),) -> 33772.681 | J25: =+G25-I25 -> 15057.537 | K25: =+F25 -> 35276.908 | L25: =+G25 -> 48830.218 | M25: =+L25-K25 -> 13553.31 | N25: =+I25 -> 33772.681 | O25: =+L25-N25 -> 15057.537
E26: (소계) | F26: =SUM(F24:F25) -> 122779.19 | G26: =SUM(G24:G25) -> 144213.24 | H26: =+G26-F26 -> 21434.055 | I26: =SUM(I24:I25) -> 122165 | J26: =+G26-I26 -> 22048.247 | K26: =SUM(K24:K25) -> 122779.19 | L26: =SUM(L24:L25) -> 144213.24 | M26: =+L26-K26 -> 21434.055 | N26: =SUM(N24:N25) -> 122165 | O26: =+L26-N26 -> 22048.247
D27: 영업이익 | F27: =+F22-F26 -> 167361.32 | G27: =+G22-G26 -> 1697.249 | H27: =+G27-F27 -> -165664.07 | I27: =+I22-I26 -> 75267.211 | J27: =+G27-I27 -> -73569.962 | K27: =+K22-K26 -> 167361.32 | L27: =+L22-L26 -> 1697.249 | M27: =+L27-K27 -> -165664.07 | N27: =+N22-N26 -> 75267.211 | O27: =+L27-N27 -> -73569.962
E28: % | F28: =+F27/F14 -> 0.015595591 | G28: =+G27/G14 -> 0.00022690132 | H28: =+G28-F28 -> -0.01536869 | I28: =+I27/I14 -> 0.010160319 | J28: =+G28-I28 -> -0.0099334181 | K28: =+K27/K14 -> 0.015595591 | L28: =+L27/L14 -> 0.00022690132 | M28: =+L28-K28 -> -0.01536869 | N28: =+N27/N14 -> 0.010160319 | O28: =+L28-N28 -> -0.0099334181
D29: 철강재 단가 및 마진률
R34: * 공통비
F36: =+IFERROR(HLOOKUP($F$8,[8]손익!$G$5:$AJ$65,17,),) -> 167361.32 | G36: =+'[6]1월'!$M$41 -> 1697.249 | I36: =+IFERROR(HLOOKUP($F$8,[9]월별!$E$2:$T$53,39,),) -> 75267.211 | S36: 1월 | T36: 2월 | U36: 3월 | V36: 4월 | W36: 5월 | X36: 6월 | Y36: 7월 | Z36: 8월 | AA36: 9월 | AB36: 10월 | AC36: 11월 | AD36: 1월 | AE36: 1월 | AF36: 2월 | AG36: 3월 | AH36: 4월 | AI36: 5월 | AJ36: 6월 | AK36: 7월 | AL36: 8월 | AM36: 9월 | AN36: 10월 | AO36: 11월 | AP36: 12월 | AQ36: 1월
F37: =+F27=F36 -> TRUE | G37: =+G27=G36 -> FALSE | I37: =+I27=I36 -> TRUE | R37: 구분 | S37: 1월 | T37: 2월 | U37: 3 | V37: 4월 | W37: 5월 | X37: 6월 | Y37: 7월 | Z37: =+Z36 -> 8월 | AA37: =+AA36 -> 9월 | AB37: =+AB36 -> 10월 | AC37: =+AC36 -> 11월 | AD37: =+AD36 -> 1월 | AE37: =+AE36 -> 1월 | AF37: =+AF36 -> 2월 | AG37: =+AG36 -> 3월 | ... AQ37: =+AQ36 -> 1월
F38: =+F27-F36 -> 0 | G38: =+G27-G36 -> 9.094947e-12 | I38: =+I27-I36 -> 0 | R38: 판매단가 | S38: =+IFERROR(HLOOKUP(S$36,[9]월별!$E$2:$S$67,42,),) -> 920730.85 | T38: =+IFERROR(HLOOKUP(T$36,[9]월별!$E$2:$S$67,42,),) -> 886130.89 | U38: =+IFERROR(HLOOKUP(U$36,[9]월별!$E$2:$S$67,42,),) -> 873530.52 | V38: =+IFERROR(HLOOKUP(V$36,[9]월별!$E$2:$S$67,42,),) -> 853042.91 | W38: =+IFERROR(HLOOKUP(W$36,[9]월별!$E$2:$S$67,42,),) -> 811389.31 | X38: =+IFERROR(HLOOKUP(X$36,[9]월별!$E$2:$S$67,42,),) -> 785072.68 | Y38: =+IFERROR(HLOOKUP(Y$36,[9]월별!$E$2:$S$67,42,),) -> 751049.21 | Z38: =+IFERROR(HLOOKUP(Z$36,[9]월별!$E$2:$S$67,42,),) -> 846014.53 | ... AP38: =+IFERROR(HLOOKUP(AP$36,[9]월별!$E$2:$S$67,42,),) -> 752238.02 | AQ38: =+IFERROR(HLOOKUP(AQ$36,[6]월별!$E$2:$S$67,42,),) -> 756420.01
R39: 마진률 | S39: =+IFERROR(HLOOKUP(S$36,[9]월별!$E$2:$S$67,43,),) -> 0 | T39: =+IFERROR(HLOOKUP(T$36,[9]월별!$E$2:$S$67,43,),) -> 0 | U39: =+IFERROR(HLOOKUP(U$36,[9]월별!$E$2:$S$67,43,),) -> 0 | V39: =+IFERROR(HLOOKUP(V$36,[9]월별!$E$2:$S$67,43,),) -> 0 | W39: =+IFERROR(HLOOKUP(W$36,[9]월별!$E$2:$S$67,43,),) -> 0 | X39: =+IFERROR(HLOOKUP(X$36,[9]월별!$E$2:$S$67,43,),) -> 0 | Y39: =+IFERROR(HLOOKUP(Y$36,[9]월별!$E$2:$S$67,43,),) -> 0 | Z39: =+IFERROR(HLOOKUP(Z$36,[9]월별!$E$2:$S$67,43,),) -> 0 | ... AP39: =+IFERROR(HLOOKUP(AP$36,[9]월별!$E$2:$S$67,43,),) -> 0 | AQ39: =+IFERROR(HLOOKUP(AQ$36,[6]월별!$E$2:$S$67,43,),) -> 0

Sheet 골재사업소(당월)
A1: 1월 | AH1: 부산 세척사 - 창원공장
D4: □ 골재사업소 손익(2025-01)
AP5: [단위 : ㎥, 천원]
D6: 계획 | E6: 구분 | G6: 서부산 쇄석 | J6: 서부산 쇄사(습식) | M6: 혼합석(25mm) | P6: 서부산 소계 | S6: 부산크라샤 쇄석 | V6: 부산크라샤 쇄사(습식) | Y6: 40혼합석 | AB6: 부산크라샤 소계 | AE6: 부산 하천사 | AH6: 부산 세척사 | AK6: 부산모래장 소계 | AN6: 골재사업소 계
G7: 계획 | H7: 실적 | I7: 차이 | J7: 계획 | K7: 실적 | L7: 차이 | M7: 계획 | N7: 실적 | O7: 차이 | P7: 계획 | Q7: 실적 | R7: 차이 | S7: 계획 | T7: 실적 | U7: 차이 | V7: 계획 | W7: 실적 | X7: 차이 | Y7: 계획 | Z7: 실적 | AA7: 차이 | AB7: 계획 | AC7: 실적 | AD7: 차이 | AE7: 계획 | AF7: 실적 | AG7: 차이 | AH7: 계획 | AI7: 실적 | AJ7: 차이 | AK7: 계획 | AL7: 실적 | AM7: 차이 | AN7: 계획 | AO7: 실적 | AP7: 차이
E8: 판매량 | F8: 자가이송 | G8: =+IFERROR(HLOOKUP($A$1,[10]물량!$G$5:$R$83,59,),) -> 9819.6667 | H8: =+'[7]서부산크라샤(당월)'!$F$66 -> 0 | I8: =H8-G8 -> -9819.6667 | J8: =+IFERROR(HLOOKUP($A$1,[10]물량!$G$5:$R$83,62,),) -> 6618.1935 | K8: =+'[7]서부산크라샤(당월)'!$I$66 -> 0 | L8: =K8-J8 -> -6618.1935 | M8: =+IFERROR(HLOOKUP($A$1,[10]물량!$G$5:$R$83,68,),) -> 0 | N8: =+'[7]서부산크라샤(당월)'!$L$66 -> 0 | O8: =N8-M8 -> 0 | P8: =+G8+J8+M8 -> 16437.86 | Q8: =+H8+K8+N8 -> 0 | R8: =Q8-P8 -> -16437.86 | S8: =+IFERROR(HLOOKUP($A$1,[11]물량!$G$5:$R$109,59,),) -> 9034.7928 | T8: =+'[7]부산크라샤(당월)'!$F$66 -> 11966 | U8: =T8-S8 -> 2931.2072 | V8: =+IFERROR(HLOOKUP($A$1,[11]물량!$G$5:$R$109,62,),) -> 6691.5026 | W8: =+'[7]부산크라샤(당월)'!$I$66 -> 8322 | X8: =W8-V8 -> 1630.4974 | Z8: =+'[7]부산크라샤(당월)'!$L$66 -> 0 | AA8: =Z8-Y8 -> 0 | AB8: =+S8+V8+Y8 -> 15726.295 | AC8: =+T8+W8+Z8 -> 20288 | AD8: =AC8-AB8 -> 4561.7046 | AE8: =+IFERROR(HLOOKUP($A$1,[12]판매계획!$G$6:$R$92,7,),) -> 213.98601 | AF8: =+'[13]부산모래장(손익)'!$E$38 -> 500 | AG8: =AF8-AE8 -> 286.01399 | AH8: =+IFERROR(HLOOKUP($A$1,[12]판매계획!$G$6:$R$92,8,),) -> 14440.149 | AI8: =SUM('[13]부산모래장(손익)'!$C$38:$D$38) -> 9472 | AJ8: =AI8-AH8 -> -4968.1492 | AK8: =AE8+AH8 -> 14654.135 | AL8: =AF8+AI8 -> 9972 | AM8: =AL8-AK8 -> -4682.1352 | AN8: =+P8+AB8+AK8 -> 46818.291 | AO8: =+Q8+AC8+AL8 -> 30260 | AP8: =AO8-AN8 -> -16558.291
F9: % | G9: =+G8/G$12 -> 0.55105782 | H9: =+H8/H$12 -> 0 | I9: =+H9-G9 -> -0.55105782 | J9: =+J8/J$12 -> 0.48598175 | K9: =+K8/K$12 -> #DIV/0! | L9: =+K9-J9 -> #DIV/0! | M9: =+M8/M$12 -> 0 | N9: =+N8/N$12 -> #DIV/0! | O9: =+N9-M9 -> #DIV/0! | P9: =+P8/P$12 -> 0.45112035 | Q9: =+Q8/Q$12 -> 0 | R9: =+Q9-P9 -> -0.45112035 | S9: =+S8/S$12 -> 0.53037292 | T9: =+T8/T$12 -> 0.93382238 | U9: =+T9-S9 -> 0.40344946 | V9: =+V8/V$12 -> 0.48873398 | W9: =+W8/W$12 -> 0.60051956 | X9: =+W9-V9 -> 0.11178557 | Y9: =+Y8/Y$12 -> 0 | Z9: =+Z8/Z$12 -> #DIV/0! | AA9: =+Z9-Y9 -> #DIV/0! | AB9: =+AB8/AB$12 -> 0.45286418 | AC9: =+AC8/AC$12 -> 0.76064787 | AD9: =+AC9-AB9 -> 0.30778369 | AE9: =+AE8/AE$12 -> 1 | AF9: =+AF8/AF$12 -> 1 | AG9: =+AF9-AE9 -> 0 | AH9: =+AH8/AH$12 -> 0.74280033 | AI9: =+AI8/AI$12 -> 0.47171315 | AJ9: =+AI9-AH9 -> -0.27108718 | AK9: =+AK8/AK$12 -> 0.74560061 | AL9: =+AL8/AL$12 -> 0.4845481 | AM9: =+AL9-AK9 -> -0.26105251 | AN9: =+AN8/AN$12 -> 0.5155161 | AO9: =+AO8/AO$12 -> 0.62712426 | AP9: =+AO9-AN9 -> 0.11160817
F10: 외부판매 | G10: =+IFERROR(HLOOKUP($A$1,[10]물량!$G$5:$R$83,60,),) -> 8000 | H10: =+'[7]서부산크라샤(당월)'!$F$59 -> 1000 | I10: =H10-G10 -> -7000 | J10: =+IFERROR(HLOOKUP($A$1,[10]물량!$G$5:$R$83,63,),) -> 7000 | K10: =+'[7]서부산크라샤(당월)'!$I$59 -> 0 | L10: =K10-J10 -> -7000 | M10: =+IFERROR(HLOOKUP($A$1,[10]물량!$G$5:$R$83,69,),) -> 5000 | N10: =+'[7]서부산크라샤(당월)'!$L$59 -> 0 | O10: =N10-M10 -> -5000 | P10: =+G10+J10+M10 -> 20000 | Q10: =+H10+K10+N10 -> 1000 | R10: =Q10-P10 -> -19000 | S10: =+IFERROR(HLOOKUP($A$1,[11]물량!$G$5:$R$109,60,),) -> 8000 | T10: =+'[7]부산크라샤(당월)'!$F$59 -> 848 | U10: =T10-S10 -> -7152 | V10: =+IFERROR(HLOOKUP($A$1,[11]물량!$G$5:$R$109,63,),) -> 7000 | W10: =+'[7]부산크라샤(당월)'!$I$59 -> 5536 | X10: =W10-V10 -> -1464 | Y10: =+IFERROR(HLOOKUP($A$1,[11]물량!$G$5:$R$109,66,),) -> 4000 | Z10: =+'[7]부산크라샤(당월)'!$L$59 -> 0 | AA10: =Z10-Y10 -> -4000 | AB10: =+S10+V10+Y10 -> 19000 | AC10: =+T10+W10+Z10 -> 6384 | AD10: =AC10-AB10 -> -12616 | AE10: =+IFERROR(HLOOKUP($A$1,[12]판매계획!$G$6:$R$92,2,),) -> 0 | AF10: =+'[13]부산모래장(손익)'!$E$37 -> 0 | AG10: =AF10-AE10 -> 0 | AH10: =+IFERROR(HLOOKUP($A$1,[12]판매계획!$G$6:$R$92,3,),) -> 5000 | AI10: =SUM('[13]부산모래장(손익)'!$C$37:$D$37) -> 10608 | AJ10: =AI10-AH10 -> 5608 | AK10: =AE10+AH10 -> 5000 | AL10: =AF10+AI10 -> 10608 | AM10: =AL10-AK10 -> 5608 | AN10: =+P10+AB10+AK10 -> 44000 | AO10: =+Q10+AC10+AL10 -> 17992 | AP10: =AO10-AN10 -> -26008
F11: % | G11: =+G10/G$12 -> 0.44894218 | H11: =+H10/H$12 -> 1 | I11: =+H11-G11 -> 0.55105782 | J11: =+J10/J$12 -> 0.51401825 | K11: =+K10/K$12 -> #DIV/0! | L11: =+K11-J11 -> #DIV/0! | M11: =+M10/M$12 -> 1 | N11: =+N10/N$12 -> #DIV/0! | O11: =+N11-M11 -> #DIV/0! | P11: =+P10/P$12 -> 0.54887965 | Q11: =+Q10/Q$12 -> 1 | R11: =+Q11-P11 -> 0.45112035 | S11: =+S10/S$12 -> 0.46962708 | T11: =+T10/T$12 -> 0.066177618 | U11: =+T11-S11 -> -0.40344946 | V11: =+V10/V$12 -> 0.51126602 | W11: =+W10/W$12 -> 0.39948044 | X11: =+W11-V11 -> -0.11178557 | Y11: =+Y10/Y$12 -> 1 | Z11: =+Z10/Z$12 -> #DIV/0! | AA11: =+Z11-Y11 -> #DIV/0! | AB11: =+AB10/AB$12 -> 0.54713582 | AC11: =+AC10/AC$12 -> 0.23935213 | AD11: =+AC11-AB11 -> -0.30778369 | AE11: =+AE10/AE$12 -> 0 | AF11: =+AF10/AF$12 -> 0 | AG11: =+AF11-AE11 -> 0 | AH11: =+AH10/AH$12 -> 0.25719967 | AI11: =+AI10/AI$12 -> 0.52828685 | AJ11: =+AI11-AH11 -> 0.27108718 | AK11: =+AK10/AK$12 -> 0.25439939 | AL11: =+AL10/AL$12 -> 0.5154519 | AM11: =+AL11-AK11 -> 0.26105251 | AN11: =+AN10/AN$12 -> 0.4844839 | AO11: =+AO10/AO$12 -> 0.37287574 | AP11: =+AO11-AN11 -> -0.11160817
F12: (소계) | G12: =G8+G10 -> 17819.667 | H12: =H8+H10 -> 1000 | I12: =H12-G12 -> -16819.667 | J12: =J8+J10 -> 13618.194 | K12: =K8+K10 -> 0 | L12: =K12-J12 -> -13618.194 | M12: =M8+M10 -> 5000 | N12: =N8+N10 -> 0 | O12: =N12-M12 -> -5000 | P12: =P8+P10 -> 36437.86 | Q12: =Q8+Q10 -> 1000 | R12: =Q12-P12 -> -35437.86 | S12: =S8+S10 -> 17034.793 | T12: =T8+T10 -> 12814 | U12: =T12-S12 -> -4220.7928 | V12: =V8+V10 -> 13691.503 | W12: =W8+W10 -> 13858 | X12: =W12-V12 -> 166.49743 | Y12: =Y8+Y10 -> 4000 | Z12: =Z8+Z10 -> 0 | AA12: =Z12-Y12 -> -4000 | AB12: =AB8+AB10 -> 34726.295 | AC12: =AC8+AC10 -> 26672 | AD12: =AC12-AB12 -> -8054.2954 | AE12: =AE8+AE10 -> 213.98601 | AF12: =AF8+AF10 -> 500 | AG12: =AF12-AE12 -> 286.01399 | AH12: =AH8+AH10 -> 19440.149 | AI12: =AI8+AI10 -> 20080 | AJ12: =AI12-AH12 -> 639.85079 | AK12: =AK8+AK10 -> 19654.135 | AL12: =AL8+AL10 -> 20580 | AM12: =AL12-AK12 -> 925.86478 | AN12: =AN8+AN10 -> 90818.291 | AO12: =AO8+AO10 -> 48252 | AP12: =AO12-AN12 -> -42566.291 | AR12: =+'사업장별(당월)'!J32*1000 -> 90818.291 | AS12: =+'사업장별(당월)'!K32*1000 -> 48252
E13: 매출액 | F13: 자가이송 | G13: =+IFERROR(HLOOKUP($A$1,[10]매출!$G$5:$R$149,115,),) -> 147395.87 | H13: =+'[7]서부산크라샤(당월)'!$F$72 -> 0 | I13: =H13-G13 -> -147395.87 | J13: =+IFERROR(HLOOKUP($A$1,[10]매출!$G$5:$R$149,118,),) -> 137883.1 | K13: =+'[7]서부산크라샤(당월)'!$I$72 -> 0 | L13: =K13-J13 -> -137883.1 | M13: =+IFERROR(HLOOKUP($A$1,[10]매출!$G$5:$R$149,124,),) -> 0 | N13: =+'[7]서부산크라샤(당월)'!$L$72 -> 0 | O13: =N13-M13 -> 0 | P13: =+G13+J13+M13 -> 285278.96 | Q13: =+H13+K13+N13 -> 0 | R13: =Q13-P13 -> -285278.96 | S13: =+IFERROR(HLOOKUP($A$1,[11]매출!$G$5:$R$144,115,),) -> 158108.87 | T13: =+'[7]부산크라샤(당월)'!$F$72 -> 181421 | U13: =T13-S13 -> 23312.126 | V13: =+IFERROR(HLOOKUP($A$1,[11]매출!$G$5:$R$144,118,),) -> 156549.99 | W13: =+'[7]부산크라샤(당월)'!$I$72 -> 176031 | X13: =W13-V13 -> 19481.008 | Z13: =+'[7]부산크라샤(당월)'!$L$72 -> 0 | AA13: =Z13-Y13 -> 0 | AB13: =+S13+V13+Y13 -> 314658.87 | AC13: =+T13+W13+Z13 -> 357452 | AD13: =AC13-AB13 -> 42793.134 | AE13: =+IFERROR(HLOOKUP($A$1,[12]판매계획!$G$6:$R$92,43,),) -> 8131.4685 | AF13: =+'[13]부산모래장(손익)'!$E$41/1000 -> 19000 | AG13: =AF13-AE13 -> 10868.531 | AH13: =+IFERROR(HLOOKUP($A$1,[12]판매계획!$G$6:$R$92,44,),) -> 386625.14 | AI13: =SUM('[13]부산모래장(손익)'!$C$41:$D$41)/1000 -> 271280 | AJ13: =AI13-AH13 -> -115345.14 | AK13: =AE13+AH13 -> 394756.61 | AL13: =AF13+AI13 -> 290280 | AM13: =AL13-AK13 -> -104476.61 | AN13: =+P13+AB13+AK13 -> 994694.44 | AO13: =+Q13+AC13+AL13 -> 647732 | AP13: =AO13-AN13 -> -346962.44 | AR13: =+AR12=AN12 -> TRUE | AS13: =+AS12=AO12 -> TRUE
F14: 단가 | G14: =+G13/G8*1000 -> 15010.272 | H14: =+H13/H8*1000 -> #DIV/0! | I14: =H14-G14 -> #DIV/0! | J14: =+J13/J8*1000 -> 20833.947 | K14: =+K13/K8*1000 -> #DIV/0! | L14: =K14-J14 -> #DIV/0! | M14: =+M13/M8*1000 -> #DIV/0! | N14: =+N13/N8*1000 -> #DIV/0! | O14: =N14-M14 -> #DIV/0! | P14: =+P13/P8*1000 -> 17354.994 | Q14: =+Q13/Q8*1000 -> #DIV/0! | R14: =Q14-P14 -> #DIV/0! | S14: =+S13/S8*1000 -> 17500 | T14: =+T13/T8*1000 -> 15161.374 | U14: =T14-S14 -> -2338.6261 | V14: =+V13/V8*1000 -> 23395.342 | W14: =+W13/W8*1000 -> 21152.487 | X14: =W14-V14 -> -2242.8547 | Y14: =+Y13/Y8*1000 -> #DIV/0! | Z14: =+Z13/Z8*1000 -> #DIV/0! | AA14: =Z14-Y14 -> #DIV/0! | AB14: =+AB13/AB8*1000 -> 20008.455 | AC14: =+AC13/AC8*1000 -> 17618.888 | AD14: =AC14-AB14 -> -2389.5665 | AE14: =+AE13/AE8*1000 -> 38000 | AF14: =+AF13/AF8*1000 -> 38000 | AG14: =AF14-AE14 -> 0 | AH14: =+AH13/AH8*1000 -> 26774.318 | AI14: =+AI13/AI8*1000 -> 28640.203 | AJ14: =AI14-AH14 -> 1865.8849 | AK14: =+AK13/AK8*1000 -> 26938.24 | AL14: =+AL13/AL8*1000 -> 29109.507 | AM14: =AL14-AK14 -> 2171.2666 | AN14: =+AN13/AN8*1000 -> 21245.851 | AO14: =+AO13/AO8*1000 -> 21405.552 | AP14: =AO14-AN14 -> 159.70065
F15: 외부판매 | G15: =+IFERROR(HLOOKUP($A$1,[10]매출!$G$5:$R$149,116,),) -> 92000 | H15: =+'[7]서부산크라샤(당월)'!$F$71 -> 11500 | I15: =H15-G15 -> -80500 | J15: =+IFERROR(HLOOKUP($A$1,[10]매출!$G$5:$R$149,119,),) -> 105000 | K15: =+'[7]서부산크라샤(당월)'!$I$71 -> 0 | L15: =K15-J15 -> -105000 | M15: =+IFERROR(HLOOKUP($A$1,[10]매출!$G$5:$R$149,125,),) -> 45000 | N15: =+'[7]서부산크라샤(당월)'!$L$71 -> 0 | O15: =N15-M15 -> -45000 | P15: =+G15+J15+M15 -> 242000 | Q15: =+H15+K15+N15 -> 11500 | R15: =Q15-P15 -> -230500 | S15: =+IFERROR(HLOOKUP($A$1,[11]매출!$G$5:$R$144,116,),) -> 104000 | T15: =+'[7]부산크라샤(당월)'!$F$71 -> 11024 | U15: =T15-S15 -> -92976 | V15: =+IFERROR(HLOOKUP($A$1,[11]매출!$G$5:$R$144,119,),) -> 126000 | W15: =+'[7]부산크라샤(당월)'!$I$71 -> 99904 | X15: =W15-V15 -> -26096 | Y15: =+IFERROR(HLOOKUP($A$1,[11]매출!$G$5:$R$144,122,),) -> 36000 | Z15: =+'[7]부산크라샤(당월)'!$L$71 -> 0 | AA15: =Z15-Y15 -> -36000 | AB15: =+S15+V15+Y15 -> 266000 | AC15: =+T15+W15+Z15 -> 110928 | AD15: =AC15-AB15 -> -155072 | AE15: =+IFERROR(HLOOKUP($A$1,[12]판매계획!$G$6:$R$92,38,),) -> 0 | AF15: =+'[13]부산모래장(손익)'!$E$40/1000 -> 0 | AG15: =AF15-AE15 -> 0 | AH15: =+IFERROR(HLOOKUP($A$1,[12]판매계획!$G$6:$R$92,39,),) -> 137500 | AI15: =SUM('[13]부산모래장(손익)'!$C$40:$D$40)/1000 -> 281588 | AJ15: =AI15-AH15 -> 144088 | AK15: =AE15+AH15 -> 137500 | AL15: =AF15+AI15 -> 281588 | AM15: =AL15-AK15 -> 144088 | AN15: =+P15+AB15+AK15 -> 645500 | AO15: =+Q15+AC15+AL15 -> 404016 | AP15: =AO15-AN15 -> -241484
F16: 단가 | G16: =IFERROR(G15/G10,)*1000 -> 11500 | H16: =IFERROR(H15/H10,)*1000 -> 11500 | I16: =H16-G16 -> 0 | J16: =IFERROR(J15/J10,)*1000 -> 15000 | K16: =IFERROR(K15/K10,)*1000 -> 0 | L16: =K16-J16 -> -15000 | M16: =IFERROR(M15/M10,)*1000 -> 9000 | N16: =IFERROR(N15/N10,)*1000 -> 0 | O16: =N16-M16 -> -9000 | P16: =IFERROR(P15/P10,)*1000 -> 12100 | Q16: =IFERROR(Q15/Q10,)*1000 -> 11500 | R16: =Q16-P16 -> -600 | S16: =IFERROR(S15/S10,)*1000 -> 13000 | T16: =IFERROR(T15/T10,)*1000 -> 13000 | U16: =T16-S16 -> 0 | V16: =IFERROR(V15/V10,)*1000 -> 18000 | W16: =IFERROR(W15/W10,)*1000 -> 18046.243 | X16: =W16-V16 -> 46.242775 | Y16: =IFERROR(Y15/Y10,)*1000 -> 9000 | Z16: =IFERROR(Z15/Z10,)*1000 -> 0 | AA16: =Z16-Y16 -> -9000 | AB16: =IFERROR(AB15/AB10,)*1000 -> 14000 | AC16: =IFERROR(AC15/AC10,)*1000 -> 17375.94 | AD16: =AC16-AB16 -> 3375.9398 | AE16: =IFERROR(AE15/AE10,)*1000 -> 0 | AF16: =IFERROR(AF15/AF10,)*1000 -> 0 | AG16: =AF16-AE16 -> 0 | AH16: =IFERROR(AH15/AH10,)*1000 -> 27500 | AI16: =IFERROR(AI15/AI10,)*1000 -> 26544.872 | AJ16: =AI16-AH16 -> -955.12821 | AK16: =IFERROR(AK15/AK10,)*1000 -> 27500 | AL16: =IFERROR(AL15/AL10,)*1000 -> 26544.872 | AM16: =AL16-AK16 -> -955.12821 | AN16: =IFERROR(AN15/AN10,)*1000 -> 14670.455 | AO16: =IFERROR(AO15/AO10,)*1000 -> 22455.313 | AP16: =AO16-AN16 -> 7784.8589
F17: (소계) | G17: =G13+G15 -> 239395.87 | H17: =H13+H15 -> 11500 | I17: =H17-G17 -> -227895.87 | J17: =J13+J15 -> 242883.1 | K17: =K13+K15 -> 0 | L17: =K17-J17 -> -242883.1 | M17: =M13+M15 -> 45000 | N17: =N13+N15 -> 0 | O17: =N17-M17 -> -45000 | P17: =P13+P15 -> 527278.96 | Q17: =Q13+Q15 -> 11500 | R17: =Q17-P17 -> -515778.96 | S17: =S13+S15 -> 262108.87 | T17: =T13+T15 -> 192445 | U17: =T17-S17 -> -69663.874 | V17: =V13+V15 -> 282549.99 | W17: =W13+W15 -> 275935 | X17: =W17-V17 -> -6614.9916 | Y17: =Y13+Y15 -> 36000 | Z17: =Z13+Z15 -> 0 | AA17: =Z17-Y17 -> -36000 | AB17: =AB13+AB15 -> 580658.87 | AC17: =AC13+AC15 -> 468380 | AD17: =AC17-AB17 -> -112278.87 | AE17: =AE13+AE15 -> 8131.4685 | AF17: =AF13+AF15 -> 19000 | AG17: =AF17-AE17 -> 10868.531 | AH17: =AH13+AH15 -> 524125.14 | AI17: =AI13+AI15 -> 552868 | AJ17: =AI17-AH17 -> 28742.856 | AK17: =AK13+AK15 -> 532256.61 | AL17: =AL13+AL15 -> 571868 | AM17: =AL17-AK17 -> 39611.388 | AN17: =AN13+AN15 -> 1640194.4 | AO17: =AO13+AO15 -> 1051748 | AP17: =AO17-AN17 -> -588446.44 | AR17: =+'사업장별(당월)'!O32*1000 -> 1640194.4 | AS17: =+'사업장별(당월)'!P32*1000 -> 1051748
E18: 영업이익 | F18: 자가이송 | G18: =+IFERROR(HLOOKUP($A$1,[10]손익!$G$5:$R$132,115,),) -> 19246.897 | H18: =+'[7]서부산크라샤(당월)'!$F$87 -> 0 | I18: =H18-G18 -> -19246.897 | J18: =+IFERROR(HLOOKUP($A$1,[10]손익!$G$5:$R$132,117,),) -> 18004.723 | K18: =+'[7]서부산크라샤(당월)'!$I$87 -> 0 | L18: =K18-J18 -> -18004.723 | M18: =+IFERROR(HLOOKUP($A$1,[10]손익!$G$5:$R$132,119,),) -> 0 | N18: =+'[7]서부산크라샤(당월)'!$L$87 -> 0 | O18: =N18-M18 -> 0 | P18: =+G18+J18+M18 -> 37251.62 | Q18: =+H18+K18+N18 -> 0 | R18: =Q18-P18 -> -37251.62 | S18: =+IFERROR(HLOOKUP($A$1,[11]손익!$G$5:$R$147,115,),) -> 630.36429 | T18: =+'[7]부산크라샤(당월)'!$F$87 -> -99230.286 | U18: =T18-S18 -> -99860.651 | V18: =+IFERROR(HLOOKUP($A$1,[11]손익!$G$5:$R$147,117,),) -> 624.14918 | W18: =+'[7]부산크라샤(당월)'!$I$87 -> -20126.238 | X18: =W18-V18 -> -20750.387 | Y18: =+IFERROR(HLOOKUP($A$1,[11]손익!$G$5:$R$147,119,),) -> 0 | Z18: =+'[7]부산크라샤(당월)'!$L$87 -> 0 | AA18: =Z18-Y18 -> 0 | AB18: =+S18+V18+Y18 -> 1254.5135 | AC18: =+T18+W18+Z18 -> -119356.52 | AD18: =AC18-AB18 -> -120611.04 | AE18: =+IFERROR(HLOOKUP($A$1,[12]판매계획!$G$42:$S$72,25,),) -> 308.07678 | AF18: =+'[13]부산모래장(손익)'!$E$55/1000 -> 3887.296 | AG18: =AF18-AE18 -> 3579.2192 | AH18: =+IFERROR(HLOOKUP($A$1,[12]판매계획!$G$42:$S$72,26,),) -> 14648.059 | AI18: =+'[13]부산모래장(손익)'!$C$55/1000 -> 6739.253 | AJ18: =AI18-AH18 -> -7908.806 | AK18: =AE18+AH18 -> 14956.136 | AL18: =AF18+AI18 -> 10626.549 | AM18: =AL18-AK18 -> -4329.5868 | AN18: =+P18+AB18+AK18 -> 53462.269 | AO18: =+Q18+AC18+AL18 -> -108729.98 | AP18: =AO18-AN18 -> -162192.24 | AR18: =+AR17=AN17 -> TRUE | AS18: =+AS17=AO17 -> TRUE
F19: 외부판매 | G19: =+IFERROR(HLOOKUP($A$1,[10]손익!$G$5:$R$132,116,),) -> 12013.325 | H19: =+'[7]서부산크라샤(당월)'!$F$86 -> -119399.61 | I19: =H19-G19 -> -131412.93 | J19: =+IFERROR(HLOOKUP($A$1,[10]손익!$G$5:$R$132,118,),) -> 13710.86 | K19: =+'[7]서부산크라샤(당월)'!$I$86 -> 0 | L19: =K19-J19 -> -13710.86 | M19: =+IFERROR(HLOOKUP($A$1,[10]손익!$G$5:$R$132,120,),) -> 5876.083 | N19: =+'[7]서부산크라샤(당월)'!$L$86 -> 0 | O19: =N19-M19 -> -5876.083 | P19: =+G19+J19+M19 -> 31600.269 | Q19: =+H19+K19+N19 -> -119399.61 | R19: =Q19-P19 -> -150999.87 | S19: =+IFERROR(HLOOKUP($A$1,[11]손익!$G$5:$R$147,116,),) -> 414.63761 | T19: =+'[7]부산크라샤(당월)'!$F$86 -> -8778.6542 | U19: =T19-S19 -> -9193.2918 | V19: =+IFERROR(HLOOKUP($A$1,[11]손익!$G$5:$R$147,118,),) -> 502.34942 | W19: =+'[7]부산크라샤(당월)'!$I$86 -> -29774.127 | X19: =W19-V19 -> -30276.476 | Y19: =+IFERROR(HLOOKUP($A$1,[11]손익!$G$5:$R$147,120,),) -> 143.52841 | Z19: =+'[7]부산크라샤(당월)'!$L$86 -> 0 | AA19: =Z19-Y19 -> -143.52841 | AB19: =+S19+V19+Y19 -> 1060.5154 | AC19: =+T19+W19+Z19 -> -38552.781 | AD19: =AC19-AB19 -> -39613.296 | AE19: =+IFERROR(HLOOKUP($A$1,[12]판매계획!$G$42:$S$72,23,),) -> 0 | AF19: =+'[13]부산모래장(손익)'!$E$54/1000 -> 0 | AG19: =AF19-AE19 -> 0 | AH19: =+IFERROR(HLOOKUP($A$1,[12]판매계획!$G$42:$S$72,24,),) -> -9145.5385 | AI19: =+'[13]부산모래장(손익)'!$D$54/1000 -> -13405.095 | AJ19: =AI19-AH19 -> -4259.5565 | AK19: =AE19+AH19 -> -9145.5385 | AL19: =AF19+AI19 -> -13405.095 | AM19: =AL19-AK19 -> -4259.5565 | AN19: =+P19+AB19+AK19 -> 23515.246 | AO19: =+Q19+AC19+AL19 -> -171357.48 | AP19: =AO19-AN19 -> -194872.73
F20: (소계) | G20: =G18+G19 -> 31260.222 | H20: =H18+H19 -> -119399.61 | I20: =H20-G20 -> -150659.83 | J20: =J18+J19 -> 31715.583 | K20: =K18+K19 -> 0 | L20: =K20-J20 -> -31715.583 | M20: =M18+M19 -> 5876.083 | N20: =N18+N19 -> 0 | O20: =N20-M20 -> -5876.083 | P20: =P18+P19 -> 68851.888 | Q20: =Q18+Q19 -> -119399.61 | R20: =Q20-P20 -> -188251.49 | S20: =S18+S19 -> 1045.0019 | T20: =T18+T19 -> -108008.94 | U20: =T20-S20 -> -109053.94 | V20: =V18+V19 -> 1126.4986 | W20: =W18+W19 -> -49900.365 | X20: =W20-V20 -> -51026.864 | Y20: =Y18+Y19 -> 143.52841 | Z20: =Z18+Z19 -> 0 | AA20: =Z20-Y20 -> -143.52841 | AB20: =AB18+AB19 -> 2315.0289 | AC20: =AC18+AC19 -> -157909.31 | AD20: =AC20-AB20 -> -160224.33 | AE20: =AE18+AE19 -> 308.07678 | AF20: =AF18+AF19 -> 3887.296 | AG20: =AF20-AE20 -> 3579.2192 | AH20: =AH18+AH19 -> 5502.5205 | AI20: =AI18+AI19 -> -6665.842 | AJ20: =AI20-AH20 -> -12168.362 | AK20: =AK18+AK19 -> 5810.5973 | AL20: =AL18+AL19 -> -2778.546 | AM20: =AL20-AK20 -> -8589.1433 | AN20: =AN18+AN19 -> 76977.514 | AO20: =AO18+AO19 -> -280087.46 | AP20: =AO20-AN20 -> -357064.97 | AR20: =+'사업장별(당월)'!T32*1000 -> 76977.514 | AS20: ='사업장별(당월)'!U32*1000 -> -280087.46
E21: 자가이송 | F21: 부산 | G21: =+IFERROR(HLOOKUP($A$1,[10]물량!$G$5:$R$83,2,),) -> 0 | H21: =+'[7]서부산크라샤(당월)'!$F$60 -> 0 | I21: =H21-G21 -> 0 | J21: =+IFERROR(HLOOKUP($A$1,[10]물량!$G$5:$R$83,10,),) -> 0 | K21: =+'[7]서부산크라샤(당월)'!$I$60 -> 0 | L21: =K21-J21 -> 0 | N21: =+'[7]서부산크라샤(당월)'!$L$60 -> 0 | O21: =N21-M21 -> 0 | P21: =+G21+J21+M21 -> 0 | Q21: =+H21+K21+N21 -> 0 | R21: =Q21-P21 -> 0 | S21: =+IFERROR(HLOOKUP($A$1,[11]물량!$G$5:$R$97,2,),) -> 9034.7928 | T21: =+'[7]부산크라샤(당월)'!$F$60 -> 6878 | U21: =T21-S21 -> -2156.7928 | V21: =+IFERROR(HLOOKUP($A$1,[11]물량!$G$5:$R$97,10,),) -> 6564.1719 | W21: =+'[7]부산크라샤(당월)'!$I$60 -> 4770 | X21: =W21-V21 -> -1794.1719 | Z21: =+'[7]부산크라샤(당월)'!$L$60 -> 0 | AA21: =Z21-Y21 -> 0 | AB21: =+S21+V21+Y21 -> 15598.965 | AC21: =+T21+W21+Z21 -> 11648 | AD21: =AC21-AB21 -> -3950.9647 | AE21: =+IFERROR(HLOOKUP($A$1,[12]이송계획!$G$6:$R$318,2,),) -> 213.98601 | AF21: =+'[13]부산모래장(손익)'!$O$38 -> 500 | AG21: =AF21-AE21 -> 286.01399 | AH21: =+IFERROR(HLOOKUP($A$1,[12]이송계획!$G$6:$R$318,9,),) -> 3530.7692 | AI21: =+'[13]부산모래장(손익)'!$N$38 -> 2400 | AJ21: =AI21-AH21 -> -1130.7692 | AK21: =AE21+AH21 -> 3744.7552 | AL21: =AF21+AI21 -> 2900 | AM21: =AL21-AK21 -> -844.75524 | AN21: =+P21+AB21+AK21 -> 19343.72 | AO21: =+Q21+AC21+AL21 -> 14548 | AP21: =AO21-AN21 -> -4795.7199 | AR21: =+AR20=AN20 -> FALSE | AS21: =+AS20=AO20 -> FALSE
E22: 물량 | F22: 서부산 | G22: =+IFERROR(HLOOKUP($A$1,[10]물량!$G$5:$R$83,3,),) -> 8199.8667 | H22: =+'[7]서부산크라샤(당월)'!$F$61 -> 0 | I22: =H22-G22 -> -8199.8667 | J22: =+IFERROR(HLOOKUP($A$1,[10]물량!$G$5:$R$83,11,),) -> 5332 | K22: =+'[7]서부산크라샤(당월)'!$I$61 -> 0 | L22: =K22-J22 -> -5332 | N22: =+'[7]서부산크라샤(당월)'!$L$61 -> 0 | O22: =N22-M22 -> 0 | P22: =+G22+J22+M22 -> 13531.867 | Q22: =+H22+K22+N22 -> 0 | R22: =Q22-P22 -> -13531.867 | S22: =+IFERROR(HLOOKUP($A$1,[11]물량!$G$5:$R$97,3,),) -> 0 | T22: =+'[7]부산크라샤(당월)'!$F$61 -> 5088 | U22: =T22-S22 -> 5088 | V22: =+IFERROR(HLOOKUP($A$1,[11]물량!$G$5:$R$97,11,),) -> 0 | W22: =+'[7]부산크라샤(당월)'!$I$61 -> 2480 | X22: =W22-V22 -> 2480 | Z22: =+'[7]부산크라샤(당월)'!$L$61 -> 0 | AA22: =Z22-Y22 -> 0 | AB22: =+S22+V22+Y22 -> 0 | AC22: =+T22+W22+Z22 -> 7568 | AD22: =AC22-AB22 -> 7568 | AE22: =+IFERROR(HLOOKUP($A$1,[12]이송계획!$G$6:$R$318,3,),) -> 0 | AF22: =+'[13]부산모래장(손익)'!$O$39 -> 0 | AG22: =AF22-AE22 -> 0 | AH22: =+IFERROR(HLOOKUP($A$1,[12]이송계획!$G$6:$R$318,10,),) -> 4067.8322 | AI22: =+'[13]부산모래장(손익)'!$N$39 -> 2704 | AJ22: =AI22-AH22 -> -1363.8322 | AK22: =AE22+AH22 -> 4067.8322 | AL22: =AF22+AI22 -> 2704 | AM22: =AL22-AK22 -> -1363.8322 | AN22: =+P22+AB22+AK22 -> 17599.699 | AO22: =+Q22+AC22+AL22 -> 10272 | AP22: =AO22-AN22 -> -7327.6988 | AR22: =+AN20-AR20 -> 0 | AS22: =+AO20-AS20 -> -0.00071712787
F23: 김해 | G23: =+IFERROR(HLOOKUP($A$1,[10]물량!$G$5:$R$83,4,),) -> 1232 | H23: =+'[7]서부산크라샤(당월)'!$F$62 -> 0 | I23: =H23-G23 -> -1232 | J23: =+IFERROR(HLOOKUP($A$1,[10]물량!$G$5:$R$83,12,),) -> 1064 | K23: =+'[7]서부산크라샤(당월)'!$I$62 -> 0 | L23: =K23-J23 -> -1064 | N23: =+'[7]서부산크라샤(당월)'!$L$62 -> 0 | O23: =N23-M23 -> 0 | P23: =+G23+J23+M23 -> 2296 | Q23: =+H23+K23+N23 -> 0 | R23: =Q23-P23 -> -2296 | S23: =+IFERROR(HLOOKUP($A$1,[11]물량!$G$5:$R$97,4,),) -> 0 | T23: =+'[7]부산크라샤(당월)'!$F$62 -> 0 | U23: =T23-S23 -> 0 | V23: =+IFERROR(HLOOKUP($A$1,[11]물량!$G$5:$R$97,12,),) -> 0 | W23: =+'[7]부산크라샤(당월)'!$I$62 -> 0 | X23: =W23-V23 -> 0 | Z23: =+'[7]부산크라샤(당월)'!$L$62 -> 0 | AA23: =Z23-Y23 -> 0 | AB23: =+S23+V23+Y23 -> 0 | AC23: =+T23+W23+Z23 -> 0 | AD23: =AC23-AB23 -> 0 | AE23: =+IFERROR(HLOOKUP($A$1,[12]이송계획!$G$6:$R$318,4,),) -> 0 | AF23: =+'[13]부산모래장(손익)'!$O$40 -> 0 | AG23: =AF23-AE23 -> 0 | AH23: =+IFERROR(HLOOKUP($A$1,[12]이송계획!$G$6:$R$318,11,),) -> 1913.2867 | AI23: =+'[13]부산모래장(손익)'!$N$40 -> 1488 | AJ23: =AI23-AH23 -> -425.28671 | AK23: =AE23+AH23 -> 1913.2867 | AL23: =AF23+AI23 -> 1488 | AM23: =AL23-AK23 -> -425.28671 | AN23: =+P23+AB23+AK23 -> 4209.2867 | AO23: =+Q23+AC23+AL23 -> 1488 | AP23: =AO23-AN23 -> -2721.2867
F24: 정관 | G24: =+IFERROR(HLOOKUP($A$1,[10]물량!$G$5:$R$83,5,),) -> 0 | H24: =+'[7]서부산크라샤(당월)'!$F$63 -> 0 | I24: =H24-G24 -> 0 | J24: =+IFERROR(HLOOKUP($A$1,[10]물량!$G$5:$R$83,13,),) -> 0 | K24: =+'[7]서부산크라샤(당월)'!$I$63 -> 0 | L24: =K24-J24 -> 0 | N24: =+'[7]서부산크라샤(당월)'!$L$63 -> 0 | O24: =N24-M24 -> 0 | P24: =+G24+J24+M24 -> 0 | Q24: =+H24+K24+N24 -> 0 | R24: =Q24-P24 -> 0 | S24: =+IFERROR(HLOOKUP($A$1,[11]물량!$G$5:$R$97,5,),) -> 0 | T24: =+'[7]부산크라샤(당월)'!$F$63 -> 0 | U24: =T24-S24 -> 0 | V24: =+IFERROR(HLOOKUP($A$1,[11]물량!$G$5:$R$97,13,),) -> 127.33067 | W24: =+'[7]부산크라샤(당월)'!$I$63 -> 1072 | X24: =W24-V24 -> 944.66933 | Z24: =+'[7]부산크라샤(당월)'!$L$63 -> 0 | AA24: =Z24-Y24 -> 0 | AB24: =+S24+V24+Y24 -> 127.33067 | AC24: =+T24+W24+Z24 -> 1072 | AD24: =AC24-AB24 -> 944.66933 | AE24: =+IFERROR(HLOOKUP($A$1,[12]이송계획!$G$6:$R$318,5,),) -> 0 | AF24: =+'[13]부산모래장(손익)'!$O$41 -> 0 | AG24: =AF24-AE24 -> 0 | AH24: =+IFERROR(HLOOKUP($A$1,[12]이송계획!$G$6:$R$318,12,),) -> 4356.2387 | AI24: =+'[13]부산모래장(손익)'!$N$41 -> 2880 | AJ24: =AI24-AH24 -> -1476.2387 | AK24: =AE24+AH24 -> 4356.2387 | AL24: =AF24+AI24 -> 2880 | AM24: =AL24-AK24 -> -1476.2387 | AN24: =+P24+AB24+AK24 -> 4483.5694 | AO24: =+Q24+AC24+AL24 -> 3952 | AP24: =AO24-AN24 -> -531.56939
F25: 양산 | G25: =+IFERROR(HLOOKUP($A$1,[10]물량!$G$5:$R$83,6,),) -> 0 | H25: =+'[7]서부산크라샤(당월)'!$F$64 -> 0 | I25: =H25-G25 -> 0 | J25: =+IFERROR(HLOOKUP($A$1,[10]물량!$G$5:$R$83,14,),) -> 0 | K25: =+'[7]서부산크라샤(당월)'!$I$64 -> 0 | L25: =K25-J25 -> 0 | N25: =+'[7]서부산크라샤(당월)'!$L$64 -> 0 | O25: =N25-M25 -> 0 | P25: =+G25+J25+M25 -> 0 | Q25: =+H25+K25+N25 -> 0 | R25: =Q25-P25 -> 0 | S25: =+IFERROR(HLOOKUP($A$1,[11]물량!$G$5:$R$97,6,),) -> 0 | T25: =+'[7]부산크라샤(당월)'!$F$64 -> 0 | U25: =T25-S25 -> 0 | V25: =+IFERROR(HLOOKUP($A$1,[11]물량!$G$5:$R$97,14,),) -> 0 | W25: =+'[7]부산크라샤(당월)'!$I$64 -> 0 | X25: =W25-V25 -> 0 | Z25: =+'[7]부산크라샤(당월)'!$L$64 -> 0 | AA25: =Z25-Y25 -> 0 | AB25: =+S25+V25+Y25 -> 0 | AC25: =+T25+W25+Z25 -> 0 | AD25: =AC25-AB25 -> 0 | AE25: =+IFERROR(HLOOKUP($A$1,[12]이송계획!$G$6:$R$318,6,),) -> 0 | AF25: =+'[13]부산모래장(손익)'!$O$42 -> 0 | AG25: =AF25-AE25 -> 0 | AH25: =+IFERROR(HLOOKUP($A$1,[12]이송계획!$G$6:$R$318,13,),) -> 572.02238 | AI25: =+'[13]부산모래장(손익)'!$N$42 -> 0 | AJ25: =AI25-AH25 -> -572.02238 | AK25: =AE25+AH25 -> 572.02238 | AL25: =AF25+AI25 -> 0 | AM25: =AL25-AK25 -> -572.02238 | AN25: =+P25+AB25+AK25 -> 572.02238 | AO25: =+Q25+AC25+AL25 -> 0 | AP25: =AO25-AN25 -> -572.02238
F26: 창원 | G26: =+IFERROR(HLOOKUP($A$1,[10]물량!$G$5:$R$83,7,),) -> 387.8 | H26: =+'[7]서부산크라샤(당월)'!$F$65 -> 0 | I26: =H26-G26 -> -387.8 | J26: =+IFERROR(HLOOKUP($A$1,[10]물량!$G$5:$R$83,15,),) -> 222.19355 | K26: =+'[7]서부산크라샤(당월)'!$I$65 -> 0 | L26: =K26-J26 -> -222.19355 | N26: =+'[7]서부산크라샤(당월)'!$L$65 -> 0 | O26: =N26-M26 -> 0 | P26: =+G26+J26+M26 -> 609.99355 | Q26: =+H26+K26+N26 -> 0 | R26: =Q26-P26 -> -609.99355 | S26: =+IFERROR(HLOOKUP($A$1,[11]물량!$G$5:$R$97,7,),) -> 0 | T26: =+'[7]부산크라샤(당월)'!$F$65 -> 0 | U26: =T26-S26 -> 0 | V26: =+IFERROR(HLOOKUP($A$1,[11]물량!$G$5:$R$97,15,),) -> 0 | W26: =+'[7]부산크라샤(당월)'!$I$65 -> 0 | X26: =W26-V26 -> 0 | Z26: =+'[7]부산크라샤(당월)'!$L$65 -> 0 | AA26: =Z26-Y26 -> 0 | AB26: =+S26+V26+Y26 -> 0 | AC26: =+T26+W26+Z26 -> 0 | AD26: =AC26-AB26 -> 0 | AE26: =+IFERROR(HLOOKUP($A$1,[12]이송계획!$G$6:$R$318,7,),) -> 0 | AF26: =+'[13]부산모래장(손익)'!$O$43 -> 0 | AG26: =AF26-AE26 -> 0 | AH26: =+IFERROR(HLOOKUP($A$1,[12]이송계획!$G$6:$R$318,14,),) -> 0 | AI26: =+'[13]부산모래장(손익)'!$N$43 -> 0 | AJ26: =AI26-AH26 -> 0 | AK26: =AE26+AH26 -> 0 | AL26: =AF26+AI26 -> 0 | AM26: =AL26-AK26 -> 0 | AN26: =+P26+AB26+AK26 -> 609.99355 | AO26: =+Q26+AC26+AL26 -> 0 | AP26: =AO26-AN26 -> -609.99355
E27: 자가이송 | F27: 부산 | G27: =+IFERROR(HLOOKUP($A$1,[10]매출!$G$5:$R$170,2,),) -> 0 | H27: =IFERROR(H35/H21,)*1000 -> 0 | I27: =H27-G27 -> 0 | J27: =+IFERROR(HLOOKUP($A$1,[10]매출!$G$5:$R$170,10,),) -> 0 | K27: =IFERROR(K35/K21,)*1000 -> 0 | L27: =K27-J27 -> 0 | N27: =IFERROR(N35/N21,)*1000 -> 0 | O27: =N27-M27 -> 0 | P27: =+IFERROR(HLOOKUP($A$1,[10]매출!$G$5:$R$170,50,),) -> 0 | Q27: =IFERROR(Q35/Q21,)*1000 -> 0 | R27: =Q27-P27 -> 0 | S27: =+IFERROR(HLOOKUP($A$1,[11]매출!$G$5:$R$164,2,),) -> 17500 | T27: =IFERROR(T35/T21,)*1000 -> 17500 | U27: =T27-S27 -> 0 | V27: =+IFERROR(HLOOKUP($A$1,[11]매출!$G$5:$R$164,10,),) -> 23500 | W27: =IFERROR(W35/W21,)*1000 -> 23500 | X27: =W27-V27 -> 0 | Z27: =IFERROR(Z35/Z21,)*1000 -> 0 | AA27: =Z27-Y27 -> 0 | AB27: =+IFERROR(HLOOKUP($A$1,[11]매출!$G$5:$R$164,50,),) -> 20024.849 | AC27: =+T27+W27+Z27 -> 41000 | AD27: =AC27-AB27 -> 20975.151 | AE27: =+IFERROR(HLOOKUP($A$1,[12]이송계획!$G$6:$R$318,34,),) -> 38000 | AF27: =+'[13]부산모래장(손익)'!$O$46 -> 38000 | AG27: =AF27-AE27 -> 0 | AH27: =+IFERROR(HLOOKUP($A$1,[12]이송계획!$G$6:$R$318,41,),) -> 30500 | AI27: =+'[13]부산모래장(손익)'!$N$46 -> 32000 | AJ27: =AI27-AH27 -> 1500 | AK27: =IFERROR(AK35/AK21,)*1000 -> 2171.4286 | AL27: =IFERROR(AL35/AL21,)*1000 -> 33034.483 | AM27: =AL27-AK27 -> 30863.054 | AN27: =IFERROR(AN35/AN21,)*1000 -> 16568.601 | AO27: =IFERROR(AO35/AO21,)*1000 -> 22563.926 | AP27: =AO27-AN27 -> 5995.3251
E28: 단가 | F28: 서부산 | G28: =+IFERROR(HLOOKUP($A$1,[10]매출!$G$5:$R$170,3,),) -> 16000 | H28: =IFERROR(H36/H22,)*1000 -> 0 | I28: =H28-G28 -> -16000 | J28: =+IFERROR(HLOOKUP($A$1,[10]매출!$G$5:$R$170,11,),) -> 22000 | K28: =IFERROR(K36/K22,)*1000 -> 0 | L28: =K28-J28 -> -22000 | N28: =IFERROR(N36/N22,)*1000 -> 0 | O28: =N28-M28 -> 0 | P28: =+IFERROR(HLOOKUP($A$1,[10]매출!$G$5:$R$170,51,),) -> 18364.197 | Q28: =IFERROR(Q36/Q22,)*1000 -> 0 | R28: =Q28-P28 -> -18364.197 | S28: =+IFERROR(HLOOKUP($A$1,[11]매출!$G$5:$R$164,3,),) -> 0 | T28: =IFERROR(T36/T22,)*1000 -> 12000 | U28: =T28-S28 -> 12000 | V28: =+IFERROR(HLOOKUP($A$1,[11]매출!$G$5:$R$164,11,),) -> 0 | W28: =IFERROR(W36/W22,)*1000 -> 18000 | X28: =W28-V28 -> 18000 | Z28: =IFERROR(Z36/Z22,)*1000 -> 0 | AA28: =Z28-Y28 -> 0 | AB28: =+IFERROR(HLOOKUP($A$1,[11]매출!$G$5:$R$164,51,),) -> 0 | AC28: =+T28+W28+Z28 -> 30000 | AD28: =AC28-AB28 -> 30000 | AE28: =+IFERROR(HLOOKUP($A$1,[12]이송계획!$G$6:$R$318,35,),) -> 0 | AF28: =+'[13]부산모래장(손익)'!$O$47 -> 0 | AG28: =AF28-AE28 -> 0 | AH28: =+IFERROR(HLOOKUP($A$1,[12]이송계획!$G$6:$R$318,42,),) -> 26500 | AI28: =+'[13]부산모래장(손익)'!$N$47 -> 27500 | AJ28: =AI28-AH28 -> 1000 | AK28: =IFERROR(AK36/AK22,)*1000 -> 1998.9685 | AL28: =IFERROR(AL36/AL22,)*1000 -> 27500 | AM28: =AL28-AK28 -> 25501.031 | AN28: =IFERROR(AN36/AN22,)*1000 -> 14581.689 | AO28: =IFERROR(AO36/AO22,)*1000 -> 17528.816 | AP28: =AO28-AN28 -> 2947.1272
F29: 김해 | G29: =+IFERROR(HLOOKUP($A$1,[10]매출!$G$5:$R$170,4,),) -> 10000 | H29: =IFERROR(H37/H23,)*1000 -> 0 | I29: =H29-G29 -> -10000 | J29: =+IFERROR(HLOOKUP($A$1,[10]매출!$G$5:$R$170,12,),) -> 16000 | K29: =IFERROR(K37/K23,)*1000 -> 0 | L29: =K29-J29 -> -16000 | N29: =IFERROR(N37/N23,)*1000 -> 0 | O29: =N29-M29 -> 0 | P29: =+IFERROR(HLOOKUP($A$1,[10]매출!$G$5:$R$170,52,),) -> 12780.488 | Q29: =IFERROR(Q37/Q23,)*1000 -> 0 | R29: =Q29-P29 -> -12780.488 | S29: =+IFERROR(HLOOKUP($A$1,[11]매출!$G$5:$R$164,4,),) -> 0 | T29: =IFERROR(T37/T23,)*1000 -> 0 | U29: =T29-S29 -> 0 | V29: =+IFERROR(HLOOKUP($A$1,[11]매출!$G$5:$R$164,12,),) -> 0 | W29: =IFERROR(W37/W23,)*1000 -> 0 | X29: =W29-V29 -> 0 | Z29: =IFERROR(Z37/Z23,)*1000 -> 0 | AA29: =Z29-Y29 -> 0 | AB29: =+IFERROR(HLOOKUP($A$1,[11]매출!$G$5:$R$164,52,),) -> 0 | AC29: =+T29+W29+Z29 -> 0 | AD29: =AC29-AB29 -> 0 | AE29: =+IFERROR(HLOOKUP($A$1,[12]이송계획!$G$6:$R$318,36,),) -> 0 | AF29: =+'[13]부산모래장(손익)'!$O$48 -> 0 | AG29: =AF29-AE29 -> 0 | AH29: =+IFERROR(HLOOKUP($A$1,[12]이송계획!$G$6:$R$318,43,),) -> 26000 | AI29: =+'[13]부산모래장(손익)'!$N$48 -> 27500 | AJ29: =AI29-AH29 -> 1500 | AK29: =IFERROR(AK37/AK23,)*1000 -> 56284.539 | AL29: =IFERROR(AL37/AL23,)*1000 -> 27500 | AM29: =AL29-AK29 -> -28784.539 | AN29: =IFERROR(AN37/AN23,)*1000 -> 32554.794 | AO29: =IFERROR(AO37/AO23,)*1000 -> 27500 | AP29: =AO29-AN29 -> -5054.7939
F30: 정관 | G30: =+IFERROR(HLOOKUP($A$1,[10]매출!$G$5:$R$170,5,),) -> 0 | H30: =IFERROR(H38/H24,)*1000 -> 0 | I30: =H30-G30 -> 0 | J30: =+IFERROR(HLOOKUP($A$1,[10]매출!$G$5:$R$170,13,),) -> 0 | K30: =IFERROR(K38/K24,)*1000 -> 0 | L30: =K30-J30 -> 0 | N30: =IFERROR(N38/N24,)*1000 -> 0 | O30: =N30-M30 -> 0 | P30: =+IFERROR(HLOOKUP($A$1,[10]매출!$G$5:$R$170,53,),) -> 0 | Q30: =IFERROR(Q38/Q24,)*1000 -> 0 | R30: =Q30-P30 -> 0 | S30: =+IFERROR(HLOOKUP($A$1,[11]매출!$G$5:$R$164,5,),) -> 0 | T30: =IFERROR(T38/T24,)*1000 -> 0 | U30: =T30-S30 -> 0 | V30: =+IFERROR(HLOOKUP($A$1,[11]매출!$G$5:$R$164,13,),) -> 18000 | W30: =IFERROR(W38/W24,)*1000 -> 18000 | X30: =W30-V30 -> 0 | Z30: =IFERROR(Z38/Z24,)*1000 -> 0 | AA30: =Z30-Y30 -> 0 | AB30: =+IFERROR(HLOOKUP($A$1,[11]매출!$G$5:$R$164,53,),) -> 18000 | AC30: =+T30+W30+Z30 -> 18000 | AD30: =AC30-AB30 -> 0 | AE30: =+IFERROR(HLOOKUP($A$1,[12]이송계획!$G$6:$R$318,37,),) -> 0 | AF30: =+'[13]부산모래장(손익)'!$O$49 -> 0 | AG30: =AF30-AE30 -> 0 | AH30: =+IFERROR(HLOOKUP($A$1,[12]이송계획!$G$6:$R$318,44,),) -> 26000 | AI30: =+'[13]부산모래장(손익)'!$N$49 -> 27500 | AJ30: =AI30-AH30 -> 1500 | AK30: =IFERROR(AK38/AK24,)*1000 -> 24745.557 | AL30: =IFERROR(AL38/AL24,)*1000 -> 27500 | AM30: =AL30-AK30 -> 2754.4432 | AN30: =IFERROR(AN38/AN24,)*1000 -> 24553.987 | AO30: =IFERROR(AO38/AO24,)*1000 -> 24923.077 | AP30: =AO30-AN30 -> 369.08992
F31: 양산 | G31: =+IFERROR(HLOOKUP($A$1,[10]매출!$G$5:$R$170,6,),) -> 0 | H31: =IFERROR(H39/H25,)*1000 -> 0 | I31: =H31-G31 -> 0 | J31: =+IFERROR(HLOOKUP($A$1,[10]매출!$G$5:$R$170,14,),) -> 0 | K31: =IFERROR(K39/K25,)*1000 -> 0 | L31: =K31-J31 -> 0 | N31: =IFERROR(N39/N25,)*1000 -> 0 | O31: =N31-M31 -> 0 | P31: =+IFERROR(HLOOKUP($A$1,[10]매출!$G$5:$R$170,54,),) -> 0 | Q31: =IFERROR(Q39/Q25,)*1000 -> 0 | R31: =Q31-P31 -> 0 | S31: =+IFERROR(HLOOKUP($A$1,[11]매출!$G$5:$R$164,6,),) -> 0 | T31: =IFERROR(T39/T25,)*1000 -> 0 | U31: =T31-S31 -> 0 | V31: =+IFERROR(HLOOKUP($A$1,[11]매출!$G$5:$R$164,14,),) -> 0 | W31: =IFERROR(W39/W25,)*1000 -> 0 | X31: =W31-V31 -> 0 | Z31: =IFERROR(Z39/Z25,)*1000 -> 0 | AA31: =Z31-Y31 -> 0 | AB31: =+IFERROR(HLOOKUP($A$1,[11]매출!$G$5:$R$164,54,),) -> 0 | AC31: =+T31+W31+Z31 -> 0 | AD31: =AC31-AB31 -> 0 | AE31: =+IFERROR(HLOOKUP($A$1,[12]이송계획!$G$6:$R$318,38,),) -> 0 | AF31: =+'[13]부산모래장(손익)'!$O$50 -> 0 | AG31: =AF31-AE31 -> 0 | AH31: =+IFERROR(HLOOKUP($A$1,[12]이송계획!$G$6:$R$318,45,),) -> 26000 | AI31: =+'[13]부산모래장(손익)'!$N$50 -> 0 | AJ31: =AI31-AH31 -> -26000 | AK31: =IFERROR(AK39/AK25,)*1000 -> 86964.176 | AL31: =IFERROR(AL39/AL25,)*1000 -> 0 | AM31: =AL31-AK31 -> -86964.176 | AN31: =IFERROR(AN39/AN25,)*1000 -> 86964.176 | AO31: =IFERROR(AO39/AO25,)*1000 -> 0 | AP31: =AO31-AN31 -> -86964.176
F32: 창원 | G32: =+IFERROR(HLOOKUP($A$1,[10]매출!$G$5:$R$170,7,),) -> 10000 | H32: =IFERROR(H40/H26,)*1000 -> 0 | I32: =H32-G32 -> -10000 | J32: =+IFERROR(HLOOKUP($A$1,[10]매출!$G$5:$R$170,15,),) -> 16000 | K32: =IFERROR(K40/K26,)*1000 -> 0 | L32: =K32-J32 -> -16000 | N32: =IFERROR(N40/N26,)*1000 -> 0 | O32: =N32-M32 -> 0 | P32: =+IFERROR(HLOOKUP($A$1,[10]매출!$G$5:$R$170,55,),) -> 12185.533 | Q32: =IFERROR(Q40/Q26,)*1000 -> 0 | R32: =Q32-P32 -> -12185.533 | S32: =+IFERROR(HLOOKUP($A$1,[11]매출!$G$5:$R$164,7,),) -> 0 | T32: =IFERROR(T40/T26,)*1000 -> 0 | U32: =T32-S32 -> 0 | V32: =+IFERROR(HLOOKUP($A$1,[11]매출!$G$5:$R$164,15,),) -> 0 | W32: =IFERROR(W40/W26,)*1000 -> 0 | X32: =W32-V32 -> 0 | Z32: =IFERROR(Z40/Z26,)*1000 -> 0 | AA32: =Z32-Y32 -> 0 | AB32: =+IFERROR(HLOOKUP($A$1,[11]매출!$G$5:$R$164,55,),) -> 0 | AC32: =+T32+W32+Z32 -> 0 | AD32: =AC32-AB32 -> 0 | AE32: =+IFERROR(HLOOKUP($A$1,[12]이송계획!$G$6:$R$318,39,),) -> 0 | AF32: =+'[13]부산모래장(손익)'!$O$51 -> 0 | AG32: =AF32-AE32 -> 0 | AH32: =+IFERROR(HLOOKUP($A$1,[12]이송계획!$G$6:$R$318,46,),) -> 0 | AI32: =+'[13]부산모래장(손익)'!$N$51 -> 0 | AJ32: =AI32-AH32 -> 0 | AK32: =IFERROR(AK40/AK26,)*1000 -> 0 | AL32: =IFERROR(AL40/AL26,)*1000 -> 0 | AM32: =AL32-AK32 -> 0 | AN32: =IFERROR(AN40/AN26,)*1000 -> 197863.25 | AO32: =IFERROR(AO40/AO26,)*1000 -> 0 | AP32: =AO32-AN32 -> -197863.25
E35: 자가이송 | F35: 부산 | G35: =+IFERROR(HLOOKUP($A$1,[10]매출!$G$5:$R$149,58,),) -> 0 | H35: =+IFERROR(VLOOKUP($F35,'[14]서부산(손익)'!$L$16:$R$29,4,),)/1000 -> 0 | I35: =+H35-G35 -> 0 | J35: =+IFERROR(HLOOKUP($A$1,[10]매출!$G$5:$R$149,66,),) -> 0 | K35: =+IFERROR(VLOOKUP($F35,'[14]서부산(손익)'!$L$16:$R$29,3,),)/1000 -> 0 | L35: =+K35-J35 -> 0 | O35: =+N35-M35 -> 0 | P35: =SUM(G35,J35,M35) -> 0 | Q35: =SUM(H35,K35,N35) -> 0 | R35: =+Q35-P35 -> 0 | S35: =+IFERROR(HLOOKUP($A$1,[11]매출!$G$5:$R$170,58,),) -> 158108.87 | T35: =+IFERROR(VLOOKUP($F35,'[13]부산크라샤(손익)'!$L$16:$R$29,3,),)/1000 -> 120365 | U35: =+T35-S35 -> -37743.874 | V35: =+IFERROR(HLOOKUP($A$1,[11]매출!$G$5:$R$170,66,),) -> 154258.04 | W35: =+IFERROR(VLOOKUP($F35,'[13]부산크라샤(손익)'!$L$16:$R$29,4,),)/1000 -> 112095 | X35: =+W35-V35 -> -42163.04 | AA35: =+Z35-Y35 -> 0 | AB35: =SUM(S35,V35) -> 312366.91 | AC35: =SUM(T35,W35) -> 232460 | AD35: =+AC35-AB35 -> -79906.914 | AE35: =+IFERROR(HLOOKUP($A$1,[12]이송계획!$G$70:$R$100,2,),) -> 8131.4685 | AF35: =+IFERROR(VLOOKUP($F35,'[13]부산모래장(손익)'!$L$16:$P$26,4,),)/1000 -> 19000 | AH35: =+IFERROR(HLOOKUP($A$1,[12]이송계획!$G$70:$R$100,9,),) -> 0 | AI35: =+IFERROR(VLOOKUP($F35,'[13]부산모래장(손익)'!$L$16:$P$26,3,),)/1000 -> 76800 | AK35: =+AE35+AH35 -> 8131.4685 | AL35: =+AF35+AI35 -> 95800 | AN35: =+P35+AB35+AK35 -> 320498.38 | AO35: =+Q35+AC35+AL35 -> 328260 | AP35: =+AO35-AN35 -> 7761.6178
E36: 매출액 | F36: 서부산 | G36: =+IFERROR(HLOOKUP($A$1,[10]매출!$G$5:$R$149,59,),) -> 131197.87 | H36: =+IFERROR(VLOOKUP($F36,'[14]서부산(손익)'!$L$16:$R$29,4,),)/1000 -> 0 | I36: =+H36-G36 -> -131197.87 | J36: =+IFERROR(HLOOKUP($A$1,[10]매출!$G$5:$R$149,67,),) -> 117304 | K36: =+IFERROR(VLOOKUP($F36,'[14]서부산(손익)'!$L$16:$R$29,3,),)/1000 -> 0 | L36: =+K36-J36 -> -117304 | O36: =+N36-M36 -> 0 | P36: =SUM(G36,J36,M36) -> 248501.87 | Q36: =SUM(H36,K36,N36) -> 0 | R36: =+Q36-P36 -> -248501.87 | S36: =+IFERROR(HLOOKUP($A$1,[11]매출!$G$5:$R$170,59,),) -> 0 | T36: =+IFERROR(VLOOKUP($F36,'[13]부산크라샤(손익)'!$L$16:$R$29,3,),)/1000 -> 61056 | U36: =+T36-S36 -> 61056 | V36: =+IFERROR(HLOOKUP($A$1,[11]매출!$G$5:$R$170,67,),) -> 0 | W36: =+IFERROR(VLOOKUP($F36,'[13]부산크라샤(손익)'!$L$16:$R$29,4,),)/1000 -> 44640 | X36: =+W36-V36 -> 44640 | AA36: =+Z36-Y36 -> 0 | AB36: =SUM(S36,V36) -> 0 | AC36: =SUM(T36,W36) -> 105696 | AD36: =+AC36-AB36 -> 105696 | AE36: =+IFERROR(HLOOKUP($A$1,[12]이송계획!$G$70:$R$100,3,),) -> 0 | AF36: =+IFERROR(VLOOKUP($F36,'[13]부산모래장(손익)'!$L$16:$P$26,4,),)/1000 -> 0 | AH36: =+IFERROR(HLOOKUP($A$1,[12]이송계획!$G$70:$R$100,10,),) -> 8131.4685 | AI36: =+IFERROR(VLOOKUP($F36,'[13]부산모래장(손익)'!$L$16:$P$26,3,),)/1000 -> 74360 | AK36: =+AE36+AH36 -> 8131.4685 | AL36: =+AF36+AI36 -> 74360 | AN36: =+P36+AB36+AK36 -> 256633.34 | AO36: =+Q36+AC36+AL36 -> 180056 | AP36: =+AO36-AN36 -> -76577.335
F37: 김해 | G37: =+IFERROR(HLOOKUP($A$1,[10]매출!$G$5:$R$149,60,),) -> 12320 | H37: =+IFERROR(VLOOKUP($F37,'[14]서부산(손익)'!$L$16:$R$29,4,),)/1000 -> 0 | I37: =+H37-G37 -> -12320 | J37: =+IFERROR(HLOOKUP($A$1,[10]매출!$G$5:$R$149,68,),) -> 17024 | K37: =+IFERROR(VLOOKUP($F37,'[14]서부산(손익)'!$L$16:$R$29,3,),)/1000 -> 0 | L37: =+K37-J37 -> -17024 | O37: =+N37-M37 -> 0 | P37: =SUM(G37,J37,M37) -> 29344 | Q37: =SUM(H37,K37,N37) -> 0 | R37: =+Q37-P37 -> -29344 | S37: =+IFERROR(HLOOKUP($A$1,[11]매출!$G$5:$R$170,60,),) -> 0 | T37: =+IFERROR(VLOOKUP($F37,'[13]부산크라샤(손익)'!$L$16:$R$29,3,),)/1000 -> 0 | U37: =+T37-S37 -> 0 | V37: =+IFERROR(HLOOKUP($A$1,[11]매출!$G$5:$R$170,68,),) -> 0 | W37: =+IFERROR(VLOOKUP($F37,'[13]부산크라샤(손익)'!$L$16:$R$29,4,),)/1000 -> 0 | X37: =+W37-V37 -> 0 | AA37: =+Z37-Y37 -> 0 | AB37: =SUM(S37,V37) -> 0 | AC37: =SUM(T37,W37) -> 0 | AD37: =+AC37-AB37 -> 0 | AE37: =+IFERROR(HLOOKUP($A$1,[12]이송계획!$G$70:$R$100,4,),) -> 0 | AF37: =+IFERROR(VLOOKUP($F37,'[13]부산모래장(손익)'!$L$16:$P$26,4,),)/1000 -> 0 | AH37: =+IFERROR(HLOOKUP($A$1,[12]이송계획!$G$70:$R$100,11,),) -> 107688.46 | AI37: =+IFERROR(VLOOKUP($F37,'[13]부산모래장(손익)'!$L$16:$P$26,3,),)/1000 -> 40920 | AK37: =+AE37+AH37 -> 107688.46 | AL37: =+AF37+AI37 -> 40920 | AN37: =+P37+AB37+AK37 -> 137032.46 | AO37: =+Q37+AC37+AL37 -> 40920 | AP37: =+AO37-AN37 -> -96112.462
F38: 정관 | G38: =+IFERROR(HLOOKUP($A$1,[10]매출!$G$5:$R$149,61,),) -> 0 | H38: =+IFERROR(VLOOKUP($F38,'[14]서부산(손익)'!$L$16:$R$29,4,),)/1000 -> 0 | I38: =+H38-G38 -> 0 | J38: =+IFERROR(HLOOKUP($A$1,[10]매출!$G$5:$R$149,69,),) -> 0 | K38: =+IFERROR(VLOOKUP($F38,'[14]서부산(손익)'!$L$16:$R$29,3,),)/1000 -> 0 | L38: =+K38-J38 -> 0 | O38: =+N38-M38 -> 0 | P38: =SUM(G38,J38,M38) -> 0 | Q38: =SUM(H38,K38,N38) -> 0 | R38: =+Q38-P38 -> 0 | S38: =+IFERROR(HLOOKUP($A$1,[11]매출!$G$5:$R$170,61,),) -> 0 | T38: =+IFERROR(VLOOKUP($F38,'[13]부산크라샤(손익)'!$L$16:$R$29,3,),)/1000 -> 0 | U38: =+T38-S38 -> 0 | V38: =+IFERROR(HLOOKUP($A$1,[11]매출!$G$5:$R$170,69,),) -> 2291.952 | W38: =+IFERROR(VLOOKUP($F38,'[13]부산크라샤(손익)'!$L$16:$R$29,4,),)/1000 -> 19296 | X38: =+W38-V38 -> 17004.048 | AA38: =+Z38-Y38 -> 0 | AB38: =SUM(S38,V38) -> 2291.952 | AC38: =SUM(T38,W38) -> 19296 | AD38: =+AC38-AB38 -> 17004.048 | AE38: =+IFERROR(HLOOKUP($A$1,[12]이송계획!$G$70:$R$100,5,),) -> 0 | AF38: =+IFERROR(VLOOKUP($F38,'[13]부산모래장(손익)'!$L$16:$P$26,4,),)/1000 -> 0 | AH38: =+IFERROR(HLOOKUP($A$1,[12]이송계획!$G$70:$R$100,12,),) -> 107797.55 | AI38: =+IFERROR(VLOOKUP($F38,'[13]부산모래장(손익)'!$L$16:$P$26,3,),)/1000 -> 79200 | AK38: =+AE38+AH38 -> 107797.55 | AL38: =+AF38+AI38 -> 79200 | AN38: =+P38+AB38+AK38 -> 110089.5 | AO38: =+Q38+AC38+AL38 -> 98496 | AP38: =+AO38-AN38 -> -11593.504
F39: 양산 | G39: =+IFERROR(HLOOKUP($A$1,[10]매출!$G$5:$R$149,62,),) -> 0 | H39: =+IFERROR(VLOOKUP($F39,'[14]서부산(손익)'!$L$16:$R$29,4,),)/1000 -> 0 | I39: =+H39-G39 -> 0 | J39: =+IFERROR(HLOOKUP($A$1,[10]매출!$G$5:$R$149,70,),) -> 0 | K39: =+IFERROR(VLOOKUP($F39,'[14]서부산(손익)'!$L$16:$R$29,3,),)/1000 -> 0 | L39: =+K39-J39 -> 0 | O39: =+N39-M39 -> 0 | P39: =SUM(G39,J39,M39) -> 0 | Q39: =SUM(H39,K39,N39) -> 0 | R39: =+Q39-P39 -> 0 | S39: =+IFERROR(HLOOKUP($A$1,[11]매출!$G$5:$R$170,62,),) -> 0 | T39: =+IFERROR(VLOOKUP($F39,'[13]부산크라샤(손익)'!$L$16:$R$29,3,),)/1000 -> 0 | U39: =+T39-S39 -> 0 | V39: =+IFERROR(HLOOKUP($A$1,[11]매출!$G$5:$R$170,70,),) -> 0 | W39: =+IFERROR(VLOOKUP($F39,'[13]부산크라샤(손익)'!$L$16:$R$29,4,),)/1000 -> 0 | X39: =+W39-V39 -> 0 | AA39: =+Z39-Y39 -> 0 | AB39: =SUM(S39,V39) -> 0 | AC39: =SUM(T39,W39) -> 0 | AD39: =+AC39-AB39 -> 0 | AE39: =+IFERROR(HLOOKUP($A$1,[12]이송계획!$G$70:$R$100,6,),) -> 0 | AF39: =+IFERROR(VLOOKUP($F39,'[13]부산모래장(손익)'!$L$16:$P$26,4,),)/1000 -> 0 | AH39: =+IFERROR(HLOOKUP($A$1,[12]이송계획!$G$70:$R$100,13,),) -> 49745.455 | AI39: =+IFERROR(VLOOKUP($F39,'[13]부산모래장(손익)'!$L$16:$P$26,3,),)/1000 -> 0 | AK39: =+AE39+AH39 -> 49745.455 | AL39: =+AF39+AI39 -> 0 | AN39: =+P39+AB39+AK39 -> 49745.455 | AO39: =+Q39+AC39+AL39 -> 0 | AP39: =+AO39-AN39 -> -49745.455
F40: 창원 | G40: =+IFERROR(HLOOKUP($A$1,[10]매출!$G$5:$R$149,63,),) -> 3878 | H40: =+IFERROR(VLOOKUP($F40,'[14]서부산(손익)'!$L$16:$R$29,4,),)/1000 -> 0 | I40: =+H40-G40 -> -3878 | J40: =+IFERROR(HLOOKUP($A$1,[10]매출!$G$5:$R$149,71,),) -> 3555.0968 | K40: =+IFERROR(VLOOKUP($F40,'[14]서부산(손익)'!$L$16:$R$29,3,),)/1000 -> 0 | L40: =+K40-J40 -> -3555.0968 | O40: =+N40-M40 -> 0 | P40: =SUM(G40,J40,M40) -> 7433.0968 | Q40: =SUM(H40,K40,N40) -> 0 | R40: =+Q40-P40 -> -7433.0968 | S40: =+IFERROR(HLOOKUP($A$1,[11]매출!$G$5:$R$170,63,),) -> 0 | T40: =+IFERROR(VLOOKUP($F40,'[13]부산크라샤(손익)'!$L$16:$R$29,3,),)/1000 -> 0 | U40: =+T40-S40 -> 0 | V40: =+IFERROR(HLOOKUP($A$1,[11]매출!$G$5:$R$170,71,),) -> 0 | W40: =+IFERROR(VLOOKUP($F40,'[13]부산크라샤(손익)'!$L$16:$R$29,4,),)/1000 -> 0 | X40: =+W40-V40 -> 0 | AA40: =+Z40-Y40 -> 0 | AB40: =SUM(S40,V40) -> 0 | AC40: =SUM(T40,W40) -> 0 | AD40: =+AC40-AB40 -> 0 | AE40: =+IFERROR(HLOOKUP($A$1,[12]이송계획!$G$70:$R$100,7,),) -> 0 | AF40: =+IFERROR(VLOOKUP($F40,'[13]부산모래장(손익)'!$L$16:$P$26,4,),)/1000 -> 0 | AH40: =+IFERROR(HLOOKUP($A$1,[12]이송계획!$G$70:$R$100,14,),) -> 113262.21 | AI40: =+IFERROR(VLOOKUP($F40,'[13]부산모래장(손익)'!$L$16:$P$26,3,),)/1000 -> 0 | AK40: =+AE40+AH40 -> 113262.21 | AL40: =+AF40+AI40 -> 0 | AN40: =+P40+AB40+AK40 -> 120695.3 | AO40: =+Q40+AC40+AL40 -> 0 | AP40: =+AO40-AN40 -> -120695.3
F41: 계 | G41: =SUM(G35:G40) -> 147395.87 | H41: =SUM(H35:H40) -> 0 | I41: =+H41-G41 -> -147395.87 | J41: =SUM(J35:J40) -> 137883.1 | K41: =SUM(K35:K40) -> 0 | L41: =+K41-J41 -> -137883.1 | O41: =+N41-M41 -> 0 | P41: =SUM(G41,J41,M41) -> 285278.96 | Q41: =SUM(H41,K41,N41) -> 0 | R41: =+Q41-P41 -> -285278.96 | S41: =SUM(S35:S40) -> 158108.87 | T41: =SUM(T35:T40) -> 181421 | U41: =+T41-S41 -> 23312.126 | V41: =SUM(V35:V40) -> 156549.99 | W41: =SUM(W35:W40) -> 176031 | X41: =+W41-V41 -> 19481.008 | AA41: =+Z41-Y41 -> 0 | AB41: =SUM(S41,V41) -> 314658.87 | AC41: =SUM(T41,W41) -> 357452 | AD41: =+AC41-AB41 -> 42793.134 | AE41: =SUM(AE35:AE40) -> 8131.4685 | AF41: =SUM(AF35:AF40) -> 19000 | AH41: =SUM(AH35:AH40) -> 386625.14 | AI41: =SUM(AI35:AI40) -> 271280 | AK41: =+AE41+AH41 -> 394756.61 | AL41: =+AF41+AI41 -> 290280 | AN41: =SUM(AN35:AN40) -> 994694.44 | AO41: =SUM(AO35:AO40) -> 647732 | AP41: =+AO41-AN41 -> -346962.44
G42: =+G41=G13 -> TRUE | H42: =+H41=H13 -> TRUE | J42: =+J41=J13 -> TRUE | K42: =+K41=K13 -> TRUE | P42: =+P41=P13 -> TRUE | Q42: =+Q41=Q13 -> TRUE | S42: =+S41=S13 -> TRUE | T42: =+T41=T13 -> TRUE | V42: =+V41=V13 -> TRUE | W42: =+W41=W13 -> TRUE | AB42: =+AB41=AB13 -> TRUE | AC42: =+AC41=AC13 -> TRUE | AE42: =+AE41=AE13 -> TRUE | AF42: =+AF41=AF13 -> TRUE | AH42: =+AH41=AH13 -> TRUE | AI42: =+AI41=AI13 -> TRUE | AK42: =+AK41=AK13 -> TRUE | AL42: =+AL41=AL13 -> TRUE | AN42: =+AN41=AN13 -> TRUE | AO42: =+AO41=AO13 -> TRUE
