Workbook

Sheet 파워BI용
B2: 구분 | D2: 계획 | E2: 실적 | F2: 차이 | G2: 전년 | H2: 차이 | J2: 캡쳐도구 사용 → PNG 저장 → 파워BI 삽입 → 이미지
B3: 판매량 | C3: 레미콘 | D3: =+'사업장별(누계)_건자재제외'!$J$27 -> 3330 | E3: =+'사업장별(누계)_건자재제외'!$K$27 -> 2806.3474 | F3: =+E3/D3 -> 0.84274696 | G3: =+'사업장별(누계)_건자재제외'!$M$27 -> 3378.228 | H3: =+E3/G3 -> 0.8307158
C4: 골재 | D4: =+'사업장별(누계)_건자재제외'!$J$31 -> 1199.9998 | E4: =+'사업장별(누계)_건자재제외'!$K$31 -> 786.934 | F4: =+E4/D4 -> 0.65577845 | G4: =+'사업장별(누계)_건자재제외'!$M$31 -> 840.111 | H4: =+E4/G4 -> 0.93670241
B5: 매출액 | C5: 레미콘 | D5: =+'사업장별(누계)_건자재제외'!$O$27 -> 336644.09 | E5: =+'사업장별(누계)_건자재제외'!$P$27 -> 277105.91 | F5: =+E5-D5 -> -59538.171 | G5: =+'사업장별(누계)_건자재제외'!$R$27 -> 339565.24 | H5: =+E5-G5 -> -62459.324
C6: 골재 | D6: =+'사업장별(누계)_건자재제외'!$O$31 -> 22084 | E6: =+'사업장별(누계)_건자재제외'!$P$31 -> 16060.283 | F6: =+E6-D6 -> -6023.717 | G6: =+'사업장별(누계)'!$R$32 -> 17070.144 | H6: =+E6-G6 -> -1009.8611
C7: 기타 | D7: =+D8-D5-D6 -> 1784.558 | E7: =+E8-E5-E6 -> 1542.9352 | F7: =+E7-D7 -> -241.62285 | G7: =+G8-G5-G6 -> 1986.9073 | H7: =+E7-G7 -> -443.97217
C8: 계 | D8: =+'사업장별(누계)_건자재제외'!$O$42 -> 360512.64 | E8: =+'사업장별(누계)_건자재제외'!$P$42 -> 294709.13 | F8: =+E8-D8 -> -65803.511 | G8: =+'사업장별(누계)_건자재제외'!$R$42 -> 358622.29 | H8: =+E8-G8 -> -63913.157
B9: 영업이익 | C9: 레미콘 | D9: =+('사업장별(누계)_건자재제외'!$T$27+'사업장별(누계)_건자재제외'!$T$34) -> 14994.946 | E9: =+'사업장별(누계)_건자재제외'!$U$27+'사업장별(누계)_건자재제외'!$U$34 -> -5887.4191 | F9: =+E9-D9 -> -20882.365 | G9: =+'사업장별(누계)_건자재제외'!$W$27+'사업장별(누계)_건자재제외'!$W$34 -> 15593.804 | H9: =+E9-G9 -> -21481.224
C10: (%) | D10: =+D9/D5 -> 0.044542432 | E10: =+E9/E5 -> -0.021246097 | F10: =+E10-D10 -> -0.065788528 | G10: =+G9/G5 -> 0.045922853 | H10: =+E10-G10 -> -0.067168949
C11: 골재 | D11: =+'사업장별(누계)_건자재제외'!$T$31 -> 2217.2575 | E11: =+'사업장별(누계)_건자재제외'!$U$31 -> -1335.4723 | F11: =+E11-D11 -> -3552.7298 | G11: =+'사업장별(누계)_건자재제외'!$W$31 -> -761.30637 | H11: =+E11-G11 -> -574.16592
C12: 기타 | D12: =+D13-D9-D11 -> 267.9149 | E12: =+E13-E9-E11 -> -425.24357 | F12: =+E12-D12 -> -693.15847 | G12: =+G13-G9-G11 -> 1984.4951 | H12: =+E12-G12 -> -2409.7387
C13: 계 | D13: =+'사업장별(누계)_건자재제외'!$T$42 -> 17480.119 | E13: =+'사업장별(누계)_건자재제외'!$U$42 -> -7648.1349 | F13: =+E13-D13 -> -25128.254 | G13: =+'사업장별(누계)_건자재제외'!$W$42 -> 16816.993 | H13: =+E13-G13 -> -24465.128
D14: =+D13/D8 -> 0.048486839 | E14: =+E13/E8 -> -0.025951469 | F14: =+E14-D14 -> -0.074438308 | G14: =+G13/G8 -> 0.046893329 | H14: =+E14-G14 -> -0.072844798

Sheet 표지
A6: 2025년 12월 마감 손익
A24: 건재사업본부

Sheet 손익총괄
C3: □ 건재사업본부 손익실적(2025-12)
X4: [단위 : 천㎥, 톤, 원/㎥, 원/톤, 백만원]
C5: 구분 | E5: 12월 | J5: 12월 누계 | P5: 12월 주요지표
E6: 계획 | F6: 실적 | G6: 계획대비 | H6: 전년 | I6: 전년대비 | J6: 계획 | K6: 실적 | L6: 계획대비 | M6: 전년 | N6: 전년대비
C7: 물량 | D7: 레미콘 | E7: =+'[1]12월'!$Z$7/1000 -> 305 | F7: =+'[2]12월'!$Z$7/1000 -> 228.56006 | G7: =+F7-E7 -> -76.43994 | H7: =+'[3]12월'!$Z$7/1000 -> 272.289 | I7: =+F7-H7 -> -43.72894 | J7: =+'[1]12월누계'!$Z$7/1000 -> 3330 | K7: =+'[2]12월누계'!$Z$7/1000 -> 2806.3474 | L7: =+K7-J7 -> -523.65262 | M7: =+'[3]12월누계'!$Z$7/1000 -> 3378.228 | N7: =+K7-M7 -> -571.88062 | Q7: □ 레미콘
D8: 철강재 | E8: =+'[1]12월'!$AA$7 -> 13100 | F8: =+'[2]12월'!$AO$7 -> 7354.454 | G8: =+F8-E8 -> -5745.546 | H8: =+'[3]12월'!$AO$7 -> 8003.057 | I8: =+F8-H8 -> -648.603 | J8: =+'[1]12월누계'!$AA$7 -> 137600 | K8: =+'[2]12월누계'!$AO$7 -> 108225.35 | L8: =+K8-J8 -> -29374.654 | M8: =+'[3]12월누계'!$AO$7 -> 105164.21 | N8: =+K8-M8 -> 3061.135 | Q8: 구분 | S8: 계획 | T8: 실적 | U8: 계획대비 | V8: 전년 | W8: 전년대비
D9: 골재 | E9: =+'[1]12월'!$AE$7/1000 -> 114.54775 | F9: =+'[2]12월'!$AN$7/1000 -> 67.928 | G9: =+F9-E9 -> -46.619754 | H9: =+'[3]12월'!$AN$7/1000 -> 59.68 | I9: =+F9-H9 -> 8.248 | J9: =+'[1]12월누계'!$AE$7/1000 -> 1199.9998 | K9: =+'[2]12월누계'!$AN$7/1000 -> 786.934 | L9: =+K9-J9 -> -413.06579 | M9: =+'[3]12월누계'!$AN$7/1000 -> 840.111 | N9: =+K9-M9 -> -53.177 | Q9: 물량 | R9: 수도권 | S9: =+[4]수도권!$T$5/1000 -> 109 | T9: =+[4]수도권!$U$5/1000 -> 88.27706 | U9: =+T9-S9 -> -20.72294 | V9: =+[5]수도권!$T$5/1000 -> 94.7535 | W9: =+T9-V9 -> -6.47644
C10: 매출 | D10: 레미콘 | E10: =+'[1]12월'!$Z$8/1000 -> 31151.201 | F10: =+'[2]12월'!$Z$8/1000 -> 23247.349 | G10: =+F10-E10 -> -7903.852 | H10: =+'[3]12월'!$Z$8/1000 -> 27172.709 | I10: =+F10-H10 -> -3925.36 | J10: =+'[1]12월누계'!$Z$8/1000 -> 336644.09 | K10: =+'[2]12월누계'!$Z$8/1000 -> 277105.91 | L10: =+K10-J10 -> -59538.171 | M10: =+'[3]12월누계'!$Z$8/1000 -> 339565.24 | N10: =+K10-M10 -> -62459.324 | R10: 영남권 | S10: =+[4]영남권!$T$5/1000 -> 138.5 | T10: =+[4]영남권!$U$5/1000 -> 99.727 | U10: =+T10-S10 -> -38.773 | V10: =+[5]영남권!$T$5/1000 -> 129.272 | W10: =+T10-V10 -> -29.545
D11: 건자재 | E11: =+'[1]12월'!$AA$8/1000 -> 14246.036 | F11: =+'[2]12월'!$AO$8/1000 -> 6900.9295 | G11: =+F11-E11 -> -7345.1062 | H11: =+'[3]12월'!$AO$8/1000 -> 7445.9016 | I11: =+F11-H11 -> -544.97213 | J11: =+'[1]12월누계'!$AA$8/1000 -> 150142.43 | K11: =+'[2]12월누계'!$AO$8/1000 -> 99181.146 | L11: =+K11-J11 -> -50961.286 | M11: =+'[3]12월누계'!$AO$8/1000 -> 103999.85 | N11: =+K11-M11 -> -4818.7008 | R11: 중부권 | S11: =+[4]중부권!$T$5/1000 -> 57.5 | T11: =+[4]중부권!$U$5/1000 -> 40.556 | U11: =+T11-S11 -> -16.944 | V11: =+[5]중부권!$T$5/1000 -> 48.2635 | W11: =+T11-V11 -> -7.7075
D12: 골재 | E12: =+'[1]12월'!$AE$8/1000 -> 2109.9612 | F12: =+'[2]12월'!$AN$8/1000 -> 1336.7955 | G12: =+F12-E12 -> -773.16574 | H12: =+'[3]12월'!$AN$8/1000 -> 1280.5145 | I12: =+F12-H12 -> 56.280953 | J12: =+'[1]12월누계'!$AE$8/1000 -> 22084 | K12: =+'[2]12월누계'!$AN$8/1000 -> 16060.283 | L12: =+K12-J12 -> -6023.717 | M12: =+'[3]12월누계'!$AN$8/1000 -> 17070.144 | N12: =+K12-M12 -> -1009.8611 | Q12: 계 | S12: =SUM(S9:S11) -> 305 | T12: =SUM(T9:T11) -> 228.56006 | U12: =+T12-S12 -> -76.43994 | V12: =SUM(V9:V11) -> 272.289 | W12: =+T12-V12 -> -43.72894
D13: 기타 | E13: =+'[1]12월'!$E$8/1000-E10-E11-E12 -> 142.52817 | F13: =+'[2]12월'!$F$8/1000-F10-F11-F12 -> 118.89211 | G13: =+F13-E13 -> -23.636059 | H13: =+'[3]12월'!$F$8/1000-H10-H11-H12 -> 165.21179 | I13: =+F13-H13 -> -46.319682 | J13: =+'[1]12월누계'!$E$8/1000-J10-J11-J12 -> 1784.558 | K13: =+'[2]12월누계'!$F$8/1000-K10-K11-K12 -> 1542.9352 | L13: =+K13-J13 -> -241.62285 | M13: =+'[3]12월누계'!$F$8/1000-M10-M11-M12 -> 1986.9073 | N13: =+K13-M13 -> -443.97217 | Q13: 판매단가 | R13: 수도권 | S13: =+[4]수도권!$T$61 -> 100867.18 | T13: =+[4]수도권!$U$61 -> 99894.501 | U13: =+T13-S13 -> -972.6754 | V13: =+[5]수도권!$Q$85 -> 95753.183 | W13: =+T13-V13 -> 4141.3184
C14: 계 | E14: =SUM(E10:E13) -> 47649.726 | F14: =SUM(F10:F13) -> 31603.966 | G14: =+F14-E14 -> -16045.76 | H14: =SUM(H10:H13) -> 36064.337 | I14: =+F14-H14 -> -4460.3708 | J14: =SUM(J10:J13) -> 510655.08 | K14: =SUM(K10:K13) -> 393890.28 | L14: =+K14-J14 -> -116764.8 | M14: =SUM(M10:M13) -> 462622.14 | N14: =+K14-M14 -> -68731.858 | R14: 영남권 | S14: =+[4]영남권!$T$61 -> 100786.02 | T14: =+[4]영남권!$U$61 -> 100842.57 | U14: =+T14-S14 -> 56.549592 | V14: =+[5]영남권!$Q$85 -> 101138.02 | W14: =+T14-V14 -> -295.44481
C15: 매출원가 | D15: 레미콘 | E15: =+('[1]12월'!$Z$10+'[1]12월'!$Z$19)/1000 -> 26909.111 | F15: =+('[2]12월'!$Z$10+'[2]12월'!$Z$19)/1000 -> 22308.478 | G15: =+F15-E15 -> -4600.6334 | H15: =+('[3]12월'!$Z$10+'[3]12월'!$Z$19)/1000 -> 25598.441 | I15: =+F15-H15 -> -3289.9637 | J15: =+('[1]12월누계'!$Z$10+'[1]12월누계'!$Z$19)/1000 -> 295660.65 | K15: =+('[2]12월누계'!$Z$10+'[2]12월누계'!$Z$19)/1000 -> 256001.58 | L15: =+K15-J15 -> -39659.069 | M15: =+('[3]12월누계'!$Z$10+'[3]12월누계'!$Z$19)/1000 -> 297938.73 | N15: =+K15-M15 -> -41937.149 | R15: 중부권 | S15: =+[4]중부권!$T$61 -> 107788.08 | T15: =+[4]중부권!$U$61 -> 107851.32 | U15: =+T15-S15 -> 63.232059 | V15: =+[5]중부권!$Q$85 -> 104182.09 | W15: =+T15-V15 -> 3669.2239
D16: 건자재 | E16: =+('[1]12월'!$AA$10+'[1]12월'!$AA$19)/1000 -> 13862.079 | F16: =+('[2]12월'!$AO$10+'[2]12월'!$AO$19)/1000 -> 6794.7573 | G16: =+F16-E16 -> -7067.3214 | H16: =+('[3]12월'!$AO$10+'[3]12월'!$AO$19)/1000 -> 7310.0571 | I16: =+F16-H16 -> -515.29979 | J16: =+('[1]12월누계'!$AA$10+'[1]12월누계'!$AA$19)/1000 -> 146089.8 | K16: =+('[2]12월누계'!$AO$10+'[2]12월누계'!$AO$19)/1000 -> 97467.847 | L16: =+K16-J16 -> -48621.956 | M16: =+('[3]12월누계'!$AO$10+'[3]12월누계'!$AO$19)/1000 -> 101702.99 | N16: =+K16-M16 -> -4235.139 | Q16: 계 | S16: =+[4]합계!$T$61 -> 102135.09 | T16: =+[4]합계!$U$61 -> 101721.48 | U16: =+T16-S16 -> -413.60533 | V16: =+[5]합계!$Q$85 -> 99802.99 | W16: =+T16-V16 -> 1918.4903
D17: 골재 | E17: =+('[1]12월'!$AE$10+'[1]12월'!$AE$19)/1000 -> 1870.0703 | F17: =+('[2]12월'!$AN$10+'[2]12월'!$AN$19)/1000 -> 1613.0808 | G17: =+F17-E17 -> -256.98949 | H17: =+('[3]12월'!$AN$10+'[3]12월'!$AN$19)/1000 -> 1654.2001 | I17: =+F17-H17 -> -41.119278 | J17: =+('[1]12월누계'!$AE$10+'[1]12월누계'!$AE$19)/1000 -> 19291.177 | K17: =+('[2]12월누계'!$AN$10+'[2]12월누계'!$AN$19)/1000 -> 16810.749 | L17: =+K17-J17 -> -2480.4282 | M17: =+('[3]12월누계'!$AN$10+'[3]12월누계'!$AN$19)/1000 -> 17064.11 | N17: =+K17-M17 -> -253.36085 | Q17: 공헌이익 | R17: 수도권 | S17: =+[4]수도권!$Q$90 -> 18915.067 | T17: =+[4]수도권!$R$90 -> 12490.517 | U17: =+T17-S17 -> -6424.5504 | V17: =+[5]수도권!$Q$90 -> 11822.292 | W17: =+T17-V17 -> 668.22478
D18: 기타 | E18: =+('[1]12월'!$E$10+'[1]12월'!$E$19)/1000-E15-E16-E17 -> 52.588339 | F18: =+('[2]12월'!$F$10+'[2]12월'!$F$19)/1000-F15-F16-F17 -> -361.81797 | G18: =+F18-E18 -> -414.40631 | H18: =+('[3]12월'!$F$10+'[3]12월'!$F$19)/1000-H15-H16-H17 -> -311.60497 | I18: =+F18-H18 -> -50.213 | J18: =+('[1]12월누계'!$E$10+'[1]12월누계'!$E$19)/1000-J15-J16-J17 -> 730.5877 | K18: =+('[2]12월누계'!$F$10+'[2]12월누계'!$F$19)/1000-K15-K16-K17 -> -759.25683 | L18: =+K18-J18 -> -1489.8445 | M18: =+('[3]12월누계'!$F$10+'[3]12월누계'!$F$19)/1000-M15-M16-M17 -> -850.21687 | N18: =+K18-M18 -> 90.960035 | R18: 영남권 | S18: =+[4]영남권!$Q$90 -> 20914.481 | T18: =+[4]영남권!$R$90 -> 16030.47 | U18: =+T18-S18 -> -4884.0109 | V18: =+[5]영남권!$Q$90 -> 19812.809 | W18: =+T18-V18 -> -3782.3396
C19: 계 | E19: =SUM(E15:E18) -> 42693.848 | F19: =SUM(F15:F18) -> 30354.498 | G19: =+F19-E19 -> -12339.351 | H19: =SUM(H15:H18) -> 34251.094 | I19: =+F19-H19 -> -3896.5958 | J19: =SUM(J15:J18) -> 461772.22 | K19: =SUM(K15:K18) -> 369520.92 | L19: =+K19-J19 -> -92251.298 | M19: =SUM(M15:M18) -> 415855.61 | N19: =+K19-M19 -> -46334.689 | R19: 중부권 | S19: =+[4]중부권!$Q$90 -> 27838.304 | T19: =+[4]중부권!$R$90 -> 21908.921 | U19: =+T19-S19 -> -5929.3833 | V19: =+[5]중부권!$Q$90 -> 22923.655 | W19: =+T19-V19 -> -1014.7342
C20: 매출이익 | D20: 레미콘 | E20: =+E10-E15 -> 4242.0899 | F20: =+F10-F15 -> 938.87128 | G20: =+F20-E20 -> -3303.2186 | H20: =+H10-H15 -> 1574.2675 | I20: =+F20-H20 -> -635.39625 | J20: =+J10-J15 -> 40983.437 | K20: =+K10-K15 -> 21104.335 | L20: =+K20-J20 -> -19879.102 | M20: =+M10-M15 -> 41626.51 | N20: =+K20-M20 -> -20522.175 | Q20: 계 | S20: =+[4]합계!$Q$90 -> 21505.247 | T20: =+[4]합계!$R$90 -> 15710.962 | U20: =+T20-S20 -> -5794.2848 | V20: =+[5]합계!$Q$90 -> 17589.968 | W20: =+T20-V20 -> -1879.0055
D21: 건자재 | E21: =+E11-E16 -> 383.95702 | F21: =+F11-F16 -> 106.17221 | G21: =+F21-E21 -> -277.7848 | H21: =+H11-H16 -> 135.84455 | I21: =+F21-H21 -> -29.67234 | J21: =+J11-J16 -> 4052.6285 | K21: =+K11-K16 -> 1713.299 | L21: =+K21-J21 -> -2339.3295 | M21: =+M11-M16 -> 2296.8608 | N21: =+K21-M21 -> -583.56181 | Q21: □ 건자재
D22: 골재 | E22: =+E12-E17 -> 239.89088 | F22: =+F12-F17 -> -276.28537 | G22: =+F22-E22 -> -516.17625 | H22: =+H12-H17 -> -373.6856 | I22: =+F22-H22 -> 97.400231 | J22: =+J12-J17 -> 2792.8227 | K22: =+K12-K17 -> -750.46614 | L22: =+K22-J22 -> -3543.2889 | M22: =+M12-M17 -> 6.034136 | N22: =+K22-M22 -> -756.50028 | Q22: 구분 | S22: 계획 | T22: 실적 | U22: 계획대비 | V22: 전년 | W22: 전년대비
D23: 기타 | E23: =+E13-E18 -> 89.939828 | F23: =+F13-F18 -> 480.71008 | G23: =+F23-E23 -> 390.77025 | H23: =+H13-H18 -> 476.81676 | I23: =+F23-H23 -> 3.893318 | J23: =+J13-J18 -> 1053.9703 | K23: =+K13-K18 -> 2302.192 | L23: =+K23-J23 -> 1248.2217 | M23: =+M13-M18 -> 2837.1242 | N23: =+K23-M23 -> -534.9322 | Q23: 철강재 판매단가 | S23: =+'[6]12월'!$F$10 -> 872900.76 | T23: =+'[6]12월'!$G$10 -> 717670.74 | U23: =+T23-S23 -> -155230.03 | V23: =+'[7]12월'!$G$10 -> 752238.02 | W23: =+T23-V23 -> -34567.281
C24: 계 | E24: =SUM(E20:E23) -> 4955.8776 | F24: =SUM(F20:F23) -> 1249.4682 | G24: =+F24-E24 -> -3706.4094 | H24: =SUM(H20:H23) -> 1813.2432 | I24: =+F24-H24 -> -563.77504 | J24: =SUM(J20:J23) -> 48882.859 | K24: =SUM(K20:K23) -> 24369.36 | L24: =+K24-J24 -> -24513.499 | M24: =SUM(M20:M23) -> 46766.529 | N24: =+K24-M24 -> -22397.169 | Q24: 철강재 마진률 | S24: =+'[6]12월'!$F$15 -> 0.024000656 | T24: =+'[6]12월'!$G$15 -> 0.010004349 | U24: =+T24-S24 -> -0.013996307 | V24: =+'[6]12월'!$G$15 -> 0.010004349 | W24: =+T24-V24 -> 0
C25: 판관비 | D25: 레미콘 | E25: =+('[1]12월'!$Z$13+'[1]12월'!$Z$20)/1000 -> 650.54596 | F25: =+('[2]12월'!$Z$13+'[2]12월'!$Z$20)/1000 -> 729.37211 | G25: =+F25-E25 -> 78.826154 | H25: =+('[3]12월'!$Z$13+'[3]12월'!$Z$20)/1000 -> 1006.0437 | I25: =+F25-H25 -> -276.67163 | J25: =+('[1]12월누계'!$Z$13+'[1]12월누계'!$Z$20)/1000 -> 8051.8491 | K25: =+('[2]12월누계'!$Z$13+'[2]12월누계'!$Z$20)/1000 -> 8328.1838 | L25: =+K25-J25 -> 276.33462 | M25: =+('[3]12월누계'!$Z$13+'[3]12월누계'!$Z$20)/1000 -> 8589.226 | N25: =+K25-M25 -> -261.04221 | Q25: □ 골재
D26: 건자재 | E26: =+('[1]12월'!$AA$13+'[1]12월'!$AA$20)/1000 -> 124.11733 | F26: =+('[2]12월'!$AO$13+'[2]12월'!$AO$20)/1000 -> 170.1817 | G26: =+F26-E26 -> 46.064372 | H26: =+('[3]12월'!$AO$13+'[3]12월'!$AO$20)/1000 -> 236.94663 | I26: =+F26-H26 -> -66.764925 | J26: =+('[1]12월누계'!$AA$13+'[1]12월누계'!$AA$20)/1000 -> 1529.6639 | K26: =+('[2]12월누계'!$AO$13+'[2]12월누계'!$AO$20)/1000 -> 1831.067 | L26: =+K26-J26 -> 301.40318 | M26: =+('[3]12월누계'!$AO$13+'[3]12월누계'!$AO$20)/1000 -> 1796.1025 | N26: =+K26-M26 -> 34.964545 | Q26: 구분 | S26: 계획 | T26: 실적 | U26: 계획대비 | V26: 전년 | W26: 전년대비
D27: 골재 | E27: =+('[1]12월'!$AE$13+'[1]12월'!$AE$20+'[1]12월'!$AE$22)/1000 -> 46.808212 | F27: =+('[2]12월'!$AN$13+'[2]12월'!$AN$20+'[2]12월'!$AN$22)/1000 -> 53.299383 | G27: =+F27-E27 -> 6.4911714 | H27: =+('[3]12월'!$AN$13+'[3]12월'!$AN$20+'[3]12월'!$AN$22)/1000 -> 93.516636 | I27: =+F27-H27 -> -40.217253 | J27: =+('[1]12월누계'!$AE$13+'[1]12월누계'!$AE$20+'[1]12월누계'!$AE$22)/1000 -> 575.56519 | K27: =+('[2]12월누계'!$AN$13+'[2]12월누계'!$AN$20+'[2]12월누계'!$AN$22)/1000 -> 585.00614 | L27: =+K27-J27 -> 9.4409562 | M27: =+('[3]12월누계'!$AN$13+'[3]12월누계'!$AN$20+'[3]12월누계'!$AN$22)/1000 -> 767.34051 | N27: =+K27-M27 -> -182.33437 | Q27: 판매량 | R27: 자가 | S27: =+[8]원가손익!$W$10+[9]원가손익!$W$13+[10]손익!$F$10 -> 65317.754 | T27: =+[8]원가손익!$X$10+[9]원가손익!$X$13+[10]손익!$G$10 -> 48483 | U27: =+T27-S27 -> -16834.754 | V27: =+'[11]부산모래장(당월)'!$S$85 -> 38160 | W27: =+T27-V27 -> 10323
D28: 기타 | E28: =+('[1]12월'!$E$13+'[1]12월'!$E$20)/1000-E25-E26-E27+('[1]12월'!$E$22/1000) -> 1370.0183 | F28: =+('[2]12월'!$F$13+'[2]12월'!$F$20)/1000-F25-F26-F27+'[2]12월'!$F$22/1000 -> 2301.478 | G28: =+F28-E28 -> 931.45968 | H28: =+('[3]12월'!$F$13+'[3]12월'!$F$20)/1000-H25-H26-H27+'[3]12월'!$F$22/1000 -> 1782.9466 | I28: =+F28-H28 -> 518.53141 | J28: =+('[1]12월누계'!$E$13+'[1]12월누계'!$E$20)/1000-J25-J26-J27+('[1]12월누계'!$E$22/1000) -> 18722.697 | K28: =+('[2]12월누계'!$F$13+'[2]12월누계'!$F$20)/1000-K25-K26-K27+'[2]12월누계'!$F$22/1000 -> 21391.006 | L28: =+K28-J28 -> 2668.3087 | M28: =+('[3]12월누계'!$F$13+'[3]12월누계'!$F$20)/1000-M25-M26-M27+'[3]12월누계'!$F$22/1000 -> 18296.109 | N28: =+K28-M28 -> 3094.8973 | R28: 외판 | S28: =+[8]원가손익!$W$14+[9]원가손익!$W$15+[10]손익!$F$12 -> 49230 | T28: =+[8]원가손익!$X$14+[9]원가손익!$X$15+[10]손익!$G$12 -> 19445 | U28: =+T28-S28 -> -29785 | V28: =+'[11]부산모래장(당월)'!$S$86 -> 21520 | W28: =+T28-V28 -> -2075
C29: 계 | E29: =SUM(E25:E28) -> 2191.4898 | F29: =SUM(F25:F28) -> 3254.3312 | G29: =+F29-E29 -> 1062.8414 | H29: =SUM(H25:H28) -> 3119.4536 | I29: =+F29-H29 -> 134.87759 | J29: =SUM(J25:J28) -> 28879.775 | K29: =SUM(K25:K28) -> 32135.263 | L29: =+K29-J29 -> 3255.4875 | M29: =SUM(M25:M28) -> 29448.778 | N29: =+K29-M29 -> 2686.4853 | Q29: 합 계 | S29: =SUM(S27:S28) -> 114547.75 | T29: =SUM(T27:T28) -> 67928 | U29: =+T29-S29 -> -46619.754 | V29: =SUM(V27:V28) -> 59680 | W29: =+T29-V29 -> 8248
C30: 영업이익 | D30: 레미콘 | E30: =+E20-E25 -> 3591.544 | F30: =+F20-F25 -> 209.49917 | G30: =+F30-E30 -> -3382.0448 | H30: =+H20-H25 -> 568.22379 | I30: =+F30-H30 -> -358.72461 | J30: =+J20-J25 -> 32931.588 | K30: =+K20-K25 -> 12776.151 | L30: =+K30-J30 -> -20155.437 | M30: =+M20-M25 -> 33037.284 | N30: =+K30-M30 -> -20261.133 | Q30: □ 기타내역(영업이익)
D31: % | E31: =+E30/E10 -> 0.11529392 | F31: =+F30/F10 -> 0.0090117446 | G31: =+F31-E31 -> -0.10628217 | H31: =+H30/H10 -> 0.020911562 | I31: =+F31-H31 -> -0.011899817 | J31: =+J30/J10 -> 0.097823159 | K31: =+K30/K10 -> 0.046105661 | L31: =+K31-J31 -> -0.051717498 | M31: =+M30/M10 -> 0.097292891 | N31: =+K31-M31 -> -0.051187231 | Q31: 구분 | S31: 계획 | T31: 실적 | U31: 계획대비 | V31: 전년 | W31: 전년대비
D32: 건자재 | E32: =+E21-E26 -> 259.83969 | F32: =+F21-F26 -> -64.009488 | G32: =+F32-E32 -> -323.84918 | H32: =+H21-H26 -> -101.10207 | I32: =+F32-H32 -> 37.092585 | J32: =+J21-J26 -> 2522.9646 | K32: =+K21-K26 -> -117.76808 | L32: =+K32-J32 -> -2640.7327 | M32: =+M21-M26 -> 500.75828 | N32: =+K32-M32 -> -618.52635 | Q32: 레미콘임대 | S32: =+'사업장별(당월)'!T33 -> 51.473204 | T32: =+'사업장별(당월)'!U33 -> 26.777421 | U32: =+T32-S32 -> -24.695783 | V32: =+'사업장별(당월)'!W33 -> 76.068675 | W32: =+T32-V32 -> -49.291254
D33: 골재 | E33: =+E22-E27 -> 193.08267 | F33: =+F22-F27 -> -329.58475 | G33: =+F33-E33 -> -522.66742 | H33: =+H22-H27 -> -467.20224 | I33: =+F33-H33 -> 137.61748 | J33: =+J22-J27 -> 2217.2575 | K33: =+K22-K27 -> -1335.4723 | L33: =+K33-J33 -> -3552.7298 | M33: =+M22-M27 -> -761.30637 | N33: =+K33-M33 -> -574.16592 | Q33: 임대 | S33: =+'사업장별(당월)'!T34 -> 76.533944 | T33: =+'사업장별(당월)'!U34 -> 70.357762 | U33: =+T33-S33 -> -6.176182 | V33: =+'사업장별(당월)'!W34 -> 75.153125 | W33: =+T33-V33 -> -4.795363
D34: 기타 | E34: =+E23-E28 -> -1280.0785 | F34: =+F23-F28 -> -1820.7679 | G34: =+F34-E34 -> -540.68943 | H34: =+H23-H28 -> -1306.1298 | I34: =+F34-H34 -> -514.63809 | J34: =+J23-J28 -> -17668.727 | K34: =+K23-K28 -> -19088.814 | L34: =+K34-J34 -> -1420.0871 | M34: =+M23-M28 -> -15458.984 | N34: =+K34-M34 -> -3629.8295 | Q34: 공통비 | S34: =+'사업장별(당월)'!T35 -> -1332.7153 | T34: =+'사업장별(당월)'!U35 -> -1845.4587 | U34: =+T34-S34 -> -512.74347 | V34: =+'사업장별(당월)'!W35 -> -2089.6312 | W34: =+T34-V34 -> 244.17248
C35: 계 | E35: =SUM(E30,E32:E34) -> 2764.3878 | F35: =SUM(F30,F32:F34) -> -2004.863 | G35: =+F35-E35 -> -4769.2508 | H35: =SUM(H30,H32:H34) -> -1306.2103 | I35: =+F35-H35 -> -698.65263 | J35: =SUM(J30,J32:J34) -> 20003.083 | K35: =SUM(K30,K32:K34) -> -7765.903 | L35: =+K35-J35 -> -27768.986 | M35: =SUM(M30,M32:M34) -> 17317.751 | N35: =+K35-M35 -> -25083.654 | Q35: 기타 | S35: =+S36-S32-S33-S34 -> -75.370363 | T35: =+T36-T32-T33-T34 -> -72.44436 | U35: =+T35-S35 -> 2.926003 | V35: =+V36-V32-V33-V34 -> 632.27959 | W35: =+T35-V35 -> -704.72395
D36: % | E36: =+E35/E14 -> 0.058014769 | F36: =+F35/F14 -> -0.063437069 | G36: =+F36-E36 -> -0.12145184 | H36: =+H35/H14 -> -0.036218892 | I36: =+F36-H36 -> -0.027218176 | J36: =+J35/J14 -> 0.039171418 | K36: =+K35/K14 -> -0.019715904 | L36: =+K36-J36 -> -0.058887322 | M36: =+M35/M14 -> 0.037433901 | N36: =+K36-M36 -> -0.057149806 | Q36: 합계 | S36: =+'사업장별(당월)'!T41 -> -1280.0785 | T36: =+'사업장별(당월)'!U41 -> -1820.7679 | U36: =+T36-S36 -> -540.68943 | V36: =+'사업장별(당월)'!W41 -> -1306.1298 | W36: =+T36-V36 -> -514.63809
E38: =+'[1]12월'!$E$26/1000 -> 2764.3878 | F38: =+'[2]12월'!$F$26/1000 -> -2004.863 | H38: =+'[3]12월'!$F$26/1000 -> -1306.2103 | J38: =+'[1]12월누계'!$E$26/1000 -> 20003.083 | K38: =+'[2]12월누계'!$F$26/1000 -> -7765.903 | M38: =+'[3]12월누계'!$F$26/1000 -> 17317.751
E39: =+E35=E38 -> TRUE | F39: =+F35=F38 -> TRUE | H39: =+H35=H38 -> FALSE | J39: =+J35=J38 -> TRUE | K39: =+K35=K38 -> FALSE | M39: =+M35=M38 -> TRUE
E40: =+E35-E38 -> 0 | F40: =+F35-F38 -> 0 | H40: =+H35-H38 -> 2.7284841e-12 | J40: =+J35-J38 -> 0 | K40: =+K35-K38 -> 9.094947e-12 | M40: =+M35-M38 -> 0

Sheet 레미콘 영업이익
H3: □ 레미콘 영업이익(12월)
H5: 구분 | J5: 12월 | T5: 12월누계
J6: 영업이익(공통비 배부전) | O6: 영업이익(공통비 배부후) | T6: 영업이익(공통비 배부전) | Y6: 영업이익(공통비 배부전)
A7: 2024년 12월 마감 손익 | J7: 계획 | K7: 실적 | L7: 차이 | M7: 전년 | N7: 차이 | O7: 계획 | P7: 실적 | Q7: 차이 | R7: 전년 | S7: 차이 | T7: 계획 | U7: 실적 | V7: 차이 | W7: 전년 | X7: 차이 | Y7: 계획 | Z7: 실적 | AA7: 차이 | AB7: 전년 | AC7: 차이
B8: 안양 | H8: 레미콘 | I8: 안양 | J8: =+[4]안양!$H$86/1000 -> 565.37708 | K8: =+[4]안양!$I$86/1000 -> 188.84256 | L8: =+K8-J8 -> -376.53452 | M8: =+[5]안양!$H$86/1000 -> 51.528149 | N8: =+K8-M8 -> 137.31441 | O8: =+[4]안양!$H$92/1000 -> 383.20058 | P8: =+[4]안양!$I$92/1000 -> -59.396898 | Q8: =+P8-O8 -> -442.59748 | R8: =+[5]안양!$H$92/1000 -> -206.13204 | S8: =+P8-R8 -> 146.73514 | T8: =+[12]안양!$H$86/1000 -> 4666.8369 | U8: =+[12]안양!$I$86/1000 -> 2559.8566 | V8: =+U8-T8 -> -2106.9803 | W8: =+[13]안양!$H$86/1000 -> 3848.9545 | X8: =+U8-W8 -> -1289.0979 | Y8: =+[12]안양!$H$92/1000 -> 2209.069 | Z8: =+[12]안양!$I$92/1000 -> 95.736318 | AA8: =+Z8-Y8 -> -2113.3327 | AB8: =+[13]안양!$H$92/1000 -> 1592.6727 | AC8: =+Z8-AB8 -> -1496.9364
B9: 인천 | H9: 직영 | I9: 인천 | J9: =+[4]인천!$H$86/1000 -> 335.03112 | K9: =+[4]인천!$I$86/1000 -> -60.530205 | L9: =+K9-J9 -> -395.56132 | M9: =+[5]인천!$H$86/1000 -> -49.54122 | N9: =+K9-M9 -> -10.988985 | O9: =+[4]인천!$H$92/1000 -> 193.1235 | P9: =+[4]인천!$I$92/1000 -> -302.30796 | Q9: =+P9-O9 -> -495.43146 | R9: =+[5]인천!$H$92/1000 -> -278.45659 | S9: =+P9-R9 -> -23.851362 | T9: =+[12]인천!$H$86/1000 -> 2196.5597 | U9: =+[12]인천!$I$86/1000 -> 111.4287 | V9: =+U9-T9 -> -2085.131 | W9: =+[13]인천!$H$86/1000 -> 1685.1571 | X9: =+U9-W9 -> -1573.7284 | Y9: =+[12]인천!$H$92/1000 -> 396.11317 | Z9: =+[12]인천!$I$92/1000 -> -2027.5849 | AA9: =+Z9-Y9 -> -2423.6981 | AB9: =+[13]인천!$H$92/1000 -> 8.1562106 | AC9: =+Z9-AB9 -> -2035.7412
B10: 파주 | I10: 파주 | J10: =+[4]파주!$H$86/1000 -> 89.794589 | K10: =+[4]파주!$I$86/1000 -> -96.411096 | L10: =+K10-J10 -> -186.20569 | M10: =+[5]파주!$H$86/1000 -> -160.22943 | N10: =+K10-M10 -> 63.81833 | O10: =+[4]파주!$H$92/1000 -> 4.1327756 | P10: =+[4]파주!$I$92/1000 -> -200.94707 | Q10: =+P10-O10 -> -205.07985 | R10: =+[5]파주!$H$92/1000 -> -276.8739 | S10: =+P10-R10 -> 75.926832 | T10: =+[12]파주!$H$86/1000 -> 1246.0797 | U10: =+[12]파주!$I$86/1000 -> -546.10741 | V10: =+U10-T10 -> -1792.1871 | W10: =+[13]파주!$H$86/1000 -> 1613.3619 | X10: =+U10-W10 -> -2159.4694 | Y10: =+[12]파주!$H$92/1000 -> -34.880022 | Z10: =+[12]파주!$I$92/1000 -> -1519.2808 | AA10: =+Z10-Y10 -> -1484.4008 | AB10: =+[13]파주!$H$92/1000 -> 217.97169 | AC10: =+Z10-AB10 -> -1737.2525
B11: 김포 | I11: 김포 | J11: =+[4]김포!$H$86/1000 -> 122.15246 | K11: =+[4]김포!$I$86/1000 -> -39.531496 | L11: =+K11-J11 -> -161.68395 | M11: =+[5]김포!$H$86/1000 -> -46.29355 | N11: =+K11-M11 -> 6.762054 | O11: =+[4]김포!$H$92/1000 -> 60.871439 | P11: =+[4]김포!$I$92/1000 -> -130.05978 | Q11: =+P11-O11 -> -190.93122 | R11: =+[5]김포!$H$92/1000 -> -142.47428 | S11: =+P11-R11 -> 12.414501 | T11: =+[12]김포!$H$86/1000 -> 1105.9959 | U11: =+[12]김포!$I$86/1000 -> -65.109122 | V11: =+U11-T11 -> -1171.105 | W11: =+[13]김포!$H$86/1000 -> 988.38396 | X11: =+U11-W11 -> -1053.4931 | Y11: =+[12]김포!$H$92/1000 -> 254.18413 | Z11: =+[12]김포!$I$92/1000 -> -853.96285 | AA11: =+Z11-Y11 -> -1108.147 | AB11: =+[13]김포!$H$92/1000 -> 282.32826 | AC11: =+Z11-AB11 -> -1136.2911
B12: 부산 | I12: 부산 | J12: =+[4]부산!$H$86/1000 -> 231.81377 | K12: =+[4]부산!$I$86/1000 -> 159.61886 | L12: =+K12-J12 -> -72.194902 | M12: =+[5]부산!$H$86/1000 -> 92.183809 | N12: =+K12-M12 -> 67.435055 | O12: =+[4]부산!$H$92/1000 -> 128.62069 | P12: =+[4]부산!$I$92/1000 -> -38.474903 | Q12: =+P12-O12 -> -167.09559 | R12: =+[5]부산!$H$92/1000 -> -61.779739 | S12: =+P12-R12 -> 23.304836 | T12: =+[12]부산!$H$86/1000 -> 2244.4959 | U12: =+[12]부산!$I$86/1000 -> 2270.3055 | V12: =+U12-T12 -> 25.809573 | W12: =+[13]부산!$H$86/1000 -> 2318.2684 | X12: =+U12-W12 -> -47.962912 | Y12: =+[12]부산!$H$92/1000 -> 832.91145 | Z12: =+[12]부산!$I$92/1000 -> 466.65306 | AA12: =+Z12-Y12 -> -366.25839 | AB12: =+[13]부산!$H$92/1000 -> 1006.9671 | AC12: =+Z12-AB12 -> -540.31404
B13: 서부산 | I13: 서부산 | J13: =+[4]서부산!$H$86/1000 -> 266.46368 | K13: =+[4]서부산!$I$86/1000 -> 119.86852 | L13: =+K13-J13 -> -146.59516 | M13: =+[5]서부산!$H$86/1000 -> 163.09231 | N13: =+K13-M13 -> -43.223798 | O13: =+[4]서부산!$H$92/1000 -> 166.99471 | P13: =+[4]서부산!$I$92/1000 -> -42.724481 | Q13: =+P13-O13 -> -209.71919 | R13: =+[5]서부산!$H$92/1000 -> -20.503483 | S13: =+P13-R13 -> -22.220998 | T13: =+[12]서부산!$H$86/1000 -> 2343.0768 | U13: =+[12]서부산!$I$86/1000 -> 1539.9346 | V13: =+U13-T13 -> -803.14218 | W13: =+[13]서부산!$H$86/1000 -> 2578.5722 | X13: =+U13-W13 -> -1038.6376 | Y13: =+[12]서부산!$H$92/1000 -> 1050.5688 | Z13: =+[12]서부산!$I$92/1000 -> 105.35186 | AA13: =+Z13-Y13 -> -945.21695 | AB13: =+[13]서부산!$H$92/1000 -> 1254.8137 | AC13: =+Z13-AB13 -> -1149.4619
B14: 김해 | I14: 김해 | J14: =+[4]김해!$H$86/1000 -> 149.52483 | K14: =+[4]김해!$I$86/1000 -> -123.04865 | L14: =+K14-J14 -> -272.57348 | M14: =+[5]김해!$H$86/1000 -> -58.225946 | N14: =+K14-M14 -> -64.822704 | O14: =+[4]김해!$H$92/1000 -> 82.419352 | P14: =+[4]김해!$I$92/1000 -> -164.33592 | Q14: =+P14-O14 -> -246.75527 | R14: =+[5]김해!$H$92/1000 -> -147.31411 | S14: =+P14-R14 -> -17.021801 | T14: =+[12]김해!$H$86/1000 -> 1458.3037 | U14: =+[12]김해!$I$86/1000 -> -508.92871 | V14: =+U14-T14 -> -1967.2324 | W14: =+[13]김해!$H$86/1000 -> 746.29403 | X14: =+U14-W14 -> -1255.2227 | Y14: =+[12]김해!$H$92/1000 -> 562.67173 | Z14: =+[12]김해!$I$92/1000 -> -1123.3947 | AA14: =+Z14-Y14 -> -1686.0665 | AB14: =+[13]김해!$H$92/1000 -> -37.138406 | AC14: =+Z14-AB14 -> -1086.2563
B15: 정관 | I15: 정관 | J15: =+[4]정관!$H$86/1000 -> 208.30033 | K15: =+[4]정관!$I$86/1000 -> 0.431591 | L15: =+K15-J15 -> -207.86874 | M15: =+[5]정관!$H$86/1000 -> 101.28182 | N15: =+K15-M15 -> -100.85023 | O15: =+[4]정관!$H$92/1000 -> 115.0111 | P15: =+[4]정관!$I$92/1000 -> -138.32215 | Q15: =+P15-O15 -> -253.33325 | R15: =+[5]정관!$H$92/1000 -> -76.666762 | S15: =+P15-R15 -> -61.655389 | T15: =+[12]정관!$H$86/1000 -> 1986.809 | U15: =+[12]정관!$I$86/1000 -> 1811.5968 | V15: =+U15-T15 -> -175.21221 | W15: =+[13]정관!$H$86/1000 -> 1985.4719 | X15: =+U15-W15 -> -173.87507 | Y15: =+[12]정관!$H$92/1000 -> 699.71892 | Z15: =+[12]정관!$I$92/1000 -> 67.514547 | AA15: =+Z15-Y15 -> -632.20438 | AB15: =+[13]정관!$H$92/1000 -> 725.0019 | AC15: =+Z15-AB15 -> -657.48735
B16: 양산 | I16: 양산 | J16: =+[4]양산!$H$86/1000 -> 115.63862 | K16: =+[4]양산!$I$86/1000 -> -104.9457 | L16: =+K16-J16 -> -220.58432 | M16: =+[5]양산!$H$86/1000 -> -28.828367 | N16: =+K16-M16 -> -76.117332 | O16: =+[4]양산!$H$92/1000 -> 62.391339 | P16: =+[4]양산!$I$92/1000 -> -153.85482 | Q16: =+P16-O16 -> -216.24616 | R16: =+[5]양산!$H$92/1000 -> -103.32208 | S16: =+P16-R16 -> -50.532736 | T16: =+[12]양산!$H$86/1000 -> 1150.752 | U16: =+[12]양산!$I$86/1000 -> -221.93098 | V16: =+U16-T16 -> -1372.683 | W16: =+[13]양산!$H$86/1000 -> 1156.0376 | X16: =+U16-W16 -> -1377.9686 | Y16: =+[12]양산!$H$92/1000 -> 428.52421 | Z16: =+[12]양산!$I$92/1000 -> -762.50579 | AA16: =+Z16-Y16 -> -1191.03 | AB16: =+[13]양산!$H$92/1000 -> 443.31351 | AC16: =+Z16-AB16 -> -1205.8193
B17: 창원 | I17: 창원 | J17: =+[4]창원!$H$86/1000 -> 309.29623 | K17: =+[4]창원!$I$86/1000 -> 53.035499 | L17: =+K17-J17 -> -256.26073 | M17: =+[5]창원!$H$86/1000 -> 72.758357 | N17: =+K17-M17 -> -19.722858 | O17: =+[4]창원!$H$92/1000 -> 225.02598 | P17: =+[4]창원!$I$92/1000 -> -36.530083 | Q17: =+P17-O17 -> -261.55606 | R17: =+[5]창원!$H$92/1000 -> -25.335978 | S17: =+P17-R17 -> -11.194105 | T17: =+[12]창원!$H$86/1000 -> 1688.4607 | U17: =+[12]창원!$I$86/1000 -> 385.41136 | V17: =+U17-T17 -> -1303.0494 | W17: =+[13]창원!$H$86/1000 -> 2645.614 | X17: =+U17-W17 -> -2260.2027 | Y17: =+[12]창원!$H$92/1000 -> 831.71486 | Z17: =+[12]창원!$I$92/1000 -> -379.43658 | AA17: =+Z17-Y17 -> -1211.1514 | AB17: =+[13]창원!$H$92/1000 -> 1610.085 | AC17: =+Z17-AB17 -> -1989.5216
B18: 대구 | I18: 대구 | J18: =+[4]대구!$H$86/1000 -> 102.30373 | K18: =+[4]대구!$I$86/1000 -> -127.9319 | L18: =+K18-J18 -> -230.23563 | M18: =+[5]대구!$H$86/1000 -> 168.03998 | N18: =+K18-M18 -> -295.97188 | O18: =+[4]대구!$H$92/1000 -> 51.462096 | P18: =+[4]대구!$I$92/1000 -> -156.22518 | Q18: =+P18-O18 -> -207.68728 | R18: =+[5]대구!$H$92/1000 -> 27.974852 | S18: =+P18-R18 -> -184.20003 | T18: =+[12]대구!$H$86/1000 -> 1302.9749 | U18: =+[12]대구!$I$86/1000 -> -172.18243 | V18: =+U18-T18 -> -1475.1573 | W18: =+[13]대구!$H$86/1000 -> 2551.5007 | X18: =+U18-W18 -> -2723.6831 | Y18: =+[12]대구!$H$92/1000 -> 529.97286 | Z18: =+[12]대구!$I$92/1000 -> -841.86908 | AA18: =+Z18-Y18 -> -1371.8419 | AB18: =+[13]대구!$H$92/1000 -> 1558.0893 | AC18: =+Z18-AB18 -> -2399.9584
B19: 울산 | I19: 울산 | J19: =+[4]울산!$H$86/1000 -> 117.75726 | K19: =+[4]울산!$I$86/1000 -> 66.511149 | L19: =+K19-J19 -> -51.246106 | M19: =+[5]울산!$H$86/1000 -> 24.366226 | N19: =+K19-M19 -> 42.144923 | O19: =+[4]울산!$H$92/1000 -> 61.230419 | P19: =+[4]울산!$I$92/1000 -> -46.272002 | Q19: =+P19-O19 -> -107.50242 | R19: =+[5]울산!$H$92/1000 -> -74.628237 | S19: =+P19-R19 -> 28.356235 | T19: =+[12]울산!$H$86/1000 -> 1182.519 | U19: =+[12]울산!$I$86/1000 -> 1075.6328 | V19: =+U19-T19 -> -106.88617 | W19: =+[13]울산!$H$86/1000 -> 1432.4138 | X19: =+U19-W19 -> -356.78103 | Y19: =+[12]울산!$H$92/1000 -> 375.05523 | Z19: =+[12]울산!$I$92/1000 -> 113.30687 | AA19: =+Z19-Y19 -> -261.74836 | AB19: =+[13]울산!$H$92/1000 -> 687.88007 | AC19: =+Z19-AB19 -> -574.5732
B20: 아산 | I20: 아산 | J20: =+[4]아산!$H$86/1000 -> 333.50742 | K20: =+[4]아산!$I$86/1000 -> 68.806506 | L20: =+K20-J20 -> -264.70091 | M20: =+[5]아산!$H$86/1000 -> 58.469241 | N20: =+K20-M20 -> 10.337265 | O20: =+[4]아산!$H$92/1000 -> 228.084 | P20: =+[4]아산!$I$92/1000 -> -82.739351 | Q20: =+P20-O20 -> -310.82335 | R20: =+[5]아산!$H$92/1000 -> -112.56156 | S20: =+P20-R20 -> 29.822212 | T20: =+[12]아산!$H$86/1000 -> 3587.5204 | U20: =+[12]아산!$I$86/1000 -> 1088.7266 | V20: =+U20-T20 -> -2498.7938 | W20: =+[13]아산!$H$86/1000 -> 4186.6874 | X20: =+U20-W20 -> -3097.9608 | Y20: =+[12]아산!$H$92/1000 -> 2172.6822 | Z20: =+[12]아산!$I$92/1000 -> -520.89959 | AA20: =+Z20-Y20 -> -2693.5818 | AB20: =+[13]아산!$H$92/1000 -> 2612.1804 | AC20: =+Z20-AB20 -> -3133.08
B21: 전주 | I21: 전주 | J21: =+[4]전주!$H$86/1000 -> 158.26084 | K21: =+[4]전주!$I$86/1000 -> 24.639246 | L21: =+K21-J21 -> -133.6216 | M21: =+[5]전주!$H$86/1000 -> 10.653327 | N21: =+K21-M21 -> 13.985919 | O21: =+[4]전주!$H$92/1000 -> 112.73126 | P21: =+[4]전주!$I$92/1000 -> -59.653322 | Q21: =+P21-O21 -> -172.38459 | R21: =+[5]전주!$H$92/1000 -> -63.877252 | S21: =+P21-R21 -> 4.2239295 | T21: =+[12]전주!$H$86/1000 -> 1511.1574 | U21: =+[12]전주!$I$86/1000 -> 1437.3909 | V21: =+U21-T21 -> -73.766492 | W21: =+[13]전주!$H$86/1000 -> 640.017 | X21: =+U21-W21 -> 797.37393 | Y21: =+[12]전주!$H$92/1000 -> 854.74793 | Z21: =+[12]전주!$I$92/1000 -> 460.04775 | AA21: =+Z21-Y21 -> -394.70018 | AB21: =+[13]전주!$H$92/1000 -> 143.44046 | AC21: =+Z21-AB21 -> 316.60729
B22: 군산 | I22: 군산 | J22: =+[4]군산!$H$86/1000 -> 198.94578 | K22: =+[4]군산!$I$86/1000 -> 36.294072 | L22: =+K22-J22 -> -162.65171 | M22: =+[5]군산!$H$86/1000 -> 80.152254 | N22: =+K22-M22 -> -43.858182 | O22: =+[4]군산!$H$92/1000 -> 164.83152 | P22: =+[4]군산!$I$92/1000 -> 5.549201 | Q22: =+P22-O22 -> -159.28232 | R22: =+[5]군산!$H$92/1000 -> 35.722282 | S22: =+P22-R22 -> -30.173081 | T22: =+[12]군산!$H$86/1000 -> 2246.823 | U22: =+[12]군산!$I$86/1000 -> 1077.3261 | V22: =+U22-T22 -> -1169.4969 | W22: =+[13]군산!$H$86/1000 -> 2923.9684 | X22: =+U22-W22 -> -1846.6423 | Y22: =+[12]군산!$H$92/1000 -> 1767.4933 | Z22: =+[12]군산!$I$92/1000 -> 675.37605 | AA22: =+Z22-Y22 -> -1092.1173 | AB22: =+[13]군산!$H$92/1000 -> 2379.6403 | AC22: =+Z22-AB22 -> -1704.2643
B23: 원주 | I23: 원주 | J23: =+[4]원주!$H$86/1000 -> 60.992161 | K23: =+[4]원주!$I$86/1000 -> 1.329257 | L23: =+K23-J23 -> -59.662904 | M23: =+[5]원주!$H$86/1000 -> 39.135277 | N23: =+K23-M23 -> -37.80602 | O23: =+[4]원주!$H$92/1000 -> 42.650534 | P23: =+[4]원주!$I$92/1000 -> -27.134323 | Q23: =+P23-O23 -> -69.784857 | R23: =+[5]원주!$H$92/1000 -> 4.8569295 | S23: =+P23-R23 -> -31.991252 | T23: =+[12]원주!$H$86/1000 -> 1009.3797 | U23: =+[12]원주!$I$86/1000 -> 227.5616 | V23: =+U23-T23 -> -781.81808 | W23: =+[13]원주!$H$86/1000 -> 1368.5219 | X23: =+U23-W23 -> -1140.9603 | Y23: =+[12]원주!$H$92/1000 -> 695.34795 | Z23: =+[12]원주!$I$92/1000 -> -32.012262 | AA23: =+Z23-Y23 -> -727.36022 | AB23: =+[13]원주!$H$92/1000 -> 1013.3348 | AC23: =+Z23-AB23 -> -1045.3471
B24: 제주 | I24: 제주 | J24: =+[4]제주!$H$86/1000 -> 226.38407 | K24: =+[4]제주!$I$86/1000 -> 42.520962 | L24: =+K24-J24 -> -183.86311 | M24: =+[5]제주!$H$86/1000 -> 49.681543 | N24: =+K24-M24 -> -7.160581 | O24: =+[4]제주!$H$92/1000 -> 176.0474 | P24: =+[4]제주!$I$92/1000 -> -2.5305222 | Q24: =+P24-O24 -> -178.57792 | R24: =+[5]제주!$H$92/1000 -> -0.035449118 | S24: =+P24-R24 -> -2.4950731 | T24: =+[12]제주!$H$86/1000 -> 2003.8432 | U24: =+[12]제주!$I$86/1000 -> 705.23831 | V24: =+U24-T24 -> -1298.6049 | W24: =+[13]제주!$H$86/1000 -> 368.05902 | X24: =+U24-W24 -> 337.17929 | Y24: =+[12]제주!$H$92/1000 -> 1369.0504 | Z24: =+[12]제주!$I$92/1000 -> 189.54114 | AA24: =+Z24-Y24 -> -1179.5093 | AB24: =+[13]제주!$H$92/1000 -> 95.067342 | AC24: =+Z24-AB24 -> 94.473794
I25: 수도권 | J25: =SUM(J8:J11) -> 1112.3552 | K25: =SUM(K8:K11) -> -7.630242 | L25: =+K25-J25 -> -1119.9855 | M25: =SUM(M8:M11) -> -204.53605 | N25: =+K25-M25 -> 196.9058 | O25: =SUM(O8:O11) -> 641.3283 | P25: =SUM(P8:P11) -> -692.7117 | Q25: =+P25-O25 -> -1334.04 | R25: =SUM(R8:R11) -> -903.93682 | S25: =+P25-R25 -> 211.22512 | T25: =SUM(T8:T11) -> 9215.4722 | U25: =SUM(U8:U11) -> 2060.0688 | V25: =+U25-T25 -> -7155.4034 | W25: =SUM(W8:W11) -> 8135.8575 | X25: =+U25-W25 -> -6075.7887 | Y25: =SUM(Y8:Y11) -> 2824.4862 | Z25: =SUM(Z8:Z11) -> -4305.0923 | AA25: =+Z25-Y25 -> -7129.5786 | AB25: =SUM(AB8:AB11) -> 2101.1289 | AC25: =+Z25-AB25 -> -6406.2212
I26: 영남권 | J26: =SUM(J12:J19) -> 1501.0984 | K26: =SUM(K12:K19) -> 43.539371 | L26: =+K26-J26 -> -1457.5591 | M26: =SUM(M12:M19) -> 534.66819 | N26: =+K26-M26 -> -491.12882 | O26: =SUM(O12:O19) -> 893.15568 | P26: =SUM(P12:P19) -> -776.73953 | Q26: =+P26-O26 -> -1669.8952 | R26: =SUM(R12:R19) -> -481.57554 | S26: =+P26-R26 -> -295.16399 | T26: =SUM(T12:T19) -> 13357.392 | U26: =SUM(U12:U19) -> 6179.8389 | V26: =+U26-T26 -> -7177.5531 | W26: =SUM(W12:W19) -> 15414.173 | X26: =+U26-W26 -> -9234.3337 | Y26: =SUM(Y12:Y19) -> 5311.1381 | Z26: =SUM(Z12:Z19) -> -2354.3798 | AA26: =+Z26-Y26 -> -7665.5179 | AB26: =SUM(AB12:AB19) -> 7249.0122 | AC26: =+Z26-AB26 -> -9603.392
I27: 중부권 | J27: =SUM(J20:J24) -> 978.09028 | K27: =SUM(K20:K24) -> 173.59004 | L27: =+K27-J27 -> -804.50024 | M27: =SUM(M20:M24) -> 238.09164 | N27: =+K27-M27 -> -64.501599 | O27: =SUM(O20:O24) -> 724.34472 | P27: =SUM(P20:P24) -> -166.50832 | Q27: =+P27-O27 -> -890.85304 | R27: =SUM(R20:R24) -> -135.89505 | S27: =+P27-R27 -> -30.613265 | T27: =SUM(T20:T24) -> 10358.724 | U27: =SUM(U20:U24) -> 4536.2435 | V27: =+U27-T27 -> -5822.4802 | W27: =SUM(W20:W24) -> 9487.2538 | X27: =+U27-W27 -> -4951.0102 | Y27: =SUM(Y20:Y24) -> 6859.3219 | Z27: =SUM(Z20:Z24) -> 772.05308 | AA27: =+Z27-Y27 -> -6087.2688 | AB27: =SUM(AB20:AB24) -> 6243.6634 | AC27: =+Z27-AB27 -> -5471.6103
H28: 레미콘 계 | J28: =SUM(J25:J27) -> 3591.544 | K28: =SUM(K25:K27) -> 209.49917 | L28: =+K28-J28 -> -3382.0448 | M28: =SUM(M25:M27) -> 568.22379 | N28: =+K28-M28 -> -358.72461 | O28: =SUM(O25:O27) -> 2258.8287 | P28: =SUM(P25:P27) -> -1635.9596 | Q28: =+P28-O28 -> -3894.7883 | R28: =SUM(R25:R27) -> -1521.4074 | S28: =+P28-R28 -> -114.55214 | T28: =SUM(T25:T27) -> 32931.588 | U28: =SUM(U25:U27) -> 12776.151 | V28: =+U28-T28 -> -20155.437 | W28: =SUM(W25:W27) -> 33037.284 | X28: =+U28-W28 -> -20261.133 | Y28: =SUM(Y25:Y27) -> 14994.946 | Z28: =SUM(Z25:Z27) -> -5887.4191 | AA28: =+Z28-Y28 -> -20882.365 | AB28: =SUM(AB25:AB27) -> 15593.804 | AC28: =+Z28-AB28 -> -21481.224

Sheet 사업장별(당월)
H3: □ 사업장별 손익실적(2025-12)
AG4: [단위 : 천㎥, 톤, 백만원]
H5: 구분 | J5: 물량 | O5: 매출 | T5: 영업이익(공통비 배부전) | Y5: 판매단가 | AB5: 변동비 | AE5: 공헌이익
A6: 2024년 12월 마감 손익 | J6: 계획 | K6: 실적 | L6: 차이 | M6: 전년 | N6: 차이 | O6: 계획 | P6: 실적 | Q6: 차이 | R6: 전년 | S6: 차이 | T6: 계획 | U6: 실적 | V6: 차이 | W6: 전년 | X6: 차이 | Y6: 계획 | Z6: 실적 | AA6: 전년 | AB6: 계획 | AC6: 실적 | AD6: 전년 | AE6: 계획 | AF6: 실적 | AG6: 전년
B7: 안양 | G7: =+I7 -> 안양 | H7: 레미콘 | I7: 안양 | J7: =+IFERROR(HLOOKUP($B7,'[1]12월'!$D$6:$BN$259,2,),)/1000 -> 41 | K7: =+IFERROR(HLOOKUP($B7,'[2]12월'!$F$6:$CP$99,2,),)/1000 -> 31.317 | L7: =+K7-J7 -> -9.683 | M7: =+IFERROR(HLOOKUP($B7,'[3]12월'!$F$6:$CC$57,2,),)/1000 -> 34.67 | N7: =+K7-M7 -> -3.353 | O7: =+IFERROR(HLOOKUP($B7,'[1]12월'!$D$6:$BN$259,3,),)/1000 -> 4252.2908 | P7: =+IFERROR(HLOOKUP($B7,'[2]12월'!$F$6:$CP$99,3,),)/1000 -> 3194.0082 | Q7: =+P7-O7 -> -1058.2826 | R7: =+IFERROR(HLOOKUP($B7,'[3]12월'!$F$6:$CC$57,3,),)/1000 -> 3342.2601 | S7: =+P7-R7 -> -148.25192 | T7: =+IFERROR(HLOOKUP($B7,'[1]12월'!$D$6:$BN$259,16,),)/1000 -> 565.37708 | U7: =+IFERROR(HLOOKUP($B7,'[2]12월'!$F$6:$CP$99,16,),)/1000 -> 188.84256 | V7: =+U7-T7 -> -376.53452 | W7: =+IFERROR(HLOOKUP($B7,'[3]12월'!$F$6:$CC$57,16,),)/1000 -> 51.528149 | X7: =+U7-W7 -> 137.31441 | Y7: =+[4]안양!$Q$85 -> 103714.41 | Z7: =+[4]안양!$R$85 -> 101989.6 | AA7: =+[5]안양!$Q$85 -> 96402.081 | AB7: =+[4]안양!$Q$89 -> 82971.278 | AC7: =+[4]안양!$R$89 -> 84587.481 | AD7: =+[5]안양!$Q$89 -> 82908.854 | AE7: =+Y7-AB7 -> 20743.131 | AF7: =+Z7-AC7 -> 17402.116 | AG7: =+AA7-AD7 -> 13493.227
B8: 인천 | G8: =+I8 -> 인천 | H8: 직영 | I8: 인천 | J8: =+IFERROR(HLOOKUP($B8,'[1]12월'!$D$6:$BN$259,2,),)/1000 -> 32 | K8: =+IFERROR(HLOOKUP($B8,'[2]12월'!$F$6:$CP$99,2,),)/1000 -> 31.475 | L8: =+K8-J8 -> -0.525 | M8: =+IFERROR(HLOOKUP($B8,'[3]12월'!$F$6:$CC$57,2,),)/1000 -> 30.362 | N8: =+K8-M8 -> 1.113 | O8: =+IFERROR(HLOOKUP($B8,'[1]12월'!$D$6:$BN$259,3,),)/1000 -> 3312.3507 | P8: =+IFERROR(HLOOKUP($B8,'[2]12월'!$F$6:$CP$99,3,),)/1000 -> 3110.8678 | Q8: =+P8-O8 -> -201.48294 | R8: =+IFERROR(HLOOKUP($B8,'[3]12월'!$F$6:$CC$57,3,),)/1000 -> 2969.3944 | S8: =+P8-R8 -> 141.47341 | T8: =+IFERROR(HLOOKUP($B8,'[1]12월'!$D$6:$BN$259,16,),)/1000 -> 335.03112 | U8: =+IFERROR(HLOOKUP($B8,'[2]12월'!$F$6:$CP$99,16,),)/1000 -> -60.530205 | V8: =+U8-T8 -> -395.56132 | W8: =+IFERROR(HLOOKUP($B8,'[3]12월'!$F$6:$CC$57,16,),)/1000 -> -49.54122 | X8: =+U8-W8 -> -10.988985 | Y8: =+[4]인천!$Q$85 -> 103510.96 | Z8: =+[4]인천!$R$85 -> 98884.465 | AA8: =+[5]인천!$Q$85 -> 97799.697 | AB8: =+[4]인천!$Q$89 -> 84269.957 | AC8: =+[4]인천!$R$89 -> 89818.639 | AD8: =+[5]인천!$Q$89 -> 86503.735 | AE8: =+Y8-AB8 -> 19241.004 | AF8: =+Z8-AC8 -> 9065.8265 | AG8: =+AA8-AD8 -> 11295.962
B9: 파주 | G9: =+I9 -> 파주 | I9: 파주 | J9: =+IFERROR(HLOOKUP($B9,'[1]12월'!$D$6:$BN$259,2,),)/1000 -> 21 | K9: =+IFERROR(HLOOKUP($B9,'[2]12월'!$F$6:$CP$99,2,),)/1000 -> 13.662 | L9: =+K9-J9 -> -7.338 | M9: =+IFERROR(HLOOKUP($B9,'[3]12월'!$F$6:$CC$57,2,),)/1000 -> 16.303 | N9: =+K9-M9 -> -2.641 | O9: =+IFERROR(HLOOKUP($B9,'[1]12월'!$D$6:$BN$259,3,),)/1000 -> 1999.4837 | P9: =+IFERROR(HLOOKUP($B9,'[2]12월'!$F$6:$CP$99,3,),)/1000 -> 1345.027 | Q9: =+P9-O9 -> -654.45674 | R9: =+IFERROR(HLOOKUP($B9,'[3]12월'!$F$6:$CC$57,3,),)/1000 -> 1513.0633 | S9: =+P9-R9 -> -168.03634 | T9: =+IFERROR(HLOOKUP($B9,'[1]12월'!$D$6:$BN$259,16,),)/1000 -> 89.794589 | U9: =+IFERROR(HLOOKUP($B9,'[2]12월'!$F$6:$CP$99,16,),)/1000 -> -96.411096 | V9: =+U9-T9 -> -186.20569 | W9: =+IFERROR(HLOOKUP($B9,'[3]12월'!$F$6:$CC$57,16,),)/1000 -> -160.22943 | X9: =+U9-W9 -> 63.81833 | Y9: =+[4]파주!$Q$85 -> 95213.511 | Z9: =+[4]파주!$R$85 -> 98582.895 | AA9: =+[5]파주!$Q$85 -> 92808.89 | AB9: =+[4]파주!$Q$89 -> 80317.167 | AC9: =+[4]파주!$R$89 -> 90468.02 | AD9: =+[5]파주!$Q$89 -> 85217.769 | AE9: =+Y9-AB9 -> 14896.345 | AF9: =+Z9-AC9 -> 8114.8749 | AG9: =+AA9-AD9 -> 7591.1217
B10: 김포 | G10: =+I10 -> 김포 | I10: 김포 | J10: =+IFERROR(HLOOKUP($B10,'[1]12월'!$D$6:$BN$259,2,),)/1000 -> 15 | K10: =+IFERROR(HLOOKUP($B10,'[2]12월'!$F$6:$CP$99,2,),)/1000 -> 11.82306 | L10: =+K10-J10 -> -3.17694 | M10: =+IFERROR(HLOOKUP($B10,'[3]12월'!$F$6:$CC$57,2,),)/1000 -> 13.4185 | N10: =+K10-M10 -> -1.59544 | O10: =+IFERROR(HLOOKUP($B10,'[1]12월'!$D$6:$BN$259,3,),)/1000 -> 1430.397 | P10: =+IFERROR(HLOOKUP($B10,'[2]12월'!$F$6:$CP$99,3,),)/1000 -> 1164.795 | Q10: =+P10-O10 -> -265.60199 | R10: =+IFERROR(HLOOKUP($B10,'[3]12월'!$F$6:$CC$57,3,),)/1000 -> 1247.6161 | S10: =+P10-R10 -> -82.821138 | T10: =+IFERROR(HLOOKUP($B10,'[1]12월'!$D$6:$BN$259,16,),)/1000 -> 122.15246 | U10: =+IFERROR(HLOOKUP($B10,'[2]12월'!$F$6:$CP$99,16,),)/1000 -> -39.531496 | V10: =+U10-T10 -> -161.68395 | W10: =+IFERROR(HLOOKUP($B10,'[3]12월'!$F$6:$CC$57,16,),)/1000 -> -46.29355 | X10: =+U10-W10 -> 6.762054 | Y10: =+[4]김포!$Q$85 -> 95359.8 | Z10: =+[4]김포!$R$85 -> 98518.912 | AA10: =+[5]김포!$Q$85 -> 93010.903 | AB10: =+[4]김포!$Q$89 -> 76510.559 | AC10: =+[4]김포!$R$89 -> 84962.316 | AD10: =+[5]김포!$Q$89 -> 79168.533 | AE10: =+Y10-AB10 -> 18849.241 | AF10: =+Z10-AC10 -> 13556.596 | AG10: =+AA10-AD10 -> 13842.37
B11: 부산 | G11: =+I11 -> 부산 | I11: 부산 | J11: =+IFERROR(HLOOKUP($B11,'[1]12월'!$D$6:$BN$259,2,),)/1000 -> 22 | K11: =+IFERROR(HLOOKUP($B11,'[2]12월'!$F$6:$CP$99,2,),)/1000 -> 22.261 | L11: =+K11-J11 -> 0.261 | M11: =+IFERROR(HLOOKUP($B11,'[3]12월'!$F$6:$CC$57,2,),)/1000 -> 17.339 | N11: =+K11-M11 -> 4.922 | O11: =+IFERROR(HLOOKUP($B11,'[1]12월'!$D$6:$BN$259,3,),)/1000 -> 2369.3977 | P11: =+IFERROR(HLOOKUP($B11,'[2]12월'!$F$6:$CP$99,3,),)/1000 -> 2428.6556 | Q11: =+P11-O11 -> 59.25793 | R11: =+IFERROR(HLOOKUP($B11,'[3]12월'!$F$6:$CC$57,3,),)/1000 -> 1980.4694 | S11: =+P11-R11 -> 448.1862 | T11: =+IFERROR(HLOOKUP($B11,'[1]12월'!$D$6:$BN$259,16,),)/1000 -> 231.81377 | U11: =+IFERROR(HLOOKUP($B11,'[2]12월'!$F$6:$CP$99,16,),)/1000 -> 159.61886 | V11: =+U11-T11 -> -72.194902 | W11: =+IFERROR(HLOOKUP($B11,'[3]12월'!$F$6:$CC$57,16,),)/1000 -> 92.183809 | X11: =+U11-W11 -> 67.435055 | Y11: =+[4]부산!$Q$85 -> 107699.89 | Z11: =+[4]부산!$R$85 -> 109099.12 | AA11: =+[5]부산!$Q$85 -> 114220.51 | AB11: =+[4]부산!$Q$89 -> 85882.676 | AC11: =+[4]부산!$R$89 -> 90355.725 | AD11: =+[5]부산!$Q$89 -> 90394.221 | AE11: =+Y11-AB11 -> 21817.219 | AF11: =+Z11-AC11 -> 18743.399 | AG11: =+AA11-AD11 -> 23826.288
B12: 서부산 | G12: =+I12 -> 서부산 | I12: 서부산 | J12: =+IFERROR(HLOOKUP($B12,'[1]12월'!$D$6:$BN$259,2,),)/1000 -> 23 | K12: =+IFERROR(HLOOKUP($B12,'[2]12월'!$F$6:$CP$99,2,),)/1000 -> 19.064 | L12: =+K12-J12 -> -3.936 | M12: =+IFERROR(HLOOKUP($B12,'[3]12월'!$F$6:$CC$57,2,),)/1000 -> 24.067 | N12: =+K12-M12 -> -5.003 | O12: =+IFERROR(HLOOKUP($B12,'[1]12월'!$D$6:$BN$259,3,),)/1000 -> 2283.889 | P12: =+IFERROR(HLOOKUP($B12,'[2]12월'!$F$6:$CP$99,3,),)/1000 -> 1993.4115 | Q12: =+P12-O12 -> -290.47752 | R12: =+IFERROR(HLOOKUP($B12,'[3]12월'!$F$6:$CC$57,3,),)/1000 -> 2361.636 | S12: =+P12-R12 -> -368.2245 | T12: =+IFERROR(HLOOKUP($B12,'[1]12월'!$D$6:$BN$259,16,),)/1000 -> 266.46368 | U12: =+IFERROR(HLOOKUP($B12,'[2]12월'!$F$6:$CP$99,16,),)/1000 -> 119.86852 | V12: =+U12-T12 -> -146.59516 | W12: =+IFERROR(HLOOKUP($B12,'[3]12월'!$F$6:$CC$57,16,),)/1000 -> 163.09231 | X12: =+U12-W12 -> -43.223798 | Y12: =+[4]서부산!$Q$85 -> 99299.523 | Z12: =+[4]서부산!$R$85 -> 104564.18 | AA12: =+[5]서부산!$Q$85 -> 98127.561 | AB12: =+[4]서부산!$Q$89 -> 79466.311 | AC12: =+[4]서부산!$R$89 -> 85738.617 | AD12: =+[5]서부산!$Q$89 -> 78950.52 | AE12: =+Y12-AB12 -> 19833.211 | AF12: =+Z12-AC12 -> 18825.562 | AG12: =+AA12-AD12 -> 19177.041
B13: 김해 | G13: =+I13 -> 김해 | I13: 김해 | J13: =+IFERROR(HLOOKUP($B13,'[1]12월'!$D$6:$BN$259,2,),)/1000 -> 16 | K13: =+IFERROR(HLOOKUP($B13,'[2]12월'!$F$6:$CP$99,2,),)/1000 -> 5.707 | L13: =+K13-J13 -> -10.293 | M13: =+IFERROR(HLOOKUP($B13,'[3]12월'!$F$6:$CC$57,2,),)/1000 -> 12.184 | N13: =+K13-M13 -> -6.477 | O13: =+IFERROR(HLOOKUP($B13,'[1]12월'!$D$6:$BN$259,3,),)/1000 -> 1540.7967 | P13: =+IFERROR(HLOOKUP($B13,'[2]12월'!$F$6:$CP$99,3,),)/1000 -> 506.1873 | Q13: =+P13-O13 -> -1034.6094 | R13: =+IFERROR(HLOOKUP($B13,'[3]12월'!$F$6:$CC$57,3,),)/1000 -> 1145.9621 | S13: =+P13-R13 -> -639.7748 | T13: =+IFERROR(HLOOKUP($B13,'[1]12월'!$D$6:$BN$259,16,),)/1000 -> 149.52483 | U13: =+IFERROR(HLOOKUP($B13,'[2]12월'!$F$6:$CP$99,16,),)/1000 -> -123.04865 | V13: =+U13-T13 -> -272.57348 | W13: =+IFERROR(HLOOKUP($B13,'[3]12월'!$F$6:$CC$57,16,),)/1000 -> -58.225946 | X13: =+U13-W13 -> -64.822704 | Y13: =+[4]김해!$Q$85 -> 96299.794 | Z13: =+[4]김해!$R$85 -> 88695.865 | AA13: =+[5]김해!$Q$85 -> 94036.649 | AB13: =+[4]김해!$Q$89 -> 77852.386 | AC13: =+[4]김해!$R$89 -> 82661.358 | AD13: =+[5]김해!$Q$89 -> 80796.704 | AE13: =+Y13-AB13 -> 18447.408 | AF13: =+Z13-AC13 -> 6034.5067 | AG13: =+AA13-AD13 -> 13239.945
B14: 정관 | G14: =+I14 -> 정관 | I14: 정관 | J14: =+IFERROR(HLOOKUP($B14,'[1]12월'!$D$6:$BN$259,2,),)/1000 -> 21 | K14: =+IFERROR(HLOOKUP($B14,'[2]12월'!$F$6:$CP$99,2,),)/1000 -> 17.197 | L14: =+K14-J14 -> -3.803 | M14: =+IFERROR(HLOOKUP($B14,'[3]12월'!$F$6:$CC$57,2,),)/1000 -> 22.034 | N14: =+K14-M14 -> -4.837 | O14: =+IFERROR(HLOOKUP($B14,'[1]12월'!$D$6:$BN$259,3,),)/1000 -> 2141.9971 | P14: =+IFERROR(HLOOKUP($B14,'[2]12월'!$F$6:$CP$99,3,),)/1000 -> 1701.1391 | Q14: =+P14-O14 -> -440.85797 | R14: =+IFERROR(HLOOKUP($B14,'[3]12월'!$F$6:$CC$57,3,),)/1000 -> 2288.9945 | S14: =+P14-R14 -> -587.8554 | T14: =+IFERROR(HLOOKUP($B14,'[1]12월'!$D$6:$BN$259,16,),)/1000 -> 208.30033 | U14: =+IFERROR(HLOOKUP($B14,'[2]12월'!$F$6:$CP$99,16,),)/1000 -> 0.431591 | V14: =+U14-T14 -> -207.86874 | W14: =+IFERROR(HLOOKUP($B14,'[3]12월'!$F$6:$CC$57,16,),)/1000 -> 101.28182 | X14: =+U14-W14 -> -100.85023 | Y14: =+[4]정관!$Q$85 -> 101999.86 | Z14: =+[4]정관!$R$85 -> 98920.69 | AA14: =+[5]정관!$Q$85 -> 103884.66 | AB14: =+[4]정관!$Q$89 -> 82449.919 | AC14: =+[4]정관!$R$89 -> 85268.573 | AD14: =+[5]정관!$Q$89 -> 86215.634 | AE14: =+Y14-AB14 -> 19549.942 | AF14: =+Z14-AC14 -> 13652.117 | AG14: =+AA14-AD14 -> 17669.022
B15: 양산 | G15: =+I15 -> 양산 | I15: 양산 | J15: =+IFERROR(HLOOKUP($B15,'[1]12월'!$D$6:$BN$259,2,),)/1000 -> 13 | K15: =+IFERROR(HLOOKUP($B15,'[2]12월'!$F$6:$CP$99,2,),)/1000 -> 6.497 | L15: =+K15-J15 -> -6.503 | M15: =+IFERROR(HLOOKUP($B15,'[3]12월'!$F$6:$CC$57,2,),)/1000 -> 10.174 | N15: =+K15-M15 -> -3.677 | O15: =+IFERROR(HLOOKUP($B15,'[1]12월'!$D$6:$BN$259,3,),)/1000 -> 1222.6012 | P15: =+IFERROR(HLOOKUP($B15,'[2]12월'!$F$6:$CP$99,3,),)/1000 -> 599.63222 | Q15: =+P15-O15 -> -622.96903 | R15: =+IFERROR(HLOOKUP($B15,'[3]12월'!$F$6:$CC$57,3,),)/1000 -> 958.2302 | S15: =+P15-R15 -> -358.59798 | T15: =+IFERROR(HLOOKUP($B15,'[1]12월'!$D$6:$BN$259,16,),)/1000 -> 115.63862 | U15: =+IFERROR(HLOOKUP($B15,'[2]12월'!$F$6:$CP$99,16,),)/1000 -> -104.9457 | V15: =+U15-T15 -> -220.58432 | W15: =+IFERROR(HLOOKUP($B15,'[3]12월'!$F$6:$CC$57,16,),)/1000 -> -28.828367 | X15: =+U15-W15 -> -76.117332 | Y15: =+[4]양산!$Q$85 -> 94046.25 | Z15: =+[4]양산!$R$85 -> 92293.708 | AA15: =+[5]양산!$Q$85 -> 94184.215 | AB15: =+[4]양산!$Q$89 -> 74732.837 | AC15: =+[4]양산!$R$89 -> 80972.964 | AD15: =+[5]양산!$Q$89 -> 78064.419 | AE15: =+Y15-AB15 -> 19313.413 | AF15: =+Z15-AC15 -> 11320.743 | AG15: =+AA15-AD15 -> 16119.796
B16: 창원 | G16: =+I16 -> 창원 | I16: 창원 | J16: =+IFERROR(HLOOKUP($B16,'[1]12월'!$D$6:$BN$259,2,),)/1000 -> 19 | K16: =+IFERROR(HLOOKUP($B16,'[2]12월'!$F$6:$CP$99,2,),)/1000 -> 11.71 | L16: =+K16-J16 -> -7.29 | M16: =+IFERROR(HLOOKUP($B16,'[3]12월'!$F$6:$CC$57,2,),)/1000 -> 12.315 | N16: =+K16-M16 -> -0.605 | O16: =+IFERROR(HLOOKUP($B16,'[1]12월'!$D$6:$BN$259,3,),)/1000 -> 1934.9141 | P16: =+IFERROR(HLOOKUP($B16,'[2]12월'!$F$6:$CP$99,3,),)/1000 -> 1098.0858 | Q16: =+P16-O16 -> -836.8283 | R16: =+IFERROR(HLOOKUP($B16,'[3]12월'!$F$6:$CC$57,3,),)/1000 -> 1261.8106 | S16: =+P16-R16 -> -163.72475 | T16: =+IFERROR(HLOOKUP($B16,'[1]12월'!$D$6:$BN$259,16,),)/1000 -> 309.29623 | U16: =+IFERROR(HLOOKUP($B16,'[2]12월'!$F$6:$CP$99,16,),)/1000 -> 53.035499 | V16: =+U16-T16 -> -256.26073 | W16: =+IFERROR(HLOOKUP($B16,'[3]12월'!$F$6:$CC$57,16,),)/1000 -> 72.758357 | X16: =+U16-W16 -> -19.722858 | Y16: =+[4]창원!$Q$85 -> 101837.58 | Z16: =+[4]창원!$R$85 -> 93773.339 | AA16: =+[5]창원!$Q$85 -> 102461.27 | AB16: =+[4]창원!$Q$89 -> 76200.161 | AC16: =+[4]창원!$R$89 -> 74074.051 | AD16: =+[5]창원!$Q$89 -> 76573.527 | AE16: =+Y16-AB16 -> 25637.424 | AF16: =+Z16-AC16 -> 19699.288 | AG16: =+AA16-AD16 -> 25887.744
B17: 대구 | G17: =+I17 -> 대구 | I17: 대구 | J17: =+IFERROR(HLOOKUP($B17,'[1]12월'!$D$6:$BN$259,2,),)/1000 -> 12 | K17: =+IFERROR(HLOOKUP($B17,'[2]12월'!$F$6:$CP$99,2,),)/1000 -> 4.07 | L17: =+K17-J17 -> -7.93 | M17: =+IFERROR(HLOOKUP($B17,'[3]12월'!$F$6:$CC$57,2,),)/1000 -> 18.708 | N17: =+K17-M17 -> -14.638 | O17: =+IFERROR(HLOOKUP($B17,'[1]12월'!$D$6:$BN$259,3,),)/1000 -> 1167.3657 | P17: =+IFERROR(HLOOKUP($B17,'[2]12월'!$F$6:$CP$99,3,),)/1000 -> 346.87933 | Q17: =+P17-O17 -> -820.48633 | R17: =+IFERROR(HLOOKUP($B17,'[3]12월'!$F$6:$CC$57,3,),)/1000 -> 1801.6908 | S17: =+P17-R17 -> -1454.8114 | T17: =+IFERROR(HLOOKUP($B17,'[1]12월'!$D$6:$BN$259,16,),)/1000 -> 102.30373 | U17: =+IFERROR(HLOOKUP($B17,'[2]12월'!$F$6:$CP$99,16,),)/1000 -> -127.9319 | V17: =+U17-T17 -> -230.23563 | W17: =+IFERROR(HLOOKUP($B17,'[3]12월'!$F$6:$CC$57,16,),)/1000 -> 168.03998 | X17: =+U17-W17 -> -295.97188 | Y17: =+[4]대구!$Q$85 -> 97280.472 | Z17: =+[4]대구!$R$85 -> 85228.338 | AA17: =+[5]대구!$Q$85 -> 96305.899 | AB17: =+[4]대구!$Q$89 -> 75132.541 | AC17: =+[4]대구!$R$89 -> 76470.767 | AD17: =+[5]대구!$Q$89 -> 73764.096 | AE17: =+Y17-AB17 -> 22147.931 | AF17: =+Z17-AC17 -> 8757.5705 | AG17: =+AA17-AD17 -> 22541.803
B18: 울산 | G18: =+I18 -> 울산 | I18: 울산 | J18: =+IFERROR(HLOOKUP($B18,'[1]12월'!$D$6:$BN$259,2,),)/1000 -> 12.5 | K18: =+IFERROR(HLOOKUP($B18,'[2]12월'!$F$6:$CP$99,2,),)/1000 -> 13.221 | L18: =+K18-J18 -> 0.721 | M18: =+IFERROR(HLOOKUP($B18,'[3]12월'!$F$6:$CC$57,2,),)/1000 -> 12.451 | N18: =+K18-M18 -> 0.77 | O18: =+IFERROR(HLOOKUP($B18,'[1]12월'!$D$6:$BN$259,3,),)/1000 -> 1297.9025 | P18: =+IFERROR(HLOOKUP($B18,'[2]12월'!$F$6:$CP$99,3,),)/1000 -> 1382.7362 | Q18: =+P18-O18 -> 84.83374 | R18: =+IFERROR(HLOOKUP($B18,'[3]12월'!$F$6:$CC$57,3,),)/1000 -> 1273.3891 | S18: =+P18-R18 -> 109.34714 | T18: =+IFERROR(HLOOKUP($B18,'[1]12월'!$D$6:$BN$259,16,),)/1000 -> 117.75726 | U18: =+IFERROR(HLOOKUP($B18,'[2]12월'!$F$6:$CP$99,16,),)/1000 -> 66.511149 | V18: =+U18-T18 -> -51.246106 | W18: =+IFERROR(HLOOKUP($B18,'[3]12월'!$F$6:$CC$57,16,),)/1000 -> 24.366226 | X18: =+U18-W18 -> 42.144923 | Y18: =+[4]울산!$Q$85 -> 103832.2 | Z18: =+[4]울산!$R$85 -> 104586.36 | AA18: =+[5]울산!$Q$85 -> 102272.03 | AB18: =+[4]울산!$Q$89 -> 83764.602 | AC18: =+[4]울산!$R$89 -> 88415.573 | AD18: =+[5]울산!$Q$89 -> 84277.211 | AE18: =+Y18-AB18 -> 20067.598 | AF18: =+Z18-AC18 -> 16170.785 | AG18: =+AA18-AD18 -> 17994.823
B19: 아산 | G19: =+I19 -> 아산 | I19: 아산 | J19: =+IFERROR(HLOOKUP($B19,'[1]12월'!$D$6:$BN$259,2,),)/1000 -> 25 | K19: =+IFERROR(HLOOKUP($B19,'[2]12월'!$F$6:$CP$99,2,),)/1000 -> 18.784 | L19: =+K19-J19 -> -6.216 | M19: =+IFERROR(HLOOKUP($B19,'[3]12월'!$F$6:$CC$57,2,),)/1000 -> 22.732 | N19: =+K19-M19 -> -3.948 | O19: =+IFERROR(HLOOKUP($B19,'[1]12월'!$D$6:$BN$259,3,),)/1000 -> 2575 | P19: =+IFERROR(HLOOKUP($B19,'[2]12월'!$F$6:$CP$99,3,),)/1000 -> 1949.8863 | Q19: =+P19-O19 -> -625.11368 | R19: =+IFERROR(HLOOKUP($B19,'[3]12월'!$F$6:$CC$57,3,),)/1000 -> 2299.4823 | S19: =+P19-R19 -> -349.59598 | T19: =+IFERROR(HLOOKUP($B19,'[1]12월'!$D$6:$BN$259,16,),)/1000 -> 333.50742 | U19: =+IFERROR(HLOOKUP($B19,'[2]12월'!$F$6:$CP$99,16,),)/1000 -> 68.806506 | V19: =+U19-T19 -> -264.70091 | W19: =+IFERROR(HLOOKUP($B19,'[3]12월'!$F$6:$CC$57,16,),)/1000 -> 58.469241 | X19: =+U19-W19 -> 10.337265 | Y19: =+[4]아산!$Q$85 -> 103000 | Z19: =+[4]아산!$R$85 -> 103805.7 | AA19: =+[5]아산!$Q$85 -> 101156.18 | AB19: =+[4]아산!$Q$89 -> 80551.044 | AC19: =+[4]아산!$R$89 -> 87355.136 | AD19: =+[5]아산!$Q$89 -> 85004.174 | AE19: =+Y19-AB19 -> 22448.956 | AF19: =+Z19-AC19 -> 16450.567 | AG19: =+AA19-AD19 -> 16152.007
B20: 전주 | G20: =+I20 -> 전주 | I20: 전주 | J20: =+IFERROR(HLOOKUP($B20,'[1]12월'!$D$6:$BN$259,2,),)/1000 -> 11 | K20: =+IFERROR(HLOOKUP($B20,'[2]12월'!$F$6:$CP$99,2,),)/1000 -> 10.639 | L20: =+K20-J20 -> -0.361 | M20: =+IFERROR(HLOOKUP($B20,'[3]12월'!$F$6:$CC$57,2,),)/1000 -> 10.326 | N20: =+K20-M20 -> 0.313 | O20: =+IFERROR(HLOOKUP($B20,'[1]12월'!$D$6:$BN$259,3,),)/1000 -> 1112.0742 | P20: =+IFERROR(HLOOKUP($B20,'[2]12월'!$F$6:$CP$99,3,),)/1000 -> 1084.5623 | Q20: =+P20-O20 -> -27.511884 | R20: =+IFERROR(HLOOKUP($B20,'[3]12월'!$F$6:$CC$57,3,),)/1000 -> 1002.0519 | S20: =+P20-R20 -> 82.510388 | T20: =+IFERROR(HLOOKUP($B20,'[1]12월'!$D$6:$BN$259,16,),)/1000 -> 158.26084 | U20: =+IFERROR(HLOOKUP($B20,'[2]12월'!$F$6:$CP$99,16,),)/1000 -> 24.639246 | V20: =+U20-T20 -> -133.6216 | W20: =+IFERROR(HLOOKUP($B20,'[3]12월'!$F$6:$CC$57,16,),)/1000 -> 10.653327 | X20: =+U20-W20 -> 13.985919 | Y20: =+[4]전주!$Q$85 -> 101097.65 | Z20: =+[4]전주!$R$85 -> 101942.13 | AA20: =+[5]전주!$Q$85 -> 97041.635 | AB20: =+[4]전주!$Q$89 -> 73656.495 | AC20: =+[4]전주!$R$89 -> 82680.208 | AD20: =+[5]전주!$Q$89 -> 74828.153 | AE20: =+Y20-AB20 -> 27441.159 | AF20: =+Z20-AC20 -> 19261.922 | AG20: =+AA20-AD20 -> 22213.483
B21: 군산 | G21: =+I21 -> 군산 | I21: 군산 | J21: =+IFERROR(HLOOKUP($B21,'[1]12월'!$D$6:$BN$259,2,),)/1000 -> 7.5 | K21: =+IFERROR(HLOOKUP($B21,'[2]12월'!$F$6:$CP$99,2,),)/1000 -> 3.546 | L21: =+K21-J21 -> -3.954 | M21: =+IFERROR(HLOOKUP($B21,'[3]12월'!$F$6:$CC$57,2,),)/1000 -> 5.608 | N21: =+K21-M21 -> -2.062 | O21: =+IFERROR(HLOOKUP($B21,'[1]12월'!$D$6:$BN$259,3,),)/1000 -> 833.2516 | P21: =+IFERROR(HLOOKUP($B21,'[2]12월'!$F$6:$CP$99,3,),)/1000 -> 395.58326 | Q21: =+P21-O21 -> -437.66835 | R21: =+IFERROR(HLOOKUP($B21,'[3]12월'!$F$6:$CC$57,3,),)/1000 -> 597.354 | S21: =+P21-R21 -> -201.77075 | T21: =+IFERROR(HLOOKUP($B21,'[1]12월'!$D$6:$BN$259,16,),)/1000 -> 198.94578 | U21: =+IFERROR(HLOOKUP($B21,'[2]12월'!$F$6:$CP$99,16,),)/1000 -> 36.294072 | V21: =+U21-T21 -> -162.65171 | W21: =+IFERROR(HLOOKUP($B21,'[3]12월'!$F$6:$CC$57,16,),)/1000 -> 80.152254 | X21: =+U21-W21 -> -43.858182 | Y21: =+[4]군산!$Q$85 -> 111100.21 | Z21: =+[4]군산!$R$85 -> 111557.6 | AA21: =+[5]군산!$Q$85 -> 106518.19 | AB21: =+[4]군산!$Q$89 -> 74168.252 | AC21: =+[4]군산!$R$89 -> 76050.378 | AD21: =+[5]군산!$Q$89 -> 73466.5 | AE21: =+Y21-AB21 -> 36931.961 | AF21: =+Z21-AC21 -> 35507.223 | AG21: =+AA21-AD21 -> 33051.688
B22: 원주 | G22: =+I22 -> 원주 | I22: 원주 | J22: =+IFERROR(HLOOKUP($B22,'[1]12월'!$D$6:$BN$259,2,),)/1000 -> 4 | K22: =+IFERROR(HLOOKUP($B22,'[2]12월'!$F$6:$CP$99,2,),)/1000 -> 3.0675 | L22: =+K22-J22 -> -0.9325 | M22: =+IFERROR(HLOOKUP($B22,'[3]12월'!$F$6:$CC$57,2,),)/1000 -> 4.01 | N22: =+K22-M22 -> -0.9425 | O22: =+IFERROR(HLOOKUP($B22,'[1]12월'!$D$6:$BN$259,3,),)/1000 -> 448 | P22: =+IFERROR(HLOOKUP($B22,'[2]12월'!$F$6:$CP$99,3,),)/1000 -> 366.2307 | Q22: =+P22-O22 -> -81.7693 | R22: =+IFERROR(HLOOKUP($B22,'[3]12월'!$F$6:$CC$57,3,),)/1000 -> 460.867 | S22: =+P22-R22 -> -94.6363 | T22: =+IFERROR(HLOOKUP($B22,'[1]12월'!$D$6:$BN$259,16,),)/1000 -> 60.992161 | U22: =+IFERROR(HLOOKUP($B22,'[2]12월'!$F$6:$CP$99,16,),)/1000 -> 1.329257 | V22: =+U22-T22 -> -59.662904 | W22: =+IFERROR(HLOOKUP($B22,'[3]12월'!$F$6:$CC$57,16,),)/1000 -> 39.135277 | X22: =+U22-W22 -> -37.80602 | Y22: =+[4]원주!$Q$85 -> 112000 | Z22: =+[4]원주!$R$85 -> 119466.75 | AA22: =+[5]원주!$Q$85 -> 114929.43 | AB22: =+[4]원주!$Q$89 -> 75699.82 | AC22: =+[4]원주!$R$89 -> 83044.874 | AD22: =+[5]원주!$Q$89 -> 76446.968 | AE22: =+Y22-AB22 -> 36300.18 | AF22: =+Z22-AC22 -> 36421.88 | AG22: =+AA22-AD22 -> 38482.458
B23: 제주 | F23: =+K27-J27 -> -76.43994 | G23: =+I23 -> 제주 | I23: 제주 | J23: =+IFERROR(HLOOKUP($B23,'[1]12월'!$D$6:$BN$259,2,),)/1000 -> 10 | K23: =+IFERROR(HLOOKUP($B23,'[2]12월'!$F$6:$CP$99,2,),)/1000 -> 4.5195 | L23: =+K23-J23 -> -5.4805 | M23: =+IFERROR(HLOOKUP($B23,'[3]12월'!$F$6:$CC$57,2,),)/1000 -> 5.5875 | N23: =+K23-M23 -> -1.068 | O23: =+IFERROR(HLOOKUP($B23,'[1]12월'!$D$6:$BN$259,3,),)/1000 -> 1229.489 | P23: =+IFERROR(HLOOKUP($B23,'[2]12월'!$F$6:$CP$99,3,),)/1000 -> 579.66133 | Q23: =+P23-O23 -> -649.82767 | R23: =+IFERROR(HLOOKUP($B23,'[3]12월'!$F$6:$CC$57,3,),)/1000 -> 668.43715 | S23: =+P23-R23 -> -88.775824 | T23: =+IFERROR(HLOOKUP($B23,'[1]12월'!$D$6:$BN$259,16,),)/1000 -> 226.38407 | U23: =+IFERROR(HLOOKUP($B23,'[2]12월'!$F$6:$CP$99,16,),)/1000 -> 42.520962 | V23: =+U23-T23 -> -183.86311 | W23: =+IFERROR(HLOOKUP($B23,'[3]12월'!$F$6:$CC$57,16,),)/1000 -> 49.681543 | X23: =+U23-W23 -> -7.160581 | Y23: =+[4]제주!$Q$85 -> 122948.9 | Z23: =+[4]제주!$R$85 -> 127942.33 | AA23: =+[5]제주!$Q$85 -> 119630.81 | AB23: =+[4]제주!$Q$89 -> 91405.357 | AC23: =+[4]제주!$R$89 -> 97531.989 | AD23: =+[5]제주!$Q$89 -> 89066.435 | AE23: =+Y23-AB23 -> 31543.543 | AF23: =+Z23-AC23 -> 30410.337 | AG23: =+AA23-AD23 -> 30564.375
F24: =+K24/J24 -> 0.80988128 | G24: =+I24 -> 수도권 | I24: 수도권 | J24: =SUM(J7:J10) -> 109 | K24: =SUM(K7:K10) -> 88.27706 | L24: =+K24-J24 -> -20.72294 | M24: =SUM(M7:M10) -> 94.7535 | N24: =+K24-M24 -> -6.47644 | O24: =SUM(O7:O10) -> 10994.522 | P24: =SUM(P7:P10) -> 8814.698 | Q24: =+P24-O24 -> -2179.8242 | R24: =SUM(R7:R10) -> 9072.334 | S24: =+P24-R24 -> -257.63599 | T24: =SUM(T7:T10) -> 1112.3552 | U24: =SUM(U7:U10) -> -7.630242 | V24: =+U24-T24 -> -1119.9855 | W24: =SUM(W7:W10) -> -204.53605 | X24: =+U24-W24 -> 196.9058 | Y24: =+[4]수도권!$Q$85 -> 100867.18 | Z24: =+[4]수도권!$R$85 -> 99894.501 | AA24: =+[5]수도권!$Q$85 -> 95753.183 | AB24: =+[4]수도권!$Q$89 -> 81952.109 | AC24: =+[4]수도권!$R$89 -> 87403.984 | AD24: =+[5]수도권!$Q$89 -> 83930.891 | AE24: =+Y24-AB24 -> 18915.067 | AF24: =+Z24-AC24 -> 12490.517 | AG24: =+AA24-AD24 -> 11822.292
F25: =+K25/J25 -> 0.72005054 | G25: =+I25 -> 영남권 | I25: 영남권 | J25: =SUM(J11:J18) -> 138.5 | K25: =SUM(K11:K18) -> 99.727 | L25: =+K25-J25 -> -38.773 | M25: =SUM(M11:M18) -> 129.272 | N25: =+K25-M25 -> -29.545 | O25: =SUM(O11:O18) -> 13958.864 | P25: =SUM(P11:P18) -> 10056.727 | Q25: =+P25-O25 -> -3902.1369 | R25: =SUM(R11:R18) -> 13072.183 | S25: =+P25-R25 -> -3015.4555 | T25: =SUM(T11:T18) -> 1501.0984 | U25: =SUM(U11:U18) -> 43.539371 | V25: =+U25-T25 -> -1457.5591 | W25: =SUM(W11:W18) -> 534.66819 | X25: =+U25-W25 -> -491.12882 | Y25: =+[4]영남권!$Q$85 -> 100786.02 | Z25: =+[4]영남권!$R$85 -> 100842.57 | AA25: =+[5]영남권!$Q$85 -> 101138.02 | AB25: =+[4]영남권!$Q$89 -> 79871.541 | AC25: =+[4]영남권!$R$89 -> 84812.101 | AD25: =+[5]영남권!$Q$89 -> 81325.207 | AE25: =+Y25-AB25 -> 20914.481 | AF25: =+Z25-AC25 -> 16030.47 | AG25: =+AA25-AD25 -> 19812.809
F26: =+K26/J26 -> 0.70532174 | G26: =+I26 -> 중부권 | I26: 중부권 | J26: =SUM(J19:J23) -> 57.5 | K26: =SUM(K19:K23) -> 40.556 | L26: =+K26-J26 -> -16.944 | M26: =SUM(M19:M23) -> 48.2635 | N26: =+K26-M26 -> -7.7075 | O26: =SUM(O19:O23) -> 6197.8148 | P26: =SUM(P19:P23) -> 4375.9239 | Q26: =+P26-O26 -> -1821.8909 | R26: =SUM(R19:R23) -> 5028.1924 | S26: =+P26-R26 -> -652.26846 | T26: =SUM(T19:T23) -> 978.09028 | U26: =SUM(U19:U23) -> 173.59004 | V26: =+U26-T26 -> -804.50024 | W26: =SUM(W19:W23) -> 238.09164 | X26: =+U26-W26 -> -64.501599 | Y26: =+[4]중부권!$Q$85 -> 107788.08 | Z26: =+[4]중부권!$R$85 -> 107851.32 | AA26: =+[5]중부권!$Q$85 -> 104182.09 | AB26: =+[4]중부권!$Q$89 -> 79949.779 | AC26: =+[4]중부권!$R$89 -> 85942.395 | AD26: =+[5]중부권!$Q$89 -> 81258.436 | AE26: =+Y26-AB26 -> 27838.304 | AF26: =+Z26-AC26 -> 21908.921 | AG26: =+AA26-AD26 -> 22923.655
F27: =+K27/M27 -> 0.83940247 | G27: =+K27/J27 -> 0.74937725 | H27: 레미콘 계 | J27: =SUM(J24:J26) -> 305 | K27: =SUM(K24:K26) -> 228.56006 | L27: =+K27-J27 -> -76.43994 | M27: =SUM(M24:M26) -> 272.289 | N27: =+K27-M27 -> -43.72894 | O27: =SUM(O24:O26) -> 31151.201 | P27: =SUM(P24:P26) -> 23247.349 | Q27: =+P27-O27 -> -7903.852 | R27: =SUM(R24:R26) -> 27172.709 | S27: =+P27-R27 -> -3925.36 | T27: =SUM(T24:T26) -> 3591.544 | U27: =SUM(U24:U26) -> 209.49917 | V27: =+U27-T27 -> -3382.0448 | W27: =SUM(W24:W26) -> 568.22379 | X27: =+U27-W27 -> -358.72461 | Y27: =+[4]합계!$Q$85 -> 102135.09 | Z27: =+[4]합계!$R$85 -> 101721.48 | AA27: =+[5]합계!$Q$85 -> 99802.99 | AB27: =+[4]합계!$Q$89 -> 80629.838 | AC27: =+[4]합계!$R$89 -> 86010.518 | AD27: =+[5]합계!$Q$89 -> 82213.022 | AE27: =+Y27-AB27 -> 21505.247 | AF27: =+Z27-AC27 -> 15710.962 | AG27: =+AA27-AD27 -> 17589.968 | AI27: =+AF27-AE27 -> -5794.2848 | AJ27: =+AF27-AG27 -> -1879.0055
B28: 건자재 | E28: 건자재영업 | G28: 건자재 | H28: 건자재 | J28: =+IFERROR(HLOOKUP($B28,'[1]12월'!$D$6:$BN$259,2,),) -> 13100 | K28: =+IFERROR(HLOOKUP($E28,'[2]12월'!$F$6:$CP$99,2,),) -> 7354.454 | L28: =+K28-J28 -> -5745.546 | M28: =+IFERROR(HLOOKUP($E28,'[3]12월'!$F$6:$CC$57,2,),) -> 8003.057 | N28: =+K28-M28 -> -648.603 | O28: =+IFERROR(HLOOKUP($B28,'[1]12월'!$D$6:$BN$259,3,),)/1000 -> 14246.036 | P28: =+IFERROR(HLOOKUP($E28,'[2]12월'!$F$6:$CP$99,3,),)/1000 -> 6900.9295 | Q28: =+P28-O28 -> -7345.1062 | R28: =+IFERROR(HLOOKUP($E28,'[3]12월'!$F$6:$CC$57,3,),)/1000 -> 7445.9016 | S28: =+P28-R28 -> -544.97213 | T28: =+IFERROR(HLOOKUP($B28,'[1]12월'!$D$6:$BN$259,16,),)/1000 -> 259.83969 | U28: =+IFERROR(HLOOKUP($E28,'[2]12월'!$F$6:$CP$99,16,),)/1000 -> -64.009488 | V28: =+U28-T28 -> -323.84918 | W28: =+IFERROR(HLOOKUP($E28,'[3]12월'!$F$6:$CC$57,16,),)/1000 -> -101.10207 | X28: =+U28-W28 -> 37.092585 | Y28: ■ 비고
B29: 부산모래장 | C29: 부산골재 | G29: =+I29 -> 부산모래장 | H29: 골재 | I29: 부산모래장 | J29: =+IFERROR(HLOOKUP($B29,'[1]12월'!$D$6:$BN$259,2,),)/1000 -> 26.126822 | K29: =+IFERROR(HLOOKUP($C29,'[2]12월'!$F$6:$CP$99,2,),)/1000 -> 20.068 | L29: =+K29-J29 -> -6.0588218 | M29: =+IFERROR(HLOOKUP($C29,'[3]12월'!$F$6:$CC$57,2,),)/1000 -> 23.035 | N29: =+K29-M29 -> -2.967 | O29: =+IFERROR(HLOOKUP($B29,'[1]12월'!$D$6:$BN$259,3,),)/1000 -> 708.89132 | P29: =+IFERROR(HLOOKUP($C29,'[2]12월'!$F$6:$CP$99,3,),)/1000 -> 576.83185 | Q29: =+P29-O29 -> -132.05946 | R29: =+IFERROR(HLOOKUP($C29,'[3]12월'!$F$6:$CC$57,3,),)/1000 -> 638.333 | S29: =+P29-R29 -> -61.501147 | T29: =+IFERROR(HLOOKUP($B29,'[1]12월'!$D$6:$BN$259,21,),)/1000 -> 76.491103 | U29: =+IFERROR(HLOOKUP($C29,'[2]12월'!$F$6:$CP$99,21,),)/1000 -> 8.528227 | V29: =+U29-T29 -> -67.962876 | W29: =+IFERROR(HLOOKUP($C29,'[3]12월'!$F$6:$CC$57,21,),)/1000 -> -21.304281 | X29: =+U29-W29 -> 29.832508
B30: 서부산크라샤 | C30: 서부산골재 | G30: =+I30 -> 서부산CR | I30: 서부산CR | J30: =+IFERROR(HLOOKUP($B30,'[1]12월'!$D$6:$BN$259,2,),)/1000 -> 48.511301 | K30: =+IFERROR(HLOOKUP($C30,'[2]12월'!$F$6:$CP$99,2,),)/1000 -> 30.44 | L30: =+K30-J30 -> -18.071301 | M30: =+IFERROR(HLOOKUP($C30,'[3]12월'!$F$6:$CC$57,2,),)/1000 -> 1 | N30: =+K30-M30 -> 29.44 | O30: =+IFERROR(HLOOKUP($B30,'[1]12월'!$D$6:$BN$259,3,),)/1000 -> 717.82162 | P30: =+IFERROR(HLOOKUP($C30,'[2]12월'!$F$6:$CP$99,3,),)/1000 -> 416.928 | Q30: =+P30-O30 -> -300.89362 | R30: =+IFERROR(HLOOKUP($C30,'[3]12월'!$F$6:$CC$57,3,),)/1000 -> 11.5 | S30: =+P30-R30 -> 405.428 | T30: =+IFERROR(HLOOKUP($B30,'[1]12월'!$D$6:$BN$259,21,),)/1000 -> 58.392673 | U30: =+IFERROR(HLOOKUP($C30,'[2]12월'!$F$6:$CP$99,21,),)/1000 -> -199.95773 | V30: =+U30-T30 -> -258.35041 | W30: =+IFERROR(HLOOKUP($C30,'[3]12월'!$F$6:$CC$57,21,),)/1000 -> -151.79414 | X30: =+U30-W30 -> -48.163589
B31: 부산크라샤 | C31: 부산크라샤 | G31: =+I31 -> 부산CR | I31: 부산CR | J31: =+IFERROR(HLOOKUP($B31,'[1]12월'!$D$6:$BN$259,2,),)/1000 -> 39.909632 | K31: =+IFERROR(HLOOKUP($C31,'[2]12월'!$F$6:$CP$99,2,),)/1000 -> 17.42 | L31: =+K31-J31 -> -22.489632 | M31: =+IFERROR(HLOOKUP($C31,'[3]12월'!$F$6:$CC$57,2,),)/1000 -> 35.645 | N31: =+K31-M31 -> -18.225 | O31: =+IFERROR(HLOOKUP($B31,'[1]12월'!$D$6:$BN$259,3,),)/1000 -> 683.24826 | P31: =+IFERROR(HLOOKUP($C31,'[2]12월'!$F$6:$CP$99,3,),)/1000 -> 343.0356 | Q31: =+P31-O31 -> -340.21266 | R31: =+IFERROR(HLOOKUP($C31,'[3]12월'!$F$6:$CC$57,3,),)/1000 -> 630.6815 | S31: =+P31-R31 -> -287.6459 | T31: =+IFERROR(HLOOKUP($B31,'[1]12월'!$D$6:$BN$259,21,),)/1000 -> 58.198894 | U31: =+IFERROR(HLOOKUP($C31,'[2]12월'!$F$6:$CP$99,21,),)/1000 -> -138.15524 | V31: =+U31-T31 -> -196.35414 | W31: =+IFERROR(HLOOKUP($C31,'[3]12월'!$F$6:$CC$57,21,),)/1000 -> -294.10381 | X31: =+U31-W31 -> 155.94856
H32: 골재 계 | J32: =SUM(J29:J31) -> 114.54775 | K32: =SUM(K29:K31) -> 67.928 | L32: =+K32-J32 -> -46.619754 | M32: =SUM(M29:M31) -> 59.68 | N32: =+K32-M32 -> 8.248 | O32: =SUM(O29:O31) -> 2109.9612 | P32: =SUM(P29:P31) -> 1336.7955 | Q32: =+P32-O32 -> -773.16574 | R32: =SUM(R29:R31) -> 1280.5145 | S32: =+P32-R32 -> 56.280953 | T32: =SUM(T29:T31) -> 193.08267 | U32: =SUM(U29:U31) -> -329.58475 | V32: =+U32-T32 -> -522.66742 | W32: =SUM(W29:W31) -> -467.20224 | X32: =+U32-W32 -> 137.61748
B33: 포항임대 | C33: 속초임대 | D33: 강릉임대 | E33: 레미콘임대 계 | G33: =+I33 -> 레미콘임대 | H33: 기타 | I33: 레미콘임대 | L33: =+K33-J33 -> 0 | N33: =+K33-M33 -> 0 | O33: =(IFERROR(HLOOKUP($B33,'[1]12월'!$D$6:$BN$259,3,),)++IFERROR(HLOOKUP($C33,'[1]12월'!$D$6:$BN$259,3,),)+IFERROR(HLOOKUP($D33,'[1]12월'!$D$6:$BN$259,3,),))/1000 -> 66.666667 | P33: =+IFERROR(HLOOKUP($E33,'[2]12월'!$F$6:$CP$99,3,),)/1000 -> 43.34 | Q33: =+P33-O33 -> -23.326667 | R33: =+IFERROR(HLOOKUP($E33,'[3]12월'!$F$6:$CC$57,3,),)/1000 -> 90.84 | S33: =+P33-R33 -> -47.5 | T33: =(IFERROR(HLOOKUP($B33,'[1]12월'!$D$6:$BN$259,21,),)++IFERROR(HLOOKUP($C33,'[1]12월'!$D$6:$BN$259,21,),)+IFERROR(HLOOKUP($D33,'[1]12월'!$D$6:$BN$259,21,),))/1000 -> 51.473204 | U33: =+IFERROR(HLOOKUP($E33,'[2]12월'!$F$6:$CP$99,16,),)/1000 -> 26.777421 | V33: =+U33-T33 -> -24.695783 | W33: =+IFERROR(HLOOKUP($E33,'[3]12월'!$F$6:$CC$57,16,),)/1000 -> 76.068675 | X33: =+U33-W33 -> -49.291254
B34: 부동산임대 | C34: 주유소임대 | E34: 임대 계 | G34: =+I34 -> 임대 | I34: 임대 | L34: =+K34-J34 -> 0 | M34: 0 | N34: =+K34-M34 -> 0 | O34: =(+IFERROR(HLOOKUP($B34,'[1]12월'!$D$6:$BN$259,3,),)+IFERROR(HLOOKUP($C34,'[1]12월'!$D$6:$BN$259,3,),))/1000 -> 74.0915 | P34: =+IFERROR(HLOOKUP($E34,'[2]12월'!$F$6:$CP$99,3,),)/1000 -> 73.910808 | Q34: =+P34-O34 -> -0.180692 | R34: =+IFERROR(HLOOKUP($E34,'[3]12월'!$F$6:$CC$57,3,),)/1000 -> 72.69194 | S34: =+P34-R34 -> 1.218868 | T34: =(+IFERROR(HLOOKUP($B34,'[1]12월'!$D$6:$BN$259,21,),)+IFERROR(HLOOKUP($C34,'[1]12월'!$D$6:$BN$259,21,),))/1000 -> 76.533944 | U34: =+IFERROR(HLOOKUP($E34,'[2]12월'!$F$6:$CP$99,16,),)/1000 -> 70.357762 | V34: =+U34-T34 -> -6.176182 | W34: =+IFERROR(HLOOKUP($E34,'[3]12월'!$F$6:$CC$57,16,),)/1000 -> 75.153125 | X34: =+U34-W34 -> -4.795363
B35: 공 통 비 | G35: =+I35 -> 공통비 | I35: 공통비 | L35: =+K35-J35 -> 0 | N35: =+K35-M35 -> 0 | Q35: =+P35-O35 -> 0 | S35: =+P35-R35 -> 0 | T35: =-'[1]12월'!$Z$22/1000 -> -1332.7153 | U35: =+-'[2]12월'!$Z$22/1000 -> -1845.4587 | V35: =+U35-T35 -> -512.74347 | W35: =+-'[3]12월'!$Z$22/1000 -> -2089.6312 | X35: =+U35-W35 -> 244.17248
G36: =+I36 -> OPC 소급분 | I36: OPC 소급분 | N36: =+K36-M36 -> 0 | Q36: =+P36-O36 -> 0 | S36: =+P36-R36 -> 0 | U36: ='[2]12월'!$BD$26/1000 -> 361.91133 | V36: =+U36-T36 -> 361.91133 | W36: ='[3]12월'!$BD$26/1000 -> 300 | X36: =+U36-W36 -> 61.91133
G37: =+I37 -> 대손 | I37: 대손 | N37: =+K37-M37 -> 0 | Q37: =+P37-O37 -> 0 | S37: =+P37-R37 -> 0 | U37: ='[2]12월'!$BE$26/1000 -> -441.38304 | V37: =+U37-T37 -> -441.38304 | W37: ='[3]12월'!$BE$26/1000 -> 319.51271 | X37: =+U37-W37 -> -760.89575
G38: =+I38 -> 미운영 공장 | I38: 미운영 공장 | M38: =SUM(M54:M59) -> 0 | N38: =+K38-M38 -> 0 | Q38: =+P38-O38 -> 0 | R38: =+IFERROR(HLOOKUP($I$38,'[3]12월'!$F$6:$BJ$50,3,),)/1000 -> 0 | S38: =+P38-R38 -> 0 | T38: =SUM('[1]12월'!$AM$26:$AQ$26)/1000 -> -0.187809 | U38: =+'[2]12월'!$BF$26/1000 -> 0.837044 | V38: =+U38-T38 -> 1.024853 | W38: =+'[3]12월'!$BF$26/1000 -> -3.689587 | X38: =+U38-W38 -> 4.526631
B39: 기타 계 | G39: =+I39 -> 퇴직위로금 | I39: 퇴직위로금 | U39: =+'[2]12월'!$BG$26/1000 -> 0 | V39: =+U39-T39 -> 0 | X39: =+U39-W39 -> 0
G40: =+I40 -> 기타 | I40: 기타 | L40: =+K40-J40 -> 0 | N40: =+K40-M40 -> 0 | O40: =IFERROR(HLOOKUP($B39,'[1]12월'!$D$6:$BN$259,3,),)/1000 -> 1.77 | P40: =+('[2]12월'!$F$8-SUM('[2]12월'!$Z$8,'[2]12월'!$AH$8,'[2]12월'!$AN$8,'[2]12월'!$AO$8,'[2]12월'!$BA$8,'[2]12월'!$BD$8,'[2]12월'!$BE$8,'[2]12월'!$BF$8))/1000 -> 1.6413 | Q40: =+P40-O40 -> -0.1287 | R40: =+('[3]12월'!$F$8-SUM('[3]12월'!$Z$8,'[3]12월'!$AH$8,'[3]12월'!$AN$8,'[3]12월'!$AO$8,'[3]12월'!$BA$8,'[3]12월'!$BD$8,'[3]12월'!$BE$8,'[3]12월'!$BF$8))/1000 -> 1.67985 | S40: =+P40-R40 -> -0.03855 | T40: =+('[1]12월'!$E$26-'[1]12월'!$Z$26-'[1]12월'!$AA$26-'[1]12월'!$AE$26-'[1]12월'!$AL$26-'[1]12월'!$AM$26-'[1]12월'!$AN$26-'[1]12월'!$AO$26-'[1]12월'!$AP$26-'[1]12월'!$AQ$26-'[1]12월'!$AS$26+'[1]12월'!$AS$26)/1000 -> -75.182554 | U40: =+('[2]12월'!$F$26-SUM('[2]12월'!$Z$26,'[2]12월'!$AH$26,'[2]12월'!$AN$26,'[2]12월'!$AO$26,'[2]12월'!$BA$26,'[2]12월'!$BD$26,'[2]12월'!$BE$26,'[2]12월'!$BF$26))/1000-U39 -> 6.190304 | V40: =+U40-T40 -> 81.372858 | W40: =+('[3]12월'!$F$26-SUM('[3]12월'!$Z$26,'[3]12월'!$AH$26,'[3]12월'!$AN$26,'[3]12월'!$AO$26,'[3]12월'!$BA$26,'[3]12월'!$BD$26,'[3]12월'!$BE$26,'[3]12월'!$BF$26))/1000 -> 16.456465 | X40: =+U40-W40 -> -10.266161
H41: 기타 계 | J41: =SUM(J33:J40) -> 0 | K41: =SUM(K33:K40) -> 0 | L41: =+K41-J41 -> 0 | M41: =SUM(M33:M40) -> 0 | N41: =+K41-M41 -> 0 | O41: =SUM(O33:O40) -> 142.52817 | P41: =SUM(P33:P40) -> 118.89211 | Q41: =+P41-O41 -> -23.636059 | R41: =SUM(R33:R40) -> 165.21179 | S41: =+P41-R41 -> -46.319682 | T41: =SUM(T33:T40) -> -1280.0785 | U41: =SUM(U33:U40) -> -1820.7679 | V41: =+U41-T41 -> -540.68943 | W41: =SUM(W33:W40) -> -1306.1298 | X41: =+U41-W41 -> -514.63809
U42: 19 | V42: 12.4
G43: =+P43/O43 -> 0.66325599 | H43: 합계 | O43: =+O27+O32+O28+O41 -> 47649.726 | P43: =+P27+P32+P28+P41 -> 31603.966 | Q43: =+P43-O43 -> -16045.76 | R43: =+R27+R32+R28+R41 -> 36064.337 | S43: =+P43-R43 -> -4460.3708 | T43: =+T27+T32+T28+T41 -> 2764.3878 | U43: =+U27+U32+U28+U41 -> -2004.863 | V43: =+U43-T43 -> -4769.2508 | W43: =+W27+W32+W28+W41 -> -1306.2103 | X43: =+U43-W43 -> -698.65263
G44: =+U43/T43 -> -0.72524663 | P44: =+P43/O43 -> 0.66325599 | R44: =+P43/R43 -> 0.87632184 | T44: =+T43/O43 -> 0.058014769 | U44: =+U43/P43 -> -0.063437069
F46: =+K28/M28 -> 0.91895559 | G46: =+K28/J28 -> 0.5614087 | I46: 확인 | J46: =+'[1]12월'!$Z$7/1000 -> 305 | K46: =+'[2]12월'!$AI$7/1000 -> 228.56006 | M46: =+'[3]12월'!$Z$7/1000 -> 272.289 | O46: =+'[1]12월'!$E$8/1000 -> 47649.726 | P46: =+'[2]12월'!$F$8/1000 -> 31603.966 | R46: =+'[3]12월'!$F$8/1000 -> 36064.337 | T46: =+'[1]12월'!$E$26/1000 -> 2764.3878 | U46: =+'[2]12월'!$F$26/1000 -> -2004.863 | W46: =+'[3]12월'!$F$26/1000 -> -1306.2103
F47: =+K32/M32 -> 1.1382038 | G47: =+K32/J32 -> 0.59301032 | J47: =+J46-J27 -> 0 | K47: =+K46-K27 -> 0 | M47: =+M46-M27 -> 0 | O47: =+O46-O43 -> 0 | P47: =+P46-P43 -> 0 | R47: =+R46-R43 -> 0 | T47: =+T46-T43 -> 0 | U47: =+U46-U43 -> 0 | W47: =+W46-W43 -> 0
O49: =+O43-O28 -> 33403.69 | P49: =+P43-P28 -> 24703.037 | Q49: =+P49-O49 -> -8700.6538
O50: =+O49/100 -> 334.0369 | P50: =+P49/100 -> 247.03037 | Q50: =+P50-O50 -> -87.006538 | S50: 레미콘 | T50: =(+T27+T35)/100 -> 22.588287 | U50: =(+U27+U35)/100 -> -16.359596 | V50: =+U50-T50 -> -38.947883 | W50: =+U50/T50-1 -> -1.7242513
Q51: =+P50/O50 -> 0.73953016 | S51: 골재 | T51: =+T32/100 -> 1.9308267 | U51: =+U32/100 -> -3.2958475 | V51: =+U51-T51 -> -5.2266742
S52: 임대 | T52: =(T33+T34)/100 -> 1.2800715 | U52: =(U33+U34)/100 -> 0.97135183 | V52: =+U52-T52 -> -0.30871965
S53: 기타 | T53: =((T46-T28)/100)-T50-T51-T52 -> -0.75370363 | U53: =((U46-U28)/100)-U50-U51-U52 -> -0.7244436 | V53: =+U53-T53 -> 0.02926003
T54: =SUM(T52:T53) -> 0.52636785 | U54: =SUM(U52:U53) -> 0.24690823 | V54: =SUM(V52:V53) -> -0.27945962
T55: =SUM(T50:T53) -> 25.045482 | U55: =SUM(U50:U53) -> -19.408535 | V55: =+U55-T55 -> -44.454016
S58: 임대 | T58: =+(T33+T34)/100 -> 1.2800715 | U58: =+(U33+U34)/100 -> 0.97135183 | V58: =+U58-T58 -> -0.30871965
S59: =+I36 -> OPC 소급분 | T59: =+T36/100 -> 0 | U59: =+U36/100 -> 3.6191133 | V59: =+U59-T59 -> 3.6191133
S60: =+I37 -> 대손 | T60: =+T37/100 -> 0 | U60: =+U37/100 -> -4.4138304 | V60: =+U60-T60 -> -4.4138304
S61: =+I38 -> 미운영 공장 | T61: =+T38/100 -> -0.00187809 | U61: =+U38/100 -> 0.00837044 | V61: =+U61-T61 -> 0.01024853
S62: =+I40 -> 기타 | T62: =+T40/100 -> -0.75182554 | U62: =+U40/100 -> 0.06190304 | V62: =+U62-T62 -> 0.81372858
T63: =SUM(T58:T62) -> 0.52636785 | U63: =SUM(U58:U62) -> 0.24690823 | V63: =SUM(V58:V62) -> -0.27945962
T66: =SUM(T33:T34,T36,T38:T40) -> 52.636785 | U66: =SUM(U33:U34,U36,U38:U40) -> 466.07386 | V66: =+U66-T66 -> 413.43708
T68: =+T43-T28 -> 2504.5482 | U68: =+U43-U28 -> -1940.8535
T69: =+T68/100 -> 25.045482 | U69: =+U68/100 -> -19.408535 | V69: =+U69-T69 -> -44.454016

Sheet 사업장별(누계)
H3: □ 사업장별 손익실적(2025-12누계)
AG4: [단위 : 천㎥, 톤, 백만원]
H5: 구분 | J5: 물량 | O5: 매출 | T5: 영업이익(공통비 배부전) | Y5: 판매단가 | AB5: 변동비 | AE5: 공헌이익 | AI5: 판매비중
A6: 2024년 12월누계 마감 손익 | J6: 계획 | K6: 실적 | L6: 차이 | M6: 전년 | N6: 차이 | O6: 계획 | P6: 실적 | Q6: 차이 | R6: 전년 | S6: 차이 | T6: 계획 | U6: 실적 | V6: 차이 | W6: 전년 | X6: 차이 | Y6: 계획 | Z6: 실적 | AA6: 전년 | AB6: 계획 | AC6: 실적 | AD6: 전년 | AE6: 계획 | AF6: 실적 | AG6: 전년 | AI6: 공장명 | AJ6: 계획 | AK6: 추정 | AL6: 차이
B7: 안양 | G7: =+I7 -> 안양 | H7: 레미콘 | I7: 안양 | J7: =+IFERROR(HLOOKUP($B7,'[1]12월누계'!$D$6:$BN$259,2,),)/1000 -> 460 | K7: =+IFERROR(HLOOKUP($B7,'[2]12월누계'!$F$6:$CP$99,2,),)/1000 -> 384.412 | L7: =+K7-J7 -> -75.588 | M7: =+IFERROR(HLOOKUP($B7,'[3]12월누계'!$F$6:$CC$57,2,),)/1000 -> 446.907 | N7: =+K7-M7 -> -62.495 | O7: =+IFERROR(HLOOKUP($B7,'[1]12월누계'!$D$6:$BN$259,3,),)/1000 -> 46000.122 | P7: =+IFERROR(HLOOKUP($B7,'[2]12월누계'!$F$6:$CP$99,3,),)/1000 -> 37265.995 | Q7: =+P7-O7 -> -8734.1274 | R7: =+IFERROR(HLOOKUP($B7,'[3]12월누계'!$F$6:$CC$57,3,),)/1000 -> 44168.65 | S7: =+P7-R7 -> -6902.6552 | T7: =+IFERROR(HLOOKUP($B7,'[1]12월누계'!$D$6:$BN$259,16,),)/1000 -> 4666.8369 | U7: =+IFERROR(HLOOKUP($B7,'[2]12월누계'!$F$6:$CP$99,16,),)/1000 -> 2559.8566 | V7: =+U7-T7 -> -2106.9803 | W7: =+IFERROR(HLOOKUP($B7,'[3]12월누계'!$F$6:$CC$57,16,),)/1000 -> 3848.9545 | X7: =+U7-W7 -> -1289.0979 | Y7: =+[12]안양!$Q$85 -> 100000.26 | Z7: =+[12]안양!$R$85 -> 96936.554 | AA7: =+[13]안양!$Q$85 -> 98828.586 | AB7: =+[12]안양!$Q$89 -> 81888.667 | AC7: =+[12]안양!$R$89 -> 80323.37 | AD7: =+[13]안양!$Q$89 -> 81804.462 | AE7: =+Y7-AB7 -> 18111.598 | AF7: =+Z7-AC7 -> 16613.184 | AG7: =+AA7-AD7 -> 17024.125 | AI7: =+I7 -> 안양 | AJ7: =+J7/$J$27 -> 0.13813814 | AK7: =+K7/$K$27 -> 0.13697948 | AL7: =+AK7-AJ7 -> -0.0011586599 | AM7: =+Y7*AL7 -> -115.86629
B8: 인천 | G8: =+I8 -> 인천 | H8: 직영 | I8: 인천 | J8: =+IFERROR(HLOOKUP($B8,'[1]12월누계'!$D$6:$BN$259,2,),)/1000 -> 340 | K8: =+IFERROR(HLOOKUP($B8,'[2]12월누계'!$F$6:$CP$99,2,),)/1000 -> 335.3275 | L8: =+K8-J8 -> -4.6725 | M8: =+IFERROR(HLOOKUP($B8,'[3]12월누계'!$F$6:$CC$57,2,),)/1000 -> 326.944 | N8: =+K8-M8 -> 8.3835 | O8: =+IFERROR(HLOOKUP($B8,'[1]12월누계'!$D$6:$BN$259,3,),)/1000 -> 34017.326 | P8: =+IFERROR(HLOOKUP($B8,'[2]12월누계'!$F$6:$CP$99,3,),)/1000 -> 32602.9 | Q8: =+P8-O8 -> -1414.4259 | R8: =+IFERROR(HLOOKUP($B8,'[3]12월누계'!$F$6:$CC$57,3,),)/1000 -> 32487.436 | S8: =+P8-R8 -> 115.46477 | T8: =+IFERROR(HLOOKUP($B8,'[1]12월누계'!$D$6:$BN$259,16,),)/1000 -> 2196.5597 | U8: =+IFERROR(HLOOKUP($B8,'[2]12월누계'!$F$6:$CP$99,16,),)/1000 -> 111.4287 | V8: =+U8-T8 -> -2085.131 | W8: =+IFERROR(HLOOKUP($B8,'[3]12월누계'!$F$6:$CC$57,16,),)/1000 -> 1685.1571 | X8: =+U8-W8 -> -1573.7284 | Y8: =+[12]인천!$Q$85 -> 100050.96 | Z8: =+[12]인천!$R$85 -> 97294.261 | AA8: =+[13]인천!$Q$85 -> 99370.184 | AB8: =+[12]인천!$Q$89 -> 82988.014 | AC8: =+[12]인천!$R$89 -> 85291.267 | AD8: =+[13]인천!$Q$89 -> 83063.772 | AE8: =+Y8-AB8 -> 17062.945 | AF8: =+Z8-AC8 -> 12002.994 | AG8: =+AA8-AD8 -> 16306.412 | AI8: =+I8 -> 인천 | AJ8: =+J8/$J$27 -> 0.1021021 | AK8: =+K8/$K$27 -> 0.11948895 | AL8: =+AK8-AJ8 -> 0.017386847 | AM8: =+Y8*AL8 -> 1739.5708
B9: 파주 | G9: =+I9 -> 파주 | I9: 파주 | J9: =+IFERROR(HLOOKUP($B9,'[1]12월누계'!$D$6:$BN$259,2,),)/1000 -> 250 | K9: =+IFERROR(HLOOKUP($B9,'[2]12월누계'!$F$6:$CP$99,2,),)/1000 -> 156.926 | L9: =+K9-J9 -> -93.074 | M9: =+IFERROR(HLOOKUP($B9,'[3]12월누계'!$F$6:$CC$57,2,),)/1000 -> 282.352 | N9: =+K9-M9 -> -125.426 | O9: =+IFERROR(HLOOKUP($B9,'[1]12월누계'!$D$6:$BN$259,3,),)/1000 -> 24100 | P9: =+IFERROR(HLOOKUP($B9,'[2]12월누계'!$F$6:$CP$99,3,),)/1000 -> 14557.317 | Q9: =+P9-O9 -> -9542.6826 | R9: =+IFERROR(HLOOKUP($B9,'[3]12월누계'!$F$6:$CC$57,3,),)/1000 -> 27203.18 | S9: =+P9-R9 -> -12645.863 | T9: =+IFERROR(HLOOKUP($B9,'[1]12월누계'!$D$6:$BN$259,16,),)/1000 -> 1246.0797 | U9: =+IFERROR(HLOOKUP($B9,'[2]12월누계'!$F$6:$CP$99,16,),)/1000 -> -546.10741 | V9: =+U9-T9 -> -1792.1871 | W9: =+IFERROR(HLOOKUP($B9,'[3]12월누계'!$F$6:$CC$57,16,),)/1000 -> 1613.3619 | X9: =+U9-W9 -> -2159.4694 | Y9: =+[12]파주!$Q$85 -> 96400 | Z9: =+[12]파주!$R$85 -> 92823.298 | AA9: =+[13]파주!$Q$85 -> 96350.004 | AB9: =+[12]파주!$Q$89 -> 80251.611 | AC9: =+[12]파주!$R$89 -> 79615.939 | AD9: =+[13]파주!$Q$89 -> 80693.655 | AE9: =+Y9-AB9 -> 16148.389 | AF9: =+Z9-AC9 -> 13207.359 | AG9: =+AA9-AD9 -> 15656.349 | AI9: =+I9 -> 파주 | AJ9: =+J9/$J$27 -> 0.075075075 | AK9: =+K9/$K$27 -> 0.055918238 | AL9: =+AK9-AJ9 -> -0.019156837 | AM9: =+Y9*AL9 -> -1846.7191
B10: 김포 | G10: =+I10 -> 김포 | I10: 김포 | J10: =+IFERROR(HLOOKUP($B10,'[1]12월누계'!$D$6:$BN$259,2,),)/1000 -> 170 | K10: =+IFERROR(HLOOKUP($B10,'[2]12월누계'!$F$6:$CP$99,2,),)/1000 -> 125.04888 | L10: =+K10-J10 -> -44.95112 | M10: =+IFERROR(HLOOKUP($B10,'[3]12월누계'!$F$6:$CC$57,2,),)/1000 -> 145.364 | N10: =+K10-M10 -> -20.31512 | O10: =+IFERROR(HLOOKUP($B10,'[1]12월누계'!$D$6:$BN$259,3,),)/1000 -> 16150.913 | P10: =+IFERROR(HLOOKUP($B10,'[2]12월누계'!$F$6:$CP$99,3,),)/1000 -> 11979.623 | Q10: =+P10-O10 -> -4171.2901 | R10: =+IFERROR(HLOOKUP($B10,'[3]12월누계'!$F$6:$CC$57,3,),)/1000 -> 14094.89 | S10: =+P10-R10 -> -2115.2671 | T10: =+IFERROR(HLOOKUP($B10,'[1]12월누계'!$D$6:$BN$259,16,),)/1000 -> 1105.9959 | U10: =+IFERROR(HLOOKUP($B10,'[2]12월누계'!$F$6:$CP$99,16,),)/1000 -> -65.109122 | V10: =+U10-T10 -> -1171.105 | W10: =+IFERROR(HLOOKUP($B10,'[3]12월누계'!$F$6:$CC$57,16,),)/1000 -> 988.38396 | X10: =+U10-W10 -> -1053.4931 | Y10: =+[12]김포!$Q$85 -> 95005.369 | Z10: =+[12]김포!$R$85 -> 95854.401 | AA10: =+[13]김포!$Q$85 -> 96982.546 | AB10: =+[12]김포!$Q$89 -> 76300.247 | AC10: =+[12]김포!$R$89 -> 79255.322 | AD10: =+[13]김포!$Q$89 -> 76390.145 | AE10: =+Y10-AB10 -> 18705.122 | AF10: =+Z10-AC10 -> 16599.078 | AG10: =+AA10-AD10 -> 20592.4 | AI10: =+I10 -> 김포 | AJ10: =+J10/$J$27 -> 0.051051051 | AK10: =+K10/$K$27 -> 0.044559302 | AL10: =+AK10-AJ10 -> -0.0064917492 | AM10: =+Y10*AL10 -> -616.75103
B11: 부산 | G11: =+I11 -> 부산 | I11: 부산 | J11: =+IFERROR(HLOOKUP($B11,'[1]12월누계'!$D$6:$BN$259,2,),)/1000 -> 240 | K11: =+IFERROR(HLOOKUP($B11,'[2]12월누계'!$F$6:$CP$99,2,),)/1000 -> 240.083 | L11: =+K11-J11 -> 0.083 | M11: =+IFERROR(HLOOKUP($B11,'[3]12월누계'!$F$6:$CC$57,2,),)/1000 -> 233.7015 | N11: =+K11-M11 -> 6.3815 | O11: =+IFERROR(HLOOKUP($B11,'[1]12월누계'!$D$6:$BN$259,3,),)/1000 -> 25847.992 | P11: =+IFERROR(HLOOKUP($B11,'[2]12월누계'!$F$6:$CP$99,3,),)/1000 -> 25935.45 | Q11: =+P11-O11 -> 87.457377 | R11: =+IFERROR(HLOOKUP($B11,'[3]12월누계'!$F$6:$CC$57,3,),)/1000 -> 25325.075 | S11: =+P11-R11 -> 610.37459 | T11: =+IFERROR(HLOOKUP($B11,'[1]12월누계'!$D$6:$BN$259,16,),)/1000 -> 2244.4959 | U11: =+IFERROR(HLOOKUP($B11,'[2]12월누계'!$F$6:$CP$99,16,),)/1000 -> 2270.3055 | V11: =+U11-T11 -> 25.809573 | W11: =+IFERROR(HLOOKUP($B11,'[3]12월누계'!$F$6:$CC$57,16,),)/1000 -> 2318.2684 | X11: =+U11-W11 -> -47.962912 | Y11: =+[12]부산!$Q$85 -> 107699.97 | Z11: =+[12]부산!$R$85 -> 108027.01 | AA11: =+[13]부산!$Q$85 -> 108365.05 | AB11: =+[12]부산!$Q$89 -> 84994.316 | AC11: =+[12]부산!$R$89 -> 85770.406 | AD11: =+[13]부산!$Q$89 -> 84633.087 | AE11: =+Y11-AB11 -> 22705.653 | AF11: =+Z11-AC11 -> 22256.609 | AG11: =+AA11-AD11 -> 23731.965 | AI11: =+I11 -> 부산 | AJ11: =+J11/$J$27 -> 0.072072072 | AK11: =+K11/$K$27 -> 0.085549993 | AL11: =+AK11-AJ11 -> 0.013477921 | AM11: =+Y11*AL11 -> 1451.5717
B12: 서부산 | G12: =+I12 -> 서부산 | I12: 서부산 | J12: =+IFERROR(HLOOKUP($B12,'[1]12월누계'!$D$6:$BN$259,2,),)/1000 -> 240 | K12: =+IFERROR(HLOOKUP($B12,'[2]12월누계'!$F$6:$CP$99,2,),)/1000 -> 212.594 | L12: =+K12-J12 -> -27.406 | M12: =+IFERROR(HLOOKUP($B12,'[3]12월누계'!$F$6:$CC$57,2,),)/1000 -> 251.171 | N12: =+K12-M12 -> -38.577 | O12: =+IFERROR(HLOOKUP($B12,'[1]12월누계'!$D$6:$BN$259,3,),)/1000 -> 23831.985 | P12: =+IFERROR(HLOOKUP($B12,'[2]12월누계'!$F$6:$CP$99,3,),)/1000 -> 21078.775 | Q12: =+P12-O12 -> -2753.2104 | R12: =+IFERROR(HLOOKUP($B12,'[3]12월누계'!$F$6:$CC$57,3,),)/1000 -> 25076.528 | S12: =+P12-R12 -> -3997.7535 | T12: =+IFERROR(HLOOKUP($B12,'[1]12월누계'!$D$6:$BN$259,16,),)/1000 -> 2343.0768 | U12: =+IFERROR(HLOOKUP($B12,'[2]12월누계'!$F$6:$CP$99,16,),)/1000 -> 1539.9346 | V12: =+U12-T12 -> -803.14218 | W12: =+IFERROR(HLOOKUP($B12,'[3]12월누계'!$F$6:$CC$57,16,),)/1000 -> 2578.5722 | X12: =+U12-W12 -> -1038.6376 | Y12: =+[12]서부산!$Q$85 -> 99299.937 | Z12: =+[12]서부산!$R$85 -> 99185.887 | AA12: =+[13]서부산!$Q$85 -> 99839.195 | AB12: =+[12]서부산!$Q$89 -> 78291.35 | AC12: =+[12]서부산!$R$89 -> 78925.363 | AD12: =+[13]서부산!$Q$89 -> 78610.502 | AE12: =+Y12-AB12 -> 21008.587 | AF12: =+Z12-AC12 -> 20260.523 | AG12: =+AA12-AD12 -> 21228.693 | AI12: =+I12 -> 서부산 | AJ12: =+J12/$J$27 -> 0.072072072 | AK12: =+K12/$K$27 -> 0.075754699 | AL12: =+AK12-AJ12 -> 0.0036826265 | AM12: =+Y12*AL12 -> 365.68459
B13: 김해 | G13: =+I13 -> 김해 | I13: 김해 | J13: =+IFERROR(HLOOKUP($B13,'[1]12월누계'!$D$6:$BN$259,2,),)/1000 -> 170 | K13: =+IFERROR(HLOOKUP($B13,'[2]12월누계'!$F$6:$CP$99,2,),)/1000 -> 97.066 | L13: =+K13-J13 -> -72.934 | M13: =+IFERROR(HLOOKUP($B13,'[3]12월누계'!$F$6:$CC$57,2,),)/1000 -> 158.753 | N13: =+K13-M13 -> -61.687 | O13: =+IFERROR(HLOOKUP($B13,'[1]12월누계'!$D$6:$BN$259,3,),)/1000 -> 16370.976 | P13: =+IFERROR(HLOOKUP($B13,'[2]12월누계'!$F$6:$CP$99,3,),)/1000 -> 8780.1689 | Q13: =+P13-O13 -> -7590.807 | R13: =+IFERROR(HLOOKUP($B13,'[3]12월누계'!$F$6:$CC$57,3,),)/1000 -> 15104.726 | S13: =+P13-R13 -> -6324.5567 | T13: =+IFERROR(HLOOKUP($B13,'[1]12월누계'!$D$6:$BN$259,16,),)/1000 -> 1458.3037 | U13: =+IFERROR(HLOOKUP($B13,'[2]12월누계'!$F$6:$CP$99,16,),)/1000 -> -508.92871 | V13: =+U13-T13 -> -1967.2324 | W13: =+IFERROR(HLOOKUP($B13,'[3]12월누계'!$F$6:$CC$57,16,),)/1000 -> 746.29403 | X13: =+U13-W13 -> -1255.2227 | Y13: =+[12]김해!$Q$85 -> 96299.859 | Z13: =+[12]김해!$R$85 -> 90439.338 | AA13: =+[13]김해!$Q$85 -> 95215.143 | AB13: =+[12]김해!$Q$89 -> 76941.15 | AC13: =+[12]김해!$R$89 -> 77593.352 | AD13: =+[13]김해!$Q$89 -> 78787.119 | AE13: =+Y13-AB13 -> 19358.708 | AF13: =+Z13-AC13 -> 12845.985 | AG13: =+AA13-AD13 -> 16428.023 | AI13: =+I13 -> 김해 | AJ13: =+J13/$J$27 -> 0.051051051 | AK13: =+K13/$K$27 -> 0.03458802 | AL13: =+AK13-AJ13 -> -0.016463031 | AM13: =+Y13*AL13 -> -1585.3875
B14: 정관 | G14: =+I14 -> 정관 | I14: 정관 | J14: =+IFERROR(HLOOKUP($B14,'[1]12월누계'!$D$6:$BN$259,2,),)/1000 -> 230 | K14: =+IFERROR(HLOOKUP($B14,'[2]12월누계'!$F$6:$CP$99,2,),)/1000 -> 250.3405 | L14: =+K14-J14 -> 20.3405 | M14: =+IFERROR(HLOOKUP($B14,'[3]12월누계'!$F$6:$CC$57,2,),)/1000 -> 237.2865 | N14: =+K14-M14 -> 13.054 | O14: =+IFERROR(HLOOKUP($B14,'[1]12월누계'!$D$6:$BN$259,3,),)/1000 -> 23459.983 | P14: =+IFERROR(HLOOKUP($B14,'[2]12월누계'!$F$6:$CP$99,3,),)/1000 -> 24889.744 | Q14: =+P14-O14 -> 1429.7609 | R14: =+IFERROR(HLOOKUP($B14,'[3]12월누계'!$F$6:$CC$57,3,),)/1000 -> 24033.942 | S14: =+P14-R14 -> 855.80237 | T14: =+IFERROR(HLOOKUP($B14,'[1]12월누계'!$D$6:$BN$259,16,),)/1000 -> 1986.809 | U14: =+IFERROR(HLOOKUP($B14,'[2]12월누계'!$F$6:$CP$99,16,),)/1000 -> 1811.5968 | V14: =+U14-T14 -> -175.21221 | W14: =+IFERROR(HLOOKUP($B14,'[3]12월누계'!$F$6:$CC$57,16,),)/1000 -> 1985.4719 | X14: =+U14-W14 -> -173.87507 | Y14: =+[12]정관!$Q$85 -> 101999.93 | Z14: =+[12]정관!$R$85 -> 99436.151 | AA14: =+[13]정관!$Q$85 -> 101286.6 | AB14: =+[12]정관!$Q$89 -> 82244.312 | AC14: =+[12]정관!$R$89 -> 82110.312 | AD14: =+[13]정관!$Q$89 -> 82252.166 | AE14: =+Y14-AB14 -> 19755.616 | AF14: =+Z14-AC14 -> 17325.839 | AG14: =+AA14-AD14 -> 19034.431 | AI14: =+I14 -> 정관 | AJ14: =+J14/$J$27 -> 0.069069069 | AK14: =+K14/$K$27 -> 0.0892051 | AL14: =+AK14-AJ14 -> 0.020136031 | AM14: =+Y14*AL14 -> 2053.8738
B15: 양산 | G15: =+I15 -> 양산 | I15: 양산 | J15: =+IFERROR(HLOOKUP($B15,'[1]12월누계'!$D$6:$BN$259,2,),)/1000 -> 140 | K15: =+IFERROR(HLOOKUP($B15,'[2]12월누계'!$F$6:$CP$99,2,),)/1000 -> 84.262 | L15: =+K15-J15 -> -55.738 | M15: =+IFERROR(HLOOKUP($B15,'[3]12월누계'!$F$6:$CC$57,2,),)/1000 -> 147.183 | N15: =+K15-M15 -> -62.921 | O15: =+IFERROR(HLOOKUP($B15,'[1]12월누계'!$D$6:$BN$259,3,),)/1000 -> 13220.551 | P15: =+IFERROR(HLOOKUP($B15,'[2]12월누계'!$F$6:$CP$99,3,),)/1000 -> 7774.0781 | Q15: =+P15-O15 -> -5446.4729 | R15: =+IFERROR(HLOOKUP($B15,'[3]12월누계'!$F$6:$CC$57,3,),)/1000 -> 13741.865 | S15: =+P15-R15 -> -5967.7872 | T15: =+IFERROR(HLOOKUP($B15,'[1]12월누계'!$D$6:$BN$259,16,),)/1000 -> 1150.752 | U15: =+IFERROR(HLOOKUP($B15,'[2]12월누계'!$F$6:$CP$99,16,),)/1000 -> -221.93098 | V15: =+U15-T15 -> -1372.683 | W15: =+IFERROR(HLOOKUP($B15,'[3]12월누계'!$F$6:$CC$57,16,),)/1000 -> 1156.0376 | X15: =+U15-W15 -> -1377.9686 | Y15: =+[12]양산!$Q$85 -> 94432.507 | Z15: =+[12]양산!$R$85 -> 92247.02 | AA15: =+[13]양산!$Q$85 -> 93365.845 | AB15: =+[12]양산!$Q$89 -> 73916.615 | AC15: =+[12]양산!$R$89 -> 74391.618 | AD15: =+[13]양산!$Q$89 -> 73601.938 | AE15: =+Y15-AB15 -> 20515.892 | AF15: =+Z15-AC15 -> 17855.403 | AG15: =+AA15-AD15 -> 19763.907 | AI15: =+I15 -> 양산 | AJ15: =+J15/$J$27 -> 0.042042042 | AK15: =+K15/$K$27 -> 0.030025506 | AL15: =+AK15-AJ15 -> -0.012016536 | AM15: =+Y15*AL15 -> -1134.7516
B16: 창원 | G16: =+I16 -> 창원 | I16: 창원 | J16: =+IFERROR(HLOOKUP($B16,'[1]12월누계'!$D$6:$BN$259,2,),)/1000 -> 160 | K16: =+IFERROR(HLOOKUP($B16,'[2]12월누계'!$F$6:$CP$99,2,),)/1000 -> 116.184 | L16: =+K16-J16 -> -43.816 | M16: =+IFERROR(HLOOKUP($B16,'[3]12월누계'!$F$6:$CC$57,2,),)/1000 -> 196.3575 | N16: =+K16-M16 -> -80.1735 | O16: =+IFERROR(HLOOKUP($B16,'[1]12월누계'!$D$6:$BN$259,3,),)/1000 -> 16111.954 | P16: =+IFERROR(HLOOKUP($B16,'[2]12월누계'!$F$6:$CP$99,3,),)/1000 -> 11067.551 | Q16: =+P16-O16 -> -5044.4027 | R16: =+IFERROR(HLOOKUP($B16,'[3]12월누계'!$F$6:$CC$57,3,),)/1000 -> 19774.515 | S16: =+P16-R16 -> -8706.9642 | T16: =+IFERROR(HLOOKUP($B16,'[1]12월누계'!$D$6:$BN$259,16,),)/1000 -> 1688.4607 | U16: =+IFERROR(HLOOKUP($B16,'[2]12월누계'!$F$6:$CP$99,16,),)/1000 -> 385.41136 | V16: =+U16-T16 -> -1303.0494 | W16: =+IFERROR(HLOOKUP($B16,'[3]12월누계'!$F$6:$CC$57,16,),)/1000 -> 2645.614 | X16: =+U16-W16 -> -2260.2027 | Y16: =+[12]창원!$Q$85 -> 100699.71 | Z16: =+[12]창원!$R$85 -> 95258.824 | AA16: =+[13]창원!$Q$85 -> 100706.7 | AB16: =+[12]창원!$Q$89 -> 76055.399 | AC16: =+[12]창원!$R$89 -> 73333.742 | AD16: =+[13]창원!$Q$89 -> 75043.236 | AE16: =+Y16-AB16 -> 24644.312 | AF16: =+Z16-AC16 -> 21925.082 | AG16: =+AA16-AD16 -> 25663.462 | AI16: =+I16 -> 창원 | AJ16: =+J16/$J$27 -> 0.048048048 | AK16: =+K16/$K$27 -> 0.041400434 | AL16: =+AK16-AJ16 -> -0.0066476139 | AM16: =+Y16*AL16 -> -669.4128
B17: 대구 | G17: =+I17 -> 대구 | I17: 대구 | J17: =+IFERROR(HLOOKUP($B17,'[1]12월누계'!$D$6:$BN$259,2,),)/1000 -> 145 | K17: =+IFERROR(HLOOKUP($B17,'[2]12월누계'!$F$6:$CP$99,2,),)/1000 -> 109.2145 | L17: =+K17-J17 -> -35.7855 | M17: =+IFERROR(HLOOKUP($B17,'[3]12월누계'!$F$6:$CC$57,2,),)/1000 -> 190.04 | N17: =+K17-M17 -> -80.8255 | O17: =+IFERROR(HLOOKUP($B17,'[1]12월누계'!$D$6:$BN$259,3,),)/1000 -> 14079.526 | P17: =+IFERROR(HLOOKUP($B17,'[2]12월누계'!$F$6:$CP$99,3,),)/1000 -> 9623.6385 | Q17: =+P17-O17 -> -4455.8873 | R17: =+IFERROR(HLOOKUP($B17,'[3]12월누계'!$F$6:$CC$57,3,),)/1000 -> 18889.929 | S17: =+P17-R17 -> -9266.2901 | T17: =+IFERROR(HLOOKUP($B17,'[1]12월누계'!$D$6:$BN$259,16,),)/1000 -> 1302.9749 | U17: =+IFERROR(HLOOKUP($B17,'[2]12월누계'!$F$6:$CP$99,16,),)/1000 -> -172.18243 | V17: =+U17-T17 -> -1475.1573 | W17: =+IFERROR(HLOOKUP($B17,'[3]12월누계'!$F$6:$CC$57,16,),)/1000 -> 2551.5007 | X17: =+U17-W17 -> -2723.6831 | Y17: =+[12]대구!$Q$85 -> 97100.178 | Z17: =+[12]대구!$R$85 -> 88134.911 | AA17: =+[13]대구!$Q$85 -> 99399.551 | AB17: =+[12]대구!$Q$89 -> 73288.04 | AC17: =+[12]대구!$R$89 -> 73003.185 | AD17: =+[13]대구!$Q$89 -> 74512.502 | AE17: =+Y17-AB17 -> 23812.138 | AF17: =+Z17-AC17 -> 15131.726 | AG17: =+AA17-AD17 -> 24887.049 | AI17: =+I17 -> 대구 | AJ17: =+J17/$J$27 -> 0.043543544 | AK17: =+K17/$K$27 -> 0.038916957 | AL17: =+AK17-AJ17 -> -0.0046265867 | AM17: =+Y17*AL17 -> -449.24239
B18: 울산 | G18: =+I18 -> 울산 | I18: 울산 | J18: =+IFERROR(HLOOKUP($B18,'[1]12월누계'!$D$6:$BN$259,2,),)/1000 -> 145 | K18: =+IFERROR(HLOOKUP($B18,'[2]12월누계'!$F$6:$CP$99,2,),)/1000 -> 135.6535 | L18: =+K18-J18 -> -9.3465 | M18: =+IFERROR(HLOOKUP($B18,'[3]12월누계'!$F$6:$CC$57,2,),)/1000 -> 134.213 | N18: =+K18-M18 -> 1.4405 | O18: =+IFERROR(HLOOKUP($B18,'[1]12월누계'!$D$6:$BN$259,3,),)/1000 -> 14891.506 | P18: =+IFERROR(HLOOKUP($B18,'[2]12월누계'!$F$6:$CP$99,3,),)/1000 -> 14168.405 | Q18: =+P18-O18 -> -723.10139 | R18: =+IFERROR(HLOOKUP($B18,'[3]12월누계'!$F$6:$CC$57,3,),)/1000 -> 13929.268 | S18: =+P18-R18 -> 239.13617 | T18: =+IFERROR(HLOOKUP($B18,'[1]12월누계'!$D$6:$BN$259,16,),)/1000 -> 1182.519 | U18: =+IFERROR(HLOOKUP($B18,'[2]12월누계'!$F$6:$CP$99,16,),)/1000 -> 1075.6328 | V18: =+U18-T18 -> -106.88617 | W18: =+IFERROR(HLOOKUP($B18,'[3]12월누계'!$F$6:$CC$57,16,),)/1000 -> 1432.4138 | X18: =+U18-W18 -> -356.78103 | Y18: =+[12]울산!$Q$85 -> 102700.04 | Z18: =+[12]울산!$R$85 -> 104445.55 | AA18: =+[13]울산!$Q$85 -> 103784.79 | AB18: =+[12]울산!$Q$89 -> 82252.052 | AC18: =+[12]울산!$R$89 -> 83402.285 | AD18: =+[13]울산!$Q$89 -> 80835.204 | AE18: =+Y18-AB18 -> 20447.989 | AF18: =+Z18-AC18 -> 21043.266 | AG18: =+AA18-AD18 -> 22949.589 | AI18: =+I18 -> 울산 | AJ18: =+J18/$J$27 -> 0.043543544 | AK18: =+K18/$K$27 -> 0.0483381 | AL18: =+AK18-AJ18 -> 0.0047945564 | AM18: =+Y18*AL18 -> 492.40114
B19: 아산 | G19: =+I19 -> 아산 | I19: 아산 | J19: =+IFERROR(HLOOKUP($B19,'[1]12월누계'!$D$6:$BN$259,2,),)/1000 -> 270 | K19: =+IFERROR(HLOOKUP($B19,'[2]12월누계'!$F$6:$CP$99,2,),)/1000 -> 251.622 | L19: =+K19-J19 -> -18.378 | M19: =+IFERROR(HLOOKUP($B19,'[3]12월누계'!$F$6:$CC$57,2,),)/1000 -> 317.5445 | N19: =+K19-M19 -> -65.9225 | O19: =+IFERROR(HLOOKUP($B19,'[1]12월누계'!$D$6:$BN$259,3,),)/1000 -> 27810 | P19: =+IFERROR(HLOOKUP($B19,'[2]12월누계'!$F$6:$CP$99,3,),)/1000 -> 24500.756 | Q19: =+P19-O19 -> -3309.2442 | R19: =+IFERROR(HLOOKUP($B19,'[3]12월누계'!$F$6:$CC$57,3,),)/1000 -> 32020.142 | S19: =+P19-R19 -> -7519.3866 | T19: =+IFERROR(HLOOKUP($B19,'[1]12월누계'!$D$6:$BN$259,16,),)/1000 -> 3587.5204 | U19: =+IFERROR(HLOOKUP($B19,'[2]12월누계'!$F$6:$CP$99,16,),)/1000 -> 1088.7266 | V19: =+U19-T19 -> -2498.7938 | W19: =+IFERROR(HLOOKUP($B19,'[3]12월누계'!$F$6:$CC$57,16,),)/1000 -> 4186.6874 | X19: =+U19-W19 -> -3097.9608 | Y19: =+[12]아산!$Q$85 -> 103000 | Z19: =+[12]아산!$R$85 -> 97362.97 | AA19: =+[13]아산!$Q$85 -> 100779.84 | AB19: =+[12]아산!$Q$89 -> 78614.59 | AC19: =+[12]아산!$R$89 -> 81568.642 | AD19: =+[13]아산!$Q$89 -> 77860.035 | AE19: =+Y19-AB19 -> 24385.41 | AF19: =+Z19-AC19 -> 15794.329 | AG19: =+AA19-AD19 -> 22919.805 | AI19: =+I19 -> 아산 | AJ19: =+J19/$J$27 -> 0.081081081 | AK19: =+K19/$K$27 -> 0.089661744 | AL19: =+AK19-AJ19 -> 0.0085806628 | AM19: =+Y19*AL19 -> 883.80827
B20: 전주 | G20: =+I20 -> 전주 | I20: 전주 | J20: =+IFERROR(HLOOKUP($B20,'[1]12월누계'!$D$6:$BN$259,2,),)/1000 -> 130 | K20: =+IFERROR(HLOOKUP($B20,'[2]12월누계'!$F$6:$CP$99,2,),)/1000 -> 154.4885 | L20: =+K20-J20 -> 24.4885 | M20: =+IFERROR(HLOOKUP($B20,'[3]12월누계'!$F$6:$CC$57,2,),)/1000 -> 104.5945 | N20: =+K20-M20 -> 49.894 | O20: =+IFERROR(HLOOKUP($B20,'[1]12월누계'!$D$6:$BN$259,3,),)/1000 -> 12870 | P20: =+IFERROR(HLOOKUP($B20,'[2]12월누계'!$F$6:$CP$99,3,),)/1000 -> 15115.211 | Q20: =+P20-O20 -> 2245.2114 | R20: =+IFERROR(HLOOKUP($B20,'[3]12월누계'!$F$6:$CC$57,3,),)/1000 -> 10098.437 | S20: =+P20-R20 -> 5016.774 | T20: =+IFERROR(HLOOKUP($B20,'[1]12월누계'!$D$6:$BN$259,16,),)/1000 -> 1511.1574 | U20: =+IFERROR(HLOOKUP($B20,'[2]12월누계'!$F$6:$CP$99,16,),)/1000 -> 1437.3909 | V20: =+U20-T20 -> -73.766492 | W20: =+IFERROR(HLOOKUP($B20,'[3]12월누계'!$F$6:$CC$57,16,),)/1000 -> 640.017 | X20: =+U20-W20 -> 797.37393 | Y20: =+[12]전주!$Q$85 -> 98999.999 | Z20: =+[12]전주!$R$85 -> 97840.744 | AA20: =+[13]전주!$Q$85 -> 96550.173 | AB20: =+[12]전주!$Q$89 -> 73277.628 | AC20: =+[12]전주!$R$89 -> 76219.707 | AD20: =+[13]전주!$Q$89 -> 72741.123 | AE20: =+Y20-AB20 -> 25722.371 | AF20: =+Z20-AC20 -> 21621.037 | AG20: =+AA20-AD20 -> 23809.049 | AI20: =+I20 -> 전주 | AJ20: =+J20/$J$27 -> 0.039039039 | AK20: =+K20/$K$27 -> 0.055049671 | AL20: =+AK20-AJ20 -> 0.016010632 | AM20: =+Y20*AL20 -> 1585.0526
B21: 군산 | G21: =+I21 -> 군산 | I21: 군산 | J21: =+IFERROR(HLOOKUP($B21,'[1]12월누계'!$D$6:$BN$259,2,),)/1000 -> 85 | K21: =+IFERROR(HLOOKUP($B21,'[2]12월누계'!$F$6:$CP$99,2,),)/1000 -> 55.757 | L21: =+K21-J21 -> -29.243 | M21: =+IFERROR(HLOOKUP($B21,'[3]12월누계'!$F$6:$CC$57,2,),)/1000 -> 98.3415 | N21: =+K21-M21 -> -42.5845 | O21: =+IFERROR(HLOOKUP($B21,'[1]12월누계'!$D$6:$BN$259,3,),)/1000 -> 9434.9662 | P21: =+IFERROR(HLOOKUP($B21,'[2]12월누계'!$F$6:$CP$99,3,),)/1000 -> 6145.5882 | Q21: =+P21-O21 -> -3289.3779 | R21: =+IFERROR(HLOOKUP($B21,'[3]12월누계'!$F$6:$CC$57,3,),)/1000 -> 11049.972 | S21: =+P21-R21 -> -4904.3836 | T21: =+IFERROR(HLOOKUP($B21,'[1]12월누계'!$D$6:$BN$259,16,),)/1000 -> 2246.823 | U21: =+IFERROR(HLOOKUP($B21,'[2]12월누계'!$F$6:$CP$99,16,),)/1000 -> 1077.3261 | V21: =+U21-T21 -> -1169.4969 | W21: =+IFERROR(HLOOKUP($B21,'[3]12월누계'!$F$6:$CC$57,16,),)/1000 -> 2923.9684 | X21: =+U21-W21 -> -1846.6423 | Y21: =+[12]군산!$Q$85 -> 110999.6 | Z21: =+[12]군산!$R$85 -> 110208.56 | AA21: =+[13]군산!$Q$85 -> 112375.86 | AB21: =+[12]군산!$Q$89 -> 72788.2 | AC21: =+[12]군산!$R$89 -> 72571.115 | AD21: =+[13]군산!$Q$89 -> 72449.184 | AE21: =+Y21-AB21 -> 38211.402 | AF21: =+Z21-AC21 -> 37637.445 | AG21: =+AA21-AD21 -> 39926.677 | AI21: =+I21 -> 군산 | AJ21: =+J21/$J$27 -> 0.025525526 | AK21: =+K21/$K$27 -> 0.019868175 | AL21: =+AK21-AJ21 -> -0.0056573508 | AM21: =+Y21*AL21 -> -627.96369
B22: 원주 | G22: =+I22 -> 원주 | I22: 원주 | J22: =+IFERROR(HLOOKUP($B22,'[1]12월누계'!$D$6:$BN$259,2,),)/1000 -> 55 | K22: =+IFERROR(HLOOKUP($B22,'[2]12월누계'!$F$6:$CP$99,2,),)/1000 -> 34.6595 | L22: =+K22-J22 -> -20.3405 | M22: =+IFERROR(HLOOKUP($B22,'[3]12월누계'!$F$6:$CC$57,2,),)/1000 -> 64.481 | N22: =+K22-M22 -> -29.8215 | O22: =+IFERROR(HLOOKUP($B22,'[1]12월누계'!$D$6:$BN$259,3,),)/1000 -> 6160 | P22: =+IFERROR(HLOOKUP($B22,'[2]12월누계'!$F$6:$CP$99,3,),)/1000 -> 3846.7764 | Q22: =+P22-O22 -> -2313.2236 | R22: =+IFERROR(HLOOKUP($B22,'[3]12월누계'!$F$6:$CC$57,3,),)/1000 -> 7251.5746 | S22: =+P22-R22 -> -3404.7982 | T22: =+IFERROR(HLOOKUP($B22,'[1]12월누계'!$D$6:$BN$259,16,),)/1000 -> 1009.3797 | U22: =+IFERROR(HLOOKUP($B22,'[2]12월누계'!$F$6:$CP$99,16,),)/1000 -> 227.56159 | V22: =+U22-T22 -> -781.81808 | W22: =+IFERROR(HLOOKUP($B22,'[3]12월누계'!$F$6:$CC$57,16,),)/1000 -> 1368.5219 | X22: =+U22-W22 -> -1140.9603 | Y22: =+[12]원주!$Q$85 -> 112000 | Z22: =+[12]원주!$R$85 -> 110992.75 | AA22: =+[13]원주!$Q$85 -> 112465.4 | AB22: =+[12]원주!$Q$89 -> 73468.293 | AC22: =+[12]원주!$R$89 -> 73196.399 | AD22: =+[13]원주!$Q$89 -> 74063.851 | AE22: =+Y22-AB22 -> 38531.707 | AF22: =+Z22-AC22 -> 37796.349 | AG22: =+AA22-AD22 -> 38401.546 | AI22: =+I22 -> 원주 | AJ22: =+J22/$J$27 -> 0.016516517 | AK22: =+K22/$K$27 -> 0.012350395 | AL22: =+AK22-AJ22 -> -0.004166121 | AM22: =+Y22*AL22 -> -466.60556
B23: 제주 | F23: =+K27-J27 -> -523.65262 | G23: =+I23 -> 제주 | I23: 제주 | J23: =+IFERROR(HLOOKUP($B23,'[1]12월누계'!$D$6:$BN$259,2,),)/1000 -> 100 | K23: =+IFERROR(HLOOKUP($B23,'[2]12월누계'!$F$6:$CP$99,2,),)/1000 -> 62.7085 | L23: =+K23-J23 -> -37.2915 | M23: =+IFERROR(HLOOKUP($B23,'[3]12월누계'!$F$6:$CC$57,2,),)/1000 -> 42.994 | N23: =+K23-M23 -> 19.7145 | O23: =+IFERROR(HLOOKUP($B23,'[1]12월누계'!$D$6:$BN$259,3,),)/1000 -> 12286.285 | P23: =+IFERROR(HLOOKUP($B23,'[2]12월누계'!$F$6:$CP$99,3,),)/1000 -> 7773.9382 | Q23: =+P23-O23 -> -4512.3473 | R23: =+IFERROR(HLOOKUP($B23,'[3]12월누계'!$F$6:$CC$57,3,),)/1000 -> 5315.1092 | S23: =+P23-R23 -> 2458.829 | T23: =+IFERROR(HLOOKUP($B23,'[1]12월누계'!$D$6:$BN$259,16,),)/1000 -> 2003.8432 | U23: =+IFERROR(HLOOKUP($B23,'[2]12월누계'!$F$6:$CP$99,16,),)/1000 -> 705.23831 | V23: =+U23-T23 -> -1298.6049 | W23: =+IFERROR(HLOOKUP($B23,'[3]12월누계'!$F$6:$CC$57,16,),)/1000 -> 368.05902 | X23: =+U23-W23 -> 337.17929 | Y23: =+[12]제주!$Q$85 -> 122862.85 | Z23: =+[12]제주!$R$85 -> 123796.87 | AA23: =+[13]제주!$Q$85 -> 123624.44 | AB23: =+[12]제주!$Q$89 -> 91146.151 | AC23: =+[12]제주!$R$89 -> 93667.739 | AD23: =+[13]제주!$Q$89 -> 89420.481 | AE23: =+Y23-AB23 -> 31716.704 | AF23: =+Z23-AC23 -> 30129.132 | AG23: =+AA23-AD23 -> 34203.96 | AI23: =+I23 -> 제주 | AJ23: =+J23/$J$27 -> 0.03003003 | AK23: =+K23/$K$27 -> 0.022345238 | AL23: =+AK23-AJ23 -> -0.0076847921 | AM23: =+Y23*AL23 -> -944.17549
F24: =+K24/J24 -> 0.82107736 | G24: =+I24 -> 수도권 | I24: 수도권 | J24: =SUM(J7:J10) -> 1220 | K24: =SUM(K7:K10) -> 1001.7144 | L24: =+K24-J24 -> -218.28562 | M24: =SUM(M7:M10) -> 1201.567 | N24: =+K24-M24 -> -199.85262 | O24: =SUM(O7:O10) -> 120268.36 | P24: =SUM(P7:P10) -> 96405.835 | Q24: =+P24-O24 -> -23862.526 | R24: =SUM(R7:R10) -> 117954.16 | S24: =+P24-R24 -> -21548.32 | T24: =SUM(T7:T10) -> 9215.4722 | U24: =SUM(U7:U10) -> 2060.0688 | V24: =+U24-T24 -> -7155.4034 | W24: =SUM(W7:W10) -> 8135.8575 | X24: =+U24-W24 -> -6075.7887 | Y24: =+[12]수도권!$Q$85 -> 98580.624 | Z24: =+[12]수도권!$R$85 -> 96282.119 | AA24: =+[13]수도권!$Q$85 -> 98175.052 | AB24: =+[12]수도권!$Q$89 -> 81080.866 | AC24: =+[12]수도권!$R$89 -> 81744.984 | AD24: =+[13]수도권!$Q$89 -> 81236.794 | AE24: =+Y24-AB24 -> 17499.758 | AF24: =+Z24-AC24 -> 14537.135 | AG24: =+AA24-AD24 -> 16938.258 | AI24: =+I24 -> 수도권 | AJ24: =+J24/$J$27 -> 0.36636637 | AK24: =+K24/$K$27 -> 0.35694597 | AL24: =+AK24-AJ24 -> -0.0094203991 | AM24: =+Y24*AL24 -> -928.66882
F25: =+K25/J25 -> 0.84720918 | G25: =+I25 -> 영남권 | I25: 영남권 | J25: =SUM(J11:J18) -> 1470 | K25: =SUM(K11:K18) -> 1245.3975 | L25: =+K25-J25 -> -224.6025 | M25: =SUM(M11:M18) -> 1548.7055 | N25: =+K25-M25 -> -303.308 | O25: =SUM(O11:O18) -> 147814.47 | P25: =SUM(P11:P18) -> 123317.81 | Q25: =+P25-O25 -> -24496.664 | R25: =SUM(R11:R18) -> 155875.85 | S25: =+P25-R25 -> -32558.038 | T25: =SUM(T11:T18) -> 13357.392 | U25: =SUM(U11:U18) -> 6179.8389 | V25: =+U25-T25 -> -7177.5531 | W25: =SUM(W11:W18) -> 15414.173 | X25: =+U25-W25 -> -9234.3337 | Y25: =+[12]영남권!$Q$85 -> 100554.06 | Z25: =+[12]영남권!$R$85 -> 99038.171 | AA25: =+[13]영남권!$Q$85 -> 100664.51 | AB25: =+[12]영남권!$Q$89 -> 79085.205 | AC25: =+[12]영남권!$R$89 -> 79921.883 | AD25: =+[13]영남권!$Q$89 -> 78859.643 | AE25: =+Y25-AB25 -> 21468.859 | AF25: =+Z25-AC25 -> 19116.288 | AG25: =+AA25-AD25 -> 21804.868 | AI25: =+I25 -> 영남권 | AJ25: =+J25/$J$27 -> 0.44144144 | AK25: =+K25/$K$27 -> 0.44377881 | AL25: =+AK25-AJ25 -> 0.0023373683 | AM25: =+Y25*AL25 -> 235.03188
F26: =+K26/J26 -> 0.87380547 | G26: =+I26 -> 중부권 | I26: 중부권 | J26: =SUM(J19:J23) -> 640 | K26: =SUM(K19:K23) -> 559.2355 | L26: =+K26-J26 -> -80.7645 | M26: =SUM(M19:M23) -> 627.9555 | N26: =+K26-M26 -> -68.72 | O26: =SUM(O19:O23) -> 68561.252 | P26: =SUM(P19:P23) -> 57382.27 | Q26: =+P26-O26 -> -11178.982 | R26: =SUM(R19:R23) -> 65735.235 | S26: =+P26-R26 -> -8352.9653 | T26: =SUM(T19:T23) -> 10358.724 | U26: =SUM(U19:U23) -> 4536.2435 | V26: =+U26-T26 -> -5822.4802 | W26: =SUM(W19:W23) -> 9487.2538 | X26: =+U26-W26 -> -4951.0102 | Y26: =+[12]중부권!$Q$85 -> 107126.96 | Z26: =+[12]중부권!$R$85 -> 102518.55 | AA26: =+[13]중부권!$Q$85 -> 104665.49 | AB26: =+[12]중부권!$Q$89 -> 78272.499 | AC26: =+[12]중부권!$R$89 -> 79993.582 | AD26: =+[13]중부권!$Q$89 -> 76562.819 | AE26: =+Y26-AB26 -> 28854.457 | AF26: =+Z26-AC26 -> 22524.967 | AG26: =+AA26-AD26 -> 28102.675 | AI26: =+I26 -> 중부권 | AJ26: =+J26/$J$27 -> 0.19219219 | AK26: =+K26/$K$27 -> 0.19927522 | AL26: =+AK26-AJ26 -> 0.0070830308 | AM26: =+Y26*AL26 -> 758.78353
F27: =+K27/M27 -> 0.8307158 | G27: =+K27/J27 -> 0.84274696 | H27: 레미콘 계 | J27: =SUM(J24:J26) -> 3330 | K27: =SUM(K24:K26) -> 2806.3474 | L27: =+K27-J27 -> -523.65262 | M27: =SUM(M24:M26) -> 3378.228 | N27: =+K27-M27 -> -571.88062 | O27: =SUM(O24:O26) -> 336644.09 | P27: =SUM(P24:P26) -> 277105.91 | Q27: =+P27-O27 -> -59538.171 | R27: =SUM(R24:R26) -> 339565.24 | S27: =+P27-R27 -> -62459.324 | T27: =SUM(T24:T26) -> 32931.588 | U27: =SUM(U24:U26) -> 12776.151 | V27: =+U27-T27 -> -20155.437 | W27: =SUM(W24:W26) -> 33037.284 | X27: =+U27-W27 -> -20261.133 | Y27: =+[12]합계!$Q$85 -> 101094.32 | Z27: =+[12]합계!$R$85 -> 98751.577 | AA27: =+[13]합계!$Q$85 -> 100523.03 | AB27: =+[12]합계!$Q$89 -> 79660.152 | AC27: =+[12]합계!$R$89 -> 80583.001 | AD27: =+[13]합계!$Q$89 -> 79276.383 | AE27: =+Y27-AB27 -> 21434.168 | AF27: =+Z27-AC27 -> 18168.576 | AG27: =+AA27-AD27 -> 21246.651 | AI27: 계 | AJ27: =+J27/$J$27 -> 1 | AK27: =+K27/$K$27 -> 1 | AL27: =+AK27-AJ27 -> 0 | AM27: =SUM(AM7:AM26) -> 180.23381
B28: 건자재 | E28: 건자재영업 | G28: 건자재 | H28: 건자재 | J28: =+IFERROR(HLOOKUP($B28,'[1]12월누계'!$D$6:$BN$259,2,),) -> 137600 | K28: =+IFERROR(HLOOKUP($E28,'[2]12월누계'!$F$6:$CP$99,2,),) -> 108225.35 | L28: =+K28-J28 -> -29374.654 | M28: =+IFERROR(HLOOKUP($E28,'[3]12월누계'!$F$6:$CC$57,2,),) -> 105164.21 | N28: =+K28-M28 -> 3061.135 | O28: =+IFERROR(HLOOKUP($B28,'[1]12월누계'!$D$6:$BN$259,3,),)/1000 -> 150142.43 | P28: =+IFERROR(HLOOKUP($E28,'[2]12월누계'!$F$6:$CP$99,3,),)/1000 -> 99181.146 | Q28: =+P28-O28 -> -50961.286 | R28: =+IFERROR(HLOOKUP($E28,'[3]12월누계'!$F$6:$CC$57,3,),)/1000 -> 103999.85 | S28: =+P28-R28 -> -4818.7008 | T28: =+IFERROR(HLOOKUP($B28,'[1]12월누계'!$D$6:$BN$259,16,),)/1000 -> 2522.9646 | U28: =+IFERROR(HLOOKUP($E28,'[2]12월누계'!$F$6:$CP$99,16,),)/1000 -> -117.76808 | V28: =+U28-T28 -> -2640.7327 | W28: =+IFERROR(HLOOKUP($E28,'[3]12월누계'!$F$6:$CC$57,16,),)/1000 -> 500.75827 | X28: =+U28-W28 -> -618.52635 | Y28: ■ 비고 | AJ28: =+P28/O28 -> 0.66058039 | AK28: =+P28/R28 -> 0.95366627
B29: 부산모래장 | C29: 부산골재 | F29: =+K29/J29 -> 1.0705702 | G29: =+I29 -> 부산모래장 | H29: 골재 | I29: 부산모래장 | J29: =+IFERROR(HLOOKUP($B29,'[1]12월누계'!$D$6:$BN$259,2,),)/1000 -> 259.99977 | K29: =+IFERROR(HLOOKUP($C29,'[2]12월누계'!$F$6:$CP$99,2,),)/1000 -> 278.348 | L29: =+K29-J29 -> 18.348226 | M29: =+IFERROR(HLOOKUP($C29,'[3]12월누계'!$F$6:$CC$57,2,),)/1000 -> 238.353 | N29: =+K29-M29 -> 39.995 | O29: =+IFERROR(HLOOKUP($B29,'[1]12월누계'!$D$6:$BN$259,3,),)/1000 -> 7457.3532 | P29: =+IFERROR(HLOOKUP($C29,'[2]12월누계'!$F$6:$CP$99,3,),)/1000 -> 7928.58 | Q29: =+P29-O29 -> 471.22676 | R29: =+IFERROR(HLOOKUP($C29,'[3]12월누계'!$F$6:$CC$57,3,),)/1000 -> 6922.5481 | S29: =+P29-R29 -> 1006.0319 | T29: =+IFERROR(HLOOKUP($B29,'[1]12월누계'!$D$6:$BN$259,21,),)/1000 -> 839.07689 | U29: =+IFERROR(HLOOKUP($C29,'[2]12월누계'!$F$6:$CP$99,21,),)/1000 -> 132.86315 | V29: =+U29-T29 -> -706.21375 | W29: =+IFERROR(HLOOKUP($C29,'[3]12월누계'!$F$6:$CC$57,21,),)/1000 -> 339.72439 | X29: =+U29-W29 -> -206.86124
B30: 서부산크라샤 | C30: 서부산골재 | F30: =+K30/J30 -> 0.50784097 | G30: =+I30 -> 서부산CR | I30: 서부산CR | J30: =+IFERROR(HLOOKUP($B30,'[1]12월누계'!$D$6:$BN$259,2,),)/1000 -> 580.00047 | K30: =+IFERROR(HLOOKUP($C30,'[2]12월누계'!$F$6:$CP$99,2,),)/1000 -> 294.548 | L30: =+K30-J30 -> -285.45247 | M30: =+IFERROR(HLOOKUP($C30,'[3]12월누계'!$F$6:$CC$57,2,),)/1000 -> 172.092 | N30: =+K30-M30 -> 122.456 | O30: =+IFERROR(HLOOKUP($B30,'[1]12월누계'!$D$6:$BN$259,3,),)/1000 -> 8484.9984 | P30: =+IFERROR(HLOOKUP($C30,'[2]12월누계'!$F$6:$CP$99,3,),)/1000 -> 4004.486 | Q30: =+P30-O30 -> -4480.5124 | R30: =+IFERROR(HLOOKUP($C30,'[3]12월누계'!$F$6:$CC$57,3,),)/1000 -> 2413.663 | S30: =+P30-R30 -> 1590.823 | T30: =+IFERROR(HLOOKUP($B30,'[1]12월누계'!$D$6:$BN$259,21,),)/1000 -> 1348.2155 | U30: =+IFERROR(HLOOKUP($C30,'[2]12월누계'!$F$6:$CP$99,21,),)/1000 -> 3.0204718 | V30: =+U30-T30 -> -1345.195 | W30: =+IFERROR(HLOOKUP($C30,'[3]12월누계'!$F$6:$CC$57,21,),)/1000 -> -278.72642 | X30: =+U30-W30 -> 281.7469
B31: 부산크라샤 | C31: 부산크라샤 | F31: =+K31/J31 -> 0.59455075 | G31: =+I31 -> 부산CR | I31: 부산CR | J31: =+IFERROR(HLOOKUP($B31,'[1]12월누계'!$D$6:$BN$259,2,),)/1000 -> 359.99955 | K31: =+IFERROR(HLOOKUP($C31,'[2]12월누계'!$F$6:$CP$99,2,),)/1000 -> 214.038 | L31: =+K31-J31 -> -145.96155 | M31: =+IFERROR(HLOOKUP($C31,'[3]12월누계'!$F$6:$CC$57,2,),)/1000 -> 429.666 | N31: =+K31-M31 -> -215.628 | O31: =+IFERROR(HLOOKUP($B31,'[1]12월누계'!$D$6:$BN$259,3,),)/1000 -> 6141.6483 | P31: =+IFERROR(HLOOKUP($C31,'[2]12월누계'!$F$6:$CP$99,3,),)/1000 -> 4127.217 | Q31: =+P31-O31 -> -2014.4313 | R31: =+IFERROR(HLOOKUP($C31,'[3]12월누계'!$F$6:$CC$57,3,),)/1000 -> 7733.933 | S31: =+P31-R31 -> -3606.716 | T31: =+IFERROR(HLOOKUP($B31,'[1]12월누계'!$D$6:$BN$259,21,),)/1000 -> 29.965159 | U31: =+IFERROR(HLOOKUP($C31,'[2]12월누계'!$F$6:$CP$99,21,),)/1000 -> -1471.3559 | V31: =+U31-T31 -> -1501.3211 | W31: =+IFERROR(HLOOKUP($C31,'[3]12월누계'!$F$6:$CC$57,21,),)/1000 -> -822.30434 | X31: =+U31-W31 -> -649.05157
F32: =+K32/J32 -> 0.65577845 | H32: 골재 계 | J32: =SUM(J29:J31) -> 1199.9998 | K32: =SUM(K29:K31) -> 786.934 | L32: =+K32-J32 -> -413.06579 | M32: =SUM(M29:M31) -> 840.111 | N32: =+K32-M32 -> -53.177 | O32: =SUM(O29:O31) -> 22084 | P32: =SUM(P29:P31) -> 16060.283 | Q32: =+P32-O32 -> -6023.717 | R32: =SUM(R29:R31) -> 17070.144 | S32: =+P32-R32 -> -1009.8611 | T32: =SUM(T29:T31) -> 2217.2575 | U32: =SUM(U29:U31) -> -1335.4723 | V32: =+U32-T32 -> -3552.7298 | W32: =SUM(W29:W31) -> -761.30637 | X32: =+U32-W32 -> -574.16592 | AJ32: =+P32/O32 -> 0.72723614 | AK32: =+P32/R32 -> 0.9408405
B33: 포항임대 | C33: 속초임대 | D33: 강릉임대 | E33: 레미콘임대 계 | G33: =+I33 -> 레미콘임대 | H33: 기타 | I33: 레미콘임대 | L33: =+K33-J33 -> 0 | N33: =+K33-M33 -> 0 | O33: =(IFERROR(HLOOKUP($B33,'[1]12월누계'!$D$6:$BN$259,3,),)++IFERROR(HLOOKUP($C33,'[1]12월누계'!$D$6:$BN$259,3,),)+IFERROR(HLOOKUP($D33,'[1]12월누계'!$D$6:$BN$259,3,),))/1000 -> 872.52 | P33: =+IFERROR(HLOOKUP($E33,'[2]12월누계'!$F$6:$CP$99,3,),)/1000 -> 637.58 | Q33: =+P33-O33 -> -234.94 | R33: =+IFERROR(HLOOKUP($E33,'[3]12월누계'!$F$6:$CC$57,3,),)/1000 -> 1090.08 | S33: =+P33-R33 -> -452.5 | T33: =(IFERROR(HLOOKUP($B33,'[1]12월누계'!$D$6:$BN$259,21,),)++IFERROR(HLOOKUP($C33,'[1]12월누계'!$D$6:$BN$259,21,),)+IFERROR(HLOOKUP($D33,'[1]12월누계'!$D$6:$BN$259,21,),))/1000 -> 611.60173 | U33: =+IFERROR(HLOOKUP($E33,'[2]12월누계'!$F$6:$CP$99,16,),)/1000 -> 352.04302 | V33: =+U33-T33 -> -259.55871 | W33: =+IFERROR(HLOOKUP($E33,'[3]12월누계'!$F$6:$CC$57,16,),)/1000 -> 771.41686 | X33: =+U33-W33 -> -419.37384
B34: 부동산임대 | C34: 주유소임대 | E34: 임대 계 | G34: =+I34 -> 임대 | I34: 임대 | L34: =+K34-J34 -> 0 | M34: 0 | N34: =+K34-M34 -> 0 | O34: =(+IFERROR(HLOOKUP($B34,'[1]12월누계'!$D$6:$BN$259,3,),)+IFERROR(HLOOKUP($C34,'[1]12월누계'!$D$6:$BN$259,3,),))/1000 -> 890.798 | P34: =+IFERROR(HLOOKUP($E34,'[2]12월누계'!$F$6:$CP$99,3,),)/1000 -> 885.1901 | Q34: =+P34-O34 -> -5.607899 | R34: =+IFERROR(HLOOKUP($E34,'[3]12월누계'!$F$6:$CC$57,3,),)/1000 -> 875.84247 | S34: =+P34-R34 -> 9.347631 | T34: =(+IFERROR(HLOOKUP($B34,'[1]12월누계'!$D$6:$BN$259,21,),)+IFERROR(HLOOKUP($C34,'[1]12월누계'!$D$6:$BN$259,21,),))/1000 -> 819.50178 | U34: =+IFERROR(HLOOKUP($E34,'[2]12월누계'!$F$6:$CP$99,16,),)/1000 -> 813.49677 | V34: =+U34-T34 -> -6.005004 | W34: =+IFERROR(HLOOKUP($E34,'[3]12월누계'!$F$6:$CC$57,16,),)/1000 -> 800.92319 | X34: =+U34-W34 -> 12.573583
B35: 공 통 비 | G35: =+I35 -> 공통비 | I35: 공통비 | L35: =+K35-J35 -> 0 | N35: =+K35-M35 -> 0 | Q35: =+P35-O35 -> 0 | S35: =+P35-R35 -> 0 | T35: =-'[1]12월누계'!$Z$22/1000 -> -17936.642 | U35: =+-'[2]12월누계'!$Z$22/1000 -> -18663.57 | V35: =+U35-T35 -> -726.92859 | W35: =+-'[3]12월누계'!$Z$22/1000 -> -17443.479 | X35: =+U35-W35 -> -1220.0909
G36: =+I36 -> OPC 소급분 | I36: OPC 소급분 | N36: =+K36-M36 -> 0 | Q36: =+P36-O36 -> 0 | S36: =+P36-R36 -> 0 | U36: ='[2]12월누계'!$BD$26/1000 -> 1257.4551 | V36: =+U36-T36 -> 1257.4551 | W36: ='[3]12월누계'!$BD$26/1000 -> 1291.7882 | X36: =+U36-W36 -> -34.33314
G37: =+I37 -> 대손 | I37: 대손 | N37: =+K37-M37 -> 0 | Q37: =+P37-O37 -> 0 | S37: =+P37-R37 -> 0 | U37: ='[2]12월누계'!$BE$26/1000 -> -1684.3831 | V37: =+U37-T37 -> -1684.3831 | W37: ='[3]12월누계'!$BE$26/1000 -> -254.34662 | X37: =+U37-W37 -> -1430.0365
G38: =+I38 -> 미운영 공장 | I38: 미운영 공장 | M38: =SUM(M54:M59) -> 0 | N38: =+K38-M38 -> 0 | Q38: =+P38-O38 -> 0 | R38: =+IFERROR(HLOOKUP($I$38,'[3]12월누계'!$F$6:$BJ$50,3,),)/1000 -> 0 | S38: =+P38-R38 -> 0 | T38: =SUM('[1]12월누계'!$AM$26:$AQ$26)/1000 -> -318.02264 | U38: =+'[2]12월누계'!$BF$26/1000 -> -315.64204 | V38: =+U38-T38 -> 2.380599 | W38: =+'[3]12월누계'!$BF$26/1000 -> -408.81052 | X38: =+U38-W38 -> 93.168479
B39: 기타 계 | G39: =+I39 -> 퇴직위로금 | I39: 퇴직위로금 | U39: =+'[2]12월누계'!$BG$26/1000 -> -759.34319 | V39: =+U39-T39 -> -759.34319 | X39: =+U39-W39 -> -759.34319
G40: =+I40 -> 기타 | I40: 기타 | L40: =+K40-J40 -> 0 | N40: =+K40-M40 -> 0 | O40: =IFERROR(HLOOKUP($B39,'[1]12월누계'!$D$6:$BN$259,3,),)/1000 -> 21.24 | P40: =+('[2]12월누계'!$F$8-SUM('[2]12월누계'!$Z$8,'[2]12월누계'!$AH$8,'[2]12월누계'!$AN$8,'[2]12월누계'!$AO$8,'[2]12월누계'!$BA$8,'[2]12월누계'!$BD$8,'[2]12월누계'!$BE$8,'[2]12월누계'!$BF$8))/1000 -> 20.16505 | Q40: =+P40-O40 -> -1.07495 | R40: =+('[3]12월누계'!$F$8-SUM('[3]12월누계'!$Z$8,'[3]12월누계'!$AH$8,'[3]12월누계'!$AN$8,'[3]12월누계'!$AO$8,'[3]12월누계'!$BA$8,'[3]12월누계'!$BD$8,'[3]12월누계'!$BE$8,'[3]12월누계'!$BF$8))/1000 -> 20.98485 | S40: =+P40-R40 -> -0.8198 | T40: =+('[1]12월누계'!$E$26-'[1]12월누계'!$Z$26-'[1]12월누계'!$AA$26-'[1]12월누계'!$AE$26-'[1]12월누계'!$AL$26-'[1]12월누계'!$AM$26-'[1]12월누계'!$AN$26-'[1]12월누계'!$AO$26-'[1]12월누계'!$AP$26-'[1]12월누계'!$AQ$26-'[1]12월누계'!$AS$26)/1000+'[1]12월누계'!$AS$26/1000 -> -845.16596 | U40: =+('[2]12월누계'!$F$26-SUM('[2]12월누계'!$Z$26,'[2]12월누계'!$AH$26,'[2]12월누계'!$AN$26,'[2]12월누계'!$AO$26,'[2]12월누계'!$BA$26,'[2]12월누계'!$BD$26,'[2]12월누계'!$BE$26,'[2]12월누계'!$BF$26))/1000-U39 -> -88.870117 | V40: =+U40-T40 -> 756.29584 | W40: =+('[3]12월누계'!$F$26-SUM('[3]12월누계'!$Z$26,'[3]12월누계'!$AH$26,'[3]12월누계'!$AN$26,'[3]12월누계'!$AO$26,'[3]12월누계'!$BA$26,'[3]12월누계'!$BD$26,'[3]12월누계'!$BE$26,'[3]12월누계'!$BF$26))/1000 -> -216.47604 | X40: =+U40-W40 -> 127.60592
H41: 기타 계 | J41: =SUM(J33:J40) -> 0 | K41: =SUM(K33:K40) -> 0 | L41: =+K41-J41 -> 0 | M41: =SUM(M33:M40) -> 0 | N41: =+K41-M41 -> 0 | O41: =SUM(O33:O40) -> 1784.558 | P41: =SUM(P33:P40) -> 1542.9352 | Q41: =+P41-O41 -> -241.62285 | R41: =SUM(R33:R40) -> 1986.9073 | S41: =+P41-R41 -> -443.97217 | T41: =SUM(T33:T40) -> -17668.727 | U41: =SUM(U33:U40) -> -19088.814 | V41: =+U41-T41 -> -1420.0871 | W41: =SUM(W33:W40) -> -15458.984 | X41: =+U41-W41 -> -3629.8295 | AJ41: =+P41/O41 -> 0.86460353 | AK41: =+P41/R41 -> 0.77655114
U42: 19 | V42: 12.4
G43: =+P43/O43 -> 0.77134312 | H43: 합계 | O43: =+O27+O32+O28+O41 -> 510655.08 | P43: =+P27+P32+P28+P41 -> 393890.28 | Q43: =+P43-O43 -> -116764.8 | R43: =+R27+R32+R28+R41 -> 462622.14 | S43: =+P43-R43 -> -68731.858 | T43: =+T27+T32+T28+T41 -> 20003.083 | U43: =+U27+U32+U28+U41 -> -7765.903 | V43: =+U43-T43 -> -27768.986 | W43: =+W27+W32+W28+W41 -> 17317.751 | X43: =+U43-W43 -> -25083.654 | AJ43: =+P43/O43 -> 0.77134312 | AK43: =+P43/R43 -> 0.85142981
G44: =+U43/T43 -> -0.3882353 | K44: =+K28/J28 -> 0.78652141 | M44: =+K28/M28 -> 1.0291081 | P44: =+P43/O43 -> 0.77134312 | R44: =+P43/R43 -> 0.85142981 | T44: =+T43/O43 -> 0.039171418 | U44: =+U43/P43 -> -0.019715904 | V44: =+V43/100 -> -277.68986 | X44: =+X43/100 -> -250.83654
K45: =+K32/J32 -> 0.65577845 | M45: =+K32/M32 -> 0.93670241
I46: 확인 | J46: =+'[1]12월누계'!$Z$7/1000 -> 3330 | K46: =+'[2]12월누계'!$AI$7/1000 -> 2806.3474 | M46: =+'[3]12월누계'!$Z$7/1000 -> 3378.228 | O46: =+'[1]12월누계'!$E$8/1000 -> 510655.08 | P46: =+'[2]12월누계'!$F$8/1000 -> 393890.28 | R46: =+'[3]12월누계'!$F$8/1000 -> 462622.14 | T46: =+'[1]12월누계'!$E$26/1000 -> 20003.083 | U46: =+'[2]12월누계'!$F$26/1000 -> -7765.903 | W46: =+'[3]12월누계'!$F$26/1000 -> 17317.751
J47: =+J46-J27 -> 0 | K47: =+K46-K27 -> 0 | M47: =+M46-M27 -> 0 | O47: =+O46-O43 -> 0 | P47: =+P46-P43 -> 0 | R47: =+R46-R43 -> 0 | T47: =+T46-T43 -> 3.2741809e-11 | U47: =+U46-U43 -> 0 | W47: =+W46-W43 -> 0
O49: =+O43-O28 -> 360512.64 | P49: =+P43-P28 -> 294709.13 | Q49: =+P49-O49 -> -65803.511
O50: =+O49/100 -> 3605.1264 | P50: =+P49/100 -> 2947.0913 | Q50: =+P50-O50 -> -658.03511 | S50: 레미콘 | T50: =(+T27+T35)/100 -> 149.94946 | U50: =(+U27+U35)/100 -> -58.874191 | V50: =+U50-T50 -> -208.82365 | W50: =+U50/T50-1 -> -1.3926269
Q51: =+P50/O50 -> 0.81747239 | S51: 골재 | T51: =+T32/100 -> 22.172575 | U51: =+U32/100 -> -13.354723 | V51: =+U51-T51 -> -35.527298 | Y51: - OPC 소급분 : 삼표 2.5억(총 9.9억 中 1회차) → 8~12월누계 총 4회 소급예정
S52: 임대 | T52: =(T33+T34)/100 -> 14.311035 | U52: =(U33+U34)/100 -> 11.655398 | V52: =+U52-T52 -> -2.6556371
S53: 기타 | T53: =((T46-T28)/100)-T50-T51-T52 -> -11.631886 | U53: =((U46-U28)/100)-U50-U51-U52 -> -15.907834 | V53: =+U53-T53 -> -4.2759476
T54: =SUM(T52:T53) -> 2.679149 | U54: =SUM(U52:U53) -> -4.2524357 | V54: =SUM(V52:V53) -> -6.9315847
T55: =SUM(T50:T53) -> 174.80119 | U55: =SUM(U50:U53) -> -76.481349 | V55: =+U55-T55 -> -251.28254
J57: =+J32*1000 -> 1199999.8 | K57: =+K32*1000 -> 786934 | L57: =+K57-J57 -> -413065.79
J58: =+T32/100 -> 22.172575 | K58: =+U32/100 -> -13.354723 | L58: =+K58-J58 -> -35.527298 | S58: 임대 | T58: =+(T33+T34)/100 -> 14.311035 | U58: =+(U33+U34)/100 -> 11.655398 | V58: =+U58-T58 -> -2.6556371
S59: =+I36 -> OPC 소급분 | T59: =+T36/100 -> 0 | U59: =+U36/100 -> 12.574551 | V59: =+U59-T59 -> 12.574551
S60: =+I37 -> 대손 | T60: =+T37/100 -> 0 | U60: =+U37/100 -> -16.843831 | V60: =+U60-T60 -> -16.843831
S61: =+I38 -> 미운영 공장 | T61: =+T38/100 -> -3.1802264 | U61: =+U38/100 -> -3.1564204 | V61: =+U61-T61 -> 0.02380599
S62: =+I40 -> 기타 | T62: =+T40/100 -> -8.4516596 | U62: =+U40/100 -> -0.88870117 | V62: =+U62-T62 -> 7.5629584
T63: =SUM(T58:T62) -> 2.679149 | U63: =SUM(U58:U62) -> 3.3409962 | V63: =SUM(V58:V62) -> 0.66184719
T69: =SUM(T33:T34,T36,T38:T39,T40,Y37) -> 267.9149 | U69: =SUM(U33:U34,U36,U38:U39,U40,Z37) -> 1259.1395 | V69: =+U69-T69 -> 991.22464
T71: =+T43-T28 -> 17480.119 | U71: =+U43-U28 -> -7648.1349 | V71: =+U71-T71 -> -25128.254
T72: =+T71/100 -> 174.80119 | U72: =+U71/100 -> -76.481349 | V72: =+U72-T72 -> -251.28254
U75: =+U71-U37-U39 -> -5204.4086
U76: =+U75/100 -> -52.044086

Sheet 사업장별(당월)_건자재제외
H3: □ 사업장별 손익실적(2025-12)_건자재 제외
AG4: [단위 : 천㎥, 톤, 백만원]
H5: 구분 | J5: 물량 | O5: 매출 | T5: 영업이익(공통비 배부전) | Y5: 판매단가 | AB5: 변동비 | AE5: 공헌이익
A6: 2024년 12월 마감 손익 | J6: 계획 | K6: 실적 | L6: 차이 | M6: 전년 | N6: 차이 | O6: 계획 | P6: 실적 | Q6: 차이 | R6: 전년 | S6: 차이 | T6: 계획 | U6: 실적 | V6: 차이 | W6: 전년 | X6: 차이 | Y6: 계획 | Z6: 실적 | AA6: 전년 | AB6: 계획 | AC6: 실적 | AD6: 전년 | AE6: 계획 | AF6: 실적 | AG6: 전년
B7: 안양 | F7: =+K7/J7 -> 0.76382927 | G7: =+I7 -> 안양 | H7: 레미콘 | I7: 안양 | J7: =+IFERROR(HLOOKUP($B7,'[1]12월'!$D$6:$BN$259,2,),)/1000 -> 41 | K7: =+IFERROR(HLOOKUP($B7,'[2]12월'!$F$6:$CP$99,2,),)/1000 -> 31.317 | L7: =+K7-J7 -> -9.683 | M7: =+IFERROR(HLOOKUP($B7,'[3]12월'!$F$6:$CC$57,2,),)/1000 -> 34.67 | N7: =+K7-M7 -> -3.353 | O7: =+IFERROR(HLOOKUP($B7,'[1]12월'!$D$6:$BN$259,3,),)/1000 -> 4252.2908 | P7: =+IFERROR(HLOOKUP($B7,'[2]12월'!$F$6:$CP$99,3,),)/1000 -> 3194.0082 | Q7: =+P7-O7 -> -1058.2826 | R7: =+IFERROR(HLOOKUP($B7,'[3]12월'!$F$6:$CC$57,3,),)/1000 -> 3342.2601 | S7: =+P7-R7 -> -148.25192 | T7: =+IFERROR(HLOOKUP($B7,'[1]12월'!$D$6:$BN$259,16,),)/1000 -> 565.37708 | U7: =+IFERROR(HLOOKUP($B7,'[2]12월'!$F$6:$CP$99,16,),)/1000 -> 188.84256 | V7: =+U7-T7 -> -376.53452 | W7: =+IFERROR(HLOOKUP($B7,'[3]12월'!$F$6:$CC$57,16,),)/1000 -> 51.528149 | X7: =+U7-W7 -> 137.31441 | Y7: =+[4]안양!$Q$85 -> 103714.41 | Z7: =+[4]안양!$R$85 -> 101989.6 | AA7: =+[5]안양!$Q$85 -> 96402.081 | AB7: =+[4]안양!$Q$89 -> 82971.278 | AC7: =+[4]안양!$R$89 -> 84587.481 | AD7: =+[5]안양!$Q$89 -> 82908.854 | AE7: =+Y7-AB7 -> 20743.131 | AF7: =+Z7-AC7 -> 17402.116 | AG7: =+AA7-AD7 -> 13493.227
B8: 인천 | F8: =+K8/J8 -> 0.98359375 | G8: =+I8 -> 인천 | H8: 직영 | I8: 인천 | J8: =+IFERROR(HLOOKUP($B8,'[1]12월'!$D$6:$BN$259,2,),)/1000 -> 32 | K8: =+IFERROR(HLOOKUP($B8,'[2]12월'!$F$6:$CP$99,2,),)/1000 -> 31.475 | L8: =+K8-J8 -> -0.525 | M8: =+IFERROR(HLOOKUP($B8,'[3]12월'!$F$6:$CC$57,2,),)/1000 -> 30.362 | N8: =+K8-M8 -> 1.113 | O8: =+IFERROR(HLOOKUP($B8,'[1]12월'!$D$6:$BN$259,3,),)/1000 -> 3312.3507 | P8: =+IFERROR(HLOOKUP($B8,'[2]12월'!$F$6:$CP$99,3,),)/1000 -> 3110.8678 | Q8: =+P8-O8 -> -201.48294 | R8: =+IFERROR(HLOOKUP($B8,'[3]12월'!$F$6:$CC$57,3,),)/1000 -> 2969.3944 | S8: =+P8-R8 -> 141.47341 | T8: =+IFERROR(HLOOKUP($B8,'[1]12월'!$D$6:$BN$259,16,),)/1000 -> 335.03112 | U8: =+IFERROR(HLOOKUP($B8,'[2]12월'!$F$6:$CP$99,16,),)/1000 -> -60.530205 | V8: =+U8-T8 -> -395.56132 | W8: =+IFERROR(HLOOKUP($B8,'[3]12월'!$F$6:$CC$57,16,),)/1000 -> -49.54122 | X8: =+U8-W8 -> -10.988985 | Y8: =+[4]인천!$Q$85 -> 103510.96 | Z8: =+[4]인천!$R$85 -> 98884.465 | AA8: =+[5]인천!$Q$85 -> 97799.697 | AB8: =+[4]인천!$Q$89 -> 84269.957 | AC8: =+[4]인천!$R$89 -> 89818.639 | AD8: =+[5]인천!$Q$89 -> 86503.735 | AE8: =+Y8-AB8 -> 19241.004 | AF8: =+Z8-AC8 -> 9065.8265 | AG8: =+AA8-AD8 -> 11295.962
B9: 파주 | F9: =+K9/J9 -> 0.65057143 | G9: =+I9 -> 파주 | I9: 파주 | J9: =+IFERROR(HLOOKUP($B9,'[1]12월'!$D$6:$BN$259,2,),)/1000 -> 21 | K9: =+IFERROR(HLOOKUP($B9,'[2]12월'!$F$6:$CP$99,2,),)/1000 -> 13.662 | L9: =+K9-J9 -> -7.338 | M9: =+IFERROR(HLOOKUP($B9,'[3]12월'!$F$6:$CC$57,2,),)/1000 -> 16.303 | N9: =+K9-M9 -> -2.641 | O9: =+IFERROR(HLOOKUP($B9,'[1]12월'!$D$6:$BN$259,3,),)/1000 -> 1999.4837 | P9: =+IFERROR(HLOOKUP($B9,'[2]12월'!$F$6:$CP$99,3,),)/1000 -> 1345.027 | Q9: =+P9-O9 -> -654.45674 | R9: =+IFERROR(HLOOKUP($B9,'[3]12월'!$F$6:$CC$57,3,),)/1000 -> 1513.0633 | S9: =+P9-R9 -> -168.03634 | T9: =+IFERROR(HLOOKUP($B9,'[1]12월'!$D$6:$BN$259,16,),)/1000 -> 89.794589 | U9: =+IFERROR(HLOOKUP($B9,'[2]12월'!$F$6:$CP$99,16,),)/1000 -> -96.411096 | V9: =+U9-T9 -> -186.20569 | W9: =+IFERROR(HLOOKUP($B9,'[3]12월'!$F$6:$CC$57,16,),)/1000 -> -160.22943 | X9: =+U9-W9 -> 63.81833 | Y9: =+[4]파주!$Q$85 -> 95213.511 | Z9: =+[4]파주!$R$85 -> 98582.895 | AA9: =+[5]파주!$Q$85 -> 92808.89 | AB9: =+[4]파주!$Q$89 -> 80317.167 | AC9: =+[4]파주!$R$89 -> 90468.02 | AD9: =+[5]파주!$Q$89 -> 85217.769 | AE9: =+Y9-AB9 -> 14896.345 | AF9: =+Z9-AC9 -> 8114.8749 | AG9: =+AA9-AD9 -> 7591.1217
B10: 김포 | F10: =+K10/J10 -> 0.788204 | G10: =+I10 -> 김포 | I10: 김포 | J10: =+IFERROR(HLOOKUP($B10,'[1]12월'!$D$6:$BN$259,2,),)/1000 -> 15 | K10: =+IFERROR(HLOOKUP($B10,'[2]12월'!$F$6:$CP$99,2,),)/1000 -> 11.82306 | L10: =+K10-J10 -> -3.17694 | M10: =+IFERROR(HLOOKUP($B10,'[3]12월'!$F$6:$CC$57,2,),)/1000 -> 13.4185 | N10: =+K10-M10 -> -1.59544 | O10: =+IFERROR(HLOOKUP($B10,'[1]12월'!$D$6:$BN$259,3,),)/1000 -> 1430.397 | P10: =+IFERROR(HLOOKUP($B10,'[2]12월'!$F$6:$CP$99,3,),)/1000 -> 1164.795 | Q10: =+P10-O10 -> -265.60199 | R10: =+IFERROR(HLOOKUP($B10,'[3]12월'!$F$6:$CC$57,3,),)/1000 -> 1247.6161 | S10: =+P10-R10 -> -82.821138 | T10: =+IFERROR(HLOOKUP($B10,'[1]12월'!$D$6:$BN$259,16,),)/1000 -> 122.15246 | U10: =+IFERROR(HLOOKUP($B10,'[2]12월'!$F$6:$CP$99,16,),)/1000 -> -39.531496 | V10: =+U10-T10 -> -161.68395 | W10: =+IFERROR(HLOOKUP($B10,'[3]12월'!$F$6:$CC$57,16,),)/1000 -> -46.29355 | X10: =+U10-W10 -> 6.762054 | Y10: =+[4]김포!$Q$85 -> 95359.8 | Z10: =+[4]김포!$R$85 -> 98518.912 | AA10: =+[5]김포!$Q$85 -> 93010.903 | AB10: =+[4]김포!$Q$89 -> 76510.559 | AC10: =+[4]김포!$R$89 -> 84962.316 | AD10: =+[5]김포!$Q$89 -> 79168.533 | AE10: =+Y10-AB10 -> 18849.241 | AF10: =+Z10-AC10 -> 13556.596 | AG10: =+AA10-AD10 -> 13842.37
B11: 부산 | F11: =+K11/J11 -> 1.0118636 | G11: =+I11 -> 부산 | I11: 부산 | J11: =+IFERROR(HLOOKUP($B11,'[1]12월'!$D$6:$BN$259,2,),)/1000 -> 22 | K11: =+IFERROR(HLOOKUP($B11,'[2]12월'!$F$6:$CP$99,2,),)/1000 -> 22.261 | L11: =+K11-J11 -> 0.261 | M11: =+IFERROR(HLOOKUP($B11,'[3]12월'!$F$6:$CC$57,2,),)/1000 -> 17.339 | N11: =+K11-M11 -> 4.922 | O11: =+IFERROR(HLOOKUP($B11,'[1]12월'!$D$6:$BN$259,3,),)/1000 -> 2369.3977 | P11: =+IFERROR(HLOOKUP($B11,'[2]12월'!$F$6:$CP$99,3,),)/1000 -> 2428.6556 | Q11: =+P11-O11 -> 59.25793 | R11: =+IFERROR(HLOOKUP($B11,'[3]12월'!$F$6:$CC$57,3,),)/1000 -> 1980.4694 | S11: =+P11-R11 -> 448.1862 | T11: =+IFERROR(HLOOKUP($B11,'[1]12월'!$D$6:$BN$259,16,),)/1000 -> 231.81377 | U11: =+IFERROR(HLOOKUP($B11,'[2]12월'!$F$6:$CP$99,16,),)/1000 -> 159.61886 | V11: =+U11-T11 -> -72.194902 | W11: =+IFERROR(HLOOKUP($B11,'[3]12월'!$F$6:$CC$57,16,),)/1000 -> 92.183809 | X11: =+U11-W11 -> 67.435055 | Y11: =+[4]부산!$Q$85 -> 107699.89 | Z11: =+[4]부산!$R$85 -> 109099.12 | AA11: =+[5]부산!$Q$85 -> 114220.51 | AB11: =+[4]부산!$Q$89 -> 85882.676 | AC11: =+[4]부산!$R$89 -> 90355.725 | AD11: =+[5]부산!$Q$89 -> 90394.221 | AE11: =+Y11-AB11 -> 21817.219 | AF11: =+Z11-AC11 -> 18743.399 | AG11: =+AA11-AD11 -> 23826.288
B12: 서부산 | F12: =+K12/J12 -> 0.82886957 | G12: =+I12 -> 서부산 | I12: 서부산 | J12: =+IFERROR(HLOOKUP($B12,'[1]12월'!$D$6:$BN$259,2,),)/1000 -> 23 | K12: =+IFERROR(HLOOKUP($B12,'[2]12월'!$F$6:$CP$99,2,),)/1000 -> 19.064 | L12: =+K12-J12 -> -3.936 | M12: =+IFERROR(HLOOKUP($B12,'[3]12월'!$F$6:$CC$57,2,),)/1000 -> 24.067 | N12: =+K12-M12 -> -5.003 | O12: =+IFERROR(HLOOKUP($B12,'[1]12월'!$D$6:$BN$259,3,),)/1000 -> 2283.889 | P12: =+IFERROR(HLOOKUP($B12,'[2]12월'!$F$6:$CP$99,3,),)/1000 -> 1993.4115 | Q12: =+P12-O12 -> -290.47752 | R12: =+IFERROR(HLOOKUP($B12,'[3]12월'!$F$6:$CC$57,3,),)/1000 -> 2361.636 | S12: =+P12-R12 -> -368.2245 | T12: =+IFERROR(HLOOKUP($B12,'[1]12월'!$D$6:$BN$259,16,),)/1000 -> 266.46368 | U12: =+IFERROR(HLOOKUP($B12,'[2]12월'!$F$6:$CP$99,16,),)/1000 -> 119.86852 | V12: =+U12-T12 -> -146.59516 | W12: =+IFERROR(HLOOKUP($B12,'[3]12월'!$F$6:$CC$57,16,),)/1000 -> 163.09231 | X12: =+U12-W12 -> -43.223798 | Y12: =+[4]서부산!$Q$85 -> 99299.523 | Z12: =+[4]서부산!$R$85 -> 104564.18 | AA12: =+[5]서부산!$Q$85 -> 98127.561 | AB12: =+[4]서부산!$Q$89 -> 79466.311 | AC12: =+[4]서부산!$R$89 -> 85738.617 | AD12: =+[5]서부산!$Q$89 -> 78950.52 | AE12: =+Y12-AB12 -> 19833.211 | AF12: =+Z12-AC12 -> 18825.562 | AG12: =+AA12-AD12 -> 19177.041
B13: 김해 | F13: =+K13/J13 -> 0.3566875 | G13: =+I13 -> 김해 | I13: 김해 | J13: =+IFERROR(HLOOKUP($B13,'[1]12월'!$D$6:$BN$259,2,),)/1000 -> 16 | K13: =+IFERROR(HLOOKUP($B13,'[2]12월'!$F$6:$CP$99,2,),)/1000 -> 5.707 | L13: =+K13-J13 -> -10.293 | M13: =+IFERROR(HLOOKUP($B13,'[3]12월'!$F$6:$CC$57,2,),)/1000 -> 12.184 | N13: =+K13-M13 -> -6.477 | O13: =+IFERROR(HLOOKUP($B13,'[1]12월'!$D$6:$BN$259,3,),)/1000 -> 1540.7967 | P13: =+IFERROR(HLOOKUP($B13,'[2]12월'!$F$6:$CP$99,3,),)/1000 -> 506.1873 | Q13: =+P13-O13 -> -1034.6094 | R13: =+IFERROR(HLOOKUP($B13,'[3]12월'!$F$6:$CC$57,3,),)/1000 -> 1145.9621 | S13: =+P13-R13 -> -639.7748 | T13: =+IFERROR(HLOOKUP($B13,'[1]12월'!$D$6:$BN$259,16,),)/1000 -> 149.52483 | U13: =+IFERROR(HLOOKUP($B13,'[2]12월'!$F$6:$CP$99,16,),)/1000 -> -123.04865 | V13: =+U13-T13 -> -272.57348 | W13: =+IFERROR(HLOOKUP($B13,'[3]12월'!$F$6:$CC$57,16,),)/1000 -> -58.225946 | X13: =+U13-W13 -> -64.822704 | Y13: =+[4]김해!$Q$85 -> 96299.794 | Z13: =+[4]김해!$R$85 -> 88695.865 | AA13: =+[5]김해!$Q$85 -> 94036.649 | AB13: =+[4]김해!$Q$89 -> 77852.386 | AC13: =+[4]김해!$R$89 -> 82661.358 | AD13: =+[5]김해!$Q$89 -> 80796.704 | AE13: =+Y13-AB13 -> 18447.408 | AF13: =+Z13-AC13 -> 6034.5067 | AG13: =+AA13-AD13 -> 13239.945
B14: 정관 | F14: =+K14/J14 -> 0.81890476 | G14: =+I14 -> 정관 | I14: 정관 | J14: =+IFERROR(HLOOKUP($B14,'[1]12월'!$D$6:$BN$259,2,),)/1000 -> 21 | K14: =+IFERROR(HLOOKUP($B14,'[2]12월'!$F$6:$CP$99,2,),)/1000 -> 17.197 | L14: =+K14-J14 -> -3.803 | M14: =+IFERROR(HLOOKUP($B14,'[3]12월'!$F$6:$CC$57,2,),)/1000 -> 22.034 | N14: =+K14-M14 -> -4.837 | O14: =+IFERROR(HLOOKUP($B14,'[1]12월'!$D$6:$BN$259,3,),)/1000 -> 2141.9971 | P14: =+IFERROR(HLOOKUP($B14,'[2]12월'!$F$6:$CP$99,3,),)/1000 -> 1701.1391 | Q14: =+P14-O14 -> -440.85797 | R14: =+IFERROR(HLOOKUP($B14,'[3]12월'!$F$6:$CC$57,3,),)/1000 -> 2288.9945 | S14: =+P14-R14 -> -587.8554 | T14: =+IFERROR(HLOOKUP($B14,'[1]12월'!$D$6:$BN$259,16,),)/1000 -> 208.30033 | U14: =+IFERROR(HLOOKUP($B14,'[2]12월'!$F$6:$CP$99,16,),)/1000 -> 0.431591 | V14: =+U14-T14 -> -207.86874 | W14: =+IFERROR(HLOOKUP($B14,'[3]12월'!$F$6:$CC$57,16,),)/1000 -> 101.28182 | X14: =+U14-W14 -> -100.85023 | Y14: =+[4]정관!$Q$85 -> 101999.86 | Z14: =+[4]정관!$R$85 -> 98920.69 | AA14: =+[5]정관!$Q$85 -> 103884.66 | AB14: =+[4]정관!$Q$89 -> 82449.919 | AC14: =+[4]정관!$R$89 -> 85268.573 | AD14: =+[5]정관!$Q$89 -> 86215.634 | AE14: =+Y14-AB14 -> 19549.942 | AF14: =+Z14-AC14 -> 13652.117 | AG14: =+AA14-AD14 -> 17669.022
B15: 양산 | F15: =+K15/J15 -> 0.49976923 | G15: =+I15 -> 양산 | I15: 양산 | J15: =+IFERROR(HLOOKUP($B15,'[1]12월'!$D$6:$BN$259,2,),)/1000 -> 13 | K15: =+IFERROR(HLOOKUP($B15,'[2]12월'!$F$6:$CP$99,2,),)/1000 -> 6.497 | L15: =+K15-J15 -> -6.503 | M15: =+IFERROR(HLOOKUP($B15,'[3]12월'!$F$6:$CC$57,2,),)/1000 -> 10.174 | N15: =+K15-M15 -> -3.677 | O15: =+IFERROR(HLOOKUP($B15,'[1]12월'!$D$6:$BN$259,3,),)/1000 -> 1222.6012 | P15: =+IFERROR(HLOOKUP($B15,'[2]12월'!$F$6:$CP$99,3,),)/1000 -> 599.63222 | Q15: =+P15-O15 -> -622.96903 | R15: =+IFERROR(HLOOKUP($B15,'[3]12월'!$F$6:$CC$57,3,),)/1000 -> 958.2302 | S15: =+P15-R15 -> -358.59798 | T15: =+IFERROR(HLOOKUP($B15,'[1]12월'!$D$6:$BN$259,16,),)/1000 -> 115.63862 | U15: =+IFERROR(HLOOKUP($B15,'[2]12월'!$F$6:$CP$99,16,),)/1000 -> -104.9457 | V15: =+U15-T15 -> -220.58432 | W15: =+IFERROR(HLOOKUP($B15,'[3]12월'!$F$6:$CC$57,16,),)/1000 -> -28.828367 | X15: =+U15-W15 -> -76.117332 | Y15: =+[4]양산!$Q$85 -> 94046.25 | Z15: =+[4]양산!$R$85 -> 92293.708 | AA15: =+[5]양산!$Q$85 -> 94184.215 | AB15: =+[4]양산!$Q$89 -> 74732.837 | AC15: =+[4]양산!$R$89 -> 80972.964 | AD15: =+[5]양산!$Q$89 -> 78064.419 | AE15: =+Y15-AB15 -> 19313.413 | AF15: =+Z15-AC15 -> 11320.743 | AG15: =+AA15-AD15 -> 16119.796
B16: 창원 | F16: =+K16/J16 -> 0.61631579 | G16: =+I16 -> 창원 | I16: 창원 | J16: =+IFERROR(HLOOKUP($B16,'[1]12월'!$D$6:$BN$259,2,),)/1000 -> 19 | K16: =+IFERROR(HLOOKUP($B16,'[2]12월'!$F$6:$CP$99,2,),)/1000 -> 11.71 | L16: =+K16-J16 -> -7.29 | M16: =+IFERROR(HLOOKUP($B16,'[3]12월'!$F$6:$CC$57,2,),)/1000 -> 12.315 | N16: =+K16-M16 -> -0.605 | O16: =+IFERROR(HLOOKUP($B16,'[1]12월'!$D$6:$BN$259,3,),)/1000 -> 1934.9141 | P16: =+IFERROR(HLOOKUP($B16,'[2]12월'!$F$6:$CP$99,3,),)/1000 -> 1098.0858 | Q16: =+P16-O16 -> -836.8283 | R16: =+IFERROR(HLOOKUP($B16,'[3]12월'!$F$6:$CC$57,3,),)/1000 -> 1261.8106 | S16: =+P16-R16 -> -163.72475 | T16: =+IFERROR(HLOOKUP($B16,'[1]12월'!$D$6:$BN$259,16,),)/1000 -> 309.29623 | U16: =+IFERROR(HLOOKUP($B16,'[2]12월'!$F$6:$CP$99,16,),)/1000 -> 53.035499 | V16: =+U16-T16 -> -256.26073 | W16: =+IFERROR(HLOOKUP($B16,'[3]12월'!$F$6:$CC$57,16,),)/1000 -> 72.758357 | X16: =+U16-W16 -> -19.722858 | Y16: =+[4]창원!$Q$85 -> 101837.58 | Z16: =+[4]창원!$R$85 -> 93773.339 | AA16: =+[5]창원!$Q$85 -> 102461.27 | AB16: =+[4]창원!$Q$89 -> 76200.161 | AC16: =+[4]창원!$R$89 -> 74074.051 | AD16: =+[5]창원!$Q$89 -> 76573.527 | AE16: =+Y16-AB16 -> 25637.424 | AF16: =+Z16-AC16 -> 19699.288 | AG16: =+AA16-AD16 -> 25887.744
B17: 대구 | F17: =+K17/J17 -> 0.33916667 | G17: =+I17 -> 대구 | I17: 대구 | J17: =+IFERROR(HLOOKUP($B17,'[1]12월'!$D$6:$BN$259,2,),)/1000 -> 12 | K17: =+IFERROR(HLOOKUP($B17,'[2]12월'!$F$6:$CP$99,2,),)/1000 -> 4.07 | L17: =+K17-J17 -> -7.93 | M17: =+IFERROR(HLOOKUP($B17,'[3]12월'!$F$6:$CC$57,2,),)/1000 -> 18.708 | N17: =+K17-M17 -> -14.638 | O17: =+IFERROR(HLOOKUP($B17,'[1]12월'!$D$6:$BN$259,3,),)/1000 -> 1167.3657 | P17: =+IFERROR(HLOOKUP($B17,'[2]12월'!$F$6:$CP$99,3,),)/1000 -> 346.87933 | Q17: =+P17-O17 -> -820.48633 | R17: =+IFERROR(HLOOKUP($B17,'[3]12월'!$F$6:$CC$57,3,),)/1000 -> 1801.6908 | S17: =+P17-R17 -> -1454.8114 | T17: =+IFERROR(HLOOKUP($B17,'[1]12월'!$D$6:$BN$259,16,),)/1000 -> 102.30373 | U17: =+IFERROR(HLOOKUP($B17,'[2]12월'!$F$6:$CP$99,16,),)/1000 -> -127.9319 | V17: =+U17-T17 -> -230.23563 | W17: =+IFERROR(HLOOKUP($B17,'[3]12월'!$F$6:$CC$57,16,),)/1000 -> 168.03998 | X17: =+U17-W17 -> -295.97188 | Y17: =+[4]대구!$Q$85 -> 97280.472 | Z17: =+[4]대구!$R$85 -> 85228.338 | AA17: =+[5]대구!$Q$85 -> 96305.899 | AB17: =+[4]대구!$Q$89 -> 75132.541 | AC17: =+[4]대구!$R$89 -> 76470.767 | AD17: =+[5]대구!$Q$89 -> 73764.096 | AE17: =+Y17-AB17 -> 22147.931 | AF17: =+Z17-AC17 -> 8757.5705 | AG17: =+AA17-AD17 -> 22541.803
B18: 울산 | F18: =+K18/J18 -> 1.05768 | G18: =+I18 -> 울산 | I18: 울산 | J18: =+IFERROR(HLOOKUP($B18,'[1]12월'!$D$6:$BN$259,2,),)/1000 -> 12.5 | K18: =+IFERROR(HLOOKUP($B18,'[2]12월'!$F$6:$CP$99,2,),)/1000 -> 13.221 | L18: =+K18-J18 -> 0.721 | M18: =+IFERROR(HLOOKUP($B18,'[3]12월'!$F$6:$CC$57,2,),)/1000 -> 12.451 | N18: =+K18-M18 -> 0.77 | O18: =+IFERROR(HLOOKUP($B18,'[1]12월'!$D$6:$BN$259,3,),)/1000 -> 1297.9025 | P18: =+IFERROR(HLOOKUP($B18,'[2]12월'!$F$6:$CP$99,3,),)/1000 -> 1382.7362 | Q18: =+P18-O18 -> 84.83374 | R18: =+IFERROR(HLOOKUP($B18,'[3]12월'!$F$6:$CC$57,3,),)/1000 -> 1273.3891 | S18: =+P18-R18 -> 109.34714 | T18: =+IFERROR(HLOOKUP($B18,'[1]12월'!$D$6:$BN$259,16,),)/1000 -> 117.75726 | U18: =+IFERROR(HLOOKUP($B18,'[2]12월'!$F$6:$CP$99,16,),)/1000 -> 66.511149 | V18: =+U18-T18 -> -51.246106 | W18: =+IFERROR(HLOOKUP($B18,'[3]12월'!$F$6:$CC$57,16,),)/1000 -> 24.366226 | X18: =+U18-W18 -> 42.144923 | Y18: =+[4]울산!$Q$85 -> 103832.2 | Z18: =+[4]울산!$R$85 -> 104586.36 | AA18: =+[5]울산!$Q$85 -> 102272.03 | AB18: =+[4]울산!$Q$89 -> 83764.602 | AC18: =+[4]울산!$R$89 -> 88415.573 | AD18: =+[5]울산!$Q$89 -> 84277.211 | AE18: =+Y18-AB18 -> 20067.598 | AF18: =+Z18-AC18 -> 16170.785 | AG18: =+AA18-AD18 -> 17994.823
B19: 아산 | F19: =+K19/J19 -> 0.75136 | G19: =+I19 -> 아산 | I19: 아산 | J19: =+IFERROR(HLOOKUP($B19,'[1]12월'!$D$6:$BN$259,2,),)/1000 -> 25 | K19: =+IFERROR(HLOOKUP($B19,'[2]12월'!$F$6:$CP$99,2,),)/1000 -> 18.784 | L19: =+K19-J19 -> -6.216 | M19: =+IFERROR(HLOOKUP($B19,'[3]12월'!$F$6:$CC$57,2,),)/1000 -> 22.732 | N19: =+K19-M19 -> -3.948 | O19: =+IFERROR(HLOOKUP($B19,'[1]12월'!$D$6:$BN$259,3,),)/1000 -> 2575 | P19: =+IFERROR(HLOOKUP($B19,'[2]12월'!$F$6:$CP$99,3,),)/1000 -> 1949.8863 | Q19: =+P19-O19 -> -625.11368 | R19: =+IFERROR(HLOOKUP($B19,'[3]12월'!$F$6:$CC$57,3,),)/1000 -> 2299.4823 | S19: =+P19-R19 -> -349.59598 | T19: =+IFERROR(HLOOKUP($B19,'[1]12월'!$D$6:$BN$259,16,),)/1000 -> 333.50742 | U19: =+IFERROR(HLOOKUP($B19,'[2]12월'!$F$6:$CP$99,16,),)/1000 -> 68.806506 | V19: =+U19-T19 -> -264.70091 | W19: =+IFERROR(HLOOKUP($B19,'[3]12월'!$F$6:$CC$57,16,),)/1000 -> 58.469241 | X19: =+U19-W19 -> 10.337265 | Y19: =+[4]아산!$Q$85 -> 103000 | Z19: =+[4]아산!$R$85 -> 103805.7 | AA19: =+[5]아산!$Q$85 -> 101156.18 | AB19: =+[4]아산!$Q$89 -> 80551.044 | AC19: =+[4]아산!$R$89 -> 87355.136 | AD19: =+[5]아산!$Q$89 -> 85004.174 | AE19: =+Y19-AB19 -> 22448.956 | AF19: =+Z19-AC19 -> 16450.567 | AG19: =+AA19-AD19 -> 16152.007
B20: 전주 | F20: =+K20/J20 -> 0.96718182 | G20: =+I20 -> 전주 | I20: 전주 | J20: =+IFERROR(HLOOKUP($B20,'[1]12월'!$D$6:$BN$259,2,),)/1000 -> 11 | K20: =+IFERROR(HLOOKUP($B20,'[2]12월'!$F$6:$CP$99,2,),)/1000 -> 10.639 | L20: =+K20-J20 -> -0.361 | M20: =+IFERROR(HLOOKUP($B20,'[3]12월'!$F$6:$CC$57,2,),)/1000 -> 10.326 | N20: =+K20-M20 -> 0.313 | O20: =+IFERROR(HLOOKUP($B20,'[1]12월'!$D$6:$BN$259,3,),)/1000 -> 1112.0742 | P20: =+IFERROR(HLOOKUP($B20,'[2]12월'!$F$6:$CP$99,3,),)/1000 -> 1084.5623 | Q20: =+P20-O20 -> -27.511884 | R20: =+IFERROR(HLOOKUP($B20,'[3]12월'!$F$6:$CC$57,3,),)/1000 -> 1002.0519 | S20: =+P20-R20 -> 82.510388 | T20: =+IFERROR(HLOOKUP($B20,'[1]12월'!$D$6:$BN$259,16,),)/1000 -> 158.26084 | U20: =+IFERROR(HLOOKUP($B20,'[2]12월'!$F$6:$CP$99,16,),)/1000 -> 24.639246 | V20: =+U20-T20 -> -133.6216 | W20: =+IFERROR(HLOOKUP($B20,'[3]12월'!$F$6:$CC$57,16,),)/1000 -> 10.653327 | X20: =+U20-W20 -> 13.985919 | Y20: =+[4]전주!$Q$85 -> 101097.65 | Z20: =+[4]전주!$R$85 -> 101942.13 | AA20: =+[5]전주!$Q$85 -> 97041.635 | AB20: =+[4]전주!$Q$89 -> 73656.495 | AC20: =+[4]전주!$R$89 -> 82680.208 | AD20: =+[5]전주!$Q$89 -> 74828.153 | AE20: =+Y20-AB20 -> 27441.159 | AF20: =+Z20-AC20 -> 19261.922 | AG20: =+AA20-AD20 -> 22213.483
B21: 군산 | F21: =+K21/J21 -> 0.4728 | G21: =+I21 -> 군산 | I21: 군산 | J21: =+IFERROR(HLOOKUP($B21,'[1]12월'!$D$6:$BN$259,2,),)/1000 -> 7.5 | K21: =+IFERROR(HLOOKUP($B21,'[2]12월'!$F$6:$CP$99,2,),)/1000 -> 3.546 | L21: =+K21-J21 -> -3.954 | M21: =+IFERROR(HLOOKUP($B21,'[3]12월'!$F$6:$CC$57,2,),)/1000 -> 5.608 | N21: =+K21-M21 -> -2.062 | O21: =+IFERROR(HLOOKUP($B21,'[1]12월'!$D$6:$BN$259,3,),)/1000 -> 833.2516 | P21: =+IFERROR(HLOOKUP($B21,'[2]12월'!$F$6:$CP$99,3,),)/1000 -> 395.58326 | Q21: =+P21-O21 -> -437.66835 | R21: =+IFERROR(HLOOKUP($B21,'[3]12월'!$F$6:$CC$57,3,),)/1000 -> 597.354 | S21: =+P21-R21 -> -201.77075 | T21: =+IFERROR(HLOOKUP($B21,'[1]12월'!$D$6:$BN$259,16,),)/1000 -> 198.94578 | U21: =+IFERROR(HLOOKUP($B21,'[2]12월'!$F$6:$CP$99,16,),)/1000 -> 36.294072 | V21: =+U21-T21 -> -162.65171 | W21: =+IFERROR(HLOOKUP($B21,'[3]12월'!$F$6:$CC$57,16,),)/1000 -> 80.152254 | X21: =+U21-W21 -> -43.858182 | Y21: =+[4]군산!$Q$85 -> 111100.21 | Z21: =+[4]군산!$R$85 -> 111557.6 | AA21: =+[5]군산!$Q$85 -> 106518.19 | AB21: =+[4]군산!$Q$89 -> 74168.252 | AC21: =+[4]군산!$R$89 -> 76050.378 | AD21: =+[5]군산!$Q$89 -> 73466.5 | AE21: =+Y21-AB21 -> 36931.961 | AF21: =+Z21-AC21 -> 35507.223 | AG21: =+AA21-AD21 -> 33051.688
B22: 원주 | F22: =+K22/J22 -> 0.766875 | G22: =+I22 -> 원주 | I22: 원주 | J22: =+IFERROR(HLOOKUP($B22,'[1]12월'!$D$6:$BN$259,2,),)/1000 -> 4 | K22: =+IFERROR(HLOOKUP($B22,'[2]12월'!$F$6:$CP$99,2,),)/1000 -> 3.0675 | L22: =+K22-J22 -> -0.9325 | M22: =+IFERROR(HLOOKUP($B22,'[3]12월'!$F$6:$CC$57,2,),)/1000 -> 4.01 | N22: =+K22-M22 -> -0.9425 | O22: =+IFERROR(HLOOKUP($B22,'[1]12월'!$D$6:$BN$259,3,),)/1000 -> 448 | P22: =+IFERROR(HLOOKUP($B22,'[2]12월'!$F$6:$CP$99,3,),)/1000 -> 366.2307 | Q22: =+P22-O22 -> -81.7693 | R22: =+IFERROR(HLOOKUP($B22,'[3]12월'!$F$6:$CC$57,3,),)/1000 -> 460.867 | S22: =+P22-R22 -> -94.6363 | T22: =+IFERROR(HLOOKUP($B22,'[1]12월'!$D$6:$BN$259,16,),)/1000 -> 60.992161 | U22: =+IFERROR(HLOOKUP($B22,'[2]12월'!$F$6:$CP$99,16,),)/1000 -> 1.329257 | V22: =+U22-T22 -> -59.662904 | W22: =+IFERROR(HLOOKUP($B22,'[3]12월'!$F$6:$CC$57,16,),)/1000 -> 39.135277 | X22: =+U22-W22 -> -37.80602 | Y22: =+[4]원주!$Q$85 -> 112000 | Z22: =+[4]원주!$R$85 -> 119466.75 | AA22: =+[5]원주!$Q$85 -> 114929.43 | AB22: =+[4]원주!$Q$89 -> 75699.82 | AC22: =+[4]원주!$R$89 -> 83044.874 | AD22: =+[5]원주!$Q$89 -> 76446.968 | AE22: =+Y22-AB22 -> 36300.18 | AF22: =+Z22-AC22 -> 36421.88 | AG22: =+AA22-AD22 -> 38482.458
B23: 제주 | F23: =+K23/J23 -> 0.45195 | G23: =+I23 -> 제주 | I23: 제주 | J23: =+IFERROR(HLOOKUP($B23,'[1]12월'!$D$6:$BN$259,2,),)/1000 -> 10 | K23: =+IFERROR(HLOOKUP($B23,'[2]12월'!$F$6:$CP$99,2,),)/1000 -> 4.5195 | L23: =+K23-J23 -> -5.4805 | M23: =+IFERROR(HLOOKUP($B23,'[3]12월'!$F$6:$CC$57,2,),)/1000 -> 5.5875 | N23: =+K23-M23 -> -1.068 | O23: =+IFERROR(HLOOKUP($B23,'[1]12월'!$D$6:$BN$259,3,),)/1000 -> 1229.489 | P23: =+IFERROR(HLOOKUP($B23,'[2]12월'!$F$6:$CP$99,3,),)/1000 -> 579.66133 | Q23: =+P23-O23 -> -649.82767 | R23: =+IFERROR(HLOOKUP($B23,'[3]12월'!$F$6:$CC$57,3,),)/1000 -> 668.43715 | S23: =+P23-R23 -> -88.775824 | T23: =+IFERROR(HLOOKUP($B23,'[1]12월'!$D$6:$BN$259,16,),)/1000 -> 226.38407 | U23: =+IFERROR(HLOOKUP($B23,'[2]12월'!$F$6:$CP$99,16,),)/1000 -> 42.520962 | V23: =+U23-T23 -> -183.86311 | W23: =+IFERROR(HLOOKUP($B23,'[3]12월'!$F$6:$CC$57,16,),)/1000 -> 49.681543 | X23: =+U23-W23 -> -7.160581 | Y23: =+[4]제주!$Q$85 -> 122948.9 | Z23: =+[4]제주!$R$85 -> 127942.33 | AA23: =+[5]제주!$Q$85 -> 119630.81 | AB23: =+[4]제주!$Q$89 -> 91405.357 | AC23: =+[4]제주!$R$89 -> 97531.989 | AD23: =+[5]제주!$Q$89 -> 89066.435 | AE23: =+Y23-AB23 -> 31543.543 | AF23: =+Z23-AC23 -> 30410.337 | AG23: =+AA23-AD23 -> 30564.375
F24: =+K24/J24 -> 0.80988128 | G24: =+I24 -> 수도권 | I24: 수도권 | J24: =SUM(J7:J10) -> 109 | K24: =SUM(K7:K10) -> 88.27706 | L24: =+K24-J24 -> -20.72294 | M24: =SUM(M7:M10) -> 94.7535 | N24: =+K24-M24 -> -6.47644 | O24: =SUM(O7:O10) -> 10994.522 | P24: =SUM(P7:P10) -> 8814.698 | Q24: =+P24-O24 -> -2179.8242 | R24: =SUM(R7:R10) -> 9072.334 | S24: =+P24-R24 -> -257.63599 | T24: =SUM(T7:T10) -> 1112.3552 | U24: =SUM(U7:U10) -> -7.630242 | V24: =+U24-T24 -> -1119.9855 | W24: =SUM(W7:W10) -> -204.53605 | X24: =+U24-W24 -> 196.9058 | Y24: =+[4]수도권!$Q$85 -> 100867.18 | Z24: =+[4]수도권!$R$85 -> 99894.501 | AA24: =+[5]수도권!$Q$85 -> 95753.183 | AB24: =+[4]수도권!$Q$89 -> 81952.109 | AC24: =+[4]수도권!$R$89 -> 87403.984 | AD24: =+[5]수도권!$Q$89 -> 83930.891 | AE24: =+Y24-AB24 -> 18915.067 | AF24: =+Z24-AC24 -> 12490.517 | AG24: =+AA24-AD24 -> 11822.292
F25: =+K25/J25 -> 0.72005054 | G25: =+I25 -> 영남권 | I25: 영남권 | J25: =SUM(J11:J18) -> 138.5 | K25: =SUM(K11:K18) -> 99.727 | L25: =+K25-J25 -> -38.773 | M25: =SUM(M11:M18) -> 129.272 | N25: =+K25-M25 -> -29.545 | O25: =SUM(O11:O18) -> 13958.864 | P25: =SUM(P11:P18) -> 10056.727 | Q25: =+P25-O25 -> -3902.1369 | R25: =SUM(R11:R18) -> 13072.183 | S25: =+P25-R25 -> -3015.4555 | T25: =SUM(T11:T18) -> 1501.0984 | U25: =SUM(U11:U18) -> 43.539371 | V25: =+U25-T25 -> -1457.5591 | W25: =SUM(W11:W18) -> 534.66819 | X25: =+U25-W25 -> -491.12882 | Y25: =+[4]영남권!$Q$85 -> 100786.02 | Z25: =+[4]영남권!$R$85 -> 100842.57 | AA25: =+[5]영남권!$Q$85 -> 101138.02 | AB25: =+[4]영남권!$Q$89 -> 79871.541 | AC25: =+[4]영남권!$R$89 -> 84812.101 | AD25: =+[5]영남권!$Q$89 -> 81325.207 | AE25: =+Y25-AB25 -> 20914.481 | AF25: =+Z25-AC25 -> 16030.47 | AG25: =+AA25-AD25 -> 19812.809
F26: =+K26/J26 -> 0.70532174 | G26: =+I26 -> 중부권 | I26: 중부권 | J26: =SUM(J19:J23) -> 57.5 | K26: =SUM(K19:K23) -> 40.556 | L26: =+K26-J26 -> -16.944 | M26: =SUM(M19:M23) -> 48.2635 | N26: =+K26-M26 -> -7.7075 | O26: =SUM(O19:O23) -> 6197.8148 | P26: =SUM(P19:P23) -> 4375.9239 | Q26: =+P26-O26 -> -1821.8909 | R26: =SUM(R19:R23) -> 5028.1924 | S26: =+P26-R26 -> -652.26846 | T26: =SUM(T19:T23) -> 978.09028 | U26: =SUM(U19:U23) -> 173.59004 | V26: =+U26-T26 -> -804.50024 | W26: =SUM(W19:W23) -> 238.09164 | X26: =+U26-W26 -> -64.501599 | Y26: =+[4]중부권!$Q$85 -> 107788.08 | Z26: =+[4]중부권!$R$85 -> 107851.32 | AA26: =+[5]중부권!$Q$85 -> 104182.09 | AB26: =+[4]중부권!$Q$89 -> 79949.779 | AC26: =+[4]중부권!$R$89 -> 85942.395 | AD26: =+[5]중부권!$Q$89 -> 81258.436 | AE26: =+Y26-AB26 -> 27838.304 | AF26: =+Z26-AC26 -> 21908.921 | AG26: =+AA26-AD26 -> 22923.655
F27: =+K27/M27 -> 0.83940247 | G27: =+K27/J27 -> 0.74937725 | H27: 레미콘 계 | J27: =SUM(J24:J26) -> 305 | K27: =SUM(K24:K26) -> 228.56006 | L27: =+K27-J27 -> -76.43994 | M27: =SUM(M24:M26) -> 272.289 | N27: =+K27-M27 -> -43.72894 | O27: =SUM(O24:O26) -> 31151.201 | P27: =SUM(P24:P26) -> 23247.349 | Q27: =+P27-O27 -> -7903.852 | R27: =SUM(R24:R26) -> 27172.709 | S27: =+P27-R27 -> -3925.36 | T27: =SUM(T24:T26) -> 3591.544 | U27: =SUM(U24:U26) -> 209.49917 | V27: =+U27-T27 -> -3382.0448 | W27: =SUM(W24:W26) -> 568.22379 | X27: =+U27-W27 -> -358.72461 | Y27: =+[4]합계!$Q$85 -> 102135.09 | Z27: =+[4]합계!$R$85 -> 101721.48 | AA27: =+[5]합계!$Q$85 -> 99802.99 | AB27: =+[4]합계!$Q$89 -> 80629.838 | AC27: =+[4]합계!$R$89 -> 86010.518 | AD27: =+[5]합계!$Q$89 -> 82213.022 | AE27: =+Y27-AB27 -> 21505.247 | AF27: =+Z27-AC27 -> 15710.962 | AG27: =+AA27-AD27 -> 17589.968 | AI27: =+AF27-AE27 -> -5794.2848 | AJ27: =+AF27-AG27 -> -1879.0055
B28: 부산모래장 | C28: 부산골재 | F28: =+K28/J28 -> 0.76809955 | G28: =+I28 -> 부산모래장 | H28: 골재 | I28: 부산모래장 | J28: =+IFERROR(HLOOKUP($B28,'[1]12월'!$D$6:$BN$259,2,),)/1000 -> 26.126822 | K28: =+IFERROR(HLOOKUP($C28,'[2]12월'!$F$6:$CP$99,2,),)/1000 -> 20.068 | L28: =+K28-J28 -> -6.0588218 | M28: =+IFERROR(HLOOKUP($C28,'[3]12월'!$F$6:$CC$57,2,),)/1000 -> 23.035 | N28: =+K28-M28 -> -2.967 | O28: =+IFERROR(HLOOKUP($B28,'[1]12월'!$D$6:$BN$259,3,),)/1000 -> 708.89132 | P28: =+IFERROR(HLOOKUP($C28,'[2]12월'!$F$6:$CP$99,3,),)/1000 -> 576.83185 | Q28: =+P28-O28 -> -132.05946 | R28: =+IFERROR(HLOOKUP($C28,'[3]12월'!$F$6:$CC$57,3,),)/1000 -> 638.333 | S28: =+P28-R28 -> -61.501147 | T28: =+IFERROR(HLOOKUP($B28,'[1]12월'!$D$6:$BN$259,21,),)/1000 -> 76.491103 | U28: =+IFERROR(HLOOKUP($C28,'[2]12월'!$F$6:$CP$99,21,),)/1000 -> 8.528227 | V28: =+U28-T28 -> -67.962876 | W28: =+IFERROR(HLOOKUP($C28,'[3]12월'!$F$6:$CC$57,21,),)/1000 -> -21.304281 | X28: =+U28-W28 -> 29.832508 | Y28: ■ 비고
B29: 서부산크라샤 | C29: 서부산골재 | F29: =+K29/J29 -> 0.62748266 | G29: =+I29 -> 서부산CR | I29: 서부산CR | J29: =+IFERROR(HLOOKUP($B29,'[1]12월'!$D$6:$BN$259,2,),)/1000 -> 48.511301 | K29: =+IFERROR(HLOOKUP($C29,'[2]12월'!$F$6:$CP$99,2,),)/1000 -> 30.44 | L29: =+K29-J29 -> -18.071301 | M29: =+IFERROR(HLOOKUP($C29,'[3]12월'!$F$6:$CC$57,2,),)/1000 -> 1 | N29: =+K29-M29 -> 29.44 | O29: =+IFERROR(HLOOKUP($B29,'[1]12월'!$D$6:$BN$259,3,),)/1000 -> 717.82162 | P29: =+IFERROR(HLOOKUP($C29,'[2]12월'!$F$6:$CP$99,3,),)/1000 -> 416.928 | Q29: =+P29-O29 -> -300.89362 | R29: =+IFERROR(HLOOKUP($C29,'[3]12월'!$F$6:$CC$57,3,),)/1000 -> 11.5 | S29: =+P29-R29 -> 405.428 | T29: =+IFERROR(HLOOKUP($B29,'[1]12월'!$D$6:$BN$259,21,),)/1000 -> 58.392673 | U29: =+IFERROR(HLOOKUP($C29,'[2]12월'!$F$6:$CP$99,21,),)/1000 -> -199.95773 | V29: =+U29-T29 -> -258.35041 | W29: =+IFERROR(HLOOKUP($C29,'[3]12월'!$F$6:$CC$57,21,),)/1000 -> -151.79414 | X29: =+U29-W29 -> -48.163589
B30: 부산크라샤 | C30: 부산크라샤 | F30: =+K30/J30 -> 0.43648611 | G30: =+I30 -> 부산CR | I30: 부산CR | J30: =+IFERROR(HLOOKUP($B30,'[1]12월'!$D$6:$BN$259,2,),)/1000 -> 39.909632 | K30: =+IFERROR(HLOOKUP($C30,'[2]12월'!$F$6:$CP$99,2,),)/1000 -> 17.42 | L30: =+K30-J30 -> -22.489632 | M30: =+IFERROR(HLOOKUP($C30,'[3]12월'!$F$6:$CC$57,2,),)/1000 -> 35.645 | N30: =+K30-M30 -> -18.225 | O30: =+IFERROR(HLOOKUP($B30,'[1]12월'!$D$6:$BN$259,3,),)/1000 -> 683.24826 | P30: =+IFERROR(HLOOKUP($C30,'[2]12월'!$F$6:$CP$99,3,),)/1000 -> 343.0356 | Q30: =+P30-O30 -> -340.21266 | R30: =+IFERROR(HLOOKUP($C30,'[3]12월'!$F$6:$CC$57,3,),)/1000 -> 630.6815 | S30: =+P30-R30 -> -287.6459 | T30: =+IFERROR(HLOOKUP($B30,'[1]12월'!$D$6:$BN$259,21,),)/1000 -> 58.198894 | U30: =+IFERROR(HLOOKUP($C30,'[2]12월'!$F$6:$CP$99,21,),)/1000 -> -138.15524 | V30: =+U30-T30 -> -196.35414 | W30: =+IFERROR(HLOOKUP($C30,'[3]12월'!$F$6:$CC$57,21,),)/1000 -> -294.10381 | X30: =+U30-W30 -> 155.94856
G31: =+K31/J31 -> 0.59301032 | H31: 골재 계 | J31: =SUM(J28:J30) -> 114.54775 | K31: =SUM(K28:K30) -> 67.928 | L31: =+K31-J31 -> -46.619754 | M31: =SUM(M28:M30) -> 59.68 | N31: =+K31-M31 -> 8.248 | O31: =SUM(O28:O30) -> 2109.9612 | P31: =SUM(P28:P30) -> 1336.7955 | Q31: =+P31-O31 -> -773.16574 | R31: =SUM(R28:R30) -> 1280.5145 | S31: =+P31-R31 -> 56.280953 | T31: =SUM(T28:T30) -> 193.08267 | U31: =SUM(U28:U30) -> -329.58475 | V31: =+U31-T31 -> -522.66742 | W31: =SUM(W28:W30) -> -467.20224 | X31: =+U31-W31 -> 137.61748
B32: 포항임대 | C32: 속초임대 | D32: 강릉임대 | E32: 레미콘임대 계 | G32: =+I32 -> 레미콘임대 | H32: 기타 | I32: 레미콘임대 | L32: =+K32-J32 -> 0 | N32: =+K32-M32 -> 0 | O32: =(IFERROR(HLOOKUP($B32,'[1]12월'!$D$6:$BN$259,3,),)++IFERROR(HLOOKUP($C32,'[1]12월'!$D$6:$BN$259,3,),)+IFERROR(HLOOKUP($D32,'[1]12월'!$D$6:$BN$259,3,),))/1000 -> 66.666667 | P32: =+IFERROR(HLOOKUP($E32,'[2]12월'!$F$6:$CP$99,3,),)/1000 -> 43.34 | Q32: =+P32-O32 -> -23.326667 | R32: =+IFERROR(HLOOKUP($E32,'[3]12월'!$F$6:$CC$57,3,),)/1000 -> 90.84 | S32: =+P32-R32 -> -47.5 | T32: =(IFERROR(HLOOKUP($B32,'[1]12월'!$D$6:$BN$259,21,),)++IFERROR(HLOOKUP($C32,'[1]12월'!$D$6:$BN$259,21,),)+IFERROR(HLOOKUP($D32,'[1]12월'!$D$6:$BN$259,21,),))/1000 -> 51.473204 | U32: =+IFERROR(HLOOKUP($E32,'[2]12월'!$F$6:$CP$99,16,),)/1000 -> 26.777421 | V32: =+U32-T32 -> -24.695783 | W32: =+IFERROR(HLOOKUP($E32,'[3]12월'!$F$6:$CC$57,16,),)/1000 -> 76.068675 | X32: =+U32-W32 -> -49.291254
B33: 부동산임대 | C33: 주유소임대 | E33: 임대 계 | G33: =+I33 -> 임대 | I33: 임대 | L33: =+K33-J33 -> 0 | M33: 0 | N33: =+K33-M33 -> 0 | O33: =(+IFERROR(HLOOKUP($B33,'[1]12월'!$D$6:$BN$259,3,),)+IFERROR(HLOOKUP($C33,'[1]12월'!$D$6:$BN$259,3,),))/1000 -> 74.0915 | P33: =+IFERROR(HLOOKUP($E33,'[2]12월'!$F$6:$CP$99,3,),)/1000 -> 73.910808 | Q33: =+P33-O33 -> -0.180692 | R33: =+IFERROR(HLOOKUP($E33,'[3]12월'!$F$6:$CC$57,3,),)/1000 -> 72.69194 | S33: =+P33-R33 -> 1.218868 | T33: =(+IFERROR(HLOOKUP($B33,'[1]12월'!$D$6:$BN$259,21,),)+IFERROR(HLOOKUP($C33,'[1]12월'!$D$6:$BN$259,21,),))/1000 -> 76.533944 | U33: =+IFERROR(HLOOKUP($E33,'[2]12월'!$F$6:$CP$99,16,),)/1000 -> 70.357762 | V33: =+U33-T33 -> -6.176182 | W33: =+IFERROR(HLOOKUP($E33,'[3]12월'!$F$6:$CC$57,16,),)/1000 -> 75.153125 | X33: =+U33-W33 -> -4.795363
B34: 공 통 비 | G34: =+I34 -> 공통비 | I34: 공통비 | L34: =+K34-J34 -> 0 | N34: =+K34-M34 -> 0 | Q34: =+P34-O34 -> 0 | S34: =+P34-R34 -> 0 | T34: =-'[1]12월'!$Z$22/1000 -> -1332.7153 | U34: =+-'[2]12월'!$Z$22/1000 -> -1845.4587 | V34: =+U34-T34 -> -512.74347 | W34: =+-'[3]12월'!$Z$22/1000 -> -2089.6312 | X34: =+U34-W34 -> 244.17248
G35: =+I35 -> OPC 소급분 | I35: OPC 소급분 | N35: =+K35-M35 -> 0 | Q35: =+P35-O35 -> 0 | S35: =+P35-R35 -> 0 | U35: ='[2]12월'!$BD$26/1000 -> 361.91133 | V35: =+U35-T35 -> 361.91133 | W35: =+'[3]12월'!$BD$26/1000 -> 300 | X35: =+U35-W35 -> 61.91133
G36: =+I36 -> 대손 | I36: 대손 | N36: =+K36-M36 -> 0 | Q36: =+P36-O36 -> 0 | S36: =+P36-R36 -> 0 | U36: ='[2]12월'!$BE$26/1000 -> -441.38304 | V36: =+U36-T36 -> -441.38304 | W36: ='[3]12월'!$BE$26/1000 -> 319.51271 | X36: =+U36-W36 -> -760.89575
G37: =+I37 -> 미운영 공장 | I37: 미운영 공장 | M37: =SUM(M53:M58) -> 0 | N37: =+K37-M37 -> 0 | Q37: =+P37-O37 -> 0 | R37: =+IFERROR(HLOOKUP($I$37,'[3]12월'!$F$6:$BJ$50,3,),)/1000 -> 0 | S37: =+P37-R37 -> 0 | T37: =SUM('[1]12월'!$AM$26:$AQ$26)/1000 -> -0.187809 | U37: =+'[2]12월'!$BF$26/1000 -> 0.837044 | V37: =+U37-T37 -> 1.024853 | W37: =+'[3]12월'!$BF$26/1000 -> -3.689587 | X37: =+U37-W37 -> 4.526631
B38: 기타 계 | G38: =+I38 -> 퇴직위로금 | I38: 퇴직위로금 | U38: =+'[2]12월'!$BG$26/1000 -> 0 | V38: =+U38-T38 -> 0 | X38: =+U38-W38 -> 0
G39: =+I39 -> 기타 | I39: 기타 | L39: =+K39-J39 -> 0 | N39: =+K39-M39 -> 0 | O39: =IFERROR(HLOOKUP($B38,'[1]12월'!$D$6:$BN$259,3,),)/1000 -> 1.77 | P39: =+('[2]12월'!$F$8-SUM('[2]12월'!$Z$8,'[2]12월'!$AH$8,'[2]12월'!$AN$8,'[2]12월'!$AO$8,'[2]12월'!$BA$8,'[2]12월'!$BD$8,'[2]12월'!$BE$8,'[2]12월'!$BF$8))/1000 -> 1.6413 | Q39: =+P39-O39 -> -0.1287 | R39: =+('[3]12월'!$F$8-SUM('[3]12월'!$Z$8,'[3]12월'!$AH$8,'[3]12월'!$AN$8,'[3]12월'!$AO$8,'[3]12월'!$BA$8,'[3]12월'!$BD$8,'[3]12월'!$BE$8,'[3]12월'!$BF$8))/1000 -> 1.67985 | S39: =+P39-R39 -> -0.03855 | T39: =+('[1]12월'!$E$26-'[1]12월'!$Z$26-'[1]12월'!$AA$26-'[1]12월'!$AE$26-'[1]12월'!$AL$26-'[1]12월'!$AM$26-'[1]12월'!$AN$26-'[1]12월'!$AO$26-'[1]12월'!$AP$26-'[1]12월'!$AQ$26-'[1]12월'!$AS$26+'[1]12월'!$AS$26)/1000 -> -75.182554 | U39: =+('[2]12월'!$F$26-SUM('[2]12월'!$Z$26,'[2]12월'!$AH$26,'[2]12월'!$AN$26,'[2]12월'!$AO$26,'[2]12월'!$BA$26,'[2]12월'!$BD$26,'[2]12월'!$BE$26,'[2]12월'!$BF$26))/1000-U38 -> 6.190304 | V39: =+U39-T39 -> 81.372858 | W39: =+('[3]12월'!$F$26-SUM('[3]12월'!$Z$26,'[3]12월'!$AH$26,'[3]12월'!$AN$26,'[3]12월'!$AO$26,'[3]12월'!$BA$26,'[3]12월'!$BD$26,'[3]12월'!$BE$26,'[3]12월'!$BF$26))/1000 -> 16.456465 | X39: =+U39-W39 -> -10.266161
H40: 기타 계 | J40: =SUM(J32:J39) -> 0 | K40: =SUM(K32:K39) -> 0 | L40: =+K40-J40 -> 0 | M40: =SUM(M32:M39) -> 0 | N40: =+K40-M40 -> 0 | O40: =SUM(O32:O39) -> 142.52817 | P40: =SUM(P32:P39) -> 118.89211 | Q40: =+P40-O40 -> -23.636059 | R40: =SUM(R32:R39) -> 165.21179 | S40: =+P40-R40 -> -46.319682 | T40: =SUM(T32:T39) -> -1280.0785 | U40: =SUM(U32:U39) -> -1820.7679 | V40: =+U40-T40 -> -540.68943 | W40: =SUM(W32:W39) -> -1306.1298 | X40: =+U40-W40 -> -514.63809
U41: 19 | V41: 12.4
G42: =+P42/O42 -> 0.73953016 | H42: 합계 | O42: =+O27+O31+O40 -> 33403.69 | P42: =+P27+P31+P40 -> 24703.037 | Q42: =+P42-O42 -> -8700.6538 | R42: =+R27+R31+R40 -> 28618.435 | S42: =+P42-R42 -> -3915.3987 | T42: =+T27+T31+T40 -> 2504.5482 | U42: =+U27+U31+U40 -> -1940.8535 | V42: =+U42-T42 -> -4445.4016 | W42: =+W27+W31+W40 -> -1205.1083 | X42: =+U42-W42 -> -735.74522
G43: =+U42/T42 -> -0.77493159 | P43: =+P42/O42 -> 0.73953016 | R43: =+P42/R42 -> 0.86318614 | T43: =+T42/O42 -> 0.074978187 | U43: =+U42/P42 -> -0.078567405
I45: 확인 | J45: =+'[1]12월'!$Z$7/1000 -> 305 | K45: =+'[2]12월'!$AI$7/1000 -> 228.56006 | M45: =+'[3]12월'!$Z$7/1000 -> 272.289 | O45: =('[1]12월'!$E$8-'[1]12월'!$AA$8)/1000 -> 33403.69 | P45: =('[2]12월'!$F$8-'[2]12월'!$AO$8)/1000 -> 24703.037 | R45: =('[3]12월'!$F$8-'[3]12월'!$AO$8)/1000 -> 28618.435 | T45: =('[1]12월'!$E$26-'[1]12월'!$AA$26)/1000 -> 2504.5482 | U45: =('[2]12월'!$F$26-'[2]12월'!$AO$26)/1000 -> -1940.8535 | W45: =('[3]12월'!$F$26-'[3]12월'!$AO$26)/1000 -> -1205.1083
F46: =+K31/M31 -> 1.1382038 | G46: =+K31/J31 -> 0.59301032 | J46: =+J45-J27 -> 0 | K46: =+K45-K27 -> 0 | M46: =+M45-M27 -> 0 | O46: =+O45-O42 -> 0 | P46: =+P45-P42 -> 0 | R46: =+R45-R42 -> 0 | T46: =+T45-T42 -> 0 | U46: =+U45-U42 -> 0 | W46: =+W45-W42 -> 0
T48: =+(T27+T34)/100 -> 22.588287 | U48: =+(U27+U34)/100 -> -16.359596 | V48: =+U48-T48 -> -38.947883
T49: =+T31/100 -> 1.9308267 | U49: =+U31/100 -> -3.2958475 | V49: =+U49-T49 -> -5.2266742
T50: =+(T32+T33)/100 -> 1.2800715 | U50: =+(U32+U33)/100 -> 0.97135183 | V50: =+U50-T50 -> -0.30871965
T51: =+T42/100-T48-T49-T50 -> -0.75370363 | U51: =+U42/100-U48-U49-U50 -> -0.7244436 | V51: =+U51-T51 -> 0.02926003
T52: =+SUM(T48:T51) -> 25.045482 | U52: =+SUM(U48:U51) -> -19.408535 | V52: =+U52-T52 -> -44.454016

Sheet 사업장별(누계)_건자재제외
H3: □ 사업장별 손익실적(2025-12누계)_건자재 제외
AG4: [단위 : 천㎥, 톤, 백만원]
H5: 구분 | J5: 물량 | O5: 매출 | T5: 영업이익(공통비 배부전) | Y5: 판매단가 | AB5: 변동비 | AE5: 공헌이익
A6: 2024년 12월누계 마감 손익 | J6: 계획 | K6: 실적 | L6: 차이 | M6: 전년 | N6: 차이 | O6: 계획 | P6: 실적 | Q6: 차이 | R6: 전년 | S6: 차이 | T6: 계획 | U6: 실적 | V6: 차이 | W6: 전년 | X6: 차이 | Y6: 계획 | Z6: 실적 | AA6: 전년 | AB6: 계획 | AC6: 실적 | AD6: 전년 | AE6: 계획 | AF6: 실적 | AG6: 전년
B7: 안양 | G7: =+I7 -> 안양 | H7: 레미콘 | I7: 안양 | J7: =+IFERROR(HLOOKUP($B7,'[1]12월누계'!$D$6:$BN$259,2,),)/1000 -> 460 | K7: =+IFERROR(HLOOKUP($B7,'[2]12월누계'!$F$6:$CP$99,2,),)/1000 -> 384.412 | L7: =+K7-J7 -> -75.588 | M7: =+IFERROR(HLOOKUP($B7,'[3]12월누계'!$F$6:$CC$57,2,),)/1000 -> 446.907 | N7: =+K7-M7 -> -62.495 | O7: =+IFERROR(HLOOKUP($B7,'[1]12월누계'!$D$6:$BN$259,3,),)/1000 -> 46000.122 | P7: =+IFERROR(HLOOKUP($B7,'[2]12월누계'!$F$6:$CP$99,3,),)/1000 -> 37265.995 | Q7: =+P7-O7 -> -8734.1274 | R7: =+IFERROR(HLOOKUP($B7,'[3]12월누계'!$F$6:$CC$57,3,),)/1000 -> 44168.65 | S7: =+P7-R7 -> -6902.6552 | T7: =+IFERROR(HLOOKUP($B7,'[1]12월누계'!$D$6:$BN$259,16,),)/1000 -> 4666.8369 | U7: =+IFERROR(HLOOKUP($B7,'[2]12월누계'!$F$6:$CP$99,16,),)/1000 -> 2559.8566 | V7: =+U7-T7 -> -2106.9803 | W7: =+IFERROR(HLOOKUP($B7,'[3]12월누계'!$F$6:$CC$57,16,),)/1000 -> 3848.9545 | X7: =+U7-W7 -> -1289.0979 | Y7: =+[12]안양!$Q$85 -> 100000.26 | Z7: =+[12]안양!$R$85 -> 96936.554 | AA7: =+[13]안양!$Q$85 -> 98828.586 | AB7: =+[12]안양!$Q$89 -> 81888.667 | AC7: =+[12]안양!$R$89 -> 80323.37 | AD7: =+[13]안양!$Q$89 -> 81804.462 | AE7: =+Y7-AB7 -> 18111.598 | AF7: =+Z7-AC7 -> 16613.184 | AG7: =+AA7-AD7 -> 17024.125 | AI7: =+K7/J7 -> 0.83567826
B8: 인천 | G8: =+I8 -> 인천 | H8: 직영 | I8: 인천 | J8: =+IFERROR(HLOOKUP($B8,'[1]12월누계'!$D$6:$BN$259,2,),)/1000 -> 340 | K8: =+IFERROR(HLOOKUP($B8,'[2]12월누계'!$F$6:$CP$99,2,),)/1000 -> 335.3275 | L8: =+K8-J8 -> -4.6725 | M8: =+IFERROR(HLOOKUP($B8,'[3]12월누계'!$F$6:$CC$57,2,),)/1000 -> 326.944 | N8: =+K8-M8 -> 8.3835 | O8: =+IFERROR(HLOOKUP($B8,'[1]12월누계'!$D$6:$BN$259,3,),)/1000 -> 34017.326 | P8: =+IFERROR(HLOOKUP($B8,'[2]12월누계'!$F$6:$CP$99,3,),)/1000 -> 32602.9 | Q8: =+P8-O8 -> -1414.4259 | R8: =+IFERROR(HLOOKUP($B8,'[3]12월누계'!$F$6:$CC$57,3,),)/1000 -> 32487.436 | S8: =+P8-R8 -> 115.46477 | T8: =+IFERROR(HLOOKUP($B8,'[1]12월누계'!$D$6:$BN$259,16,),)/1000 -> 2196.5597 | U8: =+IFERROR(HLOOKUP($B8,'[2]12월누계'!$F$6:$CP$99,16,),)/1000 -> 111.4287 | V8: =+U8-T8 -> -2085.131 | W8: =+IFERROR(HLOOKUP($B8,'[3]12월누계'!$F$6:$CC$57,16,),)/1000 -> 1685.1571 | X8: =+U8-W8 -> -1573.7284 | Y8: =+[12]인천!$Q$85 -> 100050.96 | Z8: =+[12]인천!$R$85 -> 97294.261 | AA8: =+[13]인천!$Q$85 -> 99370.184 | AB8: =+[12]인천!$Q$89 -> 82988.014 | AC8: =+[12]인천!$R$89 -> 85291.267 | AD8: =+[13]인천!$Q$89 -> 83063.772 | AE8: =+Y8-AB8 -> 17062.945 | AF8: =+Z8-AC8 -> 12002.994 | AG8: =+AA8-AD8 -> 16306.412 | AI8: =+K8/J8 -> 0.98625735
B9: 파주 | G9: =+I9 -> 파주 | I9: 파주 | J9: =+IFERROR(HLOOKUP($B9,'[1]12월누계'!$D$6:$BN$259,2,),)/1000 -> 250 | K9: =+IFERROR(HLOOKUP($B9,'[2]12월누계'!$F$6:$CP$99,2,),)/1000 -> 156.926 | L9: =+K9-J9 -> -93.074 | M9: =+IFERROR(HLOOKUP($B9,'[3]12월누계'!$F$6:$CC$57,2,),)/1000 -> 282.352 | N9: =+K9-M9 -> -125.426 | O9: =+IFERROR(HLOOKUP($B9,'[1]12월누계'!$D$6:$BN$259,3,),)/1000 -> 24100 | P9: =+IFERROR(HLOOKUP($B9,'[2]12월누계'!$F$6:$CP$99,3,),)/1000 -> 14557.317 | Q9: =+P9-O9 -> -9542.6826 | R9: =+IFERROR(HLOOKUP($B9,'[3]12월누계'!$F$6:$CC$57,3,),)/1000 -> 27203.18 | S9: =+P9-R9 -> -12645.863 | T9: =+IFERROR(HLOOKUP($B9,'[1]12월누계'!$D$6:$BN$259,16,),)/1000 -> 1246.0797 | U9: =+IFERROR(HLOOKUP($B9,'[2]12월누계'!$F$6:$CP$99,16,),)/1000 -> -546.10741 | V9: =+U9-T9 -> -1792.1871 | W9: =+IFERROR(HLOOKUP($B9,'[3]12월누계'!$F$6:$CC$57,16,),)/1000 -> 1613.3619 | X9: =+U9-W9 -> -2159.4694 | Y9: =+[12]파주!$Q$85 -> 96400 | Z9: =+[12]파주!$R$85 -> 92823.298 | AA9: =+[13]파주!$Q$85 -> 96350.004 | AB9: =+[12]파주!$Q$89 -> 80251.611 | AC9: =+[12]파주!$R$89 -> 79615.939 | AD9: =+[13]파주!$Q$89 -> 80693.655 | AE9: =+Y9-AB9 -> 16148.389 | AF9: =+Z9-AC9 -> 13207.359 | AG9: =+AA9-AD9 -> 15656.349 | AI9: =+K9/J9 -> 0.627704
B10: 김포 | G10: =+I10 -> 김포 | I10: 김포 | J10: =+IFERROR(HLOOKUP($B10,'[1]12월누계'!$D$6:$BN$259,2,),)/1000 -> 170 | K10: =+IFERROR(HLOOKUP($B10,'[2]12월누계'!$F$6:$CP$99,2,),)/1000 -> 125.04888 | L10: =+K10-J10 -> -44.95112 | M10: =+IFERROR(HLOOKUP($B10,'[3]12월누계'!$F$6:$CC$57,2,),)/1000 -> 145.364 | N10: =+K10-M10 -> -20.31512 | O10: =+IFERROR(HLOOKUP($B10,'[1]12월누계'!$D$6:$BN$259,3,),)/1000 -> 16150.913 | P10: =+IFERROR(HLOOKUP($B10,'[2]12월누계'!$F$6:$CP$99,3,),)/1000 -> 11979.623 | Q10: =+P10-O10 -> -4171.2901 | R10: =+IFERROR(HLOOKUP($B10,'[3]12월누계'!$F$6:$CC$57,3,),)/1000 -> 14094.89 | S10: =+P10-R10 -> -2115.2671 | T10: =+IFERROR(HLOOKUP($B10,'[1]12월누계'!$D$6:$BN$259,16,),)/1000 -> 1105.9959 | U10: =+IFERROR(HLOOKUP($B10,'[2]12월누계'!$F$6:$CP$99,16,),)/1000 -> -65.109122 | V10: =+U10-T10 -> -1171.105 | W10: =+IFERROR(HLOOKUP($B10,'[3]12월누계'!$F$6:$CC$57,16,),)/1000 -> 988.38396 | X10: =+U10-W10 -> -1053.4931 | Y10: =+[12]김포!$Q$85 -> 95005.369 | Z10: =+[12]김포!$R$85 -> 95854.401 | AA10: =+[13]김포!$Q$85 -> 96982.546 | AB10: =+[12]김포!$Q$89 -> 76300.247 | AC10: =+[12]김포!$R$89 -> 79255.322 | AD10: =+[13]김포!$Q$89 -> 76390.145 | AE10: =+Y10-AB10 -> 18705.122 | AF10: =+Z10-AC10 -> 16599.078 | AG10: =+AA10-AD10 -> 20592.4 | AI10: =+K10/J10 -> 0.73558165
B11: 부산 | G11: =+I11 -> 부산 | I11: 부산 | J11: =+IFERROR(HLOOKUP($B11,'[1]12월누계'!$D$6:$BN$259,2,),)/1000 -> 240 | K11: =+IFERROR(HLOOKUP($B11,'[2]12월누계'!$F$6:$CP$99,2,),)/1000 -> 240.083 | L11: =+K11-J11 -> 0.083 | M11: =+IFERROR(HLOOKUP($B11,'[3]12월누계'!$F$6:$CC$57,2,),)/1000 -> 233.7015 | N11: =+K11-M11 -> 6.3815 | O11: =+IFERROR(HLOOKUP($B11,'[1]12월누계'!$D$6:$BN$259,3,),)/1000 -> 25847.992 | P11: =+IFERROR(HLOOKUP($B11,'[2]12월누계'!$F$6:$CP$99,3,),)/1000 -> 25935.45 | Q11: =+P11-O11 -> 87.457377 | R11: =+IFERROR(HLOOKUP($B11,'[3]12월누계'!$F$6:$CC$57,3,),)/1000 -> 25325.075 | S11: =+P11-R11 -> 610.37459 | T11: =+IFERROR(HLOOKUP($B11,'[1]12월누계'!$D$6:$BN$259,16,),)/1000 -> 2244.4959 | U11: =+IFERROR(HLOOKUP($B11,'[2]12월누계'!$F$6:$CP$99,16,),)/1000 -> 2270.3055 | V11: =+U11-T11 -> 25.809573 | W11: =+IFERROR(HLOOKUP($B11,'[3]12월누계'!$F$6:$CC$57,16,),)/1000 -> 2318.2684 | X11: =+U11-W11 -> -47.962912 | Y11: =+[12]부산!$Q$85 -> 107699.97 | Z11: =+[12]부산!$R$85 -> 108027.01 | AA11: =+[13]부산!$Q$85 -> 108365.05 | AB11: =+[12]부산!$Q$89 -> 84994.316 | AC11: =+[12]부산!$R$89 -> 85770.406 | AD11: =+[13]부산!$Q$89 -> 84633.087 | AE11: =+Y11-AB11 -> 22705.653 | AF11: =+Z11-AC11 -> 22256.609 | AG11: =+AA11-AD11 -> 23731.965 | AI11: =+K11/J11 -> 1.0003458
B12: 서부산 | G12: =+I12 -> 서부산 | I12: 서부산 | J12: =+IFERROR(HLOOKUP($B12,'[1]12월누계'!$D$6:$BN$259,2,),)/1000 -> 240 | K12: =+IFERROR(HLOOKUP($B12,'[2]12월누계'!$F$6:$CP$99,2,),)/1000 -> 212.594 | L12: =+K12-J12 -> -27.406 | M12: =+IFERROR(HLOOKUP($B12,'[3]12월누계'!$F$6:$CC$57,2,),)/1000 -> 251.171 | N12: =+K12-M12 -> -38.577 | O12: =+IFERROR(HLOOKUP($B12,'[1]12월누계'!$D$6:$BN$259,3,),)/1000 -> 23831.985 | P12: =+IFERROR(HLOOKUP($B12,'[2]12월누계'!$F$6:$CP$99,3,),)/1000 -> 21078.775 | Q12: =+P12-O12 -> -2753.2104 | R12: =+IFERROR(HLOOKUP($B12,'[3]12월누계'!$F$6:$CC$57,3,),)/1000 -> 25076.528 | S12: =+P12-R12 -> -3997.7535 | T12: =+IFERROR(HLOOKUP($B12,'[1]12월누계'!$D$6:$BN$259,16,),)/1000 -> 2343.0768 | U12: =+IFERROR(HLOOKUP($B12,'[2]12월누계'!$F$6:$CP$99,16,),)/1000 -> 1539.9346 | V12: =+U12-T12 -> -803.14218 | W12: =+IFERROR(HLOOKUP($B12,'[3]12월누계'!$F$6:$CC$57,16,),)/1000 -> 2578.5722 | X12: =+U12-W12 -> -1038.6376 | Y12: =+[12]서부산!$Q$85 -> 99299.937 | Z12: =+[12]서부산!$R$85 -> 99185.887 | AA12: =+[13]서부산!$Q$85 -> 99839.195 | AB12: =+[12]서부산!$Q$89 -> 78291.35 | AC12: =+[12]서부산!$R$89 -> 78925.363 | AD12: =+[13]서부산!$Q$89 -> 78610.502 | AE12: =+Y12-AB12 -> 21008.587 | AF12: =+Z12-AC12 -> 20260.523 | AG12: =+AA12-AD12 -> 21228.693 | AI12: =+K12/J12 -> 0.88580833
B13: 김해 | G13: =+I13 -> 김해 | I13: 김해 | J13: =+IFERROR(HLOOKUP($B13,'[1]12월누계'!$D$6:$BN$259,2,),)/1000 -> 170 | K13: =+IFERROR(HLOOKUP($B13,'[2]12월누계'!$F$6:$CP$99,2,),)/1000 -> 97.066 | L13: =+K13-J13 -> -72.934 | M13: =+IFERROR(HLOOKUP($B13,'[3]12월누계'!$F$6:$CC$57,2,),)/1000 -> 158.753 | N13: =+K13-M13 -> -61.687 | O13: =+IFERROR(HLOOKUP($B13,'[1]12월누계'!$D$6:$BN$259,3,),)/1000 -> 16370.976 | P13: =+IFERROR(HLOOKUP($B13,'[2]12월누계'!$F$6:$CP$99,3,),)/1000 -> 8780.1689 | Q13: =+P13-O13 -> -7590.807 | R13: =+IFERROR(HLOOKUP($B13,'[3]12월누계'!$F$6:$CC$57,3,),)/1000 -> 15104.726 | S13: =+P13-R13 -> -6324.5567 | T13: =+IFERROR(HLOOKUP($B13,'[1]12월누계'!$D$6:$BN$259,16,),)/1000 -> 1458.3037 | U13: =+IFERROR(HLOOKUP($B13,'[2]12월누계'!$F$6:$CP$99,16,),)/1000 -> -508.92871 | V13: =+U13-T13 -> -1967.2324 | W13: =+IFERROR(HLOOKUP($B13,'[3]12월누계'!$F$6:$CC$57,16,),)/1000 -> 746.29403 | X13: =+U13-W13 -> -1255.2227 | Y13: =+[12]김해!$Q$85 -> 96299.859 | Z13: =+[12]김해!$R$85 -> 90439.338 | AA13: =+[13]김해!$Q$85 -> 95215.143 | AB13: =+[12]김해!$Q$89 -> 76941.15 | AC13: =+[12]김해!$R$89 -> 77593.352 | AD13: =+[13]김해!$Q$89 -> 78787.119 | AE13: =+Y13-AB13 -> 19358.708 | AF13: =+Z13-AC13 -> 12845.985 | AG13: =+AA13-AD13 -> 16428.023 | AI13: =+K13/J13 -> 0.57097647
B14: 정관 | G14: =+I14 -> 정관 | I14: 정관 | J14: =+IFERROR(HLOOKUP($B14,'[1]12월누계'!$D$6:$BN$259,2,),)/1000 -> 230 | K14: =+IFERROR(HLOOKUP($B14,'[2]12월누계'!$F$6:$CP$99,2,),)/1000 -> 250.3405 | L14: =+K14-J14 -> 20.3405 | M14: =+IFERROR(HLOOKUP($B14,'[3]12월누계'!$F$6:$CC$57,2,),)/1000 -> 237.2865 | N14: =+K14-M14 -> 13.054 | O14: =+IFERROR(HLOOKUP($B14,'[1]12월누계'!$D$6:$BN$259,3,),)/1000 -> 23459.983 | P14: =+IFERROR(HLOOKUP($B14,'[2]12월누계'!$F$6:$CP$99,3,),)/1000 -> 24889.744 | Q14: =+P14-O14 -> 1429.7609 | R14: =+IFERROR(HLOOKUP($B14,'[3]12월누계'!$F$6:$CC$57,3,),)/1000 -> 24033.942 | S14: =+P14-R14 -> 855.80237 | T14: =+IFERROR(HLOOKUP($B14,'[1]12월누계'!$D$6:$BN$259,16,),)/1000 -> 1986.809 | U14: =+IFERROR(HLOOKUP($B14,'[2]12월누계'!$F$6:$CP$99,16,),)/1000 -> 1811.5968 | V14: =+U14-T14 -> -175.21221 | W14: =+IFERROR(HLOOKUP($B14,'[3]12월누계'!$F$6:$CC$57,16,),)/1000 -> 1985.4719 | X14: =+U14-W14 -> -173.87507 | Y14: =+[12]정관!$Q$85 -> 101999.93 | Z14: =+[12]정관!$R$85 -> 99436.151 | AA14: =+[13]정관!$Q$85 -> 101286.6 | AB14: =+[12]정관!$Q$89 -> 82244.312 | AC14: =+[12]정관!$R$89 -> 82110.312 | AD14: =+[13]정관!$Q$89 -> 82252.166 | AE14: =+Y14-AB14 -> 19755.616 | AF14: =+Z14-AC14 -> 17325.839 | AG14: =+AA14-AD14 -> 19034.431 | AI14: =+K14/J14 -> 1.088437
B15: 양산 | G15: =+I15 -> 양산 | I15: 양산 | J15: =+IFERROR(HLOOKUP($B15,'[1]12월누계'!$D$6:$BN$259,2,),)/1000 -> 140 | K15: =+IFERROR(HLOOKUP($B15,'[2]12월누계'!$F$6:$CP$99,2,),)/1000 -> 84.262 | L15: =+K15-J15 -> -55.738 | M15: =+IFERROR(HLOOKUP($B15,'[3]12월누계'!$F$6:$CC$57,2,),)/1000 -> 147.183 | N15: =+K15-M15 -> -62.921 | O15: =+IFERROR(HLOOKUP($B15,'[1]12월누계'!$D$6:$BN$259,3,),)/1000 -> 13220.551 | P15: =+IFERROR(HLOOKUP($B15,'[2]12월누계'!$F$6:$CP$99,3,),)/1000 -> 7774.0781 | Q15: =+P15-O15 -> -5446.4729 | R15: =+IFERROR(HLOOKUP($B15,'[3]12월누계'!$F$6:$CC$57,3,),)/1000 -> 13741.865 | S15: =+P15-R15 -> -5967.7872 | T15: =+IFERROR(HLOOKUP($B15,'[1]12월누계'!$D$6:$BN$259,16,),)/1000 -> 1150.752 | U15: =+IFERROR(HLOOKUP($B15,'[2]12월누계'!$F$6:$CP$99,16,),)/1000 -> -221.93098 | V15: =+U15-T15 -> -1372.683 | W15: =+IFERROR(HLOOKUP($B15,'[3]12월누계'!$F$6:$CC$57,16,),)/1000 -> 1156.0376 | X15: =+U15-W15 -> -1377.9686 | Y15: =+[12]양산!$Q$85 -> 94432.507 | Z15: =+[12]양산!$R$85 -> 92247.02 | AA15: =+[13]양산!$Q$85 -> 93365.845 | AB15: =+[12]양산!$Q$89 -> 73916.615 | AC15: =+[12]양산!$R$89 -> 74391.618 | AD15: =+[13]양산!$Q$89 -> 73601.938 | AE15: =+Y15-AB15 -> 20515.892 | AF15: =+Z15-AC15 -> 17855.403 | AG15: =+AA15-AD15 -> 19763.907 | AI15: =+K15/J15 -> 0.60187143
B16: 창원 | G16: =+I16 -> 창원 | I16: 창원 | J16: =+IFERROR(HLOOKUP($B16,'[1]12월누계'!$D$6:$BN$259,2,),)/1000 -> 160 | K16: =+IFERROR(HLOOKUP($B16,'[2]12월누계'!$F$6:$CP$99,2,),)/1000 -> 116.184 | L16: =+K16-J16 -> -43.816 | M16: =+IFERROR(HLOOKUP($B16,'[3]12월누계'!$F$6:$CC$57,2,),)/1000 -> 196.3575 | N16: =+K16-M16 -> -80.1735 | O16: =+IFERROR(HLOOKUP($B16,'[1]12월누계'!$D$6:$BN$259,3,),)/1000 -> 16111.954 | P16: =+IFERROR(HLOOKUP($B16,'[2]12월누계'!$F$6:$CP$99,3,),)/1000 -> 11067.551 | Q16: =+P16-O16 -> -5044.4027 | R16: =+IFERROR(HLOOKUP($B16,'[3]12월누계'!$F$6:$CC$57,3,),)/1000 -> 19774.515 | S16: =+P16-R16 -> -8706.9642 | T16: =+IFERROR(HLOOKUP($B16,'[1]12월누계'!$D$6:$BN$259,16,),)/1000 -> 1688.4607 | U16: =+IFERROR(HLOOKUP($B16,'[2]12월누계'!$F$6:$CP$99,16,),)/1000 -> 385.41136 | V16: =+U16-T16 -> -1303.0494 | W16: =+IFERROR(HLOOKUP($B16,'[3]12월누계'!$F$6:$CC$57,16,),)/1000 -> 2645.614 | X16: =+U16-W16 -> -2260.2027 | Y16: =+[12]창원!$Q$85 -> 100699.71 | Z16: =+[12]창원!$R$85 -> 95258.824 | AA16: =+[13]창원!$Q$85 -> 100706.7 | AB16: =+[12]창원!$Q$89 -> 76055.399 | AC16: =+[12]창원!$R$89 -> 73333.742 | AD16: =+[13]창원!$Q$89 -> 75043.236 | AE16: =+Y16-AB16 -> 24644.312 | AF16: =+Z16-AC16 -> 21925.082 | AG16: =+AA16-AD16 -> 25663.462 | AI16: =+K16/J16 -> 0.72615
B17: 대구 | G17: =+I17 -> 대구 | I17: 대구 | J17: =+IFERROR(HLOOKUP($B17,'[1]12월누계'!$D$6:$BN$259,2,),)/1000 -> 145 | K17: =+IFERROR(HLOOKUP($B17,'[2]12월누계'!$F$6:$CP$99,2,),)/1000 -> 109.2145 | L17: =+K17-J17 -> -35.7855 | M17: =+IFERROR(HLOOKUP($B17,'[3]12월누계'!$F$6:$CC$57,2,),)/1000 -> 190.04 | N17: =+K17-M17 -> -80.8255 | O17: =+IFERROR(HLOOKUP($B17,'[1]12월누계'!$D$6:$BN$259,3,),)/1000 -> 14079.526 | P17: =+IFERROR(HLOOKUP($B17,'[2]12월누계'!$F$6:$CP$99,3,),)/1000 -> 9623.6385 | Q17: =+P17-O17 -> -4455.8873 | R17: =+IFERROR(HLOOKUP($B17,'[3]12월누계'!$F$6:$CC$57,3,),)/1000 -> 18889.929 | S17: =+P17-R17 -> -9266.2901 | T17: =+IFERROR(HLOOKUP($B17,'[1]12월누계'!$D$6:$BN$259,16,),)/1000 -> 1302.9749 | U17: =+IFERROR(HLOOKUP($B17,'[2]12월누계'!$F$6:$CP$99,16,),)/1000 -> -172.18243 | V17: =+U17-T17 -> -1475.1573 | W17: =+IFERROR(HLOOKUP($B17,'[3]12월누계'!$F$6:$CC$57,16,),)/1000 -> 2551.5007 | X17: =+U17-W17 -> -2723.6831 | Y17: =+[12]대구!$Q$85 -> 97100.178 | Z17: =+[12]대구!$R$85 -> 88134.911 | AA17: =+[13]대구!$Q$85 -> 99399.551 | AB17: =+[12]대구!$Q$89 -> 73288.04 | AC17: =+[12]대구!$R$89 -> 73003.185 | AD17: =+[13]대구!$Q$89 -> 74512.502 | AE17: =+Y17-AB17 -> 23812.138 | AF17: =+Z17-AC17 -> 15131.726 | AG17: =+AA17-AD17 -> 24887.049 | AI17: =+K17/J17 -> 0.75320345
B18: 울산 | G18: =+I18 -> 울산 | I18: 울산 | J18: =+IFERROR(HLOOKUP($B18,'[1]12월누계'!$D$6:$BN$259,2,),)/1000 -> 145 | K18: =+IFERROR(HLOOKUP($B18,'[2]12월누계'!$F$6:$CP$99,2,),)/1000 -> 135.6535 | L18: =+K18-J18 -> -9.3465 | M18: =+IFERROR(HLOOKUP($B18,'[3]12월누계'!$F$6:$CC$57,2,),)/1000 -> 134.213 | N18: =+K18-M18 -> 1.4405 | O18: =+IFERROR(HLOOKUP($B18,'[1]12월누계'!$D$6:$BN$259,3,),)/1000 -> 14891.506 | P18: =+IFERROR(HLOOKUP($B18,'[2]12월누계'!$F$6:$CP$99,3,),)/1000 -> 14168.405 | Q18: =+P18-O18 -> -723.10139 | R18: =+IFERROR(HLOOKUP($B18,'[3]12월누계'!$F$6:$CC$57,3,),)/1000 -> 13929.268 | S18: =+P18-R18 -> 239.13617 | T18: =+IFERROR(HLOOKUP($B18,'[1]12월누계'!$D$6:$BN$259,16,),)/1000 -> 1182.519 | U18: =+IFERROR(HLOOKUP($B18,'[2]12월누계'!$F$6:$CP$99,16,),)/1000 -> 1075.6328 | V18: =+U18-T18 -> -106.88617 | W18: =+IFERROR(HLOOKUP($B18,'[3]12월누계'!$F$6:$CC$57,16,),)/1000 -> 1432.4138 | X18: =+U18-W18 -> -356.78103 | Y18: =+[12]울산!$Q$85 -> 102700.04 | Z18: =+[12]울산!$R$85 -> 104445.55 | AA18: =+[13]울산!$Q$85 -> 103784.79 | AB18: =+[12]울산!$Q$89 -> 82252.052 | AC18: =+[12]울산!$R$89 -> 83402.285 | AD18: =+[13]울산!$Q$89 -> 80835.204 | AE18: =+Y18-AB18 -> 20447.989 | AF18: =+Z18-AC18 -> 21043.266 | AG18: =+AA18-AD18 -> 22949.589 | AI18: =+K18/J18 -> 0.93554138
B19: 아산 | G19: =+I19 -> 아산 | I19: 아산 | J19: =+IFERROR(HLOOKUP($B19,'[1]12월누계'!$D$6:$BN$259,2,),)/1000 -> 270 | K19: =+IFERROR(HLOOKUP($B19,'[2]12월누계'!$F$6:$CP$99,2,),)/1000 -> 251.622 | L19: =+K19-J19 -> -18.378 | M19: =+IFERROR(HLOOKUP($B19,'[3]12월누계'!$F$6:$CC$57,2,),)/1000 -> 317.5445 | N19: =+K19-M19 -> -65.9225 | O19: =+IFERROR(HLOOKUP($B19,'[1]12월누계'!$D$6:$BN$259,3,),)/1000 -> 27810 | P19: =+IFERROR(HLOOKUP($B19,'[2]12월누계'!$F$6:$CP$99,3,),)/1000 -> 24500.756 | Q19: =+P19-O19 -> -3309.2442 | R19: =+IFERROR(HLOOKUP($B19,'[3]12월누계'!$F$6:$CC$57,3,),)/1000 -> 32020.142 | S19: =+P19-R19 -> -7519.3866 | T19: =+IFERROR(HLOOKUP($B19,'[1]12월누계'!$D$6:$BN$259,16,),)/1000 -> 3587.5204 | U19: =+IFERROR(HLOOKUP($B19,'[2]12월누계'!$F$6:$CP$99,16,),)/1000 -> 1088.7266 | V19: =+U19-T19 -> -2498.7938 | W19: =+IFERROR(HLOOKUP($B19,'[3]12월누계'!$F$6:$CC$57,16,),)/1000 -> 4186.6874 | X19: =+U19-W19 -> -3097.9608 | Y19: =+[12]아산!$Q$85 -> 103000 | Z19: =+[12]아산!$R$85 -> 97362.97 | AA19: =+[13]아산!$Q$85 -> 100779.84 | AB19: =+[12]아산!$Q$89 -> 78614.59 | AC19: =+[12]아산!$R$89 -> 81568.642 | AD19: =+[13]아산!$Q$89 -> 77860.035 | AE19: =+Y19-AB19 -> 24385.41 | AF19: =+Z19-AC19 -> 15794.329 | AG19: =+AA19-AD19 -> 22919.805 | AI19: =+K19/J19 -> 0.93193333
B20: 전주 | G20: =+I20 -> 전주 | I20: 전주 | J20: =+IFERROR(HLOOKUP($B20,'[1]12월누계'!$D$6:$BN$259,2,),)/1000 -> 130 | K20: =+IFERROR(HLOOKUP($B20,'[2]12월누계'!$F$6:$CP$99,2,),)/1000 -> 154.4885 | L20: =+K20-J20 -> 24.4885 | M20: =+IFERROR(HLOOKUP($B20,'[3]12월누계'!$F$6:$CC$57,2,),)/1000 -> 104.5945 | N20: =+K20-M20 -> 49.894 | O20: =+IFERROR(HLOOKUP($B20,'[1]12월누계'!$D$6:$BN$259,3,),)/1000 -> 12870 | P20: =+IFERROR(HLOOKUP($B20,'[2]12월누계'!$F$6:$CP$99,3,),)/1000 -> 15115.211 | Q20: =+P20-O20 -> 2245.2114 | R20: =+IFERROR(HLOOKUP($B20,'[3]12월누계'!$F$6:$CC$57,3,),)/1000 -> 10098.437 | S20: =+P20-R20 -> 5016.774 | T20: =+IFERROR(HLOOKUP($B20,'[1]12월누계'!$D$6:$BN$259,16,),)/1000 -> 1511.1574 | U20: =+IFERROR(HLOOKUP($B20,'[2]12월누계'!$F$6:$CP$99,16,),)/1000 -> 1437.3909 | V20: =+U20-T20 -> -73.766492 | W20: =+IFERROR(HLOOKUP($B20,'[3]12월누계'!$F$6:$CC$57,16,),)/1000 -> 640.017 | X20: =+U20-W20 -> 797.37393 | Y20: =+[12]전주!$Q$85 -> 98999.999 | Z20: =+[12]전주!$R$85 -> 97840.744 | AA20: =+[13]전주!$Q$85 -> 96550.173 | AB20: =+[12]전주!$Q$89 -> 73277.628 | AC20: =+[12]전주!$R$89 -> 76219.707 | AD20: =+[13]전주!$Q$89 -> 72741.123 | AE20: =+Y20-AB20 -> 25722.371 | AF20: =+Z20-AC20 -> 21621.037 | AG20: =+AA20-AD20 -> 23809.049 | AI20: =+K20/J20 -> 1.1883731
B21: 군산 | G21: =+I21 -> 군산 | I21: 군산 | J21: =+IFERROR(HLOOKUP($B21,'[1]12월누계'!$D$6:$BN$259,2,),)/1000 -> 85 | K21: =+IFERROR(HLOOKUP($B21,'[2]12월누계'!$F$6:$CP$99,2,),)/1000 -> 55.757 | L21: =+K21-J21 -> -29.243 | M21: =+IFERROR(HLOOKUP($B21,'[3]12월누계'!$F$6:$CC$57,2,),)/1000 -> 98.3415 | N21: =+K21-M21 -> -42.5845 | O21: =+IFERROR(HLOOKUP($B21,'[1]12월누계'!$D$6:$BN$259,3,),)/1000 -> 9434.9662 | P21: =+IFERROR(HLOOKUP($B21,'[2]12월누계'!$F$6:$CP$99,3,),)/1000 -> 6145.5882 | Q21: =+P21-O21 -> -3289.3779 | R21: =+IFERROR(HLOOKUP($B21,'[3]12월누계'!$F$6:$CC$57,3,),)/1000 -> 11049.972 | S21: =+P21-R21 -> -4904.3836 | T21: =+IFERROR(HLOOKUP($B21,'[1]12월누계'!$D$6:$BN$259,16,),)/1000 -> 2246.823 | U21: =+IFERROR(HLOOKUP($B21,'[2]12월누계'!$F$6:$CP$99,16,),)/1000 -> 1077.3261 | V21: =+U21-T21 -> -1169.4969 | W21: =+IFERROR(HLOOKUP($B21,'[3]12월누계'!$F$6:$CC$57,16,),)/1000 -> 2923.9684 | X21: =+U21-W21 -> -1846.6423 | Y21: =+[12]군산!$Q$85 -> 110999.6 | Z21: =+[12]군산!$R$85 -> 110208.56 | AA21: =+[13]군산!$Q$85 -> 112375.86 | AB21: =+[12]군산!$Q$89 -> 72788.2 | AC21: =+[12]군산!$R$89 -> 72571.115 | AD21: =+[13]군산!$Q$89 -> 72449.184 | AE21: =+Y21-AB21 -> 38211.402 | AF21: =+Z21-AC21 -> 37637.445 | AG21: =+AA21-AD21 -> 39926.677 | AI21: =+K21/J21 -> 0.65596471
B22: 원주 | G22: =+I22 -> 원주 | I22: 원주 | J22: =+IFERROR(HLOOKUP($B22,'[1]12월누계'!$D$6:$BN$259,2,),)/1000 -> 55 | K22: =+IFERROR(HLOOKUP($B22,'[2]12월누계'!$F$6:$CP$99,2,),)/1000 -> 34.6595 | L22: =+K22-J22 -> -20.3405 | M22: =+IFERROR(HLOOKUP($B22,'[3]12월누계'!$F$6:$CC$57,2,),)/1000 -> 64.481 | N22: =+K22-M22 -> -29.8215 | O22: =+IFERROR(HLOOKUP($B22,'[1]12월누계'!$D$6:$BN$259,3,),)/1000 -> 6160 | P22: =+IFERROR(HLOOKUP($B22,'[2]12월누계'!$F$6:$CP$99,3,),)/1000 -> 3846.7764 | Q22: =+P22-O22 -> -2313.2236 | R22: =+IFERROR(HLOOKUP($B22,'[3]12월누계'!$F$6:$CC$57,3,),)/1000 -> 7251.5746 | S22: =+P22-R22 -> -3404.7982 | T22: =+IFERROR(HLOOKUP($B22,'[1]12월누계'!$D$6:$BN$259,16,),)/1000 -> 1009.3797 | U22: =+IFERROR(HLOOKUP($B22,'[2]12월누계'!$F$6:$CP$99,16,),)/1000 -> 227.56159 | V22: =+U22-T22 -> -781.81808 | W22: =+IFERROR(HLOOKUP($B22,'[3]12월누계'!$F$6:$CC$57,16,),)/1000 -> 1368.5219 | X22: =+U22-W22 -> -1140.9603 | Y22: =+[12]원주!$Q$85 -> 112000 | Z22: =+[12]원주!$R$85 -> 110992.75 | AA22: =+[13]원주!$Q$85 -> 112465.4 | AB22: =+[12]원주!$Q$89 -> 73468.293 | AC22: =+[12]원주!$R$89 -> 73196.399 | AD22: =+[13]원주!$Q$89 -> 74063.851 | AE22: =+Y22-AB22 -> 38531.707 | AF22: =+Z22-AC22 -> 37796.349 | AG22: =+AA22-AD22 -> 38401.546 | AI22: =+K22/J22 -> 0.63017273
B23: 제주 | G23: =+I23 -> 제주 | I23: 제주 | J23: =+IFERROR(HLOOKUP($B23,'[1]12월누계'!$D$6:$BN$259,2,),)/1000 -> 100 | K23: =+IFERROR(HLOOKUP($B23,'[2]12월누계'!$F$6:$CP$99,2,),)/1000 -> 62.7085 | L23: =+K23-J23 -> -37.2915 | M23: =+IFERROR(HLOOKUP($B23,'[3]12월누계'!$F$6:$CC$57,2,),)/1000 -> 42.994 | N23: =+K23-M23 -> 19.7145 | O23: =+IFERROR(HLOOKUP($B23,'[1]12월누계'!$D$6:$BN$259,3,),)/1000 -> 12286.285 | P23: =+IFERROR(HLOOKUP($B23,'[2]12월누계'!$F$6:$CP$99,3,),)/1000 -> 7773.9382 | Q23: =+P23-O23 -> -4512.3473 | R23: =+IFERROR(HLOOKUP($B23,'[3]12월누계'!$F$6:$CC$57,3,),)/1000 -> 5315.1092 | S23: =+P23-R23 -> 2458.829 | T23: =+IFERROR(HLOOKUP($B23,'[1]12월누계'!$D$6:$BN$259,16,),)/1000 -> 2003.8432 | U23: =+IFERROR(HLOOKUP($B23,'[2]12월누계'!$F$6:$CP$99,16,),)/1000 -> 705.23831 | V23: =+U23-T23 -> -1298.6049 | W23: =+IFERROR(HLOOKUP($B23,'[3]12월누계'!$F$6:$CC$57,16,),)/1000 -> 368.05902 | X23: =+U23-W23 -> 337.17929 | Y23: =+[12]제주!$Q$85 -> 122862.85 | Z23: =+[12]제주!$R$85 -> 123796.87 | AA23: =+[13]제주!$Q$85 -> 123624.44 | AB23: =+[12]제주!$Q$89 -> 91146.151 | AC23: =+[12]제주!$R$89 -> 93667.739 | AD23: =+[13]제주!$Q$89 -> 89420.481 | AE23: =+Y23-AB23 -> 31716.704 | AF23: =+Z23-AC23 -> 30129.132 | AG23: =+AA23-AD23 -> 34203.96 | AI23: =+K23/J23 -> 0.627085
F24: =+K24/J24 -> 0.82107736 | G24: =+I24 -> 수도권 | I24: 수도권 | J24: =SUM(J7:J10) -> 1220 | K24: =SUM(K7:K10) -> 1001.7144 | L24: =+K24-J24 -> -218.28562 | M24: =SUM(M7:M10) -> 1201.567 | N24: =+K24-M24 -> -199.85262 | O24: =SUM(O7:O10) -> 120268.36 | P24: =SUM(P7:P10) -> 96405.835 | Q24: =+P24-O24 -> -23862.526 | R24: =SUM(R7:R10) -> 117954.16 | S24: =+P24-R24 -> -21548.32 | T24: =SUM(T7:T10) -> 9215.4722 | U24: =SUM(U7:U10) -> 2060.0688 | V24: =+U24-T24 -> -7155.4034 | W24: =SUM(W7:W10) -> 8135.8575 | X24: =+U24-W24 -> -6075.7887 | Y24: =+[12]수도권!$Q$85 -> 98580.624 | Z24: =+[12]수도권!$R$85 -> 96282.119 | AA24: =+[13]수도권!$Q$85 -> 98175.052 | AB24: =+[12]수도권!$Q$89 -> 81080.866 | AC24: =+[12]수도권!$R$89 -> 81744.984 | AD24: =+[13]수도권!$Q$89 -> 81236.794 | AE24: =+Y24-AB24 -> 17499.758 | AF24: =+Z24-AC24 -> 14537.135 | AG24: =+AA24-AD24 -> 16938.258 | AI24: =+K24/J24 -> 0.82107736 | AK24: =+U24/T24 -> 0.22354457
F25: =+K25/J25 -> 0.84720918 | G25: =+I25 -> 영남권 | I25: 영남권 | J25: =SUM(J11:J18) -> 1470 | K25: =SUM(K11:K18) -> 1245.3975 | L25: =+K25-J25 -> -224.6025 | M25: =SUM(M11:M18) -> 1548.7055 | N25: =+K25-M25 -> -303.308 | O25: =SUM(O11:O18) -> 147814.47 | P25: =SUM(P11:P18) -> 123317.81 | Q25: =+P25-O25 -> -24496.664 | R25: =SUM(R11:R18) -> 155875.85 | S25: =+P25-R25 -> -32558.038 | T25: =SUM(T11:T18) -> 13357.392 | U25: =SUM(U11:U18) -> 6179.8389 | V25: =+U25-T25 -> -7177.5531 | W25: =SUM(W11:W18) -> 15414.173 | X25: =+U25-W25 -> -9234.3337 | Y25: =+[12]영남권!$Q$85 -> 100554.06 | Z25: =+[12]영남권!$R$85 -> 99038.171 | AA25: =+[13]영남권!$Q$85 -> 100664.51 | AB25: =+[12]영남권!$Q$89 -> 79085.205 | AC25: =+[12]영남권!$R$89 -> 79921.883 | AD25: =+[13]영남권!$Q$89 -> 78859.643 | AE25: =+Y25-AB25 -> 21468.859 | AF25: =+Z25-AC25 -> 19116.288 | AG25: =+AA25-AD25 -> 21804.868 | AI25: =+K25/J25 -> 0.84720918 | AK25: =+U25/T25 -> 0.46265311
F26: =+K26/J26 -> 0.87380547 | G26: =+I26 -> 중부권 | I26: 중부권 | J26: =SUM(J19:J23) -> 640 | K26: =SUM(K19:K23) -> 559.2355 | L26: =+K26-J26 -> -80.7645 | M26: =SUM(M19:M23) -> 627.9555 | N26: =+K26-M26 -> -68.72 | O26: =SUM(O19:O23) -> 68561.252 | P26: =SUM(P19:P23) -> 57382.27 | Q26: =+P26-O26 -> -11178.982 | R26: =SUM(R19:R23) -> 65735.235 | S26: =+P26-R26 -> -8352.9653 | T26: =SUM(T19:T23) -> 10358.724 | U26: =SUM(U19:U23) -> 4536.2435 | V26: =+U26-T26 -> -5822.4802 | W26: =SUM(W19:W23) -> 9487.2538 | X26: =+U26-W26 -> -4951.0102 | Y26: =+[12]중부권!$Q$85 -> 107126.96 | Z26: =+[12]중부권!$R$85 -> 102518.55 | AA26: =+[13]중부권!$Q$85 -> 104665.49 | AB26: =+[12]중부권!$Q$89 -> 78272.499 | AC26: =+[12]중부권!$R$89 -> 79993.582 | AD26: =+[13]중부권!$Q$89 -> 76562.819 | AE26: =+Y26-AB26 -> 28854.457 | AF26: =+Z26-AC26 -> 22524.967 | AG26: =+AA26-AD26 -> 28102.675 | AI26: =+K26/J26 -> 0.87380547 | AK26: =+U26/T26 -> 0.43791529
F27: =+K27/M27 -> 0.8307158 | G27: =+K27/J27 -> 0.84274696 | H27: 레미콘 계 | J27: =SUM(J24:J26) -> 3330 | K27: =SUM(K24:K26) -> 2806.3474 | L27: =+K27-J27 -> -523.65262 | M27: =SUM(M24:M26) -> 3378.228 | N27: =+K27-M27 -> -571.88062 | O27: =SUM(O24:O26) -> 336644.09 | P27: =SUM(P24:P26) -> 277105.91 | Q27: =+P27-O27 -> -59538.171 | R27: =SUM(R24:R26) -> 339565.24 | S27: =+P27-R27 -> -62459.324 | T27: =SUM(T24:T26) -> 32931.588 | U27: =SUM(U24:U26) -> 12776.151 | V27: =+U27-T27 -> -20155.437 | W27: =SUM(W24:W26) -> 33037.284 | X27: =+U27-W27 -> -20261.133 | Y27: =+[12]합계!$Q$85 -> 101094.32 | Z27: =+[12]합계!$R$85 -> 98751.577 | AA27: =+[13]합계!$Q$85 -> 100523.03 | AB27: =+[12]합계!$Q$89 -> 79660.152 | AC27: =+[12]합계!$R$89 -> 80583.001 | AD27: =+[13]합계!$Q$89 -> 79276.383 | AE27: =+Y27-AB27 -> 21434.168 | AF27: =+Z27-AC27 -> 18168.576 | AG27: =+AA27-AD27 -> 21246.651 | AI27: =+K27/J27 -> 0.84274696 | AK27: =+U27/T27 -> 0.38796038
B28: 부산모래장 | C28: 부산골재 | G28: =+I28 -> 부산모래장 | H28: 골재 | I28: 부산모래장 | J28: =+IFERROR(HLOOKUP($B28,'[1]12월누계'!$D$6:$BN$259,2,),)/1000 -> 259.99977 | K28: =+IFERROR(HLOOKUP($C28,'[2]12월누계'!$F$6:$CP$99,2,),)/1000 -> 278.348 | L28: =+K28-J28 -> 18.348226 | M28: =+IFERROR(HLOOKUP($C28,'[3]12월누계'!$F$6:$CC$57,2,),)/1000 -> 238.353 | N28: =+K28-M28 -> 39.995 | O28: =+IFERROR(HLOOKUP($B28,'[1]12월누계'!$D$6:$BN$259,3,),)/1000 -> 7457.3532 | P28: =+IFERROR(HLOOKUP($C28,'[2]12월누계'!$F$6:$CP$99,3,),)/1000 -> 7928.58 | Q28: =+P28-O28 -> 471.22676 | R28: =+IFERROR(HLOOKUP($C28,'[3]12월누계'!$F$6:$CC$57,3,),)/1000 -> 6922.5481 | S28: =+P28-R28 -> 1006.0319 | T28: =+IFERROR(HLOOKUP($B28,'[1]12월누계'!$D$6:$BN$259,21,),)/1000 -> 839.07689 | U28: =+IFERROR(HLOOKUP($C28,'[2]12월누계'!$F$6:$CP$99,21,),)/1000 -> 132.86315 | V28: =+U28-T28 -> -706.21375 | W28: =+IFERROR(HLOOKUP($C28,'[3]12월누계'!$F$6:$CC$57,21,),)/1000 -> 339.72439 | X28: =+U28-W28 -> -206.86124 | Y28: ■ 비고
B29: 서부산크라샤 | C29: 서부산골재 | G29: =+I29 -> 서부산CR | I29: 서부산CR | J29: =+IFERROR(HLOOKUP($B29,'[1]12월누계'!$D$6:$BN$259,2,),)/1000 -> 580.00047 | K29: =+IFERROR(HLOOKUP($C29,'[2]12월누계'!$F$6:$CP$99,2,),)/1000 -> 294.548 | L29: =+K29-J29 -> -285.45247 | M29: =+IFERROR(HLOOKUP($C29,'[3]12월누계'!$F$6:$CC$57,2,),)/1000 -> 172.092 | N29: =+K29-M29 -> 122.456 | O29: =+IFERROR(HLOOKUP($B29,'[1]12월누계'!$D$6:$BN$259,3,),)/1000 -> 8484.9984 | P29: =+IFERROR(HLOOKUP($C29,'[2]12월누계'!$F$6:$CP$99,3,),)/1000 -> 4004.486 | Q29: =+P29-O29 -> -4480.5124 | R29: =+IFERROR(HLOOKUP($C29,'[3]12월누계'!$F$6:$CC$57,3,),)/1000 -> 2413.663 | S29: =+P29-R29 -> 1590.823 | T29: =+IFERROR(HLOOKUP($B29,'[1]12월누계'!$D$6:$BN$259,21,),)/1000 -> 1348.2155 | U29: =+IFERROR(HLOOKUP($C29,'[2]12월누계'!$F$6:$CP$99,21,),)/1000 -> 3.0204718 | V29: =+U29-T29 -> -1345.195 | W29: =+IFERROR(HLOOKUP($C29,'[3]12월누계'!$F$6:$CC$57,21,),)/1000 -> -278.72642 | X29: =+U29-W29 -> 281.7469 | Y29: - 1군 판매단가 인하
B30: 부산크라샤 | C30: 부산크라샤 | G30: =+I30 -> 부산CR | I30: 부산CR | J30: =+IFERROR(HLOOKUP($B30,'[1]12월누계'!$D$6:$BN$259,2,),)/1000 -> 359.99955 | K30: =+IFERROR(HLOOKUP($C30,'[2]12월누계'!$F$6:$CP$99,2,),)/1000 -> 214.038 | L30: =+K30-J30 -> -145.96155 | M30: =+IFERROR(HLOOKUP($C30,'[3]12월누계'!$F$6:$CC$57,2,),)/1000 -> 429.666 | N30: =+K30-M30 -> -215.628 | O30: =+IFERROR(HLOOKUP($B30,'[1]12월누계'!$D$6:$BN$259,3,),)/1000 -> 6141.6483 | P30: =+IFERROR(HLOOKUP($C30,'[2]12월누계'!$F$6:$CP$99,3,),)/1000 -> 4127.217 | Q30: =+P30-O30 -> -2014.4313 | R30: =+IFERROR(HLOOKUP($C30,'[3]12월누계'!$F$6:$CC$57,3,),)/1000 -> 7733.933 | S30: =+P30-R30 -> -3606.716 | T30: =+IFERROR(HLOOKUP($B30,'[1]12월누계'!$D$6:$BN$259,21,),)/1000 -> 29.965159 | U30: =+IFERROR(HLOOKUP($C30,'[2]12월누계'!$F$6:$CP$99,21,),)/1000 -> -1471.3559 | V30: =+U30-T30 -> -1501.3211 | W30: =+IFERROR(HLOOKUP($C30,'[3]12월누계'!$F$6:$CC$57,21,),)/1000 -> -822.30434 | X30: =+U30-W30 -> -649.05157 | Y30: · 천안 아산지역 2,600원/㎥↓, 창원 2,900원/㎥↓(4/1), 울산 ,1900원/㎥↓(7/1)
H31: 골재 계 | J31: =SUM(J28:J30) -> 1199.9998 | K31: =SUM(K28:K30) -> 786.934 | L31: =+K31-J31 -> -413.06579 | M31: =SUM(M28:M30) -> 840.111 | N31: =+K31-M31 -> -53.177 | O31: =SUM(O28:O30) -> 22084 | P31: =SUM(P28:P30) -> 16060.283 | Q31: =+P31-O31 -> -6023.717 | R31: =SUM(R28:R30) -> 17070.144 | S31: =+P31-R31 -> -1009.8611 | T31: =SUM(T28:T30) -> 2217.2575 | U31: =SUM(U28:U30) -> -1335.4723 | V31: =+U31-T31 -> -3552.7298 | W31: =SUM(W28:W30) -> -761.30637 | X31: =+U31-W31 -> -574.16592 | Y31: - 1군 판가 소급분(마이너스 계산서) : 16.1억(625원/㎥)
B32: 포항임대 | C32: 속초임대 | D32: 강릉임대 | E32: 레미콘임대 계 | G32: =+I32 -> 레미콘임대 | H32: 기타 | I32: 레미콘임대 | L32: =+K32-J32 -> 0 | N32: =+K32-M32 -> 0 | O32: =(IFERROR(HLOOKUP($B32,'[1]12월누계'!$D$6:$BN$259,3,),)++IFERROR(HLOOKUP($C32,'[1]12월누계'!$D$6:$BN$259,3,),)+IFERROR(HLOOKUP($D32,'[1]12월누계'!$D$6:$BN$259,3,),))/1000 -> 872.52 | P32: =+IFERROR(HLOOKUP($E32,'[2]12월누계'!$F$6:$CP$99,3,),)/1000 -> 637.58 | Q32: =+P32-O32 -> -234.94 | R32: =+IFERROR(HLOOKUP($E32,'[3]12월누계'!$F$6:$CC$57,3,),)/1000 -> 1090.08 | S32: =+P32-R32 -> -452.5 | T32: =(IFERROR(HLOOKUP($B32,'[1]12월누계'!$D$6:$BN$259,21,),)++IFERROR(HLOOKUP($C32,'[1]12월누계'!$D$6:$BN$259,21,),)+IFERROR(HLOOKUP($D32,'[1]12월누계'!$D$6:$BN$259,21,),))/1000 -> 611.60173 | U32: =+IFERROR(HLOOKUP($E32,'[2]12월누계'!$F$6:$CP$99,16,),)/1000 -> 352.04302 | V32: =+U32-T32 -> -259.55871 | W32: =+IFERROR(HLOOKUP($E32,'[3]12월누계'!$F$6:$CC$57,16,),)/1000 -> 771.41686 | X32: =+U32-W32 -> -419.37384
B33: 부동산임대 | C33: 주유소임대 | E33: 임대 계 | G33: =+I33 -> 임대 | I33: 임대 | L33: =+K33-J33 -> 0 | M33: 0 | N33: =+K33-M33 -> 0 | O33: =(+IFERROR(HLOOKUP($B33,'[1]12월누계'!$D$6:$BN$259,3,),)+IFERROR(HLOOKUP($C33,'[1]12월누계'!$D$6:$BN$259,3,),))/1000 -> 890.798 | P33: =+IFERROR(HLOOKUP($E33,'[2]12월누계'!$F$6:$CP$99,3,),)/1000 -> 885.1901 | Q33: =+P33-O33 -> -5.607899 | R33: =+IFERROR(HLOOKUP($E33,'[3]12월누계'!$F$6:$CC$57,3,),)/1000 -> 875.84247 | S33: =+P33-R33 -> 9.347631 | T33: =(+IFERROR(HLOOKUP($B33,'[1]12월누계'!$D$6:$BN$259,21,),)+IFERROR(HLOOKUP($C33,'[1]12월누계'!$D$6:$BN$259,21,),))/1000 -> 819.50178 | U33: =+IFERROR(HLOOKUP($E33,'[2]12월누계'!$F$6:$CP$99,16,),)/1000 -> 813.49677 | V33: =+U33-T33 -> -6.005004 | W33: =+IFERROR(HLOOKUP($E33,'[3]12월누계'!$F$6:$CC$57,16,),)/1000 -> 800.92319 | X33: =+U33-W33 -> 12.573583 | Y33: - 운반비 협상
B34: 공 통 비 | G34: =+I34 -> 공통비 | I34: 공통비 | L34: =+K34-J34 -> 0 | N34: =+K34-M34 -> 0 | Q34: =+P34-O34 -> 0 | S34: =+P34-R34 -> 0 | T34: =-'[1]12월누계'!$Z$22/1000 -> -17936.642 | U34: =+-'[2]12월누계'!$Z$22/1000 -> -18663.57 | V34: =+U34-T34 -> -726.92859 | W34: =+-'[3]12월누계'!$Z$22/1000 -> -17443.479 | X34: =+U34-W34 -> -1220.0909 | Y34: · 부산권 4천원, 창원 3.5천원 / 제주 협상完 500원/㎥ 인상
G35: =+I35 -> OPC 소급분 | I35: OPC 소급분 | N35: =+K35-M35 -> 0 | Q35: =+P35-O35 -> 0 | S35: =+P35-R35 -> 0 | U35: ='[2]12월누계'!$BD$26/1000 -> 1257.4551 | V35: =+U35-T35 -> 1257.4551 | W35: ='[3]12월누계'!$BD$26/1000 -> 1291.7882 | X35: =+U35-W35 -> -34.33314 | Y35: 원주 2천원/회(1년), 군산 2개년 합의, 7/15 (25년 2.5천원. 26년 3.5천원)
G36: =+I36 -> 대손 | I36: 대손 | N36: =+K36-M36 -> 0 | Q36: =+P36-O36 -> 0 | S36: =+P36-R36 -> 0 | U36: ='[2]12월누계'!$BE$26/1000 -> -1684.3831 | V36: =+U36-T36 -> -1684.3831 | W36: ='[3]12월누계'!$BE$26/1000 -> -254.34662 | X36: =+U36-W36 -> -1430.0365 | Y36: 인천, 김포3,300원/회 ↑, 군산 25년 2.5천원. 26년 3.5천원
G37: =+I37 -> 미운영 공장 | I37: 미운영 공장 | Q37: =+P37-O37 -> 0 | R37: =+IFERROR(HLOOKUP($I$37,'[3]12월누계'!$F$6:$BJ$50,3,),)/1000 -> 0 | S37: =+P37-R37 -> 0 | T37: =SUM('[1]12월누계'!$AM$26:$AQ$26)/1000 -> -318.02264 | U37: =+'[2]12월누계'!$BF$26/1000 -> -315.64204 | V37: =+U37-T37 -> 2.380599 | W37: =+'[3]12월누계'!$BF$26/1000 -> -408.81052 | X37: =+U37-W37 -> 93.168479
B38: 기타 계 | G38: =+I38 -> 퇴직위로금 | I38: 퇴직위로금 | U38: =+'[2]12월누계'!$BG$26/1000 -> -759.34319 | V38: =+U38-T38 -> -759.34319 | X38: =+U38-W38 -> -759.34319
G39: =+I39 -> 기타 | I39: 기타 | L39: =+K39-J39 -> 0 | N39: =+K39-M39 -> 0 | O39: =IFERROR(HLOOKUP($B38,'[1]12월누계'!$D$6:$BN$259,3,),)/1000 -> 21.24 | P39: =+('[2]12월누계'!$F$8-SUM('[2]12월누계'!$Z$8,'[2]12월누계'!$AH$8,'[2]12월누계'!$AN$8,'[2]12월누계'!$AO$8,'[2]12월누계'!$BA$8,'[2]12월누계'!$BD$8,'[2]12월누계'!$BE$8,'[2]12월누계'!$BF$8))/1000 -> 20.16505 | Q39: =+P39-O39 -> -1.07495 | R39: =+('[3]12월누계'!$F$8-SUM('[3]12월누계'!$Z$8,'[3]12월누계'!$AH$8,'[3]12월누계'!$AN$8,'[3]12월누계'!$AO$8,'[3]12월누계'!$BA$8,'[3]12월누계'!$BD$8,'[3]12월누계'!$BE$8,'[3]12월누계'!$BF$8))/1000 -> 20.98485 | S39: =+P39-R39 -> -0.8198 | T39: =+('[1]12월누계'!$E$26-'[1]12월누계'!$Z$26-'[1]12월누계'!$AA$26-'[1]12월누계'!$AE$26-'[1]12월누계'!$AL$26-'[1]12월누계'!$AM$26-'[1]12월누계'!$AN$26-'[1]12월누계'!$AO$26-'[1]12월누계'!$AP$26-'[1]12월누계'!$AQ$26-'[1]12월누계'!$AS$26)/1000+'[1]12월누계'!$AS$26/1000 -> -845.16596 | U39: =+('[2]12월누계'!$F$26-SUM('[2]12월누계'!$Z$26,'[2]12월누계'!$AH$26,'[2]12월누계'!$AN$26,'[2]12월누계'!$AO$26,'[2]12월누계'!$BA$26,'[2]12월누계'!$BD$26,'[2]12월누계'!$BE$26,'[2]12월누계'!$BF$26))/1000-U38 -> -88.870117 | V39: =+U39-T39 -> 756.29584 | W39: =+('[3]12월누계'!$F$26-SUM('[3]12월누계'!$Z$26,'[3]12월누계'!$AH$26,'[3]12월누계'!$AN$26,'[3]12월누계'!$AO$26,'[3]12월누계'!$BA$26,'[3]12월누계'!$BD$26,'[3]12월누계'!$BE$26,'[3]12월누계'!$BF$26))/1000 -> -216.47604 | X39: =+U39-W39 -> 127.60592
H40: 기타 계 | J40: =SUM(J32:J39) -> 0 | K40: =SUM(K32:K39) -> 0 | L40: =+K40-J40 -> 0 | M40: =SUM(M32:M39) -> 0 | N40: =+K40-M40 -> 0 | O40: =SUM(O32:O39) -> 1784.558 | P40: =SUM(P32:P39) -> 1542.9352 | Q40: =+P40-O40 -> -241.62285 | R40: =SUM(R32:R39) -> 1986.9073 | S40: =+P40-R40 -> -443.97217 | T40: =SUM(T32:T39) -> -17668.727 | U40: =SUM(U32:U39) -> -19088.814 | V40: =+U40-T40 -> -1420.0871 | W40: =SUM(W32:W39) -> -15458.984 | X40: =+U40-W40 -> -3629.8295
U41: 19 | V41: 12.4
G42: =+P42/O42 -> 0.81747239 | H42: 합계 | O42: =+O27+O31+O40 -> 360512.64 | P42: =+P27+P31+P40 -> 294709.13 | Q42: =+P42-O42 -> -65803.511 | R42: =+R27+R31+R40 -> 358622.29 | S42: =+P42-R42 -> -63913.157 | T42: =+T27+T31+T40 -> 17480.119 | U42: =+U27+U31+U40 -> -7648.1349 | V42: =+U42-T42 -> -25128.254 | W42: =+W27+W31+W40 -> 16816.993 | X42: =+U42-W42 -> -24465.128
G43: =+U42/T42 -> -0.43753335 | P43: =+P42/O42 -> 0.81747239 | R43: =+P42/R42 -> 0.82178141 | T43: =+T42/O42 -> 0.048486839 | U43: =+U42/P42 -> -0.025951469 | V43: =+V42/100 -> -251.28254 | X43: =+X42/100 -> -244.65128
K44: =+K31/J31 -> 0.65577845 | M44: =+K31/M31 -> 0.93670241
I45: 확인 | J45: =+'[1]12월누계'!$Z$7/1000 -> 3330 | K45: =+'[2]12월누계'!$AI$7/1000 -> 2806.3474 | M45: =+'[3]12월누계'!$Z$7/1000 -> 3378.228 | O45: =('[1]12월누계'!$E$8-'[1]12월누계'!$AA$8)/1000 -> 360512.64 | P45: =('[2]12월누계'!$F$8-'[2]12월누계'!$AO$8)/1000 -> 294709.13 | R45: =('[3]12월누계'!$F$8-'[3]12월누계'!$AO$8)/1000 -> 358622.29 | T45: =('[1]12월누계'!$E$26-'[1]12월누계'!$AA$26)/1000 -> 17480.119 | U45: =('[2]12월누계'!$F$26-'[2]12월누계'!$AO$26)/1000 -> -7648.1349 | W45: =('[3]12월누계'!$F$26-'[3]12월누계'!$AO$26)/1000 -> 16816.993
J46: =+J45-J27 -> 0 | K46: =+K45-K27 -> 0 | M46: =+M45-M27 -> 0 | O46: =+O45-O42 -> 0 | P46: =+P45-P42 -> 0 | R46: =+R45-R42 -> 0 | T46: =+T45-T42 -> 3.2741809e-11 | U46: =+U45-U42 -> 0 | W46: =+W45-W42 -> 0
T48: =+(T27+T34)/100 -> 149.94946 | U48: =+(U27+U34)/100 -> -58.874191 | V48: =+U48-T48 -> -208.82365
T49: =+T31/100 -> 22.172575 | U49: =+U31/100 -> -13.354723 | V49: =+U49-T49 -> -35.527298
T50: =+(T32+T33)/100 -> 14.311035 | U50: =+(U32+U33)/100 -> 11.655398 | V50: =+U50-T50 -> -2.6556371
T51: =+T42/100-T48-T49-T50 -> -11.631886 | U51: =+U42/100-U48-U49-U50 -> -15.907834 | V51: =+U51-T51 -> -4.2759476
T52: =+SUM(T48:T51) -> 174.80119 | U52: =+SUM(U48:U51) -> -76.481349 | V52: =+U52-T52 -> -251.28254

Sheet 영업이익
D4: □ 레미콘 영업이익 차이분석(2025-12)
W5: [단위 : 백만원, 천㎥]
A6: 2024년 12월 마감 손익 | D6: 구분 | E6: 영업이익(공통비 미배부) | H6: 물량 차이 | L6: 판매단가 차이 | P6: 제조원가 차이 | T6: 판관비 등 차이
E7: 계획 | F7: 실적 | G7: 차이 | H7: 계획 | I7: 실적 | J7: 차이 | K7: 손익 | L7: 계획 | M7: 실적 | N7: 차이 | O7: 손익 | P7: 계획 | Q7: 실적 | R7: 차이 | S7: 손익 | T7: 계획 | U7: 실적 | V7: 차이 | W7: 손익
D8: 합계 | E8: =+[4]합계!$H$86/1000 -> 3591.544 | F8: =+[4]합계!$I$86/1000 -> 209.49917 | G8: =+F8-E8 -> -3382.0448 | H8: =+[4]합계!$T$5/1000 -> 305 | I8: =+[4]합계!$U$5/1000 -> 228.56006 | J8: =+I8-H8 -> -76.43994 | K8: =+[4]합계!$M$86/1000 -> -1148.0948 | L8: =+[4]합계!$Q$85 -> 102135.09 | M8: =+[4]합계!$R$85 -> 101721.48 | N8: =+M8-L8 -> -413.60533 | O8: =+[4]합계!$K$86/1000 -> -94.385175 | P8: =+[4]합계!$Q$50 -> 87171.639 | Q8: =+[4]합계!$R$50 -> 96139.75 | R8: =+Q8-P8 -> 8968.1117 | S8: =+[4]합계!$L$56/1000 -> -1929.6354 | T8: =+([4]합계!$H$80+[4]합계!$H$85)/1000 -> 972.30729 | U8: =+([4]합계!$I$80+[4]합계!$I$85)/1000 -> 1182.2367 | V8: =+U8-T8 -> 209.92941 | W8: =+([4]합계!$L$80+[4]합계!$L$85)/1000 -> -209.92941 | Y8: =+G8-K8-O8-S8-W8 -> -6.8212103e-13 | Z8: =+Y8*1000000 -> -6.8212103e-07
D9: 수도권 | E9: =+[4]수도권!$H$86/1000 -> 1112.3552 | F9: =+[4]수도권!$I$86/1000 -> -7.630242 | G9: =+F9-E9 -> -1119.9855 | H9: =+[4]수도권!$T$5/1000 -> 109 | I9: =+[4]수도권!$U$5/1000 -> 88.27706 | J9: =+I9-H9 -> -20.72294 | K9: =+[4]수도권!$M$86/1000 -> -273.93835 | L9: =+[4]수도권!$Q$85 -> 100867.18 | M9: =+[4]수도권!$R$85 -> 99894.501 | N9: =+M9-L9 -> -972.6754 | O9: =+[4]수도권!$K$86/1000 -> -85.555613 | P9: =+[4]수도권!$Q$50 -> 87797.81 | Q9: =+[4]수도권!$R$50 -> 95850.404 | R9: =+Q9-P9 -> 8052.5932 | S9: =+[4]수도권!$L$56/1000 -> -708.33571 | T9: =+([4]수도권!$H$80+[4]수도권!$H$85)/1000 -> 312.20568 | U9: =+([4]수도권!$I$80+[4]수도권!$I$85)/1000 -> 364.3615 | V9: =+U9-T9 -> 52.155815 | W9: =+([4]수도권!$L$80+[4]수도권!$L$85)/1000 -> -52.155815 | Y9: =+G9-K9-O9-S9-W9 -> 6.9633188e-13 | Z9: =+Y9*1000000 -> 6.9633188e-07
D10: 영남권 | E10: =+[4]영남권!$H$86/1000 -> 1501.0984 | F10: =+[4]영남권!$I$86/1000 -> 43.539371 | G10: =+F10-E10 -> -1457.5591 | H10: =+[4]영남권!$T$5/1000 -> 138.5 | I10: =+[4]영남권!$U$5/1000 -> 99.727 | J10: =+I10-H10 -> -38.773 | K10: =+[4]영남권!$M$86/1000 -> -552.41127 | L10: =+[4]영남권!$Q$85 -> 100786.02 | M10: =+[4]영남권!$R$85 -> 100842.57 | N10: =+M10-L10 -> 56.549592 | O10: =+[4]영남권!$K$86/1000 -> 5.6395211 | P10: =+[4]영남권!$Q$50 -> 86538.703 | Q10: =+[4]영남권!$R$50 -> 95453.712 | R10: =+Q10-P10 -> 8915.0092 | S10: =+[4]영남권!$L$56/1000 -> -771.993 | T10: =+([4]영남권!$H$80+[4]영남권!$H$85)/1000 -> 472.15514 | U10: =+([4]영남권!$I$80+[4]영남권!$I$85)/1000 -> 610.94946 | V10: =+U10-T10 -> 138.79431 | W10: =+([4]영남권!$L$80+[4]영남권!$L$85)/1000 -> -138.79431 | Y10: =+G10-K10-O10-S10-W10 -> 4.8316906e-13 | Z10: =+Y10*1000000 -> 4.8316906e-07
D11: 기타권 | E11: =+[4]중부권!$H$86/1000 -> 978.09028 | F11: =+[4]중부권!$I$86/1000 -> 173.59004 | G11: =+F11-E11 -> -804.50024 | H11: =+[4]중부권!$T$5/1000 -> 57.5 | I11: =+[4]중부권!$U$5/1000 -> 40.556 | J11: =+I11-H11 -> -16.944 | K11: =+[4]중부권!$M$86/1000 -> -344.40852 | L11: =+[4]중부권!$Q$85 -> 107788.08 | M11: =+[4]중부권!$R$85 -> 107851.32 | N11: =+M11-L11 -> 63.232059 | O11: =+[4]중부권!$K$86/1000 -> 2.5618469 | P11: =+[4]중부권!$Q$50 -> 87509.184 | Q11: =+[4]중부권!$R$50 -> 98460.771 | R11: =+Q11-P11 -> 10951.588 | S11: =+[4]중부권!$L$56/1000 -> -443.67429 | T11: =+([4]중부권!$H$80+[4]중부권!$H$85)/1000 -> 187.94647 | U11: =+([4]중부권!$I$80+[4]중부권!$I$85)/1000 -> 206.92575 | V11: =+U11-T11 -> 18.979279 | W11: =+([4]중부권!$L$80+[4]중부권!$L$85)/1000 -> -18.979279 | Y11: =+G11-K11-O11-S11-W11 -> 3.907985e-13 | Z11: =+Y11*1000000 -> 3.907985e-07
D12: 안양 | E12: =+[4]안양!$H$86/1000 -> 565.37708 | F12: =+[4]안양!$I$86/1000 -> 188.84256 | G12: =+F12-E12 -> -376.53452 | H12: =+[4]안양!$T$5/1000 -> 41 | I12: =+[4]안양!$U$5/1000 -> 31.317 | J12: =+I12-H12 -> -9.683 | K12: =+[4]안양!$M$86/1000 -> -156.25321 | L12: =+[4]안양!$Q$85 -> 103714.41 | M12: =+[4]안양!$R$85 -> 101989.6 | N12: =+M12-L12 -> -1724.8117 | O12: =+[4]안양!$K$86/1000 -> -54.015928 | P12: =+[4]안양!$Q$50 -> 87577.55 | Q12: =+[4]안양!$R$50 -> 92224.474 | R12: =+Q12-P12 -> 4646.9242 | S12: =+[4]안양!$L$56/1000 -> -145.48713 | T12: =+([4]안양!$H$80+[4]안양!$H$85)/1000 -> 96.234156 | U12: =+([4]안양!$I$80+[4]안양!$I$85)/1000 -> 117.01241 | V12: =+U12-T12 -> 20.778254 | W12: =+([4]안양!$L$80+[4]안양!$L$85)/1000 -> -20.778254 | Y12: =+G12-K12-O12-S12-W12 -> 3.0908609e-13 | Z12: =+Y12*1000000 -> 3.0908609e-07
D13: 인천 | E13: =+[4]인천!$H$86/1000 -> 335.03112 | F13: =+[4]인천!$I$86/1000 -> -60.530205 | G13: =+F13-E13 -> -395.56132 | H13: =+[4]인천!$T$5/1000 -> 32 | I13: =+[4]인천!$U$5/1000 -> 31.475 | J13: =+I13-H13 -> -0.525 | K13: =+[4]인천!$M$86/1000 -> -9.0199836 | L13: =+[4]인천!$Q$85 -> 103510.96 | M13: =+[4]인천!$R$85 -> 98884.465 | N13: =+M13-L13 -> -4626.4955 | O13: =+[4]인천!$K$86/1000 -> -144.76767 | P13: =+[4]인천!$Q$50 -> 90062.183 | Q13: =+[4]인천!$R$50 -> 97101.505 | R13: =+Q13-P13 -> 7039.3222 | S13: =+[4]인천!$L$56/1000 -> -220.33996 | T13: =+([4]인천!$H$80+[4]인천!$H$85)/1000 -> 95.329778 | U13: =+([4]인천!$I$80+[4]인천!$I$85)/1000 -> 116.76348 | V13: =+U13-T13 -> 21.433705 | W13: =+([4]인천!$L$80+[4]인천!$L$85)/1000 -> -21.433705 | Y13: =+G13-K13-O13-S13-W13 -> 3.1974423e-14 | Z13: =+Y13*1000000 -> 3.1974423e-08
D14: 파주 | E14: =+[4]파주!$H$86/1000 -> 89.794589 | F14: =+[4]파주!$I$86/1000 -> -96.411096 | G14: =+F14-E14 -> -186.20569 | H14: =+[4]파주!$T$5/1000 -> 21 | I14: =+[4]파주!$U$5/1000 -> 13.662 | J14: =+I14-H14 -> -7.338 | K14: =+[4]파주!$M$86/1000 -> -55.671342 | L14: =+[4]파주!$Q$85 -> 95213.511 | M14: =+[4]파주!$R$85 -> 98582.895 | N14: =+M14-L14 -> 3369.3834 | O14: =+[4]파주!$K$86/1000 -> 45.581018 | P14: =+[4]파주!$Q$50 -> 87690.821 | Q14: =+[4]파주!$R$50 -> 100722.29 | R14: =+Q14-P14 -> 13031.474 | S14: =+[4]파주!$L$56/1000 -> -176.2898 | T14: =+([4]파주!$H$80+[4]파주!$H$85)/1000 -> 68.181906 | U14: =+([4]파주!$I$80+[4]파주!$I$85)/1000 -> 68.007466 | V14: =+U14-T14 -> -0.17444062 | W14: =+([4]파주!$L$80+[4]파주!$L$85)/1000 -> 0.17444062 | Y14: =+G14-K14-O14-S14-W14 -> 1.0241807e-14 | Z14: =+Y14*1000000 -> 1.0241807e-08
D15: 김포 | E15: =+[4]김포!$H$86/1000 -> 122.15246 | F15: =+[4]김포!$I$86/1000 -> -39.531496 | G15: =+F15-E15 -> -161.68395 | H15: =+[4]김포!$T$5/1000 -> 15 | I15: =+[4]김포!$U$5/1000 -> 11.82306 | J15: =+I15-H15 -> -3.17694 | K15: =+[4]김포!$M$86/1000 -> -36.982186 | L15: =+[4]김포!$Q$85 -> 95359.8 | M15: =+[4]김포!$R$85 -> 98518.912 | N15: =+M15-L15 -> 3159.112 | O15: =+[4]김포!$K$86/1000 -> 37.350371 | P15: =+[4]김포!$Q$50 -> 83718.98 | Q15: =+[4]김포!$R$50 -> 96569.617 | R15: =+Q15-P15 -> 12850.637 | S15: =+[4]김포!$L$56/1000 -> -151.93384 | T15: =+([4]김포!$H$80+[4]김포!$H$85)/1000 -> 52.459839 | U15: =+([4]김포!$I$80+[4]김포!$I$85)/1000 -> 62.578136 | V15: =+U15-T15 -> 10.118296 | W15: =+([4]김포!$L$80+[4]김포!$L$85)/1000 -> -10.118296 | Y15: =+G15-K15-O15-S15-W15 -> 7.283063e-14 | Z15: =+Y15*1000000 -> 7.283063e-08
D16: 부산 | E16: =+[4]부산!$H$86/1000 -> 231.81377 | F16: =+[4]부산!$I$86/1000 -> 159.61886 | G16: =+F16-E16 -> -72.194902 | H16: =+[4]부산!$T$5/1000 -> 22 | I16: =+[4]부산!$U$5/1000 -> 22.261 | J16: =+I16-H16 -> 0.261 | K16: =+[4]부산!$M$86/1000 -> 3.8524641 | L16: =+[4]부산!$Q$85 -> 107699.89 | M16: =+[4]부산!$R$85 -> 109099.12 | N16: =+M16-L16 -> 1399.23 | O16: =+[4]부산!$K$86/1000 -> 31.148258 | P16: =+[4]부산!$Q$50 -> 92939.495 | Q16: =+[4]부산!$R$50 -> 96973.925 | R16: =+Q16-P16 -> 4034.4302 | S16: =+[4]부산!$L$56/1000 -> -26.889791 | T16: =+([4]부산!$H$80+[4]부산!$H$85)/1000 -> 92.915009 | U16: =+([4]부산!$I$80+[4]부산!$I$85)/1000 -> 173.22084 | V16: =+U16-T16 -> 80.305833 | W16: =+([4]부산!$L$80+[4]부산!$L$85)/1000 -> -80.305833 | Y16: =+G16-K16-O16-S16-W16 -> -1.2789769e-13 | Z16: =+Y16*1000000 -> -1.2789769e-07
D17: 서부산 | E17: =+[4]서부산!$H$86/1000 -> 266.46368 | F17: =+[4]서부산!$I$86/1000 -> 119.86852 | G17: =+F17-E17 -> -146.59516 | H17: =+[4]서부산!$T$5/1000 -> 23 | I17: =+[4]서부산!$U$5/1000 -> 19.064 | J17: =+I17-H17 -> -3.936 | K17: =+[4]서부산!$M$86/1000 -> -53.982867 | L17: =+[4]서부산!$Q$85 -> 99299.523 | M17: =+[4]서부산!$R$85 -> 104564.18 | N17: =+M17-L17 -> 5264.6558 | O17: =+[4]서부산!$K$86/1000 -> 100.3654 | P17: =+[4]서부산!$Q$50 -> 85584.364 | Q17: =+[4]서부산!$R$50 -> 94341.067 | R17: =+Q17-P17 -> 8756.7036 | S17: =+[4]서부산!$L$56/1000 -> -125.10334 | T17: =+([4]서부산!$H$80+[4]서부산!$H$85)/1000 -> 48.984986 | U17: =+([4]서부산!$I$80+[4]서부산!$I$85)/1000 -> 116.85934 | V17: =+U17-T17 -> 67.874353 | W17: =+([4]서부산!$L$80+[4]서부산!$L$85)/1000 -> -67.874353 | Y17: =+G17-K17-O17-S17-W17 -> 1.7053026e-13 | Z17: =+Y17*1000000 -> 1.7053026e-07
D18: 김해 | E18: =+[4]김해!$H$86/1000 -> 149.52483 | F18: =+[4]김해!$I$86/1000 -> -123.04865 | G18: =+F18-E18 -> -272.57348 | H18: =+[4]김해!$T$5/1000 -> 16 | I18: =+[4]김해!$U$5/1000 -> 5.707 | J18: =+I18-H18 -> -10.293 | K18: =+[4]김해!$M$86/1000 -> -128.51112 | L18: =+[4]김해!$Q$85 -> 96299.794 | M18: =+[4]김해!$R$85 -> 88695.865 | N18: =+M18-L18 -> -7603.929 | O18: =+[4]김해!$K$86/1000 -> -43.395623 | P18: =+[4]김해!$Q$50 -> 83814.501 | Q18: =+[4]김해!$R$50 -> 102646.22 | R18: =+Q18-P18 -> 18831.715 | S18: =+[4]김해!$L$56/1000 -> -104.70193 | T18: =+([4]김해!$H$80+[4]김해!$H$85)/1000 -> 50.239855 | U18: =+([4]김해!$I$80+[4]김해!$I$85)/1000 -> 46.204661 | V18: =+U18-T18 -> -4.0351941 | W18: =+([4]김해!$L$80+[4]김해!$L$85)/1000 -> 4.0351941 | Y18: =+G18-K18-O18-S18-W18 -> 7.7271523e-14 | Z18: =+Y18*1000000 -> 7.7271523e-08
D19: 정관 | E19: =+[4]정관!$H$86/1000 -> 208.30033 | F19: =+[4]정관!$I$86/1000 -> 0.431591 | G19: =+F19-E19 -> -207.86874 | H19: =+[4]정관!$T$5/1000 -> 21 | I19: =+[4]정관!$U$5/1000 -> 17.197 | J19: =+I19-H19 -> -3.803 | K19: =+[4]정관!$M$86/1000 -> -50.575143 | L19: =+[4]정관!$Q$85 -> 101999.86 | M19: =+[4]정관!$R$85 -> 98920.69 | N19: =+M19-L19 -> -3079.171 | O19: =+[4]정관!$K$86/1000 -> -52.952503 | P19: =+[4]정관!$Q$50 -> 88701.112 | Q19: =+[4]정관!$R$50 -> 94799.997 | R19: =+Q19-P19 -> 6098.8858 | S19: =+[4]정관!$L$56/1000 -> -99.164327 | T19: =+([4]정관!$H$80+[4]정관!$H$85)/1000 -> 70.973404 | U19: =+([4]정관!$I$80+[4]정관!$I$85)/1000 -> 76.150167 | V19: =+U19-T19 -> 5.1767628 | W19: =+([4]정관!$L$80+[4]정관!$L$85)/1000 -> -5.1767628 | Y19: =+G19-K19-O19-S19-W19 -> -2.3980817e-13 | Z19: =+Y19*1000000 -> -2.3980817e-07
D20: 양산 | E20: =+[4]양산!$H$86/1000 -> 115.63862 | F20: =+[4]양산!$I$86/1000 -> -104.9457 | G20: =+F20-E20 -> -220.58432 | H20: =+[4]양산!$T$5/1000 -> 13 | I20: =+[4]양산!$U$5/1000 -> 6.497 | J20: =+I20-H20 -> -6.503 | K20: =+[4]양산!$M$86/1000 -> -77.127168 | L20: =+[4]양산!$Q$85 -> 94046.25 | M20: =+[4]양산!$R$85 -> 92293.708 | N20: =+M20-L20 -> -1752.5424 | O20: =+[4]양산!$K$86/1000 -> -11.386268 | P20: =+[4]양산!$Q$50 -> 82186.006 | Q20: =+[4]양산!$R$50 -> 101673.17 | R20: =+Q20-P20 -> 19487.163 | S20: =+[4]양산!$L$56/1000 -> -126.6081 | T20: =+([4]양산!$H$80+[4]양산!$H$85)/1000 -> 38.544553 | U20: =+([4]양산!$I$80+[4]양산!$I$85)/1000 -> 44.007332 | V20: =+U20-T20 -> 5.4627789 | W20: =+([4]양산!$L$80+[4]양산!$L$85)/1000 -> -5.4627789 | Y20: =+G20-K20-O20-S20-W20 -> -1.4210855e-14 | Z20: =+Y20*1000000 -> -1.4210855e-08
D21: 창원 | E21: =+[4]창원!$H$86/1000 -> 309.29623 | F21: =+[4]창원!$I$86/1000 -> 53.035499 | G21: =+F21-E21 -> -256.26073 | H21: =+[4]창원!$T$5/1000 -> 19 | I21: =+[4]창원!$U$5/1000 -> 11.71 | J21: =+I21-H21 -> -7.29 | K21: =+[4]창원!$M$86/1000 -> -144.60755 | L21: =+[4]창원!$Q$85 -> 101837.58 | M21: =+[4]창원!$R$85 -> 93773.339 | N21: =+M21-L21 -> -8064.2453 | O21: =+[4]창원!$K$86/1000 -> -94.432313 | P21: =+[4]창원!$Q$50 -> 82001.157 | Q21: =+[4]창원!$R$50 -> 84150.392 | R21: =+Q21-P21 -> 2149.2346 | S21: =+[4]창원!$L$56/1000 -> -21.023653 | T21: =+([4]창원!$H$80+[4]창원!$H$85)/1000 -> 67.595885 | U21: =+([4]창원!$I$80+[4]창원!$I$85)/1000 -> 63.793097 | V21: =+U21-T21 -> -3.8027881 | W21: =+([4]창원!$L$80+[4]창원!$L$85)/1000 -> 3.8027881 | Y21: =+G21-K21-O21-S21-W21 -> -2.2781776e-13 | Z21: =+Y21*1000000 -> -2.2781776e-07
D22: 대구 | E22: =+[4]대구!$H$86/1000 -> 102.30373 | F22: =+[4]대구!$I$86/1000 -> -127.9319 | G22: =+F22-E22 -> -230.23563 | H22: =+[4]대구!$T$5/1000 -> 12 | I22: =+[4]대구!$U$5/1000 -> 4.07 | J22: =+I22-H22 -> -7.93 | K22: =+[4]대구!$M$86/1000 -> -102.19453 | L22: =+[4]대구!$Q$85 -> 97280.472 | M22: =+[4]대구!$R$85 -> 85228.338 | N22: =+M22-L22 -> -12052.134 | O22: =+[4]대구!$K$86/1000 -> -49.052187 | P22: =+[4]대구!$Q$50 -> 84393.394 | Q22: =+[4]대구!$R$50 -> 104642.51 | R22: =+Q22-P22 -> 20249.114 | S22: =+[4]대구!$L$56/1000 -> -82.413896 | T22: =+([4]대구!$H$80+[4]대구!$H$85)/1000 -> 52.341206 | U22: =+([4]대구!$I$80+[4]대구!$I$85)/1000 -> 48.916224 | V22: =+U22-T22 -> -3.4249822 | W22: =+([4]대구!$L$80+[4]대구!$L$85)/1000 -> 3.4249822 | Y22: =+G22-K22-O22-S22-W22 -> 2.1671553e-13 | Z22: =+Y22*1000000 -> 2.1671553e-07
D23: 울산 | E23: =+[4]울산!$H$86/1000 -> 117.75726 | F23: =+[4]울산!$I$86/1000 -> 66.511149 | G23: =+F23-E23 -> -51.246106 | H23: =+[4]울산!$T$5/1000 -> 12.5 | I23: =+[4]울산!$U$5/1000 -> 13.221 | J23: =+I23-H23 -> 0.721 | K23: =+[4]울산!$M$86/1000 -> 9.7085533 | L23: =+[4]울산!$Q$85 -> 103832.2 | M23: =+[4]울산!$R$85 -> 104586.36 | N23: =+M23-L23 -> 754.15807 | O23: =+[4]울산!$K$86/1000 -> 9.9707238 | P23: =+[4]울산!$Q$50 -> 90366.8 | Q23: =+[4]울산!$R$50 -> 96393.684 | R23: =+Q23-P23 -> 6026.884 | S23: =+[4]울산!$L$56/1000 -> -79.687834 | T23: =+([4]울산!$H$80+[4]울산!$H$85)/1000 -> 50.560244 | U23: =+([4]울산!$I$80+[4]울산!$I$85)/1000 -> 41.797793 | V23: =+U23-T23 -> -8.7624505 | W23: =+([4]울산!$L$80+[4]울산!$L$85)/1000 -> 8.7624505 | Y23: =+G23-K23-O23-S23-W23 -> 2.8421709e-14 | Z23: =+Y23*1000000 -> 2.8421709e-08
D24: 아산 | E24: =+[4]아산!$H$86/1000 -> 333.50742 | F24: =+[4]아산!$I$86/1000 -> 68.806506 | G24: =+F24-E24 -> -264.70091 | H24: =+[4]아산!$T$5/1000 -> 25 | I24: =+[4]아산!$U$5/1000 -> 18.784 | J24: =+I24-H24 -> -6.216 | K24: =+[4]아산!$M$86/1000 -> -100.32709 | L24: =+[4]아산!$Q$85 -> 103000 | M24: =+[4]아산!$R$85 -> 103805.7 | N24: =+M24-L24 -> 805.70289 | O24: =+[4]아산!$K$86/1000 -> 15.134323 | P24: =+[4]아산!$Q$50 -> 86859.863 | Q24: =+[4]아산!$R$50 -> 95830.722 | R24: =+Q24-P24 -> 8970.8588 | S24: =+[4]아산!$L$56/1000 -> -168.40041 | T24: =+([4]아산!$H$80+[4]아산!$H$85)/1000 -> 69.99601 | U24: =+([4]아산!$I$80+[4]아산!$I$85)/1000 -> 81.103746 | V24: =+U24-T24 -> 11.107736 | W24: =+([4]아산!$L$80+[4]아산!$L$85)/1000 -> -11.107736 | Y24: =+G24-K24-O24-S24-W24 -> 1.2612134e-13 | Z24: =+Y24*1000000 -> 1.2612134e-07
D25: 전주 | E25: =+[4]전주!$H$86/1000 -> 158.26084 | F25: =+[4]전주!$I$86/1000 -> 24.639246 | G25: =+F25-E25 -> -133.6216 | H25: =+[4]전주!$T$5/1000 -> 11 | I25: =+[4]전주!$U$5/1000 -> 10.639 | J25: =+I25-H25 -> -0.361 | K25: =+[4]전주!$M$86/1000 -> -6.8469853 | L25: =+[4]전주!$Q$85 -> 101097.65 | M25: =+[4]전주!$R$85 -> 101942.13 | N25: =+M25-L25 -> 844.47498 | O25: =+[4]전주!$K$86/1000 -> 8.9843693 | P25: =+[4]전주!$Q$50 -> 82130.936 | Q25: =+[4]전주!$R$50 -> 94528.75 | R25: =+Q25-P25 -> 12397.814 | S25: =+[4]전주!$L$56/1000 -> -131.90035 | T25: =+([4]전주!$H$80+[4]전주!$H$85)/1000 -> 50.373058 | U25: =+([4]전주!$I$80+[4]전주!$I$85)/1000 -> 54.23169 | V25: =+U25-T25 -> 3.8586324 | W25: =+([4]전주!$L$80+[4]전주!$L$85)/1000 -> -3.8586324 | Y25: =+G25-K25-O25-S25-W25 -> -4.5297099e-14 | Z25: =+Y25*1000000 -> -4.5297099e-08
D26: 군산 | E26: =+[4]군산!$H$86/1000 -> 198.94578 | F26: =+[4]군산!$I$86/1000 -> 36.294072 | G26: =+F26-E26 -> -162.65171 | H26: =+[4]군산!$T$5/1000 -> 7.5 | I26: =+[4]군산!$U$5/1000 -> 3.546 | J26: =+I26-H26 -> -3.954 | K26: =+[4]군산!$M$86/1000 -> -116.82355 | L26: =+[4]군산!$Q$85 -> 111100.21 | M26: =+[4]군산!$R$85 -> 111557.6 | N26: =+M26-L26 -> 457.38819 | O26: =+[4]군산!$K$86/1000 -> 1.6218985 | P26: =+[4]군산!$Q$50 -> 81554.55 | Q26: =+[4]군산!$R$50 -> 94811.511 | R26: =+Q26-P26 -> 13256.961 | S26: =+[4]군산!$L$56/1000 -> -47.009184 | T26: =+([4]군산!$H$80+[4]군산!$H$85)/1000 -> 22.646696 | U26: =+([4]군산!$I$80+[4]군산!$I$85)/1000 -> 23.087566 | V26: =+U26-T26 -> 0.44086988 | W26: =+([4]군산!$L$80+[4]군산!$L$85)/1000 -> -0.44086988 | Y26: =+G26-K26-O26-S26-W26 -> -3.4028336e-14 | Z26: =+Y26*1000000 -> -3.4028336e-08
D27: 원주 | E27: =+[4]원주!$H$86/1000 -> 60.992161 | F27: =+[4]원주!$I$86/1000 -> 1.329257 | G27: =+F27-E27 -> -59.662904 | H27: =+[4]원주!$T$5/1000 -> 4 | I27: =+[4]원주!$U$5/1000 -> 3.0675 | J27: =+I27-H27 -> -0.9325 | K27: =+[4]원주!$M$86/1000 -> -18.52436 | L27: =+[4]원주!$Q$85 -> 112000 | M27: =+[4]원주!$R$85 -> 119466.75 | N27: =+M27-L27 -> 7466.754 | O27: =+[4]원주!$K$86/1000 -> 22.8072 | P27: =+[4]원주!$Q$50 -> 92377.62 | Q27: =+[4]원주!$R$50 -> 112903.05 | R27: =+Q27-P27 -> 20525.431 | S27: =+[4]원주!$L$56/1000 -> -62.694926 | T27: =+([4]원주!$H$80+[4]원주!$H$85)/1000 -> 17.497358 | U27: =+([4]원주!$I$80+[4]원주!$I$85)/1000 -> 18.748176 | V27: =+U27-T27 -> 1.2508183 | W27: =+([4]원주!$L$80+[4]원주!$L$85)/1000 -> -1.2508183 | Y27: =+G27-K27-O27-S27-W27 -> -4.9515947e-14 | Z27: =+Y27*1000000 -> -4.9515947e-08
D28: 제주 | E28: =+[4]제주!$H$86/1000 -> 226.38407 | F28: =+[4]제주!$I$86/1000 -> 42.520962 | G28: =+F28-E28 -> -183.86311 | H28: =+[4]제주!$T$5/1000 -> 10 | I28: =+[4]제주!$U$5/1000 -> 4.5195 | J28: =+I28-H28 -> -5.4805 | K28: =+[4]제주!$M$86/1000 -> -139.81533 | L28: =+[4]제주!$Q$85 -> 122948.9 | M28: =+[4]제주!$R$85 -> 127942.33 | N28: =+M28-L28 -> 4993.4255 | O28: =+[4]제주!$K$86/1000 -> 22.427971 | P28: =+[4]제주!$Q$50 -> 97567.158 | Q28: =+[4]제주!$R$50 -> 111850.7 | R28: =+Q28-P28 -> 14283.542 | S28: =+[4]제주!$L$56/1000 -> -64.154534 | T28: =+([4]제주!$H$80+[4]제주!$H$85)/1000 -> 27.433347 | U28: =+([4]제주!$I$80+[4]제주!$I$85)/1000 -> 29.754569 | V28: =+U28-T28 -> 2.3212223 | W28: =+([4]제주!$L$80+[4]제주!$L$85)/1000 -> -2.3212223 | Y28: =+G28-K28-O28-S28-W28 -> -1.0569323e-13 | Z28: =+Y28*1000000 -> -1.0569323e-07
Y35: · 집합대손 2.2억 // 개별대손 3억(삼정이앤시) → 안양 2.9억, 양산 0.1억

Sheet 공헌이익
D4: □ 레미콘 단위당 공헌이익(2025-12)
V5: [단위 : 원/㎥]
A6: 2024년 12월 마감 손익 | D6: 구분 | E6: 판매단가 | H6: 재료비 | K6: 운반비 | N6: 유류비 | Q6: 변동비 계 | T6: 공헌이익
E7: 계획 | F7: 실적 | G7: 차이 | H7: 계획 | I7: 실적 | J7: 차이 | K7: 계획 | L7: 실적 | M7: 차이 | N7: 계획 | O7: 실적 | P7: 차이 | Q7: 계획 | R7: 실적 | S7: 차이 | T7: 계획 | U7: 실적 | V7: 차이
D8: 평균 | E8: =+[4]합계!$Q$85 -> 102135.09 | F8: =+[4]합계!$R$85 -> 101721.48 | G8: =+F8-E8 -> -413.60533 | H8: =+[4]합계!$Q$20 -> 61571.161 | I8: =+[4]합계!$R$20 -> 65288.308 | J8: =+I8-H8 -> 3717.1472 | K8: =+[4]합계!$Q$21 -> 18784.12 | L8: =+[4]합계!$R$21 -> 20400.349 | M8: =+L8-K8 -> 1616.2292 | N8: =+[4]합계!$Q$22 -> 274.55738 | O8: =+[4]합계!$R$22 -> 321.86038 | P8: =+O8-N8 -> 47.302999 | Q8: =H8+K8+N8 -> 80629.838 | R8: =I8+L8+O8 -> 86010.518 | S8: =+R8-Q8 -> 5380.6794 | T8: =+E8-Q8 -> 21505.247 | U8: =+F8-R8 -> 15710.962 | V8: =+U8-T8 -> -5794.2848
D9: 수도권 | E9: =+[4]수도권!$Q$85 -> 100867.18 | F9: =+[4]수도권!$R$85 -> 99894.501 | G9: =+F9-E9 -> -972.6754 | H9: =+[4]수도권!$Q$20 -> 63043.392 | I9: =+[4]수도권!$R$20 -> 66880.203 | J9: =+I9-H9 -> 3836.8107 | K9: =+[4]수도권!$Q$21 -> 18537.8 | L9: =+[4]수도권!$R$21 -> 20128.511 | M9: =+L9-K9 -> 1590.7116 | N9: =+[4]수도권!$Q$22 -> 370.91743 | O9: =+[4]수도권!$R$22 -> 395.27009 | P9: =+O9-N9 -> 24.352654 | Q9: =H9+K9+N9 -> 81952.109 | R9: =I9+L9+O9 -> 87403.984 | S9: =+R9-Q9 -> 5451.875 | T9: =+E9-Q9 -> 18915.067 | U9: =+F9-R9 -> 12490.517 | V9: =+U9-T9 -> -6424.5504
